	segment_id	sig_max	major_cn	minor_cn	N1	N2	N3	N4	N5	N8	N6	N7
0	chr10:100877001-104303000	SBS1	1	0	1	0	0	0	0	0	0	0
1	chr10:100877001-104303000	SBS3	1	0	9	0	0	0	0	0	0	0
2	chr10:104357001-108217266	SBS100	2	0	0	1	0	0	0	0	0	0
3	chr10:104357001-108217266	SBS3	2	0	2	7	0	0	0	0	0	0
4	chr10:1084001-3037000	SBS1	3	2	0	0	2	0	0	0	0	0
5	chr10:1084001-3037000	SBS3	3	2	0	1	7	0	0	0	0	0
6	chr10:108586089-108817759	SBS3	3	0	0	0	2	0	0	0	0	0
7	chr10:108823933-109847000	SBS3	3	0	1	0	5	0	0	0	0	0
8	chr10:109847001-110312000	SBS3	2	0	2	0	0	0	0	0	0	0
9	chr10:110312001-110816000	SBS3	2	0	0	1	0	0	0	0	0	0
10	chr10:11099001-11465000	SBS3	2	2	0	3	0	0	0	0	0	0
11	chr10:111019001-112114000	SBS3	3	0	1	0	1	0	0	0	0	0
12	chr10:112114001-114985000	SBS3	2	0	1	1	0	0	0	0	0	0
13	chr10:114985001-117273000	SBS100	3	0	0	1	0	0	0	0	0	0
14	chr10:114985001-117273000	SBS3	3	0	0	3	3	0	0	0	0	0
15	chr10:11615001-12361000	SBS3	2	1	0	3	0	0	0	0	0	0
16	chr10:117379001-118687000	SBS3	3	0	0	1	1	0	0	0	0	0
17	chr10:118903001-119947027	SBS1	2	0	1	0	0	0	0	0	0	0
18	chr10:118903001-119947027	SBS3	2	0	2	5	0	0	0	0	0	0
19	chr10:119947028-120809000	SBS1	4	3	0	0	0	1	0	0	0	0
20	chr10:119947028-120809000	SBS3	4	3	0	0	0	3	0	0	0	0
21	chr10:120809001-122509000	SBS3	3	2	0	0	2	0	0	0	0	0
22	chr10:122509001-124388000	SBS3	4	3	0	0	3	11	0	0	0	0
23	chr10:12361001-13088000	SBS3	2	2	0	4	0	0	0	0	0	0
24	chr10:124618501-124769000	SBS3	3	1	0	0	1	0	0	0	0	0
25	chr10:124769001-127421000	SBS1	3	3	0	0	1	0	0	0	0	0
26	chr10:124769001-127421000	SBS100	3	3	0	0	2	0	0	0	0	0
27	chr10:124769001-127421000	SBS3	3	3	0	1	9	0	0	0	0	0
28	chr10:127421001-127871000	SBS100	4	3	0	0	1	0	0	0	0	0
29	chr10:127421001-127871000	SBS3	4	3	0	0	2	2	0	0	0	0
30	chr10:128217001-128856000	SBS3	4	3	0	0	0	6	0	0	0	0
31	chr10:128856001-130106000	SBS1	3	3	0	0	2	0	0	0	0	0
32	chr10:128856001-130106000	SBS3	3	3	0	1	8	0	0	0	0	0
33	chr10:130195001-130924000	SBS3	4	3	0	0	1	4	0	0	0	0
34	chr10:13088001-13582000	SBS3	2	1	0	1	0	0	0	0	0	0
35	chr10:130924001-131896000	SBS1	4	4	0	0	0	2	0	0	0	0
36	chr10:130924001-131896000	SBS3	4	4	0	0	0	7	0	0	0	0
37	chr10:131896001-132024000	SBS3	3	2	0	0	1	0	0	0	0	0
38	chr10:132024001-132345903	SBS1	4	3	0	0	0	1	0	0	0	0
39	chr10:132627948-132628147	SBS3	5	4	0	0	0	0	1	0	0	0
40	chr10:132628148-133797422	SBS100	4	3	0	0	0	1	0	0	0	0
41	chr10:132628148-133797422	SBS3	4	3	0	0	1	6	0	0	0	0
42	chr10:13797001-14498000	SBS1	2	2	0	1	0	0	0	0	0	0
43	chr10:13797001-14498000	SBS3	2	2	3	4	0	0	0	0	0	0
44	chr10:14498001-15388000	SBS3	2	1	0	1	0	0	0	0	0	0
45	chr10:15388001-15776000	SBS3	2	2	0	4	0	0	0	0	0	0
46	chr10:15910001-16422000	SBS3	3	2	0	0	6	0	0	0	0	0
47	chr10:16422001-16813000	SBS3	2	2	0	2	0	0	0	0	0	0
48	chr10:17245001-17759000	SBS3	2	1	0	1	0	0	0	0	0	0
49	chr10:17759001-18553000	SBS3	2	2	0	2	0	0	0	0	0	0
50	chr10:18553001-18573000	SBS3	5	5	0	1	0	3	1	0	0	0
51	chr10:18573001-18683000	SBS3	2	1	1	0	0	0	0	0	0	0
52	chr10:18683001-19808000	SBS100	2	2	0	1	0	0	0	0	0	0
53	chr10:18683001-19808000	SBS3	2	2	0	9	0	0	0	0	0	0
54	chr10:19808001-20302000	SBS1	2	1	1	0	0	0	0	0	0	0
55	chr10:19808001-20302000	SBS3	2	1	0	2	0	0	0	0	0	0
56	chr10:20302001-20556000	SBS3	2	2	0	1	0	0	0	0	0	0
57	chr10:21537001-22613000	SBS3	2	1	1	2	0	0	0	0	0	0
58	chr10:22613001-22724000	SBS3	1	1	1	0	0	0	0	0	0	0
59	chr10:22724001-24190000	SBS100	2	2	0	1	0	0	0	0	0	0
60	chr10:22724001-24190000	SBS3	2	2	1	8	0	0	0	0	0	0
61	chr10:24190001-24846000	SBS3	2	1	1	1	0	0	0	0	0	0
62	chr10:24846001-25041308	SBS3	2	1	0	1	0	0	0	0	0	0
63	chr10:25041309-26713000	SBS100	2	0	1	0	0	0	0	0	0	0
64	chr10:25041309-26713000	SBS3	2	0	1	4	0	0	0	0	0	0
65	chr10:27576001-28169000	SBS3	2	0	1	1	0	0	0	0	0	0
66	chr10:28465001-31270000	SBS1	2	1	1	0	0	0	0	0	0	0
67	chr10:28465001-31270000	SBS100	2	1	0	1	0	0	0	0	0	0
68	chr10:28465001-31270000	SBS3	2	1	1	7	0	0	0	0	0	0
69	chr10:3037001-3790489	SBS100	2	1	1	0	0	0	0	0	0	0
70	chr10:31270001-31700000	SBS100	1	0	1	0	0	0	0	0	0	0
71	chr10:31270001-31700000	SBS3	1	0	1	0	0	0	0	0	0	0
72	chr10:31700001-31906000	SBS100	2	1	0	1	0	0	0	0	0	0
73	chr10:31700001-31906000	SBS3	2	1	0	1	0	0	0	0	0	0
74	chr10:32381001-32881000	SBS3	4	2	0	0	1	1	0	0	0	0
75	chr10:33131001-34160000	SBS3	4	2	0	1	0	5	0	0	0	0
76	chr10:34376959-35567000	SBS3	3	1	0	0	3	0	0	0	0	0
77	chr10:35567001-37098584	SBS3	4	2	0	0	3	6	0	0	0	0
78	chr10:37098585-37733000	SBS1	2	2	1	0	0	0	0	0	0	0
79	chr10:37098585-37733000	SBS3	2	2	0	6	0	0	0	0	0	0
80	chr10:37753001-38913000	SBS1	2	0	2	0	0	0	0	0	0	0
81	chr10:37753001-38913000	SBS3	2	0	5	4	0	0	0	0	0	0
82	chr10:3808545-4722419	SBS3	2	1	1	4	0	0	0	0	0	0
83	chr10:38913001-39262000	SBS3	3	2	2	1	3	0	0	0	0	0
84	chr10:39262001-40640101	SBS3	3	0	1	1	0	0	0	0	0	0
85	chr10:40640102-41909990	SBS3	5	2	1	5	0	0	1	0	0	0
86	chr10:41909991-43104000	SBS3	2	2	0	8	0	0	0	0	0	0
87	chr10:43465001-44932000	SBS3	2	2	0	4	0	0	0	0	0	0
88	chr10:45232001-48303000	SBS3	2	1	1	2	0	0	0	0	0	0
89	chr10:48303001-48543000	SBS3	1	1	1	0	0	0	0	0	0	0
90	chr10:48543001-50312000	SBS3	2	2	0	10	0	0	0	0	0	0
91	chr10:50312001-50764500	SBS3	1	1	1	0	0	0	0	0	0	0
92	chr10:50764501-52258000	SBS3	2	1	0	3	0	0	0	0	0	0
93	chr10:52494001-57984000	SBS1	2	2	0	1	0	0	0	0	0	0
94	chr10:52494001-57984000	SBS3	2	2	1	20	0	0	0	0	0	0
95	chr10:5403001-6212000	SBS3	2	1	0	3	0	0	0	0	0	0
96	chr10:57984001-58983000	SBS3	2	1	0	2	0	0	0	0	0	0
97	chr10:58983001-59793000	SBS3	2	2	0	5	0	0	0	0	0	0
98	chr10:59793001-59911000	SBS3	2	0	0	1	0	0	0	0	0	0
99	chr10:59911001-61732000	SBS1	2	1	1	2	0	0	0	0	0	0
100	chr10:59911001-61732000	SBS100	2	1	1	0	0	0	0	0	0	0
101	chr10:59911001-61732000	SBS3	2	1	6	2	0	0	0	0	0	0
102	chr10:6212001-6885000	SBS100	2	2	0	1	0	0	0	0	0	0
103	chr10:6212001-6885000	SBS3	2	2	0	4	0	0	0	0	0	0
104	chr10:62273001-63197000	SBS3	2	1	1	4	0	0	0	0	0	0
105	chr10:63724001-67656000	SBS3	2	2	1	11	0	0	0	0	0	0
106	chr10:67656001-69315000	SBS3	2	1	0	3	0	0	0	0	0	0
107	chr10:6885001-7526000	SBS3	2	1	1	1	0	0	0	0	0	0
108	chr10:69510501-70114000	SBS3	2	1	1	1	0	0	0	0	0	0
109	chr10:70236001-71414000	SBS3	2	1	0	5	0	0	0	0	0	0
110	chr10:71414001-72241000	SBS3	3	1	0	0	2	0	0	0	0	0
111	chr10:72358001-73277472	SBS3	3	1	0	1	2	0	0	0	0	0
112	chr10:73277473-75238500	SBS1	1	0	2	0	0	0	0	0	0	0
113	chr10:73277473-75238500	SBS100	1	0	1	0	0	0	0	0	0	0
114	chr10:73277473-75238500	SBS3	1	0	6	0	0	0	0	0	0	0
115	chr10:75238501-78543000	SBS1	2	0	0	1	0	0	0	0	0	0
116	chr10:75238501-78543000	SBS100	2	0	1	0	0	0	0	0	0	0
117	chr10:75238501-78543000	SBS3	2	0	1	2	0	0	0	0	0	0
118	chr10:7526001-7736000	SBS3	2	2	0	3	0	0	0	0	0	0
119	chr10:7736001-8490000	SBS3	2	1	1	1	0	0	0	0	0	0
120	chr10:78543001-80442000	SBS1	1	0	1	0	0	0	0	0	0	0
121	chr10:78543001-80442000	SBS3	1	0	3	0	0	0	0	0	0	0
122	chr10:80543501-84296000	SBS3	2	0	0	4	0	0	0	0	0	0
123	chr10:84543001-86396000	SBS3	2	0	1	6	0	0	0	0	0	0
124	chr10:8490001-9333000	SBS3	2	2	0	4	0	0	0	0	0	0
125	chr10:86396001-88808000	SBS3	1	0	7	0	0	0	0	0	0	0
126	chr10:88808001-89429000	SBS3	1	0	2	0	0	0	0	0	0	0
127	chr10:89870001-90855000	SBS3	2	0	3	2	0	0	0	0	0	0
128	chr10:90855001-93039000	SBS3	1	0	1	0	0	0	0	0	0	0
129	chr10:93039001-93375000	SBS3	2	0	1	0	0	0	0	0	0	0
130	chr10:9333001-11099000	SBS1	2	2	0	1	0	0	0	0	0	0
131	chr10:9333001-11099000	SBS3	2	2	1	12	0	0	0	0	0	0
132	chr10:93512001-94643000	SBS3	2	0	0	1	0	0	0	0	0	0
133	chr10:94643001-95181000	SBS3	2	0	0	3	0	0	0	0	0	0
134	chr10:95181001-95912000	SBS3	1	0	4	0	0	0	0	0	0	0
135	chr10:95912001-96513500	SBS3	2	0	0	1	0	0	0	0	0	0
136	chr10:96513501-96989000	SBS3	1	0	3	0	0	0	0	0	0	0
137	chr10:97206001-97801000	SBS1	1	0	1	0	0	0	0	0	0	0
138	chr10:97206001-97801000	SBS3	1	0	3	0	0	0	0	0	0	0
139	chr10:99605001-100568000	SBS3	2	0	1	0	0	0	0	0	0	0
140	chr11:1-3706000	SBS1	2	0	1	0	0	0	0	0	0	0
141	chr11:1-3706000	SBS3	2	0	10	4	0	0	0	0	0	0
142	chr11:101058001-102267000	SBS1	2	0	0	1	0	0	0	0	0	0
143	chr11:101058001-102267000	SBS3	2	0	1	2	0	0	0	0	0	0
144	chr11:102267001-102625000	SBS3	1	0	2	0	0	0	0	0	0	0
145	chr11:102625001-104402000	SBS3	2	0	0	4	0	0	0	0	0	0
146	chr11:104402001-105192000	SBS3	2	0	0	1	0	0	0	0	0	0
147	chr11:105192001-106000000	SBS1	2	0	0	1	0	0	0	0	0	0
148	chr11:106101001-107372000	SBS3	3	0	0	0	4	0	0	0	0	0
149	chr11:107597001-107911000	SBS1	2	0	1	0	0	0	0	0	0	0
150	chr11:107597001-107911000	SBS3	2	0	1	3	0	0	0	0	0	0
151	chr11:107911001-108971000	SBS3	2	0	0	2	0	0	0	0	0	0
152	chr11:108971001-110085000	SBS3	2	0	4	1	0	0	0	0	0	0
153	chr11:10937001-11835000	SBS3	2	0	1	1	0	0	0	0	0	0
154	chr11:110481001-111264000	SBS3	2	0	1	3	0	0	0	0	0	0
155	chr11:111264001-112296000	SBS3	2	0	0	2	0	0	0	0	0	0
156	chr11:112296001-114393000	SBS3	2	0	6	0	0	0	0	0	0	0
157	chr11:114445001-115164000	SBS3	2	0	1	1	0	0	0	0	0	0
158	chr11:115164001-115786000	SBS3	2	0	0	1	0	0	0	0	0	0
159	chr11:117407111-117797000	SBS3	3	0	0	1	1	0	0	0	0	0
160	chr11:118375558-119384000	SBS3	2	0	1	3	0	0	0	0	0	0
161	chr11:119384001-121233000	SBS3	2	0	1	1	0	0	0	0	0	0
162	chr11:121679001-122626000	SBS3	2	0	2	2	0	0	0	0	0	0
163	chr11:122626001-123582000	SBS1	2	0	0	1	0	0	0	0	0	0
164	chr11:122626001-123582000	SBS3	2	0	0	1	0	0	0	0	0	0
165	chr11:12289001-14917000	SBS3	1	0	6	0	0	0	0	0	0	0
166	chr11:123582001-124477000	SBS3	3	0	1	0	0	0	0	0	0	0
167	chr11:124477001-126210000	SBS3	2	0	1	1	0	0	0	0	0	0
168	chr11:126488001-127023000	SBS3	2	0	1	0	0	0	0	0	0	0
169	chr11:127023001-128022000	SBS3	3	0	0	6	0	0	0	0	0	0
170	chr11:128022001-128868500	SBS3	2	0	1	2	0	0	0	0	0	0
171	chr11:130918001-135086622	SBS1	3	0	0	1	1	0	0	0	0	0
172	chr11:130918001-135086622	SBS100	3	0	0	2	0	0	0	0	0	0
173	chr11:130918001-135086622	SBS3	3	0	4	6	9	0	0	0	0	0
174	chr11:14917001-15595000	SBS3	2	0	0	2	0	0	0	0	0	0
175	chr11:15595001-16734000	SBS3	2	0	0	4	0	0	0	0	0	0
176	chr11:17356001-17796000	SBS3	2	0	1	1	0	0	0	0	0	0
177	chr11:17796001-18323628	SBS3	2	0	0	2	0	0	0	0	0	0
178	chr11:18791501-19046000	SBS3	3	2	0	0	1	0	0	0	0	0
179	chr11:20518001-22618000	SBS1	2	2	0	1	0	0	0	0	0	0
180	chr11:20518001-22618000	SBS3	2	2	0	13	0	0	0	0	0	0
181	chr11:22927001-27292000	SBS1	2	2	1	1	0	0	0	0	0	0
182	chr11:22927001-27292000	SBS3	2	2	2	20	0	0	0	0	0	0
183	chr11:27514001-28006000	SBS3	2	2	0	4	0	0	0	0	0	0
184	chr11:28338001-29179903	SBS3	2	2	0	4	0	0	0	0	0	0
185	chr11:29180505-30012545	SBS3	2	2	1	7	0	0	0	0	0	0
186	chr11:30013789-30319000	SBS3	2	2	0	3	0	0	0	0	0	0
187	chr11:30349001-31376000	SBS100	2	2	0	1	0	0	0	0	0	0
188	chr11:30349001-31376000	SBS3	2	2	0	11	0	0	0	0	0	0
189	chr11:31376001-31824000	SBS3	2	1	0	1	0	0	0	0	0	0
190	chr11:31824001-32776000	SBS3	2	2	0	3	0	0	0	0	0	0
191	chr11:32776001-33396000	SBS3	2	1	0	3	0	0	0	0	0	0
192	chr11:33396001-33686000	SBS3	2	2	0	2	0	0	0	0	0	0
193	chr11:33750001-34044000	SBS3	2	1	0	1	0	0	0	0	0	0
194	chr11:34044001-34885000	SBS3	2	1	0	1	0	0	0	0	0	0
195	chr11:35407001-36347000	SBS1	2	1	0	1	0	0	0	0	0	0
196	chr11:35407001-36347000	SBS3	2	1	3	3	0	0	0	0	0	0
197	chr11:36514001-43265000	SBS1	2	2	0	1	0	0	0	0	0	0
198	chr11:36514001-43265000	SBS3	2	2	0	35	0	0	0	0	0	0
199	chr11:4137001-6194000	SBS1	2	0	1	0	0	0	0	0	0	0
200	chr11:4137001-6194000	SBS100	2	0	1	1	0	0	0	0	0	0
201	chr11:4137001-6194000	SBS3	2	0	2	4	0	0	0	0	0	0
202	chr11:43265001-44257000	SBS3	2	1	1	1	0	0	0	0	0	0
203	chr11:44303310-44550000	SBS100	2	2	0	1	0	0	0	0	0	0
204	chr11:44628001-45415000	SBS3	2	1	2	1	0	0	0	0	0	0
205	chr11:45415001-45795000	SBS3	2	2	0	2	0	0	0	0	0	0
206	chr11:45795001-47842000	SBS1	2	1	0	1	0	0	0	0	0	0
207	chr11:45795001-47842000	SBS100	2	1	0	1	0	0	0	0	0	0
208	chr11:45795001-47842000	SBS3	2	1	2	3	0	0	0	0	0	0
209	chr11:48174001-52751710	SBS1	3	2	0	0	3	0	0	0	0	0
210	chr11:48174001-52751710	SBS3	3	2	3	11	15	0	0	0	0	0
211	chr11:52751711-56708000	SBS1	3	2	0	2	1	0	0	0	0	0
212	chr11:52751711-56708000	SBS3	3	2	1	7	17	0	0	0	0	0
213	chr11:56708001-57636000	SBS3	2	2	0	2	0	0	0	0	0	0
214	chr11:57837001-58494000	SBS3	2	2	0	2	0	0	0	0	0	0
215	chr11:58494001-59293000	SBS3	2	1	0	1	0	0	0	0	0	0
216	chr11:59293001-60904000	SBS100	2	2	1	1	0	0	0	0	0	0
217	chr11:59293001-60904000	SBS3	2	2	2	1	0	0	0	0	0	0
218	chr11:61083001-62935000	SBS100	2	2	0	1	0	0	0	0	0	0
219	chr11:61083001-62935000	SBS3	2	2	0	3	0	0	0	0	0	0
220	chr11:6194001-6759000	SBS3	1	0	4	0	0	0	0	0	0	0
221	chr11:62935001-63478000	SBS3	3	3	0	0	5	0	0	0	0	0
222	chr11:63593001-63684000	SBS3	3	0	1	0	0	0	0	0	0	0
223	chr11:63933548-64379000	SBS100	3	1	0	0	1	0	0	0	0	0
224	chr11:64379001-64682352	SBS3	4	2	0	1	0	1	0	0	0	0
225	chr11:64682353-65416000	SBS3	2	1	0	2	0	0	0	0	0	0
226	chr11:65512001-68607000	SBS3	2	1	1	7	0	0	0	0	0	0
227	chr11:6759001-7468000	SBS3	2	0	1	0	0	0	0	0	0	0
228	chr11:68607001-71927000	SBS1	2	1	0	1	0	0	0	0	0	0
229	chr11:68607001-71927000	SBS3	2	1	2	6	0	0	0	0	0	0
230	chr11:71927001-72170977	SBS3	2	0	1	0	0	0	0	0	0	0
231	chr11:72170978-73790000	SBS3	2	0	2	0	0	0	0	0	0	0
232	chr11:73790001-75527895	SBS3	2	1	1	1	0	0	0	0	0	0
233	chr11:7468001-7675000	SBS3	1	0	3	0	0	0	0	0	0	0
234	chr11:75527937-77316000	SBS100	2	1	0	1	0	0	0	0	0	0
235	chr11:75527937-77316000	SBS3	2	1	0	4	0	0	0	0	0	0
236	chr11:7675001-8603000	SBS3	2	0	1	1	0	0	0	0	0	0
237	chr11:77480001-77991000	SBS3	2	1	0	1	0	0	0	0	0	0
238	chr11:77991001-78619000	SBS3	2	0	1	0	0	0	0	0	0	0
239	chr11:78619001-78702000	SBS1	2	1	1	0	0	0	0	0	0	0
240	chr11:78702001-78882000	SBS3	3	1	0	1	2	0	0	0	0	0
241	chr11:78882001-79249000	SBS3	2	0	0	1	0	0	0	0	0	0
242	chr11:79249001-79719171	SBS3	3	1	0	1	1	0	0	0	0	0
243	chr11:79719172-81381000	SBS3	2	0	3	3	0	0	0	0	0	0
244	chr11:81381001-81558000	SBS3	3	1	0	0	2	0	0	0	0	0
245	chr11:81558001-82329737	SBS3	2	0	0	1	0	0	0	0	0	0
246	chr11:82329742-82674000	SBS3	3	0	0	0	1	0	0	0	0	0
247	chr11:82674001-83274000	SBS3	2	0	1	2	0	0	0	0	0	0
248	chr11:83319001-85590000	SBS100	2	0	2	0	0	0	0	0	0	0
249	chr11:83319001-85590000	SBS3	2	0	7	5	0	0	0	0	0	0
250	chr11:85590001-86305000	SBS3	1	0	1	0	0	0	0	0	0	0
251	chr11:8603001-10937000	SBS3	1	0	4	0	0	0	0	0	0	0
252	chr11:86305001-87357000	SBS3	2	0	2	2	0	0	0	0	0	0
253	chr11:87357001-88276000	SBS3	2	0	0	1	0	0	0	0	0	0
254	chr11:88897001-90255000	SBS3	2	1	1	1	0	0	0	0	0	0
255	chr11:90255001-93377000	SBS1	3	1	0	1	0	0	0	0	0	0
256	chr11:90255001-93377000	SBS3	3	1	1	6	8	0	0	0	0	0
257	chr11:93377001-95064000	SBS3	2	1	0	2	0	0	0	0	0	0
258	chr11:95064001-96033000	SBS1	2	0	0	1	0	0	0	0	0	0
259	chr11:95064001-96033000	SBS3	2	0	1	1	0	0	0	0	0	0
260	chr11:96033001-96346500	SBS3	1	0	1	0	0	0	0	0	0	0
261	chr11:96346501-96754000	SBS3	2	1	1	3	0	0	0	0	0	0
262	chr11:96754001-100534000	SBS3	2	0	5	7	0	0	0	0	0	0
263	chr12:1-271000	SBS3	2	1	1	1	0	0	0	0	0	0
264	chr12:100352001-101587000	SBS3	2	0	0	1	0	0	0	0	0	0
265	chr12:101587001-102200000	SBS3	1	0	1	0	0	0	0	0	0	0
266	chr12:102200001-103740000	SBS3	2	0	1	4	0	0	0	0	0	0
267	chr12:103740001-105291412	SBS3	1	0	4	0	0	0	0	0	0	0
268	chr12:105397001-106080000	SBS3	2	0	2	3	0	0	0	0	0	0
269	chr12:106080001-107113000	SBS100	2	0	1	0	0	0	0	0	0	0
270	chr12:106080001-107113000	SBS3	2	0	1	3	0	0	0	0	0	0
271	chr12:107113001-107311387	SBS3	2	0	0	2	0	0	0	0	0	0
272	chr12:108862001-109815000	SBS3	2	0	0	1	0	0	0	0	0	0
273	chr12:110828001-111349000	SBS3	3	0	0	1	1	0	0	0	0	0
274	chr12:111349001-112504000	SBS3	2	0	3	3	0	0	0	0	0	0
275	chr12:113363001-115953000	SBS3	2	0	4	4	0	0	0	0	0	0
276	chr12:116289001-117215000	SBS1	2	0	0	2	0	0	0	0	0	0
277	chr12:116289001-117215000	SBS3	2	0	0	2	0	0	0	0	0	0
278	chr12:117215001-118012000	SBS3	2	0	0	2	0	0	0	0	0	0
279	chr12:118427001-119658000	SBS1	3	0	0	1	0	0	0	0	0	0
280	chr12:118427001-119658000	SBS100	3	0	0	1	1	0	0	0	0	0
281	chr12:118427001-119658000	SBS3	3	0	0	2	3	0	0	0	0	0
282	chr12:119658001-123726000	SBS100	2	0	1	0	0	0	0	0	0	0
283	chr12:119658001-123726000	SBS3	2	0	5	1	0	0	0	0	0	0
284	chr12:123726001-124359000	SBS1	2	0	0	1	0	0	0	0	0	0
285	chr12:123726001-124359000	SBS3	2	0	2	1	0	0	0	0	0	0
286	chr12:124942001-131577000	SBS1	3	0	0	0	1	0	0	0	0	0
287	chr12:124942001-131577000	SBS3	3	0	6	6	21	0	0	0	0	0
288	chr12:131577001-132115000	SBS3	2	0	1	0	0	0	0	0	0	0
289	chr12:132115001-133275309	SBS3	2	0	0	2	0	0	0	0	0	0
290	chr12:13236001-14359000	SBS3	1	1	1	0	0	0	0	0	0	0
291	chr12:15518001-16014000	SBS3	1	1	1	0	0	0	0	0	0	0
292	chr12:16014001-19124000	SBS1	1	1	1	0	0	0	0	0	0	0
293	chr12:16014001-19124000	SBS3	1	1	5	0	0	0	0	0	0	0
294	chr12:1808001-3598000	SBS1	2	1	0	1	0	0	0	0	0	0
295	chr12:1808001-3598000	SBS3	2	1	0	3	0	0	0	0	0	0
296	chr12:19558001-21292000	SBS3	1	1	5	0	0	0	0	0	0	0
297	chr12:21292001-22693000	SBS3	1	1	1	0	0	0	0	0	0	0
298	chr12:22693001-23038934	SBS3	2	1	1	2	0	0	0	0	0	0
299	chr12:23041476-24731000	SBS100	2	1	0	1	0	0	0	0	0	0
300	chr12:23041476-24731000	SBS3	2	1	2	4	0	0	0	0	0	0
301	chr12:24731001-26629000	SBS1	2	1	0	1	0	0	0	0	0	0
302	chr12:24731001-26629000	SBS100	2	1	0	1	0	0	0	0	0	0
303	chr12:24731001-26629000	SBS3	2	1	1	8	0	0	0	0	0	0
304	chr12:26629001-27337000	SBS3	1	0	3	0	0	0	0	0	0	0
305	chr12:271001-1808000	SBS3	2	1	0	3	0	0	0	0	0	0
306	chr12:27337001-29572000	SBS3	2	1	0	6	0	0	0	0	0	0
307	chr12:29572001-30612000	SBS100	2	2	0	1	0	0	0	0	0	0
308	chr12:29572001-30612000	SBS3	2	2	0	3	0	0	0	0	0	0
309	chr12:30612001-32909000	SBS1	2	1	0	1	0	0	0	0	0	0
310	chr12:30612001-32909000	SBS3	2	1	0	4	0	0	0	0	0	0
311	chr12:32909001-34286000	SBS3	3	1	0	5	3	0	0	0	0	0
312	chr12:34286001-35977329	SBS1	3	2	0	0	1	0	0	0	0	0
313	chr12:34286001-35977329	SBS3	3	2	7	0	5	0	0	0	0	0
314	chr12:35977330-38217500	SBS100	3	2	1	0	0	0	0	0	0	0
315	chr12:35977330-38217500	SBS3	3	2	2	7	9	0	0	0	0	0
316	chr12:3598001-4713000	SBS3	2	0	3	0	0	0	0	0	0	0
317	chr12:38217501-40196008	SBS3	2	1	1	6	0	0	0	0	0	0
318	chr12:40196816-40431000	SBS3	2	1	0	1	0	0	0	0	0	0
319	chr12:40431001-42089000	SBS3	4	2	0	0	5	11	0	0	0	0
320	chr12:42089001-42970000	SBS3	3	1	0	1	1	0	0	0	0	0
321	chr12:42970001-43656000	SBS3	4	2	0	0	1	1	0	0	0	0
322	chr12:43886001-44300846	SBS3	4	2	0	0	0	1	0	0	0	0
323	chr12:44300884-44649000	SBS3	4	2	0	0	1	0	0	0	0	0
324	chr12:44649001-45188000	SBS3	3	2	0	1	4	0	0	0	0	0
325	chr12:45342001-45719000	SBS3	2	2	1	1	0	0	0	0	0	0
326	chr12:45995001-46151000	SBS3	3	2	0	0	2	0	0	0	0	0
327	chr12:46231001-46353000	SBS100	5	1	0	1	1	2	0	0	0	0
328	chr12:46231001-46353000	SBS3	5	1	0	0	7	5	1	0	0	0
329	chr12:46572020-47018000	SBS3	2	1	0	2	0	0	0	0	0	0
330	chr12:4713001-5973000	SBS3	2	1	0	5	0	0	0	0	0	0
331	chr12:47415001-47645000	SBS3	2	1	0	1	0	0	0	0	0	0
332	chr12:48201001-48628000	SBS3	2	1	0	1	0	0	0	0	0	0
333	chr12:48628001-51318000	SBS1	2	1	0	1	0	0	0	0	0	0
334	chr12:48628001-51318000	SBS3	2	1	0	6	0	0	0	0	0	0
335	chr12:51318001-53002000	SBS3	1	0	7	0	0	0	0	0	0	0
336	chr12:53911432-55000000	SBS3	1	0	2	0	0	0	0	0	0	0
337	chr12:55000001-55712000	SBS3	2	0	0	1	0	0	0	0	0	0
338	chr12:55747001-56783500	SBS3	1	0	2	0	0	0	0	0	0	0
339	chr12:56985001-57950000	SBS3	1	0	2	0	0	0	0	0	0	0
340	chr12:57950001-59829000	SBS1	2	0	0	1	0	0	0	0	0	0
341	chr12:57950001-59829000	SBS3	2	0	6	5	0	0	0	0	0	0
342	chr12:5973001-7200000	SBS3	1	1	1	0	0	0	0	0	0	0
343	chr12:59829001-62249000	SBS3	2	0	2	5	0	0	0	0	0	0
344	chr12:62868001-63512000	SBS3	2	0	2	0	0	0	0	0	0	0
345	chr12:63512001-64606000	SBS1	2	0	1	0	0	0	0	0	0	0
346	chr12:63512001-64606000	SBS3	2	0	0	1	0	0	0	0	0	0
347	chr12:64704001-65168000	SBS3	2	0	0	1	0	0	0	0	0	0
348	chr12:65238001-67261000	SBS3	2	0	2	1	0	0	0	0	0	0
349	chr12:69587001-70240000	SBS1	2	0	0	1	0	0	0	0	0	0
350	chr12:70240001-70370000	SBS3	1	0	1	0	0	0	0	0	0	0
351	chr12:70370001-71592000	SBS3	2	0	2	2	0	0	0	0	0	0
352	chr12:71922001-75385000	SBS1	2	0	1	1	0	0	0	0	0	0
353	chr12:71922001-75385000	SBS100	2	0	0	1	0	0	0	0	0	0
354	chr12:71922001-75385000	SBS3	2	0	5	10	0	0	0	0	0	0
355	chr12:7200001-7920500	SBS3	1	1	1	0	0	0	0	0	0	0
356	chr12:76088001-77069500	SBS3	2	0	0	2	0	0	0	0	0	0
357	chr12:77069501-79775000	SBS3	2	0	4	4	0	0	0	0	0	0
358	chr12:7920501-9510000	SBS1	1	0	1	0	0	0	0	0	0	0
359	chr12:7920501-9510000	SBS3	1	0	5	0	0	0	0	0	0	0
360	chr12:79941001-84230763	SBS1	2	0	0	1	0	0	0	0	0	0
361	chr12:79941001-84230763	SBS3	2	0	4	5	0	0	0	0	0	0
362	chr12:84234824-88027000	SBS3	2	0	7	1	0	0	0	0	0	0
363	chr12:88027001-89209000	SBS3	2	0	0	1	0	0	0	0	0	0
364	chr12:90116001-91326000	SBS3	2	0	1	0	0	0	0	0	0	0
365	chr12:91326001-91985000	SBS3	1	0	1	0	0	0	0	0	0	0
366	chr12:92578001-93828000	SBS1	2	0	0	1	0	0	0	0	0	0
367	chr12:92578001-93828000	SBS3	2	0	0	2	0	0	0	0	0	0
368	chr12:94967001-95786279	SBS3	2	0	1	0	0	0	0	0	0	0
369	chr12:96186001-96524000	SBS3	1	0	2	0	0	0	0	0	0	0
370	chr12:96524001-98487000	SBS3	2	0	4	3	0	0	0	0	0	0
371	chr12:9813001-11648000	SBS3	1	1	6	0	0	0	0	0	0	0
372	chr12:98487001-98876000	SBS3	1	0	5	0	0	0	0	0	0	0
373	chr12:98876001-100109000	SBS3	2	0	1	2	0	0	0	0	0	0
374	chr13:102580001-102686000	SBS3	2	1	0	2	0	0	0	0	0	0
375	chr13:102686001-106519000	SBS100	2	2	0	1	0	0	0	0	0	0
376	chr13:102686001-106519000	SBS3	2	2	0	14	0	0	0	0	0	0
377	chr13:106574001-108196000	SBS1	3	2	0	0	1	0	0	0	0	0
378	chr13:106574001-108196000	SBS3	3	2	0	1	8	0	0	0	0	0
379	chr13:108196001-108329000	SBS3	2	1	0	1	0	0	0	0	0	0
380	chr13:108329001-110109000	SBS1	3	2	0	0	1	0	0	0	0	0
381	chr13:108329001-110109000	SBS3	3	2	0	3	9	0	0	0	0	0
382	chr13:110109001-110882000	SBS1	2	2	0	1	0	0	0	0	0	0
383	chr13:110109001-110882000	SBS100	2	2	0	1	0	0	0	0	0	0
384	chr13:111123646-111182904	SBS3	3	2	0	1	1	0	0	0	0	0
385	chr13:111182905-111478000	SBS3	2	2	0	1	0	0	0	0	0	0
386	chr13:111478001-112473000	SBS1	3	2	0	0	1	0	0	0	0	0
387	chr13:111478001-112473000	SBS3	3	2	0	3	5	0	0	0	0	0
388	chr13:112473001-114364328	SBS1	2	2	0	1	0	0	0	0	0	0
389	chr13:112473001-114364328	SBS3	2	2	0	8	0	0	0	0	0	0
390	chr13:17025624-19626000	SBS1	2	1	0	2	0	0	0	0	0	0
391	chr13:17025624-19626000	SBS3	2	1	3	6	0	0	0	0	0	0
392	chr13:19626001-20128500	SBS3	1	1	1	0	0	0	0	0	0	0
393	chr13:20721904-21681000	SBS3	2	1	1	1	0	0	0	0	0	0
394	chr13:21681001-22951500	SBS1	3	1	0	1	0	0	0	0	0	0
395	chr13:21681001-22951500	SBS3	3	1	0	3	1	0	0	0	0	0
396	chr13:22951501-23090000	SBS3	1	1	1	0	0	0	0	0	0	0
397	chr13:23318001-24695000	SBS3	2	1	4	3	0	0	0	0	0	0
398	chr13:24695001-25232000	SBS1	3	1	0	1	0	0	0	0	0	0
399	chr13:24695001-25232000	SBS100	3	1	0	1	0	0	0	0	0	0
400	chr13:24695001-25232000	SBS3	3	1	1	9	0	0	0	0	0	0
401	chr13:25232001-25340000	SBS100	1	1	1	0	0	0	0	0	0	0
402	chr13:25340001-26984000	SBS100	2	1	0	1	0	0	0	0	0	0
403	chr13:25340001-26984000	SBS3	2	1	0	3	0	0	0	0	0	0
404	chr13:26984001-27671000	SBS3	2	0	2	1	0	0	0	0	0	0
405	chr13:27671001-28115000	SBS3	2	1	0	1	0	0	0	0	0	0
406	chr13:28115001-28756000	SBS1	2	1	0	1	0	0	0	0	0	0
407	chr13:28115001-28756000	SBS3	2	1	0	1	0	0	0	0	0	0
408	chr13:28756001-29029424	SBS3	2	1	0	1	0	0	0	0	0	0
409	chr13:29029548-29354000	SBS3	2	1	0	3	0	0	0	0	0	0
410	chr13:30108001-30839500	SBS1	2	0	0	1	0	0	0	0	0	0
411	chr13:30839501-31842000	SBS1	2	1	1	1	0	0	0	0	0	0
412	chr13:30839501-31842000	SBS3	2	1	1	1	0	0	0	0	0	0
413	chr13:31842001-32787000	SBS3	2	0	1	1	0	0	0	0	0	0
414	chr13:32787001-33107000	SBS3	2	1	0	3	0	0	0	0	0	0
415	chr13:33107001-33880000	SBS3	2	1	0	2	0	0	0	0	0	0
416	chr13:33880001-36800000	SBS1	2	1	0	2	0	0	0	0	0	0
417	chr13:33880001-36800000	SBS3	2	1	2	5	0	0	0	0	0	0
418	chr13:36800001-37082000	SBS3	2	1	0	1	0	0	0	0	0	0
419	chr13:37082001-39017000	SBS3	2	1	0	7	0	0	0	0	0	0
420	chr13:39056001-40687000	SBS1	1	1	1	0	0	0	0	0	0	0
421	chr13:39056001-40687000	SBS3	1	1	3	0	0	0	0	0	0	0
422	chr13:42373001-42946000	SBS3	2	1	0	3	0	0	0	0	0	0
423	chr13:43098001-43782000	SBS3	2	1	1	3	0	0	0	0	0	0
424	chr13:43782001-45538000	SBS3	1	1	4	0	0	0	0	0	0	0
425	chr13:45949001-46498000	SBS1	1	1	1	0	0	0	0	0	0	0
426	chr13:46801001-47995000	SBS1	2	1	1	1	0	0	0	0	0	0
427	chr13:47995001-49270000	SBS1	1	1	2	0	0	0	0	0	0	0
428	chr13:47995001-49270000	SBS3	1	1	3	0	0	0	0	0	0	0
429	chr13:49270001-49796000	SBS1	1	0	1	0	0	0	0	0	0	0
430	chr13:49270001-49796000	SBS3	1	0	4	0	0	0	0	0	0	0
431	chr13:49796001-49974000	SBS1	2	0	1	0	0	0	0	0	0	0
432	chr13:50163001-50994000	SBS3	1	0	3	0	0	0	0	0	0	0
433	chr13:51337001-51846000	SBS3	1	0	2	0	0	0	0	0	0	0
434	chr13:51846001-52893000	SBS1	2	0	0	1	0	0	0	0	0	0
435	chr13:51846001-52893000	SBS3	2	0	1	2	0	0	0	0	0	0
436	chr13:60586001-68384000	SBS100	2	1	0	1	0	0	0	0	0	0
437	chr13:60586001-68384000	SBS3	2	1	5	16	0	0	0	0	0	0
438	chr13:68384001-69329000	SBS100	2	1	0	1	0	0	0	0	0	0
439	chr13:68384001-69329000	SBS3	2	1	1	2	0	0	0	0	0	0
440	chr13:69329001-71639000	SBS3	2	2	0	14	0	0	0	0	0	0
441	chr13:71639001-72707000	SBS100	2	2	0	1	0	0	0	0	0	0
442	chr13:71639001-72707000	SBS3	2	2	0	4	0	0	0	0	0	0
443	chr13:72707001-73425000	SBS3	2	1	0	1	0	0	0	0	0	0
444	chr13:73425001-74294000	SBS3	2	1	1	1	0	0	0	0	0	0
445	chr13:74294001-75289000	SBS3	3	2	0	1	5	0	0	0	0	0
446	chr13:75289001-75843000	SBS1	2	1	0	1	0	0	0	0	0	0
447	chr13:75289001-75843000	SBS3	2	1	0	1	0	0	0	0	0	0
448	chr13:75843001-76976000	SBS3	2	2	1	4	0	0	0	0	0	0
449	chr13:77482001-79308000	SBS1	2	2	0	1	0	0	0	0	0	0
450	chr13:77482001-79308000	SBS3	2	2	1	7	0	0	0	0	0	0
451	chr13:79308001-79410000	SBS3	1	1	1	0	0	0	0	0	0	0
452	chr13:79410001-80107000	SBS3	2	1	0	3	0	0	0	0	0	0
453	chr13:80107001-85418000	SBS1	2	2	0	2	0	0	0	0	0	0
454	chr13:80107001-85418000	SBS3	2	2	3	17	0	0	0	0	0	0
455	chr13:85418001-85819000	SBS3	2	1	1	3	0	0	0	0	0	0
456	chr13:85819001-91115000	SBS1	2	2	0	2	0	0	0	0	0	0
457	chr13:85819001-91115000	SBS100	2	2	0	1	0	0	0	0	0	0
458	chr13:85819001-91115000	SBS3	2	2	1	29	0	0	0	0	0	0
459	chr13:91409001-94542000	SBS1	3	2	0	0	1	0	0	0	0	0
460	chr13:91409001-94542000	SBS100	3	2	0	0	1	0	0	0	0	0
461	chr13:91409001-94542000	SBS3	3	2	0	3	17	0	0	0	0	0
462	chr13:94631001-95491000	SBS1	2	2	0	1	0	0	0	0	0	0
463	chr13:94631001-95491000	SBS3	2	2	0	1	0	0	0	0	0	0
464	chr13:95801001-96537000	SBS3	3	2	0	0	3	0	0	0	0	0
465	chr13:96537001-96981000	SBS3	3	3	0	0	2	0	0	0	0	0
466	chr13:96981001-97209000	SBS3	2	2	0	1	0	0	0	0	0	0
467	chr13:97209001-97283000	SBS1	2	0	1	0	0	0	0	0	0	0
468	chr13:97209001-97283000	SBS3	2	0	0	1	0	0	0	0	0	0
469	chr13:97283001-97509000	SBS3	2	1	0	2	0	0	0	0	0	0
470	chr13:97509001-98141000	SBS3	3	2	0	1	2	0	0	0	0	0
471	chr13:98141001-98906000	SBS3	2	2	0	2	0	0	0	0	0	0
472	chr13:98906001-99592000	SBS3	2	1	0	1	0	0	0	0	0	0
473	chr13:99592001-102580000	SBS1	2	2	0	1	0	0	0	0	0	0
474	chr13:99592001-102580000	SBS100	2	2	1	0	0	0	0	0	0	0
475	chr13:99592001-102580000	SBS3	2	2	1	9	0	0	0	0	0	0
476	chr14:1-17086761	SBS3	2	0	2	0	0	0	0	0	0	0
477	chr14:100404001-101703000	SBS3	2	0	2	3	0	0	0	0	0	0
478	chr14:101703001-101859000	SBS3	1	0	4	0	0	0	0	0	0	0
479	chr14:101859001-103941000	SBS100	2	0	0	1	0	0	0	0	0	0
480	chr14:101859001-103941000	SBS3	2	0	3	2	0	0	0	0	0	0
481	chr14:104639001-107043718	SBS100	2	0	1	0	0	0	0	0	0	0
482	chr14:104639001-107043718	SBS3	2	0	4	1	0	0	0	0	0	0
483	chr14:17086762-20289000	SBS3	2	0	7	0	0	0	0	0	0	0
484	chr14:21530001-21845000	SBS3	2	0	1	1	0	0	0	0	0	0
485	chr14:21845001-22813000	SBS3	1	0	4	0	0	0	0	0	0	0
486	chr14:23103001-24106000	SBS3	2	0	1	0	0	0	0	0	0	0
487	chr14:24450001-30550000	SBS3	2	0	12	9	0	0	0	0	0	0
488	chr14:30727001-32730000	SBS3	2	0	1	2	0	0	0	0	0	0
489	chr14:32730001-33988000	SBS3	2	0	1	2	0	0	0	0	0	0
490	chr14:34710236-35837000	SBS3	1	0	1	0	0	0	0	0	0	0
491	chr14:35837001-39012000	SBS100	2	0	0	1	0	0	0	0	0	0
492	chr14:35837001-39012000	SBS3	2	0	3	4	0	0	0	0	0	0
493	chr14:39439001-44889000	SBS1	2	0	1	1	0	0	0	0	0	0
494	chr14:39439001-44889000	SBS100	2	0	1	0	0	0	0	0	0	0
495	chr14:39439001-44889000	SBS3	2	0	5	8	0	0	0	0	0	0
496	chr14:44889001-45277000	SBS3	1	0	2	0	0	0	0	0	0	0
497	chr14:45277001-49575000	SBS3	2	0	7	4	0	0	0	0	0	0
498	chr14:49575001-49850000	SBS1	1	0	2	0	0	0	0	0	0	0
499	chr14:49575001-49850000	SBS3	1	0	1	0	0	0	0	0	0	0
500	chr14:50120001-53158000	SBS1	1	0	1	0	0	0	0	0	0	0
501	chr14:50120001-53158000	SBS3	1	0	5	0	0	0	0	0	0	0
502	chr14:53158001-54244000	SBS100	2	0	0	1	0	0	0	0	0	0
503	chr14:53158001-54244000	SBS3	2	0	2	0	0	0	0	0	0	0
504	chr14:54244001-55023000	SBS100	2	0	1	0	0	0	0	0	0	0
505	chr14:55355001-56275000	SBS100	1	0	1	0	0	0	0	0	0	0
506	chr14:55355001-56275000	SBS3	1	0	4	0	0	0	0	0	0	0
507	chr14:57301001-58237000	SBS100	2	0	0	1	0	0	0	0	0	0
508	chr14:57301001-58237000	SBS3	2	0	0	1	0	0	0	0	0	0
509	chr14:58301001-58512000	SBS100	1	0	1	0	0	0	0	0	0	0
510	chr14:58512001-59145000	SBS3	2	0	0	1	0	0	0	0	0	0
511	chr14:59145001-59516000	SBS3	1	0	1	0	0	0	0	0	0	0
512	chr14:59516001-60053000	SBS3	2	0	0	1	0	0	0	0	0	0
513	chr14:60305001-60708000	SBS3	2	0	1	1	0	0	0	0	0	0
514	chr14:60708001-61320000	SBS3	1	0	1	0	0	0	0	0	0	0
515	chr14:61772001-63360000	SBS3	2	0	3	0	0	0	0	0	0	0
516	chr14:63360001-65757000	SBS3	1	0	3	0	0	0	0	0	0	0
517	chr14:65757001-67227000	SBS1	2	0	1	0	0	0	0	0	0	0
518	chr14:65757001-67227000	SBS3	2	0	0	1	0	0	0	0	0	0
519	chr14:67227001-68137000	SBS3	1	0	3	0	0	0	0	0	0	0
520	chr14:68826001-69606000	SBS3	1	0	1	0	0	0	0	0	0	0
521	chr14:69730001-70597000	SBS3	2	0	5	0	0	0	0	0	0	0
522	chr14:70597001-71769000	SBS3	1	0	4	0	0	0	0	0	0	0
523	chr14:72388001-73740000	SBS3	1	0	2	0	0	0	0	0	0	0
524	chr14:74760001-76019921	SBS3	1	0	3	0	0	0	0	0	0	0
525	chr14:76019962-76759000	SBS3	2	0	1	0	0	0	0	0	0	0
526	chr14:77299001-77824000	SBS3	2	0	2	0	0	0	0	0	0	0
527	chr14:77824001-80475000	SBS1	2	0	1	1	0	0	0	0	0	0
528	chr14:77824001-80475000	SBS3	2	0	9	6	0	0	0	0	0	0
529	chr14:80475001-81449000	SBS3	2	0	0	2	0	0	0	0	0	0
530	chr14:81536001-87933000	SBS1	2	0	0	1	0	0	0	0	0	0
531	chr14:81536001-87933000	SBS3	2	0	4	10	0	0	0	0	0	0
532	chr14:88027001-89153000	SBS100	2	0	1	2	0	0	0	0	0	0
533	chr14:88027001-89153000	SBS3	2	0	1	0	0	0	0	0	0	0
534	chr14:89153001-90053000	SBS3	1	0	1	0	0	0	0	0	0	0
535	chr14:90255001-92178000	SBS3	1	0	2	0	0	0	0	0	0	0
536	chr14:92178001-92457000	SBS3	2	0	0	1	0	0	0	0	0	0
537	chr14:92457001-92851000	SBS3	1	0	1	0	0	0	0	0	0	0
538	chr14:94185001-95088000	SBS3	2	0	1	0	0	0	0	0	0	0
539	chr14:95541001-96272000	SBS100	2	0	0	1	0	0	0	0	0	0
540	chr14:95541001-96272000	SBS3	2	0	1	1	0	0	0	0	0	0
541	chr14:96599001-98286897	SBS100	2	0	0	1	0	0	0	0	0	0
542	chr14:98287420-98798000	SBS3	2	0	1	1	0	0	0	0	0	0
543	chr14:98798001-99964000	SBS3	2	0	1	1	0	0	0	0	0	0
544	chr15:100565001-101113000	SBS3	4	0	0	0	1	0	0	0	0	0
545	chr15:101303001-101991189	SBS3	4	0	0	4	0	1	0	0	0	0
546	chr15:18362627-23425000	SBS3	2	0	14	1	0	0	0	0	0	0
547	chr15:23425001-25333000	SBS100	2	0	1	0	0	0	0	0	0	0
548	chr15:23425001-25333000	SBS3	2	0	8	6	0	0	0	0	0	0
549	chr15:25442001-30855500	SBS1	2	0	1	1	0	0	0	0	0	0
550	chr15:25442001-30855500	SBS3	2	0	8	8	0	0	0	0	0	0
551	chr15:30855501-31210000	SBS3	2	0	0	1	0	0	0	0	0	0
552	chr15:31491001-32429000	SBS3	2	0	1	1	0	0	0	0	0	0
553	chr15:33218001-33969000	SBS3	2	0	1	0	0	0	0	0	0	0
554	chr15:34440001-37146000	SBS1	2	0	1	0	0	0	0	0	0	0
555	chr15:34440001-37146000	SBS3	2	0	1	1	0	0	0	0	0	0
556	chr15:37365734-37978000	SBS3	2	0	8	0	0	0	0	0	0	0
557	chr15:37978001-40023000	SBS3	1	0	2	0	0	0	0	0	0	0
558	chr15:40247001-43830000	SBS1	1	0	1	0	0	0	0	0	0	0
559	chr15:40247001-43830000	SBS3	1	0	2	0	0	0	0	0	0	0
560	chr15:43830001-44423000	SBS1	2	0	2	0	0	0	0	0	0	0
561	chr15:43830001-44423000	SBS3	2	0	2	1	0	0	0	0	0	0
562	chr15:44423001-44707000	SBS3	1	0	1	0	0	0	0	0	0	0
563	chr15:44738001-45584000	SBS100	2	0	0	1	0	0	0	0	0	0
564	chr15:44738001-45584000	SBS3	2	0	1	2	0	0	0	0	0	0
565	chr15:45716001-47154000	SBS3	2	0	3	1	0	0	0	0	0	0
566	chr15:47154001-48739000	SBS3	2	0	0	4	0	0	0	0	0	0
567	chr15:48739001-49310000	SBS3	1	0	1	0	0	0	0	0	0	0
568	chr15:49310001-50768000	SBS3	2	0	4	1	0	0	0	0	0	0
569	chr15:50768001-51648500	SBS3	3	0	0	3	3	0	0	0	0	0
570	chr15:51677001-52741500	SBS3	1	0	8	0	0	0	0	0	0	0
571	chr15:52741501-53226219	SBS3	2	0	0	1	0	0	0	0	0	0
572	chr15:53226296-55175000	SBS1	2	0	0	1	0	0	0	0	0	0
573	chr15:53226296-55175000	SBS3	2	0	3	3	0	0	0	0	0	0
574	chr15:55175001-55417000	SBS1	1	0	2	0	0	0	0	0	0	0
575	chr15:55175001-55417000	SBS3	1	0	1	0	0	0	0	0	0	0
576	chr15:55417001-56038000	SBS1	2	0	1	0	0	0	0	0	0	0
577	chr15:55417001-56038000	SBS3	2	0	8	0	0	0	0	0	0	0
578	chr15:56883001-57290000	SBS3	1	0	1	0	0	0	0	0	0	0
579	chr15:57290001-58176000	SBS3	2	0	1	2	0	0	0	0	0	0
580	chr15:58176001-59707000	SBS3	1	0	4	0	0	0	0	0	0	0
581	chr15:59707001-60321000	SBS3	2	0	2	1	0	0	0	0	0	0
582	chr15:60321001-60597000	SBS3	1	0	2	0	0	0	0	0	0	0
583	chr15:60597001-61159000	SBS3	2	0	0	1	0	0	0	0	0	0
584	chr15:61159001-61833000	SBS3	2	0	1	0	0	0	0	0	0	0
585	chr15:62778001-64900000	SBS1	1	0	1	0	0	0	0	0	0	0
586	chr15:62778001-64900000	SBS3	1	0	3	0	0	0	0	0	0	0
587	chr15:64900001-65577000	SBS3	2	0	0	2	0	0	0	0	0	0
588	chr15:65577001-65928000	SBS1	1	0	1	0	0	0	0	0	0	0
589	chr15:65577001-65928000	SBS3	1	0	1	0	0	0	0	0	0	0
590	chr15:65928001-66280000	SBS3	2	0	1	1	0	0	0	0	0	0
591	chr15:66280001-67048000	SBS3	1	0	1	0	0	0	0	0	0	0
592	chr15:67155001-70006000	SBS3	2	0	5	3	0	0	0	0	0	0
593	chr15:70006001-70816000	SBS3	1	0	1	0	0	0	0	0	0	0
594	chr15:70816001-74767000	SBS3	2	0	7	5	0	0	0	0	0	0
595	chr15:74767001-75935500	SBS1	1	0	2	0	0	0	0	0	0	0
596	chr15:74767001-75935500	SBS3	1	0	2	0	0	0	0	0	0	0
597	chr15:75935501-76859000	SBS3	2	0	1	0	0	0	0	0	0	0
598	chr15:76859001-77551000	SBS3	1	0	1	0	0	0	0	0	0	0
599	chr15:77936001-78105000	SBS3	1	0	1	0	0	0	0	0	0	0
600	chr15:79012001-79823000	SBS3	2	0	1	2	0	0	0	0	0	0
601	chr15:80163001-81922083	SBS1	2	0	0	1	0	0	0	0	0	0
602	chr15:80163001-81922083	SBS3	2	0	1	2	0	0	0	0	0	0
603	chr15:81923364-83232000	SBS3	2	0	0	1	0	0	0	0	0	0
604	chr15:83232001-84094000	SBS3	2	0	1	0	0	0	0	0	0	0
605	chr15:84094001-85393000	SBS3	1	0	1	0	0	0	0	0	0	0
606	chr15:85806001-88887000	SBS3	2	0	4	6	0	0	0	0	0	0
607	chr15:89995001-91028000	SBS1	1	0	1	0	0	0	0	0	0	0
608	chr15:89995001-91028000	SBS3	1	0	5	0	0	0	0	0	0	0
609	chr15:91028001-92796000	SBS1	2	0	2	0	0	0	0	0	0	0
610	chr15:91028001-92796000	SBS3	2	0	0	5	0	0	0	0	0	0
611	chr15:93042001-94213000	SBS3	2	0	1	1	0	0	0	0	0	0
612	chr15:94469001-95248000	SBS3	3	0	0	3	1	0	0	0	0	0
613	chr15:95248001-96360500	SBS3	2	0	2	2	0	0	0	0	0	0
614	chr15:96360501-98612000	SBS3	3	0	1	1	5	0	0	0	0	0
615	chr15:98612001-99077000	SBS3	2	0	0	2	0	0	0	0	0	0
616	chr15:99137001-99789500	SBS1	1	0	1	0	0	0	0	0	0	0
617	chr15:99789501-100565000	SBS3	5	0	0	1	2	1	0	0	0	0
618	chr16:1-260000	SBS3	5	0	0	2	0	1	0	0	0	0
619	chr16:10483001-11714942	SBS1	2	1	0	2	0	0	0	0	0	0
620	chr16:10483001-11714942	SBS3	2	1	1	1	0	0	0	0	0	0
621	chr16:12101001-12908000	SBS3	2	2	0	1	0	0	0	0	0	0
622	chr16:12908001-13905500	SBS1	3	2	0	0	1	0	0	0	0	0
623	chr16:12908001-13905500	SBS3	3	2	0	0	11	0	0	0	0	0
624	chr16:14680001-17268000	SBS100	4	2	0	0	0	1	0	0	0	0
625	chr16:14680001-17268000	SBS3	4	2	0	2	4	5	0	0	0	0
626	chr16:17268001-17314316	SBS3	3	1	0	0	1	0	0	0	0	0
627	chr16:17314352-17484000	SBS3	4	2	0	0	0	1	0	0	0	0
628	chr16:17484001-19490000	SBS1	5	2	0	0	0	0	1	0	0	0
629	chr16:17484001-19490000	SBS3	5	2	0	0	1	1	8	0	0	0
630	chr16:1797001-2969000	SBS3	2	1	0	3	0	0	0	0	0	0
631	chr16:19490001-19888000	SBS100	4	1	0	0	0	2	0	0	0	0
632	chr16:19490001-19888000	SBS3	4	1	0	1	0	1	0	0	0	0
633	chr16:19888001-20644000	SBS3	5	2	0	0	1	5	6	0	0	0
634	chr16:20644001-20924000	SBS100	3	2	0	0	1	0	0	0	0	0
635	chr16:20924001-21583000	SBS3	5	2	0	0	0	1	1	0	0	0
636	chr16:21583001-22419000	SBS3	4	2	0	0	0	2	0	0	0	0
637	chr16:22419001-23038000	SBS3	5	2	0	0	2	1	4	0	0	0
638	chr16:23038001-23705000	SBS100	4	2	0	0	0	1	0	0	0	0
639	chr16:23038001-23705000	SBS3	4	2	0	0	0	3	0	0	0	0
640	chr16:23705001-24503000	SBS1	5	2	0	0	1	0	0	0	0	0
641	chr16:23705001-24503000	SBS3	5	2	0	4	2	2	2	0	0	0
642	chr16:24503001-24979000	SBS3	4	2	0	0	3	0	0	0	0	0
643	chr16:25068501-27169000	SBS1	5	2	0	0	0	1	0	0	0	0
644	chr16:25068501-27169000	SBS3	5	2	0	0	0	3	10	0	0	0
645	chr16:27169001-27772000	SBS3	4	2	0	0	1	1	0	0	0	0
646	chr16:27772001-28129000	SBS100	5	2	0	0	0	1	0	0	0	0
647	chr16:27772001-28129000	SBS3	5	2	0	0	0	0	1	0	0	0
648	chr16:28195001-29953000	SBS3	4	2	0	0	1	0	0	0	0	0
649	chr16:30820001-31269000	SBS3	3	1	0	0	3	0	0	0	0	0
650	chr16:31269001-34072000	SBS3	4	1	2	2	2	0	0	0	0	0
651	chr16:313385-817000	SBS1	2	0	1	0	0	0	0	0	0	0
652	chr16:313385-817000	SBS3	2	0	2	1	0	0	0	0	0	0
653	chr16:3192001-3452500	SBS3	2	2	0	3	0	0	0	0	0	0
654	chr16:34072001-35016000	SBS1	8	4	0	0	1	0	1	1	0	0
655	chr16:34072001-35016000	SBS3	8	4	0	0	1	3	2	3	3	2
656	chr16:3452501-3884000	SBS3	2	1	1	2	0	0	0	0	0	0
657	chr16:35016001-37295919	SBS3	2	1	12	5	0	0	0	0	0	0
658	chr16:3884001-4238000	SBS3	2	2	0	1	0	0	0	0	0	0
659	chr16:4238001-4961000	SBS3	2	1	0	4	0	0	0	0	0	0
660	chr16:4961001-8596000	SBS1	3	2	0	0	2	0	0	0	0	0
661	chr16:4961001-8596000	SBS3	3	2	1	15	15	0	0	0	0	0
662	chr16:817001-1727000	SBS100	2	0	1	0	0	0	0	0	0	0
663	chr16:817001-1727000	SBS3	2	0	3	0	0	0	0	0	0	0
664	chr16:8596001-9089000	SBS3	2	1	0	3	0	0	0	0	0	0
665	chr16:9129001-10483000	SBS3	3	2	0	1	2	0	0	0	0	0
666	chr17:1-1985000	SBS100	3	0	0	0	1	0	0	0	0	0
667	chr17:1-1985000	SBS3	3	0	0	0	2	0	0	0	0	0
668	chr17:10870001-11980000	SBS3	3	0	0	5	4	0	0	0	0	0
669	chr17:12145001-13961000	SBS100	3	0	1	0	0	0	0	0	0	0
670	chr17:12145001-13961000	SBS3	3	0	0	0	3	0	0	0	0	0
671	chr17:14287001-15251000	SBS3	3	0	0	5	3	0	0	0	0	0
672	chr17:15251001-16543000	SBS3	2	0	5	1	0	0	0	0	0	0
673	chr17:16543001-17664000	SBS1	2	0	0	1	0	0	0	0	0	0
674	chr17:16543001-17664000	SBS3	2	0	1	1	0	0	0	0	0	0
675	chr17:17664001-17977000	SBS3	1	0	1	0	0	0	0	0	0	0
676	chr17:19252001-21208000	SBS1	3	0	0	0	1	0	0	0	0	0
677	chr17:19252001-21208000	SBS3	3	0	1	1	4	0	0	0	0	0
678	chr17:1985001-2713000	SBS1	2	0	0	1	0	0	0	0	0	0
679	chr17:1985001-2713000	SBS3	2	0	2	1	0	0	0	0	0	0
680	chr17:21289001-24849829	SBS1	4	0	0	0	0	1	0	0	0	0
681	chr17:21289001-24849829	SBS100	4	0	0	2	0	0	0	0	0	0
682	chr17:21289001-24849829	SBS3	4	0	9	9	1	3	0	0	0	0
683	chr17:24849830-27640000	SBS1	3	0	0	0	1	0	0	0	0	0
684	chr17:24849830-27640000	SBS3	3	0	12	1	0	0	0	0	0	0
685	chr17:28039001-28198000	SBS3	2	0	1	0	0	0	0	0	0	0
686	chr17:28453001-32948000	SBS3	3	0	3	4	2	0	0	0	0	0
687	chr17:32948001-34313010	SBS3	4	0	0	3	0	7	0	0	0	0
688	chr17:34313012-34949000	SBS3	2	0	0	2	0	0	0	0	0	0
689	chr17:34949001-35965000	SBS3	1	0	1	0	0	0	0	0	0	0
690	chr17:35965001-39618000	SBS3	3	0	2	0	5	0	0	0	0	0
691	chr17:3629001-5595000	SBS100	3	0	0	0	1	0	0	0	0	0
692	chr17:3629001-5595000	SBS3	3	0	0	0	2	0	0	0	0	0
693	chr17:39618001-40652000	SBS3	2	0	0	2	0	0	0	0	0	0
694	chr17:40652001-45507500	SBS1	3	0	1	1	0	0	0	0	0	0
695	chr17:40652001-45507500	SBS100	3	0	1	1	0	0	0	0	0	0
696	chr17:40652001-45507500	SBS3	3	0	6	2	8	0	0	0	0	0
697	chr17:46217001-50650761	SBS3	3	0	1	1	7	0	0	0	0	0
698	chr17:50914335-50964276	SBS3	5	0	0	0	0	1	0	0	0	0
699	chr17:51318001-54884000	SBS1	4	0	0	0	0	1	0	0	0	0
700	chr17:51318001-54884000	SBS3	4	0	1	5	3	6	0	0	0	0
701	chr17:54884001-55834000	SBS1	3	0	2	0	0	0	0	0	0	0
702	chr17:54884001-55834000	SBS3	3	0	0	0	1	0	0	0	0	0
703	chr17:55834001-56817000	SBS3	4	0	2	0	1	2	0	0	0	0
704	chr17:56817001-57890000	SBS3	3	0	0	0	2	0	0	0	0	0
705	chr17:57890001-58009000	SBS3	2	0	0	1	0	0	0	0	0	0
706	chr17:58009001-58217000	SBS3	4	0	0	0	0	1	0	0	0	0
707	chr17:58217001-58725000	SBS3	3	0	0	1	1	0	0	0	0	0
708	chr17:58956001-59794000	SBS3	3	0	0	1	0	0	0	0	0	0
709	chr17:59872001-63611000	SBS1	4	0	0	1	0	0	0	0	0	0
710	chr17:59872001-63611000	SBS3	4	0	2	4	0	3	0	0	0	0
711	chr17:63611001-65211000	SBS3	3	0	2	0	3	0	0	0	0	0
712	chr17:6435501-6841000	SBS3	3	0	0	1	0	0	0	0	0	0
713	chr17:65211001-67067000	SBS100	4	0	0	0	1	0	0	0	0	0
714	chr17:65211001-67067000	SBS3	4	0	0	3	1	5	0	0	0	0
715	chr17:67281001-68616000	SBS3	3	0	0	0	2	0	0	0	0	0
716	chr17:68616001-70033000	SBS100	4	0	0	1	0	0	0	0	0	0
717	chr17:68616001-70033000	SBS3	4	0	0	3	0	2	0	0	0	0
718	chr17:6863001-8972000	SBS3	2	0	0	4	0	0	0	0	0	0
719	chr17:70646001-71565000	SBS3	4	0	0	2	1	2	0	0	0	0
720	chr17:71565001-71905096	SBS3	5	0	0	1	0	0	0	0	0	0
721	chr17:71906797-72406000	SBS3	5	0	0	0	0	0	1	0	0	0
722	chr17:72406001-72730000	SBS3	4	0	0	0	1	1	0	0	0	0
723	chr17:72730001-73222000	SBS3	5	0	0	1	0	0	0	0	0	0
724	chr17:73372001-74736000	SBS3	6	0	0	0	1	0	0	0	1	0
725	chr17:74736001-76758000	SBS3	5	0	0	0	1	1	0	0	0	0
726	chr17:76758001-77080000	SBS1	6	0	0	0	0	0	0	0	1	0
727	chr17:76758001-77080000	SBS3	6	0	0	0	1	0	0	0	0	0
728	chr17:77080001-77479000	SBS1	5	0	0	1	0	0	0	0	0	0
729	chr17:77080001-77479000	SBS3	5	0	0	1	0	0	1	0	0	0
730	chr17:77479001-77880000	SBS3	6	0	0	0	0	1	0	0	0	0
731	chr17:79100001-79651000	SBS3	7	0	0	0	2	0	2	0	0	0
732	chr17:79651001-83257441	SBS1	5	0	0	1	0	0	2	0	0	0
733	chr17:79651001-83257441	SBS3	5	0	0	2	0	2	1	0	0	0
734	chr17:8972001-10870000	SBS100	2	0	0	1	0	0	0	0	0	0
735	chr17:8972001-10870000	SBS3	2	0	2	1	0	0	0	0	0	0
736	chr18:1-867000	SBS3	2	1	1	0	0	0	0	0	0	0
737	chr18:10565001-11834000	SBS3	2	1	0	4	0	0	0	0	0	0
738	chr18:11834001-13826000	SBS100	1	1	2	0	0	0	0	0	0	0
739	chr18:11834001-13826000	SBS3	1	1	3	0	0	0	0	0	0	0
740	chr18:13826001-18161052	SBS3	2	1	7	6	0	0	0	0	0	0
741	chr18:18161053-22176000	SBS3	2	0	4	1	0	0	0	0	0	0
742	chr18:22515001-23127000	SBS3	2	1	0	1	0	0	0	0	0	0
743	chr18:23127001-23623000	SBS3	2	0	0	1	0	0	0	0	0	0
744	chr18:23623001-23810000	SBS3	3	1	0	0	2	0	0	0	0	0
745	chr18:23810001-24084000	SBS3	2	0	1	1	0	0	0	0	0	0
746	chr18:24084001-24867225	SBS3	2	1	0	3	0	0	0	0	0	0
747	chr18:25119866-25374000	SBS100	2	1	1	0	0	0	0	0	0	0
748	chr18:2536001-2660000	SBS3	1	0	1	0	0	0	0	0	0	0
749	chr18:25374001-26038000	SBS3	3	1	0	4	1	0	0	0	0	0
750	chr18:26053049-26786000	SBS3	1	0	2	0	0	0	0	0	0	0
751	chr18:2660001-3733000	SBS3	2	0	7	0	0	0	0	0	0	0
752	chr18:26786001-27932662	SBS3	1	1	6	0	0	0	0	0	0	0
753	chr18:27932698-34766000	SBS100	1	1	1	0	0	0	0	0	0	0
754	chr18:27932698-34766000	SBS3	1	1	19	0	0	0	0	0	0	0
755	chr18:34766001-35710000	SBS1	1	0	1	0	0	0	0	0	0	0
756	chr18:34766001-35710000	SBS3	1	0	4	0	0	0	0	0	0	0
757	chr18:36966001-41946000	SBS3	1	1	27	0	0	0	0	0	0	0
758	chr18:3733001-8602000	SBS1	2	1	0	2	0	0	0	0	0	0
759	chr18:3733001-8602000	SBS3	2	1	8	18	0	0	0	0	0	0
760	chr18:41946001-42116000	SBS3	1	0	1	0	0	0	0	0	0	0
761	chr18:42116001-44031000	SBS1	1	1	1	0	0	0	0	0	0	0
762	chr18:42116001-44031000	SBS100	1	1	1	0	0	0	0	0	0	0
763	chr18:42116001-44031000	SBS3	1	1	4	0	0	0	0	0	0	0
764	chr18:44031001-44676000	SBS3	1	1	2	0	0	0	0	0	0	0
765	chr18:44676001-44913000	SBS3	1	0	1	0	0	0	0	0	0	0
766	chr18:44913001-45861000	SBS100	1	1	3	0	0	0	0	0	0	0
767	chr18:44913001-45861000	SBS3	1	1	4	0	0	0	0	0	0	0
768	chr18:46289001-47810000	SBS3	1	1	10	0	0	0	0	0	0	0
769	chr18:47810001-49497000	SBS3	1	0	3	0	0	0	0	0	0	0
770	chr18:49497001-50816000	SBS1	1	1	1	0	0	0	0	0	0	0
771	chr18:49497001-50816000	SBS3	1	1	6	0	0	0	0	0	0	0
772	chr18:50816001-51220000	SBS3	1	0	1	0	0	0	0	0	0	0
773	chr18:51220001-52926000	SBS1	1	1	2	0	0	0	0	0	0	0
774	chr18:51220001-52926000	SBS3	1	1	9	0	0	0	0	0	0	0
775	chr18:52926001-54114000	SBS3	2	0	0	1	0	0	0	0	0	0
776	chr18:54287001-56598000	SBS3	1	1	4	0	0	0	0	0	0	0
777	chr18:56598001-57041000	SBS1	1	0	1	0	0	0	0	0	0	0
778	chr18:57041001-57540000	SBS3	1	1	3	0	0	0	0	0	0	0
779	chr18:58637001-59087000	SBS3	1	0	1	0	0	0	0	0	0	0
780	chr18:59087001-59356000	SBS3	1	1	1	0	0	0	0	0	0	0
781	chr18:59997001-61577000	SBS3	1	1	10	0	0	0	0	0	0	0
782	chr18:61577001-63567000	SBS1	1	0	1	0	0	0	0	0	0	0
783	chr18:61577001-63567000	SBS3	1	0	2	0	0	0	0	0	0	0
784	chr18:63567001-69881000	SBS1	1	1	2	0	0	0	0	0	0	0
785	chr18:63567001-69881000	SBS3	1	1	20	0	0	0	0	0	0	0
786	chr18:70046001-70506000	SBS3	1	1	2	0	0	0	0	0	0	0
787	chr18:70506001-74141000	SBS100	1	1	1	0	0	0	0	0	0	0
788	chr18:70506001-74141000	SBS3	1	1	17	0	0	0	0	0	0	0
789	chr18:74141001-75278000	SBS1	1	1	1	0	0	0	0	0	0	0
790	chr18:74141001-75278000	SBS3	1	1	2	0	0	0	0	0	0	0
791	chr18:75278001-76252069	SBS3	1	1	1	0	0	0	0	0	0	0
792	chr18:76252102-76801000	SBS3	1	1	2	0	0	0	0	0	0	0
793	chr18:77230001-79056000	SBS3	2	1	1	7	0	0	0	0	0	0
794	chr18:79056001-79563000	SBS3	1	1	4	0	0	0	0	0	0	0
795	chr18:79563001-79930000	SBS1	2	1	0	1	0	0	0	0	0	0
796	chr18:8602001-10565000	SBS3	2	1	0	3	0	0	0	0	0	0
797	chr18:867001-2536000	SBS3	2	1	1	5	0	0	0	0	0	0
798	chr19:1-4648000	SBS1	2	0	1	0	0	0	0	0	0	0
799	chr19:1-4648000	SBS3	2	0	2	2	0	0	0	0	0	0
800	chr19:11894670-12932000	SBS1	2	2	1	1	0	0	0	0	0	0
801	chr19:11894670-12932000	SBS3	2	2	0	5	0	0	0	0	0	0
802	chr19:13196001-13721000	SBS3	3	2	0	0	1	0	0	0	0	0
803	chr19:13721001-14577000	SBS3	2	1	0	1	0	0	0	0	0	0
804	chr19:14577001-15085000	SBS3	3	2	0	1	1	0	0	0	0	0
805	chr19:15469501-15999000	SBS3	3	2	0	0	4	0	0	0	0	0
806	chr19:15999001-19360000	SBS1	2	2	0	2	0	0	0	0	0	0
807	chr19:15999001-19360000	SBS3	2	2	2	8	0	0	0	0	0	0
808	chr19:19670001-25844926	SBS1	2	2	0	5	0	0	0	0	0	0
809	chr19:19670001-25844926	SBS100	2	2	1	0	0	0	0	0	0	0
810	chr19:19670001-25844926	SBS3	2	2	13	23	0	0	0	0	0	0
811	chr19:25844927-32336000	SBS1	3	2	0	0	2	0	0	0	0	0
812	chr19:25844927-32336000	SBS3	3	2	0	10	26	0	0	0	0	0
813	chr19:32408001-33537000	SBS100	3	1	0	0	1	0	0	0	0	0
814	chr19:32408001-33537000	SBS3	3	1	0	4	1	0	0	0	0	0
815	chr19:33537001-34128000	SBS100	3	2	0	1	0	0	0	0	0	0
816	chr19:33537001-34128000	SBS3	3	2	0	1	2	0	0	0	0	0
817	chr19:34128001-34479000	SBS3	2	1	1	0	0	0	0	0	0	0
818	chr19:34479001-34961000	SBS3	3	2	1	3	1	0	0	0	0	0
819	chr19:34961001-35358000	SBS3	2	2	0	3	0	0	0	0	0	0
820	chr19:35358001-37896000	SBS3	3	2	0	0	7	0	0	0	0	0
821	chr19:38061001-38647500	SBS3	2	2	0	1	0	0	0	0	0	0
822	chr19:38698001-39562000	SBS3	2	2	0	3	0	0	0	0	0	0
823	chr19:39562001-39820000	SBS3	3	2	0	0	2	0	0	0	0	0
824	chr19:39820001-41259000	SBS3	2	2	0	3	0	0	0	0	0	0
825	chr19:41259001-41576000	SBS3	2	0	3	2	0	0	0	0	0	0
826	chr19:41735001-42420000	SBS100	2	1	0	1	0	0	0	0	0	0
827	chr19:41735001-42420000	SBS3	2	1	0	4	0	0	0	0	0	0
828	chr19:42533001-43425000	SBS1	3	1	0	1	0	0	0	0	0	0
829	chr19:42533001-43425000	SBS3	3	1	4	9	2	0	0	0	0	0
830	chr19:43425001-43801000	SBS100	2	0	0	1	0	0	0	0	0	0
831	chr19:43425001-43801000	SBS3	2	0	1	0	0	0	0	0	0	0
832	chr19:43801001-44551000	SBS3	3	1	8	2	1	0	0	0	0	0
833	chr19:44551001-45910000	SBS3	2	1	0	6	0	0	0	0	0	0
834	chr19:4648001-8143000	SBS1	2	2	0	2	0	0	0	0	0	0
835	chr19:4648001-8143000	SBS100	2	2	0	1	0	0	0	0	0	0
836	chr19:4648001-8143000	SBS3	2	2	0	9	0	0	0	0	0	0
837	chr19:46604161-47792000	SBS100	2	1	0	1	0	0	0	0	0	0
838	chr19:46604161-47792000	SBS3	2	1	5	14	0	0	0	0	0	0
839	chr19:47792001-48085000	SBS3	3	1	0	0	1	0	0	0	0	0
840	chr19:48085001-49964000	SBS100	2	1	0	1	0	0	0	0	0	0
841	chr19:48085001-49964000	SBS3	2	1	1	5	0	0	0	0	0	0
842	chr19:49964001-53018000	SBS1	3	1	0	1	1	0	0	0	0	0
843	chr19:49964001-53018000	SBS100	3	1	0	1	0	0	0	0	0	0
844	chr19:49964001-53018000	SBS3	3	1	0	3	5	0	0	0	0	0
845	chr19:53018001-54094000	SBS1	3	2	0	0	1	0	0	0	0	0
846	chr19:53018001-54094000	SBS3	3	2	0	6	3	0	0	0	0	0
847	chr19:54094001-54490000	SBS3	2	2	3	3	0	0	0	0	0	0
848	chr19:54490001-54947000	SBS3	3	2	2	5	9	0	0	0	0	0
849	chr19:54947001-55715000	SBS3	2	2	2	4	0	0	0	0	0	0
850	chr19:55715001-56063000	SBS1	3	3	0	0	1	0	0	0	0	0
851	chr19:55715001-56063000	SBS3	3	3	0	2	0	0	0	0	0	0
852	chr19:56598001-57188000	SBS1	3	3	0	0	1	0	0	0	0	0
853	chr19:56598001-57188000	SBS3	3	3	0	0	4	0	0	0	0	0
854	chr19:57188001-58274000	SBS3	3	2	0	1	5	0	0	0	0	0
855	chr19:8621001-9536000	SBS3	3	2	0	3	4	0	0	0	0	0
856	chr19:9536001-11870094	SBS1	2	2	0	1	0	0	0	0	0	0
857	chr19:9536001-11870094	SBS3	2	2	0	6	0	0	0	0	0	0
858	chr1:1-6178000	SBS1	3	0	0	0	3	0	0	0	0	0
859	chr1:1-6178000	SBS100	3	0	0	0	1	0	0	0	0	0
860	chr1:1-6178000	SBS3	3	0	3	16	13	0	0	0	0	0
861	chr1:101315001-102180976	SBS1	4	1	0	0	0	1	0	0	0	0
862	chr1:101315001-102180976	SBS3	4	1	0	1	2	2	0	0	0	0
863	chr1:102180977-103513000	SBS100	1	1	1	0	0	0	0	0	0	0
864	chr1:102180977-103513000	SBS3	1	1	6	0	0	0	0	0	0	0
865	chr1:103594001-107041000	SBS1	1	1	1	0	0	0	0	0	0	0
866	chr1:103594001-107041000	SBS3	1	1	4	0	0	0	0	0	0	0
867	chr1:107041001-107731000	SBS3	1	1	2	0	0	0	0	0	0	0
868	chr1:107731001-110417000	SBS3	1	0	6	0	0	0	0	0	0	0
869	chr1:110417001-111040104	SBS3	1	1	3	0	0	0	0	0	0	0
870	chr1:111057001-111772000	SBS3	3	1	0	0	2	0	0	0	0	0
871	chr1:111772001-112368000	SBS1	5	1	0	0	1	0	0	0	0	0
872	chr1:112368001-113985000	SBS100	4	1	0	0	0	1	0	0	0	0
873	chr1:112368001-113985000	SBS3	4	1	0	0	2	2	0	0	0	0
874	chr1:113985001-114384000	SBS3	5	1	0	1	0	0	0	0	0	0
875	chr1:114784001-115478217	SBS3	4	1	0	0	1	2	0	0	0	0
876	chr1:115479279-116106000	SBS100	4	1	0	1	0	0	0	0	0	0
877	chr1:115479279-116106000	SBS3	4	1	0	0	1	0	0	0	0	0
878	chr1:116106001-117728000	SBS3	3	1	0	1	1	0	0	0	0	0
879	chr1:117895001-117971000	SBS100	1	1	2	0	0	0	0	0	0	0
880	chr1:117971001-119603000	SBS3	2	1	0	9	0	0	0	0	0	0
881	chr1:119603001-123605522	SBS3	2	0	1	2	0	0	0	0	0	0
882	chr1:123605523-145882000	SBS1	2	1	3	0	0	0	0	0	0	0
883	chr1:123605523-145882000	SBS3	2	1	17	5	0	0	0	0	0	0
884	chr1:12633001-13698000	SBS3	1	0	4	0	0	0	0	0	0	0
885	chr1:13800001-15123000	SBS1	1	0	1	0	0	0	0	0	0	0
886	chr1:146473001-148300000	SBS1	2	2	0	1	0	0	0	0	0	0
887	chr1:146473001-148300000	SBS3	2	2	0	6	0	0	0	0	0	0
888	chr1:148300001-151963574	SBS3	2	1	0	2	0	0	0	0	0	0
889	chr1:15123001-16506000	SBS3	1	0	1	0	0	0	0	0	0	0
890	chr1:152058001-153481000	SBS3	2	0	2	1	0	0	0	0	0	0
891	chr1:153993001-154933000	SBS1	2	0	0	1	0	0	0	0	0	0
892	chr1:153993001-154933000	SBS3	2	0	0	1	0	0	0	0	0	0
893	chr1:155019570-156096000	SBS3	2	1	2	2	0	0	0	0	0	0
894	chr1:156131001-157129000	SBS3	2	1	0	4	0	0	0	0	0	0
895	chr1:157168501-158128000	SBS3	2	2	1	4	0	0	0	0	0	0
896	chr1:158128001-158997000	SBS3	3	2	0	2	2	0	0	0	0	0
897	chr1:159090001-159768000	SBS1	3	3	0	0	1	0	0	0	0	0
898	chr1:159090001-159768000	SBS100	3	3	0	0	1	0	0	0	0	0
899	chr1:159090001-159768000	SBS3	3	3	0	0	3	0	0	0	0	0
900	chr1:159768001-160845000	SBS3	2	2	4	5	0	0	0	0	0	0
901	chr1:160984001-162862000	SBS3	3	2	0	0	6	0	0	0	0	0
902	chr1:162862001-164557000	SBS1	3	2	0	0	1	0	0	0	0	0
903	chr1:162862001-164557000	SBS3	3	2	0	4	4	0	0	0	0	0
904	chr1:164860001-165589000	SBS100	3	2	0	0	1	0	0	0	0	0
905	chr1:164860001-165589000	SBS3	3	2	0	0	4	0	0	0	0	0
906	chr1:16506001-17675000	SBS3	1	0	6	0	0	0	0	0	0	0
907	chr1:165930001-166832000	SBS3	3	2	0	2	3	0	0	0	0	0
908	chr1:166832001-167206000	SBS3	2	2	0	2	0	0	0	0	0	0
909	chr1:167206001-167710000	SBS1	2	2	0	1	0	0	0	0	0	0
910	chr1:167206001-167710000	SBS3	2	2	0	1	0	0	0	0	0	0
911	chr1:167922349-169771000	SBS1	2	2	0	3	0	0	0	0	0	0
912	chr1:167922349-169771000	SBS100	2	2	0	1	0	0	0	0	0	0
913	chr1:167922349-169771000	SBS3	2	2	1	6	0	0	0	0	0	0
914	chr1:169771001-170014000	SBS100	2	1	1	0	0	0	0	0	0	0
915	chr1:170014001-170908004	SBS3	2	2	1	2	0	0	0	0	0	0
916	chr1:170908005-171079000	SBS1	5	2	0	0	0	0	1	0	0	0
917	chr1:171163550-172135000	SBS3	2	2	0	3	0	0	0	0	0	0
918	chr1:172135001-172612000	SBS1	2	1	0	1	0	0	0	0	0	0
919	chr1:172135001-172612000	SBS3	2	1	0	2	0	0	0	0	0	0
920	chr1:172612001-174868000	SBS1	3	1	0	1	0	0	0	0	0	0
921	chr1:172612001-174868000	SBS3	3	1	3	3	7	0	0	0	0	0
922	chr1:174868001-175030000	SBS3	2	1	3	0	0	0	0	0	0	0
923	chr1:175030001-175145000	SBS3	3	2	0	0	1	0	0	0	0	0
924	chr1:175145001-175325500	SBS3	2	1	0	1	0	0	0	0	0	0
925	chr1:175325501-175958000	SBS3	3	2	0	1	6	0	0	0	0	0
926	chr1:176223001-178028000	SBS100	3	2	0	0	1	0	0	0	0	0
927	chr1:176223001-178028000	SBS3	3	2	0	5	6	0	0	0	0	0
928	chr1:17675001-18884000	SBS3	1	0	2	0	0	0	0	0	0	0
929	chr1:178028001-178480000	SBS3	2	2	1	1	0	0	0	0	0	0
930	chr1:178480001-179014000	SBS3	2	2	0	2	0	0	0	0	0	0
931	chr1:179014001-179384000	SBS3	2	2	0	2	0	0	0	0	0	0
932	chr1:179384001-179809000	SBS1	3	2	0	0	1	0	0	0	0	0
933	chr1:179384001-179809000	SBS3	3	2	0	1	0	0	0	0	0	0
934	chr1:179809001-181169000	SBS3	2	2	0	5	0	0	0	0	0	0
935	chr1:181169001-181996000	SBS1	3	3	0	0	1	0	0	0	0	0
936	chr1:181169001-181996000	SBS100	3	3	0	1	0	0	0	0	0	0
937	chr1:181169001-181996000	SBS3	3	3	0	0	6	0	0	0	0	0
938	chr1:181996001-183713650	SBS3	2	2	0	7	0	0	0	0	0	0
939	chr1:183713683-185285000	SBS100	2	2	0	1	0	0	0	0	0	0
940	chr1:183713683-185285000	SBS3	2	2	1	6	0	0	0	0	0	0
941	chr1:185285001-185736500	SBS3	2	1	0	1	0	0	0	0	0	0
942	chr1:185736501-192472000	SBS1	3	2	0	0	2	0	0	0	0	0
943	chr1:185736501-192472000	SBS3	3	2	0	14	28	0	0	0	0	0
944	chr1:192472001-192586000	SBS3	1	1	1	0	0	0	0	0	0	0
945	chr1:192586001-197436000	SBS1	3	2	0	0	1	0	0	0	0	0
946	chr1:192586001-197436000	SBS3	3	2	1	12	17	0	0	0	0	0
947	chr1:19665501-20615000	SBS3	1	0	2	0	0	0	0	0	0	0
948	chr1:197436001-198901000	SBS100	2	1	0	1	0	0	0	0	0	0
949	chr1:197436001-198901000	SBS3	2	1	4	3	0	0	0	0	0	0
950	chr1:198939001-199193242	SBS3	3	1	0	2	0	0	0	0	0	0
951	chr1:199198105-199248000	SBS3	3	1	0	0	1	0	0	0	0	0
952	chr1:199248001-200271000	SBS3	3	2	0	1	3	0	0	0	0	0
953	chr1:200271001-200925000	SBS3	2	1	1	2	0	0	0	0	0	0
954	chr1:200974202-201333990	SBS3	3	1	2	0	0	0	0	0	0	0
955	chr1:201334035-203266500	SBS3	3	1	0	2	3	0	0	0	0	0
956	chr1:203266501-203345000	SBS3	2	0	1	0	0	0	0	0	0	0
957	chr1:203345001-204587000	SBS3	3	1	0	4	3	0	0	0	0	0
958	chr1:204587001-205172000	SBS3	3	1	0	1	1	0	0	0	0	0
959	chr1:205172001-206938000	SBS1	2	1	0	1	0	0	0	0	0	0
960	chr1:205172001-206938000	SBS100	2	1	0	1	0	0	0	0	0	0
961	chr1:205172001-206938000	SBS3	2	1	1	6	0	0	0	0	0	0
962	chr1:20615001-22126000	SBS1	1	0	1	0	0	0	0	0	0	0
963	chr1:20615001-22126000	SBS3	1	0	3	0	0	0	0	0	0	0
964	chr1:207057001-207742000	SBS100	3	1	0	1	0	0	0	0	0	0
965	chr1:207057001-207742000	SBS3	3	1	1	2	1	0	0	0	0	0
966	chr1:207888001-208260000	SBS3	3	1	0	1	0	0	0	0	0	0
967	chr1:208260001-209350000	SBS3	3	2	0	3	4	0	0	0	0	0
968	chr1:209440001-209565000	SBS3	3	2	0	0	1	0	0	0	0	0
969	chr1:209565001-209904000	SBS3	2	1	0	1	0	0	0	0	0	0
970	chr1:209904001-210223000	SBS3	3	2	0	0	1	0	0	0	0	0
971	chr1:210408001-210653000	SBS3	3	2	0	2	2	0	0	0	0	0
972	chr1:210653001-211253000	SBS3	4	2	0	1	3	0	0	0	0	0
973	chr1:211253001-212540000	SBS3	3	1	0	3	2	0	0	0	0	0
974	chr1:212614001-213401000	SBS3	2	2	0	3	0	0	0	0	0	0
975	chr1:213401001-213607141	SBS3	4	2	0	0	1	3	0	0	0	0
976	chr1:213607262-214206000	SBS100	4	2	0	0	1	0	0	0	0	0
977	chr1:213607262-214206000	SBS3	4	2	0	1	0	0	0	0	0	0
978	chr1:214206001-214629000	SBS3	3	1	4	0	0	0	0	0	0	0
979	chr1:214629001-218283000	SBS1	3	2	0	0	1	0	0	0	0	0
980	chr1:214629001-218283000	SBS3	3	2	0	5	7	0	0	0	0	0
981	chr1:218502001-219966000	SBS1	3	1	1	0	0	0	0	0	0	0
982	chr1:218502001-219966000	SBS3	3	1	0	1	0	0	0	0	0	0
983	chr1:219966001-220281000	SBS3	2	2	0	1	0	0	0	0	0	0
984	chr1:220281001-222837366	SBS1	3	2	0	0	1	0	0	0	0	0
985	chr1:220281001-222837366	SBS100	3	2	0	1	1	0	0	0	0	0
986	chr1:220281001-222837366	SBS3	3	2	0	2	8	0	0	0	0	0
987	chr1:22126001-23013000	SBS1	1	0	1	0	0	0	0	0	0	0
988	chr1:22126001-23013000	SBS3	1	0	2	0	0	0	0	0	0	0
989	chr1:222837460-223695000	SBS100	2	2	1	0	0	0	0	0	0	0
990	chr1:222837460-223695000	SBS3	2	2	0	3	0	0	0	0	0	0
991	chr1:223695001-224554000	SBS3	2	1	0	1	0	0	0	0	0	0
992	chr1:224554001-224976000	SBS3	3	2	0	1	1	0	0	0	0	0
993	chr1:224976001-225399000	SBS3	4	2	0	1	0	1	0	0	0	0
994	chr1:225399001-226096000	SBS3	3	1	2	4	1	0	0	0	0	0
995	chr1:226143001-226650000	SBS3	3	0	2	0	0	0	0	0	0	0
996	chr1:226742001-227324000	SBS1	3	0	0	1	0	0	0	0	0	0
997	chr1:226742001-227324000	SBS3	3	0	0	0	2	0	0	0	0	0
998	chr1:227324001-228064000	SBS1	4	0	0	0	0	1	0	0	0	0
999	chr1:227324001-228064000	SBS3	4	0	0	3	2	0	0	0	0	0
1000	chr1:228361001-229670000	SBS3	4	0	3	0	0	1	0	0	0	0
1001	chr1:229670001-230052000	SBS3	5	0	0	1	0	0	1	0	0	0
1002	chr1:230255001-230596000	SBS3	5	0	0	1	0	0	0	0	0	0
1003	chr1:230596001-232552000	SBS3	4	0	0	1	2	1	0	0	0	0
1004	chr1:23189001-29273000	SBS1	1	0	2	0	0	0	0	0	0	0
1005	chr1:23189001-29273000	SBS3	1	0	13	0	0	0	0	0	0	0
1006	chr1:232738059-233369000	SBS1	4	0	0	1	0	0	0	0	0	0
1007	chr1:232738059-233369000	SBS3	4	0	0	3	2	0	0	0	0	0
1008	chr1:233369001-234473000	SBS3	6	0	0	0	3	0	0	0	1	0
1009	chr1:234473001-235221376	SBS3	4	0	0	2	1	0	0	0	0	0
1010	chr1:235338001-236497000	SBS3	4	0	0	1	0	1	0	0	0	0
1011	chr1:236497001-236633000	SBS1	3	0	1	0	0	0	0	0	0	0
1012	chr1:236633001-236908000	SBS3	4	0	0	0	0	1	0	0	0	0
1013	chr1:236908001-237720258	SBS3	5	0	0	1	3	0	4	0	0	0
1014	chr1:237831001-238739617	SBS1	3	0	0	1	0	0	0	0	0	0
1015	chr1:237831001-238739617	SBS3	3	0	0	3	2	0	0	0	0	0
1016	chr1:238739618-239136000	SBS3	5	0	0	0	0	0	2	0	0	0
1017	chr1:239136001-240038000	SBS3	3	0	0	0	5	0	0	0	0	0
1018	chr1:240038001-241484000	SBS1	4	0	0	0	0	1	0	0	0	0
1019	chr1:240038001-241484000	SBS3	4	0	0	1	1	6	0	0	0	0
1020	chr1:241484001-241906000	SBS3	3	0	0	1	1	0	0	0	0	0
1021	chr1:241906001-242718000	SBS3	4	0	0	4	1	4	0	0	0	0
1022	chr1:242718001-243045500	SBS3	6	0	0	1	1	0	0	0	1	0
1023	chr1:243045501-243311000	SBS3	4	0	1	0	0	0	0	0	0	0
1024	chr1:243364015-243766000	SBS3	3	0	0	0	1	0	0	0	0	0
1025	chr1:243766001-244297000	SBS3	4	0	0	0	0	2	0	0	0	0
1026	chr1:244867001-245112000	SBS3	3	0	0	2	0	0	0	0	0	0
1027	chr1:245112001-245770000	SBS3	4	0	0	0	4	3	0	0	0	0
1028	chr1:245770001-246801000	SBS3	3	0	0	1	0	0	0	0	0	0
1029	chr1:246807928-248956422	SBS100	6	0	0	0	0	0	0	0	1	0
1030	chr1:246807928-248956422	SBS3	6	0	0	1	6	4	0	0	3	0
1031	chr1:29273001-30683000	SBS3	2	1	1	4	0	0	0	0	0	0
1032	chr1:30683001-33484000	SBS1	1	1	1	0	0	0	0	0	0	0
1033	chr1:30683001-33484000	SBS3	1	1	4	0	0	0	0	0	0	0
1034	chr1:33484001-34968000	SBS1	2	1	1	0	0	0	0	0	0	0
1035	chr1:33484001-34968000	SBS3	2	1	0	5	0	0	0	0	0	0
1036	chr1:34968001-36490000	SBS3	1	0	2	0	0	0	0	0	0	0
1037	chr1:36490001-37454000	SBS1	2	1	0	1	0	0	0	0	0	0
1038	chr1:36490001-37454000	SBS3	2	1	0	3	0	0	0	0	0	0
1039	chr1:37454001-38031000	SBS1	1	1	1	0	0	0	0	0	0	0
1040	chr1:37454001-38031000	SBS3	1	1	1	0	0	0	0	0	0	0
1041	chr1:38031001-38831000	SBS3	2	1	0	7	0	0	0	0	0	0
1042	chr1:39286001-40614734	SBS1	1	0	3	0	0	0	0	0	0	0
1043	chr1:39286001-40614734	SBS3	1	0	8	0	0	0	0	0	0	0
1044	chr1:40614784-41649000	SBS100	1	0	1	0	0	0	0	0	0	0
1045	chr1:40614784-41649000	SBS3	1	0	1	0	0	0	0	0	0	0
1046	chr1:41649001-41930000	SBS3	1	0	1	0	0	0	0	0	0	0
1047	chr1:41930001-46727000	SBS100	1	1	1	0	0	0	0	0	0	0
1048	chr1:41930001-46727000	SBS3	1	1	14	0	0	0	0	0	0	0
1049	chr1:46727001-50428000	SBS100	2	1	1	1	0	0	0	0	0	0
1050	chr1:46727001-50428000	SBS3	2	1	5	9	0	0	0	0	0	0
1051	chr1:51214001-51885000	SBS3	1	0	6	0	0	0	0	0	0	0
1052	chr1:51885001-52575331	SBS3	2	0	0	2	0	0	0	0	0	0
1053	chr1:52588957-55127500	SBS3	2	1	0	3	0	0	0	0	0	0
1054	chr1:55220001-56883000	SBS3	1	1	3	0	0	0	0	0	0	0
1055	chr1:56883001-57556700	SBS3	2	1	1	1	0	0	0	0	0	0
1056	chr1:57556738-58317000	SBS3	2	1	0	1	0	0	0	0	0	0
1057	chr1:58317001-58699000	SBS3	3	1	0	0	1	0	0	0	0	0
1058	chr1:58699001-59025000	SBS3	1	0	1	0	0	0	0	0	0	0
1059	chr1:59025001-59983000	SBS3	1	1	1	0	0	0	0	0	0	0
1060	chr1:59983001-61042000	SBS1	2	1	0	1	0	0	0	0	0	0
1061	chr1:59983001-61042000	SBS3	2	1	0	5	0	0	0	0	0	0
1062	chr1:61042001-61455000	SBS3	1	0	1	0	0	0	0	0	0	0
1063	chr1:61455001-64862000	SBS3	1	1	5	0	0	0	0	0	0	0
1064	chr1:6178001-6924000	SBS3	2	0	1	0	0	0	0	0	0	0
1065	chr1:64968001-66241000	SBS100	1	1	1	0	0	0	0	0	0	0
1066	chr1:64968001-66241000	SBS3	1	1	1	0	0	0	0	0	0	0
1067	chr1:66382001-67871000	SBS3	2	0	2	3	0	0	0	0	0	0
1068	chr1:67871001-70117000	SBS3	2	1	1	7	0	0	0	0	0	0
1069	chr1:6924001-7896000	SBS3	3	0	0	0	1	0	0	0	0	0
1070	chr1:70117001-70362000	SBS3	1	1	1	0	0	0	0	0	0	0
1071	chr1:70362001-72301000	SBS3	2	1	3	2	0	0	0	0	0	0
1072	chr1:72301001-74175000	SBS3	2	1	0	6	0	0	0	0	0	0
1073	chr1:74175001-77554000	SBS3	2	1	2	11	0	0	0	0	0	0
1074	chr1:77554001-78158000	SBS3	1	1	1	0	0	0	0	0	0	0
1075	chr1:78158001-78605000	SBS1	2	1	0	2	0	0	0	0	0	0
1076	chr1:78158001-78605000	SBS3	2	1	0	1	0	0	0	0	0	0
1077	chr1:78691001-81428000	SBS1	2	1	0	2	0	0	0	0	0	0
1078	chr1:78691001-81428000	SBS3	2	1	2	7	0	0	0	0	0	0
1079	chr1:7896001-8650454	SBS1	1	0	1	0	0	0	0	0	0	0
1080	chr1:7896001-8650454	SBS3	1	0	3	0	0	0	0	0	0	0
1081	chr1:81428001-83724515	SBS3	1	1	5	0	0	0	0	0	0	0
1082	chr1:83724516-88070000	SBS3	1	1	5	0	0	0	0	0	0	0
1083	chr1:8650455-11284000	SBS3	1	0	2	0	0	0	0	0	0	0
1084	chr1:88070001-88648000	SBS3	1	1	1	0	0	0	0	0	0	0
1085	chr1:88648001-90048000	SBS3	1	0	1	0	0	0	0	0	0	0
1086	chr1:90048001-90900000	SBS3	1	1	1	0	0	0	0	0	0	0
1087	chr1:91025001-95157000	SBS100	1	1	1	0	0	0	0	0	0	0
1088	chr1:91025001-95157000	SBS3	1	1	2	0	0	0	0	0	0	0
1089	chr1:95157001-96716000	SBS1	1	1	1	0	0	0	0	0	0	0
1090	chr1:95157001-96716000	SBS100	1	1	1	0	0	0	0	0	0	0
1091	chr1:95157001-96716000	SBS3	1	1	8	0	0	0	0	0	0	0
1092	chr1:96823001-99666000	SBS3	1	1	3	0	0	0	0	0	0	0
1093	chr20:10405001-10682000	SBS3	1	1	1	0	0	0	0	0	0	0
1094	chr20:10682001-15004000	SBS1	2	1	0	1	0	0	0	0	0	0
1095	chr20:10682001-15004000	SBS3	2	1	4	15	0	0	0	0	0	0
1096	chr20:1107001-1966000	SBS3	1	1	2	0	0	0	0	0	0	0
1097	chr20:15004001-15243000	SBS3	2	0	1	0	0	0	0	0	0	0
1098	chr20:15243001-16823000	SBS3	2	1	1	3	0	0	0	0	0	0
1099	chr20:17504001-18063000	SBS3	1	1	1	0	0	0	0	0	0	0
1100	chr20:18063001-19735000	SBS3	2	1	1	4	0	0	0	0	0	0
1101	chr20:1966001-2800500	SBS100	2	1	0	1	0	0	0	0	0	0
1102	chr20:1966001-2800500	SBS3	2	1	0	3	0	0	0	0	0	0
1103	chr20:19735001-20057000	SBS3	2	1	0	1	0	0	0	0	0	0
1104	chr20:20057001-20403000	SBS3	2	2	0	2	0	0	0	0	0	0
1105	chr20:20403001-20763000	SBS3	2	1	0	3	0	0	0	0	0	0
1106	chr20:21086001-21406000	SBS3	2	1	0	2	0	0	0	0	0	0
1107	chr20:21406001-24916000	SBS3	2	2	0	16	0	0	0	0	0	0
1108	chr20:25412001-28237289	SBS1	2	2	0	1	0	0	0	0	0	0
1109	chr20:25412001-28237289	SBS3	2	2	2	6	0	0	0	0	0	0
1110	chr20:263001-551000	SBS3	2	1	0	1	0	0	0	0	0	0
1111	chr20:2800501-3888000	SBS1	1	1	1	0	0	0	0	0	0	0
1112	chr20:2800501-3888000	SBS3	1	1	4	0	0	0	0	0	0	0
1113	chr20:28237290-31457000	SBS1	3	3	0	1	3	0	0	0	0	0
1114	chr20:28237290-31457000	SBS100	3	3	1	0	2	0	0	0	0	0
1115	chr20:28237290-31457000	SBS3	3	3	25	37	15	0	0	0	0	0
1116	chr20:31457001-31704000	SBS3	3	1	0	0	1	0	0	0	0	0
1117	chr20:31725001-32188000	SBS3	3	2	0	0	2	0	0	0	0	0
1118	chr20:32188001-33349000	SBS3	2	2	0	3	0	0	0	0	0	0
1119	chr20:33349001-36158000	SBS3	2	1	0	3	0	0	0	0	0	0
1120	chr20:36158001-36741000	SBS3	3	1	0	3	0	0	0	0	0	0
1121	chr20:36741001-37358000	SBS3	1	1	1	0	0	0	0	0	0	0
1122	chr20:37358001-37983000	SBS3	2	1	0	1	0	0	0	0	0	0
1123	chr20:37983001-38312000	SBS3	2	0	0	1	0	0	0	0	0	0
1124	chr20:38312001-40984000	SBS3	2	1	0	4	0	0	0	0	0	0
1125	chr20:41755750-42231990	SBS3	2	2	0	1	0	0	0	0	0	0
1126	chr20:4178001-4606000	SBS3	2	2	1	2	0	0	0	0	0	0
1127	chr20:42231991-43646000	SBS3	2	1	0	5	0	0	0	0	0	0
1128	chr20:43646001-44473000	SBS1	1	1	1	0	0	0	0	0	0	0
1129	chr20:43646001-44473000	SBS3	1	1	5	0	0	0	0	0	0	0
1130	chr20:44882001-45107000	SBS3	1	0	1	0	0	0	0	0	0	0
1131	chr20:45938001-47242000	SBS3	2	1	0	5	0	0	0	0	0	0
1132	chr20:47242001-47458545	SBS1	1	0	1	0	0	0	0	0	0	0
1133	chr20:47242001-47458545	SBS3	1	0	1	0	0	0	0	0	0	0
1134	chr20:47888001-48338136	SBS3	2	1	2	1	0	0	0	0	0	0
1135	chr20:48338137-48619000	SBS3	2	2	0	1	0	0	0	0	0	0
1136	chr20:48619001-49347000	SBS3	1	1	2	0	0	0	0	0	0	0
1137	chr20:50348001-51380000	SBS1	2	1	1	0	0	0	0	0	0	0
1138	chr20:50348001-51380000	SBS3	2	1	3	2	0	0	0	0	0	0
1139	chr20:51380001-51601000	SBS3	1	0	1	0	0	0	0	0	0	0
1140	chr20:51601001-53570000	SBS100	2	1	0	1	0	0	0	0	0	0
1141	chr20:51601001-53570000	SBS3	2	1	1	5	0	0	0	0	0	0
1142	chr20:5224001-5528000	SBS3	2	2	0	1	0	0	0	0	0	0
1143	chr20:53570001-53951000	SBS3	1	0	1	0	0	0	0	0	0	0
1144	chr20:53951001-54670000	SBS3	1	1	2	0	0	0	0	0	0	0
1145	chr20:54670001-56347000	SBS3	2	1	5	1	0	0	0	0	0	0
1146	chr20:551001-1107000	SBS3	2	1	1	1	0	0	0	0	0	0
1147	chr20:56347001-57442782	SBS3	2	1	0	4	0	0	0	0	0	0
1148	chr20:57442817-59530000	SBS3	2	1	0	4	0	0	0	0	0	0
1149	chr20:5793001-7842000	SBS3	2	1	0	2	0	0	0	0	0	0
1150	chr20:59530001-59835000	SBS3	2	2	0	2	0	0	0	0	0	0
1151	chr20:59835001-60065000	SBS3	1	1	2	0	0	0	0	0	0	0
1152	chr20:60065001-60500000	SBS3	2	1	0	1	0	0	0	0	0	0
1153	chr20:60500001-61983000	SBS1	2	2	0	1	0	0	0	0	0	0
1154	chr20:60500001-61983000	SBS3	2	2	0	3	0	0	0	0	0	0
1155	chr20:61983001-64444167	SBS3	2	1	1	6	0	0	0	0	0	0
1156	chr20:7842001-9527000	SBS3	2	1	0	1	0	0	0	0	0	0
1157	chr20:9527001-10405000	SBS3	2	1	0	3	0	0	0	0	0	0
1158	chr21:1-11890183	SBS1	2	1	2	0	0	0	0	0	0	0
1159	chr21:1-11890183	SBS100	2	1	1	0	0	0	0	0	0	0
1160	chr21:1-11890183	SBS3	2	1	12	4	0	0	0	0	0	0
1161	chr21:11890184-15415000	SBS1	2	1	1	0	0	0	0	0	0	0
1162	chr21:11890184-15415000	SBS3	2	1	6	10	0	0	0	0	0	0
1163	chr21:15415001-15853000	SBS3	2	0	2	1	0	0	0	0	0	0
1164	chr21:15853001-16612000	SBS3	2	2	1	1	0	0	0	0	0	0
1165	chr21:16612001-17253567	SBS3	2	2	0	3	0	0	0	0	0	0
1166	chr21:17368001-17867000	SBS3	2	1	0	1	0	0	0	0	0	0
1167	chr21:17867001-21088675	SBS1	3	2	0	0	2	0	0	0	0	0
1168	chr21:17867001-21088675	SBS100	3	2	0	0	1	0	0	0	0	0
1169	chr21:17867001-21088675	SBS3	3	2	0	1	20	0	0	0	0	0
1170	chr21:21088708-25560000	SBS100	3	2	0	1	1	0	0	0	0	0
1171	chr21:21088708-25560000	SBS3	3	2	0	7	26	0	0	0	0	0
1172	chr21:25575001-26194553	SBS3	2	2	0	2	0	0	0	0	0	0
1173	chr21:26216001-27020000	SBS3	3	2	0	0	4	0	0	0	0	0
1174	chr21:27020001-28547549	SBS3	2	2	0	10	0	0	0	0	0	0
1175	chr21:28547586-28818000	SBS100	2	2	0	1	0	0	0	0	0	0
1176	chr21:28547586-28818000	SBS3	2	2	0	3	0	0	0	0	0	0
1177	chr21:28818001-29446000	SBS3	2	1	0	1	0	0	0	0	0	0
1178	chr21:29446001-31084000	SBS1	3	2	0	0	1	0	0	0	0	0
1179	chr21:29446001-31084000	SBS100	3	2	0	0	1	0	0	0	0	0
1180	chr21:29446001-31084000	SBS3	3	2	0	0	11	0	0	0	0	0
1181	chr21:31763001-32254000	SBS3	3	2	0	0	4	0	0	0	0	0
1182	chr21:32254001-32815000	SBS3	2	1	2	1	0	0	0	0	0	0
1183	chr21:32815001-33187000	SBS3	3	2	0	0	1	0	0	0	0	0
1184	chr21:33187001-33595000	SBS3	3	0	1	1	0	0	0	0	0	0
1185	chr21:33595001-34512000	SBS3	2	2	0	2	0	0	0	0	0	0
1186	chr21:34608186-36387000	SBS1	1	0	1	0	0	0	0	0	0	0
1187	chr21:34608186-36387000	SBS3	1	0	3	0	0	0	0	0	0	0
1188	chr21:37501001-39172000	SBS3	2	0	0	2	0	0	0	0	0	0
1189	chr21:39749001-41076000	SBS3	3	0	1	0	1	0	0	0	0	0
1190	chr21:41076001-44357000	SBS3	2	0	4	7	0	0	0	0	0	0
1191	chr21:45178001-46439000	SBS3	3	0	0	1	1	0	0	0	0	0
1192	chr22:1-14004552	SBS1	4	0	3	0	0	0	0	0	0	0
1193	chr22:1-14004552	SBS3	4	0	29	4	1	0	0	0	0	0
1194	chr22:14004553-23935000	SBS1	2	0	4	1	0	0	0	0	0	0
1195	chr22:14004553-23935000	SBS100	2	0	2	1	0	0	0	0	0	0
1196	chr22:14004553-23935000	SBS3	2	0	17	7	0	0	0	0	0	0
1197	chr22:23972001-24596000	SBS3	1	0	1	0	0	0	0	0	0	0
1198	chr22:24596001-25789000	SBS1	2	0	1	0	0	0	0	0	0	0
1199	chr22:24596001-25789000	SBS3	2	0	4	0	0	0	0	0	0	0
1200	chr22:25789001-26356000	SBS3	2	0	0	3	0	0	0	0	0	0
1201	chr22:26400411-26788000	SBS3	2	0	0	1	0	0	0	0	0	0
1202	chr22:26788001-27839000	SBS1	2	0	0	1	0	0	0	0	0	0
1203	chr22:26788001-27839000	SBS3	2	0	1	4	0	0	0	0	0	0
1204	chr22:27839001-27952000	SBS3	1	0	2	0	0	0	0	0	0	0
1205	chr22:27952001-30289000	SBS1	2	0	1	0	0	0	0	0	0	0
1206	chr22:27952001-30289000	SBS3	2	0	5	4	0	0	0	0	0	0
1207	chr22:30333001-30918000	SBS1	3	0	1	0	0	0	0	0	0	0
1208	chr22:30333001-30918000	SBS3	3	0	0	1	1	0	0	0	0	0
1209	chr22:31759001-33052000	SBS3	3	0	1	0	0	0	0	0	0	0
1210	chr22:33188001-33933000	SBS3	3	0	0	1	0	0	0	0	0	0
1211	chr22:33933001-34995769	SBS3	4	0	0	1	2	4	0	0	0	0
1212	chr22:34995770-35244000	SBS3	4	0	0	0	1	1	0	0	0	0
1213	chr22:35244001-36326000	SBS1	3	0	2	0	0	0	0	0	0	0
1214	chr22:35244001-36326000	SBS3	3	0	1	1	0	0	0	0	0	0
1215	chr22:36337001-36488000	SBS3	2	0	1	0	0	0	0	0	0	0
1216	chr22:36488001-37496000	SBS100	4	0	0	1	0	0	0	0	0	0
1217	chr22:36488001-37496000	SBS3	4	0	6	1	1	1	0	0	0	0
1218	chr22:38149001-38898000	SBS1	3	0	0	1	0	0	0	0	0	0
1219	chr22:38149001-38898000	SBS100	3	0	0	1	0	0	0	0	0	0
1220	chr22:38149001-38898000	SBS3	3	0	0	2	1	0	0	0	0	0
1221	chr22:39537001-39869000	SBS3	3	0	0	1	1	0	0	0	0	0
1222	chr22:40655001-42788250	SBS1	2	0	3	0	0	0	0	0	0	0
1223	chr22:40655001-42788250	SBS100	2	0	1	1	0	0	0	0	0	0
1224	chr22:40655001-42788250	SBS3	2	0	5	5	0	0	0	0	0	0
1225	chr22:42788251-43195000	SBS3	2	0	1	1	0	0	0	0	0	0
1226	chr22:43195001-44827000	SBS1	3	0	0	1	0	0	0	0	0	0
1227	chr22:43195001-44827000	SBS3	3	0	0	1	0	0	0	0	0	0
1228	chr22:44827001-45124000	SBS3	4	0	0	1	0	0	0	0	0	0
1229	chr22:45124001-47190000	SBS3	3	0	0	1	1	0	0	0	0	0
1230	chr22:47190001-49767000	SBS1	3	0	0	1	1	0	0	0	0	0
1231	chr22:47190001-49767000	SBS100	3	0	0	1	1	0	0	0	0	0
1232	chr22:47190001-49767000	SBS3	3	0	1	5	3	0	0	0	0	0
1233	chr22:49767001-50818468	SBS1	3	0	0	0	1	0	0	0	0	0
1234	chr22:49767001-50818468	SBS3	3	0	0	3	3	0	0	0	0	0
1235	chr2:1-316000	SBS3	7	2	0	0	0	0	0	0	0	1
1236	chr2:100729001-101689000	SBS3	2	1	0	3	0	0	0	0	0	0
1237	chr2:101689001-101898000	SBS3	1	1	1	0	0	0	0	0	0	0
1238	chr2:101898001-102851000	SBS3	2	1	0	1	0	0	0	0	0	0
1239	chr2:102851001-105030000	SBS100	2	2	1	0	0	0	0	0	0	0
1240	chr2:102851001-105030000	SBS3	2	2	0	13	0	0	0	0	0	0
1241	chr2:105030001-105729000	SBS100	2	1	0	1	0	0	0	0	0	0
1242	chr2:105030001-105729000	SBS3	2	1	0	2	0	0	0	0	0	0
1243	chr2:106263001-108438000	SBS1	2	2	0	1	0	0	0	0	0	0
1244	chr2:106263001-108438000	SBS3	2	2	0	10	0	0	0	0	0	0
1245	chr2:108695501-109543500	SBS1	2	2	0	1	0	0	0	0	0	0
1246	chr2:108695501-109543500	SBS3	2	2	2	9	0	0	0	0	0	0
1247	chr2:10873574-11120000	SBS100	4	3	0	1	0	0	0	0	0	0
1248	chr2:10873574-11120000	SBS3	4	3	0	2	0	2	0	0	0	0
1249	chr2:109543501-110684000	SBS3	2	1	1	1	0	0	0	0	0	0
1250	chr2:110684001-111114000	SBS3	2	2	0	4	0	0	0	0	0	0
1251	chr2:111114001-112802000	SBS3	2	1	0	3	0	0	0	0	0	0
1252	chr2:113075001-113875000	SBS3	2	1	0	1	0	0	0	0	0	0
1253	chr2:113984001-114799000	SBS3	2	2	0	4	0	0	0	0	0	0
1254	chr2:11399001-11688000	SBS3	4	3	0	2	1	0	0	0	0	0
1255	chr2:114799001-117904000	SBS1	2	2	0	2	0	0	0	0	0	0
1256	chr2:114799001-117904000	SBS3	2	2	1	15	0	0	0	0	0	0
1257	chr2:11688001-11780000	SBS3	3	2	0	0	1	0	0	0	0	0
1258	chr2:11780001-16606000	SBS1	4	3	0	0	0	1	0	0	0	0
1259	chr2:11780001-16606000	SBS3	4	3	0	1	9	26	0	0	0	0
1260	chr2:118135001-119747583	SBS3	2	2	0	6	0	0	0	0	0	0
1261	chr2:120324001-121342000	SBS3	2	0	1	0	0	0	0	0	0	0
1262	chr2:121342001-121761000	SBS1	1	0	1	0	0	0	0	0	0	0
1263	chr2:121342001-121761000	SBS3	1	0	1	0	0	0	0	0	0	0
1264	chr2:121761001-127061000	SBS1	2	0	1	2	0	0	0	0	0	0
1265	chr2:121761001-127061000	SBS100	2	0	0	1	0	0	0	0	0	0
1266	chr2:121761001-127061000	SBS3	2	0	6	7	0	0	0	0	0	0
1267	chr2:127061001-127892000	SBS1	1	0	1	0	0	0	0	0	0	0
1268	chr2:127061001-127892000	SBS3	1	0	3	0	0	0	0	0	0	0
1269	chr2:127892001-134115000	SBS1	2	0	1	0	0	0	0	0	0	0
1270	chr2:127892001-134115000	SBS100	2	0	1	1	0	0	0	0	0	0
1271	chr2:127892001-134115000	SBS3	2	0	6	4	0	0	0	0	0	0
1272	chr2:134115001-134433000	SBS3	1	0	1	0	0	0	0	0	0	0
1273	chr2:136387001-137831000	SBS3	2	0	1	3	0	0	0	0	0	0
1274	chr2:138034001-138666143	SBS3	1	1	5	0	0	0	0	0	0	0
1275	chr2:138666144-140282000	SBS1	2	2	0	2	0	0	0	0	0	0
1276	chr2:138666144-140282000	SBS3	2	2	0	7	0	0	0	0	0	0
1277	chr2:140282001-142833000	SBS3	2	2	0	9	0	0	0	0	0	0
1278	chr2:143768001-144181000	SBS3	2	2	0	5	0	0	0	0	0	0
1279	chr2:144181001-144610000	SBS3	2	1	0	1	0	0	0	0	0	0
1280	chr2:144610001-148818000	SBS100	2	2	0	1	0	0	0	0	0	0
1281	chr2:144610001-148818000	SBS3	2	2	3	21	0	0	0	0	0	0
1282	chr2:148818001-149558000	SBS3	2	2	1	3	0	0	0	0	0	0
1283	chr2:149558001-149599000	SBS100	1	1	1	0	0	0	0	0	0	0
1284	chr2:149599001-151234000	SBS3	2	2	0	7	0	0	0	0	0	0
1285	chr2:151234001-151511000	SBS100	2	1	0	1	0	0	0	0	0	0
1286	chr2:151511001-152332000	SBS3	2	2	0	1	0	0	0	0	0	0
1287	chr2:152783001-156331000	SBS1	2	2	0	1	0	0	0	0	0	0
1288	chr2:152783001-156331000	SBS3	2	2	1	18	0	0	0	0	0	0
1289	chr2:157145001-157502000	SBS3	2	1	0	3	0	0	0	0	0	0
1290	chr2:157502001-157747000	SBS3	2	2	0	1	0	0	0	0	0	0
1291	chr2:157904001-158169000	SBS3	2	2	0	1	0	0	0	0	0	0
1292	chr2:158169001-159801000	SBS1	2	1	0	1	0	0	0	0	0	0
1293	chr2:158169001-159801000	SBS3	2	1	0	1	0	0	0	0	0	0
1294	chr2:159801001-160196000	SBS100	2	2	0	1	0	0	0	0	0	0
1295	chr2:159801001-160196000	SBS3	2	2	0	2	0	0	0	0	0	0
1296	chr2:160585001-161062000	SBS3	2	2	0	1	0	0	0	0	0	0
1297	chr2:161226001-161476000	SBS1	3	1	0	0	1	0	0	0	0	0
1298	chr2:161226001-161476000	SBS3	3	1	0	0	1	0	0	0	0	0
1299	chr2:161476001-161856000	SBS3	3	2	0	1	2	0	0	0	0	0
1300	chr2:161856001-162384000	SBS3	2	2	0	2	0	0	0	0	0	0
1301	chr2:162384001-163539070	SBS3	3	2	0	0	5	0	0	0	0	0
1302	chr2:163573240-165740000	SBS3	2	2	0	5	0	0	0	0	0	0
1303	chr2:165740001-165964000	SBS3	2	1	0	1	0	0	0	0	0	0
1304	chr2:165964001-169460000	SBS3	3	2	0	3	18	0	0	0	0	0
1305	chr2:16606001-16676000	SBS3	3	2	0	1	0	0	0	0	0	0
1306	chr2:16676001-17400959	SBS3	4	3	0	1	1	2	0	0	0	0
1307	chr2:169460001-170095000	SBS3	2	2	0	1	0	0	0	0	0	0
1308	chr2:170095001-170927000	SBS3	3	2	0	4	6	0	0	0	0	0
1309	chr2:170927001-171806000	SBS3	2	2	0	3	0	0	0	0	0	0
1310	chr2:171870001-172425000	SBS3	2	2	0	2	0	0	0	0	0	0
1311	chr2:172469001-172923000	SBS3	3	2	0	0	3	0	0	0	0	0
1312	chr2:172923001-173237000	SBS3	2	1	0	3	0	0	0	0	0	0
1313	chr2:173237001-173892000	SBS3	2	2	0	1	0	0	0	0	0	0
1314	chr2:17400960-17476776	SBS3	6	3	0	0	0	0	1	0	1	0
1315	chr2:174043001-175183000	SBS3	2	2	0	3	0	0	0	0	0	0
1316	chr2:17476777-17505000	SBS3	3	3	0	2	0	0	0	0	0	0
1317	chr2:175183001-177138000	SBS1	3	2	0	2	1	0	0	0	0	0
1318	chr2:175183001-177138000	SBS100	3	2	0	1	0	0	0	0	0	0
1319	chr2:175183001-177138000	SBS3	3	2	0	3	6	0	0	0	0	0
1320	chr2:17561001-19862000	SBS100	3	3	0	0	1	0	0	0	0	0
1321	chr2:17561001-19862000	SBS3	3	3	0	2	9	0	0	0	0	0
1322	chr2:177138001-177638000	SBS3	2	1	0	2	0	0	0	0	0	0
1323	chr2:177638001-178395000	SBS3	3	2	0	0	3	0	0	0	0	0
1324	chr2:178395001-178520000	SBS3	2	1	0	1	0	0	0	0	0	0
1325	chr2:178520001-179095000	SBS3	3	2	0	0	1	0	0	0	0	0
1326	chr2:179276001-179674526	SBS3	3	2	0	0	1	0	0	0	0	0
1327	chr2:179674586-180966000	SBS3	2	2	0	7	0	0	0	0	0	0
1328	chr2:180966001-181154000	SBS3	2	1	0	2	0	0	0	0	0	0
1329	chr2:181154001-181740000	SBS3	2	1	1	3	0	0	0	0	0	0
1330	chr2:181740001-181955000	SBS3	2	0	1	1	0	0	0	0	0	0
1331	chr2:181955001-183221000	SBS3	2	1	0	5	0	0	0	0	0	0
1332	chr2:183221001-186441000	SBS3	2	2	1	14	0	0	0	0	0	0
1333	chr2:186697001-186991000	SBS3	2	2	0	1	0	0	0	0	0	0
1334	chr2:187002001-187598000	SBS3	2	1	0	1	0	0	0	0	0	0
1335	chr2:187598001-189437000	SBS3	2	1	0	6	0	0	0	0	0	0
1336	chr2:189437001-189811000	SBS3	2	0	0	1	0	0	0	0	0	0
1337	chr2:190087001-190950000	SBS3	2	0	2	0	0	0	0	0	0	0
1338	chr2:191033001-191872000	SBS3	2	1	1	1	0	0	0	0	0	0
1339	chr2:191872001-195526000	SBS3	2	2	1	17	0	0	0	0	0	0
1340	chr2:195526001-195675000	SBS3	1	1	1	0	0	0	0	0	0	0
1341	chr2:196299001-197071000	SBS3	2	2	0	2	0	0	0	0	0	0
1342	chr2:197071001-197518000	SBS3	2	1	0	2	0	0	0	0	0	0
1343	chr2:197518001-198386000	SBS3	2	2	1	3	0	0	0	0	0	0
1344	chr2:198386001-199701000	SBS1	3	2	0	0	1	0	0	0	0	0
1345	chr2:198386001-199701000	SBS100	3	2	0	0	1	0	0	0	0	0
1346	chr2:198386001-199701000	SBS3	3	2	0	1	11	0	0	0	0	0
1347	chr2:19862001-20681000	SBS3	3	2	1	0	4	0	0	0	0	0
1348	chr2:200298001-200473000	SBS3	1	1	1	0	0	0	0	0	0	0
1349	chr2:200473001-201952000	SBS3	2	2	0	8	0	0	0	0	0	0
1350	chr2:202044001-203524000	SBS3	2	1	0	3	0	0	0	0	0	0
1351	chr2:203524001-204032000	SBS3	2	1	0	1	0	0	0	0	0	0
1352	chr2:204032001-205988000	SBS1	2	2	0	1	0	0	0	0	0	0
1353	chr2:204032001-205988000	SBS3	2	2	0	3	0	0	0	0	0	0
1354	chr2:205988001-206169000	SBS1	2	1	1	0	0	0	0	0	0	0
1355	chr2:205988001-206169000	SBS3	2	1	1	0	0	0	0	0	0	0
1356	chr2:206169001-207062000	SBS3	2	2	0	6	0	0	0	0	0	0
1357	chr2:20681001-23728000	SBS1	4	3	0	0	0	1	0	0	0	0
1358	chr2:20681001-23728000	SBS100	4	3	0	0	0	1	0	0	0	0
1359	chr2:20681001-23728000	SBS3	4	3	0	1	7	8	0	0	0	0
1360	chr2:207172001-207486000	SBS3	2	2	0	2	0	0	0	0	0	0
1361	chr2:207486001-208363000	SBS3	2	1	0	5	0	0	0	0	0	0
1362	chr2:208363001-209327000	SBS1	2	2	1	0	0	0	0	0	0	0
1363	chr2:208363001-209327000	SBS3	2	2	1	5	0	0	0	0	0	0
1364	chr2:209327001-210629000	SBS3	2	1	0	6	0	0	0	0	0	0
1365	chr2:210629001-211878000	SBS3	2	2	0	13	0	0	0	0	0	0
1366	chr2:211878001-212891000	SBS100	2	1	0	1	0	0	0	0	0	0
1367	chr2:211878001-212891000	SBS3	2	1	1	4	0	0	0	0	0	0
1368	chr2:213317001-214705000	SBS1	2	2	0	1	0	0	0	0	0	0
1369	chr2:213317001-214705000	SBS3	2	2	0	5	0	0	0	0	0	0
1370	chr2:214866001-215268000	SBS3	2	2	0	1	0	0	0	0	0	0
1371	chr2:215268001-218215000	SBS100	2	1	0	1	0	0	0	0	0	0
1372	chr2:215268001-218215000	SBS3	2	1	0	5	0	0	0	0	0	0
1373	chr2:218328001-219191000	SBS3	2	1	0	2	0	0	0	0	0	0
1374	chr2:219300001-221422000	SBS1	2	1	0	1	0	0	0	0	0	0
1375	chr2:219300001-221422000	SBS3	2	1	1	2	0	0	0	0	0	0
1376	chr2:221577001-222546000	SBS1	2	2	0	2	0	0	0	0	0	0
1377	chr2:221577001-222546000	SBS3	2	2	0	5	0	0	0	0	0	0
1378	chr2:222546001-222960000	SBS3	2	1	0	1	0	0	0	0	0	0
1379	chr2:222960001-223685000	SBS3	2	2	1	1	0	0	0	0	0	0
1380	chr2:224355001-224591000	SBS3	2	1	0	1	0	0	0	0	0	0
1381	chr2:224591001-226028000	SBS3	2	2	0	11	0	0	0	0	0	0
1382	chr2:226028001-227398000	SBS1	2	1	0	1	0	0	0	0	0	0
1383	chr2:226028001-227398000	SBS3	2	1	1	3	0	0	0	0	0	0
1384	chr2:227574001-227775000	SBS3	2	2	0	1	0	0	0	0	0	0
1385	chr2:227892001-229758000	SBS3	2	2	0	6	0	0	0	0	0	0
1386	chr2:229758001-229932000	SBS3	2	0	0	1	0	0	0	0	0	0
1387	chr2:229932001-233570000	SBS1	2	1	1	0	0	0	0	0	0	0
1388	chr2:229932001-233570000	SBS100	2	1	3	1	0	0	0	0	0	0
1389	chr2:229932001-233570000	SBS3	2	1	15	10	0	0	0	0	0	0
1390	chr2:233570001-233965000	SBS3	2	2	0	2	0	0	0	0	0	0
1391	chr2:233965001-234506000	SBS100	2	1	0	2	0	0	0	0	0	0
1392	chr2:233965001-234506000	SBS3	2	1	0	3	0	0	0	0	0	0
1393	chr2:234506001-237054000	SBS100	2	1	0	1	0	0	0	0	0	0
1394	chr2:234506001-237054000	SBS3	2	1	4	8	0	0	0	0	0	0
1395	chr2:237054001-238464000	SBS3	2	1	0	4	0	0	0	0	0	0
1396	chr2:23728001-24552000	SBS3	3	2	0	2	0	0	0	0	0	0
1397	chr2:238464001-239191000	SBS3	2	1	4	1	0	0	0	0	0	0
1398	chr2:239341001-240555500	SBS3	2	1	1	3	0	0	0	0	0	0
1399	chr2:240589001-241635094	SBS3	2	1	1	2	0	0	0	0	0	0
1400	chr2:24747001-25194000	SBS3	3	3	0	1	1	0	0	0	0	0
1401	chr2:25194001-25883000	SBS3	3	2	0	0	2	0	0	0	0	0
1402	chr2:26398001-28593000	SBS3	2	1	4	12	0	0	0	0	0	0
1403	chr2:29264001-30114000	SBS3	3	2	0	0	4	0	0	0	0	0
1404	chr2:30114001-30632000	SBS1	2	1	0	1	0	0	0	0	0	0
1405	chr2:30114001-30632000	SBS100	2	1	0	1	0	0	0	0	0	0
1406	chr2:30114001-30632000	SBS3	2	1	0	1	0	0	0	0	0	0
1407	chr2:30632001-31202000	SBS3	3	2	0	1	5	0	0	0	0	0
1408	chr2:31454001-31840000	SBS3	3	2	0	0	1	0	0	0	0	0
1409	chr2:316001-3182000	SBS1	8	2	0	0	0	0	0	0	1	1
1410	chr2:316001-3182000	SBS100	8	2	0	0	0	0	0	2	0	0
1411	chr2:316001-3182000	SBS3	8	2	0	0	8	9	5	3	2	0
1412	chr2:3182001-3610000	SBS1	7	1	0	0	0	0	0	0	1	0
1413	chr2:3182001-3610000	SBS3	7	1	0	0	1	0	0	0	0	0
1414	chr2:31840001-33430000	SBS100	2	2	0	1	0	0	0	0	0	0
1415	chr2:31840001-33430000	SBS3	2	2	0	6	0	0	0	0	0	0
1416	chr2:33606001-36289000	SBS1	3	2	0	0	1	0	0	0	0	0
1417	chr2:33606001-36289000	SBS3	3	2	0	5	11	0	0	0	0	0
1418	chr2:3610001-8170000	SBS1	7	2	0	0	0	0	1	0	0	1
1419	chr2:3610001-8170000	SBS100	7	2	0	0	0	0	0	0	0	1
1420	chr2:3610001-8170000	SBS3	7	2	0	1	3	6	2	0	7	8
1421	chr2:36289001-38371000	SBS3	2	1	1	4	0	0	0	0	0	0
1422	chr2:38371001-39789000	SBS3	2	1	0	4	0	0	0	0	0	0
1423	chr2:39789001-42091000	SBS3	2	2	0	9	0	0	0	0	0	0
1424	chr2:42120001-42303000	SBS3	2	0	3	0	0	0	0	0	0	0
1425	chr2:43599001-44783000	SBS100	2	1	0	1	0	0	0	0	0	0
1426	chr2:43599001-44783000	SBS3	2	1	0	3	0	0	0	0	0	0
1427	chr2:44783001-45395000	SBS3	2	2	0	3	0	0	0	0	0	0
1428	chr2:45395001-47375000	SBS3	2	1	1	3	0	0	0	0	0	0
1429	chr2:47684001-48610000	SBS3	2	1	2	2	0	0	0	0	0	0
1430	chr2:48610001-49675000	SBS3	2	2	0	6	0	0	0	0	0	0
1431	chr2:49675001-51016000	SBS1	2	1	0	1	0	0	0	0	0	0
1432	chr2:49675001-51016000	SBS3	2	1	0	5	0	0	0	0	0	0
1433	chr2:51016001-53737000	SBS3	2	2	0	3	0	0	0	0	0	0
1434	chr2:53895001-54117000	SBS3	3	1	0	1	0	0	0	0	0	0
1435	chr2:54117001-54546000	SBS3	3	1	0	1	1	0	0	0	0	0
1436	chr2:55056001-55784000	SBS3	3	1	0	1	0	0	0	0	0	0
1437	chr2:55784001-57757919	SBS100	4	2	0	0	0	1	0	0	0	0
1438	chr2:55784001-57757919	SBS3	4	2	0	4	2	8	0	0	0	0
1439	chr2:57757920-60848000	SBS100	5	2	0	0	0	0	1	0	0	0
1440	chr2:57757920-60848000	SBS3	5	2	0	3	4	4	4	0	0	0
1441	chr2:61020001-61544000	SBS1	5	2	0	1	0	0	0	0	0	0
1442	chr2:61020001-61544000	SBS3	5	2	0	1	1	0	1	0	0	0
1443	chr2:61544001-61848000	SBS3	6	2	0	0	1	0	1	0	0	0
1444	chr2:61848001-63065000	SBS3	4	1	0	6	0	0	0	0	0	0
1445	chr2:63065001-63266043	SBS1	5	2	0	1	0	0	0	0	0	0
1446	chr2:63065001-63266043	SBS3	5	2	0	0	1	0	0	0	0	0
1447	chr2:63266085-63580000	SBS1	6	2	0	0	0	1	0	0	0	0
1448	chr2:63580001-64013000	SBS100	3	1	0	0	1	0	0	0	0	0
1449	chr2:64013001-64341000	SBS3	2	1	0	1	0	0	0	0	0	0
1450	chr2:64341001-64448000	SBS3	3	2	0	0	1	0	0	0	0	0
1451	chr2:64448001-64877000	SBS3	3	1	0	2	1	0	0	0	0	0
1452	chr2:64877001-65442000	SBS3	3	1	0	2	0	0	0	0	0	0
1453	chr2:65442001-68028000	SBS3	4	2	0	4	9	7	0	0	0	0
1454	chr2:68028001-70084000	SBS1	3	1	0	1	0	0	0	0	0	0
1455	chr2:68028001-70084000	SBS3	3	1	1	2	3	0	0	0	0	0
1456	chr2:70153420-71462000	SBS3	2	1	3	2	0	0	0	0	0	0
1457	chr2:71462001-73683000	SBS3	2	2	0	5	0	0	0	0	0	0
1458	chr2:73683001-74832000	SBS3	2	1	3	2	0	0	0	0	0	0
1459	chr2:74878001-75587000	SBS3	2	1	0	1	0	0	0	0	0	0
1460	chr2:75587001-75723000	SBS3	2	1	0	1	0	0	0	0	0	0
1461	chr2:75723001-84405000	SBS1	2	2	0	5	0	0	0	0	0	0
1462	chr2:75723001-84405000	SBS100	2	2	0	1	0	0	0	0	0	0
1463	chr2:75723001-84405000	SBS3	2	2	5	51	0	0	0	0	0	0
1464	chr2:8170001-9381000	SBS3	5	3	0	3	3	4	3	0	0	0
1465	chr2:84879001-85621000	SBS3	2	1	0	1	0	0	0	0	0	0
1466	chr2:85621001-88104000	SBS1	2	1	2	0	0	0	0	0	0	0
1467	chr2:85621001-88104000	SBS3	2	1	1	5	0	0	0	0	0	0
1468	chr2:88104001-88544000	SBS3	2	2	0	1	0	0	0	0	0	0
1469	chr2:88544001-93139350	SBS1	2	1	1	0	0	0	0	0	0	0
1470	chr2:88544001-93139350	SBS3	2	1	8	4	0	0	0	0	0	0
1471	chr2:93139351-96089500	SBS1	2	2	1	0	0	0	0	0	0	0
1472	chr2:93139351-96089500	SBS100	2	2	0	1	0	0	0	0	0	0
1473	chr2:93139351-96089500	SBS3	2	2	1	4	0	0	0	0	0	0
1474	chr2:9381001-10873539	SBS3	3	3	0	1	11	0	0	0	0	0
1475	chr2:96089501-98040000	SBS3	2	1	5	4	0	0	0	0	0	0
1476	chr2:98040001-98410000	SBS3	2	2	0	4	0	0	0	0	0	0
1477	chr2:98410001-99514000	SBS100	2	1	0	1	0	0	0	0	0	0
1478	chr2:99514001-100729000	SBS1	2	2	0	1	0	0	0	0	0	0
1479	chr2:99514001-100729000	SBS100	2	2	0	1	0	0	0	0	0	0
1480	chr2:99514001-100729000	SBS3	2	2	0	4	0	0	0	0	0	0
1481	chr3:1-4270000	SBS1	5	0	0	0	0	1	0	0	0	0
1482	chr3:1-4270000	SBS100	5	0	0	0	0	0	2	0	0	0
1483	chr3:1-4270000	SBS3	5	0	0	17	12	8	7	0	0	0
1484	chr3:100114001-101673000	SBS1	3	0	0	0	1	0	0	0	0	0
1485	chr3:100114001-101673000	SBS3	3	0	2	0	0	0	0	0	0	0
1486	chr3:101673001-102241000	SBS3	2	0	2	1	0	0	0	0	0	0
1487	chr3:102241001-105338000	SBS100	3	1	0	0	1	0	0	0	0	0
1488	chr3:102241001-105338000	SBS3	3	1	0	2	7	0	0	0	0	0
1489	chr3:10333001-11269000	SBS3	5	0	0	0	3	0	2	0	0	0
1490	chr3:105338001-105686000	SBS100	2	0	0	1	0	0	0	0	0	0
1491	chr3:105338001-105686000	SBS3	2	0	1	1	0	0	0	0	0	0
1492	chr3:105686001-105908000	SBS3	2	0	0	1	0	0	0	0	0	0
1493	chr3:105908001-106636000	SBS3	3	0	0	0	2	0	0	0	0	0
1494	chr3:106636001-107205000	SBS3	3	1	0	0	2	0	0	0	0	0
1495	chr3:107205001-107951000	SBS3	2	0	0	1	0	0	0	0	0	0
1496	chr3:108141001-108688000	SBS3	2	0	0	2	0	0	0	0	0	0
1497	chr3:108688001-109622729	SBS3	3	1	0	0	2	0	0	0	0	0
1498	chr3:109623032-111066000	SBS3	3	1	0	0	4	0	0	0	0	0
1499	chr3:111066001-114287000	SBS3	2	0	2	5	0	0	0	0	0	0
1500	chr3:114461001-115174000	SBS3	2	0	0	1	0	0	0	0	0	0
1501	chr3:115174001-115639000	SBS3	3	0	0	1	3	0	0	0	0	0
1502	chr3:115880001-118806676	SBS1	3	1	0	0	1	0	0	0	0	0
1503	chr3:115880001-118806676	SBS3	3	1	0	2	14	0	0	0	0	0
1504	chr3:11855001-12119000	SBS1	5	0	0	0	1	1	0	0	0	0
1505	chr3:11855001-12119000	SBS3	5	0	0	1	1	2	1	0	0	0
1506	chr3:118806709-119194000	SBS1	3	1	1	0	0	0	0	0	0	0
1507	chr3:118806709-119194000	SBS3	3	1	1	3	3	0	0	0	0	0
1508	chr3:119194001-120866000	SBS3	2	0	5	2	0	0	0	0	0	0
1509	chr3:120866001-121403000	SBS1	3	0	0	0	1	0	0	0	0	0
1510	chr3:120866001-121403000	SBS3	3	0	0	2	0	0	0	0	0	0
1511	chr3:12119001-12766222	SBS3	4	0	4	1	0	1	0	0	0	0
1512	chr3:121403001-125035000	SBS3	3	0	2	2	4	0	0	0	0	0
1513	chr3:125402001-127065000	SBS1	3	0	1	0	0	0	0	0	0	0
1514	chr3:125402001-127065000	SBS100	3	0	0	1	0	0	0	0	0	0
1515	chr3:125402001-127065000	SBS3	3	0	2	1	1	0	0	0	0	0
1516	chr3:127065001-127542000	SBS3	3	1	4	0	1	0	0	0	0	0
1517	chr3:127542001-128387000	SBS3	3	0	0	0	2	0	0	0	0	0
1518	chr3:12766286-13096000	SBS3	4	0	0	3	0	1	0	0	0	0
1519	chr3:128615001-129896000	SBS3	2	0	0	3	0	0	0	0	0	0
1520	chr3:129896001-130658000	SBS1	3	1	0	2	0	0	0	0	0	0
1521	chr3:129896001-130658000	SBS3	3	1	0	1	2	0	0	0	0	0
1522	chr3:130658001-131035000	SBS3	2	0	1	0	0	0	0	0	0	0
1523	chr3:13096001-13600000	SBS3	4	0	0	0	2	0	0	0	0	0
1524	chr3:131035001-132274000	SBS3	3	0	0	2	1	0	0	0	0	0
1525	chr3:132736001-133420000	SBS3	3	0	0	1	2	0	0	0	0	0
1526	chr3:133664001-134149000	SBS3	3	1	0	0	1	0	0	0	0	0
1527	chr3:134149001-134545000	SBS3	2	0	0	1	0	0	0	0	0	0
1528	chr3:134545001-135892000	SBS1	3	1	0	0	1	0	0	0	0	0
1529	chr3:134545001-135892000	SBS3	3	1	0	0	2	0	0	0	0	0
1530	chr3:135892001-137072000	SBS3	3	0	0	1	0	0	0	0	0	0
1531	chr3:13600001-14103000	SBS3	5	0	0	1	0	1	0	0	0	0
1532	chr3:137072001-138108000	SBS3	3	1	0	2	1	0	0	0	0	0
1533	chr3:138108001-138950500	SBS3	3	0	0	2	0	0	0	0	0	0
1534	chr3:138950501-139339000	SBS3	3	1	0	1	2	0	0	0	0	0
1535	chr3:139339001-139703000	SBS3	2	0	0	2	0	0	0	0	0	0
1536	chr3:139703001-140267579	SBS3	3	1	0	0	2	0	0	0	0	0
1537	chr3:14103001-15244000	SBS100	4	0	0	0	1	0	0	0	0	0
1538	chr3:14103001-15244000	SBS3	4	0	0	2	1	2	0	0	0	0
1539	chr3:141583001-144131000	SBS3	3	0	1	0	2	0	0	0	0	0
1540	chr3:144131001-146060000	SBS3	4	1	0	0	0	1	0	0	0	0
1541	chr3:146060001-146667000	SBS100	3	0	1	0	0	0	0	0	0	0
1542	chr3:146060001-146667000	SBS3	3	0	1	0	0	0	0	0	0	0
1543	chr3:146667001-148585162	SBS1	4	1	0	0	0	1	0	0	0	0
1544	chr3:146667001-148585162	SBS3	4	1	0	2	0	5	0	0	0	0
1545	chr3:148945001-149979000	SBS1	3	0	0	1	0	0	0	0	0	0
1546	chr3:148945001-149979000	SBS100	3	0	0	1	0	0	0	0	0	0
1547	chr3:148945001-149979000	SBS3	3	0	0	1	1	0	0	0	0	0
1548	chr3:151386001-152191000	SBS3	3	0	0	1	0	0	0	0	0	0
1549	chr3:152191001-152398770	SBS3	2	0	0	1	0	0	0	0	0	0
1550	chr3:15244001-15384000	SBS3	3	0	0	1	0	0	0	0	0	0
1551	chr3:152479001-153032000	SBS3	4	0	0	0	0	2	0	0	0	0
1552	chr3:153032001-153360000	SBS3	3	0	1	0	0	0	0	0	0	0
1553	chr3:153360001-154151000	SBS3	4	0	0	2	0	0	0	0	0	0
1554	chr3:15384001-15751000	SBS3	4	0	0	1	0	1	0	0	0	0
1555	chr3:154340001-155173000	SBS3	4	1	0	0	0	2	0	0	0	0
1556	chr3:155173001-156442000	SBS3	4	0	0	1	1	1	0	0	0	0
1557	chr3:156863001-157062000	SBS3	4	0	1	0	0	0	0	0	0	0
1558	chr3:15751001-15832000	SBS3	3	0	0	0	1	0	0	0	0	0
1559	chr3:157625501-158085000	SBS3	4	1	0	0	0	1	0	0	0	0
1560	chr3:158085001-158643000	SBS100	3	0	0	0	1	0	0	0	0	0
1561	chr3:15832001-16540079	SBS3	4	0	0	4	0	0	0	0	0	0
1562	chr3:158643001-158828000	SBS3	2	0	0	1	0	0	0	0	0	0
1563	chr3:158828001-159758000	SBS3	4	1	0	1	2	3	0	0	0	0
1564	chr3:159758001-160403725	SBS3	3	0	2	0	1	0	0	0	0	0
1565	chr3:160403916-161448000	SBS3	3	0	1	1	1	0	0	0	0	0
1566	chr3:161448001-162152383	SBS3	4	0	0	0	0	1	0	0	0	0
1567	chr3:162152497-167269000	SBS1	4	1	0	0	0	1	0	0	0	0
1568	chr3:162152497-167269000	SBS100	4	1	0	1	0	0	0	0	0	0
1569	chr3:162152497-167269000	SBS3	4	1	3	6	2	10	0	0	0	0
1570	chr3:16540133-17158000	SBS3	4	0	0	0	0	1	0	0	0	0
1571	chr3:167269001-168223000	SBS3	3	0	0	1	2	0	0	0	0	0
1572	chr3:168223001-169758000	SBS3	4	0	0	1	2	5	0	0	0	0
1573	chr3:169758001-170432000	SBS3	3	0	0	0	1	0	0	0	0	0
1574	chr3:171163001-172036000	SBS3	3	0	0	1	1	0	0	0	0	0
1575	chr3:172514001-172679000	SBS100	2	0	0	1	0	0	0	0	0	0
1576	chr3:172679001-176904000	SBS1	4	0	0	0	1	0	0	0	0	0
1577	chr3:172679001-176904000	SBS3	4	0	1	5	0	5	0	0	0	0
1578	chr3:176904001-177839000	SBS100	3	0	1	0	0	0	0	0	0	0
1579	chr3:176904001-177839000	SBS3	3	0	2	1	2	0	0	0	0	0
1580	chr3:177839001-178447000	SBS3	4	0	0	0	1	1	0	0	0	0
1581	chr3:178447001-179014000	SBS3	5	0	0	0	0	0	1	0	0	0
1582	chr3:179014001-179829000	SBS3	4	0	0	0	1	1	0	0	0	0
1583	chr3:179829001-180909000	SBS3	4	0	0	0	0	2	0	0	0	0
1584	chr3:180909001-180992000	SBS3	2	1	0	1	0	0	0	0	0	0
1585	chr3:180992001-181686000	SBS3	5	0	0	1	1	0	1	0	0	0
1586	chr3:181686001-182588000	SBS3	4	0	0	0	0	1	0	0	0	0
1587	chr3:182588001-183768000	SBS3	3	0	0	0	1	0	0	0	0	0
1588	chr3:18448001-18922000	SBS3	4	0	0	1	0	0	0	0	0	0
1589	chr3:184922001-186779000	SBS3	4	0	0	1	1	3	0	0	0	0
1590	chr3:186779001-187174000	SBS100	3	0	0	1	0	0	0	0	0	0
1591	chr3:186779001-187174000	SBS3	3	0	1	0	0	0	0	0	0	0
1592	chr3:187174001-187385366	SBS3	4	0	0	0	0	1	0	0	0	0
1593	chr3:187486283-187735000	SBS3	4	0	0	0	1	0	0	0	0	0
1594	chr3:188985001-191232000	SBS1	3	0	0	0	1	0	0	0	0	0
1595	chr3:188985001-191232000	SBS3	3	0	0	2	4	0	0	0	0	0
1596	chr3:18922001-19878000	SBS1	5	0	0	0	1	0	0	0	0	0
1597	chr3:18922001-19878000	SBS3	5	0	0	3	2	0	2	0	0	0
1598	chr3:191405001-193518000	SBS1	3	0	0	1	1	0	0	0	0	0
1599	chr3:191405001-193518000	SBS3	3	0	1	2	3	0	0	0	0	0
1600	chr3:193518001-198295559	SBS1	2	0	0	1	0	0	0	0	0	0
1601	chr3:193518001-198295559	SBS3	2	0	9	8	0	0	0	0	0	0
1602	chr3:20234001-23795000	SBS100	4	0	0	2	0	1	0	0	0	0
1603	chr3:20234001-23795000	SBS3	4	0	1	7	3	2	0	0	0	0
1604	chr3:23956001-25422000	SBS100	4	0	0	0	1	0	0	0	0	0
1605	chr3:23956001-25422000	SBS3	4	0	1	3	0	1	0	0	0	0
1606	chr3:25867001-27030000	SBS1	5	0	0	0	0	1	0	0	0	0
1607	chr3:25867001-27030000	SBS3	5	0	0	0	3	0	2	0	0	0
1608	chr3:27030001-27348000	SBS3	4	0	0	2	0	0	0	0	0	0
1609	chr3:28239001-28351000	SBS3	3	0	0	0	1	0	0	0	0	0
1610	chr3:28351001-29136000	SBS1	4	0	0	0	0	1	0	0	0	0
1611	chr3:29136001-29656488	SBS1	4	0	0	1	0	0	0	0	0	0
1612	chr3:29136001-29656488	SBS3	4	0	0	1	0	1	0	0	0	0
1613	chr3:29656489-30512000	SBS3	4	0	0	0	1	3	0	0	0	0
1614	chr3:30512001-30694000	SBS3	2	0	1	0	0	0	0	0	0	0
1615	chr3:30694001-31153000	SBS1	5	0	0	0	1	0	0	0	0	0
1616	chr3:30694001-31153000	SBS3	5	0	0	1	1	0	2	0	0	0
1617	chr3:31153001-32391000	SBS3	4	0	0	1	2	1	0	0	0	0
1618	chr3:32504001-33355000	SBS3	4	0	1	0	1	1	0	0	0	0
1619	chr3:33355001-33891000	SBS3	4	0	0	1	1	0	0	0	0	0
1620	chr3:33891001-36863000	SBS1	5	0	0	0	1	0	1	0	0	0
1621	chr3:33891001-36863000	SBS100	5	0	0	0	0	0	1	0	0	0
1622	chr3:33891001-36863000	SBS3	5	0	0	4	4	3	8	0	0	0
1623	chr3:36863001-37883000	SBS3	4	0	0	1	2	0	0	0	0	0
1624	chr3:38526001-38669000	SBS3	3	0	0	0	1	0	0	0	0	0
1625	chr3:38669001-39050000	SBS1	5	0	0	0	0	0	2	0	0	0
1626	chr3:39293001-39502500	SBS3	4	0	0	1	0	0	0	0	0	0
1627	chr3:39502501-40176000	SBS1	5	0	0	0	0	0	1	0	0	0
1628	chr3:39502501-40176000	SBS3	5	0	0	0	0	3	0	0	0	0
1629	chr3:40176001-40782240	SBS3	4	0	0	1	0	0	0	0	0	0
1630	chr3:40830001-41196000	SBS3	3	0	0	0	1	0	0	0	0	0
1631	chr3:41249001-42010000	SBS3	4	0	0	4	1	0	0	0	0	0
1632	chr3:42010001-42232000	SBS100	3	0	0	1	0	0	0	0	0	0
1633	chr3:42010001-42232000	SBS3	3	0	0	1	1	0	0	0	0	0
1634	chr3:42232001-42469000	SBS3	4	0	0	1	0	1	0	0	0	0
1635	chr3:42469001-42913000	SBS3	3	0	0	0	1	0	0	0	0	0
1636	chr3:4270001-5256000	SBS3	3	0	0	1	1	0	0	0	0	0
1637	chr3:42913001-43280000	SBS3	4	0	0	1	0	1	0	0	0	0
1638	chr3:43280001-43773000	SBS3	3	0	0	0	1	0	0	0	0	0
1639	chr3:43773001-44804000	SBS3	4	0	0	2	0	3	0	0	0	0
1640	chr3:44804001-46096000	SBS3	3	0	1	2	1	0	0	0	0	0
1641	chr3:46100001-46575000	SBS3	1	0	3	0	0	0	0	0	0	0
1642	chr3:46575001-46926000	SBS3	2	0	0	1	0	0	0	0	0	0
1643	chr3:47167001-50226000	SBS3	2	0	3	2	0	0	0	0	0	0
1644	chr3:50226001-50367500	SBS3	1	0	1	0	0	0	0	0	0	0
1645	chr3:50634001-51309000	SBS3	2	0	5	1	0	0	0	0	0	0
1646	chr3:51695001-51940000	SBS3	2	0	0	1	0	0	0	0	0	0
1647	chr3:52292501-53382000	SBS1	2	0	1	0	0	0	0	0	0	0
1648	chr3:5256001-8353000	SBS3	5	0	0	6	2	3	5	0	0	0
1649	chr3:53903001-54820000	SBS1	2	0	0	1	0	0	0	0	0	0
1650	chr3:53903001-54820000	SBS3	2	0	2	1	0	0	0	0	0	0
1651	chr3:54820001-56554000	SBS3	2	0	1	2	0	0	0	0	0	0
1652	chr3:56932001-58587000	SBS3	1	0	3	0	0	0	0	0	0	0
1653	chr3:58587001-62623000	SBS3	2	0	0	5	0	0	0	0	0	0
1654	chr3:62623001-63818000	SBS1	2	0	0	1	0	0	0	0	0	0
1655	chr3:62623001-63818000	SBS100	2	0	0	1	0	0	0	0	0	0
1656	chr3:62623001-63818000	SBS3	2	0	0	1	0	0	0	0	0	0
1657	chr3:64035001-66252000	SBS3	2	0	2	1	0	0	0	0	0	0
1658	chr3:66252001-66504000	SBS1	1	0	1	0	0	0	0	0	0	0
1659	chr3:66504001-67738000	SBS3	2	0	2	3	0	0	0	0	0	0
1660	chr3:67738001-68956000	SBS3	2	0	2	2	0	0	0	0	0	0
1661	chr3:69128001-69447000	SBS3	2	0	0	1	0	0	0	0	0	0
1662	chr3:69447001-70092000	SBS3	2	1	0	3	0	0	0	0	0	0
1663	chr3:70092001-70949000	SBS3	2	1	0	3	0	0	0	0	0	0
1664	chr3:70949001-71539494	SBS3	1	1	2	0	0	0	0	0	0	0
1665	chr3:71590001-73872000	SBS1	2	1	0	1	0	0	0	0	0	0
1666	chr3:71590001-73872000	SBS100	2	1	0	3	0	0	0	0	0	0
1667	chr3:71590001-73872000	SBS3	2	1	0	5	0	0	0	0	0	0
1668	chr3:73872001-77476000	SBS1	2	1	2	1	0	0	0	0	0	0
1669	chr3:73872001-77476000	SBS100	2	1	1	2	0	0	0	0	0	0
1670	chr3:73872001-77476000	SBS3	2	1	5	3	0	0	0	0	0	0
1671	chr3:77476001-78160000	SBS3	2	2	1	3	0	0	0	0	0	0
1672	chr3:78160001-81221000	SBS100	2	1	0	1	0	0	0	0	0	0
1673	chr3:78160001-81221000	SBS3	2	1	4	10	0	0	0	0	0	0
1674	chr3:81221001-82166000	SBS3	2	1	0	1	0	0	0	0	0	0
1675	chr3:82166001-87152000	SBS1	2	1	0	2	0	0	0	0	0	0
1676	chr3:82166001-87152000	SBS100	2	1	0	1	0	0	0	0	0	0
1677	chr3:82166001-87152000	SBS3	2	1	5	5	0	0	0	0	0	0
1678	chr3:8353001-9302000	SBS3	4	0	0	1	2	1	0	0	0	0
1679	chr3:87989001-88267000	SBS3	1	1	1	0	0	0	0	0	0	0
1680	chr3:88267001-90084500	SBS1	2	1	0	1	0	0	0	0	0	0
1681	chr3:88267001-90084500	SBS3	2	1	5	3	0	0	0	0	0	0
1682	chr3:90084501-90263000	SBS3	3	2	0	0	1	0	0	0	0	0
1683	chr3:90263001-92214015	SBS1	5	2	0	2	1	0	0	0	0	0
1684	chr3:90263001-92214015	SBS100	5	2	0	2	1	0	2	0	0	0
1685	chr3:90263001-92214015	SBS3	5	2	2	36	13	6	4	0	0	0
1686	chr3:92214016-94183000	SBS3	2	0	3	1	0	0	0	0	0	0
1687	chr3:94183001-97757000	SBS3	3	1	0	5	10	0	0	0	0	0
1688	chr3:9477001-9725000	SBS3	5	0	0	0	2	0	0	0	0	0
1689	chr3:9725001-10333000	SBS3	4	0	0	2	0	0	0	0	0	0
1690	chr3:98041001-98490000	SBS3	3	0	0	1	0	0	0	0	0	0
1691	chr3:98490001-98908000	SBS3	2	0	1	0	0	0	0	0	0	0
1692	chr3:98908001-99629000	SBS3	3	1	0	2	1	0	0	0	0	0
1693	chr4:1-1366500	SBS1	2	0	0	1	0	0	0	0	0	0
1694	chr4:1-1366500	SBS100	2	0	0	1	0	0	0	0	0	0
1695	chr4:1-1366500	SBS3	2	0	2	1	0	0	0	0	0	0
1696	chr4:10003001-10209000	SBS100	1	0	1	0	0	0	0	0	0	0
1697	chr4:10003001-10209000	SBS3	1	0	1	0	0	0	0	0	0	0
1698	chr4:101009001-101358000	SBS1	1	0	1	0	0	0	0	0	0	0
1699	chr4:101009001-101358000	SBS3	1	0	1	0	0	0	0	0	0	0
1700	chr4:101358001-102293000	SBS1	2	0	0	1	0	0	0	0	0	0
1701	chr4:101358001-102293000	SBS3	2	0	3	0	0	0	0	0	0	0
1702	chr4:10209001-11823000	SBS1	2	0	0	1	0	0	0	0	0	0
1703	chr4:10209001-11823000	SBS3	2	0	1	2	0	0	0	0	0	0
1704	chr4:103200001-104727000	SBS3	3	0	0	3	1	0	0	0	0	0
1705	chr4:104727001-106372000	SBS3	2	0	2	2	0	0	0	0	0	0
1706	chr4:106372001-107599000	SBS3	3	0	0	2	0	0	0	0	0	0
1707	chr4:108174001-109403000	SBS3	3	0	1	2	1	0	0	0	0	0
1708	chr4:109403001-110212000	SBS3	2	0	1	1	0	0	0	0	0	0
1709	chr4:110212001-112079000	SBS3	3	0	2	5	3	0	0	0	0	0
1710	chr4:112326001-113489452	SBS3	3	0	4	1	1	0	0	0	0	0
1711	chr4:113788001-114041000	SBS3	4	0	0	1	0	0	0	0	0	0
1712	chr4:114041001-114858101	SBS100	5	0	1	0	0	0	0	0	0	0
1713	chr4:114041001-114858101	SBS3	5	0	0	0	2	1	0	0	0	0
1714	chr4:114858102-118209000	SBS3	3	0	4	3	1	0	0	0	0	0
1715	chr4:11823001-13302000	SBS1	2	0	2	0	0	0	0	0	0	0
1716	chr4:11823001-13302000	SBS3	2	0	6	4	0	0	0	0	0	0
1717	chr4:119760001-121108000	SBS3	3	0	2	1	2	0	0	0	0	0
1718	chr4:121275001-121644000	SBS3	3	0	0	1	0	0	0	0	0	0
1719	chr4:121644001-123666000	SBS3	2	0	4	3	0	0	0	0	0	0
1720	chr4:123666001-127762000	SBS100	3	0	1	0	0	0	0	0	0	0
1721	chr4:123666001-127762000	SBS3	3	0	5	6	3	0	0	0	0	0
1722	chr4:127762001-129145000	SBS1	2	0	1	1	0	0	0	0	0	0
1723	chr4:127762001-129145000	SBS3	2	0	1	0	0	0	0	0	0	0
1724	chr4:129145001-137659000	SBS1	3	0	2	0	1	0	0	0	0	0
1725	chr4:129145001-137659000	SBS100	3	0	1	1	0	0	0	0	0	0
1726	chr4:129145001-137659000	SBS3	3	0	2	20	8	0	0	0	0	0
1727	chr4:13302001-15343000	SBS100	2	0	1	0	0	0	0	0	0	0
1728	chr4:13302001-15343000	SBS3	2	0	0	3	0	0	0	0	0	0
1729	chr4:1366501-1681000	SBS3	2	0	0	1	0	0	0	0	0	0
1730	chr4:137659001-138903000	SBS3	2	0	1	0	0	0	0	0	0	0
1731	chr4:138903001-140969000	SBS3	1	0	1	0	0	0	0	0	0	0
1732	chr4:140969001-143334000	SBS3	2	0	2	2	0	0	0	0	0	0
1733	chr4:143563001-145041000	SBS3	2	0	2	0	0	0	0	0	0	0
1734	chr4:145518001-146526000	SBS3	1	0	2	0	0	0	0	0	0	0
1735	chr4:146526001-147507000	SBS100	2	0	1	1	0	0	0	0	0	0
1736	chr4:146526001-147507000	SBS3	2	0	3	2	0	0	0	0	0	0
1737	chr4:147507001-148453000	SBS3	2	0	0	1	0	0	0	0	0	0
1738	chr4:148453001-149959000	SBS3	2	0	0	1	0	0	0	0	0	0
1739	chr4:149959001-152289000	SBS3	1	0	1	0	0	0	0	0	0	0
1740	chr4:152289001-153661000	SBS3	1	0	4	0	0	0	0	0	0	0
1741	chr4:15343001-16273000	SBS3	2	0	1	0	0	0	0	0	0	0
1742	chr4:153661001-155350000	SBS1	2	0	1	0	0	0	0	0	0	0
1743	chr4:153661001-155350000	SBS3	2	0	4	3	0	0	0	0	0	0
1744	chr4:155827001-158667000	SBS1	2	0	1	0	0	0	0	0	0	0
1745	chr4:155827001-158667000	SBS100	2	0	1	0	0	0	0	0	0	0
1746	chr4:155827001-158667000	SBS3	2	0	1	2	0	0	0	0	0	0
1747	chr4:159370001-163327000	SBS1	2	0	2	0	0	0	0	0	0	0
1748	chr4:159370001-163327000	SBS3	2	0	7	5	0	0	0	0	0	0
1749	chr4:16273001-17466000	SBS3	2	0	3	0	0	0	0	0	0	0
1750	chr4:163708001-165084000	SBS100	2	0	1	0	0	0	0	0	0	0
1751	chr4:163708001-165084000	SBS3	2	0	1	4	0	0	0	0	0	0
1752	chr4:165084001-165498000	SBS3	1	0	1	0	0	0	0	0	0	0
1753	chr4:165498001-168150000	SBS3	2	0	1	5	0	0	0	0	0	0
1754	chr4:1681001-3404000	SBS1	1	0	1	0	0	0	0	0	0	0
1755	chr4:1681001-3404000	SBS3	1	0	4	0	0	0	0	0	0	0
1756	chr4:168150001-169771000	SBS3	1	0	2	0	0	0	0	0	0	0
1757	chr4:169771001-173149000	SBS100	2	0	1	0	0	0	0	0	0	0
1758	chr4:169771001-173149000	SBS3	2	0	5	4	0	0	0	0	0	0
1759	chr4:173149001-173506000	SBS3	1	0	1	0	0	0	0	0	0	0
1760	chr4:173506001-177288000	SBS1	2	0	0	1	0	0	0	0	0	0
1761	chr4:173506001-177288000	SBS3	2	0	6	5	0	0	0	0	0	0
1762	chr4:17466001-18069000	SBS3	2	0	1	1	0	0	0	0	0	0
1763	chr4:177699850-180895524	SBS3	2	0	4	3	0	0	0	0	0	0
1764	chr4:18069001-19486000	SBS3	2	0	0	2	0	0	0	0	0	0
1765	chr4:180895570-182864000	SBS3	2	0	4	3	0	0	0	0	0	0
1766	chr4:182864001-184255000	SBS3	2	0	0	1	0	0	0	0	0	0
1767	chr4:184484001-185521000	SBS1	1	0	1	0	0	0	0	0	0	0
1768	chr4:186249001-190214555	SBS1	2	0	1	0	0	0	0	0	0	0
1769	chr4:186249001-190214555	SBS100	2	0	1	0	0	0	0	0	0	0
1770	chr4:186249001-190214555	SBS3	2	0	15	3	0	0	0	0	0	0
1771	chr4:19486001-20777000	SBS3	2	0	1	0	0	0	0	0	0	0
1772	chr4:20777001-22355000	SBS1	2	0	1	1	0	0	0	0	0	0
1773	chr4:20777001-22355000	SBS3	2	0	2	2	0	0	0	0	0	0
1774	chr4:22355001-24510000	SBS3	2	0	1	2	0	0	0	0	0	0
1775	chr4:24590001-26854000	SBS3	2	0	0	4	0	0	0	0	0	0
1776	chr4:27015001-36083000	SBS100	2	0	0	1	0	0	0	0	0	0
1777	chr4:27015001-36083000	SBS3	2	0	11	9	0	0	0	0	0	0
1778	chr4:3404001-4241000	SBS1	2	0	1	1	0	0	0	0	0	0
1779	chr4:3404001-4241000	SBS3	2	0	9	0	0	0	0	0	0	0
1780	chr4:36083001-36401000	SBS3	1	0	1	0	0	0	0	0	0	0
1781	chr4:36401001-37378000	SBS3	2	0	2	3	0	0	0	0	0	0
1782	chr4:37378001-41418635	SBS1	1	0	1	0	0	0	0	0	0	0
1783	chr4:37378001-41418635	SBS3	1	0	9	0	0	0	0	0	0	0
1784	chr4:41432724-42723000	SBS1	2	0	1	0	0	0	0	0	0	0
1785	chr4:41432724-42723000	SBS3	2	0	0	1	0	0	0	0	0	0
1786	chr4:4241001-4713000	SBS3	2	0	0	1	0	0	0	0	0	0
1787	chr4:42723001-47450000	SBS1	2	0	0	2	0	0	0	0	0	0
1788	chr4:42723001-47450000	SBS3	2	0	7	11	0	0	0	0	0	0
1789	chr4:4713001-6633000	SBS3	2	0	2	5	0	0	0	0	0	0
1790	chr4:47574001-47834000	SBS3	2	0	1	0	0	0	0	0	0	0
1791	chr4:47834001-50726025	SBS1	1	0	1	0	0	0	0	0	0	0
1792	chr4:47834001-50726025	SBS3	1	0	3	0	0	0	0	0	0	0
1793	chr4:50726026-52144864	SBS3	1	0	2	0	0	0	0	0	0	0
1794	chr4:52144922-57235000	SBS1	2	0	0	1	0	0	0	0	0	0
1795	chr4:52144922-57235000	SBS3	2	0	3	4	0	0	0	0	0	0
1796	chr4:57235001-64736398	SBS1	2	0	3	1	0	0	0	0	0	0
1797	chr4:57235001-64736398	SBS100	2	0	1	0	0	0	0	0	0	0
1798	chr4:57235001-64736398	SBS3	2	0	12	17	0	0	0	0	0	0
1799	chr4:64736399-64742710	SBS3	3	1	0	0	1	0	0	0	0	0
1800	chr4:64742711-67485000	SBS3	2	0	1	2	0	0	0	0	0	0
1801	chr4:6633001-7075000	SBS100	1	0	1	0	0	0	0	0	0	0
1802	chr4:6633001-7075000	SBS3	1	0	1	0	0	0	0	0	0	0
1803	chr4:67787001-68307000	SBS3	2	0	0	1	0	0	0	0	0	0
1804	chr4:68307001-68504000	SBS3	1	0	2	0	0	0	0	0	0	0
1805	chr4:68504001-70613000	SBS1	2	0	0	1	0	0	0	0	0	0
1806	chr4:68504001-70613000	SBS3	2	0	2	2	0	0	0	0	0	0
1807	chr4:70613001-71031000	SBS1	1	0	1	0	0	0	0	0	0	0
1808	chr4:70613001-71031000	SBS3	1	0	1	0	0	0	0	0	0	0
1809	chr4:7075001-7738500	SBS3	3	0	3	0	1	0	0	0	0	0
1810	chr4:71031001-73053000	SBS3	2	0	2	2	0	0	0	0	0	0
1811	chr4:73267001-74706000	SBS3	2	0	2	2	0	0	0	0	0	0
1812	chr4:76969001-77205000	SBS3	1	0	1	0	0	0	0	0	0	0
1813	chr4:77205001-77698000	SBS100	2	0	1	0	0	0	0	0	0	0
1814	chr4:77205001-77698000	SBS3	2	0	1	1	0	0	0	0	0	0
1815	chr4:77698001-77865000	SBS3	1	0	1	0	0	0	0	0	0	0
1816	chr4:77865001-78544000	SBS3	2	0	0	2	0	0	0	0	0	0
1817	chr4:78959001-79296295	SBS3	2	0	0	1	0	0	0	0	0	0
1818	chr4:79296296-81463000	SBS3	3	0	1	2	3	0	0	0	0	0
1819	chr4:7997001-8595000	SBS3	2	0	2	0	0	0	0	0	0	0
1820	chr4:81463001-81694000	SBS3	1	0	1	0	0	0	0	0	0	0
1821	chr4:81694001-82821000	SBS1	2	0	0	1	0	0	0	0	0	0
1822	chr4:81694001-82821000	SBS3	2	0	2	0	0	0	0	0	0	0
1823	chr4:82821001-83683000	SBS3	2	0	2	2	0	0	0	0	0	0
1824	chr4:83683001-84571000	SBS3	3	0	0	1	0	0	0	0	0	0
1825	chr4:84982501-85441000	SBS3	3	0	0	1	1	0	0	0	0	0
1826	chr4:85441001-85980000	SBS3	2	0	0	2	0	0	0	0	0	0
1827	chr4:8595001-8939000	SBS3	3	0	0	0	1	0	0	0	0	0
1828	chr4:87125001-89109000	SBS1	2	0	0	1	0	0	0	0	0	0
1829	chr4:87125001-89109000	SBS3	2	0	1	1	0	0	0	0	0	0
1830	chr4:89109001-89514000	SBS3	2	0	2	0	0	0	0	0	0	0
1831	chr4:8939001-10003000	SBS3	2	0	3	5	0	0	0	0	0	0
1832	chr4:89514001-91010000	SBS3	3	0	0	2	1	0	0	0	0	0
1833	chr4:91010001-94204000	SBS1	3	0	0	0	1	0	0	0	0	0
1834	chr4:91010001-94204000	SBS3	3	0	4	5	1	0	0	0	0	0
1835	chr4:94204001-94442000	SBS3	2	0	0	1	0	0	0	0	0	0
1836	chr4:94625001-95646000	SBS3	2	0	0	2	0	0	0	0	0	0
1837	chr4:95646001-97936557	SBS100	3	0	0	0	1	0	0	0	0	0
1838	chr4:95646001-97936557	SBS3	3	0	0	2	3	0	0	0	0	0
1839	chr4:98136001-99096500	SBS1	2	0	1	0	0	0	0	0	0	0
1840	chr4:98136001-99096500	SBS3	2	0	6	2	0	0	0	0	0	0
1841	chr4:99096501-99803000	SBS3	3	0	0	2	0	0	0	0	0	0
1842	chr4:99957001-101009000	SBS3	3	0	0	1	0	0	0	0	0	0
1843	chr5:1-5849476	SBS1	2	2	0	3	0	0	0	0	0	0
1844	chr5:1-5849476	SBS3	2	2	0	18	0	0	0	0	0	0
1845	chr5:100532001-100814000	SBS3	1	0	1	0	0	0	0	0	0	0
1846	chr5:100910001-102751000	SBS1	2	0	0	1	0	0	0	0	0	0
1847	chr5:100910001-102751000	SBS3	2	0	4	2	0	0	0	0	0	0
1848	chr5:10239001-10773000	SBS3	2	1	1	1	0	0	0	0	0	0
1849	chr5:103565001-104068000	SBS3	2	0	1	0	0	0	0	0	0	0
1850	chr5:104068001-107242000	SBS1	1	0	1	0	0	0	0	0	0	0
1851	chr5:104068001-107242000	SBS3	1	0	3	0	0	0	0	0	0	0
1852	chr5:107242001-110112000	SBS1	1	0	1	0	0	0	0	0	0	0
1853	chr5:107242001-110112000	SBS3	1	0	3	0	0	0	0	0	0	0
1854	chr5:10773001-14141000	SBS1	2	2	0	3	0	0	0	0	0	0
1855	chr5:10773001-14141000	SBS100	2	2	0	2	0	0	0	0	0	0
1856	chr5:10773001-14141000	SBS3	2	2	0	14	0	0	0	0	0	0
1857	chr5:110112001-111060000	SBS3	2	0	1	0	0	0	0	0	0	0
1858	chr5:111060001-113616000	SBS3	1	0	4	0	0	0	0	0	0	0
1859	chr5:114410001-115168000	SBS3	2	2	0	6	0	0	0	0	0	0
1860	chr5:115168001-115598000	SBS3	1	1	1	0	0	0	0	0	0	0
1861	chr5:115636001-116780000	SBS3	2	1	0	4	0	0	0	0	0	0
1862	chr5:116780001-118980000	SBS1	2	2	0	1	0	0	0	0	0	0
1863	chr5:116780001-118980000	SBS100	2	2	0	2	0	0	0	0	0	0
1864	chr5:116780001-118980000	SBS3	2	2	0	7	0	0	0	0	0	0
1865	chr5:119430501-121689000	SBS3	2	1	0	3	0	0	0	0	0	0
1866	chr5:121689001-122204000	SBS1	2	1	1	0	0	0	0	0	0	0
1867	chr5:121689001-122204000	SBS3	2	1	6	1	0	0	0	0	0	0
1868	chr5:122204001-123341000	SBS3	2	2	0	7	0	0	0	0	0	0
1869	chr5:123612001-124574000	SBS3	2	1	2	3	0	0	0	0	0	0
1870	chr5:124574001-125067000	SBS3	2	1	1	1	0	0	0	0	0	0
1871	chr5:125067001-126335000	SBS3	2	1	1	4	0	0	0	0	0	0
1872	chr5:126335001-126544000	SBS3	1	1	1	0	0	0	0	0	0	0
1873	chr5:126544001-128229000	SBS3	2	1	0	4	0	0	0	0	0	0
1874	chr5:128229001-131159000	SBS3	2	1	6	9	0	0	0	0	0	0
1875	chr5:131159001-131651000	SBS3	2	0	1	0	0	0	0	0	0	0
1876	chr5:131651001-132367000	SBS3	2	1	4	0	0	0	0	0	0	0
1877	chr5:132502001-133126000	SBS3	2	1	0	1	0	0	0	0	0	0
1878	chr5:133126001-133909735	SBS1	2	2	0	1	0	0	0	0	0	0
1879	chr5:133126001-133909735	SBS3	2	2	0	1	0	0	0	0	0	0
1880	chr5:133909736-135502000	SBS3	1	0	4	0	0	0	0	0	0	0
1881	chr5:135502001-135785000	SBS3	2	0	0	1	0	0	0	0	0	0
1882	chr5:136193001-137619000	SBS1	2	0	0	1	0	0	0	0	0	0
1883	chr5:136193001-137619000	SBS3	2	0	4	1	0	0	0	0	0	0
1884	chr5:137619001-139261000	SBS3	1	0	3	0	0	0	0	0	0	0
1885	chr5:139261001-139713000	SBS100	1	0	1	0	0	0	0	0	0	0
1886	chr5:139261001-139713000	SBS3	1	0	1	0	0	0	0	0	0	0
1887	chr5:140104001-140714000	SBS3	1	0	3	0	0	0	0	0	0	0
1888	chr5:140714001-141473000	SBS1	2	0	0	1	0	0	0	0	0	0
1889	chr5:140714001-141473000	SBS3	2	0	0	1	0	0	0	0	0	0
1890	chr5:141473001-141653000	SBS1	1	0	1	0	0	0	0	0	0	0
1891	chr5:142707001-143438000	SBS1	1	0	1	0	0	0	0	0	0	0
1892	chr5:142707001-143438000	SBS3	1	0	1	0	0	0	0	0	0	0
1893	chr5:143438001-144137000	SBS3	2	0	1	3	0	0	0	0	0	0
1894	chr5:144205001-145661000	SBS100	2	0	0	1	0	0	0	0	0	0
1895	chr5:144205001-145661000	SBS3	2	0	4	2	0	0	0	0	0	0
1896	chr5:145661001-149341000	SBS1	2	0	0	1	0	0	0	0	0	0
1897	chr5:145661001-149341000	SBS3	2	0	3	4	0	0	0	0	0	0
1898	chr5:149341001-150806000	SBS3	1	0	4	0	0	0	0	0	0	0
1899	chr5:15036001-16434000	SBS1	2	2	0	1	0	0	0	0	0	0
1900	chr5:15036001-16434000	SBS3	2	2	0	6	0	0	0	0	0	0
1901	chr5:150806001-151016000	SBS3	2	0	2	0	0	0	0	0	0	0
1902	chr5:151258001-151829000	SBS3	1	0	1	0	0	0	0	0	0	0
1903	chr5:151829001-153964000	SBS100	2	0	1	0	0	0	0	0	0	0
1904	chr5:151829001-153964000	SBS3	2	0	1	4	0	0	0	0	0	0
1905	chr5:153964001-154514000	SBS3	1	0	1	0	0	0	0	0	0	0
1906	chr5:154974001-157105000	SBS3	2	0	3	4	0	0	0	0	0	0
1907	chr5:157105001-157861000	SBS3	1	0	2	0	0	0	0	0	0	0
1908	chr5:157861001-159155000	SBS3	2	0	0	3	0	0	0	0	0	0
1909	chr5:159215001-160391000	SBS3	2	0	0	2	0	0	0	0	0	0
1910	chr5:160491001-161550500	SBS100	2	0	1	0	0	0	0	0	0	0
1911	chr5:160491001-161550500	SBS3	2	0	1	0	0	0	0	0	0	0
1912	chr5:161550501-163401000	SBS3	2	0	2	1	0	0	0	0	0	0
1913	chr5:163521001-168266000	SBS1	2	0	0	1	0	0	0	0	0	0
1914	chr5:163521001-168266000	SBS3	2	0	9	3	0	0	0	0	0	0
1915	chr5:16434001-17238000	SBS100	2	1	0	1	0	0	0	0	0	0
1916	chr5:16434001-17238000	SBS3	2	1	0	1	0	0	0	0	0	0
1917	chr5:169567001-170439000	SBS3	1	0	2	0	0	0	0	0	0	0
1918	chr5:170439001-171860000	SBS3	2	0	0	1	0	0	0	0	0	0
1919	chr5:172011001-173160000	SBS1	1	0	1	0	0	0	0	0	0	0
1920	chr5:172011001-173160000	SBS100	1	0	1	0	0	0	0	0	0	0
1921	chr5:172011001-173160000	SBS3	1	0	2	0	0	0	0	0	0	0
1922	chr5:17238001-18683000	SBS1	2	2	0	1	0	0	0	0	0	0
1923	chr5:17238001-18683000	SBS3	2	2	0	6	0	0	0	0	0	0
1924	chr5:173976001-176314000	SBS100	2	0	0	1	0	0	0	0	0	0
1925	chr5:173976001-176314000	SBS3	2	0	2	4	0	0	0	0	0	0
1926	chr5:176314001-176548000	SBS3	1	0	1	0	0	0	0	0	0	0
1927	chr5:176548001-176901000	SBS3	2	0	0	1	0	0	0	0	0	0
1928	chr5:176901001-177611000	SBS3	1	0	1	0	0	0	0	0	0	0
1929	chr5:177611001-178586000	SBS3	2	0	1	0	0	0	0	0	0	0
1930	chr5:178645001-179489000	SBS3	2	0	1	0	0	0	0	0	0	0
1931	chr5:179489001-180180000	SBS3	1	0	3	0	0	0	0	0	0	0
1932	chr5:180878001-181538259	SBS3	2	0	2	0	0	0	0	0	0	0
1933	chr5:18778001-24620691	SBS1	2	2	0	1	0	0	0	0	0	0
1934	chr5:18778001-24620691	SBS3	2	2	1	16	0	0	0	0	0	0
1935	chr5:24620724-31391000	SBS1	2	2	0	5	0	0	0	0	0	0
1936	chr5:24620724-31391000	SBS3	2	2	3	31	0	0	0	0	0	0
1937	chr5:31391001-32122000	SBS3	2	1	0	2	0	0	0	0	0	0
1938	chr5:32122001-32617000	SBS3	2	0	0	1	0	0	0	0	0	0
1939	chr5:32617001-33598000	SBS3	2	2	0	4	0	0	0	0	0	0
1940	chr5:33598001-36869000	SBS3	2	1	1	7	0	0	0	0	0	0
1941	chr5:37067001-37768000	SBS1	2	1	0	1	0	0	0	0	0	0
1942	chr5:37067001-37768000	SBS3	2	1	0	3	0	0	0	0	0	0
1943	chr5:37768001-38367000	SBS3	2	2	0	4	0	0	0	0	0	0
1944	chr5:38367001-38935000	SBS3	2	1	1	0	0	0	0	0	0	0
1945	chr5:38935001-39649000	SBS100	2	1	0	1	0	0	0	0	0	0
1946	chr5:38935001-39649000	SBS3	2	1	0	3	0	0	0	0	0	0
1947	chr5:39649001-40649000	SBS3	2	1	0	6	0	0	0	0	0	0
1948	chr5:40872001-41740000	SBS3	2	2	0	2	0	0	0	0	0	0
1949	chr5:41740001-41948000	SBS3	1	1	1	0	0	0	0	0	0	0
1950	chr5:41948001-42573000	SBS3	2	2	0	1	0	0	0	0	0	0
1951	chr5:42573001-43731000	SBS3	2	1	0	4	0	0	0	0	0	0
1952	chr5:43731001-45840000	SBS1	2	2	0	1	0	0	0	0	0	0
1953	chr5:43731001-45840000	SBS3	2	2	0	16	0	0	0	0	0	0
1954	chr5:45840001-48272853	SBS3	3	2	0	3	7	0	0	0	0	0
1955	chr5:48272854-52648000	SBS100	2	1	0	1	0	0	0	0	0	0
1956	chr5:48272854-52648000	SBS3	2	1	6	4	0	0	0	0	0	0
1957	chr5:53183001-54062000	SBS3	2	1	1	1	0	0	0	0	0	0
1958	chr5:54062001-56354000	SBS1	2	1	0	1	0	0	0	0	0	0
1959	chr5:54062001-56354000	SBS3	2	1	0	3	0	0	0	0	0	0
1960	chr5:56382001-56874384	SBS3	1	0	2	0	0	0	0	0	0	0
1961	chr5:56930668-61253000	SBS1	2	0	3	0	0	0	0	0	0	0
1962	chr5:56930668-61253000	SBS3	2	0	8	4	0	0	0	0	0	0
1963	chr5:5849517-7847000	SBS1	2	2	0	1	0	0	0	0	0	0
1964	chr5:5849517-7847000	SBS3	2	2	1	6	0	0	0	0	0	0
1965	chr5:61692001-62236500	SBS3	2	0	0	1	0	0	0	0	0	0
1966	chr5:62236501-62643000	SBS1	1	0	1	0	0	0	0	0	0	0
1967	chr5:62643001-64495000	SBS3	2	0	2	3	0	0	0	0	0	0
1968	chr5:64495001-66185000	SBS1	1	0	1	0	0	0	0	0	0	0
1969	chr5:64495001-66185000	SBS3	1	0	1	0	0	0	0	0	0	0
1970	chr5:66983001-67270000	SBS3	1	0	1	0	0	0	0	0	0	0
1971	chr5:67270001-68211000	SBS1	2	0	1	0	0	0	0	0	0	0
1972	chr5:67270001-68211000	SBS3	2	0	1	0	0	0	0	0	0	0
1973	chr5:68466001-72230000	SBS3	2	0	2	0	0	0	0	0	0	0
1974	chr5:72325001-75730000	SBS3	2	0	5	4	0	0	0	0	0	0
1975	chr5:75730001-76253000	SBS1	2	0	1	0	0	0	0	0	0	0
1976	chr5:75730001-76253000	SBS3	2	0	1	1	0	0	0	0	0	0
1977	chr5:76253001-76759000	SBS100	1	0	1	0	0	0	0	0	0	0
1978	chr5:77691001-81712000	SBS1	1	0	1	0	0	0	0	0	0	0
1979	chr5:77691001-81712000	SBS100	1	0	1	0	0	0	0	0	0	0
1980	chr5:77691001-81712000	SBS3	1	0	8	0	0	0	0	0	0	0
1981	chr5:7902001-10239000	SBS1	2	2	0	1	0	0	0	0	0	0
1982	chr5:7902001-10239000	SBS100	2	2	0	1	0	0	0	0	0	0
1983	chr5:7902001-10239000	SBS3	2	2	0	8	0	0	0	0	0	0
1984	chr5:81858001-83596000	SBS1	2	0	0	1	0	0	0	0	0	0
1985	chr5:81858001-83596000	SBS3	2	0	5	4	0	0	0	0	0	0
1986	chr5:83596001-86960000	SBS100	2	0	0	1	0	0	0	0	0	0
1987	chr5:83596001-86960000	SBS3	2	0	3	3	0	0	0	0	0	0
1988	chr5:87417001-88080000	SBS3	2	0	0	1	0	0	0	0	0	0
1989	chr5:88080001-91101000	SBS3	1	0	5	0	0	0	0	0	0	0
1990	chr5:91458001-93559000	SBS3	1	0	1	0	0	0	0	0	0	0
1991	chr5:93559001-96347000	SBS1	1	0	1	0	0	0	0	0	0	0
1992	chr5:93559001-96347000	SBS3	1	0	3	0	0	0	0	0	0	0
1993	chr5:96583001-97187000	SBS3	1	0	4	0	0	0	0	0	0	0
1994	chr5:97187001-98767000	SBS1	2	0	0	1	0	0	0	0	0	0
1995	chr5:97187001-98767000	SBS3	2	0	2	7	0	0	0	0	0	0
1996	chr5:98767001-99069000	SBS3	1	0	2	0	0	0	0	0	0	0
1997	chr5:99069001-100532000	SBS1	2	0	0	1	0	0	0	0	0	0
1998	chr5:99069001-100532000	SBS3	2	0	6	0	0	0	0	0	0	0
1999	chr6:100161001-100926000	SBS1	2	1	0	1	0	0	0	0	0	0
2000	chr6:100161001-100926000	SBS3	2	1	1	1	0	0	0	0	0	0
2001	chr6:100926001-101289953	SBS3	2	2	0	2	0	0	0	0	0	0
2002	chr6:101456890-105269000	SBS3	2	2	0	2	0	0	0	0	0	0
2003	chr6:105269001-106085000	SBS3	2	1	0	2	0	0	0	0	0	0
2004	chr6:107391404-108462262	SBS3	2	2	0	1	0	0	0	0	0	0
2005	chr6:108462263-108540000	SBS3	2	1	1	0	0	0	0	0	0	0
2006	chr6:109107001-109519000	SBS3	2	1	0	1	0	0	0	0	0	0
2007	chr6:109519001-110484000	SBS3	3	1	0	0	1	0	0	0	0	0
2008	chr6:110484001-112339000	SBS1	2	1	0	1	0	0	0	0	0	0
2009	chr6:110484001-112339000	SBS3	2	1	1	5	0	0	0	0	0	0
2010	chr6:112339001-113326000	SBS3	3	1	0	0	3	0	0	0	0	0
2011	chr6:113326001-114013000	SBS3	2	1	0	2	0	0	0	0	0	0
2012	chr6:114013001-114749000	SBS1	3	1	0	0	1	0	0	0	0	0
2013	chr6:114013001-114749000	SBS3	3	1	0	1	1	0	0	0	0	0
2014	chr6:114749001-115959000	SBS3	3	2	0	0	6	0	0	0	0	0
2015	chr6:115959001-116735000	SBS3	2	1	0	2	0	0	0	0	0	0
2016	chr6:116735001-117440000	SBS3	3	2	0	0	4	0	0	0	0	0
2017	chr6:117627001-118505000	SBS3	3	2	0	0	3	0	0	0	0	0
2018	chr6:118505001-119744000	SBS3	2	2	0	2	0	0	0	0	0	0
2019	chr6:119744001-121165500	SBS1	3	2	0	0	1	0	0	0	0	0
2020	chr6:119744001-121165500	SBS100	3	2	0	0	1	0	0	0	0	0
2021	chr6:119744001-121165500	SBS3	3	2	0	2	5	0	0	0	0	0
2022	chr6:121165501-122870000	SBS100	2	2	0	1	0	0	0	0	0	0
2023	chr6:121165501-122870000	SBS3	2	2	0	7	0	0	0	0	0	0
2024	chr6:122870001-123249000	SBS3	3	2	0	1	0	0	0	0	0	0
2025	chr6:123249001-124141919	SBS1	2	2	0	1	0	0	0	0	0	0
2026	chr6:123249001-124141919	SBS3	2	2	0	1	0	0	0	0	0	0
2027	chr6:124738001-125020000	SBS3	2	1	0	1	0	0	0	0	0	0
2028	chr6:125020001-125381000	SBS100	3	2	0	0	1	0	0	0	0	0
2029	chr6:125381001-125727000	SBS3	4	2	0	0	0	1	0	0	0	0
2030	chr6:125727001-126042000	SBS100	1	1	1	0	0	0	0	0	0	0
2031	chr6:126356001-127265000	SBS3	2	2	0	4	0	0	0	0	0	0
2032	chr6:127348001-127934000	SBS3	2	1	0	3	0	0	0	0	0	0
2033	chr6:127934001-128585000	SBS3	2	1	0	1	0	0	0	0	0	0
2034	chr6:128585001-129093000	SBS3	2	2	0	2	0	0	0	0	0	0
2035	chr6:129093001-129597000	SBS3	2	1	0	1	0	0	0	0	0	0
2036	chr6:129755001-130708057	SBS1	2	1	0	1	0	0	0	0	0	0
2037	chr6:129755001-130708057	SBS3	2	1	0	3	0	0	0	0	0	0
2038	chr6:130708095-132833000	SBS1	2	1	0	1	0	0	0	0	0	0
2039	chr6:130708095-132833000	SBS3	2	1	0	4	0	0	0	0	0	0
2040	chr6:132833001-133916000	SBS1	2	2	0	1	0	0	0	0	0	0
2041	chr6:132833001-133916000	SBS3	2	2	0	4	0	0	0	0	0	0
2042	chr6:133916001-135453767	SBS3	2	1	0	2	0	0	0	0	0	0
2043	chr6:137191001-137418000	SBS3	1	0	2	0	0	0	0	0	0	0
2044	chr6:137979001-139111000	SBS3	1	0	3	0	0	0	0	0	0	0
2045	chr6:139111001-139379000	SBS3	1	0	1	0	0	0	0	0	0	0
2046	chr6:139379001-140111000	SBS3	1	0	2	0	0	0	0	0	0	0
2047	chr6:140111001-142145000	SBS3	2	0	0	3	0	0	0	0	0	0
2048	chr6:142956001-143426000	SBS3	2	0	1	1	0	0	0	0	0	0
2049	chr6:143426001-144862000	SBS3	1	0	4	0	0	0	0	0	0	0
2050	chr6:145969001-147146000	SBS3	2	0	2	5	0	0	0	0	0	0
2051	chr6:147400001-148125000	SBS3	2	0	1	2	0	0	0	0	0	0
2052	chr6:148125001-148988000	SBS3	2	0	4	1	0	0	0	0	0	0
2053	chr6:149866001-150482000	SBS3	2	0	3	0	0	0	0	0	0	0
2054	chr6:150482001-150935500	SBS3	1	0	1	0	0	0	0	0	0	0
2055	chr6:150935501-152971000	SBS3	2	0	2	6	0	0	0	0	0	0
2056	chr6:153007001-154147000	SBS1	2	0	1	0	0	0	0	0	0	0
2057	chr6:153007001-154147000	SBS3	2	0	3	2	0	0	0	0	0	0
2058	chr6:154147001-155510000	SBS100	1	0	1	0	0	0	0	0	0	0
2059	chr6:155510001-156772000	SBS3	2	0	1	0	0	0	0	0	0	0
2060	chr6:157310001-159154000	SBS1	1	0	1	0	0	0	0	0	0	0
2061	chr6:157310001-159154000	SBS100	1	0	1	0	0	0	0	0	0	0
2062	chr6:157310001-159154000	SBS3	1	0	4	0	0	0	0	0	0	0
2063	chr6:159154001-159674000	SBS100	2	0	1	0	0	0	0	0	0	0
2064	chr6:159154001-159674000	SBS3	2	0	0	2	0	0	0	0	0	0
2065	chr6:160059001-160956000	SBS3	2	0	1	0	0	0	0	0	0	0
2066	chr6:161464001-163383000	SBS100	2	0	1	0	0	0	0	0	0	0
2067	chr6:161464001-163383000	SBS3	2	0	3	2	0	0	0	0	0	0
2068	chr6:163581001-164123000	SBS3	2	0	0	1	0	0	0	0	0	0
2069	chr6:164123001-166250000	SBS3	2	0	1	1	0	0	0	0	0	0
2070	chr6:166250001-168040000	SBS1	2	0	3	1	0	0	0	0	0	0
2071	chr6:166250001-168040000	SBS3	2	0	2	1	0	0	0	0	0	0
2072	chr6:168875501-169699000	SBS3	2	0	2	0	0	0	0	0	0	0
2073	chr6:169759001-170269000	SBS100	2	0	1	0	0	0	0	0	0	0
2074	chr6:169759001-170269000	SBS3	2	0	3	1	0	0	0	0	0	0
2075	chr6:59191911-63564000	SBS1	3	2	0	1	1	0	0	0	0	0
2076	chr6:59191911-63564000	SBS100	3	2	0	5	0	0	0	0	0	0
2077	chr6:59191911-63564000	SBS3	3	2	2	26	22	0	0	0	0	0
2078	chr6:63564001-63728000	SBS3	2	1	0	1	0	0	0	0	0	0
2079	chr6:63728001-69661000	SBS1	2	2	0	2	0	0	0	0	0	0
2080	chr6:63728001-69661000	SBS100	2	2	0	2	0	0	0	0	0	0
2081	chr6:63728001-69661000	SBS3	2	2	2	26	0	0	0	0	0	0
2082	chr6:69997001-73387000	SBS3	2	1	1	9	0	0	0	0	0	0
2083	chr6:73387001-73904000	SBS3	2	1	0	1	0	0	0	0	0	0
2084	chr6:73904001-75201000	SBS3	2	2	0	10	0	0	0	0	0	0
2085	chr6:75303001-75945000	SBS3	2	1	0	1	0	0	0	0	0	0
2086	chr6:75945001-78936000	SBS1	2	2	0	1	0	0	0	0	0	0
2087	chr6:75945001-78936000	SBS100	2	2	0	1	0	0	0	0	0	0
2088	chr6:75945001-78936000	SBS3	2	2	0	13	0	0	0	0	0	0
2089	chr6:79242001-79846489	SBS3	2	1	0	1	0	0	0	0	0	0
2090	chr6:79846525-80358000	SBS3	2	1	0	2	0	0	0	0	0	0
2091	chr6:80358001-81693000	SBS3	2	2	0	13	0	0	0	0	0	0
2092	chr6:83050001-83246000	SBS3	2	1	0	1	0	0	0	0	0	0
2093	chr6:83246001-84266000	SBS3	2	2	0	5	0	0	0	0	0	0
2094	chr6:84266001-85448000	SBS1	2	2	0	1	0	0	0	0	0	0
2095	chr6:84266001-85448000	SBS3	2	2	2	8	0	0	0	0	0	0
2096	chr6:85448001-85703000	SBS100	2	1	0	1	0	0	0	0	0	0
2097	chr6:85448001-85703000	SBS3	2	1	0	1	0	0	0	0	0	0
2098	chr6:85703001-87125000	SBS100	2	2	1	0	0	0	0	0	0	0
2099	chr6:85703001-87125000	SBS3	2	2	1	7	0	0	0	0	0	0
2100	chr6:87125001-87720000	SBS3	2	1	0	1	0	0	0	0	0	0
2101	chr6:87720001-88015000	SBS3	2	1	0	1	0	0	0	0	0	0
2102	chr6:88015001-88606000	SBS1	2	2	0	2	0	0	0	0	0	0
2103	chr6:88015001-88606000	SBS3	2	2	0	3	0	0	0	0	0	0
2104	chr6:88606001-90590000	SBS1	2	1	0	1	0	0	0	0	0	0
2105	chr6:88606001-90590000	SBS100	2	1	0	1	0	0	0	0	0	0
2106	chr6:88606001-90590000	SBS3	2	1	0	9	0	0	0	0	0	0
2107	chr6:90590001-99392000	SBS100	2	2	0	1	0	0	0	0	0	0
2108	chr6:90590001-99392000	SBS3	2	2	1	23	0	0	0	0	0	0
2109	chr6:99594001-100161000	SBS3	2	2	0	1	0	0	0	0	0	0
2110	chr7:1-2231000	SBS3	3	0	0	0	1	0	0	0	0	0
2111	chr7:100740001-103057000	SBS1	4	1	0	2	0	2	0	0	0	0
2112	chr7:100740001-103057000	SBS3	4	1	0	8	3	3	0	0	0	0
2113	chr7:103057001-103360000	SBS3	3	1	0	0	1	0	0	0	0	0
2114	chr7:103360001-104135000	SBS1	4	1	0	0	0	1	0	0	0	0
2115	chr7:103360001-104135000	SBS3	4	1	0	1	3	0	0	0	0	0
2116	chr7:104213001-104591100	SBS3	4	1	0	3	2	1	0	0	0	0
2117	chr7:104591137-104918000	SBS100	4	1	0	0	1	0	0	0	0	0
2118	chr7:104591137-104918000	SBS3	4	1	0	0	1	1	0	0	0	0
2119	chr7:105357001-106009000	SBS3	3	1	0	0	1	0	0	0	0	0
2120	chr7:106009001-107770000	SBS3	3	1	1	3	1	0	0	0	0	0
2121	chr7:107770001-108665000	SBS3	3	1	0	2	2	0	0	0	0	0
2122	chr7:108665001-110762000	SBS1	4	1	0	0	0	1	0	0	0	0
2123	chr7:108665001-110762000	SBS100	4	1	0	0	0	1	0	0	0	0
2124	chr7:108665001-110762000	SBS3	4	1	0	11	2	4	0	0	0	0
2125	chr7:10903001-11236000	SBS3	2	0	0	1	0	0	0	0	0	0
2126	chr7:110762001-111571000	SBS1	3	1	0	0	1	0	0	0	0	0
2127	chr7:110762001-111571000	SBS3	3	1	0	0	1	0	0	0	0	0
2128	chr7:111735001-113124000	SBS3	3	1	0	1	1	0	0	0	0	0
2129	chr7:11236001-13253000	SBS3	2	0	2	1	0	0	0	0	0	0
2130	chr7:113124001-114898000	SBS3	3	1	4	7	3	0	0	0	0	0
2131	chr7:114898001-115159000	SBS3	2	0	0	1	0	0	0	0	0	0
2132	chr7:115159001-116133000	SBS3	3	1	0	2	1	0	0	0	0	0
2133	chr7:116133001-117150000	SBS1	3	1	0	1	0	0	0	0	0	0
2134	chr7:116133001-117150000	SBS100	3	1	0	1	0	0	0	0	0	0
2135	chr7:116133001-117150000	SBS3	3	1	0	1	0	0	0	0	0	0
2136	chr7:117150001-120715000	SBS1	4	1	0	0	1	0	0	0	0	0
2137	chr7:117150001-120715000	SBS100	4	1	0	0	0	1	0	0	0	0
2138	chr7:117150001-120715000	SBS3	4	1	0	6	5	5	0	0	0	0
2139	chr7:120715001-121363000	SBS3	3	1	0	0	1	0	0	0	0	0
2140	chr7:121489001-122152000	SBS3	3	1	1	0	4	0	0	0	0	0
2141	chr7:122152001-123527500	SBS3	4	1	0	5	2	3	0	0	0	0
2142	chr7:123527501-123869000	SBS3	3	1	0	1	0	0	0	0	0	0
2143	chr7:123869001-124710000	SBS3	4	1	0	4	2	0	0	0	0	0
2144	chr7:124935001-126092108	SBS100	4	1	0	0	0	1	0	0	0	0
2145	chr7:124935001-126092108	SBS3	4	1	0	1	1	4	0	0	0	0
2146	chr7:126092146-127346000	SBS1	4	1	0	0	0	1	0	0	0	0
2147	chr7:126092146-127346000	SBS3	4	1	0	3	5	2	0	0	0	0
2148	chr7:127346001-127399000	SBS3	1	1	1	0	0	0	0	0	0	0
2149	chr7:127399001-127649000	SBS3	4	1	0	0	0	1	0	0	0	0
2150	chr7:128036001-130587000	SBS1	3	1	0	0	1	0	0	0	0	0
2151	chr7:128036001-130587000	SBS3	3	1	1	2	1	0	0	0	0	0
2152	chr7:130587001-130871000	SBS3	3	1	0	4	0	0	0	0	0	0
2153	chr7:130871001-131115000	SBS3	2	0	0	1	0	0	0	0	0	0
2154	chr7:131115001-131322500	SBS3	3	1	0	1	0	0	0	0	0	0
2155	chr7:131629001-132784000	SBS1	4	1	0	0	0	1	0	0	0	0
2156	chr7:131629001-132784000	SBS3	4	1	0	0	2	2	0	0	0	0
2157	chr7:132784001-134511000	SBS3	3	1	0	1	2	0	0	0	0	0
2158	chr7:13288001-16401000	SBS3	2	0	3	2	0	0	0	0	0	0
2159	chr7:134511001-134997000	SBS3	2	1	0	3	0	0	0	0	0	0
2160	chr7:135144001-136011000	SBS3	3	1	0	0	2	0	0	0	0	0
2161	chr7:136061041-136866000	SBS3	4	1	0	3	5	2	0	0	0	0
2162	chr7:136866001-137869000	SBS3	3	1	0	4	0	0	0	0	0	0
2163	chr7:138010001-138239000	SBS3	3	1	0	0	2	0	0	0	0	0
2164	chr7:138309001-138451000	SBS3	3	3	0	0	2	0	0	0	0	0
2165	chr7:138451001-141018000	SBS3	3	2	0	1	8	0	0	0	0	0
2166	chr7:141018001-141533000	SBS3	4	3	0	0	0	3	0	0	0	0
2167	chr7:141533001-141796000	SBS3	3	1	0	1	1	0	0	0	0	0
2168	chr7:141796001-142342000	SBS3	3	3	0	1	0	0	0	0	0	0
2169	chr7:142342001-142800000	SBS1	4	1	0	1	0	0	0	0	0	0
2170	chr7:142342001-142800000	SBS100	4	1	1	1	0	0	0	0	0	0
2171	chr7:142342001-142800000	SBS3	4	1	2	16	0	2	0	0	0	0
2172	chr7:142866168-143239000	SBS1	3	2	0	0	1	0	0	0	0	0
2173	chr7:142866168-143239000	SBS3	3	2	0	0	1	0	0	0	0	0
2174	chr7:143292001-144811000	SBS3	4	2	0	2	2	3	0	0	0	0
2175	chr7:144840001-148693000	SBS1	4	2	0	0	0	3	0	0	0	0
2176	chr7:144840001-148693000	SBS100	4	2	0	0	0	1	0	0	0	0
2177	chr7:144840001-148693000	SBS3	4	2	0	4	9	22	0	0	0	0
2178	chr7:148989001-149853000	SBS3	4	2	0	0	1	2	0	0	0	0
2179	chr7:149853001-150412000	SBS3	3	1	0	3	2	0	0	0	0	0
2180	chr7:150412001-150683162	SBS3	4	2	0	0	1	0	0	0	0	0
2181	chr7:150683163-150754884	SBS3	4	1	0	1	0	0	0	0	0	0
2182	chr7:150754885-152859000	SBS1	3	1	1	3	0	0	0	0	0	0
2183	chr7:150754885-152859000	SBS100	3	1	0	1	0	0	0	0	0	0
2184	chr7:150754885-152859000	SBS3	3	1	1	7	3	0	0	0	0	0
2185	chr7:152859001-154548000	SBS1	4	2	0	0	0	1	0	0	0	0
2186	chr7:152859001-154548000	SBS3	4	2	0	0	1	4	0	0	0	0
2187	chr7:154548001-154925000	SBS3	2	1	0	1	0	0	0	0	0	0
2188	chr7:155021001-156589000	SBS100	2	2	0	1	0	0	0	0	0	0
2189	chr7:155021001-156589000	SBS3	2	2	0	3	0	0	0	0	0	0
2190	chr7:156589001-157030500	SBS3	2	1	0	1	0	0	0	0	0	0
2191	chr7:157030501-157133000	SBS3	2	2	0	1	0	0	0	0	0	0
2192	chr7:157133001-157399000	SBS3	2	1	1	0	0	0	0	0	0	0
2193	chr7:157399001-158596000	SBS1	3	2	0	1	1	0	0	0	0	0
2194	chr7:157399001-158596000	SBS3	3	2	0	0	7	0	0	0	0	0
2195	chr7:158596001-158801000	SBS3	2	1	0	1	0	0	0	0	0	0
2196	chr7:16401001-18698000	SBS1	1	0	2	0	0	0	0	0	0	0
2197	chr7:16401001-18698000	SBS100	1	0	1	0	0	0	0	0	0	0
2198	chr7:16401001-18698000	SBS3	1	0	5	0	0	0	0	0	0	0
2199	chr7:18698001-20106000	SBS1	2	0	0	1	0	0	0	0	0	0
2200	chr7:18698001-20106000	SBS3	2	0	1	1	0	0	0	0	0	0
2201	chr7:20106001-20449000	SBS3	1	0	1	0	0	0	0	0	0	0
2202	chr7:20449001-21299000	SBS3	2	0	1	4	0	0	0	0	0	0
2203	chr7:21299001-21519000	SBS3	1	0	2	0	0	0	0	0	0	0
2204	chr7:22073001-23611000	SBS3	1	0	1	0	0	0	0	0	0	0
2205	chr7:2231001-3221000	SBS1	2	0	2	0	0	0	0	0	0	0
2206	chr7:2231001-3221000	SBS3	2	0	0	2	0	0	0	0	0	0
2207	chr7:23611001-24553000	SBS3	2	0	0	4	0	0	0	0	0	0
2208	chr7:25197001-25831000	SBS3	2	0	1	2	0	0	0	0	0	0
2209	chr7:25831001-26150000	SBS3	1	0	1	0	0	0	0	0	0	0
2210	chr7:26208001-27574000	SBS100	2	0	0	1	0	0	0	0	0	0
2211	chr7:26208001-27574000	SBS3	2	0	2	0	0	0	0	0	0	0
2212	chr7:27574001-28202000	SBS3	1	0	3	0	0	0	0	0	0	0
2213	chr7:28202001-30019000	SBS3	2	0	1	3	0	0	0	0	0	0
2214	chr7:30019001-30614000	SBS100	1	0	1	0	0	0	0	0	0	0
2215	chr7:30614001-30989000	SBS3	1	0	1	0	0	0	0	0	0	0
2216	chr7:30989001-32475000	SBS1	2	0	1	0	0	0	0	0	0	0
2217	chr7:30989001-32475000	SBS3	2	0	2	0	0	0	0	0	0	0
2218	chr7:3221001-3956487	SBS100	3	0	0	0	1	0	0	0	0	0
2219	chr7:3221001-3956487	SBS3	3	0	0	0	2	0	0	0	0	0
2220	chr7:32475001-33065000	SBS3	1	0	7	0	0	0	0	0	0	0
2221	chr7:33065001-33614000	SBS3	2	0	5	0	0	0	0	0	0	0
2222	chr7:33614001-35621000	SBS1	2	0	1	0	0	0	0	0	0	0
2223	chr7:33614001-35621000	SBS3	2	0	2	5	0	0	0	0	0	0
2224	chr7:35621001-35979500	SBS3	1	0	1	0	0	0	0	0	0	0
2225	chr7:35979501-37180000	SBS3	2	0	1	1	0	0	0	0	0	0
2226	chr7:37180001-37460000	SBS3	1	0	1	0	0	0	0	0	0	0
2227	chr7:37460001-39512000	SBS3	2	0	3	6	0	0	0	0	0	0
2228	chr7:3956522-4605000	SBS3	3	0	0	1	3	0	0	0	0	0
2229	chr7:41082001-42907000	SBS3	2	1	1	3	0	0	0	0	0	0
2230	chr7:42948001-45157500	SBS100	2	1	1	0	0	0	0	0	0	0
2231	chr7:42948001-45157500	SBS3	2	1	7	6	0	0	0	0	0	0
2232	chr7:45157501-47123000	SBS1	3	1	0	2	0	0	0	0	0	0
2233	chr7:45157501-47123000	SBS100	3	1	1	0	0	0	0	0	0	0
2234	chr7:45157501-47123000	SBS3	3	1	0	2	7	0	0	0	0	0
2235	chr7:47123001-48269000	SBS100	2	1	0	1	0	0	0	0	0	0
2236	chr7:47123001-48269000	SBS3	2	1	1	4	0	0	0	0	0	0
2237	chr7:4780001-5233000	SBS1	3	0	0	0	1	0	0	0	0	0
2238	chr7:48269001-50053000	SBS1	3	1	0	0	1	0	0	0	0	0
2239	chr7:48269001-50053000	SBS100	3	1	0	0	1	0	0	0	0	0
2240	chr7:48269001-50053000	SBS3	3	1	0	2	4	0	0	0	0	0
2241	chr7:50053001-51431000	SBS3	2	1	1	2	0	0	0	0	0	0
2242	chr7:51431001-54729000	SBS3	3	1	2	10	12	0	0	0	0	0
2243	chr7:5233001-6507000	SBS1	2	0	2	2	0	0	0	0	0	0
2244	chr7:5233001-6507000	SBS3	2	0	8	1	0	0	0	0	0	0
2245	chr7:54729001-55645000	SBS3	2	1	0	1	0	0	0	0	0	0
2246	chr7:55645001-55947000	SBS3	3	1	0	0	1	0	0	0	0	0
2247	chr7:55947001-56122000	SBS3	2	1	0	1	0	0	0	0	0	0
2248	chr7:56122001-59498943	SBS1	4	1	0	1	1	3	0	0	0	0
2249	chr7:56122001-59498943	SBS3	4	1	0	9	4	7	0	0	0	0
2250	chr7:59498944-64304000	SBS1	3	1	1	1	2	0	0	0	0	0
2251	chr7:59498944-64304000	SBS100	3	1	0	1	0	0	0	0	0	0
2252	chr7:59498944-64304000	SBS3	3	1	21	19	9	0	0	0	0	0
2253	chr7:64316501-67343000	SBS1	2	1	1	0	0	0	0	0	0	0
2254	chr7:64316501-67343000	SBS100	2	1	3	0	0	0	0	0	0	0
2255	chr7:64316501-67343000	SBS3	2	1	8	6	0	0	0	0	0	0
2256	chr7:6507001-7091000	SBS100	3	0	1	0	1	0	0	0	0	0
2257	chr7:67343001-69096000	SBS3	3	1	2	1	6	0	0	0	0	0
2258	chr7:69096001-69589000	SBS3	2	1	0	2	0	0	0	0	0	0
2259	chr7:70008001-70813000	SBS1	1	1	1	0	0	0	0	0	0	0
2260	chr7:70008001-70813000	SBS3	1	1	3	0	0	0	0	0	0	0
2261	chr7:70813001-72786000	SBS3	2	2	0	8	0	0	0	0	0	0
2262	chr7:7091001-7501440	SBS3	2	0	0	1	0	0	0	0	0	0
2263	chr7:72786001-76290000	SBS100	2	1	0	1	0	0	0	0	0	0
2264	chr7:72786001-76290000	SBS3	2	1	8	9	0	0	0	0	0	0
2265	chr7:7501476-8297000	SBS3	2	0	0	3	0	0	0	0	0	0
2266	chr7:76290001-77964000	SBS3	1	0	3	0	0	0	0	0	0	0
2267	chr7:77964001-86849000	SBS1	2	1	1	1	0	0	0	0	0	0
2268	chr7:77964001-86849000	SBS3	2	1	5	30	0	0	0	0	0	0
2269	chr7:8297001-10903000	SBS3	3	0	0	5	3	0	0	0	0	0
2270	chr7:86849001-88378000	SBS100	1	1	1	0	0	0	0	0	0	0
2271	chr7:86849001-88378000	SBS3	1	1	5	0	0	0	0	0	0	0
2272	chr7:88378001-90177000	SBS3	2	1	3	6	0	0	0	0	0	0
2273	chr7:90350567-92604000	SBS100	5	1	0	0	0	0	1	0	0	0
2274	chr7:90350567-92604000	SBS3	5	1	0	0	3	2	4	0	0	0
2275	chr7:92842001-96066000	SBS100	4	1	0	0	0	1	0	0	0	0
2276	chr7:92842001-96066000	SBS3	4	1	0	1	5	8	0	0	0	0
2277	chr7:96066001-96336000	SBS3	3	1	0	3	0	0	0	0	0	0
2278	chr7:96336001-96899396	SBS1	4	1	0	1	0	0	0	0	0	0
2279	chr7:96336001-96899396	SBS3	4	1	0	1	0	0	0	0	0	0
2280	chr7:96925596-97832000	SBS100	4	1	0	0	1	0	0	0	0	0
2281	chr7:96925596-97832000	SBS3	4	1	0	5	3	0	0	0	0	0
2282	chr7:97832001-98440000	SBS3	3	1	0	1	2	0	0	0	0	0
2283	chr7:98440001-98818000	SBS3	5	1	0	1	0	2	0	0	0	0
2284	chr7:98818001-99090000	SBS3	3	1	2	0	1	0	0	0	0	0
2285	chr7:99164501-99909000	SBS3	4	1	0	0	1	0	0	0	0	0
2286	chr7:99909001-100740000	SBS3	3	1	0	0	5	0	0	0	0	0
2287	chr8:1-747500	SBS3	2	1	2	3	0	0	0	0	0	0
2288	chr8:100814001-101909978	SBS3	4	0	0	0	0	4	0	0	0	0
2289	chr8:101910013-102931000	SBS3	4	0	0	1	0	0	0	0	0	0
2290	chr8:102931001-103276000	SBS3	4	0	0	1	0	0	0	0	0	0
2291	chr8:103714001-106577000	SBS1	4	0	0	0	0	1	0	0	0	0
2292	chr8:103714001-106577000	SBS3	4	0	0	2	2	6	0	0	0	0
2293	chr8:106577001-106767000	SBS3	2	0	1	0	0	0	0	0	0	0
2294	chr8:106767001-109523134	SBS100	4	0	0	1	0	0	0	0	0	0
2295	chr8:106767001-109523134	SBS3	4	0	0	0	1	3	0	0	0	0
2296	chr8:109601001-115055000	SBS1	1	0	1	0	0	0	0	0	0	0
2297	chr8:109601001-115055000	SBS3	1	0	12	0	0	0	0	0	0	0
2298	chr8:115055001-115397000	SBS3	1	0	1	0	0	0	0	0	0	0
2299	chr8:116774001-117952000	SBS100	1	0	1	0	0	0	0	0	0	0
2300	chr8:116774001-117952000	SBS3	1	0	1	0	0	0	0	0	0	0
2301	chr8:11760001-12772000	SBS3	2	0	10	1	0	0	0	0	0	0
2302	chr8:118143001-119563000	SBS3	4	0	0	2	1	1	0	0	0	0
2303	chr8:119723243-120475000	SBS3	1	0	2	0	0	0	0	0	0	0
2304	chr8:120944001-122572000	SBS100	3	0	0	1	0	0	0	0	0	0
2305	chr8:120944001-122572000	SBS3	3	0	1	5	3	0	0	0	0	0
2306	chr8:122572001-123683299	SBS3	2	0	1	1	0	0	0	0	0	0
2307	chr8:123721027-124137000	SBS3	3	0	1	0	0	0	0	0	0	0
2308	chr8:124137001-125667000	SBS3	2	0	4	0	0	0	0	0	0	0
2309	chr8:125667001-126809000	SBS100	3	0	0	0	1	0	0	0	0	0
2310	chr8:125667001-126809000	SBS3	3	0	0	3	1	0	0	0	0	0
2311	chr8:127343687-127445830	SBS3	3	0	0	1	0	0	0	0	0	0
2312	chr8:127445831-128687000	SBS3	2	0	1	0	0	0	0	0	0	0
2313	chr8:12772001-17598000	SBS3	2	1	4	14	0	0	0	0	0	0
2314	chr8:128687001-129856000	SBS3	3	0	0	2	2	0	0	0	0	0
2315	chr8:129856001-130497000	SBS3	2	0	0	2	0	0	0	0	0	0
2316	chr8:130497001-131898000	SBS3	3	0	2	3	3	0	0	0	0	0
2317	chr8:132061001-132753000	SBS3	3	0	4	4	2	0	0	0	0	0
2318	chr8:132753001-133690000	SBS100	2	0	0	1	0	0	0	0	0	0
2319	chr8:133690001-134681000	SBS3	3	0	0	1	2	0	0	0	0	0
2320	chr8:134681001-134845500	SBS3	2	0	1	0	0	0	0	0	0	0
2321	chr8:134845501-135684000	SBS3	3	0	0	2	0	0	0	0	0	0
2322	chr8:135684001-137225000	SBS3	4	0	0	4	3	4	0	0	0	0
2323	chr8:137225001-139903000	SBS1	4	0	0	0	1	1	0	0	0	0
2324	chr8:137225001-139903000	SBS100	4	0	0	1	0	2	0	0	0	0
2325	chr8:137225001-139903000	SBS3	4	0	1	9	4	2	0	0	0	0
2326	chr8:139903001-141404000	SBS3	3	0	1	2	0	0	0	0	0	0
2327	chr8:141404001-142564000	SBS1	4	1	0	0	0	1	0	0	0	0
2328	chr8:141404001-142564000	SBS3	4	1	0	3	2	3	0	0	0	0
2329	chr8:142564001-143537500	SBS3	3	0	0	1	0	0	0	0	0	0
2330	chr8:143617001-145138636	SBS100	3	0	0	1	0	0	0	0	0	0
2331	chr8:143617001-145138636	SBS3	3	0	4	1	1	0	0	0	0	0
2332	chr8:1690001-2033000	SBS3	2	1	1	0	0	0	0	0	0	0
2333	chr8:18090001-18546000	SBS1	2	1	1	0	0	0	0	0	0	0
2334	chr8:18090001-18546000	SBS3	2	1	0	2	0	0	0	0	0	0
2335	chr8:18546001-20382000	SBS1	1	1	1	0	0	0	0	0	0	0
2336	chr8:18546001-20382000	SBS3	1	1	5	0	0	0	0	0	0	0
2337	chr8:2033001-3945700	SBS100	2	2	0	2	0	0	0	0	0	0
2338	chr8:2033001-3945700	SBS3	2	2	0	9	0	0	0	0	0	0
2339	chr8:20382001-21856000	SBS100	2	1	0	1	0	0	0	0	0	0
2340	chr8:20382001-21856000	SBS3	2	1	1	10	0	0	0	0	0	0
2341	chr8:21856001-22763000	SBS1	2	1	0	1	0	0	0	0	0	0
2342	chr8:21856001-22763000	SBS3	2	1	0	1	0	0	0	0	0	0
2343	chr8:22901001-24432000	SBS3	1	1	6	0	0	0	0	0	0	0
2344	chr8:24432001-24949047	SBS3	2	1	0	1	0	0	0	0	0	0
2345	chr8:24949048-24952972	SBS3	2	1	0	1	0	0	0	0	0	0
2346	chr8:25213001-25518000	SBS3	1	1	2	0	0	0	0	0	0	0
2347	chr8:25518001-26237000	SBS3	2	1	0	1	0	0	0	0	0	0
2348	chr8:26626001-27271000	SBS3	2	1	1	1	0	0	0	0	0	0
2349	chr8:27746136-28345000	SBS3	2	1	0	1	0	0	0	0	0	0
2350	chr8:28421001-28824000	SBS3	2	1	0	1	0	0	0	0	0	0
2351	chr8:28824001-29596732	SBS3	1	1	1	0	0	0	0	0	0	0
2352	chr8:29596733-30818000	SBS3	1	1	5	0	0	0	0	0	0	0
2353	chr8:30818001-33367500	SBS3	2	1	3	10	0	0	0	0	0	0
2354	chr8:33367501-33592000	SBS100	1	1	1	0	0	0	0	0	0	0
2355	chr8:33367501-33592000	SBS3	1	1	1	0	0	0	0	0	0	0
2356	chr8:33592001-37142000	SBS100	2	2	0	1	0	0	0	0	0	0
2357	chr8:33592001-37142000	SBS3	2	2	0	23	0	0	0	0	0	0
2358	chr8:37142001-38756000	SBS3	2	1	4	2	0	0	0	0	0	0
2359	chr8:38756001-39109000	SBS3	1	1	5	0	0	0	0	0	0	0
2360	chr8:39109001-39886000	SBS3	2	1	1	0	0	0	0	0	0	0
2361	chr8:3958504-4345000	SBS3	2	2	0	2	0	0	0	0	0	0
2362	chr8:39886001-40217000	SBS3	1	1	1	0	0	0	0	0	0	0
2363	chr8:40217001-40917000	SBS3	2	1	0	2	0	0	0	0	0	0
2364	chr8:40917001-41925000	SBS3	2	1	0	4	0	0	0	0	0	0
2365	chr8:41925001-42575500	SBS3	1	1	3	0	0	0	0	0	0	0
2366	chr8:43242001-43563000	SBS3	2	1	0	4	0	0	0	0	0	0
2367	chr8:4345001-4648000	SBS3	1	0	1	0	0	0	0	0	0	0
2368	chr8:43563001-44955504	SBS3	3	2	0	1	1	0	0	0	0	0
2369	chr8:44955505-47256000	SBS1	3	2	0	0	1	0	0	0	0	0
2370	chr8:44955505-47256000	SBS3	3	2	0	1	10	0	0	0	0	0
2371	chr8:4648001-6391000	SBS3	2	2	0	11	0	0	0	0	0	0
2372	chr8:47256001-47697000	SBS3	2	0	2	0	0	0	0	0	0	0
2373	chr8:47697001-48992000	SBS3	2	1	0	3	0	0	0	0	0	0
2374	chr8:48992001-51607000	SBS1	2	2	1	0	0	0	0	0	0	0
2375	chr8:48992001-51607000	SBS3	2	2	0	2	0	0	0	0	0	0
2376	chr8:51607001-51833000	SBS3	2	1	0	1	0	0	0	0	0	0
2377	chr8:52021001-53707000	SBS1	2	2	0	1	0	0	0	0	0	0
2378	chr8:52021001-53707000	SBS3	2	2	1	5	0	0	0	0	0	0
2379	chr8:53707001-54177000	SBS3	2	1	0	1	0	0	0	0	0	0
2380	chr8:54177001-55737000	SBS3	2	2	0	8	0	0	0	0	0	0
2381	chr8:55737001-56079000	SBS3	2	1	0	2	0	0	0	0	0	0
2382	chr8:56079001-57967000	SBS100	2	2	0	1	0	0	0	0	0	0
2383	chr8:56079001-57967000	SBS3	2	2	0	9	0	0	0	0	0	0
2384	chr8:57967001-59124000	SBS1	2	1	0	1	0	0	0	0	0	0
2385	chr8:57967001-59124000	SBS3	2	1	0	2	0	0	0	0	0	0
2386	chr8:59124001-60504000	SBS3	2	2	0	7	0	0	0	0	0	0
2387	chr8:60594501-61035000	SBS100	2	1	0	1	0	0	0	0	0	0
2388	chr8:61035001-61548000	SBS3	2	2	0	1	0	0	0	0	0	0
2389	chr8:61548001-61829000	SBS3	2	1	1	1	0	0	0	0	0	0
2390	chr8:61829001-64656000	SBS3	2	2	1	6	0	0	0	0	0	0
2391	chr8:64859001-65633000	SBS3	2	2	0	2	0	0	0	0	0	0
2392	chr8:66132001-66419000	SBS3	3	2	0	0	1	0	0	0	0	0
2393	chr8:67347001-70139000	SBS1	2	1	1	0	0	0	0	0	0	0
2394	chr8:67347001-70139000	SBS100	2	1	0	1	0	0	0	0	0	0
2395	chr8:67347001-70139000	SBS3	2	1	6	9	0	0	0	0	0	0
2396	chr8:6804001-8245000	SBS3	2	1	0	3	0	0	0	0	0	0
2397	chr8:70139001-70406000	SBS3	1	0	1	0	0	0	0	0	0	0
2398	chr8:70683001-73279000	SBS1	2	2	0	1	0	0	0	0	0	0
2399	chr8:70683001-73279000	SBS100	2	2	0	1	0	0	0	0	0	0
2400	chr8:70683001-73279000	SBS3	2	2	0	7	0	0	0	0	0	0
2401	chr8:73279001-74011000	SBS3	1	1	1	0	0	0	0	0	0	0
2402	chr8:74011001-76449864	SBS1	2	1	1	0	0	0	0	0	0	0
2403	chr8:74011001-76449864	SBS3	2	1	1	5	0	0	0	0	0	0
2404	chr8:747501-1690000	SBS3	2	2	1	5	0	0	0	0	0	0
2405	chr8:76449897-78505000	SBS3	2	1	1	3	0	0	0	0	0	0
2406	chr8:78812001-79841453	SBS3	2	1	1	2	0	0	0	0	0	0
2407	chr8:80210001-81880000	SBS1	2	1	0	1	0	0	0	0	0	0
2408	chr8:80210001-81880000	SBS3	2	1	0	1	0	0	0	0	0	0
2409	chr8:81880001-85027000	SBS3	2	1	1	6	0	0	0	0	0	0
2410	chr8:8245001-9345000	SBS3	1	0	4	0	0	0	0	0	0	0
2411	chr8:85027001-85547000	SBS3	1	1	1	0	0	0	0	0	0	0
2412	chr8:86044269-86176000	SBS3	3	1	0	1	0	0	0	0	0	0
2413	chr8:86567001-86803296	SBS3	3	1	0	0	1	0	0	0	0	0
2414	chr8:86803297-87859000	SBS3	3	1	0	5	4	0	0	0	0	0
2415	chr8:87859001-88333000	SBS3	3	1	0	1	1	0	0	0	0	0
2416	chr8:88333001-89716000	SBS3	3	1	0	2	4	0	0	0	0	0
2417	chr8:90016001-90561000	SBS3	3	1	0	1	2	0	0	0	0	0
2418	chr8:90561001-90703000	SBS3	2	1	0	1	0	0	0	0	0	0
2419	chr8:90870001-91259000	SBS3	2	1	0	2	0	0	0	0	0	0
2420	chr8:91259001-93691000	SBS1	4	1	0	1	1	0	0	0	0	0
2421	chr8:91259001-93691000	SBS100	4	1	0	1	0	0	0	0	0	0
2422	chr8:91259001-93691000	SBS3	4	1	0	6	7	7	0	0	0	0
2423	chr8:93691001-94930000	SBS3	3	1	0	2	3	0	0	0	0	0
2424	chr8:94930001-95273000	SBS3	2	0	0	1	0	0	0	0	0	0
2425	chr8:95357001-96044613	SBS3	3	3	0	1	1	0	0	0	0	0
2426	chr8:96044637-97326202	SBS3	4	2	0	3	3	3	0	0	0	0
2427	chr8:97326203-98641270	SBS3	2	1	2	3	0	0	0	0	0	0
2428	chr8:9781001-11760000	SBS1	2	1	0	1	0	0	0	0	0	0
2429	chr8:9781001-11760000	SBS100	2	1	0	1	0	0	0	0	0	0
2430	chr8:9781001-11760000	SBS3	2	1	0	4	0	0	0	0	0	0
2431	chr8:98641271-98846000	SBS1	3	1	0	1	0	0	0	0	0	0
2432	chr8:98846001-100211000	SBS3	4	2	0	2	1	1	0	0	0	0
2433	chr9:1-763000	SBS3	2	0	2	0	0	0	0	0	0	0
2434	chr9:100606001-101360000	SBS3	2	0	2	0	0	0	0	0	0	0
2435	chr9:101360001-101590000	SBS3	1	0	1	0	0	0	0	0	0	0
2436	chr9:101590001-104728500	SBS3	2	0	2	6	0	0	0	0	0	0
2437	chr9:104728501-105560000	SBS3	1	0	2	0	0	0	0	0	0	0
2438	chr9:105560001-109953000	SBS3	2	0	1	6	0	0	0	0	0	0
2439	chr9:111596001-112926000	SBS3	1	0	2	0	0	0	0	0	0	0
2440	chr9:113142001-113667000	SBS3	1	0	1	0	0	0	0	0	0	0
2441	chr9:113667001-113873000	SBS3	2	0	0	1	0	0	0	0	0	0
2442	chr9:113873001-115072000	SBS3	1	0	3	0	0	0	0	0	0	0
2443	chr9:115072001-115613947	SBS3	2	0	3	1	0	0	0	0	0	0
2444	chr9:115614776-120396000	SBS3	2	0	9	5	0	0	0	0	0	0
2445	chr9:11819729-12696000	SBS3	4	3	0	1	4	6	0	0	0	0
2446	chr9:121816020-122411500	SBS3	2	0	0	2	0	0	0	0	0	0
2447	chr9:122411501-122805000	SBS3	2	0	2	1	0	0	0	0	0	0
2448	chr9:123345001-125969500	SBS3	2	0	3	4	0	0	0	0	0	0
2449	chr9:125969501-126299000	SBS3	3	0	0	1	0	0	0	0	0	0
2450	chr9:126299001-127897500	SBS3	2	0	1	2	0	0	0	0	0	0
2451	chr9:128160501-130245000	SBS1	2	0	1	0	0	0	0	0	0	0
2452	chr9:128160501-130245000	SBS3	2	0	1	3	0	0	0	0	0	0
2453	chr9:12988001-14048500	SBS3	3	3	0	0	2	0	0	0	0	0
2454	chr9:130245001-130680000	SBS1	2	0	1	0	0	0	0	0	0	0
2455	chr9:130245001-130680000	SBS3	2	0	1	0	0	0	0	0	0	0
2456	chr9:131742001-134461000	SBS1	2	0	0	1	0	0	0	0	0	0
2457	chr9:131742001-134461000	SBS3	2	0	1	4	0	0	0	0	0	0
2458	chr9:134461001-135840000	SBS3	2	0	1	1	0	0	0	0	0	0
2459	chr9:135840001-137840000	SBS1	2	0	2	0	0	0	0	0	0	0
2460	chr9:135840001-137840000	SBS3	2	0	3	1	0	0	0	0	0	0
2461	chr9:137840001-138394717	SBS3	3	0	0	1	0	0	0	0	0	0
2462	chr9:14048501-14376000	SBS100	2	2	0	1	0	0	0	0	0	0
2463	chr9:14048501-14376000	SBS3	2	2	0	3	0	0	0	0	0	0
2464	chr9:14699001-14845000	SBS3	4	3	0	0	0	2	0	0	0	0
2465	chr9:14845001-15878000	SBS3	2	2	0	6	0	0	0	0	0	0
2466	chr9:15878001-17858398	SBS1	3	3	0	0	1	0	0	0	0	0
2467	chr9:15878001-17858398	SBS3	3	3	0	3	9	0	0	0	0	0
2468	chr9:18117367-19045500	SBS3	3	0	0	0	1	0	0	0	0	0
2469	chr9:19916001-22251000	SBS3	2	0	0	1	0	0	0	0	0	0
2470	chr9:22251001-26742000	SBS3	2	0	5	11	0	0	0	0	0	0
2471	chr9:2298001-3149960	SBS1	3	0	0	1	1	0	0	0	0	0
2472	chr9:2298001-3149960	SBS100	3	0	0	0	1	0	0	0	0	0
2473	chr9:27323001-27576000	SBS3	1	0	1	0	0	0	0	0	0	0
2474	chr9:27576001-28979000	SBS3	2	0	3	2	0	0	0	0	0	0
2475	chr9:29071001-31671000	SBS100	2	0	0	1	0	0	0	0	0	0
2476	chr9:29071001-31671000	SBS3	2	0	5	10	0	0	0	0	0	0
2477	chr9:3149961-5018000	SBS3	3	3	0	0	5	0	0	0	0	0
2478	chr9:31703001-32377000	SBS3	2	0	1	2	0	0	0	0	0	0
2479	chr9:32586001-33000000	SBS3	2	0	1	3	0	0	0	0	0	0
2480	chr9:33169001-34673000	SBS3	2	0	1	0	0	0	0	0	0	0
2481	chr9:34982001-36364000	SBS3	2	0	1	3	0	0	0	0	0	0
2482	chr9:36364001-36496000	SBS3	1	0	1	0	0	0	0	0	0	0
2483	chr9:36496001-37076000	SBS3	2	0	0	1	0	0	0	0	0	0
2484	chr9:37076001-37344000	SBS3	1	0	1	0	0	0	0	0	0	0
2485	chr9:37344001-38365851	SBS100	2	0	1	0	0	0	0	0	0	0
2486	chr9:37344001-38365851	SBS3	2	0	0	1	0	0	0	0	0	0
2487	chr9:38365852-44377362	SBS1	3	2	1	0	0	0	0	0	0	0
2488	chr9:38365852-44377362	SBS100	3	2	0	0	1	0	0	0	0	0
2489	chr9:38365852-44377362	SBS3	3	2	8	7	2	0	0	0	0	0
2490	chr9:44377363-70252000	SBS1	2	1	1	2	0	0	0	0	0	0
2491	chr9:44377363-70252000	SBS100	2	1	1	1	0	0	0	0	0	0
2492	chr9:44377363-70252000	SBS3	2	1	7	8	0	0	0	0	0	0
2493	chr9:5018001-5422000	SBS3	4	3	0	0	0	1	0	0	0	0
2494	chr9:5422001-6859494	SBS1	3	3	0	0	2	0	0	0	0	0
2495	chr9:5422001-6859494	SBS100	3	3	0	0	1	0	0	0	0	0
2496	chr9:5422001-6859494	SBS3	3	3	0	2	5	0	0	0	0	0
2497	chr9:70642001-71636000	SBS3	2	2	0	2	0	0	0	0	0	0
2498	chr9:71636001-71960000	SBS3	2	1	0	1	0	0	0	0	0	0
2499	chr9:71960001-72280000	SBS3	2	2	0	1	0	0	0	0	0	0
2500	chr9:7216001-11819521	SBS1	4	2	0	0	1	0	0	0	0	0
2501	chr9:7216001-11819521	SBS100	4	2	0	0	1	0	0	0	0	0
2502	chr9:7216001-11819521	SBS3	4	2	0	2	5	22	0	0	0	0
2503	chr9:73161001-74934000	SBS3	2	2	0	11	0	0	0	0	0	0
2504	chr9:74934001-75243000	SBS1	2	1	0	1	0	0	0	0	0	0
2505	chr9:75243001-76392000	SBS3	2	2	2	3	0	0	0	0	0	0
2506	chr9:763001-1911000	SBS3	3	0	1	1	3	0	0	0	0	0
2507	chr9:76392001-76664000	SBS3	1	1	1	0	0	0	0	0	0	0
2508	chr9:76664001-77149000	SBS3	2	2	0	1	0	0	0	0	0	0
2509	chr9:77149001-77710000	SBS3	2	1	0	1	0	0	0	0	0	0
2510	chr9:77710001-78304000	SBS3	2	1	1	1	0	0	0	0	0	0
2511	chr9:78304001-78576256	SBS3	2	2	0	3	0	0	0	0	0	0
2512	chr9:78576293-79558000	SBS3	2	2	0	9	0	0	0	0	0	0
2513	chr9:79702001-80339472	SBS3	2	2	0	3	0	0	0	0	0	0
2514	chr9:80339473-83324000	SBS100	2	0	0	1	0	0	0	0	0	0
2515	chr9:80339473-83324000	SBS3	2	0	1	3	0	0	0	0	0	0
2516	chr9:83324001-84400000	SBS3	2	0	0	2	0	0	0	0	0	0
2517	chr9:84400001-85535000	SBS3	2	0	2	0	0	0	0	0	0	0
2518	chr9:85535001-86464000	SBS3	2	0	3	1	0	0	0	0	0	0
2519	chr9:86464001-89309000	SBS1	2	0	1	2	0	0	0	0	0	0
2520	chr9:86464001-89309000	SBS3	2	0	3	6	0	0	0	0	0	0
2521	chr9:89323001-90109000	SBS3	1	0	2	0	0	0	0	0	0	0
2522	chr9:90109001-91158000	SBS3	2	0	0	1	0	0	0	0	0	0
2523	chr9:91436001-92027000	SBS100	2	0	0	1	0	0	0	0	0	0
2524	chr9:91436001-92027000	SBS3	2	0	0	3	0	0	0	0	0	0
2525	chr9:93947001-94779000	SBS3	2	0	3	1	0	0	0	0	0	0
2526	chr9:95223001-97900000	SBS3	2	0	5	2	0	0	0	0	0	0
2527	chr9:98274001-98773000	SBS3	2	0	2	2	0	0	0	0	0	0
2528	chr9:98773001-100606000	SBS3	1	0	1	0	0	0	0	0	0	0
