	segment_id	sig_max	major_cn	minor_cn	N1	N2	N4	N3	N5	N6	N9	N12
0	chr10:1-272000	SBS1	3	2	1	0	0	0	0	0	0	0
1	chr10:1-272000	SBS3	3	2	1	0	0	0	0	0	0	0
2	chr10:100908001-103884000	SBS3	1	0	8	0	0	0	0	0	0	0
3	chr10:1030001-1064000	SBS3	2	1	1	0	0	0	0	0	0	0
4	chr10:103921001-104355000	SBS3	1	0	1	0	0	0	0	0	0	0
5	chr10:104355001-109843000	SBS3	2	0	17	9	0	0	0	0	0	0
6	chr10:1064001-1334040	SBS3	4	2	1	0	2	0	0	0	0	0
7	chr10:109843001-110815000	SBS100	1	0	1	0	0	0	0	0	0	0
8	chr10:109843001-110815000	SBS3	1	0	1	0	0	0	0	0	0	0
9	chr10:111029001-112137000	SBS3	2	0	3	2	0	0	0	0	0	0
10	chr10:112137001-114738318	SBS100	1	0	2	0	0	0	0	0	0	0
11	chr10:112137001-114738318	SBS3	1	0	9	0	0	0	0	0	0	0
12	chr10:115005001-115424535	SBS3	2	0	1	1	0	0	0	0	0	0
13	chr10:115424536-116834000	SBS3	2	1	9	1	0	0	0	0	0	0
14	chr10:11616001-12290000	SBS1	3	2	2	0	0	0	0	0	0	0
15	chr10:11616001-12290000	SBS3	3	2	3	2	0	1	0	0	0	0
16	chr10:116834001-117011000	SBS100	1	1	1	0	0	0	0	0	0	0
17	chr10:116834001-117011000	SBS3	1	1	1	0	0	0	0	0	0	0
18	chr10:117278936-119829138	SBS3	1	0	14	0	0	0	0	0	0	0
19	chr10:119829139-119850320	SBS3	2	0	1	0	0	0	0	0	0	0
20	chr10:119850321-123455369	SBS1	1	0	2	0	0	0	0	0	0	0
21	chr10:119850321-123455369	SBS100	1	0	1	0	0	0	0	0	0	0
22	chr10:119850321-123455369	SBS3	1	0	12	0	0	0	0	0	0	0
23	chr10:12290001-13090000	SBS1	4	2	0	1	0	0	0	0	0	0
24	chr10:12290001-13090000	SBS3	4	2	2	0	1	2	0	0	0	0
25	chr10:123470769-128348044	SBS1	1	0	3	0	0	0	0	0	0	0
26	chr10:123470769-128348044	SBS100	1	0	2	0	0	0	0	0	0	0
27	chr10:123470769-128348044	SBS3	1	0	9	0	0	0	0	0	0	0
28	chr10:128348079-133797422	SBS1	1	0	1	0	0	0	0	0	0	0
29	chr10:128348079-133797422	SBS3	1	0	16	0	0	0	0	0	0	0
30	chr10:13090001-13605115	SBS1	3	2	2	0	0	0	0	0	0	0
31	chr10:13090001-13605115	SBS100	3	2	1	0	0	0	0	0	0	0
32	chr10:13090001-13605115	SBS3	3	2	3	0	0	0	0	0	0	0
33	chr10:1336434-1473037	SBS3	5	4	2	0	0	0	0	0	0	0
34	chr10:13790001-13868000	SBS3	4	1	1	0	0	1	0	0	0	0
35	chr10:14023435-14466000	SBS3	5	1	4	3	0	2	0	0	0	0
36	chr10:14466001-14833000	SBS3	4	1	4	0	0	1	0	0	0	0
37	chr10:14833001-15108130	SBS100	4	1	0	1	0	0	0	0	0	0
38	chr10:14833001-15108130	SBS3	4	1	1	0	0	0	0	0	0	0
39	chr10:15108196-15779000	SBS3	4	1	3	0	0	0	0	0	0	0
40	chr10:1511368-1559299	SBS1	5	3	0	1	0	0	0	0	0	0
41	chr10:1511368-1559299	SBS3	5	3	1	0	0	0	0	0	0	0
42	chr10:1562897-2474107	SBS3	4	3	6	1	2	0	0	0	0	0
43	chr10:15911773-16808000	SBS1	4	1	0	0	0	1	0	0	0	0
44	chr10:15911773-16808000	SBS3	4	1	7	3	0	0	0	0	0	0
45	chr10:16808001-17195000	SBS100	3	1	1	0	0	0	0	0	0	0
46	chr10:16808001-17195000	SBS3	3	1	2	0	0	0	0	0	0	0
47	chr10:17233001-17808674	SBS3	3	1	2	0	0	0	0	0	0	0
48	chr10:17810758-18143315	SBS3	3	1	1	0	0	0	0	0	0	0
49	chr10:18143316-18648000	SBS3	2	1	4	0	0	0	0	0	0	0
50	chr10:18691001-19811000	SBS1	2	1	0	1	0	0	0	0	0	0
51	chr10:18691001-19811000	SBS3	2	1	6	0	0	0	0	0	0	0
52	chr10:19855001-20282044	SBS3	2	1	0	1	0	0	0	0	0	0
53	chr10:20282045-20809129	SBS1	3	1	1	0	0	0	0	0	0	0
54	chr10:20282045-20809129	SBS3	3	1	1	0	0	0	0	0	0	0
55	chr10:20809130-21267112	SBS3	4	1	4	3	0	0	0	0	0	0
56	chr10:21741397-21767772	SBS3	2	0	0	1	0	0	0	0	0	0
57	chr10:21767773-21904000	SBS3	2	1	1	0	0	0	0	0	0	0
58	chr10:22006001-22727000	SBS3	2	1	3	0	0	0	0	0	0	0
59	chr10:22727001-24194000	SBS1	2	1	1	0	0	0	0	0	0	0
60	chr10:22727001-24194000	SBS3	2	1	11	2	0	0	0	0	0	0
61	chr10:24194001-24718000	SBS3	2	1	1	0	0	0	0	0	0	0
62	chr10:24727001-26683000	SBS1	2	1	1	0	0	0	0	0	0	0
63	chr10:24727001-26683000	SBS100	2	1	0	1	0	0	0	0	0	0
64	chr10:24727001-26683000	SBS3	2	1	14	1	0	0	0	0	0	0
65	chr10:2479843-3040000	SBS1	4	3	0	1	0	0	0	0	0	0
66	chr10:2479843-3040000	SBS3	4	3	2	3	2	1	0	0	0	0
67	chr10:26683001-26884500	SBS3	2	1	1	0	0	0	0	0	0	0
68	chr10:26884501-27008000	SBS3	2	1	2	0	0	0	0	0	0	0
69	chr10:27244001-27479000	SBS3	2	1	1	0	0	0	0	0	0	0
70	chr10:27547001-28342480	SBS1	2	1	0	1	0	0	0	0	0	0
71	chr10:27547001-28342480	SBS3	2	1	2	1	0	0	0	0	0	0
72	chr10:28342481-28494000	SBS3	2	2	2	0	0	0	0	0	0	0
73	chr10:28763438-28935901	SBS3	2	1	2	0	0	0	0	0	0	0
74	chr10:288379-600048	SBS1	5	3	3	0	0	0	0	0	0	0
75	chr10:288379-600048	SBS3	5	3	1	0	0	0	1	0	0	0
76	chr10:28935951-29123000	SBS3	2	1	3	1	0	0	0	0	0	0
77	chr10:29123001-29822624	SBS3	2	1	1	0	0	0	0	0	0	0
78	chr10:29940128-31313000	SBS1	2	1	1	0	0	0	0	0	0	0
79	chr10:29940128-31313000	SBS3	2	1	12	2	0	0	0	0	0	0
80	chr10:3040001-4530377	SBS3	3	2	8	2	0	2	0	0	0	0
81	chr10:31313001-31427000	SBS3	1	1	1	0	0	0	0	0	0	0
82	chr10:31427001-31645000	SBS3	2	1	2	0	0	0	0	0	0	0
83	chr10:31710001-32377000	SBS3	2	1	1	0	0	0	0	0	0	0
84	chr10:32380001-32889000	SBS1	2	1	0	1	0	0	0	0	0	0
85	chr10:32380001-32889000	SBS3	2	1	2	1	0	0	0	0	0	0
86	chr10:33011001-34256317	SBS100	2	1	0	1	0	0	0	0	0	0
87	chr10:33011001-34256317	SBS3	2	1	7	0	0	0	0	0	0	0
88	chr10:34256409-34801088	SBS3	2	0	1	0	0	0	0	0	0	0
89	chr10:34801089-35325000	SBS1	2	1	1	0	0	0	0	0	0	0
90	chr10:34801089-35325000	SBS3	2	1	0	2	0	0	0	0	0	0
91	chr10:35325001-35564000	SBS3	2	1	2	0	0	0	0	0	0	0
92	chr10:35919877-36843000	SBS1	2	1	1	0	0	0	0	0	0	0
93	chr10:35919877-36843000	SBS3	2	1	3	1	0	0	0	0	0	0
94	chr10:36843001-37802413	SBS1	2	1	1	0	0	0	0	0	0	0
95	chr10:36843001-37802413	SBS100	2	1	0	1	0	0	0	0	0	0
96	chr10:36843001-37802413	SBS3	2	1	7	0	0	0	0	0	0	0
97	chr10:38103001-40640101	SBS100	1	1	2	0	0	0	0	0	0	0
98	chr10:38103001-40640101	SBS3	1	1	19	0	0	0	0	0	0	0
99	chr10:40640102-44018354	SBS3	1	1	14	0	0	0	0	0	0	0
100	chr10:44027134-44932000	SBS100	1	1	1	0	0	0	0	0	0	0
101	chr10:44027134-44932000	SBS3	1	1	4	0	0	0	0	0	0	0
102	chr10:45012001-45165963	SBS3	1	1	1	0	0	0	0	0	0	0
103	chr10:45165964-49580041	SBS3	1	0	8	0	0	0	0	0	0	0
104	chr10:4530378-5098000	SBS100	3	3	1	0	0	0	0	0	0	0
105	chr10:4530378-5098000	SBS3	3	3	4	0	0	2	0	0	0	0
106	chr10:49580042-49778958	SBS3	3	0	1	0	0	0	0	0	0	0
107	chr10:49778959-62031000	SBS100	1	0	1	0	0	0	0	0	0	0
108	chr10:49778959-62031000	SBS3	1	0	31	0	0	0	0	0	0	0
109	chr10:5098001-5411000	SBS3	3	3	2	1	0	0	0	0	0	0
110	chr10:5506001-5961000	SBS1	3	2	0	0	0	1	0	0	0	0
111	chr10:5506001-5961000	SBS3	3	2	2	0	0	0	0	0	0	0
112	chr10:5961001-6560709	SBS100	4	3	0	0	0	1	0	0	0	0
113	chr10:5961001-6560709	SBS3	4	3	3	0	0	0	0	0	0	0
114	chr10:600049-1030000	SBS3	3	2	1	1	0	0	0	0	0	0
115	chr10:62097001-63043980	SBS3	1	0	3	0	0	0	0	0	0	0
116	chr10:63044302-67188098	SBS1	1	0	1	0	0	0	0	0	0	0
117	chr10:63044302-67188098	SBS100	1	0	3	0	0	0	0	0	0	0
118	chr10:63044302-67188098	SBS3	1	0	11	0	0	0	0	0	0	0
119	chr10:6563245-7149514	SBS3	4	3	5	1	3	0	0	0	0	0
120	chr10:67188136-71063034	SBS1	1	0	1	0	0	0	0	0	0	0
121	chr10:67188136-71063034	SBS100	1	0	1	0	0	0	0	0	0	0
122	chr10:67188136-71063034	SBS3	1	0	21	0	0	0	0	0	0	0
123	chr10:71063079-80302080	SBS1	1	0	1	0	0	0	0	0	0	0
124	chr10:71063079-80302080	SBS100	1	0	1	0	0	0	0	0	0	0
125	chr10:71063079-80302080	SBS3	1	0	24	0	0	0	0	0	0	0
126	chr10:7423001-7748000	SBS3	4	4	4	0	1	0	0	0	0	0
127	chr10:7748001-9346000	SBS1	3	3	0	0	0	1	0	0	0	0
128	chr10:7748001-9346000	SBS100	3	3	1	2	0	0	0	0	0	0
129	chr10:7748001-9346000	SBS3	3	3	3	2	0	4	0	0	0	0
130	chr10:80513001-81047120	SBS3	2	0	1	0	0	0	0	0	0	0
131	chr10:81081602-81373813	SBS3	2	0	1	0	0	0	0	0	0	0
132	chr10:81373814-84309000	SBS3	1	0	10	0	0	0	0	0	0	0
133	chr10:84544001-86397000	SBS1	2	0	1	0	0	0	0	0	0	0
134	chr10:84544001-86397000	SBS3	2	0	4	1	0	0	0	0	0	0
135	chr10:86397001-87837000	SBS1	1	0	1	0	0	0	0	0	0	0
136	chr10:86397001-87837000	SBS3	1	0	5	0	0	0	0	0	0	0
137	chr10:87837001-87970000	SBS3	1	0	2	0	0	0	0	0	0	0
138	chr10:87996314-91118250	SBS1	1	0	2	0	0	0	0	0	0	0
139	chr10:87996314-91118250	SBS3	1	0	14	0	0	0	0	0	0	0
140	chr10:91124081-92098351	SBS3	1	0	4	0	0	0	0	0	0	0
141	chr10:92098402-93434000	SBS3	1	0	5	0	0	0	0	0	0	0
142	chr10:9346001-9711261	SBS3	4	3	1	2	0	1	0	0	0	0
143	chr10:93509001-94612000	SBS3	2	0	4	2	0	0	0	0	0	0
144	chr10:94612001-95174500	SBS3	2	0	3	2	0	0	0	0	0	0
145	chr10:95174501-95414854	SBS3	1	0	1	0	0	0	0	0	0	0
146	chr10:95621853-97795000	SBS1	2	0	1	0	0	0	0	0	0	0
147	chr10:95621853-97795000	SBS100	2	0	1	0	0	0	0	0	0	0
148	chr10:95621853-97795000	SBS3	2	0	7	1	0	0	0	0	0	0
149	chr10:9711262-11465000	SBS3	4	2	12	4	1	0	0	0	0	0
150	chr10:98418001-100908000	SBS3	2	0	6	5	0	0	0	0	0	0
151	chr11:1-806000	SBS3	2	0	2	2	0	0	0	0	0	0
152	chr11:102142759-102447000	SBS3	1	1	2	0	0	0	0	0	0	0
153	chr11:102498001-103048000	SBS3	2	1	3	1	0	0	0	0	0	0
154	chr11:103114001-107809000	SBS100	2	1	1	0	0	0	0	0	0	0
155	chr11:103114001-107809000	SBS3	2	1	22	1	0	0	0	0	0	0
156	chr11:107863001-108202638	SBS3	2	1	0	1	0	0	0	0	0	0
157	chr11:108208368-108946000	SBS3	2	1	8	0	0	0	0	0	0	0
158	chr11:108946001-110199000	SBS100	2	1	0	1	0	0	0	0	0	0
159	chr11:108946001-110199000	SBS3	2	1	8	2	0	0	0	0	0	0
160	chr11:110199001-110378000	SBS3	2	1	1	1	0	0	0	0	0	0
161	chr11:110378001-111555000	SBS1	2	1	0	1	0	0	0	0	0	0
162	chr11:110378001-111555000	SBS3	2	1	2	2	0	0	0	0	0	0
163	chr11:111555001-111906000	SBS3	2	1	3	0	0	0	0	0	0	0
164	chr11:112296001-112582000	SBS3	2	1	1	0	0	0	0	0	0	0
165	chr11:112801001-113659500	SBS3	2	1	7	1	0	0	0	0	0	0
166	chr11:113659501-113879000	SBS3	2	1	2	0	0	0	0	0	0	0
167	chr11:113953243-114395000	SBS3	2	1	3	1	0	0	0	0	0	0
168	chr11:114460001-115163000	SBS3	2	1	3	0	0	0	0	0	0	0
169	chr11:115163001-115545000	SBS3	2	1	2	1	0	0	0	0	0	0
170	chr11:115545001-116723000	SBS3	2	1	5	3	0	0	0	0	0	0
171	chr11:117107001-117407562	SBS3	2	1	4	0	0	0	0	0	0	0
172	chr11:117407597-117580129	SBS3	2	1	3	0	0	0	0	0	0	0
173	chr11:117580130-117910948	SBS1	3	2	1	0	0	0	0	0	0	0
174	chr11:117580130-117910948	SBS3	3	2	0	1	0	0	0	0	0	0
175	chr11:117910949-118236000	SBS1	2	1	2	0	0	0	0	0	0	0
176	chr11:117910949-118236000	SBS3	2	1	3	0	0	0	0	0	0	0
177	chr11:118270001-118834299	SBS3	2	1	1	0	0	0	0	0	0	0
178	chr11:118838521-119370618	SBS100	2	1	1	0	0	0	0	0	0	0
179	chr11:118838521-119370618	SBS3	2	1	2	0	0	0	0	0	0	0
180	chr11:119378570-119676993	SBS3	2	1	1	0	0	0	0	0	0	0
181	chr11:119676994-119684893	SBS3	1	1	1	0	0	0	0	0	0	0
182	chr11:119684894-120295000	SBS3	2	1	7	0	0	0	0	0	0	0
183	chr11:1197001-20213017	SBS1	1	0	6	0	0	0	0	0	0	0
184	chr11:1197001-20213017	SBS100	1	0	2	0	0	0	0	0	0	0
185	chr11:1197001-20213017	SBS3	1	0	60	0	0	0	0	0	0	0
186	chr11:120295001-120477000	SBS3	2	1	1	0	0	0	0	0	0	0
187	chr11:120477001-121289000	SBS3	2	1	2	0	0	0	0	0	0	0
188	chr11:121289001-121498000	SBS3	2	1	2	0	0	0	0	0	0	0
189	chr11:121498001-121659000	SBS3	2	1	2	0	0	0	0	0	0	0
190	chr11:121659001-122626000	SBS1	2	1	2	0	0	0	0	0	0	0
191	chr11:121659001-122626000	SBS3	2	1	5	0	0	0	0	0	0	0
192	chr11:122626001-122949217	SBS1	2	1	1	0	0	0	0	0	0	0
193	chr11:122626001-122949217	SBS3	2	1	4	0	0	0	0	0	0	0
194	chr11:122949218-123434149	SBS3	3	2	1	1	0	1	0	0	0	0
195	chr11:123434150-123444941	SBS1	3	1	1	0	0	0	0	0	0	0
196	chr11:123434150-123444941	SBS3	3	1	4	0	0	0	0	0	0	0
197	chr11:123446264-125567000	SBS1	2	1	1	0	0	0	0	0	0	0
198	chr11:123446264-125567000	SBS100	2	1	1	0	0	0	0	0	0	0
199	chr11:123446264-125567000	SBS3	2	1	16	5	0	0	0	0	0	0
200	chr11:125639001-125873000	SBS1	2	1	1	0	0	0	0	0	0	0
201	chr11:125904501-126295000	SBS3	2	1	1	0	0	0	0	0	0	0
202	chr11:126443001-126741000	SBS3	2	1	1	0	0	0	0	0	0	0
203	chr11:126741001-127540029	SBS100	2	1	1	0	0	0	0	0	0	0
204	chr11:126741001-127540029	SBS3	2	1	6	4	0	0	0	0	0	0
205	chr11:127540080-128021000	SBS3	2	1	5	1	0	0	0	0	0	0
206	chr11:128021001-128640558	SBS3	2	1	4	0	0	0	0	0	0	0
207	chr11:128642566-130059000	SBS3	2	1	4	1	0	0	0	0	0	0
208	chr11:130437001-130674717	SBS3	2	1	5	2	0	0	0	0	0	0
209	chr11:130675943-135086622	SBS1	2	1	2	1	0	0	0	0	0	0
210	chr11:130675943-135086622	SBS100	2	1	2	0	0	0	0	0	0	0
211	chr11:130675943-135086622	SBS3	2	1	41	7	0	0	0	0	0	0
212	chr11:20213199-20505000	SBS3	1	0	1	0	0	0	0	0	0	0
213	chr11:20505001-20975867	SBS1	1	0	1	0	0	0	0	0	0	0
214	chr11:20505001-20975867	SBS3	1	0	1	0	0	0	0	0	0	0
215	chr11:20975868-21457724	SBS3	2	0	2	0	0	0	0	0	0	0
216	chr11:21457792-21664153	SBS3	2	1	1	0	0	0	0	0	0	0
217	chr11:21664154-29359000	SBS1	1	1	2	0	0	0	0	0	0	0
218	chr11:21664154-29359000	SBS100	1	1	2	0	0	0	0	0	0	0
219	chr11:21664154-29359000	SBS3	1	1	19	0	0	0	0	0	0	0
220	chr11:29359001-30313000	SBS3	1	1	1	0	0	0	0	0	0	0
221	chr11:30313001-30927000	SBS3	1	1	2	0	0	0	0	0	0	0
222	chr11:31362001-31808000	SBS1	1	1	4	0	0	0	0	0	0	0
223	chr11:31362001-31808000	SBS100	1	1	1	0	0	0	0	0	0	0
224	chr11:31362001-31808000	SBS3	1	1	4	0	0	0	0	0	0	0
225	chr11:31815209-32806000	SBS100	1	1	1	0	0	0	0	0	0	0
226	chr11:31815209-32806000	SBS3	1	1	5	0	0	0	0	0	0	0
227	chr11:33366001-33682810	SBS3	1	1	3	0	0	0	0	0	0	0
228	chr11:34109001-34620000	SBS3	2	1	3	0	0	0	0	0	0	0
229	chr11:34620001-34673000	SBS3	1	0	1	0	0	0	0	0	0	0
230	chr11:34922685-36516000	SBS1	1	1	1	0	0	0	0	0	0	0
231	chr11:34922685-36516000	SBS3	1	1	8	0	0	0	0	0	0	0
232	chr11:36516001-37724720	SBS3	1	1	2	0	0	0	0	0	0	0
233	chr11:37724721-42269049	SBS3	1	0	17	0	0	0	0	0	0	0
234	chr11:42269050-43310000	SBS3	1	1	3	0	0	0	0	0	0	0
235	chr11:43310001-44257000	SBS3	1	1	2	0	0	0	0	0	0	0
236	chr11:44257001-45050720	SBS3	1	1	3	0	0	0	0	0	0	0
237	chr11:45062391-45798000	SBS100	1	1	1	0	0	0	0	0	0	0
238	chr11:45062391-45798000	SBS3	1	1	6	0	0	0	0	0	0	0
239	chr11:45798001-48352400	SBS3	1	1	6	0	0	0	0	0	0	0
240	chr11:48371085-50060501	SBS1	1	1	2	0	0	0	0	0	0	0
241	chr11:48371085-50060501	SBS100	1	1	2	0	0	0	0	0	0	0
242	chr11:48371085-50060501	SBS3	1	1	15	0	0	0	0	0	0	0
243	chr11:50060581-52751710	SBS1	1	1	1	0	0	0	0	0	0	0
244	chr11:50060581-52751710	SBS100	1	1	2	0	0	0	0	0	0	0
245	chr11:50060581-52751710	SBS3	1	1	8	0	0	0	0	0	0	0
246	chr11:52751711-57052198	SBS3	1	1	17	0	0	0	0	0	0	0
247	chr11:57052231-57637000	SBS3	1	1	2	0	0	0	0	0	0	0
248	chr11:57835001-58492000	SBS100	1	1	1	0	0	0	0	0	0	0
249	chr11:57835001-58492000	SBS3	1	1	3	0	0	0	0	0	0	0
250	chr11:58492001-59222000	SBS3	1	1	1	0	0	0	0	0	0	0
251	chr11:59222001-59548000	SBS3	1	1	2	0	0	0	0	0	0	0
252	chr11:59816001-60821000	SBS3	1	1	4	0	0	0	0	0	0	0
253	chr11:60821001-62539000	SBS3	1	1	8	0	0	0	0	0	0	0
254	chr11:62539001-62925000	SBS3	1	1	2	0	0	0	0	0	0	0
255	chr11:62925001-63620000	SBS1	1	1	1	0	0	0	0	0	0	0
256	chr11:62925001-63620000	SBS3	1	1	5	0	0	0	0	0	0	0
257	chr11:63620001-63989000	SBS3	1	1	1	0	0	0	0	0	0	0
258	chr11:64147001-64379000	SBS100	1	1	1	0	0	0	0	0	0	0
259	chr11:64147001-64379000	SBS3	1	1	2	0	0	0	0	0	0	0
260	chr11:64379001-64759500	SBS100	1	1	1	0	0	0	0	0	0	0
261	chr11:64379001-64759500	SBS3	1	1	2	0	0	0	0	0	0	0
262	chr11:64759501-65416000	SBS3	1	1	3	0	0	0	0	0	0	0
263	chr11:65416001-65512000	SBS3	1	0	1	0	0	0	0	0	0	0
264	chr11:65610322-68346000	SBS1	1	1	1	0	0	0	0	0	0	0
265	chr11:65610322-68346000	SBS100	1	1	1	0	0	0	0	0	0	0
266	chr11:65610322-68346000	SBS3	1	1	11	0	0	0	0	0	0	0
267	chr11:68451001-68607000	SBS1	1	1	1	0	0	0	0	0	0	0
268	chr11:68451001-68607000	SBS3	1	1	1	0	0	0	0	0	0	0
269	chr11:68607001-70195000	SBS1	1	1	1	0	0	0	0	0	0	0
270	chr11:68607001-70195000	SBS100	1	1	1	0	0	0	0	0	0	0
271	chr11:68607001-70195000	SBS3	1	1	4	0	0	0	0	0	0	0
272	chr11:70410001-71239000	SBS3	1	1	5	0	0	0	0	0	0	0
273	chr11:71239001-71305000	SBS100	1	1	1	0	0	0	0	0	0	0
274	chr11:71305001-71548000	SBS3	1	1	3	0	0	0	0	0	0	0
275	chr11:71548001-72116000	SBS1	1	1	1	0	0	0	0	0	0	0
276	chr11:71548001-72116000	SBS3	1	1	2	0	0	0	0	0	0	0
277	chr11:72116001-72486000	SBS3	1	1	1	0	0	0	0	0	0	0
278	chr11:72486001-72717000	SBS3	1	1	1	0	0	0	0	0	0	0
279	chr11:72717001-73984378	SBS3	1	1	7	0	0	0	0	0	0	0
280	chr11:73984379-74378000	SBS3	2	1	1	1	0	0	0	0	0	0
281	chr11:74716711-77578757	SBS1	1	1	1	0	0	0	0	0	0	0
282	chr11:74716711-77578757	SBS100	1	1	1	0	0	0	0	0	0	0
283	chr11:74716711-77578757	SBS3	1	1	11	0	0	0	0	0	0	0
284	chr11:77578758-78304000	SBS3	2	1	2	2	0	0	0	0	0	0
285	chr11:78493902-78577000	SBS3	1	1	2	0	0	0	0	0	0	0
286	chr11:78577001-83155000	SBS1	1	1	1	0	0	0	0	0	0	0
287	chr11:78577001-83155000	SBS100	1	1	2	0	0	0	0	0	0	0
288	chr11:78577001-83155000	SBS3	1	1	21	0	0	0	0	0	0	0
289	chr11:806001-958000	SBS3	1	0	1	0	0	0	0	0	0	0
290	chr11:83294001-84779815	SBS3	1	1	4	0	0	0	0	0	0	0
291	chr11:84779816-84780634	SBS3	1	0	1	0	0	0	0	0	0	0
292	chr11:84849023-85624000	SBS3	1	1	6	0	0	0	0	0	0	0
293	chr11:85937001-86072000	SBS3	1	1	2	0	0	0	0	0	0	0
294	chr11:86072001-87392417	SBS3	1	1	7	0	0	0	0	0	0	0
295	chr11:87392418-88279000	SBS3	2	1	3	1	0	0	0	0	0	0
296	chr11:88339001-90191000	SBS1	2	1	3	0	0	0	0	0	0	0
297	chr11:88339001-90191000	SBS3	2	1	12	3	0	0	0	0	0	0
298	chr11:90226001-92487673	SBS3	2	1	17	0	0	0	0	0	0	0
299	chr11:92487731-93514000	SBS3	2	1	2	1	0	0	0	0	0	0
300	chr11:93546001-94360813	SBS3	2	1	7	0	0	0	0	0	0	0
301	chr11:94491001-94593000	SBS3	1	1	1	0	0	0	0	0	0	0
302	chr11:94593001-94709750	SBS3	2	1	1	0	0	0	0	0	0	0
303	chr11:94982001-95062000	SBS3	2	1	1	0	0	0	0	0	0	0
304	chr11:95062001-96031000	SBS1	1	1	1	0	0	0	0	0	0	0
305	chr11:95062001-96031000	SBS100	1	1	1	0	0	0	0	0	0	0
306	chr11:95062001-96031000	SBS3	1	1	4	0	0	0	0	0	0	0
307	chr11:958001-1197000	SBS3	1	0	1	0	0	0	0	0	0	0
308	chr11:96344001-96753591	SBS3	2	1	3	0	0	0	0	0	0	0
309	chr11:96753625-97551320	SBS100	2	1	1	0	0	0	0	0	0	0
310	chr11:96753625-97551320	SBS3	2	1	2	0	0	0	0	0	0	0
311	chr11:97551509-99241095	SBS3	2	1	8	1	0	0	0	0	0	0
312	chr11:99241135-102108000	SBS1	2	1	0	1	0	0	0	0	0	0
313	chr11:99241135-102108000	SBS3	2	1	11	1	0	0	0	0	0	0
314	chr12:1-268000	SBS3	2	1	2	0	0	0	0	0	0	0
315	chr12:100551001-100628000	SBS3	2	0	0	1	0	0	0	0	0	0
316	chr12:100628001-101276000	SBS3	2	0	3	1	0	0	0	0	0	0
317	chr12:101276001-101307000	SBS3	1	0	2	0	0	0	0	0	0	0
318	chr12:101307001-101416000	SBS100	2	0	0	1	0	0	0	0	0	0
319	chr12:102200001-103768000	SBS3	2	0	6	2	0	0	0	0	0	0
320	chr12:104323001-105425000	SBS1	2	0	1	0	0	0	0	0	0	0
321	chr12:104323001-105425000	SBS3	2	0	2	3	0	0	0	0	0	0
322	chr12:105425001-106223000	SBS3	2	0	4	2	0	0	0	0	0	0
323	chr12:106223001-106448000	SBS3	2	0	1	0	0	0	0	0	0	0
324	chr12:106448001-106772000	SBS1	2	0	1	0	0	0	0	0	0	0
325	chr12:106807710-106950000	SBS3	3	0	1	0	0	0	0	0	0	0
326	chr12:106950001-107109000	SBS3	2	0	1	0	0	0	0	0	0	0
327	chr12:107109001-107673000	SBS1	3	0	1	0	0	0	0	0	0	0
328	chr12:107109001-107673000	SBS3	3	0	2	0	0	0	0	0	0	0
329	chr12:107767001-108511000	SBS1	4	0	0	0	1	0	0	0	0	0
330	chr12:107767001-108511000	SBS3	4	0	2	3	0	0	0	0	0	0
331	chr12:108511001-108863000	SBS3	3	0	1	0	0	0	0	0	0	0
332	chr12:108863001-109845000	SBS3	3	0	2	0	0	1	0	0	0	0
333	chr12:109845001-110626000	SBS3	3	0	1	0	0	1	0	0	0	0
334	chr12:110626001-111365000	SBS3	3	0	3	0	0	0	0	0	0	0
335	chr12:111365001-113430000	SBS1	3	0	1	0	0	0	0	0	0	0
336	chr12:111365001-113430000	SBS100	3	0	1	0	0	0	0	0	0	0
337	chr12:111365001-113430000	SBS3	3	0	4	1	0	2	0	0	0	0
338	chr12:113430001-113827000	SBS3	4	0	0	1	0	0	0	0	0	0
339	chr12:113827001-113988000	SBS3	3	0	0	0	0	1	0	0	0	0
340	chr12:113988001-115191479	SBS3	4	0	7	4	3	4	0	0	0	0
341	chr12:115191651-115956000	SBS1	4	0	0	1	0	0	0	0	0	0
342	chr12:115191651-115956000	SBS3	4	0	6	1	0	1	0	0	0	0
343	chr12:116267184-116389350	SBS3	3	0	2	0	0	0	0	0	0	0
344	chr12:116389404-117206000	SBS100	3	0	1	0	0	0	0	0	0	0
345	chr12:116389404-117206000	SBS3	3	0	5	1	0	2	0	0	0	0
346	chr12:117206001-118009500	SBS3	4	0	3	1	0	0	0	0	0	0
347	chr12:118009501-118225201	SBS3	3	0	1	0	0	0	0	0	0	0
348	chr12:118225202-118426000	SBS3	2	0	3	1	0	0	0	0	0	0
349	chr12:118426001-119656000	SBS3	3	0	3	1	0	2	0	0	0	0
350	chr12:119656001-125161000	SBS1	2	0	1	0	0	0	0	0	0	0
351	chr12:119656001-125161000	SBS100	2	0	0	2	0	0	0	0	0	0
352	chr12:119656001-125161000	SBS3	2	0	11	5	0	0	0	0	0	0
353	chr12:12216492-18702568	SBS3	1	0	10	0	0	0	0	0	0	0
354	chr12:125161001-130809000	SBS3	3	0	6	2	0	8	0	0	0	0
355	chr12:130809001-130904500	SBS3	2	0	2	0	0	0	0	0	0	0
356	chr12:130904501-131705000	SBS3	1	0	5	0	0	0	0	0	0	0
357	chr12:132114001-132579000	SBS3	1	0	1	0	0	0	0	0	0	0
358	chr12:132579001-133275309	SBS100	1	0	2	0	0	0	0	0	0	0
359	chr12:1805501-2283769	SBS3	2	1	1	1	0	0	0	0	0	0
360	chr12:18702569-19572873	SBS3	2	0	2	1	0	0	0	0	0	0
361	chr12:19572874-22513241	SBS100	1	0	2	0	0	0	0	0	0	0
362	chr12:19572874-22513241	SBS3	1	0	18	0	0	0	0	0	0	0
363	chr12:22519682-30321725	SBS100	1	0	1	0	0	0	0	0	0	0
364	chr12:22519682-30321725	SBS3	1	0	10	0	0	0	0	0	0	0
365	chr12:2283888-2783000	SBS3	2	1	3	1	0	0	0	0	0	0
366	chr12:268001-1805500	SBS1	2	1	1	0	0	0	0	0	0	0
367	chr12:268001-1805500	SBS3	2	1	1	4	0	0	0	0	0	0
368	chr12:2783001-3471759	SBS1	2	1	1	0	0	0	0	0	0	0
369	chr12:2783001-3471759	SBS100	2	1	0	1	0	0	0	0	0	0
370	chr12:2783001-3471759	SBS3	2	1	1	0	0	0	0	0	0	0
371	chr12:30321726-31251641	SBS3	2	0	10	3	0	0	0	0	0	0
372	chr12:31519894-31723000	SBS3	2	1	1	0	0	0	0	0	0	0
373	chr12:31723001-31753000	SBS3	1	1	2	0	0	0	0	0	0	0
374	chr12:31753001-32102000	SBS3	2	1	1	0	0	0	0	0	0	0
375	chr12:32102001-32912000	SBS1	1	1	1	0	0	0	0	0	0	0
376	chr12:32102001-32912000	SBS3	1	1	5	0	0	0	0	0	0	0
377	chr12:32912001-34520326	SBS1	1	1	1	0	0	0	0	0	0	0
378	chr12:32912001-34520326	SBS100	1	1	1	0	0	0	0	0	0	0
379	chr12:32912001-34520326	SBS3	1	1	5	0	0	0	0	0	0	0
380	chr12:3471760-3627429	SBS3	2	2	1	1	0	0	0	0	0	0
381	chr12:35977330-38130000	SBS1	2	1	1	0	0	0	0	0	0	0
382	chr12:35977330-38130000	SBS3	2	1	23	0	0	0	0	0	0	0
383	chr12:3811001-4483000	SBS3	2	1	5	1	0	0	0	0	0	0
384	chr12:38130001-39890822	SBS3	1	1	8	0	0	0	0	0	0	0
385	chr12:40366192-42089000	SBS1	1	1	1	0	0	0	0	0	0	0
386	chr12:40366192-42089000	SBS3	1	1	9	0	0	0	0	0	0	0
387	chr12:42089001-42433188	SBS1	1	1	1	0	0	0	0	0	0	0
388	chr12:42089001-42433188	SBS3	1	1	1	0	0	0	0	0	0	0
389	chr12:42433222-45627826	SBS3	1	1	12	0	0	0	0	0	0	0
390	chr12:4483001-4711000	SBS3	2	1	1	0	0	0	0	0	0	0
391	chr12:45635033-45998000	SBS3	2	1	0	3	0	0	0	0	0	0
392	chr12:46277001-47369000	SBS3	2	1	4	1	0	0	0	0	0	0
393	chr12:4711001-5866348	SBS1	2	1	1	0	0	0	0	0	0	0
394	chr12:4711001-5866348	SBS3	2	1	3	1	0	0	0	0	0	0
395	chr12:47369001-47400000	SBS3	1	1	1	0	0	0	0	0	0	0
396	chr12:47400001-47635000	SBS3	2	1	1	1	0	0	0	0	0	0
397	chr12:47635001-48052704	SBS3	2	1	1	1	0	0	0	0	0	0
398	chr12:48052705-49183198	SBS1	1	0	1	0	0	0	0	0	0	0
399	chr12:48052705-49183198	SBS3	1	0	8	0	0	0	0	0	0	0
400	chr12:49194547-49622920	SBS3	1	0	1	0	0	0	0	0	0	0
401	chr12:49622958-54524491	SBS1	1	0	3	0	0	0	0	0	0	0
402	chr12:49622958-54524491	SBS3	1	0	31	0	0	0	0	0	0	0
403	chr12:54705001-55704000	SBS3	1	0	4	0	0	0	0	0	0	0
404	chr12:55704001-56673782	SBS3	1	0	2	0	0	0	0	0	0	0
405	chr12:56673828-63532701	SBS100	1	0	1	0	0	0	0	0	0	0
406	chr12:56673828-63532701	SBS3	1	0	12	0	0	0	0	0	0	0
407	chr12:6193001-6924000	SBS1	2	1	1	0	0	0	0	0	0	0
408	chr12:6193001-6924000	SBS100	2	1	1	0	0	0	0	0	0	0
409	chr12:6193001-6924000	SBS3	2	1	2	0	0	0	0	0	0	0
410	chr12:63532902-67021158	SBS1	1	0	1	0	0	0	0	0	0	0
411	chr12:63532902-67021158	SBS3	1	0	7	0	0	0	0	0	0	0
412	chr12:67022212-68652000	SBS3	1	0	9	0	0	0	0	0	0	0
413	chr12:68652001-69610000	SBS3	2	0	2	2	0	0	0	0	0	0
414	chr12:69610001-70239000	SBS3	2	0	2	0	0	0	0	0	0	0
415	chr12:6992001-7197568	SBS3	2	2	1	0	0	0	0	0	0	0
416	chr12:70373001-70898475	SBS3	2	0	2	0	0	0	0	0	0	0
417	chr12:70898476-75926316	SBS1	1	0	1	0	0	0	0	0	0	0
418	chr12:70898476-75926316	SBS3	1	0	11	0	0	0	0	0	0	0
419	chr12:7245958-11646000	SBS1	1	0	4	0	0	0	0	0	0	0
420	chr12:7245958-11646000	SBS100	1	0	1	0	0	0	0	0	0	0
421	chr12:7245958-11646000	SBS3	1	0	15	0	0	0	0	0	0	0
422	chr12:76000789-83370900	SBS1	1	0	3	0	0	0	0	0	0	0
423	chr12:76000789-83370900	SBS3	1	0	21	0	0	0	0	0	0	0
424	chr12:83371664-95402950	SBS1	1	0	1	0	0	0	0	0	0	0
425	chr12:83371664-95402950	SBS100	1	0	2	0	0	0	0	0	0	0
426	chr12:83371664-95402950	SBS3	1	0	41	0	0	0	0	0	0	0
427	chr12:95402951-96519000	SBS3	2	0	2	0	0	0	0	0	0	0
428	chr12:96519001-96906000	SBS3	2	0	2	1	0	0	0	0	0	0
429	chr12:96940001-98502000	SBS3	2	0	4	0	0	0	0	0	0	0
430	chr12:98541001-100362000	SBS3	2	0	1	3	0	0	0	0	0	0
431	chr13:1-17025623	SBS3	1	1	1	0	0	0	0	0	0	0
432	chr13:104322161-111483000	SBS1	2	0	1	1	0	0	0	0	0	0
433	chr13:104322161-111483000	SBS100	2	0	0	1	0	0	0	0	0	0
434	chr13:104322161-111483000	SBS3	2	0	6	12	0	0	0	0	0	0
435	chr13:111483001-112471000	SBS3	2	0	1	0	0	0	0	0	0	0
436	chr13:112471001-113665000	SBS3	2	0	0	3	0	0	0	0	0	0
437	chr13:114062001-114364328	SBS3	2	0	1	2	0	0	0	0	0	0
438	chr13:17025624-19585000	SBS1	1	1	2	0	0	0	0	0	0	0
439	chr13:17025624-19585000	SBS3	1	1	14	0	0	0	0	0	0	0
440	chr13:19585001-20200000	SBS3	1	1	4	0	0	0	0	0	0	0
441	chr13:20406001-21682000	SBS3	1	1	10	0	0	0	0	0	0	0
442	chr13:21682001-22219486	SBS1	1	1	1	0	0	0	0	0	0	0
443	chr13:21682001-22219486	SBS3	1	1	4	0	0	0	0	0	0	0
444	chr13:22222487-23318000	SBS1	1	1	1	0	0	0	0	0	0	0
445	chr13:22222487-23318000	SBS100	1	1	1	0	0	0	0	0	0	0
446	chr13:22222487-23318000	SBS3	1	1	5	0	0	0	0	0	0	0
447	chr13:23318001-24573000	SBS100	1	1	1	0	0	0	0	0	0	0
448	chr13:23318001-24573000	SBS3	1	1	2	0	0	0	0	0	0	0
449	chr13:24573001-24870896	SBS3	1	1	3	0	0	0	0	0	0	0
450	chr13:24882486-25232000	SBS1	1	1	3	0	0	0	0	0	0	0
451	chr13:24882486-25232000	SBS3	1	1	4	0	0	0	0	0	0	0
452	chr13:25349001-26183000	SBS3	1	1	3	0	0	0	0	0	0	0
453	chr13:26183001-26434000	SBS3	1	1	1	0	0	0	0	0	0	0
454	chr13:26434001-27018418	SBS3	1	1	3	0	0	0	0	0	0	0
455	chr13:27301765-27399000	SBS3	2	1	1	0	0	0	0	0	0	0
456	chr13:27670001-27844612	SBS3	2	1	1	0	0	0	0	0	0	0
457	chr13:28116001-28289000	SBS3	1	0	1	0	0	0	0	0	0	0
458	chr13:28289001-28759000	SBS3	1	1	3	0	0	0	0	0	0	0
459	chr13:28759001-29494000	SBS100	1	1	1	0	0	0	0	0	0	0
460	chr13:28759001-29494000	SBS3	1	1	9	0	0	0	0	0	0	0
461	chr13:29494001-29765000	SBS3	1	1	2	0	0	0	0	0	0	0
462	chr13:29765001-29853000	SBS3	1	1	1	0	0	0	0	0	0	0
463	chr13:30236001-31052000	SBS1	1	1	1	0	0	0	0	0	0	0
464	chr13:30236001-31052000	SBS3	1	1	5	0	0	0	0	0	0	0
465	chr13:31168001-36293000	SBS1	1	1	2	0	0	0	0	0	0	0
466	chr13:31168001-36293000	SBS100	1	1	1	0	0	0	0	0	0	0
467	chr13:31168001-36293000	SBS3	1	1	15	0	0	0	0	0	0	0
468	chr13:36293001-36361000	SBS3	1	1	1	0	0	0	0	0	0	0
469	chr13:36361001-37362316	SBS1	1	1	1	0	0	0	0	0	0	0
470	chr13:36361001-37362316	SBS3	1	1	6	0	0	0	0	0	0	0
471	chr13:37410195-37871367	SBS1	1	1	1	0	0	0	0	0	0	0
472	chr13:37410195-37871367	SBS3	1	1	2	0	0	0	0	0	0	0
473	chr13:37871368-38734264	SBS3	2	1	4	0	0	0	0	0	0	0
474	chr13:38734265-39541451	SBS3	1	1	3	0	0	0	0	0	0	0
475	chr13:39541452-40547857	SBS1	1	0	1	0	0	0	0	0	0	0
476	chr13:40550388-48099639	SBS1	1	0	1	0	0	0	0	0	0	0
477	chr13:40550388-48099639	SBS3	1	0	14	0	0	0	0	0	0	0
478	chr13:49185927-49677735	SBS1	1	0	1	0	0	0	0	0	0	0
479	chr13:49797001-49972000	SBS3	2	0	1	0	0	0	0	0	0	0
480	chr13:50132001-51849000	SBS3	1	0	2	0	0	0	0	0	0	0
481	chr13:51849001-52412230	SBS3	2	0	2	1	0	0	0	0	0	0
482	chr13:52412231-53162665	SBS3	3	0	1	0	0	1	0	0	0	0
483	chr13:60917472-69447531	SBS1	2	0	1	0	0	0	0	0	0	0
484	chr13:60917472-69447531	SBS3	2	0	5	19	0	0	0	0	0	0
485	chr13:69451715-76974000	SBS3	2	0	4	14	0	0	0	0	0	0
486	chr13:77031001-80256606	SBS100	2	0	0	1	0	0	0	0	0	0
487	chr13:77031001-80256606	SBS3	2	0	5	5	0	0	0	0	0	0
488	chr13:80256607-80705763	SBS3	3	0	1	0	0	0	0	0	0	0
489	chr13:80705764-85483000	SBS3	2	0	5	7	0	0	0	0	0	0
490	chr13:85544001-94545000	SBS100	2	0	0	1	0	0	0	0	0	0
491	chr13:85544001-94545000	SBS3	2	0	6	12	0	0	0	0	0	0
492	chr13:94629001-95491000	SBS3	2	0	2	2	0	0	0	0	0	0
493	chr13:96050063-97221000	SBS3	2	0	3	2	0	0	0	0	0	0
494	chr13:97221001-97285000	SBS3	1	0	1	0	0	0	0	0	0	0
495	chr13:97285001-104322118	SBS1	2	0	0	1	0	0	0	0	0	0
496	chr13:97285001-104322118	SBS3	2	0	8	8	0	0	0	0	0	0
497	chr14:1-17086761	SBS3	1	1	1	0	0	0	0	0	0	0
498	chr14:17086762-20292000	SBS3	1	1	4	0	0	0	0	0	0	0
499	chr14:20292001-20500000	SBS3	1	1	2	0	0	0	0	0	0	0
500	chr14:20500001-20966000	SBS3	1	1	1	0	0	0	0	0	0	0
501	chr14:20966001-21560000	SBS3	1	1	1	0	0	0	0	0	0	0
502	chr14:21560001-22493000	SBS3	1	1	8	0	0	0	0	0	0	0
503	chr14:22820001-23101000	SBS3	1	1	2	0	0	0	0	0	0	0
504	chr14:23101001-23281000	SBS100	2	1	1	0	0	0	0	0	0	0
505	chr14:23329501-23626461	SBS3	2	1	1	1	0	0	0	0	0	0
506	chr14:23626462-24080000	SBS100	1	1	1	0	0	0	0	0	0	0
507	chr14:23626462-24080000	SBS3	1	1	4	0	0	0	0	0	0	0
508	chr14:24447001-24803000	SBS100	1	1	1	0	0	0	0	0	0	0
509	chr14:24447001-24803000	SBS3	1	1	1	0	0	0	0	0	0	0
510	chr14:24912967-25138500	SBS3	1	1	1	0	0	0	0	0	0	0
511	chr14:25138501-28672245	SBS100	1	1	1	0	0	0	0	0	0	0
512	chr14:25138501-28672245	SBS3	1	1	14	0	0	0	0	0	0	0
513	chr14:28679811-29321056	SBS3	1	1	1	0	0	0	0	0	0	0
514	chr14:29324562-34375000	SBS100	1	1	1	0	0	0	0	0	0	0
515	chr14:29324562-34375000	SBS3	1	1	21	0	0	0	0	0	0	0
516	chr14:34381687-35759239	SBS3	2	1	4	0	0	0	0	0	0	0
517	chr14:35884001-36237369	SBS3	1	1	2	0	0	0	0	0	0	0
518	chr14:36237407-37191500	SBS3	1	1	6	0	0	0	0	0	0	0
519	chr14:37191501-38329247	SBS1	1	1	1	0	0	0	0	0	0	0
520	chr14:37191501-38329247	SBS100	1	1	1	0	0	0	0	0	0	0
521	chr14:37191501-38329247	SBS3	1	1	7	0	0	0	0	0	0	0
522	chr14:38333554-44630255	SBS1	1	1	1	0	0	0	0	0	0	0
523	chr14:38333554-44630255	SBS3	1	1	29	0	0	0	0	0	0	0
524	chr14:44630256-45168071	SBS3	2	1	1	1	0	0	0	0	0	0
525	chr14:45269001-48591001	SBS3	1	1	8	0	0	0	0	0	0	0
526	chr14:48601097-49574000	SBS3	1	1	2	0	0	0	0	0	0	0
527	chr14:49574001-49997000	SBS3	1	1	2	0	0	0	0	0	0	0
528	chr14:50046001-51742794	SBS3	1	1	6	0	0	0	0	0	0	0
529	chr14:51751313-52207000	SBS3	1	1	2	0	0	0	0	0	0	0
530	chr14:52207001-60544083	SBS1	1	0	3	0	0	0	0	0	0	0
531	chr14:52207001-60544083	SBS100	1	0	1	0	0	0	0	0	0	0
532	chr14:52207001-60544083	SBS3	1	0	26	0	0	0	0	0	0	0
533	chr14:60554019-67780067	SBS1	1	0	1	0	0	0	0	0	0	0
534	chr14:60554019-67780067	SBS100	1	0	2	0	0	0	0	0	0	0
535	chr14:60554019-67780067	SBS3	1	0	21	0	0	0	0	0	0	0
536	chr14:67780151-74868000	SBS100	1	0	1	0	0	0	0	0	0	0
537	chr14:67780151-74868000	SBS3	1	0	19	0	0	0	0	0	0	0
538	chr14:74868001-75586000	SBS3	2	0	1	2	0	0	0	0	0	0
539	chr14:75586001-77125500	SBS3	1	0	5	0	0	0	0	0	0	0
540	chr14:77125501-80161949	SBS3	1	0	9	0	0	0	0	0	0	0
541	chr14:80164449-90460396	SBS1	1	0	2	0	0	0	0	0	0	0
542	chr14:80164449-90460396	SBS100	1	0	2	0	0	0	0	0	0	0
543	chr14:80164449-90460396	SBS3	1	0	23	0	0	0	0	0	0	0
544	chr14:90468773-107043718	SBS1	1	0	5	0	0	0	0	0	0	0
545	chr14:90468773-107043718	SBS3	1	0	57	0	0	0	0	0	0	0
546	chr15:1-18362626	SBS1	1	1	1	0	0	0	0	0	0	0
547	chr15:1-18362626	SBS100	1	1	1	0	0	0	0	0	0	0
548	chr15:1-18362626	SBS3	1	1	4	0	0	0	0	0	0	0
549	chr15:100571001-101302000	SBS100	1	1	1	0	0	0	0	0	0	0
550	chr15:100571001-101302000	SBS3	1	1	1	0	0	0	0	0	0	0
551	chr15:101302001-101991189	SBS3	1	1	3	0	0	0	0	0	0	0
552	chr15:18362627-23425000	SBS1	1	1	1	0	0	0	0	0	0	0
553	chr15:18362627-23425000	SBS3	1	1	17	0	0	0	0	0	0	0
554	chr15:23425001-25168276	SBS1	1	1	3	0	0	0	0	0	0	0
555	chr15:23425001-25168276	SBS3	1	1	21	0	0	0	0	0	0	0
556	chr15:25168528-25333000	SBS3	2	1	0	1	0	0	0	0	0	0
557	chr15:25443001-25523000	SBS3	1	1	2	0	0	0	0	0	0	0
558	chr15:25523001-26308664	SBS1	1	1	1	0	0	0	0	0	0	0
559	chr15:25523001-26308664	SBS3	1	1	4	0	0	0	0	0	0	0
560	chr15:26308682-29666000	SBS1	1	1	4	0	0	0	0	0	0	0
561	chr15:26308682-29666000	SBS3	1	1	17	0	0	0	0	0	0	0
562	chr15:29842001-30073000	SBS3	1	1	1	0	0	0	0	0	0	0
563	chr15:30996001-31506000	SBS3	1	1	2	0	0	0	0	0	0	0
564	chr15:31506001-32683000	SBS3	1	1	2	0	0	0	0	0	0	0
565	chr15:32683001-33067116	SBS3	2	1	4	0	0	0	0	0	0	0
566	chr15:33067117-34898617	SBS1	1	1	1	0	0	0	0	0	0	0
567	chr15:33067117-34898617	SBS100	1	1	1	0	0	0	0	0	0	0
568	chr15:33067117-34898617	SBS3	1	1	5	0	0	0	0	0	0	0
569	chr15:35425001-35553000	SBS3	1	1	1	0	0	0	0	0	0	0
570	chr15:35553001-38111610	SBS100	1	1	1	0	0	0	0	0	0	0
571	chr15:35553001-38111610	SBS3	1	1	17	0	0	0	0	0	0	0
572	chr15:38439564-41123819	SBS100	1	0	1	0	0	0	0	0	0	0
573	chr15:38439564-41123819	SBS3	1	0	6	0	0	0	0	0	0	0
574	chr15:41142813-44806166	SBS3	1	0	14	0	0	0	0	0	0	0
575	chr15:44810179-44991864	SBS3	1	0	1	0	0	0	0	0	0	0
576	chr15:45016147-50848590	SBS3	1	0	13	0	0	0	0	0	0	0
577	chr15:50862093-52844498	SBS100	1	0	1	0	0	0	0	0	0	0
578	chr15:50862093-52844498	SBS3	1	0	3	0	0	0	0	0	0	0
579	chr15:52852293-58969338	SBS1	1	0	1	0	0	0	0	0	0	0
580	chr15:52852293-58969338	SBS3	1	0	19	0	0	0	0	0	0	0
581	chr15:58969339-59112724	SBS3	2	0	1	1	0	0	0	0	0	0
582	chr15:59112725-59256084	SBS3	2	1	1	0	0	0	0	0	0	0
583	chr15:59256097-59466664	SBS3	2	1	1	0	0	0	0	0	0	0
584	chr15:59692001-60111269	SBS3	2	1	1	3	0	0	0	0	0	0
585	chr15:60111270-60325000	SBS3	1	1	1	0	0	0	0	0	0	0
586	chr15:60481001-61162901	SBS3	1	1	4	0	0	0	0	0	0	0
587	chr15:61162965-62585376	SBS3	1	1	8	0	0	0	0	0	0	0
588	chr15:62585922-63241888	SBS3	1	1	4	0	0	0	0	0	0	0
589	chr15:63241889-64091000	SBS3	2	1	1	0	0	0	0	0	0	0
590	chr15:64136413-65527054	SBS3	1	1	4	0	0	0	0	0	0	0
591	chr15:65527055-68347436	SBS1	1	1	2	0	0	0	0	0	0	0
592	chr15:65527055-68347436	SBS3	1	1	13	0	0	0	0	0	0	0
593	chr15:68352792-68770000	SBS3	1	1	4	0	0	0	0	0	0	0
594	chr15:68770001-68831000	SBS3	1	1	2	0	0	0	0	0	0	0
595	chr15:69272001-69388000	SBS3	1	1	1	0	0	0	0	0	0	0
596	chr15:69490001-70657000	SBS3	1	1	6	0	0	0	0	0	0	0
597	chr15:70766001-70830955	SBS1	1	1	4	0	0	0	0	0	0	0
598	chr15:70766001-70830955	SBS100	1	1	1	0	0	0	0	0	0	0
599	chr15:70766001-70830955	SBS3	1	1	2	0	0	0	0	0	0	0
600	chr15:70830956-71259000	SBS3	1	1	1	0	0	0	0	0	0	0
601	chr15:71259001-71305000	SBS100	1	1	1	0	0	0	0	0	0	0
602	chr15:71259001-71305000	SBS3	1	1	1	0	0	0	0	0	0	0
603	chr15:71305001-72789000	SBS1	1	1	2	0	0	0	0	0	0	0
604	chr15:71305001-72789000	SBS100	1	1	1	0	0	0	0	0	0	0
605	chr15:71305001-72789000	SBS3	1	1	4	0	0	0	0	0	0	0
606	chr15:72789001-73163686	SBS3	1	1	1	0	0	0	0	0	0	0
607	chr15:73163719-73551000	SBS3	1	1	3	0	0	0	0	0	0	0
608	chr15:73551001-73638000	SBS3	1	1	1	0	0	0	0	0	0	0
609	chr15:74057001-74356736	SBS3	1	1	3	0	0	0	0	0	0	0
610	chr15:74356737-85473000	SBS1	1	0	4	0	0	0	0	0	0	0
611	chr15:74356737-85473000	SBS100	1	0	1	0	0	0	0	0	0	0
612	chr15:74356737-85473000	SBS3	1	0	37	0	0	0	0	0	0	0
613	chr15:85693001-91024000	SBS1	1	0	3	0	0	0	0	0	0	0
614	chr15:85693001-91024000	SBS100	1	0	1	0	0	0	0	0	0	0
615	chr15:85693001-91024000	SBS3	1	0	26	0	0	0	0	0	0	0
616	chr15:91024001-92076610	SBS3	1	0	3	0	0	0	0	0	0	0
617	chr15:92076611-92234000	SBS3	2	0	1	0	0	0	0	0	0	0
618	chr15:92234001-92596000	SBS3	2	1	2	0	0	0	0	0	0	0
619	chr15:93094001-93622060	SBS3	1	1	7	0	0	0	0	0	0	0
620	chr15:93625726-95052953	SBS3	1	1	15	0	0	0	0	0	0	0
621	chr15:95234106-96216015	SBS1	1	1	2	0	0	0	0	0	0	0
622	chr15:95234106-96216015	SBS100	1	1	1	0	0	0	0	0	0	0
623	chr15:95234106-96216015	SBS3	1	1	8	0	0	0	0	0	0	0
624	chr15:96216033-98644000	SBS1	1	1	1	0	0	0	0	0	0	0
625	chr15:96216033-98644000	SBS100	1	1	1	0	0	0	0	0	0	0
626	chr15:96216033-98644000	SBS3	1	1	10	0	0	0	0	0	0	0
627	chr15:98644001-99776000	SBS1	1	1	1	0	0	0	0	0	0	0
628	chr15:98644001-99776000	SBS3	1	1	5	0	0	0	0	0	0	0
629	chr15:99776001-100571000	SBS3	1	1	3	0	0	0	0	0	0	0
630	chr16:1292001-2440690	SBS100	1	0	1	0	0	0	0	0	0	0
631	chr16:1292001-2440690	SBS3	1	0	2	0	0	0	0	0	0	0
632	chr16:17480001-18428000	SBS1	1	0	1	0	0	0	0	0	0	0
633	chr16:18428001-19306456	SBS3	1	0	2	0	0	0	0	0	0	0
634	chr16:19306457-19500000	SBS3	2	0	0	1	0	0	0	0	0	0
635	chr16:20087018-25725385	SBS1	1	0	2	0	0	0	0	0	0	0
636	chr16:20087018-25725385	SBS3	1	0	31	0	0	0	0	0	0	0
637	chr16:2446091-4961000	SBS1	1	0	1	0	0	0	0	0	0	0
638	chr16:2446091-4961000	SBS100	1	0	4	0	0	0	0	0	0	0
639	chr16:2446091-4961000	SBS3	1	0	12	0	0	0	0	0	0	0
640	chr16:26064988-29912161	SBS3	1	0	17	0	0	0	0	0	0	0
641	chr16:29916195-37295919	SBS1	1	0	10	0	0	0	0	0	0	0
642	chr16:29916195-37295919	SBS100	1	0	3	0	0	0	0	0	0	0
643	chr16:29916195-37295919	SBS3	1	0	60	0	0	0	0	0	0	0
644	chr16:4961001-8792000	SBS1	1	0	1	0	0	0	0	0	0	0
645	chr16:4961001-8792000	SBS100	1	0	3	0	0	0	0	0	0	0
646	chr16:4961001-8792000	SBS3	1	0	6	0	0	0	0	0	0	0
647	chr16:817001-1292000	SBS3	1	0	3	0	0	0	0	0	0	0
648	chr16:8792001-9136000	SBS3	1	0	1	0	0	0	0	0	0	0
649	chr16:9136001-9969963	SBS3	1	0	3	0	0	0	0	0	0	0
650	chr16:9969996-17370000	SBS1	1	0	2	0	0	0	0	0	0	0
651	chr16:9969996-17370000	SBS3	1	0	17	0	0	0	0	0	0	0
652	chr17:1-4403253	SBS1	1	0	2	0	0	0	0	0	0	0
653	chr17:1-4403253	SBS3	1	0	25	0	0	0	0	0	0	0
654	chr17:14680260-15879289	SBS3	1	0	2	0	0	0	0	0	0	0
655	chr17:16496240-18947147	SBS100	1	0	1	0	0	0	0	0	0	0
656	chr17:16496240-18947147	SBS3	1	0	3	0	0	0	0	0	0	0
657	chr17:18947315-24849829	SBS1	1	0	3	0	0	0	0	0	0	0
658	chr17:18947315-24849829	SBS100	1	0	2	0	0	0	0	0	0	0
659	chr17:18947315-24849829	SBS3	1	0	25	0	0	0	0	0	0	0
660	chr17:24849830-31200928	SBS1	1	0	7	0	0	0	0	0	0	0
661	chr17:24849830-31200928	SBS100	1	0	1	0	0	0	0	0	0	0
662	chr17:24849830-31200928	SBS3	1	0	21	0	0	0	0	0	0	0
663	chr17:31210723-36924297	SBS1	1	0	3	0	0	0	0	0	0	0
664	chr17:31210723-36924297	SBS100	1	0	3	0	0	0	0	0	0	0
665	chr17:31210723-36924297	SBS3	1	0	19	0	0	0	0	0	0	0
666	chr17:37657001-38316000	SBS100	2	0	1	0	0	0	0	0	0	0
667	chr17:37657001-38316000	SBS3	2	0	2	0	0	0	0	0	0	0
668	chr17:38382677-40285000	SBS3	2	0	4	1	0	0	0	0	0	0
669	chr17:40285001-40332000	SBS3	1	0	1	0	0	0	0	0	0	0
670	chr17:40332001-40894000	SBS3	2	0	2	0	0	0	0	0	0	0
671	chr17:40894001-40943000	SBS3	1	0	1	0	0	0	0	0	0	0
672	chr17:40943001-42246000	SBS3	2	0	0	3	0	0	0	0	0	0
673	chr17:42246001-42433000	SBS3	1	0	1	0	0	0	0	0	0	0
674	chr17:42433001-47819000	SBS1	2	0	0	1	0	0	0	0	0	0
675	chr17:42433001-47819000	SBS3	2	0	12	6	0	0	0	0	0	0
676	chr17:4403297-7058000	SBS1	1	0	2	0	0	0	0	0	0	0
677	chr17:4403297-7058000	SBS100	1	0	1	0	0	0	0	0	0	0
678	chr17:4403297-7058000	SBS3	1	0	11	0	0	0	0	0	0	0
679	chr17:47819001-48110000	SBS3	2	0	1	0	0	0	0	0	0	0
680	chr17:48110001-49314000	SBS1	2	0	1	0	0	0	0	0	0	0
681	chr17:48110001-49314000	SBS3	2	0	5	1	0	0	0	0	0	0
682	chr17:49417001-49622931	SBS3	2	0	1	0	0	0	0	0	0	0
683	chr17:49622932-50532125	SBS3	1	0	1	0	0	0	0	0	0	0
684	chr17:50541839-50892267	SBS3	1	0	1	0	0	0	0	0	0	0
685	chr17:50892268-51325000	SBS3	2	0	2	0	0	0	0	0	0	0
686	chr17:51454262-51565393	SBS3	3	0	4	0	0	0	0	0	0	0
687	chr17:51565394-55833000	SBS3	2	0	12	3	0	0	0	0	0	0
688	chr17:55833001-56569009	SBS3	2	0	0	1	0	0	0	0	0	0
689	chr17:56575069-56814000	SBS3	2	0	1	0	0	0	0	0	0	0
690	chr17:57106644-57693526	SBS3	2	0	3	0	0	0	0	0	0	0
691	chr17:57701347-57831000	SBS3	2	0	1	0	0	0	0	0	0	0
692	chr17:58588001-59614000	SBS1	2	0	2	2	0	0	0	0	0	0
693	chr17:58588001-59614000	SBS3	2	0	2	0	0	0	0	0	0	0
694	chr17:59872001-61672213	SBS1	2	0	1	0	0	0	0	0	0	0
695	chr17:59872001-61672213	SBS3	2	0	4	1	0	0	0	0	0	0
696	chr17:61672214-63620000	SBS1	3	0	1	0	0	0	0	0	0	0
697	chr17:61672214-63620000	SBS3	3	0	5	0	0	0	0	0	0	0
698	chr17:63620001-64264519	SBS100	3	0	1	0	0	0	0	0	0	0
699	chr17:63620001-64264519	SBS3	3	0	5	0	0	0	0	0	0	0
700	chr17:64271557-65008862	SBS3	3	0	2	0	0	1	0	0	0	0
701	chr17:65008863-65125000	SBS3	4	0	1	0	0	0	0	0	0	0
702	chr17:65125001-66254000	SBS3	5	0	8	0	0	0	1	0	0	0
703	chr17:66445070-66774000	SBS3	6	0	3	0	0	0	0	0	0	0
704	chr17:67067001-67608218	SBS3	6	0	2	4	0	0	0	0	0	0
705	chr17:67608219-68545000	SBS1	4	0	1	0	0	0	0	0	0	0
706	chr17:67608219-68545000	SBS3	4	0	9	1	1	0	0	0	0	0
707	chr17:68545001-69219000	SBS3	5	0	4	1	2	0	0	0	0	0
708	chr17:69219001-70683551	SBS3	4	0	2	0	2	3	0	0	0	0
709	chr17:70733889-71761561	SBS3	4	0	9	3	1	0	0	0	0	0
710	chr17:71790625-71958000	SBS3	5	0	2	0	0	0	1	0	0	0
711	chr17:72128001-73374000	SBS1	4	0	1	0	0	0	0	0	0	0
712	chr17:72128001-73374000	SBS100	4	0	1	2	0	0	0	0	0	0
713	chr17:72128001-73374000	SBS3	4	0	7	1	0	1	0	0	0	0
714	chr17:7265001-14680226	SBS1	1	0	2	0	0	0	0	0	0	0
715	chr17:7265001-14680226	SBS3	1	0	25	0	0	0	0	0	0	0
716	chr17:73374001-73612176	SBS3	6	0	1	1	0	0	0	0	0	0
717	chr17:73612212-73966744	SBS3	6	0	1	2	0	0	0	0	0	0
718	chr17:73966745-74643000	SBS3	4	0	2	0	0	0	0	0	0	0
719	chr17:74643001-74743000	SBS3	3	0	1	1	0	0	0	0	0	0
720	chr17:74958501-76810179	SBS3	2	0	9	0	0	0	0	0	0	0
721	chr17:77148001-77560000	SBS3	3	0	1	0	0	0	0	0	0	0
722	chr17:77592936-77616242	SBS3	5	0	1	0	0	0	0	0	0	0
723	chr17:77616243-77883000	SBS3	4	0	1	0	0	0	0	0	0	0
724	chr17:77883001-78656000	SBS3	4	0	3	1	1	0	0	0	0	0
725	chr17:78791001-79079000	SBS1	3	0	0	0	0	1	0	0	0	0
726	chr17:78791001-79079000	SBS3	3	0	1	0	0	2	0	0	0	0
727	chr17:79079001-79433958	SBS3	5	0	0	0	0	0	1	0	0	0
728	chr17:79433959-79764000	SBS3	8	0	1	0	0	0	0	0	0	0
729	chr17:79764001-80014439	SBS3	6	0	3	1	0	0	0	0	0	0
730	chr17:80025566-80644695	SBS3	7	0	1	1	0	0	0	0	0	0
731	chr17:80644696-80956085	SBS3	4	0	3	0	0	0	0	0	0	0
732	chr17:80956086-81503000	SBS1	5	0	1	0	0	0	0	0	0	0
733	chr17:80956086-81503000	SBS3	5	0	6	0	0	0	0	0	0	0
734	chr17:81719185-82494122	SBS1	4	0	2	0	0	0	0	0	0	0
735	chr17:81719185-82494122	SBS3	4	0	3	0	1	0	0	0	0	0
736	chr17:82893001-83257441	SBS1	4	0	0	1	0	0	0	0	0	0
737	chr17:82893001-83257441	SBS3	4	0	2	0	1	0	0	0	0	0
738	chr18:1-2536000	SBS1	2	0	1	0	0	0	0	0	0	0
739	chr18:1-2536000	SBS3	2	0	0	5	0	0	0	0	0	0
740	chr18:12694001-13841000	SBS100	2	0	1	0	0	0	0	0	0	0
741	chr18:13841001-18161052	SBS1	2	0	2	0	0	0	0	0	0	0
742	chr18:13841001-18161052	SBS3	2	0	9	1	0	0	0	0	0	0
743	chr18:18161053-21119500	SBS1	2	0	1	0	0	0	0	0	0	0
744	chr18:18161053-21119500	SBS3	2	0	0	1	0	0	0	0	0	0
745	chr18:21874001-22794000	SBS3	2	0	0	2	0	0	0	0	0	0
746	chr18:22794001-23589000	SBS1	2	0	0	1	0	0	0	0	0	0
747	chr18:22794001-23589000	SBS3	2	0	1	1	0	0	0	0	0	0
748	chr18:23589001-23822000	SBS3	2	0	0	1	0	0	0	0	0	0
749	chr18:23822001-24420790	SBS3	2	0	1	0	0	0	0	0	0	0
750	chr18:24725001-24880000	SBS3	3	0	2	0	0	0	0	0	0	0
751	chr18:24880001-25107206	SBS3	4	0	0	1	0	0	0	0	0	0
752	chr18:25375001-35578000	SBS1	2	0	2	2	0	0	0	0	0	0
753	chr18:25375001-35578000	SBS100	2	0	1	1	0	0	0	0	0	0
754	chr18:25375001-35578000	SBS3	2	0	9	12	0	0	0	0	0	0
755	chr18:3456001-9100000	SBS1	2	0	1	1	0	0	0	0	0	0
756	chr18:3456001-9100000	SBS3	2	0	4	7	0	0	0	0	0	0
757	chr18:35578001-35710000	SBS3	1	0	1	0	0	0	0	0	0	0
758	chr18:35710001-47181000	SBS1	2	0	2	2	0	0	0	0	0	0
759	chr18:35710001-47181000	SBS3	2	0	6	12	0	0	0	0	0	0
760	chr18:47181001-47741000	SBS3	2	0	1	1	0	0	0	0	0	0
761	chr18:47741001-49600174	SBS3	2	0	2	3	0	0	0	0	0	0
762	chr18:49600175-50075000	SBS1	4	0	1	0	0	0	0	0	0	0
763	chr18:49600175-50075000	SBS3	4	0	0	0	0	1	0	0	0	0
764	chr18:50075001-50206000	SBS3	3	0	1	0	0	0	0	0	0	0
765	chr18:50668192-51984591	SBS1	2	0	0	1	0	0	0	0	0	0
766	chr18:50668192-51984591	SBS3	2	0	2	8	0	0	0	0	0	0
767	chr18:51991759-54116000	SBS1	2	0	0	1	0	0	0	0	0	0
768	chr18:51991759-54116000	SBS3	2	0	1	4	0	0	0	0	0	0
769	chr18:54396001-54554000	SBS3	2	0	1	1	0	0	0	0	0	0
770	chr18:54554001-57031000	SBS1	2	0	0	1	0	0	0	0	0	0
771	chr18:54554001-57031000	SBS3	2	0	0	7	0	0	0	0	0	0
772	chr18:57031001-57326000	SBS3	2	0	1	1	0	0	0	0	0	0
773	chr18:57326001-59270411	SBS3	1	0	6	0	0	0	0	0	0	0
774	chr18:59270453-61575000	SBS1	2	0	0	1	0	0	0	0	0	0
775	chr18:59270453-61575000	SBS3	2	0	6	9	0	0	0	0	0	0
776	chr18:61575001-62985500	SBS3	1	0	11	0	0	0	0	0	0	0
777	chr18:62985501-72740000	SBS1	2	0	2	1	0	0	0	0	0	0
778	chr18:62985501-72740000	SBS3	2	0	10	17	0	0	0	0	0	0
779	chr18:72740001-74140000	SBS1	2	0	0	1	0	0	0	0	0	0
780	chr18:72740001-74140000	SBS3	2	0	1	2	0	0	0	0	0	0
781	chr18:74140001-75267000	SBS3	2	0	2	2	0	0	0	0	0	0
782	chr18:75267001-76347500	SBS100	2	0	2	0	0	0	0	0	0	0
783	chr18:75267001-76347500	SBS3	2	0	2	3	0	0	0	0	0	0
784	chr18:76504001-76799000	SBS3	2	0	1	0	0	0	0	0	0	0
785	chr18:76799001-77140000	SBS3	2	0	1	0	0	0	0	0	0	0
786	chr18:77140001-79043000	SBS3	2	0	1	4	0	0	0	0	0	0
787	chr18:79320001-79932000	SBS3	2	0	3	1	0	0	0	0	0	0
788	chr18:79932001-80373285	SBS100	2	0	2	0	0	0	0	0	0	0
789	chr18:79932001-80373285	SBS3	2	0	4	0	0	0	0	0	0	0
790	chr18:9963001-12694000	SBS1	2	0	1	0	0	0	0	0	0	0
791	chr18:9963001-12694000	SBS3	2	0	4	1	0	0	0	0	0	0
792	chr19:1-1391829	SBS3	1	0	5	0	0	0	0	0	0	0
793	chr19:10076001-11161000	SBS3	2	1	4	1	0	0	0	0	0	0
794	chr19:11161001-12978079	SBS3	3	1	6	0	0	0	0	0	0	0
795	chr19:13064001-13717000	SBS1	2	1	1	0	0	0	0	0	0	0
796	chr19:13064001-13717000	SBS3	2	1	4	0	0	0	0	0	0	0
797	chr19:13832001-13883500	SBS3	1	1	1	0	0	0	0	0	0	0
798	chr19:13883501-14494000	SBS1	2	1	1	0	0	0	0	0	0	0
799	chr19:13883501-14494000	SBS3	2	1	5	0	0	0	0	0	0	0
800	chr19:1415825-5091242	SBS1	1	0	3	0	0	0	0	0	0	0
801	chr19:1415825-5091242	SBS3	1	0	17	0	0	0	0	0	0	0
802	chr19:14578001-15088000	SBS1	2	2	0	1	0	0	0	0	0	0
803	chr19:14578001-15088000	SBS3	2	2	1	4	0	0	0	0	0	0
804	chr19:15088001-15303470	SBS3	2	1	1	0	0	0	0	0	0	0
805	chr19:15314803-15453000	SBS3	2	1	1	0	0	0	0	0	0	0
806	chr19:15453001-16060000	SBS3	3	1	3	0	0	1	0	0	0	0
807	chr19:16115001-16554903	SBS3	2	1	1	0	0	0	0	0	0	0
808	chr19:17013001-17290000	SBS3	2	1	1	0	0	0	0	0	0	0
809	chr19:17351001-19359000	SBS1	2	1	2	1	0	0	0	0	0	0
810	chr19:17351001-19359000	SBS3	2	1	14	2	0	0	0	0	0	0
811	chr19:19359001-19411000	SBS3	1	1	1	0	0	0	0	0	0	0
812	chr19:19411001-19813496	SBS3	2	1	1	0	0	0	0	0	0	0
813	chr19:19813497-20866000	SBS1	1	1	1	0	0	0	0	0	0	0
814	chr19:19813497-20866000	SBS3	1	1	8	0	0	0	0	0	0	0
815	chr19:20917001-22763993	SBS3	1	1	13	0	0	0	0	0	0	0
816	chr19:22766014-25844926	SBS1	1	1	1	0	0	0	0	0	0	0
817	chr19:22766014-25844926	SBS3	1	1	4	0	0	0	0	0	0	0
818	chr19:25844927-29592000	SBS3	1	1	24	0	0	0	0	0	0	0
819	chr19:29592001-29940000	SBS3	1	1	1	0	0	0	0	0	0	0
820	chr19:30052001-30701466	SBS3	1	1	2	0	0	0	0	0	0	0
821	chr19:30706883-32336000	SBS1	1	1	2	0	0	0	0	0	0	0
822	chr19:30706883-32336000	SBS100	1	1	1	0	0	0	0	0	0	0
823	chr19:30706883-32336000	SBS3	1	1	12	0	0	0	0	0	0	0
824	chr19:32336001-32418000	SBS1	1	1	1	0	0	0	0	0	0	0
825	chr19:32418001-33394500	SBS3	1	1	4	0	0	0	0	0	0	0
826	chr19:33394501-34170000	SBS1	1	1	1	0	0	0	0	0	0	0
827	chr19:33394501-34170000	SBS3	1	1	3	0	0	0	0	0	0	0
828	chr19:34170001-34482000	SBS3	1	1	2	0	0	0	0	0	0	0
829	chr19:34482001-34596052	SBS3	1	1	1	0	0	0	0	0	0	0
830	chr19:34597995-34961000	SBS3	1	1	1	0	0	0	0	0	0	0
831	chr19:34961001-35184000	SBS3	1	1	3	0	0	0	0	0	0	0
832	chr19:35184001-35786479	SBS3	1	1	2	0	0	0	0	0	0	0
833	chr19:35792619-35993000	SBS3	1	1	1	0	0	0	0	0	0	0
834	chr19:35993001-36127000	SBS3	1	1	4	0	0	0	0	0	0	0
835	chr19:36142001-37896000	SBS3	1	1	6	0	0	0	0	0	0	0
836	chr19:37896001-38426000	SBS1	1	1	1	0	0	0	0	0	0	0
837	chr19:37896001-38426000	SBS3	1	1	4	0	0	0	0	0	0	0
838	chr19:38426001-38646000	SBS3	2	1	0	2	0	0	0	0	0	0
839	chr19:38688001-39121000	SBS3	1	1	2	0	0	0	0	0	0	0
840	chr19:39338001-39451000	SBS3	1	1	1	0	0	0	0	0	0	0
841	chr19:39559001-39783000	SBS3	1	1	2	0	0	0	0	0	0	0
842	chr19:39783001-40078500	SBS3	1	1	1	0	0	0	0	0	0	0
843	chr19:40090397-40191554	SBS100	1	1	1	0	0	0	0	0	0	0
844	chr19:40090397-40191554	SBS3	1	1	2	0	0	0	0	0	0	0
845	chr19:40191590-40418000	SBS3	1	1	2	0	0	0	0	0	0	0
846	chr19:40418001-40466000	SBS3	1	1	1	0	0	0	0	0	0	0
847	chr19:40466001-40824000	SBS3	1	1	4	0	0	0	0	0	0	0
848	chr19:40824001-41259000	SBS3	1	1	4	0	0	0	0	0	0	0
849	chr19:41312001-41573000	SBS3	1	1	1	0	0	0	0	0	0	0
850	chr19:41573001-41745000	SBS3	1	1	1	0	0	0	0	0	0	0
851	chr19:41745001-41800500	SBS3	1	1	1	0	0	0	0	0	0	0
852	chr19:41963615-42210000	SBS3	1	1	1	0	0	0	0	0	0	0
853	chr19:42530501-43424000	SBS3	1	1	4	0	0	0	0	0	0	0
854	chr19:43424001-43738000	SBS3	1	1	1	0	0	0	0	0	0	0
855	chr19:43812001-47798000	SBS1	1	1	1	0	0	0	0	0	0	0
856	chr19:43812001-47798000	SBS100	1	1	4	0	0	0	0	0	0	0
857	chr19:43812001-47798000	SBS3	1	1	28	0	0	0	0	0	0	0
858	chr19:48090001-48953516	SBS1	1	1	1	0	0	0	0	0	0	0
859	chr19:48090001-48953516	SBS3	1	1	5	0	0	0	0	0	0	0
860	chr19:48953517-49590108	SBS1	2	1	0	1	0	0	0	0	0	0
861	chr19:48953517-49590108	SBS3	2	1	2	1	0	0	0	0	0	0
862	chr19:49590109-49627000	SBS3	1	1	1	0	0	0	0	0	0	0
863	chr19:49680501-52309000	SBS1	1	1	2	0	0	0	0	0	0	0
864	chr19:49680501-52309000	SBS100	1	1	1	0	0	0	0	0	0	0
865	chr19:49680501-52309000	SBS3	1	1	8	0	0	0	0	0	0	0
866	chr19:5096296-5569000	SBS100	4	0	0	1	0	0	0	0	0	0
867	chr19:5096296-5569000	SBS3	4	0	2	3	0	0	0	0	0	0
868	chr19:52523001-53538000	SBS1	1	1	1	0	0	0	0	0	0	0
869	chr19:52523001-53538000	SBS3	1	1	10	0	0	0	0	0	0	0
870	chr19:53540001-54096000	SBS3	1	1	1	0	0	0	0	0	0	0
871	chr19:54096001-54211000	SBS3	1	1	2	0	0	0	0	0	0	0
872	chr19:54211001-54428000	SBS3	1	1	4	0	0	0	0	0	0	0
873	chr19:54428001-54483000	SBS100	1	1	1	0	0	0	0	0	0	0
874	chr19:54483001-55052000	SBS1	2	1	3	0	0	0	0	0	0	0
875	chr19:54483001-55052000	SBS100	2	1	1	0	0	0	0	0	0	0
876	chr19:54483001-55052000	SBS3	2	1	5	0	0	0	0	0	0	0
877	chr19:55052001-55579500	SBS1	1	1	2	0	0	0	0	0	0	0
878	chr19:55052001-55579500	SBS100	1	1	1	0	0	0	0	0	0	0
879	chr19:55052001-55579500	SBS3	1	1	6	0	0	0	0	0	0	0
880	chr19:55678001-56208878	SBS1	2	1	1	0	0	0	0	0	0	0
881	chr19:55678001-56208878	SBS3	2	1	6	4	0	0	0	0	0	0
882	chr19:5569001-7182000	SBS1	3	0	1	0	0	0	0	0	0	0
883	chr19:5569001-7182000	SBS3	3	0	11	3	0	1	0	0	0	0
884	chr19:56212632-57169500	SBS100	1	1	1	0	0	0	0	0	0	0
885	chr19:56212632-57169500	SBS3	1	1	4	0	0	0	0	0	0	0
886	chr19:57169501-58617616	SBS100	1	1	1	0	0	0	0	0	0	0
887	chr19:57169501-58617616	SBS3	1	1	4	0	0	0	0	0	0	0
888	chr19:7260001-7708882	SBS3	3	0	1	0	0	0	0	0	0	0
889	chr19:7708883-8268000	SBS3	3	1	2	3	0	0	0	0	0	0
890	chr19:8268001-8529000	SBS100	2	1	1	0	0	0	0	0	0	0
891	chr19:8529001-9033000	SBS3	3	1	17	1	0	1	0	0	0	0
892	chr19:9081001-9580000	SBS3	3	1	0	3	0	0	0	0	0	0
893	chr19:9580001-9838000	SBS100	3	1	0	1	0	0	0	0	0	0
894	chr19:9580001-9838000	SBS3	3	1	0	1	0	1	0	0	0	0
895	chr1:1-2602000	SBS100	2	0	1	1	0	0	0	0	0	0
896	chr1:1-2602000	SBS3	2	0	7	1	0	0	0	0	0	0
897	chr1:104019068-104551506	SBS3	1	1	3	0	0	0	0	0	0	0
898	chr1:104727249-109063423	SBS100	1	1	1	0	0	0	0	0	0	0
899	chr1:104727249-109063423	SBS3	1	1	17	0	0	0	0	0	0	0
900	chr1:109063461-110119000	SBS3	1	1	4	0	0	0	0	0	0	0
901	chr1:110417001-111117000	SBS3	1	1	4	0	0	0	0	0	0	0
902	chr1:111772001-112388000	SBS100	1	1	1	0	0	0	0	0	0	0
903	chr1:111772001-112388000	SBS3	1	1	5	0	0	0	0	0	0	0
904	chr1:112400001-112612000	SBS3	1	1	2	0	0	0	0	0	0	0
905	chr1:112612001-112722500	SBS3	1	1	1	0	0	0	0	0	0	0
906	chr1:112722501-113984000	SBS1	1	1	1	0	0	0	0	0	0	0
907	chr1:112722501-113984000	SBS3	1	1	5	0	0	0	0	0	0	0
908	chr1:113984001-114341000	SBS3	1	1	2	0	0	0	0	0	0	0
909	chr1:114341001-114710000	SBS3	1	1	1	0	0	0	0	0	0	0
910	chr1:114783001-116303000	SBS1	1	1	1	0	0	0	0	0	0	0
911	chr1:114783001-116303000	SBS3	1	1	7	0	0	0	0	0	0	0
912	chr1:116303001-117979000	SBS1	1	1	1	0	0	0	0	0	0	0
913	chr1:116303001-117979000	SBS3	1	1	12	0	0	0	0	0	0	0
914	chr1:118054309-119608000	SBS3	1	1	10	0	0	0	0	0	0	0
915	chr1:119608001-119745000	SBS1	1	1	1	0	0	0	0	0	0	0
916	chr1:119745001-123605522	SBS100	1	1	1	0	0	0	0	0	0	0
917	chr1:119745001-123605522	SBS3	1	1	4	0	0	0	0	0	0	0
918	chr1:123605523-146372748	SBS1	1	1	9	0	0	0	0	0	0	0
919	chr1:123605523-146372748	SBS100	1	1	1	0	0	0	0	0	0	0
920	chr1:123605523-146372748	SBS3	1	1	27	0	0	0	0	0	0	0
921	chr1:147280001-152056000	SBS1	2	1	3	0	0	0	0	0	0	0
922	chr1:147280001-152056000	SBS100	2	1	0	1	0	0	0	0	0	0
923	chr1:147280001-152056000	SBS3	2	1	18	10	0	0	0	0	0	0
924	chr1:152056001-153487000	SBS1	2	1	1	0	0	0	0	0	0	0
925	chr1:152056001-153487000	SBS100	2	1	1	0	0	0	0	0	0	0
926	chr1:152056001-153487000	SBS3	2	1	16	4	0	0	0	0	0	0
927	chr1:153673001-153892622	SBS3	2	1	0	1	0	0	0	0	0	0
928	chr1:153997001-154935000	SBS3	2	1	2	1	0	0	0	0	0	0
929	chr1:154985001-156801016	SBS1	2	1	1	0	0	0	0	0	0	0
930	chr1:154985001-156801016	SBS3	2	1	2	1	0	0	0	0	0	0
931	chr1:156801052-157171000	SBS3	2	1	1	0	0	0	0	0	0	0
932	chr1:157171001-157959000	SBS3	2	1	1	0	0	0	0	0	0	0
933	chr1:158203961-158998000	SBS3	2	1	3	1	0	0	0	0	0	0
934	chr1:159074001-159877000	SBS3	2	1	4	5	0	0	0	0	0	0
935	chr1:159963001-160198000	SBS100	2	1	0	1	0	0	0	0	0	0
936	chr1:161404001-161726500	SBS100	2	1	1	0	0	0	0	0	0	0
937	chr1:161404001-161726500	SBS3	2	1	2	1	0	0	0	0	0	0
938	chr1:161726501-162394000	SBS100	2	1	0	1	0	0	0	0	0	0
939	chr1:161726501-162394000	SBS3	2	1	2	0	0	0	0	0	0	0
940	chr1:162394001-162490000	SBS1	2	1	1	0	0	0	0	0	0	0
941	chr1:162394001-162490000	SBS3	2	1	1	0	0	0	0	0	0	0
942	chr1:162490001-162742000	SBS3	1	1	3	0	0	0	0	0	0	0
943	chr1:162742001-163313000	SBS3	2	1	0	1	0	0	0	0	0	0
944	chr1:163369001-164557000	SBS3	2	1	2	0	0	0	0	0	0	0
945	chr1:16354001-18564278	SBS1	1	0	2	0	0	0	0	0	0	0
946	chr1:16354001-18564278	SBS100	1	0	1	0	0	0	0	0	0	0
947	chr1:16354001-18564278	SBS3	1	0	12	0	0	0	0	0	0	0
948	chr1:164865001-165589000	SBS3	2	1	3	0	0	0	0	0	0	0
949	chr1:165589001-165930000	SBS3	1	1	1	0	0	0	0	0	0	0
950	chr1:165930001-166833000	SBS3	2	1	7	0	0	0	0	0	0	0
951	chr1:166878501-167711000	SBS1	2	1	1	0	0	0	0	0	0	0
952	chr1:166878501-167711000	SBS3	2	1	2	4	0	0	0	0	0	0
953	chr1:167711001-167798000	SBS3	1	1	1	0	0	0	0	0	0	0
954	chr1:167798001-169446372	SBS1	2	1	0	1	0	0	0	0	0	0
955	chr1:167798001-169446372	SBS3	2	1	3	3	0	0	0	0	0	0
956	chr1:169446373-169503702	SBS3	1	1	1	0	0	0	0	0	0	0
957	chr1:169594001-169770000	SBS3	2	1	1	0	0	0	0	0	0	0
958	chr1:169770001-169949000	SBS3	1	1	2	0	0	0	0	0	0	0
959	chr1:169949001-170692596	SBS3	2	1	1	2	0	0	0	0	0	0
960	chr1:170692651-171353206	SBS100	2	1	0	1	0	0	0	0	0	0
961	chr1:170692651-171353206	SBS3	2	1	2	1	0	0	0	0	0	0
962	chr1:171353207-174963000	SBS100	2	1	1	0	0	0	0	0	0	0
963	chr1:171353207-174963000	SBS3	2	1	12	5	0	0	0	0	0	0
964	chr1:175031001-175942000	SBS3	2	1	4	3	0	0	0	0	0	0
965	chr1:175942001-176203500	SBS100	1	1	1	0	0	0	0	0	0	0
966	chr1:175942001-176203500	SBS3	1	1	2	0	0	0	0	0	0	0
967	chr1:176209001-176871000	SBS3	2	1	3	1	0	0	0	0	0	0
968	chr1:176871001-177322000	SBS3	1	1	3	0	0	0	0	0	0	0
969	chr1:177322001-178028000	SBS3	2	1	2	1	0	0	0	0	0	0
970	chr1:178480001-179015000	SBS100	2	1	1	0	0	0	0	0	0	0
971	chr1:179015001-179209000	SBS3	1	1	1	0	0	0	0	0	0	0
972	chr1:179360001-179867000	SBS100	2	1	1	0	0	0	0	0	0	0
973	chr1:179360001-179867000	SBS3	2	1	3	0	0	0	0	0	0	0
974	chr1:179886001-181084000	SBS3	1	1	6	0	0	0	0	0	0	0
975	chr1:181145001-182080000	SBS3	2	1	3	0	0	0	0	0	0	0
976	chr1:182080001-182399000	SBS3	1	1	2	0	0	0	0	0	0	0
977	chr1:182399001-182835000	SBS3	2	1	4	1	0	0	0	0	0	0
978	chr1:182892001-190274522	SBS1	2	1	1	2	0	0	0	0	0	0
979	chr1:182892001-190274522	SBS100	2	1	1	0	0	0	0	0	0	0
980	chr1:182892001-190274522	SBS3	2	1	16	16	0	0	0	0	0	0
981	chr1:18898001-19704795	SBS100	2	0	1	0	0	0	0	0	0	0
982	chr1:18898001-19704795	SBS3	2	0	4	0	0	0	0	0	0	0
983	chr1:190274563-192473000	SBS1	2	1	1	0	0	0	0	0	0	0
984	chr1:190274563-192473000	SBS3	2	1	8	0	0	0	0	0	0	0
985	chr1:192611001-193007000	SBS3	2	1	0	1	0	0	0	0	0	0
986	chr1:193267001-197119000	SBS1	2	1	0	1	0	0	0	0	0	0
987	chr1:193267001-197119000	SBS100	2	1	1	0	0	0	0	0	0	0
988	chr1:193267001-197119000	SBS3	2	1	20	9	0	0	0	0	0	0
989	chr1:19704796-24242744	SBS1	1	0	4	0	0	0	0	0	0	0
990	chr1:19704796-24242744	SBS100	1	0	1	0	0	0	0	0	0	0
991	chr1:19704796-24242744	SBS3	1	0	18	0	0	0	0	0	0	0
992	chr1:197225001-197452536	SBS3	2	1	1	0	0	0	0	0	0	0
993	chr1:197487752-199788064	SBS3	2	1	5	4	0	0	0	0	0	0
994	chr1:199788545-200552000	SBS3	2	1	4	1	0	0	0	0	0	0
995	chr1:200552001-200859000	SBS3	1	1	1	0	0	0	0	0	0	0
996	chr1:200859001-201255500	SBS3	2	1	0	1	0	0	0	0	0	0
997	chr1:201519001-204583000	SBS1	2	1	0	2	0	0	0	0	0	0
998	chr1:201519001-204583000	SBS100	2	1	2	0	0	0	0	0	0	0
999	chr1:201519001-204583000	SBS3	2	1	11	3	0	0	0	0	0	0
1000	chr1:205072001-205438000	SBS3	2	1	0	1	0	0	0	0	0	0
1001	chr1:206280501-206728000	SBS100	1	1	1	0	0	0	0	0	0	0
1002	chr1:206728001-206938000	SBS1	2	1	1	0	0	0	0	0	0	0
1003	chr1:206728001-206938000	SBS3	2	1	1	1	0	0	0	0	0	0
1004	chr1:207090001-207742000	SBS1	2	1	0	1	0	0	0	0	0	0
1005	chr1:207090001-207742000	SBS3	2	1	1	0	0	0	0	0	0	0
1006	chr1:207970001-208997916	SBS1	2	1	1	0	0	0	0	0	0	0
1007	chr1:207970001-208997916	SBS3	2	1	7	3	0	0	0	0	0	0
1008	chr1:208998106-209348000	SBS3	2	1	4	0	0	0	0	0	0	0
1009	chr1:209437001-209745000	SBS3	2	1	2	1	0	0	0	0	0	0
1010	chr1:209831001-209905000	SBS3	1	1	1	0	0	0	0	0	0	0
1011	chr1:210214001-210408000	SBS3	1	1	1	0	0	0	0	0	0	0
1012	chr1:210408001-211255000	SBS3	2	1	5	1	0	0	0	0	0	0
1013	chr1:211571001-212391552	SBS1	1	1	4	0	0	0	0	0	0	0
1014	chr1:211571001-212391552	SBS100	1	1	3	0	0	0	0	0	0	0
1015	chr1:211571001-212391552	SBS3	1	1	7	0	0	0	0	0	0	0
1016	chr1:212404273-212874941	SBS1	1	1	1	0	0	0	0	0	0	0
1017	chr1:212404273-212874941	SBS3	1	1	4	0	0	0	0	0	0	0
1018	chr1:212874942-213166974	SBS1	2	1	1	0	0	0	0	0	0	0
1019	chr1:212874942-213166974	SBS3	2	1	8	0	0	0	0	0	0	0
1020	chr1:213296001-214259000	SBS3	2	1	3	2	0	0	0	0	0	0
1021	chr1:214259001-214639000	SBS3	1	1	1	0	0	0	0	0	0	0
1022	chr1:214639001-215358074	SBS3	2	1	0	1	0	0	0	0	0	0
1023	chr1:215358075-215517955	SBS3	3	1	7	0	0	1	0	0	0	0
1024	chr1:215862243-219004254	SBS1	2	0	0	1	0	0	0	0	0	0
1025	chr1:215862243-219004254	SBS3	2	0	5	1	0	0	0	0	0	0
1026	chr1:219007166-223617470	SBS1	2	0	1	0	0	0	0	0	0	0
1027	chr1:219007166-223617470	SBS3	2	0	3	6	0	0	0	0	0	0
1028	chr1:223617471-223698000	SBS100	2	1	1	0	0	0	0	0	0	0
1029	chr1:223743001-224520000	SBS3	1	1	6	0	0	0	0	0	0	0
1030	chr1:224520001-225399000	SBS3	2	1	5	1	0	0	0	0	0	0
1031	chr1:225399001-225875000	SBS3	1	1	1	0	0	0	0	0	0	0
1032	chr1:225884001-228169000	SBS1	2	1	1	0	0	0	0	0	0	0
1033	chr1:225884001-228169000	SBS100	2	1	0	1	0	0	0	0	0	0
1034	chr1:225884001-228169000	SBS3	2	1	8	3	0	0	0	0	0	0
1035	chr1:228366501-232015000	SBS1	2	1	0	1	0	0	0	0	0	0
1036	chr1:228366501-232015000	SBS3	2	1	13	8	0	0	0	0	0	0
1037	chr1:232015001-232177170	SBS3	2	1	1	0	0	0	0	0	0	0
1038	chr1:232177254-232620000	SBS3	2	1	3	0	0	0	0	0	0	0
1039	chr1:232671001-233397000	SBS1	2	1	1	0	0	0	0	0	0	0
1040	chr1:232671001-233397000	SBS100	2	1	1	0	0	0	0	0	0	0
1041	chr1:232671001-233397000	SBS3	2	1	1	1	0	0	0	0	0	0
1042	chr1:233397001-234453000	SBS1	3	1	0	1	0	0	0	0	0	0
1043	chr1:233397001-234453000	SBS100	3	1	1	0	0	0	0	0	0	0
1044	chr1:233397001-234453000	SBS3	3	1	5	1	0	0	0	0	0	0
1045	chr1:234453001-234961000	SBS1	2	1	1	0	0	0	0	0	0	0
1046	chr1:234453001-234961000	SBS3	2	1	3	1	0	0	0	0	0	0
1047	chr1:234961001-234999000	SBS3	1	0	1	0	0	0	0	0	0	0
1048	chr1:234999001-235137524	SBS100	2	1	1	0	0	0	0	0	0	0
1049	chr1:235290683-235501000	SBS3	2	1	1	0	0	0	0	0	0	0
1050	chr1:235888001-236501000	SBS3	3	1	3	1	0	0	0	0	0	0
1051	chr1:236501001-236614000	SBS100	2	1	1	0	0	0	0	0	0	0
1052	chr1:236893001-237672000	SBS1	3	1	1	0	0	0	0	0	0	0
1053	chr1:236893001-237672000	SBS3	3	1	8	3	0	0	0	0	0	0
1054	chr1:237672001-238165440	SBS3	2	1	5	0	0	0	0	0	0	0
1055	chr1:238165503-239978000	SBS1	2	1	1	0	0	0	0	0	0	0
1056	chr1:238165503-239978000	SBS3	2	1	3	1	0	0	0	0	0	0
1057	chr1:239978001-240685000	SBS3	3	1	5	3	0	0	0	0	0	0
1058	chr1:240774001-241485000	SBS1	3	1	0	1	0	0	0	0	0	0
1059	chr1:240774001-241485000	SBS3	3	1	2	0	0	0	0	0	0	0
1060	chr1:241485001-242022000	SBS3	2	1	2	0	0	0	0	0	0	0
1061	chr1:242022001-243045500	SBS1	3	1	1	0	0	0	0	0	0	0
1062	chr1:242022001-243045500	SBS3	3	1	10	4	0	0	0	0	0	0
1063	chr1:24247466-25734243	SBS1	1	0	1	0	0	0	0	0	0	0
1064	chr1:24247466-25734243	SBS3	1	0	5	0	0	0	0	0	0	0
1065	chr1:243045501-243420479	SBS3	2	1	2	1	0	0	0	0	0	0
1066	chr1:243420515-244298000	SBS1	2	1	0	1	0	0	0	0	0	0
1067	chr1:243420515-244298000	SBS3	2	1	8	2	0	0	0	0	0	0
1068	chr1:244711001-244832000	SBS1	2	1	1	0	0	0	0	0	0	0
1069	chr1:244866001-245996000	SBS3	3	1	6	2	0	1	0	0	0	0
1070	chr1:245996001-246081000	SBS3	2	1	0	1	0	0	0	0	0	0
1071	chr1:246081001-247128000	SBS1	2	1	1	0	0	0	0	0	0	0
1072	chr1:246081001-247128000	SBS3	2	1	3	0	0	0	0	0	0	0
1073	chr1:247245399-247431481	SBS100	2	0	1	0	0	0	0	0	0	0
1074	chr1:247431518-248956422	SBS1	3	0	1	0	0	0	0	0	0	0
1075	chr1:247431518-248956422	SBS100	3	0	1	0	0	0	0	0	0	0
1076	chr1:247431518-248956422	SBS3	3	0	7	5	0	0	0	0	0	0
1077	chr1:2602001-3123500	SBS3	2	0	1	0	0	0	0	0	0	0
1078	chr1:26133001-26682000	SBS3	2	1	4	0	0	0	0	0	0	0
1079	chr1:26682001-29243000	SBS3	1	1	11	0	0	0	0	0	0	0
1080	chr1:29243001-29780495	SBS3	2	1	1	5	0	0	0	0	0	0
1081	chr1:29784579-30263788	SBS1	1	1	1	0	0	0	0	0	0	0
1082	chr1:29784579-30263788	SBS3	1	1	6	0	0	0	0	0	0	0
1083	chr1:30263789-30756544	SBS3	3	1	1	1	0	0	0	0	0	0
1084	chr1:30760798-30981058	SBS1	2	1	3	0	0	0	0	0	0	0
1085	chr1:30760798-30981058	SBS3	2	1	1	1	0	0	0	0	0	0
1086	chr1:31035382-31440941	SBS3	1	1	3	0	0	0	0	0	0	0
1087	chr1:3123501-7700000	SBS1	1	0	2	0	0	0	0	0	0	0
1088	chr1:3123501-7700000	SBS3	1	0	28	0	0	0	0	0	0	0
1089	chr1:31447228-31906000	SBS3	1	1	1	0	0	0	0	0	0	0
1090	chr1:31906001-32893636	SBS1	1	1	1	0	0	0	0	0	0	0
1091	chr1:32893637-33085000	SBS3	2	1	1	0	0	0	0	0	0	0
1092	chr1:33085001-33465148	SBS3	3	1	0	1	0	0	0	0	0	0
1093	chr1:33564208-33700518	SBS1	3	1	1	0	0	0	0	0	0	0
1094	chr1:33700519-33906456	SBS3	1	1	2	0	0	0	0	0	0	0
1095	chr1:34620518-34734000	SBS1	2	1	1	0	0	0	0	0	0	0
1096	chr1:34620518-34734000	SBS3	2	1	1	0	0	0	0	0	0	0
1097	chr1:34734001-36457705	SBS3	2	1	14	2	0	0	0	0	0	0
1098	chr1:36488001-37454000	SBS1	3	1	1	0	0	0	0	0	0	0
1099	chr1:36488001-37454000	SBS3	3	1	3	2	0	1	0	0	0	0
1100	chr1:37794001-37988000	SBS3	2	1	1	0	0	0	0	0	0	0
1101	chr1:37988001-38030000	SBS3	1	1	1	0	0	0	0	0	0	0
1102	chr1:38030001-38813000	SBS3	2	1	3	1	0	0	0	0	0	0
1103	chr1:38813001-39089000	SBS3	2	1	1	0	0	0	0	0	0	0
1104	chr1:39089001-39269755	SBS3	1	1	1	0	0	0	0	0	0	0
1105	chr1:39275969-39581219	SBS3	2	1	2	0	0	0	0	0	0	0
1106	chr1:39582187-39836000	SBS3	2	1	4	0	0	0	0	0	0	0
1107	chr1:39836001-40289041	SBS3	2	1	1	0	0	0	0	0	0	0
1108	chr1:40289042-40661000	SBS3	2	2	1	1	0	0	0	0	0	0
1109	chr1:40805001-40847000	SBS3	2	2	1	0	0	0	0	0	0	0
1110	chr1:40847001-40948191	SBS3	2	1	0	1	0	0	0	0	0	0
1111	chr1:41429001-41503000	SBS3	1	1	1	0	0	0	0	0	0	0
1112	chr1:41503001-41558000	SBS3	3	1	0	1	0	0	0	0	0	0
1113	chr1:41558001-41930000	SBS3	2	1	1	0	0	0	0	0	0	0
1114	chr1:41930001-42173000	SBS3	2	1	0	1	0	0	0	0	0	0
1115	chr1:42173001-42345000	SBS3	2	1	0	1	0	0	0	0	0	0
1116	chr1:42345001-42921000	SBS1	2	1	1	0	0	0	0	0	0	0
1117	chr1:42345001-42921000	SBS100	2	1	2	0	0	0	0	0	0	0
1118	chr1:42345001-42921000	SBS3	2	1	1	1	0	0	0	0	0	0
1119	chr1:42921001-42969000	SBS3	1	1	1	0	0	0	0	0	0	0
1120	chr1:42969001-43343000	SBS1	2	1	1	0	0	0	0	0	0	0
1121	chr1:42969001-43343000	SBS3	2	1	2	0	0	0	0	0	0	0
1122	chr1:43343001-43391500	SBS1	1	1	1	0	0	0	0	0	0	0
1123	chr1:43391501-44094000	SBS1	2	1	1	0	0	0	0	0	0	0
1124	chr1:43391501-44094000	SBS3	2	1	2	1	0	0	0	0	0	0
1125	chr1:44094001-44203000	SBS3	3	1	1	0	0	0	0	0	0	0
1126	chr1:44368001-44625000	SBS3	2	1	1	0	0	0	0	0	0	0
1127	chr1:44625001-45020000	SBS3	2	1	1	1	0	0	0	0	0	0
1128	chr1:45020001-45299000	SBS3	2	1	1	2	0	0	0	0	0	0
1129	chr1:45527001-46351000	SBS3	2	1	2	0	0	0	0	0	0	0
1130	chr1:46351001-46598000	SBS3	2	1	0	1	0	0	0	0	0	0
1131	chr1:46598001-46726000	SBS3	2	1	0	1	0	0	0	0	0	0
1132	chr1:46726001-47125425	SBS3	2	1	4	0	0	0	0	0	0	0
1133	chr1:47251001-47341000	SBS1	2	1	1	0	0	0	0	0	0	0
1134	chr1:47251001-47341000	SBS3	2	1	3	0	0	0	0	0	0	0
1135	chr1:47341001-49540123	SBS1	2	1	1	0	0	0	0	0	0	0
1136	chr1:47341001-49540123	SBS3	2	1	23	6	0	0	0	0	0	0
1137	chr1:49540162-50417000	SBS3	2	1	3	0	0	0	0	0	0	0
1138	chr1:50988001-51187000	SBS3	2	1	2	0	0	0	0	0	0	0
1139	chr1:51187001-51641000	SBS3	2	1	2	0	0	0	0	0	0	0
1140	chr1:51813314-53065000	SBS3	2	1	11	3	0	0	0	0	0	0
1141	chr1:53104001-55127500	SBS1	2	1	1	0	0	0	0	0	0	0
1142	chr1:53104001-55127500	SBS100	2	1	1	0	0	0	0	0	0	0
1143	chr1:53104001-55127500	SBS3	2	1	6	1	0	0	0	0	0	0
1144	chr1:55219001-56510000	SBS3	2	1	7	2	0	0	0	0	0	0
1145	chr1:56510001-56586000	SBS3	1	1	1	0	0	0	0	0	0	0
1146	chr1:56586001-58053139	SBS100	2	1	1	0	0	0	0	0	0	0
1147	chr1:56586001-58053139	SBS3	2	1	9	0	0	0	0	0	0	0
1148	chr1:58476001-59167654	SBS3	3	1	1	0	0	0	0	0	0	0
1149	chr1:59167655-60064434	SBS1	2	1	2	0	0	0	0	0	0	0
1150	chr1:59167655-60064434	SBS3	2	1	3	1	0	0	0	0	0	0
1151	chr1:60064435-60755372	SBS3	2	1	4	1	0	0	0	0	0	0
1152	chr1:60755373-61042000	SBS3	3	1	0	1	0	0	0	0	0	0
1153	chr1:61187001-61725913	SBS100	3	1	1	0	0	0	0	0	0	0
1154	chr1:61187001-61725913	SBS3	3	1	3	1	0	0	0	0	0	0
1155	chr1:61725914-62797000	SBS3	2	1	1	0	0	0	0	0	0	0
1156	chr1:62797001-63365000	SBS3	2	1	2	1	0	0	0	0	0	0
1157	chr1:63365001-64557550	SBS100	2	1	2	0	0	0	0	0	0	0
1158	chr1:63365001-64557550	SBS3	2	1	4	1	0	0	0	0	0	0
1159	chr1:64557695-65148000	SBS1	2	1	1	0	0	0	0	0	0	0
1160	chr1:64557695-65148000	SBS3	2	1	3	0	0	0	0	0	0	0
1161	chr1:66361001-67855000	SBS3	2	1	3	0	0	0	0	0	0	0
1162	chr1:67855001-68138000	SBS3	2	1	2	0	0	0	0	0	0	0
1163	chr1:68146102-70128000	SBS100	1	1	1	0	0	0	0	0	0	0
1164	chr1:68146102-70128000	SBS3	1	1	9	0	0	0	0	0	0	0
1165	chr1:70358001-70837863	SBS3	1	1	2	0	0	0	0	0	0	0
1166	chr1:70837878-71042000	SBS3	1	1	2	0	0	0	0	0	0	0
1167	chr1:71097001-74891206	SBS1	1	1	2	0	0	0	0	0	0	0
1168	chr1:71097001-74891206	SBS3	1	1	13	0	0	0	0	0	0	0
1169	chr1:74891207-74896572	SBS3	2	1	1	0	0	0	0	0	0	0
1170	chr1:74896573-77197447	SBS100	1	1	1	0	0	0	0	0	0	0
1171	chr1:74896573-77197447	SBS3	1	1	14	0	0	0	0	0	0	0
1172	chr1:7700001-16290910	SBS1	1	0	2	0	0	0	0	0	0	0
1173	chr1:7700001-16290910	SBS100	1	0	2	0	0	0	0	0	0	0
1174	chr1:7700001-16290910	SBS3	1	0	24	0	0	0	0	0	0	0
1175	chr1:77335458-82014420	SBS3	1	0	9	0	0	0	0	0	0	0
1176	chr1:82027353-82705549	SBS3	1	0	3	0	0	0	0	0	0	0
1177	chr1:82705662-87272269	SBS1	1	0	2	0	0	0	0	0	0	0
1178	chr1:82705662-87272269	SBS100	1	0	1	0	0	0	0	0	0	0
1179	chr1:82705662-87272269	SBS3	1	0	15	0	0	0	0	0	0	0
1180	chr1:87272270-89481000	SBS3	1	1	10	0	0	0	0	0	0	0
1181	chr1:90043001-90372116	SBS3	1	1	2	0	0	0	0	0	0	0
1182	chr1:90372217-90880000	SBS3	1	1	1	0	0	0	0	0	0	0
1183	chr1:91025001-91452420	SBS3	1	1	4	0	0	0	0	0	0	0
1184	chr1:91898001-99710000	SBS1	1	1	3	0	0	0	0	0	0	0
1185	chr1:91898001-99710000	SBS3	1	1	28	0	0	0	0	0	0	0
1186	chr1:99710001-104019018	SBS3	1	1	12	0	0	0	0	0	0	0
1187	chr20:10401001-10710000	SBS3	1	1	1	0	0	0	0	0	0	0
1188	chr20:10710001-12546601	SBS1	1	1	2	0	0	0	0	0	0	0
1189	chr20:10710001-12546601	SBS3	1	1	11	0	0	0	0	0	0	0
1190	chr20:111171-170206	SBS3	3	0	1	0	0	0	0	0	0	0
1191	chr20:12546602-12907628	SBS3	3	1	2	1	0	0	0	0	0	0
1192	chr20:12907629-14004814	SBS3	1	1	6	0	0	0	0	0	0	0
1193	chr20:14044036-14234650	SBS3	2	1	2	0	0	0	0	0	0	0
1194	chr20:14234651-16453344	SBS3	1	1	7	0	0	0	0	0	0	0
1195	chr20:16458408-16777000	SBS3	1	1	1	0	0	0	0	0	0	0
1196	chr20:16777001-17519000	SBS3	2	1	2	1	0	0	0	0	0	0
1197	chr20:170207-289000	SBS3	2	0	0	1	0	0	0	0	0	0
1198	chr20:17614001-19931000	SBS3	1	1	10	0	0	0	0	0	0	0
1199	chr20:19931001-20054000	SBS3	1	1	3	0	0	0	0	0	0	0
1200	chr20:20054001-20194429	SBS3	2	1	0	1	0	0	0	0	0	0
1201	chr20:20195665-20437000	SBS3	1	1	1	0	0	0	0	0	0	0
1202	chr20:21408001-21817101	SBS3	2	1	1	1	0	0	0	0	0	0
1203	chr20:21820881-23347000	SBS100	2	1	0	1	0	0	0	0	0	0
1204	chr20:21820881-23347000	SBS3	2	1	8	3	0	0	0	0	0	0
1205	chr20:23450001-24595668	SBS100	1	1	1	0	0	0	0	0	0	0
1206	chr20:23450001-24595668	SBS3	1	1	7	0	0	0	0	0	0	0
1207	chr20:24595669-25230000	SBS3	2	1	3	0	0	0	0	0	0	0
1208	chr20:25253001-25458915	SBS3	2	1	1	0	0	0	0	0	0	0
1209	chr20:25458916-28237289	SBS1	1	1	1	0	0	0	0	0	0	0
1210	chr20:25458916-28237289	SBS3	1	1	13	0	0	0	0	0	0	0
1211	chr20:28237290-31453000	SBS1	1	1	6	0	0	0	0	0	0	0
1212	chr20:28237290-31453000	SBS100	1	1	7	0	0	0	0	0	0	0
1213	chr20:28237290-31453000	SBS3	1	1	83	0	0	0	0	0	0	0
1214	chr20:31453001-32540000	SBS3	1	1	5	0	0	0	0	0	0	0
1215	chr20:32623416-32873000	SBS3	1	1	1	0	0	0	0	0	0	0
1216	chr20:32873001-33345000	SBS3	1	1	2	0	0	0	0	0	0	0
1217	chr20:33345001-36137501	SBS3	1	1	11	0	0	0	0	0	0	0
1218	chr20:36153350-36161905	SBS3	1	0	1	0	0	0	0	0	0	0
1219	chr20:36162001-38021000	SBS1	1	1	1	0	0	0	0	0	0	0
1220	chr20:36162001-38021000	SBS100	1	1	1	0	0	0	0	0	0	0
1221	chr20:36162001-38021000	SBS3	1	1	5	0	0	0	0	0	0	0
1222	chr20:38066001-39052000	SBS1	1	1	1	0	0	0	0	0	0	0
1223	chr20:38066001-39052000	SBS3	1	1	5	0	0	0	0	0	0	0
1224	chr20:39052001-40985000	SBS3	1	1	9	0	0	0	0	0	0	0
1225	chr20:40985001-41634000	SBS100	1	1	1	0	0	0	0	0	0	0
1226	chr20:40985001-41634000	SBS3	1	1	2	0	0	0	0	0	0	0
1227	chr20:41634001-43889521	SBS100	1	1	1	0	0	0	0	0	0	0
1228	chr20:41634001-43889521	SBS3	1	1	8	0	0	0	0	0	0	0
1229	chr20:43889522-44187000	SBS3	2	1	1	0	0	0	0	0	0	0
1230	chr20:44220001-44471000	SBS3	2	1	0	1	0	0	0	0	0	0
1231	chr20:44495468-45478000	SBS3	1	1	3	0	0	0	0	0	0	0
1232	chr20:45478001-45770000	SBS3	1	1	1	0	0	0	0	0	0	0
1233	chr20:45894001-47271000	SBS3	1	1	2	0	0	0	0	0	0	0
1234	chr20:47361001-47474680	SBS3	1	1	4	0	0	0	0	0	0	0
1235	chr20:47474717-47666000	SBS3	1	1	1	0	0	0	0	0	0	0
1236	chr20:47666001-47772000	SBS3	1	1	2	0	0	0	0	0	0	0
1237	chr20:47772001-47865000	SBS3	1	1	1	0	0	0	0	0	0	0
1238	chr20:47865001-48904000	SBS100	1	1	1	0	0	0	0	0	0	0
1239	chr20:47865001-48904000	SBS3	1	1	9	0	0	0	0	0	0	0
1240	chr20:49354001-49625000	SBS3	1	1	1	0	0	0	0	0	0	0
1241	chr20:49625001-50122404	SBS1	1	1	1	0	0	0	0	0	0	0
1242	chr20:49625001-50122404	SBS3	1	1	3	0	0	0	0	0	0	0
1243	chr20:50727001-50798000	SBS3	1	1	1	0	0	0	0	0	0	0
1244	chr20:50960127-51403398	SBS3	1	1	1	0	0	0	0	0	0	0
1245	chr20:51405320-52846000	SBS100	1	1	2	0	0	0	0	0	0	0
1246	chr20:51405320-52846000	SBS3	1	1	5	0	0	0	0	0	0	0
1247	chr20:5226001-6549166	SBS1	1	0	1	0	0	0	0	0	0	0
1248	chr20:5226001-6549166	SBS3	1	0	3	0	0	0	0	0	0	0
1249	chr20:53103001-53577000	SBS3	1	1	2	0	0	0	0	0	0	0
1250	chr20:53577001-53945000	SBS3	1	1	3	0	0	0	0	0	0	0
1251	chr20:53945001-54673000	SBS3	1	1	2	0	0	0	0	0	0	0
1252	chr20:546001-973182	SBS1	2	0	0	1	0	0	0	0	0	0
1253	chr20:546001-973182	SBS3	2	0	1	1	0	0	0	0	0	0
1254	chr20:54673001-54952237	SBS3	1	1	1	0	0	0	0	0	0	0
1255	chr20:54952238-55056984	SBS3	1	1	1	0	0	0	0	0	0	0
1256	chr20:55062187-55180462	SBS3	1	1	2	0	0	0	0	0	0	0
1257	chr20:55181463-56343000	SBS3	1	1	7	0	0	0	0	0	0	0
1258	chr20:56343001-56547295	SBS3	1	1	2	0	0	0	0	0	0	0
1259	chr20:56547296-58845340	SBS3	1	0	2	0	0	0	0	0	0	0
1260	chr20:59100001-63464495	SBS3	1	0	10	0	0	0	0	0	0	0
1261	chr20:63474705-64444167	SBS1	1	0	2	0	0	0	0	0	0	0
1262	chr20:63474705-64444167	SBS3	1	0	2	0	0	0	0	0	0	0
1263	chr20:6549167-7731169	SBS3	2	1	1	1	0	0	0	0	0	0
1264	chr20:7731170-10401000	SBS1	1	1	1	0	0	0	0	0	0	0
1265	chr20:7731170-10401000	SBS3	1	1	9	0	0	0	0	0	0	0
1266	chr20:973183-5226000	SBS1	1	0	1	0	0	0	0	0	0	0
1267	chr20:973183-5226000	SBS3	1	0	19	0	0	0	0	0	0	0
1268	chr21:1-11890183	SBS1	1	1	2	0	0	0	0	0	0	0
1269	chr21:1-11890183	SBS3	1	1	17	0	0	0	0	0	0	0
1270	chr21:11890184-16321289	SBS1	1	1	2	0	0	0	0	0	0	0
1271	chr21:11890184-16321289	SBS3	1	1	22	0	0	0	0	0	0	0
1272	chr21:16321335-19718249	SBS1	1	1	1	0	0	0	0	0	0	0
1273	chr21:16321335-19718249	SBS100	1	1	1	0	0	0	0	0	0	0
1274	chr21:16321335-19718249	SBS3	1	1	9	0	0	0	0	0	0	0
1275	chr21:19737849-22427071	SBS3	1	1	10	0	0	0	0	0	0	0
1276	chr21:22429658-22647615	SBS3	1	1	2	0	0	0	0	0	0	0
1277	chr21:22649022-23060723	SBS1	1	1	1	0	0	0	0	0	0	0
1278	chr21:22649022-23060723	SBS3	1	1	4	0	0	0	0	0	0	0
1279	chr21:23060886-24434044	SBS3	1	1	5	0	0	0	0	0	0	0
1280	chr21:24434045-28154799	SBS1	1	0	1	0	0	0	0	0	0	0
1281	chr21:24434045-28154799	SBS3	1	0	7	0	0	0	0	0	0	0
1282	chr21:28997723-29572986	SBS3	1	0	4	0	0	0	0	0	0	0
1283	chr21:29573260-29584104	SBS3	1	0	1	0	0	0	0	0	0	0
1284	chr21:29584113-30310803	SBS3	1	0	2	0	0	0	0	0	0	0
1285	chr21:30310804-31000621	SBS3	1	1	2	0	0	0	0	0	0	0
1286	chr21:31000622-31004299	SBS3	2	1	1	0	0	0	0	0	0	0
1287	chr21:31004300-31734000	SBS3	1	1	3	0	0	0	0	0	0	0
1288	chr21:31734001-32255000	SBS3	1	1	1	0	0	0	0	0	0	0
1289	chr21:32255001-32562246	SBS3	1	1	6	0	0	0	0	0	0	0
1290	chr21:32567124-32835000	SBS3	1	1	2	0	0	0	0	0	0	0
1291	chr21:32835001-33196000	SBS3	1	1	2	0	0	0	0	0	0	0
1292	chr21:33196001-35360579	SBS3	1	1	7	0	0	0	0	0	0	0
1293	chr21:35615819-35674811	SBS3	2	1	2	0	0	0	0	0	0	0
1294	chr21:35674812-36516000	SBS3	1	1	2	0	0	0	0	0	0	0
1295	chr21:36516001-36684191	SBS1	1	1	1	0	0	0	0	0	0	0
1296	chr21:36688115-37661000	SBS100	1	1	2	0	0	0	0	0	0	0
1297	chr21:36688115-37661000	SBS3	1	1	2	0	0	0	0	0	0	0
1298	chr21:37661001-39171000	SBS3	1	1	11	0	0	0	0	0	0	0
1299	chr21:39171001-39455000	SBS1	1	1	1	0	0	0	0	0	0	0
1300	chr21:39455001-40627181	SBS3	1	1	6	0	0	0	0	0	0	0
1301	chr21:40630139-41141000	SBS3	1	1	3	0	0	0	0	0	0	0
1302	chr21:41141001-44343000	SBS1	1	1	1	0	0	0	0	0	0	0
1303	chr21:41141001-44343000	SBS100	1	1	2	0	0	0	0	0	0	0
1304	chr21:41141001-44343000	SBS3	1	1	5	0	0	0	0	0	0	0
1305	chr21:44343001-44740000	SBS1	1	1	1	0	0	0	0	0	0	0
1306	chr21:44343001-44740000	SBS3	1	1	4	0	0	0	0	0	0	0
1307	chr21:44740001-45221000	SBS3	1	1	1	0	0	0	0	0	0	0
1308	chr21:45221001-46218000	SBS1	1	1	1	0	0	0	0	0	0	0
1309	chr21:45221001-46218000	SBS3	1	1	11	0	0	0	0	0	0	0
1310	chr21:46218001-46709983	SBS100	1	1	1	0	0	0	0	0	0	0
1311	chr21:46218001-46709983	SBS3	1	1	1	0	0	0	0	0	0	0
1312	chr22:1-14004552	SBS100	2	0	1	0	0	0	0	0	0	0
1313	chr22:1-14004552	SBS3	2	0	40	0	0	0	0	0	0	0
1314	chr22:14004553-17277459	SBS1	1	0	1	0	0	0	0	0	0	0
1315	chr22:14004553-17277459	SBS3	1	0	7	0	0	0	0	0	0	0
1316	chr22:17277460-17500000	SBS3	2	0	0	1	0	0	0	0	0	0
1317	chr22:17500001-18035963	SBS100	2	0	1	0	0	0	0	0	0	0
1318	chr22:17500001-18035963	SBS3	2	0	0	2	0	0	0	0	0	0
1319	chr22:19039941-25597772	SBS1	1	0	2	0	0	0	0	0	0	0
1320	chr22:19039941-25597772	SBS100	1	0	1	0	0	0	0	0	0	0
1321	chr22:19039941-25597772	SBS3	1	0	19	0	0	0	0	0	0	0
1322	chr22:25599735-25612955	SBS3	4	0	1	0	0	0	0	0	0	0
1323	chr22:25612956-26356000	SBS3	2	0	2	0	0	0	0	0	0	0
1324	chr22:26356001-26680000	SBS3	2	0	2	0	0	0	0	0	0	0
1325	chr22:26680001-27844000	SBS100	2	0	1	0	0	0	0	0	0	0
1326	chr22:26680001-27844000	SBS3	2	0	6	1	0	0	0	0	0	0
1327	chr22:27941001-28737000	SBS3	2	0	6	0	0	0	0	0	0	0
1328	chr22:28826501-30488378	SBS1	2	0	1	0	0	0	0	0	0	0
1329	chr22:28826501-30488378	SBS3	2	0	3	1	0	0	0	0	0	0
1330	chr22:30488379-40021225	SBS1	1	0	1	0	0	0	0	0	0	0
1331	chr22:30488379-40021225	SBS100	1	0	1	0	0	0	0	0	0	0
1332	chr22:30488379-40021225	SBS3	1	0	32	0	0	0	0	0	0	0
1333	chr22:40041179-42773967	SBS1	1	0	3	0	0	0	0	0	0	0
1334	chr22:40041179-42773967	SBS3	1	0	6	0	0	0	0	0	0	0
1335	chr22:43020001-46013000	SBS1	1	0	2	0	0	0	0	0	0	0
1336	chr22:43020001-46013000	SBS3	1	0	8	0	0	0	0	0	0	0
1337	chr22:46089501-47154500	SBS1	1	0	1	0	0	0	0	0	0	0
1338	chr22:46089501-47154500	SBS100	1	0	1	0	0	0	0	0	0	0
1339	chr22:46089501-47154500	SBS3	1	0	10	0	0	0	0	0	0	0
1340	chr22:47154501-49752000	SBS1	1	0	1	0	0	0	0	0	0	0
1341	chr22:47154501-49752000	SBS100	1	0	1	0	0	0	0	0	0	0
1342	chr22:47154501-49752000	SBS3	1	0	5	0	0	0	0	0	0	0
1343	chr22:50512642-50818468	SBS3	1	0	1	0	0	0	0	0	0	0
1344	chr2:1-2711401	SBS1	2	1	0	1	0	0	0	0	0	0
1345	chr2:1-2711401	SBS3	2	1	14	1	0	0	0	0	0	0
1346	chr2:101649539-111522367	SBS1	1	0	1	0	0	0	0	0	0	0
1347	chr2:101649539-111522367	SBS100	1	0	2	0	0	0	0	0	0	0
1348	chr2:101649539-111522367	SBS3	1	0	21	0	0	0	0	0	0	0
1349	chr2:10402001-10456000	SBS1	1	1	1	0	0	0	0	0	0	0
1350	chr2:10456001-10561000	SBS3	2	1	1	2	0	0	0	0	0	0
1351	chr2:10818001-11112000	SBS3	2	1	1	1	0	0	0	0	0	0
1352	chr2:111522368-112502737	SBS1	2	0	1	0	0	0	0	0	0	0
1353	chr2:111522368-112502737	SBS3	2	0	2	0	0	0	0	0	0	0
1354	chr2:11240315-11480000	SBS3	1	1	3	0	0	0	0	0	0	0
1355	chr2:112925793-113133000	SBS3	2	0	1	0	0	0	0	0	0	0
1356	chr2:113133001-113313111	SBS3	2	0	2	0	0	0	0	0	0	0
1357	chr2:113313112-115578184	SBS3	1	0	5	0	0	0	0	0	0	0
1358	chr2:11480001-11687000	SBS3	2	1	1	0	0	0	0	0	0	0
1359	chr2:115578218-117802000	SBS1	1	0	1	0	0	0	0	0	0	0
1360	chr2:115578218-117802000	SBS100	1	0	1	0	0	0	0	0	0	0
1361	chr2:115578218-117802000	SBS3	1	0	14	0	0	0	0	0	0	0
1362	chr2:11758001-14422233	SBS3	2	1	13	7	0	0	0	0	0	0
1363	chr2:117802001-118799000	SBS3	1	0	1	0	0	0	0	0	0	0
1364	chr2:118869001-128572000	SBS100	1	0	2	0	0	0	0	0	0	0
1365	chr2:118869001-128572000	SBS3	1	0	22	0	0	0	0	0	0	0
1366	chr2:128572001-130322000	SBS3	1	0	2	0	0	0	0	0	0	0
1367	chr2:131069325-131696308	SBS3	2	0	2	0	0	0	0	0	0	0
1368	chr2:131696309-136387000	SBS1	1	0	4	0	0	0	0	0	0	0
1369	chr2:131696309-136387000	SBS100	1	0	2	0	0	0	0	0	0	0
1370	chr2:131696309-136387000	SBS3	1	0	31	0	0	0	0	0	0	0
1371	chr2:136387001-137467416	SBS3	1	0	5	0	0	0	0	0	0	0
1372	chr2:137987001-146994021	SBS100	1	0	1	0	0	0	0	0	0	0
1373	chr2:137987001-146994021	SBS3	1	0	23	0	0	0	0	0	0	0
1374	chr2:14437396-15139000	SBS3	2	1	2	4	0	0	0	0	0	0
1375	chr2:146994070-156953718	SBS1	1	0	2	0	0	0	0	0	0	0
1376	chr2:146994070-156953718	SBS3	1	0	29	0	0	0	0	0	0	0
1377	chr2:15139001-15644000	SBS3	2	1	1	1	0	0	0	0	0	0
1378	chr2:15644001-16607000	SBS3	2	1	5	2	0	0	0	0	0	0
1379	chr2:156953772-159795890	SBS1	1	0	1	0	0	0	0	0	0	0
1380	chr2:156953772-159795890	SBS100	1	0	1	0	0	0	0	0	0	0
1381	chr2:156953772-159795890	SBS3	1	0	5	0	0	0	0	0	0	0
1382	chr2:160500001-161061000	SBS100	1	1	1	0	0	0	0	0	0	0
1383	chr2:160500001-161061000	SBS3	1	1	6	0	0	0	0	0	0	0
1384	chr2:161177001-164479000	SBS3	1	1	9	0	0	0	0	0	0	0
1385	chr2:164625001-164971337	SBS3	1	1	3	0	0	0	0	0	0	0
1386	chr2:164971375-169567495	SBS100	1	1	1	0	0	0	0	0	0	0
1387	chr2:164971375-169567495	SBS3	1	1	12	0	0	0	0	0	0	0
1388	chr2:16676001-18212026	SBS3	2	1	12	1	0	0	0	0	0	0
1389	chr2:170077001-170924000	SBS3	1	1	6	0	0	0	0	0	0	0
1390	chr2:170924001-171817294	SBS3	1	1	2	0	0	0	0	0	0	0
1391	chr2:171835358-172224000	SBS3	1	1	1	0	0	0	0	0	0	0
1392	chr2:172224001-172486000	SBS3	1	0	3	0	0	0	0	0	0	0
1393	chr2:172486001-172703325	SBS3	1	1	2	0	0	0	0	0	0	0
1394	chr2:173228397-175220000	SBS1	1	1	1	0	0	0	0	0	0	0
1395	chr2:173228397-175220000	SBS3	1	1	9	0	0	0	0	0	0	0
1396	chr2:175220001-177137000	SBS100	1	1	1	0	0	0	0	0	0	0
1397	chr2:175220001-177137000	SBS3	1	1	5	0	0	0	0	0	0	0
1398	chr2:177279001-177638000	SBS3	1	1	2	0	0	0	0	0	0	0
1399	chr2:177638001-178395000	SBS3	1	1	1	0	0	0	0	0	0	0
1400	chr2:178507001-179049935	SBS1	1	1	1	0	0	0	0	0	0	0
1401	chr2:178507001-179049935	SBS3	1	1	2	0	0	0	0	0	0	0
1402	chr2:179049972-179214000	SBS1	1	1	1	0	0	0	0	0	0	0
1403	chr2:179214001-179275000	SBS100	1	0	1	0	0	0	0	0	0	0
1404	chr2:179275001-181768000	SBS3	1	1	11	0	0	0	0	0	0	0
1405	chr2:181768001-181955000	SBS3	1	0	2	0	0	0	0	0	0	0
1406	chr2:181955001-186561622	SBS1	1	1	2	0	0	0	0	0	0	0
1407	chr2:181955001-186561622	SBS3	1	1	21	0	0	0	0	0	0	0
1408	chr2:18212027-18688972	SBS3	4	1	1	1	1	0	0	0	0	0
1409	chr2:186561623-186736305	SBS100	2	1	1	0	0	0	0	0	0	0
1410	chr2:186736306-189885500	SBS100	1	1	1	0	0	0	0	0	0	0
1411	chr2:186736306-189885500	SBS3	1	1	21	0	0	0	0	0	0	0
1412	chr2:18688973-18981274	SBS3	2	1	2	0	0	0	0	0	0	0
1413	chr2:190066001-190401000	SBS100	1	1	1	0	0	0	0	0	0	0
1414	chr2:190066001-190401000	SBS3	1	1	2	0	0	0	0	0	0	0
1415	chr2:191437896-193594520	SBS100	1	1	1	0	0	0	0	0	0	0
1416	chr2:191437896-193594520	SBS3	1	1	13	0	0	0	0	0	0	0
1417	chr2:19144001-19898000	SBS1	2	1	1	0	0	0	0	0	0	0
1418	chr2:19144001-19898000	SBS3	2	1	1	1	0	0	0	0	0	0
1419	chr2:193665858-197482000	SBS1	1	1	4	0	0	0	0	0	0	0
1420	chr2:193665858-197482000	SBS100	1	1	3	0	0	0	0	0	0	0
1421	chr2:193665858-197482000	SBS3	1	1	15	0	0	0	0	0	0	0
1422	chr2:197518001-197799000	SBS3	1	1	1	0	0	0	0	0	0	0
1423	chr2:197799001-198007000	SBS100	1	1	1	0	0	0	0	0	0	0
1424	chr2:198007001-199909000	SBS3	1	1	10	0	0	0	0	0	0	0
1425	chr2:199909001-201966000	SBS3	1	1	10	0	0	0	0	0	0	0
1426	chr2:202046001-203109325	SBS3	1	1	5	0	0	0	0	0	0	0
1427	chr2:203863956-206167000	SBS1	1	1	1	0	0	0	0	0	0	0
1428	chr2:203863956-206167000	SBS3	1	1	10	0	0	0	0	0	0	0
1429	chr2:20469001-20828000	SBS100	2	1	1	0	0	0	0	0	0	0
1430	chr2:20469001-20828000	SBS3	2	1	1	2	0	0	0	0	0	0
1431	chr2:206167001-206691000	SBS3	1	1	2	0	0	0	0	0	0	0
1432	chr2:206691001-208501000	SBS1	1	1	1	0	0	0	0	0	0	0
1433	chr2:206691001-208501000	SBS3	1	1	5	0	0	0	0	0	0	0
1434	chr2:20828001-23723000	SBS100	2	1	1	0	0	0	0	0	0	0
1435	chr2:20828001-23723000	SBS3	2	1	17	4	0	0	0	0	0	0
1436	chr2:208501001-209061125	SBS3	1	1	5	0	0	0	0	0	0	0
1437	chr2:209069978-209329000	SBS3	1	1	3	0	0	0	0	0	0	0
1438	chr2:209329001-210114352	SBS3	1	1	1	0	0	0	0	0	0	0
1439	chr2:210114391-212460884	SBS100	1	1	1	0	0	0	0	0	0	0
1440	chr2:210114391-212460884	SBS3	1	1	7	0	0	0	0	0	0	0
1441	chr2:212460933-219459000	SBS100	1	1	5	0	0	0	0	0	0	0
1442	chr2:212460933-219459000	SBS3	1	1	20	0	0	0	0	0	0	0
1443	chr2:219459001-219942000	SBS100	2	1	1	0	0	0	0	0	0	0
1444	chr2:219459001-219942000	SBS3	2	1	1	0	0	0	0	0	0	0
1445	chr2:219995789-224393708	SBS1	1	0	1	0	0	0	0	0	0	0
1446	chr2:219995789-224393708	SBS3	1	0	11	0	0	0	0	0	0	0
1447	chr2:224393774-242193529	SBS1	1	0	3	0	0	0	0	0	0	0
1448	chr2:224393774-242193529	SBS100	1	0	1	0	0	0	0	0	0	0
1449	chr2:224393774-242193529	SBS3	1	0	46	0	0	0	0	0	0	0
1450	chr2:23998001-25477000	SBS1	1	1	1	0	0	0	0	0	0	0
1451	chr2:23998001-25477000	SBS3	1	1	3	0	0	0	0	0	0	0
1452	chr2:25520222-26403000	SBS1	2	1	1	0	0	0	0	0	0	0
1453	chr2:25520222-26403000	SBS3	2	1	5	0	0	0	0	0	0	0
1454	chr2:26678830-26743000	SBS3	1	1	1	0	0	0	0	0	0	0
1455	chr2:26795001-26963038	SBS3	1	1	2	0	0	0	0	0	0	0
1456	chr2:26972340-28007919	SBS100	1	1	1	0	0	0	0	0	0	0
1457	chr2:26972340-28007919	SBS3	1	1	1	0	0	0	0	0	0	0
1458	chr2:28018736-28562000	SBS3	1	1	1	0	0	0	0	0	0	0
1459	chr2:28562001-28822000	SBS100	1	1	1	0	0	0	0	0	0	0
1460	chr2:28562001-28822000	SBS3	1	1	1	0	0	0	0	0	0	0
1461	chr2:28822001-28884345	SBS3	1	1	1	0	0	0	0	0	0	0
1462	chr2:28964001-30084000	SBS3	1	1	7	0	0	0	0	0	0	0
1463	chr2:30084001-31375000	SBS3	1	1	6	0	0	0	0	0	0	0
1464	chr2:31437501-31845949	SBS3	1	1	2	0	0	0	0	0	0	0
1465	chr2:3182001-3510000	SBS1	2	1	1	0	0	0	0	0	0	0
1466	chr2:3182001-3510000	SBS3	2	1	3	0	0	0	0	0	0	0
1467	chr2:31864511-32932694	SBS100	1	1	1	0	0	0	0	0	0	0
1468	chr2:31864511-32932694	SBS3	1	1	4	0	0	0	0	0	0	0
1469	chr2:32957156-37644000	SBS1	1	1	2	0	0	0	0	0	0	0
1470	chr2:32957156-37644000	SBS100	1	1	1	0	0	0	0	0	0	0
1471	chr2:32957156-37644000	SBS3	1	1	23	0	0	0	0	0	0	0
1472	chr2:3510001-3585000	SBS3	1	1	2	0	0	0	0	0	0	0
1473	chr2:3585001-4090000	SBS3	2	1	1	1	0	0	0	0	0	0
1474	chr2:37690001-37900000	SBS3	1	1	1	0	0	0	0	0	0	0
1475	chr2:37900001-38289000	SBS1	1	1	1	0	0	0	0	0	0	0
1476	chr2:37900001-38289000	SBS3	1	1	3	0	0	0	0	0	0	0
1477	chr2:38289001-39789000	SBS3	1	1	5	0	0	0	0	0	0	0
1478	chr2:39789001-40255029	SBS3	1	1	2	0	0	0	0	0	0	0
1479	chr2:40264135-42091000	SBS3	1	1	12	0	0	0	0	0	0	0
1480	chr2:4090001-6164000	SBS3	2	1	5	5	0	0	0	0	0	0
1481	chr2:42370001-42487000	SBS3	1	1	1	0	0	0	0	0	0	0
1482	chr2:42487001-45095000	SBS3	1	1	13	0	0	0	0	0	0	0
1483	chr2:45095001-45560000	SBS1	1	1	1	0	0	0	0	0	0	0
1484	chr2:45095001-45560000	SBS3	1	1	1	0	0	0	0	0	0	0
1485	chr2:46141020-47525000	SBS3	1	0	5	0	0	0	0	0	0	0
1486	chr2:47912001-50115000	SBS3	2	0	7	2	0	0	0	0	0	0
1487	chr2:50146001-50462887	SBS3	2	0	4	0	0	0	0	0	0	0
1488	chr2:50462888-50958305	SBS3	2	1	2	0	0	0	0	0	0	0
1489	chr2:50958306-51904534	SBS1	2	1	1	0	0	0	0	0	0	0
1490	chr2:50958306-51904534	SBS3	2	1	5	3	0	0	0	0	0	0
1491	chr2:51904535-53737000	SBS3	2	1	13	3	0	0	0	0	0	0
1492	chr2:53737001-54118000	SBS100	1	1	1	0	0	0	0	0	0	0
1493	chr2:54118001-54549000	SBS3	2	1	1	1	0	0	0	0	0	0
1494	chr2:54549001-54601000	SBS3	1	0	1	0	0	0	0	0	0	0
1495	chr2:54601001-54727000	SBS3	2	1	1	0	0	0	0	0	0	0
1496	chr2:54727001-54934000	SBS3	2	1	1	0	0	0	0	0	0	0
1497	chr2:55053001-58038000	SBS3	2	1	19	7	0	0	0	0	0	0
1498	chr2:58056001-58229000	SBS3	1	1	1	0	0	0	0	0	0	0
1499	chr2:58243001-60080856	SBS3	2	1	6	2	0	0	0	0	0	0
1500	chr2:60080857-63387823	SBS1	2	1	1	0	0	0	0	0	0	0
1501	chr2:60080857-63387823	SBS100	2	1	1	0	0	0	0	0	0	0
1502	chr2:60080857-63387823	SBS3	2	1	25	3	0	0	0	0	0	0
1503	chr2:6206001-8811300	SBS100	2	1	0	1	0	0	0	0	0	0
1504	chr2:6206001-8811300	SBS3	2	1	14	2	0	0	0	0	0	0
1505	chr2:63391841-63797000	SBS3	2	1	3	0	0	0	0	0	0	0
1506	chr2:63797001-63893000	SBS3	2	1	1	0	0	0	0	0	0	0
1507	chr2:63893001-65134000	SBS1	2	1	1	0	0	0	0	0	0	0
1508	chr2:63893001-65134000	SBS100	2	1	1	0	0	0	0	0	0	0
1509	chr2:63893001-65134000	SBS3	2	1	2	0	0	0	0	0	0	0
1510	chr2:65134001-65245000	SBS3	3	2	1	0	0	1	0	0	0	0
1511	chr2:65245001-65440000	SBS3	2	1	1	0	0	0	0	0	0	0
1512	chr2:65440001-65637000	SBS100	3	1	1	0	0	0	0	0	0	0
1513	chr2:65637001-67555694	SBS1	3	0	1	1	0	0	0	0	0	0
1514	chr2:65637001-67555694	SBS100	3	0	1	0	0	0	0	0	0	0
1515	chr2:65637001-67555694	SBS3	3	0	7	2	0	0	0	0	0	0
1516	chr2:67558671-68155000	SBS100	3	0	0	1	0	0	0	0	0	0
1517	chr2:67558671-68155000	SBS3	3	0	6	0	0	0	0	0	0	0
1518	chr2:68296001-69008000	SBS3	3	0	2	1	0	0	0	0	0	0
1519	chr2:69008001-69733000	SBS1	2	0	1	0	0	0	0	0	0	0
1520	chr2:69008001-69733000	SBS100	2	0	0	1	0	0	0	0	0	0
1521	chr2:69008001-69733000	SBS3	2	0	2	0	0	0	0	0	0	0
1522	chr2:69733001-69772000	SBS3	2	0	1	0	0	0	0	0	0	0
1523	chr2:70069001-70146000	SBS3	2	0	1	0	0	0	0	0	0	0
1524	chr2:70189001-70305000	SBS3	2	0	0	2	0	0	0	0	0	0
1525	chr2:70305001-70742237	SBS1	3	0	0	1	0	0	0	0	0	0
1526	chr2:70305001-70742237	SBS3	3	0	1	0	0	0	0	0	0	0
1527	chr2:70746645-70975000	SBS3	3	0	1	0	0	0	0	0	0	0
1528	chr2:70975001-71154000	SBS3	2	0	2	0	0	0	0	0	0	0
1529	chr2:71471001-72090696	SBS3	3	0	1	0	0	0	0	0	0	0
1530	chr2:72092273-74791847	SBS1	2	0	2	0	0	0	0	0	0	0
1531	chr2:72092273-74791847	SBS3	2	0	16	0	0	0	0	0	0	0
1532	chr2:74810719-75623966	SBS1	3	0	2	0	0	0	0	0	0	0
1533	chr2:74810719-75623966	SBS3	3	0	7	0	0	0	0	0	0	0
1534	chr2:75720001-80461036	SBS1	3	0	2	1	0	0	0	0	0	0
1535	chr2:75720001-80461036	SBS3	3	0	29	4	0	4	0	0	0	0
1536	chr2:80463779-80487576	SBS3	3	0	0	1	0	0	0	0	0	0
1537	chr2:80487577-84423000	SBS1	3	0	0	1	0	0	0	0	0	0
1538	chr2:80487577-84423000	SBS100	3	0	1	0	0	0	0	0	0	0
1539	chr2:80487577-84423000	SBS3	3	0	18	2	0	1	0	0	0	0
1540	chr2:84423001-84498000	SBS3	2	0	2	0	0	0	0	0	0	0
1541	chr2:84498001-84878000	SBS3	3	0	4	0	0	0	0	0	0	0
1542	chr2:84878001-85818186	SBS3	2	0	3	0	0	0	0	0	0	0
1543	chr2:85818187-86245050	SBS3	1	0	1	0	0	0	0	0	0	0
1544	chr2:86245051-88104000	SBS1	1	1	1	0	0	0	0	0	0	0
1545	chr2:86245051-88104000	SBS3	1	1	2	0	0	0	0	0	0	0
1546	chr2:8811301-8842316	SBS3	2	1	2	0	0	0	0	0	0	0
1547	chr2:8842317-9138000	SBS3	2	1	1	0	0	0	0	0	0	0
1548	chr2:88547001-88843000	SBS100	1	1	1	0	0	0	0	0	0	0
1549	chr2:88547001-88843000	SBS3	1	1	2	0	0	0	0	0	0	0
1550	chr2:88843001-93139350	SBS1	1	1	1	0	0	0	0	0	0	0
1551	chr2:88843001-93139350	SBS3	1	1	13	0	0	0	0	0	0	0
1552	chr2:9138001-9797000	SBS3	1	1	2	0	0	0	0	0	0	0
1553	chr2:93139351-95061000	SBS1	1	1	1	0	0	0	0	0	0	0
1554	chr2:93139351-95061000	SBS3	1	1	7	0	0	0	0	0	0	0
1555	chr2:95061001-98014000	SBS1	1	1	2	0	0	0	0	0	0	0
1556	chr2:95061001-98014000	SBS3	1	1	13	0	0	0	0	0	0	0
1557	chr2:9797001-9993000	SBS1	1	1	1	0	0	0	0	0	0	0
1558	chr2:9797001-9993000	SBS100	1	1	1	0	0	0	0	0	0	0
1559	chr2:9797001-9993000	SBS3	1	1	1	0	0	0	0	0	0	0
1560	chr2:98014001-98410000	SBS3	1	1	3	0	0	0	0	0	0	0
1561	chr2:98484254-101613121	SBS3	1	0	12	0	0	0	0	0	0	0
1562	chr2:9993001-10402000	SBS3	2	1	2	0	0	0	0	0	0	0
1563	chr3:100103289-100253000	SBS3	3	1	3	1	0	0	0	0	0	0
1564	chr3:100618558-105681000	SBS100	1	1	1	0	0	0	0	0	0	0
1565	chr3:100618558-105681000	SBS3	1	1	16	0	0	0	0	0	0	0
1566	chr3:10325001-10667211	SBS3	3	1	0	1	0	1	0	0	0	0
1567	chr3:105681001-105990000	SBS3	1	1	2	0	0	0	0	0	0	0
1568	chr3:105990001-112840736	SBS1	1	1	5	0	0	0	0	0	0	0
1569	chr3:105990001-112840736	SBS100	1	1	4	0	0	0	0	0	0	0
1570	chr3:105990001-112840736	SBS3	1	1	38	0	0	0	0	0	0	0
1571	chr3:10667249-11135000	SBS100	2	1	1	0	0	0	0	0	0	0
1572	chr3:10667249-11135000	SBS3	2	1	1	2	0	0	0	0	0	0
1573	chr3:11135001-11581000	SBS3	2	1	3	0	0	0	0	0	0	0
1574	chr3:112840782-112978000	SBS3	1	1	1	0	0	0	0	0	0	0
1575	chr3:113019001-113130000	SBS100	2	1	1	0	0	0	0	0	0	0
1576	chr3:113294001-113602000	SBS100	2	1	1	0	0	0	0	0	0	0
1577	chr3:113294001-113602000	SBS3	2	1	5	1	0	0	0	0	0	0
1578	chr3:113602001-114361000	SBS3	1	1	3	0	0	0	0	0	0	0
1579	chr3:115103001-115841000	SBS3	1	1	3	0	0	0	0	0	0	0
1580	chr3:115841001-117505550	SBS1	1	1	1	0	0	0	0	0	0	0
1581	chr3:115841001-117505550	SBS3	1	1	8	0	0	0	0	0	0	0
1582	chr3:117505551-117509697	SBS1	2	1	1	0	0	0	0	0	0	0
1583	chr3:117509698-119221000	SBS1	1	1	1	0	0	0	0	0	0	0
1584	chr3:117509698-119221000	SBS3	1	1	13	0	0	0	0	0	0	0
1585	chr3:11855001-12066284	SBS3	2	1	1	0	0	0	0	0	0	0
1586	chr3:119292001-119326000	SBS3	1	0	1	0	0	0	0	0	0	0
1587	chr3:119326001-119621038	SBS3	1	1	1	0	0	0	0	0	0	0
1588	chr3:119830001-120146000	SBS3	1	1	1	0	0	0	0	0	0	0
1589	chr3:120182001-123935000	SBS100	1	1	2	0	0	0	0	0	0	0
1590	chr3:120182001-123935000	SBS3	1	1	15	0	0	0	0	0	0	0
1591	chr3:12066285-12072319	SBS3	5	1	1	0	0	0	0	0	0	0
1592	chr3:12072320-12294136	SBS1	2	1	1	0	0	0	0	0	0	0
1593	chr3:12072320-12294136	SBS3	2	1	2	1	0	0	0	0	0	0
1594	chr3:12294137-12474000	SBS100	4	1	0	0	0	1	0	0	0	0
1595	chr3:123981501-127031628	SBS1	1	1	1	0	0	0	0	0	0	0
1596	chr3:123981501-127031628	SBS3	1	1	12	0	0	0	0	0	0	0
1597	chr3:12474001-12666000	SBS3	3	1	0	2	0	0	0	0	0	0
1598	chr3:12666001-13024000	SBS3	4	1	1	0	0	0	0	0	0	0
1599	chr3:127038194-127364291	SBS3	1	1	1	0	0	0	0	0	0	0
1600	chr3:127369133-127583000	SBS3	1	1	3	0	0	0	0	0	0	0
1601	chr3:127583001-128210077	SBS3	1	1	4	0	0	0	0	0	0	0
1602	chr3:128385001-128604000	SBS1	1	1	1	0	0	0	0	0	0	0
1603	chr3:128604001-128803542	SBS3	1	1	1	0	0	0	0	0	0	0
1604	chr3:128814680-129648000	SBS1	1	1	2	0	0	0	0	0	0	0
1605	chr3:128814680-129648000	SBS3	1	1	3	0	0	0	0	0	0	0
1606	chr3:129648001-129901000	SBS3	1	1	1	0	0	0	0	0	0	0
1607	chr3:129901001-130658000	SBS3	1	1	5	0	0	0	0	0	0	0
1608	chr3:13024001-13364971	SBS3	5	1	5	0	0	1	0	0	0	0
1609	chr3:131040001-132415000	SBS1	1	1	1	0	0	0	0	0	0	0
1610	chr3:131040001-132415000	SBS3	1	1	8	0	0	0	0	0	0	0
1611	chr3:132469001-132652000	SBS3	1	1	1	0	0	0	0	0	0	0
1612	chr3:132652001-132734000	SBS3	1	1	1	0	0	0	0	0	0	0
1613	chr3:133136598-133452014	SBS3	2	1	1	0	0	0	0	0	0	0
1614	chr3:13364972-13606000	SBS1	2	1	1	0	0	0	0	0	0	0
1615	chr3:13364972-13606000	SBS3	2	1	0	1	0	0	0	0	0	0
1616	chr3:133664001-134176000	SBS100	2	1	1	0	0	0	0	0	0	0
1617	chr3:133664001-134176000	SBS3	2	1	2	0	0	0	0	0	0	0
1618	chr3:134176001-134474000	SBS3	1	1	1	0	0	0	0	0	0	0
1619	chr3:134490001-135892000	SBS3	2	1	3	3	0	0	0	0	0	0
1620	chr3:135892001-137035000	SBS100	1	1	1	0	0	0	0	0	0	0
1621	chr3:135892001-137035000	SBS3	1	1	5	0	0	0	0	0	0	0
1622	chr3:137035001-138112000	SBS3	2	1	7	2	0	0	0	0	0	0
1623	chr3:138112001-138952000	SBS3	1	1	2	0	0	0	0	0	0	0
1624	chr3:138952001-139341000	SBS3	2	1	2	0	0	0	0	0	0	0
1625	chr3:139341001-139603000	SBS3	1	1	5	0	0	0	0	0	0	0
1626	chr3:139603001-140938000	SBS100	2	1	1	1	0	0	0	0	0	0
1627	chr3:139603001-140938000	SBS3	2	1	7	1	0	0	0	0	0	0
1628	chr3:140975001-141358000	SBS3	2	1	2	1	0	0	0	0	0	0
1629	chr3:14104001-14920000	SBS3	2	1	3	1	0	0	0	0	0	0
1630	chr3:141593001-145301179	SBS1	1	1	1	0	0	0	0	0	0	0
1631	chr3:141593001-145301179	SBS100	1	1	1	0	0	0	0	0	0	0
1632	chr3:141593001-145301179	SBS3	1	1	23	0	0	0	0	0	0	0
1633	chr3:145303639-146501000	SBS3	2	1	4	2	0	0	0	0	0	0
1634	chr3:146667001-148691382	SBS1	2	1	1	0	0	0	0	0	0	0
1635	chr3:146667001-148691382	SBS3	2	1	10	2	0	0	0	0	0	0
1636	chr3:148691383-148941000	SBS3	2	2	3	2	0	0	0	0	0	0
1637	chr3:148941001-149366000	SBS3	2	1	1	0	0	0	0	0	0	0
1638	chr3:14920001-15794000	SBS1	2	1	1	0	0	0	0	0	0	0
1639	chr3:14920001-15794000	SBS3	2	1	2	1	0	0	0	0	0	0
1640	chr3:149399001-149516183	SBS3	1	1	1	0	0	0	0	0	0	0
1641	chr3:149623852-150632000	SBS3	2	1	3	0	0	0	0	0	0	0
1642	chr3:150632001-152198000	SBS100	2	2	1	0	0	0	0	0	0	0
1643	chr3:150632001-152198000	SBS3	2	2	1	3	0	0	0	0	0	0
1644	chr3:152479001-152577014	SBS3	2	1	2	0	0	0	0	0	0	0
1645	chr3:152577062-153995000	SBS3	2	2	4	3	0	0	0	0	0	0
1646	chr3:153995001-154337000	SBS3	2	1	2	1	0	0	0	0	0	0
1647	chr3:154337001-155700000	SBS1	2	2	1	0	0	0	0	0	0	0
1648	chr3:154337001-155700000	SBS3	2	2	6	2	0	0	0	0	0	0
1649	chr3:155806687-155998974	SBS3	2	2	0	1	0	0	0	0	0	0
1650	chr3:155998975-156441000	SBS1	2	2	1	1	0	0	0	0	0	0
1651	chr3:155998975-156441000	SBS3	2	2	1	3	0	0	0	0	0	0
1652	chr3:156441001-157079000	SBS1	2	1	1	0	0	0	0	0	0	0
1653	chr3:156441001-157079000	SBS3	2	1	3	0	0	0	0	0	0	0
1654	chr3:157079001-157179000	SBS3	1	1	1	0	0	0	0	0	0	0
1655	chr3:157179001-157888063	SBS100	2	1	1	0	0	0	0	0	0	0
1656	chr3:157179001-157888063	SBS3	2	1	1	1	0	0	0	0	0	0
1657	chr3:157888064-158632000	SBS3	2	1	1	2	0	0	0	0	0	0
1658	chr3:15824001-17022406	SBS1	2	1	1	0	0	0	0	0	0	0
1659	chr3:15824001-17022406	SBS3	2	1	10	6	0	0	0	0	0	0
1660	chr3:158632001-158813000	SBS3	2	1	2	0	0	0	0	0	0	0
1661	chr3:158813001-160375000	SBS100	2	1	1	0	0	0	0	0	0	0
1662	chr3:158813001-160375000	SBS3	2	1	6	4	0	0	0	0	0	0
1663	chr3:160451001-161427000	SBS3	2	1	5	2	0	0	0	0	0	0
1664	chr3:161427001-162226395	SBS100	2	2	1	0	0	0	0	0	0	0
1665	chr3:161427001-162226395	SBS3	2	2	1	1	0	0	0	0	0	0
1666	chr3:162226436-163148609	SBS1	2	2	0	1	0	0	0	0	0	0
1667	chr3:162226436-163148609	SBS3	2	2	3	4	0	0	0	0	0	0
1668	chr3:163148664-163850965	SBS100	2	2	1	0	0	0	0	0	0	0
1669	chr3:163148664-163850965	SBS3	2	2	4	2	0	0	0	0	0	0
1670	chr3:163851024-167162907	SBS1	2	2	1	2	0	0	0	0	0	0
1671	chr3:163851024-167162907	SBS3	2	2	12	12	0	0	0	0	0	0
1672	chr3:167162942-169762000	SBS3	2	2	4	9	0	0	0	0	0	0
1673	chr3:169820001-171769000	SBS3	2	2	6	8	0	0	0	0	0	0
1674	chr3:17022407-18328000	SBS3	2	0	2	1	0	0	0	0	0	0
1675	chr3:172177001-172406619	SBS3	2	1	1	0	0	0	0	0	0	0
1676	chr3:172472760-172698693	SBS3	3	2	2	1	0	0	0	0	0	0
1677	chr3:172823001-174109008	SBS3	3	2	4	1	0	1	0	0	0	0
1678	chr3:174109045-175141934	SBS3	2	2	4	3	0	0	0	0	0	0
1679	chr3:175405001-176903000	SBS3	3	2	7	0	0	2	0	0	0	0
1680	chr3:177363001-179143000	SBS1	3	2	0	0	0	1	0	0	0	0
1681	chr3:177363001-179143000	SBS100	3	2	1	0	0	0	0	0	0	0
1682	chr3:177363001-179143000	SBS3	3	2	6	3	0	1	0	0	0	0
1683	chr3:179143001-179681000	SBS3	2	2	1	0	0	0	0	0	0	0
1684	chr3:179681001-180050471	SBS3	3	2	2	3	0	0	0	0	0	0
1685	chr3:180050472-180067345	SBS3	5	3	1	0	0	0	0	0	0	0
1686	chr3:180067346-180173800	SBS3	3	2	1	1	0	0	0	0	0	0
1687	chr3:180173801-180601090	SBS3	2	1	3	0	0	0	0	0	0	0
1688	chr3:180601091-180850352	SBS3	3	2	0	1	0	0	0	0	0	0
1689	chr3:180853979-180908000	SBS3	3	2	1	0	0	0	0	0	0	0
1690	chr3:180993001-181687000	SBS3	3	2	4	1	0	1	0	0	0	0
1691	chr3:181687001-183252000	SBS100	3	2	1	1	0	0	0	0	0	0
1692	chr3:181687001-183252000	SBS3	3	2	9	6	0	2	0	0	0	0
1693	chr3:183300001-183634000	SBS3	3	2	2	0	0	0	0	0	0	0
1694	chr3:183638001-183900000	SBS1	2	2	1	0	0	0	0	0	0	0
1695	chr3:183638001-183900000	SBS3	2	2	2	1	0	0	0	0	0	0
1696	chr3:183900001-184540000	SBS3	3	2	5	0	0	0	0	0	0	0
1697	chr3:18448001-20023000	SBS1	2	0	1	0	0	0	0	0	0	0
1698	chr3:18448001-20023000	SBS3	2	0	6	3	0	0	0	0	0	0
1699	chr3:184540001-184607000	SBS100	2	1	0	1	0	0	0	0	0	0
1700	chr3:184729001-185279000	SBS100	3	2	1	0	0	0	0	0	0	0
1701	chr3:184729001-185279000	SBS3	3	2	5	0	0	3	0	0	0	0
1702	chr3:185367001-185910500	SBS3	3	2	1	0	0	2	0	0	0	0
1703	chr3:185910501-185944000	SBS3	2	1	1	0	0	0	0	0	0	0
1704	chr3:185944001-186227811	SBS3	3	2	2	1	0	0	0	0	0	0
1705	chr3:186228490-186261000	SBS3	2	2	0	1	0	0	0	0	0	0
1706	chr3:186261001-186781000	SBS3	3	2	1	0	0	0	0	0	0	0
1707	chr3:186792001-186974000	SBS3	3	2	0	1	0	0	0	0	0	0
1708	chr3:187005001-187174000	SBS3	3	2	1	0	0	0	0	0	0	0
1709	chr3:187174001-187736000	SBS3	4	2	1	1	0	4	0	0	0	0
1710	chr3:187751001-190222256	SBS100	3	2	2	0	0	0	0	0	0	0
1711	chr3:187751001-190222256	SBS3	3	2	12	4	0	3	0	0	0	0
1712	chr3:190222257-190730696	SBS3	3	3	2	0	0	0	0	0	0	0
1713	chr3:190730697-191446094	SBS3	3	2	0	0	0	5	0	0	0	0
1714	chr3:191446095-191487520	SBS3	4	1	1	0	0	0	0	0	0	0
1715	chr3:191487962-192801000	SBS1	3	1	1	0	0	0	0	0	0	0
1716	chr3:191487962-192801000	SBS100	3	1	1	0	0	0	0	0	0	0
1717	chr3:191487962-192801000	SBS3	3	1	9	0	0	1	0	0	0	0
1718	chr3:192923001-193134369	SBS3	3	1	1	0	0	0	0	0	0	0
1719	chr3:193134647-194324000	SBS3	3	1	1	1	0	0	0	0	0	0
1720	chr3:194324001-194391000	SBS3	4	1	1	0	0	0	0	0	0	0
1721	chr3:194597001-195110345	SBS3	4	1	4	2	0	0	0	0	0	0
1722	chr3:195110346-198295559	SBS1	3	1	2	0	0	0	0	0	0	0
1723	chr3:195110346-198295559	SBS100	3	1	1	0	0	1	0	0	0	0
1724	chr3:195110346-198295559	SBS3	3	1	26	1	0	3	0	0	0	0
1725	chr3:20023001-20194000	SBS3	1	0	1	0	0	0	0	0	0	0
1726	chr3:20194001-23801000	SBS3	2	0	6	4	0	0	0	0	0	0
1727	chr3:24003001-25421000	SBS3	2	0	0	3	0	0	0	0	0	0
1728	chr3:25671001-27288000	SBS3	2	0	6	3	0	0	0	0	0	0
1729	chr3:2688487-2914711	SBS3	2	1	1	0	0	0	0	0	0	0
1730	chr3:27731001-28232000	SBS3	2	0	0	1	0	0	0	0	0	0
1731	chr3:28358322-28369152	SBS3	2	0	3	0	0	0	0	0	0	0
1732	chr3:28369901-30337129	SBS3	2	0	1	4	0	0	0	0	0	0
1733	chr3:2914712-3124000	SBS3	5	1	2	1	0	0	0	0	0	0
1734	chr3:30337165-30512000	SBS3	2	0	1	0	0	0	0	0	0	0
1735	chr3:3181070-3944622	SBS1	2	1	1	0	0	0	0	0	0	0
1736	chr3:3181070-3944622	SBS3	2	1	5	1	0	0	0	0	0	0
1737	chr3:32153730-41196000	SBS1	1	0	3	0	0	0	0	0	0	0
1738	chr3:32153730-41196000	SBS3	1	0	30	0	0	0	0	0	0	0
1739	chr3:3955263-4283000	SBS3	2	1	1	1	0	0	0	0	0	0
1740	chr3:41244001-42687264	SBS3	1	0	2	0	0	0	0	0	0	0
1741	chr3:42687265-42691759	SBS3	3	0	0	1	0	0	0	0	0	0
1742	chr3:42691760-47344684	SBS3	1	0	23	0	0	0	0	0	0	0
1743	chr3:4283001-4951127	SBS3	2	1	3	1	0	0	0	0	0	0
1744	chr3:47344685-47834385	SBS3	2	0	1	0	0	0	0	0	0	0
1745	chr3:47834386-49496723	SBS3	1	0	3	0	0	0	0	0	0	0
1746	chr3:49496724-49510404	SBS3	2	0	1	0	0	0	0	0	0	0
1747	chr3:49510405-60761000	SBS1	1	0	3	0	0	0	0	0	0	0
1748	chr3:49510405-60761000	SBS100	1	0	1	0	0	0	0	0	0	0
1749	chr3:49510405-60761000	SBS3	1	0	35	0	0	0	0	0	0	0
1750	chr3:4953482-5366663	SBS3	2	1	2	1	0	0	0	0	0	0
1751	chr3:5366705-5983623	SBS3	2	1	2	1	0	0	0	0	0	0
1752	chr3:53931-2685541	SBS100	2	1	0	1	0	0	0	0	0	0
1753	chr3:53931-2685541	SBS3	2	1	10	4	0	0	0	0	0	0
1754	chr3:5983677-9346000	SBS1	2	1	1	1	0	0	0	0	0	0
1755	chr3:5983677-9346000	SBS100	2	1	1	0	0	0	0	0	0	0
1756	chr3:5983677-9346000	SBS3	2	1	12	4	0	0	0	0	0	0
1757	chr3:61186001-61795033	SBS3	1	0	4	0	0	0	0	0	0	0
1758	chr3:61796653-66439000	SBS1	1	0	1	0	0	0	0	0	0	0
1759	chr3:61796653-66439000	SBS3	1	0	14	0	0	0	0	0	0	0
1760	chr3:66503001-70743603	SBS1	1	0	1	0	0	0	0	0	0	0
1761	chr3:66503001-70743603	SBS3	1	0	17	0	0	0	0	0	0	0
1762	chr3:70743604-70973836	SBS3	2	0	1	0	0	0	0	0	0	0
1763	chr3:70973837-80381935	SBS1	1	0	2	0	0	0	0	0	0	0
1764	chr3:70973837-80381935	SBS3	1	0	34	0	0	0	0	0	0	0
1765	chr3:80382205-83806746	SBS1	1	0	1	0	0	0	0	0	0	0
1766	chr3:80382205-83806746	SBS3	1	0	7	0	0	0	0	0	0	0
1767	chr3:83808137-85549803	SBS3	1	0	4	0	0	0	0	0	0	0
1768	chr3:85578001-87949000	SBS1	1	1	3	0	0	0	0	0	0	0
1769	chr3:85578001-87949000	SBS3	1	1	14	0	0	0	0	0	0	0
1770	chr3:88392223-89894521	SBS3	1	0	1	0	0	0	0	0	0	0
1771	chr3:89894522-90191353	SBS3	1	1	1	0	0	0	0	0	0	0
1772	chr3:90191450-92214015	SBS1	2	1	1	0	0	0	0	0	0	0
1773	chr3:90191450-92214015	SBS100	2	1	2	0	0	0	0	0	0	0
1774	chr3:90191450-92214015	SBS3	2	1	71	0	0	0	0	0	0	0
1775	chr3:92214016-94163000	SBS3	1	1	3	0	0	0	0	0	0	0
1776	chr3:9346001-9476000	SBS3	1	1	1	0	0	0	0	0	0	0
1777	chr3:94163001-96462679	SBS3	1	1	13	0	0	0	0	0	0	0
1778	chr3:9476001-9725000	SBS3	2	1	0	3	0	0	0	0	0	0
1779	chr3:96528276-97760000	SBS1	1	1	1	0	0	0	0	0	0	0
1780	chr3:96528276-97760000	SBS3	1	1	12	0	0	0	0	0	0	0
1781	chr3:9725001-10325000	SBS100	2	1	2	0	0	0	0	0	0	0
1782	chr3:9725001-10325000	SBS3	2	1	4	0	0	0	0	0	0	0
1783	chr3:98042001-98130616	SBS3	1	1	1	0	0	0	0	0	0	0
1784	chr3:98130653-98509000	SBS3	1	1	3	0	0	0	0	0	0	0
1785	chr3:98509001-98726000	SBS100	1	1	1	0	0	0	0	0	0	0
1786	chr3:98509001-98726000	SBS3	1	1	4	0	0	0	0	0	0	0
1787	chr3:98903001-99630000	SBS3	1	1	7	0	0	0	0	0	0	0
1788	chr3:99630001-100103288	SBS100	1	1	1	0	0	0	0	0	0	0
1789	chr3:99630001-100103288	SBS3	1	1	3	0	0	0	0	0	0	0
1790	chr4:1-1355000	SBS1	1	0	1	0	0	0	0	0	0	0
1791	chr4:1-1355000	SBS3	1	0	7	0	0	0	0	0	0	0
1792	chr4:108497169-108623001	SBS3	2	0	2	1	0	0	0	0	0	0
1793	chr4:108631401-109981474	SBS1	2	0	1	0	0	0	0	0	0	0
1794	chr4:109981475-113331390	SBS1	1	0	1	0	0	0	0	0	0	0
1795	chr4:109981475-113331390	SBS3	1	0	9	0	0	0	0	0	0	0
1796	chr4:113331391-113910128	SBS3	2	0	1	1	0	0	0	0	0	0
1797	chr4:113922478-114147980	SBS3	2	0	1	0	0	0	0	0	0	0
1798	chr4:114243395-114702133	SBS100	2	0	1	0	0	0	0	0	0	0
1799	chr4:114243395-114702133	SBS3	2	0	1	0	0	0	0	0	0	0
1800	chr4:114702134-119667695	SBS100	1	0	1	0	0	0	0	0	0	0
1801	chr4:114702134-119667695	SBS3	1	0	13	0	0	0	0	0	0	0
1802	chr4:119684894-134984578	SBS1	1	0	6	0	0	0	0	0	0	0
1803	chr4:119684894-134984578	SBS100	1	0	2	0	0	0	0	0	0	0
1804	chr4:119684894-134984578	SBS3	1	0	50	0	0	0	0	0	0	0
1805	chr4:12685495-24288045	SBS1	1	0	3	0	0	0	0	0	0	0
1806	chr4:12685495-24288045	SBS3	1	0	36	0	0	0	0	0	0	0
1807	chr4:134992659-169799295	SBS1	1	0	9	0	0	0	0	0	0	0
1808	chr4:134992659-169799295	SBS100	1	0	3	0	0	0	0	0	0	0
1809	chr4:134992659-169799295	SBS3	1	0	74	0	0	0	0	0	0	0
1810	chr4:1680001-3518153	SBS1	1	0	2	0	0	0	0	0	0	0
1811	chr4:1680001-3518153	SBS100	1	0	1	0	0	0	0	0	0	0
1812	chr4:1680001-3518153	SBS3	1	0	3	0	0	0	0	0	0	0
1813	chr4:169799296-170205859	SBS3	2	0	1	0	0	0	0	0	0	0
1814	chr4:170205860-173163000	SBS100	1	0	1	0	0	0	0	0	0	0
1815	chr4:170205860-173163000	SBS3	1	0	3	0	0	0	0	0	0	0
1816	chr4:173163001-173423000	SBS3	1	0	1	0	0	0	0	0	0	0
1817	chr4:173423001-190214555	SBS1	1	0	3	0	0	0	0	0	0	0
1818	chr4:173423001-190214555	SBS100	1	0	1	0	0	0	0	0	0	0
1819	chr4:173423001-190214555	SBS3	1	0	47	0	0	0	0	0	0	0
1820	chr4:24288079-31969560	SBS3	1	0	12	0	0	0	0	0	0	0
1821	chr4:31969613-32663676	SBS3	1	0	1	0	0	0	0	0	0	0
1822	chr4:32665555-34185747	SBS1	1	0	1	0	0	0	0	0	0	0
1823	chr4:32665555-34185747	SBS3	1	0	6	0	0	0	0	0	0	0
1824	chr4:34187830-39807412	SBS1	1	0	1	0	0	0	0	0	0	0
1825	chr4:34187830-39807412	SBS3	1	0	18	0	0	0	0	0	0	0
1826	chr4:3531681-6097897	SBS1	1	0	1	0	0	0	0	0	0	0
1827	chr4:3531681-6097897	SBS3	1	0	7	0	0	0	0	0	0	0
1828	chr4:39820790-44094572	SBS1	1	0	1	0	0	0	0	0	0	0
1829	chr4:39820790-44094572	SBS100	1	0	2	0	0	0	0	0	0	0
1830	chr4:39820790-44094572	SBS3	1	0	15	0	0	0	0	0	0	0
1831	chr4:44096313-47968000	SBS100	1	0	1	0	0	0	0	0	0	0
1832	chr4:44096313-47968000	SBS3	1	0	12	0	0	0	0	0	0	0
1833	chr4:47968001-48624000	SBS3	2	0	1	2	0	0	0	0	0	0
1834	chr4:48624001-49574314	SBS3	1	0	2	0	0	0	0	0	0	0
1835	chr4:50726026-55473164	SBS100	1	0	1	0	0	0	0	0	0	0
1836	chr4:50726026-55473164	SBS3	1	0	9	0	0	0	0	0	0	0
1837	chr4:55478849-62200000	SBS3	1	0	15	0	0	0	0	0	0	0
1838	chr4:6097898-6628000	SBS3	2	0	1	1	0	0	0	0	0	0
1839	chr4:62200001-62610000	SBS3	2	0	2	0	0	0	0	0	0	0
1840	chr4:62610001-69597059	SBS1	1	0	2	0	0	0	0	0	0	0
1841	chr4:62610001-69597059	SBS3	1	0	21	0	0	0	0	0	0	0
1842	chr4:6628001-6998940	SBS3	2	0	1	0	0	0	0	0	0	0
1843	chr4:6998941-7778239	SBS3	1	0	1	0	0	0	0	0	0	0
1844	chr4:70246001-72719000	SBS1	1	0	1	0	0	0	0	0	0	0
1845	chr4:70246001-72719000	SBS100	1	0	2	0	0	0	0	0	0	0
1846	chr4:70246001-72719000	SBS3	1	0	9	0	0	0	0	0	0	0
1847	chr4:72719001-73065000	SBS1	2	0	1	0	0	0	0	0	0	0
1848	chr4:72719001-73065000	SBS3	2	0	2	0	0	0	0	0	0	0
1849	chr4:73065001-73256000	SBS3	1	0	1	0	0	0	0	0	0	0
1850	chr4:73256001-81383871	SBS1	1	0	3	0	0	0	0	0	0	0
1851	chr4:73256001-81383871	SBS100	1	0	2	0	0	0	0	0	0	0
1852	chr4:73256001-81383871	SBS3	1	0	26	0	0	0	0	0	0	0
1853	chr4:7779490-12685458	SBS3	1	0	14	0	0	0	0	0	0	0
1854	chr4:81423330-82351000	SBS3	1	0	3	0	0	0	0	0	0	0
1855	chr4:82383001-92468273	SBS1	1	0	2	0	0	0	0	0	0	0
1856	chr4:82383001-92468273	SBS3	1	0	30	0	0	0	0	0	0	0
1857	chr4:92468306-95401720	SBS3	1	0	16	0	0	0	0	0	0	0
1858	chr4:95403220-108497168	SBS1	1	0	3	0	0	0	0	0	0	0
1859	chr4:95403220-108497168	SBS100	1	0	2	0	0	0	0	0	0	0
1860	chr4:95403220-108497168	SBS3	1	0	33	0	0	0	0	0	0	0
1861	chr5:1-377976	SBS1	3	2	1	0	0	0	0	0	0	0
1862	chr5:1-377976	SBS3	3	2	1	0	0	0	0	0	0	0
1863	chr5:102538082-113192567	SBS1	1	0	3	0	0	0	0	0	0	0
1864	chr5:102538082-113192567	SBS100	1	0	1	0	0	0	0	0	0	0
1865	chr5:102538082-113192567	SBS3	1	0	32	0	0	0	0	0	0	0
1866	chr5:10455001-10694000	SBS3	2	1	1	2	0	0	0	0	0	0
1867	chr5:10694001-10765000	SBS100	2	1	0	1	0	0	0	0	0	0
1868	chr5:1074201-2370323	SBS3	3	1	10	1	0	1	0	0	0	0
1869	chr5:10765001-11051841	SBS3	2	1	3	0	0	0	0	0	0	0
1870	chr5:11051882-12688445	SBS1	2	1	1	0	0	0	0	0	0	0
1871	chr5:11051882-12688445	SBS3	2	1	7	1	0	0	0	0	0	0
1872	chr5:113958576-124649000	SBS1	1	0	2	0	0	0	0	0	0	0
1873	chr5:113958576-124649000	SBS100	1	0	1	0	0	0	0	0	0	0
1874	chr5:113958576-124649000	SBS3	1	0	23	0	0	0	0	0	0	0
1875	chr5:124680001-146911575	SBS1	1	0	4	0	0	0	0	0	0	0
1876	chr5:124680001-146911575	SBS100	1	0	1	0	0	0	0	0	0	0
1877	chr5:124680001-146911575	SBS3	1	0	65	0	0	0	0	0	0	0
1878	chr5:12688446-14141000	SBS3	1	1	5	0	0	0	0	0	0	0
1879	chr5:14141001-14297000	SBS1	1	1	1	0	0	0	0	0	0	0
1880	chr5:14297001-14647000	SBS3	1	1	1	0	0	0	0	0	0	0
1881	chr5:14689001-15025000	SBS3	1	1	1	0	0	0	0	0	0	0
1882	chr5:146911615-148307203	SBS3	1	0	5	0	0	0	0	0	0	0
1883	chr5:148311939-151044158	SBS100	1	0	1	0	0	0	0	0	0	0
1884	chr5:148311939-151044158	SBS3	1	0	6	0	0	0	0	0	0	0
1885	chr5:15025001-15500375	SBS3	1	1	3	0	0	0	0	0	0	0
1886	chr5:151044159-151770000	SBS3	2	0	6	0	0	0	0	0	0	0
1887	chr5:151779428-155336207	SBS3	1	0	9	0	0	0	0	0	0	0
1888	chr5:15500418-16453000	SBS3	1	1	6	0	0	0	0	0	0	0
1889	chr5:155339273-181538259	SBS1	1	0	5	0	0	0	0	0	0	0
1890	chr5:155339273-181538259	SBS100	1	0	3	0	0	0	0	0	0	0
1891	chr5:155339273-181538259	SBS3	1	0	74	0	0	0	0	0	0	0
1892	chr5:16470001-17225000	SBS1	1	1	1	0	0	0	0	0	0	0
1893	chr5:16470001-17225000	SBS3	1	1	2	0	0	0	0	0	0	0
1894	chr5:17225001-18271000	SBS3	1	1	6	0	0	0	0	0	0	0
1895	chr5:18271001-20616086	SBS3	1	1	12	0	0	0	0	0	0	0
1896	chr5:20616087-22018813	SBS3	1	0	2	0	0	0	0	0	0	0
1897	chr5:22018814-23920933	SBS3	1	1	9	0	0	0	0	0	0	0
1898	chr5:2370324-3548000	SBS3	3	1	6	6	0	2	0	0	0	0
1899	chr5:23959604-25012576	SBS3	1	1	5	0	0	0	0	0	0	0
1900	chr5:25012619-31785502	SBS1	1	1	3	0	0	0	0	0	0	0
1901	chr5:25012619-31785502	SBS100	1	1	1	0	0	0	0	0	0	0
1902	chr5:25012619-31785502	SBS3	1	1	27	0	0	0	0	0	0	0
1903	chr5:31785503-31914142	SBS3	2	1	1	1	0	0	0	0	0	0
1904	chr5:31914143-32010270	SBS3	1	1	1	0	0	0	0	0	0	0
1905	chr5:32010367-32437000	SBS3	1	1	6	0	0	0	0	0	0	0
1906	chr5:32449001-34529521	SBS3	1	1	3	0	0	0	0	0	0	0
1907	chr5:34529920-35198000	SBS3	1	1	2	0	0	0	0	0	0	0
1908	chr5:35251001-35866055	SBS3	1	1	2	0	0	0	0	0	0	0
1909	chr5:3548001-4336000	SBS3	2	1	2	0	0	0	0	0	0	0
1910	chr5:35971822-35984864	SBS3	2	0	1	0	0	0	0	0	0	0
1911	chr5:35984865-36870000	SBS3	2	1	4	0	0	0	0	0	0	0
1912	chr5:36902275-37769000	SBS3	1	1	2	0	0	0	0	0	0	0
1913	chr5:37769001-38412000	SBS3	1	1	3	0	0	0	0	0	0	0
1914	chr5:38412001-38805000	SBS3	1	1	2	0	0	0	0	0	0	0
1915	chr5:39092522-39874220	SBS100	1	1	1	0	0	0	0	0	0	0
1916	chr5:39092522-39874220	SBS3	1	1	9	0	0	0	0	0	0	0
1917	chr5:39884190-46243000	SBS3	1	1	28	0	0	0	0	0	0	0
1918	chr5:4391001-4579000	SBS3	2	1	1	0	0	0	0	0	0	0
1919	chr5:4579001-5135000	SBS3	2	1	3	0	0	0	0	0	0	0
1920	chr5:46243001-48272853	SBS3	2	1	1	1	0	0	0	0	0	0
1921	chr5:476764-677409	SBS3	3	1	4	0	0	1	0	0	0	0
1922	chr5:48272854-52929475	SBS3	1	1	19	0	0	0	0	0	0	0
1923	chr5:5135001-5503000	SBS3	2	1	2	0	0	0	0	0	0	0
1924	chr5:52929476-60288167	SBS1	1	0	1	0	0	0	0	0	0	0
1925	chr5:52929476-60288167	SBS3	1	0	20	0	0	0	0	0	0	0
1926	chr5:5503001-5784803	SBS1	2	1	1	0	0	0	0	0	0	0
1927	chr5:5503001-5784803	SBS100	2	1	1	0	0	0	0	0	0	0
1928	chr5:5503001-5784803	SBS3	2	1	4	2	0	0	0	0	0	0
1929	chr5:5792928-6393262	SBS1	2	1	1	0	0	0	0	0	0	0
1930	chr5:5792928-6393262	SBS3	2	1	0	1	0	0	0	0	0	0
1931	chr5:60293551-64469500	SBS1	1	0	3	0	0	0	0	0	0	0
1932	chr5:60293551-64469500	SBS100	1	0	1	0	0	0	0	0	0	0
1933	chr5:60293551-64469500	SBS3	1	0	14	0	0	0	0	0	0	0
1934	chr5:6393299-6575000	SBS3	2	1	1	0	0	0	0	0	0	0
1935	chr5:64488918-65292218	SBS3	1	0	1	0	0	0	0	0	0	0
1936	chr5:65295640-68212000	SBS3	1	0	5	0	0	0	0	0	0	0
1937	chr5:6575001-6698000	SBS3	2	1	3	0	0	0	0	0	0	0
1938	chr5:6736001-7847000	SBS3	2	1	1	0	0	0	0	0	0	0
1939	chr5:677562-1062455	SBS3	3	1	9	0	0	0	0	0	0	0
1940	chr5:68308001-77429436	SBS1	1	0	1	0	0	0	0	0	0	0
1941	chr5:68308001-77429436	SBS100	1	0	1	0	0	0	0	0	0	0
1942	chr5:68308001-77429436	SBS3	1	0	11	0	0	0	0	0	0	0
1943	chr5:77429437-78101698	SBS3	2	0	3	0	0	0	0	0	0	0
1944	chr5:78101699-79778825	SBS100	1	0	2	0	0	0	0	0	0	0
1945	chr5:78101699-79778825	SBS3	1	0	8	0	0	0	0	0	0	0
1946	chr5:7907001-8801052	SBS100	2	1	3	0	0	0	0	0	0	0
1947	chr5:7907001-8801052	SBS3	2	1	10	0	0	0	0	0	0	0
1948	chr5:79778826-92249323	SBS1	1	0	1	0	0	0	0	0	0	0
1949	chr5:79778826-92249323	SBS3	1	0	39	0	0	0	0	0	0	0
1950	chr5:8801101-10246000	SBS3	2	1	13	0	0	0	0	0	0	0
1951	chr5:92249358-99958971	SBS1	1	0	1	0	0	0	0	0	0	0
1952	chr5:92249358-99958971	SBS3	1	0	17	0	0	0	0	0	0	0
1953	chr5:99962358-102534917	SBS1	1	0	1	0	0	0	0	0	0	0
1954	chr5:99962358-102534917	SBS3	1	0	6	0	0	0	0	0	0	0
1955	chr6:105477288-106133329	SBS3	3	1	1	0	0	0	0	0	0	0
1956	chr6:106133330-106180000	SBS3	4	1	0	1	0	0	0	0	0	0
1957	chr6:106391001-106509000	SBS3	3	1	2	0	0	0	0	0	0	0
1958	chr6:106519001-106909000	SBS100	3	2	1	0	0	0	0	0	0	0
1959	chr6:106519001-106909000	SBS3	3	2	1	2	0	1	0	0	0	0
1960	chr6:106914001-107145656	SBS1	4	2	0	0	0	1	0	0	0	0
1961	chr6:106914001-107145656	SBS3	4	2	1	1	0	0	0	0	0	0
1962	chr6:107145657-107199038	SBS3	4	1	3	0	0	0	0	0	0	0
1963	chr6:107199039-107864000	SBS3	2	1	2	0	0	0	0	0	0	0
1964	chr6:107987001-108540000	SBS100	2	1	0	1	0	0	0	0	0	0
1965	chr6:107987001-108540000	SBS3	2	1	0	1	0	0	0	0	0	0
1966	chr6:108748001-110527000	SBS3	2	1	6	0	0	0	0	0	0	0
1967	chr6:110561001-110872000	SBS3	2	1	1	0	0	0	0	0	0	0
1968	chr6:110885599-111471000	SBS3	2	1	0	2	0	0	0	0	0	0
1969	chr6:111607001-113121849	SBS1	2	1	1	0	0	0	0	0	0	0
1970	chr6:111607001-113121849	SBS100	2	1	0	1	0	0	0	0	0	0
1971	chr6:111607001-113121849	SBS3	2	1	8	5	0	0	0	0	0	0
1972	chr6:113121975-116247000	SBS100	2	1	1	0	0	0	0	0	0	0
1973	chr6:113121975-116247000	SBS3	2	1	14	2	0	0	0	0	0	0
1974	chr6:116289001-116850000	SBS3	2	1	4	0	0	0	0	0	0	0
1975	chr6:116850001-117439000	SBS3	2	1	1	0	0	0	0	0	0	0
1976	chr6:117700161-118227372	SBS3	2	1	2	0	0	0	0	0	0	0
1977	chr6:118232624-118505000	SBS3	2	1	3	0	0	0	0	0	0	0
1978	chr6:118505001-119097059	SBS3	2	1	3	0	0	0	0	0	0	0
1979	chr6:119097112-120670770	SBS3	2	1	2	1	0	0	0	0	0	0
1980	chr6:120675205-122372000	SBS1	2	1	1	0	0	0	0	0	0	0
1981	chr6:120675205-122372000	SBS3	2	1	9	2	0	0	0	0	0	0
1982	chr6:122480001-122856000	SBS100	2	1	1	0	0	0	0	0	0	0
1983	chr6:122480001-122856000	SBS3	2	1	1	2	0	0	0	0	0	0
1984	chr6:122856001-122978000	SBS3	2	1	1	1	0	0	0	0	0	0
1985	chr6:122978001-124065836	SBS100	6	1	0	0	1	0	1	0	0	0
1986	chr6:122978001-124065836	SBS3	6	1	3	2	3	1	2	3	0	0
1987	chr6:124066023-124525078	SBS100	5	1	1	0	0	0	0	0	0	0
1988	chr6:124066023-124525078	SBS3	5	1	3	4	0	0	1	0	0	0
1989	chr6:124531044-124959000	SBS3	5	1	3	0	0	0	0	0	0	0
1990	chr6:124991778-125318000	SBS3	9	1	3	1	1	0	2	3	2	0
1991	chr6:125318001-125743000	SBS100	12	1	0	0	0	0	0	0	0	1
1992	chr6:125318001-125743000	SBS3	12	1	2	4	0	0	0	0	0	1
1993	chr6:125873719-125905460	SBS3	15	1	0	1	0	0	0	0	0	0
1994	chr6:125905461-125924019	SBS3	6	1	1	0	0	0	0	0	0	0
1995	chr6:125997001-126561974	SBS3	11	1	2	1	0	0	0	1	0	0
1996	chr6:126561975-127264000	SBS3	5	1	6	0	0	0	1	0	0	0
1997	chr6:127349501-127734170	SBS3	6	1	1	1	0	0	0	0	0	0
1998	chr6:127738406-127984000	SBS100	5	1	0	0	0	0	1	0	0	0
1999	chr6:127984001-128433759	SBS3	4	1	2	0	0	0	0	0	0	0
2000	chr6:128440499-128477500	SBS3	4	1	1	0	0	0	0	0	0	0
2001	chr6:128730001-129675000	SBS3	5	1	1	2	0	0	1	0	0	0
2002	chr6:129712001-130884000	SBS3	5	1	0	1	0	0	1	0	0	0
2003	chr6:131072001-131614000	SBS3	5	1	2	0	0	0	1	0	0	0
2004	chr6:131661001-132533000	SBS100	5	1	1	0	0	0	0	0	0	0
2005	chr6:131661001-132533000	SBS3	5	1	1	1	0	0	0	0	0	0
2006	chr6:132533001-132749974	SBS3	6	1	1	1	0	0	0	0	0	0
2007	chr6:132749975-133107599	SBS3	8	1	1	0	0	0	0	0	0	0
2008	chr6:133107600-133108450	SBS3	6	1	1	0	0	0	0	0	0	0
2009	chr6:133108451-133916000	SBS3	4	1	6	1	3	0	0	0	0	0
2010	chr6:134066001-134949235	SBS3	3	1	2	0	0	1	0	0	0	0
2011	chr6:134949236-135818875	SBS3	7	1	5	2	1	0	0	0	0	0
2012	chr6:135818876-136248000	SBS3	3	1	4	0	0	1	0	0	0	0
2013	chr6:136248001-136294000	SBS3	2	1	1	0	0	0	0	0	0	0
2014	chr6:136294001-137156000	SBS1	3	1	1	0	0	0	0	0	0	0
2015	chr6:136294001-137156000	SBS3	3	1	3	1	0	1	0	0	0	0
2016	chr6:137274001-137373022	SBS3	4	1	0	0	1	0	0	0	0	0
2017	chr6:137376509-138152236	SBS1	4	1	1	0	0	0	0	0	0	0
2018	chr6:137376509-138152236	SBS3	4	1	7	0	1	0	0	0	0	0
2019	chr6:138160108-138283590	SBS3	3	1	1	0	0	0	0	0	0	0
2020	chr6:138330997-141876940	SBS1	1	0	1	0	0	0	0	0	0	0
2021	chr6:138330997-141876940	SBS3	1	0	12	0	0	0	0	0	0	0
2022	chr6:141877500-144406010	SBS3	1	0	14	0	0	0	0	0	0	0
2023	chr6:144406016-152410701	SBS1	1	0	1	0	0	0	0	0	0	0
2024	chr6:144406016-152410701	SBS100	1	0	1	0	0	0	0	0	0	0
2025	chr6:144406016-152410701	SBS3	1	0	23	0	0	0	0	0	0	0
2026	chr6:152417654-158882585	SBS1	1	0	1	0	0	0	0	0	0	0
2027	chr6:152417654-158882585	SBS3	1	0	25	0	0	0	0	0	0	0
2028	chr6:158885971-159678000	SBS3	1	0	2	0	0	0	0	0	0	0
2029	chr6:159797001-161098569	SBS3	1	0	6	0	0	0	0	0	0	0
2030	chr6:161098570-161433207	SBS3	2	0	2	0	0	0	0	0	0	0
2031	chr6:161433208-163391000	SBS3	1	0	4	0	0	0	0	0	0	0
2032	chr6:163580001-163943918	SBS1	2	0	1	0	0	0	0	0	0	0
2033	chr6:163943919-170805979	SBS1	1	0	3	0	0	0	0	0	0	0
2034	chr6:163943919-170805979	SBS100	1	0	1	0	0	0	0	0	0	0
2035	chr6:163943919-170805979	SBS3	1	0	30	0	0	0	0	0	0	0
2036	chr6:59191911-63515000	SBS3	1	1	31	0	0	0	0	0	0	0
2037	chr6:63515001-63823000	SBS3	1	1	3	0	0	0	0	0	0	0
2038	chr6:63823001-66826827	SBS1	1	1	1	0	0	0	0	0	0	0
2039	chr6:63823001-66826827	SBS3	1	1	14	0	0	0	0	0	0	0
2040	chr6:66826828-71284000	SBS1	2	1	0	1	0	0	0	0	0	0
2041	chr6:66826828-71284000	SBS100	2	1	3	0	0	0	0	0	0	0
2042	chr6:66826828-71284000	SBS3	2	1	12	3	0	0	0	0	0	0
2043	chr6:71423001-72551000	SBS1	2	1	0	1	0	0	0	0	0	0
2044	chr6:71423001-72551000	SBS3	2	1	6	1	0	0	0	0	0	0
2045	chr6:72551001-73115256	SBS3	2	1	1	0	0	0	0	0	0	0
2046	chr6:73115257-73658000	SBS100	3	1	0	1	0	0	0	0	0	0
2047	chr6:73115257-73658000	SBS3	3	1	6	1	0	0	0	0	0	0
2048	chr6:73658001-75201000	SBS3	3	1	12	1	0	2	0	0	0	0
2049	chr6:75418001-75937000	SBS3	2	1	1	0	0	0	0	0	0	0
2050	chr6:75937001-77311896	SBS3	3	1	10	0	0	0	0	0	0	0
2051	chr6:77311897-78934000	SBS1	3	0	0	0	0	1	0	0	0	0
2052	chr6:77311897-78934000	SBS3	3	0	8	2	0	0	0	0	0	0
2053	chr6:79242001-82229042	SBS100	3	0	1	0	0	0	0	0	0	0
2054	chr6:79242001-82229042	SBS3	3	0	31	0	0	0	0	0	0	0
2055	chr6:82229043-82536465	SBS3	4	0	3	0	1	0	0	0	0	0
2056	chr6:82536466-83112771	SBS3	5	0	4	0	1	0	1	0	0	0
2057	chr6:83517001-83845000	SBS1	4	0	0	1	0	0	0	0	0	0
2058	chr6:83517001-83845000	SBS3	4	0	0	1	0	0	0	0	0	0
2059	chr6:83845001-84187934	SBS3	3	0	1	0	0	0	0	0	0	0
2060	chr6:84230001-85448000	SBS3	4	0	1	1	0	0	0	0	0	0
2061	chr6:85448001-85670000	SBS100	3	0	1	0	0	0	0	0	0	0
2062	chr6:85448001-85670000	SBS3	3	0	2	0	0	0	0	0	0	0
2063	chr6:85681001-87135000	SBS3	4	0	3	0	0	0	0	0	0	0
2064	chr6:87296001-87453163	SBS3	4	0	0	1	0	0	0	0	0	0
2065	chr6:87453164-87695000	SBS3	2	0	0	1	0	0	0	0	0	0
2066	chr6:87734001-88626000	SBS3	3	0	1	0	0	3	0	0	0	0
2067	chr6:88626001-89347000	SBS3	3	0	1	0	0	0	0	0	0	0
2068	chr6:89374001-89627000	SBS3	3	0	1	0	0	0	0	0	0	0
2069	chr6:89627001-89813000	SBS3	2	0	1	0	0	0	0	0	0	0
2070	chr6:89831001-93034000	SBS3	3	0	11	1	0	2	0	0	0	0
2071	chr6:93034001-93086000	SBS3	2	0	1	0	0	0	0	0	0	0
2072	chr6:93426001-95275361	SBS3	3	0	1	1	0	0	0	0	0	0
2073	chr6:95275362-98447837	SBS3	3	1	7	3	0	0	0	0	0	0
2074	chr6:98447886-98818819	SBS3	3	1	2	0	0	1	0	0	0	0
2075	chr6:98821075-98959000	SBS3	2	1	1	0	0	0	0	0	0	0
2076	chr6:98959001-99328000	SBS3	3	1	0	1	0	0	0	0	0	0
2077	chr6:99328001-99573000	SBS3	2	1	2	0	0	0	0	0	0	0
2078	chr6:99573001-105312000	SBS3	3	1	6	1	0	4	0	0	0	0
2079	chr7:1-2225000	SBS1	2	1	3	1	0	0	0	0	0	0
2080	chr7:1-2225000	SBS100	2	1	2	1	0	0	0	0	0	0
2081	chr7:1-2225000	SBS3	2	1	12	3	0	0	0	0	0	0
2082	chr7:100022001-103058000	SBS1	1	1	3	0	0	0	0	0	0	0
2083	chr7:100022001-103058000	SBS100	1	1	1	0	0	0	0	0	0	0
2084	chr7:100022001-103058000	SBS3	1	1	26	0	0	0	0	0	0	0
2085	chr7:103058001-103358000	SBS3	1	1	4	0	0	0	0	0	0	0
2086	chr7:103358001-104132000	SBS3	1	1	3	0	0	0	0	0	0	0
2087	chr7:104694774-104917000	SBS3	1	1	4	0	0	0	0	0	0	0
2088	chr7:104961001-105028000	SBS3	1	0	1	0	0	0	0	0	0	0
2089	chr7:105028001-107658590	SBS1	1	1	1	0	0	0	0	0	0	0
2090	chr7:105028001-107658590	SBS3	1	1	17	0	0	0	0	0	0	0
2091	chr7:107706001-108145118	SBS3	2	1	3	0	0	0	0	0	0	0
2092	chr7:108145119-109483833	SBS100	1	1	1	0	0	0	0	0	0	0
2093	chr7:108145119-109483833	SBS3	1	1	6	0	0	0	0	0	0	0
2094	chr7:109483870-110328603	SBS3	1	1	1	0	0	0	0	0	0	0
2095	chr7:110331342-116205000	SBS1	1	1	2	0	0	0	0	0	0	0
2096	chr7:110331342-116205000	SBS3	1	1	29	0	0	0	0	0	0	0
2097	chr7:11160606-16670821	SBS3	1	1	13	0	0	0	0	0	0	0
2098	chr7:116597785-118181000	SBS100	1	1	1	0	0	0	0	0	0	0
2099	chr7:116597785-118181000	SBS3	1	1	7	0	0	0	0	0	0	0
2100	chr7:118218001-120791000	SBS3	1	1	15	0	0	0	0	0	0	0
2101	chr7:120791001-121035000	SBS3	1	1	3	0	0	0	0	0	0	0
2102	chr7:121035001-123676000	SBS1	1	1	1	0	0	0	0	0	0	0
2103	chr7:121035001-123676000	SBS3	1	1	9	0	0	0	0	0	0	0
2104	chr7:123676001-123773000	SBS3	1	1	1	0	0	0	0	0	0	0
2105	chr7:123773001-124243809	SBS3	1	1	4	0	0	0	0	0	0	0
2106	chr7:124243822-127345000	SBS1	1	1	1	0	0	0	0	0	0	0
2107	chr7:124243822-127345000	SBS100	1	1	1	0	0	0	0	0	0	0
2108	chr7:124243822-127345000	SBS3	1	1	19	0	0	0	0	0	0	0
2109	chr7:127397001-127645000	SBS100	1	1	1	0	0	0	0	0	0	0
2110	chr7:127397001-127645000	SBS3	1	1	7	0	0	0	0	0	0	0
2111	chr7:127875582-128065000	SBS100	1	1	1	0	0	0	0	0	0	0
2112	chr7:128279421-129636000	SBS1	1	1	2	0	0	0	0	0	0	0
2113	chr7:128279421-129636000	SBS3	1	1	5	0	0	0	0	0	0	0
2114	chr7:129636001-130307000	SBS1	2	1	0	1	0	0	0	0	0	0
2115	chr7:129636001-130307000	SBS3	2	1	7	1	0	0	0	0	0	0
2116	chr7:130307001-130890000	SBS3	1	1	2	0	0	0	0	0	0	0
2117	chr7:131117001-131283000	SBS3	1	1	2	0	0	0	0	0	0	0
2118	chr7:131561001-132778000	SBS1	1	1	1	0	0	0	0	0	0	0
2119	chr7:131561001-132778000	SBS3	1	1	6	0	0	0	0	0	0	0
2120	chr7:132778001-135983000	SBS100	1	1	1	0	0	0	0	0	0	0
2121	chr7:132778001-135983000	SBS3	1	1	8	0	0	0	0	0	0	0
2122	chr7:135983001-137898000	SBS3	1	1	8	0	0	0	0	0	0	0
2123	chr7:137898001-138015000	SBS3	1	1	1	0	0	0	0	0	0	0
2124	chr7:138015001-139338000	SBS1	1	1	2	0	0	0	0	0	0	0
2125	chr7:138015001-139338000	SBS3	1	1	7	0	0	0	0	0	0	0
2126	chr7:139435001-139631521	SBS3	1	1	1	0	0	0	0	0	0	0
2127	chr7:139631591-141011000	SBS3	1	1	8	0	0	0	0	0	0	0
2128	chr7:141017001-141510000	SBS3	1	1	4	0	0	0	0	0	0	0
2129	chr7:141510001-141598694	SBS3	1	1	1	0	0	0	0	0	0	0
2130	chr7:141602301-141789000	SBS3	1	1	1	0	0	0	0	0	0	0
2131	chr7:141789001-142261918	SBS3	1	1	1	0	0	0	0	0	0	0
2132	chr7:142263857-142967000	SBS100	1	1	2	0	0	0	0	0	0	0
2133	chr7:142263857-142967000	SBS3	1	1	34	0	0	0	0	0	0	0
2134	chr7:143299001-143624500	SBS3	2	1	0	1	0	0	0	0	0	0
2135	chr7:143907001-144175000	SBS3	1	1	1	0	0	0	0	0	0	0
2136	chr7:144735001-144844000	SBS3	1	0	1	0	0	0	0	0	0	0
2137	chr7:144844001-146092987	SBS3	1	1	10	0	0	0	0	0	0	0
2138	chr7:146096570-148693000	SBS3	1	1	17	0	0	0	0	0	0	0
2139	chr7:148988001-150322000	SBS3	1	1	5	0	0	0	0	0	0	0
2140	chr7:150484490-150781011	SBS3	1	1	2	0	0	0	0	0	0	0
2141	chr7:150781012-151402000	SBS1	2	1	1	0	0	0	0	0	0	0
2142	chr7:150781012-151402000	SBS100	2	1	1	0	0	0	0	0	0	0
2143	chr7:150781012-151402000	SBS3	2	1	2	2	0	0	0	0	0	0
2144	chr7:151402001-151523000	SBS100	2	1	1	0	0	0	0	0	0	0
2145	chr7:151523001-151574122	SBS3	2	1	2	0	0	0	0	0	0	0
2146	chr7:151574123-152861000	SBS1	1	1	2	0	0	0	0	0	0	0
2147	chr7:151574123-152861000	SBS100	1	1	2	0	0	0	0	0	0	0
2148	chr7:151574123-152861000	SBS3	1	1	13	0	0	0	0	0	0	0
2149	chr7:152861001-154924000	SBS100	2	1	0	1	0	0	0	0	0	0
2150	chr7:152861001-154924000	SBS3	2	1	8	2	0	0	0	0	0	0
2151	chr7:155014001-155639000	SBS3	1	1	4	0	0	0	0	0	0	0
2152	chr7:155788001-156095865	SBS100	2	1	1	0	0	0	0	0	0	0
2153	chr7:155788001-156095865	SBS3	2	1	5	0	0	0	0	0	0	0
2154	chr7:156095914-156602000	SBS3	2	1	0	4	0	0	0	0	0	0
2155	chr7:156602001-157030500	SBS3	1	1	2	0	0	0	0	0	0	0
2156	chr7:157128001-157396000	SBS3	1	1	2	0	0	0	0	0	0	0
2157	chr7:157396001-157717185	SBS3	2	1	1	1	0	0	0	0	0	0
2158	chr7:157717186-157986573	SBS1	3	2	1	0	0	0	0	0	0	0
2159	chr7:157717186-157986573	SBS100	3	2	0	1	0	0	0	0	0	0
2160	chr7:157717186-157986573	SBS3	3	2	2	1	0	1	0	0	0	0
2161	chr7:157986574-158596000	SBS100	2	1	1	0	0	0	0	0	0	0
2162	chr7:157986574-158596000	SBS3	2	1	1	1	0	0	0	0	0	0
2163	chr7:158596001-158910000	SBS100	1	1	1	0	0	0	0	0	0	0
2164	chr7:158596001-158910000	SBS3	1	1	2	0	0	0	0	0	0	0
2165	chr7:158910001-159345973	SBS1	1	1	1	0	0	0	0	0	0	0
2166	chr7:158910001-159345973	SBS3	1	1	1	0	0	0	0	0	0	0
2167	chr7:16670822-17207142	SBS3	2	1	2	0	0	0	0	0	0	0
2168	chr7:17207143-17606742	SBS3	1	1	2	0	0	0	0	0	0	0
2169	chr7:17611360-18343000	SBS3	1	1	2	0	0	0	0	0	0	0
2170	chr7:18343001-18573000	SBS3	1	0	1	0	0	0	0	0	0	0
2171	chr7:18573001-20612000	SBS100	1	1	1	0	0	0	0	0	0	0
2172	chr7:18573001-20612000	SBS3	1	1	6	0	0	0	0	0	0	0
2173	chr7:20612001-21426000	SBS3	1	1	2	0	0	0	0	0	0	0
2174	chr7:21432001-21553000	SBS3	1	1	1	0	0	0	0	0	0	0
2175	chr7:21553001-21884000	SBS3	1	1	3	0	0	0	0	0	0	0
2176	chr7:21884001-23865867	SBS1	1	1	2	0	0	0	0	0	0	0
2177	chr7:21884001-23865867	SBS100	1	1	1	0	0	0	0	0	0	0
2178	chr7:21884001-23865867	SBS3	1	1	12	0	0	0	0	0	0	0
2179	chr7:2225001-2412000	SBS3	2	1	2	0	0	0	0	0	0	0
2180	chr7:23865919-24563000	SBS3	1	1	1	0	0	0	0	0	0	0
2181	chr7:2412001-3146000	SBS3	2	1	5	1	0	0	0	0	0	0
2182	chr7:24588343-25138000	SBS3	2	1	3	0	0	0	0	0	0	0
2183	chr7:25138001-25844000	SBS100	2	1	1	0	0	0	0	0	0	0
2184	chr7:25138001-25844000	SBS3	2	1	2	1	0	0	0	0	0	0
2185	chr7:25844001-26150000	SBS3	2	1	1	1	0	0	0	0	0	0
2186	chr7:26208001-27575000	SBS1	2	1	1	0	0	0	0	0	0	0
2187	chr7:26208001-27575000	SBS3	2	1	4	0	0	0	0	0	0	0
2188	chr7:27575001-27813000	SBS3	2	1	0	1	0	0	0	0	0	0
2189	chr7:27813001-28387000	SBS3	2	1	5	1	0	0	0	0	0	0
2190	chr7:29116001-29861000	SBS1	2	1	1	0	0	0	0	0	0	0
2191	chr7:29116001-29861000	SBS3	2	1	2	1	0	0	0	0	0	0
2192	chr7:29861001-30131000	SBS3	2	0	2	1	0	0	0	0	0	0
2193	chr7:30131001-30489528	SBS3	1	0	1	0	0	0	0	0	0	0
2194	chr7:30509064-30632000	SBS3	2	0	2	0	0	0	0	0	0	0
2195	chr7:30632001-30760000	SBS3	2	1	1	2	0	0	0	0	0	0
2196	chr7:30760001-30943000	SBS1	2	1	1	0	0	0	0	0	0	0
2197	chr7:30760001-30943000	SBS3	2	1	1	0	0	0	0	0	0	0
2198	chr7:30943001-32473000	SBS3	2	1	5	0	0	0	0	0	0	0
2199	chr7:3146001-3730683	SBS3	2	1	4	0	0	0	0	0	0	0
2200	chr7:32473001-32971831	SBS1	2	1	0	1	0	0	0	0	0	0
2201	chr7:32473001-32971831	SBS3	2	1	2	1	0	0	0	0	0	0
2202	chr7:32971832-33064000	SBS3	2	1	1	0	0	0	0	0	0	0
2203	chr7:33064001-33779046	SBS3	2	1	2	0	0	0	0	0	0	0
2204	chr7:33779047-34240367	SBS3	2	1	1	3	0	0	0	0	0	0
2205	chr7:34242906-34821000	SBS3	2	1	3	7	0	0	0	0	0	0
2206	chr7:34821001-35250000	SBS3	2	1	0	2	0	0	0	0	0	0
2207	chr7:35250001-35509988	SBS3	2	1	1	0	0	0	0	0	0	0
2208	chr7:35509989-35789500	SBS3	4	1	2	0	1	0	0	0	0	0
2209	chr7:35979501-36049326	SBS3	4	1	0	0	1	0	0	0	0	0
2210	chr7:36462001-37179000	SBS3	2	1	4	3	0	0	0	0	0	0
2211	chr7:37179001-37371000	SBS3	2	1	0	1	0	0	0	0	0	0
2212	chr7:3730733-4218188	SBS1	2	1	1	0	0	0	0	0	0	0
2213	chr7:3730733-4218188	SBS3	2	1	5	0	0	0	0	0	0	0
2214	chr7:37371001-38176000	SBS3	2	1	7	3	0	0	0	0	0	0
2215	chr7:38229001-38703000	SBS3	2	1	8	1	0	0	0	0	0	0
2216	chr7:38914001-39563000	SBS1	2	1	1	0	0	0	0	0	0	0
2217	chr7:38914001-39563000	SBS3	2	1	3	1	0	0	0	0	0	0
2218	chr7:39563001-41258000	SBS1	2	1	1	0	0	0	0	0	0	0
2219	chr7:39563001-41258000	SBS100	2	1	1	0	0	0	0	0	0	0
2220	chr7:39563001-41258000	SBS3	2	1	12	1	0	0	0	0	0	0
2221	chr7:41258001-42906000	SBS1	2	1	1	1	0	0	0	0	0	0
2222	chr7:41258001-42906000	SBS3	2	1	8	3	0	0	0	0	0	0
2223	chr7:4259450-4607000	SBS3	4	1	4	1	0	0	0	0	0	0
2224	chr7:42944001-43566000	SBS3	2	1	5	0	0	0	0	0	0	0
2225	chr7:43733001-45141500	SBS3	2	1	3	2	0	0	0	0	0	0
2226	chr7:45141501-45707000	SBS1	2	1	1	0	0	0	0	0	0	0
2227	chr7:45141501-45707000	SBS3	2	1	2	1	0	0	0	0	0	0
2228	chr7:45707001-46928908	SBS1	2	1	1	0	0	0	0	0	0	0
2229	chr7:45707001-46928908	SBS3	2	1	3	1	0	0	0	0	0	0
2230	chr7:4607001-4800626	SBS100	3	1	1	1	0	0	0	0	0	0
2231	chr7:4607001-4800626	SBS3	3	1	14	0	0	0	0	0	0	0
2232	chr7:46928909-48081500	SBS3	1	1	2	0	0	0	0	0	0	0
2233	chr7:4800627-5626000	SBS1	2	1	1	0	0	0	0	0	0	0
2234	chr7:4800627-5626000	SBS3	2	1	9	2	0	0	0	0	0	0
2235	chr7:48081501-48220323	SBS3	1	0	2	0	0	0	0	0	0	0
2236	chr7:48224035-48319000	SBS3	1	0	1	0	0	0	0	0	0	0
2237	chr7:48319001-51225000	SBS3	1	1	10	0	0	0	0	0	0	0
2238	chr7:51225001-51401500	SBS3	1	0	2	0	0	0	0	0	0	0
2239	chr7:51401501-55947000	SBS100	1	1	2	0	0	0	0	0	0	0
2240	chr7:51401501-55947000	SBS3	1	1	20	0	0	0	0	0	0	0
2241	chr7:55947001-56122000	SBS3	1	1	1	0	0	0	0	0	0	0
2242	chr7:56122001-59498943	SBS1	2	1	3	1	0	0	0	0	0	0
2243	chr7:56122001-59498943	SBS100	2	1	3	0	0	0	0	0	0	0
2244	chr7:56122001-59498943	SBS3	2	1	25	2	0	0	0	0	0	0
2245	chr7:5626001-5675594	SBS3	1	1	1	0	0	0	0	0	0	0
2246	chr7:5675595-6249386	SBS3	1	1	1	0	0	0	0	0	0	0
2247	chr7:59498944-63466079	SBS1	1	1	3	0	0	0	0	0	0	0
2248	chr7:59498944-63466079	SBS100	1	1	5	0	0	0	0	0	0	0
2249	chr7:59498944-63466079	SBS3	1	1	31	0	0	0	0	0	0	0
2250	chr7:6249387-6514000	SBS3	2	1	2	0	0	0	0	0	0	0
2251	chr7:63470308-64442685	SBS100	1	1	2	0	0	0	0	0	0	0
2252	chr7:63470308-64442685	SBS3	1	1	6	0	0	0	0	0	0	0
2253	chr7:64442686-64459931	SBS3	2	1	1	0	0	0	0	0	0	0
2254	chr7:64459932-66538653	SBS3	1	1	9	0	0	0	0	0	0	0
2255	chr7:6556463-7098000	SBS1	1	1	1	0	0	0	0	0	0	0
2256	chr7:6556463-7098000	SBS3	1	1	3	0	0	0	0	0	0	0
2257	chr7:66538654-67410804	SBS1	2	1	1	0	0	0	0	0	0	0
2258	chr7:66538654-67410804	SBS100	2	1	0	1	0	0	0	0	0	0
2259	chr7:66538654-67410804	SBS3	2	1	5	1	0	0	0	0	0	0
2260	chr7:67410805-69593000	SBS100	1	1	1	0	0	0	0	0	0	0
2261	chr7:67410805-69593000	SBS3	1	1	7	0	0	0	0	0	0	0
2262	chr7:69593001-70693000	SBS100	1	1	1	0	0	0	0	0	0	0
2263	chr7:69593001-70693000	SBS3	1	1	2	0	0	0	0	0	0	0
2264	chr7:70693001-70745000	SBS3	1	0	1	0	0	0	0	0	0	0
2265	chr7:70814001-72898000	SBS3	1	1	10	0	0	0	0	0	0	0
2266	chr7:7098001-8301000	SBS3	1	1	2	0	0	0	0	0	0	0
2267	chr7:72898001-73824000	SBS100	1	1	1	0	0	0	0	0	0	0
2268	chr7:72898001-73824000	SBS3	1	1	1	0	0	0	0	0	0	0
2269	chr7:73859001-74638849	SBS3	1	1	4	0	0	0	0	0	0	0
2270	chr7:74638895-77690220	SBS1	1	1	1	0	0	0	0	0	0	0
2271	chr7:74638895-77690220	SBS100	1	1	1	0	0	0	0	0	0	0
2272	chr7:74638895-77690220	SBS3	1	1	8	0	0	0	0	0	0	0
2273	chr7:77937001-78100976	SBS3	2	1	2	0	0	0	0	0	0	0
2274	chr7:78100977-79746320	SBS1	1	1	1	0	0	0	0	0	0	0
2275	chr7:78100977-79746320	SBS3	1	1	9	0	0	0	0	0	0	0
2276	chr7:79746667-80046000	SBS1	1	1	1	0	0	0	0	0	0	0
2277	chr7:79746667-80046000	SBS3	1	1	2	0	0	0	0	0	0	0
2278	chr7:80046001-80428888	SBS1	1	1	1	0	0	0	0	0	0	0
2279	chr7:80437019-87144000	SBS1	1	1	1	0	0	0	0	0	0	0
2280	chr7:80437019-87144000	SBS3	1	1	31	0	0	0	0	0	0	0
2281	chr7:8301001-9714000	SBS3	1	1	10	0	0	0	0	0	0	0
2282	chr7:87224001-88212499	SBS100	1	1	1	0	0	0	0	0	0	0
2283	chr7:87224001-88212499	SBS3	1	1	2	0	0	0	0	0	0	0
2284	chr7:88213357-88403000	SBS100	1	1	1	0	0	0	0	0	0	0
2285	chr7:88403001-90079981	SBS100	1	1	1	0	0	0	0	0	0	0
2286	chr7:88403001-90079981	SBS3	1	1	7	0	0	0	0	0	0	0
2287	chr7:90080081-91200000	SBS3	1	1	5	0	0	0	0	0	0	0
2288	chr7:91296001-92690000	SBS1	1	1	1	0	0	0	0	0	0	0
2289	chr7:91296001-92690000	SBS3	1	1	9	0	0	0	0	0	0	0
2290	chr7:92842001-94433000	SBS1	1	1	1	0	0	0	0	0	0	0
2291	chr7:92842001-94433000	SBS3	1	1	8	0	0	0	0	0	0	0
2292	chr7:94433001-95551000	SBS3	1	1	2	0	0	0	0	0	0	0
2293	chr7:95551001-96075000	SBS3	1	1	3	0	0	0	0	0	0	0
2294	chr7:96336001-97206000	SBS3	1	1	3	0	0	0	0	0	0	0
2295	chr7:9714001-10885000	SBS100	2	1	0	1	0	0	0	0	0	0
2296	chr7:9714001-10885000	SBS3	2	1	1	2	0	0	0	0	0	0
2297	chr7:97206001-97831000	SBS3	1	1	2	0	0	0	0	0	0	0
2298	chr7:97831001-98434000	SBS3	1	1	4	0	0	0	0	0	0	0
2299	chr7:98434001-99017000	SBS3	1	1	2	0	0	0	0	0	0	0
2300	chr7:99017001-99498000	SBS3	1	1	1	0	0	0	0	0	0	0
2301	chr7:99508001-99908000	SBS3	1	1	2	0	0	0	0	0	0	0
2302	chr8:100330824-102162874	SBS3	1	1	9	0	0	0	0	0	0	0
2303	chr8:102166113-103130000	SBS1	1	1	2	0	0	0	0	0	0	0
2304	chr8:102166113-103130000	SBS3	1	1	2	0	0	0	0	0	0	0
2305	chr8:10230472-10730304	SBS3	4	0	0	0	0	1	0	0	0	0
2306	chr8:103130001-103371000	SBS100	1	1	1	0	0	0	0	0	0	0
2307	chr8:103453001-104127302	SBS3	1	1	3	0	0	0	0	0	0	0
2308	chr8:104127303-104146273	SBS3	1	0	1	0	0	0	0	0	0	0
2309	chr8:104146274-106584000	SBS3	1	1	17	0	0	0	0	0	0	0
2310	chr8:106584001-107816500	SBS100	1	1	1	0	0	0	0	0	0	0
2311	chr8:106584001-107816500	SBS3	1	1	15	0	0	0	0	0	0	0
2312	chr8:10730305-10853000	SBS3	2	0	1	0	0	0	0	0	0	0
2313	chr8:1077257-1672000	SBS3	4	0	0	0	1	0	0	0	0	0
2314	chr8:107816501-108197000	SBS3	1	1	4	0	0	0	0	0	0	0
2315	chr8:108253001-109221000	SBS3	1	1	4	0	0	0	0	0	0	0
2316	chr8:10853001-11763000	SBS1	2	0	1	0	0	0	0	0	0	0
2317	chr8:10853001-11763000	SBS100	2	0	1	0	0	0	0	0	0	0
2318	chr8:10853001-11763000	SBS3	2	0	4	0	0	0	0	0	0	0
2319	chr8:109221001-109348000	SBS3	1	1	1	0	0	0	0	0	0	0
2320	chr8:109821266-110014233	SBS1	1	1	1	0	0	0	0	0	0	0
2321	chr8:109821266-110014233	SBS3	1	1	6	0	0	0	0	0	0	0
2322	chr8:110014234-113791974	SBS3	3	1	11	2	0	5	0	0	0	0
2323	chr8:113792010-115062517	SBS3	3	1	4	0	0	3	0	0	0	0
2324	chr8:115095396-115415000	SBS3	2	1	1	0	0	0	0	0	0	0
2325	chr8:115645001-115675000	SBS3	2	0	1	0	0	0	0	0	0	0
2326	chr8:115675001-116220000	SBS3	4	1	0	0	1	0	0	0	0	0
2327	chr8:116246001-116631000	SBS3	3	1	0	0	0	1	0	0	0	0
2328	chr8:116631001-116771000	SBS1	2	1	1	0	0	0	0	0	0	0
2329	chr8:116841001-116943000	SBS3	2	1	0	1	0	0	0	0	0	0
2330	chr8:116943001-117875980	SBS1	3	1	2	0	0	0	0	0	0	0
2331	chr8:116943001-117875980	SBS3	3	1	3	0	0	2	0	0	0	0
2332	chr8:118132001-119611870	SBS100	3	1	1	0	0	0	0	0	0	0
2333	chr8:118132001-119611870	SBS3	3	1	2	2	0	2	0	0	0	0
2334	chr8:11875001-12376861	SBS3	2	0	2	0	0	0	0	0	0	0
2335	chr8:119621515-119732000	SBS3	3	1	1	0	0	0	0	0	0	0
2336	chr8:119892001-120403000	SBS3	3	1	1	0	0	0	0	0	0	0
2337	chr8:120403001-120465000	SBS3	2	1	1	0	0	0	0	0	0	0
2338	chr8:120465001-124310000	SBS1	3	1	1	0	0	1	0	0	0	0
2339	chr8:120465001-124310000	SBS100	3	1	2	1	0	1	0	0	0	0
2340	chr8:120465001-124310000	SBS3	3	1	12	5	0	3	0	0	0	0
2341	chr8:12376862-14879886	SBS1	1	0	1	0	0	0	0	0	0	0
2342	chr8:12376862-14879886	SBS3	1	0	6	0	0	0	0	0	0	0
2343	chr8:124377001-124420000	SBS3	3	1	0	0	0	1	0	0	0	0
2344	chr8:124420001-124598000	SBS3	2	1	2	0	0	0	0	0	0	0
2345	chr8:124598001-124957000	SBS3	3	1	1	0	0	0	0	0	0	0
2346	chr8:124957001-125436000	SBS100	2	1	1	0	0	0	0	0	0	0
2347	chr8:124957001-125436000	SBS3	2	1	2	1	0	0	0	0	0	0
2348	chr8:125436001-126809000	SBS3	3	1	2	1	0	5	0	0	0	0
2349	chr8:126809001-127368000	SBS3	2	1	0	1	0	0	0	0	0	0
2350	chr8:127774598-130404374	SBS3	3	1	6	0	0	1	0	0	0	0
2351	chr8:130404717-130486000	SBS100	2	1	1	0	0	0	0	0	0	0
2352	chr8:130486001-131305439	SBS3	3	1	7	0	0	2	0	0	0	0
2353	chr8:131307071-131902000	SBS100	3	1	1	0	0	0	0	0	0	0
2354	chr8:131307071-131902000	SBS3	3	1	5	0	0	1	0	0	0	0
2355	chr8:132017001-132753000	SBS3	3	1	5	0	0	0	0	0	0	0
2356	chr8:132843001-133201000	SBS1	3	1	0	0	0	1	0	0	0	0
2357	chr8:132843001-133201000	SBS3	3	1	2	0	0	0	0	0	0	0
2358	chr8:133201001-134682000	SBS100	3	1	1	0	0	0	0	0	0	0
2359	chr8:133201001-134682000	SBS3	3	1	14	0	0	3	0	0	0	0
2360	chr8:134844001-135455000	SBS3	3	1	1	0	0	1	0	0	0	0
2361	chr8:135667001-136734116	SBS100	3	1	3	0	0	0	0	0	0	0
2362	chr8:135667001-136734116	SBS3	3	1	6	2	0	1	0	0	0	0
2363	chr8:136739734-139143965	SBS100	3	1	1	0	0	0	0	0	0	0
2364	chr8:136739734-139143965	SBS3	3	1	10	1	0	1	0	0	0	0
2365	chr8:139148060-139574830	SBS3	4	1	1	1	1	1	0	0	0	0
2366	chr8:139575216-140586000	SBS1	3	1	2	0	0	0	0	0	0	0
2367	chr8:139575216-140586000	SBS3	3	1	7	0	0	2	0	0	0	0
2368	chr8:140586001-141005000	SBS3	2	1	2	0	0	0	0	0	0	0
2369	chr8:141005001-141362467	SBS3	3	1	0	0	0	2	0	0	0	0
2370	chr8:141365851-141404000	SBS3	3	1	0	1	0	0	0	0	0	0
2371	chr8:141404001-142521538	SBS100	4	1	2	0	0	0	0	0	0	0
2372	chr8:141404001-142521538	SBS3	4	1	6	0	2	0	0	0	0	0
2373	chr8:142521539-142665500	SBS100	4	2	0	0	1	0	0	0	0	0
2374	chr8:142521539-142665500	SBS3	4	2	0	0	3	0	0	0	0	0
2375	chr8:142665501-142739000	SBS3	2	2	1	0	0	0	0	0	0	0
2376	chr8:142739001-143443864	SBS1	4	2	1	0	0	0	0	0	0	0
2377	chr8:142739001-143443864	SBS100	4	2	0	0	1	0	0	0	0	0
2378	chr8:142739001-143443864	SBS3	4	2	4	0	1	0	0	0	0	0
2379	chr8:143443865-143833367	SBS3	3	1	1	0	0	0	0	0	0	0
2380	chr8:143833368-144228006	SBS3	6	1	5	1	0	1	0	1	0	0
2381	chr8:144228007-144561211	SBS3	3	1	1	0	0	0	0	0	0	0
2382	chr8:144561212-144562191	SBS3	1	1	5	0	0	0	0	0	0	0
2383	chr8:144562192-145138636	SBS1	3	1	1	0	0	0	0	0	0	0
2384	chr8:144562192-145138636	SBS3	3	1	5	0	0	1	0	0	0	0
2385	chr8:14879919-19153451	SBS1	1	0	2	0	0	0	0	0	0	0
2386	chr8:14879919-19153451	SBS3	1	0	7	0	0	0	0	0	0	0
2387	chr8:1831501-1978355	SBS3	4	0	0	0	1	0	0	0	0	0
2388	chr8:19153463-19502523	SBS3	1	0	1	0	0	0	0	0	0	0
2389	chr8:19714167-20956804	SBS3	1	0	3	0	0	0	0	0	0	0
2390	chr8:1978356-2235794	SBS3	4	0	1	0	0	1	0	0	0	0
2391	chr8:21094680-23285543	SBS3	1	0	4	0	0	0	0	0	0	0
2392	chr8:2235795-5207941	SBS1	2	0	0	1	0	0	0	0	0	0
2393	chr8:2235795-5207941	SBS3	2	0	5	3	0	0	0	0	0	0
2394	chr8:23452001-23562000	SBS3	1	1	3	0	0	0	0	0	0	0
2395	chr8:23562001-23846000	SBS3	1	1	3	0	0	0	0	0	0	0
2396	chr8:23846001-24248000	SBS3	1	1	2	0	0	0	0	0	0	0
2397	chr8:24248001-25169000	SBS1	1	1	1	0	0	0	0	0	0	0
2398	chr8:24248001-25169000	SBS3	1	1	9	0	0	0	0	0	0	0
2399	chr8:25518001-26238000	SBS3	1	1	9	0	0	0	0	0	0	0
2400	chr8:261319-743000	SBS100	2	0	1	0	0	0	0	0	0	0
2401	chr8:261319-743000	SBS3	2	0	1	0	0	0	0	0	0	0
2402	chr8:26582001-26681000	SBS3	1	1	1	0	0	0	0	0	0	0
2403	chr8:26681001-26962755	SBS3	1	1	2	0	0	0	0	0	0	0
2404	chr8:26962756-27267000	SBS3	1	0	1	0	0	0	0	0	0	0
2405	chr8:27440579-27679000	SBS3	2	0	2	0	0	0	0	0	0	0
2406	chr8:27843001-28168984	SBS3	2	0	1	0	0	0	0	0	0	0
2407	chr8:28423001-28555340	SBS3	2	0	1	0	0	0	0	0	0	0
2408	chr8:28555341-28884000	SBS3	2	0	0	1	0	0	0	0	0	0
2409	chr8:28884001-31186000	SBS1	1	0	1	0	0	0	0	0	0	0
2410	chr8:28884001-31186000	SBS3	1	0	9	0	0	0	0	0	0	0
2411	chr8:31186001-33456000	SBS3	1	0	5	0	0	0	0	0	0	0
2412	chr8:33601001-37733000	SBS1	1	0	3	0	0	0	0	0	0	0
2413	chr8:33601001-37733000	SBS100	1	0	2	0	0	0	0	0	0	0
2414	chr8:33601001-37733000	SBS3	1	0	22	0	0	0	0	0	0	0
2415	chr8:38066309-43290024	SBS3	1	0	29	0	0	0	0	0	0	0
2416	chr8:43296117-44955504	SBS1	1	1	1	0	0	0	0	0	0	0
2417	chr8:43296117-44955504	SBS3	1	1	8	0	0	0	0	0	0	0
2418	chr8:45930155-47256000	SBS1	2	1	1	0	0	0	0	0	0	0
2419	chr8:45930155-47256000	SBS3	2	1	6	6	0	0	0	0	0	0
2420	chr8:47256001-48055000	SBS3	1	1	6	0	0	0	0	0	0	0
2421	chr8:48055001-51827000	SBS1	1	1	1	0	0	0	0	0	0	0
2422	chr8:48055001-51827000	SBS3	1	1	7	0	0	0	0	0	0	0
2423	chr8:51827001-52020000	SBS3	1	1	1	0	0	0	0	0	0	0
2424	chr8:52020001-52610000	SBS3	1	1	4	0	0	0	0	0	0	0
2425	chr8:5210208-6279781	SBS3	2	0	3	1	0	0	0	0	0	0
2426	chr8:52729001-53709000	SBS3	1	1	3	0	0	0	0	0	0	0
2427	chr8:53709001-54177000	SBS3	1	1	2	0	0	0	0	0	0	0
2428	chr8:54177001-54679878	SBS3	2	1	0	3	0	0	0	0	0	0
2429	chr8:54679919-55187411	SBS3	2	1	0	2	0	0	0	0	0	0
2430	chr8:55187454-55379088	SBS3	2	1	0	5	0	0	0	0	0	0
2431	chr8:55379130-55740000	SBS3	2	1	0	2	0	0	0	0	0	0
2432	chr8:55740001-56032000	SBS3	1	1	3	0	0	0	0	0	0	0
2433	chr8:56032001-56921000	SBS3	1	1	15	0	0	0	0	0	0	0
2434	chr8:57000001-57518000	SBS1	1	1	1	0	0	0	0	0	0	0
2435	chr8:57000001-57518000	SBS3	1	1	3	0	0	0	0	0	0	0
2436	chr8:57518001-58550000	SBS3	1	1	4	0	0	0	0	0	0	0
2437	chr8:58809001-60388000	SBS3	1	1	10	0	0	0	0	0	0	0
2438	chr8:60388001-60552905	SBS3	1	1	2	0	0	0	0	0	0	0
2439	chr8:60552906-61035000	SBS3	2	1	2	1	0	0	0	0	0	0
2440	chr8:61035001-61160114	SBS3	3	1	0	1	0	0	0	0	0	0
2441	chr8:61160115-61510000	SBS3	2	1	0	1	0	0	0	0	0	0
2442	chr8:61510001-61825000	SBS3	1	1	1	0	0	0	0	0	0	0
2443	chr8:61825001-63003000	SBS3	1	1	5	0	0	0	0	0	0	0
2444	chr8:63160001-63224000	SBS3	1	1	1	0	0	0	0	0	0	0
2445	chr8:63224001-64363294	SBS100	2	1	0	1	0	0	0	0	0	0
2446	chr8:63224001-64363294	SBS3	2	1	7	0	0	0	0	0	0	0
2447	chr8:6399001-7659500	SBS3	3	0	0	0	0	1	0	0	0	0
2448	chr8:64367879-64567000	SBS3	1	1	2	0	0	0	0	0	0	0
2449	chr8:64920001-65633000	SBS100	1	1	1	0	0	0	0	0	0	0
2450	chr8:64920001-65633000	SBS3	1	1	2	0	0	0	0	0	0	0
2451	chr8:66673001-67310127	SBS3	1	1	3	0	0	0	0	0	0	0
2452	chr8:67347001-68818168	SBS3	1	1	6	0	0	0	0	0	0	0
2453	chr8:68958944-70147000	SBS1	1	0	1	0	0	0	0	0	0	0
2454	chr8:70147001-70406000	SBS3	1	0	3	0	0	0	0	0	0	0
2455	chr8:70406001-71819000	SBS3	1	0	4	0	0	0	0	0	0	0
2456	chr8:71863001-73281000	SBS3	1	0	4	0	0	0	0	0	0	0
2457	chr8:73336001-84539717	SBS1	1	0	1	0	0	0	0	0	0	0
2458	chr8:73336001-84539717	SBS100	1	0	3	0	0	0	0	0	0	0
2459	chr8:73336001-84539717	SBS3	1	0	33	0	0	0	0	0	0	0
2460	chr8:743001-1077256	SBS3	3	0	4	0	0	0	0	0	0	0
2461	chr8:7659501-9350641	SBS3	2	0	5	4	0	0	0	0	0	0
2462	chr8:84539757-88737468	SBS3	1	0	12	0	0	0	0	0	0	0
2463	chr8:88737503-91281578	SBS3	1	0	10	0	0	0	0	0	0	0
2464	chr8:91281579-92696750	SBS1	1	0	1	0	0	0	0	0	0	0
2465	chr8:91281579-92696750	SBS3	1	0	4	0	0	0	0	0	0	0
2466	chr8:92698001-100330823	SBS1	1	0	3	0	0	0	0	0	0	0
2467	chr8:92698001-100330823	SBS100	1	0	1	0	0	0	0	0	0	0
2468	chr8:92698001-100330823	SBS3	1	0	20	0	0	0	0	0	0	0
2469	chr9:1-383000	SBS3	3	1	2	1	0	0	0	0	0	0
2470	chr9:104666276-104738000	SBS3	2	1	1	0	0	0	0	0	0	0
2471	chr9:104769001-105078573	SBS3	2	1	2	0	0	0	0	0	0	0
2472	chr9:105078616-105233000	SBS3	2	1	0	1	0	0	0	0	0	0
2473	chr9:105249621-106856000	SBS3	1	1	5	0	0	0	0	0	0	0
2474	chr9:107352001-108864000	SBS1	1	1	1	0	0	0	0	0	0	0
2475	chr9:107352001-108864000	SBS3	1	1	8	0	0	0	0	0	0	0
2476	chr9:108864001-112944000	SBS1	1	1	1	0	0	0	0	0	0	0
2477	chr9:108864001-112944000	SBS100	1	1	4	0	0	0	0	0	0	0
2478	chr9:108864001-112944000	SBS3	1	1	9	0	0	0	0	0	0	0
2479	chr9:112944001-113148000	SBS3	1	1	1	0	0	0	0	0	0	0
2480	chr9:113148001-113336000	SBS3	1	1	1	0	0	0	0	0	0	0
2481	chr9:113384001-116719000	SBS1	1	1	1	0	0	0	0	0	0	0
2482	chr9:113384001-116719000	SBS3	1	1	6	0	0	0	0	0	0	0
2483	chr9:116719001-117509580	SBS3	1	1	6	0	0	0	0	0	0	0
2484	chr9:117510308-118466582	SBS3	1	1	6	0	0	0	0	0	0	0
2485	chr9:118466618-119154300	SBS100	1	1	1	0	0	0	0	0	0	0
2486	chr9:118466618-119154300	SBS3	1	1	2	0	0	0	0	0	0	0
2487	chr9:119159389-120385000	SBS3	1	1	5	0	0	0	0	0	0	0
2488	chr9:120385001-121259000	SBS3	1	1	3	0	0	0	0	0	0	0
2489	chr9:121377001-122076560	SBS3	1	1	4	0	0	0	0	0	0	0
2490	chr9:122076612-122915004	SBS3	1	1	1	0	0	0	0	0	0	0
2491	chr9:123363001-123566840	SBS3	1	1	1	0	0	0	0	0	0	0
2492	chr9:123578163-123837000	SBS3	2	1	1	1	0	0	0	0	0	0
2493	chr9:123837001-124349000	SBS3	2	1	1	0	0	0	0	0	0	0
2494	chr9:124620582-125966000	SBS1	2	1	2	0	0	0	0	0	0	0
2495	chr9:124620582-125966000	SBS100	2	1	0	1	0	0	0	0	0	0
2496	chr9:124620582-125966000	SBS3	2	1	6	0	0	0	0	0	0	0
2497	chr9:125966001-126844609	SBS100	2	1	0	1	0	0	0	0	0	0
2498	chr9:125966001-126844609	SBS3	2	1	1	3	0	0	0	0	0	0
2499	chr9:126844610-127422000	SBS3	2	0	3	0	0	0	0	0	0	0
2500	chr9:127422001-134457500	SBS1	1	0	4	0	0	0	0	0	0	0
2501	chr9:127422001-134457500	SBS100	1	0	2	0	0	0	0	0	0	0
2502	chr9:127422001-134457500	SBS3	1	0	40	0	0	0	0	0	0	0
2503	chr9:13410001-13730000	SBS3	3	1	1	0	0	0	0	0	0	0
2504	chr9:134457501-136321000	SBS100	1	0	2	0	0	0	0	0	0	0
2505	chr9:134457501-136321000	SBS3	1	0	3	0	0	0	0	0	0	0
2506	chr9:136321001-137778000	SBS1	1	0	1	0	0	0	0	0	0	0
2507	chr9:136321001-137778000	SBS100	1	0	1	0	0	0	0	0	0	0
2508	chr9:136321001-137778000	SBS3	1	0	9	0	0	0	0	0	0	0
2509	chr9:13730001-14065000	SBS3	3	1	1	1	0	0	0	0	0	0
2510	chr9:137778001-138394717	SBS1	1	0	1	0	0	0	0	0	0	0
2511	chr9:137778001-138394717	SBS3	1	0	2	0	0	0	0	0	0	0
2512	chr9:14296001-14355000	SBS3	2	1	1	0	0	0	0	0	0	0
2513	chr9:14355001-14696550	SBS3	3	1	5	0	0	0	0	0	0	0
2514	chr9:14696551-15132000	SBS3	4	1	3	0	0	0	0	0	0	0
2515	chr9:1495033-2013000	SBS3	4	1	6	5	1	0	0	0	0	0
2516	chr9:15132001-15655288	SBS3	3	1	4	1	0	1	0	0	0	0
2517	chr9:15655289-15898451	SBS3	4	1	3	0	0	0	0	0	0	0
2518	chr9:15898452-17965226	SBS1	4	1	1	0	0	0	0	0	0	0
2519	chr9:15898452-17965226	SBS100	4	1	2	0	0	0	0	0	0	0
2520	chr9:15898452-17965226	SBS3	4	1	11	2	0	0	0	0	0	0
2521	chr9:17965227-18830000	SBS100	2	1	1	0	0	0	0	0	0	0
2522	chr9:17965227-18830000	SBS3	2	1	4	0	0	0	0	0	0	0
2523	chr9:18830001-19047000	SBS3	2	1	3	0	0	0	0	0	0	0
2524	chr9:19047001-19228450	SBS3	2	1	1	0	0	0	0	0	0	0
2525	chr9:19228451-19244486	SBS3	1	1	3	0	0	0	0	0	0	0
2526	chr9:19474001-19916000	SBS100	2	1	1	0	0	0	0	0	0	0
2527	chr9:19474001-19916000	SBS3	2	1	2	2	0	0	0	0	0	0
2528	chr9:19916001-21546000	SBS100	2	1	0	1	0	0	0	0	0	0
2529	chr9:19916001-21546000	SBS3	2	1	3	5	0	0	0	0	0	0
2530	chr9:2019001-2297000	SBS3	3	1	1	0	0	0	0	0	0	0
2531	chr9:21546001-21581000	SBS3	1	1	2	0	0	0	0	0	0	0
2532	chr9:21581001-21972000	SBS3	2	1	1	0	0	0	0	0	0	0
2533	chr9:22011001-22230849	SBS3	2	1	1	1	0	0	0	0	0	0
2534	chr9:22247001-23761000	SBS100	2	1	1	0	0	0	0	0	0	0
2535	chr9:22247001-23761000	SBS3	2	1	1	6	0	0	0	0	0	0
2536	chr9:2297001-2740606	SBS3	3	1	1	0	0	0	0	0	0	0
2537	chr9:23855001-23930710	SBS3	2	1	1	0	0	0	0	0	0	0
2538	chr9:23930845-24244646	SBS3	2	1	2	1	0	0	0	0	0	0
2539	chr9:24246387-27524000	SBS1	2	1	1	0	0	0	0	0	0	0
2540	chr9:24246387-27524000	SBS3	2	1	11	4	0	0	0	0	0	0
2541	chr9:27577501-32336000	SBS1	2	1	1	3	0	0	0	0	0	0
2542	chr9:27577501-32336000	SBS100	2	1	2	0	0	0	0	0	0	0
2543	chr9:27577501-32336000	SBS3	2	1	25	6	0	0	0	0	0	0
2544	chr9:2861001-3131018	SBS3	5	1	3	0	0	0	0	0	0	0
2545	chr9:3131034-3223000	SBS3	6	1	1	0	0	0	0	0	0	0
2546	chr9:3223001-3387714	SBS3	4	1	0	0	0	1	0	0	0	0
2547	chr9:32336001-32346800	SBS100	1	1	1	0	0	0	0	0	0	0
2548	chr9:32346801-32606000	SBS3	1	1	2	0	0	0	0	0	0	0
2549	chr9:32606001-33000000	SBS3	1	1	3	0	0	0	0	0	0	0
2550	chr9:33000001-33331000	SBS3	1	1	5	0	0	0	0	0	0	0
2551	chr9:33331001-33489820	SBS3	1	1	1	0	0	0	0	0	0	0
2552	chr9:33489821-33812500	SBS3	3	1	3	2	0	0	0	0	0	0
2553	chr9:33821001-34276117	SBS3	2	1	1	0	0	0	0	0	0	0
2554	chr9:3387715-3507264	SBS3	3	1	0	1	0	0	0	0	0	0
2555	chr9:34710001-34980000	SBS3	1	1	2	0	0	0	0	0	0	0
2556	chr9:34980001-35728000	SBS3	1	1	4	0	0	0	0	0	0	0
2557	chr9:3507265-4307397	SBS3	4	1	5	1	0	0	0	0	0	0
2558	chr9:35838001-35901000	SBS3	1	1	1	0	0	0	0	0	0	0
2559	chr9:35957001-36358059	SBS100	1	1	1	0	0	0	0	0	0	0
2560	chr9:36358060-36490000	SBS100	2	1	1	0	0	0	0	0	0	0
2561	chr9:36358060-36490000	SBS3	2	1	1	0	0	0	0	0	0	0
2562	chr9:36542831-36681500	SBS3	1	1	1	0	0	0	0	0	0	0
2563	chr9:36681501-37072500	SBS3	1	1	4	0	0	0	0	0	0	0
2564	chr9:37072501-38204000	SBS1	1	1	1	0	0	0	0	0	0	0
2565	chr9:37072501-38204000	SBS3	1	1	6	0	0	0	0	0	0	0
2566	chr9:38204001-44377362	SBS1	1	1	3	0	0	0	0	0	0	0
2567	chr9:38204001-44377362	SBS3	1	1	18	0	0	0	0	0	0	0
2568	chr9:383001-760000	SBS3	2	1	1	0	0	0	0	0	0	0
2569	chr9:4329152-4452177	SBS3	4	1	2	0	0	0	0	0	0	0
2570	chr9:44377363-87465172	SBS1	1	0	4	0	0	0	0	0	0	0
2571	chr9:44377363-87465172	SBS100	1	0	3	0	0	0	0	0	0	0
2572	chr9:44377363-87465172	SBS3	1	0	83	0	0	0	0	0	0	0
2573	chr9:4458576-4512230	SBS3	4	1	1	0	0	0	0	0	0	0
2574	chr9:4512231-4585891	SBS3	3	1	1	1	0	0	0	0	0	0
2575	chr9:5335966-5402281	SBS3	2	1	3	0	0	0	0	0	0	0
2576	chr9:5402282-7095708	SBS100	3	1	1	0	0	1	0	0	0	0
2577	chr9:5402282-7095708	SBS3	3	1	7	0	0	0	0	0	0	0
2578	chr9:7201440-13192407	SBS1	4	1	1	0	0	0	0	0	0	0
2579	chr9:7201440-13192407	SBS100	4	1	2	0	0	0	0	0	0	0
2580	chr9:7201440-13192407	SBS3	4	1	25	15	5	1	0	0	0	0
2581	chr9:760001-830000	SBS3	2	1	0	1	0	0	0	0	0	0
2582	chr9:830001-1489400	SBS1	3	1	1	0	0	0	0	0	0	0
2583	chr9:830001-1489400	SBS3	3	1	5	1	0	0	0	0	0	0
2584	chr9:87478317-88624389	SBS1	1	0	1	0	0	0	0	0	0	0
2585	chr9:87478317-88624389	SBS3	1	0	3	0	0	0	0	0	0	0
2586	chr9:88624390-91187000	SBS1	1	1	1	0	0	0	0	0	0	0
2587	chr9:88624390-91187000	SBS3	1	1	4	0	0	0	0	0	0	0
2588	chr9:91436001-92028000	SBS3	1	1	3	0	0	0	0	0	0	0
2589	chr9:92028001-93334786	SBS1	1	1	2	0	0	0	0	0	0	0
2590	chr9:92028001-93334786	SBS100	1	1	1	0	0	0	0	0	0	0
2591	chr9:92028001-93334786	SBS3	1	1	6	0	0	0	0	0	0	0
2592	chr9:93334832-93442000	SBS3	1	1	3	0	0	0	0	0	0	0
2593	chr9:93442001-93583000	SBS3	1	1	1	0	0	0	0	0	0	0
2594	chr9:94184001-95071483	SBS100	1	1	1	0	0	0	0	0	0	0
2595	chr9:94184001-95071483	SBS3	1	1	3	0	0	0	0	0	0	0
2596	chr9:95071793-97614500	SBS100	1	1	1	0	0	0	0	0	0	0
2597	chr9:95071793-97614500	SBS3	1	1	7	0	0	0	0	0	0	0
2598	chr9:98268001-98759000	SBS3	1	1	3	0	0	0	0	0	0	0
2599	chr9:98759001-104666275	SBS1	1	1	1	0	0	0	0	0	0	0
2600	chr9:98759001-104666275	SBS100	1	1	1	0	0	0	0	0	0	0
2601	chr9:98759001-104666275	SBS3	1	1	24	0	0	0	0	0	0	0
