	segment_id	sig_max	major_cn	minor_cn	N2	N1	N3	N4	N5	N7	N8	N6	N11
0	chr10:1-1123000	SBS13	3	1	1	0	0	0	0	0	0	0	0
1	chr10:1-1123000	SBS3	3	1	3	5	1	0	0	0	0	0	0
2	chr10:1-1123000	SBS5	3	1	0	3	1	0	0	0	0	0	0
3	chr10:1-1123000	SBS8	3	1	0	1	0	0	0	0	0	0	0
4	chr10:10018260-11458000	SBS13	3	1	1	0	0	0	0	0	0	0	0
5	chr10:10018260-11458000	SBS3	3	1	1	1	0	0	0	0	0	0	0
6	chr10:10018260-11458000	SBS5	3	1	0	0	1	0	0	0	0	0	0
7	chr10:10018260-11458000	SBS8	3	1	0	1	0	0	0	0	0	0	0
8	chr10:100560001-100878000	SBS13	2	0	0	1	0	0	0	0	0	0	0
9	chr10:100878001-104249000	SBS1	2	0	0	1	0	0	0	0	0	0	0
10	chr10:100878001-104249000	SBS100	2	0	1	0	0	0	0	0	0	0	0
11	chr10:100878001-104249000	SBS13	2	0	0	1	0	0	0	0	0	0	0
12	chr10:100878001-104249000	SBS3	2	0	1	3	0	0	0	0	0	0	0
13	chr10:100878001-104249000	SBS5	2	0	0	1	0	0	0	0	0	0	0
14	chr10:100878001-104249000	SBS8	2	0	0	1	0	0	0	0	0	0	0
15	chr10:104358001-109850000	SBS3	2	0	6	0	0	0	0	0	0	0	0
16	chr10:104358001-109850000	SBS5	2	0	1	0	0	0	0	0	0	0	0
17	chr10:104358001-109850000	SBS8	2	0	4	0	0	0	0	0	0	0	0
18	chr10:109850001-111020000	SBS3	2	0	0	1	0	0	0	0	0	0	0
19	chr10:111020001-112352000	SBS3	2	0	1	0	0	0	0	0	0	0	0
20	chr10:1123001-2597591	SBS1	4	1	0	1	0	0	0	0	0	0	0
21	chr10:1123001-2597591	SBS13	4	1	0	1	0	0	0	0	0	0	0
22	chr10:1123001-2597591	SBS3	4	1	5	1	1	1	0	0	0	0	0
23	chr10:1123001-2597591	SBS8	4	1	0	1	1	0	0	0	0	0	0
24	chr10:112352001-114979000	SBS1	2	0	2	0	0	0	0	0	0	0	0
25	chr10:112352001-114979000	SBS3	2	0	0	2	0	0	0	0	0	0	0
26	chr10:112352001-114979000	SBS8	2	0	1	0	0	0	0	0	0	0	0
27	chr10:114979001-118762000	SBS100	2	0	0	1	0	0	0	0	0	0	0
28	chr10:114979001-118762000	SBS3	2	0	7	2	0	0	0	0	0	0	0
29	chr10:114979001-118762000	SBS5	2	0	0	1	0	0	0	0	0	0	0
30	chr10:114979001-118762000	SBS8	2	0	1	0	0	0	0	0	0	0	0
31	chr10:11620001-16359235	SBS1	3	1	0	1	0	0	0	0	0	0	0
32	chr10:11620001-16359235	SBS100	3	1	0	2	0	0	0	0	0	0	0
33	chr10:11620001-16359235	SBS13	3	1	2	0	0	0	0	0	0	0	0
34	chr10:11620001-16359235	SBS3	3	1	7	12	3	0	0	0	0	0	0
35	chr10:11620001-16359235	SBS5	3	1	2	1	0	0	0	0	0	0	0
36	chr10:11620001-16359235	SBS8	3	1	0	2	0	0	0	0	0	0	0
37	chr10:118762001-122979000	SBS1	2	1	0	1	0	0	0	0	0	0	0
38	chr10:118762001-122979000	SBS13	2	1	0	1	0	0	0	0	0	0	0
39	chr10:118762001-122979000	SBS3	2	1	5	5	0	0	0	0	0	0	0
40	chr10:122979001-130203000	SBS1	2	0	1	4	0	0	0	0	0	0	0
41	chr10:122979001-130203000	SBS13	2	0	0	1	0	0	0	0	0	0	0
42	chr10:122979001-130203000	SBS3	2	0	6	6	0	0	0	0	0	0	0
43	chr10:122979001-130203000	SBS5	2	0	1	0	0	0	0	0	0	0	0
44	chr10:122979001-130203000	SBS8	2	0	2	0	0	0	0	0	0	0	0
45	chr10:130203001-133797422	SBS1	2	0	1	0	0	0	0	0	0	0	0
46	chr10:130203001-133797422	SBS100	2	0	0	1	0	0	0	0	0	0	0
47	chr10:130203001-133797422	SBS3	2	0	6	2	0	0	0	0	0	0	0
48	chr10:130203001-133797422	SBS8	2	0	0	2	0	0	0	0	0	0	0
49	chr10:16359236-16806000	SBS1	3	2	1	0	0	0	0	0	0	0	0
50	chr10:17240001-19809000	SBS1	3	2	0	0	1	0	0	0	0	0	0
51	chr10:17240001-19809000	SBS13	3	2	0	3	0	0	0	0	0	0	0
52	chr10:17240001-19809000	SBS3	3	2	8	1	4	0	0	0	0	0	0
53	chr10:17240001-19809000	SBS5	3	2	0	1	0	0	0	0	0	0	0
54	chr10:17240001-19809000	SBS8	3	2	1	0	1	0	0	0	0	0	0
55	chr10:20197001-24160788	SBS1	3	2	1	1	0	0	0	0	0	0	0
56	chr10:20197001-24160788	SBS100	3	2	0	0	1	0	0	0	0	0	0
57	chr10:20197001-24160788	SBS13	3	2	1	1	0	0	0	0	0	0	0
58	chr10:20197001-24160788	SBS3	3	2	7	10	4	0	0	0	0	0	0
59	chr10:20197001-24160788	SBS5	3	2	0	3	0	0	0	0	0	0	0
60	chr10:20197001-24160788	SBS8	3	2	1	2	1	0	0	0	0	0	0
61	chr10:24160789-24385005	SBS13	2	1	0	2	0	0	0	0	0	0	0
62	chr10:24160789-24385005	SBS3	2	1	1	0	0	0	0	0	0	0	0
63	chr10:24385006-24742553	SBS13	3	2	1	0	0	0	0	0	0	0	0
64	chr10:24752525-25127000	SBS1	3	2	0	1	0	0	0	0	0	0	0
65	chr10:24752525-25127000	SBS3	3	2	0	1	0	0	0	0	0	0	0
66	chr10:24752525-25127000	SBS5	3	2	0	1	0	0	0	0	0	0	0
67	chr10:25127001-26723000	SBS1	3	3	0	0	1	0	0	0	0	0	0
68	chr10:25127001-26723000	SBS100	3	3	0	2	0	0	0	0	0	0	0
69	chr10:25127001-26723000	SBS13	3	3	1	0	0	0	0	0	0	0	0
70	chr10:25127001-26723000	SBS3	3	3	2	10	1	0	0	0	0	0	0
71	chr10:25127001-26723000	SBS5	3	3	1	1	1	0	0	0	0	0	0
72	chr10:25127001-26723000	SBS8	3	3	0	1	0	0	0	0	0	0	0
73	chr10:2601190-3067500	SBS13	4	1	1	0	0	0	0	0	0	0	0
74	chr10:2601190-3067500	SBS3	4	1	2	1	0	1	0	0	0	0	0
75	chr10:2601190-3067500	SBS8	4	1	0	0	0	1	0	0	0	0	0
76	chr10:26723001-26884500	SBS3	3	2	1	0	0	0	0	0	0	0	0
77	chr10:26884501-27966593	SBS3	3	3	1	7	0	0	0	0	0	0	0
78	chr10:26884501-27966593	SBS5	3	3	0	2	0	0	0	0	0	0	0
79	chr10:26884501-27966593	SBS8	3	3	0	1	1	0	0	0	0	0	0
80	chr10:27966634-32266760	SBS1	3	3	1	2	0	0	0	0	0	0	0
81	chr10:27966634-32266760	SBS100	3	3	2	0	0	0	0	0	0	0	0
82	chr10:27966634-32266760	SBS13	3	3	0	1	1	0	0	0	0	0	0
83	chr10:27966634-32266760	SBS3	3	3	11	6	3	0	0	0	0	0	0
84	chr10:27966634-32266760	SBS5	3	3	0	2	0	0	0	0	0	0	0
85	chr10:27966634-32266760	SBS8	3	3	3	2	3	0	0	0	0	0	0
86	chr10:3067501-4821331	SBS100	3	1	1	0	0	0	0	0	0	0	0
87	chr10:3067501-4821331	SBS3	3	1	2	3	0	0	0	0	0	0	0
88	chr10:3067501-4821331	SBS8	3	1	1	0	0	0	0	0	0	0	0
89	chr10:32382001-32882000	SBS3	4	3	1	0	0	0	0	0	0	0	0
90	chr10:32382001-32882000	SBS5	4	3	2	0	0	0	0	0	0	0	0
91	chr10:32382001-32882000	SBS8	4	3	1	0	0	0	0	0	0	0	0
92	chr10:32882001-33011000	SBS100	3	2	0	1	0	0	0	0	0	0	0
93	chr10:32882001-33011000	SBS5	3	2	0	1	0	0	0	0	0	0	0
94	chr10:33011001-34184977	SBS3	3	3	5	3	1	0	0	0	0	0	0
95	chr10:34184978-38913000	SBS1	3	2	1	2	0	0	0	0	0	0	0
96	chr10:34184978-38913000	SBS100	3	2	0	0	1	0	0	0	0	0	0
97	chr10:34184978-38913000	SBS13	3	2	2	0	1	0	0	0	0	0	0
98	chr10:34184978-38913000	SBS3	3	2	8	15	6	0	0	0	0	0	0
99	chr10:34184978-38913000	SBS5	3	2	1	4	0	0	0	0	0	0	0
100	chr10:34184978-38913000	SBS8	3	2	0	1	0	0	0	0	0	0	0
101	chr10:38913001-40640101	SBS100	4	3	1	0	0	0	0	0	0	0	0
102	chr10:38913001-40640101	SBS13	4	3	0	1	0	0	0	0	0	0	0
103	chr10:38913001-40640101	SBS3	4	3	1	3	0	1	0	0	0	0	0
104	chr10:38913001-40640101	SBS5	4	3	0	1	0	0	0	0	0	0	0
105	chr10:38913001-40640101	SBS8	4	3	0	1	0	0	0	0	0	0	0
106	chr10:40640102-46561000	SBS1	2	0	1	1	0	0	0	0	0	0	0
107	chr10:40640102-46561000	SBS13	2	0	0	1	0	0	0	0	0	0	0
108	chr10:40640102-46561000	SBS3	2	0	3	8	0	0	0	0	0	0	0
109	chr10:40640102-46561000	SBS5	2	0	1	2	0	0	0	0	0	0	0
110	chr10:40640102-46561000	SBS8	2	0	1	2	0	0	0	0	0	0	0
111	chr10:46561001-49330563	SBS100	2	1	0	1	0	0	0	0	0	0	0
112	chr10:46561001-49330563	SBS13	2	1	2	0	0	0	0	0	0	0	0
113	chr10:46561001-49330563	SBS3	2	1	2	0	0	0	0	0	0	0	0
114	chr10:46561001-49330563	SBS5	2	1	0	1	0	0	0	0	0	0	0
115	chr10:4823268-5409000	SBS100	3	1	0	1	0	0	0	0	0	0	0
116	chr10:4823268-5409000	SBS3	3	1	1	0	0	0	0	0	0	0	0
117	chr10:4823268-5409000	SBS5	3	1	0	0	1	0	0	0	0	0	0
118	chr10:49330564-50305000	SBS100	2	0	0	1	0	0	0	0	0	0	0
119	chr10:49330564-50305000	SBS3	2	0	1	1	0	0	0	0	0	0	0
120	chr10:49330564-50305000	SBS8	2	0	1	1	0	0	0	0	0	0	0
121	chr10:50790001-51772110	SBS3	2	0	1	1	0	0	0	0	0	0	0
122	chr10:51772111-59570415	SBS1	2	1	2	0	0	0	0	0	0	0	0
123	chr10:51772111-59570415	SBS13	2	1	0	2	0	0	0	0	0	0	0
124	chr10:51772111-59570415	SBS3	2	1	17	12	0	0	0	0	0	0	0
125	chr10:51772111-59570415	SBS5	2	1	1	2	0	0	0	0	0	0	0
126	chr10:51772111-59570415	SBS8	2	1	3	3	0	0	0	0	0	0	0
127	chr10:5409001-7426000	SBS1	3	1	0	2	1	0	0	0	0	0	0
128	chr10:5409001-7426000	SBS13	3	1	0	0	1	0	0	0	0	0	0
129	chr10:5409001-7426000	SBS3	3	1	2	3	3	0	0	0	0	0	0
130	chr10:5409001-7426000	SBS5	3	1	0	1	1	0	0	0	0	0	0
131	chr10:59613315-61742000	SBS1	2	1	0	1	0	0	0	0	0	0	0
132	chr10:59613315-61742000	SBS3	2	1	2	3	0	0	0	0	0	0	0
133	chr10:59613315-61742000	SBS5	2	1	0	1	0	0	0	0	0	0	0
134	chr10:59613315-61742000	SBS8	2	1	0	2	0	0	0	0	0	0	0
135	chr10:61742001-62273000	SBS3	2	1	1	0	0	0	0	0	0	0	0
136	chr10:62273001-63093000	SBS1	2	1	1	0	0	0	0	0	0	0	0
137	chr10:63725001-64846943	SBS1	2	1	0	1	0	0	0	0	0	0	0
138	chr10:63725001-64846943	SBS3	2	1	0	3	0	0	0	0	0	0	0
139	chr10:63725001-64846943	SBS5	2	1	0	1	0	0	0	0	0	0	0
140	chr10:63725001-64846943	SBS8	2	1	0	1	0	0	0	0	0	0	0
141	chr10:64850068-67758000	SBS13	2	1	1	1	0	0	0	0	0	0	0
142	chr10:64850068-67758000	SBS3	2	1	5	5	0	0	0	0	0	0	0
143	chr10:64850068-67758000	SBS8	2	1	1	1	0	0	0	0	0	0	0
144	chr10:67758001-70906588	SBS13	2	1	1	0	0	0	0	0	0	0	0
145	chr10:67758001-70906588	SBS3	2	1	1	3	0	0	0	0	0	0	0
146	chr10:67758001-70906588	SBS5	2	1	3	0	0	0	0	0	0	0	0
147	chr10:67758001-70906588	SBS8	2	1	1	0	0	0	0	0	0	0	0
148	chr10:70906589-71730000	SBS13	1	0	0	1	0	0	0	0	0	0	0
149	chr10:71730001-72214000	SBS13	2	0	1	0	0	0	0	0	0	0	0
150	chr10:71730001-72214000	SBS3	2	0	1	0	0	0	0	0	0	0	0
151	chr10:72214001-72359000	SBS3	1	0	0	1	0	0	0	0	0	0	0
152	chr10:72359001-75125601	SBS1	2	0	0	1	0	0	0	0	0	0	0
153	chr10:72359001-75125601	SBS3	2	0	1	2	0	0	0	0	0	0	0
154	chr10:72359001-75125601	SBS8	2	0	0	1	0	0	0	0	0	0	0
155	chr10:7426001-10001312	SBS1	3	1	0	1	0	0	0	0	0	0	0
156	chr10:7426001-10001312	SBS100	3	1	1	0	0	0	0	0	0	0	0
157	chr10:7426001-10001312	SBS13	3	1	0	2	0	0	0	0	0	0	0
158	chr10:7426001-10001312	SBS3	3	1	3	0	2	0	0	0	0	0	0
159	chr10:7426001-10001312	SBS5	3	1	1	0	1	0	0	0	0	0	0
160	chr10:7426001-10001312	SBS8	3	1	0	1	0	0	0	0	0	0	0
161	chr10:75125647-75869942	SBS1	2	0	1	0	0	0	0	0	0	0	0
162	chr10:76024918-80545000	SBS1	2	0	1	1	0	0	0	0	0	0	0
163	chr10:76024918-80545000	SBS13	2	0	1	0	0	0	0	0	0	0	0
164	chr10:76024918-80545000	SBS3	2	0	8	3	0	0	0	0	0	0	0
165	chr10:80545001-84131000	SBS100	2	0	0	1	0	0	0	0	0	0	0
166	chr10:80545001-84131000	SBS3	2	0	4	4	0	0	0	0	0	0	0
167	chr10:80545001-84131000	SBS5	2	0	3	0	0	0	0	0	0	0	0
168	chr10:80545001-84131000	SBS8	2	0	1	1	0	0	0	0	0	0	0
169	chr10:84131001-84553000	SBS3	2	0	1	0	0	0	0	0	0	0	0
170	chr10:84553001-86375000	SBS1	2	0	1	0	0	0	0	0	0	0	0
171	chr10:84553001-86375000	SBS3	2	0	4	1	0	0	0	0	0	0	0
172	chr10:84553001-86375000	SBS8	2	0	1	0	0	0	0	0	0	0	0
173	chr10:86375001-87749270	SBS3	2	0	0	2	0	0	0	0	0	0	0
174	chr10:88722971-94642000	SBS3	2	0	6	3	0	0	0	0	0	0	0
175	chr10:88722971-94642000	SBS8	2	0	3	0	0	0	0	0	0	0	0
176	chr10:94642001-95170000	SBS3	2	0	1	0	0	0	0	0	0	0	0
177	chr10:95170001-98424000	SBS13	2	0	1	0	0	0	0	0	0	0	0
178	chr10:95170001-98424000	SBS3	2	0	1	1	0	0	0	0	0	0	0
179	chr10:95170001-98424000	SBS8	2	0	1	0	0	0	0	0	0	0	0
180	chr10:98424001-99247317	SBS3	2	0	1	0	0	0	0	0	0	0	0
181	chr10:99251016-100560000	SBS3	2	0	2	3	0	0	0	0	0	0	0
182	chr10:99251016-100560000	SBS5	2	0	1	0	0	0	0	0	0	0	0
183	chr11:1-1019000	SBS3	2	0	0	2	0	0	0	0	0	0	0
184	chr11:1-1019000	SBS5	2	0	0	1	0	0	0	0	0	0	0
185	chr11:1-1019000	SBS8	2	0	0	1	0	0	0	0	0	0	0
186	chr11:1019001-1191499	SBS3	3	0	2	1	0	0	0	0	0	0	0
187	chr11:102107001-102626000	SBS1	2	0	0	1	0	0	0	0	0	0	0
188	chr11:102107001-102626000	SBS8	2	0	0	1	0	0	0	0	0	0	0
189	chr11:102626001-108994000	SBS1	2	0	0	2	0	0	0	0	0	0	0
190	chr11:102626001-108994000	SBS13	2	0	1	0	0	0	0	0	0	0	0
191	chr11:102626001-108994000	SBS3	2	0	6	12	0	0	0	0	0	0	0
192	chr11:102626001-108994000	SBS5	2	0	2	1	0	0	0	0	0	0	0
193	chr11:102626001-108994000	SBS8	2	0	2	0	0	0	0	0	0	0	0
194	chr11:108994001-109931000	SBS3	2	0	0	1	0	0	0	0	0	0	0
195	chr11:108994001-109931000	SBS8	2	0	1	0	0	0	0	0	0	0	0
196	chr11:109931001-114641000	SBS1	2	0	0	2	0	0	0	0	0	0	0
197	chr11:109931001-114641000	SBS100	2	0	1	0	0	0	0	0	0	0	0
198	chr11:109931001-114641000	SBS13	2	0	0	1	0	0	0	0	0	0	0
199	chr11:109931001-114641000	SBS3	2	0	4	6	0	0	0	0	0	0	0
200	chr11:109931001-114641000	SBS5	2	0	1	1	0	0	0	0	0	0	0
201	chr11:109931001-114641000	SBS8	2	0	1	3	0	0	0	0	0	0	0
202	chr11:114641001-115167000	SBS3	2	0	0	1	0	0	0	0	0	0	0
203	chr11:115167001-118422639	SBS3	2	0	3	4	0	0	0	0	0	0	0
204	chr11:115167001-118422639	SBS5	2	0	2	0	0	0	0	0	0	0	0
205	chr11:115167001-118422639	SBS8	2	0	1	1	0	0	0	0	0	0	0
206	chr11:118422640-128402000	SBS100	3	0	0	1	0	0	0	0	0	0	0
207	chr11:118422640-128402000	SBS13	3	0	0	0	1	0	0	0	0	0	0
208	chr11:118422640-128402000	SBS3	3	0	1	3	9	0	0	0	0	0	0
209	chr11:118422640-128402000	SBS8	3	0	0	1	1	0	0	0	0	0	0
210	chr11:1206646-2663000	SBS3	2	0	1	2	0	0	0	0	0	0	0
211	chr11:128836001-130952000	SBS100	3	0	1	0	0	0	0	0	0	0	0
212	chr11:128836001-130952000	SBS3	3	0	0	1	2	0	0	0	0	0	0
213	chr11:130952001-135086622	SBS1	3	0	0	0	1	0	0	0	0	0	0
214	chr11:130952001-135086622	SBS100	3	0	0	1	0	0	0	0	0	0	0
215	chr11:130952001-135086622	SBS13	3	0	0	0	2	0	0	0	0	0	0
216	chr11:130952001-135086622	SBS3	3	0	1	6	2	0	0	0	0	0	0
217	chr11:130952001-135086622	SBS5	3	0	0	0	1	0	0	0	0	0	0
218	chr11:130952001-135086622	SBS8	3	0	0	2	1	0	0	0	0	0	0
219	chr11:13498001-13664000	SBS13	2	0	0	1	0	0	0	0	0	0	0
220	chr11:13664001-15629000	SBS3	2	0	0	2	0	0	0	0	0	0	0
221	chr11:13664001-15629000	SBS8	2	0	1	3	0	0	0	0	0	0	0
222	chr11:15629001-17358000	SBS3	2	0	0	2	0	0	0	0	0	0	0
223	chr11:17358001-17799000	SBS3	2	0	0	1	0	0	0	0	0	0	0
224	chr11:17799001-18781000	SBS1	2	0	0	2	0	0	0	0	0	0	0
225	chr11:17799001-18781000	SBS3	2	0	1	2	0	0	0	0	0	0	0
226	chr11:17799001-18781000	SBS8	2	0	0	1	0	0	0	0	0	0	0
227	chr11:19067001-20514000	SBS3	2	0	1	4	0	0	0	0	0	0	0
228	chr11:19067001-20514000	SBS8	2	0	0	2	0	0	0	0	0	0	0
229	chr11:20514001-30313000	SBS1	2	0	0	1	0	0	0	0	0	0	0
230	chr11:20514001-30313000	SBS100	2	0	0	1	0	0	0	0	0	0	0
231	chr11:20514001-30313000	SBS13	2	0	1	1	0	0	0	0	0	0	0
232	chr11:20514001-30313000	SBS3	2	0	4	20	0	0	0	0	0	0	0
233	chr11:20514001-30313000	SBS5	2	0	0	1	0	0	0	0	0	0	0
234	chr11:20514001-30313000	SBS8	2	0	0	5	0	0	0	0	0	0	0
235	chr11:2663001-4137000	SBS1	2	0	0	1	0	0	0	0	0	0	0
236	chr11:2663001-4137000	SBS100	2	0	0	1	0	0	0	0	0	0	0
237	chr11:2663001-4137000	SBS13	2	0	0	1	0	0	0	0	0	0	0
238	chr11:2663001-4137000	SBS3	2	0	0	4	0	0	0	0	0	0	0
239	chr11:2663001-4137000	SBS5	2	0	0	1	0	0	0	0	0	0	0
240	chr11:2663001-4137000	SBS8	2	0	0	2	0	0	0	0	0	0	0
241	chr11:30313001-34855000	SBS1	2	0	0	1	0	0	0	0	0	0	0
242	chr11:30313001-34855000	SBS3	2	0	2	9	0	0	0	0	0	0	0
243	chr11:30313001-34855000	SBS5	2	0	0	1	0	0	0	0	0	0	0
244	chr11:30313001-34855000	SBS8	2	0	1	0	0	0	0	0	0	0	0
245	chr11:34855001-35406000	SBS5	1	0	0	1	0	0	0	0	0	0	0
246	chr11:36757001-43312000	SBS1	2	0	0	1	0	0	0	0	0	0	0
247	chr11:36757001-43312000	SBS3	2	0	1	15	0	0	0	0	0	0	0
248	chr11:36757001-43312000	SBS5	2	0	0	1	0	0	0	0	0	0	0
249	chr11:36757001-43312000	SBS8	2	0	0	5	0	0	0	0	0	0	0
250	chr11:4137001-6202000	SBS100	2	0	1	0	0	0	0	0	0	0	0
251	chr11:4137001-6202000	SBS3	2	0	1	2	0	0	0	0	0	0	0
252	chr11:4137001-6202000	SBS5	2	0	1	1	0	0	0	0	0	0	0
253	chr11:4137001-6202000	SBS8	2	0	0	1	0	0	0	0	0	0	0
254	chr11:43312001-47195346	SBS1	2	0	0	1	0	0	0	0	0	0	0
255	chr11:43312001-47195346	SBS3	2	0	2	5	0	0	0	0	0	0	0
256	chr11:43312001-47195346	SBS5	2	0	1	2	0	0	0	0	0	0	0
257	chr11:43312001-47195346	SBS8	2	0	0	1	0	0	0	0	0	0	0
258	chr11:47220657-48188500	SBS3	2	0	0	1	0	0	0	0	0	0	0
259	chr11:47220657-48188500	SBS8	2	0	0	1	0	0	0	0	0	0	0
260	chr11:48188501-52751710	SBS100	2	0	0	2	0	0	0	0	0	0	0
261	chr11:48188501-52751710	SBS3	2	0	1	6	0	0	0	0	0	0	0
262	chr11:48188501-52751710	SBS8	2	0	0	1	0	0	0	0	0	0	0
263	chr11:52751711-56895299	SBS1	2	0	0	1	0	0	0	0	0	0	0
264	chr11:52751711-56895299	SBS13	2	0	0	2	0	0	0	0	0	0	0
265	chr11:52751711-56895299	SBS3	2	0	1	7	0	0	0	0	0	0	0
266	chr11:52751711-56895299	SBS5	2	0	0	2	0	0	0	0	0	0	0
267	chr11:52751711-56895299	SBS8	2	0	1	1	0	0	0	0	0	0	0
268	chr11:56895300-56915000	SBS13	2	1	0	2	0	0	0	0	0	0	0
269	chr11:56895300-56915000	SBS3	2	1	1	0	0	0	0	0	0	0	0
270	chr11:56943695-57215074	SBS100	3	2	1	0	0	0	0	0	0	0	0
271	chr11:56943695-57215074	SBS8	3	2	0	1	0	0	0	0	0	0	0
272	chr11:57215075-57238544	SBS3	5	2	0	0	0	0	1	0	0	0	0
273	chr11:57215075-57238544	SBS5	5	2	0	0	0	1	0	0	0	0	0
274	chr11:57400040-57731614	SBS3	2	1	2	2	0	0	0	0	0	0	0
275	chr11:57731615-57837000	SBS3	2	0	0	5	0	0	0	0	0	0	0
276	chr11:57837001-58494000	SBS3	2	0	1	0	0	0	0	0	0	0	0
277	chr11:58494001-59294000	SBS3	2	0	0	1	0	0	0	0	0	0	0
278	chr11:59294001-59533000	SBS13	2	0	0	1	0	0	0	0	0	0	0
279	chr11:59294001-59533000	SBS3	2	0	0	1	0	0	0	0	0	0	0
280	chr11:59533001-59683000	SBS3	2	0	0	1	0	0	0	0	0	0	0
281	chr11:59533001-59683000	SBS8	2	0	0	1	0	0	0	0	0	0	0
282	chr11:59683001-66118336	SBS1	2	0	2	4	0	0	0	0	0	0	0
283	chr11:59683001-66118336	SBS100	2	0	0	3	0	0	0	0	0	0	0
284	chr11:59683001-66118336	SBS3	2	0	6	14	0	0	0	0	0	0	0
285	chr11:59683001-66118336	SBS5	2	0	1	0	0	0	0	0	0	0	0
286	chr11:59683001-66118336	SBS8	2	0	0	1	0	0	0	0	0	0	0
287	chr11:6202001-6766000	SBS3	2	0	0	2	0	0	0	0	0	0	0
288	chr11:6202001-6766000	SBS8	2	0	0	1	0	0	0	0	0	0	0
289	chr11:66118337-71921000	SBS1	3	0	0	4	0	0	0	0	0	0	0
290	chr11:66118337-71921000	SBS100	3	0	1	1	0	0	0	0	0	0	0
291	chr11:66118337-71921000	SBS3	3	0	8	20	2	0	0	0	0	0	0
292	chr11:66118337-71921000	SBS5	3	0	0	6	0	0	0	0	0	0	0
293	chr11:66118337-71921000	SBS8	3	0	0	1	0	0	0	0	0	0	0
294	chr11:6766001-7416000	SBS1	2	0	1	0	0	0	0	0	0	0	0
295	chr11:6766001-7416000	SBS13	2	0	0	1	0	0	0	0	0	0	0
296	chr11:6766001-7416000	SBS3	2	0	0	2	0	0	0	0	0	0	0
297	chr11:72116001-73217303	SBS1	3	0	0	2	0	0	0	0	0	0	0
298	chr11:72116001-73217303	SBS3	3	0	0	2	0	0	0	0	0	0	0
299	chr11:72116001-73217303	SBS5	3	0	0	1	0	0	0	0	0	0	0
300	chr11:72116001-73217303	SBS8	3	0	1	0	0	0	0	0	0	0	0
301	chr11:73217347-77029000	SBS1	3	0	1	0	1	0	0	0	0	0	0
302	chr11:73217347-77029000	SBS100	3	0	0	1	0	0	0	0	0	0	0
303	chr11:73217347-77029000	SBS13	3	0	0	1	0	0	0	0	0	0	0
304	chr11:73217347-77029000	SBS3	3	0	2	0	3	0	0	0	0	0	0
305	chr11:73217347-77029000	SBS8	3	0	1	0	0	0	0	0	0	0	0
306	chr11:7416001-7707000	SBS13	1	0	0	1	0	0	0	0	0	0	0
307	chr11:7416001-7707000	SBS3	1	0	0	1	0	0	0	0	0	0	0
308	chr11:77029001-82675000	SBS1	2	0	1	2	0	0	0	0	0	0	0
309	chr11:77029001-82675000	SBS13	2	0	1	1	0	0	0	0	0	0	0
310	chr11:77029001-82675000	SBS3	2	0	1	6	0	0	0	0	0	0	0
311	chr11:77029001-82675000	SBS5	2	0	1	1	0	0	0	0	0	0	0
312	chr11:7707001-8563000	SBS3	2	0	0	5	0	0	0	0	0	0	0
313	chr11:7707001-8563000	SBS5	2	0	0	2	0	0	0	0	0	0	0
314	chr11:82675001-83307000	SBS8	2	0	1	0	0	0	0	0	0	0	0
315	chr11:83307001-85590000	SBS3	2	0	0	3	0	0	0	0	0	0	0
316	chr11:83307001-85590000	SBS5	2	0	0	1	0	0	0	0	0	0	0
317	chr11:85590001-86252000	SBS100	2	0	1	0	0	0	0	0	0	0	0
318	chr11:85590001-86252000	SBS3	2	0	1	3	0	0	0	0	0	0	0
319	chr11:85590001-86252000	SBS5	2	0	0	2	0	0	0	0	0	0	0
320	chr11:85590001-86252000	SBS8	2	0	0	1	0	0	0	0	0	0	0
321	chr11:8563001-13498000	SBS100	2	0	1	1	0	0	0	0	0	0	0
322	chr11:8563001-13498000	SBS13	2	0	0	1	0	0	0	0	0	0	0
323	chr11:8563001-13498000	SBS3	2	0	1	5	0	0	0	0	0	0	0
324	chr11:8563001-13498000	SBS8	2	0	1	6	0	0	0	0	0	0	0
325	chr11:86252001-93484000	SBS1	2	0	0	1	0	0	0	0	0	0	0
326	chr11:86252001-93484000	SBS3	2	0	3	6	0	0	0	0	0	0	0
327	chr11:86252001-93484000	SBS5	2	0	0	1	0	0	0	0	0	0	0
328	chr11:86252001-93484000	SBS8	2	0	0	2	0	0	0	0	0	0	0
329	chr11:94414001-96030000	SBS3	2	0	1	1	0	0	0	0	0	0	0
330	chr11:96030001-96395000	SBS5	1	0	0	1	0	0	0	0	0	0	0
331	chr11:96395001-102107000	SBS100	2	0	1	0	0	0	0	0	0	0	0
332	chr11:96395001-102107000	SBS13	2	0	0	2	0	0	0	0	0	0	0
333	chr11:96395001-102107000	SBS3	2	0	4	5	0	0	0	0	0	0	0
334	chr11:96395001-102107000	SBS5	2	0	0	1	0	0	0	0	0	0	0
335	chr11:96395001-102107000	SBS8	2	0	3	3	0	0	0	0	0	0	0
336	chr12:1-5041235	SBS1	1	1	0	2	0	0	0	0	0	0	0
337	chr12:1-5041235	SBS13	1	1	0	1	0	0	0	0	0	0	0
338	chr12:1-5041235	SBS3	1	1	0	17	0	0	0	0	0	0	0
339	chr12:1-5041235	SBS5	1	1	0	2	0	0	0	0	0	0	0
340	chr12:113298001-115957000	SBS1	2	0	0	1	0	0	0	0	0	0	0
341	chr12:113298001-115957000	SBS3	2	0	0	6	0	0	0	0	0	0	0
342	chr12:113298001-115957000	SBS5	2	0	0	1	0	0	0	0	0	0	0
343	chr12:113298001-115957000	SBS8	2	0	0	1	0	0	0	0	0	0	0
344	chr12:115957001-116287000	SBS13	1	0	0	1	0	0	0	0	0	0	0
345	chr12:115957001-116287000	SBS3	1	0	0	1	0	0	0	0	0	0	0
346	chr12:116287001-117199000	SBS3	2	0	0	1	0	0	0	0	0	0	0
347	chr12:11646001-12037000	SBS3	1	1	0	1	0	0	0	0	0	0	0
348	chr12:117199001-118015000	SBS13	2	0	1	0	0	0	0	0	0	0	0
349	chr12:117199001-118015000	SBS3	2	0	0	1	0	0	0	0	0	0	0
350	chr12:118015001-118423000	SBS1	2	0	0	1	0	0	0	0	0	0	0
351	chr12:118015001-118423000	SBS3	2	0	0	1	0	0	0	0	0	0	0
352	chr12:118423001-119656000	SBS100	2	0	1	0	0	0	0	0	0	0	0
353	chr12:118423001-119656000	SBS3	2	0	2	3	0	0	0	0	0	0	0
354	chr12:119656001-125089000	SBS1	2	0	1	1	0	0	0	0	0	0	0
355	chr12:119656001-125089000	SBS100	2	0	1	2	0	0	0	0	0	0	0
356	chr12:119656001-125089000	SBS13	2	0	0	3	0	0	0	0	0	0	0
357	chr12:119656001-125089000	SBS3	2	0	1	6	0	0	0	0	0	0	0
358	chr12:12037001-13273000	SBS3	1	1	0	3	0	0	0	0	0	0	0
359	chr12:125089001-133275309	SBS1	2	0	0	3	0	0	0	0	0	0	0
360	chr12:125089001-133275309	SBS13	2	0	0	2	0	0	0	0	0	0	0
361	chr12:125089001-133275309	SBS3	2	0	7	30	0	0	0	0	0	0	0
362	chr12:125089001-133275309	SBS5	2	0	0	6	0	0	0	0	0	0	0
363	chr12:125089001-133275309	SBS8	2	0	2	6	0	0	0	0	0	0	0
364	chr12:13273001-13653049	SBS3	1	1	0	1	0	0	0	0	0	0	0
365	chr12:13273001-13653049	SBS8	1	1	0	1	0	0	0	0	0	0	0
366	chr12:14161001-14518000	SBS3	1	1	0	3	0	0	0	0	0	0	0
367	chr12:14161001-14518000	SBS5	1	1	0	3	0	0	0	0	0	0	0
368	chr12:14518001-14766000	SBS5	1	1	0	1	0	0	0	0	0	0	0
369	chr12:14766001-15006000	SBS3	1	0	0	2	0	0	0	0	0	0	0
370	chr12:15006001-15475000	SBS3	1	1	0	2	0	0	0	0	0	0	0
371	chr12:15475001-20839000	SBS1	2	1	0	1	0	0	0	0	0	0	0
372	chr12:15475001-20839000	SBS100	2	1	0	2	0	0	0	0	0	0	0
373	chr12:15475001-20839000	SBS3	2	1	1	10	0	0	0	0	0	0	0
374	chr12:15475001-20839000	SBS5	2	1	1	1	0	0	0	0	0	0	0
375	chr12:15475001-20839000	SBS8	2	1	0	4	0	0	0	0	0	0	0
376	chr12:20839001-21289000	SBS3	2	1	0	1	0	0	0	0	0	0	0
377	chr12:21289001-22250000	SBS8	2	1	0	3	0	0	0	0	0	0	0
378	chr12:22336001-28994581	SBS100	2	1	0	2	0	0	0	0	0	0	0
379	chr12:22336001-28994581	SBS13	2	1	0	1	0	0	0	0	0	0	0
380	chr12:22336001-28994581	SBS3	2	1	4	9	0	0	0	0	0	0	0
381	chr12:22336001-28994581	SBS5	2	1	1	2	0	0	0	0	0	0	0
382	chr12:22336001-28994581	SBS8	2	1	0	3	0	0	0	0	0	0	0
383	chr12:28994582-31717006	SBS3	5	1	5	4	2	0	1	0	0	0	0
384	chr12:28994582-31717006	SBS5	5	1	0	1	0	0	0	0	0	0	0
385	chr12:28994582-31717006	SBS8	5	1	1	0	1	1	1	0	0	0	0
386	chr12:31717007-32996000	SBS3	2	1	0	7	0	0	0	0	0	0	0
387	chr12:33198346-33450131	SBS3	2	2	0	1	0	0	0	0	0	0	0
388	chr12:33455129-33761000	SBS3	6	2	0	1	0	0	0	0	0	0	0
389	chr12:33761001-35977329	SBS3	7	2	3	4	2	1	1	1	0	0	0
390	chr12:33761001-35977329	SBS5	7	2	0	1	1	0	0	0	0	0	0
391	chr12:33761001-35977329	SBS8	7	2	3	2	0	0	0	0	0	0	0
392	chr12:35977330-37680776	SBS3	5	3	0	1	1	1	1	0	0	0	0
393	chr12:35977330-37680776	SBS8	5	3	0	2	1	0	0	0	0	0	0
394	chr12:37680777-38269000	SBS100	2	0	0	1	0	0	0	0	0	0	0
395	chr12:37680777-38269000	SBS3	2	0	0	1	0	0	0	0	0	0	0
396	chr12:38269001-47599539	SBS1	2	0	0	5	0	0	0	0	0	0	0
397	chr12:38269001-47599539	SBS100	2	0	0	1	0	0	0	0	0	0	0
398	chr12:38269001-47599539	SBS13	2	0	1	3	0	0	0	0	0	0	0
399	chr12:38269001-47599539	SBS3	2	0	2	19	0	0	0	0	0	0	0
400	chr12:38269001-47599539	SBS5	2	0	0	1	0	0	0	0	0	0	0
401	chr12:38269001-47599539	SBS8	2	0	0	8	0	0	0	0	0	0	0
402	chr12:47604417-48200000	SBS3	2	0	0	4	0	0	0	0	0	0	0
403	chr12:47604417-48200000	SBS8	2	0	0	1	0	0	0	0	0	0	0
404	chr12:48200001-48761747	SBS3	2	0	0	1	0	0	0	0	0	0	0
405	chr12:48200001-48761747	SBS8	2	0	0	1	0	0	0	0	0	0	0
406	chr12:48761780-50639778	SBS1	2	0	0	2	0	0	0	0	0	0	0
407	chr12:48761780-50639778	SBS3	2	0	3	4	0	0	0	0	0	0	0
408	chr12:48761780-50639778	SBS5	2	0	0	2	0	0	0	0	0	0	0
409	chr12:48761780-50639778	SBS8	2	0	0	2	0	0	0	0	0	0	0
410	chr12:50639779-57737500	SBS100	2	0	0	1	0	0	0	0	0	0	0
411	chr12:50639779-57737500	SBS13	2	0	0	2	0	0	0	0	0	0	0
412	chr12:50639779-57737500	SBS3	2	0	2	23	0	0	0	0	0	0	0
413	chr12:50639779-57737500	SBS5	2	0	0	4	0	0	0	0	0	0	0
414	chr12:50639779-57737500	SBS8	2	0	0	3	0	0	0	0	0	0	0
415	chr12:5108498-11646000	SBS1	1	1	0	4	0	0	0	0	0	0	0
416	chr12:5108498-11646000	SBS13	1	1	0	1	0	0	0	0	0	0	0
417	chr12:5108498-11646000	SBS3	1	1	0	23	0	0	0	0	0	0	0
418	chr12:5108498-11646000	SBS5	1	1	0	3	0	0	0	0	0	0	0
419	chr12:5108498-11646000	SBS8	1	1	0	6	0	0	0	0	0	0	0
420	chr12:57906001-62254000	SBS3	2	0	0	5	0	0	0	0	0	0	0
421	chr12:57906001-62254000	SBS5	2	0	0	1	0	0	0	0	0	0	0
422	chr12:57906001-62254000	SBS8	2	0	0	6	0	0	0	0	0	0	0
423	chr12:62254001-62947000	SBS100	1	0	0	1	0	0	0	0	0	0	0
424	chr12:62254001-62947000	SBS3	1	0	0	2	0	0	0	0	0	0	0
425	chr12:62947001-63896000	SBS5	2	0	0	1	0	0	0	0	0	0	0
426	chr12:62947001-63896000	SBS8	2	0	0	1	0	0	0	0	0	0	0
427	chr12:63896001-64147000	SBS3	1	0	0	5	0	0	0	0	0	0	0
428	chr12:63896001-64147000	SBS5	1	0	0	1	0	0	0	0	0	0	0
429	chr12:64147001-68847740	SBS13	2	0	0	2	0	0	0	0	0	0	0
430	chr12:64147001-68847740	SBS3	2	0	0	10	0	0	0	0	0	0	0
431	chr12:64147001-68847740	SBS5	2	0	0	1	0	0	0	0	0	0	0
432	chr12:64147001-68847740	SBS8	2	0	0	1	0	0	0	0	0	0	0
433	chr12:68847741-69075000	SBS100	2	0	0	1	0	0	0	0	0	0	0
434	chr12:69075001-75385000	SBS13	2	0	0	2	0	0	0	0	0	0	0
435	chr12:69075001-75385000	SBS3	2	0	2	13	0	0	0	0	0	0	0
436	chr12:69075001-75385000	SBS5	2	0	0	1	0	0	0	0	0	0	0
437	chr12:69075001-75385000	SBS8	2	0	0	4	0	0	0	0	0	0	0
438	chr12:75385001-76893000	SBS3	2	0	0	3	0	0	0	0	0	0	0
439	chr12:75385001-76893000	SBS5	2	0	1	0	0	0	0	0	0	0	0
440	chr12:76893001-79766000	SBS13	2	0	0	1	0	0	0	0	0	0	0
441	chr12:76893001-79766000	SBS3	2	0	0	7	0	0	0	0	0	0	0
442	chr12:76893001-79766000	SBS5	2	0	0	2	0	0	0	0	0	0	0
443	chr12:76893001-79766000	SBS8	2	0	0	2	0	0	0	0	0	0	0
444	chr12:79942001-82118551	SBS1	2	0	1	0	0	0	0	0	0	0	0
445	chr12:79942001-82118551	SBS100	2	0	0	1	0	0	0	0	0	0	0
446	chr12:79942001-82118551	SBS3	2	0	1	4	0	0	0	0	0	0	0
447	chr12:79942001-82118551	SBS5	2	0	1	3	0	0	0	0	0	0	0
448	chr12:79942001-82118551	SBS8	2	0	0	5	0	0	0	0	0	0	0
449	chr12:82319001-82777280	SBS5	3	0	1	0	0	0	0	0	0	0	0
450	chr12:82319001-82777280	SBS8	3	0	1	0	0	0	0	0	0	0	0
451	chr12:82777281-85258276	SBS1	2	0	0	1	0	0	0	0	0	0	0
452	chr12:82777281-85258276	SBS13	2	0	0	1	0	0	0	0	0	0	0
453	chr12:82777281-85258276	SBS3	2	0	1	2	0	0	0	0	0	0	0
454	chr12:82777281-85258276	SBS5	2	0	0	1	0	0	0	0	0	0	0
455	chr12:82777281-85258276	SBS8	2	0	0	2	0	0	0	0	0	0	0
456	chr12:85260086-95238007	SBS1	2	0	0	2	0	0	0	0	0	0	0
457	chr12:85260086-95238007	SBS100	2	0	0	1	0	0	0	0	0	0	0
458	chr12:85260086-95238007	SBS13	2	0	0	1	0	0	0	0	0	0	0
459	chr12:85260086-95238007	SBS3	2	0	3	16	0	0	0	0	0	0	0
460	chr12:85260086-95238007	SBS5	2	0	1	0	0	0	0	0	0	0	0
461	chr12:85260086-95238007	SBS8	2	0	0	1	0	0	0	0	0	0	0
462	chr12:95286007-96528000	SBS100	2	0	1	0	0	0	0	0	0	0	0
463	chr12:95286007-96528000	SBS13	2	0	0	1	0	0	0	0	0	0	0
464	chr12:95286007-96528000	SBS3	2	0	0	1	0	0	0	0	0	0	0
465	chr12:96528001-96941000	SBS3	2	0	0	2	0	0	0	0	0	0	0
466	chr12:97054137-113298000	SBS1	1	0	0	7	0	0	0	0	0	0	0
467	chr12:97054137-113298000	SBS100	1	0	0	3	0	0	0	0	0	0	0
468	chr12:97054137-113298000	SBS13	1	0	0	1	0	0	0	0	0	0	0
469	chr12:97054137-113298000	SBS3	1	0	0	43	0	0	0	0	0	0	0
470	chr12:97054137-113298000	SBS5	1	0	0	11	0	0	0	0	0	0	0
471	chr12:97054137-113298000	SBS8	1	0	0	3	0	0	0	0	0	0	0
472	chr13:1-17025623	SBS5	1	0	0	1	0	0	0	0	0	0	0
473	chr13:100689898-111348000	SBS1	1	1	0	3	0	0	0	0	0	0	0
474	chr13:100689898-111348000	SBS3	1	1	0	26	0	0	0	0	0	0	0
475	chr13:100689898-111348000	SBS5	1	1	0	3	0	0	0	0	0	0	0
476	chr13:100689898-111348000	SBS8	1	1	0	3	0	0	0	0	0	0	0
477	chr13:111348001-112477000	SBS100	2	1	0	1	0	0	0	0	0	0	0
478	chr13:111348001-112477000	SBS3	2	1	1	2	0	0	0	0	0	0	0
479	chr13:111348001-112477000	SBS8	2	1	0	1	0	0	0	0	0	0	0
480	chr13:112477001-114364328	SBS1	1	1	0	1	0	0	0	0	0	0	0
481	chr13:112477001-114364328	SBS3	1	1	0	1	0	0	0	0	0	0	0
482	chr13:17025624-19584000	SBS3	1	0	0	3	0	0	0	0	0	0	0
483	chr13:17025624-19584000	SBS8	1	0	0	3	0	0	0	0	0	0	0
484	chr13:19584001-20069000	SBS3	1	0	0	1	0	0	0	0	0	0	0
485	chr13:20069001-23855000	SBS3	2	0	1	2	0	0	0	0	0	0	0
486	chr13:23855001-24297000	SBS3	2	0	0	2	0	0	0	0	0	0	0
487	chr13:24297001-26389584	SBS1	2	0	2	0	0	0	0	0	0	0	0
488	chr13:24297001-26389584	SBS5	2	0	0	2	0	0	0	0	0	0	0
489	chr13:24297001-26389584	SBS8	2	0	1	1	0	0	0	0	0	0	0
490	chr13:26389585-27670000	SBS1	3	0	0	0	1	0	0	0	0	0	0
491	chr13:26389585-27670000	SBS3	3	0	0	2	0	0	0	0	0	0	0
492	chr13:27670001-28091000	SBS1	3	0	0	1	0	0	0	0	0	0	0
493	chr13:29427001-37140500	SBS100	1	0	0	2	0	0	0	0	0	0	0
494	chr13:29427001-37140500	SBS3	1	0	0	11	0	0	0	0	0	0	0
495	chr13:29427001-37140500	SBS5	1	0	0	2	0	0	0	0	0	0	0
496	chr13:29427001-37140500	SBS8	1	0	0	1	0	0	0	0	0	0	0
497	chr13:37140501-38398982	SBS3	1	0	0	3	0	0	0	0	0	0	0
498	chr13:37140501-38398982	SBS5	1	0	0	2	0	0	0	0	0	0	0
499	chr13:37140501-38398982	SBS8	1	0	0	2	0	0	0	0	0	0	0
500	chr13:38399021-52715000	SBS1	1	0	0	2	0	0	0	0	0	0	0
501	chr13:38399021-52715000	SBS100	1	0	0	1	0	0	0	0	0	0	0
502	chr13:38399021-52715000	SBS13	1	0	0	1	0	0	0	0	0	0	0
503	chr13:38399021-52715000	SBS3	1	0	0	21	0	0	0	0	0	0	0
504	chr13:38399021-52715000	SBS5	1	0	0	5	0	0	0	0	0	0	0
505	chr13:38399021-52715000	SBS8	1	0	0	5	0	0	0	0	0	0	0
506	chr13:59525412-72498560	SBS1	1	0	0	1	0	0	0	0	0	0	0
507	chr13:59525412-72498560	SBS13	1	0	0	1	0	0	0	0	0	0	0
508	chr13:59525412-72498560	SBS3	1	0	0	21	0	0	0	0	0	0	0
509	chr13:59525412-72498560	SBS5	1	0	0	1	0	0	0	0	0	0	0
510	chr13:59525412-72498560	SBS8	1	0	0	3	0	0	0	0	0	0	0
511	chr13:72498601-81769000	SBS1	1	0	0	3	0	0	0	0	0	0	0
512	chr13:72498601-81769000	SBS100	1	0	0	1	0	0	0	0	0	0	0
513	chr13:72498601-81769000	SBS13	1	0	0	1	0	0	0	0	0	0	0
514	chr13:72498601-81769000	SBS3	1	0	0	14	0	0	0	0	0	0	0
515	chr13:72498601-81769000	SBS5	1	0	0	3	0	0	0	0	0	0	0
516	chr13:72498601-81769000	SBS8	1	0	0	5	0	0	0	0	0	0	0
517	chr13:81769001-96982000	SBS1	1	1	0	7	0	0	0	0	0	0	0
518	chr13:81769001-96982000	SBS100	1	1	0	2	0	0	0	0	0	0	0
519	chr13:81769001-96982000	SBS13	1	1	0	1	0	0	0	0	0	0	0
520	chr13:81769001-96982000	SBS3	1	1	0	31	0	0	0	0	0	0	0
521	chr13:81769001-96982000	SBS5	1	1	0	11	0	0	0	0	0	0	0
522	chr13:81769001-96982000	SBS8	1	1	0	13	0	0	0	0	0	0	0
523	chr13:97752001-98135000	SBS3	2	1	1	0	0	0	0	0	0	0	0
524	chr13:98135001-100689897	SBS1	2	1	1	0	0	0	0	0	0	0	0
525	chr13:98135001-100689897	SBS3	2	1	0	9	0	0	0	0	0	0	0
526	chr13:98135001-100689897	SBS5	2	1	0	1	0	0	0	0	0	0	0
527	chr13:98135001-100689897	SBS8	2	1	1	0	0	0	0	0	0	0	0
528	chr14:1-17086761	SBS1	4	2	0	1	0	0	0	0	0	0	0
529	chr14:1-17086761	SBS3	4	2	0	1	0	0	0	0	0	0	0
530	chr14:100449001-101724000	SBS3	2	0	0	2	0	0	0	0	0	0	0
531	chr14:101724001-103953000	SBS3	2	0	0	2	0	0	0	0	0	0	0
532	chr14:103953001-104639000	SBS1	3	0	1	0	0	0	0	0	0	0	0
533	chr14:103953001-104639000	SBS3	3	0	1	1	0	0	0	0	0	0	0
534	chr14:103953001-104639000	SBS8	3	0	1	0	1	0	0	0	0	0	0
535	chr14:104639001-104861107	SBS3	2	0	0	1	0	0	0	0	0	0	0
536	chr14:104639001-104861107	SBS5	2	0	0	1	0	0	0	0	0	0	0
537	chr14:104861147-107043718	SBS1	2	0	0	1	0	0	0	0	0	0	0
538	chr14:104861147-107043718	SBS3	2	0	3	5	0	0	0	0	0	0	0
539	chr14:104861147-107043718	SBS5	2	0	0	2	0	0	0	0	0	0	0
540	chr14:104861147-107043718	SBS8	2	0	0	1	0	0	0	0	0	0	0
541	chr14:17086762-23626587	SBS1	4	2	2	1	0	0	0	0	0	0	0
542	chr14:17086762-23626587	SBS100	4	2	1	1	0	0	0	0	0	0	0
543	chr14:17086762-23626587	SBS3	4	2	10	6	6	3	0	0	0	0	0
544	chr14:17086762-23626587	SBS5	4	2	0	1	0	0	0	0	0	0	0
545	chr14:17086762-23626587	SBS8	4	2	1	0	1	0	0	0	0	0	0
546	chr14:23626588-23633991	SBS3	5	2	1	0	0	0	0	0	0	0	0
547	chr14:23633992-23641866	SBS100	4	2	0	0	0	1	0	0	0	0	0
548	chr14:23643774-24080000	SBS3	2	0	0	2	0	0	0	0	0	0	0
549	chr14:24080001-24446000	SBS3	2	0	0	3	0	0	0	0	0	0	0
550	chr14:24446001-24721463	SBS3	2	0	0	2	0	0	0	0	0	0	0
551	chr14:24721464-30550000	SBS100	2	0	0	1	0	0	0	0	0	0	0
552	chr14:24721464-30550000	SBS3	2	0	1	5	0	0	0	0	0	0	0
553	chr14:24721464-30550000	SBS5	2	0	1	4	0	0	0	0	0	0	0
554	chr14:24721464-30550000	SBS8	2	0	0	3	0	0	0	0	0	0	0
555	chr14:30550001-30708000	SBS3	1	0	0	2	0	0	0	0	0	0	0
556	chr14:30708001-37669000	SBS13	2	0	0	3	0	0	0	0	0	0	0
557	chr14:30708001-37669000	SBS3	2	0	3	5	0	0	0	0	0	0	0
558	chr14:30708001-37669000	SBS5	2	0	0	2	0	0	0	0	0	0	0
559	chr14:30708001-37669000	SBS8	2	0	1	1	0	0	0	0	0	0	0
560	chr14:37669001-39014000	SBS13	2	0	0	1	0	0	0	0	0	0	0
561	chr14:37669001-39014000	SBS3	2	0	1	2	0	0	0	0	0	0	0
562	chr14:37669001-39014000	SBS5	2	0	0	2	0	0	0	0	0	0	0
563	chr14:37669001-39014000	SBS8	2	0	0	1	0	0	0	0	0	0	0
564	chr14:39014001-39293796	SBS3	2	0	0	1	0	0	0	0	0	0	0
565	chr14:39397392-44894000	SBS100	2	0	1	3	0	0	0	0	0	0	0
566	chr14:39397392-44894000	SBS3	2	0	0	11	0	0	0	0	0	0	0
567	chr14:39397392-44894000	SBS5	2	0	1	2	0	0	0	0	0	0	0
568	chr14:39397392-44894000	SBS8	2	0	0	5	0	0	0	0	0	0	0
569	chr14:45257001-49495000	SBS1	2	0	1	0	0	0	0	0	0	0	0
570	chr14:45257001-49495000	SBS3	2	0	2	10	0	0	0	0	0	0	0
571	chr14:45257001-49495000	SBS5	2	0	0	1	0	0	0	0	0	0	0
572	chr14:45257001-49495000	SBS8	2	0	0	6	0	0	0	0	0	0	0
573	chr14:49940001-50120000	SBS13	1	0	0	1	0	0	0	0	0	0	0
574	chr14:50120001-53159000	SBS100	2	0	0	1	0	0	0	0	0	0	0
575	chr14:50120001-53159000	SBS3	2	0	3	4	0	0	0	0	0	0	0
576	chr14:50120001-53159000	SBS5	2	0	0	2	0	0	0	0	0	0	0
577	chr14:50120001-53159000	SBS8	2	0	0	1	0	0	0	0	0	0	0
578	chr14:53159001-54163000	SBS3	2	0	0	2	0	0	0	0	0	0	0
579	chr14:54163001-56657000	SBS3	2	0	0	7	0	0	0	0	0	0	0
580	chr14:54163001-56657000	SBS8	2	0	0	1	0	0	0	0	0	0	0
581	chr14:56657001-58198000	SBS3	2	0	0	2	0	0	0	0	0	0	0
582	chr14:56657001-58198000	SBS5	2	0	0	1	0	0	0	0	0	0	0
583	chr14:58198001-58431000	SBS13	2	0	0	1	0	0	0	0	0	0	0
584	chr14:58431001-59183000	SBS1	2	0	0	1	0	0	0	0	0	0	0
585	chr14:58431001-59183000	SBS3	2	0	0	1	0	0	0	0	0	0	0
586	chr14:58431001-59183000	SBS8	2	0	0	1	0	0	0	0	0	0	0
587	chr14:59504001-60062000	SBS100	2	0	0	1	0	0	0	0	0	0	0
588	chr14:59504001-60062000	SBS3	2	0	0	1	0	0	0	0	0	0	0
589	chr14:59504001-60062000	SBS8	2	0	0	1	0	0	0	0	0	0	0
590	chr14:60062001-60364000	SBS8	2	0	1	0	0	0	0	0	0	0	0
591	chr14:60364001-60557000	SBS3	2	0	1	0	0	0	0	0	0	0	0
592	chr14:60557001-61461000	SBS3	2	0	0	1	0	0	0	0	0	0	0
593	chr14:61771001-63370000	SBS3	2	0	0	3	0	0	0	0	0	0	0
594	chr14:61771001-63370000	SBS5	2	0	0	1	0	0	0	0	0	0	0
595	chr14:61771001-63370000	SBS8	2	0	0	1	0	0	0	0	0	0	0
596	chr14:63370001-66132000	SBS1	2	0	0	1	0	0	0	0	0	0	0
597	chr14:63370001-66132000	SBS3	2	0	0	4	0	0	0	0	0	0	0
598	chr14:63370001-66132000	SBS5	2	0	0	2	0	0	0	0	0	0	0
599	chr14:63370001-66132000	SBS8	2	0	0	1	0	0	0	0	0	0	0
600	chr14:67117001-68103000	SBS3	2	0	0	2	0	0	0	0	0	0	0
601	chr14:67117001-68103000	SBS8	2	0	0	1	0	0	0	0	0	0	0
602	chr14:68103001-68826000	SBS3	1	0	0	2	0	0	0	0	0	0	0
603	chr14:68826001-69605000	SBS3	2	0	0	2	0	0	0	0	0	0	0
604	chr14:69730001-70637000	SBS13	2	0	0	1	0	0	0	0	0	0	0
605	chr14:69730001-70637000	SBS3	2	0	0	2	0	0	0	0	0	0	0
606	chr14:69730001-70637000	SBS8	2	0	0	1	0	0	0	0	0	0	0
607	chr14:70637001-71790000	SBS1	2	0	0	2	0	0	0	0	0	0	0
608	chr14:70637001-71790000	SBS100	2	0	0	1	0	0	0	0	0	0	0
609	chr14:70637001-71790000	SBS3	2	0	0	10	0	0	0	0	0	0	0
610	chr14:70637001-71790000	SBS5	2	0	0	1	0	0	0	0	0	0	0
611	chr14:71790001-84961488	SBS1	2	0	0	3	0	0	0	0	0	0	0
612	chr14:71790001-84961488	SBS13	2	0	0	2	0	0	0	0	0	0	0
613	chr14:71790001-84961488	SBS3	2	0	3	41	0	0	0	0	0	0	0
614	chr14:71790001-84961488	SBS5	2	0	0	5	0	0	0	0	0	0	0
615	chr14:71790001-84961488	SBS8	2	0	0	5	0	0	0	0	0	0	0
616	chr14:84976567-96588000	SBS1	2	0	0	1	0	0	0	0	0	0	0
617	chr14:84976567-96588000	SBS100	2	0	0	1	0	0	0	0	0	0	0
618	chr14:84976567-96588000	SBS13	2	0	0	2	0	0	0	0	0	0	0
619	chr14:84976567-96588000	SBS3	2	0	0	15	0	0	0	0	0	0	0
620	chr14:84976567-96588000	SBS5	2	0	0	2	0	0	0	0	0	0	0
621	chr14:84976567-96588000	SBS8	2	0	0	6	0	0	0	0	0	0	0
622	chr14:96588001-99421000	SBS1	2	0	0	1	0	0	0	0	0	0	0
623	chr14:96588001-99421000	SBS13	2	0	0	2	0	0	0	0	0	0	0
624	chr14:96588001-99421000	SBS3	2	0	1	8	0	0	0	0	0	0	0
625	chr14:96588001-99421000	SBS5	2	0	0	2	0	0	0	0	0	0	0
626	chr14:96588001-99421000	SBS8	2	0	0	1	0	0	0	0	0	0	0
627	chr14:99421001-100449000	SBS8	2	0	0	1	0	0	0	0	0	0	0
628	chr15:18362627-23425000	SBS13	1	1	0	1	0	0	0	0	0	0	0
629	chr15:18362627-23425000	SBS3	1	1	0	3	0	0	0	0	0	0	0
630	chr15:18362627-23425000	SBS5	1	1	0	1	0	0	0	0	0	0	0
631	chr15:23425001-25321000	SBS1	2	1	0	1	0	0	0	0	0	0	0
632	chr15:23425001-25321000	SBS3	2	1	5	7	0	0	0	0	0	0	0
633	chr15:23425001-25321000	SBS5	2	1	1	0	0	0	0	0	0	0	0
634	chr15:23425001-25321000	SBS8	2	1	1	0	0	0	0	0	0	0	0
635	chr15:25321001-26102000	SBS100	1	1	0	1	0	0	0	0	0	0	0
636	chr15:25321001-26102000	SBS8	1	1	0	1	0	0	0	0	0	0	0
637	chr15:26102001-31213000	SBS3	1	1	0	11	0	0	0	0	0	0	0
638	chr15:26102001-31213000	SBS5	1	1	0	2	0	0	0	0	0	0	0
639	chr15:31213001-31491000	SBS3	1	1	0	1	0	0	0	0	0	0	0
640	chr15:31491001-32429000	SBS3	1	1	0	2	0	0	0	0	0	0	0
641	chr15:32429001-32940900	SBS3	1	1	0	2	0	0	0	0	0	0	0
642	chr15:32940936-37981000	SBS100	1	1	0	1	0	0	0	0	0	0	0
643	chr15:32940936-37981000	SBS13	1	1	0	2	0	0	0	0	0	0	0
644	chr15:32940936-37981000	SBS3	1	1	0	13	0	0	0	0	0	0	0
645	chr15:32940936-37981000	SBS5	1	1	0	2	0	0	0	0	0	0	0
646	chr15:32940936-37981000	SBS8	1	1	0	2	0	0	0	0	0	0	0
647	chr15:37981001-39970400	SBS100	1	1	0	2	0	0	0	0	0	0	0
648	chr15:37981001-39970400	SBS3	1	1	0	4	0	0	0	0	0	0	0
649	chr15:37981001-39970400	SBS8	1	1	0	1	0	0	0	0	0	0	0
650	chr15:40347501-45719000	SBS1	1	1	0	2	0	0	0	0	0	0	0
651	chr15:40347501-45719000	SBS100	1	1	0	2	0	0	0	0	0	0	0
652	chr15:40347501-45719000	SBS13	1	1	0	2	0	0	0	0	0	0	0
653	chr15:40347501-45719000	SBS3	1	1	0	20	0	0	0	0	0	0	0
654	chr15:40347501-45719000	SBS5	1	1	0	2	0	0	0	0	0	0	0
655	chr15:40347501-45719000	SBS8	1	1	0	3	0	0	0	0	0	0	0
656	chr15:45719001-47179000	SBS3	1	1	0	2	0	0	0	0	0	0	0
657	chr15:45719001-47179000	SBS5	1	1	0	2	0	0	0	0	0	0	0
658	chr15:45719001-47179000	SBS8	1	1	0	1	0	0	0	0	0	0	0
659	chr15:47179001-52741500	SBS1	1	1	0	2	0	0	0	0	0	0	0
660	chr15:47179001-52741500	SBS13	1	1	0	2	0	0	0	0	0	0	0
661	chr15:47179001-52741500	SBS3	1	1	0	10	0	0	0	0	0	0	0
662	chr15:47179001-52741500	SBS8	1	1	0	2	0	0	0	0	0	0	0
663	chr15:52741501-55162500	SBS3	1	1	0	8	0	0	0	0	0	0	0
664	chr15:52741501-55162500	SBS5	1	1	0	2	0	0	0	0	0	0	0
665	chr15:52741501-55162500	SBS8	1	1	0	1	0	0	0	0	0	0	0
666	chr15:55162501-57776000	SBS1	1	1	0	2	0	0	0	0	0	0	0
667	chr15:55162501-57776000	SBS100	1	1	0	1	0	0	0	0	0	0	0
668	chr15:55162501-57776000	SBS3	1	1	0	4	0	0	0	0	0	0	0
669	chr15:55162501-57776000	SBS8	1	1	0	1	0	0	0	0	0	0	0
670	chr15:58175001-59707000	SBS100	2	1	0	1	0	0	0	0	0	0	0
671	chr15:58175001-59707000	SBS3	2	1	1	1	0	0	0	0	0	0	0
672	chr15:60683001-62739665	SBS3	2	1	4	2	0	0	0	0	0	0	0
673	chr15:60683001-62739665	SBS5	2	1	2	0	0	0	0	0	0	0	0
674	chr15:60683001-62739665	SBS8	2	1	2	0	0	0	0	0	0	0	0
675	chr15:62740135-62910350	SBS13	2	1	1	0	0	0	0	0	0	0	0
676	chr15:62910384-63659908	SBS100	2	1	1	0	0	0	0	0	0	0	0
677	chr15:62910384-63659908	SBS3	2	1	2	0	0	0	0	0	0	0	0
678	chr15:63659909-74822000	SBS1	3	1	1	2	0	0	0	0	0	0	0
679	chr15:63659909-74822000	SBS13	3	1	2	0	1	0	0	0	0	0	0
680	chr15:63659909-74822000	SBS3	3	1	11	21	3	0	0	0	0	0	0
681	chr15:63659909-74822000	SBS5	3	1	0	1	0	0	0	0	0	0	0
682	chr15:63659909-74822000	SBS8	3	1	4	2	0	0	0	0	0	0	0
683	chr15:74822001-75449000	SBS100	3	2	0	1	0	0	0	0	0	0	0
684	chr15:74822001-75449000	SBS3	3	2	0	1	0	0	0	0	0	0	0
685	chr15:74822001-75449000	SBS8	3	2	1	0	0	0	0	0	0	0	0
686	chr15:75449001-76897000	SBS1	3	1	1	0	0	0	0	0	0	0	0
687	chr15:75449001-76897000	SBS3	3	1	2	6	0	0	0	0	0	0	0
688	chr15:76897001-77613000	SBS100	3	1	0	1	0	0	0	0	0	0	0
689	chr15:76897001-77613000	SBS3	3	1	1	0	0	0	0	0	0	0	0
690	chr15:77613001-77902000	SBS3	3	1	0	0	1	0	0	0	0	0	0
691	chr15:77613001-77902000	SBS8	3	1	0	1	0	0	0	0	0	0	0
692	chr15:77902001-78859000	SBS1	3	1	0	1	0	0	0	0	0	0	0
693	chr15:77902001-78859000	SBS13	3	1	0	1	0	0	0	0	0	0	0
694	chr15:77902001-78859000	SBS3	3	1	0	1	0	0	0	0	0	0	0
695	chr15:77902001-78859000	SBS5	3	1	1	0	0	0	0	0	0	0	0
696	chr15:77902001-78859000	SBS8	3	1	1	3	0	0	0	0	0	0	0
697	chr15:78860777-85516000	SBS13	3	2	0	2	1	0	0	0	0	0	0
698	chr15:78860777-85516000	SBS3	3	2	4	11	3	0	0	0	0	0	0
699	chr15:78860777-85516000	SBS8	3	2	1	1	2	0	0	0	0	0	0
700	chr15:85516001-85841000	SBS13	3	2	0	0	1	0	0	0	0	0	0
701	chr15:85516001-85841000	SBS3	3	2	1	0	0	0	0	0	0	0	0
702	chr15:85841001-98641000	SBS1	3	2	1	2	4	0	0	0	0	0	0
703	chr15:85841001-98641000	SBS100	3	2	4	4	0	0	0	0	0	0	0
704	chr15:85841001-98641000	SBS13	3	2	1	0	1	0	0	0	0	0	0
705	chr15:85841001-98641000	SBS3	3	2	24	29	6	0	0	0	0	0	0
706	chr15:85841001-98641000	SBS5	3	2	1	4	0	0	0	0	0	0	0
707	chr15:85841001-98641000	SBS8	3	2	7	4	4	0	0	0	0	0	0
708	chr15:98641001-99737000	SBS13	3	2	1	0	0	0	0	0	0	0	0
709	chr15:98641001-99737000	SBS3	3	2	0	1	0	0	0	0	0	0	0
710	chr15:98641001-99737000	SBS5	3	2	1	0	0	0	0	0	0	0	0
711	chr15:99737001-101991189	SBS100	3	2	0	2	0	0	0	0	0	0	0
712	chr15:99737001-101991189	SBS3	3	2	0	5	2	0	0	0	0	0	0
713	chr15:99737001-101991189	SBS8	3	2	1	1	0	0	0	0	0	0	0
714	chr16:1-779416	SBS3	2	1	1	0	0	0	0	0	0	0	0
715	chr16:1093892-5141000	SBS1	1	0	0	5	0	0	0	0	0	0	0
716	chr16:1093892-5141000	SBS100	1	0	0	1	0	0	0	0	0	0	0
717	chr16:1093892-5141000	SBS3	1	0	0	18	0	0	0	0	0	0	0
718	chr16:1093892-5141000	SBS5	1	0	0	4	0	0	0	0	0	0	0
719	chr16:1093892-5141000	SBS8	1	0	0	2	0	0	0	0	0	0	0
720	chr16:11058001-12913000	SBS3	2	1	4	1	0	0	0	0	0	0	0
721	chr16:12913001-13915000	SBS1	2	1	1	0	0	0	0	0	0	0	0
722	chr16:12913001-13915000	SBS3	2	1	2	2	0	0	0	0	0	0	0
723	chr16:13915001-15564206	SBS3	2	1	2	1	0	0	0	0	0	0	0
724	chr16:15567643-16168000	SBS1	2	1	0	2	0	0	0	0	0	0	0
725	chr16:15567643-16168000	SBS100	2	1	0	1	0	0	0	0	0	0	0
726	chr16:15567643-16168000	SBS3	2	1	0	1	0	0	0	0	0	0	0
727	chr16:15567643-16168000	SBS8	2	1	1	0	0	0	0	0	0	0	0
728	chr16:16168001-17021000	SBS3	2	1	0	1	0	0	0	0	0	0	0
729	chr16:17021001-17273000	SBS3	2	1	1	0	0	0	0	0	0	0	0
730	chr16:17478001-18428000	SBS3	2	1	1	1	0	0	0	0	0	0	0
731	chr16:18963001-19500000	SBS3	2	1	0	2	0	0	0	0	0	0	0
732	chr16:19500001-19893000	SBS3	1	1	0	1	0	0	0	0	0	0	0
733	chr16:19893001-20672000	SBS3	2	1	1	1	0	0	0	0	0	0	0
734	chr16:19893001-20672000	SBS8	2	1	0	1	0	0	0	0	0	0	0
735	chr16:20672001-22699000	SBS3	2	1	0	2	0	0	0	0	0	0	0
736	chr16:20672001-22699000	SBS8	2	1	0	1	0	0	0	0	0	0	0
737	chr16:22699001-23037000	SBS3	2	1	1	0	0	0	0	0	0	0	0
738	chr16:23682001-24057304	SBS13	2	1	1	0	0	0	0	0	0	0	0
739	chr16:23682001-24057304	SBS3	2	1	2	1	0	0	0	0	0	0	0
740	chr16:24057305-24503000	SBS3	2	2	2	0	0	0	0	0	0	0	0
741	chr16:24057305-24503000	SBS8	2	2	0	2	0	0	0	0	0	0	0
742	chr16:24503001-25281000	SBS3	2	2	0	1	0	0	0	0	0	0	0
743	chr16:25281001-27150000	SBS3	2	2	4	5	0	0	0	0	0	0	0
744	chr16:25281001-27150000	SBS8	2	2	1	0	0	0	0	0	0	0	0
745	chr16:27150001-34072000	SBS1	2	2	2	1	0	0	0	0	0	0	0
746	chr16:27150001-34072000	SBS100	2	2	2	0	0	0	0	0	0	0	0
747	chr16:27150001-34072000	SBS3	2	2	9	9	0	0	0	0	0	0	0
748	chr16:27150001-34072000	SBS5	2	2	1	2	0	0	0	0	0	0	0
749	chr16:27150001-34072000	SBS8	2	2	1	1	0	0	0	0	0	0	0
750	chr16:34072001-34096000	SBS8	6	2	0	0	1	0	0	0	0	0	0
751	chr16:34096001-37295919	SBS100	3	0	0	1	0	0	0	0	0	0	0
752	chr16:34096001-37295919	SBS3	3	0	3	10	0	0	0	0	0	0	0
753	chr16:34096001-37295919	SBS5	3	0	0	3	0	0	0	0	0	0	0
754	chr16:34096001-37295919	SBS8	3	0	2	2	0	0	0	0	0	0	0
755	chr16:5141001-8592000	SBS3	1	0	0	5	0	0	0	0	0	0	0
756	chr16:5141001-8592000	SBS8	1	0	0	1	0	0	0	0	0	0	0
757	chr16:780526-1093891	SBS3	2	1	1	0	0	0	0	0	0	0	0
758	chr16:8592001-11058000	SBS100	1	0	0	1	0	0	0	0	0	0	0
759	chr16:8592001-11058000	SBS13	1	0	0	1	0	0	0	0	0	0	0
760	chr16:8592001-11058000	SBS3	1	0	0	7	0	0	0	0	0	0	0
761	chr16:8592001-11058000	SBS5	1	0	0	1	0	0	0	0	0	0	0
762	chr17:1-6383583	SBS1	3	0	0	1	0	0	0	0	0	0	0
763	chr17:1-6383583	SBS13	3	0	1	1	1	0	0	0	0	0	0
764	chr17:1-6383583	SBS3	3	0	3	7	4	0	0	0	0	0	0
765	chr17:1-6383583	SBS5	3	0	0	2	0	0	0	0	0	0	0
766	chr17:1-6383583	SBS8	3	0	3	2	0	0	0	0	0	0	0
767	chr17:10852001-11977986	SBS13	2	0	1	0	0	0	0	0	0	0	0
768	chr17:10852001-11977986	SBS3	2	0	1	1	0	0	0	0	0	0	0
769	chr17:10852001-11977986	SBS8	2	0	1	0	0	0	0	0	0	0	0
770	chr17:12131001-12466931	SBS3	3	0	0	0	1	0	0	0	0	0	0
771	chr17:12131001-12466931	SBS5	3	0	1	0	0	0	0	0	0	0	0
772	chr17:12467374-22158000	SBS1	3	0	1	2	0	0	0	0	0	0	0
773	chr17:12467374-22158000	SBS100	3	0	0	1	1	0	0	0	0	0	0
774	chr17:12467374-22158000	SBS13	3	0	0	5	0	0	0	0	0	0	0
775	chr17:12467374-22158000	SBS3	3	0	7	13	2	0	0	0	0	0	0
776	chr17:12467374-22158000	SBS5	3	0	0	2	1	0	0	0	0	0	0
777	chr17:12467374-22158000	SBS8	3	0	3	4	0	0	0	0	0	0	0
778	chr17:22158001-24849829	SBS1	4	0	0	2	0	0	0	0	0	0	0
779	chr17:22158001-24849829	SBS3	4	0	1	0	1	0	0	0	0	0	0
780	chr17:22158001-24849829	SBS5	4	0	0	1	0	0	0	0	0	0	0
781	chr17:24849830-50840500	SBS1	3	0	2	7	0	0	0	0	0	0	0
782	chr17:24849830-50840500	SBS100	3	0	0	1	0	0	0	0	0	0	0
783	chr17:24849830-50840500	SBS13	3	0	3	2	3	0	0	0	0	0	0
784	chr17:24849830-50840500	SBS3	3	0	17	41	9	0	0	0	0	0	0
785	chr17:24849830-50840500	SBS5	3	0	1	4	0	0	0	0	0	0	0
786	chr17:24849830-50840500	SBS8	3	0	2	4	1	0	0	0	0	0	0
787	chr17:51324001-54883000	SBS3	3	0	2	2	1	0	0	0	0	0	0
788	chr17:51324001-54883000	SBS5	3	0	1	1	0	0	0	0	0	0	0
789	chr17:51324001-54883000	SBS8	3	0	1	1	0	0	0	0	0	0	0
790	chr17:56693001-58853898	SBS100	3	0	1	1	0	0	0	0	0	0	0
791	chr17:56693001-58853898	SBS13	3	0	1	0	0	0	0	0	0	0	0
792	chr17:56693001-58853898	SBS3	3	0	2	3	0	0	0	0	0	0	0
793	chr17:56693001-58853898	SBS8	3	0	0	1	0	0	0	0	0	0	0
794	chr17:58853899-59563000	SBS3	3	0	2	0	0	0	0	0	0	0	0
795	chr17:59563001-60093500	SBS3	2	0	0	1	0	0	0	0	0	0	0
796	chr17:60093501-61045000	SBS1	3	0	0	1	0	0	0	0	0	0	0
797	chr17:60093501-61045000	SBS3	3	0	0	1	0	0	0	0	0	0	0
798	chr17:61418001-62745319	SBS1	3	0	0	1	0	0	0	0	0	0	0
799	chr17:61418001-62745319	SBS3	3	0	1	0	0	0	0	0	0	0	0
800	chr17:62745320-62758575	SBS3	4	0	0	0	1	0	0	0	0	0	0
801	chr17:62758576-65212000	SBS1	3	0	0	0	1	0	0	0	0	0	0
802	chr17:62758576-65212000	SBS3	3	0	2	4	1	0	0	0	0	0	0
803	chr17:62758576-65212000	SBS8	3	0	0	0	1	0	0	0	0	0	0
804	chr17:6383584-10852000	SBS1	2	0	1	0	0	0	0	0	0	0	0
805	chr17:6383584-10852000	SBS13	2	0	1	0	0	0	0	0	0	0	0
806	chr17:6383584-10852000	SBS3	2	0	5	6	0	0	0	0	0	0	0
807	chr17:6383584-10852000	SBS5	2	0	0	1	0	0	0	0	0	0	0
808	chr17:6383584-10852000	SBS8	2	0	0	1	0	0	0	0	0	0	0
809	chr17:65212001-67987713	SBS3	3	0	1	0	2	0	0	0	0	0	0
810	chr17:65212001-67987713	SBS5	3	0	0	0	1	0	0	0	0	0	0
811	chr17:65212001-67987713	SBS8	3	0	1	0	0	0	0	0	0	0	0
812	chr17:67993290-77479000	SBS1	3	0	0	1	0	0	0	0	0	0	0
813	chr17:67993290-77479000	SBS100	3	0	0	2	3	0	0	0	0	0	0
814	chr17:67993290-77479000	SBS13	3	0	0	1	0	0	0	0	0	0	0
815	chr17:67993290-77479000	SBS3	3	0	12	9	4	0	0	0	0	0	0
816	chr17:77479001-78012000	SBS3	4	0	1	2	0	1	0	0	0	0	0
817	chr17:77479001-78012000	SBS5	4	0	1	0	0	0	0	0	0	0	0
818	chr17:78445974-79115000	SBS1	3	0	1	0	0	0	0	0	0	0	0
819	chr17:78445974-79115000	SBS3	3	0	1	1	0	0	0	0	0	0	0
820	chr17:78445974-79115000	SBS8	3	0	0	1	0	0	0	0	0	0	0
821	chr17:79115001-79692000	SBS3	4	0	0	1	0	0	0	0	0	0	0
822	chr17:79692001-80856000	SBS1	3	0	0	0	1	0	0	0	0	0	0
823	chr17:79692001-80856000	SBS13	3	0	1	0	0	0	0	0	0	0	0
824	chr17:79692001-80856000	SBS3	3	0	1	3	0	0	0	0	0	0	0
825	chr17:80856001-81901000	SBS100	2	0	0	1	0	0	0	0	0	0	0
826	chr17:80856001-81901000	SBS3	2	0	0	2	0	0	0	0	0	0	0
827	chr17:81901001-83257441	SBS1	1	0	0	1	0	0	0	0	0	0	0
828	chr17:81901001-83257441	SBS3	1	0	0	5	0	0	0	0	0	0	0
829	chr18:1-1022000	SBS1	3	1	1	0	0	0	0	0	0	0	0
830	chr18:1-1022000	SBS3	3	1	2	0	0	0	0	0	0	0	0
831	chr18:1-1022000	SBS5	3	1	0	2	0	0	0	0	0	0	0
832	chr18:1-1022000	SBS8	3	1	0	1	0	0	0	0	0	0	0
833	chr18:1022001-2567000	SBS3	3	1	1	4	0	0	0	0	0	0	0
834	chr18:1022001-2567000	SBS5	3	1	0	1	0	0	0	0	0	0	0
835	chr18:1022001-2567000	SBS8	3	1	0	3	0	0	0	0	0	0	0
836	chr18:11807238-13822000	SBS13	2	2	0	1	0	0	0	0	0	0	0
837	chr18:11807238-13822000	SBS3	2	2	1	2	0	0	0	0	0	0	0
838	chr18:11807238-13822000	SBS5	2	2	0	2	0	0	0	0	0	0	0
839	chr18:11807238-13822000	SBS8	2	2	1	1	0	0	0	0	0	0	0
840	chr18:13822001-18161052	SBS3	3	2	2	5	1	0	0	0	0	0	0
841	chr18:13822001-18161052	SBS5	3	2	0	3	0	0	0	0	0	0	0
842	chr18:13822001-18161052	SBS8	3	2	3	1	0	0	0	0	0	0	0
843	chr18:18161053-21113328	SBS3	2	1	0	3	0	0	0	0	0	0	0
844	chr18:21146388-37891693	SBS1	2	2	1	3	0	0	0	0	0	0	0
845	chr18:21146388-37891693	SBS100	2	2	2	1	0	0	0	0	0	0	0
846	chr18:21146388-37891693	SBS13	2	2	4	5	0	0	0	0	0	0	0
847	chr18:21146388-37891693	SBS3	2	2	20	31	0	0	0	0	0	0	0
848	chr18:21146388-37891693	SBS5	2	2	1	5	0	0	0	0	0	0	0
849	chr18:21146388-37891693	SBS8	2	2	6	3	0	0	0	0	0	0	0
850	chr18:2567001-2617608	SBS5	2	1	0	2	0	0	0	0	0	0	0
851	chr18:2617609-3758049	SBS1	2	1	0	2	0	0	0	0	0	0	0
852	chr18:2617609-3758049	SBS100	2	1	1	0	0	0	0	0	0	0	0
853	chr18:2617609-3758049	SBS3	2	1	0	5	0	0	0	0	0	0	0
854	chr18:2617609-3758049	SBS5	2	1	1	1	0	0	0	0	0	0	0
855	chr18:37970756-38197840	SBS3	2	2	1	2	0	0	0	0	0	0	0
856	chr18:38203302-39331000	SBS100	2	2	0	1	0	0	0	0	0	0	0
857	chr18:38203302-39331000	SBS3	2	2	4	1	0	0	0	0	0	0	0
858	chr18:3851298-11807237	SBS1	2	1	0	3	0	0	0	0	0	0	0
859	chr18:3851298-11807237	SBS100	2	1	0	1	0	0	0	0	0	0	0
860	chr18:3851298-11807237	SBS13	2	1	0	2	0	0	0	0	0	0	0
861	chr18:3851298-11807237	SBS3	2	1	5	19	0	0	0	0	0	0	0
862	chr18:3851298-11807237	SBS5	2	1	1	0	0	0	0	0	0	0	0
863	chr18:3851298-11807237	SBS8	2	1	0	7	0	0	0	0	0	0	0
864	chr18:39598001-41948000	SBS100	2	2	2	0	0	0	0	0	0	0	0
865	chr18:39598001-41948000	SBS13	2	2	0	1	0	0	0	0	0	0	0
866	chr18:39598001-41948000	SBS3	2	2	2	8	0	0	0	0	0	0	0
867	chr18:39598001-41948000	SBS5	2	2	1	1	0	0	0	0	0	0	0
868	chr18:39598001-41948000	SBS8	2	2	0	1	0	0	0	0	0	0	0
869	chr18:41948001-42117000	SBS3	2	1	0	1	0	0	0	0	0	0	0
870	chr18:42117001-51027000	SBS1	3	2	1	0	1	0	0	0	0	0	0
871	chr18:42117001-51027000	SBS100	3	2	1	2	2	0	0	0	0	0	0
872	chr18:42117001-51027000	SBS13	3	2	1	0	0	0	0	0	0	0	0
873	chr18:42117001-51027000	SBS3	3	2	18	12	3	0	0	0	0	0	0
874	chr18:42117001-51027000	SBS5	3	2	2	1	1	0	0	0	0	0	0
875	chr18:42117001-51027000	SBS8	3	2	4	2	2	0	0	0	0	0	0
876	chr18:51027001-51212000	SBS8	2	2	0	1	0	0	0	0	0	0	0
877	chr18:51212001-52528000	SBS1	3	2	1	0	0	0	0	0	0	0	0
878	chr18:51212001-52528000	SBS100	3	2	0	2	0	0	0	0	0	0	0
879	chr18:51212001-52528000	SBS13	3	2	2	0	0	0	0	0	0	0	0
880	chr18:51212001-52528000	SBS3	3	2	1	4	1	0	0	0	0	0	0
881	chr18:51212001-52528000	SBS5	3	2	0	0	1	0	0	0	0	0	0
882	chr18:51212001-52528000	SBS8	3	2	0	0	1	0	0	0	0	0	0
883	chr18:52528001-52909000	SBS3	2	2	1	0	0	0	0	0	0	0	0
884	chr18:52528001-52909000	SBS8	2	2	1	0	0	0	0	0	0	0	0
885	chr18:52909001-54116000	SBS3	3	2	0	1	0	0	0	0	0	0	0
886	chr18:52909001-54116000	SBS5	3	2	1	0	1	0	0	0	0	0	0
887	chr18:52909001-54116000	SBS8	3	2	0	0	1	0	0	0	0	0	0
888	chr18:54288001-57036000	SBS1	3	2	0	0	1	0	0	0	0	0	0
889	chr18:54288001-57036000	SBS100	3	2	0	1	0	0	0	0	0	0	0
890	chr18:54288001-57036000	SBS13	3	2	1	0	1	0	0	0	0	0	0
891	chr18:54288001-57036000	SBS3	3	2	6	6	3	0	0	0	0	0	0
892	chr18:54288001-57036000	SBS5	3	2	3	0	1	0	0	0	0	0	0
893	chr18:54288001-57036000	SBS8	3	2	1	0	1	0	0	0	0	0	0
894	chr18:57036001-57541000	SBS100	3	2	1	0	0	0	0	0	0	0	0
895	chr18:57036001-57541000	SBS3	3	2	1	2	2	0	0	0	0	0	0
896	chr18:57036001-57541000	SBS8	3	2	0	1	0	0	0	0	0	0	0
897	chr18:57541001-59087000	SBS1	3	2	1	0	0	0	0	0	0	0	0
898	chr18:57541001-59087000	SBS3	3	2	1	7	0	0	0	0	0	0	0
899	chr18:59087001-61545000	SBS1	3	2	1	0	2	0	0	0	0	0	0
900	chr18:59087001-61545000	SBS100	3	2	1	0	0	0	0	0	0	0	0
901	chr18:59087001-61545000	SBS13	3	2	1	0	0	0	0	0	0	0	0
902	chr18:59087001-61545000	SBS3	3	2	5	4	3	0	0	0	0	0	0
903	chr18:59087001-61545000	SBS5	3	2	0	1	0	0	0	0	0	0	0
904	chr18:59087001-61545000	SBS8	3	2	0	2	0	0	0	0	0	0	0
905	chr18:61545001-63608000	SBS1	3	2	0	2	0	0	0	0	0	0	0
906	chr18:61545001-63608000	SBS13	3	2	1	1	0	0	0	0	0	0	0
907	chr18:61545001-63608000	SBS3	3	2	5	3	2	0	0	0	0	0	0
908	chr18:61545001-63608000	SBS5	3	2	0	1	0	0	0	0	0	0	0
909	chr18:63608001-67822515	SBS1	3	2	0	1	0	0	0	0	0	0	0
910	chr18:63608001-67822515	SBS100	3	2	1	0	0	0	0	0	0	0	0
911	chr18:63608001-67822515	SBS13	3	2	0	2	0	0	0	0	0	0	0
912	chr18:63608001-67822515	SBS3	3	2	8	8	5	0	0	0	0	0	0
913	chr18:63608001-67822515	SBS5	3	2	1	0	0	0	0	0	0	0	0
914	chr18:63608001-67822515	SBS8	3	2	1	2	1	0	0	0	0	0	0
915	chr18:67822551-68743631	SBS1	3	2	0	1	0	0	0	0	0	0	0
916	chr18:67822551-68743631	SBS3	3	2	3	1	1	0	0	0	0	0	0
917	chr18:67822551-68743631	SBS8	3	2	1	0	0	0	0	0	0	0	0
918	chr18:68763001-70511000	SBS100	2	1	1	0	0	0	0	0	0	0	0
919	chr18:68763001-70511000	SBS13	2	1	0	1	0	0	0	0	0	0	0
920	chr18:68763001-70511000	SBS3	2	1	2	2	0	0	0	0	0	0	0
921	chr18:68763001-70511000	SBS8	2	1	0	2	0	0	0	0	0	0	0
922	chr18:70511001-74139000	SBS100	2	1	1	0	0	0	0	0	0	0	0
923	chr18:70511001-74139000	SBS3	2	1	7	7	0	0	0	0	0	0	0
924	chr18:70511001-74139000	SBS5	2	1	1	0	0	0	0	0	0	0	0
925	chr18:74139001-75077000	SBS3	2	1	2	1	0	0	0	0	0	0	0
926	chr18:75077001-76351000	SBS3	2	1	3	3	0	0	0	0	0	0	0
927	chr18:75077001-76351000	SBS8	2	1	0	2	0	0	0	0	0	0	0
928	chr18:76351001-77227000	SBS3	2	1	0	1	0	0	0	0	0	0	0
929	chr18:77227001-79044000	SBS100	2	1	0	1	0	0	0	0	0	0	0
930	chr18:77227001-79044000	SBS3	2	1	3	6	0	0	0	0	0	0	0
931	chr18:77227001-79044000	SBS5	2	1	1	0	0	0	0	0	0	0	0
932	chr18:77227001-79044000	SBS8	2	1	3	1	0	0	0	0	0	0	0
933	chr18:79044001-80373285	SBS13	2	1	1	0	0	0	0	0	0	0	0
934	chr18:79044001-80373285	SBS3	2	1	1	4	0	0	0	0	0	0	0
935	chr18:79044001-80373285	SBS5	2	1	1	0	0	0	0	0	0	0	0
936	chr19:1-3715000	SBS1	1	1	0	1	0	0	0	0	0	0	0
937	chr19:1-3715000	SBS100	1	1	0	3	0	0	0	0	0	0	0
938	chr19:1-3715000	SBS13	1	1	0	1	0	0	0	0	0	0	0
939	chr19:1-3715000	SBS3	1	1	0	13	0	0	0	0	0	0	0
940	chr19:1-3715000	SBS8	1	1	0	2	0	0	0	0	0	0	0
941	chr19:15469501-15993000	SBS1	3	1	0	1	0	0	0	0	0	0	0
942	chr19:15469501-15993000	SBS3	3	1	2	0	1	0	0	0	0	0	0
943	chr19:15993001-18168828	SBS100	2	1	0	2	0	0	0	0	0	0	0
944	chr19:15993001-18168828	SBS3	2	1	3	5	0	0	0	0	0	0	0
945	chr19:15993001-18168828	SBS5	2	1	0	2	0	0	0	0	0	0	0
946	chr19:15993001-18168828	SBS8	2	1	0	1	0	0	0	0	0	0	0
947	chr19:18168829-20817184	SBS1	2	2	0	1	0	0	0	0	0	0	0
948	chr19:18168829-20817184	SBS100	2	2	0	1	0	0	0	0	0	0	0
949	chr19:18168829-20817184	SBS13	2	2	0	2	0	0	0	0	0	0	0
950	chr19:18168829-20817184	SBS3	2	2	2	8	0	0	0	0	0	0	0
951	chr19:18168829-20817184	SBS5	2	2	2	0	0	0	0	0	0	0	0
952	chr19:20916001-21262011	SBS1	3	2	0	1	0	0	0	0	0	0	0
953	chr19:20916001-21262011	SBS13	3	2	0	1	0	0	0	0	0	0	0
954	chr19:20916001-21262011	SBS3	3	2	0	7	0	0	0	0	0	0	0
955	chr19:20916001-21262011	SBS8	3	2	0	1	0	0	0	0	0	0	0
956	chr19:21262012-21448026	SBS13	3	2	0	1	0	0	0	0	0	0	0
957	chr19:21262012-21448026	SBS3	3	2	0	1	0	0	0	0	0	0	0
958	chr19:21448027-21890198	SBS3	2	2	1	6	0	0	0	0	0	0	0
959	chr19:21934197-22257000	SBS1	3	2	1	0	0	0	0	0	0	0	0
960	chr19:21934197-22257000	SBS3	3	2	4	0	0	0	0	0	0	0	0
961	chr19:21934197-22257000	SBS5	3	2	1	0	0	0	0	0	0	0	0
962	chr19:21934197-22257000	SBS8	3	2	3	0	0	0	0	0	0	0	0
963	chr19:22257001-25844926	SBS100	2	1	0	1	0	0	0	0	0	0	0
964	chr19:22257001-25844926	SBS13	2	1	0	2	0	0	0	0	0	0	0
965	chr19:22257001-25844926	SBS3	2	1	1	18	0	0	0	0	0	0	0
966	chr19:22257001-25844926	SBS5	2	1	0	3	0	0	0	0	0	0	0
967	chr19:22257001-25844926	SBS8	2	1	0	2	0	0	0	0	0	0	0
968	chr19:25844927-28487000	SBS3	1	1	0	6	0	0	0	0	0	0	0
969	chr19:25844927-28487000	SBS8	1	1	0	4	0	0	0	0	0	0	0
970	chr19:28487001-29077233	SBS100	2	1	1	0	0	0	0	0	0	0	0
971	chr19:28487001-29077233	SBS3	2	1	0	3	0	0	0	0	0	0	0
972	chr19:29077234-29474000	SBS100	5	1	0	1	0	0	0	0	0	0	0
973	chr19:29077234-29474000	SBS3	5	1	0	1	0	0	0	0	0	0	0
974	chr19:29077234-29474000	SBS8	5	1	0	1	0	0	0	0	0	0	0
975	chr19:29474001-29551587	SBS5	10	1	1	0	0	0	0	0	0	0	0
976	chr19:29559501-29719852	SBS8	6	1	0	0	1	0	0	0	0	0	0
977	chr19:29719853-29965618	SBS3	7	1	2	0	0	0	0	0	0	0	0
978	chr19:30072213-34171613	SBS3	1	1	0	9	0	0	0	0	0	0	0
979	chr19:30072213-34171613	SBS5	1	1	0	3	0	0	0	0	0	0	0
980	chr19:30072213-34171613	SBS8	1	1	0	3	0	0	0	0	0	0	0
981	chr19:34174001-34574560	SBS3	7	1	1	1	1	0	0	0	0	0	0
982	chr19:34574561-36666000	SBS1	1	1	0	4	0	0	0	0	0	0	0
983	chr19:34574561-36666000	SBS100	1	1	0	1	0	0	0	0	0	0	0
984	chr19:34574561-36666000	SBS3	1	1	0	7	0	0	0	0	0	0	0
985	chr19:34574561-36666000	SBS8	1	1	0	1	0	0	0	0	0	0	0
986	chr19:36809732-37155000	SBS13	8	1	0	0	0	0	1	0	1	0	0
987	chr19:36809732-37155000	SBS3	8	1	1	0	0	0	0	0	0	0	0
988	chr19:36809732-37155000	SBS8	8	1	0	0	0	0	0	0	1	0	0
989	chr19:3715001-15222000	SBS1	2	1	0	2	0	0	0	0	0	0	0
990	chr19:3715001-15222000	SBS100	2	1	1	2	0	0	0	0	0	0	0
991	chr19:3715001-15222000	SBS13	2	1	0	3	0	0	0	0	0	0	0
992	chr19:3715001-15222000	SBS3	2	1	9	30	0	0	0	0	0	0	0
993	chr19:3715001-15222000	SBS5	2	1	0	5	0	0	0	0	0	0	0
994	chr19:3715001-15222000	SBS8	2	1	0	2	0	0	0	0	0	0	0
995	chr19:37155001-37385092	SBS3	3	1	2	0	0	0	0	0	0	0	0
996	chr19:37385093-37895000	SBS13	2	1	0	1	0	0	0	0	0	0	0
997	chr19:37385093-37895000	SBS3	2	1	2	1	0	0	0	0	0	0	0
998	chr19:37895001-38097000	SBS3	1	1	0	1	0	0	0	0	0	0	0
999	chr19:37895001-38097000	SBS5	1	1	0	1	0	0	0	0	0	0	0
1000	chr19:38097001-38631500	SBS13	1	1	0	1	0	0	0	0	0	0	0
1001	chr19:38097001-38631500	SBS3	1	1	0	4	0	0	0	0	0	0	0
1002	chr19:38697001-47350780	SBS100	1	1	0	1	0	0	0	0	0	0	0
1003	chr19:38697001-47350780	SBS13	1	1	0	1	0	0	0	0	0	0	0
1004	chr19:38697001-47350780	SBS3	1	1	0	20	0	0	0	0	0	0	0
1005	chr19:38697001-47350780	SBS5	1	1	0	4	0	0	0	0	0	0	0
1006	chr19:38697001-47350780	SBS8	1	1	0	1	0	0	0	0	0	0	0
1007	chr19:47350826-48291597	SBS3	1	1	0	3	0	0	0	0	0	0	0
1008	chr19:47350826-48291597	SBS8	1	1	0	1	0	0	0	0	0	0	0
1009	chr19:48291637-52663491	SBS1	1	1	0	1	0	0	0	0	0	0	0
1010	chr19:48291637-52663491	SBS100	1	1	0	1	0	0	0	0	0	0	0
1011	chr19:48291637-52663491	SBS3	1	1	0	11	0	0	0	0	0	0	0
1012	chr19:48291637-52663491	SBS5	1	1	0	1	0	0	0	0	0	0	0
1013	chr19:48291637-52663491	SBS8	1	1	0	5	0	0	0	0	0	0	0
1014	chr19:52670318-58617616	SBS1	2	1	1	0	0	0	0	0	0	0	0
1015	chr19:52670318-58617616	SBS100	2	1	1	0	0	0	0	0	0	0	0
1016	chr19:52670318-58617616	SBS13	2	1	1	2	0	0	0	0	0	0	0
1017	chr19:52670318-58617616	SBS3	2	1	3	21	0	0	0	0	0	0	0
1018	chr19:52670318-58617616	SBS5	2	1	2	1	0	0	0	0	0	0	0
1019	chr19:52670318-58617616	SBS8	2	1	3	2	0	0	0	0	0	0	0
1020	chr1:1-2825000	SBS13	2	1	1	1	0	0	0	0	0	0	0
1021	chr1:1-2825000	SBS3	2	1	2	6	0	0	0	0	0	0	0
1022	chr1:1-2825000	SBS5	2	1	0	1	0	0	0	0	0	0	0
1023	chr1:1-2825000	SBS8	2	1	0	3	0	0	0	0	0	0	0
1024	chr1:103789001-107120000	SBS3	2	0	1	6	0	0	0	0	0	0	0
1025	chr1:103789001-107120000	SBS8	2	0	0	4	0	0	0	0	0	0	0
1026	chr1:10456259-12205000	SBS1	1	1	0	1	0	0	0	0	0	0	0
1027	chr1:10456259-12205000	SBS13	1	1	0	1	0	0	0	0	0	0	0
1028	chr1:10456259-12205000	SBS3	1	1	0	2	0	0	0	0	0	0	0
1029	chr1:10456259-12205000	SBS8	1	1	0	1	0	0	0	0	0	0	0
1030	chr1:107120001-108550000	SBS5	2	0	0	2	0	0	0	0	0	0	0
1031	chr1:108673001-110679000	SBS13	2	0	0	1	0	0	0	0	0	0	0
1032	chr1:108673001-110679000	SBS3	2	0	1	1	0	0	0	0	0	0	0
1033	chr1:110679001-111110000	SBS100	2	0	0	1	0	0	0	0	0	0	0
1034	chr1:110679001-111110000	SBS3	2	0	0	3	0	0	0	0	0	0	0
1035	chr1:111110001-111772000	SBS3	2	0	0	1	0	0	0	0	0	0	0
1036	chr1:111772001-112357000	SBS3	2	0	0	1	0	0	0	0	0	0	0
1037	chr1:112357001-114334542	SBS3	2	0	0	6	0	0	0	0	0	0	0
1038	chr1:114334602-116243000	SBS1	2	0	1	2	0	0	0	0	0	0	0
1039	chr1:114334602-116243000	SBS3	2	0	1	2	0	0	0	0	0	0	0
1040	chr1:116243001-119714913	SBS1	2	2	0	1	0	0	0	0	0	0	0
1041	chr1:116243001-119714913	SBS13	2	2	1	0	0	0	0	0	0	0	0
1042	chr1:116243001-119714913	SBS3	2	2	7	4	0	0	0	0	0	0	0
1043	chr1:116243001-119714913	SBS5	2	2	2	0	0	0	0	0	0	0	0
1044	chr1:116243001-119714913	SBS8	2	2	3	0	0	0	0	0	0	0	0
1045	chr1:119716369-120082500	SBS3	54	2	0	0	0	0	1	0	0	1	0
1046	chr1:120082501-121105096	SBS13	20	11	0	0	0	1	0	0	0	0	0
1047	chr1:120082501-121105096	SBS3	20	11	0	0	2	0	0	0	0	0	0
1048	chr1:121105097-121505794	SBS13	11	9	0	0	1	0	0	0	0	0	0
1049	chr1:121105097-121505794	SBS3	11	9	0	0	0	0	1	0	0	0	1
1050	chr1:12205001-15976629	SBS1	1	0	0	1	0	0	0	0	0	0	0
1051	chr1:12205001-15976629	SBS100	1	0	0	1	0	0	0	0	0	0	0
1052	chr1:12205001-15976629	SBS3	1	0	0	11	0	0	0	0	0	0	0
1053	chr1:12205001-15976629	SBS5	1	0	0	2	0	0	0	0	0	0	0
1054	chr1:12205001-15976629	SBS8	1	0	0	1	0	0	0	0	0	0	0
1055	chr1:123605523-145703000	SBS1	3	1	0	1	0	0	0	0	0	0	0
1056	chr1:123605523-145703000	SBS100	3	1	1	1	0	0	0	0	0	0	0
1057	chr1:123605523-145703000	SBS13	3	1	0	1	0	0	0	0	0	0	0
1058	chr1:123605523-145703000	SBS3	3	1	1	16	2	0	0	0	0	0	0
1059	chr1:123605523-145703000	SBS5	3	1	0	3	0	0	0	0	0	0	0
1060	chr1:123605523-145703000	SBS8	3	1	3	1	0	0	0	0	0	0	0
1061	chr1:145703001-146052000	SBS1	2	1	0	1	0	0	0	0	0	0	0
1062	chr1:145703001-146052000	SBS3	2	1	0	2	0	0	0	0	0	0	0
1063	chr1:145703001-146052000	SBS5	2	1	0	1	0	0	0	0	0	0	0
1064	chr1:146052001-161295406	SBS1	4	1	3	1	1	0	0	0	0	0	0
1065	chr1:146052001-161295406	SBS100	4	1	2	2	1	1	0	0	0	0	0
1066	chr1:146052001-161295406	SBS13	4	1	1	1	1	1	0	0	0	0	0
1067	chr1:146052001-161295406	SBS3	4	1	11	34	5	12	0	0	0	0	0
1068	chr1:146052001-161295406	SBS5	4	1	5	4	0	0	0	0	0	0	0
1069	chr1:146052001-161295406	SBS8	4	1	0	8	1	2	0	0	0	0	0
1070	chr1:15990087-16944000	SBS1	3	0	0	1	0	0	0	0	0	0	0
1071	chr1:15990087-16944000	SBS100	3	0	0	1	0	0	0	0	0	0	0
1072	chr1:15990087-16944000	SBS3	3	0	0	4	0	0	0	0	0	0	0
1073	chr1:15990087-16944000	SBS5	3	0	0	1	0	0	0	0	0	0	0
1074	chr1:15990087-16944000	SBS8	3	0	0	1	0	0	0	0	0	0	0
1075	chr1:161295407-161295410	SBS3	1	1	0	1	0	0	0	0	0	0	0
1076	chr1:161296671-162950000	SBS1	1	1	0	2	0	0	0	0	0	0	0
1077	chr1:161296671-162950000	SBS100	1	1	0	1	0	0	0	0	0	0	0
1078	chr1:161296671-162950000	SBS3	1	1	0	8	0	0	0	0	0	0	0
1079	chr1:161296671-162950000	SBS5	1	1	0	2	0	0	0	0	0	0	0
1080	chr1:161296671-162950000	SBS8	1	1	0	1	0	0	0	0	0	0	0
1081	chr1:162950001-164557000	SBS3	1	1	0	4	0	0	0	0	0	0	0
1082	chr1:162950001-164557000	SBS8	1	1	0	1	0	0	0	0	0	0	0
1083	chr1:164846001-165582000	SBS3	1	1	0	1	0	0	0	0	0	0	0
1084	chr1:165582001-165918000	SBS100	1	1	0	1	0	0	0	0	0	0	0
1085	chr1:165918001-166835000	SBS3	1	1	0	5	0	0	0	0	0	0	0
1086	chr1:166835001-169897000	SBS3	1	1	0	2	0	0	0	0	0	0	0
1087	chr1:166835001-169897000	SBS8	1	1	0	1	0	0	0	0	0	0	0
1088	chr1:16944001-17746000	SBS100	2	0	0	1	0	0	0	0	0	0	0
1089	chr1:16944001-17746000	SBS3	2	0	0	4	0	0	0	0	0	0	0
1090	chr1:16944001-17746000	SBS5	2	0	0	2	0	0	0	0	0	0	0
1091	chr1:16944001-17746000	SBS8	2	0	0	1	0	0	0	0	0	0	0
1092	chr1:169897001-170016000	SBS3	2	1	1	4	0	0	0	0	0	0	0
1093	chr1:170016001-172237000	SBS3	2	1	0	7	0	0	0	0	0	0	0
1094	chr1:170016001-172237000	SBS5	2	1	1	0	0	0	0	0	0	0	0
1095	chr1:172611001-172937116	SBS3	2	1	1	0	0	0	0	0	0	0	0
1096	chr1:172611001-172937116	SBS5	2	1	0	1	0	0	0	0	0	0	0
1097	chr1:172937378-174445000	SBS13	2	1	0	1	0	0	0	0	0	0	0
1098	chr1:172937378-174445000	SBS3	2	1	1	2	0	0	0	0	0	0	0
1099	chr1:172937378-174445000	SBS8	2	1	0	2	0	0	0	0	0	0	0
1100	chr1:174445001-177913000	SBS100	1	1	0	1	0	0	0	0	0	0	0
1101	chr1:174445001-177913000	SBS3	1	1	0	3	0	0	0	0	0	0	0
1102	chr1:174445001-177913000	SBS8	1	1	0	1	0	0	0	0	0	0	0
1103	chr1:17746001-18868000	SBS3	2	0	1	0	0	0	0	0	0	0	0
1104	chr1:177913001-178471000	SBS3	1	1	0	1	0	0	0	0	0	0	0
1105	chr1:178471001-179016000	SBS13	2	1	1	0	0	0	0	0	0	0	0
1106	chr1:178471001-179016000	SBS3	2	1	0	1	0	0	0	0	0	0	0
1107	chr1:179238001-179807000	SBS3	2	1	0	1	0	0	0	0	0	0	0
1108	chr1:179238001-179807000	SBS5	2	1	0	1	0	0	0	0	0	0	0
1109	chr1:179238001-179807000	SBS8	2	1	1	0	0	0	0	0	0	0	0
1110	chr1:179807001-180950000	SBS3	2	1	1	2	0	0	0	0	0	0	0
1111	chr1:181167001-182020000	SBS3	2	1	1	1	0	0	0	0	0	0	0
1112	chr1:181167001-182020000	SBS5	2	1	1	0	0	0	0	0	0	0	0
1113	chr1:182020001-187072000	SBS100	2	1	0	1	0	0	0	0	0	0	0
1114	chr1:182020001-187072000	SBS13	2	1	1	1	0	0	0	0	0	0	0
1115	chr1:182020001-187072000	SBS3	2	1	6	13	0	0	0	0	0	0	0
1116	chr1:182020001-187072000	SBS5	2	1	0	2	0	0	0	0	0	0	0
1117	chr1:187072001-192474000	SBS13	2	1	1	1	0	0	0	0	0	0	0
1118	chr1:187072001-192474000	SBS3	2	1	4	15	0	0	0	0	0	0	0
1119	chr1:187072001-192474000	SBS5	2	1	2	2	0	0	0	0	0	0	0
1120	chr1:187072001-192474000	SBS8	2	1	2	3	0	0	0	0	0	0	0
1121	chr1:18868001-21494871	SBS3	2	0	0	3	0	0	0	0	0	0	0
1122	chr1:18868001-21494871	SBS5	2	0	2	0	0	0	0	0	0	0	0
1123	chr1:192614001-193271000	SBS13	2	1	0	1	0	0	0	0	0	0	0
1124	chr1:192614001-193271000	SBS3	2	1	1	1	0	0	0	0	0	0	0
1125	chr1:192614001-193271000	SBS5	2	1	0	1	0	0	0	0	0	0	0
1126	chr1:192614001-193271000	SBS8	2	1	1	0	0	0	0	0	0	0	0
1127	chr1:193271001-197083000	SBS1	2	1	0	1	0	0	0	0	0	0	0
1128	chr1:193271001-197083000	SBS3	2	1	3	9	0	0	0	0	0	0	0
1129	chr1:193271001-197083000	SBS5	2	1	1	3	0	0	0	0	0	0	0
1130	chr1:193271001-197083000	SBS8	2	1	0	3	0	0	0	0	0	0	0
1131	chr1:197083001-197837393	SBS3	2	1	0	2	0	0	0	0	0	0	0
1132	chr1:197083001-197837393	SBS5	2	1	0	1	0	0	0	0	0	0	0
1133	chr1:197083001-197837393	SBS8	2	1	0	2	0	0	0	0	0	0	0
1134	chr1:197837394-197841656	SBS13	2	1	0	1	0	0	0	0	0	0	0
1135	chr1:197841657-198882000	SBS1	2	1	0	1	0	0	0	0	0	0	0
1136	chr1:197841657-198882000	SBS13	2	1	0	1	0	0	0	0	0	0	0
1137	chr1:197841657-198882000	SBS3	2	1	3	5	0	0	0	0	0	0	0
1138	chr1:197841657-198882000	SBS8	2	1	1	0	0	0	0	0	0	0	0
1139	chr1:198939001-208265000	SBS1	2	1	0	2	0	0	0	0	0	0	0
1140	chr1:198939001-208265000	SBS100	2	1	2	1	0	0	0	0	0	0	0
1141	chr1:198939001-208265000	SBS13	2	1	0	2	0	0	0	0	0	0	0
1142	chr1:198939001-208265000	SBS3	2	1	5	21	0	0	0	0	0	0	0
1143	chr1:198939001-208265000	SBS5	2	1	3	3	0	0	0	0	0	0	0
1144	chr1:198939001-208265000	SBS8	2	1	0	2	0	0	0	0	0	0	0
1145	chr1:208265001-209348000	SBS13	2	1	1	0	0	0	0	0	0	0	0
1146	chr1:208265001-209348000	SBS3	2	1	0	2	0	0	0	0	0	0	0
1147	chr1:208265001-209348000	SBS5	2	1	0	1	0	0	0	0	0	0	0
1148	chr1:208265001-209348000	SBS8	2	1	0	1	0	0	0	0	0	0	0
1149	chr1:209348001-209880000	SBS100	2	1	1	0	0	0	0	0	0	0	0
1150	chr1:209880001-210216000	SBS3	2	1	0	1	0	0	0	0	0	0	0
1151	chr1:209880001-210216000	SBS8	2	1	0	1	0	0	0	0	0	0	0
1152	chr1:210216001-210499000	SBS1	2	1	0	1	0	0	0	0	0	0	0
1153	chr1:210216001-210499000	SBS3	2	1	0	1	0	0	0	0	0	0	0
1154	chr1:210216001-210499000	SBS5	2	1	1	1	0	0	0	0	0	0	0
1155	chr1:210499001-211254000	SBS13	2	1	0	1	0	0	0	0	0	0	0
1156	chr1:210499001-211254000	SBS3	2	1	2	2	0	0	0	0	0	0	0
1157	chr1:211254001-213298000	SBS1	2	1	0	1	0	0	0	0	0	0	0
1158	chr1:211254001-213298000	SBS100	2	1	0	1	0	0	0	0	0	0	0
1159	chr1:211254001-213298000	SBS3	2	1	1	5	0	0	0	0	0	0	0
1160	chr1:211254001-213298000	SBS5	2	1	0	1	0	0	0	0	0	0	0
1161	chr1:211254001-213298000	SBS8	2	1	0	1	0	0	0	0	0	0	0
1162	chr1:213298001-214206000	SBS100	2	1	0	1	0	0	0	0	0	0	0
1163	chr1:213298001-214206000	SBS3	2	1	1	2	0	0	0	0	0	0	0
1164	chr1:214206001-214629000	SBS3	2	1	0	1	0	0	0	0	0	0	0
1165	chr1:214206001-214629000	SBS5	2	1	0	1	0	0	0	0	0	0	0
1166	chr1:214206001-214629000	SBS8	2	1	0	1	0	0	0	0	0	0	0
1167	chr1:214629001-215563000	SBS13	2	1	0	1	0	0	0	0	0	0	0
1168	chr1:214629001-215563000	SBS3	2	1	0	1	0	0	0	0	0	0	0
1169	chr1:214629001-215563000	SBS5	2	1	0	1	0	0	0	0	0	0	0
1170	chr1:21494872-23034000	SBS1	2	1	0	2	0	0	0	0	0	0	0
1171	chr1:21494872-23034000	SBS13	2	1	0	2	0	0	0	0	0	0	0
1172	chr1:21494872-23034000	SBS3	2	1	3	5	0	0	0	0	0	0	0
1173	chr1:215643001-218283000	SBS1	2	1	1	0	0	0	0	0	0	0	0
1174	chr1:215643001-218283000	SBS13	2	1	0	1	0	0	0	0	0	0	0
1175	chr1:215643001-218283000	SBS3	2	1	3	5	0	0	0	0	0	0	0
1176	chr1:215643001-218283000	SBS8	2	1	0	1	0	0	0	0	0	0	0
1177	chr1:218283001-218500000	SBS13	2	1	1	0	0	0	0	0	0	0	0
1178	chr1:218500001-220735000	SBS1	2	1	0	1	0	0	0	0	0	0	0
1179	chr1:218500001-220735000	SBS13	2	1	1	2	0	0	0	0	0	0	0
1180	chr1:218500001-220735000	SBS3	2	1	5	4	0	0	0	0	0	0	0
1181	chr1:218500001-220735000	SBS8	2	1	0	3	0	0	0	0	0	0	0
1182	chr1:220735001-223695000	SBS13	3	2	1	0	0	0	0	0	0	0	0
1183	chr1:220735001-223695000	SBS3	3	2	2	4	3	0	0	0	0	0	0
1184	chr1:220735001-223695000	SBS5	3	2	2	0	1	0	0	0	0	0	0
1185	chr1:220735001-223695000	SBS8	3	2	0	2	0	0	0	0	0	0	0
1186	chr1:223888001-228321384	SBS1	3	2	2	0	0	0	0	0	0	0	0
1187	chr1:223888001-228321384	SBS100	3	2	1	0	0	0	0	0	0	0	0
1188	chr1:223888001-228321384	SBS13	3	2	1	0	0	0	0	0	0	0	0
1189	chr1:223888001-228321384	SBS3	3	2	5	8	1	0	0	0	0	0	0
1190	chr1:223888001-228321384	SBS5	3	2	0	0	1	0	0	0	0	0	0
1191	chr1:223888001-228321384	SBS8	3	2	4	0	0	0	0	0	0	0	0
1192	chr1:228321417-229882250	SBS13	3	2	1	0	0	0	0	0	0	0	0
1193	chr1:228321417-229882250	SBS3	3	2	3	4	0	0	0	0	0	0	0
1194	chr1:228321417-229882250	SBS5	3	2	0	1	0	0	0	0	0	0	0
1195	chr1:228321417-229882250	SBS8	3	2	1	0	1	0	0	0	0	0	0
1196	chr1:229882287-234314000	SBS100	3	2	0	2	0	0	0	0	0	0	0
1197	chr1:229882287-234314000	SBS13	3	2	0	2	1	0	0	0	0	0	0
1198	chr1:229882287-234314000	SBS3	3	2	6	4	1	0	0	0	0	0	0
1199	chr1:229882287-234314000	SBS5	3	2	1	1	1	0	0	0	0	0	0
1200	chr1:229882287-234314000	SBS8	3	2	2	1	0	0	0	0	0	0	0
1201	chr1:23034001-25104818	SBS1	2	0	0	1	0	0	0	0	0	0	0
1202	chr1:23034001-25104818	SBS3	2	0	2	3	0	0	0	0	0	0	0
1203	chr1:23034001-25104818	SBS5	2	0	0	1	0	0	0	0	0	0	0
1204	chr1:234463001-235336000	SBS1	2	1	0	1	0	0	0	0	0	0	0
1205	chr1:234463001-235336000	SBS3	2	1	1	3	0	0	0	0	0	0	0
1206	chr1:234463001-235336000	SBS8	2	1	0	1	0	0	0	0	0	0	0
1207	chr1:235336001-239990000	SBS1	3	1	1	1	0	0	0	0	0	0	0
1208	chr1:235336001-239990000	SBS100	3	1	1	0	0	0	0	0	0	0	0
1209	chr1:235336001-239990000	SBS13	3	1	0	1	2	0	0	0	0	0	0
1210	chr1:235336001-239990000	SBS3	3	1	6	8	2	0	0	0	0	0	0
1211	chr1:235336001-239990000	SBS5	3	1	1	2	1	0	0	0	0	0	0
1212	chr1:235336001-239990000	SBS8	3	1	1	1	0	0	0	0	0	0	0
1213	chr1:239990001-241484000	SBS1	4	1	0	1	0	0	0	0	0	0	0
1214	chr1:239990001-241484000	SBS100	4	1	0	1	0	0	0	0	0	0	0
1215	chr1:239990001-241484000	SBS3	4	1	3	3	1	0	0	0	0	0	0
1216	chr1:239990001-241484000	SBS5	4	1	0	0	1	0	0	0	0	0	0
1217	chr1:239990001-241484000	SBS8	4	1	1	0	0	1	0	0	0	0	0
1218	chr1:241908001-243045500	SBS100	4	1	1	0	0	0	0	0	0	0	0
1219	chr1:241908001-243045500	SBS3	4	1	1	2	0	1	0	0	0	0	0
1220	chr1:241908001-243045500	SBS5	4	1	0	1	1	1	0	0	0	0	0
1221	chr1:241908001-243045500	SBS8	4	1	1	0	0	0	0	0	0	0	0
1222	chr1:243045501-243474000	SBS3	3	1	0	0	1	0	0	0	0	0	0
1223	chr1:243474001-245997000	SBS1	4	1	0	1	0	1	0	0	0	0	0
1224	chr1:243474001-245997000	SBS13	4	1	1	0	0	0	0	0	0	0	0
1225	chr1:243474001-245997000	SBS3	4	1	5	3	0	1	0	0	0	0	0
1226	chr1:243474001-245997000	SBS5	4	1	2	0	0	0	0	0	0	0	0
1227	chr1:243474001-245997000	SBS8	4	1	1	0	1	0	0	0	0	0	0
1228	chr1:246214233-246988530	SBS3	5	1	0	1	0	0	0	0	0	0	0
1229	chr1:246988531-248956422	SBS3	3	1	3	1	1	0	0	0	0	0	0
1230	chr1:246988531-248956422	SBS5	3	1	1	2	0	0	0	0	0	0	0
1231	chr1:246988531-248956422	SBS8	3	1	1	0	0	0	0	0	0	0	0
1232	chr1:25104819-25678890	SBS3	2	1	1	0	0	0	0	0	0	0	0
1233	chr1:25750742-28483000	SBS3	2	0	1	2	0	0	0	0	0	0	0
1234	chr1:25750742-28483000	SBS8	2	0	2	0	0	0	0	0	0	0	0
1235	chr1:2825001-3437000	SBS1	3	1	0	0	1	0	0	0	0	0	0
1236	chr1:2825001-3437000	SBS3	3	1	0	1	0	0	0	0	0	0	0
1237	chr1:2825001-3437000	SBS5	3	1	0	1	0	0	0	0	0	0	0
1238	chr1:28483001-29156000	SBS3	2	1	1	0	0	0	0	0	0	0	0
1239	chr1:28483001-29156000	SBS8	2	1	1	0	0	0	0	0	0	0	0
1240	chr1:29583373-30693000	SBS3	2	1	2	3	0	0	0	0	0	0	0
1241	chr1:29583373-30693000	SBS5	2	1	1	0	0	0	0	0	0	0	0
1242	chr1:30693001-34299160	SBS13	2	1	0	1	0	0	0	0	0	0	0
1243	chr1:30693001-34299160	SBS3	2	1	6	3	0	0	0	0	0	0	0
1244	chr1:30693001-34299160	SBS8	2	1	2	2	0	0	0	0	0	0	0
1245	chr1:34299161-34687450	SBS3	2	0	1	0	0	0	0	0	0	0	0
1246	chr1:34299161-34687450	SBS8	2	0	1	1	0	0	0	0	0	0	0
1247	chr1:3437001-3922000	SBS3	2	1	2	1	0	0	0	0	0	0	0
1248	chr1:3437001-3922000	SBS8	2	1	1	0	0	0	0	0	0	0	0
1249	chr1:34687451-36378353	SBS13	2	1	1	0	0	0	0	0	0	0	0
1250	chr1:34687451-36378353	SBS3	2	1	1	5	0	0	0	0	0	0	0
1251	chr1:34687451-36378353	SBS5	2	1	1	2	0	0	0	0	0	0	0
1252	chr1:34687451-36378353	SBS8	2	1	0	1	0	0	0	0	0	0	0
1253	chr1:36488001-38215000	SBS100	2	1	0	1	0	0	0	0	0	0	0
1254	chr1:36488001-38215000	SBS13	2	1	1	1	0	0	0	0	0	0	0
1255	chr1:36488001-38215000	SBS3	2	1	3	4	0	0	0	0	0	0	0
1256	chr1:38215001-38825000	SBS3	3	2	0	2	1	0	0	0	0	0	0
1257	chr1:38215001-38825000	SBS8	3	2	1	0	0	0	0	0	0	0	0
1258	chr1:38825001-40688000	SBS1	2	2	1	1	0	0	0	0	0	0	0
1259	chr1:38825001-40688000	SBS100	2	2	2	0	0	0	0	0	0	0	0
1260	chr1:38825001-40688000	SBS13	2	2	1	0	0	0	0	0	0	0	0
1261	chr1:38825001-40688000	SBS3	2	2	3	7	0	0	0	0	0	0	0
1262	chr1:38825001-40688000	SBS5	2	2	0	1	0	0	0	0	0	0	0
1263	chr1:3922001-5871000	SBS1	3	1	0	1	1	0	0	0	0	0	0
1264	chr1:3922001-5871000	SBS100	3	1	1	0	0	0	0	0	0	0	0
1265	chr1:3922001-5871000	SBS3	3	1	4	0	4	0	0	0	0	0	0
1266	chr1:3922001-5871000	SBS5	3	1	0	0	2	0	0	0	0	0	0
1267	chr1:3922001-5871000	SBS8	3	1	1	0	0	0	0	0	0	0	0
1268	chr1:40688001-40824415	SBS1	2	1	0	1	0	0	0	0	0	0	0
1269	chr1:40824422-43154051	SBS13	2	1	0	1	0	0	0	0	0	0	0
1270	chr1:40824422-43154051	SBS3	2	1	1	2	0	0	0	0	0	0	0
1271	chr1:40824422-43154051	SBS5	2	1	1	0	0	0	0	0	0	0	0
1272	chr1:40824422-43154051	SBS8	2	1	2	0	0	0	0	0	0	0	0
1273	chr1:43154098-44409342	SBS100	2	1	1	0	0	0	0	0	0	0	0
1274	chr1:43154098-44409342	SBS3	2	1	2	3	0	0	0	0	0	0	0
1275	chr1:43154098-44409342	SBS5	2	1	0	1	0	0	0	0	0	0	0
1276	chr1:44409343-48464000	SBS100	3	1	0	1	0	0	0	0	0	0	0
1277	chr1:44409343-48464000	SBS13	3	1	1	1	0	0	0	0	0	0	0
1278	chr1:44409343-48464000	SBS3	3	1	8	2	2	0	0	0	0	0	0
1279	chr1:44409343-48464000	SBS5	3	1	1	0	0	0	0	0	0	0	0
1280	chr1:44409343-48464000	SBS8	3	1	0	1	0	0	0	0	0	0	0
1281	chr1:48464001-50431000	SBS1	2	1	0	1	0	0	0	0	0	0	0
1282	chr1:48464001-50431000	SBS3	2	1	1	1	0	0	0	0	0	0	0
1283	chr1:48464001-50431000	SBS8	2	1	1	1	0	0	0	0	0	0	0
1284	chr1:50984001-51213000	SBS5	3	1	1	0	0	0	0	0	0	0	0
1285	chr1:50984001-51213000	SBS8	3	1	0	1	0	0	0	0	0	0	0
1286	chr1:51213001-51883000	SBS3	2	1	1	1	0	0	0	0	0	0	0
1287	chr1:51213001-51883000	SBS8	2	1	0	1	0	0	0	0	0	0	0
1288	chr1:51883001-52907916	SBS1	2	1	1	0	0	0	0	0	0	0	0
1289	chr1:51883001-52907916	SBS3	2	1	1	0	0	0	0	0	0	0	0
1290	chr1:52913267-56588000	SBS1	2	1	1	0	0	0	0	0	0	0	0
1291	chr1:52913267-56588000	SBS100	2	1	0	1	0	0	0	0	0	0	0
1292	chr1:52913267-56588000	SBS13	2	1	0	1	0	0	0	0	0	0	0
1293	chr1:52913267-56588000	SBS3	2	1	1	10	0	0	0	0	0	0	0
1294	chr1:52913267-56588000	SBS5	2	1	1	0	0	0	0	0	0	0	0
1295	chr1:52913267-56588000	SBS8	2	1	1	2	0	0	0	0	0	0	0
1296	chr1:56588001-58644000	SBS3	2	1	2	2	0	0	0	0	0	0	0
1297	chr1:58644001-59778881	SBS3	2	1	1	3	0	0	0	0	0	0	0
1298	chr1:5871001-7951000	SBS100	2	1	1	0	0	0	0	0	0	0	0
1299	chr1:5871001-7951000	SBS5	2	1	0	2	0	0	0	0	0	0	0
1300	chr1:59778924-61042000	SBS3	2	1	1	5	0	0	0	0	0	0	0
1301	chr1:59778924-61042000	SBS5	2	1	0	1	0	0	0	0	0	0	0
1302	chr1:61455001-62166392	SBS13	2	1	1	0	0	0	0	0	0	0	0
1303	chr1:61455001-62166392	SBS3	2	1	0	2	0	0	0	0	0	0	0
1304	chr1:62845001-63571645	SBS3	2	1	1	1	0	0	0	0	0	0	0
1305	chr1:62845001-63571645	SBS5	2	1	0	1	0	0	0	0	0	0	0
1306	chr1:63571684-64504239	SBS1	2	1	0	1	0	0	0	0	0	0	0
1307	chr1:63571684-64504239	SBS100	2	1	0	2	0	0	0	0	0	0	0
1308	chr1:63571684-64504239	SBS3	2	1	1	0	0	0	0	0	0	0	0
1309	chr1:64507342-64587944	SBS3	2	1	1	0	0	0	0	0	0	0	0
1310	chr1:66241001-66379000	SBS13	1	0	0	1	0	0	0	0	0	0	0
1311	chr1:66379001-67898000	SBS3	2	0	0	1	0	0	0	0	0	0	0
1312	chr1:66379001-67898000	SBS5	2	0	0	1	0	0	0	0	0	0	0
1313	chr1:66379001-67898000	SBS8	2	0	1	0	0	0	0	0	0	0	0
1314	chr1:68111001-68531000	SBS3	2	0	1	0	0	0	0	0	0	0	0
1315	chr1:68531001-70086000	SBS100	2	0	0	1	0	0	0	0	0	0	0
1316	chr1:68531001-70086000	SBS3	2	0	0	6	0	0	0	0	0	0	0
1317	chr1:68531001-70086000	SBS8	2	0	0	4	0	0	0	0	0	0	0
1318	chr1:70086001-70436754	SBS3	2	0	0	1	0	0	0	0	0	0	0
1319	chr1:70449956-74368081	SBS3	2	0	1	10	0	0	0	0	0	0	0
1320	chr1:70449956-74368081	SBS5	2	0	0	5	0	0	0	0	0	0	0
1321	chr1:70449956-74368081	SBS8	2	0	1	2	0	0	0	0	0	0	0
1322	chr1:74368867-75718000	SBS3	2	0	1	4	0	0	0	0	0	0	0
1323	chr1:75718001-88647000	SBS1	2	0	0	2	0	0	0	0	0	0	0
1324	chr1:75718001-88647000	SBS100	2	0	0	1	0	0	0	0	0	0	0
1325	chr1:75718001-88647000	SBS13	2	0	0	2	0	0	0	0	0	0	0
1326	chr1:75718001-88647000	SBS3	2	0	3	31	0	0	0	0	0	0	0
1327	chr1:75718001-88647000	SBS5	2	0	0	4	0	0	0	0	0	0	0
1328	chr1:75718001-88647000	SBS8	2	0	1	6	0	0	0	0	0	0	0
1329	chr1:7951001-8659741	SBS1	2	1	0	1	0	0	0	0	0	0	0
1330	chr1:7951001-8659741	SBS100	2	1	1	0	0	0	0	0	0	0	0
1331	chr1:7951001-8659741	SBS3	2	1	0	1	0	0	0	0	0	0	0
1332	chr1:8747624-10456219	SBS100	1	1	0	1	0	0	0	0	0	0	0
1333	chr1:8747624-10456219	SBS3	1	1	0	4	0	0	0	0	0	0	0
1334	chr1:8747624-10456219	SBS8	1	1	0	1	0	0	0	0	0	0	0
1335	chr1:88647001-93730526	SBS3	2	0	3	10	0	0	0	0	0	0	0
1336	chr1:88647001-93730526	SBS8	2	0	0	1	0	0	0	0	0	0	0
1337	chr1:93753568-95254000	SBS3	2	0	0	5	0	0	0	0	0	0	0
1338	chr1:93753568-95254000	SBS5	2	0	0	2	0	0	0	0	0	0	0
1339	chr1:93753568-95254000	SBS8	2	0	0	2	0	0	0	0	0	0	0
1340	chr1:95254001-96767944	SBS13	2	0	0	1	0	0	0	0	0	0	0
1341	chr1:95254001-96767944	SBS3	2	0	0	4	0	0	0	0	0	0	0
1342	chr1:96823001-97197443	SBS1	3	0	1	0	0	0	0	0	0	0	0
1343	chr1:96823001-97197443	SBS3	3	0	1	0	0	0	0	0	0	0	0
1344	chr1:97197444-103789000	SBS1	2	0	0	1	0	0	0	0	0	0	0
1345	chr1:97197444-103789000	SBS13	2	0	0	1	0	0	0	0	0	0	0
1346	chr1:97197444-103789000	SBS3	2	0	2	12	0	0	0	0	0	0	0
1347	chr1:97197444-103789000	SBS5	2	0	1	1	0	0	0	0	0	0	0
1348	chr1:97197444-103789000	SBS8	2	0	0	3	0	0	0	0	0	0	0
1349	chr20:1-10397000	SBS1	2	1	2	3	0	0	0	0	0	0	0
1350	chr20:1-10397000	SBS100	2	1	0	3	0	0	0	0	0	0	0
1351	chr20:1-10397000	SBS13	2	1	0	5	0	0	0	0	0	0	0
1352	chr20:1-10397000	SBS3	2	1	9	21	0	0	0	0	0	0	0
1353	chr20:1-10397000	SBS5	2	1	0	4	0	0	0	0	0	0	0
1354	chr20:1-10397000	SBS8	2	1	1	3	0	0	0	0	0	0	0
1355	chr20:10685001-17496000	SBS1	2	1	1	3	0	0	0	0	0	0	0
1356	chr20:10685001-17496000	SBS100	2	1	0	1	0	0	0	0	0	0	0
1357	chr20:10685001-17496000	SBS3	2	1	4	11	0	0	0	0	0	0	0
1358	chr20:10685001-17496000	SBS5	2	1	1	2	0	0	0	0	0	0	0
1359	chr20:10685001-17496000	SBS8	2	1	1	4	0	0	0	0	0	0	0
1360	chr20:17496001-17975000	SBS100	2	1	0	1	0	0	0	0	0	0	0
1361	chr20:17496001-17975000	SBS3	2	1	1	0	0	0	0	0	0	0	0
1362	chr20:17975001-19688000	SBS1	2	1	1	0	0	0	0	0	0	0	0
1363	chr20:17975001-19688000	SBS13	2	1	1	0	0	0	0	0	0	0	0
1364	chr20:17975001-19688000	SBS3	2	1	2	4	0	0	0	0	0	0	0
1365	chr20:17975001-19688000	SBS8	2	1	0	1	0	0	0	0	0	0	0
1366	chr20:19688001-20058000	SBS3	2	1	0	1	0	0	0	0	0	0	0
1367	chr20:20058001-28237289	SBS1	2	1	0	1	0	0	0	0	0	0	0
1368	chr20:20058001-28237289	SBS100	2	1	1	0	0	0	0	0	0	0	0
1369	chr20:20058001-28237289	SBS13	2	1	0	2	0	0	0	0	0	0	0
1370	chr20:20058001-28237289	SBS3	2	1	5	16	0	0	0	0	0	0	0
1371	chr20:20058001-28237289	SBS5	2	1	1	4	0	0	0	0	0	0	0
1372	chr20:20058001-28237289	SBS8	2	1	1	2	0	0	0	0	0	0	0
1373	chr20:28237290-31456000	SBS1	3	1	0	3	2	0	0	0	0	0	0
1374	chr20:28237290-31456000	SBS100	3	1	0	2	0	0	0	0	0	0	0
1375	chr20:28237290-31456000	SBS13	3	1	1	3	0	0	0	0	0	0	0
1376	chr20:28237290-31456000	SBS3	3	1	6	35	5	0	0	0	0	0	0
1377	chr20:28237290-31456000	SBS5	3	1	1	6	0	0	0	0	0	0	0
1378	chr20:28237290-31456000	SBS8	3	1	1	7	0	0	0	0	0	0	0
1379	chr20:31456001-32941000	SBS3	2	1	2	5	0	0	0	0	0	0	0
1380	chr20:31456001-32941000	SBS5	2	1	1	0	0	0	0	0	0	0	0
1381	chr20:32941001-33384000	SBS3	2	1	1	0	0	0	0	0	0	0	0
1382	chr20:33384001-36260000	SBS1	2	1	0	1	0	0	0	0	0	0	0
1383	chr20:33384001-36260000	SBS13	2	1	0	1	0	0	0	0	0	0	0
1384	chr20:33384001-36260000	SBS3	2	1	1	4	0	0	0	0	0	0	0
1385	chr20:36260001-36430000	SBS3	3	1	2	0	0	0	0	0	0	0	0
1386	chr20:36430001-40985000	SBS13	2	1	1	1	0	0	0	0	0	0	0
1387	chr20:36430001-40985000	SBS3	2	1	5	8	0	0	0	0	0	0	0
1388	chr20:36430001-40985000	SBS5	2	1	0	1	0	0	0	0	0	0	0
1389	chr20:40985001-41624000	SBS1	2	1	1	0	0	0	0	0	0	0	0
1390	chr20:40985001-41624000	SBS3	2	1	0	2	0	0	0	0	0	0	0
1391	chr20:41624001-47263000	SBS3	2	1	5	10	0	0	0	0	0	0	0
1392	chr20:41624001-47263000	SBS5	2	1	3	4	0	0	0	0	0	0	0
1393	chr20:41624001-47263000	SBS8	2	1	1	2	0	0	0	0	0	0	0
1394	chr20:47665001-48616000	SBS3	2	1	1	3	0	0	0	0	0	0	0
1395	chr20:47665001-48616000	SBS5	2	1	0	1	0	0	0	0	0	0	0
1396	chr20:47665001-48616000	SBS8	2	1	1	0	0	0	0	0	0	0	0
1397	chr20:48616001-50992781	SBS100	2	1	1	1	0	0	0	0	0	0	0
1398	chr20:48616001-50992781	SBS13	2	1	1	0	0	0	0	0	0	0	0
1399	chr20:48616001-50992781	SBS3	2	1	3	3	0	0	0	0	0	0	0
1400	chr20:51003476-51017251	SBS5	2	1	0	1	0	0	0	0	0	0	0
1401	chr20:51017252-53567000	SBS1	2	1	0	2	0	0	0	0	0	0	0
1402	chr20:51017252-53567000	SBS100	2	1	1	1	0	0	0	0	0	0	0
1403	chr20:51017252-53567000	SBS13	2	1	1	0	0	0	0	0	0	0	0
1404	chr20:51017252-53567000	SBS3	2	1	0	4	0	0	0	0	0	0	0
1405	chr20:51017252-53567000	SBS5	2	1	0	3	0	0	0	0	0	0	0
1406	chr20:51017252-53567000	SBS8	2	1	0	2	0	0	0	0	0	0	0
1407	chr20:53567001-53950000	SBS3	2	1	3	1	0	0	0	0	0	0	0
1408	chr20:53567001-53950000	SBS5	2	1	0	1	0	0	0	0	0	0	0
1409	chr20:53950001-54669000	SBS3	2	1	1	0	0	0	0	0	0	0	0
1410	chr20:53950001-54669000	SBS8	2	1	1	0	0	0	0	0	0	0	0
1411	chr20:54669001-56343000	SBS13	2	1	1	0	0	0	0	0	0	0	0
1412	chr20:54669001-56343000	SBS3	2	1	2	7	0	0	0	0	0	0	0
1413	chr20:54669001-56343000	SBS5	2	1	0	1	0	0	0	0	0	0	0
1414	chr20:54669001-56343000	SBS8	2	1	1	1	0	0	0	0	0	0	0
1415	chr20:56343001-57956000	SBS100	2	1	0	1	0	0	0	0	0	0	0
1416	chr20:56343001-57956000	SBS3	2	1	2	0	0	0	0	0	0	0	0
1417	chr20:56343001-57956000	SBS5	2	1	0	1	0	0	0	0	0	0	0
1418	chr20:58028001-59520000	SBS3	2	1	2	0	0	0	0	0	0	0	0
1419	chr20:58028001-59520000	SBS8	2	1	0	1	0	0	0	0	0	0	0
1420	chr20:59520001-59831000	SBS8	2	1	0	1	0	0	0	0	0	0	0
1421	chr20:60039459-60275789	SBS5	2	1	0	1	0	0	0	0	0	0	0
1422	chr20:60275790-60500082	SBS3	2	0	0	1	0	0	0	0	0	0	0
1423	chr20:60500083-62665589	SBS1	2	1	2	1	0	0	0	0	0	0	0
1424	chr20:60500083-62665589	SBS100	2	1	1	1	0	0	0	0	0	0	0
1425	chr20:60500083-62665589	SBS13	2	1	1	0	0	0	0	0	0	0	0
1426	chr20:60500083-62665589	SBS3	2	1	1	4	0	0	0	0	0	0	0
1427	chr20:60500083-62665589	SBS8	2	1	0	1	0	0	0	0	0	0	0
1428	chr20:62665761-62951000	SBS1	2	1	1	0	0	0	0	0	0	0	0
1429	chr20:62951001-63775500	SBS3	2	1	2	1	0	0	0	0	0	0	0
1430	chr21:1-11890183	SBS1	1	1	0	1	0	0	0	0	0	0	0
1431	chr21:1-11890183	SBS13	1	1	0	2	0	0	0	0	0	0	0
1432	chr21:1-11890183	SBS3	1	1	0	14	0	0	0	0	0	0	0
1433	chr21:1-11890183	SBS5	1	1	0	1	0	0	0	0	0	0	0
1434	chr21:1-11890183	SBS8	1	1	0	1	0	0	0	0	0	0	0
1435	chr21:11890184-16613000	SBS1	1	1	0	1	0	0	0	0	0	0	0
1436	chr21:11890184-16613000	SBS3	1	1	0	5	0	0	0	0	0	0	0
1437	chr21:11890184-16613000	SBS5	1	1	0	4	0	0	0	0	0	0	0
1438	chr21:11890184-16613000	SBS8	1	1	0	3	0	0	0	0	0	0	0
1439	chr21:16613001-25547000	SBS1	1	1	0	1	0	0	0	0	0	0	0
1440	chr21:16613001-25547000	SBS3	1	1	0	22	0	0	0	0	0	0	0
1441	chr21:16613001-25547000	SBS5	1	1	0	2	0	0	0	0	0	0	0
1442	chr21:16613001-25547000	SBS8	1	1	0	6	0	0	0	0	0	0	0
1443	chr21:25547001-26216000	SBS3	1	1	0	2	0	0	0	0	0	0	0
1444	chr21:25547001-26216000	SBS8	1	1	0	1	0	0	0	0	0	0	0
1445	chr21:26216001-28927000	SBS1	1	1	0	2	0	0	0	0	0	0	0
1446	chr21:26216001-28927000	SBS100	1	1	0	2	0	0	0	0	0	0	0
1447	chr21:26216001-28927000	SBS3	1	1	0	6	0	0	0	0	0	0	0
1448	chr21:26216001-28927000	SBS5	1	1	0	3	0	0	0	0	0	0	0
1449	chr21:26216001-28927000	SBS8	1	1	0	1	0	0	0	0	0	0	0
1450	chr21:29389001-39804000	SBS100	1	1	0	1	0	0	0	0	0	0	0
1451	chr21:29389001-39804000	SBS13	1	1	0	1	0	0	0	0	0	0	0
1452	chr21:29389001-39804000	SBS3	1	1	0	13	0	0	0	0	0	0	0
1453	chr21:29389001-39804000	SBS5	1	1	0	2	0	0	0	0	0	0	0
1454	chr21:29389001-39804000	SBS8	1	1	0	4	0	0	0	0	0	0	0
1455	chr21:39804001-41113000	SBS3	2	1	1	2	0	0	0	0	0	0	0
1456	chr21:41113001-44355000	SBS1	1	1	0	1	0	0	0	0	0	0	0
1457	chr21:41113001-44355000	SBS3	1	1	0	9	0	0	0	0	0	0	0
1458	chr21:41113001-44355000	SBS8	1	1	0	1	0	0	0	0	0	0	0
1459	chr21:44462972-44773000	SBS3	3	1	1	1	0	0	0	0	0	0	0
1460	chr21:44462972-44773000	SBS5	3	1	1	0	0	0	0	0	0	0	0
1461	chr21:44773001-45155000	SBS1	2	1	0	1	0	0	0	0	0	0	0
1462	chr21:45155001-46709983	SBS3	2	1	1	1	0	0	0	0	0	0	0
1463	chr21:45155001-46709983	SBS8	2	1	0	1	0	0	0	0	0	0	0
1464	chr22:1-14004552	SBS1	2	1	0	3	0	0	0	0	0	0	0
1465	chr22:1-14004552	SBS100	2	1	0	1	0	0	0	0	0	0	0
1466	chr22:1-14004552	SBS3	2	1	1	17	0	0	0	0	0	0	0
1467	chr22:1-14004552	SBS5	2	1	0	7	0	0	0	0	0	0	0
1468	chr22:1-14004552	SBS8	2	1	0	2	0	0	0	0	0	0	0
1469	chr22:14004553-23888459	SBS1	2	1	0	3	0	0	0	0	0	0	0
1470	chr22:14004553-23888459	SBS100	2	1	0	1	0	0	0	0	0	0	0
1471	chr22:14004553-23888459	SBS13	2	1	1	0	0	0	0	0	0	0	0
1472	chr22:14004553-23888459	SBS3	2	1	5	14	0	0	0	0	0	0	0
1473	chr22:14004553-23888459	SBS5	2	1	0	1	0	0	0	0	0	0	0
1474	chr22:14004553-23888459	SBS8	2	1	3	6	0	0	0	0	0	0	0
1475	chr22:23888460-24639000	SBS1	2	1	0	1	0	0	0	0	0	0	0
1476	chr22:23888460-24639000	SBS100	2	1	0	1	0	0	0	0	0	0	0
1477	chr22:23888460-24639000	SBS3	2	1	1	2	0	0	0	0	0	0	0
1478	chr22:24639001-24962465	SBS3	3	1	2	0	2	0	0	0	0	0	0
1479	chr22:24639001-24962465	SBS5	3	1	0	1	0	0	0	0	0	0	0
1480	chr22:24639001-24962465	SBS8	3	1	0	2	0	0	0	0	0	0	0
1481	chr22:24962466-25731000	SBS100	2	1	0	1	0	0	0	0	0	0	0
1482	chr22:24962466-25731000	SBS13	2	1	0	1	0	0	0	0	0	0	0
1483	chr22:24962466-25731000	SBS3	2	1	0	3	0	0	0	0	0	0	0
1484	chr22:25731001-26356000	SBS1	2	1	0	1	0	0	0	0	0	0	0
1485	chr22:25731001-26356000	SBS3	2	1	0	2	0	0	0	0	0	0	0
1486	chr22:26356001-26597000	SBS3	2	1	0	2	0	0	0	0	0	0	0
1487	chr22:26597001-27787000	SBS1	2	1	0	1	0	0	0	0	0	0	0
1488	chr22:26597001-27787000	SBS3	2	1	0	3	0	0	0	0	0	0	0
1489	chr22:26597001-27787000	SBS8	2	1	1	0	0	0	0	0	0	0	0
1490	chr22:27922001-29273704	SBS1	2	1	0	4	0	0	0	0	0	0	0
1491	chr22:27922001-29273704	SBS13	2	1	0	1	0	0	0	0	0	0	0
1492	chr22:27922001-29273704	SBS3	2	1	0	3	0	0	0	0	0	0	0
1493	chr22:27922001-29273704	SBS5	2	1	0	2	0	0	0	0	0	0	0
1494	chr22:29273705-31201000	SBS1	3	2	0	0	1	0	0	0	0	0	0
1495	chr22:29273705-31201000	SBS3	3	2	3	1	2	0	0	0	0	0	0
1496	chr22:29273705-31201000	SBS5	3	2	2	0	0	0	0	0	0	0	0
1497	chr22:29273705-31201000	SBS8	3	2	2	0	0	0	0	0	0	0	0
1498	chr22:31201001-31300000	SBS8	3	1	1	0	0	0	0	0	0	0	0
1499	chr22:31300001-35192000	SBS1	3	2	0	0	1	0	0	0	0	0	0
1500	chr22:31300001-35192000	SBS100	3	2	0	0	1	0	0	0	0	0	0
1501	chr22:31300001-35192000	SBS13	3	2	1	1	1	0	0	0	0	0	0
1502	chr22:31300001-35192000	SBS3	3	2	5	11	4	0	0	0	0	0	0
1503	chr22:31300001-35192000	SBS5	3	2	1	3	0	0	0	0	0	0	0
1504	chr22:31300001-35192000	SBS8	3	2	1	0	0	0	0	0	0	0	0
1505	chr22:35192001-36550000	SBS3	2	2	0	2	0	0	0	0	0	0	0
1506	chr22:35192001-36550000	SBS5	2	2	0	1	0	0	0	0	0	0	0
1507	chr22:36550001-39440574	SBS1	2	2	1	1	0	0	0	0	0	0	0
1508	chr22:36550001-39440574	SBS100	2	2	1	2	0	0	0	0	0	0	0
1509	chr22:36550001-39440574	SBS3	2	2	5	9	0	0	0	0	0	0	0
1510	chr22:36550001-39440574	SBS5	2	2	1	3	0	0	0	0	0	0	0
1511	chr22:36550001-39440574	SBS8	2	2	2	0	0	0	0	0	0	0	0
1512	chr22:39440610-43281000	SBS1	2	2	0	3	0	0	0	0	0	0	0
1513	chr22:39440610-43281000	SBS13	2	2	1	1	0	0	0	0	0	0	0
1514	chr22:39440610-43281000	SBS3	2	2	9	8	0	0	0	0	0	0	0
1515	chr22:39440610-43281000	SBS5	2	2	0	1	0	0	0	0	0	0	0
1516	chr22:39440610-43281000	SBS8	2	2	0	2	0	0	0	0	0	0	0
1517	chr22:43281001-44526706	SBS3	3	2	3	2	1	0	0	0	0	0	0
1518	chr22:43281001-44526706	SBS5	3	2	0	0	1	0	0	0	0	0	0
1519	chr22:43281001-44526706	SBS8	3	2	0	2	0	0	0	0	0	0	0
1520	chr22:44526969-45668000	SBS100	3	2	1	0	0	0	0	0	0	0	0
1521	chr22:44526969-45668000	SBS3	3	2	1	0	1	0	0	0	0	0	0
1522	chr22:44526969-45668000	SBS8	3	2	2	0	0	0	0	0	0	0	0
1523	chr22:45825714-45996500	SBS100	2	1	1	0	0	0	0	0	0	0	0
1524	chr22:45825714-45996500	SBS3	2	1	0	1	0	0	0	0	0	0	0
1525	chr22:45996501-46093000	SBS100	2	1	1	0	0	0	0	0	0	0	0
1526	chr22:45996501-46093000	SBS3	2	1	0	1	0	0	0	0	0	0	0
1527	chr22:45996501-46093000	SBS5	2	1	0	1	0	0	0	0	0	0	0
1528	chr22:47152001-49944500	SBS100	2	1	0	3	0	0	0	0	0	0	0
1529	chr22:47152001-49944500	SBS3	2	1	5	10	0	0	0	0	0	0	0
1530	chr22:47152001-49944500	SBS5	2	1	0	1	0	0	0	0	0	0	0
1531	chr22:47152001-49944500	SBS8	2	1	2	3	0	0	0	0	0	0	0
1532	chr22:49972844-50818468	SBS1	1	1	0	2	0	0	0	0	0	0	0
1533	chr22:49972844-50818468	SBS100	1	1	0	1	0	0	0	0	0	0	0
1534	chr22:49972844-50818468	SBS3	1	1	0	2	0	0	0	0	0	0	0
1535	chr22:49972844-50818468	SBS5	1	1	0	1	0	0	0	0	0	0	0
1536	chr22:49972844-50818468	SBS8	1	1	0	1	0	0	0	0	0	0	0
1537	chr2:1-4912863	SBS1	4	1	0	1	0	1	0	0	0	0	0
1538	chr2:1-4912863	SBS100	4	1	2	1	0	0	0	0	0	0	0
1539	chr2:1-4912863	SBS3	4	1	5	7	4	1	0	0	0	0	0
1540	chr2:1-4912863	SBS5	4	1	3	1	0	0	0	0	0	0	0
1541	chr2:1-4912863	SBS8	4	1	1	0	1	2	0	0	0	0	0
1542	chr2:102978001-105033000	SBS3	2	1	2	7	0	0	0	0	0	0	0
1543	chr2:102978001-105033000	SBS5	2	1	1	2	0	0	0	0	0	0	0
1544	chr2:102978001-105033000	SBS8	2	1	0	1	0	0	0	0	0	0	0
1545	chr2:105033001-106205500	SBS3	2	1	0	2	0	0	0	0	0	0	0
1546	chr2:106205501-111025333	SBS100	2	1	1	0	0	0	0	0	0	0	0
1547	chr2:106205501-111025333	SBS3	2	1	8	5	0	0	0	0	0	0	0
1548	chr2:106205501-111025333	SBS5	2	1	1	3	0	0	0	0	0	0	0
1549	chr2:106205501-111025333	SBS8	2	1	1	5	0	0	0	0	0	0	0
1550	chr2:111032613-113999000	SBS1	2	1	0	1	0	0	0	0	0	0	0
1551	chr2:111032613-113999000	SBS100	2	1	0	1	0	0	0	0	0	0	0
1552	chr2:111032613-113999000	SBS3	2	1	1	4	0	0	0	0	0	0	0
1553	chr2:113999001-117692000	SBS1	2	1	1	0	0	0	0	0	0	0	0
1554	chr2:113999001-117692000	SBS100	2	1	1	0	0	0	0	0	0	0	0
1555	chr2:113999001-117692000	SBS13	2	1	0	1	0	0	0	0	0	0	0
1556	chr2:113999001-117692000	SBS3	2	1	8	12	0	0	0	0	0	0	0
1557	chr2:113999001-117692000	SBS5	2	1	2	2	0	0	0	0	0	0	0
1558	chr2:113999001-117692000	SBS8	2	1	1	4	0	0	0	0	0	0	0
1559	chr2:117692001-118792000	SBS3	2	1	1	2	0	0	0	0	0	0	0
1560	chr2:117692001-118792000	SBS5	2	1	0	1	0	0	0	0	0	0	0
1561	chr2:118887001-119172000	SBS1	2	1	1	0	0	0	0	0	0	0	0
1562	chr2:118887001-119172000	SBS100	2	1	1	0	0	0	0	0	0	0	0
1563	chr2:118887001-119172000	SBS3	2	1	1	1	0	0	0	0	0	0	0
1564	chr2:119172001-119407000	SBS13	2	1	1	0	0	0	0	0	0	0	0
1565	chr2:119172001-119407000	SBS3	2	1	1	0	0	0	0	0	0	0	0
1566	chr2:119407001-119544451	SBS100	2	1	1	0	0	0	0	0	0	0	0
1567	chr2:119407001-119544451	SBS8	2	1	0	1	0	0	0	0	0	0	0
1568	chr2:119544490-120649000	SBS13	2	1	1	2	0	0	0	0	0	0	0
1569	chr2:119544490-120649000	SBS3	2	1	2	1	0	0	0	0	0	0	0
1570	chr2:119544490-120649000	SBS5	2	1	0	1	0	0	0	0	0	0	0
1571	chr2:120649001-121340000	SBS1	1	1	0	1	0	0	0	0	0	0	0
1572	chr2:120649001-121340000	SBS3	1	1	0	1	0	0	0	0	0	0	0
1573	chr2:121340001-121742000	SBS1	1	1	0	1	0	0	0	0	0	0	0
1574	chr2:121742001-134114000	SBS1	1	1	0	3	0	0	0	0	0	0	0
1575	chr2:121742001-134114000	SBS100	1	1	0	1	0	0	0	0	0	0	0
1576	chr2:121742001-134114000	SBS3	1	1	0	30	0	0	0	0	0	0	0
1577	chr2:121742001-134114000	SBS5	1	1	0	5	0	0	0	0	0	0	0
1578	chr2:121742001-134114000	SBS8	1	1	0	6	0	0	0	0	0	0	0
1579	chr2:134467001-151311013	SBS1	1	1	0	3	0	0	0	0	0	0	0
1580	chr2:134467001-151311013	SBS100	1	1	0	1	0	0	0	0	0	0	0
1581	chr2:134467001-151311013	SBS13	1	1	0	5	0	0	0	0	0	0	0
1582	chr2:134467001-151311013	SBS3	1	1	0	35	0	0	0	0	0	0	0
1583	chr2:134467001-151311013	SBS5	1	1	0	4	0	0	0	0	0	0	0
1584	chr2:134467001-151311013	SBS8	1	1	0	11	0	0	0	0	0	0	0
1585	chr2:151311014-152331000	SBS13	2	1	0	2	0	0	0	0	0	0	0
1586	chr2:152331001-152786000	SBS3	2	1	1	1	0	0	0	0	0	0	0
1587	chr2:152331001-152786000	SBS8	2	1	0	1	0	0	0	0	0	0	0
1588	chr2:152786001-156328000	SBS13	2	1	1	0	0	0	0	0	0	0	0
1589	chr2:152786001-156328000	SBS3	2	1	5	7	0	0	0	0	0	0	0
1590	chr2:152786001-156328000	SBS5	2	1	0	3	0	0	0	0	0	0	0
1591	chr2:152786001-156328000	SBS8	2	1	0	1	0	0	0	0	0	0	0
1592	chr2:156599001-157770000	SBS3	2	1	0	4	0	0	0	0	0	0	0
1593	chr2:156599001-157770000	SBS5	2	1	0	1	0	0	0	0	0	0	0
1594	chr2:157770001-157892236	SBS5	2	1	1	0	0	0	0	0	0	0	0
1595	chr2:158530001-158796319	SBS3	3	1	0	0	1	0	0	0	0	0	0
1596	chr2:158796667-159200000	SBS1	3	1	1	0	0	0	0	0	0	0	0
1597	chr2:158796667-159200000	SBS3	3	1	0	0	1	0	0	0	0	0	0
1598	chr2:159200001-160317177	SBS1	2	1	1	0	0	0	0	0	0	0	0
1599	chr2:159200001-160317177	SBS13	2	1	0	1	0	0	0	0	0	0	0
1600	chr2:160345608-160668000	SBS3	2	1	0	1	0	0	0	0	0	0	0
1601	chr2:161062001-161252000	SBS8	1	1	0	1	0	0	0	0	0	0	0
1602	chr2:161252001-161476000	SBS3	2	1	0	1	0	0	0	0	0	0	0
1603	chr2:161476001-161854000	SBS3	2	1	1	0	0	0	0	0	0	0	0
1604	chr2:161854001-162240000	SBS5	2	1	1	0	0	0	0	0	0	0	0
1605	chr2:162240001-162366000	SBS3	1	1	0	1	0	0	0	0	0	0	0
1606	chr2:162366001-164490000	SBS3	2	1	4	2	0	0	0	0	0	0	0
1607	chr2:162366001-164490000	SBS5	2	1	0	1	0	0	0	0	0	0	0
1608	chr2:162366001-164490000	SBS8	2	1	0	1	0	0	0	0	0	0	0
1609	chr2:164490001-164919000	SBS3	2	1	2	1	0	0	0	0	0	0	0
1610	chr2:164919001-165746000	SBS5	2	1	1	0	0	0	0	0	0	0	0
1611	chr2:164919001-165746000	SBS8	2	1	1	0	0	0	0	0	0	0	0
1612	chr2:165956001-170781565	SBS1	2	1	1	0	0	0	0	0	0	0	0
1613	chr2:165956001-170781565	SBS100	2	1	0	1	0	0	0	0	0	0	0
1614	chr2:165956001-170781565	SBS3	2	1	3	4	0	0	0	0	0	0	0
1615	chr2:165956001-170781565	SBS5	2	1	2	1	0	0	0	0	0	0	0
1616	chr2:165956001-170781565	SBS8	2	1	3	0	0	0	0	0	0	0	0
1617	chr2:16667001-18926846	SBS1	4	1	1	0	0	0	0	0	0	0	0
1618	chr2:16667001-18926846	SBS13	4	1	2	0	0	0	0	0	0	0	0
1619	chr2:16667001-18926846	SBS3	4	1	6	4	0	1	0	0	0	0	0
1620	chr2:16667001-18926846	SBS5	4	1	1	0	0	0	0	0	0	0	0
1621	chr2:16667001-18926846	SBS8	4	1	2	1	0	0	0	0	0	0	0
1622	chr2:170781622-172212000	SBS13	2	1	0	1	0	0	0	0	0	0	0
1623	chr2:170781622-172212000	SBS3	2	1	1	1	0	0	0	0	0	0	0
1624	chr2:170781622-172212000	SBS8	2	1	0	1	0	0	0	0	0	0	0
1625	chr2:172503001-172927000	SBS3	2	1	2	0	0	0	0	0	0	0	0
1626	chr2:172927001-173106834	SBS3	1	1	0	1	0	0	0	0	0	0	0
1627	chr2:173106835-173909500	SBS3	3	1	0	1	0	0	0	0	0	0	0
1628	chr2:173106835-173909500	SBS5	3	1	1	0	0	0	0	0	0	0	0
1629	chr2:174151845-176250802	SBS1	3	1	1	0	0	0	0	0	0	0	0
1630	chr2:174151845-176250802	SBS3	3	1	3	3	2	0	0	0	0	0	0
1631	chr2:174151845-176250802	SBS5	3	1	1	0	0	0	0	0	0	0	0
1632	chr2:174151845-176250802	SBS8	3	1	0	1	0	0	0	0	0	0	0
1633	chr2:176250803-177006786	SBS100	2	1	0	1	0	0	0	0	0	0	0
1634	chr2:176250803-177006786	SBS3	2	1	0	1	0	0	0	0	0	0	0
1635	chr2:176250803-177006786	SBS8	2	1	0	3	0	0	0	0	0	0	0
1636	chr2:177009316-177137000	SBS1	2	1	0	1	0	0	0	0	0	0	0
1637	chr2:177300001-180956000	SBS1	2	1	0	1	0	0	0	0	0	0	0
1638	chr2:177300001-180956000	SBS100	2	1	0	1	0	0	0	0	0	0	0
1639	chr2:177300001-180956000	SBS3	2	1	3	4	0	0	0	0	0	0	0
1640	chr2:177300001-180956000	SBS5	2	1	1	0	0	0	0	0	0	0	0
1641	chr2:177300001-180956000	SBS8	2	1	1	2	0	0	0	0	0	0	0
1642	chr2:180956001-181157000	SBS3	2	1	0	1	0	0	0	0	0	0	0
1643	chr2:181157001-183221000	SBS3	2	1	4	1	0	0	0	0	0	0	0
1644	chr2:181157001-183221000	SBS5	2	1	1	1	0	0	0	0	0	0	0
1645	chr2:183221001-186450000	SBS100	2	1	0	1	0	0	0	0	0	0	0
1646	chr2:183221001-186450000	SBS13	2	1	1	1	0	0	0	0	0	0	0
1647	chr2:183221001-186450000	SBS3	2	1	2	13	0	0	0	0	0	0	0
1648	chr2:183221001-186450000	SBS5	2	1	2	1	0	0	0	0	0	0	0
1649	chr2:183221001-186450000	SBS8	2	1	1	2	0	0	0	0	0	0	0
1650	chr2:186450001-186644000	SBS3	2	1	0	1	0	0	0	0	0	0	0
1651	chr2:186644001-189406000	SBS1	2	1	0	1	0	0	0	0	0	0	0
1652	chr2:186644001-189406000	SBS3	2	1	2	7	0	0	0	0	0	0	0
1653	chr2:186644001-189406000	SBS5	2	1	0	1	0	0	0	0	0	0	0
1654	chr2:186644001-189406000	SBS8	2	1	0	2	0	0	0	0	0	0	0
1655	chr2:190274001-191880500	SBS100	2	1	0	1	0	0	0	0	0	0	0
1656	chr2:190274001-191880500	SBS3	2	1	1	2	0	0	0	0	0	0	0
1657	chr2:191880501-196051000	SBS1	2	1	0	1	0	0	0	0	0	0	0
1658	chr2:191880501-196051000	SBS13	2	1	0	3	0	0	0	0	0	0	0
1659	chr2:191880501-196051000	SBS3	2	1	3	5	0	0	0	0	0	0	0
1660	chr2:191880501-196051000	SBS5	2	1	1	0	0	0	0	0	0	0	0
1661	chr2:191880501-196051000	SBS8	2	1	1	7	0	0	0	0	0	0	0
1662	chr2:19371001-19861000	SBS3	4	1	2	1	0	0	0	0	0	0	0
1663	chr2:196347001-199659004	SBS13	2	1	0	2	0	0	0	0	0	0	0
1664	chr2:196347001-199659004	SBS3	2	1	4	11	0	0	0	0	0	0	0
1665	chr2:19861001-20688000	SBS1	3	1	1	0	0	0	0	0	0	0	0
1666	chr2:199660294-208589604	SBS1	2	1	1	3	0	0	0	0	0	0	0
1667	chr2:199660294-208589604	SBS100	2	1	0	2	0	0	0	0	0	0	0
1668	chr2:199660294-208589604	SBS13	2	1	0	1	0	0	0	0	0	0	0
1669	chr2:199660294-208589604	SBS3	2	1	2	10	0	0	0	0	0	0	0
1670	chr2:199660294-208589604	SBS5	2	1	0	2	0	0	0	0	0	0	0
1671	chr2:199660294-208589604	SBS8	2	1	3	2	0	0	0	0	0	0	0
1672	chr2:20688001-28593000	SBS1	4	1	0	1	0	0	0	0	0	0	0
1673	chr2:20688001-28593000	SBS13	4	1	0	3	1	1	0	0	0	0	0
1674	chr2:20688001-28593000	SBS3	4	1	12	5	5	1	0	0	0	0	0
1675	chr2:20688001-28593000	SBS5	4	1	3	1	1	0	0	0	0	0	0
1676	chr2:20688001-28593000	SBS8	4	1	5	3	0	0	0	0	0	0	0
1677	chr2:208591533-212892000	SBS1	2	1	1	2	0	0	0	0	0	0	0
1678	chr2:208591533-212892000	SBS13	2	1	0	1	0	0	0	0	0	0	0
1679	chr2:208591533-212892000	SBS3	2	1	1	7	0	0	0	0	0	0	0
1680	chr2:208591533-212892000	SBS5	2	1	0	4	0	0	0	0	0	0	0
1681	chr2:208591533-212892000	SBS8	2	1	4	3	0	0	0	0	0	0	0
1682	chr2:212892001-213256000	SBS5	2	1	0	1	0	0	0	0	0	0	0
1683	chr2:212892001-213256000	SBS8	2	1	0	1	0	0	0	0	0	0	0
1684	chr2:213256001-215269000	SBS100	2	1	0	1	0	0	0	0	0	0	0
1685	chr2:213256001-215269000	SBS3	2	1	4	8	0	0	0	0	0	0	0
1686	chr2:213256001-215269000	SBS5	2	1	2	1	0	0	0	0	0	0	0
1687	chr2:215269001-216217000	SBS100	2	1	0	1	0	0	0	0	0	0	0
1688	chr2:215269001-216217000	SBS3	2	1	0	1	0	0	0	0	0	0	0
1689	chr2:215269001-216217000	SBS5	2	1	0	1	0	0	0	0	0	0	0
1690	chr2:215269001-216217000	SBS8	2	1	0	1	0	0	0	0	0	0	0
1691	chr2:216217001-222416979	SBS1	2	1	1	1	0	0	0	0	0	0	0
1692	chr2:216217001-222416979	SBS100	2	1	1	0	0	0	0	0	0	0	0
1693	chr2:216217001-222416979	SBS3	2	1	2	12	0	0	0	0	0	0	0
1694	chr2:216217001-222416979	SBS5	2	1	0	1	0	0	0	0	0	0	0
1695	chr2:216217001-222416979	SBS8	2	1	2	5	0	0	0	0	0	0	0
1696	chr2:222416980-227901000	SBS1	2	0	0	1	0	0	0	0	0	0	0
1697	chr2:222416980-227901000	SBS13	2	0	1	0	0	0	0	0	0	0	0
1698	chr2:222416980-227901000	SBS3	2	0	3	6	0	0	0	0	0	0	0
1699	chr2:222416980-227901000	SBS5	2	0	0	1	0	0	0	0	0	0	0
1700	chr2:222416980-227901000	SBS8	2	0	0	1	0	0	0	0	0	0	0
1701	chr2:227901001-229765000	SBS1	2	0	0	1	0	0	0	0	0	0	0
1702	chr2:227901001-229765000	SBS3	2	0	0	6	0	0	0	0	0	0	0
1703	chr2:227901001-229765000	SBS8	2	0	0	1	0	0	0	0	0	0	0
1704	chr2:229931001-232711000	SBS100	2	0	0	1	0	0	0	0	0	0	0
1705	chr2:229931001-232711000	SBS13	2	0	0	1	0	0	0	0	0	0	0
1706	chr2:229931001-232711000	SBS3	2	0	1	8	0	0	0	0	0	0	0
1707	chr2:229931001-232711000	SBS5	2	0	0	1	0	0	0	0	0	0	0
1708	chr2:232711001-232840000	SBS13	1	0	0	1	0	0	0	0	0	0	0
1709	chr2:232840001-234090000	SBS1	2	0	0	1	0	0	0	0	0	0	0
1710	chr2:234090001-234510000	SBS1	2	0	0	1	0	0	0	0	0	0	0
1711	chr2:234090001-234510000	SBS13	2	0	0	1	0	0	0	0	0	0	0
1712	chr2:234090001-234510000	SBS3	2	0	0	2	0	0	0	0	0	0	0
1713	chr2:234090001-234510000	SBS8	2	0	0	1	0	0	0	0	0	0	0
1714	chr2:234510001-240552000	SBS1	2	0	1	0	0	0	0	0	0	0	0
1715	chr2:234510001-240552000	SBS3	2	0	2	14	0	0	0	0	0	0	0
1716	chr2:234510001-240552000	SBS5	2	0	0	3	0	0	0	0	0	0	0
1717	chr2:234510001-240552000	SBS8	2	0	0	5	0	0	0	0	0	0	0
1718	chr2:240572511-240715324	SBS3	1	0	0	1	0	0	0	0	0	0	0
1719	chr2:240715325-242193529	SBS13	2	0	0	1	0	0	0	0	0	0	0
1720	chr2:240715325-242193529	SBS3	2	0	0	1	0	0	0	0	0	0	0
1721	chr2:28824001-31535000	SBS100	4	1	0	1	0	0	0	0	0	0	0
1722	chr2:28824001-31535000	SBS3	4	1	4	5	2	2	0	0	0	0	0
1723	chr2:28824001-31535000	SBS5	4	1	0	2	0	0	0	0	0	0	0
1724	chr2:28824001-31535000	SBS8	4	1	0	1	0	0	0	0	0	0	0
1725	chr2:31535001-31835000	SBS8	5	1	0	0	0	1	0	0	0	0	0
1726	chr2:31835001-32937154	SBS100	4	1	0	0	1	0	0	0	0	0	0
1727	chr2:31835001-32937154	SBS3	4	1	2	1	1	0	0	0	0	0	0
1728	chr2:31835001-32937154	SBS8	4	1	2	0	0	1	0	0	0	0	0
1729	chr2:32937155-33571122	SBS13	6	1	1	0	0	0	0	0	0	0	0
1730	chr2:32937155-33571122	SBS3	6	1	2	0	1	0	0	0	0	0	0
1731	chr2:32937155-33571122	SBS8	6	1	0	0	1	1	0	0	0	1	0
1732	chr2:33571123-33606000	SBS8	3	0	1	0	0	0	0	0	0	0	0
1733	chr2:33606001-36345000	SBS3	4	1	3	5	1	1	0	0	0	0	0
1734	chr2:33606001-36345000	SBS5	4	1	2	0	1	0	0	0	0	0	0
1735	chr2:33606001-36345000	SBS8	4	1	1	3	0	0	0	0	0	0	0
1736	chr2:36345001-36623000	SBS5	3	1	1	0	0	0	0	0	0	0	0
1737	chr2:36623001-50310858	SBS1	4	1	3	2	0	1	0	0	0	0	0
1738	chr2:36623001-50310858	SBS100	4	1	2	0	0	0	0	0	0	0	0
1739	chr2:36623001-50310858	SBS13	4	1	4	4	1	0	0	0	0	0	0
1740	chr2:36623001-50310858	SBS3	4	1	25	15	4	3	0	0	0	0	0
1741	chr2:36623001-50310858	SBS5	4	1	5	1	1	0	0	0	0	0	0
1742	chr2:36623001-50310858	SBS8	4	1	3	2	0	1	0	0	0	0	0
1743	chr2:4912864-5896502	SBS3	6	1	4	0	1	1	0	0	0	1	0
1744	chr2:4912864-5896502	SBS5	6	1	1	0	0	0	0	0	0	0	0
1745	chr2:50311464-50944000	SBS1	4	1	1	0	0	0	0	0	0	0	0
1746	chr2:50311464-50944000	SBS13	4	1	1	0	0	0	0	0	0	0	0
1747	chr2:50311464-50944000	SBS3	4	1	2	0	0	0	0	0	0	0	0
1748	chr2:50311464-50944000	SBS5	4	1	1	0	0	0	0	0	0	0	0
1749	chr2:50311464-50944000	SBS8	4	1	0	1	0	0	0	0	0	0	0
1750	chr2:51015001-54340000	SBS1	4	1	0	0	1	0	0	0	0	0	0
1751	chr2:51015001-54340000	SBS100	4	1	0	2	0	0	0	0	0	0	0
1752	chr2:51015001-54340000	SBS13	4	1	1	0	0	0	0	0	0	0	0
1753	chr2:51015001-54340000	SBS3	4	1	2	6	1	1	0	0	0	0	0
1754	chr2:51015001-54340000	SBS5	4	1	2	1	0	0	0	0	0	0	0
1755	chr2:51015001-54340000	SBS8	4	1	2	1	1	0	0	0	0	0	0
1756	chr2:54340001-56027000	SBS100	4	1	1	0	0	0	0	0	0	0	0
1757	chr2:54340001-56027000	SBS3	4	1	2	3	1	3	0	0	0	0	0
1758	chr2:54340001-56027000	SBS5	4	1	1	0	0	0	0	0	0	0	0
1759	chr2:54340001-56027000	SBS8	4	1	1	0	0	0	0	0	0	0	0
1760	chr2:56027001-58003000	SBS3	4	1	2	3	0	1	0	0	0	0	0
1761	chr2:56027001-58003000	SBS5	4	1	0	3	0	0	0	0	0	0	0
1762	chr2:58003001-58246000	SBS100	3	1	0	0	1	0	0	0	0	0	0
1763	chr2:58246001-59989086	SBS13	4	1	0	1	0	0	0	0	0	0	0
1764	chr2:58246001-59989086	SBS3	4	1	1	1	0	0	0	0	0	0	0
1765	chr2:58246001-59989086	SBS5	4	1	0	2	0	0	0	0	0	0	0
1766	chr2:58246001-59989086	SBS8	4	1	1	0	0	0	0	0	0	0	0
1767	chr2:5896674-7770000	SBS13	6	1	1	0	0	0	0	0	0	0	0
1768	chr2:5896674-7770000	SBS3	6	1	1	0	2	1	0	0	0	0	0
1769	chr2:5896674-7770000	SBS5	6	1	0	1	0	0	0	0	0	0	0
1770	chr2:5896674-7770000	SBS8	6	1	0	0	2	0	0	0	0	0	0
1771	chr2:60281001-60612000	SBS3	3	1	1	1	0	0	0	0	0	0	0
1772	chr2:60612001-61176000	SBS3	4	1	0	0	1	0	0	0	0	0	0
1773	chr2:61176001-62015000	SBS13	3	1	0	1	0	0	0	0	0	0	0
1774	chr2:61176001-62015000	SBS3	3	1	4	1	0	0	0	0	0	0	0
1775	chr2:61176001-62015000	SBS8	3	1	1	0	0	0	0	0	0	0	0
1776	chr2:62015001-62698000	SBS3	4	1	1	1	2	0	0	0	0	0	0
1777	chr2:62015001-62698000	SBS5	4	1	0	0	0	1	0	0	0	0	0
1778	chr2:62015001-62698000	SBS8	4	1	1	0	0	0	0	0	0	0	0
1779	chr2:63083001-63538000	SBS100	3	1	1	0	0	0	0	0	0	0	0
1780	chr2:63538001-65440000	SBS1	3	1	1	0	0	0	0	0	0	0	0
1781	chr2:63538001-65440000	SBS13	3	1	0	1	0	0	0	0	0	0	0
1782	chr2:63538001-65440000	SBS3	3	1	3	1	1	0	0	0	0	0	0
1783	chr2:65440001-69518521	SBS1	3	1	0	1	0	0	0	0	0	0	0
1784	chr2:65440001-69518521	SBS13	3	1	2	0	0	0	0	0	0	0	0
1785	chr2:65440001-69518521	SBS3	3	1	3	10	0	0	0	0	0	0	0
1786	chr2:65440001-69518521	SBS5	3	1	0	1	0	0	0	0	0	0	0
1787	chr2:65440001-69518521	SBS8	3	1	1	2	0	0	0	0	0	0	0
1788	chr2:69520584-75543000	SBS1	3	1	1	0	0	0	0	0	0	0	0
1789	chr2:69520584-75543000	SBS100	3	1	0	1	0	0	0	0	0	0	0
1790	chr2:69520584-75543000	SBS13	3	1	2	1	0	0	0	0	0	0	0
1791	chr2:69520584-75543000	SBS3	3	1	4	9	1	0	0	0	0	0	0
1792	chr2:69520584-75543000	SBS5	3	1	1	2	0	0	0	0	0	0	0
1793	chr2:69520584-75543000	SBS8	3	1	3	1	0	0	0	0	0	0	0
1794	chr2:75712001-78566315	SBS1	3	1	0	1	0	0	0	0	0	0	0
1795	chr2:75712001-78566315	SBS13	3	1	3	0	0	0	0	0	0	0	0
1796	chr2:75712001-78566315	SBS3	3	1	3	3	0	0	0	0	0	0	0
1797	chr2:75712001-78566315	SBS5	3	1	1	0	0	0	0	0	0	0	0
1798	chr2:75712001-78566315	SBS8	3	1	0	1	0	0	0	0	0	0	0
1799	chr2:7770001-7803672	SBS8	4	1	0	1	0	0	0	0	0	0	0
1800	chr2:7803673-16608000	SBS100	4	1	0	2	0	0	0	0	0	0	0
1801	chr2:7803673-16608000	SBS13	4	1	2	0	1	0	0	0	0	0	0
1802	chr2:7803673-16608000	SBS3	4	1	7	17	6	0	0	0	0	0	0
1803	chr2:7803673-16608000	SBS5	4	1	1	1	0	0	0	0	0	0	0
1804	chr2:7803673-16608000	SBS8	4	1	0	2	0	0	0	0	0	0	0
1805	chr2:78799949-84880000	SBS3	3	1	9	19	0	0	0	0	0	0	0
1806	chr2:78799949-84880000	SBS5	3	1	1	1	1	0	0	0	0	0	0
1807	chr2:78799949-84880000	SBS8	3	1	2	2	0	0	0	0	0	0	0
1808	chr2:84880001-86181000	SBS100	3	1	1	0	0	0	0	0	0	0	0
1809	chr2:84880001-86181000	SBS13	3	1	0	1	0	0	0	0	0	0	0
1810	chr2:84880001-86181000	SBS3	3	1	5	3	0	0	0	0	0	0	0
1811	chr2:86181001-93139350	SBS1	2	1	0	4	0	0	0	0	0	0	0
1812	chr2:86181001-93139350	SBS13	2	1	0	1	0	0	0	0	0	0	0
1813	chr2:86181001-93139350	SBS3	2	1	2	16	0	0	0	0	0	0	0
1814	chr2:86181001-93139350	SBS5	2	1	2	2	0	0	0	0	0	0	0
1815	chr2:86181001-93139350	SBS8	2	1	1	1	0	0	0	0	0	0	0
1816	chr2:93139351-99139000	SBS1	2	1	0	1	0	0	0	0	0	0	0
1817	chr2:93139351-99139000	SBS13	2	1	0	1	0	0	0	0	0	0	0
1818	chr2:93139351-99139000	SBS3	2	1	6	18	0	0	0	0	0	0	0
1819	chr2:93139351-99139000	SBS5	2	1	1	2	0	0	0	0	0	0	0
1820	chr2:93139351-99139000	SBS8	2	1	0	2	0	0	0	0	0	0	0
1821	chr2:99343001-102978000	SBS1	2	1	1	0	0	0	0	0	0	0	0
1822	chr2:99343001-102978000	SBS100	2	1	0	1	0	0	0	0	0	0	0
1823	chr2:99343001-102978000	SBS13	2	1	1	1	0	0	0	0	0	0	0
1824	chr2:99343001-102978000	SBS3	2	1	2	4	0	0	0	0	0	0	0
1825	chr2:99343001-102978000	SBS5	2	1	0	1	0	0	0	0	0	0	0
1826	chr2:99343001-102978000	SBS8	2	1	0	1	0	0	0	0	0	0	0
1827	chr3:1-4270000	SBS1	4	0	0	0	0	1	0	0	0	0	0
1828	chr3:1-4270000	SBS100	4	0	1	0	1	0	0	0	0	0	0
1829	chr3:1-4270000	SBS3	4	0	5	1	7	2	0	0	0	0	0
1830	chr3:1-4270000	SBS8	4	0	0	1	2	1	0	0	0	0	0
1831	chr3:100710193-101663000	SBS3	2	0	0	1	0	0	0	0	0	0	0
1832	chr3:101663001-102240000	SBS3	2	0	0	5	0	0	0	0	0	0	0
1833	chr3:101663001-102240000	SBS8	2	0	0	1	0	0	0	0	0	0	0
1834	chr3:102240001-105334000	SBS3	2	0	0	4	0	0	0	0	0	0	0
1835	chr3:102240001-105334000	SBS5	2	0	0	5	0	0	0	0	0	0	0
1836	chr3:102240001-105334000	SBS8	2	0	0	1	0	0	0	0	0	0	0
1837	chr3:105334001-105783000	SBS3	2	0	0	3	0	0	0	0	0	0	0
1838	chr3:105334001-105783000	SBS5	2	0	0	2	0	0	0	0	0	0	0
1839	chr3:105334001-105783000	SBS8	2	0	0	1	0	0	0	0	0	0	0
1840	chr3:105871001-106454000	SBS1	2	0	1	0	0	0	0	0	0	0	0
1841	chr3:105871001-106454000	SBS3	2	0	0	1	0	0	0	0	0	0	0
1842	chr3:106454001-107411000	SBS3	2	0	0	1	0	0	0	0	0	0	0
1843	chr3:107411001-108697000	SBS3	2	0	0	2	0	0	0	0	0	0	0
1844	chr3:108697001-111566000	SBS13	2	0	0	1	0	0	0	0	0	0	0
1845	chr3:108697001-111566000	SBS3	2	0	1	7	0	0	0	0	0	0	0
1846	chr3:108697001-111566000	SBS5	2	0	0	3	0	0	0	0	0	0	0
1847	chr3:108697001-111566000	SBS8	2	0	0	2	0	0	0	0	0	0	0
1848	chr3:111566001-114146000	SBS1	2	0	0	1	0	0	0	0	0	0	0
1849	chr3:111566001-114146000	SBS3	2	0	4	5	0	0	0	0	0	0	0
1850	chr3:111566001-114146000	SBS5	2	0	0	1	0	0	0	0	0	0	0
1851	chr3:111566001-114146000	SBS8	2	0	0	2	0	0	0	0	0	0	0
1852	chr3:114146001-114357000	SBS3	3	0	0	1	0	0	0	0	0	0	0
1853	chr3:114420001-115174000	SBS3	2	0	0	2	0	0	0	0	0	0	0
1854	chr3:114420001-115174000	SBS5	2	0	0	1	0	0	0	0	0	0	0
1855	chr3:115174001-119194000	SBS1	3	0	1	0	0	0	0	0	0	0	0
1856	chr3:115174001-119194000	SBS13	3	0	0	2	0	0	0	0	0	0	0
1857	chr3:115174001-119194000	SBS3	3	0	6	9	1	0	0	0	0	0	0
1858	chr3:115174001-119194000	SBS5	3	0	0	3	0	0	0	0	0	0	0
1859	chr3:115174001-119194000	SBS8	3	0	2	1	1	0	0	0	0	0	0
1860	chr3:119194001-119575819	SBS3	3	0	1	2	0	0	0	0	0	0	0
1861	chr3:119194001-119575819	SBS5	3	0	1	0	0	0	0	0	0	0	0
1862	chr3:119577255-120880000	SBS3	3	0	1	1	0	0	0	0	0	0	0
1863	chr3:119577255-120880000	SBS5	3	0	2	1	0	0	0	0	0	0	0
1864	chr3:119577255-120880000	SBS8	3	0	0	0	1	0	0	0	0	0	0
1865	chr3:120880001-121415000	SBS5	2	1	0	1	0	0	0	0	0	0	0
1866	chr3:120880001-121415000	SBS8	2	1	0	1	0	0	0	0	0	0	0
1867	chr3:121415001-132405000	SBS1	3	0	1	2	1	0	0	0	0	0	0
1868	chr3:121415001-132405000	SBS13	3	0	1	0	0	0	0	0	0	0	0
1869	chr3:121415001-132405000	SBS3	3	0	10	25	1	0	0	0	0	0	0
1870	chr3:121415001-132405000	SBS5	3	0	0	6	1	0	0	0	0	0	0
1871	chr3:121415001-132405000	SBS8	3	0	3	3	0	0	0	0	0	0	0
1872	chr3:132736001-137116000	SBS1	3	0	0	1	0	0	0	0	0	0	0
1873	chr3:132736001-137116000	SBS100	3	0	0	1	0	0	0	0	0	0	0
1874	chr3:132736001-137116000	SBS3	3	0	2	6	0	0	0	0	0	0	0
1875	chr3:132736001-137116000	SBS5	3	0	0	0	1	0	0	0	0	0	0
1876	chr3:132736001-137116000	SBS8	3	0	0	2	0	0	0	0	0	0	0
1877	chr3:137116001-138059000	SBS3	3	0	2	9	0	0	0	0	0	0	0
1878	chr3:137116001-138059000	SBS8	3	0	0	1	0	0	0	0	0	0	0
1879	chr3:138059001-138952000	SBS100	3	0	0	1	0	0	0	0	0	0	0
1880	chr3:138059001-138952000	SBS3	3	0	0	1	0	0	0	0	0	0	0
1881	chr3:138059001-138952000	SBS8	3	0	0	2	0	0	0	0	0	0	0
1882	chr3:138952001-139304000	SBS8	4	0	1	0	1	0	0	0	0	0	0
1883	chr3:139304001-141228000	SBS13	3	0	0	0	1	0	0	0	0	0	0
1884	chr3:139304001-141228000	SBS3	3	0	1	1	0	0	0	0	0	0	0
1885	chr3:141228001-141592000	SBS1	2	0	1	0	0	0	0	0	0	0	0
1886	chr3:141592001-142865669	SBS3	3	0	0	4	0	0	0	0	0	0	0
1887	chr3:141592001-142865669	SBS5	3	0	0	0	1	0	0	0	0	0	0
1888	chr3:142865714-144147000	SBS1	3	0	0	1	0	0	0	0	0	0	0
1889	chr3:142865714-144147000	SBS3	3	0	2	2	0	0	0	0	0	0	0
1890	chr3:142865714-144147000	SBS5	3	0	0	1	0	0	0	0	0	0	0
1891	chr3:142865714-144147000	SBS8	3	0	1	0	0	0	0	0	0	0	0
1892	chr3:144147001-146059000	SBS3	3	0	1	1	1	0	0	0	0	0	0
1893	chr3:144147001-146059000	SBS5	3	0	0	1	0	0	0	0	0	0	0
1894	chr3:144147001-146059000	SBS8	3	0	0	3	0	0	0	0	0	0	0
1895	chr3:146059001-146668000	SBS13	3	0	0	1	0	0	0	0	0	0	0
1896	chr3:146059001-146668000	SBS3	3	0	1	1	0	0	0	0	0	0	0
1897	chr3:146668001-148942000	SBS1	3	0	0	0	1	0	0	0	0	0	0
1898	chr3:146668001-148942000	SBS3	3	0	4	6	0	0	0	0	0	0	0
1899	chr3:146668001-148942000	SBS5	3	0	0	1	0	0	0	0	0	0	0
1900	chr3:146668001-148942000	SBS8	3	0	0	3	0	0	0	0	0	0	0
1901	chr3:148942001-149664000	SBS3	2	0	0	3	0	0	0	0	0	0	0
1902	chr3:148942001-149664000	SBS8	2	0	0	1	0	0	0	0	0	0	0
1903	chr3:149664001-150342000	SBS3	3	0	1	1	0	0	0	0	0	0	0
1904	chr3:149664001-150342000	SBS5	3	0	0	2	0	0	0	0	0	0	0
1905	chr3:150458001-151090853	SBS3	3	0	0	2	0	0	0	0	0	0	0
1906	chr3:151139070-152198000	SBS100	3	0	0	1	0	0	0	0	0	0	0
1907	chr3:151139070-152198000	SBS13	3	0	1	0	0	0	0	0	0	0	0
1908	chr3:151139070-152198000	SBS3	3	0	0	1	0	0	0	0	0	0	0
1909	chr3:152198001-152478000	SBS3	2	0	0	1	0	0	0	0	0	0	0
1910	chr3:152478001-155731981	SBS1	3	0	0	1	0	0	0	0	0	0	0
1911	chr3:152478001-155731981	SBS3	3	0	1	9	1	0	0	0	0	0	0
1912	chr3:152478001-155731981	SBS8	3	0	1	2	0	0	0	0	0	0	0
1913	chr3:155737684-156440000	SBS100	3	0	1	0	0	0	0	0	0	0	0
1914	chr3:155737684-156440000	SBS13	3	0	0	1	0	0	0	0	0	0	0
1915	chr3:155737684-156440000	SBS3	3	0	1	1	0	0	0	0	0	0	0
1916	chr3:155737684-156440000	SBS8	3	0	2	0	0	0	0	0	0	0	0
1917	chr3:156440001-156864000	SBS3	2	0	0	1	0	0	0	0	0	0	0
1918	chr3:157181001-158644000	SBS3	3	0	0	1	1	0	0	0	0	0	0
1919	chr3:157181001-158644000	SBS5	3	0	0	1	0	0	0	0	0	0	0
1920	chr3:158644001-158809208	SBS8	2	0	0	1	0	0	0	0	0	0	0
1921	chr3:158809260-159382188	SBS13	2	0	0	1	0	0	0	0	0	0	0
1922	chr3:159384764-159725000	SBS13	2	0	0	1	0	0	0	0	0	0	0
1923	chr3:159384764-159725000	SBS3	2	0	0	1	0	0	0	0	0	0	0
1924	chr3:159384764-159725000	SBS5	2	0	0	1	0	0	0	0	0	0	0
1925	chr3:159725001-161278000	SBS3	2	0	0	1	0	0	0	0	0	0	0
1926	chr3:159725001-161278000	SBS5	2	0	0	1	0	0	0	0	0	0	0
1927	chr3:159725001-161278000	SBS8	2	0	0	1	0	0	0	0	0	0	0
1928	chr3:161278001-167646000	SBS1	2	0	0	1	0	0	0	0	0	0	0
1929	chr3:161278001-167646000	SBS100	2	0	0	2	0	0	0	0	0	0	0
1930	chr3:161278001-167646000	SBS13	2	0	0	1	0	0	0	0	0	0	0
1931	chr3:161278001-167646000	SBS3	2	0	1	11	0	0	0	0	0	0	0
1932	chr3:161278001-167646000	SBS5	2	0	0	2	0	0	0	0	0	0	0
1933	chr3:161278001-167646000	SBS8	2	0	1	7	0	0	0	0	0	0	0
1934	chr3:167646001-168238000	SBS3	2	0	0	2	0	0	0	0	0	0	0
1935	chr3:168238001-168568000	SBS3	2	0	0	1	0	0	0	0	0	0	0
1936	chr3:168568001-171610000	SBS1	3	0	0	1	0	0	0	0	0	0	0
1937	chr3:168568001-171610000	SBS100	3	0	0	1	0	0	0	0	0	0	0
1938	chr3:168568001-171610000	SBS3	3	0	4	6	0	0	0	0	0	0	0
1939	chr3:171610001-172393000	SBS3	2	0	0	1	0	0	0	0	0	0	0
1940	chr3:171610001-172393000	SBS8	2	0	0	1	0	0	0	0	0	0	0
1941	chr3:172393001-176902000	SBS100	3	0	0	1	0	0	0	0	0	0	0
1942	chr3:172393001-176902000	SBS13	3	0	1	0	0	0	0	0	0	0	0
1943	chr3:172393001-176902000	SBS3	3	0	0	11	0	0	0	0	0	0	0
1944	chr3:172393001-176902000	SBS5	3	0	0	1	0	0	0	0	0	0	0
1945	chr3:172393001-176902000	SBS8	3	0	0	5	0	0	0	0	0	0	0
1946	chr3:177018001-177160000	SBS5	1	0	0	1	0	0	0	0	0	0	0
1947	chr3:177018001-177160000	SBS8	1	0	0	1	0	0	0	0	0	0	0
1948	chr3:178446001-179015000	SBS100	3	0	1	0	0	0	0	0	0	0	0
1949	chr3:178446001-179015000	SBS3	3	0	1	1	0	0	0	0	0	0	0
1950	chr3:178446001-179015000	SBS8	3	0	0	3	0	0	0	0	0	0	0
1951	chr3:179015001-179874000	SBS3	3	0	2	0	0	0	0	0	0	0	0
1952	chr3:179874001-180911000	SBS3	3	0	2	2	0	0	0	0	0	0	0
1953	chr3:180911001-180993000	SBS3	2	0	0	1	0	0	0	0	0	0	0
1954	chr3:180993001-182681000	SBS100	3	0	1	0	0	0	0	0	0	0	0
1955	chr3:180993001-182681000	SBS3	3	0	1	2	0	0	0	0	0	0	0
1956	chr3:180993001-182681000	SBS5	3	0	0	1	0	0	0	0	0	0	0
1957	chr3:180993001-182681000	SBS8	3	0	1	0	0	0	0	0	0	0	0
1958	chr3:182681001-183736857	SBS3	3	0	1	2	0	0	0	0	0	0	0
1959	chr3:182681001-183736857	SBS8	3	0	1	0	0	0	0	0	0	0	0
1960	chr3:183736858-190750000	SBS100	2	0	1	1	0	0	0	0	0	0	0
1961	chr3:183736858-190750000	SBS13	2	0	0	1	0	0	0	0	0	0	0
1962	chr3:183736858-190750000	SBS3	2	0	0	11	0	0	0	0	0	0	0
1963	chr3:183736858-190750000	SBS5	2	0	0	3	0	0	0	0	0	0	0
1964	chr3:183736858-190750000	SBS8	2	0	0	2	0	0	0	0	0	0	0
1965	chr3:18982718-25237192	SBS100	4	0	0	1	0	0	0	0	0	0	0
1966	chr3:18982718-25237192	SBS13	4	0	1	1	0	2	0	0	0	0	0
1967	chr3:18982718-25237192	SBS3	4	0	3	2	2	4	0	0	0	0	0
1968	chr3:18982718-25237192	SBS5	4	0	0	2	2	1	0	0	0	0	0
1969	chr3:18982718-25237192	SBS8	4	0	3	1	0	0	0	0	0	0	0
1970	chr3:190750001-191325000	SBS3	2	0	0	2	0	0	0	0	0	0	0
1971	chr3:191397001-197087885	SBS1	2	0	0	2	0	0	0	0	0	0	0
1972	chr3:191397001-197087885	SBS3	2	0	2	23	0	0	0	0	0	0	0
1973	chr3:191397001-197087885	SBS5	2	0	0	1	0	0	0	0	0	0	0
1974	chr3:191397001-197087885	SBS8	2	0	0	2	0	0	0	0	0	0	0
1975	chr3:197095934-198295559	SBS3	2	0	1	2	0	0	0	0	0	0	0
1976	chr3:25248127-25909983	SBS3	3	0	0	0	1	0	0	0	0	0	0
1977	chr3:25912688-27341000	SBS100	2	0	1	0	0	0	0	0	0	0	0
1978	chr3:25912688-27341000	SBS3	2	0	1	3	0	0	0	0	0	0	0
1979	chr3:25912688-27341000	SBS5	2	0	0	1	0	0	0	0	0	0	0
1980	chr3:25912688-27341000	SBS8	2	0	0	2	0	0	0	0	0	0	0
1981	chr3:27689001-28237000	SBS5	2	0	0	1	0	0	0	0	0	0	0
1982	chr3:27689001-28237000	SBS8	2	0	0	1	0	0	0	0	0	0	0
1983	chr3:28351001-28962241	SBS3	2	0	0	1	0	0	0	0	0	0	0
1984	chr3:28962595-34268000	SBS1	2	0	0	2	0	0	0	0	0	0	0
1985	chr3:28962595-34268000	SBS100	2	0	0	1	0	0	0	0	0	0	0
1986	chr3:28962595-34268000	SBS3	2	0	2	10	0	0	0	0	0	0	0
1987	chr3:28962595-34268000	SBS5	2	0	0	2	0	0	0	0	0	0	0
1988	chr3:28962595-34268000	SBS8	2	0	0	2	0	0	0	0	0	0	0
1989	chr3:34268001-36362000	SBS3	2	0	0	4	0	0	0	0	0	0	0
1990	chr3:36362001-37596398	SBS3	2	0	0	1	0	0	0	0	0	0	0
1991	chr3:36362001-37596398	SBS5	2	0	0	1	0	0	0	0	0	0	0
1992	chr3:37596432-38545000	SBS3	2	0	0	2	0	0	0	0	0	0	0
1993	chr3:37596432-38545000	SBS5	2	0	0	1	0	0	0	0	0	0	0
1994	chr3:38545001-39297000	SBS3	2	0	0	1	0	0	0	0	0	0	0
1995	chr3:39297001-39346376	SBS3	3	0	0	1	0	0	0	0	0	0	0
1996	chr3:39378001-40451000	SBS1	2	0	0	1	0	0	0	0	0	0	0
1997	chr3:40451001-41250000	SBS3	2	0	1	0	0	0	0	0	0	0	0
1998	chr3:41250001-42008000	SBS3	2	0	0	1	0	0	0	0	0	0	0
1999	chr3:42232001-50564000	SBS1	2	0	0	3	0	0	0	0	0	0	0
2000	chr3:42232001-50564000	SBS100	2	0	0	2	0	0	0	0	0	0	0
2001	chr3:42232001-50564000	SBS3	2	0	4	19	0	0	0	0	0	0	0
2002	chr3:42232001-50564000	SBS5	2	0	0	5	0	0	0	0	0	0	0
2003	chr3:42232001-50564000	SBS8	2	0	0	1	0	0	0	0	0	0	0
2004	chr3:50633001-51206000	SBS3	2	0	0	1	0	0	0	0	0	0	0
2005	chr3:51206001-51697000	SBS3	2	0	0	3	0	0	0	0	0	0	0
2006	chr3:51206001-51697000	SBS5	2	0	0	1	0	0	0	0	0	0	0
2007	chr3:51206001-51697000	SBS8	2	0	0	1	0	0	0	0	0	0	0
2008	chr3:51697001-51940000	SBS3	2	0	1	2	0	0	0	0	0	0	0
2009	chr3:51697001-51940000	SBS8	2	0	1	0	0	0	0	0	0	0	0
2010	chr3:51940001-63818000	SBS1	2	0	0	3	0	0	0	0	0	0	0
2011	chr3:51940001-63818000	SBS13	2	0	0	2	0	0	0	0	0	0	0
2012	chr3:51940001-63818000	SBS3	2	0	1	17	0	0	0	0	0	0	0
2013	chr3:51940001-63818000	SBS5	2	0	0	6	0	0	0	0	0	0	0
2014	chr3:51940001-63818000	SBS8	2	0	1	4	0	0	0	0	0	0	0
2015	chr3:5237001-18982014	SBS1	4	0	0	1	0	0	0	0	0	0	0
2016	chr3:5237001-18982014	SBS100	4	0	0	1	1	0	0	0	0	0	0
2017	chr3:5237001-18982014	SBS13	4	0	0	1	2	1	0	0	0	0	0
2018	chr3:5237001-18982014	SBS3	4	0	8	12	6	7	0	0	0	0	0
2019	chr3:5237001-18982014	SBS5	4	0	1	1	2	2	0	0	0	0	0
2020	chr3:5237001-18982014	SBS8	4	0	4	3	0	0	0	0	0	0	0
2021	chr3:63818001-64034000	SBS8	1	0	0	1	0	0	0	0	0	0	0
2022	chr3:64034001-66423000	SBS3	2	0	1	2	0	0	0	0	0	0	0
2023	chr3:64034001-66423000	SBS5	2	0	0	1	0	0	0	0	0	0	0
2024	chr3:66502001-67709000	SBS3	2	0	0	4	0	0	0	0	0	0	0
2025	chr3:67709001-69005000	SBS3	2	0	0	2	0	0	0	0	0	0	0
2026	chr3:69124001-71444828	SBS1	2	0	1	0	0	0	0	0	0	0	0
2027	chr3:69124001-71444828	SBS3	2	0	0	5	0	0	0	0	0	0	0
2028	chr3:69124001-71444828	SBS5	2	0	0	1	0	0	0	0	0	0	0
2029	chr3:69124001-71444828	SBS8	2	0	1	1	0	0	0	0	0	0	0
2030	chr3:71595001-72571927	SBS13	3	2	0	0	1	0	0	0	0	0	0
2031	chr3:71595001-72571927	SBS3	3	2	2	0	1	0	0	0	0	0	0
2032	chr3:71595001-72571927	SBS8	3	2	1	0	0	0	0	0	0	0	0
2033	chr3:72582594-73869000	SBS13	3	2	1	1	0	0	0	0	0	0	0
2034	chr3:72582594-73869000	SBS3	3	2	0	1	0	0	0	0	0	0	0
2035	chr3:73869001-92214015	SBS1	3	2	1	1	0	0	0	0	0	0	0
2036	chr3:73869001-92214015	SBS100	3	2	2	3	1	0	0	0	0	0	0
2037	chr3:73869001-92214015	SBS13	3	2	3	3	2	0	0	0	0	0	0
2038	chr3:73869001-92214015	SBS3	3	2	37	57	14	0	0	0	0	0	0
2039	chr3:73869001-92214015	SBS5	3	2	4	9	3	0	0	0	0	0	0
2040	chr3:73869001-92214015	SBS8	3	2	11	17	5	0	0	0	0	0	0
2041	chr3:92214016-94168000	SBS13	2	1	1	0	0	0	0	0	0	0	0
2042	chr3:92214016-94168000	SBS3	2	1	0	1	0	0	0	0	0	0	0
2043	chr3:94168001-96203131	SBS3	2	1	1	4	0	0	0	0	0	0	0
2044	chr3:94168001-96203131	SBS5	2	1	2	1	0	0	0	0	0	0	0
2045	chr3:96203132-97655500	SBS3	2	0	1	3	0	0	0	0	0	0	0
2046	chr3:96203132-97655500	SBS8	2	0	0	1	0	0	0	0	0	0	0
2047	chr3:97655501-97919139	SBS3	2	0	0	1	0	0	0	0	0	0	0
2048	chr3:98509001-98908000	SBS3	2	0	0	2	0	0	0	0	0	0	0
2049	chr3:98908001-99629000	SBS3	2	0	0	2	0	0	0	0	0	0	0
2050	chr3:99629001-100709438	SBS3	2	0	1	2	0	0	0	0	0	0	0
2051	chr4:1-6651000	SBS1	1	1	0	4	0	0	0	0	0	0	0
2052	chr4:1-6651000	SBS13	1	1	0	2	0	0	0	0	0	0	0
2053	chr4:1-6651000	SBS3	1	1	0	14	0	0	0	0	0	0	0
2054	chr4:1-6651000	SBS5	1	1	0	3	0	0	0	0	0	0	0
2055	chr4:1-6651000	SBS8	1	1	0	4	0	0	0	0	0	0	0
2056	chr4:101018001-101358000	SBS3	1	1	0	1	0	0	0	0	0	0	0
2057	chr4:101018001-101358000	SBS5	1	1	0	1	0	0	0	0	0	0	0
2058	chr4:101358001-103200000	SBS3	2	1	3	4	0	0	0	0	0	0	0
2059	chr4:101358001-103200000	SBS5	2	1	0	1	0	0	0	0	0	0	0
2060	chr4:101358001-103200000	SBS8	2	1	0	2	0	0	0	0	0	0	0
2061	chr4:10210001-15392000	SBS1	1	1	0	3	0	0	0	0	0	0	0
2062	chr4:10210001-15392000	SBS100	1	1	0	1	0	0	0	0	0	0	0
2063	chr4:10210001-15392000	SBS3	1	1	0	12	0	0	0	0	0	0	0
2064	chr4:10210001-15392000	SBS5	1	1	0	1	0	0	0	0	0	0	0
2065	chr4:103200001-104831000	SBS3	2	1	1	7	0	0	0	0	0	0	0
2066	chr4:103200001-104831000	SBS5	2	1	1	0	0	0	0	0	0	0	0
2067	chr4:103200001-104831000	SBS8	2	1	0	1	0	0	0	0	0	0	0
2068	chr4:104831001-106379000	SBS3	2	1	1	0	0	0	0	0	0	0	0
2069	chr4:104831001-106379000	SBS5	2	1	2	1	0	0	0	0	0	0	0
2070	chr4:106379001-107606000	SBS1	2	1	0	1	0	0	0	0	0	0	0
2071	chr4:106379001-107606000	SBS100	2	1	0	1	0	0	0	0	0	0	0
2072	chr4:106379001-107606000	SBS3	2	1	2	3	0	0	0	0	0	0	0
2073	chr4:106379001-107606000	SBS8	2	1	1	0	0	0	0	0	0	0	0
2074	chr4:107606001-108174000	SBS3	1	1	0	1	0	0	0	0	0	0	0
2075	chr4:108174001-112225000	SBS13	2	1	0	1	0	0	0	0	0	0	0
2076	chr4:108174001-112225000	SBS3	2	1	1	7	0	0	0	0	0	0	0
2077	chr4:108174001-112225000	SBS5	2	1	0	2	0	0	0	0	0	0	0
2078	chr4:108174001-112225000	SBS8	2	1	2	1	0	0	0	0	0	0	0
2079	chr4:112350001-113434000	SBS3	2	1	1	2	0	0	0	0	0	0	0
2080	chr4:113434001-113788000	SBS3	1	1	0	1	0	0	0	0	0	0	0
2081	chr4:113788001-118222000	SBS1	2	1	0	1	0	0	0	0	0	0	0
2082	chr4:113788001-118222000	SBS3	2	1	3	15	0	0	0	0	0	0	0
2083	chr4:113788001-118222000	SBS5	2	1	0	1	0	0	0	0	0	0	0
2084	chr4:113788001-118222000	SBS8	2	1	1	3	0	0	0	0	0	0	0
2085	chr4:118222001-119655000	SBS3	2	1	1	3	0	0	0	0	0	0	0
2086	chr4:118222001-119655000	SBS8	2	1	0	1	0	0	0	0	0	0	0
2087	chr4:119655001-138243330	SBS1	2	1	3	2	0	0	0	0	0	0	0
2088	chr4:119655001-138243330	SBS100	2	1	1	3	0	0	0	0	0	0	0
2089	chr4:119655001-138243330	SBS13	2	1	1	1	0	0	0	0	0	0	0
2090	chr4:119655001-138243330	SBS3	2	1	12	40	0	0	0	0	0	0	0
2091	chr4:119655001-138243330	SBS5	2	1	4	5	0	0	0	0	0	0	0
2092	chr4:119655001-138243330	SBS8	2	1	3	7	0	0	0	0	0	0	0
2093	chr4:138245001-138901000	SBS1	3	1	1	0	0	0	0	0	0	0	0
2094	chr4:138245001-138901000	SBS3	3	1	2	0	0	0	0	0	0	0	0
2095	chr4:138901001-139394000	SBS3	3	1	0	1	0	0	0	0	0	0	0
2096	chr4:139394001-139625591	SBS13	3	1	0	2	0	0	0	0	0	0	0
2097	chr4:139394001-139625591	SBS3	3	1	1	1	1	0	0	0	0	0	0
2098	chr4:139394001-139625591	SBS8	3	1	0	1	0	0	0	0	0	0	0
2099	chr4:139625592-140234145	SBS3	2	1	1	2	0	0	0	0	0	0	0
2100	chr4:139625592-140234145	SBS5	2	1	0	1	0	0	0	0	0	0	0
2101	chr4:140234146-143174000	SBS100	2	1	1	0	0	0	0	0	0	0	0
2102	chr4:140234146-143174000	SBS13	2	1	0	1	0	0	0	0	0	0	0
2103	chr4:140234146-143174000	SBS3	2	1	4	4	0	0	0	0	0	0	0
2104	chr4:140234146-143174000	SBS5	2	1	1	1	0	0	0	0	0	0	0
2105	chr4:140234146-143174000	SBS8	2	1	1	1	0	0	0	0	0	0	0
2106	chr4:143174001-143565000	SBS3	1	1	0	2	0	0	0	0	0	0	0
2107	chr4:143565001-149974000	SBS1	2	1	0	3	0	0	0	0	0	0	0
2108	chr4:143565001-149974000	SBS100	2	1	0	1	0	0	0	0	0	0	0
2109	chr4:143565001-149974000	SBS3	2	1	2	16	0	0	0	0	0	0	0
2110	chr4:143565001-149974000	SBS5	2	1	0	1	0	0	0	0	0	0	0
2111	chr4:143565001-149974000	SBS8	2	1	1	2	0	0	0	0	0	0	0
2112	chr4:150332001-151773101	SBS100	2	1	0	1	0	0	0	0	0	0	0
2113	chr4:150332001-151773101	SBS13	2	1	0	1	0	0	0	0	0	0	0
2114	chr4:150332001-151773101	SBS3	2	1	0	1	0	0	0	0	0	0	0
2115	chr4:150332001-151773101	SBS8	2	1	0	2	0	0	0	0	0	0	0
2116	chr4:151773102-151926037	SBS3	3	1	0	0	1	0	0	0	0	0	0
2117	chr4:151926038-152272000	SBS3	2	1	1	0	0	0	0	0	0	0	0
2118	chr4:152272001-153662000	SBS3	2	1	1	0	0	0	0	0	0	0	0
2119	chr4:152272001-153662000	SBS5	2	1	1	0	0	0	0	0	0	0	0
2120	chr4:152272001-153662000	SBS8	2	1	0	1	0	0	0	0	0	0	0
2121	chr4:153662001-155520000	SBS1	2	1	0	1	0	0	0	0	0	0	0
2122	chr4:153662001-155520000	SBS3	2	1	2	3	0	0	0	0	0	0	0
2123	chr4:153662001-155520000	SBS5	2	1	1	2	0	0	0	0	0	0	0
2124	chr4:153662001-155520000	SBS8	2	1	0	1	0	0	0	0	0	0	0
2125	chr4:15392001-16297000	SBS13	1	1	0	1	0	0	0	0	0	0	0
2126	chr4:15392001-16297000	SBS3	1	1	0	3	0	0	0	0	0	0	0
2127	chr4:155520001-155823000	SBS3	2	1	0	1	0	0	0	0	0	0	0
2128	chr4:155823001-158669000	SBS100	2	1	1	0	0	0	0	0	0	0	0
2129	chr4:155823001-158669000	SBS3	2	1	1	6	0	0	0	0	0	0	0
2130	chr4:155823001-158669000	SBS5	2	1	1	0	0	0	0	0	0	0	0
2131	chr4:158669001-159369000	SBS13	1	1	0	1	0	0	0	0	0	0	0
2132	chr4:158669001-159369000	SBS8	1	1	0	1	0	0	0	0	0	0	0
2133	chr4:159369001-165986580	SBS100	2	1	0	1	0	0	0	0	0	0	0
2134	chr4:159369001-165986580	SBS13	2	1	0	2	0	0	0	0	0	0	0
2135	chr4:159369001-165986580	SBS3	2	1	7	16	0	0	0	0	0	0	0
2136	chr4:159369001-165986580	SBS5	2	1	1	3	0	0	0	0	0	0	0
2137	chr4:159369001-165986580	SBS8	2	1	1	3	0	0	0	0	0	0	0
2138	chr4:16297001-24500000	SBS100	1	1	0	1	0	0	0	0	0	0	0
2139	chr4:16297001-24500000	SBS13	1	1	0	1	0	0	0	0	0	0	0
2140	chr4:16297001-24500000	SBS3	1	1	0	16	0	0	0	0	0	0	0
2141	chr4:16297001-24500000	SBS5	1	1	0	4	0	0	0	0	0	0	0
2142	chr4:16297001-24500000	SBS8	1	1	0	2	0	0	0	0	0	0	0
2143	chr4:165986619-168373000	SBS3	2	1	1	6	0	0	0	0	0	0	0
2144	chr4:165986619-168373000	SBS8	2	1	2	2	0	0	0	0	0	0	0
2145	chr4:168373001-169849052	SBS3	2	1	0	5	0	0	0	0	0	0	0
2146	chr4:168373001-169849052	SBS5	2	1	0	1	0	0	0	0	0	0	0
2147	chr4:169849053-169996650	SBS3	2	1	1	0	0	0	0	0	0	0	0
2148	chr4:169996651-173125000	SBS1	2	1	1	0	0	0	0	0	0	0	0
2149	chr4:169996651-173125000	SBS100	2	1	0	1	0	0	0	0	0	0	0
2150	chr4:169996651-173125000	SBS3	2	1	3	11	0	0	0	0	0	0	0
2151	chr4:169996651-173125000	SBS5	2	1	1	2	0	0	0	0	0	0	0
2152	chr4:169996651-173125000	SBS8	2	1	1	2	0	0	0	0	0	0	0
2153	chr4:173125001-173507000	SBS3	1	1	0	1	0	0	0	0	0	0	0
2154	chr4:173507001-184254000	SBS1	2	1	3	1	0	0	0	0	0	0	0
2155	chr4:173507001-184254000	SBS100	2	1	1	1	0	0	0	0	0	0	0
2156	chr4:173507001-184254000	SBS13	2	1	1	3	0	0	0	0	0	0	0
2157	chr4:173507001-184254000	SBS3	2	1	12	22	0	0	0	0	0	0	0
2158	chr4:173507001-184254000	SBS5	2	1	4	3	0	0	0	0	0	0	0
2159	chr4:173507001-184254000	SBS8	2	1	6	4	0	0	0	0	0	0	0
2160	chr4:184480001-186202000	SBS13	2	1	0	1	0	0	0	0	0	0	0
2161	chr4:184480001-186202000	SBS3	2	1	1	3	0	0	0	0	0	0	0
2162	chr4:186548001-190214555	SBS1	2	1	0	1	0	0	0	0	0	0	0
2163	chr4:186548001-190214555	SBS100	2	1	0	1	0	0	0	0	0	0	0
2164	chr4:186548001-190214555	SBS13	2	1	0	2	0	0	0	0	0	0	0
2165	chr4:186548001-190214555	SBS3	2	1	1	6	0	0	0	0	0	0	0
2166	chr4:186548001-190214555	SBS5	2	1	0	1	0	0	0	0	0	0	0
2167	chr4:24500001-27028000	SBS1	1	1	0	1	0	0	0	0	0	0	0
2168	chr4:24500001-27028000	SBS100	1	1	0	1	0	0	0	0	0	0	0
2169	chr4:24500001-27028000	SBS3	1	1	0	8	0	0	0	0	0	0	0
2170	chr4:24500001-27028000	SBS5	1	1	0	1	0	0	0	0	0	0	0
2171	chr4:27028001-36045000	SBS1	1	1	0	6	0	0	0	0	0	0	0
2172	chr4:27028001-36045000	SBS100	1	1	0	4	0	0	0	0	0	0	0
2173	chr4:27028001-36045000	SBS13	1	1	0	1	0	0	0	0	0	0	0
2174	chr4:27028001-36045000	SBS3	1	1	0	17	0	0	0	0	0	0	0
2175	chr4:27028001-36045000	SBS5	1	1	0	3	0	0	0	0	0	0	0
2176	chr4:27028001-36045000	SBS8	1	1	0	4	0	0	0	0	0	0	0
2177	chr4:36045001-36366000	SBS5	1	1	0	2	0	0	0	0	0	0	0
2178	chr4:36366001-37036284	SBS3	1	1	0	3	0	0	0	0	0	0	0
2179	chr4:37036322-37609000	SBS3	1	1	0	2	0	0	0	0	0	0	0
2180	chr4:37036322-37609000	SBS8	1	1	0	1	0	0	0	0	0	0	0
2181	chr4:37609001-42766000	SBS1	1	1	0	2	0	0	0	0	0	0	0
2182	chr4:37609001-42766000	SBS3	1	1	0	8	0	0	0	0	0	0	0
2183	chr4:37609001-42766000	SBS5	1	1	0	1	0	0	0	0	0	0	0
2184	chr4:37609001-42766000	SBS8	1	1	0	1	0	0	0	0	0	0	0
2185	chr4:42766001-44675000	SBS1	1	1	0	1	0	0	0	0	0	0	0
2186	chr4:42766001-44675000	SBS3	1	1	0	4	0	0	0	0	0	0	0
2187	chr4:42766001-44675000	SBS8	1	1	0	1	0	0	0	0	0	0	0
2188	chr4:44728001-47459000	SBS3	1	1	0	7	0	0	0	0	0	0	0
2189	chr4:44728001-47459000	SBS5	1	1	0	3	0	0	0	0	0	0	0
2190	chr4:44728001-47459000	SBS8	1	1	0	2	0	0	0	0	0	0	0
2191	chr4:47568001-48097258	SBS13	1	1	0	1	0	0	0	0	0	0	0
2192	chr4:47568001-48097258	SBS3	1	1	0	2	0	0	0	0	0	0	0
2193	chr4:48097259-50726025	SBS3	2	1	1	6	0	0	0	0	0	0	0
2194	chr4:48097259-50726025	SBS5	2	1	0	2	0	0	0	0	0	0	0
2195	chr4:50726026-53312000	SBS3	2	1	1	1	0	0	0	0	0	0	0
2196	chr4:53312001-54093000	SBS1	2	1	0	1	0	0	0	0	0	0	0
2197	chr4:53312001-54093000	SBS100	2	1	0	1	0	0	0	0	0	0	0
2198	chr4:53312001-54093000	SBS3	2	1	0	1	0	0	0	0	0	0	0
2199	chr4:53312001-54093000	SBS5	2	1	1	0	0	0	0	0	0	0	0
2200	chr4:53312001-54093000	SBS8	2	1	0	1	0	0	0	0	0	0	0
2201	chr4:54093001-70619000	SBS1	2	1	0	6	0	0	0	0	0	0	0
2202	chr4:54093001-70619000	SBS100	2	1	2	3	0	0	0	0	0	0	0
2203	chr4:54093001-70619000	SBS3	2	1	15	33	0	0	0	0	0	0	0
2204	chr4:54093001-70619000	SBS5	2	1	2	7	0	0	0	0	0	0	0
2205	chr4:54093001-70619000	SBS8	2	1	1	6	0	0	0	0	0	0	0
2206	chr4:6651001-7076000	SBS100	1	1	0	1	0	0	0	0	0	0	0
2207	chr4:6651001-7076000	SBS13	1	1	0	1	0	0	0	0	0	0	0
2208	chr4:70619001-70997000	SBS3	2	1	1	0	0	0	0	0	0	0	0
2209	chr4:7076001-7755500	SBS3	1	1	0	1	0	0	0	0	0	0	0
2210	chr4:70997001-73053000	SBS3	2	1	1	1	0	0	0	0	0	0	0
2211	chr4:70997001-73053000	SBS5	2	1	0	1	0	0	0	0	0	0	0
2212	chr4:70997001-73053000	SBS8	2	1	1	0	0	0	0	0	0	0	0
2213	chr4:73267001-74705000	SBS3	2	1	0	1	0	0	0	0	0	0	0
2214	chr4:73267001-74705000	SBS5	2	1	0	1	0	0	0	0	0	0	0
2215	chr4:73267001-74705000	SBS8	2	1	0	2	0	0	0	0	0	0	0
2216	chr4:74705001-75468000	SBS13	2	1	0	1	0	0	0	0	0	0	0
2217	chr4:74705001-75468000	SBS3	2	1	0	3	0	0	0	0	0	0	0
2218	chr4:76066947-78774540	SBS100	2	1	2	0	0	0	0	0	0	0	0
2219	chr4:76066947-78774540	SBS13	2	1	0	1	0	0	0	0	0	0	0
2220	chr4:76066947-78774540	SBS3	2	1	4	5	0	0	0	0	0	0	0
2221	chr4:76066947-78774540	SBS5	2	1	0	1	0	0	0	0	0	0	0
2222	chr4:7755501-7857311	SBS3	1	1	0	1	0	0	0	0	0	0	0
2223	chr4:78774541-79061000	SBS3	2	1	0	1	0	0	0	0	0	0	0
2224	chr4:78774541-79061000	SBS5	2	1	1	0	0	0	0	0	0	0	0
2225	chr4:7883676-8601500	SBS3	1	1	0	3	0	0	0	0	0	0	0
2226	chr4:7883676-8601500	SBS5	1	1	0	1	0	0	0	0	0	0	0
2227	chr4:79146676-79841550	SBS1	2	2	0	1	0	0	0	0	0	0	0
2228	chr4:79146676-79841550	SBS100	2	2	0	1	0	0	0	0	0	0	0
2229	chr4:79146676-79841550	SBS3	2	2	2	2	0	0	0	0	0	0	0
2230	chr4:79146676-79841550	SBS5	2	2	0	3	0	0	0	0	0	0	0
2231	chr4:79146676-79841550	SBS8	2	2	1	0	0	0	0	0	0	0	0
2232	chr4:79841551-81431000	SBS13	2	1	1	0	0	0	0	0	0	0	0
2233	chr4:79841551-81431000	SBS3	2	1	2	3	0	0	0	0	0	0	0
2234	chr4:79841551-81431000	SBS5	2	1	0	1	0	0	0	0	0	0	0
2235	chr4:79841551-81431000	SBS8	2	1	1	2	0	0	0	0	0	0	0
2236	chr4:81431001-81853000	SBS100	2	1	0	1	0	0	0	0	0	0	0
2237	chr4:81853001-84570000	SBS13	2	1	2	0	0	0	0	0	0	0	0
2238	chr4:81853001-84570000	SBS3	2	1	2	2	0	0	0	0	0	0	0
2239	chr4:81853001-84570000	SBS5	2	1	1	1	0	0	0	0	0	0	0
2240	chr4:81853001-84570000	SBS8	2	1	0	2	0	0	0	0	0	0	0
2241	chr4:84570001-84972000	SBS5	1	1	0	1	0	0	0	0	0	0	0
2242	chr4:84972001-85363000	SBS1	2	1	0	1	0	0	0	0	0	0	0
2243	chr4:84972001-85363000	SBS3	2	1	0	1	0	0	0	0	0	0	0
2244	chr4:85363001-90121000	SBS1	2	1	0	1	0	0	0	0	0	0	0
2245	chr4:85363001-90121000	SBS100	2	1	0	2	0	0	0	0	0	0	0
2246	chr4:85363001-90121000	SBS13	2	1	0	2	0	0	0	0	0	0	0
2247	chr4:85363001-90121000	SBS3	2	1	4	8	0	0	0	0	0	0	0
2248	chr4:85363001-90121000	SBS5	2	1	0	3	0	0	0	0	0	0	0
2249	chr4:85363001-90121000	SBS8	2	1	1	1	0	0	0	0	0	0	0
2250	chr4:8601501-8883000	SBS3	2	1	0	1	0	0	0	0	0	0	0
2251	chr4:8883001-10000000	SBS1	1	1	0	1	0	0	0	0	0	0	0
2252	chr4:8883001-10000000	SBS100	1	1	0	2	0	0	0	0	0	0	0
2253	chr4:8883001-10000000	SBS3	1	1	0	12	0	0	0	0	0	0	0
2254	chr4:90421001-94203000	SBS1	2	1	1	0	0	0	0	0	0	0	0
2255	chr4:90421001-94203000	SBS3	2	1	3	8	0	0	0	0	0	0	0
2256	chr4:90421001-94203000	SBS8	2	1	0	2	0	0	0	0	0	0	0
2257	chr4:94676001-101018000	SBS1	2	1	2	1	0	0	0	0	0	0	0
2258	chr4:94676001-101018000	SBS100	2	1	0	2	0	0	0	0	0	0	0
2259	chr4:94676001-101018000	SBS13	2	1	2	2	0	0	0	0	0	0	0
2260	chr4:94676001-101018000	SBS3	2	1	2	7	0	0	0	0	0	0	0
2261	chr4:94676001-101018000	SBS8	2	1	0	2	0	0	0	0	0	0	0
2262	chr5:1-3341790	SBS13	1	1	0	2	0	0	0	0	0	0	0
2263	chr5:1-3341790	SBS3	1	1	0	3	0	0	0	0	0	0	0
2264	chr5:1-3341790	SBS8	1	1	0	2	0	0	0	0	0	0	0
2265	chr5:100910001-102704000	SBS3	1	0	0	4	0	0	0	0	0	0	0
2266	chr5:100910001-102704000	SBS5	1	0	0	1	0	0	0	0	0	0	0
2267	chr5:10233001-11502000	SBS3	2	1	0	2	0	0	0	0	0	0	0
2268	chr5:10233001-11502000	SBS5	2	1	0	1	0	0	0	0	0	0	0
2269	chr5:102704001-103282000	SBS3	1	0	0	2	0	0	0	0	0	0	0
2270	chr5:103282001-107201000	SBS3	1	0	0	9	0	0	0	0	0	0	0
2271	chr5:107201001-110113000	SBS1	1	0	0	1	0	0	0	0	0	0	0
2272	chr5:107201001-110113000	SBS3	1	0	0	9	0	0	0	0	0	0	0
2273	chr5:107201001-110113000	SBS5	1	0	0	1	0	0	0	0	0	0	0
2274	chr5:107201001-110113000	SBS8	1	0	0	1	0	0	0	0	0	0	0
2275	chr5:110344001-111483000	SBS1	2	0	0	1	0	0	0	0	0	0	0
2276	chr5:110344001-111483000	SBS100	2	0	0	2	0	0	0	0	0	0	0
2277	chr5:110344001-111483000	SBS13	2	0	0	1	0	0	0	0	0	0	0
2278	chr5:110344001-111483000	SBS3	2	0	1	2	0	0	0	0	0	0	0
2279	chr5:110344001-111483000	SBS8	2	0	0	1	0	0	0	0	0	0	0
2280	chr5:111483001-113614000	SBS1	2	0	1	0	0	0	0	0	0	0	0
2281	chr5:111483001-113614000	SBS3	2	0	0	10	0	0	0	0	0	0	0
2282	chr5:113614001-115046000	SBS1	2	0	0	1	0	0	0	0	0	0	0
2283	chr5:113614001-115046000	SBS3	2	0	0	4	0	0	0	0	0	0	0
2284	chr5:113614001-115046000	SBS8	2	0	0	1	0	0	0	0	0	0	0
2285	chr5:11502001-14141000	SBS3	2	1	3	5	0	0	0	0	0	0	0
2286	chr5:11502001-14141000	SBS5	2	1	1	0	0	0	0	0	0	0	0
2287	chr5:11502001-14141000	SBS8	2	1	0	1	0	0	0	0	0	0	0
2288	chr5:115640001-119301488	SBS1	2	0	0	2	0	0	0	0	0	0	0
2289	chr5:115640001-119301488	SBS3	2	0	1	2	0	0	0	0	0	0	0
2290	chr5:115640001-119301488	SBS5	2	0	1	1	0	0	0	0	0	0	0
2291	chr5:115640001-119301488	SBS8	2	0	0	2	0	0	0	0	0	0	0
2292	chr5:119458001-121718901	SBS3	2	0	0	4	0	0	0	0	0	0	0
2293	chr5:119458001-121718901	SBS5	2	0	0	2	0	0	0	0	0	0	0
2294	chr5:119458001-121718901	SBS8	2	0	0	2	0	0	0	0	0	0	0
2295	chr5:121827001-127981353	SBS1	2	0	0	1	0	0	0	0	0	0	0
2296	chr5:121827001-127981353	SBS100	2	0	1	2	0	0	0	0	0	0	0
2297	chr5:121827001-127981353	SBS3	2	0	3	9	0	0	0	0	0	0	0
2298	chr5:121827001-127981353	SBS5	2	0	1	2	0	0	0	0	0	0	0
2299	chr5:121827001-127981353	SBS8	2	0	1	3	0	0	0	0	0	0	0
2300	chr5:127981354-131158000	SBS13	2	0	0	1	0	0	0	0	0	0	0
2301	chr5:127981354-131158000	SBS3	2	0	0	8	0	0	0	0	0	0	0
2302	chr5:131158001-131819500	SBS1	2	0	0	1	0	0	0	0	0	0	0
2303	chr5:132502001-140713000	SBS1	2	0	0	1	0	0	0	0	0	0	0
2304	chr5:132502001-140713000	SBS100	2	0	0	1	0	0	0	0	0	0	0
2305	chr5:132502001-140713000	SBS3	2	0	3	10	0	0	0	0	0	0	0
2306	chr5:132502001-140713000	SBS5	2	0	0	1	0	0	0	0	0	0	0
2307	chr5:132502001-140713000	SBS8	2	0	1	5	0	0	0	0	0	0	0
2308	chr5:140713001-141473000	SBS3	3	0	0	3	0	0	0	0	0	0	0
2309	chr5:14141001-14377000	SBS3	1	1	0	1	0	0	0	0	0	0	0
2310	chr5:141473001-144212000	SBS1	2	0	0	1	0	0	0	0	0	0	0
2311	chr5:141473001-144212000	SBS100	2	0	0	1	0	0	0	0	0	0	0
2312	chr5:141473001-144212000	SBS13	2	0	0	2	0	0	0	0	0	0	0
2313	chr5:141473001-144212000	SBS3	2	0	1	5	0	0	0	0	0	0	0
2314	chr5:141473001-144212000	SBS5	2	0	0	3	0	0	0	0	0	0	0
2315	chr5:141473001-144212000	SBS8	2	0	0	1	0	0	0	0	0	0	0
2316	chr5:14377001-14648000	SBS3	2	1	0	1	0	0	0	0	0	0	0
2317	chr5:144212001-145660000	SBS3	2	0	1	3	0	0	0	0	0	0	0
2318	chr5:146232941-150844000	SBS1	2	0	0	3	0	0	0	0	0	0	0
2319	chr5:146232941-150844000	SBS100	2	0	1	1	0	0	0	0	0	0	0
2320	chr5:146232941-150844000	SBS3	2	0	2	6	0	0	0	0	0	0	0
2321	chr5:146232941-150844000	SBS5	2	0	0	1	0	0	0	0	0	0	0
2322	chr5:146232941-150844000	SBS8	2	0	1	2	0	0	0	0	0	0	0
2323	chr5:14648001-15028000	SBS13	2	1	0	1	0	0	0	0	0	0	0
2324	chr5:15028001-16436500	SBS1	2	1	1	1	0	0	0	0	0	0	0
2325	chr5:15028001-16436500	SBS13	2	1	1	1	0	0	0	0	0	0	0
2326	chr5:15028001-16436500	SBS3	2	1	2	4	0	0	0	0	0	0	0
2327	chr5:15028001-16436500	SBS5	2	1	0	1	0	0	0	0	0	0	0
2328	chr5:150998001-151832000	SBS1	2	0	0	1	0	0	0	0	0	0	0
2329	chr5:151832001-153958000	SBS100	2	0	0	1	0	0	0	0	0	0	0
2330	chr5:151832001-153958000	SBS3	2	0	1	5	0	0	0	0	0	0	0
2331	chr5:151832001-153958000	SBS5	2	0	0	1	0	0	0	0	0	0	0
2332	chr5:153958001-154976000	SBS3	2	0	0	4	0	0	0	0	0	0	0
2333	chr5:153958001-154976000	SBS5	2	0	1	0	0	0	0	0	0	0	0
2334	chr5:154976001-155459020	SBS3	2	0	0	1	0	0	0	0	0	0	0
2335	chr5:154976001-155459020	SBS8	2	0	1	0	0	0	0	0	0	0	0
2336	chr5:155459021-155725543	SBS3	1	0	0	1	0	0	0	0	0	0	0
2337	chr5:155725544-157128000	SBS3	2	0	0	5	0	0	0	0	0	0	0
2338	chr5:155725544-157128000	SBS8	2	0	0	2	0	0	0	0	0	0	0
2339	chr5:157128001-157819075	SBS3	2	0	0	1	0	0	0	0	0	0	0
2340	chr5:157128001-157819075	SBS5	2	0	1	1	0	0	0	0	0	0	0
2341	chr5:157128001-157819075	SBS8	2	0	1	0	0	0	0	0	0	0	0
2342	chr5:157819076-160302555	SBS3	2	0	1	3	0	0	0	0	0	0	0
2343	chr5:157819076-160302555	SBS8	2	0	0	1	0	0	0	0	0	0	0
2344	chr5:160302556-160490000	SBS100	1	0	0	1	0	0	0	0	0	0	0
2345	chr5:160490001-163429500	SBS3	1	0	0	2	0	0	0	0	0	0	0
2346	chr5:160490001-163429500	SBS8	1	0	0	1	0	0	0	0	0	0	0
2347	chr5:163519001-169433436	SBS1	1	0	0	1	0	0	0	0	0	0	0
2348	chr5:163519001-169433436	SBS3	1	0	0	9	0	0	0	0	0	0	0
2349	chr5:163519001-169433436	SBS8	1	0	0	1	0	0	0	0	0	0	0
2350	chr5:16436501-17318000	SBS1	2	1	1	1	0	0	0	0	0	0	0
2351	chr5:16436501-17318000	SBS100	2	1	0	1	0	0	0	0	0	0	0
2352	chr5:16436501-17318000	SBS13	2	1	0	1	0	0	0	0	0	0	0
2353	chr5:16436501-17318000	SBS3	2	1	0	2	0	0	0	0	0	0	0
2354	chr5:169433504-175902000	SBS1	1	0	0	3	0	0	0	0	0	0	0
2355	chr5:169433504-175902000	SBS3	1	0	0	13	0	0	0	0	0	0	0
2356	chr5:169433504-175902000	SBS5	1	0	0	4	0	0	0	0	0	0	0
2357	chr5:169433504-175902000	SBS8	1	0	0	3	0	0	0	0	0	0	0
2358	chr5:17318001-32121000	SBS1	2	1	0	2	0	0	0	0	0	0	0
2359	chr5:17318001-32121000	SBS100	2	1	0	3	0	0	0	0	0	0	0
2360	chr5:17318001-32121000	SBS13	2	1	1	2	0	0	0	0	0	0	0
2361	chr5:17318001-32121000	SBS3	2	1	13	41	0	0	0	0	0	0	0
2362	chr5:17318001-32121000	SBS5	2	1	3	8	0	0	0	0	0	0	0
2363	chr5:17318001-32121000	SBS8	2	1	8	11	0	0	0	0	0	0	0
2364	chr5:175902001-181538259	SBS1	1	1	0	5	0	0	0	0	0	0	0
2365	chr5:175902001-181538259	SBS13	1	1	0	1	0	0	0	0	0	0	0
2366	chr5:175902001-181538259	SBS3	1	1	0	12	0	0	0	0	0	0	0
2367	chr5:175902001-181538259	SBS5	1	1	0	2	0	0	0	0	0	0	0
2368	chr5:175902001-181538259	SBS8	1	1	0	2	0	0	0	0	0	0	0
2369	chr5:32615001-36863000	SBS100	2	1	0	2	0	0	0	0	0	0	0
2370	chr5:32615001-36863000	SBS13	2	1	0	3	0	0	0	0	0	0	0
2371	chr5:32615001-36863000	SBS3	2	1	4	6	0	0	0	0	0	0	0
2372	chr5:32615001-36863000	SBS5	2	1	2	1	0	0	0	0	0	0	0
2373	chr5:32615001-36863000	SBS8	2	1	0	2	0	0	0	0	0	0	0
2374	chr5:3341791-6593000	SBS1	2	1	1	4	0	0	0	0	0	0	0
2375	chr5:3341791-6593000	SBS100	2	1	0	3	0	0	0	0	0	0	0
2376	chr5:3341791-6593000	SBS3	2	1	4	9	0	0	0	0	0	0	0
2377	chr5:3341791-6593000	SBS8	2	1	0	2	0	0	0	0	0	0	0
2378	chr5:37071001-41748000	SBS100	2	1	0	1	0	0	0	0	0	0	0
2379	chr5:37071001-41748000	SBS3	2	1	8	5	0	0	0	0	0	0	0
2380	chr5:37071001-41748000	SBS5	2	1	0	2	0	0	0	0	0	0	0
2381	chr5:37071001-41748000	SBS8	2	1	1	4	0	0	0	0	0	0	0
2382	chr5:41748001-41930000	SBS3	2	1	0	1	0	0	0	0	0	0	0
2383	chr5:41930001-42544000	SBS1	2	1	1	0	0	0	0	0	0	0	0
2384	chr5:42544001-43687000	SBS1	2	1	1	0	0	0	0	0	0	0	0
2385	chr5:42544001-43687000	SBS100	2	1	0	1	0	0	0	0	0	0	0
2386	chr5:42544001-43687000	SBS3	2	1	1	2	0	0	0	0	0	0	0
2387	chr5:42544001-43687000	SBS8	2	1	0	2	0	0	0	0	0	0	0
2388	chr5:43687001-48272853	SBS100	2	1	1	0	0	0	0	0	0	0	0
2389	chr5:43687001-48272853	SBS3	2	1	3	6	0	0	0	0	0	0	0
2390	chr5:43687001-48272853	SBS5	2	1	0	5	0	0	0	0	0	0	0
2391	chr5:43687001-48272853	SBS8	2	1	0	4	0	0	0	0	0	0	0
2392	chr5:48272854-51678000	SBS3	2	1	0	7	0	0	0	0	0	0	0
2393	chr5:48272854-51678000	SBS5	2	1	0	1	0	0	0	0	0	0	0
2394	chr5:48272854-51678000	SBS8	2	1	0	2	0	0	0	0	0	0	0
2395	chr5:51678001-52652000	SBS3	1	1	0	3	0	0	0	0	0	0	0
2396	chr5:51678001-52652000	SBS5	1	1	0	2	0	0	0	0	0	0	0
2397	chr5:51678001-52652000	SBS8	1	1	0	1	0	0	0	0	0	0	0
2398	chr5:52652001-54429000	SBS100	1	1	0	1	0	0	0	0	0	0	0
2399	chr5:52652001-54429000	SBS3	1	1	0	2	0	0	0	0	0	0	0
2400	chr5:52652001-54429000	SBS8	1	1	0	2	0	0	0	0	0	0	0
2401	chr5:54429001-62795000	SBS1	1	0	0	6	0	0	0	0	0	0	0
2402	chr5:54429001-62795000	SBS13	1	0	0	1	0	0	0	0	0	0	0
2403	chr5:54429001-62795000	SBS3	1	0	0	19	0	0	0	0	0	0	0
2404	chr5:54429001-62795000	SBS5	1	0	0	1	0	0	0	0	0	0	0
2405	chr5:54429001-62795000	SBS8	1	0	0	2	0	0	0	0	0	0	0
2406	chr5:62795001-64604000	SBS3	1	0	0	3	0	0	0	0	0	0	0
2407	chr5:64604001-75723000	SBS13	1	0	0	1	0	0	0	0	0	0	0
2408	chr5:64604001-75723000	SBS3	1	0	0	12	0	0	0	0	0	0	0
2409	chr5:64604001-75723000	SBS5	1	0	0	4	0	0	0	0	0	0	0
2410	chr5:6776001-10233000	SBS1	2	1	0	2	0	0	0	0	0	0	0
2411	chr5:6776001-10233000	SBS13	2	1	0	1	0	0	0	0	0	0	0
2412	chr5:6776001-10233000	SBS3	2	1	1	9	0	0	0	0	0	0	0
2413	chr5:6776001-10233000	SBS5	2	1	1	2	0	0	0	0	0	0	0
2414	chr5:6776001-10233000	SBS8	2	1	0	5	0	0	0	0	0	0	0
2415	chr5:75723001-76161000	SBS3	1	0	0	1	0	0	0	0	0	0	0
2416	chr5:76161001-78471000	SBS1	1	0	0	1	0	0	0	0	0	0	0
2417	chr5:76161001-78471000	SBS3	1	0	0	9	0	0	0	0	0	0	0
2418	chr5:76161001-78471000	SBS5	1	0	0	1	0	0	0	0	0	0	0
2419	chr5:78706001-97247000	SBS1	1	0	0	4	0	0	0	0	0	0	0
2420	chr5:78706001-97247000	SBS3	1	0	0	41	0	0	0	0	0	0	0
2421	chr5:78706001-97247000	SBS5	1	0	0	2	0	0	0	0	0	0	0
2422	chr5:78706001-97247000	SBS8	1	0	0	2	0	0	0	0	0	0	0
2423	chr5:97247001-100474000	SBS3	1	0	0	3	0	0	0	0	0	0	0
2424	chr5:97247001-100474000	SBS5	1	0	0	1	0	0	0	0	0	0	0
2425	chr5:97247001-100474000	SBS8	1	0	0	1	0	0	0	0	0	0	0
2426	chr6:100085001-100904000	SBS3	3	2	0	1	0	0	0	0	0	0	0
2427	chr6:100085001-100904000	SBS8	3	2	1	0	0	0	0	0	0	0	0
2428	chr6:100904001-103476567	SBS3	4	2	3	0	3	1	0	0	0	0	0
2429	chr6:100904001-103476567	SBS8	4	2	0	0	0	1	0	0	0	0	0
2430	chr6:105484898-107262350	SBS1	4	2	0	1	1	0	0	0	0	0	0
2431	chr6:105484898-107262350	SBS3	4	2	6	2	1	1	0	0	0	0	0
2432	chr6:105484898-107262350	SBS8	4	2	0	0	2	0	0	0	0	0	0
2433	chr6:107275941-116762340	SBS1	3	2	1	0	0	0	0	0	0	0	0
2434	chr6:107275941-116762340	SBS100	3	2	1	0	0	0	0	0	0	0	0
2435	chr6:107275941-116762340	SBS13	3	2	1	1	1	0	0	0	0	0	0
2436	chr6:107275941-116762340	SBS3	3	2	10	10	11	0	0	0	0	0	0
2437	chr6:107275941-116762340	SBS5	3	2	0	2	1	0	0	0	0	0	0
2438	chr6:107275941-116762340	SBS8	3	2	3	5	5	0	0	0	0	0	0
2439	chr6:116762376-117438000	SBS8	3	2	0	1	1	0	0	0	0	0	0
2440	chr6:117632001-119582000	SBS1	3	2	0	1	0	0	0	0	0	0	0
2441	chr6:117632001-119582000	SBS100	3	2	1	0	0	0	0	0	0	0	0
2442	chr6:117632001-119582000	SBS13	3	2	1	1	0	0	0	0	0	0	0
2443	chr6:117632001-119582000	SBS3	3	2	3	3	2	0	0	0	0	0	0
2444	chr6:117632001-119582000	SBS5	3	2	1	0	0	0	0	0	0	0	0
2445	chr6:117632001-119582000	SBS8	3	2	3	0	2	0	0	0	0	0	0
2446	chr6:119582001-120967000	SBS13	2	2	0	1	0	0	0	0	0	0	0
2447	chr6:119582001-120967000	SBS3	2	2	2	3	0	0	0	0	0	0	0
2448	chr6:119582001-120967000	SBS5	2	2	2	0	0	0	0	0	0	0	0
2449	chr6:119582001-120967000	SBS8	2	2	2	0	0	0	0	0	0	0	0
2450	chr6:120967001-121326895	SBS3	3	2	1	0	1	0	0	0	0	0	0
2451	chr6:121339001-121820026	SBS3	4	3	2	0	1	0	0	0	0	0	0
2452	chr6:121339001-121820026	SBS5	4	3	0	0	1	0	0	0	0	0	0
2453	chr6:121339001-121820026	SBS8	4	3	1	0	0	1	0	0	0	0	0
2454	chr6:121820027-124960000	SBS1	3	2	0	2	1	0	0	0	0	0	0
2455	chr6:121820027-124960000	SBS100	3	2	0	2	0	0	0	0	0	0	0
2456	chr6:121820027-124960000	SBS13	3	2	0	1	0	0	0	0	0	0	0
2457	chr6:121820027-124960000	SBS3	3	2	7	4	5	0	0	0	0	0	0
2458	chr6:121820027-124960000	SBS8	3	2	1	1	1	0	0	0	0	0	0
2459	chr6:124960001-125383000	SBS3	3	2	2	0	1	0	0	0	0	0	0
2460	chr6:124960001-125383000	SBS8	3	2	0	1	0	0	0	0	0	0	0
2461	chr6:125743001-126042000	SBS5	2	2	1	0	0	0	0	0	0	0	0
2462	chr6:126042001-128155000	SBS3	3	2	1	2	3	0	0	0	0	0	0
2463	chr6:126042001-128155000	SBS8	3	2	0	0	2	0	0	0	0	0	0
2464	chr6:128155001-128587000	SBS3	2	2	1	1	0	0	0	0	0	0	0
2465	chr6:128155001-128587000	SBS5	2	2	1	0	0	0	0	0	0	0	0
2466	chr6:128587001-129376210	SBS1	3	2	1	0	0	0	0	0	0	0	0
2467	chr6:128587001-129376210	SBS3	3	2	0	0	1	0	0	0	0	0	0
2468	chr6:129376211-129387564	SBS3	4	2	1	0	0	0	0	0	0	0	0
2469	chr6:129387565-133945000	SBS100	3	2	1	0	0	0	0	0	0	0	0
2470	chr6:129387565-133945000	SBS13	3	2	0	1	0	0	0	0	0	0	0
2471	chr6:129387565-133945000	SBS3	3	2	4	4	9	0	0	0	0	0	0
2472	chr6:129387565-133945000	SBS5	3	2	3	0	0	0	0	0	0	0	0
2473	chr6:129387565-133945000	SBS8	3	2	0	1	0	0	0	0	0	0	0
2474	chr6:134065001-135085594	SBS3	3	2	1	0	1	0	0	0	0	0	0
2475	chr6:135213333-138003816	SBS3	4	2	0	4	2	1	0	0	0	0	0
2476	chr6:135213333-138003816	SBS5	4	2	0	0	0	1	0	0	0	0	0
2477	chr6:135213333-138003816	SBS8	4	2	1	0	0	0	0	0	0	0	0
2478	chr6:138003817-139325000	SBS3	4	0	1	1	2	0	0	0	0	0	0
2479	chr6:139379001-142745000	SBS13	4	0	0	2	0	0	0	0	0	0	0
2480	chr6:139379001-142745000	SBS3	4	0	2	4	4	2	0	0	0	0	0
2481	chr6:139379001-142745000	SBS5	4	0	3	2	0	0	0	0	0	0	0
2482	chr6:139379001-142745000	SBS8	4	0	0	3	0	0	0	0	0	0	0
2483	chr6:142745001-142963000	SBS5	3	0	0	0	1	0	0	0	0	0	0
2484	chr6:142963001-144354000	SBS100	4	0	0	1	0	0	0	0	0	0	0
2485	chr6:142963001-144354000	SBS3	4	0	1	0	0	0	0	0	0	0	0
2486	chr6:142963001-144354000	SBS8	4	0	0	1	0	0	0	0	0	0	0
2487	chr6:144354001-149491740	SBS3	3	0	2	3	3	0	0	0	0	0	0
2488	chr6:144354001-149491740	SBS5	3	0	0	0	1	0	0	0	0	0	0
2489	chr6:144354001-149491740	SBS8	3	0	1	1	0	0	0	0	0	0	0
2490	chr6:149500855-149714000	SBS13	3	0	0	1	0	0	0	0	0	0	0
2491	chr6:149500855-149714000	SBS3	3	0	1	0	0	0	0	0	0	0	0
2492	chr6:149714001-160526000	SBS1	2	0	1	1	0	0	0	0	0	0	0
2493	chr6:149714001-160526000	SBS100	2	0	0	2	0	0	0	0	0	0	0
2494	chr6:149714001-160526000	SBS13	2	0	1	5	0	0	0	0	0	0	0
2495	chr6:149714001-160526000	SBS3	2	0	1	14	0	0	0	0	0	0	0
2496	chr6:149714001-160526000	SBS5	2	0	0	2	0	0	0	0	0	0	0
2497	chr6:149714001-160526000	SBS8	2	0	0	5	0	0	0	0	0	0	0
2498	chr6:160531209-163293000	SBS13	2	1	0	1	0	0	0	0	0	0	0
2499	chr6:160531209-163293000	SBS3	2	1	1	11	0	0	0	0	0	0	0
2500	chr6:160531209-163293000	SBS5	2	1	3	0	0	0	0	0	0	0	0
2501	chr6:160531209-163293000	SBS8	2	1	0	2	0	0	0	0	0	0	0
2502	chr6:163590001-165207000	SBS3	2	1	0	1	0	0	0	0	0	0	0
2503	chr6:163590001-165207000	SBS8	2	1	0	1	0	0	0	0	0	0	0
2504	chr6:165226001-169197000	SBS1	3	1	1	1	0	0	0	0	0	0	0
2505	chr6:165226001-169197000	SBS13	3	1	0	1	0	0	0	0	0	0	0
2506	chr6:165226001-169197000	SBS3	3	1	4	13	1	0	0	0	0	0	0
2507	chr6:165226001-169197000	SBS5	3	1	1	0	0	0	0	0	0	0	0
2508	chr6:165226001-169197000	SBS8	3	1	2	1	0	0	0	0	0	0	0
2509	chr6:169197001-170278000	SBS1	2	1	0	1	0	0	0	0	0	0	0
2510	chr6:169197001-170278000	SBS3	2	1	0	1	0	0	0	0	0	0	0
2511	chr6:169197001-170278000	SBS5	2	1	0	2	0	0	0	0	0	0	0
2512	chr6:169197001-170278000	SBS8	2	1	0	1	0	0	0	0	0	0	0
2513	chr6:170278001-170805979	SBS3	2	1	0	1	0	0	0	0	0	0	0
2514	chr6:59191911-63507000	SBS1	2	1	2	3	0	0	0	0	0	0	0
2515	chr6:59191911-63507000	SBS3	2	1	4	16	0	0	0	0	0	0	0
2516	chr6:59191911-63507000	SBS5	2	1	0	4	0	0	0	0	0	0	0
2517	chr6:59191911-63507000	SBS8	2	1	2	11	0	0	0	0	0	0	0
2518	chr6:63507001-63729000	SBS3	1	1	0	1	0	0	0	0	0	0	0
2519	chr6:63729001-65883000	SBS3	2	1	2	5	0	0	0	0	0	0	0
2520	chr6:63729001-65883000	SBS8	2	1	1	2	0	0	0	0	0	0	0
2521	chr6:65883001-66565000	SBS3	3	1	3	1	0	0	0	0	0	0	0
2522	chr6:65883001-66565000	SBS5	3	1	1	0	1	0	0	0	0	0	0
2523	chr6:65883001-66565000	SBS8	3	1	2	0	0	0	0	0	0	0	0
2524	chr6:66565001-67483000	SBS3	2	1	1	1	0	0	0	0	0	0	0
2525	chr6:66565001-67483000	SBS5	2	1	0	1	0	0	0	0	0	0	0
2526	chr6:66565001-67483000	SBS8	2	1	0	1	0	0	0	0	0	0	0
2527	chr6:67483001-75995001	SBS1	3	1	1	1	1	0	0	0	0	0	0
2528	chr6:67483001-75995001	SBS13	3	1	1	6	0	0	0	0	0	0	0
2529	chr6:67483001-75995001	SBS3	3	1	10	21	1	0	0	0	0	0	0
2530	chr6:67483001-75995001	SBS5	3	1	2	3	0	0	0	0	0	0	0
2531	chr6:67483001-75995001	SBS8	3	1	6	4	0	0	0	0	0	0	0
2532	chr6:75995682-78841000	SBS1	3	1	0	2	0	0	0	0	0	0	0
2533	chr6:75995682-78841000	SBS3	3	1	1	6	0	0	0	0	0	0	0
2534	chr6:75995682-78841000	SBS5	3	1	1	0	0	0	0	0	0	0	0
2535	chr6:75995682-78841000	SBS8	3	1	0	2	0	0	0	0	0	0	0
2536	chr6:78841001-79623000	SBS100	3	1	1	0	0	0	0	0	0	0	0
2537	chr6:78841001-79623000	SBS5	3	1	1	0	0	0	0	0	0	0	0
2538	chr6:79623001-81736000	SBS13	2	1	0	1	0	0	0	0	0	0	0
2539	chr6:79623001-81736000	SBS3	2	1	2	3	0	0	0	0	0	0	0
2540	chr6:79623001-81736000	SBS8	2	1	0	2	0	0	0	0	0	0	0
2541	chr6:81823001-83045000	SBS100	2	1	0	1	0	0	0	0	0	0	0
2542	chr6:81823001-83045000	SBS3	2	1	1	2	0	0	0	0	0	0	0
2543	chr6:81823001-83045000	SBS5	2	1	0	1	0	0	0	0	0	0	0
2544	chr6:81823001-83045000	SBS8	2	1	0	1	0	0	0	0	0	0	0
2545	chr6:83249001-85449000	SBS3	2	1	2	5	0	0	0	0	0	0	0
2546	chr6:83249001-85449000	SBS5	2	1	1	2	0	0	0	0	0	0	0
2547	chr6:83249001-85449000	SBS8	2	1	1	2	0	0	0	0	0	0	0
2548	chr6:85449001-85706000	SBS13	1	1	0	1	0	0	0	0	0	0	0
2549	chr6:85449001-85706000	SBS3	1	1	0	1	0	0	0	0	0	0	0
2550	chr6:85706001-86883714	SBS3	2	1	1	3	0	0	0	0	0	0	0
2551	chr6:85706001-86883714	SBS5	2	1	0	1	0	0	0	0	0	0	0
2552	chr6:86883715-87111000	SBS3	4	1	1	0	0	0	0	0	0	0	0
2553	chr6:87111001-87744000	SBS3	4	1	1	0	1	0	0	0	0	0	0
2554	chr6:87744001-88626000	SBS3	4	1	0	3	1	0	0	0	0	0	0
2555	chr6:87744001-88626000	SBS8	4	1	0	1	0	0	0	0	0	0	0
2556	chr6:88626001-89446677	SBS3	4	1	0	2	0	0	0	0	0	0	0
2557	chr6:89446678-90687000	SBS100	4	1	1	0	0	0	0	0	0	0	0
2558	chr6:89446678-90687000	SBS3	4	1	2	1	0	0	0	0	0	0	0
2559	chr6:89446678-90687000	SBS5	4	1	2	0	0	0	0	0	0	0	0
2560	chr6:89446678-90687000	SBS8	4	1	1	0	0	0	0	0	0	0	0
2561	chr6:90687001-91368000	SBS1	4	2	1	0	0	1	0	0	0	0	0
2562	chr6:90687001-91368000	SBS13	4	2	1	0	0	0	0	0	0	0	0
2563	chr6:90687001-91368000	SBS3	4	2	2	1	0	0	0	0	0	0	0
2564	chr6:90687001-91368000	SBS5	4	2	0	0	1	0	0	0	0	0	0
2565	chr6:90687001-91368000	SBS8	4	2	0	0	0	1	0	0	0	0	0
2566	chr6:91368001-96085000	SBS100	5	2	1	0	0	0	0	0	0	0	0
2567	chr6:91368001-96085000	SBS3	5	2	4	2	6	1	1	0	0	0	0
2568	chr6:91368001-96085000	SBS5	5	2	2	0	2	2	0	0	0	0	0
2569	chr6:91368001-96085000	SBS8	5	2	2	0	1	1	0	0	0	0	0
2570	chr6:96085001-99391000	SBS1	4	2	1	0	0	0	0	0	0	0	0
2571	chr6:96085001-99391000	SBS100	4	2	0	0	1	0	0	0	0	0	0
2572	chr6:96085001-99391000	SBS13	4	2	0	2	0	0	0	0	0	0	0
2573	chr6:96085001-99391000	SBS3	4	2	2	4	4	0	0	0	0	0	0
2574	chr6:96085001-99391000	SBS5	4	2	0	1	0	0	0	0	0	0	0
2575	chr6:96085001-99391000	SBS8	4	2	0	0	1	1	0	0	0	0	0
2576	chr6:99593001-100085000	SBS5	4	2	0	0	1	0	0	0	0	0	0
2577	chr7:1-4697718	SBS1	2	1	1	1	0	0	0	0	0	0	0
2578	chr7:1-4697718	SBS100	2	1	1	1	0	0	0	0	0	0	0
2579	chr7:1-4697718	SBS13	2	1	0	2	0	0	0	0	0	0	0
2580	chr7:1-4697718	SBS3	2	1	5	15	0	0	0	0	0	0	0
2581	chr7:1-4697718	SBS8	2	1	0	4	0	0	0	0	0	0	0
2582	chr7:104991039-108632000	SBS1	3	1	0	0	1	0	0	0	0	0	0
2583	chr7:104991039-108632000	SBS100	3	1	1	0	0	0	0	0	0	0	0
2584	chr7:104991039-108632000	SBS13	3	1	2	0	0	0	0	0	0	0	0
2585	chr7:104991039-108632000	SBS3	3	1	5	3	1	0	0	0	0	0	0
2586	chr7:104991039-108632000	SBS5	3	1	1	0	0	0	0	0	0	0	0
2587	chr7:104991039-108632000	SBS8	3	1	1	0	0	0	0	0	0	0	0
2588	chr7:108632001-110921372	SBS3	3	1	7	5	0	0	0	0	0	0	0
2589	chr7:108632001-110921372	SBS5	3	1	1	0	2	0	0	0	0	0	0
2590	chr7:108632001-110921372	SBS8	3	1	1	1	0	0	0	0	0	0	0
2591	chr7:10883001-11234000	SBS3	2	1	1	0	0	0	0	0	0	0	0
2592	chr7:10883001-11234000	SBS5	2	1	1	0	0	0	0	0	0	0	0
2593	chr7:10883001-11234000	SBS8	2	1	0	1	0	0	0	0	0	0	0
2594	chr7:110921407-111571000	SBS3	3	1	1	1	2	0	0	0	0	0	0
2595	chr7:110921407-111571000	SBS5	3	1	0	1	0	0	0	0	0	0	0
2596	chr7:110921407-111571000	SBS8	3	1	1	0	0	0	0	0	0	0	0
2597	chr7:111723001-112457834	SBS3	3	1	2	1	0	0	0	0	0	0	0
2598	chr7:11234001-16405000	SBS100	2	1	1	0	0	0	0	0	0	0	0
2599	chr7:11234001-16405000	SBS3	2	1	2	14	0	0	0	0	0	0	0
2600	chr7:11234001-16405000	SBS5	2	1	2	1	0	0	0	0	0	0	0
2601	chr7:112457890-116150756	SBS13	3	1	0	1	1	0	0	0	0	0	0
2602	chr7:112457890-116150756	SBS3	3	1	1	1	3	0	0	0	0	0	0
2603	chr7:112457890-116150756	SBS5	3	1	0	1	0	0	0	0	0	0	0
2604	chr7:116156261-117150000	SBS100	3	1	2	1	0	0	0	0	0	0	0
2605	chr7:116156261-117150000	SBS3	3	1	3	0	1	0	0	0	0	0	0
2606	chr7:117150001-123673000	SBS3	3	1	7	9	3	0	0	0	0	0	0
2607	chr7:117150001-123673000	SBS5	3	1	2	5	1	0	0	0	0	0	0
2608	chr7:117150001-123673000	SBS8	3	1	2	1	0	0	0	0	0	0	0
2609	chr7:123759001-124744000	SBS3	3	1	1	1	0	0	0	0	0	0	0
2610	chr7:123759001-124744000	SBS8	3	1	0	1	1	0	0	0	0	0	0
2611	chr7:124744001-124943000	SBS3	3	1	0	1	0	0	0	0	0	0	0
2612	chr7:124943001-126353048	SBS3	3	1	1	2	1	0	0	0	0	0	0
2613	chr7:124943001-126353048	SBS8	3	1	1	0	0	0	0	0	0	0	0
2614	chr7:126353090-130890000	SBS100	3	1	1	0	0	0	0	0	0	0	0
2615	chr7:126353090-130890000	SBS13	3	1	1	0	0	0	0	0	0	0	0
2616	chr7:126353090-130890000	SBS3	3	1	8	4	2	0	0	0	0	0	0
2617	chr7:126353090-130890000	SBS5	3	1	0	1	0	0	0	0	0	0	0
2618	chr7:126353090-130890000	SBS8	3	1	1	1	0	0	0	0	0	0	0
2619	chr7:131017001-134511000	SBS1	3	1	0	1	1	0	0	0	0	0	0
2620	chr7:131017001-134511000	SBS3	3	1	6	3	1	0	0	0	0	0	0
2621	chr7:131017001-134511000	SBS8	3	1	0	1	1	0	0	0	0	0	0
2622	chr7:135144001-135986000	SBS100	3	1	0	1	0	0	0	0	0	0	0
2623	chr7:135144001-135986000	SBS3	3	1	0	3	1	0	0	0	0	0	0
2624	chr7:135986001-137380000	SBS3	3	1	2	3	0	0	0	0	0	0	0
2625	chr7:135986001-137380000	SBS8	3	1	0	1	1	0	0	0	0	0	0
2626	chr7:138019001-139761000	SBS100	3	1	0	1	0	0	0	0	0	0	0
2627	chr7:138019001-139761000	SBS13	3	1	2	0	0	0	0	0	0	0	0
2628	chr7:138019001-139761000	SBS3	3	1	2	5	0	0	0	0	0	0	0
2629	chr7:139761001-144843000	SBS1	2	1	1	1	0	0	0	0	0	0	0
2630	chr7:139761001-144843000	SBS3	2	1	5	20	0	0	0	0	0	0	0
2631	chr7:139761001-144843000	SBS5	2	1	0	3	0	0	0	0	0	0	0
2632	chr7:139761001-144843000	SBS8	2	1	5	3	0	0	0	0	0	0	0
2633	chr7:144843001-148694000	SBS100	2	1	0	1	0	0	0	0	0	0	0
2634	chr7:144843001-148694000	SBS13	2	1	0	1	0	0	0	0	0	0	0
2635	chr7:144843001-148694000	SBS3	2	1	5	11	0	0	0	0	0	0	0
2636	chr7:144843001-148694000	SBS5	2	1	1	0	0	0	0	0	0	0	0
2637	chr7:144843001-148694000	SBS8	2	1	1	3	0	0	0	0	0	0	0
2638	chr7:148869456-152862000	SBS100	2	1	0	1	0	0	0	0	0	0	0
2639	chr7:148869456-152862000	SBS13	2	1	2	0	0	0	0	0	0	0	0
2640	chr7:148869456-152862000	SBS3	2	1	7	9	0	0	0	0	0	0	0
2641	chr7:148869456-152862000	SBS8	2	1	1	1	0	0	0	0	0	0	0
2642	chr7:152862001-157134000	SBS1	2	1	1	0	0	0	0	0	0	0	0
2643	chr7:152862001-157134000	SBS100	2	1	0	1	0	0	0	0	0	0	0
2644	chr7:152862001-157134000	SBS13	2	1	0	2	0	0	0	0	0	0	0
2645	chr7:152862001-157134000	SBS3	2	1	8	8	0	0	0	0	0	0	0
2646	chr7:152862001-157134000	SBS5	2	1	0	2	0	0	0	0	0	0	0
2647	chr7:152862001-157134000	SBS8	2	1	0	2	0	0	0	0	0	0	0
2648	chr7:157134001-157400000	SBS3	2	1	3	0	0	0	0	0	0	0	0
2649	chr7:157400001-158596000	SBS1	3	1	2	0	1	0	0	0	0	0	0
2650	chr7:157400001-158596000	SBS3	3	1	2	1	1	0	0	0	0	0	0
2651	chr7:157400001-158596000	SBS8	3	1	0	3	1	0	0	0	0	0	0
2652	chr7:158596001-159345973	SBS1	2	1	0	1	0	0	0	0	0	0	0
2653	chr7:158596001-159345973	SBS13	2	1	0	1	0	0	0	0	0	0	0
2654	chr7:158596001-159345973	SBS3	2	1	3	2	0	0	0	0	0	0	0
2655	chr7:16405001-18697000	SBS1	2	1	0	1	0	0	0	0	0	0	0
2656	chr7:16405001-18697000	SBS100	2	1	0	1	0	0	0	0	0	0	0
2657	chr7:16405001-18697000	SBS13	2	1	0	2	0	0	0	0	0	0	0
2658	chr7:16405001-18697000	SBS3	2	1	2	4	0	0	0	0	0	0	0
2659	chr7:16405001-18697000	SBS5	2	1	0	1	0	0	0	0	0	0	0
2660	chr7:16405001-18697000	SBS8	2	1	0	2	0	0	0	0	0	0	0
2661	chr7:18697001-19102260	SBS1	2	1	0	1	0	0	0	0	0	0	0
2662	chr7:18697001-19102260	SBS3	2	1	1	1	0	0	0	0	0	0	0
2663	chr7:18697001-19102260	SBS8	2	1	1	0	0	0	0	0	0	0	0
2664	chr7:19106312-20135000	SBS3	2	1	2	5	0	0	0	0	0	0	0
2665	chr7:19106312-20135000	SBS8	2	1	0	1	0	0	0	0	0	0	0
2666	chr7:20135001-20485000	SBS13	2	1	1	0	0	0	0	0	0	0	0
2667	chr7:20485001-21238000	SBS13	2	1	0	1	0	0	0	0	0	0	0
2668	chr7:20485001-21238000	SBS3	2	1	2	2	0	0	0	0	0	0	0
2669	chr7:21238001-23534000	SBS3	2	1	1	2	0	0	0	0	0	0	0
2670	chr7:21238001-23534000	SBS5	2	1	0	1	0	0	0	0	0	0	0
2671	chr7:23534001-24552000	SBS1	2	1	0	1	0	0	0	0	0	0	0
2672	chr7:23534001-24552000	SBS100	2	1	1	1	0	0	0	0	0	0	0
2673	chr7:23534001-24552000	SBS3	2	1	0	4	0	0	0	0	0	0	0
2674	chr7:23534001-24552000	SBS5	2	1	0	1	0	0	0	0	0	0	0
2675	chr7:24552001-27465636	SBS100	2	1	0	1	0	0	0	0	0	0	0
2676	chr7:24552001-27465636	SBS3	2	1	1	2	0	0	0	0	0	0	0
2677	chr7:24552001-27465636	SBS5	2	1	1	1	0	0	0	0	0	0	0
2678	chr7:24552001-27465636	SBS8	2	1	2	1	0	0	0	0	0	0	0
2679	chr7:27465828-28717046	SBS3	2	1	1	3	0	0	0	0	0	0	0
2680	chr7:27465828-28717046	SBS5	2	1	1	0	0	0	0	0	0	0	0
2681	chr7:28730594-29961500	SBS3	2	1	0	4	0	0	0	0	0	0	0
2682	chr7:28730594-29961500	SBS5	2	1	0	1	0	0	0	0	0	0	0
2683	chr7:28730594-29961500	SBS8	2	1	1	0	0	0	0	0	0	0	0
2684	chr7:29961501-30614000	SBS3	2	1	1	2	0	0	0	0	0	0	0
2685	chr7:29961501-30614000	SBS5	2	1	0	1	0	0	0	0	0	0	0
2686	chr7:29961501-30614000	SBS8	2	1	0	1	0	0	0	0	0	0	0
2687	chr7:30614001-32930916	SBS13	2	1	1	1	0	0	0	0	0	0	0
2688	chr7:30614001-32930916	SBS3	2	1	0	9	0	0	0	0	0	0	0
2689	chr7:30614001-32930916	SBS5	2	1	0	2	0	0	0	0	0	0	0
2690	chr7:30614001-32930916	SBS8	2	1	2	0	0	0	0	0	0	0	0
2691	chr7:33064001-45222000	SBS1	2	1	2	1	0	0	0	0	0	0	0
2692	chr7:33064001-45222000	SBS100	2	1	1	2	0	0	0	0	0	0	0
2693	chr7:33064001-45222000	SBS13	2	1	0	2	0	0	0	0	0	0	0
2694	chr7:33064001-45222000	SBS3	2	1	7	26	0	0	0	0	0	0	0
2695	chr7:33064001-45222000	SBS5	2	1	2	0	0	0	0	0	0	0	0
2696	chr7:33064001-45222000	SBS8	2	1	0	7	0	0	0	0	0	0	0
2697	chr7:45222001-45678000	SBS100	2	1	0	1	0	0	0	0	0	0	0
2698	chr7:45222001-45678000	SBS3	2	1	1	1	0	0	0	0	0	0	0
2699	chr7:45222001-45678000	SBS8	2	1	0	2	0	0	0	0	0	0	0
2700	chr7:45678001-48282000	SBS100	2	1	0	1	0	0	0	0	0	0	0
2701	chr7:45678001-48282000	SBS13	2	1	1	1	0	0	0	0	0	0	0
2702	chr7:45678001-48282000	SBS3	2	1	1	3	0	0	0	0	0	0	0
2703	chr7:45678001-48282000	SBS5	2	1	1	1	0	0	0	0	0	0	0
2704	chr7:45678001-48282000	SBS8	2	1	0	1	0	0	0	0	0	0	0
2705	chr7:4697763-5524000	SBS100	2	1	0	2	0	0	0	0	0	0	0
2706	chr7:48282001-50294000	SBS13	2	1	2	0	0	0	0	0	0	0	0
2707	chr7:48282001-50294000	SBS3	2	1	5	4	0	0	0	0	0	0	0
2708	chr7:48282001-50294000	SBS5	2	1	0	1	0	0	0	0	0	0	0
2709	chr7:48282001-50294000	SBS8	2	1	0	1	0	0	0	0	0	0	0
2710	chr7:50294001-51401500	SBS100	2	1	2	0	0	0	0	0	0	0	0
2711	chr7:50294001-51401500	SBS3	2	1	1	1	0	0	0	0	0	0	0
2712	chr7:51401501-54736000	SBS1	2	1	0	3	0	0	0	0	0	0	0
2713	chr7:51401501-54736000	SBS3	2	1	3	8	0	0	0	0	0	0	0
2714	chr7:51401501-54736000	SBS5	2	1	0	1	0	0	0	0	0	0	0
2715	chr7:51401501-54736000	SBS8	2	1	3	1	0	0	0	0	0	0	0
2716	chr7:54736001-56145000	SBS1	2	1	1	0	0	0	0	0	0	0	0
2717	chr7:54736001-56145000	SBS100	2	1	0	1	0	0	0	0	0	0	0
2718	chr7:54736001-56145000	SBS13	2	1	0	1	0	0	0	0	0	0	0
2719	chr7:54736001-56145000	SBS3	2	1	2	2	0	0	0	0	0	0	0
2720	chr7:54736001-56145000	SBS8	2	1	0	1	0	0	0	0	0	0	0
2721	chr7:5524001-8394000	SBS1	2	1	0	1	0	0	0	0	0	0	0
2722	chr7:5524001-8394000	SBS13	2	1	0	1	0	0	0	0	0	0	0
2723	chr7:5524001-8394000	SBS3	2	1	2	8	0	0	0	0	0	0	0
2724	chr7:5524001-8394000	SBS5	2	1	0	1	0	0	0	0	0	0	0
2725	chr7:5524001-8394000	SBS8	2	1	0	2	0	0	0	0	0	0	0
2726	chr7:56145001-57640569	SBS1	3	1	0	1	0	0	0	0	0	0	0
2727	chr7:56145001-57640569	SBS3	3	1	1	3	0	0	0	0	0	0	0
2728	chr7:57642933-59498943	SBS100	3	1	0	1	0	0	0	0	0	0	0
2729	chr7:57642933-59498943	SBS13	3	1	1	1	0	0	0	0	0	0	0
2730	chr7:57642933-59498943	SBS3	3	1	0	6	1	0	0	0	0	0	0
2731	chr7:57642933-59498943	SBS5	3	1	0	3	0	0	0	0	0	0	0
2732	chr7:57642933-59498943	SBS8	3	1	0	1	0	0	0	0	0	0	0
2733	chr7:59498944-64289000	SBS1	2	1	0	4	0	0	0	0	0	0	0
2734	chr7:59498944-64289000	SBS100	2	1	0	2	0	0	0	0	0	0	0
2735	chr7:59498944-64289000	SBS13	2	1	0	3	0	0	0	0	0	0	0
2736	chr7:59498944-64289000	SBS3	2	1	2	21	0	0	0	0	0	0	0
2737	chr7:59498944-64289000	SBS5	2	1	0	6	0	0	0	0	0	0	0
2738	chr7:59498944-64289000	SBS8	2	1	1	7	0	0	0	0	0	0	0
2739	chr7:64289001-69589000	SBS1	2	1	1	0	0	0	0	0	0	0	0
2740	chr7:64289001-69589000	SBS100	2	1	0	1	0	0	0	0	0	0	0
2741	chr7:64289001-69589000	SBS13	2	1	1	2	0	0	0	0	0	0	0
2742	chr7:64289001-69589000	SBS3	2	1	2	18	0	0	0	0	0	0	0
2743	chr7:64289001-69589000	SBS5	2	1	0	4	0	0	0	0	0	0	0
2744	chr7:64289001-69589000	SBS8	2	1	1	1	0	0	0	0	0	0	0
2745	chr7:69589001-70692000	SBS100	2	1	0	1	0	0	0	0	0	0	0
2746	chr7:69589001-70692000	SBS13	2	1	0	2	0	0	0	0	0	0	0
2747	chr7:69589001-70692000	SBS3	2	1	0	1	0	0	0	0	0	0	0
2748	chr7:69589001-70692000	SBS5	2	1	0	2	0	0	0	0	0	0	0
2749	chr7:69589001-70692000	SBS8	2	1	0	1	0	0	0	0	0	0	0
2750	chr7:70786001-72760000	SBS3	2	1	1	4	0	0	0	0	0	0	0
2751	chr7:70786001-72760000	SBS5	2	1	0	1	0	0	0	0	0	0	0
2752	chr7:70786001-72760000	SBS8	2	1	0	3	0	0	0	0	0	0	0
2753	chr7:72760001-82121744	SBS1	2	1	0	2	0	0	0	0	0	0	0
2754	chr7:72760001-82121744	SBS100	2	1	0	1	0	0	0	0	0	0	0
2755	chr7:72760001-82121744	SBS13	2	1	0	3	0	0	0	0	0	0	0
2756	chr7:72760001-82121744	SBS3	2	1	9	17	0	0	0	0	0	0	0
2757	chr7:72760001-82121744	SBS5	2	1	0	2	0	0	0	0	0	0	0
2758	chr7:72760001-82121744	SBS8	2	1	1	4	0	0	0	0	0	0	0
2759	chr7:82122032-91088373	SBS1	2	1	1	0	0	0	0	0	0	0	0
2760	chr7:82122032-91088373	SBS13	2	1	1	1	0	0	0	0	0	0	0
2761	chr7:82122032-91088373	SBS3	2	1	8	16	0	0	0	0	0	0	0
2762	chr7:82122032-91088373	SBS5	2	1	0	6	0	0	0	0	0	0	0
2763	chr7:82122032-91088373	SBS8	2	1	3	8	0	0	0	0	0	0	0
2764	chr7:8394001-10883000	SBS3	2	1	6	8	0	0	0	0	0	0	0
2765	chr7:8394001-10883000	SBS5	2	1	0	1	0	0	0	0	0	0	0
2766	chr7:8394001-10883000	SBS8	2	1	2	2	0	0	0	0	0	0	0
2767	chr7:91088374-96765450	SBS1	3	1	1	1	0	0	0	0	0	0	0
2768	chr7:91088374-96765450	SBS100	3	1	2	0	0	0	0	0	0	0	0
2769	chr7:91088374-96765450	SBS13	3	1	0	0	1	0	0	0	0	0	0
2770	chr7:91088374-96765450	SBS3	3	1	3	7	3	0	0	0	0	0	0
2771	chr7:91088374-96765450	SBS5	3	1	2	1	0	0	0	0	0	0	0
2772	chr7:91088374-96765450	SBS8	3	1	1	3	1	0	0	0	0	0	0
2773	chr7:96766684-104920928	SBS100	3	1	0	1	1	0	0	0	0	0	0
2774	chr7:96766684-104920928	SBS13	3	1	1	1	0	0	0	0	0	0	0
2775	chr7:96766684-104920928	SBS3	3	1	7	20	0	0	0	0	0	0	0
2776	chr7:96766684-104920928	SBS5	3	1	1	3	0	0	0	0	0	0	0
2777	chr7:96766684-104920928	SBS8	3	1	1	3	0	0	0	0	0	0	0
2778	chr8:1-643000	SBS1	1	1	0	1	0	0	0	0	0	0	0
2779	chr8:1-643000	SBS13	1	1	0	1	0	0	0	0	0	0	0
2780	chr8:1-643000	SBS3	1	1	0	3	0	0	0	0	0	0	0
2781	chr8:100445545-101126910	SBS100	5	2	0	0	1	0	0	0	0	0	0
2782	chr8:100445545-101126910	SBS3	5	2	1	2	1	0	1	0	0	0	0
2783	chr8:100445545-101126910	SBS5	5	2	0	1	0	0	0	0	0	0	0
2784	chr8:100445545-101126910	SBS8	5	2	0	0	0	1	0	0	0	0	0
2785	chr8:101222060-115312000	SBS1	5	3	1	0	1	0	1	0	0	0	0
2786	chr8:101222060-115312000	SBS100	5	3	3	1	2	1	0	0	0	0	0
2787	chr8:101222060-115312000	SBS13	5	3	3	2	2	0	0	0	0	0	0
2788	chr8:101222060-115312000	SBS3	5	3	37	17	18	2	8	0	0	0	0
2789	chr8:101222060-115312000	SBS5	5	3	6	2	2	1	1	0	0	0	0
2790	chr8:101222060-115312000	SBS8	5	3	18	6	4	3	0	0	0	0	0
2791	chr8:115312001-115870274	SBS1	4	2	0	2	0	0	0	0	0	0	0
2792	chr8:115312001-115870274	SBS3	4	2	1	0	0	0	0	0	0	0	0
2793	chr8:115871692-116952000	SBS1	4	2	0	1	0	0	0	0	0	0	0
2794	chr8:115871692-116952000	SBS13	4	2	0	1	0	0	0	0	0	0	0
2795	chr8:115871692-116952000	SBS3	4	2	3	3	0	1	0	0	0	0	0
2796	chr8:116952001-117837000	SBS100	5	3	1	0	0	1	0	0	0	0	0
2797	chr8:116952001-117837000	SBS3	5	3	1	0	0	0	0	0	0	0	0
2798	chr8:116952001-117837000	SBS8	5	3	1	1	0	0	0	0	0	0	0
2799	chr8:11744001-12772000	SBS1	1	1	0	2	0	0	0	0	0	0	0
2800	chr8:11744001-12772000	SBS3	1	1	0	2	0	0	0	0	0	0	0
2801	chr8:11744001-12772000	SBS8	1	1	0	1	0	0	0	0	0	0	0
2802	chr8:117837001-118133000	SBS100	4	2	1	0	0	0	0	0	0	0	0
2803	chr8:118133001-120114420	SBS3	5	3	5	0	0	0	2	0	0	0	0
2804	chr8:118133001-120114420	SBS5	5	3	0	1	0	0	0	0	0	0	0
2805	chr8:118133001-120114420	SBS8	5	3	1	0	0	1	0	0	0	0	0
2806	chr8:120115038-122772000	SBS13	5	3	1	0	0	0	0	0	0	0	0
2807	chr8:120115038-122772000	SBS3	5	3	4	8	6	2	1	0	0	0	0
2808	chr8:120115038-122772000	SBS5	5	3	1	1	1	0	0	0	0	0	0
2809	chr8:120115038-122772000	SBS8	5	3	3	0	2	0	0	0	0	0	0
2810	chr8:122858001-123351326	SBS13	5	2	0	1	1	0	0	0	0	0	0
2811	chr8:122858001-123351326	SBS3	5	2	2	1	0	0	1	0	0	0	0
2812	chr8:123351327-123608888	SBS3	3	2	0	1	0	0	0	0	0	0	0
2813	chr8:123608889-123806087	SBS100	3	2	1	0	0	0	0	0	0	0	0
2814	chr8:123608889-123806087	SBS3	3	2	1	0	0	0	0	0	0	0	0
2815	chr8:123806088-125448000	SBS13	3	3	1	0	0	0	0	0	0	0	0
2816	chr8:123806088-125448000	SBS3	3	3	4	1	5	0	0	0	0	0	0
2817	chr8:123806088-125448000	SBS5	3	3	1	0	0	0	0	0	0	0	0
2818	chr8:123806088-125448000	SBS8	3	3	1	0	0	0	0	0	0	0	0
2819	chr8:125448001-130833315	SBS1	3	3	1	2	0	0	0	0	0	0	0
2820	chr8:125448001-130833315	SBS100	3	3	0	1	0	0	0	0	0	0	0
2821	chr8:125448001-130833315	SBS13	3	3	1	0	0	0	0	0	0	0	0
2822	chr8:125448001-130833315	SBS3	3	3	17	11	2	0	0	0	0	0	0
2823	chr8:125448001-130833315	SBS5	3	3	4	0	0	0	0	0	0	0	0
2824	chr8:125448001-130833315	SBS8	3	3	0	1	0	0	0	0	0	0	0
2825	chr8:12772001-17882000	SBS100	1	1	0	1	0	0	0	0	0	0	0
2826	chr8:12772001-17882000	SBS13	1	1	0	1	0	0	0	0	0	0	0
2827	chr8:12772001-17882000	SBS3	1	1	0	14	0	0	0	0	0	0	0
2828	chr8:12772001-17882000	SBS5	1	1	0	1	0	0	0	0	0	0	0
2829	chr8:12772001-17882000	SBS8	1	1	0	2	0	0	0	0	0	0	0
2830	chr8:130833316-131892000	SBS3	3	3	5	0	2	0	0	0	0	0	0
2831	chr8:130833316-131892000	SBS8	3	3	1	0	0	0	0	0	0	0	0
2832	chr8:132070001-132759000	SBS13	3	3	1	0	0	0	0	0	0	0	0
2833	chr8:132070001-132759000	SBS3	3	3	1	0	0	0	0	0	0	0	0
2834	chr8:132759001-133591000	SBS100	3	2	1	0	0	0	0	0	0	0	0
2835	chr8:132759001-133591000	SBS13	3	2	1	0	0	0	0	0	0	0	0
2836	chr8:132759001-133591000	SBS3	3	2	3	1	1	0	0	0	0	0	0
2837	chr8:132759001-133591000	SBS8	3	2	1	0	0	0	0	0	0	0	0
2838	chr8:133591001-134683000	SBS3	3	2	1	4	0	0	0	0	0	0	0
2839	chr8:133591001-134683000	SBS5	3	2	0	1	0	0	0	0	0	0	0
2840	chr8:133591001-134683000	SBS8	3	2	0	1	0	0	0	0	0	0	0
2841	chr8:134844001-141408000	SBS1	3	3	2	2	2	0	0	0	0	0	0
2842	chr8:134844001-141408000	SBS100	3	3	1	0	0	0	0	0	0	0	0
2843	chr8:134844001-141408000	SBS13	3	3	1	0	2	0	0	0	0	0	0
2844	chr8:134844001-141408000	SBS3	3	3	17	12	8	0	0	0	0	0	0
2845	chr8:134844001-141408000	SBS5	3	3	0	1	1	0	0	0	0	0	0
2846	chr8:134844001-141408000	SBS8	3	3	2	1	3	0	0	0	0	0	0
2847	chr8:141408001-145138636	SBS1	3	3	2	2	1	0	0	0	0	0	0
2848	chr8:141408001-145138636	SBS100	3	3	1	1	0	0	0	0	0	0	0
2849	chr8:141408001-145138636	SBS13	3	3	0	0	1	0	0	0	0	0	0
2850	chr8:141408001-145138636	SBS3	3	3	10	9	10	0	0	0	0	0	0
2851	chr8:141408001-145138636	SBS5	3	3	2	0	0	0	0	0	0	0	0
2852	chr8:141408001-145138636	SBS8	3	3	0	0	1	0	0	0	0	0	0
2853	chr8:17882001-18092000	SBS3	1	1	0	1	0	0	0	0	0	0	0
2854	chr8:18518001-22407222	SBS1	1	1	0	1	0	0	0	0	0	0	0
2855	chr8:18518001-22407222	SBS100	1	1	0	1	0	0	0	0	0	0	0
2856	chr8:18518001-22407222	SBS3	1	1	0	8	0	0	0	0	0	0	0
2857	chr8:2033001-6107596	SBS1	1	1	0	3	0	0	0	0	0	0	0
2858	chr8:2033001-6107596	SBS13	1	1	0	1	0	0	0	0	0	0	0
2859	chr8:2033001-6107596	SBS3	1	1	0	11	0	0	0	0	0	0	0
2860	chr8:2033001-6107596	SBS5	1	1	0	2	0	0	0	0	0	0	0
2861	chr8:2033001-6107596	SBS8	1	1	0	2	0	0	0	0	0	0	0
2862	chr8:22407263-24431030	SBS13	1	1	0	2	0	0	0	0	0	0	0
2863	chr8:22407263-24431030	SBS3	1	1	0	4	0	0	0	0	0	0	0
2864	chr8:24432689-24550000	SBS3	1	1	0	1	0	0	0	0	0	0	0
2865	chr8:24550001-25152000	SBS3	2	1	0	1	0	0	0	0	0	0	0
2866	chr8:25152001-25607000	SBS13	2	1	0	1	0	0	0	0	0	0	0
2867	chr8:25607001-26239000	SBS8	2	1	0	1	0	0	0	0	0	0	0
2868	chr8:26367536-29354854	SBS1	2	1	1	0	0	0	0	0	0	0	0
2869	chr8:26367536-29354854	SBS3	2	1	2	8	0	0	0	0	0	0	0
2870	chr8:26367536-29354854	SBS8	2	1	1	0	0	0	0	0	0	0	0
2871	chr8:29354855-30819000	SBS1	2	1	2	0	0	0	0	0	0	0	0
2872	chr8:29354855-30819000	SBS3	2	1	0	2	0	0	0	0	0	0	0
2873	chr8:29354855-30819000	SBS8	2	1	0	1	0	0	0	0	0	0	0
2874	chr8:30819001-34430286	SBS1	2	2	1	0	0	0	0	0	0	0	0
2875	chr8:30819001-34430286	SBS3	2	2	5	7	0	0	0	0	0	0	0
2876	chr8:30819001-34430286	SBS5	2	2	2	0	0	0	0	0	0	0	0
2877	chr8:30819001-34430286	SBS8	2	2	0	2	0	0	0	0	0	0	0
2878	chr8:34430287-35084546	SBS100	2	1	1	1	0	0	0	0	0	0	0
2879	chr8:34430287-35084546	SBS3	2	1	1	2	0	0	0	0	0	0	0
2880	chr8:34430287-35084546	SBS8	2	1	0	1	0	0	0	0	0	0	0
2881	chr8:35084547-37196000	SBS1	2	2	1	0	0	0	0	0	0	0	0
2882	chr8:35084547-37196000	SBS13	2	2	1	1	0	0	0	0	0	0	0
2883	chr8:35084547-37196000	SBS3	2	2	6	10	0	0	0	0	0	0	0
2884	chr8:35084547-37196000	SBS5	2	2	0	3	0	0	0	0	0	0	0
2885	chr8:35084547-37196000	SBS8	2	2	1	1	0	0	0	0	0	0	0
2886	chr8:37196001-39114000	SBS3	2	1	1	4	0	0	0	0	0	0	0
2887	chr8:37196001-39114000	SBS8	2	1	0	3	0	0	0	0	0	0	0
2888	chr8:39114001-39934737	SBS3	2	1	2	1	0	0	0	0	0	0	0
2889	chr8:39114001-39934737	SBS5	2	1	2	0	0	0	0	0	0	0	0
2890	chr8:39935439-43242000	SBS100	2	1	1	1	0	0	0	0	0	0	0
2891	chr8:39935439-43242000	SBS3	2	1	4	9	0	0	0	0	0	0	0
2892	chr8:39935439-43242000	SBS5	2	1	0	1	0	0	0	0	0	0	0
2893	chr8:39935439-43242000	SBS8	2	1	0	1	0	0	0	0	0	0	0
2894	chr8:43242001-44955504	SBS1	2	1	1	0	0	0	0	0	0	0	0
2895	chr8:43242001-44955504	SBS3	2	1	1	3	0	0	0	0	0	0	0
2896	chr8:43242001-44955504	SBS5	2	1	1	0	0	0	0	0	0	0	0
2897	chr8:43242001-44955504	SBS8	2	1	1	1	0	0	0	0	0	0	0
2898	chr8:44955505-47256000	SBS13	2	1	1	0	0	0	0	0	0	0	0
2899	chr8:44955505-47256000	SBS3	2	1	2	3	0	0	0	0	0	0	0
2900	chr8:47256001-49086000	SBS1	2	1	1	0	0	0	0	0	0	0	0
2901	chr8:47256001-49086000	SBS3	2	1	0	4	0	0	0	0	0	0	0
2902	chr8:47256001-49086000	SBS5	2	1	0	1	0	0	0	0	0	0	0
2903	chr8:47256001-49086000	SBS8	2	1	1	0	0	0	0	0	0	0	0
2904	chr8:49086001-51824500	SBS3	2	1	0	4	0	0	0	0	0	0	0
2905	chr8:49086001-51824500	SBS5	2	1	0	1	0	0	0	0	0	0	0
2906	chr8:49086001-51824500	SBS8	2	1	0	1	0	0	0	0	0	0	0
2907	chr8:51824501-52021000	SBS1	1	1	0	2	0	0	0	0	0	0	0
2908	chr8:51824501-52021000	SBS3	1	1	0	2	0	0	0	0	0	0	0
2909	chr8:52021001-54176000	SBS3	2	1	2	5	0	0	0	0	0	0	0
2910	chr8:52021001-54176000	SBS5	2	1	0	1	0	0	0	0	0	0	0
2911	chr8:52021001-54176000	SBS8	2	1	0	2	0	0	0	0	0	0	0
2912	chr8:54176001-55736000	SBS13	2	1	0	1	0	0	0	0	0	0	0
2913	chr8:54176001-55736000	SBS3	2	1	1	3	0	0	0	0	0	0	0
2914	chr8:54176001-55736000	SBS5	2	1	0	2	0	0	0	0	0	0	0
2915	chr8:55736001-56016000	SBS3	1	1	0	1	0	0	0	0	0	0	0
2916	chr8:56016001-57953000	SBS1	2	1	1	0	0	0	0	0	0	0	0
2917	chr8:56016001-57953000	SBS13	2	1	0	2	0	0	0	0	0	0	0
2918	chr8:56016001-57953000	SBS3	2	1	2	5	0	0	0	0	0	0	0
2919	chr8:56016001-57953000	SBS5	2	1	0	1	0	0	0	0	0	0	0
2920	chr8:56016001-57953000	SBS8	2	1	0	2	0	0	0	0	0	0	0
2921	chr8:57953001-59141000	SBS3	2	1	1	4	0	0	0	0	0	0	0
2922	chr8:59141001-60479000	SBS3	2	1	2	2	0	0	0	0	0	0	0
2923	chr8:59141001-60479000	SBS5	2	1	2	0	0	0	0	0	0	0	0
2924	chr8:59141001-60479000	SBS8	2	1	0	1	0	0	0	0	0	0	0
2925	chr8:60479001-61038000	SBS3	1	1	0	2	0	0	0	0	0	0	0
2926	chr8:61038001-61544000	SBS3	2	1	0	2	0	0	0	0	0	0	0
2927	chr8:61544001-61812000	SBS3	2	1	1	1	0	0	0	0	0	0	0
2928	chr8:61812001-62887821	SBS1	2	1	1	0	0	0	0	0	0	0	0
2929	chr8:61812001-62887821	SBS100	2	1	1	0	0	0	0	0	0	0	0
2930	chr8:61812001-62887821	SBS3	2	1	4	0	0	0	0	0	0	0	0
2931	chr8:61812001-62887821	SBS5	2	1	0	1	0	0	0	0	0	0	0
2932	chr8:62887822-64567000	SBS100	2	2	2	2	0	0	0	0	0	0	0
2933	chr8:62887822-64567000	SBS3	2	2	2	1	0	0	0	0	0	0	0
2934	chr8:62887822-64567000	SBS5	2	2	1	0	0	0	0	0	0	0	0
2935	chr8:62887822-64567000	SBS8	2	2	0	2	0	0	0	0	0	0	0
2936	chr8:6401001-9288000	SBS1	1	1	0	1	0	0	0	0	0	0	0
2937	chr8:6401001-9288000	SBS13	1	1	0	2	0	0	0	0	0	0	0
2938	chr8:6401001-9288000	SBS3	1	1	0	3	0	0	0	0	0	0	0
2939	chr8:6401001-9288000	SBS5	1	1	0	1	0	0	0	0	0	0	0
2940	chr8:6401001-9288000	SBS8	1	1	0	1	0	0	0	0	0	0	0
2941	chr8:643001-1730000	SBS1	2	1	1	1	0	0	0	0	0	0	0
2942	chr8:643001-1730000	SBS3	2	1	1	3	0	0	0	0	0	0	0
2943	chr8:643001-1730000	SBS8	2	1	1	0	0	0	0	0	0	0	0
2944	chr8:64567001-64920000	SBS3	2	1	0	1	0	0	0	0	0	0	0
2945	chr8:64920001-65627000	SBS1	2	2	1	0	0	0	0	0	0	0	0
2946	chr8:64920001-65627000	SBS13	2	2	1	0	0	0	0	0	0	0	0
2947	chr8:64920001-65627000	SBS3	2	2	3	1	0	0	0	0	0	0	0
2948	chr8:65627001-66145000	SBS8	2	1	0	1	0	0	0	0	0	0	0
2949	chr8:66145001-66421000	SBS3	2	2	0	1	0	0	0	0	0	0	0
2950	chr8:66798001-70107000	SBS1	2	2	1	0	0	0	0	0	0	0	0
2951	chr8:66798001-70107000	SBS100	2	2	0	1	0	0	0	0	0	0	0
2952	chr8:66798001-70107000	SBS3	2	2	6	9	0	0	0	0	0	0	0
2953	chr8:66798001-70107000	SBS5	2	2	1	0	0	0	0	0	0	0	0
2954	chr8:66798001-70107000	SBS8	2	2	1	2	0	0	0	0	0	0	0
2955	chr8:70107001-70405000	SBS3	2	1	1	0	0	0	0	0	0	0	0
2956	chr8:70685001-71517000	SBS3	2	2	1	1	0	0	0	0	0	0	0
2957	chr8:70685001-71517000	SBS8	2	2	1	1	0	0	0	0	0	0	0
2958	chr8:71517001-75438622	SBS13	2	2	1	0	0	0	0	0	0	0	0
2959	chr8:71517001-75438622	SBS3	2	2	2	7	0	0	0	0	0	0	0
2960	chr8:71517001-75438622	SBS5	2	2	2	1	0	0	0	0	0	0	0
2961	chr8:71517001-75438622	SBS8	2	2	0	3	0	0	0	0	0	0	0
2962	chr8:75438623-77131809	SBS100	2	2	0	1	0	0	0	0	0	0	0
2963	chr8:75438623-77131809	SBS13	2	2	1	0	0	0	0	0	0	0	0
2964	chr8:75438623-77131809	SBS3	2	2	4	5	0	0	0	0	0	0	0
2965	chr8:75438623-77131809	SBS5	2	2	1	1	0	0	0	0	0	0	0
2966	chr8:75438623-77131809	SBS8	2	2	0	1	0	0	0	0	0	0	0
2967	chr8:77132797-79218000	SBS1	2	2	0	1	0	0	0	0	0	0	0
2968	chr8:77132797-79218000	SBS100	2	2	0	1	0	0	0	0	0	0	0
2969	chr8:77132797-79218000	SBS3	2	2	1	5	0	0	0	0	0	0	0
2970	chr8:77132797-79218000	SBS5	2	2	0	1	0	0	0	0	0	0	0
2971	chr8:77132797-79218000	SBS8	2	2	1	2	0	0	0	0	0	0	0
2972	chr8:79218001-79870000	SBS3	3	2	0	0	3	0	0	0	0	0	0
2973	chr8:79870001-80306000	SBS13	2	2	0	1	0	0	0	0	0	0	0
2974	chr8:79870001-80306000	SBS3	2	2	1	0	0	0	0	0	0	0	0
2975	chr8:80306001-88263261	SBS1	3	2	0	1	0	0	0	0	0	0	0
2976	chr8:80306001-88263261	SBS100	3	2	1	2	0	0	0	0	0	0	0
2977	chr8:80306001-88263261	SBS13	3	2	2	2	1	0	0	0	0	0	0
2978	chr8:80306001-88263261	SBS3	3	2	19	17	15	0	0	0	0	0	0
2979	chr8:80306001-88263261	SBS5	3	2	1	3	0	0	0	0	0	0	0
2980	chr8:80306001-88263261	SBS8	3	2	4	2	2	0	0	0	0	0	0
2981	chr8:88263262-88272760	SBS3	3	1	0	2	0	0	0	0	0	0	0
2982	chr8:88263262-88272760	SBS8	3	1	0	1	0	0	0	0	0	0	0
2983	chr8:88272761-89717000	SBS1	3	2	1	0	0	0	0	0	0	0	0
2984	chr8:88272761-89717000	SBS13	3	2	0	2	0	0	0	0	0	0	0
2985	chr8:88272761-89717000	SBS3	3	2	0	2	2	0	0	0	0	0	0
2986	chr8:88272761-89717000	SBS8	3	2	2	2	0	0	0	0	0	0	0
2987	chr8:89717001-90004000	SBS100	2	1	1	0	0	0	0	0	0	0	0
2988	chr8:89717001-90004000	SBS3	2	1	0	1	0	0	0	0	0	0	0
2989	chr8:90004001-98534433	SBS1	3	2	1	0	0	0	0	0	0	0	0
2990	chr8:90004001-98534433	SBS100	3	2	1	1	0	0	0	0	0	0	0
2991	chr8:90004001-98534433	SBS13	3	2	0	1	1	0	0	0	0	0	0
2992	chr8:90004001-98534433	SBS3	3	2	17	6	4	0	0	0	0	0	0
2993	chr8:90004001-98534433	SBS5	3	2	2	2	2	0	0	0	0	0	0
2994	chr8:90004001-98534433	SBS8	3	2	3	6	0	0	0	0	0	0	0
2995	chr8:9288001-9548000	SBS3	1	1	0	1	0	0	0	0	0	0	0
2996	chr8:9288001-9548000	SBS8	1	1	0	1	0	0	0	0	0	0	0
2997	chr8:9548001-9782000	SBS3	1	1	0	1	0	0	0	0	0	0	0
2998	chr8:9782001-11744000	SBS1	1	1	0	1	0	0	0	0	0	0	0
2999	chr8:9782001-11744000	SBS3	1	1	0	5	0	0	0	0	0	0	0
3000	chr8:9782001-11744000	SBS8	1	1	0	4	0	0	0	0	0	0	0
3001	chr8:98534434-100445509	SBS100	5	3	1	0	0	0	0	0	0	0	0
3002	chr8:98534434-100445509	SBS3	5	3	1	0	4	0	0	0	0	0	0
3003	chr8:98534434-100445509	SBS5	5	3	1	1	0	0	0	0	0	0	0
3004	chr8:98534434-100445509	SBS8	5	3	1	1	0	0	0	0	0	0	0
3005	chr9:1-14119000	SBS1	3	2	1	3	0	0	0	0	0	0	0
3006	chr9:1-14119000	SBS100	3	2	2	1	0	0	0	0	0	0	0
3007	chr9:1-14119000	SBS13	3	2	3	2	0	0	0	0	0	0	0
3008	chr9:1-14119000	SBS3	3	2	29	29	10	0	0	0	0	0	0
3009	chr9:1-14119000	SBS5	3	2	2	0	1	0	0	0	0	0	0
3010	chr9:1-14119000	SBS8	3	2	5	5	1	0	0	0	0	0	0
3011	chr9:100607001-104738000	SBS1	1	1	0	2	0	0	0	0	0	0	0
3012	chr9:100607001-104738000	SBS100	1	1	0	1	0	0	0	0	0	0	0
3013	chr9:100607001-104738000	SBS13	1	1	0	1	0	0	0	0	0	0	0
3014	chr9:100607001-104738000	SBS3	1	1	0	9	0	0	0	0	0	0	0
3015	chr9:100607001-104738000	SBS5	1	1	0	3	0	0	0	0	0	0	0
3016	chr9:100607001-104738000	SBS8	1	1	0	3	0	0	0	0	0	0	0
3017	chr9:104738001-109702000	SBS1	1	1	0	1	0	0	0	0	0	0	0
3018	chr9:104738001-109702000	SBS13	1	1	0	1	0	0	0	0	0	0	0
3019	chr9:104738001-109702000	SBS3	1	1	0	8	0	0	0	0	0	0	0
3020	chr9:104738001-109702000	SBS5	1	1	0	1	0	0	0	0	0	0	0
3021	chr9:104738001-109702000	SBS8	1	1	0	1	0	0	0	0	0	0	0
3022	chr9:109702001-109977525	SBS3	1	1	0	1	0	0	0	0	0	0	0
3023	chr9:110007493-110263000	SBS3	1	0	0	1	0	0	0	0	0	0	0
3024	chr9:110263001-112969000	SBS3	1	1	0	11	0	0	0	0	0	0	0
3025	chr9:110263001-112969000	SBS8	1	1	0	2	0	0	0	0	0	0	0
3026	chr9:113108501-115235000	SBS13	1	1	0	2	0	0	0	0	0	0	0
3027	chr9:113108501-115235000	SBS3	1	1	0	6	0	0	0	0	0	0	0
3028	chr9:113108501-115235000	SBS5	1	1	0	2	0	0	0	0	0	0	0
3029	chr9:113108501-115235000	SBS8	1	1	0	1	0	0	0	0	0	0	0
3030	chr9:115235001-120330000	SBS1	1	1	0	3	0	0	0	0	0	0	0
3031	chr9:115235001-120330000	SBS100	1	1	0	1	0	0	0	0	0	0	0
3032	chr9:115235001-120330000	SBS13	1	1	0	1	0	0	0	0	0	0	0
3033	chr9:115235001-120330000	SBS3	1	1	0	11	0	0	0	0	0	0	0
3034	chr9:115235001-120330000	SBS5	1	1	0	1	0	0	0	0	0	0	0
3035	chr9:115235001-120330000	SBS8	1	1	0	4	0	0	0	0	0	0	0
3036	chr9:120330001-121171000	SBS3	1	1	0	1	0	0	0	0	0	0	0
3037	chr9:121171001-121374000	SBS8	1	0	0	1	0	0	0	0	0	0	0
3038	chr9:121374001-122476000	SBS100	1	1	0	1	0	0	0	0	0	0	0
3039	chr9:121374001-122476000	SBS3	1	1	0	1	0	0	0	0	0	0	0
3040	chr9:121374001-122476000	SBS5	1	1	0	1	0	0	0	0	0	0	0
3041	chr9:122808001-124585857	SBS3	1	1	0	5	0	0	0	0	0	0	0
3042	chr9:122808001-124585857	SBS5	1	1	0	2	0	0	0	0	0	0	0
3043	chr9:122808001-124585857	SBS8	1	1	0	1	0	0	0	0	0	0	0
3044	chr9:124585891-125973000	SBS3	1	1	0	1	0	0	0	0	0	0	0
3045	chr9:125973001-126300000	SBS3	1	1	0	1	0	0	0	0	0	0	0
3046	chr9:126300001-131487116	SBS3	1	1	0	14	0	0	0	0	0	0	0
3047	chr9:126300001-131487116	SBS5	1	1	0	2	0	0	0	0	0	0	0
3048	chr9:126300001-131487116	SBS8	1	1	0	2	0	0	0	0	0	0	0
3049	chr9:131487150-134574000	SBS1	1	1	0	1	0	0	0	0	0	0	0
3050	chr9:131487150-134574000	SBS100	1	1	0	1	0	0	0	0	0	0	0
3051	chr9:131487150-134574000	SBS13	1	1	0	1	0	0	0	0	0	0	0
3052	chr9:131487150-134574000	SBS3	1	1	0	8	0	0	0	0	0	0	0
3053	chr9:131487150-134574000	SBS5	1	1	0	1	0	0	0	0	0	0	0
3054	chr9:134574001-135148027	SBS3	1	1	0	1	0	0	0	0	0	0	0
3055	chr9:134574001-135148027	SBS5	1	1	0	1	0	0	0	0	0	0	0
3056	chr9:135148051-135847000	SBS3	2	1	0	1	0	0	0	0	0	0	0
3057	chr9:135148051-135847000	SBS8	2	1	1	0	0	0	0	0	0	0	0
3058	chr9:135847001-137779000	SBS1	1	1	0	1	0	0	0	0	0	0	0
3059	chr9:135847001-137779000	SBS100	1	1	0	1	0	0	0	0	0	0	0
3060	chr9:135847001-137779000	SBS3	1	1	0	3	0	0	0	0	0	0	0
3061	chr9:135847001-137779000	SBS8	1	1	0	1	0	0	0	0	0	0	0
3062	chr9:137779001-138394717	SBS3	2	1	3	2	0	0	0	0	0	0	0
3063	chr9:137779001-138394717	SBS5	2	1	0	1	0	0	0	0	0	0	0
3064	chr9:14374001-16087654	SBS3	3	2	2	2	1	0	0	0	0	0	0
3065	chr9:14374001-16087654	SBS5	3	2	1	1	0	0	0	0	0	0	0
3066	chr9:16087655-16229282	SBS13	2	2	1	0	0	0	0	0	0	0	0
3067	chr9:16229283-17737222	SBS3	3	2	0	3	0	0	0	0	0	0	0
3068	chr9:17737223-22248000	SBS1	2	0	0	1	0	0	0	0	0	0	0
3069	chr9:17737223-22248000	SBS100	2	0	0	1	0	0	0	0	0	0	0
3070	chr9:17737223-22248000	SBS3	2	0	3	1	0	0	0	0	0	0	0
3071	chr9:17737223-22248000	SBS5	2	0	1	1	0	0	0	0	0	0	0
3072	chr9:17737223-22248000	SBS8	2	0	0	1	0	0	0	0	0	0	0
3073	chr9:22248001-23485000	SBS1	2	0	1	0	0	0	0	0	0	0	0
3074	chr9:22248001-23485000	SBS3	2	0	0	1	0	0	0	0	0	0	0
3075	chr9:23485001-23859000	SBS3	2	0	0	1	0	0	0	0	0	0	0
3076	chr9:23485001-23859000	SBS8	2	0	0	2	0	0	0	0	0	0	0
3077	chr9:23859001-26854000	SBS1	2	0	0	1	0	0	0	0	0	0	0
3078	chr9:23859001-26854000	SBS13	2	0	0	1	0	0	0	0	0	0	0
3079	chr9:23859001-26854000	SBS3	2	0	0	4	0	0	0	0	0	0	0
3080	chr9:23859001-26854000	SBS5	2	0	0	1	0	0	0	0	0	0	0
3081	chr9:23859001-26854000	SBS8	2	0	0	1	0	0	0	0	0	0	0
3082	chr9:26854001-27730000	SBS100	2	0	0	1	0	0	0	0	0	0	0
3083	chr9:27730001-32332000	SBS100	2	0	0	1	0	0	0	0	0	0	0
3084	chr9:27730001-32332000	SBS13	2	0	0	1	0	0	0	0	0	0	0
3085	chr9:27730001-32332000	SBS3	2	0	0	7	0	0	0	0	0	0	0
3086	chr9:27730001-32332000	SBS8	2	0	0	5	0	0	0	0	0	0	0
3087	chr9:32590001-32965000	SBS13	2	0	0	1	0	0	0	0	0	0	0
3088	chr9:32590001-32965000	SBS3	2	0	0	1	0	0	0	0	0	0	0
3089	chr9:32965001-44377362	SBS1	2	0	0	3	0	0	0	0	0	0	0
3090	chr9:32965001-44377362	SBS100	2	0	0	1	0	0	0	0	0	0	0
3091	chr9:32965001-44377362	SBS3	2	0	2	25	0	0	0	0	0	0	0
3092	chr9:32965001-44377362	SBS5	2	0	0	4	0	0	0	0	0	0	0
3093	chr9:32965001-44377362	SBS8	2	0	0	2	0	0	0	0	0	0	0
3094	chr9:44377363-76441000	SBS1	2	2	2	1	0	0	0	0	0	0	0
3095	chr9:44377363-76441000	SBS100	2	2	1	1	0	0	0	0	0	0	0
3096	chr9:44377363-76441000	SBS13	2	2	2	2	0	0	0	0	0	0	0
3097	chr9:44377363-76441000	SBS3	2	2	18	30	0	0	0	0	0	0	0
3098	chr9:44377363-76441000	SBS5	2	2	2	5	0	0	0	0	0	0	0
3099	chr9:44377363-76441000	SBS8	2	2	7	1	0	0	0	0	0	0	0
3100	chr9:76441001-76665000	SBS5	2	1	0	1	0	0	0	0	0	0	0
3101	chr9:76665001-77438000	SBS1	2	2	1	0	0	0	0	0	0	0	0
3102	chr9:76665001-77438000	SBS3	2	2	1	0	0	0	0	0	0	0	0
3103	chr9:77438001-77705000	SBS8	2	1	0	1	0	0	0	0	0	0	0
3104	chr9:77705001-78302000	SBS100	2	1	0	1	0	0	0	0	0	0	0
3105	chr9:77705001-78302000	SBS3	2	1	1	2	0	0	0	0	0	0	0
3106	chr9:78302001-79551072	SBS3	2	1	2	7	0	0	0	0	0	0	0
3107	chr9:78302001-79551072	SBS8	2	1	0	3	0	0	0	0	0	0	0
3108	chr9:79636001-81746667	SBS13	1	1	0	1	0	0	0	0	0	0	0
3109	chr9:79636001-81746667	SBS3	1	1	0	6	0	0	0	0	0	0	0
3110	chr9:81762914-92210342	SBS1	1	1	0	2	0	0	0	0	0	0	0
3111	chr9:81762914-92210342	SBS100	1	1	0	2	0	0	0	0	0	0	0
3112	chr9:81762914-92210342	SBS13	1	1	0	2	0	0	0	0	0	0	0
3113	chr9:81762914-92210342	SBS3	1	1	0	20	0	0	0	0	0	0	0
3114	chr9:81762914-92210342	SBS5	1	1	0	1	0	0	0	0	0	0	0
3115	chr9:81762914-92210342	SBS8	1	1	0	5	0	0	0	0	0	0	0
3116	chr9:92298579-92307000	SBS3	1	0	0	1	0	0	0	0	0	0	0
3117	chr9:92458312-93604000	SBS3	1	1	0	5	0	0	0	0	0	0	0
3118	chr9:92458312-93604000	SBS5	1	1	0	3	0	0	0	0	0	0	0
3119	chr9:92458312-93604000	SBS8	1	1	0	1	0	0	0	0	0	0	0
3120	chr9:93999001-100607000	SBS1	1	1	0	2	0	0	0	0	0	0	0
3121	chr9:93999001-100607000	SBS13	1	1	0	5	0	0	0	0	0	0	0
3122	chr9:93999001-100607000	SBS3	1	1	0	21	0	0	0	0	0	0	0
3123	chr9:93999001-100607000	SBS5	1	1	0	3	0	0	0	0	0	0	0
3124	chr9:93999001-100607000	SBS8	1	1	0	1	0	0	0	0	0	0	0
