sample	snv	cnv
0009b464-b376-4fbc-8a56-da538269a02f	/n/data1/hms/dbmi/park/DATA/ICGC/PCAWG_Final_Datasets_DCC/consensus_snv_indel/merged_snv_mnv/0009b464-b376-4fbc-8a56-da538269a02f.consensus.20160830.somatic.snv_mnv.vcf.gz	/n/data1/hms/dbmi/park/DATA/ICGC/PCAWG_Final_Datasets_DCC/consensus_cnv/segmented_cn/0009b464-b376-4fbc-8a56-da538269a02f.consensus.20170119.somatic.cna.txt
003819bc-c415-4e76-887c-931d60ed39e7	/n/data1/hms/dbmi/park/DATA/ICGC/PCAWG_Final_Datasets_DCC/consensus_snv_indel/merged_snv_mnv/003819bc-c415-4e76-887c-931d60ed39e7.consensus.20160830.somatic.snv_mnv.vcf.gz	/n/data1/hms/dbmi/park/DATA/ICGC/PCAWG_Final_Datasets_DCC/consensus_cnv/segmented_cn/003819bc-c415-4e76-887c-931d60ed39e7.consensus.20170119.somatic.cna.txt
0040b1b6-b07a-4b6e-90ef-133523eaf412	/n/data1/hms/dbmi/park/DATA/ICGC/PCAWG_Final_Datasets_DCC/consensus_snv_indel/merged_snv_mnv/0040b1b6-b07a-4b6e-90ef-133523eaf412.consensus.20160830.somatic.snv_mnv.vcf.gz	/n/data1/hms/dbmi/park/DATA/ICGC/PCAWG_Final_Datasets_DCC/consensus_cnv/segmented_cn/0040b1b6-b07a-4b6e-90ef-133523eaf412.consensus.20170119.somatic.cna.txt
00493087-9d9d-40ca-86d5-936f1b951c93	/n/data1/hms/dbmi/park/DATA/ICGC/PCAWG_Final_Datasets_DCC/consensus_snv_indel/merged_snv_mnv/00493087-9d9d-40ca-86d5-936f1b951c93.consensus.20160830.somatic.snv_mnv.vcf.gz	/n/data1/hms/dbmi/park/DATA/ICGC/PCAWG_Final_Datasets_DCC/consensus_cnv/segmented_cn/00493087-9d9d-40ca-86d5-936f1b951c93.consensus.20170119.somatic.cna.txt
00508f2b-36bf-44fc-b66b-97e1f3e40bfa	/n/data1/hms/dbmi/park/DATA/ICGC/PCAWG_Final_Datasets_DCC/consensus_snv_indel/merged_snv_mnv/00508f2b-36bf-44fc-b66b-97e1f3e40bfa.consensus.20160830.somatic.snv_mnv.vcf.gz	/n/data1/hms/dbmi/park/DATA/ICGC/PCAWG_Final_Datasets_DCC/consensus_cnv/segmented_cn/00508f2b-36bf-44fc-b66b-97e1f3e40bfa.consensus.20170119.somatic.cna.txt
005794f1-5a87-45b5-9811-83ddf6924568	/n/data1/hms/dbmi/park/DATA/ICGC/PCAWG_Final_Datasets_DCC/consensus_snv_indel/merged_snv_mnv/005794f1-5a87-45b5-9811-83ddf6924568.consensus.20160830.somatic.snv_mnv.vcf.gz	/n/data1/hms/dbmi/park/DATA/ICGC/PCAWG_Final_Datasets_DCC/consensus_cnv/segmented_cn/005794f1-5a87-45b5-9811-83ddf6924568.consensus.20170119.somatic.cna.txt
005e85a3-3571-462d-8dc9-2babfc7ace21	/n/data1/hms/dbmi/park/DATA/ICGC/PCAWG_Final_Datasets_DCC/consensus_snv_indel/merged_snv_mnv/005e85a3-3571-462d-8dc9-2babfc7ace21.consensus.20160830.somatic.snv_mnv.vcf.gz	/n/data1/hms/dbmi/park/DATA/ICGC/PCAWG_Final_Datasets_DCC/consensus_cnv/segmented_cn/005e85a3-3571-462d-8dc9-2babfc7ace21.consensus.20170119.somatic.cna.txt
007aab66-2f07-459d-8952-3041d6ea24a8	/n/data1/hms/dbmi/park/DATA/ICGC/PCAWG_Final_Datasets_DCC/consensus_snv_indel/merged_snv_mnv/007aab66-2f07-459d-8952-3041d6ea24a8.consensus.20160830.somatic.snv_mnv.vcf.gz	/n/data1/hms/dbmi/park/DATA/ICGC/PCAWG_Final_Datasets_DCC/consensus_cnv/segmented_cn/007aab66-2f07-459d-8952-3041d6ea24a8.consensus.20170119.somatic.cna.txt
008aef39-0c97-48ce-9dfd-f12d67116c59	/n/data1/hms/dbmi/park/DATA/ICGC/PCAWG_Final_Datasets_DCC/consensus_snv_indel/merged_snv_mnv/008aef39-0c97-48ce-9dfd-f12d67116c59.consensus.20160830.somatic.snv_mnv.vcf.gz	/n/data1/hms/dbmi/park/DATA/ICGC/PCAWG_Final_Datasets_DCC/consensus_cnv/segmented_cn/008aef39-0c97-48ce-9dfd-f12d67116c59.consensus.20170119.somatic.cna.txt
008bad10-d41b-4bbb-86fa-9976ecea46b1	/n/data1/hms/dbmi/park/DATA/ICGC/PCAWG_Final_Datasets_DCC/consensus_snv_indel/merged_snv_mnv/008bad10-d41b-4bbb-86fa-9976ecea46b1.consensus.20160830.somatic.snv_mnv.vcf.gz	/n/data1/hms/dbmi/park/DATA/ICGC/PCAWG_Final_Datasets_DCC/consensus_cnv/segmented_cn/008bad10-d41b-4bbb-86fa-9976ecea46b1.consensus.20170119.somatic.cna.txt
00aa769d-622c-433e-8a8a-63fb5c41ea42	/n/data1/hms/dbmi/park/DATA/ICGC/PCAWG_Final_Datasets_DCC/consensus_snv_indel/merged_snv_mnv/00aa769d-622c-433e-8a8a-63fb5c41ea42.consensus.20160830.somatic.snv_mnv.vcf.gz	/n/data1/hms/dbmi/park/DATA/ICGC/PCAWG_Final_Datasets_DCC/consensus_cnv/segmented_cn/00aa769d-622c-433e-8a8a-63fb5c41ea42.consensus.20170119.somatic.cna.txt
00b9d0e6-69dc-4345-bffd-ce32880c8eef	/n/data1/hms/dbmi/park/DATA/ICGC/PCAWG_Final_Datasets_DCC/consensus_snv_indel/merged_snv_mnv/00b9d0e6-69dc-4345-bffd-ce32880c8eef.consensus.20160830.somatic.snv_mnv.vcf.gz	/n/data1/hms/dbmi/park/DATA/ICGC/PCAWG_Final_Datasets_DCC/consensus_cnv/segmented_cn/00b9d0e6-69dc-4345-bffd-ce32880c8eef.consensus.20170119.somatic.cna.txt
00bf0350-8c7c-4b9e-8143-13ea2dc1122f	/n/data1/hms/dbmi/park/DATA/ICGC/PCAWG_Final_Datasets_DCC/consensus_snv_indel/merged_snv_mnv/00bf0350-8c7c-4b9e-8143-13ea2dc1122f.consensus.20160830.somatic.snv_mnv.vcf.gz	/n/data1/hms/dbmi/park/DATA/ICGC/PCAWG_Final_Datasets_DCC/consensus_cnv/segmented_cn/00bf0350-8c7c-4b9e-8143-13ea2dc1122f.consensus.20170119.somatic.cna.txt
00c27940-c623-11e3-bf01-24c6515278c0	/n/data1/hms/dbmi/park/DATA/ICGC/PCAWG_Final_Datasets_DCC/consensus_snv_indel/merged_snv_mnv/00c27940-c623-11e3-bf01-24c6515278c0.consensus.20160830.somatic.snv_mnv.vcf.gz	/n/data1/hms/dbmi/park/DATA/ICGC/PCAWG_Final_Datasets_DCC/consensus_cnv/segmented_cn/00c27940-c623-11e3-bf01-24c6515278c0.consensus.20170119.somatic.cna.txt
00db1b95-8ca3-4cc4-bb46-6b8c8019a7c7	/n/data1/hms/dbmi/park/DATA/ICGC/PCAWG_Final_Datasets_DCC/consensus_snv_indel/merged_snv_mnv/00db1b95-8ca3-4cc4-bb46-6b8c8019a7c7.consensus.20160830.somatic.snv_mnv.vcf.gz	/n/data1/hms/dbmi/park/DATA/ICGC/PCAWG_Final_Datasets_DCC/consensus_cnv/segmented_cn/00db1b95-8ca3-4cc4-bb46-6b8c8019a7c7.consensus.20170119.somatic.cna.txt
00db4dc2-3ec7-4ff9-9233-d69c8c8a607f	/n/data1/hms/dbmi/park/DATA/ICGC/PCAWG_Final_Datasets_DCC/consensus_snv_indel/merged_snv_mnv/00db4dc2-3ec7-4ff9-9233-d69c8c8a607f.consensus.20160830.somatic.snv_mnv.vcf.gz	/n/data1/hms/dbmi/park/DATA/ICGC/PCAWG_Final_Datasets_DCC/consensus_cnv/segmented_cn/00db4dc2-3ec7-4ff9-9233-d69c8c8a607f.consensus.20170119.somatic.cna.txt
01658141-8398-4585-9f0f-8355dd9b0604	/n/data1/hms/dbmi/park/DATA/ICGC/PCAWG_Final_Datasets_DCC/consensus_snv_indel/merged_snv_mnv/01658141-8398-4585-9f0f-8355dd9b0604.consensus.20160830.somatic.snv_mnv.vcf.gz	/n/data1/hms/dbmi/park/DATA/ICGC/PCAWG_Final_Datasets_DCC/consensus_cnv/segmented_cn/01658141-8398-4585-9f0f-8355dd9b0604.consensus.20170119.somatic.cna.txt
0168a2a6-c3af-4d58-a51c-d33f0fc7876d	/n/data1/hms/dbmi/park/DATA/ICGC/PCAWG_Final_Datasets_DCC/consensus_snv_indel/merged_snv_mnv/0168a2a6-c3af-4d58-a51c-d33f0fc7876d.consensus.20160830.somatic.snv_mnv.vcf.gz	/n/data1/hms/dbmi/park/DATA/ICGC/PCAWG_Final_Datasets_DCC/consensus_cnv/segmented_cn/0168a2a6-c3af-4d58-a51c-d33f0fc7876d.consensus.20170119.somatic.cna.txt
0176cf1d-0760-4769-a493-277f4bb7585e	/n/data1/hms/dbmi/park/DATA/ICGC/PCAWG_Final_Datasets_DCC/consensus_snv_indel/merged_snv_mnv/0176cf1d-0760-4769-a493-277f4bb7585e.consensus.20160830.somatic.snv_mnv.vcf.gz	/n/data1/hms/dbmi/park/DATA/ICGC/PCAWG_Final_Datasets_DCC/consensus_cnv/segmented_cn/0176cf1d-0760-4769-a493-277f4bb7585e.consensus.20170119.somatic.cna.txt
0192d529-7340-45d8-a5f0-249cbb11ca19	/n/data1/hms/dbmi/park/DATA/ICGC/PCAWG_Final_Datasets_DCC/consensus_snv_indel/merged_snv_mnv/0192d529-7340-45d8-a5f0-249cbb11ca19.consensus.20160830.somatic.snv_mnv.vcf.gz	/n/data1/hms/dbmi/park/DATA/ICGC/PCAWG_Final_Datasets_DCC/consensus_cnv/segmented_cn/0192d529-7340-45d8-a5f0-249cbb11ca19.consensus.20170119.somatic.cna.txt
01b0848c-ae36-4ade-a3da-d297b003c99f	/n/data1/hms/dbmi/park/DATA/ICGC/PCAWG_Final_Datasets_DCC/consensus_snv_indel/merged_snv_mnv/01b0848c-ae36-4ade-a3da-d297b003c99f.consensus.20160830.somatic.snv_mnv.vcf.gz	/n/data1/hms/dbmi/park/DATA/ICGC/PCAWG_Final_Datasets_DCC/consensus_cnv/segmented_cn/01b0848c-ae36-4ade-a3da-d297b003c99f.consensus.20170119.somatic.cna.txt
01c8e465-2b4e-4519-bdef-c3ac06b43eeb	/n/data1/hms/dbmi/park/DATA/ICGC/PCAWG_Final_Datasets_DCC/consensus_snv_indel/merged_snv_mnv/01c8e465-2b4e-4519-bdef-c3ac06b43eeb.consensus.20160830.somatic.snv_mnv.vcf.gz	/n/data1/hms/dbmi/park/DATA/ICGC/PCAWG_Final_Datasets_DCC/consensus_cnv/segmented_cn/01c8e465-2b4e-4519-bdef-c3ac06b43eeb.consensus.20170119.somatic.cna.txt
01dc6872-c623-11e3-bf01-24c6515278c0	/n/data1/hms/dbmi/park/DATA/ICGC/PCAWG_Final_Datasets_DCC/consensus_snv_indel/merged_snv_mnv/01dc6872-c623-11e3-bf01-24c6515278c0.consensus.20160830.somatic.snv_mnv.vcf.gz	/n/data1/hms/dbmi/park/DATA/ICGC/PCAWG_Final_Datasets_DCC/consensus_cnv/segmented_cn/01dc6872-c623-11e3-bf01-24c6515278c0.consensus.20170119.somatic.cna.txt
01df36af-3617-40fc-9892-f54ce433cf71	/n/data1/hms/dbmi/park/DATA/ICGC/PCAWG_Final_Datasets_DCC/consensus_snv_indel/merged_snv_mnv/01df36af-3617-40fc-9892-f54ce433cf71.consensus.20160830.somatic.snv_mnv.vcf.gz	/n/data1/hms/dbmi/park/DATA/ICGC/PCAWG_Final_Datasets_DCC/consensus_cnv/segmented_cn/01df36af-3617-40fc-9892-f54ce433cf71.consensus.20170119.somatic.cna.txt
02078f77-2b35-4fa3-ab02-2c017181295e	/n/data1/hms/dbmi/park/DATA/ICGC/PCAWG_Final_Datasets_DCC/consensus_snv_indel/merged_snv_mnv/02078f77-2b35-4fa3-ab02-2c017181295e.consensus.20160830.somatic.snv_mnv.vcf.gz	/n/data1/hms/dbmi/park/DATA/ICGC/PCAWG_Final_Datasets_DCC/consensus_cnv/segmented_cn/02078f77-2b35-4fa3-ab02-2c017181295e.consensus.20170119.somatic.cna.txt
020fab36-c7de-4933-b2bf-dc7b019a1326	/n/data1/hms/dbmi/park/DATA/ICGC/PCAWG_Final_Datasets_DCC/consensus_snv_indel/merged_snv_mnv/020fab36-c7de-4933-b2bf-dc7b019a1326.consensus.20160830.somatic.snv_mnv.vcf.gz	/n/data1/hms/dbmi/park/DATA/ICGC/PCAWG_Final_Datasets_DCC/consensus_cnv/segmented_cn/020fab36-c7de-4933-b2bf-dc7b019a1326.consensus.20170119.somatic.cna.txt
0250e6f7-2538-4d1f-a8ff-ca34a7057dde	/n/data1/hms/dbmi/park/DATA/ICGC/PCAWG_Final_Datasets_DCC/consensus_snv_indel/merged_snv_mnv/0250e6f7-2538-4d1f-a8ff-ca34a7057dde.consensus.20160830.somatic.snv_mnv.vcf.gz	/n/data1/hms/dbmi/park/DATA/ICGC/PCAWG_Final_Datasets_DCC/consensus_cnv/segmented_cn/0250e6f7-2538-4d1f-a8ff-ca34a7057dde.consensus.20170119.somatic.cna.txt
02706819-bcab-4c49-a569-a4a8c60db1c0	/n/data1/hms/dbmi/park/DATA/ICGC/PCAWG_Final_Datasets_DCC/consensus_snv_indel/merged_snv_mnv/02706819-bcab-4c49-a569-a4a8c60db1c0.consensus.20160830.somatic.snv_mnv.vcf.gz	/n/data1/hms/dbmi/park/DATA/ICGC/PCAWG_Final_Datasets_DCC/consensus_cnv/segmented_cn/02706819-bcab-4c49-a569-a4a8c60db1c0.consensus.20170119.somatic.cna.txt
02917220-6a7a-46a1-8656-907e96bef88e	/n/data1/hms/dbmi/park/DATA/ICGC/PCAWG_Final_Datasets_DCC/consensus_snv_indel/merged_snv_mnv/02917220-6a7a-46a1-8656-907e96bef88e.consensus.20160830.somatic.snv_mnv.vcf.gz	/n/data1/hms/dbmi/park/DATA/ICGC/PCAWG_Final_Datasets_DCC/consensus_cnv/segmented_cn/02917220-6a7a-46a1-8656-907e96bef88e.consensus.20170119.somatic.cna.txt
0292a46f-a282-4b7f-a7d6-ac55cc7324fb	/n/data1/hms/dbmi/park/DATA/ICGC/PCAWG_Final_Datasets_DCC/consensus_snv_indel/merged_snv_mnv/0292a46f-a282-4b7f-a7d6-ac55cc7324fb.consensus.20160830.somatic.snv_mnv.vcf.gz	/n/data1/hms/dbmi/park/DATA/ICGC/PCAWG_Final_Datasets_DCC/consensus_cnv/segmented_cn/0292a46f-a282-4b7f-a7d6-ac55cc7324fb.consensus.20170119.somatic.cna.txt
02c6a893-49c5-49d1-8eb1-195021e70d52	/n/data1/hms/dbmi/park/DATA/ICGC/PCAWG_Final_Datasets_DCC/consensus_snv_indel/merged_snv_mnv/02c6a893-49c5-49d1-8eb1-195021e70d52.consensus.20160830.somatic.snv_mnv.vcf.gz	/n/data1/hms/dbmi/park/DATA/ICGC/PCAWG_Final_Datasets_DCC/consensus_cnv/segmented_cn/02c6a893-49c5-49d1-8eb1-195021e70d52.consensus.20170119.somatic.cna.txt
02c97e2b-914e-4afc-bf50-78f0cfbfa67b	/n/data1/hms/dbmi/park/DATA/ICGC/PCAWG_Final_Datasets_DCC/consensus_snv_indel/merged_snv_mnv/02c97e2b-914e-4afc-bf50-78f0cfbfa67b.consensus.20160830.somatic.snv_mnv.vcf.gz	/n/data1/hms/dbmi/park/DATA/ICGC/PCAWG_Final_Datasets_DCC/consensus_cnv/segmented_cn/02c97e2b-914e-4afc-bf50-78f0cfbfa67b.consensus.20170119.somatic.cna.txt
02e5c36f-5bec-45e2-a048-875653b85ca1	/n/data1/hms/dbmi/park/DATA/ICGC/PCAWG_Final_Datasets_DCC/consensus_snv_indel/merged_snv_mnv/02e5c36f-5bec-45e2-a048-875653b85ca1.consensus.20160830.somatic.snv_mnv.vcf.gz	/n/data1/hms/dbmi/park/DATA/ICGC/PCAWG_Final_Datasets_DCC/consensus_cnv/segmented_cn/02e5c36f-5bec-45e2-a048-875653b85ca1.consensus.20170119.somatic.cna.txt
030695f6-c623-11e3-bf01-24c6515278c0	/n/data1/hms/dbmi/park/DATA/ICGC/PCAWG_Final_Datasets_DCC/consensus_snv_indel/merged_snv_mnv/030695f6-c623-11e3-bf01-24c6515278c0.consensus.20160830.somatic.snv_mnv.vcf.gz	/n/data1/hms/dbmi/park/DATA/ICGC/PCAWG_Final_Datasets_DCC/consensus_cnv/segmented_cn/030695f6-c623-11e3-bf01-24c6515278c0.consensus.20170119.somatic.cna.txt
031962d6-fc7d-4c6c-9d47-ffa45997b249	/n/data1/hms/dbmi/park/DATA/ICGC/PCAWG_Final_Datasets_DCC/consensus_snv_indel/merged_snv_mnv/031962d6-fc7d-4c6c-9d47-ffa45997b249.consensus.20160830.somatic.snv_mnv.vcf.gz	/n/data1/hms/dbmi/park/DATA/ICGC/PCAWG_Final_Datasets_DCC/consensus_cnv/segmented_cn/031962d6-fc7d-4c6c-9d47-ffa45997b249.consensus.20170119.somatic.cna.txt
0332b017-17d5-4083-8fc4-9d6f8fdbbbde	/n/data1/hms/dbmi/park/DATA/ICGC/PCAWG_Final_Datasets_DCC/consensus_snv_indel/merged_snv_mnv/0332b017-17d5-4083-8fc4-9d6f8fdbbbde.consensus.20160830.somatic.snv_mnv.vcf.gz	/n/data1/hms/dbmi/park/DATA/ICGC/PCAWG_Final_Datasets_DCC/consensus_cnv/segmented_cn/0332b017-17d5-4083-8fc4-9d6f8fdbbbde.consensus.20170119.somatic.cna.txt
0363fe2c-d765-450e-8b1a-d13a23d9af2a	/n/data1/hms/dbmi/park/DATA/ICGC/PCAWG_Final_Datasets_DCC/consensus_snv_indel/merged_snv_mnv/0363fe2c-d765-450e-8b1a-d13a23d9af2a.consensus.20160830.somatic.snv_mnv.vcf.gz	/n/data1/hms/dbmi/park/DATA/ICGC/PCAWG_Final_Datasets_DCC/consensus_cnv/segmented_cn/0363fe2c-d765-450e-8b1a-d13a23d9af2a.consensus.20170119.somatic.cna.txt
0385961e-ea99-40b2-ad79-6872bc30d8a1	/n/data1/hms/dbmi/park/DATA/ICGC/PCAWG_Final_Datasets_DCC/consensus_snv_indel/merged_snv_mnv/0385961e-ea99-40b2-ad79-6872bc30d8a1.consensus.20160830.somatic.snv_mnv.vcf.gz	/n/data1/hms/dbmi/park/DATA/ICGC/PCAWG_Final_Datasets_DCC/consensus_cnv/segmented_cn/0385961e-ea99-40b2-ad79-6872bc30d8a1.consensus.20170119.somatic.cna.txt
03ad38a6-0902-4aaa-84a3-91ea88fa9883	/n/data1/hms/dbmi/park/DATA/ICGC/PCAWG_Final_Datasets_DCC/consensus_snv_indel/merged_snv_mnv/03ad38a6-0902-4aaa-84a3-91ea88fa9883.consensus.20160830.somatic.snv_mnv.vcf.gz	/n/data1/hms/dbmi/park/DATA/ICGC/PCAWG_Final_Datasets_DCC/consensus_cnv/segmented_cn/03ad38a6-0902-4aaa-84a3-91ea88fa9883.consensus.20170119.somatic.cna.txt
03b5268e-881e-49e7-824f-170c3fc8b11b	/n/data1/hms/dbmi/park/DATA/ICGC/PCAWG_Final_Datasets_DCC/consensus_snv_indel/merged_snv_mnv/03b5268e-881e-49e7-824f-170c3fc8b11b.consensus.20160830.somatic.snv_mnv.vcf.gz	/n/data1/hms/dbmi/park/DATA/ICGC/PCAWG_Final_Datasets_DCC/consensus_cnv/segmented_cn/03b5268e-881e-49e7-824f-170c3fc8b11b.consensus.20170119.somatic.cna.txt
03c3c692-8a86-4843-85ae-e045f0fa6f88	/n/data1/hms/dbmi/park/DATA/ICGC/PCAWG_Final_Datasets_DCC/consensus_snv_indel/merged_snv_mnv/03c3c692-8a86-4843-85ae-e045f0fa6f88.consensus.20160830.somatic.snv_mnv.vcf.gz	/n/data1/hms/dbmi/park/DATA/ICGC/PCAWG_Final_Datasets_DCC/consensus_cnv/segmented_cn/03c3c692-8a86-4843-85ae-e045f0fa6f88.consensus.20170119.somatic.cna.txt
03c88506-d72e-4a44-a34e-a7f0564f1799	/n/data1/hms/dbmi/park/DATA/ICGC/PCAWG_Final_Datasets_DCC/consensus_snv_indel/merged_snv_mnv/03c88506-d72e-4a44-a34e-a7f0564f1799.consensus.20160830.somatic.snv_mnv.vcf.gz	/n/data1/hms/dbmi/park/DATA/ICGC/PCAWG_Final_Datasets_DCC/consensus_cnv/segmented_cn/03c88506-d72e-4a44-a34e-a7f0564f1799.consensus.20170119.somatic.cna.txt
03ced0ce-186a-4349-8d98-572c2bc90382	/n/data1/hms/dbmi/park/DATA/ICGC/PCAWG_Final_Datasets_DCC/consensus_snv_indel/merged_snv_mnv/03ced0ce-186a-4349-8d98-572c2bc90382.consensus.20160830.somatic.snv_mnv.vcf.gz	/n/data1/hms/dbmi/park/DATA/ICGC/PCAWG_Final_Datasets_DCC/consensus_cnv/segmented_cn/03ced0ce-186a-4349-8d98-572c2bc90382.consensus.20170119.somatic.cna.txt
03cff38d-7e29-4409-a508-749bddb1b3df	/n/data1/hms/dbmi/park/DATA/ICGC/PCAWG_Final_Datasets_DCC/consensus_snv_indel/merged_snv_mnv/03cff38d-7e29-4409-a508-749bddb1b3df.consensus.20160830.somatic.snv_mnv.vcf.gz	/n/data1/hms/dbmi/park/DATA/ICGC/PCAWG_Final_Datasets_DCC/consensus_cnv/segmented_cn/03cff38d-7e29-4409-a508-749bddb1b3df.consensus.20170119.somatic.cna.txt
041e3b42-c623-11e3-bf01-24c6515278c0	/n/data1/hms/dbmi/park/DATA/ICGC/PCAWG_Final_Datasets_DCC/consensus_snv_indel/merged_snv_mnv/041e3b42-c623-11e3-bf01-24c6515278c0.consensus.20160830.somatic.snv_mnv.vcf.gz	/n/data1/hms/dbmi/park/DATA/ICGC/PCAWG_Final_Datasets_DCC/consensus_cnv/segmented_cn/041e3b42-c623-11e3-bf01-24c6515278c0.consensus.20170119.somatic.cna.txt
04339769-517c-448d-a7ca-951f83608c60	/n/data1/hms/dbmi/park/DATA/ICGC/PCAWG_Final_Datasets_DCC/consensus_snv_indel/merged_snv_mnv/04339769-517c-448d-a7ca-951f83608c60.consensus.20160830.somatic.snv_mnv.vcf.gz	/n/data1/hms/dbmi/park/DATA/ICGC/PCAWG_Final_Datasets_DCC/consensus_cnv/segmented_cn/04339769-517c-448d-a7ca-951f83608c60.consensus.20170119.somatic.cna.txt
0448206f-3ade-4087-b1a9-4fb2d14e1367	/n/data1/hms/dbmi/park/DATA/ICGC/PCAWG_Final_Datasets_DCC/consensus_snv_indel/merged_snv_mnv/0448206f-3ade-4087-b1a9-4fb2d14e1367.consensus.20160830.somatic.snv_mnv.vcf.gz	/n/data1/hms/dbmi/park/DATA/ICGC/PCAWG_Final_Datasets_DCC/consensus_cnv/segmented_cn/0448206f-3ade-4087-b1a9-4fb2d14e1367.consensus.20170119.somatic.cna.txt
046d7386-95c8-4501-9e55-c85bec272a7a	/n/data1/hms/dbmi/park/DATA/ICGC/PCAWG_Final_Datasets_DCC/consensus_snv_indel/merged_snv_mnv/046d7386-95c8-4501-9e55-c85bec272a7a.consensus.20160830.somatic.snv_mnv.vcf.gz	/n/data1/hms/dbmi/park/DATA/ICGC/PCAWG_Final_Datasets_DCC/consensus_cnv/segmented_cn/046d7386-95c8-4501-9e55-c85bec272a7a.consensus.20170119.somatic.cna.txt
047f9e4d-86b5-4943-aef5-68199bf29e8c	/n/data1/hms/dbmi/park/DATA/ICGC/PCAWG_Final_Datasets_DCC/consensus_snv_indel/merged_snv_mnv/047f9e4d-86b5-4943-aef5-68199bf29e8c.consensus.20160830.somatic.snv_mnv.vcf.gz	/n/data1/hms/dbmi/park/DATA/ICGC/PCAWG_Final_Datasets_DCC/consensus_cnv/segmented_cn/047f9e4d-86b5-4943-aef5-68199bf29e8c.consensus.20170119.somatic.cna.txt
04aa6b77-8074-480c-872e-a1a47afa5314	/n/data1/hms/dbmi/park/DATA/ICGC/PCAWG_Final_Datasets_DCC/consensus_snv_indel/merged_snv_mnv/04aa6b77-8074-480c-872e-a1a47afa5314.consensus.20160830.somatic.snv_mnv.vcf.gz	/n/data1/hms/dbmi/park/DATA/ICGC/PCAWG_Final_Datasets_DCC/consensus_cnv/segmented_cn/04aa6b77-8074-480c-872e-a1a47afa5314.consensus.20170119.somatic.cna.txt
04b570c2-3224-4e9b-81cc-089b4a7ff07a	/n/data1/hms/dbmi/park/DATA/ICGC/PCAWG_Final_Datasets_DCC/consensus_snv_indel/merged_snv_mnv/04b570c2-3224-4e9b-81cc-089b4a7ff07a.consensus.20160830.somatic.snv_mnv.vcf.gz	/n/data1/hms/dbmi/park/DATA/ICGC/PCAWG_Final_Datasets_DCC/consensus_cnv/segmented_cn/04b570c2-3224-4e9b-81cc-089b4a7ff07a.consensus.20170119.somatic.cna.txt
04b9837e-9ab5-4eb9-9a9c-ef49e3a62662	/n/data1/hms/dbmi/park/DATA/ICGC/PCAWG_Final_Datasets_DCC/consensus_snv_indel/merged_snv_mnv/04b9837e-9ab5-4eb9-9a9c-ef49e3a62662.consensus.20160830.somatic.snv_mnv.vcf.gz	/n/data1/hms/dbmi/park/DATA/ICGC/PCAWG_Final_Datasets_DCC/consensus_cnv/segmented_cn/04b9837e-9ab5-4eb9-9a9c-ef49e3a62662.consensus.20170119.somatic.cna.txt
04c09376-8756-41d9-bbca-f464170a8cfb	/n/data1/hms/dbmi/park/DATA/ICGC/PCAWG_Final_Datasets_DCC/consensus_snv_indel/merged_snv_mnv/04c09376-8756-41d9-bbca-f464170a8cfb.consensus.20160830.somatic.snv_mnv.vcf.gz	/n/data1/hms/dbmi/park/DATA/ICGC/PCAWG_Final_Datasets_DCC/consensus_cnv/segmented_cn/04c09376-8756-41d9-bbca-f464170a8cfb.consensus.20170119.somatic.cna.txt
04db8bef-8777-48ac-bc2e-3c9acb103f48	/n/data1/hms/dbmi/park/DATA/ICGC/PCAWG_Final_Datasets_DCC/consensus_snv_indel/merged_snv_mnv/04db8bef-8777-48ac-bc2e-3c9acb103f48.consensus.20160830.somatic.snv_mnv.vcf.gz	/n/data1/hms/dbmi/park/DATA/ICGC/PCAWG_Final_Datasets_DCC/consensus_cnv/segmented_cn/04db8bef-8777-48ac-bc2e-3c9acb103f48.consensus.20170119.somatic.cna.txt
05070acd-3ec1-44bb-9c32-26d3a483a72a	/n/data1/hms/dbmi/park/DATA/ICGC/PCAWG_Final_Datasets_DCC/consensus_snv_indel/merged_snv_mnv/05070acd-3ec1-44bb-9c32-26d3a483a72a.consensus.20160830.somatic.snv_mnv.vcf.gz	/n/data1/hms/dbmi/park/DATA/ICGC/PCAWG_Final_Datasets_DCC/consensus_cnv/segmented_cn/05070acd-3ec1-44bb-9c32-26d3a483a72a.consensus.20170119.somatic.cna.txt
051cb117-16fd-459e-81e5-002eca2b7eea	/n/data1/hms/dbmi/park/DATA/ICGC/PCAWG_Final_Datasets_DCC/consensus_snv_indel/merged_snv_mnv/051cb117-16fd-459e-81e5-002eca2b7eea.consensus.20160830.somatic.snv_mnv.vcf.gz	/n/data1/hms/dbmi/park/DATA/ICGC/PCAWG_Final_Datasets_DCC/consensus_cnv/segmented_cn/051cb117-16fd-459e-81e5-002eca2b7eea.consensus.20170119.somatic.cna.txt
052015bc-8c24-467c-8ff7-9e0dc4ad39fd	/n/data1/hms/dbmi/park/DATA/ICGC/PCAWG_Final_Datasets_DCC/consensus_snv_indel/merged_snv_mnv/052015bc-8c24-467c-8ff7-9e0dc4ad39fd.consensus.20160830.somatic.snv_mnv.vcf.gz	/n/data1/hms/dbmi/park/DATA/ICGC/PCAWG_Final_Datasets_DCC/consensus_cnv/segmented_cn/052015bc-8c24-467c-8ff7-9e0dc4ad39fd.consensus.20170119.somatic.cna.txt
052665d1-ab75-4f40-be5a-b88154c8beed	/n/data1/hms/dbmi/park/DATA/ICGC/PCAWG_Final_Datasets_DCC/consensus_snv_indel/merged_snv_mnv/052665d1-ab75-4f40-be5a-b88154c8beed.consensus.20160830.somatic.snv_mnv.vcf.gz	/n/data1/hms/dbmi/park/DATA/ICGC/PCAWG_Final_Datasets_DCC/consensus_cnv/segmented_cn/052665d1-ab75-4f40-be5a-b88154c8beed.consensus.20170119.somatic.cna.txt
05486349-24a4-4931-bf5f-c9fefe369af2	/n/data1/hms/dbmi/park/DATA/ICGC/PCAWG_Final_Datasets_DCC/consensus_snv_indel/merged_snv_mnv/05486349-24a4-4931-bf5f-c9fefe369af2.consensus.20160830.somatic.snv_mnv.vcf.gz	/n/data1/hms/dbmi/park/DATA/ICGC/PCAWG_Final_Datasets_DCC/consensus_cnv/segmented_cn/05486349-24a4-4931-bf5f-c9fefe369af2.consensus.20170119.somatic.cna.txt
0554ffe5-31f7-43f5-8372-2b73c9cf3527	/n/data1/hms/dbmi/park/DATA/ICGC/PCAWG_Final_Datasets_DCC/consensus_snv_indel/merged_snv_mnv/0554ffe5-31f7-43f5-8372-2b73c9cf3527.consensus.20160830.somatic.snv_mnv.vcf.gz	/n/data1/hms/dbmi/park/DATA/ICGC/PCAWG_Final_Datasets_DCC/consensus_cnv/segmented_cn/0554ffe5-31f7-43f5-8372-2b73c9cf3527.consensus.20170119.somatic.cna.txt
05616329-e7ba-4efd-87b1-d79cd0f7af3d	/n/data1/hms/dbmi/park/DATA/ICGC/PCAWG_Final_Datasets_DCC/consensus_snv_indel/merged_snv_mnv/05616329-e7ba-4efd-87b1-d79cd0f7af3d.consensus.20160830.somatic.snv_mnv.vcf.gz	/n/data1/hms/dbmi/park/DATA/ICGC/PCAWG_Final_Datasets_DCC/consensus_cnv/segmented_cn/05616329-e7ba-4efd-87b1-d79cd0f7af3d.consensus.20170119.somatic.cna.txt
0567d3e6-6278-4d0a-81ae-c084d73c6dd3	/n/data1/hms/dbmi/park/DATA/ICGC/PCAWG_Final_Datasets_DCC/consensus_snv_indel/merged_snv_mnv/0567d3e6-6278-4d0a-81ae-c084d73c6dd3.consensus.20160830.somatic.snv_mnv.vcf.gz	/n/data1/hms/dbmi/park/DATA/ICGC/PCAWG_Final_Datasets_DCC/consensus_cnv/segmented_cn/0567d3e6-6278-4d0a-81ae-c084d73c6dd3.consensus.20170119.somatic.cna.txt
05780d48-80e7-4d70-b00c-081f8a9519f2	/n/data1/hms/dbmi/park/DATA/ICGC/PCAWG_Final_Datasets_DCC/consensus_snv_indel/merged_snv_mnv/05780d48-80e7-4d70-b00c-081f8a9519f2.consensus.20160830.somatic.snv_mnv.vcf.gz	/n/data1/hms/dbmi/park/DATA/ICGC/PCAWG_Final_Datasets_DCC/consensus_cnv/segmented_cn/05780d48-80e7-4d70-b00c-081f8a9519f2.consensus.20170119.somatic.cna.txt
05c487aa-72d8-42e6-aa2b-b9b5ce273f5c	/n/data1/hms/dbmi/park/DATA/ICGC/PCAWG_Final_Datasets_DCC/consensus_snv_indel/merged_snv_mnv/05c487aa-72d8-42e6-aa2b-b9b5ce273f5c.consensus.20160830.somatic.snv_mnv.vcf.gz	/n/data1/hms/dbmi/park/DATA/ICGC/PCAWG_Final_Datasets_DCC/consensus_cnv/segmented_cn/05c487aa-72d8-42e6-aa2b-b9b5ce273f5c.consensus.20170119.somatic.cna.txt
05da3161-1444-4188-914d-19762de3a443	/n/data1/hms/dbmi/park/DATA/ICGC/PCAWG_Final_Datasets_DCC/consensus_snv_indel/merged_snv_mnv/05da3161-1444-4188-914d-19762de3a443.consensus.20160830.somatic.snv_mnv.vcf.gz	/n/data1/hms/dbmi/park/DATA/ICGC/PCAWG_Final_Datasets_DCC/consensus_cnv/segmented_cn/05da3161-1444-4188-914d-19762de3a443.consensus.20170119.somatic.cna.txt
06018aae-1107-4899-bd24-14e6b1f94709	/n/data1/hms/dbmi/park/DATA/ICGC/PCAWG_Final_Datasets_DCC/consensus_snv_indel/merged_snv_mnv/06018aae-1107-4899-bd24-14e6b1f94709.consensus.20160830.somatic.snv_mnv.vcf.gz	/n/data1/hms/dbmi/park/DATA/ICGC/PCAWG_Final_Datasets_DCC/consensus_cnv/segmented_cn/06018aae-1107-4899-bd24-14e6b1f94709.consensus.20170119.somatic.cna.txt
0609b182-0396-4755-b463-10f949c5b8bb	/n/data1/hms/dbmi/park/DATA/ICGC/PCAWG_Final_Datasets_DCC/consensus_snv_indel/merged_snv_mnv/0609b182-0396-4755-b463-10f949c5b8bb.consensus.20160830.somatic.snv_mnv.vcf.gz	/n/data1/hms/dbmi/park/DATA/ICGC/PCAWG_Final_Datasets_DCC/consensus_cnv/segmented_cn/0609b182-0396-4755-b463-10f949c5b8bb.consensus.20170119.somatic.cna.txt
0624eb1d-3aff-4037-a3c5-fc363a9edd02	/n/data1/hms/dbmi/park/DATA/ICGC/PCAWG_Final_Datasets_DCC/consensus_snv_indel/merged_snv_mnv/0624eb1d-3aff-4037-a3c5-fc363a9edd02.consensus.20160830.somatic.snv_mnv.vcf.gz	/n/data1/hms/dbmi/park/DATA/ICGC/PCAWG_Final_Datasets_DCC/consensus_cnv/segmented_cn/0624eb1d-3aff-4037-a3c5-fc363a9edd02.consensus.20170119.somatic.cna.txt
062e96d4-c623-11e3-bf01-24c6515278c0	/n/data1/hms/dbmi/park/DATA/ICGC/PCAWG_Final_Datasets_DCC/consensus_snv_indel/merged_snv_mnv/062e96d4-c623-11e3-bf01-24c6515278c0.consensus.20160830.somatic.snv_mnv.vcf.gz	/n/data1/hms/dbmi/park/DATA/ICGC/PCAWG_Final_Datasets_DCC/consensus_cnv/segmented_cn/062e96d4-c623-11e3-bf01-24c6515278c0.consensus.20170119.somatic.cna.txt
063cfacf-9933-4a2d-8921-0aeb76e12779	/n/data1/hms/dbmi/park/DATA/ICGC/PCAWG_Final_Datasets_DCC/consensus_snv_indel/merged_snv_mnv/063cfacf-9933-4a2d-8921-0aeb76e12779.consensus.20160830.somatic.snv_mnv.vcf.gz	/n/data1/hms/dbmi/park/DATA/ICGC/PCAWG_Final_Datasets_DCC/consensus_cnv/segmented_cn/063cfacf-9933-4a2d-8921-0aeb76e12779.consensus.20170119.somatic.cna.txt
068f4f69-d2fe-4f25-912e-ca7d4623efb6	/n/data1/hms/dbmi/park/DATA/ICGC/PCAWG_Final_Datasets_DCC/consensus_snv_indel/merged_snv_mnv/068f4f69-d2fe-4f25-912e-ca7d4623efb6.consensus.20160830.somatic.snv_mnv.vcf.gz	/n/data1/hms/dbmi/park/DATA/ICGC/PCAWG_Final_Datasets_DCC/consensus_cnv/segmented_cn/068f4f69-d2fe-4f25-912e-ca7d4623efb6.consensus.20170119.somatic.cna.txt
06dad93a-4b67-49b3-8fa5-f2546e22bae7	/n/data1/hms/dbmi/park/DATA/ICGC/PCAWG_Final_Datasets_DCC/consensus_snv_indel/merged_snv_mnv/06dad93a-4b67-49b3-8fa5-f2546e22bae7.consensus.20160830.somatic.snv_mnv.vcf.gz	/n/data1/hms/dbmi/park/DATA/ICGC/PCAWG_Final_Datasets_DCC/consensus_cnv/segmented_cn/06dad93a-4b67-49b3-8fa5-f2546e22bae7.consensus.20170119.somatic.cna.txt
06ecd127-6c24-422d-a7fb-bf5aee1b8b7b	/n/data1/hms/dbmi/park/DATA/ICGC/PCAWG_Final_Datasets_DCC/consensus_snv_indel/merged_snv_mnv/06ecd127-6c24-422d-a7fb-bf5aee1b8b7b.consensus.20160830.somatic.snv_mnv.vcf.gz	/n/data1/hms/dbmi/park/DATA/ICGC/PCAWG_Final_Datasets_DCC/consensus_cnv/segmented_cn/06ecd127-6c24-422d-a7fb-bf5aee1b8b7b.consensus.20170119.somatic.cna.txt
072f4146-c623-11e3-bf01-24c6515278c0	/n/data1/hms/dbmi/park/DATA/ICGC/PCAWG_Final_Datasets_DCC/consensus_snv_indel/merged_snv_mnv/072f4146-c623-11e3-bf01-24c6515278c0.consensus.20160830.somatic.snv_mnv.vcf.gz	/n/data1/hms/dbmi/park/DATA/ICGC/PCAWG_Final_Datasets_DCC/consensus_cnv/segmented_cn/072f4146-c623-11e3-bf01-24c6515278c0.consensus.20170119.somatic.cna.txt
074fd614-5d9c-4bcc-96ad-351aa14387e3	/n/data1/hms/dbmi/park/DATA/ICGC/PCAWG_Final_Datasets_DCC/consensus_snv_indel/merged_snv_mnv/074fd614-5d9c-4bcc-96ad-351aa14387e3.consensus.20160830.somatic.snv_mnv.vcf.gz	/n/data1/hms/dbmi/park/DATA/ICGC/PCAWG_Final_Datasets_DCC/consensus_cnv/segmented_cn/074fd614-5d9c-4bcc-96ad-351aa14387e3.consensus.20170119.somatic.cna.txt
075fc96d-6742-4ef3-9369-482592ad3a2f	/n/data1/hms/dbmi/park/DATA/ICGC/PCAWG_Final_Datasets_DCC/consensus_snv_indel/merged_snv_mnv/075fc96d-6742-4ef3-9369-482592ad3a2f.consensus.20160830.somatic.snv_mnv.vcf.gz	/n/data1/hms/dbmi/park/DATA/ICGC/PCAWG_Final_Datasets_DCC/consensus_cnv/segmented_cn/075fc96d-6742-4ef3-9369-482592ad3a2f.consensus.20170119.somatic.cna.txt
07835447-5d7e-4828-80fd-89b063989c9a	/n/data1/hms/dbmi/park/DATA/ICGC/PCAWG_Final_Datasets_DCC/consensus_snv_indel/merged_snv_mnv/07835447-5d7e-4828-80fd-89b063989c9a.consensus.20160830.somatic.snv_mnv.vcf.gz	/n/data1/hms/dbmi/park/DATA/ICGC/PCAWG_Final_Datasets_DCC/consensus_cnv/segmented_cn/07835447-5d7e-4828-80fd-89b063989c9a.consensus.20170119.somatic.cna.txt
079bcb09-a075-4313-9a3e-dd67734a8c5d	/n/data1/hms/dbmi/park/DATA/ICGC/PCAWG_Final_Datasets_DCC/consensus_snv_indel/merged_snv_mnv/079bcb09-a075-4313-9a3e-dd67734a8c5d.consensus.20160830.somatic.snv_mnv.vcf.gz	/n/data1/hms/dbmi/park/DATA/ICGC/PCAWG_Final_Datasets_DCC/consensus_cnv/segmented_cn/079bcb09-a075-4313-9a3e-dd67734a8c5d.consensus.20170119.somatic.cna.txt
07a7c634-bd9a-4fc2-b9fe-87b060ec3d1f	/n/data1/hms/dbmi/park/DATA/ICGC/PCAWG_Final_Datasets_DCC/consensus_snv_indel/merged_snv_mnv/07a7c634-bd9a-4fc2-b9fe-87b060ec3d1f.consensus.20160830.somatic.snv_mnv.vcf.gz	/n/data1/hms/dbmi/park/DATA/ICGC/PCAWG_Final_Datasets_DCC/consensus_cnv/segmented_cn/07a7c634-bd9a-4fc2-b9fe-87b060ec3d1f.consensus.20170119.somatic.cna.txt
07b5141f-ac79-439b-883b-b0183bbe7ff5	/n/data1/hms/dbmi/park/DATA/ICGC/PCAWG_Final_Datasets_DCC/consensus_snv_indel/merged_snv_mnv/07b5141f-ac79-439b-883b-b0183bbe7ff5.consensus.20160830.somatic.snv_mnv.vcf.gz	/n/data1/hms/dbmi/park/DATA/ICGC/PCAWG_Final_Datasets_DCC/consensus_cnv/segmented_cn/07b5141f-ac79-439b-883b-b0183bbe7ff5.consensus.20170119.somatic.cna.txt
07d20658-3db4-47e7-877b-66536266edfc	/n/data1/hms/dbmi/park/DATA/ICGC/PCAWG_Final_Datasets_DCC/consensus_snv_indel/merged_snv_mnv/07d20658-3db4-47e7-877b-66536266edfc.consensus.20160830.somatic.snv_mnv.vcf.gz	/n/data1/hms/dbmi/park/DATA/ICGC/PCAWG_Final_Datasets_DCC/consensus_cnv/segmented_cn/07d20658-3db4-47e7-877b-66536266edfc.consensus.20170119.somatic.cna.txt
07e0e938-f61f-477a-92a2-5b7e74b78943	/n/data1/hms/dbmi/park/DATA/ICGC/PCAWG_Final_Datasets_DCC/consensus_snv_indel/merged_snv_mnv/07e0e938-f61f-477a-92a2-5b7e74b78943.consensus.20160830.somatic.snv_mnv.vcf.gz	/n/data1/hms/dbmi/park/DATA/ICGC/PCAWG_Final_Datasets_DCC/consensus_cnv/segmented_cn/07e0e938-f61f-477a-92a2-5b7e74b78943.consensus.20170119.somatic.cna.txt
07f16397-71bb-4594-ad4d-caa7d2baeabd	/n/data1/hms/dbmi/park/DATA/ICGC/PCAWG_Final_Datasets_DCC/consensus_snv_indel/merged_snv_mnv/07f16397-71bb-4594-ad4d-caa7d2baeabd.consensus.20160830.somatic.snv_mnv.vcf.gz	/n/data1/hms/dbmi/park/DATA/ICGC/PCAWG_Final_Datasets_DCC/consensus_cnv/segmented_cn/07f16397-71bb-4594-ad4d-caa7d2baeabd.consensus.20170119.somatic.cna.txt
080ecc31-756a-4a1b-a51e-d632ac8219f7	/n/data1/hms/dbmi/park/DATA/ICGC/PCAWG_Final_Datasets_DCC/consensus_snv_indel/merged_snv_mnv/080ecc31-756a-4a1b-a51e-d632ac8219f7.consensus.20160830.somatic.snv_mnv.vcf.gz	/n/data1/hms/dbmi/park/DATA/ICGC/PCAWG_Final_Datasets_DCC/consensus_cnv/segmented_cn/080ecc31-756a-4a1b-a51e-d632ac8219f7.consensus.20170119.somatic.cna.txt
08227616-02a5-46e8-9db1-f2d1d691ab23	/n/data1/hms/dbmi/park/DATA/ICGC/PCAWG_Final_Datasets_DCC/consensus_snv_indel/merged_snv_mnv/08227616-02a5-46e8-9db1-f2d1d691ab23.consensus.20160830.somatic.snv_mnv.vcf.gz	/n/data1/hms/dbmi/park/DATA/ICGC/PCAWG_Final_Datasets_DCC/consensus_cnv/segmented_cn/08227616-02a5-46e8-9db1-f2d1d691ab23.consensus.20170119.somatic.cna.txt
0831e45e-c623-11e3-bf01-24c6515278c0	/n/data1/hms/dbmi/park/DATA/ICGC/PCAWG_Final_Datasets_DCC/consensus_snv_indel/merged_snv_mnv/0831e45e-c623-11e3-bf01-24c6515278c0.consensus.20160830.somatic.snv_mnv.vcf.gz	/n/data1/hms/dbmi/park/DATA/ICGC/PCAWG_Final_Datasets_DCC/consensus_cnv/segmented_cn/0831e45e-c623-11e3-bf01-24c6515278c0.consensus.20170119.somatic.cna.txt
089be98d-c3c9-4fb4-aef2-7a8578a91d51	/n/data1/hms/dbmi/park/DATA/ICGC/PCAWG_Final_Datasets_DCC/consensus_snv_indel/merged_snv_mnv/089be98d-c3c9-4fb4-aef2-7a8578a91d51.consensus.20160830.somatic.snv_mnv.vcf.gz	/n/data1/hms/dbmi/park/DATA/ICGC/PCAWG_Final_Datasets_DCC/consensus_cnv/segmented_cn/089be98d-c3c9-4fb4-aef2-7a8578a91d51.consensus.20170119.somatic.cna.txt
08ac57ec-0036-4134-a9bb-f22eaa27ab0d	/n/data1/hms/dbmi/park/DATA/ICGC/PCAWG_Final_Datasets_DCC/consensus_snv_indel/merged_snv_mnv/08ac57ec-0036-4134-a9bb-f22eaa27ab0d.consensus.20160830.somatic.snv_mnv.vcf.gz	/n/data1/hms/dbmi/park/DATA/ICGC/PCAWG_Final_Datasets_DCC/consensus_cnv/segmented_cn/08ac57ec-0036-4134-a9bb-f22eaa27ab0d.consensus.20170119.somatic.cna.txt
08b5d0e4-4661-460e-a9f7-f2e687414711	/n/data1/hms/dbmi/park/DATA/ICGC/PCAWG_Final_Datasets_DCC/consensus_snv_indel/merged_snv_mnv/08b5d0e4-4661-460e-a9f7-f2e687414711.consensus.20160830.somatic.snv_mnv.vcf.gz	/n/data1/hms/dbmi/park/DATA/ICGC/PCAWG_Final_Datasets_DCC/consensus_cnv/segmented_cn/08b5d0e4-4661-460e-a9f7-f2e687414711.consensus.20170119.somatic.cna.txt
08d2a566-8407-4e9b-836c-bf5e1e9f85b2	/n/data1/hms/dbmi/park/DATA/ICGC/PCAWG_Final_Datasets_DCC/consensus_snv_indel/merged_snv_mnv/08d2a566-8407-4e9b-836c-bf5e1e9f85b2.consensus.20160830.somatic.snv_mnv.vcf.gz	/n/data1/hms/dbmi/park/DATA/ICGC/PCAWG_Final_Datasets_DCC/consensus_cnv/segmented_cn/08d2a566-8407-4e9b-836c-bf5e1e9f85b2.consensus.20170119.somatic.cna.txt
08e1d976-6c39-428e-a4c2-f655b675683e	/n/data1/hms/dbmi/park/DATA/ICGC/PCAWG_Final_Datasets_DCC/consensus_snv_indel/merged_snv_mnv/08e1d976-6c39-428e-a4c2-f655b675683e.consensus.20160830.somatic.snv_mnv.vcf.gz	/n/data1/hms/dbmi/park/DATA/ICGC/PCAWG_Final_Datasets_DCC/consensus_cnv/segmented_cn/08e1d976-6c39-428e-a4c2-f655b675683e.consensus.20170119.somatic.cna.txt
08f7812b-0d74-42ba-985b-d0a027e8a80c	/n/data1/hms/dbmi/park/DATA/ICGC/PCAWG_Final_Datasets_DCC/consensus_snv_indel/merged_snv_mnv/08f7812b-0d74-42ba-985b-d0a027e8a80c.consensus.20160830.somatic.snv_mnv.vcf.gz	/n/data1/hms/dbmi/park/DATA/ICGC/PCAWG_Final_Datasets_DCC/consensus_cnv/segmented_cn/08f7812b-0d74-42ba-985b-d0a027e8a80c.consensus.20170119.somatic.cna.txt
09497b9b-6fca-48cb-af97-161a3e434a51	/n/data1/hms/dbmi/park/DATA/ICGC/PCAWG_Final_Datasets_DCC/consensus_snv_indel/merged_snv_mnv/09497b9b-6fca-48cb-af97-161a3e434a51.consensus.20160830.somatic.snv_mnv.vcf.gz	/n/data1/hms/dbmi/park/DATA/ICGC/PCAWG_Final_Datasets_DCC/consensus_cnv/segmented_cn/09497b9b-6fca-48cb-af97-161a3e434a51.consensus.20170119.somatic.cna.txt
09508a0d-ebe0-4fa1-b7b2-1710814181cd	/n/data1/hms/dbmi/park/DATA/ICGC/PCAWG_Final_Datasets_DCC/consensus_snv_indel/merged_snv_mnv/09508a0d-ebe0-4fa1-b7b2-1710814181cd.consensus.20160830.somatic.snv_mnv.vcf.gz	/n/data1/hms/dbmi/park/DATA/ICGC/PCAWG_Final_Datasets_DCC/consensus_cnv/segmented_cn/09508a0d-ebe0-4fa1-b7b2-1710814181cd.consensus.20170119.somatic.cna.txt
09537dce-c797-4b60-962a-d4c3cd6ab00a	/n/data1/hms/dbmi/park/DATA/ICGC/PCAWG_Final_Datasets_DCC/consensus_snv_indel/merged_snv_mnv/09537dce-c797-4b60-962a-d4c3cd6ab00a.consensus.20160830.somatic.snv_mnv.vcf.gz	/n/data1/hms/dbmi/park/DATA/ICGC/PCAWG_Final_Datasets_DCC/consensus_cnv/segmented_cn/09537dce-c797-4b60-962a-d4c3cd6ab00a.consensus.20170119.somatic.cna.txt
0972bfcf-c6c6-48cc-b820-cdfa6279a4f3	/n/data1/hms/dbmi/park/DATA/ICGC/PCAWG_Final_Datasets_DCC/consensus_snv_indel/merged_snv_mnv/0972bfcf-c6c6-48cc-b820-cdfa6279a4f3.consensus.20160830.somatic.snv_mnv.vcf.gz	/n/data1/hms/dbmi/park/DATA/ICGC/PCAWG_Final_Datasets_DCC/consensus_cnv/segmented_cn/0972bfcf-c6c6-48cc-b820-cdfa6279a4f3.consensus.20170119.somatic.cna.txt
097a7d36-905b-72be-e050-11ac0d482c9a	/n/data1/hms/dbmi/park/DATA/ICGC/PCAWG_Final_Datasets_DCC/consensus_snv_indel/merged_snv_mnv/097a7d36-905b-72be-e050-11ac0d482c9a.consensus.20160830.somatic.snv_mnv.vcf.gz	/n/data1/hms/dbmi/park/DATA/ICGC/PCAWG_Final_Datasets_DCC/consensus_cnv/segmented_cn/097a7d36-905b-72be-e050-11ac0d482c9a.consensus.20170119.somatic.cna.txt
0980e7fd-051d-45e9-9ca6-2baf073da4e8	/n/data1/hms/dbmi/park/DATA/ICGC/PCAWG_Final_Datasets_DCC/consensus_snv_indel/merged_snv_mnv/0980e7fd-051d-45e9-9ca6-2baf073da4e8.consensus.20160830.somatic.snv_mnv.vcf.gz	/n/data1/hms/dbmi/park/DATA/ICGC/PCAWG_Final_Datasets_DCC/consensus_cnv/segmented_cn/0980e7fd-051d-45e9-9ca6-2baf073da4e8.consensus.20170119.somatic.cna.txt
09bc8542-4ea1-4599-91b3-d606425b37e2	/n/data1/hms/dbmi/park/DATA/ICGC/PCAWG_Final_Datasets_DCC/consensus_snv_indel/merged_snv_mnv/09bc8542-4ea1-4599-91b3-d606425b37e2.consensus.20160830.somatic.snv_mnv.vcf.gz	/n/data1/hms/dbmi/park/DATA/ICGC/PCAWG_Final_Datasets_DCC/consensus_cnv/segmented_cn/09bc8542-4ea1-4599-91b3-d606425b37e2.consensus.20170119.somatic.cna.txt
09cb8bc5-13ac-44ac-9b7d-6de143373570	/n/data1/hms/dbmi/park/DATA/ICGC/PCAWG_Final_Datasets_DCC/consensus_snv_indel/merged_snv_mnv/09cb8bc5-13ac-44ac-9b7d-6de143373570.consensus.20160830.somatic.snv_mnv.vcf.gz	/n/data1/hms/dbmi/park/DATA/ICGC/PCAWG_Final_Datasets_DCC/consensus_cnv/segmented_cn/09cb8bc5-13ac-44ac-9b7d-6de143373570.consensus.20170119.somatic.cna.txt
09e1fe3e-bfd8-4175-ac42-0e1bf0ba5523	/n/data1/hms/dbmi/park/DATA/ICGC/PCAWG_Final_Datasets_DCC/consensus_snv_indel/merged_snv_mnv/09e1fe3e-bfd8-4175-ac42-0e1bf0ba5523.consensus.20160830.somatic.snv_mnv.vcf.gz	/n/data1/hms/dbmi/park/DATA/ICGC/PCAWG_Final_Datasets_DCC/consensus_cnv/segmented_cn/09e1fe3e-bfd8-4175-ac42-0e1bf0ba5523.consensus.20170119.somatic.cna.txt
0a6be23a-d5a0-4e95-ada2-a61b2b5d9485	/n/data1/hms/dbmi/park/DATA/ICGC/PCAWG_Final_Datasets_DCC/consensus_snv_indel/merged_snv_mnv/0a6be23a-d5a0-4e95-ada2-a61b2b5d9485.consensus.20160830.somatic.snv_mnv.vcf.gz	/n/data1/hms/dbmi/park/DATA/ICGC/PCAWG_Final_Datasets_DCC/consensus_cnv/segmented_cn/0a6be23a-d5a0-4e95-ada2-a61b2b5d9485.consensus.20170119.somatic.cna.txt
0a9c9db0-c623-11e3-bf01-24c6515278c0	/n/data1/hms/dbmi/park/DATA/ICGC/PCAWG_Final_Datasets_DCC/consensus_snv_indel/merged_snv_mnv/0a9c9db0-c623-11e3-bf01-24c6515278c0.consensus.20160830.somatic.snv_mnv.vcf.gz	/n/data1/hms/dbmi/park/DATA/ICGC/PCAWG_Final_Datasets_DCC/consensus_cnv/segmented_cn/0a9c9db0-c623-11e3-bf01-24c6515278c0.consensus.20170119.somatic.cna.txt
0ab4d782-9a50-48b9-96e4-6ce42b2ea034	/n/data1/hms/dbmi/park/DATA/ICGC/PCAWG_Final_Datasets_DCC/consensus_snv_indel/merged_snv_mnv/0ab4d782-9a50-48b9-96e4-6ce42b2ea034.consensus.20160830.somatic.snv_mnv.vcf.gz	/n/data1/hms/dbmi/park/DATA/ICGC/PCAWG_Final_Datasets_DCC/consensus_cnv/segmented_cn/0ab4d782-9a50-48b9-96e4-6ce42b2ea034.consensus.20170119.somatic.cna.txt
0ae2193f-0d68-485a-b8c2-7568cbcce33e	/n/data1/hms/dbmi/park/DATA/ICGC/PCAWG_Final_Datasets_DCC/consensus_snv_indel/merged_snv_mnv/0ae2193f-0d68-485a-b8c2-7568cbcce33e.consensus.20160830.somatic.snv_mnv.vcf.gz	/n/data1/hms/dbmi/park/DATA/ICGC/PCAWG_Final_Datasets_DCC/consensus_cnv/segmented_cn/0ae2193f-0d68-485a-b8c2-7568cbcce33e.consensus.20170119.somatic.cna.txt
0b19bee7-5281-4915-9d98-c20eb3e84ecf	/n/data1/hms/dbmi/park/DATA/ICGC/PCAWG_Final_Datasets_DCC/consensus_snv_indel/merged_snv_mnv/0b19bee7-5281-4915-9d98-c20eb3e84ecf.consensus.20160830.somatic.snv_mnv.vcf.gz	/n/data1/hms/dbmi/park/DATA/ICGC/PCAWG_Final_Datasets_DCC/consensus_cnv/segmented_cn/0b19bee7-5281-4915-9d98-c20eb3e84ecf.consensus.20170119.somatic.cna.txt
0b29c893-03bf-4131-b192-c14a2788d411	/n/data1/hms/dbmi/park/DATA/ICGC/PCAWG_Final_Datasets_DCC/consensus_snv_indel/merged_snv_mnv/0b29c893-03bf-4131-b192-c14a2788d411.consensus.20160830.somatic.snv_mnv.vcf.gz	/n/data1/hms/dbmi/park/DATA/ICGC/PCAWG_Final_Datasets_DCC/consensus_cnv/segmented_cn/0b29c893-03bf-4131-b192-c14a2788d411.consensus.20170119.somatic.cna.txt
0b6cd7df-6970-4d60-b7b5-85002a7d8781	/n/data1/hms/dbmi/park/DATA/ICGC/PCAWG_Final_Datasets_DCC/consensus_snv_indel/merged_snv_mnv/0b6cd7df-6970-4d60-b7b5-85002a7d8781.consensus.20160830.somatic.snv_mnv.vcf.gz	/n/data1/hms/dbmi/park/DATA/ICGC/PCAWG_Final_Datasets_DCC/consensus_cnv/segmented_cn/0b6cd7df-6970-4d60-b7b5-85002a7d8781.consensus.20170119.somatic.cna.txt
0b811c6a-8f05-44bd-ac33-fb720d189e71	/n/data1/hms/dbmi/park/DATA/ICGC/PCAWG_Final_Datasets_DCC/consensus_snv_indel/merged_snv_mnv/0b811c6a-8f05-44bd-ac33-fb720d189e71.consensus.20160830.somatic.snv_mnv.vcf.gz	/n/data1/hms/dbmi/park/DATA/ICGC/PCAWG_Final_Datasets_DCC/consensus_cnv/segmented_cn/0b811c6a-8f05-44bd-ac33-fb720d189e71.consensus.20170119.somatic.cna.txt
0ba8f2e2-935a-4123-86aa-6e7f5de85bf4	/n/data1/hms/dbmi/park/DATA/ICGC/PCAWG_Final_Datasets_DCC/consensus_snv_indel/merged_snv_mnv/0ba8f2e2-935a-4123-86aa-6e7f5de85bf4.consensus.20160830.somatic.snv_mnv.vcf.gz	/n/data1/hms/dbmi/park/DATA/ICGC/PCAWG_Final_Datasets_DCC/consensus_cnv/segmented_cn/0ba8f2e2-935a-4123-86aa-6e7f5de85bf4.consensus.20170119.somatic.cna.txt
0bafd9ae-64b3-492d-a6fd-12aa8edefcbe	/n/data1/hms/dbmi/park/DATA/ICGC/PCAWG_Final_Datasets_DCC/consensus_snv_indel/merged_snv_mnv/0bafd9ae-64b3-492d-a6fd-12aa8edefcbe.consensus.20160830.somatic.snv_mnv.vcf.gz	/n/data1/hms/dbmi/park/DATA/ICGC/PCAWG_Final_Datasets_DCC/consensus_cnv/segmented_cn/0bafd9ae-64b3-492d-a6fd-12aa8edefcbe.consensus.20170119.somatic.cna.txt
0bbc7ede-5022-4084-925c-d65baaf7abc2	/n/data1/hms/dbmi/park/DATA/ICGC/PCAWG_Final_Datasets_DCC/consensus_snv_indel/merged_snv_mnv/0bbc7ede-5022-4084-925c-d65baaf7abc2.consensus.20160830.somatic.snv_mnv.vcf.gz	/n/data1/hms/dbmi/park/DATA/ICGC/PCAWG_Final_Datasets_DCC/consensus_cnv/segmented_cn/0bbc7ede-5022-4084-925c-d65baaf7abc2.consensus.20170119.somatic.cna.txt
0bd3a230-531e-44aa-9999-b8ed8da0176b	/n/data1/hms/dbmi/park/DATA/ICGC/PCAWG_Final_Datasets_DCC/consensus_snv_indel/merged_snv_mnv/0bd3a230-531e-44aa-9999-b8ed8da0176b.consensus.20160830.somatic.snv_mnv.vcf.gz	/n/data1/hms/dbmi/park/DATA/ICGC/PCAWG_Final_Datasets_DCC/consensus_cnv/segmented_cn/0bd3a230-531e-44aa-9999-b8ed8da0176b.consensus.20170119.somatic.cna.txt
0be08326-c623-11e3-bf01-24c6515278c0	/n/data1/hms/dbmi/park/DATA/ICGC/PCAWG_Final_Datasets_DCC/consensus_snv_indel/merged_snv_mnv/0be08326-c623-11e3-bf01-24c6515278c0.consensus.20160830.somatic.snv_mnv.vcf.gz	/n/data1/hms/dbmi/park/DATA/ICGC/PCAWG_Final_Datasets_DCC/consensus_cnv/segmented_cn/0be08326-c623-11e3-bf01-24c6515278c0.consensus.20170119.somatic.cna.txt
0bfd1043-5142-3662-e050-11ac0c486501	/n/data1/hms/dbmi/park/DATA/ICGC/PCAWG_Final_Datasets_DCC/consensus_snv_indel/merged_snv_mnv/0bfd1043-5142-3662-e050-11ac0c486501.consensus.20160830.somatic.snv_mnv.vcf.gz	/n/data1/hms/dbmi/park/DATA/ICGC/PCAWG_Final_Datasets_DCC/consensus_cnv/segmented_cn/0bfd1043-5142-3662-e050-11ac0c486501.consensus.20170119.somatic.cna.txt
0bfd1043-70fb-d2dc-e050-11ac0c4860cb	/n/data1/hms/dbmi/park/DATA/ICGC/PCAWG_Final_Datasets_DCC/consensus_snv_indel/merged_snv_mnv/0bfd1043-70fb-d2dc-e050-11ac0c4860cb.consensus.20160830.somatic.snv_mnv.vcf.gz	/n/data1/hms/dbmi/park/DATA/ICGC/PCAWG_Final_Datasets_DCC/consensus_cnv/segmented_cn/0bfd1043-70fb-d2dc-e050-11ac0c4860cb.consensus.20170119.somatic.cna.txt
0bfd1043-7343-fdd0-e050-11ac0c484cab	/n/data1/hms/dbmi/park/DATA/ICGC/PCAWG_Final_Datasets_DCC/consensus_snv_indel/merged_snv_mnv/0bfd1043-7343-fdd0-e050-11ac0c484cab.consensus.20160830.somatic.snv_mnv.vcf.gz	/n/data1/hms/dbmi/park/DATA/ICGC/PCAWG_Final_Datasets_DCC/consensus_cnv/segmented_cn/0bfd1043-7343-fdd0-e050-11ac0c484cab.consensus.20170119.somatic.cna.txt
0bfd1043-7344-fdd0-e050-11ac0c484cab	/n/data1/hms/dbmi/park/DATA/ICGC/PCAWG_Final_Datasets_DCC/consensus_snv_indel/merged_snv_mnv/0bfd1043-7344-fdd0-e050-11ac0c484cab.consensus.20160830.somatic.snv_mnv.vcf.gz	/n/data1/hms/dbmi/park/DATA/ICGC/PCAWG_Final_Datasets_DCC/consensus_cnv/segmented_cn/0bfd1043-7344-fdd0-e050-11ac0c484cab.consensus.20170119.somatic.cna.txt
0bfd1043-7346-fdd0-e050-11ac0c484cab	/n/data1/hms/dbmi/park/DATA/ICGC/PCAWG_Final_Datasets_DCC/consensus_snv_indel/merged_snv_mnv/0bfd1043-7346-fdd0-e050-11ac0c484cab.consensus.20160830.somatic.snv_mnv.vcf.gz	/n/data1/hms/dbmi/park/DATA/ICGC/PCAWG_Final_Datasets_DCC/consensus_cnv/segmented_cn/0bfd1043-7346-fdd0-e050-11ac0c484cab.consensus.20170119.somatic.cna.txt
0bfd1043-7ebf-aaec-e050-11ac0c482f39	/n/data1/hms/dbmi/park/DATA/ICGC/PCAWG_Final_Datasets_DCC/consensus_snv_indel/merged_snv_mnv/0bfd1043-7ebf-aaec-e050-11ac0c482f39.consensus.20160830.somatic.snv_mnv.vcf.gz	/n/data1/hms/dbmi/park/DATA/ICGC/PCAWG_Final_Datasets_DCC/consensus_cnv/segmented_cn/0bfd1043-7ebf-aaec-e050-11ac0c482f39.consensus.20170119.somatic.cna.txt
0bfd1043-7ec1-aaec-e050-11ac0c482f39	/n/data1/hms/dbmi/park/DATA/ICGC/PCAWG_Final_Datasets_DCC/consensus_snv_indel/merged_snv_mnv/0bfd1043-7ec1-aaec-e050-11ac0c482f39.consensus.20160830.somatic.snv_mnv.vcf.gz	/n/data1/hms/dbmi/park/DATA/ICGC/PCAWG_Final_Datasets_DCC/consensus_cnv/segmented_cn/0bfd1043-7ec1-aaec-e050-11ac0c482f39.consensus.20170119.somatic.cna.txt
0bfd1043-7ed6-9ccc-e050-11ac0c481957	/n/data1/hms/dbmi/park/DATA/ICGC/PCAWG_Final_Datasets_DCC/consensus_snv_indel/merged_snv_mnv/0bfd1043-7ed6-9ccc-e050-11ac0c481957.consensus.20160830.somatic.snv_mnv.vcf.gz	/n/data1/hms/dbmi/park/DATA/ICGC/PCAWG_Final_Datasets_DCC/consensus_cnv/segmented_cn/0bfd1043-7ed6-9ccc-e050-11ac0c481957.consensus.20170119.somatic.cna.txt
0bfd1043-816e-e3e4-e050-11ac0c4860c5	/n/data1/hms/dbmi/park/DATA/ICGC/PCAWG_Final_Datasets_DCC/consensus_snv_indel/merged_snv_mnv/0bfd1043-816e-e3e4-e050-11ac0c4860c5.consensus.20160830.somatic.snv_mnv.vcf.gz	/n/data1/hms/dbmi/park/DATA/ICGC/PCAWG_Final_Datasets_DCC/consensus_cnv/segmented_cn/0bfd1043-816e-e3e4-e050-11ac0c4860c5.consensus.20170119.somatic.cna.txt
0bfd1043-8170-e3e4-e050-11ac0c4860c5	/n/data1/hms/dbmi/park/DATA/ICGC/PCAWG_Final_Datasets_DCC/consensus_snv_indel/merged_snv_mnv/0bfd1043-8170-e3e4-e050-11ac0c4860c5.consensus.20160830.somatic.snv_mnv.vcf.gz	/n/data1/hms/dbmi/park/DATA/ICGC/PCAWG_Final_Datasets_DCC/consensus_cnv/segmented_cn/0bfd1043-8170-e3e4-e050-11ac0c4860c5.consensus.20170119.somatic.cna.txt
0bfd1043-8172-e3e4-e050-11ac0c4860c5	/n/data1/hms/dbmi/park/DATA/ICGC/PCAWG_Final_Datasets_DCC/consensus_snv_indel/merged_snv_mnv/0bfd1043-8172-e3e4-e050-11ac0c4860c5.consensus.20160830.somatic.snv_mnv.vcf.gz	/n/data1/hms/dbmi/park/DATA/ICGC/PCAWG_Final_Datasets_DCC/consensus_cnv/segmented_cn/0bfd1043-8172-e3e4-e050-11ac0c4860c5.consensus.20170119.somatic.cna.txt
0bfd1043-8173-e3e4-e050-11ac0c4860c5	/n/data1/hms/dbmi/park/DATA/ICGC/PCAWG_Final_Datasets_DCC/consensus_snv_indel/merged_snv_mnv/0bfd1043-8173-e3e4-e050-11ac0c4860c5.consensus.20160830.somatic.snv_mnv.vcf.gz	/n/data1/hms/dbmi/park/DATA/ICGC/PCAWG_Final_Datasets_DCC/consensus_cnv/segmented_cn/0bfd1043-8173-e3e4-e050-11ac0c4860c5.consensus.20170119.somatic.cna.txt
0bfd1043-8175-e3e4-e050-11ac0c4860c5	/n/data1/hms/dbmi/park/DATA/ICGC/PCAWG_Final_Datasets_DCC/consensus_snv_indel/merged_snv_mnv/0bfd1043-8175-e3e4-e050-11ac0c4860c5.consensus.20160830.somatic.snv_mnv.vcf.gz	/n/data1/hms/dbmi/park/DATA/ICGC/PCAWG_Final_Datasets_DCC/consensus_cnv/segmented_cn/0bfd1043-8175-e3e4-e050-11ac0c4860c5.consensus.20170119.somatic.cna.txt
0bfd1043-8177-e3e4-e050-11ac0c4860c5	/n/data1/hms/dbmi/park/DATA/ICGC/PCAWG_Final_Datasets_DCC/consensus_snv_indel/merged_snv_mnv/0bfd1043-8177-e3e4-e050-11ac0c4860c5.consensus.20160830.somatic.snv_mnv.vcf.gz	/n/data1/hms/dbmi/park/DATA/ICGC/PCAWG_Final_Datasets_DCC/consensus_cnv/segmented_cn/0bfd1043-8177-e3e4-e050-11ac0c4860c5.consensus.20170119.somatic.cna.txt
0bfd1043-817c-e3e4-e050-11ac0c4860c5	/n/data1/hms/dbmi/park/DATA/ICGC/PCAWG_Final_Datasets_DCC/consensus_snv_indel/merged_snv_mnv/0bfd1043-817c-e3e4-e050-11ac0c4860c5.consensus.20160830.somatic.snv_mnv.vcf.gz	/n/data1/hms/dbmi/park/DATA/ICGC/PCAWG_Final_Datasets_DCC/consensus_cnv/segmented_cn/0bfd1043-817c-e3e4-e050-11ac0c4860c5.consensus.20170119.somatic.cna.txt
0bfd1043-817e-e3e4-e050-11ac0c4860c5	/n/data1/hms/dbmi/park/DATA/ICGC/PCAWG_Final_Datasets_DCC/consensus_snv_indel/merged_snv_mnv/0bfd1043-817e-e3e4-e050-11ac0c4860c5.consensus.20160830.somatic.snv_mnv.vcf.gz	/n/data1/hms/dbmi/park/DATA/ICGC/PCAWG_Final_Datasets_DCC/consensus_cnv/segmented_cn/0bfd1043-817e-e3e4-e050-11ac0c4860c5.consensus.20170119.somatic.cna.txt
0bfd1043-8180-e3e4-e050-11ac0c4860c5	/n/data1/hms/dbmi/park/DATA/ICGC/PCAWG_Final_Datasets_DCC/consensus_snv_indel/merged_snv_mnv/0bfd1043-8180-e3e4-e050-11ac0c4860c5.consensus.20160830.somatic.snv_mnv.vcf.gz	/n/data1/hms/dbmi/park/DATA/ICGC/PCAWG_Final_Datasets_DCC/consensus_cnv/segmented_cn/0bfd1043-8180-e3e4-e050-11ac0c4860c5.consensus.20170119.somatic.cna.txt
0bfd1043-8181-e3e4-e050-11ac0c4860c5	/n/data1/hms/dbmi/park/DATA/ICGC/PCAWG_Final_Datasets_DCC/consensus_snv_indel/merged_snv_mnv/0bfd1043-8181-e3e4-e050-11ac0c4860c5.consensus.20160830.somatic.snv_mnv.vcf.gz	/n/data1/hms/dbmi/park/DATA/ICGC/PCAWG_Final_Datasets_DCC/consensus_cnv/segmented_cn/0bfd1043-8181-e3e4-e050-11ac0c4860c5.consensus.20170119.somatic.cna.txt
0bfd1043-8183-e3e4-e050-11ac0c4860c5	/n/data1/hms/dbmi/park/DATA/ICGC/PCAWG_Final_Datasets_DCC/consensus_snv_indel/merged_snv_mnv/0bfd1043-8183-e3e4-e050-11ac0c4860c5.consensus.20160830.somatic.snv_mnv.vcf.gz	/n/data1/hms/dbmi/park/DATA/ICGC/PCAWG_Final_Datasets_DCC/consensus_cnv/segmented_cn/0bfd1043-8183-e3e4-e050-11ac0c4860c5.consensus.20170119.somatic.cna.txt
0bfd1043-8187-e3e4-e050-11ac0c4860c5	/n/data1/hms/dbmi/park/DATA/ICGC/PCAWG_Final_Datasets_DCC/consensus_snv_indel/merged_snv_mnv/0bfd1043-8187-e3e4-e050-11ac0c4860c5.consensus.20160830.somatic.snv_mnv.vcf.gz	/n/data1/hms/dbmi/park/DATA/ICGC/PCAWG_Final_Datasets_DCC/consensus_cnv/segmented_cn/0bfd1043-8187-e3e4-e050-11ac0c4860c5.consensus.20170119.somatic.cna.txt
0bfd1043-8189-e3e4-e050-11ac0c4860c5	/n/data1/hms/dbmi/park/DATA/ICGC/PCAWG_Final_Datasets_DCC/consensus_snv_indel/merged_snv_mnv/0bfd1043-8189-e3e4-e050-11ac0c4860c5.consensus.20160830.somatic.snv_mnv.vcf.gz	/n/data1/hms/dbmi/park/DATA/ICGC/PCAWG_Final_Datasets_DCC/consensus_cnv/segmented_cn/0bfd1043-8189-e3e4-e050-11ac0c4860c5.consensus.20170119.somatic.cna.txt
0bfd1068-3fc3-a95b-e050-11ac0c4860c3	/n/data1/hms/dbmi/park/DATA/ICGC/PCAWG_Final_Datasets_DCC/consensus_snv_indel/merged_snv_mnv/0bfd1068-3fc3-a95b-e050-11ac0c4860c3.consensus.20160830.somatic.snv_mnv.vcf.gz	/n/data1/hms/dbmi/park/DATA/ICGC/PCAWG_Final_Datasets_DCC/consensus_cnv/segmented_cn/0bfd1068-3fc3-a95b-e050-11ac0c4860c3.consensus.20170119.somatic.cna.txt
0bfd1068-3fc5-a95b-e050-11ac0c4860c3	/n/data1/hms/dbmi/park/DATA/ICGC/PCAWG_Final_Datasets_DCC/consensus_snv_indel/merged_snv_mnv/0bfd1068-3fc5-a95b-e050-11ac0c4860c3.consensus.20160830.somatic.snv_mnv.vcf.gz	/n/data1/hms/dbmi/park/DATA/ICGC/PCAWG_Final_Datasets_DCC/consensus_cnv/segmented_cn/0bfd1068-3fc5-a95b-e050-11ac0c4860c3.consensus.20170119.somatic.cna.txt
0bfd1068-3fca-a95b-e050-11ac0c4860c3	/n/data1/hms/dbmi/park/DATA/ICGC/PCAWG_Final_Datasets_DCC/consensus_snv_indel/merged_snv_mnv/0bfd1068-3fca-a95b-e050-11ac0c4860c3.consensus.20160830.somatic.snv_mnv.vcf.gz	/n/data1/hms/dbmi/park/DATA/ICGC/PCAWG_Final_Datasets_DCC/consensus_cnv/segmented_cn/0bfd1068-3fca-a95b-e050-11ac0c4860c3.consensus.20170119.somatic.cna.txt
0bfd1068-3fcd-a95b-e050-11ac0c4860c3	/n/data1/hms/dbmi/park/DATA/ICGC/PCAWG_Final_Datasets_DCC/consensus_snv_indel/merged_snv_mnv/0bfd1068-3fcd-a95b-e050-11ac0c4860c3.consensus.20160830.somatic.snv_mnv.vcf.gz	/n/data1/hms/dbmi/park/DATA/ICGC/PCAWG_Final_Datasets_DCC/consensus_cnv/segmented_cn/0bfd1068-3fcd-a95b-e050-11ac0c4860c3.consensus.20170119.somatic.cna.txt
0bfd1068-3fcf-a95b-e050-11ac0c4860c3	/n/data1/hms/dbmi/park/DATA/ICGC/PCAWG_Final_Datasets_DCC/consensus_snv_indel/merged_snv_mnv/0bfd1068-3fcf-a95b-e050-11ac0c4860c3.consensus.20160830.somatic.snv_mnv.vcf.gz	/n/data1/hms/dbmi/park/DATA/ICGC/PCAWG_Final_Datasets_DCC/consensus_cnv/segmented_cn/0bfd1068-3fcf-a95b-e050-11ac0c4860c3.consensus.20170119.somatic.cna.txt
0bfd1068-3fd3-a95b-e050-11ac0c4860c3	/n/data1/hms/dbmi/park/DATA/ICGC/PCAWG_Final_Datasets_DCC/consensus_snv_indel/merged_snv_mnv/0bfd1068-3fd3-a95b-e050-11ac0c4860c3.consensus.20160830.somatic.snv_mnv.vcf.gz	/n/data1/hms/dbmi/park/DATA/ICGC/PCAWG_Final_Datasets_DCC/consensus_cnv/segmented_cn/0bfd1068-3fd3-a95b-e050-11ac0c4860c3.consensus.20170119.somatic.cna.txt
0bfd1068-3fd5-a95b-e050-11ac0c4860c3	/n/data1/hms/dbmi/park/DATA/ICGC/PCAWG_Final_Datasets_DCC/consensus_snv_indel/merged_snv_mnv/0bfd1068-3fd5-a95b-e050-11ac0c4860c3.consensus.20160830.somatic.snv_mnv.vcf.gz	/n/data1/hms/dbmi/park/DATA/ICGC/PCAWG_Final_Datasets_DCC/consensus_cnv/segmented_cn/0bfd1068-3fd5-a95b-e050-11ac0c4860c3.consensus.20170119.somatic.cna.txt
0bfd1068-3fd8-a95b-e050-11ac0c4860c3	/n/data1/hms/dbmi/park/DATA/ICGC/PCAWG_Final_Datasets_DCC/consensus_snv_indel/merged_snv_mnv/0bfd1068-3fd8-a95b-e050-11ac0c4860c3.consensus.20160830.somatic.snv_mnv.vcf.gz	/n/data1/hms/dbmi/park/DATA/ICGC/PCAWG_Final_Datasets_DCC/consensus_cnv/segmented_cn/0bfd1068-3fd8-a95b-e050-11ac0c4860c3.consensus.20170119.somatic.cna.txt
0bfd1068-3fdd-a95b-e050-11ac0c4860c3	/n/data1/hms/dbmi/park/DATA/ICGC/PCAWG_Final_Datasets_DCC/consensus_snv_indel/merged_snv_mnv/0bfd1068-3fdd-a95b-e050-11ac0c4860c3.consensus.20160830.somatic.snv_mnv.vcf.gz	/n/data1/hms/dbmi/park/DATA/ICGC/PCAWG_Final_Datasets_DCC/consensus_cnv/segmented_cn/0bfd1068-3fdd-a95b-e050-11ac0c4860c3.consensus.20170119.somatic.cna.txt
0bfd1068-3fdf-a95b-e050-11ac0c4860c3	/n/data1/hms/dbmi/park/DATA/ICGC/PCAWG_Final_Datasets_DCC/consensus_snv_indel/merged_snv_mnv/0bfd1068-3fdf-a95b-e050-11ac0c4860c3.consensus.20160830.somatic.snv_mnv.vcf.gz	/n/data1/hms/dbmi/park/DATA/ICGC/PCAWG_Final_Datasets_DCC/consensus_cnv/segmented_cn/0bfd1068-3fdf-a95b-e050-11ac0c4860c3.consensus.20170119.somatic.cna.txt
0bfd1068-3fe1-a95b-e050-11ac0c4860c3	/n/data1/hms/dbmi/park/DATA/ICGC/PCAWG_Final_Datasets_DCC/consensus_snv_indel/merged_snv_mnv/0bfd1068-3fe1-a95b-e050-11ac0c4860c3.consensus.20160830.somatic.snv_mnv.vcf.gz	/n/data1/hms/dbmi/park/DATA/ICGC/PCAWG_Final_Datasets_DCC/consensus_cnv/segmented_cn/0bfd1068-3fe1-a95b-e050-11ac0c4860c3.consensus.20170119.somatic.cna.txt
0bfd1068-3fe4-a95b-e050-11ac0c4860c3	/n/data1/hms/dbmi/park/DATA/ICGC/PCAWG_Final_Datasets_DCC/consensus_snv_indel/merged_snv_mnv/0bfd1068-3fe4-a95b-e050-11ac0c4860c3.consensus.20160830.somatic.snv_mnv.vcf.gz	/n/data1/hms/dbmi/park/DATA/ICGC/PCAWG_Final_Datasets_DCC/consensus_cnv/segmented_cn/0bfd1068-3fe4-a95b-e050-11ac0c4860c3.consensus.20170119.somatic.cna.txt
0bfd1068-3fe6-a95b-e050-11ac0c4860c3	/n/data1/hms/dbmi/park/DATA/ICGC/PCAWG_Final_Datasets_DCC/consensus_snv_indel/merged_snv_mnv/0bfd1068-3fe6-a95b-e050-11ac0c4860c3.consensus.20160830.somatic.snv_mnv.vcf.gz	/n/data1/hms/dbmi/park/DATA/ICGC/PCAWG_Final_Datasets_DCC/consensus_cnv/segmented_cn/0bfd1068-3fe6-a95b-e050-11ac0c4860c3.consensus.20170119.somatic.cna.txt
0bfe2ac9-0aec-c248-e050-11ac0d487e1c	/n/data1/hms/dbmi/park/DATA/ICGC/PCAWG_Final_Datasets_DCC/consensus_snv_indel/merged_snv_mnv/0bfe2ac9-0aec-c248-e050-11ac0d487e1c.consensus.20160830.somatic.snv_mnv.vcf.gz	/n/data1/hms/dbmi/park/DATA/ICGC/PCAWG_Final_Datasets_DCC/consensus_cnv/segmented_cn/0bfe2ac9-0aec-c248-e050-11ac0d487e1c.consensus.20170119.somatic.cna.txt
0bfe2ac9-0aee-c248-e050-11ac0d487e1c	/n/data1/hms/dbmi/park/DATA/ICGC/PCAWG_Final_Datasets_DCC/consensus_snv_indel/merged_snv_mnv/0bfe2ac9-0aee-c248-e050-11ac0d487e1c.consensus.20160830.somatic.snv_mnv.vcf.gz	/n/data1/hms/dbmi/park/DATA/ICGC/PCAWG_Final_Datasets_DCC/consensus_cnv/segmented_cn/0bfe2ac9-0aee-c248-e050-11ac0d487e1c.consensus.20170119.somatic.cna.txt
0bfe2ac9-0af3-c248-e050-11ac0d487e1c	/n/data1/hms/dbmi/park/DATA/ICGC/PCAWG_Final_Datasets_DCC/consensus_snv_indel/merged_snv_mnv/0bfe2ac9-0af3-c248-e050-11ac0d487e1c.consensus.20160830.somatic.snv_mnv.vcf.gz	/n/data1/hms/dbmi/park/DATA/ICGC/PCAWG_Final_Datasets_DCC/consensus_cnv/segmented_cn/0bfe2ac9-0af3-c248-e050-11ac0d487e1c.consensus.20170119.somatic.cna.txt
0bfe2ac9-0af5-c248-e050-11ac0d487e1c	/n/data1/hms/dbmi/park/DATA/ICGC/PCAWG_Final_Datasets_DCC/consensus_snv_indel/merged_snv_mnv/0bfe2ac9-0af5-c248-e050-11ac0d487e1c.consensus.20160830.somatic.snv_mnv.vcf.gz	/n/data1/hms/dbmi/park/DATA/ICGC/PCAWG_Final_Datasets_DCC/consensus_cnv/segmented_cn/0bfe2ac9-0af5-c248-e050-11ac0d487e1c.consensus.20170119.somatic.cna.txt
0bfe2ac9-0af8-c248-e050-11ac0d487e1c	/n/data1/hms/dbmi/park/DATA/ICGC/PCAWG_Final_Datasets_DCC/consensus_snv_indel/merged_snv_mnv/0bfe2ac9-0af8-c248-e050-11ac0d487e1c.consensus.20160830.somatic.snv_mnv.vcf.gz	/n/data1/hms/dbmi/park/DATA/ICGC/PCAWG_Final_Datasets_DCC/consensus_cnv/segmented_cn/0bfe2ac9-0af8-c248-e050-11ac0d487e1c.consensus.20170119.somatic.cna.txt
0bfe2ac9-0afa-c248-e050-11ac0d487e1c	/n/data1/hms/dbmi/park/DATA/ICGC/PCAWG_Final_Datasets_DCC/consensus_snv_indel/merged_snv_mnv/0bfe2ac9-0afa-c248-e050-11ac0d487e1c.consensus.20160830.somatic.snv_mnv.vcf.gz	/n/data1/hms/dbmi/park/DATA/ICGC/PCAWG_Final_Datasets_DCC/consensus_cnv/segmented_cn/0bfe2ac9-0afa-c248-e050-11ac0d487e1c.consensus.20170119.somatic.cna.txt
0bfe2ac9-0afd-c248-e050-11ac0d487e1c	/n/data1/hms/dbmi/park/DATA/ICGC/PCAWG_Final_Datasets_DCC/consensus_snv_indel/merged_snv_mnv/0bfe2ac9-0afd-c248-e050-11ac0d487e1c.consensus.20160830.somatic.snv_mnv.vcf.gz	/n/data1/hms/dbmi/park/DATA/ICGC/PCAWG_Final_Datasets_DCC/consensus_cnv/segmented_cn/0bfe2ac9-0afd-c248-e050-11ac0d487e1c.consensus.20170119.somatic.cna.txt
0bfe2ac9-0aff-c248-e050-11ac0d487e1c	/n/data1/hms/dbmi/park/DATA/ICGC/PCAWG_Final_Datasets_DCC/consensus_snv_indel/merged_snv_mnv/0bfe2ac9-0aff-c248-e050-11ac0d487e1c.consensus.20160830.somatic.snv_mnv.vcf.gz	/n/data1/hms/dbmi/park/DATA/ICGC/PCAWG_Final_Datasets_DCC/consensus_cnv/segmented_cn/0bfe2ac9-0aff-c248-e050-11ac0d487e1c.consensus.20170119.somatic.cna.txt
0bfebf9f-c779-e57d-e050-11ac0d487827	/n/data1/hms/dbmi/park/DATA/ICGC/PCAWG_Final_Datasets_DCC/consensus_snv_indel/merged_snv_mnv/0bfebf9f-c779-e57d-e050-11ac0d487827.consensus.20160830.somatic.snv_mnv.vcf.gz	/n/data1/hms/dbmi/park/DATA/ICGC/PCAWG_Final_Datasets_DCC/consensus_cnv/segmented_cn/0bfebf9f-c779-e57d-e050-11ac0d487827.consensus.20170119.somatic.cna.txt
0bfebf9f-c77d-e57d-e050-11ac0d487827	/n/data1/hms/dbmi/park/DATA/ICGC/PCAWG_Final_Datasets_DCC/consensus_snv_indel/merged_snv_mnv/0bfebf9f-c77d-e57d-e050-11ac0d487827.consensus.20160830.somatic.snv_mnv.vcf.gz	/n/data1/hms/dbmi/park/DATA/ICGC/PCAWG_Final_Datasets_DCC/consensus_cnv/segmented_cn/0bfebf9f-c77d-e57d-e050-11ac0d487827.consensus.20170119.somatic.cna.txt
0bfebf9f-c77f-e57d-e050-11ac0d487827	/n/data1/hms/dbmi/park/DATA/ICGC/PCAWG_Final_Datasets_DCC/consensus_snv_indel/merged_snv_mnv/0bfebf9f-c77f-e57d-e050-11ac0d487827.consensus.20160830.somatic.snv_mnv.vcf.gz	/n/data1/hms/dbmi/park/DATA/ICGC/PCAWG_Final_Datasets_DCC/consensus_cnv/segmented_cn/0bfebf9f-c77f-e57d-e050-11ac0d487827.consensus.20170119.somatic.cna.txt
0bfebf9f-c781-e57d-e050-11ac0d487827	/n/data1/hms/dbmi/park/DATA/ICGC/PCAWG_Final_Datasets_DCC/consensus_snv_indel/merged_snv_mnv/0bfebf9f-c781-e57d-e050-11ac0d487827.consensus.20160830.somatic.snv_mnv.vcf.gz	/n/data1/hms/dbmi/park/DATA/ICGC/PCAWG_Final_Datasets_DCC/consensus_cnv/segmented_cn/0bfebf9f-c781-e57d-e050-11ac0d487827.consensus.20170119.somatic.cna.txt
0bfebf9f-c783-e57d-e050-11ac0d487827	/n/data1/hms/dbmi/park/DATA/ICGC/PCAWG_Final_Datasets_DCC/consensus_snv_indel/merged_snv_mnv/0bfebf9f-c783-e57d-e050-11ac0d487827.consensus.20160830.somatic.snv_mnv.vcf.gz	/n/data1/hms/dbmi/park/DATA/ICGC/PCAWG_Final_Datasets_DCC/consensus_cnv/segmented_cn/0bfebf9f-c783-e57d-e050-11ac0d487827.consensus.20170119.somatic.cna.txt
0c0038ff-6cc4-b0b0-e050-11ac0d483d73	/n/data1/hms/dbmi/park/DATA/ICGC/PCAWG_Final_Datasets_DCC/consensus_snv_indel/merged_snv_mnv/0c0038ff-6cc4-b0b0-e050-11ac0d483d73.consensus.20160830.somatic.snv_mnv.vcf.gz	/n/data1/hms/dbmi/park/DATA/ICGC/PCAWG_Final_Datasets_DCC/consensus_cnv/segmented_cn/0c0038ff-6cc4-b0b0-e050-11ac0d483d73.consensus.20170119.somatic.cna.txt
0c0038ff-6cc6-b0b0-e050-11ac0d483d73	/n/data1/hms/dbmi/park/DATA/ICGC/PCAWG_Final_Datasets_DCC/consensus_snv_indel/merged_snv_mnv/0c0038ff-6cc6-b0b0-e050-11ac0d483d73.consensus.20160830.somatic.snv_mnv.vcf.gz	/n/data1/hms/dbmi/park/DATA/ICGC/PCAWG_Final_Datasets_DCC/consensus_cnv/segmented_cn/0c0038ff-6cc6-b0b0-e050-11ac0d483d73.consensus.20170119.somatic.cna.txt
0c0038ff-6cc8-b0b0-e050-11ac0d483d73	/n/data1/hms/dbmi/park/DATA/ICGC/PCAWG_Final_Datasets_DCC/consensus_snv_indel/merged_snv_mnv/0c0038ff-6cc8-b0b0-e050-11ac0d483d73.consensus.20160830.somatic.snv_mnv.vcf.gz	/n/data1/hms/dbmi/park/DATA/ICGC/PCAWG_Final_Datasets_DCC/consensus_cnv/segmented_cn/0c0038ff-6cc8-b0b0-e050-11ac0d483d73.consensus.20170119.somatic.cna.txt
0c18a8b7-bad1-4aa4-a6df-472f89d9761c	/n/data1/hms/dbmi/park/DATA/ICGC/PCAWG_Final_Datasets_DCC/consensus_snv_indel/merged_snv_mnv/0c18a8b7-bad1-4aa4-a6df-472f89d9761c.consensus.20160830.somatic.snv_mnv.vcf.gz	/n/data1/hms/dbmi/park/DATA/ICGC/PCAWG_Final_Datasets_DCC/consensus_cnv/segmented_cn/0c18a8b7-bad1-4aa4-a6df-472f89d9761c.consensus.20170119.somatic.cna.txt
0c39c03a-ec84-42c6-be69-8e98bc7a9f5a	/n/data1/hms/dbmi/park/DATA/ICGC/PCAWG_Final_Datasets_DCC/consensus_snv_indel/merged_snv_mnv/0c39c03a-ec84-42c6-be69-8e98bc7a9f5a.consensus.20160830.somatic.snv_mnv.vcf.gz	/n/data1/hms/dbmi/park/DATA/ICGC/PCAWG_Final_Datasets_DCC/consensus_cnv/segmented_cn/0c39c03a-ec84-42c6-be69-8e98bc7a9f5a.consensus.20170119.somatic.cna.txt
0c7aca3f-e006-4de3-afc2-20b4f727d4fd	/n/data1/hms/dbmi/park/DATA/ICGC/PCAWG_Final_Datasets_DCC/consensus_snv_indel/merged_snv_mnv/0c7aca3f-e006-4de3-afc2-20b4f727d4fd.consensus.20160830.somatic.snv_mnv.vcf.gz	/n/data1/hms/dbmi/park/DATA/ICGC/PCAWG_Final_Datasets_DCC/consensus_cnv/segmented_cn/0c7aca3f-e006-4de3-afc2-20b4f727d4fd.consensus.20170119.somatic.cna.txt
0c8f7e63-7a3e-42e8-9408-c5cbd2f52f9d	/n/data1/hms/dbmi/park/DATA/ICGC/PCAWG_Final_Datasets_DCC/consensus_snv_indel/merged_snv_mnv/0c8f7e63-7a3e-42e8-9408-c5cbd2f52f9d.consensus.20160830.somatic.snv_mnv.vcf.gz	/n/data1/hms/dbmi/park/DATA/ICGC/PCAWG_Final_Datasets_DCC/consensus_cnv/segmented_cn/0c8f7e63-7a3e-42e8-9408-c5cbd2f52f9d.consensus.20170119.somatic.cna.txt
0c9a5dbc-f7f3-43e7-83d1-77b9fb4b8b54	/n/data1/hms/dbmi/park/DATA/ICGC/PCAWG_Final_Datasets_DCC/consensus_snv_indel/merged_snv_mnv/0c9a5dbc-f7f3-43e7-83d1-77b9fb4b8b54.consensus.20160830.somatic.snv_mnv.vcf.gz	/n/data1/hms/dbmi/park/DATA/ICGC/PCAWG_Final_Datasets_DCC/consensus_cnv/segmented_cn/0c9a5dbc-f7f3-43e7-83d1-77b9fb4b8b54.consensus.20170119.somatic.cna.txt
0cb4356c-b5d6-4541-b048-ff6d4b3a5d26	/n/data1/hms/dbmi/park/DATA/ICGC/PCAWG_Final_Datasets_DCC/consensus_snv_indel/merged_snv_mnv/0cb4356c-b5d6-4541-b048-ff6d4b3a5d26.consensus.20160830.somatic.snv_mnv.vcf.gz	/n/data1/hms/dbmi/park/DATA/ICGC/PCAWG_Final_Datasets_DCC/consensus_cnv/segmented_cn/0cb4356c-b5d6-4541-b048-ff6d4b3a5d26.consensus.20170119.somatic.cna.txt
0cd60b96-eb2d-4687-9709-d1455ec45de7	/n/data1/hms/dbmi/park/DATA/ICGC/PCAWG_Final_Datasets_DCC/consensus_snv_indel/merged_snv_mnv/0cd60b96-eb2d-4687-9709-d1455ec45de7.consensus.20160830.somatic.snv_mnv.vcf.gz	/n/data1/hms/dbmi/park/DATA/ICGC/PCAWG_Final_Datasets_DCC/consensus_cnv/segmented_cn/0cd60b96-eb2d-4687-9709-d1455ec45de7.consensus.20170119.somatic.cna.txt
0cdbabf2-c623-11e3-bf01-24c6515278c0	/n/data1/hms/dbmi/park/DATA/ICGC/PCAWG_Final_Datasets_DCC/consensus_snv_indel/merged_snv_mnv/0cdbabf2-c623-11e3-bf01-24c6515278c0.consensus.20160830.somatic.snv_mnv.vcf.gz	/n/data1/hms/dbmi/park/DATA/ICGC/PCAWG_Final_Datasets_DCC/consensus_cnv/segmented_cn/0cdbabf2-c623-11e3-bf01-24c6515278c0.consensus.20170119.somatic.cna.txt
0ce6f3ed-bdbc-4b70-9db4-2e48f4bf644d	/n/data1/hms/dbmi/park/DATA/ICGC/PCAWG_Final_Datasets_DCC/consensus_snv_indel/merged_snv_mnv/0ce6f3ed-bdbc-4b70-9db4-2e48f4bf644d.consensus.20160830.somatic.snv_mnv.vcf.gz	/n/data1/hms/dbmi/park/DATA/ICGC/PCAWG_Final_Datasets_DCC/consensus_cnv/segmented_cn/0ce6f3ed-bdbc-4b70-9db4-2e48f4bf644d.consensus.20170119.somatic.cna.txt
0cf9bbc2-cbd5-4b64-8d90-cfa416307b39	/n/data1/hms/dbmi/park/DATA/ICGC/PCAWG_Final_Datasets_DCC/consensus_snv_indel/merged_snv_mnv/0cf9bbc2-cbd5-4b64-8d90-cfa416307b39.consensus.20160830.somatic.snv_mnv.vcf.gz	/n/data1/hms/dbmi/park/DATA/ICGC/PCAWG_Final_Datasets_DCC/consensus_cnv/segmented_cn/0cf9bbc2-cbd5-4b64-8d90-cfa416307b39.consensus.20170119.somatic.cna.txt
0d0793c1-df1b-4db1-ba36-adcb960cc0f5	/n/data1/hms/dbmi/park/DATA/ICGC/PCAWG_Final_Datasets_DCC/consensus_snv_indel/merged_snv_mnv/0d0793c1-df1b-4db1-ba36-adcb960cc0f5.consensus.20160830.somatic.snv_mnv.vcf.gz	/n/data1/hms/dbmi/park/DATA/ICGC/PCAWG_Final_Datasets_DCC/consensus_cnv/segmented_cn/0d0793c1-df1b-4db1-ba36-adcb960cc0f5.consensus.20170119.somatic.cna.txt
0d259ac2-03d1-4814-9b0b-d05e3a6029b7	/n/data1/hms/dbmi/park/DATA/ICGC/PCAWG_Final_Datasets_DCC/consensus_snv_indel/merged_snv_mnv/0d259ac2-03d1-4814-9b0b-d05e3a6029b7.consensus.20160830.somatic.snv_mnv.vcf.gz	/n/data1/hms/dbmi/park/DATA/ICGC/PCAWG_Final_Datasets_DCC/consensus_cnv/segmented_cn/0d259ac2-03d1-4814-9b0b-d05e3a6029b7.consensus.20170119.somatic.cna.txt
0d31a44f-1fc5-43a2-9633-36c4e650d3d2	/n/data1/hms/dbmi/park/DATA/ICGC/PCAWG_Final_Datasets_DCC/consensus_snv_indel/merged_snv_mnv/0d31a44f-1fc5-43a2-9633-36c4e650d3d2.consensus.20160830.somatic.snv_mnv.vcf.gz	/n/data1/hms/dbmi/park/DATA/ICGC/PCAWG_Final_Datasets_DCC/consensus_cnv/segmented_cn/0d31a44f-1fc5-43a2-9633-36c4e650d3d2.consensus.20170119.somatic.cna.txt
0d569bd5-418d-4d72-87ca-8e14668c2119	/n/data1/hms/dbmi/park/DATA/ICGC/PCAWG_Final_Datasets_DCC/consensus_snv_indel/merged_snv_mnv/0d569bd5-418d-4d72-87ca-8e14668c2119.consensus.20160830.somatic.snv_mnv.vcf.gz	/n/data1/hms/dbmi/park/DATA/ICGC/PCAWG_Final_Datasets_DCC/consensus_cnv/segmented_cn/0d569bd5-418d-4d72-87ca-8e14668c2119.consensus.20170119.somatic.cna.txt
0db9309e-7b95-4ae3-b0ed-dfd4f38d11b0	/n/data1/hms/dbmi/park/DATA/ICGC/PCAWG_Final_Datasets_DCC/consensus_snv_indel/merged_snv_mnv/0db9309e-7b95-4ae3-b0ed-dfd4f38d11b0.consensus.20160830.somatic.snv_mnv.vcf.gz	/n/data1/hms/dbmi/park/DATA/ICGC/PCAWG_Final_Datasets_DCC/consensus_cnv/segmented_cn/0db9309e-7b95-4ae3-b0ed-dfd4f38d11b0.consensus.20170119.somatic.cna.txt
0dd0718d-5ddf-4c59-8c47-0f51303daeb5	/n/data1/hms/dbmi/park/DATA/ICGC/PCAWG_Final_Datasets_DCC/consensus_snv_indel/merged_snv_mnv/0dd0718d-5ddf-4c59-8c47-0f51303daeb5.consensus.20160830.somatic.snv_mnv.vcf.gz	/n/data1/hms/dbmi/park/DATA/ICGC/PCAWG_Final_Datasets_DCC/consensus_cnv/segmented_cn/0dd0718d-5ddf-4c59-8c47-0f51303daeb5.consensus.20170119.somatic.cna.txt
0dd39eca-c623-11e3-bf01-24c6515278c0	/n/data1/hms/dbmi/park/DATA/ICGC/PCAWG_Final_Datasets_DCC/consensus_snv_indel/merged_snv_mnv/0dd39eca-c623-11e3-bf01-24c6515278c0.consensus.20160830.somatic.snv_mnv.vcf.gz	/n/data1/hms/dbmi/park/DATA/ICGC/PCAWG_Final_Datasets_DCC/consensus_cnv/segmented_cn/0dd39eca-c623-11e3-bf01-24c6515278c0.consensus.20170119.somatic.cna.txt
0e1e628b-823a-4861-aa95-bed2fada7349	/n/data1/hms/dbmi/park/DATA/ICGC/PCAWG_Final_Datasets_DCC/consensus_snv_indel/merged_snv_mnv/0e1e628b-823a-4861-aa95-bed2fada7349.consensus.20160830.somatic.snv_mnv.vcf.gz	/n/data1/hms/dbmi/park/DATA/ICGC/PCAWG_Final_Datasets_DCC/consensus_cnv/segmented_cn/0e1e628b-823a-4861-aa95-bed2fada7349.consensus.20170119.somatic.cna.txt
0e54cea2-d568-4a33-b9db-b698844e6ad9	/n/data1/hms/dbmi/park/DATA/ICGC/PCAWG_Final_Datasets_DCC/consensus_snv_indel/merged_snv_mnv/0e54cea2-d568-4a33-b9db-b698844e6ad9.consensus.20160830.somatic.snv_mnv.vcf.gz	/n/data1/hms/dbmi/park/DATA/ICGC/PCAWG_Final_Datasets_DCC/consensus_cnv/segmented_cn/0e54cea2-d568-4a33-b9db-b698844e6ad9.consensus.20170119.somatic.cna.txt
0e6654c9-cd5e-4f94-a6d4-54f2bb16de1f	/n/data1/hms/dbmi/park/DATA/ICGC/PCAWG_Final_Datasets_DCC/consensus_snv_indel/merged_snv_mnv/0e6654c9-cd5e-4f94-a6d4-54f2bb16de1f.consensus.20160830.somatic.snv_mnv.vcf.gz	/n/data1/hms/dbmi/park/DATA/ICGC/PCAWG_Final_Datasets_DCC/consensus_cnv/segmented_cn/0e6654c9-cd5e-4f94-a6d4-54f2bb16de1f.consensus.20170119.somatic.cna.txt
0e6ca8dc-0f31-4675-95b1-5920576daeff	/n/data1/hms/dbmi/park/DATA/ICGC/PCAWG_Final_Datasets_DCC/consensus_snv_indel/merged_snv_mnv/0e6ca8dc-0f31-4675-95b1-5920576daeff.consensus.20160830.somatic.snv_mnv.vcf.gz	/n/data1/hms/dbmi/park/DATA/ICGC/PCAWG_Final_Datasets_DCC/consensus_cnv/segmented_cn/0e6ca8dc-0f31-4675-95b1-5920576daeff.consensus.20170119.somatic.cna.txt
0e7ac212-0469-4f17-9432-205ab1831257	/n/data1/hms/dbmi/park/DATA/ICGC/PCAWG_Final_Datasets_DCC/consensus_snv_indel/merged_snv_mnv/0e7ac212-0469-4f17-9432-205ab1831257.consensus.20160830.somatic.snv_mnv.vcf.gz	/n/data1/hms/dbmi/park/DATA/ICGC/PCAWG_Final_Datasets_DCC/consensus_cnv/segmented_cn/0e7ac212-0469-4f17-9432-205ab1831257.consensus.20170119.somatic.cna.txt
0e7f46ca-6f5c-4538-b6d6-00af65d57fcf	/n/data1/hms/dbmi/park/DATA/ICGC/PCAWG_Final_Datasets_DCC/consensus_snv_indel/merged_snv_mnv/0e7f46ca-6f5c-4538-b6d6-00af65d57fcf.consensus.20160830.somatic.snv_mnv.vcf.gz	/n/data1/hms/dbmi/park/DATA/ICGC/PCAWG_Final_Datasets_DCC/consensus_cnv/segmented_cn/0e7f46ca-6f5c-4538-b6d6-00af65d57fcf.consensus.20170119.somatic.cna.txt
0e872e0d-4711-4364-a5d0-6beeb6fd3ff2	/n/data1/hms/dbmi/park/DATA/ICGC/PCAWG_Final_Datasets_DCC/consensus_snv_indel/merged_snv_mnv/0e872e0d-4711-4364-a5d0-6beeb6fd3ff2.consensus.20160830.somatic.snv_mnv.vcf.gz	/n/data1/hms/dbmi/park/DATA/ICGC/PCAWG_Final_Datasets_DCC/consensus_cnv/segmented_cn/0e872e0d-4711-4364-a5d0-6beeb6fd3ff2.consensus.20170119.somatic.cna.txt
0ed2e2e1-2fe3-43eb-8cad-34f3f21a7169	/n/data1/hms/dbmi/park/DATA/ICGC/PCAWG_Final_Datasets_DCC/consensus_snv_indel/merged_snv_mnv/0ed2e2e1-2fe3-43eb-8cad-34f3f21a7169.consensus.20160830.somatic.snv_mnv.vcf.gz	/n/data1/hms/dbmi/park/DATA/ICGC/PCAWG_Final_Datasets_DCC/consensus_cnv/segmented_cn/0ed2e2e1-2fe3-43eb-8cad-34f3f21a7169.consensus.20170119.somatic.cna.txt
0ed63d84-d3fe-4289-9255-35f4a03b703b	/n/data1/hms/dbmi/park/DATA/ICGC/PCAWG_Final_Datasets_DCC/consensus_snv_indel/merged_snv_mnv/0ed63d84-d3fe-4289-9255-35f4a03b703b.consensus.20160830.somatic.snv_mnv.vcf.gz	/n/data1/hms/dbmi/park/DATA/ICGC/PCAWG_Final_Datasets_DCC/consensus_cnv/segmented_cn/0ed63d84-d3fe-4289-9255-35f4a03b703b.consensus.20170119.somatic.cna.txt
0eeafcd6-c623-11e3-bf01-24c6515278c0	/n/data1/hms/dbmi/park/DATA/ICGC/PCAWG_Final_Datasets_DCC/consensus_snv_indel/merged_snv_mnv/0eeafcd6-c623-11e3-bf01-24c6515278c0.consensus.20160830.somatic.snv_mnv.vcf.gz	/n/data1/hms/dbmi/park/DATA/ICGC/PCAWG_Final_Datasets_DCC/consensus_cnv/segmented_cn/0eeafcd6-c623-11e3-bf01-24c6515278c0.consensus.20170119.somatic.cna.txt
0ef92ff8-829f-425a-91d8-c594b6e22a2b	/n/data1/hms/dbmi/park/DATA/ICGC/PCAWG_Final_Datasets_DCC/consensus_snv_indel/merged_snv_mnv/0ef92ff8-829f-425a-91d8-c594b6e22a2b.consensus.20160830.somatic.snv_mnv.vcf.gz	/n/data1/hms/dbmi/park/DATA/ICGC/PCAWG_Final_Datasets_DCC/consensus_cnv/segmented_cn/0ef92ff8-829f-425a-91d8-c594b6e22a2b.consensus.20170119.somatic.cna.txt
0efb6e20-236d-4640-9373-6fc03e67d090	/n/data1/hms/dbmi/park/DATA/ICGC/PCAWG_Final_Datasets_DCC/consensus_snv_indel/merged_snv_mnv/0efb6e20-236d-4640-9373-6fc03e67d090.consensus.20160830.somatic.snv_mnv.vcf.gz	/n/data1/hms/dbmi/park/DATA/ICGC/PCAWG_Final_Datasets_DCC/consensus_cnv/segmented_cn/0efb6e20-236d-4640-9373-6fc03e67d090.consensus.20170119.somatic.cna.txt
0efee3f3-313b-44eb-b3b0-af975a1ded82	/n/data1/hms/dbmi/park/DATA/ICGC/PCAWG_Final_Datasets_DCC/consensus_snv_indel/merged_snv_mnv/0efee3f3-313b-44eb-b3b0-af975a1ded82.consensus.20160830.somatic.snv_mnv.vcf.gz	/n/data1/hms/dbmi/park/DATA/ICGC/PCAWG_Final_Datasets_DCC/consensus_cnv/segmented_cn/0efee3f3-313b-44eb-b3b0-af975a1ded82.consensus.20170119.somatic.cna.txt
0f53e757-1823-409f-a0ea-249270728e15	/n/data1/hms/dbmi/park/DATA/ICGC/PCAWG_Final_Datasets_DCC/consensus_snv_indel/merged_snv_mnv/0f53e757-1823-409f-a0ea-249270728e15.consensus.20160830.somatic.snv_mnv.vcf.gz	/n/data1/hms/dbmi/park/DATA/ICGC/PCAWG_Final_Datasets_DCC/consensus_cnv/segmented_cn/0f53e757-1823-409f-a0ea-249270728e15.consensus.20170119.somatic.cna.txt
0f6b355e-3898-4be6-be97-da0c3840a4ed	/n/data1/hms/dbmi/park/DATA/ICGC/PCAWG_Final_Datasets_DCC/consensus_snv_indel/merged_snv_mnv/0f6b355e-3898-4be6-be97-da0c3840a4ed.consensus.20160830.somatic.snv_mnv.vcf.gz	/n/data1/hms/dbmi/park/DATA/ICGC/PCAWG_Final_Datasets_DCC/consensus_cnv/segmented_cn/0f6b355e-3898-4be6-be97-da0c3840a4ed.consensus.20170119.somatic.cna.txt
0f9e70b3-24cf-4d76-af7b-84ace66ec5a7	/n/data1/hms/dbmi/park/DATA/ICGC/PCAWG_Final_Datasets_DCC/consensus_snv_indel/merged_snv_mnv/0f9e70b3-24cf-4d76-af7b-84ace66ec5a7.consensus.20160830.somatic.snv_mnv.vcf.gz	/n/data1/hms/dbmi/park/DATA/ICGC/PCAWG_Final_Datasets_DCC/consensus_cnv/segmented_cn/0f9e70b3-24cf-4d76-af7b-84ace66ec5a7.consensus.20170119.somatic.cna.txt
0fa9cfba-0f49-47d0-ab54-9dd2144e0a73	/n/data1/hms/dbmi/park/DATA/ICGC/PCAWG_Final_Datasets_DCC/consensus_snv_indel/merged_snv_mnv/0fa9cfba-0f49-47d0-ab54-9dd2144e0a73.consensus.20160830.somatic.snv_mnv.vcf.gz	/n/data1/hms/dbmi/park/DATA/ICGC/PCAWG_Final_Datasets_DCC/consensus_cnv/segmented_cn/0fa9cfba-0f49-47d0-ab54-9dd2144e0a73.consensus.20170119.somatic.cna.txt
0fbd94b1-bb34-4620-841b-861a0b5e0c12	/n/data1/hms/dbmi/park/DATA/ICGC/PCAWG_Final_Datasets_DCC/consensus_snv_indel/merged_snv_mnv/0fbd94b1-bb34-4620-841b-861a0b5e0c12.consensus.20160830.somatic.snv_mnv.vcf.gz	/n/data1/hms/dbmi/park/DATA/ICGC/PCAWG_Final_Datasets_DCC/consensus_cnv/segmented_cn/0fbd94b1-bb34-4620-841b-861a0b5e0c12.consensus.20170119.somatic.cna.txt
0fc63b79-7fff-441d-88fc-922d53c787ab	/n/data1/hms/dbmi/park/DATA/ICGC/PCAWG_Final_Datasets_DCC/consensus_snv_indel/merged_snv_mnv/0fc63b79-7fff-441d-88fc-922d53c787ab.consensus.20160830.somatic.snv_mnv.vcf.gz	/n/data1/hms/dbmi/park/DATA/ICGC/PCAWG_Final_Datasets_DCC/consensus_cnv/segmented_cn/0fc63b79-7fff-441d-88fc-922d53c787ab.consensus.20170119.somatic.cna.txt
10136472-c623-11e3-bf01-24c6515278c0	/n/data1/hms/dbmi/park/DATA/ICGC/PCAWG_Final_Datasets_DCC/consensus_snv_indel/merged_snv_mnv/10136472-c623-11e3-bf01-24c6515278c0.consensus.20160830.somatic.snv_mnv.vcf.gz	/n/data1/hms/dbmi/park/DATA/ICGC/PCAWG_Final_Datasets_DCC/consensus_cnv/segmented_cn/10136472-c623-11e3-bf01-24c6515278c0.consensus.20170119.somatic.cna.txt
1021b60d-f7b2-43b0-b2cc-f282d619d533	/n/data1/hms/dbmi/park/DATA/ICGC/PCAWG_Final_Datasets_DCC/consensus_snv_indel/merged_snv_mnv/1021b60d-f7b2-43b0-b2cc-f282d619d533.consensus.20160830.somatic.snv_mnv.vcf.gz	/n/data1/hms/dbmi/park/DATA/ICGC/PCAWG_Final_Datasets_DCC/consensus_cnv/segmented_cn/1021b60d-f7b2-43b0-b2cc-f282d619d533.consensus.20170119.somatic.cna.txt
105a51c4-cc7e-4d0f-9cf8-e4d64a31d14d	/n/data1/hms/dbmi/park/DATA/ICGC/PCAWG_Final_Datasets_DCC/consensus_snv_indel/merged_snv_mnv/105a51c4-cc7e-4d0f-9cf8-e4d64a31d14d.consensus.20160830.somatic.snv_mnv.vcf.gz	/n/data1/hms/dbmi/park/DATA/ICGC/PCAWG_Final_Datasets_DCC/consensus_cnv/segmented_cn/105a51c4-cc7e-4d0f-9cf8-e4d64a31d14d.consensus.20170119.somatic.cna.txt
108749d2-5c62-4ef1-92df-aec6941ba53b	/n/data1/hms/dbmi/park/DATA/ICGC/PCAWG_Final_Datasets_DCC/consensus_snv_indel/merged_snv_mnv/108749d2-5c62-4ef1-92df-aec6941ba53b.consensus.20160830.somatic.snv_mnv.vcf.gz	/n/data1/hms/dbmi/park/DATA/ICGC/PCAWG_Final_Datasets_DCC/consensus_cnv/segmented_cn/108749d2-5c62-4ef1-92df-aec6941ba53b.consensus.20170119.somatic.cna.txt
108b67d4-5d66-46da-8675-6acae643b76f	/n/data1/hms/dbmi/park/DATA/ICGC/PCAWG_Final_Datasets_DCC/consensus_snv_indel/merged_snv_mnv/108b67d4-5d66-46da-8675-6acae643b76f.consensus.20160830.somatic.snv_mnv.vcf.gz	/n/data1/hms/dbmi/park/DATA/ICGC/PCAWG_Final_Datasets_DCC/consensus_cnv/segmented_cn/108b67d4-5d66-46da-8675-6acae643b76f.consensus.20170119.somatic.cna.txt
10ad692b-4c3d-42de-9b5e-4968441388b3	/n/data1/hms/dbmi/park/DATA/ICGC/PCAWG_Final_Datasets_DCC/consensus_snv_indel/merged_snv_mnv/10ad692b-4c3d-42de-9b5e-4968441388b3.consensus.20160830.somatic.snv_mnv.vcf.gz	/n/data1/hms/dbmi/park/DATA/ICGC/PCAWG_Final_Datasets_DCC/consensus_cnv/segmented_cn/10ad692b-4c3d-42de-9b5e-4968441388b3.consensus.20170119.somatic.cna.txt
10bb1a92-901e-4a14-80f4-5e88f997754b	/n/data1/hms/dbmi/park/DATA/ICGC/PCAWG_Final_Datasets_DCC/consensus_snv_indel/merged_snv_mnv/10bb1a92-901e-4a14-80f4-5e88f997754b.consensus.20160830.somatic.snv_mnv.vcf.gz	/n/data1/hms/dbmi/park/DATA/ICGC/PCAWG_Final_Datasets_DCC/consensus_cnv/segmented_cn/10bb1a92-901e-4a14-80f4-5e88f997754b.consensus.20170119.somatic.cna.txt
10cb8ac6-c622-11e3-bf01-24c6515278c0	/n/data1/hms/dbmi/park/DATA/ICGC/PCAWG_Final_Datasets_DCC/consensus_snv_indel/merged_snv_mnv/10cb8ac6-c622-11e3-bf01-24c6515278c0.consensus.20160830.somatic.snv_mnv.vcf.gz	/n/data1/hms/dbmi/park/DATA/ICGC/PCAWG_Final_Datasets_DCC/consensus_cnv/segmented_cn/10cb8ac6-c622-11e3-bf01-24c6515278c0.consensus.20170119.somatic.cna.txt
10d15b7a-16d1-4953-aaef-f193ffa97f42	/n/data1/hms/dbmi/park/DATA/ICGC/PCAWG_Final_Datasets_DCC/consensus_snv_indel/merged_snv_mnv/10d15b7a-16d1-4953-aaef-f193ffa97f42.consensus.20160830.somatic.snv_mnv.vcf.gz	/n/data1/hms/dbmi/park/DATA/ICGC/PCAWG_Final_Datasets_DCC/consensus_cnv/segmented_cn/10d15b7a-16d1-4953-aaef-f193ffa97f42.consensus.20170119.somatic.cna.txt
10db2142-c623-11e3-bf01-24c6515278c0	/n/data1/hms/dbmi/park/DATA/ICGC/PCAWG_Final_Datasets_DCC/consensus_snv_indel/merged_snv_mnv/10db2142-c623-11e3-bf01-24c6515278c0.consensus.20160830.somatic.snv_mnv.vcf.gz	/n/data1/hms/dbmi/park/DATA/ICGC/PCAWG_Final_Datasets_DCC/consensus_cnv/segmented_cn/10db2142-c623-11e3-bf01-24c6515278c0.consensus.20170119.somatic.cna.txt
110b5f05-ded7-45ec-b0f6-a941c92d77dd	/n/data1/hms/dbmi/park/DATA/ICGC/PCAWG_Final_Datasets_DCC/consensus_snv_indel/merged_snv_mnv/110b5f05-ded7-45ec-b0f6-a941c92d77dd.consensus.20160830.somatic.snv_mnv.vcf.gz	/n/data1/hms/dbmi/park/DATA/ICGC/PCAWG_Final_Datasets_DCC/consensus_cnv/segmented_cn/110b5f05-ded7-45ec-b0f6-a941c92d77dd.consensus.20170119.somatic.cna.txt
1127b561-ea40-4d5e-95df-daa0a5ebc1e4	/n/data1/hms/dbmi/park/DATA/ICGC/PCAWG_Final_Datasets_DCC/consensus_snv_indel/merged_snv_mnv/1127b561-ea40-4d5e-95df-daa0a5ebc1e4.consensus.20160830.somatic.snv_mnv.vcf.gz	/n/data1/hms/dbmi/park/DATA/ICGC/PCAWG_Final_Datasets_DCC/consensus_cnv/segmented_cn/1127b561-ea40-4d5e-95df-daa0a5ebc1e4.consensus.20170119.somatic.cna.txt
11473a98-d953-45f9-abf5-709b68a4bae8	/n/data1/hms/dbmi/park/DATA/ICGC/PCAWG_Final_Datasets_DCC/consensus_snv_indel/merged_snv_mnv/11473a98-d953-45f9-abf5-709b68a4bae8.consensus.20160830.somatic.snv_mnv.vcf.gz	/n/data1/hms/dbmi/park/DATA/ICGC/PCAWG_Final_Datasets_DCC/consensus_cnv/segmented_cn/11473a98-d953-45f9-abf5-709b68a4bae8.consensus.20170119.somatic.cna.txt
1157a548-6770-4c89-a84c-bcf6f0e96ea8	/n/data1/hms/dbmi/park/DATA/ICGC/PCAWG_Final_Datasets_DCC/consensus_snv_indel/merged_snv_mnv/1157a548-6770-4c89-a84c-bcf6f0e96ea8.consensus.20160830.somatic.snv_mnv.vcf.gz	/n/data1/hms/dbmi/park/DATA/ICGC/PCAWG_Final_Datasets_DCC/consensus_cnv/segmented_cn/1157a548-6770-4c89-a84c-bcf6f0e96ea8.consensus.20170119.somatic.cna.txt
1168944c-5451-4a18-8758-88bf5723bdd9	/n/data1/hms/dbmi/park/DATA/ICGC/PCAWG_Final_Datasets_DCC/consensus_snv_indel/merged_snv_mnv/1168944c-5451-4a18-8758-88bf5723bdd9.consensus.20160830.somatic.snv_mnv.vcf.gz	/n/data1/hms/dbmi/park/DATA/ICGC/PCAWG_Final_Datasets_DCC/consensus_cnv/segmented_cn/1168944c-5451-4a18-8758-88bf5723bdd9.consensus.20170119.somatic.cna.txt
1193a9c4-5aab-4cd7-a690-60c96bd1172d	/n/data1/hms/dbmi/park/DATA/ICGC/PCAWG_Final_Datasets_DCC/consensus_snv_indel/merged_snv_mnv/1193a9c4-5aab-4cd7-a690-60c96bd1172d.consensus.20160830.somatic.snv_mnv.vcf.gz	/n/data1/hms/dbmi/park/DATA/ICGC/PCAWG_Final_Datasets_DCC/consensus_cnv/segmented_cn/1193a9c4-5aab-4cd7-a690-60c96bd1172d.consensus.20170119.somatic.cna.txt
11ae45fb-05f6-425a-9295-d50d13407006	/n/data1/hms/dbmi/park/DATA/ICGC/PCAWG_Final_Datasets_DCC/consensus_snv_indel/merged_snv_mnv/11ae45fb-05f6-425a-9295-d50d13407006.consensus.20160830.somatic.snv_mnv.vcf.gz	/n/data1/hms/dbmi/park/DATA/ICGC/PCAWG_Final_Datasets_DCC/consensus_cnv/segmented_cn/11ae45fb-05f6-425a-9295-d50d13407006.consensus.20170119.somatic.cna.txt
120f01d1-8884-4aca-a1cb-36b207b2aa3a	/n/data1/hms/dbmi/park/DATA/ICGC/PCAWG_Final_Datasets_DCC/consensus_snv_indel/merged_snv_mnv/120f01d1-8884-4aca-a1cb-36b207b2aa3a.consensus.20160830.somatic.snv_mnv.vcf.gz	/n/data1/hms/dbmi/park/DATA/ICGC/PCAWG_Final_Datasets_DCC/consensus_cnv/segmented_cn/120f01d1-8884-4aca-a1cb-36b207b2aa3a.consensus.20170119.somatic.cna.txt
122bf0a9-8052-49da-a9d7-0e5de9ab7032	/n/data1/hms/dbmi/park/DATA/ICGC/PCAWG_Final_Datasets_DCC/consensus_snv_indel/merged_snv_mnv/122bf0a9-8052-49da-a9d7-0e5de9ab7032.consensus.20160830.somatic.snv_mnv.vcf.gz	/n/data1/hms/dbmi/park/DATA/ICGC/PCAWG_Final_Datasets_DCC/consensus_cnv/segmented_cn/122bf0a9-8052-49da-a9d7-0e5de9ab7032.consensus.20170119.somatic.cna.txt
123c9d1c-72ba-4d82-8e57-d5caa52a40ba	/n/data1/hms/dbmi/park/DATA/ICGC/PCAWG_Final_Datasets_DCC/consensus_snv_indel/merged_snv_mnv/123c9d1c-72ba-4d82-8e57-d5caa52a40ba.consensus.20160830.somatic.snv_mnv.vcf.gz	/n/data1/hms/dbmi/park/DATA/ICGC/PCAWG_Final_Datasets_DCC/consensus_cnv/segmented_cn/123c9d1c-72ba-4d82-8e57-d5caa52a40ba.consensus.20170119.somatic.cna.txt
124d5b04-4588-44c3-9c00-61e064cf1bdb	/n/data1/hms/dbmi/park/DATA/ICGC/PCAWG_Final_Datasets_DCC/consensus_snv_indel/merged_snv_mnv/124d5b04-4588-44c3-9c00-61e064cf1bdb.consensus.20160830.somatic.snv_mnv.vcf.gz	/n/data1/hms/dbmi/park/DATA/ICGC/PCAWG_Final_Datasets_DCC/consensus_cnv/segmented_cn/124d5b04-4588-44c3-9c00-61e064cf1bdb.consensus.20170119.somatic.cna.txt
126ee433-d345-4cac-882a-c91831a24690	/n/data1/hms/dbmi/park/DATA/ICGC/PCAWG_Final_Datasets_DCC/consensus_snv_indel/merged_snv_mnv/126ee433-d345-4cac-882a-c91831a24690.consensus.20160830.somatic.snv_mnv.vcf.gz	/n/data1/hms/dbmi/park/DATA/ICGC/PCAWG_Final_Datasets_DCC/consensus_cnv/segmented_cn/126ee433-d345-4cac-882a-c91831a24690.consensus.20170119.somatic.cna.txt
127b0f7d-d24e-48b7-ac25-d3f14a43952d	/n/data1/hms/dbmi/park/DATA/ICGC/PCAWG_Final_Datasets_DCC/consensus_snv_indel/merged_snv_mnv/127b0f7d-d24e-48b7-ac25-d3f14a43952d.consensus.20160830.somatic.snv_mnv.vcf.gz	/n/data1/hms/dbmi/park/DATA/ICGC/PCAWG_Final_Datasets_DCC/consensus_cnv/segmented_cn/127b0f7d-d24e-48b7-ac25-d3f14a43952d.consensus.20170119.somatic.cna.txt
12874085-a596-41ae-b4cd-817cb1ebb278	/n/data1/hms/dbmi/park/DATA/ICGC/PCAWG_Final_Datasets_DCC/consensus_snv_indel/merged_snv_mnv/12874085-a596-41ae-b4cd-817cb1ebb278.consensus.20160830.somatic.snv_mnv.vcf.gz	/n/data1/hms/dbmi/park/DATA/ICGC/PCAWG_Final_Datasets_DCC/consensus_cnv/segmented_cn/12874085-a596-41ae-b4cd-817cb1ebb278.consensus.20170119.somatic.cna.txt
1292e13b-d7c6-447b-a227-9a8113215580	/n/data1/hms/dbmi/park/DATA/ICGC/PCAWG_Final_Datasets_DCC/consensus_snv_indel/merged_snv_mnv/1292e13b-d7c6-447b-a227-9a8113215580.consensus.20160830.somatic.snv_mnv.vcf.gz	/n/data1/hms/dbmi/park/DATA/ICGC/PCAWG_Final_Datasets_DCC/consensus_cnv/segmented_cn/1292e13b-d7c6-447b-a227-9a8113215580.consensus.20170119.somatic.cna.txt
129459c1-38be-45da-bb87-18848c97c544	/n/data1/hms/dbmi/park/DATA/ICGC/PCAWG_Final_Datasets_DCC/consensus_snv_indel/merged_snv_mnv/129459c1-38be-45da-bb87-18848c97c544.consensus.20160830.somatic.snv_mnv.vcf.gz	/n/data1/hms/dbmi/park/DATA/ICGC/PCAWG_Final_Datasets_DCC/consensus_cnv/segmented_cn/129459c1-38be-45da-bb87-18848c97c544.consensus.20170119.somatic.cna.txt
1295947c-c623-11e3-bf01-24c6515278c0	/n/data1/hms/dbmi/park/DATA/ICGC/PCAWG_Final_Datasets_DCC/consensus_snv_indel/merged_snv_mnv/1295947c-c623-11e3-bf01-24c6515278c0.consensus.20160830.somatic.snv_mnv.vcf.gz	/n/data1/hms/dbmi/park/DATA/ICGC/PCAWG_Final_Datasets_DCC/consensus_cnv/segmented_cn/1295947c-c623-11e3-bf01-24c6515278c0.consensus.20170119.somatic.cna.txt
129d2c6c-6688-4b29-bfa7-8df3fe77b25a	/n/data1/hms/dbmi/park/DATA/ICGC/PCAWG_Final_Datasets_DCC/consensus_snv_indel/merged_snv_mnv/129d2c6c-6688-4b29-bfa7-8df3fe77b25a.consensus.20160830.somatic.snv_mnv.vcf.gz	/n/data1/hms/dbmi/park/DATA/ICGC/PCAWG_Final_Datasets_DCC/consensus_cnv/segmented_cn/129d2c6c-6688-4b29-bfa7-8df3fe77b25a.consensus.20170119.somatic.cna.txt
129de5b2-d9b0-4762-9ef8-72d98231fb50	/n/data1/hms/dbmi/park/DATA/ICGC/PCAWG_Final_Datasets_DCC/consensus_snv_indel/merged_snv_mnv/129de5b2-d9b0-4762-9ef8-72d98231fb50.consensus.20160830.somatic.snv_mnv.vcf.gz	/n/data1/hms/dbmi/park/DATA/ICGC/PCAWG_Final_Datasets_DCC/consensus_cnv/segmented_cn/129de5b2-d9b0-4762-9ef8-72d98231fb50.consensus.20170119.somatic.cna.txt
12ae2ba1-9484-47fe-8a3f-bba94a6abe0c	/n/data1/hms/dbmi/park/DATA/ICGC/PCAWG_Final_Datasets_DCC/consensus_snv_indel/merged_snv_mnv/12ae2ba1-9484-47fe-8a3f-bba94a6abe0c.consensus.20160830.somatic.snv_mnv.vcf.gz	/n/data1/hms/dbmi/park/DATA/ICGC/PCAWG_Final_Datasets_DCC/consensus_cnv/segmented_cn/12ae2ba1-9484-47fe-8a3f-bba94a6abe0c.consensus.20170119.somatic.cna.txt
12d7121a-0345-4808-a819-09d6e3227bd5	/n/data1/hms/dbmi/park/DATA/ICGC/PCAWG_Final_Datasets_DCC/consensus_snv_indel/merged_snv_mnv/12d7121a-0345-4808-a819-09d6e3227bd5.consensus.20160830.somatic.snv_mnv.vcf.gz	/n/data1/hms/dbmi/park/DATA/ICGC/PCAWG_Final_Datasets_DCC/consensus_cnv/segmented_cn/12d7121a-0345-4808-a819-09d6e3227bd5.consensus.20170119.somatic.cna.txt
12f038e1-00af-4c64-a2e0-9e63323492ef	/n/data1/hms/dbmi/park/DATA/ICGC/PCAWG_Final_Datasets_DCC/consensus_snv_indel/merged_snv_mnv/12f038e1-00af-4c64-a2e0-9e63323492ef.consensus.20160830.somatic.snv_mnv.vcf.gz	/n/data1/hms/dbmi/park/DATA/ICGC/PCAWG_Final_Datasets_DCC/consensus_cnv/segmented_cn/12f038e1-00af-4c64-a2e0-9e63323492ef.consensus.20170119.somatic.cna.txt
12f1ae2f-2666-45be-9742-f502d212373d	/n/data1/hms/dbmi/park/DATA/ICGC/PCAWG_Final_Datasets_DCC/consensus_snv_indel/merged_snv_mnv/12f1ae2f-2666-45be-9742-f502d212373d.consensus.20160830.somatic.snv_mnv.vcf.gz	/n/data1/hms/dbmi/park/DATA/ICGC/PCAWG_Final_Datasets_DCC/consensus_cnv/segmented_cn/12f1ae2f-2666-45be-9742-f502d212373d.consensus.20170119.somatic.cna.txt
131332b2-ff51-4bd7-a626-aff2ecea6135	/n/data1/hms/dbmi/park/DATA/ICGC/PCAWG_Final_Datasets_DCC/consensus_snv_indel/merged_snv_mnv/131332b2-ff51-4bd7-a626-aff2ecea6135.consensus.20160830.somatic.snv_mnv.vcf.gz	/n/data1/hms/dbmi/park/DATA/ICGC/PCAWG_Final_Datasets_DCC/consensus_cnv/segmented_cn/131332b2-ff51-4bd7-a626-aff2ecea6135.consensus.20170119.somatic.cna.txt
1327bbd4-a466-4e26-905f-cf91315f1cc8	/n/data1/hms/dbmi/park/DATA/ICGC/PCAWG_Final_Datasets_DCC/consensus_snv_indel/merged_snv_mnv/1327bbd4-a466-4e26-905f-cf91315f1cc8.consensus.20160830.somatic.snv_mnv.vcf.gz	/n/data1/hms/dbmi/park/DATA/ICGC/PCAWG_Final_Datasets_DCC/consensus_cnv/segmented_cn/1327bbd4-a466-4e26-905f-cf91315f1cc8.consensus.20170119.somatic.cna.txt
132f7f2a-b902-4343-aa08-cf6a7af10b9a	/n/data1/hms/dbmi/park/DATA/ICGC/PCAWG_Final_Datasets_DCC/consensus_snv_indel/merged_snv_mnv/132f7f2a-b902-4343-aa08-cf6a7af10b9a.consensus.20160830.somatic.snv_mnv.vcf.gz	/n/data1/hms/dbmi/park/DATA/ICGC/PCAWG_Final_Datasets_DCC/consensus_cnv/segmented_cn/132f7f2a-b902-4343-aa08-cf6a7af10b9a.consensus.20170119.somatic.cna.txt
13446fc4-9fa6-4bb3-a00a-b9265b41eb12	/n/data1/hms/dbmi/park/DATA/ICGC/PCAWG_Final_Datasets_DCC/consensus_snv_indel/merged_snv_mnv/13446fc4-9fa6-4bb3-a00a-b9265b41eb12.consensus.20160830.somatic.snv_mnv.vcf.gz	/n/data1/hms/dbmi/park/DATA/ICGC/PCAWG_Final_Datasets_DCC/consensus_cnv/segmented_cn/13446fc4-9fa6-4bb3-a00a-b9265b41eb12.consensus.20170119.somatic.cna.txt
134c9a92-e91e-4347-a9c4-727279edebb1	/n/data1/hms/dbmi/park/DATA/ICGC/PCAWG_Final_Datasets_DCC/consensus_snv_indel/merged_snv_mnv/134c9a92-e91e-4347-a9c4-727279edebb1.consensus.20160830.somatic.snv_mnv.vcf.gz	/n/data1/hms/dbmi/park/DATA/ICGC/PCAWG_Final_Datasets_DCC/consensus_cnv/segmented_cn/134c9a92-e91e-4347-a9c4-727279edebb1.consensus.20170119.somatic.cna.txt
1358ff92-4db9-4e42-b63a-984a7bea425a	/n/data1/hms/dbmi/park/DATA/ICGC/PCAWG_Final_Datasets_DCC/consensus_snv_indel/merged_snv_mnv/1358ff92-4db9-4e42-b63a-984a7bea425a.consensus.20160830.somatic.snv_mnv.vcf.gz	/n/data1/hms/dbmi/park/DATA/ICGC/PCAWG_Final_Datasets_DCC/consensus_cnv/segmented_cn/1358ff92-4db9-4e42-b63a-984a7bea425a.consensus.20170119.somatic.cna.txt
13642cf8-9840-4a7d-a26a-95f65b2c70c3	/n/data1/hms/dbmi/park/DATA/ICGC/PCAWG_Final_Datasets_DCC/consensus_snv_indel/merged_snv_mnv/13642cf8-9840-4a7d-a26a-95f65b2c70c3.consensus.20160830.somatic.snv_mnv.vcf.gz	/n/data1/hms/dbmi/park/DATA/ICGC/PCAWG_Final_Datasets_DCC/consensus_cnv/segmented_cn/13642cf8-9840-4a7d-a26a-95f65b2c70c3.consensus.20170119.somatic.cna.txt
13bd2b30-c623-11e3-bf01-24c6515278c0	/n/data1/hms/dbmi/park/DATA/ICGC/PCAWG_Final_Datasets_DCC/consensus_snv_indel/merged_snv_mnv/13bd2b30-c623-11e3-bf01-24c6515278c0.consensus.20160830.somatic.snv_mnv.vcf.gz	/n/data1/hms/dbmi/park/DATA/ICGC/PCAWG_Final_Datasets_DCC/consensus_cnv/segmented_cn/13bd2b30-c623-11e3-bf01-24c6515278c0.consensus.20170119.somatic.cna.txt
13c312ec-0add-4758-ab8d-c193e2e08c6d	/n/data1/hms/dbmi/park/DATA/ICGC/PCAWG_Final_Datasets_DCC/consensus_snv_indel/merged_snv_mnv/13c312ec-0add-4758-ab8d-c193e2e08c6d.consensus.20160830.somatic.snv_mnv.vcf.gz	/n/data1/hms/dbmi/park/DATA/ICGC/PCAWG_Final_Datasets_DCC/consensus_cnv/segmented_cn/13c312ec-0add-4758-ab8d-c193e2e08c6d.consensus.20170119.somatic.cna.txt
13c62975-9f5e-4d40-a461-dceab08a31ec	/n/data1/hms/dbmi/park/DATA/ICGC/PCAWG_Final_Datasets_DCC/consensus_snv_indel/merged_snv_mnv/13c62975-9f5e-4d40-a461-dceab08a31ec.consensus.20160830.somatic.snv_mnv.vcf.gz	/n/data1/hms/dbmi/park/DATA/ICGC/PCAWG_Final_Datasets_DCC/consensus_cnv/segmented_cn/13c62975-9f5e-4d40-a461-dceab08a31ec.consensus.20170119.somatic.cna.txt
13c7065e-6780-4571-978e-a7c13078ff50	/n/data1/hms/dbmi/park/DATA/ICGC/PCAWG_Final_Datasets_DCC/consensus_snv_indel/merged_snv_mnv/13c7065e-6780-4571-978e-a7c13078ff50.consensus.20160830.somatic.snv_mnv.vcf.gz	/n/data1/hms/dbmi/park/DATA/ICGC/PCAWG_Final_Datasets_DCC/consensus_cnv/segmented_cn/13c7065e-6780-4571-978e-a7c13078ff50.consensus.20170119.somatic.cna.txt
13d05f7a-e16a-40ef-9a15-21257da2cf89	/n/data1/hms/dbmi/park/DATA/ICGC/PCAWG_Final_Datasets_DCC/consensus_snv_indel/merged_snv_mnv/13d05f7a-e16a-40ef-9a15-21257da2cf89.consensus.20160830.somatic.snv_mnv.vcf.gz	/n/data1/hms/dbmi/park/DATA/ICGC/PCAWG_Final_Datasets_DCC/consensus_cnv/segmented_cn/13d05f7a-e16a-40ef-9a15-21257da2cf89.consensus.20170119.somatic.cna.txt
140d5fa9-afbe-444e-a7e7-6a4cb4ab2923	/n/data1/hms/dbmi/park/DATA/ICGC/PCAWG_Final_Datasets_DCC/consensus_snv_indel/merged_snv_mnv/140d5fa9-afbe-444e-a7e7-6a4cb4ab2923.consensus.20160830.somatic.snv_mnv.vcf.gz	/n/data1/hms/dbmi/park/DATA/ICGC/PCAWG_Final_Datasets_DCC/consensus_cnv/segmented_cn/140d5fa9-afbe-444e-a7e7-6a4cb4ab2923.consensus.20170119.somatic.cna.txt
140d6ef7-0217-4d16-9add-215d0d14ba06	/n/data1/hms/dbmi/park/DATA/ICGC/PCAWG_Final_Datasets_DCC/consensus_snv_indel/merged_snv_mnv/140d6ef7-0217-4d16-9add-215d0d14ba06.consensus.20160830.somatic.snv_mnv.vcf.gz	/n/data1/hms/dbmi/park/DATA/ICGC/PCAWG_Final_Datasets_DCC/consensus_cnv/segmented_cn/140d6ef7-0217-4d16-9add-215d0d14ba06.consensus.20170119.somatic.cna.txt
141918cd-3e23-45bc-96e1-b208c80f69e7	/n/data1/hms/dbmi/park/DATA/ICGC/PCAWG_Final_Datasets_DCC/consensus_snv_indel/merged_snv_mnv/141918cd-3e23-45bc-96e1-b208c80f69e7.consensus.20160830.somatic.snv_mnv.vcf.gz	/n/data1/hms/dbmi/park/DATA/ICGC/PCAWG_Final_Datasets_DCC/consensus_cnv/segmented_cn/141918cd-3e23-45bc-96e1-b208c80f69e7.consensus.20170119.somatic.cna.txt
142b6dbf-c943-4a7d-8ab6-13a975f48d7a	/n/data1/hms/dbmi/park/DATA/ICGC/PCAWG_Final_Datasets_DCC/consensus_snv_indel/merged_snv_mnv/142b6dbf-c943-4a7d-8ab6-13a975f48d7a.consensus.20160830.somatic.snv_mnv.vcf.gz	/n/data1/hms/dbmi/park/DATA/ICGC/PCAWG_Final_Datasets_DCC/consensus_cnv/segmented_cn/142b6dbf-c943-4a7d-8ab6-13a975f48d7a.consensus.20170119.somatic.cna.txt
14334aea-2dae-428c-9d4a-1a37878dfc3f	/n/data1/hms/dbmi/park/DATA/ICGC/PCAWG_Final_Datasets_DCC/consensus_snv_indel/merged_snv_mnv/14334aea-2dae-428c-9d4a-1a37878dfc3f.consensus.20160830.somatic.snv_mnv.vcf.gz	/n/data1/hms/dbmi/park/DATA/ICGC/PCAWG_Final_Datasets_DCC/consensus_cnv/segmented_cn/14334aea-2dae-428c-9d4a-1a37878dfc3f.consensus.20170119.somatic.cna.txt
1447c8cb-25d4-4092-8919-4df08f898d2d	/n/data1/hms/dbmi/park/DATA/ICGC/PCAWG_Final_Datasets_DCC/consensus_snv_indel/merged_snv_mnv/1447c8cb-25d4-4092-8919-4df08f898d2d.consensus.20160830.somatic.snv_mnv.vcf.gz	/n/data1/hms/dbmi/park/DATA/ICGC/PCAWG_Final_Datasets_DCC/consensus_cnv/segmented_cn/1447c8cb-25d4-4092-8919-4df08f898d2d.consensus.20170119.somatic.cna.txt
145f2b89-8878-4390-b0f6-f09b02fb138a	/n/data1/hms/dbmi/park/DATA/ICGC/PCAWG_Final_Datasets_DCC/consensus_snv_indel/merged_snv_mnv/145f2b89-8878-4390-b0f6-f09b02fb138a.consensus.20160830.somatic.snv_mnv.vcf.gz	/n/data1/hms/dbmi/park/DATA/ICGC/PCAWG_Final_Datasets_DCC/consensus_cnv/segmented_cn/145f2b89-8878-4390-b0f6-f09b02fb138a.consensus.20170119.somatic.cna.txt
145f6dbb-9744-44f7-8485-e440689de3fd	/n/data1/hms/dbmi/park/DATA/ICGC/PCAWG_Final_Datasets_DCC/consensus_snv_indel/merged_snv_mnv/145f6dbb-9744-44f7-8485-e440689de3fd.consensus.20160830.somatic.snv_mnv.vcf.gz	/n/data1/hms/dbmi/park/DATA/ICGC/PCAWG_Final_Datasets_DCC/consensus_cnv/segmented_cn/145f6dbb-9744-44f7-8485-e440689de3fd.consensus.20170119.somatic.cna.txt
14630c19-9ee0-4ab3-9d8b-8c3309d1e7d0	/n/data1/hms/dbmi/park/DATA/ICGC/PCAWG_Final_Datasets_DCC/consensus_snv_indel/merged_snv_mnv/14630c19-9ee0-4ab3-9d8b-8c3309d1e7d0.consensus.20160830.somatic.snv_mnv.vcf.gz	/n/data1/hms/dbmi/park/DATA/ICGC/PCAWG_Final_Datasets_DCC/consensus_cnv/segmented_cn/14630c19-9ee0-4ab3-9d8b-8c3309d1e7d0.consensus.20170119.somatic.cna.txt
147e3496-514e-4da7-be42-7cd9be78ed04	/n/data1/hms/dbmi/park/DATA/ICGC/PCAWG_Final_Datasets_DCC/consensus_snv_indel/merged_snv_mnv/147e3496-514e-4da7-be42-7cd9be78ed04.consensus.20160830.somatic.snv_mnv.vcf.gz	/n/data1/hms/dbmi/park/DATA/ICGC/PCAWG_Final_Datasets_DCC/consensus_cnv/segmented_cn/147e3496-514e-4da7-be42-7cd9be78ed04.consensus.20170119.somatic.cna.txt
148536ce-ee2a-4952-a19d-10d6f44146b9	/n/data1/hms/dbmi/park/DATA/ICGC/PCAWG_Final_Datasets_DCC/consensus_snv_indel/merged_snv_mnv/148536ce-ee2a-4952-a19d-10d6f44146b9.consensus.20160830.somatic.snv_mnv.vcf.gz	/n/data1/hms/dbmi/park/DATA/ICGC/PCAWG_Final_Datasets_DCC/consensus_cnv/segmented_cn/148536ce-ee2a-4952-a19d-10d6f44146b9.consensus.20170119.somatic.cna.txt
1494bb16-f1f0-42a4-b10e-c383574cbc8b	/n/data1/hms/dbmi/park/DATA/ICGC/PCAWG_Final_Datasets_DCC/consensus_snv_indel/merged_snv_mnv/1494bb16-f1f0-42a4-b10e-c383574cbc8b.consensus.20160830.somatic.snv_mnv.vcf.gz	/n/data1/hms/dbmi/park/DATA/ICGC/PCAWG_Final_Datasets_DCC/consensus_cnv/segmented_cn/1494bb16-f1f0-42a4-b10e-c383574cbc8b.consensus.20170119.somatic.cna.txt
14b8bbf2-310b-459b-b52d-a7ef510ce1cf	/n/data1/hms/dbmi/park/DATA/ICGC/PCAWG_Final_Datasets_DCC/consensus_snv_indel/merged_snv_mnv/14b8bbf2-310b-459b-b52d-a7ef510ce1cf.consensus.20160830.somatic.snv_mnv.vcf.gz	/n/data1/hms/dbmi/park/DATA/ICGC/PCAWG_Final_Datasets_DCC/consensus_cnv/segmented_cn/14b8bbf2-310b-459b-b52d-a7ef510ce1cf.consensus.20170119.somatic.cna.txt
14bf9bfb-14d6-4cac-a556-828f680e8a15	/n/data1/hms/dbmi/park/DATA/ICGC/PCAWG_Final_Datasets_DCC/consensus_snv_indel/merged_snv_mnv/14bf9bfb-14d6-4cac-a556-828f680e8a15.consensus.20160830.somatic.snv_mnv.vcf.gz	/n/data1/hms/dbmi/park/DATA/ICGC/PCAWG_Final_Datasets_DCC/consensus_cnv/segmented_cn/14bf9bfb-14d6-4cac-a556-828f680e8a15.consensus.20170119.somatic.cna.txt
14c5b81d-da49-4db1-9834-77711c2b1d38	/n/data1/hms/dbmi/park/DATA/ICGC/PCAWG_Final_Datasets_DCC/consensus_snv_indel/merged_snv_mnv/14c5b81d-da49-4db1-9834-77711c2b1d38.consensus.20160830.somatic.snv_mnv.vcf.gz	/n/data1/hms/dbmi/park/DATA/ICGC/PCAWG_Final_Datasets_DCC/consensus_cnv/segmented_cn/14c5b81d-da49-4db1-9834-77711c2b1d38.consensus.20170119.somatic.cna.txt
14cbcbb1-028b-471a-bb4f-8b29cfa5e4eb	/n/data1/hms/dbmi/park/DATA/ICGC/PCAWG_Final_Datasets_DCC/consensus_snv_indel/merged_snv_mnv/14cbcbb1-028b-471a-bb4f-8b29cfa5e4eb.consensus.20160830.somatic.snv_mnv.vcf.gz	/n/data1/hms/dbmi/park/DATA/ICGC/PCAWG_Final_Datasets_DCC/consensus_cnv/segmented_cn/14cbcbb1-028b-471a-bb4f-8b29cfa5e4eb.consensus.20170119.somatic.cna.txt
14dd86c1-dfb3-4124-a453-4d64223bc048	/n/data1/hms/dbmi/park/DATA/ICGC/PCAWG_Final_Datasets_DCC/consensus_snv_indel/merged_snv_mnv/14dd86c1-dfb3-4124-a453-4d64223bc048.consensus.20160830.somatic.snv_mnv.vcf.gz	/n/data1/hms/dbmi/park/DATA/ICGC/PCAWG_Final_Datasets_DCC/consensus_cnv/segmented_cn/14dd86c1-dfb3-4124-a453-4d64223bc048.consensus.20170119.somatic.cna.txt
14ed7388-41ed-43d4-afb2-04cd6410d5d2	/n/data1/hms/dbmi/park/DATA/ICGC/PCAWG_Final_Datasets_DCC/consensus_snv_indel/merged_snv_mnv/14ed7388-41ed-43d4-afb2-04cd6410d5d2.consensus.20160830.somatic.snv_mnv.vcf.gz	/n/data1/hms/dbmi/park/DATA/ICGC/PCAWG_Final_Datasets_DCC/consensus_cnv/segmented_cn/14ed7388-41ed-43d4-afb2-04cd6410d5d2.consensus.20170119.somatic.cna.txt
14f41457-25c3-4979-8515-4f33322039a5	/n/data1/hms/dbmi/park/DATA/ICGC/PCAWG_Final_Datasets_DCC/consensus_snv_indel/merged_snv_mnv/14f41457-25c3-4979-8515-4f33322039a5.consensus.20160830.somatic.snv_mnv.vcf.gz	/n/data1/hms/dbmi/park/DATA/ICGC/PCAWG_Final_Datasets_DCC/consensus_cnv/segmented_cn/14f41457-25c3-4979-8515-4f33322039a5.consensus.20170119.somatic.cna.txt
153a64ee-6322-4f2e-b3df-77ef7d3a4cf0	/n/data1/hms/dbmi/park/DATA/ICGC/PCAWG_Final_Datasets_DCC/consensus_snv_indel/merged_snv_mnv/153a64ee-6322-4f2e-b3df-77ef7d3a4cf0.consensus.20160830.somatic.snv_mnv.vcf.gz	/n/data1/hms/dbmi/park/DATA/ICGC/PCAWG_Final_Datasets_DCC/consensus_cnv/segmented_cn/153a64ee-6322-4f2e-b3df-77ef7d3a4cf0.consensus.20170119.somatic.cna.txt
154f80bd-984c-4792-bb89-20c4da0c08e0	/n/data1/hms/dbmi/park/DATA/ICGC/PCAWG_Final_Datasets_DCC/consensus_snv_indel/merged_snv_mnv/154f80bd-984c-4792-bb89-20c4da0c08e0.consensus.20160830.somatic.snv_mnv.vcf.gz	/n/data1/hms/dbmi/park/DATA/ICGC/PCAWG_Final_Datasets_DCC/consensus_cnv/segmented_cn/154f80bd-984c-4792-bb89-20c4da0c08e0.consensus.20170119.somatic.cna.txt
15563a10-47a8-401d-a507-2c7101f7ae60	/n/data1/hms/dbmi/park/DATA/ICGC/PCAWG_Final_Datasets_DCC/consensus_snv_indel/merged_snv_mnv/15563a10-47a8-401d-a507-2c7101f7ae60.consensus.20160830.somatic.snv_mnv.vcf.gz	/n/data1/hms/dbmi/park/DATA/ICGC/PCAWG_Final_Datasets_DCC/consensus_cnv/segmented_cn/15563a10-47a8-401d-a507-2c7101f7ae60.consensus.20170119.somatic.cna.txt
1558629a-770a-4dcb-b0bf-9a8bcea9d80b	/n/data1/hms/dbmi/park/DATA/ICGC/PCAWG_Final_Datasets_DCC/consensus_snv_indel/merged_snv_mnv/1558629a-770a-4dcb-b0bf-9a8bcea9d80b.consensus.20160830.somatic.snv_mnv.vcf.gz	/n/data1/hms/dbmi/park/DATA/ICGC/PCAWG_Final_Datasets_DCC/consensus_cnv/segmented_cn/1558629a-770a-4dcb-b0bf-9a8bcea9d80b.consensus.20170119.somatic.cna.txt
155873b2-e5de-405f-87f6-6de0d238b160	/n/data1/hms/dbmi/park/DATA/ICGC/PCAWG_Final_Datasets_DCC/consensus_snv_indel/merged_snv_mnv/155873b2-e5de-405f-87f6-6de0d238b160.consensus.20160830.somatic.snv_mnv.vcf.gz	/n/data1/hms/dbmi/park/DATA/ICGC/PCAWG_Final_Datasets_DCC/consensus_cnv/segmented_cn/155873b2-e5de-405f-87f6-6de0d238b160.consensus.20170119.somatic.cna.txt
15678c3d-ce61-454d-849e-1d4ca358909b	/n/data1/hms/dbmi/park/DATA/ICGC/PCAWG_Final_Datasets_DCC/consensus_snv_indel/merged_snv_mnv/15678c3d-ce61-454d-849e-1d4ca358909b.consensus.20160830.somatic.snv_mnv.vcf.gz	/n/data1/hms/dbmi/park/DATA/ICGC/PCAWG_Final_Datasets_DCC/consensus_cnv/segmented_cn/15678c3d-ce61-454d-849e-1d4ca358909b.consensus.20170119.somatic.cna.txt
15895218-c623-11e3-bf01-24c6515278c0	/n/data1/hms/dbmi/park/DATA/ICGC/PCAWG_Final_Datasets_DCC/consensus_snv_indel/merged_snv_mnv/15895218-c623-11e3-bf01-24c6515278c0.consensus.20160830.somatic.snv_mnv.vcf.gz	/n/data1/hms/dbmi/park/DATA/ICGC/PCAWG_Final_Datasets_DCC/consensus_cnv/segmented_cn/15895218-c623-11e3-bf01-24c6515278c0.consensus.20170119.somatic.cna.txt
15a93657-0521-430a-a816-bf0842374b75	/n/data1/hms/dbmi/park/DATA/ICGC/PCAWG_Final_Datasets_DCC/consensus_snv_indel/merged_snv_mnv/15a93657-0521-430a-a816-bf0842374b75.consensus.20160830.somatic.snv_mnv.vcf.gz	/n/data1/hms/dbmi/park/DATA/ICGC/PCAWG_Final_Datasets_DCC/consensus_cnv/segmented_cn/15a93657-0521-430a-a816-bf0842374b75.consensus.20170119.somatic.cna.txt
15abb2a3-10a2-4e04-8eb9-6eadbd976af0	/n/data1/hms/dbmi/park/DATA/ICGC/PCAWG_Final_Datasets_DCC/consensus_snv_indel/merged_snv_mnv/15abb2a3-10a2-4e04-8eb9-6eadbd976af0.consensus.20160830.somatic.snv_mnv.vcf.gz	/n/data1/hms/dbmi/park/DATA/ICGC/PCAWG_Final_Datasets_DCC/consensus_cnv/segmented_cn/15abb2a3-10a2-4e04-8eb9-6eadbd976af0.consensus.20170119.somatic.cna.txt
15d597de-d26c-4ce1-b0cb-077e39b55f30	/n/data1/hms/dbmi/park/DATA/ICGC/PCAWG_Final_Datasets_DCC/consensus_snv_indel/merged_snv_mnv/15d597de-d26c-4ce1-b0cb-077e39b55f30.consensus.20160830.somatic.snv_mnv.vcf.gz	/n/data1/hms/dbmi/park/DATA/ICGC/PCAWG_Final_Datasets_DCC/consensus_cnv/segmented_cn/15d597de-d26c-4ce1-b0cb-077e39b55f30.consensus.20170119.somatic.cna.txt
15daadb0-6b24-4248-9225-470dc08f1552	/n/data1/hms/dbmi/park/DATA/ICGC/PCAWG_Final_Datasets_DCC/consensus_snv_indel/merged_snv_mnv/15daadb0-6b24-4248-9225-470dc08f1552.consensus.20160830.somatic.snv_mnv.vcf.gz	/n/data1/hms/dbmi/park/DATA/ICGC/PCAWG_Final_Datasets_DCC/consensus_cnv/segmented_cn/15daadb0-6b24-4248-9225-470dc08f1552.consensus.20170119.somatic.cna.txt
15dd024e-c0da-461a-84db-d01e60a22210	/n/data1/hms/dbmi/park/DATA/ICGC/PCAWG_Final_Datasets_DCC/consensus_snv_indel/merged_snv_mnv/15dd024e-c0da-461a-84db-d01e60a22210.consensus.20160830.somatic.snv_mnv.vcf.gz	/n/data1/hms/dbmi/park/DATA/ICGC/PCAWG_Final_Datasets_DCC/consensus_cnv/segmented_cn/15dd024e-c0da-461a-84db-d01e60a22210.consensus.20170119.somatic.cna.txt
15e097e3-e468-466c-8e57-b59fba90bbf2	/n/data1/hms/dbmi/park/DATA/ICGC/PCAWG_Final_Datasets_DCC/consensus_snv_indel/merged_snv_mnv/15e097e3-e468-466c-8e57-b59fba90bbf2.consensus.20160830.somatic.snv_mnv.vcf.gz	/n/data1/hms/dbmi/park/DATA/ICGC/PCAWG_Final_Datasets_DCC/consensus_cnv/segmented_cn/15e097e3-e468-466c-8e57-b59fba90bbf2.consensus.20170119.somatic.cna.txt
15e7d981-8c27-4b2b-b4f8-626e22021895	/n/data1/hms/dbmi/park/DATA/ICGC/PCAWG_Final_Datasets_DCC/consensus_snv_indel/merged_snv_mnv/15e7d981-8c27-4b2b-b4f8-626e22021895.consensus.20160830.somatic.snv_mnv.vcf.gz	/n/data1/hms/dbmi/park/DATA/ICGC/PCAWG_Final_Datasets_DCC/consensus_cnv/segmented_cn/15e7d981-8c27-4b2b-b4f8-626e22021895.consensus.20170119.somatic.cna.txt
15f90ef0-831b-40a3-98bd-ec226a9e8b26	/n/data1/hms/dbmi/park/DATA/ICGC/PCAWG_Final_Datasets_DCC/consensus_snv_indel/merged_snv_mnv/15f90ef0-831b-40a3-98bd-ec226a9e8b26.consensus.20160830.somatic.snv_mnv.vcf.gz	/n/data1/hms/dbmi/park/DATA/ICGC/PCAWG_Final_Datasets_DCC/consensus_cnv/segmented_cn/15f90ef0-831b-40a3-98bd-ec226a9e8b26.consensus.20170119.somatic.cna.txt
15fd8dc8-c622-11e3-bf01-24c6515278c0	/n/data1/hms/dbmi/park/DATA/ICGC/PCAWG_Final_Datasets_DCC/consensus_snv_indel/merged_snv_mnv/15fd8dc8-c622-11e3-bf01-24c6515278c0.consensus.20160830.somatic.snv_mnv.vcf.gz	/n/data1/hms/dbmi/park/DATA/ICGC/PCAWG_Final_Datasets_DCC/consensus_cnv/segmented_cn/15fd8dc8-c622-11e3-bf01-24c6515278c0.consensus.20170119.somatic.cna.txt
1659bae5-3140-4d05-891c-81b48277b2fc	/n/data1/hms/dbmi/park/DATA/ICGC/PCAWG_Final_Datasets_DCC/consensus_snv_indel/merged_snv_mnv/1659bae5-3140-4d05-891c-81b48277b2fc.consensus.20160830.somatic.snv_mnv.vcf.gz	/n/data1/hms/dbmi/park/DATA/ICGC/PCAWG_Final_Datasets_DCC/consensus_cnv/segmented_cn/1659bae5-3140-4d05-891c-81b48277b2fc.consensus.20170119.somatic.cna.txt
16c6f975-48fd-4cda-946a-777cb922949d	/n/data1/hms/dbmi/park/DATA/ICGC/PCAWG_Final_Datasets_DCC/consensus_snv_indel/merged_snv_mnv/16c6f975-48fd-4cda-946a-777cb922949d.consensus.20160830.somatic.snv_mnv.vcf.gz	/n/data1/hms/dbmi/park/DATA/ICGC/PCAWG_Final_Datasets_DCC/consensus_cnv/segmented_cn/16c6f975-48fd-4cda-946a-777cb922949d.consensus.20170119.somatic.cna.txt
16d33e09-2e21-4da2-8e57-e78ce28c4408	/n/data1/hms/dbmi/park/DATA/ICGC/PCAWG_Final_Datasets_DCC/consensus_snv_indel/merged_snv_mnv/16d33e09-2e21-4da2-8e57-e78ce28c4408.consensus.20160830.somatic.snv_mnv.vcf.gz	/n/data1/hms/dbmi/park/DATA/ICGC/PCAWG_Final_Datasets_DCC/consensus_cnv/segmented_cn/16d33e09-2e21-4da2-8e57-e78ce28c4408.consensus.20170119.somatic.cna.txt
16d5519e-ecb9-4fc8-81f1-e0e4adf722a8	/n/data1/hms/dbmi/park/DATA/ICGC/PCAWG_Final_Datasets_DCC/consensus_snv_indel/merged_snv_mnv/16d5519e-ecb9-4fc8-81f1-e0e4adf722a8.consensus.20160830.somatic.snv_mnv.vcf.gz	/n/data1/hms/dbmi/park/DATA/ICGC/PCAWG_Final_Datasets_DCC/consensus_cnv/segmented_cn/16d5519e-ecb9-4fc8-81f1-e0e4adf722a8.consensus.20170119.somatic.cna.txt
16df7888-2480-4394-8856-d57a6ef371d2	/n/data1/hms/dbmi/park/DATA/ICGC/PCAWG_Final_Datasets_DCC/consensus_snv_indel/merged_snv_mnv/16df7888-2480-4394-8856-d57a6ef371d2.consensus.20160830.somatic.snv_mnv.vcf.gz	/n/data1/hms/dbmi/park/DATA/ICGC/PCAWG_Final_Datasets_DCC/consensus_cnv/segmented_cn/16df7888-2480-4394-8856-d57a6ef371d2.consensus.20170119.somatic.cna.txt
170ad241-9e24-469b-b7ca-3fd783a89b21	/n/data1/hms/dbmi/park/DATA/ICGC/PCAWG_Final_Datasets_DCC/consensus_snv_indel/merged_snv_mnv/170ad241-9e24-469b-b7ca-3fd783a89b21.consensus.20160830.somatic.snv_mnv.vcf.gz	/n/data1/hms/dbmi/park/DATA/ICGC/PCAWG_Final_Datasets_DCC/consensus_cnv/segmented_cn/170ad241-9e24-469b-b7ca-3fd783a89b21.consensus.20170119.somatic.cna.txt
1727e88b-df0a-4af2-9191-8c6061d98ad0	/n/data1/hms/dbmi/park/DATA/ICGC/PCAWG_Final_Datasets_DCC/consensus_snv_indel/merged_snv_mnv/1727e88b-df0a-4af2-9191-8c6061d98ad0.consensus.20160830.somatic.snv_mnv.vcf.gz	/n/data1/hms/dbmi/park/DATA/ICGC/PCAWG_Final_Datasets_DCC/consensus_cnv/segmented_cn/1727e88b-df0a-4af2-9191-8c6061d98ad0.consensus.20170119.somatic.cna.txt
172c9864-c26d-4e9b-947a-e8ce761e996d	/n/data1/hms/dbmi/park/DATA/ICGC/PCAWG_Final_Datasets_DCC/consensus_snv_indel/merged_snv_mnv/172c9864-c26d-4e9b-947a-e8ce761e996d.consensus.20160830.somatic.snv_mnv.vcf.gz	/n/data1/hms/dbmi/park/DATA/ICGC/PCAWG_Final_Datasets_DCC/consensus_cnv/segmented_cn/172c9864-c26d-4e9b-947a-e8ce761e996d.consensus.20170119.somatic.cna.txt
1776f326-b12f-4355-8107-80fa6fcd2159	/n/data1/hms/dbmi/park/DATA/ICGC/PCAWG_Final_Datasets_DCC/consensus_snv_indel/merged_snv_mnv/1776f326-b12f-4355-8107-80fa6fcd2159.consensus.20160830.somatic.snv_mnv.vcf.gz	/n/data1/hms/dbmi/park/DATA/ICGC/PCAWG_Final_Datasets_DCC/consensus_cnv/segmented_cn/1776f326-b12f-4355-8107-80fa6fcd2159.consensus.20170119.somatic.cna.txt
178d0486-cb0d-4979-8bdf-bb3fe99149bd	/n/data1/hms/dbmi/park/DATA/ICGC/PCAWG_Final_Datasets_DCC/consensus_snv_indel/merged_snv_mnv/178d0486-cb0d-4979-8bdf-bb3fe99149bd.consensus.20160830.somatic.snv_mnv.vcf.gz	/n/data1/hms/dbmi/park/DATA/ICGC/PCAWG_Final_Datasets_DCC/consensus_cnv/segmented_cn/178d0486-cb0d-4979-8bdf-bb3fe99149bd.consensus.20170119.somatic.cna.txt
17a66d24-de77-4f2a-a8ad-d2c6a69e7671	/n/data1/hms/dbmi/park/DATA/ICGC/PCAWG_Final_Datasets_DCC/consensus_snv_indel/merged_snv_mnv/17a66d24-de77-4f2a-a8ad-d2c6a69e7671.consensus.20160830.somatic.snv_mnv.vcf.gz	/n/data1/hms/dbmi/park/DATA/ICGC/PCAWG_Final_Datasets_DCC/consensus_cnv/segmented_cn/17a66d24-de77-4f2a-a8ad-d2c6a69e7671.consensus.20170119.somatic.cna.txt
17de5b12-c623-11e3-bf01-24c6515278c0	/n/data1/hms/dbmi/park/DATA/ICGC/PCAWG_Final_Datasets_DCC/consensus_snv_indel/merged_snv_mnv/17de5b12-c623-11e3-bf01-24c6515278c0.consensus.20160830.somatic.snv_mnv.vcf.gz	/n/data1/hms/dbmi/park/DATA/ICGC/PCAWG_Final_Datasets_DCC/consensus_cnv/segmented_cn/17de5b12-c623-11e3-bf01-24c6515278c0.consensus.20170119.somatic.cna.txt
17ed8831-a261-42d9-8ff3-cf75a6cb2a24	/n/data1/hms/dbmi/park/DATA/ICGC/PCAWG_Final_Datasets_DCC/consensus_snv_indel/merged_snv_mnv/17ed8831-a261-42d9-8ff3-cf75a6cb2a24.consensus.20160830.somatic.snv_mnv.vcf.gz	/n/data1/hms/dbmi/park/DATA/ICGC/PCAWG_Final_Datasets_DCC/consensus_cnv/segmented_cn/17ed8831-a261-42d9-8ff3-cf75a6cb2a24.consensus.20170119.somatic.cna.txt
183b04f5-107f-496c-8e9a-8263dd00cffa	/n/data1/hms/dbmi/park/DATA/ICGC/PCAWG_Final_Datasets_DCC/consensus_snv_indel/merged_snv_mnv/183b04f5-107f-496c-8e9a-8263dd00cffa.consensus.20160830.somatic.snv_mnv.vcf.gz	/n/data1/hms/dbmi/park/DATA/ICGC/PCAWG_Final_Datasets_DCC/consensus_cnv/segmented_cn/183b04f5-107f-496c-8e9a-8263dd00cffa.consensus.20170119.somatic.cna.txt
186cacaf-4f20-4ad2-a07a-a7dc942a70b0	/n/data1/hms/dbmi/park/DATA/ICGC/PCAWG_Final_Datasets_DCC/consensus_snv_indel/merged_snv_mnv/186cacaf-4f20-4ad2-a07a-a7dc942a70b0.consensus.20160830.somatic.snv_mnv.vcf.gz	/n/data1/hms/dbmi/park/DATA/ICGC/PCAWG_Final_Datasets_DCC/consensus_cnv/segmented_cn/186cacaf-4f20-4ad2-a07a-a7dc942a70b0.consensus.20170119.somatic.cna.txt
18ec066e-8510-4921-9e35-45d85fb01e38	/n/data1/hms/dbmi/park/DATA/ICGC/PCAWG_Final_Datasets_DCC/consensus_snv_indel/merged_snv_mnv/18ec066e-8510-4921-9e35-45d85fb01e38.consensus.20160830.somatic.snv_mnv.vcf.gz	/n/data1/hms/dbmi/park/DATA/ICGC/PCAWG_Final_Datasets_DCC/consensus_cnv/segmented_cn/18ec066e-8510-4921-9e35-45d85fb01e38.consensus.20170119.somatic.cna.txt
18f5e75e-c623-11e3-bf01-24c6515278c0	/n/data1/hms/dbmi/park/DATA/ICGC/PCAWG_Final_Datasets_DCC/consensus_snv_indel/merged_snv_mnv/18f5e75e-c623-11e3-bf01-24c6515278c0.consensus.20160830.somatic.snv_mnv.vcf.gz	/n/data1/hms/dbmi/park/DATA/ICGC/PCAWG_Final_Datasets_DCC/consensus_cnv/segmented_cn/18f5e75e-c623-11e3-bf01-24c6515278c0.consensus.20170119.somatic.cna.txt
18f9240e-7acd-41eb-a154-c2a67a1cbe9b	/n/data1/hms/dbmi/park/DATA/ICGC/PCAWG_Final_Datasets_DCC/consensus_snv_indel/merged_snv_mnv/18f9240e-7acd-41eb-a154-c2a67a1cbe9b.consensus.20160830.somatic.snv_mnv.vcf.gz	/n/data1/hms/dbmi/park/DATA/ICGC/PCAWG_Final_Datasets_DCC/consensus_cnv/segmented_cn/18f9240e-7acd-41eb-a154-c2a67a1cbe9b.consensus.20170119.somatic.cna.txt
19085f7d-e6a6-406f-bd09-520a27e0283d	/n/data1/hms/dbmi/park/DATA/ICGC/PCAWG_Final_Datasets_DCC/consensus_snv_indel/merged_snv_mnv/19085f7d-e6a6-406f-bd09-520a27e0283d.consensus.20160830.somatic.snv_mnv.vcf.gz	/n/data1/hms/dbmi/park/DATA/ICGC/PCAWG_Final_Datasets_DCC/consensus_cnv/segmented_cn/19085f7d-e6a6-406f-bd09-520a27e0283d.consensus.20170119.somatic.cna.txt
190eb791-383d-4e27-870d-e470630843e7	/n/data1/hms/dbmi/park/DATA/ICGC/PCAWG_Final_Datasets_DCC/consensus_snv_indel/merged_snv_mnv/190eb791-383d-4e27-870d-e470630843e7.consensus.20160830.somatic.snv_mnv.vcf.gz	/n/data1/hms/dbmi/park/DATA/ICGC/PCAWG_Final_Datasets_DCC/consensus_cnv/segmented_cn/190eb791-383d-4e27-870d-e470630843e7.consensus.20170119.somatic.cna.txt
19233fd1-5229-466e-acf3-5882165758e0	/n/data1/hms/dbmi/park/DATA/ICGC/PCAWG_Final_Datasets_DCC/consensus_snv_indel/merged_snv_mnv/19233fd1-5229-466e-acf3-5882165758e0.consensus.20160830.somatic.snv_mnv.vcf.gz	/n/data1/hms/dbmi/park/DATA/ICGC/PCAWG_Final_Datasets_DCC/consensus_cnv/segmented_cn/19233fd1-5229-466e-acf3-5882165758e0.consensus.20170119.somatic.cna.txt
1924d200-6929-4eef-8a7f-317f8fbab915	/n/data1/hms/dbmi/park/DATA/ICGC/PCAWG_Final_Datasets_DCC/consensus_snv_indel/merged_snv_mnv/1924d200-6929-4eef-8a7f-317f8fbab915.consensus.20160830.somatic.snv_mnv.vcf.gz	/n/data1/hms/dbmi/park/DATA/ICGC/PCAWG_Final_Datasets_DCC/consensus_cnv/segmented_cn/1924d200-6929-4eef-8a7f-317f8fbab915.consensus.20170119.somatic.cna.txt
199bbb0f-996c-40c1-b06d-2066f04be778	/n/data1/hms/dbmi/park/DATA/ICGC/PCAWG_Final_Datasets_DCC/consensus_snv_indel/merged_snv_mnv/199bbb0f-996c-40c1-b06d-2066f04be778.consensus.20160830.somatic.snv_mnv.vcf.gz	/n/data1/hms/dbmi/park/DATA/ICGC/PCAWG_Final_Datasets_DCC/consensus_cnv/segmented_cn/199bbb0f-996c-40c1-b06d-2066f04be778.consensus.20170119.somatic.cna.txt
19aa8223-ee84-4b5c-b11a-6ca2a2680b3c	/n/data1/hms/dbmi/park/DATA/ICGC/PCAWG_Final_Datasets_DCC/consensus_snv_indel/merged_snv_mnv/19aa8223-ee84-4b5c-b11a-6ca2a2680b3c.consensus.20160830.somatic.snv_mnv.vcf.gz	/n/data1/hms/dbmi/park/DATA/ICGC/PCAWG_Final_Datasets_DCC/consensus_cnv/segmented_cn/19aa8223-ee84-4b5c-b11a-6ca2a2680b3c.consensus.20170119.somatic.cna.txt
19b6b9d6-6912-4b85-a4bf-52014bcb170b	/n/data1/hms/dbmi/park/DATA/ICGC/PCAWG_Final_Datasets_DCC/consensus_snv_indel/merged_snv_mnv/19b6b9d6-6912-4b85-a4bf-52014bcb170b.consensus.20160830.somatic.snv_mnv.vcf.gz	/n/data1/hms/dbmi/park/DATA/ICGC/PCAWG_Final_Datasets_DCC/consensus_cnv/segmented_cn/19b6b9d6-6912-4b85-a4bf-52014bcb170b.consensus.20170119.somatic.cna.txt
19c1c97f-a3ec-44a8-8a20-6f97caed1a4f	/n/data1/hms/dbmi/park/DATA/ICGC/PCAWG_Final_Datasets_DCC/consensus_snv_indel/merged_snv_mnv/19c1c97f-a3ec-44a8-8a20-6f97caed1a4f.consensus.20160830.somatic.snv_mnv.vcf.gz	/n/data1/hms/dbmi/park/DATA/ICGC/PCAWG_Final_Datasets_DCC/consensus_cnv/segmented_cn/19c1c97f-a3ec-44a8-8a20-6f97caed1a4f.consensus.20170119.somatic.cna.txt
19cd4360-8392-4bc2-ae88-fdc1335d886b	/n/data1/hms/dbmi/park/DATA/ICGC/PCAWG_Final_Datasets_DCC/consensus_snv_indel/merged_snv_mnv/19cd4360-8392-4bc2-ae88-fdc1335d886b.consensus.20160830.somatic.snv_mnv.vcf.gz	/n/data1/hms/dbmi/park/DATA/ICGC/PCAWG_Final_Datasets_DCC/consensus_cnv/segmented_cn/19cd4360-8392-4bc2-ae88-fdc1335d886b.consensus.20170119.somatic.cna.txt
19d6cf34-1cd7-4242-a4d1-5d3e11f428aa	/n/data1/hms/dbmi/park/DATA/ICGC/PCAWG_Final_Datasets_DCC/consensus_snv_indel/merged_snv_mnv/19d6cf34-1cd7-4242-a4d1-5d3e11f428aa.consensus.20160830.somatic.snv_mnv.vcf.gz	/n/data1/hms/dbmi/park/DATA/ICGC/PCAWG_Final_Datasets_DCC/consensus_cnv/segmented_cn/19d6cf34-1cd7-4242-a4d1-5d3e11f428aa.consensus.20170119.somatic.cna.txt
19def402-fb8d-4b27-90dd-ce9135a3c0a2	/n/data1/hms/dbmi/park/DATA/ICGC/PCAWG_Final_Datasets_DCC/consensus_snv_indel/merged_snv_mnv/19def402-fb8d-4b27-90dd-ce9135a3c0a2.consensus.20160830.somatic.snv_mnv.vcf.gz	/n/data1/hms/dbmi/park/DATA/ICGC/PCAWG_Final_Datasets_DCC/consensus_cnv/segmented_cn/19def402-fb8d-4b27-90dd-ce9135a3c0a2.consensus.20170119.somatic.cna.txt
19fe27d8-c623-11e3-bf01-24c6515278c0	/n/data1/hms/dbmi/park/DATA/ICGC/PCAWG_Final_Datasets_DCC/consensus_snv_indel/merged_snv_mnv/19fe27d8-c623-11e3-bf01-24c6515278c0.consensus.20160830.somatic.snv_mnv.vcf.gz	/n/data1/hms/dbmi/park/DATA/ICGC/PCAWG_Final_Datasets_DCC/consensus_cnv/segmented_cn/19fe27d8-c623-11e3-bf01-24c6515278c0.consensus.20170119.somatic.cna.txt
1a0ef226-41a5-4b56-9078-4b7834f0c976	/n/data1/hms/dbmi/park/DATA/ICGC/PCAWG_Final_Datasets_DCC/consensus_snv_indel/merged_snv_mnv/1a0ef226-41a5-4b56-9078-4b7834f0c976.consensus.20160830.somatic.snv_mnv.vcf.gz	/n/data1/hms/dbmi/park/DATA/ICGC/PCAWG_Final_Datasets_DCC/consensus_cnv/segmented_cn/1a0ef226-41a5-4b56-9078-4b7834f0c976.consensus.20170119.somatic.cna.txt
1a134c18-ced3-4bae-9f15-5f0f09526639	/n/data1/hms/dbmi/park/DATA/ICGC/PCAWG_Final_Datasets_DCC/consensus_snv_indel/merged_snv_mnv/1a134c18-ced3-4bae-9f15-5f0f09526639.consensus.20160830.somatic.snv_mnv.vcf.gz	/n/data1/hms/dbmi/park/DATA/ICGC/PCAWG_Final_Datasets_DCC/consensus_cnv/segmented_cn/1a134c18-ced3-4bae-9f15-5f0f09526639.consensus.20170119.somatic.cna.txt
1a319682-f55e-4e0b-8476-48a0bea6c265	/n/data1/hms/dbmi/park/DATA/ICGC/PCAWG_Final_Datasets_DCC/consensus_snv_indel/merged_snv_mnv/1a319682-f55e-4e0b-8476-48a0bea6c265.consensus.20160830.somatic.snv_mnv.vcf.gz	/n/data1/hms/dbmi/park/DATA/ICGC/PCAWG_Final_Datasets_DCC/consensus_cnv/segmented_cn/1a319682-f55e-4e0b-8476-48a0bea6c265.consensus.20170119.somatic.cna.txt
1a391468-fbf3-451a-b88e-a257a26d047f	/n/data1/hms/dbmi/park/DATA/ICGC/PCAWG_Final_Datasets_DCC/consensus_snv_indel/merged_snv_mnv/1a391468-fbf3-451a-b88e-a257a26d047f.consensus.20160830.somatic.snv_mnv.vcf.gz	/n/data1/hms/dbmi/park/DATA/ICGC/PCAWG_Final_Datasets_DCC/consensus_cnv/segmented_cn/1a391468-fbf3-451a-b88e-a257a26d047f.consensus.20170119.somatic.cna.txt
1a4633c4-72a0-4e30-8c4c-345e04337627	/n/data1/hms/dbmi/park/DATA/ICGC/PCAWG_Final_Datasets_DCC/consensus_snv_indel/merged_snv_mnv/1a4633c4-72a0-4e30-8c4c-345e04337627.consensus.20160830.somatic.snv_mnv.vcf.gz	/n/data1/hms/dbmi/park/DATA/ICGC/PCAWG_Final_Datasets_DCC/consensus_cnv/segmented_cn/1a4633c4-72a0-4e30-8c4c-345e04337627.consensus.20170119.somatic.cna.txt
1a5bf97e-3d49-4d3f-b385-ffa7a295be9c	/n/data1/hms/dbmi/park/DATA/ICGC/PCAWG_Final_Datasets_DCC/consensus_snv_indel/merged_snv_mnv/1a5bf97e-3d49-4d3f-b385-ffa7a295be9c.consensus.20160830.somatic.snv_mnv.vcf.gz	/n/data1/hms/dbmi/park/DATA/ICGC/PCAWG_Final_Datasets_DCC/consensus_cnv/segmented_cn/1a5bf97e-3d49-4d3f-b385-ffa7a295be9c.consensus.20170119.somatic.cna.txt
1a841850-fca0-48ab-8c78-db0bd5a64435	/n/data1/hms/dbmi/park/DATA/ICGC/PCAWG_Final_Datasets_DCC/consensus_snv_indel/merged_snv_mnv/1a841850-fca0-48ab-8c78-db0bd5a64435.consensus.20160830.somatic.snv_mnv.vcf.gz	/n/data1/hms/dbmi/park/DATA/ICGC/PCAWG_Final_Datasets_DCC/consensus_cnv/segmented_cn/1a841850-fca0-48ab-8c78-db0bd5a64435.consensus.20170119.somatic.cna.txt
1ac15380-04a2-42dd-8ade-28556a570e80	/n/data1/hms/dbmi/park/DATA/ICGC/PCAWG_Final_Datasets_DCC/consensus_snv_indel/merged_snv_mnv/1ac15380-04a2-42dd-8ade-28556a570e80.consensus.20160830.somatic.snv_mnv.vcf.gz	/n/data1/hms/dbmi/park/DATA/ICGC/PCAWG_Final_Datasets_DCC/consensus_cnv/segmented_cn/1ac15380-04a2-42dd-8ade-28556a570e80.consensus.20170119.somatic.cna.txt
1ac54c6e-a1e4-4f3b-b4a5-cdb327e0dca6	/n/data1/hms/dbmi/park/DATA/ICGC/PCAWG_Final_Datasets_DCC/consensus_snv_indel/merged_snv_mnv/1ac54c6e-a1e4-4f3b-b4a5-cdb327e0dca6.consensus.20160830.somatic.snv_mnv.vcf.gz	/n/data1/hms/dbmi/park/DATA/ICGC/PCAWG_Final_Datasets_DCC/consensus_cnv/segmented_cn/1ac54c6e-a1e4-4f3b-b4a5-cdb327e0dca6.consensus.20170119.somatic.cna.txt
1aff91a6-1b0f-4575-8f4b-4e064a50b886	/n/data1/hms/dbmi/park/DATA/ICGC/PCAWG_Final_Datasets_DCC/consensus_snv_indel/merged_snv_mnv/1aff91a6-1b0f-4575-8f4b-4e064a50b886.consensus.20160830.somatic.snv_mnv.vcf.gz	/n/data1/hms/dbmi/park/DATA/ICGC/PCAWG_Final_Datasets_DCC/consensus_cnv/segmented_cn/1aff91a6-1b0f-4575-8f4b-4e064a50b886.consensus.20170119.somatic.cna.txt
1b06afe2-c623-11e3-bf01-24c6515278c0	/n/data1/hms/dbmi/park/DATA/ICGC/PCAWG_Final_Datasets_DCC/consensus_snv_indel/merged_snv_mnv/1b06afe2-c623-11e3-bf01-24c6515278c0.consensus.20160830.somatic.snv_mnv.vcf.gz	/n/data1/hms/dbmi/park/DATA/ICGC/PCAWG_Final_Datasets_DCC/consensus_cnv/segmented_cn/1b06afe2-c623-11e3-bf01-24c6515278c0.consensus.20170119.somatic.cna.txt
1b0fe1d5-b286-4f49-ae92-94d9c6db9657	/n/data1/hms/dbmi/park/DATA/ICGC/PCAWG_Final_Datasets_DCC/consensus_snv_indel/merged_snv_mnv/1b0fe1d5-b286-4f49-ae92-94d9c6db9657.consensus.20160830.somatic.snv_mnv.vcf.gz	/n/data1/hms/dbmi/park/DATA/ICGC/PCAWG_Final_Datasets_DCC/consensus_cnv/segmented_cn/1b0fe1d5-b286-4f49-ae92-94d9c6db9657.consensus.20170119.somatic.cna.txt
1b1780d5-06da-40ee-9e15-02631a68027b	/n/data1/hms/dbmi/park/DATA/ICGC/PCAWG_Final_Datasets_DCC/consensus_snv_indel/merged_snv_mnv/1b1780d5-06da-40ee-9e15-02631a68027b.consensus.20160830.somatic.snv_mnv.vcf.gz	/n/data1/hms/dbmi/park/DATA/ICGC/PCAWG_Final_Datasets_DCC/consensus_cnv/segmented_cn/1b1780d5-06da-40ee-9e15-02631a68027b.consensus.20170119.somatic.cna.txt
1b7838c9-c685-41c3-b184-a2e40c7c4dc7	/n/data1/hms/dbmi/park/DATA/ICGC/PCAWG_Final_Datasets_DCC/consensus_snv_indel/merged_snv_mnv/1b7838c9-c685-41c3-b184-a2e40c7c4dc7.consensus.20160830.somatic.snv_mnv.vcf.gz	/n/data1/hms/dbmi/park/DATA/ICGC/PCAWG_Final_Datasets_DCC/consensus_cnv/segmented_cn/1b7838c9-c685-41c3-b184-a2e40c7c4dc7.consensus.20170119.somatic.cna.txt
1b8fe07d-859c-4d91-ade1-6b2bcb5774ce	/n/data1/hms/dbmi/park/DATA/ICGC/PCAWG_Final_Datasets_DCC/consensus_snv_indel/merged_snv_mnv/1b8fe07d-859c-4d91-ade1-6b2bcb5774ce.consensus.20160830.somatic.snv_mnv.vcf.gz	/n/data1/hms/dbmi/park/DATA/ICGC/PCAWG_Final_Datasets_DCC/consensus_cnv/segmented_cn/1b8fe07d-859c-4d91-ade1-6b2bcb5774ce.consensus.20170119.somatic.cna.txt
1bb2bdb7-8a89-4e7d-903d-03a6f8018efb	/n/data1/hms/dbmi/park/DATA/ICGC/PCAWG_Final_Datasets_DCC/consensus_snv_indel/merged_snv_mnv/1bb2bdb7-8a89-4e7d-903d-03a6f8018efb.consensus.20160830.somatic.snv_mnv.vcf.gz	/n/data1/hms/dbmi/park/DATA/ICGC/PCAWG_Final_Datasets_DCC/consensus_cnv/segmented_cn/1bb2bdb7-8a89-4e7d-903d-03a6f8018efb.consensus.20170119.somatic.cna.txt
1bb3a1c7-4d7b-4fb6-b54d-e94cbd0e32aa	/n/data1/hms/dbmi/park/DATA/ICGC/PCAWG_Final_Datasets_DCC/consensus_snv_indel/merged_snv_mnv/1bb3a1c7-4d7b-4fb6-b54d-e94cbd0e32aa.consensus.20160830.somatic.snv_mnv.vcf.gz	/n/data1/hms/dbmi/park/DATA/ICGC/PCAWG_Final_Datasets_DCC/consensus_cnv/segmented_cn/1bb3a1c7-4d7b-4fb6-b54d-e94cbd0e32aa.consensus.20170119.somatic.cna.txt
1bbb522d-e224-4b3f-9e10-3a47d06b2b05	/n/data1/hms/dbmi/park/DATA/ICGC/PCAWG_Final_Datasets_DCC/consensus_snv_indel/merged_snv_mnv/1bbb522d-e224-4b3f-9e10-3a47d06b2b05.consensus.20160830.somatic.snv_mnv.vcf.gz	/n/data1/hms/dbmi/park/DATA/ICGC/PCAWG_Final_Datasets_DCC/consensus_cnv/segmented_cn/1bbb522d-e224-4b3f-9e10-3a47d06b2b05.consensus.20170119.somatic.cna.txt
1bbfe6f2-ad19-4d29-895b-973f5a91c707	/n/data1/hms/dbmi/park/DATA/ICGC/PCAWG_Final_Datasets_DCC/consensus_snv_indel/merged_snv_mnv/1bbfe6f2-ad19-4d29-895b-973f5a91c707.consensus.20160830.somatic.snv_mnv.vcf.gz	/n/data1/hms/dbmi/park/DATA/ICGC/PCAWG_Final_Datasets_DCC/consensus_cnv/segmented_cn/1bbfe6f2-ad19-4d29-895b-973f5a91c707.consensus.20170119.somatic.cna.txt
1bd47e40-d708-4ca2-b4b3-eb8d996c916b	/n/data1/hms/dbmi/park/DATA/ICGC/PCAWG_Final_Datasets_DCC/consensus_snv_indel/merged_snv_mnv/1bd47e40-d708-4ca2-b4b3-eb8d996c916b.consensus.20160830.somatic.snv_mnv.vcf.gz	/n/data1/hms/dbmi/park/DATA/ICGC/PCAWG_Final_Datasets_DCC/consensus_cnv/segmented_cn/1bd47e40-d708-4ca2-b4b3-eb8d996c916b.consensus.20170119.somatic.cna.txt
1bd74f92-47f6-427e-af6f-299c3a7fe023	/n/data1/hms/dbmi/park/DATA/ICGC/PCAWG_Final_Datasets_DCC/consensus_snv_indel/merged_snv_mnv/1bd74f92-47f6-427e-af6f-299c3a7fe023.consensus.20160830.somatic.snv_mnv.vcf.gz	/n/data1/hms/dbmi/park/DATA/ICGC/PCAWG_Final_Datasets_DCC/consensus_cnv/segmented_cn/1bd74f92-47f6-427e-af6f-299c3a7fe023.consensus.20170119.somatic.cna.txt
1bdfaa8a-1b7e-4251-b135-ce5e4568371b	/n/data1/hms/dbmi/park/DATA/ICGC/PCAWG_Final_Datasets_DCC/consensus_snv_indel/merged_snv_mnv/1bdfaa8a-1b7e-4251-b135-ce5e4568371b.consensus.20160830.somatic.snv_mnv.vcf.gz	/n/data1/hms/dbmi/park/DATA/ICGC/PCAWG_Final_Datasets_DCC/consensus_cnv/segmented_cn/1bdfaa8a-1b7e-4251-b135-ce5e4568371b.consensus.20170119.somatic.cna.txt
1be81ade-7ad6-4e7e-90d0-f986b3fb0a25	/n/data1/hms/dbmi/park/DATA/ICGC/PCAWG_Final_Datasets_DCC/consensus_snv_indel/merged_snv_mnv/1be81ade-7ad6-4e7e-90d0-f986b3fb0a25.consensus.20160830.somatic.snv_mnv.vcf.gz	/n/data1/hms/dbmi/park/DATA/ICGC/PCAWG_Final_Datasets_DCC/consensus_cnv/segmented_cn/1be81ade-7ad6-4e7e-90d0-f986b3fb0a25.consensus.20170119.somatic.cna.txt
1be8fa2c-8fea-4e8c-90db-c04d9fcdbf49	/n/data1/hms/dbmi/park/DATA/ICGC/PCAWG_Final_Datasets_DCC/consensus_snv_indel/merged_snv_mnv/1be8fa2c-8fea-4e8c-90db-c04d9fcdbf49.consensus.20160830.somatic.snv_mnv.vcf.gz	/n/data1/hms/dbmi/park/DATA/ICGC/PCAWG_Final_Datasets_DCC/consensus_cnv/segmented_cn/1be8fa2c-8fea-4e8c-90db-c04d9fcdbf49.consensus.20170119.somatic.cna.txt
1bea3a72-3b73-4072-a6bb-96a90119d3ac	/n/data1/hms/dbmi/park/DATA/ICGC/PCAWG_Final_Datasets_DCC/consensus_snv_indel/merged_snv_mnv/1bea3a72-3b73-4072-a6bb-96a90119d3ac.consensus.20160830.somatic.snv_mnv.vcf.gz	/n/data1/hms/dbmi/park/DATA/ICGC/PCAWG_Final_Datasets_DCC/consensus_cnv/segmented_cn/1bea3a72-3b73-4072-a6bb-96a90119d3ac.consensus.20170119.somatic.cna.txt
1c00925b-7328-4db0-b930-04aab2d80719	/n/data1/hms/dbmi/park/DATA/ICGC/PCAWG_Final_Datasets_DCC/consensus_snv_indel/merged_snv_mnv/1c00925b-7328-4db0-b930-04aab2d80719.consensus.20160830.somatic.snv_mnv.vcf.gz	/n/data1/hms/dbmi/park/DATA/ICGC/PCAWG_Final_Datasets_DCC/consensus_cnv/segmented_cn/1c00925b-7328-4db0-b930-04aab2d80719.consensus.20170119.somatic.cna.txt
1c0e384f-7254-4afe-93c0-b3fc6c6a7894	/n/data1/hms/dbmi/park/DATA/ICGC/PCAWG_Final_Datasets_DCC/consensus_snv_indel/merged_snv_mnv/1c0e384f-7254-4afe-93c0-b3fc6c6a7894.consensus.20160830.somatic.snv_mnv.vcf.gz	/n/data1/hms/dbmi/park/DATA/ICGC/PCAWG_Final_Datasets_DCC/consensus_cnv/segmented_cn/1c0e384f-7254-4afe-93c0-b3fc6c6a7894.consensus.20170119.somatic.cna.txt
1c10ab52-01a3-11e4-8395-af1f6b7ba88c	/n/data1/hms/dbmi/park/DATA/ICGC/PCAWG_Final_Datasets_DCC/consensus_snv_indel/merged_snv_mnv/1c10ab52-01a3-11e4-8395-af1f6b7ba88c.consensus.20160830.somatic.snv_mnv.vcf.gz	/n/data1/hms/dbmi/park/DATA/ICGC/PCAWG_Final_Datasets_DCC/consensus_cnv/segmented_cn/1c10ab52-01a3-11e4-8395-af1f6b7ba88c.consensus.20170119.somatic.cna.txt
1c188bf5-2c99-4eb4-a774-59c75d53e643	/n/data1/hms/dbmi/park/DATA/ICGC/PCAWG_Final_Datasets_DCC/consensus_snv_indel/merged_snv_mnv/1c188bf5-2c99-4eb4-a774-59c75d53e643.consensus.20160830.somatic.snv_mnv.vcf.gz	/n/data1/hms/dbmi/park/DATA/ICGC/PCAWG_Final_Datasets_DCC/consensus_cnv/segmented_cn/1c188bf5-2c99-4eb4-a774-59c75d53e643.consensus.20170119.somatic.cna.txt
1c1c6494-c623-11e3-bf01-24c6515278c0	/n/data1/hms/dbmi/park/DATA/ICGC/PCAWG_Final_Datasets_DCC/consensus_snv_indel/merged_snv_mnv/1c1c6494-c623-11e3-bf01-24c6515278c0.consensus.20160830.somatic.snv_mnv.vcf.gz	/n/data1/hms/dbmi/park/DATA/ICGC/PCAWG_Final_Datasets_DCC/consensus_cnv/segmented_cn/1c1c6494-c623-11e3-bf01-24c6515278c0.consensus.20170119.somatic.cna.txt
1c28e44a-6e6c-44ed-b58a-e3262c0e6759	/n/data1/hms/dbmi/park/DATA/ICGC/PCAWG_Final_Datasets_DCC/consensus_snv_indel/merged_snv_mnv/1c28e44a-6e6c-44ed-b58a-e3262c0e6759.consensus.20160830.somatic.snv_mnv.vcf.gz	/n/data1/hms/dbmi/park/DATA/ICGC/PCAWG_Final_Datasets_DCC/consensus_cnv/segmented_cn/1c28e44a-6e6c-44ed-b58a-e3262c0e6759.consensus.20170119.somatic.cna.txt
1c300960-e51c-4477-8fdd-026c7e545dc4	/n/data1/hms/dbmi/park/DATA/ICGC/PCAWG_Final_Datasets_DCC/consensus_snv_indel/merged_snv_mnv/1c300960-e51c-4477-8fdd-026c7e545dc4.consensus.20160830.somatic.snv_mnv.vcf.gz	/n/data1/hms/dbmi/park/DATA/ICGC/PCAWG_Final_Datasets_DCC/consensus_cnv/segmented_cn/1c300960-e51c-4477-8fdd-026c7e545dc4.consensus.20170119.somatic.cna.txt
1c3df485-8e75-4378-87f6-c6463a520624	/n/data1/hms/dbmi/park/DATA/ICGC/PCAWG_Final_Datasets_DCC/consensus_snv_indel/merged_snv_mnv/1c3df485-8e75-4378-87f6-c6463a520624.consensus.20160830.somatic.snv_mnv.vcf.gz	/n/data1/hms/dbmi/park/DATA/ICGC/PCAWG_Final_Datasets_DCC/consensus_cnv/segmented_cn/1c3df485-8e75-4378-87f6-c6463a520624.consensus.20170119.somatic.cna.txt
1c9fbe26-1447-4335-aaab-06d6bb3e2741	/n/data1/hms/dbmi/park/DATA/ICGC/PCAWG_Final_Datasets_DCC/consensus_snv_indel/merged_snv_mnv/1c9fbe26-1447-4335-aaab-06d6bb3e2741.consensus.20160830.somatic.snv_mnv.vcf.gz	/n/data1/hms/dbmi/park/DATA/ICGC/PCAWG_Final_Datasets_DCC/consensus_cnv/segmented_cn/1c9fbe26-1447-4335-aaab-06d6bb3e2741.consensus.20170119.somatic.cna.txt
1cb25b72-3726-4f12-9e22-f5c7e4b05681	/n/data1/hms/dbmi/park/DATA/ICGC/PCAWG_Final_Datasets_DCC/consensus_snv_indel/merged_snv_mnv/1cb25b72-3726-4f12-9e22-f5c7e4b05681.consensus.20160830.somatic.snv_mnv.vcf.gz	/n/data1/hms/dbmi/park/DATA/ICGC/PCAWG_Final_Datasets_DCC/consensus_cnv/segmented_cn/1cb25b72-3726-4f12-9e22-f5c7e4b05681.consensus.20170119.somatic.cna.txt
1cd0acf2-3116-4dfa-a063-0a435b9f6da3	/n/data1/hms/dbmi/park/DATA/ICGC/PCAWG_Final_Datasets_DCC/consensus_snv_indel/merged_snv_mnv/1cd0acf2-3116-4dfa-a063-0a435b9f6da3.consensus.20160830.somatic.snv_mnv.vcf.gz	/n/data1/hms/dbmi/park/DATA/ICGC/PCAWG_Final_Datasets_DCC/consensus_cnv/segmented_cn/1cd0acf2-3116-4dfa-a063-0a435b9f6da3.consensus.20170119.somatic.cna.txt
1d1eeba2-4d7b-4380-b0b6-26d246bc4158	/n/data1/hms/dbmi/park/DATA/ICGC/PCAWG_Final_Datasets_DCC/consensus_snv_indel/merged_snv_mnv/1d1eeba2-4d7b-4380-b0b6-26d246bc4158.consensus.20160830.somatic.snv_mnv.vcf.gz	/n/data1/hms/dbmi/park/DATA/ICGC/PCAWG_Final_Datasets_DCC/consensus_cnv/segmented_cn/1d1eeba2-4d7b-4380-b0b6-26d246bc4158.consensus.20170119.somatic.cna.txt
1d2d355a-8409-4c8a-9f07-ac62885e228d	/n/data1/hms/dbmi/park/DATA/ICGC/PCAWG_Final_Datasets_DCC/consensus_snv_indel/merged_snv_mnv/1d2d355a-8409-4c8a-9f07-ac62885e228d.consensus.20160830.somatic.snv_mnv.vcf.gz	/n/data1/hms/dbmi/park/DATA/ICGC/PCAWG_Final_Datasets_DCC/consensus_cnv/segmented_cn/1d2d355a-8409-4c8a-9f07-ac62885e228d.consensus.20170119.somatic.cna.txt
1d325d84-a3a0-4802-9842-76cb21cecb1c	/n/data1/hms/dbmi/park/DATA/ICGC/PCAWG_Final_Datasets_DCC/consensus_snv_indel/merged_snv_mnv/1d325d84-a3a0-4802-9842-76cb21cecb1c.consensus.20160830.somatic.snv_mnv.vcf.gz	/n/data1/hms/dbmi/park/DATA/ICGC/PCAWG_Final_Datasets_DCC/consensus_cnv/segmented_cn/1d325d84-a3a0-4802-9842-76cb21cecb1c.consensus.20170119.somatic.cna.txt
1d4a091d-fe65-49c0-8810-5a95243b108a	/n/data1/hms/dbmi/park/DATA/ICGC/PCAWG_Final_Datasets_DCC/consensus_snv_indel/merged_snv_mnv/1d4a091d-fe65-49c0-8810-5a95243b108a.consensus.20160830.somatic.snv_mnv.vcf.gz	/n/data1/hms/dbmi/park/DATA/ICGC/PCAWG_Final_Datasets_DCC/consensus_cnv/segmented_cn/1d4a091d-fe65-49c0-8810-5a95243b108a.consensus.20170119.somatic.cna.txt
1d6c9181-a02f-4c35-85b3-65dc5808f50e	/n/data1/hms/dbmi/park/DATA/ICGC/PCAWG_Final_Datasets_DCC/consensus_snv_indel/merged_snv_mnv/1d6c9181-a02f-4c35-85b3-65dc5808f50e.consensus.20160830.somatic.snv_mnv.vcf.gz	/n/data1/hms/dbmi/park/DATA/ICGC/PCAWG_Final_Datasets_DCC/consensus_cnv/segmented_cn/1d6c9181-a02f-4c35-85b3-65dc5808f50e.consensus.20170119.somatic.cna.txt
1d91f9c7-67ba-4606-9f0a-01ec6fc08262	/n/data1/hms/dbmi/park/DATA/ICGC/PCAWG_Final_Datasets_DCC/consensus_snv_indel/merged_snv_mnv/1d91f9c7-67ba-4606-9f0a-01ec6fc08262.consensus.20160830.somatic.snv_mnv.vcf.gz	/n/data1/hms/dbmi/park/DATA/ICGC/PCAWG_Final_Datasets_DCC/consensus_cnv/segmented_cn/1d91f9c7-67ba-4606-9f0a-01ec6fc08262.consensus.20170119.somatic.cna.txt
1d97ba51-d981-4986-9f71-c2b6cb9961c3	/n/data1/hms/dbmi/park/DATA/ICGC/PCAWG_Final_Datasets_DCC/consensus_snv_indel/merged_snv_mnv/1d97ba51-d981-4986-9f71-c2b6cb9961c3.consensus.20160830.somatic.snv_mnv.vcf.gz	/n/data1/hms/dbmi/park/DATA/ICGC/PCAWG_Final_Datasets_DCC/consensus_cnv/segmented_cn/1d97ba51-d981-4986-9f71-c2b6cb9961c3.consensus.20170119.somatic.cna.txt
1daefc49-5248-4948-87ce-0ec19a248ef9	/n/data1/hms/dbmi/park/DATA/ICGC/PCAWG_Final_Datasets_DCC/consensus_snv_indel/merged_snv_mnv/1daefc49-5248-4948-87ce-0ec19a248ef9.consensus.20160830.somatic.snv_mnv.vcf.gz	/n/data1/hms/dbmi/park/DATA/ICGC/PCAWG_Final_Datasets_DCC/consensus_cnv/segmented_cn/1daefc49-5248-4948-87ce-0ec19a248ef9.consensus.20170119.somatic.cna.txt
1db83e80-bdf7-4d8d-8008-bd8406d641fc	/n/data1/hms/dbmi/park/DATA/ICGC/PCAWG_Final_Datasets_DCC/consensus_snv_indel/merged_snv_mnv/1db83e80-bdf7-4d8d-8008-bd8406d641fc.consensus.20160830.somatic.snv_mnv.vcf.gz	/n/data1/hms/dbmi/park/DATA/ICGC/PCAWG_Final_Datasets_DCC/consensus_cnv/segmented_cn/1db83e80-bdf7-4d8d-8008-bd8406d641fc.consensus.20170119.somatic.cna.txt
1dbdbb2c-c623-11e3-bf01-24c6515278c0	/n/data1/hms/dbmi/park/DATA/ICGC/PCAWG_Final_Datasets_DCC/consensus_snv_indel/merged_snv_mnv/1dbdbb2c-c623-11e3-bf01-24c6515278c0.consensus.20160830.somatic.snv_mnv.vcf.gz	/n/data1/hms/dbmi/park/DATA/ICGC/PCAWG_Final_Datasets_DCC/consensus_cnv/segmented_cn/1dbdbb2c-c623-11e3-bf01-24c6515278c0.consensus.20170119.somatic.cna.txt
1dc9e7fd-fc62-4b32-9619-4e02a266a385	/n/data1/hms/dbmi/park/DATA/ICGC/PCAWG_Final_Datasets_DCC/consensus_snv_indel/merged_snv_mnv/1dc9e7fd-fc62-4b32-9619-4e02a266a385.consensus.20160830.somatic.snv_mnv.vcf.gz	/n/data1/hms/dbmi/park/DATA/ICGC/PCAWG_Final_Datasets_DCC/consensus_cnv/segmented_cn/1dc9e7fd-fc62-4b32-9619-4e02a266a385.consensus.20170119.somatic.cna.txt
1dd96495-5f83-4d36-96cf-b77cd0cbbfda	/n/data1/hms/dbmi/park/DATA/ICGC/PCAWG_Final_Datasets_DCC/consensus_snv_indel/merged_snv_mnv/1dd96495-5f83-4d36-96cf-b77cd0cbbfda.consensus.20160830.somatic.snv_mnv.vcf.gz	/n/data1/hms/dbmi/park/DATA/ICGC/PCAWG_Final_Datasets_DCC/consensus_cnv/segmented_cn/1dd96495-5f83-4d36-96cf-b77cd0cbbfda.consensus.20170119.somatic.cna.txt
1de83d45-8492-4b83-9055-a9f43b823f91	/n/data1/hms/dbmi/park/DATA/ICGC/PCAWG_Final_Datasets_DCC/consensus_snv_indel/merged_snv_mnv/1de83d45-8492-4b83-9055-a9f43b823f91.consensus.20160830.somatic.snv_mnv.vcf.gz	/n/data1/hms/dbmi/park/DATA/ICGC/PCAWG_Final_Datasets_DCC/consensus_cnv/segmented_cn/1de83d45-8492-4b83-9055-a9f43b823f91.consensus.20170119.somatic.cna.txt
1df8939c-c622-11e3-bf01-24c6515278c0	/n/data1/hms/dbmi/park/DATA/ICGC/PCAWG_Final_Datasets_DCC/consensus_snv_indel/merged_snv_mnv/1df8939c-c622-11e3-bf01-24c6515278c0.consensus.20160830.somatic.snv_mnv.vcf.gz	/n/data1/hms/dbmi/park/DATA/ICGC/PCAWG_Final_Datasets_DCC/consensus_cnv/segmented_cn/1df8939c-c622-11e3-bf01-24c6515278c0.consensus.20170119.somatic.cna.txt
1e046ab9-fa4c-4c15-8d78-ed0048c80ebf	/n/data1/hms/dbmi/park/DATA/ICGC/PCAWG_Final_Datasets_DCC/consensus_snv_indel/merged_snv_mnv/1e046ab9-fa4c-4c15-8d78-ed0048c80ebf.consensus.20160830.somatic.snv_mnv.vcf.gz	/n/data1/hms/dbmi/park/DATA/ICGC/PCAWG_Final_Datasets_DCC/consensus_cnv/segmented_cn/1e046ab9-fa4c-4c15-8d78-ed0048c80ebf.consensus.20170119.somatic.cna.txt
1e181878-c640-4e91-a620-3fc4b08a4de1	/n/data1/hms/dbmi/park/DATA/ICGC/PCAWG_Final_Datasets_DCC/consensus_snv_indel/merged_snv_mnv/1e181878-c640-4e91-a620-3fc4b08a4de1.consensus.20160830.somatic.snv_mnv.vcf.gz	/n/data1/hms/dbmi/park/DATA/ICGC/PCAWG_Final_Datasets_DCC/consensus_cnv/segmented_cn/1e181878-c640-4e91-a620-3fc4b08a4de1.consensus.20170119.somatic.cna.txt
1e27cc8a-5394-4958-9af6-5ece1fe24516	/n/data1/hms/dbmi/park/DATA/ICGC/PCAWG_Final_Datasets_DCC/consensus_snv_indel/merged_snv_mnv/1e27cc8a-5394-4958-9af6-5ece1fe24516.consensus.20160830.somatic.snv_mnv.vcf.gz	/n/data1/hms/dbmi/park/DATA/ICGC/PCAWG_Final_Datasets_DCC/consensus_cnv/segmented_cn/1e27cc8a-5394-4958-9af6-5ece1fe24516.consensus.20170119.somatic.cna.txt
1e2dcbcc-771c-43c5-8c8d-e0eb77cb3494	/n/data1/hms/dbmi/park/DATA/ICGC/PCAWG_Final_Datasets_DCC/consensus_snv_indel/merged_snv_mnv/1e2dcbcc-771c-43c5-8c8d-e0eb77cb3494.consensus.20160830.somatic.snv_mnv.vcf.gz	/n/data1/hms/dbmi/park/DATA/ICGC/PCAWG_Final_Datasets_DCC/consensus_cnv/segmented_cn/1e2dcbcc-771c-43c5-8c8d-e0eb77cb3494.consensus.20170119.somatic.cna.txt
1e8ae8dd-74c1-44d5-a74e-bfdce801c736	/n/data1/hms/dbmi/park/DATA/ICGC/PCAWG_Final_Datasets_DCC/consensus_snv_indel/merged_snv_mnv/1e8ae8dd-74c1-44d5-a74e-bfdce801c736.consensus.20160830.somatic.snv_mnv.vcf.gz	/n/data1/hms/dbmi/park/DATA/ICGC/PCAWG_Final_Datasets_DCC/consensus_cnv/segmented_cn/1e8ae8dd-74c1-44d5-a74e-bfdce801c736.consensus.20170119.somatic.cna.txt
1ea7e01c-c623-11e3-bf01-24c6515278c0	/n/data1/hms/dbmi/park/DATA/ICGC/PCAWG_Final_Datasets_DCC/consensus_snv_indel/merged_snv_mnv/1ea7e01c-c623-11e3-bf01-24c6515278c0.consensus.20160830.somatic.snv_mnv.vcf.gz	/n/data1/hms/dbmi/park/DATA/ICGC/PCAWG_Final_Datasets_DCC/consensus_cnv/segmented_cn/1ea7e01c-c623-11e3-bf01-24c6515278c0.consensus.20170119.somatic.cna.txt
1eb1bc62-18f6-4bcb-a16d-aa6a91914031	/n/data1/hms/dbmi/park/DATA/ICGC/PCAWG_Final_Datasets_DCC/consensus_snv_indel/merged_snv_mnv/1eb1bc62-18f6-4bcb-a16d-aa6a91914031.consensus.20160830.somatic.snv_mnv.vcf.gz	/n/data1/hms/dbmi/park/DATA/ICGC/PCAWG_Final_Datasets_DCC/consensus_cnv/segmented_cn/1eb1bc62-18f6-4bcb-a16d-aa6a91914031.consensus.20170119.somatic.cna.txt
1eb37b28-fac2-477a-88b3-e04291a07926	/n/data1/hms/dbmi/park/DATA/ICGC/PCAWG_Final_Datasets_DCC/consensus_snv_indel/merged_snv_mnv/1eb37b28-fac2-477a-88b3-e04291a07926.consensus.20160830.somatic.snv_mnv.vcf.gz	/n/data1/hms/dbmi/park/DATA/ICGC/PCAWG_Final_Datasets_DCC/consensus_cnv/segmented_cn/1eb37b28-fac2-477a-88b3-e04291a07926.consensus.20170119.somatic.cna.txt
1eb62abc-7928-405b-84cc-f091ca5347b2	/n/data1/hms/dbmi/park/DATA/ICGC/PCAWG_Final_Datasets_DCC/consensus_snv_indel/merged_snv_mnv/1eb62abc-7928-405b-84cc-f091ca5347b2.consensus.20160830.somatic.snv_mnv.vcf.gz	/n/data1/hms/dbmi/park/DATA/ICGC/PCAWG_Final_Datasets_DCC/consensus_cnv/segmented_cn/1eb62abc-7928-405b-84cc-f091ca5347b2.consensus.20170119.somatic.cna.txt
1f04210a-0c2e-4bb8-ac8e-86198e5f1d34	/n/data1/hms/dbmi/park/DATA/ICGC/PCAWG_Final_Datasets_DCC/consensus_snv_indel/merged_snv_mnv/1f04210a-0c2e-4bb8-ac8e-86198e5f1d34.consensus.20160830.somatic.snv_mnv.vcf.gz	/n/data1/hms/dbmi/park/DATA/ICGC/PCAWG_Final_Datasets_DCC/consensus_cnv/segmented_cn/1f04210a-0c2e-4bb8-ac8e-86198e5f1d34.consensus.20170119.somatic.cna.txt
1f2a8889-4374-4037-bb56-0f20733380e3	/n/data1/hms/dbmi/park/DATA/ICGC/PCAWG_Final_Datasets_DCC/consensus_snv_indel/merged_snv_mnv/1f2a8889-4374-4037-bb56-0f20733380e3.consensus.20160830.somatic.snv_mnv.vcf.gz	/n/data1/hms/dbmi/park/DATA/ICGC/PCAWG_Final_Datasets_DCC/consensus_cnv/segmented_cn/1f2a8889-4374-4037-bb56-0f20733380e3.consensus.20170119.somatic.cna.txt
1f5e70c1-c5de-49e7-941a-46e11a4f4416	/n/data1/hms/dbmi/park/DATA/ICGC/PCAWG_Final_Datasets_DCC/consensus_snv_indel/merged_snv_mnv/1f5e70c1-c5de-49e7-941a-46e11a4f4416.consensus.20160830.somatic.snv_mnv.vcf.gz	/n/data1/hms/dbmi/park/DATA/ICGC/PCAWG_Final_Datasets_DCC/consensus_cnv/segmented_cn/1f5e70c1-c5de-49e7-941a-46e11a4f4416.consensus.20170119.somatic.cna.txt
1f81a1b0-8089-44ef-87b5-b3359a407ad2	/n/data1/hms/dbmi/park/DATA/ICGC/PCAWG_Final_Datasets_DCC/consensus_snv_indel/merged_snv_mnv/1f81a1b0-8089-44ef-87b5-b3359a407ad2.consensus.20160830.somatic.snv_mnv.vcf.gz	/n/data1/hms/dbmi/park/DATA/ICGC/PCAWG_Final_Datasets_DCC/consensus_cnv/segmented_cn/1f81a1b0-8089-44ef-87b5-b3359a407ad2.consensus.20170119.somatic.cna.txt
1f8d8720-30ca-4057-90f7-a34b8383eafe	/n/data1/hms/dbmi/park/DATA/ICGC/PCAWG_Final_Datasets_DCC/consensus_snv_indel/merged_snv_mnv/1f8d8720-30ca-4057-90f7-a34b8383eafe.consensus.20160830.somatic.snv_mnv.vcf.gz	/n/data1/hms/dbmi/park/DATA/ICGC/PCAWG_Final_Datasets_DCC/consensus_cnv/segmented_cn/1f8d8720-30ca-4057-90f7-a34b8383eafe.consensus.20170119.somatic.cna.txt
1f967003-82d6-4932-a445-24fc25723594	/n/data1/hms/dbmi/park/DATA/ICGC/PCAWG_Final_Datasets_DCC/consensus_snv_indel/merged_snv_mnv/1f967003-82d6-4932-a445-24fc25723594.consensus.20160830.somatic.snv_mnv.vcf.gz	/n/data1/hms/dbmi/park/DATA/ICGC/PCAWG_Final_Datasets_DCC/consensus_cnv/segmented_cn/1f967003-82d6-4932-a445-24fc25723594.consensus.20170119.somatic.cna.txt
1fd69adc-c623-11e3-bf01-24c6515278c0	/n/data1/hms/dbmi/park/DATA/ICGC/PCAWG_Final_Datasets_DCC/consensus_snv_indel/merged_snv_mnv/1fd69adc-c623-11e3-bf01-24c6515278c0.consensus.20160830.somatic.snv_mnv.vcf.gz	/n/data1/hms/dbmi/park/DATA/ICGC/PCAWG_Final_Datasets_DCC/consensus_cnv/segmented_cn/1fd69adc-c623-11e3-bf01-24c6515278c0.consensus.20170119.somatic.cna.txt
1fdab6a6-7346-4229-aa8d-5dbd258f0c60	/n/data1/hms/dbmi/park/DATA/ICGC/PCAWG_Final_Datasets_DCC/consensus_snv_indel/merged_snv_mnv/1fdab6a6-7346-4229-aa8d-5dbd258f0c60.consensus.20160830.somatic.snv_mnv.vcf.gz	/n/data1/hms/dbmi/park/DATA/ICGC/PCAWG_Final_Datasets_DCC/consensus_cnv/segmented_cn/1fdab6a6-7346-4229-aa8d-5dbd258f0c60.consensus.20170119.somatic.cna.txt
1ff155dd-deb4-44e0-b3a2-e4875b618435	/n/data1/hms/dbmi/park/DATA/ICGC/PCAWG_Final_Datasets_DCC/consensus_snv_indel/merged_snv_mnv/1ff155dd-deb4-44e0-b3a2-e4875b618435.consensus.20160830.somatic.snv_mnv.vcf.gz	/n/data1/hms/dbmi/park/DATA/ICGC/PCAWG_Final_Datasets_DCC/consensus_cnv/segmented_cn/1ff155dd-deb4-44e0-b3a2-e4875b618435.consensus.20170119.somatic.cna.txt
1fff8b62-534b-4d71-a65f-e5f93b8b50ed	/n/data1/hms/dbmi/park/DATA/ICGC/PCAWG_Final_Datasets_DCC/consensus_snv_indel/merged_snv_mnv/1fff8b62-534b-4d71-a65f-e5f93b8b50ed.consensus.20160830.somatic.snv_mnv.vcf.gz	/n/data1/hms/dbmi/park/DATA/ICGC/PCAWG_Final_Datasets_DCC/consensus_cnv/segmented_cn/1fff8b62-534b-4d71-a65f-e5f93b8b50ed.consensus.20170119.somatic.cna.txt
2009e5e7-1796-445b-8677-46b3804fe0bf	/n/data1/hms/dbmi/park/DATA/ICGC/PCAWG_Final_Datasets_DCC/consensus_snv_indel/merged_snv_mnv/2009e5e7-1796-445b-8677-46b3804fe0bf.consensus.20160830.somatic.snv_mnv.vcf.gz	/n/data1/hms/dbmi/park/DATA/ICGC/PCAWG_Final_Datasets_DCC/consensus_cnv/segmented_cn/2009e5e7-1796-445b-8677-46b3804fe0bf.consensus.20170119.somatic.cna.txt
2045c788-9ea8-4ea5-a5e3-65fc16a62adb	/n/data1/hms/dbmi/park/DATA/ICGC/PCAWG_Final_Datasets_DCC/consensus_snv_indel/merged_snv_mnv/2045c788-9ea8-4ea5-a5e3-65fc16a62adb.consensus.20160830.somatic.snv_mnv.vcf.gz	/n/data1/hms/dbmi/park/DATA/ICGC/PCAWG_Final_Datasets_DCC/consensus_cnv/segmented_cn/2045c788-9ea8-4ea5-a5e3-65fc16a62adb.consensus.20170119.somatic.cna.txt
207f8a42-5b05-4876-b0ae-ebfaeea27844	/n/data1/hms/dbmi/park/DATA/ICGC/PCAWG_Final_Datasets_DCC/consensus_snv_indel/merged_snv_mnv/207f8a42-5b05-4876-b0ae-ebfaeea27844.consensus.20160830.somatic.snv_mnv.vcf.gz	/n/data1/hms/dbmi/park/DATA/ICGC/PCAWG_Final_Datasets_DCC/consensus_cnv/segmented_cn/207f8a42-5b05-4876-b0ae-ebfaeea27844.consensus.20170119.somatic.cna.txt
209a9b10-7129-48fe-a899-d14ba17efe6f	/n/data1/hms/dbmi/park/DATA/ICGC/PCAWG_Final_Datasets_DCC/consensus_snv_indel/merged_snv_mnv/209a9b10-7129-48fe-a899-d14ba17efe6f.consensus.20160830.somatic.snv_mnv.vcf.gz	/n/data1/hms/dbmi/park/DATA/ICGC/PCAWG_Final_Datasets_DCC/consensus_cnv/segmented_cn/209a9b10-7129-48fe-a899-d14ba17efe6f.consensus.20170119.somatic.cna.txt
20d1b88b-3ff6-4201-a748-6a993500c652	/n/data1/hms/dbmi/park/DATA/ICGC/PCAWG_Final_Datasets_DCC/consensus_snv_indel/merged_snv_mnv/20d1b88b-3ff6-4201-a748-6a993500c652.consensus.20160830.somatic.snv_mnv.vcf.gz	/n/data1/hms/dbmi/park/DATA/ICGC/PCAWG_Final_Datasets_DCC/consensus_cnv/segmented_cn/20d1b88b-3ff6-4201-a748-6a993500c652.consensus.20170119.somatic.cna.txt
20e02396-e676-412d-9724-44a428919cdb	/n/data1/hms/dbmi/park/DATA/ICGC/PCAWG_Final_Datasets_DCC/consensus_snv_indel/merged_snv_mnv/20e02396-e676-412d-9724-44a428919cdb.consensus.20160830.somatic.snv_mnv.vcf.gz	/n/data1/hms/dbmi/park/DATA/ICGC/PCAWG_Final_Datasets_DCC/consensus_cnv/segmented_cn/20e02396-e676-412d-9724-44a428919cdb.consensus.20170119.somatic.cna.txt
2102558b-87b0-447b-bb9a-e4ae9df8b75e	/n/data1/hms/dbmi/park/DATA/ICGC/PCAWG_Final_Datasets_DCC/consensus_snv_indel/merged_snv_mnv/2102558b-87b0-447b-bb9a-e4ae9df8b75e.consensus.20160830.somatic.snv_mnv.vcf.gz	/n/data1/hms/dbmi/park/DATA/ICGC/PCAWG_Final_Datasets_DCC/consensus_cnv/segmented_cn/2102558b-87b0-447b-bb9a-e4ae9df8b75e.consensus.20170119.somatic.cna.txt
2109e1d4-c623-11e3-bf01-24c6515278c0	/n/data1/hms/dbmi/park/DATA/ICGC/PCAWG_Final_Datasets_DCC/consensus_snv_indel/merged_snv_mnv/2109e1d4-c623-11e3-bf01-24c6515278c0.consensus.20160830.somatic.snv_mnv.vcf.gz	/n/data1/hms/dbmi/park/DATA/ICGC/PCAWG_Final_Datasets_DCC/consensus_cnv/segmented_cn/2109e1d4-c623-11e3-bf01-24c6515278c0.consensus.20170119.somatic.cna.txt
21205681-a0c7-48d0-81d4-0b7ef31158cf	/n/data1/hms/dbmi/park/DATA/ICGC/PCAWG_Final_Datasets_DCC/consensus_snv_indel/merged_snv_mnv/21205681-a0c7-48d0-81d4-0b7ef31158cf.consensus.20160830.somatic.snv_mnv.vcf.gz	/n/data1/hms/dbmi/park/DATA/ICGC/PCAWG_Final_Datasets_DCC/consensus_cnv/segmented_cn/21205681-a0c7-48d0-81d4-0b7ef31158cf.consensus.20170119.somatic.cna.txt
21b1a37f-e91e-4ce1-83cf-bb89b8d0fb35	/n/data1/hms/dbmi/park/DATA/ICGC/PCAWG_Final_Datasets_DCC/consensus_snv_indel/merged_snv_mnv/21b1a37f-e91e-4ce1-83cf-bb89b8d0fb35.consensus.20160830.somatic.snv_mnv.vcf.gz	/n/data1/hms/dbmi/park/DATA/ICGC/PCAWG_Final_Datasets_DCC/consensus_cnv/segmented_cn/21b1a37f-e91e-4ce1-83cf-bb89b8d0fb35.consensus.20170119.somatic.cna.txt
21e7e43e-f9b1-4351-a6d9-b9cd06d15f68	/n/data1/hms/dbmi/park/DATA/ICGC/PCAWG_Final_Datasets_DCC/consensus_snv_indel/merged_snv_mnv/21e7e43e-f9b1-4351-a6d9-b9cd06d15f68.consensus.20160830.somatic.snv_mnv.vcf.gz	/n/data1/hms/dbmi/park/DATA/ICGC/PCAWG_Final_Datasets_DCC/consensus_cnv/segmented_cn/21e7e43e-f9b1-4351-a6d9-b9cd06d15f68.consensus.20170119.somatic.cna.txt
221d0290-c623-11e3-bf01-24c6515278c0	/n/data1/hms/dbmi/park/DATA/ICGC/PCAWG_Final_Datasets_DCC/consensus_snv_indel/merged_snv_mnv/221d0290-c623-11e3-bf01-24c6515278c0.consensus.20160830.somatic.snv_mnv.vcf.gz	/n/data1/hms/dbmi/park/DATA/ICGC/PCAWG_Final_Datasets_DCC/consensus_cnv/segmented_cn/221d0290-c623-11e3-bf01-24c6515278c0.consensus.20170119.somatic.cna.txt
22578b9f-78dc-464c-9bb9-382f033283d0	/n/data1/hms/dbmi/park/DATA/ICGC/PCAWG_Final_Datasets_DCC/consensus_snv_indel/merged_snv_mnv/22578b9f-78dc-464c-9bb9-382f033283d0.consensus.20160830.somatic.snv_mnv.vcf.gz	/n/data1/hms/dbmi/park/DATA/ICGC/PCAWG_Final_Datasets_DCC/consensus_cnv/segmented_cn/22578b9f-78dc-464c-9bb9-382f033283d0.consensus.20170119.somatic.cna.txt
228fb827-c05e-494c-8a21-e1d925e100cb	/n/data1/hms/dbmi/park/DATA/ICGC/PCAWG_Final_Datasets_DCC/consensus_snv_indel/merged_snv_mnv/228fb827-c05e-494c-8a21-e1d925e100cb.consensus.20160830.somatic.snv_mnv.vcf.gz	/n/data1/hms/dbmi/park/DATA/ICGC/PCAWG_Final_Datasets_DCC/consensus_cnv/segmented_cn/228fb827-c05e-494c-8a21-e1d925e100cb.consensus.20170119.somatic.cna.txt
2290b078-6a5b-4c83-9dfb-b525bbf14e4e	/n/data1/hms/dbmi/park/DATA/ICGC/PCAWG_Final_Datasets_DCC/consensus_snv_indel/merged_snv_mnv/2290b078-6a5b-4c83-9dfb-b525bbf14e4e.consensus.20160830.somatic.snv_mnv.vcf.gz	/n/data1/hms/dbmi/park/DATA/ICGC/PCAWG_Final_Datasets_DCC/consensus_cnv/segmented_cn/2290b078-6a5b-4c83-9dfb-b525bbf14e4e.consensus.20170119.somatic.cna.txt
22cd3875-a123-4f0d-8cd1-371958208ad6	/n/data1/hms/dbmi/park/DATA/ICGC/PCAWG_Final_Datasets_DCC/consensus_snv_indel/merged_snv_mnv/22cd3875-a123-4f0d-8cd1-371958208ad6.consensus.20160830.somatic.snv_mnv.vcf.gz	/n/data1/hms/dbmi/park/DATA/ICGC/PCAWG_Final_Datasets_DCC/consensus_cnv/segmented_cn/22cd3875-a123-4f0d-8cd1-371958208ad6.consensus.20170119.somatic.cna.txt
22d67778-61fc-4f15-95b8-7e7c6cc7112b	/n/data1/hms/dbmi/park/DATA/ICGC/PCAWG_Final_Datasets_DCC/consensus_snv_indel/merged_snv_mnv/22d67778-61fc-4f15-95b8-7e7c6cc7112b.consensus.20160830.somatic.snv_mnv.vcf.gz	/n/data1/hms/dbmi/park/DATA/ICGC/PCAWG_Final_Datasets_DCC/consensus_cnv/segmented_cn/22d67778-61fc-4f15-95b8-7e7c6cc7112b.consensus.20170119.somatic.cna.txt
22edd867-dcd6-42b5-92bb-025ceb84b106	/n/data1/hms/dbmi/park/DATA/ICGC/PCAWG_Final_Datasets_DCC/consensus_snv_indel/merged_snv_mnv/22edd867-dcd6-42b5-92bb-025ceb84b106.consensus.20160830.somatic.snv_mnv.vcf.gz	/n/data1/hms/dbmi/park/DATA/ICGC/PCAWG_Final_Datasets_DCC/consensus_cnv/segmented_cn/22edd867-dcd6-42b5-92bb-025ceb84b106.consensus.20170119.somatic.cna.txt
230f53ef-be3f-495e-9b95-b0f670bd6908	/n/data1/hms/dbmi/park/DATA/ICGC/PCAWG_Final_Datasets_DCC/consensus_snv_indel/merged_snv_mnv/230f53ef-be3f-495e-9b95-b0f670bd6908.consensus.20160830.somatic.snv_mnv.vcf.gz	/n/data1/hms/dbmi/park/DATA/ICGC/PCAWG_Final_Datasets_DCC/consensus_cnv/segmented_cn/230f53ef-be3f-495e-9b95-b0f670bd6908.consensus.20170119.somatic.cna.txt
2316ee90-c623-11e3-bf01-24c6515278c0	/n/data1/hms/dbmi/park/DATA/ICGC/PCAWG_Final_Datasets_DCC/consensus_snv_indel/merged_snv_mnv/2316ee90-c623-11e3-bf01-24c6515278c0.consensus.20160830.somatic.snv_mnv.vcf.gz	/n/data1/hms/dbmi/park/DATA/ICGC/PCAWG_Final_Datasets_DCC/consensus_cnv/segmented_cn/2316ee90-c623-11e3-bf01-24c6515278c0.consensus.20170119.somatic.cna.txt
2321c412-7730-4694-bc8f-199d7e51a7f8	/n/data1/hms/dbmi/park/DATA/ICGC/PCAWG_Final_Datasets_DCC/consensus_snv_indel/merged_snv_mnv/2321c412-7730-4694-bc8f-199d7e51a7f8.consensus.20160830.somatic.snv_mnv.vcf.gz	/n/data1/hms/dbmi/park/DATA/ICGC/PCAWG_Final_Datasets_DCC/consensus_cnv/segmented_cn/2321c412-7730-4694-bc8f-199d7e51a7f8.consensus.20170119.somatic.cna.txt
232b7754-b3c3-4530-9d24-3af40d9b2816	/n/data1/hms/dbmi/park/DATA/ICGC/PCAWG_Final_Datasets_DCC/consensus_snv_indel/merged_snv_mnv/232b7754-b3c3-4530-9d24-3af40d9b2816.consensus.20160830.somatic.snv_mnv.vcf.gz	/n/data1/hms/dbmi/park/DATA/ICGC/PCAWG_Final_Datasets_DCC/consensus_cnv/segmented_cn/232b7754-b3c3-4530-9d24-3af40d9b2816.consensus.20170119.somatic.cna.txt
2399ab13-abfa-480e-9fda-7947edc420be	/n/data1/hms/dbmi/park/DATA/ICGC/PCAWG_Final_Datasets_DCC/consensus_snv_indel/merged_snv_mnv/2399ab13-abfa-480e-9fda-7947edc420be.consensus.20160830.somatic.snv_mnv.vcf.gz	/n/data1/hms/dbmi/park/DATA/ICGC/PCAWG_Final_Datasets_DCC/consensus_cnv/segmented_cn/2399ab13-abfa-480e-9fda-7947edc420be.consensus.20170119.somatic.cna.txt
23cc70c4-b744-4fa0-a0de-b25c0fdf212f	/n/data1/hms/dbmi/park/DATA/ICGC/PCAWG_Final_Datasets_DCC/consensus_snv_indel/merged_snv_mnv/23cc70c4-b744-4fa0-a0de-b25c0fdf212f.consensus.20160830.somatic.snv_mnv.vcf.gz	/n/data1/hms/dbmi/park/DATA/ICGC/PCAWG_Final_Datasets_DCC/consensus_cnv/segmented_cn/23cc70c4-b744-4fa0-a0de-b25c0fdf212f.consensus.20170119.somatic.cna.txt
23d77176-dfed-4bee-ac96-9934377d8d81	/n/data1/hms/dbmi/park/DATA/ICGC/PCAWG_Final_Datasets_DCC/consensus_snv_indel/merged_snv_mnv/23d77176-dfed-4bee-ac96-9934377d8d81.consensus.20160830.somatic.snv_mnv.vcf.gz	/n/data1/hms/dbmi/park/DATA/ICGC/PCAWG_Final_Datasets_DCC/consensus_cnv/segmented_cn/23d77176-dfed-4bee-ac96-9934377d8d81.consensus.20170119.somatic.cna.txt
23d86395-9e20-4cf9-bf7e-f76544a1f772	/n/data1/hms/dbmi/park/DATA/ICGC/PCAWG_Final_Datasets_DCC/consensus_snv_indel/merged_snv_mnv/23d86395-9e20-4cf9-bf7e-f76544a1f772.consensus.20160830.somatic.snv_mnv.vcf.gz	/n/data1/hms/dbmi/park/DATA/ICGC/PCAWG_Final_Datasets_DCC/consensus_cnv/segmented_cn/23d86395-9e20-4cf9-bf7e-f76544a1f772.consensus.20170119.somatic.cna.txt
23eb72d8-c622-11e3-bf01-24c6515278c0	/n/data1/hms/dbmi/park/DATA/ICGC/PCAWG_Final_Datasets_DCC/consensus_snv_indel/merged_snv_mnv/23eb72d8-c622-11e3-bf01-24c6515278c0.consensus.20160830.somatic.snv_mnv.vcf.gz	/n/data1/hms/dbmi/park/DATA/ICGC/PCAWG_Final_Datasets_DCC/consensus_cnv/segmented_cn/23eb72d8-c622-11e3-bf01-24c6515278c0.consensus.20170119.somatic.cna.txt
23fa90d5-b273-4e2c-9c88-68aa57b60e97	/n/data1/hms/dbmi/park/DATA/ICGC/PCAWG_Final_Datasets_DCC/consensus_snv_indel/merged_snv_mnv/23fa90d5-b273-4e2c-9c88-68aa57b60e97.consensus.20160830.somatic.snv_mnv.vcf.gz	/n/data1/hms/dbmi/park/DATA/ICGC/PCAWG_Final_Datasets_DCC/consensus_cnv/segmented_cn/23fa90d5-b273-4e2c-9c88-68aa57b60e97.consensus.20170119.somatic.cna.txt
241abdfd-e6de-4830-a233-4bbc5f622725	/n/data1/hms/dbmi/park/DATA/ICGC/PCAWG_Final_Datasets_DCC/consensus_snv_indel/merged_snv_mnv/241abdfd-e6de-4830-a233-4bbc5f622725.consensus.20160830.somatic.snv_mnv.vcf.gz	/n/data1/hms/dbmi/park/DATA/ICGC/PCAWG_Final_Datasets_DCC/consensus_cnv/segmented_cn/241abdfd-e6de-4830-a233-4bbc5f622725.consensus.20170119.somatic.cna.txt
2425a532-f562-423a-88f5-228642f53875	/n/data1/hms/dbmi/park/DATA/ICGC/PCAWG_Final_Datasets_DCC/consensus_snv_indel/merged_snv_mnv/2425a532-f562-423a-88f5-228642f53875.consensus.20160830.somatic.snv_mnv.vcf.gz	/n/data1/hms/dbmi/park/DATA/ICGC/PCAWG_Final_Datasets_DCC/consensus_cnv/segmented_cn/2425a532-f562-423a-88f5-228642f53875.consensus.20170119.somatic.cna.txt
2439ec74-1713-4d47-a5d9-886f69dddcb6	/n/data1/hms/dbmi/park/DATA/ICGC/PCAWG_Final_Datasets_DCC/consensus_snv_indel/merged_snv_mnv/2439ec74-1713-4d47-a5d9-886f69dddcb6.consensus.20160830.somatic.snv_mnv.vcf.gz	/n/data1/hms/dbmi/park/DATA/ICGC/PCAWG_Final_Datasets_DCC/consensus_cnv/segmented_cn/2439ec74-1713-4d47-a5d9-886f69dddcb6.consensus.20170119.somatic.cna.txt
2468e58c-c623-11e3-bf01-24c6515278c0	/n/data1/hms/dbmi/park/DATA/ICGC/PCAWG_Final_Datasets_DCC/consensus_snv_indel/merged_snv_mnv/2468e58c-c623-11e3-bf01-24c6515278c0.consensus.20160830.somatic.snv_mnv.vcf.gz	/n/data1/hms/dbmi/park/DATA/ICGC/PCAWG_Final_Datasets_DCC/consensus_cnv/segmented_cn/2468e58c-c623-11e3-bf01-24c6515278c0.consensus.20170119.somatic.cna.txt
248fd0ed-f14c-40b8-9f14-e9c7adf16e22	/n/data1/hms/dbmi/park/DATA/ICGC/PCAWG_Final_Datasets_DCC/consensus_snv_indel/merged_snv_mnv/248fd0ed-f14c-40b8-9f14-e9c7adf16e22.consensus.20160830.somatic.snv_mnv.vcf.gz	/n/data1/hms/dbmi/park/DATA/ICGC/PCAWG_Final_Datasets_DCC/consensus_cnv/segmented_cn/248fd0ed-f14c-40b8-9f14-e9c7adf16e22.consensus.20170119.somatic.cna.txt
24badf07-8615-48a3-8d6e-45c3d783f18d	/n/data1/hms/dbmi/park/DATA/ICGC/PCAWG_Final_Datasets_DCC/consensus_snv_indel/merged_snv_mnv/24badf07-8615-48a3-8d6e-45c3d783f18d.consensus.20160830.somatic.snv_mnv.vcf.gz	/n/data1/hms/dbmi/park/DATA/ICGC/PCAWG_Final_Datasets_DCC/consensus_cnv/segmented_cn/24badf07-8615-48a3-8d6e-45c3d783f18d.consensus.20170119.somatic.cna.txt
24f887e1-ce82-40f3-9674-11102bd076c0	/n/data1/hms/dbmi/park/DATA/ICGC/PCAWG_Final_Datasets_DCC/consensus_snv_indel/merged_snv_mnv/24f887e1-ce82-40f3-9674-11102bd076c0.consensus.20160830.somatic.snv_mnv.vcf.gz	/n/data1/hms/dbmi/park/DATA/ICGC/PCAWG_Final_Datasets_DCC/consensus_cnv/segmented_cn/24f887e1-ce82-40f3-9674-11102bd076c0.consensus.20170119.somatic.cna.txt
25103371-28ac-4f43-b0e2-2d376d0dcb84	/n/data1/hms/dbmi/park/DATA/ICGC/PCAWG_Final_Datasets_DCC/consensus_snv_indel/merged_snv_mnv/25103371-28ac-4f43-b0e2-2d376d0dcb84.consensus.20160830.somatic.snv_mnv.vcf.gz	/n/data1/hms/dbmi/park/DATA/ICGC/PCAWG_Final_Datasets_DCC/consensus_cnv/segmented_cn/25103371-28ac-4f43-b0e2-2d376d0dcb84.consensus.20170119.somatic.cna.txt
25224aa0-cfdd-48ec-92e5-8f3992a3e574	/n/data1/hms/dbmi/park/DATA/ICGC/PCAWG_Final_Datasets_DCC/consensus_snv_indel/merged_snv_mnv/25224aa0-cfdd-48ec-92e5-8f3992a3e574.consensus.20160830.somatic.snv_mnv.vcf.gz	/n/data1/hms/dbmi/park/DATA/ICGC/PCAWG_Final_Datasets_DCC/consensus_cnv/segmented_cn/25224aa0-cfdd-48ec-92e5-8f3992a3e574.consensus.20170119.somatic.cna.txt
252a1c43-f954-44d7-8e31-6bcd0157a05c	/n/data1/hms/dbmi/park/DATA/ICGC/PCAWG_Final_Datasets_DCC/consensus_snv_indel/merged_snv_mnv/252a1c43-f954-44d7-8e31-6bcd0157a05c.consensus.20160830.somatic.snv_mnv.vcf.gz	/n/data1/hms/dbmi/park/DATA/ICGC/PCAWG_Final_Datasets_DCC/consensus_cnv/segmented_cn/252a1c43-f954-44d7-8e31-6bcd0157a05c.consensus.20170119.somatic.cna.txt
2564a262-03e8-467b-9ea2-f3ab38d75ae1	/n/data1/hms/dbmi/park/DATA/ICGC/PCAWG_Final_Datasets_DCC/consensus_snv_indel/merged_snv_mnv/2564a262-03e8-467b-9ea2-f3ab38d75ae1.consensus.20160830.somatic.snv_mnv.vcf.gz	/n/data1/hms/dbmi/park/DATA/ICGC/PCAWG_Final_Datasets_DCC/consensus_cnv/segmented_cn/2564a262-03e8-467b-9ea2-f3ab38d75ae1.consensus.20170119.somatic.cna.txt
2572b0bc-c622-11e3-bf01-24c6515278c0	/n/data1/hms/dbmi/park/DATA/ICGC/PCAWG_Final_Datasets_DCC/consensus_snv_indel/merged_snv_mnv/2572b0bc-c622-11e3-bf01-24c6515278c0.consensus.20160830.somatic.snv_mnv.vcf.gz	/n/data1/hms/dbmi/park/DATA/ICGC/PCAWG_Final_Datasets_DCC/consensus_cnv/segmented_cn/2572b0bc-c622-11e3-bf01-24c6515278c0.consensus.20170119.somatic.cna.txt
2584b428-c623-11e3-bf01-24c6515278c0	/n/data1/hms/dbmi/park/DATA/ICGC/PCAWG_Final_Datasets_DCC/consensus_snv_indel/merged_snv_mnv/2584b428-c623-11e3-bf01-24c6515278c0.consensus.20160830.somatic.snv_mnv.vcf.gz	/n/data1/hms/dbmi/park/DATA/ICGC/PCAWG_Final_Datasets_DCC/consensus_cnv/segmented_cn/2584b428-c623-11e3-bf01-24c6515278c0.consensus.20170119.somatic.cna.txt
25bee010-cc99-4af0-ba2f-fe4dd308be33	/n/data1/hms/dbmi/park/DATA/ICGC/PCAWG_Final_Datasets_DCC/consensus_snv_indel/merged_snv_mnv/25bee010-cc99-4af0-ba2f-fe4dd308be33.consensus.20160830.somatic.snv_mnv.vcf.gz	/n/data1/hms/dbmi/park/DATA/ICGC/PCAWG_Final_Datasets_DCC/consensus_cnv/segmented_cn/25bee010-cc99-4af0-ba2f-fe4dd308be33.consensus.20170119.somatic.cna.txt
25c002f7-e972-421a-b32d-7dd675d81931	/n/data1/hms/dbmi/park/DATA/ICGC/PCAWG_Final_Datasets_DCC/consensus_snv_indel/merged_snv_mnv/25c002f7-e972-421a-b32d-7dd675d81931.consensus.20160830.somatic.snv_mnv.vcf.gz	/n/data1/hms/dbmi/park/DATA/ICGC/PCAWG_Final_Datasets_DCC/consensus_cnv/segmented_cn/25c002f7-e972-421a-b32d-7dd675d81931.consensus.20170119.somatic.cna.txt
25c32aca-6738-43ef-a103-243f2f9a3b43	/n/data1/hms/dbmi/park/DATA/ICGC/PCAWG_Final_Datasets_DCC/consensus_snv_indel/merged_snv_mnv/25c32aca-6738-43ef-a103-243f2f9a3b43.consensus.20160830.somatic.snv_mnv.vcf.gz	/n/data1/hms/dbmi/park/DATA/ICGC/PCAWG_Final_Datasets_DCC/consensus_cnv/segmented_cn/25c32aca-6738-43ef-a103-243f2f9a3b43.consensus.20170119.somatic.cna.txt
25c76a8f-77c0-4650-bddf-45ed0c10a2e6	/n/data1/hms/dbmi/park/DATA/ICGC/PCAWG_Final_Datasets_DCC/consensus_snv_indel/merged_snv_mnv/25c76a8f-77c0-4650-bddf-45ed0c10a2e6.consensus.20160830.somatic.snv_mnv.vcf.gz	/n/data1/hms/dbmi/park/DATA/ICGC/PCAWG_Final_Datasets_DCC/consensus_cnv/segmented_cn/25c76a8f-77c0-4650-bddf-45ed0c10a2e6.consensus.20170119.somatic.cna.txt
25c99312-bf63-4654-a73a-03c3c1cd50b6	/n/data1/hms/dbmi/park/DATA/ICGC/PCAWG_Final_Datasets_DCC/consensus_snv_indel/merged_snv_mnv/25c99312-bf63-4654-a73a-03c3c1cd50b6.consensus.20160830.somatic.snv_mnv.vcf.gz	/n/data1/hms/dbmi/park/DATA/ICGC/PCAWG_Final_Datasets_DCC/consensus_cnv/segmented_cn/25c99312-bf63-4654-a73a-03c3c1cd50b6.consensus.20170119.somatic.cna.txt
25cf7449-8c5b-403e-aa75-e2af158598e8	/n/data1/hms/dbmi/park/DATA/ICGC/PCAWG_Final_Datasets_DCC/consensus_snv_indel/merged_snv_mnv/25cf7449-8c5b-403e-aa75-e2af158598e8.consensus.20160830.somatic.snv_mnv.vcf.gz	/n/data1/hms/dbmi/park/DATA/ICGC/PCAWG_Final_Datasets_DCC/consensus_cnv/segmented_cn/25cf7449-8c5b-403e-aa75-e2af158598e8.consensus.20170119.somatic.cna.txt
25e20393-752b-4796-9001-0e22ee04c586	/n/data1/hms/dbmi/park/DATA/ICGC/PCAWG_Final_Datasets_DCC/consensus_snv_indel/merged_snv_mnv/25e20393-752b-4796-9001-0e22ee04c586.consensus.20160830.somatic.snv_mnv.vcf.gz	/n/data1/hms/dbmi/park/DATA/ICGC/PCAWG_Final_Datasets_DCC/consensus_cnv/segmented_cn/25e20393-752b-4796-9001-0e22ee04c586.consensus.20170119.somatic.cna.txt
25e4cad7-2403-4992-9cbc-433574673549	/n/data1/hms/dbmi/park/DATA/ICGC/PCAWG_Final_Datasets_DCC/consensus_snv_indel/merged_snv_mnv/25e4cad7-2403-4992-9cbc-433574673549.consensus.20160830.somatic.snv_mnv.vcf.gz	/n/data1/hms/dbmi/park/DATA/ICGC/PCAWG_Final_Datasets_DCC/consensus_cnv/segmented_cn/25e4cad7-2403-4992-9cbc-433574673549.consensus.20170119.somatic.cna.txt
25e68b09-7d62-4449-a14a-8d09edd96db6	/n/data1/hms/dbmi/park/DATA/ICGC/PCAWG_Final_Datasets_DCC/consensus_snv_indel/merged_snv_mnv/25e68b09-7d62-4449-a14a-8d09edd96db6.consensus.20160830.somatic.snv_mnv.vcf.gz	/n/data1/hms/dbmi/park/DATA/ICGC/PCAWG_Final_Datasets_DCC/consensus_cnv/segmented_cn/25e68b09-7d62-4449-a14a-8d09edd96db6.consensus.20170119.somatic.cna.txt
25f07374-313a-4100-9a60-3d21d2988fca	/n/data1/hms/dbmi/park/DATA/ICGC/PCAWG_Final_Datasets_DCC/consensus_snv_indel/merged_snv_mnv/25f07374-313a-4100-9a60-3d21d2988fca.consensus.20160830.somatic.snv_mnv.vcf.gz	/n/data1/hms/dbmi/park/DATA/ICGC/PCAWG_Final_Datasets_DCC/consensus_cnv/segmented_cn/25f07374-313a-4100-9a60-3d21d2988fca.consensus.20170119.somatic.cna.txt
25f73b03-4ba8-47ba-ad80-6ccb82105c98	/n/data1/hms/dbmi/park/DATA/ICGC/PCAWG_Final_Datasets_DCC/consensus_snv_indel/merged_snv_mnv/25f73b03-4ba8-47ba-ad80-6ccb82105c98.consensus.20160830.somatic.snv_mnv.vcf.gz	/n/data1/hms/dbmi/park/DATA/ICGC/PCAWG_Final_Datasets_DCC/consensus_cnv/segmented_cn/25f73b03-4ba8-47ba-ad80-6ccb82105c98.consensus.20170119.somatic.cna.txt
2660825c-68f0-4631-948e-6da158edbe9e	/n/data1/hms/dbmi/park/DATA/ICGC/PCAWG_Final_Datasets_DCC/consensus_snv_indel/merged_snv_mnv/2660825c-68f0-4631-948e-6da158edbe9e.consensus.20160830.somatic.snv_mnv.vcf.gz	/n/data1/hms/dbmi/park/DATA/ICGC/PCAWG_Final_Datasets_DCC/consensus_cnv/segmented_cn/2660825c-68f0-4631-948e-6da158edbe9e.consensus.20170119.somatic.cna.txt
267a9862-17bd-4056-ba4a-1f373736ffbb	/n/data1/hms/dbmi/park/DATA/ICGC/PCAWG_Final_Datasets_DCC/consensus_snv_indel/merged_snv_mnv/267a9862-17bd-4056-ba4a-1f373736ffbb.consensus.20160830.somatic.snv_mnv.vcf.gz	/n/data1/hms/dbmi/park/DATA/ICGC/PCAWG_Final_Datasets_DCC/consensus_cnv/segmented_cn/267a9862-17bd-4056-ba4a-1f373736ffbb.consensus.20170119.somatic.cna.txt
26c301a6-a597-4c24-9f6c-2293e5ae41c7	/n/data1/hms/dbmi/park/DATA/ICGC/PCAWG_Final_Datasets_DCC/consensus_snv_indel/merged_snv_mnv/26c301a6-a597-4c24-9f6c-2293e5ae41c7.consensus.20160830.somatic.snv_mnv.vcf.gz	/n/data1/hms/dbmi/park/DATA/ICGC/PCAWG_Final_Datasets_DCC/consensus_cnv/segmented_cn/26c301a6-a597-4c24-9f6c-2293e5ae41c7.consensus.20170119.somatic.cna.txt
26de406e-c623-11e3-bf01-24c6515278c0	/n/data1/hms/dbmi/park/DATA/ICGC/PCAWG_Final_Datasets_DCC/consensus_snv_indel/merged_snv_mnv/26de406e-c623-11e3-bf01-24c6515278c0.consensus.20160830.somatic.snv_mnv.vcf.gz	/n/data1/hms/dbmi/park/DATA/ICGC/PCAWG_Final_Datasets_DCC/consensus_cnv/segmented_cn/26de406e-c623-11e3-bf01-24c6515278c0.consensus.20170119.somatic.cna.txt
274723ac-2bc1-4e2c-b31a-1907217b9f84	/n/data1/hms/dbmi/park/DATA/ICGC/PCAWG_Final_Datasets_DCC/consensus_snv_indel/merged_snv_mnv/274723ac-2bc1-4e2c-b31a-1907217b9f84.consensus.20160830.somatic.snv_mnv.vcf.gz	/n/data1/hms/dbmi/park/DATA/ICGC/PCAWG_Final_Datasets_DCC/consensus_cnv/segmented_cn/274723ac-2bc1-4e2c-b31a-1907217b9f84.consensus.20170119.somatic.cna.txt
27847313-3b1e-47f2-84f1-acadaf265cf3	/n/data1/hms/dbmi/park/DATA/ICGC/PCAWG_Final_Datasets_DCC/consensus_snv_indel/merged_snv_mnv/27847313-3b1e-47f2-84f1-acadaf265cf3.consensus.20160830.somatic.snv_mnv.vcf.gz	/n/data1/hms/dbmi/park/DATA/ICGC/PCAWG_Final_Datasets_DCC/consensus_cnv/segmented_cn/27847313-3b1e-47f2-84f1-acadaf265cf3.consensus.20170119.somatic.cna.txt
278b2498-1d64-493b-ac43-3489ec86f313	/n/data1/hms/dbmi/park/DATA/ICGC/PCAWG_Final_Datasets_DCC/consensus_snv_indel/merged_snv_mnv/278b2498-1d64-493b-ac43-3489ec86f313.consensus.20160830.somatic.snv_mnv.vcf.gz	/n/data1/hms/dbmi/park/DATA/ICGC/PCAWG_Final_Datasets_DCC/consensus_cnv/segmented_cn/278b2498-1d64-493b-ac43-3489ec86f313.consensus.20170119.somatic.cna.txt
2790b964-63e3-49aa-bf8c-9a00d3448c25	/n/data1/hms/dbmi/park/DATA/ICGC/PCAWG_Final_Datasets_DCC/consensus_snv_indel/merged_snv_mnv/2790b964-63e3-49aa-bf8c-9a00d3448c25.consensus.20160830.somatic.snv_mnv.vcf.gz	/n/data1/hms/dbmi/park/DATA/ICGC/PCAWG_Final_Datasets_DCC/consensus_cnv/segmented_cn/2790b964-63e3-49aa-bf8c-9a00d3448c25.consensus.20170119.somatic.cna.txt
27b56bf2-7a9d-4061-98d4-61fe2761578c	/n/data1/hms/dbmi/park/DATA/ICGC/PCAWG_Final_Datasets_DCC/consensus_snv_indel/merged_snv_mnv/27b56bf2-7a9d-4061-98d4-61fe2761578c.consensus.20160830.somatic.snv_mnv.vcf.gz	/n/data1/hms/dbmi/park/DATA/ICGC/PCAWG_Final_Datasets_DCC/consensus_cnv/segmented_cn/27b56bf2-7a9d-4061-98d4-61fe2761578c.consensus.20170119.somatic.cna.txt
27f87d1e-2c32-4beb-9677-62f7a286673d	/n/data1/hms/dbmi/park/DATA/ICGC/PCAWG_Final_Datasets_DCC/consensus_snv_indel/merged_snv_mnv/27f87d1e-2c32-4beb-9677-62f7a286673d.consensus.20160830.somatic.snv_mnv.vcf.gz	/n/data1/hms/dbmi/park/DATA/ICGC/PCAWG_Final_Datasets_DCC/consensus_cnv/segmented_cn/27f87d1e-2c32-4beb-9677-62f7a286673d.consensus.20170119.somatic.cna.txt
27fcccdc-c622-11e3-bf01-24c6515278c0	/n/data1/hms/dbmi/park/DATA/ICGC/PCAWG_Final_Datasets_DCC/consensus_snv_indel/merged_snv_mnv/27fcccdc-c622-11e3-bf01-24c6515278c0.consensus.20160830.somatic.snv_mnv.vcf.gz	/n/data1/hms/dbmi/park/DATA/ICGC/PCAWG_Final_Datasets_DCC/consensus_cnv/segmented_cn/27fcccdc-c622-11e3-bf01-24c6515278c0.consensus.20170119.somatic.cna.txt
280a069c-38e5-4300-a15c-2612301b70e3	/n/data1/hms/dbmi/park/DATA/ICGC/PCAWG_Final_Datasets_DCC/consensus_snv_indel/merged_snv_mnv/280a069c-38e5-4300-a15c-2612301b70e3.consensus.20160830.somatic.snv_mnv.vcf.gz	/n/data1/hms/dbmi/park/DATA/ICGC/PCAWG_Final_Datasets_DCC/consensus_cnv/segmented_cn/280a069c-38e5-4300-a15c-2612301b70e3.consensus.20170119.somatic.cna.txt
2828e5e6-c623-11e3-bf01-24c6515278c0	/n/data1/hms/dbmi/park/DATA/ICGC/PCAWG_Final_Datasets_DCC/consensus_snv_indel/merged_snv_mnv/2828e5e6-c623-11e3-bf01-24c6515278c0.consensus.20160830.somatic.snv_mnv.vcf.gz	/n/data1/hms/dbmi/park/DATA/ICGC/PCAWG_Final_Datasets_DCC/consensus_cnv/segmented_cn/2828e5e6-c623-11e3-bf01-24c6515278c0.consensus.20170119.somatic.cna.txt
282b45ee-4af2-4c61-9acc-286eaf8d661a	/n/data1/hms/dbmi/park/DATA/ICGC/PCAWG_Final_Datasets_DCC/consensus_snv_indel/merged_snv_mnv/282b45ee-4af2-4c61-9acc-286eaf8d661a.consensus.20160830.somatic.snv_mnv.vcf.gz	/n/data1/hms/dbmi/park/DATA/ICGC/PCAWG_Final_Datasets_DCC/consensus_cnv/segmented_cn/282b45ee-4af2-4c61-9acc-286eaf8d661a.consensus.20170119.somatic.cna.txt
28839c75-90a8-493f-b658-8c63e0ebd324	/n/data1/hms/dbmi/park/DATA/ICGC/PCAWG_Final_Datasets_DCC/consensus_snv_indel/merged_snv_mnv/28839c75-90a8-493f-b658-8c63e0ebd324.consensus.20160830.somatic.snv_mnv.vcf.gz	/n/data1/hms/dbmi/park/DATA/ICGC/PCAWG_Final_Datasets_DCC/consensus_cnv/segmented_cn/28839c75-90a8-493f-b658-8c63e0ebd324.consensus.20170119.somatic.cna.txt
289790a5-77bd-49a9-a1ec-478a8ecacd7f	/n/data1/hms/dbmi/park/DATA/ICGC/PCAWG_Final_Datasets_DCC/consensus_snv_indel/merged_snv_mnv/289790a5-77bd-49a9-a1ec-478a8ecacd7f.consensus.20160830.somatic.snv_mnv.vcf.gz	/n/data1/hms/dbmi/park/DATA/ICGC/PCAWG_Final_Datasets_DCC/consensus_cnv/segmented_cn/289790a5-77bd-49a9-a1ec-478a8ecacd7f.consensus.20170119.somatic.cna.txt
28e81540-4744-4865-b627-c7c9d8a3c2b8	/n/data1/hms/dbmi/park/DATA/ICGC/PCAWG_Final_Datasets_DCC/consensus_snv_indel/merged_snv_mnv/28e81540-4744-4865-b627-c7c9d8a3c2b8.consensus.20160830.somatic.snv_mnv.vcf.gz	/n/data1/hms/dbmi/park/DATA/ICGC/PCAWG_Final_Datasets_DCC/consensus_cnv/segmented_cn/28e81540-4744-4865-b627-c7c9d8a3c2b8.consensus.20170119.somatic.cna.txt
28f41a20-b6d6-4ecc-888f-72f779ad9af7	/n/data1/hms/dbmi/park/DATA/ICGC/PCAWG_Final_Datasets_DCC/consensus_snv_indel/merged_snv_mnv/28f41a20-b6d6-4ecc-888f-72f779ad9af7.consensus.20160830.somatic.snv_mnv.vcf.gz	/n/data1/hms/dbmi/park/DATA/ICGC/PCAWG_Final_Datasets_DCC/consensus_cnv/segmented_cn/28f41a20-b6d6-4ecc-888f-72f779ad9af7.consensus.20170119.somatic.cna.txt
28f8d45f-4763-472e-9c4d-6787ba00164b	/n/data1/hms/dbmi/park/DATA/ICGC/PCAWG_Final_Datasets_DCC/consensus_snv_indel/merged_snv_mnv/28f8d45f-4763-472e-9c4d-6787ba00164b.consensus.20160830.somatic.snv_mnv.vcf.gz	/n/data1/hms/dbmi/park/DATA/ICGC/PCAWG_Final_Datasets_DCC/consensus_cnv/segmented_cn/28f8d45f-4763-472e-9c4d-6787ba00164b.consensus.20170119.somatic.cna.txt
29127cde-548f-4c42-96cf-6f0020c3db9a	/n/data1/hms/dbmi/park/DATA/ICGC/PCAWG_Final_Datasets_DCC/consensus_snv_indel/merged_snv_mnv/29127cde-548f-4c42-96cf-6f0020c3db9a.consensus.20160830.somatic.snv_mnv.vcf.gz	/n/data1/hms/dbmi/park/DATA/ICGC/PCAWG_Final_Datasets_DCC/consensus_cnv/segmented_cn/29127cde-548f-4c42-96cf-6f0020c3db9a.consensus.20170119.somatic.cna.txt
293a2f0a-4846-4c7c-b8b1-bb741c8d3275	/n/data1/hms/dbmi/park/DATA/ICGC/PCAWG_Final_Datasets_DCC/consensus_snv_indel/merged_snv_mnv/293a2f0a-4846-4c7c-b8b1-bb741c8d3275.consensus.20160830.somatic.snv_mnv.vcf.gz	/n/data1/hms/dbmi/park/DATA/ICGC/PCAWG_Final_Datasets_DCC/consensus_cnv/segmented_cn/293a2f0a-4846-4c7c-b8b1-bb741c8d3275.consensus.20170119.somatic.cna.txt
29548b5f-c88a-4908-8c46-e86483e75067	/n/data1/hms/dbmi/park/DATA/ICGC/PCAWG_Final_Datasets_DCC/consensus_snv_indel/merged_snv_mnv/29548b5f-c88a-4908-8c46-e86483e75067.consensus.20160830.somatic.snv_mnv.vcf.gz	/n/data1/hms/dbmi/park/DATA/ICGC/PCAWG_Final_Datasets_DCC/consensus_cnv/segmented_cn/29548b5f-c88a-4908-8c46-e86483e75067.consensus.20170119.somatic.cna.txt
29578759-9ccb-4a24-b5b8-c45ebd4339d9	/n/data1/hms/dbmi/park/DATA/ICGC/PCAWG_Final_Datasets_DCC/consensus_snv_indel/merged_snv_mnv/29578759-9ccb-4a24-b5b8-c45ebd4339d9.consensus.20160830.somatic.snv_mnv.vcf.gz	/n/data1/hms/dbmi/park/DATA/ICGC/PCAWG_Final_Datasets_DCC/consensus_cnv/segmented_cn/29578759-9ccb-4a24-b5b8-c45ebd4339d9.consensus.20170119.somatic.cna.txt
295aac88-c623-11e3-bf01-24c6515278c0	/n/data1/hms/dbmi/park/DATA/ICGC/PCAWG_Final_Datasets_DCC/consensus_snv_indel/merged_snv_mnv/295aac88-c623-11e3-bf01-24c6515278c0.consensus.20160830.somatic.snv_mnv.vcf.gz	/n/data1/hms/dbmi/park/DATA/ICGC/PCAWG_Final_Datasets_DCC/consensus_cnv/segmented_cn/295aac88-c623-11e3-bf01-24c6515278c0.consensus.20170119.somatic.cna.txt
29a00d78-b9bb-4c6b-b142-d5b8bfa63455	/n/data1/hms/dbmi/park/DATA/ICGC/PCAWG_Final_Datasets_DCC/consensus_snv_indel/merged_snv_mnv/29a00d78-b9bb-4c6b-b142-d5b8bfa63455.consensus.20160830.somatic.snv_mnv.vcf.gz	/n/data1/hms/dbmi/park/DATA/ICGC/PCAWG_Final_Datasets_DCC/consensus_cnv/segmented_cn/29a00d78-b9bb-4c6b-b142-d5b8bfa63455.consensus.20170119.somatic.cna.txt
29b92b51-7ba3-42a9-97d3-6a9b5e43f928	/n/data1/hms/dbmi/park/DATA/ICGC/PCAWG_Final_Datasets_DCC/consensus_snv_indel/merged_snv_mnv/29b92b51-7ba3-42a9-97d3-6a9b5e43f928.consensus.20160830.somatic.snv_mnv.vcf.gz	/n/data1/hms/dbmi/park/DATA/ICGC/PCAWG_Final_Datasets_DCC/consensus_cnv/segmented_cn/29b92b51-7ba3-42a9-97d3-6a9b5e43f928.consensus.20170119.somatic.cna.txt
29fc38aa-f367-46a3-a14d-a5f657ad0caa	/n/data1/hms/dbmi/park/DATA/ICGC/PCAWG_Final_Datasets_DCC/consensus_snv_indel/merged_snv_mnv/29fc38aa-f367-46a3-a14d-a5f657ad0caa.consensus.20160830.somatic.snv_mnv.vcf.gz	/n/data1/hms/dbmi/park/DATA/ICGC/PCAWG_Final_Datasets_DCC/consensus_cnv/segmented_cn/29fc38aa-f367-46a3-a14d-a5f657ad0caa.consensus.20170119.somatic.cna.txt
2a5a5840-a834-47a1-b1f4-dc8fed620f5c	/n/data1/hms/dbmi/park/DATA/ICGC/PCAWG_Final_Datasets_DCC/consensus_snv_indel/merged_snv_mnv/2a5a5840-a834-47a1-b1f4-dc8fed620f5c.consensus.20160830.somatic.snv_mnv.vcf.gz	/n/data1/hms/dbmi/park/DATA/ICGC/PCAWG_Final_Datasets_DCC/consensus_cnv/segmented_cn/2a5a5840-a834-47a1-b1f4-dc8fed620f5c.consensus.20170119.somatic.cna.txt
2a7f6aac-8f94-4815-8b94-0ea7db71135c	/n/data1/hms/dbmi/park/DATA/ICGC/PCAWG_Final_Datasets_DCC/consensus_snv_indel/merged_snv_mnv/2a7f6aac-8f94-4815-8b94-0ea7db71135c.consensus.20160830.somatic.snv_mnv.vcf.gz	/n/data1/hms/dbmi/park/DATA/ICGC/PCAWG_Final_Datasets_DCC/consensus_cnv/segmented_cn/2a7f6aac-8f94-4815-8b94-0ea7db71135c.consensus.20170119.somatic.cna.txt
2a8d63eb-0174-4213-9214-413f391f512c	/n/data1/hms/dbmi/park/DATA/ICGC/PCAWG_Final_Datasets_DCC/consensus_snv_indel/merged_snv_mnv/2a8d63eb-0174-4213-9214-413f391f512c.consensus.20160830.somatic.snv_mnv.vcf.gz	/n/data1/hms/dbmi/park/DATA/ICGC/PCAWG_Final_Datasets_DCC/consensus_cnv/segmented_cn/2a8d63eb-0174-4213-9214-413f391f512c.consensus.20170119.somatic.cna.txt
2abe2e53-ad9b-4fbc-b9a7-93444f1bea87	/n/data1/hms/dbmi/park/DATA/ICGC/PCAWG_Final_Datasets_DCC/consensus_snv_indel/merged_snv_mnv/2abe2e53-ad9b-4fbc-b9a7-93444f1bea87.consensus.20160830.somatic.snv_mnv.vcf.gz	/n/data1/hms/dbmi/park/DATA/ICGC/PCAWG_Final_Datasets_DCC/consensus_cnv/segmented_cn/2abe2e53-ad9b-4fbc-b9a7-93444f1bea87.consensus.20170119.somatic.cna.txt
2aeaab9f-4459-4be8-91e7-e0746cbd671c	/n/data1/hms/dbmi/park/DATA/ICGC/PCAWG_Final_Datasets_DCC/consensus_snv_indel/merged_snv_mnv/2aeaab9f-4459-4be8-91e7-e0746cbd671c.consensus.20160830.somatic.snv_mnv.vcf.gz	/n/data1/hms/dbmi/park/DATA/ICGC/PCAWG_Final_Datasets_DCC/consensus_cnv/segmented_cn/2aeaab9f-4459-4be8-91e7-e0746cbd671c.consensus.20170119.somatic.cna.txt
2b000af3-2c9d-4eaa-af3f-8101b7425c37	/n/data1/hms/dbmi/park/DATA/ICGC/PCAWG_Final_Datasets_DCC/consensus_snv_indel/merged_snv_mnv/2b000af3-2c9d-4eaa-af3f-8101b7425c37.consensus.20160830.somatic.snv_mnv.vcf.gz	/n/data1/hms/dbmi/park/DATA/ICGC/PCAWG_Final_Datasets_DCC/consensus_cnv/segmented_cn/2b000af3-2c9d-4eaa-af3f-8101b7425c37.consensus.20170119.somatic.cna.txt
2b02e3ad-4423-491e-993a-561e80dc7bcf	/n/data1/hms/dbmi/park/DATA/ICGC/PCAWG_Final_Datasets_DCC/consensus_snv_indel/merged_snv_mnv/2b02e3ad-4423-491e-993a-561e80dc7bcf.consensus.20160830.somatic.snv_mnv.vcf.gz	/n/data1/hms/dbmi/park/DATA/ICGC/PCAWG_Final_Datasets_DCC/consensus_cnv/segmented_cn/2b02e3ad-4423-491e-993a-561e80dc7bcf.consensus.20170119.somatic.cna.txt
2b142863-b963-4cc9-8f8f-c72503c93390	/n/data1/hms/dbmi/park/DATA/ICGC/PCAWG_Final_Datasets_DCC/consensus_snv_indel/merged_snv_mnv/2b142863-b963-4cc9-8f8f-c72503c93390.consensus.20160830.somatic.snv_mnv.vcf.gz	/n/data1/hms/dbmi/park/DATA/ICGC/PCAWG_Final_Datasets_DCC/consensus_cnv/segmented_cn/2b142863-b963-4cc9-8f8f-c72503c93390.consensus.20170119.somatic.cna.txt
2b36ac4b-eed3-4591-8b4f-b44049dfc5ed	/n/data1/hms/dbmi/park/DATA/ICGC/PCAWG_Final_Datasets_DCC/consensus_snv_indel/merged_snv_mnv/2b36ac4b-eed3-4591-8b4f-b44049dfc5ed.consensus.20160830.somatic.snv_mnv.vcf.gz	/n/data1/hms/dbmi/park/DATA/ICGC/PCAWG_Final_Datasets_DCC/consensus_cnv/segmented_cn/2b36ac4b-eed3-4591-8b4f-b44049dfc5ed.consensus.20170119.somatic.cna.txt
2b3837b3-ee29-4a08-848e-1206404da986	/n/data1/hms/dbmi/park/DATA/ICGC/PCAWG_Final_Datasets_DCC/consensus_snv_indel/merged_snv_mnv/2b3837b3-ee29-4a08-848e-1206404da986.consensus.20160830.somatic.snv_mnv.vcf.gz	/n/data1/hms/dbmi/park/DATA/ICGC/PCAWG_Final_Datasets_DCC/consensus_cnv/segmented_cn/2b3837b3-ee29-4a08-848e-1206404da986.consensus.20170119.somatic.cna.txt
2b40a733-7a63-4bb8-a953-95a4ee28f962	/n/data1/hms/dbmi/park/DATA/ICGC/PCAWG_Final_Datasets_DCC/consensus_snv_indel/merged_snv_mnv/2b40a733-7a63-4bb8-a953-95a4ee28f962.consensus.20160830.somatic.snv_mnv.vcf.gz	/n/data1/hms/dbmi/park/DATA/ICGC/PCAWG_Final_Datasets_DCC/consensus_cnv/segmented_cn/2b40a733-7a63-4bb8-a953-95a4ee28f962.consensus.20170119.somatic.cna.txt
2b41746a-95c0-4875-afb5-c6d3d3ad30d9	/n/data1/hms/dbmi/park/DATA/ICGC/PCAWG_Final_Datasets_DCC/consensus_snv_indel/merged_snv_mnv/2b41746a-95c0-4875-afb5-c6d3d3ad30d9.consensus.20160830.somatic.snv_mnv.vcf.gz	/n/data1/hms/dbmi/park/DATA/ICGC/PCAWG_Final_Datasets_DCC/consensus_cnv/segmented_cn/2b41746a-95c0-4875-afb5-c6d3d3ad30d9.consensus.20170119.somatic.cna.txt
2b4feb84-89e4-4c38-8561-5ffab02c8132	/n/data1/hms/dbmi/park/DATA/ICGC/PCAWG_Final_Datasets_DCC/consensus_snv_indel/merged_snv_mnv/2b4feb84-89e4-4c38-8561-5ffab02c8132.consensus.20160830.somatic.snv_mnv.vcf.gz	/n/data1/hms/dbmi/park/DATA/ICGC/PCAWG_Final_Datasets_DCC/consensus_cnv/segmented_cn/2b4feb84-89e4-4c38-8561-5ffab02c8132.consensus.20170119.somatic.cna.txt
2b54d668-7585-4bf4-9fdd-aea3c5cd4fa4	/n/data1/hms/dbmi/park/DATA/ICGC/PCAWG_Final_Datasets_DCC/consensus_snv_indel/merged_snv_mnv/2b54d668-7585-4bf4-9fdd-aea3c5cd4fa4.consensus.20160830.somatic.snv_mnv.vcf.gz	/n/data1/hms/dbmi/park/DATA/ICGC/PCAWG_Final_Datasets_DCC/consensus_cnv/segmented_cn/2b54d668-7585-4bf4-9fdd-aea3c5cd4fa4.consensus.20170119.somatic.cna.txt
2b569b88-c622-11e3-bf01-24c6515278c0	/n/data1/hms/dbmi/park/DATA/ICGC/PCAWG_Final_Datasets_DCC/consensus_snv_indel/merged_snv_mnv/2b569b88-c622-11e3-bf01-24c6515278c0.consensus.20160830.somatic.snv_mnv.vcf.gz	/n/data1/hms/dbmi/park/DATA/ICGC/PCAWG_Final_Datasets_DCC/consensus_cnv/segmented_cn/2b569b88-c622-11e3-bf01-24c6515278c0.consensus.20170119.somatic.cna.txt
2b6d4d66-7f0b-4bc0-b3d6-171956a937c5	/n/data1/hms/dbmi/park/DATA/ICGC/PCAWG_Final_Datasets_DCC/consensus_snv_indel/merged_snv_mnv/2b6d4d66-7f0b-4bc0-b3d6-171956a937c5.consensus.20160830.somatic.snv_mnv.vcf.gz	/n/data1/hms/dbmi/park/DATA/ICGC/PCAWG_Final_Datasets_DCC/consensus_cnv/segmented_cn/2b6d4d66-7f0b-4bc0-b3d6-171956a937c5.consensus.20170119.somatic.cna.txt
2b78de4e-4c8b-4adf-a058-3dae797e7881	/n/data1/hms/dbmi/park/DATA/ICGC/PCAWG_Final_Datasets_DCC/consensus_snv_indel/merged_snv_mnv/2b78de4e-4c8b-4adf-a058-3dae797e7881.consensus.20160830.somatic.snv_mnv.vcf.gz	/n/data1/hms/dbmi/park/DATA/ICGC/PCAWG_Final_Datasets_DCC/consensus_cnv/segmented_cn/2b78de4e-4c8b-4adf-a058-3dae797e7881.consensus.20170119.somatic.cna.txt
2bd56bba-c623-11e3-bf01-24c6515278c0	/n/data1/hms/dbmi/park/DATA/ICGC/PCAWG_Final_Datasets_DCC/consensus_snv_indel/merged_snv_mnv/2bd56bba-c623-11e3-bf01-24c6515278c0.consensus.20160830.somatic.snv_mnv.vcf.gz	/n/data1/hms/dbmi/park/DATA/ICGC/PCAWG_Final_Datasets_DCC/consensus_cnv/segmented_cn/2bd56bba-c623-11e3-bf01-24c6515278c0.consensus.20170119.somatic.cna.txt
2bd9ccca-3fae-4b66-a762-6f30d6276222	/n/data1/hms/dbmi/park/DATA/ICGC/PCAWG_Final_Datasets_DCC/consensus_snv_indel/merged_snv_mnv/2bd9ccca-3fae-4b66-a762-6f30d6276222.consensus.20160830.somatic.snv_mnv.vcf.gz	/n/data1/hms/dbmi/park/DATA/ICGC/PCAWG_Final_Datasets_DCC/consensus_cnv/segmented_cn/2bd9ccca-3fae-4b66-a762-6f30d6276222.consensus.20170119.somatic.cna.txt
2bde43e2-fd4e-413e-adc7-c50bca75d358	/n/data1/hms/dbmi/park/DATA/ICGC/PCAWG_Final_Datasets_DCC/consensus_snv_indel/merged_snv_mnv/2bde43e2-fd4e-413e-adc7-c50bca75d358.consensus.20160830.somatic.snv_mnv.vcf.gz	/n/data1/hms/dbmi/park/DATA/ICGC/PCAWG_Final_Datasets_DCC/consensus_cnv/segmented_cn/2bde43e2-fd4e-413e-adc7-c50bca75d358.consensus.20170119.somatic.cna.txt
2bf5b018-9f19-4fbd-9e1f-7d958aabe5d1	/n/data1/hms/dbmi/park/DATA/ICGC/PCAWG_Final_Datasets_DCC/consensus_snv_indel/merged_snv_mnv/2bf5b018-9f19-4fbd-9e1f-7d958aabe5d1.consensus.20160830.somatic.snv_mnv.vcf.gz	/n/data1/hms/dbmi/park/DATA/ICGC/PCAWG_Final_Datasets_DCC/consensus_cnv/segmented_cn/2bf5b018-9f19-4fbd-9e1f-7d958aabe5d1.consensus.20170119.somatic.cna.txt
2bff30d5-be79-4686-8164-7a7d9619d3c0	/n/data1/hms/dbmi/park/DATA/ICGC/PCAWG_Final_Datasets_DCC/consensus_snv_indel/merged_snv_mnv/2bff30d5-be79-4686-8164-7a7d9619d3c0.consensus.20160830.somatic.snv_mnv.vcf.gz	/n/data1/hms/dbmi/park/DATA/ICGC/PCAWG_Final_Datasets_DCC/consensus_cnv/segmented_cn/2bff30d5-be79-4686-8164-7a7d9619d3c0.consensus.20170119.somatic.cna.txt
2c2e5f87-bd22-4a5e-be71-3bcc2aefaf74	/n/data1/hms/dbmi/park/DATA/ICGC/PCAWG_Final_Datasets_DCC/consensus_snv_indel/merged_snv_mnv/2c2e5f87-bd22-4a5e-be71-3bcc2aefaf74.consensus.20160830.somatic.snv_mnv.vcf.gz	/n/data1/hms/dbmi/park/DATA/ICGC/PCAWG_Final_Datasets_DCC/consensus_cnv/segmented_cn/2c2e5f87-bd22-4a5e-be71-3bcc2aefaf74.consensus.20170119.somatic.cna.txt
2c316b7e-6a82-4ba1-9f34-d8bfcf82d41e	/n/data1/hms/dbmi/park/DATA/ICGC/PCAWG_Final_Datasets_DCC/consensus_snv_indel/merged_snv_mnv/2c316b7e-6a82-4ba1-9f34-d8bfcf82d41e.consensus.20160830.somatic.snv_mnv.vcf.gz	/n/data1/hms/dbmi/park/DATA/ICGC/PCAWG_Final_Datasets_DCC/consensus_cnv/segmented_cn/2c316b7e-6a82-4ba1-9f34-d8bfcf82d41e.consensus.20170119.somatic.cna.txt
2c3ada8b-9650-4859-9857-43209c0f7cea	/n/data1/hms/dbmi/park/DATA/ICGC/PCAWG_Final_Datasets_DCC/consensus_snv_indel/merged_snv_mnv/2c3ada8b-9650-4859-9857-43209c0f7cea.consensus.20160830.somatic.snv_mnv.vcf.gz	/n/data1/hms/dbmi/park/DATA/ICGC/PCAWG_Final_Datasets_DCC/consensus_cnv/segmented_cn/2c3ada8b-9650-4859-9857-43209c0f7cea.consensus.20170119.somatic.cna.txt
2c48eefe-2a08-47bf-8e4d-cbaab6777150	/n/data1/hms/dbmi/park/DATA/ICGC/PCAWG_Final_Datasets_DCC/consensus_snv_indel/merged_snv_mnv/2c48eefe-2a08-47bf-8e4d-cbaab6777150.consensus.20160830.somatic.snv_mnv.vcf.gz	/n/data1/hms/dbmi/park/DATA/ICGC/PCAWG_Final_Datasets_DCC/consensus_cnv/segmented_cn/2c48eefe-2a08-47bf-8e4d-cbaab6777150.consensus.20170119.somatic.cna.txt
2c581a74-7716-4c20-b366-a8e1d9a901f6	/n/data1/hms/dbmi/park/DATA/ICGC/PCAWG_Final_Datasets_DCC/consensus_snv_indel/merged_snv_mnv/2c581a74-7716-4c20-b366-a8e1d9a901f6.consensus.20160830.somatic.snv_mnv.vcf.gz	/n/data1/hms/dbmi/park/DATA/ICGC/PCAWG_Final_Datasets_DCC/consensus_cnv/segmented_cn/2c581a74-7716-4c20-b366-a8e1d9a901f6.consensus.20170119.somatic.cna.txt
2c6f1862-bb82-4e7e-9cb3-338bdf022ff4	/n/data1/hms/dbmi/park/DATA/ICGC/PCAWG_Final_Datasets_DCC/consensus_snv_indel/merged_snv_mnv/2c6f1862-bb82-4e7e-9cb3-338bdf022ff4.consensus.20160830.somatic.snv_mnv.vcf.gz	/n/data1/hms/dbmi/park/DATA/ICGC/PCAWG_Final_Datasets_DCC/consensus_cnv/segmented_cn/2c6f1862-bb82-4e7e-9cb3-338bdf022ff4.consensus.20170119.somatic.cna.txt
2c71d542-1653-4d97-8752-f2fd05c7e75d	/n/data1/hms/dbmi/park/DATA/ICGC/PCAWG_Final_Datasets_DCC/consensus_snv_indel/merged_snv_mnv/2c71d542-1653-4d97-8752-f2fd05c7e75d.consensus.20160830.somatic.snv_mnv.vcf.gz	/n/data1/hms/dbmi/park/DATA/ICGC/PCAWG_Final_Datasets_DCC/consensus_cnv/segmented_cn/2c71d542-1653-4d97-8752-f2fd05c7e75d.consensus.20170119.somatic.cna.txt
2c9c50ff-01d9-4703-931b-04119178706f	/n/data1/hms/dbmi/park/DATA/ICGC/PCAWG_Final_Datasets_DCC/consensus_snv_indel/merged_snv_mnv/2c9c50ff-01d9-4703-931b-04119178706f.consensus.20160830.somatic.snv_mnv.vcf.gz	/n/data1/hms/dbmi/park/DATA/ICGC/PCAWG_Final_Datasets_DCC/consensus_cnv/segmented_cn/2c9c50ff-01d9-4703-931b-04119178706f.consensus.20170119.somatic.cna.txt
2c9dc04b-e9ec-4cf1-ab2c-a18edb30dd37	/n/data1/hms/dbmi/park/DATA/ICGC/PCAWG_Final_Datasets_DCC/consensus_snv_indel/merged_snv_mnv/2c9dc04b-e9ec-4cf1-ab2c-a18edb30dd37.consensus.20160830.somatic.snv_mnv.vcf.gz	/n/data1/hms/dbmi/park/DATA/ICGC/PCAWG_Final_Datasets_DCC/consensus_cnv/segmented_cn/2c9dc04b-e9ec-4cf1-ab2c-a18edb30dd37.consensus.20170119.somatic.cna.txt
2ccd028d-e7e0-4f77-a512-f658a31819a4	/n/data1/hms/dbmi/park/DATA/ICGC/PCAWG_Final_Datasets_DCC/consensus_snv_indel/merged_snv_mnv/2ccd028d-e7e0-4f77-a512-f658a31819a4.consensus.20160830.somatic.snv_mnv.vcf.gz	/n/data1/hms/dbmi/park/DATA/ICGC/PCAWG_Final_Datasets_DCC/consensus_cnv/segmented_cn/2ccd028d-e7e0-4f77-a512-f658a31819a4.consensus.20170119.somatic.cna.txt
2cdc4cce-0877-4ec1-85f5-20c909912e65	/n/data1/hms/dbmi/park/DATA/ICGC/PCAWG_Final_Datasets_DCC/consensus_snv_indel/merged_snv_mnv/2cdc4cce-0877-4ec1-85f5-20c909912e65.consensus.20160830.somatic.snv_mnv.vcf.gz	/n/data1/hms/dbmi/park/DATA/ICGC/PCAWG_Final_Datasets_DCC/consensus_cnv/segmented_cn/2cdc4cce-0877-4ec1-85f5-20c909912e65.consensus.20170119.somatic.cna.txt
2d0e4b82-c623-11e3-bf01-24c6515278c0	/n/data1/hms/dbmi/park/DATA/ICGC/PCAWG_Final_Datasets_DCC/consensus_snv_indel/merged_snv_mnv/2d0e4b82-c623-11e3-bf01-24c6515278c0.consensus.20160830.somatic.snv_mnv.vcf.gz	/n/data1/hms/dbmi/park/DATA/ICGC/PCAWG_Final_Datasets_DCC/consensus_cnv/segmented_cn/2d0e4b82-c623-11e3-bf01-24c6515278c0.consensus.20170119.somatic.cna.txt
2da2b745-068d-408c-9163-3b3a78d4aaed	/n/data1/hms/dbmi/park/DATA/ICGC/PCAWG_Final_Datasets_DCC/consensus_snv_indel/merged_snv_mnv/2da2b745-068d-408c-9163-3b3a78d4aaed.consensus.20160830.somatic.snv_mnv.vcf.gz	/n/data1/hms/dbmi/park/DATA/ICGC/PCAWG_Final_Datasets_DCC/consensus_cnv/segmented_cn/2da2b745-068d-408c-9163-3b3a78d4aaed.consensus.20170119.somatic.cna.txt
2dd5eea1-42a1-4e8b-99ac-20399cc7e15c	/n/data1/hms/dbmi/park/DATA/ICGC/PCAWG_Final_Datasets_DCC/consensus_snv_indel/merged_snv_mnv/2dd5eea1-42a1-4e8b-99ac-20399cc7e15c.consensus.20160830.somatic.snv_mnv.vcf.gz	/n/data1/hms/dbmi/park/DATA/ICGC/PCAWG_Final_Datasets_DCC/consensus_cnv/segmented_cn/2dd5eea1-42a1-4e8b-99ac-20399cc7e15c.consensus.20170119.somatic.cna.txt
2deb8f9a-9e0a-46d1-bcb5-902db3b5c8ac	/n/data1/hms/dbmi/park/DATA/ICGC/PCAWG_Final_Datasets_DCC/consensus_snv_indel/merged_snv_mnv/2deb8f9a-9e0a-46d1-bcb5-902db3b5c8ac.consensus.20160830.somatic.snv_mnv.vcf.gz	/n/data1/hms/dbmi/park/DATA/ICGC/PCAWG_Final_Datasets_DCC/consensus_cnv/segmented_cn/2deb8f9a-9e0a-46d1-bcb5-902db3b5c8ac.consensus.20170119.somatic.cna.txt
2df02f2b-9f1c-4249-b3b4-b03079cd97d9	/n/data1/hms/dbmi/park/DATA/ICGC/PCAWG_Final_Datasets_DCC/consensus_snv_indel/merged_snv_mnv/2df02f2b-9f1c-4249-b3b4-b03079cd97d9.consensus.20160830.somatic.snv_mnv.vcf.gz	/n/data1/hms/dbmi/park/DATA/ICGC/PCAWG_Final_Datasets_DCC/consensus_cnv/segmented_cn/2df02f2b-9f1c-4249-b3b4-b03079cd97d9.consensus.20170119.somatic.cna.txt
2df17728-33e8-45ab-833b-ef68a5482daa	/n/data1/hms/dbmi/park/DATA/ICGC/PCAWG_Final_Datasets_DCC/consensus_snv_indel/merged_snv_mnv/2df17728-33e8-45ab-833b-ef68a5482daa.consensus.20160830.somatic.snv_mnv.vcf.gz	/n/data1/hms/dbmi/park/DATA/ICGC/PCAWG_Final_Datasets_DCC/consensus_cnv/segmented_cn/2df17728-33e8-45ab-833b-ef68a5482daa.consensus.20170119.somatic.cna.txt
2dfe70fd-2650-49c0-b6eb-67df585d063b	/n/data1/hms/dbmi/park/DATA/ICGC/PCAWG_Final_Datasets_DCC/consensus_snv_indel/merged_snv_mnv/2dfe70fd-2650-49c0-b6eb-67df585d063b.consensus.20160830.somatic.snv_mnv.vcf.gz	/n/data1/hms/dbmi/park/DATA/ICGC/PCAWG_Final_Datasets_DCC/consensus_cnv/segmented_cn/2dfe70fd-2650-49c0-b6eb-67df585d063b.consensus.20170119.somatic.cna.txt
2e0bbaf6-c623-11e3-bf01-24c6515278c0	/n/data1/hms/dbmi/park/DATA/ICGC/PCAWG_Final_Datasets_DCC/consensus_snv_indel/merged_snv_mnv/2e0bbaf6-c623-11e3-bf01-24c6515278c0.consensus.20160830.somatic.snv_mnv.vcf.gz	/n/data1/hms/dbmi/park/DATA/ICGC/PCAWG_Final_Datasets_DCC/consensus_cnv/segmented_cn/2e0bbaf6-c623-11e3-bf01-24c6515278c0.consensus.20170119.somatic.cna.txt
2e43e0ca-54ea-482e-acf2-0048d9187a5c	/n/data1/hms/dbmi/park/DATA/ICGC/PCAWG_Final_Datasets_DCC/consensus_snv_indel/merged_snv_mnv/2e43e0ca-54ea-482e-acf2-0048d9187a5c.consensus.20160830.somatic.snv_mnv.vcf.gz	/n/data1/hms/dbmi/park/DATA/ICGC/PCAWG_Final_Datasets_DCC/consensus_cnv/segmented_cn/2e43e0ca-54ea-482e-acf2-0048d9187a5c.consensus.20170119.somatic.cna.txt
2e66eb75-097c-4ad8-b2b3-9f5849dfd02f	/n/data1/hms/dbmi/park/DATA/ICGC/PCAWG_Final_Datasets_DCC/consensus_snv_indel/merged_snv_mnv/2e66eb75-097c-4ad8-b2b3-9f5849dfd02f.consensus.20160830.somatic.snv_mnv.vcf.gz	/n/data1/hms/dbmi/park/DATA/ICGC/PCAWG_Final_Datasets_DCC/consensus_cnv/segmented_cn/2e66eb75-097c-4ad8-b2b3-9f5849dfd02f.consensus.20170119.somatic.cna.txt
2e69c886-535b-4ff0-9236-abf6799acdbd	/n/data1/hms/dbmi/park/DATA/ICGC/PCAWG_Final_Datasets_DCC/consensus_snv_indel/merged_snv_mnv/2e69c886-535b-4ff0-9236-abf6799acdbd.consensus.20160830.somatic.snv_mnv.vcf.gz	/n/data1/hms/dbmi/park/DATA/ICGC/PCAWG_Final_Datasets_DCC/consensus_cnv/segmented_cn/2e69c886-535b-4ff0-9236-abf6799acdbd.consensus.20170119.somatic.cna.txt
2e76891c-b620-4cc0-9315-6f1217b09b1e	/n/data1/hms/dbmi/park/DATA/ICGC/PCAWG_Final_Datasets_DCC/consensus_snv_indel/merged_snv_mnv/2e76891c-b620-4cc0-9315-6f1217b09b1e.consensus.20160830.somatic.snv_mnv.vcf.gz	/n/data1/hms/dbmi/park/DATA/ICGC/PCAWG_Final_Datasets_DCC/consensus_cnv/segmented_cn/2e76891c-b620-4cc0-9315-6f1217b09b1e.consensus.20170119.somatic.cna.txt
2e8ad1cd-d5d5-4bb4-8bbd-e9bef45088da	/n/data1/hms/dbmi/park/DATA/ICGC/PCAWG_Final_Datasets_DCC/consensus_snv_indel/merged_snv_mnv/2e8ad1cd-d5d5-4bb4-8bbd-e9bef45088da.consensus.20160830.somatic.snv_mnv.vcf.gz	/n/data1/hms/dbmi/park/DATA/ICGC/PCAWG_Final_Datasets_DCC/consensus_cnv/segmented_cn/2e8ad1cd-d5d5-4bb4-8bbd-e9bef45088da.consensus.20170119.somatic.cna.txt
2ea2294d-fab9-43ae-a222-370487495b06	/n/data1/hms/dbmi/park/DATA/ICGC/PCAWG_Final_Datasets_DCC/consensus_snv_indel/merged_snv_mnv/2ea2294d-fab9-43ae-a222-370487495b06.consensus.20160830.somatic.snv_mnv.vcf.gz	/n/data1/hms/dbmi/park/DATA/ICGC/PCAWG_Final_Datasets_DCC/consensus_cnv/segmented_cn/2ea2294d-fab9-43ae-a222-370487495b06.consensus.20170119.somatic.cna.txt
2ecd8358-c622-11e3-bf01-24c6515278c0	/n/data1/hms/dbmi/park/DATA/ICGC/PCAWG_Final_Datasets_DCC/consensus_snv_indel/merged_snv_mnv/2ecd8358-c622-11e3-bf01-24c6515278c0.consensus.20160830.somatic.snv_mnv.vcf.gz	/n/data1/hms/dbmi/park/DATA/ICGC/PCAWG_Final_Datasets_DCC/consensus_cnv/segmented_cn/2ecd8358-c622-11e3-bf01-24c6515278c0.consensus.20170119.somatic.cna.txt
2f0a660c-ba3c-49bb-90f7-39b0034cea82	/n/data1/hms/dbmi/park/DATA/ICGC/PCAWG_Final_Datasets_DCC/consensus_snv_indel/merged_snv_mnv/2f0a660c-ba3c-49bb-90f7-39b0034cea82.consensus.20160830.somatic.snv_mnv.vcf.gz	/n/data1/hms/dbmi/park/DATA/ICGC/PCAWG_Final_Datasets_DCC/consensus_cnv/segmented_cn/2f0a660c-ba3c-49bb-90f7-39b0034cea82.consensus.20170119.somatic.cna.txt
2f149d78-c623-11e3-bf01-24c6515278c0	/n/data1/hms/dbmi/park/DATA/ICGC/PCAWG_Final_Datasets_DCC/consensus_snv_indel/merged_snv_mnv/2f149d78-c623-11e3-bf01-24c6515278c0.consensus.20160830.somatic.snv_mnv.vcf.gz	/n/data1/hms/dbmi/park/DATA/ICGC/PCAWG_Final_Datasets_DCC/consensus_cnv/segmented_cn/2f149d78-c623-11e3-bf01-24c6515278c0.consensus.20170119.somatic.cna.txt
2f2eaecc-6509-423f-b63a-8c3bea1ba4a4	/n/data1/hms/dbmi/park/DATA/ICGC/PCAWG_Final_Datasets_DCC/consensus_snv_indel/merged_snv_mnv/2f2eaecc-6509-423f-b63a-8c3bea1ba4a4.consensus.20160830.somatic.snv_mnv.vcf.gz	/n/data1/hms/dbmi/park/DATA/ICGC/PCAWG_Final_Datasets_DCC/consensus_cnv/segmented_cn/2f2eaecc-6509-423f-b63a-8c3bea1ba4a4.consensus.20170119.somatic.cna.txt
2f79fe89-9d24-4fbe-ba5b-0ff6c3c4d663	/n/data1/hms/dbmi/park/DATA/ICGC/PCAWG_Final_Datasets_DCC/consensus_snv_indel/merged_snv_mnv/2f79fe89-9d24-4fbe-ba5b-0ff6c3c4d663.consensus.20160830.somatic.snv_mnv.vcf.gz	/n/data1/hms/dbmi/park/DATA/ICGC/PCAWG_Final_Datasets_DCC/consensus_cnv/segmented_cn/2f79fe89-9d24-4fbe-ba5b-0ff6c3c4d663.consensus.20170119.somatic.cna.txt
2fdab641-d73b-4f9a-aa4c-c1944f131a69	/n/data1/hms/dbmi/park/DATA/ICGC/PCAWG_Final_Datasets_DCC/consensus_snv_indel/merged_snv_mnv/2fdab641-d73b-4f9a-aa4c-c1944f131a69.consensus.20160830.somatic.snv_mnv.vcf.gz	/n/data1/hms/dbmi/park/DATA/ICGC/PCAWG_Final_Datasets_DCC/consensus_cnv/segmented_cn/2fdab641-d73b-4f9a-aa4c-c1944f131a69.consensus.20170119.somatic.cna.txt
2fdfb06c-0d2f-4e1d-9756-bcb08a7f90af	/n/data1/hms/dbmi/park/DATA/ICGC/PCAWG_Final_Datasets_DCC/consensus_snv_indel/merged_snv_mnv/2fdfb06c-0d2f-4e1d-9756-bcb08a7f90af.consensus.20160830.somatic.snv_mnv.vcf.gz	/n/data1/hms/dbmi/park/DATA/ICGC/PCAWG_Final_Datasets_DCC/consensus_cnv/segmented_cn/2fdfb06c-0d2f-4e1d-9756-bcb08a7f90af.consensus.20170119.somatic.cna.txt
2fe2433b-9a55-431f-a869-2b5a63e8e8fc	/n/data1/hms/dbmi/park/DATA/ICGC/PCAWG_Final_Datasets_DCC/consensus_snv_indel/merged_snv_mnv/2fe2433b-9a55-431f-a869-2b5a63e8e8fc.consensus.20160830.somatic.snv_mnv.vcf.gz	/n/data1/hms/dbmi/park/DATA/ICGC/PCAWG_Final_Datasets_DCC/consensus_cnv/segmented_cn/2fe2433b-9a55-431f-a869-2b5a63e8e8fc.consensus.20170119.somatic.cna.txt
301d6ce3-4099-4c1d-8e50-c04b7ce91450	/n/data1/hms/dbmi/park/DATA/ICGC/PCAWG_Final_Datasets_DCC/consensus_snv_indel/merged_snv_mnv/301d6ce3-4099-4c1d-8e50-c04b7ce91450.consensus.20160830.somatic.snv_mnv.vcf.gz	/n/data1/hms/dbmi/park/DATA/ICGC/PCAWG_Final_Datasets_DCC/consensus_cnv/segmented_cn/301d6ce3-4099-4c1d-8e50-c04b7ce91450.consensus.20170119.somatic.cna.txt
30376989-7edb-4863-9496-1789eccef8c4	/n/data1/hms/dbmi/park/DATA/ICGC/PCAWG_Final_Datasets_DCC/consensus_snv_indel/merged_snv_mnv/30376989-7edb-4863-9496-1789eccef8c4.consensus.20160830.somatic.snv_mnv.vcf.gz	/n/data1/hms/dbmi/park/DATA/ICGC/PCAWG_Final_Datasets_DCC/consensus_cnv/segmented_cn/30376989-7edb-4863-9496-1789eccef8c4.consensus.20170119.somatic.cna.txt
304c3e10-583c-421d-ab01-15c937d5014a	/n/data1/hms/dbmi/park/DATA/ICGC/PCAWG_Final_Datasets_DCC/consensus_snv_indel/merged_snv_mnv/304c3e10-583c-421d-ab01-15c937d5014a.consensus.20160830.somatic.snv_mnv.vcf.gz	/n/data1/hms/dbmi/park/DATA/ICGC/PCAWG_Final_Datasets_DCC/consensus_cnv/segmented_cn/304c3e10-583c-421d-ab01-15c937d5014a.consensus.20170119.somatic.cna.txt
305a5074-5384-45a0-985d-289b178d09f6	/n/data1/hms/dbmi/park/DATA/ICGC/PCAWG_Final_Datasets_DCC/consensus_snv_indel/merged_snv_mnv/305a5074-5384-45a0-985d-289b178d09f6.consensus.20160830.somatic.snv_mnv.vcf.gz	/n/data1/hms/dbmi/park/DATA/ICGC/PCAWG_Final_Datasets_DCC/consensus_cnv/segmented_cn/305a5074-5384-45a0-985d-289b178d09f6.consensus.20170119.somatic.cna.txt
30600994-c1ec-44c9-a620-3f6c617eb928	/n/data1/hms/dbmi/park/DATA/ICGC/PCAWG_Final_Datasets_DCC/consensus_snv_indel/merged_snv_mnv/30600994-c1ec-44c9-a620-3f6c617eb928.consensus.20160830.somatic.snv_mnv.vcf.gz	/n/data1/hms/dbmi/park/DATA/ICGC/PCAWG_Final_Datasets_DCC/consensus_cnv/segmented_cn/30600994-c1ec-44c9-a620-3f6c617eb928.consensus.20170119.somatic.cna.txt
306ef5bc-97d0-4312-ae0e-343c4e31d869	/n/data1/hms/dbmi/park/DATA/ICGC/PCAWG_Final_Datasets_DCC/consensus_snv_indel/merged_snv_mnv/306ef5bc-97d0-4312-ae0e-343c4e31d869.consensus.20160830.somatic.snv_mnv.vcf.gz	/n/data1/hms/dbmi/park/DATA/ICGC/PCAWG_Final_Datasets_DCC/consensus_cnv/segmented_cn/306ef5bc-97d0-4312-ae0e-343c4e31d869.consensus.20170119.somatic.cna.txt
309f5324-5608-4f62-b744-5ab268b70927	/n/data1/hms/dbmi/park/DATA/ICGC/PCAWG_Final_Datasets_DCC/consensus_snv_indel/merged_snv_mnv/309f5324-5608-4f62-b744-5ab268b70927.consensus.20160830.somatic.snv_mnv.vcf.gz	/n/data1/hms/dbmi/park/DATA/ICGC/PCAWG_Final_Datasets_DCC/consensus_cnv/segmented_cn/309f5324-5608-4f62-b744-5ab268b70927.consensus.20170119.somatic.cna.txt
30a8f292-c623-11e3-bf01-24c6515278c0	/n/data1/hms/dbmi/park/DATA/ICGC/PCAWG_Final_Datasets_DCC/consensus_snv_indel/merged_snv_mnv/30a8f292-c623-11e3-bf01-24c6515278c0.consensus.20160830.somatic.snv_mnv.vcf.gz	/n/data1/hms/dbmi/park/DATA/ICGC/PCAWG_Final_Datasets_DCC/consensus_cnv/segmented_cn/30a8f292-c623-11e3-bf01-24c6515278c0.consensus.20170119.somatic.cna.txt
30b9ab02-60f2-4974-85a9-874f247ae932	/n/data1/hms/dbmi/park/DATA/ICGC/PCAWG_Final_Datasets_DCC/consensus_snv_indel/merged_snv_mnv/30b9ab02-60f2-4974-85a9-874f247ae932.consensus.20160830.somatic.snv_mnv.vcf.gz	/n/data1/hms/dbmi/park/DATA/ICGC/PCAWG_Final_Datasets_DCC/consensus_cnv/segmented_cn/30b9ab02-60f2-4974-85a9-874f247ae932.consensus.20170119.somatic.cna.txt
30dbe353-86d5-40ed-84c2-dbddf7beb17b	/n/data1/hms/dbmi/park/DATA/ICGC/PCAWG_Final_Datasets_DCC/consensus_snv_indel/merged_snv_mnv/30dbe353-86d5-40ed-84c2-dbddf7beb17b.consensus.20160830.somatic.snv_mnv.vcf.gz	/n/data1/hms/dbmi/park/DATA/ICGC/PCAWG_Final_Datasets_DCC/consensus_cnv/segmented_cn/30dbe353-86d5-40ed-84c2-dbddf7beb17b.consensus.20170119.somatic.cna.txt
3166f1ae-678d-42ae-9d44-d3d25d6860c7	/n/data1/hms/dbmi/park/DATA/ICGC/PCAWG_Final_Datasets_DCC/consensus_snv_indel/merged_snv_mnv/3166f1ae-678d-42ae-9d44-d3d25d6860c7.consensus.20160830.somatic.snv_mnv.vcf.gz	/n/data1/hms/dbmi/park/DATA/ICGC/PCAWG_Final_Datasets_DCC/consensus_cnv/segmented_cn/3166f1ae-678d-42ae-9d44-d3d25d6860c7.consensus.20170119.somatic.cna.txt
3189bc97-afd8-4daf-80c9-2d78a08228d3	/n/data1/hms/dbmi/park/DATA/ICGC/PCAWG_Final_Datasets_DCC/consensus_snv_indel/merged_snv_mnv/3189bc97-afd8-4daf-80c9-2d78a08228d3.consensus.20160830.somatic.snv_mnv.vcf.gz	/n/data1/hms/dbmi/park/DATA/ICGC/PCAWG_Final_Datasets_DCC/consensus_cnv/segmented_cn/3189bc97-afd8-4daf-80c9-2d78a08228d3.consensus.20170119.somatic.cna.txt
31bc44b9-35ff-43fd-8a01-a834f3b1ce46	/n/data1/hms/dbmi/park/DATA/ICGC/PCAWG_Final_Datasets_DCC/consensus_snv_indel/merged_snv_mnv/31bc44b9-35ff-43fd-8a01-a834f3b1ce46.consensus.20160830.somatic.snv_mnv.vcf.gz	/n/data1/hms/dbmi/park/DATA/ICGC/PCAWG_Final_Datasets_DCC/consensus_cnv/segmented_cn/31bc44b9-35ff-43fd-8a01-a834f3b1ce46.consensus.20170119.somatic.cna.txt
31bcfd64-c622-11e3-bf01-24c6515278c0	/n/data1/hms/dbmi/park/DATA/ICGC/PCAWG_Final_Datasets_DCC/consensus_snv_indel/merged_snv_mnv/31bcfd64-c622-11e3-bf01-24c6515278c0.consensus.20160830.somatic.snv_mnv.vcf.gz	/n/data1/hms/dbmi/park/DATA/ICGC/PCAWG_Final_Datasets_DCC/consensus_cnv/segmented_cn/31bcfd64-c622-11e3-bf01-24c6515278c0.consensus.20170119.somatic.cna.txt
31c0c8f8-c623-11e3-bf01-24c6515278c0	/n/data1/hms/dbmi/park/DATA/ICGC/PCAWG_Final_Datasets_DCC/consensus_snv_indel/merged_snv_mnv/31c0c8f8-c623-11e3-bf01-24c6515278c0.consensus.20160830.somatic.snv_mnv.vcf.gz	/n/data1/hms/dbmi/park/DATA/ICGC/PCAWG_Final_Datasets_DCC/consensus_cnv/segmented_cn/31c0c8f8-c623-11e3-bf01-24c6515278c0.consensus.20170119.somatic.cna.txt
31c75873-abb4-4d88-9e2f-07497a6c892d	/n/data1/hms/dbmi/park/DATA/ICGC/PCAWG_Final_Datasets_DCC/consensus_snv_indel/merged_snv_mnv/31c75873-abb4-4d88-9e2f-07497a6c892d.consensus.20160830.somatic.snv_mnv.vcf.gz	/n/data1/hms/dbmi/park/DATA/ICGC/PCAWG_Final_Datasets_DCC/consensus_cnv/segmented_cn/31c75873-abb4-4d88-9e2f-07497a6c892d.consensus.20170119.somatic.cna.txt
31f02f48-44a4-445e-ac3d-e9bf3d8d25a2	/n/data1/hms/dbmi/park/DATA/ICGC/PCAWG_Final_Datasets_DCC/consensus_snv_indel/merged_snv_mnv/31f02f48-44a4-445e-ac3d-e9bf3d8d25a2.consensus.20160830.somatic.snv_mnv.vcf.gz	/n/data1/hms/dbmi/park/DATA/ICGC/PCAWG_Final_Datasets_DCC/consensus_cnv/segmented_cn/31f02f48-44a4-445e-ac3d-e9bf3d8d25a2.consensus.20170119.somatic.cna.txt
31f3ff14-7d74-447c-a5da-9ad8336c3f3f	/n/data1/hms/dbmi/park/DATA/ICGC/PCAWG_Final_Datasets_DCC/consensus_snv_indel/merged_snv_mnv/31f3ff14-7d74-447c-a5da-9ad8336c3f3f.consensus.20160830.somatic.snv_mnv.vcf.gz	/n/data1/hms/dbmi/park/DATA/ICGC/PCAWG_Final_Datasets_DCC/consensus_cnv/segmented_cn/31f3ff14-7d74-447c-a5da-9ad8336c3f3f.consensus.20170119.somatic.cna.txt
3232f77f-b745-4232-a802-6699b6356efd	/n/data1/hms/dbmi/park/DATA/ICGC/PCAWG_Final_Datasets_DCC/consensus_snv_indel/merged_snv_mnv/3232f77f-b745-4232-a802-6699b6356efd.consensus.20160830.somatic.snv_mnv.vcf.gz	/n/data1/hms/dbmi/park/DATA/ICGC/PCAWG_Final_Datasets_DCC/consensus_cnv/segmented_cn/3232f77f-b745-4232-a802-6699b6356efd.consensus.20170119.somatic.cna.txt
324adcfa-3fba-45b9-99f0-9d41c0c54d79	/n/data1/hms/dbmi/park/DATA/ICGC/PCAWG_Final_Datasets_DCC/consensus_snv_indel/merged_snv_mnv/324adcfa-3fba-45b9-99f0-9d41c0c54d79.consensus.20160830.somatic.snv_mnv.vcf.gz	/n/data1/hms/dbmi/park/DATA/ICGC/PCAWG_Final_Datasets_DCC/consensus_cnv/segmented_cn/324adcfa-3fba-45b9-99f0-9d41c0c54d79.consensus.20170119.somatic.cna.txt
3269608c-5dd7-452a-976a-31ac971aac2f	/n/data1/hms/dbmi/park/DATA/ICGC/PCAWG_Final_Datasets_DCC/consensus_snv_indel/merged_snv_mnv/3269608c-5dd7-452a-976a-31ac971aac2f.consensus.20160830.somatic.snv_mnv.vcf.gz	/n/data1/hms/dbmi/park/DATA/ICGC/PCAWG_Final_Datasets_DCC/consensus_cnv/segmented_cn/3269608c-5dd7-452a-976a-31ac971aac2f.consensus.20170119.somatic.cna.txt
32a63b4f-3baa-4987-ad30-5bd0c0548088	/n/data1/hms/dbmi/park/DATA/ICGC/PCAWG_Final_Datasets_DCC/consensus_snv_indel/merged_snv_mnv/32a63b4f-3baa-4987-ad30-5bd0c0548088.consensus.20160830.somatic.snv_mnv.vcf.gz	/n/data1/hms/dbmi/park/DATA/ICGC/PCAWG_Final_Datasets_DCC/consensus_cnv/segmented_cn/32a63b4f-3baa-4987-ad30-5bd0c0548088.consensus.20170119.somatic.cna.txt
32be40fa-c623-11e3-bf01-24c6515278c0	/n/data1/hms/dbmi/park/DATA/ICGC/PCAWG_Final_Datasets_DCC/consensus_snv_indel/merged_snv_mnv/32be40fa-c623-11e3-bf01-24c6515278c0.consensus.20160830.somatic.snv_mnv.vcf.gz	/n/data1/hms/dbmi/park/DATA/ICGC/PCAWG_Final_Datasets_DCC/consensus_cnv/segmented_cn/32be40fa-c623-11e3-bf01-24c6515278c0.consensus.20170119.somatic.cna.txt
32d8c373-b5c8-420b-9808-8812b5501649	/n/data1/hms/dbmi/park/DATA/ICGC/PCAWG_Final_Datasets_DCC/consensus_snv_indel/merged_snv_mnv/32d8c373-b5c8-420b-9808-8812b5501649.consensus.20160830.somatic.snv_mnv.vcf.gz	/n/data1/hms/dbmi/park/DATA/ICGC/PCAWG_Final_Datasets_DCC/consensus_cnv/segmented_cn/32d8c373-b5c8-420b-9808-8812b5501649.consensus.20170119.somatic.cna.txt
32fa6457-c8bd-4d26-8106-925baf13df68	/n/data1/hms/dbmi/park/DATA/ICGC/PCAWG_Final_Datasets_DCC/consensus_snv_indel/merged_snv_mnv/32fa6457-c8bd-4d26-8106-925baf13df68.consensus.20160830.somatic.snv_mnv.vcf.gz	/n/data1/hms/dbmi/park/DATA/ICGC/PCAWG_Final_Datasets_DCC/consensus_cnv/segmented_cn/32fa6457-c8bd-4d26-8106-925baf13df68.consensus.20170119.somatic.cna.txt
33061bf5-9b99-4735-a810-f2d5eeef6873	/n/data1/hms/dbmi/park/DATA/ICGC/PCAWG_Final_Datasets_DCC/consensus_snv_indel/merged_snv_mnv/33061bf5-9b99-4735-a810-f2d5eeef6873.consensus.20160830.somatic.snv_mnv.vcf.gz	/n/data1/hms/dbmi/park/DATA/ICGC/PCAWG_Final_Datasets_DCC/consensus_cnv/segmented_cn/33061bf5-9b99-4735-a810-f2d5eeef6873.consensus.20170119.somatic.cna.txt
33070975-0f35-4518-9ffb-4c6170c32534	/n/data1/hms/dbmi/park/DATA/ICGC/PCAWG_Final_Datasets_DCC/consensus_snv_indel/merged_snv_mnv/33070975-0f35-4518-9ffb-4c6170c32534.consensus.20160830.somatic.snv_mnv.vcf.gz	/n/data1/hms/dbmi/park/DATA/ICGC/PCAWG_Final_Datasets_DCC/consensus_cnv/segmented_cn/33070975-0f35-4518-9ffb-4c6170c32534.consensus.20170119.somatic.cna.txt
335c721a-3653-471f-b0ec-6144fe868c6a	/n/data1/hms/dbmi/park/DATA/ICGC/PCAWG_Final_Datasets_DCC/consensus_snv_indel/merged_snv_mnv/335c721a-3653-471f-b0ec-6144fe868c6a.consensus.20160830.somatic.snv_mnv.vcf.gz	/n/data1/hms/dbmi/park/DATA/ICGC/PCAWG_Final_Datasets_DCC/consensus_cnv/segmented_cn/335c721a-3653-471f-b0ec-6144fe868c6a.consensus.20170119.somatic.cna.txt
33992441-4f34-42f2-ba87-6ddd227f2250	/n/data1/hms/dbmi/park/DATA/ICGC/PCAWG_Final_Datasets_DCC/consensus_snv_indel/merged_snv_mnv/33992441-4f34-42f2-ba87-6ddd227f2250.consensus.20160830.somatic.snv_mnv.vcf.gz	/n/data1/hms/dbmi/park/DATA/ICGC/PCAWG_Final_Datasets_DCC/consensus_cnv/segmented_cn/33992441-4f34-42f2-ba87-6ddd227f2250.consensus.20170119.somatic.cna.txt
339a2c94-55c9-4113-a706-b0971fa2784f	/n/data1/hms/dbmi/park/DATA/ICGC/PCAWG_Final_Datasets_DCC/consensus_snv_indel/merged_snv_mnv/339a2c94-55c9-4113-a706-b0971fa2784f.consensus.20160830.somatic.snv_mnv.vcf.gz	/n/data1/hms/dbmi/park/DATA/ICGC/PCAWG_Final_Datasets_DCC/consensus_cnv/segmented_cn/339a2c94-55c9-4113-a706-b0971fa2784f.consensus.20170119.somatic.cna.txt
33a8693c-c623-11e3-bf01-24c6515278c0	/n/data1/hms/dbmi/park/DATA/ICGC/PCAWG_Final_Datasets_DCC/consensus_snv_indel/merged_snv_mnv/33a8693c-c623-11e3-bf01-24c6515278c0.consensus.20160830.somatic.snv_mnv.vcf.gz	/n/data1/hms/dbmi/park/DATA/ICGC/PCAWG_Final_Datasets_DCC/consensus_cnv/segmented_cn/33a8693c-c623-11e3-bf01-24c6515278c0.consensus.20170119.somatic.cna.txt
33b7e799-ad10-498f-9948-8ce433311539	/n/data1/hms/dbmi/park/DATA/ICGC/PCAWG_Final_Datasets_DCC/consensus_snv_indel/merged_snv_mnv/33b7e799-ad10-498f-9948-8ce433311539.consensus.20160830.somatic.snv_mnv.vcf.gz	/n/data1/hms/dbmi/park/DATA/ICGC/PCAWG_Final_Datasets_DCC/consensus_cnv/segmented_cn/33b7e799-ad10-498f-9948-8ce433311539.consensus.20170119.somatic.cna.txt
33b99e90-741d-43f2-804b-75721199a0dc	/n/data1/hms/dbmi/park/DATA/ICGC/PCAWG_Final_Datasets_DCC/consensus_snv_indel/merged_snv_mnv/33b99e90-741d-43f2-804b-75721199a0dc.consensus.20160830.somatic.snv_mnv.vcf.gz	/n/data1/hms/dbmi/park/DATA/ICGC/PCAWG_Final_Datasets_DCC/consensus_cnv/segmented_cn/33b99e90-741d-43f2-804b-75721199a0dc.consensus.20170119.somatic.cna.txt
33bcd589-80db-4a58-8f83-a48cb60e0fda	/n/data1/hms/dbmi/park/DATA/ICGC/PCAWG_Final_Datasets_DCC/consensus_snv_indel/merged_snv_mnv/33bcd589-80db-4a58-8f83-a48cb60e0fda.consensus.20160830.somatic.snv_mnv.vcf.gz	/n/data1/hms/dbmi/park/DATA/ICGC/PCAWG_Final_Datasets_DCC/consensus_cnv/segmented_cn/33bcd589-80db-4a58-8f83-a48cb60e0fda.consensus.20170119.somatic.cna.txt
33bf46dd-16b3-49c6-80d7-76caf27aa0f4	/n/data1/hms/dbmi/park/DATA/ICGC/PCAWG_Final_Datasets_DCC/consensus_snv_indel/merged_snv_mnv/33bf46dd-16b3-49c6-80d7-76caf27aa0f4.consensus.20160830.somatic.snv_mnv.vcf.gz	/n/data1/hms/dbmi/park/DATA/ICGC/PCAWG_Final_Datasets_DCC/consensus_cnv/segmented_cn/33bf46dd-16b3-49c6-80d7-76caf27aa0f4.consensus.20170119.somatic.cna.txt
33ea81f2-db2c-4567-bd7b-4cb9aadfef88	/n/data1/hms/dbmi/park/DATA/ICGC/PCAWG_Final_Datasets_DCC/consensus_snv_indel/merged_snv_mnv/33ea81f2-db2c-4567-bd7b-4cb9aadfef88.consensus.20160830.somatic.snv_mnv.vcf.gz	/n/data1/hms/dbmi/park/DATA/ICGC/PCAWG_Final_Datasets_DCC/consensus_cnv/segmented_cn/33ea81f2-db2c-4567-bd7b-4cb9aadfef88.consensus.20170119.somatic.cna.txt
34030a28-c622-11e3-bf01-24c6515278c0	/n/data1/hms/dbmi/park/DATA/ICGC/PCAWG_Final_Datasets_DCC/consensus_snv_indel/merged_snv_mnv/34030a28-c622-11e3-bf01-24c6515278c0.consensus.20160830.somatic.snv_mnv.vcf.gz	/n/data1/hms/dbmi/park/DATA/ICGC/PCAWG_Final_Datasets_DCC/consensus_cnv/segmented_cn/34030a28-c622-11e3-bf01-24c6515278c0.consensus.20170119.somatic.cna.txt
3433b1f3-59d1-4ac2-9bbf-e0c4042b4ddc	/n/data1/hms/dbmi/park/DATA/ICGC/PCAWG_Final_Datasets_DCC/consensus_snv_indel/merged_snv_mnv/3433b1f3-59d1-4ac2-9bbf-e0c4042b4ddc.consensus.20160830.somatic.snv_mnv.vcf.gz	/n/data1/hms/dbmi/park/DATA/ICGC/PCAWG_Final_Datasets_DCC/consensus_cnv/segmented_cn/3433b1f3-59d1-4ac2-9bbf-e0c4042b4ddc.consensus.20170119.somatic.cna.txt
343fcbc2-f30c-4ffa-a0b3-f5bb21e5e70b	/n/data1/hms/dbmi/park/DATA/ICGC/PCAWG_Final_Datasets_DCC/consensus_snv_indel/merged_snv_mnv/343fcbc2-f30c-4ffa-a0b3-f5bb21e5e70b.consensus.20160830.somatic.snv_mnv.vcf.gz	/n/data1/hms/dbmi/park/DATA/ICGC/PCAWG_Final_Datasets_DCC/consensus_cnv/segmented_cn/343fcbc2-f30c-4ffa-a0b3-f5bb21e5e70b.consensus.20170119.somatic.cna.txt
345a06d6-fa5c-4674-a847-88a6b537cf3c	/n/data1/hms/dbmi/park/DATA/ICGC/PCAWG_Final_Datasets_DCC/consensus_snv_indel/merged_snv_mnv/345a06d6-fa5c-4674-a847-88a6b537cf3c.consensus.20160830.somatic.snv_mnv.vcf.gz	/n/data1/hms/dbmi/park/DATA/ICGC/PCAWG_Final_Datasets_DCC/consensus_cnv/segmented_cn/345a06d6-fa5c-4674-a847-88a6b537cf3c.consensus.20170119.somatic.cna.txt
34739bd6-b3be-441d-8cdb-e4233bf14080	/n/data1/hms/dbmi/park/DATA/ICGC/PCAWG_Final_Datasets_DCC/consensus_snv_indel/merged_snv_mnv/34739bd6-b3be-441d-8cdb-e4233bf14080.consensus.20160830.somatic.snv_mnv.vcf.gz	/n/data1/hms/dbmi/park/DATA/ICGC/PCAWG_Final_Datasets_DCC/consensus_cnv/segmented_cn/34739bd6-b3be-441d-8cdb-e4233bf14080.consensus.20170119.somatic.cna.txt
34881c6b-f59f-42c0-9f29-9c5c47262ae6	/n/data1/hms/dbmi/park/DATA/ICGC/PCAWG_Final_Datasets_DCC/consensus_snv_indel/merged_snv_mnv/34881c6b-f59f-42c0-9f29-9c5c47262ae6.consensus.20160830.somatic.snv_mnv.vcf.gz	/n/data1/hms/dbmi/park/DATA/ICGC/PCAWG_Final_Datasets_DCC/consensus_cnv/segmented_cn/34881c6b-f59f-42c0-9f29-9c5c47262ae6.consensus.20170119.somatic.cna.txt
34a445c2-1eb4-4a9f-8838-cddc2f82aae4	/n/data1/hms/dbmi/park/DATA/ICGC/PCAWG_Final_Datasets_DCC/consensus_snv_indel/merged_snv_mnv/34a445c2-1eb4-4a9f-8838-cddc2f82aae4.consensus.20160830.somatic.snv_mnv.vcf.gz	/n/data1/hms/dbmi/park/DATA/ICGC/PCAWG_Final_Datasets_DCC/consensus_cnv/segmented_cn/34a445c2-1eb4-4a9f-8838-cddc2f82aae4.consensus.20170119.somatic.cna.txt
34ab4c57-5240-4af7-a329-a5ab55934fd4	/n/data1/hms/dbmi/park/DATA/ICGC/PCAWG_Final_Datasets_DCC/consensus_snv_indel/merged_snv_mnv/34ab4c57-5240-4af7-a329-a5ab55934fd4.consensus.20160830.somatic.snv_mnv.vcf.gz	/n/data1/hms/dbmi/park/DATA/ICGC/PCAWG_Final_Datasets_DCC/consensus_cnv/segmented_cn/34ab4c57-5240-4af7-a329-a5ab55934fd4.consensus.20170119.somatic.cna.txt
34b0c838-bf6c-4d0f-8cd2-d2928adbb539	/n/data1/hms/dbmi/park/DATA/ICGC/PCAWG_Final_Datasets_DCC/consensus_snv_indel/merged_snv_mnv/34b0c838-bf6c-4d0f-8cd2-d2928adbb539.consensus.20160830.somatic.snv_mnv.vcf.gz	/n/data1/hms/dbmi/park/DATA/ICGC/PCAWG_Final_Datasets_DCC/consensus_cnv/segmented_cn/34b0c838-bf6c-4d0f-8cd2-d2928adbb539.consensus.20170119.somatic.cna.txt
34c24482-c623-11e3-bf01-24c6515278c0	/n/data1/hms/dbmi/park/DATA/ICGC/PCAWG_Final_Datasets_DCC/consensus_snv_indel/merged_snv_mnv/34c24482-c623-11e3-bf01-24c6515278c0.consensus.20160830.somatic.snv_mnv.vcf.gz	/n/data1/hms/dbmi/park/DATA/ICGC/PCAWG_Final_Datasets_DCC/consensus_cnv/segmented_cn/34c24482-c623-11e3-bf01-24c6515278c0.consensus.20170119.somatic.cna.txt
34d7b6cc-cfcf-4178-b075-f4d129ab18f7	/n/data1/hms/dbmi/park/DATA/ICGC/PCAWG_Final_Datasets_DCC/consensus_snv_indel/merged_snv_mnv/34d7b6cc-cfcf-4178-b075-f4d129ab18f7.consensus.20160830.somatic.snv_mnv.vcf.gz	/n/data1/hms/dbmi/park/DATA/ICGC/PCAWG_Final_Datasets_DCC/consensus_cnv/segmented_cn/34d7b6cc-cfcf-4178-b075-f4d129ab18f7.consensus.20170119.somatic.cna.txt
351db483-a70e-496d-b70a-7449875121ee	/n/data1/hms/dbmi/park/DATA/ICGC/PCAWG_Final_Datasets_DCC/consensus_snv_indel/merged_snv_mnv/351db483-a70e-496d-b70a-7449875121ee.consensus.20160830.somatic.snv_mnv.vcf.gz	/n/data1/hms/dbmi/park/DATA/ICGC/PCAWG_Final_Datasets_DCC/consensus_cnv/segmented_cn/351db483-a70e-496d-b70a-7449875121ee.consensus.20170119.somatic.cna.txt
352fbbb4-88a5-4354-b1fa-3a01da3fbfa7	/n/data1/hms/dbmi/park/DATA/ICGC/PCAWG_Final_Datasets_DCC/consensus_snv_indel/merged_snv_mnv/352fbbb4-88a5-4354-b1fa-3a01da3fbfa7.consensus.20160830.somatic.snv_mnv.vcf.gz	/n/data1/hms/dbmi/park/DATA/ICGC/PCAWG_Final_Datasets_DCC/consensus_cnv/segmented_cn/352fbbb4-88a5-4354-b1fa-3a01da3fbfa7.consensus.20170119.somatic.cna.txt
35553150-e4ef-4539-b220-259f2d634bd7	/n/data1/hms/dbmi/park/DATA/ICGC/PCAWG_Final_Datasets_DCC/consensus_snv_indel/merged_snv_mnv/35553150-e4ef-4539-b220-259f2d634bd7.consensus.20160830.somatic.snv_mnv.vcf.gz	/n/data1/hms/dbmi/park/DATA/ICGC/PCAWG_Final_Datasets_DCC/consensus_cnv/segmented_cn/35553150-e4ef-4539-b220-259f2d634bd7.consensus.20170119.somatic.cna.txt
3585e133-b3c1-4d90-b5f2-2b867e0ae0ec	/n/data1/hms/dbmi/park/DATA/ICGC/PCAWG_Final_Datasets_DCC/consensus_snv_indel/merged_snv_mnv/3585e133-b3c1-4d90-b5f2-2b867e0ae0ec.consensus.20160830.somatic.snv_mnv.vcf.gz	/n/data1/hms/dbmi/park/DATA/ICGC/PCAWG_Final_Datasets_DCC/consensus_cnv/segmented_cn/3585e133-b3c1-4d90-b5f2-2b867e0ae0ec.consensus.20170119.somatic.cna.txt
35a74e53-16ff-4764-8397-6a9b02dfe733	/n/data1/hms/dbmi/park/DATA/ICGC/PCAWG_Final_Datasets_DCC/consensus_snv_indel/merged_snv_mnv/35a74e53-16ff-4764-8397-6a9b02dfe733.consensus.20160830.somatic.snv_mnv.vcf.gz	/n/data1/hms/dbmi/park/DATA/ICGC/PCAWG_Final_Datasets_DCC/consensus_cnv/segmented_cn/35a74e53-16ff-4764-8397-6a9b02dfe733.consensus.20170119.somatic.cna.txt
35b951c0-edb0-47c4-9076-ede346ea7cb1	/n/data1/hms/dbmi/park/DATA/ICGC/PCAWG_Final_Datasets_DCC/consensus_snv_indel/merged_snv_mnv/35b951c0-edb0-47c4-9076-ede346ea7cb1.consensus.20160830.somatic.snv_mnv.vcf.gz	/n/data1/hms/dbmi/park/DATA/ICGC/PCAWG_Final_Datasets_DCC/consensus_cnv/segmented_cn/35b951c0-edb0-47c4-9076-ede346ea7cb1.consensus.20170119.somatic.cna.txt
35c797fd-ca81-4cef-b6c4-7e3776f661b3	/n/data1/hms/dbmi/park/DATA/ICGC/PCAWG_Final_Datasets_DCC/consensus_snv_indel/merged_snv_mnv/35c797fd-ca81-4cef-b6c4-7e3776f661b3.consensus.20160830.somatic.snv_mnv.vcf.gz	/n/data1/hms/dbmi/park/DATA/ICGC/PCAWG_Final_Datasets_DCC/consensus_cnv/segmented_cn/35c797fd-ca81-4cef-b6c4-7e3776f661b3.consensus.20170119.somatic.cna.txt
35cca3b8-c623-11e3-bf01-24c6515278c0	/n/data1/hms/dbmi/park/DATA/ICGC/PCAWG_Final_Datasets_DCC/consensus_snv_indel/merged_snv_mnv/35cca3b8-c623-11e3-bf01-24c6515278c0.consensus.20160830.somatic.snv_mnv.vcf.gz	/n/data1/hms/dbmi/park/DATA/ICGC/PCAWG_Final_Datasets_DCC/consensus_cnv/segmented_cn/35cca3b8-c623-11e3-bf01-24c6515278c0.consensus.20170119.somatic.cna.txt
35ceba07-0759-4fbe-b076-af821a528cf0	/n/data1/hms/dbmi/park/DATA/ICGC/PCAWG_Final_Datasets_DCC/consensus_snv_indel/merged_snv_mnv/35ceba07-0759-4fbe-b076-af821a528cf0.consensus.20160830.somatic.snv_mnv.vcf.gz	/n/data1/hms/dbmi/park/DATA/ICGC/PCAWG_Final_Datasets_DCC/consensus_cnv/segmented_cn/35ceba07-0759-4fbe-b076-af821a528cf0.consensus.20170119.somatic.cna.txt
35dc84c1-476c-4d48-ae23-622bf6e043ac	/n/data1/hms/dbmi/park/DATA/ICGC/PCAWG_Final_Datasets_DCC/consensus_snv_indel/merged_snv_mnv/35dc84c1-476c-4d48-ae23-622bf6e043ac.consensus.20160830.somatic.snv_mnv.vcf.gz	/n/data1/hms/dbmi/park/DATA/ICGC/PCAWG_Final_Datasets_DCC/consensus_cnv/segmented_cn/35dc84c1-476c-4d48-ae23-622bf6e043ac.consensus.20170119.somatic.cna.txt
35e33a7a-c622-11e3-bf01-24c6515278c0	/n/data1/hms/dbmi/park/DATA/ICGC/PCAWG_Final_Datasets_DCC/consensus_snv_indel/merged_snv_mnv/35e33a7a-c622-11e3-bf01-24c6515278c0.consensus.20160830.somatic.snv_mnv.vcf.gz	/n/data1/hms/dbmi/park/DATA/ICGC/PCAWG_Final_Datasets_DCC/consensus_cnv/segmented_cn/35e33a7a-c622-11e3-bf01-24c6515278c0.consensus.20170119.somatic.cna.txt
35eb6ecf-9514-4416-94b1-02200c0a1571	/n/data1/hms/dbmi/park/DATA/ICGC/PCAWG_Final_Datasets_DCC/consensus_snv_indel/merged_snv_mnv/35eb6ecf-9514-4416-94b1-02200c0a1571.consensus.20160830.somatic.snv_mnv.vcf.gz	/n/data1/hms/dbmi/park/DATA/ICGC/PCAWG_Final_Datasets_DCC/consensus_cnv/segmented_cn/35eb6ecf-9514-4416-94b1-02200c0a1571.consensus.20170119.somatic.cna.txt
35f82a33-bde2-47e2-8aba-ff1fd5920219	/n/data1/hms/dbmi/park/DATA/ICGC/PCAWG_Final_Datasets_DCC/consensus_snv_indel/merged_snv_mnv/35f82a33-bde2-47e2-8aba-ff1fd5920219.consensus.20160830.somatic.snv_mnv.vcf.gz	/n/data1/hms/dbmi/park/DATA/ICGC/PCAWG_Final_Datasets_DCC/consensus_cnv/segmented_cn/35f82a33-bde2-47e2-8aba-ff1fd5920219.consensus.20170119.somatic.cna.txt
36160be6-368f-4cdb-b1ee-9ed5b64462fa	/n/data1/hms/dbmi/park/DATA/ICGC/PCAWG_Final_Datasets_DCC/consensus_snv_indel/merged_snv_mnv/36160be6-368f-4cdb-b1ee-9ed5b64462fa.consensus.20160830.somatic.snv_mnv.vcf.gz	/n/data1/hms/dbmi/park/DATA/ICGC/PCAWG_Final_Datasets_DCC/consensus_cnv/segmented_cn/36160be6-368f-4cdb-b1ee-9ed5b64462fa.consensus.20170119.somatic.cna.txt
363d3a59-dce3-408d-a736-5c29ba9f9b6d	/n/data1/hms/dbmi/park/DATA/ICGC/PCAWG_Final_Datasets_DCC/consensus_snv_indel/merged_snv_mnv/363d3a59-dce3-408d-a736-5c29ba9f9b6d.consensus.20160830.somatic.snv_mnv.vcf.gz	/n/data1/hms/dbmi/park/DATA/ICGC/PCAWG_Final_Datasets_DCC/consensus_cnv/segmented_cn/363d3a59-dce3-408d-a736-5c29ba9f9b6d.consensus.20170119.somatic.cna.txt
36680797-36de-413d-b2a1-8804ac1705e9	/n/data1/hms/dbmi/park/DATA/ICGC/PCAWG_Final_Datasets_DCC/consensus_snv_indel/merged_snv_mnv/36680797-36de-413d-b2a1-8804ac1705e9.consensus.20160830.somatic.snv_mnv.vcf.gz	/n/data1/hms/dbmi/park/DATA/ICGC/PCAWG_Final_Datasets_DCC/consensus_cnv/segmented_cn/36680797-36de-413d-b2a1-8804ac1705e9.consensus.20170119.somatic.cna.txt
367fdef3-d7af-4996-932f-cc5087e843dc	/n/data1/hms/dbmi/park/DATA/ICGC/PCAWG_Final_Datasets_DCC/consensus_snv_indel/merged_snv_mnv/367fdef3-d7af-4996-932f-cc5087e843dc.consensus.20160830.somatic.snv_mnv.vcf.gz	/n/data1/hms/dbmi/park/DATA/ICGC/PCAWG_Final_Datasets_DCC/consensus_cnv/segmented_cn/367fdef3-d7af-4996-932f-cc5087e843dc.consensus.20170119.somatic.cna.txt
368e592d-260c-4f58-81c4-a9f1e6177a4b	/n/data1/hms/dbmi/park/DATA/ICGC/PCAWG_Final_Datasets_DCC/consensus_snv_indel/merged_snv_mnv/368e592d-260c-4f58-81c4-a9f1e6177a4b.consensus.20160830.somatic.snv_mnv.vcf.gz	/n/data1/hms/dbmi/park/DATA/ICGC/PCAWG_Final_Datasets_DCC/consensus_cnv/segmented_cn/368e592d-260c-4f58-81c4-a9f1e6177a4b.consensus.20170119.somatic.cna.txt
36962459-e81f-4b8c-a08d-df60ef3283a3	/n/data1/hms/dbmi/park/DATA/ICGC/PCAWG_Final_Datasets_DCC/consensus_snv_indel/merged_snv_mnv/36962459-e81f-4b8c-a08d-df60ef3283a3.consensus.20160830.somatic.snv_mnv.vcf.gz	/n/data1/hms/dbmi/park/DATA/ICGC/PCAWG_Final_Datasets_DCC/consensus_cnv/segmented_cn/36962459-e81f-4b8c-a08d-df60ef3283a3.consensus.20170119.somatic.cna.txt
369c06f2-8904-49cb-99d1-dd297ed0cd0c	/n/data1/hms/dbmi/park/DATA/ICGC/PCAWG_Final_Datasets_DCC/consensus_snv_indel/merged_snv_mnv/369c06f2-8904-49cb-99d1-dd297ed0cd0c.consensus.20160830.somatic.snv_mnv.vcf.gz	/n/data1/hms/dbmi/park/DATA/ICGC/PCAWG_Final_Datasets_DCC/consensus_cnv/segmented_cn/369c06f2-8904-49cb-99d1-dd297ed0cd0c.consensus.20170119.somatic.cna.txt
36d1a85e-a09b-4537-86e0-eaf1eb03aed8	/n/data1/hms/dbmi/park/DATA/ICGC/PCAWG_Final_Datasets_DCC/consensus_snv_indel/merged_snv_mnv/36d1a85e-a09b-4537-86e0-eaf1eb03aed8.consensus.20160830.somatic.snv_mnv.vcf.gz	/n/data1/hms/dbmi/park/DATA/ICGC/PCAWG_Final_Datasets_DCC/consensus_cnv/segmented_cn/36d1a85e-a09b-4537-86e0-eaf1eb03aed8.consensus.20170119.somatic.cna.txt
36d9c1aa-c623-11e3-bf01-24c6515278c0	/n/data1/hms/dbmi/park/DATA/ICGC/PCAWG_Final_Datasets_DCC/consensus_snv_indel/merged_snv_mnv/36d9c1aa-c623-11e3-bf01-24c6515278c0.consensus.20160830.somatic.snv_mnv.vcf.gz	/n/data1/hms/dbmi/park/DATA/ICGC/PCAWG_Final_Datasets_DCC/consensus_cnv/segmented_cn/36d9c1aa-c623-11e3-bf01-24c6515278c0.consensus.20170119.somatic.cna.txt
36e1d9cc-32ec-4a0a-8fb1-c46f058a6fb8	/n/data1/hms/dbmi/park/DATA/ICGC/PCAWG_Final_Datasets_DCC/consensus_snv_indel/merged_snv_mnv/36e1d9cc-32ec-4a0a-8fb1-c46f058a6fb8.consensus.20160830.somatic.snv_mnv.vcf.gz	/n/data1/hms/dbmi/park/DATA/ICGC/PCAWG_Final_Datasets_DCC/consensus_cnv/segmented_cn/36e1d9cc-32ec-4a0a-8fb1-c46f058a6fb8.consensus.20170119.somatic.cna.txt
371235d9-55b8-40a7-8cd6-baa7c2ad0493	/n/data1/hms/dbmi/park/DATA/ICGC/PCAWG_Final_Datasets_DCC/consensus_snv_indel/merged_snv_mnv/371235d9-55b8-40a7-8cd6-baa7c2ad0493.consensus.20160830.somatic.snv_mnv.vcf.gz	/n/data1/hms/dbmi/park/DATA/ICGC/PCAWG_Final_Datasets_DCC/consensus_cnv/segmented_cn/371235d9-55b8-40a7-8cd6-baa7c2ad0493.consensus.20170119.somatic.cna.txt
3728982b-4547-4249-bd42-72a91d3fda8c	/n/data1/hms/dbmi/park/DATA/ICGC/PCAWG_Final_Datasets_DCC/consensus_snv_indel/merged_snv_mnv/3728982b-4547-4249-bd42-72a91d3fda8c.consensus.20160830.somatic.snv_mnv.vcf.gz	/n/data1/hms/dbmi/park/DATA/ICGC/PCAWG_Final_Datasets_DCC/consensus_cnv/segmented_cn/3728982b-4547-4249-bd42-72a91d3fda8c.consensus.20170119.somatic.cna.txt
374cbd87-428e-4509-85c1-b7d3302c30a0	/n/data1/hms/dbmi/park/DATA/ICGC/PCAWG_Final_Datasets_DCC/consensus_snv_indel/merged_snv_mnv/374cbd87-428e-4509-85c1-b7d3302c30a0.consensus.20160830.somatic.snv_mnv.vcf.gz	/n/data1/hms/dbmi/park/DATA/ICGC/PCAWG_Final_Datasets_DCC/consensus_cnv/segmented_cn/374cbd87-428e-4509-85c1-b7d3302c30a0.consensus.20170119.somatic.cna.txt
37c913e6-9ce5-4338-8849-b5bf7862d36a	/n/data1/hms/dbmi/park/DATA/ICGC/PCAWG_Final_Datasets_DCC/consensus_snv_indel/merged_snv_mnv/37c913e6-9ce5-4338-8849-b5bf7862d36a.consensus.20160830.somatic.snv_mnv.vcf.gz	/n/data1/hms/dbmi/park/DATA/ICGC/PCAWG_Final_Datasets_DCC/consensus_cnv/segmented_cn/37c913e6-9ce5-4338-8849-b5bf7862d36a.consensus.20170119.somatic.cna.txt
37d0cf1b-1743-4852-8073-372b16b5c17d	/n/data1/hms/dbmi/park/DATA/ICGC/PCAWG_Final_Datasets_DCC/consensus_snv_indel/merged_snv_mnv/37d0cf1b-1743-4852-8073-372b16b5c17d.consensus.20160830.somatic.snv_mnv.vcf.gz	/n/data1/hms/dbmi/park/DATA/ICGC/PCAWG_Final_Datasets_DCC/consensus_cnv/segmented_cn/37d0cf1b-1743-4852-8073-372b16b5c17d.consensus.20170119.somatic.cna.txt
37e5d47b-851b-47de-ba6a-fd2835644011	/n/data1/hms/dbmi/park/DATA/ICGC/PCAWG_Final_Datasets_DCC/consensus_snv_indel/merged_snv_mnv/37e5d47b-851b-47de-ba6a-fd2835644011.consensus.20160830.somatic.snv_mnv.vcf.gz	/n/data1/hms/dbmi/park/DATA/ICGC/PCAWG_Final_Datasets_DCC/consensus_cnv/segmented_cn/37e5d47b-851b-47de-ba6a-fd2835644011.consensus.20170119.somatic.cna.txt
380593d8-c623-11e3-bf01-24c6515278c0	/n/data1/hms/dbmi/park/DATA/ICGC/PCAWG_Final_Datasets_DCC/consensus_snv_indel/merged_snv_mnv/380593d8-c623-11e3-bf01-24c6515278c0.consensus.20160830.somatic.snv_mnv.vcf.gz	/n/data1/hms/dbmi/park/DATA/ICGC/PCAWG_Final_Datasets_DCC/consensus_cnv/segmented_cn/380593d8-c623-11e3-bf01-24c6515278c0.consensus.20170119.somatic.cna.txt
384ef419-ee94-4563-9237-236fddeb4b64	/n/data1/hms/dbmi/park/DATA/ICGC/PCAWG_Final_Datasets_DCC/consensus_snv_indel/merged_snv_mnv/384ef419-ee94-4563-9237-236fddeb4b64.consensus.20160830.somatic.snv_mnv.vcf.gz	/n/data1/hms/dbmi/park/DATA/ICGC/PCAWG_Final_Datasets_DCC/consensus_cnv/segmented_cn/384ef419-ee94-4563-9237-236fddeb4b64.consensus.20170119.somatic.cna.txt
3869ff3f-21b9-4817-8ff4-83c6fc75ab11	/n/data1/hms/dbmi/park/DATA/ICGC/PCAWG_Final_Datasets_DCC/consensus_snv_indel/merged_snv_mnv/3869ff3f-21b9-4817-8ff4-83c6fc75ab11.consensus.20160830.somatic.snv_mnv.vcf.gz	/n/data1/hms/dbmi/park/DATA/ICGC/PCAWG_Final_Datasets_DCC/consensus_cnv/segmented_cn/3869ff3f-21b9-4817-8ff4-83c6fc75ab11.consensus.20170119.somatic.cna.txt
387c6519-6529-4074-a5ab-00f8052a5732	/n/data1/hms/dbmi/park/DATA/ICGC/PCAWG_Final_Datasets_DCC/consensus_snv_indel/merged_snv_mnv/387c6519-6529-4074-a5ab-00f8052a5732.consensus.20160830.somatic.snv_mnv.vcf.gz	/n/data1/hms/dbmi/park/DATA/ICGC/PCAWG_Final_Datasets_DCC/consensus_cnv/segmented_cn/387c6519-6529-4074-a5ab-00f8052a5732.consensus.20170119.somatic.cna.txt
388a8875-c3f5-494e-8456-28be8d3626e1	/n/data1/hms/dbmi/park/DATA/ICGC/PCAWG_Final_Datasets_DCC/consensus_snv_indel/merged_snv_mnv/388a8875-c3f5-494e-8456-28be8d3626e1.consensus.20160830.somatic.snv_mnv.vcf.gz	/n/data1/hms/dbmi/park/DATA/ICGC/PCAWG_Final_Datasets_DCC/consensus_cnv/segmented_cn/388a8875-c3f5-494e-8456-28be8d3626e1.consensus.20170119.somatic.cna.txt
38d8e626-c622-11e3-bf01-24c6515278c0	/n/data1/hms/dbmi/park/DATA/ICGC/PCAWG_Final_Datasets_DCC/consensus_snv_indel/merged_snv_mnv/38d8e626-c622-11e3-bf01-24c6515278c0.consensus.20160830.somatic.snv_mnv.vcf.gz	/n/data1/hms/dbmi/park/DATA/ICGC/PCAWG_Final_Datasets_DCC/consensus_cnv/segmented_cn/38d8e626-c622-11e3-bf01-24c6515278c0.consensus.20170119.somatic.cna.txt
3914c02e-44ad-4c96-8464-61aa95b42c49	/n/data1/hms/dbmi/park/DATA/ICGC/PCAWG_Final_Datasets_DCC/consensus_snv_indel/merged_snv_mnv/3914c02e-44ad-4c96-8464-61aa95b42c49.consensus.20160830.somatic.snv_mnv.vcf.gz	/n/data1/hms/dbmi/park/DATA/ICGC/PCAWG_Final_Datasets_DCC/consensus_cnv/segmented_cn/3914c02e-44ad-4c96-8464-61aa95b42c49.consensus.20170119.somatic.cna.txt
391a949d-217a-472c-a6d4-80e548039684	/n/data1/hms/dbmi/park/DATA/ICGC/PCAWG_Final_Datasets_DCC/consensus_snv_indel/merged_snv_mnv/391a949d-217a-472c-a6d4-80e548039684.consensus.20160830.somatic.snv_mnv.vcf.gz	/n/data1/hms/dbmi/park/DATA/ICGC/PCAWG_Final_Datasets_DCC/consensus_cnv/segmented_cn/391a949d-217a-472c-a6d4-80e548039684.consensus.20170119.somatic.cna.txt
3933c60d-73d6-4f74-ae02-fd545fc1f092	/n/data1/hms/dbmi/park/DATA/ICGC/PCAWG_Final_Datasets_DCC/consensus_snv_indel/merged_snv_mnv/3933c60d-73d6-4f74-ae02-fd545fc1f092.consensus.20160830.somatic.snv_mnv.vcf.gz	/n/data1/hms/dbmi/park/DATA/ICGC/PCAWG_Final_Datasets_DCC/consensus_cnv/segmented_cn/3933c60d-73d6-4f74-ae02-fd545fc1f092.consensus.20170119.somatic.cna.txt
3935af50-d992-4430-9909-e688347aead9	/n/data1/hms/dbmi/park/DATA/ICGC/PCAWG_Final_Datasets_DCC/consensus_snv_indel/merged_snv_mnv/3935af50-d992-4430-9909-e688347aead9.consensus.20160830.somatic.snv_mnv.vcf.gz	/n/data1/hms/dbmi/park/DATA/ICGC/PCAWG_Final_Datasets_DCC/consensus_cnv/segmented_cn/3935af50-d992-4430-9909-e688347aead9.consensus.20170119.somatic.cna.txt
39458b0e-c623-11e3-bf01-24c6515278c0	/n/data1/hms/dbmi/park/DATA/ICGC/PCAWG_Final_Datasets_DCC/consensus_snv_indel/merged_snv_mnv/39458b0e-c623-11e3-bf01-24c6515278c0.consensus.20160830.somatic.snv_mnv.vcf.gz	/n/data1/hms/dbmi/park/DATA/ICGC/PCAWG_Final_Datasets_DCC/consensus_cnv/segmented_cn/39458b0e-c623-11e3-bf01-24c6515278c0.consensus.20170119.somatic.cna.txt
39520be3-a2af-4189-acf4-9d239363333a	/n/data1/hms/dbmi/park/DATA/ICGC/PCAWG_Final_Datasets_DCC/consensus_snv_indel/merged_snv_mnv/39520be3-a2af-4189-acf4-9d239363333a.consensus.20160830.somatic.snv_mnv.vcf.gz	/n/data1/hms/dbmi/park/DATA/ICGC/PCAWG_Final_Datasets_DCC/consensus_cnv/segmented_cn/39520be3-a2af-4189-acf4-9d239363333a.consensus.20170119.somatic.cna.txt
39a5d94d-e8c8-4057-be96-362ffbafb94d	/n/data1/hms/dbmi/park/DATA/ICGC/PCAWG_Final_Datasets_DCC/consensus_snv_indel/merged_snv_mnv/39a5d94d-e8c8-4057-be96-362ffbafb94d.consensus.20160830.somatic.snv_mnv.vcf.gz	/n/data1/hms/dbmi/park/DATA/ICGC/PCAWG_Final_Datasets_DCC/consensus_cnv/segmented_cn/39a5d94d-e8c8-4057-be96-362ffbafb94d.consensus.20170119.somatic.cna.txt
39aee9fc-fa27-4b71-b9e8-43ff34bd3930	/n/data1/hms/dbmi/park/DATA/ICGC/PCAWG_Final_Datasets_DCC/consensus_snv_indel/merged_snv_mnv/39aee9fc-fa27-4b71-b9e8-43ff34bd3930.consensus.20160830.somatic.snv_mnv.vcf.gz	/n/data1/hms/dbmi/park/DATA/ICGC/PCAWG_Final_Datasets_DCC/consensus_cnv/segmented_cn/39aee9fc-fa27-4b71-b9e8-43ff34bd3930.consensus.20170119.somatic.cna.txt
39c476fd-273b-4136-874c-53352f1be008	/n/data1/hms/dbmi/park/DATA/ICGC/PCAWG_Final_Datasets_DCC/consensus_snv_indel/merged_snv_mnv/39c476fd-273b-4136-874c-53352f1be008.consensus.20160830.somatic.snv_mnv.vcf.gz	/n/data1/hms/dbmi/park/DATA/ICGC/PCAWG_Final_Datasets_DCC/consensus_cnv/segmented_cn/39c476fd-273b-4136-874c-53352f1be008.consensus.20170119.somatic.cna.txt
39c55051-e1bc-4081-962a-17205645de45	/n/data1/hms/dbmi/park/DATA/ICGC/PCAWG_Final_Datasets_DCC/consensus_snv_indel/merged_snv_mnv/39c55051-e1bc-4081-962a-17205645de45.consensus.20160830.somatic.snv_mnv.vcf.gz	/n/data1/hms/dbmi/park/DATA/ICGC/PCAWG_Final_Datasets_DCC/consensus_cnv/segmented_cn/39c55051-e1bc-4081-962a-17205645de45.consensus.20170119.somatic.cna.txt
39c6c3b3-4683-4d11-984c-ed589188da65	/n/data1/hms/dbmi/park/DATA/ICGC/PCAWG_Final_Datasets_DCC/consensus_snv_indel/merged_snv_mnv/39c6c3b3-4683-4d11-984c-ed589188da65.consensus.20160830.somatic.snv_mnv.vcf.gz	/n/data1/hms/dbmi/park/DATA/ICGC/PCAWG_Final_Datasets_DCC/consensus_cnv/segmented_cn/39c6c3b3-4683-4d11-984c-ed589188da65.consensus.20170119.somatic.cna.txt
39d38c06-3779-4ca4-b103-1d096f93dae8	/n/data1/hms/dbmi/park/DATA/ICGC/PCAWG_Final_Datasets_DCC/consensus_snv_indel/merged_snv_mnv/39d38c06-3779-4ca4-b103-1d096f93dae8.consensus.20160830.somatic.snv_mnv.vcf.gz	/n/data1/hms/dbmi/park/DATA/ICGC/PCAWG_Final_Datasets_DCC/consensus_cnv/segmented_cn/39d38c06-3779-4ca4-b103-1d096f93dae8.consensus.20170119.somatic.cna.txt
39e32615-0160-4f13-b330-50748f5d87ed	/n/data1/hms/dbmi/park/DATA/ICGC/PCAWG_Final_Datasets_DCC/consensus_snv_indel/merged_snv_mnv/39e32615-0160-4f13-b330-50748f5d87ed.consensus.20160830.somatic.snv_mnv.vcf.gz	/n/data1/hms/dbmi/park/DATA/ICGC/PCAWG_Final_Datasets_DCC/consensus_cnv/segmented_cn/39e32615-0160-4f13-b330-50748f5d87ed.consensus.20170119.somatic.cna.txt
3a18aa52-b6e2-4d03-ad05-ef99d653f0e0	/n/data1/hms/dbmi/park/DATA/ICGC/PCAWG_Final_Datasets_DCC/consensus_snv_indel/merged_snv_mnv/3a18aa52-b6e2-4d03-ad05-ef99d653f0e0.consensus.20160830.somatic.snv_mnv.vcf.gz	/n/data1/hms/dbmi/park/DATA/ICGC/PCAWG_Final_Datasets_DCC/consensus_cnv/segmented_cn/3a18aa52-b6e2-4d03-ad05-ef99d653f0e0.consensus.20170119.somatic.cna.txt
3a49a936-c623-11e3-bf01-24c6515278c0	/n/data1/hms/dbmi/park/DATA/ICGC/PCAWG_Final_Datasets_DCC/consensus_snv_indel/merged_snv_mnv/3a49a936-c623-11e3-bf01-24c6515278c0.consensus.20160830.somatic.snv_mnv.vcf.gz	/n/data1/hms/dbmi/park/DATA/ICGC/PCAWG_Final_Datasets_DCC/consensus_cnv/segmented_cn/3a49a936-c623-11e3-bf01-24c6515278c0.consensus.20170119.somatic.cna.txt
3a551616-4840-4111-a8c5-b4aa773d82c2	/n/data1/hms/dbmi/park/DATA/ICGC/PCAWG_Final_Datasets_DCC/consensus_snv_indel/merged_snv_mnv/3a551616-4840-4111-a8c5-b4aa773d82c2.consensus.20160830.somatic.snv_mnv.vcf.gz	/n/data1/hms/dbmi/park/DATA/ICGC/PCAWG_Final_Datasets_DCC/consensus_cnv/segmented_cn/3a551616-4840-4111-a8c5-b4aa773d82c2.consensus.20170119.somatic.cna.txt
3a5eaed6-fcfd-437a-b61c-fd3725c64717	/n/data1/hms/dbmi/park/DATA/ICGC/PCAWG_Final_Datasets_DCC/consensus_snv_indel/merged_snv_mnv/3a5eaed6-fcfd-437a-b61c-fd3725c64717.consensus.20160830.somatic.snv_mnv.vcf.gz	/n/data1/hms/dbmi/park/DATA/ICGC/PCAWG_Final_Datasets_DCC/consensus_cnv/segmented_cn/3a5eaed6-fcfd-437a-b61c-fd3725c64717.consensus.20170119.somatic.cna.txt
3a6bce45-0431-49d8-82df-b1d9a738e5a6	/n/data1/hms/dbmi/park/DATA/ICGC/PCAWG_Final_Datasets_DCC/consensus_snv_indel/merged_snv_mnv/3a6bce45-0431-49d8-82df-b1d9a738e5a6.consensus.20160830.somatic.snv_mnv.vcf.gz	/n/data1/hms/dbmi/park/DATA/ICGC/PCAWG_Final_Datasets_DCC/consensus_cnv/segmented_cn/3a6bce45-0431-49d8-82df-b1d9a738e5a6.consensus.20170119.somatic.cna.txt
3a81f733-b3a3-4578-b925-a663612bc92c	/n/data1/hms/dbmi/park/DATA/ICGC/PCAWG_Final_Datasets_DCC/consensus_snv_indel/merged_snv_mnv/3a81f733-b3a3-4578-b925-a663612bc92c.consensus.20160830.somatic.snv_mnv.vcf.gz	/n/data1/hms/dbmi/park/DATA/ICGC/PCAWG_Final_Datasets_DCC/consensus_cnv/segmented_cn/3a81f733-b3a3-4578-b925-a663612bc92c.consensus.20170119.somatic.cna.txt
3ace181a-23bd-424e-a87e-e0c01a2a2cb8	/n/data1/hms/dbmi/park/DATA/ICGC/PCAWG_Final_Datasets_DCC/consensus_snv_indel/merged_snv_mnv/3ace181a-23bd-424e-a87e-e0c01a2a2cb8.consensus.20160830.somatic.snv_mnv.vcf.gz	/n/data1/hms/dbmi/park/DATA/ICGC/PCAWG_Final_Datasets_DCC/consensus_cnv/segmented_cn/3ace181a-23bd-424e-a87e-e0c01a2a2cb8.consensus.20170119.somatic.cna.txt
3ad44032-01fb-4f84-b880-f01bb13a4359	/n/data1/hms/dbmi/park/DATA/ICGC/PCAWG_Final_Datasets_DCC/consensus_snv_indel/merged_snv_mnv/3ad44032-01fb-4f84-b880-f01bb13a4359.consensus.20160830.somatic.snv_mnv.vcf.gz	/n/data1/hms/dbmi/park/DATA/ICGC/PCAWG_Final_Datasets_DCC/consensus_cnv/segmented_cn/3ad44032-01fb-4f84-b880-f01bb13a4359.consensus.20170119.somatic.cna.txt
3ae3ce4a-54ec-4c3b-83f2-845696ea0fa1	/n/data1/hms/dbmi/park/DATA/ICGC/PCAWG_Final_Datasets_DCC/consensus_snv_indel/merged_snv_mnv/3ae3ce4a-54ec-4c3b-83f2-845696ea0fa1.consensus.20160830.somatic.snv_mnv.vcf.gz	/n/data1/hms/dbmi/park/DATA/ICGC/PCAWG_Final_Datasets_DCC/consensus_cnv/segmented_cn/3ae3ce4a-54ec-4c3b-83f2-845696ea0fa1.consensus.20170119.somatic.cna.txt
3afae3fb-2d87-4724-a589-d31cce1f4c28	/n/data1/hms/dbmi/park/DATA/ICGC/PCAWG_Final_Datasets_DCC/consensus_snv_indel/merged_snv_mnv/3afae3fb-2d87-4724-a589-d31cce1f4c28.consensus.20160830.somatic.snv_mnv.vcf.gz	/n/data1/hms/dbmi/park/DATA/ICGC/PCAWG_Final_Datasets_DCC/consensus_cnv/segmented_cn/3afae3fb-2d87-4724-a589-d31cce1f4c28.consensus.20170119.somatic.cna.txt
3afb3f57-545a-4ed5-9461-2fcb28d89399	/n/data1/hms/dbmi/park/DATA/ICGC/PCAWG_Final_Datasets_DCC/consensus_snv_indel/merged_snv_mnv/3afb3f57-545a-4ed5-9461-2fcb28d89399.consensus.20160830.somatic.snv_mnv.vcf.gz	/n/data1/hms/dbmi/park/DATA/ICGC/PCAWG_Final_Datasets_DCC/consensus_cnv/segmented_cn/3afb3f57-545a-4ed5-9461-2fcb28d89399.consensus.20170119.somatic.cna.txt
3b02a7a7-e5bc-4e77-b691-521603630b00	/n/data1/hms/dbmi/park/DATA/ICGC/PCAWG_Final_Datasets_DCC/consensus_snv_indel/merged_snv_mnv/3b02a7a7-e5bc-4e77-b691-521603630b00.consensus.20160830.somatic.snv_mnv.vcf.gz	/n/data1/hms/dbmi/park/DATA/ICGC/PCAWG_Final_Datasets_DCC/consensus_cnv/segmented_cn/3b02a7a7-e5bc-4e77-b691-521603630b00.consensus.20170119.somatic.cna.txt
3b20d548-2a7d-4031-85a1-425ca7201d7a	/n/data1/hms/dbmi/park/DATA/ICGC/PCAWG_Final_Datasets_DCC/consensus_snv_indel/merged_snv_mnv/3b20d548-2a7d-4031-85a1-425ca7201d7a.consensus.20160830.somatic.snv_mnv.vcf.gz	/n/data1/hms/dbmi/park/DATA/ICGC/PCAWG_Final_Datasets_DCC/consensus_cnv/segmented_cn/3b20d548-2a7d-4031-85a1-425ca7201d7a.consensus.20170119.somatic.cna.txt
3b41cb48-c623-11e3-bf01-24c6515278c0	/n/data1/hms/dbmi/park/DATA/ICGC/PCAWG_Final_Datasets_DCC/consensus_snv_indel/merged_snv_mnv/3b41cb48-c623-11e3-bf01-24c6515278c0.consensus.20160830.somatic.snv_mnv.vcf.gz	/n/data1/hms/dbmi/park/DATA/ICGC/PCAWG_Final_Datasets_DCC/consensus_cnv/segmented_cn/3b41cb48-c623-11e3-bf01-24c6515278c0.consensus.20170119.somatic.cna.txt
3b4ff158-c6d8-4a26-9568-0634ddb4a609	/n/data1/hms/dbmi/park/DATA/ICGC/PCAWG_Final_Datasets_DCC/consensus_snv_indel/merged_snv_mnv/3b4ff158-c6d8-4a26-9568-0634ddb4a609.consensus.20160830.somatic.snv_mnv.vcf.gz	/n/data1/hms/dbmi/park/DATA/ICGC/PCAWG_Final_Datasets_DCC/consensus_cnv/segmented_cn/3b4ff158-c6d8-4a26-9568-0634ddb4a609.consensus.20170119.somatic.cna.txt
3b526846-72d6-4e10-b7cd-8cdb45a92a1c	/n/data1/hms/dbmi/park/DATA/ICGC/PCAWG_Final_Datasets_DCC/consensus_snv_indel/merged_snv_mnv/3b526846-72d6-4e10-b7cd-8cdb45a92a1c.consensus.20160830.somatic.snv_mnv.vcf.gz	/n/data1/hms/dbmi/park/DATA/ICGC/PCAWG_Final_Datasets_DCC/consensus_cnv/segmented_cn/3b526846-72d6-4e10-b7cd-8cdb45a92a1c.consensus.20170119.somatic.cna.txt
3b55c58d-f95a-4a1d-9aa1-8d2c026656a9	/n/data1/hms/dbmi/park/DATA/ICGC/PCAWG_Final_Datasets_DCC/consensus_snv_indel/merged_snv_mnv/3b55c58d-f95a-4a1d-9aa1-8d2c026656a9.consensus.20160830.somatic.snv_mnv.vcf.gz	/n/data1/hms/dbmi/park/DATA/ICGC/PCAWG_Final_Datasets_DCC/consensus_cnv/segmented_cn/3b55c58d-f95a-4a1d-9aa1-8d2c026656a9.consensus.20170119.somatic.cna.txt
3b590d75-ccfb-4da8-a2e9-10fb07e02cea	/n/data1/hms/dbmi/park/DATA/ICGC/PCAWG_Final_Datasets_DCC/consensus_snv_indel/merged_snv_mnv/3b590d75-ccfb-4da8-a2e9-10fb07e02cea.consensus.20160830.somatic.snv_mnv.vcf.gz	/n/data1/hms/dbmi/park/DATA/ICGC/PCAWG_Final_Datasets_DCC/consensus_cnv/segmented_cn/3b590d75-ccfb-4da8-a2e9-10fb07e02cea.consensus.20170119.somatic.cna.txt
3b7810f7-f8ff-4d62-b766-3ba06170194c	/n/data1/hms/dbmi/park/DATA/ICGC/PCAWG_Final_Datasets_DCC/consensus_snv_indel/merged_snv_mnv/3b7810f7-f8ff-4d62-b766-3ba06170194c.consensus.20160830.somatic.snv_mnv.vcf.gz	/n/data1/hms/dbmi/park/DATA/ICGC/PCAWG_Final_Datasets_DCC/consensus_cnv/segmented_cn/3b7810f7-f8ff-4d62-b766-3ba06170194c.consensus.20170119.somatic.cna.txt
3b8ab548-6669-4142-9612-cafded0d7a23	/n/data1/hms/dbmi/park/DATA/ICGC/PCAWG_Final_Datasets_DCC/consensus_snv_indel/merged_snv_mnv/3b8ab548-6669-4142-9612-cafded0d7a23.consensus.20160830.somatic.snv_mnv.vcf.gz	/n/data1/hms/dbmi/park/DATA/ICGC/PCAWG_Final_Datasets_DCC/consensus_cnv/segmented_cn/3b8ab548-6669-4142-9612-cafded0d7a23.consensus.20170119.somatic.cna.txt
3bacc189-01b8-46cc-a442-f393c0f428c6	/n/data1/hms/dbmi/park/DATA/ICGC/PCAWG_Final_Datasets_DCC/consensus_snv_indel/merged_snv_mnv/3bacc189-01b8-46cc-a442-f393c0f428c6.consensus.20160830.somatic.snv_mnv.vcf.gz	/n/data1/hms/dbmi/park/DATA/ICGC/PCAWG_Final_Datasets_DCC/consensus_cnv/segmented_cn/3bacc189-01b8-46cc-a442-f393c0f428c6.consensus.20170119.somatic.cna.txt
3baecfba-6977-4374-8bc9-22240abad9b5	/n/data1/hms/dbmi/park/DATA/ICGC/PCAWG_Final_Datasets_DCC/consensus_snv_indel/merged_snv_mnv/3baecfba-6977-4374-8bc9-22240abad9b5.consensus.20160830.somatic.snv_mnv.vcf.gz	/n/data1/hms/dbmi/park/DATA/ICGC/PCAWG_Final_Datasets_DCC/consensus_cnv/segmented_cn/3baecfba-6977-4374-8bc9-22240abad9b5.consensus.20170119.somatic.cna.txt
3bb25b72-ceb1-4169-891e-339f22cb0f03	/n/data1/hms/dbmi/park/DATA/ICGC/PCAWG_Final_Datasets_DCC/consensus_snv_indel/merged_snv_mnv/3bb25b72-ceb1-4169-891e-339f22cb0f03.consensus.20160830.somatic.snv_mnv.vcf.gz	/n/data1/hms/dbmi/park/DATA/ICGC/PCAWG_Final_Datasets_DCC/consensus_cnv/segmented_cn/3bb25b72-ceb1-4169-891e-339f22cb0f03.consensus.20170119.somatic.cna.txt
3bb4c27b-4d0d-4d13-b910-41a9ebf95880	/n/data1/hms/dbmi/park/DATA/ICGC/PCAWG_Final_Datasets_DCC/consensus_snv_indel/merged_snv_mnv/3bb4c27b-4d0d-4d13-b910-41a9ebf95880.consensus.20160830.somatic.snv_mnv.vcf.gz	/n/data1/hms/dbmi/park/DATA/ICGC/PCAWG_Final_Datasets_DCC/consensus_cnv/segmented_cn/3bb4c27b-4d0d-4d13-b910-41a9ebf95880.consensus.20170119.somatic.cna.txt
3bfbc33d-804b-4bb3-97ac-97563d77b13d	/n/data1/hms/dbmi/park/DATA/ICGC/PCAWG_Final_Datasets_DCC/consensus_snv_indel/merged_snv_mnv/3bfbc33d-804b-4bb3-97ac-97563d77b13d.consensus.20160830.somatic.snv_mnv.vcf.gz	/n/data1/hms/dbmi/park/DATA/ICGC/PCAWG_Final_Datasets_DCC/consensus_cnv/segmented_cn/3bfbc33d-804b-4bb3-97ac-97563d77b13d.consensus.20170119.somatic.cna.txt
3c019b2f-52ec-40a8-99b5-98c1423ce627	/n/data1/hms/dbmi/park/DATA/ICGC/PCAWG_Final_Datasets_DCC/consensus_snv_indel/merged_snv_mnv/3c019b2f-52ec-40a8-99b5-98c1423ce627.consensus.20160830.somatic.snv_mnv.vcf.gz	/n/data1/hms/dbmi/park/DATA/ICGC/PCAWG_Final_Datasets_DCC/consensus_cnv/segmented_cn/3c019b2f-52ec-40a8-99b5-98c1423ce627.consensus.20170119.somatic.cna.txt
3c2b1509-1eb9-4b79-9569-57810f291499	/n/data1/hms/dbmi/park/DATA/ICGC/PCAWG_Final_Datasets_DCC/consensus_snv_indel/merged_snv_mnv/3c2b1509-1eb9-4b79-9569-57810f291499.consensus.20160830.somatic.snv_mnv.vcf.gz	/n/data1/hms/dbmi/park/DATA/ICGC/PCAWG_Final_Datasets_DCC/consensus_cnv/segmented_cn/3c2b1509-1eb9-4b79-9569-57810f291499.consensus.20170119.somatic.cna.txt
3c30b10e-c623-11e3-bf01-24c6515278c0	/n/data1/hms/dbmi/park/DATA/ICGC/PCAWG_Final_Datasets_DCC/consensus_snv_indel/merged_snv_mnv/3c30b10e-c623-11e3-bf01-24c6515278c0.consensus.20160830.somatic.snv_mnv.vcf.gz	/n/data1/hms/dbmi/park/DATA/ICGC/PCAWG_Final_Datasets_DCC/consensus_cnv/segmented_cn/3c30b10e-c623-11e3-bf01-24c6515278c0.consensus.20170119.somatic.cna.txt
3c78970e-c622-11e3-bf01-24c6515278c0	/n/data1/hms/dbmi/park/DATA/ICGC/PCAWG_Final_Datasets_DCC/consensus_snv_indel/merged_snv_mnv/3c78970e-c622-11e3-bf01-24c6515278c0.consensus.20160830.somatic.snv_mnv.vcf.gz	/n/data1/hms/dbmi/park/DATA/ICGC/PCAWG_Final_Datasets_DCC/consensus_cnv/segmented_cn/3c78970e-c622-11e3-bf01-24c6515278c0.consensus.20170119.somatic.cna.txt
3c86ba21-7b11-4ec7-9d20-a2325197c676	/n/data1/hms/dbmi/park/DATA/ICGC/PCAWG_Final_Datasets_DCC/consensus_snv_indel/merged_snv_mnv/3c86ba21-7b11-4ec7-9d20-a2325197c676.consensus.20160830.somatic.snv_mnv.vcf.gz	/n/data1/hms/dbmi/park/DATA/ICGC/PCAWG_Final_Datasets_DCC/consensus_cnv/segmented_cn/3c86ba21-7b11-4ec7-9d20-a2325197c676.consensus.20170119.somatic.cna.txt
3c92c0e9-68e0-4354-8ed1-b6506878145d	/n/data1/hms/dbmi/park/DATA/ICGC/PCAWG_Final_Datasets_DCC/consensus_snv_indel/merged_snv_mnv/3c92c0e9-68e0-4354-8ed1-b6506878145d.consensus.20160830.somatic.snv_mnv.vcf.gz	/n/data1/hms/dbmi/park/DATA/ICGC/PCAWG_Final_Datasets_DCC/consensus_cnv/segmented_cn/3c92c0e9-68e0-4354-8ed1-b6506878145d.consensus.20170119.somatic.cna.txt
3c963890-6e79-4b16-a4aa-bac04938b4d7	/n/data1/hms/dbmi/park/DATA/ICGC/PCAWG_Final_Datasets_DCC/consensus_snv_indel/merged_snv_mnv/3c963890-6e79-4b16-a4aa-bac04938b4d7.consensus.20160830.somatic.snv_mnv.vcf.gz	/n/data1/hms/dbmi/park/DATA/ICGC/PCAWG_Final_Datasets_DCC/consensus_cnv/segmented_cn/3c963890-6e79-4b16-a4aa-bac04938b4d7.consensus.20170119.somatic.cna.txt
3d400522-c623-11e3-bf01-24c6515278c0	/n/data1/hms/dbmi/park/DATA/ICGC/PCAWG_Final_Datasets_DCC/consensus_snv_indel/merged_snv_mnv/3d400522-c623-11e3-bf01-24c6515278c0.consensus.20160830.somatic.snv_mnv.vcf.gz	/n/data1/hms/dbmi/park/DATA/ICGC/PCAWG_Final_Datasets_DCC/consensus_cnv/segmented_cn/3d400522-c623-11e3-bf01-24c6515278c0.consensus.20170119.somatic.cna.txt
3d477ac1-3bdf-4410-9594-1a3a1412c6ae	/n/data1/hms/dbmi/park/DATA/ICGC/PCAWG_Final_Datasets_DCC/consensus_snv_indel/merged_snv_mnv/3d477ac1-3bdf-4410-9594-1a3a1412c6ae.consensus.20160830.somatic.snv_mnv.vcf.gz	/n/data1/hms/dbmi/park/DATA/ICGC/PCAWG_Final_Datasets_DCC/consensus_cnv/segmented_cn/3d477ac1-3bdf-4410-9594-1a3a1412c6ae.consensus.20170119.somatic.cna.txt
3da169e8-844a-4eee-b794-a2eb81db779a	/n/data1/hms/dbmi/park/DATA/ICGC/PCAWG_Final_Datasets_DCC/consensus_snv_indel/merged_snv_mnv/3da169e8-844a-4eee-b794-a2eb81db779a.consensus.20160830.somatic.snv_mnv.vcf.gz	/n/data1/hms/dbmi/park/DATA/ICGC/PCAWG_Final_Datasets_DCC/consensus_cnv/segmented_cn/3da169e8-844a-4eee-b794-a2eb81db779a.consensus.20170119.somatic.cna.txt
3db3b7b1-da1d-4b9c-a92a-c60fecf4328c	/n/data1/hms/dbmi/park/DATA/ICGC/PCAWG_Final_Datasets_DCC/consensus_snv_indel/merged_snv_mnv/3db3b7b1-da1d-4b9c-a92a-c60fecf4328c.consensus.20160830.somatic.snv_mnv.vcf.gz	/n/data1/hms/dbmi/park/DATA/ICGC/PCAWG_Final_Datasets_DCC/consensus_cnv/segmented_cn/3db3b7b1-da1d-4b9c-a92a-c60fecf4328c.consensus.20170119.somatic.cna.txt
3db6e6cc-1a06-49b9-834e-b6611cde4c4b	/n/data1/hms/dbmi/park/DATA/ICGC/PCAWG_Final_Datasets_DCC/consensus_snv_indel/merged_snv_mnv/3db6e6cc-1a06-49b9-834e-b6611cde4c4b.consensus.20160830.somatic.snv_mnv.vcf.gz	/n/data1/hms/dbmi/park/DATA/ICGC/PCAWG_Final_Datasets_DCC/consensus_cnv/segmented_cn/3db6e6cc-1a06-49b9-834e-b6611cde4c4b.consensus.20170119.somatic.cna.txt
3de261ea-6478-4f96-8ca1-30be130e945f	/n/data1/hms/dbmi/park/DATA/ICGC/PCAWG_Final_Datasets_DCC/consensus_snv_indel/merged_snv_mnv/3de261ea-6478-4f96-8ca1-30be130e945f.consensus.20160830.somatic.snv_mnv.vcf.gz	/n/data1/hms/dbmi/park/DATA/ICGC/PCAWG_Final_Datasets_DCC/consensus_cnv/segmented_cn/3de261ea-6478-4f96-8ca1-30be130e945f.consensus.20170119.somatic.cna.txt
3e012b50-06d1-4120-971b-5e54139b00ee	/n/data1/hms/dbmi/park/DATA/ICGC/PCAWG_Final_Datasets_DCC/consensus_snv_indel/merged_snv_mnv/3e012b50-06d1-4120-971b-5e54139b00ee.consensus.20160830.somatic.snv_mnv.vcf.gz	/n/data1/hms/dbmi/park/DATA/ICGC/PCAWG_Final_Datasets_DCC/consensus_cnv/segmented_cn/3e012b50-06d1-4120-971b-5e54139b00ee.consensus.20170119.somatic.cna.txt
3e1180a5-149c-4e6c-9a29-696e3ba567e3	/n/data1/hms/dbmi/park/DATA/ICGC/PCAWG_Final_Datasets_DCC/consensus_snv_indel/merged_snv_mnv/3e1180a5-149c-4e6c-9a29-696e3ba567e3.consensus.20160830.somatic.snv_mnv.vcf.gz	/n/data1/hms/dbmi/park/DATA/ICGC/PCAWG_Final_Datasets_DCC/consensus_cnv/segmented_cn/3e1180a5-149c-4e6c-9a29-696e3ba567e3.consensus.20170119.somatic.cna.txt
3e2a85d0-c622-11e3-bf01-24c6515278c0	/n/data1/hms/dbmi/park/DATA/ICGC/PCAWG_Final_Datasets_DCC/consensus_snv_indel/merged_snv_mnv/3e2a85d0-c622-11e3-bf01-24c6515278c0.consensus.20160830.somatic.snv_mnv.vcf.gz	/n/data1/hms/dbmi/park/DATA/ICGC/PCAWG_Final_Datasets_DCC/consensus_cnv/segmented_cn/3e2a85d0-c622-11e3-bf01-24c6515278c0.consensus.20170119.somatic.cna.txt
3e4d0e50-8cf4-4eb0-a00a-ccf0484ecc2f	/n/data1/hms/dbmi/park/DATA/ICGC/PCAWG_Final_Datasets_DCC/consensus_snv_indel/merged_snv_mnv/3e4d0e50-8cf4-4eb0-a00a-ccf0484ecc2f.consensus.20160830.somatic.snv_mnv.vcf.gz	/n/data1/hms/dbmi/park/DATA/ICGC/PCAWG_Final_Datasets_DCC/consensus_cnv/segmented_cn/3e4d0e50-8cf4-4eb0-a00a-ccf0484ecc2f.consensus.20170119.somatic.cna.txt
3e604a1c-b95f-44ff-9723-e2fac845da3b	/n/data1/hms/dbmi/park/DATA/ICGC/PCAWG_Final_Datasets_DCC/consensus_snv_indel/merged_snv_mnv/3e604a1c-b95f-44ff-9723-e2fac845da3b.consensus.20160830.somatic.snv_mnv.vcf.gz	/n/data1/hms/dbmi/park/DATA/ICGC/PCAWG_Final_Datasets_DCC/consensus_cnv/segmented_cn/3e604a1c-b95f-44ff-9723-e2fac845da3b.consensus.20170119.somatic.cna.txt
3e68233a-c623-11e3-bf01-24c6515278c0	/n/data1/hms/dbmi/park/DATA/ICGC/PCAWG_Final_Datasets_DCC/consensus_snv_indel/merged_snv_mnv/3e68233a-c623-11e3-bf01-24c6515278c0.consensus.20160830.somatic.snv_mnv.vcf.gz	/n/data1/hms/dbmi/park/DATA/ICGC/PCAWG_Final_Datasets_DCC/consensus_cnv/segmented_cn/3e68233a-c623-11e3-bf01-24c6515278c0.consensus.20170119.somatic.cna.txt
3e6a17f9-c249-41b6-ba49-55aaa39d21c5	/n/data1/hms/dbmi/park/DATA/ICGC/PCAWG_Final_Datasets_DCC/consensus_snv_indel/merged_snv_mnv/3e6a17f9-c249-41b6-ba49-55aaa39d21c5.consensus.20160830.somatic.snv_mnv.vcf.gz	/n/data1/hms/dbmi/park/DATA/ICGC/PCAWG_Final_Datasets_DCC/consensus_cnv/segmented_cn/3e6a17f9-c249-41b6-ba49-55aaa39d21c5.consensus.20170119.somatic.cna.txt
3e7a30e6-2202-40bd-bfc1-0383604050da	/n/data1/hms/dbmi/park/DATA/ICGC/PCAWG_Final_Datasets_DCC/consensus_snv_indel/merged_snv_mnv/3e7a30e6-2202-40bd-bfc1-0383604050da.consensus.20160830.somatic.snv_mnv.vcf.gz	/n/data1/hms/dbmi/park/DATA/ICGC/PCAWG_Final_Datasets_DCC/consensus_cnv/segmented_cn/3e7a30e6-2202-40bd-bfc1-0383604050da.consensus.20170119.somatic.cna.txt
3e7ccab5-5b1d-4147-b907-77cab8f0837e	/n/data1/hms/dbmi/park/DATA/ICGC/PCAWG_Final_Datasets_DCC/consensus_snv_indel/merged_snv_mnv/3e7ccab5-5b1d-4147-b907-77cab8f0837e.consensus.20160830.somatic.snv_mnv.vcf.gz	/n/data1/hms/dbmi/park/DATA/ICGC/PCAWG_Final_Datasets_DCC/consensus_cnv/segmented_cn/3e7ccab5-5b1d-4147-b907-77cab8f0837e.consensus.20170119.somatic.cna.txt
3e86e68b-d083-4450-b056-4cd0f8d4a084	/n/data1/hms/dbmi/park/DATA/ICGC/PCAWG_Final_Datasets_DCC/consensus_snv_indel/merged_snv_mnv/3e86e68b-d083-4450-b056-4cd0f8d4a084.consensus.20160830.somatic.snv_mnv.vcf.gz	/n/data1/hms/dbmi/park/DATA/ICGC/PCAWG_Final_Datasets_DCC/consensus_cnv/segmented_cn/3e86e68b-d083-4450-b056-4cd0f8d4a084.consensus.20170119.somatic.cna.txt
3e8a2c90-e747-4a22-bc9e-0b062479fec2	/n/data1/hms/dbmi/park/DATA/ICGC/PCAWG_Final_Datasets_DCC/consensus_snv_indel/merged_snv_mnv/3e8a2c90-e747-4a22-bc9e-0b062479fec2.consensus.20160830.somatic.snv_mnv.vcf.gz	/n/data1/hms/dbmi/park/DATA/ICGC/PCAWG_Final_Datasets_DCC/consensus_cnv/segmented_cn/3e8a2c90-e747-4a22-bc9e-0b062479fec2.consensus.20170119.somatic.cna.txt
3e94aa64-7dd3-4d63-a5de-b4050d3dfafa	/n/data1/hms/dbmi/park/DATA/ICGC/PCAWG_Final_Datasets_DCC/consensus_snv_indel/merged_snv_mnv/3e94aa64-7dd3-4d63-a5de-b4050d3dfafa.consensus.20160830.somatic.snv_mnv.vcf.gz	/n/data1/hms/dbmi/park/DATA/ICGC/PCAWG_Final_Datasets_DCC/consensus_cnv/segmented_cn/3e94aa64-7dd3-4d63-a5de-b4050d3dfafa.consensus.20170119.somatic.cna.txt
3ed783cf-2248-44a1-a2a2-d6b6519b91ef	/n/data1/hms/dbmi/park/DATA/ICGC/PCAWG_Final_Datasets_DCC/consensus_snv_indel/merged_snv_mnv/3ed783cf-2248-44a1-a2a2-d6b6519b91ef.consensus.20160830.somatic.snv_mnv.vcf.gz	/n/data1/hms/dbmi/park/DATA/ICGC/PCAWG_Final_Datasets_DCC/consensus_cnv/segmented_cn/3ed783cf-2248-44a1-a2a2-d6b6519b91ef.consensus.20170119.somatic.cna.txt
3ee54a3c-69ba-479a-b1fe-79917e1b6dd5	/n/data1/hms/dbmi/park/DATA/ICGC/PCAWG_Final_Datasets_DCC/consensus_snv_indel/merged_snv_mnv/3ee54a3c-69ba-479a-b1fe-79917e1b6dd5.consensus.20160830.somatic.snv_mnv.vcf.gz	/n/data1/hms/dbmi/park/DATA/ICGC/PCAWG_Final_Datasets_DCC/consensus_cnv/segmented_cn/3ee54a3c-69ba-479a-b1fe-79917e1b6dd5.consensus.20170119.somatic.cna.txt
3f039593-91d1-43cb-a06b-41e92f7e8d20	/n/data1/hms/dbmi/park/DATA/ICGC/PCAWG_Final_Datasets_DCC/consensus_snv_indel/merged_snv_mnv/3f039593-91d1-43cb-a06b-41e92f7e8d20.consensus.20160830.somatic.snv_mnv.vcf.gz	/n/data1/hms/dbmi/park/DATA/ICGC/PCAWG_Final_Datasets_DCC/consensus_cnv/segmented_cn/3f039593-91d1-43cb-a06b-41e92f7e8d20.consensus.20170119.somatic.cna.txt
3f2ecbcd-5c9e-4d57-8aa5-962e2e86a83c	/n/data1/hms/dbmi/park/DATA/ICGC/PCAWG_Final_Datasets_DCC/consensus_snv_indel/merged_snv_mnv/3f2ecbcd-5c9e-4d57-8aa5-962e2e86a83c.consensus.20160830.somatic.snv_mnv.vcf.gz	/n/data1/hms/dbmi/park/DATA/ICGC/PCAWG_Final_Datasets_DCC/consensus_cnv/segmented_cn/3f2ecbcd-5c9e-4d57-8aa5-962e2e86a83c.consensus.20170119.somatic.cna.txt
3f3aff50-d71b-44af-85d4-f81e813ea420	/n/data1/hms/dbmi/park/DATA/ICGC/PCAWG_Final_Datasets_DCC/consensus_snv_indel/merged_snv_mnv/3f3aff50-d71b-44af-85d4-f81e813ea420.consensus.20160830.somatic.snv_mnv.vcf.gz	/n/data1/hms/dbmi/park/DATA/ICGC/PCAWG_Final_Datasets_DCC/consensus_cnv/segmented_cn/3f3aff50-d71b-44af-85d4-f81e813ea420.consensus.20170119.somatic.cna.txt
3f72f750-5666-44e7-acaf-a912d89475be	/n/data1/hms/dbmi/park/DATA/ICGC/PCAWG_Final_Datasets_DCC/consensus_snv_indel/merged_snv_mnv/3f72f750-5666-44e7-acaf-a912d89475be.consensus.20160830.somatic.snv_mnv.vcf.gz	/n/data1/hms/dbmi/park/DATA/ICGC/PCAWG_Final_Datasets_DCC/consensus_cnv/segmented_cn/3f72f750-5666-44e7-acaf-a912d89475be.consensus.20170119.somatic.cna.txt
3f98d326-5676-4257-9af8-0a5f5d3c2527	/n/data1/hms/dbmi/park/DATA/ICGC/PCAWG_Final_Datasets_DCC/consensus_snv_indel/merged_snv_mnv/3f98d326-5676-4257-9af8-0a5f5d3c2527.consensus.20160830.somatic.snv_mnv.vcf.gz	/n/data1/hms/dbmi/park/DATA/ICGC/PCAWG_Final_Datasets_DCC/consensus_cnv/segmented_cn/3f98d326-5676-4257-9af8-0a5f5d3c2527.consensus.20170119.somatic.cna.txt
3f99ae0e-c623-11e3-bf01-24c6515278c0	/n/data1/hms/dbmi/park/DATA/ICGC/PCAWG_Final_Datasets_DCC/consensus_snv_indel/merged_snv_mnv/3f99ae0e-c623-11e3-bf01-24c6515278c0.consensus.20160830.somatic.snv_mnv.vcf.gz	/n/data1/hms/dbmi/park/DATA/ICGC/PCAWG_Final_Datasets_DCC/consensus_cnv/segmented_cn/3f99ae0e-c623-11e3-bf01-24c6515278c0.consensus.20170119.somatic.cna.txt
3faeb03e-c622-11e3-bf01-24c6515278c0	/n/data1/hms/dbmi/park/DATA/ICGC/PCAWG_Final_Datasets_DCC/consensus_snv_indel/merged_snv_mnv/3faeb03e-c622-11e3-bf01-24c6515278c0.consensus.20160830.somatic.snv_mnv.vcf.gz	/n/data1/hms/dbmi/park/DATA/ICGC/PCAWG_Final_Datasets_DCC/consensus_cnv/segmented_cn/3faeb03e-c622-11e3-bf01-24c6515278c0.consensus.20170119.somatic.cna.txt
3fb8f017-576f-4901-b8bf-3a58e5d43de3	/n/data1/hms/dbmi/park/DATA/ICGC/PCAWG_Final_Datasets_DCC/consensus_snv_indel/merged_snv_mnv/3fb8f017-576f-4901-b8bf-3a58e5d43de3.consensus.20160830.somatic.snv_mnv.vcf.gz	/n/data1/hms/dbmi/park/DATA/ICGC/PCAWG_Final_Datasets_DCC/consensus_cnv/segmented_cn/3fb8f017-576f-4901-b8bf-3a58e5d43de3.consensus.20170119.somatic.cna.txt
3fba4880-cb7b-4ac5-ab5f-728614faa1ea	/n/data1/hms/dbmi/park/DATA/ICGC/PCAWG_Final_Datasets_DCC/consensus_snv_indel/merged_snv_mnv/3fba4880-cb7b-4ac5-ab5f-728614faa1ea.consensus.20160830.somatic.snv_mnv.vcf.gz	/n/data1/hms/dbmi/park/DATA/ICGC/PCAWG_Final_Datasets_DCC/consensus_cnv/segmented_cn/3fba4880-cb7b-4ac5-ab5f-728614faa1ea.consensus.20170119.somatic.cna.txt
3feac02a-c99f-4dd9-9eff-e4f5e87f7dc5	/n/data1/hms/dbmi/park/DATA/ICGC/PCAWG_Final_Datasets_DCC/consensus_snv_indel/merged_snv_mnv/3feac02a-c99f-4dd9-9eff-e4f5e87f7dc5.consensus.20160830.somatic.snv_mnv.vcf.gz	/n/data1/hms/dbmi/park/DATA/ICGC/PCAWG_Final_Datasets_DCC/consensus_cnv/segmented_cn/3feac02a-c99f-4dd9-9eff-e4f5e87f7dc5.consensus.20170119.somatic.cna.txt
4019c219-c51e-479f-8a9d-cfa6816ed696	/n/data1/hms/dbmi/park/DATA/ICGC/PCAWG_Final_Datasets_DCC/consensus_snv_indel/merged_snv_mnv/4019c219-c51e-479f-8a9d-cfa6816ed696.consensus.20160830.somatic.snv_mnv.vcf.gz	/n/data1/hms/dbmi/park/DATA/ICGC/PCAWG_Final_Datasets_DCC/consensus_cnv/segmented_cn/4019c219-c51e-479f-8a9d-cfa6816ed696.consensus.20170119.somatic.cna.txt
40378b7a-a65d-4510-aaba-a34c4058fac7	/n/data1/hms/dbmi/park/DATA/ICGC/PCAWG_Final_Datasets_DCC/consensus_snv_indel/merged_snv_mnv/40378b7a-a65d-4510-aaba-a34c4058fac7.consensus.20160830.somatic.snv_mnv.vcf.gz	/n/data1/hms/dbmi/park/DATA/ICGC/PCAWG_Final_Datasets_DCC/consensus_cnv/segmented_cn/40378b7a-a65d-4510-aaba-a34c4058fac7.consensus.20170119.somatic.cna.txt
408ed640-75f6-4346-bdd0-3b93c51adae5	/n/data1/hms/dbmi/park/DATA/ICGC/PCAWG_Final_Datasets_DCC/consensus_snv_indel/merged_snv_mnv/408ed640-75f6-4346-bdd0-3b93c51adae5.consensus.20160830.somatic.snv_mnv.vcf.gz	/n/data1/hms/dbmi/park/DATA/ICGC/PCAWG_Final_Datasets_DCC/consensus_cnv/segmented_cn/408ed640-75f6-4346-bdd0-3b93c51adae5.consensus.20170119.somatic.cna.txt
40b1e928-c623-11e3-bf01-24c6515278c0	/n/data1/hms/dbmi/park/DATA/ICGC/PCAWG_Final_Datasets_DCC/consensus_snv_indel/merged_snv_mnv/40b1e928-c623-11e3-bf01-24c6515278c0.consensus.20160830.somatic.snv_mnv.vcf.gz	/n/data1/hms/dbmi/park/DATA/ICGC/PCAWG_Final_Datasets_DCC/consensus_cnv/segmented_cn/40b1e928-c623-11e3-bf01-24c6515278c0.consensus.20170119.somatic.cna.txt
41027c0b-85af-4c78-bba0-0da63cd75fa9	/n/data1/hms/dbmi/park/DATA/ICGC/PCAWG_Final_Datasets_DCC/consensus_snv_indel/merged_snv_mnv/41027c0b-85af-4c78-bba0-0da63cd75fa9.consensus.20160830.somatic.snv_mnv.vcf.gz	/n/data1/hms/dbmi/park/DATA/ICGC/PCAWG_Final_Datasets_DCC/consensus_cnv/segmented_cn/41027c0b-85af-4c78-bba0-0da63cd75fa9.consensus.20170119.somatic.cna.txt
41840dc1-5ea2-4f01-a0d4-8b65add641c8	/n/data1/hms/dbmi/park/DATA/ICGC/PCAWG_Final_Datasets_DCC/consensus_snv_indel/merged_snv_mnv/41840dc1-5ea2-4f01-a0d4-8b65add641c8.consensus.20160830.somatic.snv_mnv.vcf.gz	/n/data1/hms/dbmi/park/DATA/ICGC/PCAWG_Final_Datasets_DCC/consensus_cnv/segmented_cn/41840dc1-5ea2-4f01-a0d4-8b65add641c8.consensus.20170119.somatic.cna.txt
418a3dec-96ff-4719-becb-e1a8260cce2f	/n/data1/hms/dbmi/park/DATA/ICGC/PCAWG_Final_Datasets_DCC/consensus_snv_indel/merged_snv_mnv/418a3dec-96ff-4719-becb-e1a8260cce2f.consensus.20160830.somatic.snv_mnv.vcf.gz	/n/data1/hms/dbmi/park/DATA/ICGC/PCAWG_Final_Datasets_DCC/consensus_cnv/segmented_cn/418a3dec-96ff-4719-becb-e1a8260cce2f.consensus.20170119.somatic.cna.txt
418e916b-7a4e-4fab-8616-15dcec4d79f8	/n/data1/hms/dbmi/park/DATA/ICGC/PCAWG_Final_Datasets_DCC/consensus_snv_indel/merged_snv_mnv/418e916b-7a4e-4fab-8616-15dcec4d79f8.consensus.20160830.somatic.snv_mnv.vcf.gz	/n/data1/hms/dbmi/park/DATA/ICGC/PCAWG_Final_Datasets_DCC/consensus_cnv/segmented_cn/418e916b-7a4e-4fab-8616-15dcec4d79f8.consensus.20170119.somatic.cna.txt
41a7b031-d928-4a1f-891b-82fb3f6d548f	/n/data1/hms/dbmi/park/DATA/ICGC/PCAWG_Final_Datasets_DCC/consensus_snv_indel/merged_snv_mnv/41a7b031-d928-4a1f-891b-82fb3f6d548f.consensus.20160830.somatic.snv_mnv.vcf.gz	/n/data1/hms/dbmi/park/DATA/ICGC/PCAWG_Final_Datasets_DCC/consensus_cnv/segmented_cn/41a7b031-d928-4a1f-891b-82fb3f6d548f.consensus.20170119.somatic.cna.txt
41c565a9-d44a-447f-85c0-98f23bfee1b3	/n/data1/hms/dbmi/park/DATA/ICGC/PCAWG_Final_Datasets_DCC/consensus_snv_indel/merged_snv_mnv/41c565a9-d44a-447f-85c0-98f23bfee1b3.consensus.20160830.somatic.snv_mnv.vcf.gz	/n/data1/hms/dbmi/park/DATA/ICGC/PCAWG_Final_Datasets_DCC/consensus_cnv/segmented_cn/41c565a9-d44a-447f-85c0-98f23bfee1b3.consensus.20170119.somatic.cna.txt
41d50a3c-49fc-4d8a-9c25-bbbcd3a5da6f	/n/data1/hms/dbmi/park/DATA/ICGC/PCAWG_Final_Datasets_DCC/consensus_snv_indel/merged_snv_mnv/41d50a3c-49fc-4d8a-9c25-bbbcd3a5da6f.consensus.20160830.somatic.snv_mnv.vcf.gz	/n/data1/hms/dbmi/park/DATA/ICGC/PCAWG_Final_Datasets_DCC/consensus_cnv/segmented_cn/41d50a3c-49fc-4d8a-9c25-bbbcd3a5da6f.consensus.20170119.somatic.cna.txt
41dba8d1-8aad-474c-a82b-20b28ab818bd	/n/data1/hms/dbmi/park/DATA/ICGC/PCAWG_Final_Datasets_DCC/consensus_snv_indel/merged_snv_mnv/41dba8d1-8aad-474c-a82b-20b28ab818bd.consensus.20160830.somatic.snv_mnv.vcf.gz	/n/data1/hms/dbmi/park/DATA/ICGC/PCAWG_Final_Datasets_DCC/consensus_cnv/segmented_cn/41dba8d1-8aad-474c-a82b-20b28ab818bd.consensus.20170119.somatic.cna.txt
41de507a-c623-11e3-bf01-24c6515278c0	/n/data1/hms/dbmi/park/DATA/ICGC/PCAWG_Final_Datasets_DCC/consensus_snv_indel/merged_snv_mnv/41de507a-c623-11e3-bf01-24c6515278c0.consensus.20160830.somatic.snv_mnv.vcf.gz	/n/data1/hms/dbmi/park/DATA/ICGC/PCAWG_Final_Datasets_DCC/consensus_cnv/segmented_cn/41de507a-c623-11e3-bf01-24c6515278c0.consensus.20170119.somatic.cna.txt
41f140b8-72b9-4ae3-8b25-6144d9f94d0f	/n/data1/hms/dbmi/park/DATA/ICGC/PCAWG_Final_Datasets_DCC/consensus_snv_indel/merged_snv_mnv/41f140b8-72b9-4ae3-8b25-6144d9f94d0f.consensus.20160830.somatic.snv_mnv.vcf.gz	/n/data1/hms/dbmi/park/DATA/ICGC/PCAWG_Final_Datasets_DCC/consensus_cnv/segmented_cn/41f140b8-72b9-4ae3-8b25-6144d9f94d0f.consensus.20170119.somatic.cna.txt
42465bbd-289b-4e96-98fe-76809c5e1520	/n/data1/hms/dbmi/park/DATA/ICGC/PCAWG_Final_Datasets_DCC/consensus_snv_indel/merged_snv_mnv/42465bbd-289b-4e96-98fe-76809c5e1520.consensus.20160830.somatic.snv_mnv.vcf.gz	/n/data1/hms/dbmi/park/DATA/ICGC/PCAWG_Final_Datasets_DCC/consensus_cnv/segmented_cn/42465bbd-289b-4e96-98fe-76809c5e1520.consensus.20170119.somatic.cna.txt
4255582e-c622-11e3-bf01-24c6515278c0	/n/data1/hms/dbmi/park/DATA/ICGC/PCAWG_Final_Datasets_DCC/consensus_snv_indel/merged_snv_mnv/4255582e-c622-11e3-bf01-24c6515278c0.consensus.20160830.somatic.snv_mnv.vcf.gz	/n/data1/hms/dbmi/park/DATA/ICGC/PCAWG_Final_Datasets_DCC/consensus_cnv/segmented_cn/4255582e-c622-11e3-bf01-24c6515278c0.consensus.20170119.somatic.cna.txt
42629ae0-9410-4fac-8df1-2c276467deb5	/n/data1/hms/dbmi/park/DATA/ICGC/PCAWG_Final_Datasets_DCC/consensus_snv_indel/merged_snv_mnv/42629ae0-9410-4fac-8df1-2c276467deb5.consensus.20160830.somatic.snv_mnv.vcf.gz	/n/data1/hms/dbmi/park/DATA/ICGC/PCAWG_Final_Datasets_DCC/consensus_cnv/segmented_cn/42629ae0-9410-4fac-8df1-2c276467deb5.consensus.20170119.somatic.cna.txt
4283773c-c04b-4f33-a398-f3566f6d293a	/n/data1/hms/dbmi/park/DATA/ICGC/PCAWG_Final_Datasets_DCC/consensus_snv_indel/merged_snv_mnv/4283773c-c04b-4f33-a398-f3566f6d293a.consensus.20160830.somatic.snv_mnv.vcf.gz	/n/data1/hms/dbmi/park/DATA/ICGC/PCAWG_Final_Datasets_DCC/consensus_cnv/segmented_cn/4283773c-c04b-4f33-a398-f3566f6d293a.consensus.20170119.somatic.cna.txt
428c100f-d7d0-4860-a8fc-2bae6a4bba95	/n/data1/hms/dbmi/park/DATA/ICGC/PCAWG_Final_Datasets_DCC/consensus_snv_indel/merged_snv_mnv/428c100f-d7d0-4860-a8fc-2bae6a4bba95.consensus.20160830.somatic.snv_mnv.vcf.gz	/n/data1/hms/dbmi/park/DATA/ICGC/PCAWG_Final_Datasets_DCC/consensus_cnv/segmented_cn/428c100f-d7d0-4860-a8fc-2bae6a4bba95.consensus.20170119.somatic.cna.txt
429aad6f-816d-4739-baa3-b0ebf2fcd501	/n/data1/hms/dbmi/park/DATA/ICGC/PCAWG_Final_Datasets_DCC/consensus_snv_indel/merged_snv_mnv/429aad6f-816d-4739-baa3-b0ebf2fcd501.consensus.20160830.somatic.snv_mnv.vcf.gz	/n/data1/hms/dbmi/park/DATA/ICGC/PCAWG_Final_Datasets_DCC/consensus_cnv/segmented_cn/429aad6f-816d-4739-baa3-b0ebf2fcd501.consensus.20170119.somatic.cna.txt
42a548f0-d86a-4273-8bda-be0fe6a53b20	/n/data1/hms/dbmi/park/DATA/ICGC/PCAWG_Final_Datasets_DCC/consensus_snv_indel/merged_snv_mnv/42a548f0-d86a-4273-8bda-be0fe6a53b20.consensus.20160830.somatic.snv_mnv.vcf.gz	/n/data1/hms/dbmi/park/DATA/ICGC/PCAWG_Final_Datasets_DCC/consensus_cnv/segmented_cn/42a548f0-d86a-4273-8bda-be0fe6a53b20.consensus.20170119.somatic.cna.txt
42af8f74-fd4b-486d-bc11-db53cc471d62	/n/data1/hms/dbmi/park/DATA/ICGC/PCAWG_Final_Datasets_DCC/consensus_snv_indel/merged_snv_mnv/42af8f74-fd4b-486d-bc11-db53cc471d62.consensus.20160830.somatic.snv_mnv.vcf.gz	/n/data1/hms/dbmi/park/DATA/ICGC/PCAWG_Final_Datasets_DCC/consensus_cnv/segmented_cn/42af8f74-fd4b-486d-bc11-db53cc471d62.consensus.20170119.somatic.cna.txt
42d20028-0ddc-4dac-9f05-d674f8915f21	/n/data1/hms/dbmi/park/DATA/ICGC/PCAWG_Final_Datasets_DCC/consensus_snv_indel/merged_snv_mnv/42d20028-0ddc-4dac-9f05-d674f8915f21.consensus.20160830.somatic.snv_mnv.vcf.gz	/n/data1/hms/dbmi/park/DATA/ICGC/PCAWG_Final_Datasets_DCC/consensus_cnv/segmented_cn/42d20028-0ddc-4dac-9f05-d674f8915f21.consensus.20170119.somatic.cna.txt
42de1441-6f3c-4b4d-b8b8-ad91e4b1dbe2	/n/data1/hms/dbmi/park/DATA/ICGC/PCAWG_Final_Datasets_DCC/consensus_snv_indel/merged_snv_mnv/42de1441-6f3c-4b4d-b8b8-ad91e4b1dbe2.consensus.20160830.somatic.snv_mnv.vcf.gz	/n/data1/hms/dbmi/park/DATA/ICGC/PCAWG_Final_Datasets_DCC/consensus_cnv/segmented_cn/42de1441-6f3c-4b4d-b8b8-ad91e4b1dbe2.consensus.20170119.somatic.cna.txt
42e92d78-c623-11e3-bf01-24c6515278c0	/n/data1/hms/dbmi/park/DATA/ICGC/PCAWG_Final_Datasets_DCC/consensus_snv_indel/merged_snv_mnv/42e92d78-c623-11e3-bf01-24c6515278c0.consensus.20160830.somatic.snv_mnv.vcf.gz	/n/data1/hms/dbmi/park/DATA/ICGC/PCAWG_Final_Datasets_DCC/consensus_cnv/segmented_cn/42e92d78-c623-11e3-bf01-24c6515278c0.consensus.20170119.somatic.cna.txt
42f00950-09c9-461a-8423-d5b04a96af10	/n/data1/hms/dbmi/park/DATA/ICGC/PCAWG_Final_Datasets_DCC/consensus_snv_indel/merged_snv_mnv/42f00950-09c9-461a-8423-d5b04a96af10.consensus.20160830.somatic.snv_mnv.vcf.gz	/n/data1/hms/dbmi/park/DATA/ICGC/PCAWG_Final_Datasets_DCC/consensus_cnv/segmented_cn/42f00950-09c9-461a-8423-d5b04a96af10.consensus.20170119.somatic.cna.txt
42f88b95-fa12-47c7-93f1-cf72f207291c	/n/data1/hms/dbmi/park/DATA/ICGC/PCAWG_Final_Datasets_DCC/consensus_snv_indel/merged_snv_mnv/42f88b95-fa12-47c7-93f1-cf72f207291c.consensus.20160830.somatic.snv_mnv.vcf.gz	/n/data1/hms/dbmi/park/DATA/ICGC/PCAWG_Final_Datasets_DCC/consensus_cnv/segmented_cn/42f88b95-fa12-47c7-93f1-cf72f207291c.consensus.20170119.somatic.cna.txt
43206cb7-787d-4f68-8019-55e8585c4b4d	/n/data1/hms/dbmi/park/DATA/ICGC/PCAWG_Final_Datasets_DCC/consensus_snv_indel/merged_snv_mnv/43206cb7-787d-4f68-8019-55e8585c4b4d.consensus.20160830.somatic.snv_mnv.vcf.gz	/n/data1/hms/dbmi/park/DATA/ICGC/PCAWG_Final_Datasets_DCC/consensus_cnv/segmented_cn/43206cb7-787d-4f68-8019-55e8585c4b4d.consensus.20170119.somatic.cna.txt
436af904-65b2-4196-ad8c-a4e98081ee41	/n/data1/hms/dbmi/park/DATA/ICGC/PCAWG_Final_Datasets_DCC/consensus_snv_indel/merged_snv_mnv/436af904-65b2-4196-ad8c-a4e98081ee41.consensus.20160830.somatic.snv_mnv.vcf.gz	/n/data1/hms/dbmi/park/DATA/ICGC/PCAWG_Final_Datasets_DCC/consensus_cnv/segmented_cn/436af904-65b2-4196-ad8c-a4e98081ee41.consensus.20170119.somatic.cna.txt
43aa4123-0fe2-4071-8a81-cbdd0410b917	/n/data1/hms/dbmi/park/DATA/ICGC/PCAWG_Final_Datasets_DCC/consensus_snv_indel/merged_snv_mnv/43aa4123-0fe2-4071-8a81-cbdd0410b917.consensus.20160830.somatic.snv_mnv.vcf.gz	/n/data1/hms/dbmi/park/DATA/ICGC/PCAWG_Final_Datasets_DCC/consensus_cnv/segmented_cn/43aa4123-0fe2-4071-8a81-cbdd0410b917.consensus.20170119.somatic.cna.txt
43b675e0-22e0-42d6-a060-afc93e22ac95	/n/data1/hms/dbmi/park/DATA/ICGC/PCAWG_Final_Datasets_DCC/consensus_snv_indel/merged_snv_mnv/43b675e0-22e0-42d6-a060-afc93e22ac95.consensus.20160830.somatic.snv_mnv.vcf.gz	/n/data1/hms/dbmi/park/DATA/ICGC/PCAWG_Final_Datasets_DCC/consensus_cnv/segmented_cn/43b675e0-22e0-42d6-a060-afc93e22ac95.consensus.20170119.somatic.cna.txt
43be43cb-a367-4a74-94e4-973acafcf576	/n/data1/hms/dbmi/park/DATA/ICGC/PCAWG_Final_Datasets_DCC/consensus_snv_indel/merged_snv_mnv/43be43cb-a367-4a74-94e4-973acafcf576.consensus.20160830.somatic.snv_mnv.vcf.gz	/n/data1/hms/dbmi/park/DATA/ICGC/PCAWG_Final_Datasets_DCC/consensus_cnv/segmented_cn/43be43cb-a367-4a74-94e4-973acafcf576.consensus.20170119.somatic.cna.txt
43bf37e0-3dbc-4360-818c-fc1356d77495	/n/data1/hms/dbmi/park/DATA/ICGC/PCAWG_Final_Datasets_DCC/consensus_snv_indel/merged_snv_mnv/43bf37e0-3dbc-4360-818c-fc1356d77495.consensus.20160830.somatic.snv_mnv.vcf.gz	/n/data1/hms/dbmi/park/DATA/ICGC/PCAWG_Final_Datasets_DCC/consensus_cnv/segmented_cn/43bf37e0-3dbc-4360-818c-fc1356d77495.consensus.20170119.somatic.cna.txt
43d630aa-3890-401c-bf56-e3a9f325734f	/n/data1/hms/dbmi/park/DATA/ICGC/PCAWG_Final_Datasets_DCC/consensus_snv_indel/merged_snv_mnv/43d630aa-3890-401c-bf56-e3a9f325734f.consensus.20160830.somatic.snv_mnv.vcf.gz	/n/data1/hms/dbmi/park/DATA/ICGC/PCAWG_Final_Datasets_DCC/consensus_cnv/segmented_cn/43d630aa-3890-401c-bf56-e3a9f325734f.consensus.20170119.somatic.cna.txt
43dadc68-c623-11e3-bf01-24c6515278c0	/n/data1/hms/dbmi/park/DATA/ICGC/PCAWG_Final_Datasets_DCC/consensus_snv_indel/merged_snv_mnv/43dadc68-c623-11e3-bf01-24c6515278c0.consensus.20160830.somatic.snv_mnv.vcf.gz	/n/data1/hms/dbmi/park/DATA/ICGC/PCAWG_Final_Datasets_DCC/consensus_cnv/segmented_cn/43dadc68-c623-11e3-bf01-24c6515278c0.consensus.20170119.somatic.cna.txt
43f7a2e0-fec9-4e43-872d-18c6c946fa17	/n/data1/hms/dbmi/park/DATA/ICGC/PCAWG_Final_Datasets_DCC/consensus_snv_indel/merged_snv_mnv/43f7a2e0-fec9-4e43-872d-18c6c946fa17.consensus.20160830.somatic.snv_mnv.vcf.gz	/n/data1/hms/dbmi/park/DATA/ICGC/PCAWG_Final_Datasets_DCC/consensus_cnv/segmented_cn/43f7a2e0-fec9-4e43-872d-18c6c946fa17.consensus.20170119.somatic.cna.txt
44083f54-0953-48e3-a704-11ad0988ad2e	/n/data1/hms/dbmi/park/DATA/ICGC/PCAWG_Final_Datasets_DCC/consensus_snv_indel/merged_snv_mnv/44083f54-0953-48e3-a704-11ad0988ad2e.consensus.20160830.somatic.snv_mnv.vcf.gz	/n/data1/hms/dbmi/park/DATA/ICGC/PCAWG_Final_Datasets_DCC/consensus_cnv/segmented_cn/44083f54-0953-48e3-a704-11ad0988ad2e.consensus.20170119.somatic.cna.txt
441d2f21-b448-4fc8-8c54-9b85aca56237	/n/data1/hms/dbmi/park/DATA/ICGC/PCAWG_Final_Datasets_DCC/consensus_snv_indel/merged_snv_mnv/441d2f21-b448-4fc8-8c54-9b85aca56237.consensus.20160830.somatic.snv_mnv.vcf.gz	/n/data1/hms/dbmi/park/DATA/ICGC/PCAWG_Final_Datasets_DCC/consensus_cnv/segmented_cn/441d2f21-b448-4fc8-8c54-9b85aca56237.consensus.20170119.somatic.cna.txt
44406493-37f4-48c7-961b-8714be50773a	/n/data1/hms/dbmi/park/DATA/ICGC/PCAWG_Final_Datasets_DCC/consensus_snv_indel/merged_snv_mnv/44406493-37f4-48c7-961b-8714be50773a.consensus.20160830.somatic.snv_mnv.vcf.gz	/n/data1/hms/dbmi/park/DATA/ICGC/PCAWG_Final_Datasets_DCC/consensus_cnv/segmented_cn/44406493-37f4-48c7-961b-8714be50773a.consensus.20170119.somatic.cna.txt
446437de-c622-11e3-bf01-24c6515278c0	/n/data1/hms/dbmi/park/DATA/ICGC/PCAWG_Final_Datasets_DCC/consensus_snv_indel/merged_snv_mnv/446437de-c622-11e3-bf01-24c6515278c0.consensus.20160830.somatic.snv_mnv.vcf.gz	/n/data1/hms/dbmi/park/DATA/ICGC/PCAWG_Final_Datasets_DCC/consensus_cnv/segmented_cn/446437de-c622-11e3-bf01-24c6515278c0.consensus.20170119.somatic.cna.txt
448af8b4-e071-48b0-a65b-b4ad17afdc0c	/n/data1/hms/dbmi/park/DATA/ICGC/PCAWG_Final_Datasets_DCC/consensus_snv_indel/merged_snv_mnv/448af8b4-e071-48b0-a65b-b4ad17afdc0c.consensus.20160830.somatic.snv_mnv.vcf.gz	/n/data1/hms/dbmi/park/DATA/ICGC/PCAWG_Final_Datasets_DCC/consensus_cnv/segmented_cn/448af8b4-e071-48b0-a65b-b4ad17afdc0c.consensus.20170119.somatic.cna.txt
448fe471-3f4e-4dc8-a4e0-6f147dc93abe	/n/data1/hms/dbmi/park/DATA/ICGC/PCAWG_Final_Datasets_DCC/consensus_snv_indel/merged_snv_mnv/448fe471-3f4e-4dc8-a4e0-6f147dc93abe.consensus.20160830.somatic.snv_mnv.vcf.gz	/n/data1/hms/dbmi/park/DATA/ICGC/PCAWG_Final_Datasets_DCC/consensus_cnv/segmented_cn/448fe471-3f4e-4dc8-a4e0-6f147dc93abe.consensus.20170119.somatic.cna.txt
44e4f08a-c623-11e3-bf01-24c6515278c0	/n/data1/hms/dbmi/park/DATA/ICGC/PCAWG_Final_Datasets_DCC/consensus_snv_indel/merged_snv_mnv/44e4f08a-c623-11e3-bf01-24c6515278c0.consensus.20160830.somatic.snv_mnv.vcf.gz	/n/data1/hms/dbmi/park/DATA/ICGC/PCAWG_Final_Datasets_DCC/consensus_cnv/segmented_cn/44e4f08a-c623-11e3-bf01-24c6515278c0.consensus.20170119.somatic.cna.txt
44eebc04-c027-45ae-beca-c4012b494f29	/n/data1/hms/dbmi/park/DATA/ICGC/PCAWG_Final_Datasets_DCC/consensus_snv_indel/merged_snv_mnv/44eebc04-c027-45ae-beca-c4012b494f29.consensus.20160830.somatic.snv_mnv.vcf.gz	/n/data1/hms/dbmi/park/DATA/ICGC/PCAWG_Final_Datasets_DCC/consensus_cnv/segmented_cn/44eebc04-c027-45ae-beca-c4012b494f29.consensus.20170119.somatic.cna.txt
4508ce0a-5a2e-4502-98e9-2fd76c4eebef	/n/data1/hms/dbmi/park/DATA/ICGC/PCAWG_Final_Datasets_DCC/consensus_snv_indel/merged_snv_mnv/4508ce0a-5a2e-4502-98e9-2fd76c4eebef.consensus.20160830.somatic.snv_mnv.vcf.gz	/n/data1/hms/dbmi/park/DATA/ICGC/PCAWG_Final_Datasets_DCC/consensus_cnv/segmented_cn/4508ce0a-5a2e-4502-98e9-2fd76c4eebef.consensus.20170119.somatic.cna.txt
450e8eba-a3a9-4dcb-b423-e33dfcd5c34e	/n/data1/hms/dbmi/park/DATA/ICGC/PCAWG_Final_Datasets_DCC/consensus_snv_indel/merged_snv_mnv/450e8eba-a3a9-4dcb-b423-e33dfcd5c34e.consensus.20160830.somatic.snv_mnv.vcf.gz	/n/data1/hms/dbmi/park/DATA/ICGC/PCAWG_Final_Datasets_DCC/consensus_cnv/segmented_cn/450e8eba-a3a9-4dcb-b423-e33dfcd5c34e.consensus.20170119.somatic.cna.txt
45348eff-4b09-4776-825e-b18de9dba937	/n/data1/hms/dbmi/park/DATA/ICGC/PCAWG_Final_Datasets_DCC/consensus_snv_indel/merged_snv_mnv/45348eff-4b09-4776-825e-b18de9dba937.consensus.20160830.somatic.snv_mnv.vcf.gz	/n/data1/hms/dbmi/park/DATA/ICGC/PCAWG_Final_Datasets_DCC/consensus_cnv/segmented_cn/45348eff-4b09-4776-825e-b18de9dba937.consensus.20170119.somatic.cna.txt
45614404-2149-4468-848c-0796e3757d62	/n/data1/hms/dbmi/park/DATA/ICGC/PCAWG_Final_Datasets_DCC/consensus_snv_indel/merged_snv_mnv/45614404-2149-4468-848c-0796e3757d62.consensus.20160830.somatic.snv_mnv.vcf.gz	/n/data1/hms/dbmi/park/DATA/ICGC/PCAWG_Final_Datasets_DCC/consensus_cnv/segmented_cn/45614404-2149-4468-848c-0796e3757d62.consensus.20170119.somatic.cna.txt
45a7949d-e63f-4956-866c-df51257032de	/n/data1/hms/dbmi/park/DATA/ICGC/PCAWG_Final_Datasets_DCC/consensus_snv_indel/merged_snv_mnv/45a7949d-e63f-4956-866c-df51257032de.consensus.20160830.somatic.snv_mnv.vcf.gz	/n/data1/hms/dbmi/park/DATA/ICGC/PCAWG_Final_Datasets_DCC/consensus_cnv/segmented_cn/45a7949d-e63f-4956-866c-df51257032de.consensus.20170119.somatic.cna.txt
45aedf22-c622-11e3-bf01-24c6515278c0	/n/data1/hms/dbmi/park/DATA/ICGC/PCAWG_Final_Datasets_DCC/consensus_snv_indel/merged_snv_mnv/45aedf22-c622-11e3-bf01-24c6515278c0.consensus.20160830.somatic.snv_mnv.vcf.gz	/n/data1/hms/dbmi/park/DATA/ICGC/PCAWG_Final_Datasets_DCC/consensus_cnv/segmented_cn/45aedf22-c622-11e3-bf01-24c6515278c0.consensus.20170119.somatic.cna.txt
45d0ccb2-641f-4348-b3a8-61f4113cd85b	/n/data1/hms/dbmi/park/DATA/ICGC/PCAWG_Final_Datasets_DCC/consensus_snv_indel/merged_snv_mnv/45d0ccb2-641f-4348-b3a8-61f4113cd85b.consensus.20160830.somatic.snv_mnv.vcf.gz	/n/data1/hms/dbmi/park/DATA/ICGC/PCAWG_Final_Datasets_DCC/consensus_cnv/segmented_cn/45d0ccb2-641f-4348-b3a8-61f4113cd85b.consensus.20170119.somatic.cna.txt
45e16b70-c3ec-493e-86d1-505ffdf5056c	/n/data1/hms/dbmi/park/DATA/ICGC/PCAWG_Final_Datasets_DCC/consensus_snv_indel/merged_snv_mnv/45e16b70-c3ec-493e-86d1-505ffdf5056c.consensus.20160830.somatic.snv_mnv.vcf.gz	/n/data1/hms/dbmi/park/DATA/ICGC/PCAWG_Final_Datasets_DCC/consensus_cnv/segmented_cn/45e16b70-c3ec-493e-86d1-505ffdf5056c.consensus.20170119.somatic.cna.txt
460f7427-ebcf-404b-9e9e-e0278d0bca95	/n/data1/hms/dbmi/park/DATA/ICGC/PCAWG_Final_Datasets_DCC/consensus_snv_indel/merged_snv_mnv/460f7427-ebcf-404b-9e9e-e0278d0bca95.consensus.20160830.somatic.snv_mnv.vcf.gz	/n/data1/hms/dbmi/park/DATA/ICGC/PCAWG_Final_Datasets_DCC/consensus_cnv/segmented_cn/460f7427-ebcf-404b-9e9e-e0278d0bca95.consensus.20170119.somatic.cna.txt
461df2ae-fcf1-4b93-be0a-c14954fe7c42	/n/data1/hms/dbmi/park/DATA/ICGC/PCAWG_Final_Datasets_DCC/consensus_snv_indel/merged_snv_mnv/461df2ae-fcf1-4b93-be0a-c14954fe7c42.consensus.20160830.somatic.snv_mnv.vcf.gz	/n/data1/hms/dbmi/park/DATA/ICGC/PCAWG_Final_Datasets_DCC/consensus_cnv/segmented_cn/461df2ae-fcf1-4b93-be0a-c14954fe7c42.consensus.20170119.somatic.cna.txt
4624fd20-e2ad-4826-b606-a694b04e1076	/n/data1/hms/dbmi/park/DATA/ICGC/PCAWG_Final_Datasets_DCC/consensus_snv_indel/merged_snv_mnv/4624fd20-e2ad-4826-b606-a694b04e1076.consensus.20160830.somatic.snv_mnv.vcf.gz	/n/data1/hms/dbmi/park/DATA/ICGC/PCAWG_Final_Datasets_DCC/consensus_cnv/segmented_cn/4624fd20-e2ad-4826-b606-a694b04e1076.consensus.20170119.somatic.cna.txt
463bf060-8ba6-4a73-8173-172025f7b527	/n/data1/hms/dbmi/park/DATA/ICGC/PCAWG_Final_Datasets_DCC/consensus_snv_indel/merged_snv_mnv/463bf060-8ba6-4a73-8173-172025f7b527.consensus.20160830.somatic.snv_mnv.vcf.gz	/n/data1/hms/dbmi/park/DATA/ICGC/PCAWG_Final_Datasets_DCC/consensus_cnv/segmented_cn/463bf060-8ba6-4a73-8173-172025f7b527.consensus.20170119.somatic.cna.txt
4652ae03-b096-42d0-bdfa-3f6281d4f023	/n/data1/hms/dbmi/park/DATA/ICGC/PCAWG_Final_Datasets_DCC/consensus_snv_indel/merged_snv_mnv/4652ae03-b096-42d0-bdfa-3f6281d4f023.consensus.20160830.somatic.snv_mnv.vcf.gz	/n/data1/hms/dbmi/park/DATA/ICGC/PCAWG_Final_Datasets_DCC/consensus_cnv/segmented_cn/4652ae03-b096-42d0-bdfa-3f6281d4f023.consensus.20170119.somatic.cna.txt
46693a2b-5105-4770-a9e1-031dfedeb694	/n/data1/hms/dbmi/park/DATA/ICGC/PCAWG_Final_Datasets_DCC/consensus_snv_indel/merged_snv_mnv/46693a2b-5105-4770-a9e1-031dfedeb694.consensus.20160830.somatic.snv_mnv.vcf.gz	/n/data1/hms/dbmi/park/DATA/ICGC/PCAWG_Final_Datasets_DCC/consensus_cnv/segmented_cn/46693a2b-5105-4770-a9e1-031dfedeb694.consensus.20170119.somatic.cna.txt
4679f37a-4f09-449b-a1d8-1f02847996da	/n/data1/hms/dbmi/park/DATA/ICGC/PCAWG_Final_Datasets_DCC/consensus_snv_indel/merged_snv_mnv/4679f37a-4f09-449b-a1d8-1f02847996da.consensus.20160830.somatic.snv_mnv.vcf.gz	/n/data1/hms/dbmi/park/DATA/ICGC/PCAWG_Final_Datasets_DCC/consensus_cnv/segmented_cn/4679f37a-4f09-449b-a1d8-1f02847996da.consensus.20170119.somatic.cna.txt
467ef778-f481-44f3-9768-b9900252d2ba	/n/data1/hms/dbmi/park/DATA/ICGC/PCAWG_Final_Datasets_DCC/consensus_snv_indel/merged_snv_mnv/467ef778-f481-44f3-9768-b9900252d2ba.consensus.20160830.somatic.snv_mnv.vcf.gz	/n/data1/hms/dbmi/park/DATA/ICGC/PCAWG_Final_Datasets_DCC/consensus_cnv/segmented_cn/467ef778-f481-44f3-9768-b9900252d2ba.consensus.20170119.somatic.cna.txt
468083cb-95c3-47c1-9d96-79bcf7bf3f26	/n/data1/hms/dbmi/park/DATA/ICGC/PCAWG_Final_Datasets_DCC/consensus_snv_indel/merged_snv_mnv/468083cb-95c3-47c1-9d96-79bcf7bf3f26.consensus.20160830.somatic.snv_mnv.vcf.gz	/n/data1/hms/dbmi/park/DATA/ICGC/PCAWG_Final_Datasets_DCC/consensus_cnv/segmented_cn/468083cb-95c3-47c1-9d96-79bcf7bf3f26.consensus.20170119.somatic.cna.txt
469eddf2-6e02-46bf-820f-6296a2b776e2	/n/data1/hms/dbmi/park/DATA/ICGC/PCAWG_Final_Datasets_DCC/consensus_snv_indel/merged_snv_mnv/469eddf2-6e02-46bf-820f-6296a2b776e2.consensus.20160830.somatic.snv_mnv.vcf.gz	/n/data1/hms/dbmi/park/DATA/ICGC/PCAWG_Final_Datasets_DCC/consensus_cnv/segmented_cn/469eddf2-6e02-46bf-820f-6296a2b776e2.consensus.20170119.somatic.cna.txt
46d35b82-e1b7-4d35-be5e-3a70fd47e421	/n/data1/hms/dbmi/park/DATA/ICGC/PCAWG_Final_Datasets_DCC/consensus_snv_indel/merged_snv_mnv/46d35b82-e1b7-4d35-be5e-3a70fd47e421.consensus.20160830.somatic.snv_mnv.vcf.gz	/n/data1/hms/dbmi/park/DATA/ICGC/PCAWG_Final_Datasets_DCC/consensus_cnv/segmented_cn/46d35b82-e1b7-4d35-be5e-3a70fd47e421.consensus.20170119.somatic.cna.txt
46e166fe-3b20-49ad-98db-42c854c61c93	/n/data1/hms/dbmi/park/DATA/ICGC/PCAWG_Final_Datasets_DCC/consensus_snv_indel/merged_snv_mnv/46e166fe-3b20-49ad-98db-42c854c61c93.consensus.20160830.somatic.snv_mnv.vcf.gz	/n/data1/hms/dbmi/park/DATA/ICGC/PCAWG_Final_Datasets_DCC/consensus_cnv/segmented_cn/46e166fe-3b20-49ad-98db-42c854c61c93.consensus.20170119.somatic.cna.txt
46e503ae-461d-443a-869b-f261c5570de1	/n/data1/hms/dbmi/park/DATA/ICGC/PCAWG_Final_Datasets_DCC/consensus_snv_indel/merged_snv_mnv/46e503ae-461d-443a-869b-f261c5570de1.consensus.20160830.somatic.snv_mnv.vcf.gz	/n/data1/hms/dbmi/park/DATA/ICGC/PCAWG_Final_Datasets_DCC/consensus_cnv/segmented_cn/46e503ae-461d-443a-869b-f261c5570de1.consensus.20170119.somatic.cna.txt
46f19b5c-3eba-4b23-a1ab-9748090ca4e5	/n/data1/hms/dbmi/park/DATA/ICGC/PCAWG_Final_Datasets_DCC/consensus_snv_indel/merged_snv_mnv/46f19b5c-3eba-4b23-a1ab-9748090ca4e5.consensus.20160830.somatic.snv_mnv.vcf.gz	/n/data1/hms/dbmi/park/DATA/ICGC/PCAWG_Final_Datasets_DCC/consensus_cnv/segmented_cn/46f19b5c-3eba-4b23-a1ab-9748090ca4e5.consensus.20170119.somatic.cna.txt
47050918-c623-11e3-bf01-24c6515278c0	/n/data1/hms/dbmi/park/DATA/ICGC/PCAWG_Final_Datasets_DCC/consensus_snv_indel/merged_snv_mnv/47050918-c623-11e3-bf01-24c6515278c0.consensus.20160830.somatic.snv_mnv.vcf.gz	/n/data1/hms/dbmi/park/DATA/ICGC/PCAWG_Final_Datasets_DCC/consensus_cnv/segmented_cn/47050918-c623-11e3-bf01-24c6515278c0.consensus.20170119.somatic.cna.txt
4729fe4b-c1ac-489b-a67e-91e5c5e3ff8c	/n/data1/hms/dbmi/park/DATA/ICGC/PCAWG_Final_Datasets_DCC/consensus_snv_indel/merged_snv_mnv/4729fe4b-c1ac-489b-a67e-91e5c5e3ff8c.consensus.20160830.somatic.snv_mnv.vcf.gz	/n/data1/hms/dbmi/park/DATA/ICGC/PCAWG_Final_Datasets_DCC/consensus_cnv/segmented_cn/4729fe4b-c1ac-489b-a67e-91e5c5e3ff8c.consensus.20170119.somatic.cna.txt
47312f61-5ef4-4f25-9320-8fbb4758790e	/n/data1/hms/dbmi/park/DATA/ICGC/PCAWG_Final_Datasets_DCC/consensus_snv_indel/merged_snv_mnv/47312f61-5ef4-4f25-9320-8fbb4758790e.consensus.20160830.somatic.snv_mnv.vcf.gz	/n/data1/hms/dbmi/park/DATA/ICGC/PCAWG_Final_Datasets_DCC/consensus_cnv/segmented_cn/47312f61-5ef4-4f25-9320-8fbb4758790e.consensus.20170119.somatic.cna.txt
473fe833-fcc6-485e-93d2-95e662c3ef53	/n/data1/hms/dbmi/park/DATA/ICGC/PCAWG_Final_Datasets_DCC/consensus_snv_indel/merged_snv_mnv/473fe833-fcc6-485e-93d2-95e662c3ef53.consensus.20160830.somatic.snv_mnv.vcf.gz	/n/data1/hms/dbmi/park/DATA/ICGC/PCAWG_Final_Datasets_DCC/consensus_cnv/segmented_cn/473fe833-fcc6-485e-93d2-95e662c3ef53.consensus.20170119.somatic.cna.txt
475bca00-9089-4f50-8638-4e5e8aca6dcd	/n/data1/hms/dbmi/park/DATA/ICGC/PCAWG_Final_Datasets_DCC/consensus_snv_indel/merged_snv_mnv/475bca00-9089-4f50-8638-4e5e8aca6dcd.consensus.20160830.somatic.snv_mnv.vcf.gz	/n/data1/hms/dbmi/park/DATA/ICGC/PCAWG_Final_Datasets_DCC/consensus_cnv/segmented_cn/475bca00-9089-4f50-8638-4e5e8aca6dcd.consensus.20170119.somatic.cna.txt
47874ff4-0b1c-4a31-9192-2a10e93ce9a1	/n/data1/hms/dbmi/park/DATA/ICGC/PCAWG_Final_Datasets_DCC/consensus_snv_indel/merged_snv_mnv/47874ff4-0b1c-4a31-9192-2a10e93ce9a1.consensus.20160830.somatic.snv_mnv.vcf.gz	/n/data1/hms/dbmi/park/DATA/ICGC/PCAWG_Final_Datasets_DCC/consensus_cnv/segmented_cn/47874ff4-0b1c-4a31-9192-2a10e93ce9a1.consensus.20170119.somatic.cna.txt
47b5d831-5287-4f62-b17a-6e5eff2e4184	/n/data1/hms/dbmi/park/DATA/ICGC/PCAWG_Final_Datasets_DCC/consensus_snv_indel/merged_snv_mnv/47b5d831-5287-4f62-b17a-6e5eff2e4184.consensus.20160830.somatic.snv_mnv.vcf.gz	/n/data1/hms/dbmi/park/DATA/ICGC/PCAWG_Final_Datasets_DCC/consensus_cnv/segmented_cn/47b5d831-5287-4f62-b17a-6e5eff2e4184.consensus.20170119.somatic.cna.txt
47d77750-c622-11e3-bf01-24c6515278c0	/n/data1/hms/dbmi/park/DATA/ICGC/PCAWG_Final_Datasets_DCC/consensus_snv_indel/merged_snv_mnv/47d77750-c622-11e3-bf01-24c6515278c0.consensus.20160830.somatic.snv_mnv.vcf.gz	/n/data1/hms/dbmi/park/DATA/ICGC/PCAWG_Final_Datasets_DCC/consensus_cnv/segmented_cn/47d77750-c622-11e3-bf01-24c6515278c0.consensus.20170119.somatic.cna.txt
47e5ff56-9534-4fcf-a593-33027e877f93	/n/data1/hms/dbmi/park/DATA/ICGC/PCAWG_Final_Datasets_DCC/consensus_snv_indel/merged_snv_mnv/47e5ff56-9534-4fcf-a593-33027e877f93.consensus.20160830.somatic.snv_mnv.vcf.gz	/n/data1/hms/dbmi/park/DATA/ICGC/PCAWG_Final_Datasets_DCC/consensus_cnv/segmented_cn/47e5ff56-9534-4fcf-a593-33027e877f93.consensus.20170119.somatic.cna.txt
4808f9e1-452d-45eb-9b87-2f87c67d3452	/n/data1/hms/dbmi/park/DATA/ICGC/PCAWG_Final_Datasets_DCC/consensus_snv_indel/merged_snv_mnv/4808f9e1-452d-45eb-9b87-2f87c67d3452.consensus.20160830.somatic.snv_mnv.vcf.gz	/n/data1/hms/dbmi/park/DATA/ICGC/PCAWG_Final_Datasets_DCC/consensus_cnv/segmented_cn/4808f9e1-452d-45eb-9b87-2f87c67d3452.consensus.20170119.somatic.cna.txt
4838b5a9-968c-4178-bffb-3fafe1f6dc09	/n/data1/hms/dbmi/park/DATA/ICGC/PCAWG_Final_Datasets_DCC/consensus_snv_indel/merged_snv_mnv/4838b5a9-968c-4178-bffb-3fafe1f6dc09.consensus.20160830.somatic.snv_mnv.vcf.gz	/n/data1/hms/dbmi/park/DATA/ICGC/PCAWG_Final_Datasets_DCC/consensus_cnv/segmented_cn/4838b5a9-968c-4178-bffb-3fafe1f6dc09.consensus.20170119.somatic.cna.txt
483bb781-0179-42e1-bf9c-487b240769b8	/n/data1/hms/dbmi/park/DATA/ICGC/PCAWG_Final_Datasets_DCC/consensus_snv_indel/merged_snv_mnv/483bb781-0179-42e1-bf9c-487b240769b8.consensus.20160830.somatic.snv_mnv.vcf.gz	/n/data1/hms/dbmi/park/DATA/ICGC/PCAWG_Final_Datasets_DCC/consensus_cnv/segmented_cn/483bb781-0179-42e1-bf9c-487b240769b8.consensus.20170119.somatic.cna.txt
484a41c8-fcaf-488d-97dc-bfe6a4b88a95	/n/data1/hms/dbmi/park/DATA/ICGC/PCAWG_Final_Datasets_DCC/consensus_snv_indel/merged_snv_mnv/484a41c8-fcaf-488d-97dc-bfe6a4b88a95.consensus.20160830.somatic.snv_mnv.vcf.gz	/n/data1/hms/dbmi/park/DATA/ICGC/PCAWG_Final_Datasets_DCC/consensus_cnv/segmented_cn/484a41c8-fcaf-488d-97dc-bfe6a4b88a95.consensus.20170119.somatic.cna.txt
4853fd17-7214-4f0c-984b-1be0346ca4ab	/n/data1/hms/dbmi/park/DATA/ICGC/PCAWG_Final_Datasets_DCC/consensus_snv_indel/merged_snv_mnv/4853fd17-7214-4f0c-984b-1be0346ca4ab.consensus.20160830.somatic.snv_mnv.vcf.gz	/n/data1/hms/dbmi/park/DATA/ICGC/PCAWG_Final_Datasets_DCC/consensus_cnv/segmented_cn/4853fd17-7214-4f0c-984b-1be0346ca4ab.consensus.20170119.somatic.cna.txt
48624a82-c623-11e3-bf01-24c6515278c0	/n/data1/hms/dbmi/park/DATA/ICGC/PCAWG_Final_Datasets_DCC/consensus_snv_indel/merged_snv_mnv/48624a82-c623-11e3-bf01-24c6515278c0.consensus.20160830.somatic.snv_mnv.vcf.gz	/n/data1/hms/dbmi/park/DATA/ICGC/PCAWG_Final_Datasets_DCC/consensus_cnv/segmented_cn/48624a82-c623-11e3-bf01-24c6515278c0.consensus.20170119.somatic.cna.txt
48a0da38-8147-40fe-b683-3f070413a792	/n/data1/hms/dbmi/park/DATA/ICGC/PCAWG_Final_Datasets_DCC/consensus_snv_indel/merged_snv_mnv/48a0da38-8147-40fe-b683-3f070413a792.consensus.20160830.somatic.snv_mnv.vcf.gz	/n/data1/hms/dbmi/park/DATA/ICGC/PCAWG_Final_Datasets_DCC/consensus_cnv/segmented_cn/48a0da38-8147-40fe-b683-3f070413a792.consensus.20170119.somatic.cna.txt
48b15122-b1e9-4c30-8fc5-70a07686779a	/n/data1/hms/dbmi/park/DATA/ICGC/PCAWG_Final_Datasets_DCC/consensus_snv_indel/merged_snv_mnv/48b15122-b1e9-4c30-8fc5-70a07686779a.consensus.20160830.somatic.snv_mnv.vcf.gz	/n/data1/hms/dbmi/park/DATA/ICGC/PCAWG_Final_Datasets_DCC/consensus_cnv/segmented_cn/48b15122-b1e9-4c30-8fc5-70a07686779a.consensus.20170119.somatic.cna.txt
48c33a30-557b-4ecf-8066-5b4b068b5e3a	/n/data1/hms/dbmi/park/DATA/ICGC/PCAWG_Final_Datasets_DCC/consensus_snv_indel/merged_snv_mnv/48c33a30-557b-4ecf-8066-5b4b068b5e3a.consensus.20160830.somatic.snv_mnv.vcf.gz	/n/data1/hms/dbmi/park/DATA/ICGC/PCAWG_Final_Datasets_DCC/consensus_cnv/segmented_cn/48c33a30-557b-4ecf-8066-5b4b068b5e3a.consensus.20170119.somatic.cna.txt
48f68f73-3ac0-44ac-ba12-b8889fcb7f38	/n/data1/hms/dbmi/park/DATA/ICGC/PCAWG_Final_Datasets_DCC/consensus_snv_indel/merged_snv_mnv/48f68f73-3ac0-44ac-ba12-b8889fcb7f38.consensus.20160830.somatic.snv_mnv.vcf.gz	/n/data1/hms/dbmi/park/DATA/ICGC/PCAWG_Final_Datasets_DCC/consensus_cnv/segmented_cn/48f68f73-3ac0-44ac-ba12-b8889fcb7f38.consensus.20170119.somatic.cna.txt
48fadd0f-6561-4294-bff4-d5e4f7dfe79f	/n/data1/hms/dbmi/park/DATA/ICGC/PCAWG_Final_Datasets_DCC/consensus_snv_indel/merged_snv_mnv/48fadd0f-6561-4294-bff4-d5e4f7dfe79f.consensus.20160830.somatic.snv_mnv.vcf.gz	/n/data1/hms/dbmi/park/DATA/ICGC/PCAWG_Final_Datasets_DCC/consensus_cnv/segmented_cn/48fadd0f-6561-4294-bff4-d5e4f7dfe79f.consensus.20170119.somatic.cna.txt
4904d56f-0fe7-4482-8f6d-9e54d261f399	/n/data1/hms/dbmi/park/DATA/ICGC/PCAWG_Final_Datasets_DCC/consensus_snv_indel/merged_snv_mnv/4904d56f-0fe7-4482-8f6d-9e54d261f399.consensus.20160830.somatic.snv_mnv.vcf.gz	/n/data1/hms/dbmi/park/DATA/ICGC/PCAWG_Final_Datasets_DCC/consensus_cnv/segmented_cn/4904d56f-0fe7-4482-8f6d-9e54d261f399.consensus.20170119.somatic.cna.txt
492694a7-bb41-4128-a909-c424e7fc0c9e	/n/data1/hms/dbmi/park/DATA/ICGC/PCAWG_Final_Datasets_DCC/consensus_snv_indel/merged_snv_mnv/492694a7-bb41-4128-a909-c424e7fc0c9e.consensus.20160830.somatic.snv_mnv.vcf.gz	/n/data1/hms/dbmi/park/DATA/ICGC/PCAWG_Final_Datasets_DCC/consensus_cnv/segmented_cn/492694a7-bb41-4128-a909-c424e7fc0c9e.consensus.20170119.somatic.cna.txt
492b4e58-12e2-47b2-bd47-28f8607072fa	/n/data1/hms/dbmi/park/DATA/ICGC/PCAWG_Final_Datasets_DCC/consensus_snv_indel/merged_snv_mnv/492b4e58-12e2-47b2-bd47-28f8607072fa.consensus.20160830.somatic.snv_mnv.vcf.gz	/n/data1/hms/dbmi/park/DATA/ICGC/PCAWG_Final_Datasets_DCC/consensus_cnv/segmented_cn/492b4e58-12e2-47b2-bd47-28f8607072fa.consensus.20170119.somatic.cna.txt
493e7008-551c-4c0e-b567-a0f31868629e	/n/data1/hms/dbmi/park/DATA/ICGC/PCAWG_Final_Datasets_DCC/consensus_snv_indel/merged_snv_mnv/493e7008-551c-4c0e-b567-a0f31868629e.consensus.20160830.somatic.snv_mnv.vcf.gz	/n/data1/hms/dbmi/park/DATA/ICGC/PCAWG_Final_Datasets_DCC/consensus_cnv/segmented_cn/493e7008-551c-4c0e-b567-a0f31868629e.consensus.20170119.somatic.cna.txt
494701ce-05d4-440b-a65e-d925902b9d42	/n/data1/hms/dbmi/park/DATA/ICGC/PCAWG_Final_Datasets_DCC/consensus_snv_indel/merged_snv_mnv/494701ce-05d4-440b-a65e-d925902b9d42.consensus.20160830.somatic.snv_mnv.vcf.gz	/n/data1/hms/dbmi/park/DATA/ICGC/PCAWG_Final_Datasets_DCC/consensus_cnv/segmented_cn/494701ce-05d4-440b-a65e-d925902b9d42.consensus.20170119.somatic.cna.txt
49795e42-c623-11e3-bf01-24c6515278c0	/n/data1/hms/dbmi/park/DATA/ICGC/PCAWG_Final_Datasets_DCC/consensus_snv_indel/merged_snv_mnv/49795e42-c623-11e3-bf01-24c6515278c0.consensus.20160830.somatic.snv_mnv.vcf.gz	/n/data1/hms/dbmi/park/DATA/ICGC/PCAWG_Final_Datasets_DCC/consensus_cnv/segmented_cn/49795e42-c623-11e3-bf01-24c6515278c0.consensus.20170119.somatic.cna.txt
498ecf81-921d-4df9-a6a4-a625f484e823	/n/data1/hms/dbmi/park/DATA/ICGC/PCAWG_Final_Datasets_DCC/consensus_snv_indel/merged_snv_mnv/498ecf81-921d-4df9-a6a4-a625f484e823.consensus.20160830.somatic.snv_mnv.vcf.gz	/n/data1/hms/dbmi/park/DATA/ICGC/PCAWG_Final_Datasets_DCC/consensus_cnv/segmented_cn/498ecf81-921d-4df9-a6a4-a625f484e823.consensus.20170119.somatic.cna.txt
49900a43-d42e-4052-a8cb-1563b82ad0a0	/n/data1/hms/dbmi/park/DATA/ICGC/PCAWG_Final_Datasets_DCC/consensus_snv_indel/merged_snv_mnv/49900a43-d42e-4052-a8cb-1563b82ad0a0.consensus.20160830.somatic.snv_mnv.vcf.gz	/n/data1/hms/dbmi/park/DATA/ICGC/PCAWG_Final_Datasets_DCC/consensus_cnv/segmented_cn/49900a43-d42e-4052-a8cb-1563b82ad0a0.consensus.20170119.somatic.cna.txt
49ad3c8d-88cd-43cd-a273-1623fe2aec0b	/n/data1/hms/dbmi/park/DATA/ICGC/PCAWG_Final_Datasets_DCC/consensus_snv_indel/merged_snv_mnv/49ad3c8d-88cd-43cd-a273-1623fe2aec0b.consensus.20160830.somatic.snv_mnv.vcf.gz	/n/data1/hms/dbmi/park/DATA/ICGC/PCAWG_Final_Datasets_DCC/consensus_cnv/segmented_cn/49ad3c8d-88cd-43cd-a273-1623fe2aec0b.consensus.20170119.somatic.cna.txt
49b26ab5-2ca9-49b1-ae83-573fa41af2cd	/n/data1/hms/dbmi/park/DATA/ICGC/PCAWG_Final_Datasets_DCC/consensus_snv_indel/merged_snv_mnv/49b26ab5-2ca9-49b1-ae83-573fa41af2cd.consensus.20160830.somatic.snv_mnv.vcf.gz	/n/data1/hms/dbmi/park/DATA/ICGC/PCAWG_Final_Datasets_DCC/consensus_cnv/segmented_cn/49b26ab5-2ca9-49b1-ae83-573fa41af2cd.consensus.20170119.somatic.cna.txt
49dec0c2-8e75-4f44-a253-82b2ea605890	/n/data1/hms/dbmi/park/DATA/ICGC/PCAWG_Final_Datasets_DCC/consensus_snv_indel/merged_snv_mnv/49dec0c2-8e75-4f44-a253-82b2ea605890.consensus.20160830.somatic.snv_mnv.vcf.gz	/n/data1/hms/dbmi/park/DATA/ICGC/PCAWG_Final_Datasets_DCC/consensus_cnv/segmented_cn/49dec0c2-8e75-4f44-a253-82b2ea605890.consensus.20170119.somatic.cna.txt
49fa7e44-c86f-4b1f-8849-e5fe5b9de734	/n/data1/hms/dbmi/park/DATA/ICGC/PCAWG_Final_Datasets_DCC/consensus_snv_indel/merged_snv_mnv/49fa7e44-c86f-4b1f-8849-e5fe5b9de734.consensus.20160830.somatic.snv_mnv.vcf.gz	/n/data1/hms/dbmi/park/DATA/ICGC/PCAWG_Final_Datasets_DCC/consensus_cnv/segmented_cn/49fa7e44-c86f-4b1f-8849-e5fe5b9de734.consensus.20170119.somatic.cna.txt
4a1ad661-f6ae-44e8-b50b-72ff658ff22b	/n/data1/hms/dbmi/park/DATA/ICGC/PCAWG_Final_Datasets_DCC/consensus_snv_indel/merged_snv_mnv/4a1ad661-f6ae-44e8-b50b-72ff658ff22b.consensus.20160830.somatic.snv_mnv.vcf.gz	/n/data1/hms/dbmi/park/DATA/ICGC/PCAWG_Final_Datasets_DCC/consensus_cnv/segmented_cn/4a1ad661-f6ae-44e8-b50b-72ff658ff22b.consensus.20170119.somatic.cna.txt
4a35b01f-5e19-4673-abea-d87fd1d605d0	/n/data1/hms/dbmi/park/DATA/ICGC/PCAWG_Final_Datasets_DCC/consensus_snv_indel/merged_snv_mnv/4a35b01f-5e19-4673-abea-d87fd1d605d0.consensus.20160830.somatic.snv_mnv.vcf.gz	/n/data1/hms/dbmi/park/DATA/ICGC/PCAWG_Final_Datasets_DCC/consensus_cnv/segmented_cn/4a35b01f-5e19-4673-abea-d87fd1d605d0.consensus.20170119.somatic.cna.txt
4a4309b0-2aca-4d6a-ac50-039b28406bba	/n/data1/hms/dbmi/park/DATA/ICGC/PCAWG_Final_Datasets_DCC/consensus_snv_indel/merged_snv_mnv/4a4309b0-2aca-4d6a-ac50-039b28406bba.consensus.20160830.somatic.snv_mnv.vcf.gz	/n/data1/hms/dbmi/park/DATA/ICGC/PCAWG_Final_Datasets_DCC/consensus_cnv/segmented_cn/4a4309b0-2aca-4d6a-ac50-039b28406bba.consensus.20170119.somatic.cna.txt
4a4e0397-8702-46ef-aaa8-3980f03a40bf	/n/data1/hms/dbmi/park/DATA/ICGC/PCAWG_Final_Datasets_DCC/consensus_snv_indel/merged_snv_mnv/4a4e0397-8702-46ef-aaa8-3980f03a40bf.consensus.20160830.somatic.snv_mnv.vcf.gz	/n/data1/hms/dbmi/park/DATA/ICGC/PCAWG_Final_Datasets_DCC/consensus_cnv/segmented_cn/4a4e0397-8702-46ef-aaa8-3980f03a40bf.consensus.20170119.somatic.cna.txt
4a698352-25e6-4137-bef8-b6520d5b1b95	/n/data1/hms/dbmi/park/DATA/ICGC/PCAWG_Final_Datasets_DCC/consensus_snv_indel/merged_snv_mnv/4a698352-25e6-4137-bef8-b6520d5b1b95.consensus.20160830.somatic.snv_mnv.vcf.gz	/n/data1/hms/dbmi/park/DATA/ICGC/PCAWG_Final_Datasets_DCC/consensus_cnv/segmented_cn/4a698352-25e6-4137-bef8-b6520d5b1b95.consensus.20170119.somatic.cna.txt
4a703d3e-c623-11e3-bf01-24c6515278c0	/n/data1/hms/dbmi/park/DATA/ICGC/PCAWG_Final_Datasets_DCC/consensus_snv_indel/merged_snv_mnv/4a703d3e-c623-11e3-bf01-24c6515278c0.consensus.20160830.somatic.snv_mnv.vcf.gz	/n/data1/hms/dbmi/park/DATA/ICGC/PCAWG_Final_Datasets_DCC/consensus_cnv/segmented_cn/4a703d3e-c623-11e3-bf01-24c6515278c0.consensus.20170119.somatic.cna.txt
4a88981e-e409-440f-9bf0-71ca1bab8b4e	/n/data1/hms/dbmi/park/DATA/ICGC/PCAWG_Final_Datasets_DCC/consensus_snv_indel/merged_snv_mnv/4a88981e-e409-440f-9bf0-71ca1bab8b4e.consensus.20160830.somatic.snv_mnv.vcf.gz	/n/data1/hms/dbmi/park/DATA/ICGC/PCAWG_Final_Datasets_DCC/consensus_cnv/segmented_cn/4a88981e-e409-440f-9bf0-71ca1bab8b4e.consensus.20170119.somatic.cna.txt
4aa7eabc-0419-4897-b7af-5dcccfd6ac2f	/n/data1/hms/dbmi/park/DATA/ICGC/PCAWG_Final_Datasets_DCC/consensus_snv_indel/merged_snv_mnv/4aa7eabc-0419-4897-b7af-5dcccfd6ac2f.consensus.20160830.somatic.snv_mnv.vcf.gz	/n/data1/hms/dbmi/park/DATA/ICGC/PCAWG_Final_Datasets_DCC/consensus_cnv/segmented_cn/4aa7eabc-0419-4897-b7af-5dcccfd6ac2f.consensus.20170119.somatic.cna.txt
4adc846a-42cb-4ebd-a954-e31eb29d7572	/n/data1/hms/dbmi/park/DATA/ICGC/PCAWG_Final_Datasets_DCC/consensus_snv_indel/merged_snv_mnv/4adc846a-42cb-4ebd-a954-e31eb29d7572.consensus.20160830.somatic.snv_mnv.vcf.gz	/n/data1/hms/dbmi/park/DATA/ICGC/PCAWG_Final_Datasets_DCC/consensus_cnv/segmented_cn/4adc846a-42cb-4ebd-a954-e31eb29d7572.consensus.20170119.somatic.cna.txt
4b44b313-6f74-4233-bec4-7e41c91c77f1	/n/data1/hms/dbmi/park/DATA/ICGC/PCAWG_Final_Datasets_DCC/consensus_snv_indel/merged_snv_mnv/4b44b313-6f74-4233-bec4-7e41c91c77f1.consensus.20160830.somatic.snv_mnv.vcf.gz	/n/data1/hms/dbmi/park/DATA/ICGC/PCAWG_Final_Datasets_DCC/consensus_cnv/segmented_cn/4b44b313-6f74-4233-bec4-7e41c91c77f1.consensus.20170119.somatic.cna.txt
4b5d9d8c-ff95-45f4-9287-2804e8a98ade	/n/data1/hms/dbmi/park/DATA/ICGC/PCAWG_Final_Datasets_DCC/consensus_snv_indel/merged_snv_mnv/4b5d9d8c-ff95-45f4-9287-2804e8a98ade.consensus.20160830.somatic.snv_mnv.vcf.gz	/n/data1/hms/dbmi/park/DATA/ICGC/PCAWG_Final_Datasets_DCC/consensus_cnv/segmented_cn/4b5d9d8c-ff95-45f4-9287-2804e8a98ade.consensus.20170119.somatic.cna.txt
4b7a704b-e516-4275-be11-45cc935237e2	/n/data1/hms/dbmi/park/DATA/ICGC/PCAWG_Final_Datasets_DCC/consensus_snv_indel/merged_snv_mnv/4b7a704b-e516-4275-be11-45cc935237e2.consensus.20160830.somatic.snv_mnv.vcf.gz	/n/data1/hms/dbmi/park/DATA/ICGC/PCAWG_Final_Datasets_DCC/consensus_cnv/segmented_cn/4b7a704b-e516-4275-be11-45cc935237e2.consensus.20170119.somatic.cna.txt
4b8943be-c623-11e3-bf01-24c6515278c0	/n/data1/hms/dbmi/park/DATA/ICGC/PCAWG_Final_Datasets_DCC/consensus_snv_indel/merged_snv_mnv/4b8943be-c623-11e3-bf01-24c6515278c0.consensus.20160830.somatic.snv_mnv.vcf.gz	/n/data1/hms/dbmi/park/DATA/ICGC/PCAWG_Final_Datasets_DCC/consensus_cnv/segmented_cn/4b8943be-c623-11e3-bf01-24c6515278c0.consensus.20170119.somatic.cna.txt
4b8c6b0c-0d0c-4834-a2f3-691e0919b902	/n/data1/hms/dbmi/park/DATA/ICGC/PCAWG_Final_Datasets_DCC/consensus_snv_indel/merged_snv_mnv/4b8c6b0c-0d0c-4834-a2f3-691e0919b902.consensus.20160830.somatic.snv_mnv.vcf.gz	/n/data1/hms/dbmi/park/DATA/ICGC/PCAWG_Final_Datasets_DCC/consensus_cnv/segmented_cn/4b8c6b0c-0d0c-4834-a2f3-691e0919b902.consensus.20170119.somatic.cna.txt
4b91ece6-c9b2-4889-b18c-c63eb58eb061	/n/data1/hms/dbmi/park/DATA/ICGC/PCAWG_Final_Datasets_DCC/consensus_snv_indel/merged_snv_mnv/4b91ece6-c9b2-4889-b18c-c63eb58eb061.consensus.20160830.somatic.snv_mnv.vcf.gz	/n/data1/hms/dbmi/park/DATA/ICGC/PCAWG_Final_Datasets_DCC/consensus_cnv/segmented_cn/4b91ece6-c9b2-4889-b18c-c63eb58eb061.consensus.20170119.somatic.cna.txt
4bae2f08-da75-4991-acb8-5ba9912f9131	/n/data1/hms/dbmi/park/DATA/ICGC/PCAWG_Final_Datasets_DCC/consensus_snv_indel/merged_snv_mnv/4bae2f08-da75-4991-acb8-5ba9912f9131.consensus.20160830.somatic.snv_mnv.vcf.gz	/n/data1/hms/dbmi/park/DATA/ICGC/PCAWG_Final_Datasets_DCC/consensus_cnv/segmented_cn/4bae2f08-da75-4991-acb8-5ba9912f9131.consensus.20170119.somatic.cna.txt
4c027164-12de-456f-b933-6bc91f70b46f	/n/data1/hms/dbmi/park/DATA/ICGC/PCAWG_Final_Datasets_DCC/consensus_snv_indel/merged_snv_mnv/4c027164-12de-456f-b933-6bc91f70b46f.consensus.20160830.somatic.snv_mnv.vcf.gz	/n/data1/hms/dbmi/park/DATA/ICGC/PCAWG_Final_Datasets_DCC/consensus_cnv/segmented_cn/4c027164-12de-456f-b933-6bc91f70b46f.consensus.20170119.somatic.cna.txt
4c183106-c622-11e3-bf01-24c6515278c0	/n/data1/hms/dbmi/park/DATA/ICGC/PCAWG_Final_Datasets_DCC/consensus_snv_indel/merged_snv_mnv/4c183106-c622-11e3-bf01-24c6515278c0.consensus.20160830.somatic.snv_mnv.vcf.gz	/n/data1/hms/dbmi/park/DATA/ICGC/PCAWG_Final_Datasets_DCC/consensus_cnv/segmented_cn/4c183106-c622-11e3-bf01-24c6515278c0.consensus.20170119.somatic.cna.txt
4c2ad4a0-5d57-4e27-9f35-058b2f205f50	/n/data1/hms/dbmi/park/DATA/ICGC/PCAWG_Final_Datasets_DCC/consensus_snv_indel/merged_snv_mnv/4c2ad4a0-5d57-4e27-9f35-058b2f205f50.consensus.20160830.somatic.snv_mnv.vcf.gz	/n/data1/hms/dbmi/park/DATA/ICGC/PCAWG_Final_Datasets_DCC/consensus_cnv/segmented_cn/4c2ad4a0-5d57-4e27-9f35-058b2f205f50.consensus.20170119.somatic.cna.txt
4c3840df-9824-40db-879e-6d24adc8c155	/n/data1/hms/dbmi/park/DATA/ICGC/PCAWG_Final_Datasets_DCC/consensus_snv_indel/merged_snv_mnv/4c3840df-9824-40db-879e-6d24adc8c155.consensus.20160830.somatic.snv_mnv.vcf.gz	/n/data1/hms/dbmi/park/DATA/ICGC/PCAWG_Final_Datasets_DCC/consensus_cnv/segmented_cn/4c3840df-9824-40db-879e-6d24adc8c155.consensus.20170119.somatic.cna.txt
4c3eda94-56f4-46d3-8c88-50d476e773f6	/n/data1/hms/dbmi/park/DATA/ICGC/PCAWG_Final_Datasets_DCC/consensus_snv_indel/merged_snv_mnv/4c3eda94-56f4-46d3-8c88-50d476e773f6.consensus.20160830.somatic.snv_mnv.vcf.gz	/n/data1/hms/dbmi/park/DATA/ICGC/PCAWG_Final_Datasets_DCC/consensus_cnv/segmented_cn/4c3eda94-56f4-46d3-8c88-50d476e773f6.consensus.20170119.somatic.cna.txt
4c3f733d-5fd5-4f67-af5f-8c36c5b37be2	/n/data1/hms/dbmi/park/DATA/ICGC/PCAWG_Final_Datasets_DCC/consensus_snv_indel/merged_snv_mnv/4c3f733d-5fd5-4f67-af5f-8c36c5b37be2.consensus.20160830.somatic.snv_mnv.vcf.gz	/n/data1/hms/dbmi/park/DATA/ICGC/PCAWG_Final_Datasets_DCC/consensus_cnv/segmented_cn/4c3f733d-5fd5-4f67-af5f-8c36c5b37be2.consensus.20170119.somatic.cna.txt
4c4aa1b1-fda3-4c5b-b588-68aa727500ad	/n/data1/hms/dbmi/park/DATA/ICGC/PCAWG_Final_Datasets_DCC/consensus_snv_indel/merged_snv_mnv/4c4aa1b1-fda3-4c5b-b588-68aa727500ad.consensus.20160830.somatic.snv_mnv.vcf.gz	/n/data1/hms/dbmi/park/DATA/ICGC/PCAWG_Final_Datasets_DCC/consensus_cnv/segmented_cn/4c4aa1b1-fda3-4c5b-b588-68aa727500ad.consensus.20170119.somatic.cna.txt
4c5228b5-bf31-4abd-a47c-d088e16dba13	/n/data1/hms/dbmi/park/DATA/ICGC/PCAWG_Final_Datasets_DCC/consensus_snv_indel/merged_snv_mnv/4c5228b5-bf31-4abd-a47c-d088e16dba13.consensus.20160830.somatic.snv_mnv.vcf.gz	/n/data1/hms/dbmi/park/DATA/ICGC/PCAWG_Final_Datasets_DCC/consensus_cnv/segmented_cn/4c5228b5-bf31-4abd-a47c-d088e16dba13.consensus.20170119.somatic.cna.txt
4c59fb2d-21b6-4b09-8174-6102de736e4d	/n/data1/hms/dbmi/park/DATA/ICGC/PCAWG_Final_Datasets_DCC/consensus_snv_indel/merged_snv_mnv/4c59fb2d-21b6-4b09-8174-6102de736e4d.consensus.20160830.somatic.snv_mnv.vcf.gz	/n/data1/hms/dbmi/park/DATA/ICGC/PCAWG_Final_Datasets_DCC/consensus_cnv/segmented_cn/4c59fb2d-21b6-4b09-8174-6102de736e4d.consensus.20170119.somatic.cna.txt
4c755527-3b5d-4d36-822d-990aa1003d6a	/n/data1/hms/dbmi/park/DATA/ICGC/PCAWG_Final_Datasets_DCC/consensus_snv_indel/merged_snv_mnv/4c755527-3b5d-4d36-822d-990aa1003d6a.consensus.20160830.somatic.snv_mnv.vcf.gz	/n/data1/hms/dbmi/park/DATA/ICGC/PCAWG_Final_Datasets_DCC/consensus_cnv/segmented_cn/4c755527-3b5d-4d36-822d-990aa1003d6a.consensus.20170119.somatic.cna.txt
4c8afa82-c623-11e3-bf01-24c6515278c0	/n/data1/hms/dbmi/park/DATA/ICGC/PCAWG_Final_Datasets_DCC/consensus_snv_indel/merged_snv_mnv/4c8afa82-c623-11e3-bf01-24c6515278c0.consensus.20160830.somatic.snv_mnv.vcf.gz	/n/data1/hms/dbmi/park/DATA/ICGC/PCAWG_Final_Datasets_DCC/consensus_cnv/segmented_cn/4c8afa82-c623-11e3-bf01-24c6515278c0.consensus.20170119.somatic.cna.txt
4cbe411b-b05e-46bd-bea8-126289a0866c	/n/data1/hms/dbmi/park/DATA/ICGC/PCAWG_Final_Datasets_DCC/consensus_snv_indel/merged_snv_mnv/4cbe411b-b05e-46bd-bea8-126289a0866c.consensus.20160830.somatic.snv_mnv.vcf.gz	/n/data1/hms/dbmi/park/DATA/ICGC/PCAWG_Final_Datasets_DCC/consensus_cnv/segmented_cn/4cbe411b-b05e-46bd-bea8-126289a0866c.consensus.20170119.somatic.cna.txt
4ceeb025-2f16-4f80-b9b4-0151346349c6	/n/data1/hms/dbmi/park/DATA/ICGC/PCAWG_Final_Datasets_DCC/consensus_snv_indel/merged_snv_mnv/4ceeb025-2f16-4f80-b9b4-0151346349c6.consensus.20160830.somatic.snv_mnv.vcf.gz	/n/data1/hms/dbmi/park/DATA/ICGC/PCAWG_Final_Datasets_DCC/consensus_cnv/segmented_cn/4ceeb025-2f16-4f80-b9b4-0151346349c6.consensus.20170119.somatic.cna.txt
4cfb0aee-6661-478a-8694-9d8ba15e46b7	/n/data1/hms/dbmi/park/DATA/ICGC/PCAWG_Final_Datasets_DCC/consensus_snv_indel/merged_snv_mnv/4cfb0aee-6661-478a-8694-9d8ba15e46b7.consensus.20160830.somatic.snv_mnv.vcf.gz	/n/data1/hms/dbmi/park/DATA/ICGC/PCAWG_Final_Datasets_DCC/consensus_cnv/segmented_cn/4cfb0aee-6661-478a-8694-9d8ba15e46b7.consensus.20170119.somatic.cna.txt
4cff8590-559e-4204-8635-96e11bfeda68	/n/data1/hms/dbmi/park/DATA/ICGC/PCAWG_Final_Datasets_DCC/consensus_snv_indel/merged_snv_mnv/4cff8590-559e-4204-8635-96e11bfeda68.consensus.20160830.somatic.snv_mnv.vcf.gz	/n/data1/hms/dbmi/park/DATA/ICGC/PCAWG_Final_Datasets_DCC/consensus_cnv/segmented_cn/4cff8590-559e-4204-8635-96e11bfeda68.consensus.20170119.somatic.cna.txt
4d121008-0987-4142-a2b8-7dac58f3110a	/n/data1/hms/dbmi/park/DATA/ICGC/PCAWG_Final_Datasets_DCC/consensus_snv_indel/merged_snv_mnv/4d121008-0987-4142-a2b8-7dac58f3110a.consensus.20160830.somatic.snv_mnv.vcf.gz	/n/data1/hms/dbmi/park/DATA/ICGC/PCAWG_Final_Datasets_DCC/consensus_cnv/segmented_cn/4d121008-0987-4142-a2b8-7dac58f3110a.consensus.20170119.somatic.cna.txt
4d1a4587-adb4-4a65-943e-f19efe8de142	/n/data1/hms/dbmi/park/DATA/ICGC/PCAWG_Final_Datasets_DCC/consensus_snv_indel/merged_snv_mnv/4d1a4587-adb4-4a65-943e-f19efe8de142.consensus.20160830.somatic.snv_mnv.vcf.gz	/n/data1/hms/dbmi/park/DATA/ICGC/PCAWG_Final_Datasets_DCC/consensus_cnv/segmented_cn/4d1a4587-adb4-4a65-943e-f19efe8de142.consensus.20170119.somatic.cna.txt
4d409156-3a36-4c63-9ad6-b6af34f27b06	/n/data1/hms/dbmi/park/DATA/ICGC/PCAWG_Final_Datasets_DCC/consensus_snv_indel/merged_snv_mnv/4d409156-3a36-4c63-9ad6-b6af34f27b06.consensus.20160830.somatic.snv_mnv.vcf.gz	/n/data1/hms/dbmi/park/DATA/ICGC/PCAWG_Final_Datasets_DCC/consensus_cnv/segmented_cn/4d409156-3a36-4c63-9ad6-b6af34f27b06.consensus.20170119.somatic.cna.txt
4d4eff82-ede0-47f1-b49a-ada025952114	/n/data1/hms/dbmi/park/DATA/ICGC/PCAWG_Final_Datasets_DCC/consensus_snv_indel/merged_snv_mnv/4d4eff82-ede0-47f1-b49a-ada025952114.consensus.20160830.somatic.snv_mnv.vcf.gz	/n/data1/hms/dbmi/park/DATA/ICGC/PCAWG_Final_Datasets_DCC/consensus_cnv/segmented_cn/4d4eff82-ede0-47f1-b49a-ada025952114.consensus.20170119.somatic.cna.txt
4d690424-b015-46ae-885d-aa6d9031f66f	/n/data1/hms/dbmi/park/DATA/ICGC/PCAWG_Final_Datasets_DCC/consensus_snv_indel/merged_snv_mnv/4d690424-b015-46ae-885d-aa6d9031f66f.consensus.20160830.somatic.snv_mnv.vcf.gz	/n/data1/hms/dbmi/park/DATA/ICGC/PCAWG_Final_Datasets_DCC/consensus_cnv/segmented_cn/4d690424-b015-46ae-885d-aa6d9031f66f.consensus.20170119.somatic.cna.txt
4d6bb438-86f0-4414-962f-2b1cebee4524	/n/data1/hms/dbmi/park/DATA/ICGC/PCAWG_Final_Datasets_DCC/consensus_snv_indel/merged_snv_mnv/4d6bb438-86f0-4414-962f-2b1cebee4524.consensus.20160830.somatic.snv_mnv.vcf.gz	/n/data1/hms/dbmi/park/DATA/ICGC/PCAWG_Final_Datasets_DCC/consensus_cnv/segmented_cn/4d6bb438-86f0-4414-962f-2b1cebee4524.consensus.20170119.somatic.cna.txt
4d72d06d-b6af-4294-9eef-6e61e067761f	/n/data1/hms/dbmi/park/DATA/ICGC/PCAWG_Final_Datasets_DCC/consensus_snv_indel/merged_snv_mnv/4d72d06d-b6af-4294-9eef-6e61e067761f.consensus.20160830.somatic.snv_mnv.vcf.gz	/n/data1/hms/dbmi/park/DATA/ICGC/PCAWG_Final_Datasets_DCC/consensus_cnv/segmented_cn/4d72d06d-b6af-4294-9eef-6e61e067761f.consensus.20170119.somatic.cna.txt
4d7f2c74-862b-4aad-98e1-fa831f14a905	/n/data1/hms/dbmi/park/DATA/ICGC/PCAWG_Final_Datasets_DCC/consensus_snv_indel/merged_snv_mnv/4d7f2c74-862b-4aad-98e1-fa831f14a905.consensus.20160830.somatic.snv_mnv.vcf.gz	/n/data1/hms/dbmi/park/DATA/ICGC/PCAWG_Final_Datasets_DCC/consensus_cnv/segmented_cn/4d7f2c74-862b-4aad-98e1-fa831f14a905.consensus.20170119.somatic.cna.txt
4daa2708-d0db-40fe-a07a-763f003adcae	/n/data1/hms/dbmi/park/DATA/ICGC/PCAWG_Final_Datasets_DCC/consensus_snv_indel/merged_snv_mnv/4daa2708-d0db-40fe-a07a-763f003adcae.consensus.20160830.somatic.snv_mnv.vcf.gz	/n/data1/hms/dbmi/park/DATA/ICGC/PCAWG_Final_Datasets_DCC/consensus_cnv/segmented_cn/4daa2708-d0db-40fe-a07a-763f003adcae.consensus.20170119.somatic.cna.txt
4dac9498-c623-11e3-bf01-24c6515278c0	/n/data1/hms/dbmi/park/DATA/ICGC/PCAWG_Final_Datasets_DCC/consensus_snv_indel/merged_snv_mnv/4dac9498-c623-11e3-bf01-24c6515278c0.consensus.20160830.somatic.snv_mnv.vcf.gz	/n/data1/hms/dbmi/park/DATA/ICGC/PCAWG_Final_Datasets_DCC/consensus_cnv/segmented_cn/4dac9498-c623-11e3-bf01-24c6515278c0.consensus.20170119.somatic.cna.txt
4db9e471-0068-4ec6-9bcb-33ef5fdec33e	/n/data1/hms/dbmi/park/DATA/ICGC/PCAWG_Final_Datasets_DCC/consensus_snv_indel/merged_snv_mnv/4db9e471-0068-4ec6-9bcb-33ef5fdec33e.consensus.20160830.somatic.snv_mnv.vcf.gz	/n/data1/hms/dbmi/park/DATA/ICGC/PCAWG_Final_Datasets_DCC/consensus_cnv/segmented_cn/4db9e471-0068-4ec6-9bcb-33ef5fdec33e.consensus.20170119.somatic.cna.txt
4dc9b032-7f7b-486d-a12b-8461af89501d	/n/data1/hms/dbmi/park/DATA/ICGC/PCAWG_Final_Datasets_DCC/consensus_snv_indel/merged_snv_mnv/4dc9b032-7f7b-486d-a12b-8461af89501d.consensus.20160830.somatic.snv_mnv.vcf.gz	/n/data1/hms/dbmi/park/DATA/ICGC/PCAWG_Final_Datasets_DCC/consensus_cnv/segmented_cn/4dc9b032-7f7b-486d-a12b-8461af89501d.consensus.20170119.somatic.cna.txt
4de7441f-a609-4a75-9fe7-17a647079ac1	/n/data1/hms/dbmi/park/DATA/ICGC/PCAWG_Final_Datasets_DCC/consensus_snv_indel/merged_snv_mnv/4de7441f-a609-4a75-9fe7-17a647079ac1.consensus.20160830.somatic.snv_mnv.vcf.gz	/n/data1/hms/dbmi/park/DATA/ICGC/PCAWG_Final_Datasets_DCC/consensus_cnv/segmented_cn/4de7441f-a609-4a75-9fe7-17a647079ac1.consensus.20170119.somatic.cna.txt
4e7cdeda-6dc1-4f17-b853-72a68e5aa7e1	/n/data1/hms/dbmi/park/DATA/ICGC/PCAWG_Final_Datasets_DCC/consensus_snv_indel/merged_snv_mnv/4e7cdeda-6dc1-4f17-b853-72a68e5aa7e1.consensus.20160830.somatic.snv_mnv.vcf.gz	/n/data1/hms/dbmi/park/DATA/ICGC/PCAWG_Final_Datasets_DCC/consensus_cnv/segmented_cn/4e7cdeda-6dc1-4f17-b853-72a68e5aa7e1.consensus.20170119.somatic.cna.txt
4e7e6e1f-c648-446f-bdf6-0b1fcc6dfa83	/n/data1/hms/dbmi/park/DATA/ICGC/PCAWG_Final_Datasets_DCC/consensus_snv_indel/merged_snv_mnv/4e7e6e1f-c648-446f-bdf6-0b1fcc6dfa83.consensus.20160830.somatic.snv_mnv.vcf.gz	/n/data1/hms/dbmi/park/DATA/ICGC/PCAWG_Final_Datasets_DCC/consensus_cnv/segmented_cn/4e7e6e1f-c648-446f-bdf6-0b1fcc6dfa83.consensus.20170119.somatic.cna.txt
4e8396f7-9506-4401-96b6-bb2e89557d59	/n/data1/hms/dbmi/park/DATA/ICGC/PCAWG_Final_Datasets_DCC/consensus_snv_indel/merged_snv_mnv/4e8396f7-9506-4401-96b6-bb2e89557d59.consensus.20160830.somatic.snv_mnv.vcf.gz	/n/data1/hms/dbmi/park/DATA/ICGC/PCAWG_Final_Datasets_DCC/consensus_cnv/segmented_cn/4e8396f7-9506-4401-96b6-bb2e89557d59.consensus.20170119.somatic.cna.txt
4e84eed6-82a8-4e91-b0fd-61ec6ef69ce9	/n/data1/hms/dbmi/park/DATA/ICGC/PCAWG_Final_Datasets_DCC/consensus_snv_indel/merged_snv_mnv/4e84eed6-82a8-4e91-b0fd-61ec6ef69ce9.consensus.20160830.somatic.snv_mnv.vcf.gz	/n/data1/hms/dbmi/park/DATA/ICGC/PCAWG_Final_Datasets_DCC/consensus_cnv/segmented_cn/4e84eed6-82a8-4e91-b0fd-61ec6ef69ce9.consensus.20170119.somatic.cna.txt
4e913899-eeb8-4630-ba9d-41a81ced8069	/n/data1/hms/dbmi/park/DATA/ICGC/PCAWG_Final_Datasets_DCC/consensus_snv_indel/merged_snv_mnv/4e913899-eeb8-4630-ba9d-41a81ced8069.consensus.20160830.somatic.snv_mnv.vcf.gz	/n/data1/hms/dbmi/park/DATA/ICGC/PCAWG_Final_Datasets_DCC/consensus_cnv/segmented_cn/4e913899-eeb8-4630-ba9d-41a81ced8069.consensus.20170119.somatic.cna.txt
4eac784b-084a-4106-9a76-2d9fbec57033	/n/data1/hms/dbmi/park/DATA/ICGC/PCAWG_Final_Datasets_DCC/consensus_snv_indel/merged_snv_mnv/4eac784b-084a-4106-9a76-2d9fbec57033.consensus.20160830.somatic.snv_mnv.vcf.gz	/n/data1/hms/dbmi/park/DATA/ICGC/PCAWG_Final_Datasets_DCC/consensus_cnv/segmented_cn/4eac784b-084a-4106-9a76-2d9fbec57033.consensus.20170119.somatic.cna.txt
4ecbfd89-393f-4126-aa1c-951a2c23ef89	/n/data1/hms/dbmi/park/DATA/ICGC/PCAWG_Final_Datasets_DCC/consensus_snv_indel/merged_snv_mnv/4ecbfd89-393f-4126-aa1c-951a2c23ef89.consensus.20160830.somatic.snv_mnv.vcf.gz	/n/data1/hms/dbmi/park/DATA/ICGC/PCAWG_Final_Datasets_DCC/consensus_cnv/segmented_cn/4ecbfd89-393f-4126-aa1c-951a2c23ef89.consensus.20170119.somatic.cna.txt
4ed52e0c-c623-11e3-bf01-24c6515278c0	/n/data1/hms/dbmi/park/DATA/ICGC/PCAWG_Final_Datasets_DCC/consensus_snv_indel/merged_snv_mnv/4ed52e0c-c623-11e3-bf01-24c6515278c0.consensus.20160830.somatic.snv_mnv.vcf.gz	/n/data1/hms/dbmi/park/DATA/ICGC/PCAWG_Final_Datasets_DCC/consensus_cnv/segmented_cn/4ed52e0c-c623-11e3-bf01-24c6515278c0.consensus.20170119.somatic.cna.txt
4ef20a13-f107-4654-adca-fc60b8f5be47	/n/data1/hms/dbmi/park/DATA/ICGC/PCAWG_Final_Datasets_DCC/consensus_snv_indel/merged_snv_mnv/4ef20a13-f107-4654-adca-fc60b8f5be47.consensus.20160830.somatic.snv_mnv.vcf.gz	/n/data1/hms/dbmi/park/DATA/ICGC/PCAWG_Final_Datasets_DCC/consensus_cnv/segmented_cn/4ef20a13-f107-4654-adca-fc60b8f5be47.consensus.20170119.somatic.cna.txt
4f1fc78e-733d-4c6e-86b2-dbe1f98c141d	/n/data1/hms/dbmi/park/DATA/ICGC/PCAWG_Final_Datasets_DCC/consensus_snv_indel/merged_snv_mnv/4f1fc78e-733d-4c6e-86b2-dbe1f98c141d.consensus.20160830.somatic.snv_mnv.vcf.gz	/n/data1/hms/dbmi/park/DATA/ICGC/PCAWG_Final_Datasets_DCC/consensus_cnv/segmented_cn/4f1fc78e-733d-4c6e-86b2-dbe1f98c141d.consensus.20170119.somatic.cna.txt
4f3c2c94-fa7f-4945-9dff-e4d4dac95f56	/n/data1/hms/dbmi/park/DATA/ICGC/PCAWG_Final_Datasets_DCC/consensus_snv_indel/merged_snv_mnv/4f3c2c94-fa7f-4945-9dff-e4d4dac95f56.consensus.20160830.somatic.snv_mnv.vcf.gz	/n/data1/hms/dbmi/park/DATA/ICGC/PCAWG_Final_Datasets_DCC/consensus_cnv/segmented_cn/4f3c2c94-fa7f-4945-9dff-e4d4dac95f56.consensus.20170119.somatic.cna.txt
4f6f48bc-c622-11e3-bf01-24c6515278c0	/n/data1/hms/dbmi/park/DATA/ICGC/PCAWG_Final_Datasets_DCC/consensus_snv_indel/merged_snv_mnv/4f6f48bc-c622-11e3-bf01-24c6515278c0.consensus.20160830.somatic.snv_mnv.vcf.gz	/n/data1/hms/dbmi/park/DATA/ICGC/PCAWG_Final_Datasets_DCC/consensus_cnv/segmented_cn/4f6f48bc-c622-11e3-bf01-24c6515278c0.consensus.20170119.somatic.cna.txt
4fdc8980-c623-11e3-bf01-24c6515278c0	/n/data1/hms/dbmi/park/DATA/ICGC/PCAWG_Final_Datasets_DCC/consensus_snv_indel/merged_snv_mnv/4fdc8980-c623-11e3-bf01-24c6515278c0.consensus.20160830.somatic.snv_mnv.vcf.gz	/n/data1/hms/dbmi/park/DATA/ICGC/PCAWG_Final_Datasets_DCC/consensus_cnv/segmented_cn/4fdc8980-c623-11e3-bf01-24c6515278c0.consensus.20170119.somatic.cna.txt
50203cff-83f8-4884-8346-b91ef717d00e	/n/data1/hms/dbmi/park/DATA/ICGC/PCAWG_Final_Datasets_DCC/consensus_snv_indel/merged_snv_mnv/50203cff-83f8-4884-8346-b91ef717d00e.consensus.20160830.somatic.snv_mnv.vcf.gz	/n/data1/hms/dbmi/park/DATA/ICGC/PCAWG_Final_Datasets_DCC/consensus_cnv/segmented_cn/50203cff-83f8-4884-8346-b91ef717d00e.consensus.20170119.somatic.cna.txt
5042b417-d14e-42bb-b6f3-de303346a252	/n/data1/hms/dbmi/park/DATA/ICGC/PCAWG_Final_Datasets_DCC/consensus_snv_indel/merged_snv_mnv/5042b417-d14e-42bb-b6f3-de303346a252.consensus.20160830.somatic.snv_mnv.vcf.gz	/n/data1/hms/dbmi/park/DATA/ICGC/PCAWG_Final_Datasets_DCC/consensus_cnv/segmented_cn/5042b417-d14e-42bb-b6f3-de303346a252.consensus.20170119.somatic.cna.txt
5046f1b4-9d95-4841-ba30-691fa44719a2	/n/data1/hms/dbmi/park/DATA/ICGC/PCAWG_Final_Datasets_DCC/consensus_snv_indel/merged_snv_mnv/5046f1b4-9d95-4841-ba30-691fa44719a2.consensus.20160830.somatic.snv_mnv.vcf.gz	/n/data1/hms/dbmi/park/DATA/ICGC/PCAWG_Final_Datasets_DCC/consensus_cnv/segmented_cn/5046f1b4-9d95-4841-ba30-691fa44719a2.consensus.20170119.somatic.cna.txt
504cdfc5-6721-43ef-b31e-fdf52f0cd9cd	/n/data1/hms/dbmi/park/DATA/ICGC/PCAWG_Final_Datasets_DCC/consensus_snv_indel/merged_snv_mnv/504cdfc5-6721-43ef-b31e-fdf52f0cd9cd.consensus.20160830.somatic.snv_mnv.vcf.gz	/n/data1/hms/dbmi/park/DATA/ICGC/PCAWG_Final_Datasets_DCC/consensus_cnv/segmented_cn/504cdfc5-6721-43ef-b31e-fdf52f0cd9cd.consensus.20170119.somatic.cna.txt
504d4cb0-d2dd-420d-82e6-9ec14434a0fc	/n/data1/hms/dbmi/park/DATA/ICGC/PCAWG_Final_Datasets_DCC/consensus_snv_indel/merged_snv_mnv/504d4cb0-d2dd-420d-82e6-9ec14434a0fc.consensus.20160830.somatic.snv_mnv.vcf.gz	/n/data1/hms/dbmi/park/DATA/ICGC/PCAWG_Final_Datasets_DCC/consensus_cnv/segmented_cn/504d4cb0-d2dd-420d-82e6-9ec14434a0fc.consensus.20170119.somatic.cna.txt
50515723-b495-42a9-8750-e3da288bf6a3	/n/data1/hms/dbmi/park/DATA/ICGC/PCAWG_Final_Datasets_DCC/consensus_snv_indel/merged_snv_mnv/50515723-b495-42a9-8750-e3da288bf6a3.consensus.20160830.somatic.snv_mnv.vcf.gz	/n/data1/hms/dbmi/park/DATA/ICGC/PCAWG_Final_Datasets_DCC/consensus_cnv/segmented_cn/50515723-b495-42a9-8750-e3da288bf6a3.consensus.20170119.somatic.cna.txt
507620ef-f0fc-4ac3-a7c0-ea2e36c40f77	/n/data1/hms/dbmi/park/DATA/ICGC/PCAWG_Final_Datasets_DCC/consensus_snv_indel/merged_snv_mnv/507620ef-f0fc-4ac3-a7c0-ea2e36c40f77.consensus.20160830.somatic.snv_mnv.vcf.gz	/n/data1/hms/dbmi/park/DATA/ICGC/PCAWG_Final_Datasets_DCC/consensus_cnv/segmented_cn/507620ef-f0fc-4ac3-a7c0-ea2e36c40f77.consensus.20170119.somatic.cna.txt
50a5970d-a0cb-4251-8ab0-74ad0e94be9a	/n/data1/hms/dbmi/park/DATA/ICGC/PCAWG_Final_Datasets_DCC/consensus_snv_indel/merged_snv_mnv/50a5970d-a0cb-4251-8ab0-74ad0e94be9a.consensus.20160830.somatic.snv_mnv.vcf.gz	/n/data1/hms/dbmi/park/DATA/ICGC/PCAWG_Final_Datasets_DCC/consensus_cnv/segmented_cn/50a5970d-a0cb-4251-8ab0-74ad0e94be9a.consensus.20170119.somatic.cna.txt
50b61288-1412-4104-92e6-8b1a359ef399	/n/data1/hms/dbmi/park/DATA/ICGC/PCAWG_Final_Datasets_DCC/consensus_snv_indel/merged_snv_mnv/50b61288-1412-4104-92e6-8b1a359ef399.consensus.20160830.somatic.snv_mnv.vcf.gz	/n/data1/hms/dbmi/park/DATA/ICGC/PCAWG_Final_Datasets_DCC/consensus_cnv/segmented_cn/50b61288-1412-4104-92e6-8b1a359ef399.consensus.20170119.somatic.cna.txt
50e3a421-9741-4cd8-911b-0f47ca518b6a	/n/data1/hms/dbmi/park/DATA/ICGC/PCAWG_Final_Datasets_DCC/consensus_snv_indel/merged_snv_mnv/50e3a421-9741-4cd8-911b-0f47ca518b6a.consensus.20160830.somatic.snv_mnv.vcf.gz	/n/data1/hms/dbmi/park/DATA/ICGC/PCAWG_Final_Datasets_DCC/consensus_cnv/segmented_cn/50e3a421-9741-4cd8-911b-0f47ca518b6a.consensus.20170119.somatic.cna.txt
50eb58ba-c623-11e3-bf01-24c6515278c0	/n/data1/hms/dbmi/park/DATA/ICGC/PCAWG_Final_Datasets_DCC/consensus_snv_indel/merged_snv_mnv/50eb58ba-c623-11e3-bf01-24c6515278c0.consensus.20160830.somatic.snv_mnv.vcf.gz	/n/data1/hms/dbmi/park/DATA/ICGC/PCAWG_Final_Datasets_DCC/consensus_cnv/segmented_cn/50eb58ba-c623-11e3-bf01-24c6515278c0.consensus.20170119.somatic.cna.txt
50ee360c-e3df-4888-9999-ebb88e271d08	/n/data1/hms/dbmi/park/DATA/ICGC/PCAWG_Final_Datasets_DCC/consensus_snv_indel/merged_snv_mnv/50ee360c-e3df-4888-9999-ebb88e271d08.consensus.20160830.somatic.snv_mnv.vcf.gz	/n/data1/hms/dbmi/park/DATA/ICGC/PCAWG_Final_Datasets_DCC/consensus_cnv/segmented_cn/50ee360c-e3df-4888-9999-ebb88e271d08.consensus.20170119.somatic.cna.txt
50f4d836-79a9-4bc7-a63a-7aa29e41d418	/n/data1/hms/dbmi/park/DATA/ICGC/PCAWG_Final_Datasets_DCC/consensus_snv_indel/merged_snv_mnv/50f4d836-79a9-4bc7-a63a-7aa29e41d418.consensus.20160830.somatic.snv_mnv.vcf.gz	/n/data1/hms/dbmi/park/DATA/ICGC/PCAWG_Final_Datasets_DCC/consensus_cnv/segmented_cn/50f4d836-79a9-4bc7-a63a-7aa29e41d418.consensus.20170119.somatic.cna.txt
51206157-94cc-4702-8247-c98283b487aa	/n/data1/hms/dbmi/park/DATA/ICGC/PCAWG_Final_Datasets_DCC/consensus_snv_indel/merged_snv_mnv/51206157-94cc-4702-8247-c98283b487aa.consensus.20160830.somatic.snv_mnv.vcf.gz	/n/data1/hms/dbmi/park/DATA/ICGC/PCAWG_Final_Datasets_DCC/consensus_cnv/segmented_cn/51206157-94cc-4702-8247-c98283b487aa.consensus.20170119.somatic.cna.txt
513bafce-375c-49b0-ae75-6c607abd05d8	/n/data1/hms/dbmi/park/DATA/ICGC/PCAWG_Final_Datasets_DCC/consensus_snv_indel/merged_snv_mnv/513bafce-375c-49b0-ae75-6c607abd05d8.consensus.20160830.somatic.snv_mnv.vcf.gz	/n/data1/hms/dbmi/park/DATA/ICGC/PCAWG_Final_Datasets_DCC/consensus_cnv/segmented_cn/513bafce-375c-49b0-ae75-6c607abd05d8.consensus.20170119.somatic.cna.txt
51458c86-0fdd-470e-b059-1ffbffc92a7f	/n/data1/hms/dbmi/park/DATA/ICGC/PCAWG_Final_Datasets_DCC/consensus_snv_indel/merged_snv_mnv/51458c86-0fdd-470e-b059-1ffbffc92a7f.consensus.20160830.somatic.snv_mnv.vcf.gz	/n/data1/hms/dbmi/park/DATA/ICGC/PCAWG_Final_Datasets_DCC/consensus_cnv/segmented_cn/51458c86-0fdd-470e-b059-1ffbffc92a7f.consensus.20170119.somatic.cna.txt
5174f450-0bf7-4237-a53e-844064f0e701	/n/data1/hms/dbmi/park/DATA/ICGC/PCAWG_Final_Datasets_DCC/consensus_snv_indel/merged_snv_mnv/5174f450-0bf7-4237-a53e-844064f0e701.consensus.20160830.somatic.snv_mnv.vcf.gz	/n/data1/hms/dbmi/park/DATA/ICGC/PCAWG_Final_Datasets_DCC/consensus_cnv/segmented_cn/5174f450-0bf7-4237-a53e-844064f0e701.consensus.20170119.somatic.cna.txt
51800588-c622-11e3-bf01-24c6515278c0	/n/data1/hms/dbmi/park/DATA/ICGC/PCAWG_Final_Datasets_DCC/consensus_snv_indel/merged_snv_mnv/51800588-c622-11e3-bf01-24c6515278c0.consensus.20160830.somatic.snv_mnv.vcf.gz	/n/data1/hms/dbmi/park/DATA/ICGC/PCAWG_Final_Datasets_DCC/consensus_cnv/segmented_cn/51800588-c622-11e3-bf01-24c6515278c0.consensus.20170119.somatic.cna.txt
5187e77d-f412-4303-8049-11d1aa1a0235	/n/data1/hms/dbmi/park/DATA/ICGC/PCAWG_Final_Datasets_DCC/consensus_snv_indel/merged_snv_mnv/5187e77d-f412-4303-8049-11d1aa1a0235.consensus.20160830.somatic.snv_mnv.vcf.gz	/n/data1/hms/dbmi/park/DATA/ICGC/PCAWG_Final_Datasets_DCC/consensus_cnv/segmented_cn/5187e77d-f412-4303-8049-11d1aa1a0235.consensus.20170119.somatic.cna.txt
51893d3f-e7f3-43f9-9fd0-c0f25ae96804	/n/data1/hms/dbmi/park/DATA/ICGC/PCAWG_Final_Datasets_DCC/consensus_snv_indel/merged_snv_mnv/51893d3f-e7f3-43f9-9fd0-c0f25ae96804.consensus.20160830.somatic.snv_mnv.vcf.gz	/n/data1/hms/dbmi/park/DATA/ICGC/PCAWG_Final_Datasets_DCC/consensus_cnv/segmented_cn/51893d3f-e7f3-43f9-9fd0-c0f25ae96804.consensus.20170119.somatic.cna.txt
518d6c1b-8234-40be-9560-6d383d5866fa	/n/data1/hms/dbmi/park/DATA/ICGC/PCAWG_Final_Datasets_DCC/consensus_snv_indel/merged_snv_mnv/518d6c1b-8234-40be-9560-6d383d5866fa.consensus.20160830.somatic.snv_mnv.vcf.gz	/n/data1/hms/dbmi/park/DATA/ICGC/PCAWG_Final_Datasets_DCC/consensus_cnv/segmented_cn/518d6c1b-8234-40be-9560-6d383d5866fa.consensus.20170119.somatic.cna.txt
5193a482-6ed9-4504-bd7c-c8b9e4103577	/n/data1/hms/dbmi/park/DATA/ICGC/PCAWG_Final_Datasets_DCC/consensus_snv_indel/merged_snv_mnv/5193a482-6ed9-4504-bd7c-c8b9e4103577.consensus.20160830.somatic.snv_mnv.vcf.gz	/n/data1/hms/dbmi/park/DATA/ICGC/PCAWG_Final_Datasets_DCC/consensus_cnv/segmented_cn/5193a482-6ed9-4504-bd7c-c8b9e4103577.consensus.20170119.somatic.cna.txt
51adf6cf-f422-4d7e-aa46-cc9bf0ef8693	/n/data1/hms/dbmi/park/DATA/ICGC/PCAWG_Final_Datasets_DCC/consensus_snv_indel/merged_snv_mnv/51adf6cf-f422-4d7e-aa46-cc9bf0ef8693.consensus.20160830.somatic.snv_mnv.vcf.gz	/n/data1/hms/dbmi/park/DATA/ICGC/PCAWG_Final_Datasets_DCC/consensus_cnv/segmented_cn/51adf6cf-f422-4d7e-aa46-cc9bf0ef8693.consensus.20170119.somatic.cna.txt
51b25b37-f75c-4380-a0f6-5273e0b7ee33	/n/data1/hms/dbmi/park/DATA/ICGC/PCAWG_Final_Datasets_DCC/consensus_snv_indel/merged_snv_mnv/51b25b37-f75c-4380-a0f6-5273e0b7ee33.consensus.20160830.somatic.snv_mnv.vcf.gz	/n/data1/hms/dbmi/park/DATA/ICGC/PCAWG_Final_Datasets_DCC/consensus_cnv/segmented_cn/51b25b37-f75c-4380-a0f6-5273e0b7ee33.consensus.20170119.somatic.cna.txt
51dd1a39-7349-442c-b7e1-7850fb800569	/n/data1/hms/dbmi/park/DATA/ICGC/PCAWG_Final_Datasets_DCC/consensus_snv_indel/merged_snv_mnv/51dd1a39-7349-442c-b7e1-7850fb800569.consensus.20160830.somatic.snv_mnv.vcf.gz	/n/data1/hms/dbmi/park/DATA/ICGC/PCAWG_Final_Datasets_DCC/consensus_cnv/segmented_cn/51dd1a39-7349-442c-b7e1-7850fb800569.consensus.20170119.somatic.cna.txt
51e5a835-eb48-4640-87d0-f40f5e2bff18	/n/data1/hms/dbmi/park/DATA/ICGC/PCAWG_Final_Datasets_DCC/consensus_snv_indel/merged_snv_mnv/51e5a835-eb48-4640-87d0-f40f5e2bff18.consensus.20160830.somatic.snv_mnv.vcf.gz	/n/data1/hms/dbmi/park/DATA/ICGC/PCAWG_Final_Datasets_DCC/consensus_cnv/segmented_cn/51e5a835-eb48-4640-87d0-f40f5e2bff18.consensus.20170119.somatic.cna.txt
520b8ab2-c623-11e3-bf01-24c6515278c0	/n/data1/hms/dbmi/park/DATA/ICGC/PCAWG_Final_Datasets_DCC/consensus_snv_indel/merged_snv_mnv/520b8ab2-c623-11e3-bf01-24c6515278c0.consensus.20160830.somatic.snv_mnv.vcf.gz	/n/data1/hms/dbmi/park/DATA/ICGC/PCAWG_Final_Datasets_DCC/consensus_cnv/segmented_cn/520b8ab2-c623-11e3-bf01-24c6515278c0.consensus.20170119.somatic.cna.txt
522dc834-8367-4f49-b93b-fcba91a2de7e	/n/data1/hms/dbmi/park/DATA/ICGC/PCAWG_Final_Datasets_DCC/consensus_snv_indel/merged_snv_mnv/522dc834-8367-4f49-b93b-fcba91a2de7e.consensus.20160830.somatic.snv_mnv.vcf.gz	/n/data1/hms/dbmi/park/DATA/ICGC/PCAWG_Final_Datasets_DCC/consensus_cnv/segmented_cn/522dc834-8367-4f49-b93b-fcba91a2de7e.consensus.20170119.somatic.cna.txt
524bbd14-1e1f-479b-9a71-d27fce32d8bc	/n/data1/hms/dbmi/park/DATA/ICGC/PCAWG_Final_Datasets_DCC/consensus_snv_indel/merged_snv_mnv/524bbd14-1e1f-479b-9a71-d27fce32d8bc.consensus.20160830.somatic.snv_mnv.vcf.gz	/n/data1/hms/dbmi/park/DATA/ICGC/PCAWG_Final_Datasets_DCC/consensus_cnv/segmented_cn/524bbd14-1e1f-479b-9a71-d27fce32d8bc.consensus.20170119.somatic.cna.txt
5255d645-d3d2-422e-8449-046cd21f4935	/n/data1/hms/dbmi/park/DATA/ICGC/PCAWG_Final_Datasets_DCC/consensus_snv_indel/merged_snv_mnv/5255d645-d3d2-422e-8449-046cd21f4935.consensus.20160830.somatic.snv_mnv.vcf.gz	/n/data1/hms/dbmi/park/DATA/ICGC/PCAWG_Final_Datasets_DCC/consensus_cnv/segmented_cn/5255d645-d3d2-422e-8449-046cd21f4935.consensus.20170119.somatic.cna.txt
52910a60-bb15-4ba5-9d09-50d8ee6a445b	/n/data1/hms/dbmi/park/DATA/ICGC/PCAWG_Final_Datasets_DCC/consensus_snv_indel/merged_snv_mnv/52910a60-bb15-4ba5-9d09-50d8ee6a445b.consensus.20160830.somatic.snv_mnv.vcf.gz	/n/data1/hms/dbmi/park/DATA/ICGC/PCAWG_Final_Datasets_DCC/consensus_cnv/segmented_cn/52910a60-bb15-4ba5-9d09-50d8ee6a445b.consensus.20170119.somatic.cna.txt
52d8ccfc-c623-11e3-bf01-24c6515278c0	/n/data1/hms/dbmi/park/DATA/ICGC/PCAWG_Final_Datasets_DCC/consensus_snv_indel/merged_snv_mnv/52d8ccfc-c623-11e3-bf01-24c6515278c0.consensus.20160830.somatic.snv_mnv.vcf.gz	/n/data1/hms/dbmi/park/DATA/ICGC/PCAWG_Final_Datasets_DCC/consensus_cnv/segmented_cn/52d8ccfc-c623-11e3-bf01-24c6515278c0.consensus.20170119.somatic.cna.txt
52f2d49e-f24d-41d2-9f73-33bd1cc51bba	/n/data1/hms/dbmi/park/DATA/ICGC/PCAWG_Final_Datasets_DCC/consensus_snv_indel/merged_snv_mnv/52f2d49e-f24d-41d2-9f73-33bd1cc51bba.consensus.20160830.somatic.snv_mnv.vcf.gz	/n/data1/hms/dbmi/park/DATA/ICGC/PCAWG_Final_Datasets_DCC/consensus_cnv/segmented_cn/52f2d49e-f24d-41d2-9f73-33bd1cc51bba.consensus.20170119.somatic.cna.txt
52f43b72-15ea-40a0-a3b4-4bf22bc0bf25	/n/data1/hms/dbmi/park/DATA/ICGC/PCAWG_Final_Datasets_DCC/consensus_snv_indel/merged_snv_mnv/52f43b72-15ea-40a0-a3b4-4bf22bc0bf25.consensus.20160830.somatic.snv_mnv.vcf.gz	/n/data1/hms/dbmi/park/DATA/ICGC/PCAWG_Final_Datasets_DCC/consensus_cnv/segmented_cn/52f43b72-15ea-40a0-a3b4-4bf22bc0bf25.consensus.20170119.somatic.cna.txt
5310f698-d31a-4628-84b4-dc9ac29722a5	/n/data1/hms/dbmi/park/DATA/ICGC/PCAWG_Final_Datasets_DCC/consensus_snv_indel/merged_snv_mnv/5310f698-d31a-4628-84b4-dc9ac29722a5.consensus.20160830.somatic.snv_mnv.vcf.gz	/n/data1/hms/dbmi/park/DATA/ICGC/PCAWG_Final_Datasets_DCC/consensus_cnv/segmented_cn/5310f698-d31a-4628-84b4-dc9ac29722a5.consensus.20170119.somatic.cna.txt
532259b8-c622-11e3-bf01-24c6515278c0	/n/data1/hms/dbmi/park/DATA/ICGC/PCAWG_Final_Datasets_DCC/consensus_snv_indel/merged_snv_mnv/532259b8-c622-11e3-bf01-24c6515278c0.consensus.20160830.somatic.snv_mnv.vcf.gz	/n/data1/hms/dbmi/park/DATA/ICGC/PCAWG_Final_Datasets_DCC/consensus_cnv/segmented_cn/532259b8-c622-11e3-bf01-24c6515278c0.consensus.20170119.somatic.cna.txt
532bec86-b8d3-41a1-ba17-913a7d378f66	/n/data1/hms/dbmi/park/DATA/ICGC/PCAWG_Final_Datasets_DCC/consensus_snv_indel/merged_snv_mnv/532bec86-b8d3-41a1-ba17-913a7d378f66.consensus.20160830.somatic.snv_mnv.vcf.gz	/n/data1/hms/dbmi/park/DATA/ICGC/PCAWG_Final_Datasets_DCC/consensus_cnv/segmented_cn/532bec86-b8d3-41a1-ba17-913a7d378f66.consensus.20170119.somatic.cna.txt
534d941c-ec2d-47eb-b2dc-d3f856d0b151	/n/data1/hms/dbmi/park/DATA/ICGC/PCAWG_Final_Datasets_DCC/consensus_snv_indel/merged_snv_mnv/534d941c-ec2d-47eb-b2dc-d3f856d0b151.consensus.20160830.somatic.snv_mnv.vcf.gz	/n/data1/hms/dbmi/park/DATA/ICGC/PCAWG_Final_Datasets_DCC/consensus_cnv/segmented_cn/534d941c-ec2d-47eb-b2dc-d3f856d0b151.consensus.20170119.somatic.cna.txt
53534b3c-cd15-4d68-a9b1-6902bb234c45	/n/data1/hms/dbmi/park/DATA/ICGC/PCAWG_Final_Datasets_DCC/consensus_snv_indel/merged_snv_mnv/53534b3c-cd15-4d68-a9b1-6902bb234c45.consensus.20160830.somatic.snv_mnv.vcf.gz	/n/data1/hms/dbmi/park/DATA/ICGC/PCAWG_Final_Datasets_DCC/consensus_cnv/segmented_cn/53534b3c-cd15-4d68-a9b1-6902bb234c45.consensus.20170119.somatic.cna.txt
537cccf2-fb25-448b-813e-ca5d5642b910	/n/data1/hms/dbmi/park/DATA/ICGC/PCAWG_Final_Datasets_DCC/consensus_snv_indel/merged_snv_mnv/537cccf2-fb25-448b-813e-ca5d5642b910.consensus.20160830.somatic.snv_mnv.vcf.gz	/n/data1/hms/dbmi/park/DATA/ICGC/PCAWG_Final_Datasets_DCC/consensus_cnv/segmented_cn/537cccf2-fb25-448b-813e-ca5d5642b910.consensus.20170119.somatic.cna.txt
53ac794d-1067-43e0-8dc0-43b131f43ec5	/n/data1/hms/dbmi/park/DATA/ICGC/PCAWG_Final_Datasets_DCC/consensus_snv_indel/merged_snv_mnv/53ac794d-1067-43e0-8dc0-43b131f43ec5.consensus.20160830.somatic.snv_mnv.vcf.gz	/n/data1/hms/dbmi/park/DATA/ICGC/PCAWG_Final_Datasets_DCC/consensus_cnv/segmented_cn/53ac794d-1067-43e0-8dc0-43b131f43ec5.consensus.20170119.somatic.cna.txt
53bb7112-3e38-45fe-a9c4-1b0871babf4a	/n/data1/hms/dbmi/park/DATA/ICGC/PCAWG_Final_Datasets_DCC/consensus_snv_indel/merged_snv_mnv/53bb7112-3e38-45fe-a9c4-1b0871babf4a.consensus.20160830.somatic.snv_mnv.vcf.gz	/n/data1/hms/dbmi/park/DATA/ICGC/PCAWG_Final_Datasets_DCC/consensus_cnv/segmented_cn/53bb7112-3e38-45fe-a9c4-1b0871babf4a.consensus.20170119.somatic.cna.txt
53bcbb68-addd-47fc-9910-cd1d3f38197d	/n/data1/hms/dbmi/park/DATA/ICGC/PCAWG_Final_Datasets_DCC/consensus_snv_indel/merged_snv_mnv/53bcbb68-addd-47fc-9910-cd1d3f38197d.consensus.20160830.somatic.snv_mnv.vcf.gz	/n/data1/hms/dbmi/park/DATA/ICGC/PCAWG_Final_Datasets_DCC/consensus_cnv/segmented_cn/53bcbb68-addd-47fc-9910-cd1d3f38197d.consensus.20170119.somatic.cna.txt
53d32d8b-5649-42b0-8c52-2c39af2a961b	/n/data1/hms/dbmi/park/DATA/ICGC/PCAWG_Final_Datasets_DCC/consensus_snv_indel/merged_snv_mnv/53d32d8b-5649-42b0-8c52-2c39af2a961b.consensus.20160830.somatic.snv_mnv.vcf.gz	/n/data1/hms/dbmi/park/DATA/ICGC/PCAWG_Final_Datasets_DCC/consensus_cnv/segmented_cn/53d32d8b-5649-42b0-8c52-2c39af2a961b.consensus.20170119.somatic.cna.txt
53dec97d-0464-4ffd-8e2e-95b2b9a03af0	/n/data1/hms/dbmi/park/DATA/ICGC/PCAWG_Final_Datasets_DCC/consensus_snv_indel/merged_snv_mnv/53dec97d-0464-4ffd-8e2e-95b2b9a03af0.consensus.20160830.somatic.snv_mnv.vcf.gz	/n/data1/hms/dbmi/park/DATA/ICGC/PCAWG_Final_Datasets_DCC/consensus_cnv/segmented_cn/53dec97d-0464-4ffd-8e2e-95b2b9a03af0.consensus.20170119.somatic.cna.txt
53df19a8-c623-11e3-bf01-24c6515278c0	/n/data1/hms/dbmi/park/DATA/ICGC/PCAWG_Final_Datasets_DCC/consensus_snv_indel/merged_snv_mnv/53df19a8-c623-11e3-bf01-24c6515278c0.consensus.20160830.somatic.snv_mnv.vcf.gz	/n/data1/hms/dbmi/park/DATA/ICGC/PCAWG_Final_Datasets_DCC/consensus_cnv/segmented_cn/53df19a8-c623-11e3-bf01-24c6515278c0.consensus.20170119.somatic.cna.txt
53e6a756-bdcc-4217-afe7-27d776159544	/n/data1/hms/dbmi/park/DATA/ICGC/PCAWG_Final_Datasets_DCC/consensus_snv_indel/merged_snv_mnv/53e6a756-bdcc-4217-afe7-27d776159544.consensus.20160830.somatic.snv_mnv.vcf.gz	/n/data1/hms/dbmi/park/DATA/ICGC/PCAWG_Final_Datasets_DCC/consensus_cnv/segmented_cn/53e6a756-bdcc-4217-afe7-27d776159544.consensus.20170119.somatic.cna.txt
54195db3-94a9-4538-8bb8-9953d936acd4	/n/data1/hms/dbmi/park/DATA/ICGC/PCAWG_Final_Datasets_DCC/consensus_snv_indel/merged_snv_mnv/54195db3-94a9-4538-8bb8-9953d936acd4.consensus.20160830.somatic.snv_mnv.vcf.gz	/n/data1/hms/dbmi/park/DATA/ICGC/PCAWG_Final_Datasets_DCC/consensus_cnv/segmented_cn/54195db3-94a9-4538-8bb8-9953d936acd4.consensus.20170119.somatic.cna.txt
54319e3d-c28f-4ba1-9c87-299d303e4de3	/n/data1/hms/dbmi/park/DATA/ICGC/PCAWG_Final_Datasets_DCC/consensus_snv_indel/merged_snv_mnv/54319e3d-c28f-4ba1-9c87-299d303e4de3.consensus.20160830.somatic.snv_mnv.vcf.gz	/n/data1/hms/dbmi/park/DATA/ICGC/PCAWG_Final_Datasets_DCC/consensus_cnv/segmented_cn/54319e3d-c28f-4ba1-9c87-299d303e4de3.consensus.20170119.somatic.cna.txt
54354d24-c622-11e3-bf01-24c6515278c0	/n/data1/hms/dbmi/park/DATA/ICGC/PCAWG_Final_Datasets_DCC/consensus_snv_indel/merged_snv_mnv/54354d24-c622-11e3-bf01-24c6515278c0.consensus.20160830.somatic.snv_mnv.vcf.gz	/n/data1/hms/dbmi/park/DATA/ICGC/PCAWG_Final_Datasets_DCC/consensus_cnv/segmented_cn/54354d24-c622-11e3-bf01-24c6515278c0.consensus.20170119.somatic.cna.txt
54426b1a-e0d3-4d8e-9e81-2d8e6b153b22	/n/data1/hms/dbmi/park/DATA/ICGC/PCAWG_Final_Datasets_DCC/consensus_snv_indel/merged_snv_mnv/54426b1a-e0d3-4d8e-9e81-2d8e6b153b22.consensus.20160830.somatic.snv_mnv.vcf.gz	/n/data1/hms/dbmi/park/DATA/ICGC/PCAWG_Final_Datasets_DCC/consensus_cnv/segmented_cn/54426b1a-e0d3-4d8e-9e81-2d8e6b153b22.consensus.20170119.somatic.cna.txt
546b97b0-ab82-42a1-bbd2-241523278ec3	/n/data1/hms/dbmi/park/DATA/ICGC/PCAWG_Final_Datasets_DCC/consensus_snv_indel/merged_snv_mnv/546b97b0-ab82-42a1-bbd2-241523278ec3.consensus.20160830.somatic.snv_mnv.vcf.gz	/n/data1/hms/dbmi/park/DATA/ICGC/PCAWG_Final_Datasets_DCC/consensus_cnv/segmented_cn/546b97b0-ab82-42a1-bbd2-241523278ec3.consensus.20170119.somatic.cna.txt
546b982f-60d9-43df-9761-09369afbee2d	/n/data1/hms/dbmi/park/DATA/ICGC/PCAWG_Final_Datasets_DCC/consensus_snv_indel/merged_snv_mnv/546b982f-60d9-43df-9761-09369afbee2d.consensus.20160830.somatic.snv_mnv.vcf.gz	/n/data1/hms/dbmi/park/DATA/ICGC/PCAWG_Final_Datasets_DCC/consensus_cnv/segmented_cn/546b982f-60d9-43df-9761-09369afbee2d.consensus.20170119.somatic.cna.txt
54842328-9432-4820-8976-7964bf9bf147	/n/data1/hms/dbmi/park/DATA/ICGC/PCAWG_Final_Datasets_DCC/consensus_snv_indel/merged_snv_mnv/54842328-9432-4820-8976-7964bf9bf147.consensus.20160830.somatic.snv_mnv.vcf.gz	/n/data1/hms/dbmi/park/DATA/ICGC/PCAWG_Final_Datasets_DCC/consensus_cnv/segmented_cn/54842328-9432-4820-8976-7964bf9bf147.consensus.20170119.somatic.cna.txt
54a77010-2f16-4da9-8ca0-746a51801a00	/n/data1/hms/dbmi/park/DATA/ICGC/PCAWG_Final_Datasets_DCC/consensus_snv_indel/merged_snv_mnv/54a77010-2f16-4da9-8ca0-746a51801a00.consensus.20160830.somatic.snv_mnv.vcf.gz	/n/data1/hms/dbmi/park/DATA/ICGC/PCAWG_Final_Datasets_DCC/consensus_cnv/segmented_cn/54a77010-2f16-4da9-8ca0-746a51801a00.consensus.20170119.somatic.cna.txt
54cfd4b0-c623-11e3-bf01-24c6515278c0	/n/data1/hms/dbmi/park/DATA/ICGC/PCAWG_Final_Datasets_DCC/consensus_snv_indel/merged_snv_mnv/54cfd4b0-c623-11e3-bf01-24c6515278c0.consensus.20160830.somatic.snv_mnv.vcf.gz	/n/data1/hms/dbmi/park/DATA/ICGC/PCAWG_Final_Datasets_DCC/consensus_cnv/segmented_cn/54cfd4b0-c623-11e3-bf01-24c6515278c0.consensus.20170119.somatic.cna.txt
54e78de0-d357-4125-a904-ab35e461572b	/n/data1/hms/dbmi/park/DATA/ICGC/PCAWG_Final_Datasets_DCC/consensus_snv_indel/merged_snv_mnv/54e78de0-d357-4125-a904-ab35e461572b.consensus.20160830.somatic.snv_mnv.vcf.gz	/n/data1/hms/dbmi/park/DATA/ICGC/PCAWG_Final_Datasets_DCC/consensus_cnv/segmented_cn/54e78de0-d357-4125-a904-ab35e461572b.consensus.20170119.somatic.cna.txt
551d5082-ab6a-4674-af0d-ce408f589949	/n/data1/hms/dbmi/park/DATA/ICGC/PCAWG_Final_Datasets_DCC/consensus_snv_indel/merged_snv_mnv/551d5082-ab6a-4674-af0d-ce408f589949.consensus.20160830.somatic.snv_mnv.vcf.gz	/n/data1/hms/dbmi/park/DATA/ICGC/PCAWG_Final_Datasets_DCC/consensus_cnv/segmented_cn/551d5082-ab6a-4674-af0d-ce408f589949.consensus.20170119.somatic.cna.txt
5533240d-8fed-440d-b781-6092785a77ce	/n/data1/hms/dbmi/park/DATA/ICGC/PCAWG_Final_Datasets_DCC/consensus_snv_indel/merged_snv_mnv/5533240d-8fed-440d-b781-6092785a77ce.consensus.20160830.somatic.snv_mnv.vcf.gz	/n/data1/hms/dbmi/park/DATA/ICGC/PCAWG_Final_Datasets_DCC/consensus_cnv/segmented_cn/5533240d-8fed-440d-b781-6092785a77ce.consensus.20170119.somatic.cna.txt
55345803-83d4-4fdb-b0ee-328753801da1	/n/data1/hms/dbmi/park/DATA/ICGC/PCAWG_Final_Datasets_DCC/consensus_snv_indel/merged_snv_mnv/55345803-83d4-4fdb-b0ee-328753801da1.consensus.20160830.somatic.snv_mnv.vcf.gz	/n/data1/hms/dbmi/park/DATA/ICGC/PCAWG_Final_Datasets_DCC/consensus_cnv/segmented_cn/55345803-83d4-4fdb-b0ee-328753801da1.consensus.20170119.somatic.cna.txt
554b9439-7e11-43ec-8bc3-448c59100b9e	/n/data1/hms/dbmi/park/DATA/ICGC/PCAWG_Final_Datasets_DCC/consensus_snv_indel/merged_snv_mnv/554b9439-7e11-43ec-8bc3-448c59100b9e.consensus.20160830.somatic.snv_mnv.vcf.gz	/n/data1/hms/dbmi/park/DATA/ICGC/PCAWG_Final_Datasets_DCC/consensus_cnv/segmented_cn/554b9439-7e11-43ec-8bc3-448c59100b9e.consensus.20170119.somatic.cna.txt
558239c7-a160-4228-8fdf-a0a1d2f62133	/n/data1/hms/dbmi/park/DATA/ICGC/PCAWG_Final_Datasets_DCC/consensus_snv_indel/merged_snv_mnv/558239c7-a160-4228-8fdf-a0a1d2f62133.consensus.20160830.somatic.snv_mnv.vcf.gz	/n/data1/hms/dbmi/park/DATA/ICGC/PCAWG_Final_Datasets_DCC/consensus_cnv/segmented_cn/558239c7-a160-4228-8fdf-a0a1d2f62133.consensus.20170119.somatic.cna.txt
559c30f2-8ae7-43c8-819c-800261065e06	/n/data1/hms/dbmi/park/DATA/ICGC/PCAWG_Final_Datasets_DCC/consensus_snv_indel/merged_snv_mnv/559c30f2-8ae7-43c8-819c-800261065e06.consensus.20160830.somatic.snv_mnv.vcf.gz	/n/data1/hms/dbmi/park/DATA/ICGC/PCAWG_Final_Datasets_DCC/consensus_cnv/segmented_cn/559c30f2-8ae7-43c8-819c-800261065e06.consensus.20170119.somatic.cna.txt
55ada396-0878-4724-8ebe-00da367eed3d	/n/data1/hms/dbmi/park/DATA/ICGC/PCAWG_Final_Datasets_DCC/consensus_snv_indel/merged_snv_mnv/55ada396-0878-4724-8ebe-00da367eed3d.consensus.20160830.somatic.snv_mnv.vcf.gz	/n/data1/hms/dbmi/park/DATA/ICGC/PCAWG_Final_Datasets_DCC/consensus_cnv/segmented_cn/55ada396-0878-4724-8ebe-00da367eed3d.consensus.20170119.somatic.cna.txt
55c75a2a-f3d2-4469-9d23-604cf539d548	/n/data1/hms/dbmi/park/DATA/ICGC/PCAWG_Final_Datasets_DCC/consensus_snv_indel/merged_snv_mnv/55c75a2a-f3d2-4469-9d23-604cf539d548.consensus.20160830.somatic.snv_mnv.vcf.gz	/n/data1/hms/dbmi/park/DATA/ICGC/PCAWG_Final_Datasets_DCC/consensus_cnv/segmented_cn/55c75a2a-f3d2-4469-9d23-604cf539d548.consensus.20170119.somatic.cna.txt
55c82198-5be6-4cc5-b5b3-b707af234107	/n/data1/hms/dbmi/park/DATA/ICGC/PCAWG_Final_Datasets_DCC/consensus_snv_indel/merged_snv_mnv/55c82198-5be6-4cc5-b5b3-b707af234107.consensus.20160830.somatic.snv_mnv.vcf.gz	/n/data1/hms/dbmi/park/DATA/ICGC/PCAWG_Final_Datasets_DCC/consensus_cnv/segmented_cn/55c82198-5be6-4cc5-b5b3-b707af234107.consensus.20170119.somatic.cna.txt
55e520f4-0e4b-41a2-9951-c4e9f323100b	/n/data1/hms/dbmi/park/DATA/ICGC/PCAWG_Final_Datasets_DCC/consensus_snv_indel/merged_snv_mnv/55e520f4-0e4b-41a2-9951-c4e9f323100b.consensus.20160830.somatic.snv_mnv.vcf.gz	/n/data1/hms/dbmi/park/DATA/ICGC/PCAWG_Final_Datasets_DCC/consensus_cnv/segmented_cn/55e520f4-0e4b-41a2-9951-c4e9f323100b.consensus.20170119.somatic.cna.txt
55e5497a-c623-11e3-bf01-24c6515278c0	/n/data1/hms/dbmi/park/DATA/ICGC/PCAWG_Final_Datasets_DCC/consensus_snv_indel/merged_snv_mnv/55e5497a-c623-11e3-bf01-24c6515278c0.consensus.20160830.somatic.snv_mnv.vcf.gz	/n/data1/hms/dbmi/park/DATA/ICGC/PCAWG_Final_Datasets_DCC/consensus_cnv/segmented_cn/55e5497a-c623-11e3-bf01-24c6515278c0.consensus.20170119.somatic.cna.txt
561fd34c-7c7d-4df0-bbfc-3d31147ca562	/n/data1/hms/dbmi/park/DATA/ICGC/PCAWG_Final_Datasets_DCC/consensus_snv_indel/merged_snv_mnv/561fd34c-7c7d-4df0-bbfc-3d31147ca562.consensus.20160830.somatic.snv_mnv.vcf.gz	/n/data1/hms/dbmi/park/DATA/ICGC/PCAWG_Final_Datasets_DCC/consensus_cnv/segmented_cn/561fd34c-7c7d-4df0-bbfc-3d31147ca562.consensus.20170119.somatic.cna.txt
56425c2e-6bbf-4b20-ba07-79a526dd4603	/n/data1/hms/dbmi/park/DATA/ICGC/PCAWG_Final_Datasets_DCC/consensus_snv_indel/merged_snv_mnv/56425c2e-6bbf-4b20-ba07-79a526dd4603.consensus.20160830.somatic.snv_mnv.vcf.gz	/n/data1/hms/dbmi/park/DATA/ICGC/PCAWG_Final_Datasets_DCC/consensus_cnv/segmented_cn/56425c2e-6bbf-4b20-ba07-79a526dd4603.consensus.20170119.somatic.cna.txt
5650dc4e-8bce-4716-9199-cd5750d7a888	/n/data1/hms/dbmi/park/DATA/ICGC/PCAWG_Final_Datasets_DCC/consensus_snv_indel/merged_snv_mnv/5650dc4e-8bce-4716-9199-cd5750d7a888.consensus.20160830.somatic.snv_mnv.vcf.gz	/n/data1/hms/dbmi/park/DATA/ICGC/PCAWG_Final_Datasets_DCC/consensus_cnv/segmented_cn/5650dc4e-8bce-4716-9199-cd5750d7a888.consensus.20170119.somatic.cna.txt
565e656c-d5e3-4fe4-a10c-2e9ca1e498b5	/n/data1/hms/dbmi/park/DATA/ICGC/PCAWG_Final_Datasets_DCC/consensus_snv_indel/merged_snv_mnv/565e656c-d5e3-4fe4-a10c-2e9ca1e498b5.consensus.20160830.somatic.snv_mnv.vcf.gz	/n/data1/hms/dbmi/park/DATA/ICGC/PCAWG_Final_Datasets_DCC/consensus_cnv/segmented_cn/565e656c-d5e3-4fe4-a10c-2e9ca1e498b5.consensus.20170119.somatic.cna.txt
56681386-d407-4f53-ae4f-6c04437652f7	/n/data1/hms/dbmi/park/DATA/ICGC/PCAWG_Final_Datasets_DCC/consensus_snv_indel/merged_snv_mnv/56681386-d407-4f53-ae4f-6c04437652f7.consensus.20160830.somatic.snv_mnv.vcf.gz	/n/data1/hms/dbmi/park/DATA/ICGC/PCAWG_Final_Datasets_DCC/consensus_cnv/segmented_cn/56681386-d407-4f53-ae4f-6c04437652f7.consensus.20170119.somatic.cna.txt
569393c8-e2fe-4580-a45b-81f1b1e01135	/n/data1/hms/dbmi/park/DATA/ICGC/PCAWG_Final_Datasets_DCC/consensus_snv_indel/merged_snv_mnv/569393c8-e2fe-4580-a45b-81f1b1e01135.consensus.20160830.somatic.snv_mnv.vcf.gz	/n/data1/hms/dbmi/park/DATA/ICGC/PCAWG_Final_Datasets_DCC/consensus_cnv/segmented_cn/569393c8-e2fe-4580-a45b-81f1b1e01135.consensus.20170119.somatic.cna.txt
569ff1b4-de87-4309-8484-80549aaf9485	/n/data1/hms/dbmi/park/DATA/ICGC/PCAWG_Final_Datasets_DCC/consensus_snv_indel/merged_snv_mnv/569ff1b4-de87-4309-8484-80549aaf9485.consensus.20160830.somatic.snv_mnv.vcf.gz	/n/data1/hms/dbmi/park/DATA/ICGC/PCAWG_Final_Datasets_DCC/consensus_cnv/segmented_cn/569ff1b4-de87-4309-8484-80549aaf9485.consensus.20170119.somatic.cna.txt
56c846d6-c622-11e3-bf01-24c6515278c0	/n/data1/hms/dbmi/park/DATA/ICGC/PCAWG_Final_Datasets_DCC/consensus_snv_indel/merged_snv_mnv/56c846d6-c622-11e3-bf01-24c6515278c0.consensus.20160830.somatic.snv_mnv.vcf.gz	/n/data1/hms/dbmi/park/DATA/ICGC/PCAWG_Final_Datasets_DCC/consensus_cnv/segmented_cn/56c846d6-c622-11e3-bf01-24c6515278c0.consensus.20170119.somatic.cna.txt
56cc8740-b132-4cbc-b513-f0b5b2305ca6	/n/data1/hms/dbmi/park/DATA/ICGC/PCAWG_Final_Datasets_DCC/consensus_snv_indel/merged_snv_mnv/56cc8740-b132-4cbc-b513-f0b5b2305ca6.consensus.20160830.somatic.snv_mnv.vcf.gz	/n/data1/hms/dbmi/park/DATA/ICGC/PCAWG_Final_Datasets_DCC/consensus_cnv/segmented_cn/56cc8740-b132-4cbc-b513-f0b5b2305ca6.consensus.20170119.somatic.cna.txt
56d4ea48-c623-11e3-bf01-24c6515278c0	/n/data1/hms/dbmi/park/DATA/ICGC/PCAWG_Final_Datasets_DCC/consensus_snv_indel/merged_snv_mnv/56d4ea48-c623-11e3-bf01-24c6515278c0.consensus.20160830.somatic.snv_mnv.vcf.gz	/n/data1/hms/dbmi/park/DATA/ICGC/PCAWG_Final_Datasets_DCC/consensus_cnv/segmented_cn/56d4ea48-c623-11e3-bf01-24c6515278c0.consensus.20170119.somatic.cna.txt
56ddcb96-e90b-4fce-aa4c-c677bbfee488	/n/data1/hms/dbmi/park/DATA/ICGC/PCAWG_Final_Datasets_DCC/consensus_snv_indel/merged_snv_mnv/56ddcb96-e90b-4fce-aa4c-c677bbfee488.consensus.20160830.somatic.snv_mnv.vcf.gz	/n/data1/hms/dbmi/park/DATA/ICGC/PCAWG_Final_Datasets_DCC/consensus_cnv/segmented_cn/56ddcb96-e90b-4fce-aa4c-c677bbfee488.consensus.20170119.somatic.cna.txt
56e57223-264e-489d-bc9a-a07789065c40	/n/data1/hms/dbmi/park/DATA/ICGC/PCAWG_Final_Datasets_DCC/consensus_snv_indel/merged_snv_mnv/56e57223-264e-489d-bc9a-a07789065c40.consensus.20160830.somatic.snv_mnv.vcf.gz	/n/data1/hms/dbmi/park/DATA/ICGC/PCAWG_Final_Datasets_DCC/consensus_cnv/segmented_cn/56e57223-264e-489d-bc9a-a07789065c40.consensus.20170119.somatic.cna.txt
56ffaa35-814c-4c0b-b3c6-d4514d34fec2	/n/data1/hms/dbmi/park/DATA/ICGC/PCAWG_Final_Datasets_DCC/consensus_snv_indel/merged_snv_mnv/56ffaa35-814c-4c0b-b3c6-d4514d34fec2.consensus.20160830.somatic.snv_mnv.vcf.gz	/n/data1/hms/dbmi/park/DATA/ICGC/PCAWG_Final_Datasets_DCC/consensus_cnv/segmented_cn/56ffaa35-814c-4c0b-b3c6-d4514d34fec2.consensus.20170119.somatic.cna.txt
5702affd-eafe-42a4-8f56-c1f22f8f184d	/n/data1/hms/dbmi/park/DATA/ICGC/PCAWG_Final_Datasets_DCC/consensus_snv_indel/merged_snv_mnv/5702affd-eafe-42a4-8f56-c1f22f8f184d.consensus.20160830.somatic.snv_mnv.vcf.gz	/n/data1/hms/dbmi/park/DATA/ICGC/PCAWG_Final_Datasets_DCC/consensus_cnv/segmented_cn/5702affd-eafe-42a4-8f56-c1f22f8f184d.consensus.20170119.somatic.cna.txt
5714b52d-7048-41b5-8141-bf42d960abe4	/n/data1/hms/dbmi/park/DATA/ICGC/PCAWG_Final_Datasets_DCC/consensus_snv_indel/merged_snv_mnv/5714b52d-7048-41b5-8141-bf42d960abe4.consensus.20160830.somatic.snv_mnv.vcf.gz	/n/data1/hms/dbmi/park/DATA/ICGC/PCAWG_Final_Datasets_DCC/consensus_cnv/segmented_cn/5714b52d-7048-41b5-8141-bf42d960abe4.consensus.20170119.somatic.cna.txt
571ce258-b453-4cac-b05e-05755791be84	/n/data1/hms/dbmi/park/DATA/ICGC/PCAWG_Final_Datasets_DCC/consensus_snv_indel/merged_snv_mnv/571ce258-b453-4cac-b05e-05755791be84.consensus.20160830.somatic.snv_mnv.vcf.gz	/n/data1/hms/dbmi/park/DATA/ICGC/PCAWG_Final_Datasets_DCC/consensus_cnv/segmented_cn/571ce258-b453-4cac-b05e-05755791be84.consensus.20170119.somatic.cna.txt
573ee34b-43a7-40d8-95ee-0ced4b46a7c8	/n/data1/hms/dbmi/park/DATA/ICGC/PCAWG_Final_Datasets_DCC/consensus_snv_indel/merged_snv_mnv/573ee34b-43a7-40d8-95ee-0ced4b46a7c8.consensus.20160830.somatic.snv_mnv.vcf.gz	/n/data1/hms/dbmi/park/DATA/ICGC/PCAWG_Final_Datasets_DCC/consensus_cnv/segmented_cn/573ee34b-43a7-40d8-95ee-0ced4b46a7c8.consensus.20170119.somatic.cna.txt
5769ae11-5f1b-483f-b228-7584591c66e6	/n/data1/hms/dbmi/park/DATA/ICGC/PCAWG_Final_Datasets_DCC/consensus_snv_indel/merged_snv_mnv/5769ae11-5f1b-483f-b228-7584591c66e6.consensus.20160830.somatic.snv_mnv.vcf.gz	/n/data1/hms/dbmi/park/DATA/ICGC/PCAWG_Final_Datasets_DCC/consensus_cnv/segmented_cn/5769ae11-5f1b-483f-b228-7584591c66e6.consensus.20170119.somatic.cna.txt
576a1741-8c65-40da-9f0f-b2ca805d70f3	/n/data1/hms/dbmi/park/DATA/ICGC/PCAWG_Final_Datasets_DCC/consensus_snv_indel/merged_snv_mnv/576a1741-8c65-40da-9f0f-b2ca805d70f3.consensus.20160830.somatic.snv_mnv.vcf.gz	/n/data1/hms/dbmi/park/DATA/ICGC/PCAWG_Final_Datasets_DCC/consensus_cnv/segmented_cn/576a1741-8c65-40da-9f0f-b2ca805d70f3.consensus.20170119.somatic.cna.txt
578ba169-1d2f-4187-b174-082bbc6a5bd2	/n/data1/hms/dbmi/park/DATA/ICGC/PCAWG_Final_Datasets_DCC/consensus_snv_indel/merged_snv_mnv/578ba169-1d2f-4187-b174-082bbc6a5bd2.consensus.20160830.somatic.snv_mnv.vcf.gz	/n/data1/hms/dbmi/park/DATA/ICGC/PCAWG_Final_Datasets_DCC/consensus_cnv/segmented_cn/578ba169-1d2f-4187-b174-082bbc6a5bd2.consensus.20170119.somatic.cna.txt
57947014-053e-4c34-b6a7-9e6f36f48010	/n/data1/hms/dbmi/park/DATA/ICGC/PCAWG_Final_Datasets_DCC/consensus_snv_indel/merged_snv_mnv/57947014-053e-4c34-b6a7-9e6f36f48010.consensus.20160830.somatic.snv_mnv.vcf.gz	/n/data1/hms/dbmi/park/DATA/ICGC/PCAWG_Final_Datasets_DCC/consensus_cnv/segmented_cn/57947014-053e-4c34-b6a7-9e6f36f48010.consensus.20170119.somatic.cna.txt
5808f774-c623-11e3-bf01-24c6515278c0	/n/data1/hms/dbmi/park/DATA/ICGC/PCAWG_Final_Datasets_DCC/consensus_snv_indel/merged_snv_mnv/5808f774-c623-11e3-bf01-24c6515278c0.consensus.20160830.somatic.snv_mnv.vcf.gz	/n/data1/hms/dbmi/park/DATA/ICGC/PCAWG_Final_Datasets_DCC/consensus_cnv/segmented_cn/5808f774-c623-11e3-bf01-24c6515278c0.consensus.20170119.somatic.cna.txt
581be6cf-9778-49c3-9c77-1316eaa78929	/n/data1/hms/dbmi/park/DATA/ICGC/PCAWG_Final_Datasets_DCC/consensus_snv_indel/merged_snv_mnv/581be6cf-9778-49c3-9c77-1316eaa78929.consensus.20160830.somatic.snv_mnv.vcf.gz	/n/data1/hms/dbmi/park/DATA/ICGC/PCAWG_Final_Datasets_DCC/consensus_cnv/segmented_cn/581be6cf-9778-49c3-9c77-1316eaa78929.consensus.20170119.somatic.cna.txt
589daa3f-0b76-4c9c-b494-048955e36052	/n/data1/hms/dbmi/park/DATA/ICGC/PCAWG_Final_Datasets_DCC/consensus_snv_indel/merged_snv_mnv/589daa3f-0b76-4c9c-b494-048955e36052.consensus.20160830.somatic.snv_mnv.vcf.gz	/n/data1/hms/dbmi/park/DATA/ICGC/PCAWG_Final_Datasets_DCC/consensus_cnv/segmented_cn/589daa3f-0b76-4c9c-b494-048955e36052.consensus.20170119.somatic.cna.txt
589e0aea-9057-4b8c-8af1-74c74fe46a38	/n/data1/hms/dbmi/park/DATA/ICGC/PCAWG_Final_Datasets_DCC/consensus_snv_indel/merged_snv_mnv/589e0aea-9057-4b8c-8af1-74c74fe46a38.consensus.20160830.somatic.snv_mnv.vcf.gz	/n/data1/hms/dbmi/park/DATA/ICGC/PCAWG_Final_Datasets_DCC/consensus_cnv/segmented_cn/589e0aea-9057-4b8c-8af1-74c74fe46a38.consensus.20170119.somatic.cna.txt
58c7e9c3-1345-48c0-a758-0887358b8696	/n/data1/hms/dbmi/park/DATA/ICGC/PCAWG_Final_Datasets_DCC/consensus_snv_indel/merged_snv_mnv/58c7e9c3-1345-48c0-a758-0887358b8696.consensus.20160830.somatic.snv_mnv.vcf.gz	/n/data1/hms/dbmi/park/DATA/ICGC/PCAWG_Final_Datasets_DCC/consensus_cnv/segmented_cn/58c7e9c3-1345-48c0-a758-0887358b8696.consensus.20170119.somatic.cna.txt
58d3e932-b4a3-4cac-a6ac-73160e354a15	/n/data1/hms/dbmi/park/DATA/ICGC/PCAWG_Final_Datasets_DCC/consensus_snv_indel/merged_snv_mnv/58d3e932-b4a3-4cac-a6ac-73160e354a15.consensus.20160830.somatic.snv_mnv.vcf.gz	/n/data1/hms/dbmi/park/DATA/ICGC/PCAWG_Final_Datasets_DCC/consensus_cnv/segmented_cn/58d3e932-b4a3-4cac-a6ac-73160e354a15.consensus.20170119.somatic.cna.txt
58e2453c-bb58-43a3-9642-705ec0e0bdbd	/n/data1/hms/dbmi/park/DATA/ICGC/PCAWG_Final_Datasets_DCC/consensus_snv_indel/merged_snv_mnv/58e2453c-bb58-43a3-9642-705ec0e0bdbd.consensus.20160830.somatic.snv_mnv.vcf.gz	/n/data1/hms/dbmi/park/DATA/ICGC/PCAWG_Final_Datasets_DCC/consensus_cnv/segmented_cn/58e2453c-bb58-43a3-9642-705ec0e0bdbd.consensus.20170119.somatic.cna.txt
58f4ff52-c623-11e3-bf01-24c6515278c0	/n/data1/hms/dbmi/park/DATA/ICGC/PCAWG_Final_Datasets_DCC/consensus_snv_indel/merged_snv_mnv/58f4ff52-c623-11e3-bf01-24c6515278c0.consensus.20160830.somatic.snv_mnv.vcf.gz	/n/data1/hms/dbmi/park/DATA/ICGC/PCAWG_Final_Datasets_DCC/consensus_cnv/segmented_cn/58f4ff52-c623-11e3-bf01-24c6515278c0.consensus.20170119.somatic.cna.txt
58faf969-bf37-4180-8807-2f44f2cc8eda	/n/data1/hms/dbmi/park/DATA/ICGC/PCAWG_Final_Datasets_DCC/consensus_snv_indel/merged_snv_mnv/58faf969-bf37-4180-8807-2f44f2cc8eda.consensus.20160830.somatic.snv_mnv.vcf.gz	/n/data1/hms/dbmi/park/DATA/ICGC/PCAWG_Final_Datasets_DCC/consensus_cnv/segmented_cn/58faf969-bf37-4180-8807-2f44f2cc8eda.consensus.20170119.somatic.cna.txt
5912d4b3-2d5d-4b98-b967-1b4ff177097a	/n/data1/hms/dbmi/park/DATA/ICGC/PCAWG_Final_Datasets_DCC/consensus_snv_indel/merged_snv_mnv/5912d4b3-2d5d-4b98-b967-1b4ff177097a.consensus.20160830.somatic.snv_mnv.vcf.gz	/n/data1/hms/dbmi/park/DATA/ICGC/PCAWG_Final_Datasets_DCC/consensus_cnv/segmented_cn/5912d4b3-2d5d-4b98-b967-1b4ff177097a.consensus.20170119.somatic.cna.txt
5935dd9d-d411-48f8-8512-aa73a63878b0	/n/data1/hms/dbmi/park/DATA/ICGC/PCAWG_Final_Datasets_DCC/consensus_snv_indel/merged_snv_mnv/5935dd9d-d411-48f8-8512-aa73a63878b0.consensus.20160830.somatic.snv_mnv.vcf.gz	/n/data1/hms/dbmi/park/DATA/ICGC/PCAWG_Final_Datasets_DCC/consensus_cnv/segmented_cn/5935dd9d-d411-48f8-8512-aa73a63878b0.consensus.20170119.somatic.cna.txt
59632e7e-c622-11e3-bf01-24c6515278c0	/n/data1/hms/dbmi/park/DATA/ICGC/PCAWG_Final_Datasets_DCC/consensus_snv_indel/merged_snv_mnv/59632e7e-c622-11e3-bf01-24c6515278c0.consensus.20160830.somatic.snv_mnv.vcf.gz	/n/data1/hms/dbmi/park/DATA/ICGC/PCAWG_Final_Datasets_DCC/consensus_cnv/segmented_cn/59632e7e-c622-11e3-bf01-24c6515278c0.consensus.20170119.somatic.cna.txt
5975deb5-00d2-4d18-b5c0-34ac9947fe11	/n/data1/hms/dbmi/park/DATA/ICGC/PCAWG_Final_Datasets_DCC/consensus_snv_indel/merged_snv_mnv/5975deb5-00d2-4d18-b5c0-34ac9947fe11.consensus.20160830.somatic.snv_mnv.vcf.gz	/n/data1/hms/dbmi/park/DATA/ICGC/PCAWG_Final_Datasets_DCC/consensus_cnv/segmented_cn/5975deb5-00d2-4d18-b5c0-34ac9947fe11.consensus.20170119.somatic.cna.txt
597e4011-ea99-4356-b1d9-8cfe35db7c3b	/n/data1/hms/dbmi/park/DATA/ICGC/PCAWG_Final_Datasets_DCC/consensus_snv_indel/merged_snv_mnv/597e4011-ea99-4356-b1d9-8cfe35db7c3b.consensus.20160830.somatic.snv_mnv.vcf.gz	/n/data1/hms/dbmi/park/DATA/ICGC/PCAWG_Final_Datasets_DCC/consensus_cnv/segmented_cn/597e4011-ea99-4356-b1d9-8cfe35db7c3b.consensus.20170119.somatic.cna.txt
59938f45-3e57-43d6-af3b-bb4968249e5a	/n/data1/hms/dbmi/park/DATA/ICGC/PCAWG_Final_Datasets_DCC/consensus_snv_indel/merged_snv_mnv/59938f45-3e57-43d6-af3b-bb4968249e5a.consensus.20160830.somatic.snv_mnv.vcf.gz	/n/data1/hms/dbmi/park/DATA/ICGC/PCAWG_Final_Datasets_DCC/consensus_cnv/segmented_cn/59938f45-3e57-43d6-af3b-bb4968249e5a.consensus.20170119.somatic.cna.txt
59bfcb53-91c1-4dce-856a-f4afc8fa6224	/n/data1/hms/dbmi/park/DATA/ICGC/PCAWG_Final_Datasets_DCC/consensus_snv_indel/merged_snv_mnv/59bfcb53-91c1-4dce-856a-f4afc8fa6224.consensus.20160830.somatic.snv_mnv.vcf.gz	/n/data1/hms/dbmi/park/DATA/ICGC/PCAWG_Final_Datasets_DCC/consensus_cnv/segmented_cn/59bfcb53-91c1-4dce-856a-f4afc8fa6224.consensus.20170119.somatic.cna.txt
59c18694-8a43-41dd-a6f6-52a20bc8dd54	/n/data1/hms/dbmi/park/DATA/ICGC/PCAWG_Final_Datasets_DCC/consensus_snv_indel/merged_snv_mnv/59c18694-8a43-41dd-a6f6-52a20bc8dd54.consensus.20160830.somatic.snv_mnv.vcf.gz	/n/data1/hms/dbmi/park/DATA/ICGC/PCAWG_Final_Datasets_DCC/consensus_cnv/segmented_cn/59c18694-8a43-41dd-a6f6-52a20bc8dd54.consensus.20170119.somatic.cna.txt
59e2d6d1-debd-4796-ab0c-6a5673a990fc	/n/data1/hms/dbmi/park/DATA/ICGC/PCAWG_Final_Datasets_DCC/consensus_snv_indel/merged_snv_mnv/59e2d6d1-debd-4796-ab0c-6a5673a990fc.consensus.20160830.somatic.snv_mnv.vcf.gz	/n/data1/hms/dbmi/park/DATA/ICGC/PCAWG_Final_Datasets_DCC/consensus_cnv/segmented_cn/59e2d6d1-debd-4796-ab0c-6a5673a990fc.consensus.20170119.somatic.cna.txt
5a51a6fc-c623-11e3-bf01-24c6515278c0	/n/data1/hms/dbmi/park/DATA/ICGC/PCAWG_Final_Datasets_DCC/consensus_snv_indel/merged_snv_mnv/5a51a6fc-c623-11e3-bf01-24c6515278c0.consensus.20160830.somatic.snv_mnv.vcf.gz	/n/data1/hms/dbmi/park/DATA/ICGC/PCAWG_Final_Datasets_DCC/consensus_cnv/segmented_cn/5a51a6fc-c623-11e3-bf01-24c6515278c0.consensus.20170119.somatic.cna.txt
5a535c49-d42e-43c6-9d32-dc76f28d4f0f	/n/data1/hms/dbmi/park/DATA/ICGC/PCAWG_Final_Datasets_DCC/consensus_snv_indel/merged_snv_mnv/5a535c49-d42e-43c6-9d32-dc76f28d4f0f.consensus.20160830.somatic.snv_mnv.vcf.gz	/n/data1/hms/dbmi/park/DATA/ICGC/PCAWG_Final_Datasets_DCC/consensus_cnv/segmented_cn/5a535c49-d42e-43c6-9d32-dc76f28d4f0f.consensus.20170119.somatic.cna.txt
5a5a8409-a8f2-4c7b-85e5-b8bd85f2930c	/n/data1/hms/dbmi/park/DATA/ICGC/PCAWG_Final_Datasets_DCC/consensus_snv_indel/merged_snv_mnv/5a5a8409-a8f2-4c7b-85e5-b8bd85f2930c.consensus.20160830.somatic.snv_mnv.vcf.gz	/n/data1/hms/dbmi/park/DATA/ICGC/PCAWG_Final_Datasets_DCC/consensus_cnv/segmented_cn/5a5a8409-a8f2-4c7b-85e5-b8bd85f2930c.consensus.20170119.somatic.cna.txt
5a7f3c88-ef02-4e97-8009-5622245b6a09	/n/data1/hms/dbmi/park/DATA/ICGC/PCAWG_Final_Datasets_DCC/consensus_snv_indel/merged_snv_mnv/5a7f3c88-ef02-4e97-8009-5622245b6a09.consensus.20160830.somatic.snv_mnv.vcf.gz	/n/data1/hms/dbmi/park/DATA/ICGC/PCAWG_Final_Datasets_DCC/consensus_cnv/segmented_cn/5a7f3c88-ef02-4e97-8009-5622245b6a09.consensus.20170119.somatic.cna.txt
5b178f44-c622-11e3-bf01-24c6515278c0	/n/data1/hms/dbmi/park/DATA/ICGC/PCAWG_Final_Datasets_DCC/consensus_snv_indel/merged_snv_mnv/5b178f44-c622-11e3-bf01-24c6515278c0.consensus.20160830.somatic.snv_mnv.vcf.gz	/n/data1/hms/dbmi/park/DATA/ICGC/PCAWG_Final_Datasets_DCC/consensus_cnv/segmented_cn/5b178f44-c622-11e3-bf01-24c6515278c0.consensus.20170119.somatic.cna.txt
5b180356-cf58-4fad-a3d4-00fc12b43fcc	/n/data1/hms/dbmi/park/DATA/ICGC/PCAWG_Final_Datasets_DCC/consensus_snv_indel/merged_snv_mnv/5b180356-cf58-4fad-a3d4-00fc12b43fcc.consensus.20160830.somatic.snv_mnv.vcf.gz	/n/data1/hms/dbmi/park/DATA/ICGC/PCAWG_Final_Datasets_DCC/consensus_cnv/segmented_cn/5b180356-cf58-4fad-a3d4-00fc12b43fcc.consensus.20170119.somatic.cna.txt
5b41e033-6df8-411e-a13b-59eeb8afbf9b	/n/data1/hms/dbmi/park/DATA/ICGC/PCAWG_Final_Datasets_DCC/consensus_snv_indel/merged_snv_mnv/5b41e033-6df8-411e-a13b-59eeb8afbf9b.consensus.20160830.somatic.snv_mnv.vcf.gz	/n/data1/hms/dbmi/park/DATA/ICGC/PCAWG_Final_Datasets_DCC/consensus_cnv/segmented_cn/5b41e033-6df8-411e-a13b-59eeb8afbf9b.consensus.20170119.somatic.cna.txt
5b4b2312-acb5-4329-8d46-7f93213e3daf	/n/data1/hms/dbmi/park/DATA/ICGC/PCAWG_Final_Datasets_DCC/consensus_snv_indel/merged_snv_mnv/5b4b2312-acb5-4329-8d46-7f93213e3daf.consensus.20160830.somatic.snv_mnv.vcf.gz	/n/data1/hms/dbmi/park/DATA/ICGC/PCAWG_Final_Datasets_DCC/consensus_cnv/segmented_cn/5b4b2312-acb5-4329-8d46-7f93213e3daf.consensus.20170119.somatic.cna.txt
5b560f4c-d2a3-43fa-b394-abef78bdefc1	/n/data1/hms/dbmi/park/DATA/ICGC/PCAWG_Final_Datasets_DCC/consensus_snv_indel/merged_snv_mnv/5b560f4c-d2a3-43fa-b394-abef78bdefc1.consensus.20160830.somatic.snv_mnv.vcf.gz	/n/data1/hms/dbmi/park/DATA/ICGC/PCAWG_Final_Datasets_DCC/consensus_cnv/segmented_cn/5b560f4c-d2a3-43fa-b394-abef78bdefc1.consensus.20170119.somatic.cna.txt
5b7d5767-2037-4175-aec9-886776343181	/n/data1/hms/dbmi/park/DATA/ICGC/PCAWG_Final_Datasets_DCC/consensus_snv_indel/merged_snv_mnv/5b7d5767-2037-4175-aec9-886776343181.consensus.20160830.somatic.snv_mnv.vcf.gz	/n/data1/hms/dbmi/park/DATA/ICGC/PCAWG_Final_Datasets_DCC/consensus_cnv/segmented_cn/5b7d5767-2037-4175-aec9-886776343181.consensus.20170119.somatic.cna.txt
5bb37ffc-c623-11e3-bf01-24c6515278c0	/n/data1/hms/dbmi/park/DATA/ICGC/PCAWG_Final_Datasets_DCC/consensus_snv_indel/merged_snv_mnv/5bb37ffc-c623-11e3-bf01-24c6515278c0.consensus.20160830.somatic.snv_mnv.vcf.gz	/n/data1/hms/dbmi/park/DATA/ICGC/PCAWG_Final_Datasets_DCC/consensus_cnv/segmented_cn/5bb37ffc-c623-11e3-bf01-24c6515278c0.consensus.20170119.somatic.cna.txt
5bcf473f-417d-47a5-9745-ac7faf830b1f	/n/data1/hms/dbmi/park/DATA/ICGC/PCAWG_Final_Datasets_DCC/consensus_snv_indel/merged_snv_mnv/5bcf473f-417d-47a5-9745-ac7faf830b1f.consensus.20160830.somatic.snv_mnv.vcf.gz	/n/data1/hms/dbmi/park/DATA/ICGC/PCAWG_Final_Datasets_DCC/consensus_cnv/segmented_cn/5bcf473f-417d-47a5-9745-ac7faf830b1f.consensus.20170119.somatic.cna.txt
5bdca282-c671-48ff-b32b-2380996016c0	/n/data1/hms/dbmi/park/DATA/ICGC/PCAWG_Final_Datasets_DCC/consensus_snv_indel/merged_snv_mnv/5bdca282-c671-48ff-b32b-2380996016c0.consensus.20160830.somatic.snv_mnv.vcf.gz	/n/data1/hms/dbmi/park/DATA/ICGC/PCAWG_Final_Datasets_DCC/consensus_cnv/segmented_cn/5bdca282-c671-48ff-b32b-2380996016c0.consensus.20170119.somatic.cna.txt
5beafbbb-4613-4bab-977a-11c865e13a84	/n/data1/hms/dbmi/park/DATA/ICGC/PCAWG_Final_Datasets_DCC/consensus_snv_indel/merged_snv_mnv/5beafbbb-4613-4bab-977a-11c865e13a84.consensus.20160830.somatic.snv_mnv.vcf.gz	/n/data1/hms/dbmi/park/DATA/ICGC/PCAWG_Final_Datasets_DCC/consensus_cnv/segmented_cn/5beafbbb-4613-4bab-977a-11c865e13a84.consensus.20170119.somatic.cna.txt
5bebc389-de0d-45b8-9d2f-6476988c358a	/n/data1/hms/dbmi/park/DATA/ICGC/PCAWG_Final_Datasets_DCC/consensus_snv_indel/merged_snv_mnv/5bebc389-de0d-45b8-9d2f-6476988c358a.consensus.20160830.somatic.snv_mnv.vcf.gz	/n/data1/hms/dbmi/park/DATA/ICGC/PCAWG_Final_Datasets_DCC/consensus_cnv/segmented_cn/5bebc389-de0d-45b8-9d2f-6476988c358a.consensus.20170119.somatic.cna.txt
5c02d399-07af-4573-a568-bc1b256bc8f8	/n/data1/hms/dbmi/park/DATA/ICGC/PCAWG_Final_Datasets_DCC/consensus_snv_indel/merged_snv_mnv/5c02d399-07af-4573-a568-bc1b256bc8f8.consensus.20160830.somatic.snv_mnv.vcf.gz	/n/data1/hms/dbmi/park/DATA/ICGC/PCAWG_Final_Datasets_DCC/consensus_cnv/segmented_cn/5c02d399-07af-4573-a568-bc1b256bc8f8.consensus.20170119.somatic.cna.txt
5c156f63-6537-4d93-a6c2-4155618cf638	/n/data1/hms/dbmi/park/DATA/ICGC/PCAWG_Final_Datasets_DCC/consensus_snv_indel/merged_snv_mnv/5c156f63-6537-4d93-a6c2-4155618cf638.consensus.20160830.somatic.snv_mnv.vcf.gz	/n/data1/hms/dbmi/park/DATA/ICGC/PCAWG_Final_Datasets_DCC/consensus_cnv/segmented_cn/5c156f63-6537-4d93-a6c2-4155618cf638.consensus.20170119.somatic.cna.txt
5c3def3a-b515-41f6-8157-681b963534e7	/n/data1/hms/dbmi/park/DATA/ICGC/PCAWG_Final_Datasets_DCC/consensus_snv_indel/merged_snv_mnv/5c3def3a-b515-41f6-8157-681b963534e7.consensus.20160830.somatic.snv_mnv.vcf.gz	/n/data1/hms/dbmi/park/DATA/ICGC/PCAWG_Final_Datasets_DCC/consensus_cnv/segmented_cn/5c3def3a-b515-41f6-8157-681b963534e7.consensus.20170119.somatic.cna.txt
5c4b369c-51a3-4ca7-8b9d-2a8e49c0dde7	/n/data1/hms/dbmi/park/DATA/ICGC/PCAWG_Final_Datasets_DCC/consensus_snv_indel/merged_snv_mnv/5c4b369c-51a3-4ca7-8b9d-2a8e49c0dde7.consensus.20160830.somatic.snv_mnv.vcf.gz	/n/data1/hms/dbmi/park/DATA/ICGC/PCAWG_Final_Datasets_DCC/consensus_cnv/segmented_cn/5c4b369c-51a3-4ca7-8b9d-2a8e49c0dde7.consensus.20170119.somatic.cna.txt
5c775f90-83d4-4c1e-88c2-4e1ed1daa96f	/n/data1/hms/dbmi/park/DATA/ICGC/PCAWG_Final_Datasets_DCC/consensus_snv_indel/merged_snv_mnv/5c775f90-83d4-4c1e-88c2-4e1ed1daa96f.consensus.20160830.somatic.snv_mnv.vcf.gz	/n/data1/hms/dbmi/park/DATA/ICGC/PCAWG_Final_Datasets_DCC/consensus_cnv/segmented_cn/5c775f90-83d4-4c1e-88c2-4e1ed1daa96f.consensus.20170119.somatic.cna.txt
5c8da06c-7964-4ad1-ac9e-d1b5507105d2	/n/data1/hms/dbmi/park/DATA/ICGC/PCAWG_Final_Datasets_DCC/consensus_snv_indel/merged_snv_mnv/5c8da06c-7964-4ad1-ac9e-d1b5507105d2.consensus.20160830.somatic.snv_mnv.vcf.gz	/n/data1/hms/dbmi/park/DATA/ICGC/PCAWG_Final_Datasets_DCC/consensus_cnv/segmented_cn/5c8da06c-7964-4ad1-ac9e-d1b5507105d2.consensus.20170119.somatic.cna.txt
5c9b8a2c-c623-11e3-bf01-24c6515278c0	/n/data1/hms/dbmi/park/DATA/ICGC/PCAWG_Final_Datasets_DCC/consensus_snv_indel/merged_snv_mnv/5c9b8a2c-c623-11e3-bf01-24c6515278c0.consensus.20160830.somatic.snv_mnv.vcf.gz	/n/data1/hms/dbmi/park/DATA/ICGC/PCAWG_Final_Datasets_DCC/consensus_cnv/segmented_cn/5c9b8a2c-c623-11e3-bf01-24c6515278c0.consensus.20170119.somatic.cna.txt
5cbd429f-ffab-41ad-8016-422f1c922e99	/n/data1/hms/dbmi/park/DATA/ICGC/PCAWG_Final_Datasets_DCC/consensus_snv_indel/merged_snv_mnv/5cbd429f-ffab-41ad-8016-422f1c922e99.consensus.20160830.somatic.snv_mnv.vcf.gz	/n/data1/hms/dbmi/park/DATA/ICGC/PCAWG_Final_Datasets_DCC/consensus_cnv/segmented_cn/5cbd429f-ffab-41ad-8016-422f1c922e99.consensus.20170119.somatic.cna.txt
5cc7c966-499e-49e3-b509-4eeb00ee03d4	/n/data1/hms/dbmi/park/DATA/ICGC/PCAWG_Final_Datasets_DCC/consensus_snv_indel/merged_snv_mnv/5cc7c966-499e-49e3-b509-4eeb00ee03d4.consensus.20160830.somatic.snv_mnv.vcf.gz	/n/data1/hms/dbmi/park/DATA/ICGC/PCAWG_Final_Datasets_DCC/consensus_cnv/segmented_cn/5cc7c966-499e-49e3-b509-4eeb00ee03d4.consensus.20170119.somatic.cna.txt
5cf21488-c622-11e3-bf01-24c6515278c0	/n/data1/hms/dbmi/park/DATA/ICGC/PCAWG_Final_Datasets_DCC/consensus_snv_indel/merged_snv_mnv/5cf21488-c622-11e3-bf01-24c6515278c0.consensus.20160830.somatic.snv_mnv.vcf.gz	/n/data1/hms/dbmi/park/DATA/ICGC/PCAWG_Final_Datasets_DCC/consensus_cnv/segmented_cn/5cf21488-c622-11e3-bf01-24c6515278c0.consensus.20170119.somatic.cna.txt
5d58b984-e0b8-4237-a576-0e9d4079599e	/n/data1/hms/dbmi/park/DATA/ICGC/PCAWG_Final_Datasets_DCC/consensus_snv_indel/merged_snv_mnv/5d58b984-e0b8-4237-a576-0e9d4079599e.consensus.20160830.somatic.snv_mnv.vcf.gz	/n/data1/hms/dbmi/park/DATA/ICGC/PCAWG_Final_Datasets_DCC/consensus_cnv/segmented_cn/5d58b984-e0b8-4237-a576-0e9d4079599e.consensus.20170119.somatic.cna.txt
5d6ad982-bb01-4233-b8fa-d129460eec79	/n/data1/hms/dbmi/park/DATA/ICGC/PCAWG_Final_Datasets_DCC/consensus_snv_indel/merged_snv_mnv/5d6ad982-bb01-4233-b8fa-d129460eec79.consensus.20160830.somatic.snv_mnv.vcf.gz	/n/data1/hms/dbmi/park/DATA/ICGC/PCAWG_Final_Datasets_DCC/consensus_cnv/segmented_cn/5d6ad982-bb01-4233-b8fa-d129460eec79.consensus.20170119.somatic.cna.txt
5d922e48-aa70-454d-9417-c9af686feebc	/n/data1/hms/dbmi/park/DATA/ICGC/PCAWG_Final_Datasets_DCC/consensus_snv_indel/merged_snv_mnv/5d922e48-aa70-454d-9417-c9af686feebc.consensus.20160830.somatic.snv_mnv.vcf.gz	/n/data1/hms/dbmi/park/DATA/ICGC/PCAWG_Final_Datasets_DCC/consensus_cnv/segmented_cn/5d922e48-aa70-454d-9417-c9af686feebc.consensus.20170119.somatic.cna.txt
5d9ff58c-5702-48fc-a66a-d1276327fd49	/n/data1/hms/dbmi/park/DATA/ICGC/PCAWG_Final_Datasets_DCC/consensus_snv_indel/merged_snv_mnv/5d9ff58c-5702-48fc-a66a-d1276327fd49.consensus.20160830.somatic.snv_mnv.vcf.gz	/n/data1/hms/dbmi/park/DATA/ICGC/PCAWG_Final_Datasets_DCC/consensus_cnv/segmented_cn/5d9ff58c-5702-48fc-a66a-d1276327fd49.consensus.20170119.somatic.cna.txt
5dbf3203-ce73-41e4-bf9a-32fc856f73f5	/n/data1/hms/dbmi/park/DATA/ICGC/PCAWG_Final_Datasets_DCC/consensus_snv_indel/merged_snv_mnv/5dbf3203-ce73-41e4-bf9a-32fc856f73f5.consensus.20160830.somatic.snv_mnv.vcf.gz	/n/data1/hms/dbmi/park/DATA/ICGC/PCAWG_Final_Datasets_DCC/consensus_cnv/segmented_cn/5dbf3203-ce73-41e4-bf9a-32fc856f73f5.consensus.20170119.somatic.cna.txt
5dc6f055-c4f6-49a1-a68c-94cf87cbd363	/n/data1/hms/dbmi/park/DATA/ICGC/PCAWG_Final_Datasets_DCC/consensus_snv_indel/merged_snv_mnv/5dc6f055-c4f6-49a1-a68c-94cf87cbd363.consensus.20160830.somatic.snv_mnv.vcf.gz	/n/data1/hms/dbmi/park/DATA/ICGC/PCAWG_Final_Datasets_DCC/consensus_cnv/segmented_cn/5dc6f055-c4f6-49a1-a68c-94cf87cbd363.consensus.20170119.somatic.cna.txt
5dce221a-c623-11e3-bf01-24c6515278c0	/n/data1/hms/dbmi/park/DATA/ICGC/PCAWG_Final_Datasets_DCC/consensus_snv_indel/merged_snv_mnv/5dce221a-c623-11e3-bf01-24c6515278c0.consensus.20160830.somatic.snv_mnv.vcf.gz	/n/data1/hms/dbmi/park/DATA/ICGC/PCAWG_Final_Datasets_DCC/consensus_cnv/segmented_cn/5dce221a-c623-11e3-bf01-24c6515278c0.consensus.20170119.somatic.cna.txt
5deeaa45-4c1b-4ab2-a487-93c548838f68	/n/data1/hms/dbmi/park/DATA/ICGC/PCAWG_Final_Datasets_DCC/consensus_snv_indel/merged_snv_mnv/5deeaa45-4c1b-4ab2-a487-93c548838f68.consensus.20160830.somatic.snv_mnv.vcf.gz	/n/data1/hms/dbmi/park/DATA/ICGC/PCAWG_Final_Datasets_DCC/consensus_cnv/segmented_cn/5deeaa45-4c1b-4ab2-a487-93c548838f68.consensus.20170119.somatic.cna.txt
5df0aab4-0be2-4da3-a4b7-a10fca09a4ba	/n/data1/hms/dbmi/park/DATA/ICGC/PCAWG_Final_Datasets_DCC/consensus_snv_indel/merged_snv_mnv/5df0aab4-0be2-4da3-a4b7-a10fca09a4ba.consensus.20160830.somatic.snv_mnv.vcf.gz	/n/data1/hms/dbmi/park/DATA/ICGC/PCAWG_Final_Datasets_DCC/consensus_cnv/segmented_cn/5df0aab4-0be2-4da3-a4b7-a10fca09a4ba.consensus.20170119.somatic.cna.txt
5df489bc-6178-49e4-8a42-506f70300dff	/n/data1/hms/dbmi/park/DATA/ICGC/PCAWG_Final_Datasets_DCC/consensus_snv_indel/merged_snv_mnv/5df489bc-6178-49e4-8a42-506f70300dff.consensus.20160830.somatic.snv_mnv.vcf.gz	/n/data1/hms/dbmi/park/DATA/ICGC/PCAWG_Final_Datasets_DCC/consensus_cnv/segmented_cn/5df489bc-6178-49e4-8a42-506f70300dff.consensus.20170119.somatic.cna.txt
5e9c69d2-c622-11e3-bf01-24c6515278c0	/n/data1/hms/dbmi/park/DATA/ICGC/PCAWG_Final_Datasets_DCC/consensus_snv_indel/merged_snv_mnv/5e9c69d2-c622-11e3-bf01-24c6515278c0.consensus.20160830.somatic.snv_mnv.vcf.gz	/n/data1/hms/dbmi/park/DATA/ICGC/PCAWG_Final_Datasets_DCC/consensus_cnv/segmented_cn/5e9c69d2-c622-11e3-bf01-24c6515278c0.consensus.20170119.somatic.cna.txt
5ead73fe-1c34-48ed-b20d-89fc3c82dbd6	/n/data1/hms/dbmi/park/DATA/ICGC/PCAWG_Final_Datasets_DCC/consensus_snv_indel/merged_snv_mnv/5ead73fe-1c34-48ed-b20d-89fc3c82dbd6.consensus.20160830.somatic.snv_mnv.vcf.gz	/n/data1/hms/dbmi/park/DATA/ICGC/PCAWG_Final_Datasets_DCC/consensus_cnv/segmented_cn/5ead73fe-1c34-48ed-b20d-89fc3c82dbd6.consensus.20170119.somatic.cna.txt
5ecc88f7-8391-4168-af11-07a6bf9b3652	/n/data1/hms/dbmi/park/DATA/ICGC/PCAWG_Final_Datasets_DCC/consensus_snv_indel/merged_snv_mnv/5ecc88f7-8391-4168-af11-07a6bf9b3652.consensus.20160830.somatic.snv_mnv.vcf.gz	/n/data1/hms/dbmi/park/DATA/ICGC/PCAWG_Final_Datasets_DCC/consensus_cnv/segmented_cn/5ecc88f7-8391-4168-af11-07a6bf9b3652.consensus.20170119.somatic.cna.txt
5eddfb26-c623-11e3-bf01-24c6515278c0	/n/data1/hms/dbmi/park/DATA/ICGC/PCAWG_Final_Datasets_DCC/consensus_snv_indel/merged_snv_mnv/5eddfb26-c623-11e3-bf01-24c6515278c0.consensus.20160830.somatic.snv_mnv.vcf.gz	/n/data1/hms/dbmi/park/DATA/ICGC/PCAWG_Final_Datasets_DCC/consensus_cnv/segmented_cn/5eddfb26-c623-11e3-bf01-24c6515278c0.consensus.20170119.somatic.cna.txt
5ee1dda9-2e84-4617-af09-2ae02873b44d	/n/data1/hms/dbmi/park/DATA/ICGC/PCAWG_Final_Datasets_DCC/consensus_snv_indel/merged_snv_mnv/5ee1dda9-2e84-4617-af09-2ae02873b44d.consensus.20160830.somatic.snv_mnv.vcf.gz	/n/data1/hms/dbmi/park/DATA/ICGC/PCAWG_Final_Datasets_DCC/consensus_cnv/segmented_cn/5ee1dda9-2e84-4617-af09-2ae02873b44d.consensus.20170119.somatic.cna.txt
5ee28a35-7aa0-48e3-9c14-daca7b0241fe	/n/data1/hms/dbmi/park/DATA/ICGC/PCAWG_Final_Datasets_DCC/consensus_snv_indel/merged_snv_mnv/5ee28a35-7aa0-48e3-9c14-daca7b0241fe.consensus.20160830.somatic.snv_mnv.vcf.gz	/n/data1/hms/dbmi/park/DATA/ICGC/PCAWG_Final_Datasets_DCC/consensus_cnv/segmented_cn/5ee28a35-7aa0-48e3-9c14-daca7b0241fe.consensus.20170119.somatic.cna.txt
5f00a760-fbc0-41f0-b92b-b3c553eac0e5	/n/data1/hms/dbmi/park/DATA/ICGC/PCAWG_Final_Datasets_DCC/consensus_snv_indel/merged_snv_mnv/5f00a760-fbc0-41f0-b92b-b3c553eac0e5.consensus.20160830.somatic.snv_mnv.vcf.gz	/n/data1/hms/dbmi/park/DATA/ICGC/PCAWG_Final_Datasets_DCC/consensus_cnv/segmented_cn/5f00a760-fbc0-41f0-b92b-b3c553eac0e5.consensus.20170119.somatic.cna.txt
5f096d7b-a1ea-4cc2-af73-10108089ae84	/n/data1/hms/dbmi/park/DATA/ICGC/PCAWG_Final_Datasets_DCC/consensus_snv_indel/merged_snv_mnv/5f096d7b-a1ea-4cc2-af73-10108089ae84.consensus.20160830.somatic.snv_mnv.vcf.gz	/n/data1/hms/dbmi/park/DATA/ICGC/PCAWG_Final_Datasets_DCC/consensus_cnv/segmented_cn/5f096d7b-a1ea-4cc2-af73-10108089ae84.consensus.20170119.somatic.cna.txt
5f13e9b8-6c8e-4fd7-aef1-da4e5d5e2a5e	/n/data1/hms/dbmi/park/DATA/ICGC/PCAWG_Final_Datasets_DCC/consensus_snv_indel/merged_snv_mnv/5f13e9b8-6c8e-4fd7-aef1-da4e5d5e2a5e.consensus.20160830.somatic.snv_mnv.vcf.gz	/n/data1/hms/dbmi/park/DATA/ICGC/PCAWG_Final_Datasets_DCC/consensus_cnv/segmented_cn/5f13e9b8-6c8e-4fd7-aef1-da4e5d5e2a5e.consensus.20170119.somatic.cna.txt
5f18b334-6616-406f-8f33-0592b56c14e6	/n/data1/hms/dbmi/park/DATA/ICGC/PCAWG_Final_Datasets_DCC/consensus_snv_indel/merged_snv_mnv/5f18b334-6616-406f-8f33-0592b56c14e6.consensus.20160830.somatic.snv_mnv.vcf.gz	/n/data1/hms/dbmi/park/DATA/ICGC/PCAWG_Final_Datasets_DCC/consensus_cnv/segmented_cn/5f18b334-6616-406f-8f33-0592b56c14e6.consensus.20170119.somatic.cna.txt
5f53bcda-2fd3-4574-9cc2-5efe353372b2	/n/data1/hms/dbmi/park/DATA/ICGC/PCAWG_Final_Datasets_DCC/consensus_snv_indel/merged_snv_mnv/5f53bcda-2fd3-4574-9cc2-5efe353372b2.consensus.20160830.somatic.snv_mnv.vcf.gz	/n/data1/hms/dbmi/park/DATA/ICGC/PCAWG_Final_Datasets_DCC/consensus_cnv/segmented_cn/5f53bcda-2fd3-4574-9cc2-5efe353372b2.consensus.20170119.somatic.cna.txt
5f94cb62-4019-47ff-bf6a-eeda8e9e033c	/n/data1/hms/dbmi/park/DATA/ICGC/PCAWG_Final_Datasets_DCC/consensus_snv_indel/merged_snv_mnv/5f94cb62-4019-47ff-bf6a-eeda8e9e033c.consensus.20160830.somatic.snv_mnv.vcf.gz	/n/data1/hms/dbmi/park/DATA/ICGC/PCAWG_Final_Datasets_DCC/consensus_cnv/segmented_cn/5f94cb62-4019-47ff-bf6a-eeda8e9e033c.consensus.20170119.somatic.cna.txt
5fa88c3a-dbc1-43f2-82b2-e0592f35ce57	/n/data1/hms/dbmi/park/DATA/ICGC/PCAWG_Final_Datasets_DCC/consensus_snv_indel/merged_snv_mnv/5fa88c3a-dbc1-43f2-82b2-e0592f35ce57.consensus.20160830.somatic.snv_mnv.vcf.gz	/n/data1/hms/dbmi/park/DATA/ICGC/PCAWG_Final_Datasets_DCC/consensus_cnv/segmented_cn/5fa88c3a-dbc1-43f2-82b2-e0592f35ce57.consensus.20170119.somatic.cna.txt
5fd632ea-085e-4e9b-8dcc-ec94e492d3bf	/n/data1/hms/dbmi/park/DATA/ICGC/PCAWG_Final_Datasets_DCC/consensus_snv_indel/merged_snv_mnv/5fd632ea-085e-4e9b-8dcc-ec94e492d3bf.consensus.20160830.somatic.snv_mnv.vcf.gz	/n/data1/hms/dbmi/park/DATA/ICGC/PCAWG_Final_Datasets_DCC/consensus_cnv/segmented_cn/5fd632ea-085e-4e9b-8dcc-ec94e492d3bf.consensus.20170119.somatic.cna.txt
5fd77ba9-5015-4d8b-86a0-582e5c76bdd6	/n/data1/hms/dbmi/park/DATA/ICGC/PCAWG_Final_Datasets_DCC/consensus_snv_indel/merged_snv_mnv/5fd77ba9-5015-4d8b-86a0-582e5c76bdd6.consensus.20160830.somatic.snv_mnv.vcf.gz	/n/data1/hms/dbmi/park/DATA/ICGC/PCAWG_Final_Datasets_DCC/consensus_cnv/segmented_cn/5fd77ba9-5015-4d8b-86a0-582e5c76bdd6.consensus.20170119.somatic.cna.txt
5fe83740-0688-46fe-97b4-4c7c8cfa206e	/n/data1/hms/dbmi/park/DATA/ICGC/PCAWG_Final_Datasets_DCC/consensus_snv_indel/merged_snv_mnv/5fe83740-0688-46fe-97b4-4c7c8cfa206e.consensus.20160830.somatic.snv_mnv.vcf.gz	/n/data1/hms/dbmi/park/DATA/ICGC/PCAWG_Final_Datasets_DCC/consensus_cnv/segmented_cn/5fe83740-0688-46fe-97b4-4c7c8cfa206e.consensus.20170119.somatic.cna.txt
5fe8a231-bbac-4f91-a47a-0de4fee752d3	/n/data1/hms/dbmi/park/DATA/ICGC/PCAWG_Final_Datasets_DCC/consensus_snv_indel/merged_snv_mnv/5fe8a231-bbac-4f91-a47a-0de4fee752d3.consensus.20160830.somatic.snv_mnv.vcf.gz	/n/data1/hms/dbmi/park/DATA/ICGC/PCAWG_Final_Datasets_DCC/consensus_cnv/segmented_cn/5fe8a231-bbac-4f91-a47a-0de4fee752d3.consensus.20170119.somatic.cna.txt
6012cb02-c623-11e3-bf01-24c6515278c0	/n/data1/hms/dbmi/park/DATA/ICGC/PCAWG_Final_Datasets_DCC/consensus_snv_indel/merged_snv_mnv/6012cb02-c623-11e3-bf01-24c6515278c0.consensus.20160830.somatic.snv_mnv.vcf.gz	/n/data1/hms/dbmi/park/DATA/ICGC/PCAWG_Final_Datasets_DCC/consensus_cnv/segmented_cn/6012cb02-c623-11e3-bf01-24c6515278c0.consensus.20170119.somatic.cna.txt
603594e3-e427-494c-b9ee-e872d6629563	/n/data1/hms/dbmi/park/DATA/ICGC/PCAWG_Final_Datasets_DCC/consensus_snv_indel/merged_snv_mnv/603594e3-e427-494c-b9ee-e872d6629563.consensus.20160830.somatic.snv_mnv.vcf.gz	/n/data1/hms/dbmi/park/DATA/ICGC/PCAWG_Final_Datasets_DCC/consensus_cnv/segmented_cn/603594e3-e427-494c-b9ee-e872d6629563.consensus.20170119.somatic.cna.txt
60413de1-6cd2-4f74-8180-3bdd394d6d16	/n/data1/hms/dbmi/park/DATA/ICGC/PCAWG_Final_Datasets_DCC/consensus_snv_indel/merged_snv_mnv/60413de1-6cd2-4f74-8180-3bdd394d6d16.consensus.20160830.somatic.snv_mnv.vcf.gz	/n/data1/hms/dbmi/park/DATA/ICGC/PCAWG_Final_Datasets_DCC/consensus_cnv/segmented_cn/60413de1-6cd2-4f74-8180-3bdd394d6d16.consensus.20170119.somatic.cna.txt
6051f40a-99e5-4461-9255-0e70d757b4d5	/n/data1/hms/dbmi/park/DATA/ICGC/PCAWG_Final_Datasets_DCC/consensus_snv_indel/merged_snv_mnv/6051f40a-99e5-4461-9255-0e70d757b4d5.consensus.20160830.somatic.snv_mnv.vcf.gz	/n/data1/hms/dbmi/park/DATA/ICGC/PCAWG_Final_Datasets_DCC/consensus_cnv/segmented_cn/6051f40a-99e5-4461-9255-0e70d757b4d5.consensus.20170119.somatic.cna.txt
60525b38-c34b-479b-86d3-013c7e567b8f	/n/data1/hms/dbmi/park/DATA/ICGC/PCAWG_Final_Datasets_DCC/consensus_snv_indel/merged_snv_mnv/60525b38-c34b-479b-86d3-013c7e567b8f.consensus.20160830.somatic.snv_mnv.vcf.gz	/n/data1/hms/dbmi/park/DATA/ICGC/PCAWG_Final_Datasets_DCC/consensus_cnv/segmented_cn/60525b38-c34b-479b-86d3-013c7e567b8f.consensus.20170119.somatic.cna.txt
606d7f5e-ff98-4245-a9ac-281f5074f97a	/n/data1/hms/dbmi/park/DATA/ICGC/PCAWG_Final_Datasets_DCC/consensus_snv_indel/merged_snv_mnv/606d7f5e-ff98-4245-a9ac-281f5074f97a.consensus.20160830.somatic.snv_mnv.vcf.gz	/n/data1/hms/dbmi/park/DATA/ICGC/PCAWG_Final_Datasets_DCC/consensus_cnv/segmented_cn/606d7f5e-ff98-4245-a9ac-281f5074f97a.consensus.20170119.somatic.cna.txt
60aff7a0-4960-4ed1-922b-3233ccbfdba1	/n/data1/hms/dbmi/park/DATA/ICGC/PCAWG_Final_Datasets_DCC/consensus_snv_indel/merged_snv_mnv/60aff7a0-4960-4ed1-922b-3233ccbfdba1.consensus.20160830.somatic.snv_mnv.vcf.gz	/n/data1/hms/dbmi/park/DATA/ICGC/PCAWG_Final_Datasets_DCC/consensus_cnv/segmented_cn/60aff7a0-4960-4ed1-922b-3233ccbfdba1.consensus.20170119.somatic.cna.txt
60c33e32-7e19-4e71-b075-a63fcf27e660	/n/data1/hms/dbmi/park/DATA/ICGC/PCAWG_Final_Datasets_DCC/consensus_snv_indel/merged_snv_mnv/60c33e32-7e19-4e71-b075-a63fcf27e660.consensus.20160830.somatic.snv_mnv.vcf.gz	/n/data1/hms/dbmi/park/DATA/ICGC/PCAWG_Final_Datasets_DCC/consensus_cnv/segmented_cn/60c33e32-7e19-4e71-b075-a63fcf27e660.consensus.20170119.somatic.cna.txt
60e78c80-41a5-456a-9a81-9007d18fd72c	/n/data1/hms/dbmi/park/DATA/ICGC/PCAWG_Final_Datasets_DCC/consensus_snv_indel/merged_snv_mnv/60e78c80-41a5-456a-9a81-9007d18fd72c.consensus.20160830.somatic.snv_mnv.vcf.gz	/n/data1/hms/dbmi/park/DATA/ICGC/PCAWG_Final_Datasets_DCC/consensus_cnv/segmented_cn/60e78c80-41a5-456a-9a81-9007d18fd72c.consensus.20170119.somatic.cna.txt
60f81dba-c623-11e3-bf01-24c6515278c0	/n/data1/hms/dbmi/park/DATA/ICGC/PCAWG_Final_Datasets_DCC/consensus_snv_indel/merged_snv_mnv/60f81dba-c623-11e3-bf01-24c6515278c0.consensus.20160830.somatic.snv_mnv.vcf.gz	/n/data1/hms/dbmi/park/DATA/ICGC/PCAWG_Final_Datasets_DCC/consensus_cnv/segmented_cn/60f81dba-c623-11e3-bf01-24c6515278c0.consensus.20170119.somatic.cna.txt
616ff577-c5c3-432e-a857-f29901de119c	/n/data1/hms/dbmi/park/DATA/ICGC/PCAWG_Final_Datasets_DCC/consensus_snv_indel/merged_snv_mnv/616ff577-c5c3-432e-a857-f29901de119c.consensus.20160830.somatic.snv_mnv.vcf.gz	/n/data1/hms/dbmi/park/DATA/ICGC/PCAWG_Final_Datasets_DCC/consensus_cnv/segmented_cn/616ff577-c5c3-432e-a857-f29901de119c.consensus.20170119.somatic.cna.txt
6172ca02-c622-11e3-bf01-24c6515278c0	/n/data1/hms/dbmi/park/DATA/ICGC/PCAWG_Final_Datasets_DCC/consensus_snv_indel/merged_snv_mnv/6172ca02-c622-11e3-bf01-24c6515278c0.consensus.20160830.somatic.snv_mnv.vcf.gz	/n/data1/hms/dbmi/park/DATA/ICGC/PCAWG_Final_Datasets_DCC/consensus_cnv/segmented_cn/6172ca02-c622-11e3-bf01-24c6515278c0.consensus.20170119.somatic.cna.txt
61973578-4c0d-4a3f-b9c4-f96ceab24629	/n/data1/hms/dbmi/park/DATA/ICGC/PCAWG_Final_Datasets_DCC/consensus_snv_indel/merged_snv_mnv/61973578-4c0d-4a3f-b9c4-f96ceab24629.consensus.20160830.somatic.snv_mnv.vcf.gz	/n/data1/hms/dbmi/park/DATA/ICGC/PCAWG_Final_Datasets_DCC/consensus_cnv/segmented_cn/61973578-4c0d-4a3f-b9c4-f96ceab24629.consensus.20170119.somatic.cna.txt
61a48c69-4f7d-4dc6-aff7-88a6c33137df	/n/data1/hms/dbmi/park/DATA/ICGC/PCAWG_Final_Datasets_DCC/consensus_snv_indel/merged_snv_mnv/61a48c69-4f7d-4dc6-aff7-88a6c33137df.consensus.20160830.somatic.snv_mnv.vcf.gz	/n/data1/hms/dbmi/park/DATA/ICGC/PCAWG_Final_Datasets_DCC/consensus_cnv/segmented_cn/61a48c69-4f7d-4dc6-aff7-88a6c33137df.consensus.20170119.somatic.cna.txt
61cad26a-cbc6-4977-83b9-dc61e49f2861	/n/data1/hms/dbmi/park/DATA/ICGC/PCAWG_Final_Datasets_DCC/consensus_snv_indel/merged_snv_mnv/61cad26a-cbc6-4977-83b9-dc61e49f2861.consensus.20160830.somatic.snv_mnv.vcf.gz	/n/data1/hms/dbmi/park/DATA/ICGC/PCAWG_Final_Datasets_DCC/consensus_cnv/segmented_cn/61cad26a-cbc6-4977-83b9-dc61e49f2861.consensus.20170119.somatic.cna.txt
61d941f1-87df-43af-8a29-b6809c809275	/n/data1/hms/dbmi/park/DATA/ICGC/PCAWG_Final_Datasets_DCC/consensus_snv_indel/merged_snv_mnv/61d941f1-87df-43af-8a29-b6809c809275.consensus.20160830.somatic.snv_mnv.vcf.gz	/n/data1/hms/dbmi/park/DATA/ICGC/PCAWG_Final_Datasets_DCC/consensus_cnv/segmented_cn/61d941f1-87df-43af-8a29-b6809c809275.consensus.20170119.somatic.cna.txt
6218f366-d5d2-4289-a95e-eeedfae7523a	/n/data1/hms/dbmi/park/DATA/ICGC/PCAWG_Final_Datasets_DCC/consensus_snv_indel/merged_snv_mnv/6218f366-d5d2-4289-a95e-eeedfae7523a.consensus.20160830.somatic.snv_mnv.vcf.gz	/n/data1/hms/dbmi/park/DATA/ICGC/PCAWG_Final_Datasets_DCC/consensus_cnv/segmented_cn/6218f366-d5d2-4289-a95e-eeedfae7523a.consensus.20170119.somatic.cna.txt
622eaa04-b8f9-471b-98b0-7befd119f14c	/n/data1/hms/dbmi/park/DATA/ICGC/PCAWG_Final_Datasets_DCC/consensus_snv_indel/merged_snv_mnv/622eaa04-b8f9-471b-98b0-7befd119f14c.consensus.20160830.somatic.snv_mnv.vcf.gz	/n/data1/hms/dbmi/park/DATA/ICGC/PCAWG_Final_Datasets_DCC/consensus_cnv/segmented_cn/622eaa04-b8f9-471b-98b0-7befd119f14c.consensus.20170119.somatic.cna.txt
6239e340-d50c-45b1-a7ca-e1135671ae0f	/n/data1/hms/dbmi/park/DATA/ICGC/PCAWG_Final_Datasets_DCC/consensus_snv_indel/merged_snv_mnv/6239e340-d50c-45b1-a7ca-e1135671ae0f.consensus.20160830.somatic.snv_mnv.vcf.gz	/n/data1/hms/dbmi/park/DATA/ICGC/PCAWG_Final_Datasets_DCC/consensus_cnv/segmented_cn/6239e340-d50c-45b1-a7ca-e1135671ae0f.consensus.20170119.somatic.cna.txt
626c9788-d70c-449b-b9dc-5e3f6fc00991	/n/data1/hms/dbmi/park/DATA/ICGC/PCAWG_Final_Datasets_DCC/consensus_snv_indel/merged_snv_mnv/626c9788-d70c-449b-b9dc-5e3f6fc00991.consensus.20160830.somatic.snv_mnv.vcf.gz	/n/data1/hms/dbmi/park/DATA/ICGC/PCAWG_Final_Datasets_DCC/consensus_cnv/segmented_cn/626c9788-d70c-449b-b9dc-5e3f6fc00991.consensus.20170119.somatic.cna.txt
627823ec-c623-11e3-bf01-24c6515278c0	/n/data1/hms/dbmi/park/DATA/ICGC/PCAWG_Final_Datasets_DCC/consensus_snv_indel/merged_snv_mnv/627823ec-c623-11e3-bf01-24c6515278c0.consensus.20160830.somatic.snv_mnv.vcf.gz	/n/data1/hms/dbmi/park/DATA/ICGC/PCAWG_Final_Datasets_DCC/consensus_cnv/segmented_cn/627823ec-c623-11e3-bf01-24c6515278c0.consensus.20170119.somatic.cna.txt
6297aa77-37a0-4f46-987b-32bd8653c0c2	/n/data1/hms/dbmi/park/DATA/ICGC/PCAWG_Final_Datasets_DCC/consensus_snv_indel/merged_snv_mnv/6297aa77-37a0-4f46-987b-32bd8653c0c2.consensus.20160830.somatic.snv_mnv.vcf.gz	/n/data1/hms/dbmi/park/DATA/ICGC/PCAWG_Final_Datasets_DCC/consensus_cnv/segmented_cn/6297aa77-37a0-4f46-987b-32bd8653c0c2.consensus.20170119.somatic.cna.txt
62ac7c91-da99-4144-b927-e90528dcd8d4	/n/data1/hms/dbmi/park/DATA/ICGC/PCAWG_Final_Datasets_DCC/consensus_snv_indel/merged_snv_mnv/62ac7c91-da99-4144-b927-e90528dcd8d4.consensus.20160830.somatic.snv_mnv.vcf.gz	/n/data1/hms/dbmi/park/DATA/ICGC/PCAWG_Final_Datasets_DCC/consensus_cnv/segmented_cn/62ac7c91-da99-4144-b927-e90528dcd8d4.consensus.20170119.somatic.cna.txt
62ea1264-47b6-4a6b-9fa6-779837f8e905	/n/data1/hms/dbmi/park/DATA/ICGC/PCAWG_Final_Datasets_DCC/consensus_snv_indel/merged_snv_mnv/62ea1264-47b6-4a6b-9fa6-779837f8e905.consensus.20160830.somatic.snv_mnv.vcf.gz	/n/data1/hms/dbmi/park/DATA/ICGC/PCAWG_Final_Datasets_DCC/consensus_cnv/segmented_cn/62ea1264-47b6-4a6b-9fa6-779837f8e905.consensus.20170119.somatic.cna.txt
62fceb56-8c6e-4d20-9d2f-5b7042854d23	/n/data1/hms/dbmi/park/DATA/ICGC/PCAWG_Final_Datasets_DCC/consensus_snv_indel/merged_snv_mnv/62fceb56-8c6e-4d20-9d2f-5b7042854d23.consensus.20160830.somatic.snv_mnv.vcf.gz	/n/data1/hms/dbmi/park/DATA/ICGC/PCAWG_Final_Datasets_DCC/consensus_cnv/segmented_cn/62fceb56-8c6e-4d20-9d2f-5b7042854d23.consensus.20170119.somatic.cna.txt
631ab9d0-5400-400c-b0bc-c3e576bcfe06	/n/data1/hms/dbmi/park/DATA/ICGC/PCAWG_Final_Datasets_DCC/consensus_snv_indel/merged_snv_mnv/631ab9d0-5400-400c-b0bc-c3e576bcfe06.consensus.20160830.somatic.snv_mnv.vcf.gz	/n/data1/hms/dbmi/park/DATA/ICGC/PCAWG_Final_Datasets_DCC/consensus_cnv/segmented_cn/631ab9d0-5400-400c-b0bc-c3e576bcfe06.consensus.20170119.somatic.cna.txt
631eedb3-dbd1-4606-90e1-ea91b9a77a5a	/n/data1/hms/dbmi/park/DATA/ICGC/PCAWG_Final_Datasets_DCC/consensus_snv_indel/merged_snv_mnv/631eedb3-dbd1-4606-90e1-ea91b9a77a5a.consensus.20160830.somatic.snv_mnv.vcf.gz	/n/data1/hms/dbmi/park/DATA/ICGC/PCAWG_Final_Datasets_DCC/consensus_cnv/segmented_cn/631eedb3-dbd1-4606-90e1-ea91b9a77a5a.consensus.20170119.somatic.cna.txt
632f3eb0-c623-11e3-bf01-24c6515278c0	/n/data1/hms/dbmi/park/DATA/ICGC/PCAWG_Final_Datasets_DCC/consensus_snv_indel/merged_snv_mnv/632f3eb0-c623-11e3-bf01-24c6515278c0.consensus.20160830.somatic.snv_mnv.vcf.gz	/n/data1/hms/dbmi/park/DATA/ICGC/PCAWG_Final_Datasets_DCC/consensus_cnv/segmented_cn/632f3eb0-c623-11e3-bf01-24c6515278c0.consensus.20170119.somatic.cna.txt
637208b2-d8b6-45a3-a389-6f34db18fea4	/n/data1/hms/dbmi/park/DATA/ICGC/PCAWG_Final_Datasets_DCC/consensus_snv_indel/merged_snv_mnv/637208b2-d8b6-45a3-a389-6f34db18fea4.consensus.20160830.somatic.snv_mnv.vcf.gz	/n/data1/hms/dbmi/park/DATA/ICGC/PCAWG_Final_Datasets_DCC/consensus_cnv/segmented_cn/637208b2-d8b6-45a3-a389-6f34db18fea4.consensus.20170119.somatic.cna.txt
63762458-902a-4329-a823-703b54cb5f9d	/n/data1/hms/dbmi/park/DATA/ICGC/PCAWG_Final_Datasets_DCC/consensus_snv_indel/merged_snv_mnv/63762458-902a-4329-a823-703b54cb5f9d.consensus.20160830.somatic.snv_mnv.vcf.gz	/n/data1/hms/dbmi/park/DATA/ICGC/PCAWG_Final_Datasets_DCC/consensus_cnv/segmented_cn/63762458-902a-4329-a823-703b54cb5f9d.consensus.20170119.somatic.cna.txt
63a907ff-1042-4f9c-a385-55a32b3e103b	/n/data1/hms/dbmi/park/DATA/ICGC/PCAWG_Final_Datasets_DCC/consensus_snv_indel/merged_snv_mnv/63a907ff-1042-4f9c-a385-55a32b3e103b.consensus.20160830.somatic.snv_mnv.vcf.gz	/n/data1/hms/dbmi/park/DATA/ICGC/PCAWG_Final_Datasets_DCC/consensus_cnv/segmented_cn/63a907ff-1042-4f9c-a385-55a32b3e103b.consensus.20170119.somatic.cna.txt
63adc09c-e1b1-40dd-9c35-2f8276b656fc	/n/data1/hms/dbmi/park/DATA/ICGC/PCAWG_Final_Datasets_DCC/consensus_snv_indel/merged_snv_mnv/63adc09c-e1b1-40dd-9c35-2f8276b656fc.consensus.20160830.somatic.snv_mnv.vcf.gz	/n/data1/hms/dbmi/park/DATA/ICGC/PCAWG_Final_Datasets_DCC/consensus_cnv/segmented_cn/63adc09c-e1b1-40dd-9c35-2f8276b656fc.consensus.20170119.somatic.cna.txt
63bc376e-5a3d-44fd-8d77-686dfc41e458	/n/data1/hms/dbmi/park/DATA/ICGC/PCAWG_Final_Datasets_DCC/consensus_snv_indel/merged_snv_mnv/63bc376e-5a3d-44fd-8d77-686dfc41e458.consensus.20160830.somatic.snv_mnv.vcf.gz	/n/data1/hms/dbmi/park/DATA/ICGC/PCAWG_Final_Datasets_DCC/consensus_cnv/segmented_cn/63bc376e-5a3d-44fd-8d77-686dfc41e458.consensus.20170119.somatic.cna.txt
63d0c49d-918d-41fb-808a-1f8001981917	/n/data1/hms/dbmi/park/DATA/ICGC/PCAWG_Final_Datasets_DCC/consensus_snv_indel/merged_snv_mnv/63d0c49d-918d-41fb-808a-1f8001981917.consensus.20160830.somatic.snv_mnv.vcf.gz	/n/data1/hms/dbmi/park/DATA/ICGC/PCAWG_Final_Datasets_DCC/consensus_cnv/segmented_cn/63d0c49d-918d-41fb-808a-1f8001981917.consensus.20170119.somatic.cna.txt
63db50d6-5ef2-44d0-9906-26eae74ecf44	/n/data1/hms/dbmi/park/DATA/ICGC/PCAWG_Final_Datasets_DCC/consensus_snv_indel/merged_snv_mnv/63db50d6-5ef2-44d0-9906-26eae74ecf44.consensus.20160830.somatic.snv_mnv.vcf.gz	/n/data1/hms/dbmi/park/DATA/ICGC/PCAWG_Final_Datasets_DCC/consensus_cnv/segmented_cn/63db50d6-5ef2-44d0-9906-26eae74ecf44.consensus.20170119.somatic.cna.txt
63ea274b-d42b-4787-9c54-8ee95ea376ec	/n/data1/hms/dbmi/park/DATA/ICGC/PCAWG_Final_Datasets_DCC/consensus_snv_indel/merged_snv_mnv/63ea274b-d42b-4787-9c54-8ee95ea376ec.consensus.20160830.somatic.snv_mnv.vcf.gz	/n/data1/hms/dbmi/park/DATA/ICGC/PCAWG_Final_Datasets_DCC/consensus_cnv/segmented_cn/63ea274b-d42b-4787-9c54-8ee95ea376ec.consensus.20170119.somatic.cna.txt
63f5bb12-1b20-49d4-9e98-570e368f947d	/n/data1/hms/dbmi/park/DATA/ICGC/PCAWG_Final_Datasets_DCC/consensus_snv_indel/merged_snv_mnv/63f5bb12-1b20-49d4-9e98-570e368f947d.consensus.20160830.somatic.snv_mnv.vcf.gz	/n/data1/hms/dbmi/park/DATA/ICGC/PCAWG_Final_Datasets_DCC/consensus_cnv/segmented_cn/63f5bb12-1b20-49d4-9e98-570e368f947d.consensus.20170119.somatic.cna.txt
63faa59e-6649-412e-823a-338d0662ec72	/n/data1/hms/dbmi/park/DATA/ICGC/PCAWG_Final_Datasets_DCC/consensus_snv_indel/merged_snv_mnv/63faa59e-6649-412e-823a-338d0662ec72.consensus.20160830.somatic.snv_mnv.vcf.gz	/n/data1/hms/dbmi/park/DATA/ICGC/PCAWG_Final_Datasets_DCC/consensus_cnv/segmented_cn/63faa59e-6649-412e-823a-338d0662ec72.consensus.20170119.somatic.cna.txt
63fef3fe-c622-11e3-bf01-24c6515278c0	/n/data1/hms/dbmi/park/DATA/ICGC/PCAWG_Final_Datasets_DCC/consensus_snv_indel/merged_snv_mnv/63fef3fe-c622-11e3-bf01-24c6515278c0.consensus.20160830.somatic.snv_mnv.vcf.gz	/n/data1/hms/dbmi/park/DATA/ICGC/PCAWG_Final_Datasets_DCC/consensus_cnv/segmented_cn/63fef3fe-c622-11e3-bf01-24c6515278c0.consensus.20170119.somatic.cna.txt
6400c324-2c94-477d-acb9-669d4ea46f1e	/n/data1/hms/dbmi/park/DATA/ICGC/PCAWG_Final_Datasets_DCC/consensus_snv_indel/merged_snv_mnv/6400c324-2c94-477d-acb9-669d4ea46f1e.consensus.20160830.somatic.snv_mnv.vcf.gz	/n/data1/hms/dbmi/park/DATA/ICGC/PCAWG_Final_Datasets_DCC/consensus_cnv/segmented_cn/6400c324-2c94-477d-acb9-669d4ea46f1e.consensus.20170119.somatic.cna.txt
642e1379-1061-40bc-9a4c-f7c191e84d9d	/n/data1/hms/dbmi/park/DATA/ICGC/PCAWG_Final_Datasets_DCC/consensus_snv_indel/merged_snv_mnv/642e1379-1061-40bc-9a4c-f7c191e84d9d.consensus.20160830.somatic.snv_mnv.vcf.gz	/n/data1/hms/dbmi/park/DATA/ICGC/PCAWG_Final_Datasets_DCC/consensus_cnv/segmented_cn/642e1379-1061-40bc-9a4c-f7c191e84d9d.consensus.20170119.somatic.cna.txt
64446aec-c125-4c81-b9cc-62482cb1aaed	/n/data1/hms/dbmi/park/DATA/ICGC/PCAWG_Final_Datasets_DCC/consensus_snv_indel/merged_snv_mnv/64446aec-c125-4c81-b9cc-62482cb1aaed.consensus.20160830.somatic.snv_mnv.vcf.gz	/n/data1/hms/dbmi/park/DATA/ICGC/PCAWG_Final_Datasets_DCC/consensus_cnv/segmented_cn/64446aec-c125-4c81-b9cc-62482cb1aaed.consensus.20170119.somatic.cna.txt
644c669b-937b-4adc-81b9-6a1811cba9da	/n/data1/hms/dbmi/park/DATA/ICGC/PCAWG_Final_Datasets_DCC/consensus_snv_indel/merged_snv_mnv/644c669b-937b-4adc-81b9-6a1811cba9da.consensus.20160830.somatic.snv_mnv.vcf.gz	/n/data1/hms/dbmi/park/DATA/ICGC/PCAWG_Final_Datasets_DCC/consensus_cnv/segmented_cn/644c669b-937b-4adc-81b9-6a1811cba9da.consensus.20170119.somatic.cna.txt
64623aaa-a274-4baa-8b71-958d9c8df733	/n/data1/hms/dbmi/park/DATA/ICGC/PCAWG_Final_Datasets_DCC/consensus_snv_indel/merged_snv_mnv/64623aaa-a274-4baa-8b71-958d9c8df733.consensus.20160830.somatic.snv_mnv.vcf.gz	/n/data1/hms/dbmi/park/DATA/ICGC/PCAWG_Final_Datasets_DCC/consensus_cnv/segmented_cn/64623aaa-a274-4baa-8b71-958d9c8df733.consensus.20170119.somatic.cna.txt
6495e68e-1434-45d3-a03d-f286447dda79	/n/data1/hms/dbmi/park/DATA/ICGC/PCAWG_Final_Datasets_DCC/consensus_snv_indel/merged_snv_mnv/6495e68e-1434-45d3-a03d-f286447dda79.consensus.20160830.somatic.snv_mnv.vcf.gz	/n/data1/hms/dbmi/park/DATA/ICGC/PCAWG_Final_Datasets_DCC/consensus_cnv/segmented_cn/6495e68e-1434-45d3-a03d-f286447dda79.consensus.20170119.somatic.cna.txt
649f2c20-5b50-40a8-a6fd-9a51f3d5b9df	/n/data1/hms/dbmi/park/DATA/ICGC/PCAWG_Final_Datasets_DCC/consensus_snv_indel/merged_snv_mnv/649f2c20-5b50-40a8-a6fd-9a51f3d5b9df.consensus.20160830.somatic.snv_mnv.vcf.gz	/n/data1/hms/dbmi/park/DATA/ICGC/PCAWG_Final_Datasets_DCC/consensus_cnv/segmented_cn/649f2c20-5b50-40a8-a6fd-9a51f3d5b9df.consensus.20170119.somatic.cna.txt
64a17d5b-8f40-4ccf-8f2f-e68c5fe6b1ff	/n/data1/hms/dbmi/park/DATA/ICGC/PCAWG_Final_Datasets_DCC/consensus_snv_indel/merged_snv_mnv/64a17d5b-8f40-4ccf-8f2f-e68c5fe6b1ff.consensus.20160830.somatic.snv_mnv.vcf.gz	/n/data1/hms/dbmi/park/DATA/ICGC/PCAWG_Final_Datasets_DCC/consensus_cnv/segmented_cn/64a17d5b-8f40-4ccf-8f2f-e68c5fe6b1ff.consensus.20170119.somatic.cna.txt
64b80154-c623-11e3-bf01-24c6515278c0	/n/data1/hms/dbmi/park/DATA/ICGC/PCAWG_Final_Datasets_DCC/consensus_snv_indel/merged_snv_mnv/64b80154-c623-11e3-bf01-24c6515278c0.consensus.20160830.somatic.snv_mnv.vcf.gz	/n/data1/hms/dbmi/park/DATA/ICGC/PCAWG_Final_Datasets_DCC/consensus_cnv/segmented_cn/64b80154-c623-11e3-bf01-24c6515278c0.consensus.20170119.somatic.cna.txt
64c2e6a0-2341-49c4-a6dd-656e7bb505dd	/n/data1/hms/dbmi/park/DATA/ICGC/PCAWG_Final_Datasets_DCC/consensus_snv_indel/merged_snv_mnv/64c2e6a0-2341-49c4-a6dd-656e7bb505dd.consensus.20160830.somatic.snv_mnv.vcf.gz	/n/data1/hms/dbmi/park/DATA/ICGC/PCAWG_Final_Datasets_DCC/consensus_cnv/segmented_cn/64c2e6a0-2341-49c4-a6dd-656e7bb505dd.consensus.20170119.somatic.cna.txt
64dd81e1-35fa-4579-8a4c-f7486adbb949	/n/data1/hms/dbmi/park/DATA/ICGC/PCAWG_Final_Datasets_DCC/consensus_snv_indel/merged_snv_mnv/64dd81e1-35fa-4579-8a4c-f7486adbb949.consensus.20160830.somatic.snv_mnv.vcf.gz	/n/data1/hms/dbmi/park/DATA/ICGC/PCAWG_Final_Datasets_DCC/consensus_cnv/segmented_cn/64dd81e1-35fa-4579-8a4c-f7486adbb949.consensus.20170119.somatic.cna.txt
64e5ee38-e5c6-4911-ad87-c50dd8e52f1b	/n/data1/hms/dbmi/park/DATA/ICGC/PCAWG_Final_Datasets_DCC/consensus_snv_indel/merged_snv_mnv/64e5ee38-e5c6-4911-ad87-c50dd8e52f1b.consensus.20160830.somatic.snv_mnv.vcf.gz	/n/data1/hms/dbmi/park/DATA/ICGC/PCAWG_Final_Datasets_DCC/consensus_cnv/segmented_cn/64e5ee38-e5c6-4911-ad87-c50dd8e52f1b.consensus.20170119.somatic.cna.txt
64f696a6-58b2-40a8-b848-fd775cd52529	/n/data1/hms/dbmi/park/DATA/ICGC/PCAWG_Final_Datasets_DCC/consensus_snv_indel/merged_snv_mnv/64f696a6-58b2-40a8-b848-fd775cd52529.consensus.20160830.somatic.snv_mnv.vcf.gz	/n/data1/hms/dbmi/park/DATA/ICGC/PCAWG_Final_Datasets_DCC/consensus_cnv/segmented_cn/64f696a6-58b2-40a8-b848-fd775cd52529.consensus.20170119.somatic.cna.txt
6507e084-c038-4ba6-a431-fb9a53190d5f	/n/data1/hms/dbmi/park/DATA/ICGC/PCAWG_Final_Datasets_DCC/consensus_snv_indel/merged_snv_mnv/6507e084-c038-4ba6-a431-fb9a53190d5f.consensus.20160830.somatic.snv_mnv.vcf.gz	/n/data1/hms/dbmi/park/DATA/ICGC/PCAWG_Final_Datasets_DCC/consensus_cnv/segmented_cn/6507e084-c038-4ba6-a431-fb9a53190d5f.consensus.20170119.somatic.cna.txt
650fe009-da01-4717-89df-9c95fafe3d7e	/n/data1/hms/dbmi/park/DATA/ICGC/PCAWG_Final_Datasets_DCC/consensus_snv_indel/merged_snv_mnv/650fe009-da01-4717-89df-9c95fafe3d7e.consensus.20160830.somatic.snv_mnv.vcf.gz	/n/data1/hms/dbmi/park/DATA/ICGC/PCAWG_Final_Datasets_DCC/consensus_cnv/segmented_cn/650fe009-da01-4717-89df-9c95fafe3d7e.consensus.20170119.somatic.cna.txt
6527aa5a-c622-11e3-bf01-24c6515278c0	/n/data1/hms/dbmi/park/DATA/ICGC/PCAWG_Final_Datasets_DCC/consensus_snv_indel/merged_snv_mnv/6527aa5a-c622-11e3-bf01-24c6515278c0.consensus.20160830.somatic.snv_mnv.vcf.gz	/n/data1/hms/dbmi/park/DATA/ICGC/PCAWG_Final_Datasets_DCC/consensus_cnv/segmented_cn/6527aa5a-c622-11e3-bf01-24c6515278c0.consensus.20170119.somatic.cna.txt
654dba9f-cfe5-4121-97c7-868613cdef53	/n/data1/hms/dbmi/park/DATA/ICGC/PCAWG_Final_Datasets_DCC/consensus_snv_indel/merged_snv_mnv/654dba9f-cfe5-4121-97c7-868613cdef53.consensus.20160830.somatic.snv_mnv.vcf.gz	/n/data1/hms/dbmi/park/DATA/ICGC/PCAWG_Final_Datasets_DCC/consensus_cnv/segmented_cn/654dba9f-cfe5-4121-97c7-868613cdef53.consensus.20170119.somatic.cna.txt
6551ec26-4166-4d4f-bee2-444ea2466978	/n/data1/hms/dbmi/park/DATA/ICGC/PCAWG_Final_Datasets_DCC/consensus_snv_indel/merged_snv_mnv/6551ec26-4166-4d4f-bee2-444ea2466978.consensus.20160830.somatic.snv_mnv.vcf.gz	/n/data1/hms/dbmi/park/DATA/ICGC/PCAWG_Final_Datasets_DCC/consensus_cnv/segmented_cn/6551ec26-4166-4d4f-bee2-444ea2466978.consensus.20170119.somatic.cna.txt
65723119-bdfe-46f0-b629-c171023abd71	/n/data1/hms/dbmi/park/DATA/ICGC/PCAWG_Final_Datasets_DCC/consensus_snv_indel/merged_snv_mnv/65723119-bdfe-46f0-b629-c171023abd71.consensus.20160830.somatic.snv_mnv.vcf.gz	/n/data1/hms/dbmi/park/DATA/ICGC/PCAWG_Final_Datasets_DCC/consensus_cnv/segmented_cn/65723119-bdfe-46f0-b629-c171023abd71.consensus.20170119.somatic.cna.txt
65be412d-46c3-4cbf-9b46-b35351e53065	/n/data1/hms/dbmi/park/DATA/ICGC/PCAWG_Final_Datasets_DCC/consensus_snv_indel/merged_snv_mnv/65be412d-46c3-4cbf-9b46-b35351e53065.consensus.20160830.somatic.snv_mnv.vcf.gz	/n/data1/hms/dbmi/park/DATA/ICGC/PCAWG_Final_Datasets_DCC/consensus_cnv/segmented_cn/65be412d-46c3-4cbf-9b46-b35351e53065.consensus.20170119.somatic.cna.txt
65d2dbc3-a163-4696-b246-47a430e66572	/n/data1/hms/dbmi/park/DATA/ICGC/PCAWG_Final_Datasets_DCC/consensus_snv_indel/merged_snv_mnv/65d2dbc3-a163-4696-b246-47a430e66572.consensus.20160830.somatic.snv_mnv.vcf.gz	/n/data1/hms/dbmi/park/DATA/ICGC/PCAWG_Final_Datasets_DCC/consensus_cnv/segmented_cn/65d2dbc3-a163-4696-b246-47a430e66572.consensus.20170119.somatic.cna.txt
65f702b8-c623-11e3-bf01-24c6515278c0	/n/data1/hms/dbmi/park/DATA/ICGC/PCAWG_Final_Datasets_DCC/consensus_snv_indel/merged_snv_mnv/65f702b8-c623-11e3-bf01-24c6515278c0.consensus.20160830.somatic.snv_mnv.vcf.gz	/n/data1/hms/dbmi/park/DATA/ICGC/PCAWG_Final_Datasets_DCC/consensus_cnv/segmented_cn/65f702b8-c623-11e3-bf01-24c6515278c0.consensus.20170119.somatic.cna.txt
65f9a820-f026-4a10-8bb7-1fbc3b38321e	/n/data1/hms/dbmi/park/DATA/ICGC/PCAWG_Final_Datasets_DCC/consensus_snv_indel/merged_snv_mnv/65f9a820-f026-4a10-8bb7-1fbc3b38321e.consensus.20160830.somatic.snv_mnv.vcf.gz	/n/data1/hms/dbmi/park/DATA/ICGC/PCAWG_Final_Datasets_DCC/consensus_cnv/segmented_cn/65f9a820-f026-4a10-8bb7-1fbc3b38321e.consensus.20170119.somatic.cna.txt
6622f932-c622-11e3-bf01-24c6515278c0	/n/data1/hms/dbmi/park/DATA/ICGC/PCAWG_Final_Datasets_DCC/consensus_snv_indel/merged_snv_mnv/6622f932-c622-11e3-bf01-24c6515278c0.consensus.20160830.somatic.snv_mnv.vcf.gz	/n/data1/hms/dbmi/park/DATA/ICGC/PCAWG_Final_Datasets_DCC/consensus_cnv/segmented_cn/6622f932-c622-11e3-bf01-24c6515278c0.consensus.20170119.somatic.cna.txt
66290cc6-1f1f-4a0b-83d1-423952da4840	/n/data1/hms/dbmi/park/DATA/ICGC/PCAWG_Final_Datasets_DCC/consensus_snv_indel/merged_snv_mnv/66290cc6-1f1f-4a0b-83d1-423952da4840.consensus.20160830.somatic.snv_mnv.vcf.gz	/n/data1/hms/dbmi/park/DATA/ICGC/PCAWG_Final_Datasets_DCC/consensus_cnv/segmented_cn/66290cc6-1f1f-4a0b-83d1-423952da4840.consensus.20170119.somatic.cna.txt
66701395-5a53-41bb-866b-3bbf08bc33ab	/n/data1/hms/dbmi/park/DATA/ICGC/PCAWG_Final_Datasets_DCC/consensus_snv_indel/merged_snv_mnv/66701395-5a53-41bb-866b-3bbf08bc33ab.consensus.20160830.somatic.snv_mnv.vcf.gz	/n/data1/hms/dbmi/park/DATA/ICGC/PCAWG_Final_Datasets_DCC/consensus_cnv/segmented_cn/66701395-5a53-41bb-866b-3bbf08bc33ab.consensus.20170119.somatic.cna.txt
669f0e01-28f6-4ed8-bdb5-73f84ea28f78	/n/data1/hms/dbmi/park/DATA/ICGC/PCAWG_Final_Datasets_DCC/consensus_snv_indel/merged_snv_mnv/669f0e01-28f6-4ed8-bdb5-73f84ea28f78.consensus.20160830.somatic.snv_mnv.vcf.gz	/n/data1/hms/dbmi/park/DATA/ICGC/PCAWG_Final_Datasets_DCC/consensus_cnv/segmented_cn/669f0e01-28f6-4ed8-bdb5-73f84ea28f78.consensus.20170119.somatic.cna.txt
66b4a1f3-480f-4050-96ac-920c1c080864	/n/data1/hms/dbmi/park/DATA/ICGC/PCAWG_Final_Datasets_DCC/consensus_snv_indel/merged_snv_mnv/66b4a1f3-480f-4050-96ac-920c1c080864.consensus.20160830.somatic.snv_mnv.vcf.gz	/n/data1/hms/dbmi/park/DATA/ICGC/PCAWG_Final_Datasets_DCC/consensus_cnv/segmented_cn/66b4a1f3-480f-4050-96ac-920c1c080864.consensus.20170119.somatic.cna.txt
66d312fc-809d-428b-98e3-a29d211db35c	/n/data1/hms/dbmi/park/DATA/ICGC/PCAWG_Final_Datasets_DCC/consensus_snv_indel/merged_snv_mnv/66d312fc-809d-428b-98e3-a29d211db35c.consensus.20160830.somatic.snv_mnv.vcf.gz	/n/data1/hms/dbmi/park/DATA/ICGC/PCAWG_Final_Datasets_DCC/consensus_cnv/segmented_cn/66d312fc-809d-428b-98e3-a29d211db35c.consensus.20170119.somatic.cna.txt
66eb4833-1b87-4fd9-a53d-26dc7ad6de29	/n/data1/hms/dbmi/park/DATA/ICGC/PCAWG_Final_Datasets_DCC/consensus_snv_indel/merged_snv_mnv/66eb4833-1b87-4fd9-a53d-26dc7ad6de29.consensus.20160830.somatic.snv_mnv.vcf.gz	/n/data1/hms/dbmi/park/DATA/ICGC/PCAWG_Final_Datasets_DCC/consensus_cnv/segmented_cn/66eb4833-1b87-4fd9-a53d-26dc7ad6de29.consensus.20170119.somatic.cna.txt
670f971f-a525-4ef8-91ba-610cfbaeb914	/n/data1/hms/dbmi/park/DATA/ICGC/PCAWG_Final_Datasets_DCC/consensus_snv_indel/merged_snv_mnv/670f971f-a525-4ef8-91ba-610cfbaeb914.consensus.20160830.somatic.snv_mnv.vcf.gz	/n/data1/hms/dbmi/park/DATA/ICGC/PCAWG_Final_Datasets_DCC/consensus_cnv/segmented_cn/670f971f-a525-4ef8-91ba-610cfbaeb914.consensus.20170119.somatic.cna.txt
67189cd8-c623-11e3-bf01-24c6515278c0	/n/data1/hms/dbmi/park/DATA/ICGC/PCAWG_Final_Datasets_DCC/consensus_snv_indel/merged_snv_mnv/67189cd8-c623-11e3-bf01-24c6515278c0.consensus.20160830.somatic.snv_mnv.vcf.gz	/n/data1/hms/dbmi/park/DATA/ICGC/PCAWG_Final_Datasets_DCC/consensus_cnv/segmented_cn/67189cd8-c623-11e3-bf01-24c6515278c0.consensus.20170119.somatic.cna.txt
6726c157-f688-491d-8b56-35628645df89	/n/data1/hms/dbmi/park/DATA/ICGC/PCAWG_Final_Datasets_DCC/consensus_snv_indel/merged_snv_mnv/6726c157-f688-491d-8b56-35628645df89.consensus.20160830.somatic.snv_mnv.vcf.gz	/n/data1/hms/dbmi/park/DATA/ICGC/PCAWG_Final_Datasets_DCC/consensus_cnv/segmented_cn/6726c157-f688-491d-8b56-35628645df89.consensus.20170119.somatic.cna.txt
674819dc-c622-11e3-bf01-24c6515278c0	/n/data1/hms/dbmi/park/DATA/ICGC/PCAWG_Final_Datasets_DCC/consensus_snv_indel/merged_snv_mnv/674819dc-c622-11e3-bf01-24c6515278c0.consensus.20160830.somatic.snv_mnv.vcf.gz	/n/data1/hms/dbmi/park/DATA/ICGC/PCAWG_Final_Datasets_DCC/consensus_cnv/segmented_cn/674819dc-c622-11e3-bf01-24c6515278c0.consensus.20170119.somatic.cna.txt
675a5a32-b405-4f03-bfcd-756343d1dfaf	/n/data1/hms/dbmi/park/DATA/ICGC/PCAWG_Final_Datasets_DCC/consensus_snv_indel/merged_snv_mnv/675a5a32-b405-4f03-bfcd-756343d1dfaf.consensus.20160830.somatic.snv_mnv.vcf.gz	/n/data1/hms/dbmi/park/DATA/ICGC/PCAWG_Final_Datasets_DCC/consensus_cnv/segmented_cn/675a5a32-b405-4f03-bfcd-756343d1dfaf.consensus.20170119.somatic.cna.txt
6763f295-f2bf-4975-bea5-c1a490d9a1fa	/n/data1/hms/dbmi/park/DATA/ICGC/PCAWG_Final_Datasets_DCC/consensus_snv_indel/merged_snv_mnv/6763f295-f2bf-4975-bea5-c1a490d9a1fa.consensus.20160830.somatic.snv_mnv.vcf.gz	/n/data1/hms/dbmi/park/DATA/ICGC/PCAWG_Final_Datasets_DCC/consensus_cnv/segmented_cn/6763f295-f2bf-4975-bea5-c1a490d9a1fa.consensus.20170119.somatic.cna.txt
6764e0a2-7a78-45c1-9189-6001c6518ce4	/n/data1/hms/dbmi/park/DATA/ICGC/PCAWG_Final_Datasets_DCC/consensus_snv_indel/merged_snv_mnv/6764e0a2-7a78-45c1-9189-6001c6518ce4.consensus.20160830.somatic.snv_mnv.vcf.gz	/n/data1/hms/dbmi/park/DATA/ICGC/PCAWG_Final_Datasets_DCC/consensus_cnv/segmented_cn/6764e0a2-7a78-45c1-9189-6001c6518ce4.consensus.20170119.somatic.cna.txt
6797443c-eb4a-4654-b957-c0056e5a4206	/n/data1/hms/dbmi/park/DATA/ICGC/PCAWG_Final_Datasets_DCC/consensus_snv_indel/merged_snv_mnv/6797443c-eb4a-4654-b957-c0056e5a4206.consensus.20160830.somatic.snv_mnv.vcf.gz	/n/data1/hms/dbmi/park/DATA/ICGC/PCAWG_Final_Datasets_DCC/consensus_cnv/segmented_cn/6797443c-eb4a-4654-b957-c0056e5a4206.consensus.20170119.somatic.cna.txt
67a2e34f-454e-4253-8f22-262fc74d312c	/n/data1/hms/dbmi/park/DATA/ICGC/PCAWG_Final_Datasets_DCC/consensus_snv_indel/merged_snv_mnv/67a2e34f-454e-4253-8f22-262fc74d312c.consensus.20160830.somatic.snv_mnv.vcf.gz	/n/data1/hms/dbmi/park/DATA/ICGC/PCAWG_Final_Datasets_DCC/consensus_cnv/segmented_cn/67a2e34f-454e-4253-8f22-262fc74d312c.consensus.20170119.somatic.cna.txt
67bb70b2-b6f8-4aa9-80ce-48829f9fec56	/n/data1/hms/dbmi/park/DATA/ICGC/PCAWG_Final_Datasets_DCC/consensus_snv_indel/merged_snv_mnv/67bb70b2-b6f8-4aa9-80ce-48829f9fec56.consensus.20160830.somatic.snv_mnv.vcf.gz	/n/data1/hms/dbmi/park/DATA/ICGC/PCAWG_Final_Datasets_DCC/consensus_cnv/segmented_cn/67bb70b2-b6f8-4aa9-80ce-48829f9fec56.consensus.20170119.somatic.cna.txt
67f88cd9-ab77-4227-a8d7-5512246f9772	/n/data1/hms/dbmi/park/DATA/ICGC/PCAWG_Final_Datasets_DCC/consensus_snv_indel/merged_snv_mnv/67f88cd9-ab77-4227-a8d7-5512246f9772.consensus.20160830.somatic.snv_mnv.vcf.gz	/n/data1/hms/dbmi/park/DATA/ICGC/PCAWG_Final_Datasets_DCC/consensus_cnv/segmented_cn/67f88cd9-ab77-4227-a8d7-5512246f9772.consensus.20170119.somatic.cna.txt
68054218-c623-11e3-bf01-24c6515278c0	/n/data1/hms/dbmi/park/DATA/ICGC/PCAWG_Final_Datasets_DCC/consensus_snv_indel/merged_snv_mnv/68054218-c623-11e3-bf01-24c6515278c0.consensus.20160830.somatic.snv_mnv.vcf.gz	/n/data1/hms/dbmi/park/DATA/ICGC/PCAWG_Final_Datasets_DCC/consensus_cnv/segmented_cn/68054218-c623-11e3-bf01-24c6515278c0.consensus.20170119.somatic.cna.txt
681e2301-2057-40e4-ab63-934775d63faa	/n/data1/hms/dbmi/park/DATA/ICGC/PCAWG_Final_Datasets_DCC/consensus_snv_indel/merged_snv_mnv/681e2301-2057-40e4-ab63-934775d63faa.consensus.20160830.somatic.snv_mnv.vcf.gz	/n/data1/hms/dbmi/park/DATA/ICGC/PCAWG_Final_Datasets_DCC/consensus_cnv/segmented_cn/681e2301-2057-40e4-ab63-934775d63faa.consensus.20170119.somatic.cna.txt
6821446e-8e76-46fe-b0b9-47feb46d2585	/n/data1/hms/dbmi/park/DATA/ICGC/PCAWG_Final_Datasets_DCC/consensus_snv_indel/merged_snv_mnv/6821446e-8e76-46fe-b0b9-47feb46d2585.consensus.20160830.somatic.snv_mnv.vcf.gz	/n/data1/hms/dbmi/park/DATA/ICGC/PCAWG_Final_Datasets_DCC/consensus_cnv/segmented_cn/6821446e-8e76-46fe-b0b9-47feb46d2585.consensus.20170119.somatic.cna.txt
6847e993-1414-4e6f-a2af-39ebe218dd7c	/n/data1/hms/dbmi/park/DATA/ICGC/PCAWG_Final_Datasets_DCC/consensus_snv_indel/merged_snv_mnv/6847e993-1414-4e6f-a2af-39ebe218dd7c.consensus.20160830.somatic.snv_mnv.vcf.gz	/n/data1/hms/dbmi/park/DATA/ICGC/PCAWG_Final_Datasets_DCC/consensus_cnv/segmented_cn/6847e993-1414-4e6f-a2af-39ebe218dd7c.consensus.20170119.somatic.cna.txt
68509ede-3dcf-4a6e-9af0-4a9bb4dfa567	/n/data1/hms/dbmi/park/DATA/ICGC/PCAWG_Final_Datasets_DCC/consensus_snv_indel/merged_snv_mnv/68509ede-3dcf-4a6e-9af0-4a9bb4dfa567.consensus.20160830.somatic.snv_mnv.vcf.gz	/n/data1/hms/dbmi/park/DATA/ICGC/PCAWG_Final_Datasets_DCC/consensus_cnv/segmented_cn/68509ede-3dcf-4a6e-9af0-4a9bb4dfa567.consensus.20170119.somatic.cna.txt
6867811f-ac89-47da-b5dc-1270033c36e7	/n/data1/hms/dbmi/park/DATA/ICGC/PCAWG_Final_Datasets_DCC/consensus_snv_indel/merged_snv_mnv/6867811f-ac89-47da-b5dc-1270033c36e7.consensus.20160830.somatic.snv_mnv.vcf.gz	/n/data1/hms/dbmi/park/DATA/ICGC/PCAWG_Final_Datasets_DCC/consensus_cnv/segmented_cn/6867811f-ac89-47da-b5dc-1270033c36e7.consensus.20170119.somatic.cna.txt
687baf0b-aed9-4ab2-adb6-556a1d177a24	/n/data1/hms/dbmi/park/DATA/ICGC/PCAWG_Final_Datasets_DCC/consensus_snv_indel/merged_snv_mnv/687baf0b-aed9-4ab2-adb6-556a1d177a24.consensus.20160830.somatic.snv_mnv.vcf.gz	/n/data1/hms/dbmi/park/DATA/ICGC/PCAWG_Final_Datasets_DCC/consensus_cnv/segmented_cn/687baf0b-aed9-4ab2-adb6-556a1d177a24.consensus.20170119.somatic.cna.txt
68956108-2606-4696-b038-462b6c432398	/n/data1/hms/dbmi/park/DATA/ICGC/PCAWG_Final_Datasets_DCC/consensus_snv_indel/merged_snv_mnv/68956108-2606-4696-b038-462b6c432398.consensus.20160830.somatic.snv_mnv.vcf.gz	/n/data1/hms/dbmi/park/DATA/ICGC/PCAWG_Final_Datasets_DCC/consensus_cnv/segmented_cn/68956108-2606-4696-b038-462b6c432398.consensus.20170119.somatic.cna.txt
68b7fdb1-22b5-4152-9e69-a41151640cd8	/n/data1/hms/dbmi/park/DATA/ICGC/PCAWG_Final_Datasets_DCC/consensus_snv_indel/merged_snv_mnv/68b7fdb1-22b5-4152-9e69-a41151640cd8.consensus.20160830.somatic.snv_mnv.vcf.gz	/n/data1/hms/dbmi/park/DATA/ICGC/PCAWG_Final_Datasets_DCC/consensus_cnv/segmented_cn/68b7fdb1-22b5-4152-9e69-a41151640cd8.consensus.20170119.somatic.cna.txt
68ba1105-569a-4209-9b45-0e2d64931806	/n/data1/hms/dbmi/park/DATA/ICGC/PCAWG_Final_Datasets_DCC/consensus_snv_indel/merged_snv_mnv/68ba1105-569a-4209-9b45-0e2d64931806.consensus.20160830.somatic.snv_mnv.vcf.gz	/n/data1/hms/dbmi/park/DATA/ICGC/PCAWG_Final_Datasets_DCC/consensus_cnv/segmented_cn/68ba1105-569a-4209-9b45-0e2d64931806.consensus.20170119.somatic.cna.txt
68c2a355-862c-4657-b296-5776ed8447b0	/n/data1/hms/dbmi/park/DATA/ICGC/PCAWG_Final_Datasets_DCC/consensus_snv_indel/merged_snv_mnv/68c2a355-862c-4657-b296-5776ed8447b0.consensus.20160830.somatic.snv_mnv.vcf.gz	/n/data1/hms/dbmi/park/DATA/ICGC/PCAWG_Final_Datasets_DCC/consensus_cnv/segmented_cn/68c2a355-862c-4657-b296-5776ed8447b0.consensus.20170119.somatic.cna.txt
690e481c-c623-11e3-bf01-24c6515278c0	/n/data1/hms/dbmi/park/DATA/ICGC/PCAWG_Final_Datasets_DCC/consensus_snv_indel/merged_snv_mnv/690e481c-c623-11e3-bf01-24c6515278c0.consensus.20160830.somatic.snv_mnv.vcf.gz	/n/data1/hms/dbmi/park/DATA/ICGC/PCAWG_Final_Datasets_DCC/consensus_cnv/segmented_cn/690e481c-c623-11e3-bf01-24c6515278c0.consensus.20170119.somatic.cna.txt
6947cd78-0a51-4949-8383-343f9122d953	/n/data1/hms/dbmi/park/DATA/ICGC/PCAWG_Final_Datasets_DCC/consensus_snv_indel/merged_snv_mnv/6947cd78-0a51-4949-8383-343f9122d953.consensus.20160830.somatic.snv_mnv.vcf.gz	/n/data1/hms/dbmi/park/DATA/ICGC/PCAWG_Final_Datasets_DCC/consensus_cnv/segmented_cn/6947cd78-0a51-4949-8383-343f9122d953.consensus.20170119.somatic.cna.txt
6962bc97-fbb8-4220-a600-e3c251e245cb	/n/data1/hms/dbmi/park/DATA/ICGC/PCAWG_Final_Datasets_DCC/consensus_snv_indel/merged_snv_mnv/6962bc97-fbb8-4220-a600-e3c251e245cb.consensus.20160830.somatic.snv_mnv.vcf.gz	/n/data1/hms/dbmi/park/DATA/ICGC/PCAWG_Final_Datasets_DCC/consensus_cnv/segmented_cn/6962bc97-fbb8-4220-a600-e3c251e245cb.consensus.20170119.somatic.cna.txt
69c3c88c-d51e-4e03-b96b-ec4f1a0faa2d	/n/data1/hms/dbmi/park/DATA/ICGC/PCAWG_Final_Datasets_DCC/consensus_snv_indel/merged_snv_mnv/69c3c88c-d51e-4e03-b96b-ec4f1a0faa2d.consensus.20160830.somatic.snv_mnv.vcf.gz	/n/data1/hms/dbmi/park/DATA/ICGC/PCAWG_Final_Datasets_DCC/consensus_cnv/segmented_cn/69c3c88c-d51e-4e03-b96b-ec4f1a0faa2d.consensus.20170119.somatic.cna.txt
69d6142c-3a16-46c9-8bed-1f4edc267c4d	/n/data1/hms/dbmi/park/DATA/ICGC/PCAWG_Final_Datasets_DCC/consensus_snv_indel/merged_snv_mnv/69d6142c-3a16-46c9-8bed-1f4edc267c4d.consensus.20160830.somatic.snv_mnv.vcf.gz	/n/data1/hms/dbmi/park/DATA/ICGC/PCAWG_Final_Datasets_DCC/consensus_cnv/segmented_cn/69d6142c-3a16-46c9-8bed-1f4edc267c4d.consensus.20170119.somatic.cna.txt
69dbe6ef-f5de-4c1f-b2f2-963dcb6ccd3e	/n/data1/hms/dbmi/park/DATA/ICGC/PCAWG_Final_Datasets_DCC/consensus_snv_indel/merged_snv_mnv/69dbe6ef-f5de-4c1f-b2f2-963dcb6ccd3e.consensus.20160830.somatic.snv_mnv.vcf.gz	/n/data1/hms/dbmi/park/DATA/ICGC/PCAWG_Final_Datasets_DCC/consensus_cnv/segmented_cn/69dbe6ef-f5de-4c1f-b2f2-963dcb6ccd3e.consensus.20170119.somatic.cna.txt
69f37546-c622-11e3-bf01-24c6515278c0	/n/data1/hms/dbmi/park/DATA/ICGC/PCAWG_Final_Datasets_DCC/consensus_snv_indel/merged_snv_mnv/69f37546-c622-11e3-bf01-24c6515278c0.consensus.20160830.somatic.snv_mnv.vcf.gz	/n/data1/hms/dbmi/park/DATA/ICGC/PCAWG_Final_Datasets_DCC/consensus_cnv/segmented_cn/69f37546-c622-11e3-bf01-24c6515278c0.consensus.20170119.somatic.cna.txt
69fe982d-6ab8-49b7-9efa-8349d60eb076	/n/data1/hms/dbmi/park/DATA/ICGC/PCAWG_Final_Datasets_DCC/consensus_snv_indel/merged_snv_mnv/69fe982d-6ab8-49b7-9efa-8349d60eb076.consensus.20160830.somatic.snv_mnv.vcf.gz	/n/data1/hms/dbmi/park/DATA/ICGC/PCAWG_Final_Datasets_DCC/consensus_cnv/segmented_cn/69fe982d-6ab8-49b7-9efa-8349d60eb076.consensus.20170119.somatic.cna.txt
6a0d0c42-1884-4c6a-936a-678a822c0936	/n/data1/hms/dbmi/park/DATA/ICGC/PCAWG_Final_Datasets_DCC/consensus_snv_indel/merged_snv_mnv/6a0d0c42-1884-4c6a-936a-678a822c0936.consensus.20160830.somatic.snv_mnv.vcf.gz	/n/data1/hms/dbmi/park/DATA/ICGC/PCAWG_Final_Datasets_DCC/consensus_cnv/segmented_cn/6a0d0c42-1884-4c6a-936a-678a822c0936.consensus.20170119.somatic.cna.txt
6a129b50-c623-11e3-bf01-24c6515278c0	/n/data1/hms/dbmi/park/DATA/ICGC/PCAWG_Final_Datasets_DCC/consensus_snv_indel/merged_snv_mnv/6a129b50-c623-11e3-bf01-24c6515278c0.consensus.20160830.somatic.snv_mnv.vcf.gz	/n/data1/hms/dbmi/park/DATA/ICGC/PCAWG_Final_Datasets_DCC/consensus_cnv/segmented_cn/6a129b50-c623-11e3-bf01-24c6515278c0.consensus.20170119.somatic.cna.txt
6a7cdaf6-211e-4eb8-a70e-1153d69c45e4	/n/data1/hms/dbmi/park/DATA/ICGC/PCAWG_Final_Datasets_DCC/consensus_snv_indel/merged_snv_mnv/6a7cdaf6-211e-4eb8-a70e-1153d69c45e4.consensus.20160830.somatic.snv_mnv.vcf.gz	/n/data1/hms/dbmi/park/DATA/ICGC/PCAWG_Final_Datasets_DCC/consensus_cnv/segmented_cn/6a7cdaf6-211e-4eb8-a70e-1153d69c45e4.consensus.20170119.somatic.cna.txt
6aa00162-6294-4ce7-b6b7-0c3452e24cd6	/n/data1/hms/dbmi/park/DATA/ICGC/PCAWG_Final_Datasets_DCC/consensus_snv_indel/merged_snv_mnv/6aa00162-6294-4ce7-b6b7-0c3452e24cd6.consensus.20160830.somatic.snv_mnv.vcf.gz	/n/data1/hms/dbmi/park/DATA/ICGC/PCAWG_Final_Datasets_DCC/consensus_cnv/segmented_cn/6aa00162-6294-4ce7-b6b7-0c3452e24cd6.consensus.20170119.somatic.cna.txt
6aba73ff-81e0-4f8d-ad12-e3136196e814	/n/data1/hms/dbmi/park/DATA/ICGC/PCAWG_Final_Datasets_DCC/consensus_snv_indel/merged_snv_mnv/6aba73ff-81e0-4f8d-ad12-e3136196e814.consensus.20160830.somatic.snv_mnv.vcf.gz	/n/data1/hms/dbmi/park/DATA/ICGC/PCAWG_Final_Datasets_DCC/consensus_cnv/segmented_cn/6aba73ff-81e0-4f8d-ad12-e3136196e814.consensus.20170119.somatic.cna.txt
6ad44218-d34e-4126-bf56-1be2140cd3fb	/n/data1/hms/dbmi/park/DATA/ICGC/PCAWG_Final_Datasets_DCC/consensus_snv_indel/merged_snv_mnv/6ad44218-d34e-4126-bf56-1be2140cd3fb.consensus.20160830.somatic.snv_mnv.vcf.gz	/n/data1/hms/dbmi/park/DATA/ICGC/PCAWG_Final_Datasets_DCC/consensus_cnv/segmented_cn/6ad44218-d34e-4126-bf56-1be2140cd3fb.consensus.20170119.somatic.cna.txt
6b20f942-7b89-497c-8a2e-ccce74d20ca9	/n/data1/hms/dbmi/park/DATA/ICGC/PCAWG_Final_Datasets_DCC/consensus_snv_indel/merged_snv_mnv/6b20f942-7b89-497c-8a2e-ccce74d20ca9.consensus.20160830.somatic.snv_mnv.vcf.gz	/n/data1/hms/dbmi/park/DATA/ICGC/PCAWG_Final_Datasets_DCC/consensus_cnv/segmented_cn/6b20f942-7b89-497c-8a2e-ccce74d20ca9.consensus.20170119.somatic.cna.txt
6b25a78f-20dc-4ccc-b4c0-f9885d16725d	/n/data1/hms/dbmi/park/DATA/ICGC/PCAWG_Final_Datasets_DCC/consensus_snv_indel/merged_snv_mnv/6b25a78f-20dc-4ccc-b4c0-f9885d16725d.consensus.20160830.somatic.snv_mnv.vcf.gz	/n/data1/hms/dbmi/park/DATA/ICGC/PCAWG_Final_Datasets_DCC/consensus_cnv/segmented_cn/6b25a78f-20dc-4ccc-b4c0-f9885d16725d.consensus.20170119.somatic.cna.txt
6b50391f-d890-4ca0-b942-beab0f8bf1c9	/n/data1/hms/dbmi/park/DATA/ICGC/PCAWG_Final_Datasets_DCC/consensus_snv_indel/merged_snv_mnv/6b50391f-d890-4ca0-b942-beab0f8bf1c9.consensus.20160830.somatic.snv_mnv.vcf.gz	/n/data1/hms/dbmi/park/DATA/ICGC/PCAWG_Final_Datasets_DCC/consensus_cnv/segmented_cn/6b50391f-d890-4ca0-b942-beab0f8bf1c9.consensus.20170119.somatic.cna.txt
6ba5f81a-b7a0-4c18-a112-2e11094eec85	/n/data1/hms/dbmi/park/DATA/ICGC/PCAWG_Final_Datasets_DCC/consensus_snv_indel/merged_snv_mnv/6ba5f81a-b7a0-4c18-a112-2e11094eec85.consensus.20160830.somatic.snv_mnv.vcf.gz	/n/data1/hms/dbmi/park/DATA/ICGC/PCAWG_Final_Datasets_DCC/consensus_cnv/segmented_cn/6ba5f81a-b7a0-4c18-a112-2e11094eec85.consensus.20170119.somatic.cna.txt
6baee028-c622-11e3-bf01-24c6515278c0	/n/data1/hms/dbmi/park/DATA/ICGC/PCAWG_Final_Datasets_DCC/consensus_snv_indel/merged_snv_mnv/6baee028-c622-11e3-bf01-24c6515278c0.consensus.20160830.somatic.snv_mnv.vcf.gz	/n/data1/hms/dbmi/park/DATA/ICGC/PCAWG_Final_Datasets_DCC/consensus_cnv/segmented_cn/6baee028-c622-11e3-bf01-24c6515278c0.consensus.20170119.somatic.cna.txt
6bbd66dd-efee-4d6e-b02f-f88e98526b82	/n/data1/hms/dbmi/park/DATA/ICGC/PCAWG_Final_Datasets_DCC/consensus_snv_indel/merged_snv_mnv/6bbd66dd-efee-4d6e-b02f-f88e98526b82.consensus.20160830.somatic.snv_mnv.vcf.gz	/n/data1/hms/dbmi/park/DATA/ICGC/PCAWG_Final_Datasets_DCC/consensus_cnv/segmented_cn/6bbd66dd-efee-4d6e-b02f-f88e98526b82.consensus.20170119.somatic.cna.txt
6bd4bca3-e568-4d1b-8b42-401fdf13d751	/n/data1/hms/dbmi/park/DATA/ICGC/PCAWG_Final_Datasets_DCC/consensus_snv_indel/merged_snv_mnv/6bd4bca3-e568-4d1b-8b42-401fdf13d751.consensus.20160830.somatic.snv_mnv.vcf.gz	/n/data1/hms/dbmi/park/DATA/ICGC/PCAWG_Final_Datasets_DCC/consensus_cnv/segmented_cn/6bd4bca3-e568-4d1b-8b42-401fdf13d751.consensus.20170119.somatic.cna.txt
6bdf00f6-670f-466e-87fb-e853e41f000e	/n/data1/hms/dbmi/park/DATA/ICGC/PCAWG_Final_Datasets_DCC/consensus_snv_indel/merged_snv_mnv/6bdf00f6-670f-466e-87fb-e853e41f000e.consensus.20160830.somatic.snv_mnv.vcf.gz	/n/data1/hms/dbmi/park/DATA/ICGC/PCAWG_Final_Datasets_DCC/consensus_cnv/segmented_cn/6bdf00f6-670f-466e-87fb-e853e41f000e.consensus.20170119.somatic.cna.txt
6c306cbe-c623-11e3-bf01-24c6515278c0	/n/data1/hms/dbmi/park/DATA/ICGC/PCAWG_Final_Datasets_DCC/consensus_snv_indel/merged_snv_mnv/6c306cbe-c623-11e3-bf01-24c6515278c0.consensus.20160830.somatic.snv_mnv.vcf.gz	/n/data1/hms/dbmi/park/DATA/ICGC/PCAWG_Final_Datasets_DCC/consensus_cnv/segmented_cn/6c306cbe-c623-11e3-bf01-24c6515278c0.consensus.20170119.somatic.cna.txt
6c31d730-1734-44ac-92b3-760981528723	/n/data1/hms/dbmi/park/DATA/ICGC/PCAWG_Final_Datasets_DCC/consensus_snv_indel/merged_snv_mnv/6c31d730-1734-44ac-92b3-760981528723.consensus.20160830.somatic.snv_mnv.vcf.gz	/n/data1/hms/dbmi/park/DATA/ICGC/PCAWG_Final_Datasets_DCC/consensus_cnv/segmented_cn/6c31d730-1734-44ac-92b3-760981528723.consensus.20170119.somatic.cna.txt
6c642c0b-4dd0-406c-ac68-ea376802d61b	/n/data1/hms/dbmi/park/DATA/ICGC/PCAWG_Final_Datasets_DCC/consensus_snv_indel/merged_snv_mnv/6c642c0b-4dd0-406c-ac68-ea376802d61b.consensus.20160830.somatic.snv_mnv.vcf.gz	/n/data1/hms/dbmi/park/DATA/ICGC/PCAWG_Final_Datasets_DCC/consensus_cnv/segmented_cn/6c642c0b-4dd0-406c-ac68-ea376802d61b.consensus.20170119.somatic.cna.txt
6c65cb6d-8c50-4c7c-bc84-eeebe09fbe01	/n/data1/hms/dbmi/park/DATA/ICGC/PCAWG_Final_Datasets_DCC/consensus_snv_indel/merged_snv_mnv/6c65cb6d-8c50-4c7c-bc84-eeebe09fbe01.consensus.20160830.somatic.snv_mnv.vcf.gz	/n/data1/hms/dbmi/park/DATA/ICGC/PCAWG_Final_Datasets_DCC/consensus_cnv/segmented_cn/6c65cb6d-8c50-4c7c-bc84-eeebe09fbe01.consensus.20170119.somatic.cna.txt
6c884037-49f9-41c3-b0e5-9cbcd545aeb7	/n/data1/hms/dbmi/park/DATA/ICGC/PCAWG_Final_Datasets_DCC/consensus_snv_indel/merged_snv_mnv/6c884037-49f9-41c3-b0e5-9cbcd545aeb7.consensus.20160830.somatic.snv_mnv.vcf.gz	/n/data1/hms/dbmi/park/DATA/ICGC/PCAWG_Final_Datasets_DCC/consensus_cnv/segmented_cn/6c884037-49f9-41c3-b0e5-9cbcd545aeb7.consensus.20170119.somatic.cna.txt
6c8e9197-fd16-4fed-bfda-e349cab26314	/n/data1/hms/dbmi/park/DATA/ICGC/PCAWG_Final_Datasets_DCC/consensus_snv_indel/merged_snv_mnv/6c8e9197-fd16-4fed-bfda-e349cab26314.consensus.20160830.somatic.snv_mnv.vcf.gz	/n/data1/hms/dbmi/park/DATA/ICGC/PCAWG_Final_Datasets_DCC/consensus_cnv/segmented_cn/6c8e9197-fd16-4fed-bfda-e349cab26314.consensus.20170119.somatic.cna.txt
6c8f3dc9-21bf-4859-9599-231ac040eb7d	/n/data1/hms/dbmi/park/DATA/ICGC/PCAWG_Final_Datasets_DCC/consensus_snv_indel/merged_snv_mnv/6c8f3dc9-21bf-4859-9599-231ac040eb7d.consensus.20160830.somatic.snv_mnv.vcf.gz	/n/data1/hms/dbmi/park/DATA/ICGC/PCAWG_Final_Datasets_DCC/consensus_cnv/segmented_cn/6c8f3dc9-21bf-4859-9599-231ac040eb7d.consensus.20170119.somatic.cna.txt
6ca5c1bb-275b-4d05-948a-3c6c7d03fab9	/n/data1/hms/dbmi/park/DATA/ICGC/PCAWG_Final_Datasets_DCC/consensus_snv_indel/merged_snv_mnv/6ca5c1bb-275b-4d05-948a-3c6c7d03fab9.consensus.20160830.somatic.snv_mnv.vcf.gz	/n/data1/hms/dbmi/park/DATA/ICGC/PCAWG_Final_Datasets_DCC/consensus_cnv/segmented_cn/6ca5c1bb-275b-4d05-948a-3c6c7d03fab9.consensus.20170119.somatic.cna.txt
6ce42746-88aa-485f-a1c4-1759aad95914	/n/data1/hms/dbmi/park/DATA/ICGC/PCAWG_Final_Datasets_DCC/consensus_snv_indel/merged_snv_mnv/6ce42746-88aa-485f-a1c4-1759aad95914.consensus.20160830.somatic.snv_mnv.vcf.gz	/n/data1/hms/dbmi/park/DATA/ICGC/PCAWG_Final_Datasets_DCC/consensus_cnv/segmented_cn/6ce42746-88aa-485f-a1c4-1759aad95914.consensus.20170119.somatic.cna.txt
6ce66be0-c623-11e3-bf01-24c6515278c0	/n/data1/hms/dbmi/park/DATA/ICGC/PCAWG_Final_Datasets_DCC/consensus_snv_indel/merged_snv_mnv/6ce66be0-c623-11e3-bf01-24c6515278c0.consensus.20160830.somatic.snv_mnv.vcf.gz	/n/data1/hms/dbmi/park/DATA/ICGC/PCAWG_Final_Datasets_DCC/consensus_cnv/segmented_cn/6ce66be0-c623-11e3-bf01-24c6515278c0.consensus.20170119.somatic.cna.txt
6cfce053-bfd6-4ca0-b74b-b2e4549e4f1f	/n/data1/hms/dbmi/park/DATA/ICGC/PCAWG_Final_Datasets_DCC/consensus_snv_indel/merged_snv_mnv/6cfce053-bfd6-4ca0-b74b-b2e4549e4f1f.consensus.20160830.somatic.snv_mnv.vcf.gz	/n/data1/hms/dbmi/park/DATA/ICGC/PCAWG_Final_Datasets_DCC/consensus_cnv/segmented_cn/6cfce053-bfd6-4ca0-b74b-b2e4549e4f1f.consensus.20170119.somatic.cna.txt
6d0851ba-271a-408f-bcc3-c104b452c9e5	/n/data1/hms/dbmi/park/DATA/ICGC/PCAWG_Final_Datasets_DCC/consensus_snv_indel/merged_snv_mnv/6d0851ba-271a-408f-bcc3-c104b452c9e5.consensus.20160830.somatic.snv_mnv.vcf.gz	/n/data1/hms/dbmi/park/DATA/ICGC/PCAWG_Final_Datasets_DCC/consensus_cnv/segmented_cn/6d0851ba-271a-408f-bcc3-c104b452c9e5.consensus.20170119.somatic.cna.txt
6d2a5ee7-9e46-4c09-a982-7b61b5d9bdea	/n/data1/hms/dbmi/park/DATA/ICGC/PCAWG_Final_Datasets_DCC/consensus_snv_indel/merged_snv_mnv/6d2a5ee7-9e46-4c09-a982-7b61b5d9bdea.consensus.20160830.somatic.snv_mnv.vcf.gz	/n/data1/hms/dbmi/park/DATA/ICGC/PCAWG_Final_Datasets_DCC/consensus_cnv/segmented_cn/6d2a5ee7-9e46-4c09-a982-7b61b5d9bdea.consensus.20170119.somatic.cna.txt
6d325c96-8f5c-4064-9806-4364016da8a4	/n/data1/hms/dbmi/park/DATA/ICGC/PCAWG_Final_Datasets_DCC/consensus_snv_indel/merged_snv_mnv/6d325c96-8f5c-4064-9806-4364016da8a4.consensus.20160830.somatic.snv_mnv.vcf.gz	/n/data1/hms/dbmi/park/DATA/ICGC/PCAWG_Final_Datasets_DCC/consensus_cnv/segmented_cn/6d325c96-8f5c-4064-9806-4364016da8a4.consensus.20170119.somatic.cna.txt
6d3551d6-b5f4-4fd1-b8d7-8e5931096c19	/n/data1/hms/dbmi/park/DATA/ICGC/PCAWG_Final_Datasets_DCC/consensus_snv_indel/merged_snv_mnv/6d3551d6-b5f4-4fd1-b8d7-8e5931096c19.consensus.20160830.somatic.snv_mnv.vcf.gz	/n/data1/hms/dbmi/park/DATA/ICGC/PCAWG_Final_Datasets_DCC/consensus_cnv/segmented_cn/6d3551d6-b5f4-4fd1-b8d7-8e5931096c19.consensus.20170119.somatic.cna.txt
6d3d5531-16b4-46ec-bd7e-394946855d62	/n/data1/hms/dbmi/park/DATA/ICGC/PCAWG_Final_Datasets_DCC/consensus_snv_indel/merged_snv_mnv/6d3d5531-16b4-46ec-bd7e-394946855d62.consensus.20160830.somatic.snv_mnv.vcf.gz	/n/data1/hms/dbmi/park/DATA/ICGC/PCAWG_Final_Datasets_DCC/consensus_cnv/segmented_cn/6d3d5531-16b4-46ec-bd7e-394946855d62.consensus.20170119.somatic.cna.txt
6d4a548a-7e30-4b6b-9a13-72827eed439c	/n/data1/hms/dbmi/park/DATA/ICGC/PCAWG_Final_Datasets_DCC/consensus_snv_indel/merged_snv_mnv/6d4a548a-7e30-4b6b-9a13-72827eed439c.consensus.20160830.somatic.snv_mnv.vcf.gz	/n/data1/hms/dbmi/park/DATA/ICGC/PCAWG_Final_Datasets_DCC/consensus_cnv/segmented_cn/6d4a548a-7e30-4b6b-9a13-72827eed439c.consensus.20170119.somatic.cna.txt
6d7f44df-e9f0-4542-a6d8-d14ee7804002	/n/data1/hms/dbmi/park/DATA/ICGC/PCAWG_Final_Datasets_DCC/consensus_snv_indel/merged_snv_mnv/6d7f44df-e9f0-4542-a6d8-d14ee7804002.consensus.20160830.somatic.snv_mnv.vcf.gz	/n/data1/hms/dbmi/park/DATA/ICGC/PCAWG_Final_Datasets_DCC/consensus_cnv/segmented_cn/6d7f44df-e9f0-4542-a6d8-d14ee7804002.consensus.20170119.somatic.cna.txt
6d936ef9-b5df-44d3-831f-528bf8ddc131	/n/data1/hms/dbmi/park/DATA/ICGC/PCAWG_Final_Datasets_DCC/consensus_snv_indel/merged_snv_mnv/6d936ef9-b5df-44d3-831f-528bf8ddc131.consensus.20160830.somatic.snv_mnv.vcf.gz	/n/data1/hms/dbmi/park/DATA/ICGC/PCAWG_Final_Datasets_DCC/consensus_cnv/segmented_cn/6d936ef9-b5df-44d3-831f-528bf8ddc131.consensus.20170119.somatic.cna.txt
6d9d7ffc-c622-11e3-bf01-24c6515278c0	/n/data1/hms/dbmi/park/DATA/ICGC/PCAWG_Final_Datasets_DCC/consensus_snv_indel/merged_snv_mnv/6d9d7ffc-c622-11e3-bf01-24c6515278c0.consensus.20160830.somatic.snv_mnv.vcf.gz	/n/data1/hms/dbmi/park/DATA/ICGC/PCAWG_Final_Datasets_DCC/consensus_cnv/segmented_cn/6d9d7ffc-c622-11e3-bf01-24c6515278c0.consensus.20170119.somatic.cna.txt
6dac8ca0-f776-4ea2-85c4-aefba4966be7	/n/data1/hms/dbmi/park/DATA/ICGC/PCAWG_Final_Datasets_DCC/consensus_snv_indel/merged_snv_mnv/6dac8ca0-f776-4ea2-85c4-aefba4966be7.consensus.20160830.somatic.snv_mnv.vcf.gz	/n/data1/hms/dbmi/park/DATA/ICGC/PCAWG_Final_Datasets_DCC/consensus_cnv/segmented_cn/6dac8ca0-f776-4ea2-85c4-aefba4966be7.consensus.20170119.somatic.cna.txt
6dbac113-d4cf-4db5-97c9-50fa400bb47e	/n/data1/hms/dbmi/park/DATA/ICGC/PCAWG_Final_Datasets_DCC/consensus_snv_indel/merged_snv_mnv/6dbac113-d4cf-4db5-97c9-50fa400bb47e.consensus.20160830.somatic.snv_mnv.vcf.gz	/n/data1/hms/dbmi/park/DATA/ICGC/PCAWG_Final_Datasets_DCC/consensus_cnv/segmented_cn/6dbac113-d4cf-4db5-97c9-50fa400bb47e.consensus.20170119.somatic.cna.txt
6dbc5c31-043b-40e9-bf1a-e7b4ec351b4d	/n/data1/hms/dbmi/park/DATA/ICGC/PCAWG_Final_Datasets_DCC/consensus_snv_indel/merged_snv_mnv/6dbc5c31-043b-40e9-bf1a-e7b4ec351b4d.consensus.20160830.somatic.snv_mnv.vcf.gz	/n/data1/hms/dbmi/park/DATA/ICGC/PCAWG_Final_Datasets_DCC/consensus_cnv/segmented_cn/6dbc5c31-043b-40e9-bf1a-e7b4ec351b4d.consensus.20170119.somatic.cna.txt
6dc43234-4f07-4c53-8b07-8d78d9dbad3b	/n/data1/hms/dbmi/park/DATA/ICGC/PCAWG_Final_Datasets_DCC/consensus_snv_indel/merged_snv_mnv/6dc43234-4f07-4c53-8b07-8d78d9dbad3b.consensus.20160830.somatic.snv_mnv.vcf.gz	/n/data1/hms/dbmi/park/DATA/ICGC/PCAWG_Final_Datasets_DCC/consensus_cnv/segmented_cn/6dc43234-4f07-4c53-8b07-8d78d9dbad3b.consensus.20170119.somatic.cna.txt
6de41ac1-229b-40b9-a494-5588c284351d	/n/data1/hms/dbmi/park/DATA/ICGC/PCAWG_Final_Datasets_DCC/consensus_snv_indel/merged_snv_mnv/6de41ac1-229b-40b9-a494-5588c284351d.consensus.20160830.somatic.snv_mnv.vcf.gz	/n/data1/hms/dbmi/park/DATA/ICGC/PCAWG_Final_Datasets_DCC/consensus_cnv/segmented_cn/6de41ac1-229b-40b9-a494-5588c284351d.consensus.20170119.somatic.cna.txt
6e26f98e-c623-11e3-bf01-24c6515278c0	/n/data1/hms/dbmi/park/DATA/ICGC/PCAWG_Final_Datasets_DCC/consensus_snv_indel/merged_snv_mnv/6e26f98e-c623-11e3-bf01-24c6515278c0.consensus.20160830.somatic.snv_mnv.vcf.gz	/n/data1/hms/dbmi/park/DATA/ICGC/PCAWG_Final_Datasets_DCC/consensus_cnv/segmented_cn/6e26f98e-c623-11e3-bf01-24c6515278c0.consensus.20170119.somatic.cna.txt
6e516c4b-fee7-4336-8470-494588e645b3	/n/data1/hms/dbmi/park/DATA/ICGC/PCAWG_Final_Datasets_DCC/consensus_snv_indel/merged_snv_mnv/6e516c4b-fee7-4336-8470-494588e645b3.consensus.20160830.somatic.snv_mnv.vcf.gz	/n/data1/hms/dbmi/park/DATA/ICGC/PCAWG_Final_Datasets_DCC/consensus_cnv/segmented_cn/6e516c4b-fee7-4336-8470-494588e645b3.consensus.20170119.somatic.cna.txt
6e599fcc-d79a-4e0f-b451-c20768c989f9	/n/data1/hms/dbmi/park/DATA/ICGC/PCAWG_Final_Datasets_DCC/consensus_snv_indel/merged_snv_mnv/6e599fcc-d79a-4e0f-b451-c20768c989f9.consensus.20160830.somatic.snv_mnv.vcf.gz	/n/data1/hms/dbmi/park/DATA/ICGC/PCAWG_Final_Datasets_DCC/consensus_cnv/segmented_cn/6e599fcc-d79a-4e0f-b451-c20768c989f9.consensus.20170119.somatic.cna.txt
6e6ad1a2-f1eb-44d1-9852-f5752afcf5eb	/n/data1/hms/dbmi/park/DATA/ICGC/PCAWG_Final_Datasets_DCC/consensus_snv_indel/merged_snv_mnv/6e6ad1a2-f1eb-44d1-9852-f5752afcf5eb.consensus.20160830.somatic.snv_mnv.vcf.gz	/n/data1/hms/dbmi/park/DATA/ICGC/PCAWG_Final_Datasets_DCC/consensus_cnv/segmented_cn/6e6ad1a2-f1eb-44d1-9852-f5752afcf5eb.consensus.20170119.somatic.cna.txt
6e776415-ddf4-4060-953f-08ef22441234	/n/data1/hms/dbmi/park/DATA/ICGC/PCAWG_Final_Datasets_DCC/consensus_snv_indel/merged_snv_mnv/6e776415-ddf4-4060-953f-08ef22441234.consensus.20160830.somatic.snv_mnv.vcf.gz	/n/data1/hms/dbmi/park/DATA/ICGC/PCAWG_Final_Datasets_DCC/consensus_cnv/segmented_cn/6e776415-ddf4-4060-953f-08ef22441234.consensus.20170119.somatic.cna.txt
6e839eaf-1dbb-43f5-8846-c980e05540c7	/n/data1/hms/dbmi/park/DATA/ICGC/PCAWG_Final_Datasets_DCC/consensus_snv_indel/merged_snv_mnv/6e839eaf-1dbb-43f5-8846-c980e05540c7.consensus.20160830.somatic.snv_mnv.vcf.gz	/n/data1/hms/dbmi/park/DATA/ICGC/PCAWG_Final_Datasets_DCC/consensus_cnv/segmented_cn/6e839eaf-1dbb-43f5-8846-c980e05540c7.consensus.20170119.somatic.cna.txt
6ea6b5e4-cdc4-4e3a-bde2-8089d2a4d7eb	/n/data1/hms/dbmi/park/DATA/ICGC/PCAWG_Final_Datasets_DCC/consensus_snv_indel/merged_snv_mnv/6ea6b5e4-cdc4-4e3a-bde2-8089d2a4d7eb.consensus.20160830.somatic.snv_mnv.vcf.gz	/n/data1/hms/dbmi/park/DATA/ICGC/PCAWG_Final_Datasets_DCC/consensus_cnv/segmented_cn/6ea6b5e4-cdc4-4e3a-bde2-8089d2a4d7eb.consensus.20170119.somatic.cna.txt
6ec4456e-c622-11e3-bf01-24c6515278c0	/n/data1/hms/dbmi/park/DATA/ICGC/PCAWG_Final_Datasets_DCC/consensus_snv_indel/merged_snv_mnv/6ec4456e-c622-11e3-bf01-24c6515278c0.consensus.20160830.somatic.snv_mnv.vcf.gz	/n/data1/hms/dbmi/park/DATA/ICGC/PCAWG_Final_Datasets_DCC/consensus_cnv/segmented_cn/6ec4456e-c622-11e3-bf01-24c6515278c0.consensus.20170119.somatic.cna.txt
6f25ca85-4b4a-420f-b0cc-5a4f65a97da3	/n/data1/hms/dbmi/park/DATA/ICGC/PCAWG_Final_Datasets_DCC/consensus_snv_indel/merged_snv_mnv/6f25ca85-4b4a-420f-b0cc-5a4f65a97da3.consensus.20160830.somatic.snv_mnv.vcf.gz	/n/data1/hms/dbmi/park/DATA/ICGC/PCAWG_Final_Datasets_DCC/consensus_cnv/segmented_cn/6f25ca85-4b4a-420f-b0cc-5a4f65a97da3.consensus.20170119.somatic.cna.txt
6f395380-c623-11e3-bf01-24c6515278c0	/n/data1/hms/dbmi/park/DATA/ICGC/PCAWG_Final_Datasets_DCC/consensus_snv_indel/merged_snv_mnv/6f395380-c623-11e3-bf01-24c6515278c0.consensus.20160830.somatic.snv_mnv.vcf.gz	/n/data1/hms/dbmi/park/DATA/ICGC/PCAWG_Final_Datasets_DCC/consensus_cnv/segmented_cn/6f395380-c623-11e3-bf01-24c6515278c0.consensus.20170119.somatic.cna.txt
6f4d836f-e86f-4b12-9549-7117f59e3d4a	/n/data1/hms/dbmi/park/DATA/ICGC/PCAWG_Final_Datasets_DCC/consensus_snv_indel/merged_snv_mnv/6f4d836f-e86f-4b12-9549-7117f59e3d4a.consensus.20160830.somatic.snv_mnv.vcf.gz	/n/data1/hms/dbmi/park/DATA/ICGC/PCAWG_Final_Datasets_DCC/consensus_cnv/segmented_cn/6f4d836f-e86f-4b12-9549-7117f59e3d4a.consensus.20170119.somatic.cna.txt
6f981023-4269-4e8e-a4ab-2c92bb27273c	/n/data1/hms/dbmi/park/DATA/ICGC/PCAWG_Final_Datasets_DCC/consensus_snv_indel/merged_snv_mnv/6f981023-4269-4e8e-a4ab-2c92bb27273c.consensus.20160830.somatic.snv_mnv.vcf.gz	/n/data1/hms/dbmi/park/DATA/ICGC/PCAWG_Final_Datasets_DCC/consensus_cnv/segmented_cn/6f981023-4269-4e8e-a4ab-2c92bb27273c.consensus.20170119.somatic.cna.txt
6fc0cb07-9713-4355-8543-f85d1c5505c2	/n/data1/hms/dbmi/park/DATA/ICGC/PCAWG_Final_Datasets_DCC/consensus_snv_indel/merged_snv_mnv/6fc0cb07-9713-4355-8543-f85d1c5505c2.consensus.20160830.somatic.snv_mnv.vcf.gz	/n/data1/hms/dbmi/park/DATA/ICGC/PCAWG_Final_Datasets_DCC/consensus_cnv/segmented_cn/6fc0cb07-9713-4355-8543-f85d1c5505c2.consensus.20170119.somatic.cna.txt
6fe135ef-54b4-4941-9bb9-872dc4d18d9f	/n/data1/hms/dbmi/park/DATA/ICGC/PCAWG_Final_Datasets_DCC/consensus_snv_indel/merged_snv_mnv/6fe135ef-54b4-4941-9bb9-872dc4d18d9f.consensus.20160830.somatic.snv_mnv.vcf.gz	/n/data1/hms/dbmi/park/DATA/ICGC/PCAWG_Final_Datasets_DCC/consensus_cnv/segmented_cn/6fe135ef-54b4-4941-9bb9-872dc4d18d9f.consensus.20170119.somatic.cna.txt
6ff16b0d-5966-4119-9bec-c9ebff804a37	/n/data1/hms/dbmi/park/DATA/ICGC/PCAWG_Final_Datasets_DCC/consensus_snv_indel/merged_snv_mnv/6ff16b0d-5966-4119-9bec-c9ebff804a37.consensus.20160830.somatic.snv_mnv.vcf.gz	/n/data1/hms/dbmi/park/DATA/ICGC/PCAWG_Final_Datasets_DCC/consensus_cnv/segmented_cn/6ff16b0d-5966-4119-9bec-c9ebff804a37.consensus.20170119.somatic.cna.txt
6fffe0cf-bb38-4e77-88ab-a256bd7fbbce	/n/data1/hms/dbmi/park/DATA/ICGC/PCAWG_Final_Datasets_DCC/consensus_snv_indel/merged_snv_mnv/6fffe0cf-bb38-4e77-88ab-a256bd7fbbce.consensus.20160830.somatic.snv_mnv.vcf.gz	/n/data1/hms/dbmi/park/DATA/ICGC/PCAWG_Final_Datasets_DCC/consensus_cnv/segmented_cn/6fffe0cf-bb38-4e77-88ab-a256bd7fbbce.consensus.20170119.somatic.cna.txt
7034e5f6-c623-11e3-bf01-24c6515278c0	/n/data1/hms/dbmi/park/DATA/ICGC/PCAWG_Final_Datasets_DCC/consensus_snv_indel/merged_snv_mnv/7034e5f6-c623-11e3-bf01-24c6515278c0.consensus.20160830.somatic.snv_mnv.vcf.gz	/n/data1/hms/dbmi/park/DATA/ICGC/PCAWG_Final_Datasets_DCC/consensus_cnv/segmented_cn/7034e5f6-c623-11e3-bf01-24c6515278c0.consensus.20170119.somatic.cna.txt
70422e6d-cb1f-4284-8be9-1d4517ffad60	/n/data1/hms/dbmi/park/DATA/ICGC/PCAWG_Final_Datasets_DCC/consensus_snv_indel/merged_snv_mnv/70422e6d-cb1f-4284-8be9-1d4517ffad60.consensus.20160830.somatic.snv_mnv.vcf.gz	/n/data1/hms/dbmi/park/DATA/ICGC/PCAWG_Final_Datasets_DCC/consensus_cnv/segmented_cn/70422e6d-cb1f-4284-8be9-1d4517ffad60.consensus.20170119.somatic.cna.txt
706868b5-4920-433a-bea3-92e9bf83059b	/n/data1/hms/dbmi/park/DATA/ICGC/PCAWG_Final_Datasets_DCC/consensus_snv_indel/merged_snv_mnv/706868b5-4920-433a-bea3-92e9bf83059b.consensus.20160830.somatic.snv_mnv.vcf.gz	/n/data1/hms/dbmi/park/DATA/ICGC/PCAWG_Final_Datasets_DCC/consensus_cnv/segmented_cn/706868b5-4920-433a-bea3-92e9bf83059b.consensus.20170119.somatic.cna.txt
706a1085-5994-4d04-b56b-d301c9ed5afa	/n/data1/hms/dbmi/park/DATA/ICGC/PCAWG_Final_Datasets_DCC/consensus_snv_indel/merged_snv_mnv/706a1085-5994-4d04-b56b-d301c9ed5afa.consensus.20160830.somatic.snv_mnv.vcf.gz	/n/data1/hms/dbmi/park/DATA/ICGC/PCAWG_Final_Datasets_DCC/consensus_cnv/segmented_cn/706a1085-5994-4d04-b56b-d301c9ed5afa.consensus.20170119.somatic.cna.txt
7087a2b6-7fc4-45b0-8c48-248864f03deb	/n/data1/hms/dbmi/park/DATA/ICGC/PCAWG_Final_Datasets_DCC/consensus_snv_indel/merged_snv_mnv/7087a2b6-7fc4-45b0-8c48-248864f03deb.consensus.20160830.somatic.snv_mnv.vcf.gz	/n/data1/hms/dbmi/park/DATA/ICGC/PCAWG_Final_Datasets_DCC/consensus_cnv/segmented_cn/7087a2b6-7fc4-45b0-8c48-248864f03deb.consensus.20170119.somatic.cna.txt
708e21ac-f529-4461-bc4f-d3a194a92b80	/n/data1/hms/dbmi/park/DATA/ICGC/PCAWG_Final_Datasets_DCC/consensus_snv_indel/merged_snv_mnv/708e21ac-f529-4461-bc4f-d3a194a92b80.consensus.20160830.somatic.snv_mnv.vcf.gz	/n/data1/hms/dbmi/park/DATA/ICGC/PCAWG_Final_Datasets_DCC/consensus_cnv/segmented_cn/708e21ac-f529-4461-bc4f-d3a194a92b80.consensus.20170119.somatic.cna.txt
70990332-7702-45e2-84cb-8bbff773f160	/n/data1/hms/dbmi/park/DATA/ICGC/PCAWG_Final_Datasets_DCC/consensus_snv_indel/merged_snv_mnv/70990332-7702-45e2-84cb-8bbff773f160.consensus.20160830.somatic.snv_mnv.vcf.gz	/n/data1/hms/dbmi/park/DATA/ICGC/PCAWG_Final_Datasets_DCC/consensus_cnv/segmented_cn/70990332-7702-45e2-84cb-8bbff773f160.consensus.20170119.somatic.cna.txt
70c2f91e-c622-11e3-bf01-24c6515278c0	/n/data1/hms/dbmi/park/DATA/ICGC/PCAWG_Final_Datasets_DCC/consensus_snv_indel/merged_snv_mnv/70c2f91e-c622-11e3-bf01-24c6515278c0.consensus.20160830.somatic.snv_mnv.vcf.gz	/n/data1/hms/dbmi/park/DATA/ICGC/PCAWG_Final_Datasets_DCC/consensus_cnv/segmented_cn/70c2f91e-c622-11e3-bf01-24c6515278c0.consensus.20170119.somatic.cna.txt
70dd8453-11d3-4105-a8d0-6a755c52495d	/n/data1/hms/dbmi/park/DATA/ICGC/PCAWG_Final_Datasets_DCC/consensus_snv_indel/merged_snv_mnv/70dd8453-11d3-4105-a8d0-6a755c52495d.consensus.20160830.somatic.snv_mnv.vcf.gz	/n/data1/hms/dbmi/park/DATA/ICGC/PCAWG_Final_Datasets_DCC/consensus_cnv/segmented_cn/70dd8453-11d3-4105-a8d0-6a755c52495d.consensus.20170119.somatic.cna.txt
7116cc90-f465-4e7e-aa27-48a83ed258e9	/n/data1/hms/dbmi/park/DATA/ICGC/PCAWG_Final_Datasets_DCC/consensus_snv_indel/merged_snv_mnv/7116cc90-f465-4e7e-aa27-48a83ed258e9.consensus.20160830.somatic.snv_mnv.vcf.gz	/n/data1/hms/dbmi/park/DATA/ICGC/PCAWG_Final_Datasets_DCC/consensus_cnv/segmented_cn/7116cc90-f465-4e7e-aa27-48a83ed258e9.consensus.20170119.somatic.cna.txt
7117854b-6f0a-4a43-b66c-506a3e29377d	/n/data1/hms/dbmi/park/DATA/ICGC/PCAWG_Final_Datasets_DCC/consensus_snv_indel/merged_snv_mnv/7117854b-6f0a-4a43-b66c-506a3e29377d.consensus.20160830.somatic.snv_mnv.vcf.gz	/n/data1/hms/dbmi/park/DATA/ICGC/PCAWG_Final_Datasets_DCC/consensus_cnv/segmented_cn/7117854b-6f0a-4a43-b66c-506a3e29377d.consensus.20170119.somatic.cna.txt
712ba532-fb1a-43fa-a356-b446b509ceb7	/n/data1/hms/dbmi/park/DATA/ICGC/PCAWG_Final_Datasets_DCC/consensus_snv_indel/merged_snv_mnv/712ba532-fb1a-43fa-a356-b446b509ceb7.consensus.20160830.somatic.snv_mnv.vcf.gz	/n/data1/hms/dbmi/park/DATA/ICGC/PCAWG_Final_Datasets_DCC/consensus_cnv/segmented_cn/712ba532-fb1a-43fa-a356-b446b509ceb7.consensus.20170119.somatic.cna.txt
712e5f3c-c623-11e3-bf01-24c6515278c0	/n/data1/hms/dbmi/park/DATA/ICGC/PCAWG_Final_Datasets_DCC/consensus_snv_indel/merged_snv_mnv/712e5f3c-c623-11e3-bf01-24c6515278c0.consensus.20160830.somatic.snv_mnv.vcf.gz	/n/data1/hms/dbmi/park/DATA/ICGC/PCAWG_Final_Datasets_DCC/consensus_cnv/segmented_cn/712e5f3c-c623-11e3-bf01-24c6515278c0.consensus.20170119.somatic.cna.txt
7158c9fd-a633-4fef-aa23-bd285f2a87a8	/n/data1/hms/dbmi/park/DATA/ICGC/PCAWG_Final_Datasets_DCC/consensus_snv_indel/merged_snv_mnv/7158c9fd-a633-4fef-aa23-bd285f2a87a8.consensus.20160830.somatic.snv_mnv.vcf.gz	/n/data1/hms/dbmi/park/DATA/ICGC/PCAWG_Final_Datasets_DCC/consensus_cnv/segmented_cn/7158c9fd-a633-4fef-aa23-bd285f2a87a8.consensus.20170119.somatic.cna.txt
715f59dd-a80f-422d-988c-f73f4b987baf	/n/data1/hms/dbmi/park/DATA/ICGC/PCAWG_Final_Datasets_DCC/consensus_snv_indel/merged_snv_mnv/715f59dd-a80f-422d-988c-f73f4b987baf.consensus.20160830.somatic.snv_mnv.vcf.gz	/n/data1/hms/dbmi/park/DATA/ICGC/PCAWG_Final_Datasets_DCC/consensus_cnv/segmented_cn/715f59dd-a80f-422d-988c-f73f4b987baf.consensus.20170119.somatic.cna.txt
7163a0f7-2c69-40b8-8857-8ab3f46f0acf	/n/data1/hms/dbmi/park/DATA/ICGC/PCAWG_Final_Datasets_DCC/consensus_snv_indel/merged_snv_mnv/7163a0f7-2c69-40b8-8857-8ab3f46f0acf.consensus.20160830.somatic.snv_mnv.vcf.gz	/n/data1/hms/dbmi/park/DATA/ICGC/PCAWG_Final_Datasets_DCC/consensus_cnv/segmented_cn/7163a0f7-2c69-40b8-8857-8ab3f46f0acf.consensus.20170119.somatic.cna.txt
7181dd10-1371-4cb6-9219-a9542c62b854	/n/data1/hms/dbmi/park/DATA/ICGC/PCAWG_Final_Datasets_DCC/consensus_snv_indel/merged_snv_mnv/7181dd10-1371-4cb6-9219-a9542c62b854.consensus.20160830.somatic.snv_mnv.vcf.gz	/n/data1/hms/dbmi/park/DATA/ICGC/PCAWG_Final_Datasets_DCC/consensus_cnv/segmented_cn/7181dd10-1371-4cb6-9219-a9542c62b854.consensus.20170119.somatic.cna.txt
718c5a31-6b19-4f68-9fb9-79b0c00d64a5	/n/data1/hms/dbmi/park/DATA/ICGC/PCAWG_Final_Datasets_DCC/consensus_snv_indel/merged_snv_mnv/718c5a31-6b19-4f68-9fb9-79b0c00d64a5.consensus.20160830.somatic.snv_mnv.vcf.gz	/n/data1/hms/dbmi/park/DATA/ICGC/PCAWG_Final_Datasets_DCC/consensus_cnv/segmented_cn/718c5a31-6b19-4f68-9fb9-79b0c00d64a5.consensus.20170119.somatic.cna.txt
71982a1b-52a4-440f-bd5d-62a0e6cc7fd9	/n/data1/hms/dbmi/park/DATA/ICGC/PCAWG_Final_Datasets_DCC/consensus_snv_indel/merged_snv_mnv/71982a1b-52a4-440f-bd5d-62a0e6cc7fd9.consensus.20160830.somatic.snv_mnv.vcf.gz	/n/data1/hms/dbmi/park/DATA/ICGC/PCAWG_Final_Datasets_DCC/consensus_cnv/segmented_cn/71982a1b-52a4-440f-bd5d-62a0e6cc7fd9.consensus.20170119.somatic.cna.txt
71a2b4a2-88dd-4911-a67e-70b3309c4a12	/n/data1/hms/dbmi/park/DATA/ICGC/PCAWG_Final_Datasets_DCC/consensus_snv_indel/merged_snv_mnv/71a2b4a2-88dd-4911-a67e-70b3309c4a12.consensus.20160830.somatic.snv_mnv.vcf.gz	/n/data1/hms/dbmi/park/DATA/ICGC/PCAWG_Final_Datasets_DCC/consensus_cnv/segmented_cn/71a2b4a2-88dd-4911-a67e-70b3309c4a12.consensus.20170119.somatic.cna.txt
71ef8379-03a0-4b81-92c9-1ba666fe4d7a	/n/data1/hms/dbmi/park/DATA/ICGC/PCAWG_Final_Datasets_DCC/consensus_snv_indel/merged_snv_mnv/71ef8379-03a0-4b81-92c9-1ba666fe4d7a.consensus.20160830.somatic.snv_mnv.vcf.gz	/n/data1/hms/dbmi/park/DATA/ICGC/PCAWG_Final_Datasets_DCC/consensus_cnv/segmented_cn/71ef8379-03a0-4b81-92c9-1ba666fe4d7a.consensus.20170119.somatic.cna.txt
71fda5a9-7049-406f-9348-2c24f7ddf5f4	/n/data1/hms/dbmi/park/DATA/ICGC/PCAWG_Final_Datasets_DCC/consensus_snv_indel/merged_snv_mnv/71fda5a9-7049-406f-9348-2c24f7ddf5f4.consensus.20160830.somatic.snv_mnv.vcf.gz	/n/data1/hms/dbmi/park/DATA/ICGC/PCAWG_Final_Datasets_DCC/consensus_cnv/segmented_cn/71fda5a9-7049-406f-9348-2c24f7ddf5f4.consensus.20170119.somatic.cna.txt
72108583-5320-46ec-945f-5ff173d7dc15	/n/data1/hms/dbmi/park/DATA/ICGC/PCAWG_Final_Datasets_DCC/consensus_snv_indel/merged_snv_mnv/72108583-5320-46ec-945f-5ff173d7dc15.consensus.20160830.somatic.snv_mnv.vcf.gz	/n/data1/hms/dbmi/park/DATA/ICGC/PCAWG_Final_Datasets_DCC/consensus_cnv/segmented_cn/72108583-5320-46ec-945f-5ff173d7dc15.consensus.20170119.somatic.cna.txt
7243992d-0763-4b75-8066-e8e5309d0193	/n/data1/hms/dbmi/park/DATA/ICGC/PCAWG_Final_Datasets_DCC/consensus_snv_indel/merged_snv_mnv/7243992d-0763-4b75-8066-e8e5309d0193.consensus.20160830.somatic.snv_mnv.vcf.gz	/n/data1/hms/dbmi/park/DATA/ICGC/PCAWG_Final_Datasets_DCC/consensus_cnv/segmented_cn/7243992d-0763-4b75-8066-e8e5309d0193.consensus.20170119.somatic.cna.txt
724bf2b8-a246-4b6f-85f8-95824c03896e	/n/data1/hms/dbmi/park/DATA/ICGC/PCAWG_Final_Datasets_DCC/consensus_snv_indel/merged_snv_mnv/724bf2b8-a246-4b6f-85f8-95824c03896e.consensus.20160830.somatic.snv_mnv.vcf.gz	/n/data1/hms/dbmi/park/DATA/ICGC/PCAWG_Final_Datasets_DCC/consensus_cnv/segmented_cn/724bf2b8-a246-4b6f-85f8-95824c03896e.consensus.20170119.somatic.cna.txt
7260f57c-c623-11e3-bf01-24c6515278c0	/n/data1/hms/dbmi/park/DATA/ICGC/PCAWG_Final_Datasets_DCC/consensus_snv_indel/merged_snv_mnv/7260f57c-c623-11e3-bf01-24c6515278c0.consensus.20160830.somatic.snv_mnv.vcf.gz	/n/data1/hms/dbmi/park/DATA/ICGC/PCAWG_Final_Datasets_DCC/consensus_cnv/segmented_cn/7260f57c-c623-11e3-bf01-24c6515278c0.consensus.20170119.somatic.cna.txt
7266ec7b-4824-4b88-910e-e9bfb848d55f	/n/data1/hms/dbmi/park/DATA/ICGC/PCAWG_Final_Datasets_DCC/consensus_snv_indel/merged_snv_mnv/7266ec7b-4824-4b88-910e-e9bfb848d55f.consensus.20160830.somatic.snv_mnv.vcf.gz	/n/data1/hms/dbmi/park/DATA/ICGC/PCAWG_Final_Datasets_DCC/consensus_cnv/segmented_cn/7266ec7b-4824-4b88-910e-e9bfb848d55f.consensus.20170119.somatic.cna.txt
729229fe-92b9-439b-acd2-b49159116a41	/n/data1/hms/dbmi/park/DATA/ICGC/PCAWG_Final_Datasets_DCC/consensus_snv_indel/merged_snv_mnv/729229fe-92b9-439b-acd2-b49159116a41.consensus.20160830.somatic.snv_mnv.vcf.gz	/n/data1/hms/dbmi/park/DATA/ICGC/PCAWG_Final_Datasets_DCC/consensus_cnv/segmented_cn/729229fe-92b9-439b-acd2-b49159116a41.consensus.20170119.somatic.cna.txt
72a27124-24b9-41f7-a065-774fdf5f7d19	/n/data1/hms/dbmi/park/DATA/ICGC/PCAWG_Final_Datasets_DCC/consensus_snv_indel/merged_snv_mnv/72a27124-24b9-41f7-a065-774fdf5f7d19.consensus.20160830.somatic.snv_mnv.vcf.gz	/n/data1/hms/dbmi/park/DATA/ICGC/PCAWG_Final_Datasets_DCC/consensus_cnv/segmented_cn/72a27124-24b9-41f7-a065-774fdf5f7d19.consensus.20170119.somatic.cna.txt
72a5e569-99d4-47bc-be1b-6296a5025080	/n/data1/hms/dbmi/park/DATA/ICGC/PCAWG_Final_Datasets_DCC/consensus_snv_indel/merged_snv_mnv/72a5e569-99d4-47bc-be1b-6296a5025080.consensus.20160830.somatic.snv_mnv.vcf.gz	/n/data1/hms/dbmi/park/DATA/ICGC/PCAWG_Final_Datasets_DCC/consensus_cnv/segmented_cn/72a5e569-99d4-47bc-be1b-6296a5025080.consensus.20170119.somatic.cna.txt
72b62805-76f9-476a-b876-a781e69a2c90	/n/data1/hms/dbmi/park/DATA/ICGC/PCAWG_Final_Datasets_DCC/consensus_snv_indel/merged_snv_mnv/72b62805-76f9-476a-b876-a781e69a2c90.consensus.20160830.somatic.snv_mnv.vcf.gz	/n/data1/hms/dbmi/park/DATA/ICGC/PCAWG_Final_Datasets_DCC/consensus_cnv/segmented_cn/72b62805-76f9-476a-b876-a781e69a2c90.consensus.20170119.somatic.cna.txt
72c22a8c-c622-11e3-bf01-24c6515278c0	/n/data1/hms/dbmi/park/DATA/ICGC/PCAWG_Final_Datasets_DCC/consensus_snv_indel/merged_snv_mnv/72c22a8c-c622-11e3-bf01-24c6515278c0.consensus.20160830.somatic.snv_mnv.vcf.gz	/n/data1/hms/dbmi/park/DATA/ICGC/PCAWG_Final_Datasets_DCC/consensus_cnv/segmented_cn/72c22a8c-c622-11e3-bf01-24c6515278c0.consensus.20170119.somatic.cna.txt
72f0a49a-aec8-47e5-846a-956c4da1507c	/n/data1/hms/dbmi/park/DATA/ICGC/PCAWG_Final_Datasets_DCC/consensus_snv_indel/merged_snv_mnv/72f0a49a-aec8-47e5-846a-956c4da1507c.consensus.20160830.somatic.snv_mnv.vcf.gz	/n/data1/hms/dbmi/park/DATA/ICGC/PCAWG_Final_Datasets_DCC/consensus_cnv/segmented_cn/72f0a49a-aec8-47e5-846a-956c4da1507c.consensus.20170119.somatic.cna.txt
72f82fbd-9838-4082-b605-bc3d80226f16	/n/data1/hms/dbmi/park/DATA/ICGC/PCAWG_Final_Datasets_DCC/consensus_snv_indel/merged_snv_mnv/72f82fbd-9838-4082-b605-bc3d80226f16.consensus.20160830.somatic.snv_mnv.vcf.gz	/n/data1/hms/dbmi/park/DATA/ICGC/PCAWG_Final_Datasets_DCC/consensus_cnv/segmented_cn/72f82fbd-9838-4082-b605-bc3d80226f16.consensus.20170119.somatic.cna.txt
7303f9fe-88bb-48ba-b9b4-ebf9e4770c1c	/n/data1/hms/dbmi/park/DATA/ICGC/PCAWG_Final_Datasets_DCC/consensus_snv_indel/merged_snv_mnv/7303f9fe-88bb-48ba-b9b4-ebf9e4770c1c.consensus.20160830.somatic.snv_mnv.vcf.gz	/n/data1/hms/dbmi/park/DATA/ICGC/PCAWG_Final_Datasets_DCC/consensus_cnv/segmented_cn/7303f9fe-88bb-48ba-b9b4-ebf9e4770c1c.consensus.20170119.somatic.cna.txt
73058c80-607e-4b55-b112-8f8f6775d014	/n/data1/hms/dbmi/park/DATA/ICGC/PCAWG_Final_Datasets_DCC/consensus_snv_indel/merged_snv_mnv/73058c80-607e-4b55-b112-8f8f6775d014.consensus.20160830.somatic.snv_mnv.vcf.gz	/n/data1/hms/dbmi/park/DATA/ICGC/PCAWG_Final_Datasets_DCC/consensus_cnv/segmented_cn/73058c80-607e-4b55-b112-8f8f6775d014.consensus.20170119.somatic.cna.txt
734a8251-9ecc-47f5-835f-846b67693ca6	/n/data1/hms/dbmi/park/DATA/ICGC/PCAWG_Final_Datasets_DCC/consensus_snv_indel/merged_snv_mnv/734a8251-9ecc-47f5-835f-846b67693ca6.consensus.20160830.somatic.snv_mnv.vcf.gz	/n/data1/hms/dbmi/park/DATA/ICGC/PCAWG_Final_Datasets_DCC/consensus_cnv/segmented_cn/734a8251-9ecc-47f5-835f-846b67693ca6.consensus.20170119.somatic.cna.txt
7364a112-61b9-41c6-b85f-18c97c54cefd	/n/data1/hms/dbmi/park/DATA/ICGC/PCAWG_Final_Datasets_DCC/consensus_snv_indel/merged_snv_mnv/7364a112-61b9-41c6-b85f-18c97c54cefd.consensus.20160830.somatic.snv_mnv.vcf.gz	/n/data1/hms/dbmi/park/DATA/ICGC/PCAWG_Final_Datasets_DCC/consensus_cnv/segmented_cn/7364a112-61b9-41c6-b85f-18c97c54cefd.consensus.20170119.somatic.cna.txt
73936e8b-c893-4afd-bd1f-be90c06a4869	/n/data1/hms/dbmi/park/DATA/ICGC/PCAWG_Final_Datasets_DCC/consensus_snv_indel/merged_snv_mnv/73936e8b-c893-4afd-bd1f-be90c06a4869.consensus.20160830.somatic.snv_mnv.vcf.gz	/n/data1/hms/dbmi/park/DATA/ICGC/PCAWG_Final_Datasets_DCC/consensus_cnv/segmented_cn/73936e8b-c893-4afd-bd1f-be90c06a4869.consensus.20170119.somatic.cna.txt
73afad06-c623-11e3-bf01-24c6515278c0	/n/data1/hms/dbmi/park/DATA/ICGC/PCAWG_Final_Datasets_DCC/consensus_snv_indel/merged_snv_mnv/73afad06-c623-11e3-bf01-24c6515278c0.consensus.20160830.somatic.snv_mnv.vcf.gz	/n/data1/hms/dbmi/park/DATA/ICGC/PCAWG_Final_Datasets_DCC/consensus_cnv/segmented_cn/73afad06-c623-11e3-bf01-24c6515278c0.consensus.20170119.somatic.cna.txt
73f7718b-f9b1-4a63-a561-0c9cc2abeb9f	/n/data1/hms/dbmi/park/DATA/ICGC/PCAWG_Final_Datasets_DCC/consensus_snv_indel/merged_snv_mnv/73f7718b-f9b1-4a63-a561-0c9cc2abeb9f.consensus.20160830.somatic.snv_mnv.vcf.gz	/n/data1/hms/dbmi/park/DATA/ICGC/PCAWG_Final_Datasets_DCC/consensus_cnv/segmented_cn/73f7718b-f9b1-4a63-a561-0c9cc2abeb9f.consensus.20170119.somatic.cna.txt
74039acd-5aca-4c65-818c-3b577d295be0	/n/data1/hms/dbmi/park/DATA/ICGC/PCAWG_Final_Datasets_DCC/consensus_snv_indel/merged_snv_mnv/74039acd-5aca-4c65-818c-3b577d295be0.consensus.20160830.somatic.snv_mnv.vcf.gz	/n/data1/hms/dbmi/park/DATA/ICGC/PCAWG_Final_Datasets_DCC/consensus_cnv/segmented_cn/74039acd-5aca-4c65-818c-3b577d295be0.consensus.20170119.somatic.cna.txt
7410c00d-ed0b-48dc-a4bf-eb76ac613980	/n/data1/hms/dbmi/park/DATA/ICGC/PCAWG_Final_Datasets_DCC/consensus_snv_indel/merged_snv_mnv/7410c00d-ed0b-48dc-a4bf-eb76ac613980.consensus.20160830.somatic.snv_mnv.vcf.gz	/n/data1/hms/dbmi/park/DATA/ICGC/PCAWG_Final_Datasets_DCC/consensus_cnv/segmented_cn/7410c00d-ed0b-48dc-a4bf-eb76ac613980.consensus.20170119.somatic.cna.txt
741c4656-0fd0-416e-86c8-f6533b6c96f4	/n/data1/hms/dbmi/park/DATA/ICGC/PCAWG_Final_Datasets_DCC/consensus_snv_indel/merged_snv_mnv/741c4656-0fd0-416e-86c8-f6533b6c96f4.consensus.20160830.somatic.snv_mnv.vcf.gz	/n/data1/hms/dbmi/park/DATA/ICGC/PCAWG_Final_Datasets_DCC/consensus_cnv/segmented_cn/741c4656-0fd0-416e-86c8-f6533b6c96f4.consensus.20170119.somatic.cna.txt
7456abd5-303e-4e6f-bf4e-47efefc7310f	/n/data1/hms/dbmi/park/DATA/ICGC/PCAWG_Final_Datasets_DCC/consensus_snv_indel/merged_snv_mnv/7456abd5-303e-4e6f-bf4e-47efefc7310f.consensus.20160830.somatic.snv_mnv.vcf.gz	/n/data1/hms/dbmi/park/DATA/ICGC/PCAWG_Final_Datasets_DCC/consensus_cnv/segmented_cn/7456abd5-303e-4e6f-bf4e-47efefc7310f.consensus.20170119.somatic.cna.txt
745b8756-0eab-423f-8cde-e0ff1aaa6596	/n/data1/hms/dbmi/park/DATA/ICGC/PCAWG_Final_Datasets_DCC/consensus_snv_indel/merged_snv_mnv/745b8756-0eab-423f-8cde-e0ff1aaa6596.consensus.20160830.somatic.snv_mnv.vcf.gz	/n/data1/hms/dbmi/park/DATA/ICGC/PCAWG_Final_Datasets_DCC/consensus_cnv/segmented_cn/745b8756-0eab-423f-8cde-e0ff1aaa6596.consensus.20170119.somatic.cna.txt
748d3ff3-8699-4519-8e0f-26b6a0581bff	/n/data1/hms/dbmi/park/DATA/ICGC/PCAWG_Final_Datasets_DCC/consensus_snv_indel/merged_snv_mnv/748d3ff3-8699-4519-8e0f-26b6a0581bff.consensus.20160830.somatic.snv_mnv.vcf.gz	/n/data1/hms/dbmi/park/DATA/ICGC/PCAWG_Final_Datasets_DCC/consensus_cnv/segmented_cn/748d3ff3-8699-4519-8e0f-26b6a0581bff.consensus.20170119.somatic.cna.txt
74b57d2c-a83f-4798-b86b-a533975e4cc0	/n/data1/hms/dbmi/park/DATA/ICGC/PCAWG_Final_Datasets_DCC/consensus_snv_indel/merged_snv_mnv/74b57d2c-a83f-4798-b86b-a533975e4cc0.consensus.20160830.somatic.snv_mnv.vcf.gz	/n/data1/hms/dbmi/park/DATA/ICGC/PCAWG_Final_Datasets_DCC/consensus_cnv/segmented_cn/74b57d2c-a83f-4798-b86b-a533975e4cc0.consensus.20170119.somatic.cna.txt
74db46a8-a499-4951-af33-1d53b7d1c9b4	/n/data1/hms/dbmi/park/DATA/ICGC/PCAWG_Final_Datasets_DCC/consensus_snv_indel/merged_snv_mnv/74db46a8-a499-4951-af33-1d53b7d1c9b4.consensus.20160830.somatic.snv_mnv.vcf.gz	/n/data1/hms/dbmi/park/DATA/ICGC/PCAWG_Final_Datasets_DCC/consensus_cnv/segmented_cn/74db46a8-a499-4951-af33-1d53b7d1c9b4.consensus.20170119.somatic.cna.txt
74e5905f-6350-498a-9454-9ea0593d2f56	/n/data1/hms/dbmi/park/DATA/ICGC/PCAWG_Final_Datasets_DCC/consensus_snv_indel/merged_snv_mnv/74e5905f-6350-498a-9454-9ea0593d2f56.consensus.20160830.somatic.snv_mnv.vcf.gz	/n/data1/hms/dbmi/park/DATA/ICGC/PCAWG_Final_Datasets_DCC/consensus_cnv/segmented_cn/74e5905f-6350-498a-9454-9ea0593d2f56.consensus.20170119.somatic.cna.txt
74ec279a-c622-11e3-bf01-24c6515278c0	/n/data1/hms/dbmi/park/DATA/ICGC/PCAWG_Final_Datasets_DCC/consensus_snv_indel/merged_snv_mnv/74ec279a-c622-11e3-bf01-24c6515278c0.consensus.20160830.somatic.snv_mnv.vcf.gz	/n/data1/hms/dbmi/park/DATA/ICGC/PCAWG_Final_Datasets_DCC/consensus_cnv/segmented_cn/74ec279a-c622-11e3-bf01-24c6515278c0.consensus.20170119.somatic.cna.txt
7512b38c-c623-11e3-bf01-24c6515278c0	/n/data1/hms/dbmi/park/DATA/ICGC/PCAWG_Final_Datasets_DCC/consensus_snv_indel/merged_snv_mnv/7512b38c-c623-11e3-bf01-24c6515278c0.consensus.20160830.somatic.snv_mnv.vcf.gz	/n/data1/hms/dbmi/park/DATA/ICGC/PCAWG_Final_Datasets_DCC/consensus_cnv/segmented_cn/7512b38c-c623-11e3-bf01-24c6515278c0.consensus.20170119.somatic.cna.txt
754d26af-f184-497c-856a-cd1ea7a5115c	/n/data1/hms/dbmi/park/DATA/ICGC/PCAWG_Final_Datasets_DCC/consensus_snv_indel/merged_snv_mnv/754d26af-f184-497c-856a-cd1ea7a5115c.consensus.20160830.somatic.snv_mnv.vcf.gz	/n/data1/hms/dbmi/park/DATA/ICGC/PCAWG_Final_Datasets_DCC/consensus_cnv/segmented_cn/754d26af-f184-497c-856a-cd1ea7a5115c.consensus.20170119.somatic.cna.txt
759d30b2-ddb8-49e2-a604-57ff9222d3a0	/n/data1/hms/dbmi/park/DATA/ICGC/PCAWG_Final_Datasets_DCC/consensus_snv_indel/merged_snv_mnv/759d30b2-ddb8-49e2-a604-57ff9222d3a0.consensus.20160830.somatic.snv_mnv.vcf.gz	/n/data1/hms/dbmi/park/DATA/ICGC/PCAWG_Final_Datasets_DCC/consensus_cnv/segmented_cn/759d30b2-ddb8-49e2-a604-57ff9222d3a0.consensus.20170119.somatic.cna.txt
759e20be-6a2b-4c54-aca0-6d358598d6f5	/n/data1/hms/dbmi/park/DATA/ICGC/PCAWG_Final_Datasets_DCC/consensus_snv_indel/merged_snv_mnv/759e20be-6a2b-4c54-aca0-6d358598d6f5.consensus.20160830.somatic.snv_mnv.vcf.gz	/n/data1/hms/dbmi/park/DATA/ICGC/PCAWG_Final_Datasets_DCC/consensus_cnv/segmented_cn/759e20be-6a2b-4c54-aca0-6d358598d6f5.consensus.20170119.somatic.cna.txt
75ad15b9-8f9c-40c1-9ca6-1e8454fbd310	/n/data1/hms/dbmi/park/DATA/ICGC/PCAWG_Final_Datasets_DCC/consensus_snv_indel/merged_snv_mnv/75ad15b9-8f9c-40c1-9ca6-1e8454fbd310.consensus.20160830.somatic.snv_mnv.vcf.gz	/n/data1/hms/dbmi/park/DATA/ICGC/PCAWG_Final_Datasets_DCC/consensus_cnv/segmented_cn/75ad15b9-8f9c-40c1-9ca6-1e8454fbd310.consensus.20170119.somatic.cna.txt
75ba6722-1148-4a52-a9ed-68d890238205	/n/data1/hms/dbmi/park/DATA/ICGC/PCAWG_Final_Datasets_DCC/consensus_snv_indel/merged_snv_mnv/75ba6722-1148-4a52-a9ed-68d890238205.consensus.20160830.somatic.snv_mnv.vcf.gz	/n/data1/hms/dbmi/park/DATA/ICGC/PCAWG_Final_Datasets_DCC/consensus_cnv/segmented_cn/75ba6722-1148-4a52-a9ed-68d890238205.consensus.20170119.somatic.cna.txt
75cd90ef-e884-4812-bbf3-5a524d95147e	/n/data1/hms/dbmi/park/DATA/ICGC/PCAWG_Final_Datasets_DCC/consensus_snv_indel/merged_snv_mnv/75cd90ef-e884-4812-bbf3-5a524d95147e.consensus.20160830.somatic.snv_mnv.vcf.gz	/n/data1/hms/dbmi/park/DATA/ICGC/PCAWG_Final_Datasets_DCC/consensus_cnv/segmented_cn/75cd90ef-e884-4812-bbf3-5a524d95147e.consensus.20170119.somatic.cna.txt
75e1bdbc-474e-4367-9b4a-963b31f3b297	/n/data1/hms/dbmi/park/DATA/ICGC/PCAWG_Final_Datasets_DCC/consensus_snv_indel/merged_snv_mnv/75e1bdbc-474e-4367-9b4a-963b31f3b297.consensus.20160830.somatic.snv_mnv.vcf.gz	/n/data1/hms/dbmi/park/DATA/ICGC/PCAWG_Final_Datasets_DCC/consensus_cnv/segmented_cn/75e1bdbc-474e-4367-9b4a-963b31f3b297.consensus.20170119.somatic.cna.txt
75fac59c-3346-4c5a-bb9f-fb67fec8d13b	/n/data1/hms/dbmi/park/DATA/ICGC/PCAWG_Final_Datasets_DCC/consensus_snv_indel/merged_snv_mnv/75fac59c-3346-4c5a-bb9f-fb67fec8d13b.consensus.20160830.somatic.snv_mnv.vcf.gz	/n/data1/hms/dbmi/park/DATA/ICGC/PCAWG_Final_Datasets_DCC/consensus_cnv/segmented_cn/75fac59c-3346-4c5a-bb9f-fb67fec8d13b.consensus.20170119.somatic.cna.txt
760881cc-c623-11e3-bf01-24c6515278c0	/n/data1/hms/dbmi/park/DATA/ICGC/PCAWG_Final_Datasets_DCC/consensus_snv_indel/merged_snv_mnv/760881cc-c623-11e3-bf01-24c6515278c0.consensus.20160830.somatic.snv_mnv.vcf.gz	/n/data1/hms/dbmi/park/DATA/ICGC/PCAWG_Final_Datasets_DCC/consensus_cnv/segmented_cn/760881cc-c623-11e3-bf01-24c6515278c0.consensus.20170119.somatic.cna.txt
7625877a-7a2b-466f-944b-9e56689ad47b	/n/data1/hms/dbmi/park/DATA/ICGC/PCAWG_Final_Datasets_DCC/consensus_snv_indel/merged_snv_mnv/7625877a-7a2b-466f-944b-9e56689ad47b.consensus.20160830.somatic.snv_mnv.vcf.gz	/n/data1/hms/dbmi/park/DATA/ICGC/PCAWG_Final_Datasets_DCC/consensus_cnv/segmented_cn/7625877a-7a2b-466f-944b-9e56689ad47b.consensus.20170119.somatic.cna.txt
764ded9e-c622-11e3-bf01-24c6515278c0	/n/data1/hms/dbmi/park/DATA/ICGC/PCAWG_Final_Datasets_DCC/consensus_snv_indel/merged_snv_mnv/764ded9e-c622-11e3-bf01-24c6515278c0.consensus.20160830.somatic.snv_mnv.vcf.gz	/n/data1/hms/dbmi/park/DATA/ICGC/PCAWG_Final_Datasets_DCC/consensus_cnv/segmented_cn/764ded9e-c622-11e3-bf01-24c6515278c0.consensus.20170119.somatic.cna.txt
767517f2-f94c-44bb-9af6-36b662b166ef	/n/data1/hms/dbmi/park/DATA/ICGC/PCAWG_Final_Datasets_DCC/consensus_snv_indel/merged_snv_mnv/767517f2-f94c-44bb-9af6-36b662b166ef.consensus.20160830.somatic.snv_mnv.vcf.gz	/n/data1/hms/dbmi/park/DATA/ICGC/PCAWG_Final_Datasets_DCC/consensus_cnv/segmented_cn/767517f2-f94c-44bb-9af6-36b662b166ef.consensus.20170119.somatic.cna.txt
76788f17-257d-47c7-ad85-ac5f959216b5	/n/data1/hms/dbmi/park/DATA/ICGC/PCAWG_Final_Datasets_DCC/consensus_snv_indel/merged_snv_mnv/76788f17-257d-47c7-ad85-ac5f959216b5.consensus.20160830.somatic.snv_mnv.vcf.gz	/n/data1/hms/dbmi/park/DATA/ICGC/PCAWG_Final_Datasets_DCC/consensus_cnv/segmented_cn/76788f17-257d-47c7-ad85-ac5f959216b5.consensus.20170119.somatic.cna.txt
769e2ac9-a121-4b2a-a0fd-5f755b579811	/n/data1/hms/dbmi/park/DATA/ICGC/PCAWG_Final_Datasets_DCC/consensus_snv_indel/merged_snv_mnv/769e2ac9-a121-4b2a-a0fd-5f755b579811.consensus.20160830.somatic.snv_mnv.vcf.gz	/n/data1/hms/dbmi/park/DATA/ICGC/PCAWG_Final_Datasets_DCC/consensus_cnv/segmented_cn/769e2ac9-a121-4b2a-a0fd-5f755b579811.consensus.20170119.somatic.cna.txt
76a0d9c9-5e69-44e8-9ed2-6d2e387803fc	/n/data1/hms/dbmi/park/DATA/ICGC/PCAWG_Final_Datasets_DCC/consensus_snv_indel/merged_snv_mnv/76a0d9c9-5e69-44e8-9ed2-6d2e387803fc.consensus.20160830.somatic.snv_mnv.vcf.gz	/n/data1/hms/dbmi/park/DATA/ICGC/PCAWG_Final_Datasets_DCC/consensus_cnv/segmented_cn/76a0d9c9-5e69-44e8-9ed2-6d2e387803fc.consensus.20170119.somatic.cna.txt
7731ef7f-25bd-42f5-9a20-be249306a711	/n/data1/hms/dbmi/park/DATA/ICGC/PCAWG_Final_Datasets_DCC/consensus_snv_indel/merged_snv_mnv/7731ef7f-25bd-42f5-9a20-be249306a711.consensus.20160830.somatic.snv_mnv.vcf.gz	/n/data1/hms/dbmi/park/DATA/ICGC/PCAWG_Final_Datasets_DCC/consensus_cnv/segmented_cn/7731ef7f-25bd-42f5-9a20-be249306a711.consensus.20170119.somatic.cna.txt
7789ef18-c623-11e3-bf01-24c6515278c0	/n/data1/hms/dbmi/park/DATA/ICGC/PCAWG_Final_Datasets_DCC/consensus_snv_indel/merged_snv_mnv/7789ef18-c623-11e3-bf01-24c6515278c0.consensus.20160830.somatic.snv_mnv.vcf.gz	/n/data1/hms/dbmi/park/DATA/ICGC/PCAWG_Final_Datasets_DCC/consensus_cnv/segmented_cn/7789ef18-c623-11e3-bf01-24c6515278c0.consensus.20170119.somatic.cna.txt
77bf9514-88da-473b-9a91-f669ef3cd343	/n/data1/hms/dbmi/park/DATA/ICGC/PCAWG_Final_Datasets_DCC/consensus_snv_indel/merged_snv_mnv/77bf9514-88da-473b-9a91-f669ef3cd343.consensus.20160830.somatic.snv_mnv.vcf.gz	/n/data1/hms/dbmi/park/DATA/ICGC/PCAWG_Final_Datasets_DCC/consensus_cnv/segmented_cn/77bf9514-88da-473b-9a91-f669ef3cd343.consensus.20170119.somatic.cna.txt
77c022d3-2f29-49d3-a1df-cc2e9407fd7f	/n/data1/hms/dbmi/park/DATA/ICGC/PCAWG_Final_Datasets_DCC/consensus_snv_indel/merged_snv_mnv/77c022d3-2f29-49d3-a1df-cc2e9407fd7f.consensus.20160830.somatic.snv_mnv.vcf.gz	/n/data1/hms/dbmi/park/DATA/ICGC/PCAWG_Final_Datasets_DCC/consensus_cnv/segmented_cn/77c022d3-2f29-49d3-a1df-cc2e9407fd7f.consensus.20170119.somatic.cna.txt
77ebe6d2-6537-49d3-849d-fe93e2cf52af	/n/data1/hms/dbmi/park/DATA/ICGC/PCAWG_Final_Datasets_DCC/consensus_snv_indel/merged_snv_mnv/77ebe6d2-6537-49d3-849d-fe93e2cf52af.consensus.20160830.somatic.snv_mnv.vcf.gz	/n/data1/hms/dbmi/park/DATA/ICGC/PCAWG_Final_Datasets_DCC/consensus_cnv/segmented_cn/77ebe6d2-6537-49d3-849d-fe93e2cf52af.consensus.20170119.somatic.cna.txt
78100212-65aa-4365-8b64-4b33f77732d5	/n/data1/hms/dbmi/park/DATA/ICGC/PCAWG_Final_Datasets_DCC/consensus_snv_indel/merged_snv_mnv/78100212-65aa-4365-8b64-4b33f77732d5.consensus.20160830.somatic.snv_mnv.vcf.gz	/n/data1/hms/dbmi/park/DATA/ICGC/PCAWG_Final_Datasets_DCC/consensus_cnv/segmented_cn/78100212-65aa-4365-8b64-4b33f77732d5.consensus.20170119.somatic.cna.txt
78103d9b-0b8a-431e-bb58-5c99fbea12e4	/n/data1/hms/dbmi/park/DATA/ICGC/PCAWG_Final_Datasets_DCC/consensus_snv_indel/merged_snv_mnv/78103d9b-0b8a-431e-bb58-5c99fbea12e4.consensus.20160830.somatic.snv_mnv.vcf.gz	/n/data1/hms/dbmi/park/DATA/ICGC/PCAWG_Final_Datasets_DCC/consensus_cnv/segmented_cn/78103d9b-0b8a-431e-bb58-5c99fbea12e4.consensus.20170119.somatic.cna.txt
7815397b-aa39-4b79-bcaa-6859a3f115f8	/n/data1/hms/dbmi/park/DATA/ICGC/PCAWG_Final_Datasets_DCC/consensus_snv_indel/merged_snv_mnv/7815397b-aa39-4b79-bcaa-6859a3f115f8.consensus.20160830.somatic.snv_mnv.vcf.gz	/n/data1/hms/dbmi/park/DATA/ICGC/PCAWG_Final_Datasets_DCC/consensus_cnv/segmented_cn/7815397b-aa39-4b79-bcaa-6859a3f115f8.consensus.20170119.somatic.cna.txt
783579bd-e29d-457c-8236-1a80b557600c	/n/data1/hms/dbmi/park/DATA/ICGC/PCAWG_Final_Datasets_DCC/consensus_snv_indel/merged_snv_mnv/783579bd-e29d-457c-8236-1a80b557600c.consensus.20160830.somatic.snv_mnv.vcf.gz	/n/data1/hms/dbmi/park/DATA/ICGC/PCAWG_Final_Datasets_DCC/consensus_cnv/segmented_cn/783579bd-e29d-457c-8236-1a80b557600c.consensus.20170119.somatic.cna.txt
7866dfb2-46b3-42b4-905b-12f80593d6bd	/n/data1/hms/dbmi/park/DATA/ICGC/PCAWG_Final_Datasets_DCC/consensus_snv_indel/merged_snv_mnv/7866dfb2-46b3-42b4-905b-12f80593d6bd.consensus.20160830.somatic.snv_mnv.vcf.gz	/n/data1/hms/dbmi/park/DATA/ICGC/PCAWG_Final_Datasets_DCC/consensus_cnv/segmented_cn/7866dfb2-46b3-42b4-905b-12f80593d6bd.consensus.20170119.somatic.cna.txt
786fc3e4-e2bf-4914-9251-41c800ebb2fa	/n/data1/hms/dbmi/park/DATA/ICGC/PCAWG_Final_Datasets_DCC/consensus_snv_indel/merged_snv_mnv/786fc3e4-e2bf-4914-9251-41c800ebb2fa.consensus.20160830.somatic.snv_mnv.vcf.gz	/n/data1/hms/dbmi/park/DATA/ICGC/PCAWG_Final_Datasets_DCC/consensus_cnv/segmented_cn/786fc3e4-e2bf-4914-9251-41c800ebb2fa.consensus.20170119.somatic.cna.txt
78bc2608-c623-11e3-bf01-24c6515278c0	/n/data1/hms/dbmi/park/DATA/ICGC/PCAWG_Final_Datasets_DCC/consensus_snv_indel/merged_snv_mnv/78bc2608-c623-11e3-bf01-24c6515278c0.consensus.20160830.somatic.snv_mnv.vcf.gz	/n/data1/hms/dbmi/park/DATA/ICGC/PCAWG_Final_Datasets_DCC/consensus_cnv/segmented_cn/78bc2608-c623-11e3-bf01-24c6515278c0.consensus.20170119.somatic.cna.txt
78bc4dfa-c622-11e3-bf01-24c6515278c0	/n/data1/hms/dbmi/park/DATA/ICGC/PCAWG_Final_Datasets_DCC/consensus_snv_indel/merged_snv_mnv/78bc4dfa-c622-11e3-bf01-24c6515278c0.consensus.20160830.somatic.snv_mnv.vcf.gz	/n/data1/hms/dbmi/park/DATA/ICGC/PCAWG_Final_Datasets_DCC/consensus_cnv/segmented_cn/78bc4dfa-c622-11e3-bf01-24c6515278c0.consensus.20170119.somatic.cna.txt
78bd2aa8-e5f6-4b4b-96f0-d406fbdbcee8	/n/data1/hms/dbmi/park/DATA/ICGC/PCAWG_Final_Datasets_DCC/consensus_snv_indel/merged_snv_mnv/78bd2aa8-e5f6-4b4b-96f0-d406fbdbcee8.consensus.20160830.somatic.snv_mnv.vcf.gz	/n/data1/hms/dbmi/park/DATA/ICGC/PCAWG_Final_Datasets_DCC/consensus_cnv/segmented_cn/78bd2aa8-e5f6-4b4b-96f0-d406fbdbcee8.consensus.20170119.somatic.cna.txt
79133e29-ba0b-4e2f-a6d9-bf294c5144f0	/n/data1/hms/dbmi/park/DATA/ICGC/PCAWG_Final_Datasets_DCC/consensus_snv_indel/merged_snv_mnv/79133e29-ba0b-4e2f-a6d9-bf294c5144f0.consensus.20160830.somatic.snv_mnv.vcf.gz	/n/data1/hms/dbmi/park/DATA/ICGC/PCAWG_Final_Datasets_DCC/consensus_cnv/segmented_cn/79133e29-ba0b-4e2f-a6d9-bf294c5144f0.consensus.20170119.somatic.cna.txt
79169c46-7049-4576-9885-63973db76ab9	/n/data1/hms/dbmi/park/DATA/ICGC/PCAWG_Final_Datasets_DCC/consensus_snv_indel/merged_snv_mnv/79169c46-7049-4576-9885-63973db76ab9.consensus.20160830.somatic.snv_mnv.vcf.gz	/n/data1/hms/dbmi/park/DATA/ICGC/PCAWG_Final_Datasets_DCC/consensus_cnv/segmented_cn/79169c46-7049-4576-9885-63973db76ab9.consensus.20170119.somatic.cna.txt
79353875-9d86-4063-a8ea-1d998acb1e81	/n/data1/hms/dbmi/park/DATA/ICGC/PCAWG_Final_Datasets_DCC/consensus_snv_indel/merged_snv_mnv/79353875-9d86-4063-a8ea-1d998acb1e81.consensus.20160830.somatic.snv_mnv.vcf.gz	/n/data1/hms/dbmi/park/DATA/ICGC/PCAWG_Final_Datasets_DCC/consensus_cnv/segmented_cn/79353875-9d86-4063-a8ea-1d998acb1e81.consensus.20170119.somatic.cna.txt
796a8782-6d7e-47c8-b322-fcfe1dd240c8	/n/data1/hms/dbmi/park/DATA/ICGC/PCAWG_Final_Datasets_DCC/consensus_snv_indel/merged_snv_mnv/796a8782-6d7e-47c8-b322-fcfe1dd240c8.consensus.20160830.somatic.snv_mnv.vcf.gz	/n/data1/hms/dbmi/park/DATA/ICGC/PCAWG_Final_Datasets_DCC/consensus_cnv/segmented_cn/796a8782-6d7e-47c8-b322-fcfe1dd240c8.consensus.20170119.somatic.cna.txt
7981bbf3-dceb-4d89-900c-555967e97921	/n/data1/hms/dbmi/park/DATA/ICGC/PCAWG_Final_Datasets_DCC/consensus_snv_indel/merged_snv_mnv/7981bbf3-dceb-4d89-900c-555967e97921.consensus.20160830.somatic.snv_mnv.vcf.gz	/n/data1/hms/dbmi/park/DATA/ICGC/PCAWG_Final_Datasets_DCC/consensus_cnv/segmented_cn/7981bbf3-dceb-4d89-900c-555967e97921.consensus.20170119.somatic.cna.txt
79914ce9-04d8-4b0d-9f16-2e528044966e	/n/data1/hms/dbmi/park/DATA/ICGC/PCAWG_Final_Datasets_DCC/consensus_snv_indel/merged_snv_mnv/79914ce9-04d8-4b0d-9f16-2e528044966e.consensus.20160830.somatic.snv_mnv.vcf.gz	/n/data1/hms/dbmi/park/DATA/ICGC/PCAWG_Final_Datasets_DCC/consensus_cnv/segmented_cn/79914ce9-04d8-4b0d-9f16-2e528044966e.consensus.20170119.somatic.cna.txt
79b23f34-c623-11e3-bf01-24c6515278c0	/n/data1/hms/dbmi/park/DATA/ICGC/PCAWG_Final_Datasets_DCC/consensus_snv_indel/merged_snv_mnv/79b23f34-c623-11e3-bf01-24c6515278c0.consensus.20160830.somatic.snv_mnv.vcf.gz	/n/data1/hms/dbmi/park/DATA/ICGC/PCAWG_Final_Datasets_DCC/consensus_cnv/segmented_cn/79b23f34-c623-11e3-bf01-24c6515278c0.consensus.20170119.somatic.cna.txt
79e81ab3-5466-4324-9387-2de00d62315c	/n/data1/hms/dbmi/park/DATA/ICGC/PCAWG_Final_Datasets_DCC/consensus_snv_indel/merged_snv_mnv/79e81ab3-5466-4324-9387-2de00d62315c.consensus.20160830.somatic.snv_mnv.vcf.gz	/n/data1/hms/dbmi/park/DATA/ICGC/PCAWG_Final_Datasets_DCC/consensus_cnv/segmented_cn/79e81ab3-5466-4324-9387-2de00d62315c.consensus.20170119.somatic.cna.txt
79eb7bba-f0d8-462c-add7-20a2fb7843e1	/n/data1/hms/dbmi/park/DATA/ICGC/PCAWG_Final_Datasets_DCC/consensus_snv_indel/merged_snv_mnv/79eb7bba-f0d8-462c-add7-20a2fb7843e1.consensus.20160830.somatic.snv_mnv.vcf.gz	/n/data1/hms/dbmi/park/DATA/ICGC/PCAWG_Final_Datasets_DCC/consensus_cnv/segmented_cn/79eb7bba-f0d8-462c-add7-20a2fb7843e1.consensus.20170119.somatic.cna.txt
79fa8423-2014-4536-a1f9-cb48aed3c45f	/n/data1/hms/dbmi/park/DATA/ICGC/PCAWG_Final_Datasets_DCC/consensus_snv_indel/merged_snv_mnv/79fa8423-2014-4536-a1f9-cb48aed3c45f.consensus.20160830.somatic.snv_mnv.vcf.gz	/n/data1/hms/dbmi/park/DATA/ICGC/PCAWG_Final_Datasets_DCC/consensus_cnv/segmented_cn/79fa8423-2014-4536-a1f9-cb48aed3c45f.consensus.20170119.somatic.cna.txt
7a4f6014-f7a2-459b-bc43-df164e73cbba	/n/data1/hms/dbmi/park/DATA/ICGC/PCAWG_Final_Datasets_DCC/consensus_snv_indel/merged_snv_mnv/7a4f6014-f7a2-459b-bc43-df164e73cbba.consensus.20160830.somatic.snv_mnv.vcf.gz	/n/data1/hms/dbmi/park/DATA/ICGC/PCAWG_Final_Datasets_DCC/consensus_cnv/segmented_cn/7a4f6014-f7a2-459b-bc43-df164e73cbba.consensus.20170119.somatic.cna.txt
7a5d3b6b-be5a-4e55-9255-32a069b8af3d	/n/data1/hms/dbmi/park/DATA/ICGC/PCAWG_Final_Datasets_DCC/consensus_snv_indel/merged_snv_mnv/7a5d3b6b-be5a-4e55-9255-32a069b8af3d.consensus.20160830.somatic.snv_mnv.vcf.gz	/n/data1/hms/dbmi/park/DATA/ICGC/PCAWG_Final_Datasets_DCC/consensus_cnv/segmented_cn/7a5d3b6b-be5a-4e55-9255-32a069b8af3d.consensus.20170119.somatic.cna.txt
7a6cb147-a576-446d-a605-fa846ea3d1ad	/n/data1/hms/dbmi/park/DATA/ICGC/PCAWG_Final_Datasets_DCC/consensus_snv_indel/merged_snv_mnv/7a6cb147-a576-446d-a605-fa846ea3d1ad.consensus.20160830.somatic.snv_mnv.vcf.gz	/n/data1/hms/dbmi/park/DATA/ICGC/PCAWG_Final_Datasets_DCC/consensus_cnv/segmented_cn/7a6cb147-a576-446d-a605-fa846ea3d1ad.consensus.20170119.somatic.cna.txt
7a86abdc-d554-43bd-ad47-22d439c930ef	/n/data1/hms/dbmi/park/DATA/ICGC/PCAWG_Final_Datasets_DCC/consensus_snv_indel/merged_snv_mnv/7a86abdc-d554-43bd-ad47-22d439c930ef.consensus.20160830.somatic.snv_mnv.vcf.gz	/n/data1/hms/dbmi/park/DATA/ICGC/PCAWG_Final_Datasets_DCC/consensus_cnv/segmented_cn/7a86abdc-d554-43bd-ad47-22d439c930ef.consensus.20170119.somatic.cna.txt
7a921087-8e62-4a93-a757-fd8cdbe1eb8f	/n/data1/hms/dbmi/park/DATA/ICGC/PCAWG_Final_Datasets_DCC/consensus_snv_indel/merged_snv_mnv/7a921087-8e62-4a93-a757-fd8cdbe1eb8f.consensus.20160830.somatic.snv_mnv.vcf.gz	/n/data1/hms/dbmi/park/DATA/ICGC/PCAWG_Final_Datasets_DCC/consensus_cnv/segmented_cn/7a921087-8e62-4a93-a757-fd8cdbe1eb8f.consensus.20170119.somatic.cna.txt
7a95af21-ca7c-4596-9c83-66d11ca0c417	/n/data1/hms/dbmi/park/DATA/ICGC/PCAWG_Final_Datasets_DCC/consensus_snv_indel/merged_snv_mnv/7a95af21-ca7c-4596-9c83-66d11ca0c417.consensus.20160830.somatic.snv_mnv.vcf.gz	/n/data1/hms/dbmi/park/DATA/ICGC/PCAWG_Final_Datasets_DCC/consensus_cnv/segmented_cn/7a95af21-ca7c-4596-9c83-66d11ca0c417.consensus.20170119.somatic.cna.txt
7ac0b303-d685-4fa5-bfec-34d2ba1dbc8e	/n/data1/hms/dbmi/park/DATA/ICGC/PCAWG_Final_Datasets_DCC/consensus_snv_indel/merged_snv_mnv/7ac0b303-d685-4fa5-bfec-34d2ba1dbc8e.consensus.20160830.somatic.snv_mnv.vcf.gz	/n/data1/hms/dbmi/park/DATA/ICGC/PCAWG_Final_Datasets_DCC/consensus_cnv/segmented_cn/7ac0b303-d685-4fa5-bfec-34d2ba1dbc8e.consensus.20170119.somatic.cna.txt
7ac3e543-3bc2-4a59-84fc-b5aa0def592c	/n/data1/hms/dbmi/park/DATA/ICGC/PCAWG_Final_Datasets_DCC/consensus_snv_indel/merged_snv_mnv/7ac3e543-3bc2-4a59-84fc-b5aa0def592c.consensus.20160830.somatic.snv_mnv.vcf.gz	/n/data1/hms/dbmi/park/DATA/ICGC/PCAWG_Final_Datasets_DCC/consensus_cnv/segmented_cn/7ac3e543-3bc2-4a59-84fc-b5aa0def592c.consensus.20170119.somatic.cna.txt
7adcea71-1aed-450c-b0ff-b9d9820c6153	/n/data1/hms/dbmi/park/DATA/ICGC/PCAWG_Final_Datasets_DCC/consensus_snv_indel/merged_snv_mnv/7adcea71-1aed-450c-b0ff-b9d9820c6153.consensus.20160830.somatic.snv_mnv.vcf.gz	/n/data1/hms/dbmi/park/DATA/ICGC/PCAWG_Final_Datasets_DCC/consensus_cnv/segmented_cn/7adcea71-1aed-450c-b0ff-b9d9820c6153.consensus.20170119.somatic.cna.txt
7ae3671f-bf98-4693-8f35-3b762c9121d4	/n/data1/hms/dbmi/park/DATA/ICGC/PCAWG_Final_Datasets_DCC/consensus_snv_indel/merged_snv_mnv/7ae3671f-bf98-4693-8f35-3b762c9121d4.consensus.20160830.somatic.snv_mnv.vcf.gz	/n/data1/hms/dbmi/park/DATA/ICGC/PCAWG_Final_Datasets_DCC/consensus_cnv/segmented_cn/7ae3671f-bf98-4693-8f35-3b762c9121d4.consensus.20170119.somatic.cna.txt
7ae510f8-c622-11e3-bf01-24c6515278c0	/n/data1/hms/dbmi/park/DATA/ICGC/PCAWG_Final_Datasets_DCC/consensus_snv_indel/merged_snv_mnv/7ae510f8-c622-11e3-bf01-24c6515278c0.consensus.20160830.somatic.snv_mnv.vcf.gz	/n/data1/hms/dbmi/park/DATA/ICGC/PCAWG_Final_Datasets_DCC/consensus_cnv/segmented_cn/7ae510f8-c622-11e3-bf01-24c6515278c0.consensus.20170119.somatic.cna.txt
7ae872a6-c623-11e3-bf01-24c6515278c0	/n/data1/hms/dbmi/park/DATA/ICGC/PCAWG_Final_Datasets_DCC/consensus_snv_indel/merged_snv_mnv/7ae872a6-c623-11e3-bf01-24c6515278c0.consensus.20160830.somatic.snv_mnv.vcf.gz	/n/data1/hms/dbmi/park/DATA/ICGC/PCAWG_Final_Datasets_DCC/consensus_cnv/segmented_cn/7ae872a6-c623-11e3-bf01-24c6515278c0.consensus.20170119.somatic.cna.txt
7ae9b843-488f-459c-8c0d-c81dcae57f99	/n/data1/hms/dbmi/park/DATA/ICGC/PCAWG_Final_Datasets_DCC/consensus_snv_indel/merged_snv_mnv/7ae9b843-488f-459c-8c0d-c81dcae57f99.consensus.20160830.somatic.snv_mnv.vcf.gz	/n/data1/hms/dbmi/park/DATA/ICGC/PCAWG_Final_Datasets_DCC/consensus_cnv/segmented_cn/7ae9b843-488f-459c-8c0d-c81dcae57f99.consensus.20170119.somatic.cna.txt
7b08e810-f3c9-4155-ac11-f45a3a4f8b41	/n/data1/hms/dbmi/park/DATA/ICGC/PCAWG_Final_Datasets_DCC/consensus_snv_indel/merged_snv_mnv/7b08e810-f3c9-4155-ac11-f45a3a4f8b41.consensus.20160830.somatic.snv_mnv.vcf.gz	/n/data1/hms/dbmi/park/DATA/ICGC/PCAWG_Final_Datasets_DCC/consensus_cnv/segmented_cn/7b08e810-f3c9-4155-ac11-f45a3a4f8b41.consensus.20170119.somatic.cna.txt
7b0b60c7-5fa0-440e-937f-8d82119330d6	/n/data1/hms/dbmi/park/DATA/ICGC/PCAWG_Final_Datasets_DCC/consensus_snv_indel/merged_snv_mnv/7b0b60c7-5fa0-440e-937f-8d82119330d6.consensus.20160830.somatic.snv_mnv.vcf.gz	/n/data1/hms/dbmi/park/DATA/ICGC/PCAWG_Final_Datasets_DCC/consensus_cnv/segmented_cn/7b0b60c7-5fa0-440e-937f-8d82119330d6.consensus.20170119.somatic.cna.txt
7b296706-b535-45a0-9a8e-4a34a8c33bb5	/n/data1/hms/dbmi/park/DATA/ICGC/PCAWG_Final_Datasets_DCC/consensus_snv_indel/merged_snv_mnv/7b296706-b535-45a0-9a8e-4a34a8c33bb5.consensus.20160830.somatic.snv_mnv.vcf.gz	/n/data1/hms/dbmi/park/DATA/ICGC/PCAWG_Final_Datasets_DCC/consensus_cnv/segmented_cn/7b296706-b535-45a0-9a8e-4a34a8c33bb5.consensus.20170119.somatic.cna.txt
7b318282-5df4-42bc-b1e0-0e4a66ba9204	/n/data1/hms/dbmi/park/DATA/ICGC/PCAWG_Final_Datasets_DCC/consensus_snv_indel/merged_snv_mnv/7b318282-5df4-42bc-b1e0-0e4a66ba9204.consensus.20160830.somatic.snv_mnv.vcf.gz	/n/data1/hms/dbmi/park/DATA/ICGC/PCAWG_Final_Datasets_DCC/consensus_cnv/segmented_cn/7b318282-5df4-42bc-b1e0-0e4a66ba9204.consensus.20170119.somatic.cna.txt
7b482f46-adcc-48ae-a4d6-17f4edd998dc	/n/data1/hms/dbmi/park/DATA/ICGC/PCAWG_Final_Datasets_DCC/consensus_snv_indel/merged_snv_mnv/7b482f46-adcc-48ae-a4d6-17f4edd998dc.consensus.20160830.somatic.snv_mnv.vcf.gz	/n/data1/hms/dbmi/park/DATA/ICGC/PCAWG_Final_Datasets_DCC/consensus_cnv/segmented_cn/7b482f46-adcc-48ae-a4d6-17f4edd998dc.consensus.20170119.somatic.cna.txt
7ba70717-d65e-4a45-af79-60a976770526	/n/data1/hms/dbmi/park/DATA/ICGC/PCAWG_Final_Datasets_DCC/consensus_snv_indel/merged_snv_mnv/7ba70717-d65e-4a45-af79-60a976770526.consensus.20160830.somatic.snv_mnv.vcf.gz	/n/data1/hms/dbmi/park/DATA/ICGC/PCAWG_Final_Datasets_DCC/consensus_cnv/segmented_cn/7ba70717-d65e-4a45-af79-60a976770526.consensus.20170119.somatic.cna.txt
7bc3209f-b349-49bf-9b3d-44ef870b586f	/n/data1/hms/dbmi/park/DATA/ICGC/PCAWG_Final_Datasets_DCC/consensus_snv_indel/merged_snv_mnv/7bc3209f-b349-49bf-9b3d-44ef870b586f.consensus.20160830.somatic.snv_mnv.vcf.gz	/n/data1/hms/dbmi/park/DATA/ICGC/PCAWG_Final_Datasets_DCC/consensus_cnv/segmented_cn/7bc3209f-b349-49bf-9b3d-44ef870b586f.consensus.20170119.somatic.cna.txt
7bd3d112-d411-4ea8-a9a9-bd965f0fc943	/n/data1/hms/dbmi/park/DATA/ICGC/PCAWG_Final_Datasets_DCC/consensus_snv_indel/merged_snv_mnv/7bd3d112-d411-4ea8-a9a9-bd965f0fc943.consensus.20160830.somatic.snv_mnv.vcf.gz	/n/data1/hms/dbmi/park/DATA/ICGC/PCAWG_Final_Datasets_DCC/consensus_cnv/segmented_cn/7bd3d112-d411-4ea8-a9a9-bd965f0fc943.consensus.20170119.somatic.cna.txt
7bd4d5e2-69ee-4264-93e4-2ba01418c460	/n/data1/hms/dbmi/park/DATA/ICGC/PCAWG_Final_Datasets_DCC/consensus_snv_indel/merged_snv_mnv/7bd4d5e2-69ee-4264-93e4-2ba01418c460.consensus.20160830.somatic.snv_mnv.vcf.gz	/n/data1/hms/dbmi/park/DATA/ICGC/PCAWG_Final_Datasets_DCC/consensus_cnv/segmented_cn/7bd4d5e2-69ee-4264-93e4-2ba01418c460.consensus.20170119.somatic.cna.txt
7bdcb78a-c623-11e3-bf01-24c6515278c0	/n/data1/hms/dbmi/park/DATA/ICGC/PCAWG_Final_Datasets_DCC/consensus_snv_indel/merged_snv_mnv/7bdcb78a-c623-11e3-bf01-24c6515278c0.consensus.20160830.somatic.snv_mnv.vcf.gz	/n/data1/hms/dbmi/park/DATA/ICGC/PCAWG_Final_Datasets_DCC/consensus_cnv/segmented_cn/7bdcb78a-c623-11e3-bf01-24c6515278c0.consensus.20170119.somatic.cna.txt
7c405ca0-c622-11e3-bf01-24c6515278c0	/n/data1/hms/dbmi/park/DATA/ICGC/PCAWG_Final_Datasets_DCC/consensus_snv_indel/merged_snv_mnv/7c405ca0-c622-11e3-bf01-24c6515278c0.consensus.20160830.somatic.snv_mnv.vcf.gz	/n/data1/hms/dbmi/park/DATA/ICGC/PCAWG_Final_Datasets_DCC/consensus_cnv/segmented_cn/7c405ca0-c622-11e3-bf01-24c6515278c0.consensus.20170119.somatic.cna.txt
7c43c006-d917-4915-b304-65995b6c0d46	/n/data1/hms/dbmi/park/DATA/ICGC/PCAWG_Final_Datasets_DCC/consensus_snv_indel/merged_snv_mnv/7c43c006-d917-4915-b304-65995b6c0d46.consensus.20160830.somatic.snv_mnv.vcf.gz	/n/data1/hms/dbmi/park/DATA/ICGC/PCAWG_Final_Datasets_DCC/consensus_cnv/segmented_cn/7c43c006-d917-4915-b304-65995b6c0d46.consensus.20170119.somatic.cna.txt
7c477f01-8000-49dc-a692-e47fc15e0b4f	/n/data1/hms/dbmi/park/DATA/ICGC/PCAWG_Final_Datasets_DCC/consensus_snv_indel/merged_snv_mnv/7c477f01-8000-49dc-a692-e47fc15e0b4f.consensus.20160830.somatic.snv_mnv.vcf.gz	/n/data1/hms/dbmi/park/DATA/ICGC/PCAWG_Final_Datasets_DCC/consensus_cnv/segmented_cn/7c477f01-8000-49dc-a692-e47fc15e0b4f.consensus.20170119.somatic.cna.txt
7c5c2293-3f40-4ae3-8346-6a327b2abf4d	/n/data1/hms/dbmi/park/DATA/ICGC/PCAWG_Final_Datasets_DCC/consensus_snv_indel/merged_snv_mnv/7c5c2293-3f40-4ae3-8346-6a327b2abf4d.consensus.20160830.somatic.snv_mnv.vcf.gz	/n/data1/hms/dbmi/park/DATA/ICGC/PCAWG_Final_Datasets_DCC/consensus_cnv/segmented_cn/7c5c2293-3f40-4ae3-8346-6a327b2abf4d.consensus.20170119.somatic.cna.txt
7cae6c0b-36fe-411b-bbba-093a4c846d84	/n/data1/hms/dbmi/park/DATA/ICGC/PCAWG_Final_Datasets_DCC/consensus_snv_indel/merged_snv_mnv/7cae6c0b-36fe-411b-bbba-093a4c846d84.consensus.20160830.somatic.snv_mnv.vcf.gz	/n/data1/hms/dbmi/park/DATA/ICGC/PCAWG_Final_Datasets_DCC/consensus_cnv/segmented_cn/7cae6c0b-36fe-411b-bbba-093a4c846d84.consensus.20170119.somatic.cna.txt
7cb71498-6ada-43c6-912b-bad4f93cf580	/n/data1/hms/dbmi/park/DATA/ICGC/PCAWG_Final_Datasets_DCC/consensus_snv_indel/merged_snv_mnv/7cb71498-6ada-43c6-912b-bad4f93cf580.consensus.20160830.somatic.snv_mnv.vcf.gz	/n/data1/hms/dbmi/park/DATA/ICGC/PCAWG_Final_Datasets_DCC/consensus_cnv/segmented_cn/7cb71498-6ada-43c6-912b-bad4f93cf580.consensus.20170119.somatic.cna.txt
7ccb9a4d-6f48-41c2-a630-27fde8c67d60	/n/data1/hms/dbmi/park/DATA/ICGC/PCAWG_Final_Datasets_DCC/consensus_snv_indel/merged_snv_mnv/7ccb9a4d-6f48-41c2-a630-27fde8c67d60.consensus.20160830.somatic.snv_mnv.vcf.gz	/n/data1/hms/dbmi/park/DATA/ICGC/PCAWG_Final_Datasets_DCC/consensus_cnv/segmented_cn/7ccb9a4d-6f48-41c2-a630-27fde8c67d60.consensus.20170119.somatic.cna.txt
7ccee959-1e87-4a39-b6b3-840ddcb94995	/n/data1/hms/dbmi/park/DATA/ICGC/PCAWG_Final_Datasets_DCC/consensus_snv_indel/merged_snv_mnv/7ccee959-1e87-4a39-b6b3-840ddcb94995.consensus.20160830.somatic.snv_mnv.vcf.gz	/n/data1/hms/dbmi/park/DATA/ICGC/PCAWG_Final_Datasets_DCC/consensus_cnv/segmented_cn/7ccee959-1e87-4a39-b6b3-840ddcb94995.consensus.20170119.somatic.cna.txt
7cd7fe38-c623-11e3-bf01-24c6515278c0	/n/data1/hms/dbmi/park/DATA/ICGC/PCAWG_Final_Datasets_DCC/consensus_snv_indel/merged_snv_mnv/7cd7fe38-c623-11e3-bf01-24c6515278c0.consensus.20160830.somatic.snv_mnv.vcf.gz	/n/data1/hms/dbmi/park/DATA/ICGC/PCAWG_Final_Datasets_DCC/consensus_cnv/segmented_cn/7cd7fe38-c623-11e3-bf01-24c6515278c0.consensus.20170119.somatic.cna.txt
7cdbe0e8-f614-4f54-b864-fd6b39e8ef1c	/n/data1/hms/dbmi/park/DATA/ICGC/PCAWG_Final_Datasets_DCC/consensus_snv_indel/merged_snv_mnv/7cdbe0e8-f614-4f54-b864-fd6b39e8ef1c.consensus.20160830.somatic.snv_mnv.vcf.gz	/n/data1/hms/dbmi/park/DATA/ICGC/PCAWG_Final_Datasets_DCC/consensus_cnv/segmented_cn/7cdbe0e8-f614-4f54-b864-fd6b39e8ef1c.consensus.20170119.somatic.cna.txt
7d04f401-3505-410c-8def-0348ecd8aae2	/n/data1/hms/dbmi/park/DATA/ICGC/PCAWG_Final_Datasets_DCC/consensus_snv_indel/merged_snv_mnv/7d04f401-3505-410c-8def-0348ecd8aae2.consensus.20160830.somatic.snv_mnv.vcf.gz	/n/data1/hms/dbmi/park/DATA/ICGC/PCAWG_Final_Datasets_DCC/consensus_cnv/segmented_cn/7d04f401-3505-410c-8def-0348ecd8aae2.consensus.20170119.somatic.cna.txt
7d2a22eb-7344-4cba-ad7d-94c3f9ef3d7c	/n/data1/hms/dbmi/park/DATA/ICGC/PCAWG_Final_Datasets_DCC/consensus_snv_indel/merged_snv_mnv/7d2a22eb-7344-4cba-ad7d-94c3f9ef3d7c.consensus.20160830.somatic.snv_mnv.vcf.gz	/n/data1/hms/dbmi/park/DATA/ICGC/PCAWG_Final_Datasets_DCC/consensus_cnv/segmented_cn/7d2a22eb-7344-4cba-ad7d-94c3f9ef3d7c.consensus.20170119.somatic.cna.txt
7d2da7ba-f57c-4083-9572-6fa98008083b	/n/data1/hms/dbmi/park/DATA/ICGC/PCAWG_Final_Datasets_DCC/consensus_snv_indel/merged_snv_mnv/7d2da7ba-f57c-4083-9572-6fa98008083b.consensus.20160830.somatic.snv_mnv.vcf.gz	/n/data1/hms/dbmi/park/DATA/ICGC/PCAWG_Final_Datasets_DCC/consensus_cnv/segmented_cn/7d2da7ba-f57c-4083-9572-6fa98008083b.consensus.20170119.somatic.cna.txt
7d332cb1-ba25-47e4-8bf8-d25e14f40d59	/n/data1/hms/dbmi/park/DATA/ICGC/PCAWG_Final_Datasets_DCC/consensus_snv_indel/merged_snv_mnv/7d332cb1-ba25-47e4-8bf8-d25e14f40d59.consensus.20160830.somatic.snv_mnv.vcf.gz	/n/data1/hms/dbmi/park/DATA/ICGC/PCAWG_Final_Datasets_DCC/consensus_cnv/segmented_cn/7d332cb1-ba25-47e4-8bf8-d25e14f40d59.consensus.20170119.somatic.cna.txt
7d38018a-c622-11e3-bf01-24c6515278c0	/n/data1/hms/dbmi/park/DATA/ICGC/PCAWG_Final_Datasets_DCC/consensus_snv_indel/merged_snv_mnv/7d38018a-c622-11e3-bf01-24c6515278c0.consensus.20160830.somatic.snv_mnv.vcf.gz	/n/data1/hms/dbmi/park/DATA/ICGC/PCAWG_Final_Datasets_DCC/consensus_cnv/segmented_cn/7d38018a-c622-11e3-bf01-24c6515278c0.consensus.20170119.somatic.cna.txt
7d52a9e7-b5a9-4519-96fd-e8be42a7890c	/n/data1/hms/dbmi/park/DATA/ICGC/PCAWG_Final_Datasets_DCC/consensus_snv_indel/merged_snv_mnv/7d52a9e7-b5a9-4519-96fd-e8be42a7890c.consensus.20160830.somatic.snv_mnv.vcf.gz	/n/data1/hms/dbmi/park/DATA/ICGC/PCAWG_Final_Datasets_DCC/consensus_cnv/segmented_cn/7d52a9e7-b5a9-4519-96fd-e8be42a7890c.consensus.20170119.somatic.cna.txt
7d59205a-65ec-4341-9748-28639d82ed29	/n/data1/hms/dbmi/park/DATA/ICGC/PCAWG_Final_Datasets_DCC/consensus_snv_indel/merged_snv_mnv/7d59205a-65ec-4341-9748-28639d82ed29.consensus.20160830.somatic.snv_mnv.vcf.gz	/n/data1/hms/dbmi/park/DATA/ICGC/PCAWG_Final_Datasets_DCC/consensus_cnv/segmented_cn/7d59205a-65ec-4341-9748-28639d82ed29.consensus.20170119.somatic.cna.txt
7d6fb1a7-7742-4b8c-9903-abff706240b5	/n/data1/hms/dbmi/park/DATA/ICGC/PCAWG_Final_Datasets_DCC/consensus_snv_indel/merged_snv_mnv/7d6fb1a7-7742-4b8c-9903-abff706240b5.consensus.20160830.somatic.snv_mnv.vcf.gz	/n/data1/hms/dbmi/park/DATA/ICGC/PCAWG_Final_Datasets_DCC/consensus_cnv/segmented_cn/7d6fb1a7-7742-4b8c-9903-abff706240b5.consensus.20170119.somatic.cna.txt
7d734d06-f2b1-4924-a201-620ac8084c49	/n/data1/hms/dbmi/park/DATA/ICGC/PCAWG_Final_Datasets_DCC/consensus_snv_indel/merged_snv_mnv/7d734d06-f2b1-4924-a201-620ac8084c49.consensus.20160830.somatic.snv_mnv.vcf.gz	/n/data1/hms/dbmi/park/DATA/ICGC/PCAWG_Final_Datasets_DCC/consensus_cnv/segmented_cn/7d734d06-f2b1-4924-a201-620ac8084c49.consensus.20170119.somatic.cna.txt
7d7fff91-3f69-4123-b514-140ed3d9cd66	/n/data1/hms/dbmi/park/DATA/ICGC/PCAWG_Final_Datasets_DCC/consensus_snv_indel/merged_snv_mnv/7d7fff91-3f69-4123-b514-140ed3d9cd66.consensus.20160830.somatic.snv_mnv.vcf.gz	/n/data1/hms/dbmi/park/DATA/ICGC/PCAWG_Final_Datasets_DCC/consensus_cnv/segmented_cn/7d7fff91-3f69-4123-b514-140ed3d9cd66.consensus.20170119.somatic.cna.txt
7dc3e035-c7ae-4164-a62b-9c2460812b05	/n/data1/hms/dbmi/park/DATA/ICGC/PCAWG_Final_Datasets_DCC/consensus_snv_indel/merged_snv_mnv/7dc3e035-c7ae-4164-a62b-9c2460812b05.consensus.20160830.somatic.snv_mnv.vcf.gz	/n/data1/hms/dbmi/park/DATA/ICGC/PCAWG_Final_Datasets_DCC/consensus_cnv/segmented_cn/7dc3e035-c7ae-4164-a62b-9c2460812b05.consensus.20170119.somatic.cna.txt
7dc5f8ba-0080-43d3-8426-bd527a970761	/n/data1/hms/dbmi/park/DATA/ICGC/PCAWG_Final_Datasets_DCC/consensus_snv_indel/merged_snv_mnv/7dc5f8ba-0080-43d3-8426-bd527a970761.consensus.20160830.somatic.snv_mnv.vcf.gz	/n/data1/hms/dbmi/park/DATA/ICGC/PCAWG_Final_Datasets_DCC/consensus_cnv/segmented_cn/7dc5f8ba-0080-43d3-8426-bd527a970761.consensus.20170119.somatic.cna.txt
7dd2dc62-0eb4-4d45-86f1-e9e9377181ca	/n/data1/hms/dbmi/park/DATA/ICGC/PCAWG_Final_Datasets_DCC/consensus_snv_indel/merged_snv_mnv/7dd2dc62-0eb4-4d45-86f1-e9e9377181ca.consensus.20160830.somatic.snv_mnv.vcf.gz	/n/data1/hms/dbmi/park/DATA/ICGC/PCAWG_Final_Datasets_DCC/consensus_cnv/segmented_cn/7dd2dc62-0eb4-4d45-86f1-e9e9377181ca.consensus.20170119.somatic.cna.txt
7dddd413-d2c6-4f75-bbf6-3b202877546e	/n/data1/hms/dbmi/park/DATA/ICGC/PCAWG_Final_Datasets_DCC/consensus_snv_indel/merged_snv_mnv/7dddd413-d2c6-4f75-bbf6-3b202877546e.consensus.20160830.somatic.snv_mnv.vcf.gz	/n/data1/hms/dbmi/park/DATA/ICGC/PCAWG_Final_Datasets_DCC/consensus_cnv/segmented_cn/7dddd413-d2c6-4f75-bbf6-3b202877546e.consensus.20170119.somatic.cna.txt
7df3a542-c623-11e3-bf01-24c6515278c0	/n/data1/hms/dbmi/park/DATA/ICGC/PCAWG_Final_Datasets_DCC/consensus_snv_indel/merged_snv_mnv/7df3a542-c623-11e3-bf01-24c6515278c0.consensus.20160830.somatic.snv_mnv.vcf.gz	/n/data1/hms/dbmi/park/DATA/ICGC/PCAWG_Final_Datasets_DCC/consensus_cnv/segmented_cn/7df3a542-c623-11e3-bf01-24c6515278c0.consensus.20170119.somatic.cna.txt
7dfcfe29-3900-4d7b-8067-60c51584b0b1	/n/data1/hms/dbmi/park/DATA/ICGC/PCAWG_Final_Datasets_DCC/consensus_snv_indel/merged_snv_mnv/7dfcfe29-3900-4d7b-8067-60c51584b0b1.consensus.20160830.somatic.snv_mnv.vcf.gz	/n/data1/hms/dbmi/park/DATA/ICGC/PCAWG_Final_Datasets_DCC/consensus_cnv/segmented_cn/7dfcfe29-3900-4d7b-8067-60c51584b0b1.consensus.20170119.somatic.cna.txt
7e036d40-b669-4929-a1e2-c4736e01a473	/n/data1/hms/dbmi/park/DATA/ICGC/PCAWG_Final_Datasets_DCC/consensus_snv_indel/merged_snv_mnv/7e036d40-b669-4929-a1e2-c4736e01a473.consensus.20160830.somatic.snv_mnv.vcf.gz	/n/data1/hms/dbmi/park/DATA/ICGC/PCAWG_Final_Datasets_DCC/consensus_cnv/segmented_cn/7e036d40-b669-4929-a1e2-c4736e01a473.consensus.20170119.somatic.cna.txt
7e10e325-16d2-42df-b957-df4d3a9477d0	/n/data1/hms/dbmi/park/DATA/ICGC/PCAWG_Final_Datasets_DCC/consensus_snv_indel/merged_snv_mnv/7e10e325-16d2-42df-b957-df4d3a9477d0.consensus.20160830.somatic.snv_mnv.vcf.gz	/n/data1/hms/dbmi/park/DATA/ICGC/PCAWG_Final_Datasets_DCC/consensus_cnv/segmented_cn/7e10e325-16d2-42df-b957-df4d3a9477d0.consensus.20170119.somatic.cna.txt
7e22401d-f4cd-44c5-8a01-b08a439e5a31	/n/data1/hms/dbmi/park/DATA/ICGC/PCAWG_Final_Datasets_DCC/consensus_snv_indel/merged_snv_mnv/7e22401d-f4cd-44c5-8a01-b08a439e5a31.consensus.20160830.somatic.snv_mnv.vcf.gz	/n/data1/hms/dbmi/park/DATA/ICGC/PCAWG_Final_Datasets_DCC/consensus_cnv/segmented_cn/7e22401d-f4cd-44c5-8a01-b08a439e5a31.consensus.20170119.somatic.cna.txt
7e305f31-fbb0-4bce-894b-1dd85e303421	/n/data1/hms/dbmi/park/DATA/ICGC/PCAWG_Final_Datasets_DCC/consensus_snv_indel/merged_snv_mnv/7e305f31-fbb0-4bce-894b-1dd85e303421.consensus.20160830.somatic.snv_mnv.vcf.gz	/n/data1/hms/dbmi/park/DATA/ICGC/PCAWG_Final_Datasets_DCC/consensus_cnv/segmented_cn/7e305f31-fbb0-4bce-894b-1dd85e303421.consensus.20170119.somatic.cna.txt
7e4d570e-f26b-41fb-84c5-2a6f7d668bb5	/n/data1/hms/dbmi/park/DATA/ICGC/PCAWG_Final_Datasets_DCC/consensus_snv_indel/merged_snv_mnv/7e4d570e-f26b-41fb-84c5-2a6f7d668bb5.consensus.20160830.somatic.snv_mnv.vcf.gz	/n/data1/hms/dbmi/park/DATA/ICGC/PCAWG_Final_Datasets_DCC/consensus_cnv/segmented_cn/7e4d570e-f26b-41fb-84c5-2a6f7d668bb5.consensus.20170119.somatic.cna.txt
7e584ff6-0b81-4f85-81da-b8117afee326	/n/data1/hms/dbmi/park/DATA/ICGC/PCAWG_Final_Datasets_DCC/consensus_snv_indel/merged_snv_mnv/7e584ff6-0b81-4f85-81da-b8117afee326.consensus.20160830.somatic.snv_mnv.vcf.gz	/n/data1/hms/dbmi/park/DATA/ICGC/PCAWG_Final_Datasets_DCC/consensus_cnv/segmented_cn/7e584ff6-0b81-4f85-81da-b8117afee326.consensus.20170119.somatic.cna.txt
7eac4710-c622-11e3-bf01-24c6515278c0	/n/data1/hms/dbmi/park/DATA/ICGC/PCAWG_Final_Datasets_DCC/consensus_snv_indel/merged_snv_mnv/7eac4710-c622-11e3-bf01-24c6515278c0.consensus.20160830.somatic.snv_mnv.vcf.gz	/n/data1/hms/dbmi/park/DATA/ICGC/PCAWG_Final_Datasets_DCC/consensus_cnv/segmented_cn/7eac4710-c622-11e3-bf01-24c6515278c0.consensus.20170119.somatic.cna.txt
7eb0ee38-fbe2-49ea-ba63-aa13825eca6e	/n/data1/hms/dbmi/park/DATA/ICGC/PCAWG_Final_Datasets_DCC/consensus_snv_indel/merged_snv_mnv/7eb0ee38-fbe2-49ea-ba63-aa13825eca6e.consensus.20160830.somatic.snv_mnv.vcf.gz	/n/data1/hms/dbmi/park/DATA/ICGC/PCAWG_Final_Datasets_DCC/consensus_cnv/segmented_cn/7eb0ee38-fbe2-49ea-ba63-aa13825eca6e.consensus.20170119.somatic.cna.txt
7eb0f792-858f-45d1-a908-125b02ea1506	/n/data1/hms/dbmi/park/DATA/ICGC/PCAWG_Final_Datasets_DCC/consensus_snv_indel/merged_snv_mnv/7eb0f792-858f-45d1-a908-125b02ea1506.consensus.20160830.somatic.snv_mnv.vcf.gz	/n/data1/hms/dbmi/park/DATA/ICGC/PCAWG_Final_Datasets_DCC/consensus_cnv/segmented_cn/7eb0f792-858f-45d1-a908-125b02ea1506.consensus.20170119.somatic.cna.txt
7edc42d3-d08e-4360-a3e1-aeb57cfc6640	/n/data1/hms/dbmi/park/DATA/ICGC/PCAWG_Final_Datasets_DCC/consensus_snv_indel/merged_snv_mnv/7edc42d3-d08e-4360-a3e1-aeb57cfc6640.consensus.20160830.somatic.snv_mnv.vcf.gz	/n/data1/hms/dbmi/park/DATA/ICGC/PCAWG_Final_Datasets_DCC/consensus_cnv/segmented_cn/7edc42d3-d08e-4360-a3e1-aeb57cfc6640.consensus.20170119.somatic.cna.txt
7ef9fd9b-d349-4ec3-ab4d-1a1d11c0204b	/n/data1/hms/dbmi/park/DATA/ICGC/PCAWG_Final_Datasets_DCC/consensus_snv_indel/merged_snv_mnv/7ef9fd9b-d349-4ec3-ab4d-1a1d11c0204b.consensus.20160830.somatic.snv_mnv.vcf.gz	/n/data1/hms/dbmi/park/DATA/ICGC/PCAWG_Final_Datasets_DCC/consensus_cnv/segmented_cn/7ef9fd9b-d349-4ec3-ab4d-1a1d11c0204b.consensus.20170119.somatic.cna.txt
7f031d71-3cb7-4744-86bd-a3beecfe166e	/n/data1/hms/dbmi/park/DATA/ICGC/PCAWG_Final_Datasets_DCC/consensus_snv_indel/merged_snv_mnv/7f031d71-3cb7-4744-86bd-a3beecfe166e.consensus.20160830.somatic.snv_mnv.vcf.gz	/n/data1/hms/dbmi/park/DATA/ICGC/PCAWG_Final_Datasets_DCC/consensus_cnv/segmented_cn/7f031d71-3cb7-4744-86bd-a3beecfe166e.consensus.20170119.somatic.cna.txt
7f03cb4b-60b1-460c-b761-402e7ca09b0d	/n/data1/hms/dbmi/park/DATA/ICGC/PCAWG_Final_Datasets_DCC/consensus_snv_indel/merged_snv_mnv/7f03cb4b-60b1-460c-b761-402e7ca09b0d.consensus.20160830.somatic.snv_mnv.vcf.gz	/n/data1/hms/dbmi/park/DATA/ICGC/PCAWG_Final_Datasets_DCC/consensus_cnv/segmented_cn/7f03cb4b-60b1-460c-b761-402e7ca09b0d.consensus.20170119.somatic.cna.txt
7f22b0f7-4040-4c84-939e-894c3050ef5d	/n/data1/hms/dbmi/park/DATA/ICGC/PCAWG_Final_Datasets_DCC/consensus_snv_indel/merged_snv_mnv/7f22b0f7-4040-4c84-939e-894c3050ef5d.consensus.20160830.somatic.snv_mnv.vcf.gz	/n/data1/hms/dbmi/park/DATA/ICGC/PCAWG_Final_Datasets_DCC/consensus_cnv/segmented_cn/7f22b0f7-4040-4c84-939e-894c3050ef5d.consensus.20170119.somatic.cna.txt
7f42e118-aab6-438a-9e84-e7451fe12d7e	/n/data1/hms/dbmi/park/DATA/ICGC/PCAWG_Final_Datasets_DCC/consensus_snv_indel/merged_snv_mnv/7f42e118-aab6-438a-9e84-e7451fe12d7e.consensus.20160830.somatic.snv_mnv.vcf.gz	/n/data1/hms/dbmi/park/DATA/ICGC/PCAWG_Final_Datasets_DCC/consensus_cnv/segmented_cn/7f42e118-aab6-438a-9e84-e7451fe12d7e.consensus.20170119.somatic.cna.txt
7f5fd36f-6e30-45ca-92a5-d8a8a8ee1bc2	/n/data1/hms/dbmi/park/DATA/ICGC/PCAWG_Final_Datasets_DCC/consensus_snv_indel/merged_snv_mnv/7f5fd36f-6e30-45ca-92a5-d8a8a8ee1bc2.consensus.20160830.somatic.snv_mnv.vcf.gz	/n/data1/hms/dbmi/park/DATA/ICGC/PCAWG_Final_Datasets_DCC/consensus_cnv/segmented_cn/7f5fd36f-6e30-45ca-92a5-d8a8a8ee1bc2.consensus.20170119.somatic.cna.txt
7f795952-c623-11e3-bf01-24c6515278c0	/n/data1/hms/dbmi/park/DATA/ICGC/PCAWG_Final_Datasets_DCC/consensus_snv_indel/merged_snv_mnv/7f795952-c623-11e3-bf01-24c6515278c0.consensus.20160830.somatic.snv_mnv.vcf.gz	/n/data1/hms/dbmi/park/DATA/ICGC/PCAWG_Final_Datasets_DCC/consensus_cnv/segmented_cn/7f795952-c623-11e3-bf01-24c6515278c0.consensus.20170119.somatic.cna.txt
7f7e007e-4b06-4328-b116-6dcdb2ad8181	/n/data1/hms/dbmi/park/DATA/ICGC/PCAWG_Final_Datasets_DCC/consensus_snv_indel/merged_snv_mnv/7f7e007e-4b06-4328-b116-6dcdb2ad8181.consensus.20160830.somatic.snv_mnv.vcf.gz	/n/data1/hms/dbmi/park/DATA/ICGC/PCAWG_Final_Datasets_DCC/consensus_cnv/segmented_cn/7f7e007e-4b06-4328-b116-6dcdb2ad8181.consensus.20170119.somatic.cna.txt
7f9382a5-f6da-4fe8-93ad-6adc91f508fa	/n/data1/hms/dbmi/park/DATA/ICGC/PCAWG_Final_Datasets_DCC/consensus_snv_indel/merged_snv_mnv/7f9382a5-f6da-4fe8-93ad-6adc91f508fa.consensus.20160830.somatic.snv_mnv.vcf.gz	/n/data1/hms/dbmi/park/DATA/ICGC/PCAWG_Final_Datasets_DCC/consensus_cnv/segmented_cn/7f9382a5-f6da-4fe8-93ad-6adc91f508fa.consensus.20170119.somatic.cna.txt
7f94d650-41b9-4664-bcde-dc8533e4602d	/n/data1/hms/dbmi/park/DATA/ICGC/PCAWG_Final_Datasets_DCC/consensus_snv_indel/merged_snv_mnv/7f94d650-41b9-4664-bcde-dc8533e4602d.consensus.20160830.somatic.snv_mnv.vcf.gz	/n/data1/hms/dbmi/park/DATA/ICGC/PCAWG_Final_Datasets_DCC/consensus_cnv/segmented_cn/7f94d650-41b9-4664-bcde-dc8533e4602d.consensus.20170119.somatic.cna.txt
7fba5aac-c622-11e3-bf01-24c6515278c0	/n/data1/hms/dbmi/park/DATA/ICGC/PCAWG_Final_Datasets_DCC/consensus_snv_indel/merged_snv_mnv/7fba5aac-c622-11e3-bf01-24c6515278c0.consensus.20160830.somatic.snv_mnv.vcf.gz	/n/data1/hms/dbmi/park/DATA/ICGC/PCAWG_Final_Datasets_DCC/consensus_cnv/segmented_cn/7fba5aac-c622-11e3-bf01-24c6515278c0.consensus.20170119.somatic.cna.txt
7fc7b316-f3d3-4e71-9417-423fe334e6bc	/n/data1/hms/dbmi/park/DATA/ICGC/PCAWG_Final_Datasets_DCC/consensus_snv_indel/merged_snv_mnv/7fc7b316-f3d3-4e71-9417-423fe334e6bc.consensus.20160830.somatic.snv_mnv.vcf.gz	/n/data1/hms/dbmi/park/DATA/ICGC/PCAWG_Final_Datasets_DCC/consensus_cnv/segmented_cn/7fc7b316-f3d3-4e71-9417-423fe334e6bc.consensus.20170119.somatic.cna.txt
7fcd8af9-4d73-4c97-95cc-b30b09f21bb2	/n/data1/hms/dbmi/park/DATA/ICGC/PCAWG_Final_Datasets_DCC/consensus_snv_indel/merged_snv_mnv/7fcd8af9-4d73-4c97-95cc-b30b09f21bb2.consensus.20160830.somatic.snv_mnv.vcf.gz	/n/data1/hms/dbmi/park/DATA/ICGC/PCAWG_Final_Datasets_DCC/consensus_cnv/segmented_cn/7fcd8af9-4d73-4c97-95cc-b30b09f21bb2.consensus.20170119.somatic.cna.txt
7fdd07a4-4a27-40c3-af92-a0074e6391f5	/n/data1/hms/dbmi/park/DATA/ICGC/PCAWG_Final_Datasets_DCC/consensus_snv_indel/merged_snv_mnv/7fdd07a4-4a27-40c3-af92-a0074e6391f5.consensus.20160830.somatic.snv_mnv.vcf.gz	/n/data1/hms/dbmi/park/DATA/ICGC/PCAWG_Final_Datasets_DCC/consensus_cnv/segmented_cn/7fdd07a4-4a27-40c3-af92-a0074e6391f5.consensus.20170119.somatic.cna.txt
7fe96e71-436d-49d4-9e47-e104e1203568	/n/data1/hms/dbmi/park/DATA/ICGC/PCAWG_Final_Datasets_DCC/consensus_snv_indel/merged_snv_mnv/7fe96e71-436d-49d4-9e47-e104e1203568.consensus.20160830.somatic.snv_mnv.vcf.gz	/n/data1/hms/dbmi/park/DATA/ICGC/PCAWG_Final_Datasets_DCC/consensus_cnv/segmented_cn/7fe96e71-436d-49d4-9e47-e104e1203568.consensus.20170119.somatic.cna.txt
801e67c8-c506-410a-bdf0-856a66e974f4	/n/data1/hms/dbmi/park/DATA/ICGC/PCAWG_Final_Datasets_DCC/consensus_snv_indel/merged_snv_mnv/801e67c8-c506-410a-bdf0-856a66e974f4.consensus.20160830.somatic.snv_mnv.vcf.gz	/n/data1/hms/dbmi/park/DATA/ICGC/PCAWG_Final_Datasets_DCC/consensus_cnv/segmented_cn/801e67c8-c506-410a-bdf0-856a66e974f4.consensus.20170119.somatic.cna.txt
8044a282-bc2c-47c6-8a85-53c3b5eeb08f	/n/data1/hms/dbmi/park/DATA/ICGC/PCAWG_Final_Datasets_DCC/consensus_snv_indel/merged_snv_mnv/8044a282-bc2c-47c6-8a85-53c3b5eeb08f.consensus.20160830.somatic.snv_mnv.vcf.gz	/n/data1/hms/dbmi/park/DATA/ICGC/PCAWG_Final_Datasets_DCC/consensus_cnv/segmented_cn/8044a282-bc2c-47c6-8a85-53c3b5eeb08f.consensus.20170119.somatic.cna.txt
804ffa2e-158b-447d-945c-707684134c87	/n/data1/hms/dbmi/park/DATA/ICGC/PCAWG_Final_Datasets_DCC/consensus_snv_indel/merged_snv_mnv/804ffa2e-158b-447d-945c-707684134c87.consensus.20160830.somatic.snv_mnv.vcf.gz	/n/data1/hms/dbmi/park/DATA/ICGC/PCAWG_Final_Datasets_DCC/consensus_cnv/segmented_cn/804ffa2e-158b-447d-945c-707684134c87.consensus.20170119.somatic.cna.txt
8093649a-74d6-4832-9154-8cc0182fa381	/n/data1/hms/dbmi/park/DATA/ICGC/PCAWG_Final_Datasets_DCC/consensus_snv_indel/merged_snv_mnv/8093649a-74d6-4832-9154-8cc0182fa381.consensus.20160830.somatic.snv_mnv.vcf.gz	/n/data1/hms/dbmi/park/DATA/ICGC/PCAWG_Final_Datasets_DCC/consensus_cnv/segmented_cn/8093649a-74d6-4832-9154-8cc0182fa381.consensus.20170119.somatic.cna.txt
80ab6c08-c622-11e3-bf01-24c6515278c0	/n/data1/hms/dbmi/park/DATA/ICGC/PCAWG_Final_Datasets_DCC/consensus_snv_indel/merged_snv_mnv/80ab6c08-c622-11e3-bf01-24c6515278c0.consensus.20160830.somatic.snv_mnv.vcf.gz	/n/data1/hms/dbmi/park/DATA/ICGC/PCAWG_Final_Datasets_DCC/consensus_cnv/segmented_cn/80ab6c08-c622-11e3-bf01-24c6515278c0.consensus.20170119.somatic.cna.txt
80ebcecc-4a7a-40dd-914c-f0648a58095f	/n/data1/hms/dbmi/park/DATA/ICGC/PCAWG_Final_Datasets_DCC/consensus_snv_indel/merged_snv_mnv/80ebcecc-4a7a-40dd-914c-f0648a58095f.consensus.20160830.somatic.snv_mnv.vcf.gz	/n/data1/hms/dbmi/park/DATA/ICGC/PCAWG_Final_Datasets_DCC/consensus_cnv/segmented_cn/80ebcecc-4a7a-40dd-914c-f0648a58095f.consensus.20170119.somatic.cna.txt
80f02aec-c07a-4bcb-b547-e60f8c33a7b1	/n/data1/hms/dbmi/park/DATA/ICGC/PCAWG_Final_Datasets_DCC/consensus_snv_indel/merged_snv_mnv/80f02aec-c07a-4bcb-b547-e60f8c33a7b1.consensus.20160830.somatic.snv_mnv.vcf.gz	/n/data1/hms/dbmi/park/DATA/ICGC/PCAWG_Final_Datasets_DCC/consensus_cnv/segmented_cn/80f02aec-c07a-4bcb-b547-e60f8c33a7b1.consensus.20170119.somatic.cna.txt
81598359-24d5-4a8b-a6e6-7a6f94289119	/n/data1/hms/dbmi/park/DATA/ICGC/PCAWG_Final_Datasets_DCC/consensus_snv_indel/merged_snv_mnv/81598359-24d5-4a8b-a6e6-7a6f94289119.consensus.20160830.somatic.snv_mnv.vcf.gz	/n/data1/hms/dbmi/park/DATA/ICGC/PCAWG_Final_Datasets_DCC/consensus_cnv/segmented_cn/81598359-24d5-4a8b-a6e6-7a6f94289119.consensus.20170119.somatic.cna.txt
819b4304-c622-11e3-bf01-24c6515278c0	/n/data1/hms/dbmi/park/DATA/ICGC/PCAWG_Final_Datasets_DCC/consensus_snv_indel/merged_snv_mnv/819b4304-c622-11e3-bf01-24c6515278c0.consensus.20160830.somatic.snv_mnv.vcf.gz	/n/data1/hms/dbmi/park/DATA/ICGC/PCAWG_Final_Datasets_DCC/consensus_cnv/segmented_cn/819b4304-c622-11e3-bf01-24c6515278c0.consensus.20170119.somatic.cna.txt
81a8b064-e735-455f-b2db-af7ae11daac4	/n/data1/hms/dbmi/park/DATA/ICGC/PCAWG_Final_Datasets_DCC/consensus_snv_indel/merged_snv_mnv/81a8b064-e735-455f-b2db-af7ae11daac4.consensus.20160830.somatic.snv_mnv.vcf.gz	/n/data1/hms/dbmi/park/DATA/ICGC/PCAWG_Final_Datasets_DCC/consensus_cnv/segmented_cn/81a8b064-e735-455f-b2db-af7ae11daac4.consensus.20170119.somatic.cna.txt
81b1e78c-6032-4ff4-b52a-83456b9450ea	/n/data1/hms/dbmi/park/DATA/ICGC/PCAWG_Final_Datasets_DCC/consensus_snv_indel/merged_snv_mnv/81b1e78c-6032-4ff4-b52a-83456b9450ea.consensus.20160830.somatic.snv_mnv.vcf.gz	/n/data1/hms/dbmi/park/DATA/ICGC/PCAWG_Final_Datasets_DCC/consensus_cnv/segmented_cn/81b1e78c-6032-4ff4-b52a-83456b9450ea.consensus.20170119.somatic.cna.txt
81b4dd02-34ec-4ddc-8818-ed888a60ad88	/n/data1/hms/dbmi/park/DATA/ICGC/PCAWG_Final_Datasets_DCC/consensus_snv_indel/merged_snv_mnv/81b4dd02-34ec-4ddc-8818-ed888a60ad88.consensus.20160830.somatic.snv_mnv.vcf.gz	/n/data1/hms/dbmi/park/DATA/ICGC/PCAWG_Final_Datasets_DCC/consensus_cnv/segmented_cn/81b4dd02-34ec-4ddc-8818-ed888a60ad88.consensus.20170119.somatic.cna.txt
81bb13fc-f082-4c0b-8066-1729f11ef617	/n/data1/hms/dbmi/park/DATA/ICGC/PCAWG_Final_Datasets_DCC/consensus_snv_indel/merged_snv_mnv/81bb13fc-f082-4c0b-8066-1729f11ef617.consensus.20160830.somatic.snv_mnv.vcf.gz	/n/data1/hms/dbmi/park/DATA/ICGC/PCAWG_Final_Datasets_DCC/consensus_cnv/segmented_cn/81bb13fc-f082-4c0b-8066-1729f11ef617.consensus.20170119.somatic.cna.txt
81bc7f0c-865d-4801-a935-2ab04170df53	/n/data1/hms/dbmi/park/DATA/ICGC/PCAWG_Final_Datasets_DCC/consensus_snv_indel/merged_snv_mnv/81bc7f0c-865d-4801-a935-2ab04170df53.consensus.20160830.somatic.snv_mnv.vcf.gz	/n/data1/hms/dbmi/park/DATA/ICGC/PCAWG_Final_Datasets_DCC/consensus_cnv/segmented_cn/81bc7f0c-865d-4801-a935-2ab04170df53.consensus.20170119.somatic.cna.txt
81c7a8c1-8a6a-4e78-a72c-f7c021c67ff7	/n/data1/hms/dbmi/park/DATA/ICGC/PCAWG_Final_Datasets_DCC/consensus_snv_indel/merged_snv_mnv/81c7a8c1-8a6a-4e78-a72c-f7c021c67ff7.consensus.20160830.somatic.snv_mnv.vcf.gz	/n/data1/hms/dbmi/park/DATA/ICGC/PCAWG_Final_Datasets_DCC/consensus_cnv/segmented_cn/81c7a8c1-8a6a-4e78-a72c-f7c021c67ff7.consensus.20170119.somatic.cna.txt
81cc0f39-6677-4f2e-9a75-d30152b188f3	/n/data1/hms/dbmi/park/DATA/ICGC/PCAWG_Final_Datasets_DCC/consensus_snv_indel/merged_snv_mnv/81cc0f39-6677-4f2e-9a75-d30152b188f3.consensus.20160830.somatic.snv_mnv.vcf.gz	/n/data1/hms/dbmi/park/DATA/ICGC/PCAWG_Final_Datasets_DCC/consensus_cnv/segmented_cn/81cc0f39-6677-4f2e-9a75-d30152b188f3.consensus.20170119.somatic.cna.txt
81d0d6bb-7319-4b67-bcf7-36df24e76b43	/n/data1/hms/dbmi/park/DATA/ICGC/PCAWG_Final_Datasets_DCC/consensus_snv_indel/merged_snv_mnv/81d0d6bb-7319-4b67-bcf7-36df24e76b43.consensus.20160830.somatic.snv_mnv.vcf.gz	/n/data1/hms/dbmi/park/DATA/ICGC/PCAWG_Final_Datasets_DCC/consensus_cnv/segmented_cn/81d0d6bb-7319-4b67-bcf7-36df24e76b43.consensus.20170119.somatic.cna.txt
8282283d-247a-431d-9421-0fcc52f0a897	/n/data1/hms/dbmi/park/DATA/ICGC/PCAWG_Final_Datasets_DCC/consensus_snv_indel/merged_snv_mnv/8282283d-247a-431d-9421-0fcc52f0a897.consensus.20160830.somatic.snv_mnv.vcf.gz	/n/data1/hms/dbmi/park/DATA/ICGC/PCAWG_Final_Datasets_DCC/consensus_cnv/segmented_cn/8282283d-247a-431d-9421-0fcc52f0a897.consensus.20170119.somatic.cna.txt
8294a969-59a1-4d3b-895b-f07e96bf9f7a	/n/data1/hms/dbmi/park/DATA/ICGC/PCAWG_Final_Datasets_DCC/consensus_snv_indel/merged_snv_mnv/8294a969-59a1-4d3b-895b-f07e96bf9f7a.consensus.20160830.somatic.snv_mnv.vcf.gz	/n/data1/hms/dbmi/park/DATA/ICGC/PCAWG_Final_Datasets_DCC/consensus_cnv/segmented_cn/8294a969-59a1-4d3b-895b-f07e96bf9f7a.consensus.20170119.somatic.cna.txt
82aefe8e-c622-11e3-bf01-24c6515278c0	/n/data1/hms/dbmi/park/DATA/ICGC/PCAWG_Final_Datasets_DCC/consensus_snv_indel/merged_snv_mnv/82aefe8e-c622-11e3-bf01-24c6515278c0.consensus.20160830.somatic.snv_mnv.vcf.gz	/n/data1/hms/dbmi/park/DATA/ICGC/PCAWG_Final_Datasets_DCC/consensus_cnv/segmented_cn/82aefe8e-c622-11e3-bf01-24c6515278c0.consensus.20170119.somatic.cna.txt
82b8cda8-fbff-455e-b0db-7ff6528bd6c8	/n/data1/hms/dbmi/park/DATA/ICGC/PCAWG_Final_Datasets_DCC/consensus_snv_indel/merged_snv_mnv/82b8cda8-fbff-455e-b0db-7ff6528bd6c8.consensus.20160830.somatic.snv_mnv.vcf.gz	/n/data1/hms/dbmi/park/DATA/ICGC/PCAWG_Final_Datasets_DCC/consensus_cnv/segmented_cn/82b8cda8-fbff-455e-b0db-7ff6528bd6c8.consensus.20170119.somatic.cna.txt
82be6087-a491-42d4-9b48-6a10d1bace18	/n/data1/hms/dbmi/park/DATA/ICGC/PCAWG_Final_Datasets_DCC/consensus_snv_indel/merged_snv_mnv/82be6087-a491-42d4-9b48-6a10d1bace18.consensus.20160830.somatic.snv_mnv.vcf.gz	/n/data1/hms/dbmi/park/DATA/ICGC/PCAWG_Final_Datasets_DCC/consensus_cnv/segmented_cn/82be6087-a491-42d4-9b48-6a10d1bace18.consensus.20170119.somatic.cna.txt
82d2ea5f-ebdc-4907-a287-fe837fd6b59c	/n/data1/hms/dbmi/park/DATA/ICGC/PCAWG_Final_Datasets_DCC/consensus_snv_indel/merged_snv_mnv/82d2ea5f-ebdc-4907-a287-fe837fd6b59c.consensus.20160830.somatic.snv_mnv.vcf.gz	/n/data1/hms/dbmi/park/DATA/ICGC/PCAWG_Final_Datasets_DCC/consensus_cnv/segmented_cn/82d2ea5f-ebdc-4907-a287-fe837fd6b59c.consensus.20170119.somatic.cna.txt
82d7fa2d-19cd-41b7-8ed1-ea9fb9a544c6	/n/data1/hms/dbmi/park/DATA/ICGC/PCAWG_Final_Datasets_DCC/consensus_snv_indel/merged_snv_mnv/82d7fa2d-19cd-41b7-8ed1-ea9fb9a544c6.consensus.20160830.somatic.snv_mnv.vcf.gz	/n/data1/hms/dbmi/park/DATA/ICGC/PCAWG_Final_Datasets_DCC/consensus_cnv/segmented_cn/82d7fa2d-19cd-41b7-8ed1-ea9fb9a544c6.consensus.20170119.somatic.cna.txt
836ec5a5-e385-4236-83e7-2641ee35db7f	/n/data1/hms/dbmi/park/DATA/ICGC/PCAWG_Final_Datasets_DCC/consensus_snv_indel/merged_snv_mnv/836ec5a5-e385-4236-83e7-2641ee35db7f.consensus.20160830.somatic.snv_mnv.vcf.gz	/n/data1/hms/dbmi/park/DATA/ICGC/PCAWG_Final_Datasets_DCC/consensus_cnv/segmented_cn/836ec5a5-e385-4236-83e7-2641ee35db7f.consensus.20170119.somatic.cna.txt
83a1b304-2ec1-44ae-a9c5-8ad3a2a46a1f	/n/data1/hms/dbmi/park/DATA/ICGC/PCAWG_Final_Datasets_DCC/consensus_snv_indel/merged_snv_mnv/83a1b304-2ec1-44ae-a9c5-8ad3a2a46a1f.consensus.20160830.somatic.snv_mnv.vcf.gz	/n/data1/hms/dbmi/park/DATA/ICGC/PCAWG_Final_Datasets_DCC/consensus_cnv/segmented_cn/83a1b304-2ec1-44ae-a9c5-8ad3a2a46a1f.consensus.20170119.somatic.cna.txt
83d57c5c-c622-11e3-bf01-24c6515278c0	/n/data1/hms/dbmi/park/DATA/ICGC/PCAWG_Final_Datasets_DCC/consensus_snv_indel/merged_snv_mnv/83d57c5c-c622-11e3-bf01-24c6515278c0.consensus.20160830.somatic.snv_mnv.vcf.gz	/n/data1/hms/dbmi/park/DATA/ICGC/PCAWG_Final_Datasets_DCC/consensus_cnv/segmented_cn/83d57c5c-c622-11e3-bf01-24c6515278c0.consensus.20170119.somatic.cna.txt
83eca7b5-45bb-44c0-8afe-36f8988d0078	/n/data1/hms/dbmi/park/DATA/ICGC/PCAWG_Final_Datasets_DCC/consensus_snv_indel/merged_snv_mnv/83eca7b5-45bb-44c0-8afe-36f8988d0078.consensus.20160830.somatic.snv_mnv.vcf.gz	/n/data1/hms/dbmi/park/DATA/ICGC/PCAWG_Final_Datasets_DCC/consensus_cnv/segmented_cn/83eca7b5-45bb-44c0-8afe-36f8988d0078.consensus.20170119.somatic.cna.txt
8404ef5b-7a64-47fe-98f9-3f63619d2d99	/n/data1/hms/dbmi/park/DATA/ICGC/PCAWG_Final_Datasets_DCC/consensus_snv_indel/merged_snv_mnv/8404ef5b-7a64-47fe-98f9-3f63619d2d99.consensus.20160830.somatic.snv_mnv.vcf.gz	/n/data1/hms/dbmi/park/DATA/ICGC/PCAWG_Final_Datasets_DCC/consensus_cnv/segmented_cn/8404ef5b-7a64-47fe-98f9-3f63619d2d99.consensus.20170119.somatic.cna.txt
842df341-d34f-4ed6-928c-eaf15bf7f667	/n/data1/hms/dbmi/park/DATA/ICGC/PCAWG_Final_Datasets_DCC/consensus_snv_indel/merged_snv_mnv/842df341-d34f-4ed6-928c-eaf15bf7f667.consensus.20160830.somatic.snv_mnv.vcf.gz	/n/data1/hms/dbmi/park/DATA/ICGC/PCAWG_Final_Datasets_DCC/consensus_cnv/segmented_cn/842df341-d34f-4ed6-928c-eaf15bf7f667.consensus.20170119.somatic.cna.txt
8454fe53-869d-41c8-b0c8-a7929d00eec3	/n/data1/hms/dbmi/park/DATA/ICGC/PCAWG_Final_Datasets_DCC/consensus_snv_indel/merged_snv_mnv/8454fe53-869d-41c8-b0c8-a7929d00eec3.consensus.20160830.somatic.snv_mnv.vcf.gz	/n/data1/hms/dbmi/park/DATA/ICGC/PCAWG_Final_Datasets_DCC/consensus_cnv/segmented_cn/8454fe53-869d-41c8-b0c8-a7929d00eec3.consensus.20170119.somatic.cna.txt
84a6ea88-eeb8-4060-a90c-e4abac013ad4	/n/data1/hms/dbmi/park/DATA/ICGC/PCAWG_Final_Datasets_DCC/consensus_snv_indel/merged_snv_mnv/84a6ea88-eeb8-4060-a90c-e4abac013ad4.consensus.20160830.somatic.snv_mnv.vcf.gz	/n/data1/hms/dbmi/park/DATA/ICGC/PCAWG_Final_Datasets_DCC/consensus_cnv/segmented_cn/84a6ea88-eeb8-4060-a90c-e4abac013ad4.consensus.20170119.somatic.cna.txt
84aa2983-714b-49fd-af93-f18ed4d6a6cb	/n/data1/hms/dbmi/park/DATA/ICGC/PCAWG_Final_Datasets_DCC/consensus_snv_indel/merged_snv_mnv/84aa2983-714b-49fd-af93-f18ed4d6a6cb.consensus.20160830.somatic.snv_mnv.vcf.gz	/n/data1/hms/dbmi/park/DATA/ICGC/PCAWG_Final_Datasets_DCC/consensus_cnv/segmented_cn/84aa2983-714b-49fd-af93-f18ed4d6a6cb.consensus.20170119.somatic.cna.txt
84ae4dd8-f661-46aa-9892-69742e2f3542	/n/data1/hms/dbmi/park/DATA/ICGC/PCAWG_Final_Datasets_DCC/consensus_snv_indel/merged_snv_mnv/84ae4dd8-f661-46aa-9892-69742e2f3542.consensus.20160830.somatic.snv_mnv.vcf.gz	/n/data1/hms/dbmi/park/DATA/ICGC/PCAWG_Final_Datasets_DCC/consensus_cnv/segmented_cn/84ae4dd8-f661-46aa-9892-69742e2f3542.consensus.20170119.somatic.cna.txt
84c77098-03d0-4b22-afb1-797703e85c6c	/n/data1/hms/dbmi/park/DATA/ICGC/PCAWG_Final_Datasets_DCC/consensus_snv_indel/merged_snv_mnv/84c77098-03d0-4b22-afb1-797703e85c6c.consensus.20160830.somatic.snv_mnv.vcf.gz	/n/data1/hms/dbmi/park/DATA/ICGC/PCAWG_Final_Datasets_DCC/consensus_cnv/segmented_cn/84c77098-03d0-4b22-afb1-797703e85c6c.consensus.20170119.somatic.cna.txt
84ca6ab0-9edc-4636-9d27-55cdba334d7d	/n/data1/hms/dbmi/park/DATA/ICGC/PCAWG_Final_Datasets_DCC/consensus_snv_indel/merged_snv_mnv/84ca6ab0-9edc-4636-9d27-55cdba334d7d.consensus.20160830.somatic.snv_mnv.vcf.gz	/n/data1/hms/dbmi/park/DATA/ICGC/PCAWG_Final_Datasets_DCC/consensus_cnv/segmented_cn/84ca6ab0-9edc-4636-9d27-55cdba334d7d.consensus.20170119.somatic.cna.txt
84e601b7-dfa5-4cd5-9fef-07f03967a0d4	/n/data1/hms/dbmi/park/DATA/ICGC/PCAWG_Final_Datasets_DCC/consensus_snv_indel/merged_snv_mnv/84e601b7-dfa5-4cd5-9fef-07f03967a0d4.consensus.20160830.somatic.snv_mnv.vcf.gz	/n/data1/hms/dbmi/park/DATA/ICGC/PCAWG_Final_Datasets_DCC/consensus_cnv/segmented_cn/84e601b7-dfa5-4cd5-9fef-07f03967a0d4.consensus.20170119.somatic.cna.txt
84fe77b4-f6cc-49bf-a6b9-1621ec9394f8	/n/data1/hms/dbmi/park/DATA/ICGC/PCAWG_Final_Datasets_DCC/consensus_snv_indel/merged_snv_mnv/84fe77b4-f6cc-49bf-a6b9-1621ec9394f8.consensus.20160830.somatic.snv_mnv.vcf.gz	/n/data1/hms/dbmi/park/DATA/ICGC/PCAWG_Final_Datasets_DCC/consensus_cnv/segmented_cn/84fe77b4-f6cc-49bf-a6b9-1621ec9394f8.consensus.20170119.somatic.cna.txt
850389d4-c622-11e3-bf01-24c6515278c0	/n/data1/hms/dbmi/park/DATA/ICGC/PCAWG_Final_Datasets_DCC/consensus_snv_indel/merged_snv_mnv/850389d4-c622-11e3-bf01-24c6515278c0.consensus.20160830.somatic.snv_mnv.vcf.gz	/n/data1/hms/dbmi/park/DATA/ICGC/PCAWG_Final_Datasets_DCC/consensus_cnv/segmented_cn/850389d4-c622-11e3-bf01-24c6515278c0.consensus.20170119.somatic.cna.txt
85422a8e-2599-4dab-a257-150e380ecba8	/n/data1/hms/dbmi/park/DATA/ICGC/PCAWG_Final_Datasets_DCC/consensus_snv_indel/merged_snv_mnv/85422a8e-2599-4dab-a257-150e380ecba8.consensus.20160830.somatic.snv_mnv.vcf.gz	/n/data1/hms/dbmi/park/DATA/ICGC/PCAWG_Final_Datasets_DCC/consensus_cnv/segmented_cn/85422a8e-2599-4dab-a257-150e380ecba8.consensus.20170119.somatic.cna.txt
85448d11-9f84-44b7-8ae3-a115f24bdb76	/n/data1/hms/dbmi/park/DATA/ICGC/PCAWG_Final_Datasets_DCC/consensus_snv_indel/merged_snv_mnv/85448d11-9f84-44b7-8ae3-a115f24bdb76.consensus.20160830.somatic.snv_mnv.vcf.gz	/n/data1/hms/dbmi/park/DATA/ICGC/PCAWG_Final_Datasets_DCC/consensus_cnv/segmented_cn/85448d11-9f84-44b7-8ae3-a115f24bdb76.consensus.20170119.somatic.cna.txt
857a8354-9589-424e-98f4-98b9bfd6dcb0	/n/data1/hms/dbmi/park/DATA/ICGC/PCAWG_Final_Datasets_DCC/consensus_snv_indel/merged_snv_mnv/857a8354-9589-424e-98f4-98b9bfd6dcb0.consensus.20160830.somatic.snv_mnv.vcf.gz	/n/data1/hms/dbmi/park/DATA/ICGC/PCAWG_Final_Datasets_DCC/consensus_cnv/segmented_cn/857a8354-9589-424e-98f4-98b9bfd6dcb0.consensus.20170119.somatic.cna.txt
858631eb-4e91-4aad-809c-c3948519313d	/n/data1/hms/dbmi/park/DATA/ICGC/PCAWG_Final_Datasets_DCC/consensus_snv_indel/merged_snv_mnv/858631eb-4e91-4aad-809c-c3948519313d.consensus.20160830.somatic.snv_mnv.vcf.gz	/n/data1/hms/dbmi/park/DATA/ICGC/PCAWG_Final_Datasets_DCC/consensus_cnv/segmented_cn/858631eb-4e91-4aad-809c-c3948519313d.consensus.20170119.somatic.cna.txt
85d915b8-0184-4ec7-93ad-e9ffa2f5743b	/n/data1/hms/dbmi/park/DATA/ICGC/PCAWG_Final_Datasets_DCC/consensus_snv_indel/merged_snv_mnv/85d915b8-0184-4ec7-93ad-e9ffa2f5743b.consensus.20160830.somatic.snv_mnv.vcf.gz	/n/data1/hms/dbmi/park/DATA/ICGC/PCAWG_Final_Datasets_DCC/consensus_cnv/segmented_cn/85d915b8-0184-4ec7-93ad-e9ffa2f5743b.consensus.20170119.somatic.cna.txt
85e29049-a5e8-49fa-a576-e113c7b2c2e3	/n/data1/hms/dbmi/park/DATA/ICGC/PCAWG_Final_Datasets_DCC/consensus_snv_indel/merged_snv_mnv/85e29049-a5e8-49fa-a576-e113c7b2c2e3.consensus.20160830.somatic.snv_mnv.vcf.gz	/n/data1/hms/dbmi/park/DATA/ICGC/PCAWG_Final_Datasets_DCC/consensus_cnv/segmented_cn/85e29049-a5e8-49fa-a576-e113c7b2c2e3.consensus.20170119.somatic.cna.txt
85ed2434-da94-4333-90ca-6ca4691cbdd3	/n/data1/hms/dbmi/park/DATA/ICGC/PCAWG_Final_Datasets_DCC/consensus_snv_indel/merged_snv_mnv/85ed2434-da94-4333-90ca-6ca4691cbdd3.consensus.20160830.somatic.snv_mnv.vcf.gz	/n/data1/hms/dbmi/park/DATA/ICGC/PCAWG_Final_Datasets_DCC/consensus_cnv/segmented_cn/85ed2434-da94-4333-90ca-6ca4691cbdd3.consensus.20170119.somatic.cna.txt
86386b36-2950-4479-b79f-4b347053c8bc	/n/data1/hms/dbmi/park/DATA/ICGC/PCAWG_Final_Datasets_DCC/consensus_snv_indel/merged_snv_mnv/86386b36-2950-4479-b79f-4b347053c8bc.consensus.20160830.somatic.snv_mnv.vcf.gz	/n/data1/hms/dbmi/park/DATA/ICGC/PCAWG_Final_Datasets_DCC/consensus_cnv/segmented_cn/86386b36-2950-4479-b79f-4b347053c8bc.consensus.20170119.somatic.cna.txt
8658f4f5-9a50-4195-8ea3-227951977647	/n/data1/hms/dbmi/park/DATA/ICGC/PCAWG_Final_Datasets_DCC/consensus_snv_indel/merged_snv_mnv/8658f4f5-9a50-4195-8ea3-227951977647.consensus.20160830.somatic.snv_mnv.vcf.gz	/n/data1/hms/dbmi/park/DATA/ICGC/PCAWG_Final_Datasets_DCC/consensus_cnv/segmented_cn/8658f4f5-9a50-4195-8ea3-227951977647.consensus.20170119.somatic.cna.txt
8659a35e-c622-11e3-bf01-24c6515278c0	/n/data1/hms/dbmi/park/DATA/ICGC/PCAWG_Final_Datasets_DCC/consensus_snv_indel/merged_snv_mnv/8659a35e-c622-11e3-bf01-24c6515278c0.consensus.20160830.somatic.snv_mnv.vcf.gz	/n/data1/hms/dbmi/park/DATA/ICGC/PCAWG_Final_Datasets_DCC/consensus_cnv/segmented_cn/8659a35e-c622-11e3-bf01-24c6515278c0.consensus.20170119.somatic.cna.txt
866ecfe7-caa6-4565-9418-6b9d6c8a3b43	/n/data1/hms/dbmi/park/DATA/ICGC/PCAWG_Final_Datasets_DCC/consensus_snv_indel/merged_snv_mnv/866ecfe7-caa6-4565-9418-6b9d6c8a3b43.consensus.20160830.somatic.snv_mnv.vcf.gz	/n/data1/hms/dbmi/park/DATA/ICGC/PCAWG_Final_Datasets_DCC/consensus_cnv/segmented_cn/866ecfe7-caa6-4565-9418-6b9d6c8a3b43.consensus.20170119.somatic.cna.txt
86874a67-aa86-45f1-be32-3b2722ebedec	/n/data1/hms/dbmi/park/DATA/ICGC/PCAWG_Final_Datasets_DCC/consensus_snv_indel/merged_snv_mnv/86874a67-aa86-45f1-be32-3b2722ebedec.consensus.20160830.somatic.snv_mnv.vcf.gz	/n/data1/hms/dbmi/park/DATA/ICGC/PCAWG_Final_Datasets_DCC/consensus_cnv/segmented_cn/86874a67-aa86-45f1-be32-3b2722ebedec.consensus.20170119.somatic.cna.txt
8689b53c-8883-479c-85f6-d13b86272b5d	/n/data1/hms/dbmi/park/DATA/ICGC/PCAWG_Final_Datasets_DCC/consensus_snv_indel/merged_snv_mnv/8689b53c-8883-479c-85f6-d13b86272b5d.consensus.20160830.somatic.snv_mnv.vcf.gz	/n/data1/hms/dbmi/park/DATA/ICGC/PCAWG_Final_Datasets_DCC/consensus_cnv/segmented_cn/8689b53c-8883-479c-85f6-d13b86272b5d.consensus.20170119.somatic.cna.txt
868c95ad-45df-4f8e-9553-b7c2c5679deb	/n/data1/hms/dbmi/park/DATA/ICGC/PCAWG_Final_Datasets_DCC/consensus_snv_indel/merged_snv_mnv/868c95ad-45df-4f8e-9553-b7c2c5679deb.consensus.20160830.somatic.snv_mnv.vcf.gz	/n/data1/hms/dbmi/park/DATA/ICGC/PCAWG_Final_Datasets_DCC/consensus_cnv/segmented_cn/868c95ad-45df-4f8e-9553-b7c2c5679deb.consensus.20170119.somatic.cna.txt
8691c87f-2468-44bb-a670-3dccd6da33c6	/n/data1/hms/dbmi/park/DATA/ICGC/PCAWG_Final_Datasets_DCC/consensus_snv_indel/merged_snv_mnv/8691c87f-2468-44bb-a670-3dccd6da33c6.consensus.20160830.somatic.snv_mnv.vcf.gz	/n/data1/hms/dbmi/park/DATA/ICGC/PCAWG_Final_Datasets_DCC/consensus_cnv/segmented_cn/8691c87f-2468-44bb-a670-3dccd6da33c6.consensus.20170119.somatic.cna.txt
86cbb7ad-b22b-414f-a122-77d38c77207d	/n/data1/hms/dbmi/park/DATA/ICGC/PCAWG_Final_Datasets_DCC/consensus_snv_indel/merged_snv_mnv/86cbb7ad-b22b-414f-a122-77d38c77207d.consensus.20160830.somatic.snv_mnv.vcf.gz	/n/data1/hms/dbmi/park/DATA/ICGC/PCAWG_Final_Datasets_DCC/consensus_cnv/segmented_cn/86cbb7ad-b22b-414f-a122-77d38c77207d.consensus.20170119.somatic.cna.txt
86f23897-dba0-4e89-8381-d174eaa6fcc1	/n/data1/hms/dbmi/park/DATA/ICGC/PCAWG_Final_Datasets_DCC/consensus_snv_indel/merged_snv_mnv/86f23897-dba0-4e89-8381-d174eaa6fcc1.consensus.20160830.somatic.snv_mnv.vcf.gz	/n/data1/hms/dbmi/park/DATA/ICGC/PCAWG_Final_Datasets_DCC/consensus_cnv/segmented_cn/86f23897-dba0-4e89-8381-d174eaa6fcc1.consensus.20170119.somatic.cna.txt
870e7aa5-a9c2-4c4e-afa8-36bb3bdc4eee	/n/data1/hms/dbmi/park/DATA/ICGC/PCAWG_Final_Datasets_DCC/consensus_snv_indel/merged_snv_mnv/870e7aa5-a9c2-4c4e-afa8-36bb3bdc4eee.consensus.20160830.somatic.snv_mnv.vcf.gz	/n/data1/hms/dbmi/park/DATA/ICGC/PCAWG_Final_Datasets_DCC/consensus_cnv/segmented_cn/870e7aa5-a9c2-4c4e-afa8-36bb3bdc4eee.consensus.20170119.somatic.cna.txt
873ed251-fa44-465f-99e0-c90a42ea13d9	/n/data1/hms/dbmi/park/DATA/ICGC/PCAWG_Final_Datasets_DCC/consensus_snv_indel/merged_snv_mnv/873ed251-fa44-465f-99e0-c90a42ea13d9.consensus.20160830.somatic.snv_mnv.vcf.gz	/n/data1/hms/dbmi/park/DATA/ICGC/PCAWG_Final_Datasets_DCC/consensus_cnv/segmented_cn/873ed251-fa44-465f-99e0-c90a42ea13d9.consensus.20170119.somatic.cna.txt
874f64e9-8a0d-4f88-92c4-7e831842b1d1	/n/data1/hms/dbmi/park/DATA/ICGC/PCAWG_Final_Datasets_DCC/consensus_snv_indel/merged_snv_mnv/874f64e9-8a0d-4f88-92c4-7e831842b1d1.consensus.20160830.somatic.snv_mnv.vcf.gz	/n/data1/hms/dbmi/park/DATA/ICGC/PCAWG_Final_Datasets_DCC/consensus_cnv/segmented_cn/874f64e9-8a0d-4f88-92c4-7e831842b1d1.consensus.20170119.somatic.cna.txt
87671312-c622-11e3-bf01-24c6515278c0	/n/data1/hms/dbmi/park/DATA/ICGC/PCAWG_Final_Datasets_DCC/consensus_snv_indel/merged_snv_mnv/87671312-c622-11e3-bf01-24c6515278c0.consensus.20160830.somatic.snv_mnv.vcf.gz	/n/data1/hms/dbmi/park/DATA/ICGC/PCAWG_Final_Datasets_DCC/consensus_cnv/segmented_cn/87671312-c622-11e3-bf01-24c6515278c0.consensus.20170119.somatic.cna.txt
878a7fe7-20ff-4651-9587-b4d6fd42e929	/n/data1/hms/dbmi/park/DATA/ICGC/PCAWG_Final_Datasets_DCC/consensus_snv_indel/merged_snv_mnv/878a7fe7-20ff-4651-9587-b4d6fd42e929.consensus.20160830.somatic.snv_mnv.vcf.gz	/n/data1/hms/dbmi/park/DATA/ICGC/PCAWG_Final_Datasets_DCC/consensus_cnv/segmented_cn/878a7fe7-20ff-4651-9587-b4d6fd42e929.consensus.20170119.somatic.cna.txt
87e0b332-60f3-4d59-8c4e-691a820c9ee1	/n/data1/hms/dbmi/park/DATA/ICGC/PCAWG_Final_Datasets_DCC/consensus_snv_indel/merged_snv_mnv/87e0b332-60f3-4d59-8c4e-691a820c9ee1.consensus.20160830.somatic.snv_mnv.vcf.gz	/n/data1/hms/dbmi/park/DATA/ICGC/PCAWG_Final_Datasets_DCC/consensus_cnv/segmented_cn/87e0b332-60f3-4d59-8c4e-691a820c9ee1.consensus.20170119.somatic.cna.txt
87e1ffee-a8cd-4d75-937e-ed415cf43546	/n/data1/hms/dbmi/park/DATA/ICGC/PCAWG_Final_Datasets_DCC/consensus_snv_indel/merged_snv_mnv/87e1ffee-a8cd-4d75-937e-ed415cf43546.consensus.20160830.somatic.snv_mnv.vcf.gz	/n/data1/hms/dbmi/park/DATA/ICGC/PCAWG_Final_Datasets_DCC/consensus_cnv/segmented_cn/87e1ffee-a8cd-4d75-937e-ed415cf43546.consensus.20170119.somatic.cna.txt
880e6970-0131-4966-b13e-8614d33f0df7	/n/data1/hms/dbmi/park/DATA/ICGC/PCAWG_Final_Datasets_DCC/consensus_snv_indel/merged_snv_mnv/880e6970-0131-4966-b13e-8614d33f0df7.consensus.20160830.somatic.snv_mnv.vcf.gz	/n/data1/hms/dbmi/park/DATA/ICGC/PCAWG_Final_Datasets_DCC/consensus_cnv/segmented_cn/880e6970-0131-4966-b13e-8614d33f0df7.consensus.20170119.somatic.cna.txt
88395c0e-4afe-434d-8b20-5a3eef8b7f00	/n/data1/hms/dbmi/park/DATA/ICGC/PCAWG_Final_Datasets_DCC/consensus_snv_indel/merged_snv_mnv/88395c0e-4afe-434d-8b20-5a3eef8b7f00.consensus.20160830.somatic.snv_mnv.vcf.gz	/n/data1/hms/dbmi/park/DATA/ICGC/PCAWG_Final_Datasets_DCC/consensus_cnv/segmented_cn/88395c0e-4afe-434d-8b20-5a3eef8b7f00.consensus.20170119.somatic.cna.txt
8845fce6-e2b4-4929-942b-57096b0bbafc	/n/data1/hms/dbmi/park/DATA/ICGC/PCAWG_Final_Datasets_DCC/consensus_snv_indel/merged_snv_mnv/8845fce6-e2b4-4929-942b-57096b0bbafc.consensus.20160830.somatic.snv_mnv.vcf.gz	/n/data1/hms/dbmi/park/DATA/ICGC/PCAWG_Final_Datasets_DCC/consensus_cnv/segmented_cn/8845fce6-e2b4-4929-942b-57096b0bbafc.consensus.20170119.somatic.cna.txt
8867bdef-3a8d-433e-b10f-d752e2cbb022	/n/data1/hms/dbmi/park/DATA/ICGC/PCAWG_Final_Datasets_DCC/consensus_snv_indel/merged_snv_mnv/8867bdef-3a8d-433e-b10f-d752e2cbb022.consensus.20160830.somatic.snv_mnv.vcf.gz	/n/data1/hms/dbmi/park/DATA/ICGC/PCAWG_Final_Datasets_DCC/consensus_cnv/segmented_cn/8867bdef-3a8d-433e-b10f-d752e2cbb022.consensus.20170119.somatic.cna.txt
887616c5-06a7-4e83-948c-3546202349fb	/n/data1/hms/dbmi/park/DATA/ICGC/PCAWG_Final_Datasets_DCC/consensus_snv_indel/merged_snv_mnv/887616c5-06a7-4e83-948c-3546202349fb.consensus.20160830.somatic.snv_mnv.vcf.gz	/n/data1/hms/dbmi/park/DATA/ICGC/PCAWG_Final_Datasets_DCC/consensus_cnv/segmented_cn/887616c5-06a7-4e83-948c-3546202349fb.consensus.20170119.somatic.cna.txt
8888e808-594b-4c76-b2e4-62aa56736f7c	/n/data1/hms/dbmi/park/DATA/ICGC/PCAWG_Final_Datasets_DCC/consensus_snv_indel/merged_snv_mnv/8888e808-594b-4c76-b2e4-62aa56736f7c.consensus.20160830.somatic.snv_mnv.vcf.gz	/n/data1/hms/dbmi/park/DATA/ICGC/PCAWG_Final_Datasets_DCC/consensus_cnv/segmented_cn/8888e808-594b-4c76-b2e4-62aa56736f7c.consensus.20170119.somatic.cna.txt
889fb525-5055-4408-a12e-17f1225c9d29	/n/data1/hms/dbmi/park/DATA/ICGC/PCAWG_Final_Datasets_DCC/consensus_snv_indel/merged_snv_mnv/889fb525-5055-4408-a12e-17f1225c9d29.consensus.20160830.somatic.snv_mnv.vcf.gz	/n/data1/hms/dbmi/park/DATA/ICGC/PCAWG_Final_Datasets_DCC/consensus_cnv/segmented_cn/889fb525-5055-4408-a12e-17f1225c9d29.consensus.20170119.somatic.cna.txt
88bc38ba-ad1d-431e-a67e-0a5a23678386	/n/data1/hms/dbmi/park/DATA/ICGC/PCAWG_Final_Datasets_DCC/consensus_snv_indel/merged_snv_mnv/88bc38ba-ad1d-431e-a67e-0a5a23678386.consensus.20160830.somatic.snv_mnv.vcf.gz	/n/data1/hms/dbmi/park/DATA/ICGC/PCAWG_Final_Datasets_DCC/consensus_cnv/segmented_cn/88bc38ba-ad1d-431e-a67e-0a5a23678386.consensus.20170119.somatic.cna.txt
88d5a8b2-daba-45ce-90bf-480fac85bf1d	/n/data1/hms/dbmi/park/DATA/ICGC/PCAWG_Final_Datasets_DCC/consensus_snv_indel/merged_snv_mnv/88d5a8b2-daba-45ce-90bf-480fac85bf1d.consensus.20160830.somatic.snv_mnv.vcf.gz	/n/data1/hms/dbmi/park/DATA/ICGC/PCAWG_Final_Datasets_DCC/consensus_cnv/segmented_cn/88d5a8b2-daba-45ce-90bf-480fac85bf1d.consensus.20170119.somatic.cna.txt
88d82a42-c622-11e3-bf01-24c6515278c0	/n/data1/hms/dbmi/park/DATA/ICGC/PCAWG_Final_Datasets_DCC/consensus_snv_indel/merged_snv_mnv/88d82a42-c622-11e3-bf01-24c6515278c0.consensus.20160830.somatic.snv_mnv.vcf.gz	/n/data1/hms/dbmi/park/DATA/ICGC/PCAWG_Final_Datasets_DCC/consensus_cnv/segmented_cn/88d82a42-c622-11e3-bf01-24c6515278c0.consensus.20170119.somatic.cna.txt
88e35d25-d98d-4576-8ebe-1cd74010ecd8	/n/data1/hms/dbmi/park/DATA/ICGC/PCAWG_Final_Datasets_DCC/consensus_snv_indel/merged_snv_mnv/88e35d25-d98d-4576-8ebe-1cd74010ecd8.consensus.20160830.somatic.snv_mnv.vcf.gz	/n/data1/hms/dbmi/park/DATA/ICGC/PCAWG_Final_Datasets_DCC/consensus_cnv/segmented_cn/88e35d25-d98d-4576-8ebe-1cd74010ecd8.consensus.20170119.somatic.cna.txt
88f2c496-3eb4-4c03-b3a5-8d5a55803aaf	/n/data1/hms/dbmi/park/DATA/ICGC/PCAWG_Final_Datasets_DCC/consensus_snv_indel/merged_snv_mnv/88f2c496-3eb4-4c03-b3a5-8d5a55803aaf.consensus.20160830.somatic.snv_mnv.vcf.gz	/n/data1/hms/dbmi/park/DATA/ICGC/PCAWG_Final_Datasets_DCC/consensus_cnv/segmented_cn/88f2c496-3eb4-4c03-b3a5-8d5a55803aaf.consensus.20170119.somatic.cna.txt
890e840c-1d1d-4874-a8eb-f9d9a2b50a1c	/n/data1/hms/dbmi/park/DATA/ICGC/PCAWG_Final_Datasets_DCC/consensus_snv_indel/merged_snv_mnv/890e840c-1d1d-4874-a8eb-f9d9a2b50a1c.consensus.20160830.somatic.snv_mnv.vcf.gz	/n/data1/hms/dbmi/park/DATA/ICGC/PCAWG_Final_Datasets_DCC/consensus_cnv/segmented_cn/890e840c-1d1d-4874-a8eb-f9d9a2b50a1c.consensus.20170119.somatic.cna.txt
89195d56-1ef2-41df-b200-9f18e38f574a	/n/data1/hms/dbmi/park/DATA/ICGC/PCAWG_Final_Datasets_DCC/consensus_snv_indel/merged_snv_mnv/89195d56-1ef2-41df-b200-9f18e38f574a.consensus.20160830.somatic.snv_mnv.vcf.gz	/n/data1/hms/dbmi/park/DATA/ICGC/PCAWG_Final_Datasets_DCC/consensus_cnv/segmented_cn/89195d56-1ef2-41df-b200-9f18e38f574a.consensus.20170119.somatic.cna.txt
8930735a-4eb4-4489-8513-d4b600c316ab	/n/data1/hms/dbmi/park/DATA/ICGC/PCAWG_Final_Datasets_DCC/consensus_snv_indel/merged_snv_mnv/8930735a-4eb4-4489-8513-d4b600c316ab.consensus.20160830.somatic.snv_mnv.vcf.gz	/n/data1/hms/dbmi/park/DATA/ICGC/PCAWG_Final_Datasets_DCC/consensus_cnv/segmented_cn/8930735a-4eb4-4489-8513-d4b600c316ab.consensus.20170119.somatic.cna.txt
897a4500-6fb8-4e81-aa07-021a26d632fb	/n/data1/hms/dbmi/park/DATA/ICGC/PCAWG_Final_Datasets_DCC/consensus_snv_indel/merged_snv_mnv/897a4500-6fb8-4e81-aa07-021a26d632fb.consensus.20160830.somatic.snv_mnv.vcf.gz	/n/data1/hms/dbmi/park/DATA/ICGC/PCAWG_Final_Datasets_DCC/consensus_cnv/segmented_cn/897a4500-6fb8-4e81-aa07-021a26d632fb.consensus.20170119.somatic.cna.txt
897ba508-d74b-46bf-8554-1210a66a36d1	/n/data1/hms/dbmi/park/DATA/ICGC/PCAWG_Final_Datasets_DCC/consensus_snv_indel/merged_snv_mnv/897ba508-d74b-46bf-8554-1210a66a36d1.consensus.20160830.somatic.snv_mnv.vcf.gz	/n/data1/hms/dbmi/park/DATA/ICGC/PCAWG_Final_Datasets_DCC/consensus_cnv/segmented_cn/897ba508-d74b-46bf-8554-1210a66a36d1.consensus.20170119.somatic.cna.txt
89c48e53-c8a9-4518-b3b8-509cdcaff52b	/n/data1/hms/dbmi/park/DATA/ICGC/PCAWG_Final_Datasets_DCC/consensus_snv_indel/merged_snv_mnv/89c48e53-c8a9-4518-b3b8-509cdcaff52b.consensus.20160830.somatic.snv_mnv.vcf.gz	/n/data1/hms/dbmi/park/DATA/ICGC/PCAWG_Final_Datasets_DCC/consensus_cnv/segmented_cn/89c48e53-c8a9-4518-b3b8-509cdcaff52b.consensus.20170119.somatic.cna.txt
89dad92e-5b3f-479a-a6da-a94ee7df7f8a	/n/data1/hms/dbmi/park/DATA/ICGC/PCAWG_Final_Datasets_DCC/consensus_snv_indel/merged_snv_mnv/89dad92e-5b3f-479a-a6da-a94ee7df7f8a.consensus.20160830.somatic.snv_mnv.vcf.gz	/n/data1/hms/dbmi/park/DATA/ICGC/PCAWG_Final_Datasets_DCC/consensus_cnv/segmented_cn/89dad92e-5b3f-479a-a6da-a94ee7df7f8a.consensus.20170119.somatic.cna.txt
89f34810-19c6-47bc-981d-98498b013686	/n/data1/hms/dbmi/park/DATA/ICGC/PCAWG_Final_Datasets_DCC/consensus_snv_indel/merged_snv_mnv/89f34810-19c6-47bc-981d-98498b013686.consensus.20160830.somatic.snv_mnv.vcf.gz	/n/data1/hms/dbmi/park/DATA/ICGC/PCAWG_Final_Datasets_DCC/consensus_cnv/segmented_cn/89f34810-19c6-47bc-981d-98498b013686.consensus.20170119.somatic.cna.txt
8a2580c3-9c89-4cb0-b94d-3eca15dac1c3	/n/data1/hms/dbmi/park/DATA/ICGC/PCAWG_Final_Datasets_DCC/consensus_snv_indel/merged_snv_mnv/8a2580c3-9c89-4cb0-b94d-3eca15dac1c3.consensus.20160830.somatic.snv_mnv.vcf.gz	/n/data1/hms/dbmi/park/DATA/ICGC/PCAWG_Final_Datasets_DCC/consensus_cnv/segmented_cn/8a2580c3-9c89-4cb0-b94d-3eca15dac1c3.consensus.20170119.somatic.cna.txt
8a69f3ca-4e17-4daa-8722-a36316e345ba	/n/data1/hms/dbmi/park/DATA/ICGC/PCAWG_Final_Datasets_DCC/consensus_snv_indel/merged_snv_mnv/8a69f3ca-4e17-4daa-8722-a36316e345ba.consensus.20160830.somatic.snv_mnv.vcf.gz	/n/data1/hms/dbmi/park/DATA/ICGC/PCAWG_Final_Datasets_DCC/consensus_cnv/segmented_cn/8a69f3ca-4e17-4daa-8722-a36316e345ba.consensus.20170119.somatic.cna.txt
8a6d6b2e-c622-11e3-bf01-24c6515278c0	/n/data1/hms/dbmi/park/DATA/ICGC/PCAWG_Final_Datasets_DCC/consensus_snv_indel/merged_snv_mnv/8a6d6b2e-c622-11e3-bf01-24c6515278c0.consensus.20160830.somatic.snv_mnv.vcf.gz	/n/data1/hms/dbmi/park/DATA/ICGC/PCAWG_Final_Datasets_DCC/consensus_cnv/segmented_cn/8a6d6b2e-c622-11e3-bf01-24c6515278c0.consensus.20170119.somatic.cna.txt
8a8dd718-c46e-462a-9793-83d88f5caa7f	/n/data1/hms/dbmi/park/DATA/ICGC/PCAWG_Final_Datasets_DCC/consensus_snv_indel/merged_snv_mnv/8a8dd718-c46e-462a-9793-83d88f5caa7f.consensus.20160830.somatic.snv_mnv.vcf.gz	/n/data1/hms/dbmi/park/DATA/ICGC/PCAWG_Final_Datasets_DCC/consensus_cnv/segmented_cn/8a8dd718-c46e-462a-9793-83d88f5caa7f.consensus.20170119.somatic.cna.txt
8a929c55-35a6-4645-bb70-4b85d281b139	/n/data1/hms/dbmi/park/DATA/ICGC/PCAWG_Final_Datasets_DCC/consensus_snv_indel/merged_snv_mnv/8a929c55-35a6-4645-bb70-4b85d281b139.consensus.20160830.somatic.snv_mnv.vcf.gz	/n/data1/hms/dbmi/park/DATA/ICGC/PCAWG_Final_Datasets_DCC/consensus_cnv/segmented_cn/8a929c55-35a6-4645-bb70-4b85d281b139.consensus.20170119.somatic.cna.txt
8a9359de-b0ad-4a2d-a543-e3b982697db9	/n/data1/hms/dbmi/park/DATA/ICGC/PCAWG_Final_Datasets_DCC/consensus_snv_indel/merged_snv_mnv/8a9359de-b0ad-4a2d-a543-e3b982697db9.consensus.20160830.somatic.snv_mnv.vcf.gz	/n/data1/hms/dbmi/park/DATA/ICGC/PCAWG_Final_Datasets_DCC/consensus_cnv/segmented_cn/8a9359de-b0ad-4a2d-a543-e3b982697db9.consensus.20170119.somatic.cna.txt
8b0c4c91-2d07-4a9b-97a1-d2bda003437e	/n/data1/hms/dbmi/park/DATA/ICGC/PCAWG_Final_Datasets_DCC/consensus_snv_indel/merged_snv_mnv/8b0c4c91-2d07-4a9b-97a1-d2bda003437e.consensus.20160830.somatic.snv_mnv.vcf.gz	/n/data1/hms/dbmi/park/DATA/ICGC/PCAWG_Final_Datasets_DCC/consensus_cnv/segmented_cn/8b0c4c91-2d07-4a9b-97a1-d2bda003437e.consensus.20170119.somatic.cna.txt
8b28f6d2-4b7d-493b-826e-b119a4fb0cb4	/n/data1/hms/dbmi/park/DATA/ICGC/PCAWG_Final_Datasets_DCC/consensus_snv_indel/merged_snv_mnv/8b28f6d2-4b7d-493b-826e-b119a4fb0cb4.consensus.20160830.somatic.snv_mnv.vcf.gz	/n/data1/hms/dbmi/park/DATA/ICGC/PCAWG_Final_Datasets_DCC/consensus_cnv/segmented_cn/8b28f6d2-4b7d-493b-826e-b119a4fb0cb4.consensus.20170119.somatic.cna.txt
8bbe4006-be0a-4cd5-91f6-529100d4f06e	/n/data1/hms/dbmi/park/DATA/ICGC/PCAWG_Final_Datasets_DCC/consensus_snv_indel/merged_snv_mnv/8bbe4006-be0a-4cd5-91f6-529100d4f06e.consensus.20160830.somatic.snv_mnv.vcf.gz	/n/data1/hms/dbmi/park/DATA/ICGC/PCAWG_Final_Datasets_DCC/consensus_cnv/segmented_cn/8bbe4006-be0a-4cd5-91f6-529100d4f06e.consensus.20170119.somatic.cna.txt
8bda75a6-86b9-458e-948b-05049b4c52ce	/n/data1/hms/dbmi/park/DATA/ICGC/PCAWG_Final_Datasets_DCC/consensus_snv_indel/merged_snv_mnv/8bda75a6-86b9-458e-948b-05049b4c52ce.consensus.20160830.somatic.snv_mnv.vcf.gz	/n/data1/hms/dbmi/park/DATA/ICGC/PCAWG_Final_Datasets_DCC/consensus_cnv/segmented_cn/8bda75a6-86b9-458e-948b-05049b4c52ce.consensus.20170119.somatic.cna.txt
8be2b0f5-7bad-4720-b13c-e95b32bdb933	/n/data1/hms/dbmi/park/DATA/ICGC/PCAWG_Final_Datasets_DCC/consensus_snv_indel/merged_snv_mnv/8be2b0f5-7bad-4720-b13c-e95b32bdb933.consensus.20160830.somatic.snv_mnv.vcf.gz	/n/data1/hms/dbmi/park/DATA/ICGC/PCAWG_Final_Datasets_DCC/consensus_cnv/segmented_cn/8be2b0f5-7bad-4720-b13c-e95b32bdb933.consensus.20170119.somatic.cna.txt
8be6b14d-286a-471b-a282-ab98bc6050c3	/n/data1/hms/dbmi/park/DATA/ICGC/PCAWG_Final_Datasets_DCC/consensus_snv_indel/merged_snv_mnv/8be6b14d-286a-471b-a282-ab98bc6050c3.consensus.20160830.somatic.snv_mnv.vcf.gz	/n/data1/hms/dbmi/park/DATA/ICGC/PCAWG_Final_Datasets_DCC/consensus_cnv/segmented_cn/8be6b14d-286a-471b-a282-ab98bc6050c3.consensus.20170119.somatic.cna.txt
8c0a7dfa-6ec3-4262-b718-c3605722df37	/n/data1/hms/dbmi/park/DATA/ICGC/PCAWG_Final_Datasets_DCC/consensus_snv_indel/merged_snv_mnv/8c0a7dfa-6ec3-4262-b718-c3605722df37.consensus.20160830.somatic.snv_mnv.vcf.gz	/n/data1/hms/dbmi/park/DATA/ICGC/PCAWG_Final_Datasets_DCC/consensus_cnv/segmented_cn/8c0a7dfa-6ec3-4262-b718-c3605722df37.consensus.20170119.somatic.cna.txt
8c233a11-3b2e-4273-bbe1-b5a5f5a351d5	/n/data1/hms/dbmi/park/DATA/ICGC/PCAWG_Final_Datasets_DCC/consensus_snv_indel/merged_snv_mnv/8c233a11-3b2e-4273-bbe1-b5a5f5a351d5.consensus.20160830.somatic.snv_mnv.vcf.gz	/n/data1/hms/dbmi/park/DATA/ICGC/PCAWG_Final_Datasets_DCC/consensus_cnv/segmented_cn/8c233a11-3b2e-4273-bbe1-b5a5f5a351d5.consensus.20170119.somatic.cna.txt
8c4038b6-c02a-46db-9514-c13b88d9bf48	/n/data1/hms/dbmi/park/DATA/ICGC/PCAWG_Final_Datasets_DCC/consensus_snv_indel/merged_snv_mnv/8c4038b6-c02a-46db-9514-c13b88d9bf48.consensus.20160830.somatic.snv_mnv.vcf.gz	/n/data1/hms/dbmi/park/DATA/ICGC/PCAWG_Final_Datasets_DCC/consensus_cnv/segmented_cn/8c4038b6-c02a-46db-9514-c13b88d9bf48.consensus.20170119.somatic.cna.txt
8c443bd0-7987-44de-b312-5b859e6d13a9	/n/data1/hms/dbmi/park/DATA/ICGC/PCAWG_Final_Datasets_DCC/consensus_snv_indel/merged_snv_mnv/8c443bd0-7987-44de-b312-5b859e6d13a9.consensus.20160830.somatic.snv_mnv.vcf.gz	/n/data1/hms/dbmi/park/DATA/ICGC/PCAWG_Final_Datasets_DCC/consensus_cnv/segmented_cn/8c443bd0-7987-44de-b312-5b859e6d13a9.consensus.20170119.somatic.cna.txt
8c46a1df-1c10-4188-992a-a55b782494c9	/n/data1/hms/dbmi/park/DATA/ICGC/PCAWG_Final_Datasets_DCC/consensus_snv_indel/merged_snv_mnv/8c46a1df-1c10-4188-992a-a55b782494c9.consensus.20160830.somatic.snv_mnv.vcf.gz	/n/data1/hms/dbmi/park/DATA/ICGC/PCAWG_Final_Datasets_DCC/consensus_cnv/segmented_cn/8c46a1df-1c10-4188-992a-a55b782494c9.consensus.20170119.somatic.cna.txt
8c4ebff2-8318-4046-98f5-da8f6b1a9e3b	/n/data1/hms/dbmi/park/DATA/ICGC/PCAWG_Final_Datasets_DCC/consensus_snv_indel/merged_snv_mnv/8c4ebff2-8318-4046-98f5-da8f6b1a9e3b.consensus.20160830.somatic.snv_mnv.vcf.gz	/n/data1/hms/dbmi/park/DATA/ICGC/PCAWG_Final_Datasets_DCC/consensus_cnv/segmented_cn/8c4ebff2-8318-4046-98f5-da8f6b1a9e3b.consensus.20170119.somatic.cna.txt
8c5f9574-c622-11e3-bf01-24c6515278c0	/n/data1/hms/dbmi/park/DATA/ICGC/PCAWG_Final_Datasets_DCC/consensus_snv_indel/merged_snv_mnv/8c5f9574-c622-11e3-bf01-24c6515278c0.consensus.20160830.somatic.snv_mnv.vcf.gz	/n/data1/hms/dbmi/park/DATA/ICGC/PCAWG_Final_Datasets_DCC/consensus_cnv/segmented_cn/8c5f9574-c622-11e3-bf01-24c6515278c0.consensus.20170119.somatic.cna.txt
8c619cbc-9e91-4716-9711-5236e55d8f46	/n/data1/hms/dbmi/park/DATA/ICGC/PCAWG_Final_Datasets_DCC/consensus_snv_indel/merged_snv_mnv/8c619cbc-9e91-4716-9711-5236e55d8f46.consensus.20160830.somatic.snv_mnv.vcf.gz	/n/data1/hms/dbmi/park/DATA/ICGC/PCAWG_Final_Datasets_DCC/consensus_cnv/segmented_cn/8c619cbc-9e91-4716-9711-5236e55d8f46.consensus.20170119.somatic.cna.txt
8c850df7-d48e-4386-b3a5-cac5da865ea5	/n/data1/hms/dbmi/park/DATA/ICGC/PCAWG_Final_Datasets_DCC/consensus_snv_indel/merged_snv_mnv/8c850df7-d48e-4386-b3a5-cac5da865ea5.consensus.20160830.somatic.snv_mnv.vcf.gz	/n/data1/hms/dbmi/park/DATA/ICGC/PCAWG_Final_Datasets_DCC/consensus_cnv/segmented_cn/8c850df7-d48e-4386-b3a5-cac5da865ea5.consensus.20170119.somatic.cna.txt
8ca665f8-fe78-48bf-8c0f-c606d92885d4	/n/data1/hms/dbmi/park/DATA/ICGC/PCAWG_Final_Datasets_DCC/consensus_snv_indel/merged_snv_mnv/8ca665f8-fe78-48bf-8c0f-c606d92885d4.consensus.20160830.somatic.snv_mnv.vcf.gz	/n/data1/hms/dbmi/park/DATA/ICGC/PCAWG_Final_Datasets_DCC/consensus_cnv/segmented_cn/8ca665f8-fe78-48bf-8c0f-c606d92885d4.consensus.20170119.somatic.cna.txt
8cbd1752-7eea-46d3-8623-09e96dfb1fdf	/n/data1/hms/dbmi/park/DATA/ICGC/PCAWG_Final_Datasets_DCC/consensus_snv_indel/merged_snv_mnv/8cbd1752-7eea-46d3-8623-09e96dfb1fdf.consensus.20160830.somatic.snv_mnv.vcf.gz	/n/data1/hms/dbmi/park/DATA/ICGC/PCAWG_Final_Datasets_DCC/consensus_cnv/segmented_cn/8cbd1752-7eea-46d3-8623-09e96dfb1fdf.consensus.20170119.somatic.cna.txt
8cce153d-953d-40c5-976b-60f6a143608c	/n/data1/hms/dbmi/park/DATA/ICGC/PCAWG_Final_Datasets_DCC/consensus_snv_indel/merged_snv_mnv/8cce153d-953d-40c5-976b-60f6a143608c.consensus.20160830.somatic.snv_mnv.vcf.gz	/n/data1/hms/dbmi/park/DATA/ICGC/PCAWG_Final_Datasets_DCC/consensus_cnv/segmented_cn/8cce153d-953d-40c5-976b-60f6a143608c.consensus.20170119.somatic.cna.txt
8ce95cae-6adb-4bac-b072-94e2d9b70017	/n/data1/hms/dbmi/park/DATA/ICGC/PCAWG_Final_Datasets_DCC/consensus_snv_indel/merged_snv_mnv/8ce95cae-6adb-4bac-b072-94e2d9b70017.consensus.20160830.somatic.snv_mnv.vcf.gz	/n/data1/hms/dbmi/park/DATA/ICGC/PCAWG_Final_Datasets_DCC/consensus_cnv/segmented_cn/8ce95cae-6adb-4bac-b072-94e2d9b70017.consensus.20170119.somatic.cna.txt
8cf713ff-256b-4411-a1b4-5bf6f445b747	/n/data1/hms/dbmi/park/DATA/ICGC/PCAWG_Final_Datasets_DCC/consensus_snv_indel/merged_snv_mnv/8cf713ff-256b-4411-a1b4-5bf6f445b747.consensus.20160830.somatic.snv_mnv.vcf.gz	/n/data1/hms/dbmi/park/DATA/ICGC/PCAWG_Final_Datasets_DCC/consensus_cnv/segmented_cn/8cf713ff-256b-4411-a1b4-5bf6f445b747.consensus.20170119.somatic.cna.txt
8cf9b32d-3d6f-4898-8c7a-89511b754021	/n/data1/hms/dbmi/park/DATA/ICGC/PCAWG_Final_Datasets_DCC/consensus_snv_indel/merged_snv_mnv/8cf9b32d-3d6f-4898-8c7a-89511b754021.consensus.20160830.somatic.snv_mnv.vcf.gz	/n/data1/hms/dbmi/park/DATA/ICGC/PCAWG_Final_Datasets_DCC/consensus_cnv/segmented_cn/8cf9b32d-3d6f-4898-8c7a-89511b754021.consensus.20170119.somatic.cna.txt
8d4cb709-c95c-4bdc-844b-c0bfa2a3028e	/n/data1/hms/dbmi/park/DATA/ICGC/PCAWG_Final_Datasets_DCC/consensus_snv_indel/merged_snv_mnv/8d4cb709-c95c-4bdc-844b-c0bfa2a3028e.consensus.20160830.somatic.snv_mnv.vcf.gz	/n/data1/hms/dbmi/park/DATA/ICGC/PCAWG_Final_Datasets_DCC/consensus_cnv/segmented_cn/8d4cb709-c95c-4bdc-844b-c0bfa2a3028e.consensus.20170119.somatic.cna.txt
8d5ffe62-6dd9-4764-b0b7-5e3010eefe6d	/n/data1/hms/dbmi/park/DATA/ICGC/PCAWG_Final_Datasets_DCC/consensus_snv_indel/merged_snv_mnv/8d5ffe62-6dd9-4764-b0b7-5e3010eefe6d.consensus.20160830.somatic.snv_mnv.vcf.gz	/n/data1/hms/dbmi/park/DATA/ICGC/PCAWG_Final_Datasets_DCC/consensus_cnv/segmented_cn/8d5ffe62-6dd9-4764-b0b7-5e3010eefe6d.consensus.20170119.somatic.cna.txt
8d67c121-37d0-4fc0-a349-2c9452589d65	/n/data1/hms/dbmi/park/DATA/ICGC/PCAWG_Final_Datasets_DCC/consensus_snv_indel/merged_snv_mnv/8d67c121-37d0-4fc0-a349-2c9452589d65.consensus.20160830.somatic.snv_mnv.vcf.gz	/n/data1/hms/dbmi/park/DATA/ICGC/PCAWG_Final_Datasets_DCC/consensus_cnv/segmented_cn/8d67c121-37d0-4fc0-a349-2c9452589d65.consensus.20170119.somatic.cna.txt
8d7592e2-c622-11e3-bf01-24c6515278c0	/n/data1/hms/dbmi/park/DATA/ICGC/PCAWG_Final_Datasets_DCC/consensus_snv_indel/merged_snv_mnv/8d7592e2-c622-11e3-bf01-24c6515278c0.consensus.20160830.somatic.snv_mnv.vcf.gz	/n/data1/hms/dbmi/park/DATA/ICGC/PCAWG_Final_Datasets_DCC/consensus_cnv/segmented_cn/8d7592e2-c622-11e3-bf01-24c6515278c0.consensus.20170119.somatic.cna.txt
8da641e4-9b12-4163-bd1e-9d5af91e5186	/n/data1/hms/dbmi/park/DATA/ICGC/PCAWG_Final_Datasets_DCC/consensus_snv_indel/merged_snv_mnv/8da641e4-9b12-4163-bd1e-9d5af91e5186.consensus.20160830.somatic.snv_mnv.vcf.gz	/n/data1/hms/dbmi/park/DATA/ICGC/PCAWG_Final_Datasets_DCC/consensus_cnv/segmented_cn/8da641e4-9b12-4163-bd1e-9d5af91e5186.consensus.20170119.somatic.cna.txt
8dd14f0e-8601-4aa1-864c-3c49e768cdd1	/n/data1/hms/dbmi/park/DATA/ICGC/PCAWG_Final_Datasets_DCC/consensus_snv_indel/merged_snv_mnv/8dd14f0e-8601-4aa1-864c-3c49e768cdd1.consensus.20160830.somatic.snv_mnv.vcf.gz	/n/data1/hms/dbmi/park/DATA/ICGC/PCAWG_Final_Datasets_DCC/consensus_cnv/segmented_cn/8dd14f0e-8601-4aa1-864c-3c49e768cdd1.consensus.20170119.somatic.cna.txt
8ddcf0d9-312f-4055-8984-55d463face34	/n/data1/hms/dbmi/park/DATA/ICGC/PCAWG_Final_Datasets_DCC/consensus_snv_indel/merged_snv_mnv/8ddcf0d9-312f-4055-8984-55d463face34.consensus.20160830.somatic.snv_mnv.vcf.gz	/n/data1/hms/dbmi/park/DATA/ICGC/PCAWG_Final_Datasets_DCC/consensus_cnv/segmented_cn/8ddcf0d9-312f-4055-8984-55d463face34.consensus.20170119.somatic.cna.txt
8e03e773-5557-4e78-889b-4710c515378f	/n/data1/hms/dbmi/park/DATA/ICGC/PCAWG_Final_Datasets_DCC/consensus_snv_indel/merged_snv_mnv/8e03e773-5557-4e78-889b-4710c515378f.consensus.20160830.somatic.snv_mnv.vcf.gz	/n/data1/hms/dbmi/park/DATA/ICGC/PCAWG_Final_Datasets_DCC/consensus_cnv/segmented_cn/8e03e773-5557-4e78-889b-4710c515378f.consensus.20170119.somatic.cna.txt
8e48aa43-6cd1-4aef-83ce-2451b1b86e8e	/n/data1/hms/dbmi/park/DATA/ICGC/PCAWG_Final_Datasets_DCC/consensus_snv_indel/merged_snv_mnv/8e48aa43-6cd1-4aef-83ce-2451b1b86e8e.consensus.20160830.somatic.snv_mnv.vcf.gz	/n/data1/hms/dbmi/park/DATA/ICGC/PCAWG_Final_Datasets_DCC/consensus_cnv/segmented_cn/8e48aa43-6cd1-4aef-83ce-2451b1b86e8e.consensus.20170119.somatic.cna.txt
8e7fe8bb-6b3d-428f-a232-97e6042a0f39	/n/data1/hms/dbmi/park/DATA/ICGC/PCAWG_Final_Datasets_DCC/consensus_snv_indel/merged_snv_mnv/8e7fe8bb-6b3d-428f-a232-97e6042a0f39.consensus.20160830.somatic.snv_mnv.vcf.gz	/n/data1/hms/dbmi/park/DATA/ICGC/PCAWG_Final_Datasets_DCC/consensus_cnv/segmented_cn/8e7fe8bb-6b3d-428f-a232-97e6042a0f39.consensus.20170119.somatic.cna.txt
8ea666b7-2b6e-4df8-9a9d-b8265b9749b4	/n/data1/hms/dbmi/park/DATA/ICGC/PCAWG_Final_Datasets_DCC/consensus_snv_indel/merged_snv_mnv/8ea666b7-2b6e-4df8-9a9d-b8265b9749b4.consensus.20160830.somatic.snv_mnv.vcf.gz	/n/data1/hms/dbmi/park/DATA/ICGC/PCAWG_Final_Datasets_DCC/consensus_cnv/segmented_cn/8ea666b7-2b6e-4df8-9a9d-b8265b9749b4.consensus.20170119.somatic.cna.txt
8eb90ea4-c622-11e3-bf01-24c6515278c0	/n/data1/hms/dbmi/park/DATA/ICGC/PCAWG_Final_Datasets_DCC/consensus_snv_indel/merged_snv_mnv/8eb90ea4-c622-11e3-bf01-24c6515278c0.consensus.20160830.somatic.snv_mnv.vcf.gz	/n/data1/hms/dbmi/park/DATA/ICGC/PCAWG_Final_Datasets_DCC/consensus_cnv/segmented_cn/8eb90ea4-c622-11e3-bf01-24c6515278c0.consensus.20170119.somatic.cna.txt
8efb116f-4ecf-4191-8ebf-90a94c1880cf	/n/data1/hms/dbmi/park/DATA/ICGC/PCAWG_Final_Datasets_DCC/consensus_snv_indel/merged_snv_mnv/8efb116f-4ecf-4191-8ebf-90a94c1880cf.consensus.20160830.somatic.snv_mnv.vcf.gz	/n/data1/hms/dbmi/park/DATA/ICGC/PCAWG_Final_Datasets_DCC/consensus_cnv/segmented_cn/8efb116f-4ecf-4191-8ebf-90a94c1880cf.consensus.20170119.somatic.cna.txt
8f558713-f32b-403b-aedf-c79efeb41c67	/n/data1/hms/dbmi/park/DATA/ICGC/PCAWG_Final_Datasets_DCC/consensus_snv_indel/merged_snv_mnv/8f558713-f32b-403b-aedf-c79efeb41c67.consensus.20160830.somatic.snv_mnv.vcf.gz	/n/data1/hms/dbmi/park/DATA/ICGC/PCAWG_Final_Datasets_DCC/consensus_cnv/segmented_cn/8f558713-f32b-403b-aedf-c79efeb41c67.consensus.20170119.somatic.cna.txt
8fa0484b-5f95-4ec8-b3de-cea2e8f3c5ca	/n/data1/hms/dbmi/park/DATA/ICGC/PCAWG_Final_Datasets_DCC/consensus_snv_indel/merged_snv_mnv/8fa0484b-5f95-4ec8-b3de-cea2e8f3c5ca.consensus.20160830.somatic.snv_mnv.vcf.gz	/n/data1/hms/dbmi/park/DATA/ICGC/PCAWG_Final_Datasets_DCC/consensus_cnv/segmented_cn/8fa0484b-5f95-4ec8-b3de-cea2e8f3c5ca.consensus.20170119.somatic.cna.txt
8fa7549d-d0a6-4216-9763-74b0f21c0fd7	/n/data1/hms/dbmi/park/DATA/ICGC/PCAWG_Final_Datasets_DCC/consensus_snv_indel/merged_snv_mnv/8fa7549d-d0a6-4216-9763-74b0f21c0fd7.consensus.20160830.somatic.snv_mnv.vcf.gz	/n/data1/hms/dbmi/park/DATA/ICGC/PCAWG_Final_Datasets_DCC/consensus_cnv/segmented_cn/8fa7549d-d0a6-4216-9763-74b0f21c0fd7.consensus.20170119.somatic.cna.txt
8fa9575b-b2c9-4bd7-8da1-3c2cdf0e39f6	/n/data1/hms/dbmi/park/DATA/ICGC/PCAWG_Final_Datasets_DCC/consensus_snv_indel/merged_snv_mnv/8fa9575b-b2c9-4bd7-8da1-3c2cdf0e39f6.consensus.20160830.somatic.snv_mnv.vcf.gz	/n/data1/hms/dbmi/park/DATA/ICGC/PCAWG_Final_Datasets_DCC/consensus_cnv/segmented_cn/8fa9575b-b2c9-4bd7-8da1-3c2cdf0e39f6.consensus.20170119.somatic.cna.txt
8fb7fcac-6c1d-40c2-9309-b53821cbef30	/n/data1/hms/dbmi/park/DATA/ICGC/PCAWG_Final_Datasets_DCC/consensus_snv_indel/merged_snv_mnv/8fb7fcac-6c1d-40c2-9309-b53821cbef30.consensus.20160830.somatic.snv_mnv.vcf.gz	/n/data1/hms/dbmi/park/DATA/ICGC/PCAWG_Final_Datasets_DCC/consensus_cnv/segmented_cn/8fb7fcac-6c1d-40c2-9309-b53821cbef30.consensus.20170119.somatic.cna.txt
8fc11cb6-9d79-41c3-bb45-0dadda890e8d	/n/data1/hms/dbmi/park/DATA/ICGC/PCAWG_Final_Datasets_DCC/consensus_snv_indel/merged_snv_mnv/8fc11cb6-9d79-41c3-bb45-0dadda890e8d.consensus.20160830.somatic.snv_mnv.vcf.gz	/n/data1/hms/dbmi/park/DATA/ICGC/PCAWG_Final_Datasets_DCC/consensus_cnv/segmented_cn/8fc11cb6-9d79-41c3-bb45-0dadda890e8d.consensus.20170119.somatic.cna.txt
8fc7a4cc-c25d-4372-bf17-2dae795e5596	/n/data1/hms/dbmi/park/DATA/ICGC/PCAWG_Final_Datasets_DCC/consensus_snv_indel/merged_snv_mnv/8fc7a4cc-c25d-4372-bf17-2dae795e5596.consensus.20160830.somatic.snv_mnv.vcf.gz	/n/data1/hms/dbmi/park/DATA/ICGC/PCAWG_Final_Datasets_DCC/consensus_cnv/segmented_cn/8fc7a4cc-c25d-4372-bf17-2dae795e5596.consensus.20170119.somatic.cna.txt
8fd5e62c-c622-11e3-bf01-24c6515278c0	/n/data1/hms/dbmi/park/DATA/ICGC/PCAWG_Final_Datasets_DCC/consensus_snv_indel/merged_snv_mnv/8fd5e62c-c622-11e3-bf01-24c6515278c0.consensus.20160830.somatic.snv_mnv.vcf.gz	/n/data1/hms/dbmi/park/DATA/ICGC/PCAWG_Final_Datasets_DCC/consensus_cnv/segmented_cn/8fd5e62c-c622-11e3-bf01-24c6515278c0.consensus.20170119.somatic.cna.txt
8ff9b1b6-a498-47fe-a970-ab7cfb64e653	/n/data1/hms/dbmi/park/DATA/ICGC/PCAWG_Final_Datasets_DCC/consensus_snv_indel/merged_snv_mnv/8ff9b1b6-a498-47fe-a970-ab7cfb64e653.consensus.20160830.somatic.snv_mnv.vcf.gz	/n/data1/hms/dbmi/park/DATA/ICGC/PCAWG_Final_Datasets_DCC/consensus_cnv/segmented_cn/8ff9b1b6-a498-47fe-a970-ab7cfb64e653.consensus.20170119.somatic.cna.txt
9011cf17-0783-4f9d-b355-4f0fc1a2e78b	/n/data1/hms/dbmi/park/DATA/ICGC/PCAWG_Final_Datasets_DCC/consensus_snv_indel/merged_snv_mnv/9011cf17-0783-4f9d-b355-4f0fc1a2e78b.consensus.20160830.somatic.snv_mnv.vcf.gz	/n/data1/hms/dbmi/park/DATA/ICGC/PCAWG_Final_Datasets_DCC/consensus_cnv/segmented_cn/9011cf17-0783-4f9d-b355-4f0fc1a2e78b.consensus.20170119.somatic.cna.txt
9020b6a5-8325-4b0d-84d9-04371c857910	/n/data1/hms/dbmi/park/DATA/ICGC/PCAWG_Final_Datasets_DCC/consensus_snv_indel/merged_snv_mnv/9020b6a5-8325-4b0d-84d9-04371c857910.consensus.20160830.somatic.snv_mnv.vcf.gz	/n/data1/hms/dbmi/park/DATA/ICGC/PCAWG_Final_Datasets_DCC/consensus_cnv/segmented_cn/9020b6a5-8325-4b0d-84d9-04371c857910.consensus.20170119.somatic.cna.txt
9032b7fe-e38a-4641-a45e-67041668adc4	/n/data1/hms/dbmi/park/DATA/ICGC/PCAWG_Final_Datasets_DCC/consensus_snv_indel/merged_snv_mnv/9032b7fe-e38a-4641-a45e-67041668adc4.consensus.20160830.somatic.snv_mnv.vcf.gz	/n/data1/hms/dbmi/park/DATA/ICGC/PCAWG_Final_Datasets_DCC/consensus_cnv/segmented_cn/9032b7fe-e38a-4641-a45e-67041668adc4.consensus.20170119.somatic.cna.txt
90611290-e44c-438e-91aa-f3b83dae3b71	/n/data1/hms/dbmi/park/DATA/ICGC/PCAWG_Final_Datasets_DCC/consensus_snv_indel/merged_snv_mnv/90611290-e44c-438e-91aa-f3b83dae3b71.consensus.20160830.somatic.snv_mnv.vcf.gz	/n/data1/hms/dbmi/park/DATA/ICGC/PCAWG_Final_Datasets_DCC/consensus_cnv/segmented_cn/90611290-e44c-438e-91aa-f3b83dae3b71.consensus.20170119.somatic.cna.txt
906f6f1e-569d-4ce2-9273-1f305782f77f	/n/data1/hms/dbmi/park/DATA/ICGC/PCAWG_Final_Datasets_DCC/consensus_snv_indel/merged_snv_mnv/906f6f1e-569d-4ce2-9273-1f305782f77f.consensus.20160830.somatic.snv_mnv.vcf.gz	/n/data1/hms/dbmi/park/DATA/ICGC/PCAWG_Final_Datasets_DCC/consensus_cnv/segmented_cn/906f6f1e-569d-4ce2-9273-1f305782f77f.consensus.20170119.somatic.cna.txt
9078333d-73d3-496a-9fc3-a94353b7e107	/n/data1/hms/dbmi/park/DATA/ICGC/PCAWG_Final_Datasets_DCC/consensus_snv_indel/merged_snv_mnv/9078333d-73d3-496a-9fc3-a94353b7e107.consensus.20160830.somatic.snv_mnv.vcf.gz	/n/data1/hms/dbmi/park/DATA/ICGC/PCAWG_Final_Datasets_DCC/consensus_cnv/segmented_cn/9078333d-73d3-496a-9fc3-a94353b7e107.consensus.20170119.somatic.cna.txt
90883300-d4b6-45d7-af9a-4e4ce4104500	/n/data1/hms/dbmi/park/DATA/ICGC/PCAWG_Final_Datasets_DCC/consensus_snv_indel/merged_snv_mnv/90883300-d4b6-45d7-af9a-4e4ce4104500.consensus.20160830.somatic.snv_mnv.vcf.gz	/n/data1/hms/dbmi/park/DATA/ICGC/PCAWG_Final_Datasets_DCC/consensus_cnv/segmented_cn/90883300-d4b6-45d7-af9a-4e4ce4104500.consensus.20170119.somatic.cna.txt
909f3c5d-89fc-419b-a654-75ac1dbb149f	/n/data1/hms/dbmi/park/DATA/ICGC/PCAWG_Final_Datasets_DCC/consensus_snv_indel/merged_snv_mnv/909f3c5d-89fc-419b-a654-75ac1dbb149f.consensus.20160830.somatic.snv_mnv.vcf.gz	/n/data1/hms/dbmi/park/DATA/ICGC/PCAWG_Final_Datasets_DCC/consensus_cnv/segmented_cn/909f3c5d-89fc-419b-a654-75ac1dbb149f.consensus.20170119.somatic.cna.txt
90ab64be-2229-4a8e-b864-4260b6cb39e9	/n/data1/hms/dbmi/park/DATA/ICGC/PCAWG_Final_Datasets_DCC/consensus_snv_indel/merged_snv_mnv/90ab64be-2229-4a8e-b864-4260b6cb39e9.consensus.20160830.somatic.snv_mnv.vcf.gz	/n/data1/hms/dbmi/park/DATA/ICGC/PCAWG_Final_Datasets_DCC/consensus_cnv/segmented_cn/90ab64be-2229-4a8e-b864-4260b6cb39e9.consensus.20170119.somatic.cna.txt
90b3c237-29a4-48b3-90b3-9f2c0ccb5928	/n/data1/hms/dbmi/park/DATA/ICGC/PCAWG_Final_Datasets_DCC/consensus_snv_indel/merged_snv_mnv/90b3c237-29a4-48b3-90b3-9f2c0ccb5928.consensus.20160830.somatic.snv_mnv.vcf.gz	/n/data1/hms/dbmi/park/DATA/ICGC/PCAWG_Final_Datasets_DCC/consensus_cnv/segmented_cn/90b3c237-29a4-48b3-90b3-9f2c0ccb5928.consensus.20170119.somatic.cna.txt
90de4296-0223-4b9f-8abb-6db278bfc932	/n/data1/hms/dbmi/park/DATA/ICGC/PCAWG_Final_Datasets_DCC/consensus_snv_indel/merged_snv_mnv/90de4296-0223-4b9f-8abb-6db278bfc932.consensus.20160830.somatic.snv_mnv.vcf.gz	/n/data1/hms/dbmi/park/DATA/ICGC/PCAWG_Final_Datasets_DCC/consensus_cnv/segmented_cn/90de4296-0223-4b9f-8abb-6db278bfc932.consensus.20170119.somatic.cna.txt
90fd404b-f734-41ed-a601-0f30e43625fc	/n/data1/hms/dbmi/park/DATA/ICGC/PCAWG_Final_Datasets_DCC/consensus_snv_indel/merged_snv_mnv/90fd404b-f734-41ed-a601-0f30e43625fc.consensus.20160830.somatic.snv_mnv.vcf.gz	/n/data1/hms/dbmi/park/DATA/ICGC/PCAWG_Final_Datasets_DCC/consensus_cnv/segmented_cn/90fd404b-f734-41ed-a601-0f30e43625fc.consensus.20170119.somatic.cna.txt
91397d9c-3120-407f-8847-74b356943469	/n/data1/hms/dbmi/park/DATA/ICGC/PCAWG_Final_Datasets_DCC/consensus_snv_indel/merged_snv_mnv/91397d9c-3120-407f-8847-74b356943469.consensus.20160830.somatic.snv_mnv.vcf.gz	/n/data1/hms/dbmi/park/DATA/ICGC/PCAWG_Final_Datasets_DCC/consensus_cnv/segmented_cn/91397d9c-3120-407f-8847-74b356943469.consensus.20170119.somatic.cna.txt
914421d2-898e-433e-bb66-b1710eaae2c7	/n/data1/hms/dbmi/park/DATA/ICGC/PCAWG_Final_Datasets_DCC/consensus_snv_indel/merged_snv_mnv/914421d2-898e-433e-bb66-b1710eaae2c7.consensus.20160830.somatic.snv_mnv.vcf.gz	/n/data1/hms/dbmi/park/DATA/ICGC/PCAWG_Final_Datasets_DCC/consensus_cnv/segmented_cn/914421d2-898e-433e-bb66-b1710eaae2c7.consensus.20170119.somatic.cna.txt
915cbb43-9e00-433d-818f-531011bea57e	/n/data1/hms/dbmi/park/DATA/ICGC/PCAWG_Final_Datasets_DCC/consensus_snv_indel/merged_snv_mnv/915cbb43-9e00-433d-818f-531011bea57e.consensus.20160830.somatic.snv_mnv.vcf.gz	/n/data1/hms/dbmi/park/DATA/ICGC/PCAWG_Final_Datasets_DCC/consensus_cnv/segmented_cn/915cbb43-9e00-433d-818f-531011bea57e.consensus.20170119.somatic.cna.txt
917564e4-c622-11e3-bf01-24c6515278c0	/n/data1/hms/dbmi/park/DATA/ICGC/PCAWG_Final_Datasets_DCC/consensus_snv_indel/merged_snv_mnv/917564e4-c622-11e3-bf01-24c6515278c0.consensus.20160830.somatic.snv_mnv.vcf.gz	/n/data1/hms/dbmi/park/DATA/ICGC/PCAWG_Final_Datasets_DCC/consensus_cnv/segmented_cn/917564e4-c622-11e3-bf01-24c6515278c0.consensus.20170119.somatic.cna.txt
91b6fd6b-547a-47e4-8ecb-a6f1826ccfd3	/n/data1/hms/dbmi/park/DATA/ICGC/PCAWG_Final_Datasets_DCC/consensus_snv_indel/merged_snv_mnv/91b6fd6b-547a-47e4-8ecb-a6f1826ccfd3.consensus.20160830.somatic.snv_mnv.vcf.gz	/n/data1/hms/dbmi/park/DATA/ICGC/PCAWG_Final_Datasets_DCC/consensus_cnv/segmented_cn/91b6fd6b-547a-47e4-8ecb-a6f1826ccfd3.consensus.20170119.somatic.cna.txt
91f458e6-64b7-454d-a542-b0aa23638fd8	/n/data1/hms/dbmi/park/DATA/ICGC/PCAWG_Final_Datasets_DCC/consensus_snv_indel/merged_snv_mnv/91f458e6-64b7-454d-a542-b0aa23638fd8.consensus.20160830.somatic.snv_mnv.vcf.gz	/n/data1/hms/dbmi/park/DATA/ICGC/PCAWG_Final_Datasets_DCC/consensus_cnv/segmented_cn/91f458e6-64b7-454d-a542-b0aa23638fd8.consensus.20170119.somatic.cna.txt
92126163-00c3-41f2-9ce6-7aad5f621407	/n/data1/hms/dbmi/park/DATA/ICGC/PCAWG_Final_Datasets_DCC/consensus_snv_indel/merged_snv_mnv/92126163-00c3-41f2-9ce6-7aad5f621407.consensus.20160830.somatic.snv_mnv.vcf.gz	/n/data1/hms/dbmi/park/DATA/ICGC/PCAWG_Final_Datasets_DCC/consensus_cnv/segmented_cn/92126163-00c3-41f2-9ce6-7aad5f621407.consensus.20170119.somatic.cna.txt
924613ef-8732-4703-a387-136d37b2ba6b	/n/data1/hms/dbmi/park/DATA/ICGC/PCAWG_Final_Datasets_DCC/consensus_snv_indel/merged_snv_mnv/924613ef-8732-4703-a387-136d37b2ba6b.consensus.20160830.somatic.snv_mnv.vcf.gz	/n/data1/hms/dbmi/park/DATA/ICGC/PCAWG_Final_Datasets_DCC/consensus_cnv/segmented_cn/924613ef-8732-4703-a387-136d37b2ba6b.consensus.20170119.somatic.cna.txt
9258860c-a336-4075-996d-2ee0c18b281c	/n/data1/hms/dbmi/park/DATA/ICGC/PCAWG_Final_Datasets_DCC/consensus_snv_indel/merged_snv_mnv/9258860c-a336-4075-996d-2ee0c18b281c.consensus.20160830.somatic.snv_mnv.vcf.gz	/n/data1/hms/dbmi/park/DATA/ICGC/PCAWG_Final_Datasets_DCC/consensus_cnv/segmented_cn/9258860c-a336-4075-996d-2ee0c18b281c.consensus.20170119.somatic.cna.txt
926a04de-ef57-4271-91db-e90de8aa8a1a	/n/data1/hms/dbmi/park/DATA/ICGC/PCAWG_Final_Datasets_DCC/consensus_snv_indel/merged_snv_mnv/926a04de-ef57-4271-91db-e90de8aa8a1a.consensus.20160830.somatic.snv_mnv.vcf.gz	/n/data1/hms/dbmi/park/DATA/ICGC/PCAWG_Final_Datasets_DCC/consensus_cnv/segmented_cn/926a04de-ef57-4271-91db-e90de8aa8a1a.consensus.20170119.somatic.cna.txt
929f2216-6ab3-414f-a814-49b69d4b49d9	/n/data1/hms/dbmi/park/DATA/ICGC/PCAWG_Final_Datasets_DCC/consensus_snv_indel/merged_snv_mnv/929f2216-6ab3-414f-a814-49b69d4b49d9.consensus.20160830.somatic.snv_mnv.vcf.gz	/n/data1/hms/dbmi/park/DATA/ICGC/PCAWG_Final_Datasets_DCC/consensus_cnv/segmented_cn/929f2216-6ab3-414f-a814-49b69d4b49d9.consensus.20170119.somatic.cna.txt
931b24da-5d6d-4c2d-8de9-ef32d6eb8565	/n/data1/hms/dbmi/park/DATA/ICGC/PCAWG_Final_Datasets_DCC/consensus_snv_indel/merged_snv_mnv/931b24da-5d6d-4c2d-8de9-ef32d6eb8565.consensus.20160830.somatic.snv_mnv.vcf.gz	/n/data1/hms/dbmi/park/DATA/ICGC/PCAWG_Final_Datasets_DCC/consensus_cnv/segmented_cn/931b24da-5d6d-4c2d-8de9-ef32d6eb8565.consensus.20170119.somatic.cna.txt
9321341c-c622-11e3-bf01-24c6515278c0	/n/data1/hms/dbmi/park/DATA/ICGC/PCAWG_Final_Datasets_DCC/consensus_snv_indel/merged_snv_mnv/9321341c-c622-11e3-bf01-24c6515278c0.consensus.20160830.somatic.snv_mnv.vcf.gz	/n/data1/hms/dbmi/park/DATA/ICGC/PCAWG_Final_Datasets_DCC/consensus_cnv/segmented_cn/9321341c-c622-11e3-bf01-24c6515278c0.consensus.20170119.somatic.cna.txt
935b113e-f5ed-4a07-8e1d-1603daba7f40	/n/data1/hms/dbmi/park/DATA/ICGC/PCAWG_Final_Datasets_DCC/consensus_snv_indel/merged_snv_mnv/935b113e-f5ed-4a07-8e1d-1603daba7f40.consensus.20160830.somatic.snv_mnv.vcf.gz	/n/data1/hms/dbmi/park/DATA/ICGC/PCAWG_Final_Datasets_DCC/consensus_cnv/segmented_cn/935b113e-f5ed-4a07-8e1d-1603daba7f40.consensus.20170119.somatic.cna.txt
93a49462-4bd3-4efa-87a5-69006abba5a0	/n/data1/hms/dbmi/park/DATA/ICGC/PCAWG_Final_Datasets_DCC/consensus_snv_indel/merged_snv_mnv/93a49462-4bd3-4efa-87a5-69006abba5a0.consensus.20160830.somatic.snv_mnv.vcf.gz	/n/data1/hms/dbmi/park/DATA/ICGC/PCAWG_Final_Datasets_DCC/consensus_cnv/segmented_cn/93a49462-4bd3-4efa-87a5-69006abba5a0.consensus.20170119.somatic.cna.txt
93b51c61-6eea-4228-a102-840a2e118522	/n/data1/hms/dbmi/park/DATA/ICGC/PCAWG_Final_Datasets_DCC/consensus_snv_indel/merged_snv_mnv/93b51c61-6eea-4228-a102-840a2e118522.consensus.20160830.somatic.snv_mnv.vcf.gz	/n/data1/hms/dbmi/park/DATA/ICGC/PCAWG_Final_Datasets_DCC/consensus_cnv/segmented_cn/93b51c61-6eea-4228-a102-840a2e118522.consensus.20170119.somatic.cna.txt
93be2990-bceb-45fd-aca5-3358d96e9d5a	/n/data1/hms/dbmi/park/DATA/ICGC/PCAWG_Final_Datasets_DCC/consensus_snv_indel/merged_snv_mnv/93be2990-bceb-45fd-aca5-3358d96e9d5a.consensus.20160830.somatic.snv_mnv.vcf.gz	/n/data1/hms/dbmi/park/DATA/ICGC/PCAWG_Final_Datasets_DCC/consensus_cnv/segmented_cn/93be2990-bceb-45fd-aca5-3358d96e9d5a.consensus.20170119.somatic.cna.txt
93ff786e-0165-4b02-8d27-806d422e93fc	/n/data1/hms/dbmi/park/DATA/ICGC/PCAWG_Final_Datasets_DCC/consensus_snv_indel/merged_snv_mnv/93ff786e-0165-4b02-8d27-806d422e93fc.consensus.20160830.somatic.snv_mnv.vcf.gz	/n/data1/hms/dbmi/park/DATA/ICGC/PCAWG_Final_Datasets_DCC/consensus_cnv/segmented_cn/93ff786e-0165-4b02-8d27-806d422e93fc.consensus.20170119.somatic.cna.txt
94108975-b7a0-40ba-ad39-e44cc62e8cc0	/n/data1/hms/dbmi/park/DATA/ICGC/PCAWG_Final_Datasets_DCC/consensus_snv_indel/merged_snv_mnv/94108975-b7a0-40ba-ad39-e44cc62e8cc0.consensus.20160830.somatic.snv_mnv.vcf.gz	/n/data1/hms/dbmi/park/DATA/ICGC/PCAWG_Final_Datasets_DCC/consensus_cnv/segmented_cn/94108975-b7a0-40ba-ad39-e44cc62e8cc0.consensus.20170119.somatic.cna.txt
941fcb56-e059-403d-aab1-0692a3ecc45e	/n/data1/hms/dbmi/park/DATA/ICGC/PCAWG_Final_Datasets_DCC/consensus_snv_indel/merged_snv_mnv/941fcb56-e059-403d-aab1-0692a3ecc45e.consensus.20160830.somatic.snv_mnv.vcf.gz	/n/data1/hms/dbmi/park/DATA/ICGC/PCAWG_Final_Datasets_DCC/consensus_cnv/segmented_cn/941fcb56-e059-403d-aab1-0692a3ecc45e.consensus.20170119.somatic.cna.txt
94431626-c622-11e3-bf01-24c6515278c0	/n/data1/hms/dbmi/park/DATA/ICGC/PCAWG_Final_Datasets_DCC/consensus_snv_indel/merged_snv_mnv/94431626-c622-11e3-bf01-24c6515278c0.consensus.20160830.somatic.snv_mnv.vcf.gz	/n/data1/hms/dbmi/park/DATA/ICGC/PCAWG_Final_Datasets_DCC/consensus_cnv/segmented_cn/94431626-c622-11e3-bf01-24c6515278c0.consensus.20170119.somatic.cna.txt
94434272-4cbd-4b4d-bd98-44f18526dd69	/n/data1/hms/dbmi/park/DATA/ICGC/PCAWG_Final_Datasets_DCC/consensus_snv_indel/merged_snv_mnv/94434272-4cbd-4b4d-bd98-44f18526dd69.consensus.20160830.somatic.snv_mnv.vcf.gz	/n/data1/hms/dbmi/park/DATA/ICGC/PCAWG_Final_Datasets_DCC/consensus_cnv/segmented_cn/94434272-4cbd-4b4d-bd98-44f18526dd69.consensus.20170119.somatic.cna.txt
945e6808-2887-4f32-ac32-8f9e00353bf6	/n/data1/hms/dbmi/park/DATA/ICGC/PCAWG_Final_Datasets_DCC/consensus_snv_indel/merged_snv_mnv/945e6808-2887-4f32-ac32-8f9e00353bf6.consensus.20160830.somatic.snv_mnv.vcf.gz	/n/data1/hms/dbmi/park/DATA/ICGC/PCAWG_Final_Datasets_DCC/consensus_cnv/segmented_cn/945e6808-2887-4f32-ac32-8f9e00353bf6.consensus.20170119.somatic.cna.txt
94652d14-2e4d-4f4a-a4f7-8df77df788c0	/n/data1/hms/dbmi/park/DATA/ICGC/PCAWG_Final_Datasets_DCC/consensus_snv_indel/merged_snv_mnv/94652d14-2e4d-4f4a-a4f7-8df77df788c0.consensus.20160830.somatic.snv_mnv.vcf.gz	/n/data1/hms/dbmi/park/DATA/ICGC/PCAWG_Final_Datasets_DCC/consensus_cnv/segmented_cn/94652d14-2e4d-4f4a-a4f7-8df77df788c0.consensus.20170119.somatic.cna.txt
94cf1801-a720-4b2f-aab5-0b76c8ccb242	/n/data1/hms/dbmi/park/DATA/ICGC/PCAWG_Final_Datasets_DCC/consensus_snv_indel/merged_snv_mnv/94cf1801-a720-4b2f-aab5-0b76c8ccb242.consensus.20160830.somatic.snv_mnv.vcf.gz	/n/data1/hms/dbmi/park/DATA/ICGC/PCAWG_Final_Datasets_DCC/consensus_cnv/segmented_cn/94cf1801-a720-4b2f-aab5-0b76c8ccb242.consensus.20170119.somatic.cna.txt
9536f736-63bc-4099-bd54-740f5910f4a8	/n/data1/hms/dbmi/park/DATA/ICGC/PCAWG_Final_Datasets_DCC/consensus_snv_indel/merged_snv_mnv/9536f736-63bc-4099-bd54-740f5910f4a8.consensus.20160830.somatic.snv_mnv.vcf.gz	/n/data1/hms/dbmi/park/DATA/ICGC/PCAWG_Final_Datasets_DCC/consensus_cnv/segmented_cn/9536f736-63bc-4099-bd54-740f5910f4a8.consensus.20170119.somatic.cna.txt
955763f0-0735-418f-9ea4-3c980a966002	/n/data1/hms/dbmi/park/DATA/ICGC/PCAWG_Final_Datasets_DCC/consensus_snv_indel/merged_snv_mnv/955763f0-0735-418f-9ea4-3c980a966002.consensus.20160830.somatic.snv_mnv.vcf.gz	/n/data1/hms/dbmi/park/DATA/ICGC/PCAWG_Final_Datasets_DCC/consensus_cnv/segmented_cn/955763f0-0735-418f-9ea4-3c980a966002.consensus.20170119.somatic.cna.txt
9563a264-c622-11e3-bf01-24c6515278c0	/n/data1/hms/dbmi/park/DATA/ICGC/PCAWG_Final_Datasets_DCC/consensus_snv_indel/merged_snv_mnv/9563a264-c622-11e3-bf01-24c6515278c0.consensus.20160830.somatic.snv_mnv.vcf.gz	/n/data1/hms/dbmi/park/DATA/ICGC/PCAWG_Final_Datasets_DCC/consensus_cnv/segmented_cn/9563a264-c622-11e3-bf01-24c6515278c0.consensus.20170119.somatic.cna.txt
95730d8b-327a-402c-a8bf-d71370f777a7	/n/data1/hms/dbmi/park/DATA/ICGC/PCAWG_Final_Datasets_DCC/consensus_snv_indel/merged_snv_mnv/95730d8b-327a-402c-a8bf-d71370f777a7.consensus.20160830.somatic.snv_mnv.vcf.gz	/n/data1/hms/dbmi/park/DATA/ICGC/PCAWG_Final_Datasets_DCC/consensus_cnv/segmented_cn/95730d8b-327a-402c-a8bf-d71370f777a7.consensus.20170119.somatic.cna.txt
958d4d1d-25e2-43f2-a18b-59b2c66f0c05	/n/data1/hms/dbmi/park/DATA/ICGC/PCAWG_Final_Datasets_DCC/consensus_snv_indel/merged_snv_mnv/958d4d1d-25e2-43f2-a18b-59b2c66f0c05.consensus.20160830.somatic.snv_mnv.vcf.gz	/n/data1/hms/dbmi/park/DATA/ICGC/PCAWG_Final_Datasets_DCC/consensus_cnv/segmented_cn/958d4d1d-25e2-43f2-a18b-59b2c66f0c05.consensus.20170119.somatic.cna.txt
959efb81-1d56-4659-9b7a-09f2b62483f2	/n/data1/hms/dbmi/park/DATA/ICGC/PCAWG_Final_Datasets_DCC/consensus_snv_indel/merged_snv_mnv/959efb81-1d56-4659-9b7a-09f2b62483f2.consensus.20160830.somatic.snv_mnv.vcf.gz	/n/data1/hms/dbmi/park/DATA/ICGC/PCAWG_Final_Datasets_DCC/consensus_cnv/segmented_cn/959efb81-1d56-4659-9b7a-09f2b62483f2.consensus.20170119.somatic.cna.txt
95cc9620-7686-4805-a96c-cf8e659847c3	/n/data1/hms/dbmi/park/DATA/ICGC/PCAWG_Final_Datasets_DCC/consensus_snv_indel/merged_snv_mnv/95cc9620-7686-4805-a96c-cf8e659847c3.consensus.20160830.somatic.snv_mnv.vcf.gz	/n/data1/hms/dbmi/park/DATA/ICGC/PCAWG_Final_Datasets_DCC/consensus_cnv/segmented_cn/95cc9620-7686-4805-a96c-cf8e659847c3.consensus.20170119.somatic.cna.txt
95e8d38a-122e-494c-a304-bef4275fed7e	/n/data1/hms/dbmi/park/DATA/ICGC/PCAWG_Final_Datasets_DCC/consensus_snv_indel/merged_snv_mnv/95e8d38a-122e-494c-a304-bef4275fed7e.consensus.20160830.somatic.snv_mnv.vcf.gz	/n/data1/hms/dbmi/park/DATA/ICGC/PCAWG_Final_Datasets_DCC/consensus_cnv/segmented_cn/95e8d38a-122e-494c-a304-bef4275fed7e.consensus.20170119.somatic.cna.txt
95fc38ac-2b36-4c46-abbf-8d2d52ff9626	/n/data1/hms/dbmi/park/DATA/ICGC/PCAWG_Final_Datasets_DCC/consensus_snv_indel/merged_snv_mnv/95fc38ac-2b36-4c46-abbf-8d2d52ff9626.consensus.20160830.somatic.snv_mnv.vcf.gz	/n/data1/hms/dbmi/park/DATA/ICGC/PCAWG_Final_Datasets_DCC/consensus_cnv/segmented_cn/95fc38ac-2b36-4c46-abbf-8d2d52ff9626.consensus.20170119.somatic.cna.txt
9623d295-c23d-4f2f-827c-69f767a26f1f	/n/data1/hms/dbmi/park/DATA/ICGC/PCAWG_Final_Datasets_DCC/consensus_snv_indel/merged_snv_mnv/9623d295-c23d-4f2f-827c-69f767a26f1f.consensus.20160830.somatic.snv_mnv.vcf.gz	/n/data1/hms/dbmi/park/DATA/ICGC/PCAWG_Final_Datasets_DCC/consensus_cnv/segmented_cn/9623d295-c23d-4f2f-827c-69f767a26f1f.consensus.20170119.somatic.cna.txt
9650640f-154d-4696-aa96-3611c6fcee7b	/n/data1/hms/dbmi/park/DATA/ICGC/PCAWG_Final_Datasets_DCC/consensus_snv_indel/merged_snv_mnv/9650640f-154d-4696-aa96-3611c6fcee7b.consensus.20160830.somatic.snv_mnv.vcf.gz	/n/data1/hms/dbmi/park/DATA/ICGC/PCAWG_Final_Datasets_DCC/consensus_cnv/segmented_cn/9650640f-154d-4696-aa96-3611c6fcee7b.consensus.20170119.somatic.cna.txt
96517058-18d2-4847-8085-768ca8aa1565	/n/data1/hms/dbmi/park/DATA/ICGC/PCAWG_Final_Datasets_DCC/consensus_snv_indel/merged_snv_mnv/96517058-18d2-4847-8085-768ca8aa1565.consensus.20160830.somatic.snv_mnv.vcf.gz	/n/data1/hms/dbmi/park/DATA/ICGC/PCAWG_Final_Datasets_DCC/consensus_cnv/segmented_cn/96517058-18d2-4847-8085-768ca8aa1565.consensus.20170119.somatic.cna.txt
968929b0-6bfb-4a2c-bd4d-570bfcdb8a6a	/n/data1/hms/dbmi/park/DATA/ICGC/PCAWG_Final_Datasets_DCC/consensus_snv_indel/merged_snv_mnv/968929b0-6bfb-4a2c-bd4d-570bfcdb8a6a.consensus.20160830.somatic.snv_mnv.vcf.gz	/n/data1/hms/dbmi/park/DATA/ICGC/PCAWG_Final_Datasets_DCC/consensus_cnv/segmented_cn/968929b0-6bfb-4a2c-bd4d-570bfcdb8a6a.consensus.20170119.somatic.cna.txt
9689cb33-8ac9-4ee5-800d-3900769988af	/n/data1/hms/dbmi/park/DATA/ICGC/PCAWG_Final_Datasets_DCC/consensus_snv_indel/merged_snv_mnv/9689cb33-8ac9-4ee5-800d-3900769988af.consensus.20160830.somatic.snv_mnv.vcf.gz	/n/data1/hms/dbmi/park/DATA/ICGC/PCAWG_Final_Datasets_DCC/consensus_cnv/segmented_cn/9689cb33-8ac9-4ee5-800d-3900769988af.consensus.20170119.somatic.cna.txt
96a2896c-1e32-4827-a526-6b7104832f9a	/n/data1/hms/dbmi/park/DATA/ICGC/PCAWG_Final_Datasets_DCC/consensus_snv_indel/merged_snv_mnv/96a2896c-1e32-4827-a526-6b7104832f9a.consensus.20160830.somatic.snv_mnv.vcf.gz	/n/data1/hms/dbmi/park/DATA/ICGC/PCAWG_Final_Datasets_DCC/consensus_cnv/segmented_cn/96a2896c-1e32-4827-a526-6b7104832f9a.consensus.20170119.somatic.cna.txt
96abdbc8-c622-11e3-bf01-24c6515278c0	/n/data1/hms/dbmi/park/DATA/ICGC/PCAWG_Final_Datasets_DCC/consensus_snv_indel/merged_snv_mnv/96abdbc8-c622-11e3-bf01-24c6515278c0.consensus.20160830.somatic.snv_mnv.vcf.gz	/n/data1/hms/dbmi/park/DATA/ICGC/PCAWG_Final_Datasets_DCC/consensus_cnv/segmented_cn/96abdbc8-c622-11e3-bf01-24c6515278c0.consensus.20170119.somatic.cna.txt
96b67289-9c42-402b-8e30-9efb4d512bef	/n/data1/hms/dbmi/park/DATA/ICGC/PCAWG_Final_Datasets_DCC/consensus_snv_indel/merged_snv_mnv/96b67289-9c42-402b-8e30-9efb4d512bef.consensus.20160830.somatic.snv_mnv.vcf.gz	/n/data1/hms/dbmi/park/DATA/ICGC/PCAWG_Final_Datasets_DCC/consensus_cnv/segmented_cn/96b67289-9c42-402b-8e30-9efb4d512bef.consensus.20170119.somatic.cna.txt
96ba50eb-3c12-41ad-ac7b-d23b2001fe44	/n/data1/hms/dbmi/park/DATA/ICGC/PCAWG_Final_Datasets_DCC/consensus_snv_indel/merged_snv_mnv/96ba50eb-3c12-41ad-ac7b-d23b2001fe44.consensus.20160830.somatic.snv_mnv.vcf.gz	/n/data1/hms/dbmi/park/DATA/ICGC/PCAWG_Final_Datasets_DCC/consensus_cnv/segmented_cn/96ba50eb-3c12-41ad-ac7b-d23b2001fe44.consensus.20170119.somatic.cna.txt
96cca60e-17dc-44c3-90f7-1b57b0e08e5f	/n/data1/hms/dbmi/park/DATA/ICGC/PCAWG_Final_Datasets_DCC/consensus_snv_indel/merged_snv_mnv/96cca60e-17dc-44c3-90f7-1b57b0e08e5f.consensus.20160830.somatic.snv_mnv.vcf.gz	/n/data1/hms/dbmi/park/DATA/ICGC/PCAWG_Final_Datasets_DCC/consensus_cnv/segmented_cn/96cca60e-17dc-44c3-90f7-1b57b0e08e5f.consensus.20170119.somatic.cna.txt
96dc785c-8417-4813-8d15-c32b22d78b74	/n/data1/hms/dbmi/park/DATA/ICGC/PCAWG_Final_Datasets_DCC/consensus_snv_indel/merged_snv_mnv/96dc785c-8417-4813-8d15-c32b22d78b74.consensus.20160830.somatic.snv_mnv.vcf.gz	/n/data1/hms/dbmi/park/DATA/ICGC/PCAWG_Final_Datasets_DCC/consensus_cnv/segmented_cn/96dc785c-8417-4813-8d15-c32b22d78b74.consensus.20170119.somatic.cna.txt
96e3db14-2bb1-4f68-aed6-5e794750c96e	/n/data1/hms/dbmi/park/DATA/ICGC/PCAWG_Final_Datasets_DCC/consensus_snv_indel/merged_snv_mnv/96e3db14-2bb1-4f68-aed6-5e794750c96e.consensus.20160830.somatic.snv_mnv.vcf.gz	/n/data1/hms/dbmi/park/DATA/ICGC/PCAWG_Final_Datasets_DCC/consensus_cnv/segmented_cn/96e3db14-2bb1-4f68-aed6-5e794750c96e.consensus.20170119.somatic.cna.txt
96e62134-b8cc-4931-9c99-1193448c7c93	/n/data1/hms/dbmi/park/DATA/ICGC/PCAWG_Final_Datasets_DCC/consensus_snv_indel/merged_snv_mnv/96e62134-b8cc-4931-9c99-1193448c7c93.consensus.20160830.somatic.snv_mnv.vcf.gz	/n/data1/hms/dbmi/park/DATA/ICGC/PCAWG_Final_Datasets_DCC/consensus_cnv/segmented_cn/96e62134-b8cc-4931-9c99-1193448c7c93.consensus.20170119.somatic.cna.txt
96e99cf0-707e-49f3-9ec6-cb4f90ecf7e4	/n/data1/hms/dbmi/park/DATA/ICGC/PCAWG_Final_Datasets_DCC/consensus_snv_indel/merged_snv_mnv/96e99cf0-707e-49f3-9ec6-cb4f90ecf7e4.consensus.20160830.somatic.snv_mnv.vcf.gz	/n/data1/hms/dbmi/park/DATA/ICGC/PCAWG_Final_Datasets_DCC/consensus_cnv/segmented_cn/96e99cf0-707e-49f3-9ec6-cb4f90ecf7e4.consensus.20170119.somatic.cna.txt
96ef40c3-8d4c-4fe1-a33a-99f5b205a0bb	/n/data1/hms/dbmi/park/DATA/ICGC/PCAWG_Final_Datasets_DCC/consensus_snv_indel/merged_snv_mnv/96ef40c3-8d4c-4fe1-a33a-99f5b205a0bb.consensus.20160830.somatic.snv_mnv.vcf.gz	/n/data1/hms/dbmi/park/DATA/ICGC/PCAWG_Final_Datasets_DCC/consensus_cnv/segmented_cn/96ef40c3-8d4c-4fe1-a33a-99f5b205a0bb.consensus.20170119.somatic.cna.txt
96f337d2-cec4-4484-87cd-ab2109d2bf50	/n/data1/hms/dbmi/park/DATA/ICGC/PCAWG_Final_Datasets_DCC/consensus_snv_indel/merged_snv_mnv/96f337d2-cec4-4484-87cd-ab2109d2bf50.consensus.20160830.somatic.snv_mnv.vcf.gz	/n/data1/hms/dbmi/park/DATA/ICGC/PCAWG_Final_Datasets_DCC/consensus_cnv/segmented_cn/96f337d2-cec4-4484-87cd-ab2109d2bf50.consensus.20170119.somatic.cna.txt
97064332-1d4f-4571-93ff-354ffe6d7df9	/n/data1/hms/dbmi/park/DATA/ICGC/PCAWG_Final_Datasets_DCC/consensus_snv_indel/merged_snv_mnv/97064332-1d4f-4571-93ff-354ffe6d7df9.consensus.20160830.somatic.snv_mnv.vcf.gz	/n/data1/hms/dbmi/park/DATA/ICGC/PCAWG_Final_Datasets_DCC/consensus_cnv/segmented_cn/97064332-1d4f-4571-93ff-354ffe6d7df9.consensus.20170119.somatic.cna.txt
973d0577-8ca4-44a1-817f-1d3c1bada151	/n/data1/hms/dbmi/park/DATA/ICGC/PCAWG_Final_Datasets_DCC/consensus_snv_indel/merged_snv_mnv/973d0577-8ca4-44a1-817f-1d3c1bada151.consensus.20160830.somatic.snv_mnv.vcf.gz	/n/data1/hms/dbmi/park/DATA/ICGC/PCAWG_Final_Datasets_DCC/consensus_cnv/segmented_cn/973d0577-8ca4-44a1-817f-1d3c1bada151.consensus.20170119.somatic.cna.txt
9749a9a5-cb7f-4038-a5f9-5e2d6b97c689	/n/data1/hms/dbmi/park/DATA/ICGC/PCAWG_Final_Datasets_DCC/consensus_snv_indel/merged_snv_mnv/9749a9a5-cb7f-4038-a5f9-5e2d6b97c689.consensus.20160830.somatic.snv_mnv.vcf.gz	/n/data1/hms/dbmi/park/DATA/ICGC/PCAWG_Final_Datasets_DCC/consensus_cnv/segmented_cn/9749a9a5-cb7f-4038-a5f9-5e2d6b97c689.consensus.20170119.somatic.cna.txt
978ae91e-6ebe-4efa-97ff-cfad511ae7b3	/n/data1/hms/dbmi/park/DATA/ICGC/PCAWG_Final_Datasets_DCC/consensus_snv_indel/merged_snv_mnv/978ae91e-6ebe-4efa-97ff-cfad511ae7b3.consensus.20160830.somatic.snv_mnv.vcf.gz	/n/data1/hms/dbmi/park/DATA/ICGC/PCAWG_Final_Datasets_DCC/consensus_cnv/segmented_cn/978ae91e-6ebe-4efa-97ff-cfad511ae7b3.consensus.20170119.somatic.cna.txt
97a6f44a-c622-11e3-bf01-24c6515278c0	/n/data1/hms/dbmi/park/DATA/ICGC/PCAWG_Final_Datasets_DCC/consensus_snv_indel/merged_snv_mnv/97a6f44a-c622-11e3-bf01-24c6515278c0.consensus.20160830.somatic.snv_mnv.vcf.gz	/n/data1/hms/dbmi/park/DATA/ICGC/PCAWG_Final_Datasets_DCC/consensus_cnv/segmented_cn/97a6f44a-c622-11e3-bf01-24c6515278c0.consensus.20170119.somatic.cna.txt
97c1a300-978d-4df1-9e97-ce2f92b9eff1	/n/data1/hms/dbmi/park/DATA/ICGC/PCAWG_Final_Datasets_DCC/consensus_snv_indel/merged_snv_mnv/97c1a300-978d-4df1-9e97-ce2f92b9eff1.consensus.20160830.somatic.snv_mnv.vcf.gz	/n/data1/hms/dbmi/park/DATA/ICGC/PCAWG_Final_Datasets_DCC/consensus_cnv/segmented_cn/97c1a300-978d-4df1-9e97-ce2f92b9eff1.consensus.20170119.somatic.cna.txt
97c46ede-b280-4344-8dbb-e860c6472239	/n/data1/hms/dbmi/park/DATA/ICGC/PCAWG_Final_Datasets_DCC/consensus_snv_indel/merged_snv_mnv/97c46ede-b280-4344-8dbb-e860c6472239.consensus.20160830.somatic.snv_mnv.vcf.gz	/n/data1/hms/dbmi/park/DATA/ICGC/PCAWG_Final_Datasets_DCC/consensus_cnv/segmented_cn/97c46ede-b280-4344-8dbb-e860c6472239.consensus.20170119.somatic.cna.txt
97f451e5-a1cc-4f29-8318-0e6ae74efe2f	/n/data1/hms/dbmi/park/DATA/ICGC/PCAWG_Final_Datasets_DCC/consensus_snv_indel/merged_snv_mnv/97f451e5-a1cc-4f29-8318-0e6ae74efe2f.consensus.20160830.somatic.snv_mnv.vcf.gz	/n/data1/hms/dbmi/park/DATA/ICGC/PCAWG_Final_Datasets_DCC/consensus_cnv/segmented_cn/97f451e5-a1cc-4f29-8318-0e6ae74efe2f.consensus.20170119.somatic.cna.txt
982b58c4-02b3-4e7d-8af0-4b133d0c7e50	/n/data1/hms/dbmi/park/DATA/ICGC/PCAWG_Final_Datasets_DCC/consensus_snv_indel/merged_snv_mnv/982b58c4-02b3-4e7d-8af0-4b133d0c7e50.consensus.20160830.somatic.snv_mnv.vcf.gz	/n/data1/hms/dbmi/park/DATA/ICGC/PCAWG_Final_Datasets_DCC/consensus_cnv/segmented_cn/982b58c4-02b3-4e7d-8af0-4b133d0c7e50.consensus.20170119.somatic.cna.txt
983c14b8-f35b-497b-9fd4-5e5f5f0a7aa7	/n/data1/hms/dbmi/park/DATA/ICGC/PCAWG_Final_Datasets_DCC/consensus_snv_indel/merged_snv_mnv/983c14b8-f35b-497b-9fd4-5e5f5f0a7aa7.consensus.20160830.somatic.snv_mnv.vcf.gz	/n/data1/hms/dbmi/park/DATA/ICGC/PCAWG_Final_Datasets_DCC/consensus_cnv/segmented_cn/983c14b8-f35b-497b-9fd4-5e5f5f0a7aa7.consensus.20170119.somatic.cna.txt
987528ac-437a-4eb8-a335-4f2076d5c006	/n/data1/hms/dbmi/park/DATA/ICGC/PCAWG_Final_Datasets_DCC/consensus_snv_indel/merged_snv_mnv/987528ac-437a-4eb8-a335-4f2076d5c006.consensus.20160830.somatic.snv_mnv.vcf.gz	/n/data1/hms/dbmi/park/DATA/ICGC/PCAWG_Final_Datasets_DCC/consensus_cnv/segmented_cn/987528ac-437a-4eb8-a335-4f2076d5c006.consensus.20170119.somatic.cna.txt
987d41ee-6bab-490c-b0f2-bf28c0089de9	/n/data1/hms/dbmi/park/DATA/ICGC/PCAWG_Final_Datasets_DCC/consensus_snv_indel/merged_snv_mnv/987d41ee-6bab-490c-b0f2-bf28c0089de9.consensus.20160830.somatic.snv_mnv.vcf.gz	/n/data1/hms/dbmi/park/DATA/ICGC/PCAWG_Final_Datasets_DCC/consensus_cnv/segmented_cn/987d41ee-6bab-490c-b0f2-bf28c0089de9.consensus.20170119.somatic.cna.txt
9880c3c9-5685-42a7-8fe9-7585ea1a1d37	/n/data1/hms/dbmi/park/DATA/ICGC/PCAWG_Final_Datasets_DCC/consensus_snv_indel/merged_snv_mnv/9880c3c9-5685-42a7-8fe9-7585ea1a1d37.consensus.20160830.somatic.snv_mnv.vcf.gz	/n/data1/hms/dbmi/park/DATA/ICGC/PCAWG_Final_Datasets_DCC/consensus_cnv/segmented_cn/9880c3c9-5685-42a7-8fe9-7585ea1a1d37.consensus.20170119.somatic.cna.txt
98bb3025-0637-4106-8621-12df7b5d662f	/n/data1/hms/dbmi/park/DATA/ICGC/PCAWG_Final_Datasets_DCC/consensus_snv_indel/merged_snv_mnv/98bb3025-0637-4106-8621-12df7b5d662f.consensus.20160830.somatic.snv_mnv.vcf.gz	/n/data1/hms/dbmi/park/DATA/ICGC/PCAWG_Final_Datasets_DCC/consensus_cnv/segmented_cn/98bb3025-0637-4106-8621-12df7b5d662f.consensus.20170119.somatic.cna.txt
98d27916-c622-11e3-bf01-24c6515278c0	/n/data1/hms/dbmi/park/DATA/ICGC/PCAWG_Final_Datasets_DCC/consensus_snv_indel/merged_snv_mnv/98d27916-c622-11e3-bf01-24c6515278c0.consensus.20160830.somatic.snv_mnv.vcf.gz	/n/data1/hms/dbmi/park/DATA/ICGC/PCAWG_Final_Datasets_DCC/consensus_cnv/segmented_cn/98d27916-c622-11e3-bf01-24c6515278c0.consensus.20170119.somatic.cna.txt
98e8f23c-5970-4fce-9551-4b11a772fe1b	/n/data1/hms/dbmi/park/DATA/ICGC/PCAWG_Final_Datasets_DCC/consensus_snv_indel/merged_snv_mnv/98e8f23c-5970-4fce-9551-4b11a772fe1b.consensus.20160830.somatic.snv_mnv.vcf.gz	/n/data1/hms/dbmi/park/DATA/ICGC/PCAWG_Final_Datasets_DCC/consensus_cnv/segmented_cn/98e8f23c-5970-4fce-9551-4b11a772fe1b.consensus.20170119.somatic.cna.txt
98f54445-b151-4aeb-b8cf-91d743ba066e	/n/data1/hms/dbmi/park/DATA/ICGC/PCAWG_Final_Datasets_DCC/consensus_snv_indel/merged_snv_mnv/98f54445-b151-4aeb-b8cf-91d743ba066e.consensus.20160830.somatic.snv_mnv.vcf.gz	/n/data1/hms/dbmi/park/DATA/ICGC/PCAWG_Final_Datasets_DCC/consensus_cnv/segmented_cn/98f54445-b151-4aeb-b8cf-91d743ba066e.consensus.20170119.somatic.cna.txt
992d9566-b1da-421a-bf36-d23382b115fa	/n/data1/hms/dbmi/park/DATA/ICGC/PCAWG_Final_Datasets_DCC/consensus_snv_indel/merged_snv_mnv/992d9566-b1da-421a-bf36-d23382b115fa.consensus.20160830.somatic.snv_mnv.vcf.gz	/n/data1/hms/dbmi/park/DATA/ICGC/PCAWG_Final_Datasets_DCC/consensus_cnv/segmented_cn/992d9566-b1da-421a-bf36-d23382b115fa.consensus.20170119.somatic.cna.txt
995a1ad2-faca-4a37-a59d-e62455985afb	/n/data1/hms/dbmi/park/DATA/ICGC/PCAWG_Final_Datasets_DCC/consensus_snv_indel/merged_snv_mnv/995a1ad2-faca-4a37-a59d-e62455985afb.consensus.20160830.somatic.snv_mnv.vcf.gz	/n/data1/hms/dbmi/park/DATA/ICGC/PCAWG_Final_Datasets_DCC/consensus_cnv/segmented_cn/995a1ad2-faca-4a37-a59d-e62455985afb.consensus.20170119.somatic.cna.txt
99696731-c88f-427b-975b-1d90013e63ff	/n/data1/hms/dbmi/park/DATA/ICGC/PCAWG_Final_Datasets_DCC/consensus_snv_indel/merged_snv_mnv/99696731-c88f-427b-975b-1d90013e63ff.consensus.20160830.somatic.snv_mnv.vcf.gz	/n/data1/hms/dbmi/park/DATA/ICGC/PCAWG_Final_Datasets_DCC/consensus_cnv/segmented_cn/99696731-c88f-427b-975b-1d90013e63ff.consensus.20170119.somatic.cna.txt
9988eb07-01f6-4f83-8699-bb63e0525f08	/n/data1/hms/dbmi/park/DATA/ICGC/PCAWG_Final_Datasets_DCC/consensus_snv_indel/merged_snv_mnv/9988eb07-01f6-4f83-8699-bb63e0525f08.consensus.20160830.somatic.snv_mnv.vcf.gz	/n/data1/hms/dbmi/park/DATA/ICGC/PCAWG_Final_Datasets_DCC/consensus_cnv/segmented_cn/9988eb07-01f6-4f83-8699-bb63e0525f08.consensus.20170119.somatic.cna.txt
99bdc3da-c622-11e3-bf01-24c6515278c0	/n/data1/hms/dbmi/park/DATA/ICGC/PCAWG_Final_Datasets_DCC/consensus_snv_indel/merged_snv_mnv/99bdc3da-c622-11e3-bf01-24c6515278c0.consensus.20160830.somatic.snv_mnv.vcf.gz	/n/data1/hms/dbmi/park/DATA/ICGC/PCAWG_Final_Datasets_DCC/consensus_cnv/segmented_cn/99bdc3da-c622-11e3-bf01-24c6515278c0.consensus.20170119.somatic.cna.txt
99e7016a-c3c1-431c-8838-beb78a3cc017	/n/data1/hms/dbmi/park/DATA/ICGC/PCAWG_Final_Datasets_DCC/consensus_snv_indel/merged_snv_mnv/99e7016a-c3c1-431c-8838-beb78a3cc017.consensus.20160830.somatic.snv_mnv.vcf.gz	/n/data1/hms/dbmi/park/DATA/ICGC/PCAWG_Final_Datasets_DCC/consensus_cnv/segmented_cn/99e7016a-c3c1-431c-8838-beb78a3cc017.consensus.20170119.somatic.cna.txt
9a015939-8810-4808-9dfa-fb60a1173bc7	/n/data1/hms/dbmi/park/DATA/ICGC/PCAWG_Final_Datasets_DCC/consensus_snv_indel/merged_snv_mnv/9a015939-8810-4808-9dfa-fb60a1173bc7.consensus.20160830.somatic.snv_mnv.vcf.gz	/n/data1/hms/dbmi/park/DATA/ICGC/PCAWG_Final_Datasets_DCC/consensus_cnv/segmented_cn/9a015939-8810-4808-9dfa-fb60a1173bc7.consensus.20170119.somatic.cna.txt
9a5bb831-8cb8-4de0-b94b-088cb38def1a	/n/data1/hms/dbmi/park/DATA/ICGC/PCAWG_Final_Datasets_DCC/consensus_snv_indel/merged_snv_mnv/9a5bb831-8cb8-4de0-b94b-088cb38def1a.consensus.20160830.somatic.snv_mnv.vcf.gz	/n/data1/hms/dbmi/park/DATA/ICGC/PCAWG_Final_Datasets_DCC/consensus_cnv/segmented_cn/9a5bb831-8cb8-4de0-b94b-088cb38def1a.consensus.20170119.somatic.cna.txt
9a90f951-ad96-4883-b97f-ac43395dae5d	/n/data1/hms/dbmi/park/DATA/ICGC/PCAWG_Final_Datasets_DCC/consensus_snv_indel/merged_snv_mnv/9a90f951-ad96-4883-b97f-ac43395dae5d.consensus.20160830.somatic.snv_mnv.vcf.gz	/n/data1/hms/dbmi/park/DATA/ICGC/PCAWG_Final_Datasets_DCC/consensus_cnv/segmented_cn/9a90f951-ad96-4883-b97f-ac43395dae5d.consensus.20170119.somatic.cna.txt
9aac83e4-c622-11e3-bf01-24c6515278c0	/n/data1/hms/dbmi/park/DATA/ICGC/PCAWG_Final_Datasets_DCC/consensus_snv_indel/merged_snv_mnv/9aac83e4-c622-11e3-bf01-24c6515278c0.consensus.20160830.somatic.snv_mnv.vcf.gz	/n/data1/hms/dbmi/park/DATA/ICGC/PCAWG_Final_Datasets_DCC/consensus_cnv/segmented_cn/9aac83e4-c622-11e3-bf01-24c6515278c0.consensus.20170119.somatic.cna.txt
9ae0744a-9bc1-4cd7-b7cf-c6569ed9e4aa	/n/data1/hms/dbmi/park/DATA/ICGC/PCAWG_Final_Datasets_DCC/consensus_snv_indel/merged_snv_mnv/9ae0744a-9bc1-4cd7-b7cf-c6569ed9e4aa.consensus.20160830.somatic.snv_mnv.vcf.gz	/n/data1/hms/dbmi/park/DATA/ICGC/PCAWG_Final_Datasets_DCC/consensus_cnv/segmented_cn/9ae0744a-9bc1-4cd7-b7cf-c6569ed9e4aa.consensus.20170119.somatic.cna.txt
9ae33a63-6b1a-43bf-9205-463c867bcbc4	/n/data1/hms/dbmi/park/DATA/ICGC/PCAWG_Final_Datasets_DCC/consensus_snv_indel/merged_snv_mnv/9ae33a63-6b1a-43bf-9205-463c867bcbc4.consensus.20160830.somatic.snv_mnv.vcf.gz	/n/data1/hms/dbmi/park/DATA/ICGC/PCAWG_Final_Datasets_DCC/consensus_cnv/segmented_cn/9ae33a63-6b1a-43bf-9205-463c867bcbc4.consensus.20170119.somatic.cna.txt
9aecfc8f-62ea-4acf-aa00-d1f0fe6c6556	/n/data1/hms/dbmi/park/DATA/ICGC/PCAWG_Final_Datasets_DCC/consensus_snv_indel/merged_snv_mnv/9aecfc8f-62ea-4acf-aa00-d1f0fe6c6556.consensus.20160830.somatic.snv_mnv.vcf.gz	/n/data1/hms/dbmi/park/DATA/ICGC/PCAWG_Final_Datasets_DCC/consensus_cnv/segmented_cn/9aecfc8f-62ea-4acf-aa00-d1f0fe6c6556.consensus.20170119.somatic.cna.txt
9b3e7a03-cf8c-4da8-bc36-20129d7783ba	/n/data1/hms/dbmi/park/DATA/ICGC/PCAWG_Final_Datasets_DCC/consensus_snv_indel/merged_snv_mnv/9b3e7a03-cf8c-4da8-bc36-20129d7783ba.consensus.20160830.somatic.snv_mnv.vcf.gz	/n/data1/hms/dbmi/park/DATA/ICGC/PCAWG_Final_Datasets_DCC/consensus_cnv/segmented_cn/9b3e7a03-cf8c-4da8-bc36-20129d7783ba.consensus.20170119.somatic.cna.txt
9b75735b-705d-4ebf-92a0-fbb190b95285	/n/data1/hms/dbmi/park/DATA/ICGC/PCAWG_Final_Datasets_DCC/consensus_snv_indel/merged_snv_mnv/9b75735b-705d-4ebf-92a0-fbb190b95285.consensus.20160830.somatic.snv_mnv.vcf.gz	/n/data1/hms/dbmi/park/DATA/ICGC/PCAWG_Final_Datasets_DCC/consensus_cnv/segmented_cn/9b75735b-705d-4ebf-92a0-fbb190b95285.consensus.20170119.somatic.cna.txt
9ba2c970-c622-11e3-bf01-24c6515278c0	/n/data1/hms/dbmi/park/DATA/ICGC/PCAWG_Final_Datasets_DCC/consensus_snv_indel/merged_snv_mnv/9ba2c970-c622-11e3-bf01-24c6515278c0.consensus.20160830.somatic.snv_mnv.vcf.gz	/n/data1/hms/dbmi/park/DATA/ICGC/PCAWG_Final_Datasets_DCC/consensus_cnv/segmented_cn/9ba2c970-c622-11e3-bf01-24c6515278c0.consensus.20170119.somatic.cna.txt
9ba6be6d-2032-444b-ab3c-dbee8023759d	/n/data1/hms/dbmi/park/DATA/ICGC/PCAWG_Final_Datasets_DCC/consensus_snv_indel/merged_snv_mnv/9ba6be6d-2032-444b-ab3c-dbee8023759d.consensus.20160830.somatic.snv_mnv.vcf.gz	/n/data1/hms/dbmi/park/DATA/ICGC/PCAWG_Final_Datasets_DCC/consensus_cnv/segmented_cn/9ba6be6d-2032-444b-ab3c-dbee8023759d.consensus.20170119.somatic.cna.txt
9bb9164e-ea1b-49ab-bbcc-f59cf8c32345	/n/data1/hms/dbmi/park/DATA/ICGC/PCAWG_Final_Datasets_DCC/consensus_snv_indel/merged_snv_mnv/9bb9164e-ea1b-49ab-bbcc-f59cf8c32345.consensus.20160830.somatic.snv_mnv.vcf.gz	/n/data1/hms/dbmi/park/DATA/ICGC/PCAWG_Final_Datasets_DCC/consensus_cnv/segmented_cn/9bb9164e-ea1b-49ab-bbcc-f59cf8c32345.consensus.20170119.somatic.cna.txt
9be1246b-3dc1-4928-8b89-2d5ed0c866e8	/n/data1/hms/dbmi/park/DATA/ICGC/PCAWG_Final_Datasets_DCC/consensus_snv_indel/merged_snv_mnv/9be1246b-3dc1-4928-8b89-2d5ed0c866e8.consensus.20160830.somatic.snv_mnv.vcf.gz	/n/data1/hms/dbmi/park/DATA/ICGC/PCAWG_Final_Datasets_DCC/consensus_cnv/segmented_cn/9be1246b-3dc1-4928-8b89-2d5ed0c866e8.consensus.20170119.somatic.cna.txt
9beb4126-0112-4c06-80a3-e5dd1c2b88d5	/n/data1/hms/dbmi/park/DATA/ICGC/PCAWG_Final_Datasets_DCC/consensus_snv_indel/merged_snv_mnv/9beb4126-0112-4c06-80a3-e5dd1c2b88d5.consensus.20160830.somatic.snv_mnv.vcf.gz	/n/data1/hms/dbmi/park/DATA/ICGC/PCAWG_Final_Datasets_DCC/consensus_cnv/segmented_cn/9beb4126-0112-4c06-80a3-e5dd1c2b88d5.consensus.20170119.somatic.cna.txt
9c00828e-e9ae-4b9c-959e-34837ee2b230	/n/data1/hms/dbmi/park/DATA/ICGC/PCAWG_Final_Datasets_DCC/consensus_snv_indel/merged_snv_mnv/9c00828e-e9ae-4b9c-959e-34837ee2b230.consensus.20160830.somatic.snv_mnv.vcf.gz	/n/data1/hms/dbmi/park/DATA/ICGC/PCAWG_Final_Datasets_DCC/consensus_cnv/segmented_cn/9c00828e-e9ae-4b9c-959e-34837ee2b230.consensus.20170119.somatic.cna.txt
9c181313-5b4c-41c5-9ad5-a5a86fe609aa	/n/data1/hms/dbmi/park/DATA/ICGC/PCAWG_Final_Datasets_DCC/consensus_snv_indel/merged_snv_mnv/9c181313-5b4c-41c5-9ad5-a5a86fe609aa.consensus.20160830.somatic.snv_mnv.vcf.gz	/n/data1/hms/dbmi/park/DATA/ICGC/PCAWG_Final_Datasets_DCC/consensus_cnv/segmented_cn/9c181313-5b4c-41c5-9ad5-a5a86fe609aa.consensus.20170119.somatic.cna.txt
9c27fedd-b1b3-4af0-9e9b-20271854db08	/n/data1/hms/dbmi/park/DATA/ICGC/PCAWG_Final_Datasets_DCC/consensus_snv_indel/merged_snv_mnv/9c27fedd-b1b3-4af0-9e9b-20271854db08.consensus.20160830.somatic.snv_mnv.vcf.gz	/n/data1/hms/dbmi/park/DATA/ICGC/PCAWG_Final_Datasets_DCC/consensus_cnv/segmented_cn/9c27fedd-b1b3-4af0-9e9b-20271854db08.consensus.20170119.somatic.cna.txt
9c399826-087f-44b9-98c0-bd881646b0f4	/n/data1/hms/dbmi/park/DATA/ICGC/PCAWG_Final_Datasets_DCC/consensus_snv_indel/merged_snv_mnv/9c399826-087f-44b9-98c0-bd881646b0f4.consensus.20160830.somatic.snv_mnv.vcf.gz	/n/data1/hms/dbmi/park/DATA/ICGC/PCAWG_Final_Datasets_DCC/consensus_cnv/segmented_cn/9c399826-087f-44b9-98c0-bd881646b0f4.consensus.20170119.somatic.cna.txt
9c681cd9-25fb-42ac-aa6b-bb962882fa22	/n/data1/hms/dbmi/park/DATA/ICGC/PCAWG_Final_Datasets_DCC/consensus_snv_indel/merged_snv_mnv/9c681cd9-25fb-42ac-aa6b-bb962882fa22.consensus.20160830.somatic.snv_mnv.vcf.gz	/n/data1/hms/dbmi/park/DATA/ICGC/PCAWG_Final_Datasets_DCC/consensus_cnv/segmented_cn/9c681cd9-25fb-42ac-aa6b-bb962882fa22.consensus.20170119.somatic.cna.txt
9c70688d-6e43-4520-9262-eaae4e4d597d	/n/data1/hms/dbmi/park/DATA/ICGC/PCAWG_Final_Datasets_DCC/consensus_snv_indel/merged_snv_mnv/9c70688d-6e43-4520-9262-eaae4e4d597d.consensus.20160830.somatic.snv_mnv.vcf.gz	/n/data1/hms/dbmi/park/DATA/ICGC/PCAWG_Final_Datasets_DCC/consensus_cnv/segmented_cn/9c70688d-6e43-4520-9262-eaae4e4d597d.consensus.20170119.somatic.cna.txt
9c730cfb-3fd6-428a-a0a4-c061ca5db06c	/n/data1/hms/dbmi/park/DATA/ICGC/PCAWG_Final_Datasets_DCC/consensus_snv_indel/merged_snv_mnv/9c730cfb-3fd6-428a-a0a4-c061ca5db06c.consensus.20160830.somatic.snv_mnv.vcf.gz	/n/data1/hms/dbmi/park/DATA/ICGC/PCAWG_Final_Datasets_DCC/consensus_cnv/segmented_cn/9c730cfb-3fd6-428a-a0a4-c061ca5db06c.consensus.20170119.somatic.cna.txt
9c7b3ac8-1352-49cd-8a8c-df6b19f6fd64	/n/data1/hms/dbmi/park/DATA/ICGC/PCAWG_Final_Datasets_DCC/consensus_snv_indel/merged_snv_mnv/9c7b3ac8-1352-49cd-8a8c-df6b19f6fd64.consensus.20160830.somatic.snv_mnv.vcf.gz	/n/data1/hms/dbmi/park/DATA/ICGC/PCAWG_Final_Datasets_DCC/consensus_cnv/segmented_cn/9c7b3ac8-1352-49cd-8a8c-df6b19f6fd64.consensus.20170119.somatic.cna.txt
9c857452-c81d-4b9e-87a8-5b41f4394f7c	/n/data1/hms/dbmi/park/DATA/ICGC/PCAWG_Final_Datasets_DCC/consensus_snv_indel/merged_snv_mnv/9c857452-c81d-4b9e-87a8-5b41f4394f7c.consensus.20160830.somatic.snv_mnv.vcf.gz	/n/data1/hms/dbmi/park/DATA/ICGC/PCAWG_Final_Datasets_DCC/consensus_cnv/segmented_cn/9c857452-c81d-4b9e-87a8-5b41f4394f7c.consensus.20170119.somatic.cna.txt
9c949c63-aa63-4a84-ac5a-b5260775cee6	/n/data1/hms/dbmi/park/DATA/ICGC/PCAWG_Final_Datasets_DCC/consensus_snv_indel/merged_snv_mnv/9c949c63-aa63-4a84-ac5a-b5260775cee6.consensus.20160830.somatic.snv_mnv.vcf.gz	/n/data1/hms/dbmi/park/DATA/ICGC/PCAWG_Final_Datasets_DCC/consensus_cnv/segmented_cn/9c949c63-aa63-4a84-ac5a-b5260775cee6.consensus.20170119.somatic.cna.txt
9cb80280-c622-11e3-bf01-24c6515278c0	/n/data1/hms/dbmi/park/DATA/ICGC/PCAWG_Final_Datasets_DCC/consensus_snv_indel/merged_snv_mnv/9cb80280-c622-11e3-bf01-24c6515278c0.consensus.20160830.somatic.snv_mnv.vcf.gz	/n/data1/hms/dbmi/park/DATA/ICGC/PCAWG_Final_Datasets_DCC/consensus_cnv/segmented_cn/9cb80280-c622-11e3-bf01-24c6515278c0.consensus.20170119.somatic.cna.txt
9cdb1905-8b0f-48bd-ba37-11e7ac9646a0	/n/data1/hms/dbmi/park/DATA/ICGC/PCAWG_Final_Datasets_DCC/consensus_snv_indel/merged_snv_mnv/9cdb1905-8b0f-48bd-ba37-11e7ac9646a0.consensus.20160830.somatic.snv_mnv.vcf.gz	/n/data1/hms/dbmi/park/DATA/ICGC/PCAWG_Final_Datasets_DCC/consensus_cnv/segmented_cn/9cdb1905-8b0f-48bd-ba37-11e7ac9646a0.consensus.20170119.somatic.cna.txt
9cfa4e8f-ea4d-433b-8c2c-54f66ecb7e43	/n/data1/hms/dbmi/park/DATA/ICGC/PCAWG_Final_Datasets_DCC/consensus_snv_indel/merged_snv_mnv/9cfa4e8f-ea4d-433b-8c2c-54f66ecb7e43.consensus.20160830.somatic.snv_mnv.vcf.gz	/n/data1/hms/dbmi/park/DATA/ICGC/PCAWG_Final_Datasets_DCC/consensus_cnv/segmented_cn/9cfa4e8f-ea4d-433b-8c2c-54f66ecb7e43.consensus.20170119.somatic.cna.txt
9d3b0b87-5fc5-4d09-9c63-4d5fc4bc46d0	/n/data1/hms/dbmi/park/DATA/ICGC/PCAWG_Final_Datasets_DCC/consensus_snv_indel/merged_snv_mnv/9d3b0b87-5fc5-4d09-9c63-4d5fc4bc46d0.consensus.20160830.somatic.snv_mnv.vcf.gz	/n/data1/hms/dbmi/park/DATA/ICGC/PCAWG_Final_Datasets_DCC/consensus_cnv/segmented_cn/9d3b0b87-5fc5-4d09-9c63-4d5fc4bc46d0.consensus.20170119.somatic.cna.txt
9d691fa3-5c32-4b98-85c4-f6e0fd4c37e0	/n/data1/hms/dbmi/park/DATA/ICGC/PCAWG_Final_Datasets_DCC/consensus_snv_indel/merged_snv_mnv/9d691fa3-5c32-4b98-85c4-f6e0fd4c37e0.consensus.20160830.somatic.snv_mnv.vcf.gz	/n/data1/hms/dbmi/park/DATA/ICGC/PCAWG_Final_Datasets_DCC/consensus_cnv/segmented_cn/9d691fa3-5c32-4b98-85c4-f6e0fd4c37e0.consensus.20170119.somatic.cna.txt
9db994a0-c622-11e3-bf01-24c6515278c0	/n/data1/hms/dbmi/park/DATA/ICGC/PCAWG_Final_Datasets_DCC/consensus_snv_indel/merged_snv_mnv/9db994a0-c622-11e3-bf01-24c6515278c0.consensus.20160830.somatic.snv_mnv.vcf.gz	/n/data1/hms/dbmi/park/DATA/ICGC/PCAWG_Final_Datasets_DCC/consensus_cnv/segmented_cn/9db994a0-c622-11e3-bf01-24c6515278c0.consensus.20170119.somatic.cna.txt
9ddf2119-a222-4fa5-a9f3-0bec7eeea36b	/n/data1/hms/dbmi/park/DATA/ICGC/PCAWG_Final_Datasets_DCC/consensus_snv_indel/merged_snv_mnv/9ddf2119-a222-4fa5-a9f3-0bec7eeea36b.consensus.20160830.somatic.snv_mnv.vcf.gz	/n/data1/hms/dbmi/park/DATA/ICGC/PCAWG_Final_Datasets_DCC/consensus_cnv/segmented_cn/9ddf2119-a222-4fa5-a9f3-0bec7eeea36b.consensus.20170119.somatic.cna.txt
9de495d1-55b2-4535-9b0a-a999df35977c	/n/data1/hms/dbmi/park/DATA/ICGC/PCAWG_Final_Datasets_DCC/consensus_snv_indel/merged_snv_mnv/9de495d1-55b2-4535-9b0a-a999df35977c.consensus.20160830.somatic.snv_mnv.vcf.gz	/n/data1/hms/dbmi/park/DATA/ICGC/PCAWG_Final_Datasets_DCC/consensus_cnv/segmented_cn/9de495d1-55b2-4535-9b0a-a999df35977c.consensus.20170119.somatic.cna.txt
9df57388-7de1-4c90-910e-ef63a246dff1	/n/data1/hms/dbmi/park/DATA/ICGC/PCAWG_Final_Datasets_DCC/consensus_snv_indel/merged_snv_mnv/9df57388-7de1-4c90-910e-ef63a246dff1.consensus.20160830.somatic.snv_mnv.vcf.gz	/n/data1/hms/dbmi/park/DATA/ICGC/PCAWG_Final_Datasets_DCC/consensus_cnv/segmented_cn/9df57388-7de1-4c90-910e-ef63a246dff1.consensus.20170119.somatic.cna.txt
9dfcbabf-2bc0-43a2-bdde-d0b2aaca3f6b	/n/data1/hms/dbmi/park/DATA/ICGC/PCAWG_Final_Datasets_DCC/consensus_snv_indel/merged_snv_mnv/9dfcbabf-2bc0-43a2-bdde-d0b2aaca3f6b.consensus.20160830.somatic.snv_mnv.vcf.gz	/n/data1/hms/dbmi/park/DATA/ICGC/PCAWG_Final_Datasets_DCC/consensus_cnv/segmented_cn/9dfcbabf-2bc0-43a2-bdde-d0b2aaca3f6b.consensus.20170119.somatic.cna.txt
9e0009d1-c993-4247-9706-88ee84591dec	/n/data1/hms/dbmi/park/DATA/ICGC/PCAWG_Final_Datasets_DCC/consensus_snv_indel/merged_snv_mnv/9e0009d1-c993-4247-9706-88ee84591dec.consensus.20160830.somatic.snv_mnv.vcf.gz	/n/data1/hms/dbmi/park/DATA/ICGC/PCAWG_Final_Datasets_DCC/consensus_cnv/segmented_cn/9e0009d1-c993-4247-9706-88ee84591dec.consensus.20170119.somatic.cna.txt
9e272bea-9193-4c10-a802-f7e18b2937a3	/n/data1/hms/dbmi/park/DATA/ICGC/PCAWG_Final_Datasets_DCC/consensus_snv_indel/merged_snv_mnv/9e272bea-9193-4c10-a802-f7e18b2937a3.consensus.20160830.somatic.snv_mnv.vcf.gz	/n/data1/hms/dbmi/park/DATA/ICGC/PCAWG_Final_Datasets_DCC/consensus_cnv/segmented_cn/9e272bea-9193-4c10-a802-f7e18b2937a3.consensus.20170119.somatic.cna.txt
9e5f0a23-e184-4611-b42b-e882dcf23acd	/n/data1/hms/dbmi/park/DATA/ICGC/PCAWG_Final_Datasets_DCC/consensus_snv_indel/merged_snv_mnv/9e5f0a23-e184-4611-b42b-e882dcf23acd.consensus.20160830.somatic.snv_mnv.vcf.gz	/n/data1/hms/dbmi/park/DATA/ICGC/PCAWG_Final_Datasets_DCC/consensus_cnv/segmented_cn/9e5f0a23-e184-4611-b42b-e882dcf23acd.consensus.20170119.somatic.cna.txt
9e6806c4-d331-4025-abee-2f576e3bf182	/n/data1/hms/dbmi/park/DATA/ICGC/PCAWG_Final_Datasets_DCC/consensus_snv_indel/merged_snv_mnv/9e6806c4-d331-4025-abee-2f576e3bf182.consensus.20160830.somatic.snv_mnv.vcf.gz	/n/data1/hms/dbmi/park/DATA/ICGC/PCAWG_Final_Datasets_DCC/consensus_cnv/segmented_cn/9e6806c4-d331-4025-abee-2f576e3bf182.consensus.20170119.somatic.cna.txt
9e7b51fb-2249-451a-bf23-bb2a3d935928	/n/data1/hms/dbmi/park/DATA/ICGC/PCAWG_Final_Datasets_DCC/consensus_snv_indel/merged_snv_mnv/9e7b51fb-2249-451a-bf23-bb2a3d935928.consensus.20160830.somatic.snv_mnv.vcf.gz	/n/data1/hms/dbmi/park/DATA/ICGC/PCAWG_Final_Datasets_DCC/consensus_cnv/segmented_cn/9e7b51fb-2249-451a-bf23-bb2a3d935928.consensus.20170119.somatic.cna.txt
9e842227-2bc6-4185-bedb-abeb03836b51	/n/data1/hms/dbmi/park/DATA/ICGC/PCAWG_Final_Datasets_DCC/consensus_snv_indel/merged_snv_mnv/9e842227-2bc6-4185-bedb-abeb03836b51.consensus.20160830.somatic.snv_mnv.vcf.gz	/n/data1/hms/dbmi/park/DATA/ICGC/PCAWG_Final_Datasets_DCC/consensus_cnv/segmented_cn/9e842227-2bc6-4185-bedb-abeb03836b51.consensus.20170119.somatic.cna.txt
9e99b8d9-6f0d-4fe0-9c1e-d286c0714909	/n/data1/hms/dbmi/park/DATA/ICGC/PCAWG_Final_Datasets_DCC/consensus_snv_indel/merged_snv_mnv/9e99b8d9-6f0d-4fe0-9c1e-d286c0714909.consensus.20160830.somatic.snv_mnv.vcf.gz	/n/data1/hms/dbmi/park/DATA/ICGC/PCAWG_Final_Datasets_DCC/consensus_cnv/segmented_cn/9e99b8d9-6f0d-4fe0-9c1e-d286c0714909.consensus.20170119.somatic.cna.txt
9ebac79d-8b38-4469-837e-b834725fe6d5	/n/data1/hms/dbmi/park/DATA/ICGC/PCAWG_Final_Datasets_DCC/consensus_snv_indel/merged_snv_mnv/9ebac79d-8b38-4469-837e-b834725fe6d5.consensus.20160830.somatic.snv_mnv.vcf.gz	/n/data1/hms/dbmi/park/DATA/ICGC/PCAWG_Final_Datasets_DCC/consensus_cnv/segmented_cn/9ebac79d-8b38-4469-837e-b834725fe6d5.consensus.20170119.somatic.cna.txt
9ec31146-c622-11e3-bf01-24c6515278c0	/n/data1/hms/dbmi/park/DATA/ICGC/PCAWG_Final_Datasets_DCC/consensus_snv_indel/merged_snv_mnv/9ec31146-c622-11e3-bf01-24c6515278c0.consensus.20160830.somatic.snv_mnv.vcf.gz	/n/data1/hms/dbmi/park/DATA/ICGC/PCAWG_Final_Datasets_DCC/consensus_cnv/segmented_cn/9ec31146-c622-11e3-bf01-24c6515278c0.consensus.20170119.somatic.cna.txt
9ed8f0b9-d615-44c4-9ec9-e07ecd744922	/n/data1/hms/dbmi/park/DATA/ICGC/PCAWG_Final_Datasets_DCC/consensus_snv_indel/merged_snv_mnv/9ed8f0b9-d615-44c4-9ec9-e07ecd744922.consensus.20160830.somatic.snv_mnv.vcf.gz	/n/data1/hms/dbmi/park/DATA/ICGC/PCAWG_Final_Datasets_DCC/consensus_cnv/segmented_cn/9ed8f0b9-d615-44c4-9ec9-e07ecd744922.consensus.20170119.somatic.cna.txt
9f298806-77b6-4c76-bd38-3343e1a3c6f0	/n/data1/hms/dbmi/park/DATA/ICGC/PCAWG_Final_Datasets_DCC/consensus_snv_indel/merged_snv_mnv/9f298806-77b6-4c76-bd38-3343e1a3c6f0.consensus.20160830.somatic.snv_mnv.vcf.gz	/n/data1/hms/dbmi/park/DATA/ICGC/PCAWG_Final_Datasets_DCC/consensus_cnv/segmented_cn/9f298806-77b6-4c76-bd38-3343e1a3c6f0.consensus.20170119.somatic.cna.txt
9f5e6063-d19e-4f56-b3f9-5c2260d3bfc9	/n/data1/hms/dbmi/park/DATA/ICGC/PCAWG_Final_Datasets_DCC/consensus_snv_indel/merged_snv_mnv/9f5e6063-d19e-4f56-b3f9-5c2260d3bfc9.consensus.20160830.somatic.snv_mnv.vcf.gz	/n/data1/hms/dbmi/park/DATA/ICGC/PCAWG_Final_Datasets_DCC/consensus_cnv/segmented_cn/9f5e6063-d19e-4f56-b3f9-5c2260d3bfc9.consensus.20170119.somatic.cna.txt
9fb6b7be-0084-48f7-a256-6d170e72e97f	/n/data1/hms/dbmi/park/DATA/ICGC/PCAWG_Final_Datasets_DCC/consensus_snv_indel/merged_snv_mnv/9fb6b7be-0084-48f7-a256-6d170e72e97f.consensus.20160830.somatic.snv_mnv.vcf.gz	/n/data1/hms/dbmi/park/DATA/ICGC/PCAWG_Final_Datasets_DCC/consensus_cnv/segmented_cn/9fb6b7be-0084-48f7-a256-6d170e72e97f.consensus.20170119.somatic.cna.txt
9fb73d89-f7c4-47b2-810b-3ce37cd8a3c9	/n/data1/hms/dbmi/park/DATA/ICGC/PCAWG_Final_Datasets_DCC/consensus_snv_indel/merged_snv_mnv/9fb73d89-f7c4-47b2-810b-3ce37cd8a3c9.consensus.20160830.somatic.snv_mnv.vcf.gz	/n/data1/hms/dbmi/park/DATA/ICGC/PCAWG_Final_Datasets_DCC/consensus_cnv/segmented_cn/9fb73d89-f7c4-47b2-810b-3ce37cd8a3c9.consensus.20170119.somatic.cna.txt
9fba5db6-c622-11e3-bf01-24c6515278c0	/n/data1/hms/dbmi/park/DATA/ICGC/PCAWG_Final_Datasets_DCC/consensus_snv_indel/merged_snv_mnv/9fba5db6-c622-11e3-bf01-24c6515278c0.consensus.20160830.somatic.snv_mnv.vcf.gz	/n/data1/hms/dbmi/park/DATA/ICGC/PCAWG_Final_Datasets_DCC/consensus_cnv/segmented_cn/9fba5db6-c622-11e3-bf01-24c6515278c0.consensus.20170119.somatic.cna.txt
9fc0e0e8-1b0f-400c-b4cf-126193283695	/n/data1/hms/dbmi/park/DATA/ICGC/PCAWG_Final_Datasets_DCC/consensus_snv_indel/merged_snv_mnv/9fc0e0e8-1b0f-400c-b4cf-126193283695.consensus.20160830.somatic.snv_mnv.vcf.gz	/n/data1/hms/dbmi/park/DATA/ICGC/PCAWG_Final_Datasets_DCC/consensus_cnv/segmented_cn/9fc0e0e8-1b0f-400c-b4cf-126193283695.consensus.20170119.somatic.cna.txt
9fc5b5c7-3973-42b4-8710-454de0cb5b50	/n/data1/hms/dbmi/park/DATA/ICGC/PCAWG_Final_Datasets_DCC/consensus_snv_indel/merged_snv_mnv/9fc5b5c7-3973-42b4-8710-454de0cb5b50.consensus.20160830.somatic.snv_mnv.vcf.gz	/n/data1/hms/dbmi/park/DATA/ICGC/PCAWG_Final_Datasets_DCC/consensus_cnv/segmented_cn/9fc5b5c7-3973-42b4-8710-454de0cb5b50.consensus.20170119.somatic.cna.txt
9ff21093-58d7-4b69-aade-c242a383ea56	/n/data1/hms/dbmi/park/DATA/ICGC/PCAWG_Final_Datasets_DCC/consensus_snv_indel/merged_snv_mnv/9ff21093-58d7-4b69-aade-c242a383ea56.consensus.20160830.somatic.snv_mnv.vcf.gz	/n/data1/hms/dbmi/park/DATA/ICGC/PCAWG_Final_Datasets_DCC/consensus_cnv/segmented_cn/9ff21093-58d7-4b69-aade-c242a383ea56.consensus.20170119.somatic.cna.txt
9ffcb7fa-424c-4f93-87a7-ce5e9053c613	/n/data1/hms/dbmi/park/DATA/ICGC/PCAWG_Final_Datasets_DCC/consensus_snv_indel/merged_snv_mnv/9ffcb7fa-424c-4f93-87a7-ce5e9053c613.consensus.20160830.somatic.snv_mnv.vcf.gz	/n/data1/hms/dbmi/park/DATA/ICGC/PCAWG_Final_Datasets_DCC/consensus_cnv/segmented_cn/9ffcb7fa-424c-4f93-87a7-ce5e9053c613.consensus.20170119.somatic.cna.txt
9ffe694e-b488-489e-bdbe-0800e505eec4	/n/data1/hms/dbmi/park/DATA/ICGC/PCAWG_Final_Datasets_DCC/consensus_snv_indel/merged_snv_mnv/9ffe694e-b488-489e-bdbe-0800e505eec4.consensus.20160830.somatic.snv_mnv.vcf.gz	/n/data1/hms/dbmi/park/DATA/ICGC/PCAWG_Final_Datasets_DCC/consensus_cnv/segmented_cn/9ffe694e-b488-489e-bdbe-0800e505eec4.consensus.20170119.somatic.cna.txt
a0583407-712d-46f3-8c4e-4eeaa0149087	/n/data1/hms/dbmi/park/DATA/ICGC/PCAWG_Final_Datasets_DCC/consensus_snv_indel/merged_snv_mnv/a0583407-712d-46f3-8c4e-4eeaa0149087.consensus.20160830.somatic.snv_mnv.vcf.gz	/n/data1/hms/dbmi/park/DATA/ICGC/PCAWG_Final_Datasets_DCC/consensus_cnv/segmented_cn/a0583407-712d-46f3-8c4e-4eeaa0149087.consensus.20170119.somatic.cna.txt
a08c196e-4f96-4b16-94b4-aa6a0153ac50	/n/data1/hms/dbmi/park/DATA/ICGC/PCAWG_Final_Datasets_DCC/consensus_snv_indel/merged_snv_mnv/a08c196e-4f96-4b16-94b4-aa6a0153ac50.consensus.20160830.somatic.snv_mnv.vcf.gz	/n/data1/hms/dbmi/park/DATA/ICGC/PCAWG_Final_Datasets_DCC/consensus_cnv/segmented_cn/a08c196e-4f96-4b16-94b4-aa6a0153ac50.consensus.20170119.somatic.cna.txt
a08ec059-7592-4698-bb45-25a9c3680c23	/n/data1/hms/dbmi/park/DATA/ICGC/PCAWG_Final_Datasets_DCC/consensus_snv_indel/merged_snv_mnv/a08ec059-7592-4698-bb45-25a9c3680c23.consensus.20160830.somatic.snv_mnv.vcf.gz	/n/data1/hms/dbmi/park/DATA/ICGC/PCAWG_Final_Datasets_DCC/consensus_cnv/segmented_cn/a08ec059-7592-4698-bb45-25a9c3680c23.consensus.20170119.somatic.cna.txt
a0bbb3b1-e774-4c75-9301-ba43fb803f20	/n/data1/hms/dbmi/park/DATA/ICGC/PCAWG_Final_Datasets_DCC/consensus_snv_indel/merged_snv_mnv/a0bbb3b1-e774-4c75-9301-ba43fb803f20.consensus.20160830.somatic.snv_mnv.vcf.gz	/n/data1/hms/dbmi/park/DATA/ICGC/PCAWG_Final_Datasets_DCC/consensus_cnv/segmented_cn/a0bbb3b1-e774-4c75-9301-ba43fb803f20.consensus.20170119.somatic.cna.txt
a0e317b1-3f3b-4d25-b2d9-fcc2211dfda3	/n/data1/hms/dbmi/park/DATA/ICGC/PCAWG_Final_Datasets_DCC/consensus_snv_indel/merged_snv_mnv/a0e317b1-3f3b-4d25-b2d9-fcc2211dfda3.consensus.20160830.somatic.snv_mnv.vcf.gz	/n/data1/hms/dbmi/park/DATA/ICGC/PCAWG_Final_Datasets_DCC/consensus_cnv/segmented_cn/a0e317b1-3f3b-4d25-b2d9-fcc2211dfda3.consensus.20170119.somatic.cna.txt
a0eb2611-1ca6-44b7-897e-ce18399eb7bc	/n/data1/hms/dbmi/park/DATA/ICGC/PCAWG_Final_Datasets_DCC/consensus_snv_indel/merged_snv_mnv/a0eb2611-1ca6-44b7-897e-ce18399eb7bc.consensus.20160830.somatic.snv_mnv.vcf.gz	/n/data1/hms/dbmi/park/DATA/ICGC/PCAWG_Final_Datasets_DCC/consensus_cnv/segmented_cn/a0eb2611-1ca6-44b7-897e-ce18399eb7bc.consensus.20170119.somatic.cna.txt
a0f94565-9169-49ee-8e6a-21bdc43d9de6	/n/data1/hms/dbmi/park/DATA/ICGC/PCAWG_Final_Datasets_DCC/consensus_snv_indel/merged_snv_mnv/a0f94565-9169-49ee-8e6a-21bdc43d9de6.consensus.20160830.somatic.snv_mnv.vcf.gz	/n/data1/hms/dbmi/park/DATA/ICGC/PCAWG_Final_Datasets_DCC/consensus_cnv/segmented_cn/a0f94565-9169-49ee-8e6a-21bdc43d9de6.consensus.20170119.somatic.cna.txt
a0fe80e0-e3ac-485b-8a1a-4c80c101b874	/n/data1/hms/dbmi/park/DATA/ICGC/PCAWG_Final_Datasets_DCC/consensus_snv_indel/merged_snv_mnv/a0fe80e0-e3ac-485b-8a1a-4c80c101b874.consensus.20160830.somatic.snv_mnv.vcf.gz	/n/data1/hms/dbmi/park/DATA/ICGC/PCAWG_Final_Datasets_DCC/consensus_cnv/segmented_cn/a0fe80e0-e3ac-485b-8a1a-4c80c101b874.consensus.20170119.somatic.cna.txt
a13ee768-1423-4fcc-b663-caaf6694acb3	/n/data1/hms/dbmi/park/DATA/ICGC/PCAWG_Final_Datasets_DCC/consensus_snv_indel/merged_snv_mnv/a13ee768-1423-4fcc-b663-caaf6694acb3.consensus.20160830.somatic.snv_mnv.vcf.gz	/n/data1/hms/dbmi/park/DATA/ICGC/PCAWG_Final_Datasets_DCC/consensus_cnv/segmented_cn/a13ee768-1423-4fcc-b663-caaf6694acb3.consensus.20170119.somatic.cna.txt
a1724132-f95c-4622-8987-fe3183b9dce3	/n/data1/hms/dbmi/park/DATA/ICGC/PCAWG_Final_Datasets_DCC/consensus_snv_indel/merged_snv_mnv/a1724132-f95c-4622-8987-fe3183b9dce3.consensus.20160830.somatic.snv_mnv.vcf.gz	/n/data1/hms/dbmi/park/DATA/ICGC/PCAWG_Final_Datasets_DCC/consensus_cnv/segmented_cn/a1724132-f95c-4622-8987-fe3183b9dce3.consensus.20170119.somatic.cna.txt
a1a75f66-c622-11e3-bf01-24c6515278c0	/n/data1/hms/dbmi/park/DATA/ICGC/PCAWG_Final_Datasets_DCC/consensus_snv_indel/merged_snv_mnv/a1a75f66-c622-11e3-bf01-24c6515278c0.consensus.20160830.somatic.snv_mnv.vcf.gz	/n/data1/hms/dbmi/park/DATA/ICGC/PCAWG_Final_Datasets_DCC/consensus_cnv/segmented_cn/a1a75f66-c622-11e3-bf01-24c6515278c0.consensus.20170119.somatic.cna.txt
a1af7c42-47af-435c-bb51-b932a3cd7b91	/n/data1/hms/dbmi/park/DATA/ICGC/PCAWG_Final_Datasets_DCC/consensus_snv_indel/merged_snv_mnv/a1af7c42-47af-435c-bb51-b932a3cd7b91.consensus.20160830.somatic.snv_mnv.vcf.gz	/n/data1/hms/dbmi/park/DATA/ICGC/PCAWG_Final_Datasets_DCC/consensus_cnv/segmented_cn/a1af7c42-47af-435c-bb51-b932a3cd7b91.consensus.20170119.somatic.cna.txt
a1e3dc5b-b81f-4890-870c-ed3b8ac36dec	/n/data1/hms/dbmi/park/DATA/ICGC/PCAWG_Final_Datasets_DCC/consensus_snv_indel/merged_snv_mnv/a1e3dc5b-b81f-4890-870c-ed3b8ac36dec.consensus.20160830.somatic.snv_mnv.vcf.gz	/n/data1/hms/dbmi/park/DATA/ICGC/PCAWG_Final_Datasets_DCC/consensus_cnv/segmented_cn/a1e3dc5b-b81f-4890-870c-ed3b8ac36dec.consensus.20170119.somatic.cna.txt
a1fc7064-abf5-477d-983e-576a784e1d40	/n/data1/hms/dbmi/park/DATA/ICGC/PCAWG_Final_Datasets_DCC/consensus_snv_indel/merged_snv_mnv/a1fc7064-abf5-477d-983e-576a784e1d40.consensus.20160830.somatic.snv_mnv.vcf.gz	/n/data1/hms/dbmi/park/DATA/ICGC/PCAWG_Final_Datasets_DCC/consensus_cnv/segmented_cn/a1fc7064-abf5-477d-983e-576a784e1d40.consensus.20170119.somatic.cna.txt
a2034620-e4b5-4d4f-ac05-7fc1c098eb40	/n/data1/hms/dbmi/park/DATA/ICGC/PCAWG_Final_Datasets_DCC/consensus_snv_indel/merged_snv_mnv/a2034620-e4b5-4d4f-ac05-7fc1c098eb40.consensus.20160830.somatic.snv_mnv.vcf.gz	/n/data1/hms/dbmi/park/DATA/ICGC/PCAWG_Final_Datasets_DCC/consensus_cnv/segmented_cn/a2034620-e4b5-4d4f-ac05-7fc1c098eb40.consensus.20170119.somatic.cna.txt
a2238b5f-0513-487a-9b1b-7bef85ebf336	/n/data1/hms/dbmi/park/DATA/ICGC/PCAWG_Final_Datasets_DCC/consensus_snv_indel/merged_snv_mnv/a2238b5f-0513-487a-9b1b-7bef85ebf336.consensus.20160830.somatic.snv_mnv.vcf.gz	/n/data1/hms/dbmi/park/DATA/ICGC/PCAWG_Final_Datasets_DCC/consensus_cnv/segmented_cn/a2238b5f-0513-487a-9b1b-7bef85ebf336.consensus.20170119.somatic.cna.txt
a284fe9d-9afd-4472-8d70-243ca9be5c2c	/n/data1/hms/dbmi/park/DATA/ICGC/PCAWG_Final_Datasets_DCC/consensus_snv_indel/merged_snv_mnv/a284fe9d-9afd-4472-8d70-243ca9be5c2c.consensus.20160830.somatic.snv_mnv.vcf.gz	/n/data1/hms/dbmi/park/DATA/ICGC/PCAWG_Final_Datasets_DCC/consensus_cnv/segmented_cn/a284fe9d-9afd-4472-8d70-243ca9be5c2c.consensus.20170119.somatic.cna.txt
a29278af-7ecf-403e-b6a9-623ea7879d05	/n/data1/hms/dbmi/park/DATA/ICGC/PCAWG_Final_Datasets_DCC/consensus_snv_indel/merged_snv_mnv/a29278af-7ecf-403e-b6a9-623ea7879d05.consensus.20160830.somatic.snv_mnv.vcf.gz	/n/data1/hms/dbmi/park/DATA/ICGC/PCAWG_Final_Datasets_DCC/consensus_cnv/segmented_cn/a29278af-7ecf-403e-b6a9-623ea7879d05.consensus.20170119.somatic.cna.txt
a2a4021e-1273-4c18-907c-d20454ab898c	/n/data1/hms/dbmi/park/DATA/ICGC/PCAWG_Final_Datasets_DCC/consensus_snv_indel/merged_snv_mnv/a2a4021e-1273-4c18-907c-d20454ab898c.consensus.20160830.somatic.snv_mnv.vcf.gz	/n/data1/hms/dbmi/park/DATA/ICGC/PCAWG_Final_Datasets_DCC/consensus_cnv/segmented_cn/a2a4021e-1273-4c18-907c-d20454ab898c.consensus.20170119.somatic.cna.txt
a2a67c8a-c622-11e3-bf01-24c6515278c0	/n/data1/hms/dbmi/park/DATA/ICGC/PCAWG_Final_Datasets_DCC/consensus_snv_indel/merged_snv_mnv/a2a67c8a-c622-11e3-bf01-24c6515278c0.consensus.20160830.somatic.snv_mnv.vcf.gz	/n/data1/hms/dbmi/park/DATA/ICGC/PCAWG_Final_Datasets_DCC/consensus_cnv/segmented_cn/a2a67c8a-c622-11e3-bf01-24c6515278c0.consensus.20170119.somatic.cna.txt
a2e67393-50d7-4bcc-9bbd-c695086a936a	/n/data1/hms/dbmi/park/DATA/ICGC/PCAWG_Final_Datasets_DCC/consensus_snv_indel/merged_snv_mnv/a2e67393-50d7-4bcc-9bbd-c695086a936a.consensus.20160830.somatic.snv_mnv.vcf.gz	/n/data1/hms/dbmi/park/DATA/ICGC/PCAWG_Final_Datasets_DCC/consensus_cnv/segmented_cn/a2e67393-50d7-4bcc-9bbd-c695086a936a.consensus.20170119.somatic.cna.txt
a2ee5dde-4342-4e78-88c5-3c9a8e10cbf5	/n/data1/hms/dbmi/park/DATA/ICGC/PCAWG_Final_Datasets_DCC/consensus_snv_indel/merged_snv_mnv/a2ee5dde-4342-4e78-88c5-3c9a8e10cbf5.consensus.20160830.somatic.snv_mnv.vcf.gz	/n/data1/hms/dbmi/park/DATA/ICGC/PCAWG_Final_Datasets_DCC/consensus_cnv/segmented_cn/a2ee5dde-4342-4e78-88c5-3c9a8e10cbf5.consensus.20170119.somatic.cna.txt
a2f02ff7-8433-4cb5-9324-34f13edeaca1	/n/data1/hms/dbmi/park/DATA/ICGC/PCAWG_Final_Datasets_DCC/consensus_snv_indel/merged_snv_mnv/a2f02ff7-8433-4cb5-9324-34f13edeaca1.consensus.20160830.somatic.snv_mnv.vcf.gz	/n/data1/hms/dbmi/park/DATA/ICGC/PCAWG_Final_Datasets_DCC/consensus_cnv/segmented_cn/a2f02ff7-8433-4cb5-9324-34f13edeaca1.consensus.20170119.somatic.cna.txt
a2f143d6-ba07-4ff0-960d-b29c3c716665	/n/data1/hms/dbmi/park/DATA/ICGC/PCAWG_Final_Datasets_DCC/consensus_snv_indel/merged_snv_mnv/a2f143d6-ba07-4ff0-960d-b29c3c716665.consensus.20160830.somatic.snv_mnv.vcf.gz	/n/data1/hms/dbmi/park/DATA/ICGC/PCAWG_Final_Datasets_DCC/consensus_cnv/segmented_cn/a2f143d6-ba07-4ff0-960d-b29c3c716665.consensus.20170119.somatic.cna.txt
a3135834-3af0-4e98-bc6f-ad8ddf33db80	/n/data1/hms/dbmi/park/DATA/ICGC/PCAWG_Final_Datasets_DCC/consensus_snv_indel/merged_snv_mnv/a3135834-3af0-4e98-bc6f-ad8ddf33db80.consensus.20160830.somatic.snv_mnv.vcf.gz	/n/data1/hms/dbmi/park/DATA/ICGC/PCAWG_Final_Datasets_DCC/consensus_cnv/segmented_cn/a3135834-3af0-4e98-bc6f-ad8ddf33db80.consensus.20170119.somatic.cna.txt
a315b798-f037-48d5-91ed-e733e3bbd6ee	/n/data1/hms/dbmi/park/DATA/ICGC/PCAWG_Final_Datasets_DCC/consensus_snv_indel/merged_snv_mnv/a315b798-f037-48d5-91ed-e733e3bbd6ee.consensus.20160830.somatic.snv_mnv.vcf.gz	/n/data1/hms/dbmi/park/DATA/ICGC/PCAWG_Final_Datasets_DCC/consensus_cnv/segmented_cn/a315b798-f037-48d5-91ed-e733e3bbd6ee.consensus.20170119.somatic.cna.txt
a319188c-6b80-4228-8f2b-8f423c0fcf97	/n/data1/hms/dbmi/park/DATA/ICGC/PCAWG_Final_Datasets_DCC/consensus_snv_indel/merged_snv_mnv/a319188c-6b80-4228-8f2b-8f423c0fcf97.consensus.20160830.somatic.snv_mnv.vcf.gz	/n/data1/hms/dbmi/park/DATA/ICGC/PCAWG_Final_Datasets_DCC/consensus_cnv/segmented_cn/a319188c-6b80-4228-8f2b-8f423c0fcf97.consensus.20170119.somatic.cna.txt
a31b6123-c1b7-4cd0-86d8-b2e640cce9da	/n/data1/hms/dbmi/park/DATA/ICGC/PCAWG_Final_Datasets_DCC/consensus_snv_indel/merged_snv_mnv/a31b6123-c1b7-4cd0-86d8-b2e640cce9da.consensus.20160830.somatic.snv_mnv.vcf.gz	/n/data1/hms/dbmi/park/DATA/ICGC/PCAWG_Final_Datasets_DCC/consensus_cnv/segmented_cn/a31b6123-c1b7-4cd0-86d8-b2e640cce9da.consensus.20170119.somatic.cna.txt
a3210fd0-344c-468e-8ff2-2d0869a2fb75	/n/data1/hms/dbmi/park/DATA/ICGC/PCAWG_Final_Datasets_DCC/consensus_snv_indel/merged_snv_mnv/a3210fd0-344c-468e-8ff2-2d0869a2fb75.consensus.20160830.somatic.snv_mnv.vcf.gz	/n/data1/hms/dbmi/park/DATA/ICGC/PCAWG_Final_Datasets_DCC/consensus_cnv/segmented_cn/a3210fd0-344c-468e-8ff2-2d0869a2fb75.consensus.20170119.somatic.cna.txt
a330a96e-9897-4605-b5f1-5b5ef45cd365	/n/data1/hms/dbmi/park/DATA/ICGC/PCAWG_Final_Datasets_DCC/consensus_snv_indel/merged_snv_mnv/a330a96e-9897-4605-b5f1-5b5ef45cd365.consensus.20160830.somatic.snv_mnv.vcf.gz	/n/data1/hms/dbmi/park/DATA/ICGC/PCAWG_Final_Datasets_DCC/consensus_cnv/segmented_cn/a330a96e-9897-4605-b5f1-5b5ef45cd365.consensus.20170119.somatic.cna.txt
a335b03d-41ac-4d41-a2a9-3134b5b0a0a7	/n/data1/hms/dbmi/park/DATA/ICGC/PCAWG_Final_Datasets_DCC/consensus_snv_indel/merged_snv_mnv/a335b03d-41ac-4d41-a2a9-3134b5b0a0a7.consensus.20160830.somatic.snv_mnv.vcf.gz	/n/data1/hms/dbmi/park/DATA/ICGC/PCAWG_Final_Datasets_DCC/consensus_cnv/segmented_cn/a335b03d-41ac-4d41-a2a9-3134b5b0a0a7.consensus.20170119.somatic.cna.txt
a37a825c-d74e-46cc-92ef-b65016857b4a	/n/data1/hms/dbmi/park/DATA/ICGC/PCAWG_Final_Datasets_DCC/consensus_snv_indel/merged_snv_mnv/a37a825c-d74e-46cc-92ef-b65016857b4a.consensus.20160830.somatic.snv_mnv.vcf.gz	/n/data1/hms/dbmi/park/DATA/ICGC/PCAWG_Final_Datasets_DCC/consensus_cnv/segmented_cn/a37a825c-d74e-46cc-92ef-b65016857b4a.consensus.20170119.somatic.cna.txt
a3914a6c-c622-11e3-bf01-24c6515278c0	/n/data1/hms/dbmi/park/DATA/ICGC/PCAWG_Final_Datasets_DCC/consensus_snv_indel/merged_snv_mnv/a3914a6c-c622-11e3-bf01-24c6515278c0.consensus.20160830.somatic.snv_mnv.vcf.gz	/n/data1/hms/dbmi/park/DATA/ICGC/PCAWG_Final_Datasets_DCC/consensus_cnv/segmented_cn/a3914a6c-c622-11e3-bf01-24c6515278c0.consensus.20170119.somatic.cna.txt
a3deafcb-b54f-4b7e-89ac-c92c16fb919f	/n/data1/hms/dbmi/park/DATA/ICGC/PCAWG_Final_Datasets_DCC/consensus_snv_indel/merged_snv_mnv/a3deafcb-b54f-4b7e-89ac-c92c16fb919f.consensus.20160830.somatic.snv_mnv.vcf.gz	/n/data1/hms/dbmi/park/DATA/ICGC/PCAWG_Final_Datasets_DCC/consensus_cnv/segmented_cn/a3deafcb-b54f-4b7e-89ac-c92c16fb919f.consensus.20170119.somatic.cna.txt
a3edc9cc-f54a-4459-a5d0-097879c811e5	/n/data1/hms/dbmi/park/DATA/ICGC/PCAWG_Final_Datasets_DCC/consensus_snv_indel/merged_snv_mnv/a3edc9cc-f54a-4459-a5d0-097879c811e5.consensus.20160830.somatic.snv_mnv.vcf.gz	/n/data1/hms/dbmi/park/DATA/ICGC/PCAWG_Final_Datasets_DCC/consensus_cnv/segmented_cn/a3edc9cc-f54a-4459-a5d0-097879c811e5.consensus.20170119.somatic.cna.txt
a441697c-4ca0-4eab-9b01-b9cb50223ce2	/n/data1/hms/dbmi/park/DATA/ICGC/PCAWG_Final_Datasets_DCC/consensus_snv_indel/merged_snv_mnv/a441697c-4ca0-4eab-9b01-b9cb50223ce2.consensus.20160830.somatic.snv_mnv.vcf.gz	/n/data1/hms/dbmi/park/DATA/ICGC/PCAWG_Final_Datasets_DCC/consensus_cnv/segmented_cn/a441697c-4ca0-4eab-9b01-b9cb50223ce2.consensus.20170119.somatic.cna.txt
a46f1e20-9e97-4dcc-a5ed-532aad9f3236	/n/data1/hms/dbmi/park/DATA/ICGC/PCAWG_Final_Datasets_DCC/consensus_snv_indel/merged_snv_mnv/a46f1e20-9e97-4dcc-a5ed-532aad9f3236.consensus.20160830.somatic.snv_mnv.vcf.gz	/n/data1/hms/dbmi/park/DATA/ICGC/PCAWG_Final_Datasets_DCC/consensus_cnv/segmented_cn/a46f1e20-9e97-4dcc-a5ed-532aad9f3236.consensus.20170119.somatic.cna.txt
a47c2012-c13d-48ac-88b6-e09bfd50122b	/n/data1/hms/dbmi/park/DATA/ICGC/PCAWG_Final_Datasets_DCC/consensus_snv_indel/merged_snv_mnv/a47c2012-c13d-48ac-88b6-e09bfd50122b.consensus.20160830.somatic.snv_mnv.vcf.gz	/n/data1/hms/dbmi/park/DATA/ICGC/PCAWG_Final_Datasets_DCC/consensus_cnv/segmented_cn/a47c2012-c13d-48ac-88b6-e09bfd50122b.consensus.20170119.somatic.cna.txt
a492a32b-bf2f-4f8c-b06e-794a4baa2fe7	/n/data1/hms/dbmi/park/DATA/ICGC/PCAWG_Final_Datasets_DCC/consensus_snv_indel/merged_snv_mnv/a492a32b-bf2f-4f8c-b06e-794a4baa2fe7.consensus.20160830.somatic.snv_mnv.vcf.gz	/n/data1/hms/dbmi/park/DATA/ICGC/PCAWG_Final_Datasets_DCC/consensus_cnv/segmented_cn/a492a32b-bf2f-4f8c-b06e-794a4baa2fe7.consensus.20170119.somatic.cna.txt
a4beedc3-0e96-4e1c-90b4-3674dfc01786	/n/data1/hms/dbmi/park/DATA/ICGC/PCAWG_Final_Datasets_DCC/consensus_snv_indel/merged_snv_mnv/a4beedc3-0e96-4e1c-90b4-3674dfc01786.consensus.20160830.somatic.snv_mnv.vcf.gz	/n/data1/hms/dbmi/park/DATA/ICGC/PCAWG_Final_Datasets_DCC/consensus_cnv/segmented_cn/a4beedc3-0e96-4e1c-90b4-3674dfc01786.consensus.20170119.somatic.cna.txt
a4c838df-6ac4-455a-8096-8ec680064374	/n/data1/hms/dbmi/park/DATA/ICGC/PCAWG_Final_Datasets_DCC/consensus_snv_indel/merged_snv_mnv/a4c838df-6ac4-455a-8096-8ec680064374.consensus.20160830.somatic.snv_mnv.vcf.gz	/n/data1/hms/dbmi/park/DATA/ICGC/PCAWG_Final_Datasets_DCC/consensus_cnv/segmented_cn/a4c838df-6ac4-455a-8096-8ec680064374.consensus.20170119.somatic.cna.txt
a4ca18dc-c622-11e3-bf01-24c6515278c0	/n/data1/hms/dbmi/park/DATA/ICGC/PCAWG_Final_Datasets_DCC/consensus_snv_indel/merged_snv_mnv/a4ca18dc-c622-11e3-bf01-24c6515278c0.consensus.20160830.somatic.snv_mnv.vcf.gz	/n/data1/hms/dbmi/park/DATA/ICGC/PCAWG_Final_Datasets_DCC/consensus_cnv/segmented_cn/a4ca18dc-c622-11e3-bf01-24c6515278c0.consensus.20170119.somatic.cna.txt
a4f8305f-4409-4776-b34d-4878d18c8693	/n/data1/hms/dbmi/park/DATA/ICGC/PCAWG_Final_Datasets_DCC/consensus_snv_indel/merged_snv_mnv/a4f8305f-4409-4776-b34d-4878d18c8693.consensus.20160830.somatic.snv_mnv.vcf.gz	/n/data1/hms/dbmi/park/DATA/ICGC/PCAWG_Final_Datasets_DCC/consensus_cnv/segmented_cn/a4f8305f-4409-4776-b34d-4878d18c8693.consensus.20170119.somatic.cna.txt
a5346247-3f30-470a-b4ab-732180786291	/n/data1/hms/dbmi/park/DATA/ICGC/PCAWG_Final_Datasets_DCC/consensus_snv_indel/merged_snv_mnv/a5346247-3f30-470a-b4ab-732180786291.consensus.20160830.somatic.snv_mnv.vcf.gz	/n/data1/hms/dbmi/park/DATA/ICGC/PCAWG_Final_Datasets_DCC/consensus_cnv/segmented_cn/a5346247-3f30-470a-b4ab-732180786291.consensus.20170119.somatic.cna.txt
a54aac0e-4108-49cf-bf50-687031c7cda6	/n/data1/hms/dbmi/park/DATA/ICGC/PCAWG_Final_Datasets_DCC/consensus_snv_indel/merged_snv_mnv/a54aac0e-4108-49cf-bf50-687031c7cda6.consensus.20160830.somatic.snv_mnv.vcf.gz	/n/data1/hms/dbmi/park/DATA/ICGC/PCAWG_Final_Datasets_DCC/consensus_cnv/segmented_cn/a54aac0e-4108-49cf-bf50-687031c7cda6.consensus.20170119.somatic.cna.txt
a56cd282-f6c5-4373-b3d8-676562894598	/n/data1/hms/dbmi/park/DATA/ICGC/PCAWG_Final_Datasets_DCC/consensus_snv_indel/merged_snv_mnv/a56cd282-f6c5-4373-b3d8-676562894598.consensus.20160830.somatic.snv_mnv.vcf.gz	/n/data1/hms/dbmi/park/DATA/ICGC/PCAWG_Final_Datasets_DCC/consensus_cnv/segmented_cn/a56cd282-f6c5-4373-b3d8-676562894598.consensus.20170119.somatic.cna.txt
a592e80a-3b1a-46aa-be30-bcd87d6bca6f	/n/data1/hms/dbmi/park/DATA/ICGC/PCAWG_Final_Datasets_DCC/consensus_snv_indel/merged_snv_mnv/a592e80a-3b1a-46aa-be30-bcd87d6bca6f.consensus.20160830.somatic.snv_mnv.vcf.gz	/n/data1/hms/dbmi/park/DATA/ICGC/PCAWG_Final_Datasets_DCC/consensus_cnv/segmented_cn/a592e80a-3b1a-46aa-be30-bcd87d6bca6f.consensus.20170119.somatic.cna.txt
a5d5c238-0447-47fa-9a81-3b823cbdcea6	/n/data1/hms/dbmi/park/DATA/ICGC/PCAWG_Final_Datasets_DCC/consensus_snv_indel/merged_snv_mnv/a5d5c238-0447-47fa-9a81-3b823cbdcea6.consensus.20160830.somatic.snv_mnv.vcf.gz	/n/data1/hms/dbmi/park/DATA/ICGC/PCAWG_Final_Datasets_DCC/consensus_cnv/segmented_cn/a5d5c238-0447-47fa-9a81-3b823cbdcea6.consensus.20170119.somatic.cna.txt
a6045753-60bb-4e65-bc89-1ef0b47aab35	/n/data1/hms/dbmi/park/DATA/ICGC/PCAWG_Final_Datasets_DCC/consensus_snv_indel/merged_snv_mnv/a6045753-60bb-4e65-bc89-1ef0b47aab35.consensus.20160830.somatic.snv_mnv.vcf.gz	/n/data1/hms/dbmi/park/DATA/ICGC/PCAWG_Final_Datasets_DCC/consensus_cnv/segmented_cn/a6045753-60bb-4e65-bc89-1ef0b47aab35.consensus.20170119.somatic.cna.txt
a612b654-c622-11e3-bf01-24c6515278c0	/n/data1/hms/dbmi/park/DATA/ICGC/PCAWG_Final_Datasets_DCC/consensus_snv_indel/merged_snv_mnv/a612b654-c622-11e3-bf01-24c6515278c0.consensus.20160830.somatic.snv_mnv.vcf.gz	/n/data1/hms/dbmi/park/DATA/ICGC/PCAWG_Final_Datasets_DCC/consensus_cnv/segmented_cn/a612b654-c622-11e3-bf01-24c6515278c0.consensus.20170119.somatic.cna.txt
a64000df-16e5-4b88-865f-5c680adf60eb	/n/data1/hms/dbmi/park/DATA/ICGC/PCAWG_Final_Datasets_DCC/consensus_snv_indel/merged_snv_mnv/a64000df-16e5-4b88-865f-5c680adf60eb.consensus.20160830.somatic.snv_mnv.vcf.gz	/n/data1/hms/dbmi/park/DATA/ICGC/PCAWG_Final_Datasets_DCC/consensus_cnv/segmented_cn/a64000df-16e5-4b88-865f-5c680adf60eb.consensus.20170119.somatic.cna.txt
a65bcd07-c47d-4bda-a2bf-21f68cef2f3b	/n/data1/hms/dbmi/park/DATA/ICGC/PCAWG_Final_Datasets_DCC/consensus_snv_indel/merged_snv_mnv/a65bcd07-c47d-4bda-a2bf-21f68cef2f3b.consensus.20160830.somatic.snv_mnv.vcf.gz	/n/data1/hms/dbmi/park/DATA/ICGC/PCAWG_Final_Datasets_DCC/consensus_cnv/segmented_cn/a65bcd07-c47d-4bda-a2bf-21f68cef2f3b.consensus.20170119.somatic.cna.txt
a67f4531-99ef-43df-82f5-f6abc4b11826	/n/data1/hms/dbmi/park/DATA/ICGC/PCAWG_Final_Datasets_DCC/consensus_snv_indel/merged_snv_mnv/a67f4531-99ef-43df-82f5-f6abc4b11826.consensus.20160830.somatic.snv_mnv.vcf.gz	/n/data1/hms/dbmi/park/DATA/ICGC/PCAWG_Final_Datasets_DCC/consensus_cnv/segmented_cn/a67f4531-99ef-43df-82f5-f6abc4b11826.consensus.20170119.somatic.cna.txt
a68389d4-431f-4582-b4df-e8ad200aa3be	/n/data1/hms/dbmi/park/DATA/ICGC/PCAWG_Final_Datasets_DCC/consensus_snv_indel/merged_snv_mnv/a68389d4-431f-4582-b4df-e8ad200aa3be.consensus.20160830.somatic.snv_mnv.vcf.gz	/n/data1/hms/dbmi/park/DATA/ICGC/PCAWG_Final_Datasets_DCC/consensus_cnv/segmented_cn/a68389d4-431f-4582-b4df-e8ad200aa3be.consensus.20170119.somatic.cna.txt
a6957d15-453c-4f3b-ab8c-c38054dfe548	/n/data1/hms/dbmi/park/DATA/ICGC/PCAWG_Final_Datasets_DCC/consensus_snv_indel/merged_snv_mnv/a6957d15-453c-4f3b-ab8c-c38054dfe548.consensus.20160830.somatic.snv_mnv.vcf.gz	/n/data1/hms/dbmi/park/DATA/ICGC/PCAWG_Final_Datasets_DCC/consensus_cnv/segmented_cn/a6957d15-453c-4f3b-ab8c-c38054dfe548.consensus.20170119.somatic.cna.txt
a6c14ebc-81a2-44f7-af87-2b7ec85e5696	/n/data1/hms/dbmi/park/DATA/ICGC/PCAWG_Final_Datasets_DCC/consensus_snv_indel/merged_snv_mnv/a6c14ebc-81a2-44f7-af87-2b7ec85e5696.consensus.20160830.somatic.snv_mnv.vcf.gz	/n/data1/hms/dbmi/park/DATA/ICGC/PCAWG_Final_Datasets_DCC/consensus_cnv/segmented_cn/a6c14ebc-81a2-44f7-af87-2b7ec85e5696.consensus.20170119.somatic.cna.txt
a6d8467e-88e3-4ea5-8583-61c5ab9747ae	/n/data1/hms/dbmi/park/DATA/ICGC/PCAWG_Final_Datasets_DCC/consensus_snv_indel/merged_snv_mnv/a6d8467e-88e3-4ea5-8583-61c5ab9747ae.consensus.20160830.somatic.snv_mnv.vcf.gz	/n/data1/hms/dbmi/park/DATA/ICGC/PCAWG_Final_Datasets_DCC/consensus_cnv/segmented_cn/a6d8467e-88e3-4ea5-8583-61c5ab9747ae.consensus.20170119.somatic.cna.txt
a6e24c2a-26b9-409c-bbcd-a8fcdd1e437c	/n/data1/hms/dbmi/park/DATA/ICGC/PCAWG_Final_Datasets_DCC/consensus_snv_indel/merged_snv_mnv/a6e24c2a-26b9-409c-bbcd-a8fcdd1e437c.consensus.20160830.somatic.snv_mnv.vcf.gz	/n/data1/hms/dbmi/park/DATA/ICGC/PCAWG_Final_Datasets_DCC/consensus_cnv/segmented_cn/a6e24c2a-26b9-409c-bbcd-a8fcdd1e437c.consensus.20170119.somatic.cna.txt
a7314730-c622-11e3-bf01-24c6515278c0	/n/data1/hms/dbmi/park/DATA/ICGC/PCAWG_Final_Datasets_DCC/consensus_snv_indel/merged_snv_mnv/a7314730-c622-11e3-bf01-24c6515278c0.consensus.20160830.somatic.snv_mnv.vcf.gz	/n/data1/hms/dbmi/park/DATA/ICGC/PCAWG_Final_Datasets_DCC/consensus_cnv/segmented_cn/a7314730-c622-11e3-bf01-24c6515278c0.consensus.20170119.somatic.cna.txt
a742a46d-2594-4efe-a701-4a2737ffae81	/n/data1/hms/dbmi/park/DATA/ICGC/PCAWG_Final_Datasets_DCC/consensus_snv_indel/merged_snv_mnv/a742a46d-2594-4efe-a701-4a2737ffae81.consensus.20160830.somatic.snv_mnv.vcf.gz	/n/data1/hms/dbmi/park/DATA/ICGC/PCAWG_Final_Datasets_DCC/consensus_cnv/segmented_cn/a742a46d-2594-4efe-a701-4a2737ffae81.consensus.20170119.somatic.cna.txt
a762dd44-a8ac-4269-8163-bbf6d0f8d4b3	/n/data1/hms/dbmi/park/DATA/ICGC/PCAWG_Final_Datasets_DCC/consensus_snv_indel/merged_snv_mnv/a762dd44-a8ac-4269-8163-bbf6d0f8d4b3.consensus.20160830.somatic.snv_mnv.vcf.gz	/n/data1/hms/dbmi/park/DATA/ICGC/PCAWG_Final_Datasets_DCC/consensus_cnv/segmented_cn/a762dd44-a8ac-4269-8163-bbf6d0f8d4b3.consensus.20170119.somatic.cna.txt
a78544d7-65c6-4778-af62-ceec24c14056	/n/data1/hms/dbmi/park/DATA/ICGC/PCAWG_Final_Datasets_DCC/consensus_snv_indel/merged_snv_mnv/a78544d7-65c6-4778-af62-ceec24c14056.consensus.20160830.somatic.snv_mnv.vcf.gz	/n/data1/hms/dbmi/park/DATA/ICGC/PCAWG_Final_Datasets_DCC/consensus_cnv/segmented_cn/a78544d7-65c6-4778-af62-ceec24c14056.consensus.20170119.somatic.cna.txt
a7a56d67-1bd7-4d69-9237-34c2d261261b	/n/data1/hms/dbmi/park/DATA/ICGC/PCAWG_Final_Datasets_DCC/consensus_snv_indel/merged_snv_mnv/a7a56d67-1bd7-4d69-9237-34c2d261261b.consensus.20160830.somatic.snv_mnv.vcf.gz	/n/data1/hms/dbmi/park/DATA/ICGC/PCAWG_Final_Datasets_DCC/consensus_cnv/segmented_cn/a7a56d67-1bd7-4d69-9237-34c2d261261b.consensus.20170119.somatic.cna.txt
a7e1deb7-2e3d-4e36-90c7-9cae34cdcfb3	/n/data1/hms/dbmi/park/DATA/ICGC/PCAWG_Final_Datasets_DCC/consensus_snv_indel/merged_snv_mnv/a7e1deb7-2e3d-4e36-90c7-9cae34cdcfb3.consensus.20160830.somatic.snv_mnv.vcf.gz	/n/data1/hms/dbmi/park/DATA/ICGC/PCAWG_Final_Datasets_DCC/consensus_cnv/segmented_cn/a7e1deb7-2e3d-4e36-90c7-9cae34cdcfb3.consensus.20170119.somatic.cna.txt
a7fb0931-28df-46f4-bc0f-2011fc91f0e1	/n/data1/hms/dbmi/park/DATA/ICGC/PCAWG_Final_Datasets_DCC/consensus_snv_indel/merged_snv_mnv/a7fb0931-28df-46f4-bc0f-2011fc91f0e1.consensus.20160830.somatic.snv_mnv.vcf.gz	/n/data1/hms/dbmi/park/DATA/ICGC/PCAWG_Final_Datasets_DCC/consensus_cnv/segmented_cn/a7fb0931-28df-46f4-bc0f-2011fc91f0e1.consensus.20170119.somatic.cna.txt
a8041e86-071e-46cd-8fb5-7ecdc1ab0553	/n/data1/hms/dbmi/park/DATA/ICGC/PCAWG_Final_Datasets_DCC/consensus_snv_indel/merged_snv_mnv/a8041e86-071e-46cd-8fb5-7ecdc1ab0553.consensus.20160830.somatic.snv_mnv.vcf.gz	/n/data1/hms/dbmi/park/DATA/ICGC/PCAWG_Final_Datasets_DCC/consensus_cnv/segmented_cn/a8041e86-071e-46cd-8fb5-7ecdc1ab0553.consensus.20170119.somatic.cna.txt
a83e247a-8f65-4be4-9c6e-a72c4abffae8	/n/data1/hms/dbmi/park/DATA/ICGC/PCAWG_Final_Datasets_DCC/consensus_snv_indel/merged_snv_mnv/a83e247a-8f65-4be4-9c6e-a72c4abffae8.consensus.20160830.somatic.snv_mnv.vcf.gz	/n/data1/hms/dbmi/park/DATA/ICGC/PCAWG_Final_Datasets_DCC/consensus_cnv/segmented_cn/a83e247a-8f65-4be4-9c6e-a72c4abffae8.consensus.20170119.somatic.cna.txt
a846f5e8-c622-11e3-bf01-24c6515278c0	/n/data1/hms/dbmi/park/DATA/ICGC/PCAWG_Final_Datasets_DCC/consensus_snv_indel/merged_snv_mnv/a846f5e8-c622-11e3-bf01-24c6515278c0.consensus.20160830.somatic.snv_mnv.vcf.gz	/n/data1/hms/dbmi/park/DATA/ICGC/PCAWG_Final_Datasets_DCC/consensus_cnv/segmented_cn/a846f5e8-c622-11e3-bf01-24c6515278c0.consensus.20170119.somatic.cna.txt
a84915de-6562-4836-86f9-f2a05598296e	/n/data1/hms/dbmi/park/DATA/ICGC/PCAWG_Final_Datasets_DCC/consensus_snv_indel/merged_snv_mnv/a84915de-6562-4836-86f9-f2a05598296e.consensus.20160830.somatic.snv_mnv.vcf.gz	/n/data1/hms/dbmi/park/DATA/ICGC/PCAWG_Final_Datasets_DCC/consensus_cnv/segmented_cn/a84915de-6562-4836-86f9-f2a05598296e.consensus.20170119.somatic.cna.txt
a85cf239-ff51-46e7-9b88-4c2cb49c66b9	/n/data1/hms/dbmi/park/DATA/ICGC/PCAWG_Final_Datasets_DCC/consensus_snv_indel/merged_snv_mnv/a85cf239-ff51-46e7-9b88-4c2cb49c66b9.consensus.20160830.somatic.snv_mnv.vcf.gz	/n/data1/hms/dbmi/park/DATA/ICGC/PCAWG_Final_Datasets_DCC/consensus_cnv/segmented_cn/a85cf239-ff51-46e7-9b88-4c2cb49c66b9.consensus.20170119.somatic.cna.txt
a876398c-5b1d-444f-a360-5fe2db697480	/n/data1/hms/dbmi/park/DATA/ICGC/PCAWG_Final_Datasets_DCC/consensus_snv_indel/merged_snv_mnv/a876398c-5b1d-444f-a360-5fe2db697480.consensus.20160830.somatic.snv_mnv.vcf.gz	/n/data1/hms/dbmi/park/DATA/ICGC/PCAWG_Final_Datasets_DCC/consensus_cnv/segmented_cn/a876398c-5b1d-444f-a360-5fe2db697480.consensus.20170119.somatic.cna.txt
a89a2341-263d-4e7f-87fa-18d9692d6b2b	/n/data1/hms/dbmi/park/DATA/ICGC/PCAWG_Final_Datasets_DCC/consensus_snv_indel/merged_snv_mnv/a89a2341-263d-4e7f-87fa-18d9692d6b2b.consensus.20160830.somatic.snv_mnv.vcf.gz	/n/data1/hms/dbmi/park/DATA/ICGC/PCAWG_Final_Datasets_DCC/consensus_cnv/segmented_cn/a89a2341-263d-4e7f-87fa-18d9692d6b2b.consensus.20170119.somatic.cna.txt
a8f86b64-914c-4d89-897b-33bcdd1759f7	/n/data1/hms/dbmi/park/DATA/ICGC/PCAWG_Final_Datasets_DCC/consensus_snv_indel/merged_snv_mnv/a8f86b64-914c-4d89-897b-33bcdd1759f7.consensus.20160830.somatic.snv_mnv.vcf.gz	/n/data1/hms/dbmi/park/DATA/ICGC/PCAWG_Final_Datasets_DCC/consensus_cnv/segmented_cn/a8f86b64-914c-4d89-897b-33bcdd1759f7.consensus.20170119.somatic.cna.txt
a92023de-5c97-4bf2-aa3c-0e768d7c5ece	/n/data1/hms/dbmi/park/DATA/ICGC/PCAWG_Final_Datasets_DCC/consensus_snv_indel/merged_snv_mnv/a92023de-5c97-4bf2-aa3c-0e768d7c5ece.consensus.20160830.somatic.snv_mnv.vcf.gz	/n/data1/hms/dbmi/park/DATA/ICGC/PCAWG_Final_Datasets_DCC/consensus_cnv/segmented_cn/a92023de-5c97-4bf2-aa3c-0e768d7c5ece.consensus.20170119.somatic.cna.txt
a94d63fa-c622-11e3-bf01-24c6515278c0	/n/data1/hms/dbmi/park/DATA/ICGC/PCAWG_Final_Datasets_DCC/consensus_snv_indel/merged_snv_mnv/a94d63fa-c622-11e3-bf01-24c6515278c0.consensus.20160830.somatic.snv_mnv.vcf.gz	/n/data1/hms/dbmi/park/DATA/ICGC/PCAWG_Final_Datasets_DCC/consensus_cnv/segmented_cn/a94d63fa-c622-11e3-bf01-24c6515278c0.consensus.20170119.somatic.cna.txt
a96eddfc-3afb-4bf8-a440-c91778113fbd	/n/data1/hms/dbmi/park/DATA/ICGC/PCAWG_Final_Datasets_DCC/consensus_snv_indel/merged_snv_mnv/a96eddfc-3afb-4bf8-a440-c91778113fbd.consensus.20160830.somatic.snv_mnv.vcf.gz	/n/data1/hms/dbmi/park/DATA/ICGC/PCAWG_Final_Datasets_DCC/consensus_cnv/segmented_cn/a96eddfc-3afb-4bf8-a440-c91778113fbd.consensus.20170119.somatic.cna.txt
a971ac23-0664-405d-9f5c-9ca892af003e	/n/data1/hms/dbmi/park/DATA/ICGC/PCAWG_Final_Datasets_DCC/consensus_snv_indel/merged_snv_mnv/a971ac23-0664-405d-9f5c-9ca892af003e.consensus.20160830.somatic.snv_mnv.vcf.gz	/n/data1/hms/dbmi/park/DATA/ICGC/PCAWG_Final_Datasets_DCC/consensus_cnv/segmented_cn/a971ac23-0664-405d-9f5c-9ca892af003e.consensus.20170119.somatic.cna.txt
a9a240f3-d237-4bb8-b968-e4a3cc7c2633	/n/data1/hms/dbmi/park/DATA/ICGC/PCAWG_Final_Datasets_DCC/consensus_snv_indel/merged_snv_mnv/a9a240f3-d237-4bb8-b968-e4a3cc7c2633.consensus.20160830.somatic.snv_mnv.vcf.gz	/n/data1/hms/dbmi/park/DATA/ICGC/PCAWG_Final_Datasets_DCC/consensus_cnv/segmented_cn/a9a240f3-d237-4bb8-b968-e4a3cc7c2633.consensus.20170119.somatic.cna.txt
a9c29edd-2ef1-46ef-93c6-796cf0332a2b	/n/data1/hms/dbmi/park/DATA/ICGC/PCAWG_Final_Datasets_DCC/consensus_snv_indel/merged_snv_mnv/a9c29edd-2ef1-46ef-93c6-796cf0332a2b.consensus.20160830.somatic.snv_mnv.vcf.gz	/n/data1/hms/dbmi/park/DATA/ICGC/PCAWG_Final_Datasets_DCC/consensus_cnv/segmented_cn/a9c29edd-2ef1-46ef-93c6-796cf0332a2b.consensus.20170119.somatic.cna.txt
a9d055c6-6c53-4e85-8270-34883a1342a9	/n/data1/hms/dbmi/park/DATA/ICGC/PCAWG_Final_Datasets_DCC/consensus_snv_indel/merged_snv_mnv/a9d055c6-6c53-4e85-8270-34883a1342a9.consensus.20160830.somatic.snv_mnv.vcf.gz	/n/data1/hms/dbmi/park/DATA/ICGC/PCAWG_Final_Datasets_DCC/consensus_cnv/segmented_cn/a9d055c6-6c53-4e85-8270-34883a1342a9.consensus.20170119.somatic.cna.txt
a9dbd55c-5dcc-48db-8785-6baef3fdd7db	/n/data1/hms/dbmi/park/DATA/ICGC/PCAWG_Final_Datasets_DCC/consensus_snv_indel/merged_snv_mnv/a9dbd55c-5dcc-48db-8785-6baef3fdd7db.consensus.20160830.somatic.snv_mnv.vcf.gz	/n/data1/hms/dbmi/park/DATA/ICGC/PCAWG_Final_Datasets_DCC/consensus_cnv/segmented_cn/a9dbd55c-5dcc-48db-8785-6baef3fdd7db.consensus.20170119.somatic.cna.txt
a9ec7d9e-b179-4782-a589-43c7d1642be9	/n/data1/hms/dbmi/park/DATA/ICGC/PCAWG_Final_Datasets_DCC/consensus_snv_indel/merged_snv_mnv/a9ec7d9e-b179-4782-a589-43c7d1642be9.consensus.20160830.somatic.snv_mnv.vcf.gz	/n/data1/hms/dbmi/park/DATA/ICGC/PCAWG_Final_Datasets_DCC/consensus_cnv/segmented_cn/a9ec7d9e-b179-4782-a589-43c7d1642be9.consensus.20170119.somatic.cna.txt
aa018d90-5250-4313-9f7c-a3f196765e07	/n/data1/hms/dbmi/park/DATA/ICGC/PCAWG_Final_Datasets_DCC/consensus_snv_indel/merged_snv_mnv/aa018d90-5250-4313-9f7c-a3f196765e07.consensus.20160830.somatic.snv_mnv.vcf.gz	/n/data1/hms/dbmi/park/DATA/ICGC/PCAWG_Final_Datasets_DCC/consensus_cnv/segmented_cn/aa018d90-5250-4313-9f7c-a3f196765e07.consensus.20170119.somatic.cna.txt
aa06ae46-2336-4666-a3af-fc790daf8da4	/n/data1/hms/dbmi/park/DATA/ICGC/PCAWG_Final_Datasets_DCC/consensus_snv_indel/merged_snv_mnv/aa06ae46-2336-4666-a3af-fc790daf8da4.consensus.20160830.somatic.snv_mnv.vcf.gz	/n/data1/hms/dbmi/park/DATA/ICGC/PCAWG_Final_Datasets_DCC/consensus_cnv/segmented_cn/aa06ae46-2336-4666-a3af-fc790daf8da4.consensus.20170119.somatic.cna.txt
aa20b9ab-dba9-4002-ad45-cafa2f85cef7	/n/data1/hms/dbmi/park/DATA/ICGC/PCAWG_Final_Datasets_DCC/consensus_snv_indel/merged_snv_mnv/aa20b9ab-dba9-4002-ad45-cafa2f85cef7.consensus.20160830.somatic.snv_mnv.vcf.gz	/n/data1/hms/dbmi/park/DATA/ICGC/PCAWG_Final_Datasets_DCC/consensus_cnv/segmented_cn/aa20b9ab-dba9-4002-ad45-cafa2f85cef7.consensus.20170119.somatic.cna.txt
aa215f18-ae1f-4f0e-89dd-ac59ee8c8c44	/n/data1/hms/dbmi/park/DATA/ICGC/PCAWG_Final_Datasets_DCC/consensus_snv_indel/merged_snv_mnv/aa215f18-ae1f-4f0e-89dd-ac59ee8c8c44.consensus.20160830.somatic.snv_mnv.vcf.gz	/n/data1/hms/dbmi/park/DATA/ICGC/PCAWG_Final_Datasets_DCC/consensus_cnv/segmented_cn/aa215f18-ae1f-4f0e-89dd-ac59ee8c8c44.consensus.20170119.somatic.cna.txt
aa2654f4-94f9-487a-b415-85df69261161	/n/data1/hms/dbmi/park/DATA/ICGC/PCAWG_Final_Datasets_DCC/consensus_snv_indel/merged_snv_mnv/aa2654f4-94f9-487a-b415-85df69261161.consensus.20160830.somatic.snv_mnv.vcf.gz	/n/data1/hms/dbmi/park/DATA/ICGC/PCAWG_Final_Datasets_DCC/consensus_cnv/segmented_cn/aa2654f4-94f9-487a-b415-85df69261161.consensus.20170119.somatic.cna.txt
aa4a868a-df23-4eef-a618-e945aa2ce98a	/n/data1/hms/dbmi/park/DATA/ICGC/PCAWG_Final_Datasets_DCC/consensus_snv_indel/merged_snv_mnv/aa4a868a-df23-4eef-a618-e945aa2ce98a.consensus.20160830.somatic.snv_mnv.vcf.gz	/n/data1/hms/dbmi/park/DATA/ICGC/PCAWG_Final_Datasets_DCC/consensus_cnv/segmented_cn/aa4a868a-df23-4eef-a618-e945aa2ce98a.consensus.20170119.somatic.cna.txt
aa4bf69c-a1a6-48dc-96fc-3fe7d2680517	/n/data1/hms/dbmi/park/DATA/ICGC/PCAWG_Final_Datasets_DCC/consensus_snv_indel/merged_snv_mnv/aa4bf69c-a1a6-48dc-96fc-3fe7d2680517.consensus.20160830.somatic.snv_mnv.vcf.gz	/n/data1/hms/dbmi/park/DATA/ICGC/PCAWG_Final_Datasets_DCC/consensus_cnv/segmented_cn/aa4bf69c-a1a6-48dc-96fc-3fe7d2680517.consensus.20170119.somatic.cna.txt
aa58c09a-7799-4675-8310-d270224b163e	/n/data1/hms/dbmi/park/DATA/ICGC/PCAWG_Final_Datasets_DCC/consensus_snv_indel/merged_snv_mnv/aa58c09a-7799-4675-8310-d270224b163e.consensus.20160830.somatic.snv_mnv.vcf.gz	/n/data1/hms/dbmi/park/DATA/ICGC/PCAWG_Final_Datasets_DCC/consensus_cnv/segmented_cn/aa58c09a-7799-4675-8310-d270224b163e.consensus.20170119.somatic.cna.txt
aa5907cb-3be3-4e23-982d-719417baeb37	/n/data1/hms/dbmi/park/DATA/ICGC/PCAWG_Final_Datasets_DCC/consensus_snv_indel/merged_snv_mnv/aa5907cb-3be3-4e23-982d-719417baeb37.consensus.20160830.somatic.snv_mnv.vcf.gz	/n/data1/hms/dbmi/park/DATA/ICGC/PCAWG_Final_Datasets_DCC/consensus_cnv/segmented_cn/aa5907cb-3be3-4e23-982d-719417baeb37.consensus.20170119.somatic.cna.txt
aa847c3d-d3a7-46aa-a81b-db5099a458fb	/n/data1/hms/dbmi/park/DATA/ICGC/PCAWG_Final_Datasets_DCC/consensus_snv_indel/merged_snv_mnv/aa847c3d-d3a7-46aa-a81b-db5099a458fb.consensus.20160830.somatic.snv_mnv.vcf.gz	/n/data1/hms/dbmi/park/DATA/ICGC/PCAWG_Final_Datasets_DCC/consensus_cnv/segmented_cn/aa847c3d-d3a7-46aa-a81b-db5099a458fb.consensus.20170119.somatic.cna.txt
aabddb20-c622-11e3-bf01-24c6515278c0	/n/data1/hms/dbmi/park/DATA/ICGC/PCAWG_Final_Datasets_DCC/consensus_snv_indel/merged_snv_mnv/aabddb20-c622-11e3-bf01-24c6515278c0.consensus.20160830.somatic.snv_mnv.vcf.gz	/n/data1/hms/dbmi/park/DATA/ICGC/PCAWG_Final_Datasets_DCC/consensus_cnv/segmented_cn/aabddb20-c622-11e3-bf01-24c6515278c0.consensus.20170119.somatic.cna.txt
aacaba97-ecde-440b-aae0-0e9c608c4b24	/n/data1/hms/dbmi/park/DATA/ICGC/PCAWG_Final_Datasets_DCC/consensus_snv_indel/merged_snv_mnv/aacaba97-ecde-440b-aae0-0e9c608c4b24.consensus.20160830.somatic.snv_mnv.vcf.gz	/n/data1/hms/dbmi/park/DATA/ICGC/PCAWG_Final_Datasets_DCC/consensus_cnv/segmented_cn/aacaba97-ecde-440b-aae0-0e9c608c4b24.consensus.20170119.somatic.cna.txt
aad8c8d6-d828-4aac-9cfb-cee893e36850	/n/data1/hms/dbmi/park/DATA/ICGC/PCAWG_Final_Datasets_DCC/consensus_snv_indel/merged_snv_mnv/aad8c8d6-d828-4aac-9cfb-cee893e36850.consensus.20160830.somatic.snv_mnv.vcf.gz	/n/data1/hms/dbmi/park/DATA/ICGC/PCAWG_Final_Datasets_DCC/consensus_cnv/segmented_cn/aad8c8d6-d828-4aac-9cfb-cee893e36850.consensus.20170119.somatic.cna.txt
ab318624-db9d-41d8-b7b8-34712434f28f	/n/data1/hms/dbmi/park/DATA/ICGC/PCAWG_Final_Datasets_DCC/consensus_snv_indel/merged_snv_mnv/ab318624-db9d-41d8-b7b8-34712434f28f.consensus.20160830.somatic.snv_mnv.vcf.gz	/n/data1/hms/dbmi/park/DATA/ICGC/PCAWG_Final_Datasets_DCC/consensus_cnv/segmented_cn/ab318624-db9d-41d8-b7b8-34712434f28f.consensus.20170119.somatic.cna.txt
ab8a55ed-ff47-4cad-ad91-52b9dc25aca7	/n/data1/hms/dbmi/park/DATA/ICGC/PCAWG_Final_Datasets_DCC/consensus_snv_indel/merged_snv_mnv/ab8a55ed-ff47-4cad-ad91-52b9dc25aca7.consensus.20160830.somatic.snv_mnv.vcf.gz	/n/data1/hms/dbmi/park/DATA/ICGC/PCAWG_Final_Datasets_DCC/consensus_cnv/segmented_cn/ab8a55ed-ff47-4cad-ad91-52b9dc25aca7.consensus.20170119.somatic.cna.txt
ab923db7-54e8-4a50-b7fd-c2b4b300041e	/n/data1/hms/dbmi/park/DATA/ICGC/PCAWG_Final_Datasets_DCC/consensus_snv_indel/merged_snv_mnv/ab923db7-54e8-4a50-b7fd-c2b4b300041e.consensus.20160830.somatic.snv_mnv.vcf.gz	/n/data1/hms/dbmi/park/DATA/ICGC/PCAWG_Final_Datasets_DCC/consensus_cnv/segmented_cn/ab923db7-54e8-4a50-b7fd-c2b4b300041e.consensus.20170119.somatic.cna.txt
abbbe65c-c622-11e3-bf01-24c6515278c0	/n/data1/hms/dbmi/park/DATA/ICGC/PCAWG_Final_Datasets_DCC/consensus_snv_indel/merged_snv_mnv/abbbe65c-c622-11e3-bf01-24c6515278c0.consensus.20160830.somatic.snv_mnv.vcf.gz	/n/data1/hms/dbmi/park/DATA/ICGC/PCAWG_Final_Datasets_DCC/consensus_cnv/segmented_cn/abbbe65c-c622-11e3-bf01-24c6515278c0.consensus.20170119.somatic.cna.txt
abc94013-71f5-4ac6-88a4-01b4ef9f9d2f	/n/data1/hms/dbmi/park/DATA/ICGC/PCAWG_Final_Datasets_DCC/consensus_snv_indel/merged_snv_mnv/abc94013-71f5-4ac6-88a4-01b4ef9f9d2f.consensus.20160830.somatic.snv_mnv.vcf.gz	/n/data1/hms/dbmi/park/DATA/ICGC/PCAWG_Final_Datasets_DCC/consensus_cnv/segmented_cn/abc94013-71f5-4ac6-88a4-01b4ef9f9d2f.consensus.20170119.somatic.cna.txt
abd2d959-d5ed-4eb3-9759-67eb1aa23325	/n/data1/hms/dbmi/park/DATA/ICGC/PCAWG_Final_Datasets_DCC/consensus_snv_indel/merged_snv_mnv/abd2d959-d5ed-4eb3-9759-67eb1aa23325.consensus.20160830.somatic.snv_mnv.vcf.gz	/n/data1/hms/dbmi/park/DATA/ICGC/PCAWG_Final_Datasets_DCC/consensus_cnv/segmented_cn/abd2d959-d5ed-4eb3-9759-67eb1aa23325.consensus.20170119.somatic.cna.txt
abe290ed-67c8-42bb-84f7-0d32a5f8f3db	/n/data1/hms/dbmi/park/DATA/ICGC/PCAWG_Final_Datasets_DCC/consensus_snv_indel/merged_snv_mnv/abe290ed-67c8-42bb-84f7-0d32a5f8f3db.consensus.20160830.somatic.snv_mnv.vcf.gz	/n/data1/hms/dbmi/park/DATA/ICGC/PCAWG_Final_Datasets_DCC/consensus_cnv/segmented_cn/abe290ed-67c8-42bb-84f7-0d32a5f8f3db.consensus.20170119.somatic.cna.txt
abedd46c-47b8-4242-adb6-12835400cb3f	/n/data1/hms/dbmi/park/DATA/ICGC/PCAWG_Final_Datasets_DCC/consensus_snv_indel/merged_snv_mnv/abedd46c-47b8-4242-adb6-12835400cb3f.consensus.20160830.somatic.snv_mnv.vcf.gz	/n/data1/hms/dbmi/park/DATA/ICGC/PCAWG_Final_Datasets_DCC/consensus_cnv/segmented_cn/abedd46c-47b8-4242-adb6-12835400cb3f.consensus.20170119.somatic.cna.txt
ac02c38e-5fca-4995-b0cc-39b6189976a3	/n/data1/hms/dbmi/park/DATA/ICGC/PCAWG_Final_Datasets_DCC/consensus_snv_indel/merged_snv_mnv/ac02c38e-5fca-4995-b0cc-39b6189976a3.consensus.20160830.somatic.snv_mnv.vcf.gz	/n/data1/hms/dbmi/park/DATA/ICGC/PCAWG_Final_Datasets_DCC/consensus_cnv/segmented_cn/ac02c38e-5fca-4995-b0cc-39b6189976a3.consensus.20170119.somatic.cna.txt
ac1bd179-8285-468c-ab9f-7f91151ca0f2	/n/data1/hms/dbmi/park/DATA/ICGC/PCAWG_Final_Datasets_DCC/consensus_snv_indel/merged_snv_mnv/ac1bd179-8285-468c-ab9f-7f91151ca0f2.consensus.20160830.somatic.snv_mnv.vcf.gz	/n/data1/hms/dbmi/park/DATA/ICGC/PCAWG_Final_Datasets_DCC/consensus_cnv/segmented_cn/ac1bd179-8285-468c-ab9f-7f91151ca0f2.consensus.20170119.somatic.cna.txt
ac23a8d2-ac42-4031-9dd4-9b56baeb246e	/n/data1/hms/dbmi/park/DATA/ICGC/PCAWG_Final_Datasets_DCC/consensus_snv_indel/merged_snv_mnv/ac23a8d2-ac42-4031-9dd4-9b56baeb246e.consensus.20160830.somatic.snv_mnv.vcf.gz	/n/data1/hms/dbmi/park/DATA/ICGC/PCAWG_Final_Datasets_DCC/consensus_cnv/segmented_cn/ac23a8d2-ac42-4031-9dd4-9b56baeb246e.consensus.20170119.somatic.cna.txt
ac2c8928-33a2-4aa0-8bc1-cdfa1ca0b56a	/n/data1/hms/dbmi/park/DATA/ICGC/PCAWG_Final_Datasets_DCC/consensus_snv_indel/merged_snv_mnv/ac2c8928-33a2-4aa0-8bc1-cdfa1ca0b56a.consensus.20160830.somatic.snv_mnv.vcf.gz	/n/data1/hms/dbmi/park/DATA/ICGC/PCAWG_Final_Datasets_DCC/consensus_cnv/segmented_cn/ac2c8928-33a2-4aa0-8bc1-cdfa1ca0b56a.consensus.20170119.somatic.cna.txt
aca4d810-9540-4ce3-8ceb-72d396c9b704	/n/data1/hms/dbmi/park/DATA/ICGC/PCAWG_Final_Datasets_DCC/consensus_snv_indel/merged_snv_mnv/aca4d810-9540-4ce3-8ceb-72d396c9b704.consensus.20160830.somatic.snv_mnv.vcf.gz	/n/data1/hms/dbmi/park/DATA/ICGC/PCAWG_Final_Datasets_DCC/consensus_cnv/segmented_cn/aca4d810-9540-4ce3-8ceb-72d396c9b704.consensus.20170119.somatic.cna.txt
acb5e263-111b-43d8-9bd1-adb9a54e0fc0	/n/data1/hms/dbmi/park/DATA/ICGC/PCAWG_Final_Datasets_DCC/consensus_snv_indel/merged_snv_mnv/acb5e263-111b-43d8-9bd1-adb9a54e0fc0.consensus.20160830.somatic.snv_mnv.vcf.gz	/n/data1/hms/dbmi/park/DATA/ICGC/PCAWG_Final_Datasets_DCC/consensus_cnv/segmented_cn/acb5e263-111b-43d8-9bd1-adb9a54e0fc0.consensus.20170119.somatic.cna.txt
acb9750e-7e17-4cef-bee1-5d710f9bf3a7	/n/data1/hms/dbmi/park/DATA/ICGC/PCAWG_Final_Datasets_DCC/consensus_snv_indel/merged_snv_mnv/acb9750e-7e17-4cef-bee1-5d710f9bf3a7.consensus.20160830.somatic.snv_mnv.vcf.gz	/n/data1/hms/dbmi/park/DATA/ICGC/PCAWG_Final_Datasets_DCC/consensus_cnv/segmented_cn/acb9750e-7e17-4cef-bee1-5d710f9bf3a7.consensus.20170119.somatic.cna.txt
acc629cb-ad03-4cec-9b21-922e4932ef3e	/n/data1/hms/dbmi/park/DATA/ICGC/PCAWG_Final_Datasets_DCC/consensus_snv_indel/merged_snv_mnv/acc629cb-ad03-4cec-9b21-922e4932ef3e.consensus.20160830.somatic.snv_mnv.vcf.gz	/n/data1/hms/dbmi/park/DATA/ICGC/PCAWG_Final_Datasets_DCC/consensus_cnv/segmented_cn/acc629cb-ad03-4cec-9b21-922e4932ef3e.consensus.20170119.somatic.cna.txt
acd510de-b732-4a1a-8b72-6d22e763540b	/n/data1/hms/dbmi/park/DATA/ICGC/PCAWG_Final_Datasets_DCC/consensus_snv_indel/merged_snv_mnv/acd510de-b732-4a1a-8b72-6d22e763540b.consensus.20160830.somatic.snv_mnv.vcf.gz	/n/data1/hms/dbmi/park/DATA/ICGC/PCAWG_Final_Datasets_DCC/consensus_cnv/segmented_cn/acd510de-b732-4a1a-8b72-6d22e763540b.consensus.20170119.somatic.cna.txt
ad007b59-46f6-48b9-958a-2b9d28cca3b7	/n/data1/hms/dbmi/park/DATA/ICGC/PCAWG_Final_Datasets_DCC/consensus_snv_indel/merged_snv_mnv/ad007b59-46f6-48b9-958a-2b9d28cca3b7.consensus.20160830.somatic.snv_mnv.vcf.gz	/n/data1/hms/dbmi/park/DATA/ICGC/PCAWG_Final_Datasets_DCC/consensus_cnv/segmented_cn/ad007b59-46f6-48b9-958a-2b9d28cca3b7.consensus.20170119.somatic.cna.txt
ad0700e2-048a-4856-a77a-bc0b6f25f0e2	/n/data1/hms/dbmi/park/DATA/ICGC/PCAWG_Final_Datasets_DCC/consensus_snv_indel/merged_snv_mnv/ad0700e2-048a-4856-a77a-bc0b6f25f0e2.consensus.20160830.somatic.snv_mnv.vcf.gz	/n/data1/hms/dbmi/park/DATA/ICGC/PCAWG_Final_Datasets_DCC/consensus_cnv/segmented_cn/ad0700e2-048a-4856-a77a-bc0b6f25f0e2.consensus.20170119.somatic.cna.txt
ad41f1f3-e38e-4418-9c16-52bca5719f39	/n/data1/hms/dbmi/park/DATA/ICGC/PCAWG_Final_Datasets_DCC/consensus_snv_indel/merged_snv_mnv/ad41f1f3-e38e-4418-9c16-52bca5719f39.consensus.20160830.somatic.snv_mnv.vcf.gz	/n/data1/hms/dbmi/park/DATA/ICGC/PCAWG_Final_Datasets_DCC/consensus_cnv/segmented_cn/ad41f1f3-e38e-4418-9c16-52bca5719f39.consensus.20170119.somatic.cna.txt
ad4aa4dc-bea4-4f4a-8b1b-8f361112f84f	/n/data1/hms/dbmi/park/DATA/ICGC/PCAWG_Final_Datasets_DCC/consensus_snv_indel/merged_snv_mnv/ad4aa4dc-bea4-4f4a-8b1b-8f361112f84f.consensus.20160830.somatic.snv_mnv.vcf.gz	/n/data1/hms/dbmi/park/DATA/ICGC/PCAWG_Final_Datasets_DCC/consensus_cnv/segmented_cn/ad4aa4dc-bea4-4f4a-8b1b-8f361112f84f.consensus.20170119.somatic.cna.txt
ad874249-9964-4e48-aa3f-7e828ea28f3f	/n/data1/hms/dbmi/park/DATA/ICGC/PCAWG_Final_Datasets_DCC/consensus_snv_indel/merged_snv_mnv/ad874249-9964-4e48-aa3f-7e828ea28f3f.consensus.20160830.somatic.snv_mnv.vcf.gz	/n/data1/hms/dbmi/park/DATA/ICGC/PCAWG_Final_Datasets_DCC/consensus_cnv/segmented_cn/ad874249-9964-4e48-aa3f-7e828ea28f3f.consensus.20170119.somatic.cna.txt
ad92f17f-11e6-49bd-9835-6b2f47053485	/n/data1/hms/dbmi/park/DATA/ICGC/PCAWG_Final_Datasets_DCC/consensus_snv_indel/merged_snv_mnv/ad92f17f-11e6-49bd-9835-6b2f47053485.consensus.20160830.somatic.snv_mnv.vcf.gz	/n/data1/hms/dbmi/park/DATA/ICGC/PCAWG_Final_Datasets_DCC/consensus_cnv/segmented_cn/ad92f17f-11e6-49bd-9835-6b2f47053485.consensus.20170119.somatic.cna.txt
ad9455e9-7147-489e-9b1f-3540c457c260	/n/data1/hms/dbmi/park/DATA/ICGC/PCAWG_Final_Datasets_DCC/consensus_snv_indel/merged_snv_mnv/ad9455e9-7147-489e-9b1f-3540c457c260.consensus.20160830.somatic.snv_mnv.vcf.gz	/n/data1/hms/dbmi/park/DATA/ICGC/PCAWG_Final_Datasets_DCC/consensus_cnv/segmented_cn/ad9455e9-7147-489e-9b1f-3540c457c260.consensus.20170119.somatic.cna.txt
add0b0f6-b4a8-4b73-b634-c3600dc567d5	/n/data1/hms/dbmi/park/DATA/ICGC/PCAWG_Final_Datasets_DCC/consensus_snv_indel/merged_snv_mnv/add0b0f6-b4a8-4b73-b634-c3600dc567d5.consensus.20160830.somatic.snv_mnv.vcf.gz	/n/data1/hms/dbmi/park/DATA/ICGC/PCAWG_Final_Datasets_DCC/consensus_cnv/segmented_cn/add0b0f6-b4a8-4b73-b634-c3600dc567d5.consensus.20170119.somatic.cna.txt
adfbba82-c622-11e3-bf01-24c6515278c0	/n/data1/hms/dbmi/park/DATA/ICGC/PCAWG_Final_Datasets_DCC/consensus_snv_indel/merged_snv_mnv/adfbba82-c622-11e3-bf01-24c6515278c0.consensus.20160830.somatic.snv_mnv.vcf.gz	/n/data1/hms/dbmi/park/DATA/ICGC/PCAWG_Final_Datasets_DCC/consensus_cnv/segmented_cn/adfbba82-c622-11e3-bf01-24c6515278c0.consensus.20170119.somatic.cna.txt
ae464652-2f8c-4d94-8b08-cd8f1d29256e	/n/data1/hms/dbmi/park/DATA/ICGC/PCAWG_Final_Datasets_DCC/consensus_snv_indel/merged_snv_mnv/ae464652-2f8c-4d94-8b08-cd8f1d29256e.consensus.20160830.somatic.snv_mnv.vcf.gz	/n/data1/hms/dbmi/park/DATA/ICGC/PCAWG_Final_Datasets_DCC/consensus_cnv/segmented_cn/ae464652-2f8c-4d94-8b08-cd8f1d29256e.consensus.20170119.somatic.cna.txt
ae82fead-2671-4335-a342-67bb69935ad9	/n/data1/hms/dbmi/park/DATA/ICGC/PCAWG_Final_Datasets_DCC/consensus_snv_indel/merged_snv_mnv/ae82fead-2671-4335-a342-67bb69935ad9.consensus.20160830.somatic.snv_mnv.vcf.gz	/n/data1/hms/dbmi/park/DATA/ICGC/PCAWG_Final_Datasets_DCC/consensus_cnv/segmented_cn/ae82fead-2671-4335-a342-67bb69935ad9.consensus.20170119.somatic.cna.txt
aed4363b-19b8-4cb5-aa34-a442410d0796	/n/data1/hms/dbmi/park/DATA/ICGC/PCAWG_Final_Datasets_DCC/consensus_snv_indel/merged_snv_mnv/aed4363b-19b8-4cb5-aa34-a442410d0796.consensus.20160830.somatic.snv_mnv.vcf.gz	/n/data1/hms/dbmi/park/DATA/ICGC/PCAWG_Final_Datasets_DCC/consensus_cnv/segmented_cn/aed4363b-19b8-4cb5-aa34-a442410d0796.consensus.20170119.somatic.cna.txt
aeeb01b4-790e-4929-bd59-6aad837603b1	/n/data1/hms/dbmi/park/DATA/ICGC/PCAWG_Final_Datasets_DCC/consensus_snv_indel/merged_snv_mnv/aeeb01b4-790e-4929-bd59-6aad837603b1.consensus.20160830.somatic.snv_mnv.vcf.gz	/n/data1/hms/dbmi/park/DATA/ICGC/PCAWG_Final_Datasets_DCC/consensus_cnv/segmented_cn/aeeb01b4-790e-4929-bd59-6aad837603b1.consensus.20170119.somatic.cna.txt
af2cbdb6-c622-11e3-bf01-24c6515278c0	/n/data1/hms/dbmi/park/DATA/ICGC/PCAWG_Final_Datasets_DCC/consensus_snv_indel/merged_snv_mnv/af2cbdb6-c622-11e3-bf01-24c6515278c0.consensus.20160830.somatic.snv_mnv.vcf.gz	/n/data1/hms/dbmi/park/DATA/ICGC/PCAWG_Final_Datasets_DCC/consensus_cnv/segmented_cn/af2cbdb6-c622-11e3-bf01-24c6515278c0.consensus.20170119.somatic.cna.txt
af96db5a-684f-41d1-a910-5a5193393d9c	/n/data1/hms/dbmi/park/DATA/ICGC/PCAWG_Final_Datasets_DCC/consensus_snv_indel/merged_snv_mnv/af96db5a-684f-41d1-a910-5a5193393d9c.consensus.20160830.somatic.snv_mnv.vcf.gz	/n/data1/hms/dbmi/park/DATA/ICGC/PCAWG_Final_Datasets_DCC/consensus_cnv/segmented_cn/af96db5a-684f-41d1-a910-5a5193393d9c.consensus.20170119.somatic.cna.txt
af9cfac8-7fbe-49cb-aeca-8d68aea57994	/n/data1/hms/dbmi/park/DATA/ICGC/PCAWG_Final_Datasets_DCC/consensus_snv_indel/merged_snv_mnv/af9cfac8-7fbe-49cb-aeca-8d68aea57994.consensus.20160830.somatic.snv_mnv.vcf.gz	/n/data1/hms/dbmi/park/DATA/ICGC/PCAWG_Final_Datasets_DCC/consensus_cnv/segmented_cn/af9cfac8-7fbe-49cb-aeca-8d68aea57994.consensus.20170119.somatic.cna.txt
afd1f2e0-343c-416d-8e8f-2177f312c2f0	/n/data1/hms/dbmi/park/DATA/ICGC/PCAWG_Final_Datasets_DCC/consensus_snv_indel/merged_snv_mnv/afd1f2e0-343c-416d-8e8f-2177f312c2f0.consensus.20160830.somatic.snv_mnv.vcf.gz	/n/data1/hms/dbmi/park/DATA/ICGC/PCAWG_Final_Datasets_DCC/consensus_cnv/segmented_cn/afd1f2e0-343c-416d-8e8f-2177f312c2f0.consensus.20170119.somatic.cna.txt
afee5b10-3dff-4e50-9575-bc9fe20c5dea	/n/data1/hms/dbmi/park/DATA/ICGC/PCAWG_Final_Datasets_DCC/consensus_snv_indel/merged_snv_mnv/afee5b10-3dff-4e50-9575-bc9fe20c5dea.consensus.20160830.somatic.snv_mnv.vcf.gz	/n/data1/hms/dbmi/park/DATA/ICGC/PCAWG_Final_Datasets_DCC/consensus_cnv/segmented_cn/afee5b10-3dff-4e50-9575-bc9fe20c5dea.consensus.20170119.somatic.cna.txt
aff5793b-3197-4d1d-bf0a-9b0ded5f2937	/n/data1/hms/dbmi/park/DATA/ICGC/PCAWG_Final_Datasets_DCC/consensus_snv_indel/merged_snv_mnv/aff5793b-3197-4d1d-bf0a-9b0ded5f2937.consensus.20160830.somatic.snv_mnv.vcf.gz	/n/data1/hms/dbmi/park/DATA/ICGC/PCAWG_Final_Datasets_DCC/consensus_cnv/segmented_cn/aff5793b-3197-4d1d-bf0a-9b0ded5f2937.consensus.20170119.somatic.cna.txt
affa4ef4-02ec-40f1-b6a2-739f8bf2afa9	/n/data1/hms/dbmi/park/DATA/ICGC/PCAWG_Final_Datasets_DCC/consensus_snv_indel/merged_snv_mnv/affa4ef4-02ec-40f1-b6a2-739f8bf2afa9.consensus.20160830.somatic.snv_mnv.vcf.gz	/n/data1/hms/dbmi/park/DATA/ICGC/PCAWG_Final_Datasets_DCC/consensus_cnv/segmented_cn/affa4ef4-02ec-40f1-b6a2-739f8bf2afa9.consensus.20170119.somatic.cna.txt
b02b4bba-6e66-44fb-a48f-38c309aaaac5	/n/data1/hms/dbmi/park/DATA/ICGC/PCAWG_Final_Datasets_DCC/consensus_snv_indel/merged_snv_mnv/b02b4bba-6e66-44fb-a48f-38c309aaaac5.consensus.20160830.somatic.snv_mnv.vcf.gz	/n/data1/hms/dbmi/park/DATA/ICGC/PCAWG_Final_Datasets_DCC/consensus_cnv/segmented_cn/b02b4bba-6e66-44fb-a48f-38c309aaaac5.consensus.20170119.somatic.cna.txt
b04624d2-d8f8-4b51-be1b-72c73d8055f9	/n/data1/hms/dbmi/park/DATA/ICGC/PCAWG_Final_Datasets_DCC/consensus_snv_indel/merged_snv_mnv/b04624d2-d8f8-4b51-be1b-72c73d8055f9.consensus.20160830.somatic.snv_mnv.vcf.gz	/n/data1/hms/dbmi/park/DATA/ICGC/PCAWG_Final_Datasets_DCC/consensus_cnv/segmented_cn/b04624d2-d8f8-4b51-be1b-72c73d8055f9.consensus.20170119.somatic.cna.txt
b061cb06-e927-4f24-82bb-9e651f7ae0e3	/n/data1/hms/dbmi/park/DATA/ICGC/PCAWG_Final_Datasets_DCC/consensus_snv_indel/merged_snv_mnv/b061cb06-e927-4f24-82bb-9e651f7ae0e3.consensus.20160830.somatic.snv_mnv.vcf.gz	/n/data1/hms/dbmi/park/DATA/ICGC/PCAWG_Final_Datasets_DCC/consensus_cnv/segmented_cn/b061cb06-e927-4f24-82bb-9e651f7ae0e3.consensus.20170119.somatic.cna.txt
b070af2a-c622-11e3-bf01-24c6515278c0	/n/data1/hms/dbmi/park/DATA/ICGC/PCAWG_Final_Datasets_DCC/consensus_snv_indel/merged_snv_mnv/b070af2a-c622-11e3-bf01-24c6515278c0.consensus.20160830.somatic.snv_mnv.vcf.gz	/n/data1/hms/dbmi/park/DATA/ICGC/PCAWG_Final_Datasets_DCC/consensus_cnv/segmented_cn/b070af2a-c622-11e3-bf01-24c6515278c0.consensus.20170119.somatic.cna.txt
b07bad52-d44c-4b27-900a-960985bfadec	/n/data1/hms/dbmi/park/DATA/ICGC/PCAWG_Final_Datasets_DCC/consensus_snv_indel/merged_snv_mnv/b07bad52-d44c-4b27-900a-960985bfadec.consensus.20160830.somatic.snv_mnv.vcf.gz	/n/data1/hms/dbmi/park/DATA/ICGC/PCAWG_Final_Datasets_DCC/consensus_cnv/segmented_cn/b07bad52-d44c-4b27-900a-960985bfadec.consensus.20170119.somatic.cna.txt
b0a83df8-dd2c-4c1b-b238-9081d2c22258	/n/data1/hms/dbmi/park/DATA/ICGC/PCAWG_Final_Datasets_DCC/consensus_snv_indel/merged_snv_mnv/b0a83df8-dd2c-4c1b-b238-9081d2c22258.consensus.20160830.somatic.snv_mnv.vcf.gz	/n/data1/hms/dbmi/park/DATA/ICGC/PCAWG_Final_Datasets_DCC/consensus_cnv/segmented_cn/b0a83df8-dd2c-4c1b-b238-9081d2c22258.consensus.20170119.somatic.cna.txt
b0c61486-b061-4b6b-ac02-130a3ea0b080	/n/data1/hms/dbmi/park/DATA/ICGC/PCAWG_Final_Datasets_DCC/consensus_snv_indel/merged_snv_mnv/b0c61486-b061-4b6b-ac02-130a3ea0b080.consensus.20160830.somatic.snv_mnv.vcf.gz	/n/data1/hms/dbmi/park/DATA/ICGC/PCAWG_Final_Datasets_DCC/consensus_cnv/segmented_cn/b0c61486-b061-4b6b-ac02-130a3ea0b080.consensus.20170119.somatic.cna.txt
b0d1fde4-928f-4f4c-bff6-33b885582bb5	/n/data1/hms/dbmi/park/DATA/ICGC/PCAWG_Final_Datasets_DCC/consensus_snv_indel/merged_snv_mnv/b0d1fde4-928f-4f4c-bff6-33b885582bb5.consensus.20160830.somatic.snv_mnv.vcf.gz	/n/data1/hms/dbmi/park/DATA/ICGC/PCAWG_Final_Datasets_DCC/consensus_cnv/segmented_cn/b0d1fde4-928f-4f4c-bff6-33b885582bb5.consensus.20170119.somatic.cna.txt
b0f3087b-6f9c-47e9-b487-6726af1cb90b	/n/data1/hms/dbmi/park/DATA/ICGC/PCAWG_Final_Datasets_DCC/consensus_snv_indel/merged_snv_mnv/b0f3087b-6f9c-47e9-b487-6726af1cb90b.consensus.20160830.somatic.snv_mnv.vcf.gz	/n/data1/hms/dbmi/park/DATA/ICGC/PCAWG_Final_Datasets_DCC/consensus_cnv/segmented_cn/b0f3087b-6f9c-47e9-b487-6726af1cb90b.consensus.20170119.somatic.cna.txt
b16780b0-75ba-4304-87e0-33f1e321b622	/n/data1/hms/dbmi/park/DATA/ICGC/PCAWG_Final_Datasets_DCC/consensus_snv_indel/merged_snv_mnv/b16780b0-75ba-4304-87e0-33f1e321b622.consensus.20160830.somatic.snv_mnv.vcf.gz	/n/data1/hms/dbmi/park/DATA/ICGC/PCAWG_Final_Datasets_DCC/consensus_cnv/segmented_cn/b16780b0-75ba-4304-87e0-33f1e321b622.consensus.20170119.somatic.cna.txt
b1753e9c-29d0-4955-89d2-949cdabd1211	/n/data1/hms/dbmi/park/DATA/ICGC/PCAWG_Final_Datasets_DCC/consensus_snv_indel/merged_snv_mnv/b1753e9c-29d0-4955-89d2-949cdabd1211.consensus.20160830.somatic.snv_mnv.vcf.gz	/n/data1/hms/dbmi/park/DATA/ICGC/PCAWG_Final_Datasets_DCC/consensus_cnv/segmented_cn/b1753e9c-29d0-4955-89d2-949cdabd1211.consensus.20170119.somatic.cna.txt
b19ec4cd-2876-4a2b-bcb9-b3c8db54fc15	/n/data1/hms/dbmi/park/DATA/ICGC/PCAWG_Final_Datasets_DCC/consensus_snv_indel/merged_snv_mnv/b19ec4cd-2876-4a2b-bcb9-b3c8db54fc15.consensus.20160830.somatic.snv_mnv.vcf.gz	/n/data1/hms/dbmi/park/DATA/ICGC/PCAWG_Final_Datasets_DCC/consensus_cnv/segmented_cn/b19ec4cd-2876-4a2b-bcb9-b3c8db54fc15.consensus.20170119.somatic.cna.txt
b1d2457d-3267-46ba-9fdf-663985e60538	/n/data1/hms/dbmi/park/DATA/ICGC/PCAWG_Final_Datasets_DCC/consensus_snv_indel/merged_snv_mnv/b1d2457d-3267-46ba-9fdf-663985e60538.consensus.20160830.somatic.snv_mnv.vcf.gz	/n/data1/hms/dbmi/park/DATA/ICGC/PCAWG_Final_Datasets_DCC/consensus_cnv/segmented_cn/b1d2457d-3267-46ba-9fdf-663985e60538.consensus.20170119.somatic.cna.txt
b1e62d8e-24d2-4118-8cd0-3142acebdd5b	/n/data1/hms/dbmi/park/DATA/ICGC/PCAWG_Final_Datasets_DCC/consensus_snv_indel/merged_snv_mnv/b1e62d8e-24d2-4118-8cd0-3142acebdd5b.consensus.20160830.somatic.snv_mnv.vcf.gz	/n/data1/hms/dbmi/park/DATA/ICGC/PCAWG_Final_Datasets_DCC/consensus_cnv/segmented_cn/b1e62d8e-24d2-4118-8cd0-3142acebdd5b.consensus.20170119.somatic.cna.txt
b1f19de6-c622-11e3-bf01-24c6515278c0	/n/data1/hms/dbmi/park/DATA/ICGC/PCAWG_Final_Datasets_DCC/consensus_snv_indel/merged_snv_mnv/b1f19de6-c622-11e3-bf01-24c6515278c0.consensus.20160830.somatic.snv_mnv.vcf.gz	/n/data1/hms/dbmi/park/DATA/ICGC/PCAWG_Final_Datasets_DCC/consensus_cnv/segmented_cn/b1f19de6-c622-11e3-bf01-24c6515278c0.consensus.20170119.somatic.cna.txt
b1f2442f-a973-47b4-9891-f028f0d44adc	/n/data1/hms/dbmi/park/DATA/ICGC/PCAWG_Final_Datasets_DCC/consensus_snv_indel/merged_snv_mnv/b1f2442f-a973-47b4-9891-f028f0d44adc.consensus.20160830.somatic.snv_mnv.vcf.gz	/n/data1/hms/dbmi/park/DATA/ICGC/PCAWG_Final_Datasets_DCC/consensus_cnv/segmented_cn/b1f2442f-a973-47b4-9891-f028f0d44adc.consensus.20170119.somatic.cna.txt
b2190e26-1809-4aba-9f45-07c2edb3b4a4	/n/data1/hms/dbmi/park/DATA/ICGC/PCAWG_Final_Datasets_DCC/consensus_snv_indel/merged_snv_mnv/b2190e26-1809-4aba-9f45-07c2edb3b4a4.consensus.20160830.somatic.snv_mnv.vcf.gz	/n/data1/hms/dbmi/park/DATA/ICGC/PCAWG_Final_Datasets_DCC/consensus_cnv/segmented_cn/b2190e26-1809-4aba-9f45-07c2edb3b4a4.consensus.20170119.somatic.cna.txt
b243adb4-b3e7-4e0e-bc0d-625aa8dbb1be	/n/data1/hms/dbmi/park/DATA/ICGC/PCAWG_Final_Datasets_DCC/consensus_snv_indel/merged_snv_mnv/b243adb4-b3e7-4e0e-bc0d-625aa8dbb1be.consensus.20160830.somatic.snv_mnv.vcf.gz	/n/data1/hms/dbmi/park/DATA/ICGC/PCAWG_Final_Datasets_DCC/consensus_cnv/segmented_cn/b243adb4-b3e7-4e0e-bc0d-625aa8dbb1be.consensus.20170119.somatic.cna.txt
b24feafa-f2e9-4498-8471-a9e42c80cc9f	/n/data1/hms/dbmi/park/DATA/ICGC/PCAWG_Final_Datasets_DCC/consensus_snv_indel/merged_snv_mnv/b24feafa-f2e9-4498-8471-a9e42c80cc9f.consensus.20160830.somatic.snv_mnv.vcf.gz	/n/data1/hms/dbmi/park/DATA/ICGC/PCAWG_Final_Datasets_DCC/consensus_cnv/segmented_cn/b24feafa-f2e9-4498-8471-a9e42c80cc9f.consensus.20170119.somatic.cna.txt
b27b569a-2c79-4453-8a2d-41fd0b4dd28d	/n/data1/hms/dbmi/park/DATA/ICGC/PCAWG_Final_Datasets_DCC/consensus_snv_indel/merged_snv_mnv/b27b569a-2c79-4453-8a2d-41fd0b4dd28d.consensus.20160830.somatic.snv_mnv.vcf.gz	/n/data1/hms/dbmi/park/DATA/ICGC/PCAWG_Final_Datasets_DCC/consensus_cnv/segmented_cn/b27b569a-2c79-4453-8a2d-41fd0b4dd28d.consensus.20170119.somatic.cna.txt
b27d75ba-5989-4200-bfe9-f1b7d7cf8008	/n/data1/hms/dbmi/park/DATA/ICGC/PCAWG_Final_Datasets_DCC/consensus_snv_indel/merged_snv_mnv/b27d75ba-5989-4200-bfe9-f1b7d7cf8008.consensus.20160830.somatic.snv_mnv.vcf.gz	/n/data1/hms/dbmi/park/DATA/ICGC/PCAWG_Final_Datasets_DCC/consensus_cnv/segmented_cn/b27d75ba-5989-4200-bfe9-f1b7d7cf8008.consensus.20170119.somatic.cna.txt
b28f7607-f162-425f-b44d-64e9633c8824	/n/data1/hms/dbmi/park/DATA/ICGC/PCAWG_Final_Datasets_DCC/consensus_snv_indel/merged_snv_mnv/b28f7607-f162-425f-b44d-64e9633c8824.consensus.20160830.somatic.snv_mnv.vcf.gz	/n/data1/hms/dbmi/park/DATA/ICGC/PCAWG_Final_Datasets_DCC/consensus_cnv/segmented_cn/b28f7607-f162-425f-b44d-64e9633c8824.consensus.20170119.somatic.cna.txt
b2afbcba-d67d-43f1-be3b-05f3a5836ec0	/n/data1/hms/dbmi/park/DATA/ICGC/PCAWG_Final_Datasets_DCC/consensus_snv_indel/merged_snv_mnv/b2afbcba-d67d-43f1-be3b-05f3a5836ec0.consensus.20160830.somatic.snv_mnv.vcf.gz	/n/data1/hms/dbmi/park/DATA/ICGC/PCAWG_Final_Datasets_DCC/consensus_cnv/segmented_cn/b2afbcba-d67d-43f1-be3b-05f3a5836ec0.consensus.20170119.somatic.cna.txt
b2d17671-d2e1-4c97-8b01-a976d5abe1d6	/n/data1/hms/dbmi/park/DATA/ICGC/PCAWG_Final_Datasets_DCC/consensus_snv_indel/merged_snv_mnv/b2d17671-d2e1-4c97-8b01-a976d5abe1d6.consensus.20160830.somatic.snv_mnv.vcf.gz	/n/data1/hms/dbmi/park/DATA/ICGC/PCAWG_Final_Datasets_DCC/consensus_cnv/segmented_cn/b2d17671-d2e1-4c97-8b01-a976d5abe1d6.consensus.20170119.somatic.cna.txt
b2d9aaff-5a48-48f0-bf55-bfd4ddaeccaf	/n/data1/hms/dbmi/park/DATA/ICGC/PCAWG_Final_Datasets_DCC/consensus_snv_indel/merged_snv_mnv/b2d9aaff-5a48-48f0-bf55-bfd4ddaeccaf.consensus.20160830.somatic.snv_mnv.vcf.gz	/n/data1/hms/dbmi/park/DATA/ICGC/PCAWG_Final_Datasets_DCC/consensus_cnv/segmented_cn/b2d9aaff-5a48-48f0-bf55-bfd4ddaeccaf.consensus.20170119.somatic.cna.txt
b2ec0fd0-fbcf-4abc-ad80-4ae444e30b55	/n/data1/hms/dbmi/park/DATA/ICGC/PCAWG_Final_Datasets_DCC/consensus_snv_indel/merged_snv_mnv/b2ec0fd0-fbcf-4abc-ad80-4ae444e30b55.consensus.20160830.somatic.snv_mnv.vcf.gz	/n/data1/hms/dbmi/park/DATA/ICGC/PCAWG_Final_Datasets_DCC/consensus_cnv/segmented_cn/b2ec0fd0-fbcf-4abc-ad80-4ae444e30b55.consensus.20170119.somatic.cna.txt
b30dfb8b-8288-4e5a-afc2-3d5bd7bfa26c	/n/data1/hms/dbmi/park/DATA/ICGC/PCAWG_Final_Datasets_DCC/consensus_snv_indel/merged_snv_mnv/b30dfb8b-8288-4e5a-afc2-3d5bd7bfa26c.consensus.20160830.somatic.snv_mnv.vcf.gz	/n/data1/hms/dbmi/park/DATA/ICGC/PCAWG_Final_Datasets_DCC/consensus_cnv/segmented_cn/b30dfb8b-8288-4e5a-afc2-3d5bd7bfa26c.consensus.20170119.somatic.cna.txt
b32449c0-c622-11e3-bf01-24c6515278c0	/n/data1/hms/dbmi/park/DATA/ICGC/PCAWG_Final_Datasets_DCC/consensus_snv_indel/merged_snv_mnv/b32449c0-c622-11e3-bf01-24c6515278c0.consensus.20160830.somatic.snv_mnv.vcf.gz	/n/data1/hms/dbmi/park/DATA/ICGC/PCAWG_Final_Datasets_DCC/consensus_cnv/segmented_cn/b32449c0-c622-11e3-bf01-24c6515278c0.consensus.20170119.somatic.cna.txt
b330c50b-c45f-413d-918f-33275d0d8f91	/n/data1/hms/dbmi/park/DATA/ICGC/PCAWG_Final_Datasets_DCC/consensus_snv_indel/merged_snv_mnv/b330c50b-c45f-413d-918f-33275d0d8f91.consensus.20160830.somatic.snv_mnv.vcf.gz	/n/data1/hms/dbmi/park/DATA/ICGC/PCAWG_Final_Datasets_DCC/consensus_cnv/segmented_cn/b330c50b-c45f-413d-918f-33275d0d8f91.consensus.20170119.somatic.cna.txt
b33b7c8f-0b0d-4009-88a7-48e9d9cae6cb	/n/data1/hms/dbmi/park/DATA/ICGC/PCAWG_Final_Datasets_DCC/consensus_snv_indel/merged_snv_mnv/b33b7c8f-0b0d-4009-88a7-48e9d9cae6cb.consensus.20160830.somatic.snv_mnv.vcf.gz	/n/data1/hms/dbmi/park/DATA/ICGC/PCAWG_Final_Datasets_DCC/consensus_cnv/segmented_cn/b33b7c8f-0b0d-4009-88a7-48e9d9cae6cb.consensus.20170119.somatic.cna.txt
b35d9a68-29f4-49ab-b83e-b5151679e3af	/n/data1/hms/dbmi/park/DATA/ICGC/PCAWG_Final_Datasets_DCC/consensus_snv_indel/merged_snv_mnv/b35d9a68-29f4-49ab-b83e-b5151679e3af.consensus.20160830.somatic.snv_mnv.vcf.gz	/n/data1/hms/dbmi/park/DATA/ICGC/PCAWG_Final_Datasets_DCC/consensus_cnv/segmented_cn/b35d9a68-29f4-49ab-b83e-b5151679e3af.consensus.20170119.somatic.cna.txt
b37d6283-6f95-4975-a794-f3d5c4bbc7b3	/n/data1/hms/dbmi/park/DATA/ICGC/PCAWG_Final_Datasets_DCC/consensus_snv_indel/merged_snv_mnv/b37d6283-6f95-4975-a794-f3d5c4bbc7b3.consensus.20160830.somatic.snv_mnv.vcf.gz	/n/data1/hms/dbmi/park/DATA/ICGC/PCAWG_Final_Datasets_DCC/consensus_cnv/segmented_cn/b37d6283-6f95-4975-a794-f3d5c4bbc7b3.consensus.20170119.somatic.cna.txt
b38d0777-4901-48b8-9cdc-33b7f13a424f	/n/data1/hms/dbmi/park/DATA/ICGC/PCAWG_Final_Datasets_DCC/consensus_snv_indel/merged_snv_mnv/b38d0777-4901-48b8-9cdc-33b7f13a424f.consensus.20160830.somatic.snv_mnv.vcf.gz	/n/data1/hms/dbmi/park/DATA/ICGC/PCAWG_Final_Datasets_DCC/consensus_cnv/segmented_cn/b38d0777-4901-48b8-9cdc-33b7f13a424f.consensus.20170119.somatic.cna.txt
b3b3a27c-ee9a-42af-a6d1-9af5970a98b9	/n/data1/hms/dbmi/park/DATA/ICGC/PCAWG_Final_Datasets_DCC/consensus_snv_indel/merged_snv_mnv/b3b3a27c-ee9a-42af-a6d1-9af5970a98b9.consensus.20160830.somatic.snv_mnv.vcf.gz	/n/data1/hms/dbmi/park/DATA/ICGC/PCAWG_Final_Datasets_DCC/consensus_cnv/segmented_cn/b3b3a27c-ee9a-42af-a6d1-9af5970a98b9.consensus.20170119.somatic.cna.txt
b3befa40-8f44-4eb6-ada0-ec395f460656	/n/data1/hms/dbmi/park/DATA/ICGC/PCAWG_Final_Datasets_DCC/consensus_snv_indel/merged_snv_mnv/b3befa40-8f44-4eb6-ada0-ec395f460656.consensus.20160830.somatic.snv_mnv.vcf.gz	/n/data1/hms/dbmi/park/DATA/ICGC/PCAWG_Final_Datasets_DCC/consensus_cnv/segmented_cn/b3befa40-8f44-4eb6-ada0-ec395f460656.consensus.20170119.somatic.cna.txt
b3f1d232-4392-4258-9256-d38ff4b59f94	/n/data1/hms/dbmi/park/DATA/ICGC/PCAWG_Final_Datasets_DCC/consensus_snv_indel/merged_snv_mnv/b3f1d232-4392-4258-9256-d38ff4b59f94.consensus.20160830.somatic.snv_mnv.vcf.gz	/n/data1/hms/dbmi/park/DATA/ICGC/PCAWG_Final_Datasets_DCC/consensus_cnv/segmented_cn/b3f1d232-4392-4258-9256-d38ff4b59f94.consensus.20170119.somatic.cna.txt
b41c63e8-bb85-4f83-9bc6-e611fd9ef075	/n/data1/hms/dbmi/park/DATA/ICGC/PCAWG_Final_Datasets_DCC/consensus_snv_indel/merged_snv_mnv/b41c63e8-bb85-4f83-9bc6-e611fd9ef075.consensus.20160830.somatic.snv_mnv.vcf.gz	/n/data1/hms/dbmi/park/DATA/ICGC/PCAWG_Final_Datasets_DCC/consensus_cnv/segmented_cn/b41c63e8-bb85-4f83-9bc6-e611fd9ef075.consensus.20170119.somatic.cna.txt
b421b9ca-c622-11e3-bf01-24c6515278c0	/n/data1/hms/dbmi/park/DATA/ICGC/PCAWG_Final_Datasets_DCC/consensus_snv_indel/merged_snv_mnv/b421b9ca-c622-11e3-bf01-24c6515278c0.consensus.20160830.somatic.snv_mnv.vcf.gz	/n/data1/hms/dbmi/park/DATA/ICGC/PCAWG_Final_Datasets_DCC/consensus_cnv/segmented_cn/b421b9ca-c622-11e3-bf01-24c6515278c0.consensus.20170119.somatic.cna.txt
b42d183c-bc9c-4652-9e56-10c54c5ee96e	/n/data1/hms/dbmi/park/DATA/ICGC/PCAWG_Final_Datasets_DCC/consensus_snv_indel/merged_snv_mnv/b42d183c-bc9c-4652-9e56-10c54c5ee96e.consensus.20160830.somatic.snv_mnv.vcf.gz	/n/data1/hms/dbmi/park/DATA/ICGC/PCAWG_Final_Datasets_DCC/consensus_cnv/segmented_cn/b42d183c-bc9c-4652-9e56-10c54c5ee96e.consensus.20170119.somatic.cna.txt
b47aa163-eec9-4225-940b-4373e78152e2	/n/data1/hms/dbmi/park/DATA/ICGC/PCAWG_Final_Datasets_DCC/consensus_snv_indel/merged_snv_mnv/b47aa163-eec9-4225-940b-4373e78152e2.consensus.20160830.somatic.snv_mnv.vcf.gz	/n/data1/hms/dbmi/park/DATA/ICGC/PCAWG_Final_Datasets_DCC/consensus_cnv/segmented_cn/b47aa163-eec9-4225-940b-4373e78152e2.consensus.20170119.somatic.cna.txt
b4860b5f-0a80-4fb2-81e1-4bafeb525b1c	/n/data1/hms/dbmi/park/DATA/ICGC/PCAWG_Final_Datasets_DCC/consensus_snv_indel/merged_snv_mnv/b4860b5f-0a80-4fb2-81e1-4bafeb525b1c.consensus.20160830.somatic.snv_mnv.vcf.gz	/n/data1/hms/dbmi/park/DATA/ICGC/PCAWG_Final_Datasets_DCC/consensus_cnv/segmented_cn/b4860b5f-0a80-4fb2-81e1-4bafeb525b1c.consensus.20170119.somatic.cna.txt
b499032c-6cb8-4646-a95b-10af2a21a289	/n/data1/hms/dbmi/park/DATA/ICGC/PCAWG_Final_Datasets_DCC/consensus_snv_indel/merged_snv_mnv/b499032c-6cb8-4646-a95b-10af2a21a289.consensus.20160830.somatic.snv_mnv.vcf.gz	/n/data1/hms/dbmi/park/DATA/ICGC/PCAWG_Final_Datasets_DCC/consensus_cnv/segmented_cn/b499032c-6cb8-4646-a95b-10af2a21a289.consensus.20170119.somatic.cna.txt
b49d5310-3cc5-4386-9444-cf0d61b52376	/n/data1/hms/dbmi/park/DATA/ICGC/PCAWG_Final_Datasets_DCC/consensus_snv_indel/merged_snv_mnv/b49d5310-3cc5-4386-9444-cf0d61b52376.consensus.20160830.somatic.snv_mnv.vcf.gz	/n/data1/hms/dbmi/park/DATA/ICGC/PCAWG_Final_Datasets_DCC/consensus_cnv/segmented_cn/b49d5310-3cc5-4386-9444-cf0d61b52376.consensus.20170119.somatic.cna.txt
b4aea804-fc6e-4d58-906f-f3a932ca9dc5	/n/data1/hms/dbmi/park/DATA/ICGC/PCAWG_Final_Datasets_DCC/consensus_snv_indel/merged_snv_mnv/b4aea804-fc6e-4d58-906f-f3a932ca9dc5.consensus.20160830.somatic.snv_mnv.vcf.gz	/n/data1/hms/dbmi/park/DATA/ICGC/PCAWG_Final_Datasets_DCC/consensus_cnv/segmented_cn/b4aea804-fc6e-4d58-906f-f3a932ca9dc5.consensus.20170119.somatic.cna.txt
b4e5626b-44fe-4cdb-a7d5-42028e0dbc4d	/n/data1/hms/dbmi/park/DATA/ICGC/PCAWG_Final_Datasets_DCC/consensus_snv_indel/merged_snv_mnv/b4e5626b-44fe-4cdb-a7d5-42028e0dbc4d.consensus.20160830.somatic.snv_mnv.vcf.gz	/n/data1/hms/dbmi/park/DATA/ICGC/PCAWG_Final_Datasets_DCC/consensus_cnv/segmented_cn/b4e5626b-44fe-4cdb-a7d5-42028e0dbc4d.consensus.20170119.somatic.cna.txt
b4f515ce-5bee-4e40-a66a-01f41e92181e	/n/data1/hms/dbmi/park/DATA/ICGC/PCAWG_Final_Datasets_DCC/consensus_snv_indel/merged_snv_mnv/b4f515ce-5bee-4e40-a66a-01f41e92181e.consensus.20160830.somatic.snv_mnv.vcf.gz	/n/data1/hms/dbmi/park/DATA/ICGC/PCAWG_Final_Datasets_DCC/consensus_cnv/segmented_cn/b4f515ce-5bee-4e40-a66a-01f41e92181e.consensus.20170119.somatic.cna.txt
b51fa117-2c0a-4e1d-8ec4-9f039073a486	/n/data1/hms/dbmi/park/DATA/ICGC/PCAWG_Final_Datasets_DCC/consensus_snv_indel/merged_snv_mnv/b51fa117-2c0a-4e1d-8ec4-9f039073a486.consensus.20160830.somatic.snv_mnv.vcf.gz	/n/data1/hms/dbmi/park/DATA/ICGC/PCAWG_Final_Datasets_DCC/consensus_cnv/segmented_cn/b51fa117-2c0a-4e1d-8ec4-9f039073a486.consensus.20170119.somatic.cna.txt
b537bc07-9998-49f4-bbbe-5b617152bfd9	/n/data1/hms/dbmi/park/DATA/ICGC/PCAWG_Final_Datasets_DCC/consensus_snv_indel/merged_snv_mnv/b537bc07-9998-49f4-bbbe-5b617152bfd9.consensus.20160830.somatic.snv_mnv.vcf.gz	/n/data1/hms/dbmi/park/DATA/ICGC/PCAWG_Final_Datasets_DCC/consensus_cnv/segmented_cn/b537bc07-9998-49f4-bbbe-5b617152bfd9.consensus.20170119.somatic.cna.txt
b53dcb4d-f894-47b8-8a4e-17c7998d8120	/n/data1/hms/dbmi/park/DATA/ICGC/PCAWG_Final_Datasets_DCC/consensus_snv_indel/merged_snv_mnv/b53dcb4d-f894-47b8-8a4e-17c7998d8120.consensus.20160830.somatic.snv_mnv.vcf.gz	/n/data1/hms/dbmi/park/DATA/ICGC/PCAWG_Final_Datasets_DCC/consensus_cnv/segmented_cn/b53dcb4d-f894-47b8-8a4e-17c7998d8120.consensus.20170119.somatic.cna.txt
b54b9433-ec10-4cb5-a860-4555da64917b	/n/data1/hms/dbmi/park/DATA/ICGC/PCAWG_Final_Datasets_DCC/consensus_snv_indel/merged_snv_mnv/b54b9433-ec10-4cb5-a860-4555da64917b.consensus.20160830.somatic.snv_mnv.vcf.gz	/n/data1/hms/dbmi/park/DATA/ICGC/PCAWG_Final_Datasets_DCC/consensus_cnv/segmented_cn/b54b9433-ec10-4cb5-a860-4555da64917b.consensus.20170119.somatic.cna.txt
b55751c4-c622-11e3-bf01-24c6515278c0	/n/data1/hms/dbmi/park/DATA/ICGC/PCAWG_Final_Datasets_DCC/consensus_snv_indel/merged_snv_mnv/b55751c4-c622-11e3-bf01-24c6515278c0.consensus.20160830.somatic.snv_mnv.vcf.gz	/n/data1/hms/dbmi/park/DATA/ICGC/PCAWG_Final_Datasets_DCC/consensus_cnv/segmented_cn/b55751c4-c622-11e3-bf01-24c6515278c0.consensus.20170119.somatic.cna.txt
b5cabba2-30a4-458e-897c-00ec3fefa6d2	/n/data1/hms/dbmi/park/DATA/ICGC/PCAWG_Final_Datasets_DCC/consensus_snv_indel/merged_snv_mnv/b5cabba2-30a4-458e-897c-00ec3fefa6d2.consensus.20160830.somatic.snv_mnv.vcf.gz	/n/data1/hms/dbmi/park/DATA/ICGC/PCAWG_Final_Datasets_DCC/consensus_cnv/segmented_cn/b5cabba2-30a4-458e-897c-00ec3fefa6d2.consensus.20170119.somatic.cna.txt
b5cc4a6d-93a9-497c-a7bb-a5db82edc176	/n/data1/hms/dbmi/park/DATA/ICGC/PCAWG_Final_Datasets_DCC/consensus_snv_indel/merged_snv_mnv/b5cc4a6d-93a9-497c-a7bb-a5db82edc176.consensus.20160830.somatic.snv_mnv.vcf.gz	/n/data1/hms/dbmi/park/DATA/ICGC/PCAWG_Final_Datasets_DCC/consensus_cnv/segmented_cn/b5cc4a6d-93a9-497c-a7bb-a5db82edc176.consensus.20170119.somatic.cna.txt
b5dd0bc9-6c1c-4272-b920-744de37d0aee	/n/data1/hms/dbmi/park/DATA/ICGC/PCAWG_Final_Datasets_DCC/consensus_snv_indel/merged_snv_mnv/b5dd0bc9-6c1c-4272-b920-744de37d0aee.consensus.20160830.somatic.snv_mnv.vcf.gz	/n/data1/hms/dbmi/park/DATA/ICGC/PCAWG_Final_Datasets_DCC/consensus_cnv/segmented_cn/b5dd0bc9-6c1c-4272-b920-744de37d0aee.consensus.20170119.somatic.cna.txt
b5f90cb8-7304-48fb-a1d3-ff459c7d79d1	/n/data1/hms/dbmi/park/DATA/ICGC/PCAWG_Final_Datasets_DCC/consensus_snv_indel/merged_snv_mnv/b5f90cb8-7304-48fb-a1d3-ff459c7d79d1.consensus.20160830.somatic.snv_mnv.vcf.gz	/n/data1/hms/dbmi/park/DATA/ICGC/PCAWG_Final_Datasets_DCC/consensus_cnv/segmented_cn/b5f90cb8-7304-48fb-a1d3-ff459c7d79d1.consensus.20170119.somatic.cna.txt
b60392fb-43d9-4c9c-b91b-ded40492e61c	/n/data1/hms/dbmi/park/DATA/ICGC/PCAWG_Final_Datasets_DCC/consensus_snv_indel/merged_snv_mnv/b60392fb-43d9-4c9c-b91b-ded40492e61c.consensus.20160830.somatic.snv_mnv.vcf.gz	/n/data1/hms/dbmi/park/DATA/ICGC/PCAWG_Final_Datasets_DCC/consensus_cnv/segmented_cn/b60392fb-43d9-4c9c-b91b-ded40492e61c.consensus.20170119.somatic.cna.txt
b61f7f76-f365-4071-a28d-bf354d5a670d	/n/data1/hms/dbmi/park/DATA/ICGC/PCAWG_Final_Datasets_DCC/consensus_snv_indel/merged_snv_mnv/b61f7f76-f365-4071-a28d-bf354d5a670d.consensus.20160830.somatic.snv_mnv.vcf.gz	/n/data1/hms/dbmi/park/DATA/ICGC/PCAWG_Final_Datasets_DCC/consensus_cnv/segmented_cn/b61f7f76-f365-4071-a28d-bf354d5a670d.consensus.20170119.somatic.cna.txt
b6365bdb-e6d5-4615-95b3-db12a0c2f3d9	/n/data1/hms/dbmi/park/DATA/ICGC/PCAWG_Final_Datasets_DCC/consensus_snv_indel/merged_snv_mnv/b6365bdb-e6d5-4615-95b3-db12a0c2f3d9.consensus.20160830.somatic.snv_mnv.vcf.gz	/n/data1/hms/dbmi/park/DATA/ICGC/PCAWG_Final_Datasets_DCC/consensus_cnv/segmented_cn/b6365bdb-e6d5-4615-95b3-db12a0c2f3d9.consensus.20170119.somatic.cna.txt
b64173fc-abac-4695-902b-f0acf9444e9f	/n/data1/hms/dbmi/park/DATA/ICGC/PCAWG_Final_Datasets_DCC/consensus_snv_indel/merged_snv_mnv/b64173fc-abac-4695-902b-f0acf9444e9f.consensus.20160830.somatic.snv_mnv.vcf.gz	/n/data1/hms/dbmi/park/DATA/ICGC/PCAWG_Final_Datasets_DCC/consensus_cnv/segmented_cn/b64173fc-abac-4695-902b-f0acf9444e9f.consensus.20170119.somatic.cna.txt
b67208c4-c622-11e3-bf01-24c6515278c0	/n/data1/hms/dbmi/park/DATA/ICGC/PCAWG_Final_Datasets_DCC/consensus_snv_indel/merged_snv_mnv/b67208c4-c622-11e3-bf01-24c6515278c0.consensus.20160830.somatic.snv_mnv.vcf.gz	/n/data1/hms/dbmi/park/DATA/ICGC/PCAWG_Final_Datasets_DCC/consensus_cnv/segmented_cn/b67208c4-c622-11e3-bf01-24c6515278c0.consensus.20170119.somatic.cna.txt
b68c5ec2-0875-4d77-b4b7-738d2b2f313c	/n/data1/hms/dbmi/park/DATA/ICGC/PCAWG_Final_Datasets_DCC/consensus_snv_indel/merged_snv_mnv/b68c5ec2-0875-4d77-b4b7-738d2b2f313c.consensus.20160830.somatic.snv_mnv.vcf.gz	/n/data1/hms/dbmi/park/DATA/ICGC/PCAWG_Final_Datasets_DCC/consensus_cnv/segmented_cn/b68c5ec2-0875-4d77-b4b7-738d2b2f313c.consensus.20170119.somatic.cna.txt
b68f18e1-0117-420c-9405-e8d3a1e8caff	/n/data1/hms/dbmi/park/DATA/ICGC/PCAWG_Final_Datasets_DCC/consensus_snv_indel/merged_snv_mnv/b68f18e1-0117-420c-9405-e8d3a1e8caff.consensus.20160830.somatic.snv_mnv.vcf.gz	/n/data1/hms/dbmi/park/DATA/ICGC/PCAWG_Final_Datasets_DCC/consensus_cnv/segmented_cn/b68f18e1-0117-420c-9405-e8d3a1e8caff.consensus.20170119.somatic.cna.txt
b6b6e1d3-c592-4836-bdad-d53af2dbcc9a	/n/data1/hms/dbmi/park/DATA/ICGC/PCAWG_Final_Datasets_DCC/consensus_snv_indel/merged_snv_mnv/b6b6e1d3-c592-4836-bdad-d53af2dbcc9a.consensus.20160830.somatic.snv_mnv.vcf.gz	/n/data1/hms/dbmi/park/DATA/ICGC/PCAWG_Final_Datasets_DCC/consensus_cnv/segmented_cn/b6b6e1d3-c592-4836-bdad-d53af2dbcc9a.consensus.20170119.somatic.cna.txt
b7008a98-5aa0-4cc9-9bee-af2a422266db	/n/data1/hms/dbmi/park/DATA/ICGC/PCAWG_Final_Datasets_DCC/consensus_snv_indel/merged_snv_mnv/b7008a98-5aa0-4cc9-9bee-af2a422266db.consensus.20160830.somatic.snv_mnv.vcf.gz	/n/data1/hms/dbmi/park/DATA/ICGC/PCAWG_Final_Datasets_DCC/consensus_cnv/segmented_cn/b7008a98-5aa0-4cc9-9bee-af2a422266db.consensus.20170119.somatic.cna.txt
b710b214-5666-4054-97ef-3b9ac2bd90ac	/n/data1/hms/dbmi/park/DATA/ICGC/PCAWG_Final_Datasets_DCC/consensus_snv_indel/merged_snv_mnv/b710b214-5666-4054-97ef-3b9ac2bd90ac.consensus.20160830.somatic.snv_mnv.vcf.gz	/n/data1/hms/dbmi/park/DATA/ICGC/PCAWG_Final_Datasets_DCC/consensus_cnv/segmented_cn/b710b214-5666-4054-97ef-3b9ac2bd90ac.consensus.20170119.somatic.cna.txt
b73523d7-f5a5-4140-8537-4df4d1ecf465	/n/data1/hms/dbmi/park/DATA/ICGC/PCAWG_Final_Datasets_DCC/consensus_snv_indel/merged_snv_mnv/b73523d7-f5a5-4140-8537-4df4d1ecf465.consensus.20160830.somatic.snv_mnv.vcf.gz	/n/data1/hms/dbmi/park/DATA/ICGC/PCAWG_Final_Datasets_DCC/consensus_cnv/segmented_cn/b73523d7-f5a5-4140-8537-4df4d1ecf465.consensus.20170119.somatic.cna.txt
b752b444-f033-4be4-9d24-e5e80b4181af	/n/data1/hms/dbmi/park/DATA/ICGC/PCAWG_Final_Datasets_DCC/consensus_snv_indel/merged_snv_mnv/b752b444-f033-4be4-9d24-e5e80b4181af.consensus.20160830.somatic.snv_mnv.vcf.gz	/n/data1/hms/dbmi/park/DATA/ICGC/PCAWG_Final_Datasets_DCC/consensus_cnv/segmented_cn/b752b444-f033-4be4-9d24-e5e80b4181af.consensus.20170119.somatic.cna.txt
b757a040-3c9e-45e7-a045-9cd08db11d62	/n/data1/hms/dbmi/park/DATA/ICGC/PCAWG_Final_Datasets_DCC/consensus_snv_indel/merged_snv_mnv/b757a040-3c9e-45e7-a045-9cd08db11d62.consensus.20160830.somatic.snv_mnv.vcf.gz	/n/data1/hms/dbmi/park/DATA/ICGC/PCAWG_Final_Datasets_DCC/consensus_cnv/segmented_cn/b757a040-3c9e-45e7-a045-9cd08db11d62.consensus.20170119.somatic.cna.txt
b75b2663-dcc6-411c-bfcc-574aa33cf388	/n/data1/hms/dbmi/park/DATA/ICGC/PCAWG_Final_Datasets_DCC/consensus_snv_indel/merged_snv_mnv/b75b2663-dcc6-411c-bfcc-574aa33cf388.consensus.20160830.somatic.snv_mnv.vcf.gz	/n/data1/hms/dbmi/park/DATA/ICGC/PCAWG_Final_Datasets_DCC/consensus_cnv/segmented_cn/b75b2663-dcc6-411c-bfcc-574aa33cf388.consensus.20170119.somatic.cna.txt
b77084ab-8148-49e0-b3f9-90f7d9ea1862	/n/data1/hms/dbmi/park/DATA/ICGC/PCAWG_Final_Datasets_DCC/consensus_snv_indel/merged_snv_mnv/b77084ab-8148-49e0-b3f9-90f7d9ea1862.consensus.20160830.somatic.snv_mnv.vcf.gz	/n/data1/hms/dbmi/park/DATA/ICGC/PCAWG_Final_Datasets_DCC/consensus_cnv/segmented_cn/b77084ab-8148-49e0-b3f9-90f7d9ea1862.consensus.20170119.somatic.cna.txt
b77543e4-c622-11e3-bf01-24c6515278c0	/n/data1/hms/dbmi/park/DATA/ICGC/PCAWG_Final_Datasets_DCC/consensus_snv_indel/merged_snv_mnv/b77543e4-c622-11e3-bf01-24c6515278c0.consensus.20160830.somatic.snv_mnv.vcf.gz	/n/data1/hms/dbmi/park/DATA/ICGC/PCAWG_Final_Datasets_DCC/consensus_cnv/segmented_cn/b77543e4-c622-11e3-bf01-24c6515278c0.consensus.20170119.somatic.cna.txt
b7a7d93b-38a7-4fc3-a433-3bb0a8cb7c42	/n/data1/hms/dbmi/park/DATA/ICGC/PCAWG_Final_Datasets_DCC/consensus_snv_indel/merged_snv_mnv/b7a7d93b-38a7-4fc3-a433-3bb0a8cb7c42.consensus.20160830.somatic.snv_mnv.vcf.gz	/n/data1/hms/dbmi/park/DATA/ICGC/PCAWG_Final_Datasets_DCC/consensus_cnv/segmented_cn/b7a7d93b-38a7-4fc3-a433-3bb0a8cb7c42.consensus.20170119.somatic.cna.txt
b7f11036-7ac4-41bc-a9a4-64162725fdfc	/n/data1/hms/dbmi/park/DATA/ICGC/PCAWG_Final_Datasets_DCC/consensus_snv_indel/merged_snv_mnv/b7f11036-7ac4-41bc-a9a4-64162725fdfc.consensus.20160830.somatic.snv_mnv.vcf.gz	/n/data1/hms/dbmi/park/DATA/ICGC/PCAWG_Final_Datasets_DCC/consensus_cnv/segmented_cn/b7f11036-7ac4-41bc-a9a4-64162725fdfc.consensus.20170119.somatic.cna.txt
b7f2e85a-3c6a-48b7-8a4f-2dec1d85359d	/n/data1/hms/dbmi/park/DATA/ICGC/PCAWG_Final_Datasets_DCC/consensus_snv_indel/merged_snv_mnv/b7f2e85a-3c6a-48b7-8a4f-2dec1d85359d.consensus.20160830.somatic.snv_mnv.vcf.gz	/n/data1/hms/dbmi/park/DATA/ICGC/PCAWG_Final_Datasets_DCC/consensus_cnv/segmented_cn/b7f2e85a-3c6a-48b7-8a4f-2dec1d85359d.consensus.20170119.somatic.cna.txt
b7fbd99c-dea0-4448-a430-7f94c611e702	/n/data1/hms/dbmi/park/DATA/ICGC/PCAWG_Final_Datasets_DCC/consensus_snv_indel/merged_snv_mnv/b7fbd99c-dea0-4448-a430-7f94c611e702.consensus.20160830.somatic.snv_mnv.vcf.gz	/n/data1/hms/dbmi/park/DATA/ICGC/PCAWG_Final_Datasets_DCC/consensus_cnv/segmented_cn/b7fbd99c-dea0-4448-a430-7f94c611e702.consensus.20170119.somatic.cna.txt
b8068cbb-4523-4ac9-ab17-edd4eb0e2975	/n/data1/hms/dbmi/park/DATA/ICGC/PCAWG_Final_Datasets_DCC/consensus_snv_indel/merged_snv_mnv/b8068cbb-4523-4ac9-ab17-edd4eb0e2975.consensus.20160830.somatic.snv_mnv.vcf.gz	/n/data1/hms/dbmi/park/DATA/ICGC/PCAWG_Final_Datasets_DCC/consensus_cnv/segmented_cn/b8068cbb-4523-4ac9-ab17-edd4eb0e2975.consensus.20170119.somatic.cna.txt
b80ca528-2c5f-400c-8df3-9c47869a64c2	/n/data1/hms/dbmi/park/DATA/ICGC/PCAWG_Final_Datasets_DCC/consensus_snv_indel/merged_snv_mnv/b80ca528-2c5f-400c-8df3-9c47869a64c2.consensus.20160830.somatic.snv_mnv.vcf.gz	/n/data1/hms/dbmi/park/DATA/ICGC/PCAWG_Final_Datasets_DCC/consensus_cnv/segmented_cn/b80ca528-2c5f-400c-8df3-9c47869a64c2.consensus.20170119.somatic.cna.txt
b8151614-b08f-49a3-ab6f-2e780f765a17	/n/data1/hms/dbmi/park/DATA/ICGC/PCAWG_Final_Datasets_DCC/consensus_snv_indel/merged_snv_mnv/b8151614-b08f-49a3-ab6f-2e780f765a17.consensus.20160830.somatic.snv_mnv.vcf.gz	/n/data1/hms/dbmi/park/DATA/ICGC/PCAWG_Final_Datasets_DCC/consensus_cnv/segmented_cn/b8151614-b08f-49a3-ab6f-2e780f765a17.consensus.20170119.somatic.cna.txt
b8270565-9e02-4d46-9534-08206bfd027a	/n/data1/hms/dbmi/park/DATA/ICGC/PCAWG_Final_Datasets_DCC/consensus_snv_indel/merged_snv_mnv/b8270565-9e02-4d46-9534-08206bfd027a.consensus.20160830.somatic.snv_mnv.vcf.gz	/n/data1/hms/dbmi/park/DATA/ICGC/PCAWG_Final_Datasets_DCC/consensus_cnv/segmented_cn/b8270565-9e02-4d46-9534-08206bfd027a.consensus.20170119.somatic.cna.txt
b86655a4-c622-11e3-bf01-24c6515278c0	/n/data1/hms/dbmi/park/DATA/ICGC/PCAWG_Final_Datasets_DCC/consensus_snv_indel/merged_snv_mnv/b86655a4-c622-11e3-bf01-24c6515278c0.consensus.20160830.somatic.snv_mnv.vcf.gz	/n/data1/hms/dbmi/park/DATA/ICGC/PCAWG_Final_Datasets_DCC/consensus_cnv/segmented_cn/b86655a4-c622-11e3-bf01-24c6515278c0.consensus.20170119.somatic.cna.txt
b86678f3-c9cf-4ba4-8248-3efb2a7c4884	/n/data1/hms/dbmi/park/DATA/ICGC/PCAWG_Final_Datasets_DCC/consensus_snv_indel/merged_snv_mnv/b86678f3-c9cf-4ba4-8248-3efb2a7c4884.consensus.20160830.somatic.snv_mnv.vcf.gz	/n/data1/hms/dbmi/park/DATA/ICGC/PCAWG_Final_Datasets_DCC/consensus_cnv/segmented_cn/b86678f3-c9cf-4ba4-8248-3efb2a7c4884.consensus.20170119.somatic.cna.txt
b86e88e7-0d5f-4b32-a35f-dc97251ab990	/n/data1/hms/dbmi/park/DATA/ICGC/PCAWG_Final_Datasets_DCC/consensus_snv_indel/merged_snv_mnv/b86e88e7-0d5f-4b32-a35f-dc97251ab990.consensus.20160830.somatic.snv_mnv.vcf.gz	/n/data1/hms/dbmi/park/DATA/ICGC/PCAWG_Final_Datasets_DCC/consensus_cnv/segmented_cn/b86e88e7-0d5f-4b32-a35f-dc97251ab990.consensus.20170119.somatic.cna.txt
b88f014e-bc0f-4775-8228-39e0b471c3b0	/n/data1/hms/dbmi/park/DATA/ICGC/PCAWG_Final_Datasets_DCC/consensus_snv_indel/merged_snv_mnv/b88f014e-bc0f-4775-8228-39e0b471c3b0.consensus.20160830.somatic.snv_mnv.vcf.gz	/n/data1/hms/dbmi/park/DATA/ICGC/PCAWG_Final_Datasets_DCC/consensus_cnv/segmented_cn/b88f014e-bc0f-4775-8228-39e0b471c3b0.consensus.20170119.somatic.cna.txt
b8cd6882-be27-4742-bc63-3227d31bf704	/n/data1/hms/dbmi/park/DATA/ICGC/PCAWG_Final_Datasets_DCC/consensus_snv_indel/merged_snv_mnv/b8cd6882-be27-4742-bc63-3227d31bf704.consensus.20160830.somatic.snv_mnv.vcf.gz	/n/data1/hms/dbmi/park/DATA/ICGC/PCAWG_Final_Datasets_DCC/consensus_cnv/segmented_cn/b8cd6882-be27-4742-bc63-3227d31bf704.consensus.20170119.somatic.cna.txt
b8f3137e-5e92-4a56-90d4-884a4ed2ef9c	/n/data1/hms/dbmi/park/DATA/ICGC/PCAWG_Final_Datasets_DCC/consensus_snv_indel/merged_snv_mnv/b8f3137e-5e92-4a56-90d4-884a4ed2ef9c.consensus.20160830.somatic.snv_mnv.vcf.gz	/n/data1/hms/dbmi/park/DATA/ICGC/PCAWG_Final_Datasets_DCC/consensus_cnv/segmented_cn/b8f3137e-5e92-4a56-90d4-884a4ed2ef9c.consensus.20170119.somatic.cna.txt
b9098b7c-eab0-4ef5-b968-8d3024bf32f7	/n/data1/hms/dbmi/park/DATA/ICGC/PCAWG_Final_Datasets_DCC/consensus_snv_indel/merged_snv_mnv/b9098b7c-eab0-4ef5-b968-8d3024bf32f7.consensus.20160830.somatic.snv_mnv.vcf.gz	/n/data1/hms/dbmi/park/DATA/ICGC/PCAWG_Final_Datasets_DCC/consensus_cnv/segmented_cn/b9098b7c-eab0-4ef5-b968-8d3024bf32f7.consensus.20170119.somatic.cna.txt
b97941dd-9844-4db2-9e25-42c725f47d70	/n/data1/hms/dbmi/park/DATA/ICGC/PCAWG_Final_Datasets_DCC/consensus_snv_indel/merged_snv_mnv/b97941dd-9844-4db2-9e25-42c725f47d70.consensus.20160830.somatic.snv_mnv.vcf.gz	/n/data1/hms/dbmi/park/DATA/ICGC/PCAWG_Final_Datasets_DCC/consensus_cnv/segmented_cn/b97941dd-9844-4db2-9e25-42c725f47d70.consensus.20170119.somatic.cna.txt
b994762c-c622-11e3-bf01-24c6515278c0	/n/data1/hms/dbmi/park/DATA/ICGC/PCAWG_Final_Datasets_DCC/consensus_snv_indel/merged_snv_mnv/b994762c-c622-11e3-bf01-24c6515278c0.consensus.20160830.somatic.snv_mnv.vcf.gz	/n/data1/hms/dbmi/park/DATA/ICGC/PCAWG_Final_Datasets_DCC/consensus_cnv/segmented_cn/b994762c-c622-11e3-bf01-24c6515278c0.consensus.20170119.somatic.cna.txt
b9bcba3a-c9be-4305-b5f4-c861282921e0	/n/data1/hms/dbmi/park/DATA/ICGC/PCAWG_Final_Datasets_DCC/consensus_snv_indel/merged_snv_mnv/b9bcba3a-c9be-4305-b5f4-c861282921e0.consensus.20160830.somatic.snv_mnv.vcf.gz	/n/data1/hms/dbmi/park/DATA/ICGC/PCAWG_Final_Datasets_DCC/consensus_cnv/segmented_cn/b9bcba3a-c9be-4305-b5f4-c861282921e0.consensus.20170119.somatic.cna.txt
b9d1a64e-d445-4174-a5b4-76dd6ea69419	/n/data1/hms/dbmi/park/DATA/ICGC/PCAWG_Final_Datasets_DCC/consensus_snv_indel/merged_snv_mnv/b9d1a64e-d445-4174-a5b4-76dd6ea69419.consensus.20160830.somatic.snv_mnv.vcf.gz	/n/data1/hms/dbmi/park/DATA/ICGC/PCAWG_Final_Datasets_DCC/consensus_cnv/segmented_cn/b9d1a64e-d445-4174-a5b4-76dd6ea69419.consensus.20170119.somatic.cna.txt
b9d2e29e-8546-4310-aeea-e029f17c0516	/n/data1/hms/dbmi/park/DATA/ICGC/PCAWG_Final_Datasets_DCC/consensus_snv_indel/merged_snv_mnv/b9d2e29e-8546-4310-aeea-e029f17c0516.consensus.20160830.somatic.snv_mnv.vcf.gz	/n/data1/hms/dbmi/park/DATA/ICGC/PCAWG_Final_Datasets_DCC/consensus_cnv/segmented_cn/b9d2e29e-8546-4310-aeea-e029f17c0516.consensus.20170119.somatic.cna.txt
b9dbc78e-44ce-427c-bbeb-de8d097bde2c	/n/data1/hms/dbmi/park/DATA/ICGC/PCAWG_Final_Datasets_DCC/consensus_snv_indel/merged_snv_mnv/b9dbc78e-44ce-427c-bbeb-de8d097bde2c.consensus.20160830.somatic.snv_mnv.vcf.gz	/n/data1/hms/dbmi/park/DATA/ICGC/PCAWG_Final_Datasets_DCC/consensus_cnv/segmented_cn/b9dbc78e-44ce-427c-bbeb-de8d097bde2c.consensus.20170119.somatic.cna.txt
b9f03936-1de5-4330-8b0f-6d0ab533876e	/n/data1/hms/dbmi/park/DATA/ICGC/PCAWG_Final_Datasets_DCC/consensus_snv_indel/merged_snv_mnv/b9f03936-1de5-4330-8b0f-6d0ab533876e.consensus.20160830.somatic.snv_mnv.vcf.gz	/n/data1/hms/dbmi/park/DATA/ICGC/PCAWG_Final_Datasets_DCC/consensus_cnv/segmented_cn/b9f03936-1de5-4330-8b0f-6d0ab533876e.consensus.20170119.somatic.cna.txt
ba096d4f-5a6c-4c31-ae03-e7483cf58c38	/n/data1/hms/dbmi/park/DATA/ICGC/PCAWG_Final_Datasets_DCC/consensus_snv_indel/merged_snv_mnv/ba096d4f-5a6c-4c31-ae03-e7483cf58c38.consensus.20160830.somatic.snv_mnv.vcf.gz	/n/data1/hms/dbmi/park/DATA/ICGC/PCAWG_Final_Datasets_DCC/consensus_cnv/segmented_cn/ba096d4f-5a6c-4c31-ae03-e7483cf58c38.consensus.20170119.somatic.cna.txt
ba5667da-7688-4931-bdb7-d65f391caf60	/n/data1/hms/dbmi/park/DATA/ICGC/PCAWG_Final_Datasets_DCC/consensus_snv_indel/merged_snv_mnv/ba5667da-7688-4931-bdb7-d65f391caf60.consensus.20160830.somatic.snv_mnv.vcf.gz	/n/data1/hms/dbmi/park/DATA/ICGC/PCAWG_Final_Datasets_DCC/consensus_cnv/segmented_cn/ba5667da-7688-4931-bdb7-d65f391caf60.consensus.20170119.somatic.cna.txt
ba67c02a-180b-43f3-b53c-2b77d84fbe3c	/n/data1/hms/dbmi/park/DATA/ICGC/PCAWG_Final_Datasets_DCC/consensus_snv_indel/merged_snv_mnv/ba67c02a-180b-43f3-b53c-2b77d84fbe3c.consensus.20160830.somatic.snv_mnv.vcf.gz	/n/data1/hms/dbmi/park/DATA/ICGC/PCAWG_Final_Datasets_DCC/consensus_cnv/segmented_cn/ba67c02a-180b-43f3-b53c-2b77d84fbe3c.consensus.20170119.somatic.cna.txt
ba686386-8113-4885-b20f-6ad09a295604	/n/data1/hms/dbmi/park/DATA/ICGC/PCAWG_Final_Datasets_DCC/consensus_snv_indel/merged_snv_mnv/ba686386-8113-4885-b20f-6ad09a295604.consensus.20160830.somatic.snv_mnv.vcf.gz	/n/data1/hms/dbmi/park/DATA/ICGC/PCAWG_Final_Datasets_DCC/consensus_cnv/segmented_cn/ba686386-8113-4885-b20f-6ad09a295604.consensus.20170119.somatic.cna.txt
ba940092-c622-11e3-bf01-24c6515278c0	/n/data1/hms/dbmi/park/DATA/ICGC/PCAWG_Final_Datasets_DCC/consensus_snv_indel/merged_snv_mnv/ba940092-c622-11e3-bf01-24c6515278c0.consensus.20160830.somatic.snv_mnv.vcf.gz	/n/data1/hms/dbmi/park/DATA/ICGC/PCAWG_Final_Datasets_DCC/consensus_cnv/segmented_cn/ba940092-c622-11e3-bf01-24c6515278c0.consensus.20170119.somatic.cna.txt
ba94c29b-b76e-4d67-bf5a-ce6bc45d85f8	/n/data1/hms/dbmi/park/DATA/ICGC/PCAWG_Final_Datasets_DCC/consensus_snv_indel/merged_snv_mnv/ba94c29b-b76e-4d67-bf5a-ce6bc45d85f8.consensus.20160830.somatic.snv_mnv.vcf.gz	/n/data1/hms/dbmi/park/DATA/ICGC/PCAWG_Final_Datasets_DCC/consensus_cnv/segmented_cn/ba94c29b-b76e-4d67-bf5a-ce6bc45d85f8.consensus.20170119.somatic.cna.txt
baa02e74-9cae-4996-858e-17d9f52d924b	/n/data1/hms/dbmi/park/DATA/ICGC/PCAWG_Final_Datasets_DCC/consensus_snv_indel/merged_snv_mnv/baa02e74-9cae-4996-858e-17d9f52d924b.consensus.20160830.somatic.snv_mnv.vcf.gz	/n/data1/hms/dbmi/park/DATA/ICGC/PCAWG_Final_Datasets_DCC/consensus_cnv/segmented_cn/baa02e74-9cae-4996-858e-17d9f52d924b.consensus.20170119.somatic.cna.txt
bb02202f-d140-4bec-95ce-5c2b117a2167	/n/data1/hms/dbmi/park/DATA/ICGC/PCAWG_Final_Datasets_DCC/consensus_snv_indel/merged_snv_mnv/bb02202f-d140-4bec-95ce-5c2b117a2167.consensus.20160830.somatic.snv_mnv.vcf.gz	/n/data1/hms/dbmi/park/DATA/ICGC/PCAWG_Final_Datasets_DCC/consensus_cnv/segmented_cn/bb02202f-d140-4bec-95ce-5c2b117a2167.consensus.20170119.somatic.cna.txt
bb45c6f5-49cb-418d-85bb-3ded165e2d07	/n/data1/hms/dbmi/park/DATA/ICGC/PCAWG_Final_Datasets_DCC/consensus_snv_indel/merged_snv_mnv/bb45c6f5-49cb-418d-85bb-3ded165e2d07.consensus.20160830.somatic.snv_mnv.vcf.gz	/n/data1/hms/dbmi/park/DATA/ICGC/PCAWG_Final_Datasets_DCC/consensus_cnv/segmented_cn/bb45c6f5-49cb-418d-85bb-3ded165e2d07.consensus.20170119.somatic.cna.txt
bb567851-d4ff-4a93-8576-04a37aea68af	/n/data1/hms/dbmi/park/DATA/ICGC/PCAWG_Final_Datasets_DCC/consensus_snv_indel/merged_snv_mnv/bb567851-d4ff-4a93-8576-04a37aea68af.consensus.20160830.somatic.snv_mnv.vcf.gz	/n/data1/hms/dbmi/park/DATA/ICGC/PCAWG_Final_Datasets_DCC/consensus_cnv/segmented_cn/bb567851-d4ff-4a93-8576-04a37aea68af.consensus.20170119.somatic.cna.txt
bb5bedd3-d8fc-4739-8e6b-9e37223f8be2	/n/data1/hms/dbmi/park/DATA/ICGC/PCAWG_Final_Datasets_DCC/consensus_snv_indel/merged_snv_mnv/bb5bedd3-d8fc-4739-8e6b-9e37223f8be2.consensus.20160830.somatic.snv_mnv.vcf.gz	/n/data1/hms/dbmi/park/DATA/ICGC/PCAWG_Final_Datasets_DCC/consensus_cnv/segmented_cn/bb5bedd3-d8fc-4739-8e6b-9e37223f8be2.consensus.20170119.somatic.cna.txt
bb6150f7-23e4-40f2-b466-6b6edd19c502	/n/data1/hms/dbmi/park/DATA/ICGC/PCAWG_Final_Datasets_DCC/consensus_snv_indel/merged_snv_mnv/bb6150f7-23e4-40f2-b466-6b6edd19c502.consensus.20160830.somatic.snv_mnv.vcf.gz	/n/data1/hms/dbmi/park/DATA/ICGC/PCAWG_Final_Datasets_DCC/consensus_cnv/segmented_cn/bb6150f7-23e4-40f2-b466-6b6edd19c502.consensus.20170119.somatic.cna.txt
bb659e7c-0b97-41b5-ac10-a66bb1f6f283	/n/data1/hms/dbmi/park/DATA/ICGC/PCAWG_Final_Datasets_DCC/consensus_snv_indel/merged_snv_mnv/bb659e7c-0b97-41b5-ac10-a66bb1f6f283.consensus.20160830.somatic.snv_mnv.vcf.gz	/n/data1/hms/dbmi/park/DATA/ICGC/PCAWG_Final_Datasets_DCC/consensus_cnv/segmented_cn/bb659e7c-0b97-41b5-ac10-a66bb1f6f283.consensus.20170119.somatic.cna.txt
bb65d670-0411-4fc5-a6cb-019caec1ab36	/n/data1/hms/dbmi/park/DATA/ICGC/PCAWG_Final_Datasets_DCC/consensus_snv_indel/merged_snv_mnv/bb65d670-0411-4fc5-a6cb-019caec1ab36.consensus.20160830.somatic.snv_mnv.vcf.gz	/n/data1/hms/dbmi/park/DATA/ICGC/PCAWG_Final_Datasets_DCC/consensus_cnv/segmented_cn/bb65d670-0411-4fc5-a6cb-019caec1ab36.consensus.20170119.somatic.cna.txt
bb66787e-e0b2-45b6-b452-98a6c32132e7	/n/data1/hms/dbmi/park/DATA/ICGC/PCAWG_Final_Datasets_DCC/consensus_snv_indel/merged_snv_mnv/bb66787e-e0b2-45b6-b452-98a6c32132e7.consensus.20160830.somatic.snv_mnv.vcf.gz	/n/data1/hms/dbmi/park/DATA/ICGC/PCAWG_Final_Datasets_DCC/consensus_cnv/segmented_cn/bb66787e-e0b2-45b6-b452-98a6c32132e7.consensus.20170119.somatic.cna.txt
bb8176a7-ea7c-42d7-a85a-cec1ca386f2e	/n/data1/hms/dbmi/park/DATA/ICGC/PCAWG_Final_Datasets_DCC/consensus_snv_indel/merged_snv_mnv/bb8176a7-ea7c-42d7-a85a-cec1ca386f2e.consensus.20160830.somatic.snv_mnv.vcf.gz	/n/data1/hms/dbmi/park/DATA/ICGC/PCAWG_Final_Datasets_DCC/consensus_cnv/segmented_cn/bb8176a7-ea7c-42d7-a85a-cec1ca386f2e.consensus.20170119.somatic.cna.txt
bb91765e-4c55-4e7d-93e8-77face8c91f4	/n/data1/hms/dbmi/park/DATA/ICGC/PCAWG_Final_Datasets_DCC/consensus_snv_indel/merged_snv_mnv/bb91765e-4c55-4e7d-93e8-77face8c91f4.consensus.20160830.somatic.snv_mnv.vcf.gz	/n/data1/hms/dbmi/park/DATA/ICGC/PCAWG_Final_Datasets_DCC/consensus_cnv/segmented_cn/bb91765e-4c55-4e7d-93e8-77face8c91f4.consensus.20170119.somatic.cna.txt
bba106ce-c622-11e3-bf01-24c6515278c0	/n/data1/hms/dbmi/park/DATA/ICGC/PCAWG_Final_Datasets_DCC/consensus_snv_indel/merged_snv_mnv/bba106ce-c622-11e3-bf01-24c6515278c0.consensus.20160830.somatic.snv_mnv.vcf.gz	/n/data1/hms/dbmi/park/DATA/ICGC/PCAWG_Final_Datasets_DCC/consensus_cnv/segmented_cn/bba106ce-c622-11e3-bf01-24c6515278c0.consensus.20170119.somatic.cna.txt
bbb2cf2f-8f32-43d4-846c-d1020e6329ec	/n/data1/hms/dbmi/park/DATA/ICGC/PCAWG_Final_Datasets_DCC/consensus_snv_indel/merged_snv_mnv/bbb2cf2f-8f32-43d4-846c-d1020e6329ec.consensus.20160830.somatic.snv_mnv.vcf.gz	/n/data1/hms/dbmi/park/DATA/ICGC/PCAWG_Final_Datasets_DCC/consensus_cnv/segmented_cn/bbb2cf2f-8f32-43d4-846c-d1020e6329ec.consensus.20170119.somatic.cna.txt
bbbc531a-dd41-40b7-ae59-e35508aea0c7	/n/data1/hms/dbmi/park/DATA/ICGC/PCAWG_Final_Datasets_DCC/consensus_snv_indel/merged_snv_mnv/bbbc531a-dd41-40b7-ae59-e35508aea0c7.consensus.20160830.somatic.snv_mnv.vcf.gz	/n/data1/hms/dbmi/park/DATA/ICGC/PCAWG_Final_Datasets_DCC/consensus_cnv/segmented_cn/bbbc531a-dd41-40b7-ae59-e35508aea0c7.consensus.20170119.somatic.cna.txt
bbdd7393-024b-4073-b5bc-ef7a68c15b8a	/n/data1/hms/dbmi/park/DATA/ICGC/PCAWG_Final_Datasets_DCC/consensus_snv_indel/merged_snv_mnv/bbdd7393-024b-4073-b5bc-ef7a68c15b8a.consensus.20160830.somatic.snv_mnv.vcf.gz	/n/data1/hms/dbmi/park/DATA/ICGC/PCAWG_Final_Datasets_DCC/consensus_cnv/segmented_cn/bbdd7393-024b-4073-b5bc-ef7a68c15b8a.consensus.20170119.somatic.cna.txt
bbe59385-5f83-43f6-a485-517c860bef6f	/n/data1/hms/dbmi/park/DATA/ICGC/PCAWG_Final_Datasets_DCC/consensus_snv_indel/merged_snv_mnv/bbe59385-5f83-43f6-a485-517c860bef6f.consensus.20160830.somatic.snv_mnv.vcf.gz	/n/data1/hms/dbmi/park/DATA/ICGC/PCAWG_Final_Datasets_DCC/consensus_cnv/segmented_cn/bbe59385-5f83-43f6-a485-517c860bef6f.consensus.20170119.somatic.cna.txt
bbff7954-95ec-455c-b0bc-92f67a09ee77	/n/data1/hms/dbmi/park/DATA/ICGC/PCAWG_Final_Datasets_DCC/consensus_snv_indel/merged_snv_mnv/bbff7954-95ec-455c-b0bc-92f67a09ee77.consensus.20160830.somatic.snv_mnv.vcf.gz	/n/data1/hms/dbmi/park/DATA/ICGC/PCAWG_Final_Datasets_DCC/consensus_cnv/segmented_cn/bbff7954-95ec-455c-b0bc-92f67a09ee77.consensus.20170119.somatic.cna.txt
bc0dee07-de20-44d6-be65-05af7e63ac96	/n/data1/hms/dbmi/park/DATA/ICGC/PCAWG_Final_Datasets_DCC/consensus_snv_indel/merged_snv_mnv/bc0dee07-de20-44d6-be65-05af7e63ac96.consensus.20160830.somatic.snv_mnv.vcf.gz	/n/data1/hms/dbmi/park/DATA/ICGC/PCAWG_Final_Datasets_DCC/consensus_cnv/segmented_cn/bc0dee07-de20-44d6-be65-05af7e63ac96.consensus.20170119.somatic.cna.txt
bc1d5327-2e76-4e0e-b749-72a559469d0d	/n/data1/hms/dbmi/park/DATA/ICGC/PCAWG_Final_Datasets_DCC/consensus_snv_indel/merged_snv_mnv/bc1d5327-2e76-4e0e-b749-72a559469d0d.consensus.20160830.somatic.snv_mnv.vcf.gz	/n/data1/hms/dbmi/park/DATA/ICGC/PCAWG_Final_Datasets_DCC/consensus_cnv/segmented_cn/bc1d5327-2e76-4e0e-b749-72a559469d0d.consensus.20170119.somatic.cna.txt
bc5160ae-d629-46c4-b068-7075876b9103	/n/data1/hms/dbmi/park/DATA/ICGC/PCAWG_Final_Datasets_DCC/consensus_snv_indel/merged_snv_mnv/bc5160ae-d629-46c4-b068-7075876b9103.consensus.20160830.somatic.snv_mnv.vcf.gz	/n/data1/hms/dbmi/park/DATA/ICGC/PCAWG_Final_Datasets_DCC/consensus_cnv/segmented_cn/bc5160ae-d629-46c4-b068-7075876b9103.consensus.20170119.somatic.cna.txt
bc69c97c-65c1-4e1c-a241-d17d3130e024	/n/data1/hms/dbmi/park/DATA/ICGC/PCAWG_Final_Datasets_DCC/consensus_snv_indel/merged_snv_mnv/bc69c97c-65c1-4e1c-a241-d17d3130e024.consensus.20160830.somatic.snv_mnv.vcf.gz	/n/data1/hms/dbmi/park/DATA/ICGC/PCAWG_Final_Datasets_DCC/consensus_cnv/segmented_cn/bc69c97c-65c1-4e1c-a241-d17d3130e024.consensus.20170119.somatic.cna.txt
bc9b66f5-fcb8-4545-ab2d-438bb810edc0	/n/data1/hms/dbmi/park/DATA/ICGC/PCAWG_Final_Datasets_DCC/consensus_snv_indel/merged_snv_mnv/bc9b66f5-fcb8-4545-ab2d-438bb810edc0.consensus.20160830.somatic.snv_mnv.vcf.gz	/n/data1/hms/dbmi/park/DATA/ICGC/PCAWG_Final_Datasets_DCC/consensus_cnv/segmented_cn/bc9b66f5-fcb8-4545-ab2d-438bb810edc0.consensus.20170119.somatic.cna.txt
bc9f105f-6d99-44ac-9871-67defd5e85cd	/n/data1/hms/dbmi/park/DATA/ICGC/PCAWG_Final_Datasets_DCC/consensus_snv_indel/merged_snv_mnv/bc9f105f-6d99-44ac-9871-67defd5e85cd.consensus.20160830.somatic.snv_mnv.vcf.gz	/n/data1/hms/dbmi/park/DATA/ICGC/PCAWG_Final_Datasets_DCC/consensus_cnv/segmented_cn/bc9f105f-6d99-44ac-9871-67defd5e85cd.consensus.20170119.somatic.cna.txt
bcc74a5e-c622-11e3-bf01-24c6515278c0	/n/data1/hms/dbmi/park/DATA/ICGC/PCAWG_Final_Datasets_DCC/consensus_snv_indel/merged_snv_mnv/bcc74a5e-c622-11e3-bf01-24c6515278c0.consensus.20160830.somatic.snv_mnv.vcf.gz	/n/data1/hms/dbmi/park/DATA/ICGC/PCAWG_Final_Datasets_DCC/consensus_cnv/segmented_cn/bcc74a5e-c622-11e3-bf01-24c6515278c0.consensus.20170119.somatic.cna.txt
bcc819eb-f4d8-4ddc-9fdc-a6307fb6741b	/n/data1/hms/dbmi/park/DATA/ICGC/PCAWG_Final_Datasets_DCC/consensus_snv_indel/merged_snv_mnv/bcc819eb-f4d8-4ddc-9fdc-a6307fb6741b.consensus.20160830.somatic.snv_mnv.vcf.gz	/n/data1/hms/dbmi/park/DATA/ICGC/PCAWG_Final_Datasets_DCC/consensus_cnv/segmented_cn/bcc819eb-f4d8-4ddc-9fdc-a6307fb6741b.consensus.20170119.somatic.cna.txt
bcd52bcb-6e35-4220-9775-96dabff926b4	/n/data1/hms/dbmi/park/DATA/ICGC/PCAWG_Final_Datasets_DCC/consensus_snv_indel/merged_snv_mnv/bcd52bcb-6e35-4220-9775-96dabff926b4.consensus.20160830.somatic.snv_mnv.vcf.gz	/n/data1/hms/dbmi/park/DATA/ICGC/PCAWG_Final_Datasets_DCC/consensus_cnv/segmented_cn/bcd52bcb-6e35-4220-9775-96dabff926b4.consensus.20170119.somatic.cna.txt
bce88385-4a1b-4a8c-920c-060f6a2675d4	/n/data1/hms/dbmi/park/DATA/ICGC/PCAWG_Final_Datasets_DCC/consensus_snv_indel/merged_snv_mnv/bce88385-4a1b-4a8c-920c-060f6a2675d4.consensus.20160830.somatic.snv_mnv.vcf.gz	/n/data1/hms/dbmi/park/DATA/ICGC/PCAWG_Final_Datasets_DCC/consensus_cnv/segmented_cn/bce88385-4a1b-4a8c-920c-060f6a2675d4.consensus.20170119.somatic.cna.txt
bcef0b6c-6584-4090-9d28-ef784a7e5fbb	/n/data1/hms/dbmi/park/DATA/ICGC/PCAWG_Final_Datasets_DCC/consensus_snv_indel/merged_snv_mnv/bcef0b6c-6584-4090-9d28-ef784a7e5fbb.consensus.20160830.somatic.snv_mnv.vcf.gz	/n/data1/hms/dbmi/park/DATA/ICGC/PCAWG_Final_Datasets_DCC/consensus_cnv/segmented_cn/bcef0b6c-6584-4090-9d28-ef784a7e5fbb.consensus.20170119.somatic.cna.txt
bcefbf6a-80ff-4825-9d3a-492e2dceb35d	/n/data1/hms/dbmi/park/DATA/ICGC/PCAWG_Final_Datasets_DCC/consensus_snv_indel/merged_snv_mnv/bcefbf6a-80ff-4825-9d3a-492e2dceb35d.consensus.20160830.somatic.snv_mnv.vcf.gz	/n/data1/hms/dbmi/park/DATA/ICGC/PCAWG_Final_Datasets_DCC/consensus_cnv/segmented_cn/bcefbf6a-80ff-4825-9d3a-492e2dceb35d.consensus.20170119.somatic.cna.txt
bcf54c96-2b62-4e24-926f-d77576250dd1	/n/data1/hms/dbmi/park/DATA/ICGC/PCAWG_Final_Datasets_DCC/consensus_snv_indel/merged_snv_mnv/bcf54c96-2b62-4e24-926f-d77576250dd1.consensus.20160830.somatic.snv_mnv.vcf.gz	/n/data1/hms/dbmi/park/DATA/ICGC/PCAWG_Final_Datasets_DCC/consensus_cnv/segmented_cn/bcf54c96-2b62-4e24-926f-d77576250dd1.consensus.20170119.somatic.cna.txt
bcf76f1a-7109-422d-94c9-5e8364895fa0	/n/data1/hms/dbmi/park/DATA/ICGC/PCAWG_Final_Datasets_DCC/consensus_snv_indel/merged_snv_mnv/bcf76f1a-7109-422d-94c9-5e8364895fa0.consensus.20160830.somatic.snv_mnv.vcf.gz	/n/data1/hms/dbmi/park/DATA/ICGC/PCAWG_Final_Datasets_DCC/consensus_cnv/segmented_cn/bcf76f1a-7109-422d-94c9-5e8364895fa0.consensus.20170119.somatic.cna.txt
bd1ce02b-bfaf-4cde-aaac-06097a12e248	/n/data1/hms/dbmi/park/DATA/ICGC/PCAWG_Final_Datasets_DCC/consensus_snv_indel/merged_snv_mnv/bd1ce02b-bfaf-4cde-aaac-06097a12e248.consensus.20160830.somatic.snv_mnv.vcf.gz	/n/data1/hms/dbmi/park/DATA/ICGC/PCAWG_Final_Datasets_DCC/consensus_cnv/segmented_cn/bd1ce02b-bfaf-4cde-aaac-06097a12e248.consensus.20170119.somatic.cna.txt
bd2cc59d-f5ce-46ed-beb0-4c80b24cbe71	/n/data1/hms/dbmi/park/DATA/ICGC/PCAWG_Final_Datasets_DCC/consensus_snv_indel/merged_snv_mnv/bd2cc59d-f5ce-46ed-beb0-4c80b24cbe71.consensus.20160830.somatic.snv_mnv.vcf.gz	/n/data1/hms/dbmi/park/DATA/ICGC/PCAWG_Final_Datasets_DCC/consensus_cnv/segmented_cn/bd2cc59d-f5ce-46ed-beb0-4c80b24cbe71.consensus.20170119.somatic.cna.txt
bd2ec47b-a120-4b3b-b10d-aee09805ab33	/n/data1/hms/dbmi/park/DATA/ICGC/PCAWG_Final_Datasets_DCC/consensus_snv_indel/merged_snv_mnv/bd2ec47b-a120-4b3b-b10d-aee09805ab33.consensus.20160830.somatic.snv_mnv.vcf.gz	/n/data1/hms/dbmi/park/DATA/ICGC/PCAWG_Final_Datasets_DCC/consensus_cnv/segmented_cn/bd2ec47b-a120-4b3b-b10d-aee09805ab33.consensus.20170119.somatic.cna.txt
bd2f8133-3e71-4c5e-998f-0c1a9fdfb75f	/n/data1/hms/dbmi/park/DATA/ICGC/PCAWG_Final_Datasets_DCC/consensus_snv_indel/merged_snv_mnv/bd2f8133-3e71-4c5e-998f-0c1a9fdfb75f.consensus.20160830.somatic.snv_mnv.vcf.gz	/n/data1/hms/dbmi/park/DATA/ICGC/PCAWG_Final_Datasets_DCC/consensus_cnv/segmented_cn/bd2f8133-3e71-4c5e-998f-0c1a9fdfb75f.consensus.20170119.somatic.cna.txt
bd3028c7-1fde-401d-a6b2-5f8e61eb4aa1	/n/data1/hms/dbmi/park/DATA/ICGC/PCAWG_Final_Datasets_DCC/consensus_snv_indel/merged_snv_mnv/bd3028c7-1fde-401d-a6b2-5f8e61eb4aa1.consensus.20160830.somatic.snv_mnv.vcf.gz	/n/data1/hms/dbmi/park/DATA/ICGC/PCAWG_Final_Datasets_DCC/consensus_cnv/segmented_cn/bd3028c7-1fde-401d-a6b2-5f8e61eb4aa1.consensus.20170119.somatic.cna.txt
bd3e88b3-b37c-4641-85fa-d8125ba324ca	/n/data1/hms/dbmi/park/DATA/ICGC/PCAWG_Final_Datasets_DCC/consensus_snv_indel/merged_snv_mnv/bd3e88b3-b37c-4641-85fa-d8125ba324ca.consensus.20160830.somatic.snv_mnv.vcf.gz	/n/data1/hms/dbmi/park/DATA/ICGC/PCAWG_Final_Datasets_DCC/consensus_cnv/segmented_cn/bd3e88b3-b37c-4641-85fa-d8125ba324ca.consensus.20170119.somatic.cna.txt
bd403458-5154-488b-931a-a7e737a6bf8c	/n/data1/hms/dbmi/park/DATA/ICGC/PCAWG_Final_Datasets_DCC/consensus_snv_indel/merged_snv_mnv/bd403458-5154-488b-931a-a7e737a6bf8c.consensus.20160830.somatic.snv_mnv.vcf.gz	/n/data1/hms/dbmi/park/DATA/ICGC/PCAWG_Final_Datasets_DCC/consensus_cnv/segmented_cn/bd403458-5154-488b-931a-a7e737a6bf8c.consensus.20170119.somatic.cna.txt
bd6bd940-ef06-433a-80d9-dca5683e9cd2	/n/data1/hms/dbmi/park/DATA/ICGC/PCAWG_Final_Datasets_DCC/consensus_snv_indel/merged_snv_mnv/bd6bd940-ef06-433a-80d9-dca5683e9cd2.consensus.20160830.somatic.snv_mnv.vcf.gz	/n/data1/hms/dbmi/park/DATA/ICGC/PCAWG_Final_Datasets_DCC/consensus_cnv/segmented_cn/bd6bd940-ef06-433a-80d9-dca5683e9cd2.consensus.20170119.somatic.cna.txt
bdbcffb0-c7da-4e7d-8002-9feffe48533c	/n/data1/hms/dbmi/park/DATA/ICGC/PCAWG_Final_Datasets_DCC/consensus_snv_indel/merged_snv_mnv/bdbcffb0-c7da-4e7d-8002-9feffe48533c.consensus.20160830.somatic.snv_mnv.vcf.gz	/n/data1/hms/dbmi/park/DATA/ICGC/PCAWG_Final_Datasets_DCC/consensus_cnv/segmented_cn/bdbcffb0-c7da-4e7d-8002-9feffe48533c.consensus.20170119.somatic.cna.txt
bdc039d6-4817-4e6f-b8c6-a40b1e8e1a06	/n/data1/hms/dbmi/park/DATA/ICGC/PCAWG_Final_Datasets_DCC/consensus_snv_indel/merged_snv_mnv/bdc039d6-4817-4e6f-b8c6-a40b1e8e1a06.consensus.20160830.somatic.snv_mnv.vcf.gz	/n/data1/hms/dbmi/park/DATA/ICGC/PCAWG_Final_Datasets_DCC/consensus_cnv/segmented_cn/bdc039d6-4817-4e6f-b8c6-a40b1e8e1a06.consensus.20170119.somatic.cna.txt
bdeeb1a6-c622-11e3-bf01-24c6515278c0	/n/data1/hms/dbmi/park/DATA/ICGC/PCAWG_Final_Datasets_DCC/consensus_snv_indel/merged_snv_mnv/bdeeb1a6-c622-11e3-bf01-24c6515278c0.consensus.20160830.somatic.snv_mnv.vcf.gz	/n/data1/hms/dbmi/park/DATA/ICGC/PCAWG_Final_Datasets_DCC/consensus_cnv/segmented_cn/bdeeb1a6-c622-11e3-bf01-24c6515278c0.consensus.20170119.somatic.cna.txt
bea0e802-96d3-46e2-8030-17019a71e0bb	/n/data1/hms/dbmi/park/DATA/ICGC/PCAWG_Final_Datasets_DCC/consensus_snv_indel/merged_snv_mnv/bea0e802-96d3-46e2-8030-17019a71e0bb.consensus.20160830.somatic.snv_mnv.vcf.gz	/n/data1/hms/dbmi/park/DATA/ICGC/PCAWG_Final_Datasets_DCC/consensus_cnv/segmented_cn/bea0e802-96d3-46e2-8030-17019a71e0bb.consensus.20170119.somatic.cna.txt
beafb7c6-ef39-478e-aa47-0f1ad39f95a3	/n/data1/hms/dbmi/park/DATA/ICGC/PCAWG_Final_Datasets_DCC/consensus_snv_indel/merged_snv_mnv/beafb7c6-ef39-478e-aa47-0f1ad39f95a3.consensus.20160830.somatic.snv_mnv.vcf.gz	/n/data1/hms/dbmi/park/DATA/ICGC/PCAWG_Final_Datasets_DCC/consensus_cnv/segmented_cn/beafb7c6-ef39-478e-aa47-0f1ad39f95a3.consensus.20170119.somatic.cna.txt
bef21282-c622-11e3-bf01-24c6515278c0	/n/data1/hms/dbmi/park/DATA/ICGC/PCAWG_Final_Datasets_DCC/consensus_snv_indel/merged_snv_mnv/bef21282-c622-11e3-bf01-24c6515278c0.consensus.20160830.somatic.snv_mnv.vcf.gz	/n/data1/hms/dbmi/park/DATA/ICGC/PCAWG_Final_Datasets_DCC/consensus_cnv/segmented_cn/bef21282-c622-11e3-bf01-24c6515278c0.consensus.20170119.somatic.cna.txt
bef23192-57cd-4301-b7a7-5e82ca62482d	/n/data1/hms/dbmi/park/DATA/ICGC/PCAWG_Final_Datasets_DCC/consensus_snv_indel/merged_snv_mnv/bef23192-57cd-4301-b7a7-5e82ca62482d.consensus.20160830.somatic.snv_mnv.vcf.gz	/n/data1/hms/dbmi/park/DATA/ICGC/PCAWG_Final_Datasets_DCC/consensus_cnv/segmented_cn/bef23192-57cd-4301-b7a7-5e82ca62482d.consensus.20170119.somatic.cna.txt
bf24366f-fd91-4d84-8b3d-eed80064250d	/n/data1/hms/dbmi/park/DATA/ICGC/PCAWG_Final_Datasets_DCC/consensus_snv_indel/merged_snv_mnv/bf24366f-fd91-4d84-8b3d-eed80064250d.consensus.20160830.somatic.snv_mnv.vcf.gz	/n/data1/hms/dbmi/park/DATA/ICGC/PCAWG_Final_Datasets_DCC/consensus_cnv/segmented_cn/bf24366f-fd91-4d84-8b3d-eed80064250d.consensus.20170119.somatic.cna.txt
bf7462a2-394f-4838-bcb6-4d0126fa48b1	/n/data1/hms/dbmi/park/DATA/ICGC/PCAWG_Final_Datasets_DCC/consensus_snv_indel/merged_snv_mnv/bf7462a2-394f-4838-bcb6-4d0126fa48b1.consensus.20160830.somatic.snv_mnv.vcf.gz	/n/data1/hms/dbmi/park/DATA/ICGC/PCAWG_Final_Datasets_DCC/consensus_cnv/segmented_cn/bf7462a2-394f-4838-bcb6-4d0126fa48b1.consensus.20170119.somatic.cna.txt
bf91afc4-aa2b-4365-80c5-b98c9d118e10	/n/data1/hms/dbmi/park/DATA/ICGC/PCAWG_Final_Datasets_DCC/consensus_snv_indel/merged_snv_mnv/bf91afc4-aa2b-4365-80c5-b98c9d118e10.consensus.20160830.somatic.snv_mnv.vcf.gz	/n/data1/hms/dbmi/park/DATA/ICGC/PCAWG_Final_Datasets_DCC/consensus_cnv/segmented_cn/bf91afc4-aa2b-4365-80c5-b98c9d118e10.consensus.20170119.somatic.cna.txt
bff518fb-6da7-4dfc-ae4c-bd3f641028e2	/n/data1/hms/dbmi/park/DATA/ICGC/PCAWG_Final_Datasets_DCC/consensus_snv_indel/merged_snv_mnv/bff518fb-6da7-4dfc-ae4c-bd3f641028e2.consensus.20160830.somatic.snv_mnv.vcf.gz	/n/data1/hms/dbmi/park/DATA/ICGC/PCAWG_Final_Datasets_DCC/consensus_cnv/segmented_cn/bff518fb-6da7-4dfc-ae4c-bd3f641028e2.consensus.20170119.somatic.cna.txt
c00d925a-ca4d-4561-a8f2-d4542f218086	/n/data1/hms/dbmi/park/DATA/ICGC/PCAWG_Final_Datasets_DCC/consensus_snv_indel/merged_snv_mnv/c00d925a-ca4d-4561-a8f2-d4542f218086.consensus.20160830.somatic.snv_mnv.vcf.gz	/n/data1/hms/dbmi/park/DATA/ICGC/PCAWG_Final_Datasets_DCC/consensus_cnv/segmented_cn/c00d925a-ca4d-4561-a8f2-d4542f218086.consensus.20170119.somatic.cna.txt
c00de7a0-0b09-4e07-988c-ef2a7f8e932a	/n/data1/hms/dbmi/park/DATA/ICGC/PCAWG_Final_Datasets_DCC/consensus_snv_indel/merged_snv_mnv/c00de7a0-0b09-4e07-988c-ef2a7f8e932a.consensus.20160830.somatic.snv_mnv.vcf.gz	/n/data1/hms/dbmi/park/DATA/ICGC/PCAWG_Final_Datasets_DCC/consensus_cnv/segmented_cn/c00de7a0-0b09-4e07-988c-ef2a7f8e932a.consensus.20170119.somatic.cna.txt
c016d025-3c92-41c5-b846-493b1fcce79e	/n/data1/hms/dbmi/park/DATA/ICGC/PCAWG_Final_Datasets_DCC/consensus_snv_indel/merged_snv_mnv/c016d025-3c92-41c5-b846-493b1fcce79e.consensus.20160830.somatic.snv_mnv.vcf.gz	/n/data1/hms/dbmi/park/DATA/ICGC/PCAWG_Final_Datasets_DCC/consensus_cnv/segmented_cn/c016d025-3c92-41c5-b846-493b1fcce79e.consensus.20170119.somatic.cna.txt
c021b61c-c622-11e3-bf01-24c6515278c0	/n/data1/hms/dbmi/park/DATA/ICGC/PCAWG_Final_Datasets_DCC/consensus_snv_indel/merged_snv_mnv/c021b61c-c622-11e3-bf01-24c6515278c0.consensus.20160830.somatic.snv_mnv.vcf.gz	/n/data1/hms/dbmi/park/DATA/ICGC/PCAWG_Final_Datasets_DCC/consensus_cnv/segmented_cn/c021b61c-c622-11e3-bf01-24c6515278c0.consensus.20170119.somatic.cna.txt
c0523251-3ac2-4292-bb00-9ae9ea9009f6	/n/data1/hms/dbmi/park/DATA/ICGC/PCAWG_Final_Datasets_DCC/consensus_snv_indel/merged_snv_mnv/c0523251-3ac2-4292-bb00-9ae9ea9009f6.consensus.20160830.somatic.snv_mnv.vcf.gz	/n/data1/hms/dbmi/park/DATA/ICGC/PCAWG_Final_Datasets_DCC/consensus_cnv/segmented_cn/c0523251-3ac2-4292-bb00-9ae9ea9009f6.consensus.20170119.somatic.cna.txt
c05adc19-2e01-4712-a35a-69eee4d40998	/n/data1/hms/dbmi/park/DATA/ICGC/PCAWG_Final_Datasets_DCC/consensus_snv_indel/merged_snv_mnv/c05adc19-2e01-4712-a35a-69eee4d40998.consensus.20160830.somatic.snv_mnv.vcf.gz	/n/data1/hms/dbmi/park/DATA/ICGC/PCAWG_Final_Datasets_DCC/consensus_cnv/segmented_cn/c05adc19-2e01-4712-a35a-69eee4d40998.consensus.20170119.somatic.cna.txt
c065761d-f775-457f-bda0-4c7c257a701e	/n/data1/hms/dbmi/park/DATA/ICGC/PCAWG_Final_Datasets_DCC/consensus_snv_indel/merged_snv_mnv/c065761d-f775-457f-bda0-4c7c257a701e.consensus.20160830.somatic.snv_mnv.vcf.gz	/n/data1/hms/dbmi/park/DATA/ICGC/PCAWG_Final_Datasets_DCC/consensus_cnv/segmented_cn/c065761d-f775-457f-bda0-4c7c257a701e.consensus.20170119.somatic.cna.txt
c0812962-a345-48b7-aec0-01336c2d1eed	/n/data1/hms/dbmi/park/DATA/ICGC/PCAWG_Final_Datasets_DCC/consensus_snv_indel/merged_snv_mnv/c0812962-a345-48b7-aec0-01336c2d1eed.consensus.20160830.somatic.snv_mnv.vcf.gz	/n/data1/hms/dbmi/park/DATA/ICGC/PCAWG_Final_Datasets_DCC/consensus_cnv/segmented_cn/c0812962-a345-48b7-aec0-01336c2d1eed.consensus.20170119.somatic.cna.txt
c08f65a0-bf4c-462e-9d07-ad56b3adcac8	/n/data1/hms/dbmi/park/DATA/ICGC/PCAWG_Final_Datasets_DCC/consensus_snv_indel/merged_snv_mnv/c08f65a0-bf4c-462e-9d07-ad56b3adcac8.consensus.20160830.somatic.snv_mnv.vcf.gz	/n/data1/hms/dbmi/park/DATA/ICGC/PCAWG_Final_Datasets_DCC/consensus_cnv/segmented_cn/c08f65a0-bf4c-462e-9d07-ad56b3adcac8.consensus.20170119.somatic.cna.txt
c121de15-78f7-4698-91bf-fd0485c466c2	/n/data1/hms/dbmi/park/DATA/ICGC/PCAWG_Final_Datasets_DCC/consensus_snv_indel/merged_snv_mnv/c121de15-78f7-4698-91bf-fd0485c466c2.consensus.20160830.somatic.snv_mnv.vcf.gz	/n/data1/hms/dbmi/park/DATA/ICGC/PCAWG_Final_Datasets_DCC/consensus_cnv/segmented_cn/c121de15-78f7-4698-91bf-fd0485c466c2.consensus.20170119.somatic.cna.txt
c13d7ee5-2bf0-43e4-9cd3-9326ed9355cf	/n/data1/hms/dbmi/park/DATA/ICGC/PCAWG_Final_Datasets_DCC/consensus_snv_indel/merged_snv_mnv/c13d7ee5-2bf0-43e4-9cd3-9326ed9355cf.consensus.20160830.somatic.snv_mnv.vcf.gz	/n/data1/hms/dbmi/park/DATA/ICGC/PCAWG_Final_Datasets_DCC/consensus_cnv/segmented_cn/c13d7ee5-2bf0-43e4-9cd3-9326ed9355cf.consensus.20170119.somatic.cna.txt
c13fb736-614c-4d5f-83bf-2d7586f4fb53	/n/data1/hms/dbmi/park/DATA/ICGC/PCAWG_Final_Datasets_DCC/consensus_snv_indel/merged_snv_mnv/c13fb736-614c-4d5f-83bf-2d7586f4fb53.consensus.20160830.somatic.snv_mnv.vcf.gz	/n/data1/hms/dbmi/park/DATA/ICGC/PCAWG_Final_Datasets_DCC/consensus_cnv/segmented_cn/c13fb736-614c-4d5f-83bf-2d7586f4fb53.consensus.20170119.somatic.cna.txt
c14407ad-670e-4d1e-9417-2b76f4810fff	/n/data1/hms/dbmi/park/DATA/ICGC/PCAWG_Final_Datasets_DCC/consensus_snv_indel/merged_snv_mnv/c14407ad-670e-4d1e-9417-2b76f4810fff.consensus.20160830.somatic.snv_mnv.vcf.gz	/n/data1/hms/dbmi/park/DATA/ICGC/PCAWG_Final_Datasets_DCC/consensus_cnv/segmented_cn/c14407ad-670e-4d1e-9417-2b76f4810fff.consensus.20170119.somatic.cna.txt
c14b2c74-447b-4526-a6e9-415d2728c7ca	/n/data1/hms/dbmi/park/DATA/ICGC/PCAWG_Final_Datasets_DCC/consensus_snv_indel/merged_snv_mnv/c14b2c74-447b-4526-a6e9-415d2728c7ca.consensus.20160830.somatic.snv_mnv.vcf.gz	/n/data1/hms/dbmi/park/DATA/ICGC/PCAWG_Final_Datasets_DCC/consensus_cnv/segmented_cn/c14b2c74-447b-4526-a6e9-415d2728c7ca.consensus.20170119.somatic.cna.txt
c158ac2a-c622-11e3-bf01-24c6515278c0	/n/data1/hms/dbmi/park/DATA/ICGC/PCAWG_Final_Datasets_DCC/consensus_snv_indel/merged_snv_mnv/c158ac2a-c622-11e3-bf01-24c6515278c0.consensus.20160830.somatic.snv_mnv.vcf.gz	/n/data1/hms/dbmi/park/DATA/ICGC/PCAWG_Final_Datasets_DCC/consensus_cnv/segmented_cn/c158ac2a-c622-11e3-bf01-24c6515278c0.consensus.20170119.somatic.cna.txt
c15a51cc-4fdc-4343-a410-13ddc238dac8	/n/data1/hms/dbmi/park/DATA/ICGC/PCAWG_Final_Datasets_DCC/consensus_snv_indel/merged_snv_mnv/c15a51cc-4fdc-4343-a410-13ddc238dac8.consensus.20160830.somatic.snv_mnv.vcf.gz	/n/data1/hms/dbmi/park/DATA/ICGC/PCAWG_Final_Datasets_DCC/consensus_cnv/segmented_cn/c15a51cc-4fdc-4343-a410-13ddc238dac8.consensus.20170119.somatic.cna.txt
c19a1388-95e6-4708-a24c-3738f1908071	/n/data1/hms/dbmi/park/DATA/ICGC/PCAWG_Final_Datasets_DCC/consensus_snv_indel/merged_snv_mnv/c19a1388-95e6-4708-a24c-3738f1908071.consensus.20160830.somatic.snv_mnv.vcf.gz	/n/data1/hms/dbmi/park/DATA/ICGC/PCAWG_Final_Datasets_DCC/consensus_cnv/segmented_cn/c19a1388-95e6-4708-a24c-3738f1908071.consensus.20170119.somatic.cna.txt
c1abb741-4fcd-4161-b057-c7efd619cc99	/n/data1/hms/dbmi/park/DATA/ICGC/PCAWG_Final_Datasets_DCC/consensus_snv_indel/merged_snv_mnv/c1abb741-4fcd-4161-b057-c7efd619cc99.consensus.20160830.somatic.snv_mnv.vcf.gz	/n/data1/hms/dbmi/park/DATA/ICGC/PCAWG_Final_Datasets_DCC/consensus_cnv/segmented_cn/c1abb741-4fcd-4161-b057-c7efd619cc99.consensus.20170119.somatic.cna.txt
c1b44966-0f72-4c4f-8783-ab3ffe7f17b2	/n/data1/hms/dbmi/park/DATA/ICGC/PCAWG_Final_Datasets_DCC/consensus_snv_indel/merged_snv_mnv/c1b44966-0f72-4c4f-8783-ab3ffe7f17b2.consensus.20160830.somatic.snv_mnv.vcf.gz	/n/data1/hms/dbmi/park/DATA/ICGC/PCAWG_Final_Datasets_DCC/consensus_cnv/segmented_cn/c1b44966-0f72-4c4f-8783-ab3ffe7f17b2.consensus.20170119.somatic.cna.txt
c1d9ed06-7498-4c6c-a0de-dbf28e868109	/n/data1/hms/dbmi/park/DATA/ICGC/PCAWG_Final_Datasets_DCC/consensus_snv_indel/merged_snv_mnv/c1d9ed06-7498-4c6c-a0de-dbf28e868109.consensus.20160830.somatic.snv_mnv.vcf.gz	/n/data1/hms/dbmi/park/DATA/ICGC/PCAWG_Final_Datasets_DCC/consensus_cnv/segmented_cn/c1d9ed06-7498-4c6c-a0de-dbf28e868109.consensus.20170119.somatic.cna.txt
c20cb5c8-a6d0-4150-b72b-3f7e8909d72b	/n/data1/hms/dbmi/park/DATA/ICGC/PCAWG_Final_Datasets_DCC/consensus_snv_indel/merged_snv_mnv/c20cb5c8-a6d0-4150-b72b-3f7e8909d72b.consensus.20160830.somatic.snv_mnv.vcf.gz	/n/data1/hms/dbmi/park/DATA/ICGC/PCAWG_Final_Datasets_DCC/consensus_cnv/segmented_cn/c20cb5c8-a6d0-4150-b72b-3f7e8909d72b.consensus.20170119.somatic.cna.txt
c2124bb2-30e1-4093-9a8a-3a188a6dc0a9	/n/data1/hms/dbmi/park/DATA/ICGC/PCAWG_Final_Datasets_DCC/consensus_snv_indel/merged_snv_mnv/c2124bb2-30e1-4093-9a8a-3a188a6dc0a9.consensus.20160830.somatic.snv_mnv.vcf.gz	/n/data1/hms/dbmi/park/DATA/ICGC/PCAWG_Final_Datasets_DCC/consensus_cnv/segmented_cn/c2124bb2-30e1-4093-9a8a-3a188a6dc0a9.consensus.20170119.somatic.cna.txt
c21a5d55-9790-429f-a4e6-420293c07b53	/n/data1/hms/dbmi/park/DATA/ICGC/PCAWG_Final_Datasets_DCC/consensus_snv_indel/merged_snv_mnv/c21a5d55-9790-429f-a4e6-420293c07b53.consensus.20160830.somatic.snv_mnv.vcf.gz	/n/data1/hms/dbmi/park/DATA/ICGC/PCAWG_Final_Datasets_DCC/consensus_cnv/segmented_cn/c21a5d55-9790-429f-a4e6-420293c07b53.consensus.20170119.somatic.cna.txt
c271b7d2-c622-11e3-bf01-24c6515278c0	/n/data1/hms/dbmi/park/DATA/ICGC/PCAWG_Final_Datasets_DCC/consensus_snv_indel/merged_snv_mnv/c271b7d2-c622-11e3-bf01-24c6515278c0.consensus.20160830.somatic.snv_mnv.vcf.gz	/n/data1/hms/dbmi/park/DATA/ICGC/PCAWG_Final_Datasets_DCC/consensus_cnv/segmented_cn/c271b7d2-c622-11e3-bf01-24c6515278c0.consensus.20170119.somatic.cna.txt
c27290e4-6835-448a-abdc-df8ddd5f4630	/n/data1/hms/dbmi/park/DATA/ICGC/PCAWG_Final_Datasets_DCC/consensus_snv_indel/merged_snv_mnv/c27290e4-6835-448a-abdc-df8ddd5f4630.consensus.20160830.somatic.snv_mnv.vcf.gz	/n/data1/hms/dbmi/park/DATA/ICGC/PCAWG_Final_Datasets_DCC/consensus_cnv/segmented_cn/c27290e4-6835-448a-abdc-df8ddd5f4630.consensus.20170119.somatic.cna.txt
c285c2fa-24b4-47a1-874d-86e74b002b05	/n/data1/hms/dbmi/park/DATA/ICGC/PCAWG_Final_Datasets_DCC/consensus_snv_indel/merged_snv_mnv/c285c2fa-24b4-47a1-874d-86e74b002b05.consensus.20160830.somatic.snv_mnv.vcf.gz	/n/data1/hms/dbmi/park/DATA/ICGC/PCAWG_Final_Datasets_DCC/consensus_cnv/segmented_cn/c285c2fa-24b4-47a1-874d-86e74b002b05.consensus.20170119.somatic.cna.txt
c298ec82-8305-4c89-898f-268308f782b2	/n/data1/hms/dbmi/park/DATA/ICGC/PCAWG_Final_Datasets_DCC/consensus_snv_indel/merged_snv_mnv/c298ec82-8305-4c89-898f-268308f782b2.consensus.20160830.somatic.snv_mnv.vcf.gz	/n/data1/hms/dbmi/park/DATA/ICGC/PCAWG_Final_Datasets_DCC/consensus_cnv/segmented_cn/c298ec82-8305-4c89-898f-268308f782b2.consensus.20170119.somatic.cna.txt
c29f6ed6-880d-4f03-977e-1087738e5e60	/n/data1/hms/dbmi/park/DATA/ICGC/PCAWG_Final_Datasets_DCC/consensus_snv_indel/merged_snv_mnv/c29f6ed6-880d-4f03-977e-1087738e5e60.consensus.20160830.somatic.snv_mnv.vcf.gz	/n/data1/hms/dbmi/park/DATA/ICGC/PCAWG_Final_Datasets_DCC/consensus_cnv/segmented_cn/c29f6ed6-880d-4f03-977e-1087738e5e60.consensus.20170119.somatic.cna.txt
c2aafb9c-230a-43df-9a43-b34aa145a7bd	/n/data1/hms/dbmi/park/DATA/ICGC/PCAWG_Final_Datasets_DCC/consensus_snv_indel/merged_snv_mnv/c2aafb9c-230a-43df-9a43-b34aa145a7bd.consensus.20160830.somatic.snv_mnv.vcf.gz	/n/data1/hms/dbmi/park/DATA/ICGC/PCAWG_Final_Datasets_DCC/consensus_cnv/segmented_cn/c2aafb9c-230a-43df-9a43-b34aa145a7bd.consensus.20170119.somatic.cna.txt
c2ec7f57-8510-4bbf-a2e9-dbd9ce8dcad1	/n/data1/hms/dbmi/park/DATA/ICGC/PCAWG_Final_Datasets_DCC/consensus_snv_indel/merged_snv_mnv/c2ec7f57-8510-4bbf-a2e9-dbd9ce8dcad1.consensus.20160830.somatic.snv_mnv.vcf.gz	/n/data1/hms/dbmi/park/DATA/ICGC/PCAWG_Final_Datasets_DCC/consensus_cnv/segmented_cn/c2ec7f57-8510-4bbf-a2e9-dbd9ce8dcad1.consensus.20170119.somatic.cna.txt
c36213e4-c057-46f5-ada5-f1f921855bb4	/n/data1/hms/dbmi/park/DATA/ICGC/PCAWG_Final_Datasets_DCC/consensus_snv_indel/merged_snv_mnv/c36213e4-c057-46f5-ada5-f1f921855bb4.consensus.20160830.somatic.snv_mnv.vcf.gz	/n/data1/hms/dbmi/park/DATA/ICGC/PCAWG_Final_Datasets_DCC/consensus_cnv/segmented_cn/c36213e4-c057-46f5-ada5-f1f921855bb4.consensus.20170119.somatic.cna.txt
c3679262-63d7-463e-9501-6ab3f177aee8	/n/data1/hms/dbmi/park/DATA/ICGC/PCAWG_Final_Datasets_DCC/consensus_snv_indel/merged_snv_mnv/c3679262-63d7-463e-9501-6ab3f177aee8.consensus.20160830.somatic.snv_mnv.vcf.gz	/n/data1/hms/dbmi/park/DATA/ICGC/PCAWG_Final_Datasets_DCC/consensus_cnv/segmented_cn/c3679262-63d7-463e-9501-6ab3f177aee8.consensus.20170119.somatic.cna.txt
c3cb64b3-842b-4b42-8c42-020a0206eb06	/n/data1/hms/dbmi/park/DATA/ICGC/PCAWG_Final_Datasets_DCC/consensus_snv_indel/merged_snv_mnv/c3cb64b3-842b-4b42-8c42-020a0206eb06.consensus.20160830.somatic.snv_mnv.vcf.gz	/n/data1/hms/dbmi/park/DATA/ICGC/PCAWG_Final_Datasets_DCC/consensus_cnv/segmented_cn/c3cb64b3-842b-4b42-8c42-020a0206eb06.consensus.20170119.somatic.cna.txt
c437535b-2acc-4236-beae-94e2c1336830	/n/data1/hms/dbmi/park/DATA/ICGC/PCAWG_Final_Datasets_DCC/consensus_snv_indel/merged_snv_mnv/c437535b-2acc-4236-beae-94e2c1336830.consensus.20160830.somatic.snv_mnv.vcf.gz	/n/data1/hms/dbmi/park/DATA/ICGC/PCAWG_Final_Datasets_DCC/consensus_cnv/segmented_cn/c437535b-2acc-4236-beae-94e2c1336830.consensus.20170119.somatic.cna.txt
c459dba5-b27c-46f0-b5b8-c62d597a0542	/n/data1/hms/dbmi/park/DATA/ICGC/PCAWG_Final_Datasets_DCC/consensus_snv_indel/merged_snv_mnv/c459dba5-b27c-46f0-b5b8-c62d597a0542.consensus.20160830.somatic.snv_mnv.vcf.gz	/n/data1/hms/dbmi/park/DATA/ICGC/PCAWG_Final_Datasets_DCC/consensus_cnv/segmented_cn/c459dba5-b27c-46f0-b5b8-c62d597a0542.consensus.20170119.somatic.cna.txt
c488a170-c622-11e3-bf01-24c6515278c0	/n/data1/hms/dbmi/park/DATA/ICGC/PCAWG_Final_Datasets_DCC/consensus_snv_indel/merged_snv_mnv/c488a170-c622-11e3-bf01-24c6515278c0.consensus.20160830.somatic.snv_mnv.vcf.gz	/n/data1/hms/dbmi/park/DATA/ICGC/PCAWG_Final_Datasets_DCC/consensus_cnv/segmented_cn/c488a170-c622-11e3-bf01-24c6515278c0.consensus.20170119.somatic.cna.txt
c48d7f4a-e98a-4077-a749-eb9f56f05b84	/n/data1/hms/dbmi/park/DATA/ICGC/PCAWG_Final_Datasets_DCC/consensus_snv_indel/merged_snv_mnv/c48d7f4a-e98a-4077-a749-eb9f56f05b84.consensus.20160830.somatic.snv_mnv.vcf.gz	/n/data1/hms/dbmi/park/DATA/ICGC/PCAWG_Final_Datasets_DCC/consensus_cnv/segmented_cn/c48d7f4a-e98a-4077-a749-eb9f56f05b84.consensus.20170119.somatic.cna.txt
c4c776f8-ee3f-4cce-beb9-8dcf262cdcdf	/n/data1/hms/dbmi/park/DATA/ICGC/PCAWG_Final_Datasets_DCC/consensus_snv_indel/merged_snv_mnv/c4c776f8-ee3f-4cce-beb9-8dcf262cdcdf.consensus.20160830.somatic.snv_mnv.vcf.gz	/n/data1/hms/dbmi/park/DATA/ICGC/PCAWG_Final_Datasets_DCC/consensus_cnv/segmented_cn/c4c776f8-ee3f-4cce-beb9-8dcf262cdcdf.consensus.20170119.somatic.cna.txt
c4e048de-1d43-4fbd-8289-9279b16c8a3a	/n/data1/hms/dbmi/park/DATA/ICGC/PCAWG_Final_Datasets_DCC/consensus_snv_indel/merged_snv_mnv/c4e048de-1d43-4fbd-8289-9279b16c8a3a.consensus.20160830.somatic.snv_mnv.vcf.gz	/n/data1/hms/dbmi/park/DATA/ICGC/PCAWG_Final_Datasets_DCC/consensus_cnv/segmented_cn/c4e048de-1d43-4fbd-8289-9279b16c8a3a.consensus.20170119.somatic.cna.txt
c504d5a9-29b0-4b7e-ac7b-5e543449a0f4	/n/data1/hms/dbmi/park/DATA/ICGC/PCAWG_Final_Datasets_DCC/consensus_snv_indel/merged_snv_mnv/c504d5a9-29b0-4b7e-ac7b-5e543449a0f4.consensus.20160830.somatic.snv_mnv.vcf.gz	/n/data1/hms/dbmi/park/DATA/ICGC/PCAWG_Final_Datasets_DCC/consensus_cnv/segmented_cn/c504d5a9-29b0-4b7e-ac7b-5e543449a0f4.consensus.20170119.somatic.cna.txt
c556f81b-8a6c-4bbb-876f-2e2ce570c185	/n/data1/hms/dbmi/park/DATA/ICGC/PCAWG_Final_Datasets_DCC/consensus_snv_indel/merged_snv_mnv/c556f81b-8a6c-4bbb-876f-2e2ce570c185.consensus.20160830.somatic.snv_mnv.vcf.gz	/n/data1/hms/dbmi/park/DATA/ICGC/PCAWG_Final_Datasets_DCC/consensus_cnv/segmented_cn/c556f81b-8a6c-4bbb-876f-2e2ce570c185.consensus.20170119.somatic.cna.txt
c56505cb-e150-408d-9df6-3af4e608c376	/n/data1/hms/dbmi/park/DATA/ICGC/PCAWG_Final_Datasets_DCC/consensus_snv_indel/merged_snv_mnv/c56505cb-e150-408d-9df6-3af4e608c376.consensus.20160830.somatic.snv_mnv.vcf.gz	/n/data1/hms/dbmi/park/DATA/ICGC/PCAWG_Final_Datasets_DCC/consensus_cnv/segmented_cn/c56505cb-e150-408d-9df6-3af4e608c376.consensus.20170119.somatic.cna.txt
c569b867-dadd-4591-af17-7e9b74699561	/n/data1/hms/dbmi/park/DATA/ICGC/PCAWG_Final_Datasets_DCC/consensus_snv_indel/merged_snv_mnv/c569b867-dadd-4591-af17-7e9b74699561.consensus.20160830.somatic.snv_mnv.vcf.gz	/n/data1/hms/dbmi/park/DATA/ICGC/PCAWG_Final_Datasets_DCC/consensus_cnv/segmented_cn/c569b867-dadd-4591-af17-7e9b74699561.consensus.20170119.somatic.cna.txt
c59188a8-c6bb-433c-97fe-69f79a126d03	/n/data1/hms/dbmi/park/DATA/ICGC/PCAWG_Final_Datasets_DCC/consensus_snv_indel/merged_snv_mnv/c59188a8-c6bb-433c-97fe-69f79a126d03.consensus.20160830.somatic.snv_mnv.vcf.gz	/n/data1/hms/dbmi/park/DATA/ICGC/PCAWG_Final_Datasets_DCC/consensus_cnv/segmented_cn/c59188a8-c6bb-433c-97fe-69f79a126d03.consensus.20170119.somatic.cna.txt
c5ad7238-c622-11e3-bf01-24c6515278c0	/n/data1/hms/dbmi/park/DATA/ICGC/PCAWG_Final_Datasets_DCC/consensus_snv_indel/merged_snv_mnv/c5ad7238-c622-11e3-bf01-24c6515278c0.consensus.20160830.somatic.snv_mnv.vcf.gz	/n/data1/hms/dbmi/park/DATA/ICGC/PCAWG_Final_Datasets_DCC/consensus_cnv/segmented_cn/c5ad7238-c622-11e3-bf01-24c6515278c0.consensus.20170119.somatic.cna.txt
c5bc0826-8037-4fe6-ad4e-b1b675e771fb	/n/data1/hms/dbmi/park/DATA/ICGC/PCAWG_Final_Datasets_DCC/consensus_snv_indel/merged_snv_mnv/c5bc0826-8037-4fe6-ad4e-b1b675e771fb.consensus.20160830.somatic.snv_mnv.vcf.gz	/n/data1/hms/dbmi/park/DATA/ICGC/PCAWG_Final_Datasets_DCC/consensus_cnv/segmented_cn/c5bc0826-8037-4fe6-ad4e-b1b675e771fb.consensus.20170119.somatic.cna.txt
c612570a-881d-421f-98b9-0e4563133744	/n/data1/hms/dbmi/park/DATA/ICGC/PCAWG_Final_Datasets_DCC/consensus_snv_indel/merged_snv_mnv/c612570a-881d-421f-98b9-0e4563133744.consensus.20160830.somatic.snv_mnv.vcf.gz	/n/data1/hms/dbmi/park/DATA/ICGC/PCAWG_Final_Datasets_DCC/consensus_cnv/segmented_cn/c612570a-881d-421f-98b9-0e4563133744.consensus.20170119.somatic.cna.txt
c61ded54-f80e-4da8-b1d8-e22551c96118	/n/data1/hms/dbmi/park/DATA/ICGC/PCAWG_Final_Datasets_DCC/consensus_snv_indel/merged_snv_mnv/c61ded54-f80e-4da8-b1d8-e22551c96118.consensus.20160830.somatic.snv_mnv.vcf.gz	/n/data1/hms/dbmi/park/DATA/ICGC/PCAWG_Final_Datasets_DCC/consensus_cnv/segmented_cn/c61ded54-f80e-4da8-b1d8-e22551c96118.consensus.20170119.somatic.cna.txt
c6224ab0-74f5-4f0a-9fe0-c083f806c853	/n/data1/hms/dbmi/park/DATA/ICGC/PCAWG_Final_Datasets_DCC/consensus_snv_indel/merged_snv_mnv/c6224ab0-74f5-4f0a-9fe0-c083f806c853.consensus.20160830.somatic.snv_mnv.vcf.gz	/n/data1/hms/dbmi/park/DATA/ICGC/PCAWG_Final_Datasets_DCC/consensus_cnv/segmented_cn/c6224ab0-74f5-4f0a-9fe0-c083f806c853.consensus.20170119.somatic.cna.txt
c642b9cc-bdb1-4796-9692-8be92398be17	/n/data1/hms/dbmi/park/DATA/ICGC/PCAWG_Final_Datasets_DCC/consensus_snv_indel/merged_snv_mnv/c642b9cc-bdb1-4796-9692-8be92398be17.consensus.20160830.somatic.snv_mnv.vcf.gz	/n/data1/hms/dbmi/park/DATA/ICGC/PCAWG_Final_Datasets_DCC/consensus_cnv/segmented_cn/c642b9cc-bdb1-4796-9692-8be92398be17.consensus.20170119.somatic.cna.txt
c66926a8-474d-482c-bfb7-043029c8b737	/n/data1/hms/dbmi/park/DATA/ICGC/PCAWG_Final_Datasets_DCC/consensus_snv_indel/merged_snv_mnv/c66926a8-474d-482c-bfb7-043029c8b737.consensus.20160830.somatic.snv_mnv.vcf.gz	/n/data1/hms/dbmi/park/DATA/ICGC/PCAWG_Final_Datasets_DCC/consensus_cnv/segmented_cn/c66926a8-474d-482c-bfb7-043029c8b737.consensus.20170119.somatic.cna.txt
c66c92d5-df65-46e6-861d-d8a98808e6a3	/n/data1/hms/dbmi/park/DATA/ICGC/PCAWG_Final_Datasets_DCC/consensus_snv_indel/merged_snv_mnv/c66c92d5-df65-46e6-861d-d8a98808e6a3.consensus.20160830.somatic.snv_mnv.vcf.gz	/n/data1/hms/dbmi/park/DATA/ICGC/PCAWG_Final_Datasets_DCC/consensus_cnv/segmented_cn/c66c92d5-df65-46e6-861d-d8a98808e6a3.consensus.20170119.somatic.cna.txt
c67409b2-ac25-42a0-8543-4636ef132fe4	/n/data1/hms/dbmi/park/DATA/ICGC/PCAWG_Final_Datasets_DCC/consensus_snv_indel/merged_snv_mnv/c67409b2-ac25-42a0-8543-4636ef132fe4.consensus.20160830.somatic.snv_mnv.vcf.gz	/n/data1/hms/dbmi/park/DATA/ICGC/PCAWG_Final_Datasets_DCC/consensus_cnv/segmented_cn/c67409b2-ac25-42a0-8543-4636ef132fe4.consensus.20170119.somatic.cna.txt
c6888be2-4517-41e4-a801-9c915f24e737	/n/data1/hms/dbmi/park/DATA/ICGC/PCAWG_Final_Datasets_DCC/consensus_snv_indel/merged_snv_mnv/c6888be2-4517-41e4-a801-9c915f24e737.consensus.20160830.somatic.snv_mnv.vcf.gz	/n/data1/hms/dbmi/park/DATA/ICGC/PCAWG_Final_Datasets_DCC/consensus_cnv/segmented_cn/c6888be2-4517-41e4-a801-9c915f24e737.consensus.20170119.somatic.cna.txt
c691d6b3-8e70-4951-8551-2ee4e4d0d10b	/n/data1/hms/dbmi/park/DATA/ICGC/PCAWG_Final_Datasets_DCC/consensus_snv_indel/merged_snv_mnv/c691d6b3-8e70-4951-8551-2ee4e4d0d10b.consensus.20160830.somatic.snv_mnv.vcf.gz	/n/data1/hms/dbmi/park/DATA/ICGC/PCAWG_Final_Datasets_DCC/consensus_cnv/segmented_cn/c691d6b3-8e70-4951-8551-2ee4e4d0d10b.consensus.20170119.somatic.cna.txt
c6a28615-1b92-4085-956e-eeedb2573c03	/n/data1/hms/dbmi/park/DATA/ICGC/PCAWG_Final_Datasets_DCC/consensus_snv_indel/merged_snv_mnv/c6a28615-1b92-4085-956e-eeedb2573c03.consensus.20160830.somatic.snv_mnv.vcf.gz	/n/data1/hms/dbmi/park/DATA/ICGC/PCAWG_Final_Datasets_DCC/consensus_cnv/segmented_cn/c6a28615-1b92-4085-956e-eeedb2573c03.consensus.20170119.somatic.cna.txt
c6bb32f0-c622-11e3-bf01-24c6515278c0	/n/data1/hms/dbmi/park/DATA/ICGC/PCAWG_Final_Datasets_DCC/consensus_snv_indel/merged_snv_mnv/c6bb32f0-c622-11e3-bf01-24c6515278c0.consensus.20160830.somatic.snv_mnv.vcf.gz	/n/data1/hms/dbmi/park/DATA/ICGC/PCAWG_Final_Datasets_DCC/consensus_cnv/segmented_cn/c6bb32f0-c622-11e3-bf01-24c6515278c0.consensus.20170119.somatic.cna.txt
c6d6f49e-6e95-4e41-8388-71f6fe017d80	/n/data1/hms/dbmi/park/DATA/ICGC/PCAWG_Final_Datasets_DCC/consensus_snv_indel/merged_snv_mnv/c6d6f49e-6e95-4e41-8388-71f6fe017d80.consensus.20160830.somatic.snv_mnv.vcf.gz	/n/data1/hms/dbmi/park/DATA/ICGC/PCAWG_Final_Datasets_DCC/consensus_cnv/segmented_cn/c6d6f49e-6e95-4e41-8388-71f6fe017d80.consensus.20170119.somatic.cna.txt
c741fb12-8160-43a7-bc70-2c545ea0031d	/n/data1/hms/dbmi/park/DATA/ICGC/PCAWG_Final_Datasets_DCC/consensus_snv_indel/merged_snv_mnv/c741fb12-8160-43a7-bc70-2c545ea0031d.consensus.20160830.somatic.snv_mnv.vcf.gz	/n/data1/hms/dbmi/park/DATA/ICGC/PCAWG_Final_Datasets_DCC/consensus_cnv/segmented_cn/c741fb12-8160-43a7-bc70-2c545ea0031d.consensus.20170119.somatic.cna.txt
c75cc75a-7496-420f-b526-ea63c77e9839	/n/data1/hms/dbmi/park/DATA/ICGC/PCAWG_Final_Datasets_DCC/consensus_snv_indel/merged_snv_mnv/c75cc75a-7496-420f-b526-ea63c77e9839.consensus.20160830.somatic.snv_mnv.vcf.gz	/n/data1/hms/dbmi/park/DATA/ICGC/PCAWG_Final_Datasets_DCC/consensus_cnv/segmented_cn/c75cc75a-7496-420f-b526-ea63c77e9839.consensus.20170119.somatic.cna.txt
c766274a-3c1e-443f-9ed4-c0e2b9c904d1	/n/data1/hms/dbmi/park/DATA/ICGC/PCAWG_Final_Datasets_DCC/consensus_snv_indel/merged_snv_mnv/c766274a-3c1e-443f-9ed4-c0e2b9c904d1.consensus.20160830.somatic.snv_mnv.vcf.gz	/n/data1/hms/dbmi/park/DATA/ICGC/PCAWG_Final_Datasets_DCC/consensus_cnv/segmented_cn/c766274a-3c1e-443f-9ed4-c0e2b9c904d1.consensus.20170119.somatic.cna.txt
c767254e-b289-4904-a80f-050cf01ff8ba	/n/data1/hms/dbmi/park/DATA/ICGC/PCAWG_Final_Datasets_DCC/consensus_snv_indel/merged_snv_mnv/c767254e-b289-4904-a80f-050cf01ff8ba.consensus.20160830.somatic.snv_mnv.vcf.gz	/n/data1/hms/dbmi/park/DATA/ICGC/PCAWG_Final_Datasets_DCC/consensus_cnv/segmented_cn/c767254e-b289-4904-a80f-050cf01ff8ba.consensus.20170119.somatic.cna.txt
c76f7fcc-2748-4b6d-805e-d21652dd5e3a	/n/data1/hms/dbmi/park/DATA/ICGC/PCAWG_Final_Datasets_DCC/consensus_snv_indel/merged_snv_mnv/c76f7fcc-2748-4b6d-805e-d21652dd5e3a.consensus.20160830.somatic.snv_mnv.vcf.gz	/n/data1/hms/dbmi/park/DATA/ICGC/PCAWG_Final_Datasets_DCC/consensus_cnv/segmented_cn/c76f7fcc-2748-4b6d-805e-d21652dd5e3a.consensus.20170119.somatic.cna.txt
c79ce3d3-4758-4f52-9da1-38f994c99f4e	/n/data1/hms/dbmi/park/DATA/ICGC/PCAWG_Final_Datasets_DCC/consensus_snv_indel/merged_snv_mnv/c79ce3d3-4758-4f52-9da1-38f994c99f4e.consensus.20160830.somatic.snv_mnv.vcf.gz	/n/data1/hms/dbmi/park/DATA/ICGC/PCAWG_Final_Datasets_DCC/consensus_cnv/segmented_cn/c79ce3d3-4758-4f52-9da1-38f994c99f4e.consensus.20170119.somatic.cna.txt
c7d798b8-c622-11e3-bf01-24c6515278c0	/n/data1/hms/dbmi/park/DATA/ICGC/PCAWG_Final_Datasets_DCC/consensus_snv_indel/merged_snv_mnv/c7d798b8-c622-11e3-bf01-24c6515278c0.consensus.20160830.somatic.snv_mnv.vcf.gz	/n/data1/hms/dbmi/park/DATA/ICGC/PCAWG_Final_Datasets_DCC/consensus_cnv/segmented_cn/c7d798b8-c622-11e3-bf01-24c6515278c0.consensus.20170119.somatic.cna.txt
c8381701-31cb-465a-bdf2-1b8132be7a14	/n/data1/hms/dbmi/park/DATA/ICGC/PCAWG_Final_Datasets_DCC/consensus_snv_indel/merged_snv_mnv/c8381701-31cb-465a-bdf2-1b8132be7a14.consensus.20160830.somatic.snv_mnv.vcf.gz	/n/data1/hms/dbmi/park/DATA/ICGC/PCAWG_Final_Datasets_DCC/consensus_cnv/segmented_cn/c8381701-31cb-465a-bdf2-1b8132be7a14.consensus.20170119.somatic.cna.txt
c8e961b4-e324-40a2-89f6-736ec3845bc9	/n/data1/hms/dbmi/park/DATA/ICGC/PCAWG_Final_Datasets_DCC/consensus_snv_indel/merged_snv_mnv/c8e961b4-e324-40a2-89f6-736ec3845bc9.consensus.20160830.somatic.snv_mnv.vcf.gz	/n/data1/hms/dbmi/park/DATA/ICGC/PCAWG_Final_Datasets_DCC/consensus_cnv/segmented_cn/c8e961b4-e324-40a2-89f6-736ec3845bc9.consensus.20170119.somatic.cna.txt
c8f61136-0bea-4fb4-bb63-699af7f22146	/n/data1/hms/dbmi/park/DATA/ICGC/PCAWG_Final_Datasets_DCC/consensus_snv_indel/merged_snv_mnv/c8f61136-0bea-4fb4-bb63-699af7f22146.consensus.20160830.somatic.snv_mnv.vcf.gz	/n/data1/hms/dbmi/park/DATA/ICGC/PCAWG_Final_Datasets_DCC/consensus_cnv/segmented_cn/c8f61136-0bea-4fb4-bb63-699af7f22146.consensus.20170119.somatic.cna.txt
c8f64a71-e545-4eb6-9da3-2d43ae0c2627	/n/data1/hms/dbmi/park/DATA/ICGC/PCAWG_Final_Datasets_DCC/consensus_snv_indel/merged_snv_mnv/c8f64a71-e545-4eb6-9da3-2d43ae0c2627.consensus.20160830.somatic.snv_mnv.vcf.gz	/n/data1/hms/dbmi/park/DATA/ICGC/PCAWG_Final_Datasets_DCC/consensus_cnv/segmented_cn/c8f64a71-e545-4eb6-9da3-2d43ae0c2627.consensus.20170119.somatic.cna.txt
c906a13e-c622-11e3-bf01-24c6515278c0	/n/data1/hms/dbmi/park/DATA/ICGC/PCAWG_Final_Datasets_DCC/consensus_snv_indel/merged_snv_mnv/c906a13e-c622-11e3-bf01-24c6515278c0.consensus.20160830.somatic.snv_mnv.vcf.gz	/n/data1/hms/dbmi/park/DATA/ICGC/PCAWG_Final_Datasets_DCC/consensus_cnv/segmented_cn/c906a13e-c622-11e3-bf01-24c6515278c0.consensus.20170119.somatic.cna.txt
c955387a-16e5-447c-8e69-e4c04a9861d5	/n/data1/hms/dbmi/park/DATA/ICGC/PCAWG_Final_Datasets_DCC/consensus_snv_indel/merged_snv_mnv/c955387a-16e5-447c-8e69-e4c04a9861d5.consensus.20160830.somatic.snv_mnv.vcf.gz	/n/data1/hms/dbmi/park/DATA/ICGC/PCAWG_Final_Datasets_DCC/consensus_cnv/segmented_cn/c955387a-16e5-447c-8e69-e4c04a9861d5.consensus.20170119.somatic.cna.txt
c95a2b1b-726c-4608-9fff-d57b6f1aa75a	/n/data1/hms/dbmi/park/DATA/ICGC/PCAWG_Final_Datasets_DCC/consensus_snv_indel/merged_snv_mnv/c95a2b1b-726c-4608-9fff-d57b6f1aa75a.consensus.20160830.somatic.snv_mnv.vcf.gz	/n/data1/hms/dbmi/park/DATA/ICGC/PCAWG_Final_Datasets_DCC/consensus_cnv/segmented_cn/c95a2b1b-726c-4608-9fff-d57b6f1aa75a.consensus.20170119.somatic.cna.txt
c971ffa7-ce37-4138-b028-598a30478e25	/n/data1/hms/dbmi/park/DATA/ICGC/PCAWG_Final_Datasets_DCC/consensus_snv_indel/merged_snv_mnv/c971ffa7-ce37-4138-b028-598a30478e25.consensus.20160830.somatic.snv_mnv.vcf.gz	/n/data1/hms/dbmi/park/DATA/ICGC/PCAWG_Final_Datasets_DCC/consensus_cnv/segmented_cn/c971ffa7-ce37-4138-b028-598a30478e25.consensus.20170119.somatic.cna.txt
c9959f68-c385-4c1f-9188-8203844d288e	/n/data1/hms/dbmi/park/DATA/ICGC/PCAWG_Final_Datasets_DCC/consensus_snv_indel/merged_snv_mnv/c9959f68-c385-4c1f-9188-8203844d288e.consensus.20160830.somatic.snv_mnv.vcf.gz	/n/data1/hms/dbmi/park/DATA/ICGC/PCAWG_Final_Datasets_DCC/consensus_cnv/segmented_cn/c9959f68-c385-4c1f-9188-8203844d288e.consensus.20170119.somatic.cna.txt
c9ad6b1c-baa0-45a7-b7c4-733728505b8a	/n/data1/hms/dbmi/park/DATA/ICGC/PCAWG_Final_Datasets_DCC/consensus_snv_indel/merged_snv_mnv/c9ad6b1c-baa0-45a7-b7c4-733728505b8a.consensus.20160830.somatic.snv_mnv.vcf.gz	/n/data1/hms/dbmi/park/DATA/ICGC/PCAWG_Final_Datasets_DCC/consensus_cnv/segmented_cn/c9ad6b1c-baa0-45a7-b7c4-733728505b8a.consensus.20170119.somatic.cna.txt
c9ca979d-b3ad-4ff0-92d0-140105413d28	/n/data1/hms/dbmi/park/DATA/ICGC/PCAWG_Final_Datasets_DCC/consensus_snv_indel/merged_snv_mnv/c9ca979d-b3ad-4ff0-92d0-140105413d28.consensus.20160830.somatic.snv_mnv.vcf.gz	/n/data1/hms/dbmi/park/DATA/ICGC/PCAWG_Final_Datasets_DCC/consensus_cnv/segmented_cn/c9ca979d-b3ad-4ff0-92d0-140105413d28.consensus.20170119.somatic.cna.txt
c9e7c629-7b57-4ede-b315-0cea8c97c48e	/n/data1/hms/dbmi/park/DATA/ICGC/PCAWG_Final_Datasets_DCC/consensus_snv_indel/merged_snv_mnv/c9e7c629-7b57-4ede-b315-0cea8c97c48e.consensus.20160830.somatic.snv_mnv.vcf.gz	/n/data1/hms/dbmi/park/DATA/ICGC/PCAWG_Final_Datasets_DCC/consensus_cnv/segmented_cn/c9e7c629-7b57-4ede-b315-0cea8c97c48e.consensus.20170119.somatic.cna.txt
c9e7cff0-aec2-4ff2-8091-7cbea2bf5991	/n/data1/hms/dbmi/park/DATA/ICGC/PCAWG_Final_Datasets_DCC/consensus_snv_indel/merged_snv_mnv/c9e7cff0-aec2-4ff2-8091-7cbea2bf5991.consensus.20160830.somatic.snv_mnv.vcf.gz	/n/data1/hms/dbmi/park/DATA/ICGC/PCAWG_Final_Datasets_DCC/consensus_cnv/segmented_cn/c9e7cff0-aec2-4ff2-8091-7cbea2bf5991.consensus.20170119.somatic.cna.txt
c9f87f0d-4967-4be2-8b92-a20f1980ea22	/n/data1/hms/dbmi/park/DATA/ICGC/PCAWG_Final_Datasets_DCC/consensus_snv_indel/merged_snv_mnv/c9f87f0d-4967-4be2-8b92-a20f1980ea22.consensus.20160830.somatic.snv_mnv.vcf.gz	/n/data1/hms/dbmi/park/DATA/ICGC/PCAWG_Final_Datasets_DCC/consensus_cnv/segmented_cn/c9f87f0d-4967-4be2-8b92-a20f1980ea22.consensus.20170119.somatic.cna.txt
c9f91ded-3b04-4cd1-8ea6-bbc635a8a4f0	/n/data1/hms/dbmi/park/DATA/ICGC/PCAWG_Final_Datasets_DCC/consensus_snv_indel/merged_snv_mnv/c9f91ded-3b04-4cd1-8ea6-bbc635a8a4f0.consensus.20160830.somatic.snv_mnv.vcf.gz	/n/data1/hms/dbmi/park/DATA/ICGC/PCAWG_Final_Datasets_DCC/consensus_cnv/segmented_cn/c9f91ded-3b04-4cd1-8ea6-bbc635a8a4f0.consensus.20170119.somatic.cna.txt
ca004926-f3ac-4824-8ed5-d84e62efdfae	/n/data1/hms/dbmi/park/DATA/ICGC/PCAWG_Final_Datasets_DCC/consensus_snv_indel/merged_snv_mnv/ca004926-f3ac-4824-8ed5-d84e62efdfae.consensus.20160830.somatic.snv_mnv.vcf.gz	/n/data1/hms/dbmi/park/DATA/ICGC/PCAWG_Final_Datasets_DCC/consensus_cnv/segmented_cn/ca004926-f3ac-4824-8ed5-d84e62efdfae.consensus.20170119.somatic.cna.txt
ca137611-533a-4d20-a85d-8e4c3a1eab2d	/n/data1/hms/dbmi/park/DATA/ICGC/PCAWG_Final_Datasets_DCC/consensus_snv_indel/merged_snv_mnv/ca137611-533a-4d20-a85d-8e4c3a1eab2d.consensus.20160830.somatic.snv_mnv.vcf.gz	/n/data1/hms/dbmi/park/DATA/ICGC/PCAWG_Final_Datasets_DCC/consensus_cnv/segmented_cn/ca137611-533a-4d20-a85d-8e4c3a1eab2d.consensus.20170119.somatic.cna.txt
ca284012-bd06-47a3-8a9d-c6b185d87d85	/n/data1/hms/dbmi/park/DATA/ICGC/PCAWG_Final_Datasets_DCC/consensus_snv_indel/merged_snv_mnv/ca284012-bd06-47a3-8a9d-c6b185d87d85.consensus.20160830.somatic.snv_mnv.vcf.gz	/n/data1/hms/dbmi/park/DATA/ICGC/PCAWG_Final_Datasets_DCC/consensus_cnv/segmented_cn/ca284012-bd06-47a3-8a9d-c6b185d87d85.consensus.20170119.somatic.cna.txt
ca2b9fe2-97e0-4d4f-afd7-a5acf638800f	/n/data1/hms/dbmi/park/DATA/ICGC/PCAWG_Final_Datasets_DCC/consensus_snv_indel/merged_snv_mnv/ca2b9fe2-97e0-4d4f-afd7-a5acf638800f.consensus.20160830.somatic.snv_mnv.vcf.gz	/n/data1/hms/dbmi/park/DATA/ICGC/PCAWG_Final_Datasets_DCC/consensus_cnv/segmented_cn/ca2b9fe2-97e0-4d4f-afd7-a5acf638800f.consensus.20170119.somatic.cna.txt
ca49fdb1-d55a-427c-9819-90980dcd956f	/n/data1/hms/dbmi/park/DATA/ICGC/PCAWG_Final_Datasets_DCC/consensus_snv_indel/merged_snv_mnv/ca49fdb1-d55a-427c-9819-90980dcd956f.consensus.20160830.somatic.snv_mnv.vcf.gz	/n/data1/hms/dbmi/park/DATA/ICGC/PCAWG_Final_Datasets_DCC/consensus_cnv/segmented_cn/ca49fdb1-d55a-427c-9819-90980dcd956f.consensus.20170119.somatic.cna.txt
ca5ded1c-c622-11e3-bf01-24c6515278c0	/n/data1/hms/dbmi/park/DATA/ICGC/PCAWG_Final_Datasets_DCC/consensus_snv_indel/merged_snv_mnv/ca5ded1c-c622-11e3-bf01-24c6515278c0.consensus.20160830.somatic.snv_mnv.vcf.gz	/n/data1/hms/dbmi/park/DATA/ICGC/PCAWG_Final_Datasets_DCC/consensus_cnv/segmented_cn/ca5ded1c-c622-11e3-bf01-24c6515278c0.consensus.20170119.somatic.cna.txt
ca8fa9f5-3190-440d-9879-22e33d05ca6c	/n/data1/hms/dbmi/park/DATA/ICGC/PCAWG_Final_Datasets_DCC/consensus_snv_indel/merged_snv_mnv/ca8fa9f5-3190-440d-9879-22e33d05ca6c.consensus.20160830.somatic.snv_mnv.vcf.gz	/n/data1/hms/dbmi/park/DATA/ICGC/PCAWG_Final_Datasets_DCC/consensus_cnv/segmented_cn/ca8fa9f5-3190-440d-9879-22e33d05ca6c.consensus.20170119.somatic.cna.txt
caf2e99d-8f1f-4043-b567-c3fe28dc33ac	/n/data1/hms/dbmi/park/DATA/ICGC/PCAWG_Final_Datasets_DCC/consensus_snv_indel/merged_snv_mnv/caf2e99d-8f1f-4043-b567-c3fe28dc33ac.consensus.20160830.somatic.snv_mnv.vcf.gz	/n/data1/hms/dbmi/park/DATA/ICGC/PCAWG_Final_Datasets_DCC/consensus_cnv/segmented_cn/caf2e99d-8f1f-4043-b567-c3fe28dc33ac.consensus.20170119.somatic.cna.txt
cafe9603-a804-48fb-9217-e2d1c3c346c5	/n/data1/hms/dbmi/park/DATA/ICGC/PCAWG_Final_Datasets_DCC/consensus_snv_indel/merged_snv_mnv/cafe9603-a804-48fb-9217-e2d1c3c346c5.consensus.20160830.somatic.snv_mnv.vcf.gz	/n/data1/hms/dbmi/park/DATA/ICGC/PCAWG_Final_Datasets_DCC/consensus_cnv/segmented_cn/cafe9603-a804-48fb-9217-e2d1c3c346c5.consensus.20170119.somatic.cna.txt
cb381d49-4546-400c-af02-f877083caa0a	/n/data1/hms/dbmi/park/DATA/ICGC/PCAWG_Final_Datasets_DCC/consensus_snv_indel/merged_snv_mnv/cb381d49-4546-400c-af02-f877083caa0a.consensus.20160830.somatic.snv_mnv.vcf.gz	/n/data1/hms/dbmi/park/DATA/ICGC/PCAWG_Final_Datasets_DCC/consensus_cnv/segmented_cn/cb381d49-4546-400c-af02-f877083caa0a.consensus.20170119.somatic.cna.txt
cb4608a7-6aec-4cba-b20f-489e214c9dbd	/n/data1/hms/dbmi/park/DATA/ICGC/PCAWG_Final_Datasets_DCC/consensus_snv_indel/merged_snv_mnv/cb4608a7-6aec-4cba-b20f-489e214c9dbd.consensus.20160830.somatic.snv_mnv.vcf.gz	/n/data1/hms/dbmi/park/DATA/ICGC/PCAWG_Final_Datasets_DCC/consensus_cnv/segmented_cn/cb4608a7-6aec-4cba-b20f-489e214c9dbd.consensus.20170119.somatic.cna.txt
cb56e4c2-2fff-4f09-be34-fbdaa3794b35	/n/data1/hms/dbmi/park/DATA/ICGC/PCAWG_Final_Datasets_DCC/consensus_snv_indel/merged_snv_mnv/cb56e4c2-2fff-4f09-be34-fbdaa3794b35.consensus.20160830.somatic.snv_mnv.vcf.gz	/n/data1/hms/dbmi/park/DATA/ICGC/PCAWG_Final_Datasets_DCC/consensus_cnv/segmented_cn/cb56e4c2-2fff-4f09-be34-fbdaa3794b35.consensus.20170119.somatic.cna.txt
cb5e1546-cda6-4991-911c-f3dd9f1a475a	/n/data1/hms/dbmi/park/DATA/ICGC/PCAWG_Final_Datasets_DCC/consensus_snv_indel/merged_snv_mnv/cb5e1546-cda6-4991-911c-f3dd9f1a475a.consensus.20160830.somatic.snv_mnv.vcf.gz	/n/data1/hms/dbmi/park/DATA/ICGC/PCAWG_Final_Datasets_DCC/consensus_cnv/segmented_cn/cb5e1546-cda6-4991-911c-f3dd9f1a475a.consensus.20170119.somatic.cna.txt
cb74d12c-eed1-4b14-8f93-d70e625eb65e	/n/data1/hms/dbmi/park/DATA/ICGC/PCAWG_Final_Datasets_DCC/consensus_snv_indel/merged_snv_mnv/cb74d12c-eed1-4b14-8f93-d70e625eb65e.consensus.20160830.somatic.snv_mnv.vcf.gz	/n/data1/hms/dbmi/park/DATA/ICGC/PCAWG_Final_Datasets_DCC/consensus_cnv/segmented_cn/cb74d12c-eed1-4b14-8f93-d70e625eb65e.consensus.20170119.somatic.cna.txt
cb753e6f-5ea3-4b58-9db3-7a62d15c8b2e	/n/data1/hms/dbmi/park/DATA/ICGC/PCAWG_Final_Datasets_DCC/consensus_snv_indel/merged_snv_mnv/cb753e6f-5ea3-4b58-9db3-7a62d15c8b2e.consensus.20160830.somatic.snv_mnv.vcf.gz	/n/data1/hms/dbmi/park/DATA/ICGC/PCAWG_Final_Datasets_DCC/consensus_cnv/segmented_cn/cb753e6f-5ea3-4b58-9db3-7a62d15c8b2e.consensus.20170119.somatic.cna.txt
cb783f8b-d092-4104-b809-3f90b19df7df	/n/data1/hms/dbmi/park/DATA/ICGC/PCAWG_Final_Datasets_DCC/consensus_snv_indel/merged_snv_mnv/cb783f8b-d092-4104-b809-3f90b19df7df.consensus.20160830.somatic.snv_mnv.vcf.gz	/n/data1/hms/dbmi/park/DATA/ICGC/PCAWG_Final_Datasets_DCC/consensus_cnv/segmented_cn/cb783f8b-d092-4104-b809-3f90b19df7df.consensus.20170119.somatic.cna.txt
cb86fbb6-c622-11e3-bf01-24c6515278c0	/n/data1/hms/dbmi/park/DATA/ICGC/PCAWG_Final_Datasets_DCC/consensus_snv_indel/merged_snv_mnv/cb86fbb6-c622-11e3-bf01-24c6515278c0.consensus.20160830.somatic.snv_mnv.vcf.gz	/n/data1/hms/dbmi/park/DATA/ICGC/PCAWG_Final_Datasets_DCC/consensus_cnv/segmented_cn/cb86fbb6-c622-11e3-bf01-24c6515278c0.consensus.20170119.somatic.cna.txt
cb89cea8-f78e-4024-97c2-8f24debee1bc	/n/data1/hms/dbmi/park/DATA/ICGC/PCAWG_Final_Datasets_DCC/consensus_snv_indel/merged_snv_mnv/cb89cea8-f78e-4024-97c2-8f24debee1bc.consensus.20160830.somatic.snv_mnv.vcf.gz	/n/data1/hms/dbmi/park/DATA/ICGC/PCAWG_Final_Datasets_DCC/consensus_cnv/segmented_cn/cb89cea8-f78e-4024-97c2-8f24debee1bc.consensus.20170119.somatic.cna.txt
cba4de91-cce7-4edc-8450-d0a52c959586	/n/data1/hms/dbmi/park/DATA/ICGC/PCAWG_Final_Datasets_DCC/consensus_snv_indel/merged_snv_mnv/cba4de91-cce7-4edc-8450-d0a52c959586.consensus.20160830.somatic.snv_mnv.vcf.gz	/n/data1/hms/dbmi/park/DATA/ICGC/PCAWG_Final_Datasets_DCC/consensus_cnv/segmented_cn/cba4de91-cce7-4edc-8450-d0a52c959586.consensus.20170119.somatic.cna.txt
cbb788dd-964b-4cfd-80e1-979c7b5b3c52	/n/data1/hms/dbmi/park/DATA/ICGC/PCAWG_Final_Datasets_DCC/consensus_snv_indel/merged_snv_mnv/cbb788dd-964b-4cfd-80e1-979c7b5b3c52.consensus.20160830.somatic.snv_mnv.vcf.gz	/n/data1/hms/dbmi/park/DATA/ICGC/PCAWG_Final_Datasets_DCC/consensus_cnv/segmented_cn/cbb788dd-964b-4cfd-80e1-979c7b5b3c52.consensus.20170119.somatic.cna.txt
cc19a480-9c66-4ee8-a0c0-921acac02689	/n/data1/hms/dbmi/park/DATA/ICGC/PCAWG_Final_Datasets_DCC/consensus_snv_indel/merged_snv_mnv/cc19a480-9c66-4ee8-a0c0-921acac02689.consensus.20160830.somatic.snv_mnv.vcf.gz	/n/data1/hms/dbmi/park/DATA/ICGC/PCAWG_Final_Datasets_DCC/consensus_cnv/segmented_cn/cc19a480-9c66-4ee8-a0c0-921acac02689.consensus.20170119.somatic.cna.txt
cc39b534-5ba1-4ea0-956b-676f6732beec	/n/data1/hms/dbmi/park/DATA/ICGC/PCAWG_Final_Datasets_DCC/consensus_snv_indel/merged_snv_mnv/cc39b534-5ba1-4ea0-956b-676f6732beec.consensus.20160830.somatic.snv_mnv.vcf.gz	/n/data1/hms/dbmi/park/DATA/ICGC/PCAWG_Final_Datasets_DCC/consensus_cnv/segmented_cn/cc39b534-5ba1-4ea0-956b-676f6732beec.consensus.20170119.somatic.cna.txt
cc4f9175-a8c8-424a-99d7-8bd11cae0e52	/n/data1/hms/dbmi/park/DATA/ICGC/PCAWG_Final_Datasets_DCC/consensus_snv_indel/merged_snv_mnv/cc4f9175-a8c8-424a-99d7-8bd11cae0e52.consensus.20160830.somatic.snv_mnv.vcf.gz	/n/data1/hms/dbmi/park/DATA/ICGC/PCAWG_Final_Datasets_DCC/consensus_cnv/segmented_cn/cc4f9175-a8c8-424a-99d7-8bd11cae0e52.consensus.20170119.somatic.cna.txt
cc69fe94-0ecf-45ad-a03f-8fb7198e8657	/n/data1/hms/dbmi/park/DATA/ICGC/PCAWG_Final_Datasets_DCC/consensus_snv_indel/merged_snv_mnv/cc69fe94-0ecf-45ad-a03f-8fb7198e8657.consensus.20160830.somatic.snv_mnv.vcf.gz	/n/data1/hms/dbmi/park/DATA/ICGC/PCAWG_Final_Datasets_DCC/consensus_cnv/segmented_cn/cc69fe94-0ecf-45ad-a03f-8fb7198e8657.consensus.20170119.somatic.cna.txt
cc6ab103-f07c-4b80-8c8e-cddc8a4da02e	/n/data1/hms/dbmi/park/DATA/ICGC/PCAWG_Final_Datasets_DCC/consensus_snv_indel/merged_snv_mnv/cc6ab103-f07c-4b80-8c8e-cddc8a4da02e.consensus.20160830.somatic.snv_mnv.vcf.gz	/n/data1/hms/dbmi/park/DATA/ICGC/PCAWG_Final_Datasets_DCC/consensus_cnv/segmented_cn/cc6ab103-f07c-4b80-8c8e-cddc8a4da02e.consensus.20170119.somatic.cna.txt
cc792058-c622-11e3-bf01-24c6515278c0	/n/data1/hms/dbmi/park/DATA/ICGC/PCAWG_Final_Datasets_DCC/consensus_snv_indel/merged_snv_mnv/cc792058-c622-11e3-bf01-24c6515278c0.consensus.20160830.somatic.snv_mnv.vcf.gz	/n/data1/hms/dbmi/park/DATA/ICGC/PCAWG_Final_Datasets_DCC/consensus_cnv/segmented_cn/cc792058-c622-11e3-bf01-24c6515278c0.consensus.20170119.somatic.cna.txt
cc7af465-22ed-485d-a78c-282b840bf7c9	/n/data1/hms/dbmi/park/DATA/ICGC/PCAWG_Final_Datasets_DCC/consensus_snv_indel/merged_snv_mnv/cc7af465-22ed-485d-a78c-282b840bf7c9.consensus.20160830.somatic.snv_mnv.vcf.gz	/n/data1/hms/dbmi/park/DATA/ICGC/PCAWG_Final_Datasets_DCC/consensus_cnv/segmented_cn/cc7af465-22ed-485d-a78c-282b840bf7c9.consensus.20170119.somatic.cna.txt
cc7bba1d-8990-4557-a565-9cff1085f023	/n/data1/hms/dbmi/park/DATA/ICGC/PCAWG_Final_Datasets_DCC/consensus_snv_indel/merged_snv_mnv/cc7bba1d-8990-4557-a565-9cff1085f023.consensus.20160830.somatic.snv_mnv.vcf.gz	/n/data1/hms/dbmi/park/DATA/ICGC/PCAWG_Final_Datasets_DCC/consensus_cnv/segmented_cn/cc7bba1d-8990-4557-a565-9cff1085f023.consensus.20170119.somatic.cna.txt
cd0aeed5-93a1-4287-8a88-fe6b7b5e3983	/n/data1/hms/dbmi/park/DATA/ICGC/PCAWG_Final_Datasets_DCC/consensus_snv_indel/merged_snv_mnv/cd0aeed5-93a1-4287-8a88-fe6b7b5e3983.consensus.20160830.somatic.snv_mnv.vcf.gz	/n/data1/hms/dbmi/park/DATA/ICGC/PCAWG_Final_Datasets_DCC/consensus_cnv/segmented_cn/cd0aeed5-93a1-4287-8a88-fe6b7b5e3983.consensus.20170119.somatic.cna.txt
cd0c3b1f-c73a-4991-8724-4e74381900cb	/n/data1/hms/dbmi/park/DATA/ICGC/PCAWG_Final_Datasets_DCC/consensus_snv_indel/merged_snv_mnv/cd0c3b1f-c73a-4991-8724-4e74381900cb.consensus.20160830.somatic.snv_mnv.vcf.gz	/n/data1/hms/dbmi/park/DATA/ICGC/PCAWG_Final_Datasets_DCC/consensus_cnv/segmented_cn/cd0c3b1f-c73a-4991-8724-4e74381900cb.consensus.20170119.somatic.cna.txt
cd29af7e-d670-4d8e-83e2-da6e52abda71	/n/data1/hms/dbmi/park/DATA/ICGC/PCAWG_Final_Datasets_DCC/consensus_snv_indel/merged_snv_mnv/cd29af7e-d670-4d8e-83e2-da6e52abda71.consensus.20160830.somatic.snv_mnv.vcf.gz	/n/data1/hms/dbmi/park/DATA/ICGC/PCAWG_Final_Datasets_DCC/consensus_cnv/segmented_cn/cd29af7e-d670-4d8e-83e2-da6e52abda71.consensus.20170119.somatic.cna.txt
cd2a045b-fbde-49c6-8be6-c0e3ecee246f	/n/data1/hms/dbmi/park/DATA/ICGC/PCAWG_Final_Datasets_DCC/consensus_snv_indel/merged_snv_mnv/cd2a045b-fbde-49c6-8be6-c0e3ecee246f.consensus.20160830.somatic.snv_mnv.vcf.gz	/n/data1/hms/dbmi/park/DATA/ICGC/PCAWG_Final_Datasets_DCC/consensus_cnv/segmented_cn/cd2a045b-fbde-49c6-8be6-c0e3ecee246f.consensus.20170119.somatic.cna.txt
cd3d7559-b583-4474-81df-4bf9232de3c2	/n/data1/hms/dbmi/park/DATA/ICGC/PCAWG_Final_Datasets_DCC/consensus_snv_indel/merged_snv_mnv/cd3d7559-b583-4474-81df-4bf9232de3c2.consensus.20160830.somatic.snv_mnv.vcf.gz	/n/data1/hms/dbmi/park/DATA/ICGC/PCAWG_Final_Datasets_DCC/consensus_cnv/segmented_cn/cd3d7559-b583-4474-81df-4bf9232de3c2.consensus.20170119.somatic.cna.txt
cd9efdef-a7fb-49e5-9515-63606ae8bbfc	/n/data1/hms/dbmi/park/DATA/ICGC/PCAWG_Final_Datasets_DCC/consensus_snv_indel/merged_snv_mnv/cd9efdef-a7fb-49e5-9515-63606ae8bbfc.consensus.20160830.somatic.snv_mnv.vcf.gz	/n/data1/hms/dbmi/park/DATA/ICGC/PCAWG_Final_Datasets_DCC/consensus_cnv/segmented_cn/cd9efdef-a7fb-49e5-9515-63606ae8bbfc.consensus.20170119.somatic.cna.txt
cda1a403-16b6-487c-a82a-c377d1d0f89d	/n/data1/hms/dbmi/park/DATA/ICGC/PCAWG_Final_Datasets_DCC/consensus_snv_indel/merged_snv_mnv/cda1a403-16b6-487c-a82a-c377d1d0f89d.consensus.20160830.somatic.snv_mnv.vcf.gz	/n/data1/hms/dbmi/park/DATA/ICGC/PCAWG_Final_Datasets_DCC/consensus_cnv/segmented_cn/cda1a403-16b6-487c-a82a-c377d1d0f89d.consensus.20170119.somatic.cna.txt
cdbbd701-9c05-4f9e-923d-06039dd8a04d	/n/data1/hms/dbmi/park/DATA/ICGC/PCAWG_Final_Datasets_DCC/consensus_snv_indel/merged_snv_mnv/cdbbd701-9c05-4f9e-923d-06039dd8a04d.consensus.20160830.somatic.snv_mnv.vcf.gz	/n/data1/hms/dbmi/park/DATA/ICGC/PCAWG_Final_Datasets_DCC/consensus_cnv/segmented_cn/cdbbd701-9c05-4f9e-923d-06039dd8a04d.consensus.20170119.somatic.cna.txt
cdc2c513-590f-444b-9347-32ba365313a7	/n/data1/hms/dbmi/park/DATA/ICGC/PCAWG_Final_Datasets_DCC/consensus_snv_indel/merged_snv_mnv/cdc2c513-590f-444b-9347-32ba365313a7.consensus.20160830.somatic.snv_mnv.vcf.gz	/n/data1/hms/dbmi/park/DATA/ICGC/PCAWG_Final_Datasets_DCC/consensus_cnv/segmented_cn/cdc2c513-590f-444b-9347-32ba365313a7.consensus.20170119.somatic.cna.txt
cdc672cc-35df-4f10-88f1-d3e40dabf601	/n/data1/hms/dbmi/park/DATA/ICGC/PCAWG_Final_Datasets_DCC/consensus_snv_indel/merged_snv_mnv/cdc672cc-35df-4f10-88f1-d3e40dabf601.consensus.20160830.somatic.snv_mnv.vcf.gz	/n/data1/hms/dbmi/park/DATA/ICGC/PCAWG_Final_Datasets_DCC/consensus_cnv/segmented_cn/cdc672cc-35df-4f10-88f1-d3e40dabf601.consensus.20170119.somatic.cna.txt
cdcc04fc-c622-11e3-bf01-24c6515278c0	/n/data1/hms/dbmi/park/DATA/ICGC/PCAWG_Final_Datasets_DCC/consensus_snv_indel/merged_snv_mnv/cdcc04fc-c622-11e3-bf01-24c6515278c0.consensus.20160830.somatic.snv_mnv.vcf.gz	/n/data1/hms/dbmi/park/DATA/ICGC/PCAWG_Final_Datasets_DCC/consensus_cnv/segmented_cn/cdcc04fc-c622-11e3-bf01-24c6515278c0.consensus.20170119.somatic.cna.txt
cdf045a6-ab6a-4dc5-b0b0-d72fbb26b0bb	/n/data1/hms/dbmi/park/DATA/ICGC/PCAWG_Final_Datasets_DCC/consensus_snv_indel/merged_snv_mnv/cdf045a6-ab6a-4dc5-b0b0-d72fbb26b0bb.consensus.20160830.somatic.snv_mnv.vcf.gz	/n/data1/hms/dbmi/park/DATA/ICGC/PCAWG_Final_Datasets_DCC/consensus_cnv/segmented_cn/cdf045a6-ab6a-4dc5-b0b0-d72fbb26b0bb.consensus.20170119.somatic.cna.txt
cdf313c8-59f9-41c6-9bd2-f47cb4287da5	/n/data1/hms/dbmi/park/DATA/ICGC/PCAWG_Final_Datasets_DCC/consensus_snv_indel/merged_snv_mnv/cdf313c8-59f9-41c6-9bd2-f47cb4287da5.consensus.20160830.somatic.snv_mnv.vcf.gz	/n/data1/hms/dbmi/park/DATA/ICGC/PCAWG_Final_Datasets_DCC/consensus_cnv/segmented_cn/cdf313c8-59f9-41c6-9bd2-f47cb4287da5.consensus.20170119.somatic.cna.txt
ce6154e9-3f3a-442f-a608-35e1bab66927	/n/data1/hms/dbmi/park/DATA/ICGC/PCAWG_Final_Datasets_DCC/consensus_snv_indel/merged_snv_mnv/ce6154e9-3f3a-442f-a608-35e1bab66927.consensus.20160830.somatic.snv_mnv.vcf.gz	/n/data1/hms/dbmi/park/DATA/ICGC/PCAWG_Final_Datasets_DCC/consensus_cnv/segmented_cn/ce6154e9-3f3a-442f-a608-35e1bab66927.consensus.20170119.somatic.cna.txt
ce799e7b-30e7-44a5-a185-3e50d5e059ef	/n/data1/hms/dbmi/park/DATA/ICGC/PCAWG_Final_Datasets_DCC/consensus_snv_indel/merged_snv_mnv/ce799e7b-30e7-44a5-a185-3e50d5e059ef.consensus.20160830.somatic.snv_mnv.vcf.gz	/n/data1/hms/dbmi/park/DATA/ICGC/PCAWG_Final_Datasets_DCC/consensus_cnv/segmented_cn/ce799e7b-30e7-44a5-a185-3e50d5e059ef.consensus.20170119.somatic.cna.txt
ce85ccf3-6621-4976-b187-2f28d45dd4d9	/n/data1/hms/dbmi/park/DATA/ICGC/PCAWG_Final_Datasets_DCC/consensus_snv_indel/merged_snv_mnv/ce85ccf3-6621-4976-b187-2f28d45dd4d9.consensus.20160830.somatic.snv_mnv.vcf.gz	/n/data1/hms/dbmi/park/DATA/ICGC/PCAWG_Final_Datasets_DCC/consensus_cnv/segmented_cn/ce85ccf3-6621-4976-b187-2f28d45dd4d9.consensus.20170119.somatic.cna.txt
cef1fb1c-18fa-453a-b87f-295d3b0bc12b	/n/data1/hms/dbmi/park/DATA/ICGC/PCAWG_Final_Datasets_DCC/consensus_snv_indel/merged_snv_mnv/cef1fb1c-18fa-453a-b87f-295d3b0bc12b.consensus.20160830.somatic.snv_mnv.vcf.gz	/n/data1/hms/dbmi/park/DATA/ICGC/PCAWG_Final_Datasets_DCC/consensus_cnv/segmented_cn/cef1fb1c-18fa-453a-b87f-295d3b0bc12b.consensus.20170119.somatic.cna.txt
cf072bfe-3191-4a71-9e0b-decaa28365e1	/n/data1/hms/dbmi/park/DATA/ICGC/PCAWG_Final_Datasets_DCC/consensus_snv_indel/merged_snv_mnv/cf072bfe-3191-4a71-9e0b-decaa28365e1.consensus.20160830.somatic.snv_mnv.vcf.gz	/n/data1/hms/dbmi/park/DATA/ICGC/PCAWG_Final_Datasets_DCC/consensus_cnv/segmented_cn/cf072bfe-3191-4a71-9e0b-decaa28365e1.consensus.20170119.somatic.cna.txt
cf2d34c4-c622-11e3-bf01-24c6515278c0	/n/data1/hms/dbmi/park/DATA/ICGC/PCAWG_Final_Datasets_DCC/consensus_snv_indel/merged_snv_mnv/cf2d34c4-c622-11e3-bf01-24c6515278c0.consensus.20160830.somatic.snv_mnv.vcf.gz	/n/data1/hms/dbmi/park/DATA/ICGC/PCAWG_Final_Datasets_DCC/consensus_cnv/segmented_cn/cf2d34c4-c622-11e3-bf01-24c6515278c0.consensus.20170119.somatic.cna.txt
cf5deb22-f7eb-409d-a0e4-882716199c39	/n/data1/hms/dbmi/park/DATA/ICGC/PCAWG_Final_Datasets_DCC/consensus_snv_indel/merged_snv_mnv/cf5deb22-f7eb-409d-a0e4-882716199c39.consensus.20160830.somatic.snv_mnv.vcf.gz	/n/data1/hms/dbmi/park/DATA/ICGC/PCAWG_Final_Datasets_DCC/consensus_cnv/segmented_cn/cf5deb22-f7eb-409d-a0e4-882716199c39.consensus.20170119.somatic.cna.txt
cf6c7066-6611-43ec-aef1-295a976cce5b	/n/data1/hms/dbmi/park/DATA/ICGC/PCAWG_Final_Datasets_DCC/consensus_snv_indel/merged_snv_mnv/cf6c7066-6611-43ec-aef1-295a976cce5b.consensus.20160830.somatic.snv_mnv.vcf.gz	/n/data1/hms/dbmi/park/DATA/ICGC/PCAWG_Final_Datasets_DCC/consensus_cnv/segmented_cn/cf6c7066-6611-43ec-aef1-295a976cce5b.consensus.20170119.somatic.cna.txt
cf777ef1-765f-4828-b789-f5aa6722eb35	/n/data1/hms/dbmi/park/DATA/ICGC/PCAWG_Final_Datasets_DCC/consensus_snv_indel/merged_snv_mnv/cf777ef1-765f-4828-b789-f5aa6722eb35.consensus.20160830.somatic.snv_mnv.vcf.gz	/n/data1/hms/dbmi/park/DATA/ICGC/PCAWG_Final_Datasets_DCC/consensus_cnv/segmented_cn/cf777ef1-765f-4828-b789-f5aa6722eb35.consensus.20170119.somatic.cna.txt
cfe0bf13-2ff4-4164-9b6a-cd3615bf3ddc	/n/data1/hms/dbmi/park/DATA/ICGC/PCAWG_Final_Datasets_DCC/consensus_snv_indel/merged_snv_mnv/cfe0bf13-2ff4-4164-9b6a-cd3615bf3ddc.consensus.20160830.somatic.snv_mnv.vcf.gz	/n/data1/hms/dbmi/park/DATA/ICGC/PCAWG_Final_Datasets_DCC/consensus_cnv/segmented_cn/cfe0bf13-2ff4-4164-9b6a-cd3615bf3ddc.consensus.20170119.somatic.cna.txt
d00625b4-6e0e-4d96-8e4c-8f1ddcc7aded	/n/data1/hms/dbmi/park/DATA/ICGC/PCAWG_Final_Datasets_DCC/consensus_snv_indel/merged_snv_mnv/d00625b4-6e0e-4d96-8e4c-8f1ddcc7aded.consensus.20160830.somatic.snv_mnv.vcf.gz	/n/data1/hms/dbmi/park/DATA/ICGC/PCAWG_Final_Datasets_DCC/consensus_cnv/segmented_cn/d00625b4-6e0e-4d96-8e4c-8f1ddcc7aded.consensus.20170119.somatic.cna.txt
d0161ca7-3c33-4fe5-80df-0cc4b3c4e8ee	/n/data1/hms/dbmi/park/DATA/ICGC/PCAWG_Final_Datasets_DCC/consensus_snv_indel/merged_snv_mnv/d0161ca7-3c33-4fe5-80df-0cc4b3c4e8ee.consensus.20160830.somatic.snv_mnv.vcf.gz	/n/data1/hms/dbmi/park/DATA/ICGC/PCAWG_Final_Datasets_DCC/consensus_cnv/segmented_cn/d0161ca7-3c33-4fe5-80df-0cc4b3c4e8ee.consensus.20170119.somatic.cna.txt
d01710f9-efc8-4b5f-9e53-300b30f9219f	/n/data1/hms/dbmi/park/DATA/ICGC/PCAWG_Final_Datasets_DCC/consensus_snv_indel/merged_snv_mnv/d01710f9-efc8-4b5f-9e53-300b30f9219f.consensus.20160830.somatic.snv_mnv.vcf.gz	/n/data1/hms/dbmi/park/DATA/ICGC/PCAWG_Final_Datasets_DCC/consensus_cnv/segmented_cn/d01710f9-efc8-4b5f-9e53-300b30f9219f.consensus.20170119.somatic.cna.txt
d02597f8-3ac7-4165-a65f-0e134e5d215b	/n/data1/hms/dbmi/park/DATA/ICGC/PCAWG_Final_Datasets_DCC/consensus_snv_indel/merged_snv_mnv/d02597f8-3ac7-4165-a65f-0e134e5d215b.consensus.20160830.somatic.snv_mnv.vcf.gz	/n/data1/hms/dbmi/park/DATA/ICGC/PCAWG_Final_Datasets_DCC/consensus_cnv/segmented_cn/d02597f8-3ac7-4165-a65f-0e134e5d215b.consensus.20170119.somatic.cna.txt
d0469256-c622-11e3-bf01-24c6515278c0	/n/data1/hms/dbmi/park/DATA/ICGC/PCAWG_Final_Datasets_DCC/consensus_snv_indel/merged_snv_mnv/d0469256-c622-11e3-bf01-24c6515278c0.consensus.20160830.somatic.snv_mnv.vcf.gz	/n/data1/hms/dbmi/park/DATA/ICGC/PCAWG_Final_Datasets_DCC/consensus_cnv/segmented_cn/d0469256-c622-11e3-bf01-24c6515278c0.consensus.20170119.somatic.cna.txt
d053f88f-09e6-472e-a691-bb293c461399	/n/data1/hms/dbmi/park/DATA/ICGC/PCAWG_Final_Datasets_DCC/consensus_snv_indel/merged_snv_mnv/d053f88f-09e6-472e-a691-bb293c461399.consensus.20160830.somatic.snv_mnv.vcf.gz	/n/data1/hms/dbmi/park/DATA/ICGC/PCAWG_Final_Datasets_DCC/consensus_cnv/segmented_cn/d053f88f-09e6-472e-a691-bb293c461399.consensus.20170119.somatic.cna.txt
d056645f-4dd3-49f3-b0a4-2293e2b4d82c	/n/data1/hms/dbmi/park/DATA/ICGC/PCAWG_Final_Datasets_DCC/consensus_snv_indel/merged_snv_mnv/d056645f-4dd3-49f3-b0a4-2293e2b4d82c.consensus.20160830.somatic.snv_mnv.vcf.gz	/n/data1/hms/dbmi/park/DATA/ICGC/PCAWG_Final_Datasets_DCC/consensus_cnv/segmented_cn/d056645f-4dd3-49f3-b0a4-2293e2b4d82c.consensus.20170119.somatic.cna.txt
d05ea63c-86a3-463a-a790-2edaa74b4da7	/n/data1/hms/dbmi/park/DATA/ICGC/PCAWG_Final_Datasets_DCC/consensus_snv_indel/merged_snv_mnv/d05ea63c-86a3-463a-a790-2edaa74b4da7.consensus.20160830.somatic.snv_mnv.vcf.gz	/n/data1/hms/dbmi/park/DATA/ICGC/PCAWG_Final_Datasets_DCC/consensus_cnv/segmented_cn/d05ea63c-86a3-463a-a790-2edaa74b4da7.consensus.20170119.somatic.cna.txt
d0a0d845-32e2-4590-b909-29bd27b92900	/n/data1/hms/dbmi/park/DATA/ICGC/PCAWG_Final_Datasets_DCC/consensus_snv_indel/merged_snv_mnv/d0a0d845-32e2-4590-b909-29bd27b92900.consensus.20160830.somatic.snv_mnv.vcf.gz	/n/data1/hms/dbmi/park/DATA/ICGC/PCAWG_Final_Datasets_DCC/consensus_cnv/segmented_cn/d0a0d845-32e2-4590-b909-29bd27b92900.consensus.20170119.somatic.cna.txt
d0a33fd2-085c-488b-b843-2ca97c85a5cb	/n/data1/hms/dbmi/park/DATA/ICGC/PCAWG_Final_Datasets_DCC/consensus_snv_indel/merged_snv_mnv/d0a33fd2-085c-488b-b843-2ca97c85a5cb.consensus.20160830.somatic.snv_mnv.vcf.gz	/n/data1/hms/dbmi/park/DATA/ICGC/PCAWG_Final_Datasets_DCC/consensus_cnv/segmented_cn/d0a33fd2-085c-488b-b843-2ca97c85a5cb.consensus.20170119.somatic.cna.txt
d0e033bc-8e97-4322-b3b1-8626f1e2449b	/n/data1/hms/dbmi/park/DATA/ICGC/PCAWG_Final_Datasets_DCC/consensus_snv_indel/merged_snv_mnv/d0e033bc-8e97-4322-b3b1-8626f1e2449b.consensus.20160830.somatic.snv_mnv.vcf.gz	/n/data1/hms/dbmi/park/DATA/ICGC/PCAWG_Final_Datasets_DCC/consensus_cnv/segmented_cn/d0e033bc-8e97-4322-b3b1-8626f1e2449b.consensus.20170119.somatic.cna.txt
d0f4dd92-a63b-4766-8889-5327fca1bd91	/n/data1/hms/dbmi/park/DATA/ICGC/PCAWG_Final_Datasets_DCC/consensus_snv_indel/merged_snv_mnv/d0f4dd92-a63b-4766-8889-5327fca1bd91.consensus.20160830.somatic.snv_mnv.vcf.gz	/n/data1/hms/dbmi/park/DATA/ICGC/PCAWG_Final_Datasets_DCC/consensus_cnv/segmented_cn/d0f4dd92-a63b-4766-8889-5327fca1bd91.consensus.20170119.somatic.cna.txt
d1132127-1250-43af-9c16-425798a3d1a7	/n/data1/hms/dbmi/park/DATA/ICGC/PCAWG_Final_Datasets_DCC/consensus_snv_indel/merged_snv_mnv/d1132127-1250-43af-9c16-425798a3d1a7.consensus.20160830.somatic.snv_mnv.vcf.gz	/n/data1/hms/dbmi/park/DATA/ICGC/PCAWG_Final_Datasets_DCC/consensus_cnv/segmented_cn/d1132127-1250-43af-9c16-425798a3d1a7.consensus.20170119.somatic.cna.txt
d113ce88-04ab-4675-b363-92f80c28de34	/n/data1/hms/dbmi/park/DATA/ICGC/PCAWG_Final_Datasets_DCC/consensus_snv_indel/merged_snv_mnv/d113ce88-04ab-4675-b363-92f80c28de34.consensus.20160830.somatic.snv_mnv.vcf.gz	/n/data1/hms/dbmi/park/DATA/ICGC/PCAWG_Final_Datasets_DCC/consensus_cnv/segmented_cn/d113ce88-04ab-4675-b363-92f80c28de34.consensus.20170119.somatic.cna.txt
d12cfd8b-682d-41df-acf8-ee7f68a6241c	/n/data1/hms/dbmi/park/DATA/ICGC/PCAWG_Final_Datasets_DCC/consensus_snv_indel/merged_snv_mnv/d12cfd8b-682d-41df-acf8-ee7f68a6241c.consensus.20160830.somatic.snv_mnv.vcf.gz	/n/data1/hms/dbmi/park/DATA/ICGC/PCAWG_Final_Datasets_DCC/consensus_cnv/segmented_cn/d12cfd8b-682d-41df-acf8-ee7f68a6241c.consensus.20170119.somatic.cna.txt
d17c2123-d262-43f4-9d06-3547f991cde7	/n/data1/hms/dbmi/park/DATA/ICGC/PCAWG_Final_Datasets_DCC/consensus_snv_indel/merged_snv_mnv/d17c2123-d262-43f4-9d06-3547f991cde7.consensus.20160830.somatic.snv_mnv.vcf.gz	/n/data1/hms/dbmi/park/DATA/ICGC/PCAWG_Final_Datasets_DCC/consensus_cnv/segmented_cn/d17c2123-d262-43f4-9d06-3547f991cde7.consensus.20170119.somatic.cna.txt
d1804679-e728-4597-ac69-49554c087b9e	/n/data1/hms/dbmi/park/DATA/ICGC/PCAWG_Final_Datasets_DCC/consensus_snv_indel/merged_snv_mnv/d1804679-e728-4597-ac69-49554c087b9e.consensus.20160830.somatic.snv_mnv.vcf.gz	/n/data1/hms/dbmi/park/DATA/ICGC/PCAWG_Final_Datasets_DCC/consensus_cnv/segmented_cn/d1804679-e728-4597-ac69-49554c087b9e.consensus.20170119.somatic.cna.txt
d182b67c-c622-11e3-bf01-24c6515278c0	/n/data1/hms/dbmi/park/DATA/ICGC/PCAWG_Final_Datasets_DCC/consensus_snv_indel/merged_snv_mnv/d182b67c-c622-11e3-bf01-24c6515278c0.consensus.20160830.somatic.snv_mnv.vcf.gz	/n/data1/hms/dbmi/park/DATA/ICGC/PCAWG_Final_Datasets_DCC/consensus_cnv/segmented_cn/d182b67c-c622-11e3-bf01-24c6515278c0.consensus.20170119.somatic.cna.txt
d1842491-29ff-4801-8c8a-4d619f749dd1	/n/data1/hms/dbmi/park/DATA/ICGC/PCAWG_Final_Datasets_DCC/consensus_snv_indel/merged_snv_mnv/d1842491-29ff-4801-8c8a-4d619f749dd1.consensus.20160830.somatic.snv_mnv.vcf.gz	/n/data1/hms/dbmi/park/DATA/ICGC/PCAWG_Final_Datasets_DCC/consensus_cnv/segmented_cn/d1842491-29ff-4801-8c8a-4d619f749dd1.consensus.20170119.somatic.cna.txt
d1875ee6-6677-4117-a7a8-930ab5cde775	/n/data1/hms/dbmi/park/DATA/ICGC/PCAWG_Final_Datasets_DCC/consensus_snv_indel/merged_snv_mnv/d1875ee6-6677-4117-a7a8-930ab5cde775.consensus.20160830.somatic.snv_mnv.vcf.gz	/n/data1/hms/dbmi/park/DATA/ICGC/PCAWG_Final_Datasets_DCC/consensus_cnv/segmented_cn/d1875ee6-6677-4117-a7a8-930ab5cde775.consensus.20170119.somatic.cna.txt
d18c6e64-9598-488a-8ab3-3652072f9277	/n/data1/hms/dbmi/park/DATA/ICGC/PCAWG_Final_Datasets_DCC/consensus_snv_indel/merged_snv_mnv/d18c6e64-9598-488a-8ab3-3652072f9277.consensus.20160830.somatic.snv_mnv.vcf.gz	/n/data1/hms/dbmi/park/DATA/ICGC/PCAWG_Final_Datasets_DCC/consensus_cnv/segmented_cn/d18c6e64-9598-488a-8ab3-3652072f9277.consensus.20170119.somatic.cna.txt
d1be624b-eb76-4ce3-a6ba-ffc5b23953d3	/n/data1/hms/dbmi/park/DATA/ICGC/PCAWG_Final_Datasets_DCC/consensus_snv_indel/merged_snv_mnv/d1be624b-eb76-4ce3-a6ba-ffc5b23953d3.consensus.20160830.somatic.snv_mnv.vcf.gz	/n/data1/hms/dbmi/park/DATA/ICGC/PCAWG_Final_Datasets_DCC/consensus_cnv/segmented_cn/d1be624b-eb76-4ce3-a6ba-ffc5b23953d3.consensus.20170119.somatic.cna.txt
d1cebf4a-4127-47ee-85cb-465fca2ac445	/n/data1/hms/dbmi/park/DATA/ICGC/PCAWG_Final_Datasets_DCC/consensus_snv_indel/merged_snv_mnv/d1cebf4a-4127-47ee-85cb-465fca2ac445.consensus.20160830.somatic.snv_mnv.vcf.gz	/n/data1/hms/dbmi/park/DATA/ICGC/PCAWG_Final_Datasets_DCC/consensus_cnv/segmented_cn/d1cebf4a-4127-47ee-85cb-465fca2ac445.consensus.20170119.somatic.cna.txt
d1d2932b-f1c4-4080-9b75-dcf1ab0ab217	/n/data1/hms/dbmi/park/DATA/ICGC/PCAWG_Final_Datasets_DCC/consensus_snv_indel/merged_snv_mnv/d1d2932b-f1c4-4080-9b75-dcf1ab0ab217.consensus.20160830.somatic.snv_mnv.vcf.gz	/n/data1/hms/dbmi/park/DATA/ICGC/PCAWG_Final_Datasets_DCC/consensus_cnv/segmented_cn/d1d2932b-f1c4-4080-9b75-dcf1ab0ab217.consensus.20170119.somatic.cna.txt
d252a54e-0377-4b3e-8228-26108ea704fa	/n/data1/hms/dbmi/park/DATA/ICGC/PCAWG_Final_Datasets_DCC/consensus_snv_indel/merged_snv_mnv/d252a54e-0377-4b3e-8228-26108ea704fa.consensus.20160830.somatic.snv_mnv.vcf.gz	/n/data1/hms/dbmi/park/DATA/ICGC/PCAWG_Final_Datasets_DCC/consensus_cnv/segmented_cn/d252a54e-0377-4b3e-8228-26108ea704fa.consensus.20170119.somatic.cna.txt
d252f328-4583-4e97-9a71-bb2885f06f73	/n/data1/hms/dbmi/park/DATA/ICGC/PCAWG_Final_Datasets_DCC/consensus_snv_indel/merged_snv_mnv/d252f328-4583-4e97-9a71-bb2885f06f73.consensus.20160830.somatic.snv_mnv.vcf.gz	/n/data1/hms/dbmi/park/DATA/ICGC/PCAWG_Final_Datasets_DCC/consensus_cnv/segmented_cn/d252f328-4583-4e97-9a71-bb2885f06f73.consensus.20170119.somatic.cna.txt
d2620dab-4319-499a-b8f1-9575aaf8f4f3	/n/data1/hms/dbmi/park/DATA/ICGC/PCAWG_Final_Datasets_DCC/consensus_snv_indel/merged_snv_mnv/d2620dab-4319-499a-b8f1-9575aaf8f4f3.consensus.20160830.somatic.snv_mnv.vcf.gz	/n/data1/hms/dbmi/park/DATA/ICGC/PCAWG_Final_Datasets_DCC/consensus_cnv/segmented_cn/d2620dab-4319-499a-b8f1-9575aaf8f4f3.consensus.20170119.somatic.cna.txt
d277e679-9fdd-44cd-9f2c-f9927e44d721	/n/data1/hms/dbmi/park/DATA/ICGC/PCAWG_Final_Datasets_DCC/consensus_snv_indel/merged_snv_mnv/d277e679-9fdd-44cd-9f2c-f9927e44d721.consensus.20160830.somatic.snv_mnv.vcf.gz	/n/data1/hms/dbmi/park/DATA/ICGC/PCAWG_Final_Datasets_DCC/consensus_cnv/segmented_cn/d277e679-9fdd-44cd-9f2c-f9927e44d721.consensus.20170119.somatic.cna.txt
d2ab2555-7288-47a4-a80c-bf62d65b67b8	/n/data1/hms/dbmi/park/DATA/ICGC/PCAWG_Final_Datasets_DCC/consensus_snv_indel/merged_snv_mnv/d2ab2555-7288-47a4-a80c-bf62d65b67b8.consensus.20160830.somatic.snv_mnv.vcf.gz	/n/data1/hms/dbmi/park/DATA/ICGC/PCAWG_Final_Datasets_DCC/consensus_cnv/segmented_cn/d2ab2555-7288-47a4-a80c-bf62d65b67b8.consensus.20170119.somatic.cna.txt
d2ab7fd4-d1c7-48ae-ba9a-78c5d811465e	/n/data1/hms/dbmi/park/DATA/ICGC/PCAWG_Final_Datasets_DCC/consensus_snv_indel/merged_snv_mnv/d2ab7fd4-d1c7-48ae-ba9a-78c5d811465e.consensus.20160830.somatic.snv_mnv.vcf.gz	/n/data1/hms/dbmi/park/DATA/ICGC/PCAWG_Final_Datasets_DCC/consensus_cnv/segmented_cn/d2ab7fd4-d1c7-48ae-ba9a-78c5d811465e.consensus.20170119.somatic.cna.txt
d2b7bb0a-c622-11e3-bf01-24c6515278c0	/n/data1/hms/dbmi/park/DATA/ICGC/PCAWG_Final_Datasets_DCC/consensus_snv_indel/merged_snv_mnv/d2b7bb0a-c622-11e3-bf01-24c6515278c0.consensus.20160830.somatic.snv_mnv.vcf.gz	/n/data1/hms/dbmi/park/DATA/ICGC/PCAWG_Final_Datasets_DCC/consensus_cnv/segmented_cn/d2b7bb0a-c622-11e3-bf01-24c6515278c0.consensus.20170119.somatic.cna.txt
d2e4dc23-992d-4e44-add4-2972718083cb	/n/data1/hms/dbmi/park/DATA/ICGC/PCAWG_Final_Datasets_DCC/consensus_snv_indel/merged_snv_mnv/d2e4dc23-992d-4e44-add4-2972718083cb.consensus.20160830.somatic.snv_mnv.vcf.gz	/n/data1/hms/dbmi/park/DATA/ICGC/PCAWG_Final_Datasets_DCC/consensus_cnv/segmented_cn/d2e4dc23-992d-4e44-add4-2972718083cb.consensus.20170119.somatic.cna.txt
d31cce9d-1b38-44fd-9378-0d128e12a011	/n/data1/hms/dbmi/park/DATA/ICGC/PCAWG_Final_Datasets_DCC/consensus_snv_indel/merged_snv_mnv/d31cce9d-1b38-44fd-9378-0d128e12a011.consensus.20160830.somatic.snv_mnv.vcf.gz	/n/data1/hms/dbmi/park/DATA/ICGC/PCAWG_Final_Datasets_DCC/consensus_cnv/segmented_cn/d31cce9d-1b38-44fd-9378-0d128e12a011.consensus.20170119.somatic.cna.txt
d32f41fb-0744-4a62-81f6-0260c4920049	/n/data1/hms/dbmi/park/DATA/ICGC/PCAWG_Final_Datasets_DCC/consensus_snv_indel/merged_snv_mnv/d32f41fb-0744-4a62-81f6-0260c4920049.consensus.20160830.somatic.snv_mnv.vcf.gz	/n/data1/hms/dbmi/park/DATA/ICGC/PCAWG_Final_Datasets_DCC/consensus_cnv/segmented_cn/d32f41fb-0744-4a62-81f6-0260c4920049.consensus.20170119.somatic.cna.txt
d333b55b-8bac-4a99-9d23-3cc0c25057bf	/n/data1/hms/dbmi/park/DATA/ICGC/PCAWG_Final_Datasets_DCC/consensus_snv_indel/merged_snv_mnv/d333b55b-8bac-4a99-9d23-3cc0c25057bf.consensus.20160830.somatic.snv_mnv.vcf.gz	/n/data1/hms/dbmi/park/DATA/ICGC/PCAWG_Final_Datasets_DCC/consensus_cnv/segmented_cn/d333b55b-8bac-4a99-9d23-3cc0c25057bf.consensus.20170119.somatic.cna.txt
d3709eea-ca2a-49ac-b79c-871a5473d450	/n/data1/hms/dbmi/park/DATA/ICGC/PCAWG_Final_Datasets_DCC/consensus_snv_indel/merged_snv_mnv/d3709eea-ca2a-49ac-b79c-871a5473d450.consensus.20160830.somatic.snv_mnv.vcf.gz	/n/data1/hms/dbmi/park/DATA/ICGC/PCAWG_Final_Datasets_DCC/consensus_cnv/segmented_cn/d3709eea-ca2a-49ac-b79c-871a5473d450.consensus.20170119.somatic.cna.txt
d392ded3-afc8-4c79-b278-40245f18f2f8	/n/data1/hms/dbmi/park/DATA/ICGC/PCAWG_Final_Datasets_DCC/consensus_snv_indel/merged_snv_mnv/d392ded3-afc8-4c79-b278-40245f18f2f8.consensus.20160830.somatic.snv_mnv.vcf.gz	/n/data1/hms/dbmi/park/DATA/ICGC/PCAWG_Final_Datasets_DCC/consensus_cnv/segmented_cn/d392ded3-afc8-4c79-b278-40245f18f2f8.consensus.20170119.somatic.cna.txt
d3ad5b5a-c622-11e3-bf01-24c6515278c0	/n/data1/hms/dbmi/park/DATA/ICGC/PCAWG_Final_Datasets_DCC/consensus_snv_indel/merged_snv_mnv/d3ad5b5a-c622-11e3-bf01-24c6515278c0.consensus.20160830.somatic.snv_mnv.vcf.gz	/n/data1/hms/dbmi/park/DATA/ICGC/PCAWG_Final_Datasets_DCC/consensus_cnv/segmented_cn/d3ad5b5a-c622-11e3-bf01-24c6515278c0.consensus.20170119.somatic.cna.txt
d3b72600-a888-4ef6-ac5d-661c105405dd	/n/data1/hms/dbmi/park/DATA/ICGC/PCAWG_Final_Datasets_DCC/consensus_snv_indel/merged_snv_mnv/d3b72600-a888-4ef6-ac5d-661c105405dd.consensus.20160830.somatic.snv_mnv.vcf.gz	/n/data1/hms/dbmi/park/DATA/ICGC/PCAWG_Final_Datasets_DCC/consensus_cnv/segmented_cn/d3b72600-a888-4ef6-ac5d-661c105405dd.consensus.20170119.somatic.cna.txt
d3d65db3-36f9-41c7-8e5e-1683ce94dfcb	/n/data1/hms/dbmi/park/DATA/ICGC/PCAWG_Final_Datasets_DCC/consensus_snv_indel/merged_snv_mnv/d3d65db3-36f9-41c7-8e5e-1683ce94dfcb.consensus.20160830.somatic.snv_mnv.vcf.gz	/n/data1/hms/dbmi/park/DATA/ICGC/PCAWG_Final_Datasets_DCC/consensus_cnv/segmented_cn/d3d65db3-36f9-41c7-8e5e-1683ce94dfcb.consensus.20170119.somatic.cna.txt
d3daf373-1485-455e-a0a1-8e33d215d623	/n/data1/hms/dbmi/park/DATA/ICGC/PCAWG_Final_Datasets_DCC/consensus_snv_indel/merged_snv_mnv/d3daf373-1485-455e-a0a1-8e33d215d623.consensus.20160830.somatic.snv_mnv.vcf.gz	/n/data1/hms/dbmi/park/DATA/ICGC/PCAWG_Final_Datasets_DCC/consensus_cnv/segmented_cn/d3daf373-1485-455e-a0a1-8e33d215d623.consensus.20170119.somatic.cna.txt
d404ac28-da11-4746-9c3b-cf0b1888f67b	/n/data1/hms/dbmi/park/DATA/ICGC/PCAWG_Final_Datasets_DCC/consensus_snv_indel/merged_snv_mnv/d404ac28-da11-4746-9c3b-cf0b1888f67b.consensus.20160830.somatic.snv_mnv.vcf.gz	/n/data1/hms/dbmi/park/DATA/ICGC/PCAWG_Final_Datasets_DCC/consensus_cnv/segmented_cn/d404ac28-da11-4746-9c3b-cf0b1888f67b.consensus.20170119.somatic.cna.txt
d414e076-dcb6-4edf-adef-0abdc57354ea	/n/data1/hms/dbmi/park/DATA/ICGC/PCAWG_Final_Datasets_DCC/consensus_snv_indel/merged_snv_mnv/d414e076-dcb6-4edf-adef-0abdc57354ea.consensus.20160830.somatic.snv_mnv.vcf.gz	/n/data1/hms/dbmi/park/DATA/ICGC/PCAWG_Final_Datasets_DCC/consensus_cnv/segmented_cn/d414e076-dcb6-4edf-adef-0abdc57354ea.consensus.20170119.somatic.cna.txt
d429c27a-5963-42fe-b3a0-7252c20669d8	/n/data1/hms/dbmi/park/DATA/ICGC/PCAWG_Final_Datasets_DCC/consensus_snv_indel/merged_snv_mnv/d429c27a-5963-42fe-b3a0-7252c20669d8.consensus.20160830.somatic.snv_mnv.vcf.gz	/n/data1/hms/dbmi/park/DATA/ICGC/PCAWG_Final_Datasets_DCC/consensus_cnv/segmented_cn/d429c27a-5963-42fe-b3a0-7252c20669d8.consensus.20170119.somatic.cna.txt
d432e99a-67fb-4609-b90f-99438eee7cae	/n/data1/hms/dbmi/park/DATA/ICGC/PCAWG_Final_Datasets_DCC/consensus_snv_indel/merged_snv_mnv/d432e99a-67fb-4609-b90f-99438eee7cae.consensus.20160830.somatic.snv_mnv.vcf.gz	/n/data1/hms/dbmi/park/DATA/ICGC/PCAWG_Final_Datasets_DCC/consensus_cnv/segmented_cn/d432e99a-67fb-4609-b90f-99438eee7cae.consensus.20170119.somatic.cna.txt
d452293a-6148-4fcf-9fbc-446815016751	/n/data1/hms/dbmi/park/DATA/ICGC/PCAWG_Final_Datasets_DCC/consensus_snv_indel/merged_snv_mnv/d452293a-6148-4fcf-9fbc-446815016751.consensus.20160830.somatic.snv_mnv.vcf.gz	/n/data1/hms/dbmi/park/DATA/ICGC/PCAWG_Final_Datasets_DCC/consensus_cnv/segmented_cn/d452293a-6148-4fcf-9fbc-446815016751.consensus.20170119.somatic.cna.txt
d4615ca0-b5c7-4a5c-8593-bd50034a78ae	/n/data1/hms/dbmi/park/DATA/ICGC/PCAWG_Final_Datasets_DCC/consensus_snv_indel/merged_snv_mnv/d4615ca0-b5c7-4a5c-8593-bd50034a78ae.consensus.20160830.somatic.snv_mnv.vcf.gz	/n/data1/hms/dbmi/park/DATA/ICGC/PCAWG_Final_Datasets_DCC/consensus_cnv/segmented_cn/d4615ca0-b5c7-4a5c-8593-bd50034a78ae.consensus.20170119.somatic.cna.txt
d4907a1b-8b06-47c5-8bca-c781d9cddaf8	/n/data1/hms/dbmi/park/DATA/ICGC/PCAWG_Final_Datasets_DCC/consensus_snv_indel/merged_snv_mnv/d4907a1b-8b06-47c5-8bca-c781d9cddaf8.consensus.20160830.somatic.snv_mnv.vcf.gz	/n/data1/hms/dbmi/park/DATA/ICGC/PCAWG_Final_Datasets_DCC/consensus_cnv/segmented_cn/d4907a1b-8b06-47c5-8bca-c781d9cddaf8.consensus.20170119.somatic.cna.txt
d4b80307-abbd-48bb-b52c-6dcd409699a2	/n/data1/hms/dbmi/park/DATA/ICGC/PCAWG_Final_Datasets_DCC/consensus_snv_indel/merged_snv_mnv/d4b80307-abbd-48bb-b52c-6dcd409699a2.consensus.20160830.somatic.snv_mnv.vcf.gz	/n/data1/hms/dbmi/park/DATA/ICGC/PCAWG_Final_Datasets_DCC/consensus_cnv/segmented_cn/d4b80307-abbd-48bb-b52c-6dcd409699a2.consensus.20170119.somatic.cna.txt
d4bf6034-aeae-48a6-907b-10e2cc904015	/n/data1/hms/dbmi/park/DATA/ICGC/PCAWG_Final_Datasets_DCC/consensus_snv_indel/merged_snv_mnv/d4bf6034-aeae-48a6-907b-10e2cc904015.consensus.20160830.somatic.snv_mnv.vcf.gz	/n/data1/hms/dbmi/park/DATA/ICGC/PCAWG_Final_Datasets_DCC/consensus_cnv/segmented_cn/d4bf6034-aeae-48a6-907b-10e2cc904015.consensus.20170119.somatic.cna.txt
d4c6061b-5019-4564-806d-4e75910a4690	/n/data1/hms/dbmi/park/DATA/ICGC/PCAWG_Final_Datasets_DCC/consensus_snv_indel/merged_snv_mnv/d4c6061b-5019-4564-806d-4e75910a4690.consensus.20160830.somatic.snv_mnv.vcf.gz	/n/data1/hms/dbmi/park/DATA/ICGC/PCAWG_Final_Datasets_DCC/consensus_cnv/segmented_cn/d4c6061b-5019-4564-806d-4e75910a4690.consensus.20170119.somatic.cna.txt
d4c9e5c6-c622-11e3-bf01-24c6515278c0	/n/data1/hms/dbmi/park/DATA/ICGC/PCAWG_Final_Datasets_DCC/consensus_snv_indel/merged_snv_mnv/d4c9e5c6-c622-11e3-bf01-24c6515278c0.consensus.20160830.somatic.snv_mnv.vcf.gz	/n/data1/hms/dbmi/park/DATA/ICGC/PCAWG_Final_Datasets_DCC/consensus_cnv/segmented_cn/d4c9e5c6-c622-11e3-bf01-24c6515278c0.consensus.20170119.somatic.cna.txt
d4cf11be-3bd7-403b-9722-91d8e8761e4d	/n/data1/hms/dbmi/park/DATA/ICGC/PCAWG_Final_Datasets_DCC/consensus_snv_indel/merged_snv_mnv/d4cf11be-3bd7-403b-9722-91d8e8761e4d.consensus.20160830.somatic.snv_mnv.vcf.gz	/n/data1/hms/dbmi/park/DATA/ICGC/PCAWG_Final_Datasets_DCC/consensus_cnv/segmented_cn/d4cf11be-3bd7-403b-9722-91d8e8761e4d.consensus.20170119.somatic.cna.txt
d4ea36e2-1323-4441-8c63-40ce269608f4	/n/data1/hms/dbmi/park/DATA/ICGC/PCAWG_Final_Datasets_DCC/consensus_snv_indel/merged_snv_mnv/d4ea36e2-1323-4441-8c63-40ce269608f4.consensus.20160830.somatic.snv_mnv.vcf.gz	/n/data1/hms/dbmi/park/DATA/ICGC/PCAWG_Final_Datasets_DCC/consensus_cnv/segmented_cn/d4ea36e2-1323-4441-8c63-40ce269608f4.consensus.20170119.somatic.cna.txt
d4ecbf52-f6a9-4394-9d3b-8eb8eee1b17b	/n/data1/hms/dbmi/park/DATA/ICGC/PCAWG_Final_Datasets_DCC/consensus_snv_indel/merged_snv_mnv/d4ecbf52-f6a9-4394-9d3b-8eb8eee1b17b.consensus.20160830.somatic.snv_mnv.vcf.gz	/n/data1/hms/dbmi/park/DATA/ICGC/PCAWG_Final_Datasets_DCC/consensus_cnv/segmented_cn/d4ecbf52-f6a9-4394-9d3b-8eb8eee1b17b.consensus.20170119.somatic.cna.txt
d515c7d2-2314-46bf-9736-ff3f3d2ab599	/n/data1/hms/dbmi/park/DATA/ICGC/PCAWG_Final_Datasets_DCC/consensus_snv_indel/merged_snv_mnv/d515c7d2-2314-46bf-9736-ff3f3d2ab599.consensus.20160830.somatic.snv_mnv.vcf.gz	/n/data1/hms/dbmi/park/DATA/ICGC/PCAWG_Final_Datasets_DCC/consensus_cnv/segmented_cn/d515c7d2-2314-46bf-9736-ff3f3d2ab599.consensus.20170119.somatic.cna.txt
d5372745-95cf-4572-a6e7-e7f5b796911a	/n/data1/hms/dbmi/park/DATA/ICGC/PCAWG_Final_Datasets_DCC/consensus_snv_indel/merged_snv_mnv/d5372745-95cf-4572-a6e7-e7f5b796911a.consensus.20160830.somatic.snv_mnv.vcf.gz	/n/data1/hms/dbmi/park/DATA/ICGC/PCAWG_Final_Datasets_DCC/consensus_cnv/segmented_cn/d5372745-95cf-4572-a6e7-e7f5b796911a.consensus.20170119.somatic.cna.txt
d53c2680-89ac-4f87-a7ba-f4c669546b76	/n/data1/hms/dbmi/park/DATA/ICGC/PCAWG_Final_Datasets_DCC/consensus_snv_indel/merged_snv_mnv/d53c2680-89ac-4f87-a7ba-f4c669546b76.consensus.20160830.somatic.snv_mnv.vcf.gz	/n/data1/hms/dbmi/park/DATA/ICGC/PCAWG_Final_Datasets_DCC/consensus_cnv/segmented_cn/d53c2680-89ac-4f87-a7ba-f4c669546b76.consensus.20170119.somatic.cna.txt
d5423a93-0a72-43cf-a7ae-9011f47553c7	/n/data1/hms/dbmi/park/DATA/ICGC/PCAWG_Final_Datasets_DCC/consensus_snv_indel/merged_snv_mnv/d5423a93-0a72-43cf-a7ae-9011f47553c7.consensus.20160830.somatic.snv_mnv.vcf.gz	/n/data1/hms/dbmi/park/DATA/ICGC/PCAWG_Final_Datasets_DCC/consensus_cnv/segmented_cn/d5423a93-0a72-43cf-a7ae-9011f47553c7.consensus.20170119.somatic.cna.txt
d5443922-fea5-4ff0-bd6e-8ce04e1951d8	/n/data1/hms/dbmi/park/DATA/ICGC/PCAWG_Final_Datasets_DCC/consensus_snv_indel/merged_snv_mnv/d5443922-fea5-4ff0-bd6e-8ce04e1951d8.consensus.20160830.somatic.snv_mnv.vcf.gz	/n/data1/hms/dbmi/park/DATA/ICGC/PCAWG_Final_Datasets_DCC/consensus_cnv/segmented_cn/d5443922-fea5-4ff0-bd6e-8ce04e1951d8.consensus.20170119.somatic.cna.txt
d54ca81c-1bcc-41ea-b17a-9f7249ebe9c1	/n/data1/hms/dbmi/park/DATA/ICGC/PCAWG_Final_Datasets_DCC/consensus_snv_indel/merged_snv_mnv/d54ca81c-1bcc-41ea-b17a-9f7249ebe9c1.consensus.20160830.somatic.snv_mnv.vcf.gz	/n/data1/hms/dbmi/park/DATA/ICGC/PCAWG_Final_Datasets_DCC/consensus_cnv/segmented_cn/d54ca81c-1bcc-41ea-b17a-9f7249ebe9c1.consensus.20170119.somatic.cna.txt
d5796835-d6cd-427e-a398-5fbef88b0648	/n/data1/hms/dbmi/park/DATA/ICGC/PCAWG_Final_Datasets_DCC/consensus_snv_indel/merged_snv_mnv/d5796835-d6cd-427e-a398-5fbef88b0648.consensus.20160830.somatic.snv_mnv.vcf.gz	/n/data1/hms/dbmi/park/DATA/ICGC/PCAWG_Final_Datasets_DCC/consensus_cnv/segmented_cn/d5796835-d6cd-427e-a398-5fbef88b0648.consensus.20170119.somatic.cna.txt
d5c87d16-172f-4790-8867-949dcaa534d4	/n/data1/hms/dbmi/park/DATA/ICGC/PCAWG_Final_Datasets_DCC/consensus_snv_indel/merged_snv_mnv/d5c87d16-172f-4790-8867-949dcaa534d4.consensus.20160830.somatic.snv_mnv.vcf.gz	/n/data1/hms/dbmi/park/DATA/ICGC/PCAWG_Final_Datasets_DCC/consensus_cnv/segmented_cn/d5c87d16-172f-4790-8867-949dcaa534d4.consensus.20170119.somatic.cna.txt
d5f92ce6-796f-480d-bf98-e1080a279207	/n/data1/hms/dbmi/park/DATA/ICGC/PCAWG_Final_Datasets_DCC/consensus_snv_indel/merged_snv_mnv/d5f92ce6-796f-480d-bf98-e1080a279207.consensus.20160830.somatic.snv_mnv.vcf.gz	/n/data1/hms/dbmi/park/DATA/ICGC/PCAWG_Final_Datasets_DCC/consensus_cnv/segmented_cn/d5f92ce6-796f-480d-bf98-e1080a279207.consensus.20170119.somatic.cna.txt
d609ce92-9edd-4286-bd5f-b93304cae9a2	/n/data1/hms/dbmi/park/DATA/ICGC/PCAWG_Final_Datasets_DCC/consensus_snv_indel/merged_snv_mnv/d609ce92-9edd-4286-bd5f-b93304cae9a2.consensus.20160830.somatic.snv_mnv.vcf.gz	/n/data1/hms/dbmi/park/DATA/ICGC/PCAWG_Final_Datasets_DCC/consensus_cnv/segmented_cn/d609ce92-9edd-4286-bd5f-b93304cae9a2.consensus.20170119.somatic.cna.txt
d60f54f5-b154-42c4-99fb-cea4e7a33dc7	/n/data1/hms/dbmi/park/DATA/ICGC/PCAWG_Final_Datasets_DCC/consensus_snv_indel/merged_snv_mnv/d60f54f5-b154-42c4-99fb-cea4e7a33dc7.consensus.20160830.somatic.snv_mnv.vcf.gz	/n/data1/hms/dbmi/park/DATA/ICGC/PCAWG_Final_Datasets_DCC/consensus_cnv/segmented_cn/d60f54f5-b154-42c4-99fb-cea4e7a33dc7.consensus.20170119.somatic.cna.txt
d60f880a-c622-11e3-bf01-24c6515278c0	/n/data1/hms/dbmi/park/DATA/ICGC/PCAWG_Final_Datasets_DCC/consensus_snv_indel/merged_snv_mnv/d60f880a-c622-11e3-bf01-24c6515278c0.consensus.20160830.somatic.snv_mnv.vcf.gz	/n/data1/hms/dbmi/park/DATA/ICGC/PCAWG_Final_Datasets_DCC/consensus_cnv/segmented_cn/d60f880a-c622-11e3-bf01-24c6515278c0.consensus.20170119.somatic.cna.txt
d648c804-4eaf-4252-8b6f-13378158a07d	/n/data1/hms/dbmi/park/DATA/ICGC/PCAWG_Final_Datasets_DCC/consensus_snv_indel/merged_snv_mnv/d648c804-4eaf-4252-8b6f-13378158a07d.consensus.20160830.somatic.snv_mnv.vcf.gz	/n/data1/hms/dbmi/park/DATA/ICGC/PCAWG_Final_Datasets_DCC/consensus_cnv/segmented_cn/d648c804-4eaf-4252-8b6f-13378158a07d.consensus.20170119.somatic.cna.txt
d6738c83-7b52-4224-846a-67bd085aaab8	/n/data1/hms/dbmi/park/DATA/ICGC/PCAWG_Final_Datasets_DCC/consensus_snv_indel/merged_snv_mnv/d6738c83-7b52-4224-846a-67bd085aaab8.consensus.20160830.somatic.snv_mnv.vcf.gz	/n/data1/hms/dbmi/park/DATA/ICGC/PCAWG_Final_Datasets_DCC/consensus_cnv/segmented_cn/d6738c83-7b52-4224-846a-67bd085aaab8.consensus.20170119.somatic.cna.txt
d67cad13-e849-48b0-926c-10b6046ba0b9	/n/data1/hms/dbmi/park/DATA/ICGC/PCAWG_Final_Datasets_DCC/consensus_snv_indel/merged_snv_mnv/d67cad13-e849-48b0-926c-10b6046ba0b9.consensus.20160830.somatic.snv_mnv.vcf.gz	/n/data1/hms/dbmi/park/DATA/ICGC/PCAWG_Final_Datasets_DCC/consensus_cnv/segmented_cn/d67cad13-e849-48b0-926c-10b6046ba0b9.consensus.20170119.somatic.cna.txt
d692ecd0-2433-426b-9af2-a30c44a80f7c	/n/data1/hms/dbmi/park/DATA/ICGC/PCAWG_Final_Datasets_DCC/consensus_snv_indel/merged_snv_mnv/d692ecd0-2433-426b-9af2-a30c44a80f7c.consensus.20160830.somatic.snv_mnv.vcf.gz	/n/data1/hms/dbmi/park/DATA/ICGC/PCAWG_Final_Datasets_DCC/consensus_cnv/segmented_cn/d692ecd0-2433-426b-9af2-a30c44a80f7c.consensus.20170119.somatic.cna.txt
d6ccfd6f-2ea9-499d-a25d-4ba9d4a9258e	/n/data1/hms/dbmi/park/DATA/ICGC/PCAWG_Final_Datasets_DCC/consensus_snv_indel/merged_snv_mnv/d6ccfd6f-2ea9-499d-a25d-4ba9d4a9258e.consensus.20160830.somatic.snv_mnv.vcf.gz	/n/data1/hms/dbmi/park/DATA/ICGC/PCAWG_Final_Datasets_DCC/consensus_cnv/segmented_cn/d6ccfd6f-2ea9-499d-a25d-4ba9d4a9258e.consensus.20170119.somatic.cna.txt
d6ee68e5-ceb3-4a63-b3bd-e64fe5398102	/n/data1/hms/dbmi/park/DATA/ICGC/PCAWG_Final_Datasets_DCC/consensus_snv_indel/merged_snv_mnv/d6ee68e5-ceb3-4a63-b3bd-e64fe5398102.consensus.20160830.somatic.snv_mnv.vcf.gz	/n/data1/hms/dbmi/park/DATA/ICGC/PCAWG_Final_Datasets_DCC/consensus_cnv/segmented_cn/d6ee68e5-ceb3-4a63-b3bd-e64fe5398102.consensus.20170119.somatic.cna.txt
d6faafa5-7279-4dc3-be71-45af5c855b34	/n/data1/hms/dbmi/park/DATA/ICGC/PCAWG_Final_Datasets_DCC/consensus_snv_indel/merged_snv_mnv/d6faafa5-7279-4dc3-be71-45af5c855b34.consensus.20160830.somatic.snv_mnv.vcf.gz	/n/data1/hms/dbmi/park/DATA/ICGC/PCAWG_Final_Datasets_DCC/consensus_cnv/segmented_cn/d6faafa5-7279-4dc3-be71-45af5c855b34.consensus.20170119.somatic.cna.txt
d707940e-0f9d-4da3-9380-90a422e44efd	/n/data1/hms/dbmi/park/DATA/ICGC/PCAWG_Final_Datasets_DCC/consensus_snv_indel/merged_snv_mnv/d707940e-0f9d-4da3-9380-90a422e44efd.consensus.20160830.somatic.snv_mnv.vcf.gz	/n/data1/hms/dbmi/park/DATA/ICGC/PCAWG_Final_Datasets_DCC/consensus_cnv/segmented_cn/d707940e-0f9d-4da3-9380-90a422e44efd.consensus.20170119.somatic.cna.txt
d709d214-02ee-46c1-a73a-e7074cb2623e	/n/data1/hms/dbmi/park/DATA/ICGC/PCAWG_Final_Datasets_DCC/consensus_snv_indel/merged_snv_mnv/d709d214-02ee-46c1-a73a-e7074cb2623e.consensus.20160830.somatic.snv_mnv.vcf.gz	/n/data1/hms/dbmi/park/DATA/ICGC/PCAWG_Final_Datasets_DCC/consensus_cnv/segmented_cn/d709d214-02ee-46c1-a73a-e7074cb2623e.consensus.20170119.somatic.cna.txt
d72a7338-c144-4c62-a70e-2177a3b4b77e	/n/data1/hms/dbmi/park/DATA/ICGC/PCAWG_Final_Datasets_DCC/consensus_snv_indel/merged_snv_mnv/d72a7338-c144-4c62-a70e-2177a3b4b77e.consensus.20160830.somatic.snv_mnv.vcf.gz	/n/data1/hms/dbmi/park/DATA/ICGC/PCAWG_Final_Datasets_DCC/consensus_cnv/segmented_cn/d72a7338-c144-4c62-a70e-2177a3b4b77e.consensus.20170119.somatic.cna.txt
d733cf1a-4c42-4def-b6cb-5ef2c6a27fcd	/n/data1/hms/dbmi/park/DATA/ICGC/PCAWG_Final_Datasets_DCC/consensus_snv_indel/merged_snv_mnv/d733cf1a-4c42-4def-b6cb-5ef2c6a27fcd.consensus.20160830.somatic.snv_mnv.vcf.gz	/n/data1/hms/dbmi/park/DATA/ICGC/PCAWG_Final_Datasets_DCC/consensus_cnv/segmented_cn/d733cf1a-4c42-4def-b6cb-5ef2c6a27fcd.consensus.20170119.somatic.cna.txt
d74be531-b0fd-42c3-954e-4a4f7eef922a	/n/data1/hms/dbmi/park/DATA/ICGC/PCAWG_Final_Datasets_DCC/consensus_snv_indel/merged_snv_mnv/d74be531-b0fd-42c3-954e-4a4f7eef922a.consensus.20160830.somatic.snv_mnv.vcf.gz	/n/data1/hms/dbmi/park/DATA/ICGC/PCAWG_Final_Datasets_DCC/consensus_cnv/segmented_cn/d74be531-b0fd-42c3-954e-4a4f7eef922a.consensus.20170119.somatic.cna.txt
d7578910-c622-11e3-bf01-24c6515278c0	/n/data1/hms/dbmi/park/DATA/ICGC/PCAWG_Final_Datasets_DCC/consensus_snv_indel/merged_snv_mnv/d7578910-c622-11e3-bf01-24c6515278c0.consensus.20160830.somatic.snv_mnv.vcf.gz	/n/data1/hms/dbmi/park/DATA/ICGC/PCAWG_Final_Datasets_DCC/consensus_cnv/segmented_cn/d7578910-c622-11e3-bf01-24c6515278c0.consensus.20170119.somatic.cna.txt
d7f8e1f3-a9a7-4929-92df-1283bac815d2	/n/data1/hms/dbmi/park/DATA/ICGC/PCAWG_Final_Datasets_DCC/consensus_snv_indel/merged_snv_mnv/d7f8e1f3-a9a7-4929-92df-1283bac815d2.consensus.20160830.somatic.snv_mnv.vcf.gz	/n/data1/hms/dbmi/park/DATA/ICGC/PCAWG_Final_Datasets_DCC/consensus_cnv/segmented_cn/d7f8e1f3-a9a7-4929-92df-1283bac815d2.consensus.20170119.somatic.cna.txt
d8415cf6-8e4d-4c54-811e-199da14237f1	/n/data1/hms/dbmi/park/DATA/ICGC/PCAWG_Final_Datasets_DCC/consensus_snv_indel/merged_snv_mnv/d8415cf6-8e4d-4c54-811e-199da14237f1.consensus.20160830.somatic.snv_mnv.vcf.gz	/n/data1/hms/dbmi/park/DATA/ICGC/PCAWG_Final_Datasets_DCC/consensus_cnv/segmented_cn/d8415cf6-8e4d-4c54-811e-199da14237f1.consensus.20170119.somatic.cna.txt
d876d576-c622-11e3-bf01-24c6515278c0	/n/data1/hms/dbmi/park/DATA/ICGC/PCAWG_Final_Datasets_DCC/consensus_snv_indel/merged_snv_mnv/d876d576-c622-11e3-bf01-24c6515278c0.consensus.20160830.somatic.snv_mnv.vcf.gz	/n/data1/hms/dbmi/park/DATA/ICGC/PCAWG_Final_Datasets_DCC/consensus_cnv/segmented_cn/d876d576-c622-11e3-bf01-24c6515278c0.consensus.20170119.somatic.cna.txt
d88296ac-bb0d-47ab-9051-6c358f0af780	/n/data1/hms/dbmi/park/DATA/ICGC/PCAWG_Final_Datasets_DCC/consensus_snv_indel/merged_snv_mnv/d88296ac-bb0d-47ab-9051-6c358f0af780.consensus.20160830.somatic.snv_mnv.vcf.gz	/n/data1/hms/dbmi/park/DATA/ICGC/PCAWG_Final_Datasets_DCC/consensus_cnv/segmented_cn/d88296ac-bb0d-47ab-9051-6c358f0af780.consensus.20170119.somatic.cna.txt
d884d070-6077-4155-9978-76aca7ba1e76	/n/data1/hms/dbmi/park/DATA/ICGC/PCAWG_Final_Datasets_DCC/consensus_snv_indel/merged_snv_mnv/d884d070-6077-4155-9978-76aca7ba1e76.consensus.20160830.somatic.snv_mnv.vcf.gz	/n/data1/hms/dbmi/park/DATA/ICGC/PCAWG_Final_Datasets_DCC/consensus_cnv/segmented_cn/d884d070-6077-4155-9978-76aca7ba1e76.consensus.20170119.somatic.cna.txt
d8995dfa-a780-4fe6-b3f8-fb464f51a1cf	/n/data1/hms/dbmi/park/DATA/ICGC/PCAWG_Final_Datasets_DCC/consensus_snv_indel/merged_snv_mnv/d8995dfa-a780-4fe6-b3f8-fb464f51a1cf.consensus.20160830.somatic.snv_mnv.vcf.gz	/n/data1/hms/dbmi/park/DATA/ICGC/PCAWG_Final_Datasets_DCC/consensus_cnv/segmented_cn/d8995dfa-a780-4fe6-b3f8-fb464f51a1cf.consensus.20170119.somatic.cna.txt
d8c2b4b2-e12b-43d2-bafc-87b29f027797	/n/data1/hms/dbmi/park/DATA/ICGC/PCAWG_Final_Datasets_DCC/consensus_snv_indel/merged_snv_mnv/d8c2b4b2-e12b-43d2-bafc-87b29f027797.consensus.20160830.somatic.snv_mnv.vcf.gz	/n/data1/hms/dbmi/park/DATA/ICGC/PCAWG_Final_Datasets_DCC/consensus_cnv/segmented_cn/d8c2b4b2-e12b-43d2-bafc-87b29f027797.consensus.20170119.somatic.cna.txt
d8c6d4b8-f279-4edc-aaa3-a1cc266aec4d	/n/data1/hms/dbmi/park/DATA/ICGC/PCAWG_Final_Datasets_DCC/consensus_snv_indel/merged_snv_mnv/d8c6d4b8-f279-4edc-aaa3-a1cc266aec4d.consensus.20160830.somatic.snv_mnv.vcf.gz	/n/data1/hms/dbmi/park/DATA/ICGC/PCAWG_Final_Datasets_DCC/consensus_cnv/segmented_cn/d8c6d4b8-f279-4edc-aaa3-a1cc266aec4d.consensus.20170119.somatic.cna.txt
d8d5585d-32cd-4ac4-b410-a4122a17a558	/n/data1/hms/dbmi/park/DATA/ICGC/PCAWG_Final_Datasets_DCC/consensus_snv_indel/merged_snv_mnv/d8d5585d-32cd-4ac4-b410-a4122a17a558.consensus.20160830.somatic.snv_mnv.vcf.gz	/n/data1/hms/dbmi/park/DATA/ICGC/PCAWG_Final_Datasets_DCC/consensus_cnv/segmented_cn/d8d5585d-32cd-4ac4-b410-a4122a17a558.consensus.20170119.somatic.cna.txt
d8de6de6-4cfe-4239-9ebd-3437aa65efb2	/n/data1/hms/dbmi/park/DATA/ICGC/PCAWG_Final_Datasets_DCC/consensus_snv_indel/merged_snv_mnv/d8de6de6-4cfe-4239-9ebd-3437aa65efb2.consensus.20160830.somatic.snv_mnv.vcf.gz	/n/data1/hms/dbmi/park/DATA/ICGC/PCAWG_Final_Datasets_DCC/consensus_cnv/segmented_cn/d8de6de6-4cfe-4239-9ebd-3437aa65efb2.consensus.20170119.somatic.cna.txt
d8e2af63-afe0-4f15-88b4-78118cf68160	/n/data1/hms/dbmi/park/DATA/ICGC/PCAWG_Final_Datasets_DCC/consensus_snv_indel/merged_snv_mnv/d8e2af63-afe0-4f15-88b4-78118cf68160.consensus.20160830.somatic.snv_mnv.vcf.gz	/n/data1/hms/dbmi/park/DATA/ICGC/PCAWG_Final_Datasets_DCC/consensus_cnv/segmented_cn/d8e2af63-afe0-4f15-88b4-78118cf68160.consensus.20170119.somatic.cna.txt
d8f0becd-fda8-41f4-a424-e082f9eae22c	/n/data1/hms/dbmi/park/DATA/ICGC/PCAWG_Final_Datasets_DCC/consensus_snv_indel/merged_snv_mnv/d8f0becd-fda8-41f4-a424-e082f9eae22c.consensus.20160830.somatic.snv_mnv.vcf.gz	/n/data1/hms/dbmi/park/DATA/ICGC/PCAWG_Final_Datasets_DCC/consensus_cnv/segmented_cn/d8f0becd-fda8-41f4-a424-e082f9eae22c.consensus.20170119.somatic.cna.txt
d8fbb398-d1da-4444-984a-22c8523625da	/n/data1/hms/dbmi/park/DATA/ICGC/PCAWG_Final_Datasets_DCC/consensus_snv_indel/merged_snv_mnv/d8fbb398-d1da-4444-984a-22c8523625da.consensus.20160830.somatic.snv_mnv.vcf.gz	/n/data1/hms/dbmi/park/DATA/ICGC/PCAWG_Final_Datasets_DCC/consensus_cnv/segmented_cn/d8fbb398-d1da-4444-984a-22c8523625da.consensus.20170119.somatic.cna.txt
d91e1a92-837d-44d6-92d8-419f435effe0	/n/data1/hms/dbmi/park/DATA/ICGC/PCAWG_Final_Datasets_DCC/consensus_snv_indel/merged_snv_mnv/d91e1a92-837d-44d6-92d8-419f435effe0.consensus.20160830.somatic.snv_mnv.vcf.gz	/n/data1/hms/dbmi/park/DATA/ICGC/PCAWG_Final_Datasets_DCC/consensus_cnv/segmented_cn/d91e1a92-837d-44d6-92d8-419f435effe0.consensus.20170119.somatic.cna.txt
d91f487e-0895-44ef-aeb1-a62bd576f8b0	/n/data1/hms/dbmi/park/DATA/ICGC/PCAWG_Final_Datasets_DCC/consensus_snv_indel/merged_snv_mnv/d91f487e-0895-44ef-aeb1-a62bd576f8b0.consensus.20160830.somatic.snv_mnv.vcf.gz	/n/data1/hms/dbmi/park/DATA/ICGC/PCAWG_Final_Datasets_DCC/consensus_cnv/segmented_cn/d91f487e-0895-44ef-aeb1-a62bd576f8b0.consensus.20170119.somatic.cna.txt
d926a39f-d057-4e78-8907-b74f52157d99	/n/data1/hms/dbmi/park/DATA/ICGC/PCAWG_Final_Datasets_DCC/consensus_snv_indel/merged_snv_mnv/d926a39f-d057-4e78-8907-b74f52157d99.consensus.20160830.somatic.snv_mnv.vcf.gz	/n/data1/hms/dbmi/park/DATA/ICGC/PCAWG_Final_Datasets_DCC/consensus_cnv/segmented_cn/d926a39f-d057-4e78-8907-b74f52157d99.consensus.20170119.somatic.cna.txt
d9338d73-1d5e-4808-91f2-b5a09f7342de	/n/data1/hms/dbmi/park/DATA/ICGC/PCAWG_Final_Datasets_DCC/consensus_snv_indel/merged_snv_mnv/d9338d73-1d5e-4808-91f2-b5a09f7342de.consensus.20160830.somatic.snv_mnv.vcf.gz	/n/data1/hms/dbmi/park/DATA/ICGC/PCAWG_Final_Datasets_DCC/consensus_cnv/segmented_cn/d9338d73-1d5e-4808-91f2-b5a09f7342de.consensus.20170119.somatic.cna.txt
d9690a27-bb02-498e-b15c-ee76e31d16ee	/n/data1/hms/dbmi/park/DATA/ICGC/PCAWG_Final_Datasets_DCC/consensus_snv_indel/merged_snv_mnv/d9690a27-bb02-498e-b15c-ee76e31d16ee.consensus.20160830.somatic.snv_mnv.vcf.gz	/n/data1/hms/dbmi/park/DATA/ICGC/PCAWG_Final_Datasets_DCC/consensus_cnv/segmented_cn/d9690a27-bb02-498e-b15c-ee76e31d16ee.consensus.20170119.somatic.cna.txt
d991f23a-dc1b-427a-b798-bd4187d3aa02	/n/data1/hms/dbmi/park/DATA/ICGC/PCAWG_Final_Datasets_DCC/consensus_snv_indel/merged_snv_mnv/d991f23a-dc1b-427a-b798-bd4187d3aa02.consensus.20160830.somatic.snv_mnv.vcf.gz	/n/data1/hms/dbmi/park/DATA/ICGC/PCAWG_Final_Datasets_DCC/consensus_cnv/segmented_cn/d991f23a-dc1b-427a-b798-bd4187d3aa02.consensus.20170119.somatic.cna.txt
d9c5493e-f969-4c04-a646-9a3134011021	/n/data1/hms/dbmi/park/DATA/ICGC/PCAWG_Final_Datasets_DCC/consensus_snv_indel/merged_snv_mnv/d9c5493e-f969-4c04-a646-9a3134011021.consensus.20160830.somatic.snv_mnv.vcf.gz	/n/data1/hms/dbmi/park/DATA/ICGC/PCAWG_Final_Datasets_DCC/consensus_cnv/segmented_cn/d9c5493e-f969-4c04-a646-9a3134011021.consensus.20170119.somatic.cna.txt
d9cd7f95-07d3-4b87-be83-87340b08d249	/n/data1/hms/dbmi/park/DATA/ICGC/PCAWG_Final_Datasets_DCC/consensus_snv_indel/merged_snv_mnv/d9cd7f95-07d3-4b87-be83-87340b08d249.consensus.20160830.somatic.snv_mnv.vcf.gz	/n/data1/hms/dbmi/park/DATA/ICGC/PCAWG_Final_Datasets_DCC/consensus_cnv/segmented_cn/d9cd7f95-07d3-4b87-be83-87340b08d249.consensus.20170119.somatic.cna.txt
d9e66fc5-9018-4568-b388-c5eb756f7823	/n/data1/hms/dbmi/park/DATA/ICGC/PCAWG_Final_Datasets_DCC/consensus_snv_indel/merged_snv_mnv/d9e66fc5-9018-4568-b388-c5eb756f7823.consensus.20160830.somatic.snv_mnv.vcf.gz	/n/data1/hms/dbmi/park/DATA/ICGC/PCAWG_Final_Datasets_DCC/consensus_cnv/segmented_cn/d9e66fc5-9018-4568-b388-c5eb756f7823.consensus.20170119.somatic.cna.txt
da10f77f-4414-4125-b359-de596421cca6	/n/data1/hms/dbmi/park/DATA/ICGC/PCAWG_Final_Datasets_DCC/consensus_snv_indel/merged_snv_mnv/da10f77f-4414-4125-b359-de596421cca6.consensus.20160830.somatic.snv_mnv.vcf.gz	/n/data1/hms/dbmi/park/DATA/ICGC/PCAWG_Final_Datasets_DCC/consensus_cnv/segmented_cn/da10f77f-4414-4125-b359-de596421cca6.consensus.20170119.somatic.cna.txt
da1ed4b9-f428-48aa-834d-1d9673999044	/n/data1/hms/dbmi/park/DATA/ICGC/PCAWG_Final_Datasets_DCC/consensus_snv_indel/merged_snv_mnv/da1ed4b9-f428-48aa-834d-1d9673999044.consensus.20160830.somatic.snv_mnv.vcf.gz	/n/data1/hms/dbmi/park/DATA/ICGC/PCAWG_Final_Datasets_DCC/consensus_cnv/segmented_cn/da1ed4b9-f428-48aa-834d-1d9673999044.consensus.20170119.somatic.cna.txt
da43386c-47f8-4e03-b6ca-8b94e13792e7	/n/data1/hms/dbmi/park/DATA/ICGC/PCAWG_Final_Datasets_DCC/consensus_snv_indel/merged_snv_mnv/da43386c-47f8-4e03-b6ca-8b94e13792e7.consensus.20160830.somatic.snv_mnv.vcf.gz	/n/data1/hms/dbmi/park/DATA/ICGC/PCAWG_Final_Datasets_DCC/consensus_cnv/segmented_cn/da43386c-47f8-4e03-b6ca-8b94e13792e7.consensus.20170119.somatic.cna.txt
da5b9926-c622-11e3-bf01-24c6515278c0	/n/data1/hms/dbmi/park/DATA/ICGC/PCAWG_Final_Datasets_DCC/consensus_snv_indel/merged_snv_mnv/da5b9926-c622-11e3-bf01-24c6515278c0.consensus.20160830.somatic.snv_mnv.vcf.gz	/n/data1/hms/dbmi/park/DATA/ICGC/PCAWG_Final_Datasets_DCC/consensus_cnv/segmented_cn/da5b9926-c622-11e3-bf01-24c6515278c0.consensus.20170119.somatic.cna.txt
da910f22-126e-41dc-be6b-47c8f69ad106	/n/data1/hms/dbmi/park/DATA/ICGC/PCAWG_Final_Datasets_DCC/consensus_snv_indel/merged_snv_mnv/da910f22-126e-41dc-be6b-47c8f69ad106.consensus.20160830.somatic.snv_mnv.vcf.gz	/n/data1/hms/dbmi/park/DATA/ICGC/PCAWG_Final_Datasets_DCC/consensus_cnv/segmented_cn/da910f22-126e-41dc-be6b-47c8f69ad106.consensus.20170119.somatic.cna.txt
dabb5a94-9706-4429-8db0-c328e2004340	/n/data1/hms/dbmi/park/DATA/ICGC/PCAWG_Final_Datasets_DCC/consensus_snv_indel/merged_snv_mnv/dabb5a94-9706-4429-8db0-c328e2004340.consensus.20160830.somatic.snv_mnv.vcf.gz	/n/data1/hms/dbmi/park/DATA/ICGC/PCAWG_Final_Datasets_DCC/consensus_cnv/segmented_cn/dabb5a94-9706-4429-8db0-c328e2004340.consensus.20170119.somatic.cna.txt
dabdd983-a819-410e-bfb8-5c66a66cf5ab	/n/data1/hms/dbmi/park/DATA/ICGC/PCAWG_Final_Datasets_DCC/consensus_snv_indel/merged_snv_mnv/dabdd983-a819-410e-bfb8-5c66a66cf5ab.consensus.20160830.somatic.snv_mnv.vcf.gz	/n/data1/hms/dbmi/park/DATA/ICGC/PCAWG_Final_Datasets_DCC/consensus_cnv/segmented_cn/dabdd983-a819-410e-bfb8-5c66a66cf5ab.consensus.20170119.somatic.cna.txt
dacd4cc2-fc2b-4fbd-adf6-c8a46ae69c91	/n/data1/hms/dbmi/park/DATA/ICGC/PCAWG_Final_Datasets_DCC/consensus_snv_indel/merged_snv_mnv/dacd4cc2-fc2b-4fbd-adf6-c8a46ae69c91.consensus.20160830.somatic.snv_mnv.vcf.gz	/n/data1/hms/dbmi/park/DATA/ICGC/PCAWG_Final_Datasets_DCC/consensus_cnv/segmented_cn/dacd4cc2-fc2b-4fbd-adf6-c8a46ae69c91.consensus.20170119.somatic.cna.txt
db2a1df8-487d-4dad-a347-5c5ed539d5ad	/n/data1/hms/dbmi/park/DATA/ICGC/PCAWG_Final_Datasets_DCC/consensus_snv_indel/merged_snv_mnv/db2a1df8-487d-4dad-a347-5c5ed539d5ad.consensus.20160830.somatic.snv_mnv.vcf.gz	/n/data1/hms/dbmi/park/DATA/ICGC/PCAWG_Final_Datasets_DCC/consensus_cnv/segmented_cn/db2a1df8-487d-4dad-a347-5c5ed539d5ad.consensus.20170119.somatic.cna.txt
db37739d-af50-4e63-9147-1a7d25630ac6	/n/data1/hms/dbmi/park/DATA/ICGC/PCAWG_Final_Datasets_DCC/consensus_snv_indel/merged_snv_mnv/db37739d-af50-4e63-9147-1a7d25630ac6.consensus.20160830.somatic.snv_mnv.vcf.gz	/n/data1/hms/dbmi/park/DATA/ICGC/PCAWG_Final_Datasets_DCC/consensus_cnv/segmented_cn/db37739d-af50-4e63-9147-1a7d25630ac6.consensus.20170119.somatic.cna.txt
db4592fb-13c2-4d61-9dc3-a5d43def8d4b	/n/data1/hms/dbmi/park/DATA/ICGC/PCAWG_Final_Datasets_DCC/consensus_snv_indel/merged_snv_mnv/db4592fb-13c2-4d61-9dc3-a5d43def8d4b.consensus.20160830.somatic.snv_mnv.vcf.gz	/n/data1/hms/dbmi/park/DATA/ICGC/PCAWG_Final_Datasets_DCC/consensus_cnv/segmented_cn/db4592fb-13c2-4d61-9dc3-a5d43def8d4b.consensus.20170119.somatic.cna.txt
db45d81f-695c-4f99-beea-6dbec1ff47fc	/n/data1/hms/dbmi/park/DATA/ICGC/PCAWG_Final_Datasets_DCC/consensus_snv_indel/merged_snv_mnv/db45d81f-695c-4f99-beea-6dbec1ff47fc.consensus.20160830.somatic.snv_mnv.vcf.gz	/n/data1/hms/dbmi/park/DATA/ICGC/PCAWG_Final_Datasets_DCC/consensus_cnv/segmented_cn/db45d81f-695c-4f99-beea-6dbec1ff47fc.consensus.20170119.somatic.cna.txt
db4d1d04-1189-4c0e-99a7-904667af07b5	/n/data1/hms/dbmi/park/DATA/ICGC/PCAWG_Final_Datasets_DCC/consensus_snv_indel/merged_snv_mnv/db4d1d04-1189-4c0e-99a7-904667af07b5.consensus.20160830.somatic.snv_mnv.vcf.gz	/n/data1/hms/dbmi/park/DATA/ICGC/PCAWG_Final_Datasets_DCC/consensus_cnv/segmented_cn/db4d1d04-1189-4c0e-99a7-904667af07b5.consensus.20170119.somatic.cna.txt
db650eff-4e2c-4ce3-9124-7697b6e03359	/n/data1/hms/dbmi/park/DATA/ICGC/PCAWG_Final_Datasets_DCC/consensus_snv_indel/merged_snv_mnv/db650eff-4e2c-4ce3-9124-7697b6e03359.consensus.20160830.somatic.snv_mnv.vcf.gz	/n/data1/hms/dbmi/park/DATA/ICGC/PCAWG_Final_Datasets_DCC/consensus_cnv/segmented_cn/db650eff-4e2c-4ce3-9124-7697b6e03359.consensus.20170119.somatic.cna.txt
db98d6d5-94a5-4559-8f29-49eb74f83ce3	/n/data1/hms/dbmi/park/DATA/ICGC/PCAWG_Final_Datasets_DCC/consensus_snv_indel/merged_snv_mnv/db98d6d5-94a5-4559-8f29-49eb74f83ce3.consensus.20160830.somatic.snv_mnv.vcf.gz	/n/data1/hms/dbmi/park/DATA/ICGC/PCAWG_Final_Datasets_DCC/consensus_cnv/segmented_cn/db98d6d5-94a5-4559-8f29-49eb74f83ce3.consensus.20170119.somatic.cna.txt
db9ce6c6-529c-4da6-92c4-f4f3fc3fe109	/n/data1/hms/dbmi/park/DATA/ICGC/PCAWG_Final_Datasets_DCC/consensus_snv_indel/merged_snv_mnv/db9ce6c6-529c-4da6-92c4-f4f3fc3fe109.consensus.20160830.somatic.snv_mnv.vcf.gz	/n/data1/hms/dbmi/park/DATA/ICGC/PCAWG_Final_Datasets_DCC/consensus_cnv/segmented_cn/db9ce6c6-529c-4da6-92c4-f4f3fc3fe109.consensus.20170119.somatic.cna.txt
dbacc1ad-c88a-4bcf-a45f-e9c83c762164	/n/data1/hms/dbmi/park/DATA/ICGC/PCAWG_Final_Datasets_DCC/consensus_snv_indel/merged_snv_mnv/dbacc1ad-c88a-4bcf-a45f-e9c83c762164.consensus.20160830.somatic.snv_mnv.vcf.gz	/n/data1/hms/dbmi/park/DATA/ICGC/PCAWG_Final_Datasets_DCC/consensus_cnv/segmented_cn/dbacc1ad-c88a-4bcf-a45f-e9c83c762164.consensus.20170119.somatic.cna.txt
dbae3c4e-6d66-483a-a611-7285067bf85c	/n/data1/hms/dbmi/park/DATA/ICGC/PCAWG_Final_Datasets_DCC/consensus_snv_indel/merged_snv_mnv/dbae3c4e-6d66-483a-a611-7285067bf85c.consensus.20160830.somatic.snv_mnv.vcf.gz	/n/data1/hms/dbmi/park/DATA/ICGC/PCAWG_Final_Datasets_DCC/consensus_cnv/segmented_cn/dbae3c4e-6d66-483a-a611-7285067bf85c.consensus.20170119.somatic.cna.txt
dbbd54db-4470-4df6-b5be-3e175c7133b0	/n/data1/hms/dbmi/park/DATA/ICGC/PCAWG_Final_Datasets_DCC/consensus_snv_indel/merged_snv_mnv/dbbd54db-4470-4df6-b5be-3e175c7133b0.consensus.20160830.somatic.snv_mnv.vcf.gz	/n/data1/hms/dbmi/park/DATA/ICGC/PCAWG_Final_Datasets_DCC/consensus_cnv/segmented_cn/dbbd54db-4470-4df6-b5be-3e175c7133b0.consensus.20170119.somatic.cna.txt
dbfa4e8a-c622-11e3-bf01-24c6515278c0	/n/data1/hms/dbmi/park/DATA/ICGC/PCAWG_Final_Datasets_DCC/consensus_snv_indel/merged_snv_mnv/dbfa4e8a-c622-11e3-bf01-24c6515278c0.consensus.20160830.somatic.snv_mnv.vcf.gz	/n/data1/hms/dbmi/park/DATA/ICGC/PCAWG_Final_Datasets_DCC/consensus_cnv/segmented_cn/dbfa4e8a-c622-11e3-bf01-24c6515278c0.consensus.20170119.somatic.cna.txt
dbfdb5c6-f52e-48f3-87e7-fb922df9e7a9	/n/data1/hms/dbmi/park/DATA/ICGC/PCAWG_Final_Datasets_DCC/consensus_snv_indel/merged_snv_mnv/dbfdb5c6-f52e-48f3-87e7-fb922df9e7a9.consensus.20160830.somatic.snv_mnv.vcf.gz	/n/data1/hms/dbmi/park/DATA/ICGC/PCAWG_Final_Datasets_DCC/consensus_cnv/segmented_cn/dbfdb5c6-f52e-48f3-87e7-fb922df9e7a9.consensus.20170119.somatic.cna.txt
dc4ba4bc-6333-4fe9-8805-e058cc9e6e18	/n/data1/hms/dbmi/park/DATA/ICGC/PCAWG_Final_Datasets_DCC/consensus_snv_indel/merged_snv_mnv/dc4ba4bc-6333-4fe9-8805-e058cc9e6e18.consensus.20160830.somatic.snv_mnv.vcf.gz	/n/data1/hms/dbmi/park/DATA/ICGC/PCAWG_Final_Datasets_DCC/consensus_cnv/segmented_cn/dc4ba4bc-6333-4fe9-8805-e058cc9e6e18.consensus.20170119.somatic.cna.txt
dc4bc4c4-2cc1-4a2e-a9f2-613088af17bf	/n/data1/hms/dbmi/park/DATA/ICGC/PCAWG_Final_Datasets_DCC/consensus_snv_indel/merged_snv_mnv/dc4bc4c4-2cc1-4a2e-a9f2-613088af17bf.consensus.20160830.somatic.snv_mnv.vcf.gz	/n/data1/hms/dbmi/park/DATA/ICGC/PCAWG_Final_Datasets_DCC/consensus_cnv/segmented_cn/dc4bc4c4-2cc1-4a2e-a9f2-613088af17bf.consensus.20170119.somatic.cna.txt
dc505248-ed04-4f77-a7c6-3fefbc5df27b	/n/data1/hms/dbmi/park/DATA/ICGC/PCAWG_Final_Datasets_DCC/consensus_snv_indel/merged_snv_mnv/dc505248-ed04-4f77-a7c6-3fefbc5df27b.consensus.20160830.somatic.snv_mnv.vcf.gz	/n/data1/hms/dbmi/park/DATA/ICGC/PCAWG_Final_Datasets_DCC/consensus_cnv/segmented_cn/dc505248-ed04-4f77-a7c6-3fefbc5df27b.consensus.20170119.somatic.cna.txt
dc537fcf-d910-4c4b-8af9-e7da429f2633	/n/data1/hms/dbmi/park/DATA/ICGC/PCAWG_Final_Datasets_DCC/consensus_snv_indel/merged_snv_mnv/dc537fcf-d910-4c4b-8af9-e7da429f2633.consensus.20160830.somatic.snv_mnv.vcf.gz	/n/data1/hms/dbmi/park/DATA/ICGC/PCAWG_Final_Datasets_DCC/consensus_cnv/segmented_cn/dc537fcf-d910-4c4b-8af9-e7da429f2633.consensus.20170119.somatic.cna.txt
dc57c2e7-4c5b-4e2b-93c6-f032fcebc2fa	/n/data1/hms/dbmi/park/DATA/ICGC/PCAWG_Final_Datasets_DCC/consensus_snv_indel/merged_snv_mnv/dc57c2e7-4c5b-4e2b-93c6-f032fcebc2fa.consensus.20160830.somatic.snv_mnv.vcf.gz	/n/data1/hms/dbmi/park/DATA/ICGC/PCAWG_Final_Datasets_DCC/consensus_cnv/segmented_cn/dc57c2e7-4c5b-4e2b-93c6-f032fcebc2fa.consensus.20170119.somatic.cna.txt
dc7faf84-4438-447b-abcf-a3af87043654	/n/data1/hms/dbmi/park/DATA/ICGC/PCAWG_Final_Datasets_DCC/consensus_snv_indel/merged_snv_mnv/dc7faf84-4438-447b-abcf-a3af87043654.consensus.20160830.somatic.snv_mnv.vcf.gz	/n/data1/hms/dbmi/park/DATA/ICGC/PCAWG_Final_Datasets_DCC/consensus_cnv/segmented_cn/dc7faf84-4438-447b-abcf-a3af87043654.consensus.20170119.somatic.cna.txt
dc85552c-2488-48d9-9da1-67a380945b85	/n/data1/hms/dbmi/park/DATA/ICGC/PCAWG_Final_Datasets_DCC/consensus_snv_indel/merged_snv_mnv/dc85552c-2488-48d9-9da1-67a380945b85.consensus.20160830.somatic.snv_mnv.vcf.gz	/n/data1/hms/dbmi/park/DATA/ICGC/PCAWG_Final_Datasets_DCC/consensus_cnv/segmented_cn/dc85552c-2488-48d9-9da1-67a380945b85.consensus.20170119.somatic.cna.txt
dc856038-f5f7-4dfc-a0a4-3e3a6b8d160f	/n/data1/hms/dbmi/park/DATA/ICGC/PCAWG_Final_Datasets_DCC/consensus_snv_indel/merged_snv_mnv/dc856038-f5f7-4dfc-a0a4-3e3a6b8d160f.consensus.20160830.somatic.snv_mnv.vcf.gz	/n/data1/hms/dbmi/park/DATA/ICGC/PCAWG_Final_Datasets_DCC/consensus_cnv/segmented_cn/dc856038-f5f7-4dfc-a0a4-3e3a6b8d160f.consensus.20170119.somatic.cna.txt
dcc938da-3e45-4c2f-ae0f-47817be04518	/n/data1/hms/dbmi/park/DATA/ICGC/PCAWG_Final_Datasets_DCC/consensus_snv_indel/merged_snv_mnv/dcc938da-3e45-4c2f-ae0f-47817be04518.consensus.20160830.somatic.snv_mnv.vcf.gz	/n/data1/hms/dbmi/park/DATA/ICGC/PCAWG_Final_Datasets_DCC/consensus_cnv/segmented_cn/dcc938da-3e45-4c2f-ae0f-47817be04518.consensus.20170119.somatic.cna.txt
dccddb92-bb26-4dc9-a935-2320d089a54a	/n/data1/hms/dbmi/park/DATA/ICGC/PCAWG_Final_Datasets_DCC/consensus_snv_indel/merged_snv_mnv/dccddb92-bb26-4dc9-a935-2320d089a54a.consensus.20160830.somatic.snv_mnv.vcf.gz	/n/data1/hms/dbmi/park/DATA/ICGC/PCAWG_Final_Datasets_DCC/consensus_cnv/segmented_cn/dccddb92-bb26-4dc9-a935-2320d089a54a.consensus.20170119.somatic.cna.txt
dce54d09-9827-4fe2-abe1-c5b7d528ba7f	/n/data1/hms/dbmi/park/DATA/ICGC/PCAWG_Final_Datasets_DCC/consensus_snv_indel/merged_snv_mnv/dce54d09-9827-4fe2-abe1-c5b7d528ba7f.consensus.20160830.somatic.snv_mnv.vcf.gz	/n/data1/hms/dbmi/park/DATA/ICGC/PCAWG_Final_Datasets_DCC/consensus_cnv/segmented_cn/dce54d09-9827-4fe2-abe1-c5b7d528ba7f.consensus.20170119.somatic.cna.txt
dcf45005-7e6d-4c26-9994-f973da7e814f	/n/data1/hms/dbmi/park/DATA/ICGC/PCAWG_Final_Datasets_DCC/consensus_snv_indel/merged_snv_mnv/dcf45005-7e6d-4c26-9994-f973da7e814f.consensus.20160830.somatic.snv_mnv.vcf.gz	/n/data1/hms/dbmi/park/DATA/ICGC/PCAWG_Final_Datasets_DCC/consensus_cnv/segmented_cn/dcf45005-7e6d-4c26-9994-f973da7e814f.consensus.20170119.somatic.cna.txt
dcf98acc-736b-4af6-bdca-a320a413165a	/n/data1/hms/dbmi/park/DATA/ICGC/PCAWG_Final_Datasets_DCC/consensus_snv_indel/merged_snv_mnv/dcf98acc-736b-4af6-bdca-a320a413165a.consensus.20160830.somatic.snv_mnv.vcf.gz	/n/data1/hms/dbmi/park/DATA/ICGC/PCAWG_Final_Datasets_DCC/consensus_cnv/segmented_cn/dcf98acc-736b-4af6-bdca-a320a413165a.consensus.20170119.somatic.cna.txt
dd09c7aa-744a-413d-839f-e75e1825f9f9	/n/data1/hms/dbmi/park/DATA/ICGC/PCAWG_Final_Datasets_DCC/consensus_snv_indel/merged_snv_mnv/dd09c7aa-744a-413d-839f-e75e1825f9f9.consensus.20160830.somatic.snv_mnv.vcf.gz	/n/data1/hms/dbmi/park/DATA/ICGC/PCAWG_Final_Datasets_DCC/consensus_cnv/segmented_cn/dd09c7aa-744a-413d-839f-e75e1825f9f9.consensus.20170119.somatic.cna.txt
dd2e7b3c-c622-11e3-bf01-24c6515278c0	/n/data1/hms/dbmi/park/DATA/ICGC/PCAWG_Final_Datasets_DCC/consensus_snv_indel/merged_snv_mnv/dd2e7b3c-c622-11e3-bf01-24c6515278c0.consensus.20160830.somatic.snv_mnv.vcf.gz	/n/data1/hms/dbmi/park/DATA/ICGC/PCAWG_Final_Datasets_DCC/consensus_cnv/segmented_cn/dd2e7b3c-c622-11e3-bf01-24c6515278c0.consensus.20170119.somatic.cna.txt
dd5ed858-0623-4387-b1bf-109175c32ef4	/n/data1/hms/dbmi/park/DATA/ICGC/PCAWG_Final_Datasets_DCC/consensus_snv_indel/merged_snv_mnv/dd5ed858-0623-4387-b1bf-109175c32ef4.consensus.20160830.somatic.snv_mnv.vcf.gz	/n/data1/hms/dbmi/park/DATA/ICGC/PCAWG_Final_Datasets_DCC/consensus_cnv/segmented_cn/dd5ed858-0623-4387-b1bf-109175c32ef4.consensus.20170119.somatic.cna.txt
dd67dec6-35dd-4efe-b913-ed4884855365	/n/data1/hms/dbmi/park/DATA/ICGC/PCAWG_Final_Datasets_DCC/consensus_snv_indel/merged_snv_mnv/dd67dec6-35dd-4efe-b913-ed4884855365.consensus.20160830.somatic.snv_mnv.vcf.gz	/n/data1/hms/dbmi/park/DATA/ICGC/PCAWG_Final_Datasets_DCC/consensus_cnv/segmented_cn/dd67dec6-35dd-4efe-b913-ed4884855365.consensus.20170119.somatic.cna.txt
dd7d623b-b9af-4147-9aa6-e09793691f10	/n/data1/hms/dbmi/park/DATA/ICGC/PCAWG_Final_Datasets_DCC/consensus_snv_indel/merged_snv_mnv/dd7d623b-b9af-4147-9aa6-e09793691f10.consensus.20160830.somatic.snv_mnv.vcf.gz	/n/data1/hms/dbmi/park/DATA/ICGC/PCAWG_Final_Datasets_DCC/consensus_cnv/segmented_cn/dd7d623b-b9af-4147-9aa6-e09793691f10.consensus.20170119.somatic.cna.txt
dd8f3e1c-6ed6-41c2-957d-6f679a3cb3ca	/n/data1/hms/dbmi/park/DATA/ICGC/PCAWG_Final_Datasets_DCC/consensus_snv_indel/merged_snv_mnv/dd8f3e1c-6ed6-41c2-957d-6f679a3cb3ca.consensus.20160830.somatic.snv_mnv.vcf.gz	/n/data1/hms/dbmi/park/DATA/ICGC/PCAWG_Final_Datasets_DCC/consensus_cnv/segmented_cn/dd8f3e1c-6ed6-41c2-957d-6f679a3cb3ca.consensus.20170119.somatic.cna.txt
ddb6c68e-0c90-4bde-a011-523600ce8b29	/n/data1/hms/dbmi/park/DATA/ICGC/PCAWG_Final_Datasets_DCC/consensus_snv_indel/merged_snv_mnv/ddb6c68e-0c90-4bde-a011-523600ce8b29.consensus.20160830.somatic.snv_mnv.vcf.gz	/n/data1/hms/dbmi/park/DATA/ICGC/PCAWG_Final_Datasets_DCC/consensus_cnv/segmented_cn/ddb6c68e-0c90-4bde-a011-523600ce8b29.consensus.20170119.somatic.cna.txt
ddc422e4-87e2-4fc0-b56b-ddc2d6a92f58	/n/data1/hms/dbmi/park/DATA/ICGC/PCAWG_Final_Datasets_DCC/consensus_snv_indel/merged_snv_mnv/ddc422e4-87e2-4fc0-b56b-ddc2d6a92f58.consensus.20160830.somatic.snv_mnv.vcf.gz	/n/data1/hms/dbmi/park/DATA/ICGC/PCAWG_Final_Datasets_DCC/consensus_cnv/segmented_cn/ddc422e4-87e2-4fc0-b56b-ddc2d6a92f58.consensus.20170119.somatic.cna.txt
ddc7377d-82c3-480a-be3c-3d1da52c77d4	/n/data1/hms/dbmi/park/DATA/ICGC/PCAWG_Final_Datasets_DCC/consensus_snv_indel/merged_snv_mnv/ddc7377d-82c3-480a-be3c-3d1da52c77d4.consensus.20160830.somatic.snv_mnv.vcf.gz	/n/data1/hms/dbmi/park/DATA/ICGC/PCAWG_Final_Datasets_DCC/consensus_cnv/segmented_cn/ddc7377d-82c3-480a-be3c-3d1da52c77d4.consensus.20170119.somatic.cna.txt
dddea2e4-b8c3-4157-9d92-6de472e8375a	/n/data1/hms/dbmi/park/DATA/ICGC/PCAWG_Final_Datasets_DCC/consensus_snv_indel/merged_snv_mnv/dddea2e4-b8c3-4157-9d92-6de472e8375a.consensus.20160830.somatic.snv_mnv.vcf.gz	/n/data1/hms/dbmi/park/DATA/ICGC/PCAWG_Final_Datasets_DCC/consensus_cnv/segmented_cn/dddea2e4-b8c3-4157-9d92-6de472e8375a.consensus.20170119.somatic.cna.txt
de4c3f91-d164-47df-9971-feba840d247c	/n/data1/hms/dbmi/park/DATA/ICGC/PCAWG_Final_Datasets_DCC/consensus_snv_indel/merged_snv_mnv/de4c3f91-d164-47df-9971-feba840d247c.consensus.20160830.somatic.snv_mnv.vcf.gz	/n/data1/hms/dbmi/park/DATA/ICGC/PCAWG_Final_Datasets_DCC/consensus_cnv/segmented_cn/de4c3f91-d164-47df-9971-feba840d247c.consensus.20170119.somatic.cna.txt
de4d6f9f-d64a-41b9-a928-64e79b9f7d5f	/n/data1/hms/dbmi/park/DATA/ICGC/PCAWG_Final_Datasets_DCC/consensus_snv_indel/merged_snv_mnv/de4d6f9f-d64a-41b9-a928-64e79b9f7d5f.consensus.20160830.somatic.snv_mnv.vcf.gz	/n/data1/hms/dbmi/park/DATA/ICGC/PCAWG_Final_Datasets_DCC/consensus_cnv/segmented_cn/de4d6f9f-d64a-41b9-a928-64e79b9f7d5f.consensus.20170119.somatic.cna.txt
de4f520c-c622-11e3-bf01-24c6515278c0	/n/data1/hms/dbmi/park/DATA/ICGC/PCAWG_Final_Datasets_DCC/consensus_snv_indel/merged_snv_mnv/de4f520c-c622-11e3-bf01-24c6515278c0.consensus.20160830.somatic.snv_mnv.vcf.gz	/n/data1/hms/dbmi/park/DATA/ICGC/PCAWG_Final_Datasets_DCC/consensus_cnv/segmented_cn/de4f520c-c622-11e3-bf01-24c6515278c0.consensus.20170119.somatic.cna.txt
de4faf55-1bcf-427f-b019-829bb4b64ff1	/n/data1/hms/dbmi/park/DATA/ICGC/PCAWG_Final_Datasets_DCC/consensus_snv_indel/merged_snv_mnv/de4faf55-1bcf-427f-b019-829bb4b64ff1.consensus.20160830.somatic.snv_mnv.vcf.gz	/n/data1/hms/dbmi/park/DATA/ICGC/PCAWG_Final_Datasets_DCC/consensus_cnv/segmented_cn/de4faf55-1bcf-427f-b019-829bb4b64ff1.consensus.20170119.somatic.cna.txt
de55876b-5d7d-46e7-bf3e-35db7a155300	/n/data1/hms/dbmi/park/DATA/ICGC/PCAWG_Final_Datasets_DCC/consensus_snv_indel/merged_snv_mnv/de55876b-5d7d-46e7-bf3e-35db7a155300.consensus.20160830.somatic.snv_mnv.vcf.gz	/n/data1/hms/dbmi/park/DATA/ICGC/PCAWG_Final_Datasets_DCC/consensus_cnv/segmented_cn/de55876b-5d7d-46e7-bf3e-35db7a155300.consensus.20170119.somatic.cna.txt
de581588-be15-4bf4-95d1-aa5478b53ab6	/n/data1/hms/dbmi/park/DATA/ICGC/PCAWG_Final_Datasets_DCC/consensus_snv_indel/merged_snv_mnv/de581588-be15-4bf4-95d1-aa5478b53ab6.consensus.20160830.somatic.snv_mnv.vcf.gz	/n/data1/hms/dbmi/park/DATA/ICGC/PCAWG_Final_Datasets_DCC/consensus_cnv/segmented_cn/de581588-be15-4bf4-95d1-aa5478b53ab6.consensus.20170119.somatic.cna.txt
de614a3e-1c0d-49c7-a2f1-28bc58e6e5c7	/n/data1/hms/dbmi/park/DATA/ICGC/PCAWG_Final_Datasets_DCC/consensus_snv_indel/merged_snv_mnv/de614a3e-1c0d-49c7-a2f1-28bc58e6e5c7.consensus.20160830.somatic.snv_mnv.vcf.gz	/n/data1/hms/dbmi/park/DATA/ICGC/PCAWG_Final_Datasets_DCC/consensus_cnv/segmented_cn/de614a3e-1c0d-49c7-a2f1-28bc58e6e5c7.consensus.20170119.somatic.cna.txt
de8ef60b-4dbe-4aa8-adef-6f58cdfada29	/n/data1/hms/dbmi/park/DATA/ICGC/PCAWG_Final_Datasets_DCC/consensus_snv_indel/merged_snv_mnv/de8ef60b-4dbe-4aa8-adef-6f58cdfada29.consensus.20160830.somatic.snv_mnv.vcf.gz	/n/data1/hms/dbmi/park/DATA/ICGC/PCAWG_Final_Datasets_DCC/consensus_cnv/segmented_cn/de8ef60b-4dbe-4aa8-adef-6f58cdfada29.consensus.20170119.somatic.cna.txt
de92d076-24b7-46eb-8df6-56094d264f3b	/n/data1/hms/dbmi/park/DATA/ICGC/PCAWG_Final_Datasets_DCC/consensus_snv_indel/merged_snv_mnv/de92d076-24b7-46eb-8df6-56094d264f3b.consensus.20160830.somatic.snv_mnv.vcf.gz	/n/data1/hms/dbmi/park/DATA/ICGC/PCAWG_Final_Datasets_DCC/consensus_cnv/segmented_cn/de92d076-24b7-46eb-8df6-56094d264f3b.consensus.20170119.somatic.cna.txt
de99a4de-e916-4572-ac9e-73e341827229	/n/data1/hms/dbmi/park/DATA/ICGC/PCAWG_Final_Datasets_DCC/consensus_snv_indel/merged_snv_mnv/de99a4de-e916-4572-ac9e-73e341827229.consensus.20160830.somatic.snv_mnv.vcf.gz	/n/data1/hms/dbmi/park/DATA/ICGC/PCAWG_Final_Datasets_DCC/consensus_cnv/segmented_cn/de99a4de-e916-4572-ac9e-73e341827229.consensus.20170119.somatic.cna.txt
deb0de92-a46b-4e71-814c-2f6c5e97dbcd	/n/data1/hms/dbmi/park/DATA/ICGC/PCAWG_Final_Datasets_DCC/consensus_snv_indel/merged_snv_mnv/deb0de92-a46b-4e71-814c-2f6c5e97dbcd.consensus.20160830.somatic.snv_mnv.vcf.gz	/n/data1/hms/dbmi/park/DATA/ICGC/PCAWG_Final_Datasets_DCC/consensus_cnv/segmented_cn/deb0de92-a46b-4e71-814c-2f6c5e97dbcd.consensus.20170119.somatic.cna.txt
deb9fbb6-656b-41ce-8299-554efc2379bd	/n/data1/hms/dbmi/park/DATA/ICGC/PCAWG_Final_Datasets_DCC/consensus_snv_indel/merged_snv_mnv/deb9fbb6-656b-41ce-8299-554efc2379bd.consensus.20160830.somatic.snv_mnv.vcf.gz	/n/data1/hms/dbmi/park/DATA/ICGC/PCAWG_Final_Datasets_DCC/consensus_cnv/segmented_cn/deb9fbb6-656b-41ce-8299-554efc2379bd.consensus.20170119.somatic.cna.txt
dec775c5-7d9a-4dc5-b399-dc4b7ba49d73	/n/data1/hms/dbmi/park/DATA/ICGC/PCAWG_Final_Datasets_DCC/consensus_snv_indel/merged_snv_mnv/dec775c5-7d9a-4dc5-b399-dc4b7ba49d73.consensus.20160830.somatic.snv_mnv.vcf.gz	/n/data1/hms/dbmi/park/DATA/ICGC/PCAWG_Final_Datasets_DCC/consensus_cnv/segmented_cn/dec775c5-7d9a-4dc5-b399-dc4b7ba49d73.consensus.20170119.somatic.cna.txt
decfb419-63b3-47b0-9dfc-baae180566a0	/n/data1/hms/dbmi/park/DATA/ICGC/PCAWG_Final_Datasets_DCC/consensus_snv_indel/merged_snv_mnv/decfb419-63b3-47b0-9dfc-baae180566a0.consensus.20160830.somatic.snv_mnv.vcf.gz	/n/data1/hms/dbmi/park/DATA/ICGC/PCAWG_Final_Datasets_DCC/consensus_cnv/segmented_cn/decfb419-63b3-47b0-9dfc-baae180566a0.consensus.20170119.somatic.cna.txt
ded2689b-8e37-480c-b37c-acc538e54ddf	/n/data1/hms/dbmi/park/DATA/ICGC/PCAWG_Final_Datasets_DCC/consensus_snv_indel/merged_snv_mnv/ded2689b-8e37-480c-b37c-acc538e54ddf.consensus.20160830.somatic.snv_mnv.vcf.gz	/n/data1/hms/dbmi/park/DATA/ICGC/PCAWG_Final_Datasets_DCC/consensus_cnv/segmented_cn/ded2689b-8e37-480c-b37c-acc538e54ddf.consensus.20170119.somatic.cna.txt
ded8b673-53df-4038-a375-7cd0fd2a1b9f	/n/data1/hms/dbmi/park/DATA/ICGC/PCAWG_Final_Datasets_DCC/consensus_snv_indel/merged_snv_mnv/ded8b673-53df-4038-a375-7cd0fd2a1b9f.consensus.20160830.somatic.snv_mnv.vcf.gz	/n/data1/hms/dbmi/park/DATA/ICGC/PCAWG_Final_Datasets_DCC/consensus_cnv/segmented_cn/ded8b673-53df-4038-a375-7cd0fd2a1b9f.consensus.20170119.somatic.cna.txt
def5526a-774a-4704-bb24-10c4e713649a	/n/data1/hms/dbmi/park/DATA/ICGC/PCAWG_Final_Datasets_DCC/consensus_snv_indel/merged_snv_mnv/def5526a-774a-4704-bb24-10c4e713649a.consensus.20160830.somatic.snv_mnv.vcf.gz	/n/data1/hms/dbmi/park/DATA/ICGC/PCAWG_Final_Datasets_DCC/consensus_cnv/segmented_cn/def5526a-774a-4704-bb24-10c4e713649a.consensus.20170119.somatic.cna.txt
df291849-4c35-44e1-b013-8f6b7ee36113	/n/data1/hms/dbmi/park/DATA/ICGC/PCAWG_Final_Datasets_DCC/consensus_snv_indel/merged_snv_mnv/df291849-4c35-44e1-b013-8f6b7ee36113.consensus.20160830.somatic.snv_mnv.vcf.gz	/n/data1/hms/dbmi/park/DATA/ICGC/PCAWG_Final_Datasets_DCC/consensus_cnv/segmented_cn/df291849-4c35-44e1-b013-8f6b7ee36113.consensus.20170119.somatic.cna.txt
df2d41c4-7e79-4a46-aa4a-2a11c051ac40	/n/data1/hms/dbmi/park/DATA/ICGC/PCAWG_Final_Datasets_DCC/consensus_snv_indel/merged_snv_mnv/df2d41c4-7e79-4a46-aa4a-2a11c051ac40.consensus.20160830.somatic.snv_mnv.vcf.gz	/n/data1/hms/dbmi/park/DATA/ICGC/PCAWG_Final_Datasets_DCC/consensus_cnv/segmented_cn/df2d41c4-7e79-4a46-aa4a-2a11c051ac40.consensus.20170119.somatic.cna.txt
df4366c4-170f-4233-b577-a8ea277b069c	/n/data1/hms/dbmi/park/DATA/ICGC/PCAWG_Final_Datasets_DCC/consensus_snv_indel/merged_snv_mnv/df4366c4-170f-4233-b577-a8ea277b069c.consensus.20160830.somatic.snv_mnv.vcf.gz	/n/data1/hms/dbmi/park/DATA/ICGC/PCAWG_Final_Datasets_DCC/consensus_cnv/segmented_cn/df4366c4-170f-4233-b577-a8ea277b069c.consensus.20170119.somatic.cna.txt
df6b025e-ccb7-4f1a-ba22-1dcf76e6554c	/n/data1/hms/dbmi/park/DATA/ICGC/PCAWG_Final_Datasets_DCC/consensus_snv_indel/merged_snv_mnv/df6b025e-ccb7-4f1a-ba22-1dcf76e6554c.consensus.20160830.somatic.snv_mnv.vcf.gz	/n/data1/hms/dbmi/park/DATA/ICGC/PCAWG_Final_Datasets_DCC/consensus_cnv/segmented_cn/df6b025e-ccb7-4f1a-ba22-1dcf76e6554c.consensus.20170119.somatic.cna.txt
df814571-57f1-4e55-bc1a-c892c568c4ba	/n/data1/hms/dbmi/park/DATA/ICGC/PCAWG_Final_Datasets_DCC/consensus_snv_indel/merged_snv_mnv/df814571-57f1-4e55-bc1a-c892c568c4ba.consensus.20160830.somatic.snv_mnv.vcf.gz	/n/data1/hms/dbmi/park/DATA/ICGC/PCAWG_Final_Datasets_DCC/consensus_cnv/segmented_cn/df814571-57f1-4e55-bc1a-c892c568c4ba.consensus.20170119.somatic.cna.txt
df8a913c-5160-4fc5-950d-7c890e24e820	/n/data1/hms/dbmi/park/DATA/ICGC/PCAWG_Final_Datasets_DCC/consensus_snv_indel/merged_snv_mnv/df8a913c-5160-4fc5-950d-7c890e24e820.consensus.20160830.somatic.snv_mnv.vcf.gz	/n/data1/hms/dbmi/park/DATA/ICGC/PCAWG_Final_Datasets_DCC/consensus_cnv/segmented_cn/df8a913c-5160-4fc5-950d-7c890e24e820.consensus.20170119.somatic.cna.txt
df9f8c80-c622-11e3-bf01-24c6515278c0	/n/data1/hms/dbmi/park/DATA/ICGC/PCAWG_Final_Datasets_DCC/consensus_snv_indel/merged_snv_mnv/df9f8c80-c622-11e3-bf01-24c6515278c0.consensus.20160830.somatic.snv_mnv.vcf.gz	/n/data1/hms/dbmi/park/DATA/ICGC/PCAWG_Final_Datasets_DCC/consensus_cnv/segmented_cn/df9f8c80-c622-11e3-bf01-24c6515278c0.consensus.20170119.somatic.cna.txt
dfa20d2d-1ba3-476a-b4b9-21d21470bee2	/n/data1/hms/dbmi/park/DATA/ICGC/PCAWG_Final_Datasets_DCC/consensus_snv_indel/merged_snv_mnv/dfa20d2d-1ba3-476a-b4b9-21d21470bee2.consensus.20160830.somatic.snv_mnv.vcf.gz	/n/data1/hms/dbmi/park/DATA/ICGC/PCAWG_Final_Datasets_DCC/consensus_cnv/segmented_cn/dfa20d2d-1ba3-476a-b4b9-21d21470bee2.consensus.20170119.somatic.cna.txt
dfde4013-9062-42f5-a42b-626ef8334a41	/n/data1/hms/dbmi/park/DATA/ICGC/PCAWG_Final_Datasets_DCC/consensus_snv_indel/merged_snv_mnv/dfde4013-9062-42f5-a42b-626ef8334a41.consensus.20160830.somatic.snv_mnv.vcf.gz	/n/data1/hms/dbmi/park/DATA/ICGC/PCAWG_Final_Datasets_DCC/consensus_cnv/segmented_cn/dfde4013-9062-42f5-a42b-626ef8334a41.consensus.20170119.somatic.cna.txt
e04bcdff-3206-4c25-bae9-09f0222b074a	/n/data1/hms/dbmi/park/DATA/ICGC/PCAWG_Final_Datasets_DCC/consensus_snv_indel/merged_snv_mnv/e04bcdff-3206-4c25-bae9-09f0222b074a.consensus.20160830.somatic.snv_mnv.vcf.gz	/n/data1/hms/dbmi/park/DATA/ICGC/PCAWG_Final_Datasets_DCC/consensus_cnv/segmented_cn/e04bcdff-3206-4c25-bae9-09f0222b074a.consensus.20170119.somatic.cna.txt
e053d377-e4f2-4aee-af7d-e61605e0f4f5	/n/data1/hms/dbmi/park/DATA/ICGC/PCAWG_Final_Datasets_DCC/consensus_snv_indel/merged_snv_mnv/e053d377-e4f2-4aee-af7d-e61605e0f4f5.consensus.20160830.somatic.snv_mnv.vcf.gz	/n/data1/hms/dbmi/park/DATA/ICGC/PCAWG_Final_Datasets_DCC/consensus_cnv/segmented_cn/e053d377-e4f2-4aee-af7d-e61605e0f4f5.consensus.20170119.somatic.cna.txt
e07991a4-0901-4ed1-8704-aa376565d862	/n/data1/hms/dbmi/park/DATA/ICGC/PCAWG_Final_Datasets_DCC/consensus_snv_indel/merged_snv_mnv/e07991a4-0901-4ed1-8704-aa376565d862.consensus.20160830.somatic.snv_mnv.vcf.gz	/n/data1/hms/dbmi/park/DATA/ICGC/PCAWG_Final_Datasets_DCC/consensus_cnv/segmented_cn/e07991a4-0901-4ed1-8704-aa376565d862.consensus.20170119.somatic.cna.txt
e07affb1-b6b2-40a4-9c54-0e72f5ea5045	/n/data1/hms/dbmi/park/DATA/ICGC/PCAWG_Final_Datasets_DCC/consensus_snv_indel/merged_snv_mnv/e07affb1-b6b2-40a4-9c54-0e72f5ea5045.consensus.20160830.somatic.snv_mnv.vcf.gz	/n/data1/hms/dbmi/park/DATA/ICGC/PCAWG_Final_Datasets_DCC/consensus_cnv/segmented_cn/e07affb1-b6b2-40a4-9c54-0e72f5ea5045.consensus.20170119.somatic.cna.txt
e0aa815f-668a-4de9-bb32-3f215bb7f843	/n/data1/hms/dbmi/park/DATA/ICGC/PCAWG_Final_Datasets_DCC/consensus_snv_indel/merged_snv_mnv/e0aa815f-668a-4de9-bb32-3f215bb7f843.consensus.20160830.somatic.snv_mnv.vcf.gz	/n/data1/hms/dbmi/park/DATA/ICGC/PCAWG_Final_Datasets_DCC/consensus_cnv/segmented_cn/e0aa815f-668a-4de9-bb32-3f215bb7f843.consensus.20170119.somatic.cna.txt
e1217ebe-1826-41a9-b6c4-702100a66f5e	/n/data1/hms/dbmi/park/DATA/ICGC/PCAWG_Final_Datasets_DCC/consensus_snv_indel/merged_snv_mnv/e1217ebe-1826-41a9-b6c4-702100a66f5e.consensus.20160830.somatic.snv_mnv.vcf.gz	/n/data1/hms/dbmi/park/DATA/ICGC/PCAWG_Final_Datasets_DCC/consensus_cnv/segmented_cn/e1217ebe-1826-41a9-b6c4-702100a66f5e.consensus.20170119.somatic.cna.txt
e127e9e4-c622-11e3-bf01-24c6515278c0	/n/data1/hms/dbmi/park/DATA/ICGC/PCAWG_Final_Datasets_DCC/consensus_snv_indel/merged_snv_mnv/e127e9e4-c622-11e3-bf01-24c6515278c0.consensus.20160830.somatic.snv_mnv.vcf.gz	/n/data1/hms/dbmi/park/DATA/ICGC/PCAWG_Final_Datasets_DCC/consensus_cnv/segmented_cn/e127e9e4-c622-11e3-bf01-24c6515278c0.consensus.20170119.somatic.cna.txt
e1b169c3-44e0-43e5-9ee3-2df7a678a5ea	/n/data1/hms/dbmi/park/DATA/ICGC/PCAWG_Final_Datasets_DCC/consensus_snv_indel/merged_snv_mnv/e1b169c3-44e0-43e5-9ee3-2df7a678a5ea.consensus.20160830.somatic.snv_mnv.vcf.gz	/n/data1/hms/dbmi/park/DATA/ICGC/PCAWG_Final_Datasets_DCC/consensus_cnv/segmented_cn/e1b169c3-44e0-43e5-9ee3-2df7a678a5ea.consensus.20170119.somatic.cna.txt
e1df938f-1f23-4291-98ef-13db6debb796	/n/data1/hms/dbmi/park/DATA/ICGC/PCAWG_Final_Datasets_DCC/consensus_snv_indel/merged_snv_mnv/e1df938f-1f23-4291-98ef-13db6debb796.consensus.20160830.somatic.snv_mnv.vcf.gz	/n/data1/hms/dbmi/park/DATA/ICGC/PCAWG_Final_Datasets_DCC/consensus_cnv/segmented_cn/e1df938f-1f23-4291-98ef-13db6debb796.consensus.20170119.somatic.cna.txt
e1f0c565-6ed3-4e42-bc3e-c7b0003e837a	/n/data1/hms/dbmi/park/DATA/ICGC/PCAWG_Final_Datasets_DCC/consensus_snv_indel/merged_snv_mnv/e1f0c565-6ed3-4e42-bc3e-c7b0003e837a.consensus.20160830.somatic.snv_mnv.vcf.gz	/n/data1/hms/dbmi/park/DATA/ICGC/PCAWG_Final_Datasets_DCC/consensus_cnv/segmented_cn/e1f0c565-6ed3-4e42-bc3e-c7b0003e837a.consensus.20170119.somatic.cna.txt
e1fc4226-40ce-43b7-b92e-aa7cecd0cf4d	/n/data1/hms/dbmi/park/DATA/ICGC/PCAWG_Final_Datasets_DCC/consensus_snv_indel/merged_snv_mnv/e1fc4226-40ce-43b7-b92e-aa7cecd0cf4d.consensus.20160830.somatic.snv_mnv.vcf.gz	/n/data1/hms/dbmi/park/DATA/ICGC/PCAWG_Final_Datasets_DCC/consensus_cnv/segmented_cn/e1fc4226-40ce-43b7-b92e-aa7cecd0cf4d.consensus.20170119.somatic.cna.txt
e23462f2-cb86-4a3e-8521-221f4bec247c	/n/data1/hms/dbmi/park/DATA/ICGC/PCAWG_Final_Datasets_DCC/consensus_snv_indel/merged_snv_mnv/e23462f2-cb86-4a3e-8521-221f4bec247c.consensus.20160830.somatic.snv_mnv.vcf.gz	/n/data1/hms/dbmi/park/DATA/ICGC/PCAWG_Final_Datasets_DCC/consensus_cnv/segmented_cn/e23462f2-cb86-4a3e-8521-221f4bec247c.consensus.20170119.somatic.cna.txt
e23c591e-c622-11e3-bf01-24c6515278c0	/n/data1/hms/dbmi/park/DATA/ICGC/PCAWG_Final_Datasets_DCC/consensus_snv_indel/merged_snv_mnv/e23c591e-c622-11e3-bf01-24c6515278c0.consensus.20160830.somatic.snv_mnv.vcf.gz	/n/data1/hms/dbmi/park/DATA/ICGC/PCAWG_Final_Datasets_DCC/consensus_cnv/segmented_cn/e23c591e-c622-11e3-bf01-24c6515278c0.consensus.20170119.somatic.cna.txt
e2774050-1257-4c29-b201-d79ce70fe17e	/n/data1/hms/dbmi/park/DATA/ICGC/PCAWG_Final_Datasets_DCC/consensus_snv_indel/merged_snv_mnv/e2774050-1257-4c29-b201-d79ce70fe17e.consensus.20160830.somatic.snv_mnv.vcf.gz	/n/data1/hms/dbmi/park/DATA/ICGC/PCAWG_Final_Datasets_DCC/consensus_cnv/segmented_cn/e2774050-1257-4c29-b201-d79ce70fe17e.consensus.20170119.somatic.cna.txt
e2b09705-c5c8-48ee-a90e-19648a7bf2cb	/n/data1/hms/dbmi/park/DATA/ICGC/PCAWG_Final_Datasets_DCC/consensus_snv_indel/merged_snv_mnv/e2b09705-c5c8-48ee-a90e-19648a7bf2cb.consensus.20160830.somatic.snv_mnv.vcf.gz	/n/data1/hms/dbmi/park/DATA/ICGC/PCAWG_Final_Datasets_DCC/consensus_cnv/segmented_cn/e2b09705-c5c8-48ee-a90e-19648a7bf2cb.consensus.20170119.somatic.cna.txt
e2b2357c-da6f-4ca3-9c07-a22f0423e8fe	/n/data1/hms/dbmi/park/DATA/ICGC/PCAWG_Final_Datasets_DCC/consensus_snv_indel/merged_snv_mnv/e2b2357c-da6f-4ca3-9c07-a22f0423e8fe.consensus.20160830.somatic.snv_mnv.vcf.gz	/n/data1/hms/dbmi/park/DATA/ICGC/PCAWG_Final_Datasets_DCC/consensus_cnv/segmented_cn/e2b2357c-da6f-4ca3-9c07-a22f0423e8fe.consensus.20170119.somatic.cna.txt
e2b5c926-491d-430d-8d9c-5c73d7752d1b	/n/data1/hms/dbmi/park/DATA/ICGC/PCAWG_Final_Datasets_DCC/consensus_snv_indel/merged_snv_mnv/e2b5c926-491d-430d-8d9c-5c73d7752d1b.consensus.20160830.somatic.snv_mnv.vcf.gz	/n/data1/hms/dbmi/park/DATA/ICGC/PCAWG_Final_Datasets_DCC/consensus_cnv/segmented_cn/e2b5c926-491d-430d-8d9c-5c73d7752d1b.consensus.20170119.somatic.cna.txt
e2e6a409-b64d-463c-ac3b-e7987a3124f0	/n/data1/hms/dbmi/park/DATA/ICGC/PCAWG_Final_Datasets_DCC/consensus_snv_indel/merged_snv_mnv/e2e6a409-b64d-463c-ac3b-e7987a3124f0.consensus.20160830.somatic.snv_mnv.vcf.gz	/n/data1/hms/dbmi/park/DATA/ICGC/PCAWG_Final_Datasets_DCC/consensus_cnv/segmented_cn/e2e6a409-b64d-463c-ac3b-e7987a3124f0.consensus.20170119.somatic.cna.txt
e2fa7251-507e-4d76-95a3-a228adc3885a	/n/data1/hms/dbmi/park/DATA/ICGC/PCAWG_Final_Datasets_DCC/consensus_snv_indel/merged_snv_mnv/e2fa7251-507e-4d76-95a3-a228adc3885a.consensus.20160830.somatic.snv_mnv.vcf.gz	/n/data1/hms/dbmi/park/DATA/ICGC/PCAWG_Final_Datasets_DCC/consensus_cnv/segmented_cn/e2fa7251-507e-4d76-95a3-a228adc3885a.consensus.20170119.somatic.cna.txt
e30c64d5-e796-4cfc-8dc8-6e62bf97822f	/n/data1/hms/dbmi/park/DATA/ICGC/PCAWG_Final_Datasets_DCC/consensus_snv_indel/merged_snv_mnv/e30c64d5-e796-4cfc-8dc8-6e62bf97822f.consensus.20160830.somatic.snv_mnv.vcf.gz	/n/data1/hms/dbmi/park/DATA/ICGC/PCAWG_Final_Datasets_DCC/consensus_cnv/segmented_cn/e30c64d5-e796-4cfc-8dc8-6e62bf97822f.consensus.20170119.somatic.cna.txt
e34bcc5e-c622-11e3-bf01-24c6515278c0	/n/data1/hms/dbmi/park/DATA/ICGC/PCAWG_Final_Datasets_DCC/consensus_snv_indel/merged_snv_mnv/e34bcc5e-c622-11e3-bf01-24c6515278c0.consensus.20160830.somatic.snv_mnv.vcf.gz	/n/data1/hms/dbmi/park/DATA/ICGC/PCAWG_Final_Datasets_DCC/consensus_cnv/segmented_cn/e34bcc5e-c622-11e3-bf01-24c6515278c0.consensus.20170119.somatic.cna.txt
e3eb5217-50e4-49e2-a6fa-f847d091f3c9	/n/data1/hms/dbmi/park/DATA/ICGC/PCAWG_Final_Datasets_DCC/consensus_snv_indel/merged_snv_mnv/e3eb5217-50e4-49e2-a6fa-f847d091f3c9.consensus.20160830.somatic.snv_mnv.vcf.gz	/n/data1/hms/dbmi/park/DATA/ICGC/PCAWG_Final_Datasets_DCC/consensus_cnv/segmented_cn/e3eb5217-50e4-49e2-a6fa-f847d091f3c9.consensus.20170119.somatic.cna.txt
e3ef5cad-4d6e-4f04-babb-a908ee02644b	/n/data1/hms/dbmi/park/DATA/ICGC/PCAWG_Final_Datasets_DCC/consensus_snv_indel/merged_snv_mnv/e3ef5cad-4d6e-4f04-babb-a908ee02644b.consensus.20160830.somatic.snv_mnv.vcf.gz	/n/data1/hms/dbmi/park/DATA/ICGC/PCAWG_Final_Datasets_DCC/consensus_cnv/segmented_cn/e3ef5cad-4d6e-4f04-babb-a908ee02644b.consensus.20170119.somatic.cna.txt
e41bc2ec-3e0b-4c37-806b-3f6f25c8c4db	/n/data1/hms/dbmi/park/DATA/ICGC/PCAWG_Final_Datasets_DCC/consensus_snv_indel/merged_snv_mnv/e41bc2ec-3e0b-4c37-806b-3f6f25c8c4db.consensus.20160830.somatic.snv_mnv.vcf.gz	/n/data1/hms/dbmi/park/DATA/ICGC/PCAWG_Final_Datasets_DCC/consensus_cnv/segmented_cn/e41bc2ec-3e0b-4c37-806b-3f6f25c8c4db.consensus.20170119.somatic.cna.txt
e45f3391-2e74-4767-817a-280cebac7c57	/n/data1/hms/dbmi/park/DATA/ICGC/PCAWG_Final_Datasets_DCC/consensus_snv_indel/merged_snv_mnv/e45f3391-2e74-4767-817a-280cebac7c57.consensus.20160830.somatic.snv_mnv.vcf.gz	/n/data1/hms/dbmi/park/DATA/ICGC/PCAWG_Final_Datasets_DCC/consensus_cnv/segmented_cn/e45f3391-2e74-4767-817a-280cebac7c57.consensus.20170119.somatic.cna.txt
e4aaca83-3ae9-47f6-a975-c144767ad705	/n/data1/hms/dbmi/park/DATA/ICGC/PCAWG_Final_Datasets_DCC/consensus_snv_indel/merged_snv_mnv/e4aaca83-3ae9-47f6-a975-c144767ad705.consensus.20160830.somatic.snv_mnv.vcf.gz	/n/data1/hms/dbmi/park/DATA/ICGC/PCAWG_Final_Datasets_DCC/consensus_cnv/segmented_cn/e4aaca83-3ae9-47f6-a975-c144767ad705.consensus.20170119.somatic.cna.txt
e4c8c7f0-5bac-4d59-91c4-c98207150548	/n/data1/hms/dbmi/park/DATA/ICGC/PCAWG_Final_Datasets_DCC/consensus_snv_indel/merged_snv_mnv/e4c8c7f0-5bac-4d59-91c4-c98207150548.consensus.20160830.somatic.snv_mnv.vcf.gz	/n/data1/hms/dbmi/park/DATA/ICGC/PCAWG_Final_Datasets_DCC/consensus_cnv/segmented_cn/e4c8c7f0-5bac-4d59-91c4-c98207150548.consensus.20170119.somatic.cna.txt
e4fd1b3e-c622-11e3-bf01-24c6515278c0	/n/data1/hms/dbmi/park/DATA/ICGC/PCAWG_Final_Datasets_DCC/consensus_snv_indel/merged_snv_mnv/e4fd1b3e-c622-11e3-bf01-24c6515278c0.consensus.20160830.somatic.snv_mnv.vcf.gz	/n/data1/hms/dbmi/park/DATA/ICGC/PCAWG_Final_Datasets_DCC/consensus_cnv/segmented_cn/e4fd1b3e-c622-11e3-bf01-24c6515278c0.consensus.20170119.somatic.cna.txt
e5193d7e-e8b7-4098-bf98-8b3a62781d13	/n/data1/hms/dbmi/park/DATA/ICGC/PCAWG_Final_Datasets_DCC/consensus_snv_indel/merged_snv_mnv/e5193d7e-e8b7-4098-bf98-8b3a62781d13.consensus.20160830.somatic.snv_mnv.vcf.gz	/n/data1/hms/dbmi/park/DATA/ICGC/PCAWG_Final_Datasets_DCC/consensus_cnv/segmented_cn/e5193d7e-e8b7-4098-bf98-8b3a62781d13.consensus.20170119.somatic.cna.txt
e52ffa79-557a-4024-81f3-f3826c227ec5	/n/data1/hms/dbmi/park/DATA/ICGC/PCAWG_Final_Datasets_DCC/consensus_snv_indel/merged_snv_mnv/e52ffa79-557a-4024-81f3-f3826c227ec5.consensus.20160830.somatic.snv_mnv.vcf.gz	/n/data1/hms/dbmi/park/DATA/ICGC/PCAWG_Final_Datasets_DCC/consensus_cnv/segmented_cn/e52ffa79-557a-4024-81f3-f3826c227ec5.consensus.20170119.somatic.cna.txt
e541b5b9-546d-47bc-acd6-4006ce0eec1d	/n/data1/hms/dbmi/park/DATA/ICGC/PCAWG_Final_Datasets_DCC/consensus_snv_indel/merged_snv_mnv/e541b5b9-546d-47bc-acd6-4006ce0eec1d.consensus.20160830.somatic.snv_mnv.vcf.gz	/n/data1/hms/dbmi/park/DATA/ICGC/PCAWG_Final_Datasets_DCC/consensus_cnv/segmented_cn/e541b5b9-546d-47bc-acd6-4006ce0eec1d.consensus.20170119.somatic.cna.txt
e5593865-5f8e-4a4c-b36f-73fbe64d66da	/n/data1/hms/dbmi/park/DATA/ICGC/PCAWG_Final_Datasets_DCC/consensus_snv_indel/merged_snv_mnv/e5593865-5f8e-4a4c-b36f-73fbe64d66da.consensus.20160830.somatic.snv_mnv.vcf.gz	/n/data1/hms/dbmi/park/DATA/ICGC/PCAWG_Final_Datasets_DCC/consensus_cnv/segmented_cn/e5593865-5f8e-4a4c-b36f-73fbe64d66da.consensus.20170119.somatic.cna.txt
e55f338f-97e2-4394-ae23-c92606069485	/n/data1/hms/dbmi/park/DATA/ICGC/PCAWG_Final_Datasets_DCC/consensus_snv_indel/merged_snv_mnv/e55f338f-97e2-4394-ae23-c92606069485.consensus.20160830.somatic.snv_mnv.vcf.gz	/n/data1/hms/dbmi/park/DATA/ICGC/PCAWG_Final_Datasets_DCC/consensus_cnv/segmented_cn/e55f338f-97e2-4394-ae23-c92606069485.consensus.20170119.somatic.cna.txt
e56b0990-ff67-47c1-b9ad-87ef1d4aa2ae	/n/data1/hms/dbmi/park/DATA/ICGC/PCAWG_Final_Datasets_DCC/consensus_snv_indel/merged_snv_mnv/e56b0990-ff67-47c1-b9ad-87ef1d4aa2ae.consensus.20160830.somatic.snv_mnv.vcf.gz	/n/data1/hms/dbmi/park/DATA/ICGC/PCAWG_Final_Datasets_DCC/consensus_cnv/segmented_cn/e56b0990-ff67-47c1-b9ad-87ef1d4aa2ae.consensus.20170119.somatic.cna.txt
e592e8db-b3d1-4ab5-ae0d-de4b5b4c0f1a	/n/data1/hms/dbmi/park/DATA/ICGC/PCAWG_Final_Datasets_DCC/consensus_snv_indel/merged_snv_mnv/e592e8db-b3d1-4ab5-ae0d-de4b5b4c0f1a.consensus.20160830.somatic.snv_mnv.vcf.gz	/n/data1/hms/dbmi/park/DATA/ICGC/PCAWG_Final_Datasets_DCC/consensus_cnv/segmented_cn/e592e8db-b3d1-4ab5-ae0d-de4b5b4c0f1a.consensus.20170119.somatic.cna.txt
e5c89fcf-cc57-4fad-a138-ea47ee9ea225	/n/data1/hms/dbmi/park/DATA/ICGC/PCAWG_Final_Datasets_DCC/consensus_snv_indel/merged_snv_mnv/e5c89fcf-cc57-4fad-a138-ea47ee9ea225.consensus.20160830.somatic.snv_mnv.vcf.gz	/n/data1/hms/dbmi/park/DATA/ICGC/PCAWG_Final_Datasets_DCC/consensus_cnv/segmented_cn/e5c89fcf-cc57-4fad-a138-ea47ee9ea225.consensus.20170119.somatic.cna.txt
e6168db0-d12f-4218-8ab9-bd704201cb2b	/n/data1/hms/dbmi/park/DATA/ICGC/PCAWG_Final_Datasets_DCC/consensus_snv_indel/merged_snv_mnv/e6168db0-d12f-4218-8ab9-bd704201cb2b.consensus.20160830.somatic.snv_mnv.vcf.gz	/n/data1/hms/dbmi/park/DATA/ICGC/PCAWG_Final_Datasets_DCC/consensus_cnv/segmented_cn/e6168db0-d12f-4218-8ab9-bd704201cb2b.consensus.20170119.somatic.cna.txt
e63fac5a-cc48-4ab4-b69d-3f0be6ad684d	/n/data1/hms/dbmi/park/DATA/ICGC/PCAWG_Final_Datasets_DCC/consensus_snv_indel/merged_snv_mnv/e63fac5a-cc48-4ab4-b69d-3f0be6ad684d.consensus.20160830.somatic.snv_mnv.vcf.gz	/n/data1/hms/dbmi/park/DATA/ICGC/PCAWG_Final_Datasets_DCC/consensus_cnv/segmented_cn/e63fac5a-cc48-4ab4-b69d-3f0be6ad684d.consensus.20170119.somatic.cna.txt
e64e9f76-c622-11e3-bf01-24c6515278c0	/n/data1/hms/dbmi/park/DATA/ICGC/PCAWG_Final_Datasets_DCC/consensus_snv_indel/merged_snv_mnv/e64e9f76-c622-11e3-bf01-24c6515278c0.consensus.20160830.somatic.snv_mnv.vcf.gz	/n/data1/hms/dbmi/park/DATA/ICGC/PCAWG_Final_Datasets_DCC/consensus_cnv/segmented_cn/e64e9f76-c622-11e3-bf01-24c6515278c0.consensus.20170119.somatic.cna.txt
e6772001-dffc-4fb4-86e9-6c395edd176d	/n/data1/hms/dbmi/park/DATA/ICGC/PCAWG_Final_Datasets_DCC/consensus_snv_indel/merged_snv_mnv/e6772001-dffc-4fb4-86e9-6c395edd176d.consensus.20160830.somatic.snv_mnv.vcf.gz	/n/data1/hms/dbmi/park/DATA/ICGC/PCAWG_Final_Datasets_DCC/consensus_cnv/segmented_cn/e6772001-dffc-4fb4-86e9-6c395edd176d.consensus.20170119.somatic.cna.txt
e6801359-d1d7-4871-b2fb-180674a2e469	/n/data1/hms/dbmi/park/DATA/ICGC/PCAWG_Final_Datasets_DCC/consensus_snv_indel/merged_snv_mnv/e6801359-d1d7-4871-b2fb-180674a2e469.consensus.20160830.somatic.snv_mnv.vcf.gz	/n/data1/hms/dbmi/park/DATA/ICGC/PCAWG_Final_Datasets_DCC/consensus_cnv/segmented_cn/e6801359-d1d7-4871-b2fb-180674a2e469.consensus.20170119.somatic.cna.txt
e68bc7b4-b6b1-4807-b52c-7c7a19cdc373	/n/data1/hms/dbmi/park/DATA/ICGC/PCAWG_Final_Datasets_DCC/consensus_snv_indel/merged_snv_mnv/e68bc7b4-b6b1-4807-b52c-7c7a19cdc373.consensus.20160830.somatic.snv_mnv.vcf.gz	/n/data1/hms/dbmi/park/DATA/ICGC/PCAWG_Final_Datasets_DCC/consensus_cnv/segmented_cn/e68bc7b4-b6b1-4807-b52c-7c7a19cdc373.consensus.20170119.somatic.cna.txt
e6c78a98-f45b-482b-a551-4f11b8c1ff8b	/n/data1/hms/dbmi/park/DATA/ICGC/PCAWG_Final_Datasets_DCC/consensus_snv_indel/merged_snv_mnv/e6c78a98-f45b-482b-a551-4f11b8c1ff8b.consensus.20160830.somatic.snv_mnv.vcf.gz	/n/data1/hms/dbmi/park/DATA/ICGC/PCAWG_Final_Datasets_DCC/consensus_cnv/segmented_cn/e6c78a98-f45b-482b-a551-4f11b8c1ff8b.consensus.20170119.somatic.cna.txt
e6eda5db-4d4f-418e-b0d4-ed9b3e5259d3	/n/data1/hms/dbmi/park/DATA/ICGC/PCAWG_Final_Datasets_DCC/consensus_snv_indel/merged_snv_mnv/e6eda5db-4d4f-418e-b0d4-ed9b3e5259d3.consensus.20160830.somatic.snv_mnv.vcf.gz	/n/data1/hms/dbmi/park/DATA/ICGC/PCAWG_Final_Datasets_DCC/consensus_cnv/segmented_cn/e6eda5db-4d4f-418e-b0d4-ed9b3e5259d3.consensus.20170119.somatic.cna.txt
e6f7344b-951f-4f3f-b140-7bf53164c462	/n/data1/hms/dbmi/park/DATA/ICGC/PCAWG_Final_Datasets_DCC/consensus_snv_indel/merged_snv_mnv/e6f7344b-951f-4f3f-b140-7bf53164c462.consensus.20160830.somatic.snv_mnv.vcf.gz	/n/data1/hms/dbmi/park/DATA/ICGC/PCAWG_Final_Datasets_DCC/consensus_cnv/segmented_cn/e6f7344b-951f-4f3f-b140-7bf53164c462.consensus.20170119.somatic.cna.txt
e7048a93-a1ed-4cdc-a1ab-fa507408ca77	/n/data1/hms/dbmi/park/DATA/ICGC/PCAWG_Final_Datasets_DCC/consensus_snv_indel/merged_snv_mnv/e7048a93-a1ed-4cdc-a1ab-fa507408ca77.consensus.20160830.somatic.snv_mnv.vcf.gz	/n/data1/hms/dbmi/park/DATA/ICGC/PCAWG_Final_Datasets_DCC/consensus_cnv/segmented_cn/e7048a93-a1ed-4cdc-a1ab-fa507408ca77.consensus.20170119.somatic.cna.txt
e7335a24-e5fc-4558-9eba-511c5a802320	/n/data1/hms/dbmi/park/DATA/ICGC/PCAWG_Final_Datasets_DCC/consensus_snv_indel/merged_snv_mnv/e7335a24-e5fc-4558-9eba-511c5a802320.consensus.20160830.somatic.snv_mnv.vcf.gz	/n/data1/hms/dbmi/park/DATA/ICGC/PCAWG_Final_Datasets_DCC/consensus_cnv/segmented_cn/e7335a24-e5fc-4558-9eba-511c5a802320.consensus.20170119.somatic.cna.txt
e75fbf08-c622-11e3-bf01-24c6515278c0	/n/data1/hms/dbmi/park/DATA/ICGC/PCAWG_Final_Datasets_DCC/consensus_snv_indel/merged_snv_mnv/e75fbf08-c622-11e3-bf01-24c6515278c0.consensus.20160830.somatic.snv_mnv.vcf.gz	/n/data1/hms/dbmi/park/DATA/ICGC/PCAWG_Final_Datasets_DCC/consensus_cnv/segmented_cn/e75fbf08-c622-11e3-bf01-24c6515278c0.consensus.20170119.somatic.cna.txt
e7603fc8-9b73-4c17-86f9-46ca1bceeb1d	/n/data1/hms/dbmi/park/DATA/ICGC/PCAWG_Final_Datasets_DCC/consensus_snv_indel/merged_snv_mnv/e7603fc8-9b73-4c17-86f9-46ca1bceeb1d.consensus.20160830.somatic.snv_mnv.vcf.gz	/n/data1/hms/dbmi/park/DATA/ICGC/PCAWG_Final_Datasets_DCC/consensus_cnv/segmented_cn/e7603fc8-9b73-4c17-86f9-46ca1bceeb1d.consensus.20170119.somatic.cna.txt
e76128b3-8629-4ffd-b02a-e3f0aae8b1a9	/n/data1/hms/dbmi/park/DATA/ICGC/PCAWG_Final_Datasets_DCC/consensus_snv_indel/merged_snv_mnv/e76128b3-8629-4ffd-b02a-e3f0aae8b1a9.consensus.20160830.somatic.snv_mnv.vcf.gz	/n/data1/hms/dbmi/park/DATA/ICGC/PCAWG_Final_Datasets_DCC/consensus_cnv/segmented_cn/e76128b3-8629-4ffd-b02a-e3f0aae8b1a9.consensus.20170119.somatic.cna.txt
e7a0889c-dd8c-4230-9c63-384f1f6ee577	/n/data1/hms/dbmi/park/DATA/ICGC/PCAWG_Final_Datasets_DCC/consensus_snv_indel/merged_snv_mnv/e7a0889c-dd8c-4230-9c63-384f1f6ee577.consensus.20160830.somatic.snv_mnv.vcf.gz	/n/data1/hms/dbmi/park/DATA/ICGC/PCAWG_Final_Datasets_DCC/consensus_cnv/segmented_cn/e7a0889c-dd8c-4230-9c63-384f1f6ee577.consensus.20170119.somatic.cna.txt
e7c90af0-4b03-453e-b44f-e07248415088	/n/data1/hms/dbmi/park/DATA/ICGC/PCAWG_Final_Datasets_DCC/consensus_snv_indel/merged_snv_mnv/e7c90af0-4b03-453e-b44f-e07248415088.consensus.20160830.somatic.snv_mnv.vcf.gz	/n/data1/hms/dbmi/park/DATA/ICGC/PCAWG_Final_Datasets_DCC/consensus_cnv/segmented_cn/e7c90af0-4b03-453e-b44f-e07248415088.consensus.20170119.somatic.cna.txt
e7d74d34-3255-4c20-90fd-b105e6e229c8	/n/data1/hms/dbmi/park/DATA/ICGC/PCAWG_Final_Datasets_DCC/consensus_snv_indel/merged_snv_mnv/e7d74d34-3255-4c20-90fd-b105e6e229c8.consensus.20160830.somatic.snv_mnv.vcf.gz	/n/data1/hms/dbmi/park/DATA/ICGC/PCAWG_Final_Datasets_DCC/consensus_cnv/segmented_cn/e7d74d34-3255-4c20-90fd-b105e6e229c8.consensus.20170119.somatic.cna.txt
e7dc7492-3a84-49c7-8dea-8f508b53dc40	/n/data1/hms/dbmi/park/DATA/ICGC/PCAWG_Final_Datasets_DCC/consensus_snv_indel/merged_snv_mnv/e7dc7492-3a84-49c7-8dea-8f508b53dc40.consensus.20160830.somatic.snv_mnv.vcf.gz	/n/data1/hms/dbmi/park/DATA/ICGC/PCAWG_Final_Datasets_DCC/consensus_cnv/segmented_cn/e7dc7492-3a84-49c7-8dea-8f508b53dc40.consensus.20170119.somatic.cna.txt
e7ebc6fb-0926-4c8a-a67b-0c6b9c1ffaba	/n/data1/hms/dbmi/park/DATA/ICGC/PCAWG_Final_Datasets_DCC/consensus_snv_indel/merged_snv_mnv/e7ebc6fb-0926-4c8a-a67b-0c6b9c1ffaba.consensus.20160830.somatic.snv_mnv.vcf.gz	/n/data1/hms/dbmi/park/DATA/ICGC/PCAWG_Final_Datasets_DCC/consensus_cnv/segmented_cn/e7ebc6fb-0926-4c8a-a67b-0c6b9c1ffaba.consensus.20170119.somatic.cna.txt
e8392f20-c9e3-4649-b64f-5b266c393a76	/n/data1/hms/dbmi/park/DATA/ICGC/PCAWG_Final_Datasets_DCC/consensus_snv_indel/merged_snv_mnv/e8392f20-c9e3-4649-b64f-5b266c393a76.consensus.20160830.somatic.snv_mnv.vcf.gz	/n/data1/hms/dbmi/park/DATA/ICGC/PCAWG_Final_Datasets_DCC/consensus_cnv/segmented_cn/e8392f20-c9e3-4649-b64f-5b266c393a76.consensus.20170119.somatic.cna.txt
e84debc4-b47d-48ed-a0d0-2859f0ebf987	/n/data1/hms/dbmi/park/DATA/ICGC/PCAWG_Final_Datasets_DCC/consensus_snv_indel/merged_snv_mnv/e84debc4-b47d-48ed-a0d0-2859f0ebf987.consensus.20160830.somatic.snv_mnv.vcf.gz	/n/data1/hms/dbmi/park/DATA/ICGC/PCAWG_Final_Datasets_DCC/consensus_cnv/segmented_cn/e84debc4-b47d-48ed-a0d0-2859f0ebf987.consensus.20170119.somatic.cna.txt
e84e0649-a2e8-4873-9cb6-1aa65601ae3a	/n/data1/hms/dbmi/park/DATA/ICGC/PCAWG_Final_Datasets_DCC/consensus_snv_indel/merged_snv_mnv/e84e0649-a2e8-4873-9cb6-1aa65601ae3a.consensus.20160830.somatic.snv_mnv.vcf.gz	/n/data1/hms/dbmi/park/DATA/ICGC/PCAWG_Final_Datasets_DCC/consensus_cnv/segmented_cn/e84e0649-a2e8-4873-9cb6-1aa65601ae3a.consensus.20170119.somatic.cna.txt
e88397a6-c622-11e3-bf01-24c6515278c0	/n/data1/hms/dbmi/park/DATA/ICGC/PCAWG_Final_Datasets_DCC/consensus_snv_indel/merged_snv_mnv/e88397a6-c622-11e3-bf01-24c6515278c0.consensus.20160830.somatic.snv_mnv.vcf.gz	/n/data1/hms/dbmi/park/DATA/ICGC/PCAWG_Final_Datasets_DCC/consensus_cnv/segmented_cn/e88397a6-c622-11e3-bf01-24c6515278c0.consensus.20170119.somatic.cna.txt
e89e9c69-ffcd-4a4c-818d-1dee43ddc76a	/n/data1/hms/dbmi/park/DATA/ICGC/PCAWG_Final_Datasets_DCC/consensus_snv_indel/merged_snv_mnv/e89e9c69-ffcd-4a4c-818d-1dee43ddc76a.consensus.20160830.somatic.snv_mnv.vcf.gz	/n/data1/hms/dbmi/park/DATA/ICGC/PCAWG_Final_Datasets_DCC/consensus_cnv/segmented_cn/e89e9c69-ffcd-4a4c-818d-1dee43ddc76a.consensus.20170119.somatic.cna.txt
e9032df3-8692-4146-a867-b9b64c9b310a	/n/data1/hms/dbmi/park/DATA/ICGC/PCAWG_Final_Datasets_DCC/consensus_snv_indel/merged_snv_mnv/e9032df3-8692-4146-a867-b9b64c9b310a.consensus.20160830.somatic.snv_mnv.vcf.gz	/n/data1/hms/dbmi/park/DATA/ICGC/PCAWG_Final_Datasets_DCC/consensus_cnv/segmented_cn/e9032df3-8692-4146-a867-b9b64c9b310a.consensus.20170119.somatic.cna.txt
e91ab7da-79a6-4ea0-bc24-7aacb39f7614	/n/data1/hms/dbmi/park/DATA/ICGC/PCAWG_Final_Datasets_DCC/consensus_snv_indel/merged_snv_mnv/e91ab7da-79a6-4ea0-bc24-7aacb39f7614.consensus.20160830.somatic.snv_mnv.vcf.gz	/n/data1/hms/dbmi/park/DATA/ICGC/PCAWG_Final_Datasets_DCC/consensus_cnv/segmented_cn/e91ab7da-79a6-4ea0-bc24-7aacb39f7614.consensus.20170119.somatic.cna.txt
e93b0979-65ef-4883-9b6e-39eb17966e66	/n/data1/hms/dbmi/park/DATA/ICGC/PCAWG_Final_Datasets_DCC/consensus_snv_indel/merged_snv_mnv/e93b0979-65ef-4883-9b6e-39eb17966e66.consensus.20160830.somatic.snv_mnv.vcf.gz	/n/data1/hms/dbmi/park/DATA/ICGC/PCAWG_Final_Datasets_DCC/consensus_cnv/segmented_cn/e93b0979-65ef-4883-9b6e-39eb17966e66.consensus.20170119.somatic.cna.txt
e9445993-854d-44fc-a063-eacf70222fdf	/n/data1/hms/dbmi/park/DATA/ICGC/PCAWG_Final_Datasets_DCC/consensus_snv_indel/merged_snv_mnv/e9445993-854d-44fc-a063-eacf70222fdf.consensus.20160830.somatic.snv_mnv.vcf.gz	/n/data1/hms/dbmi/park/DATA/ICGC/PCAWG_Final_Datasets_DCC/consensus_cnv/segmented_cn/e9445993-854d-44fc-a063-eacf70222fdf.consensus.20170119.somatic.cna.txt
e97ea3d7-9fcd-4df1-9ea8-587cb3be75ec	/n/data1/hms/dbmi/park/DATA/ICGC/PCAWG_Final_Datasets_DCC/consensus_snv_indel/merged_snv_mnv/e97ea3d7-9fcd-4df1-9ea8-587cb3be75ec.consensus.20160830.somatic.snv_mnv.vcf.gz	/n/data1/hms/dbmi/park/DATA/ICGC/PCAWG_Final_Datasets_DCC/consensus_cnv/segmented_cn/e97ea3d7-9fcd-4df1-9ea8-587cb3be75ec.consensus.20170119.somatic.cna.txt
e98e4e23-a139-4fff-b017-35f3f976eddd	/n/data1/hms/dbmi/park/DATA/ICGC/PCAWG_Final_Datasets_DCC/consensus_snv_indel/merged_snv_mnv/e98e4e23-a139-4fff-b017-35f3f976eddd.consensus.20160830.somatic.snv_mnv.vcf.gz	/n/data1/hms/dbmi/park/DATA/ICGC/PCAWG_Final_Datasets_DCC/consensus_cnv/segmented_cn/e98e4e23-a139-4fff-b017-35f3f976eddd.consensus.20170119.somatic.cna.txt
e99ccc0c-c622-11e3-bf01-24c6515278c0	/n/data1/hms/dbmi/park/DATA/ICGC/PCAWG_Final_Datasets_DCC/consensus_snv_indel/merged_snv_mnv/e99ccc0c-c622-11e3-bf01-24c6515278c0.consensus.20160830.somatic.snv_mnv.vcf.gz	/n/data1/hms/dbmi/park/DATA/ICGC/PCAWG_Final_Datasets_DCC/consensus_cnv/segmented_cn/e99ccc0c-c622-11e3-bf01-24c6515278c0.consensus.20170119.somatic.cna.txt
e9cb8877-8e83-46c0-93f0-ea20530c9400	/n/data1/hms/dbmi/park/DATA/ICGC/PCAWG_Final_Datasets_DCC/consensus_snv_indel/merged_snv_mnv/e9cb8877-8e83-46c0-93f0-ea20530c9400.consensus.20160830.somatic.snv_mnv.vcf.gz	/n/data1/hms/dbmi/park/DATA/ICGC/PCAWG_Final_Datasets_DCC/consensus_cnv/segmented_cn/e9cb8877-8e83-46c0-93f0-ea20530c9400.consensus.20170119.somatic.cna.txt
e9d607e8-41c3-4210-870b-a9ab9b1d1c8c	/n/data1/hms/dbmi/park/DATA/ICGC/PCAWG_Final_Datasets_DCC/consensus_snv_indel/merged_snv_mnv/e9d607e8-41c3-4210-870b-a9ab9b1d1c8c.consensus.20160830.somatic.snv_mnv.vcf.gz	/n/data1/hms/dbmi/park/DATA/ICGC/PCAWG_Final_Datasets_DCC/consensus_cnv/segmented_cn/e9d607e8-41c3-4210-870b-a9ab9b1d1c8c.consensus.20170119.somatic.cna.txt
e9d98643-01ee-40c3-a617-e004559625cd	/n/data1/hms/dbmi/park/DATA/ICGC/PCAWG_Final_Datasets_DCC/consensus_snv_indel/merged_snv_mnv/e9d98643-01ee-40c3-a617-e004559625cd.consensus.20160830.somatic.snv_mnv.vcf.gz	/n/data1/hms/dbmi/park/DATA/ICGC/PCAWG_Final_Datasets_DCC/consensus_cnv/segmented_cn/e9d98643-01ee-40c3-a617-e004559625cd.consensus.20170119.somatic.cna.txt
ea121956-77f5-4da3-ab15-0b825469eafe	/n/data1/hms/dbmi/park/DATA/ICGC/PCAWG_Final_Datasets_DCC/consensus_snv_indel/merged_snv_mnv/ea121956-77f5-4da3-ab15-0b825469eafe.consensus.20160830.somatic.snv_mnv.vcf.gz	/n/data1/hms/dbmi/park/DATA/ICGC/PCAWG_Final_Datasets_DCC/consensus_cnv/segmented_cn/ea121956-77f5-4da3-ab15-0b825469eafe.consensus.20170119.somatic.cna.txt
ea1cac20-88c1-4257-9cdb-d2890eb2e123	/n/data1/hms/dbmi/park/DATA/ICGC/PCAWG_Final_Datasets_DCC/consensus_snv_indel/merged_snv_mnv/ea1cac20-88c1-4257-9cdb-d2890eb2e123.consensus.20160830.somatic.snv_mnv.vcf.gz	/n/data1/hms/dbmi/park/DATA/ICGC/PCAWG_Final_Datasets_DCC/consensus_cnv/segmented_cn/ea1cac20-88c1-4257-9cdb-d2890eb2e123.consensus.20170119.somatic.cna.txt
ea2055d1-7b8b-4aaf-9a70-8802f4deef9b	/n/data1/hms/dbmi/park/DATA/ICGC/PCAWG_Final_Datasets_DCC/consensus_snv_indel/merged_snv_mnv/ea2055d1-7b8b-4aaf-9a70-8802f4deef9b.consensus.20160830.somatic.snv_mnv.vcf.gz	/n/data1/hms/dbmi/park/DATA/ICGC/PCAWG_Final_Datasets_DCC/consensus_cnv/segmented_cn/ea2055d1-7b8b-4aaf-9a70-8802f4deef9b.consensus.20170119.somatic.cna.txt
ea351a5c-2982-4499-b631-c003deff7d33	/n/data1/hms/dbmi/park/DATA/ICGC/PCAWG_Final_Datasets_DCC/consensus_snv_indel/merged_snv_mnv/ea351a5c-2982-4499-b631-c003deff7d33.consensus.20160830.somatic.snv_mnv.vcf.gz	/n/data1/hms/dbmi/park/DATA/ICGC/PCAWG_Final_Datasets_DCC/consensus_cnv/segmented_cn/ea351a5c-2982-4499-b631-c003deff7d33.consensus.20170119.somatic.cna.txt
ea43434b-197e-48ac-ae2e-46bc7f3776de	/n/data1/hms/dbmi/park/DATA/ICGC/PCAWG_Final_Datasets_DCC/consensus_snv_indel/merged_snv_mnv/ea43434b-197e-48ac-ae2e-46bc7f3776de.consensus.20160830.somatic.snv_mnv.vcf.gz	/n/data1/hms/dbmi/park/DATA/ICGC/PCAWG_Final_Datasets_DCC/consensus_cnv/segmented_cn/ea43434b-197e-48ac-ae2e-46bc7f3776de.consensus.20170119.somatic.cna.txt
ea4a5ca7-86f9-47c7-81be-0c2c669a999f	/n/data1/hms/dbmi/park/DATA/ICGC/PCAWG_Final_Datasets_DCC/consensus_snv_indel/merged_snv_mnv/ea4a5ca7-86f9-47c7-81be-0c2c669a999f.consensus.20160830.somatic.snv_mnv.vcf.gz	/n/data1/hms/dbmi/park/DATA/ICGC/PCAWG_Final_Datasets_DCC/consensus_cnv/segmented_cn/ea4a5ca7-86f9-47c7-81be-0c2c669a999f.consensus.20170119.somatic.cna.txt
ea6efcd1-11de-45f0-8bde-f1c06ad27e79	/n/data1/hms/dbmi/park/DATA/ICGC/PCAWG_Final_Datasets_DCC/consensus_snv_indel/merged_snv_mnv/ea6efcd1-11de-45f0-8bde-f1c06ad27e79.consensus.20160830.somatic.snv_mnv.vcf.gz	/n/data1/hms/dbmi/park/DATA/ICGC/PCAWG_Final_Datasets_DCC/consensus_cnv/segmented_cn/ea6efcd1-11de-45f0-8bde-f1c06ad27e79.consensus.20170119.somatic.cna.txt
ea7d37ca-0dac-4ae6-ad03-97c6df3d116d	/n/data1/hms/dbmi/park/DATA/ICGC/PCAWG_Final_Datasets_DCC/consensus_snv_indel/merged_snv_mnv/ea7d37ca-0dac-4ae6-ad03-97c6df3d116d.consensus.20160830.somatic.snv_mnv.vcf.gz	/n/data1/hms/dbmi/park/DATA/ICGC/PCAWG_Final_Datasets_DCC/consensus_cnv/segmented_cn/ea7d37ca-0dac-4ae6-ad03-97c6df3d116d.consensus.20170119.somatic.cna.txt
ea83f4e6-d2fa-481e-9e2f-e0489f3cbc93	/n/data1/hms/dbmi/park/DATA/ICGC/PCAWG_Final_Datasets_DCC/consensus_snv_indel/merged_snv_mnv/ea83f4e6-d2fa-481e-9e2f-e0489f3cbc93.consensus.20160830.somatic.snv_mnv.vcf.gz	/n/data1/hms/dbmi/park/DATA/ICGC/PCAWG_Final_Datasets_DCC/consensus_cnv/segmented_cn/ea83f4e6-d2fa-481e-9e2f-e0489f3cbc93.consensus.20170119.somatic.cna.txt
eab71331-53d3-4cf5-96c9-5121a3962c27	/n/data1/hms/dbmi/park/DATA/ICGC/PCAWG_Final_Datasets_DCC/consensus_snv_indel/merged_snv_mnv/eab71331-53d3-4cf5-96c9-5121a3962c27.consensus.20160830.somatic.snv_mnv.vcf.gz	/n/data1/hms/dbmi/park/DATA/ICGC/PCAWG_Final_Datasets_DCC/consensus_cnv/segmented_cn/eab71331-53d3-4cf5-96c9-5121a3962c27.consensus.20170119.somatic.cna.txt
ead1bc2e-42c3-46d9-8f6f-8cb16ba9d2c3	/n/data1/hms/dbmi/park/DATA/ICGC/PCAWG_Final_Datasets_DCC/consensus_snv_indel/merged_snv_mnv/ead1bc2e-42c3-46d9-8f6f-8cb16ba9d2c3.consensus.20160830.somatic.snv_mnv.vcf.gz	/n/data1/hms/dbmi/park/DATA/ICGC/PCAWG_Final_Datasets_DCC/consensus_cnv/segmented_cn/ead1bc2e-42c3-46d9-8f6f-8cb16ba9d2c3.consensus.20170119.somatic.cna.txt
eae45fbe-9f7d-4f59-a0a9-1f0f0d69afc4	/n/data1/hms/dbmi/park/DATA/ICGC/PCAWG_Final_Datasets_DCC/consensus_snv_indel/merged_snv_mnv/eae45fbe-9f7d-4f59-a0a9-1f0f0d69afc4.consensus.20160830.somatic.snv_mnv.vcf.gz	/n/data1/hms/dbmi/park/DATA/ICGC/PCAWG_Final_Datasets_DCC/consensus_cnv/segmented_cn/eae45fbe-9f7d-4f59-a0a9-1f0f0d69afc4.consensus.20170119.somatic.cna.txt
eb1531b0-8af1-4b2b-9192-644cb47101fc	/n/data1/hms/dbmi/park/DATA/ICGC/PCAWG_Final_Datasets_DCC/consensus_snv_indel/merged_snv_mnv/eb1531b0-8af1-4b2b-9192-644cb47101fc.consensus.20160830.somatic.snv_mnv.vcf.gz	/n/data1/hms/dbmi/park/DATA/ICGC/PCAWG_Final_Datasets_DCC/consensus_cnv/segmented_cn/eb1531b0-8af1-4b2b-9192-644cb47101fc.consensus.20170119.somatic.cna.txt
eb1792ee-6946-4e0d-bdd1-c924328dba5d	/n/data1/hms/dbmi/park/DATA/ICGC/PCAWG_Final_Datasets_DCC/consensus_snv_indel/merged_snv_mnv/eb1792ee-6946-4e0d-bdd1-c924328dba5d.consensus.20160830.somatic.snv_mnv.vcf.gz	/n/data1/hms/dbmi/park/DATA/ICGC/PCAWG_Final_Datasets_DCC/consensus_cnv/segmented_cn/eb1792ee-6946-4e0d-bdd1-c924328dba5d.consensus.20170119.somatic.cna.txt
eb18e71d-2a27-4eae-aa27-4b2c0716d2ba	/n/data1/hms/dbmi/park/DATA/ICGC/PCAWG_Final_Datasets_DCC/consensus_snv_indel/merged_snv_mnv/eb18e71d-2a27-4eae-aa27-4b2c0716d2ba.consensus.20160830.somatic.snv_mnv.vcf.gz	/n/data1/hms/dbmi/park/DATA/ICGC/PCAWG_Final_Datasets_DCC/consensus_cnv/segmented_cn/eb18e71d-2a27-4eae-aa27-4b2c0716d2ba.consensus.20170119.somatic.cna.txt
eb588266-c622-11e3-bf01-24c6515278c0	/n/data1/hms/dbmi/park/DATA/ICGC/PCAWG_Final_Datasets_DCC/consensus_snv_indel/merged_snv_mnv/eb588266-c622-11e3-bf01-24c6515278c0.consensus.20160830.somatic.snv_mnv.vcf.gz	/n/data1/hms/dbmi/park/DATA/ICGC/PCAWG_Final_Datasets_DCC/consensus_cnv/segmented_cn/eb588266-c622-11e3-bf01-24c6515278c0.consensus.20170119.somatic.cna.txt
eb59b79f-bd36-4bf4-83e3-2af73bd1d30a	/n/data1/hms/dbmi/park/DATA/ICGC/PCAWG_Final_Datasets_DCC/consensus_snv_indel/merged_snv_mnv/eb59b79f-bd36-4bf4-83e3-2af73bd1d30a.consensus.20160830.somatic.snv_mnv.vcf.gz	/n/data1/hms/dbmi/park/DATA/ICGC/PCAWG_Final_Datasets_DCC/consensus_cnv/segmented_cn/eb59b79f-bd36-4bf4-83e3-2af73bd1d30a.consensus.20170119.somatic.cna.txt
eb9a8f12-6451-43cc-95b3-2e86cf704c96	/n/data1/hms/dbmi/park/DATA/ICGC/PCAWG_Final_Datasets_DCC/consensus_snv_indel/merged_snv_mnv/eb9a8f12-6451-43cc-95b3-2e86cf704c96.consensus.20160830.somatic.snv_mnv.vcf.gz	/n/data1/hms/dbmi/park/DATA/ICGC/PCAWG_Final_Datasets_DCC/consensus_cnv/segmented_cn/eb9a8f12-6451-43cc-95b3-2e86cf704c96.consensus.20170119.somatic.cna.txt
eba6d269-27f8-4e50-b59a-5d639bdd5cff	/n/data1/hms/dbmi/park/DATA/ICGC/PCAWG_Final_Datasets_DCC/consensus_snv_indel/merged_snv_mnv/eba6d269-27f8-4e50-b59a-5d639bdd5cff.consensus.20160830.somatic.snv_mnv.vcf.gz	/n/data1/hms/dbmi/park/DATA/ICGC/PCAWG_Final_Datasets_DCC/consensus_cnv/segmented_cn/eba6d269-27f8-4e50-b59a-5d639bdd5cff.consensus.20170119.somatic.cna.txt
ebc1a26b-9582-4756-acd5-b02d1152319d	/n/data1/hms/dbmi/park/DATA/ICGC/PCAWG_Final_Datasets_DCC/consensus_snv_indel/merged_snv_mnv/ebc1a26b-9582-4756-acd5-b02d1152319d.consensus.20160830.somatic.snv_mnv.vcf.gz	/n/data1/hms/dbmi/park/DATA/ICGC/PCAWG_Final_Datasets_DCC/consensus_cnv/segmented_cn/ebc1a26b-9582-4756-acd5-b02d1152319d.consensus.20170119.somatic.cna.txt
ebe0ed67-2d3f-45cd-8f9b-4912595b16a0	/n/data1/hms/dbmi/park/DATA/ICGC/PCAWG_Final_Datasets_DCC/consensus_snv_indel/merged_snv_mnv/ebe0ed67-2d3f-45cd-8f9b-4912595b16a0.consensus.20160830.somatic.snv_mnv.vcf.gz	/n/data1/hms/dbmi/park/DATA/ICGC/PCAWG_Final_Datasets_DCC/consensus_cnv/segmented_cn/ebe0ed67-2d3f-45cd-8f9b-4912595b16a0.consensus.20170119.somatic.cna.txt
ebe80d6c-7513-4f5e-9919-669b6d1fa68c	/n/data1/hms/dbmi/park/DATA/ICGC/PCAWG_Final_Datasets_DCC/consensus_snv_indel/merged_snv_mnv/ebe80d6c-7513-4f5e-9919-669b6d1fa68c.consensus.20160830.somatic.snv_mnv.vcf.gz	/n/data1/hms/dbmi/park/DATA/ICGC/PCAWG_Final_Datasets_DCC/consensus_cnv/segmented_cn/ebe80d6c-7513-4f5e-9919-669b6d1fa68c.consensus.20170119.somatic.cna.txt
ec16d1f5-f8a9-4c19-8cce-92f6ea9eb3f7	/n/data1/hms/dbmi/park/DATA/ICGC/PCAWG_Final_Datasets_DCC/consensus_snv_indel/merged_snv_mnv/ec16d1f5-f8a9-4c19-8cce-92f6ea9eb3f7.consensus.20160830.somatic.snv_mnv.vcf.gz	/n/data1/hms/dbmi/park/DATA/ICGC/PCAWG_Final_Datasets_DCC/consensus_cnv/segmented_cn/ec16d1f5-f8a9-4c19-8cce-92f6ea9eb3f7.consensus.20170119.somatic.cna.txt
ec23a354-e339-4466-9a1b-8e886ef627e6	/n/data1/hms/dbmi/park/DATA/ICGC/PCAWG_Final_Datasets_DCC/consensus_snv_indel/merged_snv_mnv/ec23a354-e339-4466-9a1b-8e886ef627e6.consensus.20160830.somatic.snv_mnv.vcf.gz	/n/data1/hms/dbmi/park/DATA/ICGC/PCAWG_Final_Datasets_DCC/consensus_cnv/segmented_cn/ec23a354-e339-4466-9a1b-8e886ef627e6.consensus.20170119.somatic.cna.txt
ec31e921-0782-4f77-ac23-4190af1e61ee	/n/data1/hms/dbmi/park/DATA/ICGC/PCAWG_Final_Datasets_DCC/consensus_snv_indel/merged_snv_mnv/ec31e921-0782-4f77-ac23-4190af1e61ee.consensus.20160830.somatic.snv_mnv.vcf.gz	/n/data1/hms/dbmi/park/DATA/ICGC/PCAWG_Final_Datasets_DCC/consensus_cnv/segmented_cn/ec31e921-0782-4f77-ac23-4190af1e61ee.consensus.20170119.somatic.cna.txt
ec399861-7a56-4ffd-8619-700b6e3a4367	/n/data1/hms/dbmi/park/DATA/ICGC/PCAWG_Final_Datasets_DCC/consensus_snv_indel/merged_snv_mnv/ec399861-7a56-4ffd-8619-700b6e3a4367.consensus.20160830.somatic.snv_mnv.vcf.gz	/n/data1/hms/dbmi/park/DATA/ICGC/PCAWG_Final_Datasets_DCC/consensus_cnv/segmented_cn/ec399861-7a56-4ffd-8619-700b6e3a4367.consensus.20170119.somatic.cna.txt
ec474dfa-527c-44f3-9224-bf1c858cabfc	/n/data1/hms/dbmi/park/DATA/ICGC/PCAWG_Final_Datasets_DCC/consensus_snv_indel/merged_snv_mnv/ec474dfa-527c-44f3-9224-bf1c858cabfc.consensus.20160830.somatic.snv_mnv.vcf.gz	/n/data1/hms/dbmi/park/DATA/ICGC/PCAWG_Final_Datasets_DCC/consensus_cnv/segmented_cn/ec474dfa-527c-44f3-9224-bf1c858cabfc.consensus.20170119.somatic.cna.txt
ec4d4cbc-d5d1-418d-a292-cad9576624fd	/n/data1/hms/dbmi/park/DATA/ICGC/PCAWG_Final_Datasets_DCC/consensus_snv_indel/merged_snv_mnv/ec4d4cbc-d5d1-418d-a292-cad9576624fd.consensus.20160830.somatic.snv_mnv.vcf.gz	/n/data1/hms/dbmi/park/DATA/ICGC/PCAWG_Final_Datasets_DCC/consensus_cnv/segmented_cn/ec4d4cbc-d5d1-418d-a292-cad9576624fd.consensus.20170119.somatic.cna.txt
ec5e2990-c622-11e3-bf01-24c6515278c0	/n/data1/hms/dbmi/park/DATA/ICGC/PCAWG_Final_Datasets_DCC/consensus_snv_indel/merged_snv_mnv/ec5e2990-c622-11e3-bf01-24c6515278c0.consensus.20160830.somatic.snv_mnv.vcf.gz	/n/data1/hms/dbmi/park/DATA/ICGC/PCAWG_Final_Datasets_DCC/consensus_cnv/segmented_cn/ec5e2990-c622-11e3-bf01-24c6515278c0.consensus.20170119.somatic.cna.txt
ec646623-6d33-4fbd-888e-89f55d82eb11	/n/data1/hms/dbmi/park/DATA/ICGC/PCAWG_Final_Datasets_DCC/consensus_snv_indel/merged_snv_mnv/ec646623-6d33-4fbd-888e-89f55d82eb11.consensus.20160830.somatic.snv_mnv.vcf.gz	/n/data1/hms/dbmi/park/DATA/ICGC/PCAWG_Final_Datasets_DCC/consensus_cnv/segmented_cn/ec646623-6d33-4fbd-888e-89f55d82eb11.consensus.20170119.somatic.cna.txt
ece0f3a4-a204-4c52-bb1f-88d44a875b2e	/n/data1/hms/dbmi/park/DATA/ICGC/PCAWG_Final_Datasets_DCC/consensus_snv_indel/merged_snv_mnv/ece0f3a4-a204-4c52-bb1f-88d44a875b2e.consensus.20160830.somatic.snv_mnv.vcf.gz	/n/data1/hms/dbmi/park/DATA/ICGC/PCAWG_Final_Datasets_DCC/consensus_cnv/segmented_cn/ece0f3a4-a204-4c52-bb1f-88d44a875b2e.consensus.20170119.somatic.cna.txt
ecf4e05a-0912-4b93-ad66-323002f0c845	/n/data1/hms/dbmi/park/DATA/ICGC/PCAWG_Final_Datasets_DCC/consensus_snv_indel/merged_snv_mnv/ecf4e05a-0912-4b93-ad66-323002f0c845.consensus.20160830.somatic.snv_mnv.vcf.gz	/n/data1/hms/dbmi/park/DATA/ICGC/PCAWG_Final_Datasets_DCC/consensus_cnv/segmented_cn/ecf4e05a-0912-4b93-ad66-323002f0c845.consensus.20170119.somatic.cna.txt
ecfe388a-99f5-44b9-9226-a6ae6d892538	/n/data1/hms/dbmi/park/DATA/ICGC/PCAWG_Final_Datasets_DCC/consensus_snv_indel/merged_snv_mnv/ecfe388a-99f5-44b9-9226-a6ae6d892538.consensus.20160830.somatic.snv_mnv.vcf.gz	/n/data1/hms/dbmi/park/DATA/ICGC/PCAWG_Final_Datasets_DCC/consensus_cnv/segmented_cn/ecfe388a-99f5-44b9-9226-a6ae6d892538.consensus.20170119.somatic.cna.txt
ed1f5a41-921f-469a-bc04-306a5435e067	/n/data1/hms/dbmi/park/DATA/ICGC/PCAWG_Final_Datasets_DCC/consensus_snv_indel/merged_snv_mnv/ed1f5a41-921f-469a-bc04-306a5435e067.consensus.20160830.somatic.snv_mnv.vcf.gz	/n/data1/hms/dbmi/park/DATA/ICGC/PCAWG_Final_Datasets_DCC/consensus_cnv/segmented_cn/ed1f5a41-921f-469a-bc04-306a5435e067.consensus.20170119.somatic.cna.txt
ed32c725-08ae-48eb-8fa2-719b9aeb7550	/n/data1/hms/dbmi/park/DATA/ICGC/PCAWG_Final_Datasets_DCC/consensus_snv_indel/merged_snv_mnv/ed32c725-08ae-48eb-8fa2-719b9aeb7550.consensus.20160830.somatic.snv_mnv.vcf.gz	/n/data1/hms/dbmi/park/DATA/ICGC/PCAWG_Final_Datasets_DCC/consensus_cnv/segmented_cn/ed32c725-08ae-48eb-8fa2-719b9aeb7550.consensus.20170119.somatic.cna.txt
ed46bb2e-97e3-4914-a086-de80e00d6ee8	/n/data1/hms/dbmi/park/DATA/ICGC/PCAWG_Final_Datasets_DCC/consensus_snv_indel/merged_snv_mnv/ed46bb2e-97e3-4914-a086-de80e00d6ee8.consensus.20160830.somatic.snv_mnv.vcf.gz	/n/data1/hms/dbmi/park/DATA/ICGC/PCAWG_Final_Datasets_DCC/consensus_cnv/segmented_cn/ed46bb2e-97e3-4914-a086-de80e00d6ee8.consensus.20170119.somatic.cna.txt
ed4b53cb-5473-4bc1-9d84-0b0ad93cbd57	/n/data1/hms/dbmi/park/DATA/ICGC/PCAWG_Final_Datasets_DCC/consensus_snv_indel/merged_snv_mnv/ed4b53cb-5473-4bc1-9d84-0b0ad93cbd57.consensus.20160830.somatic.snv_mnv.vcf.gz	/n/data1/hms/dbmi/park/DATA/ICGC/PCAWG_Final_Datasets_DCC/consensus_cnv/segmented_cn/ed4b53cb-5473-4bc1-9d84-0b0ad93cbd57.consensus.20170119.somatic.cna.txt
ed52e836-c622-11e3-bf01-24c6515278c0	/n/data1/hms/dbmi/park/DATA/ICGC/PCAWG_Final_Datasets_DCC/consensus_snv_indel/merged_snv_mnv/ed52e836-c622-11e3-bf01-24c6515278c0.consensus.20160830.somatic.snv_mnv.vcf.gz	/n/data1/hms/dbmi/park/DATA/ICGC/PCAWG_Final_Datasets_DCC/consensus_cnv/segmented_cn/ed52e836-c622-11e3-bf01-24c6515278c0.consensus.20170119.somatic.cna.txt
ed7be9ae-e603-4731-8d91-a8285abaee33	/n/data1/hms/dbmi/park/DATA/ICGC/PCAWG_Final_Datasets_DCC/consensus_snv_indel/merged_snv_mnv/ed7be9ae-e603-4731-8d91-a8285abaee33.consensus.20160830.somatic.snv_mnv.vcf.gz	/n/data1/hms/dbmi/park/DATA/ICGC/PCAWG_Final_Datasets_DCC/consensus_cnv/segmented_cn/ed7be9ae-e603-4731-8d91-a8285abaee33.consensus.20170119.somatic.cna.txt
eda1d8d9-e8f5-46f2-bb16-15d0b10c2cf9	/n/data1/hms/dbmi/park/DATA/ICGC/PCAWG_Final_Datasets_DCC/consensus_snv_indel/merged_snv_mnv/eda1d8d9-e8f5-46f2-bb16-15d0b10c2cf9.consensus.20160830.somatic.snv_mnv.vcf.gz	/n/data1/hms/dbmi/park/DATA/ICGC/PCAWG_Final_Datasets_DCC/consensus_cnv/segmented_cn/eda1d8d9-e8f5-46f2-bb16-15d0b10c2cf9.consensus.20170119.somatic.cna.txt
edac1323-2497-45e6-9148-e9c955292ba2	/n/data1/hms/dbmi/park/DATA/ICGC/PCAWG_Final_Datasets_DCC/consensus_snv_indel/merged_snv_mnv/edac1323-2497-45e6-9148-e9c955292ba2.consensus.20160830.somatic.snv_mnv.vcf.gz	/n/data1/hms/dbmi/park/DATA/ICGC/PCAWG_Final_Datasets_DCC/consensus_cnv/segmented_cn/edac1323-2497-45e6-9148-e9c955292ba2.consensus.20170119.somatic.cna.txt
edc070db-b768-478f-ae75-4c4012bdc3fe	/n/data1/hms/dbmi/park/DATA/ICGC/PCAWG_Final_Datasets_DCC/consensus_snv_indel/merged_snv_mnv/edc070db-b768-478f-ae75-4c4012bdc3fe.consensus.20160830.somatic.snv_mnv.vcf.gz	/n/data1/hms/dbmi/park/DATA/ICGC/PCAWG_Final_Datasets_DCC/consensus_cnv/segmented_cn/edc070db-b768-478f-ae75-4c4012bdc3fe.consensus.20170119.somatic.cna.txt
edc8839f-fa6b-41e0-ad49-f688073730bd	/n/data1/hms/dbmi/park/DATA/ICGC/PCAWG_Final_Datasets_DCC/consensus_snv_indel/merged_snv_mnv/edc8839f-fa6b-41e0-ad49-f688073730bd.consensus.20160830.somatic.snv_mnv.vcf.gz	/n/data1/hms/dbmi/park/DATA/ICGC/PCAWG_Final_Datasets_DCC/consensus_cnv/segmented_cn/edc8839f-fa6b-41e0-ad49-f688073730bd.consensus.20170119.somatic.cna.txt
eddfbfb9-3ae8-449b-b870-46062a2571c1	/n/data1/hms/dbmi/park/DATA/ICGC/PCAWG_Final_Datasets_DCC/consensus_snv_indel/merged_snv_mnv/eddfbfb9-3ae8-449b-b870-46062a2571c1.consensus.20160830.somatic.snv_mnv.vcf.gz	/n/data1/hms/dbmi/park/DATA/ICGC/PCAWG_Final_Datasets_DCC/consensus_cnv/segmented_cn/eddfbfb9-3ae8-449b-b870-46062a2571c1.consensus.20170119.somatic.cna.txt
edeea137-080d-42d3-a0ce-5cfe0d4a68e7	/n/data1/hms/dbmi/park/DATA/ICGC/PCAWG_Final_Datasets_DCC/consensus_snv_indel/merged_snv_mnv/edeea137-080d-42d3-a0ce-5cfe0d4a68e7.consensus.20160830.somatic.snv_mnv.vcf.gz	/n/data1/hms/dbmi/park/DATA/ICGC/PCAWG_Final_Datasets_DCC/consensus_cnv/segmented_cn/edeea137-080d-42d3-a0ce-5cfe0d4a68e7.consensus.20170119.somatic.cna.txt
ee368301-b2f7-428f-9330-67c054c1a09d	/n/data1/hms/dbmi/park/DATA/ICGC/PCAWG_Final_Datasets_DCC/consensus_snv_indel/merged_snv_mnv/ee368301-b2f7-428f-9330-67c054c1a09d.consensus.20160830.somatic.snv_mnv.vcf.gz	/n/data1/hms/dbmi/park/DATA/ICGC/PCAWG_Final_Datasets_DCC/consensus_cnv/segmented_cn/ee368301-b2f7-428f-9330-67c054c1a09d.consensus.20170119.somatic.cna.txt
ee5d5e7d-78cf-4a29-a9ee-56aa3da877dd	/n/data1/hms/dbmi/park/DATA/ICGC/PCAWG_Final_Datasets_DCC/consensus_snv_indel/merged_snv_mnv/ee5d5e7d-78cf-4a29-a9ee-56aa3da877dd.consensus.20160830.somatic.snv_mnv.vcf.gz	/n/data1/hms/dbmi/park/DATA/ICGC/PCAWG_Final_Datasets_DCC/consensus_cnv/segmented_cn/ee5d5e7d-78cf-4a29-a9ee-56aa3da877dd.consensus.20170119.somatic.cna.txt
ee6cc68e-8d2a-41ee-82c6-0fecdf7e6259	/n/data1/hms/dbmi/park/DATA/ICGC/PCAWG_Final_Datasets_DCC/consensus_snv_indel/merged_snv_mnv/ee6cc68e-8d2a-41ee-82c6-0fecdf7e6259.consensus.20160830.somatic.snv_mnv.vcf.gz	/n/data1/hms/dbmi/park/DATA/ICGC/PCAWG_Final_Datasets_DCC/consensus_cnv/segmented_cn/ee6cc68e-8d2a-41ee-82c6-0fecdf7e6259.consensus.20170119.somatic.cna.txt
ee7b8074-c622-11e3-bf01-24c6515278c0	/n/data1/hms/dbmi/park/DATA/ICGC/PCAWG_Final_Datasets_DCC/consensus_snv_indel/merged_snv_mnv/ee7b8074-c622-11e3-bf01-24c6515278c0.consensus.20160830.somatic.snv_mnv.vcf.gz	/n/data1/hms/dbmi/park/DATA/ICGC/PCAWG_Final_Datasets_DCC/consensus_cnv/segmented_cn/ee7b8074-c622-11e3-bf01-24c6515278c0.consensus.20170119.somatic.cna.txt
ee8ba991-8c96-476e-b096-49f3aaaffc2f	/n/data1/hms/dbmi/park/DATA/ICGC/PCAWG_Final_Datasets_DCC/consensus_snv_indel/merged_snv_mnv/ee8ba991-8c96-476e-b096-49f3aaaffc2f.consensus.20160830.somatic.snv_mnv.vcf.gz	/n/data1/hms/dbmi/park/DATA/ICGC/PCAWG_Final_Datasets_DCC/consensus_cnv/segmented_cn/ee8ba991-8c96-476e-b096-49f3aaaffc2f.consensus.20170119.somatic.cna.txt
ee963667-56b1-49bd-8896-e07b536d3014	/n/data1/hms/dbmi/park/DATA/ICGC/PCAWG_Final_Datasets_DCC/consensus_snv_indel/merged_snv_mnv/ee963667-56b1-49bd-8896-e07b536d3014.consensus.20160830.somatic.snv_mnv.vcf.gz	/n/data1/hms/dbmi/park/DATA/ICGC/PCAWG_Final_Datasets_DCC/consensus_cnv/segmented_cn/ee963667-56b1-49bd-8896-e07b536d3014.consensus.20170119.somatic.cna.txt
eeddf701-93f9-4f10-85cb-9dce1760bae8	/n/data1/hms/dbmi/park/DATA/ICGC/PCAWG_Final_Datasets_DCC/consensus_snv_indel/merged_snv_mnv/eeddf701-93f9-4f10-85cb-9dce1760bae8.consensus.20160830.somatic.snv_mnv.vcf.gz	/n/data1/hms/dbmi/park/DATA/ICGC/PCAWG_Final_Datasets_DCC/consensus_cnv/segmented_cn/eeddf701-93f9-4f10-85cb-9dce1760bae8.consensus.20170119.somatic.cna.txt
ef002c3d-358f-4fc0-98f3-2f8b89de4374	/n/data1/hms/dbmi/park/DATA/ICGC/PCAWG_Final_Datasets_DCC/consensus_snv_indel/merged_snv_mnv/ef002c3d-358f-4fc0-98f3-2f8b89de4374.consensus.20160830.somatic.snv_mnv.vcf.gz	/n/data1/hms/dbmi/park/DATA/ICGC/PCAWG_Final_Datasets_DCC/consensus_cnv/segmented_cn/ef002c3d-358f-4fc0-98f3-2f8b89de4374.consensus.20170119.somatic.cna.txt
ef3a0ccd-85bc-4e5f-a8c6-5a2e2d9e6717	/n/data1/hms/dbmi/park/DATA/ICGC/PCAWG_Final_Datasets_DCC/consensus_snv_indel/merged_snv_mnv/ef3a0ccd-85bc-4e5f-a8c6-5a2e2d9e6717.consensus.20160830.somatic.snv_mnv.vcf.gz	/n/data1/hms/dbmi/park/DATA/ICGC/PCAWG_Final_Datasets_DCC/consensus_cnv/segmented_cn/ef3a0ccd-85bc-4e5f-a8c6-5a2e2d9e6717.consensus.20170119.somatic.cna.txt
ef3b454c-b2cf-4f68-a2ab-733620b6714e	/n/data1/hms/dbmi/park/DATA/ICGC/PCAWG_Final_Datasets_DCC/consensus_snv_indel/merged_snv_mnv/ef3b454c-b2cf-4f68-a2ab-733620b6714e.consensus.20160830.somatic.snv_mnv.vcf.gz	/n/data1/hms/dbmi/park/DATA/ICGC/PCAWG_Final_Datasets_DCC/consensus_cnv/segmented_cn/ef3b454c-b2cf-4f68-a2ab-733620b6714e.consensus.20170119.somatic.cna.txt
ef673d3d-2031-4036-ba25-4bc7ef04075b	/n/data1/hms/dbmi/park/DATA/ICGC/PCAWG_Final_Datasets_DCC/consensus_snv_indel/merged_snv_mnv/ef673d3d-2031-4036-ba25-4bc7ef04075b.consensus.20160830.somatic.snv_mnv.vcf.gz	/n/data1/hms/dbmi/park/DATA/ICGC/PCAWG_Final_Datasets_DCC/consensus_cnv/segmented_cn/ef673d3d-2031-4036-ba25-4bc7ef04075b.consensus.20170119.somatic.cna.txt
ef76231d-5a21-4bbd-9847-c01be6fe8916	/n/data1/hms/dbmi/park/DATA/ICGC/PCAWG_Final_Datasets_DCC/consensus_snv_indel/merged_snv_mnv/ef76231d-5a21-4bbd-9847-c01be6fe8916.consensus.20160830.somatic.snv_mnv.vcf.gz	/n/data1/hms/dbmi/park/DATA/ICGC/PCAWG_Final_Datasets_DCC/consensus_cnv/segmented_cn/ef76231d-5a21-4bbd-9847-c01be6fe8916.consensus.20170119.somatic.cna.txt
efacd7d6-56cf-4f6a-87f0-1a7ab6b1a643	/n/data1/hms/dbmi/park/DATA/ICGC/PCAWG_Final_Datasets_DCC/consensus_snv_indel/merged_snv_mnv/efacd7d6-56cf-4f6a-87f0-1a7ab6b1a643.consensus.20160830.somatic.snv_mnv.vcf.gz	/n/data1/hms/dbmi/park/DATA/ICGC/PCAWG_Final_Datasets_DCC/consensus_cnv/segmented_cn/efacd7d6-56cf-4f6a-87f0-1a7ab6b1a643.consensus.20170119.somatic.cna.txt
efbec43c-0c16-4006-abe8-c3ec2ec42c05	/n/data1/hms/dbmi/park/DATA/ICGC/PCAWG_Final_Datasets_DCC/consensus_snv_indel/merged_snv_mnv/efbec43c-0c16-4006-abe8-c3ec2ec42c05.consensus.20160830.somatic.snv_mnv.vcf.gz	/n/data1/hms/dbmi/park/DATA/ICGC/PCAWG_Final_Datasets_DCC/consensus_cnv/segmented_cn/efbec43c-0c16-4006-abe8-c3ec2ec42c05.consensus.20170119.somatic.cna.txt
efc39172-083c-4297-b922-3f58df781332	/n/data1/hms/dbmi/park/DATA/ICGC/PCAWG_Final_Datasets_DCC/consensus_snv_indel/merged_snv_mnv/efc39172-083c-4297-b922-3f58df781332.consensus.20160830.somatic.snv_mnv.vcf.gz	/n/data1/hms/dbmi/park/DATA/ICGC/PCAWG_Final_Datasets_DCC/consensus_cnv/segmented_cn/efc39172-083c-4297-b922-3f58df781332.consensus.20170119.somatic.cna.txt
efe4d5dd-fffb-41df-ab86-be06cc16646f	/n/data1/hms/dbmi/park/DATA/ICGC/PCAWG_Final_Datasets_DCC/consensus_snv_indel/merged_snv_mnv/efe4d5dd-fffb-41df-ab86-be06cc16646f.consensus.20160830.somatic.snv_mnv.vcf.gz	/n/data1/hms/dbmi/park/DATA/ICGC/PCAWG_Final_Datasets_DCC/consensus_cnv/segmented_cn/efe4d5dd-fffb-41df-ab86-be06cc16646f.consensus.20170119.somatic.cna.txt
efec3225-de07-4559-9a90-95223495cc61	/n/data1/hms/dbmi/park/DATA/ICGC/PCAWG_Final_Datasets_DCC/consensus_snv_indel/merged_snv_mnv/efec3225-de07-4559-9a90-95223495cc61.consensus.20160830.somatic.snv_mnv.vcf.gz	/n/data1/hms/dbmi/park/DATA/ICGC/PCAWG_Final_Datasets_DCC/consensus_cnv/segmented_cn/efec3225-de07-4559-9a90-95223495cc61.consensus.20170119.somatic.cna.txt
effb868c-f905-41a0-ace1-b5e508732534	/n/data1/hms/dbmi/park/DATA/ICGC/PCAWG_Final_Datasets_DCC/consensus_snv_indel/merged_snv_mnv/effb868c-f905-41a0-ace1-b5e508732534.consensus.20160830.somatic.snv_mnv.vcf.gz	/n/data1/hms/dbmi/park/DATA/ICGC/PCAWG_Final_Datasets_DCC/consensus_cnv/segmented_cn/effb868c-f905-41a0-ace1-b5e508732534.consensus.20170119.somatic.cna.txt
f03330dd-c616-4ad5-abc3-6d6b0445e9e9	/n/data1/hms/dbmi/park/DATA/ICGC/PCAWG_Final_Datasets_DCC/consensus_snv_indel/merged_snv_mnv/f03330dd-c616-4ad5-abc3-6d6b0445e9e9.consensus.20160830.somatic.snv_mnv.vcf.gz	/n/data1/hms/dbmi/park/DATA/ICGC/PCAWG_Final_Datasets_DCC/consensus_cnv/segmented_cn/f03330dd-c616-4ad5-abc3-6d6b0445e9e9.consensus.20170119.somatic.cna.txt
f047cb85-8f88-45d5-83c3-0416c9f3fff7	/n/data1/hms/dbmi/park/DATA/ICGC/PCAWG_Final_Datasets_DCC/consensus_snv_indel/merged_snv_mnv/f047cb85-8f88-45d5-83c3-0416c9f3fff7.consensus.20160830.somatic.snv_mnv.vcf.gz	/n/data1/hms/dbmi/park/DATA/ICGC/PCAWG_Final_Datasets_DCC/consensus_cnv/segmented_cn/f047cb85-8f88-45d5-83c3-0416c9f3fff7.consensus.20170119.somatic.cna.txt
f04aecf0-eb12-4ab9-928e-7bcf201b0b40	/n/data1/hms/dbmi/park/DATA/ICGC/PCAWG_Final_Datasets_DCC/consensus_snv_indel/merged_snv_mnv/f04aecf0-eb12-4ab9-928e-7bcf201b0b40.consensus.20160830.somatic.snv_mnv.vcf.gz	/n/data1/hms/dbmi/park/DATA/ICGC/PCAWG_Final_Datasets_DCC/consensus_cnv/segmented_cn/f04aecf0-eb12-4ab9-928e-7bcf201b0b40.consensus.20170119.somatic.cna.txt
f064f762-c622-11e3-bf01-24c6515278c0	/n/data1/hms/dbmi/park/DATA/ICGC/PCAWG_Final_Datasets_DCC/consensus_snv_indel/merged_snv_mnv/f064f762-c622-11e3-bf01-24c6515278c0.consensus.20160830.somatic.snv_mnv.vcf.gz	/n/data1/hms/dbmi/park/DATA/ICGC/PCAWG_Final_Datasets_DCC/consensus_cnv/segmented_cn/f064f762-c622-11e3-bf01-24c6515278c0.consensus.20170119.somatic.cna.txt
f075dcdb-4b6a-4186-bfc5-c1787c4a14ac	/n/data1/hms/dbmi/park/DATA/ICGC/PCAWG_Final_Datasets_DCC/consensus_snv_indel/merged_snv_mnv/f075dcdb-4b6a-4186-bfc5-c1787c4a14ac.consensus.20160830.somatic.snv_mnv.vcf.gz	/n/data1/hms/dbmi/park/DATA/ICGC/PCAWG_Final_Datasets_DCC/consensus_cnv/segmented_cn/f075dcdb-4b6a-4186-bfc5-c1787c4a14ac.consensus.20170119.somatic.cna.txt
f0768c67-f38c-40a8-8f27-81a927fb5dca	/n/data1/hms/dbmi/park/DATA/ICGC/PCAWG_Final_Datasets_DCC/consensus_snv_indel/merged_snv_mnv/f0768c67-f38c-40a8-8f27-81a927fb5dca.consensus.20160830.somatic.snv_mnv.vcf.gz	/n/data1/hms/dbmi/park/DATA/ICGC/PCAWG_Final_Datasets_DCC/consensus_cnv/segmented_cn/f0768c67-f38c-40a8-8f27-81a927fb5dca.consensus.20170119.somatic.cna.txt
f07b9192-c86f-4ee4-a3b5-feb9c5098bf4	/n/data1/hms/dbmi/park/DATA/ICGC/PCAWG_Final_Datasets_DCC/consensus_snv_indel/merged_snv_mnv/f07b9192-c86f-4ee4-a3b5-feb9c5098bf4.consensus.20160830.somatic.snv_mnv.vcf.gz	/n/data1/hms/dbmi/park/DATA/ICGC/PCAWG_Final_Datasets_DCC/consensus_cnv/segmented_cn/f07b9192-c86f-4ee4-a3b5-feb9c5098bf4.consensus.20170119.somatic.cna.txt
f0a33adc-ea90-46ef-a24a-a8d7e4e15db3	/n/data1/hms/dbmi/park/DATA/ICGC/PCAWG_Final_Datasets_DCC/consensus_snv_indel/merged_snv_mnv/f0a33adc-ea90-46ef-a24a-a8d7e4e15db3.consensus.20160830.somatic.snv_mnv.vcf.gz	/n/data1/hms/dbmi/park/DATA/ICGC/PCAWG_Final_Datasets_DCC/consensus_cnv/segmented_cn/f0a33adc-ea90-46ef-a24a-a8d7e4e15db3.consensus.20170119.somatic.cna.txt
f0b46dcd-ce45-4405-8744-8f8b35606b75	/n/data1/hms/dbmi/park/DATA/ICGC/PCAWG_Final_Datasets_DCC/consensus_snv_indel/merged_snv_mnv/f0b46dcd-ce45-4405-8744-8f8b35606b75.consensus.20160830.somatic.snv_mnv.vcf.gz	/n/data1/hms/dbmi/park/DATA/ICGC/PCAWG_Final_Datasets_DCC/consensus_cnv/segmented_cn/f0b46dcd-ce45-4405-8744-8f8b35606b75.consensus.20170119.somatic.cna.txt
f0e0d978-3e32-4444-a07a-26049b2594e6	/n/data1/hms/dbmi/park/DATA/ICGC/PCAWG_Final_Datasets_DCC/consensus_snv_indel/merged_snv_mnv/f0e0d978-3e32-4444-a07a-26049b2594e6.consensus.20160830.somatic.snv_mnv.vcf.gz	/n/data1/hms/dbmi/park/DATA/ICGC/PCAWG_Final_Datasets_DCC/consensus_cnv/segmented_cn/f0e0d978-3e32-4444-a07a-26049b2594e6.consensus.20170119.somatic.cna.txt
f0f2030e-17fd-4dd9-9104-899e59d72ed8	/n/data1/hms/dbmi/park/DATA/ICGC/PCAWG_Final_Datasets_DCC/consensus_snv_indel/merged_snv_mnv/f0f2030e-17fd-4dd9-9104-899e59d72ed8.consensus.20160830.somatic.snv_mnv.vcf.gz	/n/data1/hms/dbmi/park/DATA/ICGC/PCAWG_Final_Datasets_DCC/consensus_cnv/segmented_cn/f0f2030e-17fd-4dd9-9104-899e59d72ed8.consensus.20170119.somatic.cna.txt
f1504811-8363-41e6-b43c-62452b1262d3	/n/data1/hms/dbmi/park/DATA/ICGC/PCAWG_Final_Datasets_DCC/consensus_snv_indel/merged_snv_mnv/f1504811-8363-41e6-b43c-62452b1262d3.consensus.20160830.somatic.snv_mnv.vcf.gz	/n/data1/hms/dbmi/park/DATA/ICGC/PCAWG_Final_Datasets_DCC/consensus_cnv/segmented_cn/f1504811-8363-41e6-b43c-62452b1262d3.consensus.20170119.somatic.cna.txt
f1534b2a-5350-442c-bb9d-8c7142668d31	/n/data1/hms/dbmi/park/DATA/ICGC/PCAWG_Final_Datasets_DCC/consensus_snv_indel/merged_snv_mnv/f1534b2a-5350-442c-bb9d-8c7142668d31.consensus.20160830.somatic.snv_mnv.vcf.gz	/n/data1/hms/dbmi/park/DATA/ICGC/PCAWG_Final_Datasets_DCC/consensus_cnv/segmented_cn/f1534b2a-5350-442c-bb9d-8c7142668d31.consensus.20170119.somatic.cna.txt
f15989a1-e820-4879-a535-438277acad49	/n/data1/hms/dbmi/park/DATA/ICGC/PCAWG_Final_Datasets_DCC/consensus_snv_indel/merged_snv_mnv/f15989a1-e820-4879-a535-438277acad49.consensus.20160830.somatic.snv_mnv.vcf.gz	/n/data1/hms/dbmi/park/DATA/ICGC/PCAWG_Final_Datasets_DCC/consensus_cnv/segmented_cn/f15989a1-e820-4879-a535-438277acad49.consensus.20170119.somatic.cna.txt
f181848a-c622-11e3-bf01-24c6515278c0	/n/data1/hms/dbmi/park/DATA/ICGC/PCAWG_Final_Datasets_DCC/consensus_snv_indel/merged_snv_mnv/f181848a-c622-11e3-bf01-24c6515278c0.consensus.20160830.somatic.snv_mnv.vcf.gz	/n/data1/hms/dbmi/park/DATA/ICGC/PCAWG_Final_Datasets_DCC/consensus_cnv/segmented_cn/f181848a-c622-11e3-bf01-24c6515278c0.consensus.20170119.somatic.cna.txt
f1a4f60a-5228-47cd-883f-ff8d2dfe1633	/n/data1/hms/dbmi/park/DATA/ICGC/PCAWG_Final_Datasets_DCC/consensus_snv_indel/merged_snv_mnv/f1a4f60a-5228-47cd-883f-ff8d2dfe1633.consensus.20160830.somatic.snv_mnv.vcf.gz	/n/data1/hms/dbmi/park/DATA/ICGC/PCAWG_Final_Datasets_DCC/consensus_cnv/segmented_cn/f1a4f60a-5228-47cd-883f-ff8d2dfe1633.consensus.20170119.somatic.cna.txt
f1d73c2f-3d7d-4a0f-871b-b3bf76d865dc	/n/data1/hms/dbmi/park/DATA/ICGC/PCAWG_Final_Datasets_DCC/consensus_snv_indel/merged_snv_mnv/f1d73c2f-3d7d-4a0f-871b-b3bf76d865dc.consensus.20160830.somatic.snv_mnv.vcf.gz	/n/data1/hms/dbmi/park/DATA/ICGC/PCAWG_Final_Datasets_DCC/consensus_cnv/segmented_cn/f1d73c2f-3d7d-4a0f-871b-b3bf76d865dc.consensus.20170119.somatic.cna.txt
f1d9124e-dfa2-415e-b8b8-dd872fd3e2cb	/n/data1/hms/dbmi/park/DATA/ICGC/PCAWG_Final_Datasets_DCC/consensus_snv_indel/merged_snv_mnv/f1d9124e-dfa2-415e-b8b8-dd872fd3e2cb.consensus.20160830.somatic.snv_mnv.vcf.gz	/n/data1/hms/dbmi/park/DATA/ICGC/PCAWG_Final_Datasets_DCC/consensus_cnv/segmented_cn/f1d9124e-dfa2-415e-b8b8-dd872fd3e2cb.consensus.20170119.somatic.cna.txt
f1fdacf3-2bb5-400c-895d-ec7f472fa0d4	/n/data1/hms/dbmi/park/DATA/ICGC/PCAWG_Final_Datasets_DCC/consensus_snv_indel/merged_snv_mnv/f1fdacf3-2bb5-400c-895d-ec7f472fa0d4.consensus.20160830.somatic.snv_mnv.vcf.gz	/n/data1/hms/dbmi/park/DATA/ICGC/PCAWG_Final_Datasets_DCC/consensus_cnv/segmented_cn/f1fdacf3-2bb5-400c-895d-ec7f472fa0d4.consensus.20170119.somatic.cna.txt
f21832da-df8b-43d4-9bf4-34ad72b1bcd9	/n/data1/hms/dbmi/park/DATA/ICGC/PCAWG_Final_Datasets_DCC/consensus_snv_indel/merged_snv_mnv/f21832da-df8b-43d4-9bf4-34ad72b1bcd9.consensus.20160830.somatic.snv_mnv.vcf.gz	/n/data1/hms/dbmi/park/DATA/ICGC/PCAWG_Final_Datasets_DCC/consensus_cnv/segmented_cn/f21832da-df8b-43d4-9bf4-34ad72b1bcd9.consensus.20170119.somatic.cna.txt
f221c897-6ad0-0df9-e040-11ac0c4813ef	/n/data1/hms/dbmi/park/DATA/ICGC/PCAWG_Final_Datasets_DCC/consensus_snv_indel/merged_snv_mnv/f221c897-6ad0-0df9-e040-11ac0c4813ef.consensus.20160830.somatic.snv_mnv.vcf.gz	/n/data1/hms/dbmi/park/DATA/ICGC/PCAWG_Final_Datasets_DCC/consensus_cnv/segmented_cn/f221c897-6ad0-0df9-e040-11ac0c4813ef.consensus.20170119.somatic.cna.txt
f221cbb5-eefa-187f-e040-11ac0c481708	/n/data1/hms/dbmi/park/DATA/ICGC/PCAWG_Final_Datasets_DCC/consensus_snv_indel/merged_snv_mnv/f221cbb5-eefa-187f-e040-11ac0c481708.consensus.20160830.somatic.snv_mnv.vcf.gz	/n/data1/hms/dbmi/park/DATA/ICGC/PCAWG_Final_Datasets_DCC/consensus_cnv/segmented_cn/f221cbb5-eefa-187f-e040-11ac0c481708.consensus.20170119.somatic.cna.txt
f24688a9-7952-49d8-ba80-2bbad472379c	/n/data1/hms/dbmi/park/DATA/ICGC/PCAWG_Final_Datasets_DCC/consensus_snv_indel/merged_snv_mnv/f24688a9-7952-49d8-ba80-2bbad472379c.consensus.20160830.somatic.snv_mnv.vcf.gz	/n/data1/hms/dbmi/park/DATA/ICGC/PCAWG_Final_Datasets_DCC/consensus_cnv/segmented_cn/f24688a9-7952-49d8-ba80-2bbad472379c.consensus.20170119.somatic.cna.txt
f266899a-1dab-4226-a965-bc1327c64080	/n/data1/hms/dbmi/park/DATA/ICGC/PCAWG_Final_Datasets_DCC/consensus_snv_indel/merged_snv_mnv/f266899a-1dab-4226-a965-bc1327c64080.consensus.20160830.somatic.snv_mnv.vcf.gz	/n/data1/hms/dbmi/park/DATA/ICGC/PCAWG_Final_Datasets_DCC/consensus_cnv/segmented_cn/f266899a-1dab-4226-a965-bc1327c64080.consensus.20170119.somatic.cna.txt
f269134a-e3d5-4020-bcf5-01fb42f914b2	/n/data1/hms/dbmi/park/DATA/ICGC/PCAWG_Final_Datasets_DCC/consensus_snv_indel/merged_snv_mnv/f269134a-e3d5-4020-bcf5-01fb42f914b2.consensus.20160830.somatic.snv_mnv.vcf.gz	/n/data1/hms/dbmi/park/DATA/ICGC/PCAWG_Final_Datasets_DCC/consensus_cnv/segmented_cn/f269134a-e3d5-4020-bcf5-01fb42f914b2.consensus.20170119.somatic.cna.txt
f26b1f44-12de-43ba-85bb-bc61741a5a88	/n/data1/hms/dbmi/park/DATA/ICGC/PCAWG_Final_Datasets_DCC/consensus_snv_indel/merged_snv_mnv/f26b1f44-12de-43ba-85bb-bc61741a5a88.consensus.20160830.somatic.snv_mnv.vcf.gz	/n/data1/hms/dbmi/park/DATA/ICGC/PCAWG_Final_Datasets_DCC/consensus_cnv/segmented_cn/f26b1f44-12de-43ba-85bb-bc61741a5a88.consensus.20170119.somatic.cna.txt
f283ed80-8302-4f26-99ed-ea20d101289d	/n/data1/hms/dbmi/park/DATA/ICGC/PCAWG_Final_Datasets_DCC/consensus_snv_indel/merged_snv_mnv/f283ed80-8302-4f26-99ed-ea20d101289d.consensus.20160830.somatic.snv_mnv.vcf.gz	/n/data1/hms/dbmi/park/DATA/ICGC/PCAWG_Final_Datasets_DCC/consensus_cnv/segmented_cn/f283ed80-8302-4f26-99ed-ea20d101289d.consensus.20170119.somatic.cna.txt
f2b2111c-c622-11e3-bf01-24c6515278c0	/n/data1/hms/dbmi/park/DATA/ICGC/PCAWG_Final_Datasets_DCC/consensus_snv_indel/merged_snv_mnv/f2b2111c-c622-11e3-bf01-24c6515278c0.consensus.20160830.somatic.snv_mnv.vcf.gz	/n/data1/hms/dbmi/park/DATA/ICGC/PCAWG_Final_Datasets_DCC/consensus_cnv/segmented_cn/f2b2111c-c622-11e3-bf01-24c6515278c0.consensus.20170119.somatic.cna.txt
f2c08ac1-4755-4c36-a11d-338d8df9fa0d	/n/data1/hms/dbmi/park/DATA/ICGC/PCAWG_Final_Datasets_DCC/consensus_snv_indel/merged_snv_mnv/f2c08ac1-4755-4c36-a11d-338d8df9fa0d.consensus.20160830.somatic.snv_mnv.vcf.gz	/n/data1/hms/dbmi/park/DATA/ICGC/PCAWG_Final_Datasets_DCC/consensus_cnv/segmented_cn/f2c08ac1-4755-4c36-a11d-338d8df9fa0d.consensus.20170119.somatic.cna.txt
f2d18ad2-2f18-4c1d-8b35-46f999a82f30	/n/data1/hms/dbmi/park/DATA/ICGC/PCAWG_Final_Datasets_DCC/consensus_snv_indel/merged_snv_mnv/f2d18ad2-2f18-4c1d-8b35-46f999a82f30.consensus.20160830.somatic.snv_mnv.vcf.gz	/n/data1/hms/dbmi/park/DATA/ICGC/PCAWG_Final_Datasets_DCC/consensus_cnv/segmented_cn/f2d18ad2-2f18-4c1d-8b35-46f999a82f30.consensus.20170119.somatic.cna.txt
f2e639cc-c30c-459f-8afc-7ace7d0209c5	/n/data1/hms/dbmi/park/DATA/ICGC/PCAWG_Final_Datasets_DCC/consensus_snv_indel/merged_snv_mnv/f2e639cc-c30c-459f-8afc-7ace7d0209c5.consensus.20160830.somatic.snv_mnv.vcf.gz	/n/data1/hms/dbmi/park/DATA/ICGC/PCAWG_Final_Datasets_DCC/consensus_cnv/segmented_cn/f2e639cc-c30c-459f-8afc-7ace7d0209c5.consensus.20170119.somatic.cna.txt
f35f7712-d5c6-47f6-98ed-704edbbc1e19	/n/data1/hms/dbmi/park/DATA/ICGC/PCAWG_Final_Datasets_DCC/consensus_snv_indel/merged_snv_mnv/f35f7712-d5c6-47f6-98ed-704edbbc1e19.consensus.20160830.somatic.snv_mnv.vcf.gz	/n/data1/hms/dbmi/park/DATA/ICGC/PCAWG_Final_Datasets_DCC/consensus_cnv/segmented_cn/f35f7712-d5c6-47f6-98ed-704edbbc1e19.consensus.20170119.somatic.cna.txt
f3720205-dc76-4101-8a56-72043fc896b5	/n/data1/hms/dbmi/park/DATA/ICGC/PCAWG_Final_Datasets_DCC/consensus_snv_indel/merged_snv_mnv/f3720205-dc76-4101-8a56-72043fc896b5.consensus.20160830.somatic.snv_mnv.vcf.gz	/n/data1/hms/dbmi/park/DATA/ICGC/PCAWG_Final_Datasets_DCC/consensus_cnv/segmented_cn/f3720205-dc76-4101-8a56-72043fc896b5.consensus.20170119.somatic.cna.txt
f37971bd-ec65-4840-8d4f-678692cee695	/n/data1/hms/dbmi/park/DATA/ICGC/PCAWG_Final_Datasets_DCC/consensus_snv_indel/merged_snv_mnv/f37971bd-ec65-4840-8d4f-678692cee695.consensus.20160830.somatic.snv_mnv.vcf.gz	/n/data1/hms/dbmi/park/DATA/ICGC/PCAWG_Final_Datasets_DCC/consensus_cnv/segmented_cn/f37971bd-ec65-4840-8d4f-678692cee695.consensus.20170119.somatic.cna.txt
f37de4fa-52f6-4fe4-a3fa-41803032c93f	/n/data1/hms/dbmi/park/DATA/ICGC/PCAWG_Final_Datasets_DCC/consensus_snv_indel/merged_snv_mnv/f37de4fa-52f6-4fe4-a3fa-41803032c93f.consensus.20160830.somatic.snv_mnv.vcf.gz	/n/data1/hms/dbmi/park/DATA/ICGC/PCAWG_Final_Datasets_DCC/consensus_cnv/segmented_cn/f37de4fa-52f6-4fe4-a3fa-41803032c93f.consensus.20170119.somatic.cna.txt
f389176f-d8f3-45c2-aae4-7378a3d6fc7f	/n/data1/hms/dbmi/park/DATA/ICGC/PCAWG_Final_Datasets_DCC/consensus_snv_indel/merged_snv_mnv/f389176f-d8f3-45c2-aae4-7378a3d6fc7f.consensus.20160830.somatic.snv_mnv.vcf.gz	/n/data1/hms/dbmi/park/DATA/ICGC/PCAWG_Final_Datasets_DCC/consensus_cnv/segmented_cn/f389176f-d8f3-45c2-aae4-7378a3d6fc7f.consensus.20170119.somatic.cna.txt
f38b5d2e-5cab-45c7-bb0a-38b2efc5c156	/n/data1/hms/dbmi/park/DATA/ICGC/PCAWG_Final_Datasets_DCC/consensus_snv_indel/merged_snv_mnv/f38b5d2e-5cab-45c7-bb0a-38b2efc5c156.consensus.20160830.somatic.snv_mnv.vcf.gz	/n/data1/hms/dbmi/park/DATA/ICGC/PCAWG_Final_Datasets_DCC/consensus_cnv/segmented_cn/f38b5d2e-5cab-45c7-bb0a-38b2efc5c156.consensus.20170119.somatic.cna.txt
f38fc6ac-2af8-4d89-a514-4e2c5fdf08de	/n/data1/hms/dbmi/park/DATA/ICGC/PCAWG_Final_Datasets_DCC/consensus_snv_indel/merged_snv_mnv/f38fc6ac-2af8-4d89-a514-4e2c5fdf08de.consensus.20160830.somatic.snv_mnv.vcf.gz	/n/data1/hms/dbmi/park/DATA/ICGC/PCAWG_Final_Datasets_DCC/consensus_cnv/segmented_cn/f38fc6ac-2af8-4d89-a514-4e2c5fdf08de.consensus.20170119.somatic.cna.txt
f393ba16-9361-5df4-e040-11ac0d4844e8	/n/data1/hms/dbmi/park/DATA/ICGC/PCAWG_Final_Datasets_DCC/consensus_snv_indel/merged_snv_mnv/f393ba16-9361-5df4-e040-11ac0d4844e8.consensus.20160830.somatic.snv_mnv.vcf.gz	/n/data1/hms/dbmi/park/DATA/ICGC/PCAWG_Final_Datasets_DCC/consensus_cnv/segmented_cn/f393ba16-9361-5df4-e040-11ac0d4844e8.consensus.20170119.somatic.cna.txt
f393baf9-2710-9203-e040-11ac0d484504	/n/data1/hms/dbmi/park/DATA/ICGC/PCAWG_Final_Datasets_DCC/consensus_snv_indel/merged_snv_mnv/f393baf9-2710-9203-e040-11ac0d484504.consensus.20160830.somatic.snv_mnv.vcf.gz	/n/data1/hms/dbmi/park/DATA/ICGC/PCAWG_Final_Datasets_DCC/consensus_cnv/segmented_cn/f393baf9-2710-9203-e040-11ac0d484504.consensus.20170119.somatic.cna.txt
f393bafd-1baa-e5f4-e040-11ac0d48450b	/n/data1/hms/dbmi/park/DATA/ICGC/PCAWG_Final_Datasets_DCC/consensus_snv_indel/merged_snv_mnv/f393bafd-1baa-e5f4-e040-11ac0d48450b.consensus.20160830.somatic.snv_mnv.vcf.gz	/n/data1/hms/dbmi/park/DATA/ICGC/PCAWG_Final_Datasets_DCC/consensus_cnv/segmented_cn/f393bafd-1baa-e5f4-e040-11ac0d48450b.consensus.20170119.somatic.cna.txt
f393bafe-7503-5c45-e040-11ac0d484511	/n/data1/hms/dbmi/park/DATA/ICGC/PCAWG_Final_Datasets_DCC/consensus_snv_indel/merged_snv_mnv/f393bafe-7503-5c45-e040-11ac0d484511.consensus.20160830.somatic.snv_mnv.vcf.gz	/n/data1/hms/dbmi/park/DATA/ICGC/PCAWG_Final_Datasets_DCC/consensus_cnv/segmented_cn/f393bafe-7503-5c45-e040-11ac0d484511.consensus.20170119.somatic.cna.txt
f393bafe-c99f-3725-e040-11ac0d484514	/n/data1/hms/dbmi/park/DATA/ICGC/PCAWG_Final_Datasets_DCC/consensus_snv_indel/merged_snv_mnv/f393bafe-c99f-3725-e040-11ac0d484514.consensus.20160830.somatic.snv_mnv.vcf.gz	/n/data1/hms/dbmi/park/DATA/ICGC/PCAWG_Final_Datasets_DCC/consensus_cnv/segmented_cn/f393bafe-c99f-3725-e040-11ac0d484514.consensus.20170119.somatic.cna.txt
f393bb01-6ed7-9533-e040-11ac0d484521	/n/data1/hms/dbmi/park/DATA/ICGC/PCAWG_Final_Datasets_DCC/consensus_snv_indel/merged_snv_mnv/f393bb01-6ed7-9533-e040-11ac0d484521.consensus.20160830.somatic.snv_mnv.vcf.gz	/n/data1/hms/dbmi/park/DATA/ICGC/PCAWG_Final_Datasets_DCC/consensus_cnv/segmented_cn/f393bb01-6ed7-9533-e040-11ac0d484521.consensus.20170119.somatic.cna.txt
f393bb05-53c2-f80a-e040-11ac0d484528	/n/data1/hms/dbmi/park/DATA/ICGC/PCAWG_Final_Datasets_DCC/consensus_snv_indel/merged_snv_mnv/f393bb05-53c2-f80a-e040-11ac0d484528.consensus.20160830.somatic.snv_mnv.vcf.gz	/n/data1/hms/dbmi/park/DATA/ICGC/PCAWG_Final_Datasets_DCC/consensus_cnv/segmented_cn/f393bb05-53c2-f80a-e040-11ac0d484528.consensus.20170119.somatic.cna.txt
f393bb05-c737-4cc3-e040-11ac0d48452a	/n/data1/hms/dbmi/park/DATA/ICGC/PCAWG_Final_Datasets_DCC/consensus_snv_indel/merged_snv_mnv/f393bb05-c737-4cc3-e040-11ac0d48452a.consensus.20160830.somatic.snv_mnv.vcf.gz	/n/data1/hms/dbmi/park/DATA/ICGC/PCAWG_Final_Datasets_DCC/consensus_cnv/segmented_cn/f393bb05-c737-4cc3-e040-11ac0d48452a.consensus.20170119.somatic.cna.txt
f393bb05-ec1c-17be-e040-11ac0d48452f	/n/data1/hms/dbmi/park/DATA/ICGC/PCAWG_Final_Datasets_DCC/consensus_snv_indel/merged_snv_mnv/f393bb05-ec1c-17be-e040-11ac0d48452f.consensus.20160830.somatic.snv_mnv.vcf.gz	/n/data1/hms/dbmi/park/DATA/ICGC/PCAWG_Final_Datasets_DCC/consensus_cnv/segmented_cn/f393bb05-ec1c-17be-e040-11ac0d48452f.consensus.20170119.somatic.cna.txt
f393bb07-270c-2c93-e040-11ac0d484533	/n/data1/hms/dbmi/park/DATA/ICGC/PCAWG_Final_Datasets_DCC/consensus_snv_indel/merged_snv_mnv/f393bb07-270c-2c93-e040-11ac0d484533.consensus.20160830.somatic.snv_mnv.vcf.gz	/n/data1/hms/dbmi/park/DATA/ICGC/PCAWG_Final_Datasets_DCC/consensus_cnv/segmented_cn/f393bb07-270c-2c93-e040-11ac0d484533.consensus.20170119.somatic.cna.txt
f393bb08-4121-cad8-e040-11ac0d484535	/n/data1/hms/dbmi/park/DATA/ICGC/PCAWG_Final_Datasets_DCC/consensus_snv_indel/merged_snv_mnv/f393bb08-4121-cad8-e040-11ac0d484535.consensus.20160830.somatic.snv_mnv.vcf.gz	/n/data1/hms/dbmi/park/DATA/ICGC/PCAWG_Final_Datasets_DCC/consensus_cnv/segmented_cn/f393bb08-4121-cad8-e040-11ac0d484535.consensus.20170119.somatic.cna.txt
f393bb08-5b50-e009-e040-11ac0d484537	/n/data1/hms/dbmi/park/DATA/ICGC/PCAWG_Final_Datasets_DCC/consensus_snv_indel/merged_snv_mnv/f393bb08-5b50-e009-e040-11ac0d484537.consensus.20160830.somatic.snv_mnv.vcf.gz	/n/data1/hms/dbmi/park/DATA/ICGC/PCAWG_Final_Datasets_DCC/consensus_cnv/segmented_cn/f393bb08-5b50-e009-e040-11ac0d484537.consensus.20170119.somatic.cna.txt
f393bb0a-9b20-a0e5-e040-11ac0d48454e	/n/data1/hms/dbmi/park/DATA/ICGC/PCAWG_Final_Datasets_DCC/consensus_snv_indel/merged_snv_mnv/f393bb0a-9b20-a0e5-e040-11ac0d48454e.consensus.20160830.somatic.snv_mnv.vcf.gz	/n/data1/hms/dbmi/park/DATA/ICGC/PCAWG_Final_Datasets_DCC/consensus_cnv/segmented_cn/f393bb0a-9b20-a0e5-e040-11ac0d48454e.consensus.20170119.somatic.cna.txt
f393bb0a-df7d-645c-e040-11ac0d484550	/n/data1/hms/dbmi/park/DATA/ICGC/PCAWG_Final_Datasets_DCC/consensus_snv_indel/merged_snv_mnv/f393bb0a-df7d-645c-e040-11ac0d484550.consensus.20160830.somatic.snv_mnv.vcf.gz	/n/data1/hms/dbmi/park/DATA/ICGC/PCAWG_Final_Datasets_DCC/consensus_cnv/segmented_cn/f393bb0a-df7d-645c-e040-11ac0d484550.consensus.20170119.somatic.cna.txt
f393bb0b-08ed-3335-e040-11ac0d484554	/n/data1/hms/dbmi/park/DATA/ICGC/PCAWG_Final_Datasets_DCC/consensus_snv_indel/merged_snv_mnv/f393bb0b-08ed-3335-e040-11ac0d484554.consensus.20160830.somatic.snv_mnv.vcf.gz	/n/data1/hms/dbmi/park/DATA/ICGC/PCAWG_Final_Datasets_DCC/consensus_cnv/segmented_cn/f393bb0b-08ed-3335-e040-11ac0d484554.consensus.20170119.somatic.cna.txt
f393bb0c-3ffa-cb72-e040-11ac0d48455c	/n/data1/hms/dbmi/park/DATA/ICGC/PCAWG_Final_Datasets_DCC/consensus_snv_indel/merged_snv_mnv/f393bb0c-3ffa-cb72-e040-11ac0d48455c.consensus.20160830.somatic.snv_mnv.vcf.gz	/n/data1/hms/dbmi/park/DATA/ICGC/PCAWG_Final_Datasets_DCC/consensus_cnv/segmented_cn/f393bb0c-3ffa-cb72-e040-11ac0d48455c.consensus.20170119.somatic.cna.txt
f393bb0c-4178-ca4a-e040-11ac0d48455f	/n/data1/hms/dbmi/park/DATA/ICGC/PCAWG_Final_Datasets_DCC/consensus_snv_indel/merged_snv_mnv/f393bb0c-4178-ca4a-e040-11ac0d48455f.consensus.20160830.somatic.snv_mnv.vcf.gz	/n/data1/hms/dbmi/park/DATA/ICGC/PCAWG_Final_Datasets_DCC/consensus_cnv/segmented_cn/f393bb0c-4178-ca4a-e040-11ac0d48455f.consensus.20170119.somatic.cna.txt
f393cfd8-ddbb-a0e1-e040-11ac0d48516b	/n/data1/hms/dbmi/park/DATA/ICGC/PCAWG_Final_Datasets_DCC/consensus_snv_indel/merged_snv_mnv/f393cfd8-ddbb-a0e1-e040-11ac0d48516b.consensus.20160830.somatic.snv_mnv.vcf.gz	/n/data1/hms/dbmi/park/DATA/ICGC/PCAWG_Final_Datasets_DCC/consensus_cnv/segmented_cn/f393cfd8-ddbb-a0e1-e040-11ac0d48516b.consensus.20170119.somatic.cna.txt
f39cc911-36a7-4c06-9e91-4ad86281db3d	/n/data1/hms/dbmi/park/DATA/ICGC/PCAWG_Final_Datasets_DCC/consensus_snv_indel/merged_snv_mnv/f39cc911-36a7-4c06-9e91-4ad86281db3d.consensus.20160830.somatic.snv_mnv.vcf.gz	/n/data1/hms/dbmi/park/DATA/ICGC/PCAWG_Final_Datasets_DCC/consensus_cnv/segmented_cn/f39cc911-36a7-4c06-9e91-4ad86281db3d.consensus.20170119.somatic.cna.txt
f3c1a125-06e9-41c4-9558-275a3e346cc5	/n/data1/hms/dbmi/park/DATA/ICGC/PCAWG_Final_Datasets_DCC/consensus_snv_indel/merged_snv_mnv/f3c1a125-06e9-41c4-9558-275a3e346cc5.consensus.20160830.somatic.snv_mnv.vcf.gz	/n/data1/hms/dbmi/park/DATA/ICGC/PCAWG_Final_Datasets_DCC/consensus_cnv/segmented_cn/f3c1a125-06e9-41c4-9558-275a3e346cc5.consensus.20170119.somatic.cna.txt
f4025b40-a249-487f-8e93-7a140bcf57c1	/n/data1/hms/dbmi/park/DATA/ICGC/PCAWG_Final_Datasets_DCC/consensus_snv_indel/merged_snv_mnv/f4025b40-a249-487f-8e93-7a140bcf57c1.consensus.20160830.somatic.snv_mnv.vcf.gz	/n/data1/hms/dbmi/park/DATA/ICGC/PCAWG_Final_Datasets_DCC/consensus_cnv/segmented_cn/f4025b40-a249-487f-8e93-7a140bcf57c1.consensus.20170119.somatic.cna.txt
f410b432-c622-11e3-bf01-24c6515278c0	/n/data1/hms/dbmi/park/DATA/ICGC/PCAWG_Final_Datasets_DCC/consensus_snv_indel/merged_snv_mnv/f410b432-c622-11e3-bf01-24c6515278c0.consensus.20160830.somatic.snv_mnv.vcf.gz	/n/data1/hms/dbmi/park/DATA/ICGC/PCAWG_Final_Datasets_DCC/consensus_cnv/segmented_cn/f410b432-c622-11e3-bf01-24c6515278c0.consensus.20170119.somatic.cna.txt
f4798483-9e32-4e6a-8bb5-6f45af2a8ac5	/n/data1/hms/dbmi/park/DATA/ICGC/PCAWG_Final_Datasets_DCC/consensus_snv_indel/merged_snv_mnv/f4798483-9e32-4e6a-8bb5-6f45af2a8ac5.consensus.20160830.somatic.snv_mnv.vcf.gz	/n/data1/hms/dbmi/park/DATA/ICGC/PCAWG_Final_Datasets_DCC/consensus_cnv/segmented_cn/f4798483-9e32-4e6a-8bb5-6f45af2a8ac5.consensus.20170119.somatic.cna.txt
f48c3c82-bebe-4b8e-909e-e1a51a7142ec	/n/data1/hms/dbmi/park/DATA/ICGC/PCAWG_Final_Datasets_DCC/consensus_snv_indel/merged_snv_mnv/f48c3c82-bebe-4b8e-909e-e1a51a7142ec.consensus.20160830.somatic.snv_mnv.vcf.gz	/n/data1/hms/dbmi/park/DATA/ICGC/PCAWG_Final_Datasets_DCC/consensus_cnv/segmented_cn/f48c3c82-bebe-4b8e-909e-e1a51a7142ec.consensus.20170119.somatic.cna.txt
f4ada7a2-c4ac-4f89-ada7-4645861002cb	/n/data1/hms/dbmi/park/DATA/ICGC/PCAWG_Final_Datasets_DCC/consensus_snv_indel/merged_snv_mnv/f4ada7a2-c4ac-4f89-ada7-4645861002cb.consensus.20160830.somatic.snv_mnv.vcf.gz	/n/data1/hms/dbmi/park/DATA/ICGC/PCAWG_Final_Datasets_DCC/consensus_cnv/segmented_cn/f4ada7a2-c4ac-4f89-ada7-4645861002cb.consensus.20170119.somatic.cna.txt
f4baf913-c4ac-46f3-83b6-306b9182207d	/n/data1/hms/dbmi/park/DATA/ICGC/PCAWG_Final_Datasets_DCC/consensus_snv_indel/merged_snv_mnv/f4baf913-c4ac-46f3-83b6-306b9182207d.consensus.20160830.somatic.snv_mnv.vcf.gz	/n/data1/hms/dbmi/park/DATA/ICGC/PCAWG_Final_Datasets_DCC/consensus_cnv/segmented_cn/f4baf913-c4ac-46f3-83b6-306b9182207d.consensus.20170119.somatic.cna.txt
f4e673a9-5b85-46e7-bcac-2ce6e1026896	/n/data1/hms/dbmi/park/DATA/ICGC/PCAWG_Final_Datasets_DCC/consensus_snv_indel/merged_snv_mnv/f4e673a9-5b85-46e7-bcac-2ce6e1026896.consensus.20160830.somatic.snv_mnv.vcf.gz	/n/data1/hms/dbmi/park/DATA/ICGC/PCAWG_Final_Datasets_DCC/consensus_cnv/segmented_cn/f4e673a9-5b85-46e7-bcac-2ce6e1026896.consensus.20170119.somatic.cna.txt
f4e926fd-006e-4c85-b71c-1433c325acb0	/n/data1/hms/dbmi/park/DATA/ICGC/PCAWG_Final_Datasets_DCC/consensus_snv_indel/merged_snv_mnv/f4e926fd-006e-4c85-b71c-1433c325acb0.consensus.20160830.somatic.snv_mnv.vcf.gz	/n/data1/hms/dbmi/park/DATA/ICGC/PCAWG_Final_Datasets_DCC/consensus_cnv/segmented_cn/f4e926fd-006e-4c85-b71c-1433c325acb0.consensus.20170119.somatic.cna.txt
f4f48342-c622-11e3-bf01-24c6515278c0	/n/data1/hms/dbmi/park/DATA/ICGC/PCAWG_Final_Datasets_DCC/consensus_snv_indel/merged_snv_mnv/f4f48342-c622-11e3-bf01-24c6515278c0.consensus.20160830.somatic.snv_mnv.vcf.gz	/n/data1/hms/dbmi/park/DATA/ICGC/PCAWG_Final_Datasets_DCC/consensus_cnv/segmented_cn/f4f48342-c622-11e3-bf01-24c6515278c0.consensus.20170119.somatic.cna.txt
f50fb278-1f0f-406e-b341-eb3d1b97afe6	/n/data1/hms/dbmi/park/DATA/ICGC/PCAWG_Final_Datasets_DCC/consensus_snv_indel/merged_snv_mnv/f50fb278-1f0f-406e-b341-eb3d1b97afe6.consensus.20160830.somatic.snv_mnv.vcf.gz	/n/data1/hms/dbmi/park/DATA/ICGC/PCAWG_Final_Datasets_DCC/consensus_cnv/segmented_cn/f50fb278-1f0f-406e-b341-eb3d1b97afe6.consensus.20170119.somatic.cna.txt
f5378545-17d4-4a64-a57e-f6c91ef4cb3a	/n/data1/hms/dbmi/park/DATA/ICGC/PCAWG_Final_Datasets_DCC/consensus_snv_indel/merged_snv_mnv/f5378545-17d4-4a64-a57e-f6c91ef4cb3a.consensus.20160830.somatic.snv_mnv.vcf.gz	/n/data1/hms/dbmi/park/DATA/ICGC/PCAWG_Final_Datasets_DCC/consensus_cnv/segmented_cn/f5378545-17d4-4a64-a57e-f6c91ef4cb3a.consensus.20170119.somatic.cna.txt
f54442d1-80fa-4678-ac94-c3ad03bc37fb	/n/data1/hms/dbmi/park/DATA/ICGC/PCAWG_Final_Datasets_DCC/consensus_snv_indel/merged_snv_mnv/f54442d1-80fa-4678-ac94-c3ad03bc37fb.consensus.20160830.somatic.snv_mnv.vcf.gz	/n/data1/hms/dbmi/park/DATA/ICGC/PCAWG_Final_Datasets_DCC/consensus_cnv/segmented_cn/f54442d1-80fa-4678-ac94-c3ad03bc37fb.consensus.20170119.somatic.cna.txt
f54d6b6f-3bc2-41dd-81d0-74cf9e1e90e9	/n/data1/hms/dbmi/park/DATA/ICGC/PCAWG_Final_Datasets_DCC/consensus_snv_indel/merged_snv_mnv/f54d6b6f-3bc2-41dd-81d0-74cf9e1e90e9.consensus.20160830.somatic.snv_mnv.vcf.gz	/n/data1/hms/dbmi/park/DATA/ICGC/PCAWG_Final_Datasets_DCC/consensus_cnv/segmented_cn/f54d6b6f-3bc2-41dd-81d0-74cf9e1e90e9.consensus.20170119.somatic.cna.txt
f5bb7ae4-4bb4-4e87-b83c-bc8620584989	/n/data1/hms/dbmi/park/DATA/ICGC/PCAWG_Final_Datasets_DCC/consensus_snv_indel/merged_snv_mnv/f5bb7ae4-4bb4-4e87-b83c-bc8620584989.consensus.20160830.somatic.snv_mnv.vcf.gz	/n/data1/hms/dbmi/park/DATA/ICGC/PCAWG_Final_Datasets_DCC/consensus_cnv/segmented_cn/f5bb7ae4-4bb4-4e87-b83c-bc8620584989.consensus.20170119.somatic.cna.txt
f5c8f98a-c34a-49e8-a655-d8f29487b55c	/n/data1/hms/dbmi/park/DATA/ICGC/PCAWG_Final_Datasets_DCC/consensus_snv_indel/merged_snv_mnv/f5c8f98a-c34a-49e8-a655-d8f29487b55c.consensus.20160830.somatic.snv_mnv.vcf.gz	/n/data1/hms/dbmi/park/DATA/ICGC/PCAWG_Final_Datasets_DCC/consensus_cnv/segmented_cn/f5c8f98a-c34a-49e8-a655-d8f29487b55c.consensus.20170119.somatic.cna.txt
f60007b3-0603-4ad1-8b47-d2d4c4c621e4	/n/data1/hms/dbmi/park/DATA/ICGC/PCAWG_Final_Datasets_DCC/consensus_snv_indel/merged_snv_mnv/f60007b3-0603-4ad1-8b47-d2d4c4c621e4.consensus.20160830.somatic.snv_mnv.vcf.gz	/n/data1/hms/dbmi/park/DATA/ICGC/PCAWG_Final_Datasets_DCC/consensus_cnv/segmented_cn/f60007b3-0603-4ad1-8b47-d2d4c4c621e4.consensus.20170119.somatic.cna.txt
f601cf2f-081f-484d-ab0e-21a8ec8d3770	/n/data1/hms/dbmi/park/DATA/ICGC/PCAWG_Final_Datasets_DCC/consensus_snv_indel/merged_snv_mnv/f601cf2f-081f-484d-ab0e-21a8ec8d3770.consensus.20160830.somatic.snv_mnv.vcf.gz	/n/data1/hms/dbmi/park/DATA/ICGC/PCAWG_Final_Datasets_DCC/consensus_cnv/segmented_cn/f601cf2f-081f-484d-ab0e-21a8ec8d3770.consensus.20170119.somatic.cna.txt
f6114c69-71a1-47d5-9b28-b0227b1872f7	/n/data1/hms/dbmi/park/DATA/ICGC/PCAWG_Final_Datasets_DCC/consensus_snv_indel/merged_snv_mnv/f6114c69-71a1-47d5-9b28-b0227b1872f7.consensus.20160830.somatic.snv_mnv.vcf.gz	/n/data1/hms/dbmi/park/DATA/ICGC/PCAWG_Final_Datasets_DCC/consensus_cnv/segmented_cn/f6114c69-71a1-47d5-9b28-b0227b1872f7.consensus.20170119.somatic.cna.txt
f6189828-eeaa-4d21-b163-53bf3d47a640	/n/data1/hms/dbmi/park/DATA/ICGC/PCAWG_Final_Datasets_DCC/consensus_snv_indel/merged_snv_mnv/f6189828-eeaa-4d21-b163-53bf3d47a640.consensus.20160830.somatic.snv_mnv.vcf.gz	/n/data1/hms/dbmi/park/DATA/ICGC/PCAWG_Final_Datasets_DCC/consensus_cnv/segmented_cn/f6189828-eeaa-4d21-b163-53bf3d47a640.consensus.20170119.somatic.cna.txt
f61e794e-c622-11e3-bf01-24c6515278c0	/n/data1/hms/dbmi/park/DATA/ICGC/PCAWG_Final_Datasets_DCC/consensus_snv_indel/merged_snv_mnv/f61e794e-c622-11e3-bf01-24c6515278c0.consensus.20160830.somatic.snv_mnv.vcf.gz	/n/data1/hms/dbmi/park/DATA/ICGC/PCAWG_Final_Datasets_DCC/consensus_cnv/segmented_cn/f61e794e-c622-11e3-bf01-24c6515278c0.consensus.20170119.somatic.cna.txt
f640d377-98e9-41d3-8761-61eb33072c65	/n/data1/hms/dbmi/park/DATA/ICGC/PCAWG_Final_Datasets_DCC/consensus_snv_indel/merged_snv_mnv/f640d377-98e9-41d3-8761-61eb33072c65.consensus.20160830.somatic.snv_mnv.vcf.gz	/n/data1/hms/dbmi/park/DATA/ICGC/PCAWG_Final_Datasets_DCC/consensus_cnv/segmented_cn/f640d377-98e9-41d3-8761-61eb33072c65.consensus.20170119.somatic.cna.txt
f64e9609-d75d-400c-a92d-d77fd54d6c29	/n/data1/hms/dbmi/park/DATA/ICGC/PCAWG_Final_Datasets_DCC/consensus_snv_indel/merged_snv_mnv/f64e9609-d75d-400c-a92d-d77fd54d6c29.consensus.20160830.somatic.snv_mnv.vcf.gz	/n/data1/hms/dbmi/park/DATA/ICGC/PCAWG_Final_Datasets_DCC/consensus_cnv/segmented_cn/f64e9609-d75d-400c-a92d-d77fd54d6c29.consensus.20170119.somatic.cna.txt
f658c350-fb89-4268-8a59-a07e365f4221	/n/data1/hms/dbmi/park/DATA/ICGC/PCAWG_Final_Datasets_DCC/consensus_snv_indel/merged_snv_mnv/f658c350-fb89-4268-8a59-a07e365f4221.consensus.20160830.somatic.snv_mnv.vcf.gz	/n/data1/hms/dbmi/park/DATA/ICGC/PCAWG_Final_Datasets_DCC/consensus_cnv/segmented_cn/f658c350-fb89-4268-8a59-a07e365f4221.consensus.20170119.somatic.cna.txt
f663ff15-c8d3-4bff-8bf9-bf8e983579e0	/n/data1/hms/dbmi/park/DATA/ICGC/PCAWG_Final_Datasets_DCC/consensus_snv_indel/merged_snv_mnv/f663ff15-c8d3-4bff-8bf9-bf8e983579e0.consensus.20160830.somatic.snv_mnv.vcf.gz	/n/data1/hms/dbmi/park/DATA/ICGC/PCAWG_Final_Datasets_DCC/consensus_cnv/segmented_cn/f663ff15-c8d3-4bff-8bf9-bf8e983579e0.consensus.20170119.somatic.cna.txt
f69e5057-eda6-4391-ba9a-aedbf6b572da	/n/data1/hms/dbmi/park/DATA/ICGC/PCAWG_Final_Datasets_DCC/consensus_snv_indel/merged_snv_mnv/f69e5057-eda6-4391-ba9a-aedbf6b572da.consensus.20160830.somatic.snv_mnv.vcf.gz	/n/data1/hms/dbmi/park/DATA/ICGC/PCAWG_Final_Datasets_DCC/consensus_cnv/segmented_cn/f69e5057-eda6-4391-ba9a-aedbf6b572da.consensus.20170119.somatic.cna.txt
f6c811ff-f22e-490b-9b23-b527d20e6e6d	/n/data1/hms/dbmi/park/DATA/ICGC/PCAWG_Final_Datasets_DCC/consensus_snv_indel/merged_snv_mnv/f6c811ff-f22e-490b-9b23-b527d20e6e6d.consensus.20160830.somatic.snv_mnv.vcf.gz	/n/data1/hms/dbmi/park/DATA/ICGC/PCAWG_Final_Datasets_DCC/consensus_cnv/segmented_cn/f6c811ff-f22e-490b-9b23-b527d20e6e6d.consensus.20170119.somatic.cna.txt
f6e758a5-150f-4424-90b7-1c1a34aec9a3	/n/data1/hms/dbmi/park/DATA/ICGC/PCAWG_Final_Datasets_DCC/consensus_snv_indel/merged_snv_mnv/f6e758a5-150f-4424-90b7-1c1a34aec9a3.consensus.20160830.somatic.snv_mnv.vcf.gz	/n/data1/hms/dbmi/park/DATA/ICGC/PCAWG_Final_Datasets_DCC/consensus_cnv/segmented_cn/f6e758a5-150f-4424-90b7-1c1a34aec9a3.consensus.20170119.somatic.cna.txt
f7187888-f261-4a39-99b4-966fd7207117	/n/data1/hms/dbmi/park/DATA/ICGC/PCAWG_Final_Datasets_DCC/consensus_snv_indel/merged_snv_mnv/f7187888-f261-4a39-99b4-966fd7207117.consensus.20160830.somatic.snv_mnv.vcf.gz	/n/data1/hms/dbmi/park/DATA/ICGC/PCAWG_Final_Datasets_DCC/consensus_cnv/segmented_cn/f7187888-f261-4a39-99b4-966fd7207117.consensus.20170119.somatic.cna.txt
f7702c0c-9636-4700-a8ae-7a58afd9fa71	/n/data1/hms/dbmi/park/DATA/ICGC/PCAWG_Final_Datasets_DCC/consensus_snv_indel/merged_snv_mnv/f7702c0c-9636-4700-a8ae-7a58afd9fa71.consensus.20160830.somatic.snv_mnv.vcf.gz	/n/data1/hms/dbmi/park/DATA/ICGC/PCAWG_Final_Datasets_DCC/consensus_cnv/segmented_cn/f7702c0c-9636-4700-a8ae-7a58afd9fa71.consensus.20170119.somatic.cna.txt
f7b847e5-0f5d-69b4-e040-11ac0c4845fe	/n/data1/hms/dbmi/park/DATA/ICGC/PCAWG_Final_Datasets_DCC/consensus_snv_indel/merged_snv_mnv/f7b847e5-0f5d-69b4-e040-11ac0c4845fe.consensus.20160830.somatic.snv_mnv.vcf.gz	/n/data1/hms/dbmi/park/DATA/ICGC/PCAWG_Final_Datasets_DCC/consensus_cnv/segmented_cn/f7b847e5-0f5d-69b4-e040-11ac0c4845fe.consensus.20170119.somatic.cna.txt
f7b84b5d-8f28-e6b7-e040-11ac0c484704	/n/data1/hms/dbmi/park/DATA/ICGC/PCAWG_Final_Datasets_DCC/consensus_snv_indel/merged_snv_mnv/f7b84b5d-8f28-e6b7-e040-11ac0c484704.consensus.20160830.somatic.snv_mnv.vcf.gz	/n/data1/hms/dbmi/park/DATA/ICGC/PCAWG_Final_Datasets_DCC/consensus_cnv/segmented_cn/f7b84b5d-8f28-e6b7-e040-11ac0c484704.consensus.20170119.somatic.cna.txt
f7b84bac-f161-9eee-e040-11ac0c4847ed	/n/data1/hms/dbmi/park/DATA/ICGC/PCAWG_Final_Datasets_DCC/consensus_snv_indel/merged_snv_mnv/f7b84bac-f161-9eee-e040-11ac0c4847ed.consensus.20160830.somatic.snv_mnv.vcf.gz	/n/data1/hms/dbmi/park/DATA/ICGC/PCAWG_Final_Datasets_DCC/consensus_cnv/segmented_cn/f7b84bac-f161-9eee-e040-11ac0c4847ed.consensus.20170119.somatic.cna.txt
f7b84c09-15d4-3046-e040-11ac0c4847ff	/n/data1/hms/dbmi/park/DATA/ICGC/PCAWG_Final_Datasets_DCC/consensus_snv_indel/merged_snv_mnv/f7b84c09-15d4-3046-e040-11ac0c4847ff.consensus.20160830.somatic.snv_mnv.vcf.gz	/n/data1/hms/dbmi/park/DATA/ICGC/PCAWG_Final_Datasets_DCC/consensus_cnv/segmented_cn/f7b84c09-15d4-3046-e040-11ac0c4847ff.consensus.20170119.somatic.cna.txt
f7c6486a-bb08-f77a-e040-11ac0c482953	/n/data1/hms/dbmi/park/DATA/ICGC/PCAWG_Final_Datasets_DCC/consensus_snv_indel/merged_snv_mnv/f7c6486a-bb08-f77a-e040-11ac0c482953.consensus.20160830.somatic.snv_mnv.vcf.gz	/n/data1/hms/dbmi/park/DATA/ICGC/PCAWG_Final_Datasets_DCC/consensus_cnv/segmented_cn/f7c6486a-bb08-f77a-e040-11ac0c482953.consensus.20170119.somatic.cna.txt
f7c6a336-3126-7580-e040-11ac0c485971	/n/data1/hms/dbmi/park/DATA/ICGC/PCAWG_Final_Datasets_DCC/consensus_snv_indel/merged_snv_mnv/f7c6a336-3126-7580-e040-11ac0c485971.consensus.20160830.somatic.snv_mnv.vcf.gz	/n/data1/hms/dbmi/park/DATA/ICGC/PCAWG_Final_Datasets_DCC/consensus_cnv/segmented_cn/f7c6a336-3126-7580-e040-11ac0c485971.consensus.20170119.somatic.cna.txt
f7c7373c-1972-4968-e040-11ac0d486e80	/n/data1/hms/dbmi/park/DATA/ICGC/PCAWG_Final_Datasets_DCC/consensus_snv_indel/merged_snv_mnv/f7c7373c-1972-4968-e040-11ac0d486e80.consensus.20160830.somatic.snv_mnv.vcf.gz	/n/data1/hms/dbmi/park/DATA/ICGC/PCAWG_Final_Datasets_DCC/consensus_cnv/segmented_cn/f7c7373c-1972-4968-e040-11ac0d486e80.consensus.20170119.somatic.cna.txt
f7cc504a-37c9-45f5-b50d-599c54dca157	/n/data1/hms/dbmi/park/DATA/ICGC/PCAWG_Final_Datasets_DCC/consensus_snv_indel/merged_snv_mnv/f7cc504a-37c9-45f5-b50d-599c54dca157.consensus.20160830.somatic.snv_mnv.vcf.gz	/n/data1/hms/dbmi/park/DATA/ICGC/PCAWG_Final_Datasets_DCC/consensus_cnv/segmented_cn/f7cc504a-37c9-45f5-b50d-599c54dca157.consensus.20170119.somatic.cna.txt
f7d128d2-3964-e3bc-e040-11ac0d481667	/n/data1/hms/dbmi/park/DATA/ICGC/PCAWG_Final_Datasets_DCC/consensus_snv_indel/merged_snv_mnv/f7d128d2-3964-e3bc-e040-11ac0d481667.consensus.20160830.somatic.snv_mnv.vcf.gz	/n/data1/hms/dbmi/park/DATA/ICGC/PCAWG_Final_Datasets_DCC/consensus_cnv/segmented_cn/f7d128d2-3964-e3bc-e040-11ac0d481667.consensus.20170119.somatic.cna.txt
f7d70fac-c76f-399e-e040-11ac0c482f9c	/n/data1/hms/dbmi/park/DATA/ICGC/PCAWG_Final_Datasets_DCC/consensus_snv_indel/merged_snv_mnv/f7d70fac-c76f-399e-e040-11ac0c482f9c.consensus.20160830.somatic.snv_mnv.vcf.gz	/n/data1/hms/dbmi/park/DATA/ICGC/PCAWG_Final_Datasets_DCC/consensus_cnv/segmented_cn/f7d70fac-c76f-399e-e040-11ac0c482f9c.consensus.20170119.somatic.cna.txt
f7d77a03-28a0-f446-e040-11ac0c4866fb	/n/data1/hms/dbmi/park/DATA/ICGC/PCAWG_Final_Datasets_DCC/consensus_snv_indel/merged_snv_mnv/f7d77a03-28a0-f446-e040-11ac0c4866fb.consensus.20160830.somatic.snv_mnv.vcf.gz	/n/data1/hms/dbmi/park/DATA/ICGC/PCAWG_Final_Datasets_DCC/consensus_cnv/segmented_cn/f7d77a03-28a0-f446-e040-11ac0c4866fb.consensus.20170119.somatic.cna.txt
f7d7b3db-02af-61cb-e040-11ac0c480c03	/n/data1/hms/dbmi/park/DATA/ICGC/PCAWG_Final_Datasets_DCC/consensus_snv_indel/merged_snv_mnv/f7d7b3db-02af-61cb-e040-11ac0c480c03.consensus.20160830.somatic.snv_mnv.vcf.gz	/n/data1/hms/dbmi/park/DATA/ICGC/PCAWG_Final_Datasets_DCC/consensus_cnv/segmented_cn/f7d7b3db-02af-61cb-e040-11ac0c480c03.consensus.20170119.somatic.cna.txt
f7dcc2e4-1fc4-4b39-bc6a-720e66116d68	/n/data1/hms/dbmi/park/DATA/ICGC/PCAWG_Final_Datasets_DCC/consensus_snv_indel/merged_snv_mnv/f7dcc2e4-1fc4-4b39-bc6a-720e66116d68.consensus.20160830.somatic.snv_mnv.vcf.gz	/n/data1/hms/dbmi/park/DATA/ICGC/PCAWG_Final_Datasets_DCC/consensus_cnv/segmented_cn/f7dcc2e4-1fc4-4b39-bc6a-720e66116d68.consensus.20170119.somatic.cna.txt
f7e4a2a8-093d-9e36-e040-11ac0d480c7d	/n/data1/hms/dbmi/park/DATA/ICGC/PCAWG_Final_Datasets_DCC/consensus_snv_indel/merged_snv_mnv/f7e4a2a8-093d-9e36-e040-11ac0d480c7d.consensus.20160830.somatic.snv_mnv.vcf.gz	/n/data1/hms/dbmi/park/DATA/ICGC/PCAWG_Final_Datasets_DCC/consensus_cnv/segmented_cn/f7e4a2a8-093d-9e36-e040-11ac0d480c7d.consensus.20170119.somatic.cna.txt
f7e7b258-b4b2-e6c5-e040-11ac0d486773	/n/data1/hms/dbmi/park/DATA/ICGC/PCAWG_Final_Datasets_DCC/consensus_snv_indel/merged_snv_mnv/f7e7b258-b4b2-e6c5-e040-11ac0d486773.consensus.20160830.somatic.snv_mnv.vcf.gz	/n/data1/hms/dbmi/park/DATA/ICGC/PCAWG_Final_Datasets_DCC/consensus_cnv/segmented_cn/f7e7b258-b4b2-e6c5-e040-11ac0d486773.consensus.20170119.somatic.cna.txt
f7e7d61f-e2dc-b523-e040-11ac0c482000	/n/data1/hms/dbmi/park/DATA/ICGC/PCAWG_Final_Datasets_DCC/consensus_snv_indel/merged_snv_mnv/f7e7d61f-e2dc-b523-e040-11ac0c482000.consensus.20160830.somatic.snv_mnv.vcf.gz	/n/data1/hms/dbmi/park/DATA/ICGC/PCAWG_Final_Datasets_DCC/consensus_cnv/segmented_cn/f7e7d61f-e2dc-b523-e040-11ac0c482000.consensus.20170119.somatic.cna.txt
f7e9eed5-7a0b-4b2d-bea3-fd8c42a3b90e	/n/data1/hms/dbmi/park/DATA/ICGC/PCAWG_Final_Datasets_DCC/consensus_snv_indel/merged_snv_mnv/f7e9eed5-7a0b-4b2d-bea3-fd8c42a3b90e.consensus.20160830.somatic.snv_mnv.vcf.gz	/n/data1/hms/dbmi/park/DATA/ICGC/PCAWG_Final_Datasets_DCC/consensus_cnv/segmented_cn/f7e9eed5-7a0b-4b2d-bea3-fd8c42a3b90e.consensus.20170119.somatic.cna.txt
f7ed28a6-8f5f-e87b-e040-11ac0c48120e	/n/data1/hms/dbmi/park/DATA/ICGC/PCAWG_Final_Datasets_DCC/consensus_snv_indel/merged_snv_mnv/f7ed28a6-8f5f-e87b-e040-11ac0c48120e.consensus.20160830.somatic.snv_mnv.vcf.gz	/n/data1/hms/dbmi/park/DATA/ICGC/PCAWG_Final_Datasets_DCC/consensus_cnv/segmented_cn/f7ed28a6-8f5f-e87b-e040-11ac0c48120e.consensus.20170119.somatic.cna.txt
f7f3e156-0dde-72b9-e040-11ac0d48542c	/n/data1/hms/dbmi/park/DATA/ICGC/PCAWG_Final_Datasets_DCC/consensus_snv_indel/merged_snv_mnv/f7f3e156-0dde-72b9-e040-11ac0d48542c.consensus.20160830.somatic.snv_mnv.vcf.gz	/n/data1/hms/dbmi/park/DATA/ICGC/PCAWG_Final_Datasets_DCC/consensus_cnv/segmented_cn/f7f3e156-0dde-72b9-e040-11ac0d48542c.consensus.20170119.somatic.cna.txt
f7f66114-e321-1d4c-e040-11ac0d48541a	/n/data1/hms/dbmi/park/DATA/ICGC/PCAWG_Final_Datasets_DCC/consensus_snv_indel/merged_snv_mnv/f7f66114-e321-1d4c-e040-11ac0d48541a.consensus.20160830.somatic.snv_mnv.vcf.gz	/n/data1/hms/dbmi/park/DATA/ICGC/PCAWG_Final_Datasets_DCC/consensus_cnv/segmented_cn/f7f66114-e321-1d4c-e040-11ac0d48541a.consensus.20170119.somatic.cna.txt
f7f6619b-fae8-3381-e040-11ac0c483f78	/n/data1/hms/dbmi/park/DATA/ICGC/PCAWG_Final_Datasets_DCC/consensus_snv_indel/merged_snv_mnv/f7f6619b-fae8-3381-e040-11ac0c483f78.consensus.20160830.somatic.snv_mnv.vcf.gz	/n/data1/hms/dbmi/park/DATA/ICGC/PCAWG_Final_Datasets_DCC/consensus_cnv/segmented_cn/f7f6619b-fae8-3381-e040-11ac0c483f78.consensus.20170119.somatic.cna.txt
f7fdda4f-7bf7-ede7-e040-11ac0c486e57	/n/data1/hms/dbmi/park/DATA/ICGC/PCAWG_Final_Datasets_DCC/consensus_snv_indel/merged_snv_mnv/f7fdda4f-7bf7-ede7-e040-11ac0c486e57.consensus.20160830.somatic.snv_mnv.vcf.gz	/n/data1/hms/dbmi/park/DATA/ICGC/PCAWG_Final_Datasets_DCC/consensus_cnv/segmented_cn/f7fdda4f-7bf7-ede7-e040-11ac0c486e57.consensus.20170119.somatic.cna.txt
f80293b8-ddb7-f575-e040-11ac0d48309d	/n/data1/hms/dbmi/park/DATA/ICGC/PCAWG_Final_Datasets_DCC/consensus_snv_indel/merged_snv_mnv/f80293b8-ddb7-f575-e040-11ac0d48309d.consensus.20160830.somatic.snv_mnv.vcf.gz	/n/data1/hms/dbmi/park/DATA/ICGC/PCAWG_Final_Datasets_DCC/consensus_cnv/segmented_cn/f80293b8-ddb7-f575-e040-11ac0d48309d.consensus.20170119.somatic.cna.txt
f809247c-2bab-ab06-e040-11ac0d482b8a	/n/data1/hms/dbmi/park/DATA/ICGC/PCAWG_Final_Datasets_DCC/consensus_snv_indel/merged_snv_mnv/f809247c-2bab-ab06-e040-11ac0d482b8a.consensus.20160830.somatic.snv_mnv.vcf.gz	/n/data1/hms/dbmi/park/DATA/ICGC/PCAWG_Final_Datasets_DCC/consensus_cnv/segmented_cn/f809247c-2bab-ab06-e040-11ac0d482b8a.consensus.20170119.somatic.cna.txt
f81693ba-09ee-4201-a389-0ceeda8a4636	/n/data1/hms/dbmi/park/DATA/ICGC/PCAWG_Final_Datasets_DCC/consensus_snv_indel/merged_snv_mnv/f81693ba-09ee-4201-a389-0ceeda8a4636.consensus.20160830.somatic.snv_mnv.vcf.gz	/n/data1/hms/dbmi/park/DATA/ICGC/PCAWG_Final_Datasets_DCC/consensus_cnv/segmented_cn/f81693ba-09ee-4201-a389-0ceeda8a4636.consensus.20170119.somatic.cna.txt
f82d213f-9843-28eb-e040-11ac0d483e48	/n/data1/hms/dbmi/park/DATA/ICGC/PCAWG_Final_Datasets_DCC/consensus_snv_indel/merged_snv_mnv/f82d213f-9843-28eb-e040-11ac0d483e48.consensus.20160830.somatic.snv_mnv.vcf.gz	/n/data1/hms/dbmi/park/DATA/ICGC/PCAWG_Final_Datasets_DCC/consensus_cnv/segmented_cn/f82d213f-9843-28eb-e040-11ac0d483e48.consensus.20170119.somatic.cna.txt
f82d213f-9ba5-7b6b-e040-11ac0c486882	/n/data1/hms/dbmi/park/DATA/ICGC/PCAWG_Final_Datasets_DCC/consensus_snv_indel/merged_snv_mnv/f82d213f-9ba5-7b6b-e040-11ac0c486882.consensus.20160830.somatic.snv_mnv.vcf.gz	/n/data1/hms/dbmi/park/DATA/ICGC/PCAWG_Final_Datasets_DCC/consensus_cnv/segmented_cn/f82d213f-9ba5-7b6b-e040-11ac0c486882.consensus.20170119.somatic.cna.txt
f82d213f-bc06-5b51-e040-11ac0c48687e	/n/data1/hms/dbmi/park/DATA/ICGC/PCAWG_Final_Datasets_DCC/consensus_snv_indel/merged_snv_mnv/f82d213f-bc06-5b51-e040-11ac0c48687e.consensus.20160830.somatic.snv_mnv.vcf.gz	/n/data1/hms/dbmi/park/DATA/ICGC/PCAWG_Final_Datasets_DCC/consensus_cnv/segmented_cn/f82d213f-bc06-5b51-e040-11ac0c48687e.consensus.20170119.somatic.cna.txt
f82d213f-bc99-5b1d-e040-11ac0c486880	/n/data1/hms/dbmi/park/DATA/ICGC/PCAWG_Final_Datasets_DCC/consensus_snv_indel/merged_snv_mnv/f82d213f-bc99-5b1d-e040-11ac0c486880.consensus.20160830.somatic.snv_mnv.vcf.gz	/n/data1/hms/dbmi/park/DATA/ICGC/PCAWG_Final_Datasets_DCC/consensus_cnv/segmented_cn/f82d213f-bc99-5b1d-e040-11ac0c486880.consensus.20170119.somatic.cna.txt
f82d213f-caa7-fd59-e040-11ac0d483e46	/n/data1/hms/dbmi/park/DATA/ICGC/PCAWG_Final_Datasets_DCC/consensus_snv_indel/merged_snv_mnv/f82d213f-caa7-fd59-e040-11ac0d483e46.consensus.20160830.somatic.snv_mnv.vcf.gz	/n/data1/hms/dbmi/park/DATA/ICGC/PCAWG_Final_Datasets_DCC/consensus_cnv/segmented_cn/f82d213f-caa7-fd59-e040-11ac0d483e46.consensus.20170119.somatic.cna.txt
f82d2146-70f5-8114-e040-11ac0d483e50	/n/data1/hms/dbmi/park/DATA/ICGC/PCAWG_Final_Datasets_DCC/consensus_snv_indel/merged_snv_mnv/f82d2146-70f5-8114-e040-11ac0d483e50.consensus.20160830.somatic.snv_mnv.vcf.gz	/n/data1/hms/dbmi/park/DATA/ICGC/PCAWG_Final_Datasets_DCC/consensus_cnv/segmented_cn/f82d2146-70f5-8114-e040-11ac0d483e50.consensus.20170119.somatic.cna.txt
f82d2146-726a-d0e0-e040-11ac0c486888	/n/data1/hms/dbmi/park/DATA/ICGC/PCAWG_Final_Datasets_DCC/consensus_snv_indel/merged_snv_mnv/f82d2146-726a-d0e0-e040-11ac0c486888.consensus.20160830.somatic.snv_mnv.vcf.gz	/n/data1/hms/dbmi/park/DATA/ICGC/PCAWG_Final_Datasets_DCC/consensus_cnv/segmented_cn/f82d2146-726a-d0e0-e040-11ac0c486888.consensus.20170119.somatic.cna.txt
f83f1eb8-b2c8-c3d6-e040-11ac0c48261e	/n/data1/hms/dbmi/park/DATA/ICGC/PCAWG_Final_Datasets_DCC/consensus_snv_indel/merged_snv_mnv/f83f1eb8-b2c8-c3d6-e040-11ac0c48261e.consensus.20160830.somatic.snv_mnv.vcf.gz	/n/data1/hms/dbmi/park/DATA/ICGC/PCAWG_Final_Datasets_DCC/consensus_cnv/segmented_cn/f83f1eb8-b2c8-c3d6-e040-11ac0c48261e.consensus.20170119.somatic.cna.txt
f83fc777-5416-c3e9-e040-11ac0d482c8e	/n/data1/hms/dbmi/park/DATA/ICGC/PCAWG_Final_Datasets_DCC/consensus_snv_indel/merged_snv_mnv/f83fc777-5416-c3e9-e040-11ac0d482c8e.consensus.20160830.somatic.snv_mnv.vcf.gz	/n/data1/hms/dbmi/park/DATA/ICGC/PCAWG_Final_Datasets_DCC/consensus_cnv/segmented_cn/f83fc777-5416-c3e9-e040-11ac0d482c8e.consensus.20170119.somatic.cna.txt
f8407106-8a96-8f85-e040-11ac0d481656	/n/data1/hms/dbmi/park/DATA/ICGC/PCAWG_Final_Datasets_DCC/consensus_snv_indel/merged_snv_mnv/f8407106-8a96-8f85-e040-11ac0d481656.consensus.20160830.somatic.snv_mnv.vcf.gz	/n/data1/hms/dbmi/park/DATA/ICGC/PCAWG_Final_Datasets_DCC/consensus_cnv/segmented_cn/f8407106-8a96-8f85-e040-11ac0d481656.consensus.20170119.somatic.cna.txt
f841c488-6b8d-6645-e040-11ac0c481418	/n/data1/hms/dbmi/park/DATA/ICGC/PCAWG_Final_Datasets_DCC/consensus_snv_indel/merged_snv_mnv/f841c488-6b8d-6645-e040-11ac0c481418.consensus.20160830.somatic.snv_mnv.vcf.gz	/n/data1/hms/dbmi/park/DATA/ICGC/PCAWG_Final_Datasets_DCC/consensus_cnv/segmented_cn/f841c488-6b8d-6645-e040-11ac0c481418.consensus.20170119.somatic.cna.txt
f8425828-5b0f-23a8-e040-11ac0d484128	/n/data1/hms/dbmi/park/DATA/ICGC/PCAWG_Final_Datasets_DCC/consensus_snv_indel/merged_snv_mnv/f8425828-5b0f-23a8-e040-11ac0d484128.consensus.20160830.somatic.snv_mnv.vcf.gz	/n/data1/hms/dbmi/park/DATA/ICGC/PCAWG_Final_Datasets_DCC/consensus_cnv/segmented_cn/f8425828-5b0f-23a8-e040-11ac0d484128.consensus.20170119.somatic.cna.txt
f843ed5c-0336-3d33-e040-11ac0d48478c	/n/data1/hms/dbmi/park/DATA/ICGC/PCAWG_Final_Datasets_DCC/consensus_snv_indel/merged_snv_mnv/f843ed5c-0336-3d33-e040-11ac0d48478c.consensus.20160830.somatic.snv_mnv.vcf.gz	/n/data1/hms/dbmi/park/DATA/ICGC/PCAWG_Final_Datasets_DCC/consensus_cnv/segmented_cn/f843ed5c-0336-3d33-e040-11ac0d48478c.consensus.20170119.somatic.cna.txt
f845ebba-8c56-b559-e040-11ac0c4863d5	/n/data1/hms/dbmi/park/DATA/ICGC/PCAWG_Final_Datasets_DCC/consensus_snv_indel/merged_snv_mnv/f845ebba-8c56-b559-e040-11ac0c4863d5.consensus.20160830.somatic.snv_mnv.vcf.gz	/n/data1/hms/dbmi/park/DATA/ICGC/PCAWG_Final_Datasets_DCC/consensus_cnv/segmented_cn/f845ebba-8c56-b559-e040-11ac0c4863d5.consensus.20170119.somatic.cna.txt
f848b66f-bd9e-4fba-afd4-eb58848d1ef4	/n/data1/hms/dbmi/park/DATA/ICGC/PCAWG_Final_Datasets_DCC/consensus_snv_indel/merged_snv_mnv/f848b66f-bd9e-4fba-afd4-eb58848d1ef4.consensus.20160830.somatic.snv_mnv.vcf.gz	/n/data1/hms/dbmi/park/DATA/ICGC/PCAWG_Final_Datasets_DCC/consensus_cnv/segmented_cn/f848b66f-bd9e-4fba-afd4-eb58848d1ef4.consensus.20170119.somatic.cna.txt
f8515e5a-7de3-6be3-e040-11ac0c480d6d	/n/data1/hms/dbmi/park/DATA/ICGC/PCAWG_Final_Datasets_DCC/consensus_snv_indel/merged_snv_mnv/f8515e5a-7de3-6be3-e040-11ac0c480d6d.consensus.20160830.somatic.snv_mnv.vcf.gz	/n/data1/hms/dbmi/park/DATA/ICGC/PCAWG_Final_Datasets_DCC/consensus_cnv/segmented_cn/f8515e5a-7de3-6be3-e040-11ac0c480d6d.consensus.20170119.somatic.cna.txt
f85397dc-e6e9-4f54-e040-11ac0d48706c	/n/data1/hms/dbmi/park/DATA/ICGC/PCAWG_Final_Datasets_DCC/consensus_snv_indel/merged_snv_mnv/f85397dc-e6e9-4f54-e040-11ac0d48706c.consensus.20160830.somatic.snv_mnv.vcf.gz	/n/data1/hms/dbmi/park/DATA/ICGC/PCAWG_Final_Datasets_DCC/consensus_cnv/segmented_cn/f85397dc-e6e9-4f54-e040-11ac0d48706c.consensus.20170119.somatic.cna.txt
f854ae3f-356d-f0ad-e040-11ac0c485dae	/n/data1/hms/dbmi/park/DATA/ICGC/PCAWG_Final_Datasets_DCC/consensus_snv_indel/merged_snv_mnv/f854ae3f-356d-f0ad-e040-11ac0c485dae.consensus.20160830.somatic.snv_mnv.vcf.gz	/n/data1/hms/dbmi/park/DATA/ICGC/PCAWG_Final_Datasets_DCC/consensus_cnv/segmented_cn/f854ae3f-356d-f0ad-e040-11ac0c485dae.consensus.20170119.somatic.cna.txt
f8572359-f29a-5945-e040-11ac0d4821cf	/n/data1/hms/dbmi/park/DATA/ICGC/PCAWG_Final_Datasets_DCC/consensus_snv_indel/merged_snv_mnv/f8572359-f29a-5945-e040-11ac0d4821cf.consensus.20160830.somatic.snv_mnv.vcf.gz	/n/data1/hms/dbmi/park/DATA/ICGC/PCAWG_Final_Datasets_DCC/consensus_cnv/segmented_cn/f8572359-f29a-5945-e040-11ac0d4821cf.consensus.20170119.somatic.cna.txt
f858d813-f3c5-4ad9-8c20-9f231d6624d8	/n/data1/hms/dbmi/park/DATA/ICGC/PCAWG_Final_Datasets_DCC/consensus_snv_indel/merged_snv_mnv/f858d813-f3c5-4ad9-8c20-9f231d6624d8.consensus.20160830.somatic.snv_mnv.vcf.gz	/n/data1/hms/dbmi/park/DATA/ICGC/PCAWG_Final_Datasets_DCC/consensus_cnv/segmented_cn/f858d813-f3c5-4ad9-8c20-9f231d6624d8.consensus.20170119.somatic.cna.txt
f8593ac0-9480-22a0-e040-11ac0d48697a	/n/data1/hms/dbmi/park/DATA/ICGC/PCAWG_Final_Datasets_DCC/consensus_snv_indel/merged_snv_mnv/f8593ac0-9480-22a0-e040-11ac0d48697a.consensus.20160830.somatic.snv_mnv.vcf.gz	/n/data1/hms/dbmi/park/DATA/ICGC/PCAWG_Final_Datasets_DCC/consensus_cnv/segmented_cn/f8593ac0-9480-22a0-e040-11ac0d48697a.consensus.20170119.somatic.cna.txt
f85add3d-e2e6-31f8-e040-11ac0d48479c	/n/data1/hms/dbmi/park/DATA/ICGC/PCAWG_Final_Datasets_DCC/consensus_snv_indel/merged_snv_mnv/f85add3d-e2e6-31f8-e040-11ac0d48479c.consensus.20160830.somatic.snv_mnv.vcf.gz	/n/data1/hms/dbmi/park/DATA/ICGC/PCAWG_Final_Datasets_DCC/consensus_cnv/segmented_cn/f85add3d-e2e6-31f8-e040-11ac0d48479c.consensus.20170119.somatic.cna.txt
f85ae2b7-cebf-17a2-e040-11ac0c48033a	/n/data1/hms/dbmi/park/DATA/ICGC/PCAWG_Final_Datasets_DCC/consensus_snv_indel/merged_snv_mnv/f85ae2b7-cebf-17a2-e040-11ac0c48033a.consensus.20160830.somatic.snv_mnv.vcf.gz	/n/data1/hms/dbmi/park/DATA/ICGC/PCAWG_Final_Datasets_DCC/consensus_cnv/segmented_cn/f85ae2b7-cebf-17a2-e040-11ac0c48033a.consensus.20170119.somatic.cna.txt
f860bc4c-f31b-6538-e040-11ac0c48268f	/n/data1/hms/dbmi/park/DATA/ICGC/PCAWG_Final_Datasets_DCC/consensus_snv_indel/merged_snv_mnv/f860bc4c-f31b-6538-e040-11ac0c48268f.consensus.20160830.somatic.snv_mnv.vcf.gz	/n/data1/hms/dbmi/park/DATA/ICGC/PCAWG_Final_Datasets_DCC/consensus_cnv/segmented_cn/f860bc4c-f31b-6538-e040-11ac0c48268f.consensus.20170119.somatic.cna.txt
f866123a-9eb0-e856-e040-11ac0c48717e	/n/data1/hms/dbmi/park/DATA/ICGC/PCAWG_Final_Datasets_DCC/consensus_snv_indel/merged_snv_mnv/f866123a-9eb0-e856-e040-11ac0c48717e.consensus.20160830.somatic.snv_mnv.vcf.gz	/n/data1/hms/dbmi/park/DATA/ICGC/PCAWG_Final_Datasets_DCC/consensus_cnv/segmented_cn/f866123a-9eb0-e856-e040-11ac0c48717e.consensus.20170119.somatic.cna.txt
f86975a2-78a4-ef8c-e040-11ac0c4809da	/n/data1/hms/dbmi/park/DATA/ICGC/PCAWG_Final_Datasets_DCC/consensus_snv_indel/merged_snv_mnv/f86975a2-78a4-ef8c-e040-11ac0c4809da.consensus.20160830.somatic.snv_mnv.vcf.gz	/n/data1/hms/dbmi/park/DATA/ICGC/PCAWG_Final_Datasets_DCC/consensus_cnv/segmented_cn/f86975a2-78a4-ef8c-e040-11ac0c4809da.consensus.20170119.somatic.cna.txt
f86ae246-2492-9785-e040-11ac0d4813b0	/n/data1/hms/dbmi/park/DATA/ICGC/PCAWG_Final_Datasets_DCC/consensus_snv_indel/merged_snv_mnv/f86ae246-2492-9785-e040-11ac0d4813b0.consensus.20160830.somatic.snv_mnv.vcf.gz	/n/data1/hms/dbmi/park/DATA/ICGC/PCAWG_Final_Datasets_DCC/consensus_cnv/segmented_cn/f86ae246-2492-9785-e040-11ac0d4813b0.consensus.20170119.somatic.cna.txt
f86b6ba2-8f4b-ee53-e040-11ac0d485904	/n/data1/hms/dbmi/park/DATA/ICGC/PCAWG_Final_Datasets_DCC/consensus_snv_indel/merged_snv_mnv/f86b6ba2-8f4b-ee53-e040-11ac0d485904.consensus.20160830.somatic.snv_mnv.vcf.gz	/n/data1/hms/dbmi/park/DATA/ICGC/PCAWG_Final_Datasets_DCC/consensus_cnv/segmented_cn/f86b6ba2-8f4b-ee53-e040-11ac0d485904.consensus.20170119.somatic.cna.txt
f86b7e84-7040-c751-e040-11ac0c485675	/n/data1/hms/dbmi/park/DATA/ICGC/PCAWG_Final_Datasets_DCC/consensus_snv_indel/merged_snv_mnv/f86b7e84-7040-c751-e040-11ac0c485675.consensus.20160830.somatic.snv_mnv.vcf.gz	/n/data1/hms/dbmi/park/DATA/ICGC/PCAWG_Final_Datasets_DCC/consensus_cnv/segmented_cn/f86b7e84-7040-c751-e040-11ac0c485675.consensus.20170119.somatic.cna.txt
f86e2d80-911b-7a19-e040-11ac0d486900	/n/data1/hms/dbmi/park/DATA/ICGC/PCAWG_Final_Datasets_DCC/consensus_snv_indel/merged_snv_mnv/f86e2d80-911b-7a19-e040-11ac0d486900.consensus.20160830.somatic.snv_mnv.vcf.gz	/n/data1/hms/dbmi/park/DATA/ICGC/PCAWG_Final_Datasets_DCC/consensus_cnv/segmented_cn/f86e2d80-911b-7a19-e040-11ac0d486900.consensus.20170119.somatic.cna.txt
f8733b80-c622-11e3-bf01-24c6515278c0	/n/data1/hms/dbmi/park/DATA/ICGC/PCAWG_Final_Datasets_DCC/consensus_snv_indel/merged_snv_mnv/f8733b80-c622-11e3-bf01-24c6515278c0.consensus.20160830.somatic.snv_mnv.vcf.gz	/n/data1/hms/dbmi/park/DATA/ICGC/PCAWG_Final_Datasets_DCC/consensus_cnv/segmented_cn/f8733b80-c622-11e3-bf01-24c6515278c0.consensus.20170119.somatic.cna.txt
f87348df-7186-4c6b-e040-11ac0c482ba9	/n/data1/hms/dbmi/park/DATA/ICGC/PCAWG_Final_Datasets_DCC/consensus_snv_indel/merged_snv_mnv/f87348df-7186-4c6b-e040-11ac0c482ba9.consensus.20160830.somatic.snv_mnv.vcf.gz	/n/data1/hms/dbmi/park/DATA/ICGC/PCAWG_Final_Datasets_DCC/consensus_cnv/segmented_cn/f87348df-7186-4c6b-e040-11ac0c482ba9.consensus.20170119.somatic.cna.txt
f87cdca1-2c85-49d2-e040-11ac0d485c9d	/n/data1/hms/dbmi/park/DATA/ICGC/PCAWG_Final_Datasets_DCC/consensus_snv_indel/merged_snv_mnv/f87cdca1-2c85-49d2-e040-11ac0d485c9d.consensus.20160830.somatic.snv_mnv.vcf.gz	/n/data1/hms/dbmi/park/DATA/ICGC/PCAWG_Final_Datasets_DCC/consensus_cnv/segmented_cn/f87cdca1-2c85-49d2-e040-11ac0d485c9d.consensus.20170119.somatic.cna.txt
f87d7c27-eeef-920e-e040-11ac0d48388d	/n/data1/hms/dbmi/park/DATA/ICGC/PCAWG_Final_Datasets_DCC/consensus_snv_indel/merged_snv_mnv/f87d7c27-eeef-920e-e040-11ac0d48388d.consensus.20160830.somatic.snv_mnv.vcf.gz	/n/data1/hms/dbmi/park/DATA/ICGC/PCAWG_Final_Datasets_DCC/consensus_cnv/segmented_cn/f87d7c27-eeef-920e-e040-11ac0d48388d.consensus.20170119.somatic.cna.txt
f87e94a9-ef37-fcba-e040-11ac0c482332	/n/data1/hms/dbmi/park/DATA/ICGC/PCAWG_Final_Datasets_DCC/consensus_snv_indel/merged_snv_mnv/f87e94a9-ef37-fcba-e040-11ac0c482332.consensus.20160830.somatic.snv_mnv.vcf.gz	/n/data1/hms/dbmi/park/DATA/ICGC/PCAWG_Final_Datasets_DCC/consensus_cnv/segmented_cn/f87e94a9-ef37-fcba-e040-11ac0c482332.consensus.20170119.somatic.cna.txt
f87eb1b5-1712-ca1f-e040-11ac0c483848	/n/data1/hms/dbmi/park/DATA/ICGC/PCAWG_Final_Datasets_DCC/consensus_snv_indel/merged_snv_mnv/f87eb1b5-1712-ca1f-e040-11ac0c483848.consensus.20160830.somatic.snv_mnv.vcf.gz	/n/data1/hms/dbmi/park/DATA/ICGC/PCAWG_Final_Datasets_DCC/consensus_cnv/segmented_cn/f87eb1b5-1712-ca1f-e040-11ac0c483848.consensus.20170119.somatic.cna.txt
f8809cee-8f81-28f8-e040-11ac0d4873bf	/n/data1/hms/dbmi/park/DATA/ICGC/PCAWG_Final_Datasets_DCC/consensus_snv_indel/merged_snv_mnv/f8809cee-8f81-28f8-e040-11ac0d4873bf.consensus.20160830.somatic.snv_mnv.vcf.gz	/n/data1/hms/dbmi/park/DATA/ICGC/PCAWG_Final_Datasets_DCC/consensus_cnv/segmented_cn/f8809cee-8f81-28f8-e040-11ac0d4873bf.consensus.20170119.somatic.cna.txt
f89ef95e-6e39-420b-a3c2-ccebcc69ce3b	/n/data1/hms/dbmi/park/DATA/ICGC/PCAWG_Final_Datasets_DCC/consensus_snv_indel/merged_snv_mnv/f89ef95e-6e39-420b-a3c2-ccebcc69ce3b.consensus.20160830.somatic.snv_mnv.vcf.gz	/n/data1/hms/dbmi/park/DATA/ICGC/PCAWG_Final_Datasets_DCC/consensus_cnv/segmented_cn/f89ef95e-6e39-420b-a3c2-ccebcc69ce3b.consensus.20170119.somatic.cna.txt
f8a165b0-51df-413c-b7c6-c7fc80547db4	/n/data1/hms/dbmi/park/DATA/ICGC/PCAWG_Final_Datasets_DCC/consensus_snv_indel/merged_snv_mnv/f8a165b0-51df-413c-b7c6-c7fc80547db4.consensus.20160830.somatic.snv_mnv.vcf.gz	/n/data1/hms/dbmi/park/DATA/ICGC/PCAWG_Final_Datasets_DCC/consensus_cnv/segmented_cn/f8a165b0-51df-413c-b7c6-c7fc80547db4.consensus.20170119.somatic.cna.txt
f8d89ae2-2c7d-40ae-8d40-34b93b16efc9	/n/data1/hms/dbmi/park/DATA/ICGC/PCAWG_Final_Datasets_DCC/consensus_snv_indel/merged_snv_mnv/f8d89ae2-2c7d-40ae-8d40-34b93b16efc9.consensus.20160830.somatic.snv_mnv.vcf.gz	/n/data1/hms/dbmi/park/DATA/ICGC/PCAWG_Final_Datasets_DCC/consensus_cnv/segmented_cn/f8d89ae2-2c7d-40ae-8d40-34b93b16efc9.consensus.20170119.somatic.cna.txt
f8e61a02-654c-c226-e040-11ac0d481b60	/n/data1/hms/dbmi/park/DATA/ICGC/PCAWG_Final_Datasets_DCC/consensus_snv_indel/merged_snv_mnv/f8e61a02-654c-c226-e040-11ac0d481b60.consensus.20160830.somatic.snv_mnv.vcf.gz	/n/data1/hms/dbmi/park/DATA/ICGC/PCAWG_Final_Datasets_DCC/consensus_cnv/segmented_cn/f8e61a02-654c-c226-e040-11ac0d481b60.consensus.20170119.somatic.cna.txt
f8e61a02-6e5e-c8e2-e040-11ac0d481b70	/n/data1/hms/dbmi/park/DATA/ICGC/PCAWG_Final_Datasets_DCC/consensus_snv_indel/merged_snv_mnv/f8e61a02-6e5e-c8e2-e040-11ac0d481b70.consensus.20160830.somatic.snv_mnv.vcf.gz	/n/data1/hms/dbmi/park/DATA/ICGC/PCAWG_Final_Datasets_DCC/consensus_cnv/segmented_cn/f8e61a02-6e5e-c8e2-e040-11ac0d481b70.consensus.20170119.somatic.cna.txt
f8e61a02-8c03-ad45-e040-11ac0d481b62	/n/data1/hms/dbmi/park/DATA/ICGC/PCAWG_Final_Datasets_DCC/consensus_snv_indel/merged_snv_mnv/f8e61a02-8c03-ad45-e040-11ac0d481b62.consensus.20160830.somatic.snv_mnv.vcf.gz	/n/data1/hms/dbmi/park/DATA/ICGC/PCAWG_Final_Datasets_DCC/consensus_cnv/segmented_cn/f8e61a02-8c03-ad45-e040-11ac0d481b62.consensus.20170119.somatic.cna.txt
f8e61a02-8c9e-aaee-e040-11ac0d481b6a	/n/data1/hms/dbmi/park/DATA/ICGC/PCAWG_Final_Datasets_DCC/consensus_snv_indel/merged_snv_mnv/f8e61a02-8c9e-aaee-e040-11ac0d481b6a.consensus.20160830.somatic.snv_mnv.vcf.gz	/n/data1/hms/dbmi/park/DATA/ICGC/PCAWG_Final_Datasets_DCC/consensus_cnv/segmented_cn/f8e61a02-8c9e-aaee-e040-11ac0d481b6a.consensus.20170119.somatic.cna.txt
f8e61a02-8fbe-a9af-e040-11ac0d481b64	/n/data1/hms/dbmi/park/DATA/ICGC/PCAWG_Final_Datasets_DCC/consensus_snv_indel/merged_snv_mnv/f8e61a02-8fbe-a9af-e040-11ac0d481b64.consensus.20160830.somatic.snv_mnv.vcf.gz	/n/data1/hms/dbmi/park/DATA/ICGC/PCAWG_Final_Datasets_DCC/consensus_cnv/segmented_cn/f8e61a02-8fbe-a9af-e040-11ac0d481b64.consensus.20170119.somatic.cna.txt
f8e61a02-909d-a906-e040-11ac0d481b6e	/n/data1/hms/dbmi/park/DATA/ICGC/PCAWG_Final_Datasets_DCC/consensus_snv_indel/merged_snv_mnv/f8e61a02-909d-a906-e040-11ac0d481b6e.consensus.20160830.somatic.snv_mnv.vcf.gz	/n/data1/hms/dbmi/park/DATA/ICGC/PCAWG_Final_Datasets_DCC/consensus_cnv/segmented_cn/f8e61a02-909d-a906-e040-11ac0d481b6e.consensus.20170119.somatic.cna.txt
f8e61a02-90ec-96fd-e040-11ac0d481b5e	/n/data1/hms/dbmi/park/DATA/ICGC/PCAWG_Final_Datasets_DCC/consensus_snv_indel/merged_snv_mnv/f8e61a02-90ec-96fd-e040-11ac0d481b5e.consensus.20160830.somatic.snv_mnv.vcf.gz	/n/data1/hms/dbmi/park/DATA/ICGC/PCAWG_Final_Datasets_DCC/consensus_cnv/segmented_cn/f8e61a02-90ec-96fd-e040-11ac0d481b5e.consensus.20170119.somatic.cna.txt
f8e61a02-92b1-947e-e040-11ac0d481b68	/n/data1/hms/dbmi/park/DATA/ICGC/PCAWG_Final_Datasets_DCC/consensus_snv_indel/merged_snv_mnv/f8e61a02-92b1-947e-e040-11ac0d481b68.consensus.20160830.somatic.snv_mnv.vcf.gz	/n/data1/hms/dbmi/park/DATA/ICGC/PCAWG_Final_Datasets_DCC/consensus_cnv/segmented_cn/f8e61a02-92b1-947e-e040-11ac0d481b68.consensus.20170119.somatic.cna.txt
f8e61a02-938b-9428-e040-11ac0d481b6c	/n/data1/hms/dbmi/park/DATA/ICGC/PCAWG_Final_Datasets_DCC/consensus_snv_indel/merged_snv_mnv/f8e61a02-938b-9428-e040-11ac0d481b6c.consensus.20160830.somatic.snv_mnv.vcf.gz	/n/data1/hms/dbmi/park/DATA/ICGC/PCAWG_Final_Datasets_DCC/consensus_cnv/segmented_cn/f8e61a02-938b-9428-e040-11ac0d481b6c.consensus.20170119.somatic.cna.txt
f8e61a06-42fa-e42c-e040-11ac0d481b72	/n/data1/hms/dbmi/park/DATA/ICGC/PCAWG_Final_Datasets_DCC/consensus_snv_indel/merged_snv_mnv/f8e61a06-42fa-e42c-e040-11ac0d481b72.consensus.20160830.somatic.snv_mnv.vcf.gz	/n/data1/hms/dbmi/park/DATA/ICGC/PCAWG_Final_Datasets_DCC/consensus_cnv/segmented_cn/f8e61a06-42fa-e42c-e040-11ac0d481b72.consensus.20170119.somatic.cna.txt
f8efa5ad-3a4d-39d6-e040-11ac0c480132	/n/data1/hms/dbmi/park/DATA/ICGC/PCAWG_Final_Datasets_DCC/consensus_snv_indel/merged_snv_mnv/f8efa5ad-3a4d-39d6-e040-11ac0c480132.consensus.20160830.somatic.snv_mnv.vcf.gz	/n/data1/hms/dbmi/park/DATA/ICGC/PCAWG_Final_Datasets_DCC/consensus_cnv/segmented_cn/f8efa5ad-3a4d-39d6-e040-11ac0c480132.consensus.20170119.somatic.cna.txt
f8efc19a-1e4b-e1b0-e040-11ac0c48104e	/n/data1/hms/dbmi/park/DATA/ICGC/PCAWG_Final_Datasets_DCC/consensus_snv_indel/merged_snv_mnv/f8efc19a-1e4b-e1b0-e040-11ac0c48104e.consensus.20160830.somatic.snv_mnv.vcf.gz	/n/data1/hms/dbmi/park/DATA/ICGC/PCAWG_Final_Datasets_DCC/consensus_cnv/segmented_cn/f8efc19a-1e4b-e1b0-e040-11ac0c48104e.consensus.20170119.somatic.cna.txt
f8f0136b-09ec-d079-e040-11ac0c4842e7	/n/data1/hms/dbmi/park/DATA/ICGC/PCAWG_Final_Datasets_DCC/consensus_snv_indel/merged_snv_mnv/f8f0136b-09ec-d079-e040-11ac0c4842e7.consensus.20160830.somatic.snv_mnv.vcf.gz	/n/data1/hms/dbmi/park/DATA/ICGC/PCAWG_Final_Datasets_DCC/consensus_cnv/segmented_cn/f8f0136b-09ec-d079-e040-11ac0c4842e7.consensus.20170119.somatic.cna.txt
f8f024e5-7096-3047-e040-11ac0d481c0f	/n/data1/hms/dbmi/park/DATA/ICGC/PCAWG_Final_Datasets_DCC/consensus_snv_indel/merged_snv_mnv/f8f024e5-7096-3047-e040-11ac0d481c0f.consensus.20160830.somatic.snv_mnv.vcf.gz	/n/data1/hms/dbmi/park/DATA/ICGC/PCAWG_Final_Datasets_DCC/consensus_cnv/segmented_cn/f8f024e5-7096-3047-e040-11ac0d481c0f.consensus.20170119.somatic.cna.txt
f8f07989-2e2e-30f3-e040-11ac0d484490	/n/data1/hms/dbmi/park/DATA/ICGC/PCAWG_Final_Datasets_DCC/consensus_snv_indel/merged_snv_mnv/f8f07989-2e2e-30f3-e040-11ac0d484490.consensus.20160830.somatic.snv_mnv.vcf.gz	/n/data1/hms/dbmi/park/DATA/ICGC/PCAWG_Final_Datasets_DCC/consensus_cnv/segmented_cn/f8f07989-2e2e-30f3-e040-11ac0d484490.consensus.20170119.somatic.cna.txt
f8f0a423-1a3e-4fcc-e040-11ac0c481cb6	/n/data1/hms/dbmi/park/DATA/ICGC/PCAWG_Final_Datasets_DCC/consensus_snv_indel/merged_snv_mnv/f8f0a423-1a3e-4fcc-e040-11ac0c481cb6.consensus.20160830.somatic.snv_mnv.vcf.gz	/n/data1/hms/dbmi/park/DATA/ICGC/PCAWG_Final_Datasets_DCC/consensus_cnv/segmented_cn/f8f0a423-1a3e-4fcc-e040-11ac0c481cb6.consensus.20170119.somatic.cna.txt
f8f61e36-b934-9410-e040-11ac0c4804cc	/n/data1/hms/dbmi/park/DATA/ICGC/PCAWG_Final_Datasets_DCC/consensus_snv_indel/merged_snv_mnv/f8f61e36-b934-9410-e040-11ac0c4804cc.consensus.20160830.somatic.snv_mnv.vcf.gz	/n/data1/hms/dbmi/park/DATA/ICGC/PCAWG_Final_Datasets_DCC/consensus_cnv/segmented_cn/f8f61e36-b934-9410-e040-11ac0c4804cc.consensus.20170119.somatic.cna.txt
f8f749b7-547d-49fa-9da2-44eed962b6fd	/n/data1/hms/dbmi/park/DATA/ICGC/PCAWG_Final_Datasets_DCC/consensus_snv_indel/merged_snv_mnv/f8f749b7-547d-49fa-9da2-44eed962b6fd.consensus.20160830.somatic.snv_mnv.vcf.gz	/n/data1/hms/dbmi/park/DATA/ICGC/PCAWG_Final_Datasets_DCC/consensus_cnv/segmented_cn/f8f749b7-547d-49fa-9da2-44eed962b6fd.consensus.20170119.somatic.cna.txt
f8f7f274-dd98-3bb0-e040-11ac0c483fcd	/n/data1/hms/dbmi/park/DATA/ICGC/PCAWG_Final_Datasets_DCC/consensus_snv_indel/merged_snv_mnv/f8f7f274-dd98-3bb0-e040-11ac0c483fcd.consensus.20160830.somatic.snv_mnv.vcf.gz	/n/data1/hms/dbmi/park/DATA/ICGC/PCAWG_Final_Datasets_DCC/consensus_cnv/segmented_cn/f8f7f274-dd98-3bb0-e040-11ac0c483fcd.consensus.20170119.somatic.cna.txt
f8f9d9b8-abdd-1afb-e040-11ac0d480523	/n/data1/hms/dbmi/park/DATA/ICGC/PCAWG_Final_Datasets_DCC/consensus_snv_indel/merged_snv_mnv/f8f9d9b8-abdd-1afb-e040-11ac0d480523.consensus.20160830.somatic.snv_mnv.vcf.gz	/n/data1/hms/dbmi/park/DATA/ICGC/PCAWG_Final_Datasets_DCC/consensus_cnv/segmented_cn/f8f9d9b8-abdd-1afb-e040-11ac0d480523.consensus.20170119.somatic.cna.txt
f8fae6e5-93b5-7233-e040-11ac0c4830e7	/n/data1/hms/dbmi/park/DATA/ICGC/PCAWG_Final_Datasets_DCC/consensus_snv_indel/merged_snv_mnv/f8fae6e5-93b5-7233-e040-11ac0c4830e7.consensus.20160830.somatic.snv_mnv.vcf.gz	/n/data1/hms/dbmi/park/DATA/ICGC/PCAWG_Final_Datasets_DCC/consensus_cnv/segmented_cn/f8fae6e5-93b5-7233-e040-11ac0c4830e7.consensus.20170119.somatic.cna.txt
f8fb791c-08b4-b6e1-e040-11ac0d4868f3	/n/data1/hms/dbmi/park/DATA/ICGC/PCAWG_Final_Datasets_DCC/consensus_snv_indel/merged_snv_mnv/f8fb791c-08b4-b6e1-e040-11ac0d4868f3.consensus.20160830.somatic.snv_mnv.vcf.gz	/n/data1/hms/dbmi/park/DATA/ICGC/PCAWG_Final_Datasets_DCC/consensus_cnv/segmented_cn/f8fb791c-08b4-b6e1-e040-11ac0d4868f3.consensus.20170119.somatic.cna.txt
f9012277-55c4-2486-e040-11ac0c48236f	/n/data1/hms/dbmi/park/DATA/ICGC/PCAWG_Final_Datasets_DCC/consensus_snv_indel/merged_snv_mnv/f9012277-55c4-2486-e040-11ac0c48236f.consensus.20160830.somatic.snv_mnv.vcf.gz	/n/data1/hms/dbmi/park/DATA/ICGC/PCAWG_Final_Datasets_DCC/consensus_cnv/segmented_cn/f9012277-55c4-2486-e040-11ac0c48236f.consensus.20170119.somatic.cna.txt
f901353f-fdeb-5a55-e040-11ac0c482e89	/n/data1/hms/dbmi/park/DATA/ICGC/PCAWG_Final_Datasets_DCC/consensus_snv_indel/merged_snv_mnv/f901353f-fdeb-5a55-e040-11ac0c482e89.consensus.20160830.somatic.snv_mnv.vcf.gz	/n/data1/hms/dbmi/park/DATA/ICGC/PCAWG_Final_Datasets_DCC/consensus_cnv/segmented_cn/f901353f-fdeb-5a55-e040-11ac0c482e89.consensus.20170119.somatic.cna.txt
f901c7f7-891e-8ec1-e040-11ac0c480829	/n/data1/hms/dbmi/park/DATA/ICGC/PCAWG_Final_Datasets_DCC/consensus_snv_indel/merged_snv_mnv/f901c7f7-891e-8ec1-e040-11ac0c480829.consensus.20160830.somatic.snv_mnv.vcf.gz	/n/data1/hms/dbmi/park/DATA/ICGC/PCAWG_Final_Datasets_DCC/consensus_cnv/segmented_cn/f901c7f7-891e-8ec1-e040-11ac0c480829.consensus.20170119.somatic.cna.txt
f9020478-c741-6776-e040-11ac0d481228	/n/data1/hms/dbmi/park/DATA/ICGC/PCAWG_Final_Datasets_DCC/consensus_snv_indel/merged_snv_mnv/f9020478-c741-6776-e040-11ac0d481228.consensus.20160830.somatic.snv_mnv.vcf.gz	/n/data1/hms/dbmi/park/DATA/ICGC/PCAWG_Final_Datasets_DCC/consensus_cnv/segmented_cn/f9020478-c741-6776-e040-11ac0d481228.consensus.20170119.somatic.cna.txt
f9031d03-def1-24b4-e040-11ac0c486570	/n/data1/hms/dbmi/park/DATA/ICGC/PCAWG_Final_Datasets_DCC/consensus_snv_indel/merged_snv_mnv/f9031d03-def1-24b4-e040-11ac0c486570.consensus.20160830.somatic.snv_mnv.vcf.gz	/n/data1/hms/dbmi/park/DATA/ICGC/PCAWG_Final_Datasets_DCC/consensus_cnv/segmented_cn/f9031d03-def1-24b4-e040-11ac0c486570.consensus.20170119.somatic.cna.txt
f9039bd6-8fa6-37cb-e040-11ac0d486d06	/n/data1/hms/dbmi/park/DATA/ICGC/PCAWG_Final_Datasets_DCC/consensus_snv_indel/merged_snv_mnv/f9039bd6-8fa6-37cb-e040-11ac0d486d06.consensus.20160830.somatic.snv_mnv.vcf.gz	/n/data1/hms/dbmi/park/DATA/ICGC/PCAWG_Final_Datasets_DCC/consensus_cnv/segmented_cn/f9039bd6-8fa6-37cb-e040-11ac0d486d06.consensus.20170119.somatic.cna.txt
f903cfe2-c082-1bf6-e040-11ac0d4809f7	/n/data1/hms/dbmi/park/DATA/ICGC/PCAWG_Final_Datasets_DCC/consensus_snv_indel/merged_snv_mnv/f903cfe2-c082-1bf6-e040-11ac0d4809f7.consensus.20160830.somatic.snv_mnv.vcf.gz	/n/data1/hms/dbmi/park/DATA/ICGC/PCAWG_Final_Datasets_DCC/consensus_cnv/segmented_cn/f903cfe2-c082-1bf6-e040-11ac0d4809f7.consensus.20170119.somatic.cna.txt
f9052bfc-94a0-cb29-e040-11ac0c48284a	/n/data1/hms/dbmi/park/DATA/ICGC/PCAWG_Final_Datasets_DCC/consensus_snv_indel/merged_snv_mnv/f9052bfc-94a0-cb29-e040-11ac0c48284a.consensus.20160830.somatic.snv_mnv.vcf.gz	/n/data1/hms/dbmi/park/DATA/ICGC/PCAWG_Final_Datasets_DCC/consensus_cnv/segmented_cn/f9052bfc-94a0-cb29-e040-11ac0c48284a.consensus.20170119.somatic.cna.txt
f90a074e-d82f-f6bb-e040-11ac0d487334	/n/data1/hms/dbmi/park/DATA/ICGC/PCAWG_Final_Datasets_DCC/consensus_snv_indel/merged_snv_mnv/f90a074e-d82f-f6bb-e040-11ac0d487334.consensus.20160830.somatic.snv_mnv.vcf.gz	/n/data1/hms/dbmi/park/DATA/ICGC/PCAWG_Final_Datasets_DCC/consensus_cnv/segmented_cn/f90a074e-d82f-f6bb-e040-11ac0d487334.consensus.20170119.somatic.cna.txt
f90b298a-0546-6c36-e040-11ac0c487a0b	/n/data1/hms/dbmi/park/DATA/ICGC/PCAWG_Final_Datasets_DCC/consensus_snv_indel/merged_snv_mnv/f90b298a-0546-6c36-e040-11ac0c487a0b.consensus.20160830.somatic.snv_mnv.vcf.gz	/n/data1/hms/dbmi/park/DATA/ICGC/PCAWG_Final_Datasets_DCC/consensus_cnv/segmented_cn/f90b298a-0546-6c36-e040-11ac0c487a0b.consensus.20170119.somatic.cna.txt
f90cab09-6797-eccb-e040-11ac0d486aa3	/n/data1/hms/dbmi/park/DATA/ICGC/PCAWG_Final_Datasets_DCC/consensus_snv_indel/merged_snv_mnv/f90cab09-6797-eccb-e040-11ac0d486aa3.consensus.20160830.somatic.snv_mnv.vcf.gz	/n/data1/hms/dbmi/park/DATA/ICGC/PCAWG_Final_Datasets_DCC/consensus_cnv/segmented_cn/f90cab09-6797-eccb-e040-11ac0d486aa3.consensus.20170119.somatic.cna.txt
f90d51f8-3bc4-2e66-e040-11ac0d484d19	/n/data1/hms/dbmi/park/DATA/ICGC/PCAWG_Final_Datasets_DCC/consensus_snv_indel/merged_snv_mnv/f90d51f8-3bc4-2e66-e040-11ac0d484d19.consensus.20160830.somatic.snv_mnv.vcf.gz	/n/data1/hms/dbmi/park/DATA/ICGC/PCAWG_Final_Datasets_DCC/consensus_cnv/segmented_cn/f90d51f8-3bc4-2e66-e040-11ac0d484d19.consensus.20170119.somatic.cna.txt
f90dbdbf-f8cd-e0d8-e040-11ac0c482576	/n/data1/hms/dbmi/park/DATA/ICGC/PCAWG_Final_Datasets_DCC/consensus_snv_indel/merged_snv_mnv/f90dbdbf-f8cd-e0d8-e040-11ac0c482576.consensus.20160830.somatic.snv_mnv.vcf.gz	/n/data1/hms/dbmi/park/DATA/ICGC/PCAWG_Final_Datasets_DCC/consensus_cnv/segmented_cn/f90dbdbf-f8cd-e0d8-e040-11ac0c482576.consensus.20170119.somatic.cna.txt
f90f8204-4d65-04fa-e040-11ac0c4841bb	/n/data1/hms/dbmi/park/DATA/ICGC/PCAWG_Final_Datasets_DCC/consensus_snv_indel/merged_snv_mnv/f90f8204-4d65-04fa-e040-11ac0c4841bb.consensus.20160830.somatic.snv_mnv.vcf.gz	/n/data1/hms/dbmi/park/DATA/ICGC/PCAWG_Final_Datasets_DCC/consensus_cnv/segmented_cn/f90f8204-4d65-04fa-e040-11ac0c4841bb.consensus.20170119.somatic.cna.txt
f9101872-d864-c508-e040-11ac0c4818b5	/n/data1/hms/dbmi/park/DATA/ICGC/PCAWG_Final_Datasets_DCC/consensus_snv_indel/merged_snv_mnv/f9101872-d864-c508-e040-11ac0c4818b5.consensus.20160830.somatic.snv_mnv.vcf.gz	/n/data1/hms/dbmi/park/DATA/ICGC/PCAWG_Final_Datasets_DCC/consensus_cnv/segmented_cn/f9101872-d864-c508-e040-11ac0c4818b5.consensus.20170119.somatic.cna.txt
f9116dda-19f4-9e1b-e040-11ac0c4872b8	/n/data1/hms/dbmi/park/DATA/ICGC/PCAWG_Final_Datasets_DCC/consensus_snv_indel/merged_snv_mnv/f9116dda-19f4-9e1b-e040-11ac0c4872b8.consensus.20160830.somatic.snv_mnv.vcf.gz	/n/data1/hms/dbmi/park/DATA/ICGC/PCAWG_Final_Datasets_DCC/consensus_cnv/segmented_cn/f9116dda-19f4-9e1b-e040-11ac0c4872b8.consensus.20170119.somatic.cna.txt
f91661d6-a2b5-fac2-e040-11ac0d4852fd	/n/data1/hms/dbmi/park/DATA/ICGC/PCAWG_Final_Datasets_DCC/consensus_snv_indel/merged_snv_mnv/f91661d6-a2b5-fac2-e040-11ac0d4852fd.consensus.20160830.somatic.snv_mnv.vcf.gz	/n/data1/hms/dbmi/park/DATA/ICGC/PCAWG_Final_Datasets_DCC/consensus_cnv/segmented_cn/f91661d6-a2b5-fac2-e040-11ac0d4852fd.consensus.20170119.somatic.cna.txt
f91a9af2-7909-099e-e040-11ac0c484205	/n/data1/hms/dbmi/park/DATA/ICGC/PCAWG_Final_Datasets_DCC/consensus_snv_indel/merged_snv_mnv/f91a9af2-7909-099e-e040-11ac0c484205.consensus.20160830.somatic.snv_mnv.vcf.gz	/n/data1/hms/dbmi/park/DATA/ICGC/PCAWG_Final_Datasets_DCC/consensus_cnv/segmented_cn/f91a9af2-7909-099e-e040-11ac0c484205.consensus.20170119.somatic.cna.txt
f91ba748-5a05-e738-e040-11ac0c486a08	/n/data1/hms/dbmi/park/DATA/ICGC/PCAWG_Final_Datasets_DCC/consensus_snv_indel/merged_snv_mnv/f91ba748-5a05-e738-e040-11ac0c486a08.consensus.20160830.somatic.snv_mnv.vcf.gz	/n/data1/hms/dbmi/park/DATA/ICGC/PCAWG_Final_Datasets_DCC/consensus_cnv/segmented_cn/f91ba748-5a05-e738-e040-11ac0c486a08.consensus.20170119.somatic.cna.txt
f91bde65-233d-2218-e040-11ac0c480a33	/n/data1/hms/dbmi/park/DATA/ICGC/PCAWG_Final_Datasets_DCC/consensus_snv_indel/merged_snv_mnv/f91bde65-233d-2218-e040-11ac0c480a33.consensus.20160830.somatic.snv_mnv.vcf.gz	/n/data1/hms/dbmi/park/DATA/ICGC/PCAWG_Final_Datasets_DCC/consensus_cnv/segmented_cn/f91bde65-233d-2218-e040-11ac0c480a33.consensus.20170119.somatic.cna.txt
f91d1645-9b68-edbb-e040-11ac0c4854d8	/n/data1/hms/dbmi/park/DATA/ICGC/PCAWG_Final_Datasets_DCC/consensus_snv_indel/merged_snv_mnv/f91d1645-9b68-edbb-e040-11ac0c4854d8.consensus.20160830.somatic.snv_mnv.vcf.gz	/n/data1/hms/dbmi/park/DATA/ICGC/PCAWG_Final_Datasets_DCC/consensus_cnv/segmented_cn/f91d1645-9b68-edbb-e040-11ac0c4854d8.consensus.20170119.somatic.cna.txt
f91faa2e-ea53-bef4-e040-11ac0d485f5d	/n/data1/hms/dbmi/park/DATA/ICGC/PCAWG_Final_Datasets_DCC/consensus_snv_indel/merged_snv_mnv/f91faa2e-ea53-bef4-e040-11ac0d485f5d.consensus.20160830.somatic.snv_mnv.vcf.gz	/n/data1/hms/dbmi/park/DATA/ICGC/PCAWG_Final_Datasets_DCC/consensus_cnv/segmented_cn/f91faa2e-ea53-bef4-e040-11ac0d485f5d.consensus.20170119.somatic.cna.txt
f920200e-f349-3730-e040-11ac0d4825cc	/n/data1/hms/dbmi/park/DATA/ICGC/PCAWG_Final_Datasets_DCC/consensus_snv_indel/merged_snv_mnv/f920200e-f349-3730-e040-11ac0d4825cc.consensus.20160830.somatic.snv_mnv.vcf.gz	/n/data1/hms/dbmi/park/DATA/ICGC/PCAWG_Final_Datasets_DCC/consensus_cnv/segmented_cn/f920200e-f349-3730-e040-11ac0d4825cc.consensus.20170119.somatic.cna.txt
f920ef57-c942-d2e1-e040-11ac0d481706	/n/data1/hms/dbmi/park/DATA/ICGC/PCAWG_Final_Datasets_DCC/consensus_snv_indel/merged_snv_mnv/f920ef57-c942-d2e1-e040-11ac0d481706.consensus.20160830.somatic.snv_mnv.vcf.gz	/n/data1/hms/dbmi/park/DATA/ICGC/PCAWG_Final_Datasets_DCC/consensus_cnv/segmented_cn/f920ef57-c942-d2e1-e040-11ac0d481706.consensus.20170119.somatic.cna.txt
f921b592-fa4d-49f7-b773-81a0e903aaed	/n/data1/hms/dbmi/park/DATA/ICGC/PCAWG_Final_Datasets_DCC/consensus_snv_indel/merged_snv_mnv/f921b592-fa4d-49f7-b773-81a0e903aaed.consensus.20160830.somatic.snv_mnv.vcf.gz	/n/data1/hms/dbmi/park/DATA/ICGC/PCAWG_Final_Datasets_DCC/consensus_cnv/segmented_cn/f921b592-fa4d-49f7-b773-81a0e903aaed.consensus.20170119.somatic.cna.txt
f92268fe-7a92-51e8-e040-11ac0d48733a	/n/data1/hms/dbmi/park/DATA/ICGC/PCAWG_Final_Datasets_DCC/consensus_snv_indel/merged_snv_mnv/f92268fe-7a92-51e8-e040-11ac0d48733a.consensus.20160830.somatic.snv_mnv.vcf.gz	/n/data1/hms/dbmi/park/DATA/ICGC/PCAWG_Final_Datasets_DCC/consensus_cnv/segmented_cn/f92268fe-7a92-51e8-e040-11ac0d48733a.consensus.20170119.somatic.cna.txt
f925f24b-bffd-89ab-e040-11ac0d48682f	/n/data1/hms/dbmi/park/DATA/ICGC/PCAWG_Final_Datasets_DCC/consensus_snv_indel/merged_snv_mnv/f925f24b-bffd-89ab-e040-11ac0d48682f.consensus.20160830.somatic.snv_mnv.vcf.gz	/n/data1/hms/dbmi/park/DATA/ICGC/PCAWG_Final_Datasets_DCC/consensus_cnv/segmented_cn/f925f24b-bffd-89ab-e040-11ac0d48682f.consensus.20170119.somatic.cna.txt
f926087f-0bec-1316-e040-11ac0c480a58	/n/data1/hms/dbmi/park/DATA/ICGC/PCAWG_Final_Datasets_DCC/consensus_snv_indel/merged_snv_mnv/f926087f-0bec-1316-e040-11ac0c480a58.consensus.20160830.somatic.snv_mnv.vcf.gz	/n/data1/hms/dbmi/park/DATA/ICGC/PCAWG_Final_Datasets_DCC/consensus_cnv/segmented_cn/f926087f-0bec-1316-e040-11ac0c480a58.consensus.20170119.somatic.cna.txt
f92a34fa-014e-4b41-a6d0-3b46b8c8a3ee	/n/data1/hms/dbmi/park/DATA/ICGC/PCAWG_Final_Datasets_DCC/consensus_snv_indel/merged_snv_mnv/f92a34fa-014e-4b41-a6d0-3b46b8c8a3ee.consensus.20160830.somatic.snv_mnv.vcf.gz	/n/data1/hms/dbmi/park/DATA/ICGC/PCAWG_Final_Datasets_DCC/consensus_cnv/segmented_cn/f92a34fa-014e-4b41-a6d0-3b46b8c8a3ee.consensus.20170119.somatic.cna.txt
f92a78d1-90ff-70c8-e040-11ac0d485eca	/n/data1/hms/dbmi/park/DATA/ICGC/PCAWG_Final_Datasets_DCC/consensus_snv_indel/merged_snv_mnv/f92a78d1-90ff-70c8-e040-11ac0d485eca.consensus.20160830.somatic.snv_mnv.vcf.gz	/n/data1/hms/dbmi/park/DATA/ICGC/PCAWG_Final_Datasets_DCC/consensus_cnv/segmented_cn/f92a78d1-90ff-70c8-e040-11ac0d485eca.consensus.20170119.somatic.cna.txt
f92b2c52-ed64-4594-e040-11ac0d48425c	/n/data1/hms/dbmi/park/DATA/ICGC/PCAWG_Final_Datasets_DCC/consensus_snv_indel/merged_snv_mnv/f92b2c52-ed64-4594-e040-11ac0d48425c.consensus.20160830.somatic.snv_mnv.vcf.gz	/n/data1/hms/dbmi/park/DATA/ICGC/PCAWG_Final_Datasets_DCC/consensus_cnv/segmented_cn/f92b2c52-ed64-4594-e040-11ac0d48425c.consensus.20170119.somatic.cna.txt
f92b8fda-350b-17d5-e040-11ac0c480ce8	/n/data1/hms/dbmi/park/DATA/ICGC/PCAWG_Final_Datasets_DCC/consensus_snv_indel/merged_snv_mnv/f92b8fda-350b-17d5-e040-11ac0c480ce8.consensus.20160830.somatic.snv_mnv.vcf.gz	/n/data1/hms/dbmi/park/DATA/ICGC/PCAWG_Final_Datasets_DCC/consensus_cnv/segmented_cn/f92b8fda-350b-17d5-e040-11ac0c480ce8.consensus.20170119.somatic.cna.txt
f92c8821-daba-3727-e040-11ac0d480224	/n/data1/hms/dbmi/park/DATA/ICGC/PCAWG_Final_Datasets_DCC/consensus_snv_indel/merged_snv_mnv/f92c8821-daba-3727-e040-11ac0d480224.consensus.20160830.somatic.snv_mnv.vcf.gz	/n/data1/hms/dbmi/park/DATA/ICGC/PCAWG_Final_Datasets_DCC/consensus_cnv/segmented_cn/f92c8821-daba-3727-e040-11ac0d480224.consensus.20170119.somatic.cna.txt
f92fde51-6a19-6641-e040-11ac0c484074	/n/data1/hms/dbmi/park/DATA/ICGC/PCAWG_Final_Datasets_DCC/consensus_snv_indel/merged_snv_mnv/f92fde51-6a19-6641-e040-11ac0c484074.consensus.20160830.somatic.snv_mnv.vcf.gz	/n/data1/hms/dbmi/park/DATA/ICGC/PCAWG_Final_Datasets_DCC/consensus_cnv/segmented_cn/f92fde51-6a19-6641-e040-11ac0c484074.consensus.20170119.somatic.cna.txt
f937fc8b-6fa7-12fd-e040-11ac0d4850f9	/n/data1/hms/dbmi/park/DATA/ICGC/PCAWG_Final_Datasets_DCC/consensus_snv_indel/merged_snv_mnv/f937fc8b-6fa7-12fd-e040-11ac0d4850f9.consensus.20160830.somatic.snv_mnv.vcf.gz	/n/data1/hms/dbmi/park/DATA/ICGC/PCAWG_Final_Datasets_DCC/consensus_cnv/segmented_cn/f937fc8b-6fa7-12fd-e040-11ac0d4850f9.consensus.20170119.somatic.cna.txt
f938b6f4-a457-c624-e040-11ac0c486fad	/n/data1/hms/dbmi/park/DATA/ICGC/PCAWG_Final_Datasets_DCC/consensus_snv_indel/merged_snv_mnv/f938b6f4-a457-c624-e040-11ac0c486fad.consensus.20160830.somatic.snv_mnv.vcf.gz	/n/data1/hms/dbmi/park/DATA/ICGC/PCAWG_Final_Datasets_DCC/consensus_cnv/segmented_cn/f938b6f4-a457-c624-e040-11ac0c486fad.consensus.20170119.somatic.cna.txt
f939f757-a415-ad44-e040-11ac0d4868e5	/n/data1/hms/dbmi/park/DATA/ICGC/PCAWG_Final_Datasets_DCC/consensus_snv_indel/merged_snv_mnv/f939f757-a415-ad44-e040-11ac0d4868e5.consensus.20160830.somatic.snv_mnv.vcf.gz	/n/data1/hms/dbmi/park/DATA/ICGC/PCAWG_Final_Datasets_DCC/consensus_cnv/segmented_cn/f939f757-a415-ad44-e040-11ac0d4868e5.consensus.20170119.somatic.cna.txt
f93abbbf-5e13-9b85-e040-11ac0d485718	/n/data1/hms/dbmi/park/DATA/ICGC/PCAWG_Final_Datasets_DCC/consensus_snv_indel/merged_snv_mnv/f93abbbf-5e13-9b85-e040-11ac0d485718.consensus.20160830.somatic.snv_mnv.vcf.gz	/n/data1/hms/dbmi/park/DATA/ICGC/PCAWG_Final_Datasets_DCC/consensus_cnv/segmented_cn/f93abbbf-5e13-9b85-e040-11ac0d485718.consensus.20170119.somatic.cna.txt
f93c9e35-c76c-2b59-e040-11ac0d485dee	/n/data1/hms/dbmi/park/DATA/ICGC/PCAWG_Final_Datasets_DCC/consensus_snv_indel/merged_snv_mnv/f93c9e35-c76c-2b59-e040-11ac0d485dee.consensus.20160830.somatic.snv_mnv.vcf.gz	/n/data1/hms/dbmi/park/DATA/ICGC/PCAWG_Final_Datasets_DCC/consensus_cnv/segmented_cn/f93c9e35-c76c-2b59-e040-11ac0d485dee.consensus.20170119.somatic.cna.txt
f93dd46d-4611-e84e-e040-11ac0c483323	/n/data1/hms/dbmi/park/DATA/ICGC/PCAWG_Final_Datasets_DCC/consensus_snv_indel/merged_snv_mnv/f93dd46d-4611-e84e-e040-11ac0c483323.consensus.20160830.somatic.snv_mnv.vcf.gz	/n/data1/hms/dbmi/park/DATA/ICGC/PCAWG_Final_Datasets_DCC/consensus_cnv/segmented_cn/f93dd46d-4611-e84e-e040-11ac0c483323.consensus.20170119.somatic.cna.txt
f93f4445-6f19-403c-e040-11ac0d48556f	/n/data1/hms/dbmi/park/DATA/ICGC/PCAWG_Final_Datasets_DCC/consensus_snv_indel/merged_snv_mnv/f93f4445-6f19-403c-e040-11ac0d48556f.consensus.20160830.somatic.snv_mnv.vcf.gz	/n/data1/hms/dbmi/park/DATA/ICGC/PCAWG_Final_Datasets_DCC/consensus_cnv/segmented_cn/f93f4445-6f19-403c-e040-11ac0d48556f.consensus.20170119.somatic.cna.txt
f940cea2-7e79-e422-e040-11ac0d483224	/n/data1/hms/dbmi/park/DATA/ICGC/PCAWG_Final_Datasets_DCC/consensus_snv_indel/merged_snv_mnv/f940cea2-7e79-e422-e040-11ac0d483224.consensus.20160830.somatic.snv_mnv.vcf.gz	/n/data1/hms/dbmi/park/DATA/ICGC/PCAWG_Final_Datasets_DCC/consensus_cnv/segmented_cn/f940cea2-7e79-e422-e040-11ac0d483224.consensus.20170119.somatic.cna.txt
f942b732-7c0b-7ec6-e040-11ac0c483f86	/n/data1/hms/dbmi/park/DATA/ICGC/PCAWG_Final_Datasets_DCC/consensus_snv_indel/merged_snv_mnv/f942b732-7c0b-7ec6-e040-11ac0c483f86.consensus.20160830.somatic.snv_mnv.vcf.gz	/n/data1/hms/dbmi/park/DATA/ICGC/PCAWG_Final_Datasets_DCC/consensus_cnv/segmented_cn/f942b732-7c0b-7ec6-e040-11ac0c483f86.consensus.20170119.somatic.cna.txt
f94c4f69-8119-4eaf-97c1-5106890c14d4	/n/data1/hms/dbmi/park/DATA/ICGC/PCAWG_Final_Datasets_DCC/consensus_snv_indel/merged_snv_mnv/f94c4f69-8119-4eaf-97c1-5106890c14d4.consensus.20160830.somatic.snv_mnv.vcf.gz	/n/data1/hms/dbmi/park/DATA/ICGC/PCAWG_Final_Datasets_DCC/consensus_cnv/segmented_cn/f94c4f69-8119-4eaf-97c1-5106890c14d4.consensus.20170119.somatic.cna.txt
f9718c44-c622-11e3-bf01-24c6515278c0	/n/data1/hms/dbmi/park/DATA/ICGC/PCAWG_Final_Datasets_DCC/consensus_snv_indel/merged_snv_mnv/f9718c44-c622-11e3-bf01-24c6515278c0.consensus.20160830.somatic.snv_mnv.vcf.gz	/n/data1/hms/dbmi/park/DATA/ICGC/PCAWG_Final_Datasets_DCC/consensus_cnv/segmented_cn/f9718c44-c622-11e3-bf01-24c6515278c0.consensus.20170119.somatic.cna.txt
f9837a56-7244-4846-a63d-266e6a92f168	/n/data1/hms/dbmi/park/DATA/ICGC/PCAWG_Final_Datasets_DCC/consensus_snv_indel/merged_snv_mnv/f9837a56-7244-4846-a63d-266e6a92f168.consensus.20160830.somatic.snv_mnv.vcf.gz	/n/data1/hms/dbmi/park/DATA/ICGC/PCAWG_Final_Datasets_DCC/consensus_cnv/segmented_cn/f9837a56-7244-4846-a63d-266e6a92f168.consensus.20170119.somatic.cna.txt
f988e698-9b34-45ce-ba4c-74e06e9cae4a	/n/data1/hms/dbmi/park/DATA/ICGC/PCAWG_Final_Datasets_DCC/consensus_snv_indel/merged_snv_mnv/f988e698-9b34-45ce-ba4c-74e06e9cae4a.consensus.20160830.somatic.snv_mnv.vcf.gz	/n/data1/hms/dbmi/park/DATA/ICGC/PCAWG_Final_Datasets_DCC/consensus_cnv/segmented_cn/f988e698-9b34-45ce-ba4c-74e06e9cae4a.consensus.20170119.somatic.cna.txt
f98de26b-c7d6-435d-81fa-1f1869da9087	/n/data1/hms/dbmi/park/DATA/ICGC/PCAWG_Final_Datasets_DCC/consensus_snv_indel/merged_snv_mnv/f98de26b-c7d6-435d-81fa-1f1869da9087.consensus.20160830.somatic.snv_mnv.vcf.gz	/n/data1/hms/dbmi/park/DATA/ICGC/PCAWG_Final_Datasets_DCC/consensus_cnv/segmented_cn/f98de26b-c7d6-435d-81fa-1f1869da9087.consensus.20170119.somatic.cna.txt
f9a81200-5381-496a-8062-099f9e793618	/n/data1/hms/dbmi/park/DATA/ICGC/PCAWG_Final_Datasets_DCC/consensus_snv_indel/merged_snv_mnv/f9a81200-5381-496a-8062-099f9e793618.consensus.20160830.somatic.snv_mnv.vcf.gz	/n/data1/hms/dbmi/park/DATA/ICGC/PCAWG_Final_Datasets_DCC/consensus_cnv/segmented_cn/f9a81200-5381-496a-8062-099f9e793618.consensus.20170119.somatic.cna.txt
f9c07ba7-152a-f624-e040-11ac0c484cd5	/n/data1/hms/dbmi/park/DATA/ICGC/PCAWG_Final_Datasets_DCC/consensus_snv_indel/merged_snv_mnv/f9c07ba7-152a-f624-e040-11ac0c484cd5.consensus.20160830.somatic.snv_mnv.vcf.gz	/n/data1/hms/dbmi/park/DATA/ICGC/PCAWG_Final_Datasets_DCC/consensus_cnv/segmented_cn/f9c07ba7-152a-f624-e040-11ac0c484cd5.consensus.20170119.somatic.cna.txt
f9c0a08b-d1e5-4c18-e040-11ac0c4864df	/n/data1/hms/dbmi/park/DATA/ICGC/PCAWG_Final_Datasets_DCC/consensus_snv_indel/merged_snv_mnv/f9c0a08b-d1e5-4c18-e040-11ac0c4864df.consensus.20160830.somatic.snv_mnv.vcf.gz	/n/data1/hms/dbmi/park/DATA/ICGC/PCAWG_Final_Datasets_DCC/consensus_cnv/segmented_cn/f9c0a08b-d1e5-4c18-e040-11ac0c4864df.consensus.20170119.somatic.cna.txt
f9c0a0d9-5af6-4476-e040-11ac0d4830d3	/n/data1/hms/dbmi/park/DATA/ICGC/PCAWG_Final_Datasets_DCC/consensus_snv_indel/merged_snv_mnv/f9c0a0d9-5af6-4476-e040-11ac0d4830d3.consensus.20160830.somatic.snv_mnv.vcf.gz	/n/data1/hms/dbmi/park/DATA/ICGC/PCAWG_Final_Datasets_DCC/consensus_cnv/segmented_cn/f9c0a0d9-5af6-4476-e040-11ac0d4830d3.consensus.20170119.somatic.cna.txt
f9c0a12c-2651-d9ea-e040-11ac0d483201	/n/data1/hms/dbmi/park/DATA/ICGC/PCAWG_Final_Datasets_DCC/consensus_snv_indel/merged_snv_mnv/f9c0a12c-2651-d9ea-e040-11ac0d483201.consensus.20160830.somatic.snv_mnv.vcf.gz	/n/data1/hms/dbmi/park/DATA/ICGC/PCAWG_Final_Datasets_DCC/consensus_cnv/segmented_cn/f9c0a12c-2651-d9ea-e040-11ac0d483201.consensus.20170119.somatic.cna.txt
f9c1df10-25b8-c8ae-e040-11ac0d486375	/n/data1/hms/dbmi/park/DATA/ICGC/PCAWG_Final_Datasets_DCC/consensus_snv_indel/merged_snv_mnv/f9c1df10-25b8-c8ae-e040-11ac0d486375.consensus.20160830.somatic.snv_mnv.vcf.gz	/n/data1/hms/dbmi/park/DATA/ICGC/PCAWG_Final_Datasets_DCC/consensus_cnv/segmented_cn/f9c1df10-25b8-c8ae-e040-11ac0d486375.consensus.20170119.somatic.cna.txt
f9c23ce8-7f1c-9417-e040-11ac0d482562	/n/data1/hms/dbmi/park/DATA/ICGC/PCAWG_Final_Datasets_DCC/consensus_snv_indel/merged_snv_mnv/f9c23ce8-7f1c-9417-e040-11ac0d482562.consensus.20160830.somatic.snv_mnv.vcf.gz	/n/data1/hms/dbmi/park/DATA/ICGC/PCAWG_Final_Datasets_DCC/consensus_cnv/segmented_cn/f9c23ce8-7f1c-9417-e040-11ac0d482562.consensus.20170119.somatic.cna.txt
f9c23d09-74e4-07f9-e040-11ac0d482577	/n/data1/hms/dbmi/park/DATA/ICGC/PCAWG_Final_Datasets_DCC/consensus_snv_indel/merged_snv_mnv/f9c23d09-74e4-07f9-e040-11ac0d482577.consensus.20160830.somatic.snv_mnv.vcf.gz	/n/data1/hms/dbmi/park/DATA/ICGC/PCAWG_Final_Datasets_DCC/consensus_cnv/segmented_cn/f9c23d09-74e4-07f9-e040-11ac0d482577.consensus.20170119.somatic.cna.txt
f9c26646-d2b0-cf30-e040-11ac0d483918	/n/data1/hms/dbmi/park/DATA/ICGC/PCAWG_Final_Datasets_DCC/consensus_snv_indel/merged_snv_mnv/f9c26646-d2b0-cf30-e040-11ac0d483918.consensus.20160830.somatic.snv_mnv.vcf.gz	/n/data1/hms/dbmi/park/DATA/ICGC/PCAWG_Final_Datasets_DCC/consensus_cnv/segmented_cn/f9c26646-d2b0-cf30-e040-11ac0d483918.consensus.20170119.somatic.cna.txt
f9c39eb7-39a9-6626-e040-11ac0d4870c2	/n/data1/hms/dbmi/park/DATA/ICGC/PCAWG_Final_Datasets_DCC/consensus_snv_indel/merged_snv_mnv/f9c39eb7-39a9-6626-e040-11ac0d4870c2.consensus.20160830.somatic.snv_mnv.vcf.gz	/n/data1/hms/dbmi/park/DATA/ICGC/PCAWG_Final_Datasets_DCC/consensus_cnv/segmented_cn/f9c39eb7-39a9-6626-e040-11ac0d4870c2.consensus.20170119.somatic.cna.txt
f9c3bc8e-dbc4-1ed0-e040-11ac0d4803a9	/n/data1/hms/dbmi/park/DATA/ICGC/PCAWG_Final_Datasets_DCC/consensus_snv_indel/merged_snv_mnv/f9c3bc8e-dbc4-1ed0-e040-11ac0d4803a9.consensus.20160830.somatic.snv_mnv.vcf.gz	/n/data1/hms/dbmi/park/DATA/ICGC/PCAWG_Final_Datasets_DCC/consensus_cnv/segmented_cn/f9c3bc8e-dbc4-1ed0-e040-11ac0d4803a9.consensus.20170119.somatic.cna.txt
f9c3e4e3-1b95-b71a-e040-11ac0d4819e7	/n/data1/hms/dbmi/park/DATA/ICGC/PCAWG_Final_Datasets_DCC/consensus_snv_indel/merged_snv_mnv/f9c3e4e3-1b95-b71a-e040-11ac0d4819e7.consensus.20160830.somatic.snv_mnv.vcf.gz	/n/data1/hms/dbmi/park/DATA/ICGC/PCAWG_Final_Datasets_DCC/consensus_cnv/segmented_cn/f9c3e4e3-1b95-b71a-e040-11ac0d4819e7.consensus.20170119.somatic.cna.txt
f9c3eaad-a0d9-8bf8-e040-11ac0d481d8e	/n/data1/hms/dbmi/park/DATA/ICGC/PCAWG_Final_Datasets_DCC/consensus_snv_indel/merged_snv_mnv/f9c3eaad-a0d9-8bf8-e040-11ac0d481d8e.consensus.20160830.somatic.snv_mnv.vcf.gz	/n/data1/hms/dbmi/park/DATA/ICGC/PCAWG_Final_Datasets_DCC/consensus_cnv/segmented_cn/f9c3eaad-a0d9-8bf8-e040-11ac0d481d8e.consensus.20170119.somatic.cna.txt
f9c4e06c-e8a6-613b-e040-11ac0d4828ba	/n/data1/hms/dbmi/park/DATA/ICGC/PCAWG_Final_Datasets_DCC/consensus_snv_indel/merged_snv_mnv/f9c4e06c-e8a6-613b-e040-11ac0d4828ba.consensus.20160830.somatic.snv_mnv.vcf.gz	/n/data1/hms/dbmi/park/DATA/ICGC/PCAWG_Final_Datasets_DCC/consensus_cnv/segmented_cn/f9c4e06c-e8a6-613b-e040-11ac0d4828ba.consensus.20170119.somatic.cna.txt
f9c51617-3fcb-91c5-e040-11ac0d484abf	/n/data1/hms/dbmi/park/DATA/ICGC/PCAWG_Final_Datasets_DCC/consensus_snv_indel/merged_snv_mnv/f9c51617-3fcb-91c5-e040-11ac0d484abf.consensus.20160830.somatic.snv_mnv.vcf.gz	/n/data1/hms/dbmi/park/DATA/ICGC/PCAWG_Final_Datasets_DCC/consensus_cnv/segmented_cn/f9c51617-3fcb-91c5-e040-11ac0d484abf.consensus.20170119.somatic.cna.txt
f9c650e7-9053-78eb-e040-11ac0d4874bb	/n/data1/hms/dbmi/park/DATA/ICGC/PCAWG_Final_Datasets_DCC/consensus_snv_indel/merged_snv_mnv/f9c650e7-9053-78eb-e040-11ac0d4874bb.consensus.20160830.somatic.snv_mnv.vcf.gz	/n/data1/hms/dbmi/park/DATA/ICGC/PCAWG_Final_Datasets_DCC/consensus_cnv/segmented_cn/f9c650e7-9053-78eb-e040-11ac0d4874bb.consensus.20170119.somatic.cna.txt
f9c65e3d-f3f7-dd5f-e040-11ac0d487b1f	/n/data1/hms/dbmi/park/DATA/ICGC/PCAWG_Final_Datasets_DCC/consensus_snv_indel/merged_snv_mnv/f9c65e3d-f3f7-dd5f-e040-11ac0d487b1f.consensus.20160830.somatic.snv_mnv.vcf.gz	/n/data1/hms/dbmi/park/DATA/ICGC/PCAWG_Final_Datasets_DCC/consensus_cnv/segmented_cn/f9c65e3d-f3f7-dd5f-e040-11ac0d487b1f.consensus.20170119.somatic.cna.txt
f9dc999f-6dde-448d-9cf1-2897ddcf7b0b	/n/data1/hms/dbmi/park/DATA/ICGC/PCAWG_Final_Datasets_DCC/consensus_snv_indel/merged_snv_mnv/f9dc999f-6dde-448d-9cf1-2897ddcf7b0b.consensus.20160830.somatic.snv_mnv.vcf.gz	/n/data1/hms/dbmi/park/DATA/ICGC/PCAWG_Final_Datasets_DCC/consensus_cnv/segmented_cn/f9dc999f-6dde-448d-9cf1-2897ddcf7b0b.consensus.20170119.somatic.cna.txt
f9f04e42-63a2-4ee1-ade4-9e5bb5c20cdd	/n/data1/hms/dbmi/park/DATA/ICGC/PCAWG_Final_Datasets_DCC/consensus_snv_indel/merged_snv_mnv/f9f04e42-63a2-4ee1-ade4-9e5bb5c20cdd.consensus.20160830.somatic.snv_mnv.vcf.gz	/n/data1/hms/dbmi/park/DATA/ICGC/PCAWG_Final_Datasets_DCC/consensus_cnv/segmented_cn/f9f04e42-63a2-4ee1-ade4-9e5bb5c20cdd.consensus.20170119.somatic.cna.txt
fa2c3620-7e82-4b12-b135-87986f0f2890	/n/data1/hms/dbmi/park/DATA/ICGC/PCAWG_Final_Datasets_DCC/consensus_snv_indel/merged_snv_mnv/fa2c3620-7e82-4b12-b135-87986f0f2890.consensus.20160830.somatic.snv_mnv.vcf.gz	/n/data1/hms/dbmi/park/DATA/ICGC/PCAWG_Final_Datasets_DCC/consensus_cnv/segmented_cn/fa2c3620-7e82-4b12-b135-87986f0f2890.consensus.20170119.somatic.cna.txt
fa4d35e3-fc38-4e26-a9e0-521a648acec1	/n/data1/hms/dbmi/park/DATA/ICGC/PCAWG_Final_Datasets_DCC/consensus_snv_indel/merged_snv_mnv/fa4d35e3-fc38-4e26-a9e0-521a648acec1.consensus.20160830.somatic.snv_mnv.vcf.gz	/n/data1/hms/dbmi/park/DATA/ICGC/PCAWG_Final_Datasets_DCC/consensus_cnv/segmented_cn/fa4d35e3-fc38-4e26-a9e0-521a648acec1.consensus.20170119.somatic.cna.txt
fa54205f-7e51-4e5a-9f0a-5e8a2e40235f	/n/data1/hms/dbmi/park/DATA/ICGC/PCAWG_Final_Datasets_DCC/consensus_snv_indel/merged_snv_mnv/fa54205f-7e51-4e5a-9f0a-5e8a2e40235f.consensus.20160830.somatic.snv_mnv.vcf.gz	/n/data1/hms/dbmi/park/DATA/ICGC/PCAWG_Final_Datasets_DCC/consensus_cnv/segmented_cn/fa54205f-7e51-4e5a-9f0a-5e8a2e40235f.consensus.20170119.somatic.cna.txt
fa5e2900-95e7-4700-9707-a329cd0c77fd	/n/data1/hms/dbmi/park/DATA/ICGC/PCAWG_Final_Datasets_DCC/consensus_snv_indel/merged_snv_mnv/fa5e2900-95e7-4700-9707-a329cd0c77fd.consensus.20160830.somatic.snv_mnv.vcf.gz	/n/data1/hms/dbmi/park/DATA/ICGC/PCAWG_Final_Datasets_DCC/consensus_cnv/segmented_cn/fa5e2900-95e7-4700-9707-a329cd0c77fd.consensus.20170119.somatic.cna.txt
fa676301-902f-473f-8313-5bff34ae549a	/n/data1/hms/dbmi/park/DATA/ICGC/PCAWG_Final_Datasets_DCC/consensus_snv_indel/merged_snv_mnv/fa676301-902f-473f-8313-5bff34ae549a.consensus.20160830.somatic.snv_mnv.vcf.gz	/n/data1/hms/dbmi/park/DATA/ICGC/PCAWG_Final_Datasets_DCC/consensus_cnv/segmented_cn/fa676301-902f-473f-8313-5bff34ae549a.consensus.20170119.somatic.cna.txt
fa6a60f5-8949-4e01-9435-d3117601627f	/n/data1/hms/dbmi/park/DATA/ICGC/PCAWG_Final_Datasets_DCC/consensus_snv_indel/merged_snv_mnv/fa6a60f5-8949-4e01-9435-d3117601627f.consensus.20160830.somatic.snv_mnv.vcf.gz	/n/data1/hms/dbmi/park/DATA/ICGC/PCAWG_Final_Datasets_DCC/consensus_cnv/segmented_cn/fa6a60f5-8949-4e01-9435-d3117601627f.consensus.20170119.somatic.cna.txt
fa718a69-7d09-424b-90a3-4839ba7dc9b2	/n/data1/hms/dbmi/park/DATA/ICGC/PCAWG_Final_Datasets_DCC/consensus_snv_indel/merged_snv_mnv/fa718a69-7d09-424b-90a3-4839ba7dc9b2.consensus.20160830.somatic.snv_mnv.vcf.gz	/n/data1/hms/dbmi/park/DATA/ICGC/PCAWG_Final_Datasets_DCC/consensus_cnv/segmented_cn/fa718a69-7d09-424b-90a3-4839ba7dc9b2.consensus.20170119.somatic.cna.txt
fa837b4d-55a7-4dcf-9fdf-cf9c13644df7	/n/data1/hms/dbmi/park/DATA/ICGC/PCAWG_Final_Datasets_DCC/consensus_snv_indel/merged_snv_mnv/fa837b4d-55a7-4dcf-9fdf-cf9c13644df7.consensus.20160830.somatic.snv_mnv.vcf.gz	/n/data1/hms/dbmi/park/DATA/ICGC/PCAWG_Final_Datasets_DCC/consensus_cnv/segmented_cn/fa837b4d-55a7-4dcf-9fdf-cf9c13644df7.consensus.20170119.somatic.cna.txt
fa8844f8-c4b6-487a-8187-e30c12a7a453	/n/data1/hms/dbmi/park/DATA/ICGC/PCAWG_Final_Datasets_DCC/consensus_snv_indel/merged_snv_mnv/fa8844f8-c4b6-487a-8187-e30c12a7a453.consensus.20160830.somatic.snv_mnv.vcf.gz	/n/data1/hms/dbmi/park/DATA/ICGC/PCAWG_Final_Datasets_DCC/consensus_cnv/segmented_cn/fa8844f8-c4b6-487a-8187-e30c12a7a453.consensus.20170119.somatic.cna.txt
fa9996c3-b874-4424-a5a6-f1c7c0f42b9b	/n/data1/hms/dbmi/park/DATA/ICGC/PCAWG_Final_Datasets_DCC/consensus_snv_indel/merged_snv_mnv/fa9996c3-b874-4424-a5a6-f1c7c0f42b9b.consensus.20160830.somatic.snv_mnv.vcf.gz	/n/data1/hms/dbmi/park/DATA/ICGC/PCAWG_Final_Datasets_DCC/consensus_cnv/segmented_cn/fa9996c3-b874-4424-a5a6-f1c7c0f42b9b.consensus.20170119.somatic.cna.txt
fa9a3247-a465-4fdf-bb64-5afaa83a5d76	/n/data1/hms/dbmi/park/DATA/ICGC/PCAWG_Final_Datasets_DCC/consensus_snv_indel/merged_snv_mnv/fa9a3247-a465-4fdf-bb64-5afaa83a5d76.consensus.20160830.somatic.snv_mnv.vcf.gz	/n/data1/hms/dbmi/park/DATA/ICGC/PCAWG_Final_Datasets_DCC/consensus_cnv/segmented_cn/fa9a3247-a465-4fdf-bb64-5afaa83a5d76.consensus.20170119.somatic.cna.txt
fab0be4b-c84a-45cd-a76f-44d9a8bf1846	/n/data1/hms/dbmi/park/DATA/ICGC/PCAWG_Final_Datasets_DCC/consensus_snv_indel/merged_snv_mnv/fab0be4b-c84a-45cd-a76f-44d9a8bf1846.consensus.20160830.somatic.snv_mnv.vcf.gz	/n/data1/hms/dbmi/park/DATA/ICGC/PCAWG_Final_Datasets_DCC/consensus_cnv/segmented_cn/fab0be4b-c84a-45cd-a76f-44d9a8bf1846.consensus.20170119.somatic.cna.txt
fab3d6f4-de1c-4d6c-bdea-ac39a7884657	/n/data1/hms/dbmi/park/DATA/ICGC/PCAWG_Final_Datasets_DCC/consensus_snv_indel/merged_snv_mnv/fab3d6f4-de1c-4d6c-bdea-ac39a7884657.consensus.20160830.somatic.snv_mnv.vcf.gz	/n/data1/hms/dbmi/park/DATA/ICGC/PCAWG_Final_Datasets_DCC/consensus_cnv/segmented_cn/fab3d6f4-de1c-4d6c-bdea-ac39a7884657.consensus.20170119.somatic.cna.txt
fabf1f6c-c622-11e3-bf01-24c6515278c0	/n/data1/hms/dbmi/park/DATA/ICGC/PCAWG_Final_Datasets_DCC/consensus_snv_indel/merged_snv_mnv/fabf1f6c-c622-11e3-bf01-24c6515278c0.consensus.20160830.somatic.snv_mnv.vcf.gz	/n/data1/hms/dbmi/park/DATA/ICGC/PCAWG_Final_Datasets_DCC/consensus_cnv/segmented_cn/fabf1f6c-c622-11e3-bf01-24c6515278c0.consensus.20170119.somatic.cna.txt
fae88d21-171c-4df4-b258-3c5948a1034b	/n/data1/hms/dbmi/park/DATA/ICGC/PCAWG_Final_Datasets_DCC/consensus_snv_indel/merged_snv_mnv/fae88d21-171c-4df4-b258-3c5948a1034b.consensus.20160830.somatic.snv_mnv.vcf.gz	/n/data1/hms/dbmi/park/DATA/ICGC/PCAWG_Final_Datasets_DCC/consensus_cnv/segmented_cn/fae88d21-171c-4df4-b258-3c5948a1034b.consensus.20170119.somatic.cna.txt
faff4626-615b-416a-b7a6-9d177dcc94a9	/n/data1/hms/dbmi/park/DATA/ICGC/PCAWG_Final_Datasets_DCC/consensus_snv_indel/merged_snv_mnv/faff4626-615b-416a-b7a6-9d177dcc94a9.consensus.20160830.somatic.snv_mnv.vcf.gz	/n/data1/hms/dbmi/park/DATA/ICGC/PCAWG_Final_Datasets_DCC/consensus_cnv/segmented_cn/faff4626-615b-416a-b7a6-9d177dcc94a9.consensus.20170119.somatic.cna.txt
fb0c6353-a90c-45e2-9355-7cd16cf756ff	/n/data1/hms/dbmi/park/DATA/ICGC/PCAWG_Final_Datasets_DCC/consensus_snv_indel/merged_snv_mnv/fb0c6353-a90c-45e2-9355-7cd16cf756ff.consensus.20160830.somatic.snv_mnv.vcf.gz	/n/data1/hms/dbmi/park/DATA/ICGC/PCAWG_Final_Datasets_DCC/consensus_cnv/segmented_cn/fb0c6353-a90c-45e2-9355-7cd16cf756ff.consensus.20170119.somatic.cna.txt
fb194ca3-10aa-4dc5-8d08-619ddbd6d1b6	/n/data1/hms/dbmi/park/DATA/ICGC/PCAWG_Final_Datasets_DCC/consensus_snv_indel/merged_snv_mnv/fb194ca3-10aa-4dc5-8d08-619ddbd6d1b6.consensus.20160830.somatic.snv_mnv.vcf.gz	/n/data1/hms/dbmi/park/DATA/ICGC/PCAWG_Final_Datasets_DCC/consensus_cnv/segmented_cn/fb194ca3-10aa-4dc5-8d08-619ddbd6d1b6.consensus.20170119.somatic.cna.txt
fb74cca4-ac9c-4be0-80e3-e71592f96aae	/n/data1/hms/dbmi/park/DATA/ICGC/PCAWG_Final_Datasets_DCC/consensus_snv_indel/merged_snv_mnv/fb74cca4-ac9c-4be0-80e3-e71592f96aae.consensus.20160830.somatic.snv_mnv.vcf.gz	/n/data1/hms/dbmi/park/DATA/ICGC/PCAWG_Final_Datasets_DCC/consensus_cnv/segmented_cn/fb74cca4-ac9c-4be0-80e3-e71592f96aae.consensus.20170119.somatic.cna.txt
fb8b5ff5-4164-4276-b75b-b0ee6bda7329	/n/data1/hms/dbmi/park/DATA/ICGC/PCAWG_Final_Datasets_DCC/consensus_snv_indel/merged_snv_mnv/fb8b5ff5-4164-4276-b75b-b0ee6bda7329.consensus.20160830.somatic.snv_mnv.vcf.gz	/n/data1/hms/dbmi/park/DATA/ICGC/PCAWG_Final_Datasets_DCC/consensus_cnv/segmented_cn/fb8b5ff5-4164-4276-b75b-b0ee6bda7329.consensus.20170119.somatic.cna.txt
fb9135d9-2acf-41dd-8552-359e6b8c9470	/n/data1/hms/dbmi/park/DATA/ICGC/PCAWG_Final_Datasets_DCC/consensus_snv_indel/merged_snv_mnv/fb9135d9-2acf-41dd-8552-359e6b8c9470.consensus.20160830.somatic.snv_mnv.vcf.gz	/n/data1/hms/dbmi/park/DATA/ICGC/PCAWG_Final_Datasets_DCC/consensus_cnv/segmented_cn/fb9135d9-2acf-41dd-8552-359e6b8c9470.consensus.20170119.somatic.cna.txt
fbd899a0-c622-11e3-bf01-24c6515278c0	/n/data1/hms/dbmi/park/DATA/ICGC/PCAWG_Final_Datasets_DCC/consensus_snv_indel/merged_snv_mnv/fbd899a0-c622-11e3-bf01-24c6515278c0.consensus.20160830.somatic.snv_mnv.vcf.gz	/n/data1/hms/dbmi/park/DATA/ICGC/PCAWG_Final_Datasets_DCC/consensus_cnv/segmented_cn/fbd899a0-c622-11e3-bf01-24c6515278c0.consensus.20170119.somatic.cna.txt
fbea74b5-b1a8-4767-af7c-e179ce8da071	/n/data1/hms/dbmi/park/DATA/ICGC/PCAWG_Final_Datasets_DCC/consensus_snv_indel/merged_snv_mnv/fbea74b5-b1a8-4767-af7c-e179ce8da071.consensus.20160830.somatic.snv_mnv.vcf.gz	/n/data1/hms/dbmi/park/DATA/ICGC/PCAWG_Final_Datasets_DCC/consensus_cnv/segmented_cn/fbea74b5-b1a8-4767-af7c-e179ce8da071.consensus.20170119.somatic.cna.txt
fbf937f1-5f30-470c-8a77-46cd1c41e073	/n/data1/hms/dbmi/park/DATA/ICGC/PCAWG_Final_Datasets_DCC/consensus_snv_indel/merged_snv_mnv/fbf937f1-5f30-470c-8a77-46cd1c41e073.consensus.20160830.somatic.snv_mnv.vcf.gz	/n/data1/hms/dbmi/park/DATA/ICGC/PCAWG_Final_Datasets_DCC/consensus_cnv/segmented_cn/fbf937f1-5f30-470c-8a77-46cd1c41e073.consensus.20170119.somatic.cna.txt
fc009c3d-66fc-4b9c-ae43-014607e3723a	/n/data1/hms/dbmi/park/DATA/ICGC/PCAWG_Final_Datasets_DCC/consensus_snv_indel/merged_snv_mnv/fc009c3d-66fc-4b9c-ae43-014607e3723a.consensus.20160830.somatic.snv_mnv.vcf.gz	/n/data1/hms/dbmi/park/DATA/ICGC/PCAWG_Final_Datasets_DCC/consensus_cnv/segmented_cn/fc009c3d-66fc-4b9c-ae43-014607e3723a.consensus.20170119.somatic.cna.txt
fc249113-83d4-4abe-8c80-a4f7305dcd91	/n/data1/hms/dbmi/park/DATA/ICGC/PCAWG_Final_Datasets_DCC/consensus_snv_indel/merged_snv_mnv/fc249113-83d4-4abe-8c80-a4f7305dcd91.consensus.20160830.somatic.snv_mnv.vcf.gz	/n/data1/hms/dbmi/park/DATA/ICGC/PCAWG_Final_Datasets_DCC/consensus_cnv/segmented_cn/fc249113-83d4-4abe-8c80-a4f7305dcd91.consensus.20170119.somatic.cna.txt
fc447d4f-2532-c8ea-e040-11ac0c48469f	/n/data1/hms/dbmi/park/DATA/ICGC/PCAWG_Final_Datasets_DCC/consensus_snv_indel/merged_snv_mnv/fc447d4f-2532-c8ea-e040-11ac0c48469f.consensus.20160830.somatic.snv_mnv.vcf.gz	/n/data1/hms/dbmi/park/DATA/ICGC/PCAWG_Final_Datasets_DCC/consensus_cnv/segmented_cn/fc447d4f-2532-c8ea-e040-11ac0c48469f.consensus.20170119.somatic.cna.txt
fc447d51-cdc2-a180-e040-11ac0c4846a4	/n/data1/hms/dbmi/park/DATA/ICGC/PCAWG_Final_Datasets_DCC/consensus_snv_indel/merged_snv_mnv/fc447d51-cdc2-a180-e040-11ac0c4846a4.consensus.20160830.somatic.snv_mnv.vcf.gz	/n/data1/hms/dbmi/park/DATA/ICGC/PCAWG_Final_Datasets_DCC/consensus_cnv/segmented_cn/fc447d51-cdc2-a180-e040-11ac0c4846a4.consensus.20170119.somatic.cna.txt
fc447d53-24d1-c83d-e040-11ac0c4846a6	/n/data1/hms/dbmi/park/DATA/ICGC/PCAWG_Final_Datasets_DCC/consensus_snv_indel/merged_snv_mnv/fc447d53-24d1-c83d-e040-11ac0c4846a6.consensus.20160830.somatic.snv_mnv.vcf.gz	/n/data1/hms/dbmi/park/DATA/ICGC/PCAWG_Final_Datasets_DCC/consensus_cnv/segmented_cn/fc447d53-24d1-c83d-e040-11ac0c4846a6.consensus.20170119.somatic.cna.txt
fc447d55-95d8-0b34-e040-11ac0d483afa	/n/data1/hms/dbmi/park/DATA/ICGC/PCAWG_Final_Datasets_DCC/consensus_snv_indel/merged_snv_mnv/fc447d55-95d8-0b34-e040-11ac0d483afa.consensus.20160830.somatic.snv_mnv.vcf.gz	/n/data1/hms/dbmi/park/DATA/ICGC/PCAWG_Final_Datasets_DCC/consensus_cnv/segmented_cn/fc447d55-95d8-0b34-e040-11ac0d483afa.consensus.20170119.somatic.cna.txt
fc447d56-0d53-e0c3-e040-11ac0c4846a8	/n/data1/hms/dbmi/park/DATA/ICGC/PCAWG_Final_Datasets_DCC/consensus_snv_indel/merged_snv_mnv/fc447d56-0d53-e0c3-e040-11ac0c4846a8.consensus.20160830.somatic.snv_mnv.vcf.gz	/n/data1/hms/dbmi/park/DATA/ICGC/PCAWG_Final_Datasets_DCC/consensus_cnv/segmented_cn/fc447d56-0d53-e0c3-e040-11ac0c4846a8.consensus.20170119.somatic.cna.txt
fc453f67-6623-4e8c-b519-0bd79e4d4651	/n/data1/hms/dbmi/park/DATA/ICGC/PCAWG_Final_Datasets_DCC/consensus_snv_indel/merged_snv_mnv/fc453f67-6623-4e8c-b519-0bd79e4d4651.consensus.20160830.somatic.snv_mnv.vcf.gz	/n/data1/hms/dbmi/park/DATA/ICGC/PCAWG_Final_Datasets_DCC/consensus_cnv/segmented_cn/fc453f67-6623-4e8c-b519-0bd79e4d4651.consensus.20170119.somatic.cna.txt
fc5dc6d8-62d2-76d8-e040-11ac0d4863c3	/n/data1/hms/dbmi/park/DATA/ICGC/PCAWG_Final_Datasets_DCC/consensus_snv_indel/merged_snv_mnv/fc5dc6d8-62d2-76d8-e040-11ac0d4863c3.consensus.20160830.somatic.snv_mnv.vcf.gz	/n/data1/hms/dbmi/park/DATA/ICGC/PCAWG_Final_Datasets_DCC/consensus_cnv/segmented_cn/fc5dc6d8-62d2-76d8-e040-11ac0d4863c3.consensus.20170119.somatic.cna.txt
fc639186-8302-798e-e040-11ac0c484cec	/n/data1/hms/dbmi/park/DATA/ICGC/PCAWG_Final_Datasets_DCC/consensus_snv_indel/merged_snv_mnv/fc639186-8302-798e-e040-11ac0c484cec.consensus.20160830.somatic.snv_mnv.vcf.gz	/n/data1/hms/dbmi/park/DATA/ICGC/PCAWG_Final_Datasets_DCC/consensus_cnv/segmented_cn/fc639186-8302-798e-e040-11ac0c484cec.consensus.20170119.somatic.cna.txt
fc63cbab-d27a-5ebb-e040-11ac0c48724f	/n/data1/hms/dbmi/park/DATA/ICGC/PCAWG_Final_Datasets_DCC/consensus_snv_indel/merged_snv_mnv/fc63cbab-d27a-5ebb-e040-11ac0c48724f.consensus.20160830.somatic.snv_mnv.vcf.gz	/n/data1/hms/dbmi/park/DATA/ICGC/PCAWG_Final_Datasets_DCC/consensus_cnv/segmented_cn/fc63cbab-d27a-5ebb-e040-11ac0c48724f.consensus.20170119.somatic.cna.txt
fc68c24d-47ad-7961-e040-11ac0c48595c	/n/data1/hms/dbmi/park/DATA/ICGC/PCAWG_Final_Datasets_DCC/consensus_snv_indel/merged_snv_mnv/fc68c24d-47ad-7961-e040-11ac0c48595c.consensus.20160830.somatic.snv_mnv.vcf.gz	/n/data1/hms/dbmi/park/DATA/ICGC/PCAWG_Final_Datasets_DCC/consensus_cnv/segmented_cn/fc68c24d-47ad-7961-e040-11ac0c48595c.consensus.20170119.somatic.cna.txt
fc68e599-6a40-61dc-e040-11ac0d48700d	/n/data1/hms/dbmi/park/DATA/ICGC/PCAWG_Final_Datasets_DCC/consensus_snv_indel/merged_snv_mnv/fc68e599-6a40-61dc-e040-11ac0d48700d.consensus.20160830.somatic.snv_mnv.vcf.gz	/n/data1/hms/dbmi/park/DATA/ICGC/PCAWG_Final_Datasets_DCC/consensus_cnv/segmented_cn/fc68e599-6a40-61dc-e040-11ac0d48700d.consensus.20170119.somatic.cna.txt
fc6d77a9-121b-48ab-a899-713c3d1319a2	/n/data1/hms/dbmi/park/DATA/ICGC/PCAWG_Final_Datasets_DCC/consensus_snv_indel/merged_snv_mnv/fc6d77a9-121b-48ab-a899-713c3d1319a2.consensus.20160830.somatic.snv_mnv.vcf.gz	/n/data1/hms/dbmi/park/DATA/ICGC/PCAWG_Final_Datasets_DCC/consensus_cnv/segmented_cn/fc6d77a9-121b-48ab-a899-713c3d1319a2.consensus.20170119.somatic.cna.txt
fc78685a-7053-152a-e040-11ac0c480ded	/n/data1/hms/dbmi/park/DATA/ICGC/PCAWG_Final_Datasets_DCC/consensus_snv_indel/merged_snv_mnv/fc78685a-7053-152a-e040-11ac0c480ded.consensus.20160830.somatic.snv_mnv.vcf.gz	/n/data1/hms/dbmi/park/DATA/ICGC/PCAWG_Final_Datasets_DCC/consensus_cnv/segmented_cn/fc78685a-7053-152a-e040-11ac0c480ded.consensus.20170119.somatic.cna.txt
fc7eb420-5c13-20bd-e040-11ac0d484574	/n/data1/hms/dbmi/park/DATA/ICGC/PCAWG_Final_Datasets_DCC/consensus_snv_indel/merged_snv_mnv/fc7eb420-5c13-20bd-e040-11ac0d484574.consensus.20160830.somatic.snv_mnv.vcf.gz	/n/data1/hms/dbmi/park/DATA/ICGC/PCAWG_Final_Datasets_DCC/consensus_cnv/segmented_cn/fc7eb420-5c13-20bd-e040-11ac0d484574.consensus.20170119.somatic.cna.txt
fc7f8eeb-9c40-123e-e040-11ac0c484061	/n/data1/hms/dbmi/park/DATA/ICGC/PCAWG_Final_Datasets_DCC/consensus_snv_indel/merged_snv_mnv/fc7f8eeb-9c40-123e-e040-11ac0c484061.consensus.20160830.somatic.snv_mnv.vcf.gz	/n/data1/hms/dbmi/park/DATA/ICGC/PCAWG_Final_Datasets_DCC/consensus_cnv/segmented_cn/fc7f8eeb-9c40-123e-e040-11ac0c484061.consensus.20170119.somatic.cna.txt
fc806c50-2f6e-418d-e040-11ac0d485f01	/n/data1/hms/dbmi/park/DATA/ICGC/PCAWG_Final_Datasets_DCC/consensus_snv_indel/merged_snv_mnv/fc806c50-2f6e-418d-e040-11ac0d485f01.consensus.20160830.somatic.snv_mnv.vcf.gz	/n/data1/hms/dbmi/park/DATA/ICGC/PCAWG_Final_Datasets_DCC/consensus_cnv/segmented_cn/fc806c50-2f6e-418d-e040-11ac0d485f01.consensus.20170119.somatic.cna.txt
fc812906-d3b6-4210-a842-96f095280cbf	/n/data1/hms/dbmi/park/DATA/ICGC/PCAWG_Final_Datasets_DCC/consensus_snv_indel/merged_snv_mnv/fc812906-d3b6-4210-a842-96f095280cbf.consensus.20160830.somatic.snv_mnv.vcf.gz	/n/data1/hms/dbmi/park/DATA/ICGC/PCAWG_Final_Datasets_DCC/consensus_cnv/segmented_cn/fc812906-d3b6-4210-a842-96f095280cbf.consensus.20170119.somatic.cna.txt
fc8130df-18fe-c74d-e040-11ac0d485df2	/n/data1/hms/dbmi/park/DATA/ICGC/PCAWG_Final_Datasets_DCC/consensus_snv_indel/merged_snv_mnv/fc8130df-18fe-c74d-e040-11ac0d485df2.consensus.20160830.somatic.snv_mnv.vcf.gz	/n/data1/hms/dbmi/park/DATA/ICGC/PCAWG_Final_Datasets_DCC/consensus_cnv/segmented_cn/fc8130df-18fe-c74d-e040-11ac0d485df2.consensus.20170119.somatic.cna.txt
fc8130df-1bc2-c537-e040-11ac0d485de6	/n/data1/hms/dbmi/park/DATA/ICGC/PCAWG_Final_Datasets_DCC/consensus_snv_indel/merged_snv_mnv/fc8130df-1bc2-c537-e040-11ac0d485de6.consensus.20160830.somatic.snv_mnv.vcf.gz	/n/data1/hms/dbmi/park/DATA/ICGC/PCAWG_Final_Datasets_DCC/consensus_cnv/segmented_cn/fc8130df-1bc2-c537-e040-11ac0d485de6.consensus.20170119.somatic.cna.txt
fc8130df-1cdd-cade-e040-11ac0d485dec	/n/data1/hms/dbmi/park/DATA/ICGC/PCAWG_Final_Datasets_DCC/consensus_snv_indel/merged_snv_mnv/fc8130df-1cdd-cade-e040-11ac0d485dec.consensus.20160830.somatic.snv_mnv.vcf.gz	/n/data1/hms/dbmi/park/DATA/ICGC/PCAWG_Final_Datasets_DCC/consensus_cnv/segmented_cn/fc8130df-1cdd-cade-e040-11ac0d485dec.consensus.20170119.somatic.cna.txt
fc8130df-1f21-c8f9-e040-11ac0d485dfc	/n/data1/hms/dbmi/park/DATA/ICGC/PCAWG_Final_Datasets_DCC/consensus_snv_indel/merged_snv_mnv/fc8130df-1f21-c8f9-e040-11ac0d485dfc.consensus.20160830.somatic.snv_mnv.vcf.gz	/n/data1/hms/dbmi/park/DATA/ICGC/PCAWG_Final_Datasets_DCC/consensus_cnv/segmented_cn/fc8130df-1f21-c8f9-e040-11ac0d485dfc.consensus.20170119.somatic.cna.txt
fc8130df-2211-cfcc-e040-11ac0d485dde	/n/data1/hms/dbmi/park/DATA/ICGC/PCAWG_Final_Datasets_DCC/consensus_snv_indel/merged_snv_mnv/fc8130df-2211-cfcc-e040-11ac0d485dde.consensus.20160830.somatic.snv_mnv.vcf.gz	/n/data1/hms/dbmi/park/DATA/ICGC/PCAWG_Final_Datasets_DCC/consensus_cnv/segmented_cn/fc8130df-2211-cfcc-e040-11ac0d485dde.consensus.20170119.somatic.cna.txt
fc8130df-24d9-32f1-e040-11ac0d485df0	/n/data1/hms/dbmi/park/DATA/ICGC/PCAWG_Final_Datasets_DCC/consensus_snv_indel/merged_snv_mnv/fc8130df-24d9-32f1-e040-11ac0d485df0.consensus.20160830.somatic.snv_mnv.vcf.gz	/n/data1/hms/dbmi/park/DATA/ICGC/PCAWG_Final_Datasets_DCC/consensus_cnv/segmented_cn/fc8130df-24d9-32f1-e040-11ac0d485df0.consensus.20170119.somatic.cna.txt
fc8130df-2628-304a-e040-11ac0d485dfa	/n/data1/hms/dbmi/park/DATA/ICGC/PCAWG_Final_Datasets_DCC/consensus_snv_indel/merged_snv_mnv/fc8130df-2628-304a-e040-11ac0d485dfa.consensus.20160830.somatic.snv_mnv.vcf.gz	/n/data1/hms/dbmi/park/DATA/ICGC/PCAWG_Final_Datasets_DCC/consensus_cnv/segmented_cn/fc8130df-2628-304a-e040-11ac0d485dfa.consensus.20170119.somatic.cna.txt
fc8130df-297f-34a3-e040-11ac0d485e02	/n/data1/hms/dbmi/park/DATA/ICGC/PCAWG_Final_Datasets_DCC/consensus_snv_indel/merged_snv_mnv/fc8130df-297f-34a3-e040-11ac0d485e02.consensus.20160830.somatic.snv_mnv.vcf.gz	/n/data1/hms/dbmi/park/DATA/ICGC/PCAWG_Final_Datasets_DCC/consensus_cnv/segmented_cn/fc8130df-297f-34a3-e040-11ac0d485e02.consensus.20170119.somatic.cna.txt
fc8130df-2ca4-39d2-e040-11ac0d485e00	/n/data1/hms/dbmi/park/DATA/ICGC/PCAWG_Final_Datasets_DCC/consensus_snv_indel/merged_snv_mnv/fc8130df-2ca4-39d2-e040-11ac0d485e00.consensus.20160830.somatic.snv_mnv.vcf.gz	/n/data1/hms/dbmi/park/DATA/ICGC/PCAWG_Final_Datasets_DCC/consensus_cnv/segmented_cn/fc8130df-2ca4-39d2-e040-11ac0d485e00.consensus.20170119.somatic.cna.txt
fc8130df-2d5f-3b53-e040-11ac0d485dee	/n/data1/hms/dbmi/park/DATA/ICGC/PCAWG_Final_Datasets_DCC/consensus_snv_indel/merged_snv_mnv/fc8130df-2d5f-3b53-e040-11ac0d485dee.consensus.20160830.somatic.snv_mnv.vcf.gz	/n/data1/hms/dbmi/park/DATA/ICGC/PCAWG_Final_Datasets_DCC/consensus_cnv/segmented_cn/fc8130df-2d5f-3b53-e040-11ac0d485dee.consensus.20170119.somatic.cna.txt
fc8130df-2e39-3814-e040-11ac0d485de0	/n/data1/hms/dbmi/park/DATA/ICGC/PCAWG_Final_Datasets_DCC/consensus_snv_indel/merged_snv_mnv/fc8130df-2e39-3814-e040-11ac0d485de0.consensus.20160830.somatic.snv_mnv.vcf.gz	/n/data1/hms/dbmi/park/DATA/ICGC/PCAWG_Final_Datasets_DCC/consensus_cnv/segmented_cn/fc8130df-2e39-3814-e040-11ac0d485de0.consensus.20170119.somatic.cna.txt
fc8130df-30a5-3e6a-e040-11ac0d485de2	/n/data1/hms/dbmi/park/DATA/ICGC/PCAWG_Final_Datasets_DCC/consensus_snv_indel/merged_snv_mnv/fc8130df-30a5-3e6a-e040-11ac0d485de2.consensus.20160830.somatic.snv_mnv.vcf.gz	/n/data1/hms/dbmi/park/DATA/ICGC/PCAWG_Final_Datasets_DCC/consensus_cnv/segmented_cn/fc8130df-30a5-3e6a-e040-11ac0d485de2.consensus.20170119.somatic.cna.txt
fc8130df-3147-3e94-e040-11ac0d485df8	/n/data1/hms/dbmi/park/DATA/ICGC/PCAWG_Final_Datasets_DCC/consensus_snv_indel/merged_snv_mnv/fc8130df-3147-3e94-e040-11ac0d485df8.consensus.20160830.somatic.snv_mnv.vcf.gz	/n/data1/hms/dbmi/park/DATA/ICGC/PCAWG_Final_Datasets_DCC/consensus_cnv/segmented_cn/fc8130df-3147-3e94-e040-11ac0d485df8.consensus.20170119.somatic.cna.txt
fc8130df-3225-3f96-e040-11ac0d485dfe	/n/data1/hms/dbmi/park/DATA/ICGC/PCAWG_Final_Datasets_DCC/consensus_snv_indel/merged_snv_mnv/fc8130df-3225-3f96-e040-11ac0d485dfe.consensus.20160830.somatic.snv_mnv.vcf.gz	/n/data1/hms/dbmi/park/DATA/ICGC/PCAWG_Final_Datasets_DCC/consensus_cnv/segmented_cn/fc8130df-3225-3f96-e040-11ac0d485dfe.consensus.20170119.somatic.cna.txt
fc8130df-3361-3c8a-e040-11ac0d485dea	/n/data1/hms/dbmi/park/DATA/ICGC/PCAWG_Final_Datasets_DCC/consensus_snv_indel/merged_snv_mnv/fc8130df-3361-3c8a-e040-11ac0d485dea.consensus.20160830.somatic.snv_mnv.vcf.gz	/n/data1/hms/dbmi/park/DATA/ICGC/PCAWG_Final_Datasets_DCC/consensus_cnv/segmented_cn/fc8130df-3361-3c8a-e040-11ac0d485dea.consensus.20170119.somatic.cna.txt
fc8130df-34f8-22c6-e040-11ac0d485de8	/n/data1/hms/dbmi/park/DATA/ICGC/PCAWG_Final_Datasets_DCC/consensus_snv_indel/merged_snv_mnv/fc8130df-34f8-22c6-e040-11ac0d485de8.consensus.20160830.somatic.snv_mnv.vcf.gz	/n/data1/hms/dbmi/park/DATA/ICGC/PCAWG_Final_Datasets_DCC/consensus_cnv/segmented_cn/fc8130df-34f8-22c6-e040-11ac0d485de8.consensus.20170119.somatic.cna.txt
fc8130df-35ac-2304-e040-11ac0d485dda	/n/data1/hms/dbmi/park/DATA/ICGC/PCAWG_Final_Datasets_DCC/consensus_snv_indel/merged_snv_mnv/fc8130df-35ac-2304-e040-11ac0d485dda.consensus.20160830.somatic.snv_mnv.vcf.gz	/n/data1/hms/dbmi/park/DATA/ICGC/PCAWG_Final_Datasets_DCC/consensus_cnv/segmented_cn/fc8130df-35ac-2304-e040-11ac0d485dda.consensus.20170119.somatic.cna.txt
fc8130df-6860-7677-e040-11ac0d485ddc	/n/data1/hms/dbmi/park/DATA/ICGC/PCAWG_Final_Datasets_DCC/consensus_snv_indel/merged_snv_mnv/fc8130df-6860-7677-e040-11ac0d485ddc.consensus.20160830.somatic.snv_mnv.vcf.gz	/n/data1/hms/dbmi/park/DATA/ICGC/PCAWG_Final_Datasets_DCC/consensus_cnv/segmented_cn/fc8130df-6860-7677-e040-11ac0d485ddc.consensus.20170119.somatic.cna.txt
fc8130df-6977-7704-e040-11ac0d485de4	/n/data1/hms/dbmi/park/DATA/ICGC/PCAWG_Final_Datasets_DCC/consensus_snv_indel/merged_snv_mnv/fc8130df-6977-7704-e040-11ac0d485de4.consensus.20160830.somatic.snv_mnv.vcf.gz	/n/data1/hms/dbmi/park/DATA/ICGC/PCAWG_Final_Datasets_DCC/consensus_cnv/segmented_cn/fc8130df-6977-7704-e040-11ac0d485de4.consensus.20170119.somatic.cna.txt
fc8130df-6bec-7627-e040-11ac0d485e04	/n/data1/hms/dbmi/park/DATA/ICGC/PCAWG_Final_Datasets_DCC/consensus_snv_indel/merged_snv_mnv/fc8130df-6bec-7627-e040-11ac0d485e04.consensus.20160830.somatic.snv_mnv.vcf.gz	/n/data1/hms/dbmi/park/DATA/ICGC/PCAWG_Final_Datasets_DCC/consensus_cnv/segmented_cn/fc8130df-6bec-7627-e040-11ac0d485e04.consensus.20170119.somatic.cna.txt
fc8130df-897d-5404-e040-11ac0d485e0a	/n/data1/hms/dbmi/park/DATA/ICGC/PCAWG_Final_Datasets_DCC/consensus_snv_indel/merged_snv_mnv/fc8130df-897d-5404-e040-11ac0d485e0a.consensus.20160830.somatic.snv_mnv.vcf.gz	/n/data1/hms/dbmi/park/DATA/ICGC/PCAWG_Final_Datasets_DCC/consensus_cnv/segmented_cn/fc8130df-897d-5404-e040-11ac0d485e0a.consensus.20170119.somatic.cna.txt
fc8130df-8e4e-586b-e040-11ac0d485e08	/n/data1/hms/dbmi/park/DATA/ICGC/PCAWG_Final_Datasets_DCC/consensus_snv_indel/merged_snv_mnv/fc8130df-8e4e-586b-e040-11ac0d485e08.consensus.20160830.somatic.snv_mnv.vcf.gz	/n/data1/hms/dbmi/park/DATA/ICGC/PCAWG_Final_Datasets_DCC/consensus_cnv/segmented_cn/fc8130df-8e4e-586b-e040-11ac0d485e08.consensus.20170119.somatic.cna.txt
fc8130df-8ec8-5b1e-e040-11ac0d485e06	/n/data1/hms/dbmi/park/DATA/ICGC/PCAWG_Final_Datasets_DCC/consensus_snv_indel/merged_snv_mnv/fc8130df-8ec8-5b1e-e040-11ac0d485e06.consensus.20160830.somatic.snv_mnv.vcf.gz	/n/data1/hms/dbmi/park/DATA/ICGC/PCAWG_Final_Datasets_DCC/consensus_cnv/segmented_cn/fc8130df-8ec8-5b1e-e040-11ac0d485e06.consensus.20170119.somatic.cna.txt
fc8130df-90ba-5d94-e040-11ac0d485e0c	/n/data1/hms/dbmi/park/DATA/ICGC/PCAWG_Final_Datasets_DCC/consensus_snv_indel/merged_snv_mnv/fc8130df-90ba-5d94-e040-11ac0d485e0c.consensus.20160830.somatic.snv_mnv.vcf.gz	/n/data1/hms/dbmi/park/DATA/ICGC/PCAWG_Final_Datasets_DCC/consensus_cnv/segmented_cn/fc8130df-90ba-5d94-e040-11ac0d485e0c.consensus.20170119.somatic.cna.txt
fc8130df-e399-e34d-e040-11ac0c483279	/n/data1/hms/dbmi/park/DATA/ICGC/PCAWG_Final_Datasets_DCC/consensus_snv_indel/merged_snv_mnv/fc8130df-e399-e34d-e040-11ac0c483279.consensus.20160830.somatic.snv_mnv.vcf.gz	/n/data1/hms/dbmi/park/DATA/ICGC/PCAWG_Final_Datasets_DCC/consensus_cnv/segmented_cn/fc8130df-e399-e34d-e040-11ac0c483279.consensus.20170119.somatic.cna.txt
fc8130e0-08dd-b996-e040-11ac0c48327b	/n/data1/hms/dbmi/park/DATA/ICGC/PCAWG_Final_Datasets_DCC/consensus_snv_indel/merged_snv_mnv/fc8130e0-08dd-b996-e040-11ac0c48327b.consensus.20160830.somatic.snv_mnv.vcf.gz	/n/data1/hms/dbmi/park/DATA/ICGC/PCAWG_Final_Datasets_DCC/consensus_cnv/segmented_cn/fc8130e0-08dd-b996-e040-11ac0c48327b.consensus.20170119.somatic.cna.txt
fc8130e0-095f-b953-e040-11ac0c483287	/n/data1/hms/dbmi/park/DATA/ICGC/PCAWG_Final_Datasets_DCC/consensus_snv_indel/merged_snv_mnv/fc8130e0-095f-b953-e040-11ac0c483287.consensus.20160830.somatic.snv_mnv.vcf.gz	/n/data1/hms/dbmi/park/DATA/ICGC/PCAWG_Final_Datasets_DCC/consensus_cnv/segmented_cn/fc8130e0-095f-b953-e040-11ac0c483287.consensus.20170119.somatic.cna.txt
fc8130e0-096a-b991-e040-11ac0c48327d	/n/data1/hms/dbmi/park/DATA/ICGC/PCAWG_Final_Datasets_DCC/consensus_snv_indel/merged_snv_mnv/fc8130e0-096a-b991-e040-11ac0c48327d.consensus.20160830.somatic.snv_mnv.vcf.gz	/n/data1/hms/dbmi/park/DATA/ICGC/PCAWG_Final_Datasets_DCC/consensus_cnv/segmented_cn/fc8130e0-096a-b991-e040-11ac0c48327d.consensus.20170119.somatic.cna.txt
fc8130e0-09f1-b964-e040-11ac0c48326e	/n/data1/hms/dbmi/park/DATA/ICGC/PCAWG_Final_Datasets_DCC/consensus_snv_indel/merged_snv_mnv/fc8130e0-09f1-b964-e040-11ac0c48326e.consensus.20160830.somatic.snv_mnv.vcf.gz	/n/data1/hms/dbmi/park/DATA/ICGC/PCAWG_Final_Datasets_DCC/consensus_cnv/segmented_cn/fc8130e0-09f1-b964-e040-11ac0c48326e.consensus.20170119.somatic.cna.txt
fc8130e0-0b9c-bbc9-e040-11ac0c483266	/n/data1/hms/dbmi/park/DATA/ICGC/PCAWG_Final_Datasets_DCC/consensus_snv_indel/merged_snv_mnv/fc8130e0-0b9c-bbc9-e040-11ac0c483266.consensus.20160830.somatic.snv_mnv.vcf.gz	/n/data1/hms/dbmi/park/DATA/ICGC/PCAWG_Final_Datasets_DCC/consensus_cnv/segmented_cn/fc8130e0-0b9c-bbc9-e040-11ac0c483266.consensus.20170119.somatic.cna.txt
fc8130e0-0bc1-bba7-e040-11ac0c483289	/n/data1/hms/dbmi/park/DATA/ICGC/PCAWG_Final_Datasets_DCC/consensus_snv_indel/merged_snv_mnv/fc8130e0-0bc1-bba7-e040-11ac0c483289.consensus.20160830.somatic.snv_mnv.vcf.gz	/n/data1/hms/dbmi/park/DATA/ICGC/PCAWG_Final_Datasets_DCC/consensus_cnv/segmented_cn/fc8130e0-0bc1-bba7-e040-11ac0c483289.consensus.20170119.somatic.cna.txt
fc8130e0-0bfa-bba4-e040-11ac0c48328d	/n/data1/hms/dbmi/park/DATA/ICGC/PCAWG_Final_Datasets_DCC/consensus_snv_indel/merged_snv_mnv/fc8130e0-0bfa-bba4-e040-11ac0c48328d.consensus.20160830.somatic.snv_mnv.vcf.gz	/n/data1/hms/dbmi/park/DATA/ICGC/PCAWG_Final_Datasets_DCC/consensus_cnv/segmented_cn/fc8130e0-0bfa-bba4-e040-11ac0c48328d.consensus.20170119.somatic.cna.txt
fc8130e0-0c53-b432-e040-11ac0c483283	/n/data1/hms/dbmi/park/DATA/ICGC/PCAWG_Final_Datasets_DCC/consensus_snv_indel/merged_snv_mnv/fc8130e0-0c53-b432-e040-11ac0c483283.consensus.20160830.somatic.snv_mnv.vcf.gz	/n/data1/hms/dbmi/park/DATA/ICGC/PCAWG_Final_Datasets_DCC/consensus_cnv/segmented_cn/fc8130e0-0c53-b432-e040-11ac0c483283.consensus.20170119.somatic.cna.txt
fc8130e0-0d25-b475-e040-11ac0c483277	/n/data1/hms/dbmi/park/DATA/ICGC/PCAWG_Final_Datasets_DCC/consensus_snv_indel/merged_snv_mnv/fc8130e0-0d25-b475-e040-11ac0c483277.consensus.20160830.somatic.snv_mnv.vcf.gz	/n/data1/hms/dbmi/park/DATA/ICGC/PCAWG_Final_Datasets_DCC/consensus_cnv/segmented_cn/fc8130e0-0d25-b475-e040-11ac0c483277.consensus.20170119.somatic.cna.txt
fc8130e0-0db6-b568-e040-11ac0c483281	/n/data1/hms/dbmi/park/DATA/ICGC/PCAWG_Final_Datasets_DCC/consensus_snv_indel/merged_snv_mnv/fc8130e0-0db6-b568-e040-11ac0c483281.consensus.20160830.somatic.snv_mnv.vcf.gz	/n/data1/hms/dbmi/park/DATA/ICGC/PCAWG_Final_Datasets_DCC/consensus_cnv/segmented_cn/fc8130e0-0db6-b568-e040-11ac0c483281.consensus.20170119.somatic.cna.txt
fc8130e0-0e1f-b54d-e040-11ac0c48326c	/n/data1/hms/dbmi/park/DATA/ICGC/PCAWG_Final_Datasets_DCC/consensus_snv_indel/merged_snv_mnv/fc8130e0-0e1f-b54d-e040-11ac0c48326c.consensus.20160830.somatic.snv_mnv.vcf.gz	/n/data1/hms/dbmi/park/DATA/ICGC/PCAWG_Final_Datasets_DCC/consensus_cnv/segmented_cn/fc8130e0-0e1f-b54d-e040-11ac0c48326c.consensus.20170119.somatic.cna.txt
fc8130e0-0f1a-b6eb-e040-11ac0c48328f	/n/data1/hms/dbmi/park/DATA/ICGC/PCAWG_Final_Datasets_DCC/consensus_snv_indel/merged_snv_mnv/fc8130e0-0f1a-b6eb-e040-11ac0c48328f.consensus.20160830.somatic.snv_mnv.vcf.gz	/n/data1/hms/dbmi/park/DATA/ICGC/PCAWG_Final_Datasets_DCC/consensus_cnv/segmented_cn/fc8130e0-0f1a-b6eb-e040-11ac0c48328f.consensus.20170119.somatic.cna.txt
fc8130e0-0fde-b756-e040-11ac0c48328b	/n/data1/hms/dbmi/park/DATA/ICGC/PCAWG_Final_Datasets_DCC/consensus_snv_indel/merged_snv_mnv/fc8130e0-0fde-b756-e040-11ac0c48328b.consensus.20160830.somatic.snv_mnv.vcf.gz	/n/data1/hms/dbmi/park/DATA/ICGC/PCAWG_Final_Datasets_DCC/consensus_cnv/segmented_cn/fc8130e0-0fde-b756-e040-11ac0c48328b.consensus.20170119.somatic.cna.txt
fc8130e0-a38a-23b9-e040-11ac0c48327f	/n/data1/hms/dbmi/park/DATA/ICGC/PCAWG_Final_Datasets_DCC/consensus_snv_indel/merged_snv_mnv/fc8130e0-a38a-23b9-e040-11ac0c48327f.consensus.20160830.somatic.snv_mnv.vcf.gz	/n/data1/hms/dbmi/park/DATA/ICGC/PCAWG_Final_Datasets_DCC/consensus_cnv/segmented_cn/fc8130e0-a38a-23b9-e040-11ac0c48327f.consensus.20170119.somatic.cna.txt
fc8130e0-a39a-23b5-e040-11ac0c483270	/n/data1/hms/dbmi/park/DATA/ICGC/PCAWG_Final_Datasets_DCC/consensus_snv_indel/merged_snv_mnv/fc8130e0-a39a-23b5-e040-11ac0c483270.consensus.20160830.somatic.snv_mnv.vcf.gz	/n/data1/hms/dbmi/park/DATA/ICGC/PCAWG_Final_Datasets_DCC/consensus_cnv/segmented_cn/fc8130e0-a39a-23b5-e040-11ac0c483270.consensus.20170119.somatic.cna.txt
fc8130e0-a538-dda3-e040-11ac0c483264	/n/data1/hms/dbmi/park/DATA/ICGC/PCAWG_Final_Datasets_DCC/consensus_snv_indel/merged_snv_mnv/fc8130e0-a538-dda3-e040-11ac0c483264.consensus.20160830.somatic.snv_mnv.vcf.gz	/n/data1/hms/dbmi/park/DATA/ICGC/PCAWG_Final_Datasets_DCC/consensus_cnv/segmented_cn/fc8130e0-a538-dda3-e040-11ac0c483264.consensus.20170119.somatic.cna.txt
fc8130e0-a539-dda8-e040-11ac0c48326a	/n/data1/hms/dbmi/park/DATA/ICGC/PCAWG_Final_Datasets_DCC/consensus_snv_indel/merged_snv_mnv/fc8130e0-a539-dda8-e040-11ac0c48326a.consensus.20160830.somatic.snv_mnv.vcf.gz	/n/data1/hms/dbmi/park/DATA/ICGC/PCAWG_Final_Datasets_DCC/consensus_cnv/segmented_cn/fc8130e0-a539-dda8-e040-11ac0c48326a.consensus.20170119.somatic.cna.txt
fc8130e0-a774-d834-e040-11ac0c483268	/n/data1/hms/dbmi/park/DATA/ICGC/PCAWG_Final_Datasets_DCC/consensus_snv_indel/merged_snv_mnv/fc8130e0-a774-d834-e040-11ac0c483268.consensus.20160830.somatic.snv_mnv.vcf.gz	/n/data1/hms/dbmi/park/DATA/ICGC/PCAWG_Final_Datasets_DCC/consensus_cnv/segmented_cn/fc8130e0-a774-d834-e040-11ac0c483268.consensus.20170119.somatic.cna.txt
fc8130e0-a8b4-d80d-e040-11ac0c483272	/n/data1/hms/dbmi/park/DATA/ICGC/PCAWG_Final_Datasets_DCC/consensus_snv_indel/merged_snv_mnv/fc8130e0-a8b4-d80d-e040-11ac0c483272.consensus.20160830.somatic.snv_mnv.vcf.gz	/n/data1/hms/dbmi/park/DATA/ICGC/PCAWG_Final_Datasets_DCC/consensus_cnv/segmented_cn/fc8130e0-a8b4-d80d-e040-11ac0c483272.consensus.20170119.somatic.cna.txt
fc8130e0-a94d-d9d0-e040-11ac0c483262	/n/data1/hms/dbmi/park/DATA/ICGC/PCAWG_Final_Datasets_DCC/consensus_snv_indel/merged_snv_mnv/fc8130e0-a94d-d9d0-e040-11ac0c483262.consensus.20160830.somatic.snv_mnv.vcf.gz	/n/data1/hms/dbmi/park/DATA/ICGC/PCAWG_Final_Datasets_DCC/consensus_cnv/segmented_cn/fc8130e0-a94d-d9d0-e040-11ac0c483262.consensus.20170119.somatic.cna.txt
fc8130e0-ad63-b804-e040-11ac0d485e10	/n/data1/hms/dbmi/park/DATA/ICGC/PCAWG_Final_Datasets_DCC/consensus_snv_indel/merged_snv_mnv/fc8130e0-ad63-b804-e040-11ac0d485e10.consensus.20160830.somatic.snv_mnv.vcf.gz	/n/data1/hms/dbmi/park/DATA/ICGC/PCAWG_Final_Datasets_DCC/consensus_cnv/segmented_cn/fc8130e0-ad63-b804-e040-11ac0d485e10.consensus.20170119.somatic.cna.txt
fc8130e0-ad66-b82e-e040-11ac0d485e0e	/n/data1/hms/dbmi/park/DATA/ICGC/PCAWG_Final_Datasets_DCC/consensus_snv_indel/merged_snv_mnv/fc8130e0-ad66-b82e-e040-11ac0d485e0e.consensus.20160830.somatic.snv_mnv.vcf.gz	/n/data1/hms/dbmi/park/DATA/ICGC/PCAWG_Final_Datasets_DCC/consensus_cnv/segmented_cn/fc8130e0-ad66-b82e-e040-11ac0d485e0e.consensus.20170119.somatic.cna.txt
fc8130e0-ad8a-b832-e040-11ac0d485e14	/n/data1/hms/dbmi/park/DATA/ICGC/PCAWG_Final_Datasets_DCC/consensus_snv_indel/merged_snv_mnv/fc8130e0-ad8a-b832-e040-11ac0d485e14.consensus.20160830.somatic.snv_mnv.vcf.gz	/n/data1/hms/dbmi/park/DATA/ICGC/PCAWG_Final_Datasets_DCC/consensus_cnv/segmented_cn/fc8130e0-ad8a-b832-e040-11ac0d485e14.consensus.20170119.somatic.cna.txt
fc8130e0-aed2-bb2f-e040-11ac0d485e12	/n/data1/hms/dbmi/park/DATA/ICGC/PCAWG_Final_Datasets_DCC/consensus_snv_indel/merged_snv_mnv/fc8130e0-aed2-bb2f-e040-11ac0d485e12.consensus.20160830.somatic.snv_mnv.vcf.gz	/n/data1/hms/dbmi/park/DATA/ICGC/PCAWG_Final_Datasets_DCC/consensus_cnv/segmented_cn/fc8130e0-aed2-bb2f-e040-11ac0d485e12.consensus.20170119.somatic.cna.txt
fc8130e2-f2ef-d096-e040-11ac0c483293	/n/data1/hms/dbmi/park/DATA/ICGC/PCAWG_Final_Datasets_DCC/consensus_snv_indel/merged_snv_mnv/fc8130e2-f2ef-d096-e040-11ac0c483293.consensus.20160830.somatic.snv_mnv.vcf.gz	/n/data1/hms/dbmi/park/DATA/ICGC/PCAWG_Final_Datasets_DCC/consensus_cnv/segmented_cn/fc8130e2-f2ef-d096-e040-11ac0c483293.consensus.20170119.somatic.cna.txt
fc8130e3-01ba-c740-e040-11ac0c483291	/n/data1/hms/dbmi/park/DATA/ICGC/PCAWG_Final_Datasets_DCC/consensus_snv_indel/merged_snv_mnv/fc8130e3-01ba-c740-e040-11ac0c483291.consensus.20160830.somatic.snv_mnv.vcf.gz	/n/data1/hms/dbmi/park/DATA/ICGC/PCAWG_Final_Datasets_DCC/consensus_cnv/segmented_cn/fc8130e3-01ba-c740-e040-11ac0c483291.consensus.20170119.somatic.cna.txt
fc8130e3-023d-c7d4-e040-11ac0c483295	/n/data1/hms/dbmi/park/DATA/ICGC/PCAWG_Final_Datasets_DCC/consensus_snv_indel/merged_snv_mnv/fc8130e3-023d-c7d4-e040-11ac0c483295.consensus.20160830.somatic.snv_mnv.vcf.gz	/n/data1/hms/dbmi/park/DATA/ICGC/PCAWG_Final_Datasets_DCC/consensus_cnv/segmented_cn/fc8130e3-023d-c7d4-e040-11ac0c483295.consensus.20170119.somatic.cna.txt
fc8130e5-18b8-ef38-e040-11ac0c483297	/n/data1/hms/dbmi/park/DATA/ICGC/PCAWG_Final_Datasets_DCC/consensus_snv_indel/merged_snv_mnv/fc8130e5-18b8-ef38-e040-11ac0c483297.consensus.20160830.somatic.snv_mnv.vcf.gz	/n/data1/hms/dbmi/park/DATA/ICGC/PCAWG_Final_Datasets_DCC/consensus_cnv/segmented_cn/fc8130e5-18b8-ef38-e040-11ac0c483297.consensus.20170119.somatic.cna.txt
fc81312a-99ae-7672-e040-11ac0c4832a2	/n/data1/hms/dbmi/park/DATA/ICGC/PCAWG_Final_Datasets_DCC/consensus_snv_indel/merged_snv_mnv/fc81312a-99ae-7672-e040-11ac0c4832a2.consensus.20160830.somatic.snv_mnv.vcf.gz	/n/data1/hms/dbmi/park/DATA/ICGC/PCAWG_Final_Datasets_DCC/consensus_cnv/segmented_cn/fc81312a-99ae-7672-e040-11ac0c4832a2.consensus.20170119.somatic.cna.txt
fc81312a-d451-38fb-e040-11ac0c4832a4	/n/data1/hms/dbmi/park/DATA/ICGC/PCAWG_Final_Datasets_DCC/consensus_snv_indel/merged_snv_mnv/fc81312a-d451-38fb-e040-11ac0c4832a4.consensus.20160830.somatic.snv_mnv.vcf.gz	/n/data1/hms/dbmi/park/DATA/ICGC/PCAWG_Final_Datasets_DCC/consensus_cnv/segmented_cn/fc81312a-d451-38fb-e040-11ac0c4832a4.consensus.20170119.somatic.cna.txt
fc813235-5ed8-7695-e040-11ac0d485e3e	/n/data1/hms/dbmi/park/DATA/ICGC/PCAWG_Final_Datasets_DCC/consensus_snv_indel/merged_snv_mnv/fc813235-5ed8-7695-e040-11ac0d485e3e.consensus.20160830.somatic.snv_mnv.vcf.gz	/n/data1/hms/dbmi/park/DATA/ICGC/PCAWG_Final_Datasets_DCC/consensus_cnv/segmented_cn/fc813235-5ed8-7695-e040-11ac0d485e3e.consensus.20170119.somatic.cna.txt
fc876f51-0577-3b53-e040-11ac0d48515e	/n/data1/hms/dbmi/park/DATA/ICGC/PCAWG_Final_Datasets_DCC/consensus_snv_indel/merged_snv_mnv/fc876f51-0577-3b53-e040-11ac0d48515e.consensus.20160830.somatic.snv_mnv.vcf.gz	/n/data1/hms/dbmi/park/DATA/ICGC/PCAWG_Final_Datasets_DCC/consensus_cnv/segmented_cn/fc876f51-0577-3b53-e040-11ac0d48515e.consensus.20170119.somatic.cna.txt
fc876f5c-8339-bc9c-e040-11ac0d485160	/n/data1/hms/dbmi/park/DATA/ICGC/PCAWG_Final_Datasets_DCC/consensus_snv_indel/merged_snv_mnv/fc876f5c-8339-bc9c-e040-11ac0d485160.consensus.20160830.somatic.snv_mnv.vcf.gz	/n/data1/hms/dbmi/park/DATA/ICGC/PCAWG_Final_Datasets_DCC/consensus_cnv/segmented_cn/fc876f5c-8339-bc9c-e040-11ac0d485160.consensus.20170119.somatic.cna.txt
fc876f66-ff0d-f338-e040-11ac0d485162	/n/data1/hms/dbmi/park/DATA/ICGC/PCAWG_Final_Datasets_DCC/consensus_snv_indel/merged_snv_mnv/fc876f66-ff0d-f338-e040-11ac0d485162.consensus.20160830.somatic.snv_mnv.vcf.gz	/n/data1/hms/dbmi/park/DATA/ICGC/PCAWG_Final_Datasets_DCC/consensus_cnv/segmented_cn/fc876f66-ff0d-f338-e040-11ac0d485162.consensus.20170119.somatic.cna.txt
fc8edf46-2005-1af4-e040-11ac0d481414	/n/data1/hms/dbmi/park/DATA/ICGC/PCAWG_Final_Datasets_DCC/consensus_snv_indel/merged_snv_mnv/fc8edf46-2005-1af4-e040-11ac0d481414.consensus.20160830.somatic.snv_mnv.vcf.gz	/n/data1/hms/dbmi/park/DATA/ICGC/PCAWG_Final_Datasets_DCC/consensus_cnv/segmented_cn/fc8edf46-2005-1af4-e040-11ac0d481414.consensus.20170119.somatic.cna.txt
fc93369d-3ffb-1b53-e040-11ac0c4852ba	/n/data1/hms/dbmi/park/DATA/ICGC/PCAWG_Final_Datasets_DCC/consensus_snv_indel/merged_snv_mnv/fc93369d-3ffb-1b53-e040-11ac0c4852ba.consensus.20160830.somatic.snv_mnv.vcf.gz	/n/data1/hms/dbmi/park/DATA/ICGC/PCAWG_Final_Datasets_DCC/consensus_cnv/segmented_cn/fc93369d-3ffb-1b53-e040-11ac0c4852ba.consensus.20170119.somatic.cna.txt
fc93b9ab-760a-5223-e040-11ac0c482177	/n/data1/hms/dbmi/park/DATA/ICGC/PCAWG_Final_Datasets_DCC/consensus_snv_indel/merged_snv_mnv/fc93b9ab-760a-5223-e040-11ac0c482177.consensus.20160830.somatic.snv_mnv.vcf.gz	/n/data1/hms/dbmi/park/DATA/ICGC/PCAWG_Final_Datasets_DCC/consensus_cnv/segmented_cn/fc93b9ab-760a-5223-e040-11ac0c482177.consensus.20170119.somatic.cna.txt
fc93bd81-a3f9-2f8e-e040-11ac0d48306f	/n/data1/hms/dbmi/park/DATA/ICGC/PCAWG_Final_Datasets_DCC/consensus_snv_indel/merged_snv_mnv/fc93bd81-a3f9-2f8e-e040-11ac0d48306f.consensus.20160830.somatic.snv_mnv.vcf.gz	/n/data1/hms/dbmi/park/DATA/ICGC/PCAWG_Final_Datasets_DCC/consensus_cnv/segmented_cn/fc93bd81-a3f9-2f8e-e040-11ac0d48306f.consensus.20170119.somatic.cna.txt
fc93e38d-6bd5-9912-e040-11ac0c4838cd	/n/data1/hms/dbmi/park/DATA/ICGC/PCAWG_Final_Datasets_DCC/consensus_snv_indel/merged_snv_mnv/fc93e38d-6bd5-9912-e040-11ac0c4838cd.consensus.20160830.somatic.snv_mnv.vcf.gz	/n/data1/hms/dbmi/park/DATA/ICGC/PCAWG_Final_Datasets_DCC/consensus_cnv/segmented_cn/fc93e38d-6bd5-9912-e040-11ac0c4838cd.consensus.20170119.somatic.cna.txt
fc9404ed-1ba3-2638-e040-11ac0c484da2	/n/data1/hms/dbmi/park/DATA/ICGC/PCAWG_Final_Datasets_DCC/consensus_snv_indel/merged_snv_mnv/fc9404ed-1ba3-2638-e040-11ac0c484da2.consensus.20160830.somatic.snv_mnv.vcf.gz	/n/data1/hms/dbmi/park/DATA/ICGC/PCAWG_Final_Datasets_DCC/consensus_cnv/segmented_cn/fc9404ed-1ba3-2638-e040-11ac0c484da2.consensus.20170119.somatic.cna.txt
fc9469d0-4d0e-bb59-e040-11ac0d481e59	/n/data1/hms/dbmi/park/DATA/ICGC/PCAWG_Final_Datasets_DCC/consensus_snv_indel/merged_snv_mnv/fc9469d0-4d0e-bb59-e040-11ac0d481e59.consensus.20160830.somatic.snv_mnv.vcf.gz	/n/data1/hms/dbmi/park/DATA/ICGC/PCAWG_Final_Datasets_DCC/consensus_cnv/segmented_cn/fc9469d0-4d0e-bb59-e040-11ac0d481e59.consensus.20170119.somatic.cna.txt
fc94ea15-2d98-0c5b-e040-11ac0c48569b	/n/data1/hms/dbmi/park/DATA/ICGC/PCAWG_Final_Datasets_DCC/consensus_snv_indel/merged_snv_mnv/fc94ea15-2d98-0c5b-e040-11ac0c48569b.consensus.20160830.somatic.snv_mnv.vcf.gz	/n/data1/hms/dbmi/park/DATA/ICGC/PCAWG_Final_Datasets_DCC/consensus_cnv/segmented_cn/fc94ea15-2d98-0c5b-e040-11ac0c48569b.consensus.20170119.somatic.cna.txt
fc94ec40-2cf2-7ce8-e040-11ac0d4871fb	/n/data1/hms/dbmi/park/DATA/ICGC/PCAWG_Final_Datasets_DCC/consensus_snv_indel/merged_snv_mnv/fc94ec40-2cf2-7ce8-e040-11ac0d4871fb.consensus.20160830.somatic.snv_mnv.vcf.gz	/n/data1/hms/dbmi/park/DATA/ICGC/PCAWG_Final_Datasets_DCC/consensus_cnv/segmented_cn/fc94ec40-2cf2-7ce8-e040-11ac0d4871fb.consensus.20170119.somatic.cna.txt
fc9500f3-e7d0-9820-e040-11ac0c48617e	/n/data1/hms/dbmi/park/DATA/ICGC/PCAWG_Final_Datasets_DCC/consensus_snv_indel/merged_snv_mnv/fc9500f3-e7d0-9820-e040-11ac0c48617e.consensus.20160830.somatic.snv_mnv.vcf.gz	/n/data1/hms/dbmi/park/DATA/ICGC/PCAWG_Final_Datasets_DCC/consensus_cnv/segmented_cn/fc9500f3-e7d0-9820-e040-11ac0c48617e.consensus.20170119.somatic.cna.txt
fc950c33-faa4-0241-e040-11ac0c486786	/n/data1/hms/dbmi/park/DATA/ICGC/PCAWG_Final_Datasets_DCC/consensus_snv_indel/merged_snv_mnv/fc950c33-faa4-0241-e040-11ac0c486786.consensus.20160830.somatic.snv_mnv.vcf.gz	/n/data1/hms/dbmi/park/DATA/ICGC/PCAWG_Final_Datasets_DCC/consensus_cnv/segmented_cn/fc950c33-faa4-0241-e040-11ac0c486786.consensus.20170119.somatic.cna.txt
fc95d5ce-6899-62f1-e040-11ac0c486011	/n/data1/hms/dbmi/park/DATA/ICGC/PCAWG_Final_Datasets_DCC/consensus_snv_indel/merged_snv_mnv/fc95d5ce-6899-62f1-e040-11ac0c486011.consensus.20160830.somatic.snv_mnv.vcf.gz	/n/data1/hms/dbmi/park/DATA/ICGC/PCAWG_Final_Datasets_DCC/consensus_cnv/segmented_cn/fc95d5ce-6899-62f1-e040-11ac0c486011.consensus.20170119.somatic.cna.txt
fc962061-8ab0-42b3-e040-11ac0c4810cc	/n/data1/hms/dbmi/park/DATA/ICGC/PCAWG_Final_Datasets_DCC/consensus_snv_indel/merged_snv_mnv/fc962061-8ab0-42b3-e040-11ac0c4810cc.consensus.20160830.somatic.snv_mnv.vcf.gz	/n/data1/hms/dbmi/park/DATA/ICGC/PCAWG_Final_Datasets_DCC/consensus_cnv/segmented_cn/fc962061-8ab0-42b3-e040-11ac0c4810cc.consensus.20170119.somatic.cna.txt
fc9650a1-9aef-ab3b-e040-11ac0c4829a7	/n/data1/hms/dbmi/park/DATA/ICGC/PCAWG_Final_Datasets_DCC/consensus_snv_indel/merged_snv_mnv/fc9650a1-9aef-ab3b-e040-11ac0c4829a7.consensus.20160830.somatic.snv_mnv.vcf.gz	/n/data1/hms/dbmi/park/DATA/ICGC/PCAWG_Final_Datasets_DCC/consensus_cnv/segmented_cn/fc9650a1-9aef-ab3b-e040-11ac0c4829a7.consensus.20170119.somatic.cna.txt
fc968a86-32e3-ee88-e040-11ac0d487adb	/n/data1/hms/dbmi/park/DATA/ICGC/PCAWG_Final_Datasets_DCC/consensus_snv_indel/merged_snv_mnv/fc968a86-32e3-ee88-e040-11ac0d487adb.consensus.20160830.somatic.snv_mnv.vcf.gz	/n/data1/hms/dbmi/park/DATA/ICGC/PCAWG_Final_Datasets_DCC/consensus_cnv/segmented_cn/fc968a86-32e3-ee88-e040-11ac0d487adb.consensus.20170119.somatic.cna.txt
fc969f27-bdc6-cd03-e040-11ac0c48577e	/n/data1/hms/dbmi/park/DATA/ICGC/PCAWG_Final_Datasets_DCC/consensus_snv_indel/merged_snv_mnv/fc969f27-bdc6-cd03-e040-11ac0c48577e.consensus.20160830.somatic.snv_mnv.vcf.gz	/n/data1/hms/dbmi/park/DATA/ICGC/PCAWG_Final_Datasets_DCC/consensus_cnv/segmented_cn/fc969f27-bdc6-cd03-e040-11ac0c48577e.consensus.20170119.somatic.cna.txt
fc96e36c-67f1-4c02-e040-11ac0d48393d	/n/data1/hms/dbmi/park/DATA/ICGC/PCAWG_Final_Datasets_DCC/consensus_snv_indel/merged_snv_mnv/fc96e36c-67f1-4c02-e040-11ac0d48393d.consensus.20160830.somatic.snv_mnv.vcf.gz	/n/data1/hms/dbmi/park/DATA/ICGC/PCAWG_Final_Datasets_DCC/consensus_cnv/segmented_cn/fc96e36c-67f1-4c02-e040-11ac0d48393d.consensus.20170119.somatic.cna.txt
fc96f0df-ef04-411e-e040-11ac0d484291	/n/data1/hms/dbmi/park/DATA/ICGC/PCAWG_Final_Datasets_DCC/consensus_snv_indel/merged_snv_mnv/fc96f0df-ef04-411e-e040-11ac0d484291.consensus.20160830.somatic.snv_mnv.vcf.gz	/n/data1/hms/dbmi/park/DATA/ICGC/PCAWG_Final_Datasets_DCC/consensus_cnv/segmented_cn/fc96f0df-ef04-411e-e040-11ac0d484291.consensus.20170119.somatic.cna.txt
fc975588-6e70-b496-e040-11ac0c484689	/n/data1/hms/dbmi/park/DATA/ICGC/PCAWG_Final_Datasets_DCC/consensus_snv_indel/merged_snv_mnv/fc975588-6e70-b496-e040-11ac0c484689.consensus.20160830.somatic.snv_mnv.vcf.gz	/n/data1/hms/dbmi/park/DATA/ICGC/PCAWG_Final_Datasets_DCC/consensus_cnv/segmented_cn/fc975588-6e70-b496-e040-11ac0c484689.consensus.20170119.somatic.cna.txt
fc97c1c5-9f4a-be90-e040-11ac0c480992	/n/data1/hms/dbmi/park/DATA/ICGC/PCAWG_Final_Datasets_DCC/consensus_snv_indel/merged_snv_mnv/fc97c1c5-9f4a-be90-e040-11ac0c480992.consensus.20160830.somatic.snv_mnv.vcf.gz	/n/data1/hms/dbmi/park/DATA/ICGC/PCAWG_Final_Datasets_DCC/consensus_cnv/segmented_cn/fc97c1c5-9f4a-be90-e040-11ac0c480992.consensus.20170119.somatic.cna.txt
fc990cee-3a1e-9d45-e040-11ac0c484ab3	/n/data1/hms/dbmi/park/DATA/ICGC/PCAWG_Final_Datasets_DCC/consensus_snv_indel/merged_snv_mnv/fc990cee-3a1e-9d45-e040-11ac0c484ab3.consensus.20160830.somatic.snv_mnv.vcf.gz	/n/data1/hms/dbmi/park/DATA/ICGC/PCAWG_Final_Datasets_DCC/consensus_cnv/segmented_cn/fc990cee-3a1e-9d45-e040-11ac0c484ab3.consensus.20170119.somatic.cna.txt
fc99832e-a4ae-8259-e040-11ac0c48131c	/n/data1/hms/dbmi/park/DATA/ICGC/PCAWG_Final_Datasets_DCC/consensus_snv_indel/merged_snv_mnv/fc99832e-a4ae-8259-e040-11ac0c48131c.consensus.20160830.somatic.snv_mnv.vcf.gz	/n/data1/hms/dbmi/park/DATA/ICGC/PCAWG_Final_Datasets_DCC/consensus_cnv/segmented_cn/fc99832e-a4ae-8259-e040-11ac0c48131c.consensus.20170119.somatic.cna.txt
fc998aec-57dd-eab2-e040-11ac0d48680a	/n/data1/hms/dbmi/park/DATA/ICGC/PCAWG_Final_Datasets_DCC/consensus_snv_indel/merged_snv_mnv/fc998aec-57dd-eab2-e040-11ac0d48680a.consensus.20160830.somatic.snv_mnv.vcf.gz	/n/data1/hms/dbmi/park/DATA/ICGC/PCAWG_Final_Datasets_DCC/consensus_cnv/segmented_cn/fc998aec-57dd-eab2-e040-11ac0d48680a.consensus.20170119.somatic.cna.txt
fc99b734-7f61-88d1-e040-11ac0c482e88	/n/data1/hms/dbmi/park/DATA/ICGC/PCAWG_Final_Datasets_DCC/consensus_snv_indel/merged_snv_mnv/fc99b734-7f61-88d1-e040-11ac0c482e88.consensus.20160830.somatic.snv_mnv.vcf.gz	/n/data1/hms/dbmi/park/DATA/ICGC/PCAWG_Final_Datasets_DCC/consensus_cnv/segmented_cn/fc99b734-7f61-88d1-e040-11ac0c482e88.consensus.20170119.somatic.cna.txt
fc99bbb0-e5c7-fb9e-e040-11ac0d4807e1	/n/data1/hms/dbmi/park/DATA/ICGC/PCAWG_Final_Datasets_DCC/consensus_snv_indel/merged_snv_mnv/fc99bbb0-e5c7-fb9e-e040-11ac0d4807e1.consensus.20160830.somatic.snv_mnv.vcf.gz	/n/data1/hms/dbmi/park/DATA/ICGC/PCAWG_Final_Datasets_DCC/consensus_cnv/segmented_cn/fc99bbb0-e5c7-fb9e-e040-11ac0d4807e1.consensus.20170119.somatic.cna.txt
fc9d5fc6-546f-27b7-e040-11ac0d485f87	/n/data1/hms/dbmi/park/DATA/ICGC/PCAWG_Final_Datasets_DCC/consensus_snv_indel/merged_snv_mnv/fc9d5fc6-546f-27b7-e040-11ac0d485f87.consensus.20160830.somatic.snv_mnv.vcf.gz	/n/data1/hms/dbmi/park/DATA/ICGC/PCAWG_Final_Datasets_DCC/consensus_cnv/segmented_cn/fc9d5fc6-546f-27b7-e040-11ac0d485f87.consensus.20170119.somatic.cna.txt
fc9d5fc6-719b-0525-e040-11ac0d485f83	/n/data1/hms/dbmi/park/DATA/ICGC/PCAWG_Final_Datasets_DCC/consensus_snv_indel/merged_snv_mnv/fc9d5fc6-719b-0525-e040-11ac0d485f83.consensus.20160830.somatic.snv_mnv.vcf.gz	/n/data1/hms/dbmi/park/DATA/ICGC/PCAWG_Final_Datasets_DCC/consensus_cnv/segmented_cn/fc9d5fc6-719b-0525-e040-11ac0d485f83.consensus.20170119.somatic.cna.txt
fc9d5fc6-7f7d-1313-e040-11ac0d485f85	/n/data1/hms/dbmi/park/DATA/ICGC/PCAWG_Final_Datasets_DCC/consensus_snv_indel/merged_snv_mnv/fc9d5fc6-7f7d-1313-e040-11ac0d485f85.consensus.20160830.somatic.snv_mnv.vcf.gz	/n/data1/hms/dbmi/park/DATA/ICGC/PCAWG_Final_Datasets_DCC/consensus_cnv/segmented_cn/fc9d5fc6-7f7d-1313-e040-11ac0d485f85.consensus.20170119.somatic.cna.txt
fc9d5fc7-a87b-c5e7-e040-11ac0c4850aa	/n/data1/hms/dbmi/park/DATA/ICGC/PCAWG_Final_Datasets_DCC/consensus_snv_indel/merged_snv_mnv/fc9d5fc7-a87b-c5e7-e040-11ac0c4850aa.consensus.20160830.somatic.snv_mnv.vcf.gz	/n/data1/hms/dbmi/park/DATA/ICGC/PCAWG_Final_Datasets_DCC/consensus_cnv/segmented_cn/fc9d5fc7-a87b-c5e7-e040-11ac0c4850aa.consensus.20170119.somatic.cna.txt
fc9d704c-0cfb-0407-e040-11ac0d486980	/n/data1/hms/dbmi/park/DATA/ICGC/PCAWG_Final_Datasets_DCC/consensus_snv_indel/merged_snv_mnv/fc9d704c-0cfb-0407-e040-11ac0d486980.consensus.20160830.somatic.snv_mnv.vcf.gz	/n/data1/hms/dbmi/park/DATA/ICGC/PCAWG_Final_Datasets_DCC/consensus_cnv/segmented_cn/fc9d704c-0cfb-0407-e040-11ac0d486980.consensus.20170119.somatic.cna.txt
fc9d93b6-77c6-8719-e040-11ac0d487dec	/n/data1/hms/dbmi/park/DATA/ICGC/PCAWG_Final_Datasets_DCC/consensus_snv_indel/merged_snv_mnv/fc9d93b6-77c6-8719-e040-11ac0d487dec.consensus.20160830.somatic.snv_mnv.vcf.gz	/n/data1/hms/dbmi/park/DATA/ICGC/PCAWG_Final_Datasets_DCC/consensus_cnv/segmented_cn/fc9d93b6-77c6-8719-e040-11ac0d487dec.consensus.20170119.somatic.cna.txt
fc9d93b6-92e8-acb7-e040-11ac0d487dee	/n/data1/hms/dbmi/park/DATA/ICGC/PCAWG_Final_Datasets_DCC/consensus_snv_indel/merged_snv_mnv/fc9d93b6-92e8-acb7-e040-11ac0d487dee.consensus.20160830.somatic.snv_mnv.vcf.gz	/n/data1/hms/dbmi/park/DATA/ICGC/PCAWG_Final_Datasets_DCC/consensus_cnv/segmented_cn/fc9d93b6-92e8-acb7-e040-11ac0d487dee.consensus.20170119.somatic.cna.txt
fc9dbf68-4599-3c64-e040-11ac0d481623	/n/data1/hms/dbmi/park/DATA/ICGC/PCAWG_Final_Datasets_DCC/consensus_snv_indel/merged_snv_mnv/fc9dbf68-4599-3c64-e040-11ac0d481623.consensus.20160830.somatic.snv_mnv.vcf.gz	/n/data1/hms/dbmi/park/DATA/ICGC/PCAWG_Final_Datasets_DCC/consensus_cnv/segmented_cn/fc9dbf68-4599-3c64-e040-11ac0d481623.consensus.20170119.somatic.cna.txt
fc9ef456-75a2-5967-e040-11ac0c484477	/n/data1/hms/dbmi/park/DATA/ICGC/PCAWG_Final_Datasets_DCC/consensus_snv_indel/merged_snv_mnv/fc9ef456-75a2-5967-e040-11ac0c484477.consensus.20160830.somatic.snv_mnv.vcf.gz	/n/data1/hms/dbmi/park/DATA/ICGC/PCAWG_Final_Datasets_DCC/consensus_cnv/segmented_cn/fc9ef456-75a2-5967-e040-11ac0c484477.consensus.20170119.somatic.cna.txt
fc9f6916-da31-ab17-e040-11ac0c4808f3	/n/data1/hms/dbmi/park/DATA/ICGC/PCAWG_Final_Datasets_DCC/consensus_snv_indel/merged_snv_mnv/fc9f6916-da31-ab17-e040-11ac0c4808f3.consensus.20160830.somatic.snv_mnv.vcf.gz	/n/data1/hms/dbmi/park/DATA/ICGC/PCAWG_Final_Datasets_DCC/consensus_cnv/segmented_cn/fc9f6916-da31-ab17-e040-11ac0c4808f3.consensus.20170119.somatic.cna.txt
fc9f6cb0-ceb9-790d-e040-11ac0c480ad1	/n/data1/hms/dbmi/park/DATA/ICGC/PCAWG_Final_Datasets_DCC/consensus_snv_indel/merged_snv_mnv/fc9f6cb0-ceb9-790d-e040-11ac0c480ad1.consensus.20160830.somatic.snv_mnv.vcf.gz	/n/data1/hms/dbmi/park/DATA/ICGC/PCAWG_Final_Datasets_DCC/consensus_cnv/segmented_cn/fc9f6cb0-ceb9-790d-e040-11ac0c480ad1.consensus.20170119.somatic.cna.txt
fc9f9295-01f6-a9e0-e040-11ac0d4845af	/n/data1/hms/dbmi/park/DATA/ICGC/PCAWG_Final_Datasets_DCC/consensus_snv_indel/merged_snv_mnv/fc9f9295-01f6-a9e0-e040-11ac0d4845af.consensus.20160830.somatic.snv_mnv.vcf.gz	/n/data1/hms/dbmi/park/DATA/ICGC/PCAWG_Final_Datasets_DCC/consensus_cnv/segmented_cn/fc9f9295-01f6-a9e0-e040-11ac0d4845af.consensus.20170119.somatic.cna.txt
fc9f998b-cc72-f6ea-e040-11ac0c482425	/n/data1/hms/dbmi/park/DATA/ICGC/PCAWG_Final_Datasets_DCC/consensus_snv_indel/merged_snv_mnv/fc9f998b-cc72-f6ea-e040-11ac0c482425.consensus.20160830.somatic.snv_mnv.vcf.gz	/n/data1/hms/dbmi/park/DATA/ICGC/PCAWG_Final_Datasets_DCC/consensus_cnv/segmented_cn/fc9f998b-cc72-f6ea-e040-11ac0c482425.consensus.20170119.somatic.cna.txt
fca04929-586a-0594-e040-11ac0c48099d	/n/data1/hms/dbmi/park/DATA/ICGC/PCAWG_Final_Datasets_DCC/consensus_snv_indel/merged_snv_mnv/fca04929-586a-0594-e040-11ac0c48099d.consensus.20160830.somatic.snv_mnv.vcf.gz	/n/data1/hms/dbmi/park/DATA/ICGC/PCAWG_Final_Datasets_DCC/consensus_cnv/segmented_cn/fca04929-586a-0594-e040-11ac0c48099d.consensus.20170119.somatic.cna.txt
fca07e09-1fd2-9ef5-e040-11ac0d485bbd	/n/data1/hms/dbmi/park/DATA/ICGC/PCAWG_Final_Datasets_DCC/consensus_snv_indel/merged_snv_mnv/fca07e09-1fd2-9ef5-e040-11ac0d485bbd.consensus.20160830.somatic.snv_mnv.vcf.gz	/n/data1/hms/dbmi/park/DATA/ICGC/PCAWG_Final_Datasets_DCC/consensus_cnv/segmented_cn/fca07e09-1fd2-9ef5-e040-11ac0d485bbd.consensus.20170119.somatic.cna.txt
fca08ee9-b480-4dc7-be56-f1eb03b56f7c	/n/data1/hms/dbmi/park/DATA/ICGC/PCAWG_Final_Datasets_DCC/consensus_snv_indel/merged_snv_mnv/fca08ee9-b480-4dc7-be56-f1eb03b56f7c.consensus.20160830.somatic.snv_mnv.vcf.gz	/n/data1/hms/dbmi/park/DATA/ICGC/PCAWG_Final_Datasets_DCC/consensus_cnv/segmented_cn/fca08ee9-b480-4dc7-be56-f1eb03b56f7c.consensus.20170119.somatic.cna.txt
fca1c663-dec0-db39-e040-11ac0c486140	/n/data1/hms/dbmi/park/DATA/ICGC/PCAWG_Final_Datasets_DCC/consensus_snv_indel/merged_snv_mnv/fca1c663-dec0-db39-e040-11ac0c486140.consensus.20160830.somatic.snv_mnv.vcf.gz	/n/data1/hms/dbmi/park/DATA/ICGC/PCAWG_Final_Datasets_DCC/consensus_cnv/segmented_cn/fca1c663-dec0-db39-e040-11ac0c486140.consensus.20170119.somatic.cna.txt
fca2d62f-2756-939e-e040-11ac0d4865e6	/n/data1/hms/dbmi/park/DATA/ICGC/PCAWG_Final_Datasets_DCC/consensus_snv_indel/merged_snv_mnv/fca2d62f-2756-939e-e040-11ac0d4865e6.consensus.20160830.somatic.snv_mnv.vcf.gz	/n/data1/hms/dbmi/park/DATA/ICGC/PCAWG_Final_Datasets_DCC/consensus_cnv/segmented_cn/fca2d62f-2756-939e-e040-11ac0d4865e6.consensus.20170119.somatic.cna.txt
fca3f7d0-2231-661c-e040-11ac0c4832fd	/n/data1/hms/dbmi/park/DATA/ICGC/PCAWG_Final_Datasets_DCC/consensus_snv_indel/merged_snv_mnv/fca3f7d0-2231-661c-e040-11ac0c4832fd.consensus.20160830.somatic.snv_mnv.vcf.gz	/n/data1/hms/dbmi/park/DATA/ICGC/PCAWG_Final_Datasets_DCC/consensus_cnv/segmented_cn/fca3f7d0-2231-661c-e040-11ac0c4832fd.consensus.20170119.somatic.cna.txt
fca6150f-d555-a29e-e040-11ac0d4873b2	/n/data1/hms/dbmi/park/DATA/ICGC/PCAWG_Final_Datasets_DCC/consensus_snv_indel/merged_snv_mnv/fca6150f-d555-a29e-e040-11ac0d4873b2.consensus.20160830.somatic.snv_mnv.vcf.gz	/n/data1/hms/dbmi/park/DATA/ICGC/PCAWG_Final_Datasets_DCC/consensus_cnv/segmented_cn/fca6150f-d555-a29e-e040-11ac0d4873b2.consensus.20170119.somatic.cna.txt
fccb865d-83ed-4bfe-ad84-0689813ae977	/n/data1/hms/dbmi/park/DATA/ICGC/PCAWG_Final_Datasets_DCC/consensus_snv_indel/merged_snv_mnv/fccb865d-83ed-4bfe-ad84-0689813ae977.consensus.20160830.somatic.snv_mnv.vcf.gz	/n/data1/hms/dbmi/park/DATA/ICGC/PCAWG_Final_Datasets_DCC/consensus_cnv/segmented_cn/fccb865d-83ed-4bfe-ad84-0689813ae977.consensus.20170119.somatic.cna.txt
fce8d8c6-f2a0-43a8-9a7a-b9c519a6686c	/n/data1/hms/dbmi/park/DATA/ICGC/PCAWG_Final_Datasets_DCC/consensus_snv_indel/merged_snv_mnv/fce8d8c6-f2a0-43a8-9a7a-b9c519a6686c.consensus.20160830.somatic.snv_mnv.vcf.gz	/n/data1/hms/dbmi/park/DATA/ICGC/PCAWG_Final_Datasets_DCC/consensus_cnv/segmented_cn/fce8d8c6-f2a0-43a8-9a7a-b9c519a6686c.consensus.20170119.somatic.cna.txt
fd163b56-1c2d-4e63-9fad-ba3221ae274b	/n/data1/hms/dbmi/park/DATA/ICGC/PCAWG_Final_Datasets_DCC/consensus_snv_indel/merged_snv_mnv/fd163b56-1c2d-4e63-9fad-ba3221ae274b.consensus.20160830.somatic.snv_mnv.vcf.gz	/n/data1/hms/dbmi/park/DATA/ICGC/PCAWG_Final_Datasets_DCC/consensus_cnv/segmented_cn/fd163b56-1c2d-4e63-9fad-ba3221ae274b.consensus.20170119.somatic.cna.txt
fd504153-3cf6-44b9-99d5-21961ebac188	/n/data1/hms/dbmi/park/DATA/ICGC/PCAWG_Final_Datasets_DCC/consensus_snv_indel/merged_snv_mnv/fd504153-3cf6-44b9-99d5-21961ebac188.consensus.20160830.somatic.snv_mnv.vcf.gz	/n/data1/hms/dbmi/park/DATA/ICGC/PCAWG_Final_Datasets_DCC/consensus_cnv/segmented_cn/fd504153-3cf6-44b9-99d5-21961ebac188.consensus.20170119.somatic.cna.txt
fd74de4d-6973-4597-a541-e8a13d80ad55	/n/data1/hms/dbmi/park/DATA/ICGC/PCAWG_Final_Datasets_DCC/consensus_snv_indel/merged_snv_mnv/fd74de4d-6973-4597-a541-e8a13d80ad55.consensus.20160830.somatic.snv_mnv.vcf.gz	/n/data1/hms/dbmi/park/DATA/ICGC/PCAWG_Final_Datasets_DCC/consensus_cnv/segmented_cn/fd74de4d-6973-4597-a541-e8a13d80ad55.consensus.20170119.somatic.cna.txt
fdbd0277-ddbf-4cc5-8ec3-3644b9553627	/n/data1/hms/dbmi/park/DATA/ICGC/PCAWG_Final_Datasets_DCC/consensus_snv_indel/merged_snv_mnv/fdbd0277-ddbf-4cc5-8ec3-3644b9553627.consensus.20160830.somatic.snv_mnv.vcf.gz	/n/data1/hms/dbmi/park/DATA/ICGC/PCAWG_Final_Datasets_DCC/consensus_cnv/segmented_cn/fdbd0277-ddbf-4cc5-8ec3-3644b9553627.consensus.20170119.somatic.cna.txt
fdf7dfb7-9285-46b3-be60-672164507705	/n/data1/hms/dbmi/park/DATA/ICGC/PCAWG_Final_Datasets_DCC/consensus_snv_indel/merged_snv_mnv/fdf7dfb7-9285-46b3-be60-672164507705.consensus.20160830.somatic.snv_mnv.vcf.gz	/n/data1/hms/dbmi/park/DATA/ICGC/PCAWG_Final_Datasets_DCC/consensus_cnv/segmented_cn/fdf7dfb7-9285-46b3-be60-672164507705.consensus.20170119.somatic.cna.txt
fdf9a814-c622-11e3-bf01-24c6515278c0	/n/data1/hms/dbmi/park/DATA/ICGC/PCAWG_Final_Datasets_DCC/consensus_snv_indel/merged_snv_mnv/fdf9a814-c622-11e3-bf01-24c6515278c0.consensus.20160830.somatic.snv_mnv.vcf.gz	/n/data1/hms/dbmi/park/DATA/ICGC/PCAWG_Final_Datasets_DCC/consensus_cnv/segmented_cn/fdf9a814-c622-11e3-bf01-24c6515278c0.consensus.20170119.somatic.cna.txt
fe04d042-a4cc-4a14-8197-415ea40951aa	/n/data1/hms/dbmi/park/DATA/ICGC/PCAWG_Final_Datasets_DCC/consensus_snv_indel/merged_snv_mnv/fe04d042-a4cc-4a14-8197-415ea40951aa.consensus.20160830.somatic.snv_mnv.vcf.gz	/n/data1/hms/dbmi/park/DATA/ICGC/PCAWG_Final_Datasets_DCC/consensus_cnv/segmented_cn/fe04d042-a4cc-4a14-8197-415ea40951aa.consensus.20170119.somatic.cna.txt
fe083d2d-d088-4ac1-825b-8c5bbfe974ac	/n/data1/hms/dbmi/park/DATA/ICGC/PCAWG_Final_Datasets_DCC/consensus_snv_indel/merged_snv_mnv/fe083d2d-d088-4ac1-825b-8c5bbfe974ac.consensus.20160830.somatic.snv_mnv.vcf.gz	/n/data1/hms/dbmi/park/DATA/ICGC/PCAWG_Final_Datasets_DCC/consensus_cnv/segmented_cn/fe083d2d-d088-4ac1-825b-8c5bbfe974ac.consensus.20170119.somatic.cna.txt
fe4611c2-bd37-4605-adfe-60efe0392b03	/n/data1/hms/dbmi/park/DATA/ICGC/PCAWG_Final_Datasets_DCC/consensus_snv_indel/merged_snv_mnv/fe4611c2-bd37-4605-adfe-60efe0392b03.consensus.20160830.somatic.snv_mnv.vcf.gz	/n/data1/hms/dbmi/park/DATA/ICGC/PCAWG_Final_Datasets_DCC/consensus_cnv/segmented_cn/fe4611c2-bd37-4605-adfe-60efe0392b03.consensus.20170119.somatic.cna.txt
fe63d42b-d471-45b6-9bdf-1a3b55465d37	/n/data1/hms/dbmi/park/DATA/ICGC/PCAWG_Final_Datasets_DCC/consensus_snv_indel/merged_snv_mnv/fe63d42b-d471-45b6-9bdf-1a3b55465d37.consensus.20160830.somatic.snv_mnv.vcf.gz	/n/data1/hms/dbmi/park/DATA/ICGC/PCAWG_Final_Datasets_DCC/consensus_cnv/segmented_cn/fe63d42b-d471-45b6-9bdf-1a3b55465d37.consensus.20170119.somatic.cna.txt
fe8c62a6-c113-46e8-ab91-fdb90bb6a59f	/n/data1/hms/dbmi/park/DATA/ICGC/PCAWG_Final_Datasets_DCC/consensus_snv_indel/merged_snv_mnv/fe8c62a6-c113-46e8-ab91-fdb90bb6a59f.consensus.20160830.somatic.snv_mnv.vcf.gz	/n/data1/hms/dbmi/park/DATA/ICGC/PCAWG_Final_Datasets_DCC/consensus_cnv/segmented_cn/fe8c62a6-c113-46e8-ab91-fdb90bb6a59f.consensus.20170119.somatic.cna.txt
fe96d91c-3686-4125-af71-b8703a011ad4	/n/data1/hms/dbmi/park/DATA/ICGC/PCAWG_Final_Datasets_DCC/consensus_snv_indel/merged_snv_mnv/fe96d91c-3686-4125-af71-b8703a011ad4.consensus.20160830.somatic.snv_mnv.vcf.gz	/n/data1/hms/dbmi/park/DATA/ICGC/PCAWG_Final_Datasets_DCC/consensus_cnv/segmented_cn/fe96d91c-3686-4125-af71-b8703a011ad4.consensus.20170119.somatic.cna.txt
fea5827b-251d-474b-8713-fc76db995fe7	/n/data1/hms/dbmi/park/DATA/ICGC/PCAWG_Final_Datasets_DCC/consensus_snv_indel/merged_snv_mnv/fea5827b-251d-474b-8713-fc76db995fe7.consensus.20160830.somatic.snv_mnv.vcf.gz	/n/data1/hms/dbmi/park/DATA/ICGC/PCAWG_Final_Datasets_DCC/consensus_cnv/segmented_cn/fea5827b-251d-474b-8713-fc76db995fe7.consensus.20170119.somatic.cna.txt
fec30898-f86b-4207-aa78-de77142c8f50	/n/data1/hms/dbmi/park/DATA/ICGC/PCAWG_Final_Datasets_DCC/consensus_snv_indel/merged_snv_mnv/fec30898-f86b-4207-aa78-de77142c8f50.consensus.20160830.somatic.snv_mnv.vcf.gz	/n/data1/hms/dbmi/park/DATA/ICGC/PCAWG_Final_Datasets_DCC/consensus_cnv/segmented_cn/fec30898-f86b-4207-aa78-de77142c8f50.consensus.20170119.somatic.cna.txt
feccc27e-5c2e-4339-8746-0945fee93c1e	/n/data1/hms/dbmi/park/DATA/ICGC/PCAWG_Final_Datasets_DCC/consensus_snv_indel/merged_snv_mnv/feccc27e-5c2e-4339-8746-0945fee93c1e.consensus.20160830.somatic.snv_mnv.vcf.gz	/n/data1/hms/dbmi/park/DATA/ICGC/PCAWG_Final_Datasets_DCC/consensus_cnv/segmented_cn/feccc27e-5c2e-4339-8746-0945fee93c1e.consensus.20170119.somatic.cna.txt
feccee20-a62d-4152-b832-b9fdaca87a61	/n/data1/hms/dbmi/park/DATA/ICGC/PCAWG_Final_Datasets_DCC/consensus_snv_indel/merged_snv_mnv/feccee20-a62d-4152-b832-b9fdaca87a61.consensus.20160830.somatic.snv_mnv.vcf.gz	/n/data1/hms/dbmi/park/DATA/ICGC/PCAWG_Final_Datasets_DCC/consensus_cnv/segmented_cn/feccee20-a62d-4152-b832-b9fdaca87a61.consensus.20170119.somatic.cna.txt
ff3fe4a3-7d19-4d4d-81b6-aaa41ba5bf39	/n/data1/hms/dbmi/park/DATA/ICGC/PCAWG_Final_Datasets_DCC/consensus_snv_indel/merged_snv_mnv/ff3fe4a3-7d19-4d4d-81b6-aaa41ba5bf39.consensus.20160830.somatic.snv_mnv.vcf.gz	/n/data1/hms/dbmi/park/DATA/ICGC/PCAWG_Final_Datasets_DCC/consensus_cnv/segmented_cn/ff3fe4a3-7d19-4d4d-81b6-aaa41ba5bf39.consensus.20170119.somatic.cna.txt
ff870342-f0d6-4450-8f9c-344c046a0baf	/n/data1/hms/dbmi/park/DATA/ICGC/PCAWG_Final_Datasets_DCC/consensus_snv_indel/merged_snv_mnv/ff870342-f0d6-4450-8f9c-344c046a0baf.consensus.20160830.somatic.snv_mnv.vcf.gz	/n/data1/hms/dbmi/park/DATA/ICGC/PCAWG_Final_Datasets_DCC/consensus_cnv/segmented_cn/ff870342-f0d6-4450-8f9c-344c046a0baf.consensus.20170119.somatic.cna.txt
ffa976f0-aa60-4867-842e-361afa7d68ac	/n/data1/hms/dbmi/park/DATA/ICGC/PCAWG_Final_Datasets_DCC/consensus_snv_indel/merged_snv_mnv/ffa976f0-aa60-4867-842e-361afa7d68ac.consensus.20160830.somatic.snv_mnv.vcf.gz	/n/data1/hms/dbmi/park/DATA/ICGC/PCAWG_Final_Datasets_DCC/consensus_cnv/segmented_cn/ffa976f0-aa60-4867-842e-361afa7d68ac.consensus.20170119.somatic.cna.txt
ffad9288-c622-11e3-bf01-24c6515278c0	/n/data1/hms/dbmi/park/DATA/ICGC/PCAWG_Final_Datasets_DCC/consensus_snv_indel/merged_snv_mnv/ffad9288-c622-11e3-bf01-24c6515278c0.consensus.20160830.somatic.snv_mnv.vcf.gz	/n/data1/hms/dbmi/park/DATA/ICGC/PCAWG_Final_Datasets_DCC/consensus_cnv/segmented_cn/ffad9288-c622-11e3-bf01-24c6515278c0.consensus.20170119.somatic.cna.txt
ffdd4feb-aca3-4104-b1e8-954d705a6450	/n/data1/hms/dbmi/park/DATA/ICGC/PCAWG_Final_Datasets_DCC/consensus_snv_indel/merged_snv_mnv/ffdd4feb-aca3-4104-b1e8-954d705a6450.consensus.20160830.somatic.snv_mnv.vcf.gz	/n/data1/hms/dbmi/park/DATA/ICGC/PCAWG_Final_Datasets_DCC/consensus_cnv/segmented_cn/ffdd4feb-aca3-4104-b1e8-954d705a6450.consensus.20170119.somatic.cna.txt
ffe4bb51-e98a-41a7-a4e1-c3970386889c	/n/data1/hms/dbmi/park/DATA/ICGC/PCAWG_Final_Datasets_DCC/consensus_snv_indel/merged_snv_mnv/ffe4bb51-e98a-41a7-a4e1-c3970386889c.consensus.20160830.somatic.snv_mnv.vcf.gz	/n/data1/hms/dbmi/park/DATA/ICGC/PCAWG_Final_Datasets_DCC/consensus_cnv/segmented_cn/ffe4bb51-e98a-41a7-a4e1-c3970386889c.consensus.20170119.somatic.cna.txt
