	segment_id	sig_max	major_cn	minor_cn	N1	N2	N3	N4	N6	N5	N8	N9	N7
0	chr10:1-1085000	SBS3	2	1	3	0	0	0	0	0	0	0	0
1	chr10:100397001-100909000	SBS100	1	1	1	0	0	0	0	0	0	0	0
2	chr10:100397001-100909000	SBS3	1	1	1	0	0	0	0	0	0	0	0
3	chr10:101069001-101199917	SBS3	1	1	1	0	0	0	0	0	0	0	0
4	chr10:101350803-101472000	SBS100	2	1	1	0	0	0	0	0	0	0	0
5	chr10:101472001-102621000	SBS18	1	1	2	0	0	0	0	0	0	0	0
6	chr10:101472001-102621000	SBS3	1	1	3	0	0	0	0	0	0	0	0
7	chr10:102823001-103366121	SBS3	1	1	2	0	0	0	0	0	0	0	0
8	chr10:103405218-104646000	SBS3	1	1	3	0	0	0	0	0	0	0	0
9	chr10:104646001-107063863	SBS100	1	1	1	0	0	0	0	0	0	0	0
10	chr10:104646001-107063863	SBS3	1	1	5	0	0	0	0	0	0	0	0
11	chr10:104646001-107063863	SBS5	1	1	1	0	0	0	0	0	0	0	0
12	chr10:107064881-107828000	SBS100	1	1	1	0	0	0	0	0	0	0	0
13	chr10:107064881-107828000	SBS3	1	1	3	0	0	0	0	0	0	0	0
14	chr10:107828001-109851000	SBS18	1	1	1	0	0	0	0	0	0	0	0
15	chr10:107828001-109851000	SBS3	1	1	4	0	0	0	0	0	0	0	0
16	chr10:1085001-1989824	SBS1	2	1	1	0	0	0	0	0	0	0	0
17	chr10:1085001-1989824	SBS100	2	1	1	0	0	0	0	0	0	0	0
18	chr10:1085001-1989824	SBS3	2	1	1	0	0	0	0	0	0	0	0
19	chr10:110728001-111025000	SBS100	2	1	1	0	0	0	0	0	0	0	0
20	chr10:110728001-111025000	SBS3	2	1	1	0	0	0	0	0	0	0	0
21	chr10:111025001-112433000	SBS3	1	1	2	0	0	0	0	0	0	0	0
22	chr10:112433001-116044000	SBS1	1	1	1	0	0	0	0	0	0	0	0
23	chr10:112433001-116044000	SBS3	1	1	3	0	0	0	0	0	0	0	0
24	chr10:112433001-116044000	SBS5	1	1	3	0	0	0	0	0	0	0	0
25	chr10:11465001-12238000	SBS1	2	1	2	0	0	0	0	0	0	0	0
26	chr10:11465001-12238000	SBS100	2	1	1	0	0	0	0	0	0	0	0
27	chr10:11465001-12238000	SBS3	2	1	2	0	0	0	0	0	0	0	0
28	chr10:116291001-119951000	SBS100	1	1	1	0	0	0	0	0	0	0	0
29	chr10:116291001-119951000	SBS18	1	1	1	0	0	0	0	0	0	0	0
30	chr10:116291001-119951000	SBS3	1	1	7	0	0	0	0	0	0	0	0
31	chr10:119951001-120620155	SBS3	1	1	1	0	0	0	0	0	0	0	0
32	chr10:120621809-121497000	SBS5	1	1	1	0	0	0	0	0	0	0	0
33	chr10:121612001-121732000	SBS18	1	1	1	0	0	0	0	0	0	0	0
34	chr10:121732001-122162000	SBS3	1	1	1	0	0	0	0	0	0	0	0
35	chr10:122162001-122978000	SBS3	1	1	1	0	0	0	0	0	0	0	0
36	chr10:12238001-12985489	SBS18	2	1	1	0	0	0	0	0	0	0	0
37	chr10:12238001-12985489	SBS3	2	1	1	0	0	0	0	0	0	0	0
38	chr10:123035001-124618500	SBS3	1	1	1	0	0	0	0	0	0	0	0
39	chr10:124750001-126002000	SBS3	1	1	1	0	0	0	0	0	0	0	0
40	chr10:126002001-126900000	SBS1	1	1	1	0	0	0	0	0	0	0	0
41	chr10:126002001-126900000	SBS18	1	1	1	0	0	0	0	0	0	0	0
42	chr10:126002001-126900000	SBS3	1	1	3	0	0	0	0	0	0	0	0
43	chr10:127457001-129449000	SBS100	1	1	1	0	0	0	0	0	0	0	0
44	chr10:127457001-129449000	SBS3	1	1	4	0	0	0	0	0	0	0	0
45	chr10:129449001-129787000	SBS3	1	1	1	0	0	0	0	0	0	0	0
46	chr10:129787001-130106000	SBS3	1	1	1	0	0	0	0	0	0	0	0
47	chr10:12985540-13585000	SBS3	2	1	2	1	0	0	0	0	0	0	0
48	chr10:130106001-130200500	SBS1	1	1	1	0	0	0	0	0	0	0	0
49	chr10:130200501-130726193	SBS18	1	1	1	0	0	0	0	0	0	0	0
50	chr10:130200501-130726193	SBS3	1	1	3	0	0	0	0	0	0	0	0
51	chr10:130726194-132302000	SBS1	2	1	1	0	0	0	0	0	0	0	0
52	chr10:130726194-132302000	SBS100	2	1	1	0	0	0	0	0	0	0	0
53	chr10:130726194-132302000	SBS18	2	1	1	0	0	0	0	0	0	0	0
54	chr10:130726194-132302000	SBS3	2	1	9	0	0	0	0	0	0	0	0
55	chr10:132302001-133797422	SBS1	2	1	3	0	0	0	0	0	0	0	0
56	chr10:132302001-133797422	SBS100	2	1	1	0	0	0	0	0	0	0	0
57	chr10:132302001-133797422	SBS3	2	1	5	0	0	0	0	0	0	0	0
58	chr10:132302001-133797422	SBS5	2	1	1	0	0	0	0	0	0	0	0
59	chr10:13585001-13792000	SBS18	2	1	1	0	0	0	0	0	0	0	0
60	chr10:14183001-15130000	SBS3	2	1	5	0	0	0	0	0	0	0	0
61	chr10:15130001-15780000	SBS3	2	1	1	0	0	0	0	0	0	0	0
62	chr10:15780001-15907000	SBS3	2	1	1	0	0	0	0	0	0	0	0
63	chr10:15907001-16430000	SBS3	2	1	3	0	0	0	0	0	0	0	0
64	chr10:16430001-17344000	SBS3	2	1	1	0	0	0	0	0	0	0	0
65	chr10:17755001-18583000	SBS3	2	1	7	0	0	0	0	0	0	0	0
66	chr10:18583001-21021000	SBS1	2	1	1	0	0	0	0	0	0	0	0
67	chr10:18583001-21021000	SBS100	2	1	1	0	0	0	0	0	0	0	0
68	chr10:18583001-21021000	SBS3	2	1	4	1	0	0	0	0	0	0	0
69	chr10:1990775-3039000	SBS1	2	1	1	0	0	0	0	0	0	0	0
70	chr10:1990775-3039000	SBS3	2	1	1	1	0	0	0	0	0	0	0
71	chr10:21021001-21496721	SBS18	2	1	2	0	0	0	0	0	0	0	0
72	chr10:21021001-21496721	SBS3	2	1	2	0	0	0	0	0	0	0	0
73	chr10:21497081-23125000	SBS1	2	1	1	0	0	0	0	0	0	0	0
74	chr10:21497081-23125000	SBS3	2	1	3	0	0	0	0	0	0	0	0
75	chr10:23125001-23729301	SBS18	2	1	1	0	0	0	0	0	0	0	0
76	chr10:23125001-23729301	SBS3	2	1	1	0	0	0	0	0	0	0	0
77	chr10:23125001-23729301	SBS5	2	1	1	0	0	0	0	0	0	0	0
78	chr10:23729302-24195236	SBS3	1	1	1	0	0	0	0	0	0	0	0
79	chr10:23729302-24195236	SBS5	1	1	1	0	0	0	0	0	0	0	0
80	chr10:24195492-24734000	SBS100	1	1	1	0	0	0	0	0	0	0	0
81	chr10:25397001-26731000	SBS1	1	1	1	0	0	0	0	0	0	0	0
82	chr10:25397001-26731000	SBS100	1	1	1	0	0	0	0	0	0	0	0
83	chr10:25397001-26731000	SBS3	1	1	7	0	0	0	0	0	0	0	0
84	chr10:28214001-29864000	SBS18	1	1	1	0	0	0	0	0	0	0	0
85	chr10:28214001-29864000	SBS3	1	1	7	0	0	0	0	0	0	0	0
86	chr10:28214001-29864000	SBS5	1	1	1	0	0	0	0	0	0	0	0
87	chr10:29864001-31750500	SBS3	1	1	2	0	0	0	0	0	0	0	0
88	chr10:3039001-3964000	SBS3	2	1	3	0	0	0	0	0	0	0	0
89	chr10:32383001-34112000	SBS3	1	1	3	0	0	0	0	0	0	0	0
90	chr10:34112001-35570000	SBS1	1	1	1	0	0	0	0	0	0	0	0
91	chr10:34112001-35570000	SBS18	1	1	1	0	0	0	0	0	0	0	0
92	chr10:35570001-38489000	SBS1	1	1	1	0	0	0	0	0	0	0	0
93	chr10:35570001-38489000	SBS100	1	1	1	0	0	0	0	0	0	0	0
94	chr10:35570001-38489000	SBS18	1	1	1	0	0	0	0	0	0	0	0
95	chr10:35570001-38489000	SBS3	1	1	7	0	0	0	0	0	0	0	0
96	chr10:35570001-38489000	SBS5	1	1	1	0	0	0	0	0	0	0	0
97	chr10:38489001-40640101	SBS3	1	1	10	0	0	0	0	0	0	0	0
98	chr10:38489001-40640101	SBS5	1	1	1	0	0	0	0	0	0	0	0
99	chr10:3964001-5411000	SBS18	2	1	1	0	0	0	0	0	0	0	0
100	chr10:3964001-5411000	SBS3	2	1	6	0	0	0	0	0	0	0	0
101	chr10:3964001-5411000	SBS5	2	1	1	0	0	0	0	0	0	0	0
102	chr10:40640102-42540000	SBS18	1	1	1	0	0	0	0	0	0	0	0
103	chr10:40640102-42540000	SBS3	1	1	3	0	0	0	0	0	0	0	0
104	chr10:42540001-46332000	SBS100	1	1	1	0	0	0	0	0	0	0	0
105	chr10:42540001-46332000	SBS3	1	1	3	0	0	0	0	0	0	0	0
106	chr10:48204001-48434000	SBS3	1	1	1	0	0	0	0	0	0	0	0
107	chr10:48434001-50151000	SBS1	1	1	1	0	0	0	0	0	0	0	0
108	chr10:48434001-50151000	SBS3	1	1	2	0	0	0	0	0	0	0	0
109	chr10:50791001-52295000	SBS3	1	1	5	0	0	0	0	0	0	0	0
110	chr10:52295001-52493000	SBS3	1	1	1	0	0	0	0	0	0	0	0
111	chr10:52493001-58441000	SBS1	1	1	1	0	0	0	0	0	0	0	0
112	chr10:52493001-58441000	SBS100	1	1	2	0	0	0	0	0	0	0	0
113	chr10:52493001-58441000	SBS18	1	1	2	0	0	0	0	0	0	0	0
114	chr10:52493001-58441000	SBS3	1	1	6	0	0	0	0	0	0	0	0
115	chr10:5411001-5874817	SBS1	3	1	1	1	0	0	0	0	0	0	0
116	chr10:5411001-5874817	SBS3	3	1	1	0	0	0	0	0	0	0	0
117	chr10:58441001-59607000	SBS18	1	1	3	0	0	0	0	0	0	0	0
118	chr10:58441001-59607000	SBS3	1	1	3	0	0	0	0	0	0	0	0
119	chr10:59607001-62640000	SBS3	1	1	4	0	0	0	0	0	0	0	0
120	chr10:59607001-62640000	SBS5	1	1	1	0	0	0	0	0	0	0	0
121	chr10:6086001-6418000	SBS1	2	1	1	0	0	0	0	0	0	0	0
122	chr10:6086001-6418000	SBS3	2	1	1	0	0	0	0	0	0	0	0
123	chr10:62640001-63113000	SBS3	1	1	2	0	0	0	0	0	0	0	0
124	chr10:63750001-67472000	SBS1	1	1	1	0	0	0	0	0	0	0	0
125	chr10:63750001-67472000	SBS3	1	1	6	0	0	0	0	0	0	0	0
126	chr10:6418001-7756000	SBS3	2	1	2	2	0	0	0	0	0	0	0
127	chr10:67472001-69315000	SBS3	1	1	1	0	0	0	0	0	0	0	0
128	chr10:69521001-81231000	SBS100	1	1	2	0	0	0	0	0	0	0	0
129	chr10:69521001-81231000	SBS18	1	1	3	0	0	0	0	0	0	0	0
130	chr10:69521001-81231000	SBS3	1	1	24	0	0	0	0	0	0	0	0
131	chr10:69521001-81231000	SBS5	1	1	3	0	0	0	0	0	0	0	0
132	chr10:7884720-8043500	SBS100	2	1	2	0	0	0	0	0	0	0	0
133	chr10:7884720-8043500	SBS3	2	1	1	0	0	0	0	0	0	0	0
134	chr10:8089001-9348000	SBS3	2	1	1	0	0	0	0	0	0	0	0
135	chr10:81231001-82792000	SBS1	1	1	1	0	0	0	0	0	0	0	0
136	chr10:81231001-82792000	SBS3	1	1	6	0	0	0	0	0	0	0	0
137	chr10:82792001-84556000	SBS1	1	1	1	0	0	0	0	0	0	0	0
138	chr10:82792001-84556000	SBS18	1	1	1	0	0	0	0	0	0	0	0
139	chr10:82792001-84556000	SBS3	1	1	5	0	0	0	0	0	0	0	0
140	chr10:84556001-86373000	SBS100	1	1	1	0	0	0	0	0	0	0	0
141	chr10:84556001-86373000	SBS18	1	1	2	0	0	0	0	0	0	0	0
142	chr10:84556001-86373000	SBS3	1	1	10	0	0	0	0	0	0	0	0
143	chr10:86373001-89806000	SBS100	1	1	2	0	0	0	0	0	0	0	0
144	chr10:86373001-89806000	SBS3	1	1	8	0	0	0	0	0	0	0	0
145	chr10:86373001-89806000	SBS5	1	1	1	0	0	0	0	0	0	0	0
146	chr10:89806001-91215000	SBS3	1	1	6	0	0	0	0	0	0	0	0
147	chr10:91215001-93969386	SBS18	1	1	1	0	0	0	0	0	0	0	0
148	chr10:91215001-93969386	SBS3	1	1	8	0	0	0	0	0	0	0	0
149	chr10:9348001-11465000	SBS100	2	1	1	0	0	0	0	0	0	0	0
150	chr10:9348001-11465000	SBS18	2	1	1	0	0	0	0	0	0	0	0
151	chr10:9348001-11465000	SBS3	2	1	9	0	0	0	0	0	0	0	0
152	chr10:9348001-11465000	SBS5	2	1	1	0	0	0	0	0	0	0	0
153	chr10:93969387-95243000	SBS3	1	1	2	0	0	0	0	0	0	0	0
154	chr10:95378001-98472000	SBS1	1	1	1	0	0	0	0	0	0	0	0
155	chr10:95378001-98472000	SBS100	1	1	2	0	0	0	0	0	0	0	0
156	chr10:95378001-98472000	SBS18	1	1	1	0	0	0	0	0	0	0	0
157	chr10:95378001-98472000	SBS3	1	1	8	0	0	0	0	0	0	0	0
158	chr10:95378001-98472000	SBS5	1	1	1	0	0	0	0	0	0	0	0
159	chr10:98472001-99388000	SBS100	1	1	1	0	0	0	0	0	0	0	0
160	chr10:98472001-99388000	SBS3	1	1	4	0	0	0	0	0	0	0	0
161	chr10:99388001-100338000	SBS3	1	1	1	0	0	0	0	0	0	0	0
162	chr10:99388001-100338000	SBS5	1	1	1	0	0	0	0	0	0	0	0
163	chr11:117242001-134673000	SBS1	1	0	3	0	0	0	0	0	0	0	0
164	chr11:117242001-134673000	SBS100	1	0	2	0	0	0	0	0	0	0	0
165	chr11:117242001-134673000	SBS18	1	0	3	0	0	0	0	0	0	0	0
166	chr11:117242001-134673000	SBS3	1	0	27	0	0	0	0	0	0	0	0
167	chr11:117242001-134673000	SBS5	1	0	2	0	0	0	0	0	0	0	0
168	chr11:12290001-13496000	SBS3	1	1	1	0	0	0	0	0	0	0	0
169	chr11:134673001-135086622	SBS1	1	1	1	0	0	0	0	0	0	0	0
170	chr11:134673001-135086622	SBS3	1	1	2	0	0	0	0	0	0	0	0
171	chr11:13496001-13665000	SBS3	1	1	2	0	0	0	0	0	0	0	0
172	chr11:13496001-13665000	SBS5	1	1	1	0	0	0	0	0	0	0	0
173	chr11:14541001-15480000	SBS3	1	1	3	0	0	0	0	0	0	0	0
174	chr11:15657001-16725000	SBS100	1	1	1	0	0	0	0	0	0	0	0
175	chr11:15657001-16725000	SBS3	1	1	6	0	0	0	0	0	0	0	0
176	chr11:16725001-19897000	SBS1	1	1	2	0	0	0	0	0	0	0	0
177	chr11:16725001-19897000	SBS100	1	1	1	0	0	0	0	0	0	0	0
178	chr11:16725001-19897000	SBS3	1	1	5	0	0	0	0	0	0	0	0
179	chr11:20504001-24351179	SBS100	1	1	2	0	0	0	0	0	0	0	0
180	chr11:20504001-24351179	SBS18	1	1	1	0	0	0	0	0	0	0	0
181	chr11:20504001-24351179	SBS3	1	1	7	0	0	0	0	0	0	0	0
182	chr11:20504001-24351179	SBS5	1	1	1	0	0	0	0	0	0	0	0
183	chr11:218586-3067906	SBS1	1	0	1	0	0	0	0	0	0	0	0
184	chr11:218586-3067906	SBS3	1	0	10	0	0	0	0	0	0	0	0
185	chr11:218586-3067906	SBS5	1	0	2	0	0	0	0	0	0	0	0
186	chr11:24351237-24836000	SBS3	1	1	2	0	0	0	0	0	0	0	0
187	chr11:24836001-27344000	SBS1	1	1	1	0	0	0	0	0	0	0	0
188	chr11:24836001-27344000	SBS3	1	1	6	0	0	0	0	0	0	0	0
189	chr11:27510001-28046000	SBS3	1	1	1	0	0	0	0	0	0	0	0
190	chr11:28535001-30319000	SBS18	1	1	1	0	0	0	0	0	0	0	0
191	chr11:28535001-30319000	SBS3	1	1	5	0	0	0	0	0	0	0	0
192	chr11:28535001-30319000	SBS5	1	1	1	0	0	0	0	0	0	0	0
193	chr11:30319001-30592000	SBS1	1	1	1	0	0	0	0	0	0	0	0
194	chr11:30592001-34038000	SBS100	1	1	1	0	0	0	0	0	0	0	0
195	chr11:30592001-34038000	SBS3	1	1	3	0	0	0	0	0	0	0	0
196	chr11:3067907-4204000	SBS3	1	1	3	0	0	0	0	0	0	0	0
197	chr11:34038001-35412000	SBS3	1	1	4	0	0	0	0	0	0	0	0
198	chr11:35412001-48175000	SBS1	1	1	3	0	0	0	0	0	0	0	0
199	chr11:35412001-48175000	SBS100	1	1	3	0	0	0	0	0	0	0	0
200	chr11:35412001-48175000	SBS18	1	1	3	0	0	0	0	0	0	0	0
201	chr11:35412001-48175000	SBS3	1	1	31	0	0	0	0	0	0	0	0
202	chr11:35412001-48175000	SBS5	1	1	1	0	0	0	0	0	0	0	0
203	chr11:4204001-5034562	SBS1	1	1	1	0	0	0	0	0	0	0	0
204	chr11:4204001-5034562	SBS3	1	1	4	0	0	0	0	0	0	0	0
205	chr11:48175001-52751710	SBS1	1	1	2	0	0	0	0	0	0	0	0
206	chr11:48175001-52751710	SBS3	1	1	9	0	0	0	0	0	0	0	0
207	chr11:5036901-5574000	SBS3	1	1	2	0	0	0	0	0	0	0	0
208	chr11:52751711-57422000	SBS100	1	1	1	0	0	0	0	0	0	0	0
209	chr11:52751711-57422000	SBS18	1	1	2	0	0	0	0	0	0	0	0
210	chr11:52751711-57422000	SBS3	1	1	2	0	0	0	0	0	0	0	0
211	chr11:52751711-57422000	SBS5	1	1	2	0	0	0	0	0	0	0	0
212	chr11:5574001-5739000	SBS5	1	1	1	0	0	0	0	0	0	0	0
213	chr11:5739001-6197000	SBS3	1	1	1	0	0	0	0	0	0	0	0
214	chr11:57834001-58502000	SBS18	1	1	1	0	0	0	0	0	0	0	0
215	chr11:57834001-58502000	SBS3	1	1	4	0	0	0	0	0	0	0	0
216	chr11:59826001-60246000	SBS3	1	1	1	0	0	0	0	0	0	0	0
217	chr11:60246001-60689000	SBS3	1	1	3	0	0	0	0	0	0	0	0
218	chr11:60246001-60689000	SBS5	1	1	1	0	0	0	0	0	0	0	0
219	chr11:60689001-64361756	SBS1	1	1	1	0	0	0	0	0	0	0	0
220	chr11:60689001-64361756	SBS100	1	1	2	0	0	0	0	0	0	0	0
221	chr11:60689001-64361756	SBS3	1	1	4	0	0	0	0	0	0	0	0
222	chr11:6197001-6759000	SBS1	1	1	1	0	0	0	0	0	0	0	0
223	chr11:6197001-6759000	SBS3	1	1	1	0	0	0	0	0	0	0	0
224	chr11:64361791-64759500	SBS3	1	1	3	0	0	0	0	0	0	0	0
225	chr11:65007001-68478650	SBS3	1	1	6	0	0	0	0	0	0	0	0
226	chr11:6759001-7436000	SBS3	1	1	3	0	0	0	0	0	0	0	0
227	chr11:68478651-71927000	SBS18	1	1	1	0	0	0	0	0	0	0	0
228	chr11:68478651-71927000	SBS3	1	1	9	0	0	0	0	0	0	0	0
229	chr11:68478651-71927000	SBS5	1	1	2	0	0	0	0	0	0	0	0
230	chr11:72115001-75287000	SBS18	1	1	1	0	0	0	0	0	0	0	0
231	chr11:72115001-75287000	SBS3	1	1	4	0	0	0	0	0	0	0	0
232	chr11:75287001-75434000	SBS100	2	1	1	0	0	0	0	0	0	0	0
233	chr11:75434001-76638535	SBS1	1	1	1	0	0	0	0	0	0	0	0
234	chr11:75434001-76638535	SBS3	1	1	2	0	0	0	0	0	0	0	0
235	chr11:75434001-76638535	SBS5	1	1	1	0	0	0	0	0	0	0	0
236	chr11:76638574-76764000	SBS18	1	1	1	0	0	0	0	0	0	0	0
237	chr11:76809001-78251000	SBS3	1	1	4	0	0	0	0	0	0	0	0
238	chr11:7703001-7888484	SBS3	1	1	1	0	0	0	0	0	0	0	0
239	chr11:78251001-78434000	SBS3	2	1	0	1	0	0	0	0	0	0	0
240	chr11:78434001-82841000	SBS1	1	1	2	0	0	0	0	0	0	0	0
241	chr11:78434001-82841000	SBS100	1	1	2	0	0	0	0	0	0	0	0
242	chr11:78434001-82841000	SBS18	1	1	4	0	0	0	0	0	0	0	0
243	chr11:78434001-82841000	SBS3	1	1	7	0	0	0	0	0	0	0	0
244	chr11:78434001-82841000	SBS5	1	1	1	0	0	0	0	0	0	0	0
245	chr11:7888528-8670000	SBS3	1	1	2	0	0	0	0	0	0	0	0
246	chr11:82841001-82985000	SBS3	1	1	1	0	0	0	0	0	0	0	0
247	chr11:82985001-83098000	SBS3	2	1	1	0	0	0	0	0	0	0	0
248	chr11:83098001-86930000	SBS3	1	1	5	0	0	0	0	0	0	0	0
249	chr11:8670001-9048000	SBS3	1	1	1	0	0	0	0	0	0	0	0
250	chr11:86930001-87358000	SBS3	1	1	2	0	0	0	0	0	0	0	0
251	chr11:87358001-87877000	SBS3	1	1	1	0	0	0	0	0	0	0	0
252	chr11:88440001-88620000	SBS3	1	1	1	0	0	0	0	0	0	0	0
253	chr11:88620001-89416000	SBS100	1	1	1	0	0	0	0	0	0	0	0
254	chr11:88620001-89416000	SBS3	1	1	1	0	0	0	0	0	0	0	0
255	chr11:89416001-95485318	SBS3	1	0	11	0	0	0	0	0	0	0	0
256	chr11:89416001-95485318	SBS5	1	0	1	0	0	0	0	0	0	0	0
257	chr11:9153001-10329000	SBS3	1	1	7	0	0	0	0	0	0	0	0
258	chr11:95486112-116941000	SBS1	1	0	5	0	0	0	0	0	0	0	0
259	chr11:95486112-116941000	SBS100	1	0	3	0	0	0	0	0	0	0	0
260	chr11:95486112-116941000	SBS18	1	0	4	0	0	0	0	0	0	0	0
261	chr11:95486112-116941000	SBS3	1	0	43	0	0	0	0	0	0	0	0
262	chr11:95486112-116941000	SBS5	1	0	5	0	0	0	0	0	0	0	0
263	chr12:1-176861	SBS3	1	0	1	0	0	0	0	0	0	0	0
264	chr12:100351001-101270000	SBS18	2	1	1	0	0	0	0	0	0	0	0
265	chr12:100351001-101270000	SBS3	2	1	1	0	0	0	0	0	0	0	0
266	chr12:100351001-101270000	SBS5	2	1	1	0	0	0	0	0	0	0	0
267	chr12:101270001-102223244	SBS3	2	1	1	1	0	0	0	0	0	0	0
268	chr12:102899866-103528000	SBS18	2	1	2	0	0	0	0	0	0	0	0
269	chr12:102899866-103528000	SBS3	2	1	0	1	0	0	0	0	0	0	0
270	chr12:10359001-10401000	SBS3	2	1	1	0	0	0	0	0	0	0	0
271	chr12:103761001-104362000	SBS3	2	1	0	1	0	0	0	0	0	0	0
272	chr12:10401001-11545000	SBS100	1	1	2	0	0	0	0	0	0	0	0
273	chr12:10401001-11545000	SBS18	1	1	2	0	0	0	0	0	0	0	0
274	chr12:10401001-11545000	SBS3	1	1	22	0	0	0	0	0	0	0	0
275	chr12:10401001-11545000	SBS5	1	1	2	0	0	0	0	0	0	0	0
276	chr12:104979001-107106000	SBS1	2	1	1	1	0	0	0	0	0	0	0
277	chr12:104979001-107106000	SBS3	2	1	0	1	0	0	0	0	0	0	0
278	chr12:104979001-107106000	SBS5	2	1	1	0	0	0	0	0	0	0	0
279	chr12:107106001-109817000	SBS100	2	1	1	0	0	0	0	0	0	0	0
280	chr12:107106001-109817000	SBS18	2	1	1	0	0	0	0	0	0	0	0
281	chr12:107106001-109817000	SBS3	2	1	5	4	0	0	0	0	0	0	0
282	chr12:107106001-109817000	SBS5	2	1	1	0	0	0	0	0	0	0	0
283	chr12:109817001-110748000	SBS18	2	1	1	0	0	0	0	0	0	0	0
284	chr12:109817001-110748000	SBS3	2	1	1	1	0	0	0	0	0	0	0
285	chr12:110748001-111395000	SBS18	2	1	1	0	0	0	0	0	0	0	0
286	chr12:110748001-111395000	SBS3	2	1	2	0	0	0	0	0	0	0	0
287	chr12:111395001-112505000	SBS3	2	1	2	2	0	0	0	0	0	0	0
288	chr12:112505001-112898000	SBS3	2	1	0	2	0	0	0	0	0	0	0
289	chr12:113183001-113264000	SBS3	3	1	0	2	0	0	0	0	0	0	0
290	chr12:113264001-114256398	SBS3	2	1	1	1	0	0	0	0	0	0	0
291	chr12:114256399-115856000	SBS3	2	0	2	3	0	0	0	0	0	0	0
292	chr12:11545001-13262500	SBS18	1	1	2	0	0	0	0	0	0	0	0
293	chr12:11545001-13262500	SBS3	1	1	3	0	0	0	0	0	0	0	0
294	chr12:115856001-116306000	SBS3	3	0	2	0	1	0	0	0	0	0	0
295	chr12:115856001-116306000	SBS5	3	0	0	0	1	0	0	0	0	0	0
296	chr12:116306001-117203000	SBS3	2	0	0	1	0	0	0	0	0	0	0
297	chr12:117203001-118009500	SBS18	2	0	1	0	0	0	0	0	0	0	0
298	chr12:117203001-118009500	SBS5	2	0	1	0	0	0	0	0	0	0	0
299	chr12:118424001-119644000	SBS3	2	0	2	1	0	0	0	0	0	0	0
300	chr12:118424001-119644000	SBS5	2	0	0	1	0	0	0	0	0	0	0
301	chr12:119644001-120226000	SBS3	2	0	1	0	0	0	0	0	0	0	0
302	chr12:120269001-121501349	SBS3	2	0	0	2	0	0	0	0	0	0	0
303	chr12:121501567-124596205	SBS1	2	0	1	0	0	0	0	0	0	0	0
304	chr12:121501567-124596205	SBS18	2	0	1	0	0	0	0	0	0	0	0
305	chr12:121501567-124596205	SBS3	2	0	3	0	0	0	0	0	0	0	0
306	chr12:124596206-125158000	SBS3	2	1	4	0	0	0	0	0	0	0	0
307	chr12:125158001-131703000	SBS1	2	1	5	1	0	0	0	0	0	0	0
308	chr12:125158001-131703000	SBS100	2	1	1	1	0	0	0	0	0	0	0
309	chr12:125158001-131703000	SBS18	2	1	1	1	0	0	0	0	0	0	0
310	chr12:125158001-131703000	SBS3	2	1	25	5	0	0	0	0	0	0	0
311	chr12:125158001-131703000	SBS5	2	1	2	1	0	0	0	0	0	0	0
312	chr12:131703001-133275309	SBS100	2	1	1	0	0	0	0	0	0	0	0
313	chr12:131703001-133275309	SBS18	2	1	0	1	0	0	0	0	0	0	0
314	chr12:131703001-133275309	SBS3	2	1	4	0	0	0	0	0	0	0	0
315	chr12:13262501-14181500	SBS3	1	1	5	0	0	0	0	0	0	0	0
316	chr12:14181501-14762000	SBS1	1	1	1	0	0	0	0	0	0	0	0
317	chr12:14181501-14762000	SBS3	1	1	4	0	0	0	0	0	0	0	0
318	chr12:15281001-15507000	SBS1	1	1	1	0	0	0	0	0	0	0	0
319	chr12:15997001-19578000	SBS100	1	1	1	0	0	0	0	0	0	0	0
320	chr12:15997001-19578000	SBS18	1	1	2	0	0	0	0	0	0	0	0
321	chr12:15997001-19578000	SBS3	1	1	9	0	0	0	0	0	0	0	0
322	chr12:15997001-19578000	SBS5	1	1	2	0	0	0	0	0	0	0	0
323	chr12:176862-718000	SBS1	1	1	1	0	0	0	0	0	0	0	0
324	chr12:176862-718000	SBS3	1	1	6	0	0	0	0	0	0	0	0
325	chr12:1797501-3726000	SBS1	1	1	1	0	0	0	0	0	0	0	0
326	chr12:1797501-3726000	SBS18	1	1	1	0	0	0	0	0	0	0	0
327	chr12:1797501-3726000	SBS3	1	1	2	0	0	0	0	0	0	0	0
328	chr12:1797501-3726000	SBS5	1	1	1	0	0	0	0	0	0	0	0
329	chr12:19578001-21631000	SBS1	1	1	1	0	0	0	0	0	0	0	0
330	chr12:19578001-21631000	SBS3	1	1	8	0	0	0	0	0	0	0	0
331	chr12:19578001-21631000	SBS5	1	1	1	0	0	0	0	0	0	0	0
332	chr12:21631001-25773000	SBS100	1	1	1	0	0	0	0	0	0	0	0
333	chr12:21631001-25773000	SBS18	1	1	1	0	0	0	0	0	0	0	0
334	chr12:21631001-25773000	SBS3	1	1	8	0	0	0	0	0	0	0	0
335	chr12:26128001-26700000	SBS3	1	1	1	0	0	0	0	0	0	0	0
336	chr12:26838001-28461000	SBS1	1	1	1	0	0	0	0	0	0	0	0
337	chr12:26838001-28461000	SBS3	1	1	3	0	0	0	0	0	0	0	0
338	chr12:28461001-29658838	SBS3	1	1	1	0	0	0	0	0	0	0	0
339	chr12:28461001-29658838	SBS5	1	1	1	0	0	0	0	0	0	0	0
340	chr12:29664877-30591500	SBS3	1	1	7	0	0	0	0	0	0	0	0
341	chr12:29664877-30591500	SBS5	1	1	1	0	0	0	0	0	0	0	0
342	chr12:30591501-33564000	SBS100	1	1	1	0	0	0	0	0	0	0	0
343	chr12:30591501-33564000	SBS18	1	1	1	0	0	0	0	0	0	0	0
344	chr12:30591501-33564000	SBS3	1	1	12	0	0	0	0	0	0	0	0
345	chr12:30591501-33564000	SBS5	1	1	1	0	0	0	0	0	0	0	0
346	chr12:33564001-35977329	SBS1	1	1	1	0	0	0	0	0	0	0	0
347	chr12:33564001-35977329	SBS100	1	1	1	0	0	0	0	0	0	0	0
348	chr12:33564001-35977329	SBS3	1	1	4	0	0	0	0	0	0	0	0
349	chr12:35977330-42080000	SBS1	1	1	2	0	0	0	0	0	0	0	0
350	chr12:35977330-42080000	SBS100	1	1	2	0	0	0	0	0	0	0	0
351	chr12:35977330-42080000	SBS18	1	1	3	0	0	0	0	0	0	0	0
352	chr12:35977330-42080000	SBS3	1	1	8	0	0	0	0	0	0	0	0
353	chr12:3888001-5965000	SBS3	1	1	2	0	0	0	0	0	0	0	0
354	chr12:42080001-42448000	SBS1	1	1	1	0	0	0	0	0	0	0	0
355	chr12:42080001-42448000	SBS3	1	1	1	0	0	0	0	0	0	0	0
356	chr12:42448001-45122000	SBS18	1	1	1	0	0	0	0	0	0	0	0
357	chr12:42448001-45122000	SBS3	1	1	4	0	0	0	0	0	0	0	0
358	chr12:45122001-46495000	SBS3	1	1	2	0	0	0	0	0	0	0	0
359	chr12:45122001-46495000	SBS5	1	1	1	0	0	0	0	0	0	0	0
360	chr12:46495001-47020000	SBS3	1	1	3	0	0	0	0	0	0	0	0
361	chr12:47404001-47635000	SBS3	1	1	1	0	0	0	0	0	0	0	0
362	chr12:47635001-48202000	SBS3	1	1	3	0	0	0	0	0	0	0	0
363	chr12:48202001-48648000	SBS18	1	1	1	0	0	0	0	0	0	0	0
364	chr12:48202001-48648000	SBS3	1	1	2	0	0	0	0	0	0	0	0
365	chr12:48648001-50502000	SBS1	1	1	1	0	0	0	0	0	0	0	0
366	chr12:48648001-50502000	SBS3	1	1	3	0	0	0	0	0	0	0	0
367	chr12:48648001-50502000	SBS5	1	1	1	0	0	0	0	0	0	0	0
368	chr12:50669001-51442000	SBS3	1	1	1	0	0	0	0	0	0	0	0
369	chr12:51921001-52252000	SBS3	2	1	1	0	0	0	0	0	0	0	0
370	chr12:52252001-52865000	SBS3	1	1	1	0	0	0	0	0	0	0	0
371	chr12:53071743-54446000	SBS1	2	1	1	0	0	0	0	0	0	0	0
372	chr12:53071743-54446000	SBS100	2	1	1	0	0	0	0	0	0	0	0
373	chr12:53071743-54446000	SBS3	2	1	7	2	0	0	0	0	0	0	0
374	chr12:54446001-55704000	SBS3	2	1	5	1	0	0	0	0	0	0	0
375	chr12:55704001-64548000	SBS1	2	1	3	1	0	0	0	0	0	0	0
376	chr12:55704001-64548000	SBS18	2	1	1	1	0	0	0	0	0	0	0
377	chr12:55704001-64548000	SBS3	2	1	15	4	0	0	0	0	0	0	0
378	chr12:55704001-64548000	SBS5	2	1	2	1	0	0	0	0	0	0	0
379	chr12:5965001-7198000	SBS3	1	1	2	0	0	0	0	0	0	0	0
380	chr12:64548001-64699000	SBS3	3	1	1	0	1	0	0	0	0	0	0
381	chr12:64699001-64928000	SBS5	2	1	1	0	0	0	0	0	0	0	0
382	chr12:64928001-65162000	SBS3	2	1	1	0	0	0	0	0	0	0	0
383	chr12:65240001-68553500	SBS3	2	1	3	2	0	0	0	0	0	0	0
384	chr12:65240001-68553500	SBS5	2	1	1	0	0	0	0	0	0	0	0
385	chr12:68553501-69096175	SBS3	2	1	0	1	0	0	0	0	0	0	0
386	chr12:69096256-69408000	SBS3	2	1	1	0	0	0	0	0	0	0	0
387	chr12:69587001-70370000	SBS100	2	1	1	0	0	0	0	0	0	0	0
388	chr12:69587001-70370000	SBS3	2	1	1	0	0	0	0	0	0	0	0
389	chr12:70370001-71579000	SBS18	2	1	2	0	0	0	0	0	0	0	0
390	chr12:70370001-71579000	SBS3	2	1	0	1	0	0	0	0	0	0	0
391	chr12:71579001-71975000	SBS18	2	1	1	0	0	0	0	0	0	0	0
392	chr12:71975001-73908000	SBS100	2	1	1	1	0	0	0	0	0	0	0
393	chr12:71975001-73908000	SBS3	2	1	2	2	0	0	0	0	0	0	0
394	chr12:71975001-73908000	SBS5	2	1	0	1	0	0	0	0	0	0	0
395	chr12:7198001-9633000	SBS3	1	1	3	0	0	0	0	0	0	0	0
396	chr12:7198001-9633000	SBS5	1	1	1	0	0	0	0	0	0	0	0
397	chr12:73908001-77073000	SBS1	2	1	1	0	0	0	0	0	0	0	0
398	chr12:73908001-77073000	SBS18	2	1	1	0	0	0	0	0	0	0	0
399	chr12:73908001-77073000	SBS3	2	1	2	2	0	0	0	0	0	0	0
400	chr12:77073001-77874000	SBS5	2	1	1	0	0	0	0	0	0	0	0
401	chr12:77874001-79634000	SBS1	2	1	1	0	0	0	0	0	0	0	0
402	chr12:77874001-79634000	SBS3	2	1	1	1	0	0	0	0	0	0	0
403	chr12:77874001-79634000	SBS5	2	1	1	0	0	0	0	0	0	0	0
404	chr12:79950001-88030000	SBS18	2	1	3	2	0	0	0	0	0	0	0
405	chr12:79950001-88030000	SBS3	2	1	13	3	0	0	0	0	0	0	0
406	chr12:79950001-88030000	SBS5	2	1	2	0	0	0	0	0	0	0	0
407	chr12:828001-1624000	SBS3	1	1	1	0	0	0	0	0	0	0	0
408	chr12:88030001-89795000	SBS1	2	1	1	0	0	0	0	0	0	0	0
409	chr12:88030001-89795000	SBS100	2	1	1	0	0	0	0	0	0	0	0
410	chr12:88030001-89795000	SBS3	2	1	4	1	0	0	0	0	0	0	0
411	chr12:89795001-90933000	SBS18	2	1	1	0	0	0	0	0	0	0	0
412	chr12:89795001-90933000	SBS3	2	1	1	1	0	0	0	0	0	0	0
413	chr12:90933001-95700000	SBS100	2	1	1	0	0	0	0	0	0	0	0
414	chr12:90933001-95700000	SBS18	2	1	1	0	0	0	0	0	0	0	0
415	chr12:90933001-95700000	SBS3	2	1	7	2	0	0	0	0	0	0	0
416	chr12:90933001-95700000	SBS5	2	1	1	0	0	0	0	0	0	0	0
417	chr12:96430001-97451000	SBS3	2	1	1	0	0	0	0	0	0	0	0
418	chr12:97451001-97579000	SBS3	3	1	0	0	1	0	0	0	0	0	0
419	chr12:97841371-100351000	SBS3	2	1	1	0	0	0	0	0	0	0	0
420	chr13:100855001-102552000	SBS3	2	0	6	0	0	0	0	0	0	0	0
421	chr13:100855001-102552000	SBS5	2	0	1	0	0	0	0	0	0	0	0
422	chr13:102922001-105171391	SBS1	2	0	2	0	0	0	0	0	0	0	0
423	chr13:102922001-105171391	SBS18	2	0	1	0	0	0	0	0	0	0	0
424	chr13:102922001-105171391	SBS3	2	0	5	1	0	0	0	0	0	0	0
425	chr13:102922001-105171391	SBS5	2	0	1	0	0	0	0	0	0	0	0
426	chr13:105171579-109571000	SBS3	2	0	8	1	0	0	0	0	0	0	0
427	chr13:105171579-109571000	SBS5	2	0	1	0	0	0	0	0	0	0	0
428	chr13:109806001-112885000	SBS1	2	0	1	0	0	0	0	0	0	0	0
429	chr13:109806001-112885000	SBS18	2	0	1	0	0	0	0	0	0	0	0
430	chr13:109806001-112885000	SBS3	2	0	8	0	0	0	0	0	0	0	0
431	chr13:109806001-112885000	SBS5	2	0	2	0	0	0	0	0	0	0	0
432	chr13:113334001-114364328	SBS1	2	0	1	0	0	0	0	0	0	0	0
433	chr13:113334001-114364328	SBS3	2	0	1	0	0	0	0	0	0	0	0
434	chr13:17025624-25699627	SBS1	1	0	7	0	0	0	0	0	0	0	0
435	chr13:17025624-25699627	SBS100	1	0	2	0	0	0	0	0	0	0	0
436	chr13:17025624-25699627	SBS3	1	0	22	0	0	0	0	0	0	0	0
437	chr13:25700384-29168473	SBS3	1	0	4	0	0	0	0	0	0	0	0
438	chr13:29168614-33708699	SBS3	1	0	7	0	0	0	0	0	0	0	0
439	chr13:33708748-40959000	SBS1	1	0	1	0	0	0	0	0	0	0	0
440	chr13:33708748-40959000	SBS3	1	0	7	0	0	0	0	0	0	0	0
441	chr13:33708748-40959000	SBS5	1	0	1	0	0	0	0	0	0	0	0
442	chr13:41065001-56378728	SBS100	1	0	1	0	0	0	0	0	0	0	0
443	chr13:41065001-56378728	SBS18	1	0	1	0	0	0	0	0	0	0	0
444	chr13:41065001-56378728	SBS3	1	0	19	0	0	0	0	0	0	0	0
445	chr13:59777001-75878000	SBS100	2	0	3	0	0	0	0	0	0	0	0
446	chr13:59777001-75878000	SBS18	2	0	1	0	0	0	0	0	0	0	0
447	chr13:59777001-75878000	SBS3	2	0	36	2	0	0	0	0	0	0	0
448	chr13:59777001-75878000	SBS5	2	0	3	0	0	0	0	0	0	0	0
449	chr13:75878001-76972000	SBS1	2	0	1	0	0	0	0	0	0	0	0
450	chr13:75878001-76972000	SBS3	2	0	6	0	0	0	0	0	0	0	0
451	chr13:76972001-77357000	SBS3	2	0	1	0	0	0	0	0	0	0	0
452	chr13:77570001-78682000	SBS1	2	0	1	0	0	0	0	0	0	0	0
453	chr13:77570001-78682000	SBS3	2	0	1	0	0	0	0	0	0	0	0
454	chr13:78682001-78965000	SBS3	2	0	1	0	0	0	0	0	0	0	0
455	chr13:79556001-80808000	SBS3	2	0	2	0	0	0	0	0	0	0	0
456	chr13:80808001-91422000	SBS1	2	0	0	1	0	0	0	0	0	0	0
457	chr13:80808001-91422000	SBS100	2	0	3	0	0	0	0	0	0	0	0
458	chr13:80808001-91422000	SBS18	2	0	1	0	0	0	0	0	0	0	0
459	chr13:80808001-91422000	SBS3	2	0	21	2	0	0	0	0	0	0	0
460	chr13:80808001-91422000	SBS5	2	0	1	0	0	0	0	0	0	0	0
461	chr13:91422001-94071000	SBS1	2	0	1	0	0	0	0	0	0	0	0
462	chr13:91422001-94071000	SBS100	2	0	1	0	0	0	0	0	0	0	0
463	chr13:91422001-94071000	SBS18	2	0	1	0	0	0	0	0	0	0	0
464	chr13:91422001-94071000	SBS3	2	0	3	1	0	0	0	0	0	0	0
465	chr13:91422001-94071000	SBS5	2	0	1	0	0	0	0	0	0	0	0
466	chr13:94071001-94450000	SBS1	2	0	1	0	0	0	0	0	0	0	0
467	chr13:94678001-95109000	SBS3	2	0	8	0	0	0	0	0	0	0	0
468	chr13:95801001-100855000	SBS1	2	0	1	0	0	0	0	0	0	0	0
469	chr13:95801001-100855000	SBS18	2	0	2	0	0	0	0	0	0	0	0
470	chr13:95801001-100855000	SBS3	2	0	7	0	0	0	0	0	0	0	0
471	chr13:95801001-100855000	SBS5	2	0	1	0	0	0	0	0	0	0	0
472	chr14:1-17086761	SBS3	1	1	1	0	0	0	0	0	0	0	0
473	chr14:100444001-101727000	SBS3	1	1	3	0	0	0	0	0	0	0	0
474	chr14:101727001-103927000	SBS1	1	1	1	0	0	0	0	0	0	0	0
475	chr14:101727001-103927000	SBS3	1	1	4	0	0	0	0	0	0	0	0
476	chr14:103927001-107043718	SBS1	1	1	3	0	0	0	0	0	0	0	0
477	chr14:103927001-107043718	SBS100	1	1	1	0	0	0	0	0	0	0	0
478	chr14:103927001-107043718	SBS18	1	1	1	0	0	0	0	0	0	0	0
479	chr14:103927001-107043718	SBS3	1	1	18	0	0	0	0	0	0	0	0
480	chr14:103927001-107043718	SBS5	1	1	4	0	0	0	0	0	0	0	0
481	chr14:17086762-20291000	SBS3	1	1	2	0	0	0	0	0	0	0	0
482	chr14:20700008-21730500	SBS3	1	1	2	0	0	0	0	0	0	0	0
483	chr14:21730501-22551000	SBS18	1	1	1	0	0	0	0	0	0	0	0
484	chr14:21730501-22551000	SBS3	1	1	1	0	0	0	0	0	0	0	0
485	chr14:22602001-22817000	SBS3	1	1	1	0	0	0	0	0	0	0	0
486	chr14:23466001-24461000	SBS100	1	1	1	0	0	0	0	0	0	0	0
487	chr14:23466001-24461000	SBS3	1	1	2	0	0	0	0	0	0	0	0
488	chr14:24461001-24718682	SBS3	1	1	2	0	0	0	0	0	0	0	0
489	chr14:24720767-25364000	SBS3	1	1	1	0	0	0	0	0	0	0	0
490	chr14:26993001-30494000	SBS3	1	1	7	0	0	0	0	0	0	0	0
491	chr14:30494001-32517000	SBS1	1	1	1	0	0	0	0	0	0	0	0
492	chr14:30494001-32517000	SBS3	1	1	5	0	0	0	0	0	0	0	0
493	chr14:32517001-33669000	SBS3	1	1	2	0	0	0	0	0	0	0	0
494	chr14:33669001-35488209	SBS18	1	1	1	0	0	0	0	0	0	0	0
495	chr14:33669001-35488209	SBS3	1	1	5	0	0	0	0	0	0	0	0
496	chr14:35488887-37142000	SBS18	1	1	1	0	0	0	0	0	0	0	0
497	chr14:35488887-37142000	SBS3	1	1	6	0	0	0	0	0	0	0	0
498	chr14:37908001-43409000	SBS100	1	1	2	0	0	0	0	0	0	0	0
499	chr14:37908001-43409000	SBS18	1	1	2	0	0	0	0	0	0	0	0
500	chr14:37908001-43409000	SBS3	1	1	11	0	0	0	0	0	0	0	0
501	chr14:37908001-43409000	SBS5	1	1	1	0	0	0	0	0	0	0	0
502	chr14:43806001-48639000	SBS100	1	1	1	0	0	0	0	0	0	0	0
503	chr14:43806001-48639000	SBS3	1	1	10	0	0	0	0	0	0	0	0
504	chr14:43806001-48639000	SBS5	1	1	1	0	0	0	0	0	0	0	0
505	chr14:48639253-49454000	SBS3	1	1	2	0	0	0	0	0	0	0	0
506	chr14:49454001-52974930	SBS3	1	1	8	0	0	0	0	0	0	0	0
507	chr14:52974969-53361000	SBS18	1	1	1	0	0	0	0	0	0	0	0
508	chr14:53361001-54325000	SBS1	1	1	1	0	0	0	0	0	0	0	0
509	chr14:53361001-54325000	SBS18	1	1	2	0	0	0	0	0	0	0	0
510	chr14:53361001-54325000	SBS3	1	1	3	0	0	0	0	0	0	0	0
511	chr14:54325001-55819000	SBS3	1	1	2	0	0	0	0	0	0	0	0
512	chr14:55819001-58232000	SBS100	1	1	1	0	0	0	0	0	0	0	0
513	chr14:55819001-58232000	SBS18	1	1	1	0	0	0	0	0	0	0	0
514	chr14:55819001-58232000	SBS3	1	1	1	0	0	0	0	0	0	0	0
515	chr14:58311001-59178000	SBS3	1	1	3	0	0	0	0	0	0	0	0
516	chr14:59322001-59512000	SBS3	1	1	1	0	0	0	0	0	0	0	0
517	chr14:60356001-60559000	SBS3	1	1	1	0	0	0	0	0	0	0	0
518	chr14:60559001-61768000	SBS1	1	1	1	0	0	0	0	0	0	0	0
519	chr14:60559001-61768000	SBS18	1	1	1	0	0	0	0	0	0	0	0
520	chr14:60559001-61768000	SBS3	1	1	3	0	0	0	0	0	0	0	0
521	chr14:61896001-63350000	SBS1	1	1	1	0	0	0	0	0	0	0	0
522	chr14:61896001-63350000	SBS3	1	1	4	0	0	0	0	0	0	0	0
523	chr14:63350001-66481000	SBS100	1	1	2	0	0	0	0	0	0	0	0
524	chr14:63350001-66481000	SBS18	1	1	1	0	0	0	0	0	0	0	0
525	chr14:63350001-66481000	SBS3	1	1	5	0	0	0	0	0	0	0	0
526	chr14:66519001-67426000	SBS100	1	1	1	0	0	0	0	0	0	0	0
527	chr14:66519001-67426000	SBS3	1	1	2	0	0	0	0	0	0	0	0
528	chr14:67813001-69728000	SBS1	1	1	1	0	0	0	0	0	0	0	0
529	chr14:67813001-69728000	SBS3	1	1	2	0	0	0	0	0	0	0	0
530	chr14:69728001-73740000	SBS3	1	1	4	0	0	0	0	0	0	0	0
531	chr14:75579001-76901000	SBS3	1	1	3	0	0	0	0	0	0	0	0
532	chr14:77129001-77697484	SBS1	1	1	1	0	0	0	0	0	0	0	0
533	chr14:77129001-77697484	SBS3	1	1	1	0	0	0	0	0	0	0	0
534	chr14:77763001-78024000	SBS3	1	1	2	0	0	0	0	0	0	0	0
535	chr14:78024001-80203000	SBS100	1	1	1	0	0	0	0	0	0	0	0
536	chr14:78024001-80203000	SBS18	1	1	2	0	0	0	0	0	0	0	0
537	chr14:78024001-80203000	SBS3	1	1	5	0	0	0	0	0	0	0	0
538	chr14:80203001-81140000	SBS3	1	1	2	0	0	0	0	0	0	0	0
539	chr14:81577001-91003000	SBS1	1	1	1	0	0	0	0	0	0	0	0
540	chr14:81577001-91003000	SBS100	1	1	1	0	0	0	0	0	0	0	0
541	chr14:81577001-91003000	SBS18	1	1	1	0	0	0	0	0	0	0	0
542	chr14:81577001-91003000	SBS3	1	1	20	0	0	0	0	0	0	0	0
543	chr14:81577001-91003000	SBS5	1	1	1	0	0	0	0	0	0	0	0
544	chr14:92155001-94315000	SBS3	1	1	5	0	0	0	0	0	0	0	0
545	chr14:92155001-94315000	SBS5	1	1	1	0	0	0	0	0	0	0	0
546	chr14:94691001-95085000	SBS3	1	1	1	0	0	0	0	0	0	0	0
547	chr14:95344001-96906000	SBS1	1	1	1	0	0	0	0	0	0	0	0
548	chr14:95344001-96906000	SBS3	1	1	1	0	0	0	0	0	0	0	0
549	chr14:96906001-99388000	SBS1	1	1	1	0	0	0	0	0	0	0	0
550	chr14:96906001-99388000	SBS18	1	1	1	0	0	0	0	0	0	0	0
551	chr14:96906001-99388000	SBS3	1	1	4	0	0	0	0	0	0	0	0
552	chr14:99388001-99631000	SBS3	1	1	1	0	0	0	0	0	0	0	0
553	chr14:99631001-99956000	SBS3	1	1	1	0	0	0	0	0	0	0	0
554	chr14:99956001-100159500	SBS3	2	1	1	1	0	0	0	0	0	0	0
555	chr15:1-18362626	SBS3	1	1	1	0	0	0	0	0	0	0	0
556	chr15:18362627-23053000	SBS18	1	1	1	0	0	0	0	0	0	0	0
557	chr15:18362627-23053000	SBS3	1	1	5	0	0	0	0	0	0	0	0
558	chr15:23053001-29668000	SBS1	1	1	3	0	0	0	0	0	0	0	0
559	chr15:23053001-29668000	SBS100	1	1	1	0	0	0	0	0	0	0	0
560	chr15:23053001-29668000	SBS18	1	1	2	0	0	0	0	0	0	0	0
561	chr15:23053001-29668000	SBS3	1	1	15	0	0	0	0	0	0	0	0
562	chr15:23053001-29668000	SBS5	1	1	1	0	0	0	0	0	0	0	0
563	chr15:29668001-29833000	SBS100	1	1	1	0	0	0	0	0	0	0	0
564	chr15:29668001-29833000	SBS3	1	1	1	0	0	0	0	0	0	0	0
565	chr15:29833001-31766205	SBS3	1	1	5	0	0	0	0	0	0	0	0
566	chr15:31766250-32634000	SBS100	1	1	1	0	0	0	0	0	0	0	0
567	chr15:31766250-32634000	SBS3	1	1	1	0	0	0	0	0	0	0	0
568	chr15:32634001-32713000	SBS3	1	1	1	0	0	0	0	0	0	0	0
569	chr15:32634001-32713000	SBS5	1	1	1	0	0	0	0	0	0	0	0
570	chr15:32713001-34379000	SBS100	1	1	1	0	0	0	0	0	0	0	0
571	chr15:32713001-34379000	SBS3	1	1	4	0	0	0	0	0	0	0	0
572	chr15:34379001-34844000	SBS3	1	1	1	0	0	0	0	0	0	0	0
573	chr15:34992001-38148300	SBS1	1	1	1	0	0	0	0	0	0	0	0
574	chr15:34992001-38148300	SBS3	1	1	4	0	0	0	0	0	0	0	0
575	chr15:34992001-38148300	SBS5	1	1	1	0	0	0	0	0	0	0	0
576	chr15:38148330-39570000	SBS18	1	1	1	0	0	0	0	0	0	0	0
577	chr15:41032001-45162000	SBS3	1	1	8	0	0	0	0	0	0	0	0
578	chr15:45717001-48283000	SBS100	1	1	1	0	0	0	0	0	0	0	0
579	chr15:45717001-48283000	SBS3	1	1	5	0	0	0	0	0	0	0	0
580	chr15:48283001-50160315	SBS3	1	1	5	0	0	0	0	0	0	0	0
581	chr15:50244470-52832000	SBS1	1	1	1	0	0	0	0	0	0	0	0
582	chr15:52832001-55165000	SBS18	1	1	1	0	0	0	0	0	0	0	0
583	chr15:52832001-55165000	SBS3	1	1	10	0	0	0	0	0	0	0	0
584	chr15:55165001-59803000	SBS100	1	1	2	0	0	0	0	0	0	0	0
585	chr15:55165001-59803000	SBS18	1	1	1	0	0	0	0	0	0	0	0
586	chr15:55165001-59803000	SBS3	1	1	6	0	0	0	0	0	0	0	0
587	chr15:59803001-60323000	SBS18	1	1	2	0	0	0	0	0	0	0	0
588	chr15:59803001-60323000	SBS3	1	1	1	0	0	0	0	0	0	0	0
589	chr15:60500001-62235503	SBS1	1	1	1	0	0	0	0	0	0	0	0
590	chr15:60500001-62235503	SBS18	1	1	1	0	0	0	0	0	0	0	0
591	chr15:62235504-71129444	SBS1	1	0	2	0	0	0	0	0	0	0	0
592	chr15:62235504-71129444	SBS18	1	0	3	0	0	0	0	0	0	0	0
593	chr15:62235504-71129444	SBS3	1	0	17	0	0	0	0	0	0	0	0
594	chr15:62235504-71129444	SBS5	1	0	3	0	0	0	0	0	0	0	0
595	chr15:71129448-90986845	SBS1	1	0	5	0	0	0	0	0	0	0	0
596	chr15:71129448-90986845	SBS100	1	0	5	0	0	0	0	0	0	0	0
597	chr15:71129448-90986845	SBS18	1	0	2	0	0	0	0	0	0	0	0
598	chr15:71129448-90986845	SBS3	1	0	29	0	0	0	0	0	0	0	0
599	chr15:71129448-90986845	SBS5	1	0	4	0	0	0	0	0	0	0	0
600	chr15:90987052-92591000	SBS3	1	0	1	0	0	0	0	0	0	0	0
601	chr15:93032001-98645000	SBS1	1	0	2	0	0	0	0	0	0	0	0
602	chr15:93032001-98645000	SBS100	1	0	3	0	0	0	0	0	0	0	0
603	chr15:93032001-98645000	SBS3	1	0	8	0	0	0	0	0	0	0	0
604	chr15:98905001-101991189	SBS100	1	0	1	0	0	0	0	0	0	0	0
605	chr15:98905001-101991189	SBS18	1	0	2	0	0	0	0	0	0	0	0
606	chr15:98905001-101991189	SBS3	1	0	7	0	0	0	0	0	0	0	0
607	chr16:1-5103500	SBS1	1	1	2	0	0	0	0	0	0	0	0
608	chr16:1-5103500	SBS100	1	1	1	0	0	0	0	0	0	0	0
609	chr16:1-5103500	SBS3	1	1	18	0	0	0	0	0	0	0	0
610	chr16:1-5103500	SBS5	1	1	1	0	0	0	0	0	0	0	0
611	chr16:10657001-12373000	SBS100	1	1	1	0	0	0	0	0	0	0	0
612	chr16:10657001-12373000	SBS3	1	1	3	0	0	0	0	0	0	0	0
613	chr16:10657001-12373000	SBS5	1	1	1	0	0	0	0	0	0	0	0
614	chr16:12373001-13902000	SBS100	1	1	1	0	0	0	0	0	0	0	0
615	chr16:12373001-13902000	SBS3	1	1	3	0	0	0	0	0	0	0	0
616	chr16:12373001-13902000	SBS5	1	1	1	0	0	0	0	0	0	0	0
617	chr16:13902001-17491000	SBS1	1	1	1	0	0	0	0	0	0	0	0
618	chr16:13902001-17491000	SBS3	1	1	7	0	0	0	0	0	0	0	0
619	chr16:13902001-17491000	SBS5	1	1	1	0	0	0	0	0	0	0	0
620	chr16:17491001-18428000	SBS3	1	1	2	0	0	0	0	0	0	0	0
621	chr16:18428001-23701000	SBS100	1	1	2	0	0	0	0	0	0	0	0
622	chr16:18428001-23701000	SBS18	1	1	1	0	0	0	0	0	0	0	0
623	chr16:18428001-23701000	SBS3	1	1	5	0	0	0	0	0	0	0	0
624	chr16:18428001-23701000	SBS5	1	1	2	0	0	0	0	0	0	0	0
625	chr16:23701001-24500000	SBS1	1	1	2	0	0	0	0	0	0	0	0
626	chr16:23701001-24500000	SBS3	1	1	2	0	0	0	0	0	0	0	0
627	chr16:24500001-25286000	SBS3	1	1	2	0	0	0	0	0	0	0	0
628	chr16:25286001-27073000	SBS18	1	1	3	0	0	0	0	0	0	0	0
629	chr16:25286001-27073000	SBS3	1	1	3	0	0	0	0	0	0	0	0
630	chr16:25286001-27073000	SBS5	1	1	1	0	0	0	0	0	0	0	0
631	chr16:27073001-31516000	SBS18	1	1	1	0	0	0	0	0	0	0	0
632	chr16:27073001-31516000	SBS3	1	1	9	0	0	0	0	0	0	0	0
633	chr16:27073001-31516000	SBS5	1	1	2	0	0	0	0	0	0	0	0
634	chr16:31516001-34072000	SBS3	1	1	4	0	0	0	0	0	0	0	0
635	chr16:34072001-37295919	SBS1	1	1	2	0	0	0	0	0	0	0	0
636	chr16:34072001-37295919	SBS18	1	1	1	0	0	0	0	0	0	0	0
637	chr16:34072001-37295919	SBS3	1	1	7	0	0	0	0	0	0	0	0
638	chr16:5103501-8308176	SBS1	1	1	1	0	0	0	0	0	0	0	0
639	chr16:5103501-8308176	SBS18	1	1	1	0	0	0	0	0	0	0	0
640	chr16:5103501-8308176	SBS3	1	1	9	0	0	0	0	0	0	0	0
641	chr16:8308494-8516000	SBS3	1	1	2	0	0	0	0	0	0	0	0
642	chr16:9162001-10503000	SBS1	1	1	1	0	0	0	0	0	0	0	0
643	chr16:9162001-10503000	SBS3	1	1	1	0	0	0	0	0	0	0	0
644	chr17:1-3009000	SBS1	1	1	2	0	0	0	0	0	0	0	0
645	chr17:1-3009000	SBS100	1	1	2	0	0	0	0	0	0	0	0
646	chr17:1-3009000	SBS18	1	1	1	0	0	0	0	0	0	0	0
647	chr17:1-3009000	SBS3	1	1	14	0	0	0	0	0	0	0	0
648	chr17:11974001-12142500	SBS18	1	1	1	0	0	0	0	0	0	0	0
649	chr17:11974001-12142500	SBS3	1	1	1	0	0	0	0	0	0	0	0
650	chr17:12142501-13931000	SBS3	1	1	7	0	0	0	0	0	0	0	0
651	chr17:12142501-13931000	SBS5	1	1	1	0	0	0	0	0	0	0	0
652	chr17:13931001-14245000	SBS18	1	1	1	0	0	0	0	0	0	0	0
653	chr17:13931001-14245000	SBS3	1	1	4	0	0	0	0	0	0	0	0
654	chr17:14245001-15216000	SBS1	1	1	1	0	0	0	0	0	0	0	0
655	chr17:14245001-15216000	SBS3	1	1	2	0	0	0	0	0	0	0	0
656	chr17:15216001-17676000	SBS18	1	1	3	0	0	0	0	0	0	0	0
657	chr17:15216001-17676000	SBS3	1	1	9	0	0	0	0	0	0	0	0
658	chr17:17676001-18046000	SBS3	2	1	1	0	0	0	0	0	0	0	0
659	chr17:18046001-21960368	SBS1	1	1	2	0	0	0	0	0	0	0	0
660	chr17:18046001-21960368	SBS100	1	1	2	0	0	0	0	0	0	0	0
661	chr17:18046001-21960368	SBS18	1	1	2	0	0	0	0	0	0	0	0
662	chr17:18046001-21960368	SBS3	1	1	13	0	0	0	0	0	0	0	0
663	chr17:21960369-24849829	SBS1	1	1	1	0	0	0	0	0	0	0	0
664	chr17:21960369-24849829	SBS18	1	1	1	0	0	0	0	0	0	0	0
665	chr17:21960369-24849829	SBS3	1	1	8	0	0	0	0	0	0	0	0
666	chr17:24849830-27220000	SBS3	1	1	3	0	0	0	0	0	0	0	0
667	chr17:28030001-32571266	SBS1	1	1	2	0	0	0	0	0	0	0	0
668	chr17:28030001-32571266	SBS3	1	1	6	0	0	0	0	0	0	0	0
669	chr17:3009001-3620000	SBS3	1	1	1	0	0	0	0	0	0	0	0
670	chr17:32953001-34960000	SBS3	1	1	5	0	0	0	0	0	0	0	0
671	chr17:34960001-35145000	SBS3	1	1	1	0	0	0	0	0	0	0	0
672	chr17:35564001-40301000	SBS100	1	1	1	0	0	0	0	0	0	0	0
673	chr17:35564001-40301000	SBS3	1	1	10	0	0	0	0	0	0	0	0
674	chr17:3620001-5191000	SBS100	1	1	1	0	0	0	0	0	0	0	0
675	chr17:3620001-5191000	SBS3	1	1	4	0	0	0	0	0	0	0	0
676	chr17:40699001-41519000	SBS100	1	1	1	0	0	0	0	0	0	0	0
677	chr17:40699001-41519000	SBS3	1	1	1	0	0	0	0	0	0	0	0
678	chr17:41519001-41552000	SBS3	2	1	0	1	0	0	0	0	0	0	0
679	chr17:41552001-41995735	SBS3	1	1	1	0	0	0	0	0	0	0	0
680	chr17:41995736-45129000	SBS3	2	1	5	2	0	0	0	0	0	0	0
681	chr17:41995736-45129000	SBS5	2	1	1	0	0	0	0	0	0	0	0
682	chr17:45178001-45584000	SBS3	2	1	3	0	0	0	0	0	0	0	0
683	chr17:45584001-45892000	SBS3	2	1	1	0	0	0	0	0	0	0	0
684	chr17:45892001-50851000	SBS1	2	1	2	0	0	0	0	0	0	0	0
685	chr17:45892001-50851000	SBS100	2	1	1	0	0	0	0	0	0	0	0
686	chr17:45892001-50851000	SBS18	2	1	0	1	0	0	0	0	0	0	0
687	chr17:45892001-50851000	SBS3	2	1	12	2	0	0	0	0	0	0	0
688	chr17:45892001-50851000	SBS5	2	1	0	1	0	0	0	0	0	0	0
689	chr17:51304001-53053002	SBS1	2	1	1	0	0	0	0	0	0	0	0
690	chr17:51304001-53053002	SBS18	2	1	2	0	0	0	0	0	0	0	0
691	chr17:51304001-53053002	SBS3	2	1	3	1	0	0	0	0	0	0	0
692	chr17:53053003-54803000	SBS18	2	1	1	0	0	0	0	0	0	0	0
693	chr17:53053003-54803000	SBS3	2	1	3	0	0	0	0	0	0	0	0
694	chr17:54803001-55413000	SBS3	2	2	1	0	0	0	0	0	0	0	0
695	chr17:54803001-55413000	SBS5	2	2	1	1	0	0	0	0	0	0	0
696	chr17:5493001-6546000	SBS1	1	1	1	0	0	0	0	0	0	0	0
697	chr17:5493001-6546000	SBS3	1	1	2	0	0	0	0	0	0	0	0
698	chr17:55532001-56777000	SBS3	2	2	4	0	0	0	0	0	0	0	0
699	chr17:56777001-57848000	SBS1	3	2	1	0	0	0	0	0	0	0	0
700	chr17:56777001-57848000	SBS18	3	2	1	1	1	0	0	0	0	0	0
701	chr17:56777001-57848000	SBS3	3	2	1	3	1	0	0	0	0	0	0
702	chr17:58009001-58317000	SBS3	2	2	2	0	0	0	0	0	0	0	0
703	chr17:58317001-58419000	SBS3	3	2	1	1	0	0	0	0	0	0	0
704	chr17:58419001-59613000	SBS3	2	2	4	0	0	0	0	0	0	0	0
705	chr17:58419001-59613000	SBS5	2	2	2	1	0	0	0	0	0	0	0
706	chr17:59860001-62700000	SBS1	2	2	2	1	0	0	0	0	0	0	0
707	chr17:59860001-62700000	SBS3	2	2	11	3	0	0	0	0	0	0	0
708	chr17:59860001-62700000	SBS5	2	2	2	0	0	0	0	0	0	0	0
709	chr17:62873674-63450000	SBS100	3	2	0	1	0	0	0	0	0	0	0
710	chr17:62873674-63450000	SBS3	3	2	1	0	0	0	0	0	0	0	0
711	chr17:63450001-64073000	SBS3	2	2	4	1	0	0	0	0	0	0	0
712	chr17:64136001-64766000	SBS3	3	2	1	0	0	0	0	0	0	0	0
713	chr17:65066001-66070193	SBS3	2	2	4	1	0	0	0	0	0	0	0
714	chr17:65066001-66070193	SBS5	2	2	1	0	0	0	0	0	0	0	0
715	chr17:6546001-9584000	SBS1	1	1	1	0	0	0	0	0	0	0	0
716	chr17:6546001-9584000	SBS100	1	1	1	0	0	0	0	0	0	0	0
717	chr17:6546001-9584000	SBS3	1	1	6	0	0	0	0	0	0	0	0
718	chr17:66071878-66668000	SBS3	2	2	9	0	0	0	0	0	0	0	0
719	chr17:66731001-66892000	SBS3	2	2	1	0	0	0	0	0	0	0	0
720	chr17:66892001-68217192	SBS3	2	2	3	0	0	0	0	0	0	0	0
721	chr17:68217193-68545000	SBS100	2	1	1	0	0	0	0	0	0	0	0
722	chr17:69226001-69615000	SBS100	2	1	1	0	0	0	0	0	0	0	0
723	chr17:69226001-69615000	SBS3	2	1	2	0	0	0	0	0	0	0	0
724	chr17:69615001-72106000	SBS100	2	1	1	0	0	0	0	0	0	0	0
725	chr17:69615001-72106000	SBS18	2	1	2	0	0	0	0	0	0	0	0
726	chr17:69615001-72106000	SBS3	2	1	7	2	0	0	0	0	0	0	0
727	chr17:72223704-73187000	SBS3	2	1	1	0	0	0	0	0	0	0	0
728	chr17:73315001-74858725	SBS100	2	1	1	0	0	0	0	0	0	0	0
729	chr17:73315001-74858725	SBS3	2	1	4	0	0	0	0	0	0	0	0
730	chr17:74873396-75878687	SBS18	2	1	1	1	0	0	0	0	0	0	0
731	chr17:74873396-75878687	SBS3	2	1	9	1	0	0	0	0	0	0	0
732	chr17:75879673-76793500	SBS18	2	1	1	0	0	0	0	0	0	0	0
733	chr17:75879673-76793500	SBS3	2	1	1	1	0	0	0	0	0	0	0
734	chr17:76793501-77084000	SBS18	2	1	1	0	0	0	0	0	0	0	0
735	chr17:76793501-77084000	SBS3	2	1	1	0	0	0	0	0	0	0	0
736	chr17:77084001-77505000	SBS3	2	1	1	0	0	0	0	0	0	0	0
737	chr17:77505001-77765269	SBS3	2	1	1	0	0	0	0	0	0	0	0
738	chr17:77765270-78425000	SBS100	2	1	2	0	0	0	0	0	0	0	0
739	chr17:77765270-78425000	SBS3	2	1	1	0	0	0	0	0	0	0	0
740	chr17:78425001-79775000	SBS3	2	1	2	0	0	0	0	0	0	0	0
741	chr17:79775001-83257441	SBS1	2	1	1	0	0	0	0	0	0	0	0
742	chr17:79775001-83257441	SBS3	2	1	8	0	0	0	0	0	0	0	0
743	chr17:79775001-83257441	SBS5	2	1	2	0	0	0	0	0	0	0	0
744	chr17:9584001-11974000	SBS18	1	1	2	0	0	0	0	0	0	0	0
745	chr17:9584001-11974000	SBS3	1	1	6	0	0	0	0	0	0	0	0
746	chr18:1-866000	SBS3	1	1	4	0	0	0	0	0	0	0	0
747	chr18:11843001-13210500	SBS3	1	1	10	0	0	0	0	0	0	0	0
748	chr18:11843001-13210500	SBS5	1	1	1	0	0	0	0	0	0	0	0
749	chr18:13210501-13620000	SBS18	2	1	1	0	0	0	0	0	0	0	0
750	chr18:13210501-13620000	SBS3	2	1	1	0	0	0	0	0	0	0	0
751	chr18:13620001-18161052	SBS3	1	1	8	0	0	0	0	0	0	0	0
752	chr18:13620001-18161052	SBS5	1	1	1	0	0	0	0	0	0	0	0
753	chr18:18161053-21858000	SBS3	1	1	2	0	0	0	0	0	0	0	0
754	chr18:1918983-2508000	SBS1	1	1	1	0	0	0	0	0	0	0	0
755	chr18:1918983-2508000	SBS3	1	1	2	0	0	0	0	0	0	0	0
756	chr18:21858001-22799000	SBS3	1	1	1	0	0	0	0	0	0	0	0
757	chr18:21858001-22799000	SBS5	1	1	1	0	0	0	0	0	0	0	0
758	chr18:22799001-24509000	SBS3	1	1	1	0	0	0	0	0	0	0	0
759	chr18:24509001-26219000	SBS3	1	1	6	0	0	0	0	0	0	0	0
760	chr18:2508001-3727000	SBS18	1	1	2	0	0	0	0	0	0	0	0
761	chr18:2508001-3727000	SBS3	1	1	1	0	0	0	0	0	0	0	0
762	chr18:26219001-26739000	SBS5	1	1	1	0	0	0	0	0	0	0	0
763	chr18:26784001-30187820	SBS3	1	1	4	0	0	0	0	0	0	0	0
764	chr18:26784001-30187820	SBS5	1	1	1	0	0	0	0	0	0	0	0
765	chr18:30190633-30954000	SBS18	1	1	1	0	0	0	0	0	0	0	0
766	chr18:30190633-30954000	SBS3	1	1	1	0	0	0	0	0	0	0	0
767	chr18:30954001-32355903	SBS3	1	1	6	0	0	0	0	0	0	0	0
768	chr18:32355956-33532000	SBS3	1	1	4	0	0	0	0	0	0	0	0
769	chr18:33532001-33790488	SBS3	2	1	1	0	0	0	0	0	0	0	0
770	chr18:33841001-36091000	SBS18	2	1	0	1	0	0	0	0	0	0	0
771	chr18:33841001-36091000	SBS3	2	1	4	0	0	0	0	0	0	0	0
772	chr18:36198001-36641941	SBS3	2	1	0	1	0	0	0	0	0	0	0
773	chr18:36198001-36641941	SBS5	2	1	1	0	0	0	0	0	0	0	0
774	chr18:36641974-37584000	SBS3	2	1	2	0	0	0	0	0	0	0	0
775	chr18:37584001-38032000	SBS100	2	1	1	0	0	0	0	0	0	0	0
776	chr18:37584001-38032000	SBS3	2	1	1	1	0	0	0	0	0	0	0
777	chr18:37584001-38032000	SBS5	2	1	1	1	0	0	0	0	0	0	0
778	chr18:38032001-39857000	SBS3	2	1	1	3	0	0	0	0	0	0	0
779	chr18:38032001-39857000	SBS5	2	1	1	0	0	0	0	0	0	0	0
780	chr18:39857001-41876000	SBS100	2	1	0	1	0	0	0	0	0	0	0
781	chr18:39857001-41876000	SBS3	2	1	1	3	0	0	0	0	0	0	0
782	chr18:41876001-42121000	SBS1	2	1	1	0	0	0	0	0	0	0	0
783	chr18:42121001-42777335	SBS100	1	1	1	0	0	0	0	0	0	0	0
784	chr18:42121001-42777335	SBS3	1	1	1	0	0	0	0	0	0	0	0
785	chr18:42787157-43560000	SBS18	2	1	0	1	0	0	0	0	0	0	0
786	chr18:42787157-43560000	SBS3	2	1	2	1	0	0	0	0	0	0	0
787	chr18:43560001-46482000	SBS1	2	1	1	0	0	0	0	0	0	0	0
788	chr18:43560001-46482000	SBS18	2	1	1	0	0	0	0	0	0	0	0
789	chr18:43560001-46482000	SBS3	2	1	4	0	0	0	0	0	0	0	0
790	chr18:43560001-46482000	SBS5	2	1	1	0	0	0	0	0	0	0	0
791	chr18:4520001-9054000	SBS1	1	1	1	0	0	0	0	0	0	0	0
792	chr18:4520001-9054000	SBS3	1	1	14	0	0	0	0	0	0	0	0
793	chr18:46482001-47212000	SBS18	2	1	1	0	0	0	0	0	0	0	0
794	chr18:46482001-47212000	SBS3	2	1	1	0	0	0	0	0	0	0	0
795	chr18:47212001-47740000	SBS3	2	1	2	0	0	0	0	0	0	0	0
796	chr18:47740001-49502000	SBS3	2	1	4	1	0	0	0	0	0	0	0
797	chr18:49502001-50439000	SBS3	2	1	1	0	0	0	0	0	0	0	0
798	chr18:50439001-50805000	SBS18	2	1	0	1	0	0	0	0	0	0	0
799	chr18:50439001-50805000	SBS3	2	1	1	0	0	0	0	0	0	0	0
800	chr18:50805001-51180000	SBS3	2	1	0	1	0	0	0	0	0	0	0
801	chr18:51214001-54115000	SBS3	2	1	5	5	0	0	0	0	0	0	0
802	chr18:51214001-54115000	SBS5	2	1	1	2	0	0	0	0	0	0	0
803	chr18:54115001-57029000	SBS100	2	1	1	0	0	0	0	0	0	0	0
804	chr18:54115001-57029000	SBS18	2	1	0	1	0	0	0	0	0	0	0
805	chr18:54115001-57029000	SBS3	2	1	5	1	0	0	0	0	0	0	0
806	chr18:54115001-57029000	SBS5	2	1	2	0	0	0	0	0	0	0	0
807	chr18:57029001-57539000	SBS3	2	1	1	0	0	0	0	0	0	0	0
808	chr18:57539001-58319000	SBS5	2	1	1	0	0	0	0	0	0	0	0
809	chr18:58319001-59089000	SBS3	2	1	3	0	0	0	0	0	0	0	0
810	chr18:59089001-59493000	SBS3	2	1	0	1	0	0	0	0	0	0	0
811	chr18:59493001-59780000	SBS18	2	1	1	0	0	0	0	0	0	0	0
812	chr18:59493001-59780000	SBS3	2	1	0	2	0	0	0	0	0	0	0
813	chr18:59999001-61497000	SBS1	2	1	0	2	0	0	0	0	0	0	0
814	chr18:59999001-61497000	SBS100	2	1	1	0	0	0	0	0	0	0	0
815	chr18:59999001-61497000	SBS18	2	1	0	1	0	0	0	0	0	0	0
816	chr18:59999001-61497000	SBS3	2	1	2	0	0	0	0	0	0	0	0
817	chr18:61497001-63130000	SBS100	2	1	1	0	0	0	0	0	0	0	0
818	chr18:61497001-63130000	SBS3	2	1	1	0	0	0	0	0	0	0	0
819	chr18:63446001-63840000	SBS5	2	1	1	0	0	0	0	0	0	0	0
820	chr18:64092001-64282000	SBS3	2	1	1	0	0	0	0	0	0	0	0
821	chr18:64282001-65212663	SBS3	2	1	4	0	0	0	0	0	0	0	0
822	chr18:65212664-65212722	SBS3	1	1	1	0	0	0	0	0	0	0	0
823	chr18:65212723-67225000	SBS1	2	1	0	1	0	0	0	0	0	0	0
824	chr18:65212723-67225000	SBS100	2	1	0	1	0	0	0	0	0	0	0
825	chr18:65212723-67225000	SBS18	2	1	0	1	0	0	0	0	0	0	0
826	chr18:65212723-67225000	SBS3	2	1	1	1	0	0	0	0	0	0	0
827	chr18:65212723-67225000	SBS5	2	1	1	0	0	0	0	0	0	0	0
828	chr18:67225001-69153000	SBS1	2	1	1	0	0	0	0	0	0	0	0
829	chr18:67225001-69153000	SBS100	2	1	1	0	0	0	0	0	0	0	0
830	chr18:67225001-69153000	SBS18	2	1	0	1	0	0	0	0	0	0	0
831	chr18:67225001-69153000	SBS3	2	1	2	2	0	0	0	0	0	0	0
832	chr18:69153001-70286000	SBS18	2	1	0	1	0	0	0	0	0	0	0
833	chr18:69153001-70286000	SBS3	2	1	2	1	0	0	0	0	0	0	0
834	chr18:70286001-70466000	SBS3	3	1	0	0	1	0	0	0	0	0	0
835	chr18:70466001-74231000	SBS3	2	1	4	2	0	0	0	0	0	0	0
836	chr18:74295001-77141000	SBS1	2	1	1	1	0	0	0	0	0	0	0
837	chr18:74295001-77141000	SBS18	2	1	1	0	0	0	0	0	0	0	0
838	chr18:74295001-77141000	SBS3	2	1	4	2	0	0	0	0	0	0	0
839	chr18:77141001-78983000	SBS1	2	1	1	0	0	0	0	0	0	0	0
840	chr18:77141001-78983000	SBS18	2	1	2	0	0	0	0	0	0	0	0
841	chr18:77141001-78983000	SBS3	2	1	7	0	0	0	0	0	0	0	0
842	chr18:78983001-79320000	SBS1	2	1	0	1	0	0	0	0	0	0	0
843	chr18:78983001-79320000	SBS3	2	1	0	1	0	0	0	0	0	0	0
844	chr18:79926001-80373285	SBS1	2	1	1	0	0	0	0	0	0	0	0
845	chr18:79926001-80373285	SBS18	2	1	2	0	0	0	0	0	0	0	0
846	chr18:866001-1916111	SBS3	1	1	2	0	0	0	0	0	0	0	0
847	chr18:9054001-9972000	SBS3	1	1	2	0	0	0	0	0	0	0	0
848	chr18:9972001-11843000	SBS1	1	1	1	0	0	0	0	0	0	0	0
849	chr18:9972001-11843000	SBS18	1	1	1	0	0	0	0	0	0	0	0
850	chr18:9972001-11843000	SBS3	1	1	2	0	0	0	0	0	0	0	0
851	chr19:1-7093000	SBS1	1	1	2	0	0	0	0	0	0	0	0
852	chr19:1-7093000	SBS100	1	1	1	0	0	0	0	0	0	0	0
853	chr19:1-7093000	SBS3	1	1	23	0	0	0	0	0	0	0	0
854	chr19:1-7093000	SBS5	1	1	1	0	0	0	0	0	0	0	0
855	chr19:13725001-14149000	SBS3	1	1	2	0	0	0	0	0	0	0	0
856	chr19:14149001-15070000	SBS1	1	1	1	0	0	0	0	0	0	0	0
857	chr19:14149001-15070000	SBS3	1	1	3	0	0	0	0	0	0	0	0
858	chr19:15070001-18272000	SBS3	1	1	2	0	0	0	0	0	0	0	0
859	chr19:15070001-18272000	SBS5	1	1	2	0	0	0	0	0	0	0	0
860	chr19:18525001-21894000	SBS100	1	1	2	0	0	0	0	0	0	0	0
861	chr19:18525001-21894000	SBS3	1	1	8	0	0	0	0	0	0	0	0
862	chr19:18525001-21894000	SBS5	1	1	2	0	0	0	0	0	0	0	0
863	chr19:21894001-23242000	SBS3	1	1	3	0	0	0	0	0	0	0	0
864	chr19:23242001-25844926	SBS3	1	1	4	0	0	0	0	0	0	0	0
865	chr19:25844927-32333000	SBS1	1	1	1	0	0	0	0	0	0	0	0
866	chr19:25844927-32333000	SBS18	1	1	1	0	0	0	0	0	0	0	0
867	chr19:25844927-32333000	SBS3	1	1	8	0	0	0	0	0	0	0	0
868	chr19:25844927-32333000	SBS5	1	1	1	0	0	0	0	0	0	0	0
869	chr19:32333001-34164000	SBS3	1	1	5	0	0	0	0	0	0	0	0
870	chr19:34391001-37898000	SBS1	1	1	2	0	0	0	0	0	0	0	0
871	chr19:34391001-37898000	SBS100	1	1	1	0	0	0	0	0	0	0	0
872	chr19:34391001-37898000	SBS18	1	1	1	0	0	0	0	0	0	0	0
873	chr19:34391001-37898000	SBS5	1	1	1	0	0	0	0	0	0	0	0
874	chr19:38407001-38616000	SBS3	1	1	1	0	0	0	0	0	0	0	0
875	chr19:38616001-38903000	SBS3	1	1	4	0	0	0	0	0	0	0	0
876	chr19:38903001-45905000	SBS1	1	1	3	0	0	0	0	0	0	0	0
877	chr19:38903001-45905000	SBS100	1	1	4	0	0	0	0	0	0	0	0
878	chr19:38903001-45905000	SBS3	1	1	13	0	0	0	0	0	0	0	0
879	chr19:38903001-45905000	SBS5	1	1	1	0	0	0	0	0	0	0	0
880	chr19:45905001-46712000	SBS3	1	1	1	0	0	0	0	0	0	0	0
881	chr19:46712001-47793000	SBS100	1	1	1	0	0	0	0	0	0	0	0
882	chr19:46712001-47793000	SBS18	1	1	2	0	0	0	0	0	0	0	0
883	chr19:46712001-47793000	SBS3	1	1	4	0	0	0	0	0	0	0	0
884	chr19:48102001-49938000	SBS18	1	1	1	0	0	0	0	0	0	0	0
885	chr19:48102001-49938000	SBS3	1	1	1	0	0	0	0	0	0	0	0
886	chr19:48102001-49938000	SBS5	1	1	1	0	0	0	0	0	0	0	0
887	chr19:49938001-51478938	SBS100	1	1	1	0	0	0	0	0	0	0	0
888	chr19:49938001-51478938	SBS18	1	1	2	0	0	0	0	0	0	0	0
889	chr19:49938001-51478938	SBS3	1	1	3	0	0	0	0	0	0	0	0
890	chr19:51478939-53388237	SBS100	1	1	1	0	0	0	0	0	0	0	0
891	chr19:51478939-53388237	SBS18	1	1	1	0	0	0	0	0	0	0	0
892	chr19:51478939-53388237	SBS3	1	1	11	0	0	0	0	0	0	0	0
893	chr19:53390168-58617616	SBS1	1	1	2	0	0	0	0	0	0	0	0
894	chr19:53390168-58617616	SBS3	1	1	24	0	0	0	0	0	0	0	0
895	chr19:53390168-58617616	SBS5	1	1	2	0	0	0	0	0	0	0	0
896	chr19:7093001-8531000	SBS1	1	1	1	0	0	0	0	0	0	0	0
897	chr19:7093001-8531000	SBS3	1	1	4	0	0	0	0	0	0	0	0
898	chr19:8531001-9572000	SBS100	1	1	1	0	0	0	0	0	0	0	0
899	chr19:8531001-9572000	SBS18	1	1	1	0	0	0	0	0	0	0	0
900	chr19:8531001-9572000	SBS3	1	1	8	0	0	0	0	0	0	0	0
901	chr19:9572001-13148000	SBS100	1	1	2	0	0	0	0	0	0	0	0
902	chr19:9572001-13148000	SBS18	1	1	1	0	0	0	0	0	0	0	0
903	chr19:9572001-13148000	SBS3	1	1	15	0	0	0	0	0	0	0	0
904	chr19:9572001-13148000	SBS5	1	1	3	0	0	0	0	0	0	0	0
905	chr1:1-12532348	SBS1	1	0	1	0	0	0	0	0	0	0	0
906	chr1:1-12532348	SBS18	1	0	3	0	0	0	0	0	0	0	0
907	chr1:1-12532348	SBS3	1	0	20	0	0	0	0	0	0	0	0
908	chr1:1-12532348	SBS5	1	0	1	0	0	0	0	0	0	0	0
909	chr1:101032001-107398000	SBS1	1	1	1	0	0	0	0	0	0	0	0
910	chr1:101032001-107398000	SBS100	1	1	1	0	0	0	0	0	0	0	0
911	chr1:101032001-107398000	SBS18	1	1	2	0	0	0	0	0	0	0	0
912	chr1:101032001-107398000	SBS3	1	1	10	0	0	0	0	0	0	0	0
913	chr1:101032001-107398000	SBS5	1	1	1	0	0	0	0	0	0	0	0
914	chr1:107790001-119471645	SBS1	1	1	3	0	0	0	0	0	0	0	0
915	chr1:107790001-119471645	SBS18	1	1	5	0	0	0	0	0	0	0	0
916	chr1:107790001-119471645	SBS3	1	1	20	0	0	0	0	0	0	0	0
917	chr1:119472282-123605522	SBS3	1	1	3	0	0	0	0	0	0	0	0
918	chr1:123605523-143741500	SBS3	1	1	7	0	0	0	0	0	0	0	0
919	chr1:12534650-21275000	SBS1	1	0	1	0	0	0	0	0	0	0	0
920	chr1:12534650-21275000	SBS3	1	0	8	0	0	0	0	0	0	0	0
921	chr1:143741501-145857501	SBS18	1	1	1	0	0	0	0	0	0	0	0
922	chr1:143741501-145857501	SBS3	1	1	5	0	0	0	0	0	0	0	0
923	chr1:145857546-146473000	SBS3	2	1	1	0	0	0	0	0	0	0	0
924	chr1:147277001-147488000	SBS18	1	1	1	0	0	0	0	0	0	0	0
925	chr1:147488001-147732000	SBS3	1	1	1	0	0	0	0	0	0	0	0
926	chr1:147732001-148264426	SBS1	1	1	1	0	0	0	0	0	0	0	0
927	chr1:148264438-148333000	SBS3	1	1	1	0	0	0	0	0	0	0	0
928	chr1:149958676-150608864	SBS100	2	1	1	0	0	0	0	0	0	0	0
929	chr1:149958676-150608864	SBS5	2	1	0	1	0	0	0	0	0	0	0
930	chr1:150608865-150962000	SBS3	1	1	1	0	0	0	0	0	0	0	0
931	chr1:151010001-152057000	SBS1	1	1	2	0	0	0	0	0	0	0	0
932	chr1:151010001-152057000	SBS3	1	1	2	0	0	0	0	0	0	0	0
933	chr1:151010001-152057000	SBS5	1	1	1	0	0	0	0	0	0	0	0
934	chr1:152057001-153490000	SBS1	1	1	1	0	0	0	0	0	0	0	0
935	chr1:152057001-153490000	SBS3	1	1	1	0	0	0	0	0	0	0	0
936	chr1:153993001-154930000	SBS3	1	1	1	0	0	0	0	0	0	0	0
937	chr1:154930001-156052000	SBS3	1	1	2	0	0	0	0	0	0	0	0
938	chr1:156132001-156453000	SBS3	1	1	1	0	0	0	0	0	0	0	0
939	chr1:156773001-157178000	SBS3	1	1	2	0	0	0	0	0	0	0	0
940	chr1:157178001-159772000	SBS1	1	1	1	0	0	0	0	0	0	0	0
941	chr1:157178001-159772000	SBS100	1	1	1	0	0	0	0	0	0	0	0
942	chr1:157178001-159772000	SBS18	1	1	2	0	0	0	0	0	0	0	0
943	chr1:157178001-159772000	SBS3	1	1	8	0	0	0	0	0	0	0	0
944	chr1:157178001-159772000	SBS5	1	1	2	0	0	0	0	0	0	0	0
945	chr1:160430001-160986000	SBS3	1	1	2	0	0	0	0	0	0	0	0
946	chr1:160986001-162880000	SBS100	1	1	1	0	0	0	0	0	0	0	0
947	chr1:160986001-162880000	SBS18	1	1	2	0	0	0	0	0	0	0	0
948	chr1:160986001-162880000	SBS3	1	1	7	0	0	0	0	0	0	0	0
949	chr1:162880001-164556000	SBS18	1	1	1	0	0	0	0	0	0	0	0
950	chr1:162880001-164556000	SBS3	1	1	4	0	0	0	0	0	0	0	0
951	chr1:164556001-164619000	SBS3	2	1	1	0	0	0	0	0	0	0	0
952	chr1:164619001-164858000	SBS3	1	1	1	0	0	0	0	0	0	0	0
953	chr1:164858001-165586000	SBS3	1	1	2	0	0	0	0	0	0	0	0
954	chr1:165931001-166833000	SBS3	1	1	1	0	0	0	0	0	0	0	0
955	chr1:166880001-167214000	SBS3	1	1	1	0	0	0	0	0	0	0	0
956	chr1:167952001-169465000	SBS3	1	1	3	0	0	0	0	0	0	0	0
957	chr1:167952001-169465000	SBS5	1	1	1	0	0	0	0	0	0	0	0
958	chr1:170085001-171484000	SBS3	1	1	3	0	0	0	0	0	0	0	0
959	chr1:170085001-171484000	SBS5	1	1	1	0	0	0	0	0	0	0	0
960	chr1:172752001-174930000	SBS3	1	1	7	0	0	0	0	0	0	0	0
961	chr1:172752001-174930000	SBS5	1	1	1	0	0	0	0	0	0	0	0
962	chr1:175230001-175877000	SBS18	1	1	1	0	0	0	0	0	0	0	0
963	chr1:175230001-175877000	SBS3	1	1	1	0	0	0	0	0	0	0	0
964	chr1:176224001-177246000	SBS3	1	1	2	0	0	0	0	0	0	0	0
965	chr1:177246001-181082000	SBS18	1	1	3	0	0	0	0	0	0	0	0
966	chr1:177246001-181082000	SBS3	1	1	8	0	0	0	0	0	0	0	0
967	chr1:181144001-182140000	SBS1	1	1	1	0	0	0	0	0	0	0	0
968	chr1:181144001-182140000	SBS100	1	1	1	0	0	0	0	0	0	0	0
969	chr1:181144001-182140000	SBS3	1	1	2	0	0	0	0	0	0	0	0
970	chr1:182402001-185161000	SBS100	1	1	1	0	0	0	0	0	0	0	0
971	chr1:182402001-185161000	SBS18	1	1	1	0	0	0	0	0	0	0	0
972	chr1:182402001-185161000	SBS3	1	1	2	0	0	0	0	0	0	0	0
973	chr1:182402001-185161000	SBS5	1	1	1	0	0	0	0	0	0	0	0
974	chr1:185161001-186435000	SBS18	1	1	1	0	0	0	0	0	0	0	0
975	chr1:185161001-186435000	SBS3	1	1	2	0	0	0	0	0	0	0	0
976	chr1:186435001-186968000	SBS3	1	1	1	0	0	0	0	0	0	0	0
977	chr1:188131907-190230755	SBS3	2	1	8	0	0	0	0	0	0	0	0
978	chr1:190230845-193265000	SBS1	2	1	1	0	0	0	0	0	0	0	0
979	chr1:190230845-193265000	SBS18	2	1	1	0	0	0	0	0	0	0	0
980	chr1:190230845-193265000	SBS3	2	1	1	1	0	0	0	0	0	0	0
981	chr1:193265001-197125000	SBS1	2	1	1	0	0	0	0	0	0	0	0
982	chr1:193265001-197125000	SBS3	2	1	9	1	0	0	0	0	0	0	0
983	chr1:193265001-197125000	SBS5	2	1	0	1	0	0	0	0	0	0	0
984	chr1:197206001-197614000	SBS3	2	1	1	0	0	0	0	0	0	0	0
985	chr1:198149001-198317000	SBS3	2	1	1	0	0	0	0	0	0	0	0
986	chr1:198317001-198835000	SBS3	2	1	1	1	0	0	0	0	0	0	0
987	chr1:198317001-198835000	SBS5	2	1	1	0	0	0	0	0	0	0	0
988	chr1:198835001-199141000	SBS3	2	1	1	1	0	0	0	0	0	0	0
989	chr1:199141001-200066000	SBS1	2	1	1	0	0	0	0	0	0	0	0
990	chr1:199141001-200066000	SBS3	2	1	2	0	0	0	0	0	0	0	0
991	chr1:200418001-200654911	SBS5	2	1	1	0	0	0	0	0	0	0	0
992	chr1:202171001-203265000	SBS3	3	1	2	0	0	0	0	0	0	0	0
993	chr1:202171001-203265000	SBS5	3	1	1	0	0	0	0	0	0	0	0
994	chr1:203344001-207898000	SBS1	3	1	0	0	1	0	0	0	0	0	0
995	chr1:203344001-207898000	SBS100	3	1	2	0	0	0	0	0	0	0	0
996	chr1:203344001-207898000	SBS3	3	1	8	1	2	0	0	0	0	0	0
997	chr1:207898001-209189000	SBS1	3	1	0	0	1	0	0	0	0	0	0
998	chr1:207898001-209189000	SBS3	3	1	0	1	1	0	0	0	0	0	0
999	chr1:209189001-209513000	SBS3	3	1	1	0	0	0	0	0	0	0	0
1000	chr1:209572001-209904000	SBS3	3	1	1	0	0	0	0	0	0	0	0
1001	chr1:209904001-210207000	SBS3	3	1	1	0	0	0	0	0	0	0	0
1002	chr1:210207001-211248000	SBS3	3	1	1	0	0	0	0	0	0	0	0
1003	chr1:210207001-211248000	SBS5	3	1	1	0	0	0	0	0	0	0	0
1004	chr1:211248001-213294000	SBS3	4	1	2	3	0	1	0	0	0	0	0
1005	chr1:211248001-213294000	SBS5	4	1	0	1	0	0	0	0	0	0	0
1006	chr1:21275001-21348000	SBS1	2	0	1	0	0	0	0	0	0	0	0
1007	chr1:21275001-21348000	SBS3	2	0	1	0	0	0	0	0	0	0	0
1008	chr1:213294001-214106000	SBS18	3	1	1	0	0	0	0	0	0	0	0
1009	chr1:213294001-214106000	SBS3	3	1	2	0	0	0	0	0	0	0	0
1010	chr1:21348001-28518339	SBS1	1	0	3	0	0	0	0	0	0	0	0
1011	chr1:21348001-28518339	SBS18	1	0	2	0	0	0	0	0	0	0	0
1012	chr1:21348001-28518339	SBS3	1	0	17	0	0	0	0	0	0	0	0
1013	chr1:21348001-28518339	SBS5	1	0	1	0	0	0	0	0	0	0	0
1014	chr1:214106001-215720000	SBS3	4	1	3	0	0	1	0	0	0	0	0
1015	chr1:215720001-216511000	SBS3	3	1	2	0	0	0	0	0	0	0	0
1016	chr1:216511001-219584000	SBS3	3	1	7	0	2	0	0	0	0	0	0
1017	chr1:219584001-219957000	SBS100	3	1	1	0	0	0	0	0	0	0	0
1018	chr1:219584001-219957000	SBS3	3	1	6	0	0	0	0	0	0	0	0
1019	chr1:219957001-220888000	SBS100	3	1	1	0	0	0	0	0	0	0	0
1020	chr1:219957001-220888000	SBS18	3	1	1	0	0	0	0	0	0	0	0
1021	chr1:219957001-220888000	SBS3	3	1	2	0	0	0	0	0	0	0	0
1022	chr1:220888001-221532000	SBS3	3	1	0	0	1	0	0	0	0	0	0
1023	chr1:221777001-222448000	SBS18	3	1	1	0	0	0	0	0	0	0	0
1024	chr1:221777001-222448000	SBS3	3	1	5	0	0	0	0	0	0	0	0
1025	chr1:222448001-223695000	SBS3	3	1	2	1	1	0	0	0	0	0	0
1026	chr1:223734001-224519000	SBS3	4	1	1	0	0	0	0	0	0	0	0
1027	chr1:224519001-225416000	SBS3	3	1	2	0	0	0	0	0	0	0	0
1028	chr1:225416001-226191000	SBS3	4	1	3	0	0	0	0	0	0	0	0
1029	chr1:226191001-230741000	SBS18	3	1	2	0	0	0	0	0	0	0	0
1030	chr1:226191001-230741000	SBS3	3	1	7	1	2	0	0	0	0	0	0
1031	chr1:230773001-233742000	SBS100	3	1	2	0	0	0	0	0	0	0	0
1032	chr1:230773001-233742000	SBS18	3	1	1	0	0	0	0	0	0	0	0
1033	chr1:230773001-233742000	SBS3	3	1	7	1	3	0	0	0	0	0	0
1034	chr1:236094001-236612000	SBS3	4	1	1	1	0	0	0	0	0	0	0
1035	chr1:236612001-236788000	SBS1	3	1	0	0	1	0	0	0	0	0	0
1036	chr1:236911001-241499000	SBS1	2	1	0	1	0	0	0	0	0	0	0
1037	chr1:236911001-241499000	SBS18	2	1	2	0	0	0	0	0	0	0	0
1038	chr1:236911001-241499000	SBS3	2	1	9	8	0	0	0	0	0	0	0
1039	chr1:241645001-242038000	SBS100	3	1	0	0	1	0	0	0	0	0	0
1040	chr1:242038001-243045500	SBS3	2	1	3	1	0	0	0	0	0	0	0
1041	chr1:243045501-243647954	SBS5	3	1	1	0	0	0	0	0	0	0	0
1042	chr1:243647955-243648133	SBS3	2	1	3	0	0	0	0	0	0	0	0
1043	chr1:244126924-245987000	SBS3	2	1	0	1	0	0	0	0	0	0	0
1044	chr1:244126924-245987000	SBS5	2	1	1	1	0	0	0	0	0	0	0
1045	chr1:245987001-246937000	SBS3	2	1	1	1	0	0	0	0	0	0	0
1046	chr1:246937001-247396000	SBS3	2	1	1	0	0	0	0	0	0	0	0
1047	chr1:247396001-248956422	SBS1	2	1	1	0	0	0	0	0	0	0	0
1048	chr1:247396001-248956422	SBS18	2	1	1	0	0	0	0	0	0	0	0
1049	chr1:247396001-248956422	SBS3	2	1	7	1	0	0	0	0	0	0	0
1050	chr1:247396001-248956422	SBS5	2	1	0	1	0	0	0	0	0	0	0
1051	chr1:28518373-34434739	SBS1	1	0	3	0	0	0	0	0	0	0	0
1052	chr1:28518373-34434739	SBS100	1	0	1	0	0	0	0	0	0	0	0
1053	chr1:28518373-34434739	SBS18	1	0	1	0	0	0	0	0	0	0	0
1054	chr1:28518373-34434739	SBS3	1	0	12	0	0	0	0	0	0	0	0
1055	chr1:28518373-34434739	SBS5	1	0	1	0	0	0	0	0	0	0	0
1056	chr1:34434740-34736000	SBS1	1	1	1	0	0	0	0	0	0	0	0
1057	chr1:34434740-34736000	SBS3	1	1	2	0	0	0	0	0	0	0	0
1058	chr1:34736001-35260500	SBS3	1	1	2	0	0	0	0	0	0	0	0
1059	chr1:36495001-37453000	SBS100	1	1	1	0	0	0	0	0	0	0	0
1060	chr1:36495001-37453000	SBS3	1	1	2	0	0	0	0	0	0	0	0
1061	chr1:37453001-37514500	SBS100	2	1	0	1	0	0	0	0	0	0	0
1062	chr1:38060001-38604810	SBS3	1	1	2	0	0	0	0	0	0	0	0
1063	chr1:38605294-38827000	SBS3	1	1	2	0	0	0	0	0	0	0	0
1064	chr1:39280001-40847000	SBS3	1	1	5	0	0	0	0	0	0	0	0
1065	chr1:40952001-41850000	SBS3	1	1	1	0	0	0	0	0	0	0	0
1066	chr1:41850001-41930000	SBS3	2	1	0	1	0	0	0	0	0	0	0
1067	chr1:42968001-47508430	SBS1	1	1	1	0	0	0	0	0	0	0	0
1068	chr1:42968001-47508430	SBS3	1	1	9	0	0	0	0	0	0	0	0
1069	chr1:42968001-47508430	SBS5	1	1	1	0	0	0	0	0	0	0	0
1070	chr1:47508465-48629204	SBS3	1	1	3	0	0	0	0	0	0	0	0
1071	chr1:48629205-48629379	SBS18	1	0	1	0	0	0	0	0	0	0	0
1072	chr1:48629205-48629379	SBS3	1	0	2	0	0	0	0	0	0	0	0
1073	chr1:48825001-49765000	SBS18	1	1	2	0	0	0	0	0	0	0	0
1074	chr1:48825001-49765000	SBS3	1	1	1	0	0	0	0	0	0	0	0
1075	chr1:49765001-56839000	SBS1	1	1	1	0	0	0	0	0	0	0	0
1076	chr1:49765001-56839000	SBS100	1	1	1	0	0	0	0	0	0	0	0
1077	chr1:49765001-56839000	SBS18	1	1	1	0	0	0	0	0	0	0	0
1078	chr1:49765001-56839000	SBS3	1	1	14	0	0	0	0	0	0	0	0
1079	chr1:49765001-56839000	SBS5	1	1	1	0	0	0	0	0	0	0	0
1080	chr1:56839001-58279000	SBS100	1	1	1	0	0	0	0	0	0	0	0
1081	chr1:56839001-58279000	SBS3	1	1	4	0	0	0	0	0	0	0	0
1082	chr1:56839001-58279000	SBS5	1	1	1	0	0	0	0	0	0	0	0
1083	chr1:58279001-61043500	SBS3	1	1	8	0	0	0	0	0	0	0	0
1084	chr1:58279001-61043500	SBS5	1	1	1	0	0	0	0	0	0	0	0
1085	chr1:61043501-61455000	SBS3	2	1	3	0	0	0	0	0	0	0	0
1086	chr1:61455001-61714277	SBS3	1	1	1	0	0	0	0	0	0	0	0
1087	chr1:61737203-64890000	SBS1	1	1	2	0	0	0	0	0	0	0	0
1088	chr1:61737203-64890000	SBS100	1	1	1	0	0	0	0	0	0	0	0
1089	chr1:61737203-64890000	SBS3	1	1	10	0	0	0	0	0	0	0	0
1090	chr1:64890001-65078000	SBS3	2	1	0	1	0	0	0	0	0	0	0
1091	chr1:65078001-65278000	SBS3	1	1	1	0	0	0	0	0	0	0	0
1092	chr1:65278001-65942000	SBS3	1	1	1	0	0	0	0	0	0	0	0
1093	chr1:65942001-66234000	SBS5	1	1	1	0	0	0	0	0	0	0	0
1094	chr1:66455001-66915000	SBS3	1	1	3	0	0	0	0	0	0	0	0
1095	chr1:67367001-67856000	SBS100	1	1	1	0	0	0	0	0	0	0	0
1096	chr1:67367001-67856000	SBS18	1	1	1	0	0	0	0	0	0	0	0
1097	chr1:67856001-68194000	SBS3	1	1	1	0	0	0	0	0	0	0	0
1098	chr1:68234001-72647000	SBS1	1	1	2	0	0	0	0	0	0	0	0
1099	chr1:68234001-72647000	SBS18	1	1	2	0	0	0	0	0	0	0	0
1100	chr1:68234001-72647000	SBS3	1	1	7	0	0	0	0	0	0	0	0
1101	chr1:68234001-72647000	SBS5	1	1	1	0	0	0	0	0	0	0	0
1102	chr1:72647001-73987000	SBS3	1	1	2	0	0	0	0	0	0	0	0
1103	chr1:73987001-87098000	SBS1	1	1	3	0	0	0	0	0	0	0	0
1104	chr1:73987001-87098000	SBS100	1	1	2	0	0	0	0	0	0	0	0
1105	chr1:73987001-87098000	SBS18	1	1	3	0	0	0	0	0	0	0	0
1106	chr1:73987001-87098000	SBS3	1	1	18	0	0	0	0	0	0	0	0
1107	chr1:73987001-87098000	SBS5	1	1	3	0	0	0	0	0	0	0	0
1108	chr1:87098001-88644000	SBS18	1	1	1	0	0	0	0	0	0	0	0
1109	chr1:87098001-88644000	SBS3	1	1	2	0	0	0	0	0	0	0	0
1110	chr1:88644001-90050000	SBS18	1	1	1	0	0	0	0	0	0	0	0
1111	chr1:90050001-90890000	SBS3	1	1	4	0	0	0	0	0	0	0	0
1112	chr1:90890001-91031000	SBS3	1	1	1	0	0	0	0	0	0	0	0
1113	chr1:91031001-91493000	SBS100	1	1	1	0	0	0	0	0	0	0	0
1114	chr1:91031001-91493000	SBS3	1	1	4	0	0	0	0	0	0	0	0
1115	chr1:91898001-95089000	SBS100	1	1	1	0	0	0	0	0	0	0	0
1116	chr1:91898001-95089000	SBS3	1	1	8	0	0	0	0	0	0	0	0
1117	chr1:91898001-95089000	SBS5	1	1	1	0	0	0	0	0	0	0	0
1118	chr1:95089001-99727000	SBS18	1	1	1	0	0	0	0	0	0	0	0
1119	chr1:95089001-99727000	SBS3	1	1	9	0	0	0	0	0	0	0	0
1120	chr1:99727001-101032000	SBS3	1	1	1	0	0	0	0	0	0	0	0
1121	chr20:10677001-11292000	SBS3	2	1	1	0	0	0	0	0	0	0	0
1122	chr20:11292001-13393000	SBS1	2	1	1	0	0	0	0	0	0	0	0
1123	chr20:11292001-13393000	SBS3	2	1	7	0	0	0	0	0	0	0	0
1124	chr20:11292001-13393000	SBS5	2	1	1	0	0	0	0	0	0	0	0
1125	chr20:13393001-16826000	SBS1	2	1	1	0	0	0	0	0	0	0	0
1126	chr20:13393001-16826000	SBS3	2	1	3	2	0	0	0	0	0	0	0
1127	chr20:1474001-2099000	SBS3	2	1	1	0	0	0	0	0	0	0	0
1128	chr20:16826001-17503000	SBS3	2	1	2	1	0	0	0	0	0	0	0
1129	chr20:16826001-17503000	SBS5	2	1	1	0	0	0	0	0	0	0	0
1130	chr20:17619001-20867000	SBS18	2	1	2	0	0	0	0	0	0	0	0
1131	chr20:17619001-20867000	SBS3	2	1	10	2	0	0	0	0	0	0	0
1132	chr20:20867001-23036000	SBS100	2	1	2	0	0	0	0	0	0	0	0
1133	chr20:20867001-23036000	SBS18	2	1	0	1	0	0	0	0	0	0	0
1134	chr20:20867001-23036000	SBS3	2	1	12	0	0	0	0	0	0	0	0
1135	chr20:20867001-23036000	SBS5	2	1	1	0	0	0	0	0	0	0	0
1136	chr20:2099001-5233000	SBS1	2	1	0	1	0	0	0	0	0	0	0
1137	chr20:2099001-5233000	SBS18	2	1	1	0	0	0	0	0	0	0	0
1138	chr20:2099001-5233000	SBS3	2	1	9	0	0	0	0	0	0	0	0
1139	chr20:2099001-5233000	SBS5	2	1	1	0	0	0	0	0	0	0	0
1140	chr20:23036001-23337000	SBS3	2	1	2	0	0	0	0	0	0	0	0
1141	chr20:23645001-24983000	SBS1	2	1	3	0	0	0	0	0	0	0	0
1142	chr20:23645001-24983000	SBS100	2	1	1	0	0	0	0	0	0	0	0
1143	chr20:23645001-24983000	SBS18	2	1	1	0	0	0	0	0	0	0	0
1144	chr20:23645001-24983000	SBS3	2	1	6	0	0	0	0	0	0	0	0
1145	chr20:24983001-28237289	SBS3	2	1	8	1	0	0	0	0	0	0	0
1146	chr20:28237290-31494000	SBS1	2	1	4	2	0	0	0	0	0	0	0
1147	chr20:28237290-31494000	SBS18	2	1	2	1	0	0	0	0	0	0	0
1148	chr20:28237290-31494000	SBS3	2	1	27	1	0	0	0	0	0	0	0
1149	chr20:28237290-31494000	SBS5	2	1	5	0	0	0	0	0	0	0	0
1150	chr20:286001-545000	SBS5	3	1	0	1	0	0	0	0	0	0	0
1151	chr20:31494001-32863000	SBS1	2	1	1	0	0	0	0	0	0	0	0
1152	chr20:31494001-32863000	SBS18	2	1	1	0	0	0	0	0	0	0	0
1153	chr20:31494001-32863000	SBS5	2	1	1	0	0	0	0	0	0	0	0
1154	chr20:32863001-33362000	SBS3	2	1	3	0	0	0	0	0	0	0	0
1155	chr20:33362001-35878568	SBS1	2	1	0	1	0	0	0	0	0	0	0
1156	chr20:33362001-35878568	SBS18	2	1	1	0	0	0	0	0	0	0	0
1157	chr20:33362001-35878568	SBS3	2	1	4	1	0	0	0	0	0	0	0
1158	chr20:35878770-37554000	SBS3	2	1	2	0	0	0	0	0	0	0	0
1159	chr20:37690001-37756126	SBS3	3	1	1	0	0	0	0	0	0	0	0
1160	chr20:37756166-38167000	SBS3	2	1	2	0	0	0	0	0	0	0	0
1161	chr20:38167001-44517000	SBS1	2	1	2	0	0	0	0	0	0	0	0
1162	chr20:38167001-44517000	SBS100	2	1	0	1	0	0	0	0	0	0	0
1163	chr20:38167001-44517000	SBS18	2	1	1	1	0	0	0	0	0	0	0
1164	chr20:38167001-44517000	SBS3	2	1	10	2	0	0	0	0	0	0	0
1165	chr20:38167001-44517000	SBS5	2	1	0	1	0	0	0	0	0	0	0
1166	chr20:44517001-45101000	SBS3	2	1	1	0	0	0	0	0	0	0	0
1167	chr20:45311001-46016000	SBS3	2	1	4	0	0	0	0	0	0	0	0
1168	chr20:46678001-47314000	SBS3	2	1	1	0	0	0	0	0	0	0	0
1169	chr20:47363001-49203021	SBS1	2	1	1	1	0	0	0	0	0	0	0
1170	chr20:47363001-49203021	SBS100	2	1	1	0	0	0	0	0	0	0	0
1171	chr20:47363001-49203021	SBS18	2	1	1	0	0	0	0	0	0	0	0
1172	chr20:47363001-49203021	SBS3	2	1	4	0	0	0	0	0	0	0	0
1173	chr20:49203077-49602000	SBS3	2	1	1	0	0	0	0	0	0	0	0
1174	chr20:49602001-50501000	SBS1	2	1	0	1	0	0	0	0	0	0	0
1175	chr20:49602001-50501000	SBS3	2	1	5	0	0	0	0	0	0	0	0
1176	chr20:50501001-50795500	SBS3	3	1	1	0	0	0	0	0	0	0	0
1177	chr20:50795501-50992000	SBS3	2	1	1	0	0	0	0	0	0	0	0
1178	chr20:50795501-50992000	SBS5	2	1	1	0	0	0	0	0	0	0	0
1179	chr20:50992001-51695000	SBS3	2	1	2	0	0	0	0	0	0	0	0
1180	chr20:51695001-51773000	SBS3	3	2	0	0	1	0	0	0	0	0	0
1181	chr20:52328001-53546000	SBS18	2	1	1	0	0	0	0	0	0	0	0
1182	chr20:52328001-53546000	SBS3	2	1	2	0	0	0	0	0	0	0	0
1183	chr20:5233001-5522000	SBS3	2	1	1	0	0	0	0	0	0	0	0
1184	chr20:53546001-53946000	SBS100	3	1	1	0	0	0	0	0	0	0	0
1185	chr20:54055001-54227000	SBS18	2	1	1	0	0	0	0	0	0	0	0
1186	chr20:54055001-54227000	SBS3	2	1	0	1	0	0	0	0	0	0	0
1187	chr20:54227001-56353000	SBS1	2	1	0	1	0	0	0	0	0	0	0
1188	chr20:54227001-56353000	SBS18	2	1	2	0	0	0	0	0	0	0	0
1189	chr20:54227001-56353000	SBS3	2	1	5	0	0	0	0	0	0	0	0
1190	chr20:54227001-56353000	SBS5	2	1	0	1	0	0	0	0	0	0	0
1191	chr20:545001-1311000	SBS100	2	1	1	1	0	0	0	0	0	0	0
1192	chr20:545001-1311000	SBS3	2	1	3	2	0	0	0	0	0	0	0
1193	chr20:5522001-6081000	SBS100	2	1	1	0	0	0	0	0	0	0	0
1194	chr20:5522001-6081000	SBS3	2	1	5	0	0	0	0	0	0	0	0
1195	chr20:5522001-6081000	SBS5	2	1	1	0	0	0	0	0	0	0	0
1196	chr20:56353001-57391297	SBS1	2	1	1	0	0	0	0	0	0	0	0
1197	chr20:56353001-57391297	SBS18	2	1	1	0	0	0	0	0	0	0	0
1198	chr20:56353001-57391297	SBS3	2	1	2	1	0	0	0	0	0	0	0
1199	chr20:57391332-58207000	SBS3	2	1	2	1	0	0	0	0	0	0	0
1200	chr20:58449001-61979500	SBS1	2	1	2	0	0	0	0	0	0	0	0
1201	chr20:58449001-61979500	SBS100	2	1	1	0	0	0	0	0	0	0	0
1202	chr20:58449001-61979500	SBS18	2	1	1	0	0	0	0	0	0	0	0
1203	chr20:58449001-61979500	SBS3	2	1	4	1	0	0	0	0	0	0	0
1204	chr20:6081001-9972000	SBS100	2	1	2	0	0	0	0	0	0	0	0
1205	chr20:6081001-9972000	SBS3	2	1	13	6	0	0	0	0	0	0	0
1206	chr20:61979501-64444167	SBS100	2	1	1	0	0	0	0	0	0	0	0
1207	chr20:61979501-64444167	SBS18	2	1	1	0	0	0	0	0	0	0	0
1208	chr20:61979501-64444167	SBS3	2	1	6	0	0	0	0	0	0	0	0
1209	chr20:61979501-64444167	SBS5	2	1	1	0	0	0	0	0	0	0	0
1210	chr21:1-10669006	SBS1	1	1	1	0	0	0	0	0	0	0	0
1211	chr21:1-10669006	SBS18	1	1	1	0	0	0	0	0	0	0	0
1212	chr21:1-10669006	SBS3	1	1	8	0	0	0	0	0	0	0	0
1213	chr21:1-10669006	SBS5	1	1	1	0	0	0	0	0	0	0	0
1214	chr21:10669007-11890183	SBS3	1	1	1	0	0	0	0	0	0	0	0
1215	chr21:11890184-15896000	SBS1	1	1	1	0	0	0	0	0	0	0	0
1216	chr21:11890184-15896000	SBS3	1	1	5	0	0	0	0	0	0	0	0
1217	chr21:11890184-15896000	SBS5	1	1	1	0	0	0	0	0	0	0	0
1218	chr21:15896001-23508000	SBS1	1	1	1	0	0	0	0	0	0	0	0
1219	chr21:15896001-23508000	SBS100	1	1	1	0	0	0	0	0	0	0	0
1220	chr21:15896001-23508000	SBS3	1	1	26	0	0	0	0	0	0	0	0
1221	chr21:15896001-23508000	SBS5	1	1	1	0	0	0	0	0	0	0	0
1222	chr21:23508001-25550000	SBS3	1	1	5	0	0	0	0	0	0	0	0
1223	chr21:25550001-25821039	SBS3	1	1	3	0	0	0	0	0	0	0	0
1224	chr21:25550001-25821039	SBS5	1	1	1	0	0	0	0	0	0	0	0
1225	chr21:25821504-45255371	SBS1	1	0	2	0	0	0	0	0	0	0	0
1226	chr21:25821504-45255371	SBS100	1	0	1	0	0	0	0	0	0	0	0
1227	chr21:25821504-45255371	SBS18	1	0	2	0	0	0	0	0	0	0	0
1228	chr21:25821504-45255371	SBS3	1	0	25	0	0	0	0	0	0	0	0
1229	chr21:25821504-45255371	SBS5	1	0	1	0	0	0	0	0	0	0	0
1230	chr21:45255372-46709983	SBS18	1	1	2	0	0	0	0	0	0	0	0
1231	chr21:45255372-46709983	SBS3	1	1	6	0	0	0	0	0	0	0	0
1232	chr21:45255372-46709983	SBS5	1	1	1	0	0	0	0	0	0	0	0
1233	chr22:1-14004552	SBS3	1	0	20	0	0	0	0	0	0	0	0
1234	chr22:1-14004552	SBS5	1	0	1	0	0	0	0	0	0	0	0
1235	chr22:14004553-24639000	SBS1	1	1	1	0	0	0	0	0	0	0	0
1236	chr22:14004553-24639000	SBS100	1	1	2	0	0	0	0	0	0	0	0
1237	chr22:14004553-24639000	SBS18	1	1	1	0	0	0	0	0	0	0	0
1238	chr22:14004553-24639000	SBS3	1	1	15	0	0	0	0	0	0	0	0
1239	chr22:14004553-24639000	SBS5	1	1	2	0	0	0	0	0	0	0	0
1240	chr22:24639001-24935000	SBS100	1	1	1	0	0	0	0	0	0	0	0
1241	chr22:24639001-24935000	SBS3	1	1	2	0	0	0	0	0	0	0	0
1242	chr22:24935001-25787000	SBS1	1	1	1	0	0	0	0	0	0	0	0
1243	chr22:24935001-25787000	SBS3	1	1	4	0	0	0	0	0	0	0	0
1244	chr22:25787001-27844000	SBS3	1	1	4	0	0	0	0	0	0	0	0
1245	chr22:27844001-30013000	SBS3	1	1	2	0	0	0	0	0	0	0	0
1246	chr22:27844001-30013000	SBS5	1	1	1	0	0	0	0	0	0	0	0
1247	chr22:30013001-31035000	SBS100	1	1	1	0	0	0	0	0	0	0	0
1248	chr22:30013001-31035000	SBS3	1	1	3	0	0	0	0	0	0	0	0
1249	chr22:31352001-33064819	SBS3	1	1	2	0	0	0	0	0	0	0	0
1250	chr22:31352001-33064819	SBS5	1	1	1	0	0	0	0	0	0	0	0
1251	chr22:33116985-34458212	SBS3	1	0	2	0	0	0	0	0	0	0	0
1252	chr22:34458218-50818468	SBS1	1	0	1	0	0	0	0	0	0	0	0
1253	chr22:34458218-50818468	SBS100	1	0	1	0	0	0	0	0	0	0	0
1254	chr22:34458218-50818468	SBS18	1	0	6	0	0	0	0	0	0	0	0
1255	chr22:34458218-50818468	SBS3	1	0	30	0	0	0	0	0	0	0	0
1256	chr22:34458218-50818468	SBS5	1	0	2	0	0	0	0	0	0	0	0
1257	chr2:1-1538000	SBS1	1	1	3	0	0	0	0	0	0	0	0
1258	chr2:1-1538000	SBS3	1	1	5	0	0	0	0	0	0	0	0
1259	chr2:105556001-106652000	SBS3	1	1	5	0	0	0	0	0	0	0	0
1260	chr2:106652001-108167000	SBS3	1	1	2	0	0	0	0	0	0	0	0
1261	chr2:108167001-113988000	SBS1	1	1	1	0	0	0	0	0	0	0	0
1262	chr2:108167001-113988000	SBS100	1	1	1	0	0	0	0	0	0	0	0
1263	chr2:108167001-113988000	SBS18	1	1	1	0	0	0	0	0	0	0	0
1264	chr2:108167001-113988000	SBS3	1	1	9	0	0	0	0	0	0	0	0
1265	chr2:113988001-117393000	SBS18	1	1	2	0	0	0	0	0	0	0	0
1266	chr2:113988001-117393000	SBS3	1	1	10	0	0	0	0	0	0	0	0
1267	chr2:11586001-19156855	SBS1	1	1	2	0	0	0	0	0	0	0	0
1268	chr2:11586001-19156855	SBS100	1	1	1	0	0	0	0	0	0	0	0
1269	chr2:11586001-19156855	SBS18	1	1	1	0	0	0	0	0	0	0	0
1270	chr2:11586001-19156855	SBS3	1	1	8	0	0	0	0	0	0	0	0
1271	chr2:11586001-19156855	SBS5	1	1	2	0	0	0	0	0	0	0	0
1272	chr2:117393001-118126000	SBS3	1	1	1	0	0	0	0	0	0	0	0
1273	chr2:118126001-119198000	SBS1	1	1	1	0	0	0	0	0	0	0	0
1274	chr2:118126001-119198000	SBS3	1	1	5	0	0	0	0	0	0	0	0
1275	chr2:118126001-119198000	SBS5	1	1	2	0	0	0	0	0	0	0	0
1276	chr2:119198001-121786000	SBS1	1	1	1	0	0	0	0	0	0	0	0
1277	chr2:119198001-121786000	SBS3	1	1	6	0	0	0	0	0	0	0	0
1278	chr2:119198001-121786000	SBS5	1	1	1	0	0	0	0	0	0	0	0
1279	chr2:121786001-127223000	SBS100	1	1	1	0	0	0	0	0	0	0	0
1280	chr2:121786001-127223000	SBS18	1	1	2	0	0	0	0	0	0	0	0
1281	chr2:121786001-127223000	SBS3	1	1	11	0	0	0	0	0	0	0	0
1282	chr2:121786001-127223000	SBS5	1	1	2	0	0	0	0	0	0	0	0
1283	chr2:127531001-133419000	SBS1	1	1	2	0	0	0	0	0	0	0	0
1284	chr2:127531001-133419000	SBS100	1	1	1	0	0	0	0	0	0	0	0
1285	chr2:127531001-133419000	SBS3	1	1	14	0	0	0	0	0	0	0	0
1286	chr2:127531001-133419000	SBS5	1	1	1	0	0	0	0	0	0	0	0
1287	chr2:133679001-136451000	SBS1	1	1	3	0	0	0	0	0	0	0	0
1288	chr2:133679001-136451000	SBS3	1	1	10	0	0	0	0	0	0	0	0
1289	chr2:136451001-136869000	SBS3	1	1	2	0	0	0	0	0	0	0	0
1290	chr2:136869001-141377000	SBS3	1	1	12	0	0	0	0	0	0	0	0
1291	chr2:136869001-141377000	SBS5	1	1	1	0	0	0	0	0	0	0	0
1292	chr2:141377001-141572000	SBS3	2	1	1	0	0	0	0	0	0	0	0
1293	chr2:141572001-152770000	SBS1	1	1	4	0	0	0	0	0	0	0	0
1294	chr2:141572001-152770000	SBS100	1	1	1	0	0	0	0	0	0	0	0
1295	chr2:141572001-152770000	SBS18	1	1	2	0	0	0	0	0	0	0	0
1296	chr2:141572001-152770000	SBS3	1	1	27	0	0	0	0	0	0	0	0
1297	chr2:152770001-154370000	SBS1	1	1	1	0	0	0	0	0	0	0	0
1298	chr2:152770001-154370000	SBS3	1	1	3	0	0	0	0	0	0	0	0
1299	chr2:1538001-1771000	SBS1	1	1	1	0	0	0	0	0	0	0	0
1300	chr2:154370001-154865000	SBS3	1	1	1	0	0	0	0	0	0	0	0
1301	chr2:154865001-156331000	SBS1	1	1	1	0	0	0	0	0	0	0	0
1302	chr2:154865001-156331000	SBS3	1	1	3	0	0	0	0	0	0	0	0
1303	chr2:156539001-157574449	SBS100	1	1	1	0	0	0	0	0	0	0	0
1304	chr2:156539001-157574449	SBS3	1	1	2	0	0	0	0	0	0	0	0
1305	chr2:158004001-159030000	SBS18	1	1	1	0	0	0	0	0	0	0	0
1306	chr2:158004001-159030000	SBS3	1	1	1	0	0	0	0	0	0	0	0
1307	chr2:159187001-161477000	SBS100	1	1	1	0	0	0	0	0	0	0	0
1308	chr2:159187001-161477000	SBS18	1	1	2	0	0	0	0	0	0	0	0
1309	chr2:159187001-161477000	SBS3	1	1	3	0	0	0	0	0	0	0	0
1310	chr2:161477001-161570000	SBS3	1	1	1	0	0	0	0	0	0	0	0
1311	chr2:161570001-161956000	SBS3	2	1	0	1	0	0	0	0	0	0	0
1312	chr2:161956001-165019000	SBS100	1	1	2	0	0	0	0	0	0	0	0
1313	chr2:161956001-165019000	SBS3	1	1	12	0	0	0	0	0	0	0	0
1314	chr2:165019001-165750000	SBS3	1	1	1	0	0	0	0	0	0	0	0
1315	chr2:165960001-167811000	SBS3	1	1	4	0	0	0	0	0	0	0	0
1316	chr2:168668001-170400467	SBS18	1	1	1	0	0	0	0	0	0	0	0
1317	chr2:168668001-170400467	SBS3	1	1	4	0	0	0	0	0	0	0	0
1318	chr2:170400508-170924000	SBS3	1	1	2	0	0	0	0	0	0	0	0
1319	chr2:171175001-172922000	SBS3	1	1	6	0	0	0	0	0	0	0	0
1320	chr2:173233001-173823000	SBS1	1	1	1	0	0	0	0	0	0	0	0
1321	chr2:173233001-173823000	SBS3	1	1	1	0	0	0	0	0	0	0	0
1322	chr2:173823001-174251000	SBS3	1	1	1	0	0	0	0	0	0	0	0
1323	chr2:173823001-174251000	SBS5	1	1	1	0	0	0	0	0	0	0	0
1324	chr2:174544001-174703000	SBS3	1	1	1	0	0	0	0	0	0	0	0
1325	chr2:175188001-175916000	SBS3	1	1	3	0	0	0	0	0	0	0	0
1326	chr2:175916001-177145000	SBS18	1	1	1	0	0	0	0	0	0	0	0
1327	chr2:175916001-177145000	SBS3	1	1	5	0	0	0	0	0	0	0	0
1328	chr2:1771001-3034293	SBS18	1	1	1	0	0	0	0	0	0	0	0
1329	chr2:1771001-3034293	SBS3	1	1	2	0	0	0	0	0	0	0	0
1330	chr2:177276001-177625000	SBS3	1	1	1	0	0	0	0	0	0	0	0
1331	chr2:177625001-178097000	SBS3	1	1	2	0	0	0	0	0	0	0	0
1332	chr2:178525001-179004374	SBS1	1	1	1	0	0	0	0	0	0	0	0
1333	chr2:178525001-179004374	SBS3	1	1	1	0	0	0	0	0	0	0	0
1334	chr2:179004483-179090000	SBS1	1	1	1	0	0	0	0	0	0	0	0
1335	chr2:179214001-179276000	SBS3	2	1	0	1	0	0	0	0	0	0	0
1336	chr2:179276001-179760000	SBS18	1	1	1	0	0	0	0	0	0	0	0
1337	chr2:179276001-179760000	SBS3	1	1	2	0	0	0	0	0	0	0	0
1338	chr2:179760001-180967000	SBS18	1	1	1	0	0	0	0	0	0	0	0
1339	chr2:179760001-180967000	SBS3	1	1	1	0	0	0	0	0	0	0	0
1340	chr2:179760001-180967000	SBS5	1	1	1	0	0	0	0	0	0	0	0
1341	chr2:180967001-181678318	SBS100	1	1	1	0	0	0	0	0	0	0	0
1342	chr2:180967001-181678318	SBS3	1	1	1	0	0	0	0	0	0	0	0
1343	chr2:182059935-182923000	SBS1	1	1	1	0	0	0	0	0	0	0	0
1344	chr2:182059935-182923000	SBS18	1	1	1	0	0	0	0	0	0	0	0
1345	chr2:182059935-182923000	SBS3	1	1	1	0	0	0	0	0	0	0	0
1346	chr2:183043001-189471000	SBS1	1	1	2	0	0	0	0	0	0	0	0
1347	chr2:183043001-189471000	SBS18	1	1	1	0	0	0	0	0	0	0	0
1348	chr2:183043001-189471000	SBS3	1	1	14	0	0	0	0	0	0	0	0
1349	chr2:189585001-191697500	SBS1	1	1	1	0	0	0	0	0	0	0	0
1350	chr2:189585001-191697500	SBS18	1	1	1	0	0	0	0	0	0	0	0
1351	chr2:189585001-191697500	SBS3	1	1	1	0	0	0	0	0	0	0	0
1352	chr2:19156893-19884000	SBS3	1	1	1	0	0	0	0	0	0	0	0
1353	chr2:191697501-197801000	SBS1	1	1	1	0	0	0	0	0	0	0	0
1354	chr2:191697501-197801000	SBS18	1	1	2	0	0	0	0	0	0	0	0
1355	chr2:191697501-197801000	SBS3	1	1	12	0	0	0	0	0	0	0	0
1356	chr2:191697501-197801000	SBS5	1	1	2	0	0	0	0	0	0	0	0
1357	chr2:197801001-198143000	SBS3	1	1	1	0	0	0	0	0	0	0	0
1358	chr2:197801001-198143000	SBS5	1	1	1	0	0	0	0	0	0	0	0
1359	chr2:198143001-199905000	SBS3	1	1	7	0	0	0	0	0	0	0	0
1360	chr2:19884001-20665000	SBS3	2	1	1	0	0	0	0	0	0	0	0
1361	chr2:19884001-20665000	SBS5	2	1	1	0	0	0	0	0	0	0	0
1362	chr2:199905001-206302000	SBS100	1	1	1	0	0	0	0	0	0	0	0
1363	chr2:199905001-206302000	SBS3	1	1	13	0	0	0	0	0	0	0	0
1364	chr2:199905001-206302000	SBS5	1	1	1	0	0	0	0	0	0	0	0
1365	chr2:207177001-208464000	SBS1	1	1	1	0	0	0	0	0	0	0	0
1366	chr2:207177001-208464000	SBS3	1	1	2	0	0	0	0	0	0	0	0
1367	chr2:208909682-209956000	SBS3	1	1	1	0	0	0	0	0	0	0	0
1368	chr2:209956001-210425500	SBS1	1	1	1	0	0	0	0	0	0	0	0
1369	chr2:210425501-213221000	SBS1	1	1	1	0	0	0	0	0	0	0	0
1370	chr2:210425501-213221000	SBS100	1	1	1	0	0	0	0	0	0	0	0
1371	chr2:210425501-213221000	SBS3	1	1	6	0	0	0	0	0	0	0	0
1372	chr2:21176001-23716000	SBS18	1	1	1	0	0	0	0	0	0	0	0
1373	chr2:21176001-23716000	SBS3	1	1	3	0	0	0	0	0	0	0	0
1374	chr2:213251939-213288170	SBS3	3	1	2	0	0	0	0	0	0	0	0
1375	chr2:213288171-215824500	SBS1	1	1	1	0	0	0	0	0	0	0	0
1376	chr2:213288171-215824500	SBS3	1	1	8	0	0	0	0	0	0	0	0
1377	chr2:215824501-216026000	SBS5	2	1	1	0	0	0	0	0	0	0	0
1378	chr2:216026001-219546000	SBS1	1	1	1	0	0	0	0	0	0	0	0
1379	chr2:216026001-219546000	SBS3	1	1	4	0	0	0	0	0	0	0	0
1380	chr2:219546001-222517000	SBS3	1	1	9	0	0	0	0	0	0	0	0
1381	chr2:222517001-227569000	SBS3	1	1	4	0	0	0	0	0	0	0	0
1382	chr2:222517001-227569000	SBS5	1	1	2	0	0	0	0	0	0	0	0
1383	chr2:227569001-229760000	SBS18	1	1	1	0	0	0	0	0	0	0	0
1384	chr2:227569001-229760000	SBS3	1	1	7	0	0	0	0	0	0	0	0
1385	chr2:227569001-229760000	SBS5	1	1	1	0	0	0	0	0	0	0	0
1386	chr2:229931001-236504000	SBS100	1	1	2	0	0	0	0	0	0	0	0
1387	chr2:229931001-236504000	SBS18	1	1	2	0	0	0	0	0	0	0	0
1388	chr2:229931001-236504000	SBS3	1	1	8	0	0	0	0	0	0	0	0
1389	chr2:236504001-237109000	SBS100	1	1	1	0	0	0	0	0	0	0	0
1390	chr2:236504001-237109000	SBS3	1	1	2	0	0	0	0	0	0	0	0
1391	chr2:237109001-237469000	SBS1	1	1	1	0	0	0	0	0	0	0	0
1392	chr2:237109001-237469000	SBS3	1	1	2	0	0	0	0	0	0	0	0
1393	chr2:23716001-26447634	SBS1	1	1	1	0	0	0	0	0	0	0	0
1394	chr2:23716001-26447634	SBS100	1	1	1	0	0	0	0	0	0	0	0
1395	chr2:23716001-26447634	SBS3	1	1	5	0	0	0	0	0	0	0	0
1396	chr2:23716001-26447634	SBS5	1	1	1	0	0	0	0	0	0	0	0
1397	chr2:237747001-242193529	SBS1	1	1	1	0	0	0	0	0	0	0	0
1398	chr2:237747001-242193529	SBS3	1	1	13	0	0	0	0	0	0	0	0
1399	chr2:237747001-242193529	SBS5	1	1	1	0	0	0	0	0	0	0	0
1400	chr2:26463042-29268000	SBS1	1	1	1	0	0	0	0	0	0	0	0
1401	chr2:26463042-29268000	SBS100	1	1	1	0	0	0	0	0	0	0	0
1402	chr2:26463042-29268000	SBS3	1	1	8	0	0	0	0	0	0	0	0
1403	chr2:26463042-29268000	SBS5	1	1	1	0	0	0	0	0	0	0	0
1404	chr2:29268001-30329191	SBS18	1	1	1	0	0	0	0	0	0	0	0
1405	chr2:29268001-30329191	SBS3	1	1	1	0	0	0	0	0	0	0	0
1406	chr2:30329196-33610000	SBS1	1	1	1	0	0	0	0	0	0	0	0
1407	chr2:30329196-33610000	SBS18	1	1	1	0	0	0	0	0	0	0	0
1408	chr2:30329196-33610000	SBS3	1	1	4	0	0	0	0	0	0	0	0
1409	chr2:3180001-3605500	SBS1	1	1	1	0	0	0	0	0	0	0	0
1410	chr2:33610001-36349000	SBS1	1	1	1	0	0	0	0	0	0	0	0
1411	chr2:33610001-36349000	SBS100	1	1	1	0	0	0	0	0	0	0	0
1412	chr2:33610001-36349000	SBS18	1	1	1	0	0	0	0	0	0	0	0
1413	chr2:33610001-36349000	SBS3	1	1	3	0	0	0	0	0	0	0	0
1414	chr2:33610001-36349000	SBS5	1	1	1	0	0	0	0	0	0	0	0
1415	chr2:3605501-4932000	SBS3	1	1	3	0	0	0	0	0	0	0	0
1416	chr2:3605501-4932000	SBS5	1	1	1	0	0	0	0	0	0	0	0
1417	chr2:36388001-38073000	SBS1	1	1	1	0	0	0	0	0	0	0	0
1418	chr2:36388001-38073000	SBS100	1	1	1	0	0	0	0	0	0	0	0
1419	chr2:36388001-38073000	SBS18	1	1	1	0	0	0	0	0	0	0	0
1420	chr2:36388001-38073000	SBS3	1	1	2	0	0	0	0	0	0	0	0
1421	chr2:38181001-46009000	SBS1	1	1	2	0	0	0	0	0	0	0	0
1422	chr2:38181001-46009000	SBS100	1	1	1	0	0	0	0	0	0	0	0
1423	chr2:38181001-46009000	SBS18	1	1	1	0	0	0	0	0	0	0	0
1424	chr2:38181001-46009000	SBS3	1	1	11	0	0	0	0	0	0	0	0
1425	chr2:38181001-46009000	SBS5	1	1	2	0	0	0	0	0	0	0	0
1426	chr2:46009001-46064000	SBS3	2	1	1	0	0	0	0	0	0	0	0
1427	chr2:46064001-46267000	SBS18	1	1	1	0	0	0	0	0	0	0	0
1428	chr2:46340001-48608000	SBS1	1	1	1	0	0	0	0	0	0	0	0
1429	chr2:46340001-48608000	SBS3	1	1	3	0	0	0	0	0	0	0	0
1430	chr2:46340001-48608000	SBS5	1	1	1	0	0	0	0	0	0	0	0
1431	chr2:48608001-49610000	SBS3	1	1	4	0	0	0	0	0	0	0	0
1432	chr2:4932001-5489000	SBS18	1	1	1	0	0	0	0	0	0	0	0
1433	chr2:50148001-54551000	SBS100	1	1	1	0	0	0	0	0	0	0	0
1434	chr2:50148001-54551000	SBS3	1	1	8	0	0	0	0	0	0	0	0
1435	chr2:50148001-54551000	SBS5	1	1	1	0	0	0	0	0	0	0	0
1436	chr2:54593001-54935000	SBS5	1	1	1	0	0	0	0	0	0	0	0
1437	chr2:5489001-6854000	SBS100	1	1	1	0	0	0	0	0	0	0	0
1438	chr2:5489001-6854000	SBS3	1	1	5	0	0	0	0	0	0	0	0
1439	chr2:55054001-60871000	SBS100	1	1	1	0	0	0	0	0	0	0	0
1440	chr2:55054001-60871000	SBS18	1	1	1	0	0	0	0	0	0	0	0
1441	chr2:55054001-60871000	SBS3	1	1	8	0	0	0	0	0	0	0	0
1442	chr2:55054001-60871000	SBS5	1	1	2	0	0	0	0	0	0	0	0
1443	chr2:61022001-65223000	SBS1	1	1	2	0	0	0	0	0	0	0	0
1444	chr2:61022001-65223000	SBS100	1	1	1	0	0	0	0	0	0	0	0
1445	chr2:61022001-65223000	SBS18	1	1	1	0	0	0	0	0	0	0	0
1446	chr2:61022001-65223000	SBS3	1	1	7	0	0	0	0	0	0	0	0
1447	chr2:61022001-65223000	SBS5	1	1	2	0	0	0	0	0	0	0	0
1448	chr2:65223001-65440000	SBS3	2	1	1	0	0	0	0	0	0	0	0
1449	chr2:65645001-68154000	SBS18	1	1	1	0	0	0	0	0	0	0	0
1450	chr2:65645001-68154000	SBS3	1	1	8	0	0	0	0	0	0	0	0
1451	chr2:68294001-69307000	SBS3	1	1	3	0	0	0	0	0	0	0	0
1452	chr2:6854001-11457000	SBS1	1	1	2	0	0	0	0	0	0	0	0
1453	chr2:6854001-11457000	SBS100	1	1	1	0	0	0	0	0	0	0	0
1454	chr2:6854001-11457000	SBS3	1	1	6	0	0	0	0	0	0	0	0
1455	chr2:69307001-70307000	SBS1	1	1	2	0	0	0	0	0	0	0	0
1456	chr2:69307001-70307000	SBS3	1	1	3	0	0	0	0	0	0	0	0
1457	chr2:69307001-70307000	SBS5	1	1	1	0	0	0	0	0	0	0	0
1458	chr2:70307001-70854000	SBS3	1	1	2	0	0	0	0	0	0	0	0
1459	chr2:70854001-74831000	SBS18	1	1	1	0	0	0	0	0	0	0	0
1460	chr2:70854001-74831000	SBS3	1	1	4	0	0	0	0	0	0	0	0
1461	chr2:70854001-74831000	SBS5	1	1	1	0	0	0	0	0	0	0	0
1462	chr2:74963001-75721000	SBS3	1	1	2	0	0	0	0	0	0	0	0
1463	chr2:75721001-76186000	SBS100	1	1	1	0	0	0	0	0	0	0	0
1464	chr2:75721001-76186000	SBS18	1	1	1	0	0	0	0	0	0	0	0
1465	chr2:76400001-78615335	SBS18	1	1	1	0	0	0	0	0	0	0	0
1466	chr2:76400001-78615335	SBS3	1	1	5	0	0	0	0	0	0	0	0
1467	chr2:78615507-78696916	SBS3	1	1	1	0	0	0	0	0	0	0	0
1468	chr2:78696949-84880000	SBS18	1	1	2	0	0	0	0	0	0	0	0
1469	chr2:78696949-84880000	SBS3	1	1	14	0	0	0	0	0	0	0	0
1470	chr2:78696949-84880000	SBS5	1	1	1	0	0	0	0	0	0	0	0
1471	chr2:84880001-93139350	SBS1	1	1	1	0	0	0	0	0	0	0	0
1472	chr2:84880001-93139350	SBS18	1	1	1	0	0	0	0	0	0	0	0
1473	chr2:84880001-93139350	SBS3	1	1	7	0	0	0	0	0	0	0	0
1474	chr2:93139351-96135000	SBS100	1	1	1	0	0	0	0	0	0	0	0
1475	chr2:93139351-96135000	SBS3	1	1	1	0	0	0	0	0	0	0	0
1476	chr2:96135001-96935000	SBS3	1	1	1	0	0	0	0	0	0	0	0
1477	chr2:96935001-105288000	SBS100	1	1	1	0	0	0	0	0	0	0	0
1478	chr2:96935001-105288000	SBS18	1	1	1	0	0	0	0	0	0	0	0
1479	chr2:96935001-105288000	SBS3	1	1	12	0	0	0	0	0	0	0	0
1480	chr3:1-4301000	SBS1	1	0	2	0	0	0	0	0	0	0	0
1481	chr3:1-4301000	SBS100	1	0	2	0	0	0	0	0	0	0	0
1482	chr3:1-4301000	SBS18	1	0	3	0	0	0	0	0	0	0	0
1483	chr3:1-4301000	SBS3	1	0	5	0	0	0	0	0	0	0	0
1484	chr3:1-4301000	SBS5	1	0	1	0	0	0	0	0	0	0	0
1485	chr3:101777001-102242000	SBS100	2	1	0	1	0	0	0	0	0	0	0
1486	chr3:101777001-102242000	SBS18	2	1	0	1	0	0	0	0	0	0	0
1487	chr3:102242001-108701000	SBS1	1	1	2	0	0	0	0	0	0	0	0
1488	chr3:102242001-108701000	SBS18	1	1	2	0	0	0	0	0	0	0	0
1489	chr3:102242001-108701000	SBS3	1	1	12	0	0	0	0	0	0	0	0
1490	chr3:102242001-108701000	SBS5	1	1	2	0	0	0	0	0	0	0	0
1491	chr3:108701001-111958000	SBS100	1	1	1	0	0	0	0	0	0	0	0
1492	chr3:108701001-111958000	SBS3	1	1	14	0	0	0	0	0	0	0	0
1493	chr3:112512001-112694000	SBS3	1	1	1	0	0	0	0	0	0	0	0
1494	chr3:112978001-115179000	SBS3	1	1	1	0	0	0	0	0	0	0	0
1495	chr3:115952001-116933000	SBS3	1	1	1	0	0	0	0	0	0	0	0
1496	chr3:116933001-119454000	SBS1	1	1	1	0	0	0	0	0	0	0	0
1497	chr3:116933001-119454000	SBS100	1	1	1	0	0	0	0	0	0	0	0
1498	chr3:116933001-119454000	SBS18	1	1	2	0	0	0	0	0	0	0	0
1499	chr3:116933001-119454000	SBS3	1	1	7	0	0	0	0	0	0	0	0
1500	chr3:119454001-120818000	SBS1	1	1	1	0	0	0	0	0	0	0	0
1501	chr3:119454001-120818000	SBS3	1	1	1	0	0	0	0	0	0	0	0
1502	chr3:120941469-121428000	SBS3	1	1	1	0	0	0	0	0	0	0	0
1503	chr3:121428001-122291000	SBS1	1	1	1	0	0	0	0	0	0	0	0
1504	chr3:121428001-122291000	SBS3	1	1	1	0	0	0	0	0	0	0	0
1505	chr3:121428001-122291000	SBS5	1	1	1	0	0	0	0	0	0	0	0
1506	chr3:122291001-122687000	SBS3	1	1	1	0	0	0	0	0	0	0	0
1507	chr3:122687001-128319000	SBS1	1	1	2	0	0	0	0	0	0	0	0
1508	chr3:122687001-128319000	SBS18	1	1	1	0	0	0	0	0	0	0	0
1509	chr3:122687001-128319000	SBS3	1	1	15	0	0	0	0	0	0	0	0
1510	chr3:128319001-130041500	SBS1	1	1	3	0	0	0	0	0	0	0	0
1511	chr3:128319001-130041500	SBS100	1	1	1	0	0	0	0	0	0	0	0
1512	chr3:128319001-130041500	SBS3	1	1	6	0	0	0	0	0	0	0	0
1513	chr3:130041501-130660000	SBS100	1	1	1	0	0	0	0	0	0	0	0
1514	chr3:130041501-130660000	SBS3	1	1	2	0	0	0	0	0	0	0	0
1515	chr3:131528001-132242000	SBS100	1	1	1	0	0	0	0	0	0	0	0
1516	chr3:131528001-132242000	SBS18	1	1	1	0	0	0	0	0	0	0	0
1517	chr3:131528001-132242000	SBS3	1	1	2	0	0	0	0	0	0	0	0
1518	chr3:133470001-134547000	SBS3	1	1	3	0	0	0	0	0	0	0	0
1519	chr3:133470001-134547000	SBS5	1	1	1	0	0	0	0	0	0	0	0
1520	chr3:134547001-135888000	SBS18	1	1	1	0	0	0	0	0	0	0	0
1521	chr3:134547001-135888000	SBS3	1	1	6	0	0	0	0	0	0	0	0
1522	chr3:137023001-137926000	SBS3	1	1	2	0	0	0	0	0	0	0	0
1523	chr3:137926001-141820996	SBS1	1	1	1	0	0	0	0	0	0	0	0
1524	chr3:137926001-141820996	SBS100	1	1	2	0	0	0	0	0	0	0	0
1525	chr3:137926001-141820996	SBS18	1	1	2	0	0	0	0	0	0	0	0
1526	chr3:137926001-141820996	SBS3	1	1	8	0	0	0	0	0	0	0	0
1527	chr3:141820997-148457905	SBS1	1	0	1	0	0	0	0	0	0	0	0
1528	chr3:141820997-148457905	SBS18	1	0	1	0	0	0	0	0	0	0	0
1529	chr3:141820997-148457905	SBS3	1	0	9	0	0	0	0	0	0	0	0
1530	chr3:148457906-149367000	SBS3	1	1	2	0	0	0	0	0	0	0	0
1531	chr3:149408001-149976000	SBS3	1	1	1	0	0	0	0	0	0	0	0
1532	chr3:149976001-150120590	SBS1	1	1	1	0	0	0	0	0	0	0	0
1533	chr3:150178001-150721000	SBS3	1	1	1	0	0	0	0	0	0	0	0
1534	chr3:150775001-152197000	SBS3	1	1	3	0	0	0	0	0	0	0	0
1535	chr3:152197001-152475000	SBS3	2	1	1	0	0	0	0	0	0	0	0
1536	chr3:152475001-153184000	SBS18	1	1	1	0	0	0	0	0	0	0	0
1537	chr3:152475001-153184000	SBS3	1	1	1	0	0	0	0	0	0	0	0
1538	chr3:153184001-153999000	SBS1	1	1	1	0	0	0	0	0	0	0	0
1539	chr3:153184001-153999000	SBS3	1	1	7	0	0	0	0	0	0	0	0
1540	chr3:154338001-154940000	SBS1	1	1	1	0	0	0	0	0	0	0	0
1541	chr3:154338001-154940000	SBS3	1	1	2	0	0	0	0	0	0	0	0
1542	chr3:154940001-156508000	SBS100	1	1	1	0	0	0	0	0	0	0	0
1543	chr3:154940001-156508000	SBS18	1	1	2	0	0	0	0	0	0	0	0
1544	chr3:154940001-156508000	SBS3	1	1	1	0	0	0	0	0	0	0	0
1545	chr3:154940001-156508000	SBS5	1	1	1	0	0	0	0	0	0	0	0
1546	chr3:15596001-15868000	SBS3	2	0	0	1	0	0	0	0	0	0	0
1547	chr3:156508001-157179000	SBS3	1	1	4	0	0	0	0	0	0	0	0
1548	chr3:157179001-158090000	SBS18	1	1	1	0	0	0	0	0	0	0	0
1549	chr3:157179001-158090000	SBS3	1	1	1	0	0	0	0	0	0	0	0
1550	chr3:158090001-159271000	SBS3	1	1	5	0	0	0	0	0	0	0	0
1551	chr3:15868001-26384807	SBS100	1	0	1	0	0	0	0	0	0	0	0
1552	chr3:15868001-26384807	SBS18	1	0	3	0	0	0	0	0	0	0	0
1553	chr3:15868001-26384807	SBS3	1	0	13	0	0	0	0	0	0	0	0
1554	chr3:15868001-26384807	SBS5	1	0	2	0	0	0	0	0	0	0	0
1555	chr3:159760001-167677000	SBS1	1	1	1	0	0	0	0	0	0	0	0
1556	chr3:159760001-167677000	SBS18	1	1	4	0	0	0	0	0	0	0	0
1557	chr3:159760001-167677000	SBS3	1	1	16	0	0	0	0	0	0	0	0
1558	chr3:159760001-167677000	SBS5	1	1	3	0	0	0	0	0	0	0	0
1559	chr3:167755001-176845000	SBS1	1	1	1	0	0	0	0	0	0	0	0
1560	chr3:167755001-176845000	SBS100	1	1	1	0	0	0	0	0	0	0	0
1561	chr3:167755001-176845000	SBS18	1	1	1	0	0	0	0	0	0	0	0
1562	chr3:167755001-176845000	SBS3	1	1	21	0	0	0	0	0	0	0	0
1563	chr3:167755001-176845000	SBS5	1	1	1	0	0	0	0	0	0	0	0
1564	chr3:177677001-180273000	SBS3	1	1	4	0	0	0	0	0	0	0	0
1565	chr3:177677001-180273000	SBS5	1	1	1	0	0	0	0	0	0	0	0
1566	chr3:180314001-180999000	SBS3	1	1	1	0	0	0	0	0	0	0	0
1567	chr3:180999001-181684000	SBS3	1	1	3	0	0	0	0	0	0	0	0
1568	chr3:180999001-181684000	SBS5	1	1	1	0	0	0	0	0	0	0	0
1569	chr3:181684001-182066171	SBS3	1	1	1	0	0	0	0	0	0	0	0
1570	chr3:182066295-182414029	SBS100	1	1	1	0	0	0	0	0	0	0	0
1571	chr3:182066295-182414029	SBS3	1	1	1	0	0	0	0	0	0	0	0
1572	chr3:182494332-183966000	SBS18	1	1	2	0	0	0	0	0	0	0	0
1573	chr3:182494332-183966000	SBS3	1	1	9	0	0	0	0	0	0	0	0
1574	chr3:184020001-185924000	SBS18	1	1	1	0	0	0	0	0	0	0	0
1575	chr3:184020001-185924000	SBS3	1	1	5	0	0	0	0	0	0	0	0
1576	chr3:184020001-185924000	SBS5	1	1	1	0	0	0	0	0	0	0	0
1577	chr3:185948001-187608000	SBS1	1	1	1	0	0	0	0	0	0	0	0
1578	chr3:185948001-187608000	SBS5	1	1	1	0	0	0	0	0	0	0	0
1579	chr3:187608001-189316086	SBS1	1	1	1	0	0	0	0	0	0	0	0
1580	chr3:187608001-189316086	SBS3	1	1	3	0	0	0	0	0	0	0	0
1581	chr3:189316087-189317815	SBS3	1	0	4	0	0	0	0	0	0	0	0
1582	chr3:189316087-189317815	SBS5	1	0	2	0	0	0	0	0	0	0	0
1583	chr3:189317816-189968500	SBS100	1	1	1	0	0	0	0	0	0	0	0
1584	chr3:189317816-189968500	SBS5	1	1	1	0	0	0	0	0	0	0	0
1585	chr3:189968501-192563000	SBS18	1	1	1	0	0	0	0	0	0	0	0
1586	chr3:189968501-192563000	SBS3	1	1	2	0	0	0	0	0	0	0	0
1587	chr3:192654001-193549000	SBS100	1	1	1	0	0	0	0	0	0	0	0
1588	chr3:194173001-195896078	SBS1	1	1	1	0	0	0	0	0	0	0	0
1589	chr3:194173001-195896078	SBS3	1	1	3	0	0	0	0	0	0	0	0
1590	chr3:195918001-197569425	SBS1	1	1	1	0	0	0	0	0	0	0	0
1591	chr3:195918001-197569425	SBS100	1	1	1	0	0	0	0	0	0	0	0
1592	chr3:195918001-197569425	SBS3	1	1	6	0	0	0	0	0	0	0	0
1593	chr3:197569623-198295559	SBS3	1	1	1	0	0	0	0	0	0	0	0
1594	chr3:26384808-27286000	SBS100	1	0	1	0	0	0	0	0	0	0	0
1595	chr3:27486001-50589000	SBS18	1	0	4	0	0	0	0	0	0	0	0
1596	chr3:27486001-50589000	SBS3	1	0	31	0	0	0	0	0	0	0	0
1597	chr3:4301001-5318000	SBS1	1	0	1	0	0	0	0	0	0	0	0
1598	chr3:50622001-53129000	SBS18	1	0	1	0	0	0	0	0	0	0	0
1599	chr3:50622001-53129000	SBS3	1	0	5	0	0	0	0	0	0	0	0
1600	chr3:53172501-66395000	SBS100	1	0	1	0	0	0	0	0	0	0	0
1601	chr3:53172501-66395000	SBS3	1	0	11	0	0	0	0	0	0	0	0
1602	chr3:53172501-66395000	SBS5	1	0	2	0	0	0	0	0	0	0	0
1603	chr3:5318001-7207819	SBS18	1	0	1	0	0	0	0	0	0	0	0
1604	chr3:5318001-7207819	SBS3	1	0	1	0	0	0	0	0	0	0	0
1605	chr3:66395001-66504000	SBS18	2	0	0	1	0	0	0	0	0	0	0
1606	chr3:66504001-70957385	SBS1	1	0	1	0	0	0	0	0	0	0	0
1607	chr3:66504001-70957385	SBS3	1	0	10	0	0	0	0	0	0	0	0
1608	chr3:66504001-70957385	SBS5	1	0	2	0	0	0	0	0	0	0	0
1609	chr3:70961803-73102000	SBS3	1	0	4	0	0	0	0	0	0	0	0
1610	chr3:7246749-8440000	SBS3	1	0	1	0	0	0	0	0	0	0	0
1611	chr3:73102001-76599124	SBS3	1	0	12	0	0	0	0	0	0	0	0
1612	chr3:73102001-76599124	SBS5	1	0	1	0	0	0	0	0	0	0	0
1613	chr3:76599716-81146227	SBS100	1	0	1	0	0	0	0	0	0	0	0
1614	chr3:76599716-81146227	SBS18	1	0	1	0	0	0	0	0	0	0	0
1615	chr3:76599716-81146227	SBS3	1	0	5	0	0	0	0	0	0	0	0
1616	chr3:76599716-81146227	SBS5	1	0	1	0	0	0	0	0	0	0	0
1617	chr3:81146228-90199000	SBS100	1	1	1	0	0	0	0	0	0	0	0
1618	chr3:81146228-90199000	SBS3	1	1	20	0	0	0	0	0	0	0	0
1619	chr3:81146228-90199000	SBS5	1	1	2	0	0	0	0	0	0	0	0
1620	chr3:8532001-15596000	SBS100	1	0	1	0	0	0	0	0	0	0	0
1621	chr3:8532001-15596000	SBS3	1	0	10	0	0	0	0	0	0	0	0
1622	chr3:90199001-92214015	SBS100	1	1	1	0	0	0	0	0	0	0	0
1623	chr3:90199001-92214015	SBS18	1	1	2	0	0	0	0	0	0	0	0
1624	chr3:90199001-92214015	SBS3	1	1	27	0	0	0	0	0	0	0	0
1625	chr3:90199001-92214015	SBS5	1	1	2	0	0	0	0	0	0	0	0
1626	chr3:92214016-98056000	SBS18	1	1	2	0	0	0	0	0	0	0	0
1627	chr3:92214016-98056000	SBS3	1	1	9	0	0	0	0	0	0	0	0
1628	chr3:92214016-98056000	SBS5	1	1	1	0	0	0	0	0	0	0	0
1629	chr3:98056001-99808000	SBS1	1	1	1	0	0	0	0	0	0	0	0
1630	chr3:98056001-99808000	SBS18	1	1	2	0	0	0	0	0	0	0	0
1631	chr3:98056001-99808000	SBS3	1	1	4	0	0	0	0	0	0	0	0
1632	chr3:98056001-99808000	SBS5	1	1	1	0	0	0	0	0	0	0	0
1633	chr3:99808001-101777000	SBS1	1	1	1	0	0	0	0	0	0	0	0
1634	chr3:99808001-101777000	SBS100	1	1	1	0	0	0	0	0	0	0	0
1635	chr3:99808001-101777000	SBS18	1	1	1	0	0	0	0	0	0	0	0
1636	chr3:99808001-101777000	SBS3	1	1	4	0	0	0	0	0	0	0	0
1637	chr4:1-1677000	SBS18	1	1	1	0	0	0	0	0	0	0	0
1638	chr4:1-1677000	SBS3	1	1	1	0	0	0	0	0	0	0	0
1639	chr4:101368001-105547000	SBS3	1	1	8	0	0	0	0	0	0	0	0
1640	chr4:101368001-105547000	SBS5	1	1	2	0	0	0	0	0	0	0	0
1641	chr4:105547001-106373000	SBS5	2	1	1	0	0	0	0	0	0	0	0
1642	chr4:106373001-107621000	SBS1	1	1	1	0	0	0	0	0	0	0	0
1643	chr4:106373001-107621000	SBS18	1	1	1	0	0	0	0	0	0	0	0
1644	chr4:106373001-107621000	SBS3	1	1	3	0	0	0	0	0	0	0	0
1645	chr4:107621001-108720000	SBS1	1	1	1	0	0	0	0	0	0	0	0
1646	chr4:107621001-108720000	SBS3	1	1	4	0	0	0	0	0	0	0	0
1647	chr4:108720001-110761995	SBS100	1	1	1	0	0	0	0	0	0	0	0
1648	chr4:108720001-110761995	SBS3	1	1	10	0	0	0	0	0	0	0	0
1649	chr4:108720001-110761995	SBS5	1	1	2	0	0	0	0	0	0	0	0
1650	chr4:110761996-111177000	SBS18	2	1	1	0	0	0	0	0	0	0	0
1651	chr4:111221001-112084000	SBS3	2	1	2	2	0	0	0	0	0	0	0
1652	chr4:112664001-113546000	SBS1	2	1	1	0	0	0	0	0	0	0	0
1653	chr4:112664001-113546000	SBS3	2	1	0	1	0	0	0	0	0	0	0
1654	chr4:113787001-114596000	SBS3	2	1	3	1	0	0	0	0	0	0	0
1655	chr4:113787001-114596000	SBS5	2	1	1	0	0	0	0	0	0	0	0
1656	chr4:114596001-116210000	SBS18	2	1	1	0	0	0	0	0	0	0	0
1657	chr4:114596001-116210000	SBS3	2	1	2	3	0	0	0	0	0	0	0
1658	chr4:116210001-118216000	SBS3	2	1	1	2	0	0	0	0	0	0	0
1659	chr4:118216001-118740000	SBS18	2	1	1	0	0	0	0	0	0	0	0
1660	chr4:118216001-118740000	SBS3	2	1	1	0	0	0	0	0	0	0	0
1661	chr4:118740001-118839000	SBS3	3	1	1	0	0	0	0	0	0	0	0
1662	chr4:118839001-121275000	SBS1	2	1	0	1	0	0	0	0	0	0	0
1663	chr4:118839001-121275000	SBS3	2	1	5	1	0	0	0	0	0	0	0
1664	chr4:121275001-121647000	SBS1	2	1	1	0	0	0	0	0	0	0	0
1665	chr4:121647001-121907000	SBS3	2	1	1	0	0	0	0	0	0	0	0
1666	chr4:121907001-122141000	SBS3	2	1	1	0	0	0	0	0	0	0	0
1667	chr4:121907001-122141000	SBS5	2	1	0	1	0	0	0	0	0	0	0
1668	chr4:122141001-122354000	SBS3	2	1	1	0	0	0	0	0	0	0	0
1669	chr4:122354001-122572000	SBS18	2	1	1	0	0	0	0	0	0	0	0
1670	chr4:122354001-122572000	SBS3	2	1	1	0	0	0	0	0	0	0	0
1671	chr4:122572001-125835100	SBS3	2	1	5	0	0	0	0	0	0	0	0
1672	chr4:125835133-126225041	SBS3	2	1	1	0	0	0	0	0	0	0	0
1673	chr4:126225157-128216500	SBS18	2	1	0	1	0	0	0	0	0	0	0
1674	chr4:126225157-128216500	SBS3	2	1	3	1	0	0	0	0	0	0	0
1675	chr4:128294001-138859000	SBS1	2	1	0	1	0	0	0	0	0	0	0
1676	chr4:128294001-138859000	SBS100	2	1	4	1	0	0	0	0	0	0	0
1677	chr4:128294001-138859000	SBS18	2	1	1	0	0	0	0	0	0	0	0
1678	chr4:128294001-138859000	SBS3	2	1	12	9	0	0	0	0	0	0	0
1679	chr4:128294001-138859000	SBS5	2	1	2	0	0	0	0	0	0	0	0
1680	chr4:13383995-16297000	SBS1	1	1	1	0	0	0	0	0	0	0	0
1681	chr4:13383995-16297000	SBS100	1	1	2	0	0	0	0	0	0	0	0
1682	chr4:13383995-16297000	SBS18	1	1	1	0	0	0	0	0	0	0	0
1683	chr4:13383995-16297000	SBS3	1	1	6	0	0	0	0	0	0	0	0
1684	chr4:138859001-140634000	SBS100	2	1	1	0	0	0	0	0	0	0	0
1685	chr4:138859001-140634000	SBS3	2	1	0	2	0	0	0	0	0	0	0
1686	chr4:138859001-140634000	SBS5	2	1	0	1	0	0	0	0	0	0	0
1687	chr4:140766001-142350000	SBS18	2	1	0	1	0	0	0	0	0	0	0
1688	chr4:140766001-142350000	SBS3	2	1	1	0	0	0	0	0	0	0	0
1689	chr4:142617001-143176500	SBS3	2	1	4	1	0	0	0	0	0	0	0
1690	chr4:142617001-143176500	SBS5	2	1	1	0	0	0	0	0	0	0	0
1691	chr4:143220001-143332000	SBS3	2	1	1	0	0	0	0	0	0	0	0
1692	chr4:143332001-143398000	SBS3	3	2	3	0	0	0	0	0	0	0	0
1693	chr4:143398001-146526000	SBS1	2	1	2	0	0	0	0	0	0	0	0
1694	chr4:143398001-146526000	SBS18	2	1	1	0	0	0	0	0	0	0	0
1695	chr4:143398001-146526000	SBS3	2	1	12	0	0	0	0	0	0	0	0
1696	chr4:146526001-146823000	SBS3	2	1	0	1	0	0	0	0	0	0	0
1697	chr4:146823001-151765000	SBS1	2	1	0	2	0	0	0	0	0	0	0
1698	chr4:146823001-151765000	SBS18	2	1	2	0	0	0	0	0	0	0	0
1699	chr4:146823001-151765000	SBS3	2	1	8	2	0	0	0	0	0	0	0
1700	chr4:146823001-151765000	SBS5	2	1	1	0	0	0	0	0	0	0	0
1701	chr4:151765001-152300000	SBS3	2	1	2	0	0	0	0	0	0	0	0
1702	chr4:152300001-153583000	SBS1	2	1	1	0	0	0	0	0	0	0	0
1703	chr4:152300001-153583000	SBS100	2	1	0	1	0	0	0	0	0	0	0
1704	chr4:152300001-153583000	SBS3	2	1	3	0	0	0	0	0	0	0	0
1705	chr4:153807001-154497000	SBS1	2	1	0	1	0	0	0	0	0	0	0
1706	chr4:153807001-154497000	SBS3	2	1	0	2	0	0	0	0	0	0	0
1707	chr4:154631001-155346000	SBS3	2	1	3	1	0	0	0	0	0	0	0
1708	chr4:155346001-158273000	SBS1	2	1	1	0	0	0	0	0	0	0	0
1709	chr4:155346001-158273000	SBS18	2	1	1	0	0	0	0	0	0	0	0
1710	chr4:155346001-158273000	SBS3	2	1	4	5	0	0	0	0	0	0	0
1711	chr4:158273001-158662000	SBS3	2	1	1	0	0	0	0	0	0	0	0
1712	chr4:158866001-162636000	SBS3	2	1	7	2	0	0	0	0	0	0	0
1713	chr4:162636001-163562000	SBS3	2	1	4	0	0	0	0	0	0	0	0
1714	chr4:162636001-163562000	SBS5	2	1	1	0	0	0	0	0	0	0	0
1715	chr4:16297001-17446000	SBS18	1	1	1	0	0	0	0	0	0	0	0
1716	chr4:16297001-17446000	SBS3	1	1	8	0	0	0	0	0	0	0	0
1717	chr4:163562001-164728000	SBS18	2	1	1	1	0	0	0	0	0	0	0
1718	chr4:163562001-164728000	SBS3	2	1	2	2	0	0	0	0	0	0	0
1719	chr4:164728001-165082000	SBS3	2	1	3	1	0	0	0	0	0	0	0
1720	chr4:165082001-166097000	SBS3	2	1	2	2	0	0	0	0	0	0	0
1721	chr4:165082001-166097000	SBS5	2	1	1	0	0	0	0	0	0	0	0
1722	chr4:166097001-168015000	SBS3	2	1	3	1	0	0	0	0	0	0	0
1723	chr4:166097001-168015000	SBS5	2	1	0	1	0	0	0	0	0	0	0
1724	chr4:1677001-3566500	SBS3	1	1	1	0	0	0	0	0	0	0	0
1725	chr4:1677001-3566500	SBS5	1	1	1	0	0	0	0	0	0	0	0
1726	chr4:168015001-168472000	SBS3	2	1	0	1	0	0	0	0	0	0	0
1727	chr4:168472001-169771000	SBS3	2	1	3	0	0	0	0	0	0	0	0
1728	chr4:169771001-170160000	SBS3	2	1	2	0	0	0	0	0	0	0	0
1729	chr4:170160001-170844000	SBS3	2	1	1	0	0	0	0	0	0	0	0
1730	chr4:170844001-173001000	SBS3	2	1	2	4	0	0	0	0	0	0	0
1731	chr4:173001001-173426000	SBS3	2	1	2	0	0	0	0	0	0	0	0
1732	chr4:173547001-174215000	SBS3	2	1	3	2	0	0	0	0	0	0	0
1733	chr4:174357486-186076000	SBS1	1	0	1	0	0	0	0	0	0	0	0
1734	chr4:174357486-186076000	SBS100	1	0	2	0	0	0	0	0	0	0	0
1735	chr4:174357486-186076000	SBS18	1	0	2	0	0	0	0	0	0	0	0
1736	chr4:174357486-186076000	SBS3	1	0	25	0	0	0	0	0	0	0	0
1737	chr4:174357486-186076000	SBS5	1	0	1	0	0	0	0	0	0	0	0
1738	chr4:17446001-18035000	SBS100	1	1	1	0	0	0	0	0	0	0	0
1739	chr4:18035001-20681000	SBS1	1	1	1	0	0	0	0	0	0	0	0
1740	chr4:18035001-20681000	SBS100	1	1	1	0	0	0	0	0	0	0	0
1741	chr4:18035001-20681000	SBS3	1	1	6	0	0	0	0	0	0	0	0
1742	chr4:186076001-190214555	SBS1	1	0	1	0	0	0	0	0	0	0	0
1743	chr4:186076001-190214555	SBS18	1	0	3	0	0	0	0	0	0	0	0
1744	chr4:186076001-190214555	SBS3	1	0	12	0	0	0	0	0	0	0	0
1745	chr4:186076001-190214555	SBS5	1	0	3	0	0	0	0	0	0	0	0
1746	chr4:20779001-22341000	SBS3	1	1	2	0	0	0	0	0	0	0	0
1747	chr4:22532001-24504000	SBS1	1	1	1	0	0	0	0	0	0	0	0
1748	chr4:22532001-24504000	SBS100	1	1	1	0	0	0	0	0	0	0	0
1749	chr4:22532001-24504000	SBS18	1	1	2	0	0	0	0	0	0	0	0
1750	chr4:22532001-24504000	SBS3	1	1	9	0	0	0	0	0	0	0	0
1751	chr4:24603001-26239344	SBS3	1	1	2	0	0	0	0	0	0	0	0
1752	chr4:24603001-26239344	SBS5	1	1	1	0	0	0	0	0	0	0	0
1753	chr4:26436001-28210000	SBS3	1	1	4	0	0	0	0	0	0	0	0
1754	chr4:28785001-30407431	SBS18	1	1	1	0	0	0	0	0	0	0	0
1755	chr4:28785001-30407431	SBS3	1	1	4	0	0	0	0	0	0	0	0
1756	chr4:28785001-30407431	SBS5	1	1	1	0	0	0	0	0	0	0	0
1757	chr4:30407497-36405000	SBS1	1	1	1	0	0	0	0	0	0	0	0
1758	chr4:30407497-36405000	SBS100	1	1	1	0	0	0	0	0	0	0	0
1759	chr4:30407497-36405000	SBS3	1	1	18	0	0	0	0	0	0	0	0
1760	chr4:30407497-36405000	SBS5	1	1	1	0	0	0	0	0	0	0	0
1761	chr4:3566501-6620500	SBS1	1	1	1	0	0	0	0	0	0	0	0
1762	chr4:3566501-6620500	SBS3	1	1	5	0	0	0	0	0	0	0	0
1763	chr4:36405001-37374000	SBS3	1	1	2	0	0	0	0	0	0	0	0
1764	chr4:37374001-38485528	SBS18	1	1	1	0	0	0	0	0	0	0	0
1765	chr4:37374001-38485528	SBS3	1	1	1	0	0	0	0	0	0	0	0
1766	chr4:38485565-40148000	SBS100	1	1	1	0	0	0	0	0	0	0	0
1767	chr4:38485565-40148000	SBS3	1	1	2	0	0	0	0	0	0	0	0
1768	chr4:38485565-40148000	SBS5	1	1	1	0	0	0	0	0	0	0	0
1769	chr4:41219001-41697000	SBS3	1	1	1	0	0	0	0	0	0	0	0
1770	chr4:41697001-41929000	SBS3	1	1	1	0	0	0	0	0	0	0	0
1771	chr4:42100001-44672000	SBS18	1	1	1	0	0	0	0	0	0	0	0
1772	chr4:42100001-44672000	SBS3	1	1	7	0	0	0	0	0	0	0	0
1773	chr4:44730001-47822000	SBS18	1	1	1	0	0	0	0	0	0	0	0
1774	chr4:44730001-47822000	SBS3	1	1	6	0	0	0	0	0	0	0	0
1775	chr4:47822001-49012538	SBS3	1	1	2	0	0	0	0	0	0	0	0
1776	chr4:49013332-50726025	SBS3	1	1	3	0	0	0	0	0	0	0	0
1777	chr4:50726026-53364000	SBS3	1	1	1	0	0	0	0	0	0	0	0
1778	chr4:53364001-53708000	SBS3	1	1	1	0	0	0	0	0	0	0	0
1779	chr4:53708001-55086453	SBS3	1	1	5	0	0	0	0	0	0	0	0
1780	chr4:55309001-55557000	SBS3	1	1	1	0	0	0	0	0	0	0	0
1781	chr4:56384001-56507000	SBS3	1	1	2	0	0	0	0	0	0	0	0
1782	chr4:56507001-60994075	SBS1	1	1	1	0	0	0	0	0	0	0	0
1783	chr4:56507001-60994075	SBS100	1	1	2	0	0	0	0	0	0	0	0
1784	chr4:56507001-60994075	SBS3	1	1	12	0	0	0	0	0	0	0	0
1785	chr4:60994076-60994094	SBS3	1	0	2	0	0	0	0	0	0	0	0
1786	chr4:60994095-67425000	SBS1	1	1	3	0	0	0	0	0	0	0	0
1787	chr4:60994095-67425000	SBS100	1	1	1	0	0	0	0	0	0	0	0
1788	chr4:60994095-67425000	SBS18	1	1	1	0	0	0	0	0	0	0	0
1789	chr4:60994095-67425000	SBS3	1	1	11	0	0	0	0	0	0	0	0
1790	chr4:60994095-67425000	SBS5	1	1	3	0	0	0	0	0	0	0	0
1791	chr4:67425001-70287500	SBS100	1	1	1	0	0	0	0	0	0	0	0
1792	chr4:67425001-70287500	SBS18	1	1	1	0	0	0	0	0	0	0	0
1793	chr4:67425001-70287500	SBS3	1	1	11	0	0	0	0	0	0	0	0
1794	chr4:67425001-70287500	SBS5	1	1	1	0	0	0	0	0	0	0	0
1795	chr4:70486001-71078000	SBS18	1	1	1	0	0	0	0	0	0	0	0
1796	chr4:70486001-71078000	SBS3	1	1	1	0	0	0	0	0	0	0	0
1797	chr4:7106001-7758000	SBS1	1	1	1	0	0	0	0	0	0	0	0
1798	chr4:7106001-7758000	SBS3	1	1	2	0	0	0	0	0	0	0	0
1799	chr4:71430694-73063000	SBS18	1	1	1	0	0	0	0	0	0	0	0
1800	chr4:71430694-73063000	SBS3	1	1	1	0	0	0	0	0	0	0	0
1801	chr4:73268001-74086000	SBS3	1	1	1	0	0	0	0	0	0	0	0
1802	chr4:74681001-76179000	SBS100	1	1	1	0	0	0	0	0	0	0	0
1803	chr4:74681001-76179000	SBS3	1	1	4	0	0	0	0	0	0	0	0
1804	chr4:77213001-82339000	SBS1	1	1	3	0	0	0	0	0	0	0	0
1805	chr4:77213001-82339000	SBS18	1	1	3	0	0	0	0	0	0	0	0
1806	chr4:77213001-82339000	SBS3	1	1	10	0	0	0	0	0	0	0	0
1807	chr4:77213001-82339000	SBS5	1	1	1	0	0	0	0	0	0	0	0
1808	chr4:8016001-13383956	SBS1	1	1	3	0	0	0	0	0	0	0	0
1809	chr4:8016001-13383956	SBS100	1	1	1	0	0	0	0	0	0	0	0
1810	chr4:8016001-13383956	SBS18	1	1	2	0	0	0	0	0	0	0	0
1811	chr4:8016001-13383956	SBS3	1	1	15	0	0	0	0	0	0	0	0
1812	chr4:8016001-13383956	SBS5	1	1	2	0	0	0	0	0	0	0	0
1813	chr4:82563001-86827000	SBS3	1	1	2	0	0	0	0	0	0	0	0
1814	chr4:87133001-94376646	SBS100	1	1	1	0	0	0	0	0	0	0	0
1815	chr4:87133001-94376646	SBS18	1	1	1	0	0	0	0	0	0	0	0
1816	chr4:87133001-94376646	SBS3	1	1	15	0	0	0	0	0	0	0	0
1817	chr4:87133001-94376646	SBS5	1	1	1	0	0	0	0	0	0	0	0
1818	chr4:95195001-98993500	SBS3	1	1	6	0	0	0	0	0	0	0	0
1819	chr4:95195001-98993500	SBS5	1	1	2	0	0	0	0	0	0	0	0
1820	chr4:99093001-101085000	SBS18	1	1	1	0	0	0	0	0	0	0	0
1821	chr4:99093001-101085000	SBS3	1	1	1	0	0	0	0	0	0	0	0
1822	chr4:99093001-101085000	SBS5	1	1	1	0	0	0	0	0	0	0	0
1823	chr5:1-2813000	SBS1	1	1	1	0	0	0	0	0	0	0	0
1824	chr5:1-2813000	SBS100	1	1	1	0	0	0	0	0	0	0	0
1825	chr5:1-2813000	SBS18	1	1	1	0	0	0	0	0	0	0	0
1826	chr5:1-2813000	SBS3	1	1	8	0	0	0	0	0	0	0	0
1827	chr5:10472001-32092000	SBS1	1	1	5	0	0	0	0	0	0	0	0
1828	chr5:10472001-32092000	SBS100	1	1	6	0	0	0	0	0	0	0	0
1829	chr5:10472001-32092000	SBS18	1	1	5	0	0	0	0	0	0	0	0
1830	chr5:10472001-32092000	SBS3	1	1	42	0	0	0	0	0	0	0	0
1831	chr5:10472001-32092000	SBS5	1	1	2	0	0	0	0	0	0	0	0
1832	chr5:110111001-111666000	SBS1	1	1	1	0	0	0	0	0	0	0	0
1833	chr5:110111001-111666000	SBS3	1	1	5	0	0	0	0	0	0	0	0
1834	chr5:112142001-114474000	SBS100	1	1	1	0	0	0	0	0	0	0	0
1835	chr5:112142001-114474000	SBS3	1	1	3	0	0	0	0	0	0	0	0
1836	chr5:114474001-115042000	SBS3	1	1	4	0	0	0	0	0	0	0	0
1837	chr5:115866001-128641815	SBS1	1	1	2	0	0	0	0	0	0	0	0
1838	chr5:115866001-128641815	SBS100	1	1	3	0	0	0	0	0	0	0	0
1839	chr5:115866001-128641815	SBS18	1	1	2	0	0	0	0	0	0	0	0
1840	chr5:115866001-128641815	SBS3	1	1	22	0	0	0	0	0	0	0	0
1841	chr5:129147501-131159000	SBS3	1	1	3	0	0	0	0	0	0	0	0
1842	chr5:131813001-132367000	SBS18	1	1	1	0	0	0	0	0	0	0	0
1843	chr5:131813001-132367000	SBS3	1	1	2	0	0	0	0	0	0	0	0
1844	chr5:132367001-132510000	SBS3	2	1	4	0	0	0	0	0	0	0	0
1845	chr5:132510001-138328000	SBS100	1	1	1	0	0	0	0	0	0	0	0
1846	chr5:132510001-138328000	SBS18	1	1	2	0	0	0	0	0	0	0	0
1847	chr5:132510001-138328000	SBS3	1	1	7	0	0	0	0	0	0	0	0
1848	chr5:132510001-138328000	SBS5	1	1	3	0	0	0	0	0	0	0	0
1849	chr5:138328001-139714000	SBS3	1	1	4	0	0	0	0	0	0	0	0
1850	chr5:138328001-139714000	SBS5	1	1	1	0	0	0	0	0	0	0	0
1851	chr5:139714001-140102000	SBS18	1	1	1	0	0	0	0	0	0	0	0
1852	chr5:140739001-141506000	SBS3	1	1	3	0	0	0	0	0	0	0	0
1853	chr5:141506001-144209000	SBS18	1	1	2	0	0	0	0	0	0	0	0
1854	chr5:141506001-144209000	SBS3	1	1	2	0	0	0	0	0	0	0	0
1855	chr5:144209001-145421500	SBS3	1	1	3	0	0	0	0	0	0	0	0
1856	chr5:145421501-146547000	SBS1	1	1	1	0	0	0	0	0	0	0	0
1857	chr5:145421501-146547000	SBS18	1	1	1	0	0	0	0	0	0	0	0
1858	chr5:145421501-146547000	SBS3	1	1	1	0	0	0	0	0	0	0	0
1859	chr5:146547001-147806000	SBS1	1	1	1	0	0	0	0	0	0	0	0
1860	chr5:146547001-147806000	SBS18	1	1	1	0	0	0	0	0	0	0	0
1861	chr5:146547001-147806000	SBS3	1	1	3	0	0	0	0	0	0	0	0
1862	chr5:147806001-149425000	SBS3	1	1	1	0	0	0	0	0	0	0	0
1863	chr5:149619001-151828000	SBS3	1	1	8	0	0	0	0	0	0	0	0
1864	chr5:151828001-152267000	SBS100	1	1	1	0	0	0	0	0	0	0	0
1865	chr5:152267001-152361000	SBS3	1	1	1	0	0	0	0	0	0	0	0
1866	chr5:152361001-153963000	SBS3	1	1	3	0	0	0	0	0	0	0	0
1867	chr5:153963001-154676000	SBS18	1	1	1	0	0	0	0	0	0	0	0
1868	chr5:154872001-157922000	SBS1	1	1	1	0	0	0	0	0	0	0	0
1869	chr5:154872001-157922000	SBS100	1	1	1	0	0	0	0	0	0	0	0
1870	chr5:154872001-157922000	SBS18	1	1	1	0	0	0	0	0	0	0	0
1871	chr5:154872001-157922000	SBS3	1	1	10	0	0	0	0	0	0	0	0
1872	chr5:157922001-159985000	SBS18	1	1	1	0	0	0	0	0	0	0	0
1873	chr5:157922001-159985000	SBS3	1	1	6	0	0	0	0	0	0	0	0
1874	chr5:157922001-159985000	SBS5	1	1	1	0	0	0	0	0	0	0	0
1875	chr5:159985001-160489000	SBS3	1	1	1	0	0	0	0	0	0	0	0
1876	chr5:160489001-161161609	SBS3	1	1	3	0	0	0	0	0	0	0	0
1877	chr5:161161735-162206000	SBS1	1	1	1	0	0	0	0	0	0	0	0
1878	chr5:161161735-162206000	SBS18	1	1	1	0	0	0	0	0	0	0	0
1879	chr5:161161735-162206000	SBS3	1	1	1	0	0	0	0	0	0	0	0
1880	chr5:162358888-168268000	SBS1	1	1	2	0	0	0	0	0	0	0	0
1881	chr5:162358888-168268000	SBS3	1	1	11	0	0	0	0	0	0	0	0
1882	chr5:162358888-168268000	SBS5	1	1	2	0	0	0	0	0	0	0	0
1883	chr5:168702001-171861000	SBS1	1	1	1	0	0	0	0	0	0	0	0
1884	chr5:168702001-171861000	SBS100	1	1	1	0	0	0	0	0	0	0	0
1885	chr5:168702001-171861000	SBS18	1	1	2	0	0	0	0	0	0	0	0
1886	chr5:168702001-171861000	SBS3	1	1	7	0	0	0	0	0	0	0	0
1887	chr5:171861001-174801000	SBS1	1	1	1	0	0	0	0	0	0	0	0
1888	chr5:171861001-174801000	SBS3	1	1	6	0	0	0	0	0	0	0	0
1889	chr5:174801001-176346000	SBS1	1	1	1	0	0	0	0	0	0	0	0
1890	chr5:174801001-176346000	SBS3	1	1	3	0	0	0	0	0	0	0	0
1891	chr5:174801001-176346000	SBS5	1	1	3	0	0	0	0	0	0	0	0
1892	chr5:176346001-178242000	SBS100	1	1	1	0	0	0	0	0	0	0	0
1893	chr5:176346001-178242000	SBS3	1	1	2	0	0	0	0	0	0	0	0
1894	chr5:178242001-179534000	SBS1	1	1	1	0	0	0	0	0	0	0	0
1895	chr5:178242001-179534000	SBS3	1	1	3	0	0	0	0	0	0	0	0
1896	chr5:179534001-180608000	SBS1	1	1	1	0	0	0	0	0	0	0	0
1897	chr5:179534001-180608000	SBS100	1	1	1	0	0	0	0	0	0	0	0
1898	chr5:179534001-180608000	SBS3	1	1	5	0	0	0	0	0	0	0	0
1899	chr5:180608001-181538259	SBS3	1	1	1	0	0	0	0	0	0	0	0
1900	chr5:2813001-6366000	SBS1	1	1	1	0	0	0	0	0	0	0	0
1901	chr5:2813001-6366000	SBS100	1	1	2	0	0	0	0	0	0	0	0
1902	chr5:2813001-6366000	SBS18	1	1	2	0	0	0	0	0	0	0	0
1903	chr5:2813001-6366000	SBS3	1	1	16	0	0	0	0	0	0	0	0
1904	chr5:32092001-37758000	SBS18	1	1	1	0	0	0	0	0	0	0	0
1905	chr5:32092001-37758000	SBS3	1	1	5	0	0	0	0	0	0	0	0
1906	chr5:37758001-40848000	SBS100	1	1	1	0	0	0	0	0	0	0	0
1907	chr5:37758001-40848000	SBS3	1	1	8	0	0	0	0	0	0	0	0
1908	chr5:37758001-40848000	SBS5	1	1	1	0	0	0	0	0	0	0	0
1909	chr5:41719001-44775688	SBS18	1	1	1	0	0	0	0	0	0	0	0
1910	chr5:41719001-44775688	SBS3	1	1	4	0	0	0	0	0	0	0	0
1911	chr5:41719001-44775688	SBS5	1	1	1	0	0	0	0	0	0	0	0
1912	chr5:44775769-45527000	SBS3	1	1	1	0	0	0	0	0	0	0	0
1913	chr5:45527001-48272853	SBS100	1	1	1	0	0	0	0	0	0	0	0
1914	chr5:45527001-48272853	SBS3	1	1	1	0	0	0	0	0	0	0	0
1915	chr5:45527001-48272853	SBS5	1	1	1	0	0	0	0	0	0	0	0
1916	chr5:50302001-53084000	SBS3	1	1	9	0	0	0	0	0	0	0	0
1917	chr5:53120001-54515000	SBS3	1	1	1	0	0	0	0	0	0	0	0
1918	chr5:54549001-55926000	SBS3	1	1	2	0	0	0	0	0	0	0	0
1919	chr5:55926001-56956000	SBS3	1	1	3	0	0	0	0	0	0	0	0
1920	chr5:56956001-58802000	SBS18	1	1	1	0	0	0	0	0	0	0	0
1921	chr5:56956001-58802000	SBS3	1	1	4	0	0	0	0	0	0	0	0
1922	chr5:58802001-59200078	SBS18	1	1	1	0	0	0	0	0	0	0	0
1923	chr5:58802001-59200078	SBS3	1	1	1	0	0	0	0	0	0	0	0
1924	chr5:59594001-59833000	SBS3	1	1	1	0	0	0	0	0	0	0	0
1925	chr5:59833001-60578000	SBS18	1	1	2	0	0	0	0	0	0	0	0
1926	chr5:59833001-60578000	SBS3	1	1	2	0	0	0	0	0	0	0	0
1927	chr5:60578001-61541000	SBS100	1	1	2	0	0	0	0	0	0	0	0
1928	chr5:60578001-61541000	SBS3	1	1	1	0	0	0	0	0	0	0	0
1929	chr5:61541001-62207000	SBS3	1	1	1	0	0	0	0	0	0	0	0
1930	chr5:62207001-62629000	SBS3	1	1	2	0	0	0	0	0	0	0	0
1931	chr5:62629001-64145000	SBS3	1	1	8	0	0	0	0	0	0	0	0
1932	chr5:6366001-6793000	SBS3	1	1	1	0	0	0	0	0	0	0	0
1933	chr5:64145001-67205000	SBS3	1	1	3	0	0	0	0	0	0	0	0
1934	chr5:64145001-67205000	SBS5	1	1	1	0	0	0	0	0	0	0	0
1935	chr5:67250501-68213000	SBS3	1	1	2	0	0	0	0	0	0	0	0
1936	chr5:68297001-79492000	SBS1	1	1	1	0	0	0	0	0	0	0	0
1937	chr5:68297001-79492000	SBS100	1	1	3	0	0	0	0	0	0	0	0
1938	chr5:68297001-79492000	SBS18	1	1	1	0	0	0	0	0	0	0	0
1939	chr5:68297001-79492000	SBS3	1	1	20	0	0	0	0	0	0	0	0
1940	chr5:68297001-79492000	SBS5	1	1	1	0	0	0	0	0	0	0	0
1941	chr5:7931001-10247000	SBS100	1	1	1	0	0	0	0	0	0	0	0
1942	chr5:7931001-10247000	SBS18	1	1	1	0	0	0	0	0	0	0	0
1943	chr5:7931001-10247000	SBS3	1	1	6	0	0	0	0	0	0	0	0
1944	chr5:80497001-84317500	SBS100	1	1	1	0	0	0	0	0	0	0	0
1945	chr5:80497001-84317500	SBS3	1	1	8	0	0	0	0	0	0	0	0
1946	chr5:84317501-87264000	SBS100	1	1	2	0	0	0	0	0	0	0	0
1947	chr5:84317501-87264000	SBS3	1	1	4	0	0	0	0	0	0	0	0
1948	chr5:87417001-89402119	SBS3	1	1	3	0	0	0	0	0	0	0	0
1949	chr5:87417001-89402119	SBS5	1	1	1	0	0	0	0	0	0	0	0
1950	chr5:89402404-95720000	SBS1	1	1	3	0	0	0	0	0	0	0	0
1951	chr5:89402404-95720000	SBS100	1	1	3	0	0	0	0	0	0	0	0
1952	chr5:89402404-95720000	SBS18	1	1	2	0	0	0	0	0	0	0	0
1953	chr5:89402404-95720000	SBS3	1	1	6	0	0	0	0	0	0	0	0
1954	chr5:97556001-98752500	SBS3	1	1	4	0	0	0	0	0	0	0	0
1955	chr5:98943001-110111000	SBS1	1	1	1	0	0	0	0	0	0	0	0
1956	chr5:98943001-110111000	SBS100	1	1	1	0	0	0	0	0	0	0	0
1957	chr5:98943001-110111000	SBS18	1	1	1	0	0	0	0	0	0	0	0
1958	chr5:98943001-110111000	SBS3	1	1	21	0	0	0	0	0	0	0	0
1959	chr6:100424749-108553366	SBS100	2	0	0	1	0	0	0	0	0	0	0
1960	chr6:100424749-108553366	SBS18	2	0	2	0	0	0	0	0	0	0	0
1961	chr6:100424749-108553366	SBS3	2	0	4	4	0	0	0	0	0	0	0
1962	chr6:110867135-114773000	SBS3	2	0	1	2	0	0	0	0	0	0	0
1963	chr6:114773001-115873000	SBS3	2	0	2	1	0	0	0	0	0	0	0
1964	chr6:115873001-116978000	SBS3	2	0	1	1	0	0	0	0	0	0	0
1965	chr6:117338001-117715000	SBS3	2	0	0	1	0	0	0	0	0	0	0
1966	chr6:119106001-122874000	SBS3	2	0	2	2	0	0	0	0	0	0	0
1967	chr6:122874001-124851000	SBS18	2	0	0	2	0	0	0	0	0	0	0
1968	chr6:122874001-124851000	SBS3	2	0	1	2	0	0	0	0	0	0	0
1969	chr6:124851001-126044000	SBS1	3	0	1	0	0	0	0	0	0	0	0
1970	chr6:124851001-126044000	SBS3	3	0	2	0	1	0	0	0	0	0	0
1971	chr6:124851001-126044000	SBS5	3	0	1	0	0	0	0	0	0	0	0
1972	chr6:126044001-127264000	SBS3	2	0	1	1	0	0	0	0	0	0	0
1973	chr6:126044001-127264000	SBS5	2	0	0	1	0	0	0	0	0	0	0
1974	chr6:127351001-128477500	SBS18	3	0	0	1	0	0	0	0	0	0	0
1975	chr6:127351001-128477500	SBS3	3	0	1	0	2	0	0	0	0	0	0
1976	chr6:128745001-129573500	SBS100	2	0	0	1	0	0	0	0	0	0	0
1977	chr6:130095001-130692000	SBS3	2	0	1	0	0	0	0	0	0	0	0
1978	chr6:130692001-131625000	SBS1	2	0	2	0	0	0	0	0	0	0	0
1979	chr6:130692001-131625000	SBS100	2	0	2	0	0	0	0	0	0	0	0
1980	chr6:130692001-131625000	SBS3	2	0	2	1	0	0	0	0	0	0	0
1981	chr6:131927001-132796000	SBS100	2	0	0	1	0	0	0	0	0	0	0
1982	chr6:131927001-132796000	SBS18	2	0	1	0	0	0	0	0	0	0	0
1983	chr6:131927001-132796000	SBS3	2	0	0	1	0	0	0	0	0	0	0
1984	chr6:132796001-132974000	SBS18	3	0	1	0	0	0	0	0	0	0	0
1985	chr6:133911001-145969000	SBS1	3	0	0	0	2	0	0	0	0	0	0
1986	chr6:133911001-145969000	SBS3	3	0	7	3	8	0	0	0	0	0	0
1987	chr6:145969001-147188000	SBS3	2	0	1	0	0	0	0	0	0	0	0
1988	chr6:145969001-147188000	SBS5	2	0	0	2	0	0	0	0	0	0	0
1989	chr6:147188001-147397000	SBS18	2	0	1	0	0	0	0	0	0	0	0
1990	chr6:147397001-148165000	SBS3	2	0	5	0	0	0	0	0	0	0	0
1991	chr6:148533001-149020000	SBS3	2	0	0	1	0	0	0	0	0	0	0
1992	chr6:149097001-149316000	SBS3	3	0	2	0	0	0	0	0	0	0	0
1993	chr6:149097001-149316000	SBS5	3	0	1	0	0	0	0	0	0	0	0
1994	chr6:149935001-151372000	SBS18	2	0	1	0	0	0	0	0	0	0	0
1995	chr6:149935001-151372000	SBS3	2	0	2	0	0	0	0	0	0	0	0
1996	chr6:149935001-151372000	SBS5	2	0	1	0	0	0	0	0	0	0	0
1997	chr6:151372001-151607000	SBS1	3	0	1	0	0	0	0	0	0	0	0
1998	chr6:152139001-152552000	SBS100	2	0	0	1	0	0	0	0	0	0	0
1999	chr6:152139001-152552000	SBS3	2	0	1	0	0	0	0	0	0	0	0
2000	chr6:152552001-152649000	SBS5	3	0	2	0	0	0	0	0	0	0	0
2001	chr6:152649001-154730000	SBS1	2	0	0	1	0	0	0	0	0	0	0
2002	chr6:152649001-154730000	SBS100	2	0	1	0	0	0	0	0	0	0	0
2003	chr6:152649001-154730000	SBS18	2	0	1	1	0	0	0	0	0	0	0
2004	chr6:152649001-154730000	SBS3	2	0	2	2	0	0	0	0	0	0	0
2005	chr6:154730001-154883000	SBS1	3	0	1	0	0	0	0	0	0	0	0
2006	chr6:154730001-154883000	SBS3	3	0	1	0	1	0	0	0	0	0	0
2007	chr6:154883001-155254797	SBS3	2	0	0	2	0	0	0	0	0	0	0
2008	chr6:155254857-155331000	SBS3	3	0	1	0	0	0	0	0	0	0	0
2009	chr6:155331001-156682000	SBS3	2	0	2	0	0	0	0	0	0	0	0
2010	chr6:156903410-159080167	SBS18	3	0	0	0	1	0	0	0	0	0	0
2011	chr6:156903410-159080167	SBS3	3	0	1	0	0	0	0	0	0	0	0
2012	chr6:159083218-160928000	SBS3	2	0	2	1	0	0	0	0	0	0	0
2013	chr6:161168001-163392000	SBS3	2	0	0	2	0	0	0	0	0	0	0
2014	chr6:163582001-167746000	SBS1	2	0	0	2	0	0	0	0	0	0	0
2015	chr6:163582001-167746000	SBS3	2	0	2	1	0	0	0	0	0	0	0
2016	chr6:163582001-167746000	SBS5	2	0	1	0	0	0	0	0	0	0	0
2017	chr6:167977001-169797000	SBS3	2	0	1	2	0	0	0	0	0	0	0
2018	chr6:169797001-170269000	SBS3	2	0	1	0	0	0	0	0	0	0	0
2019	chr6:170269001-170805979	SBS3	3	0	0	0	1	0	0	0	0	0	0
2020	chr6:59191911-63274000	SBS1	1	1	1	0	0	0	0	0	0	0	0
2021	chr6:59191911-63274000	SBS3	1	1	14	0	0	0	0	0	0	0	0
2022	chr6:63274001-73971560	SBS1	1	0	2	0	0	0	0	0	0	0	0
2023	chr6:63274001-73971560	SBS18	1	0	3	0	0	0	0	0	0	0	0
2024	chr6:63274001-73971560	SBS3	1	0	22	0	0	0	0	0	0	0	0
2025	chr6:73972882-100423790	SBS1	1	0	4	0	0	0	0	0	0	0	0
2026	chr6:73972882-100423790	SBS100	1	0	3	0	0	0	0	0	0	0	0
2027	chr6:73972882-100423790	SBS18	1	0	1	0	0	0	0	0	0	0	0
2028	chr6:73972882-100423790	SBS3	1	0	42	0	0	0	0	0	0	0	0
2029	chr6:73972882-100423790	SBS5	1	0	2	0	0	0	0	0	0	0	0
2030	chr7:1-7085000	SBS1	1	1	1	0	0	0	0	0	0	0	0
2031	chr7:1-7085000	SBS100	1	1	1	0	0	0	0	0	0	0	0
2032	chr7:1-7085000	SBS18	1	1	1	0	0	0	0	0	0	0	0
2033	chr7:1-7085000	SBS3	1	1	18	0	0	0	0	0	0	0	0
2034	chr7:100162001-103455000	SBS3	1	1	6	0	0	0	0	0	0	0	0
2035	chr7:103455001-104918000	SBS18	1	1	1	0	0	0	0	0	0	0	0
2036	chr7:103455001-104918000	SBS3	1	1	6	0	0	0	0	0	0	0	0
2037	chr7:104918001-105404000	SBS3	2	1	1	0	0	0	0	0	0	0	0
2038	chr7:105404001-118360000	SBS100	1	1	1	0	0	0	0	0	0	0	0
2039	chr7:105404001-118360000	SBS18	1	1	2	0	0	0	0	0	0	0	0
2040	chr7:105404001-118360000	SBS3	1	1	16	0	0	0	0	0	0	0	0
2041	chr7:105404001-118360000	SBS5	1	1	1	0	0	0	0	0	0	0	0
2042	chr7:10885001-16631000	SBS1	1	1	1	0	0	0	0	0	0	0	0
2043	chr7:10885001-16631000	SBS100	1	1	1	0	0	0	0	0	0	0	0
2044	chr7:10885001-16631000	SBS18	1	1	1	0	0	0	0	0	0	0	0
2045	chr7:10885001-16631000	SBS3	1	1	9	0	0	0	0	0	0	0	0
2046	chr7:10885001-16631000	SBS5	1	1	1	0	0	0	0	0	0	0	0
2047	chr7:118360001-120547000	SBS3	1	1	2	0	0	0	0	0	0	0	0
2048	chr7:118360001-120547000	SBS5	1	1	1	0	0	0	0	0	0	0	0
2049	chr7:120547001-120963000	SBS1	1	1	1	0	0	0	0	0	0	0	0
2050	chr7:120963001-122084000	SBS1	1	1	1	0	0	0	0	0	0	0	0
2051	chr7:120963001-122084000	SBS3	1	1	4	0	0	0	0	0	0	0	0
2052	chr7:122084001-123518000	SBS3	1	1	6	0	0	0	0	0	0	0	0
2053	chr7:122084001-123518000	SBS5	1	1	1	0	0	0	0	0	0	0	0
2054	chr7:123918001-127643000	SBS1	1	1	1	0	0	0	0	0	0	0	0
2055	chr7:123918001-127643000	SBS3	1	1	4	0	0	0	0	0	0	0	0
2056	chr7:127643001-131711000	SBS1	1	1	1	0	0	0	0	0	0	0	0
2057	chr7:127643001-131711000	SBS18	1	1	1	0	0	0	0	0	0	0	0
2058	chr7:127643001-131711000	SBS3	1	1	8	0	0	0	0	0	0	0	0
2059	chr7:127643001-131711000	SBS5	1	1	1	0	0	0	0	0	0	0	0
2060	chr7:131711001-132564000	SBS1	1	1	1	0	0	0	0	0	0	0	0
2061	chr7:132564001-134045000	SBS3	1	1	1	0	0	0	0	0	0	0	0
2062	chr7:132564001-134045000	SBS5	1	1	1	0	0	0	0	0	0	0	0
2063	chr7:134045001-135354000	SBS3	1	1	8	0	0	0	0	0	0	0	0
2064	chr7:136035001-137576000	SBS100	1	1	1	0	0	0	0	0	0	0	0
2065	chr7:136035001-137576000	SBS18	1	1	1	0	0	0	0	0	0	0	0
2066	chr7:136035001-137576000	SBS3	1	1	3	0	0	0	0	0	0	0	0
2067	chr7:137576001-137893000	SBS1	1	1	1	0	0	0	0	0	0	0	0
2068	chr7:138009001-141019000	SBS1	1	1	2	0	0	0	0	0	0	0	0
2069	chr7:138009001-141019000	SBS3	1	1	2	0	0	0	0	0	0	0	0
2070	chr7:141019001-141523000	SBS3	1	1	1	0	0	0	0	0	0	0	0
2071	chr7:141523001-141805000	SBS3	1	1	1	0	0	0	0	0	0	0	0
2072	chr7:141805001-142299000	SBS3	1	1	2	0	0	0	0	0	0	0	0
2073	chr7:142299001-142456000	SBS3	1	1	10	0	0	0	0	0	0	0	0
2074	chr7:142456001-142526000	SBS1	2	1	2	0	0	0	0	0	0	0	0
2075	chr7:142456001-142526000	SBS18	2	1	4	0	0	0	0	0	0	0	0
2076	chr7:142456001-142526000	SBS3	2	1	16	0	0	0	0	0	0	0	0
2077	chr7:142526001-144459000	SBS100	1	1	1	0	0	0	0	0	0	0	0
2078	chr7:142526001-144459000	SBS3	1	1	4	0	0	0	0	0	0	0	0
2079	chr7:144459001-146558000	SBS1	1	1	1	0	0	0	0	0	0	0	0
2080	chr7:144459001-146558000	SBS3	1	1	8	0	0	0	0	0	0	0	0
2081	chr7:146558001-148376000	SBS1	1	1	5	0	0	0	0	0	0	0	0
2082	chr7:146558001-148376000	SBS3	1	1	8	0	0	0	0	0	0	0	0
2083	chr7:148376001-150450000	SBS100	1	1	1	0	0	0	0	0	0	0	0
2084	chr7:148376001-150450000	SBS3	1	1	5	0	0	0	0	0	0	0	0
2085	chr7:150768001-152868000	SBS1	1	1	5	0	0	0	0	0	0	0	0
2086	chr7:150768001-152868000	SBS100	1	1	2	0	0	0	0	0	0	0	0
2087	chr7:150768001-152868000	SBS18	1	1	1	0	0	0	0	0	0	0	0
2088	chr7:150768001-152868000	SBS3	1	1	7	0	0	0	0	0	0	0	0
2089	chr7:152868001-155638000	SBS18	1	1	4	0	0	0	0	0	0	0	0
2090	chr7:152868001-155638000	SBS3	1	1	7	0	0	0	0	0	0	0	0
2091	chr7:155819001-156637000	SBS1	1	1	1	0	0	0	0	0	0	0	0
2092	chr7:155819001-156637000	SBS100	1	1	1	0	0	0	0	0	0	0	0
2093	chr7:155819001-156637000	SBS3	1	1	4	0	0	0	0	0	0	0	0
2094	chr7:156637001-157421000	SBS100	1	1	1	0	0	0	0	0	0	0	0
2095	chr7:156637001-157421000	SBS18	1	1	1	0	0	0	0	0	0	0	0
2096	chr7:156637001-157421000	SBS3	1	1	1	0	0	0	0	0	0	0	0
2097	chr7:157421001-158596000	SBS1	1	1	2	0	0	0	0	0	0	0	0
2098	chr7:157421001-158596000	SBS3	1	1	1	0	0	0	0	0	0	0	0
2099	chr7:158913001-159345973	SBS3	1	1	1	0	0	0	0	0	0	0	0
2100	chr7:16631001-16940000	SBS1	2	1	1	0	0	0	0	0	0	0	0
2101	chr7:16940001-18707000	SBS18	1	1	1	0	0	0	0	0	0	0	0
2102	chr7:16940001-18707000	SBS3	1	1	4	0	0	0	0	0	0	0	0
2103	chr7:18707001-19868237	SBS1	1	1	1	0	0	0	0	0	0	0	0
2104	chr7:18707001-19868237	SBS100	1	1	1	0	0	0	0	0	0	0	0
2105	chr7:18707001-19868237	SBS3	1	1	2	0	0	0	0	0	0	0	0
2106	chr7:19868274-20129000	SBS5	1	1	1	0	0	0	0	0	0	0	0
2107	chr7:20629158-22076000	SBS3	1	1	5	0	0	0	0	0	0	0	0
2108	chr7:22461001-23647000	SBS18	1	1	1	0	0	0	0	0	0	0	0
2109	chr7:22461001-23647000	SBS3	1	1	1	0	0	0	0	0	0	0	0
2110	chr7:22461001-23647000	SBS5	1	1	1	0	0	0	0	0	0	0	0
2111	chr7:23647001-25824000	SBS18	1	1	1	0	0	0	0	0	0	0	0
2112	chr7:23647001-25824000	SBS3	1	1	8	0	0	0	0	0	0	0	0
2113	chr7:23647001-25824000	SBS5	1	1	1	0	0	0	0	0	0	0	0
2114	chr7:25824001-26075000	SBS3	1	1	1	0	0	0	0	0	0	0	0
2115	chr7:26075001-26541000	SBS3	1	1	1	0	0	0	0	0	0	0	0
2116	chr7:26541001-30263000	SBS18	1	1	3	0	0	0	0	0	0	0	0
2117	chr7:26541001-30263000	SBS3	1	1	5	0	0	0	0	0	0	0	0
2118	chr7:30263001-30635000	SBS18	1	1	1	0	0	0	0	0	0	0	0
2119	chr7:31140001-32477000	SBS1	1	1	1	0	0	0	0	0	0	0	0
2120	chr7:31140001-32477000	SBS100	1	1	1	0	0	0	0	0	0	0	0
2121	chr7:31140001-32477000	SBS3	1	1	5	0	0	0	0	0	0	0	0
2122	chr7:32477001-36500500	SBS18	1	1	1	0	0	0	0	0	0	0	0
2123	chr7:32477001-36500500	SBS3	1	1	15	0	0	0	0	0	0	0	0
2124	chr7:36500501-38677000	SBS1	1	1	1	0	0	0	0	0	0	0	0
2125	chr7:36500501-38677000	SBS100	1	1	1	0	0	0	0	0	0	0	0
2126	chr7:36500501-38677000	SBS18	1	1	1	0	0	0	0	0	0	0	0
2127	chr7:36500501-38677000	SBS3	1	1	5	0	0	0	0	0	0	0	0
2128	chr7:36500501-38677000	SBS5	1	1	2	0	0	0	0	0	0	0	0
2129	chr7:38937001-39555000	SBS3	1	1	1	0	0	0	0	0	0	0	0
2130	chr7:40137001-41931000	SBS100	1	1	1	0	0	0	0	0	0	0	0
2131	chr7:40137001-41931000	SBS3	1	1	4	0	0	0	0	0	0	0	0
2132	chr7:41931001-42949000	SBS3	1	1	1	0	0	0	0	0	0	0	0
2133	chr7:43424001-48185000	SBS1	1	1	1	0	0	0	0	0	0	0	0
2134	chr7:43424001-48185000	SBS3	1	1	4	0	0	0	0	0	0	0	0
2135	chr7:48185001-50412000	SBS100	1	1	1	0	0	0	0	0	0	0	0
2136	chr7:48185001-50412000	SBS3	1	1	6	0	0	0	0	0	0	0	0
2137	chr7:48185001-50412000	SBS5	1	1	1	0	0	0	0	0	0	0	0
2138	chr7:50412001-56289000	SBS1	1	1	2	0	0	0	0	0	0	0	0
2139	chr7:50412001-56289000	SBS100	1	1	2	0	0	0	0	0	0	0	0
2140	chr7:50412001-56289000	SBS18	1	1	3	0	0	0	0	0	0	0	0
2141	chr7:50412001-56289000	SBS3	1	1	18	0	0	0	0	0	0	0	0
2142	chr7:56289001-59498943	SBS100	1	1	1	0	0	0	0	0	0	0	0
2143	chr7:56289001-59498943	SBS3	1	1	7	0	0	0	0	0	0	0	0
2144	chr7:56289001-59498943	SBS5	1	1	1	0	0	0	0	0	0	0	0
2145	chr7:59498944-64301000	SBS1	1	1	1	0	0	0	0	0	0	0	0
2146	chr7:59498944-64301000	SBS18	1	1	1	0	0	0	0	0	0	0	0
2147	chr7:59498944-64301000	SBS3	1	1	10	0	0	0	0	0	0	0	0
2148	chr7:59498944-64301000	SBS5	1	1	1	0	0	0	0	0	0	0	0
2149	chr7:64301001-67380000	SBS1	1	1	1	0	0	0	0	0	0	0	0
2150	chr7:64301001-67380000	SBS3	1	1	2	0	0	0	0	0	0	0	0
2151	chr7:67380001-69592000	SBS100	1	1	1	0	0	0	0	0	0	0	0
2152	chr7:67380001-69592000	SBS3	1	1	6	0	0	0	0	0	0	0	0
2153	chr7:69592001-70691000	SBS3	1	1	2	0	0	0	0	0	0	0	0
2154	chr7:70795001-73432000	SBS18	1	1	2	0	0	0	0	0	0	0	0
2155	chr7:70795001-73432000	SBS3	1	1	3	0	0	0	0	0	0	0	0
2156	chr7:7085001-8306000	SBS3	1	1	1	0	0	0	0	0	0	0	0
2157	chr7:73432001-74417000	SBS3	1	1	3	0	0	0	0	0	0	0	0
2158	chr7:74825501-77403000	SBS3	1	1	2	0	0	0	0	0	0	0	0
2159	chr7:77870001-80594000	SBS100	1	1	1	0	0	0	0	0	0	0	0
2160	chr7:77870001-80594000	SBS3	1	1	4	0	0	0	0	0	0	0	0
2161	chr7:80594001-80951000	SBS5	1	1	1	0	0	0	0	0	0	0	0
2162	chr7:80951001-85052000	SBS3	1	1	9	0	0	0	0	0	0	0	0
2163	chr7:8306001-10885000	SBS1	1	1	1	0	0	0	0	0	0	0	0
2164	chr7:8306001-10885000	SBS18	1	1	2	0	0	0	0	0	0	0	0
2165	chr7:8306001-10885000	SBS3	1	1	3	0	0	0	0	0	0	0	0
2166	chr7:85052001-86898000	SBS100	1	1	2	0	0	0	0	0	0	0	0
2167	chr7:85052001-86898000	SBS3	1	1	5	0	0	0	0	0	0	0	0
2168	chr7:86898001-89417000	SBS100	1	1	2	0	0	0	0	0	0	0	0
2169	chr7:86898001-89417000	SBS18	1	1	1	0	0	0	0	0	0	0	0
2170	chr7:86898001-89417000	SBS3	1	1	3	0	0	0	0	0	0	0	0
2171	chr7:89417001-89775000	SBS3	2	1	0	1	0	0	0	0	0	0	0
2172	chr7:89775001-95697000	SBS1	1	1	1	0	0	0	0	0	0	0	0
2173	chr7:89775001-95697000	SBS100	1	1	1	0	0	0	0	0	0	0	0
2174	chr7:89775001-95697000	SBS18	1	1	1	0	0	0	0	0	0	0	0
2175	chr7:89775001-95697000	SBS3	1	1	12	0	0	0	0	0	0	0	0
2176	chr7:89775001-95697000	SBS5	1	1	3	0	0	0	0	0	0	0	0
2177	chr7:95697001-96119000	SBS1	1	1	1	0	0	0	0	0	0	0	0
2178	chr7:96335001-98103000	SBS100	1	1	1	0	0	0	0	0	0	0	0
2179	chr7:96335001-98103000	SBS3	1	1	9	0	0	0	0	0	0	0	0
2180	chr7:98103001-98427000	SBS3	1	1	1	0	0	0	0	0	0	0	0
2181	chr7:98427001-98863000	SBS3	1	1	1	0	0	0	0	0	0	0	0
2182	chr7:98863001-99896000	SBS3	1	1	2	0	0	0	0	0	0	0	0
2183	chr8:1-1042335	SBS3	1	0	3	0	0	0	0	0	0	0	0
2184	chr8:1-1042335	SBS5	1	0	1	0	0	0	0	0	0	0	0
2185	chr8:100699799-101326000	SBS3	6	1	2	0	0	0	0	0	0	0	0
2186	chr8:101517001-102575000	SBS3	6	1	4	2	1	0	0	0	0	0	0
2187	chr8:102659001-103138000	SBS3	6	1	1	0	0	0	1	0	0	0	0
2188	chr8:103452001-104763534	SBS3	4	1	3	0	0	0	0	0	0	0	0
2189	chr8:1043614-11763000	SBS1	1	0	1	0	0	0	0	0	0	0	0
2190	chr8:1043614-11763000	SBS3	1	0	20	0	0	0	0	0	0	0	0
2191	chr8:1043614-11763000	SBS5	1	0	1	0	0	0	0	0	0	0	0
2192	chr8:104763907-106584000	SBS100	5	1	1	0	0	0	0	0	0	0	0
2193	chr8:104763907-106584000	SBS18	5	1	1	0	0	0	0	0	0	0	0
2194	chr8:104763907-106584000	SBS3	5	1	5	1	0	0	0	2	0	0	0
2195	chr8:106584001-106782000	SBS3	6	1	0	1	0	0	0	0	0	0	0
2196	chr8:106782001-108193000	SBS100	5	1	1	0	0	0	0	0	0	0	0
2197	chr8:106782001-108193000	SBS3	5	1	2	1	1	0	0	2	0	0	0
2198	chr8:108271001-108434000	SBS3	5	1	1	1	0	0	0	1	0	0	0
2199	chr8:108434001-108724000	SBS3	7	1	2	0	0	1	0	0	0	0	0
2200	chr8:108724001-108885000	SBS3	5	1	1	0	0	0	0	0	0	0	0
2201	chr8:108925001-109222000	SBS3	5	1	1	0	0	0	0	0	0	0	0
2202	chr8:109531001-109656000	SBS3	8	1	1	0	0	0	0	0	0	0	0
2203	chr8:109656001-110024000	SBS1	5	1	0	0	0	0	0	1	0	0	0
2204	chr8:109656001-110024000	SBS3	5	1	5	1	1	0	0	0	0	0	0
2205	chr8:110024001-113177972	SBS3	6	1	9	2	0	0	3	0	0	0	0
2206	chr8:110024001-113177972	SBS5	6	1	1	0	0	0	0	0	0	0	0
2207	chr8:113444001-115403000	SBS18	6	1	1	0	1	0	0	0	0	0	0
2208	chr8:113444001-115403000	SBS3	6	1	7	1	0	0	1	0	0	0	0
2209	chr8:113444001-115403000	SBS5	6	1	2	0	1	0	0	0	0	0	0
2210	chr8:115403001-117336000	SBS1	8	1	1	0	0	0	0	0	0	0	0
2211	chr8:115403001-117336000	SBS3	8	1	2	1	0	0	0	0	1	0	0
2212	chr8:115403001-117336000	SBS5	8	1	1	0	0	0	0	0	0	0	0
2213	chr8:117336001-119026904	SBS3	6	1	5	0	0	0	2	0	0	0	0
2214	chr8:119026905-125705000	SBS1	9	1	1	0	0	0	0	0	0	0	0
2215	chr8:119026905-125705000	SBS100	9	1	2	1	0	0	0	0	0	0	0
2216	chr8:119026905-125705000	SBS18	9	1	2	1	0	0	0	0	0	0	0
2217	chr8:119026905-125705000	SBS3	9	1	20	8	1	0	2	0	0	1	0
2218	chr8:119026905-125705000	SBS5	9	1	0	0	1	0	0	0	0	0	0
2219	chr8:11905001-14550546	SBS3	1	0	5	0	0	0	0	0	0	0	0
2220	chr8:125705001-126024729	SBS3	7	1	1	0	0	0	0	0	0	0	1
2221	chr8:126025538-127724000	SBS3	6	1	2	0	0	0	1	0	0	0	0
2222	chr8:127724001-127921000	SBS5	10	1	0	1	0	0	0	0	0	0	0
2223	chr8:127921001-128434000	SBS18	8	1	1	0	0	0	0	0	0	0	0
2224	chr8:128434001-129678000	SBS18	6	1	1	0	0	0	0	0	0	0	0
2225	chr8:128434001-129678000	SBS3	6	1	6	1	0	0	0	0	0	0	0
2226	chr8:129678001-130496000	SBS1	8	1	0	0	0	0	0	0	1	0	0
2227	chr8:129678001-130496000	SBS3	8	1	3	2	1	0	0	0	0	0	0
2228	chr8:130496001-130693000	SBS3	7	1	1	0	0	0	0	0	0	0	0
2229	chr8:130693001-131801000	SBS1	5	1	1	0	0	0	0	0	0	0	0
2230	chr8:130693001-131801000	SBS18	5	1	0	1	0	0	0	0	0	0	0
2231	chr8:130693001-131801000	SBS3	5	1	2	0	0	0	0	1	0	0	0
2232	chr8:131902001-131934000	SBS18	9	2	0	1	0	0	0	0	0	0	0
2233	chr8:131934001-132247000	SBS3	7	1	1	0	0	0	0	0	0	0	0
2234	chr8:132247001-133202000	SBS100	7	1	1	0	0	0	0	0	0	0	0
2235	chr8:132247001-133202000	SBS3	7	1	2	2	0	0	0	0	0	0	0
2236	chr8:133202001-134012271	SBS3	8	1	1	1	1	0	0	0	0	0	0
2237	chr8:134012272-134012278	SBS3	3	1	1	0	0	0	0	0	0	0	0
2238	chr8:134012405-134390902	SBS3	6	1	2	1	0	0	1	1	0	0	0
2239	chr8:134390966-134678000	SBS3	7	1	1	0	0	0	0	0	0	0	0
2240	chr8:134678001-134836000	SBS3	9	1	1	0	0	0	0	0	0	0	0
2241	chr8:134910001-137291470	SBS1	5	1	1	0	0	0	0	0	0	0	0
2242	chr8:134910001-137291470	SBS18	5	1	0	1	0	0	0	0	0	0	0
2243	chr8:134910001-137291470	SBS3	5	1	3	0	0	0	0	2	0	0	0
2244	chr8:137291471-139695000	SBS1	2	1	0	1	0	0	0	0	0	0	0
2245	chr8:137291471-139695000	SBS18	2	1	1	1	0	0	0	0	0	0	0
2246	chr8:137291471-139695000	SBS3	2	1	10	1	0	0	0	0	0	0	0
2247	chr8:139695001-141421500	SBS1	3	1	0	0	1	0	0	0	0	0	0
2248	chr8:139695001-141421500	SBS100	3	1	1	0	0	0	0	0	0	0	0
2249	chr8:139695001-141421500	SBS18	3	1	1	0	0	0	0	0	0	0	0
2250	chr8:139695001-141421500	SBS3	3	1	5	0	0	0	0	0	0	0	0
2251	chr8:141600465-143491391	SBS1	4	1	3	0	0	0	0	0	0	0	0
2252	chr8:141600465-143491391	SBS100	4	1	3	0	0	0	0	0	0	0	0
2253	chr8:141600465-143491391	SBS18	4	1	1	0	0	0	0	0	0	0	0
2254	chr8:141600465-143491391	SBS3	4	1	8	0	4	0	0	0	0	0	0
2255	chr8:141600465-143491391	SBS5	4	1	2	0	0	0	0	0	0	0	0
2256	chr8:143491583-145138636	SBS1	4	1	1	0	0	0	0	0	0	0	0
2257	chr8:143491583-145138636	SBS100	4	1	1	0	0	0	0	0	0	0	0
2258	chr8:143491583-145138636	SBS18	4	1	1	0	0	0	0	0	0	0	0
2259	chr8:143491583-145138636	SBS3	4	1	8	0	1	0	0	0	0	0	0
2260	chr8:143491583-145138636	SBS5	4	1	2	0	0	0	0	0	0	0	0
2261	chr8:14550657-23076203	SBS1	1	0	1	0	0	0	0	0	0	0	0
2262	chr8:14550657-23076203	SBS3	1	0	10	0	0	0	0	0	0	0	0
2263	chr8:23076204-23570000	SBS18	1	1	1	0	0	0	0	0	0	0	0
2264	chr8:23570001-25168000	SBS3	1	1	3	0	0	0	0	0	0	0	0
2265	chr8:25168001-25516000	SBS3	1	1	1	0	0	0	0	0	0	0	0
2266	chr8:25516001-26079000	SBS3	1	1	2	0	0	0	0	0	0	0	0
2267	chr8:26079001-26286000	SBS18	1	1	1	0	0	0	0	0	0	0	0
2268	chr8:26468001-27271000	SBS3	1	1	2	0	0	0	0	0	0	0	0
2269	chr8:27271001-29711000	SBS3	1	1	5	0	0	0	0	0	0	0	0
2270	chr8:29815001-30382000	SBS1	1	1	1	0	0	0	0	0	0	0	0
2271	chr8:29815001-30382000	SBS3	1	1	1	0	0	0	0	0	0	0	0
2272	chr8:30558001-31196000	SBS3	1	1	1	0	0	0	0	0	0	0	0
2273	chr8:31196001-31447567	SBS3	1	1	1	0	0	0	0	0	0	0	0
2274	chr8:31447783-33100000	SBS18	1	1	1	0	0	0	0	0	0	0	0
2275	chr8:31447783-33100000	SBS3	1	1	3	0	0	0	0	0	0	0	0
2276	chr8:33100001-33608000	SBS3	1	1	1	0	0	0	0	0	0	0	0
2277	chr8:33608001-34155081	SBS18	1	1	1	0	0	0	0	0	0	0	0
2278	chr8:34155391-36764000	SBS1	1	1	1	0	0	0	0	0	0	0	0
2279	chr8:34155391-36764000	SBS18	1	1	2	0	0	0	0	0	0	0	0
2280	chr8:34155391-36764000	SBS3	1	1	9	0	0	0	0	0	0	0	0
2281	chr8:36764001-43478000	SBS18	1	1	1	0	0	0	0	0	0	0	0
2282	chr8:36764001-43478000	SBS3	1	1	12	0	0	0	0	0	0	0	0
2283	chr8:36764001-43478000	SBS5	1	1	1	0	0	0	0	0	0	0	0
2284	chr8:43478001-44955504	SBS100	1	1	1	0	0	0	0	0	0	0	0
2285	chr8:43478001-44955504	SBS3	1	1	4	0	0	0	0	0	0	0	0
2286	chr8:44955505-47252000	SBS18	1	1	1	0	0	0	0	0	0	0	0
2287	chr8:44955505-47252000	SBS3	1	1	2	0	0	0	0	0	0	0	0
2288	chr8:47252001-48115000	SBS3	1	1	1	0	0	0	0	0	0	0	0
2289	chr8:48115001-51835000	SBS1	1	1	1	0	0	0	0	0	0	0	0
2290	chr8:48115001-51835000	SBS100	1	1	1	0	0	0	0	0	0	0	0
2291	chr8:48115001-51835000	SBS18	1	1	1	0	0	0	0	0	0	0	0
2292	chr8:48115001-51835000	SBS3	1	1	4	0	0	0	0	0	0	0	0
2293	chr8:52022001-53689000	SBS100	1	1	1	0	0	0	0	0	0	0	0
2294	chr8:52022001-53689000	SBS3	1	1	3	0	0	0	0	0	0	0	0
2295	chr8:54173001-55147541	SBS3	1	1	3	0	0	0	0	0	0	0	0
2296	chr8:55147542-55732000	SBS18	4	1	1	0	0	0	0	0	0	0	0
2297	chr8:55147542-55732000	SBS3	4	1	1	0	0	2	0	0	0	0	0
2298	chr8:56243001-56952000	SBS18	4	1	0	0	0	1	0	0	0	0	0
2299	chr8:56243001-56952000	SBS3	4	1	2	0	0	0	0	0	0	0	0
2300	chr8:57339001-57985000	SBS3	5	1	4	0	0	0	0	0	0	0	0
2301	chr8:58145001-58666000	SBS1	5	1	1	0	0	0	0	0	0	0	0
2302	chr8:58145001-58666000	SBS18	5	1	1	0	0	0	0	0	0	0	0
2303	chr8:58145001-58666000	SBS3	5	1	1	0	0	0	0	0	0	0	0
2304	chr8:58666001-60180000	SBS100	4	1	1	0	0	0	0	0	0	0	0
2305	chr8:58666001-60180000	SBS18	4	1	1	0	0	0	0	0	0	0	0
2306	chr8:58666001-60180000	SBS3	4	1	4	0	0	1	0	0	0	0	0
2307	chr8:58666001-60180000	SBS5	4	1	0	0	0	1	0	0	0	0	0
2308	chr8:60180001-61098000	SBS18	6	1	1	0	0	0	0	0	0	0	0
2309	chr8:60180001-61098000	SBS3	6	1	2	0	0	0	0	0	0	0	0
2310	chr8:61098001-61545000	SBS3	4	1	3	0	0	0	0	0	0	0	0
2311	chr8:61699001-61814000	SBS3	6	1	1	0	0	0	0	0	0	0	0
2312	chr8:61814001-62999000	SBS100	4	1	0	0	0	1	0	0	0	0	0
2313	chr8:61814001-62999000	SBS3	4	1	2	0	0	1	0	0	0	0	0
2314	chr8:62999001-63044000	SBS3	6	1	1	0	0	0	0	0	0	0	0
2315	chr8:63165001-63224000	SBS3	6	1	0	0	0	0	1	0	0	0	0
2316	chr8:63224001-65449000	SBS100	4	1	1	0	0	0	0	0	0	0	0
2317	chr8:63224001-65449000	SBS18	4	1	1	0	0	0	0	0	0	0	0
2318	chr8:63224001-65449000	SBS3	4	1	8	0	0	1	0	0	0	0	0
2319	chr8:65449001-65987000	SBS3	5	1	1	0	0	0	0	1	0	0	0
2320	chr8:66134001-66396000	SBS3	5	1	1	0	0	0	0	0	0	0	0
2321	chr8:66134001-66396000	SBS5	5	1	1	0	0	0	0	0	0	0	0
2322	chr8:66396001-67711689	SBS3	6	1	6	1	0	0	1	0	0	0	0
2323	chr8:67830001-68562000	SBS100	5	1	1	0	0	0	0	0	0	0	0
2324	chr8:67830001-68562000	SBS18	5	1	1	0	0	0	0	0	0	0	0
2325	chr8:67830001-68562000	SBS3	5	1	1	0	0	0	0	0	0	0	0
2326	chr8:68562001-69674000	SBS1	6	1	1	0	0	0	0	0	0	0	0
2327	chr8:68562001-69674000	SBS100	6	1	0	0	0	0	1	0	0	0	0
2328	chr8:68562001-69674000	SBS3	6	1	2	0	0	0	0	0	0	0	0
2329	chr8:69674001-70143000	SBS3	5	1	7	0	0	0	0	0	0	0	0
2330	chr8:70143001-70408000	SBS18	6	1	0	1	0	0	0	0	0	0	0
2331	chr8:70408001-71321000	SBS1	5	1	1	0	0	0	0	0	0	0	0
2332	chr8:70408001-71321000	SBS100	5	1	1	0	0	0	0	0	0	0	0
2333	chr8:70408001-71321000	SBS3	5	1	7	0	0	0	0	0	0	0	0
2334	chr8:71321001-71372000	SBS3	7	1	1	0	0	0	0	0	0	0	0
2335	chr8:71372001-72113242	SBS3	5	1	3	0	0	0	0	1	0	0	0
2336	chr8:72115757-73280000	SBS3	4	1	4	0	0	0	0	0	0	0	0
2337	chr8:73280001-74864000	SBS100	5	1	1	0	0	0	0	0	0	0	0
2338	chr8:73280001-74864000	SBS3	5	1	3	2	0	0	0	1	0	0	0
2339	chr8:74864001-78862000	SBS1	4	1	0	1	0	2	0	0	0	0	0
2340	chr8:74864001-78862000	SBS100	4	1	1	0	0	0	0	0	0	0	0
2341	chr8:74864001-78862000	SBS3	4	1	9	0	0	0	0	0	0	0	0
2342	chr8:78862001-79607000	SBS3	3	1	1	0	2	0	0	0	0	0	0
2343	chr8:78862001-79607000	SBS5	3	1	0	0	1	0	0	0	0	0	0
2344	chr8:79730001-80175000	SBS3	5	1	1	0	0	0	0	0	0	0	0
2345	chr8:80175001-83021000	SBS3	4	1	6	0	0	1	0	0	0	0	0
2346	chr8:83021001-85735500	SBS100	4	1	1	0	0	0	0	0	0	0	0
2347	chr8:83021001-85735500	SBS18	4	1	2	0	0	0	0	0	0	0	0
2348	chr8:83021001-85735500	SBS3	4	1	5	0	1	1	0	0	0	0	0
2349	chr8:85894001-86032000	SBS3	4	1	3	0	0	0	0	0	0	0	0
2350	chr8:86032001-86623000	SBS18	5	1	0	0	0	0	0	1	0	0	0
2351	chr8:86032001-86623000	SBS3	5	1	1	0	0	0	0	0	0	0	0
2352	chr8:86623001-86866000	SBS3	4	1	1	0	0	0	0	0	0	0	0
2353	chr8:86923001-89711500	SBS100	3	1	1	0	0	0	0	0	0	0	0
2354	chr8:86923001-89711500	SBS18	3	1	1	0	0	0	0	0	0	0	0
2355	chr8:86923001-89711500	SBS3	3	1	7	0	5	0	0	0	0	0	0
2356	chr8:90004001-90485000	SBS3	4	1	1	0	0	0	0	0	0	0	0
2357	chr8:90485001-91112000	SBS1	4	1	1	0	0	0	0	0	0	0	0
2358	chr8:90485001-91112000	SBS3	4	1	1	0	0	0	0	0	0	0	0
2359	chr8:91112001-91969412	SBS18	3	1	1	0	0	0	0	0	0	0	0
2360	chr8:91112001-91969412	SBS3	3	1	1	0	2	0	0	0	0	0	0
2361	chr8:91969413-93914000	SBS18	5	1	1	0	0	0	0	0	0	0	0
2362	chr8:91969413-93914000	SBS3	5	1	1	1	0	0	0	0	0	0	0
2363	chr8:94013001-94344000	SBS3	5	1	1	0	0	0	0	1	0	0	0
2364	chr8:94344001-95276000	SBS3	6	1	1	1	0	0	0	0	0	0	0
2365	chr8:95761001-96214000	SBS100	4	1	1	0	0	0	0	0	0	0	0
2366	chr8:95761001-96214000	SBS3	4	1	3	0	0	0	0	0	0	0	0
2367	chr8:96214001-100698169	SBS18	5	1	2	0	0	0	0	0	0	0	0
2368	chr8:96214001-100698169	SBS3	5	1	9	0	1	1	0	0	0	0	0
2369	chr9:1-471982	SBS1	1	0	4	0	0	0	0	0	0	0	0
2370	chr9:1-471982	SBS18	1	0	1	0	0	0	0	0	0	0	0
2371	chr9:1-471982	SBS3	1	0	11	0	0	0	0	0	0	0	0
2372	chr9:100358001-102746859	SBS100	1	1	1	0	0	0	0	0	0	0	0
2373	chr9:100358001-102746859	SBS3	1	1	2	0	0	0	0	0	0	0	0
2374	chr9:102747050-104730000	SBS18	1	1	1	0	0	0	0	0	0	0	0
2375	chr9:102747050-104730000	SBS3	1	1	4	0	0	0	0	0	0	0	0
2376	chr9:104730001-107235000	SBS1	1	1	2	0	0	0	0	0	0	0	0
2377	chr9:104730001-107235000	SBS3	1	1	7	0	0	0	0	0	0	0	0
2378	chr9:107344001-111595000	SBS1	1	1	1	0	0	0	0	0	0	0	0
2379	chr9:107344001-111595000	SBS3	1	1	10	0	0	0	0	0	0	0	0
2380	chr9:107344001-111595000	SBS5	1	1	1	0	0	0	0	0	0	0	0
2381	chr9:111595001-112915000	SBS18	1	1	1	0	0	0	0	0	0	0	0
2382	chr9:111595001-112915000	SBS5	1	1	1	0	0	0	0	0	0	0	0
2383	chr9:112915001-115608000	SBS3	1	1	4	0	0	0	0	0	0	0	0
2384	chr9:116742001-120332000	SBS18	1	1	1	0	0	0	0	0	0	0	0
2385	chr9:116742001-120332000	SBS3	1	1	10	0	0	0	0	0	0	0	0
2386	chr9:11807630-12695000	SBS3	1	1	2	0	0	0	0	0	0	0	0
2387	chr9:11807630-12695000	SBS5	1	1	1	0	0	0	0	0	0	0	0
2388	chr9:120332001-121405000	SBS3	1	1	1	0	0	0	0	0	0	0	0
2389	chr9:122897001-123363000	SBS18	1	1	1	0	0	0	0	0	0	0	0
2390	chr9:123363001-124531000	SBS1	1	1	1	0	0	0	0	0	0	0	0
2391	chr9:123363001-124531000	SBS18	1	1	1	0	0	0	0	0	0	0	0
2392	chr9:123363001-124531000	SBS3	1	1	1	0	0	0	0	0	0	0	0
2393	chr9:125641001-126632000	SBS3	1	1	1	0	0	0	0	0	0	0	0
2394	chr9:125641001-126632000	SBS5	1	1	1	0	0	0	0	0	0	0	0
2395	chr9:126683501-127538000	SBS3	1	1	1	0	0	0	0	0	0	0	0
2396	chr9:12695001-14774000	SBS1	1	1	1	0	0	0	0	0	0	0	0
2397	chr9:12695001-14774000	SBS18	1	1	1	0	0	0	0	0	0	0	0
2398	chr9:12695001-14774000	SBS3	1	1	3	0	0	0	0	0	0	0	0
2399	chr9:127591001-127897500	SBS3	1	1	1	0	0	0	0	0	0	0	0
2400	chr9:127897501-128099000	SBS3	2	1	1	0	0	0	0	0	0	0	0
2401	chr9:128099001-129069050	SBS100	1	1	1	0	0	0	0	0	0	0	0
2402	chr9:128099001-129069050	SBS3	1	1	2	0	0	0	0	0	0	0	0
2403	chr9:129069576-129069676	SBS3	1	1	1	0	0	0	0	0	0	0	0
2404	chr9:129069938-129477000	SBS3	1	1	1	0	0	0	0	0	0	0	0
2405	chr9:129501001-131365000	SBS1	1	0	1	0	0	0	0	0	0	0	0
2406	chr9:129501001-131365000	SBS3	1	0	7	0	0	0	0	0	0	0	0
2407	chr9:129501001-131365000	SBS5	1	0	1	0	0	0	0	0	0	0	0
2408	chr9:131430001-135600636	SBS1	1	0	2	0	0	0	0	0	0	0	0
2409	chr9:131430001-135600636	SBS18	1	0	1	0	0	0	0	0	0	0	0
2410	chr9:131430001-135600636	SBS3	1	0	9	0	0	0	0	0	0	0	0
2411	chr9:135600660-135803000	SBS3	1	1	1	0	0	0	0	0	0	0	0
2412	chr9:135803001-137766000	SBS3	1	1	5	0	0	0	0	0	0	0	0
2413	chr9:137766001-138151836	SBS1	1	1	1	0	0	0	0	0	0	0	0
2414	chr9:137766001-138151836	SBS3	1	1	2	0	0	0	0	0	0	0	0
2415	chr9:14774001-15102000	SBS3	1	1	1	0	0	0	0	0	0	0	0
2416	chr9:15102001-15377498	SBS3	1	1	2	0	0	0	0	0	0	0	0
2417	chr9:15378006-15561000	SBS18	1	1	1	0	0	0	0	0	0	0	0
2418	chr9:15561001-18969000	SBS1	1	1	1	0	0	0	0	0	0	0	0
2419	chr9:15561001-18969000	SBS3	1	1	7	0	0	0	0	0	0	0	0
2420	chr9:15561001-18969000	SBS5	1	1	1	0	0	0	0	0	0	0	0
2421	chr9:18969001-19498000	SBS18	1	1	1	0	0	0	0	0	0	0	0
2422	chr9:18969001-19498000	SBS3	1	1	1	0	0	0	0	0	0	0	0
2423	chr9:19498001-20311000	SBS100	1	1	1	0	0	0	0	0	0	0	0
2424	chr9:19498001-20311000	SBS3	1	1	2	0	0	0	0	0	0	0	0
2425	chr9:20311001-21124000	SBS3	1	1	1	0	0	0	0	0	0	0	0
2426	chr9:21772001-22497000	SBS3	1	1	1	0	0	0	0	0	0	0	0
2427	chr9:22497001-25441000	SBS100	1	1	1	0	0	0	0	0	0	0	0
2428	chr9:22497001-25441000	SBS3	1	1	3	0	0	0	0	0	0	0	0
2429	chr9:22497001-25441000	SBS5	1	1	1	0	0	0	0	0	0	0	0
2430	chr9:25441001-25753000	SBS100	1	1	1	0	0	0	0	0	0	0	0
2431	chr9:25753001-26720000	SBS3	1	1	2	0	0	0	0	0	0	0	0
2432	chr9:26720001-27776000	SBS3	1	1	2	0	0	0	0	0	0	0	0
2433	chr9:27776001-32950000	SBS1	1	1	2	0	0	0	0	0	0	0	0
2434	chr9:27776001-32950000	SBS100	1	1	1	0	0	0	0	0	0	0	0
2435	chr9:27776001-32950000	SBS3	1	1	10	0	0	0	0	0	0	0	0
2436	chr9:27776001-32950000	SBS5	1	1	1	0	0	0	0	0	0	0	0
2437	chr9:3222001-7201000	SBS3	1	1	3	0	0	0	0	0	0	0	0
2438	chr9:32950001-34707000	SBS1	1	1	2	0	0	0	0	0	0	0	0
2439	chr9:32950001-34707000	SBS100	1	1	1	0	0	0	0	0	0	0	0
2440	chr9:32950001-34707000	SBS18	1	1	1	0	0	0	0	0	0	0	0
2441	chr9:32950001-34707000	SBS3	1	1	3	0	0	0	0	0	0	0	0
2442	chr9:34707001-34982000	SBS3	1	1	1	0	0	0	0	0	0	0	0
2443	chr9:34982001-36678000	SBS1	1	1	1	0	0	0	0	0	0	0	0
2444	chr9:34982001-36678000	SBS3	1	1	3	0	0	0	0	0	0	0	0
2445	chr9:37076001-44377362	SBS1	1	1	1	0	0	0	0	0	0	0	0
2446	chr9:37076001-44377362	SBS100	1	1	2	0	0	0	0	0	0	0	0
2447	chr9:37076001-44377362	SBS18	1	1	2	0	0	0	0	0	0	0	0
2448	chr9:37076001-44377362	SBS3	1	1	22	0	0	0	0	0	0	0	0
2449	chr9:37076001-44377362	SBS5	1	1	2	0	0	0	0	0	0	0	0
2450	chr9:44377363-68832782	SBS1	1	1	1	0	0	0	0	0	0	0	0
2451	chr9:44377363-68832782	SBS3	1	1	9	0	0	0	0	0	0	0	0
2452	chr9:44377363-68832782	SBS5	1	1	1	0	0	0	0	0	0	0	0
2453	chr9:471983-3222000	SBS1	1	1	1	0	0	0	0	0	0	0	0
2454	chr9:471983-3222000	SBS3	1	1	5	0	0	0	0	0	0	0	0
2455	chr9:69208001-70249000	SBS3	1	1	3	0	0	0	0	0	0	0	0
2456	chr9:70249001-70645000	SBS3	1	1	1	0	0	0	0	0	0	0	0
2457	chr9:70645001-71594000	SBS3	1	1	1	0	0	0	0	0	0	0	0
2458	chr9:7201001-11408203	SBS100	1	1	1	0	0	0	0	0	0	0	0
2459	chr9:7201001-11408203	SBS18	1	1	1	0	0	0	0	0	0	0	0
2460	chr9:7201001-11408203	SBS3	1	1	8	0	0	0	0	0	0	0	0
2461	chr9:7201001-11408203	SBS5	1	1	1	0	0	0	0	0	0	0	0
2462	chr9:72612001-74946000	SBS1	1	1	1	0	0	0	0	0	0	0	0
2463	chr9:72612001-74946000	SBS18	1	1	1	0	0	0	0	0	0	0	0
2464	chr9:72612001-74946000	SBS3	1	1	5	0	0	0	0	0	0	0	0
2465	chr9:75246001-76369000	SBS1	1	1	1	0	0	0	0	0	0	0	0
2466	chr9:76369001-76707000	SBS3	1	1	1	0	0	0	0	0	0	0	0
2467	chr9:76707001-77148000	SBS3	1	1	3	0	0	0	0	0	0	0	0
2468	chr9:77148001-78045000	SBS3	1	1	1	0	0	0	0	0	0	0	0
2469	chr9:78045001-81293000	SBS18	1	1	2	0	0	0	0	0	0	0	0
2470	chr9:78045001-81293000	SBS3	1	1	11	0	0	0	0	0	0	0	0
2471	chr9:78045001-81293000	SBS5	1	1	1	0	0	0	0	0	0	0	0
2472	chr9:81293001-84903000	SBS100	1	1	1	0	0	0	0	0	0	0	0
2473	chr9:81293001-84903000	SBS18	1	1	1	0	0	0	0	0	0	0	0
2474	chr9:81293001-84903000	SBS3	1	1	6	0	0	0	0	0	0	0	0
2475	chr9:84903001-85623609	SBS3	1	1	2	0	0	0	0	0	0	0	0
2476	chr9:85624016-86443000	SBS3	1	1	2	0	0	0	0	0	0	0	0
2477	chr9:86443001-87898000	SBS1	1	1	1	0	0	0	0	0	0	0	0
2478	chr9:86443001-87898000	SBS3	1	1	4	0	0	0	0	0	0	0	0
2479	chr9:87898001-88933000	SBS3	1	1	3	0	0	0	0	0	0	0	0
2480	chr9:88933001-89028000	SBS18	2	1	0	1	0	0	0	0	0	0	0
2481	chr9:89028001-90157000	SBS3	1	1	1	0	0	0	0	0	0	0	0
2482	chr9:90157001-91240000	SBS3	1	1	4	0	0	0	0	0	0	0	0
2483	chr9:92325026-93611000	SBS18	1	1	1	0	0	0	0	0	0	0	0
2484	chr9:92325026-93611000	SBS3	1	1	1	0	0	0	0	0	0	0	0
2485	chr9:93752434-94779000	SBS3	1	1	1	0	0	0	0	0	0	0	0
2486	chr9:93752434-94779000	SBS5	1	1	1	0	0	0	0	0	0	0	0
2487	chr9:94779001-95321000	SBS1	2	1	0	1	0	0	0	0	0	0	0
2488	chr9:94779001-95321000	SBS5	2	1	0	1	0	0	0	0	0	0	0
2489	chr9:95321001-97978000	SBS100	1	1	1	0	0	0	0	0	0	0	0
2490	chr9:95321001-97978000	SBS3	1	1	6	0	0	0	0	0	0	0	0
2491	chr9:97978001-98268000	SBS3	1	1	2	0	0	0	0	0	0	0	0
2492	chr9:98268001-99805000	SBS1	1	1	1	0	0	0	0	0	0	0	0
2493	chr9:98268001-99805000	SBS18	1	1	1	0	0	0	0	0	0	0	0
2494	chr9:98268001-99805000	SBS3	1	1	2	0	0	0	0	0	0	0	0
