	segment_id	sig_max	major_cn	minor_cn	N1	N2	N3	N4	N5	N6	N8	N10	N12	N7	N9
0	chr10:1-259000	SBS18	2	1	1	0	0	0	0	0	0	0	0	0	0
1	chr10:1-259000	SBS3	2	1	3	0	0	0	0	0	0	0	0	0	0
2	chr10:1-259000	SBS5	2	1	2	0	0	0	0	0	0	0	0	0	0
3	chr10:100569001-100874000	SBS3	2	0	0	3	0	0	0	0	0	0	0	0	0
4	chr10:101072001-101351000	SBS3	2	0	1	0	0	0	0	0	0	0	0	0	0
5	chr10:101351001-102809000	SBS3	1	0	4	0	0	0	0	0	0	0	0	0	0
6	chr10:102809001-103367000	SBS3	2	0	1	0	0	0	0	0	0	0	0	0	0
7	chr10:103367001-104252000	SBS3	1	0	1	0	0	0	0	0	0	0	0	0	0
8	chr10:104651001-109851000	SBS1	2	0	1	0	0	0	0	0	0	0	0	0	0
9	chr10:104651001-109851000	SBS18	2	0	1	1	0	0	0	0	0	0	0	0	0
10	chr10:104651001-109851000	SBS2	2	0	3	0	0	0	0	0	0	0	0	0	0
11	chr10:104651001-109851000	SBS3	2	0	7	3	0	0	0	0	0	0	0	0	0
12	chr10:104651001-109851000	SBS5	2	0	2	1	0	0	0	0	0	0	0	0	0
13	chr10:110616001-110745000	SBS13	1	0	1	0	0	0	0	0	0	0	0	0	0
14	chr10:11101001-12722000	SBS1	2	1	0	2	0	0	0	0	0	0	0	0	0
15	chr10:11101001-12722000	SBS13	2	1	0	1	0	0	0	0	0	0	0	0	0
16	chr10:11101001-12722000	SBS18	2	1	1	1	0	0	0	0	0	0	0	0	0
17	chr10:11101001-12722000	SBS3	2	1	2	0	0	0	0	0	0	0	0	0	0
18	chr10:111023001-112330000	SBS3	2	0	2	1	0	0	0	0	0	0	0	0	0
19	chr10:111023001-112330000	SBS5	2	0	1	0	0	0	0	0	0	0	0	0	0
20	chr10:1120001-3031000	SBS1	3	2	0	0	1	0	0	0	0	0	0	0	0
21	chr10:1120001-3031000	SBS2	3	2	0	0	3	0	0	0	0	0	0	0	0
22	chr10:1120001-3031000	SBS3	3	2	1	1	1	0	0	0	0	0	0	0	0
23	chr10:112330001-112815000	SBS3	1	0	1	0	0	0	0	0	0	0	0	0	0
24	chr10:112330001-112815000	SBS5	1	0	1	0	0	0	0	0	0	0	0	0	0
25	chr10:112815001-113653000	SBS18	2	0	1	0	0	0	0	0	0	0	0	0	0
26	chr10:112815001-113653000	SBS3	2	0	1	0	0	0	0	0	0	0	0	0	0
27	chr10:113653001-114979000	SBS1	1	0	1	0	0	0	0	0	0	0	0	0	0
28	chr10:113653001-114979000	SBS3	1	0	3	0	0	0	0	0	0	0	0	0	0
29	chr10:113653001-114979000	SBS5	1	0	1	0	0	0	0	0	0	0	0	0	0
30	chr10:114979001-119023000	SBS1	2	0	1	0	0	0	0	0	0	0	0	0	0
31	chr10:114979001-119023000	SBS18	2	0	2	1	0	0	0	0	0	0	0	0	0
32	chr10:114979001-119023000	SBS2	2	0	0	1	0	0	0	0	0	0	0	0	0
33	chr10:114979001-119023000	SBS3	2	0	7	4	0	0	0	0	0	0	0	0	0
34	chr10:119023001-119954000	SBS13	1	0	1	0	0	0	0	0	0	0	0	0	0
35	chr10:119023001-119954000	SBS3	1	0	3	0	0	0	0	0	0	0	0	0	0
36	chr10:119023001-119954000	SBS5	1	0	1	0	0	0	0	0	0	0	0	0	0
37	chr10:119954001-121733000	SBS1	2	0	1	0	0	0	0	0	0	0	0	0	0
38	chr10:119954001-121733000	SBS18	2	0	1	0	0	0	0	0	0	0	0	0	0
39	chr10:119954001-121733000	SBS2	2	0	1	0	0	0	0	0	0	0	0	0	0
40	chr10:119954001-121733000	SBS3	2	0	3	0	0	0	0	0	0	0	0	0	0
41	chr10:119954001-121733000	SBS5	2	0	1	0	0	0	0	0	0	0	0	0	0
42	chr10:122930001-123254000	SBS3	1	0	1	0	0	0	0	0	0	0	0	0	0
43	chr10:123254001-123992000	SBS3	2	0	2	1	0	0	0	0	0	0	0	0	0
44	chr10:123992001-125160500	SBS1	1	0	1	0	0	0	0	0	0	0	0	0	0
45	chr10:123992001-125160500	SBS18	1	0	1	0	0	0	0	0	0	0	0	0	0
46	chr10:123992001-125160500	SBS5	1	0	1	0	0	0	0	0	0	0	0	0	0
47	chr10:125692001-126128000	SBS1	1	0	2	0	0	0	0	0	0	0	0	0	0
48	chr10:125692001-126128000	SBS13	1	0	2	0	0	0	0	0	0	0	0	0	0
49	chr10:125692001-126128000	SBS3	1	0	5	0	0	0	0	0	0	0	0	0	0
50	chr10:125692001-126128000	SBS5	1	0	1	0	0	0	0	0	0	0	0	0	0
51	chr10:126128001-127854000	SBS1	2	0	1	0	0	0	0	0	0	0	0	0	0
52	chr10:126128001-127854000	SBS3	2	0	1	0	0	0	0	0	0	0	0	0	0
53	chr10:12722001-13582000	SBS1	2	2	1	0	0	0	0	0	0	0	0	0	0
54	chr10:12722001-13582000	SBS2	2	2	1	0	0	0	0	0	0	0	0	0	0
55	chr10:12722001-13582000	SBS3	2	2	2	1	0	0	0	0	0	0	0	0	0
56	chr10:12722001-13582000	SBS5	2	2	1	0	0	0	0	0	0	0	0	0	0
57	chr10:129020001-130106000	SBS18	2	0	0	1	0	0	0	0	0	0	0	0	0
58	chr10:130203001-132308000	SBS1	3	1	0	0	1	0	0	0	0	0	0	0	0
59	chr10:130203001-132308000	SBS3	3	1	0	1	5	0	0	0	0	0	0	0	0
60	chr10:130203001-132308000	SBS5	3	1	0	1	0	0	0	0	0	0	0	0	0
61	chr10:132704001-133228000	SBS3	3	1	0	1	1	0	0	0	0	0	0	0	0
62	chr10:133228001-133797422	SBS18	2	0	0	1	0	0	0	0	0	0	0	0	0
63	chr10:133228001-133797422	SBS2	2	0	1	0	0	0	0	0	0	0	0	0	0
64	chr10:133228001-133797422	SBS3	2	0	0	1	0	0	0	0	0	0	0	0	0
65	chr10:13582001-14527000	SBS3	2	1	1	0	0	0	0	0	0	0	0	0	0
66	chr10:14954680-14960353	SBS3	2	0	1	0	0	0	0	0	0	0	0	0	0
67	chr10:14960392-15777000	SBS1	2	1	1	0	0	0	0	0	0	0	0	0	0
68	chr10:14960392-15777000	SBS18	2	1	1	0	0	0	0	0	0	0	0	0	0
69	chr10:14960392-15777000	SBS3	2	1	2	0	0	0	0	0	0	0	0	0	0
70	chr10:15863001-16740000	SBS3	2	1	0	1	0	0	0	0	0	0	0	0	0
71	chr10:16740001-17136036	SBS13	2	1	0	1	0	0	0	0	0	0	0	0	0
72	chr10:16740001-17136036	SBS18	2	1	0	1	0	0	0	0	0	0	0	0	0
73	chr10:17136041-17801000	SBS1	2	1	0	1	0	0	0	0	0	0	0	0	0
74	chr10:17136041-17801000	SBS3	2	1	1	1	0	0	0	0	0	0	0	0	0
75	chr10:17136041-17801000	SBS5	2	1	1	0	0	0	0	0	0	0	0	0	0
76	chr10:17801001-21492000	SBS13	2	1	1	0	0	0	0	0	0	0	0	0	0
77	chr10:17801001-21492000	SBS18	2	1	0	1	0	0	0	0	0	0	0	0	0
78	chr10:17801001-21492000	SBS3	2	1	7	6	0	0	0	0	0	0	0	0	0
79	chr10:17801001-21492000	SBS5	2	1	2	0	0	0	0	0	0	0	0	0	0
80	chr10:22344001-22597000	SBS3	1	1	1	0	0	0	0	0	0	0	0	0	0
81	chr10:22724001-23545000	SBS1	2	1	0	1	0	0	0	0	0	0	0	0	0
82	chr10:22724001-23545000	SBS3	2	1	3	2	0	0	0	0	0	0	0	0	0
83	chr10:23545001-24190000	SBS5	2	2	0	1	0	0	0	0	0	0	0	0	0
84	chr10:25083001-26405000	SBS13	2	2	0	1	0	0	0	0	0	0	0	0	0
85	chr10:25083001-26405000	SBS3	2	2	0	6	0	0	0	0	0	0	0	0	0
86	chr10:25083001-26405000	SBS5	2	2	0	1	0	0	0	0	0	0	0	0	0
87	chr10:259001-816000	SBS1	2	2	1	1	0	0	0	0	0	0	0	0	0
88	chr10:259001-816000	SBS3	2	2	0	1	0	0	0	0	0	0	0	0	0
89	chr10:26405001-27235000	SBS2	2	1	1	0	0	0	0	0	0	0	0	0	0
90	chr10:26405001-27235000	SBS3	2	1	14	2	0	0	0	0	0	0	0	0	0
91	chr10:26405001-27235000	SBS5	2	1	5	1	0	0	0	0	0	0	0	0	0
92	chr10:27245001-30411000	SBS1	2	1	0	1	0	0	0	0	0	0	0	0	0
93	chr10:27245001-30411000	SBS13	2	1	0	1	0	0	0	0	0	0	0	0	0
94	chr10:27245001-30411000	SBS2	2	1	2	0	0	0	0	0	0	0	0	0	0
95	chr10:27245001-30411000	SBS3	2	1	6	3	0	0	0	0	0	0	0	0	0
96	chr10:27245001-30411000	SBS5	2	1	2	0	0	0	0	0	0	0	0	0	0
97	chr10:3031001-3461000	SBS3	2	1	1	2	0	0	0	0	0	0	0	0	0
98	chr10:3031001-3461000	SBS5	2	1	2	0	0	0	0	0	0	0	0	0	0
99	chr10:30411001-30604000	SBS3	1	0	1	0	0	0	0	0	0	0	0	0	0
100	chr10:30604001-31316000	SBS1	2	1	0	1	0	0	0	0	0	0	0	0	0
101	chr10:31316001-31520000	SBS1	1	1	2	0	0	0	0	0	0	0	0	0	0
102	chr10:31316001-31520000	SBS3	1	1	2	0	0	0	0	0	0	0	0	0	0
103	chr10:31520001-31740000	SBS3	2	1	2	1	0	0	0	0	0	0	0	0	0
104	chr10:31520001-31740000	SBS5	2	1	1	0	0	0	0	0	0	0	0	0	0
105	chr10:31740001-32064000	SBS1	2	0	1	0	0	0	0	0	0	0	0	0	0
106	chr10:31740001-32064000	SBS3	2	0	3	0	0	0	0	0	0	0	0	0	0
107	chr10:32064001-32889000	SBS13	2	1	0	1	0	0	0	0	0	0	0	0	0
108	chr10:32064001-32889000	SBS3	2	1	2	1	0	0	0	0	0	0	0	0	0
109	chr10:32064001-32889000	SBS5	2	1	2	0	0	0	0	0	0	0	0	0	0
110	chr10:32889001-33158000	SBS1	1	0	1	0	0	0	0	0	0	0	0	0	0
111	chr10:32889001-33158000	SBS2	1	0	1	0	0	0	0	0	0	0	0	0	0
112	chr10:32889001-33158000	SBS3	1	0	2	0	0	0	0	0	0	0	0	0	0
113	chr10:32889001-33158000	SBS5	1	0	3	0	0	0	0	0	0	0	0	0	0
114	chr10:33158001-35117000	SBS13	2	1	0	1	0	0	0	0	0	0	0	0	0
115	chr10:33158001-35117000	SBS18	2	1	0	3	0	0	0	0	0	0	0	0	0
116	chr10:33158001-35117000	SBS2	2	1	0	3	0	0	0	0	0	0	0	0	0
117	chr10:33158001-35117000	SBS3	2	1	4	5	0	0	0	0	0	0	0	0	0
118	chr10:33158001-35117000	SBS5	2	1	1	1	0	0	0	0	0	0	0	0	0
119	chr10:3487001-3737000	SBS1	2	1	1	0	0	0	0	0	0	0	0	0	0
120	chr10:35117001-35568000	SBS3	1	1	3	0	0	0	0	0	0	0	0	0	0
121	chr10:35117001-35568000	SBS5	1	1	1	0	0	0	0	0	0	0	0	0	0
122	chr10:35568001-37936000	SBS1	3	2	2	0	0	0	0	0	0	0	0	0	0
123	chr10:35568001-37936000	SBS2	3	2	1	0	0	0	0	0	0	0	0	0	0
124	chr10:35568001-37936000	SBS3	3	2	2	0	5	0	0	0	0	0	0	0	0
125	chr10:35568001-37936000	SBS5	3	2	3	0	0	0	0	0	0	0	0	0	0
126	chr10:3737001-4137000	SBS13	1	0	1	0	0	0	0	0	0	0	0	0	0
127	chr10:3737001-4137000	SBS18	1	0	1	0	0	0	0	0	0	0	0	0	0
128	chr10:3737001-4137000	SBS3	1	0	1	0	0	0	0	0	0	0	0	0	0
129	chr10:37936001-38103000	SBS2	2	1	1	0	0	0	0	0	0	0	0	0	0
130	chr10:38103001-38267000	SBS3	3	2	0	1	0	0	0	0	0	0	0	0	0
131	chr10:38267001-40640101	SBS1	3	3	1	3	0	0	0	0	0	0	0	0	0
132	chr10:38267001-40640101	SBS13	3	3	1	1	1	0	0	0	0	0	0	0	0
133	chr10:38267001-40640101	SBS18	3	3	3	0	1	0	0	0	0	0	0	0	0
134	chr10:38267001-40640101	SBS2	3	3	3	0	0	0	0	0	0	0	0	0	0
135	chr10:38267001-40640101	SBS3	3	3	28	5	7	0	0	0	0	0	0	0	0
136	chr10:38267001-40640101	SBS5	3	3	7	5	0	0	0	0	0	0	0	0	0
137	chr10:40640102-45294934	SBS1	3	2	1	0	0	0	0	0	0	0	0	0	0
138	chr10:40640102-45294934	SBS13	3	2	1	1	2	0	0	0	0	0	0	0	0
139	chr10:40640102-45294934	SBS18	3	2	0	1	0	0	0	0	0	0	0	0	0
140	chr10:40640102-45294934	SBS2	3	2	3	0	1	0	0	0	0	0	0	0	0
141	chr10:40640102-45294934	SBS3	3	2	9	7	14	0	0	0	0	0	0	0	0
142	chr10:40640102-45294934	SBS5	3	2	9	2	4	0	0	0	0	0	0	0	0
143	chr10:4137001-5411000	SBS1	2	1	0	1	0	0	0	0	0	0	0	0	0
144	chr10:4137001-5411000	SBS2	2	1	1	0	0	0	0	0	0	0	0	0	0
145	chr10:4137001-5411000	SBS3	2	1	1	4	0	0	0	0	0	0	0	0	0
146	chr10:45294935-45311166	SBS18	3	0	0	1	0	0	0	0	0	0	0	0	0
147	chr10:45417001-46561000	SBS1	3	1	0	1	1	0	0	0	0	0	0	0	0
148	chr10:45417001-46561000	SBS18	3	1	0	1	0	0	0	0	0	0	0	0	0
149	chr10:45417001-46561000	SBS3	3	1	2	2	1	0	0	0	0	0	0	0	0
150	chr10:45417001-46561000	SBS5	3	1	0	1	0	0	0	0	0	0	0	0	0
151	chr10:46561001-48282000	SBS18	3	2	0	0	1	0	0	0	0	0	0	0	0
152	chr10:46561001-48282000	SBS3	3	2	0	3	0	0	0	0	0	0	0	0	0
153	chr10:48282001-49073231	SBS3	3	1	0	1	2	0	0	0	0	0	0	0	0
154	chr10:49073232-49110835	SBS13	5	1	0	0	0	1	2	0	0	0	0	0	0
155	chr10:49073232-49110835	SBS3	5	1	0	1	0	2	2	0	0	0	0	0	0
156	chr10:49073232-49110835	SBS5	5	1	0	0	1	0	0	0	0	0	0	0	0
157	chr10:49110836-49596000	SBS13	2	0	1	1	0	0	0	0	0	0	0	0	0
158	chr10:49110836-49596000	SBS18	2	0	1	0	0	0	0	0	0	0	0	0	0
159	chr10:49110836-49596000	SBS3	2	0	2	0	0	0	0	0	0	0	0	0	0
160	chr10:49110836-49596000	SBS5	2	0	0	2	0	0	0	0	0	0	0	0	0
161	chr10:49762398-50151000	SBS1	2	0	1	0	0	0	0	0	0	0	0	0	0
162	chr10:49762398-50151000	SBS3	2	0	2	0	0	0	0	0	0	0	0	0	0
163	chr10:49762398-50151000	SBS5	2	0	1	0	0	0	0	0	0	0	0	0	0
164	chr10:50151001-50305000	SBS5	2	0	1	0	0	0	0	0	0	0	0	0	0
165	chr10:50764501-52496000	SBS1	2	0	1	0	0	0	0	0	0	0	0	0	0
166	chr10:50764501-52496000	SBS3	2	0	5	1	0	0	0	0	0	0	0	0	0
167	chr10:52496001-58171000	SBS2	2	0	2	0	0	0	0	0	0	0	0	0	0
168	chr10:52496001-58171000	SBS3	2	0	16	4	0	0	0	0	0	0	0	0	0
169	chr10:52496001-58171000	SBS5	2	0	3	3	0	0	0	0	0	0	0	0	0
170	chr10:5453001-6210500	SBS1	2	1	0	1	0	0	0	0	0	0	0	0	0
171	chr10:5453001-6210500	SBS2	2	1	1	0	0	0	0	0	0	0	0	0	0
172	chr10:58171001-58409000	SBS3	1	0	3	0	0	0	0	0	0	0	0	0	0
173	chr10:58409001-59605000	SBS3	2	0	2	1	0	0	0	0	0	0	0	0	0
174	chr10:58409001-59605000	SBS5	2	0	1	1	0	0	0	0	0	0	0	0	0
175	chr10:60824001-61895000	SBS3	1	0	1	0	0	0	0	0	0	0	0	0	0
176	chr10:6210501-7185000	SBS13	2	1	0	1	0	0	0	0	0	0	0	0	0
177	chr10:6210501-7185000	SBS3	2	1	1	0	0	0	0	0	0	0	0	0	0
178	chr10:62273001-62589000	SBS3	1	0	1	0	0	0	0	0	0	0	0	0	0
179	chr10:62589001-62870000	SBS3	1	0	2	0	0	0	0	0	0	0	0	0	0
180	chr10:63270001-63729000	SBS1	1	0	1	0	0	0	0	0	0	0	0	0	0
181	chr10:63729001-64186000	SBS1	2	0	0	1	0	0	0	0	0	0	0	0	0
182	chr10:64186001-67421000	SBS1	2	0	2	0	0	0	0	0	0	0	0	0	0
183	chr10:64186001-67421000	SBS3	2	0	6	0	0	0	0	0	0	0	0	0	0
184	chr10:64186001-67421000	SBS5	2	0	2	0	0	0	0	0	0	0	0	0	0
185	chr10:67757001-68072000	SBS3	1	0	1	0	0	0	0	0	0	0	0	0	0
186	chr10:67757001-68072000	SBS5	1	0	1	0	0	0	0	0	0	0	0	0	0
187	chr10:68076001-68900000	SBS13	2	0	0	1	0	0	0	0	0	0	0	0	0
188	chr10:68902001-69482000	SBS3	1	0	2	0	0	0	0	0	0	0	0	0	0
189	chr10:69482001-70116000	SBS2	2	0	1	0	0	0	0	0	0	0	0	0	0
190	chr10:69482001-70116000	SBS3	2	0	1	2	0	0	0	0	0	0	0	0	0
191	chr10:70236001-71708000	SBS2	1	0	1	0	0	0	0	0	0	0	0	0	0
192	chr10:70236001-71708000	SBS3	1	0	4	0	0	0	0	0	0	0	0	0	0
193	chr10:70236001-71708000	SBS5	1	0	1	0	0	0	0	0	0	0	0	0	0
194	chr10:71778001-72212000	SBS5	1	0	2	0	0	0	0	0	0	0	0	0	0
195	chr10:7185001-7526000	SBS3	2	1	0	1	0	0	0	0	0	0	0	0	0
196	chr10:72369001-73622000	SBS2	1	0	1	0	0	0	0	0	0	0	0	0	0
197	chr10:72369001-73622000	SBS3	1	0	7	0	0	0	0	0	0	0	0	0	0
198	chr10:72369001-73622000	SBS5	1	0	1	0	0	0	0	0	0	0	0	0	0
199	chr10:73622001-75237000	SBS1	1	0	2	0	0	0	0	0	0	0	0	0	0
200	chr10:73622001-75237000	SBS18	1	0	1	0	0	0	0	0	0	0	0	0	0
201	chr10:73622001-75237000	SBS3	1	0	6	0	0	0	0	0	0	0	0	0	0
202	chr10:73622001-75237000	SBS5	1	0	3	0	0	0	0	0	0	0	0	0	0
203	chr10:75237001-76955000	SBS3	2	0	0	1	0	0	0	0	0	0	0	0	0
204	chr10:76955001-79041000	SBS1	2	0	2	0	0	0	0	0	0	0	0	0	0
205	chr10:76955001-79041000	SBS18	2	0	1	1	0	0	0	0	0	0	0	0	0
206	chr10:76955001-79041000	SBS2	2	0	1	0	0	0	0	0	0	0	0	0	0
207	chr10:76955001-79041000	SBS3	2	0	0	1	0	0	0	0	0	0	0	0	0
208	chr10:76955001-79041000	SBS5	2	0	2	0	0	0	0	0	0	0	0	0	0
209	chr10:7736001-8089000	SBS3	2	1	0	1	0	0	0	0	0	0	0	0	0
210	chr10:79349001-80443000	SBS3	1	0	1	0	0	0	0	0	0	0	0	0	0
211	chr10:79349001-80443000	SBS5	1	0	1	0	0	0	0	0	0	0	0	0	0
212	chr10:80521001-81028000	SBS1	2	0	2	0	0	0	0	0	0	0	0	0	0
213	chr10:80521001-81028000	SBS18	2	0	2	0	0	0	0	0	0	0	0	0	0
214	chr10:80521001-81028000	SBS3	2	0	2	0	0	0	0	0	0	0	0	0	0
215	chr10:8089001-8942000	SBS5	2	1	1	0	0	0	0	0	0	0	0	0	0
216	chr10:81028001-83532000	SBS1	2	0	0	1	0	0	0	0	0	0	0	0	0
217	chr10:81028001-83532000	SBS18	2	0	1	0	0	0	0	0	0	0	0	0	0
218	chr10:81028001-83532000	SBS3	2	0	5	0	0	0	0	0	0	0	0	0	0
219	chr10:816001-1120000	SBS3	2	1	0	1	0	0	0	0	0	0	0	0	0
220	chr10:83532001-84137000	SBS1	2	0	1	0	0	0	0	0	0	0	0	0	0
221	chr10:83532001-84137000	SBS3	2	0	2	1	0	0	0	0	0	0	0	0	0
222	chr10:83532001-84137000	SBS5	2	0	1	1	0	0	0	0	0	0	0	0	0
223	chr10:84541001-86340000	SBS1	2	0	2	0	0	0	0	0	0	0	0	0	0
224	chr10:84541001-86340000	SBS3	2	0	7	1	0	0	0	0	0	0	0	0	0
225	chr10:84541001-86340000	SBS5	2	0	3	0	0	0	0	0	0	0	0	0	0
226	chr10:86340001-87749000	SBS3	1	0	4	0	0	0	0	0	0	0	0	0	0
227	chr10:86340001-87749000	SBS5	1	0	2	0	0	0	0	0	0	0	0	0	0
228	chr10:87975001-88807000	SBS1	1	0	1	0	0	0	0	0	0	0	0	0	0
229	chr10:87975001-88807000	SBS18	1	0	2	0	0	0	0	0	0	0	0	0	0
230	chr10:87975001-88807000	SBS3	1	0	9	0	0	0	0	0	0	0	0	0	0
231	chr10:87975001-88807000	SBS5	1	0	1	0	0	0	0	0	0	0	0	0	0
232	chr10:8942001-9233000	SBS18	1	1	2	0	0	0	0	0	0	0	0	0	0
233	chr10:89978001-90855000	SBS3	2	0	1	0	0	0	0	0	0	0	0	0	0
234	chr10:90855001-91155000	SBS5	1	0	1	0	0	0	0	0	0	0	0	0	0
235	chr10:91288001-91795000	SBS3	1	0	4	0	0	0	0	0	0	0	0	0	0
236	chr10:9233001-11101000	SBS1	2	2	0	1	0	0	0	0	0	0	0	0	0
237	chr10:9233001-11101000	SBS18	2	2	1	1	0	0	0	0	0	0	0	0	0
238	chr10:9233001-11101000	SBS3	2	2	0	7	0	0	0	0	0	0	0	0	0
239	chr10:9233001-11101000	SBS5	2	2	1	0	0	0	0	0	0	0	0	0	0
240	chr10:92355001-92398281	SBS2	2	0	0	1	0	0	0	0	0	0	0	0	0
241	chr10:92355001-92398281	SBS3	2	0	0	1	0	0	0	0	0	0	0	0	0
242	chr10:92427001-93059000	SBS1	1	0	1	0	0	0	0	0	0	0	0	0	0
243	chr10:92427001-93059000	SBS3	1	0	1	0	0	0	0	0	0	0	0	0	0
244	chr10:93352001-93533000	SBS5	1	0	1	0	0	0	0	0	0	0	0	0	0
245	chr10:94632001-95172000	SBS3	2	0	1	0	0	0	0	0	0	0	0	0	0
246	chr10:95172001-96345000	SBS3	1	0	5	0	0	0	0	0	0	0	0	0	0
247	chr10:95172001-96345000	SBS5	1	0	2	0	0	0	0	0	0	0	0	0	0
248	chr10:96345001-96507000	SBS2	2	0	0	1	0	0	0	0	0	0	0	0	0
249	chr10:96741001-96826000	SBS5	2	0	1	0	0	0	0	0	0	0	0	0	0
250	chr10:96996001-97192000	SBS1	2	0	1	0	0	0	0	0	0	0	0	0	0
251	chr10:97192001-97761000	SBS5	1	0	1	0	0	0	0	0	0	0	0	0	0
252	chr10:98255001-98483000	SBS3	1	0	1	0	0	0	0	0	0	0	0	0	0
253	chr10:98483001-99605000	SBS18	2	0	0	1	0	0	0	0	0	0	0	0	0
254	chr10:98483001-99605000	SBS2	2	0	1	0	0	0	0	0	0	0	0	0	0
255	chr10:98483001-99605000	SBS3	2	0	1	2	0	0	0	0	0	0	0	0	0
256	chr10:98483001-99605000	SBS5	2	0	2	0	0	0	0	0	0	0	0	0	0
257	chr10:99605001-100503570	SBS1	1	0	1	0	0	0	0	0	0	0	0	0	0
258	chr10:99605001-100503570	SBS3	1	0	2	0	0	0	0	0	0	0	0	0	0
259	chr11:1-3674000	SBS1	2	2	4	2	0	0	0	0	0	0	0	0	0
260	chr11:1-3674000	SBS13	2	2	1	1	0	0	0	0	0	0	0	0	0
261	chr11:1-3674000	SBS18	2	2	0	1	0	0	0	0	0	0	0	0	0
262	chr11:1-3674000	SBS3	2	2	10	13	0	0	0	0	0	0	0	0	0
263	chr11:1-3674000	SBS5	2	2	3	3	0	0	0	0	0	0	0	0	0
264	chr11:100533001-102263000	SBS1	2	0	2	0	0	0	0	0	0	0	0	0	0
265	chr11:100533001-102263000	SBS2	2	0	1	0	0	0	0	0	0	0	0	0	0
266	chr11:100533001-102263000	SBS3	2	0	1	1	0	0	0	0	0	0	0	0	0
267	chr11:100533001-102263000	SBS5	2	0	1	0	0	0	0	0	0	0	0	0	0
268	chr11:10281001-10938000	SBS3	1	1	2	0	0	0	0	0	0	0	0	0	0
269	chr11:103114001-104608000	SBS3	2	0	0	1	0	0	0	0	0	0	0	0	0
270	chr11:103114001-104608000	SBS5	2	0	1	0	0	0	0	0	0	0	0	0	0
271	chr11:105270001-106011000	SBS3	2	0	0	1	0	0	0	0	0	0	0	0	0
272	chr11:106102001-107294000	SBS18	2	0	1	0	0	0	0	0	0	0	0	0	0
273	chr11:106102001-107294000	SBS3	2	0	0	1	0	0	0	0	0	0	0	0	0
274	chr11:107294001-107594000	SBS3	1	0	1	0	0	0	0	0	0	0	0	0	0
275	chr11:107594001-108005000	SBS3	2	0	1	0	0	0	0	0	0	0	0	0	0
276	chr11:108946001-109933000	SBS1	2	0	0	1	0	0	0	0	0	0	0	0	0
277	chr11:108946001-109933000	SBS3	2	0	1	2	0	0	0	0	0	0	0	0	0
278	chr11:10938001-11839000	SBS13	2	1	0	1	0	0	0	0	0	0	0	0	0
279	chr11:10938001-11839000	SBS3	2	1	1	2	0	0	0	0	0	0	0	0	0
280	chr11:109933001-110481000	SBS1	1	0	2	0	0	0	0	0	0	0	0	0	0
281	chr11:109933001-110481000	SBS13	1	0	1	0	0	0	0	0	0	0	0	0	0
282	chr11:109933001-110481000	SBS18	1	0	1	0	0	0	0	0	0	0	0	0	0
283	chr11:109933001-110481000	SBS2	1	0	1	0	0	0	0	0	0	0	0	0	0
284	chr11:109933001-110481000	SBS3	1	0	7	0	0	0	0	0	0	0	0	0	0
285	chr11:109933001-110481000	SBS5	1	0	1	0	0	0	0	0	0	0	0	0	0
286	chr11:110481001-111177000	SBS3	2	0	0	2	0	0	0	0	0	0	0	0	0
287	chr11:110481001-111177000	SBS5	2	0	0	1	0	0	0	0	0	0	0	0	0
288	chr11:111177001-112294000	SBS3	1	0	1	0	0	0	0	0	0	0	0	0	0
289	chr11:112294001-113723000	SBS3	2	0	2	1	0	0	0	0	0	0	0	0	0
290	chr11:112294001-113723000	SBS5	2	0	0	1	0	0	0	0	0	0	0	0	0
291	chr11:113723001-114462000	SBS1	1	0	1	0	0	0	0	0	0	0	0	0	0
292	chr11:113723001-114462000	SBS3	1	0	1	0	0	0	0	0	0	0	0	0	0
293	chr11:114462001-115155000	SBS2	2	0	0	1	0	0	0	0	0	0	0	0	0
294	chr11:115155001-116728000	SBS1	2	0	3	0	0	0	0	0	0	0	0	0	0
295	chr11:115155001-116728000	SBS18	2	0	0	1	0	0	0	0	0	0	0	0	0
296	chr11:115155001-116728000	SBS3	2	0	2	0	0	0	0	0	0	0	0	0	0
297	chr11:115155001-116728000	SBS5	2	0	1	0	0	0	0	0	0	0	0	0	0
298	chr11:116728001-116909000	SBS3	1	0	1	0	0	0	0	0	0	0	0	0	0
299	chr11:117107001-117349000	SBS5	1	0	1	0	0	0	0	0	0	0	0	0	0
300	chr11:117782001-118910941	SBS13	1	0	2	0	0	0	0	0	0	0	0	0	0
301	chr11:117782001-118910941	SBS3	1	0	1	0	0	0	0	0	0	0	0	0	0
302	chr11:11867001-12283000	SBS3	1	1	1	0	0	0	0	0	0	0	0	0	0
303	chr11:118931001-119384000	SBS3	1	0	1	0	0	0	0	0	0	0	0	0	0
304	chr11:119384001-120278000	SBS13	2	0	0	1	0	0	0	0	0	0	0	0	0
305	chr11:119384001-120278000	SBS3	2	0	5	0	0	0	0	0	0	0	0	0	0
306	chr11:120278001-120445000	SBS3	1	0	1	0	0	0	0	0	0	0	0	0	0
307	chr11:120445001-121283000	SBS3	2	0	1	0	0	0	0	0	0	0	0	0	0
308	chr11:121663001-122628000	SBS1	2	0	1	0	0	0	0	0	0	0	0	0	0
309	chr11:121663001-122628000	SBS18	2	0	1	0	0	0	0	0	0	0	0	0	0
310	chr11:121663001-122628000	SBS2	2	0	1	0	0	0	0	0	0	0	0	0	0
311	chr11:121663001-122628000	SBS3	2	0	7	0	0	0	0	0	0	0	0	0	0
312	chr11:121663001-122628000	SBS5	2	0	1	0	0	0	0	0	0	0	0	0	0
313	chr11:123075001-123582000	SBS1	1	0	1	0	0	0	0	0	0	0	0	0	0
314	chr11:123075001-123582000	SBS3	1	0	1	0	0	0	0	0	0	0	0	0	0
315	chr11:123075001-123582000	SBS5	1	0	1	0	0	0	0	0	0	0	0	0	0
316	chr11:123582001-124620000	SBS1	2	0	1	0	0	0	0	0	0	0	0	0	0
317	chr11:123582001-124620000	SBS3	2	0	1	0	0	0	0	0	0	0	0	0	0
318	chr11:124620001-125142000	SBS3	1	0	1	0	0	0	0	0	0	0	0	0	0
319	chr11:125560001-125684000	SBS3	1	0	1	0	0	0	0	0	0	0	0	0	0
320	chr11:125862501-126260000	SBS3	2	0	1	0	0	0	0	0	0	0	0	0	0
321	chr11:126491001-128015000	SBS2	2	0	0	1	0	0	0	0	0	0	0	0	0
322	chr11:126491001-128015000	SBS3	2	0	2	0	0	0	0	0	0	0	0	0	0
323	chr11:126491001-128015000	SBS5	2	0	1	0	0	0	0	0	0	0	0	0	0
324	chr11:129845001-130957000	SBS3	1	0	1	0	0	0	0	0	0	0	0	0	0
325	chr11:130957001-133911000	SBS13	2	0	0	1	0	0	0	0	0	0	0	0	0
326	chr11:130957001-133911000	SBS18	2	0	2	0	0	0	0	0	0	0	0	0	0
327	chr11:130957001-133911000	SBS2	2	0	1	0	0	0	0	0	0	0	0	0	0
328	chr11:130957001-133911000	SBS3	2	0	9	7	0	0	0	0	0	0	0	0	0
329	chr11:130957001-133911000	SBS5	2	0	0	1	0	0	0	0	0	0	0	0	0
330	chr11:134358254-135086622	SBS3	2	0	1	1	0	0	0	0	0	0	0	0	0
331	chr11:13474001-13666000	SBS3	2	2	0	1	0	0	0	0	0	0	0	0	0
332	chr11:13738001-14246000	SBS1	2	1	1	0	0	0	0	0	0	0	0	0	0
333	chr11:13738001-14246000	SBS2	2	1	1	0	0	0	0	0	0	0	0	0	0
334	chr11:13738001-14246000	SBS3	2	1	1	1	0	0	0	0	0	0	0	0	0
335	chr11:14246001-14922000	SBS5	1	1	1	0	0	0	0	0	0	0	0	0	0
336	chr11:14922001-16734000	SBS13	2	2	0	1	0	0	0	0	0	0	0	0	0
337	chr11:14922001-16734000	SBS2	2	2	0	2	0	0	0	0	0	0	0	0	0
338	chr11:14922001-16734000	SBS3	2	2	0	5	0	0	0	0	0	0	0	0	0
339	chr11:16753001-17523000	SBS3	2	1	0	3	0	0	0	0	0	0	0	0	0
340	chr11:17523001-17783000	SBS3	2	2	0	1	0	0	0	0	0	0	0	0	0
341	chr11:17783001-18781000	SBS18	2	1	0	1	0	0	0	0	0	0	0	0	0
342	chr11:17783001-18781000	SBS3	2	1	1	0	0	0	0	0	0	0	0	0	0
343	chr11:17783001-18781000	SBS5	2	1	1	0	0	0	0	0	0	0	0	0	0
344	chr11:18781001-19070000	SBS3	2	2	0	1	0	0	0	0	0	0	0	0	0
345	chr11:19070001-20117000	SBS1	2	1	1	0	0	0	0	0	0	0	0	0	0
346	chr11:19070001-20117000	SBS18	2	1	1	0	0	0	0	0	0	0	0	0	0
347	chr11:19070001-20117000	SBS2	2	1	1	0	0	0	0	0	0	0	0	0	0
348	chr11:19070001-20117000	SBS3	2	1	1	0	0	0	0	0	0	0	0	0	0
349	chr11:19070001-20117000	SBS5	2	1	1	0	0	0	0	0	0	0	0	0	0
350	chr11:20349001-20512000	SBS3	1	1	2	0	0	0	0	0	0	0	0	0	0
351	chr11:20512001-21940256	SBS13	2	2	0	1	0	0	0	0	0	0	0	0	0
352	chr11:20512001-21940256	SBS2	2	2	1	0	0	0	0	0	0	0	0	0	0
353	chr11:20512001-21940256	SBS3	2	2	1	3	0	0	0	0	0	0	0	0	0
354	chr11:20512001-21940256	SBS5	2	2	1	0	0	0	0	0	0	0	0	0	0
355	chr11:21940258-22616000	SBS13	2	2	1	0	0	0	0	0	0	0	0	0	0
356	chr11:21940258-22616000	SBS3	2	2	1	0	0	0	0	0	0	0	0	0	0
357	chr11:22616001-22930000	SBS3	2	1	0	1	0	0	0	0	0	0	0	0	0
358	chr11:22930001-27330000	SBS1	2	2	0	3	0	0	0	0	0	0	0	0	0
359	chr11:22930001-27330000	SBS13	2	2	0	1	0	0	0	0	0	0	0	0	0
360	chr11:22930001-27330000	SBS18	2	2	1	1	0	0	0	0	0	0	0	0	0
361	chr11:22930001-27330000	SBS3	2	2	4	11	0	0	0	0	0	0	0	0	0
362	chr11:22930001-27330000	SBS5	2	2	2	3	0	0	0	0	0	0	0	0	0
363	chr11:27514001-28008000	SBS3	2	2	0	1	0	0	0	0	0	0	0	0	0
364	chr11:28008001-28339000	SBS5	1	1	1	0	0	0	0	0	0	0	0	0	0
365	chr11:28339001-30120000	SBS3	3	2	0	1	3	0	0	0	0	0	0	0	0
366	chr11:28339001-30120000	SBS5	3	2	0	0	2	0	0	0	0	0	0	0	0
367	chr11:30541001-31302000	SBS13	2	2	0	1	0	0	0	0	0	0	0	0	0
368	chr11:30541001-31302000	SBS3	2	2	11	0	0	0	0	0	0	0	0	0	0
369	chr11:31717001-32774000	SBS2	2	2	0	1	0	0	0	0	0	0	0	0	0
370	chr11:31717001-32774000	SBS3	2	2	0	5	0	0	0	0	0	0	0	0	0
371	chr11:31717001-32774000	SBS5	2	2	2	0	0	0	0	0	0	0	0	0	0
372	chr11:32774001-33115000	SBS2	2	0	1	0	0	0	0	0	0	0	0	0	0
373	chr11:33220317-34045000	SBS2	2	2	0	1	0	0	0	0	0	0	0	0	0
374	chr11:34110001-34902000	SBS1	2	1	1	0	0	0	0	0	0	0	0	0	0
375	chr11:34110001-34902000	SBS3	2	1	3	1	0	0	0	0	0	0	0	0	0
376	chr11:34110001-34902000	SBS5	2	1	8	0	0	0	0	0	0	0	0	0	0
377	chr11:36514001-36796000	SBS1	2	1	0	1	0	0	0	0	0	0	0	0	0
378	chr11:36514001-36796000	SBS5	2	1	1	0	0	0	0	0	0	0	0	0	0
379	chr11:36796001-43312000	SBS1	2	2	2	0	0	0	0	0	0	0	0	0	0
380	chr11:36796001-43312000	SBS2	2	2	1	0	0	0	0	0	0	0	0	0	0
381	chr11:36796001-43312000	SBS3	2	2	4	15	0	0	0	0	0	0	0	0	0
382	chr11:36796001-43312000	SBS5	2	2	4	1	0	0	0	0	0	0	0	0	0
383	chr11:4101001-4660000	SBS2	2	1	0	1	0	0	0	0	0	0	0	0	0
384	chr11:4101001-4660000	SBS3	2	1	1	0	0	0	0	0	0	0	0	0	0
385	chr11:43458001-45410000	SBS1	2	1	1	1	0	0	0	0	0	0	0	0	0
386	chr11:43458001-45410000	SBS18	2	1	0	1	0	0	0	0	0	0	0	0	0
387	chr11:43458001-45410000	SBS3	2	1	0	2	0	0	0	0	0	0	0	0	0
388	chr11:45797001-46098000	SBS3	2	1	2	0	0	0	0	0	0	0	0	0	0
389	chr11:46123001-47976000	SBS1	2	1	3	0	0	0	0	0	0	0	0	0	0
390	chr11:46123001-47976000	SBS13	2	1	1	0	0	0	0	0	0	0	0	0	0
391	chr11:46123001-47976000	SBS3	2	1	9	5	0	0	0	0	0	0	0	0	0
392	chr11:46123001-47976000	SBS5	2	1	4	0	0	0	0	0	0	0	0	0	0
393	chr11:4660001-5582000	SBS3	2	2	0	4	0	0	0	0	0	0	0	0	0
394	chr11:47976001-48114000	SBS18	1	0	1	0	0	0	0	0	0	0	0	0	0
395	chr11:48114001-48357000	SBS3	3	1	0	1	1	0	0	0	0	0	0	0	0
396	chr11:48357001-52751710	SBS1	4	1	2	2	0	2	0	0	0	0	0	0	0
397	chr11:48357001-52751710	SBS13	4	1	2	0	0	0	0	0	0	0	0	0	0
398	chr11:48357001-52751710	SBS2	4	1	2	0	2	0	0	0	0	0	0	0	0
399	chr11:48357001-52751710	SBS3	4	1	23	4	3	2	0	0	0	0	0	0	0
400	chr11:48357001-52751710	SBS5	4	1	7	3	0	0	0	0	0	0	0	0	0
401	chr11:52751711-57071000	SBS1	3	2	0	1	2	0	0	0	0	0	0	0	0
402	chr11:52751711-57071000	SBS18	3	2	2	0	1	0	0	0	0	0	0	0	0
403	chr11:52751711-57071000	SBS2	3	2	0	1	1	0	0	0	0	0	0	0	0
404	chr11:52751711-57071000	SBS3	3	2	7	4	5	0	0	0	0	0	0	0	0
405	chr11:52751711-57071000	SBS5	3	2	4	3	1	0	0	0	0	0	0	0	0
406	chr11:57276001-57639000	SBS13	2	1	0	1	0	0	0	0	0	0	0	0	0
407	chr11:57276001-57639000	SBS3	2	1	1	3	0	0	0	0	0	0	0	0	0
408	chr11:57276001-57639000	SBS5	2	1	0	3	0	0	0	0	0	0	0	0	0
409	chr11:5764001-6183000	SBS3	2	2	1	0	0	0	0	0	0	0	0	0	0
410	chr11:5764001-6183000	SBS5	2	2	1	0	0	0	0	0	0	0	0	0	0
411	chr11:57837001-58496000	SBS3	3	1	1	0	0	0	0	0	0	0	0	0	0
412	chr11:57837001-58496000	SBS5	3	1	1	1	0	0	0	0	0	0	0	0	0
413	chr11:58496001-58677000	SBS3	1	1	1	0	0	0	0	0	0	0	0	0	0
414	chr11:58496001-58677000	SBS5	1	1	1	0	0	0	0	0	0	0	0	0	0
415	chr11:58677001-59015547	SBS1	2	2	0	1	0	0	0	0	0	0	0	0	0
416	chr11:58677001-59015547	SBS3	2	2	1	0	0	0	0	0	0	0	0	0	0
417	chr11:58677001-59015547	SBS5	2	2	2	0	0	0	0	0	0	0	0	0	0
418	chr11:59015946-59078000	SBS3	2	2	0	1	0	0	0	0	0	0	0	0	0
419	chr11:59288501-59537000	SBS3	2	2	1	0	0	0	0	0	0	0	0	0	0
420	chr11:59684001-60818000	SBS3	2	1	3	2	0	0	0	0	0	0	0	0	0
421	chr11:59684001-60818000	SBS5	2	1	2	0	0	0	0	0	0	0	0	0	0
422	chr11:60818001-61176000	SBS1	2	1	1	0	0	0	0	0	0	0	0	0	0
423	chr11:60818001-61176000	SBS3	2	1	1	0	0	0	0	0	0	0	0	0	0
424	chr11:61176001-62539000	SBS3	2	1	0	3	0	0	0	0	0	0	0	0	0
425	chr11:62557001-62893000	SBS3	2	1	0	1	0	0	0	0	0	0	0	0	0
426	chr11:62893001-63507000	SBS2	2	2	1	0	0	0	0	0	0	0	0	0	0
427	chr11:62893001-63507000	SBS3	2	2	2	1	0	0	0	0	0	0	0	0	0
428	chr11:63893001-64375000	SBS3	2	1	0	5	0	0	0	0	0	0	0	0	0
429	chr11:64375001-64618000	SBS2	2	2	0	1	0	0	0	0	0	0	0	0	0
430	chr11:64375001-64618000	SBS3	2	2	0	2	0	0	0	0	0	0	0	0	0
431	chr11:64618001-65415000	SBS1	2	1	1	1	0	0	0	0	0	0	0	0	0
432	chr11:64618001-65415000	SBS3	2	1	3	4	0	0	0	0	0	0	0	0	0
433	chr11:65509001-66067000	SBS13	2	1	0	1	0	0	0	0	0	0	0	0	0
434	chr11:65509001-66067000	SBS3	2	1	0	2	0	0	0	0	0	0	0	0	0
435	chr11:6602001-6759000	SBS3	1	0	1	0	0	0	0	0	0	0	0	0	0
436	chr11:66679001-67159000	SBS3	2	1	1	0	0	0	0	0	0	0	0	0	0
437	chr11:66679001-67159000	SBS5	2	1	1	0	0	0	0	0	0	0	0	0	0
438	chr11:67159001-67512000	SBS2	2	1	0	1	0	0	0	0	0	0	0	0	0
439	chr11:67159001-67512000	SBS3	2	1	0	3	0	0	0	0	0	0	0	0	0
440	chr11:67159001-67512000	SBS5	2	1	0	1	0	0	0	0	0	0	0	0	0
441	chr11:67512001-68455000	SBS1	2	1	0	2	0	0	0	0	0	0	0	0	0
442	chr11:67512001-68455000	SBS13	2	1	1	0	0	0	0	0	0	0	0	0	0
443	chr11:67512001-68455000	SBS2	2	1	0	1	0	0	0	0	0	0	0	0	0
444	chr11:67512001-68455000	SBS3	2	1	18	4	0	0	0	0	0	0	0	0	0
445	chr11:67512001-68455000	SBS5	2	1	9	2	0	0	0	0	0	0	0	0	0
446	chr11:6759001-7498000	SBS5	2	1	0	1	0	0	0	0	0	0	0	0	0
447	chr11:68455001-68595000	SBS3	1	0	1	0	0	0	0	0	0	0	0	0	0
448	chr11:68595001-69695000	SBS3	2	2	0	1	0	0	0	0	0	0	0	0	0
449	chr11:68595001-69695000	SBS5	2	2	0	2	0	0	0	0	0	0	0	0	0
450	chr11:69695001-70191000	SBS1	2	2	0	1	0	0	0	0	0	0	0	0	0
451	chr11:69695001-70191000	SBS2	2	2	1	0	0	0	0	0	0	0	0	0	0
452	chr11:69695001-70191000	SBS3	2	2	1	0	0	0	0	0	0	0	0	0	0
453	chr11:69695001-70191000	SBS5	2	2	0	1	0	0	0	0	0	0	0	0	0
454	chr11:70371001-71927000	SBS1	2	2	2	0	0	0	0	0	0	0	0	0	0
455	chr11:70371001-71927000	SBS13	2	2	1	0	0	0	0	0	0	0	0	0	0
456	chr11:70371001-71927000	SBS18	2	2	1	0	0	0	0	0	0	0	0	0	0
457	chr11:70371001-71927000	SBS3	2	2	10	6	0	0	0	0	0	0	0	0	0
458	chr11:70371001-71927000	SBS5	2	2	4	2	0	0	0	0	0	0	0	0	0
459	chr11:71927001-72111000	SBS3	1	1	1	0	0	0	0	0	0	0	0	0	0
460	chr11:72718001-73296000	SBS3	2	1	0	1	0	0	0	0	0	0	0	0	0
461	chr11:73296001-78577000	SBS1	2	1	3	1	0	0	0	0	0	0	0	0	0
462	chr11:73296001-78577000	SBS13	2	1	1	0	0	0	0	0	0	0	0	0	0
463	chr11:73296001-78577000	SBS18	2	1	2	2	0	0	0	0	0	0	0	0	0
464	chr11:73296001-78577000	SBS2	2	1	1	2	0	0	0	0	0	0	0	0	0
465	chr11:73296001-78577000	SBS3	2	1	13	8	0	0	0	0	0	0	0	0	0
466	chr11:73296001-78577000	SBS5	2	1	11	2	0	0	0	0	0	0	0	0	0
467	chr11:7675001-8552000	SBS3	2	1	2	0	0	0	0	0	0	0	0	0	0
468	chr11:7675001-8552000	SBS5	2	1	1	0	0	0	0	0	0	0	0	0	0
469	chr11:78577001-82859000	SBS1	2	2	0	1	0	0	0	0	0	0	0	0	0
470	chr11:78577001-82859000	SBS13	2	2	0	1	0	0	0	0	0	0	0	0	0
471	chr11:78577001-82859000	SBS18	2	2	0	2	0	0	0	0	0	0	0	0	0
472	chr11:78577001-82859000	SBS2	2	2	0	1	0	0	0	0	0	0	0	0	0
473	chr11:78577001-82859000	SBS3	2	2	1	8	0	0	0	0	0	0	0	0	0
474	chr11:78577001-82859000	SBS5	2	2	0	2	0	0	0	0	0	0	0	0	0
475	chr11:83488477-85624000	SBS2	2	2	0	1	0	0	0	0	0	0	0	0	0
476	chr11:83488477-85624000	SBS3	2	2	0	6	0	0	0	0	0	0	0	0	0
477	chr11:8552001-9770000	SBS2	2	1	0	1	0	0	0	0	0	0	0	0	0
478	chr11:8552001-9770000	SBS3	2	1	2	1	0	0	0	0	0	0	0	0	0
479	chr11:8552001-9770000	SBS5	2	1	2	0	0	0	0	0	0	0	0	0	0
480	chr11:85624001-85857000	SBS5	2	0	1	0	0	0	0	0	0	0	0	0	0
481	chr11:85946001-86306000	SBS3	1	1	1	0	0	0	0	0	0	0	0	0	0
482	chr11:85946001-86306000	SBS5	1	1	1	0	0	0	0	0	0	0	0	0	0
483	chr11:86306001-87357000	SBS3	2	1	2	1	0	0	0	0	0	0	0	0	0
484	chr11:86306001-87357000	SBS5	2	1	1	0	0	0	0	0	0	0	0	0	0
485	chr11:87357001-88165000	SBS3	2	2	0	1	0	0	0	0	0	0	0	0	0
486	chr11:88165001-88284040	SBS18	2	1	0	1	0	0	0	0	0	0	0	0	0
487	chr11:88165001-88284040	SBS3	2	1	0	1	0	0	0	0	0	0	0	0	0
488	chr11:88286497-88551000	SBS2	1	1	1	0	0	0	0	0	0	0	0	0	0
489	chr11:88286497-88551000	SBS3	1	1	3	0	0	0	0	0	0	0	0	0	0
490	chr11:88286497-88551000	SBS5	1	1	1	0	0	0	0	0	0	0	0	0	0
491	chr11:88551001-90190000	SBS18	2	2	1	0	0	0	0	0	0	0	0	0	0
492	chr11:88551001-90190000	SBS2	2	2	1	1	0	0	0	0	0	0	0	0	0
493	chr11:88551001-90190000	SBS3	2	2	2	2	0	0	0	0	0	0	0	0	0
494	chr11:90493001-92928097	SBS13	2	2	0	1	0	0	0	0	0	0	0	0	0
495	chr11:90493001-92928097	SBS3	2	2	0	5	0	0	0	0	0	0	0	0	0
496	chr11:90493001-92928097	SBS5	2	2	0	1	0	0	0	0	0	0	0	0	0
497	chr11:94197001-94413000	SBS3	2	0	2	0	0	0	0	0	0	0	0	0	0
498	chr11:94197001-94413000	SBS5	2	0	2	0	0	0	0	0	0	0	0	0	0
499	chr11:94413001-95061000	SBS1	1	0	1	0	0	0	0	0	0	0	0	0	0
500	chr11:94413001-95061000	SBS3	1	0	6	0	0	0	0	0	0	0	0	0	0
501	chr11:94413001-95061000	SBS5	1	0	1	0	0	0	0	0	0	0	0	0	0
502	chr11:96516001-100533000	SBS1	2	1	1	0	0	0	0	0	0	0	0	0	0
503	chr11:96516001-100533000	SBS2	2	1	1	0	0	0	0	0	0	0	0	0	0
504	chr11:96516001-100533000	SBS3	2	1	2	2	0	0	0	0	0	0	0	0	0
505	chr11:96516001-100533000	SBS5	2	1	4	0	0	0	0	0	0	0	0	0	0
506	chr11:9770001-10281000	SBS2	2	1	0	1	0	0	0	0	0	0	0	0	0
507	chr12:100342501-101599000	SBS1	4	2	0	1	0	0	0	0	0	0	0	0	0
508	chr12:100342501-101599000	SBS18	4	2	0	0	0	1	0	0	0	0	0	0	0
509	chr12:100342501-101599000	SBS3	4	2	0	1	0	2	0	0	0	0	0	0	0
510	chr12:100342501-101599000	SBS5	4	2	0	3	0	1	0	0	0	0	0	0	0
511	chr12:101599001-102198000	SBS2	3	1	0	2	0	0	0	0	0	0	0	0	0
512	chr12:102198001-103780000	SBS1	4	2	0	0	0	1	0	0	0	0	0	0	0
513	chr12:102198001-103780000	SBS13	4	2	0	0	0	1	0	0	0	0	0	0	0
514	chr12:102198001-103780000	SBS3	4	2	0	3	0	2	0	0	0	0	0	0	0
515	chr12:103780001-105384000	SBS1	3	1	0	1	0	0	0	0	0	0	0	0	0
516	chr12:103780001-105384000	SBS3	3	1	2	1	2	0	0	0	0	0	0	0	0
517	chr12:105384001-106759000	SBS3	4	2	0	1	0	5	0	0	0	0	0	0	0
518	chr12:106759001-107036000	SBS3	3	0	0	1	0	0	0	0	0	0	0	0	0
519	chr12:107036001-107513887	SBS1	3	2	0	0	1	0	0	0	0	0	0	0	0
520	chr12:107036001-107513887	SBS13	3	2	0	0	1	0	0	0	0	0	0	0	0
521	chr12:107036001-107513887	SBS3	3	2	0	1	2	0	0	0	0	0	0	0	0
522	chr12:1072125-1623834	SBS2	3	2	0	0	1	0	0	0	0	0	0	0	0
523	chr12:107513888-107760000	SBS1	2	1	0	1	0	0	0	0	0	0	0	0	0
524	chr12:107513888-107760000	SBS3	2	1	0	1	0	0	0	0	0	0	0	0	0
525	chr12:107762001-108507000	SBS3	2	2	0	5	0	0	0	0	0	0	0	0	0
526	chr12:107762001-108507000	SBS5	2	2	0	2	0	0	0	0	0	0	0	0	0
527	chr12:10777001-11391000	SBS18	2	0	0	1	0	0	0	0	0	0	0	0	0
528	chr12:10777001-11391000	SBS2	2	0	2	0	0	0	0	0	0	0	0	0	0
529	chr12:10777001-11391000	SBS3	2	0	13	0	0	0	0	0	0	0	0	0	0
530	chr12:10777001-11391000	SBS5	2	0	1	0	0	0	0	0	0	0	0	0	0
531	chr12:108507001-108737000	SBS3	2	1	0	2	0	0	0	0	0	0	0	0	0
532	chr12:108737001-109842000	SBS1	2	2	1	0	0	0	0	0	0	0	0	0	0
533	chr12:108737001-109842000	SBS3	2	2	0	1	0	0	0	0	0	0	0	0	0
534	chr12:109842001-110782000	SBS3	2	1	1	1	0	0	0	0	0	0	0	0	0
535	chr12:109842001-110782000	SBS5	2	1	1	0	0	0	0	0	0	0	0	0	0
536	chr12:111472001-112478000	SBS3	2	1	0	4	0	0	0	0	0	0	0	0	0
537	chr12:112478001-112886000	SBS18	2	2	1	0	0	0	0	0	0	0	0	0	0
538	chr12:112478001-112886000	SBS2	2	2	1	0	0	0	0	0	0	0	0	0	0
539	chr12:112478001-112886000	SBS3	2	2	1	1	0	0	0	0	0	0	0	0	0
540	chr12:112478001-112886000	SBS5	2	2	0	1	0	0	0	0	0	0	0	0	0
541	chr12:112994001-113372000	SBS3	2	1	0	2	0	0	0	0	0	0	0	0	0
542	chr12:112994001-113372000	SBS5	2	1	1	0	0	0	0	0	0	0	0	0	0
543	chr12:113372001-115948000	SBS3	2	2	2	7	0	0	0	0	0	0	0	0	0
544	chr12:113372001-115948000	SBS5	2	2	0	3	0	0	0	0	0	0	0	0	0
545	chr12:11391001-11541000	SBS5	2	1	1	0	0	0	0	0	0	0	0	0	0
546	chr12:116307001-117203000	SBS1	2	1	1	0	0	0	0	0	0	0	0	0	0
547	chr12:116307001-117203000	SBS18	2	1	0	1	0	0	0	0	0	0	0	0	0
548	chr12:116307001-117203000	SBS3	2	1	3	1	0	0	0	0	0	0	0	0	0
549	chr12:117203001-118013000	SBS1	2	2	1	0	0	0	0	0	0	0	0	0	0
550	chr12:117203001-118013000	SBS18	2	2	1	0	0	0	0	0	0	0	0	0	0
551	chr12:117203001-118013000	SBS3	2	2	2	0	0	0	0	0	0	0	0	0	0
552	chr12:117203001-118013000	SBS5	2	2	1	0	0	0	0	0	0	0	0	0	0
553	chr12:118432001-119089000	SBS1	3	2	0	1	0	0	0	0	0	0	0	0	0
554	chr12:118432001-119089000	SBS18	3	2	0	1	0	0	0	0	0	0	0	0	0
555	chr12:118432001-119089000	SBS3	3	2	1	3	0	0	0	0	0	0	0	0	0
556	chr12:118432001-119089000	SBS5	3	2	0	0	2	0	0	0	0	0	0	0	0
557	chr12:119089001-119656000	SBS3	2	2	6	0	0	0	0	0	0	0	0	0	0
558	chr12:119089001-119656000	SBS5	2	2	4	0	0	0	0	0	0	0	0	0	0
559	chr12:119656001-121784000	SBS1	2	1	1	0	0	0	0	0	0	0	0	0	0
560	chr12:119656001-121784000	SBS2	2	1	3	0	0	0	0	0	0	0	0	0	0
561	chr12:119656001-121784000	SBS3	2	1	9	4	0	0	0	0	0	0	0	0	0
562	chr12:119656001-121784000	SBS5	2	1	3	0	0	0	0	0	0	0	0	0	0
563	chr12:12038001-12326000	SBS3	2	0	1	0	0	0	0	0	0	0	0	0	0
564	chr12:121808001-122262000	SBS2	2	2	0	1	0	0	0	0	0	0	0	0	0
565	chr12:121808001-122262000	SBS3	2	2	1	0	0	0	0	0	0	0	0	0	0
566	chr12:122262001-123485000	SBS1	2	1	4	2	0	0	0	0	0	0	0	0	0
567	chr12:122262001-123485000	SBS2	2	1	0	1	0	0	0	0	0	0	0	0	0
568	chr12:122262001-123485000	SBS3	2	1	0	1	0	0	0	0	0	0	0	0	0
569	chr12:122262001-123485000	SBS5	2	1	2	0	0	0	0	0	0	0	0	0	0
570	chr12:123485001-124359000	SBS3	2	2	1	5	0	0	0	0	0	0	0	0	0
571	chr12:123485001-124359000	SBS5	2	2	0	1	0	0	0	0	0	0	0	0	0
572	chr12:124943001-125366000	SBS3	2	2	2	1	0	0	0	0	0	0	0	0	0
573	chr12:125366001-125716816	SBS18	3	2	0	0	1	0	0	0	0	0	0	0	0
574	chr12:125366001-125716816	SBS3	3	2	3	0	0	0	0	0	0	0	0	0	0
575	chr12:125366001-125716816	SBS5	3	2	0	1	0	0	0	0	0	0	0	0	0
576	chr12:125716817-130788000	SBS1	3	2	1	2	3	0	0	0	0	0	0	0	0
577	chr12:125716817-130788000	SBS13	3	2	1	1	2	0	0	0	0	0	0	0	0
578	chr12:125716817-130788000	SBS18	3	2	0	2	4	0	0	0	0	0	0	0	0
579	chr12:125716817-130788000	SBS2	3	2	0	0	2	0	0	0	0	0	0	0	0
580	chr12:125716817-130788000	SBS3	3	2	9	2	12	0	0	0	0	0	0	0	0
581	chr12:125716817-130788000	SBS5	3	2	0	1	1	0	0	0	0	0	0	0	0
582	chr12:12821001-13282000	SBS2	1	0	1	0	0	0	0	0	0	0	0	0	0
583	chr12:12821001-13282000	SBS5	1	0	1	0	0	0	0	0	0	0	0	0	0
584	chr12:130881001-133275309	SBS1	2	2	2	0	0	0	0	0	0	0	0	0	0
585	chr12:130881001-133275309	SBS3	2	2	6	4	0	0	0	0	0	0	0	0	0
586	chr12:130881001-133275309	SBS5	2	2	0	2	0	0	0	0	0	0	0	0	0
587	chr12:13282001-14157000	SBS18	2	0	1	0	0	0	0	0	0	0	0	0	0
588	chr12:13282001-14157000	SBS3	2	0	0	1	0	0	0	0	0	0	0	0	0
589	chr12:15519001-16014000	SBS3	1	0	1	0	0	0	0	0	0	0	0	0	0
590	chr12:16211586-19121000	SBS1	2	2	1	1	0	0	0	0	0	0	0	0	0
591	chr12:16211586-19121000	SBS13	2	2	0	1	0	0	0	0	0	0	0	0	0
592	chr12:16211586-19121000	SBS3	2	2	3	5	0	0	0	0	0	0	0	0	0
593	chr12:16211586-19121000	SBS5	2	2	1	0	0	0	0	0	0	0	0	0	0
594	chr12:1808001-2661494	SBS1	2	1	0	1	0	0	0	0	0	0	0	0	0
595	chr12:1808001-2661494	SBS2	2	1	0	1	0	0	0	0	0	0	0	0	0
596	chr12:1808001-2661494	SBS3	2	1	0	2	0	0	0	0	0	0	0	0	0
597	chr12:1808001-2661494	SBS5	2	1	0	1	0	0	0	0	0	0	0	0	0
598	chr12:19121001-19762000	SBS3	2	1	0	2	0	0	0	0	0	0	0	0	0
599	chr12:19762001-21434000	SBS1	2	2	2	1	0	0	0	0	0	0	0	0	0
600	chr12:19762001-21434000	SBS18	2	2	0	1	0	0	0	0	0	0	0	0	0
601	chr12:19762001-21434000	SBS2	2	2	0	1	0	0	0	0	0	0	0	0	0
602	chr12:19762001-21434000	SBS3	2	2	5	5	0	0	0	0	0	0	0	0	0
603	chr12:19762001-21434000	SBS5	2	2	2	2	0	0	0	0	0	0	0	0	0
604	chr12:22032001-22624000	SBS3	2	1	0	4	0	0	0	0	0	0	0	0	0
605	chr12:22692001-23920000	SBS1	2	2	1	0	0	0	0	0	0	0	0	0	0
606	chr12:22692001-23920000	SBS13	2	2	0	1	0	0	0	0	0	0	0	0	0
607	chr12:22692001-23920000	SBS18	2	2	0	1	0	0	0	0	0	0	0	0	0
608	chr12:22692001-23920000	SBS3	2	2	0	4	0	0	0	0	0	0	0	0	0
609	chr12:22692001-23920000	SBS5	2	2	0	1	0	0	0	0	0	0	0	0	0
610	chr12:235421-256000	SBS13	6	1	0	0	0	0	0	1	0	0	0	0	0
611	chr12:23920001-25034000	SBS18	2	1	0	1	0	0	0	0	0	0	0	0	0
612	chr12:23920001-25034000	SBS5	2	1	0	1	0	0	0	0	0	0	0	0	0
613	chr12:25388001-25975000	SBS3	2	1	0	1	0	0	0	0	0	0	0	0	0
614	chr12:25388001-25975000	SBS5	2	1	0	1	0	0	0	0	0	0	0	0	0
615	chr12:256001-749000	SBS1	3	1	0	1	0	0	0	0	0	0	0	0	0
616	chr12:256001-749000	SBS3	3	1	2	0	0	0	0	0	0	0	0	0	0
617	chr12:25975001-27826000	SBS18	2	1	2	0	0	0	0	0	0	0	0	0	0
618	chr12:25975001-27826000	SBS3	2	1	4	3	0	0	0	0	0	0	0	0	0
619	chr12:25975001-27826000	SBS5	2	1	1	0	0	0	0	0	0	0	0	0	0
620	chr12:2661546-3604314	SBS1	2	2	0	1	0	0	0	0	0	0	0	0	0
621	chr12:2661546-3604314	SBS18	2	2	0	1	0	0	0	0	0	0	0	0	0
622	chr12:27853311-28170000	SBS3	2	1	0	1	0	0	0	0	0	0	0	0	0
623	chr12:28557001-28953000	SBS1	2	2	0	1	0	0	0	0	0	0	0	0	0
624	chr12:28557001-28953000	SBS18	2	2	0	1	0	0	0	0	0	0	0	0	0
625	chr12:29789001-30621000	SBS3	2	2	2	0	0	0	0	0	0	0	0	0	0
626	chr12:30621001-32763000	SBS1	2	1	1	0	0	0	0	0	0	0	0	0	0
627	chr12:30621001-32763000	SBS2	2	1	0	1	0	0	0	0	0	0	0	0	0
628	chr12:30621001-32763000	SBS3	2	1	1	4	0	0	0	0	0	0	0	0	0
629	chr12:30621001-32763000	SBS5	2	1	1	2	0	0	0	0	0	0	0	0	0
630	chr12:32763001-34405000	SBS1	2	2	3	2	0	0	0	0	0	0	0	0	0
631	chr12:32763001-34405000	SBS13	2	2	0	1	0	0	0	0	0	0	0	0	0
632	chr12:32763001-34405000	SBS18	2	2	2	1	0	0	0	0	0	0	0	0	0
633	chr12:32763001-34405000	SBS2	2	2	1	0	0	0	0	0	0	0	0	0	0
634	chr12:32763001-34405000	SBS3	2	2	10	7	0	0	0	0	0	0	0	0	0
635	chr12:32763001-34405000	SBS5	2	2	1	0	0	0	0	0	0	0	0	0	0
636	chr12:34405001-35977329	SBS3	5	1	7	1	0	0	1	0	0	0	0	0	0
637	chr12:34405001-35977329	SBS5	5	1	1	0	0	0	0	0	0	0	0	0	0
638	chr12:35977330-38103000	SBS13	4	3	0	1	0	1	0	0	0	0	0	0	0
639	chr12:35977330-38103000	SBS18	4	3	0	1	0	0	0	0	0	0	0	0	0
640	chr12:35977330-38103000	SBS2	4	3	1	0	0	0	0	0	0	0	0	0	0
641	chr12:35977330-38103000	SBS3	4	3	2	33	8	4	0	0	0	0	0	0	0
642	chr12:35977330-38103000	SBS5	4	3	0	1	2	0	0	0	0	0	0	0	0
643	chr12:38103001-39267000	SBS13	2	2	0	1	0	0	0	0	0	0	0	0	0
644	chr12:38103001-39267000	SBS3	2	2	3	3	0	0	0	0	0	0	0	0	0
645	chr12:38103001-39267000	SBS5	2	2	2	1	0	0	0	0	0	0	0	0	0
646	chr12:3903001-4859000	SBS3	2	1	5	2	0	0	0	0	0	0	0	0	0
647	chr12:3903001-4859000	SBS5	2	1	2	0	0	0	0	0	0	0	0	0	0
648	chr12:39267001-40376000	SBS3	2	1	0	5	0	0	0	0	0	0	0	0	0
649	chr12:40376001-42088000	SBS13	2	2	0	1	0	0	0	0	0	0	0	0	0
650	chr12:40376001-42088000	SBS2	2	2	0	1	0	0	0	0	0	0	0	0	0
651	chr12:40376001-42088000	SBS3	2	2	1	8	0	0	0	0	0	0	0	0	0
652	chr12:40376001-42088000	SBS5	2	2	1	0	0	0	0	0	0	0	0	0	0
653	chr12:42088001-42489000	SBS13	1	1	1	0	0	0	0	0	0	0	0	0	0
654	chr12:42489001-45165000	SBS1	2	2	2	1	0	0	0	0	0	0	0	0	0
655	chr12:42489001-45165000	SBS3	2	2	3	5	0	0	0	0	0	0	0	0	0
656	chr12:42489001-45165000	SBS5	2	2	1	0	0	0	0	0	0	0	0	0	0
657	chr12:45165001-45723000	SBS2	2	1	0	1	0	0	0	0	0	0	0	0	0
658	chr12:45734001-45996000	SBS3	1	0	1	0	0	0	0	0	0	0	0	0	0
659	chr12:46273001-46587000	SBS18	1	1	1	0	0	0	0	0	0	0	0	0	0
660	chr12:46273001-46587000	SBS3	1	1	3	0	0	0	0	0	0	0	0	0	0
661	chr12:47021001-47415000	SBS3	1	1	1	0	0	0	0	0	0	0	0	0	0
662	chr12:47415001-47646000	SBS3	2	2	0	1	0	0	0	0	0	0	0	0	0
663	chr12:47646001-47801000	SBS5	1	0	3	0	0	0	0	0	0	0	0	0	0
664	chr12:47839001-48202000	SBS3	1	1	1	0	0	0	0	0	0	0	0	0	0
665	chr12:4859001-5788752	SBS3	2	2	0	5	0	0	0	0	0	0	0	0	0
666	chr12:4859001-5788752	SBS5	2	2	0	1	0	0	0	0	0	0	0	0	0
667	chr12:48646001-51537000	SBS1	2	1	0	1	0	0	0	0	0	0	0	0	0
668	chr12:48646001-51537000	SBS18	2	1	1	0	0	0	0	0	0	0	0	0	0
669	chr12:48646001-51537000	SBS3	2	1	2	2	0	0	0	0	0	0	0	0	0
670	chr12:48646001-51537000	SBS5	2	1	1	0	0	0	0	0	0	0	0	0	0
671	chr12:51537001-51878000	SBS18	2	1	1	0	0	0	0	0	0	0	0	0	0
672	chr12:51537001-51878000	SBS3	2	1	1	1	0	0	0	0	0	0	0	0	0
673	chr12:52282001-52894000	SBS3	2	2	0	2	0	0	0	0	0	0	0	0	0
674	chr12:52894001-54279000	SBS18	2	1	0	1	0	0	0	0	0	0	0	0	0
675	chr12:52894001-54279000	SBS3	2	1	3	5	0	0	0	0	0	0	0	0	0
676	chr12:52894001-54279000	SBS5	2	1	1	1	0	0	0	0	0	0	0	0	0
677	chr12:54440001-55076000	SBS18	2	1	0	1	0	0	0	0	0	0	0	0	0
678	chr12:54440001-55076000	SBS3	2	1	1	1	0	0	0	0	0	0	0	0	0
679	chr12:55076001-55901000	SBS3	2	2	1	1	0	0	0	0	0	0	0	0	0
680	chr12:55076001-55901000	SBS5	2	2	1	1	0	0	0	0	0	0	0	0	0
681	chr12:55901001-56773928	SBS13	2	1	0	1	0	0	0	0	0	0	0	0	0
682	chr12:55901001-56773928	SBS3	2	1	5	1	0	0	0	0	0	0	0	0	0
683	chr12:55901001-56773928	SBS5	2	1	1	1	0	0	0	0	0	0	0	0	0
684	chr12:56773953-57740000	SBS1	2	1	1	0	0	0	0	0	0	0	0	0	0
685	chr12:56773953-57740000	SBS18	2	1	0	1	0	0	0	0	0	0	0	0	0
686	chr12:56773953-57740000	SBS2	2	1	0	1	0	0	0	0	0	0	0	0	0
687	chr12:56773953-57740000	SBS3	2	1	2	0	0	0	0	0	0	0	0	0	0
688	chr12:56773953-57740000	SBS5	2	1	1	1	0	0	0	0	0	0	0	0	0
689	chr12:57757001-57950000	SBS3	1	1	1	0	0	0	0	0	0	0	0	0	0
690	chr12:5788753-6187000	SBS1	2	0	1	0	0	0	0	0	0	0	0	0	0
691	chr12:57950001-59084187	SBS13	2	2	1	0	0	0	0	0	0	0	0	0	0
692	chr12:57950001-59084187	SBS3	2	2	0	1	0	0	0	0	0	0	0	0	0
693	chr12:57950001-59084187	SBS5	2	2	1	0	0	0	0	0	0	0	0	0	0
694	chr12:59084188-59553000	SBS3	3	2	2	1	1	0	0	0	0	0	0	0	0
695	chr12:59791001-60373000	SBS13	4	2	0	0	0	1	0	0	0	0	0	0	0
696	chr12:59791001-60373000	SBS3	4	2	0	1	0	0	0	0	0	0	0	0	0
697	chr12:60373001-62253000	SBS18	4	2	0	0	1	4	0	0	0	0	0	0	0
698	chr12:60373001-62253000	SBS3	4	2	0	0	1	1	0	0	0	0	0	0	0
699	chr12:60373001-62253000	SBS5	4	2	0	0	1	0	0	0	0	0	0	0	0
700	chr12:6187001-6903000	SBS3	1	0	1	0	0	0	0	0	0	0	0	0	0
701	chr12:62817001-63764000	SBS13	4	2	0	1	0	0	0	0	0	0	0	0	0
702	chr12:62817001-63764000	SBS2	4	2	0	0	0	1	0	0	0	0	0	0	0
703	chr12:62817001-63764000	SBS3	4	2	0	1	2	2	0	0	0	0	0	0	0
704	chr12:62817001-63764000	SBS5	4	2	0	0	0	1	0	0	0	0	0	0	0
705	chr12:64226001-64401000	SBS3	4	2	0	0	1	0	0	0	0	0	0	0	0
706	chr12:64401001-64817000	SBS3	3	1	2	0	0	0	0	0	0	0	0	0	0
707	chr12:64401001-64817000	SBS5	3	1	1	0	0	0	0	0	0	0	0	0	0
708	chr12:66331001-67266000	SBS3	3	2	0	0	1	0	0	0	0	0	0	0	0
709	chr12:67266001-67673000	SBS3	2	1	0	2	0	0	0	0	0	0	0	0	0
710	chr12:67266001-67673000	SBS5	2	1	1	0	0	0	0	0	0	0	0	0	0
711	chr12:67673001-68316000	SBS3	3	1	0	2	1	0	0	0	0	0	0	0	0
712	chr12:68316001-68847500	SBS13	3	1	0	0	1	0	0	0	0	0	0	0	0
713	chr12:68316001-68847500	SBS2	3	1	0	1	0	0	0	0	0	0	0	0	0
714	chr12:68316001-68847500	SBS3	3	1	0	1	1	0	0	0	0	0	0	0	0
715	chr12:68847501-69235000	SBS3	3	1	2	0	0	0	0	0	0	0	0	0	0
716	chr12:69235001-69569302	SBS13	2	1	0	2	0	0	0	0	0	0	0	0	0
717	chr12:69235001-69569302	SBS5	2	1	0	1	0	0	0	0	0	0	0	0	0
718	chr12:69599001-70241000	SBS1	3	2	0	0	1	0	0	0	0	0	0	0	0
719	chr12:69599001-70241000	SBS18	3	2	0	1	0	0	0	0	0	0	0	0	0
720	chr12:69599001-70241000	SBS3	3	2	0	3	4	0	0	0	0	0	0	0	0
721	chr12:70370001-71139972	SBS13	4	2	0	0	0	1	0	0	0	0	0	0	0
722	chr12:70370001-71139972	SBS3	4	2	0	0	1	2	0	0	0	0	0	0	0
723	chr12:71143714-71597000	SBS1	4	2	0	0	0	1	0	0	0	0	0	0	0
724	chr12:71143714-71597000	SBS3	4	2	0	0	2	2	0	0	0	0	0	0	0
725	chr12:71933001-74536500	SBS1	4	2	1	0	0	1	0	0	0	0	0	0	0
726	chr12:71933001-74536500	SBS3	4	2	1	8	0	4	0	0	0	0	0	0	0
727	chr12:71933001-74536500	SBS5	4	2	2	0	0	0	0	0	0	0	0	0	0
728	chr12:7226001-7837000	SBS3	2	0	0	1	0	0	0	0	0	0	0	0	0
729	chr12:74543001-75388000	SBS2	3	2	0	0	1	0	0	0	0	0	0	0	0
730	chr12:74543001-75388000	SBS3	3	2	0	0	1	0	0	0	0	0	0	0	0
731	chr12:75393001-76097000	SBS3	3	1	0	1	0	0	0	0	0	0	0	0	0
732	chr12:75393001-76097000	SBS5	3	1	1	0	0	0	0	0	0	0	0	0	0
733	chr12:757001-915000	SBS2	2	1	0	1	0	0	0	0	0	0	0	0	0
734	chr12:757001-915000	SBS3	2	1	1	0	0	0	0	0	0	0	0	0	0
735	chr12:76097001-76335000	SBS1	4	2	0	1	0	0	0	0	0	0	0	0	0
736	chr12:76097001-76335000	SBS18	4	2	0	2	0	0	0	0	0	0	0	0	0
737	chr12:76097001-76335000	SBS3	4	2	0	5	0	0	0	0	0	0	0	0	0
738	chr12:76097001-76335000	SBS5	4	2	0	2	0	0	0	0	0	0	0	0	0
739	chr12:76883001-79346000	SBS18	3	2	1	1	0	0	0	0	0	0	0	0	0
740	chr12:76883001-79346000	SBS3	3	2	9	0	1	0	0	0	0	0	0	0	0
741	chr12:76883001-79346000	SBS5	3	2	2	0	0	0	0	0	0	0	0	0	0
742	chr12:7842001-9510000	SBS1	1	0	4	0	0	0	0	0	0	0	0	0	0
743	chr12:7842001-9510000	SBS13	1	0	1	0	0	0	0	0	0	0	0	0	0
744	chr12:7842001-9510000	SBS2	1	0	1	0	0	0	0	0	0	0	0	0	0
745	chr12:7842001-9510000	SBS3	1	0	9	0	0	0	0	0	0	0	0	0	0
746	chr12:7842001-9510000	SBS5	1	0	5	0	0	0	0	0	0	0	0	0	0
747	chr12:79346001-79772000	SBS13	4	0	0	0	0	1	0	0	0	0	0	0	0
748	chr12:79941001-81963000	SBS1	3	2	1	0	0	0	0	0	0	0	0	0	0
749	chr12:79941001-81963000	SBS13	3	2	1	0	0	0	0	0	0	0	0	0	0
750	chr12:79941001-81963000	SBS3	3	2	3	1	0	0	0	0	0	0	0	0	0
751	chr12:79941001-81963000	SBS5	3	2	1	0	0	0	0	0	0	0	0	0	0
752	chr12:81963001-82324000	SBS1	4	2	0	1	0	0	0	0	0	0	0	0	0
753	chr12:81963001-82324000	SBS3	4	2	0	2	0	0	0	0	0	0	0	0	0
754	chr12:81963001-82324000	SBS5	4	2	0	1	0	0	0	0	0	0	0	0	0
755	chr12:82324001-83095000	SBS13	3	1	0	0	1	0	0	0	0	0	0	0	0
756	chr12:82324001-83095000	SBS3	3	1	0	1	1	0	0	0	0	0	0	0	0
757	chr12:82324001-83095000	SBS5	3	1	0	2	0	0	0	0	0	0	0	0	0
758	chr12:83095001-88026000	SBS13	4	2	0	0	0	1	0	0	0	0	0	0	0
759	chr12:83095001-88026000	SBS18	4	2	0	1	0	0	0	0	0	0	0	0	0
760	chr12:83095001-88026000	SBS2	4	2	0	0	0	1	0	0	0	0	0	0	0
761	chr12:83095001-88026000	SBS3	4	2	0	3	5	4	0	0	0	0	0	0	0
762	chr12:83095001-88026000	SBS5	4	2	0	1	1	1	0	0	0	0	0	0	0
763	chr12:88200001-88990000	SBS2	3	1	0	1	0	0	0	0	0	0	0	0	0
764	chr12:88200001-88990000	SBS3	3	1	1	0	2	0	0	0	0	0	0	0	0
765	chr12:88200001-88990000	SBS5	3	1	0	0	1	0	0	0	0	0	0	0	0
766	chr12:88990001-90098000	SBS13	3	1	0	1	0	0	0	0	0	0	0	0	0
767	chr12:88990001-90098000	SBS18	3	1	0	1	0	0	0	0	0	0	0	0	0
768	chr12:88990001-90098000	SBS3	3	1	0	0	4	0	0	0	0	0	0	0	0
769	chr12:90098001-91338000	SBS3	3	2	0	1	7	0	0	0	0	0	0	0	0
770	chr12:91338001-91986000	SBS18	3	1	0	1	0	0	0	0	0	0	0	0	0
771	chr12:91338001-91986000	SBS2	3	1	0	0	1	0	0	0	0	0	0	0	0
772	chr12:91338001-91986000	SBS3	3	1	0	0	1	0	0	0	0	0	0	0	0
773	chr12:915001-1072088	SBS3	3	1	3	0	0	0	0	0	0	0	0	0	0
774	chr12:915001-1072088	SBS5	3	1	1	0	0	0	0	0	0	0	0	0	0
775	chr12:91986001-92578000	SBS1	2	1	0	1	0	0	0	0	0	0	0	0	0
776	chr12:91986001-92578000	SBS3	2	1	1	0	0	0	0	0	0	0	0	0	0
777	chr12:92578001-93373000	SBS3	3	1	0	0	2	0	0	0	0	0	0	0	0
778	chr12:93446001-95173000	SBS1	3	1	0	0	1	0	0	0	0	0	0	0	0
779	chr12:93446001-95173000	SBS18	3	1	0	0	2	0	0	0	0	0	0	0	0
780	chr12:93446001-95173000	SBS3	3	1	3	2	3	0	0	0	0	0	0	0	0
781	chr12:95326001-95694000	SBS3	3	2	1	0	2	0	0	0	0	0	0	0	0
782	chr12:96254001-96525000	SBS3	2	1	1	0	0	0	0	0	0	0	0	0	0
783	chr12:96525001-96904000	SBS3	3	2	0	0	3	0	0	0	0	0	0	0	0
784	chr12:96953001-98490000	SBS3	4	2	0	1	1	0	0	0	0	0	0	0	0
785	chr12:96953001-98490000	SBS5	4	2	0	0	0	1	0	0	0	0	0	0	0
786	chr12:9799001-10777000	SBS13	1	0	1	0	0	0	0	0	0	0	0	0	0
787	chr12:98728001-100110000	SBS3	4	2	0	1	0	0	0	0	0	0	0	0	0
788	chr12:98728001-100110000	SBS5	4	2	0	0	1	0	0	0	0	0	0	0	0
789	chr13:1-17025623	SBS18	3	1	0	0	1	0	0	0	0	0	0	0	0
790	chr13:1-17025623	SBS2	3	1	1	0	0	0	0	0	0	0	0	0	0
791	chr13:1-17025623	SBS3	3	1	0	5	0	0	0	0	0	0	0	0	0
792	chr13:1-17025623	SBS5	3	1	0	0	1	0	0	0	0	0	0	0	0
793	chr13:100725001-102577000	SBS18	2	0	0	1	0	0	0	0	0	0	0	0	0
794	chr13:100725001-102577000	SBS2	2	0	0	1	0	0	0	0	0	0	0	0	0
795	chr13:100725001-102577000	SBS3	2	0	4	2	0	0	0	0	0	0	0	0	0
796	chr13:100725001-102577000	SBS5	2	0	2	0	0	0	0	0	0	0	0	0	0
797	chr13:102919001-106528000	SBS1	2	0	1	0	0	0	0	0	0	0	0	0	0
798	chr13:102919001-106528000	SBS3	2	0	9	2	0	0	0	0	0	0	0	0	0
799	chr13:102919001-106528000	SBS5	2	0	1	1	0	0	0	0	0	0	0	0	0
800	chr13:106571001-106876000	SBS1	2	0	1	0	0	0	0	0	0	0	0	0	0
801	chr13:106571001-106876000	SBS3	2	0	1	0	0	0	0	0	0	0	0	0	0
802	chr13:106876001-108203000	SBS3	2	0	3	0	0	0	0	0	0	0	0	0	0
803	chr13:108344001-110521000	SBS3	2	0	3	2	0	0	0	0	0	0	0	0	0
804	chr13:108344001-110521000	SBS5	2	0	1	1	0	0	0	0	0	0	0	0	0
805	chr13:110521001-111150000	SBS3	2	0	0	1	0	0	0	0	0	0	0	0	0
806	chr13:111150001-111307500	SBS18	1	0	1	0	0	0	0	0	0	0	0	0	0
807	chr13:111307501-112477000	SBS18	3	1	1	0	0	0	0	0	0	0	0	0	0
808	chr13:111307501-112477000	SBS2	3	1	0	0	1	0	0	0	0	0	0	0	0
809	chr13:111307501-112477000	SBS3	3	1	0	0	4	0	0	0	0	0	0	0	0
810	chr13:111307501-112477000	SBS5	3	1	0	0	1	0	0	0	0	0	0	0	0
811	chr13:112477001-112618000	SBS3	1	0	2	0	0	0	0	0	0	0	0	0	0
812	chr13:112618001-114057000	SBS3	2	0	0	3	0	0	0	0	0	0	0	0	0
813	chr13:17025624-19564000	SBS18	3	1	0	1	1	0	0	0	0	0	0	0	0
814	chr13:17025624-19564000	SBS3	3	1	7	3	2	0	0	0	0	0	0	0	0
815	chr13:17025624-19564000	SBS5	3	1	4	0	1	0	0	0	0	0	0	0	0
816	chr13:19564001-19872000	SBS5	1	0	1	0	0	0	0	0	0	0	0	0	0
817	chr13:20093001-21293000	SBS1	2	0	2	0	0	0	0	0	0	0	0	0	0
818	chr13:20093001-21293000	SBS3	2	0	1	1	0	0	0	0	0	0	0	0	0
819	chr13:21608001-22297000	SBS3	2	0	0	2	0	0	0	0	0	0	0	0	0
820	chr13:22297001-23305000	SBS3	2	0	0	1	0	0	0	0	0	0	0	0	0
821	chr13:23305001-25000000	SBS1	1	0	1	0	0	0	0	0	0	0	0	0	0
822	chr13:23305001-25000000	SBS3	1	0	3	0	0	0	0	0	0	0	0	0	0
823	chr13:23305001-25000000	SBS5	1	0	2	0	0	0	0	0	0	0	0	0	0
824	chr13:25000001-25566000	SBS3	2	0	1	1	0	0	0	0	0	0	0	0	0
825	chr13:25566001-26183000	SBS3	2	0	1	1	0	0	0	0	0	0	0	0	0
826	chr13:26408001-27063000	SBS1	2	0	2	0	0	0	0	0	0	0	0	0	0
827	chr13:26408001-27063000	SBS3	2	0	1	0	0	0	0	0	0	0	0	0	0
828	chr13:27176001-27556000	SBS18	1	0	1	0	0	0	0	0	0	0	0	0	0
829	chr13:27176001-27556000	SBS3	1	0	3	0	0	0	0	0	0	0	0	0	0
830	chr13:27667001-28127000	SBS3	2	0	1	1	0	0	0	0	0	0	0	0	0
831	chr13:28285001-28758000	SBS3	1	0	1	0	0	0	0	0	0	0	0	0	0
832	chr13:29857001-30565000	SBS3	1	0	1	0	0	0	0	0	0	0	0	0	0
833	chr13:30691001-30842000	SBS3	1	0	1	0	0	0	0	0	0	0	0	0	0
834	chr13:30691001-30842000	SBS5	1	0	1	0	0	0	0	0	0	0	0	0	0
835	chr13:30845001-31159000	SBS1	1	0	1	0	0	0	0	0	0	0	0	0	0
836	chr13:30845001-31159000	SBS3	1	0	1	0	0	0	0	0	0	0	0	0	0
837	chr13:31166001-31844000	SBS3	2	0	2	0	0	0	0	0	0	0	0	0	0
838	chr13:31166001-31844000	SBS5	2	0	1	0	0	0	0	0	0	0	0	0	0
839	chr13:31844001-32144825	SBS1	1	0	1	0	0	0	0	0	0	0	0	0	0
840	chr13:31844001-32144825	SBS3	1	0	1	0	0	0	0	0	0	0	0	0	0
841	chr13:31844001-32144825	SBS5	1	0	2	0	0	0	0	0	0	0	0	0	0
842	chr13:32796001-33887000	SBS18	1	0	1	0	0	0	0	0	0	0	0	0	0
843	chr13:32796001-33887000	SBS3	1	0	4	0	0	0	0	0	0	0	0	0	0
844	chr13:32796001-33887000	SBS5	1	0	1	0	0	0	0	0	0	0	0	0	0
845	chr13:33887001-36813000	SBS1	2	0	1	0	0	0	0	0	0	0	0	0	0
846	chr13:33887001-36813000	SBS3	2	0	5	0	0	0	0	0	0	0	0	0	0
847	chr13:36866898-36998000	SBS3	1	0	1	0	0	0	0	0	0	0	0	0	0
848	chr13:37080001-38304609	SBS18	2	0	1	0	0	0	0	0	0	0	0	0	0
849	chr13:37080001-38304609	SBS3	2	0	0	1	0	0	0	0	0	0	0	0	0
850	chr13:37080001-38304609	SBS5	2	0	1	0	0	0	0	0	0	0	0	0	0
851	chr13:39052001-39654000	SBS13	2	0	0	1	0	0	0	0	0	0	0	0	0
852	chr13:39052001-39654000	SBS5	2	0	1	0	0	0	0	0	0	0	0	0	0
853	chr13:39707001-40063000	SBS3	1	0	1	0	0	0	0	0	0	0	0	0	0
854	chr13:40063001-40959000	SBS3	1	0	3	0	0	0	0	0	0	0	0	0	0
855	chr13:41310001-42424000	SBS18	1	0	1	0	0	0	0	0	0	0	0	0	0
856	chr13:41310001-42424000	SBS3	1	0	1	0	0	0	0	0	0	0	0	0	0
857	chr13:41310001-42424000	SBS5	1	0	1	0	0	0	0	0	0	0	0	0	0
858	chr13:42883001-43100000	SBS1	1	0	1	0	0	0	0	0	0	0	0	0	0
859	chr13:43100001-44106000	SBS3	1	0	1	0	0	0	0	0	0	0	0	0	0
860	chr13:44106001-44584000	SBS2	1	0	1	0	0	0	0	0	0	0	0	0	0
861	chr13:44919001-45548000	SBS3	1	0	2	0	0	0	0	0	0	0	0	0	0
862	chr13:45548001-45949000	SBS1	2	0	0	1	0	0	0	0	0	0	0	0	0
863	chr13:45548001-45949000	SBS13	2	0	0	1	0	0	0	0	0	0	0	0	0
864	chr13:45548001-45949000	SBS3	2	0	1	0	0	0	0	0	0	0	0	0	0
865	chr13:45949001-46124000	SBS1	1	0	1	0	0	0	0	0	0	0	0	0	0
866	chr13:45949001-46124000	SBS5	1	0	2	0	0	0	0	0	0	0	0	0	0
867	chr13:46214001-46542000	SBS5	1	0	1	0	0	0	0	0	0	0	0	0	0
868	chr13:46804001-47987000	SBS3	2	0	2	0	0	0	0	0	0	0	0	0	0
869	chr13:47987001-48602000	SBS3	1	0	1	0	0	0	0	0	0	0	0	0	0
870	chr13:48962001-49796000	SBS18	1	0	1	0	0	0	0	0	0	0	0	0	0
871	chr13:48962001-49796000	SBS3	1	0	3	0	0	0	0	0	0	0	0	0	0
872	chr13:49796001-49972000	SBS3	2	0	0	1	0	0	0	0	0	0	0	0	0
873	chr13:50132001-50994000	SBS18	1	0	1	0	0	0	0	0	0	0	0	0	0
874	chr13:50994001-51356000	SBS3	2	0	1	0	0	0	0	0	0	0	0	0	0
875	chr13:50994001-51356000	SBS5	2	0	1	0	0	0	0	0	0	0	0	0	0
876	chr13:51356001-51833000	SBS5	1	0	1	0	0	0	0	0	0	0	0	0	0
877	chr13:51833001-52410000	SBS18	2	0	0	1	0	0	0	0	0	0	0	0	0
878	chr13:52410001-52708000	SBS5	1	0	1	0	0	0	0	0	0	0	0	0	0
879	chr13:60587001-66032000	SBS1	2	0	3	1	0	0	0	0	0	0	0	0	0
880	chr13:60587001-66032000	SBS13	2	0	0	1	0	0	0	0	0	0	0	0	0
881	chr13:60587001-66032000	SBS2	2	0	1	0	0	0	0	0	0	0	0	0	0
882	chr13:60587001-66032000	SBS3	2	0	13	1	0	0	0	0	0	0	0	0	0
883	chr13:60587001-66032000	SBS5	2	0	5	0	0	0	0	0	0	0	0	0	0
884	chr13:66032001-67265000	SBS3	2	0	2	3	0	0	0	0	0	0	0	0	0
885	chr13:66032001-67265000	SBS5	2	0	1	0	0	0	0	0	0	0	0	0	0
886	chr13:67265001-71210000	SBS18	2	0	0	1	0	0	0	0	0	0	0	0	0
887	chr13:67265001-71210000	SBS3	2	0	5	3	0	0	0	0	0	0	0	0	0
888	chr13:67265001-71210000	SBS5	2	0	3	0	0	0	0	0	0	0	0	0	0
889	chr13:71210001-72238000	SBS3	2	0	1	0	0	0	0	0	0	0	0	0	0
890	chr13:72843001-73077000	SBS13	1	0	1	0	0	0	0	0	0	0	0	0	0
891	chr13:73077001-73664000	SBS3	2	0	1	1	0	0	0	0	0	0	0	0	0
892	chr13:73077001-73664000	SBS5	2	0	1	0	0	0	0	0	0	0	0	0	0
893	chr13:74308001-75283000	SBS3	2	0	1	1	0	0	0	0	0	0	0	0	0
894	chr13:75283001-75883000	SBS1	1	0	1	0	0	0	0	0	0	0	0	0	0
895	chr13:75883001-76661000	SBS1	2	0	1	0	0	0	0	0	0	0	0	0	0
896	chr13:75883001-76661000	SBS3	2	0	0	1	0	0	0	0	0	0	0	0	0
897	chr13:77348001-77787000	SBS3	1	0	1	0	0	0	0	0	0	0	0	0	0
898	chr13:77787001-79308000	SBS13	2	0	0	1	0	0	0	0	0	0	0	0	0
899	chr13:77787001-79308000	SBS18	2	0	1	0	0	0	0	0	0	0	0	0	0
900	chr13:77787001-79308000	SBS3	2	0	0	2	0	0	0	0	0	0	0	0	0
901	chr13:79410001-79558000	SBS3	1	0	1	0	0	0	0	0	0	0	0	0	0
902	chr13:79558001-80654000	SBS1	2	0	1	0	0	0	0	0	0	0	0	0	0
903	chr13:79558001-80654000	SBS2	2	0	1	0	0	0	0	0	0	0	0	0	0
904	chr13:79558001-80654000	SBS3	2	0	3	1	0	0	0	0	0	0	0	0	0
905	chr13:79558001-80654000	SBS5	2	0	1	0	0	0	0	0	0	0	0	0	0
906	chr13:80654001-90984000	SBS1	2	0	2	1	0	0	0	0	0	0	0	0	0
907	chr13:80654001-90984000	SBS13	2	0	0	1	0	0	0	0	0	0	0	0	0
908	chr13:80654001-90984000	SBS18	2	0	1	1	0	0	0	0	0	0	0	0	0
909	chr13:80654001-90984000	SBS3	2	0	12	5	0	0	0	0	0	0	0	0	0
910	chr13:80654001-90984000	SBS5	2	0	9	1	0	0	0	0	0	0	0	0	0
911	chr13:91408001-93965000	SBS1	2	0	1	0	0	0	0	0	0	0	0	0	0
912	chr13:91408001-93965000	SBS13	2	0	2	0	0	0	0	0	0	0	0	0	0
913	chr13:91408001-93965000	SBS18	2	0	1	0	0	0	0	0	0	0	0	0	0
914	chr13:91408001-93965000	SBS2	2	0	1	1	0	0	0	0	0	0	0	0	0
915	chr13:91408001-93965000	SBS3	2	0	5	0	0	0	0	0	0	0	0	0	0
916	chr13:91408001-93965000	SBS5	2	0	2	0	0	0	0	0	0	0	0	0	0
917	chr13:94633001-95026000	SBS1	2	0	1	0	0	0	0	0	0	0	0	0	0
918	chr13:94633001-95026000	SBS3	2	0	1	0	0	0	0	0	0	0	0	0	0
919	chr13:95026001-96142000	SBS18	2	0	1	0	0	0	0	0	0	0	0	0	0
920	chr13:95026001-96142000	SBS3	2	0	5	0	0	0	0	0	0	0	0	0	0
921	chr13:97467001-98807000	SBS5	2	0	1	0	0	0	0	0	0	0	0	0	0
922	chr13:98807001-99192000	SBS2	1	0	3	0	0	0	0	0	0	0	0	0	0
923	chr13:98807001-99192000	SBS3	1	0	3	0	0	0	0	0	0	0	0	0	0
924	chr14:1-17086761	SBS3	2	2	1	0	0	0	0	0	0	0	0	0	0
925	chr14:100443001-101703000	SBS3	2	0	1	1	0	0	0	0	0	0	0	0	0
926	chr14:101703001-101881000	SBS3	1	0	1	0	0	0	0	0	0	0	0	0	0
927	chr14:101881001-102773000	SBS3	2	0	2	0	0	0	0	0	0	0	0	0	0
928	chr14:101881001-102773000	SBS5	2	0	1	0	0	0	0	0	0	0	0	0	0
929	chr14:102957221-103382000	SBS2	2	0	1	0	0	0	0	0	0	0	0	0	0
930	chr14:102957221-103382000	SBS3	2	0	1	0	0	0	0	0	0	0	0	0	0
931	chr14:102957221-103382000	SBS5	2	0	1	0	0	0	0	0	0	0	0	0	0
932	chr14:103947001-104638000	SBS3	2	0	2	0	0	0	0	0	0	0	0	0	0
933	chr14:104638001-106027000	SBS1	2	0	0	1	0	0	0	0	0	0	0	0	0
934	chr14:104638001-106027000	SBS3	2	0	2	1	0	0	0	0	0	0	0	0	0
935	chr14:106130149-107043718	SBS1	2	0	2	0	0	0	0	0	0	0	0	0	0
936	chr14:106130149-107043718	SBS18	2	0	1	0	0	0	0	0	0	0	0	0	0
937	chr14:106130149-107043718	SBS3	2	0	3	0	0	0	0	0	0	0	0	0	0
938	chr14:17086762-20289000	SBS1	2	2	2	1	0	0	0	0	0	0	0	0	0
939	chr14:17086762-20289000	SBS5	2	2	0	1	0	0	0	0	0	0	0	0	0
940	chr14:20289001-21094000	SBS1	2	1	0	1	0	0	0	0	0	0	0	0	0
941	chr14:20289001-21094000	SBS3	2	1	0	4	0	0	0	0	0	0	0	0	0
942	chr14:21108001-21199000	SBS1	2	2	1	0	0	0	0	0	0	0	0	0	0
943	chr14:21108001-21199000	SBS3	2	2	2	0	0	0	0	0	0	0	0	0	0
944	chr14:21108001-21199000	SBS5	2	2	3	0	0	0	0	0	0	0	0	0	0
945	chr14:21199001-21530000	SBS1	1	1	1	0	0	0	0	0	0	0	0	0	0
946	chr14:21199001-21530000	SBS3	1	1	4	0	0	0	0	0	0	0	0	0	0
947	chr14:21530001-21844000	SBS2	2	2	0	1	0	0	0	0	0	0	0	0	0
948	chr14:21530001-21844000	SBS3	2	2	0	1	0	0	0	0	0	0	0	0	0
949	chr14:21530001-21844000	SBS5	2	2	0	1	0	0	0	0	0	0	0	0	0
950	chr14:21844001-22495000	SBS2	2	1	1	0	0	0	0	0	0	0	0	0	0
951	chr14:21844001-22495000	SBS3	2	1	1	0	0	0	0	0	0	0	0	0	0
952	chr14:22603001-22815000	SBS3	2	1	0	2	0	0	0	0	0	0	0	0	0
953	chr14:22815001-23329500	SBS3	2	1	0	2	0	0	0	0	0	0	0	0	0
954	chr14:23329501-24080000	SBS13	2	1	1	0	0	0	0	0	0	0	0	0	0
955	chr14:23329501-24080000	SBS3	2	1	2	1	0	0	0	0	0	0	0	0	0
956	chr14:23329501-24080000	SBS5	2	1	1	0	0	0	0	0	0	0	0	0	0
957	chr14:24080001-24444000	SBS3	2	1	0	2	0	0	0	0	0	0	0	0	0
958	chr14:24080001-24444000	SBS5	2	1	0	1	0	0	0	0	0	0	0	0	0
959	chr14:24444001-25141000	SBS3	2	1	0	1	0	0	0	0	0	0	0	0	0
960	chr14:25141001-30550000	SBS1	2	2	1	0	0	0	0	0	0	0	0	0	0
961	chr14:25141001-30550000	SBS13	2	2	1	0	0	0	0	0	0	0	0	0	0
962	chr14:25141001-30550000	SBS18	2	2	0	1	0	0	0	0	0	0	0	0	0
963	chr14:25141001-30550000	SBS2	2	2	0	1	0	0	0	0	0	0	0	0	0
964	chr14:25141001-30550000	SBS3	2	2	8	13	0	0	0	0	0	0	0	0	0
965	chr14:25141001-30550000	SBS5	2	2	1	3	0	0	0	0	0	0	0	0	0
966	chr14:30863001-31463000	SBS3	2	1	0	1	0	0	0	0	0	0	0	0	0
967	chr14:31463001-32717000	SBS2	2	1	0	1	0	0	0	0	0	0	0	0	0
968	chr14:31463001-32717000	SBS3	2	1	1	1	0	0	0	0	0	0	0	0	0
969	chr14:32717001-33564419	SBS13	2	2	0	1	0	0	0	0	0	0	0	0	0
970	chr14:32717001-33564419	SBS3	2	2	0	1	0	0	0	0	0	0	0	0	0
971	chr14:32717001-33564419	SBS5	2	2	1	0	0	0	0	0	0	0	0	0	0
972	chr14:33565832-33896500	SBS3	2	2	0	3	0	0	0	0	0	0	0	0	0
973	chr14:33896501-35146000	SBS13	2	1	1	0	0	0	0	0	0	0	0	0	0
974	chr14:33896501-35146000	SBS3	2	1	0	2	0	0	0	0	0	0	0	0	0
975	chr14:35146001-35423000	SBS1	1	1	2	0	0	0	0	0	0	0	0	0	0
976	chr14:35146001-35423000	SBS3	1	1	3	0	0	0	0	0	0	0	0	0	0
977	chr14:35146001-35423000	SBS5	1	1	1	0	0	0	0	0	0	0	0	0	0
978	chr14:35545001-35837000	SBS13	2	1	0	1	0	0	0	0	0	0	0	0	0
979	chr14:35545001-35837000	SBS3	2	1	1	0	0	0	0	0	0	0	0	0	0
980	chr14:35837001-39009500	SBS2	2	2	0	1	0	0	0	0	0	0	0	0	0
981	chr14:35837001-39009500	SBS3	2	2	3	3	0	0	0	0	0	0	0	0	0
982	chr14:35837001-39009500	SBS5	2	2	1	1	0	0	0	0	0	0	0	0	0
983	chr14:39009501-39493000	SBS3	2	1	1	1	0	0	0	0	0	0	0	0	0
984	chr14:39493001-43253339	SBS1	2	2	2	2	0	0	0	0	0	0	0	0	0
985	chr14:39493001-43253339	SBS13	2	2	0	1	0	0	0	0	0	0	0	0	0
986	chr14:39493001-43253339	SBS3	2	2	5	9	0	0	0	0	0	0	0	0	0
987	chr14:39493001-43253339	SBS5	2	2	3	1	0	0	0	0	0	0	0	0	0
988	chr14:43253373-44895000	SBS2	3	1	0	1	0	0	0	0	0	0	0	0	0
989	chr14:43253373-44895000	SBS3	3	1	0	0	2	0	0	0	0	0	0	0	0
990	chr14:44895001-45257000	SBS3	2	0	0	2	0	0	0	0	0	0	0	0	0
991	chr14:45257001-49440000	SBS13	2	2	0	1	0	0	0	0	0	0	0	0	0
992	chr14:45257001-49440000	SBS2	2	2	1	0	0	0	0	0	0	0	0	0	0
993	chr14:45257001-49440000	SBS3	2	2	9	8	0	0	0	0	0	0	0	0	0
994	chr14:45257001-49440000	SBS5	2	2	3	2	0	0	0	0	0	0	0	0	0
995	chr14:49440001-49860000	SBS3	2	1	0	2	0	0	0	0	0	0	0	0	0
996	chr14:49860001-50120000	SBS3	1	0	1	0	0	0	0	0	0	0	0	0	0
997	chr14:50120001-53309000	SBS13	2	1	1	1	0	0	0	0	0	0	0	0	0
998	chr14:50120001-53309000	SBS18	2	1	0	1	0	0	0	0	0	0	0	0	0
999	chr14:50120001-53309000	SBS2	2	1	0	1	0	0	0	0	0	0	0	0	0
1000	chr14:50120001-53309000	SBS3	2	1	3	3	0	0	0	0	0	0	0	0	0
1001	chr14:50120001-53309000	SBS5	2	1	2	1	0	0	0	0	0	0	0	0	0
1002	chr14:53309001-54395000	SBS2	2	2	0	1	0	0	0	0	0	0	0	0	0
1003	chr14:53309001-54395000	SBS3	2	2	1	2	0	0	0	0	0	0	0	0	0
1004	chr14:54395001-55696000	SBS3	1	1	1	0	0	0	0	0	0	0	0	0	0
1005	chr14:55696001-56183000	SBS13	2	1	0	1	0	0	0	0	0	0	0	0	0
1006	chr14:55696001-56183000	SBS3	2	1	2	1	0	0	0	0	0	0	0	0	0
1007	chr14:56185483-56662000	SBS3	2	0	3	0	0	0	0	0	0	0	0	0	0
1008	chr14:56662001-57191000	SBS1	2	0	2	0	0	0	0	0	0	0	0	0	0
1009	chr14:56662001-57191000	SBS2	2	0	1	0	0	0	0	0	0	0	0	0	0
1010	chr14:56662001-57191000	SBS3	2	0	8	0	0	0	0	0	0	0	0	0	0
1011	chr14:56662001-57191000	SBS5	2	0	1	0	0	0	0	0	0	0	0	0	0
1012	chr14:57420001-58191000	SBS3	2	0	0	2	0	0	0	0	0	0	0	0	0
1013	chr14:59116001-59631000	SBS3	1	0	2	0	0	0	0	0	0	0	0	0	0
1014	chr14:60304001-60556000	SBS3	2	0	2	0	0	0	0	0	0	0	0	0	0
1015	chr14:62211001-63150000	SBS1	2	0	2	0	0	0	0	0	0	0	0	0	0
1016	chr14:62211001-63150000	SBS3	2	0	2	0	0	0	0	0	0	0	0	0	0
1017	chr14:62211001-63150000	SBS5	2	0	3	0	0	0	0	0	0	0	0	0	0
1018	chr14:63150001-63361000	SBS3	2	0	1	1	0	0	0	0	0	0	0	0	0
1019	chr14:63361001-64499000	SBS2	1	0	1	0	0	0	0	0	0	0	0	0	0
1020	chr14:63361001-64499000	SBS3	1	0	1	0	0	0	0	0	0	0	0	0	0
1021	chr14:63361001-64499000	SBS5	1	0	1	0	0	0	0	0	0	0	0	0	0
1022	chr14:64545001-64905000	SBS18	1	0	1	0	0	0	0	0	0	0	0	0	0
1023	chr14:65753001-67229000	SBS3	1	0	11	0	0	0	0	0	0	0	0	0	0
1024	chr14:65753001-67229000	SBS5	1	0	3	0	0	0	0	0	0	0	0	0	0
1025	chr14:67229001-68208000	SBS2	1	0	1	0	0	0	0	0	0	0	0	0	0
1026	chr14:67229001-68208000	SBS3	1	0	3	0	0	0	0	0	0	0	0	0	0
1027	chr14:67229001-68208000	SBS5	1	0	1	0	0	0	0	0	0	0	0	0	0
1028	chr14:68826001-69606000	SBS1	1	0	2	0	0	0	0	0	0	0	0	0	0
1029	chr14:68826001-69606000	SBS3	1	0	5	0	0	0	0	0	0	0	0	0	0
1030	chr14:68826001-69606000	SBS5	1	0	2	0	0	0	0	0	0	0	0	0	0
1031	chr14:70638001-71147500	SBS1	1	0	1	0	0	0	0	0	0	0	0	0	0
1032	chr14:70638001-71147500	SBS3	1	0	3	0	0	0	0	0	0	0	0	0	0
1033	chr14:72416001-73053000	SBS1	2	0	1	0	0	0	0	0	0	0	0	0	0
1034	chr14:72416001-73053000	SBS2	2	0	2	0	0	0	0	0	0	0	0	0	0
1035	chr14:73053001-73740000	SBS2	1	0	1	0	0	0	0	0	0	0	0	0	0
1036	chr14:73053001-73740000	SBS3	1	0	6	0	0	0	0	0	0	0	0	0	0
1037	chr14:73053001-73740000	SBS5	1	0	1	0	0	0	0	0	0	0	0	0	0
1038	chr14:73790001-74155000	SBS3	1	0	4	0	0	0	0	0	0	0	0	0	0
1039	chr14:74155001-74478000	SBS3	2	0	2	0	0	0	0	0	0	0	0	0	0
1040	chr14:74155001-74478000	SBS5	2	0	1	0	0	0	0	0	0	0	0	0	0
1041	chr14:74478001-75512000	SBS3	1	0	1	0	0	0	0	0	0	0	0	0	0
1042	chr14:75995001-76893000	SBS1	2	0	1	0	0	0	0	0	0	0	0	0	0
1043	chr14:75995001-76893000	SBS2	2	0	1	0	0	0	0	0	0	0	0	0	0
1044	chr14:75995001-76893000	SBS3	2	0	1	2	0	0	0	0	0	0	0	0	0
1045	chr14:77267001-77872000	SBS3	1	0	1	0	0	0	0	0	0	0	0	0	0
1046	chr14:77872001-80454000	SBS18	2	0	1	0	0	0	0	0	0	0	0	0	0
1047	chr14:77872001-80454000	SBS2	2	0	0	1	0	0	0	0	0	0	0	0	0
1048	chr14:77872001-80454000	SBS3	2	0	3	4	0	0	0	0	0	0	0	0	0
1049	chr14:77872001-80454000	SBS5	2	0	1	1	0	0	0	0	0	0	0	0	0
1050	chr14:80454001-80924000	SBS3	1	0	1	0	0	0	0	0	0	0	0	0	0
1051	chr14:80999001-81168000	SBS3	2	0	1	0	0	0	0	0	0	0	0	0	0
1052	chr14:80999001-81168000	SBS5	2	0	0	1	0	0	0	0	0	0	0	0	0
1053	chr14:81538501-85921000	SBS1	2	0	1	1	0	0	0	0	0	0	0	0	0
1054	chr14:81538501-85921000	SBS3	2	0	7	3	0	0	0	0	0	0	0	0	0
1055	chr14:85921001-86092000	SBS3	1	0	3	0	0	0	0	0	0	0	0	0	0
1056	chr14:86092001-87920000	SBS1	2	0	4	1	0	0	0	0	0	0	0	0	0
1057	chr14:86092001-87920000	SBS2	2	0	1	0	0	0	0	0	0	0	0	0	0
1058	chr14:86092001-87920000	SBS3	2	0	6	1	0	0	0	0	0	0	0	0	0
1059	chr14:86092001-87920000	SBS5	2	0	3	0	0	0	0	0	0	0	0	0	0
1060	chr14:88042001-89165000	SBS3	2	0	3	2	0	0	0	0	0	0	0	0	0
1061	chr14:89165001-89737000	SBS3	1	0	1	0	0	0	0	0	0	0	0	0	0
1062	chr14:90048001-90255000	SBS1	2	0	1	0	0	0	0	0	0	0	0	0	0
1063	chr14:90048001-90255000	SBS3	2	0	3	0	0	0	0	0	0	0	0	0	0
1064	chr14:90255001-90857000	SBS3	2	0	1	0	0	0	0	0	0	0	0	0	0
1065	chr14:90857001-91519000	SBS2	1	0	2	0	0	0	0	0	0	0	0	0	0
1066	chr14:90857001-91519000	SBS3	1	0	8	0	0	0	0	0	0	0	0	0	0
1067	chr14:90857001-91519000	SBS5	1	0	3	0	0	0	0	0	0	0	0	0	0
1068	chr14:91742001-92163000	SBS3	1	0	1	0	0	0	0	0	0	0	0	0	0
1069	chr14:92451001-92849000	SBS1	1	0	1	0	0	0	0	0	0	0	0	0	0
1070	chr14:92451001-92849000	SBS18	1	0	1	0	0	0	0	0	0	0	0	0	0
1071	chr14:92451001-92849000	SBS3	1	0	3	0	0	0	0	0	0	0	0	0	0
1072	chr14:93336001-93936000	SBS18	2	0	0	1	0	0	0	0	0	0	0	0	0
1073	chr14:93336001-93936000	SBS5	2	0	1	0	0	0	0	0	0	0	0	0	0
1074	chr14:94194001-95088000	SBS13	2	0	1	0	0	0	0	0	0	0	0	0	0
1075	chr14:94194001-95088000	SBS3	2	0	5	0	0	0	0	0	0	0	0	0	0
1076	chr14:94194001-95088000	SBS5	2	0	1	0	0	0	0	0	0	0	0	0	0
1077	chr14:95549001-96034000	SBS1	2	0	0	1	0	0	0	0	0	0	0	0	0
1078	chr14:95549001-96034000	SBS18	2	0	0	1	0	0	0	0	0	0	0	0	0
1079	chr14:95549001-96034000	SBS3	2	0	1	3	0	0	0	0	0	0	0	0	0
1080	chr14:96579001-99385000	SBS18	2	0	0	1	0	0	0	0	0	0	0	0	0
1081	chr14:96579001-99385000	SBS2	2	0	0	1	0	0	0	0	0	0	0	0	0
1082	chr14:96579001-99385000	SBS3	2	0	1	0	0	0	0	0	0	0	0	0	0
1083	chr14:96579001-99385000	SBS5	2	0	1	0	0	0	0	0	0	0	0	0	0
1084	chr14:99385001-99633000	SBS3	1	0	2	0	0	0	0	0	0	0	0	0	0
1085	chr14:99633001-99981000	SBS3	2	0	0	2	0	0	0	0	0	0	0	0	0
1086	chr15:1-18362626	SBS3	2	1	4	0	0	0	0	0	0	0	0	0	0
1087	chr15:1-18362626	SBS5	2	1	1	0	0	0	0	0	0	0	0	0	0
1088	chr15:18362627-23426000	SBS13	2	1	2	1	0	0	0	0	0	0	0	0	0
1089	chr15:18362627-23426000	SBS18	2	1	2	0	0	0	0	0	0	0	0	0	0
1090	chr15:18362627-23426000	SBS2	2	1	1	0	0	0	0	0	0	0	0	0	0
1091	chr15:18362627-23426000	SBS3	2	1	10	1	0	0	0	0	0	0	0	0	0
1092	chr15:18362627-23426000	SBS5	2	1	3	1	0	0	0	0	0	0	0	0	0
1093	chr15:23426001-25675000	SBS1	2	2	3	1	0	0	0	0	0	0	0	0	0
1094	chr15:23426001-25675000	SBS13	2	2	1	0	0	0	0	0	0	0	0	0	0
1095	chr15:23426001-25675000	SBS18	2	2	0	1	0	0	0	0	0	0	0	0	0
1096	chr15:23426001-25675000	SBS3	2	2	17	8	0	0	0	0	0	0	0	0	0
1097	chr15:23426001-25675000	SBS5	2	2	6	4	0	0	0	0	0	0	0	0	0
1098	chr15:26118001-27399000	SBS5	3	2	0	2	0	0	0	0	0	0	0	0	0
1099	chr15:27399001-30899500	SBS1	2	2	1	3	0	0	0	0	0	0	0	0	0
1100	chr15:27399001-30899500	SBS18	2	2	0	1	0	0	0	0	0	0	0	0	0
1101	chr15:27399001-30899500	SBS3	2	2	5	6	0	0	0	0	0	0	0	0	0
1102	chr15:27399001-30899500	SBS5	2	2	3	1	0	0	0	0	0	0	0	0	0
1103	chr15:31499001-32429000	SBS3	2	1	5	0	0	0	0	0	0	0	0	0	0
1104	chr15:32429001-33237000	SBS1	2	1	2	1	0	0	0	0	0	0	0	0	0
1105	chr15:32429001-33237000	SBS18	2	1	1	0	0	0	0	0	0	0	0	0	0
1106	chr15:32429001-33237000	SBS2	2	1	1	0	0	0	0	0	0	0	0	0	0
1107	chr15:32429001-33237000	SBS3	2	1	3	1	0	0	0	0	0	0	0	0	0
1108	chr15:32429001-33237000	SBS5	2	1	3	0	0	0	0	0	0	0	0	0	0
1109	chr15:33237001-33864000	SBS1	2	2	2	0	0	0	0	0	0	0	0	0	0
1110	chr15:33237001-33864000	SBS13	2	2	0	1	0	0	0	0	0	0	0	0	0
1111	chr15:33237001-33864000	SBS3	2	2	2	3	0	0	0	0	0	0	0	0	0
1112	chr15:33237001-33864000	SBS5	2	2	1	1	0	0	0	0	0	0	0	0	0
1113	chr15:33864001-34294000	SBS3	2	1	1	2	0	0	0	0	0	0	0	0	0
1114	chr15:33864001-34294000	SBS5	2	1	1	0	0	0	0	0	0	0	0	0	0
1115	chr15:34439001-37272000	SBS1	2	2	0	1	0	0	0	0	0	0	0	0	0
1116	chr15:34439001-37272000	SBS18	2	2	0	1	0	0	0	0	0	0	0	0	0
1117	chr15:34439001-37272000	SBS3	2	2	2	6	0	0	0	0	0	0	0	0	0
1118	chr15:34439001-37272000	SBS5	2	2	0	1	0	0	0	0	0	0	0	0	0
1119	chr15:37272001-37981000	SBS3	3	2	1	0	2	0	0	0	0	0	0	0	0
1120	chr15:37272001-37981000	SBS5	3	2	0	1	0	0	0	0	0	0	0	0	0
1121	chr15:37981001-38453000	SBS1	2	1	1	0	0	0	0	0	0	0	0	0	0
1122	chr15:37981001-38453000	SBS13	2	1	2	0	0	0	0	0	0	0	0	0	0
1123	chr15:37981001-38453000	SBS18	2	1	2	1	0	0	0	0	0	0	0	0	0
1124	chr15:37981001-38453000	SBS3	2	1	16	1	0	0	0	0	0	0	0	0	0
1125	chr15:37981001-38453000	SBS5	2	1	2	0	0	0	0	0	0	0	0	0	0
1126	chr15:39579001-40476000	SBS1	2	1	0	1	0	0	0	0	0	0	0	0	0
1127	chr15:39579001-40476000	SBS3	2	1	0	2	0	0	0	0	0	0	0	0	0
1128	chr15:40476001-43895000	SBS1	2	1	3	1	0	0	0	0	0	0	0	0	0
1129	chr15:40476001-43895000	SBS18	2	1	0	2	0	0	0	0	0	0	0	0	0
1130	chr15:40476001-43895000	SBS3	2	1	12	7	0	0	0	0	0	0	0	0	0
1131	chr15:40476001-43895000	SBS5	2	1	1	2	0	0	0	0	0	0	0	0	0
1132	chr15:43895001-44424000	SBS3	2	1	0	1	0	0	0	0	0	0	0	0	0
1133	chr15:44424001-44710000	SBS13	1	1	2	0	0	0	0	0	0	0	0	0	0
1134	chr15:44424001-44710000	SBS18	1	1	1	0	0	0	0	0	0	0	0	0	0
1135	chr15:44424001-44710000	SBS2	1	1	1	0	0	0	0	0	0	0	0	0	0
1136	chr15:44424001-44710000	SBS3	1	1	4	0	0	0	0	0	0	0	0	0	0
1137	chr15:44424001-44710000	SBS5	1	1	2	0	0	0	0	0	0	0	0	0	0
1138	chr15:44743001-45580000	SBS18	2	1	0	1	0	0	0	0	0	0	0	0	0
1139	chr15:45717001-47326000	SBS18	2	2	0	1	0	0	0	0	0	0	0	0	0
1140	chr15:45717001-47326000	SBS3	2	2	1	3	0	0	0	0	0	0	0	0	0
1141	chr15:45717001-47326000	SBS5	2	2	0	1	0	0	0	0	0	0	0	0	0
1142	chr15:47326001-48718000	SBS18	2	2	0	1	0	0	0	0	0	0	0	0	0
1143	chr15:47326001-48718000	SBS3	2	2	1	3	0	0	0	0	0	0	0	0	0
1144	chr15:49336001-51718000	SBS3	2	1	2	5	0	0	0	0	0	0	0	0	0
1145	chr15:51718001-52463000	SBS3	2	1	0	1	0	0	0	0	0	0	0	0	0
1146	chr15:52741501-55162500	SBS1	2	2	0	1	0	0	0	0	0	0	0	0	0
1147	chr15:52741501-55162500	SBS18	2	2	0	3	0	0	0	0	0	0	0	0	0
1148	chr15:52741501-55162500	SBS3	2	2	11	7	0	0	0	0	0	0	0	0	0
1149	chr15:52741501-55162500	SBS5	2	2	1	1	0	0	0	0	0	0	0	0	0
1150	chr15:55162501-55412000	SBS3	1	1	1	0	0	0	0	0	0	0	0	0	0
1151	chr15:56255001-56627000	SBS5	2	1	1	0	0	0	0	0	0	0	0	0	0
1152	chr15:56627001-57289000	SBS1	1	0	1	0	0	0	0	0	0	0	0	0	0
1153	chr15:57289001-57808000	SBS13	2	1	0	1	0	0	0	0	0	0	0	0	0
1154	chr15:57289001-57808000	SBS3	2	1	1	2	0	0	0	0	0	0	0	0	0
1155	chr15:57289001-57808000	SBS5	2	1	1	0	0	0	0	0	0	0	0	0	0
1156	chr15:57808001-58180000	SBS13	2	2	1	0	0	0	0	0	0	0	0	0	0
1157	chr15:57808001-58180000	SBS3	2	2	0	2	0	0	0	0	0	0	0	0	0
1158	chr15:58180001-58587000	SBS3	2	1	0	1	0	0	0	0	0	0	0	0	0
1159	chr15:58587001-59176000	SBS3	2	1	5	0	0	0	0	0	0	0	0	0	0
1160	chr15:58587001-59176000	SBS5	2	1	3	0	0	0	0	0	0	0	0	0	0
1161	chr15:59176001-60358000	SBS13	2	1	0	1	0	0	0	0	0	0	0	0	0
1162	chr15:59176001-60358000	SBS18	2	1	0	1	0	0	0	0	0	0	0	0	0
1163	chr15:59176001-60358000	SBS3	2	1	0	4	0	0	0	0	0	0	0	0	0
1164	chr15:59176001-60358000	SBS5	2	1	1	0	0	0	0	0	0	0	0	0	0
1165	chr15:60358001-60595000	SBS3	1	1	2	0	0	0	0	0	0	0	0	0	0
1166	chr15:60933001-61826000	SBS3	2	2	2	0	0	0	0	0	0	0	0	0	0
1167	chr15:60933001-61826000	SBS5	2	2	1	0	0	0	0	0	0	0	0	0	0
1168	chr15:61826001-62089000	SBS3	1	1	3	0	0	0	0	0	0	0	0	0	0
1169	chr15:62089001-64211512	SBS1	2	1	1	0	0	0	0	0	0	0	0	0	0
1170	chr15:62089001-64211512	SBS13	2	1	1	2	0	0	0	0	0	0	0	0	0
1171	chr15:62089001-64211512	SBS5	2	1	1	0	0	0	0	0	0	0	0	0	0
1172	chr15:64211627-64453000	SBS3	2	1	0	1	0	0	0	0	0	0	0	0	0
1173	chr15:64453001-64706000	SBS1	1	1	1	0	0	0	0	0	0	0	0	0	0
1174	chr15:64453001-64706000	SBS3	1	1	8	0	0	0	0	0	0	0	0	0	0
1175	chr15:64453001-64706000	SBS5	1	1	2	0	0	0	0	0	0	0	0	0	0
1176	chr15:64706001-65507000	SBS18	2	1	0	1	0	0	0	0	0	0	0	0	0
1177	chr15:64706001-65507000	SBS3	2	1	0	3	0	0	0	0	0	0	0	0	0
1178	chr15:64706001-65507000	SBS5	2	1	0	1	0	0	0	0	0	0	0	0	0
1179	chr15:65507001-65931000	SBS5	1	1	2	0	0	0	0	0	0	0	0	0	0
1180	chr15:65931001-66282000	SBS3	2	2	0	1	0	0	0	0	0	0	0	0	0
1181	chr15:66282001-67018000	SBS3	2	1	2	0	0	0	0	0	0	0	0	0	0
1182	chr15:67258001-67705241	SBS18	2	1	0	1	0	0	0	0	0	0	0	0	0
1183	chr15:67258001-67705241	SBS3	2	1	0	1	0	0	0	0	0	0	0	0	0
1184	chr15:67705283-68050000	SBS2	3	1	0	1	0	0	0	0	0	0	0	0	0
1185	chr15:67705283-68050000	SBS3	3	1	0	0	1	0	0	0	0	0	0	0	0
1186	chr15:68050001-68308000	SBS13	2	1	0	1	0	0	0	0	0	0	0	0	0
1187	chr15:68050001-68308000	SBS18	2	1	0	1	0	0	0	0	0	0	0	0	0
1188	chr15:68308001-69388000	SBS3	3	2	0	2	1	0	0	0	0	0	0	0	0
1189	chr15:69388001-69982000	SBS3	2	1	2	1	0	0	0	0	0	0	0	0	0
1190	chr15:69388001-69982000	SBS5	2	1	1	0	0	0	0	0	0	0	0	0	0
1191	chr15:69982001-70538000	SBS5	2	1	0	1	0	0	0	0	0	0	0	0	0
1192	chr15:70538001-72459000	SBS1	2	1	0	1	0	0	0	0	0	0	0	0	0
1193	chr15:70538001-72459000	SBS13	2	1	0	1	0	0	0	0	0	0	0	0	0
1194	chr15:70538001-72459000	SBS3	2	1	2	3	0	0	0	0	0	0	0	0	0
1195	chr15:70538001-72459000	SBS5	2	1	1	0	0	0	0	0	0	0	0	0	0
1196	chr15:72459001-72790000	SBS3	1	1	1	0	0	0	0	0	0	0	0	0	0
1197	chr15:72790001-74768000	SBS3	2	2	1	3	0	0	0	0	0	0	0	0	0
1198	chr15:72790001-74768000	SBS5	2	2	1	0	0	0	0	0	0	0	0	0	0
1199	chr15:74796001-75935500	SBS13	2	1	1	0	0	0	0	0	0	0	0	0	0
1200	chr15:74796001-75935500	SBS3	2	1	0	1	0	0	0	0	0	0	0	0	0
1201	chr15:74796001-75935500	SBS5	2	1	1	1	0	0	0	0	0	0	0	0	0
1202	chr15:75935501-76603000	SBS3	2	2	0	1	0	0	0	0	0	0	0	0	0
1203	chr15:75935501-76603000	SBS5	2	2	1	0	0	0	0	0	0	0	0	0	0
1204	chr15:76603001-77613000	SBS1	2	1	1	0	0	0	0	0	0	0	0	0	0
1205	chr15:76603001-77613000	SBS18	2	1	1	0	0	0	0	0	0	0	0	0	0
1206	chr15:76603001-77613000	SBS3	2	1	6	1	0	0	0	0	0	0	0	0	0
1207	chr15:77613001-78031000	SBS3	3	1	0	1	0	0	0	0	0	0	0	0	0
1208	chr15:78080001-78569000	SBS3	2	1	0	1	0	0	0	0	0	0	0	0	0
1209	chr15:78080001-78569000	SBS5	2	1	1	0	0	0	0	0	0	0	0	0	0
1210	chr15:78569001-79823000	SBS1	2	1	0	1	0	0	0	0	0	0	0	0	0
1211	chr15:78569001-79823000	SBS18	2	1	0	2	0	0	0	0	0	0	0	0	0
1212	chr15:78569001-79823000	SBS3	2	1	1	3	0	0	0	0	0	0	0	0	0
1213	chr15:79823001-80178000	SBS3	2	1	4	1	0	0	0	0	0	0	0	0	0
1214	chr15:80178001-81259000	SBS3	2	2	0	2	0	0	0	0	0	0	0	0	0
1215	chr15:81402001-82105000	SBS3	2	2	0	6	0	0	0	0	0	0	0	0	0
1216	chr15:82105001-82559000	SBS3	2	1	0	2	0	0	0	0	0	0	0	0	0
1217	chr15:82559001-82800000	SBS1	2	2	1	0	0	0	0	0	0	0	0	0	0
1218	chr15:82559001-82800000	SBS3	2	2	3	1	0	0	0	0	0	0	0	0	0
1219	chr15:82559001-82800000	SBS5	2	2	1	0	0	0	0	0	0	0	0	0	0
1220	chr15:83229001-84351500	SBS1	2	2	2	0	0	0	0	0	0	0	0	0	0
1221	chr15:83229001-84351500	SBS3	2	2	5	2	0	0	0	0	0	0	0	0	0
1222	chr15:83229001-84351500	SBS5	2	2	2	1	0	0	0	0	0	0	0	0	0
1223	chr15:84351501-84827000	SBS3	1	1	2	0	0	0	0	0	0	0	0	0	0
1224	chr15:84351501-84827000	SBS5	1	1	1	0	0	0	0	0	0	0	0	0	0
1225	chr15:84827001-85304000	SBS2	2	1	0	1	0	0	0	0	0	0	0	0	0
1226	chr15:84827001-85304000	SBS3	2	1	3	3	0	0	0	0	0	0	0	0	0
1227	chr15:85304001-85737000	SBS13	1	1	1	0	0	0	0	0	0	0	0	0	0
1228	chr15:85860001-89057000	SBS1	2	2	3	0	0	0	0	0	0	0	0	0	0
1229	chr15:85860001-89057000	SBS2	2	2	0	2	0	0	0	0	0	0	0	0	0
1230	chr15:85860001-89057000	SBS3	2	2	6	10	0	0	0	0	0	0	0	0	0
1231	chr15:85860001-89057000	SBS5	2	2	2	1	0	0	0	0	0	0	0	0	0
1232	chr15:89181001-89993000	SBS3	2	1	1	1	0	0	0	0	0	0	0	0	0
1233	chr15:89993001-91024000	SBS1	2	1	1	0	0	0	0	0	0	0	0	0	0
1234	chr15:89993001-91024000	SBS13	2	1	0	1	0	0	0	0	0	0	0	0	0
1235	chr15:89993001-91024000	SBS2	2	1	0	1	0	0	0	0	0	0	0	0	0
1236	chr15:89993001-91024000	SBS3	2	1	0	1	0	0	0	0	0	0	0	0	0
1237	chr15:89993001-91024000	SBS5	2	1	0	2	0	0	0	0	0	0	0	0	0
1238	chr15:91024001-91836000	SBS1	2	2	0	1	0	0	0	0	0	0	0	0	0
1239	chr15:91024001-91836000	SBS3	2	2	1	1	0	0	0	0	0	0	0	0	0
1240	chr15:91024001-91836000	SBS5	2	2	1	0	0	0	0	0	0	0	0	0	0
1241	chr15:91836001-92196000	SBS18	2	1	0	1	0	0	0	0	0	0	0	0	0
1242	chr15:92196001-92796000	SBS3	2	2	0	1	0	0	0	0	0	0	0	0	0
1243	chr15:93038001-94094000	SBS1	2	2	0	1	0	0	0	0	0	0	0	0	0
1244	chr15:93038001-94094000	SBS3	2	2	0	4	0	0	0	0	0	0	0	0	0
1245	chr15:93038001-94094000	SBS5	2	2	0	1	0	0	0	0	0	0	0	0	0
1246	chr15:94470001-95238000	SBS2	3	2	1	0	0	0	0	0	0	0	0	0	0
1247	chr15:94470001-95238000	SBS3	3	2	0	1	0	0	0	0	0	0	0	0	0
1248	chr15:95238001-96360500	SBS3	2	2	0	5	0	0	0	0	0	0	0	0	0
1249	chr15:96360501-97806000	SBS1	3	2	0	0	1	0	0	0	0	0	0	0	0
1250	chr15:96360501-97806000	SBS3	3	2	0	0	5	0	0	0	0	0	0	0	0
1251	chr15:96360501-97806000	SBS5	3	2	0	0	1	0	0	0	0	0	0	0	0
1252	chr15:97806001-98644000	SBS3	4	2	0	0	1	2	0	0	0	0	0	0	0
1253	chr15:99877001-101991189	SBS1	3	2	0	0	3	0	0	0	0	0	0	0	0
1254	chr15:99877001-101991189	SBS3	3	2	3	2	2	0	0	0	0	0	0	0	0
1255	chr15:99877001-101991189	SBS5	3	2	3	0	0	0	0	0	0	0	0	0	0
1256	chr16:1-817000	SBS3	2	2	1	0	0	0	0	0	0	0	0	0	0
1257	chr16:10253001-11397000	SBS3	2	1	1	2	0	0	0	0	0	0	0	0	0
1258	chr16:11397001-11582000	SBS3	2	2	0	2	0	0	0	0	0	0	0	0	0
1259	chr16:11590001-11919000	SBS5	2	1	1	0	0	0	0	0	0	0	0	0	0
1260	chr16:11919001-12575000	SBS3	2	1	7	0	0	0	0	0	0	0	0	0	0
1261	chr16:12575001-13905500	SBS1	3	2	0	1	1	0	0	0	0	0	0	0	0
1262	chr16:12575001-13905500	SBS3	3	2	2	1	3	0	0	0	0	0	0	0	0
1263	chr16:1285501-2009666	SBS1	2	2	0	3	0	0	0	0	0	0	0	0	0
1264	chr16:1285501-2009666	SBS3	2	2	2	1	0	0	0	0	0	0	0	0	0
1265	chr16:1285501-2009666	SBS5	2	2	1	0	0	0	0	0	0	0	0	0	0
1266	chr16:14215001-14687000	SBS13	2	1	0	1	0	0	0	0	0	0	0	0	0
1267	chr16:14687001-17193000	SBS2	2	1	1	0	0	0	0	0	0	0	0	0	0
1268	chr16:14687001-17193000	SBS3	2	1	5	5	0	0	0	0	0	0	0	0	0
1269	chr16:14687001-17193000	SBS5	2	1	0	1	0	0	0	0	0	0	0	0	0
1270	chr16:17479001-18428000	SBS1	2	2	2	1	0	0	0	0	0	0	0	0	0
1271	chr16:17479001-18428000	SBS2	2	2	1	0	0	0	0	0	0	0	0	0	0
1272	chr16:17479001-18428000	SBS3	2	2	3	6	0	0	0	0	0	0	0	0	0
1273	chr16:17479001-18428000	SBS5	2	2	0	1	0	0	0	0	0	0	0	0	0
1274	chr16:18428001-18934000	SBS1	1	0	1	0	0	0	0	0	0	0	0	0	0
1275	chr16:18428001-18934000	SBS3	1	0	3	0	0	0	0	0	0	0	0	0	0
1276	chr16:18934001-19511000	SBS2	2	2	0	1	0	0	0	0	0	0	0	0	0
1277	chr16:18934001-19511000	SBS3	2	2	0	5	0	0	0	0	0	0	0	0	0
1278	chr16:18934001-19511000	SBS5	2	2	0	1	0	0	0	0	0	0	0	0	0
1279	chr16:19560001-20671000	SBS3	2	1	2	2	0	0	0	0	0	0	0	0	0
1280	chr16:2010276-2961000	SBS1	2	2	1	0	0	0	0	0	0	0	0	0	0
1281	chr16:2010276-2961000	SBS13	2	2	0	1	0	0	0	0	0	0	0	0	0
1282	chr16:20920001-21583000	SBS3	2	2	0	4	0	0	0	0	0	0	0	0	0
1283	chr16:20920001-21583000	SBS5	2	2	0	1	0	0	0	0	0	0	0	0	0
1284	chr16:21583001-22699000	SBS18	2	1	0	1	0	0	0	0	0	0	0	0	0
1285	chr16:21583001-22699000	SBS3	2	1	0	1	0	0	0	0	0	0	0	0	0
1286	chr16:21583001-22699000	SBS5	2	1	1	0	0	0	0	0	0	0	0	0	0
1287	chr16:22699001-22879362	SBS3	2	2	0	2	0	0	0	0	0	0	0	0	0
1288	chr16:22699001-22879362	SBS5	2	2	0	1	0	0	0	0	0	0	0	0	0
1289	chr16:23037001-24077000	SBS1	2	1	1	1	0	0	0	0	0	0	0	0	0
1290	chr16:23037001-24077000	SBS18	2	1	0	1	0	0	0	0	0	0	0	0	0
1291	chr16:23037001-24077000	SBS3	2	1	2	1	0	0	0	0	0	0	0	0	0
1292	chr16:23037001-24077000	SBS5	2	1	2	0	0	0	0	0	0	0	0	0	0
1293	chr16:24077001-24534000	SBS3	2	2	0	1	0	0	0	0	0	0	0	0	0
1294	chr16:24577001-24725000	SBS3	2	2	0	1	0	0	0	0	0	0	0	0	0
1295	chr16:25129001-25329000	SBS1	2	1	0	1	0	0	0	0	0	0	0	0	0
1296	chr16:25129001-25329000	SBS13	2	1	1	0	0	0	0	0	0	0	0	0	0
1297	chr16:25129001-25329000	SBS3	2	1	1	1	0	0	0	0	0	0	0	0	0
1298	chr16:25129001-25329000	SBS5	2	1	0	2	0	0	0	0	0	0	0	0	0
1299	chr16:25329001-26326544	SBS3	3	2	0	0	3	0	0	0	0	0	0	0	0
1300	chr16:26326581-27151000	SBS1	3	2	0	0	1	0	0	0	0	0	0	0	0
1301	chr16:26326581-27151000	SBS3	3	2	0	1	0	0	0	0	0	0	0	0	0
1302	chr16:26326581-27151000	SBS5	3	2	1	0	0	0	0	0	0	0	0	0	0
1303	chr16:27151001-27591000	SBS1	2	1	0	1	0	0	0	0	0	0	0	0	0
1304	chr16:27591001-28105000	SBS1	2	2	0	1	0	0	0	0	0	0	0	0	0
1305	chr16:27591001-28105000	SBS3	2	2	0	2	0	0	0	0	0	0	0	0	0
1306	chr16:28105001-28218000	SBS3	2	0	1	1	0	0	0	0	0	0	0	0	0
1307	chr16:28218001-31526000	SBS1	2	1	0	1	0	0	0	0	0	0	0	0	0
1308	chr16:28218001-31526000	SBS2	2	1	1	0	0	0	0	0	0	0	0	0	0
1309	chr16:28218001-31526000	SBS3	2	1	6	6	0	0	0	0	0	0	0	0	0
1310	chr16:28218001-31526000	SBS5	2	1	4	1	0	0	0	0	0	0	0	0	0
1311	chr16:31526001-34072000	SBS1	3	2	1	1	0	0	0	0	0	0	0	0	0
1312	chr16:31526001-34072000	SBS13	3	2	0	1	0	0	0	0	0	0	0	0	0
1313	chr16:31526001-34072000	SBS2	3	2	0	0	1	0	0	0	0	0	0	0	0
1314	chr16:31526001-34072000	SBS3	3	2	7	6	4	0	0	0	0	0	0	0	0
1315	chr16:31526001-34072000	SBS5	3	2	0	0	1	0	0	0	0	0	0	0	0
1316	chr16:3160001-3789000	SBS2	2	2	0	1	0	0	0	0	0	0	0	0	0
1317	chr16:34072001-35016000	SBS1	8	7	0	0	1	4	0	0	0	0	0	0	0
1318	chr16:34072001-35016000	SBS13	8	7	0	0	1	1	0	1	0	0	0	0	0
1319	chr16:34072001-35016000	SBS18	8	7	0	0	0	0	0	0	1	0	0	0	0
1320	chr16:34072001-35016000	SBS3	8	7	0	0	11	9	1	0	2	0	0	0	0
1321	chr16:34072001-35016000	SBS5	8	7	0	0	10	3	1	1	0	0	0	0	0
1322	chr16:35016001-35963000	SBS1	3	2	0	0	1	0	0	0	0	0	0	0	0
1323	chr16:35016001-35963000	SBS3	3	2	0	1	2	0	0	0	0	0	0	0	0
1324	chr16:35016001-35963000	SBS5	3	2	0	0	1	0	0	0	0	0	0	0	0
1325	chr16:35963001-37295919	SBS1	4	3	1	1	0	0	0	0	0	0	0	0	0
1326	chr16:35963001-37295919	SBS13	4	3	1	0	0	0	0	0	0	0	0	0	0
1327	chr16:35963001-37295919	SBS18	4	3	2	0	0	0	0	0	0	0	0	0	0
1328	chr16:35963001-37295919	SBS3	4	3	7	8	5	0	0	0	0	0	0	0	0
1329	chr16:35963001-37295919	SBS5	4	3	3	6	2	0	0	0	0	0	0	0	0
1330	chr16:4424820-5076000	SBS1	2	2	1	0	0	0	0	0	0	0	0	0	0
1331	chr16:4424820-5076000	SBS13	2	2	0	1	0	0	0	0	0	0	0	0	0
1332	chr16:4424820-5076000	SBS3	2	2	1	0	0	0	0	0	0	0	0	0	0
1333	chr16:5076001-8593000	SBS1	3	2	0	0	1	0	0	0	0	0	0	0	0
1334	chr16:5076001-8593000	SBS18	3	2	0	0	1	0	0	0	0	0	0	0	0
1335	chr16:5076001-8593000	SBS3	3	2	13	3	6	0	0	0	0	0	0	0	0
1336	chr16:5076001-8593000	SBS5	3	2	2	0	2	0	0	0	0	0	0	0	0
1337	chr16:817001-1285500	SBS1	3	3	0	0	2	0	0	0	0	0	0	0	0
1338	chr16:817001-1285500	SBS13	3	3	0	0	1	0	0	0	0	0	0	0	0
1339	chr16:817001-1285500	SBS3	3	3	0	1	1	0	0	0	0	0	0	0	0
1340	chr16:8593001-9088000	SBS3	2	1	0	1	0	0	0	0	0	0	0	0	0
1341	chr16:9088001-9129000	SBS3	1	0	1	0	0	0	0	0	0	0	0	0	0
1342	chr16:9129001-10253000	SBS3	3	2	0	0	2	0	0	0	0	0	0	0	0
1343	chr17:1-790500	SBS1	2	0	2	1	0	0	0	0	0	0	0	0	0
1344	chr17:1-790500	SBS18	2	0	1	0	0	0	0	0	0	0	0	0	0
1345	chr17:1-790500	SBS3	2	0	3	2	0	0	0	0	0	0	0	0	0
1346	chr17:1-790500	SBS5	2	0	1	0	0	0	0	0	0	0	0	0	0
1347	chr17:10883001-11970000	SBS1	2	1	1	0	0	0	0	0	0	0	0	0	0
1348	chr17:10883001-11970000	SBS13	2	1	1	0	0	0	0	0	0	0	0	0	0
1349	chr17:12148001-13924000	SBS1	2	0	1	0	0	0	0	0	0	0	0	0	0
1350	chr17:12148001-13924000	SBS13	2	0	1	0	0	0	0	0	0	0	0	0	0
1351	chr17:12148001-13924000	SBS3	2	0	6	1	0	0	0	0	0	0	0	0	0
1352	chr17:12148001-13924000	SBS5	2	0	1	0	0	0	0	0	0	0	0	0	0
1353	chr17:13924001-14287000	SBS18	1	0	1	0	0	0	0	0	0	0	0	0	0
1354	chr17:13924001-14287000	SBS2	1	0	1	0	0	0	0	0	0	0	0	0	0
1355	chr17:13924001-14287000	SBS3	1	0	2	0	0	0	0	0	0	0	0	0	0
1356	chr17:14287001-15683000	SBS1	2	0	2	0	0	0	0	0	0	0	0	0	0
1357	chr17:14287001-15683000	SBS2	2	0	1	0	0	0	0	0	0	0	0	0	0
1358	chr17:14287001-15683000	SBS3	2	0	1	0	0	0	0	0	0	0	0	0	0
1359	chr17:14287001-15683000	SBS5	2	0	1	1	0	0	0	0	0	0	0	0	0
1360	chr17:15683001-15886000	SBS3	2	1	0	1	0	0	0	0	0	0	0	0	0
1361	chr17:15683001-15886000	SBS5	2	1	2	0	0	0	0	0	0	0	0	0	0
1362	chr17:15886001-16290000	SBS3	1	1	1	0	0	0	0	0	0	0	0	0	0
1363	chr17:15886001-16290000	SBS5	1	1	1	0	0	0	0	0	0	0	0	0	0
1364	chr17:16290001-17669500	SBS13	2	1	1	0	0	0	0	0	0	0	0	0	0
1365	chr17:16290001-17669500	SBS18	2	1	1	0	0	0	0	0	0	0	0	0	0
1366	chr17:16290001-17669500	SBS3	2	1	5	0	0	0	0	0	0	0	0	0	0
1367	chr17:16290001-17669500	SBS5	2	1	1	0	0	0	0	0	0	0	0	0	0
1368	chr17:17976001-21843934	SBS1	2	1	9	3	0	0	0	0	0	0	0	0	0
1369	chr17:17976001-21843934	SBS18	2	1	1	1	0	0	0	0	0	0	0	0	0
1370	chr17:17976001-21843934	SBS2	2	1	4	3	0	0	0	0	0	0	0	0	0
1371	chr17:17976001-21843934	SBS3	2	1	17	11	0	0	0	0	0	0	0	0	0
1372	chr17:17976001-21843934	SBS5	2	1	10	1	0	0	0	0	0	0	0	0	0
1373	chr17:2017001-2714000	SBS3	1	0	3	0	0	0	0	0	0	0	0	0	0
1374	chr17:2017001-2714000	SBS5	1	0	1	0	0	0	0	0	0	0	0	0	0
1375	chr17:21843982-21854894	SBS1	16	2	0	0	0	1	0	0	0	0	0	0	0
1376	chr17:21843982-21854894	SBS3	16	2	0	0	0	1	1	0	0	0	0	0	0
1377	chr17:21854895-21987000	SBS1	15	2	0	0	1	0	0	0	0	0	0	0	0
1378	chr17:21854895-21987000	SBS3	15	2	0	0	3	0	0	0	0	0	0	0	0
1379	chr17:21854895-21987000	SBS5	15	2	0	0	1	1	0	0	0	0	0	0	0
1380	chr17:21987001-24849829	SBS1	3	2	0	0	1	0	0	0	0	0	0	0	0
1381	chr17:21987001-24849829	SBS13	3	2	1	0	0	0	0	0	0	0	0	0	0
1382	chr17:21987001-24849829	SBS3	3	2	0	1	1	0	0	0	0	0	0	0	0
1383	chr17:24849830-27194000	SBS1	2	1	4	0	0	0	0	0	0	0	0	0	0
1384	chr17:24849830-27194000	SBS3	2	1	20	1	0	0	0	0	0	0	0	0	0
1385	chr17:24849830-27194000	SBS5	2	1	2	0	0	0	0	0	0	0	0	0	0
1386	chr17:2714001-3632000	SBS18	2	0	0	1	0	0	0	0	0	0	0	0	0
1387	chr17:2714001-3632000	SBS3	2	0	1	0	0	0	0	0	0	0	0	0	0
1388	chr17:2714001-3632000	SBS5	2	0	0	1	0	0	0	0	0	0	0	0	0
1389	chr17:27194001-27604000	SBS3	1	1	1	0	0	0	0	0	0	0	0	0	0
1390	chr17:27604001-29499611	SBS18	2	1	0	1	0	0	0	0	0	0	0	0	0
1391	chr17:27604001-29499611	SBS3	2	1	5	1	0	0	0	0	0	0	0	0	0
1392	chr17:29509996-31249000	SBS13	2	1	1	0	0	0	0	0	0	0	0	0	0
1393	chr17:29509996-31249000	SBS3	2	1	2	4	0	0	0	0	0	0	0	0	0
1394	chr17:29509996-31249000	SBS5	2	1	0	1	0	0	0	0	0	0	0	0	0
1395	chr17:31377001-32939000	SBS1	2	1	1	2	0	0	0	0	0	0	0	0	0
1396	chr17:31377001-32939000	SBS18	2	1	0	1	0	0	0	0	0	0	0	0	0
1397	chr17:31377001-32939000	SBS2	2	1	0	1	0	0	0	0	0	0	0	0	0
1398	chr17:31377001-32939000	SBS3	2	1	1	3	0	0	0	0	0	0	0	0	0
1399	chr17:31377001-32939000	SBS5	2	1	0	1	0	0	0	0	0	0	0	0	0
1400	chr17:32939001-34955000	SBS1	2	2	0	1	0	0	0	0	0	0	0	0	0
1401	chr17:32939001-34955000	SBS2	2	2	0	1	0	0	0	0	0	0	0	0	0
1402	chr17:32939001-34955000	SBS3	2	2	0	7	0	0	0	0	0	0	0	0	0
1403	chr17:35091001-36631000	SBS18	2	1	0	1	0	0	0	0	0	0	0	0	0
1404	chr17:35091001-36631000	SBS3	2	1	0	1	0	0	0	0	0	0	0	0	0
1405	chr17:3632001-5596000	SBS2	2	0	0	1	0	0	0	0	0	0	0	0	0
1406	chr17:3632001-5596000	SBS3	2	0	3	4	0	0	0	0	0	0	0	0	0
1407	chr17:3632001-5596000	SBS5	2	0	1	0	0	0	0	0	0	0	0	0	0
1408	chr17:36631001-36917000	SBS3	2	2	0	1	0	0	0	0	0	0	0	0	0
1409	chr17:37655001-38690693	SBS3	2	1	1	1	0	0	0	0	0	0	0	0	0
1410	chr17:38690847-39618000	SBS3	2	1	0	4	0	0	0	0	0	0	0	0	0
1411	chr17:39618001-40300000	SBS1	2	1	1	0	0	0	0	0	0	0	0	0	0
1412	chr17:39618001-40300000	SBS3	2	1	4	1	0	0	0	0	0	0	0	0	0
1413	chr17:39618001-40300000	SBS5	2	1	1	0	0	0	0	0	0	0	0	0	0
1414	chr17:40349001-40530000	SBS3	1	1	1	0	0	0	0	0	0	0	0	0	0
1415	chr17:40656001-46026000	SBS1	2	1	2	2	0	0	0	0	0	0	0	0	0
1416	chr17:40656001-46026000	SBS13	2	1	0	1	0	0	0	0	0	0	0	0	0
1417	chr17:40656001-46026000	SBS18	2	1	2	0	0	0	0	0	0	0	0	0	0
1418	chr17:40656001-46026000	SBS2	2	1	1	0	0	0	0	0	0	0	0	0	0
1419	chr17:40656001-46026000	SBS3	2	1	7	19	0	0	0	0	0	0	0	0	0
1420	chr17:40656001-46026000	SBS5	2	1	1	1	0	0	0	0	0	0	0	0	0
1421	chr17:46026001-46268000	SBS1	2	0	1	0	0	0	0	0	0	0	0	0	0
1422	chr17:47065001-48619000	SBS1	2	1	0	1	0	0	0	0	0	0	0	0	0
1423	chr17:47065001-48619000	SBS18	2	1	0	2	0	0	0	0	0	0	0	0	0
1424	chr17:47065001-48619000	SBS3	2	1	1	1	0	0	0	0	0	0	0	0	0
1425	chr17:48619001-49314000	SBS18	2	1	0	1	0	0	0	0	0	0	0	0	0
1426	chr17:48619001-49314000	SBS2	2	1	2	0	0	0	0	0	0	0	0	0	0
1427	chr17:48619001-49314000	SBS3	2	1	1	0	0	0	0	0	0	0	0	0	0
1428	chr17:48619001-49314000	SBS5	2	1	2	0	0	0	0	0	0	0	0	0	0
1429	chr17:49418001-49566000	SBS3	2	1	1	0	0	0	0	0	0	0	0	0	0
1430	chr17:49830001-50852000	SBS18	2	1	0	1	0	0	0	0	0	0	0	0	0
1431	chr17:49830001-50852000	SBS2	2	1	0	1	0	0	0	0	0	0	0	0	0
1432	chr17:49830001-50852000	SBS3	2	1	0	2	0	0	0	0	0	0	0	0	0
1433	chr17:51299001-51869000	SBS1	2	2	0	1	0	0	0	0	0	0	0	0	0
1434	chr17:51869001-54733959	SBS18	3	2	0	0	2	0	0	0	0	0	0	0	0
1435	chr17:51869001-54733959	SBS2	3	2	0	1	0	0	0	0	0	0	0	0	0
1436	chr17:51869001-54733959	SBS3	3	2	3	1	8	0	0	0	0	0	0	0	0
1437	chr17:51869001-54733959	SBS5	3	2	0	1	3	0	0	0	0	0	0	0	0
1438	chr17:54733960-54915000	SBS13	4	2	0	0	0	2	0	0	0	0	0	0	0
1439	chr17:54733960-54915000	SBS2	4	2	0	0	0	1	0	0	0	0	0	0	0
1440	chr17:54733960-54915000	SBS3	4	2	0	0	1	0	0	0	0	0	0	0	0
1441	chr17:54733960-54915000	SBS5	4	2	0	0	0	1	0	0	0	0	0	0	0
1442	chr17:54915001-55221332	SBS1	3	1	0	0	1	0	0	0	0	0	0	0	0
1443	chr17:55221365-55778000	SBS1	3	1	1	0	0	0	0	0	0	0	0	0	0
1444	chr17:55778001-56750000	SBS3	4	2	0	1	1	2	0	0	0	0	0	0	0
1445	chr17:55778001-56750000	SBS5	4	2	0	1	0	0	0	0	0	0	0	0	0
1446	chr17:5596001-6435500	SBS1	2	0	2	0	0	0	0	0	0	0	0	0	0
1447	chr17:5596001-6435500	SBS13	2	0	1	0	0	0	0	0	0	0	0	0	0
1448	chr17:5596001-6435500	SBS18	2	0	2	0	0	0	0	0	0	0	0	0	0
1449	chr17:5596001-6435500	SBS2	2	0	2	0	0	0	0	0	0	0	0	0	0
1450	chr17:5596001-6435500	SBS3	2	0	8	0	0	0	0	0	0	0	0	0	0
1451	chr17:56750001-57243000	SBS3	3	1	4	0	0	0	0	0	0	0	0	0	0
1452	chr17:56750001-57243000	SBS5	3	1	1	0	0	0	0	0	0	0	0	0	0
1453	chr17:57243001-57615000	SBS2	2	1	0	1	0	0	0	0	0	0	0	0	0
1454	chr17:57243001-57615000	SBS3	2	1	0	1	0	0	0	0	0	0	0	0	0
1455	chr17:57615001-57889000	SBS3	3	1	0	2	2	0	0	0	0	0	0	0	0
1456	chr17:58009001-58326000	SBS3	4	2	0	1	1	0	0	0	0	0	0	0	0
1457	chr17:58326001-58422000	SBS3	2	1	1	0	0	0	0	0	0	0	0	0	0
1458	chr17:58326001-58422000	SBS5	2	1	1	0	0	0	0	0	0	0	0	0	0
1459	chr17:58422001-59614000	SBS1	3	2	1	0	0	0	0	0	0	0	0	0	0
1460	chr17:58422001-59614000	SBS2	3	2	0	0	1	0	0	0	0	0	0	0	0
1461	chr17:58422001-59614000	SBS3	3	2	2	3	3	0	0	0	0	0	0	0	0
1462	chr17:58422001-59614000	SBS5	3	2	0	1	0	0	0	0	0	0	0	0	0
1463	chr17:59614001-59794000	SBS3	2	1	0	1	0	0	0	0	0	0	0	0	0
1464	chr17:59860001-62174597	SBS1	3	1	1	1	1	0	0	0	0	0	0	0	0
1465	chr17:59860001-62174597	SBS18	3	1	0	1	1	0	0	0	0	0	0	0	0
1466	chr17:59860001-62174597	SBS3	3	1	3	4	5	0	0	0	0	0	0	0	0
1467	chr17:62236113-65139000	SBS1	3	1	0	1	1	0	0	0	0	0	0	0	0
1468	chr17:62236113-65139000	SBS2	3	1	0	0	1	0	0	0	0	0	0	0	0
1469	chr17:62236113-65139000	SBS3	3	1	3	3	3	0	0	0	0	0	0	0	0
1470	chr17:62236113-65139000	SBS5	3	1	3	1	0	0	0	0	0	0	0	0	0
1471	chr17:6435501-7010000	SBS18	2	0	0	1	0	0	0	0	0	0	0	0	0
1472	chr17:6435501-7010000	SBS3	2	0	0	2	0	0	0	0	0	0	0	0	0
1473	chr17:65139001-65765948	SBS1	3	2	0	0	1	0	0	0	0	0	0	0	0
1474	chr17:65784740-66917000	SBS3	4	2	0	0	0	1	0	0	0	0	0	0	0
1475	chr17:66917001-68181000	SBS18	3	1	0	1	0	0	0	0	0	0	0	0	0
1476	chr17:66917001-68181000	SBS2	3	1	0	0	1	0	0	0	0	0	0	0	0
1477	chr17:66917001-68181000	SBS3	3	1	3	0	1	0	0	0	0	0	0	0	0
1478	chr17:66917001-68181000	SBS5	3	1	0	0	1	0	0	0	0	0	0	0	0
1479	chr17:68181001-68545000	SBS3	3	1	0	1	0	0	0	0	0	0	0	0	0
1480	chr17:68545001-69171000	SBS1	4	2	0	1	0	0	0	0	0	0	0	0	0
1481	chr17:68545001-69171000	SBS3	4	2	0	2	1	3	0	0	0	0	0	0	0
1482	chr17:68545001-69171000	SBS5	4	2	0	1	0	2	0	0	0	0	0	0	0
1483	chr17:69171001-69615000	SBS3	3	1	1	0	1	0	0	0	0	0	0	0	0
1484	chr17:69171001-69615000	SBS5	3	1	0	0	1	0	0	0	0	0	0	0	0
1485	chr17:69615001-72118000	SBS18	4	2	0	0	0	1	0	0	0	0	0	0	0
1486	chr17:69615001-72118000	SBS2	4	2	1	0	0	0	0	0	0	0	0	0	0
1487	chr17:69615001-72118000	SBS3	4	2	1	2	3	6	0	0	0	0	0	0	0
1488	chr17:69615001-72118000	SBS5	4	2	2	1	1	1	0	0	0	0	0	0	0
1489	chr17:7054001-7202000	SBS2	2	0	1	0	0	0	0	0	0	0	0	0	0
1490	chr17:7054001-7202000	SBS3	2	0	1	0	0	0	0	0	0	0	0	0	0
1491	chr17:7054001-7202000	SBS5	2	0	1	0	0	0	0	0	0	0	0	0	0
1492	chr17:72118001-73187000	SBS1	4	2	0	1	0	0	0	0	0	0	0	0	0
1493	chr17:72118001-73187000	SBS2	4	2	0	0	3	1	0	0	0	0	0	0	0
1494	chr17:72118001-73187000	SBS5	4	2	0	0	0	1	0	0	0	0	0	0	0
1495	chr17:7265001-7686000	SBS3	2	0	2	1	0	0	0	0	0	0	0	0	0
1496	chr17:73318001-74737500	SBS3	4	2	4	3	2	5	0	0	0	0	0	0	0
1497	chr17:73318001-74737500	SBS5	4	2	0	2	0	1	0	0	0	0	0	0	0
1498	chr17:74781001-77279000	SBS1	3	2	1	0	0	0	0	0	0	0	0	0	0
1499	chr17:74781001-77279000	SBS3	3	2	5	0	3	0	0	0	0	0	0	0	0
1500	chr17:74781001-77279000	SBS5	3	2	4	0	2	0	0	0	0	0	0	0	0
1501	chr17:77279001-77478000	SBS3	3	1	0	1	1	0	0	0	0	0	0	0	0
1502	chr17:77478001-78437000	SBS3	3	2	0	1	1	0	0	0	0	0	0	0	0
1503	chr17:78437001-78701000	SBS13	4	2	0	0	0	1	0	0	0	0	0	0	0
1504	chr17:78437001-78701000	SBS2	4	2	0	0	1	0	0	0	0	0	0	0	0
1505	chr17:78437001-78701000	SBS3	4	2	1	1	1	0	0	0	0	0	0	0	0
1506	chr17:78437001-78701000	SBS5	4	2	2	0	0	0	0	0	0	0	0	0	0
1507	chr17:78786001-79115000	SBS3	4	2	0	1	2	0	0	0	0	0	0	0	0
1508	chr17:79115001-79769000	SBS3	4	2	0	0	0	2	0	0	0	0	0	0	0
1509	chr17:7935001-10883000	SBS13	2	0	1	0	0	0	0	0	0	0	0	0	0
1510	chr17:7935001-10883000	SBS18	2	0	1	0	0	0	0	0	0	0	0	0	0
1511	chr17:7935001-10883000	SBS3	2	0	2	0	0	0	0	0	0	0	0	0	0
1512	chr17:7935001-10883000	SBS5	2	0	1	0	0	0	0	0	0	0	0	0	0
1513	chr17:79769001-79846000	SBS3	2	1	0	3	0	0	0	0	0	0	0	0	0
1514	chr17:79769001-79846000	SBS5	2	1	0	1	0	0	0	0	0	0	0	0	0
1515	chr17:79846001-81327194	SBS1	4	2	0	0	0	1	0	0	0	0	0	0	0
1516	chr17:79846001-81327194	SBS18	4	2	1	0	0	0	0	0	0	0	0	0	0
1517	chr17:79846001-81327194	SBS2	4	2	0	0	0	1	0	0	0	0	0	0	0
1518	chr17:79846001-81327194	SBS3	4	2	6	1	3	2	0	0	0	0	0	0	0
1519	chr17:79846001-81327194	SBS5	4	2	1	2	0	0	0	0	0	0	0	0	0
1520	chr17:81327195-81410709	SBS3	4	4	0	0	0	1	0	0	0	0	0	0	0
1521	chr17:81410710-81643333	SBS3	4	2	0	0	0	3	0	0	0	0	0	0	0
1522	chr17:81644302-83257441	SBS1	4	2	0	3	1	0	0	0	0	0	0	0	0
1523	chr17:81644302-83257441	SBS3	4	2	0	1	0	3	0	0	0	0	0	0	0
1524	chr17:81644302-83257441	SBS5	4	2	0	2	1	0	0	0	0	0	0	0	0
1525	chr17:974001-2017000	SBS3	2	0	6	0	0	0	0	0	0	0	0	0	0
1526	chr17:974001-2017000	SBS5	2	0	1	0	0	0	0	0	0	0	0	0	0
1527	chr18:1-849000	SBS1	2	1	4	0	0	0	0	0	0	0	0	0	0
1528	chr18:1-849000	SBS13	2	1	1	0	0	0	0	0	0	0	0	0	0
1529	chr18:1-849000	SBS3	2	1	5	0	0	0	0	0	0	0	0	0	0
1530	chr18:1-849000	SBS5	2	1	1	0	0	0	0	0	0	0	0	0	0
1531	chr18:11193001-11847000	SBS3	2	2	0	3	0	0	0	0	0	0	0	0	0
1532	chr18:11847001-12834000	SBS1	2	1	0	1	0	0	0	0	0	0	0	0	0
1533	chr18:11847001-12834000	SBS18	2	1	0	1	0	0	0	0	0	0	0	0	0
1534	chr18:11847001-12834000	SBS3	2	1	4	1	0	0	0	0	0	0	0	0	0
1535	chr18:11847001-12834000	SBS5	2	1	3	0	0	0	0	0	0	0	0	0	0
1536	chr18:12887001-13763000	SBS13	2	1	0	1	0	0	0	0	0	0	0	0	0
1537	chr18:12887001-13763000	SBS2	2	1	0	1	0	0	0	0	0	0	0	0	0
1538	chr18:12887001-13763000	SBS3	2	1	0	3	0	0	0	0	0	0	0	0	0
1539	chr18:12887001-13763000	SBS5	2	1	1	0	0	0	0	0	0	0	0	0	0
1540	chr18:13763001-18161052	SBS1	2	2	1	2	0	0	0	0	0	0	0	0	0
1541	chr18:13763001-18161052	SBS13	2	2	1	2	0	0	0	0	0	0	0	0	0
1542	chr18:13763001-18161052	SBS18	2	2	1	0	0	0	0	0	0	0	0	0	0
1543	chr18:13763001-18161052	SBS2	2	2	1	0	0	0	0	0	0	0	0	0	0
1544	chr18:13763001-18161052	SBS3	2	2	34	9	0	0	0	0	0	0	0	0	0
1545	chr18:13763001-18161052	SBS5	2	2	13	0	0	0	0	0	0	0	0	0	0
1546	chr18:18161053-21119500	SBS3	1	1	2	0	0	0	0	0	0	0	0	0	0
1547	chr18:18161053-21119500	SBS5	1	1	1	0	0	0	0	0	0	0	0	0	0
1548	chr18:21522001-21872000	SBS3	1	1	2	0	0	0	0	0	0	0	0	0	0
1549	chr18:21872001-22778000	SBS1	2	2	0	1	0	0	0	0	0	0	0	0	0
1550	chr18:21872001-22778000	SBS18	2	2	0	1	0	0	0	0	0	0	0	0	0
1551	chr18:21872001-22778000	SBS3	2	2	5	3	0	0	0	0	0	0	0	0	0
1552	chr18:21872001-22778000	SBS5	2	2	1	0	0	0	0	0	0	0	0	0	0
1553	chr18:22778001-23959000	SBS18	2	1	0	2	0	0	0	0	0	0	0	0	0
1554	chr18:22778001-23959000	SBS3	2	1	0	4	0	0	0	0	0	0	0	0	0
1555	chr18:24140001-26001000	SBS3	2	2	1	2	0	0	0	0	0	0	0	0	0
1556	chr18:26097001-26783000	SBS13	2	1	0	1	0	0	0	0	0	0	0	0	0
1557	chr18:26097001-26783000	SBS18	2	1	0	1	0	0	0	0	0	0	0	0	0
1558	chr18:26097001-26783000	SBS3	2	1	0	2	0	0	0	0	0	0	0	0	0
1559	chr18:26783001-31151000	SBS1	2	2	0	1	0	0	0	0	0	0	0	0	0
1560	chr18:26783001-31151000	SBS18	2	2	0	3	0	0	0	0	0	0	0	0	0
1561	chr18:26783001-31151000	SBS2	2	2	0	1	0	0	0	0	0	0	0	0	0
1562	chr18:26783001-31151000	SBS3	2	2	0	9	0	0	0	0	0	0	0	0	0
1563	chr18:26783001-31151000	SBS5	2	2	0	4	0	0	0	0	0	0	0	0	0
1564	chr18:31151001-31819000	SBS3	2	2	0	1	0	0	0	0	0	0	0	0	0
1565	chr18:32132001-34588000	SBS1	2	2	0	1	0	0	0	0	0	0	0	0	0
1566	chr18:32132001-34588000	SBS3	2	2	0	6	0	0	0	0	0	0	0	0	0
1567	chr18:32132001-34588000	SBS5	2	2	0	1	0	0	0	0	0	0	0	0	0
1568	chr18:34588001-34972000	SBS1	2	1	0	1	0	0	0	0	0	0	0	0	0
1569	chr18:34588001-34972000	SBS3	2	1	0	1	0	0	0	0	0	0	0	0	0
1570	chr18:34972001-35714000	SBS3	1	1	1	0	0	0	0	0	0	0	0	0	0
1571	chr18:36787001-36954000	SBS3	2	1	0	1	0	0	0	0	0	0	0	0	0
1572	chr18:36954001-41202000	SBS13	2	2	0	1	0	0	0	0	0	0	0	0	0
1573	chr18:36954001-41202000	SBS18	2	2	1	1	0	0	0	0	0	0	0	0	0
1574	chr18:36954001-41202000	SBS2	2	2	1	1	0	0	0	0	0	0	0	0	0
1575	chr18:36954001-41202000	SBS3	2	2	1	11	0	0	0	0	0	0	0	0	0
1576	chr18:36954001-41202000	SBS5	2	2	0	3	0	0	0	0	0	0	0	0	0
1577	chr18:3728001-4511000	SBS3	2	2	0	2	0	0	0	0	0	0	0	0	0
1578	chr18:41202001-41948000	SBS1	2	0	0	1	0	0	0	0	0	0	0	0	0
1579	chr18:41202001-41948000	SBS3	2	0	0	1	0	0	0	0	0	0	0	0	0
1580	chr18:42117001-42482000	SBS3	3	0	0	1	1	0	0	0	0	0	0	0	0
1581	chr18:42482001-43561000	SBS1	3	2	0	0	1	0	0	0	0	0	0	0	0
1582	chr18:42482001-43561000	SBS3	3	2	2	1	3	0	0	0	0	0	0	0	0
1583	chr18:43561001-44665000	SBS13	2	2	0	1	0	0	0	0	0	0	0	0	0
1584	chr18:43561001-44665000	SBS3	2	2	0	1	0	0	0	0	0	0	0	0	0
1585	chr18:43561001-44665000	SBS5	2	2	0	1	0	0	0	0	0	0	0	0	0
1586	chr18:44665001-44919000	SBS3	1	0	1	0	0	0	0	0	0	0	0	0	0
1587	chr18:44919001-46211000	SBS1	2	1	1	0	0	0	0	0	0	0	0	0	0
1588	chr18:44919001-46211000	SBS3	2	1	1	1	0	0	0	0	0	0	0	0	0
1589	chr18:4511001-5234000	SBS5	3	2	0	0	1	0	0	0	0	0	0	0	0
1590	chr18:46282001-47218000	SBS1	2	1	0	1	0	0	0	0	0	0	0	0	0
1591	chr18:46282001-47218000	SBS3	2	1	1	3	0	0	0	0	0	0	0	0	0
1592	chr18:47218001-47813000	SBS3	2	2	0	3	0	0	0	0	0	0	0	0	0
1593	chr18:47934001-48776500	SBS3	2	1	1	1	0	0	0	0	0	0	0	0	0
1594	chr18:47934001-48776500	SBS5	2	1	1	0	0	0	0	0	0	0	0	0	0
1595	chr18:48776501-49247689	SBS3	1	1	2	0	0	0	0	0	0	0	0	0	0
1596	chr18:49247690-49302698	SBS2	3	1	1	0	0	0	0	0	0	0	0	0	0
1597	chr18:49496001-50260000	SBS1	2	0	1	0	0	0	0	0	0	0	0	0	0
1598	chr18:49496001-50260000	SBS13	2	0	0	1	0	0	0	0	0	0	0	0	0
1599	chr18:49496001-50260000	SBS3	2	0	3	1	0	0	0	0	0	0	0	0	0
1600	chr18:50392001-50816000	SBS18	2	0	0	1	0	0	0	0	0	0	0	0	0
1601	chr18:50392001-50816000	SBS3	2	0	0	1	0	0	0	0	0	0	0	0	0
1602	chr18:50816001-51181000	SBS3	1	0	3	0	0	0	0	0	0	0	0	0	0
1603	chr18:51669001-52125165	SBS3	2	0	0	3	0	0	0	0	0	0	0	0	0
1604	chr18:52125166-53757908	SBS1	2	2	0	1	0	0	0	0	0	0	0	0	0
1605	chr18:52125166-53757908	SBS2	2	2	0	1	0	0	0	0	0	0	0	0	0
1606	chr18:52125166-53757908	SBS3	2	2	0	7	0	0	0	0	0	0	0	0	0
1607	chr18:5234001-5326000	SBS1	2	1	0	1	0	0	0	0	0	0	0	0	0
1608	chr18:5234001-5326000	SBS3	2	1	0	1	0	0	0	0	0	0	0	0	0
1609	chr18:53758051-54145000	SBS13	2	2	0	1	0	0	0	0	0	0	0	0	0
1610	chr18:53758051-54145000	SBS3	2	2	1	0	0	0	0	0	0	0	0	0	0
1611	chr18:53758051-54145000	SBS5	2	2	1	1	0	0	0	0	0	0	0	0	0
1612	chr18:54295001-54909743	SBS3	2	1	1	0	0	0	0	0	0	0	0	0	0
1613	chr18:54927483-54951000	SBS13	3	1	0	1	0	0	0	0	0	0	0	0	0
1614	chr18:54951001-56565000	SBS3	4	2	0	1	0	1	0	0	0	0	0	0	0
1615	chr18:54951001-56565000	SBS5	4	2	0	0	1	0	0	0	0	0	0	0	0
1616	chr18:5603001-7543000	SBS1	3	2	1	0	0	0	0	0	0	0	0	0	0
1617	chr18:5603001-7543000	SBS18	3	2	2	0	0	0	0	0	0	0	0	0	0
1618	chr18:5603001-7543000	SBS2	3	2	0	1	0	0	0	0	0	0	0	0	0
1619	chr18:5603001-7543000	SBS3	3	2	4	0	2	0	0	0	0	0	0	0	0
1620	chr18:5603001-7543000	SBS5	3	2	2	0	0	0	0	0	0	0	0	0	0
1621	chr18:56565001-57027000	SBS1	3	1	0	0	1	0	0	0	0	0	0	0	0
1622	chr18:56565001-57027000	SBS2	3	1	1	0	0	0	0	0	0	0	0	0	0
1623	chr18:56565001-57027000	SBS3	3	1	0	2	0	0	0	0	0	0	0	0	0
1624	chr18:56565001-57027000	SBS5	3	1	2	1	0	0	0	0	0	0	0	0	0
1625	chr18:57027001-57540000	SBS3	4	2	0	0	2	0	0	0	0	0	0	0	0
1626	chr18:57027001-57540000	SBS5	4	2	0	0	0	1	0	0	0	0	0	0	0
1627	chr18:57540001-58134500	SBS18	3	1	0	0	1	0	0	0	0	0	0	0	0
1628	chr18:57540001-58134500	SBS3	3	1	0	1	2	0	0	0	0	0	0	0	0
1629	chr18:58278001-59356000	SBS18	3	1	0	2	0	0	0	0	0	0	0	0	0
1630	chr18:58278001-59356000	SBS5	3	1	1	0	0	0	0	0	0	0	0	0	0
1631	chr18:59997001-61536000	SBS3	4	2	0	1	2	6	0	0	0	0	0	0	0
1632	chr18:61536001-62175000	SBS18	3	1	0	0	1	0	0	0	0	0	0	0	0
1633	chr18:61536001-62175000	SBS5	3	1	0	0	1	0	0	0	0	0	0	0	0
1634	chr18:62175001-62290000	SBS13	1	1	1	0	0	0	0	0	0	0	0	0	0
1635	chr18:62175001-62290000	SBS3	1	1	2	0	0	0	0	0	0	0	0	0	0
1636	chr18:62290001-63126000	SBS3	3	1	0	0	1	0	0	0	0	0	0	0	0
1637	chr18:63455001-64066356	SBS1	4	2	0	0	0	1	0	0	0	0	0	0	0
1638	chr18:63455001-64066356	SBS3	4	2	0	0	1	3	0	0	0	0	0	0	0
1639	chr18:64066713-64266657	SBS13	3	2	0	0	1	0	0	0	0	0	0	0	0
1640	chr18:64066713-64266657	SBS18	3	2	1	0	0	0	0	0	0	0	0	0	0
1641	chr18:64066713-64266657	SBS5	3	2	1	0	0	0	0	0	0	0	0	0	0
1642	chr18:64266658-65113615	SBS2	2	2	0	1	0	0	0	0	0	0	0	0	0
1643	chr18:64266658-65113615	SBS3	2	2	1	4	0	0	0	0	0	0	0	0	0
1644	chr18:64266658-65113615	SBS5	2	2	1	0	0	0	0	0	0	0	0	0	0
1645	chr18:65258688-66057337	SBS3	2	1	0	1	0	0	0	0	0	0	0	0	0
1646	chr18:66058706-67180000	SBS1	2	0	2	0	0	0	0	0	0	0	0	0	0
1647	chr18:66058706-67180000	SBS3	2	0	5	1	0	0	0	0	0	0	0	0	0
1648	chr18:67180001-67554000	SBS1	2	0	1	0	0	0	0	0	0	0	0	0	0
1649	chr18:67180001-67554000	SBS3	2	0	1	0	0	0	0	0	0	0	0	0	0
1650	chr18:67870432-68658000	SBS3	2	0	2	1	0	0	0	0	0	0	0	0	0
1651	chr18:68737001-69550000	SBS1	2	0	0	1	0	0	0	0	0	0	0	0	0
1652	chr18:70212001-70530000	SBS2	2	0	1	0	0	0	0	0	0	0	0	0	0
1653	chr18:70530001-70964507	SBS3	2	0	0	1	0	0	0	0	0	0	0	0	0
1654	chr18:70964646-74147000	SBS13	2	2	0	2	0	0	0	0	0	0	0	0	0
1655	chr18:70964646-74147000	SBS18	2	2	0	3	0	0	0	0	0	0	0	0	0
1656	chr18:70964646-74147000	SBS2	2	2	0	3	0	0	0	0	0	0	0	0	0
1657	chr18:70964646-74147000	SBS3	2	2	1	7	0	0	0	0	0	0	0	0	0
1658	chr18:70964646-74147000	SBS5	2	2	0	3	0	0	0	0	0	0	0	0	0
1659	chr18:74149001-74618000	SBS1	2	1	0	1	0	0	0	0	0	0	0	0	0
1660	chr18:74149001-74618000	SBS2	2	1	1	0	0	0	0	0	0	0	0	0	0
1661	chr18:74149001-74618000	SBS3	2	1	0	1	0	0	0	0	0	0	0	0	0
1662	chr18:74618001-75073000	SBS3	2	1	0	1	0	0	0	0	0	0	0	0	0
1663	chr18:75073001-75195000	SBS1	2	2	0	1	0	0	0	0	0	0	0	0	0
1664	chr18:75273001-76802000	SBS1	2	2	0	1	0	0	0	0	0	0	0	0	0
1665	chr18:75273001-76802000	SBS13	2	2	0	2	0	0	0	0	0	0	0	0	0
1666	chr18:75273001-76802000	SBS3	2	2	1	2	0	0	0	0	0	0	0	0	0
1667	chr18:7543001-8607000	SBS3	2	2	1	3	0	0	0	0	0	0	0	0	0
1668	chr18:76802001-77267222	SBS3	2	1	0	1	0	0	0	0	0	0	0	0	0
1669	chr18:77777001-79053000	SBS3	3	1	0	3	0	0	0	0	0	0	0	0	0
1670	chr18:79053001-79408500	SBS3	1	0	2	0	0	0	0	0	0	0	0	0	0
1671	chr18:79408501-79932000	SBS2	2	0	1	0	0	0	0	0	0	0	0	0	0
1672	chr18:79408501-79932000	SBS3	2	0	4	0	0	0	0	0	0	0	0	0	0
1673	chr18:79408501-79932000	SBS5	2	0	1	0	0	0	0	0	0	0	0	0	0
1674	chr18:849001-2533000	SBS13	2	2	0	1	0	0	0	0	0	0	0	0	0
1675	chr18:849001-2533000	SBS3	2	2	2	1	0	0	0	0	0	0	0	0	0
1676	chr18:849001-2533000	SBS5	2	2	1	0	0	0	0	0	0	0	0	0	0
1677	chr18:9152001-9284000	SBS3	1	0	2	0	0	0	0	0	0	0	0	0	0
1678	chr18:9284001-11193000	SBS3	2	1	2	2	0	0	0	0	0	0	0	0	0
1679	chr18:9284001-11193000	SBS5	2	1	1	0	0	0	0	0	0	0	0	0	0
1680	chr19:1-1732287	SBS1	2	2	0	2	0	0	0	0	0	0	0	0	0
1681	chr19:1-1732287	SBS2	2	2	0	2	0	0	0	0	0	0	0	0	0
1682	chr19:1-1732287	SBS3	2	2	0	8	0	0	0	0	0	0	0	0	0
1683	chr19:11376001-12542000	SBS1	2	1	3	0	0	0	0	0	0	0	0	0	0
1684	chr19:11376001-12542000	SBS18	2	1	1	0	0	0	0	0	0	0	0	0	0
1685	chr19:11376001-12542000	SBS3	2	1	3	2	0	0	0	0	0	0	0	0	0
1686	chr19:11376001-12542000	SBS5	2	1	0	1	0	0	0	0	0	0	0	0	0
1687	chr19:12542001-13149000	SBS3	1	1	4	0	0	0	0	0	0	0	0	0	0
1688	chr19:12542001-13149000	SBS5	1	1	1	0	0	0	0	0	0	0	0	0	0
1689	chr19:13171001-13729000	SBS3	2	1	1	0	0	0	0	0	0	0	0	0	0
1690	chr19:13171001-13729000	SBS5	2	1	1	0	0	0	0	0	0	0	0	0	0
1691	chr19:13729001-14577000	SBS1	2	1	0	2	0	0	0	0	0	0	0	0	0
1692	chr19:13729001-14577000	SBS3	2	1	1	6	0	0	0	0	0	0	0	0	0
1693	chr19:14577001-15248000	SBS1	2	1	0	1	0	0	0	0	0	0	0	0	0
1694	chr19:14577001-15248000	SBS2	2	1	1	0	0	0	0	0	0	0	0	0	0
1695	chr19:14577001-15248000	SBS3	2	1	3	1	0	0	0	0	0	0	0	0	0
1696	chr19:14577001-15248000	SBS5	2	1	1	0	0	0	0	0	0	0	0	0	0
1697	chr19:15483001-16060000	SBS3	2	1	0	1	0	0	0	0	0	0	0	0	0
1698	chr19:16666001-17062000	SBS3	2	1	0	1	0	0	0	0	0	0	0	0	0
1699	chr19:17062001-17996000	SBS1	2	1	2	0	0	0	0	0	0	0	0	0	0
1700	chr19:17062001-17996000	SBS3	2	1	2	2	0	0	0	0	0	0	0	0	0
1701	chr19:17062001-17996000	SBS5	2	1	1	0	0	0	0	0	0	0	0	0	0
1702	chr19:1743325-3761000	SBS18	2	2	0	1	0	0	0	0	0	0	0	0	0
1703	chr19:1743325-3761000	SBS3	2	2	2	3	0	0	0	0	0	0	0	0	0
1704	chr19:1743325-3761000	SBS5	2	2	0	3	0	0	0	0	0	0	0	0	0
1705	chr19:18595001-20256000	SBS1	2	1	1	1	0	0	0	0	0	0	0	0	0
1706	chr19:18595001-20256000	SBS3	2	1	1	0	0	0	0	0	0	0	0	0	0
1707	chr19:20256001-20866000	SBS13	2	1	1	0	0	0	0	0	0	0	0	0	0
1708	chr19:20256001-20866000	SBS3	2	1	3	1	0	0	0	0	0	0	0	0	0
1709	chr19:20256001-20866000	SBS5	2	1	1	0	0	0	0	0	0	0	0	0	0
1710	chr19:20916001-21885500	SBS1	2	1	2	0	0	0	0	0	0	0	0	0	0
1711	chr19:20916001-21885500	SBS13	2	1	1	0	0	0	0	0	0	0	0	0	0
1712	chr19:20916001-21885500	SBS2	2	1	1	0	0	0	0	0	0	0	0	0	0
1713	chr19:20916001-21885500	SBS3	2	1	14	0	0	0	0	0	0	0	0	0	0
1714	chr19:20916001-21885500	SBS5	2	1	1	0	0	0	0	0	0	0	0	0	0
1715	chr19:21885501-23229000	SBS13	3	2	0	1	0	0	0	0	0	0	0	0	0
1716	chr19:21885501-23229000	SBS3	3	2	1	1	2	0	0	0	0	0	0	0	0
1717	chr19:21885501-23229000	SBS5	3	2	1	0	0	0	0	0	0	0	0	0	0
1718	chr19:23229001-24027000	SBS1	2	1	0	1	0	0	0	0	0	0	0	0	0
1719	chr19:23229001-24027000	SBS18	2	1	0	1	0	0	0	0	0	0	0	0	0
1720	chr19:23229001-24027000	SBS3	2	1	5	1	0	0	0	0	0	0	0	0	0
1721	chr19:23229001-24027000	SBS5	2	1	1	1	0	0	0	0	0	0	0	0	0
1722	chr19:24027001-24108000	SBS3	2	0	1	0	0	0	0	0	0	0	0	0	0
1723	chr19:24027001-24108000	SBS5	2	0	1	0	0	0	0	0	0	0	0	0	0
1724	chr19:24108001-25844926	SBS2	3	1	1	0	0	0	0	0	0	0	0	0	0
1725	chr19:24108001-25844926	SBS3	3	1	6	0	0	0	0	0	0	0	0	0	0
1726	chr19:24108001-25844926	SBS5	3	1	1	0	0	0	0	0	0	0	0	0	0
1727	chr19:25844927-29583000	SBS1	3	2	0	0	1	0	0	0	0	0	0	0	0
1728	chr19:25844927-29583000	SBS18	3	2	0	1	0	0	0	0	0	0	0	0	0
1729	chr19:25844927-29583000	SBS3	3	2	3	4	3	0	0	0	0	0	0	0	0
1730	chr19:25844927-29583000	SBS5	3	2	0	2	0	0	0	0	0	0	0	0	0
1731	chr19:29583001-29940000	SBS2	2	1	1	0	0	0	0	0	0	0	0	0	0
1732	chr19:29583001-29940000	SBS3	2	1	1	0	0	0	0	0	0	0	0	0	0
1733	chr19:30037001-34131000	SBS1	2	2	1	0	0	0	0	0	0	0	0	0	0
1734	chr19:30037001-34131000	SBS13	2	2	0	1	0	0	0	0	0	0	0	0	0
1735	chr19:30037001-34131000	SBS18	2	2	0	1	0	0	0	0	0	0	0	0	0
1736	chr19:30037001-34131000	SBS2	2	2	1	1	0	0	0	0	0	0	0	0	0
1737	chr19:30037001-34131000	SBS3	2	2	3	12	0	0	0	0	0	0	0	0	0
1738	chr19:30037001-34131000	SBS5	2	2	4	3	0	0	0	0	0	0	0	0	0
1739	chr19:34131001-34391000	SBS3	2	1	2	0	0	0	0	0	0	0	0	0	0
1740	chr19:34131001-34391000	SBS5	2	1	2	0	0	0	0	0	0	0	0	0	0
1741	chr19:34391001-36227000	SBS1	2	2	1	0	0	0	0	0	0	0	0	0	0
1742	chr19:34391001-36227000	SBS18	2	2	0	1	0	0	0	0	0	0	0	0	0
1743	chr19:34391001-36227000	SBS3	2	2	14	2	0	0	0	0	0	0	0	0	0
1744	chr19:34391001-36227000	SBS5	2	2	2	1	0	0	0	0	0	0	0	0	0
1745	chr19:36227001-37898000	SBS1	3	2	0	1	0	0	0	0	0	0	0	0	0
1746	chr19:36227001-37898000	SBS18	3	2	0	0	1	0	0	0	0	0	0	0	0
1747	chr19:36227001-37898000	SBS3	3	2	3	1	2	0	0	0	0	0	0	0	0
1748	chr19:36227001-37898000	SBS5	3	2	1	0	0	0	0	0	0	0	0	0	0
1749	chr19:3764001-3984000	SBS3	3	2	0	0	1	0	0	0	0	0	0	0	0
1750	chr19:38081001-41258000	SBS1	2	2	6	2	0	0	0	0	0	0	0	0	0
1751	chr19:38081001-41258000	SBS18	2	2	1	0	0	0	0	0	0	0	0	0	0
1752	chr19:38081001-41258000	SBS2	2	2	0	1	0	0	0	0	0	0	0	0	0
1753	chr19:38081001-41258000	SBS3	2	2	6	8	0	0	0	0	0	0	0	0	0
1754	chr19:38081001-41258000	SBS5	2	2	3	1	0	0	0	0	0	0	0	0	0
1755	chr19:3988001-5180000	SBS1	2	1	3	1	0	0	0	0	0	0	0	0	0
1756	chr19:3988001-5180000	SBS3	2	1	6	1	0	0	0	0	0	0	0	0	0
1757	chr19:41258001-41577000	SBS1	1	1	1	0	0	0	0	0	0	0	0	0	0
1758	chr19:41258001-41577000	SBS3	1	1	1	0	0	0	0	0	0	0	0	0	0
1759	chr19:41577001-42184000	SBS2	2	2	0	1	0	0	0	0	0	0	0	0	0
1760	chr19:41577001-42184000	SBS3	2	2	0	1	0	0	0	0	0	0	0	0	0
1761	chr19:42184001-42533000	SBS3	2	1	0	2	0	0	0	0	0	0	0	0	0
1762	chr19:42533001-43425000	SBS1	2	2	3	0	0	0	0	0	0	0	0	0	0
1763	chr19:42533001-43425000	SBS18	2	2	0	1	0	0	0	0	0	0	0	0	0
1764	chr19:42533001-43425000	SBS2	2	2	1	1	0	0	0	0	0	0	0	0	0
1765	chr19:42533001-43425000	SBS3	2	2	6	4	0	0	0	0	0	0	0	0	0
1766	chr19:42533001-43425000	SBS5	2	2	1	1	0	0	0	0	0	0	0	0	0
1767	chr19:43425001-43790000	SBS3	2	1	0	2	0	0	0	0	0	0	0	0	0
1768	chr19:43790001-44643000	SBS13	2	2	1	1	0	0	0	0	0	0	0	0	0
1769	chr19:43790001-44643000	SBS3	2	2	2	0	0	0	0	0	0	0	0	0	0
1770	chr19:44643001-45188000	SBS3	2	1	1	0	0	0	0	0	0	0	0	0	0
1771	chr19:45394001-45584000	SBS3	2	1	0	1	0	0	0	0	0	0	0	0	0
1772	chr19:45586001-46597000	SBS13	2	2	0	1	0	0	0	0	0	0	0	0	0
1773	chr19:45586001-46597000	SBS3	2	2	9	3	0	0	0	0	0	0	0	0	0
1774	chr19:45586001-46597000	SBS5	2	2	2	1	0	0	0	0	0	0	0	0	0
1775	chr19:46597001-47106000	SBS3	2	1	0	4	0	0	0	0	0	0	0	0	0
1776	chr19:47114001-52136000	SBS1	2	2	3	1	0	0	0	0	0	0	0	0	0
1777	chr19:47114001-52136000	SBS13	2	2	0	1	0	0	0	0	0	0	0	0	0
1778	chr19:47114001-52136000	SBS18	2	2	0	1	0	0	0	0	0	0	0	0	0
1779	chr19:47114001-52136000	SBS3	2	2	9	11	0	0	0	0	0	0	0	0	0
1780	chr19:47114001-52136000	SBS5	2	2	4	5	0	0	0	0	0	0	0	0	0
1781	chr19:5180001-5572000	SBS3	3	2	2	0	0	0	0	0	0	0	0	0	0
1782	chr19:52305001-54096000	SBS1	3	2	2	0	0	0	0	0	0	0	0	0	0
1783	chr19:52305001-54096000	SBS18	3	2	0	1	1	0	0	0	0	0	0	0	0
1784	chr19:52305001-54096000	SBS2	3	2	0	0	1	0	0	0	0	0	0	0	0
1785	chr19:52305001-54096000	SBS3	3	2	1	4	8	0	0	0	0	0	0	0	0
1786	chr19:52305001-54096000	SBS5	3	2	1	1	1	0	0	0	0	0	0	0	0
1787	chr19:54211001-55579500	SBS1	3	2	0	3	0	0	0	0	0	0	0	0	0
1788	chr19:54211001-55579500	SBS13	3	2	0	1	0	0	0	0	0	0	0	0	0
1789	chr19:54211001-55579500	SBS18	3	2	1	0	1	0	0	0	0	0	0	0	0
1790	chr19:54211001-55579500	SBS2	3	2	3	0	0	0	0	0	0	0	0	0	0
1791	chr19:54211001-55579500	SBS3	3	2	7	9	2	0	0	0	0	0	0	0	0
1792	chr19:54211001-55579500	SBS5	3	2	2	3	0	0	0	0	0	0	0	0	0
1793	chr19:55579501-55699000	SBS3	2	1	0	1	0	0	0	0	0	0	0	0	0
1794	chr19:55699001-56060000	SBS3	3	2	0	3	0	0	0	0	0	0	0	0	0
1795	chr19:56060001-56357000	SBS3	2	2	1	1	0	0	0	0	0	0	0	0	0
1796	chr19:56357001-56599000	SBS5	3	2	0	1	0	0	0	0	0	0	0	0	0
1797	chr19:56599001-57163000	SBS2	4	2	1	0	0	0	0	0	0	0	0	0	0
1798	chr19:57163001-57667140	SBS3	3	2	0	0	1	0	0	0	0	0	0	0	0
1799	chr19:5750015-5768190	SBS3	3	0	1	0	0	0	0	0	0	0	0	0	0
1800	chr19:57667392-58274000	SBS1	4	3	0	0	0	1	0	0	0	0	0	0	0
1801	chr19:57667392-58274000	SBS3	4	3	2	0	1	0	0	0	0	0	0	0	0
1802	chr19:5768191-6349000	SBS3	2	1	2	0	0	0	0	0	0	0	0	0	0
1803	chr19:58274001-58617616	SBS1	3	1	2	0	0	0	0	0	0	0	0	0	0
1804	chr19:58274001-58617616	SBS3	3	1	1	0	0	0	0	0	0	0	0	0	0
1805	chr19:58274001-58617616	SBS5	3	1	2	0	0	0	0	0	0	0	0	0	0
1806	chr19:6349001-6996109	SBS2	1	1	2	0	0	0	0	0	0	0	0	0	0
1807	chr19:6349001-6996109	SBS3	1	1	1	0	0	0	0	0	0	0	0	0	0
1808	chr19:7010002-8675000	SBS1	2	1	1	1	0	0	0	0	0	0	0	0	0
1809	chr19:7010002-8675000	SBS18	2	1	0	1	0	0	0	0	0	0	0	0	0
1810	chr19:7010002-8675000	SBS2	2	1	0	2	0	0	0	0	0	0	0	0	0
1811	chr19:7010002-8675000	SBS3	2	1	8	2	0	0	0	0	0	0	0	0	0
1812	chr19:7010002-8675000	SBS5	2	1	2	1	0	0	0	0	0	0	0	0	0
1813	chr19:8675001-9537000	SBS1	2	2	1	0	0	0	0	0	0	0	0	0	0
1814	chr19:8675001-9537000	SBS13	2	2	2	0	0	0	0	0	0	0	0	0	0
1815	chr19:8675001-9537000	SBS18	2	2	1	1	0	0	0	0	0	0	0	0	0
1816	chr19:8675001-9537000	SBS2	2	2	1	0	0	0	0	0	0	0	0	0	0
1817	chr19:8675001-9537000	SBS3	2	2	10	12	0	0	0	0	0	0	0	0	0
1818	chr19:8675001-9537000	SBS5	2	2	2	1	0	0	0	0	0	0	0	0	0
1819	chr19:9537001-11374000	SBS1	2	1	1	0	0	0	0	0	0	0	0	0	0
1820	chr19:9537001-11374000	SBS2	2	1	0	1	0	0	0	0	0	0	0	0	0
1821	chr19:9537001-11374000	SBS3	2	1	3	3	0	0	0	0	0	0	0	0	0
1822	chr19:9537001-11374000	SBS5	2	1	0	1	0	0	0	0	0	0	0	0	0
1823	chr1:1-2186000	SBS1	2	0	1	0	0	0	0	0	0	0	0	0	0
1824	chr1:1-2186000	SBS18	2	0	1	0	0	0	0	0	0	0	0	0	0
1825	chr1:1-2186000	SBS2	2	0	0	1	0	0	0	0	0	0	0	0	0
1826	chr1:1-2186000	SBS3	2	0	8	0	0	0	0	0	0	0	0	0	0
1827	chr1:1-2186000	SBS5	2	0	4	0	0	0	0	0	0	0	0	0	0
1828	chr1:100546001-100859000	SBS3	2	1	0	1	0	0	0	0	0	0	0	0	0
1829	chr1:100859001-101367000	SBS3	1	1	2	0	0	0	0	0	0	0	0	0	0
1830	chr1:101367001-107042000	SBS1	2	2	0	2	0	0	0	0	0	0	0	0	0
1831	chr1:101367001-107042000	SBS13	2	2	0	2	0	0	0	0	0	0	0	0	0
1832	chr1:101367001-107042000	SBS18	2	2	1	0	0	0	0	0	0	0	0	0	0
1833	chr1:101367001-107042000	SBS2	2	2	0	1	0	0	0	0	0	0	0	0	0
1834	chr1:101367001-107042000	SBS3	2	2	7	14	0	0	0	0	0	0	0	0	0
1835	chr1:101367001-107042000	SBS5	2	2	1	3	0	0	0	0	0	0	0	0	0
1836	chr1:107042001-107572000	SBS3	2	1	1	0	0	0	0	0	0	0	0	0	0
1837	chr1:107572001-108545500	SBS3	1	1	1	0	0	0	0	0	0	0	0	0	0
1838	chr1:10819001-11907000	SBS1	2	2	0	1	0	0	0	0	0	0	0	0	0
1839	chr1:10819001-11907000	SBS3	2	2	1	2	0	0	0	0	0	0	0	0	0
1840	chr1:10819001-11907000	SBS5	2	2	0	2	0	0	0	0	0	0	0	0	0
1841	chr1:108598001-109542000	SBS18	2	1	0	1	0	0	0	0	0	0	0	0	0
1842	chr1:108598001-109542000	SBS2	2	1	0	1	0	0	0	0	0	0	0	0	0
1843	chr1:108598001-109542000	SBS3	2	1	3	2	0	0	0	0	0	0	0	0	0
1844	chr1:108598001-109542000	SBS5	2	1	1	1	0	0	0	0	0	0	0	0	0
1845	chr1:110039001-111120000	SBS1	2	1	0	1	0	0	0	0	0	0	0	0	0
1846	chr1:110039001-111120000	SBS13	2	1	0	1	0	0	0	0	0	0	0	0	0
1847	chr1:110039001-111120000	SBS3	2	1	0	1	0	0	0	0	0	0	0	0	0
1848	chr1:110039001-111120000	SBS5	2	1	1	1	0	0	0	0	0	0	0	0	0
1849	chr1:111233501-111584000	SBS3	2	1	0	1	0	0	0	0	0	0	0	0	0
1850	chr1:111773001-112901000	SBS3	2	1	3	0	0	0	0	0	0	0	0	0	0
1851	chr1:112901001-113741000	SBS18	2	1	0	1	0	0	0	0	0	0	0	0	0
1852	chr1:112901001-113741000	SBS3	2	1	0	1	0	0	0	0	0	0	0	0	0
1853	chr1:113741001-113980000	SBS3	1	1	1	0	0	0	0	0	0	0	0	0	0
1854	chr1:113980001-116126000	SBS13	2	1	1	0	0	0	0	0	0	0	0	0	0
1855	chr1:113980001-116126000	SBS18	2	1	0	1	0	0	0	0	0	0	0	0	0
1856	chr1:113980001-116126000	SBS2	2	1	0	3	0	0	0	0	0	0	0	0	0
1857	chr1:113980001-116126000	SBS3	2	1	1	3	0	0	0	0	0	0	0	0	0
1858	chr1:116126001-117967000	SBS3	1	1	5	0	0	0	0	0	0	0	0	0	0
1859	chr1:116126001-117967000	SBS5	1	1	2	0	0	0	0	0	0	0	0	0	0
1860	chr1:117967001-119007500	SBS13	2	2	0	1	0	0	0	0	0	0	0	0	0
1861	chr1:117967001-119007500	SBS3	2	2	0	2	0	0	0	0	0	0	0	0	0
1862	chr1:117967001-119007500	SBS5	2	2	0	1	0	0	0	0	0	0	0	0	0
1863	chr1:119007501-119626000	SBS3	2	1	1	0	0	0	0	0	0	0	0	0	0
1864	chr1:119007501-119626000	SBS5	2	1	3	0	0	0	0	0	0	0	0	0	0
1865	chr1:11911001-12621000	SBS1	2	1	0	1	0	0	0	0	0	0	0	0	0
1866	chr1:11911001-12621000	SBS3	2	1	1	1	0	0	0	0	0	0	0	0	0
1867	chr1:119626001-123605522	SBS3	2	1	1	1	0	0	0	0	0	0	0	0	0
1868	chr1:119626001-123605522	SBS5	2	1	0	1	0	0	0	0	0	0	0	0	0
1869	chr1:123605523-145572500	SBS1	3	2	3	0	1	0	0	0	0	0	0	0	0
1870	chr1:123605523-145572500	SBS13	3	2	0	1	1	0	0	0	0	0	0	0	0
1871	chr1:123605523-145572500	SBS3	3	2	4	10	2	0	0	0	0	0	0	0	0
1872	chr1:123605523-145572500	SBS5	3	2	6	3	0	0	0	0	0	0	0	0	0
1873	chr1:12621001-13698000	SBS3	2	2	1	4	0	0	0	0	0	0	0	0	0
1874	chr1:12621001-13698000	SBS5	2	2	1	1	0	0	0	0	0	0	0	0	0
1875	chr1:13806001-15143000	SBS1	2	2	1	1	0	0	0	0	0	0	0	0	0
1876	chr1:13806001-15143000	SBS13	2	2	0	1	0	0	0	0	0	0	0	0	0
1877	chr1:13806001-15143000	SBS18	2	2	0	1	0	0	0	0	0	0	0	0	0
1878	chr1:13806001-15143000	SBS2	2	2	1	0	0	0	0	0	0	0	0	0	0
1879	chr1:13806001-15143000	SBS3	2	2	1	4	0	0	0	0	0	0	0	0	0
1880	chr1:13806001-15143000	SBS5	2	2	1	1	0	0	0	0	0	0	0	0	0
1881	chr1:146014001-148333000	SBS1	2	1	1	0	0	0	0	0	0	0	0	0	0
1882	chr1:146014001-148333000	SBS13	2	1	1	0	0	0	0	0	0	0	0	0	0
1883	chr1:146014001-148333000	SBS3	2	1	1	4	0	0	0	0	0	0	0	0	0
1884	chr1:146014001-148333000	SBS5	2	1	2	0	0	0	0	0	0	0	0	0	0
1885	chr1:148333001-151903000	SBS1	2	1	1	1	0	0	0	0	0	0	0	0	0
1886	chr1:148333001-151903000	SBS2	2	1	2	0	0	0	0	0	0	0	0	0	0
1887	chr1:148333001-151903000	SBS3	2	1	3	5	0	0	0	0	0	0	0	0	0
1888	chr1:148333001-151903000	SBS5	2	1	0	1	0	0	0	0	0	0	0	0	0
1889	chr1:15143001-15829000	SBS1	2	1	1	0	0	0	0	0	0	0	0	0	0
1890	chr1:15143001-15829000	SBS3	2	1	6	4	0	0	0	0	0	0	0	0	0
1891	chr1:15143001-15829000	SBS5	2	1	2	0	0	0	0	0	0	0	0	0	0
1892	chr1:151903001-152057000	SBS2	1	0	1	0	0	0	0	0	0	0	0	0	0
1893	chr1:151903001-152057000	SBS5	1	0	1	0	0	0	0	0	0	0	0	0	0
1894	chr1:152057001-153494000	SBS3	2	2	1	3	0	0	0	0	0	0	0	0	0
1895	chr1:153494001-153956000	SBS1	2	1	1	0	0	0	0	0	0	0	0	0	0
1896	chr1:153956001-153994000	SBS3	1	0	1	0	0	0	0	0	0	0	0	0	0
1897	chr1:154137001-154936000	SBS1	2	1	2	1	0	0	0	0	0	0	0	0	0
1898	chr1:154137001-154936000	SBS13	2	1	0	1	0	0	0	0	0	0	0	0	0
1899	chr1:154137001-154936000	SBS18	2	1	0	1	0	0	0	0	0	0	0	0	0
1900	chr1:154137001-154936000	SBS3	2	1	2	2	0	0	0	0	0	0	0	0	0
1901	chr1:154137001-154936000	SBS5	2	1	2	0	0	0	0	0	0	0	0	0	0
1902	chr1:155016500-156483000	SBS13	2	1	0	1	0	0	0	0	0	0	0	0	0
1903	chr1:155016500-156483000	SBS3	2	1	0	1	0	0	0	0	0	0	0	0	0
1904	chr1:156754001-157171000	SBS3	2	1	0	3	0	0	0	0	0	0	0	0	0
1905	chr1:157171001-158998000	SBS1	2	2	0	1	0	0	0	0	0	0	0	0	0
1906	chr1:157171001-158998000	SBS18	2	2	0	2	0	0	0	0	0	0	0	0	0
1907	chr1:157171001-158998000	SBS2	2	2	1	0	0	0	0	0	0	0	0	0	0
1908	chr1:157171001-158998000	SBS3	2	2	1	8	0	0	0	0	0	0	0	0	0
1909	chr1:157171001-158998000	SBS5	2	2	0	3	0	0	0	0	0	0	0	0	0
1910	chr1:158998001-159098000	SBS3	2	1	2	0	0	0	0	0	0	0	0	0	0
1911	chr1:159098001-159772000	SBS18	2	2	0	1	0	0	0	0	0	0	0	0	0
1912	chr1:159098001-159772000	SBS3	2	2	1	1	0	0	0	0	0	0	0	0	0
1913	chr1:159098001-159772000	SBS5	2	2	0	1	0	0	0	0	0	0	0	0	0
1914	chr1:159772001-160845000	SBS3	1	1	5	0	0	0	0	0	0	0	0	0	0
1915	chr1:159772001-160845000	SBS5	1	1	1	0	0	0	0	0	0	0	0	0	0
1916	chr1:160845001-160984000	SBS3	2	1	0	2	0	0	0	0	0	0	0	0	0
1917	chr1:161186583-161964000	SBS3	2	1	5	1	0	0	0	0	0	0	0	0	0
1918	chr1:161186583-161964000	SBS5	2	1	1	1	0	0	0	0	0	0	0	0	0
1919	chr1:161964001-162863000	SBS18	2	1	0	1	0	0	0	0	0	0	0	0	0
1920	chr1:161964001-162863000	SBS3	2	1	0	3	0	0	0	0	0	0	0	0	0
1921	chr1:162863001-163287000	SBS5	2	2	0	1	0	0	0	0	0	0	0	0	0
1922	chr1:163366001-164302123	SBS3	2	2	1	0	0	0	0	0	0	0	0	0	0
1923	chr1:163366001-164302123	SBS5	2	2	1	0	0	0	0	0	0	0	0	0	0
1924	chr1:164310502-164555000	SBS5	2	2	1	0	0	0	0	0	0	0	0	0	0
1925	chr1:164555001-164846000	SBS3	2	1	1	0	0	0	0	0	0	0	0	0	0
1926	chr1:164846001-165361000	SBS3	2	2	0	1	0	0	0	0	0	0	0	0	0
1927	chr1:16506001-18900000	SBS1	2	2	1	1	0	0	0	0	0	0	0	0	0
1928	chr1:16506001-18900000	SBS2	2	2	0	3	0	0	0	0	0	0	0	0	0
1929	chr1:16506001-18900000	SBS3	2	2	3	9	0	0	0	0	0	0	0	0	0
1930	chr1:16506001-18900000	SBS5	2	2	3	6	0	0	0	0	0	0	0	0	0
1931	chr1:165361001-165582000	SBS2	2	1	1	0	0	0	0	0	0	0	0	0	0
1932	chr1:165361001-165582000	SBS3	2	1	1	1	0	0	0	0	0	0	0	0	0
1933	chr1:165920001-166835000	SBS13	2	2	0	1	0	0	0	0	0	0	0	0	0
1934	chr1:165920001-166835000	SBS3	2	2	2	5	0	0	0	0	0	0	0	0	0
1935	chr1:167207001-168084000	SBS3	2	1	0	5	0	0	0	0	0	0	0	0	0
1936	chr1:168084001-169303000	SBS1	2	1	3	0	0	0	0	0	0	0	0	0	0
1937	chr1:168084001-169303000	SBS3	2	1	3	0	0	0	0	0	0	0	0	0	0
1938	chr1:169303001-170077000	SBS2	1	1	3	0	0	0	0	0	0	0	0	0	0
1939	chr1:169303001-170077000	SBS3	1	1	3	0	0	0	0	0	0	0	0	0	0
1940	chr1:170077001-171210000	SBS1	2	2	1	0	0	0	0	0	0	0	0	0	0
1941	chr1:170077001-171210000	SBS3	2	2	3	0	0	0	0	0	0	0	0	0	0
1942	chr1:171479001-171597000	SBS3	1	0	1	0	0	0	0	0	0	0	0	0	0
1943	chr1:171597001-172088000	SBS18	2	1	0	1	0	0	0	0	0	0	0	0	0
1944	chr1:171597001-172088000	SBS2	2	1	0	1	0	0	0	0	0	0	0	0	0
1945	chr1:171597001-172088000	SBS3	2	1	1	0	0	0	0	0	0	0	0	0	0
1946	chr1:171597001-172088000	SBS5	2	1	1	0	0	0	0	0	0	0	0	0	0
1947	chr1:172088001-172906000	SBS13	1	1	1	0	0	0	0	0	0	0	0	0	0
1948	chr1:172088001-172906000	SBS5	1	1	2	0	0	0	0	0	0	0	0	0	0
1949	chr1:172906001-173712000	SBS3	2	1	0	2	0	0	0	0	0	0	0	0	0
1950	chr1:173712001-174949000	SBS1	2	1	1	0	0	0	0	0	0	0	0	0	0
1951	chr1:173712001-174949000	SBS3	2	1	3	1	0	0	0	0	0	0	0	0	0
1952	chr1:176221001-178019000	SBS18	2	2	1	0	0	0	0	0	0	0	0	0	0
1953	chr1:176221001-178019000	SBS3	2	2	5	4	0	0	0	0	0	0	0	0	0
1954	chr1:176221001-178019000	SBS5	2	2	1	0	0	0	0	0	0	0	0	0	0
1955	chr1:178019001-178524000	SBS5	2	1	0	1	0	0	0	0	0	0	0	0	0
1956	chr1:178524001-179385000	SBS3	2	1	1	3	0	0	0	0	0	0	0	0	0
1957	chr1:178524001-179385000	SBS5	2	1	2	0	0	0	0	0	0	0	0	0	0
1958	chr1:179806001-181084000	SBS1	2	1	1	0	0	0	0	0	0	0	0	0	0
1959	chr1:179806001-181084000	SBS3	2	1	2	1	0	0	0	0	0	0	0	0	0
1960	chr1:179806001-181084000	SBS5	2	1	2	2	0	0	0	0	0	0	0	0	0
1961	chr1:181167001-182023000	SBS1	2	2	0	1	0	0	0	0	0	0	0	0	0
1962	chr1:181167001-182023000	SBS18	2	2	0	1	0	0	0	0	0	0	0	0	0
1963	chr1:181167001-182023000	SBS3	2	2	2	2	0	0	0	0	0	0	0	0	0
1964	chr1:182023001-182400000	SBS3	2	1	0	1	0	0	0	0	0	0	0	0	0
1965	chr1:182892001-183468000	SBS13	2	1	0	1	0	0	0	0	0	0	0	0	0
1966	chr1:182892001-183468000	SBS3	2	1	3	0	0	0	0	0	0	0	0	0	0
1967	chr1:183468001-183660500	SBS3	1	0	1	0	0	0	0	0	0	0	0	0	0
1968	chr1:183660501-184691000	SBS18	2	1	0	1	0	0	0	0	0	0	0	0	0
1969	chr1:183660501-184691000	SBS2	2	1	0	1	0	0	0	0	0	0	0	0	0
1970	chr1:183660501-184691000	SBS3	2	1	0	1	0	0	0	0	0	0	0	0	0
1971	chr1:184691001-184991000	SBS1	1	1	1	0	0	0	0	0	0	0	0	0	0
1972	chr1:184691001-184991000	SBS2	1	1	1	0	0	0	0	0	0	0	0	0	0
1973	chr1:184991001-185738000	SBS1	1	1	1	0	0	0	0	0	0	0	0	0	0
1974	chr1:184991001-185738000	SBS3	1	1	1	0	0	0	0	0	0	0	0	0	0
1975	chr1:185738001-186304000	SBS5	2	2	0	1	0	0	0	0	0	0	0	0	0
1976	chr1:186426001-187107000	SBS3	2	1	1	2	0	0	0	0	0	0	0	0	0
1977	chr1:186426001-187107000	SBS5	2	1	0	1	0	0	0	0	0	0	0	0	0
1978	chr1:187107001-192471000	SBS1	2	2	3	0	0	0	0	0	0	0	0	0	0
1979	chr1:187107001-192471000	SBS13	2	2	0	1	0	0	0	0	0	0	0	0	0
1980	chr1:187107001-192471000	SBS18	2	2	0	2	0	0	0	0	0	0	0	0	0
1981	chr1:187107001-192471000	SBS2	2	2	0	1	0	0	0	0	0	0	0	0	0
1982	chr1:187107001-192471000	SBS3	2	2	5	11	0	0	0	0	0	0	0	0	0
1983	chr1:187107001-192471000	SBS5	2	2	1	0	0	0	0	0	0	0	0	0	0
1984	chr1:193264001-193712000	SBS3	2	1	2	0	0	0	0	0	0	0	0	0	0
1985	chr1:193712001-194481000	SBS1	2	1	1	0	0	0	0	0	0	0	0	0	0
1986	chr1:193712001-194481000	SBS2	2	1	1	1	0	0	0	0	0	0	0	0	0
1987	chr1:194481001-197086000	SBS1	2	2	0	1	0	0	0	0	0	0	0	0	0
1988	chr1:194481001-197086000	SBS18	2	2	0	1	0	0	0	0	0	0	0	0	0
1989	chr1:194481001-197086000	SBS3	2	2	0	8	0	0	0	0	0	0	0	0	0
1990	chr1:19489001-20731500	SBS2	2	1	1	0	0	0	0	0	0	0	0	0	0
1991	chr1:19489001-20731500	SBS3	2	1	4	1	0	0	0	0	0	0	0	0	0
1992	chr1:19489001-20731500	SBS5	2	1	1	1	0	0	0	0	0	0	0	0	0
1993	chr1:197784001-198155000	SBS13	2	1	0	1	0	0	0	0	0	0	0	0	0
1994	chr1:197784001-198155000	SBS3	2	1	0	1	0	0	0	0	0	0	0	0	0
1995	chr1:198191001-198884000	SBS18	1	1	1	0	0	0	0	0	0	0	0	0	0
1996	chr1:198191001-198884000	SBS3	1	1	1	0	0	0	0	0	0	0	0	0	0
1997	chr1:199318001-200068000	SBS1	2	1	0	1	0	0	0	0	0	0	0	0	0
1998	chr1:199318001-200068000	SBS3	2	1	0	1	0	0	0	0	0	0	0	0	0
1999	chr1:199318001-200068000	SBS5	2	1	1	0	0	0	0	0	0	0	0	0	0
2000	chr1:200068001-201973008	SBS1	2	1	0	1	0	0	0	0	0	0	0	0	0
2001	chr1:200068001-201973008	SBS18	2	1	1	0	0	0	0	0	0	0	0	0	0
2002	chr1:200068001-201973008	SBS3	2	1	1	8	0	0	0	0	0	0	0	0	0
2003	chr1:200068001-201973008	SBS5	2	1	2	2	0	0	0	0	0	0	0	0	0
2004	chr1:201973604-203266500	SBS3	2	1	0	3	0	0	0	0	0	0	0	0	0
2005	chr1:203342001-203610000	SBS3	2	1	0	1	0	0	0	0	0	0	0	0	0
2006	chr1:205186001-206631000	SBS1	2	1	2	1	0	0	0	0	0	0	0	0	0
2007	chr1:205186001-206631000	SBS3	2	1	0	5	0	0	0	0	0	0	0	0	0
2008	chr1:206924001-207742000	SBS3	2	1	1	1	0	0	0	0	0	0	0	0	0
2009	chr1:207742001-207905000	SBS3	1	0	1	0	0	0	0	0	0	0	0	0	0
2010	chr1:207905001-208249000	SBS3	2	1	0	2	0	0	0	0	0	0	0	0	0
2011	chr1:208249001-209513000	SBS3	2	2	0	1	0	0	0	0	0	0	0	0	0
2012	chr1:208249001-209513000	SBS5	2	2	0	1	0	0	0	0	0	0	0	0	0
2013	chr1:209912001-210142000	SBS3	2	2	1	0	0	0	0	0	0	0	0	0	0
2014	chr1:210655001-211256000	SBS2	2	2	0	1	0	0	0	0	0	0	0	0	0
2015	chr1:210655001-211256000	SBS3	2	2	0	1	0	0	0	0	0	0	0	0	0
2016	chr1:211563001-212369000	SBS3	2	1	3	0	0	0	0	0	0	0	0	0	0
2017	chr1:211563001-212369000	SBS5	2	1	1	0	0	0	0	0	0	0	0	0	0
2018	chr1:212369001-213298000	SBS1	2	1	1	0	0	0	0	0	0	0	0	0	0
2019	chr1:212369001-213298000	SBS2	2	1	1	0	0	0	0	0	0	0	0	0	0
2020	chr1:212369001-213298000	SBS3	2	1	2	0	0	0	0	0	0	0	0	0	0
2021	chr1:212369001-213298000	SBS5	2	1	1	0	0	0	0	0	0	0	0	0	0
2022	chr1:213298001-214206000	SBS13	2	2	0	1	0	0	0	0	0	0	0	0	0
2023	chr1:213298001-214206000	SBS18	2	2	0	1	0	0	0	0	0	0	0	0	0
2024	chr1:213298001-214206000	SBS3	2	2	0	2	0	0	0	0	0	0	0	0	0
2025	chr1:213298001-214206000	SBS5	2	2	0	1	0	0	0	0	0	0	0	0	0
2026	chr1:21345001-22023000	SBS1	2	1	1	0	0	0	0	0	0	0	0	0	0
2027	chr1:21345001-22023000	SBS3	2	1	1	3	0	0	0	0	0	0	0	0	0
2028	chr1:21345001-22023000	SBS5	2	1	1	0	0	0	0	0	0	0	0	0	0
2029	chr1:214690001-215471000	SBS13	2	2	0	1	0	0	0	0	0	0	0	0	0
2030	chr1:214690001-215471000	SBS3	2	2	0	1	0	0	0	0	0	0	0	0	0
2031	chr1:215628001-217421000	SBS1	2	2	0	1	0	0	0	0	0	0	0	0	0
2032	chr1:215628001-217421000	SBS13	2	2	0	2	0	0	0	0	0	0	0	0	0
2033	chr1:215628001-217421000	SBS2	2	2	0	1	0	0	0	0	0	0	0	0	0
2034	chr1:215628001-217421000	SBS3	2	2	0	4	0	0	0	0	0	0	0	0	0
2035	chr1:215628001-217421000	SBS5	2	2	0	1	0	0	0	0	0	0	0	0	0
2036	chr1:217421001-217748000	SBS3	2	1	0	1	0	0	0	0	0	0	0	0	0
2037	chr1:218355001-219970000	SBS13	2	1	1	0	0	0	0	0	0	0	0	0	0
2038	chr1:218355001-219970000	SBS2	2	1	1	3	0	0	0	0	0	0	0	0	0
2039	chr1:218355001-219970000	SBS3	2	1	2	2	0	0	0	0	0	0	0	0	0
2040	chr1:218355001-219970000	SBS5	2	1	4	1	0	0	0	0	0	0	0	0	0
2041	chr1:2186001-2602000	SBS18	2	0	0	1	0	0	0	0	0	0	0	0	0
2042	chr1:2186001-2602000	SBS5	2	0	0	1	0	0	0	0	0	0	0	0	0
2043	chr1:219970001-220285000	SBS3	1	1	2	0	0	0	0	0	0	0	0	0	0
2044	chr1:220285001-221601000	SBS3	2	1	0	3	0	0	0	0	0	0	0	0	0
2045	chr1:220285001-221601000	SBS5	2	1	0	1	0	0	0	0	0	0	0	0	0
2046	chr1:222736001-223693000	SBS3	2	1	3	0	0	0	0	0	0	0	0	0	0
2047	chr1:223888001-224560000	SBS3	2	1	0	1	0	0	0	0	0	0	0	0	0
2048	chr1:22412001-22513000	SBS3	2	0	1	0	0	0	0	0	0	0	0	0	0
2049	chr1:224560001-225400000	SBS18	2	2	0	1	0	0	0	0	0	0	0	0	0
2050	chr1:224560001-225400000	SBS3	2	2	0	1	0	0	0	0	0	0	0	0	0
2051	chr1:22513001-23018000	SBS1	2	2	0	3	0	0	0	0	0	0	0	0	0
2052	chr1:22513001-23018000	SBS3	2	2	0	2	0	0	0	0	0	0	0	0	0
2053	chr1:22513001-23018000	SBS5	2	2	1	0	0	0	0	0	0	0	0	0	0
2054	chr1:225400001-226651000	SBS18	2	1	0	1	0	0	0	0	0	0	0	0	0
2055	chr1:225400001-226651000	SBS3	2	1	4	1	0	0	0	0	0	0	0	0	0
2056	chr1:225400001-226651000	SBS5	2	1	3	0	0	0	0	0	0	0	0	0	0
2057	chr1:226742001-227322000	SBS3	2	1	1	1	0	0	0	0	0	0	0	0	0
2058	chr1:227322001-228064000	SBS1	2	2	0	1	0	0	0	0	0	0	0	0	0
2059	chr1:228170001-228357000	SBS2	2	2	0	1	0	0	0	0	0	0	0	0	0
2060	chr1:228357001-230317000	SBS3	2	1	1	5	0	0	0	0	0	0	0	0	0
2061	chr1:228357001-230317000	SBS5	2	1	1	2	0	0	0	0	0	0	0	0	0
2062	chr1:23018001-23186000	SBS5	1	1	1	0	0	0	0	0	0	0	0	0	0
2063	chr1:230317001-230589000	SBS3	2	2	0	2	0	0	0	0	0	0	0	0	0
2064	chr1:230589001-233396000	SBS2	2	1	0	1	0	0	0	0	0	0	0	0	0
2065	chr1:230589001-233396000	SBS3	2	1	1	3	0	0	0	0	0	0	0	0	0
2066	chr1:230589001-233396000	SBS5	2	1	0	2	0	0	0	0	0	0	0	0	0
2067	chr1:233471425-234352000	SBS1	2	2	1	0	0	0	0	0	0	0	0	0	0
2068	chr1:233471425-234352000	SBS3	2	2	0	1	0	0	0	0	0	0	0	0	0
2069	chr1:233471425-234352000	SBS5	2	2	1	0	0	0	0	0	0	0	0	0	0
2070	chr1:234352001-234783000	SBS3	1	1	1	0	0	0	0	0	0	0	0	0	0
2071	chr1:235338001-235706000	SBS3	2	1	0	1	0	0	0	0	0	0	0	0	0
2072	chr1:235706001-235949000	SBS18	1	1	1	0	0	0	0	0	0	0	0	0	0
2073	chr1:235706001-235949000	SBS3	1	1	1	0	0	0	0	0	0	0	0	0	0
2074	chr1:235949001-236625000	SBS13	2	1	0	1	0	0	0	0	0	0	0	0	0
2075	chr1:235949001-236625000	SBS2	2	1	0	1	0	0	0	0	0	0	0	0	0
2076	chr1:235949001-236625000	SBS3	2	1	0	2	0	0	0	0	0	0	0	0	0
2077	chr1:23641001-26674000	SBS1	2	1	1	1	0	0	0	0	0	0	0	0	0
2078	chr1:23641001-26674000	SBS13	2	1	0	1	0	0	0	0	0	0	0	0	0
2079	chr1:23641001-26674000	SBS2	2	1	1	0	0	0	0	0	0	0	0	0	0
2080	chr1:23641001-26674000	SBS3	2	1	8	12	0	0	0	0	0	0	0	0	0
2081	chr1:23641001-26674000	SBS5	2	1	6	2	0	0	0	0	0	0	0	0	0
2082	chr1:236625001-236792000	SBS3	2	2	0	1	0	0	0	0	0	0	0	0	0
2083	chr1:236898001-237819000	SBS3	2	2	0	3	0	0	0	0	0	0	0	0	0
2084	chr1:237819001-240161021	SBS1	3	2	0	0	1	0	0	0	0	0	0	0	0
2085	chr1:237819001-240161021	SBS2	3	2	0	0	1	0	0	0	0	0	0	0	0
2086	chr1:237819001-240161021	SBS3	3	2	0	1	4	0	0	0	0	0	0	0	0
2087	chr1:240161062-240891000	SBS3	3	2	0	0	1	0	0	0	0	0	0	0	0
2088	chr1:240891001-241485000	SBS1	2	2	0	1	0	0	0	0	0	0	0	0	0
2089	chr1:240891001-241485000	SBS3	2	2	1	1	0	0	0	0	0	0	0	0	0
2090	chr1:241643001-241905000	SBS2	2	1	1	0	0	0	0	0	0	0	0	0	0
2091	chr1:241643001-241905000	SBS5	2	1	1	0	0	0	0	0	0	0	0	0	0
2092	chr1:241905001-243135940	SBS13	3	2	0	0	1	0	0	0	0	0	0	0	0
2093	chr1:241905001-243135940	SBS3	3	2	1	1	8	0	0	0	0	0	0	0	0
2094	chr1:241905001-243135940	SBS5	3	2	1	0	1	0	0	0	0	0	0	0	0
2095	chr1:243144608-243647233	SBS1	2	1	1	0	0	0	0	0	0	0	0	0	0
2096	chr1:243144608-243647233	SBS2	2	1	1	0	0	0	0	0	0	0	0	0	0
2097	chr1:243144608-243647233	SBS3	2	1	1	2	0	0	0	0	0	0	0	0	0
2098	chr1:243144608-243647233	SBS5	2	1	2	0	0	0	0	0	0	0	0	0	0
2099	chr1:243856001-244408000	SBS3	2	1	1	0	0	0	0	0	0	0	0	0	0
2100	chr1:244468001-244833000	SBS18	2	1	1	0	0	0	0	0	0	0	0	0	0
2101	chr1:244468001-244833000	SBS3	2	1	0	1	0	0	0	0	0	0	0	0	0
2102	chr1:244867001-245097000	SBS18	2	1	1	0	0	0	0	0	0	0	0	0	0
2103	chr1:244867001-245097000	SBS3	2	1	1	1	0	0	0	0	0	0	0	0	0
2104	chr1:245097001-245841000	SBS3	2	2	2	0	0	0	0	0	0	0	0	0	0
2105	chr1:245841001-246936000	SBS3	2	1	0	1	0	0	0	0	0	0	0	0	0
2106	chr1:246936001-247703000	SBS1	2	2	0	1	0	0	0	0	0	0	0	0	0
2107	chr1:246936001-247703000	SBS13	2	2	1	0	0	0	0	0	0	0	0	0	0
2108	chr1:246936001-247703000	SBS3	2	2	3	2	0	0	0	0	0	0	0	0	0
2109	chr1:246936001-247703000	SBS5	2	2	4	1	0	0	0	0	0	0	0	0	0
2110	chr1:247703001-248140771	SBS1	3	2	1	0	0	0	0	0	0	0	0	0	0
2111	chr1:247703001-248140771	SBS3	3	2	2	0	3	0	0	0	0	0	0	0	0
2112	chr1:247703001-248140771	SBS5	3	2	1	0	0	0	0	0	0	0	0	0	0
2113	chr1:248160753-248956422	SBS1	2	2	1	0	0	0	0	0	0	0	0	0	0
2114	chr1:248160753-248956422	SBS18	2	2	0	1	0	0	0	0	0	0	0	0	0
2115	chr1:248160753-248956422	SBS3	2	2	2	0	0	0	0	0	0	0	0	0	0
2116	chr1:2602001-3451000	SBS3	3	0	1	0	5	0	0	0	0	0	0	0	0
2117	chr1:2602001-3451000	SBS5	3	0	0	0	2	0	0	0	0	0	0	0	0
2118	chr1:26792001-28788000	SBS1	2	1	1	0	0	0	0	0	0	0	0	0	0
2119	chr1:26792001-28788000	SBS18	2	1	0	1	0	0	0	0	0	0	0	0	0
2120	chr1:26792001-28788000	SBS3	2	1	2	2	0	0	0	0	0	0	0	0	0
2121	chr1:26792001-28788000	SBS5	2	1	1	2	0	0	0	0	0	0	0	0	0
2122	chr1:28788001-28881000	SBS1	2	2	0	1	0	0	0	0	0	0	0	0	0
2123	chr1:28881001-29049000	SBS1	1	1	1	0	0	0	0	0	0	0	0	0	0
2124	chr1:29241001-30693000	SBS1	2	2	0	2	0	0	0	0	0	0	0	0	0
2125	chr1:29241001-30693000	SBS3	2	2	2	3	0	0	0	0	0	0	0	0	0
2126	chr1:29241001-30693000	SBS5	2	2	1	0	0	0	0	0	0	0	0	0	0
2127	chr1:30693001-30960000	SBS3	2	1	0	1	0	0	0	0	0	0	0	0	0
2128	chr1:31067001-31755000	SBS3	2	1	0	1	0	0	0	0	0	0	0	0	0
2129	chr1:31755001-32415000	SBS2	1	1	1	0	0	0	0	0	0	0	0	0	0
2130	chr1:31755001-32415000	SBS3	1	1	3	0	0	0	0	0	0	0	0	0	0
2131	chr1:32415001-32611000	SBS3	2	2	2	0	0	0	0	0	0	0	0	0	0
2132	chr1:32611001-33483000	SBS1	2	1	1	0	0	0	0	0	0	0	0	0	0
2133	chr1:32611001-33483000	SBS18	2	1	0	1	0	0	0	0	0	0	0	0	0
2134	chr1:32611001-33483000	SBS5	2	1	2	1	0	0	0	0	0	0	0	0	0
2135	chr1:33483001-34966000	SBS1	2	2	0	1	0	0	0	0	0	0	0	0	0
2136	chr1:33483001-34966000	SBS2	2	2	0	1	0	0	0	0	0	0	0	0	0
2137	chr1:3451001-3929500	SBS3	2	0	0	1	0	0	0	0	0	0	0	0	0
2138	chr1:34966001-36488000	SBS3	2	1	2	1	0	0	0	0	0	0	0	0	0
2139	chr1:36488001-37454000	SBS13	2	2	0	1	0	0	0	0	0	0	0	0	0
2140	chr1:36488001-37454000	SBS3	2	2	0	1	0	0	0	0	0	0	0	0	0
2141	chr1:37516001-39102000	SBS2	2	2	1	0	0	0	0	0	0	0	0	0	0
2142	chr1:37516001-39102000	SBS3	2	2	1	5	0	0	0	0	0	0	0	0	0
2143	chr1:37516001-39102000	SBS5	2	2	0	2	0	0	0	0	0	0	0	0	0
2144	chr1:39102001-39286000	SBS13	1	0	1	0	0	0	0	0	0	0	0	0	0
2145	chr1:39286001-40368000	SBS1	2	1	1	0	0	0	0	0	0	0	0	0	0
2146	chr1:39286001-40368000	SBS3	2	1	0	1	0	0	0	0	0	0	0	0	0
2147	chr1:3929501-5903000	SBS18	2	0	0	1	0	0	0	0	0	0	0	0	0
2148	chr1:3929501-5903000	SBS3	2	0	1	1	0	0	0	0	0	0	0	0	0
2149	chr1:40413001-40688000	SBS1	2	1	1	0	0	0	0	0	0	0	0	0	0
2150	chr1:40413001-40688000	SBS13	2	1	0	1	0	0	0	0	0	0	0	0	0
2151	chr1:40413001-40688000	SBS18	2	1	0	2	0	0	0	0	0	0	0	0	0
2152	chr1:40413001-40688000	SBS2	2	1	1	3	0	0	0	0	0	0	0	0	0
2153	chr1:40413001-40688000	SBS3	2	1	3	1	0	0	0	0	0	0	0	0	0
2154	chr1:40413001-40688000	SBS5	2	1	2	0	0	0	0	0	0	0	0	0	0
2155	chr1:40722001-41633000	SBS13	2	1	0	1	0	0	0	0	0	0	0	0	0
2156	chr1:40722001-41633000	SBS3	2	1	0	2	0	0	0	0	0	0	0	0	0
2157	chr1:40722001-41633000	SBS5	2	1	1	0	0	0	0	0	0	0	0	0	0
2158	chr1:41633001-41929000	SBS3	1	1	2	0	0	0	0	0	0	0	0	0	0
2159	chr1:42345001-42922000	SBS3	2	1	3	1	0	0	0	0	0	0	0	0	0
2160	chr1:42964001-44774000	SBS13	2	1	0	1	0	0	0	0	0	0	0	0	0
2161	chr1:42964001-44774000	SBS2	2	1	1	0	0	0	0	0	0	0	0	0	0
2162	chr1:42964001-44774000	SBS3	2	1	2	5	0	0	0	0	0	0	0	0	0
2163	chr1:44823001-45296000	SBS18	2	1	1	0	0	0	0	0	0	0	0	0	0
2164	chr1:45296001-46207000	SBS3	2	1	0	1	0	0	0	0	0	0	0	0	0
2165	chr1:46207001-46596000	SBS3	2	1	0	1	0	0	0	0	0	0	0	0	0
2166	chr1:46726001-48943000	SBS3	2	1	1	4	0	0	0	0	0	0	0	0	0
2167	chr1:48943001-50440000	SBS18	2	2	1	0	0	0	0	0	0	0	0	0	0
2168	chr1:48943001-50440000	SBS3	2	2	4	3	0	0	0	0	0	0	0	0	0
2169	chr1:48943001-50440000	SBS5	2	2	0	1	0	0	0	0	0	0	0	0	0
2170	chr1:50440001-50987000	SBS5	2	1	1	0	0	0	0	0	0	0	0	0	0
2171	chr1:51214001-51882000	SBS3	2	1	1	0	0	0	0	0	0	0	0	0	0
2172	chr1:51882001-55101000	SBS1	2	1	1	1	0	0	0	0	0	0	0	0	0
2173	chr1:51882001-55101000	SBS13	2	1	1	0	0	0	0	0	0	0	0	0	0
2174	chr1:51882001-55101000	SBS2	2	1	1	1	0	0	0	0	0	0	0	0	0
2175	chr1:51882001-55101000	SBS3	2	1	4	2	0	0	0	0	0	0	0	0	0
2176	chr1:51882001-55101000	SBS5	2	1	3	1	0	0	0	0	0	0	0	0	0
2177	chr1:55101001-55261000	SBS3	1	1	1	0	0	0	0	0	0	0	0	0	0
2178	chr1:55261001-58279000	SBS13	2	2	0	1	0	0	0	0	0	0	0	0	0
2179	chr1:55261001-58279000	SBS18	2	2	0	1	0	0	0	0	0	0	0	0	0
2180	chr1:55261001-58279000	SBS3	2	2	3	9	0	0	0	0	0	0	0	0	0
2181	chr1:55261001-58279000	SBS5	2	2	1	0	0	0	0	0	0	0	0	0	0
2182	chr1:58279001-58645000	SBS2	2	1	0	1	0	0	0	0	0	0	0	0	0
2183	chr1:58279001-58645000	SBS3	2	1	2	0	0	0	0	0	0	0	0	0	0
2184	chr1:58279001-58645000	SBS5	2	1	1	0	0	0	0	0	0	0	0	0	0
2185	chr1:58645001-59080000	SBS1	1	1	1	0	0	0	0	0	0	0	0	0	0
2186	chr1:5903001-7667500	SBS1	2	0	1	0	0	0	0	0	0	0	0	0	0
2187	chr1:5903001-7667500	SBS18	2	0	0	1	0	0	0	0	0	0	0	0	0
2188	chr1:5903001-7667500	SBS3	2	0	2	2	0	0	0	0	0	0	0	0	0
2189	chr1:5903001-7667500	SBS5	2	0	2	0	0	0	0	0	0	0	0	0	0
2190	chr1:59080001-59952000	SBS1	1	1	1	0	0	0	0	0	0	0	0	0	0
2191	chr1:59080001-59952000	SBS2	1	1	1	0	0	0	0	0	0	0	0	0	0
2192	chr1:59080001-59952000	SBS3	1	1	7	0	0	0	0	0	0	0	0	0	0
2193	chr1:59952001-61038000	SBS18	2	2	1	1	0	0	0	0	0	0	0	0	0
2194	chr1:59952001-61038000	SBS3	2	2	1	3	0	0	0	0	0	0	0	0	0
2195	chr1:61455001-62424000	SBS18	2	1	0	1	0	0	0	0	0	0	0	0	0
2196	chr1:61455001-62424000	SBS3	2	1	1	2	0	0	0	0	0	0	0	0	0
2197	chr1:62424001-62879000	SBS3	2	1	1	0	0	0	0	0	0	0	0	0	0
2198	chr1:62879001-63364000	SBS2	2	2	0	1	0	0	0	0	0	0	0	0	0
2199	chr1:62879001-63364000	SBS3	2	2	1	0	0	0	0	0	0	0	0	0	0
2200	chr1:63364001-63654000	SBS3	1	1	1	0	0	0	0	0	0	0	0	0	0
2201	chr1:63364001-63654000	SBS5	1	1	1	0	0	0	0	0	0	0	0	0	0
2202	chr1:63654001-64823000	SBS1	2	1	2	1	0	0	0	0	0	0	0	0	0
2203	chr1:63654001-64823000	SBS3	2	1	2	5	0	0	0	0	0	0	0	0	0
2204	chr1:65076001-66241000	SBS1	2	1	1	0	0	0	0	0	0	0	0	0	0
2205	chr1:65076001-66241000	SBS18	2	1	0	1	0	0	0	0	0	0	0	0	0
2206	chr1:65076001-66241000	SBS3	2	1	3	0	0	0	0	0	0	0	0	0	0
2207	chr1:66241001-66454000	SBS2	1	0	1	0	0	0	0	0	0	0	0	0	0
2208	chr1:66454001-66923000	SBS3	2	1	1	0	0	0	0	0	0	0	0	0	0
2209	chr1:66454001-66923000	SBS5	2	1	1	0	0	0	0	0	0	0	0	0	0
2210	chr1:67855001-70127000	SBS1	2	2	0	1	0	0	0	0	0	0	0	0	0
2211	chr1:67855001-70127000	SBS18	2	2	0	1	0	0	0	0	0	0	0	0	0
2212	chr1:67855001-70127000	SBS3	2	2	0	7	0	0	0	0	0	0	0	0	0
2213	chr1:70362001-71047000	SBS13	2	1	0	1	0	0	0	0	0	0	0	0	0
2214	chr1:70362001-71047000	SBS3	2	1	2	0	0	0	0	0	0	0	0	0	0
2215	chr1:71083001-72301000	SBS3	2	2	0	1	0	0	0	0	0	0	0	0	0
2216	chr1:71083001-72301000	SBS5	2	2	0	1	0	0	0	0	0	0	0	0	0
2217	chr1:72301001-74175000	SBS1	2	2	1	0	0	0	0	0	0	0	0	0	0
2218	chr1:72301001-74175000	SBS13	2	2	0	1	0	0	0	0	0	0	0	0	0
2219	chr1:72301001-74175000	SBS18	2	2	0	1	0	0	0	0	0	0	0	0	0
2220	chr1:72301001-74175000	SBS2	2	2	0	1	0	0	0	0	0	0	0	0	0
2221	chr1:72301001-74175000	SBS3	2	2	2	2	0	0	0	0	0	0	0	0	0
2222	chr1:72301001-74175000	SBS5	2	2	1	1	0	0	0	0	0	0	0	0	0
2223	chr1:74175001-74795000	SBS5	2	1	0	1	0	0	0	0	0	0	0	0	0
2224	chr1:74795001-75718000	SBS2	2	2	0	1	0	0	0	0	0	0	0	0	0
2225	chr1:74795001-75718000	SBS3	2	2	3	1	0	0	0	0	0	0	0	0	0
2226	chr1:74795001-75718000	SBS5	2	2	1	0	0	0	0	0	0	0	0	0	0
2227	chr1:75718001-75818000	SBS3	1	1	1	0	0	0	0	0	0	0	0	0	0
2228	chr1:75818001-77508000	SBS2	2	1	0	2	0	0	0	0	0	0	0	0	0
2229	chr1:75818001-77508000	SBS3	2	1	0	2	0	0	0	0	0	0	0	0	0
2230	chr1:78012001-78339371	SBS1	2	1	0	1	0	0	0	0	0	0	0	0	0
2231	chr1:78012001-78339371	SBS3	2	1	1	0	0	0	0	0	0	0	0	0	0
2232	chr1:78012001-78339371	SBS5	2	1	0	1	0	0	0	0	0	0	0	0	0
2233	chr1:78689001-82360000	SBS1	2	0	1	0	0	0	0	0	0	0	0	0	0
2234	chr1:78689001-82360000	SBS3	2	0	1	1	0	0	0	0	0	0	0	0	0
2235	chr1:78689001-82360000	SBS5	2	0	1	1	0	0	0	0	0	0	0	0	0
2236	chr1:82360001-83835000	SBS1	2	0	1	0	0	0	0	0	0	0	0	0	0
2237	chr1:82360001-83835000	SBS13	2	0	1	0	0	0	0	0	0	0	0	0	0
2238	chr1:82360001-83835000	SBS2	2	0	1	0	0	0	0	0	0	0	0	0	0
2239	chr1:82360001-83835000	SBS3	2	0	3	0	0	0	0	0	0	0	0	0	0
2240	chr1:82360001-83835000	SBS5	2	0	1	0	0	0	0	0	0	0	0	0	0
2241	chr1:83835001-84140000	SBS3	1	0	1	0	0	0	0	0	0	0	0	0	0
2242	chr1:84184001-85310000	SBS3	1	0	6	0	0	0	0	0	0	0	0	0	0
2243	chr1:84184001-85310000	SBS5	1	0	3	0	0	0	0	0	0	0	0	0	0
2244	chr1:85310001-86346000	SBS3	2	0	1	0	0	0	0	0	0	0	0	0	0
2245	chr1:87096001-88020000	SBS3	1	0	1	0	0	0	0	0	0	0	0	0	0
2246	chr1:88020001-88649000	SBS13	2	0	1	0	0	0	0	0	0	0	0	0	0
2247	chr1:88020001-88649000	SBS3	2	0	1	0	0	0	0	0	0	0	0	0	0
2248	chr1:88020001-88649000	SBS5	2	0	1	0	0	0	0	0	0	0	0	0	0
2249	chr1:91030001-91486000	SBS3	2	0	8	0	0	0	0	0	0	0	0	0	0
2250	chr1:91030001-91486000	SBS5	2	0	1	0	0	0	0	0	0	0	0	0	0
2251	chr1:91486001-91888000	SBS18	1	0	1	0	0	0	0	0	0	0	0	0	0
2252	chr1:91486001-91888000	SBS3	1	0	1	0	0	0	0	0	0	0	0	0	0
2253	chr1:9148855-10571601	SBS3	2	1	2	1	0	0	0	0	0	0	0	0	0
2254	chr1:9148855-10571601	SBS5	2	1	1	1	0	0	0	0	0	0	0	0	0
2255	chr1:91888001-92244000	SBS3	1	0	1	0	0	0	0	0	0	0	0	0	0
2256	chr1:92244001-92605000	SBS1	1	0	1	0	0	0	0	0	0	0	0	0	0
2257	chr1:92244001-92605000	SBS3	1	0	1	0	0	0	0	0	0	0	0	0	0
2258	chr1:93004001-93913500	SBS1	1	0	2	0	0	0	0	0	0	0	0	0	0
2259	chr1:93004001-93913500	SBS3	1	0	2	0	0	0	0	0	0	0	0	0	0
2260	chr1:94518001-95315000	SBS13	2	1	0	1	0	0	0	0	0	0	0	0	0
2261	chr1:94518001-95315000	SBS3	2	1	1	0	0	0	0	0	0	0	0	0	0
2262	chr1:95315001-95887000	SBS5	3	2	0	0	1	0	0	0	0	0	0	0	0
2263	chr1:95887001-96485656	SBS2	2	2	0	1	0	0	0	0	0	0	0	0	0
2264	chr1:95887001-96485656	SBS3	2	2	0	2	0	0	0	0	0	0	0	0	0
2265	chr1:95887001-96485656	SBS5	2	2	0	1	0	0	0	0	0	0	0	0	0
2266	chr1:96486710-96715000	SBS5	2	2	0	1	0	0	0	0	0	0	0	0	0
2267	chr1:96829001-97074000	SBS18	2	2	1	0	0	0	0	0	0	0	0	0	0
2268	chr1:96829001-97074000	SBS3	2	2	1	2	0	0	0	0	0	0	0	0	0
2269	chr1:97074001-98055000	SBS3	2	1	0	1	0	0	0	0	0	0	0	0	0
2270	chr1:97074001-98055000	SBS5	2	1	0	1	0	0	0	0	0	0	0	0	0
2271	chr1:98055001-98768307	SBS3	2	2	1	3	0	0	0	0	0	0	0	0	0
2272	chr1:98768341-99634000	SBS1	2	2	0	1	0	0	0	0	0	0	0	0	0
2273	chr1:98768341-99634000	SBS3	2	2	0	1	0	0	0	0	0	0	0	0	0
2274	chr1:99634001-100546000	SBS1	2	1	2	0	0	0	0	0	0	0	0	0	0
2275	chr1:99634001-100546000	SBS3	2	1	3	2	0	0	0	0	0	0	0	0	0
2276	chr20:1-547000	SBS1	2	1	1	0	0	0	0	0	0	0	0	0	0
2277	chr20:1-547000	SBS13	2	1	1	0	0	0	0	0	0	0	0	0	0
2278	chr20:1-547000	SBS2	2	1	1	0	0	0	0	0	0	0	0	0	0
2279	chr20:1-547000	SBS3	2	1	5	1	0	0	0	0	0	0	0	0	0
2280	chr20:1-547000	SBS5	2	1	3	1	0	0	0	0	0	0	0	0	0
2281	chr20:10119001-10401000	SBS1	2	2	2	0	0	0	0	0	0	0	0	0	0
2282	chr20:10119001-10401000	SBS13	2	2	1	0	0	0	0	0	0	0	0	0	0
2283	chr20:10119001-10401000	SBS3	2	2	4	1	0	0	0	0	0	0	0	0	0
2284	chr20:10119001-10401000	SBS5	2	2	0	1	0	0	0	0	0	0	0	0	0
2285	chr20:10401001-10561000	SBS5	1	0	1	0	0	0	0	0	0	0	0	0	0
2286	chr20:10561001-10808000	SBS3	2	1	0	2	0	0	0	0	0	0	0	0	0
2287	chr20:10808001-13419000	SBS1	2	2	0	1	0	0	0	0	0	0	0	0	0
2288	chr20:10808001-13419000	SBS2	2	2	0	2	0	0	0	0	0	0	0	0	0
2289	chr20:10808001-13419000	SBS3	2	2	1	2	0	0	0	0	0	0	0	0	0
2290	chr20:1107001-1576500	SBS13	2	1	1	0	0	0	0	0	0	0	0	0	0
2291	chr20:1107001-1576500	SBS3	2	1	4	0	0	0	0	0	0	0	0	0	0
2292	chr20:1107001-1576500	SBS5	2	1	2	0	0	0	0	0	0	0	0	0	0
2293	chr20:13419001-13826000	SBS3	2	1	0	1	0	0	0	0	0	0	0	0	0
2294	chr20:13826001-16383000	SBS1	2	2	0	2	0	0	0	0	0	0	0	0	0
2295	chr20:13826001-16383000	SBS3	2	2	0	2	0	0	0	0	0	0	0	0	0
2296	chr20:1576501-3781000	SBS1	2	1	2	0	0	0	0	0	0	0	0	0	0
2297	chr20:1576501-3781000	SBS13	2	1	0	2	0	0	0	0	0	0	0	0	0
2298	chr20:1576501-3781000	SBS2	2	1	0	2	0	0	0	0	0	0	0	0	0
2299	chr20:1576501-3781000	SBS3	2	1	7	3	0	0	0	0	0	0	0	0	0
2300	chr20:1576501-3781000	SBS5	2	1	1	1	0	0	0	0	0	0	0	0	0
2301	chr20:16383001-16783000	SBS3	2	1	0	2	0	0	0	0	0	0	0	0	0
2302	chr20:16783001-17503000	SBS13	2	2	0	1	0	0	0	0	0	0	0	0	0
2303	chr20:16783001-17503000	SBS3	2	2	0	2	0	0	0	0	0	0	0	0	0
2304	chr20:17614001-17958000	SBS2	2	1	1	0	0	0	0	0	0	0	0	0	0
2305	chr20:17614001-17958000	SBS3	2	1	2	0	0	0	0	0	0	0	0	0	0
2306	chr20:17978001-18462000	SBS1	2	2	1	0	0	0	0	0	0	0	0	0	0
2307	chr20:17978001-18462000	SBS3	2	2	2	0	0	0	0	0	0	0	0	0	0
2308	chr20:18462001-18734000	SBS3	2	1	1	1	0	0	0	0	0	0	0	0	0
2309	chr20:18462001-18734000	SBS5	2	1	1	0	0	0	0	0	0	0	0	0	0
2310	chr20:18734001-20404000	SBS1	2	2	0	1	0	0	0	0	0	0	0	0	0
2311	chr20:18734001-20404000	SBS2	2	2	0	1	0	0	0	0	0	0	0	0	0
2312	chr20:18734001-20404000	SBS3	2	2	0	3	0	0	0	0	0	0	0	0	0
2313	chr20:20784001-22681000	SBS1	2	2	0	1	0	0	0	0	0	0	0	0	0
2314	chr20:20784001-22681000	SBS13	2	2	0	1	0	0	0	0	0	0	0	0	0
2315	chr20:20784001-22681000	SBS3	2	2	0	3	0	0	0	0	0	0	0	0	0
2316	chr20:22681001-23344000	SBS13	2	2	0	1	0	0	0	0	0	0	0	0	0
2317	chr20:22681001-23344000	SBS3	2	2	0	2	0	0	0	0	0	0	0	0	0
2318	chr20:23369001-23644000	SBS3	2	1	0	1	0	0	0	0	0	0	0	0	0
2319	chr20:23644001-24981000	SBS1	2	2	1	0	0	0	0	0	0	0	0	0	0
2320	chr20:23644001-24981000	SBS2	2	2	0	1	0	0	0	0	0	0	0	0	0
2321	chr20:23644001-24981000	SBS3	2	2	2	4	0	0	0	0	0	0	0	0	0
2322	chr20:23644001-24981000	SBS5	2	2	1	2	0	0	0	0	0	0	0	0	0
2323	chr20:25067001-28237289	SBS1	2	1	1	0	0	0	0	0	0	0	0	0	0
2324	chr20:25067001-28237289	SBS13	2	1	2	0	0	0	0	0	0	0	0	0	0
2325	chr20:25067001-28237289	SBS2	2	1	1	0	0	0	0	0	0	0	0	0	0
2326	chr20:25067001-28237289	SBS3	2	1	22	10	0	0	0	0	0	0	0	0	0
2327	chr20:25067001-28237289	SBS5	2	1	5	1	0	0	0	0	0	0	0	0	0
2328	chr20:28237290-29955967	SBS1	5	3	0	4	4	2	0	0	0	0	0	0	0
2329	chr20:28237290-29955967	SBS13	5	3	1	2	1	0	0	0	0	0	0	0	0
2330	chr20:28237290-29955967	SBS18	5	3	0	3	2	1	0	0	0	0	0	0	0
2331	chr20:28237290-29955967	SBS2	5	3	0	2	1	1	0	0	0	0	0	0	0
2332	chr20:28237290-29955967	SBS3	5	3	7	40	12	11	7	0	0	0	0	0	0
2333	chr20:28237290-29955967	SBS5	5	3	2	11	10	1	1	0	0	0	0	0	0
2334	chr20:29955968-31457000	SBS1	3	2	2	6	2	0	0	0	0	0	0	0	0
2335	chr20:29955968-31457000	SBS13	3	2	3	1	0	0	0	0	0	0	0	0	0
2336	chr20:29955968-31457000	SBS2	3	2	3	2	0	0	0	0	0	0	0	0	0
2337	chr20:29955968-31457000	SBS3	3	2	32	21	3	0	0	0	0	0	0	0	0
2338	chr20:29955968-31457000	SBS5	3	2	13	7	0	0	0	0	0	0	0	0	0
2339	chr20:31457001-31661000	SBS3	2	1	1	0	0	0	0	0	0	0	0	0	0
2340	chr20:31723501-32185000	SBS13	2	1	1	0	0	0	0	0	0	0	0	0	0
2341	chr20:31723501-32185000	SBS3	2	1	0	2	0	0	0	0	0	0	0	0	0
2342	chr20:31723501-32185000	SBS5	2	1	0	1	0	0	0	0	0	0	0	0	0
2343	chr20:32185001-32860000	SBS18	2	1	1	0	0	0	0	0	0	0	0	0	0
2344	chr20:32185001-32860000	SBS3	2	1	1	3	0	0	0	0	0	0	0	0	0
2345	chr20:32185001-32860000	SBS5	2	1	3	0	0	0	0	0	0	0	0	0	0
2346	chr20:32860001-33367000	SBS3	2	2	0	1	0	0	0	0	0	0	0	0	0
2347	chr20:33367001-33988000	SBS5	2	1	1	0	0	0	0	0	0	0	0	0	0
2348	chr20:34114001-36260000	SBS18	2	1	1	0	0	0	0	0	0	0	0	0	0
2349	chr20:34114001-36260000	SBS3	2	1	0	3	0	0	0	0	0	0	0	0	0
2350	chr20:34114001-36260000	SBS5	2	1	0	1	0	0	0	0	0	0	0	0	0
2351	chr20:36438001-37211373	SBS1	2	1	1	1	0	0	0	0	0	0	0	0	0
2352	chr20:36438001-37211373	SBS2	2	1	0	1	0	0	0	0	0	0	0	0	0
2353	chr20:36438001-37211373	SBS3	2	1	1	0	0	0	0	0	0	0	0	0	0
2354	chr20:36438001-37211373	SBS5	2	1	1	1	0	0	0	0	0	0	0	0	0
2355	chr20:37211776-37384500	SBS3	2	1	1	0	0	0	0	0	0	0	0	0	0
2356	chr20:37384501-37686000	SBS13	2	2	0	1	0	0	0	0	0	0	0	0	0
2357	chr20:37384501-37686000	SBS2	2	2	0	1	0	0	0	0	0	0	0	0	0
2358	chr20:3781001-4092000	SBS18	1	1	1	0	0	0	0	0	0	0	0	0	0
2359	chr20:3781001-4092000	SBS3	1	1	4	0	0	0	0	0	0	0	0	0	0
2360	chr20:3781001-4092000	SBS5	1	1	1	0	0	0	0	0	0	0	0	0	0
2361	chr20:38146001-38445000	SBS3	2	2	0	1	0	0	0	0	0	0	0	0	0
2362	chr20:38584001-38746000	SBS3	2	2	0	1	0	0	0	0	0	0	0	0	0
2363	chr20:39052001-40985000	SBS1	2	2	1	0	0	0	0	0	0	0	0	0	0
2364	chr20:39052001-40985000	SBS3	2	2	1	3	0	0	0	0	0	0	0	0	0
2365	chr20:39052001-40985000	SBS5	2	2	1	1	0	0	0	0	0	0	0	0	0
2366	chr20:4092001-4664000	SBS18	2	2	0	2	0	0	0	0	0	0	0	0	0
2367	chr20:4092001-4664000	SBS3	2	2	0	1	0	0	0	0	0	0	0	0	0
2368	chr20:41740001-43457000	SBS1	2	2	2	0	0	0	0	0	0	0	0	0	0
2369	chr20:41740001-43457000	SBS13	2	2	0	1	0	0	0	0	0	0	0	0	0
2370	chr20:41740001-43457000	SBS18	2	2	0	3	0	0	0	0	0	0	0	0	0
2371	chr20:41740001-43457000	SBS3	2	2	0	2	0	0	0	0	0	0	0	0	0
2372	chr20:43461001-43889786	SBS2	2	1	0	1	0	0	0	0	0	0	0	0	0
2373	chr20:43461001-43889786	SBS3	2	1	0	1	0	0	0	0	0	0	0	0	0
2374	chr20:43896343-44472000	SBS3	2	1	2	3	0	0	0	0	0	0	0	0	0
2375	chr20:43896343-44472000	SBS5	2	1	3	2	0	0	0	0	0	0	0	0	0
2376	chr20:44472001-44749000	SBS3	2	1	1	0	0	0	0	0	0	0	0	0	0
2377	chr20:45096001-45318000	SBS3	2	2	0	1	0	0	0	0	0	0	0	0	0
2378	chr20:45096001-45318000	SBS5	2	2	0	1	0	0	0	0	0	0	0	0	0
2379	chr20:45451001-46790000	SBS1	2	2	0	1	0	0	0	0	0	0	0	0	0
2380	chr20:45451001-46790000	SBS18	2	2	0	1	0	0	0	0	0	0	0	0	0
2381	chr20:45451001-46790000	SBS3	2	2	3	3	0	0	0	0	0	0	0	0	0
2382	chr20:4664001-5111000	SBS3	2	1	0	2	0	0	0	0	0	0	0	0	0
2383	chr20:46790001-47195000	SBS3	2	2	2	0	0	0	0	0	0	0	0	0	0
2384	chr20:46790001-47195000	SBS5	2	2	0	1	0	0	0	0	0	0	0	0	0
2385	chr20:47195001-47665000	SBS3	1	1	1	0	0	0	0	0	0	0	0	0	0
2386	chr20:47665001-48657000	SBS1	2	2	1	0	0	0	0	0	0	0	0	0	0
2387	chr20:47665001-48657000	SBS18	2	2	2	0	0	0	0	0	0	0	0	0	0
2388	chr20:47665001-48657000	SBS2	2	2	1	0	0	0	0	0	0	0	0	0	0
2389	chr20:47665001-48657000	SBS3	2	2	2	3	0	0	0	0	0	0	0	0	0
2390	chr20:48657001-48968000	SBS3	1	1	1	0	0	0	0	0	0	0	0	0	0
2391	chr20:48968001-49338000	SBS3	2	1	3	1	0	0	0	0	0	0	0	0	0
2392	chr20:49338001-49532000	SBS13	2	2	0	1	0	0	0	0	0	0	0	0	0
2393	chr20:49338001-49532000	SBS3	2	2	0	1	0	0	0	0	0	0	0	0	0
2394	chr20:49834397-50498000	SBS1	3	1	1	0	0	0	0	0	0	0	0	0	0
2395	chr20:49834397-50498000	SBS3	3	1	0	1	0	0	0	0	0	0	0	0	0
2396	chr20:49834397-50498000	SBS5	3	1	0	0	1	0	0	0	0	0	0	0	0
2397	chr20:50575001-50962000	SBS3	3	1	2	0	1	0	0	0	0	0	0	0	0
2398	chr20:50575001-50962000	SBS5	3	1	2	0	0	0	0	0	0	0	0	0	0
2399	chr20:50962001-51379000	SBS18	4	2	0	0	0	1	0	0	0	0	0	0	0
2400	chr20:50962001-51379000	SBS3	4	2	0	0	0	2	0	0	0	0	0	0	0
2401	chr20:5111001-5196000	SBS18	1	0	1	0	0	0	0	0	0	0	0	0	0
2402	chr20:51567001-53570000	SBS1	4	2	1	2	0	0	0	0	0	0	0	0	0
2403	chr20:51567001-53570000	SBS13	4	2	1	0	0	0	0	0	0	0	0	0	0
2404	chr20:51567001-53570000	SBS18	4	2	0	0	1	0	0	0	0	0	0	0	0
2405	chr20:51567001-53570000	SBS3	4	2	2	2	1	2	0	0	0	0	0	0	0
2406	chr20:51567001-53570000	SBS5	4	2	2	0	1	0	0	0	0	0	0	0	0
2407	chr20:5196001-5526000	SBS3	2	2	0	1	0	0	0	0	0	0	0	0	0
2408	chr20:53570001-53956000	SBS18	2	1	0	1	0	0	0	0	0	0	0	0	0
2409	chr20:53570001-53956000	SBS3	2	1	0	2	0	0	0	0	0	0	0	0	0
2410	chr20:54030001-54222000	SBS3	3	1	0	1	0	0	0	0	0	0	0	0	0
2411	chr20:54222001-54691000	SBS3	4	2	0	0	0	1	0	0	0	0	0	0	0
2412	chr20:54691001-56352000	SBS1	5	3	0	0	0	0	2	0	0	0	0	0	0
2413	chr20:54691001-56352000	SBS13	5	3	0	0	0	0	1	0	0	0	0	0	0
2414	chr20:54691001-56352000	SBS18	5	3	0	0	2	1	0	0	0	0	0	0	0
2415	chr20:54691001-56352000	SBS2	5	3	0	0	0	0	1	0	0	0	0	0	0
2416	chr20:54691001-56352000	SBS3	5	3	0	3	3	4	5	0	0	0	0	0	0
2417	chr20:54691001-56352000	SBS5	5	3	0	1	3	1	1	0	0	0	0	0	0
2418	chr20:547001-1107000	SBS3	2	2	0	1	0	0	0	0	0	0	0	0	0
2419	chr20:5526001-6082000	SBS3	2	1	1	1	0	0	0	0	0	0	0	0	0
2420	chr20:5526001-6082000	SBS5	2	1	1	0	0	0	0	0	0	0	0	0	0
2421	chr20:56352001-56485000	SBS3	3	1	1	0	0	0	0	0	0	0	0	0	0
2422	chr20:56485001-58387000	SBS13	3	2	1	0	0	0	0	0	0	0	0	0	0
2423	chr20:56485001-58387000	SBS3	3	2	0	2	2	0	0	0	0	0	0	0	0
2424	chr20:56485001-58387000	SBS5	3	2	0	1	1	0	0	0	0	0	0	0	0
2425	chr20:58449001-58838000	SBS3	4	2	0	0	1	0	0	0	0	0	0	0	0
2426	chr20:58838001-59245000	SBS18	3	1	0	0	1	0	0	0	0	0	0	0	0
2427	chr20:58838001-59245000	SBS3	3	1	0	0	3	0	0	0	0	0	0	0	0
2428	chr20:59245001-59837000	SBS3	4	2	1	2	0	0	0	0	0	0	0	0	0
2429	chr20:59837001-59961000	SBS13	2	1	0	1	0	0	0	0	0	0	0	0	0
2430	chr20:59961001-60313000	SBS3	4	2	0	0	0	1	0	0	0	0	0	0	0
2431	chr20:60313001-61450855	SBS18	5	3	0	0	0	1	0	0	0	0	0	0	0
2432	chr20:60313001-61450855	SBS5	5	3	0	0	0	1	0	0	0	0	0	0	0
2433	chr20:61451203-61986500	SBS1	5	3	0	0	0	0	1	0	0	0	0	0	0
2434	chr20:61451203-61986500	SBS3	5	3	0	0	1	0	2	0	0	0	0	0	0
2435	chr20:61451203-61986500	SBS5	5	3	0	1	0	1	0	0	0	0	0	0	0
2436	chr20:61986501-64444167	SBS1	4	2	0	1	1	3	0	0	0	0	0	0	0
2437	chr20:61986501-64444167	SBS13	4	2	0	0	1	1	0	0	0	0	0	0	0
2438	chr20:61986501-64444167	SBS18	4	2	0	0	2	1	0	0	0	0	0	0	0
2439	chr20:61986501-64444167	SBS3	4	2	2	2	4	3	0	0	0	0	0	0	0
2440	chr20:61986501-64444167	SBS5	4	2	0	0	1	2	0	0	0	0	0	0	0
2441	chr20:6464094-7972000	SBS18	3	2	0	0	1	0	0	0	0	0	0	0	0
2442	chr20:6464094-7972000	SBS2	3	2	0	1	0	0	0	0	0	0	0	0	0
2443	chr20:6464094-7972000	SBS3	3	2	0	0	4	0	0	0	0	0	0	0	0
2444	chr20:6464094-7972000	SBS5	3	2	0	0	1	0	0	0	0	0	0	0	0
2445	chr20:7972001-8047000	SBS3	1	0	1	0	0	0	0	0	0	0	0	0	0
2446	chr20:8047001-9638000	SBS13	2	2	0	2	0	0	0	0	0	0	0	0	0
2447	chr20:8047001-9638000	SBS2	2	2	0	1	0	0	0	0	0	0	0	0	0
2448	chr20:8047001-9638000	SBS3	2	2	0	2	0	0	0	0	0	0	0	0	0
2449	chr20:9638001-9939000	SBS3	3	2	0	0	1	0	0	0	0	0	0	0	0
2450	chr21:1-7938549	SBS3	1	1	9	0	0	0	0	0	0	0	0	0	0
2451	chr21:1-7938549	SBS5	1	1	1	0	0	0	0	0	0	0	0	0	0
2452	chr21:11890184-15728000	SBS1	1	1	1	0	0	0	0	0	0	0	0	0	0
2453	chr21:11890184-15728000	SBS13	1	1	1	0	0	0	0	0	0	0	0	0	0
2454	chr21:11890184-15728000	SBS18	1	1	2	0	0	0	0	0	0	0	0	0	0
2455	chr21:11890184-15728000	SBS2	1	1	1	0	0	0	0	0	0	0	0	0	0
2456	chr21:11890184-15728000	SBS3	1	1	23	0	0	0	0	0	0	0	0	0	0
2457	chr21:11890184-15728000	SBS5	1	1	8	0	0	0	0	0	0	0	0	0	0
2458	chr21:15735001-15881000	SBS3	2	0	1	0	0	0	0	0	0	0	0	0	0
2459	chr21:15881001-17472000	SBS3	2	2	0	3	0	0	0	0	0	0	0	0	0
2460	chr21:15881001-17472000	SBS5	2	2	0	1	0	0	0	0	0	0	0	0	0
2461	chr21:17842001-25273000	SBS1	2	2	1	2	0	0	0	0	0	0	0	0	0
2462	chr21:17842001-25273000	SBS13	2	2	1	2	0	0	0	0	0	0	0	0	0
2463	chr21:17842001-25273000	SBS18	2	2	0	4	0	0	0	0	0	0	0	0	0
2464	chr21:17842001-25273000	SBS2	2	2	0	2	0	0	0	0	0	0	0	0	0
2465	chr21:17842001-25273000	SBS3	2	2	11	16	0	0	0	0	0	0	0	0	0
2466	chr21:17842001-25273000	SBS5	2	2	3	5	0	0	0	0	0	0	0	0	0
2467	chr21:25273001-26177000	SBS1	2	1	0	1	0	0	0	0	0	0	0	0	0
2468	chr21:25273001-26177000	SBS3	2	1	2	1	0	0	0	0	0	0	0	0	0
2469	chr21:26177001-28633000	SBS13	2	2	0	1	0	0	0	0	0	0	0	0	0
2470	chr21:26177001-28633000	SBS18	2	2	0	1	0	0	0	0	0	0	0	0	0
2471	chr21:26177001-28633000	SBS2	2	2	0	1	0	0	0	0	0	0	0	0	0
2472	chr21:26177001-28633000	SBS3	2	2	1	5	0	0	0	0	0	0	0	0	0
2473	chr21:26177001-28633000	SBS5	2	2	0	2	0	0	0	0	0	0	0	0	0
2474	chr21:28633001-29492000	SBS3	2	1	1	0	0	0	0	0	0	0	0	0	0
2475	chr21:28633001-29492000	SBS5	2	1	1	0	0	0	0	0	0	0	0	0	0
2476	chr21:29492001-31079000	SBS2	2	2	0	1	0	0	0	0	0	0	0	0	0
2477	chr21:29492001-31079000	SBS3	2	2	3	4	0	0	0	0	0	0	0	0	0
2478	chr21:29492001-31079000	SBS5	2	2	0	3	0	0	0	0	0	0	0	0	0
2479	chr21:31079001-31654500	SBS3	2	1	1	2	0	0	0	0	0	0	0	0	0
2480	chr21:31736001-32257000	SBS2	2	2	1	1	0	0	0	0	0	0	0	0	0
2481	chr21:31736001-32257000	SBS3	2	2	1	1	0	0	0	0	0	0	0	0	0
2482	chr21:31736001-32257000	SBS5	2	2	1	0	0	0	0	0	0	0	0	0	0
2483	chr21:32257001-32784000	SBS3	2	1	4	1	0	0	0	0	0	0	0	0	0
2484	chr21:32257001-32784000	SBS5	2	1	3	1	0	0	0	0	0	0	0	0	0
2485	chr21:33644001-33889000	SBS1	2	1	0	1	0	0	0	0	0	0	0	0	0
2486	chr21:33644001-33889000	SBS3	2	1	0	1	0	0	0	0	0	0	0	0	0
2487	chr21:33889001-34142000	SBS18	1	1	1	0	0	0	0	0	0	0	0	0	0
2488	chr21:33889001-34142000	SBS2	1	1	1	0	0	0	0	0	0	0	0	0	0
2489	chr21:33889001-34142000	SBS3	1	1	1	0	0	0	0	0	0	0	0	0	0
2490	chr21:34142001-34792500	SBS3	2	1	1	1	0	0	0	0	0	0	0	0	0
2491	chr21:35056001-35535000	SBS3	2	1	0	1	0	0	0	0	0	0	0	0	0
2492	chr21:36038001-36382000	SBS3	2	1	2	0	0	0	0	0	0	0	0	0	0
2493	chr21:36382001-37060000	SBS2	2	2	0	1	0	0	0	0	0	0	0	0	0
2494	chr21:36382001-37060000	SBS3	2	2	1	2	0	0	0	0	0	0	0	0	0
2495	chr21:37275001-39724000	SBS13	2	2	0	1	0	0	0	0	0	0	0	0	0
2496	chr21:37275001-39724000	SBS2	2	2	0	1	0	0	0	0	0	0	0	0	0
2497	chr21:37275001-39724000	SBS3	2	2	0	3	0	0	0	0	0	0	0	0	0
2498	chr21:39724001-41112000	SBS1	3	2	0	1	1	0	0	0	0	0	0	0	0
2499	chr21:39724001-41112000	SBS13	3	2	0	1	0	0	0	0	0	0	0	0	0
2500	chr21:39724001-41112000	SBS3	3	2	2	4	2	0	0	0	0	0	0	0	0
2501	chr21:39724001-41112000	SBS5	3	2	1	1	0	0	0	0	0	0	0	0	0
2502	chr21:41112001-41561000	SBS5	2	1	0	1	0	0	0	0	0	0	0	0	0
2503	chr21:42556001-42878000	SBS3	3	2	2	0	0	0	0	0	0	0	0	0	0
2504	chr21:42878001-44358000	SBS3	2	2	1	3	0	0	0	0	0	0	0	0	0
2505	chr21:42878001-44358000	SBS5	2	2	0	1	0	0	0	0	0	0	0	0	0
2506	chr21:44358001-44736000	SBS18	3	2	0	1	0	0	0	0	0	0	0	0	0
2507	chr21:44358001-44736000	SBS3	3	2	0	1	1	0	0	0	0	0	0	0	0
2508	chr21:45215001-46444000	SBS1	2	2	0	1	0	0	0	0	0	0	0	0	0
2509	chr21:45215001-46444000	SBS13	2	2	0	1	0	0	0	0	0	0	0	0	0
2510	chr21:45215001-46444000	SBS18	2	2	0	1	0	0	0	0	0	0	0	0	0
2511	chr21:45215001-46444000	SBS3	2	2	0	2	0	0	0	0	0	0	0	0	0
2512	chr21:46444001-46709983	SBS3	2	1	2	0	0	0	0	0	0	0	0	0	0
2513	chr21:7938550-11890183	SBS1	1	1	1	0	0	0	0	0	0	0	0	0	0
2514	chr21:7938550-11890183	SBS18	1	1	3	0	0	0	0	0	0	0	0	0	0
2515	chr21:7938550-11890183	SBS2	1	1	1	0	0	0	0	0	0	0	0	0	0
2516	chr21:7938550-11890183	SBS3	1	1	21	0	0	0	0	0	0	0	0	0	0
2517	chr21:7938550-11890183	SBS5	1	1	2	0	0	0	0	0	0	0	0	0	0
2518	chr22:1-14004552	SBS1	5	3	0	2	2	0	1	0	0	0	0	0	0
2519	chr22:1-14004552	SBS13	5	3	1	0	0	0	0	0	0	0	0	0	0
2520	chr22:1-14004552	SBS18	5	3	0	1	1	0	0	0	0	0	0	0	0
2521	chr22:1-14004552	SBS2	5	3	0	1	0	0	0	0	0	0	0	0	0
2522	chr22:1-14004552	SBS3	5	3	2	10	3	0	1	0	0	0	0	0	0
2523	chr22:1-14004552	SBS5	5	3	0	1	0	0	2	0	0	0	0	0	0
2524	chr22:14004553-17043000	SBS1	3	2	1	2	0	0	0	0	0	0	0	0	0
2525	chr22:14004553-17043000	SBS18	3	2	0	1	3	0	0	0	0	0	0	0	0
2526	chr22:14004553-17043000	SBS3	3	2	8	3	5	0	0	0	0	0	0	0	0
2527	chr22:14004553-17043000	SBS5	3	2	3	4	0	0	0	0	0	0	0	0	0
2528	chr22:17043001-17728723	SBS18	2	1	0	1	0	0	0	0	0	0	0	0	0
2529	chr22:17043001-17728723	SBS3	2	1	2	0	0	0	0	0	0	0	0	0	0
2530	chr22:17043001-17728723	SBS5	2	1	1	0	0	0	0	0	0	0	0	0	0
2531	chr22:17728758-23940000	SBS1	2	1	2	0	0	0	0	0	0	0	0	0	0
2532	chr22:17728758-23940000	SBS13	2	1	1	1	0	0	0	0	0	0	0	0	0
2533	chr22:17728758-23940000	SBS2	2	1	2	2	0	0	0	0	0	0	0	0	0
2534	chr22:17728758-23940000	SBS3	2	1	20	15	0	0	0	0	0	0	0	0	0
2535	chr22:17728758-23940000	SBS5	2	1	2	1	0	0	0	0	0	0	0	0	0
2536	chr22:23940001-24639000	SBS3	2	1	8	0	0	0	0	0	0	0	0	0	0
2537	chr22:23940001-24639000	SBS5	2	1	1	0	0	0	0	0	0	0	0	0	0
2538	chr22:24639001-24973391	SBS1	2	2	2	0	0	0	0	0	0	0	0	0	0
2539	chr22:24639001-24973391	SBS18	2	2	0	1	0	0	0	0	0	0	0	0	0
2540	chr22:24639001-24973391	SBS3	2	2	3	0	0	0	0	0	0	0	0	0	0
2541	chr22:24639001-24973391	SBS5	2	2	0	1	0	0	0	0	0	0	0	0	0
2542	chr22:24973439-26476000	SBS1	2	2	0	1	0	0	0	0	0	0	0	0	0
2543	chr22:24973439-26476000	SBS3	2	2	1	2	0	0	0	0	0	0	0	0	0
2544	chr22:24973439-26476000	SBS5	2	2	2	2	0	0	0	0	0	0	0	0	0
2545	chr22:26476001-26791000	SBS3	2	1	0	1	0	0	0	0	0	0	0	0	0
2546	chr22:26791001-27841000	SBS2	2	2	0	1	0	0	0	0	0	0	0	0	0
2547	chr22:26791001-27841000	SBS3	2	2	2	2	0	0	0	0	0	0	0	0	0
2548	chr22:27841001-27922000	SBS3	1	0	1	0	0	0	0	0	0	0	0	0	0
2549	chr22:27922001-30286000	SBS1	2	1	2	0	0	0	0	0	0	0	0	0	0
2550	chr22:27922001-30286000	SBS13	2	1	0	1	0	0	0	0	0	0	0	0	0
2551	chr22:27922001-30286000	SBS3	2	1	4	3	0	0	0	0	0	0	0	0	0
2552	chr22:30334001-31053000	SBS3	2	2	1	1	0	0	0	0	0	0	0	0	0
2553	chr22:31053001-31380000	SBS3	2	1	1	0	0	0	0	0	0	0	0	0	0
2554	chr22:31759001-32866000	SBS1	2	0	3	0	0	0	0	0	0	0	0	0	0
2555	chr22:31759001-32866000	SBS13	2	0	1	0	0	0	0	0	0	0	0	0	0
2556	chr22:31759001-32866000	SBS2	2	0	0	1	0	0	0	0	0	0	0	0	0
2557	chr22:31759001-32866000	SBS3	2	0	7	0	0	0	0	0	0	0	0	0	0
2558	chr22:31759001-32866000	SBS5	2	0	1	0	0	0	0	0	0	0	0	0	0
2559	chr22:32866001-33940000	SBS3	2	0	0	1	0	0	0	0	0	0	0	0	0
2560	chr22:33940001-35249000	SBS3	2	0	2	4	0	0	0	0	0	0	0	0	0
2561	chr22:33940001-35249000	SBS5	2	0	0	1	0	0	0	0	0	0	0	0	0
2562	chr22:35249001-36327000	SBS1	1	0	1	0	0	0	0	0	0	0	0	0	0
2563	chr22:35249001-36327000	SBS2	1	0	3	0	0	0	0	0	0	0	0	0	0
2564	chr22:35249001-36327000	SBS3	1	0	14	0	0	0	0	0	0	0	0	0	0
2565	chr22:35249001-36327000	SBS5	1	0	2	0	0	0	0	0	0	0	0	0	0
2566	chr22:36747001-39835000	SBS1	2	0	1	1	0	0	0	0	0	0	0	0	0
2567	chr22:36747001-39835000	SBS3	2	0	7	2	0	0	0	0	0	0	0	0	0
2568	chr22:39835001-40871000	SBS1	1	0	1	0	0	0	0	0	0	0	0	0	0
2569	chr22:39835001-40871000	SBS13	1	0	1	0	0	0	0	0	0	0	0	0	0
2570	chr22:39835001-40871000	SBS3	1	0	5	0	0	0	0	0	0	0	0	0	0
2571	chr22:39835001-40871000	SBS5	1	0	4	0	0	0	0	0	0	0	0	0	0
2572	chr22:40871001-43019000	SBS1	2	0	4	0	0	0	0	0	0	0	0	0	0
2573	chr22:40871001-43019000	SBS13	2	0	1	0	0	0	0	0	0	0	0	0	0
2574	chr22:40871001-43019000	SBS18	2	0	1	1	0	0	0	0	0	0	0	0	0
2575	chr22:40871001-43019000	SBS3	2	0	8	1	0	0	0	0	0	0	0	0	0
2576	chr22:40871001-43019000	SBS5	2	0	1	1	0	0	0	0	0	0	0	0	0
2577	chr22:43019001-44764000	SBS1	2	0	1	1	0	0	0	0	0	0	0	0	0
2578	chr22:43019001-44764000	SBS18	2	0	0	1	0	0	0	0	0	0	0	0	0
2579	chr22:43019001-44764000	SBS3	2	0	1	2	0	0	0	0	0	0	0	0	0
2580	chr22:45124001-47142000	SBS3	2	0	3	1	0	0	0	0	0	0	0	0	0
2581	chr22:45124001-47142000	SBS5	2	0	2	0	0	0	0	0	0	0	0	0	0
2582	chr22:47142001-47787000	SBS3	2	0	1	0	0	0	0	0	0	0	0	0	0
2583	chr22:47142001-47787000	SBS5	2	0	1	0	0	0	0	0	0	0	0	0	0
2584	chr22:47787001-48500000	SBS1	4	0	0	0	0	1	0	0	0	0	0	0	0
2585	chr22:48500001-49765500	SBS3	4	1	0	1	0	1	0	0	0	0	0	0	0
2586	chr22:48500001-49765500	SBS5	4	1	0	0	0	1	0	0	0	0	0	0	0
2587	chr22:49765501-50818468	SBS1	3	0	0	1	1	0	0	0	0	0	0	0	0
2588	chr22:49765501-50818468	SBS3	3	0	0	3	0	0	0	0	0	0	0	0	0
2589	chr2:100425001-101692000	SBS1	2	1	0	1	0	0	0	0	0	0	0	0	0
2590	chr2:100425001-101692000	SBS3	2	1	1	0	0	0	0	0	0	0	0	0	0
2591	chr2:100425001-101692000	SBS5	2	1	1	0	0	0	0	0	0	0	0	0	0
2592	chr2:101692001-101886000	SBS3	1	1	1	0	0	0	0	0	0	0	0	0	0
2593	chr2:101886001-102892000	SBS13	2	1	1	0	0	0	0	0	0	0	0	0	0
2594	chr2:101886001-102892000	SBS3	2	1	3	4	0	0	0	0	0	0	0	0	0
2595	chr2:101886001-102892000	SBS5	2	1	0	1	0	0	0	0	0	0	0	0	0
2596	chr2:102892001-104024000	SBS2	3	2	1	0	0	0	0	0	0	0	0	0	0
2597	chr2:102892001-104024000	SBS3	3	2	1	0	2	0	0	0	0	0	0	0	0
2598	chr2:104024001-105035000	SBS1	2	2	0	1	0	0	0	0	0	0	0	0	0
2599	chr2:104024001-105035000	SBS18	2	2	0	1	0	0	0	0	0	0	0	0	0
2600	chr2:104024001-105035000	SBS3	2	2	2	1	0	0	0	0	0	0	0	0	0
2601	chr2:105043001-105714000	SBS13	2	1	0	1	0	0	0	0	0	0	0	0	0
2602	chr2:105043001-105714000	SBS3	2	1	0	2	0	0	0	0	0	0	0	0	0
2603	chr2:105889001-106598000	SBS1	2	1	1	0	0	0	0	0	0	0	0	0	0
2604	chr2:105889001-106598000	SBS2	2	1	0	1	0	0	0	0	0	0	0	0	0
2605	chr2:105889001-106598000	SBS3	2	1	4	0	0	0	0	0	0	0	0	0	0
2606	chr2:105889001-106598000	SBS5	2	1	0	1	0	0	0	0	0	0	0	0	0
2607	chr2:106598001-108155000	SBS13	3	2	0	1	0	0	0	0	0	0	0	0	0
2608	chr2:106598001-108155000	SBS2	3	2	0	0	1	0	0	0	0	0	0	0	0
2609	chr2:106598001-108155000	SBS3	3	2	0	0	6	0	0	0	0	0	0	0	0
2610	chr2:108155001-108437000	SBS3	2	1	0	1	0	0	0	0	0	0	0	0	0
2611	chr2:10835501-11088000	SBS3	4	2	0	1	0	0	0	0	0	0	0	0	0
2612	chr2:108437001-108638000	SBS13	1	0	1	0	0	0	0	0	0	0	0	0	0
2613	chr2:108437001-108638000	SBS3	1	0	1	0	0	0	0	0	0	0	0	0	0
2614	chr2:108437001-108638000	SBS5	1	0	1	0	0	0	0	0	0	0	0	0	0
2615	chr2:108638001-113875000	SBS1	2	1	0	1	0	0	0	0	0	0	0	0	0
2616	chr2:108638001-113875000	SBS13	2	1	1	0	0	0	0	0	0	0	0	0	0
2617	chr2:108638001-113875000	SBS18	2	1	0	2	0	0	0	0	0	0	0	0	0
2618	chr2:108638001-113875000	SBS2	2	1	0	2	0	0	0	0	0	0	0	0	0
2619	chr2:108638001-113875000	SBS3	2	1	5	7	0	0	0	0	0	0	0	0	0
2620	chr2:108638001-113875000	SBS5	2	1	1	2	0	0	0	0	0	0	0	0	0
2621	chr2:11088001-12164000	SBS1	3	1	2	0	0	0	0	0	0	0	0	0	0
2622	chr2:11088001-12164000	SBS3	3	1	2	0	1	0	0	0	0	0	0	0	0
2623	chr2:11088001-12164000	SBS5	3	1	0	1	0	0	0	0	0	0	0	0	0
2624	chr2:113979501-114800000	SBS13	2	2	0	1	0	0	0	0	0	0	0	0	0
2625	chr2:113979501-114800000	SBS2	2	2	1	0	0	0	0	0	0	0	0	0	0
2626	chr2:113979501-114800000	SBS3	2	2	2	1	0	0	0	0	0	0	0	0	0
2627	chr2:113979501-114800000	SBS5	2	2	4	0	0	0	0	0	0	0	0	0	0
2628	chr2:114800001-117807000	SBS1	3	2	0	0	2	0	0	0	0	0	0	0	0
2629	chr2:114800001-117807000	SBS13	3	2	0	0	1	0	0	0	0	0	0	0	0
2630	chr2:114800001-117807000	SBS3	3	2	2	2	8	0	0	0	0	0	0	0	0
2631	chr2:117807001-118228000	SBS3	2	1	0	2	0	0	0	0	0	0	0	0	0
2632	chr2:118228001-119186000	SBS3	2	2	3	6	0	0	0	0	0	0	0	0	0
2633	chr2:118228001-119186000	SBS5	2	2	2	1	0	0	0	0	0	0	0	0	0
2634	chr2:119764001-120324000	SBS18	2	1	0	1	0	0	0	0	0	0	0	0	0
2635	chr2:119764001-120324000	SBS3	2	1	0	1	0	0	0	0	0	0	0	0	0
2636	chr2:119764001-120324000	SBS5	2	1	1	0	0	0	0	0	0	0	0	0	0
2637	chr2:120324001-121337000	SBS1	2	2	0	2	0	0	0	0	0	0	0	0	0
2638	chr2:120324001-121337000	SBS5	2	2	0	1	0	0	0	0	0	0	0	0	0
2639	chr2:121337001-121762000	SBS3	2	1	1	1	0	0	0	0	0	0	0	0	0
2640	chr2:12164001-12765000	SBS2	3	1	0	1	0	0	0	0	0	0	0	0	0
2641	chr2:12164001-12765000	SBS3	3	1	1	1	2	0	0	0	0	0	0	0	0
2642	chr2:121762001-126188000	SBS13	2	2	0	1	0	0	0	0	0	0	0	0	0
2643	chr2:121762001-126188000	SBS18	2	2	1	0	0	0	0	0	0	0	0	0	0
2644	chr2:121762001-126188000	SBS2	2	2	0	1	0	0	0	0	0	0	0	0	0
2645	chr2:121762001-126188000	SBS3	2	2	0	8	0	0	0	0	0	0	0	0	0
2646	chr2:121762001-126188000	SBS5	2	2	1	0	0	0	0	0	0	0	0	0	0
2647	chr2:126188001-127291000	SBS13	2	2	0	1	0	0	0	0	0	0	0	0	0
2648	chr2:126188001-127291000	SBS3	2	2	2	4	0	0	0	0	0	0	0	0	0
2649	chr2:126188001-127291000	SBS5	2	2	1	0	0	0	0	0	0	0	0	0	0
2650	chr2:127291001-127812500	SBS1	1	1	1	0	0	0	0	0	0	0	0	0	0
2651	chr2:127291001-127812500	SBS13	1	1	1	0	0	0	0	0	0	0	0	0	0
2652	chr2:12765001-13172000	SBS3	4	1	0	0	0	1	0	0	0	0	0	0	0
2653	chr2:127812501-128327000	SBS3	2	1	0	1	0	0	0	0	0	0	0	0	0
2654	chr2:128327001-129240401	SBS2	2	2	0	1	0	0	0	0	0	0	0	0	0
2655	chr2:129240786-129845000	SBS5	2	0	0	1	0	0	0	0	0	0	0	0	0
2656	chr2:129845001-130342000	SBS3	2	0	3	0	0	0	0	0	0	0	0	0	0
2657	chr2:131032001-132010000	SBS1	1	0	2	0	0	0	0	0	0	0	0	0	0
2658	chr2:131032001-132010000	SBS13	1	0	1	0	0	0	0	0	0	0	0	0	0
2659	chr2:131032001-132010000	SBS2	1	0	1	0	0	0	0	0	0	0	0	0	0
2660	chr2:131032001-132010000	SBS3	1	0	9	0	0	0	0	0	0	0	0	0	0
2661	chr2:131032001-132010000	SBS5	1	0	5	0	0	0	0	0	0	0	0	0	0
2662	chr2:13172001-15139000	SBS18	4	2	0	0	0	1	0	0	0	0	0	0	0
2663	chr2:13172001-15139000	SBS3	4	2	1	2	2	3	0	0	0	0	0	0	0
2664	chr2:13172001-15139000	SBS5	4	2	0	1	1	1	0	0	0	0	0	0	0
2665	chr2:132010001-133817000	SBS13	2	0	3	0	0	0	0	0	0	0	0	0	0
2666	chr2:132010001-133817000	SBS18	2	0	2	0	0	0	0	0	0	0	0	0	0
2667	chr2:132010001-133817000	SBS3	2	0	21	2	0	0	0	0	0	0	0	0	0
2668	chr2:132010001-133817000	SBS5	2	0	7	1	0	0	0	0	0	0	0	0	0
2669	chr2:135533001-135913000	SBS2	1	0	1	0	0	0	0	0	0	0	0	0	0
2670	chr2:135533001-135913000	SBS3	1	0	2	0	0	0	0	0	0	0	0	0	0
2671	chr2:136432001-137184000	SBS18	2	0	1	0	0	0	0	0	0	0	0	0	0
2672	chr2:136432001-137184000	SBS3	2	0	0	2	0	0	0	0	0	0	0	0	0
2673	chr2:137828001-138419000	SBS3	3	0	1	0	0	0	0	0	0	0	0	0	0
2674	chr2:138419001-138600000	SBS3	1	0	3	0	0	0	0	0	0	0	0	0	0
2675	chr2:138419001-138600000	SBS5	1	0	1	0	0	0	0	0	0	0	0	0	0
2676	chr2:138600001-138880000	SBS18	3	0	0	0	1	0	0	0	0	0	0	0	0
2677	chr2:138600001-138880000	SBS5	3	0	0	0	1	0	0	0	0	0	0	0	0
2678	chr2:138880001-140635000	SBS18	4	0	0	0	0	2	0	0	0	0	0	0	0
2679	chr2:138880001-140635000	SBS2	4	0	0	0	0	1	0	0	0	0	0	0	0
2680	chr2:140635001-142834000	SBS18	3	0	0	0	1	0	0	0	0	0	0	0	0
2681	chr2:140635001-142834000	SBS3	3	0	1	1	0	0	0	0	0	0	0	0	0
2682	chr2:140635001-142834000	SBS5	3	0	0	2	0	0	0	0	0	0	0	0	0
2683	chr2:143078001-143768000	SBS3	1	0	1	0	0	0	0	0	0	0	0	0	0
2684	chr2:144132001-144608000	SBS3	1	0	1	0	0	0	0	0	0	0	0	0	0
2685	chr2:144608001-147286000	SBS13	3	0	1	0	0	0	0	0	0	0	0	0	0
2686	chr2:144608001-147286000	SBS18	3	0	1	1	0	0	0	0	0	0	0	0	0
2687	chr2:144608001-147286000	SBS3	3	0	4	0	1	0	0	0	0	0	0	0	0
2688	chr2:144608001-147286000	SBS5	3	0	2	0	2	0	0	0	0	0	0	0	0
2689	chr2:148052001-148639000	SBS3	2	0	4	0	0	0	0	0	0	0	0	0	0
2690	chr2:148052001-148639000	SBS5	2	0	2	0	0	0	0	0	0	0	0	0	0
2691	chr2:149600001-151227000	SBS1	3	2	0	0	1	0	0	0	0	0	0	0	0
2692	chr2:149600001-151227000	SBS13	3	2	0	0	1	0	0	0	0	0	0	0	0
2693	chr2:149600001-151227000	SBS2	3	2	1	0	1	0	0	0	0	0	0	0	0
2694	chr2:149600001-151227000	SBS3	3	2	0	0	4	0	0	0	0	0	0	0	0
2695	chr2:149600001-151227000	SBS5	3	2	1	0	1	0	0	0	0	0	0	0	0
2696	chr2:151227001-152163000	SBS2	3	1	1	0	0	0	0	0	0	0	0	0	0
2697	chr2:151227001-152163000	SBS3	3	1	5	0	0	0	0	0	0	0	0	0	0
2698	chr2:152763001-153846167	SBS3	3	2	0	4	2	0	0	0	0	0	0	0	0
2699	chr2:153846283-154039000	SBS2	3	3	0	0	1	0	0	0	0	0	0	0	0
2700	chr2:153846283-154039000	SBS3	3	3	0	0	1	0	0	0	0	0	0	0	0
2701	chr2:154039001-154367000	SBS3	4	2	0	0	0	1	0	0	0	0	0	0	0
2702	chr2:155415001-156054000	SBS2	3	2	0	1	1	0	0	0	0	0	0	0	0
2703	chr2:156054001-156329500	SBS5	3	1	0	0	1	0	0	0	0	0	0	0	0
2704	chr2:15642001-17643000	SBS13	4	2	0	0	0	1	0	0	0	0	0	0	0
2705	chr2:15642001-17643000	SBS18	4	2	0	0	0	1	0	0	0	0	0	0	0
2706	chr2:15642001-17643000	SBS3	4	2	2	0	1	4	0	0	0	0	0	0	0
2707	chr2:15642001-17643000	SBS5	4	2	0	1	0	0	0	0	0	0	0	0	0
2708	chr2:156612001-157290000	SBS3	3	2	0	0	1	0	0	0	0	0	0	0	0
2709	chr2:157290001-157502000	SBS13	3	1	0	1	0	0	0	0	0	0	0	0	0
2710	chr2:157502001-157770000	SBS3	3	1	0	0	1	0	0	0	0	0	0	0	0
2711	chr2:157905001-158441000	SBS3	3	1	0	1	0	0	0	0	0	0	0	0	0
2712	chr2:158441001-158660000	SBS13	2	1	0	1	0	0	0	0	0	0	0	0	0
2713	chr2:158441001-158660000	SBS3	2	1	0	2	0	0	0	0	0	0	0	0	0
2714	chr2:158660001-159057000	SBS3	3	1	0	1	1	0	0	0	0	0	0	0	0
2715	chr2:159102001-159927000	SBS18	2	1	1	0	0	0	0	0	0	0	0	0	0
2716	chr2:159102001-159927000	SBS3	2	1	1	0	0	0	0	0	0	0	0	0	0
2717	chr2:159927001-160194000	SBS13	3	1	1	0	0	0	0	0	0	0	0	0	0
2718	chr2:159927001-160194000	SBS3	3	1	2	0	0	0	0	0	0	0	0	0	0
2719	chr2:160500001-161084000	SBS2	3	1	0	1	0	0	0	0	0	0	0	0	0
2720	chr2:160500001-161084000	SBS3	3	1	6	1	2	0	0	0	0	0	0	0	0
2721	chr2:160500001-161084000	SBS5	3	1	0	0	1	0	0	0	0	0	0	0	0
2722	chr2:161252001-161476000	SBS3	2	1	3	0	0	0	0	0	0	0	0	0	0
2723	chr2:161476001-161854000	SBS1	3	2	0	0	2	0	0	0	0	0	0	0	0
2724	chr2:161476001-161854000	SBS3	3	2	2	0	1	0	0	0	0	0	0	0	0
2725	chr2:161854001-162286000	SBS3	3	1	0	0	1	0	0	0	0	0	0	0	0
2726	chr2:161854001-162286000	SBS5	3	1	0	0	1	0	0	0	0	0	0	0	0
2727	chr2:162286001-162367000	SBS13	2	0	1	1	0	0	0	0	0	0	0	0	0
2728	chr2:162367001-164417000	SBS3	3	2	3	5	2	0	0	0	0	0	0	0	0
2729	chr2:162367001-164417000	SBS5	3	2	1	1	1	0	0	0	0	0	0	0	0
2730	chr2:164417001-164846664	SBS3	3	1	2	0	0	0	0	0	0	0	0	0	0
2731	chr2:164849288-165664964	SBS2	3	2	0	0	1	0	0	0	0	0	0	0	0
2732	chr2:164849288-165664964	SBS3	3	2	1	0	0	0	0	0	0	0	0	0	0
2733	chr2:164849288-165664964	SBS5	3	2	1	0	1	0	0	0	0	0	0	0	0
2734	chr2:165665470-165873000	SBS2	3	1	0	0	1	0	0	0	0	0	0	0	0
2735	chr2:165665470-165873000	SBS3	3	1	1	0	0	0	0	0	0	0	0	0	0
2736	chr2:165956001-167933000	SBS18	3	2	0	0	2	0	0	0	0	0	0	0	0
2737	chr2:165956001-167933000	SBS3	3	2	0	2	1	0	0	0	0	0	0	0	0
2738	chr2:165956001-167933000	SBS5	3	2	0	0	1	0	0	0	0	0	0	0	0
2739	chr2:168642001-170064000	SBS1	2	1	0	1	0	0	0	0	0	0	0	0	0
2740	chr2:168642001-170064000	SBS3	2	1	1	3	0	0	0	0	0	0	0	0	0
2741	chr2:170064001-170927000	SBS2	3	2	0	1	0	0	0	0	0	0	0	0	0
2742	chr2:170927001-171168000	SBS2	2	1	0	1	0	0	0	0	0	0	0	0	0
2743	chr2:171168001-172922000	SBS3	3	1	4	0	1	0	0	0	0	0	0	0	0
2744	chr2:171168001-172922000	SBS5	3	1	1	1	0	0	0	0	0	0	0	0	0
2745	chr2:172922001-173225000	SBS3	2	1	2	1	0	0	0	0	0	0	0	0	0
2746	chr2:172922001-173225000	SBS5	2	1	0	3	0	0	0	0	0	0	0	0	0
2747	chr2:173225001-173898000	SBS18	3	2	0	1	0	0	0	0	0	0	0	0	0
2748	chr2:173225001-173898000	SBS3	3	2	0	2	1	0	0	0	0	0	0	0	0
2749	chr2:174000001-175060000	SBS3	3	1	0	0	1	0	0	0	0	0	0	0	0
2750	chr2:175188001-175923000	SBS18	3	2	0	0	1	0	0	0	0	0	0	0	0
2751	chr2:175188001-175923000	SBS3	3	2	0	2	0	0	0	0	0	0	0	0	0
2752	chr2:176049813-177136000	SBS3	3	1	1	0	1	0	0	0	0	0	0	0	0
2753	chr2:176049813-177136000	SBS5	3	1	1	0	0	0	0	0	0	0	0	0	0
2754	chr2:177268001-177558000	SBS3	2	1	0	1	0	0	0	0	0	0	0	0	0
2755	chr2:177558001-178395000	SBS13	3	2	0	0	1	0	0	0	0	0	0	0	0
2756	chr2:177558001-178395000	SBS18	3	2	0	0	1	0	0	0	0	0	0	0	0
2757	chr2:177558001-178395000	SBS2	3	2	0	1	0	0	0	0	0	0	0	0	0
2758	chr2:17775001-18646042	SBS13	3	2	0	0	1	0	0	0	0	0	0	0	0
2759	chr2:178509001-179191000	SBS3	3	1	3	0	1	0	0	0	0	0	0	0	0
2760	chr2:178509001-179191000	SBS5	3	1	1	0	0	0	0	0	0	0	0	0	0
2761	chr2:179191001-179277000	SBS3	2	0	1	0	0	0	0	0	0	0	0	0	0
2762	chr2:179191001-179277000	SBS5	2	0	1	0	0	0	0	0	0	0	0	0	0
2763	chr2:179277001-179939000	SBS3	3	2	4	4	2	0	0	0	0	0	0	0	0
2764	chr2:179277001-179939000	SBS5	3	2	2	1	2	0	0	0	0	0	0	0	0
2765	chr2:180026001-180954000	SBS1	3	2	1	0	0	0	0	0	0	0	0	0	0
2766	chr2:180026001-180954000	SBS13	3	2	1	0	0	0	0	0	0	0	0	0	0
2767	chr2:180026001-180954000	SBS2	3	2	1	0	0	0	0	0	0	0	0	0	0
2768	chr2:180026001-180954000	SBS3	3	2	10	0	1	0	0	0	0	0	0	0	0
2769	chr2:180026001-180954000	SBS5	3	2	1	1	0	0	0	0	0	0	0	0	0
2770	chr2:180954001-181581000	SBS2	2	1	0	1	0	0	0	0	0	0	0	0	0
2771	chr2:181581001-181960000	SBS3	2	1	0	1	0	0	0	0	0	0	0	0	0
2772	chr2:181960001-182706000	SBS3	3	2	0	0	1	0	0	0	0	0	0	0	0
2773	chr2:182706001-183142000	SBS5	3	1	0	0	1	0	0	0	0	0	0	0	0
2774	chr2:183142001-186481000	SBS3	3	2	0	1	4	0	0	0	0	0	0	0	0
2775	chr2:18646043-19867000	SBS3	2	2	2	3	0	0	0	0	0	0	0	0	0
2776	chr2:186495001-186699000	SBS3	2	2	3	0	0	0	0	0	0	0	0	0	0
2777	chr2:186495001-186699000	SBS5	2	2	2	0	0	0	0	0	0	0	0	0	0
2778	chr2:186699001-189406000	SBS13	3	2	0	0	1	0	0	0	0	0	0	0	0
2779	chr2:186699001-189406000	SBS18	3	2	0	1	1	0	0	0	0	0	0	0	0
2780	chr2:186699001-189406000	SBS3	3	2	1	3	1	0	0	0	0	0	0	0	0
2781	chr2:186699001-189406000	SBS5	3	2	0	1	1	0	0	0	0	0	0	0	0
2782	chr2:189406001-189843000	SBS1	2	1	0	1	0	0	0	0	0	0	0	0	0
2783	chr2:189406001-189843000	SBS3	2	1	0	1	0	0	0	0	0	0	0	0	0
2784	chr2:189843001-190304000	SBS3	3	2	0	0	1	0	0	0	0	0	0	0	0
2785	chr2:190304001-191608000	SBS1	2	1	3	1	0	0	0	0	0	0	0	0	0
2786	chr2:190304001-191608000	SBS3	2	1	1	0	0	0	0	0	0	0	0	0	0
2787	chr2:190304001-191608000	SBS5	2	1	1	0	0	0	0	0	0	0	0	0	0
2788	chr2:191608001-191693000	SBS3	2	0	0	1	0	0	0	0	0	0	0	0	0
2789	chr2:191693001-192266000	SBS3	3	1	0	0	2	0	0	0	0	0	0	0	0
2790	chr2:192266001-192729000	SBS3	3	2	2	1	1	0	0	0	0	0	0	0	0
2791	chr2:192729001-194797921	SBS1	2	2	0	1	0	0	0	0	0	0	0	0	0
2792	chr2:192729001-194797921	SBS13	2	2	0	1	0	0	0	0	0	0	0	0	0
2793	chr2:192729001-194797921	SBS2	2	2	1	0	0	0	0	0	0	0	0	0	0
2794	chr2:192729001-194797921	SBS3	2	2	0	3	0	0	0	0	0	0	0	0	0
2795	chr2:194797922-194809362	SBS3	2	0	4	0	0	0	0	0	0	0	0	0	0
2796	chr2:194809363-195316000	SBS3	2	2	0	1	0	0	0	0	0	0	0	0	0
2797	chr2:195316001-195530000	SBS2	1	1	1	0	0	0	0	0	0	0	0	0	0
2798	chr2:195530001-195689000	SBS1	1	0	1	0	0	0	0	0	0	0	0	0	0
2799	chr2:195530001-195689000	SBS3	1	0	2	0	0	0	0	0	0	0	0	0	0
2800	chr2:195530001-195689000	SBS5	1	0	1	0	0	0	0	0	0	0	0	0	0
2801	chr2:195689001-196065000	SBS3	2	1	0	1	0	0	0	0	0	0	0	0	0
2802	chr2:196065001-196339000	SBS5	1	0	1	0	0	0	0	0	0	0	0	0	0
2803	chr2:196339001-196743000	SBS3	2	1	2	1	0	0	0	0	0	0	0	0	0
2804	chr2:196339001-196743000	SBS5	2	1	0	1	0	0	0	0	0	0	0	0	0
2805	chr2:196743001-197130000	SBS3	2	1	0	1	0	0	0	0	0	0	0	0	0
2806	chr2:197315001-198143000	SBS13	2	1	1	0	0	0	0	0	0	0	0	0	0
2807	chr2:197315001-198143000	SBS2	2	1	0	1	0	0	0	0	0	0	0	0	0
2808	chr2:197315001-198143000	SBS3	2	1	0	3	0	0	0	0	0	0	0	0	0
2809	chr2:197315001-198143000	SBS5	2	1	0	1	0	0	0	0	0	0	0	0	0
2810	chr2:198143001-199668000	SBS1	2	2	0	2	0	0	0	0	0	0	0	0	0
2811	chr2:198143001-199668000	SBS13	2	2	0	2	0	0	0	0	0	0	0	0	0
2812	chr2:198143001-199668000	SBS2	2	2	0	1	0	0	0	0	0	0	0	0	0
2813	chr2:198143001-199668000	SBS3	2	2	1	4	0	0	0	0	0	0	0	0	0
2814	chr2:199668001-200293000	SBS3	2	1	0	1	0	0	0	0	0	0	0	0	0
2815	chr2:20053001-20260000	SBS3	2	1	0	1	0	0	0	0	0	0	0	0	0
2816	chr2:201460001-203325000	SBS18	2	1	0	1	0	0	0	0	0	0	0	0	0
2817	chr2:201460001-203325000	SBS3	2	1	2	4	0	0	0	0	0	0	0	0	0
2818	chr2:203325001-204119000	SBS3	1	1	3	0	0	0	0	0	0	0	0	0	0
2819	chr2:20354001-20826000	SBS3	1	1	2	0	0	0	0	0	0	0	0	0	0
2820	chr2:205961001-206165000	SBS13	2	1	0	1	0	0	0	0	0	0	0	0	0
2821	chr2:206165001-206760000	SBS1	2	2	0	1	0	0	0	0	0	0	0	0	0
2822	chr2:206165001-206760000	SBS3	2	2	0	2	0	0	0	0	0	0	0	0	0
2823	chr2:206165001-206760000	SBS5	2	2	0	1	0	0	0	0	0	0	0	0	0
2824	chr2:206760001-208406000	SBS13	2	1	1	1	0	0	0	0	0	0	0	0	0
2825	chr2:206760001-208406000	SBS18	2	1	0	1	0	0	0	0	0	0	0	0	0
2826	chr2:206760001-208406000	SBS3	2	1	3	7	0	0	0	0	0	0	0	0	0
2827	chr2:206760001-208406000	SBS5	2	1	0	1	0	0	0	0	0	0	0	0	0
2828	chr2:20826001-21431000	SBS3	2	2	0	2	0	0	0	0	0	0	0	0	0
2829	chr2:208406001-209955000	SBS18	2	2	1	0	0	0	0	0	0	0	0	0	0
2830	chr2:208406001-209955000	SBS3	2	2	1	1	0	0	0	0	0	0	0	0	0
2831	chr2:210205001-212939000	SBS1	2	1	2	0	0	0	0	0	0	0	0	0	0
2832	chr2:210205001-212939000	SBS13	2	1	0	1	0	0	0	0	0	0	0	0	0
2833	chr2:210205001-212939000	SBS2	2	1	1	0	0	0	0	0	0	0	0	0	0
2834	chr2:210205001-212939000	SBS3	2	1	2	2	0	0	0	0	0	0	0	0	0
2835	chr2:210205001-212939000	SBS5	2	1	1	1	0	0	0	0	0	0	0	0	0
2836	chr2:212939001-213322000	SBS1	1	1	1	0	0	0	0	0	0	0	0	0	0
2837	chr2:2131001-3182000	SBS1	5	4	0	3	0	0	0	0	0	0	0	0	0
2838	chr2:2131001-3182000	SBS13	5	4	0	0	0	0	1	0	0	0	0	0	0
2839	chr2:2131001-3182000	SBS2	5	4	0	0	0	1	0	0	0	0	0	0	0
2840	chr2:2131001-3182000	SBS3	5	4	0	3	1	0	5	0	0	0	0	0	0
2841	chr2:2131001-3182000	SBS5	5	4	0	1	0	0	2	0	0	0	0	0	0
2842	chr2:213322001-214675000	SBS3	2	2	1	3	0	0	0	0	0	0	0	0	0
2843	chr2:21431001-22084130	SBS18	3	2	0	0	1	0	0	0	0	0	0	0	0
2844	chr2:21431001-22084130	SBS3	3	2	0	1	0	0	0	0	0	0	0	0	0
2845	chr2:214844001-215211000	SBS5	2	2	2	0	0	0	0	0	0	0	0	0	0
2846	chr2:215211001-215902000	SBS18	2	1	0	1	0	0	0	0	0	0	0	0	0
2847	chr2:215211001-215902000	SBS3	2	1	2	1	0	0	0	0	0	0	0	0	0
2848	chr2:215211001-215902000	SBS5	2	1	1	0	0	0	0	0	0	0	0	0	0
2849	chr2:215902001-216227000	SBS3	1	0	4	0	0	0	0	0	0	0	0	0	0
2850	chr2:215902001-216227000	SBS5	1	0	1	0	0	0	0	0	0	0	0	0	0
2851	chr2:216227001-216878787	SBS13	2	1	0	1	0	0	0	0	0	0	0	0	0
2852	chr2:216227001-216878787	SBS3	2	1	1	1	0	0	0	0	0	0	0	0	0
2853	chr2:216878912-219191000	SBS1	2	1	2	0	0	0	0	0	0	0	0	0	0
2854	chr2:216878912-219191000	SBS2	2	1	1	0	0	0	0	0	0	0	0	0	0
2855	chr2:216878912-219191000	SBS3	2	1	4	0	0	0	0	0	0	0	0	0	0
2856	chr2:216878912-219191000	SBS5	2	1	0	1	0	0	0	0	0	0	0	0	0
2857	chr2:219191001-219302000	SBS1	1	1	1	0	0	0	0	0	0	0	0	0	0
2858	chr2:219191001-219302000	SBS3	1	1	2	0	0	0	0	0	0	0	0	0	0
2859	chr2:219191001-219302000	SBS5	1	1	1	0	0	0	0	0	0	0	0	0	0
2860	chr2:219302001-221173000	SBS1	2	2	0	1	0	0	0	0	0	0	0	0	0
2861	chr2:219302001-221173000	SBS13	2	2	0	1	0	0	0	0	0	0	0	0	0
2862	chr2:219302001-221173000	SBS18	2	2	0	1	0	0	0	0	0	0	0	0	0
2863	chr2:219302001-221173000	SBS3	2	2	1	1	0	0	0	0	0	0	0	0	0
2864	chr2:219302001-221173000	SBS5	2	2	0	1	0	0	0	0	0	0	0	0	0
2865	chr2:22094129-22324852	SBS3	4	3	0	0	0	1	0	0	0	0	0	0	0
2866	chr2:22094129-22324852	SBS5	4	3	0	0	0	1	0	0	0	0	0	0	0
2867	chr2:221173001-221584000	SBS3	2	1	1	0	0	0	0	0	0	0	0	0	0
2868	chr2:221584001-222538000	SBS3	2	2	0	5	0	0	0	0	0	0	0	0	0
2869	chr2:223066001-223683000	SBS3	2	2	3	0	0	0	0	0	0	0	0	0	0
2870	chr2:223066001-223683000	SBS5	2	2	1	0	0	0	0	0	0	0	0	0	0
2871	chr2:22324937-22983784	SBS1	4	2	0	0	0	1	0	0	0	0	0	0	0
2872	chr2:22324937-22983784	SBS18	4	2	0	0	0	1	0	0	0	0	0	0	0
2873	chr2:22324937-22983784	SBS2	4	2	0	0	0	1	0	0	0	0	0	0	0
2874	chr2:22324937-22983784	SBS3	4	2	0	0	0	2	0	0	0	0	0	0	0
2875	chr2:22324937-22983784	SBS5	4	2	0	1	0	0	0	0	0	0	0	0	0
2876	chr2:223683001-223930000	SBS13	2	1	0	1	0	0	0	0	0	0	0	0	0
2877	chr2:223683001-223930000	SBS5	2	1	0	1	0	0	0	0	0	0	0	0	0
2878	chr2:223971001-224872000	SBS3	2	1	0	2	0	0	0	0	0	0	0	0	0
2879	chr2:225065001-226737500	SBS3	2	1	2	3	0	0	0	0	0	0	0	0	0
2880	chr2:226919001-227907000	SBS1	2	1	0	1	0	0	0	0	0	0	0	0	0
2881	chr2:226919001-227907000	SBS18	2	1	0	1	0	0	0	0	0	0	0	0	0
2882	chr2:227907001-229194000	SBS13	3	2	0	0	1	0	0	0	0	0	0	0	0
2883	chr2:227907001-229194000	SBS18	3	2	0	0	1	0	0	0	0	0	0	0	0
2884	chr2:227907001-229194000	SBS3	3	2	1	3	3	0	0	0	0	0	0	0	0
2885	chr2:227907001-229194000	SBS5	3	2	0	1	0	0	0	0	0	0	0	0	0
2886	chr2:229194001-229765000	SBS1	2	2	1	0	0	0	0	0	0	0	0	0	0
2887	chr2:229765001-229929000	SBS5	1	0	1	0	0	0	0	0	0	0	0	0	0
2888	chr2:22984028-23330000	SBS1	3	2	1	0	1	0	0	0	0	0	0	0	0
2889	chr2:22984028-23330000	SBS13	3	2	0	0	1	0	0	0	0	0	0	0	0
2890	chr2:230193001-230825000	SBS2	1	1	1	0	0	0	0	0	0	0	0	0	0
2891	chr2:230193001-230825000	SBS3	1	1	1	0	0	0	0	0	0	0	0	0	0
2892	chr2:230825001-232285000	SBS1	2	1	1	0	0	0	0	0	0	0	0	0	0
2893	chr2:230825001-232285000	SBS13	2	1	0	1	0	0	0	0	0	0	0	0	0
2894	chr2:230825001-232285000	SBS3	2	1	4	1	0	0	0	0	0	0	0	0	0
2895	chr2:230825001-232285000	SBS5	2	1	1	0	0	0	0	0	0	0	0	0	0
2896	chr2:232328001-232546000	SBS18	2	2	0	1	0	0	0	0	0	0	0	0	0
2897	chr2:233045001-233568000	SBS3	2	1	0	2	0	0	0	0	0	0	0	0	0
2898	chr2:233045001-233568000	SBS5	2	1	0	1	0	0	0	0	0	0	0	0	0
2899	chr2:23330001-23716000	SBS1	2	2	0	1	0	0	0	0	0	0	0	0	0
2900	chr2:23330001-23716000	SBS3	2	2	0	1	0	0	0	0	0	0	0	0	0
2901	chr2:233568001-233976000	SBS18	2	2	0	1	0	0	0	0	0	0	0	0	0
2902	chr2:233568001-233976000	SBS3	2	2	0	1	0	0	0	0	0	0	0	0	0
2903	chr2:233568001-233976000	SBS5	2	2	0	1	0	0	0	0	0	0	0	0	0
2904	chr2:233976001-234285000	SBS3	2	1	0	1	0	0	0	0	0	0	0	0	0
2905	chr2:233976001-234285000	SBS5	2	1	0	1	0	0	0	0	0	0	0	0	0
2906	chr2:234510001-235012000	SBS2	2	1	0	1	0	0	0	0	0	0	0	0	0
2907	chr2:234510001-235012000	SBS5	2	1	0	1	0	0	0	0	0	0	0	0	0
2908	chr2:235012001-235609000	SBS1	4	2	0	1	0	0	0	0	0	0	0	0	0
2909	chr2:235012001-235609000	SBS2	4	2	0	1	0	0	0	0	0	0	0	0	0
2910	chr2:235012001-235609000	SBS3	4	2	2	3	3	0	0	0	0	0	0	0	0
2911	chr2:235012001-235609000	SBS5	4	2	1	0	0	0	0	0	0	0	0	0	0
2912	chr2:235609001-236481000	SBS3	2	2	1	1	0	0	0	0	0	0	0	0	0
2913	chr2:235609001-236481000	SBS5	2	2	1	0	0	0	0	0	0	0	0	0	0
2914	chr2:236481001-238471000	SBS3	2	1	1	1	0	0	0	0	0	0	0	0	0
2915	chr2:236481001-238471000	SBS5	2	1	0	1	0	0	0	0	0	0	0	0	0
2916	chr2:23716001-23946000	SBS3	2	1	0	1	0	0	0	0	0	0	0	0	0
2917	chr2:239181001-239447000	SBS3	2	1	0	1	0	0	0	0	0	0	0	0	0
2918	chr2:239447001-242193529	SBS1	2	2	1	1	0	0	0	0	0	0	0	0	0
2919	chr2:239447001-242193529	SBS13	2	2	1	0	0	0	0	0	0	0	0	0	0
2920	chr2:239447001-242193529	SBS2	2	2	0	1	0	0	0	0	0	0	0	0	0
2921	chr2:239447001-242193529	SBS3	2	2	3	5	0	0	0	0	0	0	0	0	0
2922	chr2:239447001-242193529	SBS5	2	2	1	1	0	0	0	0	0	0	0	0	0
2923	chr2:23946001-24237000	SBS3	2	1	2	0	0	0	0	0	0	0	0	0	0
2924	chr2:24237001-24810000	SBS1	1	1	2	0	0	0	0	0	0	0	0	0	0
2925	chr2:24237001-24810000	SBS18	1	1	1	0	0	0	0	0	0	0	0	0	0
2926	chr2:24237001-24810000	SBS3	1	1	10	0	0	0	0	0	0	0	0	0	0
2927	chr2:24810001-25225000	SBS18	2	1	0	1	0	0	0	0	0	0	0	0	0
2928	chr2:24810001-25225000	SBS5	2	1	0	1	0	0	0	0	0	0	0	0	0
2929	chr2:25225001-25508730	SBS1	2	1	0	1	0	0	0	0	0	0	0	0	0
2930	chr2:25516548-26399000	SBS1	2	1	1	0	0	0	0	0	0	0	0	0	0
2931	chr2:26399001-26957000	SBS18	2	2	0	1	0	0	0	0	0	0	0	0	0
2932	chr2:26399001-26957000	SBS3	2	2	0	3	0	0	0	0	0	0	0	0	0
2933	chr2:26957001-29216000	SBS13	2	1	0	1	0	0	0	0	0	0	0	0	0
2934	chr2:26957001-29216000	SBS2	2	1	0	1	0	0	0	0	0	0	0	0	0
2935	chr2:26957001-29216000	SBS3	2	1	0	5	0	0	0	0	0	0	0	0	0
2936	chr2:26957001-29216000	SBS5	2	1	1	1	0	0	0	0	0	0	0	0	0
2937	chr2:294001-655271	SBS3	4	4	0	0	0	1	0	0	0	0	0	0	0
2938	chr2:30083001-30651000	SBS5	1	1	1	0	0	0	0	0	0	0	0	0	0
2939	chr2:30651001-31563000	SBS2	2	1	1	0	0	0	0	0	0	0	0	0	0
2940	chr2:30651001-31563000	SBS3	2	1	2	1	0	0	0	0	0	0	0	0	0
2941	chr2:30651001-31563000	SBS5	2	1	2	0	0	0	0	0	0	0	0	0	0
2942	chr2:31563001-31853000	SBS3	2	2	0	2	0	0	0	0	0	0	0	0	0
2943	chr2:3182001-3585000	SBS3	3	3	0	0	1	0	0	0	0	0	0	0	0
2944	chr2:32014001-32355000	SBS3	2	1	1	0	0	0	0	0	0	0	0	0	0
2945	chr2:32355001-32629000	SBS1	1	1	1	0	0	0	0	0	0	0	0	0	0
2946	chr2:32629001-33475000	SBS1	2	1	0	1	0	0	0	0	0	0	0	0	0
2947	chr2:32629001-33475000	SBS13	2	1	0	1	0	0	0	0	0	0	0	0	0
2948	chr2:32629001-33475000	SBS3	2	1	1	0	0	0	0	0	0	0	0	0	0
2949	chr2:33475001-33605000	SBS3	1	1	1	0	0	0	0	0	0	0	0	0	0
2950	chr2:33605001-36321000	SBS13	2	2	0	3	0	0	0	0	0	0	0	0	0
2951	chr2:33605001-36321000	SBS18	2	2	0	1	0	0	0	0	0	0	0	0	0
2952	chr2:33605001-36321000	SBS2	2	2	0	1	0	0	0	0	0	0	0	0	0
2953	chr2:33605001-36321000	SBS3	2	2	2	6	0	0	0	0	0	0	0	0	0
2954	chr2:33605001-36321000	SBS5	2	2	2	1	0	0	0	0	0	0	0	0	0
2955	chr2:36321001-36622000	SBS3	2	1	0	1	0	0	0	0	0	0	0	0	0
2956	chr2:36622001-36834000	SBS3	2	1	0	3	0	0	0	0	0	0	0	0	0
2957	chr2:36834001-37534000	SBS13	1	1	1	0	0	0	0	0	0	0	0	0	0
2958	chr2:3761077-5928930	SBS18	4	2	0	1	0	1	0	0	0	0	0	0	0
2959	chr2:3761077-5928930	SBS3	4	2	0	0	2	2	0	0	0	0	0	0	0
2960	chr2:3761077-5928930	SBS5	4	2	0	0	0	2	0	0	0	0	0	0	0
2961	chr2:37687001-38549000	SBS3	2	1	0	1	0	0	0	0	0	0	0	0	0
2962	chr2:38549001-38756000	SBS1	1	1	1	0	0	0	0	0	0	0	0	0	0
2963	chr2:38549001-38756000	SBS3	1	1	1	0	0	0	0	0	0	0	0	0	0
2964	chr2:38756001-38973000	SBS3	2	1	2	0	0	0	0	0	0	0	0	0	0
2965	chr2:38973001-39536000	SBS3	1	1	3	0	0	0	0	0	0	0	0	0	0
2966	chr2:38973001-39536000	SBS5	1	1	2	0	0	0	0	0	0	0	0	0	0
2967	chr2:39536001-39723000	SBS1	2	1	0	1	0	0	0	0	0	0	0	0	0
2968	chr2:39788001-42090000	SBS2	2	2	0	1	0	0	0	0	0	0	0	0	0
2969	chr2:39788001-42090000	SBS3	2	2	1	1	0	0	0	0	0	0	0	0	0
2970	chr2:39788001-42090000	SBS5	2	2	0	1	0	0	0	0	0	0	0	0	0
2971	chr2:42090001-42363000	SBS13	1	1	1	0	0	0	0	0	0	0	0	0	0
2972	chr2:42090001-42363000	SBS3	1	1	1	0	0	0	0	0	0	0	0	0	0
2973	chr2:42363001-42485000	SBS3	2	2	0	1	0	0	0	0	0	0	0	0	0
2974	chr2:42485001-43113000	SBS3	2	1	1	1	0	0	0	0	0	0	0	0	0
2975	chr2:43113001-43600000	SBS1	1	1	2	0	0	0	0	0	0	0	0	0	0
2976	chr2:43113001-43600000	SBS3	1	1	6	0	0	0	0	0	0	0	0	0	0
2977	chr2:43113001-43600000	SBS5	1	1	1	0	0	0	0	0	0	0	0	0	0
2978	chr2:43878001-44000000	SBS2	1	1	1	0	0	0	0	0	0	0	0	0	0
2979	chr2:44000001-44167000	SBS1	2	1	1	0	0	0	0	0	0	0	0	0	0
2980	chr2:44000001-44167000	SBS3	2	1	1	1	0	0	0	0	0	0	0	0	0
2981	chr2:44000001-44167000	SBS5	2	1	1	0	0	0	0	0	0	0	0	0	0
2982	chr2:44316001-44723000	SBS3	2	1	2	0	0	0	0	0	0	0	0	0	0
2983	chr2:44316001-44723000	SBS5	2	1	2	0	0	0	0	0	0	0	0	0	0
2984	chr2:45232001-47347000	SBS3	1	1	2	0	0	0	0	0	0	0	0	0	0
2985	chr2:47780001-47922000	SBS2	1	0	1	0	0	0	0	0	0	0	0	0	0
2986	chr2:47922001-48311000	SBS3	2	1	3	1	0	0	0	0	0	0	0	0	0
2987	chr2:48538001-53608000	SBS1	2	2	1	0	0	0	0	0	0	0	0	0	0
2988	chr2:48538001-53608000	SBS18	2	2	0	1	0	0	0	0	0	0	0	0	0
2989	chr2:48538001-53608000	SBS2	2	2	0	1	0	0	0	0	0	0	0	0	0
2990	chr2:48538001-53608000	SBS3	2	2	3	13	0	0	0	0	0	0	0	0	0
2991	chr2:48538001-53608000	SBS5	2	2	1	1	0	0	0	0	0	0	0	0	0
2992	chr2:53608001-54124000	SBS3	2	1	1	0	0	0	0	0	0	0	0	0	0
2993	chr2:53608001-54124000	SBS5	2	1	1	0	0	0	0	0	0	0	0	0	0
2994	chr2:55055001-55649000	SBS3	2	1	0	1	0	0	0	0	0	0	0	0	0
2995	chr2:55649001-56027000	SBS13	2	1	0	1	0	0	0	0	0	0	0	0	0
2996	chr2:55649001-56027000	SBS3	2	1	1	2	0	0	0	0	0	0	0	0	0
2997	chr2:55649001-56027000	SBS5	2	1	0	1	0	0	0	0	0	0	0	0	0
2998	chr2:56027001-57701000	SBS3	2	2	0	3	0	0	0	0	0	0	0	0	0
2999	chr2:56027001-57701000	SBS5	2	2	1	0	0	0	0	0	0	0	0	0	0
3000	chr2:57701001-58005000	SBS1	2	1	0	1	0	0	0	0	0	0	0	0	0
3001	chr2:58246001-60755000	SBS13	2	2	1	0	0	0	0	0	0	0	0	0	0
3002	chr2:58246001-60755000	SBS3	2	2	0	3	0	0	0	0	0	0	0	0	0
3003	chr2:58246001-60755000	SBS5	2	2	0	2	0	0	0	0	0	0	0	0	0
3004	chr2:5928965-6812000	SBS1	4	2	0	1	0	0	0	0	0	0	0	0	0
3005	chr2:5928965-6812000	SBS13	4	2	0	0	0	1	0	0	0	0	0	0	0
3006	chr2:5928965-6812000	SBS2	4	2	0	0	2	0	0	0	0	0	0	0	0
3007	chr2:5928965-6812000	SBS3	4	2	2	0	0	2	0	0	0	0	0	0	0
3008	chr2:60755001-61074000	SBS1	1	0	1	0	0	0	0	0	0	0	0	0	0
3009	chr2:60755001-61074000	SBS13	1	0	1	0	0	0	0	0	0	0	0	0	0
3010	chr2:61074001-61170000	SBS1	2	1	0	1	0	0	0	0	0	0	0	0	0
3011	chr2:61074001-61170000	SBS18	2	1	0	1	0	0	0	0	0	0	0	0	0
3012	chr2:61170001-61542000	SBS3	1	1	1	0	0	0	0	0	0	0	0	0	0
3013	chr2:61542001-61853000	SBS1	2	1	0	1	0	0	0	0	0	0	0	0	0
3014	chr2:61542001-61853000	SBS2	2	1	1	0	0	0	0	0	0	0	0	0	0
3015	chr2:61542001-61853000	SBS3	2	1	0	1	0	0	0	0	0	0	0	0	0
3016	chr2:61856001-63045000	SBS1	2	1	2	0	0	0	0	0	0	0	0	0	0
3017	chr2:61856001-63045000	SBS13	2	1	0	1	0	0	0	0	0	0	0	0	0
3018	chr2:61856001-63045000	SBS18	2	1	1	0	0	0	0	0	0	0	0	0	0
3019	chr2:61856001-63045000	SBS2	2	1	1	0	0	0	0	0	0	0	0	0	0
3020	chr2:61856001-63045000	SBS3	2	1	8	3	0	0	0	0	0	0	0	0	0
3021	chr2:61856001-63045000	SBS5	2	1	1	1	0	0	0	0	0	0	0	0	0
3022	chr2:63359001-63818000	SBS3	2	1	0	1	0	0	0	0	0	0	0	0	0
3023	chr2:63818001-64339000	SBS3	1	1	2	0	0	0	0	0	0	0	0	0	0
3024	chr2:64448001-65138000	SBS1	1	1	1	0	0	0	0	0	0	0	0	0	0
3025	chr2:64448001-65138000	SBS2	1	1	1	0	0	0	0	0	0	0	0	0	0
3026	chr2:64448001-65138000	SBS3	1	1	1	0	0	0	0	0	0	0	0	0	0
3027	chr2:65226001-65440000	SBS1	1	0	2	0	0	0	0	0	0	0	0	0	0
3028	chr2:65226001-65440000	SBS3	1	0	1	0	0	0	0	0	0	0	0	0	0
3029	chr2:655692-2131000	SBS1	4	4	0	0	0	1	0	0	0	0	0	0	0
3030	chr2:655692-2131000	SBS18	4	4	0	0	0	2	0	0	0	0	0	0	0
3031	chr2:655692-2131000	SBS3	4	4	0	1	2	3	0	0	0	0	0	0	0
3032	chr2:655692-2131000	SBS5	4	4	1	1	1	1	0	0	0	0	0	0	0
3033	chr2:65654001-67268000	SBS13	2	2	1	2	0	0	0	0	0	0	0	0	0
3034	chr2:65654001-67268000	SBS3	2	2	7	7	0	0	0	0	0	0	0	0	0
3035	chr2:67268001-68027000	SBS2	2	2	0	1	0	0	0	0	0	0	0	0	0
3036	chr2:67268001-68027000	SBS3	2	2	0	2	0	0	0	0	0	0	0	0	0
3037	chr2:68027001-68185000	SBS1	2	1	1	0	0	0	0	0	0	0	0	0	0
3038	chr2:6812001-8470000	SBS13	3	1	0	0	2	0	0	0	0	0	0	0	0
3039	chr2:6812001-8470000	SBS3	3	1	0	1	1	0	0	0	0	0	0	0	0
3040	chr2:68257001-68947000	SBS1	1	1	1	0	0	0	0	0	0	0	0	0	0
3041	chr2:68257001-68947000	SBS3	1	1	3	0	0	0	0	0	0	0	0	0	0
3042	chr2:68947001-69305000	SBS2	2	1	0	1	0	0	0	0	0	0	0	0	0
3043	chr2:70145001-71330000	SBS18	2	1	1	0	0	0	0	0	0	0	0	0	0
3044	chr2:70145001-71330000	SBS2	2	1	1	0	0	0	0	0	0	0	0	0	0
3045	chr2:70145001-71330000	SBS3	2	1	6	2	0	0	0	0	0	0	0	0	0
3046	chr2:71454001-73529019	SBS13	2	1	0	1	0	0	0	0	0	0	0	0	0
3047	chr2:71454001-73529019	SBS3	2	1	9	1	0	0	0	0	0	0	0	0	0
3048	chr2:71454001-73529019	SBS5	2	1	3	1	0	0	0	0	0	0	0	0	0
3049	chr2:73925001-74070000	SBS5	1	0	1	0	0	0	0	0	0	0	0	0	0
3050	chr2:74070001-74832000	SBS3	2	1	0	1	0	0	0	0	0	0	0	0	0
3051	chr2:74878001-75640000	SBS3	2	1	2	0	0	0	0	0	0	0	0	0	0
3052	chr2:75723001-78936846	SBS13	2	2	0	4	0	0	0	0	0	0	0	0	0
3053	chr2:75723001-78936846	SBS18	2	2	0	1	0	0	0	0	0	0	0	0	0
3054	chr2:75723001-78936846	SBS2	2	2	0	1	0	0	0	0	0	0	0	0	0
3055	chr2:75723001-78936846	SBS3	2	2	5	6	0	0	0	0	0	0	0	0	0
3056	chr2:75723001-78936846	SBS5	2	2	3	1	0	0	0	0	0	0	0	0	0
3057	chr2:78936847-78936853	SBS3	2	1	0	1	0	0	0	0	0	0	0	0	0
3058	chr2:78936854-82404053	SBS13	3	2	0	1	0	0	0	0	0	0	0	0	0
3059	chr2:78936854-82404053	SBS3	3	2	0	6	7	0	0	0	0	0	0	0	0
3060	chr2:78936854-82404053	SBS5	3	2	0	3	1	0	0	0	0	0	0	0	0
3061	chr2:82404126-84424000	SBS1	3	2	0	0	2	0	0	0	0	0	0	0	0
3062	chr2:82404126-84424000	SBS18	3	2	0	2	0	0	0	0	0	0	0	0	0
3063	chr2:82404126-84424000	SBS3	3	2	0	1	1	0	0	0	0	0	0	0	0
3064	chr2:84499001-84781000	SBS3	2	1	0	1	0	0	0	0	0	0	0	0	0
3065	chr2:84499001-84781000	SBS5	2	1	1	0	0	0	0	0	0	0	0	0	0
3066	chr2:85059001-85289000	SBS18	2	1	1	0	0	0	0	0	0	0	0	0	0
3067	chr2:85059001-85289000	SBS3	2	1	1	0	0	0	0	0	0	0	0	0	0
3068	chr2:85059001-85289000	SBS5	2	1	0	2	0	0	0	0	0	0	0	0	0
3069	chr2:85289001-86256000	SBS3	1	1	1	0	0	0	0	0	0	0	0	0	0
3070	chr2:85289001-86256000	SBS5	1	1	1	0	0	0	0	0	0	0	0	0	0
3071	chr2:8583501-10835500	SBS1	3	1	0	0	1	0	0	0	0	0	0	0	0
3072	chr2:8583501-10835500	SBS18	3	1	0	0	1	0	0	0	0	0	0	0	0
3073	chr2:8583501-10835500	SBS3	3	1	1	2	1	0	0	0	0	0	0	0	0
3074	chr2:8583501-10835500	SBS5	3	1	0	1	0	0	0	0	0	0	0	0	0
3075	chr2:86446001-86834000	SBS1	2	1	1	0	0	0	0	0	0	0	0	0	0
3076	chr2:86446001-86834000	SBS3	2	1	3	0	0	0	0	0	0	0	0	0	0
3077	chr2:86446001-86834000	SBS5	2	1	3	0	0	0	0	0	0	0	0	0	0
3078	chr2:86834001-88065000	SBS1	2	0	1	0	0	0	0	0	0	0	0	0	0
3079	chr2:86834001-88065000	SBS3	2	0	5	0	0	0	0	0	0	0	0	0	0
3080	chr2:86834001-88065000	SBS5	2	0	1	0	0	0	0	0	0	0	0	0	0
3081	chr2:88551001-93139350	SBS1	2	1	1	1	0	0	0	0	0	0	0	0	0
3082	chr2:88551001-93139350	SBS18	2	1	0	1	0	0	0	0	0	0	0	0	0
3083	chr2:88551001-93139350	SBS2	2	1	4	0	0	0	0	0	0	0	0	0	0
3084	chr2:88551001-93139350	SBS3	2	1	15	6	0	0	0	0	0	0	0	0	0
3085	chr2:88551001-93139350	SBS5	2	1	8	1	0	0	0	0	0	0	0	0	0
3086	chr2:93139351-96097000	SBS1	2	2	2	1	0	0	0	0	0	0	0	0	0
3087	chr2:93139351-96097000	SBS18	2	2	0	1	0	0	0	0	0	0	0	0	0
3088	chr2:93139351-96097000	SBS2	2	2	1	1	0	0	0	0	0	0	0	0	0
3089	chr2:93139351-96097000	SBS3	2	2	11	6	0	0	0	0	0	0	0	0	0
3090	chr2:93139351-96097000	SBS5	2	2	2	4	0	0	0	0	0	0	0	0	0
3091	chr2:96097001-98092000	SBS3	2	1	3	7	0	0	0	0	0	0	0	0	0
3092	chr2:96097001-98092000	SBS5	2	1	1	0	0	0	0	0	0	0	0	0	0
3093	chr2:98847001-99328000	SBS3	2	1	0	1	0	0	0	0	0	0	0	0	0
3094	chr2:99492001-100425000	SBS3	2	0	0	1	0	0	0	0	0	0	0	0	0
3095	chr3:1-2863000	SBS1	2	2	0	1	0	0	0	0	0	0	0	0	0
3096	chr3:1-2863000	SBS13	2	2	1	0	0	0	0	0	0	0	0	0	0
3097	chr3:1-2863000	SBS18	2	2	0	2	0	0	0	0	0	0	0	0	0
3098	chr3:1-2863000	SBS3	2	2	6	11	0	0	0	0	0	0	0	0	0
3099	chr3:1-2863000	SBS5	2	2	3	1	0	0	0	0	0	0	0	0	0
3100	chr3:100118001-100706000	SBS1	2	1	1	0	0	0	0	0	0	0	0	0	0
3101	chr3:100118001-100706000	SBS3	2	1	4	0	0	0	0	0	0	0	0	0	0
3102	chr3:100762001-101313000	SBS3	2	1	2	1	0	0	0	0	0	0	0	0	0
3103	chr3:101313001-102240000	SBS1	2	1	1	0	0	0	0	0	0	0	0	0	0
3104	chr3:101313001-102240000	SBS3	2	1	2	1	0	0	0	0	0	0	0	0	0
3105	chr3:101313001-102240000	SBS5	2	1	4	0	0	0	0	0	0	0	0	0	0
3106	chr3:102240001-105365000	SBS1	2	2	0	2	0	0	0	0	0	0	0	0	0
3107	chr3:102240001-105365000	SBS13	2	2	0	1	0	0	0	0	0	0	0	0	0
3108	chr3:102240001-105365000	SBS3	2	2	1	5	0	0	0	0	0	0	0	0	0
3109	chr3:102240001-105365000	SBS5	2	2	0	3	0	0	0	0	0	0	0	0	0
3110	chr3:10325001-11227000	SBS1	2	2	0	1	0	0	0	0	0	0	0	0	0
3111	chr3:10325001-11227000	SBS13	2	2	0	1	0	0	0	0	0	0	0	0	0
3112	chr3:10325001-11227000	SBS3	2	2	2	1	0	0	0	0	0	0	0	0	0
3113	chr3:10325001-11227000	SBS5	2	2	0	1	0	0	0	0	0	0	0	0	0
3114	chr3:105684001-105880000	SBS5	1	0	1	0	0	0	0	0	0	0	0	0	0
3115	chr3:105880001-106459000	SBS1	1	1	1	0	0	0	0	0	0	0	0	0	0
3116	chr3:105880001-106459000	SBS3	1	1	4	0	0	0	0	0	0	0	0	0	0
3117	chr3:105880001-106459000	SBS5	1	1	2	0	0	0	0	0	0	0	0	0	0
3118	chr3:106459001-107419000	SBS3	2	1	0	1	0	0	0	0	0	0	0	0	0
3119	chr3:107419001-108219000	SBS13	1	1	1	0	0	0	0	0	0	0	0	0	0
3120	chr3:107419001-108219000	SBS3	1	1	1	0	0	0	0	0	0	0	0	0	0
3121	chr3:108544001-108638000	SBS3	1	0	1	0	0	0	0	0	0	0	0	0	0
3122	chr3:108638001-109104000	SBS13	2	1	0	1	0	0	0	0	0	0	0	0	0
3123	chr3:108638001-109104000	SBS3	2	1	0	2	0	0	0	0	0	0	0	0	0
3124	chr3:109104001-110717000	SBS1	2	2	0	2	0	0	0	0	0	0	0	0	0
3125	chr3:109104001-110717000	SBS13	2	2	1	0	0	0	0	0	0	0	0	0	0
3126	chr3:109104001-110717000	SBS2	2	2	1	0	0	0	0	0	0	0	0	0	0
3127	chr3:109104001-110717000	SBS3	2	2	5	5	0	0	0	0	0	0	0	0	0
3128	chr3:109104001-110717000	SBS5	2	2	0	2	0	0	0	0	0	0	0	0	0
3129	chr3:110717001-111523000	SBS18	2	2	0	1	0	0	0	0	0	0	0	0	0
3130	chr3:110717001-111523000	SBS2	2	2	0	1	0	0	0	0	0	0	0	0	0
3131	chr3:110717001-111523000	SBS3	2	2	0	3	0	0	0	0	0	0	0	0	0
3132	chr3:110717001-111523000	SBS5	2	2	0	1	0	0	0	0	0	0	0	0	0
3133	chr3:11227001-11856000	SBS3	2	1	2	0	0	0	0	0	0	0	0	0	0
3134	chr3:11227001-11856000	SBS5	2	1	1	0	0	0	0	0	0	0	0	0	0
3135	chr3:113022001-113427000	SBS18	2	1	0	1	0	0	0	0	0	0	0	0	0
3136	chr3:113427001-113736000	SBS2	1	1	1	0	0	0	0	0	0	0	0	0	0
3137	chr3:113427001-113736000	SBS3	1	1	1	0	0	0	0	0	0	0	0	0	0
3138	chr3:113750001-114280000	SBS3	2	1	1	0	0	0	0	0	0	0	0	0	0
3139	chr3:114280001-115177000	SBS3	2	0	1	0	0	0	0	0	0	0	0	0	0
3140	chr3:115177001-116178000	SBS1	2	2	1	0	0	0	0	0	0	0	0	0	0
3141	chr3:115177001-116178000	SBS3	2	2	1	2	0	0	0	0	0	0	0	0	0
3142	chr3:115177001-116178000	SBS5	2	2	1	0	0	0	0	0	0	0	0	0	0
3143	chr3:116178001-116753000	SBS3	3	2	0	0	1	0	0	0	0	0	0	0	0
3144	chr3:116753001-118002000	SBS13	2	2	0	2	0	0	0	0	0	0	0	0	0
3145	chr3:116753001-118002000	SBS2	2	2	0	1	0	0	0	0	0	0	0	0	0
3146	chr3:116753001-118002000	SBS3	2	2	1	4	0	0	0	0	0	0	0	0	0
3147	chr3:116753001-118002000	SBS5	2	2	0	1	0	0	0	0	0	0	0	0	0
3148	chr3:118002001-118679496	SBS2	3	2	0	0	1	0	0	0	0	0	0	0	0
3149	chr3:118002001-118679496	SBS3	3	2	0	2	2	0	0	0	0	0	0	0	0
3150	chr3:118682626-118804000	SBS2	3	2	0	0	1	0	0	0	0	0	0	0	0
3151	chr3:118804001-119206000	SBS1	2	2	0	1	0	0	0	0	0	0	0	0	0
3152	chr3:118804001-119206000	SBS3	2	2	2	1	0	0	0	0	0	0	0	0	0
3153	chr3:118804001-119206000	SBS5	2	2	0	4	0	0	0	0	0	0	0	0	0
3154	chr3:119206001-119712000	SBS3	1	1	4	0	0	0	0	0	0	0	0	0	0
3155	chr3:120115001-120555000	SBS18	2	1	0	1	0	0	0	0	0	0	0	0	0
3156	chr3:120115001-120555000	SBS3	2	1	0	1	0	0	0	0	0	0	0	0	0
3157	chr3:120555001-120817000	SBS3	2	0	2	0	0	0	0	0	0	0	0	0	0
3158	chr3:120817001-121403000	SBS3	2	2	2	3	0	0	0	0	0	0	0	0	0
3159	chr3:12117001-13112500	SBS3	2	1	0	2	0	0	0	0	0	0	0	0	0
3160	chr3:12117001-13112500	SBS5	2	1	0	1	0	0	0	0	0	0	0	0	0
3161	chr3:121403001-122112000	SBS3	2	1	0	3	0	0	0	0	0	0	0	0	0
3162	chr3:121403001-122112000	SBS5	2	1	2	0	0	0	0	0	0	0	0	0	0
3163	chr3:122112001-122349000	SBS3	2	1	0	2	0	0	0	0	0	0	0	0	0
3164	chr3:122349001-122800000	SBS3	1	1	1	0	0	0	0	0	0	0	0	0	0
3165	chr3:122800001-123517000	SBS2	2	1	0	1	0	0	0	0	0	0	0	0	0
3166	chr3:122800001-123517000	SBS3	2	1	1	2	0	0	0	0	0	0	0	0	0
3167	chr3:122800001-123517000	SBS5	2	1	1	1	0	0	0	0	0	0	0	0	0
3168	chr3:123631001-124559000	SBS18	2	1	0	1	0	0	0	0	0	0	0	0	0
3169	chr3:123631001-124559000	SBS3	2	1	2	2	0	0	0	0	0	0	0	0	0
3170	chr3:123631001-124559000	SBS5	2	1	0	2	0	0	0	0	0	0	0	0	0
3171	chr3:124559001-125602000	SBS3	2	1	0	3	0	0	0	0	0	0	0	0	0
3172	chr3:125602001-127014500	SBS13	2	1	1	0	0	0	0	0	0	0	0	0	0
3173	chr3:125602001-127014500	SBS2	2	1	0	1	0	0	0	0	0	0	0	0	0
3174	chr3:125602001-127014500	SBS3	2	1	10	4	0	0	0	0	0	0	0	0	0
3175	chr3:125602001-127014500	SBS5	2	1	4	0	0	0	0	0	0	0	0	0	0
3176	chr3:127014501-127539000	SBS3	2	2	1	0	0	0	0	0	0	0	0	0	0
3177	chr3:127539001-128050000	SBS1	2	1	1	0	0	0	0	0	0	0	0	0	0
3178	chr3:127539001-128050000	SBS13	2	1	0	1	0	0	0	0	0	0	0	0	0
3179	chr3:127539001-128050000	SBS2	2	1	0	1	0	0	0	0	0	0	0	0	0
3180	chr3:127539001-128050000	SBS3	2	1	2	0	0	0	0	0	0	0	0	0	0
3181	chr3:127539001-128050000	SBS5	2	1	1	0	0	0	0	0	0	0	0	0	0
3182	chr3:128388001-128724000	SBS3	2	2	2	0	0	0	0	0	0	0	0	0	0
3183	chr3:128807001-129434000	SBS3	2	1	0	4	0	0	0	0	0	0	0	0	0
3184	chr3:128807001-129434000	SBS5	2	1	0	1	0	0	0	0	0	0	0	0	0
3185	chr3:129914001-130658000	SBS1	3	1	1	1	0	0	0	0	0	0	0	0	0
3186	chr3:129914001-130658000	SBS13	3	1	0	2	0	0	0	0	0	0	0	0	0
3187	chr3:129914001-130658000	SBS18	3	1	1	0	0	0	0	0	0	0	0	0	0
3188	chr3:129914001-130658000	SBS2	3	1	1	1	0	0	0	0	0	0	0	0	0
3189	chr3:129914001-130658000	SBS3	3	1	10	9	8	0	0	0	0	0	0	0	0
3190	chr3:129914001-130658000	SBS5	3	1	2	0	1	0	0	0	0	0	0	0	0
3191	chr3:130658001-131525000	SBS3	2	1	2	1	0	0	0	0	0	0	0	0	0
3192	chr3:13112501-13330000	SBS3	2	2	2	2	0	0	0	0	0	0	0	0	0
3193	chr3:13112501-13330000	SBS5	2	2	1	0	0	0	0	0	0	0	0	0	0
3194	chr3:131525001-132397000	SBS5	2	2	1	0	0	0	0	0	0	0	0	0	0
3195	chr3:132736001-133421000	SBS3	2	2	0	2	0	0	0	0	0	0	0	0	0
3196	chr3:132736001-133421000	SBS5	2	2	0	1	0	0	0	0	0	0	0	0	0
3197	chr3:133421001-133665000	SBS2	1	1	1	0	0	0	0	0	0	0	0	0	0
3198	chr3:133421001-133665000	SBS3	1	1	1	0	0	0	0	0	0	0	0	0	0
3199	chr3:133665001-134133000	SBS1	2	1	0	1	0	0	0	0	0	0	0	0	0
3200	chr3:133665001-134133000	SBS3	2	1	0	1	0	0	0	0	0	0	0	0	0
3201	chr3:133665001-134133000	SBS5	2	1	0	2	0	0	0	0	0	0	0	0	0
3202	chr3:134563001-135783000	SBS1	2	2	1	0	0	0	0	0	0	0	0	0	0
3203	chr3:134563001-135783000	SBS13	2	2	0	1	0	0	0	0	0	0	0	0	0
3204	chr3:134563001-135783000	SBS3	2	2	1	3	0	0	0	0	0	0	0	0	0
3205	chr3:13516001-14105000	SBS18	2	2	0	1	0	0	0	0	0	0	0	0	0
3206	chr3:13516001-14105000	SBS3	2	2	1	1	0	0	0	0	0	0	0	0	0
3207	chr3:13516001-14105000	SBS5	2	2	1	0	0	0	0	0	0	0	0	0	0
3208	chr3:135783001-136063500	SBS18	2	2	0	1	0	0	0	0	0	0	0	0	0
3209	chr3:135783001-136063500	SBS3	2	2	0	1	0	0	0	0	0	0	0	0	0
3210	chr3:136063501-137015000	SBS1	2	1	1	0	0	0	0	0	0	0	0	0	0
3211	chr3:136063501-137015000	SBS3	2	1	2	0	0	0	0	0	0	0	0	0	0
3212	chr3:137015001-137126000	SBS3	2	1	0	1	0	0	0	0	0	0	0	0	0
3213	chr3:137126001-137942000	SBS3	3	2	3	0	1	0	0	0	0	0	0	0	0
3214	chr3:137942001-138570000	SBS3	2	1	1	1	0	0	0	0	0	0	0	0	0
3215	chr3:138837001-139308000	SBS2	2	2	0	1	0	0	0	0	0	0	0	0	0
3216	chr3:138837001-139308000	SBS3	2	2	0	1	0	0	0	0	0	0	0	0	0
3217	chr3:138837001-139308000	SBS5	2	2	0	1	0	0	0	0	0	0	0	0	0
3218	chr3:139308001-139684000	SBS13	2	1	0	1	0	0	0	0	0	0	0	0	0
3219	chr3:139684001-140938000	SBS3	2	1	0	1	0	0	0	0	0	0	0	0	0
3220	chr3:139684001-140938000	SBS5	2	1	1	1	0	0	0	0	0	0	0	0	0
3221	chr3:14105001-14920000	SBS18	2	1	0	1	0	0	0	0	0	0	0	0	0
3222	chr3:14105001-14920000	SBS3	2	1	1	1	0	0	0	0	0	0	0	0	0
3223	chr3:141442001-141615000	SBS3	1	1	1	0	0	0	0	0	0	0	0	0	0
3224	chr3:141442001-141615000	SBS5	1	1	2	0	0	0	0	0	0	0	0	0	0
3225	chr3:141615001-144152000	SBS1	2	1	1	0	0	0	0	0	0	0	0	0	0
3226	chr3:141615001-144152000	SBS3	2	1	1	7	0	0	0	0	0	0	0	0	0
3227	chr3:144152001-146048000	SBS1	2	2	1	0	0	0	0	0	0	0	0	0	0
3228	chr3:144152001-146048000	SBS2	2	2	2	0	0	0	0	0	0	0	0	0	0
3229	chr3:144152001-146048000	SBS3	2	2	2	4	0	0	0	0	0	0	0	0	0
3230	chr3:144152001-146048000	SBS5	2	2	3	0	0	0	0	0	0	0	0	0	0
3231	chr3:146048001-146503000	SBS1	2	1	1	0	0	0	0	0	0	0	0	0	0
3232	chr3:146048001-146503000	SBS18	2	1	0	1	0	0	0	0	0	0	0	0	0
3233	chr3:146048001-146503000	SBS3	2	1	1	2	0	0	0	0	0	0	0	0	0
3234	chr3:146048001-146503000	SBS5	2	1	2	0	0	0	0	0	0	0	0	0	0
3235	chr3:146503001-146668000	SBS5	1	1	1	0	0	0	0	0	0	0	0	0	0
3236	chr3:146668001-148054000	SBS2	2	2	0	1	0	0	0	0	0	0	0	0	0
3237	chr3:146668001-148054000	SBS3	2	2	2	2	0	0	0	0	0	0	0	0	0
3238	chr3:146668001-148054000	SBS5	2	2	1	0	0	0	0	0	0	0	0	0	0
3239	chr3:148054001-148716000	SBS13	2	1	1	0	0	0	0	0	0	0	0	0	0
3240	chr3:148716001-149979000	SBS13	2	1	1	0	0	0	0	0	0	0	0	0	0
3241	chr3:148716001-149979000	SBS3	2	1	1	1	0	0	0	0	0	0	0	0	0
3242	chr3:148716001-149979000	SBS5	2	1	0	1	0	0	0	0	0	0	0	0	0
3243	chr3:14920001-15793000	SBS1	2	1	2	0	0	0	0	0	0	0	0	0	0
3244	chr3:14920001-15793000	SBS5	2	1	1	1	0	0	0	0	0	0	0	0	0
3245	chr3:149979001-150368500	SBS3	2	1	0	1	0	0	0	0	0	0	0	0	0
3246	chr3:150799001-151132000	SBS1	2	1	1	0	0	0	0	0	0	0	0	0	0
3247	chr3:151132001-151409000	SBS3	1	1	3	0	0	0	0	0	0	0	0	0	0
3248	chr3:151409001-151832000	SBS18	2	1	0	1	0	0	0	0	0	0	0	0	0
3249	chr3:151832001-152187000	SBS3	2	1	1	0	0	0	0	0	0	0	0	0	0
3250	chr3:152478001-154220000	SBS13	2	1	0	1	0	0	0	0	0	0	0	0	0
3251	chr3:152478001-154220000	SBS2	2	1	1	0	0	0	0	0	0	0	0	0	0
3252	chr3:152478001-154220000	SBS3	2	1	4	3	0	0	0	0	0	0	0	0	0
3253	chr3:152478001-154220000	SBS5	2	1	1	0	0	0	0	0	0	0	0	0	0
3254	chr3:154338001-155672000	SBS3	2	2	2	2	0	0	0	0	0	0	0	0	0
3255	chr3:155949001-156374000	SBS1	2	1	1	0	0	0	0	0	0	0	0	0	0
3256	chr3:155949001-156374000	SBS3	2	1	1	0	0	0	0	0	0	0	0	0	0
3257	chr3:156374001-157070000	SBS1	1	1	1	0	0	0	0	0	0	0	0	0	0
3258	chr3:156374001-157070000	SBS3	1	1	1	0	0	0	0	0	0	0	0	0	0
3259	chr3:157181001-158089000	SBS13	2	2	2	0	0	0	0	0	0	0	0	0	0
3260	chr3:157181001-158089000	SBS3	2	2	2	3	0	0	0	0	0	0	0	0	0
3261	chr3:157181001-158089000	SBS5	2	2	1	0	0	0	0	0	0	0	0	0	0
3262	chr3:158089001-158849000	SBS3	2	1	0	1	0	0	0	0	0	0	0	0	0
3263	chr3:15833001-16242000	SBS3	2	1	1	1	0	0	0	0	0	0	0	0	0
3264	chr3:15833001-16242000	SBS5	2	1	0	1	0	0	0	0	0	0	0	0	0
3265	chr3:158849001-159759000	SBS3	2	2	2	3	0	0	0	0	0	0	0	0	0
3266	chr3:160415001-160572000	SBS3	1	1	1	0	0	0	0	0	0	0	0	0	0
3267	chr3:160572001-161428000	SBS1	2	1	1	0	0	0	0	0	0	0	0	0	0
3268	chr3:160572001-161428000	SBS3	2	1	1	2	0	0	0	0	0	0	0	0	0
3269	chr3:161428001-164599266	SBS1	2	2	0	1	0	0	0	0	0	0	0	0	0
3270	chr3:161428001-164599266	SBS18	2	2	1	0	0	0	0	0	0	0	0	0	0
3271	chr3:161428001-164599266	SBS3	2	2	5	5	0	0	0	0	0	0	0	0	0
3272	chr3:161428001-164599266	SBS5	2	2	1	1	0	0	0	0	0	0	0	0	0
3273	chr3:16242001-16554000	SBS2	1	0	1	0	0	0	0	0	0	0	0	0	0
3274	chr3:16242001-16554000	SBS3	1	0	2	0	0	0	0	0	0	0	0	0	0
3275	chr3:164599267-167667000	SBS1	2	2	1	1	0	0	0	0	0	0	0	0	0
3276	chr3:164599267-167667000	SBS13	2	2	0	1	0	0	0	0	0	0	0	0	0
3277	chr3:164599267-167667000	SBS18	2	2	0	1	0	0	0	0	0	0	0	0	0
3278	chr3:164599267-167667000	SBS3	2	2	3	4	0	0	0	0	0	0	0	0	0
3279	chr3:164599267-167667000	SBS5	2	2	1	0	0	0	0	0	0	0	0	0	0
3280	chr3:16554001-16784000	SBS3	2	1	0	1	0	0	0	0	0	0	0	0	0
3281	chr3:167756001-168217000	SBS2	2	1	0	1	0	0	0	0	0	0	0	0	0
3282	chr3:167756001-168217000	SBS3	2	1	2	0	0	0	0	0	0	0	0	0	0
3283	chr3:167756001-168217000	SBS5	2	1	0	1	0	0	0	0	0	0	0	0	0
3284	chr3:16784001-17759000	SBS3	2	1	0	2	0	0	0	0	0	0	0	0	0
3285	chr3:168217001-169936000	SBS2	2	2	0	1	0	0	0	0	0	0	0	0	0
3286	chr3:168217001-169936000	SBS3	2	2	0	2	0	0	0	0	0	0	0	0	0
3287	chr3:168217001-169936000	SBS5	2	2	0	3	0	0	0	0	0	0	0	0	0
3288	chr3:169936001-170415000	SBS1	1	1	1	0	0	0	0	0	0	0	0	0	0
3289	chr3:169936001-170415000	SBS3	1	1	1	0	0	0	0	0	0	0	0	0	0
3290	chr3:169936001-170415000	SBS5	1	1	1	0	0	0	0	0	0	0	0	0	0
3291	chr3:170415001-170809000	SBS1	2	2	1	0	0	0	0	0	0	0	0	0	0
3292	chr3:170415001-170809000	SBS18	2	2	0	1	0	0	0	0	0	0	0	0	0
3293	chr3:170415001-170809000	SBS3	2	2	3	0	0	0	0	0	0	0	0	0	0
3294	chr3:170415001-170809000	SBS5	2	2	1	0	0	0	0	0	0	0	0	0	0
3295	chr3:170809001-172035000	SBS13	2	1	0	1	0	0	0	0	0	0	0	0	0
3296	chr3:170809001-172035000	SBS3	2	1	1	4	0	0	0	0	0	0	0	0	0
3297	chr3:172035001-172400000	SBS3	1	1	1	0	0	0	0	0	0	0	0	0	0
3298	chr3:172400001-172461000	SBS3	2	2	0	1	0	0	0	0	0	0	0	0	0
3299	chr3:172461001-172823000	SBS3	1	1	1	0	0	0	0	0	0	0	0	0	0
3300	chr3:172823001-177008877	SBS1	2	2	2	0	0	0	0	0	0	0	0	0	0
3301	chr3:172823001-177008877	SBS13	2	2	0	1	0	0	0	0	0	0	0	0	0
3302	chr3:172823001-177008877	SBS18	2	2	0	1	0	0	0	0	0	0	0	0	0
3303	chr3:172823001-177008877	SBS2	2	2	0	1	0	0	0	0	0	0	0	0	0
3304	chr3:172823001-177008877	SBS3	2	2	4	6	0	0	0	0	0	0	0	0	0
3305	chr3:172823001-177008877	SBS5	2	2	3	2	0	0	0	0	0	0	0	0	0
3306	chr3:17759001-18350000	SBS13	2	1	0	1	0	0	0	0	0	0	0	0	0
3307	chr3:17759001-18350000	SBS18	2	1	0	1	0	0	0	0	0	0	0	0	0
3308	chr3:178219001-178992000	SBS13	2	2	0	1	0	0	0	0	0	0	0	0	0
3309	chr3:178219001-178992000	SBS5	2	2	0	1	0	0	0	0	0	0	0	0	0
3310	chr3:178992001-179620000	SBS2	1	1	1	0	0	0	0	0	0	0	0	0	0
3311	chr3:178992001-179620000	SBS3	1	1	3	0	0	0	0	0	0	0	0	0	0
3312	chr3:178992001-179620000	SBS5	1	1	1	0	0	0	0	0	0	0	0	0	0
3313	chr3:179620001-179971000	SBS3	2	1	0	2	0	0	0	0	0	0	0	0	0
3314	chr3:179971001-182780000	SBS13	2	2	0	1	0	0	0	0	0	0	0	0	0
3315	chr3:179971001-182780000	SBS2	2	2	1	0	0	0	0	0	0	0	0	0	0
3316	chr3:179971001-182780000	SBS3	2	2	3	4	0	0	0	0	0	0	0	0	0
3317	chr3:179971001-182780000	SBS5	2	2	2	0	0	0	0	0	0	0	0	0	0
3318	chr3:182986001-186768000	SBS1	2	1	2	0	0	0	0	0	0	0	0	0	0
3319	chr3:182986001-186768000	SBS13	2	1	0	1	0	0	0	0	0	0	0	0	0
3320	chr3:182986001-186768000	SBS2	2	1	1	0	0	0	0	0	0	0	0	0	0
3321	chr3:182986001-186768000	SBS3	2	1	4	11	0	0	0	0	0	0	0	0	0
3322	chr3:182986001-186768000	SBS5	2	1	1	1	0	0	0	0	0	0	0	0	0
3323	chr3:18350001-18796000	SBS3	2	1	0	1	0	0	0	0	0	0	0	0	0
3324	chr3:186768001-187139500	SBS3	1	1	2	0	0	0	0	0	0	0	0	0	0
3325	chr3:187139501-187737000	SBS1	2	1	1	0	0	0	0	0	0	0	0	0	0
3326	chr3:187139501-187737000	SBS18	2	1	0	1	0	0	0	0	0	0	0	0	0
3327	chr3:187139501-187737000	SBS3	2	1	0	2	0	0	0	0	0	0	0	0	0
3328	chr3:187139501-187737000	SBS5	2	1	1	2	0	0	0	0	0	0	0	0	0
3329	chr3:187751001-189179000	SBS3	1	1	2	0	0	0	0	0	0	0	0	0	0
3330	chr3:187751001-189179000	SBS5	1	1	1	0	0	0	0	0	0	0	0	0	0
3331	chr3:18796001-19863500	SBS1	2	2	0	1	0	0	0	0	0	0	0	0	0
3332	chr3:18796001-19863500	SBS13	2	2	0	1	0	0	0	0	0	0	0	0	0
3333	chr3:18796001-19863500	SBS18	2	2	0	1	0	0	0	0	0	0	0	0	0
3334	chr3:18796001-19863500	SBS3	2	2	0	5	0	0	0	0	0	0	0	0	0
3335	chr3:189179001-190709000	SBS13	2	1	0	1	0	0	0	0	0	0	0	0	0
3336	chr3:189179001-190709000	SBS3	2	1	1	1	0	0	0	0	0	0	0	0	0
3337	chr3:190709001-191234000	SBS3	2	2	0	1	0	0	0	0	0	0	0	0	0
3338	chr3:191403001-193552000	SBS13	2	2	0	1	0	0	0	0	0	0	0	0	0
3339	chr3:191403001-193552000	SBS18	2	2	0	2	0	0	0	0	0	0	0	0	0
3340	chr3:191403001-193552000	SBS2	2	2	0	1	0	0	0	0	0	0	0	0	0
3341	chr3:191403001-193552000	SBS3	2	2	3	3	0	0	0	0	0	0	0	0	0
3342	chr3:191403001-193552000	SBS5	2	2	2	5	0	0	0	0	0	0	0	0	0
3343	chr3:193552001-194324000	SBS3	1	1	2	0	0	0	0	0	0	0	0	0	0
3344	chr3:194328001-195126000	SBS1	2	1	1	0	0	0	0	0	0	0	0	0	0
3345	chr3:194328001-195126000	SBS13	2	1	1	0	0	0	0	0	0	0	0	0	0
3346	chr3:194328001-195126000	SBS2	2	1	1	0	0	0	0	0	0	0	0	0	0
3347	chr3:194328001-195126000	SBS3	2	1	2	1	0	0	0	0	0	0	0	0	0
3348	chr3:194328001-195126000	SBS5	2	1	2	0	0	0	0	0	0	0	0	0	0
3349	chr3:195126001-195749000	SBS5	2	1	0	1	0	0	0	0	0	0	0	0	0
3350	chr3:195839001-197065000	SBS1	2	1	1	1	0	0	0	0	0	0	0	0	0
3351	chr3:195839001-197065000	SBS2	2	1	0	1	0	0	0	0	0	0	0	0	0
3352	chr3:195839001-197065000	SBS3	2	1	2	1	0	0	0	0	0	0	0	0	0
3353	chr3:195839001-197065000	SBS5	2	1	1	0	0	0	0	0	0	0	0	0	0
3354	chr3:197065001-197305000	SBS18	1	1	1	0	0	0	0	0	0	0	0	0	0
3355	chr3:197305001-198295559	SBS3	3	2	1	3	1	0	0	0	0	0	0	0	0
3356	chr3:197305001-198295559	SBS5	3	2	0	2	0	0	0	0	0	0	0	0	0
3357	chr3:19863501-20270000	SBS1	2	1	0	1	0	0	0	0	0	0	0	0	0
3358	chr3:19863501-20270000	SBS3	2	1	0	1	0	0	0	0	0	0	0	0	0
3359	chr3:20270001-22858000	SBS13	2	2	1	0	0	0	0	0	0	0	0	0	0
3360	chr3:20270001-22858000	SBS18	2	2	1	0	0	0	0	0	0	0	0	0	0
3361	chr3:20270001-22858000	SBS2	2	2	2	1	0	0	0	0	0	0	0	0	0
3362	chr3:20270001-22858000	SBS3	2	2	4	7	0	0	0	0	0	0	0	0	0
3363	chr3:20270001-22858000	SBS5	2	2	1	2	0	0	0	0	0	0	0	0	0
3364	chr3:22858001-23795000	SBS2	2	1	0	1	0	0	0	0	0	0	0	0	0
3365	chr3:22858001-23795000	SBS3	2	1	1	0	0	0	0	0	0	0	0	0	0
3366	chr3:22858001-23795000	SBS5	2	1	1	0	0	0	0	0	0	0	0	0	0
3367	chr3:23795001-23984000	SBS5	1	0	1	0	0	0	0	0	0	0	0	0	0
3368	chr3:23984001-25590000	SBS13	2	2	0	1	0	0	0	0	0	0	0	0	0
3369	chr3:23984001-25590000	SBS3	2	2	1	2	0	0	0	0	0	0	0	0	0
3370	chr3:23984001-25590000	SBS5	2	2	0	1	0	0	0	0	0	0	0	0	0
3371	chr3:25590001-25671000	SBS3	1	0	2	0	0	0	0	0	0	0	0	0	0
3372	chr3:25590001-25671000	SBS5	1	0	1	0	0	0	0	0	0	0	0	0	0
3373	chr3:25966001-26960000	SBS3	2	2	0	2	0	0	0	0	0	0	0	0	0
3374	chr3:25966001-26960000	SBS5	2	2	0	1	0	0	0	0	0	0	0	0	0
3375	chr3:26960001-27303000	SBS5	2	1	0	2	0	0	0	0	0	0	0	0	0
3376	chr3:28351001-29997500	SBS2	2	2	0	2	0	0	0	0	0	0	0	0	0
3377	chr3:28351001-29997500	SBS3	2	2	0	4	0	0	0	0	0	0	0	0	0
3378	chr3:28351001-29997500	SBS5	2	2	0	2	0	0	0	0	0	0	0	0	0
3379	chr3:2863001-4267000	SBS3	2	2	1	2	0	0	0	0	0	0	0	0	0
3380	chr3:29997501-31528000	SBS1	2	1	1	0	0	0	0	0	0	0	0	0	0
3381	chr3:29997501-31528000	SBS13	2	1	0	2	0	0	0	0	0	0	0	0	0
3382	chr3:29997501-31528000	SBS18	2	1	0	2	0	0	0	0	0	0	0	0	0
3383	chr3:29997501-31528000	SBS3	2	1	0	2	0	0	0	0	0	0	0	0	0
3384	chr3:29997501-31528000	SBS5	2	1	1	0	0	0	0	0	0	0	0	0	0
3385	chr3:31642001-32391000	SBS13	2	1	0	1	0	0	0	0	0	0	0	0	0
3386	chr3:31642001-32391000	SBS3	2	1	1	2	0	0	0	0	0	0	0	0	0
3387	chr3:31642001-32391000	SBS5	2	1	1	0	0	0	0	0	0	0	0	0	0
3388	chr3:32578001-32947000	SBS18	2	1	0	1	0	0	0	0	0	0	0	0	0
3389	chr3:32578001-32947000	SBS3	2	1	0	1	0	0	0	0	0	0	0	0	0
3390	chr3:33150001-33371000	SBS3	2	2	0	1	0	0	0	0	0	0	0	0	0
3391	chr3:33371001-33870000	SBS5	2	1	0	1	0	0	0	0	0	0	0	0	0
3392	chr3:34300001-36810000	SBS18	2	2	1	1	0	0	0	0	0	0	0	0	0
3393	chr3:34300001-36810000	SBS2	2	2	2	0	0	0	0	0	0	0	0	0	0
3394	chr3:34300001-36810000	SBS3	2	2	8	5	0	0	0	0	0	0	0	0	0
3395	chr3:34300001-36810000	SBS5	2	2	3	1	0	0	0	0	0	0	0	0	0
3396	chr3:36810001-37266396	SBS3	2	1	0	1	0	0	0	0	0	0	0	0	0
3397	chr3:37370001-37855000	SBS5	2	1	1	0	0	0	0	0	0	0	0	0	0
3398	chr3:37855001-38085000	SBS3	2	1	0	1	0	0	0	0	0	0	0	0	0
3399	chr3:37855001-38085000	SBS5	2	1	1	0	0	0	0	0	0	0	0	0	0
3400	chr3:38085001-38522000	SBS3	2	1	2	1	0	0	0	0	0	0	0	0	0
3401	chr3:38522001-39046000	SBS3	2	2	0	1	0	0	0	0	0	0	0	0	0
3402	chr3:39046001-39427000	SBS3	1	1	3	0	0	0	0	0	0	0	0	0	0
3403	chr3:39427001-40158000	SBS13	2	2	2	0	0	0	0	0	0	0	0	0	0
3404	chr3:39427001-40158000	SBS2	2	2	1	0	0	0	0	0	0	0	0	0	0
3405	chr3:39427001-40158000	SBS3	2	2	5	3	0	0	0	0	0	0	0	0	0
3406	chr3:39427001-40158000	SBS5	2	2	3	1	0	0	0	0	0	0	0	0	0
3407	chr3:40158001-41197000	SBS13	2	1	1	0	0	0	0	0	0	0	0	0	0
3408	chr3:40158001-41197000	SBS3	2	1	5	3	0	0	0	0	0	0	0	0	0
3409	chr3:40158001-41197000	SBS5	2	1	1	0	0	0	0	0	0	0	0	0	0
3410	chr3:41249001-42010000	SBS18	2	1	1	0	0	0	0	0	0	0	0	0	0
3411	chr3:41249001-42010000	SBS3	2	1	0	1	0	0	0	0	0	0	0	0	0
3412	chr3:42010001-42231000	SBS3	2	0	1	0	0	0	0	0	0	0	0	0	0
3413	chr3:42659001-43155000	SBS18	3	0	0	1	0	0	0	0	0	0	0	0	0
3414	chr3:42659001-43155000	SBS3	3	0	0	1	0	0	0	0	0	0	0	0	0
3415	chr3:4267001-4490000	SBS5	2	1	0	1	0	0	0	0	0	0	0	0	0
3416	chr3:43155001-43774000	SBS3	1	1	1	0	0	0	0	0	0	0	0	0	0
3417	chr3:43774001-44852290	SBS1	2	2	1	1	0	0	0	0	0	0	0	0	0
3418	chr3:43774001-44852290	SBS13	2	2	0	2	0	0	0	0	0	0	0	0	0
3419	chr3:43774001-44852290	SBS3	2	2	6	1	0	0	0	0	0	0	0	0	0
3420	chr3:43774001-44852290	SBS5	2	2	3	0	0	0	0	0	0	0	0	0	0
3421	chr3:44881652-45938000	SBS13	2	1	0	1	0	0	0	0	0	0	0	0	0
3422	chr3:44881652-45938000	SBS18	2	1	0	1	0	0	0	0	0	0	0	0	0
3423	chr3:44881652-45938000	SBS3	2	1	1	3	0	0	0	0	0	0	0	0	0
3424	chr3:4490001-5229000	SBS13	1	0	1	0	0	0	0	0	0	0	0	0	0
3425	chr3:4490001-5229000	SBS3	1	0	1	0	0	0	0	0	0	0	0	0	0
3426	chr3:45938001-46443000	SBS3	2	0	0	1	0	0	0	0	0	0	0	0	0
3427	chr3:47167001-50563000	SBS3	1	0	5	0	0	0	0	0	0	0	0	0	0
3428	chr3:47167001-50563000	SBS5	1	0	1	0	0	0	0	0	0	0	0	0	0
3429	chr3:50634001-51382000	SBS1	2	0	1	0	0	0	0	0	0	0	0	0	0
3430	chr3:50634001-51382000	SBS3	2	0	1	0	0	0	0	0	0	0	0	0	0
3431	chr3:51939001-53360000	SBS13	1	0	1	0	0	0	0	0	0	0	0	0	0
3432	chr3:51939001-53360000	SBS3	1	0	1	0	0	0	0	0	0	0	0	0	0
3433	chr3:53360001-53877000	SBS18	2	0	1	0	0	0	0	0	0	0	0	0	0
3434	chr3:53360001-53877000	SBS3	2	0	2	0	0	0	0	0	0	0	0	0	0
3435	chr3:53903001-55467000	SBS13	2	0	1	0	0	0	0	0	0	0	0	0	0
3436	chr3:53903001-55467000	SBS3	2	0	1	0	0	0	0	0	0	0	0	0	0
3437	chr3:53903001-55467000	SBS5	2	0	0	1	0	0	0	0	0	0	0	0	0
3438	chr3:5442001-8234000	SBS1	2	2	0	1	0	0	0	0	0	0	0	0	0
3439	chr3:5442001-8234000	SBS13	2	2	0	1	0	0	0	0	0	0	0	0	0
3440	chr3:5442001-8234000	SBS3	2	2	4	4	0	0	0	0	0	0	0	0	0
3441	chr3:5442001-8234000	SBS5	2	2	0	1	0	0	0	0	0	0	0	0	0
3442	chr3:55467001-56553000	SBS13	2	0	0	1	0	0	0	0	0	0	0	0	0
3443	chr3:55467001-56553000	SBS3	2	0	2	1	0	0	0	0	0	0	0	0	0
3444	chr3:57538001-58539000	SBS1	1	0	1	0	0	0	0	0	0	0	0	0	0
3445	chr3:57538001-58539000	SBS3	1	0	1	0	0	0	0	0	0	0	0	0	0
3446	chr3:57538001-58539000	SBS5	1	0	1	0	0	0	0	0	0	0	0	0	0
3447	chr3:58632001-59305000	SBS3	2	1	0	1	0	0	0	0	0	0	0	0	0
3448	chr3:59305001-59582000	SBS3	2	1	2	0	0	0	0	0	0	0	0	0	0
3449	chr3:59582001-60242000	SBS18	2	1	0	1	0	0	0	0	0	0	0	0	0
3450	chr3:59582001-60242000	SBS3	2	1	0	3	0	0	0	0	0	0	0	0	0
3451	chr3:60242001-61227000	SBS2	2	2	0	1	0	0	0	0	0	0	0	0	0
3452	chr3:60242001-61227000	SBS3	2	2	0	1	0	0	0	0	0	0	0	0	0
3453	chr3:60242001-61227000	SBS5	2	2	0	1	0	0	0	0	0	0	0	0	0
3454	chr3:61267001-61514000	SBS18	3	2	0	0	1	0	0	0	0	0	0	0	0
3455	chr3:61267001-61514000	SBS2	3	2	0	0	1	0	0	0	0	0	0	0	0
3456	chr3:61267001-61514000	SBS3	3	2	0	0	2	0	0	0	0	0	0	0	0
3457	chr3:61514001-63817000	SBS2	2	2	0	1	0	0	0	0	0	0	0	0	0
3458	chr3:61514001-63817000	SBS3	2	2	0	9	0	0	0	0	0	0	0	0	0
3459	chr3:64040001-64593000	SBS13	2	1	1	0	0	0	0	0	0	0	0	0	0
3460	chr3:64040001-64593000	SBS3	2	1	1	1	0	0	0	0	0	0	0	0	0
3461	chr3:64593001-65431000	SBS3	2	2	0	1	0	0	0	0	0	0	0	0	0
3462	chr3:64593001-65431000	SBS5	2	2	0	1	0	0	0	0	0	0	0	0	0
3463	chr3:66207001-66468000	SBS13	2	1	0	1	0	0	0	0	0	0	0	0	0
3464	chr3:66207001-66468000	SBS18	2	1	0	2	0	0	0	0	0	0	0	0	0
3465	chr3:66207001-66468000	SBS3	2	1	0	1	0	0	0	0	0	0	0	0	0
3466	chr3:66207001-66468000	SBS5	2	1	0	2	0	0	0	0	0	0	0	0	0
3467	chr3:66504001-67052000	SBS13	2	1	0	1	0	0	0	0	0	0	0	0	0
3468	chr3:66504001-67052000	SBS3	2	1	0	2	0	0	0	0	0	0	0	0	0
3469	chr3:67380001-67699000	SBS2	1	1	1	0	0	0	0	0	0	0	0	0	0
3470	chr3:67699001-68995000	SBS18	2	2	3	1	0	0	0	0	0	0	0	0	0
3471	chr3:67699001-68995000	SBS3	2	2	0	4	0	0	0	0	0	0	0	0	0
3472	chr3:67699001-68995000	SBS5	2	2	0	2	0	0	0	0	0	0	0	0	0
3473	chr3:69095001-69445000	SBS13	1	1	1	0	0	0	0	0	0	0	0	0	0
3474	chr3:69095001-69445000	SBS18	1	1	1	0	0	0	0	0	0	0	0	0	0
3475	chr3:69445001-70962000	SBS1	2	1	0	1	0	0	0	0	0	0	0	0	0
3476	chr3:69445001-70962000	SBS18	2	1	1	0	0	0	0	0	0	0	0	0	0
3477	chr3:69445001-70962000	SBS2	2	1	0	1	0	0	0	0	0	0	0	0	0
3478	chr3:69445001-70962000	SBS3	2	1	1	3	0	0	0	0	0	0	0	0	0
3479	chr3:69445001-70962000	SBS5	2	1	1	1	0	0	0	0	0	0	0	0	0
3480	chr3:70962001-71593000	SBS3	1	1	2	0	0	0	0	0	0	0	0	0	0
3481	chr3:71593001-72852000	SBS1	2	1	1	0	0	0	0	0	0	0	0	0	0
3482	chr3:71593001-72852000	SBS18	2	1	0	1	0	0	0	0	0	0	0	0	0
3483	chr3:71593001-72852000	SBS3	2	1	1	1	0	0	0	0	0	0	0	0	0
3484	chr3:71593001-72852000	SBS5	2	1	0	1	0	0	0	0	0	0	0	0	0
3485	chr3:72852001-72990000	SBS3	2	1	0	1	0	0	0	0	0	0	0	0	0
3486	chr3:73074001-81484000	SBS1	2	2	2	4	0	0	0	0	0	0	0	0	0
3487	chr3:73074001-81484000	SBS13	2	2	2	1	0	0	0	0	0	0	0	0	0
3488	chr3:73074001-81484000	SBS18	2	2	1	1	0	0	0	0	0	0	0	0	0
3489	chr3:73074001-81484000	SBS2	2	2	3	1	0	0	0	0	0	0	0	0	0
3490	chr3:73074001-81484000	SBS3	2	2	21	30	0	0	0	0	0	0	0	0	0
3491	chr3:73074001-81484000	SBS5	2	2	5	7	0	0	0	0	0	0	0	0	0
3492	chr3:81484001-81871000	SBS2	2	1	1	0	0	0	0	0	0	0	0	0	0
3493	chr3:81484001-81871000	SBS3	2	1	1	0	0	0	0	0	0	0	0	0	0
3494	chr3:81484001-81871000	SBS5	2	1	2	0	0	0	0	0	0	0	0	0	0
3495	chr3:81871001-87985000	SBS1	2	2	1	1	0	0	0	0	0	0	0	0	0
3496	chr3:81871001-87985000	SBS13	2	2	0	1	0	0	0	0	0	0	0	0	0
3497	chr3:81871001-87985000	SBS18	2	2	1	0	0	0	0	0	0	0	0	0	0
3498	chr3:81871001-87985000	SBS2	2	2	0	1	0	0	0	0	0	0	0	0	0
3499	chr3:81871001-87985000	SBS3	2	2	3	7	0	0	0	0	0	0	0	0	0
3500	chr3:81871001-87985000	SBS5	2	2	2	1	0	0	0	0	0	0	0	0	0
3501	chr3:8234001-9349000	SBS13	2	1	1	0	0	0	0	0	0	0	0	0	0
3502	chr3:8234001-9349000	SBS3	2	1	8	4	0	0	0	0	0	0	0	0	0
3503	chr3:88182001-90256000	SBS3	2	2	0	6	0	0	0	0	0	0	0	0	0
3504	chr3:88182001-90256000	SBS5	2	2	0	1	0	0	0	0	0	0	0	0	0
3505	chr3:90256001-92214015	SBS1	4	3	3	6	1	0	0	0	0	0	0	0	0
3506	chr3:90256001-92214015	SBS13	4	3	4	7	1	0	0	0	0	0	0	0	0
3507	chr3:90256001-92214015	SBS18	4	3	2	8	0	0	0	0	0	0	0	0	0
3508	chr3:90256001-92214015	SBS2	4	3	4	13	0	0	0	0	0	0	0	0	0
3509	chr3:90256001-92214015	SBS3	4	3	35	115	16	2	0	0	0	0	0	0	0
3510	chr3:90256001-92214015	SBS5	4	3	10	20	6	0	0	0	0	0	0	0	0
3511	chr3:92214016-94134000	SBS1	1	1	1	0	0	0	0	0	0	0	0	0	0
3512	chr3:92214016-94134000	SBS13	1	1	1	0	0	0	0	0	0	0	0	0	0
3513	chr3:92214016-94134000	SBS2	1	1	2	0	0	0	0	0	0	0	0	0	0
3514	chr3:92214016-94134000	SBS3	1	1	7	0	0	0	0	0	0	0	0	0	0
3515	chr3:92214016-94134000	SBS5	1	1	3	0	0	0	0	0	0	0	0	0	0
3516	chr3:9349001-9481000	SBS13	1	0	1	0	0	0	0	0	0	0	0	0	0
3517	chr3:94291062-97711000	SBS1	2	2	0	1	0	0	0	0	0	0	0	0	0
3518	chr3:94291062-97711000	SBS18	2	2	1	0	0	0	0	0	0	0	0	0	0
3519	chr3:94291062-97711000	SBS2	2	2	0	1	0	0	0	0	0	0	0	0	0
3520	chr3:94291062-97711000	SBS3	2	2	2	7	0	0	0	0	0	0	0	0	0
3521	chr3:94291062-97711000	SBS5	2	2	7	0	0	0	0	0	0	0	0	0	0
3522	chr3:9725001-10325000	SBS13	2	1	0	1	0	0	0	0	0	0	0	0	0
3523	chr3:9725001-10325000	SBS3	2	1	1	1	0	0	0	0	0	0	0	0	0
3524	chr3:98610001-98909000	SBS3	2	2	0	3	0	0	0	0	0	0	0	0	0
3525	chr3:99806001-100118000	SBS13	1	0	1	0	0	0	0	0	0	0	0	0	0
3526	chr3:99806001-100118000	SBS3	1	0	2	0	0	0	0	0	0	0	0	0	0
3527	chr4:101009001-101357000	SBS3	1	0	1	0	0	0	0	0	0	0	0	0	0
3528	chr4:101357001-102250500	SBS13	2	1	0	1	0	0	0	0	0	0	0	0	0
3529	chr4:101357001-102250500	SBS18	2	1	1	0	0	0	0	0	0	0	0	0	0
3530	chr4:101357001-102250500	SBS3	2	1	0	2	0	0	0	0	0	0	0	0	0
3531	chr4:101357001-102250500	SBS5	2	1	1	1	0	0	0	0	0	0	0	0	0
3532	chr4:10210001-10768000	SBS18	2	1	0	1	0	0	0	0	0	0	0	0	0
3533	chr4:10210001-10768000	SBS3	2	1	0	1	0	0	0	0	0	0	0	0	0
3534	chr4:10210001-10768000	SBS5	2	1	0	1	0	0	0	0	0	0	0	0	0
3535	chr4:102250501-102493000	SBS18	2	1	0	1	0	0	0	0	0	0	0	0	0
3536	chr4:102493001-102632000	SBS3	1	0	1	0	0	0	0	0	0	0	0	0	0
3537	chr4:102832001-103218000	SBS1	2	1	2	1	0	0	0	0	0	0	0	0	0
3538	chr4:102832001-103218000	SBS13	2	1	0	1	0	0	0	0	0	0	0	0	0
3539	chr4:102832001-103218000	SBS2	2	1	1	0	0	0	0	0	0	0	0	0	0
3540	chr4:102832001-103218000	SBS3	2	1	9	1	0	0	0	0	0	0	0	0	0
3541	chr4:102832001-103218000	SBS5	2	1	3	0	0	0	0	0	0	0	0	0	0
3542	chr4:103218001-104401000	SBS3	2	2	0	1	0	0	0	0	0	0	0	0	0
3543	chr4:104401001-105138000	SBS3	2	1	0	4	0	0	0	0	0	0	0	0	0
3544	chr4:104401001-105138000	SBS5	2	1	0	1	0	0	0	0	0	0	0	0	0
3545	chr4:105138001-105232000	SBS13	1	0	2	0	0	0	0	0	0	0	0	0	0
3546	chr4:105232001-106142000	SBS1	2	1	0	1	0	0	0	0	0	0	0	0	0
3547	chr4:105232001-106142000	SBS2	2	1	1	0	0	0	0	0	0	0	0	0	0
3548	chr4:105232001-106142000	SBS3	2	1	0	2	0	0	0	0	0	0	0	0	0
3549	chr4:106372001-107599000	SBS13	2	2	0	1	0	0	0	0	0	0	0	0	0
3550	chr4:106372001-107599000	SBS2	2	2	0	1	0	0	0	0	0	0	0	0	0
3551	chr4:107599001-108676000	SBS3	1	1	1	0	0	0	0	0	0	0	0	0	0
3552	chr4:10768001-11771000	SBS3	2	2	1	2	0	0	0	0	0	0	0	0	0
3553	chr4:108676001-109404000	SBS2	2	1	2	2	0	0	0	0	0	0	0	0	0
3554	chr4:108676001-109404000	SBS3	2	1	0	1	0	0	0	0	0	0	0	0	0
3555	chr4:109404001-110214000	SBS13	1	1	1	0	0	0	0	0	0	0	0	0	0
3556	chr4:109404001-110214000	SBS3	1	1	2	0	0	0	0	0	0	0	0	0	0
3557	chr4:110214001-112079000	SBS18	2	2	0	1	0	0	0	0	0	0	0	0	0
3558	chr4:110214001-112079000	SBS3	2	2	0	2	0	0	0	0	0	0	0	0	0
3559	chr4:112079001-112328000	SBS3	1	0	1	0	0	0	0	0	0	0	0	0	0
3560	chr4:112328001-113517000	SBS18	2	1	1	0	0	0	0	0	0	0	0	0	0
3561	chr4:112328001-113517000	SBS3	2	1	3	2	0	0	0	0	0	0	0	0	0
3562	chr4:112328001-113517000	SBS5	2	1	0	1	0	0	0	0	0	0	0	0	0
3563	chr4:113517001-113789000	SBS3	1	0	2	0	0	0	0	0	0	0	0	0	0
3564	chr4:113789001-114044000	SBS3	2	1	1	0	0	0	0	0	0	0	0	0	0
3565	chr4:114044001-118276000	SBS18	2	2	0	1	0	0	0	0	0	0	0	0	0
3566	chr4:114044001-118276000	SBS3	2	2	0	4	0	0	0	0	0	0	0	0	0
3567	chr4:114044001-118276000	SBS5	2	2	0	2	0	0	0	0	0	0	0	0	0
3568	chr4:11771001-12629000	SBS1	3	2	0	0	2	0	0	0	0	0	0	0	0
3569	chr4:11771001-12629000	SBS18	3	2	0	0	1	0	0	0	0	0	0	0	0
3570	chr4:11771001-12629000	SBS5	3	2	0	1	0	0	0	0	0	0	0	0	0
3571	chr4:118283001-118683000	SBS3	2	1	1	1	0	0	0	0	0	0	0	0	0
3572	chr4:118283001-118683000	SBS5	2	1	1	0	0	0	0	0	0	0	0	0	0
3573	chr4:118859001-119699500	SBS3	2	1	0	3	0	0	0	0	0	0	0	0	0
3574	chr4:119699501-120713000	SBS3	2	2	2	1	0	0	0	0	0	0	0	0	0
3575	chr4:119699501-120713000	SBS5	2	2	1	0	0	0	0	0	0	0	0	0	0
3576	chr4:120713001-121065000	SBS3	2	1	0	1	0	0	0	0	0	0	0	0	0
3577	chr4:121065001-121260000	SBS3	1	1	2	0	0	0	0	0	0	0	0	0	0
3578	chr4:121065001-121260000	SBS5	1	1	1	0	0	0	0	0	0	0	0	0	0
3579	chr4:121260001-121639000	SBS3	2	2	0	3	0	0	0	0	0	0	0	0	0
3580	chr4:121639001-122150000	SBS3	2	1	0	3	0	0	0	0	0	0	0	0	0
3581	chr4:121639001-122150000	SBS5	2	1	0	1	0	0	0	0	0	0	0	0	0
3582	chr4:122567001-123487000	SBS3	2	1	2	0	0	0	0	0	0	0	0	0	0
3583	chr4:123487001-124989000	SBS18	2	1	1	0	0	0	0	0	0	0	0	0	0
3584	chr4:123487001-124989000	SBS3	2	1	3	3	0	0	0	0	0	0	0	0	0
3585	chr4:123487001-124989000	SBS5	2	1	1	0	0	0	0	0	0	0	0	0	0
3586	chr4:124989001-127773000	SBS1	2	2	1	0	0	0	0	0	0	0	0	0	0
3587	chr4:124989001-127773000	SBS13	2	2	0	1	0	0	0	0	0	0	0	0	0
3588	chr4:124989001-127773000	SBS18	2	2	0	1	0	0	0	0	0	0	0	0	0
3589	chr4:124989001-127773000	SBS2	2	2	0	1	0	0	0	0	0	0	0	0	0
3590	chr4:124989001-127773000	SBS3	2	2	2	6	0	0	0	0	0	0	0	0	0
3591	chr4:124989001-127773000	SBS5	2	2	0	3	0	0	0	0	0	0	0	0	0
3592	chr4:12629001-13323000	SBS1	2	2	2	0	0	0	0	0	0	0	0	0	0
3593	chr4:12629001-13323000	SBS2	2	2	1	0	0	0	0	0	0	0	0	0	0
3594	chr4:12629001-13323000	SBS3	2	2	7	0	0	0	0	0	0	0	0	0	0
3595	chr4:12629001-13323000	SBS5	2	2	2	0	0	0	0	0	0	0	0	0	0
3596	chr4:127773001-129371000	SBS1	2	1	1	0	0	0	0	0	0	0	0	0	0
3597	chr4:127773001-129371000	SBS2	2	1	0	1	0	0	0	0	0	0	0	0	0
3598	chr4:127773001-129371000	SBS3	2	1	2	1	0	0	0	0	0	0	0	0	0
3599	chr4:127773001-129371000	SBS5	2	1	0	1	0	0	0	0	0	0	0	0	0
3600	chr4:129371001-137989000	SBS1	2	2	0	4	0	0	0	0	0	0	0	0	0
3601	chr4:129371001-137989000	SBS13	2	2	0	4	0	0	0	0	0	0	0	0	0
3602	chr4:129371001-137989000	SBS18	2	2	0	1	0	0	0	0	0	0	0	0	0
3603	chr4:129371001-137989000	SBS2	2	2	1	3	0	0	0	0	0	0	0	0	0
3604	chr4:129371001-137989000	SBS3	2	2	9	15	0	0	0	0	0	0	0	0	0
3605	chr4:129371001-137989000	SBS5	2	2	2	5	0	0	0	0	0	0	0	0	0
3606	chr4:13323001-13668000	SBS3	2	1	1	1	0	0	0	0	0	0	0	0	0
3607	chr4:1355001-1681000	SBS1	3	2	0	1	0	0	0	0	0	0	0	0	0
3608	chr4:1355001-1681000	SBS18	3	2	0	0	1	0	0	0	0	0	0	0	0
3609	chr4:1355001-1681000	SBS3	3	2	0	3	0	0	0	0	0	0	0	0	0
3610	chr4:13668001-14808000	SBS1	2	1	0	1	0	0	0	0	0	0	0	0	0
3611	chr4:13668001-14808000	SBS2	2	1	0	1	0	0	0	0	0	0	0	0	0
3612	chr4:13668001-14808000	SBS3	2	1	1	4	0	0	0	0	0	0	0	0	0
3613	chr4:13668001-14808000	SBS5	2	1	1	0	0	0	0	0	0	0	0	0	0
3614	chr4:137989001-138868000	SBS3	2	1	1	1	0	0	0	0	0	0	0	0	0
3615	chr4:139565001-140626000	SBS3	2	1	2	4	0	0	0	0	0	0	0	0	0
3616	chr4:139565001-140626000	SBS5	2	1	2	2	0	0	0	0	0	0	0	0	0
3617	chr4:140867001-142024000	SBS13	2	2	0	1	0	0	0	0	0	0	0	0	0
3618	chr4:140867001-142024000	SBS18	2	2	0	1	0	0	0	0	0	0	0	0	0
3619	chr4:140867001-142024000	SBS3	2	2	2	4	0	0	0	0	0	0	0	0	0
3620	chr4:140867001-142024000	SBS5	2	2	1	2	0	0	0	0	0	0	0	0	0
3621	chr4:142024001-142601000	SBS3	1	1	1	0	0	0	0	0	0	0	0	0	0
3622	chr4:142601001-143178000	SBS3	2	1	1	1	0	0	0	0	0	0	0	0	0
3623	chr4:142601001-143178000	SBS5	2	1	2	0	0	0	0	0	0	0	0	0	0
3624	chr4:143178001-143224000	SBS3	1	0	1	0	0	0	0	0	0	0	0	0	0
3625	chr4:143565001-144984000	SBS13	2	2	1	1	0	0	0	0	0	0	0	0	0
3626	chr4:143565001-144984000	SBS18	2	2	0	1	0	0	0	0	0	0	0	0	0
3627	chr4:143565001-144984000	SBS3	2	2	7	6	0	0	0	0	0	0	0	0	0
3628	chr4:143565001-144984000	SBS5	2	2	3	1	0	0	0	0	0	0	0	0	0
3629	chr4:145193295-145481000	SBS3	2	1	1	0	0	0	0	0	0	0	0	0	0
3630	chr4:145481001-146535000	SBS3	2	1	1	1	0	0	0	0	0	0	0	0	0
3631	chr4:146535001-147611000	SBS13	2	2	0	1	0	0	0	0	0	0	0	0	0
3632	chr4:146535001-147611000	SBS3	2	2	1	2	0	0	0	0	0	0	0	0	0
3633	chr4:147611001-148454000	SBS3	2	1	1	0	0	0	0	0	0	0	0	0	0
3634	chr4:147611001-148454000	SBS5	2	1	1	0	0	0	0	0	0	0	0	0	0
3635	chr4:14808001-14997000	SBS3	2	1	0	1	0	0	0	0	0	0	0	0	0
3636	chr4:148454001-149974000	SBS1	2	2	1	0	0	0	0	0	0	0	0	0	0
3637	chr4:148454001-149974000	SBS18	2	2	0	2	0	0	0	0	0	0	0	0	0
3638	chr4:148454001-149974000	SBS2	2	2	0	1	0	0	0	0	0	0	0	0	0
3639	chr4:148454001-149974000	SBS3	2	2	1	2	0	0	0	0	0	0	0	0	0
3640	chr4:149974001-150265000	SBS13	2	1	0	1	0	0	0	0	0	0	0	0	0
3641	chr4:149974001-150265000	SBS3	2	1	0	1	0	0	0	0	0	0	0	0	0
3642	chr4:150265001-151039500	SBS3	1	1	2	0	0	0	0	0	0	0	0	0	0
3643	chr4:15072001-15533000	SBS3	2	1	1	0	0	0	0	0	0	0	0	0	0
3644	chr4:151039501-152307000	SBS1	2	1	2	3	0	0	0	0	0	0	0	0	0
3645	chr4:151039501-152307000	SBS13	2	1	0	1	0	0	0	0	0	0	0	0	0
3646	chr4:151039501-152307000	SBS18	2	1	0	1	0	0	0	0	0	0	0	0	0
3647	chr4:151039501-152307000	SBS3	2	1	4	6	0	0	0	0	0	0	0	0	0
3648	chr4:151039501-152307000	SBS5	2	1	1	0	0	0	0	0	0	0	0	0	0
3649	chr4:152945001-153341000	SBS3	2	1	0	1	0	0	0	0	0	0	0	0	0
3650	chr4:153656001-153811000	SBS3	2	1	1	0	0	0	0	0	0	0	0	0	0
3651	chr4:153656001-153811000	SBS5	2	1	1	0	0	0	0	0	0	0	0	0	0
3652	chr4:153811001-154187764	SBS3	2	2	0	1	0	0	0	0	0	0	0	0	0
3653	chr4:153811001-154187764	SBS5	2	2	1	0	0	0	0	0	0	0	0	0	0
3654	chr4:154643001-155339000	SBS3	2	2	0	3	0	0	0	0	0	0	0	0	0
3655	chr4:155339001-155948000	SBS3	2	1	0	3	0	0	0	0	0	0	0	0	0
3656	chr4:155956001-157972000	SBS3	2	2	2	7	0	0	0	0	0	0	0	0	0
3657	chr4:155956001-157972000	SBS5	2	2	0	1	0	0	0	0	0	0	0	0	0
3658	chr4:15689001-16169000	SBS3	2	1	1	1	0	0	0	0	0	0	0	0	0
3659	chr4:158262001-158666000	SBS3	2	2	1	1	0	0	0	0	0	0	0	0	0
3660	chr4:158666001-159365000	SBS3	2	1	0	1	0	0	0	0	0	0	0	0	0
3661	chr4:159365001-163105000	SBS18	2	2	0	1	0	0	0	0	0	0	0	0	0
3662	chr4:159365001-163105000	SBS2	2	2	1	1	0	0	0	0	0	0	0	0	0
3663	chr4:159365001-163105000	SBS3	2	2	2	9	0	0	0	0	0	0	0	0	0
3664	chr4:159365001-163105000	SBS5	2	2	1	1	0	0	0	0	0	0	0	0	0
3665	chr4:16271001-17446000	SBS1	2	2	0	1	0	0	0	0	0	0	0	0	0
3666	chr4:16271001-17446000	SBS3	2	2	0	5	0	0	0	0	0	0	0	0	0
3667	chr4:163180001-163469000	SBS3	2	2	0	1	0	0	0	0	0	0	0	0	0
3668	chr4:163560001-163713000	SBS2	2	1	1	0	0	0	0	0	0	0	0	0	0
3669	chr4:163560001-163713000	SBS3	2	1	1	0	0	0	0	0	0	0	0	0	0
3670	chr4:163713001-165058000	SBS1	2	2	1	0	0	0	0	0	0	0	0	0	0
3671	chr4:163713001-165058000	SBS3	2	2	2	1	0	0	0	0	0	0	0	0	0
3672	chr4:165058001-165549000	SBS1	2	1	1	1	0	0	0	0	0	0	0	0	0
3673	chr4:165058001-165549000	SBS13	2	1	1	0	0	0	0	0	0	0	0	0	0
3674	chr4:165058001-165549000	SBS3	2	1	2	0	0	0	0	0	0	0	0	0	0
3675	chr4:165058001-165549000	SBS5	2	1	0	1	0	0	0	0	0	0	0	0	0
3676	chr4:165549001-168151000	SBS13	2	2	1	0	0	0	0	0	0	0	0	0	0
3677	chr4:165549001-168151000	SBS18	2	2	1	2	0	0	0	0	0	0	0	0	0
3678	chr4:165549001-168151000	SBS3	2	2	3	4	0	0	0	0	0	0	0	0	0
3679	chr4:165549001-168151000	SBS5	2	2	1	2	0	0	0	0	0	0	0	0	0
3680	chr4:1681001-2462500	SBS3	2	1	0	1	0	0	0	0	0	0	0	0	0
3681	chr4:168588001-169609000	SBS18	2	1	0	1	0	0	0	0	0	0	0	0	0
3682	chr4:168588001-169609000	SBS3	2	1	6	1	0	0	0	0	0	0	0	0	0
3683	chr4:168588001-169609000	SBS5	2	1	1	0	0	0	0	0	0	0	0	0	0
3684	chr4:169770001-172235109	SBS3	2	2	4	5	0	0	0	0	0	0	0	0	0
3685	chr4:169770001-172235109	SBS5	2	2	2	2	0	0	0	0	0	0	0	0	0
3686	chr4:172235150-172890548	SBS2	2	2	0	1	0	0	0	0	0	0	0	0	0
3687	chr4:172235150-172890548	SBS3	2	2	2	2	0	0	0	0	0	0	0	0	0
3688	chr4:172890591-172992000	SBS18	2	2	0	1	0	0	0	0	0	0	0	0	0
3689	chr4:173386001-173611000	SBS3	2	1	0	1	0	0	0	0	0	0	0	0	0
3690	chr4:173611001-174196000	SBS1	2	2	1	0	0	0	0	0	0	0	0	0	0
3691	chr4:173611001-174196000	SBS18	2	2	0	1	0	0	0	0	0	0	0	0	0
3692	chr4:173611001-174196000	SBS3	2	2	1	0	0	0	0	0	0	0	0	0	0
3693	chr4:174283001-174725000	SBS18	2	1	0	1	0	0	0	0	0	0	0	0	0
3694	chr4:174283001-174725000	SBS3	2	1	1	3	0	0	0	0	0	0	0	0	0
3695	chr4:17446001-17776000	SBS3	2	1	0	2	0	0	0	0	0	0	0	0	0
3696	chr4:174725001-175916000	SBS3	2	2	0	2	0	0	0	0	0	0	0	0	0
3697	chr4:176342001-177307000	SBS3	2	2	1	3	0	0	0	0	0	0	0	0	0
3698	chr4:176342001-177307000	SBS5	2	2	1	1	0	0	0	0	0	0	0	0	0
3699	chr4:177584001-179878821	SBS18	2	2	1	0	0	0	0	0	0	0	0	0	0
3700	chr4:177584001-179878821	SBS3	2	2	0	2	0	0	0	0	0	0	0	0	0
3701	chr4:179878822-182443000	SBS1	2	2	1	1	0	0	0	0	0	0	0	0	0
3702	chr4:179878822-182443000	SBS13	2	2	0	2	0	0	0	0	0	0	0	0	0
3703	chr4:179878822-182443000	SBS2	2	2	1	1	0	0	0	0	0	0	0	0	0
3704	chr4:179878822-182443000	SBS3	2	2	2	10	0	0	0	0	0	0	0	0	0
3705	chr4:179878822-182443000	SBS5	2	2	1	1	0	0	0	0	0	0	0	0	0
3706	chr4:18062001-20246000	SBS1	2	1	1	1	0	0	0	0	0	0	0	0	0
3707	chr4:18062001-20246000	SBS18	2	1	0	1	0	0	0	0	0	0	0	0	0
3708	chr4:18062001-20246000	SBS2	2	1	1	0	0	0	0	0	0	0	0	0	0
3709	chr4:18062001-20246000	SBS3	2	1	5	0	0	0	0	0	0	0	0	0	0
3710	chr4:18062001-20246000	SBS5	2	1	1	0	0	0	0	0	0	0	0	0	0
3711	chr4:182443001-184255000	SBS1	2	2	1	0	0	0	0	0	0	0	0	0	0
3712	chr4:182443001-184255000	SBS13	2	2	0	1	0	0	0	0	0	0	0	0	0
3713	chr4:182443001-184255000	SBS18	2	2	0	1	0	0	0	0	0	0	0	0	0
3714	chr4:182443001-184255000	SBS2	2	2	0	1	0	0	0	0	0	0	0	0	0
3715	chr4:182443001-184255000	SBS3	2	2	2	2	0	0	0	0	0	0	0	0	0
3716	chr4:182443001-184255000	SBS5	2	2	2	0	0	0	0	0	0	0	0	0	0
3717	chr4:184255001-184534000	SBS3	1	1	1	0	0	0	0	0	0	0	0	0	0
3718	chr4:184539001-184835000	SBS3	2	1	1	0	0	0	0	0	0	0	0	0	0
3719	chr4:184835001-185139000	SBS3	2	1	1	0	0	0	0	0	0	0	0	0	0
3720	chr4:184835001-185139000	SBS5	2	1	1	0	0	0	0	0	0	0	0	0	0
3721	chr4:185139001-185473000	SBS3	2	1	0	2	0	0	0	0	0	0	0	0	0
3722	chr4:185473001-186172000	SBS1	2	1	0	1	0	0	0	0	0	0	0	0	0
3723	chr4:185473001-186172000	SBS3	2	1	0	1	0	0	0	0	0	0	0	0	0
3724	chr4:186202001-190214555	SBS1	3	2	1	2	5	0	0	0	0	0	0	0	0
3725	chr4:186202001-190214555	SBS13	3	2	1	0	1	0	0	0	0	0	0	0	0
3726	chr4:186202001-190214555	SBS18	3	2	1	0	2	0	0	0	0	0	0	0	0
3727	chr4:186202001-190214555	SBS2	3	2	1	1	0	0	0	0	0	0	0	0	0
3728	chr4:186202001-190214555	SBS3	3	2	8	17	6	0	0	0	0	0	0	0	0
3729	chr4:186202001-190214555	SBS5	3	2	7	2	1	0	0	0	0	0	0	0	0
3730	chr4:20246001-20683000	SBS13	2	0	1	0	0	0	0	0	0	0	0	0	0
3731	chr4:20246001-20683000	SBS3	2	0	1	0	0	0	0	0	0	0	0	0	0
3732	chr4:20734001-21864449	SBS13	2	1	1	0	0	0	0	0	0	0	0	0	0
3733	chr4:20734001-21864449	SBS3	2	1	2	0	0	0	0	0	0	0	0	0	0
3734	chr4:21864625-23670000	SBS13	2	1	0	1	0	0	0	0	0	0	0	0	0
3735	chr4:21864625-23670000	SBS18	2	1	0	1	0	0	0	0	0	0	0	0	0
3736	chr4:21864625-23670000	SBS3	2	1	1	2	0	0	0	0	0	0	0	0	0
3737	chr4:21864625-23670000	SBS5	2	1	1	1	0	0	0	0	0	0	0	0	0
3738	chr4:23670001-25104000	SBS18	2	1	0	1	0	0	0	0	0	0	0	0	0
3739	chr4:23670001-25104000	SBS3	2	1	1	1	0	0	0	0	0	0	0	0	0
3740	chr4:2462501-3362000	SBS5	2	1	0	1	0	0	0	0	0	0	0	0	0
3741	chr4:25459001-25750000	SBS18	2	0	1	0	0	0	0	0	0	0	0	0	0
3742	chr4:25459001-25750000	SBS3	2	0	1	1	0	0	0	0	0	0	0	0	0
3743	chr4:25459001-25750000	SBS5	2	0	2	0	0	0	0	0	0	0	0	0	0
3744	chr4:25750001-26856000	SBS1	1	0	1	0	0	0	0	0	0	0	0	0	0
3745	chr4:27017001-29061000	SBS3	2	1	4	2	0	0	0	0	0	0	0	0	0
3746	chr4:29079001-36053000	SBS18	2	2	0	3	0	0	0	0	0	0	0	0	0
3747	chr4:29079001-36053000	SBS2	2	2	1	2	0	0	0	0	0	0	0	0	0
3748	chr4:29079001-36053000	SBS3	2	2	2	18	0	0	0	0	0	0	0	0	0
3749	chr4:29079001-36053000	SBS5	2	2	0	5	0	0	0	0	0	0	0	0	0
3750	chr4:3362001-4426000	SBS1	2	2	1	0	0	0	0	0	0	0	0	0	0
3751	chr4:3362001-4426000	SBS18	2	2	0	2	0	0	0	0	0	0	0	0	0
3752	chr4:3362001-4426000	SBS2	2	2	1	0	0	0	0	0	0	0	0	0	0
3753	chr4:3362001-4426000	SBS3	2	2	12	7	0	0	0	0	0	0	0	0	0
3754	chr4:3362001-4426000	SBS5	2	2	2	1	0	0	0	0	0	0	0	0	0
3755	chr4:342080-661000	SBS3	3	2	0	0	1	0	0	0	0	0	0	0	0
3756	chr4:342080-661000	SBS5	3	2	0	1	0	0	0	0	0	0	0	0	0
3757	chr4:36053001-36419000	SBS5	2	1	0	1	0	0	0	0	0	0	0	0	0
3758	chr4:36419001-37365000	SBS2	2	2	0	1	0	0	0	0	0	0	0	0	0
3759	chr4:36419001-37365000	SBS3	2	2	0	1	0	0	0	0	0	0	0	0	0
3760	chr4:37690001-40144000	SBS18	2	1	0	1	0	0	0	0	0	0	0	0	0
3761	chr4:37690001-40144000	SBS2	2	1	0	1	0	0	0	0	0	0	0	0	0
3762	chr4:37690001-40144000	SBS3	2	1	0	2	0	0	0	0	0	0	0	0	0
3763	chr4:40144001-40328000	SBS5	1	0	1	0	0	0	0	0	0	0	0	0	0
3764	chr4:40328001-41221000	SBS13	2	1	1	0	0	0	0	0	0	0	0	0	0
3765	chr4:40328001-41221000	SBS3	2	1	1	0	0	0	0	0	0	0	0	0	0
3766	chr4:40328001-41221000	SBS5	2	1	0	1	0	0	0	0	0	0	0	0	0
3767	chr4:41221001-41927000	SBS3	2	2	0	1	0	0	0	0	0	0	0	0	0
3768	chr4:41221001-41927000	SBS5	2	2	0	1	0	0	0	0	0	0	0	0	0
3769	chr4:41927001-42084000	SBS3	2	0	0	1	0	0	0	0	0	0	0	0	0
3770	chr4:42084001-42395000	SBS1	2	2	0	1	0	0	0	0	0	0	0	0	0
3771	chr4:42084001-42395000	SBS3	2	2	0	1	0	0	0	0	0	0	0	0	0
3772	chr4:42395001-42764000	SBS2	2	1	1	0	0	0	0	0	0	0	0	0	0
3773	chr4:42395001-42764000	SBS3	2	1	0	1	0	0	0	0	0	0	0	0	0
3774	chr4:42764001-47432000	SBS1	2	2	1	1	0	0	0	0	0	0	0	0	0
3775	chr4:42764001-47432000	SBS18	2	2	1	1	0	0	0	0	0	0	0	0	0
3776	chr4:42764001-47432000	SBS2	2	2	1	1	0	0	0	0	0	0	0	0	0
3777	chr4:42764001-47432000	SBS3	2	2	6	8	0	0	0	0	0	0	0	0	0
3778	chr4:42764001-47432000	SBS5	2	2	3	2	0	0	0	0	0	0	0	0	0
3779	chr4:4426001-4579000	SBS13	2	1	1	0	0	0	0	0	0	0	0	0	0
3780	chr4:4426001-4579000	SBS3	2	1	2	0	0	0	0	0	0	0	0	0	0
3781	chr4:4426001-4579000	SBS5	2	1	1	0	0	0	0	0	0	0	0	0	0
3782	chr4:4579001-6628000	SBS18	2	2	0	1	0	0	0	0	0	0	0	0	0
3783	chr4:4579001-6628000	SBS3	2	2	1	7	0	0	0	0	0	0	0	0	0
3784	chr4:4579001-6628000	SBS5	2	2	0	2	0	0	0	0	0	0	0	0	0
3785	chr4:47432001-47574000	SBS1	1	1	1	0	0	0	0	0	0	0	0	0	0
3786	chr4:47834001-48311000	SBS1	2	1	1	0	0	0	0	0	0	0	0	0	0
3787	chr4:47834001-48311000	SBS3	2	1	1	0	0	0	0	0	0	0	0	0	0
3788	chr4:47834001-48311000	SBS5	2	1	2	0	0	0	0	0	0	0	0	0	0
3789	chr4:48311001-50726025	SBS18	1	1	1	0	0	0	0	0	0	0	0	0	0
3790	chr4:48311001-50726025	SBS2	1	1	1	0	0	0	0	0	0	0	0	0	0
3791	chr4:48311001-50726025	SBS3	1	1	9	0	0	0	0	0	0	0	0	0	0
3792	chr4:48311001-50726025	SBS5	1	1	1	0	0	0	0	0	0	0	0	0	0
3793	chr4:50726026-52062000	SBS3	2	1	0	1	0	0	0	0	0	0	0	0	0
3794	chr4:50726026-52062000	SBS5	2	1	0	1	0	0	0	0	0	0	0	0	0
3795	chr4:52062001-52582000	SBS18	2	2	0	1	0	0	0	0	0	0	0	0	0
3796	chr4:52062001-52582000	SBS2	2	2	1	0	0	0	0	0	0	0	0	0	0
3797	chr4:52062001-52582000	SBS3	2	2	1	0	0	0	0	0	0	0	0	0	0
3798	chr4:52062001-52582000	SBS5	2	2	0	1	0	0	0	0	0	0	0	0	0
3799	chr4:52582001-53725000	SBS3	2	1	0	1	0	0	0	0	0	0	0	0	0
3800	chr4:52582001-53725000	SBS5	2	1	1	0	0	0	0	0	0	0	0	0	0
3801	chr4:53725001-55318000	SBS13	2	2	1	1	0	0	0	0	0	0	0	0	0
3802	chr4:53725001-55318000	SBS18	2	2	0	1	0	0	0	0	0	0	0	0	0
3803	chr4:53725001-55318000	SBS2	2	2	0	3	0	0	0	0	0	0	0	0	0
3804	chr4:53725001-55318000	SBS3	2	2	2	6	0	0	0	0	0	0	0	0	0
3805	chr4:53725001-55318000	SBS5	2	2	2	2	0	0	0	0	0	0	0	0	0
3806	chr4:55318001-55420143	SBS3	1	0	1	0	0	0	0	0	0	0	0	0	0
3807	chr4:55849001-55999000	SBS13	2	1	0	1	0	0	0	0	0	0	0	0	0
3808	chr4:55999001-56383000	SBS1	2	1	1	0	0	0	0	0	0	0	0	0	0
3809	chr4:55999001-56383000	SBS18	2	1	1	0	0	0	0	0	0	0	0	0	0
3810	chr4:56497001-57234000	SBS1	2	1	1	0	0	0	0	0	0	0	0	0	0
3811	chr4:56497001-57234000	SBS3	2	1	1	2	0	0	0	0	0	0	0	0	0
3812	chr4:57234001-64097000	SBS1	2	2	0	3	0	0	0	0	0	0	0	0	0
3813	chr4:57234001-64097000	SBS13	2	2	3	2	0	0	0	0	0	0	0	0	0
3814	chr4:57234001-64097000	SBS2	2	2	2	1	0	0	0	0	0	0	0	0	0
3815	chr4:57234001-64097000	SBS3	2	2	15	17	0	0	0	0	0	0	0	0	0
3816	chr4:57234001-64097000	SBS5	2	2	4	2	0	0	0	0	0	0	0	0	0
3817	chr4:64097001-67434000	SBS13	2	2	0	1	0	0	0	0	0	0	0	0	0
3818	chr4:64097001-67434000	SBS2	2	2	0	4	0	0	0	0	0	0	0	0	0
3819	chr4:64097001-67434000	SBS3	2	2	6	7	0	0	0	0	0	0	0	0	0
3820	chr4:64097001-67434000	SBS5	2	2	0	2	0	0	0	0	0	0	0	0	0
3821	chr4:661001-1355000	SBS3	2	2	1	0	0	0	0	0	0	0	0	0	0
3822	chr4:6628001-7075000	SBS3	1	1	4	0	0	0	0	0	0	0	0	0	0
3823	chr4:67767001-68315000	SBS3	2	2	0	2	0	0	0	0	0	0	0	0	0
3824	chr4:67767001-68315000	SBS5	2	2	2	0	0	0	0	0	0	0	0	0	0
3825	chr4:68351001-68524000	SBS3	2	1	1	0	0	0	0	0	0	0	0	0	0
3826	chr4:68524001-70582000	SBS1	2	2	0	1	0	0	0	0	0	0	0	0	0
3827	chr4:68524001-70582000	SBS13	2	2	1	0	0	0	0	0	0	0	0	0	0
3828	chr4:68524001-70582000	SBS18	2	2	1	0	0	0	0	0	0	0	0	0	0
3829	chr4:68524001-70582000	SBS2	2	2	1	1	0	0	0	0	0	0	0	0	0
3830	chr4:68524001-70582000	SBS3	2	2	8	6	0	0	0	0	0	0	0	0	0
3831	chr4:68524001-70582000	SBS5	2	2	4	1	0	0	0	0	0	0	0	0	0
3832	chr4:70582001-71077000	SBS1	2	1	2	0	0	0	0	0	0	0	0	0	0
3833	chr4:70582001-71077000	SBS3	2	1	4	0	0	0	0	0	0	0	0	0	0
3834	chr4:70582001-71077000	SBS5	2	1	0	1	0	0	0	0	0	0	0	0	0
3835	chr4:7075001-7727000	SBS13	3	2	0	0	1	0	0	0	0	0	0	0	0
3836	chr4:7075001-7727000	SBS3	3	2	2	0	4	0	0	0	0	0	0	0	0
3837	chr4:7075001-7727000	SBS5	3	2	1	0	0	0	0	0	0	0	0	0	0
3838	chr4:71077001-71631662	SBS18	2	1	0	1	0	0	0	0	0	0	0	0	0
3839	chr4:71077001-71631662	SBS3	2	1	0	2	0	0	0	0	0	0	0	0	0
3840	chr4:71077001-71631662	SBS5	2	1	3	0	0	0	0	0	0	0	0	0	0
3841	chr4:71631663-73065000	SBS13	2	2	0	1	0	0	0	0	0	0	0	0	0
3842	chr4:71631663-73065000	SBS3	2	2	2	3	0	0	0	0	0	0	0	0	0
3843	chr4:71631663-73065000	SBS5	2	2	0	2	0	0	0	0	0	0	0	0	0
3844	chr4:74705001-75469500	SBS3	2	2	0	8	0	0	0	0	0	0	0	0	0
3845	chr4:74705001-75469500	SBS5	2	2	1	0	0	0	0	0	0	0	0	0	0
3846	chr4:75523001-76968000	SBS18	2	1	0	1	0	0	0	0	0	0	0	0	0
3847	chr4:75523001-76968000	SBS3	2	1	1	2	0	0	0	0	0	0	0	0	0
3848	chr4:75523001-76968000	SBS5	2	1	0	2	0	0	0	0	0	0	0	0	0
3849	chr4:77206001-77712000	SBS3	2	1	0	1	0	0	0	0	0	0	0	0	0
3850	chr4:7727001-8435000	SBS1	2	1	1	1	0	0	0	0	0	0	0	0	0
3851	chr4:7727001-8435000	SBS3	2	1	4	2	0	0	0	0	0	0	0	0	0
3852	chr4:7727001-8435000	SBS5	2	1	0	1	0	0	0	0	0	0	0	0	0
3853	chr4:77867001-78600000	SBS13	2	1	0	1	0	0	0	0	0	0	0	0	0
3854	chr4:77867001-78600000	SBS18	2	1	0	1	0	0	0	0	0	0	0	0	0
3855	chr4:78600001-78957000	SBS3	1	1	1	0	0	0	0	0	0	0	0	0	0
3856	chr4:78957001-79885000	SBS3	2	2	2	0	0	0	0	0	0	0	0	0	0
3857	chr4:78957001-79885000	SBS5	2	2	1	0	0	0	0	0	0	0	0	0	0
3858	chr4:79885001-80542000	SBS5	2	1	1	0	0	0	0	0	0	0	0	0	0
3859	chr4:80542001-81391000	SBS5	2	2	0	1	0	0	0	0	0	0	0	0	0
3860	chr4:81849001-82889000	SBS1	2	1	3	0	0	0	0	0	0	0	0	0	0
3861	chr4:81849001-82889000	SBS18	2	1	1	0	0	0	0	0	0	0	0	0	0
3862	chr4:81849001-82889000	SBS3	2	1	5	3	0	0	0	0	0	0	0	0	0
3863	chr4:82903001-83698000	SBS3	2	1	2	2	0	0	0	0	0	0	0	0	0
3864	chr4:82903001-83698000	SBS5	2	1	2	0	0	0	0	0	0	0	0	0	0
3865	chr4:83698001-84572000	SBS1	2	2	1	0	0	0	0	0	0	0	0	0	0
3866	chr4:83698001-84572000	SBS18	2	2	2	0	0	0	0	0	0	0	0	0	0
3867	chr4:83698001-84572000	SBS3	2	2	3	2	0	0	0	0	0	0	0	0	0
3868	chr4:83698001-84572000	SBS5	2	2	2	0	0	0	0	0	0	0	0	0	0
3869	chr4:8443001-9963000	SBS1	2	2	2	1	0	0	0	0	0	0	0	0	0
3870	chr4:8443001-9963000	SBS13	2	2	1	0	0	0	0	0	0	0	0	0	0
3871	chr4:8443001-9963000	SBS18	2	2	1	4	0	0	0	0	0	0	0	0	0
3872	chr4:8443001-9963000	SBS2	2	2	0	1	0	0	0	0	0	0	0	0	0
3873	chr4:8443001-9963000	SBS3	2	2	13	23	0	0	0	0	0	0	0	0	0
3874	chr4:8443001-9963000	SBS5	2	2	6	7	0	0	0	0	0	0	0	0	0
3875	chr4:85365001-86919000	SBS1	2	1	1	0	0	0	0	0	0	0	0	0	0
3876	chr4:85365001-86919000	SBS2	2	1	1	0	0	0	0	0	0	0	0	0	0
3877	chr4:85365001-86919000	SBS3	2	1	0	2	0	0	0	0	0	0	0	0	0
3878	chr4:87129001-87567000	SBS1	2	1	1	0	0	0	0	0	0	0	0	0	0
3879	chr4:87129001-87567000	SBS18	2	1	1	0	0	0	0	0	0	0	0	0	0
3880	chr4:87129001-87567000	SBS3	2	1	8	0	0	0	0	0	0	0	0	0	0
3881	chr4:87567001-87830000	SBS3	2	2	1	0	0	0	0	0	0	0	0	0	0
3882	chr4:87830001-89241000	SBS1	2	1	1	0	0	0	0	0	0	0	0	0	0
3883	chr4:87830001-89241000	SBS13	2	1	1	0	0	0	0	0	0	0	0	0	0
3884	chr4:87830001-89241000	SBS18	2	1	1	0	0	0	0	0	0	0	0	0	0
3885	chr4:87830001-89241000	SBS2	2	1	0	1	0	0	0	0	0	0	0	0	0
3886	chr4:87830001-89241000	SBS3	2	1	3	2	0	0	0	0	0	0	0	0	0
3887	chr4:87830001-89241000	SBS5	2	1	2	0	0	0	0	0	0	0	0	0	0
3888	chr4:89326001-89512000	SBS3	2	1	0	1	0	0	0	0	0	0	0	0	0
3889	chr4:89512001-90559000	SBS3	2	1	0	1	0	0	0	0	0	0	0	0	0
3890	chr4:90559001-94206000	SBS1	2	2	0	2	0	0	0	0	0	0	0	0	0
3891	chr4:90559001-94206000	SBS13	2	2	0	2	0	0	0	0	0	0	0	0	0
3892	chr4:90559001-94206000	SBS2	2	2	1	1	0	0	0	0	0	0	0	0	0
3893	chr4:90559001-94206000	SBS3	2	2	1	7	0	0	0	0	0	0	0	0	0
3894	chr4:90559001-94206000	SBS5	2	2	0	2	0	0	0	0	0	0	0	0	0
3895	chr4:94206001-95198000	SBS13	1	1	1	0	0	0	0	0	0	0	0	0	0
3896	chr4:94206001-95198000	SBS18	1	1	1	0	0	0	0	0	0	0	0	0	0
3897	chr4:94206001-95198000	SBS3	1	1	5	0	0	0	0	0	0	0	0	0	0
3898	chr4:94206001-95198000	SBS5	1	1	1	0	0	0	0	0	0	0	0	0	0
3899	chr4:95198001-98101000	SBS18	2	2	0	1	0	0	0	0	0	0	0	0	0
3900	chr4:95198001-98101000	SBS2	2	2	1	1	0	0	0	0	0	0	0	0	0
3901	chr4:95198001-98101000	SBS3	2	2	1	6	0	0	0	0	0	0	0	0	0
3902	chr4:95198001-98101000	SBS5	2	2	1	1	0	0	0	0	0	0	0	0	0
3903	chr4:98101001-98467000	SBS3	1	1	4	0	0	0	0	0	0	0	0	0	0
3904	chr4:98467001-98664000	SBS3	1	0	1	0	0	0	0	0	0	0	0	0	0
3905	chr4:98664001-99088000	SBS3	2	1	0	1	0	0	0	0	0	0	0	0	0
3906	chr4:99092001-99808000	SBS3	2	2	2	1	0	0	0	0	0	0	0	0	0
3907	chr4:99092001-99808000	SBS5	2	2	2	0	0	0	0	0	0	0	0	0	0
3908	chr4:99808001-99953000	SBS3	1	0	4	0	0	0	0	0	0	0	0	0	0
3909	chr4:99808001-99953000	SBS5	1	0	1	0	0	0	0	0	0	0	0	0	0
3910	chr4:99953001-101009000	SBS3	2	1	0	1	0	0	0	0	0	0	0	0	0
3911	chr5:1-1180000	SBS3	3	2	3	2	0	0	0	0	0	0	0	0	0
3912	chr5:1-1180000	SBS5	3	2	1	0	0	0	0	0	0	0	0	0	0
3913	chr5:100412001-100813000	SBS3	2	1	1	1	0	0	0	0	0	0	0	0	0
3914	chr5:100908001-102739000	SBS2	2	2	0	1	0	0	0	0	0	0	0	0	0
3915	chr5:100908001-102739000	SBS3	2	2	5	5	0	0	0	0	0	0	0	0	0
3916	chr5:100908001-102739000	SBS5	2	2	0	1	0	0	0	0	0	0	0	0	0
3917	chr5:102739001-103287000	SBS3	1	1	3	0	0	0	0	0	0	0	0	0	0
3918	chr5:102739001-103287000	SBS5	1	1	1	0	0	0	0	0	0	0	0	0	0
3919	chr5:103287001-103603000	SBS5	2	1	0	1	0	0	0	0	0	0	0	0	0
3920	chr5:103603001-105006237	SBS3	2	2	0	7	0	0	0	0	0	0	0	0	0
3921	chr5:103603001-105006237	SBS5	2	2	1	1	0	0	0	0	0	0	0	0	0
3922	chr5:10449001-11004000	SBS13	2	1	0	1	0	0	0	0	0	0	0	0	0
3923	chr5:105006514-105875000	SBS3	2	2	2	1	0	0	0	0	0	0	0	0	0
3924	chr5:105006514-105875000	SBS5	2	2	0	2	0	0	0	0	0	0	0	0	0
3925	chr5:105875001-107263000	SBS18	2	2	0	1	0	0	0	0	0	0	0	0	0
3926	chr5:105875001-107263000	SBS3	2	2	0	2	0	0	0	0	0	0	0	0	0
3927	chr5:107859001-108391000	SBS3	2	1	0	1	0	0	0	0	0	0	0	0	0
3928	chr5:108391001-108678000	SBS3	2	2	1	1	0	0	0	0	0	0	0	0	0
3929	chr5:108391001-108678000	SBS5	2	2	3	0	0	0	0	0	0	0	0	0	0
3930	chr5:108678001-109197000	SBS3	2	1	0	1	0	0	0	0	0	0	0	0	0
3931	chr5:109882001-110118000	SBS3	2	1	0	1	0	0	0	0	0	0	0	0	0
3932	chr5:11004001-14141000	SBS3	2	2	5	4	0	0	0	0	0	0	0	0	0
3933	chr5:11004001-14141000	SBS5	2	2	2	1	0	0	0	0	0	0	0	0	0
3934	chr5:110118001-110735000	SBS1	2	2	1	0	0	0	0	0	0	0	0	0	0
3935	chr5:110118001-110735000	SBS18	2	2	0	1	0	0	0	0	0	0	0	0	0
3936	chr5:110118001-110735000	SBS3	2	2	0	2	0	0	0	0	0	0	0	0	0
3937	chr5:110770001-111061000	SBS3	3	2	0	1	0	0	0	0	0	0	0	0	0
3938	chr5:111061001-112703000	SBS3	2	1	2	5	0	0	0	0	0	0	0	0	0
3939	chr5:112703001-113032000	SBS2	1	0	1	0	0	0	0	0	0	0	0	0	0
3940	chr5:113615001-114062085	SBS3	2	2	3	1	0	0	0	0	0	0	0	0	0
3941	chr5:114072532-114501000	SBS5	2	1	1	0	0	0	0	0	0	0	0	0	0
3942	chr5:114501001-115064000	SBS1	3	2	0	0	1	0	0	0	0	0	0	0	0
3943	chr5:114501001-115064000	SBS3	3	2	2	0	1	0	0	0	0	0	0	0	0
3944	chr5:114501001-115064000	SBS5	3	2	1	0	0	0	0	0	0	0	0	0	0
3945	chr5:115064001-115598000	SBS3	1	1	2	0	0	0	0	0	0	0	0	0	0
3946	chr5:115064001-115598000	SBS5	1	1	2	0	0	0	0	0	0	0	0	0	0
3947	chr5:115871001-116577000	SBS3	2	1	1	0	0	0	0	0	0	0	0	0	0
3948	chr5:115871001-116577000	SBS5	2	1	0	1	0	0	0	0	0	0	0	0	0
3949	chr5:116577001-118981000	SBS1	2	2	1	0	0	0	0	0	0	0	0	0	0
3950	chr5:116577001-118981000	SBS3	2	2	6	7	0	0	0	0	0	0	0	0	0
3951	chr5:118981001-119543000	SBS3	1	1	2	0	0	0	0	0	0	0	0	0	0
3952	chr5:119543001-121959500	SBS1	2	2	0	1	0	0	0	0	0	0	0	0	0
3953	chr5:119543001-121959500	SBS13	2	2	1	0	0	0	0	0	0	0	0	0	0
3954	chr5:119543001-121959500	SBS3	2	2	5	7	0	0	0	0	0	0	0	0	0
3955	chr5:122031001-122769000	SBS5	2	1	0	1	0	0	0	0	0	0	0	0	0
3956	chr5:122853001-123338000	SBS3	2	1	0	1	0	0	0	0	0	0	0	0	0
3957	chr5:123338001-123621000	SBS13	1	0	1	0	0	0	0	0	0	0	0	0	0
3958	chr5:123621001-124580000	SBS1	2	2	1	0	0	0	0	0	0	0	0	0	0
3959	chr5:123621001-124580000	SBS13	2	2	1	0	0	0	0	0	0	0	0	0	0
3960	chr5:123621001-124580000	SBS3	2	2	3	2	0	0	0	0	0	0	0	0	0
3961	chr5:123621001-124580000	SBS5	2	2	5	1	0	0	0	0	0	0	0	0	0
3962	chr5:124580001-125067000	SBS2	2	1	0	1	0	0	0	0	0	0	0	0	0
3963	chr5:124580001-125067000	SBS3	2	1	1	2	0	0	0	0	0	0	0	0	0
3964	chr5:124580001-125067000	SBS5	2	1	1	0	0	0	0	0	0	0	0	0	0
3965	chr5:125067001-125513000	SBS3	2	1	0	1	0	0	0	0	0	0	0	0	0
3966	chr5:125513001-126312000	SBS3	2	2	0	2	0	0	0	0	0	0	0	0	0
3967	chr5:125513001-126312000	SBS5	2	2	0	2	0	0	0	0	0	0	0	0	0
3968	chr5:126519557-126775000	SBS2	2	1	1	0	0	0	0	0	0	0	0	0	0
3969	chr5:126519557-126775000	SBS3	2	1	1	0	0	0	0	0	0	0	0	0	0
3970	chr5:126775001-127081000	SBS3	2	0	0	1	0	0	0	0	0	0	0	0	0
3971	chr5:127081001-127871000	SBS3	2	1	0	1	0	0	0	0	0	0	0	0	0
3972	chr5:127081001-127871000	SBS5	2	1	0	2	0	0	0	0	0	0	0	0	0
3973	chr5:128215001-129085000	SBS1	2	2	1	1	0	0	0	0	0	0	0	0	0
3974	chr5:128215001-129085000	SBS3	2	2	2	1	0	0	0	0	0	0	0	0	0
3975	chr5:128215001-129085000	SBS5	2	2	1	0	0	0	0	0	0	0	0	0	0
3976	chr5:129136001-131152000	SBS3	2	2	4	5	0	0	0	0	0	0	0	0	0
3977	chr5:129136001-131152000	SBS5	2	2	1	3	0	0	0	0	0	0	0	0	0
3978	chr5:131152001-131811000	SBS3	1	0	1	0	0	0	0	0	0	0	0	0	0
3979	chr5:131152001-131811000	SBS5	1	0	2	0	0	0	0	0	0	0	0	0	0
3980	chr5:131811001-131937000	SBS3	2	2	0	1	0	0	0	0	0	0	0	0	0
3981	chr5:132503001-133121000	SBS18	2	1	1	0	0	0	0	0	0	0	0	0	0
3982	chr5:132503001-133121000	SBS3	2	1	1	1	0	0	0	0	0	0	0	0	0
3983	chr5:132503001-133121000	SBS5	2	1	1	0	0	0	0	0	0	0	0	0	0
3984	chr5:133121001-133926000	SBS1	2	1	0	2	0	0	0	0	0	0	0	0	0
3985	chr5:133121001-133926000	SBS5	2	1	1	0	0	0	0	0	0	0	0	0	0
3986	chr5:133926001-134960000	SBS3	2	1	0	2	0	0	0	0	0	0	0	0	0
3987	chr5:134960001-135328000	SBS3	2	1	0	2	0	0	0	0	0	0	0	0	0
3988	chr5:134960001-135328000	SBS5	2	1	0	1	0	0	0	0	0	0	0	0	0
3989	chr5:1351001-1500000	SBS1	4	2	0	1	0	0	0	0	0	0	0	0	0
3990	chr5:1351001-1500000	SBS3	4	2	0	0	0	1	0	0	0	0	0	0	0
3991	chr5:135328001-135430000	SBS3	1	1	2	0	0	0	0	0	0	0	0	0	0
3992	chr5:135430001-136010000	SBS1	2	1	0	2	0	0	0	0	0	0	0	0	0
3993	chr5:135430001-136010000	SBS13	2	1	0	1	0	0	0	0	0	0	0	0	0
3994	chr5:135430001-136010000	SBS3	2	1	0	1	0	0	0	0	0	0	0	0	0
3995	chr5:135430001-136010000	SBS5	2	1	1	1	0	0	0	0	0	0	0	0	0
3996	chr5:136215001-137521000	SBS13	2	2	0	1	0	0	0	0	0	0	0	0	0
3997	chr5:136215001-137521000	SBS3	2	2	1	3	0	0	0	0	0	0	0	0	0
3998	chr5:136215001-137521000	SBS5	2	2	0	2	0	0	0	0	0	0	0	0	0
3999	chr5:137521001-139267000	SBS3	2	1	1	4	0	0	0	0	0	0	0	0	0
4000	chr5:139267001-139714000	SBS1	2	0	3	0	0	0	0	0	0	0	0	0	0
4001	chr5:139267001-139714000	SBS3	2	0	3	2	0	0	0	0	0	0	0	0	0
4002	chr5:139714001-140105000	SBS3	2	1	1	0	0	0	0	0	0	0	0	0	0
4003	chr5:140124001-140717000	SBS3	1	1	3	0	0	0	0	0	0	0	0	0	0
4004	chr5:140124001-140717000	SBS5	1	1	1	0	0	0	0	0	0	0	0	0	0
4005	chr5:140717001-141506000	SBS1	2	2	0	3	0	0	0	0	0	0	0	0	0
4006	chr5:140717001-141506000	SBS3	2	2	2	1	0	0	0	0	0	0	0	0	0
4007	chr5:14141001-14288000	SBS1	1	1	1	0	0	0	0	0	0	0	0	0	0
4008	chr5:142708001-143452000	SBS3	1	0	2	0	0	0	0	0	0	0	0	0	0
4009	chr5:14288001-14646000	SBS2	2	1	0	2	0	0	0	0	0	0	0	0	0
4010	chr5:14288001-14646000	SBS3	2	1	0	1	0	0	0	0	0	0	0	0	0
4011	chr5:143452001-143866000	SBS18	2	1	0	1	0	0	0	0	0	0	0	0	0
4012	chr5:143452001-143866000	SBS2	2	1	0	1	0	0	0	0	0	0	0	0	0
4013	chr5:143452001-143866000	SBS3	2	1	0	1	0	0	0	0	0	0	0	0	0
4014	chr5:143866001-144138000	SBS18	2	1	0	1	0	0	0	0	0	0	0	0	0
4015	chr5:143866001-144138000	SBS2	2	1	1	0	0	0	0	0	0	0	0	0	0
4016	chr5:143866001-144138000	SBS3	2	1	1	0	0	0	0	0	0	0	0	0	0
4017	chr5:144205001-145583000	SBS3	2	2	0	1	0	0	0	0	0	0	0	0	0
4018	chr5:144205001-145583000	SBS5	2	2	1	0	0	0	0	0	0	0	0	0	0
4019	chr5:145583001-146108000	SBS3	2	1	0	1	0	0	0	0	0	0	0	0	0
4020	chr5:146108001-146295000	SBS3	2	0	2	0	0	0	0	0	0	0	0	0	0
4021	chr5:146108001-146295000	SBS5	2	0	1	0	0	0	0	0	0	0	0	0	0
4022	chr5:146295001-146420000	SBS3	2	2	1	0	0	0	0	0	0	0	0	0	0
4023	chr5:14646001-15018000	SBS3	2	1	1	1	0	0	0	0	0	0	0	0	0
4024	chr5:146515001-148175000	SBS1	2	2	1	0	0	0	0	0	0	0	0	0	0
4025	chr5:146515001-148175000	SBS3	2	2	0	4	0	0	0	0	0	0	0	0	0
4026	chr5:146515001-148175000	SBS5	2	2	2	0	0	0	0	0	0	0	0	0	0
4027	chr5:148175001-149484000	SBS3	2	1	2	0	0	0	0	0	0	0	0	0	0
4028	chr5:149584001-150177000	SBS3	2	1	2	0	0	0	0	0	0	0	0	0	0
4029	chr5:1500001-1837500	SBS13	2	2	0	1	0	0	0	0	0	0	0	0	0
4030	chr5:1500001-1837500	SBS3	2	2	4	2	0	0	0	0	0	0	0	0	0
4031	chr5:1500001-1837500	SBS5	2	2	0	1	0	0	0	0	0	0	0	0	0
4032	chr5:150177001-150698000	SBS18	3	1	0	1	0	0	0	0	0	0	0	0	0
4033	chr5:150177001-150698000	SBS3	3	1	0	1	2	0	0	0	0	0	0	0	0
4034	chr5:15018001-16426577	SBS13	2	2	0	1	0	0	0	0	0	0	0	0	0
4035	chr5:15018001-16426577	SBS3	2	2	2	4	0	0	0	0	0	0	0	0	0
4036	chr5:150698001-150804000	SBS1	3	1	1	0	0	0	0	0	0	0	0	0	0
4037	chr5:150698001-150804000	SBS5	3	1	1	0	0	0	0	0	0	0	0	0	0
4038	chr5:151266001-151644000	SBS3	4	2	0	0	1	0	0	0	0	0	0	0	0
4039	chr5:151830001-153949000	SBS1	4	2	1	0	0	0	0	0	0	0	0	0	0
4040	chr5:151830001-153949000	SBS13	4	2	0	1	0	0	0	0	0	0	0	0	0
4041	chr5:151830001-153949000	SBS18	4	2	0	0	1	0	0	0	0	0	0	0	0
4042	chr5:151830001-153949000	SBS2	4	2	0	0	1	0	0	0	0	0	0	0	0
4043	chr5:151830001-153949000	SBS3	4	2	3	3	2	1	0	0	0	0	0	0	0
4044	chr5:151830001-153949000	SBS5	4	2	0	3	0	0	0	0	0	0	0	0	0
4045	chr5:153949001-154477000	SBS3	3	1	0	0	1	0	0	0	0	0	0	0	0
4046	chr5:154797001-154975000	SBS3	3	1	0	0	3	0	0	0	0	0	0	0	0
4047	chr5:154975001-156802000	SBS13	4	2	0	0	1	0	0	0	0	0	0	0	0
4048	chr5:154975001-156802000	SBS18	4	2	0	0	1	0	0	0	0	0	0	0	0
4049	chr5:154975001-156802000	SBS3	4	2	2	0	2	3	0	0	0	0	0	0	0
4050	chr5:154975001-156802000	SBS5	4	2	0	2	0	1	0	0	0	0	0	0	0
4051	chr5:156802001-157780000	SBS3	3	1	0	3	2	0	0	0	0	0	0	0	0
4052	chr5:156802001-157780000	SBS5	3	1	0	1	0	0	0	0	0	0	0	0	0
4053	chr5:157861001-159156000	SBS1	4	2	0	0	0	1	0	0	0	0	0	0	0
4054	chr5:157861001-159156000	SBS13	4	2	0	0	1	0	0	0	0	0	0	0	0
4055	chr5:157861001-159156000	SBS2	4	2	1	0	0	1	0	0	0	0	0	0	0
4056	chr5:157861001-159156000	SBS3	4	2	1	1	2	1	0	0	0	0	0	0	0
4057	chr5:157861001-159156000	SBS5	4	2	0	1	0	0	0	0	0	0	0	0	0
4058	chr5:159215001-160391000	SBS3	3	2	0	1	3	0	0	0	0	0	0	0	0
4059	chr5:159215001-160391000	SBS5	3	2	0	0	1	0	0	0	0	0	0	0	0
4060	chr5:160483001-162676783	SBS1	4	2	0	0	1	0	0	0	0	0	0	0	0
4061	chr5:160483001-162676783	SBS2	4	2	0	0	2	1	0	0	0	0	0	0	0
4062	chr5:160483001-162676783	SBS3	4	2	0	1	4	2	0	0	0	0	0	0	0
4063	chr5:160483001-162676783	SBS5	4	2	0	0	1	1	0	0	0	0	0	0	0
4064	chr5:162705426-163429500	SBS18	2	2	0	1	0	0	0	0	0	0	0	0	0
4065	chr5:162705426-163429500	SBS3	2	2	0	2	0	0	0	0	0	0	0	0	0
4066	chr5:162705426-163429500	SBS5	2	2	0	1	0	0	0	0	0	0	0	0	0
4067	chr5:163429501-163512000	SBS3	1	0	1	0	0	0	0	0	0	0	0	0	0
4068	chr5:163512001-163556406	SBS2	2	1	0	1	0	0	0	0	0	0	0	0	0
4069	chr5:163556407-163684044	SBS5	2	0	0	1	0	0	0	0	0	0	0	0	0
4070	chr5:163684045-168266000	SBS13	2	2	0	1	0	0	0	0	0	0	0	0	0
4071	chr5:163684045-168266000	SBS18	2	2	0	2	0	0	0	0	0	0	0	0	0
4072	chr5:163684045-168266000	SBS3	2	2	6	8	0	0	0	0	0	0	0	0	0
4073	chr5:163684045-168266000	SBS5	2	2	2	0	0	0	0	0	0	0	0	0	0
4074	chr5:16491001-18694000	SBS13	2	2	0	2	0	0	0	0	0	0	0	0	0
4075	chr5:16491001-18694000	SBS3	2	2	6	5	0	0	0	0	0	0	0	0	0
4076	chr5:168702001-169575000	SBS18	2	2	0	2	0	0	0	0	0	0	0	0	0
4077	chr5:169575001-170439000	SBS1	2	1	0	1	0	0	0	0	0	0	0	0	0
4078	chr5:169575001-170439000	SBS13	2	1	0	1	0	0	0	0	0	0	0	0	0
4079	chr5:170439001-171860000	SBS1	2	2	1	0	0	0	0	0	0	0	0	0	0
4080	chr5:170439001-171860000	SBS3	2	2	4	2	0	0	0	0	0	0	0	0	0
4081	chr5:170439001-171860000	SBS5	2	2	3	0	0	0	0	0	0	0	0	0	0
4082	chr5:171860001-172011000	SBS5	1	0	1	0	0	0	0	0	0	0	0	0	0
4083	chr5:172011001-172764000	SBS13	2	1	1	0	0	0	0	0	0	0	0	0	0
4084	chr5:172011001-172764000	SBS3	2	1	0	1	0	0	0	0	0	0	0	0	0
4085	chr5:172779001-173151000	SBS2	2	1	0	1	0	0	0	0	0	0	0	0	0
4086	chr5:172779001-173151000	SBS3	2	1	3	1	0	0	0	0	0	0	0	0	0
4087	chr5:173462501-173883000	SBS3	1	1	4	0	0	0	0	0	0	0	0	0	0
4088	chr5:173926001-173975000	SBS3	1	0	1	0	0	0	0	0	0	0	0	0	0
4089	chr5:173975001-176338000	SBS3	2	2	0	4	0	0	0	0	0	0	0	0	0
4090	chr5:173975001-176338000	SBS5	2	2	1	3	0	0	0	0	0	0	0	0	0
4091	chr5:176338001-176530500	SBS1	2	1	1	0	0	0	0	0	0	0	0	0	0
4092	chr5:176338001-176530500	SBS13	2	1	1	0	0	0	0	0	0	0	0	0	0
4093	chr5:176338001-176530500	SBS3	2	1	1	0	0	0	0	0	0	0	0	0	0
4094	chr5:176543001-176896000	SBS1	3	1	1	0	0	0	0	0	0	0	0	0	0
4095	chr5:176896001-177564000	SBS5	2	1	0	1	0	0	0	0	0	0	0	0	0
4096	chr5:177564001-178586000	SBS1	2	1	0	1	0	0	0	0	0	0	0	0	0
4097	chr5:177564001-178586000	SBS3	2	1	0	4	0	0	0	0	0	0	0	0	0
4098	chr5:177564001-178586000	SBS5	2	1	1	0	0	0	0	0	0	0	0	0	0
4099	chr5:178645001-179544000	SBS1	3	2	0	0	1	0	0	0	0	0	0	0	0
4100	chr5:178645001-179544000	SBS2	3	2	0	0	1	0	0	0	0	0	0	0	0
4101	chr5:178645001-179544000	SBS3	3	2	2	1	2	0	0	0	0	0	0	0	0
4102	chr5:178645001-179544000	SBS5	3	2	1	0	0	0	0	0	0	0	0	0	0
4103	chr5:180098001-180488000	SBS3	3	2	2	0	0	0	0	0	0	0	0	0	0
4104	chr5:180593001-181538259	SBS3	2	2	0	2	0	0	0	0	0	0	0	0	0
4105	chr5:1837501-6353000	SBS1	3	2	0	0	1	0	0	0	0	0	0	0	0
4106	chr5:1837501-6353000	SBS18	3	2	0	0	2	0	0	0	0	0	0	0	0
4107	chr5:1837501-6353000	SBS2	3	2	0	1	0	0	0	0	0	0	0	0	0
4108	chr5:1837501-6353000	SBS3	3	2	0	4	3	0	0	0	0	0	0	0	0
4109	chr5:1837501-6353000	SBS5	3	2	1	1	1	0	0	0	0	0	0	0	0
4110	chr5:18778001-31388000	SBS1	3	2	0	0	2	0	0	0	0	0	0	0	0
4111	chr5:18778001-31388000	SBS13	3	2	0	0	1	0	0	0	0	0	0	0	0
4112	chr5:18778001-31388000	SBS18	3	2	0	0	1	0	0	0	0	0	0	0	0
4113	chr5:18778001-31388000	SBS2	3	2	0	1	2	0	0	0	0	0	0	0	0
4114	chr5:18778001-31388000	SBS3	3	2	5	12	22	0	0	0	0	0	0	0	0
4115	chr5:18778001-31388000	SBS5	3	2	3	1	4	0	0	0	0	0	0	0	0
4116	chr5:31388001-31583000	SBS3	2	1	0	1	0	0	0	0	0	0	0	0	0
4117	chr5:31583001-32093000	SBS1	2	2	0	1	0	0	0	0	0	0	0	0	0
4118	chr5:32615001-33435000	SBS3	2	2	0	5	0	0	0	0	0	0	0	0	0
4119	chr5:32615001-33435000	SBS5	2	2	0	1	0	0	0	0	0	0	0	0	0
4120	chr5:33442001-34454479	SBS3	2	1	2	2	0	0	0	0	0	0	0	0	0
4121	chr5:33442001-34454479	SBS5	2	1	1	1	0	0	0	0	0	0	0	0	0
4122	chr5:34455046-36147000	SBS13	2	1	0	1	0	0	0	0	0	0	0	0	0
4123	chr5:34455046-36147000	SBS3	2	1	5	2	0	0	0	0	0	0	0	0	0
4124	chr5:34455046-36147000	SBS5	2	1	1	0	0	0	0	0	0	0	0	0	0
4125	chr5:36391120-36870000	SBS1	2	1	0	1	0	0	0	0	0	0	0	0	0
4126	chr5:37061001-37768000	SBS2	2	1	1	0	0	0	0	0	0	0	0	0	0
4127	chr5:37061001-37768000	SBS3	2	1	1	1	0	0	0	0	0	0	0	0	0
4128	chr5:37768001-38414000	SBS1	2	2	0	1	0	0	0	0	0	0	0	0	0
4129	chr5:37768001-38414000	SBS3	2	2	0	2	0	0	0	0	0	0	0	0	0
4130	chr5:37768001-38414000	SBS5	2	2	0	1	0	0	0	0	0	0	0	0	0
4131	chr5:38668008-38940000	SBS3	2	1	0	1	0	0	0	0	0	0	0	0	0
4132	chr5:38940001-39081000	SBS3	1	0	1	0	0	0	0	0	0	0	0	0	0
4133	chr5:39081001-39596725	SBS3	2	1	0	1	0	0	0	0	0	0	0	0	0
4134	chr5:39620814-40354000	SBS1	2	1	0	1	0	0	0	0	0	0	0	0	0
4135	chr5:39620814-40354000	SBS3	2	1	1	0	0	0	0	0	0	0	0	0	0
4136	chr5:39620814-40354000	SBS5	2	1	1	0	0	0	0	0	0	0	0	0	0
4137	chr5:40354001-40853000	SBS2	2	1	1	0	0	0	0	0	0	0	0	0	0
4138	chr5:40354001-40853000	SBS3	2	1	2	0	0	0	0	0	0	0	0	0	0
4139	chr5:40853001-41728000	SBS13	3	2	0	1	0	0	0	0	0	0	0	0	0
4140	chr5:40853001-41728000	SBS18	3	2	0	0	1	0	0	0	0	0	0	0	0
4141	chr5:40853001-41728000	SBS3	3	2	1	0	0	0	0	0	0	0	0	0	0
4142	chr5:40853001-41728000	SBS5	3	2	1	0	2	0	0	0	0	0	0	0	0
4143	chr5:41728001-41956000	SBS3	2	1	0	1	0	0	0	0	0	0	0	0	0
4144	chr5:41956001-42577000	SBS3	2	2	0	1	0	0	0	0	0	0	0	0	0
4145	chr5:42577001-43478000	SBS13	2	1	0	1	0	0	0	0	0	0	0	0	0
4146	chr5:42577001-43478000	SBS2	2	1	1	0	0	0	0	0	0	0	0	0	0
4147	chr5:42577001-43478000	SBS3	2	1	0	1	0	0	0	0	0	0	0	0	0
4148	chr5:43478001-43688000	SBS1	2	0	1	0	0	0	0	0	0	0	0	0	0
4149	chr5:43688001-44495000	SBS13	2	2	0	1	0	0	0	0	0	0	0	0	0
4150	chr5:43688001-44495000	SBS2	2	2	0	1	0	0	0	0	0	0	0	0	0
4151	chr5:43688001-44495000	SBS3	2	2	1	1	0	0	0	0	0	0	0	0	0
4152	chr5:43688001-44495000	SBS5	2	2	1	1	0	0	0	0	0	0	0	0	0
4153	chr5:44495001-44890000	SBS1	1	1	1	0	0	0	0	0	0	0	0	0	0
4154	chr5:44495001-44890000	SBS18	1	1	1	0	0	0	0	0	0	0	0	0	0
4155	chr5:44495001-44890000	SBS3	1	1	2	0	0	0	0	0	0	0	0	0	0
4156	chr5:44890001-45812000	SBS1	2	2	0	1	0	0	0	0	0	0	0	0	0
4157	chr5:44890001-45812000	SBS3	2	2	0	5	0	0	0	0	0	0	0	0	0
4158	chr5:44890001-45812000	SBS5	2	2	0	1	0	0	0	0	0	0	0	0	0
4159	chr5:45812001-48272853	SBS13	3	3	0	0	1	0	0	0	0	0	0	0	0
4160	chr5:45812001-48272853	SBS2	3	3	0	0	1	0	0	0	0	0	0	0	0
4161	chr5:45812001-48272853	SBS3	3	3	4	3	2	0	0	0	0	0	0	0	0
4162	chr5:48272854-50854000	SBS13	2	1	2	0	0	0	0	0	0	0	0	0	0
4163	chr5:48272854-50854000	SBS3	2	1	4	0	0	0	0	0	0	0	0	0	0
4164	chr5:48272854-50854000	SBS5	2	1	1	0	0	0	0	0	0	0	0	0	0
4165	chr5:50854001-52652000	SBS1	2	2	0	1	0	0	0	0	0	0	0	0	0
4166	chr5:50854001-52652000	SBS2	2	2	0	1	0	0	0	0	0	0	0	0	0
4167	chr5:50854001-52652000	SBS3	2	2	2	7	0	0	0	0	0	0	0	0	0
4168	chr5:50854001-52652000	SBS5	2	2	0	1	0	0	0	0	0	0	0	0	0
4169	chr5:52652001-53122000	SBS5	2	0	0	1	0	0	0	0	0	0	0	0	0
4170	chr5:53122001-53881500	SBS3	2	1	0	3	0	0	0	0	0	0	0	0	0
4171	chr5:53881501-55716000	SBS1	1	1	2	0	0	0	0	0	0	0	0	0	0
4172	chr5:53881501-55716000	SBS18	1	1	1	0	0	0	0	0	0	0	0	0	0
4173	chr5:53881501-55716000	SBS2	1	1	2	0	0	0	0	0	0	0	0	0	0
4174	chr5:53881501-55716000	SBS3	1	1	10	0	0	0	0	0	0	0	0	0	0
4175	chr5:53881501-55716000	SBS5	1	1	4	0	0	0	0	0	0	0	0	0	0
4176	chr5:55716001-55930000	SBS3	2	1	2	0	0	0	0	0	0	0	0	0	0
4177	chr5:55716001-55930000	SBS5	2	1	1	0	0	0	0	0	0	0	0	0	0
4178	chr5:56103026-56409000	SBS1	1	0	1	0	0	0	0	0	0	0	0	0	0
4179	chr5:56103026-56409000	SBS3	1	0	3	0	0	0	0	0	0	0	0	0	0
4180	chr5:56103026-56409000	SBS5	1	0	1	0	0	0	0	0	0	0	0	0	0
4181	chr5:56959001-57172000	SBS3	2	0	2	0	0	0	0	0	0	0	0	0	0
4182	chr5:56959001-57172000	SBS5	2	0	2	0	0	0	0	0	0	0	0	0	0
4183	chr5:57265001-59821000	SBS3	1	0	2	0	0	0	0	0	0	0	0	0	0
4184	chr5:59821001-60588000	SBS3	2	1	2	2	0	0	0	0	0	0	0	0	0
4185	chr5:60897001-61686000	SBS3	1	0	2	0	0	0	0	0	0	0	0	0	0
4186	chr5:61686001-62214000	SBS2	2	0	1	0	0	0	0	0	0	0	0	0	0
4187	chr5:61686001-62214000	SBS5	2	0	2	0	0	0	0	0	0	0	0	0	0
4188	chr5:62634001-62793000	SBS3	2	0	0	2	0	0	0	0	0	0	0	0	0
4189	chr5:62793001-64495000	SBS1	2	0	1	0	0	0	0	0	0	0	0	0	0
4190	chr5:62793001-64495000	SBS2	2	0	0	1	0	0	0	0	0	0	0	0	0
4191	chr5:62793001-64495000	SBS3	2	0	0	1	0	0	0	0	0	0	0	0	0
4192	chr5:65108001-65553000	SBS3	2	0	0	1	0	0	0	0	0	0	0	0	0
4193	chr5:65553001-66187000	SBS1	1	0	1	0	0	0	0	0	0	0	0	0	0
4194	chr5:66187001-66522000	SBS3	2	0	1	0	0	0	0	0	0	0	0	0	0
4195	chr5:66522001-66978000	SBS1	1	0	1	0	0	0	0	0	0	0	0	0	0
4196	chr5:67250501-68212000	SBS2	1	0	2	0	0	0	0	0	0	0	0	0	0
4197	chr5:67250501-68212000	SBS3	1	0	5	0	0	0	0	0	0	0	0	0	0
4198	chr5:6774001-10249000	SBS1	3	2	0	0	1	0	0	0	0	0	0	0	0
4199	chr5:6774001-10249000	SBS18	3	2	0	0	1	0	0	0	0	0	0	0	0
4200	chr5:6774001-10249000	SBS3	3	2	5	0	5	0	0	0	0	0	0	0	0
4201	chr5:6774001-10249000	SBS5	3	2	0	1	1	0	0	0	0	0	0	0	0
4202	chr5:68467001-71453000	SBS18	2	0	0	1	0	0	0	0	0	0	0	0	0
4203	chr5:68467001-71453000	SBS2	2	0	1	0	0	0	0	0	0	0	0	0	0
4204	chr5:68467001-71453000	SBS3	2	0	1	1	0	0	0	0	0	0	0	0	0
4205	chr5:68467001-71453000	SBS5	2	0	1	0	0	0	0	0	0	0	0	0	0
4206	chr5:71453001-71660000	SBS3	1	0	1	0	0	0	0	0	0	0	0	0	0
4207	chr5:71453001-71660000	SBS5	1	0	2	0	0	0	0	0	0	0	0	0	0
4208	chr5:71660001-72221000	SBS3	2	0	1	0	0	0	0	0	0	0	0	0	0
4209	chr5:72371001-72813000	SBS18	2	0	1	0	0	0	0	0	0	0	0	0	0
4210	chr5:72371001-72813000	SBS2	2	0	1	0	0	0	0	0	0	0	0	0	0
4211	chr5:72371001-72813000	SBS3	2	0	4	0	0	0	0	0	0	0	0	0	0
4212	chr5:72371001-72813000	SBS5	2	0	1	0	0	0	0	0	0	0	0	0	0
4213	chr5:72915001-75327000	SBS3	1	0	3	0	0	0	0	0	0	0	0	0	0
4214	chr5:72915001-75327000	SBS5	1	0	1	0	0	0	0	0	0	0	0	0	0
4215	chr5:75725001-76261000	SBS3	2	0	1	2	0	0	0	0	0	0	0	0	0
4216	chr5:76740001-77684000	SBS1	1	0	1	0	0	0	0	0	0	0	0	0	0
4217	chr5:76740001-77684000	SBS3	1	0	5	0	0	0	0	0	0	0	0	0	0
4218	chr5:76740001-77684000	SBS5	1	0	1	0	0	0	0	0	0	0	0	0	0
4219	chr5:77782001-77999000	SBS5	2	0	0	1	0	0	0	0	0	0	0	0	0
4220	chr5:77999001-78616000	SBS1	1	0	1	0	0	0	0	0	0	0	0	0	0
4221	chr5:77999001-78616000	SBS3	1	0	2	0	0	0	0	0	0	0	0	0	0
4222	chr5:78616001-79610000	SBS2	1	0	1	0	0	0	0	0	0	0	0	0	0
4223	chr5:78616001-79610000	SBS3	1	0	1	0	0	0	0	0	0	0	0	0	0
4224	chr5:79698001-80528000	SBS1	1	0	1	0	0	0	0	0	0	0	0	0	0
4225	chr5:79698001-80528000	SBS2	1	0	1	0	0	0	0	0	0	0	0	0	0
4226	chr5:79698001-80528000	SBS3	1	0	5	0	0	0	0	0	0	0	0	0	0
4227	chr5:79698001-80528000	SBS5	1	0	2	0	0	0	0	0	0	0	0	0	0
4228	chr5:80778001-81417000	SBS3	1	0	1	0	0	0	0	0	0	0	0	0	0
4229	chr5:81417001-82297000	SBS3	1	0	2	0	0	0	0	0	0	0	0	0	0
4230	chr5:81417001-82297000	SBS5	1	0	1	0	0	0	0	0	0	0	0	0	0
4231	chr5:82297001-83622000	SBS18	2	0	0	1	0	0	0	0	0	0	0	0	0
4232	chr5:82297001-83622000	SBS3	2	0	0	1	0	0	0	0	0	0	0	0	0
4233	chr5:83622001-84652000	SBS1	2	0	3	0	0	0	0	0	0	0	0	0	0
4234	chr5:83622001-84652000	SBS13	2	0	0	1	0	0	0	0	0	0	0	0	0
4235	chr5:83622001-84652000	SBS18	2	0	0	1	0	0	0	0	0	0	0	0	0
4236	chr5:83622001-84652000	SBS3	2	0	3	1	0	0	0	0	0	0	0	0	0
4237	chr5:83622001-84652000	SBS5	2	0	1	0	0	0	0	0	0	0	0	0	0
4238	chr5:84652001-86322000	SBS3	2	0	1	1	0	0	0	0	0	0	0	0	0
4239	chr5:86322001-86962000	SBS3	2	0	1	0	0	0	0	0	0	0	0	0	0
4240	chr5:86322001-86962000	SBS5	2	0	1	0	0	0	0	0	0	0	0	0	0
4241	chr5:87415001-88192000	SBS3	2	0	1	0	0	0	0	0	0	0	0	0	0
4242	chr5:87415001-88192000	SBS5	2	0	1	2	0	0	0	0	0	0	0	0	0
4243	chr5:88291001-88662000	SBS3	2	0	2	0	0	0	0	0	0	0	0	0	0
4244	chr5:88662001-89619000	SBS13	1	0	1	0	0	0	0	0	0	0	0	0	0
4245	chr5:88662001-89619000	SBS2	1	0	2	0	0	0	0	0	0	0	0	0	0
4246	chr5:88662001-89619000	SBS3	1	0	1	0	0	0	0	0	0	0	0	0	0
4247	chr5:89619001-90386000	SBS3	2	0	1	0	0	0	0	0	0	0	0	0	0
4248	chr5:90535001-91096000	SBS3	2	0	1	0	0	0	0	0	0	0	0	0	0
4249	chr5:91096001-91513000	SBS3	1	0	1	0	0	0	0	0	0	0	0	0	0
4250	chr5:91513001-92506522	SBS5	2	0	0	1	0	0	0	0	0	0	0	0	0
4251	chr5:92506523-93564000	SBS3	2	2	2	3	0	0	0	0	0	0	0	0	0
4252	chr5:93564001-94884000	SBS13	2	1	0	1	0	0	0	0	0	0	0	0	0
4253	chr5:93564001-94884000	SBS3	2	1	1	0	0	0	0	0	0	0	0	0	0
4254	chr5:94884001-95456000	SBS3	2	2	6	0	0	0	0	0	0	0	0	0	0
4255	chr5:94884001-95456000	SBS5	2	2	1	1	0	0	0	0	0	0	0	0	0
4256	chr5:95967001-96640000	SBS1	2	1	0	1	0	0	0	0	0	0	0	0	0
4257	chr5:95967001-96640000	SBS3	2	1	0	1	0	0	0	0	0	0	0	0	0
4258	chr5:95967001-96640000	SBS5	2	1	0	1	0	0	0	0	0	0	0	0	0
4259	chr5:97020001-97244000	SBS3	2	1	2	0	0	0	0	0	0	0	0	0	0
4260	chr5:97244001-98767000	SBS13	2	2	1	0	0	0	0	0	0	0	0	0	0
4261	chr5:97244001-98767000	SBS2	2	2	1	0	0	0	0	0	0	0	0	0	0
4262	chr5:97244001-98767000	SBS3	2	2	2	1	0	0	0	0	0	0	0	0	0
4263	chr5:98767001-99063000	SBS18	2	0	1	0	0	0	0	0	0	0	0	0	0
4264	chr5:98767001-99063000	SBS3	2	0	0	1	0	0	0	0	0	0	0	0	0
4265	chr5:99063001-100412000	SBS1	2	2	0	2	0	0	0	0	0	0	0	0	0
4266	chr5:99063001-100412000	SBS13	2	2	0	1	0	0	0	0	0	0	0	0	0
4267	chr5:99063001-100412000	SBS3	2	2	0	2	0	0	0	0	0	0	0	0	0
4268	chr5:99063001-100412000	SBS5	2	2	1	1	0	0	0	0	0	0	0	0	0
4269	chr6:100502001-100907000	SBS3	1	0	2	0	0	0	0	0	0	0	0	0	0
4270	chr6:100907001-104459000	SBS13	2	1	1	0	0	0	0	0	0	0	0	0	0
4271	chr6:100907001-104459000	SBS2	2	1	0	1	0	0	0	0	0	0	0	0	0
4272	chr6:100907001-104459000	SBS3	2	1	1	1	0	0	0	0	0	0	0	0	0
4273	chr6:100907001-104459000	SBS5	2	1	2	0	0	0	0	0	0	0	0	0	0
4274	chr6:105357001-106642000	SBS3	1	0	2	0	0	0	0	0	0	0	0	0	0
4275	chr6:106642001-107285000	SBS1	2	0	1	0	0	0	0	0	0	0	0	0	0
4276	chr6:106642001-107285000	SBS2	2	0	1	0	0	0	0	0	0	0	0	0	0
4277	chr6:106642001-107285000	SBS3	2	0	1	0	0	0	0	0	0	0	0	0	0
4278	chr6:106642001-107285000	SBS5	2	0	1	0	0	0	0	0	0	0	0	0	0
4279	chr6:107285001-108555000	SBS3	1	0	2	0	0	0	0	0	0	0	0	0	0
4280	chr6:109098001-109529000	SBS3	1	0	1	0	0	0	0	0	0	0	0	0	0
4281	chr6:109529001-111328000	SBS18	2	0	1	0	0	0	0	0	0	0	0	0	0
4282	chr6:109529001-111328000	SBS3	2	0	3	0	0	0	0	0	0	0	0	0	0
4283	chr6:109529001-111328000	SBS5	2	0	4	1	0	0	0	0	0	0	0	0	0
4284	chr6:111328001-112089000	SBS18	1	0	1	0	0	0	0	0	0	0	0	0	0
4285	chr6:111328001-112089000	SBS3	1	0	2	0	0	0	0	0	0	0	0	0	0
4286	chr6:112089001-112339000	SBS3	1	0	1	0	0	0	0	0	0	0	0	0	0
4287	chr6:112339001-113338000	SBS1	2	0	1	0	0	0	0	0	0	0	0	0	0
4288	chr6:112339001-113338000	SBS18	2	0	1	0	0	0	0	0	0	0	0	0	0
4289	chr6:112339001-113338000	SBS3	2	0	2	0	0	0	0	0	0	0	0	0	0
4290	chr6:112339001-113338000	SBS5	2	0	0	1	0	0	0	0	0	0	0	0	0
4291	chr6:113338001-113904000	SBS3	1	0	2	0	0	0	0	0	0	0	0	0	0
4292	chr6:113982001-114462000	SBS1	2	0	1	0	0	0	0	0	0	0	0	0	0
4293	chr6:113982001-114462000	SBS2	2	0	1	0	0	0	0	0	0	0	0	0	0
4294	chr6:113982001-114462000	SBS3	2	0	1	0	0	0	0	0	0	0	0	0	0
4295	chr6:114462001-116003000	SBS1	2	1	1	0	0	0	0	0	0	0	0	0	0
4296	chr6:114462001-116003000	SBS13	2	1	1	0	0	0	0	0	0	0	0	0	0
4297	chr6:114462001-116003000	SBS18	2	1	1	0	0	0	0	0	0	0	0	0	0
4298	chr6:114462001-116003000	SBS3	2	1	1	0	0	0	0	0	0	0	0	0	0
4299	chr6:116739501-117441000	SBS1	2	0	0	1	0	0	0	0	0	0	0	0	0
4300	chr6:116739501-117441000	SBS5	2	0	1	0	0	0	0	0	0	0	0	0	0
4301	chr6:117730001-118458000	SBS2	2	0	0	1	0	0	0	0	0	0	0	0	0
4302	chr6:117730001-118458000	SBS3	2	0	3	0	0	0	0	0	0	0	0	0	0
4303	chr6:117730001-118458000	SBS5	2	0	3	0	0	0	0	0	0	0	0	0	0
4304	chr6:118458001-118880000	SBS2	1	0	1	0	0	0	0	0	0	0	0	0	0
4305	chr6:118458001-118880000	SBS5	1	0	1	0	0	0	0	0	0	0	0	0	0
4306	chr6:119363001-119746000	SBS3	1	0	1	0	0	0	0	0	0	0	0	0	0
4307	chr6:119746001-121278000	SBS1	2	0	1	0	0	0	0	0	0	0	0	0	0
4308	chr6:119746001-121278000	SBS2	2	0	0	1	0	0	0	0	0	0	0	0	0
4309	chr6:119746001-121278000	SBS3	2	0	4	0	0	0	0	0	0	0	0	0	0
4310	chr6:119746001-121278000	SBS5	2	0	1	0	0	0	0	0	0	0	0	0	0
4311	chr6:121339001-122370000	SBS3	2	0	5	0	0	0	0	0	0	0	0	0	0
4312	chr6:122478001-122878000	SBS18	1	0	1	0	0	0	0	0	0	0	0	0	0
4313	chr6:122878001-124365254	SBS3	2	1	1	0	0	0	0	0	0	0	0	0	0
4314	chr6:122878001-124365254	SBS5	2	1	2	1	0	0	0	0	0	0	0	0	0
4315	chr6:124365255-125132000	SBS3	2	2	3	1	0	0	0	0	0	0	0	0	0
4316	chr6:125393001-125741000	SBS5	2	1	0	1	0	0	0	0	0	0	0	0	0
4317	chr6:125741001-126049000	SBS1	1	0	1	0	0	0	0	0	0	0	0	0	0
4318	chr6:126049001-127262000	SBS13	2	1	0	2	0	0	0	0	0	0	0	0	0
4319	chr6:126049001-127262000	SBS2	2	1	0	1	0	0	0	0	0	0	0	0	0
4320	chr6:126049001-127262000	SBS3	2	1	0	2	0	0	0	0	0	0	0	0	0
4321	chr6:127345501-127732000	SBS3	2	1	0	1	0	0	0	0	0	0	0	0	0
4322	chr6:127732001-128529000	SBS13	2	0	1	0	0	0	0	0	0	0	0	0	0
4323	chr6:127732001-128529000	SBS3	2	0	1	1	0	0	0	0	0	0	0	0	0
4324	chr6:127732001-128529000	SBS5	2	0	1	1	0	0	0	0	0	0	0	0	0
4325	chr6:128529001-129432000	SBS3	2	1	3	1	0	0	0	0	0	0	0	0	0
4326	chr6:129432001-129576000	SBS1	2	1	0	1	0	0	0	0	0	0	0	0	0
4327	chr6:129432001-129576000	SBS2	2	1	0	1	0	0	0	0	0	0	0	0	0
4328	chr6:129432001-129576000	SBS3	2	1	1	0	0	0	0	0	0	0	0	0	0
4329	chr6:129768001-131739000	SBS3	2	1	6	1	0	0	0	0	0	0	0	0	0
4330	chr6:129768001-131739000	SBS5	2	1	1	1	0	0	0	0	0	0	0	0	0
4331	chr6:131739001-132792000	SBS18	2	1	0	1	0	0	0	0	0	0	0	0	0
4332	chr6:131739001-132792000	SBS3	2	1	0	2	0	0	0	0	0	0	0	0	0
4333	chr6:132825001-133886000	SBS3	2	1	2	1	0	0	0	0	0	0	0	0	0
4334	chr6:133886001-134976000	SBS18	2	1	1	0	0	0	0	0	0	0	0	0	0
4335	chr6:133886001-134976000	SBS2	2	1	0	1	0	0	0	0	0	0	0	0	0
4336	chr6:133886001-134976000	SBS3	2	1	2	2	0	0	0	0	0	0	0	0	0
4337	chr6:133886001-134976000	SBS5	2	1	2	1	0	0	0	0	0	0	0	0	0
4338	chr6:135264001-136249000	SBS1	2	1	1	0	0	0	0	0	0	0	0	0	0
4339	chr6:135264001-136249000	SBS13	2	1	0	1	0	0	0	0	0	0	0	0	0
4340	chr6:135264001-136249000	SBS18	2	1	1	0	0	0	0	0	0	0	0	0	0
4341	chr6:135264001-136249000	SBS3	2	1	1	0	0	0	0	0	0	0	0	0	0
4342	chr6:135264001-136249000	SBS5	2	1	1	0	0	0	0	0	0	0	0	0	0
4343	chr6:136292001-137680000	SBS13	1	1	1	0	0	0	0	0	0	0	0	0	0
4344	chr6:136292001-137680000	SBS3	1	1	10	0	0	0	0	0	0	0	0	0	0
4345	chr6:136292001-137680000	SBS5	1	1	2	0	0	0	0	0	0	0	0	0	0
4346	chr6:137680001-137978000	SBS3	1	0	1	0	0	0	0	0	0	0	0	0	0
4347	chr6:137978001-138888000	SBS13	2	1	1	0	0	0	0	0	0	0	0	0	0
4348	chr6:137978001-138888000	SBS3	2	1	0	1	0	0	0	0	0	0	0	0	0
4349	chr6:138888001-139275000	SBS3	1	0	1	0	0	0	0	0	0	0	0	0	0
4350	chr6:139379001-140111000	SBS2	2	1	0	3	0	0	0	0	0	0	0	0	0
4351	chr6:140111001-141016000	SBS3	2	1	0	2	0	0	0	0	0	0	0	0	0
4352	chr6:142956001-143395000	SBS13	1	0	1	0	0	0	0	0	0	0	0	0	0
4353	chr6:143625001-144283000	SBS1	1	0	1	0	0	0	0	0	0	0	0	0	0
4354	chr6:143625001-144283000	SBS3	1	0	3	0	0	0	0	0	0	0	0	0	0
4355	chr6:143625001-144283000	SBS5	1	0	3	0	0	0	0	0	0	0	0	0	0
4356	chr6:144862001-145240000	SBS1	1	0	1	0	0	0	0	0	0	0	0	0	0
4357	chr6:145240001-145631000	SBS3	2	0	1	0	0	0	0	0	0	0	0	0	0
4358	chr6:145967001-147195000	SBS18	2	0	0	1	0	0	0	0	0	0	0	0	0
4359	chr6:145967001-147195000	SBS3	2	0	2	0	0	0	0	0	0	0	0	0	0
4360	chr6:147399001-148132000	SBS3	2	0	0	2	0	0	0	0	0	0	0	0	0
4361	chr6:148132001-148506000	SBS3	2	0	1	0	0	0	0	0	0	0	0	0	0
4362	chr6:149769001-151371000	SBS2	2	0	4	0	0	0	0	0	0	0	0	0	0
4363	chr6:149769001-151371000	SBS3	2	0	5	6	0	0	0	0	0	0	0	0	0
4364	chr6:149769001-151371000	SBS5	2	0	0	1	0	0	0	0	0	0	0	0	0
4365	chr6:151656001-152359000	SBS3	1	0	2	0	0	0	0	0	0	0	0	0	0
4366	chr6:151656001-152359000	SBS5	1	0	1	0	0	0	0	0	0	0	0	0	0
4367	chr6:153026001-154137000	SBS2	2	0	0	1	0	0	0	0	0	0	0	0	0
4368	chr6:153026001-154137000	SBS3	2	0	2	1	0	0	0	0	0	0	0	0	0
4369	chr6:153026001-154137000	SBS5	2	0	4	0	0	0	0	0	0	0	0	0	0
4370	chr6:154137001-154303000	SBS3	1	0	1	0	0	0	0	0	0	0	0	0	0
4371	chr6:154303001-154732000	SBS3	1	0	1	0	0	0	0	0	0	0	0	0	0
4372	chr6:154869001-155272000	SBS3	1	0	2	0	0	0	0	0	0	0	0	0	0
4373	chr6:155335001-156772000	SBS3	2	0	0	1	0	0	0	0	0	0	0	0	0
4374	chr6:157102001-158230000	SBS1	1	0	1	0	0	0	0	0	0	0	0	0	0
4375	chr6:157102001-158230000	SBS3	1	0	2	0	0	0	0	0	0	0	0	0	0
4376	chr6:158388001-158611000	SBS3	1	0	1	0	0	0	0	0	0	0	0	0	0
4377	chr6:159155001-159664000	SBS13	2	0	0	1	0	0	0	0	0	0	0	0	0
4378	chr6:160059001-160987000	SBS2	2	0	1	0	0	0	0	0	0	0	0	0	0
4379	chr6:160059001-160987000	SBS5	2	0	2	0	0	0	0	0	0	0	0	0	0
4380	chr6:161118001-163391000	SBS13	2	0	1	0	0	0	0	0	0	0	0	0	0
4381	chr6:161118001-163391000	SBS2	2	0	0	2	0	0	0	0	0	0	0	0	0
4382	chr6:161118001-163391000	SBS3	2	0	1	2	0	0	0	0	0	0	0	0	0
4383	chr6:161118001-163391000	SBS5	2	0	1	0	0	0	0	0	0	0	0	0	0
4384	chr6:163968001-164973433	SBS3	2	0	0	2	0	0	0	0	0	0	0	0	0
4385	chr6:163968001-164973433	SBS5	2	0	1	0	0	0	0	0	0	0	0	0	0
4386	chr6:166191001-166947000	SBS1	2	0	1	0	0	0	0	0	0	0	0	0	0
4387	chr6:166191001-166947000	SBS3	2	0	0	1	0	0	0	0	0	0	0	0	0
4388	chr6:167161001-170267000	SBS18	2	0	0	1	0	0	0	0	0	0	0	0	0
4389	chr6:167161001-170267000	SBS2	2	0	2	0	0	0	0	0	0	0	0	0	0
4390	chr6:167161001-170267000	SBS3	2	0	6	1	0	0	0	0	0	0	0	0	0
4391	chr6:167161001-170267000	SBS5	2	0	3	0	0	0	0	0	0	0	0	0	0
4392	chr6:170267001-170805979	SBS3	1	0	2	0	0	0	0	0	0	0	0	0	0
4393	chr6:59191911-63238000	SBS1	2	2	2	0	0	0	0	0	0	0	0	0	0
4394	chr6:59191911-63238000	SBS13	2	2	0	2	0	0	0	0	0	0	0	0	0
4395	chr6:59191911-63238000	SBS18	2	2	1	2	0	0	0	0	0	0	0	0	0
4396	chr6:59191911-63238000	SBS2	2	2	1	1	0	0	0	0	0	0	0	0	0
4397	chr6:59191911-63238000	SBS3	2	2	16	9	0	0	0	0	0	0	0	0	0
4398	chr6:59191911-63238000	SBS5	2	2	3	2	0	0	0	0	0	0	0	0	0
4399	chr6:63238001-63561000	SBS3	2	1	1	0	0	0	0	0	0	0	0	0	0
4400	chr6:63774001-69669000	SBS1	2	2	2	0	0	0	0	0	0	0	0	0	0
4401	chr6:63774001-69669000	SBS2	2	2	1	1	0	0	0	0	0	0	0	0	0
4402	chr6:63774001-69669000	SBS3	2	2	13	10	0	0	0	0	0	0	0	0	0
4403	chr6:63774001-69669000	SBS5	2	2	3	2	0	0	0	0	0	0	0	0	0
4404	chr6:69669001-69869000	SBS5	1	0	1	0	0	0	0	0	0	0	0	0	0
4405	chr6:69869001-70367000	SBS2	2	1	1	0	0	0	0	0	0	0	0	0	0
4406	chr6:69869001-70367000	SBS3	2	1	3	1	0	0	0	0	0	0	0	0	0
4407	chr6:70367001-71539000	SBS3	2	1	0	1	0	0	0	0	0	0	0	0	0
4408	chr6:70367001-71539000	SBS5	2	1	2	0	0	0	0	0	0	0	0	0	0
4409	chr6:72154001-73882000	SBS18	2	1	0	1	0	0	0	0	0	0	0	0	0
4410	chr6:72154001-73882000	SBS3	2	1	1	3	0	0	0	0	0	0	0	0	0
4411	chr6:73882001-75198000	SBS1	2	1	2	0	0	0	0	0	0	0	0	0	0
4412	chr6:73882001-75198000	SBS18	2	1	0	1	0	0	0	0	0	0	0	0	0
4413	chr6:73882001-75198000	SBS3	2	1	0	2	0	0	0	0	0	0	0	0	0
4414	chr6:73882001-75198000	SBS5	2	1	1	1	0	0	0	0	0	0	0	0	0
4415	chr6:75301001-75595000	SBS3	2	1	0	1	0	0	0	0	0	0	0	0	0
4416	chr6:75945001-78935000	SBS1	2	2	1	0	0	0	0	0	0	0	0	0	0
4417	chr6:75945001-78935000	SBS3	2	2	3	11	0	0	0	0	0	0	0	0	0
4418	chr6:75945001-78935000	SBS5	2	2	0	2	0	0	0	0	0	0	0	0	0
4419	chr6:79091001-79297732	SBS3	1	1	1	0	0	0	0	0	0	0	0	0	0
4420	chr6:79091001-79297732	SBS5	1	1	1	0	0	0	0	0	0	0	0	0	0
4421	chr6:79323965-79999000	SBS3	2	1	0	2	0	0	0	0	0	0	0	0	0
4422	chr6:80050001-80358000	SBS3	1	0	1	0	0	0	0	0	0	0	0	0	0
4423	chr6:80358001-81681000	SBS3	2	1	3	3	0	0	0	0	0	0	0	0	0
4424	chr6:80358001-81681000	SBS5	2	1	3	1	0	0	0	0	0	0	0	0	0
4425	chr6:81681001-82161000	SBS3	2	0	1	0	0	0	0	0	0	0	0	0	0
4426	chr6:82287001-83044000	SBS18	2	0	2	0	0	0	0	0	0	0	0	0	0
4427	chr6:82287001-83044000	SBS3	2	0	2	0	0	0	0	0	0	0	0	0	0
4428	chr6:83857001-83963000	SBS3	1	0	2	0	0	0	0	0	0	0	0	0	0
4429	chr6:84236001-85320000	SBS18	2	1	0	1	0	0	0	0	0	0	0	0	0
4430	chr6:84236001-85320000	SBS3	2	1	0	2	0	0	0	0	0	0	0	0	0
4431	chr6:84236001-85320000	SBS5	2	1	0	1	0	0	0	0	0	0	0	0	0
4432	chr6:85697501-87135000	SBS1	2	1	1	0	0	0	0	0	0	0	0	0	0
4433	chr6:85697501-87135000	SBS3	2	1	0	1	0	0	0	0	0	0	0	0	0
4434	chr6:87469001-87946000	SBS13	1	0	1	0	0	0	0	0	0	0	0	0	0
4435	chr6:87469001-87946000	SBS3	1	0	1	0	0	0	0	0	0	0	0	0	0
4436	chr6:87946001-88604000	SBS3	2	0	0	1	0	0	0	0	0	0	0	0	0
4437	chr6:87946001-88604000	SBS5	2	0	0	1	0	0	0	0	0	0	0	0	0
4438	chr6:88604001-89335000	SBS1	1	0	1	0	0	0	0	0	0	0	0	0	0
4439	chr6:88604001-89335000	SBS3	1	0	4	0	0	0	0	0	0	0	0	0	0
4440	chr6:88604001-89335000	SBS5	1	0	1	0	0	0	0	0	0	0	0	0	0
4441	chr6:89377001-90174000	SBS18	2	0	0	1	0	0	0	0	0	0	0	0	0
4442	chr6:89377001-90174000	SBS2	2	0	0	1	0	0	0	0	0	0	0	0	0
4443	chr6:89377001-90174000	SBS3	2	0	5	2	0	0	0	0	0	0	0	0	0
4444	chr6:89377001-90174000	SBS5	2	0	1	0	0	0	0	0	0	0	0	0	0
4445	chr6:90593001-95253000	SBS2	2	1	2	0	0	0	0	0	0	0	0	0	0
4446	chr6:90593001-95253000	SBS3	2	1	0	5	0	0	0	0	0	0	0	0	0
4447	chr6:96552001-97412000	SBS1	2	0	1	0	0	0	0	0	0	0	0	0	0
4448	chr6:96552001-97412000	SBS3	2	0	2	0	0	0	0	0	0	0	0	0	0
4449	chr6:96552001-97412000	SBS5	2	0	1	0	0	0	0	0	0	0	0	0	0
4450	chr6:97412001-98825000	SBS1	2	1	1	1	0	0	0	0	0	0	0	0	0
4451	chr6:97412001-98825000	SBS3	2	1	0	2	0	0	0	0	0	0	0	0	0
4452	chr6:98954001-99391000	SBS1	2	0	1	0	0	0	0	0	0	0	0	0	0
4453	chr6:98954001-99391000	SBS3	2	0	2	1	0	0	0	0	0	0	0	0	0
4454	chr6:98954001-99391000	SBS5	2	0	1	0	0	0	0	0	0	0	0	0	0
4455	chr6:99569001-100502000	SBS1	2	0	0	1	0	0	0	0	0	0	0	0	0
4456	chr7:1-1123093	SBS1	2	0	1	0	0	0	0	0	0	0	0	0	0
4457	chr7:1-1123093	SBS5	2	0	0	2	0	0	0	0	0	0	0	0	0
4458	chr7:100618001-101803000	SBS3	2	2	1	6	0	0	0	0	0	0	0	0	0
4459	chr7:101803001-103072000	SBS13	2	1	1	0	0	0	0	0	0	0	0	0	0
4460	chr7:101803001-103072000	SBS2	2	1	0	1	0	0	0	0	0	0	0	0	0
4461	chr7:101803001-103072000	SBS3	2	1	2	1	0	0	0	0	0	0	0	0	0
4462	chr7:101803001-103072000	SBS5	2	1	1	0	0	0	0	0	0	0	0	0	0
4463	chr7:103072001-103359000	SBS13	1	0	1	0	0	0	0	0	0	0	0	0	0
4464	chr7:103072001-103359000	SBS3	1	0	1	0	0	0	0	0	0	0	0	0	0
4465	chr7:103072001-103359000	SBS5	1	0	4	0	0	0	0	0	0	0	0	0	0
4466	chr7:103359001-104132000	SBS1	2	2	1	0	0	0	0	0	0	0	0	0	0
4467	chr7:103359001-104132000	SBS18	2	2	0	1	0	0	0	0	0	0	0	0	0
4468	chr7:103359001-104132000	SBS3	2	2	1	1	0	0	0	0	0	0	0	0	0
4469	chr7:104233001-104816000	SBS18	2	2	0	1	0	0	0	0	0	0	0	0	0
4470	chr7:104233001-104816000	SBS3	2	2	1	6	0	0	0	0	0	0	0	0	0
4471	chr7:105357001-107042500	SBS3	2	1	4	2	0	0	0	0	0	0	0	0	0
4472	chr7:105357001-107042500	SBS5	2	1	1	1	0	0	0	0	0	0	0	0	0
4473	chr7:10631001-10933000	SBS3	2	1	0	1	0	0	0	0	0	0	0	0	0
4474	chr7:107042501-107770000	SBS3	1	1	1	0	0	0	0	0	0	0	0	0	0
4475	chr7:107770001-108463000	SBS13	2	1	1	1	0	0	0	0	0	0	0	0	0
4476	chr7:107770001-108463000	SBS3	2	1	1	0	0	0	0	0	0	0	0	0	0
4477	chr7:108623001-110744000	SBS13	2	2	1	1	0	0	0	0	0	0	0	0	0
4478	chr7:108623001-110744000	SBS2	2	2	0	1	0	0	0	0	0	0	0	0	0
4479	chr7:108623001-110744000	SBS3	2	2	4	2	0	0	0	0	0	0	0	0	0
4480	chr7:108623001-110744000	SBS5	2	2	0	2	0	0	0	0	0	0	0	0	0
4481	chr7:10933001-11272000	SBS3	1	1	2	0	0	0	0	0	0	0	0	0	0
4482	chr7:110744001-111570000	SBS3	1	1	2	0	0	0	0	0	0	0	0	0	0
4483	chr7:110744001-111570000	SBS5	1	1	1	0	0	0	0	0	0	0	0	0	0
4484	chr7:111570001-112054000	SBS3	2	1	3	0	0	0	0	0	0	0	0	0	0
4485	chr7:111570001-112054000	SBS5	2	1	1	0	0	0	0	0	0	0	0	0	0
4486	chr7:112054001-112506000	SBS13	1	1	1	0	0	0	0	0	0	0	0	0	0
4487	chr7:112054001-112506000	SBS18	1	1	1	0	0	0	0	0	0	0	0	0	0
4488	chr7:112506001-112740000	SBS2	2	2	1	0	0	0	0	0	0	0	0	0	0
4489	chr7:112506001-112740000	SBS3	2	2	1	1	0	0	0	0	0	0	0	0	0
4490	chr7:11272001-12204000	SBS1	2	2	0	1	0	0	0	0	0	0	0	0	0
4491	chr7:11272001-12204000	SBS3	2	2	0	3	0	0	0	0	0	0	0	0	0
4492	chr7:112740001-112946000	SBS1	1	1	1	0	0	0	0	0	0	0	0	0	0
4493	chr7:112740001-112946000	SBS2	1	1	1	0	0	0	0	0	0	0	0	0	0
4494	chr7:112740001-112946000	SBS3	1	1	2	0	0	0	0	0	0	0	0	0	0
4495	chr7:112946001-114908000	SBS1	2	2	0	1	0	0	0	0	0	0	0	0	0
4496	chr7:112946001-114908000	SBS3	2	2	1	3	0	0	0	0	0	0	0	0	0
4497	chr7:112946001-114908000	SBS5	2	2	0	2	0	0	0	0	0	0	0	0	0
4498	chr7:115221001-116134000	SBS3	2	1	0	1	0	0	0	0	0	0	0	0	0
4499	chr7:115221001-116134000	SBS5	2	1	0	1	0	0	0	0	0	0	0	0	0
4500	chr7:116244001-117218000	SBS3	2	1	0	1	0	0	0	0	0	0	0	0	0
4501	chr7:117218001-120715000	SBS1	2	2	1	0	0	0	0	0	0	0	0	0	0
4502	chr7:117218001-120715000	SBS13	2	2	1	2	0	0	0	0	0	0	0	0	0
4503	chr7:117218001-120715000	SBS18	2	2	2	1	0	0	0	0	0	0	0	0	0
4504	chr7:117218001-120715000	SBS2	2	2	1	0	0	0	0	0	0	0	0	0	0
4505	chr7:117218001-120715000	SBS3	2	2	3	7	0	0	0	0	0	0	0	0	0
4506	chr7:117218001-120715000	SBS5	2	2	1	4	0	0	0	0	0	0	0	0	0
4507	chr7:1184001-1889500	SBS13	3	2	1	0	0	0	0	0	0	0	0	0	0
4508	chr7:1184001-1889500	SBS3	3	2	1	1	1	0	0	0	0	0	0	0	0
4509	chr7:120715001-121343000	SBS3	2	1	2	0	0	0	0	0	0	0	0	0	0
4510	chr7:121554001-123521000	SBS1	2	2	0	1	0	0	0	0	0	0	0	0	0
4511	chr7:121554001-123521000	SBS3	2	2	0	4	0	0	0	0	0	0	0	0	0
4512	chr7:121554001-123521000	SBS5	2	2	0	1	0	0	0	0	0	0	0	0	0
4513	chr7:12204001-12264000	SBS5	1	1	1	0	0	0	0	0	0	0	0	0	0
4514	chr7:12264001-13300000	SBS18	2	1	1	0	0	0	0	0	0	0	0	0	0
4515	chr7:12264001-13300000	SBS3	2	1	0	1	0	0	0	0	0	0	0	0	0
4516	chr7:123759001-124820000	SBS1	2	2	0	1	0	0	0	0	0	0	0	0	0
4517	chr7:123759001-124820000	SBS3	2	2	0	2	0	0	0	0	0	0	0	0	0
4518	chr7:123759001-124820000	SBS5	2	2	0	1	0	0	0	0	0	0	0	0	0
4519	chr7:124935001-126652000	SBS18	2	2	0	2	0	0	0	0	0	0	0	0	0
4520	chr7:124935001-126652000	SBS3	2	2	1	2	0	0	0	0	0	0	0	0	0
4521	chr7:124935001-126652000	SBS5	2	2	2	0	0	0	0	0	0	0	0	0	0
4522	chr7:126652001-127346000	SBS3	2	2	1	3	0	0	0	0	0	0	0	0	0
4523	chr7:126652001-127346000	SBS5	2	2	1	0	0	0	0	0	0	0	0	0	0
4524	chr7:127418001-127649000	SBS1	2	1	1	0	0	0	0	0	0	0	0	0	0
4525	chr7:128074001-129824000	SBS3	2	1	1	2	0	0	0	0	0	0	0	0	0
4526	chr7:128074001-129824000	SBS5	2	1	0	2	0	0	0	0	0	0	0	0	0
4527	chr7:129956001-130444797	SBS2	2	1	1	0	0	0	0	0	0	0	0	0	0
4528	chr7:129956001-130444797	SBS3	2	1	6	0	0	0	0	0	0	0	0	0	0
4529	chr7:129956001-130444797	SBS5	2	1	1	0	0	0	0	0	0	0	0	0	0
4530	chr7:130448524-130894000	SBS3	2	1	1	2	0	0	0	0	0	0	0	0	0
4531	chr7:130894001-131113000	SBS18	1	0	1	0	0	0	0	0	0	0	0	0	0
4532	chr7:130894001-131113000	SBS3	1	0	1	0	0	0	0	0	0	0	0	0	0
4533	chr7:131515001-132779000	SBS1	2	1	0	1	0	0	0	0	0	0	0	0	0
4534	chr7:131515001-132779000	SBS18	2	1	1	0	0	0	0	0	0	0	0	0	0
4535	chr7:131515001-132779000	SBS3	2	1	1	1	0	0	0	0	0	0	0	0	0
4536	chr7:13300001-16401000	SBS13	2	2	0	1	0	0	0	0	0	0	0	0	0
4537	chr7:13300001-16401000	SBS2	2	2	1	0	0	0	0	0	0	0	0	0	0
4538	chr7:13300001-16401000	SBS3	2	2	1	5	0	0	0	0	0	0	0	0	0
4539	chr7:13300001-16401000	SBS5	2	2	1	0	0	0	0	0	0	0	0	0	0
4540	chr7:133084001-133228000	SBS2	2	2	0	1	0	0	0	0	0	0	0	0	0
4541	chr7:133228001-134100000	SBS2	1	1	1	0	0	0	0	0	0	0	0	0	0
4542	chr7:133228001-134100000	SBS3	1	1	1	0	0	0	0	0	0	0	0	0	0
4543	chr7:133228001-134100000	SBS5	1	1	1	0	0	0	0	0	0	0	0	0	0
4544	chr7:134100001-134632000	SBS3	2	1	1	1	0	0	0	0	0	0	0	0	0
4545	chr7:134632001-134680000	SBS3	1	0	1	0	0	0	0	0	0	0	0	0	0
4546	chr7:134680001-135352000	SBS3	2	1	0	2	0	0	0	0	0	0	0	0	0
4547	chr7:135687001-135929000	SBS3	2	1	1	0	0	0	0	0	0	0	0	0	0
4548	chr7:135986001-136090000	SBS3	2	1	0	1	0	0	0	0	0	0	0	0	0
4549	chr7:136090001-136816128	SBS18	3	2	0	0	1	0	0	0	0	0	0	0	0
4550	chr7:136090001-136816128	SBS3	3	2	0	0	1	0	0	0	0	0	0	0	0
4551	chr7:136090001-136816128	SBS5	3	2	0	0	1	0	0	0	0	0	0	0	0
4552	chr7:136816215-137448000	SBS13	3	2	0	0	1	0	0	0	0	0	0	0	0
4553	chr7:136816215-137448000	SBS18	3	2	0	0	1	0	0	0	0	0	0	0	0
4554	chr7:136816215-137448000	SBS3	3	2	0	0	1	0	0	0	0	0	0	0	0
4555	chr7:137448001-137875000	SBS18	2	2	0	1	0	0	0	0	0	0	0	0	0
4556	chr7:137448001-137875000	SBS5	2	2	0	1	0	0	0	0	0	0	0	0	0
4557	chr7:138455006-138581000	SBS3	1	1	2	0	0	0	0	0	0	0	0	0	0
4558	chr7:138581001-139033000	SBS1	2	1	1	0	0	0	0	0	0	0	0	0	0
4559	chr7:138581001-139033000	SBS5	2	1	0	1	0	0	0	0	0	0	0	0	0
4560	chr7:139134001-140492000	SBS1	2	1	1	0	0	0	0	0	0	0	0	0	0
4561	chr7:139134001-140492000	SBS18	2	1	1	0	0	0	0	0	0	0	0	0	0
4562	chr7:139134001-140492000	SBS2	2	1	0	1	0	0	0	0	0	0	0	0	0
4563	chr7:139134001-140492000	SBS3	2	1	2	1	0	0	0	0	0	0	0	0	0
4564	chr7:139134001-140492000	SBS5	2	1	1	0	0	0	0	0	0	0	0	0	0
4565	chr7:140656001-141021000	SBS3	2	1	8	0	0	0	0	0	0	0	0	0	0
4566	chr7:140656001-141021000	SBS5	2	1	5	0	0	0	0	0	0	0	0	0	0
4567	chr7:141021001-141533000	SBS3	3	1	0	1	0	0	0	0	0	0	0	0	0
4568	chr7:141533001-141804000	SBS5	2	1	1	0	0	0	0	0	0	0	0	0	0
4569	chr7:142300001-142533000	SBS1	2	1	2	0	0	0	0	0	0	0	0	0	0
4570	chr7:142300001-142533000	SBS2	2	1	1	0	0	0	0	0	0	0	0	0	0
4571	chr7:142300001-142533000	SBS3	2	1	11	2	0	0	0	0	0	0	0	0	0
4572	chr7:142533001-142778000	SBS2	1	0	1	0	0	0	0	0	0	0	0	0	0
4573	chr7:142533001-142778000	SBS3	1	0	11	0	0	0	0	0	0	0	0	0	0
4574	chr7:142533001-142778000	SBS5	1	0	7	0	0	0	0	0	0	0	0	0	0
4575	chr7:143265001-143851000	SBS18	1	1	1	0	0	0	0	0	0	0	0	0	0
4576	chr7:143265001-143851000	SBS3	1	1	1	0	0	0	0	0	0	0	0	0	0
4577	chr7:143265001-143851000	SBS5	1	1	2	0	0	0	0	0	0	0	0	0	0
4578	chr7:144847001-148332000	SBS1	2	2	0	1	0	0	0	0	0	0	0	0	0
4579	chr7:144847001-148332000	SBS2	2	2	1	0	0	0	0	0	0	0	0	0	0
4580	chr7:144847001-148332000	SBS3	2	2	3	6	0	0	0	0	0	0	0	0	0
4581	chr7:144847001-148332000	SBS5	2	2	1	3	0	0	0	0	0	0	0	0	0
4582	chr7:148332001-148694000	SBS13	2	1	1	0	0	0	0	0	0	0	0	0	0
4583	chr7:148332001-148694000	SBS3	2	1	1	0	0	0	0	0	0	0	0	0	0
4584	chr7:148332001-148694000	SBS5	2	1	3	0	0	0	0	0	0	0	0	0	0
4585	chr7:148694001-148940000	SBS3	1	0	1	0	0	0	0	0	0	0	0	0	0
4586	chr7:148694001-148940000	SBS5	1	0	1	0	0	0	0	0	0	0	0	0	0
4587	chr7:148943501-149836000	SBS1	2	1	1	0	0	0	0	0	0	0	0	0	0
4588	chr7:148943501-149836000	SBS18	2	1	1	0	0	0	0	0	0	0	0	0	0
4589	chr7:148943501-149836000	SBS2	2	1	0	2	0	0	0	0	0	0	0	0	0
4590	chr7:148943501-149836000	SBS3	2	1	3	1	0	0	0	0	0	0	0	0	0
4591	chr7:148943501-149836000	SBS5	2	1	1	0	0	0	0	0	0	0	0	0	0
4592	chr7:149836001-150792000	SBS1	2	1	2	1	0	0	0	0	0	0	0	0	0
4593	chr7:149836001-150792000	SBS13	2	1	0	1	0	0	0	0	0	0	0	0	0
4594	chr7:149836001-150792000	SBS18	2	1	0	1	0	0	0	0	0	0	0	0	0
4595	chr7:149836001-150792000	SBS3	2	1	2	0	0	0	0	0	0	0	0	0	0
4596	chr7:149836001-150792000	SBS5	2	1	1	1	0	0	0	0	0	0	0	0	0
4597	chr7:150792001-150909000	SBS2	2	0	1	0	0	0	0	0	0	0	0	0	0
4598	chr7:150792001-150909000	SBS3	2	0	2	0	0	0	0	0	0	0	0	0	0
4599	chr7:150792001-150909000	SBS5	2	0	1	0	0	0	0	0	0	0	0	0	0
4600	chr7:150909001-152154000	SBS3	1	0	1	0	0	0	0	0	0	0	0	0	0
4601	chr7:152154001-152401000	SBS1	1	0	2	0	0	0	0	0	0	0	0	0	0
4602	chr7:152154001-152401000	SBS2	1	0	1	0	0	0	0	0	0	0	0	0	0
4603	chr7:152154001-152401000	SBS3	1	0	6	0	0	0	0	0	0	0	0	0	0
4604	chr7:152154001-152401000	SBS5	1	0	2	0	0	0	0	0	0	0	0	0	0
4605	chr7:152401001-152861000	SBS1	2	0	2	0	0	0	0	0	0	0	0	0	0
4606	chr7:152401001-152861000	SBS3	2	0	6	1	0	0	0	0	0	0	0	0	0
4607	chr7:152401001-152861000	SBS5	2	0	3	1	0	0	0	0	0	0	0	0	0
4608	chr7:152861001-154919000	SBS13	3	1	0	1	0	0	0	0	0	0	0	0	0
4609	chr7:152861001-154919000	SBS18	3	1	0	2	0	0	0	0	0	0	0	0	0
4610	chr7:152861001-154919000	SBS2	3	1	1	1	1	0	0	0	0	0	0	0	0
4611	chr7:152861001-154919000	SBS3	3	1	6	7	7	0	0	0	0	0	0	0	0
4612	chr7:152861001-154919000	SBS5	3	1	1	2	1	0	0	0	0	0	0	0	0
4613	chr7:155013001-155643000	SBS2	2	0	1	0	0	0	0	0	0	0	0	0	0
4614	chr7:155013001-155643000	SBS3	2	0	4	3	0	0	0	0	0	0	0	0	0
4615	chr7:155013001-155643000	SBS5	2	0	1	0	0	0	0	0	0	0	0	0	0
4616	chr7:155780001-156602000	SBS1	2	0	1	0	0	0	0	0	0	0	0	0	0
4617	chr7:155780001-156602000	SBS13	2	0	0	1	0	0	0	0	0	0	0	0	0
4618	chr7:155780001-156602000	SBS18	2	0	1	0	0	0	0	0	0	0	0	0	0
4619	chr7:155780001-156602000	SBS3	2	0	1	0	0	0	0	0	0	0	0	0	0
4620	chr7:155780001-156602000	SBS5	2	0	1	0	0	0	0	0	0	0	0	0	0
4621	chr7:157130001-157399000	SBS18	1	0	1	0	0	0	0	0	0	0	0	0	0
4622	chr7:157130001-157399000	SBS3	1	0	1	0	0	0	0	0	0	0	0	0	0
4623	chr7:157399001-157713000	SBS3	2	0	0	1	0	0	0	0	0	0	0	0	0
4624	chr7:157399001-157713000	SBS5	2	0	1	0	0	0	0	0	0	0	0	0	0
4625	chr7:157713001-158596000	SBS1	3	1	1	0	0	0	0	0	0	0	0	0	0
4626	chr7:157713001-158596000	SBS3	3	1	1	0	1	0	0	0	0	0	0	0	0
4627	chr7:158596001-158870000	SBS1	1	0	1	0	0	0	0	0	0	0	0	0	0
4628	chr7:158596001-158870000	SBS18	1	0	1	0	0	0	0	0	0	0	0	0	0
4629	chr7:158596001-158870000	SBS3	1	0	1	0	0	0	0	0	0	0	0	0	0
4630	chr7:158596001-158870000	SBS5	1	0	1	0	0	0	0	0	0	0	0	0	0
4631	chr7:158870001-159345973	SBS2	2	0	1	0	0	0	0	0	0	0	0	0	0
4632	chr7:158870001-159345973	SBS3	2	0	4	3	0	0	0	0	0	0	0	0	0
4633	chr7:158870001-159345973	SBS5	2	0	1	0	0	0	0	0	0	0	0	0	0
4634	chr7:17348001-18700000	SBS1	2	1	1	0	0	0	0	0	0	0	0	0	0
4635	chr7:17348001-18700000	SBS3	2	1	4	4	0	0	0	0	0	0	0	0	0
4636	chr7:17348001-18700000	SBS5	2	1	2	0	0	0	0	0	0	0	0	0	0
4637	chr7:18700001-20104000	SBS1	2	2	1	0	0	0	0	0	0	0	0	0	0
4638	chr7:18700001-20104000	SBS3	2	2	1	2	0	0	0	0	0	0	0	0	0
4639	chr7:1889501-2707000	SBS1	2	2	1	0	0	0	0	0	0	0	0	0	0
4640	chr7:1889501-2707000	SBS2	2	2	1	0	0	0	0	0	0	0	0	0	0
4641	chr7:1889501-2707000	SBS3	2	2	3	1	0	0	0	0	0	0	0	0	0
4642	chr7:20104001-20618000	SBS3	2	1	2	1	0	0	0	0	0	0	0	0	0
4643	chr7:20618001-21240000	SBS3	2	2	1	1	0	0	0	0	0	0	0	0	0
4644	chr7:20618001-21240000	SBS5	2	2	0	1	0	0	0	0	0	0	0	0	0
4645	chr7:21240001-21518000	SBS3	2	1	0	4	0	0	0	0	0	0	0	0	0
4646	chr7:21240001-21518000	SBS5	2	1	1	0	0	0	0	0	0	0	0	0	0
4647	chr7:21518001-22081000	SBS3	2	1	1	1	0	0	0	0	0	0	0	0	0
4648	chr7:21518001-22081000	SBS5	2	1	1	0	0	0	0	0	0	0	0	0	0
4649	chr7:22081001-23737000	SBS1	2	1	1	0	0	0	0	0	0	0	0	0	0
4650	chr7:22081001-23737000	SBS18	2	1	1	0	0	0	0	0	0	0	0	0	0
4651	chr7:22081001-23737000	SBS2	2	1	0	2	0	0	0	0	0	0	0	0	0
4652	chr7:22081001-23737000	SBS3	2	1	4	4	0	0	0	0	0	0	0	0	0
4653	chr7:22081001-23737000	SBS5	2	1	1	1	0	0	0	0	0	0	0	0	0
4654	chr7:23737001-24553000	SBS2	2	2	0	1	0	0	0	0	0	0	0	0	0
4655	chr7:23737001-24553000	SBS3	2	2	0	3	0	0	0	0	0	0	0	0	0
4656	chr7:24986001-25184000	SBS3	2	1	0	1	0	0	0	0	0	0	0	0	0
4657	chr7:25184001-25849000	SBS18	2	2	0	1	0	0	0	0	0	0	0	0	0
4658	chr7:25184001-25849000	SBS2	2	2	0	1	0	0	0	0	0	0	0	0	0
4659	chr7:25184001-25849000	SBS3	2	2	0	2	0	0	0	0	0	0	0	0	0
4660	chr7:25849001-26150000	SBS3	2	1	2	1	0	0	0	0	0	0	0	0	0
4661	chr7:25849001-26150000	SBS5	2	1	1	0	0	0	0	0	0	0	0	0	0
4662	chr7:26207001-27734000	SBS3	2	1	0	1	0	0	0	0	0	0	0	0	0
4663	chr7:26207001-27734000	SBS5	2	1	0	1	0	0	0	0	0	0	0	0	0
4664	chr7:28190001-30019000	SBS1	2	1	3	1	0	0	0	0	0	0	0	0	0
4665	chr7:28190001-30019000	SBS2	2	1	1	0	0	0	0	0	0	0	0	0	0
4666	chr7:28190001-30019000	SBS3	2	1	3	1	0	0	0	0	0	0	0	0	0
4667	chr7:28190001-30019000	SBS5	2	1	2	0	0	0	0	0	0	0	0	0	0
4668	chr7:2875001-3932000	SBS1	2	2	1	0	0	0	0	0	0	0	0	0	0
4669	chr7:2875001-3932000	SBS13	2	2	0	1	0	0	0	0	0	0	0	0	0
4670	chr7:2875001-3932000	SBS2	2	2	0	1	0	0	0	0	0	0	0	0	0
4671	chr7:2875001-3932000	SBS3	2	2	1	0	0	0	0	0	0	0	0	0	0
4672	chr7:30371001-30621000	SBS2	1	0	1	0	0	0	0	0	0	0	0	0	0
4673	chr7:30621001-31053000	SBS3	2	1	0	1	0	0	0	0	0	0	0	0	0
4674	chr7:31053001-32486000	SBS3	2	2	0	2	0	0	0	0	0	0	0	0	0
4675	chr7:32590001-33033000	SBS18	2	1	1	0	0	0	0	0	0	0	0	0	0
4676	chr7:32590001-33033000	SBS3	2	1	2	0	0	0	0	0	0	0	0	0	0
4677	chr7:33951001-34920000	SBS1	2	2	0	1	0	0	0	0	0	0	0	0	0
4678	chr7:33951001-34920000	SBS3	2	2	0	5	0	0	0	0	0	0	0	0	0
4679	chr7:34920001-35243000	SBS13	1	0	1	0	0	0	0	0	0	0	0	0	0
4680	chr7:34920001-35243000	SBS3	1	0	6	0	0	0	0	0	0	0	0	0	0
4681	chr7:34920001-35243000	SBS5	1	0	1	0	0	0	0	0	0	0	0	0	0
4682	chr7:35243001-35621000	SBS18	2	2	0	1	0	0	0	0	0	0	0	0	0
4683	chr7:35243001-35621000	SBS3	2	2	0	1	0	0	0	0	0	0	0	0	0
4684	chr7:35243001-35621000	SBS5	2	2	0	1	0	0	0	0	0	0	0	0	0
4685	chr7:35621001-35908500	SBS3	1	1	1	0	0	0	0	0	0	0	0	0	0
4686	chr7:35908501-37589000	SBS1	2	1	1	1	0	0	0	0	0	0	0	0	0
4687	chr7:35908501-37589000	SBS2	2	1	1	0	0	0	0	0	0	0	0	0	0
4688	chr7:35908501-37589000	SBS3	2	1	2	8	0	0	0	0	0	0	0	0	0
4689	chr7:37589001-38177000	SBS1	2	1	0	1	0	0	0	0	0	0	0	0	0
4690	chr7:37589001-38177000	SBS5	2	1	1	0	0	0	0	0	0	0	0	0	0
4691	chr7:38337001-38371000	SBS3	1	0	2	0	0	0	0	0	0	0	0	0	0
4692	chr7:38934001-39563000	SBS13	2	2	0	2	0	0	0	0	0	0	0	0	0
4693	chr7:38934001-39563000	SBS3	2	2	0	2	0	0	0	0	0	0	0	0	0
4694	chr7:3932001-4605000	SBS3	3	2	0	0	1	0	0	0	0	0	0	0	0
4695	chr7:40240192-40251363	SBS3	2	0	1	0	0	0	0	0	0	0	0	0	0
4696	chr7:40251364-42906000	SBS13	2	2	0	1	0	0	0	0	0	0	0	0	0
4697	chr7:40251364-42906000	SBS18	2	2	0	1	0	0	0	0	0	0	0	0	0
4698	chr7:40251364-42906000	SBS3	2	2	1	5	0	0	0	0	0	0	0	0	0
4699	chr7:40251364-42906000	SBS5	2	2	1	2	0	0	0	0	0	0	0	0	0
4700	chr7:42942001-43576000	SBS3	2	2	0	2	0	0	0	0	0	0	0	0	0
4701	chr7:43576001-43786000	SBS3	1	0	1	0	0	0	0	0	0	0	0	0	0
4702	chr7:43786001-45243000	SBS3	2	1	2	3	0	0	0	0	0	0	0	0	0
4703	chr7:43786001-45243000	SBS5	2	1	1	1	0	0	0	0	0	0	0	0	0
4704	chr7:45243001-47263000	SBS1	2	2	1	1	0	0	0	0	0	0	0	0	0
4705	chr7:45243001-47263000	SBS18	2	2	0	1	0	0	0	0	0	0	0	0	0
4706	chr7:45243001-47263000	SBS2	2	2	0	1	0	0	0	0	0	0	0	0	0
4707	chr7:45243001-47263000	SBS3	2	2	0	2	0	0	0	0	0	0	0	0	0
4708	chr7:45243001-47263000	SBS5	2	2	0	1	0	0	0	0	0	0	0	0	0
4709	chr7:47263001-48187000	SBS3	2	1	1	0	0	0	0	0	0	0	0	0	0
4710	chr7:4780001-5350000	SBS1	2	2	2	0	0	0	0	0	0	0	0	0	0
4711	chr7:4780001-5350000	SBS13	2	2	1	1	0	0	0	0	0	0	0	0	0
4712	chr7:4780001-5350000	SBS3	2	2	6	3	0	0	0	0	0	0	0	0	0
4713	chr7:4780001-5350000	SBS5	2	2	1	0	0	0	0	0	0	0	0	0	0
4714	chr7:48187001-50053000	SBS18	3	2	0	0	2	0	0	0	0	0	0	0	0
4715	chr7:48187001-50053000	SBS2	3	2	0	0	1	0	0	0	0	0	0	0	0
4716	chr7:48187001-50053000	SBS3	3	2	3	2	2	0	0	0	0	0	0	0	0
4717	chr7:48187001-50053000	SBS5	3	2	3	0	1	0	0	0	0	0	0	0	0
4718	chr7:50814001-51470743	SBS1	2	2	1	1	0	0	0	0	0	0	0	0	0
4719	chr7:50814001-51470743	SBS18	2	2	1	0	0	0	0	0	0	0	0	0	0
4720	chr7:50814001-51470743	SBS3	2	2	0	1	0	0	0	0	0	0	0	0	0
4721	chr7:50814001-51470743	SBS5	2	2	0	1	0	0	0	0	0	0	0	0	0
4722	chr7:51474989-55268000	SBS1	2	2	1	1	0	0	0	0	0	0	0	0	0
4723	chr7:51474989-55268000	SBS2	2	2	0	2	0	0	0	0	0	0	0	0	0
4724	chr7:51474989-55268000	SBS3	2	2	5	5	0	0	0	0	0	0	0	0	0
4725	chr7:51474989-55268000	SBS5	2	2	2	1	0	0	0	0	0	0	0	0	0
4726	chr7:5350001-7090000	SBS1	2	1	2	0	0	0	0	0	0	0	0	0	0
4727	chr7:5350001-7090000	SBS18	2	1	0	1	0	0	0	0	0	0	0	0	0
4728	chr7:5350001-7090000	SBS3	2	1	9	4	0	0	0	0	0	0	0	0	0
4729	chr7:5350001-7090000	SBS5	2	1	3	1	0	0	0	0	0	0	0	0	0
4730	chr7:55618001-55947000	SBS3	2	2	1	2	0	0	0	0	0	0	0	0	0
4731	chr7:55618001-55947000	SBS5	2	2	0	1	0	0	0	0	0	0	0	0	0
4732	chr7:55947001-56220000	SBS3	2	1	0	3	0	0	0	0	0	0	0	0	0
4733	chr7:56220001-59498943	SBS1	3	3	2	3	0	0	0	0	0	0	0	0	0
4734	chr7:56220001-59498943	SBS13	3	3	2	1	1	0	0	0	0	0	0	0	0
4735	chr7:56220001-59498943	SBS18	3	3	1	1	1	0	0	0	0	0	0	0	0
4736	chr7:56220001-59498943	SBS2	3	3	2	2	0	0	0	0	0	0	0	0	0
4737	chr7:56220001-59498943	SBS3	3	3	18	11	7	0	0	0	0	0	0	0	0
4738	chr7:56220001-59498943	SBS5	3	3	3	2	1	0	0	0	0	0	0	0	0
4739	chr7:59498944-62715626	SBS1	4	2	9	2	1	0	0	0	0	0	0	0	0
4740	chr7:59498944-62715626	SBS13	4	2	4	2	2	0	0	0	0	0	0	0	0
4741	chr7:59498944-62715626	SBS18	4	2	2	1	1	1	0	0	0	0	0	0	0
4742	chr7:59498944-62715626	SBS2	4	2	2	3	3	0	0	0	0	0	0	0	0
4743	chr7:59498944-62715626	SBS3	4	2	30	27	3	4	0	0	0	0	0	0	0
4744	chr7:59498944-62715626	SBS5	4	2	10	2	3	1	0	0	0	0	0	0	0
4745	chr7:62716932-64304000	SBS1	3	3	1	0	1	0	0	0	0	0	0	0	0
4746	chr7:62716932-64304000	SBS13	3	3	0	0	2	0	0	0	0	0	0	0	0
4747	chr7:62716932-64304000	SBS18	3	3	0	1	0	0	0	0	0	0	0	0	0
4748	chr7:62716932-64304000	SBS3	3	3	3	4	3	0	0	0	0	0	0	0	0
4749	chr7:62716932-64304000	SBS5	3	3	1	0	1	0	0	0	0	0	0	0	0
4750	chr7:64504001-66961000	SBS1	2	1	3	4	0	0	0	0	0	0	0	0	0
4751	chr7:64504001-66961000	SBS2	2	1	1	1	0	0	0	0	0	0	0	0	0
4752	chr7:64504001-66961000	SBS3	2	1	5	3	0	0	0	0	0	0	0	0	0
4753	chr7:64504001-66961000	SBS5	2	1	1	1	0	0	0	0	0	0	0	0	0
4754	chr7:66961001-69588000	SBS1	3	2	1	0	1	0	0	0	0	0	0	0	0
4755	chr7:66961001-69588000	SBS18	3	2	1	0	0	0	0	0	0	0	0	0	0
4756	chr7:66961001-69588000	SBS3	3	2	1	1	5	0	0	0	0	0	0	0	0
4757	chr7:66961001-69588000	SBS5	3	2	1	1	1	0	0	0	0	0	0	0	0
4758	chr7:69588001-70789000	SBS18	2	1	0	1	0	0	0	0	0	0	0	0	0
4759	chr7:69588001-70789000	SBS3	2	1	0	1	0	0	0	0	0	0	0	0	0
4760	chr7:69588001-70789000	SBS5	2	1	0	1	0	0	0	0	0	0	0	0	0
4761	chr7:70789001-70820764	SBS5	3	1	0	0	1	0	0	0	0	0	0	0	0
4762	chr7:70827788-73429500	SBS1	3	2	0	0	1	0	0	0	0	0	0	0	0
4763	chr7:70827788-73429500	SBS18	3	2	0	0	1	0	0	0	0	0	0	0	0
4764	chr7:70827788-73429500	SBS2	3	2	0	1	1	0	0	0	0	0	0	0	0
4765	chr7:70827788-73429500	SBS3	3	2	1	2	3	0	0	0	0	0	0	0	0
4766	chr7:70827788-73429500	SBS5	3	2	0	0	1	0	0	0	0	0	0	0	0
4767	chr7:73429501-73588000	SBS3	2	1	3	0	0	0	0	0	0	0	0	0	0
4768	chr7:73429501-73588000	SBS5	2	1	0	1	0	0	0	0	0	0	0	0	0
4769	chr7:73588001-76288000	SBS1	2	1	1	0	0	0	0	0	0	0	0	0	0
4770	chr7:73588001-76288000	SBS13	2	1	1	0	0	0	0	0	0	0	0	0	0
4771	chr7:73588001-76288000	SBS3	2	1	7	1	0	0	0	0	0	0	0	0	0
4772	chr7:73588001-76288000	SBS5	2	1	1	0	0	0	0	0	0	0	0	0	0
4773	chr7:7562001-8224000	SBS3	1	0	1	0	0	0	0	0	0	0	0	0	0
4774	chr7:76288001-77963000	SBS2	2	1	1	0	0	0	0	0	0	0	0	0	0
4775	chr7:76288001-77963000	SBS3	2	1	2	3	0	0	0	0	0	0	0	0	0
4776	chr7:76288001-77963000	SBS5	2	1	0	1	0	0	0	0	0	0	0	0	0
4777	chr7:77963001-79280682	SBS3	2	2	4	1	0	0	0	0	0	0	0	0	0
4778	chr7:77963001-79280682	SBS5	2	2	3	0	0	0	0	0	0	0	0	0	0
4779	chr7:79280695-80378000	SBS1	2	2	0	1	0	0	0	0	0	0	0	0	0
4780	chr7:79280695-80378000	SBS13	2	2	0	1	0	0	0	0	0	0	0	0	0
4781	chr7:79280695-80378000	SBS5	2	2	0	1	0	0	0	0	0	0	0	0	0
4782	chr7:80378001-81812000	SBS3	2	1	1	0	0	0	0	0	0	0	0	0	0
4783	chr7:81812001-86889000	SBS1	2	2	1	0	0	0	0	0	0	0	0	0	0
4784	chr7:81812001-86889000	SBS18	2	2	0	1	0	0	0	0	0	0	0	0	0
4785	chr7:81812001-86889000	SBS3	2	2	2	7	0	0	0	0	0	0	0	0	0
4786	chr7:81812001-86889000	SBS5	2	2	0	3	0	0	0	0	0	0	0	0	0
4787	chr7:8224001-8297000	SBS3	2	1	0	1	0	0	0	0	0	0	0	0	0
4788	chr7:8297001-10631000	SBS13	2	2	1	1	0	0	0	0	0	0	0	0	0
4789	chr7:8297001-10631000	SBS3	2	2	0	10	0	0	0	0	0	0	0	0	0
4790	chr7:86889001-87144000	SBS5	1	1	1	0	0	0	0	0	0	0	0	0	0
4791	chr7:87220501-88376000	SBS1	2	1	1	0	0	0	0	0	0	0	0	0	0
4792	chr7:87220501-88376000	SBS13	2	1	0	1	0	0	0	0	0	0	0	0	0
4793	chr7:87220501-88376000	SBS3	2	1	0	4	0	0	0	0	0	0	0	0	0
4794	chr7:87220501-88376000	SBS5	2	1	0	1	0	0	0	0	0	0	0	0	0
4795	chr7:88376001-90183000	SBS3	2	2	0	3	0	0	0	0	0	0	0	0	0
4796	chr7:90183001-91367000	SBS1	2	1	0	1	0	0	0	0	0	0	0	0	0
4797	chr7:90183001-91367000	SBS13	2	1	0	2	0	0	0	0	0	0	0	0	0
4798	chr7:90183001-91367000	SBS3	2	1	1	1	0	0	0	0	0	0	0	0	0
4799	chr7:91367001-91827000	SBS1	2	2	1	0	0	0	0	0	0	0	0	0	0
4800	chr7:91367001-91827000	SBS3	2	2	1	4	0	0	0	0	0	0	0	0	0
4801	chr7:91827001-92862000	SBS13	2	1	0	1	0	0	0	0	0	0	0	0	0
4802	chr7:91827001-92862000	SBS18	2	1	0	1	0	0	0	0	0	0	0	0	0
4803	chr7:92862001-93941254	SBS3	2	1	2	8	0	0	0	0	0	0	0	0	0
4804	chr7:92862001-93941254	SBS5	2	1	1	0	0	0	0	0	0	0	0	0	0
4805	chr7:93942227-94663000	SBS3	2	1	2	2	0	0	0	0	0	0	0	0	0
4806	chr7:94663001-95315000	SBS3	2	2	0	1	0	0	0	0	0	0	0	0	0
4807	chr7:95613001-97207000	SBS3	2	2	0	1	0	0	0	0	0	0	0	0	0
4808	chr7:95613001-97207000	SBS5	2	2	1	0	0	0	0	0	0	0	0	0	0
4809	chr7:97207001-97814000	SBS13	2	2	1	0	0	0	0	0	0	0	0	0	0
4810	chr7:97207001-97814000	SBS18	2	2	0	1	0	0	0	0	0	0	0	0	0
4811	chr7:97207001-97814000	SBS3	2	2	1	1	0	0	0	0	0	0	0	0	0
4812	chr7:97814001-98440000	SBS2	2	1	0	1	0	0	0	0	0	0	0	0	0
4813	chr7:97814001-98440000	SBS5	2	1	1	0	0	0	0	0	0	0	0	0	0
4814	chr7:98440001-98833000	SBS3	3	2	0	1	0	0	0	0	0	0	0	0	0
4815	chr7:98833001-99895000	SBS1	2	1	0	1	0	0	0	0	0	0	0	0	0
4816	chr7:98833001-99895000	SBS13	2	1	0	1	0	0	0	0	0	0	0	0	0
4817	chr7:98833001-99895000	SBS3	2	1	1	3	0	0	0	0	0	0	0	0	0
4818	chr7:98833001-99895000	SBS5	2	1	1	0	0	0	0	0	0	0	0	0	0
4819	chr7:99895001-100618000	SBS13	2	1	0	1	0	0	0	0	0	0	0	0	0
4820	chr7:99895001-100618000	SBS18	2	1	0	1	0	0	0	0	0	0	0	0	0
4821	chr7:99895001-100618000	SBS2	2	1	0	1	0	0	0	0	0	0	0	0	0
4822	chr8:1-833000	SBS1	2	0	1	0	0	0	0	0	0	0	0	0	0
4823	chr8:1-833000	SBS3	2	0	2	0	0	0	0	0	0	0	0	0	0
4824	chr8:100209001-100566000	SBS3	3	1	0	0	1	0	0	0	0	0	0	0	0
4825	chr8:100566001-100907000	SBS2	5	2	0	0	0	0	1	0	0	0	0	0	0
4826	chr8:100566001-100907000	SBS5	5	2	0	1	0	0	0	0	0	0	0	0	0
4827	chr8:100907001-100955000	SBS3	3	1	2	0	0	0	0	0	0	0	0	0	0
4828	chr8:100955001-102236000	SBS13	5	1	0	1	1	0	0	0	0	0	0	0	0
4829	chr8:100955001-102236000	SBS3	5	1	0	4	0	0	4	0	0	0	0	0	0
4830	chr8:102236001-102418000	SBS5	4	1	0	1	0	0	0	0	0	0	0	0	0
4831	chr8:102418001-102576000	SBS5	5	1	0	0	1	0	0	0	0	0	0	0	0
4832	chr8:102576001-102664267	SBS18	3	1	0	1	0	0	0	0	0	0	0	0	0
4833	chr8:102880001-103296000	SBS3	5	2	0	0	0	0	1	0	0	0	0	0	0
4834	chr8:103296001-103454000	SBS1	4	1	1	0	0	0	0	0	0	0	0	0	0
4835	chr8:103296001-103454000	SBS3	4	1	3	0	0	0	0	0	0	0	0	0	0
4836	chr8:103296001-103454000	SBS5	4	1	0	0	1	0	0	0	0	0	0	0	0
4837	chr8:103454001-104810000	SBS18	5	2	0	0	0	0	1	0	0	0	0	0	0
4838	chr8:103454001-104810000	SBS3	5	2	0	1	1	2	2	0	0	0	0	0	0
4839	chr8:103454001-104810000	SBS5	5	2	0	0	0	0	2	0	0	0	0	0	0
4840	chr8:104810001-105298000	SBS3	6	2	0	2	1	2	0	0	0	0	0	0	0
4841	chr8:105298001-105962734	SBS2	5	2	0	0	1	0	0	0	0	0	0	0	0
4842	chr8:105298001-105962734	SBS3	5	2	2	0	0	0	1	0	0	0	0	0	0
4843	chr8:105298001-105962734	SBS5	5	2	0	0	0	0	1	0	0	0	0	0	0
4844	chr8:105962788-106578000	SBS3	5	2	1	0	2	0	2	0	0	0	0	0	0
4845	chr8:105962788-106578000	SBS5	5	2	1	0	0	0	1	0	0	0	0	0	0
4846	chr8:106767001-108199000	SBS1	5	2	1	0	0	0	0	0	0	0	0	0	0
4847	chr8:106767001-108199000	SBS18	5	2	0	1	1	0	0	0	0	0	0	0	0
4848	chr8:106767001-108199000	SBS3	5	2	3	2	2	2	2	0	0	0	0	0	0
4849	chr8:106767001-108199000	SBS5	5	2	3	1	0	1	0	0	0	0	0	0	0
4850	chr8:108499001-109220000	SBS18	5	2	0	1	0	0	0	0	0	0	0	0	0
4851	chr8:108499001-109220000	SBS3	5	2	0	2	0	1	1	0	0	0	0	0	0
4852	chr8:109654001-110083026	SBS3	5	2	0	1	0	1	0	0	0	0	0	0	0
4853	chr8:110095286-115063000	SBS1	5	2	1	0	0	1	0	0	0	0	0	0	0
4854	chr8:110095286-115063000	SBS18	5	2	0	0	0	0	1	0	0	0	0	0	0
4855	chr8:110095286-115063000	SBS2	5	2	0	1	1	0	0	0	0	0	0	0	0
4856	chr8:110095286-115063000	SBS3	5	2	4	2	6	4	8	0	0	0	0	0	0
4857	chr8:110095286-115063000	SBS5	5	2	0	1	1	0	0	0	0	0	0	0	0
4858	chr8:11111001-11760000	SBS3	2	0	0	1	0	0	0	0	0	0	0	0	0
4859	chr8:11111001-11760000	SBS5	2	0	0	1	0	0	0	0	0	0	0	0	0
4860	chr8:115063001-115400000	SBS3	4	2	1	0	0	0	0	0	0	0	0	0	0
4861	chr8:115063001-115400000	SBS5	4	2	1	0	0	0	0	0	0	0	0	0	0
4862	chr8:115400001-115694000	SBS3	3	0	0	2	2	0	0	0	0	0	0	0	0
4863	chr8:115694001-116645000	SBS1	4	1	1	0	0	0	0	0	0	0	0	0	0
4864	chr8:115694001-116645000	SBS13	4	1	0	1	0	0	0	0	0	0	0	0	0
4865	chr8:115694001-116645000	SBS3	4	1	1	2	0	1	0	0	0	0	0	0	0
4866	chr8:117337001-119606000	SBS3	5	2	2	2	0	2	1	0	0	0	0	0	0
4867	chr8:117337001-119606000	SBS5	5	2	2	1	0	0	0	0	0	0	0	0	0
4868	chr8:11760001-12778000	SBS1	1	0	3	0	0	0	0	0	0	0	0	0	0
4869	chr8:11760001-12778000	SBS3	1	0	11	0	0	0	0	0	0	0	0	0	0
4870	chr8:11760001-12778000	SBS5	1	0	2	0	0	0	0	0	0	0	0	0	0
4871	chr8:119888001-121144000	SBS1	5	2	1	0	0	0	0	0	0	0	0	0	0
4872	chr8:119888001-121144000	SBS3	5	2	0	4	0	0	0	0	0	0	0	0	0
4873	chr8:121181001-122778000	SBS1	5	2	1	0	0	0	0	0	0	0	0	0	0
4874	chr8:121181001-122778000	SBS3	5	2	3	2	2	0	1	0	0	0	0	0	0
4875	chr8:122797001-124274855	SBS1	5	1	3	0	0	0	0	0	0	0	0	0	0
4876	chr8:122797001-124274855	SBS2	5	1	0	0	1	0	0	0	0	0	0	0	0
4877	chr8:122797001-124274855	SBS3	5	1	0	0	5	0	1	0	0	0	0	0	0
4878	chr8:122797001-124274855	SBS5	5	1	0	0	0	1	0	0	0	0	0	0	0
4879	chr8:124290996-124447000	SBS3	4	1	0	1	0	1	0	0	0	0	0	0	0
4880	chr8:124498001-124786000	SBS13	4	1	0	0	0	1	0	0	0	0	0	0	0
4881	chr8:124786001-124996000	SBS1	5	2	0	0	1	0	0	0	0	0	0	0	0
4882	chr8:124996001-125349000	SBS1	4	1	1	0	0	0	0	0	0	0	0	0	0
4883	chr8:124996001-125349000	SBS3	4	1	2	0	0	0	0	0	0	0	0	0	0
4884	chr8:125349001-127195742	SBS18	5	1	0	0	0	0	1	0	0	0	0	0	0
4885	chr8:125349001-127195742	SBS3	5	1	0	0	2	0	1	0	0	0	0	0	0
4886	chr8:127195743-127732000	SBS3	5	2	3	0	0	0	1	0	0	0	0	0	0
4887	chr8:127195743-127732000	SBS5	5	2	1	0	0	0	0	0	0	0	0	0	0
4888	chr8:127732001-127899000	SBS3	3	1	1	1	1	0	0	0	0	0	0	0	0
4889	chr8:12778001-13664000	SBS3	2	0	0	1	0	0	0	0	0	0	0	0	0
4890	chr8:128331001-128756000	SBS3	3	1	1	1	0	0	0	0	0	0	0	0	0
4891	chr8:128756001-129838000	SBS1	3	2	0	1	0	0	0	0	0	0	0	0	0
4892	chr8:128756001-129838000	SBS13	3	2	0	1	0	0	0	0	0	0	0	0	0
4893	chr8:128756001-129838000	SBS3	3	2	0	1	1	0	0	0	0	0	0	0	0
4894	chr8:128756001-129838000	SBS5	3	2	0	0	2	0	0	0	0	0	0	0	0
4895	chr8:129838001-130504000	SBS3	3	1	0	0	1	0	0	0	0	0	0	0	0
4896	chr8:130504001-131892000	SBS1	4	2	1	0	0	0	0	0	0	0	0	0	0
4897	chr8:130504001-131892000	SBS3	4	2	1	0	0	3	0	0	0	0	0	0	0
4898	chr8:130504001-131892000	SBS5	4	2	0	0	1	0	0	0	0	0	0	0	0
4899	chr8:132015001-132648000	SBS1	4	2	0	0	0	1	0	0	0	0	0	0	0
4900	chr8:132015001-132648000	SBS18	4	2	0	0	0	1	0	0	0	0	0	0	0
4901	chr8:132015001-132648000	SBS5	4	2	0	0	0	1	0	0	0	0	0	0	0
4902	chr8:132648001-134179851	SBS1	3	1	1	0	0	0	0	0	0	0	0	0	0
4903	chr8:132648001-134179851	SBS13	3	1	0	0	1	0	0	0	0	0	0	0	0
4904	chr8:132648001-134179851	SBS18	3	1	0	0	1	0	0	0	0	0	0	0	0
4905	chr8:132648001-134179851	SBS3	3	1	6	1	1	0	0	0	0	0	0	0	0
4906	chr8:134180720-134475000	SBS3	3	2	0	0	1	0	0	0	0	0	0	0	0
4907	chr8:134475001-134908000	SBS1	3	1	0	0	1	0	0	0	0	0	0	0	0
4908	chr8:134475001-134908000	SBS3	3	1	1	0	0	0	0	0	0	0	0	0	0
4909	chr8:134908001-135346000	SBS18	4	2	1	0	0	0	0	0	0	0	0	0	0
4910	chr8:134908001-135346000	SBS3	4	2	0	0	1	0	0	0	0	0	0	0	0
4911	chr8:135346001-135661000	SBS18	4	2	0	0	1	0	0	0	0	0	0	0	0
4912	chr8:135346001-135661000	SBS3	4	2	0	0	0	2	0	0	0	0	0	0	0
4913	chr8:135661001-139719000	SBS1	4	2	0	0	0	1	0	0	0	0	0	0	0
4914	chr8:135661001-139719000	SBS18	4	2	0	0	1	2	0	0	0	0	0	0	0
4915	chr8:135661001-139719000	SBS2	4	2	0	1	0	2	0	0	0	0	0	0	0
4916	chr8:135661001-139719000	SBS3	4	2	0	1	3	7	0	0	0	0	0	0	0
4917	chr8:135661001-139719000	SBS5	4	2	0	2	1	5	0	0	0	0	0	0	0
4918	chr8:13664001-17016000	SBS18	2	0	0	1	0	0	0	0	0	0	0	0	0
4919	chr8:13664001-17016000	SBS2	2	0	2	0	0	0	0	0	0	0	0	0	0
4920	chr8:13664001-17016000	SBS3	2	0	1	2	0	0	0	0	0	0	0	0	0
4921	chr8:139719001-141421500	SBS18	3	1	0	0	1	0	0	0	0	0	0	0	0
4922	chr8:139719001-141421500	SBS3	3	1	2	2	2	0	0	0	0	0	0	0	0
4923	chr8:139719001-141421500	SBS5	3	1	0	2	0	0	0	0	0	0	0	0	0
4924	chr8:141421501-145138636	SBS18	4	2	0	1	0	1	0	0	0	0	0	0	0
4925	chr8:141421501-145138636	SBS3	4	2	2	3	3	4	0	0	0	0	0	0	0
4926	chr8:141421501-145138636	SBS5	4	2	0	1	0	1	0	0	0	0	0	0	0
4927	chr8:17016001-17336000	SBS3	1	0	1	0	0	0	0	0	0	0	0	0	0
4928	chr8:18088001-19342000	SBS3	2	0	1	1	0	0	0	0	0	0	0	0	0
4929	chr8:1826001-2225000	SBS1	2	0	0	1	0	0	0	0	0	0	0	0	0
4930	chr8:1826001-2225000	SBS3	2	0	2	0	0	0	0	0	0	0	0	0	0
4931	chr8:1826001-2225000	SBS5	2	0	1	0	0	0	0	0	0	0	0	0	0
4932	chr8:19342001-19855000	SBS3	1	0	1	0	0	0	0	0	0	0	0	0	0
4933	chr8:19855001-20280000	SBS2	2	0	0	1	0	0	0	0	0	0	0	0	0
4934	chr8:20280001-21606000	SBS3	2	0	2	0	0	0	0	0	0	0	0	0	0
4935	chr8:20280001-21606000	SBS5	2	0	0	1	0	0	0	0	0	0	0	0	0
4936	chr8:2225001-6081000	SBS1	3	1	0	0	3	0	0	0	0	0	0	0	0
4937	chr8:2225001-6081000	SBS13	3	1	0	1	0	0	0	0	0	0	0	0	0
4938	chr8:2225001-6081000	SBS18	3	1	0	0	2	0	0	0	0	0	0	0	0
4939	chr8:2225001-6081000	SBS2	3	1	1	0	0	0	0	0	0	0	0	0	0
4940	chr8:2225001-6081000	SBS3	3	1	3	5	2	0	0	0	0	0	0	0	0
4941	chr8:2225001-6081000	SBS5	3	1	0	0	1	0	0	0	0	0	0	0	0
4942	chr8:22763001-23571000	SBS2	1	0	1	0	0	0	0	0	0	0	0	0	0
4943	chr8:22763001-23571000	SBS3	1	0	2	0	0	0	0	0	0	0	0	0	0
4944	chr8:24428001-25213000	SBS2	2	0	1	3	0	0	0	0	0	0	0	0	0
4945	chr8:24428001-25213000	SBS5	2	0	1	0	0	0	0	0	0	0	0	0	0
4946	chr8:25518001-26132000	SBS3	2	0	1	0	0	0	0	0	0	0	0	0	0
4947	chr8:26709001-27271000	SBS2	2	0	0	2	0	0	0	0	0	0	0	0	0
4948	chr8:26709001-27271000	SBS3	2	0	0	1	0	0	0	0	0	0	0	0	0
4949	chr8:28416001-28869000	SBS3	1	0	4	0	0	0	0	0	0	0	0	0	0
4950	chr8:28416001-28869000	SBS5	1	0	1	0	0	0	0	0	0	0	0	0	0
4951	chr8:31024001-31186000	SBS13	1	0	1	0	0	0	0	0	0	0	0	0	0
4952	chr8:31024001-31186000	SBS3	1	0	1	0	0	0	0	0	0	0	0	0	0
4953	chr8:31024001-31186000	SBS5	1	0	2	0	0	0	0	0	0	0	0	0	0
4954	chr8:31186001-33311000	SBS2	2	0	1	0	0	0	0	0	0	0	0	0	0
4955	chr8:31186001-33311000	SBS3	2	0	2	1	0	0	0	0	0	0	0	0	0
4956	chr8:31186001-33311000	SBS5	2	0	1	0	0	0	0	0	0	0	0	0	0
4957	chr8:33311001-33601000	SBS13	1	0	1	0	0	0	0	0	0	0	0	0	0
4958	chr8:33601001-35426110	SBS1	2	1	1	0	0	0	0	0	0	0	0	0	0
4959	chr8:33601001-35426110	SBS18	2	1	0	1	0	0	0	0	0	0	0	0	0
4960	chr8:33601001-35426110	SBS3	2	1	0	2	0	0	0	0	0	0	0	0	0
4961	chr8:33601001-35426110	SBS5	2	1	2	0	0	0	0	0	0	0	0	0	0
4962	chr8:35426111-36765000	SBS18	12	2	0	0	0	1	0	0	0	2	1	0	0
4963	chr8:35426111-36765000	SBS2	12	2	0	0	0	0	1	0	0	0	0	0	0
4964	chr8:35426111-36765000	SBS3	12	2	0	0	1	1	3	3	1	0	2	1	0
4965	chr8:35426111-36765000	SBS5	12	2	0	0	0	1	0	0	0	1	0	0	0
4966	chr8:36765001-37207693	SBS3	9	2	0	0	0	1	2	0	0	0	0	1	0
4967	chr8:36765001-37207693	SBS5	9	2	0	0	1	0	0	0	0	0	0	0	0
4968	chr8:37210470-37535000	SBS2	11	2	0	0	0	1	0	0	0	0	0	0	0
4969	chr8:37634001-38009993	SBS1	12	2	0	0	0	0	1	0	0	0	0	0	0
4970	chr8:37634001-38009993	SBS18	12	2	0	0	0	0	0	0	0	0	0	1	0
4971	chr8:37634001-38009993	SBS3	12	2	0	0	0	0	2	1	0	0	0	0	0
4972	chr8:38009994-38385026	SBS13	12	1	0	0	1	0	0	0	0	0	0	0	0
4973	chr8:38009994-38385026	SBS3	12	1	0	0	0	0	1	0	0	0	0	0	0
4974	chr8:38413501-38655290	SBS3	17	2	0	0	0	0	0	0	0	1	0	0	0
4975	chr8:39077512-39078177	SBS13	15	2	0	0	0	0	0	0	0	0	0	1	0
4976	chr8:39078228-39298948	SBS18	15	2	0	0	0	0	0	1	0	0	0	0	0
4977	chr8:39078228-39298948	SBS3	15	2	0	0	0	0	0	2	0	0	0	0	0
4978	chr8:39298949-39465000	SBS3	14	2	0	0	0	0	0	0	0	0	0	1	0
4979	chr8:39465001-39738000	SBS3	11	2	0	0	0	1	0	0	0	0	0	0	0
4980	chr8:39738001-40991266	SBS13	8	2	0	0	0	2	0	0	0	0	0	0	0
4981	chr8:39738001-40991266	SBS2	8	2	0	0	2	0	0	0	0	0	0	0	0
4982	chr8:39738001-40991266	SBS3	8	2	0	2	1	2	3	0	0	0	0	0	0
4983	chr8:39738001-40991266	SBS5	8	2	0	1	0	1	0	0	0	0	0	0	0
4984	chr8:40991267-41403067	SBS18	10	2	0	0	2	0	0	0	0	0	0	0	0
4985	chr8:40991267-41403067	SBS2	10	2	0	1	0	0	0	0	0	0	0	0	0
4986	chr8:40991267-41403067	SBS3	10	2	0	5	0	2	0	1	0	0	0	1	0
4987	chr8:40991267-41403067	SBS5	10	2	0	0	0	0	0	0	0	0	0	0	1
4988	chr8:41486001-41618000	SBS1	9	1	0	1	0	0	0	0	0	0	0	0	0
4989	chr8:41486001-41618000	SBS3	9	1	0	1	0	0	0	0	0	0	0	0	0
4990	chr8:41618001-41733266	SBS1	12	1	0	0	1	0	0	0	0	0	0	0	0
4991	chr8:41618001-41733266	SBS3	12	1	0	0	3	0	0	1	0	0	0	0	0
4992	chr8:41618001-41733266	SBS5	12	1	0	0	1	0	0	0	0	0	0	0	0
4993	chr8:41936001-42055000	SBS3	4	1	0	1	0	0	0	0	0	0	0	0	0
4994	chr8:42634741-42822224	SBS13	4	1	0	0	0	1	0	0	0	0	0	0	0
4995	chr8:42634741-42822224	SBS3	4	1	0	0	0	1	0	0	0	0	0	0	0
4996	chr8:42822225-43173000	SBS3	1	0	1	0	0	0	0	0	0	0	0	0	0
4997	chr8:43173001-43559000	SBS18	2	0	1	0	0	0	0	0	0	0	0	0	0
4998	chr8:43173001-43559000	SBS3	2	0	5	0	0	0	0	0	0	0	0	0	0
4999	chr8:43173001-43559000	SBS5	2	0	2	0	0	0	0	0	0	0	0	0	0
5000	chr8:43559001-44955504	SBS2	3	1	0	0	1	0	0	0	0	0	0	0	0
5001	chr8:43559001-44955504	SBS3	3	1	3	0	0	0	0	0	0	0	0	0	0
5002	chr8:44955505-46273387	SBS13	3	1	1	0	0	0	0	0	0	0	0	0	0
5003	chr8:44955505-46273387	SBS3	3	1	1	2	0	0	0	0	0	0	0	0	0
5004	chr8:46485001-46875000	SBS13	3	2	0	0	1	0	0	0	0	0	0	0	0
5005	chr8:46485001-46875000	SBS5	3	2	0	0	1	0	0	0	0	0	0	0	0
5006	chr8:46875001-47255000	SBS18	2	2	0	1	0	0	0	0	0	0	0	0	0
5007	chr8:46875001-47255000	SBS3	2	2	0	2	0	0	0	0	0	0	0	0	0
5008	chr8:46875001-47255000	SBS5	2	2	1	0	0	0	0	0	0	0	0	0	0
5009	chr8:47255001-47688000	SBS18	2	0	1	0	0	0	0	0	0	0	0	0	0
5010	chr8:48068001-51507000	SBS1	2	2	0	2	0	0	0	0	0	0	0	0	0
5011	chr8:48068001-51507000	SBS3	2	2	2	5	0	0	0	0	0	0	0	0	0
5012	chr8:48068001-51507000	SBS5	2	2	0	1	0	0	0	0	0	0	0	0	0
5013	chr8:51507001-51799000	SBS3	2	1	1	0	0	0	0	0	0	0	0	0	0
5014	chr8:51799001-52021000	SBS3	1	1	1	0	0	0	0	0	0	0	0	0	0
5015	chr8:52021001-52614000	SBS3	2	2	0	2	0	0	0	0	0	0	0	0	0
5016	chr8:52739001-53710000	SBS18	2	2	0	1	0	0	0	0	0	0	0	0	0
5017	chr8:52739001-53710000	SBS2	2	2	0	2	0	0	0	0	0	0	0	0	0
5018	chr8:52739001-53710000	SBS3	2	2	0	1	0	0	0	0	0	0	0	0	0
5019	chr8:52739001-53710000	SBS5	2	2	0	1	0	0	0	0	0	0	0	0	0
5020	chr8:54171001-54792000	SBS3	2	2	0	1	0	0	0	0	0	0	0	0	0
5021	chr8:54171001-54792000	SBS5	2	2	0	2	0	0	0	0	0	0	0	0	0
5022	chr8:54792001-55725000	SBS1	3	2	0	0	1	0	0	0	0	0	0	0	0
5023	chr8:54792001-55725000	SBS18	3	2	0	0	1	0	0	0	0	0	0	0	0
5024	chr8:54792001-55725000	SBS3	3	2	1	2	4	0	0	0	0	0	0	0	0
5025	chr8:54792001-55725000	SBS5	3	2	0	0	1	0	0	0	0	0	0	0	0
5026	chr8:56080001-56958000	SBS2	2	2	0	1	0	0	0	0	0	0	0	0	0
5027	chr8:56080001-56958000	SBS3	2	2	1	1	0	0	0	0	0	0	0	0	0
5028	chr8:57001001-58540453	SBS1	2	1	0	1	0	0	0	0	0	0	0	0	0
5029	chr8:57001001-58540453	SBS18	2	1	0	1	0	0	0	0	0	0	0	0	0
5030	chr8:57001001-58540453	SBS3	2	1	0	1	0	0	0	0	0	0	0	0	0
5031	chr8:57001001-58540453	SBS5	2	1	3	1	0	0	0	0	0	0	0	0	0
5032	chr8:58540454-59140000	SBS1	3	1	2	0	0	0	0	0	0	0	0	0	0
5033	chr8:58540454-59140000	SBS13	3	1	1	0	0	0	0	0	0	0	0	0	0
5034	chr8:58540454-59140000	SBS3	3	1	3	0	1	0	0	0	0	0	0	0	0
5035	chr8:58540454-59140000	SBS5	3	1	1	1	0	0	0	0	0	0	0	0	0
5036	chr8:59140001-60510000	SBS1	3	2	1	0	0	0	0	0	0	0	0	0	0
5037	chr8:59140001-60510000	SBS18	3	2	1	0	0	0	0	0	0	0	0	0	0
5038	chr8:59140001-60510000	SBS3	3	2	3	5	1	0	0	0	0	0	0	0	0
5039	chr8:60953001-61130000	SBS13	3	1	0	1	0	0	0	0	0	0	0	0	0
5040	chr8:60953001-61130000	SBS3	3	1	0	0	2	0	0	0	0	0	0	0	0
5041	chr8:61130001-61556000	SBS1	4	2	1	0	0	0	0	0	0	0	0	0	0
5042	chr8:61130001-61556000	SBS2	4	2	1	0	0	0	0	0	0	0	0	0	0
5043	chr8:61130001-61556000	SBS3	4	2	1	2	0	1	0	0	0	0	0	0	0
5044	chr8:61556001-61830000	SBS3	3	1	0	2	0	0	0	0	0	0	0	0	0
5045	chr8:61830001-63002000	SBS2	4	2	0	1	0	0	0	0	0	0	0	0	0
5046	chr8:61830001-63002000	SBS3	4	2	0	1	1	0	0	0	0	0	0	0	0
5047	chr8:61830001-63002000	SBS5	4	2	0	0	0	1	0	0	0	0	0	0	0
5048	chr8:63042001-63165000	SBS3	4	2	0	0	2	0	0	0	0	0	0	0	0
5049	chr8:63232001-63570087	SBS3	4	2	0	1	1	2	0	0	0	0	0	0	0
5050	chr8:63573405-65567322	SBS2	4	2	0	0	0	1	0	0	0	0	0	0	0
5051	chr8:63573405-65567322	SBS3	4	2	0	3	1	1	0	0	0	0	0	0	0
5052	chr8:66420001-66677000	SBS3	2	1	1	0	0	0	0	0	0	0	0	0	0
5053	chr8:66677001-67036000	SBS3	4	1	0	0	0	1	0	0	0	0	0	0	0
5054	chr8:67036001-67349000	SBS3	3	1	0	0	1	0	0	0	0	0	0	0	0
5055	chr8:67349001-70107000	SBS18	4	2	0	0	0	1	0	0	0	0	0	0	0
5056	chr8:67349001-70107000	SBS2	4	2	0	0	0	2	0	0	0	0	0	0	0
5057	chr8:67349001-70107000	SBS3	4	2	3	4	3	6	0	0	0	0	0	0	0
5058	chr8:67349001-70107000	SBS5	4	2	1	2	0	2	0	0	0	0	0	0	0
5059	chr8:6761001-8245000	SBS3	2	0	7	0	0	0	0	0	0	0	0	0	0
5060	chr8:6761001-8245000	SBS5	2	0	2	0	0	0	0	0	0	0	0	0	0
5061	chr8:70107001-70407000	SBS3	2	1	3	0	0	0	0	0	0	0	0	0	0
5062	chr8:70407001-70685000	SBS3	3	1	2	0	0	0	0	0	0	0	0	0	0
5063	chr8:70407001-70685000	SBS5	3	1	1	0	0	0	0	0	0	0	0	0	0
5064	chr8:70685001-73458000	SBS13	4	2	0	0	1	0	0	0	0	0	0	0	0
5065	chr8:70685001-73458000	SBS18	4	2	1	1	0	0	0	0	0	0	0	0	0
5066	chr8:70685001-73458000	SBS2	4	2	2	0	0	0	0	0	0	0	0	0	0
5067	chr8:70685001-73458000	SBS3	4	2	4	4	4	5	0	0	0	0	0	0	0
5068	chr8:70685001-73458000	SBS5	4	2	3	1	0	1	0	0	0	0	0	0	0
5069	chr8:73458001-73993000	SBS13	3	1	0	0	2	0	0	0	0	0	0	0	0
5070	chr8:73458001-73993000	SBS3	3	1	7	0	4	0	0	0	0	0	0	0	0
5071	chr8:73458001-73993000	SBS5	3	1	0	0	1	0	0	0	0	0	0	0	0
5072	chr8:73993001-74518287	SBS18	3	2	0	0	1	0	0	0	0	0	0	0	0
5073	chr8:74518288-74922405	SBS3	6	2	0	0	0	0	1	0	0	0	0	0	0
5074	chr8:74922406-76953000	SBS13	4	2	0	0	1	0	0	0	0	0	0	0	0
5075	chr8:74922406-76953000	SBS2	4	2	0	1	0	0	0	0	0	0	0	0	0
5076	chr8:74922406-76953000	SBS3	4	2	0	0	2	0	0	0	0	0	0	0	0
5077	chr8:74922406-76953000	SBS5	4	2	0	1	0	0	0	0	0	0	0	0	0
5078	chr8:77012001-78490000	SBS13	4	2	0	1	0	0	0	0	0	0	0	0	0
5079	chr8:77012001-78490000	SBS18	4	2	0	2	0	1	0	0	0	0	0	0	0
5080	chr8:77012001-78490000	SBS3	4	2	0	1	0	3	0	0	0	0	0	0	0
5081	chr8:78490001-78742000	SBS13	3	1	1	0	0	0	0	0	0	0	0	0	0
5082	chr8:78490001-78742000	SBS3	3	1	1	0	0	0	0	0	0	0	0	0	0
5083	chr8:78742001-79415436	SBS18	4	2	0	1	1	0	0	0	0	0	0	0	0
5084	chr8:78742001-79415436	SBS3	4	2	0	0	0	2	0	0	0	0	0	0	0
5085	chr8:79428767-79615000	SBS13	4	2	0	1	0	0	0	0	0	0	0	0	0
5086	chr8:79428767-79615000	SBS3	4	2	0	0	0	1	0	0	0	0	0	0	0
5087	chr8:79615001-79889000	SBS18	3	2	0	1	0	0	0	0	0	0	0	0	0
5088	chr8:80176001-80965000	SBS3	3	1	2	1	0	0	0	0	0	0	0	0	0
5089	chr8:80965001-81299000	SBS3	2	1	0	1	0	0	0	0	0	0	0	0	0
5090	chr8:81687001-81888000	SBS2	3	1	0	1	0	0	0	0	0	0	0	0	0
5091	chr8:81888001-85070000	SBS1	4	2	2	0	0	0	0	0	0	0	0	0	0
5092	chr8:81888001-85070000	SBS2	4	2	0	0	0	1	0	0	0	0	0	0	0
5093	chr8:81888001-85070000	SBS3	4	2	1	4	2	3	0	0	0	0	0	0	0
5094	chr8:81888001-85070000	SBS5	4	2	0	1	1	2	0	0	0	0	0	0	0
5095	chr8:833001-1687000	SBS1	3	1	0	0	1	0	0	0	0	0	0	0	0
5096	chr8:833001-1687000	SBS3	3	1	0	1	2	0	0	0	0	0	0	0	0
5097	chr8:8392001-9205000	SBS2	1	0	1	0	0	0	0	0	0	0	0	0	0
5098	chr8:8392001-9205000	SBS3	1	0	2	0	0	0	0	0	0	0	0	0	0
5099	chr8:85070001-86340000	SBS1	3	1	0	1	0	0	0	0	0	0	0	0	0
5100	chr8:85070001-86340000	SBS3	3	1	2	1	0	0	0	0	0	0	0	0	0
5101	chr8:85070001-86340000	SBS5	3	1	0	0	1	0	0	0	0	0	0	0	0
5102	chr8:86369001-86566000	SBS3	2	1	0	1	0	0	0	0	0	0	0	0	0
5103	chr8:86566001-89717000	SBS1	4	2	1	1	1	0	0	0	0	0	0	0	0
5104	chr8:86566001-89717000	SBS18	4	2	1	0	0	0	0	0	0	0	0	0	0
5105	chr8:86566001-89717000	SBS3	4	2	5	6	0	2	0	0	0	0	0	0	0
5106	chr8:86566001-89717000	SBS5	4	2	2	4	1	1	0	0	0	0	0	0	0
5107	chr8:89717001-90037000	SBS3	2	1	7	0	0	0	0	0	0	0	0	0	0
5108	chr8:89717001-90037000	SBS5	2	1	1	0	0	0	0	0	0	0	0	0	0
5109	chr8:90037001-90564000	SBS13	4	2	0	1	0	0	0	0	0	0	0	0	0
5110	chr8:90037001-90564000	SBS3	4	2	0	0	1	0	0	0	0	0	0	0	0
5111	chr8:90704001-90872687	SBS5	4	2	0	0	0	1	0	0	0	0	0	0	0
5112	chr8:91138001-91414000	SBS1	4	2	0	0	0	1	0	0	0	0	0	0	0
5113	chr8:91414001-91964000	SBS3	4	2	0	0	0	1	0	0	0	0	0	0	0
5114	chr8:91964001-93446736	SBS3	4	2	0	0	1	1	0	0	0	0	0	0	0
5115	chr8:91964001-93446736	SBS5	4	2	0	0	0	2	0	0	0	0	0	0	0
5116	chr8:93446798-93691000	SBS3	4	2	0	0	0	2	0	0	0	0	0	0	0
5117	chr8:93757001-94384000	SBS18	3	1	0	0	1	0	0	0	0	0	0	0	0
5118	chr8:93757001-94384000	SBS3	3	1	0	0	1	0	0	0	0	0	0	0	0
5119	chr8:93757001-94384000	SBS5	3	1	0	1	0	0	0	0	0	0	0	0	0
5120	chr8:94384001-94563000	SBS1	3	0	1	0	0	0	0	0	0	0	0	0	0
5121	chr8:94563001-94812000	SBS3	3	2	0	0	1	0	0	0	0	0	0	0	0
5122	chr8:94563001-94812000	SBS5	3	2	0	0	1	0	0	0	0	0	0	0	0
5123	chr8:94812001-95020000	SBS3	3	1	0	1	0	0	0	0	0	0	0	0	0
5124	chr8:95020001-95268000	SBS3	2	1	0	2	0	0	0	0	0	0	0	0	0
5125	chr8:95271001-96225000	SBS18	4	2	0	0	0	1	0	0	0	0	0	0	0
5126	chr8:95271001-96225000	SBS3	4	2	0	2	0	1	0	0	0	0	0	0	0
5127	chr8:96273001-97630000	SBS3	3	2	3	3	0	0	0	0	0	0	0	0	0
5128	chr8:96273001-97630000	SBS5	3	2	0	2	1	0	0	0	0	0	0	0	0
5129	chr8:97715001-98452000	SBS1	3	2	0	1	0	0	0	0	0	0	0	0	0
5130	chr8:9784001-11111000	SBS3	2	0	0	1	0	0	0	0	0	0	0	0	0
5131	chr8:98452001-99877347	SBS18	3	1	0	1	0	0	0	0	0	0	0	0	0
5132	chr8:98452001-99877347	SBS3	3	1	2	3	5	0	0	0	0	0	0	0	0
5133	chr8:98452001-99877347	SBS5	3	1	1	1	0	0	0	0	0	0	0	0	0
5134	chr9:1-471000	SBS1	1	0	1	0	0	0	0	0	0	0	0	0	0
5135	chr9:100099001-100608000	SBS18	1	0	1	0	0	0	0	0	0	0	0	0	0
5136	chr9:100099001-100608000	SBS3	1	0	2	0	0	0	0	0	0	0	0	0	0
5137	chr9:100608001-101953000	SBS1	2	0	1	0	0	0	0	0	0	0	0	0	0
5138	chr9:100608001-101953000	SBS18	2	0	1	0	0	0	0	0	0	0	0	0	0
5139	chr9:100608001-101953000	SBS2	2	0	0	1	0	0	0	0	0	0	0	0	0
5140	chr9:100608001-101953000	SBS3	2	0	2	1	0	0	0	0	0	0	0	0	0
5141	chr9:100608001-101953000	SBS5	2	0	1	0	0	0	0	0	0	0	0	0	0
5142	chr9:101953001-104065000	SBS1	2	0	2	0	0	0	0	0	0	0	0	0	0
5143	chr9:101953001-104065000	SBS18	2	0	1	0	0	0	0	0	0	0	0	0	0
5144	chr9:101953001-104065000	SBS2	2	0	1	0	0	0	0	0	0	0	0	0	0
5145	chr9:101953001-104065000	SBS3	2	0	5	2	0	0	0	0	0	0	0	0	0
5146	chr9:101953001-104065000	SBS5	2	0	6	0	0	0	0	0	0	0	0	0	0
5147	chr9:104144001-104738000	SBS3	2	0	1	1	0	0	0	0	0	0	0	0	0
5148	chr9:10449501-12688000	SBS3	2	1	1	3	0	0	0	0	0	0	0	0	0
5149	chr9:104738001-105727000	SBS1	1	0	1	0	0	0	0	0	0	0	0	0	0
5150	chr9:104738001-105727000	SBS13	1	0	2	0	0	0	0	0	0	0	0	0	0
5151	chr9:104738001-105727000	SBS3	1	0	2	0	0	0	0	0	0	0	0	0	0
5152	chr9:104738001-105727000	SBS5	1	0	1	0	0	0	0	0	0	0	0	0	0
5153	chr9:105727001-107234000	SBS2	2	0	0	1	0	0	0	0	0	0	0	0	0
5154	chr9:105727001-107234000	SBS3	2	0	1	1	0	0	0	0	0	0	0	0	0
5155	chr9:105727001-107234000	SBS5	2	0	1	0	0	0	0	0	0	0	0	0	0
5156	chr9:107346001-108860000	SBS3	2	0	0	1	0	0	0	0	0	0	0	0	0
5157	chr9:107346001-108860000	SBS5	2	0	1	0	0	0	0	0	0	0	0	0	0
5158	chr9:109124001-109877000	SBS3	2	0	1	1	0	0	0	0	0	0	0	0	0
5159	chr9:110263001-111099028	SBS3	2	0	4	0	0	0	0	0	0	0	0	0	0
5160	chr9:110263001-111099028	SBS5	2	0	3	0	0	0	0	0	0	0	0	0	0
5161	chr9:111100072-111358000	SBS3	2	0	0	3	0	0	0	0	0	0	0	0	0
5162	chr9:111489001-111597000	SBS3	2	0	1	0	0	0	0	0	0	0	0	0	0
5163	chr9:112943001-113134000	SBS3	3	0	0	2	1	0	0	0	0	0	0	0	0
5164	chr9:112943001-113134000	SBS5	3	0	0	1	0	0	0	0	0	0	0	0	0
5165	chr9:113134001-113487500	SBS1	1	0	1	0	0	0	0	0	0	0	0	0	0
5166	chr9:113134001-113487500	SBS3	1	0	1	0	0	0	0	0	0	0	0	0	0
5167	chr9:113604001-114362000	SBS2	2	0	1	0	0	0	0	0	0	0	0	0	0
5168	chr9:113604001-114362000	SBS3	2	0	0	1	0	0	0	0	0	0	0	0	0
5169	chr9:113604001-114362000	SBS5	2	0	2	0	0	0	0	0	0	0	0	0	0
5170	chr9:114362001-115085000	SBS18	1	0	1	0	0	0	0	0	0	0	0	0	0
5171	chr9:114362001-115085000	SBS3	1	0	8	0	0	0	0	0	0	0	0	0	0
5172	chr9:114362001-115085000	SBS5	1	0	4	0	0	0	0	0	0	0	0	0	0
5173	chr9:115085001-116627000	SBS13	2	0	0	1	0	0	0	0	0	0	0	0	0
5174	chr9:115085001-116627000	SBS3	2	0	2	0	0	0	0	0	0	0	0	0	0
5175	chr9:115085001-116627000	SBS5	2	0	1	1	0	0	0	0	0	0	0	0	0
5176	chr9:116727001-118186000	SBS18	2	0	0	1	0	0	0	0	0	0	0	0	0
5177	chr9:116727001-118186000	SBS3	2	0	0	1	0	0	0	0	0	0	0	0	0
5178	chr9:118186001-120384000	SBS13	2	0	1	0	0	0	0	0	0	0	0	0	0
5179	chr9:118186001-120384000	SBS18	2	0	1	0	0	0	0	0	0	0	0	0	0
5180	chr9:118186001-120384000	SBS3	2	0	1	0	0	0	0	0	0	0	0	0	0
5181	chr9:120384001-121127248	SBS3	1	0	2	0	0	0	0	0	0	0	0	0	0
5182	chr9:121377001-122511000	SBS3	1	0	3	0	0	0	0	0	0	0	0	0	0
5183	chr9:121377001-122511000	SBS5	1	0	1	0	0	0	0	0	0	0	0	0	0
5184	chr9:122511001-122806000	SBS3	2	0	1	0	0	0	0	0	0	0	0	0	0
5185	chr9:123344001-125446000	SBS18	1	0	1	0	0	0	0	0	0	0	0	0	0
5186	chr9:123344001-125446000	SBS3	1	0	7	0	0	0	0	0	0	0	0	0	0
5187	chr9:123344001-125446000	SBS5	1	0	2	0	0	0	0	0	0	0	0	0	0
5188	chr9:125446001-125961000	SBS3	1	0	1	0	0	0	0	0	0	0	0	0	0
5189	chr9:125446001-125961000	SBS5	1	0	1	0	0	0	0	0	0	0	0	0	0
5190	chr9:126300001-127894000	SBS2	1	0	1	0	0	0	0	0	0	0	0	0	0
5191	chr9:126300001-127894000	SBS3	1	0	6	0	0	0	0	0	0	0	0	0	0
5192	chr9:126300001-127894000	SBS5	1	0	1	0	0	0	0	0	0	0	0	0	0
5193	chr9:128101001-129657000	SBS1	2	0	2	0	0	0	0	0	0	0	0	0	0
5194	chr9:128101001-129657000	SBS3	2	0	6	0	0	0	0	0	0	0	0	0	0
5195	chr9:128101001-129657000	SBS5	2	0	0	1	0	0	0	0	0	0	0	0	0
5196	chr9:130131001-130678000	SBS1	4	0	0	0	1	0	0	0	0	0	0	0	0
5197	chr9:130131001-130678000	SBS3	4	0	1	0	0	0	0	0	0	0	0	0	0
5198	chr9:130678001-130871000	SBS3	3	0	0	0	2	0	0	0	0	0	0	0	0
5199	chr9:130871001-131117000	SBS3	4	0	0	1	0	0	0	0	0	0	0	0	0
5200	chr9:131117001-131640000	SBS3	3	0	2	0	0	0	0	0	0	0	0	0	0
5201	chr9:132035135-134486500	SBS1	4	0	1	0	0	0	0	0	0	0	0	0	0
5202	chr9:132035135-134486500	SBS2	4	0	1	0	0	0	0	0	0	0	0	0	0
5203	chr9:132035135-134486500	SBS3	4	0	9	4	2	3	0	0	0	0	0	0	0
5204	chr9:132035135-134486500	SBS5	4	0	3	1	0	0	0	0	0	0	0	0	0
5205	chr9:134486501-137362000	SBS1	4	0	0	0	0	3	0	0	0	0	0	0	0
5206	chr9:134486501-137362000	SBS13	4	0	1	1	1	0	0	0	0	0	0	0	0
5207	chr9:134486501-137362000	SBS2	4	0	0	0	1	0	0	0	0	0	0	0	0
5208	chr9:134486501-137362000	SBS3	4	0	1	2	0	5	0	0	0	0	0	0	0
5209	chr9:134486501-137362000	SBS5	4	0	0	1	0	0	0	0	0	0	0	0	0
5210	chr9:137362001-137804000	SBS3	4	0	1	0	1	0	0	0	0	0	0	0	0
5211	chr9:137804001-138394717	SBS1	5	0	0	1	0	0	0	0	0	0	0	0	0
5212	chr9:137804001-138394717	SBS3	5	0	5	2	0	1	2	0	0	0	0	0	0
5213	chr9:137804001-138394717	SBS5	5	0	5	1	0	0	0	0	0	0	0	0	0
5214	chr9:14081001-14614000	SBS3	2	0	0	2	0	0	0	0	0	0	0	0	0
5215	chr9:14081001-14614000	SBS5	2	0	0	1	0	0	0	0	0	0	0	0	0
5216	chr9:14699001-15131000	SBS3	2	0	4	0	0	0	0	0	0	0	0	0	0
5217	chr9:15131001-15421000	SBS13	1	0	1	0	0	0	0	0	0	0	0	0	0
5218	chr9:15131001-15421000	SBS3	1	0	6	0	0	0	0	0	0	0	0	0	0
5219	chr9:15131001-15421000	SBS5	1	0	1	0	0	0	0	0	0	0	0	0	0
5220	chr9:15519001-15815000	SBS3	2	0	2	3	0	0	0	0	0	0	0	0	0
5221	chr9:15815001-18156000	SBS18	2	0	1	1	0	0	0	0	0	0	0	0	0
5222	chr9:15815001-18156000	SBS3	2	0	2	1	0	0	0	0	0	0	0	0	0
5223	chr9:18156001-19047000	SBS3	2	0	1	0	0	0	0	0	0	0	0	0	0
5224	chr9:19047001-19476000	SBS3	1	0	1	0	0	0	0	0	0	0	0	0	0
5225	chr9:19899001-20344000	SBS3	1	0	1	0	0	0	0	0	0	0	0	0	0
5226	chr9:20344001-21112000	SBS3	1	0	3	0	0	0	0	0	0	0	0	0	0
5227	chr9:20344001-21112000	SBS5	1	0	1	0	0	0	0	0	0	0	0	0	0
5228	chr9:21112001-22248000	SBS1	1	0	2	0	0	0	0	0	0	0	0	0	0
5229	chr9:21112001-22248000	SBS3	1	0	4	0	0	0	0	0	0	0	0	0	0
5230	chr9:21112001-22248000	SBS5	1	0	3	0	0	0	0	0	0	0	0	0	0
5231	chr9:2193001-2716000	SBS2	2	0	0	1	0	0	0	0	0	0	0	0	0
5232	chr9:22248001-22497000	SBS3	2	0	0	1	0	0	0	0	0	0	0	0	0
5233	chr9:22497001-26836500	SBS1	2	0	1	2	0	0	0	0	0	0	0	0	0
5234	chr9:22497001-26836500	SBS13	2	0	2	0	0	0	0	0	0	0	0	0	0
5235	chr9:22497001-26836500	SBS3	2	0	4	2	0	0	0	0	0	0	0	0	0
5236	chr9:22497001-26836500	SBS5	2	0	3	0	0	0	0	0	0	0	0	0	0
5237	chr9:27069001-27350000	SBS3	2	0	0	1	0	0	0	0	0	0	0	0	0
5238	chr9:2716001-2860000	SBS2	1	0	1	0	0	0	0	0	0	0	0	0	0
5239	chr9:2716001-2860000	SBS5	1	0	2	0	0	0	0	0	0	0	0	0	0
5240	chr9:27607001-31108000	SBS1	2	0	1	0	0	0	0	0	0	0	0	0	0
5241	chr9:27607001-31108000	SBS18	2	0	0	1	0	0	0	0	0	0	0	0	0
5242	chr9:27607001-31108000	SBS3	2	0	6	4	0	0	0	0	0	0	0	0	0
5243	chr9:27607001-31108000	SBS5	2	0	2	0	0	0	0	0	0	0	0	0	0
5244	chr9:2860001-3214000	SBS18	2	0	1	0	0	0	0	0	0	0	0	0	0
5245	chr9:2860001-3214000	SBS3	2	0	5	0	0	0	0	0	0	0	0	0	0
5246	chr9:2860001-3214000	SBS5	2	0	1	0	0	0	0	0	0	0	0	0	0
5247	chr9:31108001-31656000	SBS1	1	0	1	0	0	0	0	0	0	0	0	0	0
5248	chr9:31656001-32338000	SBS2	2	0	1	0	0	0	0	0	0	0	0	0	0
5249	chr9:31656001-32338000	SBS3	2	0	1	1	0	0	0	0	0	0	0	0	0
5250	chr9:32590001-32961000	SBS3	2	0	1	1	0	0	0	0	0	0	0	0	0
5251	chr9:32590001-32961000	SBS5	2	0	1	0	0	0	0	0	0	0	0	0	0
5252	chr9:33479001-33812500	SBS3	2	0	4	1	0	0	0	0	0	0	0	0	0
5253	chr9:33479001-33812500	SBS5	2	0	4	0	0	0	0	0	0	0	0	0	0
5254	chr9:33821001-37070000	SBS13	1	0	1	0	0	0	0	0	0	0	0	0	0
5255	chr9:33821001-37070000	SBS3	1	0	4	0	0	0	0	0	0	0	0	0	0
5256	chr9:33821001-37070000	SBS5	1	0	1	0	0	0	0	0	0	0	0	0	0
5257	chr9:3546001-4586000	SBS3	2	0	1	1	0	0	0	0	0	0	0	0	0
5258	chr9:3546001-4586000	SBS5	2	0	0	1	0	0	0	0	0	0	0	0	0
5259	chr9:37341001-38445000	SBS1	2	1	1	0	0	0	0	0	0	0	0	0	0
5260	chr9:37341001-38445000	SBS3	2	1	3	1	0	0	0	0	0	0	0	0	0
5261	chr9:38445001-44377362	SBS1	2	2	5	1	0	0	0	0	0	0	0	0	0
5262	chr9:38445001-44377362	SBS18	2	2	1	2	0	0	0	0	0	0	0	0	0
5263	chr9:38445001-44377362	SBS2	2	2	4	4	0	0	0	0	0	0	0	0	0
5264	chr9:38445001-44377362	SBS3	2	2	25	10	0	0	0	0	0	0	0	0	0
5265	chr9:38445001-44377362	SBS5	2	2	4	7	0	0	0	0	0	0	0	0	0
5266	chr9:44377363-69247000	SBS1	1	0	5	0	0	0	0	0	0	0	0	0	0
5267	chr9:44377363-69247000	SBS13	1	0	2	0	0	0	0	0	0	0	0	0	0
5268	chr9:44377363-69247000	SBS18	1	0	2	0	0	0	0	0	0	0	0	0	0
5269	chr9:44377363-69247000	SBS2	1	0	4	0	0	0	0	0	0	0	0	0	0
5270	chr9:44377363-69247000	SBS3	1	0	53	0	0	0	0	0	0	0	0	0	0
5271	chr9:44377363-69247000	SBS5	1	0	9	0	0	0	0	0	0	0	0	0	0
5272	chr9:471001-762000	SBS3	1	0	2	0	0	0	0	0	0	0	0	0	0
5273	chr9:6089001-6678000	SBS5	2	0	1	0	0	0	0	0	0	0	0	0	0
5274	chr9:69247001-70249000	SBS18	2	0	1	0	0	0	0	0	0	0	0	0	0
5275	chr9:69247001-70249000	SBS3	2	0	1	3	0	0	0	0	0	0	0	0	0
5276	chr9:70249001-70613000	SBS5	1	0	1	0	0	0	0	0	0	0	0	0	0
5277	chr9:7186001-8000000	SBS5	2	0	0	1	0	0	0	0	0	0	0	0	0
5278	chr9:71958001-72271000	SBS5	2	0	0	1	0	0	0	0	0	0	0	0	0
5279	chr9:72271001-72599000	SBS3	1	0	1	0	0	0	0	0	0	0	0	0	0
5280	chr9:73212001-74482000	SBS1	2	0	1	0	0	0	0	0	0	0	0	0	0
5281	chr9:73212001-74482000	SBS3	2	0	3	1	0	0	0	0	0	0	0	0	0
5282	chr9:73212001-74482000	SBS5	2	0	2	1	0	0	0	0	0	0	0	0	0
5283	chr9:74482001-74980000	SBS3	2	0	1	0	0	0	0	0	0	0	0	0	0
5284	chr9:74980001-75205500	SBS3	1	0	2	0	0	0	0	0	0	0	0	0	0
5285	chr9:74980001-75205500	SBS5	1	0	1	0	0	0	0	0	0	0	0	0	0
5286	chr9:75205501-76360000	SBS2	2	0	0	1	0	0	0	0	0	0	0	0	0
5287	chr9:75205501-76360000	SBS3	2	0	3	0	0	0	0	0	0	0	0	0	0
5288	chr9:75205501-76360000	SBS5	2	0	2	0	0	0	0	0	0	0	0	0	0
5289	chr9:762001-1991000	SBS1	2	0	0	1	0	0	0	0	0	0	0	0	0
5290	chr9:762001-1991000	SBS3	2	0	1	2	0	0	0	0	0	0	0	0	0
5291	chr9:762001-1991000	SBS5	2	0	3	0	0	0	0	0	0	0	0	0	0
5292	chr9:76360001-76709000	SBS5	1	0	1	0	0	0	0	0	0	0	0	0	0
5293	chr9:76709001-77166000	SBS5	2	0	0	1	0	0	0	0	0	0	0	0	0
5294	chr9:77166001-77460000	SBS1	1	0	1	0	0	0	0	0	0	0	0	0	0
5295	chr9:77460001-77714000	SBS5	2	0	1	0	0	0	0	0	0	0	0	0	0
5296	chr9:77714001-78302000	SBS3	1	0	1	0	0	0	0	0	0	0	0	0	0
5297	chr9:78302001-79558000	SBS1	2	0	1	0	0	0	0	0	0	0	0	0	0
5298	chr9:78302001-79558000	SBS3	2	0	4	0	0	0	0	0	0	0	0	0	0
5299	chr9:78302001-79558000	SBS5	2	0	5	1	0	0	0	0	0	0	0	0	0
5300	chr9:79558001-79957000	SBS3	1	0	2	0	0	0	0	0	0	0	0	0	0
5301	chr9:79957001-81884163	SBS3	2	0	1	0	0	0	0	0	0	0	0	0	0
5302	chr9:8000001-10449500	SBS3	2	0	3	2	0	0	0	0	0	0	0	0	0
5303	chr9:81888999-83324000	SBS13	2	0	1	0	0	0	0	0	0	0	0	0	0
5304	chr9:81888999-83324000	SBS3	2	0	3	1	0	0	0	0	0	0	0	0	0
5305	chr9:83324001-84334000	SBS2	2	0	1	0	0	0	0	0	0	0	0	0	0
5306	chr9:83324001-84334000	SBS3	2	0	1	0	0	0	0	0	0	0	0	0	0
5307	chr9:83324001-84334000	SBS5	2	0	1	0	0	0	0	0	0	0	0	0	0
5308	chr9:84334001-85547000	SBS2	2	0	1	0	0	0	0	0	0	0	0	0	0
5309	chr9:84334001-85547000	SBS3	2	0	0	1	0	0	0	0	0	0	0	0	0
5310	chr9:85547001-86028000	SBS5	1	0	1	0	0	0	0	0	0	0	0	0	0
5311	chr9:86028001-86270000	SBS3	2	0	1	0	0	0	0	0	0	0	0	0	0
5312	chr9:86366001-89301000	SBS1	2	0	1	0	0	0	0	0	0	0	0	0	0
5313	chr9:86366001-89301000	SBS3	2	0	2	1	0	0	0	0	0	0	0	0	0
5314	chr9:89550001-90147000	SBS18	1	0	1	0	0	0	0	0	0	0	0	0	0
5315	chr9:89550001-90147000	SBS3	1	0	2	0	0	0	0	0	0	0	0	0	0
5316	chr9:90147001-90752000	SBS1	2	0	1	0	0	0	0	0	0	0	0	0	0
5317	chr9:90147001-90752000	SBS3	2	0	2	1	0	0	0	0	0	0	0	0	0
5318	chr9:90147001-90752000	SBS5	2	0	0	1	0	0	0	0	0	0	0	0	0
5319	chr9:90752001-91443000	SBS3	1	0	2	0	0	0	0	0	0	0	0	0	0
5320	chr9:91443001-92029000	SBS3	2	0	4	0	0	0	0	0	0	0	0	0	0
5321	chr9:91443001-92029000	SBS5	2	0	1	0	0	0	0	0	0	0	0	0	0
5322	chr9:92029001-92950000	SBS13	1	0	1	0	0	0	0	0	0	0	0	0	0
5323	chr9:92029001-92950000	SBS3	1	0	2	0	0	0	0	0	0	0	0	0	0
5324	chr9:92950001-93150000	SBS3	1	0	2	0	0	0	0	0	0	0	0	0	0
5325	chr9:93596001-94000000	SBS3	2	0	1	0	0	0	0	0	0	0	0	0	0
5326	chr9:94000001-95327000	SBS13	1	0	2	0	0	0	0	0	0	0	0	0	0
5327	chr9:94000001-95327000	SBS2	1	0	1	0	0	0	0	0	0	0	0	0	0
5328	chr9:94000001-95327000	SBS3	1	0	2	0	0	0	0	0	0	0	0	0	0
5329	chr9:94000001-95327000	SBS5	1	0	1	0	0	0	0	0	0	0	0	0	0
5330	chr9:95327001-95852000	SBS3	2	0	2	0	0	0	0	0	0	0	0	0	0
5331	chr9:96029001-97614500	SBS13	2	0	1	0	0	0	0	0	0	0	0	0	0
5332	chr9:96029001-97614500	SBS3	2	0	2	1	0	0	0	0	0	0	0	0	0
5333	chr9:96029001-97614500	SBS5	2	0	3	0	0	0	0	0	0	0	0	0	0
5334	chr9:98268001-98994000	SBS1	2	0	1	0	0	0	0	0	0	0	0	0	0
5335	chr9:98268001-98994000	SBS18	2	0	1	0	0	0	0	0	0	0	0	0	0
5336	chr9:98268001-98994000	SBS3	2	0	3	0	0	0	0	0	0	0	0	0	0
5337	chr9:98268001-98994000	SBS5	2	0	2	0	0	0	0	0	0	0	0	0	0
