	segment_id	sig_max	major_cn	minor_cn	N1	N2	N3	N4	N6	N5	N16	N14	N8	N12	N18	N10	N7	N11
0	chr10:1-2304937	SBS3	1	0	3	0	0	0	0	0	0	0	0	0	0	0	0	0
1	chr10:1-2304937	SBS5	1	0	1	0	0	0	0	0	0	0	0	0	0	0	0	0
2	chr10:1-2304937	SBS8	1	0	2	0	0	0	0	0	0	0	0	0	0	0	0	0
3	chr10:114792082-128976882	SBS1	1	0	3	0	0	0	0	0	0	0	0	0	0	0	0	0
4	chr10:114792082-128976882	SBS100	1	0	3	0	0	0	0	0	0	0	0	0	0	0	0	0
5	chr10:114792082-128976882	SBS3	1	0	32	0	0	0	0	0	0	0	0	0	0	0	0	0
6	chr10:114792082-128976882	SBS5	1	0	8	0	0	0	0	0	0	0	0	0	0	0	0	0
7	chr10:114792082-128976882	SBS8	1	0	16	0	0	0	0	0	0	0	0	0	0	0	0	0
8	chr10:128976891-128977116	SBS3	1	0	1	0	0	0	0	0	0	0	0	0	0	0	0	0
9	chr10:129015886-132130709	SBS1	1	0	2	0	0	0	0	0	0	0	0	0	0	0	0	0
10	chr10:129015886-132130709	SBS100	1	0	2	0	0	0	0	0	0	0	0	0	0	0	0	0
11	chr10:129015886-132130709	SBS3	1	0	8	0	0	0	0	0	0	0	0	0	0	0	0	0
12	chr10:129015886-132130709	SBS8	1	0	4	0	0	0	0	0	0	0	0	0	0	0	0	0
13	chr10:132209758-133797422	SBS1	1	0	3	0	0	0	0	0	0	0	0	0	0	0	0	0
14	chr10:132209758-133797422	SBS3	1	0	2	0	0	0	0	0	0	0	0	0	0	0	0	0
15	chr10:132209758-133797422	SBS5	1	0	1	0	0	0	0	0	0	0	0	0	0	0	0	0
16	chr10:18691211-34390204	SBS1	1	1	3	0	0	0	0	0	0	0	0	0	0	0	0	0
17	chr10:18691211-34390204	SBS100	1	1	2	0	0	0	0	0	0	0	0	0	0	0	0	0
18	chr10:18691211-34390204	SBS3	1	1	49	0	0	0	0	0	0	0	0	0	0	0	0	0
19	chr10:18691211-34390204	SBS5	1	1	12	0	0	0	0	0	0	0	0	0	0	0	0	0
20	chr10:18691211-34390204	SBS8	1	1	33	0	0	0	0	0	0	0	0	0	0	0	0	0
21	chr10:2304938-2600155	SBS3	1	0	1	0	0	0	0	0	0	0	0	0	0	0	0	0
22	chr10:2304938-2600155	SBS8	1	0	1	0	0	0	0	0	0	0	0	0	0	0	0	0
23	chr10:2600156-18691139	SBS1	1	1	4	0	0	0	0	0	0	0	0	0	0	0	0	0
24	chr10:2600156-18691139	SBS100	1	1	5	0	0	0	0	0	0	0	0	0	0	0	0	0
25	chr10:2600156-18691139	SBS3	1	1	52	0	0	0	0	0	0	0	0	0	0	0	0	0
26	chr10:2600156-18691139	SBS5	1	1	9	0	0	0	0	0	0	0	0	0	0	0	0	0
27	chr10:2600156-18691139	SBS8	1	1	28	0	0	0	0	0	0	0	0	0	0	0	0	0
28	chr10:34390531-40640101	SBS1	1	1	3	0	0	0	0	0	0	0	0	0	0	0	0	0
29	chr10:34390531-40640101	SBS100	1	1	1	0	0	0	0	0	0	0	0	0	0	0	0	0
30	chr10:34390531-40640101	SBS3	1	1	38	0	0	0	0	0	0	0	0	0	0	0	0	0
31	chr10:34390531-40640101	SBS5	1	1	7	0	0	0	0	0	0	0	0	0	0	0	0	0
32	chr10:34390531-40640101	SBS8	1	1	16	0	0	0	0	0	0	0	0	0	0	0	0	0
33	chr10:40640102-43419796	SBS100	1	1	1	0	0	0	0	0	0	0	0	0	0	0	0	0
34	chr10:40640102-43419796	SBS3	1	1	9	0	0	0	0	0	0	0	0	0	0	0	0	0
35	chr10:40640102-43419796	SBS5	1	1	6	0	0	0	0	0	0	0	0	0	0	0	0	0
36	chr10:40640102-43419796	SBS8	1	1	4	0	0	0	0	0	0	0	0	0	0	0	0	0
37	chr10:43420724-44104387	SBS3	1	1	6	0	0	0	0	0	0	0	0	0	0	0	0	0
38	chr10:44104388-45012000	SBS3	2	1	2	0	0	0	0	0	0	0	0	0	0	0	0	0
39	chr10:44104388-45012000	SBS8	2	1	1	1	0	0	0	0	0	0	0	0	0	0	0	0
40	chr10:45012001-45668535	SBS100	1	1	1	0	0	0	0	0	0	0	0	0	0	0	0	0
41	chr10:45012001-45668535	SBS3	1	1	1	0	0	0	0	0	0	0	0	0	0	0	0	0
42	chr10:45012001-45668535	SBS8	1	1	3	0	0	0	0	0	0	0	0	0	0	0	0	0
43	chr10:45668536-51659922	SBS1	2	1	0	1	0	0	0	0	0	0	0	0	0	0	0	0
44	chr10:45668536-51659922	SBS100	2	1	1	1	0	0	0	0	0	0	0	0	0	0	0	0
45	chr10:45668536-51659922	SBS3	2	1	13	9	0	0	0	0	0	0	0	0	0	0	0	0
46	chr10:45668536-51659922	SBS5	2	1	3	0	0	0	0	0	0	0	0	0	0	0	0	0
47	chr10:45668536-51659922	SBS8	2	1	5	7	0	0	0	0	0	0	0	0	0	0	0	0
48	chr10:51660137-56870027	SBS100	2	1	0	2	0	0	0	0	0	0	0	0	0	0	0	0
49	chr10:51660137-56870027	SBS3	2	1	7	7	0	0	0	0	0	0	0	0	0	0	0	0
50	chr10:51660137-56870027	SBS5	2	1	2	2	0	0	0	0	0	0	0	0	0	0	0	0
51	chr10:51660137-56870027	SBS8	2	1	5	10	0	0	0	0	0	0	0	0	0	0	0	0
52	chr10:56870028-62107535	SBS1	2	0	0	1	0	0	0	0	0	0	0	0	0	0	0	0
53	chr10:56870028-62107535	SBS3	2	0	0	4	0	0	0	0	0	0	0	0	0	0	0	0
54	chr10:56870028-62107535	SBS5	2	0	0	1	0	0	0	0	0	0	0	0	0	0	0	0
55	chr10:56870028-62107535	SBS8	2	0	0	4	0	0	0	0	0	0	0	0	0	0	0	0
56	chr10:62107536-63962000	SBS3	1	0	3	0	0	0	0	0	0	0	0	0	0	0	0	0
57	chr10:62107536-63962000	SBS5	1	0	1	0	0	0	0	0	0	0	0	0	0	0	0	0
58	chr10:66687453-79371423	SBS1	1	0	2	0	0	0	0	0	0	0	0	0	0	0	0	0
59	chr10:66687453-79371423	SBS3	1	0	10	0	0	0	0	0	0	0	0	0	0	0	0	0
60	chr10:66687453-79371423	SBS5	1	0	4	0	0	0	0	0	0	0	0	0	0	0	0	0
61	chr10:66687453-79371423	SBS8	1	0	10	0	0	0	0	0	0	0	0	0	0	0	0	0
62	chr10:79371466-88448010	SBS100	1	0	1	0	0	0	0	0	0	0	0	0	0	0	0	0
63	chr10:79371466-88448010	SBS3	1	0	19	0	0	0	0	0	0	0	0	0	0	0	0	0
64	chr10:79371466-88448010	SBS5	1	0	3	0	0	0	0	0	0	0	0	0	0	0	0	0
65	chr10:79371466-88448010	SBS8	1	0	10	0	0	0	0	0	0	0	0	0	0	0	0	0
66	chr10:88448011-92186058	SBS100	1	0	2	0	0	0	0	0	0	0	0	0	0	0	0	0
67	chr10:88448011-92186058	SBS3	1	0	3	0	0	0	0	0	0	0	0	0	0	0	0	0
68	chr10:88448011-92186058	SBS8	1	0	7	0	0	0	0	0	0	0	0	0	0	0	0	0
69	chr10:92187623-95586826	SBS3	1	0	3	0	0	0	0	0	0	0	0	0	0	0	0	0
70	chr10:92187623-95586826	SBS5	1	0	1	0	0	0	0	0	0	0	0	0	0	0	0	0
71	chr10:92187623-95586826	SBS8	1	0	2	0	0	0	0	0	0	0	0	0	0	0	0	0
72	chr10:95586827-114792008	SBS1	1	0	3	0	0	0	0	0	0	0	0	0	0	0	0	0
73	chr10:95586827-114792008	SBS100	1	0	6	0	0	0	0	0	0	0	0	0	0	0	0	0
74	chr10:95586827-114792008	SBS3	1	0	39	0	0	0	0	0	0	0	0	0	0	0	0	0
75	chr10:95586827-114792008	SBS5	1	0	4	0	0	0	0	0	0	0	0	0	0	0	0	0
76	chr10:95586827-114792008	SBS8	1	0	19	0	0	0	0	0	0	0	0	0	0	0	0	0
77	chr11:1-7672884	SBS1	1	0	4	0	0	0	0	0	0	0	0	0	0	0	0	0
78	chr11:1-7672884	SBS100	1	0	2	0	0	0	0	0	0	0	0	0	0	0	0	0
79	chr11:1-7672884	SBS3	1	0	13	0	0	0	0	0	0	0	0	0	0	0	0	0
80	chr11:1-7672884	SBS5	1	0	5	0	0	0	0	0	0	0	0	0	0	0	0	0
81	chr11:1-7672884	SBS8	1	0	4	0	0	0	0	0	0	0	0	0	0	0	0	0
82	chr11:120986635-133782295	SBS100	1	0	3	0	0	0	0	0	0	0	0	0	0	0	0	0
83	chr11:120986635-133782295	SBS3	1	0	22	0	0	0	0	0	0	0	0	0	0	0	0	0
84	chr11:120986635-133782295	SBS5	1	0	6	0	0	0	0	0	0	0	0	0	0	0	0	0
85	chr11:120986635-133782295	SBS8	1	0	14	0	0	0	0	0	0	0	0	0	0	0	0	0
86	chr11:133782416-135086622	SBS1	1	0	2	0	0	0	0	0	0	0	0	0	0	0	0	0
87	chr11:133782416-135086622	SBS3	1	0	1	0	0	0	0	0	0	0	0	0	0	0	0	0
88	chr11:133782416-135086622	SBS5	1	0	2	0	0	0	0	0	0	0	0	0	0	0	0	0
89	chr11:14269131-18902281	SBS3	1	0	9	0	0	0	0	0	0	0	0	0	0	0	0	0
90	chr11:14269131-18902281	SBS5	1	0	4	0	0	0	0	0	0	0	0	0	0	0	0	0
91	chr11:14269131-18902281	SBS8	1	0	3	0	0	0	0	0	0	0	0	0	0	0	0	0
92	chr11:18903499-19810933	SBS3	1	0	3	0	0	0	0	0	0	0	0	0	0	0	0	0
93	chr11:18903499-19810933	SBS8	1	0	1	0	0	0	0	0	0	0	0	0	0	0	0	0
94	chr11:19814383-22078460	SBS100	4	1	0	1	0	0	0	0	0	0	0	0	0	0	0	0
95	chr11:19814383-22078460	SBS3	4	1	3	6	1	2	0	0	0	0	0	0	0	0	0	0
96	chr11:19814383-22078460	SBS5	4	1	1	2	0	0	0	0	0	0	0	0	0	0	0	0
97	chr11:19814383-22078460	SBS8	4	1	2	5	1	4	0	0	0	0	0	0	0	0	0	0
98	chr11:22078461-22796723	SBS3	2	1	1	4	0	0	0	0	0	0	0	0	0	0	0	0
99	chr11:22078461-22796723	SBS8	2	1	3	1	0	0	0	0	0	0	0	0	0	0	0	0
100	chr11:22838237-30022922	SBS1	2	1	4	1	0	0	0	0	0	0	0	0	0	0	0	0
101	chr11:22838237-30022922	SBS100	2	1	1	1	0	0	0	0	0	0	0	0	0	0	0	0
102	chr11:22838237-30022922	SBS3	2	1	16	7	0	0	0	0	0	0	0	0	0	0	0	0
103	chr11:22838237-30022922	SBS5	2	1	2	2	0	0	0	0	0	0	0	0	0	0	0	0
104	chr11:22838237-30022922	SBS8	2	1	18	13	0	0	0	0	0	0	0	0	0	0	0	0
105	chr11:30022923-35798822	SBS100	1	1	2	0	0	0	0	0	0	0	0	0	0	0	0	0
106	chr11:30022923-35798822	SBS3	1	1	17	0	0	0	0	0	0	0	0	0	0	0	0	0
107	chr11:30022923-35798822	SBS5	1	1	6	0	0	0	0	0	0	0	0	0	0	0	0	0
108	chr11:30022923-35798822	SBS8	1	1	14	0	0	0	0	0	0	0	0	0	0	0	0	0
109	chr11:35798823-35799138	SBS3	1	0	1	0	0	0	0	0	0	0	0	0	0	0	0	0
110	chr11:35799139-38704159	SBS1	1	1	1	0	0	0	0	0	0	0	0	0	0	0	0	0
111	chr11:35799139-38704159	SBS100	1	1	1	0	0	0	0	0	0	0	0	0	0	0	0	0
112	chr11:35799139-38704159	SBS3	1	1	9	0	0	0	0	0	0	0	0	0	0	0	0	0
113	chr11:35799139-38704159	SBS8	1	1	6	0	0	0	0	0	0	0	0	0	0	0	0	0
114	chr11:38705424-39738480	SBS100	1	1	2	0	0	0	0	0	0	0	0	0	0	0	0	0
115	chr11:38705424-39738480	SBS3	1	1	1	0	0	0	0	0	0	0	0	0	0	0	0	0
116	chr11:38705424-39738480	SBS5	1	1	2	0	0	0	0	0	0	0	0	0	0	0	0	0
117	chr11:38705424-39738480	SBS8	1	1	5	0	0	0	0	0	0	0	0	0	0	0	0	0
118	chr11:39738511-47751586	SBS1	1	1	1	0	0	0	0	0	0	0	0	0	0	0	0	0
119	chr11:39738511-47751586	SBS100	1	1	4	0	0	0	0	0	0	0	0	0	0	0	0	0
120	chr11:39738511-47751586	SBS3	1	1	28	0	0	0	0	0	0	0	0	0	0	0	0	0
121	chr11:39738511-47751586	SBS5	1	1	1	0	0	0	0	0	0	0	0	0	0	0	0	0
122	chr11:39738511-47751586	SBS8	1	1	20	0	0	0	0	0	0	0	0	0	0	0	0	0
123	chr11:47767272-52751710	SBS1	1	1	1	0	0	0	0	0	0	0	0	0	0	0	0	0
124	chr11:47767272-52751710	SBS100	1	1	2	0	0	0	0	0	0	0	0	0	0	0	0	0
125	chr11:47767272-52751710	SBS3	1	1	14	0	0	0	0	0	0	0	0	0	0	0	0	0
126	chr11:47767272-52751710	SBS5	1	1	3	0	0	0	0	0	0	0	0	0	0	0	0	0
127	chr11:47767272-52751710	SBS8	1	1	9	0	0	0	0	0	0	0	0	0	0	0	0	0
128	chr11:52751711-55068583	SBS3	1	1	4	0	0	0	0	0	0	0	0	0	0	0	0	0
129	chr11:52751711-55068583	SBS5	1	1	1	0	0	0	0	0	0	0	0	0	0	0	0	0
130	chr11:52751711-55068583	SBS8	1	1	4	0	0	0	0	0	0	0	0	0	0	0	0	0
131	chr11:55068584-55138713	SBS3	1	0	2	0	0	0	0	0	0	0	0	0	0	0	0	0
132	chr11:55068584-55138713	SBS5	1	0	1	0	0	0	0	0	0	0	0	0	0	0	0	0
133	chr11:55068584-55138713	SBS8	1	0	2	0	0	0	0	0	0	0	0	0	0	0	0	0
134	chr11:55138714-56039000	SBS1	1	0	1	0	0	0	0	0	0	0	0	0	0	0	0	0
135	chr11:55138714-56039000	SBS100	1	0	1	0	0	0	0	0	0	0	0	0	0	0	0	0
136	chr11:55138714-56039000	SBS3	1	0	4	0	0	0	0	0	0	0	0	0	0	0	0	0
137	chr11:55138714-56039000	SBS5	1	0	2	0	0	0	0	0	0	0	0	0	0	0	0	0
138	chr11:55138714-56039000	SBS8	1	0	3	0	0	0	0	0	0	0	0	0	0	0	0	0
139	chr11:56039001-57577639	SBS100	1	1	1	0	0	0	0	0	0	0	0	0	0	0	0	0
140	chr11:56039001-57577639	SBS3	1	1	5	0	0	0	0	0	0	0	0	0	0	0	0	0
141	chr11:56039001-57577639	SBS8	1	1	3	0	0	0	0	0	0	0	0	0	0	0	0	0
142	chr11:57579141-58017435	SBS3	2	1	1	0	0	0	0	0	0	0	0	0	0	0	0	0
143	chr11:58035583-58085324	SBS3	1	1	8	0	0	0	0	0	0	0	0	0	0	0	0	0
144	chr11:58035583-58085324	SBS5	1	1	1	0	0	0	0	0	0	0	0	0	0	0	0	0
145	chr11:58035583-58085324	SBS8	1	1	3	0	0	0	0	0	0	0	0	0	0	0	0	0
146	chr11:58085325-58807340	SBS3	1	0	1	0	0	0	0	0	0	0	0	0	0	0	0	0
147	chr11:58085325-58807340	SBS8	1	0	1	0	0	0	0	0	0	0	0	0	0	0	0	0
148	chr11:58807754-60504080	SBS3	1	0	4	0	0	0	0	0	0	0	0	0	0	0	0	0
149	chr11:58807754-60504080	SBS5	1	0	2	0	0	0	0	0	0	0	0	0	0	0	0	0
150	chr11:58807754-60504080	SBS8	1	0	2	0	0	0	0	0	0	0	0	0	0	0	0	0
151	chr11:60504081-60948051	SBS3	1	1	2	0	0	0	0	0	0	0	0	0	0	0	0	0
152	chr11:60504081-60948051	SBS8	1	1	1	0	0	0	0	0	0	0	0	0	0	0	0	0
153	chr11:60948052-63259777	SBS1	1	0	1	0	0	0	0	0	0	0	0	0	0	0	0	0
154	chr11:60948052-63259777	SBS3	1	0	2	0	0	0	0	0	0	0	0	0	0	0	0	0
155	chr11:63345336-66070647	SBS1	1	0	1	0	0	0	0	0	0	0	0	0	0	0	0	0
156	chr11:63345336-66070647	SBS3	1	0	5	0	0	0	0	0	0	0	0	0	0	0	0	0
157	chr11:63345336-66070647	SBS5	1	0	2	0	0	0	0	0	0	0	0	0	0	0	0	0
158	chr11:63345336-66070647	SBS8	1	0	4	0	0	0	0	0	0	0	0	0	0	0	0	0
159	chr11:66257430-67048489	SBS3	1	0	1	0	0	0	0	0	0	0	0	0	0	0	0	0
160	chr11:66257430-67048489	SBS5	1	0	1	0	0	0	0	0	0	0	0	0	0	0	0	0
161	chr11:66257430-67048489	SBS8	1	0	1	0	0	0	0	0	0	0	0	0	0	0	0	0
162	chr11:67048490-72952322	SBS1	2	0	1	0	0	0	0	0	0	0	0	0	0	0	0	0
163	chr11:67048490-72952322	SBS100	2	0	4	0	0	0	0	0	0	0	0	0	0	0	0	0
164	chr11:67048490-72952322	SBS3	2	0	20	3	0	0	0	0	0	0	0	0	0	0	0	0
165	chr11:67048490-72952322	SBS5	2	0	8	1	0	0	0	0	0	0	0	0	0	0	0	0
166	chr11:67048490-72952322	SBS8	2	0	7	2	0	0	0	0	0	0	0	0	0	0	0	0
167	chr11:72952361-74455431	SBS3	1	0	3	0	0	0	0	0	0	0	0	0	0	0	0	0
168	chr11:74605908-74657856	SBS5	1	0	1	0	0	0	0	0	0	0	0	0	0	0	0	0
169	chr11:74657857-75913348	SBS100	1	1	1	0	0	0	0	0	0	0	0	0	0	0	0	0
170	chr11:74657857-75913348	SBS3	1	1	1	0	0	0	0	0	0	0	0	0	0	0	0	0
171	chr11:74657857-75913348	SBS8	1	1	2	0	0	0	0	0	0	0	0	0	0	0	0	0
172	chr11:75913349-76486574	SBS3	2	1	1	0	0	0	0	0	0	0	0	0	0	0	0	0
173	chr11:75913349-76486574	SBS5	2	1	1	0	0	0	0	0	0	0	0	0	0	0	0	0
174	chr11:75913349-76486574	SBS8	2	1	2	1	0	0	0	0	0	0	0	0	0	0	0	0
175	chr11:76486575-79001411	SBS1	3	1	0	0	1	0	0	0	0	0	0	0	0	0	0	0
176	chr11:76486575-79001411	SBS100	3	1	1	0	0	0	0	0	0	0	0	0	0	0	0	0
177	chr11:76486575-79001411	SBS3	3	1	2	5	3	0	0	0	0	0	0	0	0	0	0	0
178	chr11:76486575-79001411	SBS5	3	1	1	0	1	0	0	0	0	0	0	0	0	0	0	0
179	chr11:76486575-79001411	SBS8	3	1	2	1	1	0	0	0	0	0	0	0	0	0	0	0
180	chr11:7672940-14268779	SBS1	1	0	1	0	0	0	0	0	0	0	0	0	0	0	0	0
181	chr11:7672940-14268779	SBS3	1	0	12	0	0	0	0	0	0	0	0	0	0	0	0	0
182	chr11:7672940-14268779	SBS5	1	0	3	0	0	0	0	0	0	0	0	0	0	0	0	0
183	chr11:7672940-14268779	SBS8	1	0	7	0	0	0	0	0	0	0	0	0	0	0	0	0
184	chr11:79001412-80057249	SBS3	2	1	3	2	0	0	0	0	0	0	0	0	0	0	0	0
185	chr11:79001412-80057249	SBS8	2	1	6	2	0	0	0	0	0	0	0	0	0	0	0	0
186	chr11:80057250-81654049	SBS3	1	0	2	0	0	0	0	0	0	0	0	0	0	0	0	0
187	chr11:80057250-81654049	SBS8	1	0	2	0	0	0	0	0	0	0	0	0	0	0	0	0
188	chr11:81654050-82061179	SBS3	2	1	0	1	0	0	0	0	0	0	0	0	0	0	0	0
189	chr11:81654050-82061179	SBS8	2	1	2	1	0	0	0	0	0	0	0	0	0	0	0	0
190	chr11:82061180-83612182	SBS100	1	1	1	0	0	0	0	0	0	0	0	0	0	0	0	0
191	chr11:82061180-83612182	SBS3	1	1	3	0	0	0	0	0	0	0	0	0	0	0	0	0
192	chr11:82061180-83612182	SBS8	1	1	3	0	0	0	0	0	0	0	0	0	0	0	0	0
193	chr11:83612183-85490198	SBS100	1	0	2	0	0	0	0	0	0	0	0	0	0	0	0	0
194	chr11:83612183-85490198	SBS3	1	0	1	0	0	0	0	0	0	0	0	0	0	0	0	0
195	chr11:83612183-85490198	SBS8	1	0	2	0	0	0	0	0	0	0	0	0	0	0	0	0
196	chr11:85490199-87496000	SBS3	1	1	7	0	0	0	0	0	0	0	0	0	0	0	0	0
197	chr11:85490199-87496000	SBS8	1	1	2	0	0	0	0	0	0	0	0	0	0	0	0	0
198	chr11:87496001-120986567	SBS1	1	0	3	0	0	0	0	0	0	0	0	0	0	0	0	0
199	chr11:87496001-120986567	SBS100	1	0	3	0	0	0	0	0	0	0	0	0	0	0	0	0
200	chr11:87496001-120986567	SBS3	1	0	41	0	0	0	0	0	0	0	0	0	0	0	0	0
201	chr11:87496001-120986567	SBS5	1	0	7	0	0	0	0	0	0	0	0	0	0	0	0	0
202	chr11:87496001-120986567	SBS8	1	0	41	0	0	0	0	0	0	0	0	0	0	0	0	0
203	chr12:1-6595348	SBS1	1	1	1	0	0	0	0	0	0	0	0	0	0	0	0	0
204	chr12:1-6595348	SBS100	1	1	2	0	0	0	0	0	0	0	0	0	0	0	0	0
205	chr12:1-6595348	SBS3	1	1	19	0	0	0	0	0	0	0	0	0	0	0	0	0
206	chr12:1-6595348	SBS5	1	1	2	0	0	0	0	0	0	0	0	0	0	0	0	0
207	chr12:1-6595348	SBS8	1	1	4	0	0	0	0	0	0	0	0	0	0	0	0	0
208	chr12:11812797-12376179	SBS3	2	1	2	1	0	0	0	0	0	0	0	0	0	0	0	0
209	chr12:120812876-120812893	SBS8	2	0	1	0	0	0	0	0	0	0	0	0	0	0	0	0
210	chr12:122081517-131702174	SBS1	1	0	9	0	0	0	0	0	0	0	0	0	0	0	0	0
211	chr12:122081517-131702174	SBS100	1	0	5	0	0	0	0	0	0	0	0	0	0	0	0	0
212	chr12:122081517-131702174	SBS3	1	0	26	0	0	0	0	0	0	0	0	0	0	0	0	0
213	chr12:122081517-131702174	SBS5	1	0	4	0	0	0	0	0	0	0	0	0	0	0	0	0
214	chr12:122081517-131702174	SBS8	1	0	12	0	0	0	0	0	0	0	0	0	0	0	0	0
215	chr12:12376547-12908469	SBS3	2	1	1	0	0	0	0	0	0	0	0	0	0	0	0	0
216	chr12:12376547-12908469	SBS8	2	1	1	0	0	0	0	0	0	0	0	0	0	0	0	0
217	chr12:12908512-15387978	SBS100	2	1	1	0	0	0	0	0	0	0	0	0	0	0	0	0
218	chr12:12908512-15387978	SBS3	2	1	1	0	0	0	0	0	0	0	0	0	0	0	0	0
219	chr12:12908512-15387978	SBS5	2	1	2	1	0	0	0	0	0	0	0	0	0	0	0	0
220	chr12:12908512-15387978	SBS8	2	1	4	2	0	0	0	0	0	0	0	0	0	0	0	0
221	chr12:131702247-132164598	SBS3	1	0	1	0	0	0	0	0	0	0	0	0	0	0	0	0
222	chr12:131702247-132164598	SBS8	1	0	1	0	0	0	0	0	0	0	0	0	0	0	0	0
223	chr12:132186894-133275309	SBS1	1	0	2	0	0	0	0	0	0	0	0	0	0	0	0	0
224	chr12:132186894-133275309	SBS3	1	0	5	0	0	0	0	0	0	0	0	0	0	0	0	0
225	chr12:15388173-15441167	SBS8	2	1	1	0	0	0	0	0	0	0	0	0	0	0	0	0
226	chr12:15441285-26090128	SBS1	2	1	3	0	0	0	0	0	0	0	0	0	0	0	0	0
227	chr12:15441285-26090128	SBS100	2	1	2	0	0	0	0	0	0	0	0	0	0	0	0	0
228	chr12:15441285-26090128	SBS3	2	1	34	10	0	0	0	0	0	0	0	0	0	0	0	0
229	chr12:15441285-26090128	SBS5	2	1	8	2	0	0	0	0	0	0	0	0	0	0	0	0
230	chr12:15441285-26090128	SBS8	2	1	19	9	0	0	0	0	0	0	0	0	0	0	0	0
231	chr12:26092120-26313522	SBS1	6	1	0	0	0	0	1	0	0	0	0	0	0	0	0	0
232	chr12:26092120-26313522	SBS3	6	1	0	3	0	0	0	0	0	0	0	0	0	0	0	0
233	chr12:26092120-26313522	SBS8	6	1	0	0	0	0	1	0	0	0	0	0	0	0	0	0
234	chr12:26315737-26806695	SBS3	4	1	1	1	0	0	0	0	0	0	0	0	0	0	0	0
235	chr12:26315737-26806695	SBS5	4	1	1	0	0	0	0	0	0	0	0	0	0	0	0	0
236	chr12:26315737-26806695	SBS8	4	1	0	1	0	0	0	0	0	0	0	0	0	0	0	0
237	chr12:26992250-27624609	SBS100	3	1	0	1	0	0	0	0	0	0	0	0	0	0	0	0
238	chr12:26992250-27624609	SBS3	3	1	3	1	0	0	0	0	0	0	0	0	0	0	0	0
239	chr12:26992250-27624609	SBS5	3	1	1	0	0	0	0	0	0	0	0	0	0	0	0	0
240	chr12:26992250-27624609	SBS8	3	1	1	0	0	0	0	0	0	0	0	0	0	0	0	0
241	chr12:27624610-28989136	SBS100	2	1	0	1	0	0	0	0	0	0	0	0	0	0	0	0
242	chr12:27624610-28989136	SBS3	2	1	4	1	0	0	0	0	0	0	0	0	0	0	0	0
243	chr12:27624610-28989136	SBS5	2	1	1	1	0	0	0	0	0	0	0	0	0	0	0	0
244	chr12:27624610-28989136	SBS8	2	1	4	3	0	0	0	0	0	0	0	0	0	0	0	0
245	chr12:28989137-35977329	SBS1	1	1	3	0	0	0	0	0	0	0	0	0	0	0	0	0
246	chr12:28989137-35977329	SBS100	1	1	3	0	0	0	0	0	0	0	0	0	0	0	0	0
247	chr12:28989137-35977329	SBS3	1	1	22	0	0	0	0	0	0	0	0	0	0	0	0	0
248	chr12:28989137-35977329	SBS5	1	1	10	0	0	0	0	0	0	0	0	0	0	0	0	0
249	chr12:28989137-35977329	SBS8	1	1	8	0	0	0	0	0	0	0	0	0	0	0	0	0
250	chr12:35977330-38604538	SBS1	1	1	1	0	0	0	0	0	0	0	0	0	0	0	0	0
251	chr12:35977330-38604538	SBS100	1	1	2	0	0	0	0	0	0	0	0	0	0	0	0	0
252	chr12:35977330-38604538	SBS3	1	1	12	0	0	0	0	0	0	0	0	0	0	0	0	0
253	chr12:35977330-38604538	SBS8	1	1	7	0	0	0	0	0	0	0	0	0	0	0	0	0
254	chr12:38604539-46816530	SBS100	1	0	1	0	0	0	0	0	0	0	0	0	0	0	0	0
255	chr12:38604539-46816530	SBS3	1	0	11	0	0	0	0	0	0	0	0	0	0	0	0	0
256	chr12:38604539-46816530	SBS5	1	0	5	0	0	0	0	0	0	0	0	0	0	0	0	0
257	chr12:38604539-46816530	SBS8	1	0	5	0	0	0	0	0	0	0	0	0	0	0	0	0
258	chr12:46816531-50141080	SBS3	1	1	9	0	0	0	0	0	0	0	0	0	0	0	0	0
259	chr12:46816531-50141080	SBS5	1	1	1	0	0	0	0	0	0	0	0	0	0	0	0	0
260	chr12:46816531-50141080	SBS8	1	1	4	0	0	0	0	0	0	0	0	0	0	0	0	0
261	chr12:50144300-55204028	SBS1	1	0	2	0	0	0	0	0	0	0	0	0	0	0	0	0
262	chr12:50144300-55204028	SBS100	1	0	2	0	0	0	0	0	0	0	0	0	0	0	0	0
263	chr12:50144300-55204028	SBS3	1	0	5	0	0	0	0	0	0	0	0	0	0	0	0	0
264	chr12:50144300-55204028	SBS5	1	0	2	0	0	0	0	0	0	0	0	0	0	0	0	0
265	chr12:50144300-55204028	SBS8	1	0	2	0	0	0	0	0	0	0	0	0	0	0	0	0
266	chr12:55204170-65699477	SBS100	1	0	1	0	0	0	0	0	0	0	0	0	0	0	0	0
267	chr12:55204170-65699477	SBS3	1	0	12	0	0	0	0	0	0	0	0	0	0	0	0	0
268	chr12:55204170-65699477	SBS5	1	0	2	0	0	0	0	0	0	0	0	0	0	0	0	0
269	chr12:55204170-65699477	SBS8	1	0	7	0	0	0	0	0	0	0	0	0	0	0	0	0
270	chr12:65699511-86437131	SBS1	1	0	2	0	0	0	0	0	0	0	0	0	0	0	0	0
271	chr12:65699511-86437131	SBS100	1	0	3	0	0	0	0	0	0	0	0	0	0	0	0	0
272	chr12:65699511-86437131	SBS3	1	0	24	0	0	0	0	0	0	0	0	0	0	0	0	0
273	chr12:65699511-86437131	SBS5	1	0	8	0	0	0	0	0	0	0	0	0	0	0	0	0
274	chr12:65699511-86437131	SBS8	1	0	22	0	0	0	0	0	0	0	0	0	0	0	0	0
275	chr12:6596763-9320823	SBS1	1	1	1	0	0	0	0	0	0	0	0	0	0	0	0	0
276	chr12:6596763-9320823	SBS100	1	1	1	0	0	0	0	0	0	0	0	0	0	0	0	0
277	chr12:6596763-9320823	SBS3	1	1	10	0	0	0	0	0	0	0	0	0	0	0	0	0
278	chr12:6596763-9320823	SBS5	1	1	2	0	0	0	0	0	0	0	0	0	0	0	0	0
279	chr12:6596763-9320823	SBS8	1	1	3	0	0	0	0	0	0	0	0	0	0	0	0	0
280	chr12:86445721-120812875	SBS1	1	0	6	0	0	0	0	0	0	0	0	0	0	0	0	0
281	chr12:86445721-120812875	SBS100	1	0	4	0	0	0	0	0	0	0	0	0	0	0	0	0
282	chr12:86445721-120812875	SBS3	1	0	54	0	0	0	0	0	0	0	0	0	0	0	0	0
283	chr12:86445721-120812875	SBS5	1	0	9	0	0	0	0	0	0	0	0	0	0	0	0	0
284	chr12:86445721-120812875	SBS8	1	0	32	0	0	0	0	0	0	0	0	0	0	0	0	0
285	chr12:9344126-11812755	SBS100	2	1	2	1	0	0	0	0	0	0	0	0	0	0	0	0
286	chr12:9344126-11812755	SBS3	2	1	8	3	0	0	0	0	0	0	0	0	0	0	0	0
287	chr12:9344126-11812755	SBS5	2	1	1	0	0	0	0	0	0	0	0	0	0	0	0	0
288	chr12:9344126-11812755	SBS8	2	1	1	0	0	0	0	0	0	0	0	0	0	0	0	0
289	chr13:1-17025623	SBS3	1	0	3	0	0	0	0	0	0	0	0	0	0	0	0	0
290	chr13:1-17025623	SBS8	1	0	1	0	0	0	0	0	0	0	0	0	0	0	0	0
291	chr13:17025624-26110540	SBS100	1	0	2	0	0	0	0	0	0	0	0	0	0	0	0	0
292	chr13:17025624-26110540	SBS3	1	0	14	0	0	0	0	0	0	0	0	0	0	0	0	0
293	chr13:17025624-26110540	SBS5	1	0	4	0	0	0	0	0	0	0	0	0	0	0	0	0
294	chr13:17025624-26110540	SBS8	1	0	11	0	0	0	0	0	0	0	0	0	0	0	0	0
295	chr13:26110541-43987383	SBS1	1	0	4	0	0	0	0	0	0	0	0	0	0	0	0	0
296	chr13:26110541-43987383	SBS100	1	0	1	0	0	0	0	0	0	0	0	0	0	0	0	0
297	chr13:26110541-43987383	SBS3	1	0	24	0	0	0	0	0	0	0	0	0	0	0	0	0
298	chr13:26110541-43987383	SBS5	1	0	5	0	0	0	0	0	0	0	0	0	0	0	0	0
299	chr13:26110541-43987383	SBS8	1	0	21	0	0	0	0	0	0	0	0	0	0	0	0	0
300	chr13:43987542-73369716	SBS1	1	0	10	0	0	0	0	0	0	0	0	0	0	0	0	0
301	chr13:43987542-73369716	SBS100	1	0	2	0	0	0	0	0	0	0	0	0	0	0	0	0
302	chr13:43987542-73369716	SBS3	1	0	35	0	0	0	0	0	0	0	0	0	0	0	0	0
303	chr13:43987542-73369716	SBS5	1	0	8	0	0	0	0	0	0	0	0	0	0	0	0	0
304	chr13:43987542-73369716	SBS8	1	0	26	0	0	0	0	0	0	0	0	0	0	0	0	0
305	chr13:73369717-84865428	SBS1	1	1	2	0	0	0	0	0	0	0	0	0	0	0	0	0
306	chr13:73369717-84865428	SBS100	1	1	3	0	0	0	0	0	0	0	0	0	0	0	0	0
307	chr13:73369717-84865428	SBS3	1	1	26	0	0	0	0	0	0	0	0	0	0	0	0	0
308	chr13:73369717-84865428	SBS5	1	1	5	0	0	0	0	0	0	0	0	0	0	0	0	0
309	chr13:73369717-84865428	SBS8	1	1	23	0	0	0	0	0	0	0	0	0	0	0	0	0
310	chr13:84865733-90573350	SBS1	1	1	2	0	0	0	0	0	0	0	0	0	0	0	0	0
311	chr13:84865733-90573350	SBS100	1	1	2	0	0	0	0	0	0	0	0	0	0	0	0	0
312	chr13:84865733-90573350	SBS3	1	1	16	0	0	0	0	0	0	0	0	0	0	0	0	0
313	chr13:84865733-90573350	SBS5	1	1	3	0	0	0	0	0	0	0	0	0	0	0	0	0
314	chr13:84865733-90573350	SBS8	1	1	11	0	0	0	0	0	0	0	0	0	0	0	0	0
315	chr13:90573489-92178454	SBS1	1	1	1	0	0	0	0	0	0	0	0	0	0	0	0	0
316	chr13:90573489-92178454	SBS3	1	1	5	0	0	0	0	0	0	0	0	0	0	0	0	0
317	chr13:90573489-92178454	SBS5	1	1	1	0	0	0	0	0	0	0	0	0	0	0	0	0
318	chr13:90573489-92178454	SBS8	1	1	2	0	0	0	0	0	0	0	0	0	0	0	0	0
319	chr13:92178466-94814422	SBS1	1	1	3	0	0	0	0	0	0	0	0	0	0	0	0	0
320	chr13:92178466-94814422	SBS100	1	1	1	0	0	0	0	0	0	0	0	0	0	0	0	0
321	chr13:92178466-94814422	SBS3	1	1	7	0	0	0	0	0	0	0	0	0	0	0	0	0
322	chr13:92178466-94814422	SBS5	1	1	2	0	0	0	0	0	0	0	0	0	0	0	0	0
323	chr13:92178466-94814422	SBS8	1	1	10	0	0	0	0	0	0	0	0	0	0	0	0	0
324	chr13:94814423-94976428	SBS5	1	0	1	0	0	0	0	0	0	0	0	0	0	0	0	0
325	chr13:94976429-114364328	SBS1	1	1	11	0	0	0	0	0	0	0	0	0	0	0	0	0
326	chr13:94976429-114364328	SBS100	1	1	9	0	0	0	0	0	0	0	0	0	0	0	0	0
327	chr13:94976429-114364328	SBS3	1	1	67	0	0	0	0	0	0	0	0	0	0	0	0	0
328	chr13:94976429-114364328	SBS5	1	1	13	0	0	0	0	0	0	0	0	0	0	0	0	0
329	chr13:94976429-114364328	SBS8	1	1	46	0	0	0	0	0	0	0	0	0	0	0	0	0
330	chr14:1-17086761	SBS3	1	0	1	0	0	0	0	0	0	0	0	0	0	0	0	0
331	chr14:1-17086761	SBS5	1	0	1	0	0	0	0	0	0	0	0	0	0	0	0	0
332	chr14:17086762-63751243	SBS1	1	0	5	0	0	0	0	0	0	0	0	0	0	0	0	0
333	chr14:17086762-63751243	SBS100	1	0	12	0	0	0	0	0	0	0	0	0	0	0	0	0
334	chr14:17086762-63751243	SBS3	1	0	70	0	0	0	0	0	0	0	0	0	0	0	0	0
335	chr14:17086762-63751243	SBS5	1	0	16	0	0	0	0	0	0	0	0	0	0	0	0	0
336	chr14:17086762-63751243	SBS8	1	0	49	0	0	0	0	0	0	0	0	0	0	0	0	0
337	chr14:63751500-82666348	SBS1	1	0	5	0	0	0	0	0	0	0	0	0	0	0	0	0
338	chr14:63751500-82666348	SBS3	1	0	19	0	0	0	0	0	0	0	0	0	0	0	0	0
339	chr14:63751500-82666348	SBS5	1	0	8	0	0	0	0	0	0	0	0	0	0	0	0	0
340	chr14:63751500-82666348	SBS8	1	0	10	0	0	0	0	0	0	0	0	0	0	0	0	0
341	chr14:82667678-92377902	SBS1	1	0	2	0	0	0	0	0	0	0	0	0	0	0	0	0
342	chr14:82667678-92377902	SBS3	1	0	11	0	0	0	0	0	0	0	0	0	0	0	0	0
343	chr14:82667678-92377902	SBS5	1	0	1	0	0	0	0	0	0	0	0	0	0	0	0	0
344	chr14:82667678-92377902	SBS8	1	0	13	0	0	0	0	0	0	0	0	0	0	0	0	0
345	chr14:92377903-92924841	SBS3	2	0	2	0	0	0	0	0	0	0	0	0	0	0	0	0
346	chr14:93133001-107043718	SBS1	2	0	6	2	0	0	0	0	0	0	0	0	0	0	0	0
347	chr14:93133001-107043718	SBS100	2	0	4	3	0	0	0	0	0	0	0	0	0	0	0	0
348	chr14:93133001-107043718	SBS3	2	0	37	15	0	0	0	0	0	0	0	0	0	0	0	0
349	chr14:93133001-107043718	SBS5	2	0	16	2	0	0	0	0	0	0	0	0	0	0	0	0
350	chr14:93133001-107043718	SBS8	2	0	6	10	0	0	0	0	0	0	0	0	0	0	0	0
351	chr15:1-18362626	SBS3	1	0	4	0	0	0	0	0	0	0	0	0	0	0	0	0
352	chr15:1-18362626	SBS8	1	0	2	0	0	0	0	0	0	0	0	0	0	0	0	0
353	chr15:18362627-28988939	SBS1	1	0	4	0	0	0	0	0	0	0	0	0	0	0	0	0
354	chr15:18362627-28988939	SBS100	1	0	2	0	0	0	0	0	0	0	0	0	0	0	0	0
355	chr15:18362627-28988939	SBS3	1	0	18	0	0	0	0	0	0	0	0	0	0	0	0	0
356	chr15:18362627-28988939	SBS5	1	0	5	0	0	0	0	0	0	0	0	0	0	0	0	0
357	chr15:18362627-28988939	SBS8	1	0	11	0	0	0	0	0	0	0	0	0	0	0	0	0
358	chr15:28989367-31221258	SBS3	1	0	3	0	0	0	0	0	0	0	0	0	0	0	0	0
359	chr15:28989367-31221258	SBS5	1	0	1	0	0	0	0	0	0	0	0	0	0	0	0	0
360	chr15:28989367-31221258	SBS8	1	0	2	0	0	0	0	0	0	0	0	0	0	0	0	0
361	chr15:31225361-34157279	SBS3	1	0	6	0	0	0	0	0	0	0	0	0	0	0	0	0
362	chr15:31225361-34157279	SBS5	1	0	1	0	0	0	0	0	0	0	0	0	0	0	0	0
363	chr15:31225361-34157279	SBS8	1	0	3	0	0	0	0	0	0	0	0	0	0	0	0	0
364	chr15:34157589-47119416	SBS100	1	0	2	0	0	0	0	0	0	0	0	0	0	0	0	0
365	chr15:34157589-47119416	SBS3	1	0	19	0	0	0	0	0	0	0	0	0	0	0	0	0
366	chr15:34157589-47119416	SBS5	1	0	8	0	0	0	0	0	0	0	0	0	0	0	0	0
367	chr15:34157589-47119416	SBS8	1	0	10	0	0	0	0	0	0	0	0	0	0	0	0	0
368	chr15:47119510-48822752	SBS100	1	0	1	0	0	0	0	0	0	0	0	0	0	0	0	0
369	chr15:47119510-48822752	SBS5	1	0	1	0	0	0	0	0	0	0	0	0	0	0	0	0
370	chr15:47119510-48822752	SBS8	1	0	1	0	0	0	0	0	0	0	0	0	0	0	0	0
371	chr15:48822786-50232770	SBS3	1	0	3	0	0	0	0	0	0	0	0	0	0	0	0	0
372	chr15:48822786-50232770	SBS5	1	0	2	0	0	0	0	0	0	0	0	0	0	0	0	0
373	chr15:50234792-57389810	SBS100	1	0	1	0	0	0	0	0	0	0	0	0	0	0	0	0
374	chr15:50234792-57389810	SBS3	1	0	12	0	0	0	0	0	0	0	0	0	0	0	0	0
375	chr15:50234792-57389810	SBS5	1	0	1	0	0	0	0	0	0	0	0	0	0	0	0	0
376	chr15:50234792-57389810	SBS8	1	0	13	0	0	0	0	0	0	0	0	0	0	0	0	0
377	chr15:57389811-66630872	SBS100	1	0	2	0	0	0	0	0	0	0	0	0	0	0	0	0
378	chr15:57389811-66630872	SBS3	1	0	16	0	0	0	0	0	0	0	0	0	0	0	0	0
379	chr15:57389811-66630872	SBS5	1	0	1	0	0	0	0	0	0	0	0	0	0	0	0	0
380	chr15:57389811-66630872	SBS8	1	0	7	0	0	0	0	0	0	0	0	0	0	0	0	0
381	chr15:66630873-70043429	SBS1	2	1	1	0	0	0	0	0	0	0	0	0	0	0	0	0
382	chr15:66630873-70043429	SBS100	2	1	1	1	0	0	0	0	0	0	0	0	0	0	0	0
383	chr15:66630873-70043429	SBS3	2	1	6	5	0	0	0	0	0	0	0	0	0	0	0	0
384	chr15:66630873-70043429	SBS5	2	1	1	0	0	0	0	0	0	0	0	0	0	0	0	0
385	chr15:66630873-70043429	SBS8	2	1	4	2	0	0	0	0	0	0	0	0	0	0	0	0
386	chr15:70075110-72117645	SBS100	2	1	1	0	0	0	0	0	0	0	0	0	0	0	0	0
387	chr15:70075110-72117645	SBS3	2	1	2	2	0	0	0	0	0	0	0	0	0	0	0	0
388	chr15:70075110-72117645	SBS5	2	1	1	0	0	0	0	0	0	0	0	0	0	0	0	0
389	chr15:72117988-73049000	SBS3	2	1	1	0	0	0	0	0	0	0	0	0	0	0	0	0
390	chr15:72117988-73049000	SBS8	2	1	6	0	0	0	0	0	0	0	0	0	0	0	0	0
391	chr15:73049001-74637084	SBS3	1	1	4	0	0	0	0	0	0	0	0	0	0	0	0	0
392	chr15:73049001-74637084	SBS5	1	1	1	0	0	0	0	0	0	0	0	0	0	0	0	0
393	chr15:73049001-74637084	SBS8	1	1	2	0	0	0	0	0	0	0	0	0	0	0	0	0
394	chr15:74637085-88995924	SBS1	1	0	2	0	0	0	0	0	0	0	0	0	0	0	0	0
395	chr15:74637085-88995924	SBS100	1	0	1	0	0	0	0	0	0	0	0	0	0	0	0	0
396	chr15:74637085-88995924	SBS3	1	0	30	0	0	0	0	0	0	0	0	0	0	0	0	0
397	chr15:74637085-88995924	SBS5	1	0	1	0	0	0	0	0	0	0	0	0	0	0	0	0
398	chr15:74637085-88995924	SBS8	1	0	13	0	0	0	0	0	0	0	0	0	0	0	0	0
399	chr15:88995925-90344044	SBS3	1	1	4	0	0	0	0	0	0	0	0	0	0	0	0	0
400	chr15:88995925-90344044	SBS8	1	1	2	0	0	0	0	0	0	0	0	0	0	0	0	0
401	chr15:90344084-95219000	SBS1	1	1	2	0	0	0	0	0	0	0	0	0	0	0	0	0
402	chr15:90344084-95219000	SBS3	1	1	13	0	0	0	0	0	0	0	0	0	0	0	0	0
403	chr15:90344084-95219000	SBS5	1	1	3	0	0	0	0	0	0	0	0	0	0	0	0	0
404	chr15:90344084-95219000	SBS8	1	1	7	0	0	0	0	0	0	0	0	0	0	0	0	0
405	chr15:95219001-101991189	SBS1	2	1	2	0	0	0	0	0	0	0	0	0	0	0	0	0
406	chr15:95219001-101991189	SBS100	2	1	4	0	0	0	0	0	0	0	0	0	0	0	0	0
407	chr15:95219001-101991189	SBS3	2	1	15	9	0	0	0	0	0	0	0	0	0	0	0	0
408	chr15:95219001-101991189	SBS5	2	1	3	3	0	0	0	0	0	0	0	0	0	0	0	0
409	chr15:95219001-101991189	SBS8	2	1	9	3	0	0	0	0	0	0	0	0	0	0	0	0
410	chr16:1-3947283	SBS1	1	0	2	0	0	0	0	0	0	0	0	0	0	0	0	0
411	chr16:1-3947283	SBS3	1	0	15	0	0	0	0	0	0	0	0	0	0	0	0	0
412	chr16:10060772-10722866	SBS1	1	1	1	0	0	0	0	0	0	0	0	0	0	0	0	0
413	chr16:10060772-10722866	SBS3	1	1	2	0	0	0	0	0	0	0	0	0	0	0	0	0
414	chr16:10060772-10722866	SBS5	1	1	1	0	0	0	0	0	0	0	0	0	0	0	0	0
415	chr16:10740005-19112954	SBS1	1	1	3	0	0	0	0	0	0	0	0	0	0	0	0	0
416	chr16:10740005-19112954	SBS100	1	1	3	0	0	0	0	0	0	0	0	0	0	0	0	0
417	chr16:10740005-19112954	SBS3	1	1	31	0	0	0	0	0	0	0	0	0	0	0	0	0
418	chr16:10740005-19112954	SBS5	1	1	3	0	0	0	0	0	0	0	0	0	0	0	0	0
419	chr16:10740005-19112954	SBS8	1	1	18	0	0	0	0	0	0	0	0	0	0	0	0	0
420	chr16:19112997-21168549	SBS1	1	1	1	0	0	0	0	0	0	0	0	0	0	0	0	0
421	chr16:19112997-21168549	SBS100	1	1	2	0	0	0	0	0	0	0	0	0	0	0	0	0
422	chr16:19112997-21168549	SBS3	1	1	10	0	0	0	0	0	0	0	0	0	0	0	0	0
423	chr16:19112997-21168549	SBS5	1	1	1	0	0	0	0	0	0	0	0	0	0	0	0	0
424	chr16:19112997-21168549	SBS8	1	1	6	0	0	0	0	0	0	0	0	0	0	0	0	0
425	chr16:21168584-25006511	SBS1	1	1	1	0	0	0	0	0	0	0	0	0	0	0	0	0
426	chr16:21168584-25006511	SBS100	1	1	3	0	0	0	0	0	0	0	0	0	0	0	0	0
427	chr16:21168584-25006511	SBS3	1	1	11	0	0	0	0	0	0	0	0	0	0	0	0	0
428	chr16:21168584-25006511	SBS5	1	1	2	0	0	0	0	0	0	0	0	0	0	0	0	0
429	chr16:21168584-25006511	SBS8	1	1	9	0	0	0	0	0	0	0	0	0	0	0	0	0
430	chr16:25006660-31246065	SBS1	1	1	5	0	0	0	0	0	0	0	0	0	0	0	0	0
431	chr16:25006660-31246065	SBS100	1	1	3	0	0	0	0	0	0	0	0	0	0	0	0	0
432	chr16:25006660-31246065	SBS3	1	1	17	0	0	0	0	0	0	0	0	0	0	0	0	0
433	chr16:25006660-31246065	SBS5	1	1	2	0	0	0	0	0	0	0	0	0	0	0	0	0
434	chr16:25006660-31246065	SBS8	1	1	10	0	0	0	0	0	0	0	0	0	0	0	0	0
435	chr16:31266905-35200000	SBS1	1	1	4	0	0	0	0	0	0	0	0	0	0	0	0	0
436	chr16:31266905-35200000	SBS100	1	1	2	0	0	0	0	0	0	0	0	0	0	0	0	0
437	chr16:31266905-35200000	SBS3	1	1	18	0	0	0	0	0	0	0	0	0	0	0	0	0
438	chr16:31266905-35200000	SBS5	1	1	10	0	0	0	0	0	0	0	0	0	0	0	0	0
439	chr16:31266905-35200000	SBS8	1	1	7	0	0	0	0	0	0	0	0	0	0	0	0	0
440	chr16:35200001-37295919	SBS1	1	1	2	0	0	0	0	0	0	0	0	0	0	0	0	0
441	chr16:35200001-37295919	SBS100	1	1	1	0	0	0	0	0	0	0	0	0	0	0	0	0
442	chr16:35200001-37295919	SBS3	1	1	5	0	0	0	0	0	0	0	0	0	0	0	0	0
443	chr16:35200001-37295919	SBS5	1	1	3	0	0	0	0	0	0	0	0	0	0	0	0	0
444	chr16:35200001-37295919	SBS8	1	1	6	0	0	0	0	0	0	0	0	0	0	0	0	0
445	chr16:3947284-10059788	SBS1	1	1	2	0	0	0	0	0	0	0	0	0	0	0	0	0
446	chr16:3947284-10059788	SBS100	1	1	2	0	0	0	0	0	0	0	0	0	0	0	0	0
447	chr16:3947284-10059788	SBS3	1	1	25	0	0	0	0	0	0	0	0	0	0	0	0	0
448	chr16:3947284-10059788	SBS5	1	1	8	0	0	0	0	0	0	0	0	0	0	0	0	0
449	chr16:3947284-10059788	SBS8	1	1	16	0	0	0	0	0	0	0	0	0	0	0	0	0
450	chr17:1-219526	SBS8	8	0	0	0	1	0	0	0	0	0	0	0	0	0	0	0
451	chr17:10163730-10337659	SBS8	1	0	1	0	0	0	0	0	0	0	0	0	0	0	0	0
452	chr17:10341013-12076985	SBS1	2	0	0	1	0	0	0	0	0	0	0	0	0	0	0	0
453	chr17:10341013-12076985	SBS3	2	0	4	2	0	0	0	0	0	0	0	0	0	0	0	0
454	chr17:10341013-12076985	SBS5	2	0	1	0	0	0	0	0	0	0	0	0	0	0	0	0
455	chr17:10341013-12076985	SBS8	2	0	2	4	0	0	0	0	0	0	0	0	0	0	0	0
456	chr17:12076986-24849829	SBS1	1	0	2	0	0	0	0	0	0	0	0	0	0	0	0	0
457	chr17:12076986-24849829	SBS100	1	0	3	0	0	0	0	0	0	0	0	0	0	0	0	0
458	chr17:12076986-24849829	SBS3	1	0	22	0	0	0	0	0	0	0	0	0	0	0	0	0
459	chr17:12076986-24849829	SBS5	1	0	8	0	0	0	0	0	0	0	0	0	0	0	0	0
460	chr17:12076986-24849829	SBS8	1	0	5	0	0	0	0	0	0	0	0	0	0	0	0	0
461	chr17:24849830-36238250	SBS100	1	0	4	0	0	0	0	0	0	0	0	0	0	0	0	0
462	chr17:24849830-36238250	SBS3	1	0	16	0	0	0	0	0	0	0	0	0	0	0	0	0
463	chr17:24849830-36238250	SBS5	1	0	1	0	0	0	0	0	0	0	0	0	0	0	0	0
464	chr17:24849830-36238250	SBS8	1	0	15	0	0	0	0	0	0	0	0	0	0	0	0	0
465	chr17:2832192-3058950	SBS8	2	0	1	0	0	0	0	0	0	0	0	0	0	0	0	0
466	chr17:3058951-3412000	SBS100	4	0	1	0	0	0	0	0	0	0	0	0	0	0	0	0
467	chr17:3058951-3412000	SBS3	4	0	2	1	0	0	0	0	0	0	0	0	0	0	0	0
468	chr17:325819-428345	SBS8	12	0	0	1	0	0	0	0	0	0	0	0	0	0	0	0
469	chr17:36238283-39157976	SBS100	1	0	1	0	0	0	0	0	0	0	0	0	0	0	0	0
470	chr17:36238283-39157976	SBS3	1	0	3	0	0	0	0	0	0	0	0	0	0	0	0	0
471	chr17:36238283-39157976	SBS5	1	0	1	0	0	0	0	0	0	0	0	0	0	0	0	0
472	chr17:36238283-39157976	SBS8	1	0	2	0	0	0	0	0	0	0	0	0	0	0	0	0
473	chr17:39158763-50024818	SBS1	1	0	1	0	0	0	0	0	0	0	0	0	0	0	0	0
474	chr17:39158763-50024818	SBS100	1	0	2	0	0	0	0	0	0	0	0	0	0	0	0	0
475	chr17:39158763-50024818	SBS3	1	0	8	0	0	0	0	0	0	0	0	0	0	0	0	0
476	chr17:39158763-50024818	SBS5	1	0	3	0	0	0	0	0	0	0	0	0	0	0	0	0
477	chr17:39158763-50024818	SBS8	1	0	10	0	0	0	0	0	0	0	0	0	0	0	0	0
478	chr17:429218-2832191	SBS1	4	0	3	0	0	1	0	0	0	0	0	0	0	0	0	0
479	chr17:429218-2832191	SBS3	4	0	7	0	0	2	0	0	0	0	0	0	0	0	0	0
480	chr17:429218-2832191	SBS5	4	0	4	0	0	1	0	0	0	0	0	0	0	0	0	0
481	chr17:429218-2832191	SBS8	4	0	2	0	0	2	0	0	0	0	0	0	0	0	0	0
482	chr17:4346960-6731903	SBS3	2	0	2	3	0	0	0	0	0	0	0	0	0	0	0	0
483	chr17:4346960-6731903	SBS5	2	0	2	1	0	0	0	0	0	0	0	0	0	0	0	0
484	chr17:50024819-61163187	SBS1	2	0	1	3	0	0	0	0	0	0	0	0	0	0	0	0
485	chr17:50024819-61163187	SBS100	2	0	1	1	0	0	0	0	0	0	0	0	0	0	0	0
486	chr17:50024819-61163187	SBS3	2	0	13	8	0	0	0	0	0	0	0	0	0	0	0	0
487	chr17:50024819-61163187	SBS5	2	0	5	3	0	0	0	0	0	0	0	0	0	0	0	0
488	chr17:50024819-61163187	SBS8	2	0	12	8	0	0	0	0	0	0	0	0	0	0	0	0
489	chr17:61163188-61182372	SBS3	1	0	1	0	0	0	0	0	0	0	0	0	0	0	0	0
490	chr17:61182373-64143067	SBS1	2	0	0	1	0	0	0	0	0	0	0	0	0	0	0	0
491	chr17:61182373-64143067	SBS3	2	0	2	0	0	0	0	0	0	0	0	0	0	0	0	0
492	chr17:61182373-64143067	SBS8	2	0	7	0	0	0	0	0	0	0	0	0	0	0	0	0
493	chr17:64144147-76478597	SBS100	2	0	2	0	0	0	0	0	0	0	0	0	0	0	0	0
494	chr17:64144147-76478597	SBS3	2	0	24	10	0	0	0	0	0	0	0	0	0	0	0	0
495	chr17:64144147-76478597	SBS5	2	0	5	3	0	0	0	0	0	0	0	0	0	0	0	0
496	chr17:64144147-76478597	SBS8	2	0	15	7	0	0	0	0	0	0	0	0	0	0	0	0
497	chr17:6778445-6779181	SBS100	1	0	1	0	0	0	0	0	0	0	0	0	0	0	0	0
498	chr17:6778445-6779181	SBS3	1	0	2	0	0	0	0	0	0	0	0	0	0	0	0	0
499	chr17:6778445-6779181	SBS8	1	0	1	0	0	0	0	0	0	0	0	0	0	0	0	0
500	chr17:6805655-7887000	SBS1	2	0	0	1	0	0	0	0	0	0	0	0	0	0	0	0
501	chr17:6805655-7887000	SBS100	2	0	1	0	0	0	0	0	0	0	0	0	0	0	0	0
502	chr17:6805655-7887000	SBS3	2	0	4	1	0	0	0	0	0	0	0	0	0	0	0	0
503	chr17:6805655-7887000	SBS5	2	0	0	1	0	0	0	0	0	0	0	0	0	0	0	0
504	chr17:76478636-78371831	SBS3	2	0	7	1	0	0	0	0	0	0	0	0	0	0	0	0
505	chr17:76478636-78371831	SBS8	2	0	4	0	0	0	0	0	0	0	0	0	0	0	0	0
506	chr17:78371872-83257441	SBS1	2	0	1	1	0	0	0	0	0	0	0	0	0	0	0	0
507	chr17:78371872-83257441	SBS100	2	0	1	3	0	0	0	0	0	0	0	0	0	0	0	0
508	chr17:78371872-83257441	SBS3	2	0	5	9	0	0	0	0	0	0	0	0	0	0	0	0
509	chr17:78371872-83257441	SBS5	2	0	0	1	0	0	0	0	0	0	0	0	0	0	0	0
510	chr17:78371872-83257441	SBS8	2	0	3	2	0	0	0	0	0	0	0	0	0	0	0	0
511	chr17:7887001-8022264	SBS8	4	0	0	0	0	1	0	0	0	0	0	0	0	0	0	0
512	chr17:8022265-10163729	SBS100	2	0	1	0	0	0	0	0	0	0	0	0	0	0	0	0
513	chr17:8022265-10163729	SBS3	2	0	4	0	0	0	0	0	0	0	0	0	0	0	0	0
514	chr17:8022265-10163729	SBS5	2	0	1	1	0	0	0	0	0	0	0	0	0	0	0	0
515	chr17:8022265-10163729	SBS8	2	0	2	2	0	0	0	0	0	0	0	0	0	0	0	0
516	chr18:1-18161052	SBS1	1	0	2	0	0	0	0	0	0	0	0	0	0	0	0	0
517	chr18:1-18161052	SBS100	1	0	6	0	0	0	0	0	0	0	0	0	0	0	0	0
518	chr18:1-18161052	SBS3	1	0	40	0	0	0	0	0	0	0	0	0	0	0	0	0
519	chr18:1-18161052	SBS5	1	0	7	0	0	0	0	0	0	0	0	0	0	0	0	0
520	chr18:1-18161052	SBS8	1	0	14	0	0	0	0	0	0	0	0	0	0	0	0	0
521	chr18:18161053-56337412	SBS1	1	1	3	0	0	0	0	0	0	0	0	0	0	0	0	0
522	chr18:18161053-56337412	SBS100	1	1	15	0	0	0	0	0	0	0	0	0	0	0	0	0
523	chr18:18161053-56337412	SBS3	1	1	105	0	0	0	0	0	0	0	0	0	0	0	0	0
524	chr18:18161053-56337412	SBS5	1	1	15	0	0	0	0	0	0	0	0	0	0	0	0	0
525	chr18:18161053-56337412	SBS8	1	1	81	0	0	0	0	0	0	0	0	0	0	0	0	0
526	chr18:56427913-57900000	SBS100	1	1	1	0	0	0	0	0	0	0	0	0	0	0	0	0
527	chr18:56427913-57900000	SBS3	1	1	4	0	0	0	0	0	0	0	0	0	0	0	0	0
528	chr18:57900001-80373285	SBS100	1	0	6	0	0	0	0	0	0	0	0	0	0	0	0	0
529	chr18:57900001-80373285	SBS3	1	0	46	0	0	0	0	0	0	0	0	0	0	0	0	0
530	chr18:57900001-80373285	SBS5	1	0	7	0	0	0	0	0	0	0	0	0	0	0	0	0
531	chr18:57900001-80373285	SBS8	1	0	29	0	0	0	0	0	0	0	0	0	0	0	0	0
532	chr19:1-11064274	SBS1	1	0	6	0	0	0	0	0	0	0	0	0	0	0	0	0
533	chr19:1-11064274	SBS100	1	0	4	0	0	0	0	0	0	0	0	0	0	0	0	0
534	chr19:1-11064274	SBS3	1	0	30	0	0	0	0	0	0	0	0	0	0	0	0	0
535	chr19:1-11064274	SBS5	1	0	6	0	0	0	0	0	0	0	0	0	0	0	0	0
536	chr19:1-11064274	SBS8	1	0	12	0	0	0	0	0	0	0	0	0	0	0	0	0
537	chr19:11064275-12148407	SBS1	2	0	1	0	0	0	0	0	0	0	0	0	0	0	0	0
538	chr19:11064275-12148407	SBS100	2	0	2	0	0	0	0	0	0	0	0	0	0	0	0	0
539	chr19:11064275-12148407	SBS3	2	0	3	1	0	0	0	0	0	0	0	0	0	0	0	0
540	chr19:12488775-14154963	SBS3	1	0	3	0	0	0	0	0	0	0	0	0	0	0	0	0
541	chr19:12488775-14154963	SBS8	1	0	1	0	0	0	0	0	0	0	0	0	0	0	0	0
542	chr19:14154964-14961332	SBS1	3	0	1	0	0	0	0	0	0	0	0	0	0	0	0	0
543	chr19:14154964-14961332	SBS100	3	0	1	0	0	0	0	0	0	0	0	0	0	0	0	0
544	chr19:14154964-14961332	SBS3	3	0	2	1	0	0	0	0	0	0	0	0	0	0	0	0
545	chr19:14154964-14961332	SBS5	3	0	1	0	0	0	0	0	0	0	0	0	0	0	0	0
546	chr19:14154964-14961332	SBS8	3	0	0	0	1	0	0	0	0	0	0	0	0	0	0	0
547	chr19:14963341-15479000	SBS3	3	2	1	1	0	0	0	0	0	0	0	0	0	0	0	0
548	chr19:14963341-15479000	SBS5	3	2	0	1	0	0	0	0	0	0	0	0	0	0	0	0
549	chr19:14963341-15479000	SBS8	3	2	0	2	1	0	0	0	0	0	0	0	0	0	0	0
550	chr19:15479001-21641607	SBS1	2	1	0	1	0	0	0	0	0	0	0	0	0	0	0	0
551	chr19:15479001-21641607	SBS100	2	1	2	1	0	0	0	0	0	0	0	0	0	0	0	0
552	chr19:15479001-21641607	SBS3	2	1	24	11	0	0	0	0	0	0	0	0	0	0	0	0
553	chr19:15479001-21641607	SBS5	2	1	7	2	0	0	0	0	0	0	0	0	0	0	0	0
554	chr19:15479001-21641607	SBS8	2	1	11	7	0	0	0	0	0	0	0	0	0	0	0	0
555	chr19:21641608-25844926	SBS100	1	0	1	0	0	0	0	0	0	0	0	0	0	0	0	0
556	chr19:21641608-25844926	SBS3	1	0	19	0	0	0	0	0	0	0	0	0	0	0	0	0
557	chr19:21641608-25844926	SBS5	1	0	5	0	0	0	0	0	0	0	0	0	0	0	0	0
558	chr19:21641608-25844926	SBS8	1	0	8	0	0	0	0	0	0	0	0	0	0	0	0	0
559	chr19:25844927-27934797	SBS1	2	1	1	0	0	0	0	0	0	0	0	0	0	0	0	0
560	chr19:25844927-27934797	SBS3	2	1	2	3	0	0	0	0	0	0	0	0	0	0	0	0
561	chr19:25844927-27934797	SBS8	2	1	3	3	0	0	0	0	0	0	0	0	0	0	0	0
562	chr19:27934798-33476097	SBS100	1	0	2	0	0	0	0	0	0	0	0	0	0	0	0	0
563	chr19:27934798-33476097	SBS3	1	0	9	0	0	0	0	0	0	0	0	0	0	0	0	0
564	chr19:27934798-33476097	SBS5	1	0	2	0	0	0	0	0	0	0	0	0	0	0	0	0
565	chr19:27934798-33476097	SBS8	1	0	3	0	0	0	0	0	0	0	0	0	0	0	0	0
566	chr19:33476098-36601927	SBS1	2	1	2	2	0	0	0	0	0	0	0	0	0	0	0	0
567	chr19:33476098-36601927	SBS100	2	1	1	0	0	0	0	0	0	0	0	0	0	0	0	0
568	chr19:33476098-36601927	SBS3	2	1	5	8	0	0	0	0	0	0	0	0	0	0	0	0
569	chr19:33476098-36601927	SBS8	2	1	1	2	0	0	0	0	0	0	0	0	0	0	0	0
570	chr19:36601928-38610391	SBS1	1	0	1	0	0	0	0	0	0	0	0	0	0	0	0	0
571	chr19:36601928-38610391	SBS3	1	0	1	0	0	0	0	0	0	0	0	0	0	0	0	0
572	chr19:38610392-38731338	SBS1	2	1	1	0	0	0	0	0	0	0	0	0	0	0	0	0
573	chr19:38610392-38731338	SBS3	2	1	0	1	0	0	0	0	0	0	0	0	0	0	0	0
574	chr19:38731339-38763692	SBS3	2	0	0	1	0	0	0	0	0	0	0	0	0	0	0	0
575	chr19:38763693-42052964	SBS1	2	1	0	1	0	0	0	0	0	0	0	0	0	0	0	0
576	chr19:38763693-42052964	SBS100	2	1	1	1	0	0	0	0	0	0	0	0	0	0	0	0
577	chr19:38763693-42052964	SBS3	2	1	12	2	0	0	0	0	0	0	0	0	0	0	0	0
578	chr19:38763693-42052964	SBS5	2	1	2	0	0	0	0	0	0	0	0	0	0	0	0	0
579	chr19:38763693-42052964	SBS8	2	1	3	5	0	0	0	0	0	0	0	0	0	0	0	0
580	chr19:42052965-43775709	SBS100	1	0	1	0	0	0	0	0	0	0	0	0	0	0	0	0
581	chr19:42052965-43775709	SBS3	1	0	7	0	0	0	0	0	0	0	0	0	0	0	0	0
582	chr19:42052965-43775709	SBS5	1	0	1	0	0	0	0	0	0	0	0	0	0	0	0	0
583	chr19:42052965-43775709	SBS8	1	0	2	0	0	0	0	0	0	0	0	0	0	0	0	0
584	chr19:43775710-43841716	SBS1	2	1	0	1	0	0	0	0	0	0	0	0	0	0	0	0
585	chr19:44217248-44839899	SBS3	2	1	1	2	0	0	0	0	0	0	0	0	0	0	0	0
586	chr19:44217248-44839899	SBS5	2	1	0	2	0	0	0	0	0	0	0	0	0	0	0	0
587	chr19:44840709-46753481	SBS1	2	1	1	1	0	0	0	0	0	0	0	0	0	0	0	0
588	chr19:44840709-46753481	SBS100	2	1	3	0	0	0	0	0	0	0	0	0	0	0	0	0
589	chr19:44840709-46753481	SBS3	2	1	6	3	0	0	0	0	0	0	0	0	0	0	0	0
590	chr19:44840709-46753481	SBS8	2	1	2	3	0	0	0	0	0	0	0	0	0	0	0	0
591	chr19:46754410-57089645	SBS1	1	0	5	0	0	0	0	0	0	0	0	0	0	0	0	0
592	chr19:46754410-57089645	SBS100	1	0	2	0	0	0	0	0	0	0	0	0	0	0	0	0
593	chr19:46754410-57089645	SBS3	1	0	15	0	0	0	0	0	0	0	0	0	0	0	0	0
594	chr19:46754410-57089645	SBS5	1	0	6	0	0	0	0	0	0	0	0	0	0	0	0	0
595	chr19:46754410-57089645	SBS8	1	0	7	0	0	0	0	0	0	0	0	0	0	0	0	0
596	chr19:57090693-58617616	SBS1	1	0	1	0	0	0	0	0	0	0	0	0	0	0	0	0
597	chr19:57090693-58617616	SBS3	1	0	3	0	0	0	0	0	0	0	0	0	0	0	0	0
598	chr19:57090693-58617616	SBS5	1	0	2	0	0	0	0	0	0	0	0	0	0	0	0	0
599	chr19:57090693-58617616	SBS8	1	0	3	0	0	0	0	0	0	0	0	0	0	0	0	0
600	chr1:1-15974156	SBS1	1	0	3	0	0	0	0	0	0	0	0	0	0	0	0	0
601	chr1:1-15974156	SBS100	1	0	3	0	0	0	0	0	0	0	0	0	0	0	0	0
602	chr1:1-15974156	SBS3	1	0	40	0	0	0	0	0	0	0	0	0	0	0	0	0
603	chr1:1-15974156	SBS5	1	0	10	0	0	0	0	0	0	0	0	0	0	0	0	0
604	chr1:1-15974156	SBS8	1	0	19	0	0	0	0	0	0	0	0	0	0	0	0	0
605	chr1:117297442-123605522	SBS100	1	1	1	0	0	0	0	0	0	0	0	0	0	0	0	0
606	chr1:117297442-123605522	SBS3	1	1	11	0	0	0	0	0	0	0	0	0	0	0	0	0
607	chr1:117297442-123605522	SBS5	1	1	1	0	0	0	0	0	0	0	0	0	0	0	0	0
608	chr1:117297442-123605522	SBS8	1	1	7	0	0	0	0	0	0	0	0	0	0	0	0	0
609	chr1:123605523-154249030	SBS1	1	1	6	0	0	0	0	0	0	0	0	0	0	0	0	0
610	chr1:123605523-154249030	SBS100	1	1	6	0	0	0	0	0	0	0	0	0	0	0	0	0
611	chr1:123605523-154249030	SBS3	1	1	35	0	0	0	0	0	0	0	0	0	0	0	0	0
612	chr1:123605523-154249030	SBS5	1	1	9	0	0	0	0	0	0	0	0	0	0	0	0	0
613	chr1:123605523-154249030	SBS8	1	1	23	0	0	0	0	0	0	0	0	0	0	0	0	0
614	chr1:154249031-171573673	SBS1	1	1	3	0	0	0	0	0	0	0	0	0	0	0	0	0
615	chr1:154249031-171573673	SBS100	1	1	8	0	0	0	0	0	0	0	0	0	0	0	0	0
616	chr1:154249031-171573673	SBS3	1	1	66	0	0	0	0	0	0	0	0	0	0	0	0	0
617	chr1:154249031-171573673	SBS5	1	1	15	0	0	0	0	0	0	0	0	0	0	0	0	0
618	chr1:154249031-171573673	SBS8	1	1	28	0	0	0	0	0	0	0	0	0	0	0	0	0
619	chr1:15974209-18249442	SBS1	1	0	2	0	0	0	0	0	0	0	0	0	0	0	0	0
620	chr1:15974209-18249442	SBS100	1	0	2	0	0	0	0	0	0	0	0	0	0	0	0	0
621	chr1:15974209-18249442	SBS3	1	0	2	0	0	0	0	0	0	0	0	0	0	0	0	0
622	chr1:15974209-18249442	SBS8	1	0	4	0	0	0	0	0	0	0	0	0	0	0	0	0
623	chr1:171573726-175455613	SBS1	1	1	1	0	0	0	0	0	0	0	0	0	0	0	0	0
624	chr1:171573726-175455613	SBS100	1	1	1	0	0	0	0	0	0	0	0	0	0	0	0	0
625	chr1:171573726-175455613	SBS3	1	1	10	0	0	0	0	0	0	0	0	0	0	0	0	0
626	chr1:171573726-175455613	SBS5	1	1	3	0	0	0	0	0	0	0	0	0	0	0	0	0
627	chr1:171573726-175455613	SBS8	1	1	5	0	0	0	0	0	0	0	0	0	0	0	0	0
628	chr1:175456744-178474691	SBS100	1	1	3	0	0	0	0	0	0	0	0	0	0	0	0	0
629	chr1:175456744-178474691	SBS3	1	1	5	0	0	0	0	0	0	0	0	0	0	0	0	0
630	chr1:175456744-178474691	SBS5	1	1	4	0	0	0	0	0	0	0	0	0	0	0	0	0
631	chr1:175456744-178474691	SBS8	1	1	6	0	0	0	0	0	0	0	0	0	0	0	0	0
632	chr1:178474692-182916534	SBS1	1	0	1	0	0	0	0	0	0	0	0	0	0	0	0	0
633	chr1:178474692-182916534	SBS100	1	0	2	0	0	0	0	0	0	0	0	0	0	0	0	0
634	chr1:178474692-182916534	SBS3	1	0	4	0	0	0	0	0	0	0	0	0	0	0	0	0
635	chr1:178474692-182916534	SBS8	1	0	1	0	0	0	0	0	0	0	0	0	0	0	0	0
636	chr1:18251472-21356361	SBS3	1	0	7	0	0	0	0	0	0	0	0	0	0	0	0	0
637	chr1:18251472-21356361	SBS8	1	0	5	0	0	0	0	0	0	0	0	0	0	0	0	0
638	chr1:182917107-184341239	SBS3	1	0	9	0	0	0	0	0	0	0	0	0	0	0	0	0
639	chr1:182917107-184341239	SBS5	1	0	1	0	0	0	0	0	0	0	0	0	0	0	0	0
640	chr1:182917107-184341239	SBS8	1	0	2	0	0	0	0	0	0	0	0	0	0	0	0	0
641	chr1:184341240-201839818	SBS1	2	0	5	0	0	0	0	0	0	0	0	0	0	0	0	0
642	chr1:184341240-201839818	SBS100	2	0	4	2	0	0	0	0	0	0	0	0	0	0	0	0
643	chr1:184341240-201839818	SBS3	2	0	40	5	0	0	0	0	0	0	0	0	0	0	0	0
644	chr1:184341240-201839818	SBS5	2	0	6	3	0	0	0	0	0	0	0	0	0	0	0	0
645	chr1:184341240-201839818	SBS8	2	0	34	9	0	0	0	0	0	0	0	0	0	0	0	0
646	chr1:201839950-205054629	SBS100	2	0	0	1	0	0	0	0	0	0	0	0	0	0	0	0
647	chr1:201839950-205054629	SBS3	2	0	4	0	0	0	0	0	0	0	0	0	0	0	0	0
648	chr1:201839950-205054629	SBS5	2	0	2	0	0	0	0	0	0	0	0	0	0	0	0	0
649	chr1:201839950-205054629	SBS8	2	0	4	0	0	0	0	0	0	0	0	0	0	0	0	0
650	chr1:205054677-205968863	SBS3	2	0	1	0	0	0	0	0	0	0	0	0	0	0	0	0
651	chr1:205054677-205968863	SBS5	2	0	2	0	0	0	0	0	0	0	0	0	0	0	0	0
652	chr1:205968919-224057507	SBS1	2	0	5	2	0	0	0	0	0	0	0	0	0	0	0	0
653	chr1:205968919-224057507	SBS100	2	0	7	2	0	0	0	0	0	0	0	0	0	0	0	0
654	chr1:205968919-224057507	SBS3	2	0	40	8	0	0	0	0	0	0	0	0	0	0	0	0
655	chr1:205968919-224057507	SBS5	2	0	3	1	0	0	0	0	0	0	0	0	0	0	0	0
656	chr1:205968919-224057507	SBS8	2	0	29	4	0	0	0	0	0	0	0	0	0	0	0	0
657	chr1:21356362-26141584	SBS1	2	1	0	1	0	0	0	0	0	0	0	0	0	0	0	0
658	chr1:21356362-26141584	SBS100	2	1	1	2	0	0	0	0	0	0	0	0	0	0	0	0
659	chr1:21356362-26141584	SBS3	2	1	9	5	0	0	0	0	0	0	0	0	0	0	0	0
660	chr1:21356362-26141584	SBS5	2	1	2	0	0	0	0	0	0	0	0	0	0	0	0	0
661	chr1:21356362-26141584	SBS8	2	1	2	7	0	0	0	0	0	0	0	0	0	0	0	0
662	chr1:224058672-228021691	SBS1	2	0	0	1	0	0	0	0	0	0	0	0	0	0	0	0
663	chr1:224058672-228021691	SBS100	2	0	3	0	0	0	0	0	0	0	0	0	0	0	0	0
664	chr1:224058672-228021691	SBS3	2	0	6	3	0	0	0	0	0	0	0	0	0	0	0	0
665	chr1:224058672-228021691	SBS5	2	0	1	2	0	0	0	0	0	0	0	0	0	0	0	0
666	chr1:224058672-228021691	SBS8	2	0	7	0	0	0	0	0	0	0	0	0	0	0	0	0
667	chr1:228021692-231863533	SBS1	3	0	0	0	1	0	0	0	0	0	0	0	0	0	0	0
668	chr1:228021692-231863533	SBS3	3	0	8	6	2	0	0	0	0	0	0	0	0	0	0	0
669	chr1:228021692-231863533	SBS5	3	0	2	1	0	0	0	0	0	0	0	0	0	0	0	0
670	chr1:228021692-231863533	SBS8	3	0	3	4	1	0	0	0	0	0	0	0	0	0	0	0
671	chr1:231864244-231969548	SBS100	3	0	0	0	1	0	0	0	0	0	0	0	0	0	0	0
672	chr1:231969549-232982343	SBS1	3	1	1	0	0	0	0	0	0	0	0	0	0	0	0	0
673	chr1:231969549-232982343	SBS3	3	1	4	4	1	0	0	0	0	0	0	0	0	0	0	0
674	chr1:231969549-232982343	SBS5	3	1	3	1	0	0	0	0	0	0	0	0	0	0	0	0
675	chr1:231969549-232982343	SBS8	3	1	2	2	1	0	0	0	0	0	0	0	0	0	0	0
676	chr1:232982860-234513799	SBS3	3	1	4	2	1	0	0	0	0	0	0	0	0	0	0	0
677	chr1:232982860-234513799	SBS8	3	1	3	1	1	0	0	0	0	0	0	0	0	0	0	0
678	chr1:234519461-239663282	SBS100	3	1	0	1	0	0	0	0	0	0	0	0	0	0	0	0
679	chr1:234519461-239663282	SBS3	3	1	5	10	4	0	0	0	0	0	0	0	0	0	0	0
680	chr1:234519461-239663282	SBS5	3	1	2	1	1	0	0	0	0	0	0	0	0	0	0	0
681	chr1:234519461-239663282	SBS8	3	1	7	11	2	0	0	0	0	0	0	0	0	0	0	0
682	chr1:239663283-240246443	SBS1	4	1	0	0	0	1	0	0	0	0	0	0	0	0	0	0
683	chr1:239663283-240246443	SBS8	4	1	0	0	1	0	0	0	0	0	0	0	0	0	0	0
684	chr1:240246444-246847870	SBS1	3	1	1	0	0	0	0	0	0	0	0	0	0	0	0	0
685	chr1:240246444-246847870	SBS100	3	1	2	2	0	0	0	0	0	0	0	0	0	0	0	0
686	chr1:240246444-246847870	SBS3	3	1	17	6	8	0	0	0	0	0	0	0	0	0	0	0
687	chr1:240246444-246847870	SBS5	3	1	6	2	0	0	0	0	0	0	0	0	0	0	0	0
688	chr1:240246444-246847870	SBS8	3	1	11	3	2	0	0	0	0	0	0	0	0	0	0	0
689	chr1:246847974-247641610	SBS100	3	1	1	0	0	0	0	0	0	0	0	0	0	0	0	0
690	chr1:246847974-247641610	SBS3	3	1	2	2	0	0	0	0	0	0	0	0	0	0	0	0
691	chr1:246847974-247641610	SBS8	3	1	0	0	1	0	0	0	0	0	0	0	0	0	0	0
692	chr1:247641632-248956422	SBS1	3	1	1	0	0	0	0	0	0	0	0	0	0	0	0	0
693	chr1:247641632-248956422	SBS100	3	1	1	1	0	0	0	0	0	0	0	0	0	0	0	0
694	chr1:247641632-248956422	SBS3	3	1	3	4	2	0	0	0	0	0	0	0	0	0	0	0
695	chr1:247641632-248956422	SBS5	3	1	1	0	0	0	0	0	0	0	0	0	0	0	0	0
696	chr1:247641632-248956422	SBS8	3	1	0	0	1	0	0	0	0	0	0	0	0	0	0	0
697	chr1:26141585-27341944	SBS100	1	1	1	0	0	0	0	0	0	0	0	0	0	0	0	0
698	chr1:26141585-27341944	SBS3	1	1	4	0	0	0	0	0	0	0	0	0	0	0	0	0
699	chr1:26141585-27341944	SBS5	1	1	2	0	0	0	0	0	0	0	0	0	0	0	0	0
700	chr1:26141585-27341944	SBS8	1	1	2	0	0	0	0	0	0	0	0	0	0	0	0	0
701	chr1:27342005-28844611	SBS1	1	1	1	0	0	0	0	0	0	0	0	0	0	0	0	0
702	chr1:27342005-28844611	SBS3	1	1	5	0	0	0	0	0	0	0	0	0	0	0	0	0
703	chr1:27342005-28844611	SBS8	1	1	1	0	0	0	0	0	0	0	0	0	0	0	0	0
704	chr1:28844658-28886674	SBS5	2	1	0	1	0	0	0	0	0	0	0	0	0	0	0	0
705	chr1:28899928-41527209	SBS1	2	1	1	4	0	0	0	0	0	0	0	0	0	0	0	0
706	chr1:28899928-41527209	SBS100	2	1	2	0	0	0	0	0	0	0	0	0	0	0	0	0
707	chr1:28899928-41527209	SBS3	2	1	41	22	0	0	0	0	0	0	0	0	0	0	0	0
708	chr1:28899928-41527209	SBS5	2	1	11	1	0	0	0	0	0	0	0	0	0	0	0	0
709	chr1:28899928-41527209	SBS8	2	1	22	10	0	0	0	0	0	0	0	0	0	0	0	0
710	chr1:41527301-43388361	SBS1	2	1	1	3	0	0	0	0	0	0	0	0	0	0	0	0
711	chr1:41527301-43388361	SBS3	2	1	3	1	0	0	0	0	0	0	0	0	0	0	0	0
712	chr1:41527301-43388361	SBS8	2	1	3	3	0	0	0	0	0	0	0	0	0	0	0	0
713	chr1:43388394-47050612	SBS1	2	1	2	2	0	0	0	0	0	0	0	0	0	0	0	0
714	chr1:43388394-47050612	SBS100	2	1	2	0	0	0	0	0	0	0	0	0	0	0	0	0
715	chr1:43388394-47050612	SBS3	2	1	6	4	0	0	0	0	0	0	0	0	0	0	0	0
716	chr1:43388394-47050612	SBS5	2	1	0	1	0	0	0	0	0	0	0	0	0	0	0	0
717	chr1:43388394-47050612	SBS8	2	1	6	4	0	0	0	0	0	0	0	0	0	0	0	0
718	chr1:47051068-51619490	SBS3	2	1	20	3	0	0	0	0	0	0	0	0	0	0	0	0
719	chr1:47051068-51619490	SBS5	2	1	0	1	0	0	0	0	0	0	0	0	0	0	0	0
720	chr1:47051068-51619490	SBS8	2	1	6	7	0	0	0	0	0	0	0	0	0	0	0	0
721	chr1:51619491-52662125	SBS3	1	1	1	0	0	0	0	0	0	0	0	0	0	0	0	0
722	chr1:51619491-52662125	SBS8	1	1	1	0	0	0	0	0	0	0	0	0	0	0	0	0
723	chr1:52662223-53889959	SBS1	1	1	1	0	0	0	0	0	0	0	0	0	0	0	0	0
724	chr1:52662223-53889959	SBS100	1	1	1	0	0	0	0	0	0	0	0	0	0	0	0	0
725	chr1:52662223-53889959	SBS3	1	1	9	0	0	0	0	0	0	0	0	0	0	0	0	0
726	chr1:52662223-53889959	SBS8	1	1	1	0	0	0	0	0	0	0	0	0	0	0	0	0
727	chr1:53890206-55728547	SBS1	1	1	1	0	0	0	0	0	0	0	0	0	0	0	0	0
728	chr1:53890206-55728547	SBS100	1	1	1	0	0	0	0	0	0	0	0	0	0	0	0	0
729	chr1:53890206-55728547	SBS3	1	1	5	0	0	0	0	0	0	0	0	0	0	0	0	0
730	chr1:53890206-55728547	SBS5	1	1	1	0	0	0	0	0	0	0	0	0	0	0	0	0
731	chr1:53890206-55728547	SBS8	1	1	2	0	0	0	0	0	0	0	0	0	0	0	0	0
732	chr1:55838788-65704231	SBS1	1	1	2	0	0	0	0	0	0	0	0	0	0	0	0	0
733	chr1:55838788-65704231	SBS100	1	1	4	0	0	0	0	0	0	0	0	0	0	0	0	0
734	chr1:55838788-65704231	SBS3	1	1	24	0	0	0	0	0	0	0	0	0	0	0	0	0
735	chr1:55838788-65704231	SBS5	1	1	2	0	0	0	0	0	0	0	0	0	0	0	0	0
736	chr1:55838788-65704231	SBS8	1	1	17	0	0	0	0	0	0	0	0	0	0	0	0	0
737	chr1:65705632-66220110	SBS3	1	1	1	0	0	0	0	0	0	0	0	0	0	0	0	0
738	chr1:66243419-67003225	SBS3	1	1	1	0	0	0	0	0	0	0	0	0	0	0	0	0
739	chr1:66243419-67003225	SBS8	1	1	2	0	0	0	0	0	0	0	0	0	0	0	0	0
740	chr1:67003226-67038235	SBS3	1	0	1	0	0	0	0	0	0	0	0	0	0	0	0	0
741	chr1:67038236-69222227	SBS3	1	1	5	0	0	0	0	0	0	0	0	0	0	0	0	0
742	chr1:67038236-69222227	SBS5	1	1	1	0	0	0	0	0	0	0	0	0	0	0	0	0
743	chr1:67038236-69222227	SBS8	1	1	6	0	0	0	0	0	0	0	0	0	0	0	0	0
744	chr1:69222269-91787943	SBS1	1	1	5	0	0	0	0	0	0	0	0	0	0	0	0	0
745	chr1:69222269-91787943	SBS100	1	1	10	0	0	0	0	0	0	0	0	0	0	0	0	0
746	chr1:69222269-91787943	SBS3	1	1	51	0	0	0	0	0	0	0	0	0	0	0	0	0
747	chr1:69222269-91787943	SBS5	1	1	13	0	0	0	0	0	0	0	0	0	0	0	0	0
748	chr1:69222269-91787943	SBS8	1	1	35	0	0	0	0	0	0	0	0	0	0	0	0	0
749	chr1:91787944-94100340	SBS1	1	1	1	0	0	0	0	0	0	0	0	0	0	0	0	0
750	chr1:91787944-94100340	SBS3	1	1	6	0	0	0	0	0	0	0	0	0	0	0	0	0
751	chr1:91787944-94100340	SBS5	1	1	3	0	0	0	0	0	0	0	0	0	0	0	0	0
752	chr1:91787944-94100340	SBS8	1	1	5	0	0	0	0	0	0	0	0	0	0	0	0	0
753	chr1:94100377-95440526	SBS1	1	1	1	0	0	0	0	0	0	0	0	0	0	0	0	0
754	chr1:94100377-95440526	SBS3	1	1	3	0	0	0	0	0	0	0	0	0	0	0	0	0
755	chr1:94100377-95440526	SBS5	1	1	1	0	0	0	0	0	0	0	0	0	0	0	0	0
756	chr1:95441206-98704500	SBS100	1	1	2	0	0	0	0	0	0	0	0	0	0	0	0	0
757	chr1:95441206-98704500	SBS3	1	1	3	0	0	0	0	0	0	0	0	0	0	0	0	0
758	chr1:95441206-98704500	SBS8	1	1	4	0	0	0	0	0	0	0	0	0	0	0	0	0
759	chr1:98706697-117297338	SBS1	1	1	4	0	0	0	0	0	0	0	0	0	0	0	0	0
760	chr1:98706697-117297338	SBS100	1	1	6	0	0	0	0	0	0	0	0	0	0	0	0	0
761	chr1:98706697-117297338	SBS3	1	1	38	0	0	0	0	0	0	0	0	0	0	0	0	0
762	chr1:98706697-117297338	SBS5	1	1	8	0	0	0	0	0	0	0	0	0	0	0	0	0
763	chr1:98706697-117297338	SBS8	1	1	34	0	0	0	0	0	0	0	0	0	0	0	0	0
764	chr20:1-10289859	SBS100	1	0	3	0	0	0	0	0	0	0	0	0	0	0	0	0
765	chr20:1-10289859	SBS3	1	0	22	0	0	0	0	0	0	0	0	0	0	0	0	0
766	chr20:1-10289859	SBS5	1	0	8	0	0	0	0	0	0	0	0	0	0	0	0	0
767	chr20:1-10289859	SBS8	1	0	11	0	0	0	0	0	0	0	0	0	0	0	0	0
768	chr20:10292242-25485922	SBS1	1	0	1	0	0	0	0	0	0	0	0	0	0	0	0	0
769	chr20:10292242-25485922	SBS100	1	0	3	0	0	0	0	0	0	0	0	0	0	0	0	0
770	chr20:10292242-25485922	SBS3	1	0	28	0	0	0	0	0	0	0	0	0	0	0	0	0
771	chr20:10292242-25485922	SBS5	1	0	7	0	0	0	0	0	0	0	0	0	0	0	0	0
772	chr20:10292242-25485922	SBS8	1	0	14	0	0	0	0	0	0	0	0	0	0	0	0	0
773	chr20:25485923-28237289	SBS1	1	1	1	0	0	0	0	0	0	0	0	0	0	0	0	0
774	chr20:25485923-28237289	SBS100	1	1	2	0	0	0	0	0	0	0	0	0	0	0	0	0
775	chr20:25485923-28237289	SBS3	1	1	22	0	0	0	0	0	0	0	0	0	0	0	0	0
776	chr20:25485923-28237289	SBS5	1	1	6	0	0	0	0	0	0	0	0	0	0	0	0	0
777	chr20:25485923-28237289	SBS8	1	1	2	0	0	0	0	0	0	0	0	0	0	0	0	0
778	chr20:28237290-31992369	SBS1	1	1	6	0	0	0	0	0	0	0	0	0	0	0	0	0
779	chr20:28237290-31992369	SBS100	1	1	8	0	0	0	0	0	0	0	0	0	0	0	0	0
780	chr20:28237290-31992369	SBS3	1	1	76	0	0	0	0	0	0	0	0	0	0	0	0	0
781	chr20:28237290-31992369	SBS5	1	1	13	0	0	0	0	0	0	0	0	0	0	0	0	0
782	chr20:28237290-31992369	SBS8	1	1	27	0	0	0	0	0	0	0	0	0	0	0	0	0
783	chr20:31993103-38009054	SBS1	1	1	1	0	0	0	0	0	0	0	0	0	0	0	0	0
784	chr20:31993103-38009054	SBS100	1	1	2	0	0	0	0	0	0	0	0	0	0	0	0	0
785	chr20:31993103-38009054	SBS3	1	1	15	0	0	0	0	0	0	0	0	0	0	0	0	0
786	chr20:31993103-38009054	SBS5	1	1	2	0	0	0	0	0	0	0	0	0	0	0	0	0
787	chr20:31993103-38009054	SBS8	1	1	9	0	0	0	0	0	0	0	0	0	0	0	0	0
788	chr20:38009055-38129034	SBS8	1	0	1	0	0	0	0	0	0	0	0	0	0	0	0	0
789	chr20:38129035-46756325	SBS1	1	1	3	0	0	0	0	0	0	0	0	0	0	0	0	0
790	chr20:38129035-46756325	SBS100	1	1	1	0	0	0	0	0	0	0	0	0	0	0	0	0
791	chr20:38129035-46756325	SBS3	1	1	26	0	0	0	0	0	0	0	0	0	0	0	0	0
792	chr20:38129035-46756325	SBS5	1	1	3	0	0	0	0	0	0	0	0	0	0	0	0	0
793	chr20:38129035-46756325	SBS8	1	1	14	0	0	0	0	0	0	0	0	0	0	0	0	0
794	chr20:46756326-48817000	SBS1	1	0	2	0	0	0	0	0	0	0	0	0	0	0	0	0
795	chr20:46756326-48817000	SBS100	1	0	2	0	0	0	0	0	0	0	0	0	0	0	0	0
796	chr20:46756326-48817000	SBS3	1	0	4	0	0	0	0	0	0	0	0	0	0	0	0	0
797	chr20:46756326-48817000	SBS5	1	0	2	0	0	0	0	0	0	0	0	0	0	0	0	0
798	chr20:46756326-48817000	SBS8	1	0	1	0	0	0	0	0	0	0	0	0	0	0	0	0
799	chr20:48817001-52711144	SBS100	1	1	2	0	0	0	0	0	0	0	0	0	0	0	0	0
800	chr20:48817001-52711144	SBS3	1	1	8	0	0	0	0	0	0	0	0	0	0	0	0	0
801	chr20:48817001-52711144	SBS5	1	1	1	0	0	0	0	0	0	0	0	0	0	0	0	0
802	chr20:48817001-52711144	SBS8	1	1	5	0	0	0	0	0	0	0	0	0	0	0	0	0
803	chr20:52711178-53246473	SBS3	1	1	2	0	0	0	0	0	0	0	0	0	0	0	0	0
804	chr20:53417632-53708000	SBS3	3	1	2	0	1	0	0	0	0	0	0	0	0	0	0	0
805	chr20:53417632-53708000	SBS8	3	1	1	0	0	0	0	0	0	0	0	0	0	0	0	0
806	chr20:53708001-54739786	SBS3	2	1	2	0	0	0	0	0	0	0	0	0	0	0	0	0
807	chr20:53708001-54739786	SBS5	2	1	0	1	0	0	0	0	0	0	0	0	0	0	0	0
808	chr20:53708001-54739786	SBS8	2	1	2	0	0	0	0	0	0	0	0	0	0	0	0	0
809	chr20:54739840-54924937	SBS3	2	1	0	1	0	0	0	0	0	0	0	0	0	0	0	0
810	chr20:54739840-54924937	SBS8	2	1	2	0	0	0	0	0	0	0	0	0	0	0	0	0
811	chr20:55012001-55794873	SBS3	2	0	2	1	0	0	0	0	0	0	0	0	0	0	0	0
812	chr20:55012001-55794873	SBS8	2	0	1	1	0	0	0	0	0	0	0	0	0	0	0	0
813	chr20:55828368-57466852	SBS3	2	0	0	5	0	0	0	0	0	0	0	0	0	0	0	0
814	chr20:55828368-57466852	SBS8	2	0	2	0	0	0	0	0	0	0	0	0	0	0	0	0
815	chr20:58245688-58333980	SBS3	1	0	1	0	0	0	0	0	0	0	0	0	0	0	0	0
816	chr20:58245688-58333980	SBS5	1	0	1	0	0	0	0	0	0	0	0	0	0	0	0	0
817	chr20:58467971-64444167	SBS1	1	0	1	0	0	0	0	0	0	0	0	0	0	0	0	0
818	chr20:58467971-64444167	SBS3	1	0	5	0	0	0	0	0	0	0	0	0	0	0	0	0
819	chr20:58467971-64444167	SBS5	1	0	2	0	0	0	0	0	0	0	0	0	0	0	0	0
820	chr20:58467971-64444167	SBS8	1	0	9	0	0	0	0	0	0	0	0	0	0	0	0	0
821	chr21:1-11890183	SBS1	1	1	6	0	0	0	0	0	0	0	0	0	0	0	0	0
822	chr21:1-11890183	SBS100	1	1	3	0	0	0	0	0	0	0	0	0	0	0	0	0
823	chr21:1-11890183	SBS3	1	1	19	0	0	0	0	0	0	0	0	0	0	0	0	0
824	chr21:1-11890183	SBS5	1	1	7	0	0	0	0	0	0	0	0	0	0	0	0	0
825	chr21:1-11890183	SBS8	1	1	11	0	0	0	0	0	0	0	0	0	0	0	0	0
826	chr21:11890184-31160938	SBS100	1	1	7	0	0	0	0	0	0	0	0	0	0	0	0	0
827	chr21:11890184-31160938	SBS3	1	1	48	0	0	0	0	0	0	0	0	0	0	0	0	0
828	chr21:11890184-31160938	SBS5	1	1	12	0	0	0	0	0	0	0	0	0	0	0	0	0
829	chr21:11890184-31160938	SBS8	1	1	36	0	0	0	0	0	0	0	0	0	0	0	0	0
830	chr21:31160974-37649217	SBS100	1	1	2	0	0	0	0	0	0	0	0	0	0	0	0	0
831	chr21:31160974-37649217	SBS3	1	1	22	0	0	0	0	0	0	0	0	0	0	0	0	0
832	chr21:31160974-37649217	SBS5	1	1	2	0	0	0	0	0	0	0	0	0	0	0	0	0
833	chr21:31160974-37649217	SBS8	1	1	15	0	0	0	0	0	0	0	0	0	0	0	0	0
834	chr21:37663980-40845044	SBS1	1	1	1	0	0	0	0	0	0	0	0	0	0	0	0	0
835	chr21:37663980-40845044	SBS100	1	1	2	0	0	0	0	0	0	0	0	0	0	0	0	0
836	chr21:37663980-40845044	SBS3	1	1	14	0	0	0	0	0	0	0	0	0	0	0	0	0
837	chr21:37663980-40845044	SBS8	1	1	5	0	0	0	0	0	0	0	0	0	0	0	0	0
838	chr21:40845077-41658948	SBS100	1	1	1	0	0	0	0	0	0	0	0	0	0	0	0	0
839	chr21:40845077-41658948	SBS3	1	1	3	0	0	0	0	0	0	0	0	0	0	0	0	0
840	chr21:40845077-41658948	SBS8	1	1	5	0	0	0	0	0	0	0	0	0	0	0	0	0
841	chr21:41658984-46709983	SBS1	1	1	1	0	0	0	0	0	0	0	0	0	0	0	0	0
842	chr21:41658984-46709983	SBS100	1	1	7	0	0	0	0	0	0	0	0	0	0	0	0	0
843	chr21:41658984-46709983	SBS3	1	1	15	0	0	0	0	0	0	0	0	0	0	0	0	0
844	chr21:41658984-46709983	SBS5	1	1	1	0	0	0	0	0	0	0	0	0	0	0	0	0
845	chr21:41658984-46709983	SBS8	1	1	7	0	0	0	0	0	0	0	0	0	0	0	0	0
846	chr22:1-11346100	SBS1	2	0	2	0	0	0	0	0	0	0	0	0	0	0	0	0
847	chr22:1-11346100	SBS100	2	0	2	0	0	0	0	0	0	0	0	0	0	0	0	0
848	chr22:1-11346100	SBS3	2	0	14	0	0	0	0	0	0	0	0	0	0	0	0	0
849	chr22:1-11346100	SBS5	2	0	2	0	0	0	0	0	0	0	0	0	0	0	0	0
850	chr22:1-11346100	SBS8	2	0	7	0	0	0	0	0	0	0	0	0	0	0	0	0
851	chr22:11346143-14004552	SBS100	5	0	2	0	0	0	0	0	0	0	0	0	0	0	0	0
852	chr22:11346143-14004552	SBS3	5	0	13	0	0	0	0	0	0	0	0	0	0	0	0	0
853	chr22:11346143-14004552	SBS5	5	0	1	0	1	0	0	0	0	0	0	0	0	0	0	0
854	chr22:11346143-14004552	SBS8	5	0	6	2	0	0	0	0	0	0	0	0	0	0	0	0
855	chr22:14004553-21100982	SBS1	1	1	4	0	0	0	0	0	0	0	0	0	0	0	0	0
856	chr22:14004553-21100982	SBS100	1	1	6	0	0	0	0	0	0	0	0	0	0	0	0	0
857	chr22:14004553-21100982	SBS3	1	1	26	0	0	0	0	0	0	0	0	0	0	0	0	0
858	chr22:14004553-21100982	SBS5	1	1	7	0	0	0	0	0	0	0	0	0	0	0	0	0
859	chr22:14004553-21100982	SBS8	1	1	14	0	0	0	0	0	0	0	0	0	0	0	0	0
860	chr22:21105843-26941401	SBS1	1	1	3	0	0	0	0	0	0	0	0	0	0	0	0	0
861	chr22:21105843-26941401	SBS100	1	1	1	0	0	0	0	0	0	0	0	0	0	0	0	0
862	chr22:21105843-26941401	SBS3	1	1	22	0	0	0	0	0	0	0	0	0	0	0	0	0
863	chr22:21105843-26941401	SBS5	1	1	3	0	0	0	0	0	0	0	0	0	0	0	0	0
864	chr22:21105843-26941401	SBS8	1	1	6	0	0	0	0	0	0	0	0	0	0	0	0	0
865	chr22:27009684-28669901	SBS3	1	1	8	0	0	0	0	0	0	0	0	0	0	0	0	0
866	chr22:27009684-28669901	SBS5	1	1	1	0	0	0	0	0	0	0	0	0	0	0	0	0
867	chr22:27009684-28669901	SBS8	1	1	2	0	0	0	0	0	0	0	0	0	0	0	0	0
868	chr22:28670134-42099893	SBS1	1	1	7	0	0	0	0	0	0	0	0	0	0	0	0	0
869	chr22:28670134-42099893	SBS100	1	1	4	0	0	0	0	0	0	0	0	0	0	0	0	0
870	chr22:28670134-42099893	SBS3	1	1	38	0	0	0	0	0	0	0	0	0	0	0	0	0
871	chr22:28670134-42099893	SBS5	1	1	7	0	0	0	0	0	0	0	0	0	0	0	0	0
872	chr22:28670134-42099893	SBS8	1	1	18	0	0	0	0	0	0	0	0	0	0	0	0	0
873	chr22:42099991-44531604	SBS1	1	1	2	0	0	0	0	0	0	0	0	0	0	0	0	0
874	chr22:42099991-44531604	SBS100	1	1	1	0	0	0	0	0	0	0	0	0	0	0	0	0
875	chr22:42099991-44531604	SBS3	1	1	10	0	0	0	0	0	0	0	0	0	0	0	0	0
876	chr22:42099991-44531604	SBS8	1	1	6	0	0	0	0	0	0	0	0	0	0	0	0	0
877	chr22:44531610-50818468	SBS1	1	1	3	0	0	0	0	0	0	0	0	0	0	0	0	0
878	chr22:44531610-50818468	SBS100	1	1	2	0	0	0	0	0	0	0	0	0	0	0	0	0
879	chr22:44531610-50818468	SBS3	1	1	22	0	0	0	0	0	0	0	0	0	0	0	0	0
880	chr22:44531610-50818468	SBS5	1	1	2	0	0	0	0	0	0	0	0	0	0	0	0	0
881	chr22:44531610-50818468	SBS8	1	1	10	0	0	0	0	0	0	0	0	0	0	0	0	0
882	chr2:1-257896	SBS3	3	2	2	0	1	0	0	0	0	0	0	0	0	0	0	0
883	chr2:1-257896	SBS8	3	2	0	0	1	0	0	0	0	0	0	0	0	0	0	0
884	chr2:102022443-125733121	SBS1	1	1	5	0	0	0	0	0	0	0	0	0	0	0	0	0
885	chr2:102022443-125733121	SBS100	1	1	8	0	0	0	0	0	0	0	0	0	0	0	0	0
886	chr2:102022443-125733121	SBS3	1	1	64	0	0	0	0	0	0	0	0	0	0	0	0	0
887	chr2:102022443-125733121	SBS5	1	1	13	0	0	0	0	0	0	0	0	0	0	0	0	0
888	chr2:102022443-125733121	SBS8	1	1	49	0	0	0	0	0	0	0	0	0	0	0	0	0
889	chr2:125734320-137323725	SBS1	1	1	6	0	0	0	0	0	0	0	0	0	0	0	0	0
890	chr2:125734320-137323725	SBS100	1	1	8	0	0	0	0	0	0	0	0	0	0	0	0	0
891	chr2:125734320-137323725	SBS3	1	1	48	0	0	0	0	0	0	0	0	0	0	0	0	0
892	chr2:125734320-137323725	SBS5	1	1	9	0	0	0	0	0	0	0	0	0	0	0	0	0
893	chr2:125734320-137323725	SBS8	1	1	24	0	0	0	0	0	0	0	0	0	0	0	0	0
894	chr2:13054533-16505182	SBS3	2	0	8	2	0	0	0	0	0	0	0	0	0	0	0	0
895	chr2:13054533-16505182	SBS5	2	0	0	1	0	0	0	0	0	0	0	0	0	0	0	0
896	chr2:13054533-16505182	SBS8	2	0	4	1	0	0	0	0	0	0	0	0	0	0	0	0
897	chr2:137323810-168578398	SBS1	1	1	4	0	0	0	0	0	0	0	0	0	0	0	0	0
898	chr2:137323810-168578398	SBS100	1	1	10	0	0	0	0	0	0	0	0	0	0	0	0	0
899	chr2:137323810-168578398	SBS3	1	1	82	0	0	0	0	0	0	0	0	0	0	0	0	0
900	chr2:137323810-168578398	SBS5	1	1	12	0	0	0	0	0	0	0	0	0	0	0	0	0
901	chr2:137323810-168578398	SBS8	1	1	59	0	0	0	0	0	0	0	0	0	0	0	0	0
902	chr2:1392110-2207036	SBS3	4	2	2	3	2	1	0	0	0	0	0	0	0	0	0	0
903	chr2:1392110-2207036	SBS5	4	2	0	0	0	1	0	0	0	0	0	0	0	0	0	0
904	chr2:1392110-2207036	SBS8	4	2	1	3	1	0	0	0	0	0	0	0	0	0	0	0
905	chr2:16505216-18509734	SBS3	2	0	1	2	0	0	0	0	0	0	0	0	0	0	0	0
906	chr2:16505216-18509734	SBS5	2	0	1	0	0	0	0	0	0	0	0	0	0	0	0	0
907	chr2:16505216-18509734	SBS8	2	0	4	1	0	0	0	0	0	0	0	0	0	0	0	0
908	chr2:168578500-175579892	SBS1	1	1	3	0	0	0	0	0	0	0	0	0	0	0	0	0
909	chr2:168578500-175579892	SBS100	1	1	5	0	0	0	0	0	0	0	0	0	0	0	0	0
910	chr2:168578500-175579892	SBS3	1	1	17	0	0	0	0	0	0	0	0	0	0	0	0	0
911	chr2:168578500-175579892	SBS8	1	1	3	0	0	0	0	0	0	0	0	0	0	0	0	0
912	chr2:175579935-178688075	SBS100	1	1	2	0	0	0	0	0	0	0	0	0	0	0	0	0
913	chr2:175579935-178688075	SBS3	1	1	2	0	0	0	0	0	0	0	0	0	0	0	0	0
914	chr2:175579935-178688075	SBS5	1	1	4	0	0	0	0	0	0	0	0	0	0	0	0	0
915	chr2:175579935-178688075	SBS8	1	1	3	0	0	0	0	0	0	0	0	0	0	0	0	0
916	chr2:178907911-179837327	SBS1	1	1	1	0	0	0	0	0	0	0	0	0	0	0	0	0
917	chr2:178907911-179837327	SBS3	1	1	2	0	0	0	0	0	0	0	0	0	0	0	0	0
918	chr2:178907911-179837327	SBS5	1	1	1	0	0	0	0	0	0	0	0	0	0	0	0	0
919	chr2:178907911-179837327	SBS8	1	1	1	0	0	0	0	0	0	0	0	0	0	0	0	0
920	chr2:179837363-181509135	SBS3	1	1	3	0	0	0	0	0	0	0	0	0	0	0	0	0
921	chr2:179837363-181509135	SBS8	1	1	1	0	0	0	0	0	0	0	0	0	0	0	0	0
922	chr2:181509136-182237614	SBS3	1	1	1	0	0	0	0	0	0	0	0	0	0	0	0	0
923	chr2:181509136-182237614	SBS8	1	1	2	0	0	0	0	0	0	0	0	0	0	0	0	0
924	chr2:182237654-182343759	SBS3	1	1	1	0	0	0	0	0	0	0	0	0	0	0	0	0
925	chr2:182343800-187617652	SBS100	1	1	1	0	0	0	0	0	0	0	0	0	0	0	0	0
926	chr2:182343800-187617652	SBS3	1	1	12	0	0	0	0	0	0	0	0	0	0	0	0	0
927	chr2:182343800-187617652	SBS5	1	1	2	0	0	0	0	0	0	0	0	0	0	0	0	0
928	chr2:182343800-187617652	SBS8	1	1	6	0	0	0	0	0	0	0	0	0	0	0	0	0
929	chr2:18511879-20832252	SBS100	2	0	0	1	0	0	0	0	0	0	0	0	0	0	0	0
930	chr2:18511879-20832252	SBS3	2	0	4	1	0	0	0	0	0	0	0	0	0	0	0	0
931	chr2:18511879-20832252	SBS5	2	0	1	1	0	0	0	0	0	0	0	0	0	0	0	0
932	chr2:18511879-20832252	SBS8	2	0	1	1	0	0	0	0	0	0	0	0	0	0	0	0
933	chr2:187617664-189781935	SBS3	1	1	4	0	0	0	0	0	0	0	0	0	0	0	0	0
934	chr2:187617664-189781935	SBS5	1	1	1	0	0	0	0	0	0	0	0	0	0	0	0	0
935	chr2:187617664-189781935	SBS8	1	1	4	0	0	0	0	0	0	0	0	0	0	0	0	0
936	chr2:189788721-208130707	SBS1	1	1	8	0	0	0	0	0	0	0	0	0	0	0	0	0
937	chr2:189788721-208130707	SBS100	1	1	11	0	0	0	0	0	0	0	0	0	0	0	0	0
938	chr2:189788721-208130707	SBS3	1	1	51	0	0	0	0	0	0	0	0	0	0	0	0	0
939	chr2:189788721-208130707	SBS5	1	1	13	0	0	0	0	0	0	0	0	0	0	0	0	0
940	chr2:189788721-208130707	SBS8	1	1	42	0	0	0	0	0	0	0	0	0	0	0	0	0
941	chr2:208130944-213035636	SBS1	1	1	2	0	0	0	0	0	0	0	0	0	0	0	0	0
942	chr2:208130944-213035636	SBS100	1	1	2	0	0	0	0	0	0	0	0	0	0	0	0	0
943	chr2:208130944-213035636	SBS3	1	1	19	0	0	0	0	0	0	0	0	0	0	0	0	0
944	chr2:208130944-213035636	SBS5	1	1	6	0	0	0	0	0	0	0	0	0	0	0	0	0
945	chr2:208130944-213035636	SBS8	1	1	15	0	0	0	0	0	0	0	0	0	0	0	0	0
946	chr2:20832313-24602956	SBS3	2	0	2	2	0	0	0	0	0	0	0	0	0	0	0	0
947	chr2:20832313-24602956	SBS5	2	0	1	0	0	0	0	0	0	0	0	0	0	0	0	0
948	chr2:20832313-24602956	SBS8	2	0	7	2	0	0	0	0	0	0	0	0	0	0	0	0
949	chr2:213035637-213179537	SBS5	1	0	1	0	0	0	0	0	0	0	0	0	0	0	0	0
950	chr2:213179538-216699329	SBS3	1	1	5	0	0	0	0	0	0	0	0	0	0	0	0	0
951	chr2:213179538-216699329	SBS5	1	1	1	0	0	0	0	0	0	0	0	0	0	0	0	0
952	chr2:213179538-216699329	SBS8	1	1	11	0	0	0	0	0	0	0	0	0	0	0	0	0
953	chr2:216699363-217355546	SBS3	1	1	1	0	0	0	0	0	0	0	0	0	0	0	0	0
954	chr2:216699363-217355546	SBS8	1	1	2	0	0	0	0	0	0	0	0	0	0	0	0	0
955	chr2:217355607-224278000	SBS1	1	1	1	0	0	0	0	0	0	0	0	0	0	0	0	0
956	chr2:217355607-224278000	SBS100	1	1	2	0	0	0	0	0	0	0	0	0	0	0	0	0
957	chr2:217355607-224278000	SBS3	1	1	10	0	0	0	0	0	0	0	0	0	0	0	0	0
958	chr2:217355607-224278000	SBS5	1	1	1	0	0	0	0	0	0	0	0	0	0	0	0	0
959	chr2:217355607-224278000	SBS8	1	1	9	0	0	0	0	0	0	0	0	0	0	0	0	0
960	chr2:2207037-4077716	SBS1	2	2	0	1	0	0	0	0	0	0	0	0	0	0	0	0
961	chr2:2207037-4077716	SBS100	2	2	1	1	0	0	0	0	0	0	0	0	0	0	0	0
962	chr2:2207037-4077716	SBS3	2	2	2	4	0	0	0	0	0	0	0	0	0	0	0	0
963	chr2:2207037-4077716	SBS5	2	2	1	1	0	0	0	0	0	0	0	0	0	0	0	0
964	chr2:2207037-4077716	SBS8	2	2	2	5	0	0	0	0	0	0	0	0	0	0	0	0
965	chr2:224278001-231426894	SBS1	1	1	1	0	0	0	0	0	0	0	0	0	0	0	0	0
966	chr2:224278001-231426894	SBS100	1	1	6	0	0	0	0	0	0	0	0	0	0	0	0	0
967	chr2:224278001-231426894	SBS3	1	1	17	0	0	0	0	0	0	0	0	0	0	0	0	0
968	chr2:224278001-231426894	SBS5	1	1	4	0	0	0	0	0	0	0	0	0	0	0	0	0
969	chr2:224278001-231426894	SBS8	1	1	14	0	0	0	0	0	0	0	0	0	0	0	0	0
970	chr2:231427472-231575768	SBS5	1	1	1	0	0	0	0	0	0	0	0	0	0	0	0	0
971	chr2:231707527-235766345	SBS100	1	1	3	0	0	0	0	0	0	0	0	0	0	0	0	0
972	chr2:231707527-235766345	SBS3	1	1	11	0	0	0	0	0	0	0	0	0	0	0	0	0
973	chr2:231707527-235766345	SBS8	1	1	5	0	0	0	0	0	0	0	0	0	0	0	0	0
974	chr2:235766353-241073204	SBS1	1	1	1	0	0	0	0	0	0	0	0	0	0	0	0	0
975	chr2:235766353-241073204	SBS100	1	1	4	0	0	0	0	0	0	0	0	0	0	0	0	0
976	chr2:235766353-241073204	SBS3	1	1	14	0	0	0	0	0	0	0	0	0	0	0	0	0
977	chr2:235766353-241073204	SBS8	1	1	10	0	0	0	0	0	0	0	0	0	0	0	0	0
978	chr2:241073205-241566000	SBS3	1	0	1	0	0	0	0	0	0	0	0	0	0	0	0	0
979	chr2:241566001-242193529	SBS3	2	1	1	3	0	0	0	0	0	0	0	0	0	0	0	0
980	chr2:241566001-242193529	SBS8	2	1	1	1	0	0	0	0	0	0	0	0	0	0	0	0
981	chr2:24633378-26635585	SBS3	2	0	3	0	0	0	0	0	0	0	0	0	0	0	0	0
982	chr2:24633378-26635585	SBS8	2	0	1	1	0	0	0	0	0	0	0	0	0	0	0	0
983	chr2:257897-721620	SBS100	4	2	1	0	0	0	0	0	0	0	0	0	0	0	0	0
984	chr2:257897-721620	SBS3	4	2	0	2	0	0	0	0	0	0	0	0	0	0	0	0
985	chr2:27210535-38399306	SBS1	2	0	1	0	0	0	0	0	0	0	0	0	0	0	0	0
986	chr2:27210535-38399306	SBS100	2	0	1	4	0	0	0	0	0	0	0	0	0	0	0	0
987	chr2:27210535-38399306	SBS3	2	0	19	8	0	0	0	0	0	0	0	0	0	0	0	0
988	chr2:27210535-38399306	SBS5	2	0	8	1	0	0	0	0	0	0	0	0	0	0	0	0
989	chr2:27210535-38399306	SBS8	2	0	8	6	0	0	0	0	0	0	0	0	0	0	0	0
990	chr2:38399307-38523662	SBS8	4	0	0	0	1	0	0	0	0	0	0	0	0	0	0	0
991	chr2:38523663-44531839	SBS1	2	0	0	1	0	0	0	0	0	0	0	0	0	0	0	0
992	chr2:38523663-44531839	SBS3	2	0	4	3	0	0	0	0	0	0	0	0	0	0	0	0
993	chr2:38523663-44531839	SBS5	2	0	4	0	0	0	0	0	0	0	0	0	0	0	0	0
994	chr2:38523663-44531839	SBS8	2	0	5	1	0	0	0	0	0	0	0	0	0	0	0	0
995	chr2:4077718-8079808	SBS100	2	1	0	2	0	0	0	0	0	0	0	0	0	0	0	0
996	chr2:4077718-8079808	SBS3	2	1	6	10	0	0	0	0	0	0	0	0	0	0	0	0
997	chr2:4077718-8079808	SBS5	2	1	0	2	0	0	0	0	0	0	0	0	0	0	0	0
998	chr2:4077718-8079808	SBS8	2	1	3	2	0	0	0	0	0	0	0	0	0	0	0	0
999	chr2:44531840-44757096	SBS1	2	1	4	0	0	0	0	0	0	0	0	0	0	0	0	0
1000	chr2:44531840-44757096	SBS3	2	1	3	0	0	0	0	0	0	0	0	0	0	0	0	0
1001	chr2:44760600-47725223	SBS1	2	1	1	0	0	0	0	0	0	0	0	0	0	0	0	0
1002	chr2:44760600-47725223	SBS100	2	1	2	0	0	0	0	0	0	0	0	0	0	0	0	0
1003	chr2:44760600-47725223	SBS3	2	1	8	2	0	0	0	0	0	0	0	0	0	0	0	0
1004	chr2:44760600-47725223	SBS5	2	1	1	0	0	0	0	0	0	0	0	0	0	0	0	0
1005	chr2:44760600-47725223	SBS8	2	1	0	1	0	0	0	0	0	0	0	0	0	0	0	0
1006	chr2:47725922-49059385	SBS3	2	1	4	1	0	0	0	0	0	0	0	0	0	0	0	0
1007	chr2:47725922-49059385	SBS8	2	1	1	3	0	0	0	0	0	0	0	0	0	0	0	0
1008	chr2:49060492-51122452	SBS3	3	2	2	1	5	0	0	0	0	0	0	0	0	0	0	0
1009	chr2:49060492-51122452	SBS5	3	2	0	2	2	0	0	0	0	0	0	0	0	0	0	0
1010	chr2:49060492-51122452	SBS8	3	2	2	3	1	0	0	0	0	0	0	0	0	0	0	0
1011	chr2:51122453-51213454	SBS3	3	0	0	1	0	0	0	0	0	0	0	0	0	0	0	0
1012	chr2:51213455-51397779	SBS3	3	2	2	2	1	0	0	0	0	0	0	0	0	0	0	0
1013	chr2:51213455-51397779	SBS8	3	2	0	0	1	0	0	0	0	0	0	0	0	0	0	0
1014	chr2:51397780-51404620	SBS3	4	2	0	1	0	0	0	0	0	0	0	0	0	0	0	0
1015	chr2:51407937-51650691	SBS8	2	2	1	3	0	0	0	0	0	0	0	0	0	0	0	0
1016	chr2:51766548-59196490	SBS1	3	2	0	0	1	0	0	0	0	0	0	0	0	0	0	0
1017	chr2:51766548-59196490	SBS100	3	2	3	1	2	0	0	0	0	0	0	0	0	0	0	0
1018	chr2:51766548-59196490	SBS3	3	2	8	9	11	0	0	0	0	0	0	0	0	0	0	0
1019	chr2:51766548-59196490	SBS5	3	2	0	5	1	0	0	0	0	0	0	0	0	0	0	0
1020	chr2:51766548-59196490	SBS8	3	2	11	6	9	0	0	0	0	0	0	0	0	0	0	0
1021	chr2:59196526-59862696	SBS3	3	2	0	0	2	0	0	0	0	0	0	0	0	0	0	0
1022	chr2:59196526-59862696	SBS5	3	2	1	0	0	0	0	0	0	0	0	0	0	0	0	0
1023	chr2:59865660-60857025	SBS1	3	2	0	1	0	0	0	0	0	0	0	0	0	0	0	0
1024	chr2:59865660-60857025	SBS100	3	2	0	1	1	0	0	0	0	0	0	0	0	0	0	0
1025	chr2:59865660-60857025	SBS5	3	2	1	0	0	0	0	0	0	0	0	0	0	0	0	0
1026	chr2:59865660-60857025	SBS8	3	2	1	0	0	0	0	0	0	0	0	0	0	0	0	0
1027	chr2:61521277-63157000	SBS1	1	1	1	0	0	0	0	0	0	0	0	0	0	0	0	0
1028	chr2:61521277-63157000	SBS3	1	1	2	0	0	0	0	0	0	0	0	0	0	0	0	0
1029	chr2:61521277-63157000	SBS5	1	1	1	0	0	0	0	0	0	0	0	0	0	0	0	0
1030	chr2:61521277-63157000	SBS8	1	1	6	0	0	0	0	0	0	0	0	0	0	0	0	0
1031	chr2:63227001-70514386	SBS100	1	1	2	0	0	0	0	0	0	0	0	0	0	0	0	0
1032	chr2:63227001-70514386	SBS3	1	1	27	0	0	0	0	0	0	0	0	0	0	0	0	0
1033	chr2:63227001-70514386	SBS5	1	1	2	0	0	0	0	0	0	0	0	0	0	0	0	0
1034	chr2:63227001-70514386	SBS8	1	1	12	0	0	0	0	0	0	0	0	0	0	0	0	0
1035	chr2:70514428-83127174	SBS1	1	1	2	0	0	0	0	0	0	0	0	0	0	0	0	0
1036	chr2:70514428-83127174	SBS100	1	1	6	0	0	0	0	0	0	0	0	0	0	0	0	0
1037	chr2:70514428-83127174	SBS3	1	1	43	0	0	0	0	0	0	0	0	0	0	0	0	0
1038	chr2:70514428-83127174	SBS5	1	1	5	0	0	0	0	0	0	0	0	0	0	0	0	0
1039	chr2:70514428-83127174	SBS8	1	1	32	0	0	0	0	0	0	0	0	0	0	0	0	0
1040	chr2:730491-1389653	SBS100	4	2	0	1	0	0	0	0	0	0	0	0	0	0	0	0
1041	chr2:730491-1389653	SBS3	4	2	0	2	0	0	0	0	0	0	0	0	0	0	0	0
1042	chr2:730491-1389653	SBS8	4	2	0	0	1	2	0	0	0	0	0	0	0	0	0	0
1043	chr2:8079809-13054532	SBS1	2	1	0	1	0	0	0	0	0	0	0	0	0	0	0	0
1044	chr2:8079809-13054532	SBS100	2	1	1	2	0	0	0	0	0	0	0	0	0	0	0	0
1045	chr2:8079809-13054532	SBS3	2	1	7	6	0	0	0	0	0	0	0	0	0	0	0	0
1046	chr2:8079809-13054532	SBS5	2	1	1	1	0	0	0	0	0	0	0	0	0	0	0	0
1047	chr2:8079809-13054532	SBS8	2	1	6	2	0	0	0	0	0	0	0	0	0	0	0	0
1048	chr2:83194629-83432775	SBS100	1	1	1	0	0	0	0	0	0	0	0	0	0	0	0	0
1049	chr2:83194629-83432775	SBS3	1	1	1	0	0	0	0	0	0	0	0	0	0	0	0	0
1050	chr2:83432808-91951510	SBS1	1	1	5	0	0	0	0	0	0	0	0	0	0	0	0	0
1051	chr2:83432808-91951510	SBS100	1	1	3	0	0	0	0	0	0	0	0	0	0	0	0	0
1052	chr2:83432808-91951510	SBS3	1	1	36	0	0	0	0	0	0	0	0	0	0	0	0	0
1053	chr2:83432808-91951510	SBS5	1	1	9	0	0	0	0	0	0	0	0	0	0	0	0	0
1054	chr2:83432808-91951510	SBS8	1	1	23	0	0	0	0	0	0	0	0	0	0	0	0	0
1055	chr2:91954626-93139350	SBS3	5	1	0	1	0	0	0	0	0	0	0	0	0	0	0	0
1056	chr2:91954626-93139350	SBS5	5	1	0	1	0	0	0	0	0	0	0	0	0	0	0	0
1057	chr2:91954626-93139350	SBS8	5	1	1	0	0	0	0	0	0	0	0	0	0	0	0	0
1058	chr2:93139351-102020825	SBS1	1	1	3	0	0	0	0	0	0	0	0	0	0	0	0	0
1059	chr2:93139351-102020825	SBS100	1	1	3	0	0	0	0	0	0	0	0	0	0	0	0	0
1060	chr2:93139351-102020825	SBS3	1	1	36	0	0	0	0	0	0	0	0	0	0	0	0	0
1061	chr2:93139351-102020825	SBS5	1	1	5	0	0	0	0	0	0	0	0	0	0	0	0	0
1062	chr2:93139351-102020825	SBS8	1	1	19	0	0	0	0	0	0	0	0	0	0	0	0	0
1063	chr3:1-3169514	SBS1	1	1	2	0	0	0	0	0	0	0	0	0	0	0	0	0
1064	chr3:1-3169514	SBS100	1	1	1	0	0	0	0	0	0	0	0	0	0	0	0	0
1065	chr3:1-3169514	SBS3	1	1	10	0	0	0	0	0	0	0	0	0	0	0	0	0
1066	chr3:1-3169514	SBS5	1	1	1	0	0	0	0	0	0	0	0	0	0	0	0	0
1067	chr3:1-3169514	SBS8	1	1	10	0	0	0	0	0	0	0	0	0	0	0	0	0
1068	chr3:102053112-105184693	SBS1	1	1	2	0	0	0	0	0	0	0	0	0	0	0	0	0
1069	chr3:102053112-105184693	SBS100	1	1	1	0	0	0	0	0	0	0	0	0	0	0	0	0
1070	chr3:102053112-105184693	SBS3	1	1	7	0	0	0	0	0	0	0	0	0	0	0	0	0
1071	chr3:102053112-105184693	SBS5	1	1	2	0	0	0	0	0	0	0	0	0	0	0	0	0
1072	chr3:102053112-105184693	SBS8	1	1	7	0	0	0	0	0	0	0	0	0	0	0	0	0
1073	chr3:105211354-109314377	SBS1	1	1	1	0	0	0	0	0	0	0	0	0	0	0	0	0
1074	chr3:105211354-109314377	SBS100	1	1	1	0	0	0	0	0	0	0	0	0	0	0	0	0
1075	chr3:105211354-109314377	SBS3	1	1	13	0	0	0	0	0	0	0	0	0	0	0	0	0
1076	chr3:105211354-109314377	SBS5	1	1	2	0	0	0	0	0	0	0	0	0	0	0	0	0
1077	chr3:105211354-109314377	SBS8	1	1	8	0	0	0	0	0	0	0	0	0	0	0	0	0
1078	chr3:109323721-110403517	SBS1	1	1	1	0	0	0	0	0	0	0	0	0	0	0	0	0
1079	chr3:109323721-110403517	SBS100	1	1	2	0	0	0	0	0	0	0	0	0	0	0	0	0
1080	chr3:109323721-110403517	SBS3	1	1	7	0	0	0	0	0	0	0	0	0	0	0	0	0
1081	chr3:109323721-110403517	SBS8	1	1	3	0	0	0	0	0	0	0	0	0	0	0	0	0
1082	chr3:110403518-112163000	SBS1	2	1	1	0	0	0	0	0	0	0	0	0	0	0	0	0
1083	chr3:110403518-112163000	SBS3	2	1	4	1	0	0	0	0	0	0	0	0	0	0	0	0
1084	chr3:110403518-112163000	SBS5	2	1	1	1	0	0	0	0	0	0	0	0	0	0	0	0
1085	chr3:110403518-112163000	SBS8	2	1	3	6	0	0	0	0	0	0	0	0	0	0	0	0
1086	chr3:112163001-113509207	SBS100	2	0	1	0	0	0	0	0	0	0	0	0	0	0	0	0
1087	chr3:112163001-113509207	SBS3	2	0	2	1	0	0	0	0	0	0	0	0	0	0	0	0
1088	chr3:112163001-113509207	SBS5	2	0	1	0	0	0	0	0	0	0	0	0	0	0	0	0
1089	chr3:112163001-113509207	SBS8	2	0	0	1	0	0	0	0	0	0	0	0	0	0	0	0
1090	chr3:113509246-122394705	SBS1	2	0	2	1	0	0	0	0	0	0	0	0	0	0	0	0
1091	chr3:113509246-122394705	SBS100	2	0	3	2	0	0	0	0	0	0	0	0	0	0	0	0
1092	chr3:113509246-122394705	SBS3	2	0	11	4	0	0	0	0	0	0	0	0	0	0	0	0
1093	chr3:113509246-122394705	SBS5	2	0	1	2	0	0	0	0	0	0	0	0	0	0	0	0
1094	chr3:113509246-122394705	SBS8	2	0	11	6	0	0	0	0	0	0	0	0	0	0	0	0
1095	chr3:122394816-124569258	SBS3	2	0	3	3	0	0	0	0	0	0	0	0	0	0	0	0
1096	chr3:124570331-125127295	SBS3	2	0	0	1	0	0	0	0	0	0	0	0	0	0	0	0
1097	chr3:125294568-125465000	SBS100	2	0	0	1	0	0	0	0	0	0	0	0	0	0	0	0
1098	chr3:125294568-125465000	SBS3	2	0	0	1	0	0	0	0	0	0	0	0	0	0	0	0
1099	chr3:125465001-136360004	SBS1	1	0	3	0	0	0	0	0	0	0	0	0	0	0	0	0
1100	chr3:125465001-136360004	SBS100	1	0	3	0	0	0	0	0	0	0	0	0	0	0	0	0
1101	chr3:125465001-136360004	SBS3	1	0	13	0	0	0	0	0	0	0	0	0	0	0	0	0
1102	chr3:125465001-136360004	SBS5	1	0	5	0	0	0	0	0	0	0	0	0	0	0	0	0
1103	chr3:125465001-136360004	SBS8	1	0	11	0	0	0	0	0	0	0	0	0	0	0	0	0
1104	chr3:13550469-18236444	SBS1	1	1	2	0	0	0	0	0	0	0	0	0	0	0	0	0
1105	chr3:13550469-18236444	SBS3	1	1	8	0	0	0	0	0	0	0	0	0	0	0	0	0
1106	chr3:13550469-18236444	SBS5	1	1	1	0	0	0	0	0	0	0	0	0	0	0	0	0
1107	chr3:13550469-18236444	SBS8	1	1	8	0	0	0	0	0	0	0	0	0	0	0	0	0
1108	chr3:136360005-136680723	SBS1	2	0	1	0	0	0	0	0	0	0	0	0	0	0	0	0
1109	chr3:136360005-136680723	SBS5	2	0	0	1	0	0	0	0	0	0	0	0	0	0	0	0
1110	chr3:136680724-137004500	SBS100	1	0	1	0	0	0	0	0	0	0	0	0	0	0	0	0
1111	chr3:136680724-137004500	SBS3	1	0	2	0	0	0	0	0	0	0	0	0	0	0	0	0
1112	chr3:137321447-138996102	SBS8	2	0	4	1	0	0	0	0	0	0	0	0	0	0	0	0
1113	chr3:139072731-139150000	SBS3	2	0	1	0	0	0	0	0	0	0	0	0	0	0	0	0
1114	chr3:139072731-139150000	SBS8	2	0	1	0	0	0	0	0	0	0	0	0	0	0	0	0
1115	chr3:139150001-139380458	SBS3	1	0	1	0	0	0	0	0	0	0	0	0	0	0	0	0
1116	chr3:139380459-140188990	SBS3	2	0	0	1	0	0	0	0	0	0	0	0	0	0	0	0
1117	chr3:140336244-140561049	SBS100	2	0	1	0	0	0	0	0	0	0	0	0	0	0	0	0
1118	chr3:140561490-140733001	SBS8	2	0	1	0	0	0	0	0	0	0	0	0	0	0	0	0
1119	chr3:141850240-142349538	SBS1	3	0	1	0	0	0	0	0	0	0	0	0	0	0	0	0
1120	chr3:141850240-142349538	SBS100	3	0	1	0	0	0	0	0	0	0	0	0	0	0	0	0
1121	chr3:142442940-142462674	SBS5	1	0	1	0	0	0	0	0	0	0	0	0	0	0	0	0
1122	chr3:142462675-147023987	SBS1	2	0	1	0	0	0	0	0	0	0	0	0	0	0	0	0
1123	chr3:142462675-147023987	SBS100	2	0	1	0	0	0	0	0	0	0	0	0	0	0	0	0
1124	chr3:142462675-147023987	SBS3	2	0	5	3	0	0	0	0	0	0	0	0	0	0	0	0
1125	chr3:142462675-147023987	SBS5	2	0	1	0	0	0	0	0	0	0	0	0	0	0	0	0
1126	chr3:142462675-147023987	SBS8	2	0	8	1	0	0	0	0	0	0	0	0	0	0	0	0
1127	chr3:147024029-148232709	SBS100	2	0	1	0	0	0	0	0	0	0	0	0	0	0	0	0
1128	chr3:147024029-148232709	SBS3	2	0	3	0	0	0	0	0	0	0	0	0	0	0	0	0
1129	chr3:147024029-148232709	SBS5	2	0	1	1	0	0	0	0	0	0	0	0	0	0	0	0
1130	chr3:147024029-148232709	SBS8	2	0	1	1	0	0	0	0	0	0	0	0	0	0	0	0
1131	chr3:148260576-148278044	SBS100	6	0	0	4	0	0	0	0	0	0	0	0	0	0	0	0
1132	chr3:148260576-148278044	SBS3	6	0	1	1	0	0	0	0	0	0	0	0	0	0	0	0
1133	chr3:148260576-148278044	SBS5	6	0	0	3	0	0	0	0	0	0	0	0	0	0	0	0
1134	chr3:148314332-149570001	SBS100	3	0	0	0	1	0	0	0	0	0	0	0	0	0	0	0
1135	chr3:148314332-149570001	SBS3	3	0	2	0	2	0	0	0	0	0	0	0	0	0	0	0
1136	chr3:149570002-149674205	SBS3	4	0	0	1	0	0	0	0	0	0	0	0	0	0	0	0
1137	chr3:149674271-150115000	SBS1	4	0	1	0	0	0	0	0	0	0	0	0	0	0	0	0
1138	chr3:149674271-150115000	SBS8	4	0	1	2	0	0	0	0	0	0	0	0	0	0	0	0
1139	chr3:150115001-150915581	SBS3	3	0	3	1	1	0	0	0	0	0	0	0	0	0	0	0
1140	chr3:150915582-151710072	SBS5	2	0	0	1	0	0	0	0	0	0	0	0	0	0	0	0
1141	chr3:150915582-151710072	SBS8	2	0	1	0	0	0	0	0	0	0	0	0	0	0	0	0
1142	chr3:151939047-152133890	SBS3	4	0	1	0	0	0	0	0	0	0	0	0	0	0	0	0
1143	chr3:151939047-152133890	SBS8	4	0	0	0	0	1	0	0	0	0	0	0	0	0	0	0
1144	chr3:152133891-153421824	SBS100	2	0	1	0	0	0	0	0	0	0	0	0	0	0	0	0
1145	chr3:152133891-153421824	SBS3	2	0	2	0	0	0	0	0	0	0	0	0	0	0	0	0
1146	chr3:152133891-153421824	SBS8	2	0	1	2	0	0	0	0	0	0	0	0	0	0	0	0
1147	chr3:153423284-154209147	SBS8	2	0	2	0	0	0	0	0	0	0	0	0	0	0	0	0
1148	chr3:154215809-154262186	SBS8	2	0	1	0	0	0	0	0	0	0	0	0	0	0	0	0
1149	chr3:154262187-154976282	SBS100	3	0	1	0	0	0	0	0	0	0	0	0	0	0	0	0
1150	chr3:154262187-154976282	SBS5	3	0	0	0	1	0	0	0	0	0	0	0	0	0	0	0
1151	chr3:154262187-154976282	SBS8	3	0	1	0	0	0	0	0	0	0	0	0	0	0	0	0
1152	chr3:154976283-155556436	SBS3	5	0	0	1	0	0	0	0	0	0	0	0	0	0	0	0
1153	chr3:154976283-155556436	SBS8	5	0	0	1	1	0	0	0	0	0	0	0	0	0	0	0
1154	chr3:155641766-155647011	SBS8	6	0	0	0	0	1	0	0	0	0	0	0	0	0	0	0
1155	chr3:155691502-156115716	SBS3	6	0	1	0	0	0	0	0	0	0	0	0	0	0	0	0
1156	chr3:156262558-156717615	SBS100	6	0	0	2	0	0	0	0	0	0	0	0	0	0	0	0
1157	chr3:156262558-156717615	SBS3	6	0	3	0	0	0	0	0	0	0	0	0	0	0	0	0
1158	chr3:156262558-156717615	SBS5	6	0	2	4	0	0	0	0	0	0	0	0	0	0	0	0
1159	chr3:156262558-156717615	SBS8	6	0	1	0	0	0	0	0	0	0	0	0	0	0	0	0
1160	chr3:156717616-156881676	SBS3	5	0	0	1	0	0	0	0	0	0	0	0	0	0	0	0
1161	chr3:156883179-156891726	SBS3	7	0	2	1	1	0	0	0	0	0	0	0	0	0	0	0
1162	chr3:156883179-156891726	SBS5	7	0	3	0	3	1	0	0	0	0	0	0	0	0	0	0
1163	chr3:156883179-156891726	SBS8	7	0	1	0	0	0	0	0	0	0	0	0	0	0	0	0
1164	chr3:156891727-156906677	SBS5	6	0	3	0	0	0	0	0	0	0	0	0	0	0	0	0
1165	chr3:156906678-156935476	SBS100	8	0	0	1	1	2	0	0	0	0	0	0	0	0	0	0
1166	chr3:156906678-156935476	SBS3	8	0	0	1	0	0	0	0	0	0	0	0	0	0	0	0
1167	chr3:156906678-156935476	SBS5	8	0	0	3	2	0	0	0	0	0	0	0	0	0	0	0
1168	chr3:156935477-157095193	SBS8	6	0	0	0	0	0	1	0	0	0	0	0	0	0	0	0
1169	chr3:157903296-157903406	SBS5	4	0	1	0	0	0	0	0	0	0	0	0	0	0	0	0
1170	chr3:157903407-157913281	SBS100	3	0	2	1	0	0	0	0	0	0	0	0	0	0	0	0
1171	chr3:157903407-157913281	SBS3	3	0	1	0	0	0	0	0	0	0	0	0	0	0	0	0
1172	chr3:157903407-157913281	SBS5	3	0	2	0	0	0	0	0	0	0	0	0	0	0	0	0
1173	chr3:157937713-158091702	SBS8	4	0	1	0	0	0	0	0	0	0	0	0	0	0	0	0
1174	chr3:158248280-159222023	SBS8	3	0	0	0	1	0	0	0	0	0	0	0	0	0	0	0
1175	chr3:159958001-168951620	SBS100	1	0	1	0	0	0	0	0	0	0	0	0	0	0	0	0
1176	chr3:159958001-168951620	SBS3	1	0	9	0	0	0	0	0	0	0	0	0	0	0	0	0
1177	chr3:159958001-168951620	SBS5	1	0	2	0	0	0	0	0	0	0	0	0	0	0	0	0
1178	chr3:159958001-168951620	SBS8	1	0	8	0	0	0	0	0	0	0	0	0	0	0	0	0
1179	chr3:169306137-170117347	SBS1	2	1	0	1	0	0	0	0	0	0	0	0	0	0	0	0
1180	chr3:169306137-170117347	SBS8	2	1	0	3	0	0	0	0	0	0	0	0	0	0	0	0
1181	chr3:170117348-170133623	SBS5	5	0	0	1	0	0	0	0	0	0	0	0	0	0	0	0
1182	chr3:170156328-170931000	SBS3	2	1	1	2	0	0	0	0	0	0	0	0	0	0	0	0
1183	chr3:170156328-170931000	SBS5	2	1	0	1	0	0	0	0	0	0	0	0	0	0	0	0
1184	chr3:170156328-170931000	SBS8	2	1	1	1	0	0	0	0	0	0	0	0	0	0	0	0
1185	chr3:171546986-178208736	SBS100	2	0	0	2	0	0	0	0	0	0	0	0	0	0	0	0
1186	chr3:171546986-178208736	SBS3	2	0	4	9	0	0	0	0	0	0	0	0	0	0	0	0
1187	chr3:171546986-178208736	SBS5	2	0	1	2	0	0	0	0	0	0	0	0	0	0	0	0
1188	chr3:171546986-178208736	SBS8	2	0	3	4	0	0	0	0	0	0	0	0	0	0	0	0
1189	chr3:178218853-182008897	SBS100	2	0	0	1	0	0	0	0	0	0	0	0	0	0	0	0
1190	chr3:178218853-182008897	SBS3	2	0	4	2	0	0	0	0	0	0	0	0	0	0	0	0
1191	chr3:178218853-182008897	SBS5	2	0	2	0	0	0	0	0	0	0	0	0	0	0	0	0
1192	chr3:178218853-182008897	SBS8	2	0	2	4	0	0	0	0	0	0	0	0	0	0	0	0
1193	chr3:182014010-183646819	SBS3	2	0	0	3	0	0	0	0	0	0	0	0	0	0	0	0
1194	chr3:183654897-189225165	SBS3	2	0	4	7	0	0	0	0	0	0	0	0	0	0	0	0
1195	chr3:183654897-189225165	SBS5	2	0	1	1	0	0	0	0	0	0	0	0	0	0	0	0
1196	chr3:183654897-189225165	SBS8	2	0	2	6	0	0	0	0	0	0	0	0	0	0	0	0
1197	chr3:18455958-27621079	SBS1	1	1	3	0	0	0	0	0	0	0	0	0	0	0	0	0
1198	chr3:18455958-27621079	SBS3	1	1	34	0	0	0	0	0	0	0	0	0	0	0	0	0
1199	chr3:18455958-27621079	SBS5	1	1	9	0	0	0	0	0	0	0	0	0	0	0	0	0
1200	chr3:18455958-27621079	SBS8	1	1	24	0	0	0	0	0	0	0	0	0	0	0	0	0
1201	chr3:189630347-190438265	SBS3	3	2	0	1	1	0	0	0	0	0	0	0	0	0	0	0
1202	chr3:189630347-190438265	SBS5	3	2	1	0	0	0	0	0	0	0	0	0	0	0	0	0
1203	chr3:189630347-190438265	SBS8	3	2	1	0	0	0	0	0	0	0	0	0	0	0	0	0
1204	chr3:190438266-190555044	SBS100	5	2	1	0	0	0	0	0	0	0	0	0	0	0	0	0
1205	chr3:190438266-190555044	SBS3	5	2	6	4	0	0	0	0	0	0	0	0	0	0	0	0
1206	chr3:190438266-190555044	SBS5	5	2	4	3	0	0	0	0	0	0	0	0	0	0	0	0
1207	chr3:190555045-190661756	SBS3	4	2	0	0	0	2	0	0	0	0	0	0	0	0	0	0
1208	chr3:190661757-190883729	SBS1	2	2	0	1	0	0	0	0	0	0	0	0	0	0	0	0
1209	chr3:190883730-191135854	SBS3	3	2	0	0	1	0	0	0	0	0	0	0	0	0	0	0
1210	chr3:191135855-191139488	SBS3	5	2	0	1	2	0	0	0	0	0	0	0	0	0	0	0
1211	chr3:191139489-191717715	SBS100	3	2	0	0	1	0	0	0	0	0	0	0	0	0	0	0
1212	chr3:191139489-191717715	SBS3	3	2	0	0	1	0	0	0	0	0	0	0	0	0	0	0
1213	chr3:191139489-191717715	SBS5	3	2	0	0	2	0	0	0	0	0	0	0	0	0	0	0
1214	chr3:191139489-191717715	SBS8	3	2	1	0	0	0	0	0	0	0	0	0	0	0	0	0
1215	chr3:191718510-191943568	SBS1	4	2	0	0	1	0	0	0	0	0	0	0	0	0	0	0
1216	chr3:191718510-191943568	SBS3	4	2	0	0	0	2	0	0	0	0	0	0	0	0	0	0
1217	chr3:191718510-191943568	SBS8	4	2	0	2	0	1	0	0	0	0	0	0	0	0	0	0
1218	chr3:191944129-191955520	SBS8	4	2	1	0	0	0	0	0	0	0	0	0	0	0	0	0
1219	chr3:191955521-192553665	SBS3	4	2	1	0	2	0	0	0	0	0	0	0	0	0	0	0
1220	chr3:191955521-192553665	SBS8	4	2	0	0	0	4	0	0	0	0	0	0	0	0	0	0
1221	chr3:192553871-192637623	SBS3	5	2	0	1	0	0	0	0	0	0	0	0	0	0	0	0
1222	chr3:192637624-192678562	SBS8	7	2	0	0	0	1	0	0	0	0	0	0	0	0	0	0
1223	chr3:192678730-193285985	SBS100	5	2	0	1	0	0	0	0	0	0	0	0	0	0	0	0
1224	chr3:192678730-193285985	SBS3	5	2	2	0	0	0	0	0	0	0	0	0	0	0	0	0
1225	chr3:192678730-193285985	SBS8	5	2	0	0	0	0	0	1	0	0	0	0	0	0	0	0
1226	chr3:193285986-193323120	SBS1	7	2	0	0	1	0	0	0	0	0	0	0	0	0	0	0
1227	chr3:193285986-193323120	SBS100	7	2	0	1	18	15	0	2	0	0	0	0	0	0	0	0
1228	chr3:193285986-193323120	SBS3	7	2	0	2	16	14	0	6	0	0	0	0	0	0	0	0
1229	chr3:193285986-193323120	SBS5	7	2	0	2	22	17	0	5	0	0	0	0	0	0	0	0
1230	chr3:193323121-193341808	SBS3	6	2	0	0	0	1	0	0	0	0	0	0	0	0	0	0
1231	chr3:193341809-193350880	SBS100	7	3	0	1	0	0	0	0	0	0	0	0	0	0	0	0
1232	chr3:193341809-193350880	SBS3	7	3	2	2	0	0	0	0	0	0	0	0	0	0	0	0
1233	chr3:193341809-193350880	SBS5	7	3	1	6	0	0	0	0	0	0	0	0	0	0	0	0
1234	chr3:193350881-193453186	SBS100	5	2	0	4	0	0	0	0	0	0	0	0	0	0	0	0
1235	chr3:193350881-193453186	SBS3	5	2	0	3	1	0	0	0	0	0	0	0	0	0	0	0
1236	chr3:193350881-193453186	SBS5	5	2	0	1	1	0	0	0	0	0	0	0	0	0	0	0
1237	chr3:193453187-194403477	SBS3	2	1	2	0	0	0	0	0	0	0	0	0	0	0	0	0
1238	chr3:193453187-194403477	SBS5	2	1	1	0	0	0	0	0	0	0	0	0	0	0	0	0
1239	chr3:193453187-194403477	SBS8	2	1	1	0	0	0	0	0	0	0	0	0	0	0	0	0
1240	chr3:194429239-195477297	SBS3	2	1	2	0	0	0	0	0	0	0	0	0	0	0	0	0
1241	chr3:194429239-195477297	SBS5	2	1	1	0	0	0	0	0	0	0	0	0	0	0	0	0
1242	chr3:195557301-195557616	SBS3	2	1	1	0	0	0	0	0	0	0	0	0	0	0	0	0
1243	chr3:195557301-195557616	SBS8	2	1	2	0	0	0	0	0	0	0	0	0	0	0	0	0
1244	chr3:195582329-196219235	SBS1	2	1	1	0	0	0	0	0	0	0	0	0	0	0	0	0
1245	chr3:195582329-196219235	SBS3	2	1	11	0	0	0	0	0	0	0	0	0	0	0	0	0
1246	chr3:195582329-196219235	SBS5	2	1	3	1	0	0	0	0	0	0	0	0	0	0	0	0
1247	chr3:195582329-196219235	SBS8	2	1	0	1	0	0	0	0	0	0	0	0	0	0	0	0
1248	chr3:196226725-196251000	SBS100	2	1	2	0	0	0	0	0	0	0	0	0	0	0	0	0
1249	chr3:196603850-196630096	SBS3	2	2	0	1	0	0	0	0	0	0	0	0	0	0	0	0
1250	chr3:196653314-198295559	SBS3	2	0	0	1	0	0	0	0	0	0	0	0	0	0	0	0
1251	chr3:196653314-198295559	SBS5	2	0	1	0	0	0	0	0	0	0	0	0	0	0	0	0
1252	chr3:196653314-198295559	SBS8	2	0	0	1	0	0	0	0	0	0	0	0	0	0	0	0
1253	chr3:27621127-28525287	SBS3	1	1	2	0	0	0	0	0	0	0	0	0	0	0	0	0
1254	chr3:27621127-28525287	SBS8	1	1	4	0	0	0	0	0	0	0	0	0	0	0	0	0
1255	chr3:28525288-33258621	SBS1	1	0	1	0	0	0	0	0	0	0	0	0	0	0	0	0
1256	chr3:28525288-33258621	SBS3	1	0	6	0	0	0	0	0	0	0	0	0	0	0	0	0
1257	chr3:28525288-33258621	SBS5	1	0	1	0	0	0	0	0	0	0	0	0	0	0	0	0
1258	chr3:28525288-33258621	SBS8	1	0	3	0	0	0	0	0	0	0	0	0	0	0	0	0
1259	chr3:3170815-13550267	SBS1	1	1	2	0	0	0	0	0	0	0	0	0	0	0	0	0
1260	chr3:3170815-13550267	SBS100	1	1	7	0	0	0	0	0	0	0	0	0	0	0	0	0
1261	chr3:3170815-13550267	SBS3	1	1	22	0	0	0	0	0	0	0	0	0	0	0	0	0
1262	chr3:3170815-13550267	SBS5	1	1	8	0	0	0	0	0	0	0	0	0	0	0	0	0
1263	chr3:3170815-13550267	SBS8	1	1	18	0	0	0	0	0	0	0	0	0	0	0	0	0
1264	chr3:33258658-60608165	SBS1	1	0	3	0	0	0	0	0	0	0	0	0	0	0	0	0
1265	chr3:33258658-60608165	SBS100	1	0	3	0	0	0	0	0	0	0	0	0	0	0	0	0
1266	chr3:33258658-60608165	SBS3	1	0	28	0	0	0	0	0	0	0	0	0	0	0	0	0
1267	chr3:33258658-60608165	SBS5	1	0	8	0	0	0	0	0	0	0	0	0	0	0	0	0
1268	chr3:33258658-60608165	SBS8	1	0	27	0	0	0	0	0	0	0	0	0	0	0	0	0
1269	chr3:60608166-64792024	SBS1	1	1	2	0	0	0	0	0	0	0	0	0	0	0	0	0
1270	chr3:60608166-64792024	SBS100	1	1	2	0	0	0	0	0	0	0	0	0	0	0	0	0
1271	chr3:60608166-64792024	SBS3	1	1	8	0	0	0	0	0	0	0	0	0	0	0	0	0
1272	chr3:60608166-64792024	SBS5	1	1	5	0	0	0	0	0	0	0	0	0	0	0	0	0
1273	chr3:60608166-64792024	SBS8	1	1	6	0	0	0	0	0	0	0	0	0	0	0	0	0
1274	chr3:64792113-71234155	SBS1	1	1	2	0	0	0	0	0	0	0	0	0	0	0	0	0
1275	chr3:64792113-71234155	SBS100	1	1	2	0	0	0	0	0	0	0	0	0	0	0	0	0
1276	chr3:64792113-71234155	SBS3	1	1	20	0	0	0	0	0	0	0	0	0	0	0	0	0
1277	chr3:64792113-71234155	SBS5	1	1	2	0	0	0	0	0	0	0	0	0	0	0	0	0
1278	chr3:64792113-71234155	SBS8	1	1	18	0	0	0	0	0	0	0	0	0	0	0	0	0
1279	chr3:71234192-92214015	SBS1	1	1	11	0	0	0	0	0	0	0	0	0	0	0	0	0
1280	chr3:71234192-92214015	SBS100	1	1	15	0	0	0	0	0	0	0	0	0	0	0	0	0
1281	chr3:71234192-92214015	SBS3	1	1	115	0	0	0	0	0	0	0	0	0	0	0	0	0
1282	chr3:71234192-92214015	SBS5	1	1	22	0	0	0	0	0	0	0	0	0	0	0	0	0
1283	chr3:71234192-92214015	SBS8	1	1	87	0	0	0	0	0	0	0	0	0	0	0	0	0
1284	chr3:92214016-95396216	SBS3	1	1	4	0	0	0	0	0	0	0	0	0	0	0	0	0
1285	chr3:92214016-95396216	SBS5	1	1	1	0	0	0	0	0	0	0	0	0	0	0	0	0
1286	chr3:92214016-95396216	SBS8	1	1	5	0	0	0	0	0	0	0	0	0	0	0	0	0
1287	chr3:95396250-99749466	SBS1	1	1	1	0	0	0	0	0	0	0	0	0	0	0	0	0
1288	chr3:95396250-99749466	SBS100	1	1	1	0	0	0	0	0	0	0	0	0	0	0	0	0
1289	chr3:95396250-99749466	SBS3	1	1	10	0	0	0	0	0	0	0	0	0	0	0	0	0
1290	chr3:95396250-99749466	SBS5	1	1	3	0	0	0	0	0	0	0	0	0	0	0	0	0
1291	chr3:95396250-99749466	SBS8	1	1	10	0	0	0	0	0	0	0	0	0	0	0	0	0
1292	chr3:99749467-99771000	SBS100	1	1	1	0	0	0	0	0	0	0	0	0	0	0	0	0
1293	chr3:99749467-99771000	SBS3	1	1	10	0	0	0	0	0	0	0	0	0	0	0	0	0
1294	chr3:99749467-99771000	SBS5	1	1	1	0	0	0	0	0	0	0	0	0	0	0	0	0
1295	chr3:99749467-99771000	SBS8	1	1	2	0	0	0	0	0	0	0	0	0	0	0	0	0
1296	chr3:99902063-102053111	SBS3	1	0	5	0	0	0	0	0	0	0	0	0	0	0	0	0
1297	chr3:99902063-102053111	SBS8	1	0	2	0	0	0	0	0	0	0	0	0	0	0	0	0
1298	chr4:1-1664875	SBS100	2	0	0	1	0	0	0	0	0	0	0	0	0	0	0	0
1299	chr4:1-1664875	SBS3	2	0	5	1	0	0	0	0	0	0	0	0	0	0	0	0
1300	chr4:1-1664875	SBS8	2	0	3	0	0	0	0	0	0	0	0	0	0	0	0	0
1301	chr4:105458397-113354872	SBS1	1	1	1	0	0	0	0	0	0	0	0	0	0	0	0	0
1302	chr4:105458397-113354872	SBS100	1	1	3	0	0	0	0	0	0	0	0	0	0	0	0	0
1303	chr4:105458397-113354872	SBS3	1	1	22	0	0	0	0	0	0	0	0	0	0	0	0	0
1304	chr4:105458397-113354872	SBS5	1	1	3	0	0	0	0	0	0	0	0	0	0	0	0	0
1305	chr4:105458397-113354872	SBS8	1	1	11	0	0	0	0	0	0	0	0	0	0	0	0	0
1306	chr4:113360294-115190188	SBS1	1	1	1	0	0	0	0	0	0	0	0	0	0	0	0	0
1307	chr4:113360294-115190188	SBS100	1	1	2	0	0	0	0	0	0	0	0	0	0	0	0	0
1308	chr4:113360294-115190188	SBS3	1	1	6	0	0	0	0	0	0	0	0	0	0	0	0	0
1309	chr4:113360294-115190188	SBS8	1	1	5	0	0	0	0	0	0	0	0	0	0	0	0	0
1310	chr4:115190508-125452496	SBS1	1	1	6	0	0	0	0	0	0	0	0	0	0	0	0	0
1311	chr4:115190508-125452496	SBS3	1	1	26	0	0	0	0	0	0	0	0	0	0	0	0	0
1312	chr4:115190508-125452496	SBS5	1	1	4	0	0	0	0	0	0	0	0	0	0	0	0	0
1313	chr4:115190508-125452496	SBS8	1	1	25	0	0	0	0	0	0	0	0	0	0	0	0	0
1314	chr4:125452511-130636649	SBS100	1	1	1	0	0	0	0	0	0	0	0	0	0	0	0	0
1315	chr4:125452511-130636649	SBS3	1	1	11	0	0	0	0	0	0	0	0	0	0	0	0	0
1316	chr4:125452511-130636649	SBS5	1	1	5	0	0	0	0	0	0	0	0	0	0	0	0	0
1317	chr4:125452511-130636649	SBS8	1	1	15	0	0	0	0	0	0	0	0	0	0	0	0	0
1318	chr4:130636684-149331810	SBS1	1	1	3	0	0	0	0	0	0	0	0	0	0	0	0	0
1319	chr4:130636684-149331810	SBS100	1	1	6	0	0	0	0	0	0	0	0	0	0	0	0	0
1320	chr4:130636684-149331810	SBS3	1	1	52	0	0	0	0	0	0	0	0	0	0	0	0	0
1321	chr4:130636684-149331810	SBS5	1	1	16	0	0	0	0	0	0	0	0	0	0	0	0	0
1322	chr4:130636684-149331810	SBS8	1	1	34	0	0	0	0	0	0	0	0	0	0	0	0	0
1323	chr4:149332041-150454361	SBS3	1	1	5	0	0	0	0	0	0	0	0	0	0	0	0	0
1324	chr4:149332041-150454361	SBS5	1	1	2	0	0	0	0	0	0	0	0	0	0	0	0	0
1325	chr4:150454362-151667427	SBS1	2	1	0	1	0	0	0	0	0	0	0	0	0	0	0	0
1326	chr4:150454362-151667427	SBS3	2	1	1	3	0	0	0	0	0	0	0	0	0	0	0	0
1327	chr4:150454362-151667427	SBS5	2	1	1	0	0	0	0	0	0	0	0	0	0	0	0	0
1328	chr4:151721494-160370718	SBS1	2	1	0	1	0	0	0	0	0	0	0	0	0	0	0	0
1329	chr4:151721494-160370718	SBS100	2	1	0	4	0	0	0	0	0	0	0	0	0	0	0	0
1330	chr4:151721494-160370718	SBS3	2	1	10	11	0	0	0	0	0	0	0	0	0	0	0	0
1331	chr4:151721494-160370718	SBS5	2	1	3	1	0	0	0	0	0	0	0	0	0	0	0	0
1332	chr4:151721494-160370718	SBS8	2	1	6	8	0	0	0	0	0	0	0	0	0	0	0	0
1333	chr4:160374993-160441764	SBS8	2	1	0	1	0	0	0	0	0	0	0	0	0	0	0	0
1334	chr4:160441765-175518657	SBS1	2	0	1	1	0	0	0	0	0	0	0	0	0	0	0	0
1335	chr4:160441765-175518657	SBS100	2	0	1	0	0	0	0	0	0	0	0	0	0	0	0	0
1336	chr4:160441765-175518657	SBS3	2	0	15	15	0	0	0	0	0	0	0	0	0	0	0	0
1337	chr4:160441765-175518657	SBS5	2	0	3	3	0	0	0	0	0	0	0	0	0	0	0	0
1338	chr4:160441765-175518657	SBS8	2	0	7	19	0	0	0	0	0	0	0	0	0	0	0	0
1339	chr4:175518715-178728660	SBS1	2	0	0	1	0	0	0	0	0	0	0	0	0	0	0	0
1340	chr4:175518715-178728660	SBS100	2	0	0	1	0	0	0	0	0	0	0	0	0	0	0	0
1341	chr4:175518715-178728660	SBS3	2	0	2	3	0	0	0	0	0	0	0	0	0	0	0	0
1342	chr4:175518715-178728660	SBS5	2	0	1	1	0	0	0	0	0	0	0	0	0	0	0	0
1343	chr4:175518715-178728660	SBS8	2	0	0	4	0	0	0	0	0	0	0	0	0	0	0	0
1344	chr4:178728700-183383000	SBS1	2	0	0	1	0	0	0	0	0	0	0	0	0	0	0	0
1345	chr4:178728700-183383000	SBS100	2	0	0	1	0	0	0	0	0	0	0	0	0	0	0	0
1346	chr4:178728700-183383000	SBS3	2	0	5	5	0	0	0	0	0	0	0	0	0	0	0	0
1347	chr4:178728700-183383000	SBS5	2	0	1	0	0	0	0	0	0	0	0	0	0	0	0	0
1348	chr4:178728700-183383000	SBS8	2	0	5	3	0	0	0	0	0	0	0	0	0	0	0	0
1349	chr4:183608599-187012181	SBS1	3	0	1	1	0	0	0	0	0	0	0	0	0	0	0	0
1350	chr4:183608599-187012181	SBS100	3	0	1	0	0	0	0	0	0	0	0	0	0	0	0	0
1351	chr4:183608599-187012181	SBS3	3	0	0	0	3	0	0	0	0	0	0	0	0	0	0	0
1352	chr4:183608599-187012181	SBS5	3	0	0	0	1	0	0	0	0	0	0	0	0	0	0	0
1353	chr4:183608599-187012181	SBS8	3	0	1	2	3	0	0	0	0	0	0	0	0	0	0	0
1354	chr4:187012182-189552526	SBS1	2	0	2	0	0	0	0	0	0	0	0	0	0	0	0	0
1355	chr4:187012182-189552526	SBS3	2	0	5	2	0	0	0	0	0	0	0	0	0	0	0	0
1356	chr4:187012182-189552526	SBS5	2	0	0	1	0	0	0	0	0	0	0	0	0	0	0	0
1357	chr4:187012182-189552526	SBS8	2	0	1	1	0	0	0	0	0	0	0	0	0	0	0	0
1358	chr4:1885141-3312867	SBS1	2	0	2	0	0	0	0	0	0	0	0	0	0	0	0	0
1359	chr4:1885141-3312867	SBS100	2	0	1	1	0	0	0	0	0	0	0	0	0	0	0	0
1360	chr4:1885141-3312867	SBS3	2	0	4	0	0	0	0	0	0	0	0	0	0	0	0	0
1361	chr4:1885141-3312867	SBS5	2	0	1	0	0	0	0	0	0	0	0	0	0	0	0	0
1362	chr4:1885141-3312867	SBS8	2	0	1	1	0	0	0	0	0	0	0	0	0	0	0	0
1363	chr4:189552650-190214555	SBS1	2	0	3	0	0	0	0	0	0	0	0	0	0	0	0	0
1364	chr4:189552650-190214555	SBS3	2	0	7	1	0	0	0	0	0	0	0	0	0	0	0	0
1365	chr4:189552650-190214555	SBS5	2	0	3	1	0	0	0	0	0	0	0	0	0	0	0	0
1366	chr4:189552650-190214555	SBS8	2	0	4	1	0	0	0	0	0	0	0	0	0	0	0	0
1367	chr4:3313846-4275000	SBS3	2	0	3	0	0	0	0	0	0	0	0	0	0	0	0	0
1368	chr4:3313846-4275000	SBS8	2	0	1	0	0	0	0	0	0	0	0	0	0	0	0	0
1369	chr4:37941501-39753883	SBS3	1	0	3	0	0	0	0	0	0	0	0	0	0	0	0	0
1370	chr4:37941501-39753883	SBS8	1	0	2	0	0	0	0	0	0	0	0	0	0	0	0	0
1371	chr4:39753937-41093332	SBS3	1	0	2	0	0	0	0	0	0	0	0	0	0	0	0	0
1372	chr4:39753937-41093332	SBS8	1	0	1	0	0	0	0	0	0	0	0	0	0	0	0	0
1373	chr4:41095487-43763332	SBS100	1	0	1	0	0	0	0	0	0	0	0	0	0	0	0	0
1374	chr4:41095487-43763332	SBS3	1	0	2	0	0	0	0	0	0	0	0	0	0	0	0	0
1375	chr4:41095487-43763332	SBS8	1	0	1	0	0	0	0	0	0	0	0	0	0	0	0	0
1376	chr4:4275001-37908000	SBS1	1	0	11	0	0	0	0	0	0	0	0	0	0	0	0	0
1377	chr4:4275001-37908000	SBS100	1	0	4	0	0	0	0	0	0	0	0	0	0	0	0	0
1378	chr4:4275001-37908000	SBS3	1	0	47	0	0	0	0	0	0	0	0	0	0	0	0	0
1379	chr4:4275001-37908000	SBS5	1	0	15	0	0	0	0	0	0	0	0	0	0	0	0	0
1380	chr4:4275001-37908000	SBS8	1	0	44	0	0	0	0	0	0	0	0	0	0	0	0	0
1381	chr4:43763333-50726025	SBS1	1	1	2	0	0	0	0	0	0	0	0	0	0	0	0	0
1382	chr4:43763333-50726025	SBS100	1	1	1	0	0	0	0	0	0	0	0	0	0	0	0	0
1383	chr4:43763333-50726025	SBS3	1	1	11	0	0	0	0	0	0	0	0	0	0	0	0	0
1384	chr4:43763333-50726025	SBS5	1	1	4	0	0	0	0	0	0	0	0	0	0	0	0	0
1385	chr4:43763333-50726025	SBS8	1	1	17	0	0	0	0	0	0	0	0	0	0	0	0	0
1386	chr4:50726026-53848670	SBS1	1	1	1	0	0	0	0	0	0	0	0	0	0	0	0	0
1387	chr4:50726026-53848670	SBS100	1	1	2	0	0	0	0	0	0	0	0	0	0	0	0	0
1388	chr4:50726026-53848670	SBS3	1	1	4	0	0	0	0	0	0	0	0	0	0	0	0	0
1389	chr4:50726026-53848670	SBS5	1	1	1	0	0	0	0	0	0	0	0	0	0	0	0	0
1390	chr4:50726026-53848670	SBS8	1	1	5	0	0	0	0	0	0	0	0	0	0	0	0	0
1391	chr4:53849210-66902849	SBS1	1	1	3	0	0	0	0	0	0	0	0	0	0	0	0	0
1392	chr4:53849210-66902849	SBS100	1	1	7	0	0	0	0	0	0	0	0	0	0	0	0	0
1393	chr4:53849210-66902849	SBS3	1	1	36	0	0	0	0	0	0	0	0	0	0	0	0	0
1394	chr4:53849210-66902849	SBS5	1	1	8	0	0	0	0	0	0	0	0	0	0	0	0	0
1395	chr4:53849210-66902849	SBS8	1	1	34	0	0	0	0	0	0	0	0	0	0	0	0	0
1396	chr4:66917502-77804043	SBS1	1	1	4	0	0	0	0	0	0	0	0	0	0	0	0	0
1397	chr4:66917502-77804043	SBS100	1	1	2	0	0	0	0	0	0	0	0	0	0	0	0	0
1398	chr4:66917502-77804043	SBS3	1	1	38	0	0	0	0	0	0	0	0	0	0	0	0	0
1399	chr4:66917502-77804043	SBS5	1	1	9	0	0	0	0	0	0	0	0	0	0	0	0	0
1400	chr4:66917502-77804043	SBS8	1	1	19	0	0	0	0	0	0	0	0	0	0	0	0	0
1401	chr4:77804044-87570064	SBS1	1	0	2	0	0	0	0	0	0	0	0	0	0	0	0	0
1402	chr4:77804044-87570064	SBS100	1	0	2	0	0	0	0	0	0	0	0	0	0	0	0	0
1403	chr4:77804044-87570064	SBS3	1	0	7	0	0	0	0	0	0	0	0	0	0	0	0	0
1404	chr4:77804044-87570064	SBS5	1	0	1	0	0	0	0	0	0	0	0	0	0	0	0	0
1405	chr4:77804044-87570064	SBS8	1	0	8	0	0	0	0	0	0	0	0	0	0	0	0	0
1406	chr4:87570106-105456385	SBS1	1	1	2	0	0	0	0	0	0	0	0	0	0	0	0	0
1407	chr4:87570106-105456385	SBS100	1	1	6	0	0	0	0	0	0	0	0	0	0	0	0	0
1408	chr4:87570106-105456385	SBS3	1	1	51	0	0	0	0	0	0	0	0	0	0	0	0	0
1409	chr4:87570106-105456385	SBS5	1	1	16	0	0	0	0	0	0	0	0	0	0	0	0	0
1410	chr4:87570106-105456385	SBS8	1	1	38	0	0	0	0	0	0	0	0	0	0	0	0	0
1411	chr5:1-5593676	SBS1	1	1	4	0	0	0	0	0	0	0	0	0	0	0	0	0
1412	chr5:1-5593676	SBS100	1	1	5	0	0	0	0	0	0	0	0	0	0	0	0	0
1413	chr5:1-5593676	SBS3	1	1	22	0	0	0	0	0	0	0	0	0	0	0	0	0
1414	chr5:1-5593676	SBS5	1	1	7	0	0	0	0	0	0	0	0	0	0	0	0	0
1415	chr5:1-5593676	SBS8	1	1	9	0	0	0	0	0	0	0	0	0	0	0	0	0
1416	chr5:113681623-158355711	SBS1	1	0	5	0	0	0	0	0	0	0	0	0	0	0	0	0
1417	chr5:113681623-158355711	SBS100	1	0	6	0	0	0	0	0	0	0	0	0	0	0	0	0
1418	chr5:113681623-158355711	SBS3	1	0	69	0	0	0	0	0	0	0	0	0	0	0	0	0
1419	chr5:113681623-158355711	SBS5	1	0	20	0	0	0	0	0	0	0	0	0	0	0	0	0
1420	chr5:113681623-158355711	SBS8	1	0	37	0	0	0	0	0	0	0	0	0	0	0	0	0
1421	chr5:158416817-181538259	SBS1	1	0	5	0	0	0	0	0	0	0	0	0	0	0	0	0
1422	chr5:158416817-181538259	SBS100	1	0	10	0	0	0	0	0	0	0	0	0	0	0	0	0
1423	chr5:158416817-181538259	SBS3	1	0	41	0	0	0	0	0	0	0	0	0	0	0	0	0
1424	chr5:158416817-181538259	SBS5	1	0	8	0	0	0	0	0	0	0	0	0	0	0	0	0
1425	chr5:158416817-181538259	SBS8	1	0	33	0	0	0	0	0	0	0	0	0	0	0	0	0
1426	chr5:17179256-24796172	SBS1	1	1	5	0	0	0	0	0	0	0	0	0	0	0	0	0
1427	chr5:17179256-24796172	SBS100	1	1	1	0	0	0	0	0	0	0	0	0	0	0	0	0
1428	chr5:17179256-24796172	SBS3	1	1	19	0	0	0	0	0	0	0	0	0	0	0	0	0
1429	chr5:17179256-24796172	SBS5	1	1	5	0	0	0	0	0	0	0	0	0	0	0	0	0
1430	chr5:17179256-24796172	SBS8	1	1	18	0	0	0	0	0	0	0	0	0	0	0	0	0
1431	chr5:24796251-48272853	SBS1	1	1	1	0	0	0	0	0	0	0	0	0	0	0	0	0
1432	chr5:24796251-48272853	SBS100	1	1	12	0	0	0	0	0	0	0	0	0	0	0	0	0
1433	chr5:24796251-48272853	SBS3	1	1	49	0	0	0	0	0	0	0	0	0	0	0	0	0
1434	chr5:24796251-48272853	SBS5	1	1	16	0	0	0	0	0	0	0	0	0	0	0	0	0
1435	chr5:24796251-48272853	SBS8	1	1	67	0	0	0	0	0	0	0	0	0	0	0	0	0
1436	chr5:48272854-50994311	SBS1	1	1	2	0	0	0	0	0	0	0	0	0	0	0	0	0
1437	chr5:48272854-50994311	SBS3	1	1	3	0	0	0	0	0	0	0	0	0	0	0	0	0
1438	chr5:48272854-50994311	SBS5	1	1	1	0	0	0	0	0	0	0	0	0	0	0	0	0
1439	chr5:48272854-50994311	SBS8	1	1	4	0	0	0	0	0	0	0	0	0	0	0	0	0
1440	chr5:50994391-54243521	SBS1	1	1	1	0	0	0	0	0	0	0	0	0	0	0	0	0
1441	chr5:50994391-54243521	SBS100	1	1	1	0	0	0	0	0	0	0	0	0	0	0	0	0
1442	chr5:50994391-54243521	SBS3	1	1	6	0	0	0	0	0	0	0	0	0	0	0	0	0
1443	chr5:50994391-54243521	SBS5	1	1	2	0	0	0	0	0	0	0	0	0	0	0	0	0
1444	chr5:50994391-54243521	SBS8	1	1	8	0	0	0	0	0	0	0	0	0	0	0	0	0
1445	chr5:54758001-113681571	SBS1	1	0	5	0	0	0	0	0	0	0	0	0	0	0	0	0
1446	chr5:54758001-113681571	SBS100	1	0	6	0	0	0	0	0	0	0	0	0	0	0	0	0
1447	chr5:54758001-113681571	SBS3	1	0	87	0	0	0	0	0	0	0	0	0	0	0	0	0
1448	chr5:54758001-113681571	SBS5	1	0	11	0	0	0	0	0	0	0	0	0	0	0	0	0
1449	chr5:54758001-113681571	SBS8	1	0	48	0	0	0	0	0	0	0	0	0	0	0	0	0
1450	chr5:5593713-17179065	SBS1	1	1	4	0	0	0	0	0	0	0	0	0	0	0	0	0
1451	chr5:5593713-17179065	SBS100	1	1	4	0	0	0	0	0	0	0	0	0	0	0	0	0
1452	chr5:5593713-17179065	SBS3	1	1	36	0	0	0	0	0	0	0	0	0	0	0	0	0
1453	chr5:5593713-17179065	SBS5	1	1	7	0	0	0	0	0	0	0	0	0	0	0	0	0
1454	chr5:5593713-17179065	SBS8	1	1	30	0	0	0	0	0	0	0	0	0	0	0	0	0
1455	chr6:104938243-107701652	SBS1	1	1	1	0	0	0	0	0	0	0	0	0	0	0	0	0
1456	chr6:104938243-107701652	SBS3	1	1	3	0	0	0	0	0	0	0	0	0	0	0	0	0
1457	chr6:104938243-107701652	SBS8	1	1	5	0	0	0	0	0	0	0	0	0	0	0	0	0
1458	chr6:107701703-109173556	SBS3	1	1	3	0	0	0	0	0	0	0	0	0	0	0	0	0
1459	chr6:107701703-109173556	SBS8	1	1	3	0	0	0	0	0	0	0	0	0	0	0	0	0
1460	chr6:109173615-117166379	SBS1	1	1	2	0	0	0	0	0	0	0	0	0	0	0	0	0
1461	chr6:109173615-117166379	SBS100	1	1	2	0	0	0	0	0	0	0	0	0	0	0	0	0
1462	chr6:109173615-117166379	SBS3	1	1	21	0	0	0	0	0	0	0	0	0	0	0	0	0
1463	chr6:109173615-117166379	SBS5	1	1	1	0	0	0	0	0	0	0	0	0	0	0	0	0
1464	chr6:109173615-117166379	SBS8	1	1	13	0	0	0	0	0	0	0	0	0	0	0	0	0
1465	chr6:117166474-128165382	SBS1	1	1	1	0	0	0	0	0	0	0	0	0	0	0	0	0
1466	chr6:117166474-128165382	SBS100	1	1	4	0	0	0	0	0	0	0	0	0	0	0	0	0
1467	chr6:117166474-128165382	SBS3	1	1	35	0	0	0	0	0	0	0	0	0	0	0	0	0
1468	chr6:117166474-128165382	SBS5	1	1	7	0	0	0	0	0	0	0	0	0	0	0	0	0
1469	chr6:117166474-128165382	SBS8	1	1	19	0	0	0	0	0	0	0	0	0	0	0	0	0
1470	chr6:128166119-128166136	SBS3	1	1	1	0	0	0	0	0	0	0	0	0	0	0	0	0
1471	chr6:128166137-132393894	SBS1	2	1	1	0	0	0	0	0	0	0	0	0	0	0	0	0
1472	chr6:128166137-132393894	SBS100	2	1	0	1	0	0	0	0	0	0	0	0	0	0	0	0
1473	chr6:128166137-132393894	SBS3	2	1	6	9	0	0	0	0	0	0	0	0	0	0	0	0
1474	chr6:128166137-132393894	SBS5	2	1	1	1	0	0	0	0	0	0	0	0	0	0	0	0
1475	chr6:128166137-132393894	SBS8	2	1	4	6	0	0	0	0	0	0	0	0	0	0	0	0
1476	chr6:132394895-135373456	SBS100	2	1	0	1	0	0	0	0	0	0	0	0	0	0	0	0
1477	chr6:132394895-135373456	SBS3	2	1	3	7	0	0	0	0	0	0	0	0	0	0	0	0
1478	chr6:132394895-135373456	SBS8	2	1	2	3	0	0	0	0	0	0	0	0	0	0	0	0
1479	chr6:135374953-136339539	SBS1	2	1	0	1	0	0	0	0	0	0	0	0	0	0	0	0
1480	chr6:135374953-136339539	SBS3	2	1	1	1	0	0	0	0	0	0	0	0	0	0	0	0
1481	chr6:135374953-136339539	SBS5	2	1	0	1	0	0	0	0	0	0	0	0	0	0	0	0
1482	chr6:135374953-136339539	SBS8	2	1	1	0	0	0	0	0	0	0	0	0	0	0	0	0
1483	chr6:136340226-137809918	SBS3	2	1	2	5	0	0	0	0	0	0	0	0	0	0	0	0
1484	chr6:136340226-137809918	SBS5	2	1	0	2	0	0	0	0	0	0	0	0	0	0	0	0
1485	chr6:136340226-137809918	SBS8	2	1	2	0	0	0	0	0	0	0	0	0	0	0	0	0
1486	chr6:137810757-143564138	SBS100	2	1	1	2	0	0	0	0	0	0	0	0	0	0	0	0
1487	chr6:137810757-143564138	SBS3	2	1	4	6	0	0	0	0	0	0	0	0	0	0	0	0
1488	chr6:137810757-143564138	SBS5	2	1	2	2	0	0	0	0	0	0	0	0	0	0	0	0
1489	chr6:137810757-143564138	SBS8	2	1	6	11	0	0	0	0	0	0	0	0	0	0	0	0
1490	chr6:143572392-149979688	SBS100	2	1	1	2	0	0	0	0	0	0	0	0	0	0	0	0
1491	chr6:143572392-149979688	SBS3	2	1	8	13	0	0	0	0	0	0	0	0	0	0	0	0
1492	chr6:143572392-149979688	SBS5	2	1	1	2	0	0	0	0	0	0	0	0	0	0	0	0
1493	chr6:143572392-149979688	SBS8	2	1	6	4	0	0	0	0	0	0	0	0	0	0	0	0
1494	chr6:149980302-153283699	SBS1	2	1	0	1	0	0	0	0	0	0	0	0	0	0	0	0
1495	chr6:149980302-153283699	SBS100	2	1	1	0	0	0	0	0	0	0	0	0	0	0	0	0
1496	chr6:149980302-153283699	SBS3	2	1	7	4	0	0	0	0	0	0	0	0	0	0	0	0
1497	chr6:149980302-153283699	SBS5	2	1	2	0	0	0	0	0	0	0	0	0	0	0	0	0
1498	chr6:149980302-153283699	SBS8	2	1	1	4	0	0	0	0	0	0	0	0	0	0	0	0
1499	chr6:153283707-158704591	SBS1	2	1	1	2	0	0	0	0	0	0	0	0	0	0	0	0
1500	chr6:153283707-158704591	SBS100	2	1	1	3	0	0	0	0	0	0	0	0	0	0	0	0
1501	chr6:153283707-158704591	SBS3	2	1	6	4	0	0	0	0	0	0	0	0	0	0	0	0
1502	chr6:153283707-158704591	SBS5	2	1	3	1	0	0	0	0	0	0	0	0	0	0	0	0
1503	chr6:153283707-158704591	SBS8	2	1	3	11	0	0	0	0	0	0	0	0	0	0	0	0
1504	chr6:158704624-170103000	SBS1	2	1	2	1	0	0	0	0	0	0	0	0	0	0	0	0
1505	chr6:158704624-170103000	SBS100	2	1	4	0	0	0	0	0	0	0	0	0	0	0	0	0
1506	chr6:158704624-170103000	SBS3	2	1	23	16	0	0	0	0	0	0	0	0	0	0	0	0
1507	chr6:158704624-170103000	SBS5	2	1	3	2	0	0	0	0	0	0	0	0	0	0	0	0
1508	chr6:158704624-170103000	SBS8	2	1	12	13	0	0	0	0	0	0	0	0	0	0	0	0
1509	chr6:170103001-170805979	SBS3	3	1	6	0	0	0	0	0	0	0	0	0	0	0	0	0
1510	chr6:59191911-61853234	SBS1	1	1	3	0	0	0	0	0	0	0	0	0	0	0	0	0
1511	chr6:59191911-61853234	SBS100	1	1	1	0	0	0	0	0	0	0	0	0	0	0	0	0
1512	chr6:59191911-61853234	SBS3	1	1	18	0	0	0	0	0	0	0	0	0	0	0	0	0
1513	chr6:59191911-61853234	SBS8	1	1	15	0	0	0	0	0	0	0	0	0	0	0	0	0
1514	chr6:61854262-76416976	SBS1	1	1	3	0	0	0	0	0	0	0	0	0	0	0	0	0
1515	chr6:61854262-76416976	SBS100	1	1	4	0	0	0	0	0	0	0	0	0	0	0	0	0
1516	chr6:61854262-76416976	SBS3	1	1	32	0	0	0	0	0	0	0	0	0	0	0	0	0
1517	chr6:61854262-76416976	SBS5	1	1	7	0	0	0	0	0	0	0	0	0	0	0	0	0
1518	chr6:61854262-76416976	SBS8	1	1	42	0	0	0	0	0	0	0	0	0	0	0	0	0
1519	chr6:76417407-79697000	SBS1	1	1	1	0	0	0	0	0	0	0	0	0	0	0	0	0
1520	chr6:76417407-79697000	SBS3	1	1	18	0	0	0	0	0	0	0	0	0	0	0	0	0
1521	chr6:76417407-79697000	SBS5	1	1	3	0	0	0	0	0	0	0	0	0	0	0	0	0
1522	chr6:76417407-79697000	SBS8	1	1	9	0	0	0	0	0	0	0	0	0	0	0	0	0
1523	chr6:79727001-82851964	SBS1	1	1	1	0	0	0	0	0	0	0	0	0	0	0	0	0
1524	chr6:79727001-82851964	SBS100	1	1	1	0	0	0	0	0	0	0	0	0	0	0	0	0
1525	chr6:79727001-82851964	SBS3	1	1	7	0	0	0	0	0	0	0	0	0	0	0	0	0
1526	chr6:79727001-82851964	SBS5	1	1	3	0	0	0	0	0	0	0	0	0	0	0	0	0
1527	chr6:79727001-82851964	SBS8	1	1	13	0	0	0	0	0	0	0	0	0	0	0	0	0
1528	chr6:82852001-89126177	SBS1	1	1	2	0	0	0	0	0	0	0	0	0	0	0	0	0
1529	chr6:82852001-89126177	SBS100	1	1	3	0	0	0	0	0	0	0	0	0	0	0	0	0
1530	chr6:82852001-89126177	SBS3	1	1	17	0	0	0	0	0	0	0	0	0	0	0	0	0
1531	chr6:82852001-89126177	SBS5	1	1	1	0	0	0	0	0	0	0	0	0	0	0	0	0
1532	chr6:82852001-89126177	SBS8	1	1	13	0	0	0	0	0	0	0	0	0	0	0	0	0
1533	chr6:89126178-89167413	SBS100	1	0	1	0	0	0	0	0	0	0	0	0	0	0	0	0
1534	chr6:89167414-92049214	SBS1	1	1	2	0	0	0	0	0	0	0	0	0	0	0	0	0
1535	chr6:89167414-92049214	SBS3	1	1	8	0	0	0	0	0	0	0	0	0	0	0	0	0
1536	chr6:89167414-92049214	SBS8	1	1	12	0	0	0	0	0	0	0	0	0	0	0	0	0
1537	chr6:92393795-95444271	SBS3	1	1	7	0	0	0	0	0	0	0	0	0	0	0	0	0
1538	chr6:92393795-95444271	SBS5	1	1	1	0	0	0	0	0	0	0	0	0	0	0	0	0
1539	chr6:92393795-95444271	SBS8	1	1	1	0	0	0	0	0	0	0	0	0	0	0	0	0
1540	chr6:95444329-99970765	SBS1	1	1	1	0	0	0	0	0	0	0	0	0	0	0	0	0
1541	chr6:95444329-99970765	SBS100	1	1	1	0	0	0	0	0	0	0	0	0	0	0	0	0
1542	chr6:95444329-99970765	SBS3	1	1	14	0	0	0	0	0	0	0	0	0	0	0	0	0
1543	chr6:95444329-99970765	SBS5	1	1	1	0	0	0	0	0	0	0	0	0	0	0	0	0
1544	chr6:95444329-99970765	SBS8	1	1	9	0	0	0	0	0	0	0	0	0	0	0	0	0
1545	chr6:99970800-104930404	SBS1	1	1	2	0	0	0	0	0	0	0	0	0	0	0	0	0
1546	chr6:99970800-104930404	SBS3	1	1	7	0	0	0	0	0	0	0	0	0	0	0	0	0
1547	chr6:99970800-104930404	SBS8	1	1	4	0	0	0	0	0	0	0	0	0	0	0	0	0
1548	chr7:10189-2822084	SBS3	2	0	4	3	0	0	0	0	0	0	0	0	0	0	0	0
1549	chr7:10189-2822084	SBS5	2	0	1	2	0	0	0	0	0	0	0	0	0	0	0	0
1550	chr7:10189-2822084	SBS8	2	0	1	1	0	0	0	0	0	0	0	0	0	0	0	0
1551	chr7:112488446-129821000	SBS1	1	1	2	0	0	0	0	0	0	0	0	0	0	0	0	0
1552	chr7:112488446-129821000	SBS100	1	1	5	0	0	0	0	0	0	0	0	0	0	0	0	0
1553	chr7:112488446-129821000	SBS3	1	1	54	0	0	0	0	0	0	0	0	0	0	0	0	0
1554	chr7:112488446-129821000	SBS5	1	1	14	0	0	0	0	0	0	0	0	0	0	0	0	0
1555	chr7:112488446-129821000	SBS8	1	1	36	0	0	0	0	0	0	0	0	0	0	0	0	0
1556	chr7:129821001-129942000	SBS1	1	0	1	0	0	0	0	0	0	0	0	0	0	0	0	0
1557	chr7:129821001-129942000	SBS3	1	0	1	0	0	0	0	0	0	0	0	0	0	0	0	0
1558	chr7:129942001-139487988	SBS1	1	0	1	0	0	0	0	0	0	0	0	0	0	0	0	0
1559	chr7:129942001-139487988	SBS3	1	0	9	0	0	0	0	0	0	0	0	0	0	0	0	0
1560	chr7:129942001-139487988	SBS5	1	0	10	0	0	0	0	0	0	0	0	0	0	0	0	0
1561	chr7:129942001-139487988	SBS8	1	0	6	0	0	0	0	0	0	0	0	0	0	0	0	0
1562	chr7:13647122-13935387	SBS3	2	2	0	1	0	0	0	0	0	0	0	0	0	0	0	0
1563	chr7:13647122-13935387	SBS5	2	2	0	1	0	0	0	0	0	0	0	0	0	0	0	0
1564	chr7:13935553-14807512	SBS1	2	2	0	1	0	0	0	0	0	0	0	0	0	0	0	0
1565	chr7:13935553-14807512	SBS3	2	2	0	3	0	0	0	0	0	0	0	0	0	0	0	0
1566	chr7:13935553-14807512	SBS8	2	2	1	2	0	0	0	0	0	0	0	0	0	0	0	0
1567	chr7:139488674-140889087	SBS3	1	0	1	0	0	0	0	0	0	0	0	0	0	0	0	0
1568	chr7:139488674-140889087	SBS8	1	0	1	0	0	0	0	0	0	0	0	0	0	0	0	0
1569	chr7:140889535-150945708	SBS1	1	0	4	0	0	0	0	0	0	0	0	0	0	0	0	0
1570	chr7:140889535-150945708	SBS100	1	0	5	0	0	0	0	0	0	0	0	0	0	0	0	0
1571	chr7:140889535-150945708	SBS3	1	0	37	0	0	0	0	0	0	0	0	0	0	0	0	0
1572	chr7:140889535-150945708	SBS5	1	0	9	0	0	0	0	0	0	0	0	0	0	0	0	0
1573	chr7:140889535-150945708	SBS8	1	0	15	0	0	0	0	0	0	0	0	0	0	0	0	0
1574	chr7:14807513-16776672	SBS100	2	0	1	0	0	0	0	0	0	0	0	0	0	0	0	0
1575	chr7:14807513-16776672	SBS3	2	0	1	0	0	0	0	0	0	0	0	0	0	0	0	0
1576	chr7:14807513-16776672	SBS8	2	0	1	2	0	0	0	0	0	0	0	0	0	0	0	0
1577	chr7:150945836-152973700	SBS1	1	0	2	0	0	0	0	0	0	0	0	0	0	0	0	0
1578	chr7:150945836-152973700	SBS100	1	0	1	0	0	0	0	0	0	0	0	0	0	0	0	0
1579	chr7:150945836-152973700	SBS3	1	0	7	0	0	0	0	0	0	0	0	0	0	0	0	0
1580	chr7:150945836-152973700	SBS5	1	0	2	0	0	0	0	0	0	0	0	0	0	0	0	0
1581	chr7:150945836-152973700	SBS8	1	0	6	0	0	0	0	0	0	0	0	0	0	0	0	0
1582	chr7:153627133-154846173	SBS3	1	0	4	0	0	0	0	0	0	0	0	0	0	0	0	0
1583	chr7:153627133-154846173	SBS8	1	0	2	0	0	0	0	0	0	0	0	0	0	0	0	0
1584	chr7:154846235-158740127	SBS1	1	0	2	0	0	0	0	0	0	0	0	0	0	0	0	0
1585	chr7:154846235-158740127	SBS100	1	0	1	0	0	0	0	0	0	0	0	0	0	0	0	0
1586	chr7:154846235-158740127	SBS3	1	0	7	0	0	0	0	0	0	0	0	0	0	0	0	0
1587	chr7:154846235-158740127	SBS5	1	0	1	0	0	0	0	0	0	0	0	0	0	0	0	0
1588	chr7:154846235-158740127	SBS8	1	0	6	0	0	0	0	0	0	0	0	0	0	0	0	0
1589	chr7:158740174-159345973	SBS3	1	0	2	0	0	0	0	0	0	0	0	0	0	0	0	0
1590	chr7:158740174-159345973	SBS5	1	0	1	0	0	0	0	0	0	0	0	0	0	0	0	0
1591	chr7:16776673-16795612	SBS3	2	2	0	4	0	0	0	0	0	0	0	0	0	0	0	0
1592	chr7:16776673-16795612	SBS8	2	2	0	1	0	0	0	0	0	0	0	0	0	0	0	0
1593	chr7:16795613-19443052	SBS1	2	0	2	0	0	0	0	0	0	0	0	0	0	0	0	0
1594	chr7:16795613-19443052	SBS3	2	0	1	4	0	0	0	0	0	0	0	0	0	0	0	0
1595	chr7:16795613-19443052	SBS8	2	0	2	9	0	0	0	0	0	0	0	0	0	0	0	0
1596	chr7:19443053-28775872	SBS1	1	0	1	0	0	0	0	0	0	0	0	0	0	0	0	0
1597	chr7:19443053-28775872	SBS3	1	0	16	0	0	0	0	0	0	0	0	0	0	0	0	0
1598	chr7:19443053-28775872	SBS5	1	0	4	0	0	0	0	0	0	0	0	0	0	0	0	0
1599	chr7:19443053-28775872	SBS8	1	0	9	0	0	0	0	0	0	0	0	0	0	0	0	0
1600	chr7:28894316-30732349	SBS100	2	1	0	1	0	0	0	0	0	0	0	0	0	0	0	0
1601	chr7:28894316-30732349	SBS3	2	1	2	3	0	0	0	0	0	0	0	0	0	0	0	0
1602	chr7:28894316-30732349	SBS5	2	1	2	1	0	0	0	0	0	0	0	0	0	0	0	0
1603	chr7:28894316-30732349	SBS8	2	1	2	1	0	0	0	0	0	0	0	0	0	0	0	0
1604	chr7:30732350-31025053	SBS1	1	0	1	0	0	0	0	0	0	0	0	0	0	0	0	0
1605	chr7:30732350-31025053	SBS3	1	0	1	0	0	0	0	0	0	0	0	0	0	0	0	0
1606	chr7:31380081-31585126	SBS8	2	1	1	1	0	0	0	0	0	0	0	0	0	0	0	0
1607	chr7:31585127-31585391	SBS8	1	0	2	0	0	0	0	0	0	0	0	0	0	0	0	0
1608	chr7:31585392-33852816	SBS1	2	1	1	0	0	0	0	0	0	0	0	0	0	0	0	0
1609	chr7:31585392-33852816	SBS100	2	1	2	0	0	0	0	0	0	0	0	0	0	0	0	0
1610	chr7:31585392-33852816	SBS3	2	1	14	0	0	0	0	0	0	0	0	0	0	0	0	0
1611	chr7:31585392-33852816	SBS5	2	1	3	0	0	0	0	0	0	0	0	0	0	0	0	0
1612	chr7:31585392-33852816	SBS8	2	1	5	1	0	0	0	0	0	0	0	0	0	0	0	0
1613	chr7:33852817-40034963	SBS1	1	0	1	0	0	0	0	0	0	0	0	0	0	0	0	0
1614	chr7:33852817-40034963	SBS100	1	0	1	0	0	0	0	0	0	0	0	0	0	0	0	0
1615	chr7:33852817-40034963	SBS3	1	0	4	0	0	0	0	0	0	0	0	0	0	0	0	0
1616	chr7:33852817-40034963	SBS5	1	0	4	0	0	0	0	0	0	0	0	0	0	0	0	0
1617	chr7:33852817-40034963	SBS8	1	0	7	0	0	0	0	0	0	0	0	0	0	0	0	0
1618	chr7:40035001-43866112	SBS1	1	0	1	0	0	0	0	0	0	0	0	0	0	0	0	0
1619	chr7:40035001-43866112	SBS3	1	0	4	0	0	0	0	0	0	0	0	0	0	0	0	0
1620	chr7:40035001-43866112	SBS5	1	0	1	0	0	0	0	0	0	0	0	0	0	0	0	0
1621	chr7:40035001-43866112	SBS8	1	0	4	0	0	0	0	0	0	0	0	0	0	0	0	0
1622	chr7:4109480-8876298	SBS1	1	0	2	0	0	0	0	0	0	0	0	0	0	0	0	0
1623	chr7:4109480-8876298	SBS100	1	0	2	0	0	0	0	0	0	0	0	0	0	0	0	0
1624	chr7:4109480-8876298	SBS3	1	0	12	0	0	0	0	0	0	0	0	0	0	0	0	0
1625	chr7:4109480-8876298	SBS5	1	0	3	0	0	0	0	0	0	0	0	0	0	0	0	0
1626	chr7:4109480-8876298	SBS8	1	0	2	0	0	0	0	0	0	0	0	0	0	0	0	0
1627	chr7:43866113-44321850	SBS3	2	1	3	0	0	0	0	0	0	0	0	0	0	0	0	0
1628	chr7:44321851-45851211	SBS1	2	1	0	1	0	0	0	0	0	0	0	0	0	0	0	0
1629	chr7:44321851-45851211	SBS3	2	1	4	1	0	0	0	0	0	0	0	0	0	0	0	0
1630	chr7:44321851-45851211	SBS8	2	1	3	0	0	0	0	0	0	0	0	0	0	0	0	0
1631	chr7:45884798-46244383	SBS1	2	1	1	0	0	0	0	0	0	0	0	0	0	0	0	0
1632	chr7:45884798-46244383	SBS3	2	1	1	0	0	0	0	0	0	0	0	0	0	0	0	0
1633	chr7:45884798-46244383	SBS8	2	1	0	1	0	0	0	0	0	0	0	0	0	0	0	0
1634	chr7:46244384-46789579	SBS3	4	1	0	0	0	1	0	0	0	0	0	0	0	0	0	0
1635	chr7:46789889-47033586	SBS5	4	1	2	0	0	0	0	0	0	0	0	0	0	0	0	0
1636	chr7:46789889-47033586	SBS8	4	1	0	2	0	0	0	0	0	0	0	0	0	0	0	0
1637	chr7:47033587-47864097	SBS1	5	1	1	1	0	0	0	1	0	0	0	0	0	0	0	0
1638	chr7:47033587-47864097	SBS3	5	1	0	2	0	0	0	0	0	0	0	0	0	0	0	0
1639	chr7:47033587-47864097	SBS8	5	1	0	1	0	0	0	0	0	0	0	0	0	0	0	0
1640	chr7:47864098-47996005	SBS8	4	1	0	1	0	0	0	0	0	0	0	0	0	0	0	0
1641	chr7:47996006-49402000	SBS100	3	1	1	0	1	0	0	0	0	0	0	0	0	0	0	0
1642	chr7:47996006-49402000	SBS3	3	1	3	0	1	0	0	0	0	0	0	0	0	0	0	0
1643	chr7:47996006-49402000	SBS5	3	1	0	1	0	0	0	0	0	0	0	0	0	0	0	0
1644	chr7:47996006-49402000	SBS8	3	1	2	0	2	0	0	0	0	0	0	0	0	0	0	0
1645	chr7:49402001-50018885	SBS100	4	1	1	1	0	0	0	0	0	0	0	0	0	0	0	0
1646	chr7:49402001-50018885	SBS3	4	1	2	1	0	0	0	0	0	0	0	0	0	0	0	0
1647	chr7:49402001-50018885	SBS8	4	1	0	1	0	1	0	0	0	0	0	0	0	0	0	0
1648	chr7:50018886-50289133	SBS100	5	1	0	0	1	0	0	0	0	0	0	0	0	0	0	0
1649	chr7:50018886-50289133	SBS3	5	1	0	1	1	1	0	0	0	0	0	0	0	0	0	0
1650	chr7:50018886-50289133	SBS5	5	1	0	1	0	0	0	0	0	0	0	0	0	0	0	0
1651	chr7:50355632-50639000	SBS100	2	1	0	1	0	0	0	0	0	0	0	0	0	0	0	0
1652	chr7:50747479-53474313	SBS1	1	0	2	0	0	0	0	0	0	0	0	0	0	0	0	0
1653	chr7:50747479-53474313	SBS100	1	0	1	0	0	0	0	0	0	0	0	0	0	0	0	0
1654	chr7:50747479-53474313	SBS3	1	0	4	0	0	0	0	0	0	0	0	0	0	0	0	0
1655	chr7:50747479-53474313	SBS8	1	0	4	0	0	0	0	0	0	0	0	0	0	0	0	0
1656	chr7:53474314-54148544	SBS100	2	1	0	1	0	0	0	0	0	0	0	0	0	0	0	0
1657	chr7:53474314-54148544	SBS3	2	1	1	1	0	0	0	0	0	0	0	0	0	0	0	0
1658	chr7:53474314-54148544	SBS5	2	1	1	0	0	0	0	0	0	0	0	0	0	0	0	0
1659	chr7:53474314-54148544	SBS8	2	1	2	2	0	0	0	0	0	0	0	0	0	0	0	0
1660	chr7:54148684-54580539	SBS3	2	1	0	1	0	0	0	0	0	0	0	0	0	0	0	0
1661	chr7:54148684-54580539	SBS8	2	1	1	4	0	0	0	0	0	0	0	0	0	0	0	0
1662	chr7:54581749-59498943	SBS1	2	1	7	1	0	0	0	0	0	0	0	0	0	0	0	0
1663	chr7:54581749-59498943	SBS100	2	1	5	0	0	0	0	0	0	0	0	0	0	0	0	0
1664	chr7:54581749-59498943	SBS3	2	1	15	8	0	0	0	0	0	0	0	0	0	0	0	0
1665	chr7:54581749-59498943	SBS5	2	1	8	1	0	0	0	0	0	0	0	0	0	0	0	0
1666	chr7:54581749-59498943	SBS8	2	1	7	4	0	0	0	0	0	0	0	0	0	0	0	0
1667	chr7:59498944-69523990	SBS1	1	1	9	0	0	0	0	0	0	0	0	0	0	0	0	0
1668	chr7:59498944-69523990	SBS100	1	1	12	0	0	0	0	0	0	0	0	0	0	0	0	0
1669	chr7:59498944-69523990	SBS3	1	1	65	0	0	0	0	0	0	0	0	0	0	0	0	0
1670	chr7:59498944-69523990	SBS5	1	1	22	0	0	0	0	0	0	0	0	0	0	0	0	0
1671	chr7:59498944-69523990	SBS8	1	1	33	0	0	0	0	0	0	0	0	0	0	0	0	0
1672	chr7:69524093-84205986	SBS1	1	1	5	0	0	0	0	0	0	0	0	0	0	0	0	0
1673	chr7:69524093-84205986	SBS100	1	1	2	0	0	0	0	0	0	0	0	0	0	0	0	0
1674	chr7:69524093-84205986	SBS3	1	1	33	0	0	0	0	0	0	0	0	0	0	0	0	0
1675	chr7:69524093-84205986	SBS5	1	1	12	0	0	0	0	0	0	0	0	0	0	0	0	0
1676	chr7:69524093-84205986	SBS8	1	1	28	0	0	0	0	0	0	0	0	0	0	0	0	0
1677	chr7:84579107-89244755	SBS1	1	1	1	0	0	0	0	0	0	0	0	0	0	0	0	0
1678	chr7:84579107-89244755	SBS100	1	1	1	0	0	0	0	0	0	0	0	0	0	0	0	0
1679	chr7:84579107-89244755	SBS3	1	1	9	0	0	0	0	0	0	0	0	0	0	0	0	0
1680	chr7:84579107-89244755	SBS5	1	1	2	0	0	0	0	0	0	0	0	0	0	0	0	0
1681	chr7:84579107-89244755	SBS8	1	1	11	0	0	0	0	0	0	0	0	0	0	0	0	0
1682	chr7:8876299-13647121	SBS1	2	0	0	1	0	0	0	0	0	0	0	0	0	0	0	0
1683	chr7:8876299-13647121	SBS3	2	0	1	9	0	0	0	0	0	0	0	0	0	0	0	0
1684	chr7:8876299-13647121	SBS5	2	0	0	1	0	0	0	0	0	0	0	0	0	0	0	0
1685	chr7:8876299-13647121	SBS8	2	0	2	4	0	0	0	0	0	0	0	0	0	0	0	0
1686	chr7:89245820-91065812	SBS100	1	1	1	0	0	0	0	0	0	0	0	0	0	0	0	0
1687	chr7:89245820-91065812	SBS3	1	1	1	0	0	0	0	0	0	0	0	0	0	0	0	0
1688	chr7:89245820-91065812	SBS8	1	1	4	0	0	0	0	0	0	0	0	0	0	0	0	0
1689	chr7:91511341-93365885	SBS8	1	1	2	0	0	0	0	0	0	0	0	0	0	0	0	0
1690	chr7:93370882-96562846	SBS1	1	1	3	0	0	0	0	0	0	0	0	0	0	0	0	0
1691	chr7:93370882-96562846	SBS100	1	1	2	0	0	0	0	0	0	0	0	0	0	0	0	0
1692	chr7:93370882-96562846	SBS3	1	1	12	0	0	0	0	0	0	0	0	0	0	0	0	0
1693	chr7:93370882-96562846	SBS5	1	1	2	0	0	0	0	0	0	0	0	0	0	0	0	0
1694	chr7:93370882-96562846	SBS8	1	1	4	0	0	0	0	0	0	0	0	0	0	0	0	0
1695	chr7:96570825-112488401	SBS1	1	1	5	0	0	0	0	0	0	0	0	0	0	0	0	0
1696	chr7:96570825-112488401	SBS100	1	1	7	0	0	0	0	0	0	0	0	0	0	0	0	0
1697	chr7:96570825-112488401	SBS3	1	1	45	0	0	0	0	0	0	0	0	0	0	0	0	0
1698	chr7:96570825-112488401	SBS5	1	1	6	0	0	0	0	0	0	0	0	0	0	0	0	0
1699	chr7:96570825-112488401	SBS8	1	1	30	0	0	0	0	0	0	0	0	0	0	0	0	0
1700	chr8:1-26654230	SBS1	1	0	7	0	0	0	0	0	0	0	0	0	0	0	0	0
1701	chr8:1-26654230	SBS100	1	0	5	0	0	0	0	0	0	0	0	0	0	0	0	0
1702	chr8:1-26654230	SBS3	1	0	38	0	0	0	0	0	0	0	0	0	0	0	0	0
1703	chr8:1-26654230	SBS5	1	0	12	0	0	0	0	0	0	0	0	0	0	0	0	0
1704	chr8:1-26654230	SBS8	1	0	28	0	0	0	0	0	0	0	0	0	0	0	0	0
1705	chr8:100904783-102254399	SBS8	2	1	1	0	0	0	0	0	0	0	0	0	0	0	0	0
1706	chr8:102254400-107271536	SBS1	3	1	1	0	0	0	0	0	0	0	0	0	0	0	0	0
1707	chr8:102254400-107271536	SBS3	3	1	14	12	2	0	0	0	0	0	0	0	0	0	0	0
1708	chr8:102254400-107271536	SBS5	3	1	4	3	0	0	0	0	0	0	0	0	0	0	0	0
1709	chr8:102254400-107271536	SBS8	3	1	16	10	1	0	0	0	0	0	0	0	0	0	0	0
1710	chr8:107271537-113946529	SBS100	2	1	4	0	0	0	0	0	0	0	0	0	0	0	0	0
1711	chr8:107271537-113946529	SBS3	2	1	15	9	0	0	0	0	0	0	0	0	0	0	0	0
1712	chr8:107271537-113946529	SBS5	2	1	1	2	0	0	0	0	0	0	0	0	0	0	0	0
1713	chr8:107271537-113946529	SBS8	2	1	24	9	0	0	0	0	0	0	0	0	0	0	0	0
1714	chr8:113946530-118622349	SBS1	1	1	1	0	0	0	0	0	0	0	0	0	0	0	0	0
1715	chr8:113946530-118622349	SBS3	1	1	8	0	0	0	0	0	0	0	0	0	0	0	0	0
1716	chr8:113946530-118622349	SBS5	1	1	7	0	0	0	0	0	0	0	0	0	0	0	0	0
1717	chr8:113946530-118622349	SBS8	1	1	13	0	0	0	0	0	0	0	0	0	0	0	0	0
1718	chr8:118622430-126529000	SBS1	1	1	1	0	0	0	0	0	0	0	0	0	0	0	0	0
1719	chr8:118622430-126529000	SBS100	1	1	1	0	0	0	0	0	0	0	0	0	0	0	0	0
1720	chr8:118622430-126529000	SBS3	1	1	24	0	0	0	0	0	0	0	0	0	0	0	0	0
1721	chr8:118622430-126529000	SBS8	1	1	10	0	0	0	0	0	0	0	0	0	0	0	0	0
1722	chr8:126565067-129477225	SBS1	3	1	2	1	0	0	0	0	0	0	0	0	0	0	0	0
1723	chr8:126565067-129477225	SBS100	3	1	1	1	0	0	0	0	0	0	0	0	0	0	0	0
1724	chr8:126565067-129477225	SBS3	3	1	6	9	0	0	0	0	0	0	0	0	0	0	0	0
1725	chr8:126565067-129477225	SBS5	3	1	0	1	0	0	0	0	0	0	0	0	0	0	0	0
1726	chr8:126565067-129477225	SBS8	3	1	5	4	0	0	0	0	0	0	0	0	0	0	0	0
1727	chr8:129477283-130145118	SBS3	3	1	0	2	0	0	0	0	0	0	0	0	0	0	0	0
1728	chr8:129477283-130145118	SBS5	3	1	0	1	0	0	0	0	0	0	0	0	0	0	0	0
1729	chr8:129477283-130145118	SBS8	3	1	0	1	0	0	0	0	0	0	0	0	0	0	0	0
1730	chr8:130145119-130145197	SBS5	2	1	0	1	0	0	0	0	0	0	0	0	0	0	0	0
1731	chr8:130145119-130145197	SBS8	2	1	1	1	0	0	0	0	0	0	0	0	0	0	0	0
1732	chr8:130145198-131853343	SBS1	3	1	0	0	1	0	0	0	0	0	0	0	0	0	0	0
1733	chr8:130145198-131853343	SBS3	3	1	5	2	0	0	0	0	0	0	0	0	0	0	0	0
1734	chr8:130145198-131853343	SBS5	3	1	0	1	1	0	0	0	0	0	0	0	0	0	0	0
1735	chr8:130145198-131853343	SBS8	3	1	4	4	1	0	0	0	0	0	0	0	0	0	0	0
1736	chr8:132071731-132525504	SBS100	2	1	1	0	0	0	0	0	0	0	0	0	0	0	0	0
1737	chr8:132071731-132525504	SBS3	2	1	3	0	0	0	0	0	0	0	0	0	0	0	0	0
1738	chr8:132071731-132525504	SBS5	2	1	1	0	0	0	0	0	0	0	0	0	0	0	0	0
1739	chr8:132699725-133585865	SBS3	2	1	3	2	0	0	0	0	0	0	0	0	0	0	0	0
1740	chr8:132699725-133585865	SBS8	2	1	3	0	0	0	0	0	0	0	0	0	0	0	0	0
1741	chr8:133586315-138607796	SBS1	2	1	0	3	0	0	0	0	0	0	0	0	0	0	0	0
1742	chr8:133586315-138607796	SBS100	2	1	1	0	0	0	0	0	0	0	0	0	0	0	0	0
1743	chr8:133586315-138607796	SBS3	2	1	18	8	0	0	0	0	0	0	0	0	0	0	0	0
1744	chr8:133586315-138607796	SBS5	2	1	1	0	0	0	0	0	0	0	0	0	0	0	0	0
1745	chr8:133586315-138607796	SBS8	2	1	17	6	0	0	0	0	0	0	0	0	0	0	0	0
1746	chr8:138607797-140976890	SBS1	3	1	1	0	0	0	0	0	0	0	0	0	0	0	0	0
1747	chr8:138607797-140976890	SBS100	3	1	1	2	0	0	0	0	0	0	0	0	0	0	0	0
1748	chr8:138607797-140976890	SBS3	3	1	6	8	0	0	0	0	0	0	0	0	0	0	0	0
1749	chr8:138607797-140976890	SBS5	3	1	0	1	0	0	0	0	0	0	0	0	0	0	0	0
1750	chr8:138607797-140976890	SBS8	3	1	7	4	0	0	0	0	0	0	0	0	0	0	0	0
1751	chr8:140977009-142281314	SBS1	3	1	0	1	0	0	0	0	0	0	0	0	0	0	0	0
1752	chr8:140977009-142281314	SBS3	3	1	2	3	0	0	0	0	0	0	0	0	0	0	0	0
1753	chr8:140977009-142281314	SBS5	3	1	0	1	0	0	0	0	0	0	0	0	0	0	0	0
1754	chr8:140977009-142281314	SBS8	3	1	1	2	0	0	0	0	0	0	0	0	0	0	0	0
1755	chr8:142287978-143272594	SBS1	3	1	1	1	0	0	0	0	0	0	0	0	0	0	0	0
1756	chr8:142287978-143272594	SBS100	3	1	1	0	0	0	0	0	0	0	0	0	0	0	0	0
1757	chr8:142287978-143272594	SBS3	3	1	5	3	0	0	0	0	0	0	0	0	0	0	0	0
1758	chr8:142287978-143272594	SBS5	3	1	1	0	0	0	0	0	0	0	0	0	0	0	0	0
1759	chr8:142287978-143272594	SBS8	3	1	6	1	0	0	0	0	0	0	0	0	0	0	0	0
1760	chr8:143272595-143915036	SBS1	2	1	0	1	0	0	0	0	0	0	0	0	0	0	0	0
1761	chr8:143272595-143915036	SBS100	2	1	1	0	0	0	0	0	0	0	0	0	0	0	0	0
1762	chr8:143272595-143915036	SBS3	2	1	4	2	0	0	0	0	0	0	0	0	0	0	0	0
1763	chr8:143272595-143915036	SBS8	2	1	1	1	0	0	0	0	0	0	0	0	0	0	0	0
1764	chr8:143915049-143917425	SBS3	2	1	1	0	0	0	0	0	0	0	0	0	0	0	0	0
1765	chr8:143915049-143917425	SBS8	2	1	0	1	0	0	0	0	0	0	0	0	0	0	0	0
1766	chr8:143917426-144502034	SBS1	1	1	1	0	0	0	0	0	0	0	0	0	0	0	0	0
1767	chr8:143917426-144502034	SBS3	1	1	2	0	0	0	0	0	0	0	0	0	0	0	0	0
1768	chr8:143917426-144502034	SBS5	1	1	4	0	0	0	0	0	0	0	0	0	0	0	0	0
1769	chr8:144502340-145138636	SBS3	1	1	3	0	0	0	0	0	0	0	0	0	0	0	0	0
1770	chr8:144502340-145138636	SBS5	1	1	1	0	0	0	0	0	0	0	0	0	0	0	0	0
1771	chr8:144502340-145138636	SBS8	1	1	1	0	0	0	0	0	0	0	0	0	0	0	0	0
1772	chr8:26654231-30600712	SBS1	1	1	2	0	0	0	0	0	0	0	0	0	0	0	0	0
1773	chr8:26654231-30600712	SBS3	1	1	15	0	0	0	0	0	0	0	0	0	0	0	0	0
1774	chr8:26654231-30600712	SBS5	1	1	1	0	0	0	0	0	0	0	0	0	0	0	0	0
1775	chr8:26654231-30600712	SBS8	1	1	7	0	0	0	0	0	0	0	0	0	0	0	0	0
1776	chr8:30600758-41972612	SBS1	1	1	2	0	0	0	0	0	0	0	0	0	0	0	0	0
1777	chr8:30600758-41972612	SBS100	1	1	4	0	0	0	0	0	0	0	0	0	0	0	0	0
1778	chr8:30600758-41972612	SBS3	1	1	30	0	0	0	0	0	0	0	0	0	0	0	0	0
1779	chr8:30600758-41972612	SBS5	1	1	9	0	0	0	0	0	0	0	0	0	0	0	0	0
1780	chr8:30600758-41972612	SBS8	1	1	30	0	0	0	0	0	0	0	0	0	0	0	0	0
1781	chr8:41973715-44955504	SBS3	1	1	3	0	0	0	0	0	0	0	0	0	0	0	0	0
1782	chr8:41973715-44955504	SBS5	1	1	1	0	0	0	0	0	0	0	0	0	0	0	0	0
1783	chr8:41973715-44955504	SBS8	1	1	3	0	0	0	0	0	0	0	0	0	0	0	0	0
1784	chr8:44955505-46754853	SBS100	1	1	1	0	0	0	0	0	0	0	0	0	0	0	0	0
1785	chr8:44955505-46754853	SBS3	1	1	2	0	0	0	0	0	0	0	0	0	0	0	0	0
1786	chr8:44955505-46754853	SBS8	1	1	2	0	0	0	0	0	0	0	0	0	0	0	0	0
1787	chr8:46754854-47672425	SBS3	2	1	3	0	0	0	0	0	0	0	0	0	0	0	0	0
1788	chr8:46754854-47672425	SBS5	2	1	1	0	0	0	0	0	0	0	0	0	0	0	0	0
1789	chr8:46754854-47672425	SBS8	2	1	1	2	0	0	0	0	0	0	0	0	0	0	0	0
1790	chr8:48099218-50292341	SBS100	2	1	2	0	0	0	0	0	0	0	0	0	0	0	0	0
1791	chr8:48099218-50292341	SBS3	2	1	6	2	0	0	0	0	0	0	0	0	0	0	0	0
1792	chr8:48099218-50292341	SBS5	2	1	1	1	0	0	0	0	0	0	0	0	0	0	0	0
1793	chr8:48099218-50292341	SBS8	2	1	5	1	0	0	0	0	0	0	0	0	0	0	0	0
1794	chr8:50292342-51822873	SBS3	3	2	0	2	1	0	0	0	0	0	0	0	0	0	0	0
1795	chr8:51822874-51943753	SBS100	3	3	0	1	0	0	0	0	0	0	0	0	0	0	0	0
1796	chr8:51822874-51943753	SBS3	3	3	0	1	0	0	0	0	0	0	0	0	0	0	0	0
1797	chr8:51822874-51943753	SBS5	3	3	0	0	1	0	0	0	0	0	0	0	0	0	0	0
1798	chr8:51945689-54009476	SBS3	3	1	4	3	2	0	0	0	0	0	0	0	0	0	0	0
1799	chr8:51945689-54009476	SBS5	3	1	0	0	1	0	0	0	0	0	0	0	0	0	0	0
1800	chr8:51945689-54009476	SBS8	3	1	2	2	2	0	0	0	0	0	0	0	0	0	0	0
1801	chr8:54065459-55099129	SBS3	1	1	4	0	0	0	0	0	0	0	0	0	0	0	0	0
1802	chr8:54065459-55099129	SBS8	1	1	4	0	0	0	0	0	0	0	0	0	0	0	0	0
1803	chr8:55099130-57940011	SBS1	2	1	4	1	0	0	0	0	0	0	0	0	0	0	0	0
1804	chr8:55099130-57940011	SBS3	2	1	9	4	0	0	0	0	0	0	0	0	0	0	0	0
1805	chr8:55099130-57940011	SBS5	2	1	7	0	0	0	0	0	0	0	0	0	0	0	0	0
1806	chr8:55099130-57940011	SBS8	2	1	6	5	0	0	0	0	0	0	0	0	0	0	0	0
1807	chr8:57940076-58573109	SBS1	2	1	0	1	0	0	0	0	0	0	0	0	0	0	0	0
1808	chr8:57940076-58573109	SBS3	2	1	4	0	0	0	0	0	0	0	0	0	0	0	0	0
1809	chr8:57940076-58573109	SBS5	2	1	0	1	0	0	0	0	0	0	0	0	0	0	0	0
1810	chr8:57940076-58573109	SBS8	2	1	1	1	0	0	0	0	0	0	0	0	0	0	0	0
1811	chr8:58573110-58616647	SBS100	3	1	1	0	0	0	0	0	0	0	0	0	0	0	0	0
1812	chr8:58684372-58700274	SBS3	6	1	1	0	0	0	0	0	0	0	0	0	0	0	0	0
1813	chr8:58700275-59076906	SBS3	5	1	2	0	0	0	0	0	0	0	0	0	0	0	0	0
1814	chr8:58700275-59076906	SBS5	5	1	0	0	1	0	0	0	0	0	0	0	0	0	0	0
1815	chr8:59076907-59167162	SBS1	6	1	0	1	0	0	0	0	0	0	0	0	0	0	0	0
1816	chr8:59167163-59209636	SBS3	4	1	1	0	0	0	0	0	0	0	0	0	0	0	0	0
1817	chr8:59209637-59325115	SBS1	3	1	0	1	1	0	0	0	0	0	0	0	0	0	0	0
1818	chr8:59333717-63330091	SBS1	1	1	2	0	0	0	0	0	0	0	0	0	0	0	0	0
1819	chr8:59333717-63330091	SBS100	1	1	1	0	0	0	0	0	0	0	0	0	0	0	0	0
1820	chr8:59333717-63330091	SBS3	1	1	15	0	0	0	0	0	0	0	0	0	0	0	0	0
1821	chr8:59333717-63330091	SBS5	1	1	2	0	0	0	0	0	0	0	0	0	0	0	0	0
1822	chr8:59333717-63330091	SBS8	1	1	7	0	0	0	0	0	0	0	0	0	0	0	0	0
1823	chr8:63331524-68505455	SBS1	1	1	2	0	0	0	0	0	0	0	0	0	0	0	0	0
1824	chr8:63331524-68505455	SBS100	1	1	3	0	0	0	0	0	0	0	0	0	0	0	0	0
1825	chr8:63331524-68505455	SBS3	1	1	14	0	0	0	0	0	0	0	0	0	0	0	0	0
1826	chr8:63331524-68505455	SBS5	1	1	2	0	0	0	0	0	0	0	0	0	0	0	0	0
1827	chr8:63331524-68505455	SBS8	1	1	12	0	0	0	0	0	0	0	0	0	0	0	0	0
1828	chr8:68506054-78963832	SBS1	1	1	5	0	0	0	0	0	0	0	0	0	0	0	0	0
1829	chr8:68506054-78963832	SBS100	1	1	2	0	0	0	0	0	0	0	0	0	0	0	0	0
1830	chr8:68506054-78963832	SBS3	1	1	38	0	0	0	0	0	0	0	0	0	0	0	0	0
1831	chr8:68506054-78963832	SBS5	1	1	6	0	0	0	0	0	0	0	0	0	0	0	0	0
1832	chr8:68506054-78963832	SBS8	1	1	26	0	0	0	0	0	0	0	0	0	0	0	0	0
1833	chr8:78972051-82192917	SBS3	1	1	1	0	0	0	0	0	0	0	0	0	0	0	0	0
1834	chr8:78972051-82192917	SBS5	1	1	3	0	0	0	0	0	0	0	0	0	0	0	0	0
1835	chr8:78972051-82192917	SBS8	1	1	4	0	0	0	0	0	0	0	0	0	0	0	0	0
1836	chr8:82193027-96823124	SBS1	1	1	4	0	0	0	0	0	0	0	0	0	0	0	0	0
1837	chr8:82193027-96823124	SBS100	1	1	6	0	0	0	0	0	0	0	0	0	0	0	0	0
1838	chr8:82193027-96823124	SBS3	1	1	38	0	0	0	0	0	0	0	0	0	0	0	0	0
1839	chr8:82193027-96823124	SBS5	1	1	14	0	0	0	0	0	0	0	0	0	0	0	0	0
1840	chr8:82193027-96823124	SBS8	1	1	37	0	0	0	0	0	0	0	0	0	0	0	0	0
1841	chr8:96823184-97867628	SBS3	1	1	1	0	0	0	0	0	0	0	0	0	0	0	0	0
1842	chr8:96823184-97867628	SBS8	1	1	1	0	0	0	0	0	0	0	0	0	0	0	0	0
1843	chr8:97867629-100904731	SBS1	2	1	1	0	0	0	0	0	0	0	0	0	0	0	0	0
1844	chr8:97867629-100904731	SBS3	2	1	11	0	0	0	0	0	0	0	0	0	0	0	0	0
1845	chr8:97867629-100904731	SBS5	2	1	2	0	0	0	0	0	0	0	0	0	0	0	0	0
1846	chr8:97867629-100904731	SBS8	2	1	3	1	0	0	0	0	0	0	0	0	0	0	0	0
1847	chr9:10106747-10117395	SBS5	10	0	0	1	0	0	0	0	0	0	0	0	0	0	0	0
1848	chr9:10106747-10117395	SBS8	10	0	0	0	1	0	0	0	0	0	0	0	0	0	0	0
1849	chr9:10127598-10174283	SBS100	10	0	0	1	0	0	0	0	0	0	0	0	0	0	0	0
1850	chr9:10127598-10174283	SBS3	10	0	0	1	0	0	0	0	0	0	0	0	0	0	0	0
1851	chr9:10127598-10174283	SBS8	10	0	0	0	1	0	0	0	0	0	0	0	0	0	0	0
1852	chr9:10229899-10260712	SBS5	8	0	1	0	0	0	0	0	0	0	0	0	0	0	0	0
1853	chr9:102557106-106031613	SBS3	2	0	6	2	0	0	0	0	0	0	0	0	0	0	0	0
1854	chr9:102557106-106031613	SBS5	2	0	1	0	0	0	0	0	0	0	0	0	0	0	0	0
1855	chr9:102557106-106031613	SBS8	2	0	5	0	0	0	0	0	0	0	0	0	0	0	0	0
1856	chr9:10260713-10263488	SBS100	16	0	0	0	0	0	0	0	1	0	0	0	0	0	0	0
1857	chr9:10317419-10475526	SBS100	13	0	0	0	1	0	0	0	0	0	0	0	0	0	0	0
1858	chr9:10317419-10475526	SBS3	13	0	0	0	1	0	0	0	0	0	0	0	0	0	0	0
1859	chr9:10475527-10478303	SBS3	11	0	2	0	0	0	0	0	0	0	0	0	0	0	0	0
1860	chr9:10478304-10502844	SBS3	11	0	0	1	0	0	0	0	0	0	0	0	0	0	0	0
1861	chr9:10594456-10643688	SBS8	11	0	0	1	0	0	0	0	0	0	0	0	0	0	0	0
1862	chr9:106031651-110821576	SBS1	2	0	2	0	0	0	0	0	0	0	0	0	0	0	0	0
1863	chr9:106031651-110821576	SBS100	2	0	3	0	0	0	0	0	0	0	0	0	0	0	0	0
1864	chr9:106031651-110821576	SBS3	2	0	6	2	0	0	0	0	0	0	0	0	0	0	0	0
1865	chr9:106031651-110821576	SBS5	2	0	1	0	0	0	0	0	0	0	0	0	0	0	0	0
1866	chr9:106031651-110821576	SBS8	2	0	4	2	0	0	0	0	0	0	0	0	0	0	0	0
1867	chr9:10875938-10915140	SBS3	19	0	0	0	0	1	0	0	0	0	0	0	0	0	0	0
1868	chr9:10974586-11045743	SBS5	15	0	0	1	0	0	0	0	0	0	0	0	0	0	0	0
1869	chr9:10974586-11045743	SBS8	15	0	0	1	0	0	0	0	0	0	0	0	0	0	0	0
1870	chr9:110830073-111859527	SBS3	2	0	1	0	0	0	0	0	0	0	0	0	0	0	0	0
1871	chr9:110830073-111859527	SBS8	2	0	1	0	0	0	0	0	0	0	0	0	0	0	0	0
1872	chr9:11102766-11132567	SBS3	17	0	0	1	0	0	0	0	0	0	0	0	0	0	0	0
1873	chr9:11157262-11230504	SBS5	13	0	0	1	0	0	0	0	0	0	0	0	0	0	0	0
1874	chr9:11157262-11230504	SBS8	13	0	0	1	0	0	0	0	0	0	0	0	0	0	0	0
1875	chr9:111972407-138394717	SBS1	2	0	5	3	0	0	0	0	0	0	0	0	0	0	0	0
1876	chr9:111972407-138394717	SBS100	2	0	4	1	0	0	0	0	0	0	0	0	0	0	0	0
1877	chr9:111972407-138394717	SBS3	2	0	31	23	0	0	0	0	0	0	0	0	0	0	0	0
1878	chr9:111972407-138394717	SBS5	2	0	4	2	0	0	0	0	0	0	0	0	0	0	0	0
1879	chr9:111972407-138394717	SBS8	2	0	26	11	0	0	0	0	0	0	0	0	0	0	0	0
1880	chr9:11230505-11283491	SBS100	14	0	0	1	0	0	0	0	0	0	0	0	0	0	0	0
1881	chr9:11230505-11283491	SBS3	14	0	0	0	0	0	0	0	0	1	0	0	0	0	0	0
1882	chr9:11230505-11283491	SBS8	14	0	0	0	1	0	0	0	0	0	0	0	0	0	0	0
1883	chr9:11283492-11409377	SBS8	6	0	1	0	0	0	0	0	0	0	0	0	0	0	0	0
1884	chr9:11409378-11487829	SBS3	8	0	1	0	0	0	0	0	0	0	0	0	0	0	0	0
1885	chr9:11409378-11487829	SBS8	8	0	1	0	0	0	0	0	0	0	1	0	0	0	0	0
1886	chr9:11503942-11505784	SBS3	12	0	0	0	0	0	0	0	0	0	0	1	0	0	0	0
1887	chr9:11544595-11564292	SBS8	19	0	0	0	1	0	0	0	0	0	0	0	0	0	0	0
1888	chr9:11564293-11587650	SBS8	21	0	0	0	0	1	0	0	0	0	0	0	0	0	0	0
1889	chr9:11587651-11605127	SBS3	18	0	0	0	0	0	0	0	0	0	0	0	1	0	0	0
1890	chr9:11701889-11886171	SBS8	8	0	1	0	0	0	0	0	0	0	0	0	0	0	0	0
1891	chr9:11886172-11916047	SBS3	6	0	1	0	0	0	0	0	0	0	0	0	0	0	0	0
1892	chr9:11886172-11916047	SBS8	6	0	1	0	0	0	0	0	0	0	0	0	0	0	0	0
1893	chr9:12008066-12008411	SBS3	8	0	1	0	0	0	0	0	0	0	0	0	0	0	0	0
1894	chr9:12008412-12148653	SBS3	8	0	0	1	0	0	0	0	0	0	0	0	0	0	0	0
1895	chr9:12008412-12148653	SBS8	8	0	0	1	0	0	0	0	0	0	0	0	0	0	0	0
1896	chr9:12192258-12208686	SBS3	6	0	0	0	0	0	1	0	0	0	0	0	0	0	0	0
1897	chr9:12336597-12454882	SBS8	10	0	1	0	0	0	0	0	0	0	0	0	0	0	0	0
1898	chr9:12454883-13702156	SBS100	12	0	1	0	0	0	0	0	0	0	0	0	0	0	0	0
1899	chr9:12454883-13702156	SBS3	12	0	0	3	0	0	0	0	0	0	0	1	0	1	0	0
1900	chr9:12454883-13702156	SBS5	12	0	0	1	0	0	0	0	0	0	0	0	0	0	0	0
1901	chr9:12454883-13702156	SBS8	12	0	0	3	0	0	0	0	0	0	0	1	0	0	0	0
1902	chr9:13794161-13984574	SBS100	12	0	0	1	0	0	0	0	0	0	0	0	0	0	0	0
1903	chr9:13794161-13984574	SBS3	12	0	0	1	0	0	0	0	0	0	0	1	0	0	0	0
1904	chr9:13794161-13984574	SBS5	12	0	2	0	0	0	0	0	0	0	0	0	0	0	0	0
1905	chr9:14047837-14857970	SBS100	12	0	0	1	0	0	0	0	0	0	0	0	0	0	0	0
1906	chr9:14047837-14857970	SBS3	12	0	0	1	1	0	0	2	0	0	0	1	0	0	0	0
1907	chr9:14047837-14857970	SBS8	12	0	0	0	0	0	0	0	0	0	0	1	0	0	0	0
1908	chr9:14858041-15177382	SBS3	12	0	0	0	0	0	0	0	0	0	0	1	0	0	0	0
1909	chr9:14858041-15177382	SBS8	12	0	0	1	0	0	0	0	0	0	0	0	0	0	0	0
1910	chr9:15177418-15791000	SBS100	12	0	0	0	1	0	0	0	0	0	0	0	0	0	0	0
1911	chr9:15177418-15791000	SBS3	12	0	0	3	1	0	0	0	0	0	0	1	0	0	0	0
1912	chr9:15177418-15791000	SBS5	12	0	0	2	1	0	0	0	0	0	0	0	0	0	0	0
1913	chr9:15177418-15791000	SBS8	12	0	0	0	1	0	0	0	0	0	0	1	0	0	0	0
1914	chr9:15927000-16016808	SBS100	8	0	0	1	0	0	0	0	0	0	0	0	0	0	0	0
1915	chr9:15927000-16016808	SBS8	8	0	0	0	0	1	0	0	0	0	0	0	0	0	0	0
1916	chr9:16080487-16113935	SBS100	10	0	0	1	0	0	0	0	0	0	0	0	0	0	0	0
1917	chr9:16572264-16612920	SBS3	12	0	0	0	1	0	0	0	0	0	0	0	0	0	0	0
1918	chr9:16572264-16612920	SBS5	12	0	0	0	0	0	0	0	0	0	0	1	0	0	0	0
1919	chr9:16766362-16811547	SBS3	8	0	0	1	0	0	0	0	0	0	0	0	0	0	0	0
1920	chr9:16884064-16894954	SBS1	12	0	0	0	0	0	0	0	0	0	0	1	0	0	0	0
1921	chr9:16884064-16894954	SBS3	12	0	0	1	0	0	0	0	0	0	0	0	0	0	0	0
1922	chr9:16934905-16984191	SBS3	10	0	0	1	0	0	0	0	0	0	0	0	0	0	0	0
1923	chr9:16934905-16984191	SBS8	10	0	0	1	0	0	0	0	0	0	0	0	0	0	0	0
1924	chr9:17007422-17498894	SBS3	1	0	4	0	0	0	0	0	0	0	0	0	0	0	0	0
1925	chr9:17785191-17795961	SBS100	9	0	0	0	1	0	0	0	0	0	0	0	0	0	0	0
1926	chr9:17807320-18045892	SBS100	5	0	1	0	0	0	0	0	0	0	0	0	0	0	0	0
1927	chr9:17807320-18045892	SBS3	5	0	0	0	0	0	0	1	0	0	0	0	0	0	0	0
1928	chr9:17807320-18045892	SBS8	5	0	0	1	0	0	0	0	0	0	0	0	0	0	0	0
1929	chr9:18055975-18170528	SBS3	7	0	0	0	0	0	0	0	0	0	0	0	0	0	1	0
1930	chr9:18170529-18312429	SBS1	5	0	1	0	0	0	0	0	0	0	0	0	0	0	0	0
1931	chr9:18170529-18312429	SBS100	5	0	1	0	0	0	0	0	0	0	0	0	0	0	0	0
1932	chr9:18170529-18312429	SBS5	5	0	1	0	0	0	0	0	0	0	0	0	0	0	0	0
1933	chr9:18319352-18413990	SBS5	8	0	0	0	1	0	0	0	0	0	0	0	0	0	0	0
1934	chr9:18420511-21548852	SBS1	1	0	1	0	0	0	0	0	0	0	0	0	0	0	0	0
1935	chr9:18420511-21548852	SBS100	1	0	1	0	0	0	0	0	0	0	0	0	0	0	0	0
1936	chr9:18420511-21548852	SBS3	1	0	6	0	0	0	0	0	0	0	0	0	0	0	0	0
1937	chr9:18420511-21548852	SBS5	1	0	1	0	0	0	0	0	0	0	0	0	0	0	0	0
1938	chr9:18420511-21548852	SBS8	1	0	6	0	0	0	0	0	0	0	0	0	0	0	0	0
1939	chr9:22036382-29440135	SBS1	1	0	4	0	0	0	0	0	0	0	0	0	0	0	0	0
1940	chr9:22036382-29440135	SBS3	1	0	9	0	0	0	0	0	0	0	0	0	0	0	0	0
1941	chr9:22036382-29440135	SBS5	1	0	2	0	0	0	0	0	0	0	0	0	0	0	0	0
1942	chr9:22036382-29440135	SBS8	1	0	8	0	0	0	0	0	0	0	0	0	0	0	0	0
1943	chr9:291287-422431	SBS100	11	0	0	0	0	0	0	0	0	0	0	0	0	0	0	1
1944	chr9:291287-422431	SBS8	11	0	0	0	1	0	0	0	0	0	0	0	0	0	0	0
1945	chr9:29440136-36132805	SBS1	1	1	2	0	0	0	0	0	0	0	0	0	0	0	0	0
1946	chr9:29440136-36132805	SBS100	1	1	3	0	0	0	0	0	0	0	0	0	0	0	0	0
1947	chr9:29440136-36132805	SBS3	1	1	12	0	0	0	0	0	0	0	0	0	0	0	0	0
1948	chr9:29440136-36132805	SBS5	1	1	2	0	0	0	0	0	0	0	0	0	0	0	0	0
1949	chr9:29440136-36132805	SBS8	1	1	16	0	0	0	0	0	0	0	0	0	0	0	0	0
1950	chr9:3606307-5951990	SBS100	11	0	0	0	0	0	0	0	0	0	0	0	0	0	0	1
1951	chr9:3606307-5951990	SBS3	11	0	1	4	0	0	0	0	0	0	0	0	0	0	0	5
1952	chr9:3606307-5951990	SBS5	11	0	0	0	0	0	0	0	0	0	0	0	0	0	0	1
1953	chr9:3606307-5951990	SBS8	11	0	1	4	1	0	0	0	0	0	0	0	0	0	0	1
1954	chr9:36132859-38736215	SBS1	1	1	2	0	0	0	0	0	0	0	0	0	0	0	0	0
1955	chr9:36132859-38736215	SBS100	1	1	1	0	0	0	0	0	0	0	0	0	0	0	0	0
1956	chr9:36132859-38736215	SBS3	1	1	9	0	0	0	0	0	0	0	0	0	0	0	0	0
1957	chr9:36132859-38736215	SBS5	1	1	1	0	0	0	0	0	0	0	0	0	0	0	0	0
1958	chr9:36132859-38736215	SBS8	1	1	2	0	0	0	0	0	0	0	0	0	0	0	0	0
1959	chr9:38737210-44377362	SBS1	1	1	2	0	0	0	0	0	0	0	0	0	0	0	0	0
1960	chr9:38737210-44377362	SBS100	1	1	1	0	0	0	0	0	0	0	0	0	0	0	0	0
1961	chr9:38737210-44377362	SBS3	1	1	29	0	0	0	0	0	0	0	0	0	0	0	0	0
1962	chr9:38737210-44377362	SBS5	1	1	5	0	0	0	0	0	0	0	0	0	0	0	0	0
1963	chr9:38737210-44377362	SBS8	1	1	9	0	0	0	0	0	0	0	0	0	0	0	0	0
1964	chr9:422479-596130	SBS3	10	0	0	2	0	0	0	0	0	0	0	0	0	0	0	0
1965	chr9:44377363-72763112	SBS1	1	1	4	0	0	0	0	0	0	0	0	0	0	0	0	0
1966	chr9:44377363-72763112	SBS100	1	1	3	0	0	0	0	0	0	0	0	0	0	0	0	0
1967	chr9:44377363-72763112	SBS3	1	1	38	0	0	0	0	0	0	0	0	0	0	0	0	0
1968	chr9:44377363-72763112	SBS5	1	1	9	0	0	0	0	0	0	0	0	0	0	0	0	0
1969	chr9:44377363-72763112	SBS8	1	1	13	0	0	0	0	0	0	0	0	0	0	0	0	0
1970	chr9:5952064-6538850	SBS3	11	0	0	1	2	0	0	0	0	0	0	0	0	0	0	0
1971	chr9:5952064-6538850	SBS8	11	0	2	1	0	0	0	0	0	0	0	0	0	0	0	0
1972	chr9:596131-848978	SBS100	8	0	0	1	0	0	0	0	0	0	0	0	0	0	0	0
1973	chr9:596131-848978	SBS3	8	0	5	2	0	0	0	0	0	0	0	0	0	0	0	0
1974	chr9:596131-848978	SBS5	8	0	2	0	0	0	0	0	0	0	0	0	0	0	0	0
1975	chr9:596131-848978	SBS8	8	0	1	1	0	0	0	0	0	0	0	0	0	0	0	0
1976	chr9:6538943-7369361	SBS1	11	0	0	1	0	0	0	0	0	0	0	0	0	0	0	0
1977	chr9:6538943-7369361	SBS3	11	0	0	2	1	0	0	0	0	0	0	0	0	0	0	0
1978	chr9:6538943-7369361	SBS5	11	0	0	1	0	0	0	0	0	0	0	0	0	0	0	0
1979	chr9:6538943-7369361	SBS8	11	0	1	0	2	0	0	0	0	0	0	0	0	0	0	0
1980	chr9:67746-239284	SBS3	11	0	0	0	0	1	0	0	0	0	0	0	0	0	1	0
1981	chr9:67746-239284	SBS8	11	0	0	0	0	1	0	1	0	0	0	0	0	0	0	0
1982	chr9:72763119-83290257	SBS1	1	1	2	0	0	0	0	0	0	0	0	0	0	0	0	0
1983	chr9:72763119-83290257	SBS100	1	1	4	0	0	0	0	0	0	0	0	0	0	0	0	0
1984	chr9:72763119-83290257	SBS3	1	1	28	0	0	0	0	0	0	0	0	0	0	0	0	0
1985	chr9:72763119-83290257	SBS5	1	1	6	0	0	0	0	0	0	0	0	0	0	0	0	0
1986	chr9:72763119-83290257	SBS8	1	1	24	0	0	0	0	0	0	0	0	0	0	0	0	0
1987	chr9:7369362-8740574	SBS100	12	0	0	1	2	0	0	0	0	0	0	0	0	0	0	0
1988	chr9:7369362-8740574	SBS3	12	0	0	2	0	2	0	0	0	0	0	2	0	0	0	0
1989	chr9:7369362-8740574	SBS5	12	0	0	1	1	0	0	0	0	0	0	1	0	0	0	0
1990	chr9:7369362-8740574	SBS8	12	0	0	4	1	1	0	0	0	0	0	1	0	0	0	0
1991	chr9:83290273-93354050	SBS1	1	1	3	0	0	0	0	0	0	0	0	0	0	0	0	0
1992	chr9:83290273-93354050	SBS100	1	1	3	0	0	0	0	0	0	0	0	0	0	0	0	0
1993	chr9:83290273-93354050	SBS3	1	1	31	0	0	0	0	0	0	0	0	0	0	0	0	0
1994	chr9:83290273-93354050	SBS5	1	1	5	0	0	0	0	0	0	0	0	0	0	0	0	0
1995	chr9:83290273-93354050	SBS8	1	1	20	0	0	0	0	0	0	0	0	0	0	0	0	0
1996	chr9:848979-3606306	SBS1	10	0	1	0	1	0	0	0	0	0	0	0	0	0	0	0
1997	chr9:848979-3606306	SBS3	10	0	1	5	1	0	0	0	0	0	0	0	0	2	0	0
1998	chr9:848979-3606306	SBS5	10	0	0	4	0	0	0	0	0	0	0	0	0	1	0	0
1999	chr9:848979-3606306	SBS8	10	0	1	5	0	0	0	0	0	0	0	0	0	0	0	0
2000	chr9:8869489-9266071	SBS1	10	0	0	1	0	0	0	0	0	0	0	0	0	0	0	0
2001	chr9:8869489-9266071	SBS3	10	0	0	2	0	0	0	0	0	0	0	0	0	1	0	0
2002	chr9:8869489-9266071	SBS8	10	0	0	2	0	0	0	0	0	0	0	0	0	0	0	0
2003	chr9:9285797-9467608	SBS8	12	0	0	1	0	0	0	0	0	0	0	1	0	0	0	0
2004	chr9:93354051-96393272	SBS100	1	1	1	0	0	0	0	0	0	0	0	0	0	0	0	0
2005	chr9:93354051-96393272	SBS3	1	1	11	0	0	0	0	0	0	0	0	0	0	0	0	0
2006	chr9:93354051-96393272	SBS5	1	1	2	0	0	0	0	0	0	0	0	0	0	0	0	0
2007	chr9:93354051-96393272	SBS8	1	1	4	0	0	0	0	0	0	0	0	0	0	0	0	0
2008	chr9:9526557-9570090	SBS8	14	0	0	1	0	0	0	0	0	0	0	0	0	0	0	0
2009	chr9:9628824-9752546	SBS3	12	0	0	0	0	0	0	0	0	0	0	1	0	0	0	0
2010	chr9:9628824-9752546	SBS8	12	0	0	1	1	0	0	0	0	0	0	1	0	0	0	0
2011	chr9:96393327-96746742	SBS3	1	1	3	0	0	0	0	0	0	0	0	0	0	0	0	0
2012	chr9:96393327-96746742	SBS8	1	1	1	0	0	0	0	0	0	0	0	0	0	0	0	0
2013	chr9:96746743-102557105	SBS100	1	0	1	0	0	0	0	0	0	0	0	0	0	0	0	0
2014	chr9:96746743-102557105	SBS3	1	0	13	0	0	0	0	0	0	0	0	0	0	0	0	0
2015	chr9:96746743-102557105	SBS8	1	0	8	0	0	0	0	0	0	0	0	0	0	0	0	0
2016	chr9:9753011-9820843	SBS5	12	0	0	1	0	0	0	0	0	0	0	0	0	0	0	0
2017	chr9:9753011-9820843	SBS8	12	0	0	1	0	0	0	0	0	0	0	0	0	0	0	0
2018	chr9:9886581-9952681	SBS3	12	0	0	1	0	0	0	0	0	0	0	0	0	0	0	0
2019	chr9:9952682-10004325	SBS1	10	0	0	0	0	0	0	0	0	0	0	0	0	1	0	0
2020	chr9:9952682-10004325	SBS8	10	0	0	1	0	0	0	0	0	0	0	0	0	0	0	0
