	segment_id	sig_max	major_cn	minor_cn	N8	N2	N3	N1	N4	N5	N7	N6
0	chr10:1-260000	SBS3	8	0	1	0	0	0	0	0	0	0
1	chr10:100207001-100567000	SBS1	3	0	0	1	0	0	0	0	0	0
2	chr10:100207001-100567000	SBS3	3	0	0	1	1	0	0	0	0	0
3	chr10:100567001-100889000	SBS3	2	0	0	1	0	0	0	0	0	0
4	chr10:101069001-101773000	SBS3	3	0	0	0	2	1	0	0	0	0
5	chr10:101773001-102113625	SBS100	3	0	0	1	0	0	0	0	0	0
6	chr10:101773001-102113625	SBS3	3	0	0	1	0	0	0	0	0	0
7	chr10:102113746-102871000	SBS3	3	0	0	2	1	0	0	0	0	0
8	chr10:103198001-103638000	SBS100	3	0	0	0	0	1	0	0	0	0
9	chr10:103198001-103638000	SBS3	3	0	0	1	2	1	0	0	0	0
10	chr10:103638001-104027000	SBS3	3	1	0	1	1	0	0	0	0	0
11	chr10:104357001-104630000	SBS3	2	0	0	1	0	1	0	0	0	0
12	chr10:104630001-109845000	SBS1	2	0	0	0	0	1	0	0	0	0
13	chr10:104630001-109845000	SBS3	2	0	0	14	0	13	0	0	0	0
14	chr10:109845001-110318000	SBS3	4	0	0	1	1	1	1	0	0	0
15	chr10:110318001-110818000	SBS3	3	0	0	1	1	0	0	0	0	0
16	chr10:11053328-11464000	SBS3	3	0	0	0	1	0	0	0	0	0
17	chr10:111032001-112130000	SBS1	2	0	0	1	0	0	0	0	0	0
18	chr10:111032001-112130000	SBS3	2	0	0	1	0	6	0	0	0	0
19	chr10:112357001-112855000	SBS3	4	0	0	0	1	0	0	0	0	0
20	chr10:112943001-113144000	SBS3	4	0	0	0	1	0	0	0	0	0
21	chr10:113144001-113710078	SBS3	3	0	0	1	0	2	0	0	0	0
22	chr10:113710132-114986000	SBS3	3	0	0	1	2	2	0	0	0	0
23	chr10:1141001-2849655	SBS1	4	0	0	0	0	1	1	0	0	0
24	chr10:1141001-2849655	SBS3	4	0	0	10	0	1	1	0	0	0
25	chr10:11464001-11615000	SBS3	4	1	0	0	0	1	1	0	0	0
26	chr10:114986001-115219000	SBS3	2	0	0	1	0	0	0	0	0	0
27	chr10:115219001-116786000	SBS3	2	0	0	4	0	2	0	0	0	0
28	chr10:11615001-12726000	SBS3	3	0	0	0	2	0	0	0	0	0
29	chr10:116786001-117018000	SBS3	3	0	0	0	1	0	0	0	0	0
30	chr10:117387001-117983000	SBS3	2	0	0	0	0	2	0	0	0	0
31	chr10:118052001-118181180	SBS3	2	0	0	1	0	0	0	0	0	0
32	chr10:118198906-118680000	SBS3	3	0	0	0	2	0	0	0	0	0
33	chr10:118758001-119024000	SBS3	3	0	0	0	2	0	0	0	0	0
34	chr10:119024001-119944000	SBS3	3	0	0	2	1	0	0	0	0	0
35	chr10:119944001-120724000	SBS3	2	0	0	2	0	1	0	0	0	0
36	chr10:120724001-120799000	SBS3	4	0	0	2	0	0	0	0	0	0
37	chr10:121729501-121944000	SBS1	5	0	0	0	0	0	0	1	0	0
38	chr10:121729501-121944000	SBS3	5	0	0	0	0	0	0	1	0	0
39	chr10:121944001-122373000	SBS3	5	0	0	0	1	0	0	1	0	0
40	chr10:122443001-122930000	SBS3	4	0	0	0	0	1	0	0	0	0
41	chr10:122930001-123189000	SBS3	4	0	0	1	0	0	0	0	0	0
42	chr10:123189001-123974000	SBS3	3	0	0	2	1	0	0	0	0	0
43	chr10:123974001-124192220	SBS1	4	0	0	0	0	1	0	0	0	0
44	chr10:123974001-124192220	SBS3	4	0	0	1	0	2	0	0	0	0
45	chr10:124199756-124388000	SBS3	3	0	0	0	0	1	0	0	0	0
46	chr10:125163001-125688000	SBS3	4	0	0	1	0	0	0	0	0	0
47	chr10:125688001-125885000	SBS3	5	0	0	0	0	0	1	1	0	0
48	chr10:125885001-127415000	SBS3	4	0	0	1	1	0	0	0	0	0
49	chr10:12726001-13014000	SBS3	3	0	0	3	0	0	0	0	0	0
50	chr10:127415001-127876000	SBS3	3	0	0	1	1	0	0	0	0	0
51	chr10:127876001-128281000	SBS3	3	0	0	0	2	1	0	0	0	0
52	chr10:128281001-128464000	SBS3	2	0	0	0	0	1	0	0	0	0
53	chr10:128464001-130106000	SBS1	3	0	0	1	0	0	0	0	0	0
54	chr10:128464001-130106000	SBS3	3	0	0	2	3	3	0	0	0	0
55	chr10:130200501-131868000	SBS1	2	0	0	2	0	1	0	0	0	0
56	chr10:130200501-131868000	SBS100	2	0	0	0	0	2	0	0	0	0
57	chr10:130200501-131868000	SBS3	2	0	0	2	0	4	0	0	0	0
58	chr10:132305001-132669000	SBS3	5	0	0	0	2	0	1	1	0	0
59	chr10:132669001-133797422	SBS3	3	0	0	1	3	0	0	0	0	0
60	chr10:13759640-14044000	SBS100	3	0	0	0	1	0	0	0	0	0
61	chr10:13759640-14044000	SBS3	3	0	0	0	0	1	0	0	0	0
62	chr10:14044001-14485000	SBS3	3	0	0	2	1	0	0	0	0	0
63	chr10:14485001-14674000	SBS3	4	1	0	0	1	0	0	0	0	0
64	chr10:14674001-15389000	SBS1	4	0	0	0	0	1	0	0	0	0
65	chr10:14674001-15389000	SBS3	4	0	0	1	0	7	1	0	0	0
66	chr10:15389001-15771000	SBS1	3	0	0	0	1	0	0	0	0	0
67	chr10:15885001-16405000	SBS3	2	0	0	1	0	2	0	0	0	0
68	chr10:16765001-17194000	SBS100	4	0	0	2	0	0	0	0	0	0
69	chr10:16765001-17194000	SBS3	4	0	0	2	0	1	1	0	0	0
70	chr10:17242001-17745000	SBS3	4	0	0	0	2	0	1	0	0	0
71	chr10:17875001-18605000	SBS1	2	0	0	1	0	0	0	0	0	0
72	chr10:17875001-18605000	SBS3	2	0	0	2	0	0	0	0	0	0
73	chr10:18692001-19772500	SBS3	2	0	0	3	0	5	0	0	0	0
74	chr10:19772501-20272500	SBS3	3	0	0	1	1	0	0	0	0	0
75	chr10:20272501-20775000	SBS3	2	0	0	0	0	1	0	0	0	0
76	chr10:20775001-21488000	SBS3	3	0	0	2	3	0	0	0	0	0
77	chr10:21488001-22603000	SBS3	4	0	0	0	3	1	0	0	0	0
78	chr10:22716001-23128000	SBS3	3	0	0	2	3	3	0	0	0	0
79	chr10:23128001-24196000	SBS100	3	0	0	0	0	1	0	0	0	0
80	chr10:23128001-24196000	SBS3	3	0	0	2	2	1	0	0	0	0
81	chr10:24196001-25087000	SBS3	4	0	0	0	0	0	1	0	0	0
82	chr10:25087001-26326000	SBS3	2	0	0	2	0	2	0	0	0	0
83	chr10:260001-1141000	SBS3	7	0	0	1	1	0	0	0	3	0
84	chr10:26326001-26713000	SBS3	3	0	0	1	0	2	0	0	0	0
85	chr10:26713001-26886000	SBS3	4	1	0	0	0	1	0	0	0	0
86	chr10:27577001-28095000	SBS3	3	0	0	0	3	0	0	0	0	0
87	chr10:2849656-3131000	SBS3	4	0	0	1	1	0	2	0	0	0
88	chr10:28630001-29475525	SBS1	4	0	0	0	0	0	1	0	0	0
89	chr10:28630001-29475525	SBS3	4	0	0	2	0	1	2	0	0	0
90	chr10:29493433-29740000	SBS3	4	0	0	2	0	0	0	0	0	0
91	chr10:29740001-30523484	SBS3	3	0	0	1	0	2	0	0	0	0
92	chr10:30523485-31804000	SBS1	4	2	0	0	0	2	1	0	0	0
93	chr10:30523485-31804000	SBS100	4	2	0	1	1	0	0	0	0	0
94	chr10:30523485-31804000	SBS3	4	2	0	1	2	0	1	0	0	0
95	chr10:3131001-4408578	SBS100	5	0	0	0	0	0	1	0	0	0
96	chr10:3131001-4408578	SBS3	5	0	0	0	2	0	0	5	0	0
97	chr10:31804001-32064000	SBS3	4	3	0	0	0	0	2	0	0	0
98	chr10:32311001-32386000	SBS3	5	3	0	0	0	0	1	0	0	0
99	chr10:32386001-32883000	SBS3	3	1	0	1	1	1	0	0	0	0
100	chr10:32883001-33011000	SBS3	4	2	0	0	0	0	1	0	0	0
101	chr10:33011001-33614149	SBS3	3	2	0	1	2	0	0	0	0	0
102	chr10:33614150-34121000	SBS100	1	0	0	0	0	1	0	0	0	0
103	chr10:33614150-34121000	SBS3	1	0	0	0	0	2	0	0	0	0
104	chr10:34818001-34994000	SBS3	1	0	0	0	0	1	0	0	0	0
105	chr10:35582001-37138511	SBS1	1	0	0	0	0	2	0	0	0	0
106	chr10:35582001-37138511	SBS3	1	0	0	0	0	4	0	0	0	0
107	chr10:37138512-37743000	SBS3	1	1	0	0	0	3	0	0	0	0
108	chr10:37743001-37949000	SBS3	2	1	0	0	0	1	0	0	0	0
109	chr10:37949001-38111000	SBS3	3	1	0	1	0	0	0	0	0	0
110	chr10:38267001-39360000	SBS3	2	1	0	3	0	1	0	0	0	0
111	chr10:39360001-40640101	SBS3	1	0	0	0	0	2	0	0	0	0
112	chr10:40640102-42540000	SBS3	1	1	0	0	0	1	0	0	0	0
113	chr10:42540001-43098000	SBS1	2	1	0	1	0	0	0	0	0	0
114	chr10:42540001-43098000	SBS3	2	1	0	0	0	7	0	0	0	0
115	chr10:43098001-43467000	SBS3	2	2	0	2	0	0	0	0	0	0
116	chr10:43506806-44910000	SBS3	1	0	0	0	0	4	0	0	0	0
117	chr10:4421454-5396000	SBS3	5	0	0	0	1	0	0	1	0	0
118	chr10:45017001-45392500	SBS3	1	0	0	0	0	3	0	0	0	0
119	chr10:45392501-48289000	SBS1	2	0	0	1	0	1	0	0	0	0
120	chr10:45392501-48289000	SBS3	2	0	0	3	0	3	0	0	0	0
121	chr10:48702431-49485000	SBS3	3	0	0	0	1	1	0	0	0	0
122	chr10:49554001-50151000	SBS3	2	0	0	0	0	2	0	0	0	0
123	chr10:50151001-50312000	SBS3	3	0	0	0	0	3	0	0	0	0
124	chr10:50312001-50764500	SBS3	4	1	0	0	0	0	1	0	0	0
125	chr10:50764501-52258000	SBS1	3	0	0	0	1	0	0	0	0	0
126	chr10:50764501-52258000	SBS3	3	0	0	2	4	1	0	0	0	0
127	chr10:52258001-52669000	SBS3	3	0	0	0	1	0	0	0	0	0
128	chr10:53074001-54836567	SBS3	2	0	0	2	0	5	0	0	0	0
129	chr10:5396001-6152000	SBS1	6	0	0	0	1	0	0	0	0	0
130	chr10:5396001-6152000	SBS100	6	0	0	0	1	0	0	0	0	0
131	chr10:5396001-6152000	SBS3	6	0	0	0	0	0	0	0	0	2
132	chr10:54836602-56267000	SBS3	2	0	0	6	0	2	0	0	0	0
133	chr10:56384001-58165000	SBS3	2	0	0	4	0	3	0	0	0	0
134	chr10:58165001-58477000	SBS3	4	0	0	1	0	0	2	0	0	0
135	chr10:58477001-59572000	SBS3	2	0	0	3	0	0	0	0	0	0
136	chr10:59572001-61717000	SBS1	4	0	0	0	0	0	1	0	0	0
137	chr10:59572001-61717000	SBS3	4	0	0	0	2	0	1	0	0	0
138	chr10:6152001-6618000	SBS3	4	0	0	0	1	2	1	0	0	0
139	chr10:62272001-63130500	SBS3	3	0	0	0	1	0	0	0	0	0
140	chr10:63130501-63735000	SBS3	4	0	0	1	1	0	0	0	0	0
141	chr10:63735001-67759000	SBS1	3	0	0	1	0	0	0	0	0	0
142	chr10:63735001-67759000	SBS3	3	0	0	5	5	0	0	0	0	0
143	chr10:6618001-6894000	SBS1	4	0	0	0	0	1	0	0	0	0
144	chr10:6618001-6894000	SBS3	4	0	0	3	0	0	0	0	0	0
145	chr10:67759001-69315000	SBS3	3	0	0	1	4	1	0	0	0	0
146	chr10:6894001-7527000	SBS3	5	0	0	1	0	0	0	2	0	0
147	chr10:69483001-70112000	SBS1	3	0	0	0	1	0	0	0	0	0
148	chr10:69483001-70112000	SBS3	3	0	0	1	0	0	0	0	0	0
149	chr10:70504001-70788000	SBS3	3	0	0	1	0	0	0	0	0	0
150	chr10:70906001-71199000	SBS3	3	0	0	0	1	1	0	0	0	0
151	chr10:71199001-71689000	SBS3	3	0	0	1	2	0	0	0	0	0
152	chr10:71689001-72214000	SBS3	4	0	0	0	2	1	1	0	0	0
153	chr10:72214001-72366000	SBS3	5	1	0	0	0	0	1	0	0	0
154	chr10:72366001-73396000	SBS3	3	0	0	1	2	0	0	0	0	0
155	chr10:73396001-74650000	SBS3	4	0	0	0	0	0	3	0	0	0
156	chr10:74650001-74819000	SBS3	3	0	0	1	0	1	0	0	0	0
157	chr10:74819001-75245000	SBS3	4	0	0	2	0	1	0	0	0	0
158	chr10:75245001-75997265	SBS3	3	0	0	1	1	0	0	0	0	0
159	chr10:7527001-7753000	SBS100	4	0	0	0	1	0	0	0	0	0
160	chr10:7527001-7753000	SBS3	4	0	0	0	1	0	0	0	0	0
161	chr10:75997843-76973000	SBS3	2	0	0	1	0	5	0	0	0	0
162	chr10:76973001-77823000	SBS3	3	0	0	0	2	1	0	0	0	0
163	chr10:7753001-8881000	SBS1	5	0	0	0	0	0	0	2	0	0
164	chr10:7753001-8881000	SBS3	5	0	0	0	1	0	0	2	0	0
165	chr10:77823001-78060000	SBS3	4	0	0	0	0	0	1	0	0	0
166	chr10:78286001-79036000	SBS3	3	0	0	0	1	1	0	0	0	0
167	chr10:79036001-79461000	SBS100	4	0	0	0	1	0	0	0	0	0
168	chr10:79036001-79461000	SBS3	4	0	0	0	0	0	2	0	0	0
169	chr10:79461001-80138000	SBS100	3	0	0	0	0	1	0	0	0	0
170	chr10:79461001-80138000	SBS3	3	0	0	1	1	6	0	0	0	0
171	chr10:80138001-80231500	SBS3	4	1	0	0	0	0	1	0	0	0
172	chr10:80542001-84096000	SBS1	2	0	0	0	0	1	0	0	0	0
173	chr10:80542001-84096000	SBS3	2	0	0	9	0	12	0	0	0	0
174	chr10:84096001-84325000	SBS100	3	0	0	0	1	0	0	0	0	0
175	chr10:84096001-84325000	SBS3	3	0	0	1	3	0	0	0	0	0
176	chr10:84541001-86360000	SBS3	2	0	0	8	0	1	0	0	0	0
177	chr10:86360001-87960167	SBS1	4	0	0	0	1	0	0	0	0	0
178	chr10:86360001-87960167	SBS100	4	0	0	0	0	1	0	0	0	0
179	chr10:86360001-87960167	SBS3	4	0	0	0	0	1	4	0	0	0
180	chr10:87961503-88827000	SBS3	4	0	0	0	1	1	1	0	0	0
181	chr10:8881001-9347000	SBS3	4	0	0	2	1	0	0	0	0	0
182	chr10:89209001-89428000	SBS3	4	0	0	1	0	0	0	0	0	0
183	chr10:89428001-89890000	SBS1	3	0	0	0	0	1	0	0	0	0
184	chr10:89428001-89890000	SBS3	3	0	0	1	0	0	0	0	0	0
185	chr10:89890001-90718000	SBS3	2	0	0	4	0	0	0	0	0	0
186	chr10:90718001-91161000	SBS100	3	0	0	0	1	0	0	0	0	0
187	chr10:90718001-91161000	SBS3	3	0	0	1	3	0	0	0	0	0
188	chr10:91161001-91964113	SBS3	4	0	0	0	0	1	1	0	0	0
189	chr10:91965082-92332000	SBS100	4	0	0	0	0	1	0	0	0	0
190	chr10:91965082-92332000	SBS3	4	0	0	0	0	3	0	0	0	0
191	chr10:92332001-92841777	SBS3	3	0	0	1	2	1	0	0	0	0
192	chr10:92852161-93371000	SBS100	3	0	0	1	0	0	0	0	0	0
193	chr10:9347001-11053327	SBS100	3	0	0	0	1	0	0	0	0	0
194	chr10:9347001-11053327	SBS3	3	0	0	5	2	1	0	0	0	0
195	chr10:93518001-94623000	SBS3	4	0	0	1	0	0	0	0	0	0
196	chr10:94623001-95177000	SBS3	2	0	0	2	0	1	0	0	0	0
197	chr10:96998001-97220000	SBS1	3	0	0	0	0	1	0	0	0	0
198	chr10:96998001-97220000	SBS3	3	0	0	1	0	2	0	0	0	0
199	chr10:97220001-97801000	SBS100	4	0	0	0	1	0	0	0	0	0
200	chr10:97801001-98131000	SBS3	3	0	0	1	0	0	0	0	0	0
201	chr10:98131001-98494500	SBS3	4	0	0	3	0	0	1	0	0	0
202	chr10:98494501-98692000	SBS3	3	0	0	0	0	1	0	0	0	0
203	chr10:98692001-99350000	SBS3	2	0	0	1	0	1	0	0	0	0
204	chr10:99350001-100153000	SBS3	3	0	0	2	1	1	0	0	0	0
205	chr11:1-1062000	SBS1	2	0	0	0	0	1	0	0	0	0
206	chr11:1-1062000	SBS3	2	0	0	2	0	1	0	0	0	0
207	chr11:101053001-101831000	SBS3	1	0	0	0	0	2	0	0	0	0
208	chr11:102287001-102343086	SBS3	3	1	0	1	0	0	0	0	0	0
209	chr11:102500001-102641000	SBS3	4	0	0	0	0	0	1	0	0	0
210	chr11:103031001-103324891	SBS3	3	0	0	0	0	1	0	0	0	0
211	chr11:103324892-103580000	SBS3	1	0	0	0	0	2	0	0	0	0
212	chr11:103580001-104593000	SBS3	1	0	0	0	0	3	0	0	0	0
213	chr11:105113001-106010000	SBS3	1	0	0	0	0	2	0	0	0	0
214	chr11:106103001-107288000	SBS1	1	0	0	0	0	1	0	0	0	0
215	chr11:106103001-107288000	SBS3	1	0	0	0	0	6	0	0	0	0
216	chr11:107288001-108059000	SBS3	2	0	0	4	0	0	0	0	0	0
217	chr11:108059001-108948000	SBS3	2	0	0	1	0	2	0	0	0	0
218	chr11:108948001-109906000	SBS3	1	0	0	0	0	2	0	0	0	0
219	chr11:109906001-110199000	SBS3	2	0	0	0	0	2	0	0	0	0
220	chr11:110489001-111374000	SBS3	1	0	0	0	0	3	0	0	0	0
221	chr11:111374001-112298000	SBS3	2	0	0	1	0	0	0	0	0	0
222	chr11:11219001-11786000	SBS3	2	0	0	1	0	0	0	0	0	0
223	chr11:112298001-113723000	SBS3	1	0	0	0	0	3	0	0	0	0
224	chr11:113878001-114050000	SBS1	1	0	0	0	0	1	0	0	0	0
225	chr11:114474001-115166000	SBS3	1	0	0	0	0	2	0	0	0	0
226	chr11:116666001-116848000	SBS1	2	0	0	0	0	1	0	0	0	0
227	chr11:116666001-116848000	SBS3	2	0	0	0	0	1	0	0	0	0
228	chr11:117107001-117331000	SBS1	2	0	0	0	0	1	0	0	0	0
229	chr11:117107001-117331000	SBS3	2	0	0	0	0	2	0	0	0	0
230	chr11:117331001-117799000	SBS3	1	0	0	0	0	1	0	0	0	0
231	chr11:11786001-12289000	SBS3	2	0	0	0	0	1	0	0	0	0
232	chr11:118267001-119377000	SBS3	2	0	0	0	0	2	0	0	0	0
233	chr11:119377001-120288000	SBS3	1	0	0	0	0	1	0	0	0	0
234	chr11:120288001-120506000	SBS3	2	0	0	0	0	1	0	0	0	0
235	chr11:120506001-121015000	SBS100	1	0	0	0	0	1	0	0	0	0
236	chr11:120506001-121015000	SBS3	1	0	0	0	0	2	0	0	0	0
237	chr11:121015001-121093000	SBS3	2	0	0	0	0	1	0	0	0	0
238	chr11:121093001-121291000	SBS1	1	0	0	0	0	1	0	0	0	0
239	chr11:1211001-3704000	SBS1	2	0	0	0	0	1	0	0	0	0
240	chr11:1211001-3704000	SBS3	2	0	0	1	0	11	0	0	0	0
241	chr11:121657001-122648000	SBS3	1	0	0	0	0	1	0	0	0	0
242	chr11:122648001-122783000	SBS3	2	1	0	1	0	0	0	0	0	0
243	chr11:122783001-123584000	SBS100	2	0	0	1	0	0	0	0	0	0
244	chr11:122783001-123584000	SBS3	2	0	0	2	0	0	0	0	0	0
245	chr11:12289001-13260000	SBS3	2	0	0	1	0	1	0	0	0	0
246	chr11:123584001-124599000	SBS3	1	0	0	0	0	3	0	0	0	0
247	chr11:124599001-125688000	SBS1	2	0	0	1	0	0	0	0	0	0
248	chr11:124599001-125688000	SBS3	2	0	0	0	0	2	0	0	0	0
249	chr11:125870001-128023000	SBS100	2	0	0	0	0	1	0	0	0	0
250	chr11:125870001-128023000	SBS3	2	0	0	2	0	10	0	0	0	0
251	chr11:128023001-128846000	SBS1	3	1	0	0	0	1	0	0	0	0
252	chr11:128023001-128846000	SBS3	3	1	0	2	0	1	0	0	0	0
253	chr11:128846001-129464000	SBS3	3	0	0	2	0	0	0	0	0	0
254	chr11:129464001-129840000	SBS3	3	0	0	1	3	0	0	0	0	0
255	chr11:129840001-130327000	SBS3	3	0	0	1	1	0	0	0	0	0
256	chr11:130327001-130853000	SBS3	2	0	0	1	0	0	0	0	0	0
257	chr11:130853001-130946000	SBS3	3	0	0	0	0	1	0	0	0	0
258	chr11:130946001-133710000	SBS1	2	0	0	1	0	0	0	0	0	0
259	chr11:130946001-133710000	SBS3	2	0	0	6	0	12	0	0	0	0
260	chr11:133710001-134018000	SBS100	2	1	0	0	0	1	0	0	0	0
261	chr11:133710001-134018000	SBS3	2	1	0	1	0	1	0	0	0	0
262	chr11:134018001-134362000	SBS3	3	2	0	1	0	0	0	0	0	0
263	chr11:134362001-135086622	SBS3	3	1	0	7	1	2	0	0	0	0
264	chr11:13471501-13661000	SBS3	1	0	0	0	0	1	0	0	0	0
265	chr11:13733001-14246000	SBS3	1	0	0	0	0	2	0	0	0	0
266	chr11:14246001-14916000	SBS3	2	0	0	1	0	2	0	0	0	0
267	chr11:14916001-15619000	SBS3	1	0	0	0	0	2	0	0	0	0
268	chr11:15619001-16733000	SBS3	2	0	0	1	0	0	0	0	0	0
269	chr11:16733001-17365000	SBS3	2	0	0	2	0	1	0	0	0	0
270	chr11:17365001-17787000	SBS3	1	0	0	0	0	2	0	0	0	0
271	chr11:17787001-18780000	SBS3	2	0	0	2	0	2	0	0	0	0
272	chr11:18780001-19042000	SBS3	1	0	0	0	0	3	0	0	0	0
273	chr11:19357699-19705000	SBS3	3	2	0	4	3	0	0	0	0	0
274	chr11:19705001-20135000	SBS3	4	2	0	1	0	0	0	0	0	0
275	chr11:20135001-20331000	SBS3	3	2	0	1	0	0	0	0	0	0
276	chr11:20331001-20511000	SBS3	4	2	0	0	0	0	1	0	0	0
277	chr11:20511001-22604000	SBS1	2	1	0	1	0	1	0	0	0	0
278	chr11:20511001-22604000	SBS100	2	1	0	0	0	1	0	0	0	0
279	chr11:20511001-22604000	SBS3	2	1	0	16	0	4	0	0	0	0
280	chr11:22604001-22925000	SBS3	3	1	0	1	1	0	0	0	0	0
281	chr11:22925001-23680089	SBS3	2	1	0	2	0	2	0	0	0	0
282	chr11:23680090-24191641	SBS3	2	1	0	4	0	0	0	0	0	0
283	chr11:24191642-26516000	SBS1	2	1	0	1	0	0	0	0	0	0
284	chr11:24191642-26516000	SBS3	2	1	0	12	0	7	0	0	0	0
285	chr11:26516001-26590000	SBS3	3	2	0	1	0	0	0	0	0	0
286	chr11:26590001-27162000	SBS3	3	1	0	1	2	0	0	0	0	0
287	chr11:27338001-27518000	SBS3	4	2	0	0	0	0	1	0	0	0
288	chr11:27518001-28025000	SBS3	3	1	0	0	1	1	0	0	0	0
289	chr11:28025001-28134000	SBS3	4	2	0	0	0	0	3	0	0	0
290	chr11:28134001-28352000	SBS3	3	2	0	1	0	0	0	0	0	0
291	chr11:28352001-28865924	SBS3	3	1	0	1	0	1	0	0	0	0
292	chr11:28865925-30108000	SBS3	2	1	0	9	0	2	0	0	0	0
293	chr11:30108001-30310000	SBS3	3	1	0	0	1	0	0	0	0	0
294	chr11:30492001-30938000	SBS3	3	2	0	1	0	0	0	0	0	0
295	chr11:30938001-31200243	SBS1	3	1	0	0	1	0	0	0	0	0
296	chr11:30938001-31200243	SBS3	3	1	0	1	0	3	0	0	0	0
297	chr11:31200276-31362000	SBS3	3	1	0	2	0	0	0	0	0	0
298	chr11:31362001-31823000	SBS3	3	2	0	0	1	0	0	0	0	0
299	chr11:31823001-32779000	SBS1	3	1	0	0	0	1	0	0	0	0
300	chr11:31823001-32779000	SBS100	3	1	0	1	0	0	0	0	0	0
301	chr11:31823001-32779000	SBS3	3	1	0	6	3	1	0	0	0	0
302	chr11:33393001-33548164	SBS3	3	1	0	1	0	0	0	0	0	0
303	chr11:33549149-33687000	SBS3	3	1	0	1	0	0	0	0	0	0
304	chr11:33777001-34042000	SBS3	4	2	0	2	1	0	0	0	0	0
305	chr11:34042001-34886000	SBS3	4	2	0	3	3	0	1	0	0	0
306	chr11:34886001-35409000	SBS3	5	3	0	0	0	0	2	1	0	0
307	chr11:35409001-36521000	SBS100	4	2	0	0	0	1	0	0	0	0
308	chr11:35409001-36521000	SBS3	4	2	0	3	1	1	2	0	0	0
309	chr11:36521001-37467468	SBS1	3	1	0	1	0	0	0	0	0	0
310	chr11:36521001-37467468	SBS3	3	1	0	6	3	1	0	0	0	0
311	chr11:37467469-38729500	SBS3	1	1	0	0	0	3	0	0	0	0
312	chr11:38729501-39923770	SBS3	1	1	0	0	0	6	0	0	0	0
313	chr11:39923845-41384000	SBS100	1	1	0	0	0	1	0	0	0	0
314	chr11:39923845-41384000	SBS3	1	1	0	0	0	8	0	0	0	0
315	chr11:4127001-5583000	SBS3	1	0	0	0	0	4	0	0	0	0
316	chr11:41395974-43312000	SBS3	1	0	0	0	0	7	0	0	0	0
317	chr11:43624001-44260000	SBS3	2	0	0	2	0	1	0	0	0	0
318	chr11:44260001-44557000	SBS3	1	0	0	0	0	2	0	0	0	0
319	chr11:44618001-45410000	SBS3	2	0	0	1	0	0	0	0	0	0
320	chr11:45410001-45794000	SBS3	1	0	0	0	0	1	0	0	0	0
321	chr11:45794001-46001000	SBS3	2	0	0	1	0	0	0	0	0	0
322	chr11:46208001-46934787	SBS100	2	0	0	1	0	0	0	0	0	0
323	chr11:46208001-46934787	SBS3	2	0	0	1	0	2	0	0	0	0
324	chr11:46934821-47977000	SBS3	2	0	0	0	0	2	0	0	0	0
325	chr11:48203001-48691500	SBS3	1	0	0	0	0	1	0	0	0	0
326	chr11:49449660-52751710	SBS1	1	1	0	0	0	1	0	0	0	0
327	chr11:49449660-52751710	SBS3	1	1	0	0	0	13	0	0	0	0
328	chr11:52751711-56698000	SBS1	1	1	0	0	0	1	0	0	0	0
329	chr11:52751711-56698000	SBS3	1	1	0	0	0	26	0	0	0	0
330	chr11:5583001-5788000	SBS3	2	0	0	0	0	1	0	0	0	0
331	chr11:56698001-57244000	SBS3	2	1	0	1	0	0	0	0	0	0
332	chr11:57244001-57639000	SBS3	2	2	0	2	0	0	0	0	0	0
333	chr11:57834001-58488000	SBS3	2	1	0	3	0	1	0	0	0	0
334	chr11:58679001-58889000	SBS3	2	1	0	1	0	0	0	0	0	0
335	chr11:59279001-59535000	SBS3	2	1	0	1	0	1	0	0	0	0
336	chr11:59827001-60829000	SBS1	2	1	0	1	0	0	0	0	0	0
337	chr11:59827001-60829000	SBS3	2	1	0	6	0	2	0	0	0	0
338	chr11:60829001-61455000	SBS3	2	2	0	2	0	0	0	0	0	0
339	chr11:61455001-62539000	SBS100	2	2	0	1	0	0	0	0	0	0
340	chr11:61455001-62539000	SBS3	2	2	0	6	0	1	0	0	0	0
341	chr11:6188501-6583000	SBS3	2	0	0	1	0	0	0	0	0	0
342	chr11:62539001-62929000	SBS3	3	2	0	2	1	0	0	0	0	0
343	chr11:62929001-63469000	SBS3	2	1	0	1	0	0	0	0	0	0
344	chr11:63469001-64364000	SBS3	2	2	0	4	0	0	0	0	0	0
345	chr11:64364001-64599917	SBS3	2	1	0	2	0	0	0	0	0	0
346	chr11:64599950-64719000	SBS3	2	1	0	1	0	1	0	0	0	0
347	chr11:64719001-65409000	SBS1	2	2	0	1	0	0	0	0	0	0
348	chr11:64719001-65409000	SBS100	2	2	0	1	0	0	0	0	0	0
349	chr11:64719001-65409000	SBS3	2	2	0	4	0	0	0	0	0	0
350	chr11:65619501-65826152	SBS3	2	2	0	1	0	0	0	0	0	0
351	chr11:66153001-67143431	SBS3	2	2	0	5	0	0	0	0	0	0
352	chr11:67143814-67158000	SBS3	2	1	0	1	0	0	0	0	0	0
353	chr11:67566001-68394000	SBS100	2	2	0	0	0	1	0	0	0	0
354	chr11:67566001-68394000	SBS3	2	2	0	3	0	0	0	0	0	0
355	chr11:6781001-7378317	SBS3	1	0	0	0	0	3	0	0	0	0
356	chr11:68445001-68611000	SBS3	3	2	0	1	0	0	0	0	0	0
357	chr11:68611001-69131000	SBS1	2	1	0	1	0	0	0	0	0	0
358	chr11:68611001-69131000	SBS3	2	1	0	1	0	0	0	0	0	0
359	chr11:69131001-69712000	SBS100	2	1	0	1	0	0	0	0	0	0
360	chr11:69131001-69712000	SBS3	2	1	0	3	0	2	0	0	0	0
361	chr11:69712001-69886500	SBS3	1	1	0	0	0	2	0	0	0	0
362	chr11:69886501-71922000	SBS1	2	1	0	1	0	0	0	0	0	0
363	chr11:69886501-71922000	SBS3	2	1	0	2	0	3	0	0	0	0
364	chr11:72117001-75036000	SBS1	2	2	0	0	0	1	0	0	0	0
365	chr11:72117001-75036000	SBS3	2	2	0	13	0	3	0	0	0	0
366	chr11:75036001-75239000	SBS3	2	1	0	0	0	1	0	0	0	0
367	chr11:75239001-76156000	SBS100	2	2	0	1	0	0	0	0	0	0
368	chr11:75239001-76156000	SBS3	2	2	0	4	0	0	0	0	0	0
369	chr11:76156001-76323000	SBS3	2	1	0	2	0	0	0	0	0	0
370	chr11:76323001-78227812	SBS3	2	2	0	10	0	2	0	0	0	0
371	chr11:7698001-7970000	SBS3	1	0	0	0	0	1	0	0	0	0
372	chr11:78227813-78594000	SBS3	4	2	0	2	0	0	0	0	0	0
373	chr11:78652001-80604000	SBS3	2	1	0	15	0	3	0	0	0	0
374	chr11:7970001-8660000	SBS3	2	0	0	0	0	2	0	0	0	0
375	chr11:80604001-81175000	SBS3	3	1	0	4	2	1	0	0	0	0
376	chr11:81175001-82673000	SBS3	2	1	0	7	0	1	0	0	0	0
377	chr11:82673001-82847000	SBS3	3	2	0	1	1	0	0	0	0	0
378	chr11:82847001-83302000	SBS100	4	2	0	1	0	0	0	0	0	0
379	chr11:82847001-83302000	SBS3	4	2	0	0	0	0	2	0	0	0
380	chr11:83302001-85584000	SBS3	2	1	0	11	0	6	0	0	0	0
381	chr11:85584001-85944000	SBS3	3	2	0	0	1	0	0	0	0	0
382	chr11:85944001-86305000	SBS3	4	2	0	0	2	0	1	0	0	0
383	chr11:86305001-86907000	SBS3	3	1	0	3	3	2	0	0	0	0
384	chr11:8660001-11219000	SBS1	2	0	0	0	0	1	0	0	0	0
385	chr11:8660001-11219000	SBS100	2	0	0	1	0	0	0	0	0	0
386	chr11:8660001-11219000	SBS3	2	0	0	3	0	2	0	0	0	0
387	chr11:86907001-87327000	SBS3	4	2	0	0	1	0	1	0	0	0
388	chr11:87327001-88277000	SBS3	3	1	0	2	4	1	0	0	0	0
389	chr11:88430001-88678000	SBS3	3	1	0	0	1	0	0	0	0	0
390	chr11:88678001-90187000	SBS1	3	1	0	2	0	0	0	0	0	0
391	chr11:88678001-90187000	SBS3	3	1	0	5	3	1	0	0	0	0
392	chr11:90243001-91491000	SBS3	2	1	0	5	0	3	0	0	0	0
393	chr11:91491001-92442987	SBS1	3	1	0	1	0	0	0	0	0	0
394	chr11:91491001-92442987	SBS3	3	1	0	3	4	1	0	0	0	0
395	chr11:92444775-92556000	SBS3	3	1	0	1	0	0	0	0	0	0
396	chr11:92556001-93129000	SBS3	2	1	0	1	0	1	0	0	0	0
397	chr11:93129001-93515000	SBS3	3	2	0	1	1	0	0	0	0	0
398	chr11:93558849-94194000	SBS3	4	2	0	0	1	0	1	0	0	0
399	chr11:94194001-94427817	SBS1	3	1	0	0	1	0	0	0	0	0
400	chr11:94427818-95764808	SBS1	3	2	0	0	0	2	0	0	0	0
401	chr11:94427818-95764808	SBS3	3	2	0	4	3	7	0	0	0	0
402	chr11:95765054-95996000	SBS3	2	2	0	1	0	0	0	0	0	0
403	chr11:95996001-96189013	SBS3	3	3	0	0	1	0	0	0	0	0
404	chr11:96189014-96326531	SBS3	3	1	0	1	0	0	0	0	0	0
405	chr11:96436001-97057667	SBS1	2	1	0	1	0	0	0	0	0	0
406	chr11:96436001-97057667	SBS3	2	1	0	2	0	1	0	0	0	0
407	chr11:97057668-97567718	SBS1	1	0	0	0	0	1	0	0	0	0
408	chr11:97057668-97567718	SBS3	1	0	0	0	0	2	0	0	0	0
409	chr11:97567808-100555000	SBS3	1	0	0	0	0	6	0	0	0	0
410	chr12:1-529500	SBS1	3	0	0	1	0	0	0	0	0	0
411	chr12:1-529500	SBS3	3	0	0	2	0	1	0	0	0	0
412	chr12:100344001-101589000	SBS1	2	1	0	1	0	0	0	0	0	0
413	chr12:100344001-101589000	SBS3	2	1	0	4	0	0	0	0	0	0
414	chr12:101841001-102204000	SBS3	2	2	0	1	0	0	0	0	0	0
415	chr12:102204001-103363000	SBS3	1	1	0	0	0	8	0	0	0	0
416	chr12:103787001-104157489	SBS3	2	2	0	7	0	0	0	0	0	0
417	chr12:104157532-104454000	SBS3	2	2	0	6	0	5	0	0	0	0
418	chr12:104454001-105240000	SBS3	3	2	0	2	0	0	0	0	0	0
419	chr12:105240001-105424000	SBS3	2	2	0	2	0	0	0	0	0	0
420	chr12:105424001-106072000	SBS3	1	1	0	0	0	4	0	0	0	0
421	chr12:106072001-106227000	SBS3	2	1	0	1	0	0	0	0	0	0
422	chr12:106458001-106752000	SBS3	2	1	0	5	0	0	0	0	0	0
423	chr12:107136001-107677000	SBS3	2	1	0	1	0	1	0	0	0	0
424	chr12:107792001-108502000	SBS3	1	1	0	0	0	1	0	0	0	0
425	chr12:108733001-108873000	SBS3	2	2	0	0	0	1	0	0	0	0
426	chr12:108873001-109428000	SBS3	2	1	0	4	0	2	0	0	0	0
427	chr12:109510001-109816000	SBS100	2	1	0	1	0	0	0	0	0	0
428	chr12:109510001-109816000	SBS3	2	1	0	2	0	0	0	0	0	0
429	chr12:109816001-110201216	SBS3	2	2	0	1	0	0	0	0	0	0
430	chr12:110201425-110749000	SBS3	2	2	0	2	0	0	0	0	0	0
431	chr12:110749001-111384000	SBS1	2	1	0	2	0	0	0	0	0	0
432	chr12:110749001-111384000	SBS3	2	1	0	1	0	3	0	0	0	0
433	chr12:111384001-112498000	SBS100	2	2	0	1	0	0	0	0	0	0
434	chr12:111384001-112498000	SBS3	2	2	0	1	0	0	0	0	0	0
435	chr12:112498001-112880000	SBS3	2	1	0	2	0	1	0	0	0	0
436	chr12:112880001-113275000	SBS3	3	1	0	1	2	0	0	0	0	0
437	chr12:113275001-113464500	SBS3	2	1	0	1	0	0	0	0	0	0
438	chr12:113464501-113824000	SBS1	1	1	0	0	0	1	0	0	0	0
439	chr12:113464501-113824000	SBS3	1	1	0	0	0	1	0	0	0	0
440	chr12:113824001-113973000	SBS3	2	1	0	1	0	0	0	0	0	0
441	chr12:113973001-114605755	SBS3	1	1	0	0	0	6	0	0	0	0
442	chr12:114699001-115123000	SBS3	2	1	0	1	0	3	0	0	0	0
443	chr12:115123001-115953000	SBS100	2	1	0	1	0	0	0	0	0	0
444	chr12:115123001-115953000	SBS3	2	1	0	3	0	0	0	0	0	0
445	chr12:115953001-116331000	SBS3	3	2	0	0	1	0	0	0	0	0
446	chr12:116331001-117151581	SBS1	2	2	0	1	0	0	0	0	0	0
447	chr12:116331001-117151581	SBS3	2	2	0	1	0	1	0	0	0	0
448	chr12:117151582-117546667	SBS3	3	1	0	1	2	0	0	0	0	0
449	chr12:117546668-118011000	SBS1	1	1	0	0	0	1	0	0	0	0
450	chr12:118011001-118420000	SBS3	2	2	0	2	0	1	0	0	0	0
451	chr12:118420001-119646000	SBS3	1	1	0	0	0	10	0	0	0	0
452	chr12:11941976-12037000	SBS3	3	0	0	0	1	0	0	0	0	0
453	chr12:119646001-120047000	SBS1	2	1	0	1	0	0	0	0	0	0
454	chr12:120212860-120327000	SBS3	2	2	0	1	0	0	0	0	0	0
455	chr12:120327001-120436000	SBS100	2	1	0	1	0	0	0	0	0	0
456	chr12:120436001-120589292	SBS100	2	2	0	1	0	0	0	0	0	0
457	chr12:120589293-123765000	SBS1	2	0	0	2	0	1	0	0	0	0
458	chr12:120589293-123765000	SBS3	2	0	0	3	0	4	0	0	0	0
459	chr12:12336001-12744000	SBS3	2	1	0	3	0	0	0	0	0	0
460	chr12:123765001-124355500	SBS3	2	0	0	0	0	1	0	0	0	0
461	chr12:124355501-124945000	SBS100	2	0	0	0	0	1	0	0	0	0
462	chr12:124945001-125149000	SBS100	2	0	0	1	0	0	0	0	0	0
463	chr12:124945001-125149000	SBS3	2	0	0	0	0	3	0	0	0	0
464	chr12:125149001-131653000	SBS1	1	0	0	0	0	4	0	0	0	0
465	chr12:125149001-131653000	SBS100	1	0	0	0	0	1	0	0	0	0
466	chr12:125149001-131653000	SBS3	1	0	0	0	0	27	0	0	0	0
467	chr12:12744001-13262500	SBS3	2	0	0	1	0	1	0	0	0	0
468	chr12:131653001-133275309	SBS1	2	0	0	1	0	0	0	0	0	0
469	chr12:131653001-133275309	SBS3	2	0	0	1	0	8	0	0	0	0
470	chr12:13262501-14167000	SBS3	1	0	0	0	0	5	0	0	0	0
471	chr12:14167001-14364000	SBS3	2	0	0	2	0	0	0	0	0	0
472	chr12:14430001-14764000	SBS3	2	0	0	1	0	0	0	0	0	0
473	chr12:14764001-15011000	SBS3	3	1	0	0	1	0	0	0	0	0
474	chr12:15289001-15518000	SBS1	2	1	0	1	0	0	0	0	0	0
475	chr12:15289001-15518000	SBS3	2	1	0	1	0	0	0	0	0	0
476	chr12:15518001-16013000	SBS3	2	2	0	3	0	0	0	0	0	0
477	chr12:16013001-16622000	SBS3	2	1	0	3	0	0	0	0	0	0
478	chr12:16622001-17194000	SBS3	2	1	0	0	0	3	0	0	0	0
479	chr12:17194001-18120000	SBS3	1	1	0	0	0	4	0	0	0	0
480	chr12:18120001-18458000	SBS3	2	2	0	3	0	1	0	0	0	0
481	chr12:18458001-19120000	SBS3	2	1	0	4	0	0	0	0	0	0
482	chr12:19120001-20659000	SBS100	2	2	0	1	0	0	0	0	0	0
483	chr12:19120001-20659000	SBS3	2	2	0	4	0	0	0	0	0	0
484	chr12:2060001-2776000	SBS3	2	0	0	0	0	1	0	0	0	0
485	chr12:20659001-21293000	SBS100	2	1	0	1	0	0	0	0	0	0
486	chr12:20659001-21293000	SBS3	2	1	0	3	0	2	0	0	0	0
487	chr12:21293001-22249000	SBS100	2	2	0	1	0	1	0	0	0	0
488	chr12:21293001-22249000	SBS3	2	2	0	5	0	0	0	0	0	0
489	chr12:22249001-22778000	SBS3	2	2	0	1	0	0	0	0	0	0
490	chr12:22778001-23622000	SBS3	1	1	0	0	0	2	0	0	0	0
491	chr12:23622001-24695000	SBS1	2	1	0	1	0	0	0	0	0	0
492	chr12:23622001-24695000	SBS3	2	1	0	5	0	2	0	0	0	0
493	chr12:24695001-26411000	SBS100	2	2	0	0	0	1	0	0	0	0
494	chr12:24695001-26411000	SBS3	2	2	0	6	0	3	0	0	0	0
495	chr12:26411001-27845000	SBS3	2	2	0	6	0	0	0	0	0	0
496	chr12:2776001-3376000	SBS3	3	0	0	1	0	0	0	0	0	0
497	chr12:27845001-28107000	SBS3	2	1	0	1	0	0	0	0	0	0
498	chr12:28107001-28562000	SBS1	2	2	0	1	0	0	0	0	0	0
499	chr12:28107001-28562000	SBS3	2	2	0	2	0	1	0	0	0	0
500	chr12:28562001-29317000	SBS3	2	1	0	3	0	1	0	0	0	0
501	chr12:29384501-29594000	SBS3	2	1	0	2	0	0	0	0	0	0
502	chr12:29594001-30193215	SBS3	1	1	0	0	0	9	0	0	0	0
503	chr12:30202885-30610000	SBS3	1	1	0	0	0	7	0	0	0	0
504	chr12:30610001-32922000	SBS1	2	1	0	1	0	0	0	0	0	0
505	chr12:30610001-32922000	SBS3	2	1	0	11	0	7	0	0	0	0
506	chr12:32922001-34219000	SBS3	1	1	0	0	0	14	0	0	0	0
507	chr12:3376001-3603000	SBS3	2	0	0	0	0	1	0	0	0	0
508	chr12:34219001-35977329	SBS3	1	1	0	0	0	4	0	0	0	0
509	chr12:35977330-37857910	SBS3	1	0	0	0	0	14	0	0	0	0
510	chr12:3603001-4702000	SBS1	3	0	0	0	0	1	0	0	0	0
511	chr12:3603001-4702000	SBS3	3	0	0	4	2	0	0	0	0	0
512	chr12:37859316-38282000	SBS1	2	1	0	0	0	1	0	0	0	0
513	chr12:37859316-38282000	SBS3	2	1	0	3	0	2	0	0	0	0
514	chr12:38282001-39272000	SBS1	2	1	0	0	0	1	0	0	0	0
515	chr12:38282001-39272000	SBS3	2	1	0	4	0	5	0	0	0	0
516	chr12:39272001-40010000	SBS3	3	2	0	1	1	0	0	0	0	0
517	chr12:40010001-40413000	SBS3	4	2	0	0	1	0	1	0	0	0
518	chr12:40413001-41600000	SBS100	3	1	0	0	1	0	0	0	0	0
519	chr12:40413001-41600000	SBS3	3	1	0	3	2	0	0	0	0	0
520	chr12:41600001-41886000	SBS3	2	1	0	0	0	1	0	0	0	0
521	chr12:41886001-42082000	SBS3	3	2	0	1	1	0	0	0	0	0
522	chr12:42082001-43358500	SBS3	4	2	0	1	7	2	5	0	0	0
523	chr12:43358501-43714000	SBS1	3	1	0	0	1	0	0	0	0	0
524	chr12:43358501-43714000	SBS3	3	1	0	2	4	0	0	0	0	0
525	chr12:43714001-43887000	SBS3	4	2	0	1	0	0	0	0	0	0
526	chr12:43887001-44964922	SBS3	3	1	0	0	2	0	0	0	0	0
527	chr12:44964923-45166000	SBS100	1	0	0	0	0	1	0	0	0	0
528	chr12:44964923-45166000	SBS3	1	0	0	0	0	1	0	0	0	0
529	chr12:45166001-45708000	SBS3	2	0	0	1	0	0	0	0	0	0
530	chr12:45708001-45996000	SBS100	3	0	0	0	1	0	0	0	0	0
531	chr12:46171001-46275000	SBS100	3	1	0	0	1	0	0	0	0	0
532	chr12:46352001-46562000	SBS3	2	1	0	1	0	0	0	0	0	0
533	chr12:46562001-47019000	SBS3	2	0	0	1	0	0	0	0	0	0
534	chr12:47019001-47423000	SBS3	2	1	0	1	0	2	0	0	0	0
535	chr12:4702001-5926000	SBS1	2	0	0	0	0	1	0	0	0	0
536	chr12:4702001-5926000	SBS3	2	0	0	0	0	5	0	0	0	0
537	chr12:47423001-47642000	SBS3	1	0	0	0	0	6	0	0	0	0
538	chr12:47909001-48372000	SBS3	2	0	0	0	0	1	0	0	0	0
539	chr12:48372001-48638000	SBS3	1	0	0	0	0	1	0	0	0	0
540	chr12:48638001-51508000	SBS3	2	0	0	3	0	7	0	0	0	0
541	chr12:51508001-51900000	SBS3	2	0	0	1	0	0	0	0	0	0
542	chr12:51900001-52358000	SBS3	2	0	0	0	0	2	0	0	0	0
543	chr12:52358001-52667000	SBS3	2	0	0	0	0	1	0	0	0	0
544	chr12:52861001-53174000	SBS3	2	0	0	1	0	3	0	0	0	0
545	chr12:529501-2060000	SBS3	4	0	0	4	0	1	0	0	0	0
546	chr12:53174001-53628000	SBS3	2	0	0	1	0	1	0	0	0	0
547	chr12:53628001-54212000	SBS3	2	0	0	1	0	0	0	0	0	0
548	chr12:55079001-55638000	SBS3	1	0	0	0	0	3	0	0	0	0
549	chr12:55638001-56762000	SBS3	2	0	0	1	0	1	0	0	0	0
550	chr12:56762001-56985000	SBS3	2	0	0	0	0	1	0	0	0	0
551	chr12:56985001-57135000	SBS3	2	1	0	1	0	0	0	0	0	0
552	chr12:57135001-57737500	SBS3	2	0	0	1	0	0	0	0	0	0
553	chr12:57737501-57954000	SBS100	2	1	0	0	0	1	0	0	0	0
554	chr12:57737501-57954000	SBS3	2	1	0	2	0	0	0	0	0	0
555	chr12:57954001-58861000	SBS1	2	0	0	1	0	0	0	0	0	0
556	chr12:57954001-58861000	SBS100	2	0	0	1	0	0	0	0	0	0
557	chr12:57954001-58861000	SBS3	2	0	0	1	0	1	0	0	0	0
558	chr12:59124001-59906000	SBS3	1	0	0	0	0	7	0	0	0	0
559	chr12:59906001-61971000	SBS100	1	0	0	0	0	1	0	0	0	0
560	chr12:59906001-61971000	SBS3	1	0	0	0	0	10	0	0	0	0
561	chr12:6132001-7207000	SBS3	4	0	0	1	4	0	4	0	0	0
562	chr12:61971001-62242000	SBS3	2	0	0	1	0	0	0	0	0	0
563	chr12:62938001-63761000	SBS3	1	0	0	0	0	4	0	0	0	0
564	chr12:63761001-64270000	SBS3	2	0	0	0	0	2	0	0	0	0
565	chr12:64603001-64762000	SBS3	2	1	0	1	0	0	0	0	0	0
566	chr12:64762001-65151000	SBS3	2	0	0	1	0	0	0	0	0	0
567	chr12:65249001-65870000	SBS3	1	0	0	0	0	3	0	0	0	0
568	chr12:66057001-66333000	SBS3	2	0	0	0	0	2	0	0	0	0
569	chr12:66333001-67233000	SBS3	2	0	0	1	0	1	0	0	0	0
570	chr12:67233001-69600000	SBS1	2	0	0	0	0	1	0	0	0	0
571	chr12:67233001-69600000	SBS100	2	0	0	1	0	0	0	0	0	0
572	chr12:67233001-69600000	SBS3	2	0	0	1	0	4	0	0	0	0
573	chr12:69600001-70227000	SBS3	2	0	0	2	0	1	0	0	0	0
574	chr12:70370001-71596000	SBS3	1	0	0	0	0	1	0	0	0	0
575	chr12:71963001-73961000	SBS3	1	0	0	0	0	8	0	0	0	0
576	chr12:7207001-7918000	SBS1	3	0	0	1	0	0	0	0	0	0
577	chr12:7207001-7918000	SBS3	3	0	0	3	1	0	0	0	0	0
578	chr12:73961001-75316000	SBS3	1	0	0	0	0	5	0	0	0	0
579	chr12:75316001-76094000	SBS3	2	0	0	1	0	0	0	0	0	0
580	chr12:76329001-76572000	SBS3	2	0	0	1	0	0	0	0	0	0
581	chr12:76572001-77089000	SBS3	2	0	0	1	0	0	0	0	0	0
582	chr12:77089001-79383000	SBS3	1	0	0	0	0	6	0	0	0	0
583	chr12:80278001-82329000	SBS3	1	0	0	0	0	4	0	0	0	0
584	chr12:8162001-8625500	SBS3	3	0	0	1	0	2	0	0	0	0
585	chr12:82499001-83178000	SBS3	2	0	0	1	0	1	0	0	0	0
586	chr12:83178001-87723000	SBS1	1	0	0	0	0	1	0	0	0	0
587	chr12:83178001-87723000	SBS3	1	0	0	0	0	16	0	0	0	0
588	chr12:8625501-11645000	SBS3	2	0	0	5	0	3	0	0	0	0
589	chr12:88198001-88993000	SBS3	2	0	0	3	0	2	0	0	0	0
590	chr12:88993001-90098000	SBS3	2	0	0	1	0	3	0	0	0	0
591	chr12:90098001-91314000	SBS3	2	0	0	0	0	3	0	0	0	0
592	chr12:91314001-91869000	SBS3	2	0	0	2	0	1	0	0	0	0
593	chr12:92617001-93373000	SBS3	2	0	0	0	0	1	0	0	0	0
594	chr12:93736001-93871746	SBS3	2	1	0	1	0	0	0	0	0	0
595	chr12:93927043-95994000	SBS1	2	0	0	0	0	1	0	0	0	0
596	chr12:93927043-95994000	SBS3	2	0	0	1	0	1	0	0	0	0
597	chr12:95994001-96533000	SBS100	2	1	0	1	0	0	0	0	0	0
598	chr12:95994001-96533000	SBS3	2	1	0	1	0	1	0	0	0	0
599	chr12:96533001-97162500	SBS3	1	0	0	0	0	4	0	0	0	0
600	chr12:97163552-98381000	SBS3	1	1	0	0	0	4	0	0	0	0
601	chr12:98381001-98747000	SBS3	2	2	0	1	0	0	0	0	0	0
602	chr12:98747001-99746000	SBS3	2	1	0	1	0	0	0	0	0	0
603	chr13:1-17025623	SBS3	1	0	0	0	0	2	0	0	0	0
604	chr13:100068001-100684000	SBS1	2	0	0	1	0	0	0	0	0	0
605	chr13:100068001-100684000	SBS3	2	0	0	0	0	2	0	0	0	0
606	chr13:100684001-101428000	SBS3	1	0	0	0	0	2	0	0	0	0
607	chr13:101428001-101767000	SBS3	2	0	0	1	0	0	0	0	0	0
608	chr13:101767001-102572000	SBS1	1	0	0	0	0	1	0	0	0	0
609	chr13:101767001-102572000	SBS3	1	0	0	0	0	2	0	0	0	0
610	chr13:102922001-106524000	SBS100	1	0	0	0	0	1	0	0	0	0
611	chr13:102922001-106524000	SBS3	1	0	0	0	0	6	0	0	0	0
612	chr13:106580001-106756000	SBS3	1	0	0	0	0	1	0	0	0	0
613	chr13:106756001-108184000	SBS3	1	0	0	0	0	1	0	0	0	0
614	chr13:108374001-110110000	SBS1	1	0	0	0	0	1	0	0	0	0
615	chr13:108374001-110110000	SBS3	1	0	0	0	0	6	0	0	0	0
616	chr13:110110001-111306000	SBS3	2	0	0	1	0	0	0	0	0	0
617	chr13:111484001-112458000	SBS1	1	0	0	0	0	1	0	0	0	0
618	chr13:111484001-112458000	SBS3	1	0	0	0	0	3	0	0	0	0
619	chr13:112458001-113077931	SBS1	2	0	0	0	0	1	0	0	0	0
620	chr13:112458001-113077931	SBS3	2	0	0	1	0	6	0	0	0	0
621	chr13:113077932-114033500	SBS1	2	0	0	0	0	1	0	0	0	0
622	chr13:113077932-114033500	SBS3	2	0	0	2	0	3	0	0	0	0
623	chr13:114033501-114364328	SBS3	2	1	0	1	0	0	0	0	0	0
624	chr13:17025624-19549000	SBS1	1	0	0	0	0	2	0	0	0	0
625	chr13:17025624-19549000	SBS3	1	0	0	0	0	10	0	0	0	0
626	chr13:19549001-21684000	SBS3	2	0	0	4	0	0	0	0	0	0
627	chr13:21684001-21984000	SBS100	1	0	0	0	0	1	0	0	0	0
628	chr13:21684001-21984000	SBS3	1	0	0	0	0	1	0	0	0	0
629	chr13:22299001-23318000	SBS3	1	0	0	0	0	3	0	0	0	0
630	chr13:23318001-24715000	SBS3	2	0	0	0	0	1	0	0	0	0
631	chr13:24715001-25542000	SBS3	1	0	0	0	0	2	0	0	0	0
632	chr13:25542001-26185000	SBS3	2	0	0	0	0	1	0	0	0	0
633	chr13:26406001-27062000	SBS1	1	0	0	0	0	1	0	0	0	0
634	chr13:26406001-27062000	SBS3	1	0	0	0	0	5	0	0	0	0
635	chr13:27062001-27696000	SBS3	2	0	0	1	0	0	0	0	0	0
636	chr13:27696001-28129000	SBS3	1	0	0	0	0	3	0	0	0	0
637	chr13:28761001-29408000	SBS3	1	0	0	0	0	2	0	0	0	0
638	chr13:29408001-29753000	SBS3	2	0	0	1	0	1	0	0	0	0
639	chr13:29753001-30880000	SBS3	2	0	0	0	0	1	0	0	0	0
640	chr13:31244001-31844000	SBS3	1	0	0	0	0	1	0	0	0	0
641	chr13:32792001-33000000	SBS3	2	0	0	0	0	1	0	0	0	0
642	chr13:33000001-33878000	SBS3	2	0	0	1	0	0	0	0	0	0
643	chr13:33878001-34853908	SBS3	2	0	0	1	0	0	0	0	0	0
644	chr13:35673001-36796000	SBS3	1	0	0	0	0	3	0	0	0	0
645	chr13:36796001-37082000	SBS3	2	0	0	0	0	1	0	0	0	0
646	chr13:37082001-38295000	SBS3	1	0	0	0	0	1	0	0	0	0
647	chr13:38295001-39017000	SBS3	1	0	0	0	0	1	0	0	0	0
648	chr13:39050001-40959000	SBS3	2	0	0	3	0	2	0	0	0	0
649	chr13:41021001-42407000	SBS3	2	0	0	1	0	3	0	0	0	0
650	chr13:42407001-42874000	SBS3	2	0	0	0	0	1	0	0	0	0
651	chr13:43115001-44425000	SBS3	2	0	0	1	0	1	0	0	0	0
652	chr13:44425001-44579000	SBS3	2	0	0	1	0	0	0	0	0	0
653	chr13:44904001-45533000	SBS3	2	0	0	0	0	2	0	0	0	0
654	chr13:45533001-45944000	SBS3	2	0	0	0	0	2	0	0	0	0
655	chr13:46803001-48034000	SBS3	2	0	0	2	0	1	0	0	0	0
656	chr13:48959001-49801000	SBS3	2	0	0	0	0	2	0	0	0	0
657	chr13:49969001-50974000	SBS3	2	1	0	2	0	1	0	0	0	0
658	chr13:50974001-51350000	SBS3	2	0	0	1	0	0	0	0	0	0
659	chr13:52412001-52709000	SBS1	2	0	0	0	0	1	0	0	0	0
660	chr13:60578001-66881000	SBS3	1	0	0	0	0	19	0	0	0	0
661	chr13:66881001-67267500	SBS3	2	0	0	3	0	0	0	0	0	0
662	chr13:67267501-71208000	SBS1	1	0	0	0	0	2	0	0	0	0
663	chr13:67267501-71208000	SBS3	1	0	0	0	0	10	0	0	0	0
664	chr13:71208001-71903000	SBS100	2	0	0	0	0	1	0	0	0	0
665	chr13:71208001-71903000	SBS3	2	0	0	0	0	4	0	0	0	0
666	chr13:71903001-72695000	SBS3	1	0	0	0	0	4	0	0	0	0
667	chr13:72695001-73078000	SBS3	2	0	0	1	0	0	0	0	0	0
668	chr13:73078001-73670000	SBS3	2	0	0	2	0	1	0	0	0	0
669	chr13:73670001-74318000	SBS3	2	1	0	3	0	0	0	0	0	0
670	chr13:75289001-75881000	SBS1	2	0	0	1	0	0	0	0	0	0
671	chr13:75289001-75881000	SBS3	2	0	0	0	0	1	0	0	0	0
672	chr13:75881001-76672000	SBS3	1	0	0	0	0	1	0	0	0	0
673	chr13:76672001-76990000	SBS3	2	0	0	2	0	1	0	0	0	0
674	chr13:76990001-77401000	SBS3	2	1	0	1	0	0	0	0	0	0
675	chr13:77864001-79310000	SBS1	1	0	0	0	0	1	0	0	0	0
676	chr13:77864001-79310000	SBS3	1	0	0	0	0	4	0	0	0	0
677	chr13:79557001-80478000	SBS3	2	0	0	3	0	2	0	0	0	0
678	chr13:80478001-85365000	SBS1	1	0	0	0	0	1	0	0	0	0
679	chr13:80478001-85365000	SBS3	1	0	0	0	0	14	0	0	0	0
680	chr13:85365001-85845000	SBS3	2	0	0	1	0	0	0	0	0	0
681	chr13:85845001-91085000	SBS1	1	0	0	0	0	1	0	0	0	0
682	chr13:85845001-91085000	SBS100	1	0	0	0	0	1	0	0	0	0
683	chr13:85845001-91085000	SBS3	1	0	0	0	0	13	0	0	0	0
684	chr13:91415001-94020000	SBS1	1	0	0	0	0	1	0	0	0	0
685	chr13:91415001-94020000	SBS100	1	0	0	0	0	1	0	0	0	0
686	chr13:91415001-94020000	SBS3	1	0	0	0	0	6	0	0	0	0
687	chr13:94020001-94545000	SBS3	1	0	0	0	0	2	0	0	0	0
688	chr13:96032001-96951000	SBS3	1	0	0	0	0	1	0	0	0	0
689	chr13:97477001-98440500	SBS3	2	0	0	1	0	3	0	0	0	0
690	chr13:98440501-98588000	SBS3	2	1	0	1	0	0	0	0	0	0
691	chr13:98588001-98805000	SBS3	2	0	0	1	0	1	0	0	0	0
692	chr13:98805001-99196000	SBS3	2	0	0	0	0	1	0	0	0	0
693	chr13:99196001-99386000	SBS3	3	0	0	1	0	0	0	0	0	0
694	chr13:99386001-99666000	SBS3	2	0	0	1	0	2	0	0	0	0
695	chr14:100407001-100925000	SBS3	2	0	0	1	0	0	0	0	0	0
696	chr14:100925001-101608000	SBS3	1	0	0	0	0	2	0	0	0	0
697	chr14:101608001-103948000	SBS3	2	0	0	4	0	1	0	0	0	0
698	chr14:103948001-104641500	SBS3	1	0	0	0	0	4	0	0	0	0
699	chr14:104641501-105698500	SBS3	2	0	0	0	0	5	0	0	0	0
700	chr14:105698501-106270000	SBS1	1	0	0	0	0	1	0	0	0	0
701	chr14:105698501-106270000	SBS3	1	0	0	0	0	2	0	0	0	0
702	chr14:106270001-107043718	SBS3	2	0	0	1	0	6	0	0	0	0
703	chr14:17086762-20288000	SBS3	1	0	0	0	0	4	0	0	0	0
704	chr14:20288001-21540000	SBS3	2	0	0	5	0	1	0	0	0	0
705	chr14:21744884-22502000	SBS3	1	0	0	0	0	5	0	0	0	0
706	chr14:22602001-22808000	SBS3	2	0	0	1	0	1	0	0	0	0
707	chr14:22808001-23111000	SBS3	2	0	0	0	0	3	0	0	0	0
708	chr14:23111001-23633000	SBS3	2	0	0	0	0	2	0	0	0	0
709	chr14:23633001-23950000	SBS3	1	0	0	0	0	2	0	0	0	0
710	chr14:23950001-24446000	SBS3	2	0	0	1	0	1	0	0	0	0
711	chr14:24446001-25154000	SBS3	1	0	0	0	0	2	0	0	0	0
712	chr14:25154001-30136000	SBS3	1	0	0	0	0	22	0	0	0	0
713	chr14:30136001-30555000	SBS3	2	0	0	0	0	1	0	0	0	0
714	chr14:30722001-31606000	SBS3	2	0	0	3	0	0	0	0	0	0
715	chr14:31606001-31866000	SBS100	1	0	0	0	0	1	0	0	0	0
716	chr14:31866001-32728000	SBS3	2	0	0	0	0	4	0	0	0	0
717	chr14:32728001-33930000	SBS3	1	0	0	0	0	2	0	0	0	0
718	chr14:34082464-35146000	SBS1	2	0	0	1	0	0	0	0	0	0
719	chr14:34082464-35146000	SBS3	2	0	0	2	0	2	0	0	0	0
720	chr14:35429001-35884000	SBS3	2	0	0	0	0	1	0	0	0	0
721	chr14:35884001-38221500	SBS3	2	0	0	3	0	2	0	0	0	0
722	chr14:38221501-39013000	SBS3	1	0	0	0	0	3	0	0	0	0
723	chr14:39467001-39808778	SBS3	1	0	0	0	0	1	0	0	0	0
724	chr14:39808811-44896000	SBS3	1	0	0	0	0	29	0	0	0	0
725	chr14:44896001-45272000	SBS3	2	0	0	1	0	1	0	0	0	0
726	chr14:45272001-49434000	SBS3	1	0	0	0	0	8	0	0	0	0
727	chr14:49634501-49848000	SBS3	2	1	0	0	0	1	0	0	0	0
728	chr14:50139001-52027000	SBS3	2	0	0	4	0	1	0	0	0	0
729	chr14:53222001-54388000	SBS3	1	0	0	0	0	8	0	0	0	0
730	chr14:54388001-55705000	SBS3	2	0	0	2	0	2	0	0	0	0
731	chr14:55705001-56662000	SBS3	1	0	0	0	0	6	0	0	0	0
732	chr14:56662001-57188000	SBS3	1	0	0	0	0	3	0	0	0	0
733	chr14:57188001-57430000	SBS3	2	1	0	0	0	1	0	0	0	0
734	chr14:57430001-58050000	SBS3	1	0	0	0	0	3	0	0	0	0
735	chr14:58191001-58519000	SBS3	2	0	0	1	0	0	0	0	0	0
736	chr14:58519001-59115000	SBS3	1	0	0	0	0	1	0	0	0	0
737	chr14:59115001-59508000	SBS3	2	0	0	1	0	0	0	0	0	0
738	chr14:59508001-60063000	SBS100	1	0	0	0	0	1	0	0	0	0
739	chr14:59508001-60063000	SBS3	1	0	0	0	0	1	0	0	0	0
740	chr14:60361001-60553000	SBS3	1	0	0	0	0	2	0	0	0	0
741	chr14:60553001-61311000	SBS3	2	0	0	0	0	1	0	0	0	0
742	chr14:61311001-61767000	SBS3	3	1	0	0	1	0	0	0	0	0
743	chr14:61767001-61939000	SBS3	2	0	0	1	0	0	0	0	0	0
744	chr14:61939001-63351000	SBS3	1	0	0	0	0	3	0	0	0	0
745	chr14:63351001-65974000	SBS3	2	0	0	3	0	5	0	0	0	0
746	chr14:65974001-67111000	SBS3	1	0	0	0	0	1	0	0	0	0
747	chr14:67727526-68106294	SBS100	4	0	0	0	0	0	1	0	0	0
748	chr14:67727526-68106294	SBS3	4	0	0	0	0	0	1	0	0	0
749	chr14:68106295-68821000	SBS3	3	1	0	1	0	0	0	0	0	0
750	chr14:68821001-68881754	SBS1	2	0	0	0	0	1	0	0	0	0
751	chr14:68821001-68881754	SBS3	2	0	0	0	0	7	0	0	0	0
752	chr14:69728001-70550500	SBS3	2	0	0	4	0	1	0	0	0	0
753	chr14:70550501-71768000	SBS3	2	0	0	2	0	2	0	0	0	0
754	chr14:71768001-72887000	SBS3	1	0	0	0	0	6	0	0	0	0
755	chr14:72887001-73712000	SBS1	2	0	0	0	0	1	0	0	0	0
756	chr14:73712001-73792000	SBS3	3	1	0	0	1	0	0	0	0	0
757	chr14:73792001-74210000	SBS3	2	0	0	1	0	0	0	0	0	0
758	chr14:74210001-74478000	SBS100	2	0	0	1	0	0	0	0	0	0
759	chr14:74210001-74478000	SBS3	2	0	0	1	0	0	0	0	0	0
760	chr14:74478001-75743000	SBS3	2	0	0	1	0	0	0	0	0	0
761	chr14:75743001-76232000	SBS3	2	0	0	0	0	1	0	0	0	0
762	chr14:76232001-76678000	SBS3	2	0	0	0	0	2	0	0	0	0
763	chr14:76678001-77021000	SBS3	2	0	0	2	0	0	0	0	0	0
764	chr14:77129001-77292000	SBS3	2	0	0	1	0	0	0	0	0	0
765	chr14:77292001-77768500	SBS3	2	0	0	0	0	1	0	0	0	0
766	chr14:77768501-79843091	SBS3	1	0	0	0	0	8	0	0	0	0
767	chr14:79843129-80491000	SBS3	1	0	0	0	0	1	0	0	0	0
768	chr14:80491001-86077000	SBS1	2	0	0	2	0	0	0	0	0	0
769	chr14:80491001-86077000	SBS100	2	0	0	1	0	0	0	0	0	0
770	chr14:80491001-86077000	SBS3	2	0	0	3	0	5	0	0	0	0
771	chr14:86077001-87921000	SBS3	1	0	0	0	0	2	0	0	0	0
772	chr14:87921001-88181000	SBS3	2	0	0	0	0	1	0	0	0	0
773	chr14:88181001-89165000	SBS3	2	0	0	1	0	1	0	0	0	0
774	chr14:89450001-90064000	SBS1	2	0	0	0	0	1	0	0	0	0
775	chr14:90244001-90886000	SBS3	2	0	0	1	0	0	0	0	0	0
776	chr14:91715001-92165000	SBS3	2	0	0	0	0	1	0	0	0	0
777	chr14:92165001-92460000	SBS3	2	0	0	0	0	1	0	0	0	0
778	chr14:94144001-95085000	SBS3	2	0	0	2	0	0	0	0	0	0
779	chr14:95564001-96255000	SBS1	1	0	0	0	0	1	0	0	0	0
780	chr14:95564001-96255000	SBS3	1	0	0	0	0	7	0	0	0	0
781	chr14:96431001-98902000	SBS3	1	0	0	0	0	9	0	0	0	0
782	chr15:1-18362626	SBS3	2	0	0	0	0	3	0	0	0	0
783	chr15:100560001-101165000	SBS3	2	2	0	2	0	0	0	0	0	0
784	chr15:101299001-101991189	SBS3	2	1	0	3	0	2	0	0	0	0
785	chr15:18362627-23092000	SBS1	2	0	0	0	0	1	0	0	0	0
786	chr15:18362627-23092000	SBS3	2	0	0	0	0	11	0	0	0	0
787	chr15:23092001-25688000	SBS1	1	0	0	0	0	1	0	0	0	0
788	chr15:23092001-25688000	SBS3	1	0	0	0	0	8	0	0	0	0
789	chr15:25941001-28086000	SBS1	1	0	0	0	0	2	0	0	0	0
790	chr15:25941001-28086000	SBS100	1	0	0	0	0	1	0	0	0	0
791	chr15:25941001-28086000	SBS3	1	0	0	0	0	6	0	0	0	0
792	chr15:28086001-29285000	SBS100	1	0	0	0	0	1	0	0	0	0
793	chr15:28086001-29285000	SBS3	1	0	0	0	0	2	0	0	0	0
794	chr15:29285001-29692000	SBS3	1	0	0	0	0	2	0	0	0	0
795	chr15:29692001-29892000	SBS3	2	0	0	0	0	1	0	0	0	0
796	chr15:30077001-31204000	SBS3	2	0	0	1	0	0	0	0	0	0
797	chr15:31204001-31513000	SBS1	2	1	0	1	0	0	0	0	0	0
798	chr15:31513001-32429000	SBS3	1	0	0	0	0	2	0	0	0	0
799	chr15:34194001-34379000	SBS3	2	0	0	0	0	1	0	0	0	0
800	chr15:34379001-37143000	SBS100	2	0	0	1	0	0	0	0	0	0
801	chr15:34379001-37143000	SBS3	2	0	0	5	0	5	0	0	0	0
802	chr15:38720001-39453000	SBS3	2	0	0	1	0	0	0	0	0	0
803	chr15:39453001-41056000	SBS3	2	0	0	2	0	2	0	0	0	0
804	chr15:41056001-41654000	SBS3	2	0	0	1	0	1	0	0	0	0
805	chr15:41654001-41977000	SBS3	2	0	0	0	0	1	0	0	0	0
806	chr15:41977001-43879000	SBS3	2	0	0	5	0	0	0	0	0	0
807	chr15:43879001-44421000	SBS3	2	0	0	1	0	0	0	0	0	0
808	chr15:44743001-45733000	SBS3	2	0	0	1	0	1	0	0	0	0
809	chr15:45733001-47176000	SBS3	1	0	0	0	0	4	0	0	0	0
810	chr15:47176001-48136000	SBS3	2	0	0	5	0	2	0	0	0	0
811	chr15:48136001-48749000	SBS3	2	0	0	0	0	2	0	0	0	0
812	chr15:49333001-51722000	SBS1	2	0	0	1	0	0	0	0	0	0
813	chr15:49333001-51722000	SBS3	2	0	0	3	0	1	0	0	0	0
814	chr15:51722001-52756000	SBS3	2	0	0	1	0	1	0	0	0	0
815	chr15:52923137-55171000	SBS1	1	0	0	0	0	1	0	0	0	0
816	chr15:52923137-55171000	SBS3	1	0	0	0	0	3	0	0	0	0
817	chr15:55411001-55827000	SBS3	1	0	0	0	0	2	0	0	0	0
818	chr15:55827001-56904500	SBS100	2	0	0	0	0	1	0	0	0	0
819	chr15:55827001-56904500	SBS3	2	0	0	0	0	6	0	0	0	0
820	chr15:57308001-57724000	SBS3	2	0	0	1	0	0	0	0	0	0
821	chr15:57724001-58212000	SBS3	2	0	0	1	0	0	0	0	0	0
822	chr15:58212001-59701000	SBS3	2	0	0	1	0	0	0	0	0	0
823	chr15:59701001-60320000	SBS3	2	0	0	1	0	2	0	0	0	0
824	chr15:60596001-61061000	SBS3	2	0	0	1	0	0	0	0	0	0
825	chr15:61061001-61830000	SBS3	1	0	0	0	0	3	0	0	0	0
826	chr15:61830001-62072000	SBS1	2	0	0	1	0	0	0	0	0	0
827	chr15:61830001-62072000	SBS3	2	0	0	0	0	1	0	0	0	0
828	chr15:62072001-62385000	SBS3	1	0	0	0	0	1	0	0	0	0
829	chr15:62385001-63021000	SBS3	2	0	0	0	0	1	0	0	0	0
830	chr15:63021001-63293000	SBS3	2	0	0	1	0	0	0	0	0	0
831	chr15:63293001-63462000	SBS3	2	0	0	0	0	1	0	0	0	0
832	chr15:63613001-64705000	SBS3	2	1	0	1	0	0	0	0	0	0
833	chr15:64705001-65748000	SBS3	2	0	0	1	0	2	0	0	0	0
834	chr15:65930001-66283000	SBS3	1	0	0	0	0	1	0	0	0	0
835	chr15:66283001-67024000	SBS100	2	0	0	0	0	1	0	0	0	0
836	chr15:66283001-67024000	SBS3	2	0	0	0	0	2	0	0	0	0
837	chr15:67024001-67256000	SBS3	3	1	0	0	0	1	0	0	0	0
838	chr15:67256001-68053000	SBS3	2	0	0	0	0	1	0	0	0	0
839	chr15:68310001-70023000	SBS3	2	0	0	0	0	3	0	0	0	0
840	chr15:70023001-70779000	SBS3	2	0	0	0	0	1	0	0	0	0
841	chr15:70779001-72096000	SBS3	2	0	0	4	0	0	0	0	0	0
842	chr15:72096001-72796000	SBS3	2	0	0	0	0	1	0	0	0	0
843	chr15:72796001-73547000	SBS3	1	0	0	0	0	1	0	0	0	0
844	chr15:73915001-74083000	SBS1	2	1	0	0	0	1	0	0	0	0
845	chr15:73915001-74083000	SBS3	2	1	0	0	0	1	0	0	0	0
846	chr15:74083001-74361500	SBS3	1	0	0	0	0	1	0	0	0	0
847	chr15:74361501-74800217	SBS3	2	0	0	1	0	1	0	0	0	0
848	chr15:74800446-76914469	SBS1	2	0	0	0	0	1	0	0	0	0
849	chr15:74800446-76914469	SBS3	2	0	0	1	0	2	0	0	0	0
850	chr15:76914586-77571000	SBS3	2	0	0	1	0	0	0	0	0	0
851	chr15:77571001-77945000	SBS3	1	0	0	0	0	1	0	0	0	0
852	chr15:78110001-78568000	SBS3	2	0	0	0	0	1	0	0	0	0
853	chr15:78568001-78857000	SBS3	2	0	0	1	0	0	0	0	0	0
854	chr15:78993001-79846000	SBS1	1	0	0	0	0	1	0	0	0	0
855	chr15:79846001-80157000	SBS3	2	0	0	0	0	1	0	0	0	0
856	chr15:80157001-80970000	SBS1	2	0	0	1	0	0	0	0	0	0
857	chr15:80157001-80970000	SBS3	2	0	0	0	0	1	0	0	0	0
858	chr15:80970001-81062000	SBS3	2	0	0	0	0	2	0	0	0	0
859	chr15:82122001-82564000	SBS3	2	0	0	1	0	1	0	0	0	0
860	chr15:82564001-82805000	SBS1	1	0	0	0	0	1	0	0	0	0
861	chr15:82564001-82805000	SBS3	1	0	0	0	0	7	0	0	0	0
862	chr15:82809913-83221000	SBS3	2	0	0	1	0	0	0	0	0	0
863	chr15:83221001-84560000	SBS3	1	0	0	0	0	1	0	0	0	0
864	chr15:84782001-85374000	SBS3	2	0	0	0	0	1	0	0	0	0
865	chr15:85735001-85844666	SBS3	2	0	0	0	0	1	0	0	0	0
866	chr15:85941001-86203000	SBS3	1	1	0	0	0	4	0	0	0	0
867	chr15:86250001-87408000	SBS3	1	0	0	0	0	1	0	0	0	0
868	chr15:87408001-88620000	SBS3	1	0	0	0	0	2	0	0	0	0
869	chr15:88663001-89056000	SBS3	1	0	0	0	0	1	0	0	0	0
870	chr15:89056001-89339000	SBS3	2	0	0	1	0	0	0	0	0	0
871	chr15:89339001-89994000	SBS1	2	0	0	0	0	1	0	0	0	0
872	chr15:89339001-89994000	SBS3	2	0	0	0	0	1	0	0	0	0
873	chr15:90055813-90216684	SBS3	4	2	0	1	0	0	2	0	0	0
874	chr15:90216685-90620000	SBS3	3	2	0	2	1	0	0	0	0	0
875	chr15:90620001-91066000	SBS1	2	2	0	0	0	1	0	0	0	0
876	chr15:90620001-91066000	SBS100	2	2	0	0	0	1	0	0	0	0
877	chr15:90620001-91066000	SBS3	2	2	0	1	0	0	0	0	0	0
878	chr15:91066001-92520000	SBS1	2	1	0	0	0	1	0	0	0	0
879	chr15:91066001-92520000	SBS100	2	1	0	0	0	2	0	0	0	0
880	chr15:91066001-92520000	SBS3	2	1	0	5	0	3	0	0	0	0
881	chr15:92797001-92837137	SBS3	3	3	0	0	1	0	0	0	0	0
882	chr15:92838707-93036000	SBS3	3	2	0	1	2	0	0	0	0	0
883	chr15:93036001-93342000	SBS1	2	1	0	0	0	1	0	0	0	0
884	chr15:93342001-94473000	SBS3	2	1	0	4	0	2	0	0	0	0
885	chr15:94473001-95151000	SBS1	1	1	0	0	0	1	0	0	0	0
886	chr15:94473001-95151000	SBS3	1	1	0	0	0	6	0	0	0	0
887	chr15:95151001-95407000	SBS3	2	1	0	1	0	0	0	0	0	0
888	chr15:95407001-96368000	SBS3	2	2	0	5	0	0	0	0	0	0
889	chr15:96368001-98643000	SBS3	1	1	0	0	0	12	0	0	0	0
890	chr15:98643001-98935000	SBS3	2	2	0	1	0	0	0	0	0	0
891	chr15:99118001-99768000	SBS100	2	2	0	1	0	0	0	0	0	0
892	chr15:99118001-99768000	SBS3	2	2	0	3	0	0	0	0	0	0
893	chr15:99768001-100560000	SBS3	1	1	0	0	0	7	0	0	0	0
894	chr16:1-781852	SBS1	2	2	0	1	0	0	0	0	0	0
895	chr16:1-781852	SBS3	2	2	0	2	0	4	0	0	0	0
896	chr16:10506001-10863000	SBS3	2	1	0	4	0	0	0	0	0	0
897	chr16:10863001-11411000	SBS3	2	2	0	3	0	0	0	0	0	0
898	chr16:11411001-11532000	SBS1	2	1	0	1	0	0	0	0	0	0
899	chr16:11411001-11532000	SBS3	2	1	0	2	0	0	0	0	0	0
900	chr16:11532001-12099000	SBS3	2	2	0	2	0	0	0	0	0	0
901	chr16:12099001-12906000	SBS3	2	1	0	1	0	10	0	0	0	0
902	chr16:12906001-13245762	SBS3	1	1	0	0	0	3	0	0	0	0
903	chr16:1300001-2457000	SBS1	2	1	0	1	0	0	0	0	0	0
904	chr16:1300001-2457000	SBS100	2	1	0	2	0	0	0	0	0	0
905	chr16:1300001-2457000	SBS3	2	1	0	2	0	0	0	0	0	0
906	chr16:13246426-13896000	SBS3	1	1	0	0	0	5	0	0	0	0
907	chr16:13896001-16700000	SBS1	2	1	0	0	0	1	0	0	0	0
908	chr16:13896001-16700000	SBS3	2	1	0	3	0	8	0	0	0	0
909	chr16:16700001-17012000	SBS1	1	1	0	0	0	1	0	0	0	0
910	chr16:16700001-17012000	SBS3	1	1	0	0	0	4	0	0	0	0
911	chr16:17012001-17274000	SBS100	2	1	0	1	0	0	0	0	0	0
912	chr16:17274001-17479000	SBS3	2	2	0	1	0	0	0	0	0	0
913	chr16:17479001-18428000	SBS3	1	1	0	0	0	5	0	0	0	0
914	chr16:18428001-18808000	SBS1	4	2	0	1	0	0	0	0	0	0
915	chr16:18808001-19134000	SBS3	2	1	0	1	0	0	0	0	0	0
916	chr16:19134001-19491000	SBS3	1	1	0	0	0	1	0	0	0	0
917	chr16:19491001-19891000	SBS3	2	2	0	1	0	0	0	0	0	0
918	chr16:19891001-20629000	SBS3	1	1	0	0	0	1	0	0	0	0
919	chr16:20629001-20918000	SBS3	2	2	0	1	0	0	0	0	0	0
920	chr16:20918001-21583000	SBS3	2	1	0	3	0	5	0	0	0	0
921	chr16:21663001-21833000	SBS100	2	1	0	1	0	0	0	0	0	0
922	chr16:21663001-21833000	SBS3	2	1	0	0	0	1	0	0	0	0
923	chr16:22183001-22406659	SBS3	2	2	0	3	0	0	0	0	0	0
924	chr16:22419001-23038000	SBS1	1	1	0	0	0	1	0	0	0	0
925	chr16:22419001-23038000	SBS3	1	1	0	0	0	3	0	0	0	0
926	chr16:23038001-23303136	SBS1	2	1	0	1	0	0	0	0	0	0
927	chr16:23038001-23303136	SBS3	2	1	0	2	0	0	0	0	0	0
928	chr16:23303291-23681000	SBS3	2	2	0	3	0	1	0	0	0	0
929	chr16:23681001-24166000	SBS3	2	1	0	2	0	1	0	0	0	0
930	chr16:24166001-24530000	SBS3	1	1	0	0	0	2	0	0	0	0
931	chr16:2457001-3177000	SBS100	2	2	0	1	0	0	0	0	0	0
932	chr16:2457001-3177000	SBS3	2	2	0	5	0	0	0	0	0	0
933	chr16:24919001-25148000	SBS3	2	2	0	2	0	0	0	0	0	0
934	chr16:25281001-27154000	SBS3	1	1	0	0	0	15	0	0	0	0
935	chr16:27779957-28109000	SBS3	3	1	0	2	0	0	0	0	0	0
936	chr16:28109001-28217000	SBS100	6	1	0	1	0	0	0	0	0	0
937	chr16:28109001-28217000	SBS3	6	1	0	1	1	0	1	0	0	0
938	chr16:28295775-29590524	SBS3	2	2	0	3	0	0	0	0	0	0
939	chr16:29597357-29896420	SBS3	2	2	0	1	0	0	0	0	0	0
940	chr16:29961001-31213000	SBS1	2	2	0	0	0	1	0	0	0	0
941	chr16:29961001-31213000	SBS3	2	2	0	6	0	1	0	0	0	0
942	chr16:31213001-31427000	SBS3	2	1	0	1	0	0	0	0	0	0
943	chr16:31513001-31847000	SBS3	1	1	0	0	0	2	0	0	0	0
944	chr16:3177001-3748000	SBS3	2	1	0	1	0	0	0	0	0	0
945	chr16:31847001-34072000	SBS3	2	1	0	2	0	2	0	0	0	0
946	chr16:3879001-4250000	SBS3	2	1	0	1	0	4	0	0	0	0
947	chr16:4250001-4880000	SBS3	2	2	0	2	0	0	0	0	0	0
948	chr16:4880001-5152000	SBS3	2	1	0	2	0	0	0	0	0	0
949	chr16:5152001-8562000	SBS1	1	1	0	0	0	3	0	0	0	0
950	chr16:5152001-8562000	SBS3	1	1	0	0	0	29	0	0	0	0
951	chr16:781888-1300000	SBS3	1	1	0	0	0	4	0	0	0	0
952	chr16:8562001-8795000	SBS3	2	1	0	1	0	1	0	0	0	0
953	chr16:8795001-8965000	SBS3	2	2	0	2	0	0	0	0	0	0
954	chr16:9140001-9880589	SBS1	1	1	0	0	0	1	0	0	0	0
955	chr16:9140001-9880589	SBS3	1	1	0	0	0	4	0	0	0	0
956	chr16:9880623-10506000	SBS100	1	1	0	0	0	1	0	0	0	0
957	chr16:9880623-10506000	SBS3	1	1	0	0	0	10	0	0	0	0
958	chr17:1-1336000	SBS3	2	0	0	0	0	2	0	0	0	0
959	chr17:10867001-11970000	SBS1	1	0	0	0	0	1	0	0	0	0
960	chr17:10867001-11970000	SBS3	1	0	0	0	0	2	0	0	0	0
961	chr17:11970001-12145000	SBS3	2	0	0	1	0	3	0	0	0	0
962	chr17:12145001-14016000	SBS1	1	0	0	0	0	1	0	0	0	0
963	chr17:12145001-14016000	SBS3	1	0	0	0	0	1	0	0	0	0
964	chr17:1336001-2442000	SBS3	2	0	0	1	0	2	0	0	0	0
965	chr17:14823001-15225000	SBS3	1	0	0	0	0	1	0	0	0	0
966	chr17:15225001-16546000	SBS100	2	0	0	1	0	0	0	0	0	0
967	chr17:15225001-16546000	SBS3	2	0	0	1	0	1	0	0	0	0
968	chr17:16546001-16988000	SBS3	2	0	0	0	0	2	0	0	0	0
969	chr17:16988001-17212000	SBS100	2	0	0	0	0	1	0	0	0	0
970	chr17:16988001-17212000	SBS3	2	0	0	1	0	1	0	0	0	0
971	chr17:17212001-17674000	SBS3	2	0	0	0	0	4	0	0	0	0
972	chr17:17674001-17977000	SBS3	2	0	0	1	0	0	0	0	0	0
973	chr17:17977001-21281500	SBS3	2	0	0	4	0	3	0	0	0	0
974	chr17:2442001-3097000	SBS3	2	0	0	0	0	3	0	0	0	0
975	chr17:24849830-27192000	SBS1	1	0	0	0	0	1	0	0	0	0
976	chr17:24849830-27192000	SBS3	1	0	0	0	0	5	0	0	0	0
977	chr17:27192001-27658500	SBS3	2	0	0	1	0	0	0	0	0	0
978	chr17:27658501-28031000	SBS3	2	0	0	0	0	1	0	0	0	0
979	chr17:28031001-31607000	SBS3	2	0	0	3	0	7	0	0	0	0
980	chr17:3097001-3635000	SBS3	1	0	0	0	0	2	0	0	0	0
981	chr17:31607001-31854000	SBS3	1	0	0	0	0	1	0	0	0	0
982	chr17:31854001-32950000	SBS3	2	0	0	2	0	1	0	0	0	0
983	chr17:32950001-34169000	SBS100	1	0	0	0	0	1	0	0	0	0
984	chr17:32950001-34169000	SBS3	1	0	0	0	0	2	0	0	0	0
985	chr17:34455001-34950000	SBS3	1	0	0	0	0	1	0	0	0	0
986	chr17:3635001-5623000	SBS3	2	0	0	0	0	10	0	0	0	0
987	chr17:36615001-36928000	SBS1	1	0	0	0	0	1	0	0	0	0
988	chr17:36615001-36928000	SBS3	1	0	0	0	0	1	0	0	0	0
989	chr17:37653001-38664000	SBS3	2	0	0	2	0	1	0	0	0	0
990	chr17:38664001-38832760	SBS3	2	0	0	1	0	0	0	0	0	0
991	chr17:39616001-40659000	SBS3	2	0	0	4	0	2	0	0	0	0
992	chr17:42612001-45043000	SBS100	2	0	0	1	0	0	0	0	0	0
993	chr17:42612001-45043000	SBS3	2	0	0	3	0	1	0	0	0	0
994	chr17:46026001-46263000	SBS3	2	1	0	1	0	1	0	0	0	0
995	chr17:46263001-47064000	SBS3	2	0	0	0	0	1	0	0	0	0
996	chr17:47064001-47901200	SBS3	2	0	0	0	0	3	0	0	0	0
997	chr17:47901241-48636000	SBS3	2	0	0	1	0	2	0	0	0	0
998	chr17:48636001-49187000	SBS3	2	0	0	1	0	2	0	0	0	0
999	chr17:49187001-49603000	SBS3	2	0	0	0	0	1	0	0	0	0
1000	chr17:49603001-49835000	SBS3	3	0	0	0	1	0	0	0	0	0
1001	chr17:49835001-50847000	SBS3	2	0	0	1	0	2	0	0	0	0
1002	chr17:50847001-51305000	SBS3	2	0	0	1	0	0	0	0	0	0
1003	chr17:52264001-54879000	SBS1	1	0	0	0	0	1	0	0	0	0
1004	chr17:52264001-54879000	SBS100	1	0	0	0	0	1	0	0	0	0
1005	chr17:52264001-54879000	SBS3	1	0	0	0	0	6	0	0	0	0
1006	chr17:55124244-55828000	SBS100	3	0	0	1	0	0	0	0	0	0
1007	chr17:55124244-55828000	SBS3	3	0	0	2	0	1	0	0	0	0
1008	chr17:55828001-55955856	SBS3	2	0	0	1	0	0	0	0	0	0
1009	chr17:55955857-56236186	SBS3	5	0	0	5	1	0	2	0	0	0
1010	chr17:5623001-6426000	SBS1	1	0	0	0	0	1	0	0	0	0
1011	chr17:5623001-6426000	SBS3	1	0	0	0	0	2	0	0	0	0
1012	chr17:56236187-56799000	SBS3	3	0	0	2	1	2	0	0	0	0
1013	chr17:56799001-57248000	SBS3	4	0	0	0	0	0	1	0	0	0
1014	chr17:57248001-57610000	SBS100	4	0	0	0	0	0	1	0	0	0
1015	chr17:57830001-58015500	SBS100	5	0	0	0	1	0	0	0	0	0
1016	chr17:58015501-58319835	SBS1	3	0	0	1	0	0	0	0	0	0
1017	chr17:58015501-58319835	SBS3	3	0	0	0	1	0	0	0	0	0
1018	chr17:58428001-59607000	SBS3	5	0	0	3	1	3	0	0	0	0
1019	chr17:59607001-59860000	SBS3	6	1	0	2	0	0	1	1	0	0
1020	chr17:59860001-60890648	SBS3	4	0	0	2	2	0	1	0	0	0
1021	chr17:60890772-62075000	SBS3	3	0	0	3	0	0	0	0	0	0
1022	chr17:62075001-62449000	SBS3	3	0	0	1	0	0	0	0	0	0
1023	chr17:62728001-62958000	SBS3	2	0	0	1	0	0	0	0	0	0
1024	chr17:62958001-63545000	SBS3	3	0	0	1	0	0	0	0	0	0
1025	chr17:63545001-64311959	SBS100	4	1	0	0	0	0	1	0	0	0
1026	chr17:63545001-64311959	SBS3	4	1	0	0	1	0	0	0	0	0
1027	chr17:6426001-7200000	SBS3	2	0	0	1	0	2	0	0	0	0
1028	chr17:64312119-65209000	SBS100	4	0	0	0	0	0	1	0	0	0
1029	chr17:64312119-65209000	SBS3	4	0	0	5	3	1	1	0	0	0
1030	chr17:65209001-67068000	SBS100	3	0	0	0	1	0	0	0	0	0
1031	chr17:65209001-67068000	SBS3	3	0	0	7	2	1	0	0	0	0
1032	chr17:67068001-67755535	SBS100	4	0	0	1	0	0	0	0	0	0
1033	chr17:67068001-67755535	SBS3	4	0	0	3	0	0	1	0	0	0
1034	chr17:67813001-68795500	SBS1	5	0	0	0	0	1	0	0	0	0
1035	chr17:67813001-68795500	SBS3	5	0	0	1	2	1	0	1	0	0
1036	chr17:68795501-69412000	SBS3	4	0	0	1	1	0	1	0	0	0
1037	chr17:69412001-69592000	SBS3	5	0	0	2	0	0	0	0	0	0
1038	chr17:69592001-69957000	SBS100	3	0	0	2	0	0	0	0	0	0
1039	chr17:69592001-69957000	SBS3	3	0	0	1	1	0	0	0	0	0
1040	chr17:69957001-71029000	SBS1	4	0	0	1	0	0	0	0	0	0
1041	chr17:69957001-71029000	SBS3	4	0	0	1	2	1	0	0	0	0
1042	chr17:71029001-71720000	SBS3	5	0	0	0	0	0	0	1	0	0
1043	chr17:71720001-73420000	SBS1	7	0	0	0	0	1	0	0	0	0
1044	chr17:71720001-73420000	SBS100	7	0	0	0	0	0	0	0	1	0
1045	chr17:71720001-73420000	SBS3	7	0	0	1	0	0	3	2	2	1
1046	chr17:7200001-7620000	SBS1	2	0	0	1	0	0	0	0	0	0
1047	chr17:73420001-74270528	SBS100	5	0	0	0	0	0	0	1	0	0
1048	chr17:73420001-74270528	SBS3	5	0	0	3	1	0	0	2	0	0
1049	chr17:74270629-74727000	SBS3	5	0	0	1	0	2	0	1	0	0
1050	chr17:74727001-76781000	SBS100	7	0	0	1	0	0	0	0	0	0
1051	chr17:74727001-76781000	SBS3	7	0	0	2	2	2	6	2	2	3
1052	chr17:7620001-9585000	SBS1	2	0	0	1	0	0	0	0	0	0
1053	chr17:7620001-9585000	SBS3	2	0	0	2	0	1	0	0	0	0
1054	chr17:76781001-77054000	SBS3	5	0	0	0	0	0	0	1	0	0
1055	chr17:77054001-77306000	SBS3	7	0	0	0	0	0	0	1	0	0
1056	chr17:77306001-77486000	SBS3	8	1	0	1	0	0	0	0	0	0
1057	chr17:77486001-77933000	SBS100	6	0	0	0	0	0	0	0	0	1
1058	chr17:77486001-77933000	SBS3	6	0	0	0	0	0	0	1	0	2
1059	chr17:77933001-78662000	SBS1	7	0	0	0	0	0	0	0	1	0
1060	chr17:77933001-78662000	SBS3	7	0	0	0	1	0	0	0	0	3
1061	chr17:78662001-78787000	SBS3	9	0	0	0	0	0	1	1	0	0
1062	chr17:78787001-79095000	SBS3	7	0	0	0	2	0	0	3	0	0
1063	chr17:79095001-79702500	SBS3	4	0	0	0	1	1	0	0	0	0
1064	chr17:79702501-79930648	SBS3	7	0	0	0	1	0	0	0	0	0
1065	chr17:79930723-82899894	SBS1	6	0	0	1	0	1	0	0	0	0
1066	chr17:79930723-82899894	SBS100	6	0	0	0	0	0	0	0	0	1
1067	chr17:79930723-82899894	SBS3	6	0	0	3	1	2	2	3	0	2
1068	chr17:83080687-83257441	SBS3	6	0	0	0	1	0	0	0	0	0
1069	chr17:9585001-10867000	SBS1	1	0	0	0	0	1	0	0	0	0
1070	chr17:9585001-10867000	SBS3	1	0	0	0	0	4	0	0	0	0
1071	chr18:1-879000	SBS100	2	2	0	1	0	0	0	0	0	0
1072	chr18:1-879000	SBS3	2	2	0	1	0	0	0	0	0	0
1073	chr18:11843001-12802000	SBS3	2	2	0	3	0	0	0	0	0	0
1074	chr18:12802001-13631000	SBS3	2	2	0	4	0	0	0	0	0	0
1075	chr18:13631001-13826000	SBS3	2	2	0	1	0	0	0	0	0	0
1076	chr18:13826001-18161052	SBS100	1	1	0	0	0	1	0	0	0	0
1077	chr18:13826001-18161052	SBS3	1	1	0	0	0	7	0	0	0	0
1078	chr18:18161053-21126000	SBS1	3	2	0	0	1	0	0	0	0	0
1079	chr18:18161053-21126000	SBS3	3	2	0	6	0	0	0	0	0	0
1080	chr18:2028001-2532000	SBS3	2	1	0	2	0	2	0	0	0	0
1081	chr18:21126001-21518000	SBS3	2	1	0	1	0	0	0	0	0	0
1082	chr18:21518001-21870000	SBS3	2	2	0	2	0	0	0	0	0	0
1083	chr18:21870001-22606701	SBS3	2	1	0	2	0	2	0	0	0	0
1084	chr18:23116089-23598000	SBS3	2	2	0	1	0	0	0	0	0	0
1085	chr18:23598001-23814000	SBS3	2	2	0	1	0	0	0	0	0	0
1086	chr18:24139001-25067000	SBS3	2	2	0	7	0	0	0	0	0	0
1087	chr18:25067001-25371000	SBS3	2	2	0	2	0	0	0	0	0	0
1088	chr18:2532001-2806000	SBS3	3	2	0	1	0	0	0	0	0	0
1089	chr18:25371001-25993000	SBS3	2	1	0	2	0	1	0	0	0	0
1090	chr18:26818001-27440000	SBS3	2	1	0	3	0	0	0	0	0	0
1091	chr18:27440001-30260000	SBS1	1	1	0	0	0	2	0	0	0	0
1092	chr18:27440001-30260000	SBS3	1	1	0	0	0	19	0	0	0	0
1093	chr18:2806001-3738000	SBS100	2	2	0	1	0	0	0	0	0	0
1094	chr18:2806001-3738000	SBS3	2	2	0	5	0	0	0	0	0	0
1095	chr18:30260001-30928000	SBS1	2	1	0	1	0	0	0	0	0	0
1096	chr18:30260001-30928000	SBS3	2	1	0	2	0	2	0	0	0	0
1097	chr18:30928001-31342000	SBS3	2	2	0	1	0	0	0	0	0	0
1098	chr18:31342001-32490000	SBS100	2	1	0	1	0	0	0	0	0	0
1099	chr18:31342001-32490000	SBS3	2	1	0	2	0	0	0	0	0	0
1100	chr18:32490001-34772000	SBS3	1	1	0	0	0	10	0	0	0	0
1101	chr18:34772001-35578000	SBS3	2	1	0	2	0	2	0	0	0	0
1102	chr18:35715001-35920000	SBS100	2	1	0	1	0	0	0	0	0	0
1103	chr18:35715001-35920000	SBS3	2	1	0	1	0	0	0	0	0	0
1104	chr18:35920001-36191319	SBS3	2	2	0	2	0	0	0	0	0	0
1105	chr18:36191366-36782000	SBS3	2	1	0	2	0	0	0	0	0	0
1106	chr18:36782001-36953000	SBS100	2	1	0	0	0	1	0	0	0	0
1107	chr18:36953001-41950000	SBS1	1	1	0	0	0	1	0	0	0	0
1108	chr18:36953001-41950000	SBS100	1	1	0	0	0	1	0	0	0	0
1109	chr18:36953001-41950000	SBS3	1	1	0	0	0	43	0	0	0	0
1110	chr18:41950001-42101000	SBS3	2	2	0	1	0	0	0	0	0	0
1111	chr18:42319001-43520000	SBS1	1	1	0	0	0	3	0	0	0	0
1112	chr18:42319001-43520000	SBS3	1	1	0	0	0	7	0	0	0	0
1113	chr18:4333001-5224000	SBS1	1	1	0	0	0	1	0	0	0	0
1114	chr18:4333001-5224000	SBS3	1	1	0	0	0	3	0	0	0	0
1115	chr18:43520001-44071000	SBS100	1	1	0	0	0	1	0	0	0	0
1116	chr18:43520001-44071000	SBS3	1	1	0	0	0	2	0	0	0	0
1117	chr18:44071001-44500000	SBS3	2	1	0	1	0	0	0	0	0	0
1118	chr18:44500001-45120000	SBS3	2	2	0	2	0	0	0	0	0	0
1119	chr18:45120001-45746000	SBS3	2	1	0	2	0	0	0	0	0	0
1120	chr18:45746001-46351000	SBS3	2	2	0	2	0	0	0	0	0	0
1121	chr18:46351001-46801000	SBS3	1	1	0	0	0	5	0	0	0	0
1122	chr18:46801001-47219000	SBS3	2	1	0	0	0	1	0	0	0	0
1123	chr18:47219001-47739000	SBS3	1	1	0	0	0	4	0	0	0	0
1124	chr18:47936001-48660000	SBS3	2	1	0	1	0	1	0	0	0	0
1125	chr18:48660001-49499000	SBS3	2	2	0	1	0	0	0	0	0	0
1126	chr18:49499001-50325000	SBS100	2	1	0	1	0	0	0	0	0	0
1127	chr18:49499001-50325000	SBS3	2	1	0	0	0	1	0	0	0	0
1128	chr18:50325001-50806000	SBS3	2	1	0	2	0	0	0	0	0	0
1129	chr18:50806001-51216000	SBS3	2	2	0	1	0	0	0	0	0	0
1130	chr18:51216001-51386096	SBS3	1	1	0	0	0	1	0	0	0	0
1131	chr18:51400001-54143000	SBS1	1	0	0	0	0	1	0	0	0	0
1132	chr18:51400001-54143000	SBS100	1	0	0	0	0	1	0	0	0	0
1133	chr18:51400001-54143000	SBS3	1	0	0	0	0	6	0	0	0	0
1134	chr18:5325001-5851000	SBS3	2	1	0	4	0	1	0	0	0	0
1135	chr18:54298001-55219000	SBS1	1	0	0	0	0	1	0	0	0	0
1136	chr18:54298001-55219000	SBS3	1	0	0	0	0	6	0	0	0	0
1137	chr18:55219001-55600000	SBS3	2	0	0	0	0	1	0	0	0	0
1138	chr18:55600001-55768000	SBS3	1	0	0	0	0	2	0	0	0	0
1139	chr18:55768001-56562000	SBS1	2	0	0	0	0	1	0	0	0	0
1140	chr18:55768001-56562000	SBS3	2	0	0	1	0	2	0	0	0	0
1141	chr18:57042501-57431000	SBS3	1	0	0	0	0	2	0	0	0	0
1142	chr18:57431001-58526000	SBS100	2	0	0	1	0	0	0	0	0	0
1143	chr18:57431001-58526000	SBS3	2	0	0	1	0	1	0	0	0	0
1144	chr18:5851001-6907000	SBS3	2	1	0	5	0	2	0	0	0	0
1145	chr18:58526001-58994000	SBS1	2	0	0	1	0	0	0	0	0	0
1146	chr18:58526001-58994000	SBS3	2	0	0	2	0	5	0	0	0	0
1147	chr18:59407001-61520500	SBS100	1	0	0	0	0	1	0	0	0	0
1148	chr18:59407001-61520500	SBS3	1	0	0	0	0	10	0	0	0	0
1149	chr18:61520501-62079000	SBS3	2	0	0	1	0	0	0	0	0	0
1150	chr18:62333001-63120000	SBS3	2	0	0	1	0	2	0	0	0	0
1151	chr18:63446001-64040000	SBS3	1	0	0	0	0	3	0	0	0	0
1152	chr18:64040001-68672000	SBS100	1	0	0	0	0	1	0	0	0	0
1153	chr18:64040001-68672000	SBS3	1	0	0	0	0	20	0	0	0	0
1154	chr18:68737001-69850000	SBS3	1	0	0	0	0	4	0	0	0	0
1155	chr18:6907001-7519000	SBS3	1	1	0	0	0	5	0	0	0	0
1156	chr18:69850001-70466000	SBS3	2	0	0	0	0	1	0	0	0	0
1157	chr18:70466001-74106000	SBS1	1	0	0	0	0	1	0	0	0	0
1158	chr18:70466001-74106000	SBS100	1	0	0	0	0	1	0	0	0	0
1159	chr18:70466001-74106000	SBS3	1	0	0	0	0	7	0	0	0	0
1160	chr18:74106001-74584000	SBS3	2	0	0	0	0	1	0	0	0	0
1161	chr18:75073001-75196000	SBS3	2	0	0	0	0	1	0	0	0	0
1162	chr18:7519001-9054000	SBS1	1	1	0	0	0	1	0	0	0	0
1163	chr18:7519001-9054000	SBS3	1	1	0	0	0	11	0	0	0	0
1164	chr18:75266001-76819000	SBS3	1	0	0	0	0	6	0	0	0	0
1165	chr18:76819001-77230000	SBS1	2	1	0	1	0	0	0	0	0	0
1166	chr18:77230001-77624638	SBS3	1	0	0	0	0	1	0	0	0	0
1167	chr18:77624639-78324000	SBS3	1	1	0	0	0	4	0	0	0	0
1168	chr18:78324001-78955000	SBS3	1	1	0	0	0	9	0	0	0	0
1169	chr18:79064001-80373285	SBS100	2	2	0	0	0	2	0	0	0	0
1170	chr18:79064001-80373285	SBS3	2	2	0	6	0	1	0	0	0	0
1171	chr18:879001-2028000	SBS3	1	1	0	0	0	9	0	0	0	0
1172	chr18:9054001-9225000	SBS3	3	2	0	1	1	0	0	0	0	0
1173	chr18:9225001-9906000	SBS3	2	2	0	2	0	0	0	0	0	0
1174	chr18:9906001-9968000	SBS3	3	2	0	1	0	0	0	0	0	0
1175	chr18:9968001-11843000	SBS3	2	1	0	8	0	5	0	0	0	0
1176	chr19:1-889000	SBS3	1	0	0	0	0	6	0	0	0	0
1177	chr19:10076001-11165000	SBS3	2	2	0	7	0	0	0	0	0	0
1178	chr19:11165001-12588000	SBS1	2	1	0	1	0	0	0	0	0	0
1179	chr19:11165001-12588000	SBS3	2	1	0	1	0	1	0	0	0	0
1180	chr19:12588001-13005000	SBS3	2	2	0	2	0	0	0	0	0	0
1181	chr19:1285001-1679500	SBS100	2	0	0	1	0	0	0	0	0	0
1182	chr19:1285001-1679500	SBS3	2	0	0	0	0	2	0	0	0	0
1183	chr19:13005001-13174000	SBS3	3	2	0	0	2	0	0	0	0	0
1184	chr19:13174001-13282000	SBS3	2	1	0	1	0	0	0	0	0	0
1185	chr19:13716001-14580000	SBS3	2	2	0	4	0	0	0	0	0	0
1186	chr19:14657911-15230000	SBS1	1	1	0	0	0	1	0	0	0	0
1187	chr19:15230001-15475000	SBS3	2	2	0	1	0	0	0	0	0	0
1188	chr19:15475001-16040000	SBS1	1	1	0	0	0	1	0	0	0	0
1189	chr19:15475001-16040000	SBS3	1	1	0	0	0	5	0	0	0	0
1190	chr19:16040001-16669000	SBS3	2	2	0	0	0	1	0	0	0	0
1191	chr19:16669001-17056000	SBS3	1	1	0	0	0	5	0	0	0	0
1192	chr19:17056001-17525000	SBS3	2	2	0	2	0	0	0	0	0	0
1193	chr19:17525001-17996000	SBS3	2	1	0	0	0	1	0	0	0	0
1194	chr19:17996001-18612000	SBS1	2	2	0	1	0	0	0	0	0	0
1195	chr19:17996001-18612000	SBS3	2	2	0	2	0	2	0	0	0	0
1196	chr19:1804001-2278500	SBS3	2	0	0	1	0	0	0	0	0	0
1197	chr19:18612001-19358000	SBS3	2	1	0	3	0	0	0	0	0	0
1198	chr19:19682001-21885500	SBS100	2	1	0	2	0	0	0	0	0	0
1199	chr19:19682001-21885500	SBS3	2	1	0	2	0	5	0	0	0	0
1200	chr19:21885501-23219000	SBS3	1	1	0	0	0	15	0	0	0	0
1201	chr19:2278501-3214000	SBS1	2	0	0	0	0	1	0	0	0	0
1202	chr19:2278501-3214000	SBS3	2	0	0	0	0	1	0	0	0	0
1203	chr19:23219001-23409000	SBS3	2	1	0	1	0	0	0	0	0	0
1204	chr19:23409001-23626000	SBS1	1	1	0	0	0	1	0	0	0	0
1205	chr19:23409001-23626000	SBS3	1	1	0	0	0	1	0	0	0	0
1206	chr19:23626001-25844926	SBS3	2	1	0	1	0	2	0	0	0	0
1207	chr19:25844927-29596000	SBS3	1	1	0	0	0	21	0	0	0	0
1208	chr19:30051001-30640000	SBS3	1	1	0	0	0	7	0	0	0	0
1209	chr19:30640001-31467000	SBS3	1	1	0	0	0	6	0	0	0	0
1210	chr19:31467001-32206000	SBS1	1	1	0	0	0	1	0	0	0	0
1211	chr19:31467001-32206000	SBS100	1	1	0	0	0	1	0	0	0	0
1212	chr19:31467001-32206000	SBS3	1	1	0	0	0	3	0	0	0	0
1213	chr19:32206001-32332000	SBS3	2	1	0	1	0	0	0	0	0	0
1214	chr19:32423001-33033223	SBS1	2	1	0	1	0	0	0	0	0	0
1215	chr19:32423001-33033223	SBS3	2	1	0	1	0	0	0	0	0	0
1216	chr19:3272951-3830000	SBS3	2	1	0	4	0	0	0	0	0	0
1217	chr19:33033224-33227324	SBS1	3	2	0	0	1	0	0	0	0	0
1218	chr19:33033224-33227324	SBS3	3	2	0	0	6	0	0	0	0	0
1219	chr19:33227360-33459000	SBS3	3	2	0	0	3	0	0	0	0	0
1220	chr19:33459001-34163000	SBS3	2	1	0	8	0	2	0	0	0	0
1221	chr19:34163001-34476000	SBS1	4	2	0	1	0	0	0	0	0	0
1222	chr19:34163001-34476000	SBS3	4	2	0	3	2	2	1	0	0	0
1223	chr19:34476001-34940000	SBS3	3	1	0	2	1	1	0	0	0	0
1224	chr19:34940001-35283000	SBS3	3	2	0	1	1	0	0	0	0	0
1225	chr19:35283001-35705000	SBS1	3	1	0	0	1	0	0	0	0	0
1226	chr19:35283001-35705000	SBS3	3	1	0	3	1	0	0	0	0	0
1227	chr19:35759001-37898000	SBS1	3	1	0	0	1	1	0	0	0	0
1228	chr19:35759001-37898000	SBS3	3	1	0	2	3	4	0	0	0	0
1229	chr19:38067001-38635000	SBS3	3	2	0	2	3	1	0	0	0	0
1230	chr19:3830001-3954000	SBS1	2	1	0	1	0	0	0	0	0	0
1231	chr19:38696001-39333000	SBS3	3	2	0	0	4	1	0	0	0	0
1232	chr19:3954001-5176000	SBS1	2	1	0	1	0	1	0	0	0	0
1233	chr19:3954001-5176000	SBS100	2	1	0	2	0	1	0	0	0	0
1234	chr19:3954001-5176000	SBS3	2	1	0	3	0	3	0	0	0	0
1235	chr19:39561001-39788000	SBS3	2	1	0	0	0	1	0	0	0	0
1236	chr19:39788001-40712000	SBS3	3	2	0	1	2	2	0	0	0	0
1237	chr19:40712001-40844000	SBS3	4	2	0	1	1	0	0	0	0	0
1238	chr19:40844001-41255000	SBS3	3	1	0	2	0	5	0	0	0	0
1239	chr19:41255001-41578000	SBS3	4	2	0	0	2	0	0	0	0	0
1240	chr19:41578001-41724000	SBS3	3	1	0	1	1	0	0	0	0	0
1241	chr19:41724001-42176000	SBS3	3	2	0	0	1	0	0	0	0	0
1242	chr19:42176001-42587177	SBS3	4	2	0	0	0	0	2	0	0	0
1243	chr19:42587178-43425000	SBS3	2	0	0	2	0	2	0	0	0	0
1244	chr19:43425001-44264000	SBS3	3	0	0	1	1	4	0	0	0	0
1245	chr19:44264001-44631000	SBS3	3	0	0	0	0	4	0	0	0	0
1246	chr19:44631001-44826545	SBS3	3	0	0	0	2	0	0	0	0	0
1247	chr19:44829656-45912000	SBS1	3	0	0	1	0	0	0	0	0	0
1248	chr19:44829656-45912000	SBS3	3	0	0	1	1	1	0	0	0	0
1249	chr19:45912001-46344000	SBS3	3	0	0	0	0	1	0	0	0	0
1250	chr19:46704001-47285000	SBS3	4	0	0	1	0	0	1	0	0	0
1251	chr19:48107001-49167500	SBS3	3	0	0	1	3	0	0	0	0	0
1252	chr19:49295001-50058000	SBS3	3	0	0	0	0	1	0	0	0	0
1253	chr19:50058001-50325500	SBS1	2	0	0	1	0	0	0	0	0	0
1254	chr19:50058001-50325500	SBS3	2	0	0	0	0	1	0	0	0	0
1255	chr19:50575001-51059000	SBS1	2	0	0	0	0	1	0	0	0	0
1256	chr19:50575001-51059000	SBS3	2	0	0	3	0	0	0	0	0	0
1257	chr19:51059001-52388000	SBS1	3	0	0	0	1	0	0	0	0	0
1258	chr19:51059001-52388000	SBS3	3	0	0	4	2	1	0	0	0	0
1259	chr19:52524001-53560000	SBS1	3	0	0	1	0	0	0	0	0	0
1260	chr19:52524001-53560000	SBS3	3	0	0	3	1	3	0	0	0	0
1261	chr19:53560001-54034872	SBS1	2	0	0	0	0	1	0	0	0	0
1262	chr19:53560001-54034872	SBS3	2	0	0	2	0	0	0	0	0	0
1263	chr19:54034908-54730000	SBS1	3	0	0	0	1	0	0	0	0	0
1264	chr19:54034908-54730000	SBS3	3	0	0	0	0	9	0	0	0	0
1265	chr19:54730001-55057000	SBS1	2	0	0	0	0	1	0	0	0	0
1266	chr19:54730001-55057000	SBS3	2	0	0	1	0	4	0	0	0	0
1267	chr19:55057001-55583000	SBS3	3	0	0	0	2	0	0	0	0	0
1268	chr19:55583001-55711000	SBS3	4	0	0	0	0	1	0	0	0	0
1269	chr19:55711001-56066000	SBS3	2	0	0	2	0	0	0	0	0	0
1270	chr19:56066001-56622500	SBS3	3	0	0	1	0	0	0	0	0	0
1271	chr19:56622501-57167000	SBS100	2	0	0	1	0	0	0	0	0	0
1272	chr19:56622501-57167000	SBS3	2	0	0	4	0	0	0	0	0	0
1273	chr19:57167001-57949000	SBS3	3	0	0	1	0	1	0	0	0	0
1274	chr19:57949001-58273000	SBS3	2	0	0	0	0	1	0	0	0	0
1275	chr19:5899501-5997000	SBS3	2	2	0	0	0	1	0	0	0	0
1276	chr19:5997001-8022000	SBS1	2	1	0	3	0	1	0	0	0	0
1277	chr19:5997001-8022000	SBS100	2	1	0	1	0	0	0	0	0	0
1278	chr19:5997001-8022000	SBS3	2	1	0	3	0	2	0	0	0	0
1279	chr19:8022001-8184000	SBS3	1	1	0	0	0	2	0	0	0	0
1280	chr19:8184001-8594000	SBS3	2	2	0	2	0	0	0	0	0	0
1281	chr19:8594001-9563000	SBS3	1	1	0	0	0	4	0	0	0	0
1282	chr19:889001-1285000	SBS3	2	0	0	1	0	0	0	0	0	0
1283	chr19:9868001-10076000	SBS3	1	1	0	0	0	2	0	0	0	0
1284	chr1:1-1591289	SBS3	2	0	0	4	0	4	0	0	0	0
1285	chr1:100545001-100864000	SBS3	2	2	0	4	0	0	0	0	0	0
1286	chr1:100864001-101314000	SBS3	3	2	0	2	2	0	0	0	0	0
1287	chr1:101314001-102001000	SBS3	2	1	0	5	0	1	0	0	0	0
1288	chr1:102001001-102879000	SBS3	2	1	0	2	0	1	0	0	0	0
1289	chr1:102879001-103514000	SBS3	2	1	0	7	0	0	0	0	0	0
1290	chr1:103561001-104184306	SBS3	2	1	0	3	0	0	0	0	0	0
1291	chr1:104185195-104605018	SBS3	2	1	0	0	0	1	0	0	0	0
1292	chr1:104605019-104635353	SBS3	3	1	0	1	0	0	0	0	0	0
1293	chr1:104635354-106685000	SBS3	2	1	0	10	0	4	0	0	0	0
1294	chr1:10668331-11292000	SBS3	2	0	0	1	0	0	0	0	0	0
1295	chr1:106685001-107126000	SBS3	2	1	0	5	0	0	0	0	0	0
1296	chr1:107126001-110412000	SBS100	2	2	0	2	0	0	0	0	0	0
1297	chr1:107126001-110412000	SBS3	2	2	0	9	0	1	0	0	0	0
1298	chr1:110412001-111429000	SBS3	2	1	0	2	0	3	0	0	0	0
1299	chr1:111429001-111777000	SBS3	3	2	0	1	1	0	0	0	0	0
1300	chr1:111777001-112349000	SBS3	2	1	0	0	0	1	0	0	0	0
1301	chr1:112349001-113745000	SBS3	2	2	0	4	0	0	0	0	0	0
1302	chr1:11292001-11637000	SBS3	1	0	0	0	0	1	0	0	0	0
1303	chr1:113988001-114388000	SBS3	2	1	0	0	0	3	0	0	0	0
1304	chr1:114388001-114783000	SBS3	2	2	0	3	0	0	0	0	0	0
1305	chr1:114783001-116126000	SBS3	2	1	0	3	0	0	0	0	0	0
1306	chr1:116126001-117680000	SBS1	2	2	0	1	0	0	0	0	0	0
1307	chr1:116126001-117680000	SBS3	2	2	0	6	0	2	0	0	0	0
1308	chr1:11637001-12117000	SBS3	2	0	0	0	0	1	0	0	0	0
1309	chr1:117680001-118201000	SBS100	2	2	0	1	0	0	0	0	0	0
1310	chr1:117680001-118201000	SBS3	2	2	0	1	0	1	0	0	0	0
1311	chr1:118201001-118941000	SBS3	1	1	0	0	0	7	0	0	0	0
1312	chr1:119608001-123605522	SBS1	2	2	0	1	0	0	0	0	0	0
1313	chr1:119608001-123605522	SBS3	2	2	0	4	0	0	0	0	0	0
1314	chr1:12117001-12628000	SBS3	3	0	0	0	2	0	0	0	0	0
1315	chr1:123605523-143741500	SBS3	2	1	0	2	0	3	0	0	0	0
1316	chr1:12780001-13696000	SBS3	1	0	0	0	0	15	0	0	0	0
1317	chr1:13802001-14872000	SBS3	2	0	0	5	0	0	0	0	0	0
1318	chr1:143741501-145884000	SBS3	3	2	0	1	0	0	0	0	0	0
1319	chr1:145884001-146473000	SBS1	3	3	0	1	0	0	0	0	0	0
1320	chr1:145884001-146473000	SBS3	3	3	0	1	2	0	0	0	0	0
1321	chr1:146473001-147687000	SBS3	2	2	0	2	0	0	0	0	0	0
1322	chr1:147687001-148310000	SBS1	2	1	0	0	0	1	0	0	0	0
1323	chr1:148350831-150423161	SBS1	3	2	0	0	0	1	0	0	0	0
1324	chr1:148350831-150423161	SBS3	3	2	0	0	4	1	0	0	0	0
1325	chr1:14872001-17133000	SBS100	3	0	0	1	0	0	0	0	0	0
1326	chr1:14872001-17133000	SBS3	3	0	0	4	0	0	0	0	0	0
1327	chr1:150423345-150548000	SBS3	3	2	0	2	0	0	0	0	0	0
1328	chr1:150548001-150580000	SBS100	6	4	0	0	0	0	1	0	0	0
1329	chr1:150580001-151180000	SBS100	3	3	0	0	0	1	0	0	0	0
1330	chr1:150580001-151180000	SBS3	3	3	0	1	2	0	0	0	0	0
1331	chr1:151180001-152057000	SBS100	3	2	0	0	0	1	0	0	0	0
1332	chr1:151180001-152057000	SBS3	3	2	0	0	2	1	0	0	0	0
1333	chr1:152057001-152204000	SBS3	2	2	0	1	0	0	0	0	0	0
1334	chr1:152204001-153211500	SBS1	2	1	0	2	0	0	0	0	0	0
1335	chr1:152204001-153211500	SBS3	2	1	0	4	0	2	0	0	0	0
1336	chr1:153211501-153489000	SBS1	2	2	0	1	0	0	0	0	0	0
1337	chr1:153211501-153489000	SBS3	2	2	0	2	0	0	0	0	0	0
1338	chr1:153489001-153995000	SBS3	3	2	0	1	1	5	0	0	0	0
1339	chr1:153995001-154120000	SBS3	2	1	0	1	0	0	0	0	0	0
1340	chr1:154120001-154633000	SBS3	2	2	0	3	0	0	0	0	0	0
1341	chr1:154633001-154935000	SBS3	2	1	0	1	0	0	0	0	0	0
1342	chr1:154935001-155098000	SBS100	3	2	0	0	1	0	0	0	0	0
1343	chr1:154935001-155098000	SBS3	3	2	0	0	1	0	0	0	0	0
1344	chr1:155098001-155153438	SBS3	2	2	0	1	0	0	0	0	0	0
1345	chr1:157172501-157968000	SBS3	2	0	0	0	0	1	0	0	0	0
1346	chr1:157968001-158164142	SBS3	2	0	0	2	0	0	0	0	0	0
1347	chr1:158164143-158964000	SBS3	2	1	0	3	0	3	0	0	0	0
1348	chr1:159096001-159498151	SBS3	2	1	0	1	0	0	0	0	0	0
1349	chr1:159498152-159773000	SBS3	2	2	0	2	0	1	0	0	0	0
1350	chr1:159773001-160808000	SBS1	3	3	0	0	1	0	0	0	0	0
1351	chr1:159773001-160808000	SBS3	3	3	0	2	6	0	0	0	0	0
1352	chr1:160808001-160986000	SBS3	3	2	0	1	0	0	0	0	0	0
1353	chr1:161228001-161730000	SBS100	4	2	0	0	1	0	0	0	0	0
1354	chr1:161228001-161730000	SBS3	4	2	0	2	1	1	0	0	0	0
1355	chr1:161901448-162396000	SBS100	4	2	0	0	0	0	1	0	0	0
1356	chr1:161901448-162396000	SBS3	4	2	0	0	1	0	0	0	0	0
1357	chr1:162396001-162490000	SBS3	3	2	0	0	1	0	0	0	0	0
1358	chr1:162490001-162859000	SBS3	3	3	0	1	2	0	0	0	0	0
1359	chr1:162859001-163286000	SBS1	3	2	0	1	0	0	0	0	0	0
1360	chr1:162859001-163286000	SBS3	3	2	0	1	1	1	0	0	0	0
1361	chr1:163286001-163386000	SBS3	4	2	0	0	0	0	1	0	0	0
1362	chr1:163386001-164207000	SBS1	2	2	0	1	0	0	0	0	0	0
1363	chr1:163386001-164207000	SBS3	2	2	0	2	0	1	0	0	0	0
1364	chr1:164207001-164557000	SBS3	3	2	0	0	3	0	0	0	0	0
1365	chr1:164838001-165592000	SBS3	3	2	0	0	1	0	0	0	0	0
1366	chr1:165592001-165929000	SBS100	4	3	0	0	1	0	0	0	0	0
1367	chr1:165929001-166835000	SBS1	2	2	0	2	0	0	0	0	0	0
1368	chr1:165929001-166835000	SBS100	2	2	0	1	0	0	0	0	0	0
1369	chr1:165929001-166835000	SBS3	2	2	0	6	0	3	0	0	0	0
1370	chr1:166835001-167207000	SBS3	3	3	0	2	3	0	0	0	0	0
1371	chr1:167207001-170079000	SBS3	4	3	0	1	3	0	13	0	0	0
1372	chr1:170079001-170712636	SBS3	3	2	0	6	2	0	0	0	0	0
1373	chr1:170712637-171077000	SBS3	3	2	0	0	4	0	0	0	0	0
1374	chr1:171077001-172083000	SBS100	3	3	0	0	1	0	0	0	0	0
1375	chr1:171077001-172083000	SBS3	3	3	0	0	4	0	0	0	0	0
1376	chr1:17133001-17516000	SBS3	2	0	0	3	0	0	0	0	0	0
1377	chr1:172083001-172610000	SBS3	4	4	0	0	1	0	1	0	0	0
1378	chr1:172610001-174870000	SBS1	3	3	0	0	1	1	0	0	0	0
1379	chr1:172610001-174870000	SBS3	3	3	0	2	8	0	0	0	0	0
1380	chr1:174870001-175030000	SBS3	4	4	0	1	0	0	0	0	0	0
1381	chr1:175124001-175392000	SBS1	4	3	0	1	0	0	0	0	0	0
1382	chr1:175124001-175392000	SBS3	4	3	0	1	0	0	0	0	0	0
1383	chr1:17536597-17707000	SBS3	2	1	0	1	0	0	0	0	0	0
1384	chr1:175392001-175947000	SBS100	2	2	0	1	0	0	0	0	0	0
1385	chr1:175392001-175947000	SBS3	2	2	0	5	0	3	0	0	0	0
1386	chr1:175947001-176215000	SBS3	3	3	0	0	1	0	0	0	0	0
1387	chr1:176215001-177859000	SBS100	2	2	0	1	0	0	0	0	0	0
1388	chr1:176215001-177859000	SBS3	2	2	0	8	0	1	0	0	0	0
1389	chr1:17707001-18879000	SBS1	2	1	0	0	0	1	0	0	0	0
1390	chr1:17707001-18879000	SBS3	2	1	0	3	0	2	0	0	0	0
1391	chr1:177859001-178020000	SBS3	3	2	0	1	1	0	0	0	0	0
1392	chr1:178020001-178542500	SBS3	3	3	0	0	2	0	0	0	0	0
1393	chr1:178542501-179010000	SBS3	3	2	0	1	4	0	0	0	0	0
1394	chr1:179210001-179391000	SBS100	3	2	0	0	1	0	0	0	0	0
1395	chr1:179210001-179391000	SBS3	3	2	0	1	0	0	0	0	0	0
1396	chr1:179391001-179838000	SBS3	3	2	0	0	2	0	0	0	0	0
1397	chr1:179838001-181169000	SBS3	3	3	0	2	7	0	0	0	0	0
1398	chr1:181169001-181377702	SBS3	3	1	0	0	1	0	0	0	0	0
1399	chr1:181377754-182014000	SBS3	2	2	0	9	0	1	0	0	0	0
1400	chr1:182014001-182399000	SBS3	3	3	0	0	1	0	0	0	0	0
1401	chr1:182399001-182824000	SBS3	3	2	0	1	3	0	0	0	0	0
1402	chr1:182893001-183461000	SBS3	3	2	0	1	4	0	0	0	0	0
1403	chr1:183461001-184081000	SBS1	4	3	0	0	1	0	0	0	0	0
1404	chr1:183461001-184081000	SBS3	4	3	0	0	0	0	1	0	0	0
1405	chr1:184377001-185333734	SBS3	4	3	0	2	1	0	3	0	0	0
1406	chr1:185333904-186454000	SBS3	3	3	0	2	7	1	0	0	0	0
1407	chr1:186454001-187086000	SBS3	2	2	0	3	0	1	0	0	0	0
1408	chr1:187086001-190073000	SBS3	2	1	0	15	0	5	0	0	0	0
1409	chr1:18879001-19139796	SBS100	2	2	0	1	0	0	0	0	0	0
1410	chr1:190073001-191271717	SBS3	3	2	0	4	7	0	0	0	0	0
1411	chr1:1912001-2090485	SBS3	2	0	0	0	0	3	0	0	0	0
1412	chr1:191272647-191517453	SBS3	3	2	0	0	1	0	0	0	0	0
1413	chr1:191518425-192443000	SBS3	3	2	0	3	4	0	0	0	0	0
1414	chr1:192443001-192641000	SBS3	5	3	0	0	0	0	0	1	0	0
1415	chr1:192641001-193012000	SBS3	3	2	0	1	1	0	0	0	0	0
1416	chr1:193012001-193263000	SBS3	5	1	0	0	1	0	0	0	0	0
1417	chr1:193263001-193756000	SBS3	3	2	0	2	1	0	0	0	0	0
1418	chr1:19336001-19497000	SBS3	3	3	0	0	1	0	0	0	0	0
1419	chr1:193756001-197086000	SBS1	2	1	0	1	0	2	0	0	0	0
1420	chr1:193756001-197086000	SBS100	2	1	0	1	0	1	0	0	0	0
1421	chr1:193756001-197086000	SBS3	2	1	0	15	0	17	0	0	0	0
1422	chr1:19497001-19920000	SBS3	2	2	0	0	0	3	0	0	0	0
1423	chr1:197086001-197632024	SBS1	4	2	0	0	1	0	0	0	0	0
1424	chr1:197086001-197632024	SBS3	4	2	0	0	2	0	1	0	0	0
1425	chr1:197787001-198089000	SBS3	3	2	0	2	0	0	0	0	0	0
1426	chr1:198461001-198945000	SBS100	4	3	0	0	1	0	0	0	0	0
1427	chr1:198461001-198945000	SBS3	4	3	0	1	0	0	2	0	0	0
1428	chr1:198945001-199316000	SBS3	3	2	0	0	1	0	0	0	0	0
1429	chr1:19920001-20629000	SBS3	2	1	0	3	0	0	0	0	0	0
1430	chr1:199316001-200097000	SBS3	2	2	0	5	0	1	0	0	0	0
1431	chr1:200097001-200291000	SBS3	3	2	0	0	2	0	0	0	0	0
1432	chr1:200291001-200827000	SBS3	4	2	0	2	1	0	3	0	0	0
1433	chr1:200915001-203269000	SBS100	3	3	0	0	3	0	0	0	0	0
1434	chr1:200915001-203269000	SBS3	3	3	0	2	7	1	0	0	0	0
1435	chr1:203344001-204070000	SBS3	3	3	0	3	6	0	0	0	0	0
1436	chr1:204070001-204592000	SBS1	4	3	0	0	0	0	1	0	0	0
1437	chr1:204070001-204592000	SBS100	4	3	0	0	0	0	2	0	0	0
1438	chr1:204070001-204592000	SBS3	4	3	0	0	0	0	1	0	0	0
1439	chr1:204592001-205105000	SBS1	3	2	0	0	0	1	0	0	0	0
1440	chr1:204592001-205105000	SBS3	3	2	0	3	2	0	0	0	0	0
1441	chr1:205105001-207095000	SBS3	4	3	0	1	3	0	3	0	0	0
1442	chr1:20629001-21260000	SBS3	2	2	0	1	0	0	0	0	0	0
1443	chr1:207095001-207295000	SBS3	3	2	0	1	0	0	0	0	0	0
1444	chr1:207356001-207744000	SBS3	3	2	0	2	0	0	0	0	0	0
1445	chr1:207744001-207889000	SBS3	4	3	0	0	0	0	2	0	0	0
1446	chr1:207889001-208275000	SBS1	2	2	0	0	0	1	0	0	0	0
1447	chr1:207889001-208275000	SBS100	2	2	0	0	0	1	0	0	0	0
1448	chr1:207889001-208275000	SBS3	2	2	0	1	0	1	0	0	0	0
1449	chr1:208275001-209326000	SBS3	2	2	0	13	0	1	0	0	0	0
1450	chr1:2092098-2179500	SBS3	2	0	0	2	0	1	0	0	0	0
1451	chr1:209437001-209564000	SBS3	2	2	0	1	0	0	0	0	0	0
1452	chr1:209857001-210217000	SBS3	2	2	0	8	0	0	0	0	0	0
1453	chr1:210217001-210408000	SBS1	4	2	0	0	0	0	1	0	0	0
1454	chr1:210217001-210408000	SBS3	4	2	0	0	1	0	1	0	0	0
1455	chr1:210433100-210505000	SBS3	2	2	0	1	0	0	0	0	0	0
1456	chr1:210505001-211256000	SBS1	2	1	0	1	0	0	0	0	0	0
1457	chr1:210505001-211256000	SBS3	2	1	0	4	0	2	0	0	0	0
1458	chr1:211256001-211394000	SBS3	3	2	0	0	1	0	0	0	0	0
1459	chr1:211394001-211565000	SBS3	2	2	0	3	0	0	0	0	0	0
1460	chr1:211565001-212083907	SBS3	3	2	0	1	1	0	0	0	0	0
1461	chr1:212206191-213294000	SBS3	2	2	0	5	0	3	0	0	0	0
1462	chr1:213294001-213951082	SBS3	2	1	0	2	0	1	0	0	0	0
1463	chr1:21347001-22024000	SBS1	2	2	0	0	0	1	0	0	0	0
1464	chr1:21347001-22024000	SBS3	2	2	0	2	0	0	0	0	0	0
1465	chr1:214673001-215524000	SBS3	2	1	0	0	0	1	0	0	0	0
1466	chr1:215661001-216508000	SBS1	2	1	0	1	0	0	0	0	0	0
1467	chr1:215661001-216508000	SBS3	2	1	0	3	0	3	0	0	0	0
1468	chr1:216508001-217680000	SBS3	2	2	0	4	0	0	0	0	0	0
1469	chr1:217680001-218281000	SBS3	2	1	0	2	0	0	0	0	0	0
1470	chr1:2179501-2602000	SBS3	3	0	0	0	1	0	0	0	0	0
1471	chr1:218386001-219746000	SBS3	2	2	0	7	0	0	0	0	0	0
1472	chr1:219966001-220307000	SBS3	3	2	0	0	1	0	0	0	0	0
1473	chr1:22024001-22146000	SBS3	3	2	0	0	1	0	0	0	0	0
1474	chr1:220307001-220653000	SBS3	2	1	0	2	0	0	0	0	0	0
1475	chr1:220653001-220823000	SBS3	2	2	0	2	0	0	0	0	0	0
1476	chr1:220823001-221648000	SBS3	2	1	0	4	0	2	0	0	0	0
1477	chr1:22146001-22412000	SBS3	2	1	0	2	0	1	0	0	0	0
1478	chr1:221648001-221851000	SBS3	2	2	0	1	0	0	0	0	0	0
1479	chr1:221851001-222563000	SBS1	2	1	0	1	0	0	0	0	0	0
1480	chr1:221851001-222563000	SBS3	2	1	0	2	0	1	0	0	0	0
1481	chr1:222563001-223020000	SBS100	3	2	0	0	1	0	0	0	0	0
1482	chr1:222563001-223020000	SBS3	3	2	0	0	1	0	0	0	0	0
1483	chr1:223020001-223684000	SBS3	2	2	0	3	0	0	0	0	0	0
1484	chr1:223684001-224271816	SBS3	2	2	0	3	0	0	0	0	0	0
1485	chr1:224272008-224526000	SBS3	3	2	0	0	1	2	0	0	0	0
1486	chr1:224526001-225342000	SBS3	2	1	0	2	0	0	0	0	0	0
1487	chr1:225342001-226191000	SBS3	3	2	0	0	3	0	0	0	0	0
1488	chr1:226191001-226632000	SBS3	2	2	0	1	0	0	0	0	0	0
1489	chr1:226632001-226741000	SBS3	3	3	0	1	0	0	0	0	0	0
1490	chr1:226741001-227328000	SBS3	2	2	0	1	0	0	0	0	0	0
1491	chr1:227328001-228072000	SBS1	2	1	0	0	0	1	0	0	0	0
1492	chr1:227328001-228072000	SBS100	2	1	0	1	0	0	0	0	0	0
1493	chr1:227328001-228072000	SBS3	2	1	0	1	0	2	0	0	0	0
1494	chr1:228179001-228381000	SBS3	2	1	0	0	0	1	0	0	0	0
1495	chr1:228657001-229359000	SBS3	2	1	0	0	0	1	0	0	0	0
1496	chr1:229685001-230057000	SBS3	2	1	0	1	0	3	0	0	0	0
1497	chr1:230057001-230273000	SBS100	2	2	0	1	0	0	0	0	0	0
1498	chr1:23018001-23185000	SBS3	3	2	0	0	1	0	0	0	0	0
1499	chr1:230273001-230825000	SBS3	2	1	0	2	0	1	0	0	0	0
1500	chr1:231211001-232447000	SBS3	2	1	0	1	0	0	0	0	0	0
1501	chr1:23185001-23274000	SBS3	2	1	0	1	0	0	0	0	0	0
1502	chr1:232672001-233403000	SBS100	2	1	0	0	0	1	0	0	0	0
1503	chr1:232672001-233403000	SBS3	2	1	0	0	0	1	0	0	0	0
1504	chr1:23274001-23946000	SBS1	2	2	0	1	0	1	0	0	0	0
1505	chr1:23274001-23946000	SBS100	2	2	0	0	0	1	0	0	0	0
1506	chr1:23274001-23946000	SBS3	2	2	0	4	0	1	0	0	0	0
1507	chr1:233403001-234200000	SBS1	2	1	0	0	0	1	0	0	0	0
1508	chr1:233403001-234200000	SBS3	2	1	0	2	0	4	0	0	0	0
1509	chr1:234200001-234469000	SBS3	2	1	0	0	0	1	0	0	0	0
1510	chr1:234469001-235339000	SBS1	2	2	0	1	0	0	0	0	0	0
1511	chr1:234469001-235339000	SBS3	2	2	0	2	0	0	0	0	0	0
1512	chr1:235339001-235521000	SBS3	2	1	0	2	0	0	0	0	0	0
1513	chr1:235521001-235632000	SBS3	1	1	0	0	0	1	0	0	0	0
1514	chr1:235632001-235990000	SBS3	2	2	0	1	0	0	0	0	0	0
1515	chr1:236621001-236751000	SBS3	2	1	0	2	0	0	0	0	0	0
1516	chr1:236906001-237655000	SBS1	1	1	0	0	0	1	0	0	0	0
1517	chr1:236906001-237655000	SBS3	1	1	0	0	0	6	0	0	0	0
1518	chr1:237655001-239286000	SBS1	1	1	0	0	0	1	0	0	0	0
1519	chr1:237655001-239286000	SBS3	1	1	0	0	0	5	0	0	0	0
1520	chr1:239286001-239997000	SBS3	2	1	0	3	0	0	0	0	0	0
1521	chr1:23984001-26685000	SBS3	2	2	0	5	0	1	0	0	0	0
1522	chr1:239997001-241485000	SBS1	1	1	0	0	0	1	0	0	0	0
1523	chr1:239997001-241485000	SBS3	1	1	0	0	0	7	0	0	0	0
1524	chr1:241646001-242021000	SBS3	2	1	0	1	0	1	0	0	0	0
1525	chr1:242021001-243045500	SBS1	1	1	0	0	0	1	0	0	0	0
1526	chr1:242021001-243045500	SBS3	1	1	0	0	0	16	0	0	0	0
1527	chr1:243045501-243429000	SBS3	3	1	0	1	0	0	0	0	0	0
1528	chr1:243429001-243931582	SBS3	2	1	0	0	0	2	0	0	0	0
1529	chr1:243931583-244409000	SBS3	2	1	0	2	0	0	0	0	0	0
1530	chr1:244472001-244640000	SBS3	1	1	0	0	0	1	0	0	0	0
1531	chr1:244717001-244830000	SBS3	1	1	0	0	0	1	0	0	0	0
1532	chr1:244867001-245062000	SBS100	2	1	0	0	0	1	0	0	0	0
1533	chr1:244867001-245062000	SBS3	2	1	0	1	0	1	0	0	0	0
1534	chr1:245062001-245840000	SBS3	1	1	0	0	0	6	0	0	0	0
1535	chr1:245840001-246935000	SBS1	2	1	0	0	0	1	0	0	0	0
1536	chr1:245840001-246935000	SBS3	2	1	0	2	0	1	0	0	0	0
1537	chr1:246935001-247505000	SBS3	1	1	0	0	0	1	0	0	0	0
1538	chr1:247505001-248420000	SBS3	1	0	0	0	0	3	0	0	0	0
1539	chr1:248420001-248956422	SBS3	2	1	0	1	0	1	0	0	0	0
1540	chr1:2602001-3446000	SBS1	1	0	0	0	0	1	0	0	0	0
1541	chr1:2602001-3446000	SBS3	1	0	0	0	0	2	0	0	0	0
1542	chr1:26843001-27310000	SBS3	2	2	0	2	0	0	0	0	0	0
1543	chr1:27310001-27676000	SBS3	3	2	0	4	2	0	0	0	0	0
1544	chr1:27676001-28230449	SBS100	2	2	0	1	0	0	0	0	0	0
1545	chr1:27676001-28230449	SBS3	2	2	0	1	0	1	0	0	0	0
1546	chr1:28230502-28544542	SBS3	2	2	0	1	0	0	0	0	0	0
1547	chr1:28614547-29297000	SBS3	2	2	0	4	0	0	0	0	0	0
1548	chr1:29297001-30690000	SBS1	1	1	0	0	0	1	0	0	0	0
1549	chr1:29297001-30690000	SBS3	1	1	0	0	0	7	0	0	0	0
1550	chr1:30690001-31068000	SBS3	2	2	0	1	0	1	0	0	0	0
1551	chr1:31068001-31549000	SBS1	2	1	0	1	0	0	0	0	0	0
1552	chr1:31068001-31549000	SBS3	2	1	0	5	0	0	0	0	0	0
1553	chr1:31549001-32405500	SBS3	2	2	0	3	0	2	0	0	0	0
1554	chr1:32405501-32619000	SBS1	2	1	0	1	0	0	0	0	0	0
1555	chr1:32405501-32619000	SBS3	2	1	0	2	0	0	0	0	0	0
1556	chr1:32619001-33488000	SBS3	2	2	0	7	0	1	0	0	0	0
1557	chr1:33488001-33665000	SBS3	2	1	0	2	0	1	0	0	0	0
1558	chr1:33665001-34673000	SBS3	1	1	0	0	0	7	0	0	0	0
1559	chr1:34673001-35173000	SBS3	2	1	0	2	0	1	0	0	0	0
1560	chr1:35278950-36505000	SBS3	2	2	0	3	0	4	0	0	0	0
1561	chr1:36505001-37447000	SBS3	1	1	0	0	0	8	0	0	0	0
1562	chr1:37607001-37798000	SBS3	2	1	0	1	0	0	0	0	0	0
1563	chr1:37798001-38062000	SBS3	2	1	0	2	0	0	0	0	0	0
1564	chr1:38062001-38817000	SBS3	1	1	0	0	0	4	0	0	0	0
1565	chr1:38939655-38944105	SBS3	3	3	0	0	1	0	0	0	0	0
1566	chr1:38944106-39097000	SBS1	2	2	0	0	0	1	0	0	0	0
1567	chr1:38944106-39097000	SBS3	2	2	0	1	0	3	0	0	0	0
1568	chr1:39097001-39448000	SBS3	3	2	0	0	0	1	0	0	0	0
1569	chr1:3919001-5835531	SBS3	1	0	0	0	0	10	0	0	0	0
1570	chr1:39448001-39815000	SBS3	2	2	0	4	0	1	0	0	0	0
1571	chr1:39815001-40458000	SBS3	2	2	0	3	0	0	0	0	0	0
1572	chr1:40648001-41214006	SBS3	2	2	0	2	0	0	0	0	0	0
1573	chr1:41218150-41593000	SBS3	2	2	0	2	0	0	0	0	0	0
1574	chr1:41593001-42352000	SBS3	2	2	0	1	0	0	0	0	0	0
1575	chr1:42962001-43344000	SBS3	2	1	0	1	0	0	0	0	0	0
1576	chr1:43344001-44077000	SBS3	2	2	0	1	0	0	0	0	0	0
1577	chr1:44077001-44200000	SBS3	2	1	0	2	0	0	0	0	0	0
1578	chr1:44200001-44627000	SBS3	2	2	0	2	0	0	0	0	0	0
1579	chr1:44627001-45031000	SBS3	2	2	0	1	0	0	0	0	0	0
1580	chr1:45031001-45297000	SBS3	2	1	0	2	0	0	0	0	0	0
1581	chr1:45297001-46763245	SBS100	2	2	0	1	0	0	0	0	0	0
1582	chr1:45297001-46763245	SBS3	2	2	0	5	0	2	0	0	0	0
1583	chr1:46764487-47175000	SBS1	2	1	0	1	0	0	0	0	0	0
1584	chr1:46764487-47175000	SBS3	2	1	0	1	0	1	0	0	0	0
1585	chr1:47175001-47510000	SBS3	2	2	0	2	0	1	0	0	0	0
1586	chr1:47510001-48183000	SBS3	2	1	0	1	0	2	0	0	0	0
1587	chr1:48183001-48968000	SBS3	2	1	0	2	0	0	0	0	0	0
1588	chr1:48968001-50017000	SBS1	1	1	0	0	0	1	0	0	0	0
1589	chr1:48968001-50017000	SBS100	1	1	0	0	0	1	0	0	0	0
1590	chr1:48968001-50017000	SBS3	1	1	0	0	0	9	0	0	0	0
1591	chr1:50017001-50444000	SBS3	2	1	0	3	0	0	0	0	0	0
1592	chr1:50444001-50993000	SBS3	2	2	0	3	0	0	0	0	0	0
1593	chr1:51222001-51908000	SBS1	3	2	0	0	0	1	0	0	0	0
1594	chr1:51222001-51908000	SBS3	3	2	0	0	2	0	0	0	0	0
1595	chr1:51908001-53469000	SBS3	2	2	0	5	0	0	0	0	0	0
1596	chr1:53469001-53733000	SBS3	2	1	0	2	0	0	0	0	0	0
1597	chr1:53733001-54432000	SBS1	2	2	0	1	0	0	0	0	0	0
1598	chr1:53733001-54432000	SBS3	2	2	0	5	0	0	0	0	0	0
1599	chr1:54432001-54713000	SBS3	2	1	0	2	0	0	0	0	0	0
1600	chr1:54713001-55062000	SBS1	2	2	0	1	0	0	0	0	0	0
1601	chr1:54713001-55062000	SBS3	2	2	0	3	0	0	0	0	0	0
1602	chr1:55062001-55284000	SBS3	3	2	0	1	1	0	0	0	0	0
1603	chr1:55284001-56835000	SBS1	2	2	0	1	0	0	0	0	0	0
1604	chr1:55284001-56835000	SBS3	2	2	0	10	0	0	0	0	0	0
1605	chr1:57014001-58279000	SBS3	1	1	0	0	0	11	0	0	0	0
1606	chr1:58492501-59979000	SBS3	2	2	0	5	0	1	0	0	0	0
1607	chr1:5893501-6776000	SBS1	2	0	0	0	0	1	0	0	0	0
1608	chr1:5893501-6776000	SBS3	2	0	0	2	0	0	0	0	0	0
1609	chr1:59979001-61033000	SBS3	2	2	0	4	0	1	0	0	0	0
1610	chr1:61033001-61465000	SBS3	3	2	0	0	2	0	0	0	0	0
1611	chr1:61465001-62405000	SBS3	2	2	0	4	0	0	0	0	0	0
1612	chr1:62876001-63403000	SBS3	2	1	0	2	0	1	0	0	0	0
1613	chr1:63403001-65084000	SBS3	2	2	0	1	0	2	0	0	0	0
1614	chr1:65084001-65951000	SBS3	2	1	0	4	0	1	0	0	0	0
1615	chr1:66376001-67689043	SBS100	2	2	0	0	0	1	0	0	0	0
1616	chr1:66376001-67689043	SBS3	2	2	0	4	0	0	0	0	0	0
1617	chr1:67755002-67849000	SBS3	2	2	0	1	0	0	0	0	0	0
1618	chr1:6776001-6913000	SBS3	3	0	0	1	0	0	0	0	0	0
1619	chr1:67849001-68579000	SBS1	2	1	0	0	0	3	0	0	0	0
1620	chr1:67849001-68579000	SBS3	2	1	0	2	0	6	0	0	0	0
1621	chr1:68579001-70130000	SBS1	1	1	0	0	0	3	0	0	0	0
1622	chr1:68579001-70130000	SBS3	1	1	0	0	0	8	0	0	0	0
1623	chr1:6913001-7653000	SBS3	2	0	0	1	0	0	0	0	0	0
1624	chr1:70130001-70365000	SBS3	3	1	0	1	0	0	0	0	0	0
1625	chr1:70365001-71047000	SBS3	2	1	0	1	0	1	0	0	0	0
1626	chr1:71103001-74139000	SBS1	1	1	0	0	0	1	0	0	0	0
1627	chr1:71103001-74139000	SBS100	1	1	0	0	0	3	0	0	0	0
1628	chr1:71103001-74139000	SBS3	1	1	0	0	0	12	0	0	0	0
1629	chr1:74139001-74795000	SBS1	2	1	0	1	0	0	0	0	0	0
1630	chr1:74139001-74795000	SBS100	2	1	0	0	0	1	0	0	0	0
1631	chr1:74139001-74795000	SBS3	2	1	0	1	0	2	0	0	0	0
1632	chr1:74795001-75701000	SBS3	1	1	0	0	0	5	0	0	0	0
1633	chr1:75701001-77065000	SBS100	2	1	0	1	0	0	0	0	0	0
1634	chr1:75701001-77065000	SBS3	2	1	0	4	0	0	0	0	0	0
1635	chr1:77065001-77563000	SBS3	2	1	0	2	0	0	0	0	0	0
1636	chr1:77563001-77939000	SBS100	3	1	0	1	0	0	0	0	0	0
1637	chr1:77563001-77939000	SBS3	3	1	0	1	0	0	0	0	0	0
1638	chr1:78014001-78592000	SBS3	2	1	0	2	0	0	0	0	0	0
1639	chr1:78592001-78680000	SBS100	3	2	0	0	1	0	0	0	0	0
1640	chr1:78680001-80867000	SBS1	2	1	0	0	0	1	0	0	0	0
1641	chr1:78680001-80867000	SBS3	2	1	0	5	0	5	0	0	0	0
1642	chr1:80867001-83808000	SBS1	2	2	0	1	0	0	0	0	0	0
1643	chr1:80867001-83808000	SBS3	2	2	0	13	0	2	0	0	0	0
1644	chr1:8343501-8742000	SBS3	3	1	0	1	0	0	0	0	0	0
1645	chr1:83808001-85863938	SBS100	2	2	0	1	0	0	0	0	0	0
1646	chr1:83808001-85863938	SBS3	2	2	0	6	0	2	0	0	0	0
1647	chr1:86320001-86523000	SBS3	2	2	0	2	0	0	0	0	0	0
1648	chr1:86523001-86687000	SBS3	2	1	0	1	0	0	0	0	0	0
1649	chr1:86687001-88073000	SBS1	2	2	0	1	0	0	0	0	0	0
1650	chr1:86687001-88073000	SBS3	2	2	0	6	0	0	0	0	0	0
1651	chr1:8742001-10648357	SBS100	3	0	0	1	0	0	0	0	0	0
1652	chr1:8742001-10648357	SBS3	3	0	0	6	1	4	0	0	0	0
1653	chr1:88073001-88647000	SBS3	2	1	0	0	0	1	0	0	0	0
1654	chr1:88647001-90048000	SBS100	3	2	0	0	1	0	0	0	0	0
1655	chr1:88647001-90048000	SBS3	3	2	0	2	4	0	0	0	0	0
1656	chr1:90048001-90892500	SBS100	2	1	0	1	0	0	0	0	0	0
1657	chr1:90048001-90892500	SBS3	2	1	0	3	0	1	0	0	0	0
1658	chr1:90892501-91027000	SBS3	3	2	0	0	2	0	0	0	0	0
1659	chr1:91027001-91493000	SBS3	2	1	0	0	0	1	0	0	0	0
1660	chr1:91493001-91902000	SBS1	3	2	0	1	0	0	0	0	0	0
1661	chr1:91493001-91902000	SBS3	3	2	0	1	2	0	0	0	0	0
1662	chr1:91902001-95100000	SBS1	2	2	0	2	0	0	0	0	0	0
1663	chr1:91902001-95100000	SBS3	2	2	0	8	0	4	0	0	0	0
1664	chr1:95100001-95362000	SBS3	2	1	0	1	0	0	0	0	0	0
1665	chr1:95362001-96715000	SBS3	2	1	0	9	0	0	0	0	0	0
1666	chr1:97424001-97962000	SBS3	2	1	0	3	0	1	0	0	0	0
1667	chr1:97962001-99168000	SBS3	2	1	0	8	0	4	0	0	0	0
1668	chr1:99168001-99470000	SBS3	2	2	0	2	0	0	0	0	0	0
1669	chr1:99470001-100349000	SBS1	2	2	0	1	0	0	0	0	0	0
1670	chr1:99470001-100349000	SBS3	2	2	0	2	0	0	0	0	0	0
1671	chr20:1-281000	SBS3	2	1	0	1	0	1	0	0	0	0
1672	chr20:10689001-12239000	SBS3	2	1	0	6	0	0	0	0	0	0
1673	chr20:1097001-1571000	SBS1	2	2	0	1	0	0	0	0	0	0
1674	chr20:1097001-1571000	SBS3	2	2	0	3	0	0	0	0	0	0
1675	chr20:12239001-12961000	SBS3	1	1	0	0	0	5	0	0	0	0
1676	chr20:12961001-13836000	SBS3	2	2	0	3	0	1	0	0	0	0
1677	chr20:13836001-14826974	SBS1	2	1	0	1	0	1	0	0	0	0
1678	chr20:13836001-14826974	SBS3	2	1	0	5	0	0	0	0	0	0
1679	chr20:14829798-15068935	SBS3	2	1	0	0	0	2	0	0	0	0
1680	chr20:15118403-15542000	SBS3	2	1	0	3	0	0	0	0	0	0
1681	chr20:15542001-15747000	SBS3	3	1	0	1	0	0	0	0	0	0
1682	chr20:1571001-2827000	SBS3	2	1	0	3	0	1	0	0	0	0
1683	chr20:15747001-16846000	SBS3	2	1	0	5	0	0	0	0	0	0
1684	chr20:16846001-17436072	SBS3	1	1	0	0	0	3	0	0	0	0
1685	chr20:17497001-18002000	SBS100	2	2	0	1	0	0	0	0	0	0
1686	chr20:17497001-18002000	SBS3	2	2	0	2	0	0	0	0	0	0
1687	chr20:18405001-18742000	SBS3	2	2	0	1	0	0	0	0	0	0
1688	chr20:18742001-19144000	SBS3	2	1	0	1	0	2	0	0	0	0
1689	chr20:19144001-19929000	SBS3	2	2	0	1	0	0	0	0	0	0
1690	chr20:20828001-21825000	SBS3	2	1	0	3	0	2	0	0	0	0
1691	chr20:21825001-22302000	SBS3	1	1	0	0	0	1	0	0	0	0
1692	chr20:22302001-22478000	SBS3	2	1	0	2	0	0	0	0	0	0
1693	chr20:22478001-24918000	SBS3	1	1	0	0	0	16	0	0	0	0
1694	chr20:24918001-25415000	SBS3	2	2	0	3	0	0	0	0	0	0
1695	chr20:25415001-28237289	SBS1	2	1	0	0	0	2	0	0	0	0
1696	chr20:25415001-28237289	SBS3	2	1	0	1	0	4	0	0	0	0
1697	chr20:281001-547000	SBS3	3	2	0	1	2	0	0	0	0	0
1698	chr20:28237290-31458000	SBS1	1	1	0	0	0	4	0	0	0	0
1699	chr20:28237290-31458000	SBS100	1	1	0	0	0	1	0	0	0	0
1700	chr20:28237290-31458000	SBS3	1	1	0	0	0	34	0	0	0	0
1701	chr20:2827001-3765000	SBS3	2	2	0	1	0	1	0	0	0	0
1702	chr20:31458001-32875000	SBS3	2	2	0	7	0	1	0	0	0	0
1703	chr20:32875001-33485000	SBS3	2	1	0	3	0	0	0	0	0	0
1704	chr20:33485001-36265000	SBS1	2	2	0	1	0	0	0	0	0	0
1705	chr20:33485001-36265000	SBS3	2	2	0	9	0	2	0	0	0	0
1706	chr20:36265001-36445000	SBS3	1	1	0	0	0	1	0	0	0	0
1707	chr20:36445001-37374000	SBS1	2	2	0	2	0	0	0	0	0	0
1708	chr20:36445001-37374000	SBS100	2	2	0	1	0	0	0	0	0	0
1709	chr20:36445001-37374000	SBS3	2	2	0	2	0	0	0	0	0	0
1710	chr20:37374001-37656915	SBS3	2	1	0	0	0	1	0	0	0	0
1711	chr20:3765001-4176000	SBS3	3	2	0	0	4	0	0	0	0	0
1712	chr20:37656948-38590000	SBS3	2	2	0	2	0	1	0	0	0	0
1713	chr20:38590001-38728500	SBS3	2	1	0	2	0	0	0	0	0	0
1714	chr20:38728501-39055000	SBS100	2	2	0	2	0	1	0	0	0	0
1715	chr20:38728501-39055000	SBS3	2	2	0	1	0	0	0	0	0	0
1716	chr20:39055001-39864000	SBS3	2	1	0	1	0	2	0	0	0	0
1717	chr20:39864001-40569057	SBS3	2	1	0	2	0	1	0	0	0	0
1718	chr20:40963001-41160000	SBS3	3	2	0	1	0	0	0	0	0	0
1719	chr20:41160001-41706000	SBS3	2	2	0	5	0	0	0	0	0	0
1720	chr20:41706001-43403000	SBS1	1	1	0	0	0	1	0	0	0	0
1721	chr20:41706001-43403000	SBS3	1	1	0	0	0	7	0	0	0	0
1722	chr20:4176001-4588000	SBS3	2	1	0	3	0	0	0	0	0	0
1723	chr20:43403001-44187000	SBS100	2	1	0	0	0	1	0	0	0	0
1724	chr20:43403001-44187000	SBS3	2	1	0	4	0	4	0	0	0	0
1725	chr20:44473001-44670000	SBS3	2	2	0	3	0	0	0	0	0	0
1726	chr20:45107001-45467000	SBS1	2	2	0	1	0	0	0	0	0	0
1727	chr20:45107001-45467000	SBS3	2	2	0	2	0	0	0	0	0	0
1728	chr20:45467001-45771000	SBS3	2	1	0	1	0	0	0	0	0	0
1729	chr20:4588001-5210000	SBS3	2	2	0	2	0	0	0	0	0	0
1730	chr20:46303001-47269000	SBS1	2	1	0	0	0	1	0	0	0	0
1731	chr20:46303001-47269000	SBS3	2	1	0	9	0	0	0	0	0	0
1732	chr20:47665001-47888000	SBS3	2	1	0	0	0	1	0	0	0	0
1733	chr20:47888001-48608000	SBS3	1	1	0	0	0	8	0	0	0	0
1734	chr20:48608001-49335000	SBS3	2	2	0	2	0	0	0	0	0	0
1735	chr20:49550001-50070695	SBS100	2	2	0	1	0	0	0	0	0	0
1736	chr20:49550001-50070695	SBS3	2	2	0	2	0	0	0	0	0	0
1737	chr20:50076277-50592000	SBS1	3	2	0	0	1	0	0	0	0	0
1738	chr20:50076277-50592000	SBS3	3	2	0	0	2	1	0	0	0	0
1739	chr20:50965001-51372000	SBS3	2	1	0	4	0	1	0	0	0	0
1740	chr20:51634001-52204000	SBS3	2	1	0	2	0	3	0	0	0	0
1741	chr20:5210001-5524000	SBS100	1	1	0	0	0	1	0	0	0	0
1742	chr20:5210001-5524000	SBS3	1	1	0	0	0	2	0	0	0	0
1743	chr20:52204001-53567000	SBS1	2	1	0	1	0	0	0	0	0	0
1744	chr20:52204001-53567000	SBS3	2	1	0	7	0	4	0	0	0	0
1745	chr20:53567001-53944000	SBS3	3	2	0	0	1	0	0	0	0	0
1746	chr20:53944001-54674000	SBS3	2	2	0	0	0	2	0	0	0	0
1747	chr20:54674001-56353000	SBS3	1	1	0	0	0	10	0	0	0	0
1748	chr20:5524001-6041500	SBS3	2	2	0	1	0	0	0	0	0	0
1749	chr20:56484001-57096000	SBS3	2	1	0	2	0	0	0	0	0	0
1750	chr20:57096001-57324000	SBS3	2	1	0	0	0	2	0	0	0	0
1751	chr20:57324001-58706000	SBS3	2	2	0	3	0	0	0	0	0	0
1752	chr20:58824001-59268000	SBS3	3	2	0	0	1	0	0	0	0	0
1753	chr20:59551001-60238000	SBS3	2	1	0	1	0	1	0	0	0	0
1754	chr20:60238001-61955000	SBS1	1	1	0	0	0	2	0	0	0	0
1755	chr20:60238001-61955000	SBS3	1	1	0	0	0	13	0	0	0	0
1756	chr20:6041501-6435563	SBS3	2	1	0	1	0	0	0	0	0	0
1757	chr20:61955001-62788000	SBS3	2	1	0	0	0	2	0	0	0	0
1758	chr20:62788001-62957000	SBS3	2	2	0	3	0	0	0	0	0	0
1759	chr20:63517001-64444167	SBS3	2	1	0	3	0	1	0	0	0	0
1760	chr20:6435582-7838000	SBS3	2	1	0	7	0	3	0	0	0	0
1761	chr20:7838001-8754618	SBS3	3	2	0	0	2	0	0	0	0	0
1762	chr20:8754759-8989476	SBS3	2	2	0	2	0	0	0	0	0	0
1763	chr20:9422001-10400000	SBS3	2	1	0	2	0	1	0	0	0	0
1764	chr21:1-11890183	SBS1	2	1	0	1	0	0	0	0	0	0
1765	chr21:1-11890183	SBS3	2	1	0	2	0	10	0	0	0	0
1766	chr21:11890184-14352000	SBS100	2	1	0	1	0	1	0	0	0	0
1767	chr21:11890184-14352000	SBS3	2	1	0	4	0	6	0	0	0	0
1768	chr21:14352001-15706000	SBS100	2	2	0	0	0	1	0	0	0	0
1769	chr21:14352001-15706000	SBS3	2	2	0	12	0	1	0	0	0	0
1770	chr21:15873001-16613000	SBS3	2	2	0	0	0	1	0	0	0	0
1771	chr21:16613001-17372000	SBS3	2	1	0	6	0	0	0	0	0	0
1772	chr21:17372001-18058000	SBS3	2	2	0	4	0	0	0	0	0	0
1773	chr21:18058001-18649000	SBS3	1	1	0	0	0	1	0	0	0	0
1774	chr21:18649001-23908000	SBS1	1	1	0	0	0	1	0	0	0	0
1775	chr21:18649001-23908000	SBS3	1	1	0	0	0	29	0	0	0	0
1776	chr21:23908001-25215000	SBS3	1	1	0	0	0	7	0	0	0	0
1777	chr21:25215001-25557000	SBS3	2	1	0	0	0	1	0	0	0	0
1778	chr21:25557001-26178000	SBS3	2	2	0	2	0	0	0	0	0	0
1779	chr21:26178001-26974000	SBS3	2	1	0	4	0	1	0	0	0	0
1780	chr21:26974001-28413000	SBS100	1	1	0	0	0	1	0	0	0	0
1781	chr21:26974001-28413000	SBS3	1	1	0	0	0	8	0	0	0	0
1782	chr21:28413001-28872000	SBS1	2	1	0	0	0	1	0	0	0	0
1783	chr21:28872001-29372000	SBS3	2	2	0	1	0	1	0	0	0	0
1784	chr21:29372001-30263000	SBS3	2	1	0	1	0	2	0	0	0	0
1785	chr21:30263001-31066500	SBS3	1	1	0	0	0	6	0	0	0	0
1786	chr21:31066501-31657000	SBS1	2	2	0	0	0	1	0	0	0	0
1787	chr21:31066501-31657000	SBS3	2	2	0	5	0	0	0	0	0	0
1788	chr21:31740001-32257000	SBS3	2	1	0	2	0	0	0	0	0	0
1789	chr21:32809001-33188000	SBS3	2	1	0	2	0	0	0	0	0	0
1790	chr21:33188001-35440000	SBS100	2	2	0	0	0	1	0	0	0	0
1791	chr21:33188001-35440000	SBS3	2	2	0	7	0	8	0	0	0	0
1792	chr21:35440001-36422000	SBS3	2	2	0	6	0	0	0	0	0	0
1793	chr21:36422001-37066000	SBS1	2	1	0	0	0	1	0	0	0	0
1794	chr21:36422001-37066000	SBS3	2	1	0	2	0	0	0	0	0	0
1795	chr21:37066001-37272000	SBS1	2	2	0	1	0	0	0	0	0	0
1796	chr21:37272001-37359000	SBS3	2	1	0	1	0	0	0	0	0	0
1797	chr21:37359001-37506000	SBS3	3	2	0	0	0	2	0	0	0	0
1798	chr21:37506001-37723000	SBS3	2	1	0	1	0	0	0	0	0	0
1799	chr21:37723001-38758000	SBS1	2	1	0	1	0	0	0	0	0	0
1800	chr21:37723001-38758000	SBS3	2	1	0	8	0	3	0	0	0	0
1801	chr21:39108001-39458000	SBS3	2	2	0	2	0	0	0	0	0	0
1802	chr21:39458001-39792000	SBS1	2	1	0	1	0	0	0	0	0	0
1803	chr21:39458001-39792000	SBS3	2	1	0	1	0	0	0	0	0	0
1804	chr21:39792001-41078000	SBS1	1	1	0	0	0	1	0	0	0	0
1805	chr21:39792001-41078000	SBS3	1	1	0	0	0	4	0	0	0	0
1806	chr21:41078001-44356000	SBS100	2	2	0	2	0	0	0	0	0	0
1807	chr21:41078001-44356000	SBS3	2	2	0	5	0	1	0	0	0	0
1808	chr21:44356001-44764500	SBS3	2	1	0	3	0	2	0	0	0	0
1809	chr21:44764501-45229000	SBS3	2	2	0	1	0	0	0	0	0	0
1810	chr21:45229001-45822419	SBS3	2	1	0	3	0	0	0	0	0	0
1811	chr21:45970001-46451000	SBS3	2	0	0	0	0	1	0	0	0	0
1812	chr22:1-14004552	SBS1	1	0	0	0	0	4	0	0	0	0
1813	chr22:1-14004552	SBS100	1	0	0	0	0	1	0	0	0	0
1814	chr22:1-14004552	SBS3	1	0	0	0	0	7	0	0	0	0
1815	chr22:14004553-17026500	SBS3	1	0	0	0	0	3	0	0	0	0
1816	chr22:17026501-17289000	SBS100	2	0	0	1	0	0	0	0	0	0
1817	chr22:17026501-17289000	SBS3	2	0	0	0	0	1	0	0	0	0
1818	chr22:17289001-17610000	SBS3	2	0	0	1	0	0	0	0	0	0
1819	chr22:17610001-18146000	SBS1	2	0	0	1	0	0	0	0	0	0
1820	chr22:17610001-18146000	SBS100	2	0	0	0	0	1	0	0	0	0
1821	chr22:17610001-18146000	SBS3	2	0	0	1	0	0	0	0	0	0
1822	chr22:18146001-19770500	SBS3	2	0	0	1	0	1	0	0	0	0
1823	chr22:19770501-21455000	SBS1	2	0	0	2	0	0	0	0	0	0
1824	chr22:19770501-21455000	SBS3	2	0	0	2	0	1	0	0	0	0
1825	chr22:21871001-22683000	SBS1	1	0	0	0	0	1	0	0	0	0
1826	chr22:21871001-22683000	SBS3	1	0	0	0	0	8	0	0	0	0
1827	chr22:22683001-23322500	SBS3	2	0	0	0	0	1	0	0	0	0
1828	chr22:23685001-24686000	SBS100	2	0	0	0	0	1	0	0	0	0
1829	chr22:23685001-24686000	SBS3	2	0	0	0	0	4	0	0	0	0
1830	chr22:24686001-24931000	SBS3	1	0	0	0	0	1	0	0	0	0
1831	chr22:24931001-25719000	SBS3	2	0	0	0	0	2	0	0	0	0
1832	chr22:26736001-27847000	SBS3	1	0	0	0	0	3	0	0	0	0
1833	chr22:27933001-29762000	SBS1	2	0	0	0	0	3	0	0	0	0
1834	chr22:27933001-29762000	SBS3	2	0	0	0	0	3	0	0	0	0
1835	chr22:29762001-30436000	SBS3	2	0	0	1	0	2	0	0	0	0
1836	chr22:30436001-30909000	SBS1	1	0	0	0	0	1	0	0	0	0
1837	chr22:30436001-30909000	SBS3	1	0	0	0	0	4	0	0	0	0
1838	chr22:30909001-31975000	SBS3	2	0	0	1	0	1	0	0	0	0
1839	chr22:31975001-33945000	SBS1	1	0	0	0	0	2	0	0	0	0
1840	chr22:31975001-33945000	SBS3	1	0	0	0	0	5	0	0	0	0
1841	chr22:33945001-35038000	SBS3	1	0	0	0	0	3	0	0	0	0
1842	chr22:35038001-35252000	SBS3	1	0	0	0	0	1	0	0	0	0
1843	chr22:35252001-36532000	SBS3	2	0	0	2	0	1	0	0	0	0
1844	chr22:37147001-37324000	SBS3	2	1	0	0	0	1	0	0	0	0
1845	chr22:37481001-39540000	SBS100	2	0	0	1	0	0	0	0	0	0
1846	chr22:37481001-39540000	SBS3	2	0	0	4	0	5	0	0	0	0
1847	chr22:39540001-39895000	SBS3	2	0	0	0	0	1	0	0	0	0
1848	chr22:39895001-40655000	SBS1	2	0	0	0	0	1	0	0	0	0
1849	chr22:39895001-40655000	SBS3	2	0	0	1	0	1	0	0	0	0
1850	chr22:40655001-42911000	SBS3	2	0	0	2	0	5	0	0	0	0
1851	chr22:43017001-43392000	SBS3	2	0	0	0	0	2	0	0	0	0
1852	chr22:43901001-44776000	SBS3	1	0	0	0	0	2	0	0	0	0
1853	chr22:44776001-45113000	SBS3	1	0	0	0	0	2	0	0	0	0
1854	chr22:45113001-47162000	SBS1	2	0	0	0	0	1	0	0	0	0
1855	chr22:45113001-47162000	SBS3	2	0	0	4	0	1	0	0	0	0
1856	chr22:47162001-49231376	SBS1	1	0	0	0	0	1	0	0	0	0
1857	chr22:47162001-49231376	SBS100	1	0	0	0	0	1	0	0	0	0
1858	chr22:47162001-49231376	SBS3	1	0	0	0	0	2	0	0	0	0
1859	chr22:49233243-49759000	SBS3	1	0	0	0	0	2	0	0	0	0
1860	chr22:49759001-50818468	SBS3	2	0	0	2	0	1	0	0	0	0
1861	chr2:1-633000	SBS100	4	2	0	1	0	0	0	0	0	0
1862	chr2:1-633000	SBS3	4	2	0	0	1	0	5	0	0	0
1863	chr2:100719001-101689000	SBS1	2	2	0	1	0	0	0	0	0	0
1864	chr2:100719001-101689000	SBS100	2	2	0	1	0	0	0	0	0	0
1865	chr2:100719001-101689000	SBS3	2	2	0	5	0	0	0	0	0	0
1866	chr2:101855001-102460000	SBS3	2	2	0	3	0	0	0	0	0	0
1867	chr2:102460001-102844000	SBS3	2	1	0	3	0	0	0	0	0	0
1868	chr2:102844001-104804000	SBS1	1	1	0	0	0	2	0	0	0	0
1869	chr2:102844001-104804000	SBS100	1	1	0	0	0	1	0	0	0	0
1870	chr2:102844001-104804000	SBS3	1	1	0	0	0	11	0	0	0	0
1871	chr2:104804001-105235000	SBS3	2	1	0	1	0	0	0	0	0	0
1872	chr2:105235001-106269000	SBS3	2	2	0	6	0	0	0	0	0	0
1873	chr2:106591001-107664000	SBS1	1	1	0	0	0	1	0	0	0	0
1874	chr2:106591001-107664000	SBS3	1	1	0	0	0	3	0	0	0	0
1875	chr2:107664001-108337500	SBS3	2	1	0	3	0	0	0	0	0	0
1876	chr2:108337501-111058000	SBS100	2	1	0	1	0	0	0	0	0	0
1877	chr2:108337501-111058000	SBS3	2	1	0	8	0	4	0	0	0	0
1878	chr2:10834001-11109000	SBS3	2	1	0	0	0	1	0	0	0	0
1879	chr2:111058001-112954139	SBS1	2	2	0	0	0	1	0	0	0	0
1880	chr2:111058001-112954139	SBS100	2	2	0	0	0	1	0	0	0	0
1881	chr2:111058001-112954139	SBS3	2	2	0	6	0	2	0	0	0	0
1882	chr2:11109001-11488000	SBS3	3	2	0	0	1	0	0	0	0	0
1883	chr2:112954216-113877000	SBS3	2	2	0	1	0	0	0	0	0	0
1884	chr2:113982001-114777000	SBS1	1	1	0	0	0	1	0	0	0	0
1885	chr2:113982001-114777000	SBS3	1	1	0	0	0	5	0	0	0	0
1886	chr2:114777001-117781000	SBS1	1	1	0	0	0	1	0	0	0	0
1887	chr2:114777001-117781000	SBS3	1	1	0	0	0	23	0	0	0	0
1888	chr2:11488001-13140000	SBS1	2	1	0	1	0	1	0	0	0	0
1889	chr2:11488001-13140000	SBS3	2	1	0	10	0	13	0	0	0	0
1890	chr2:118224001-119196000	SBS1	2	1	0	2	0	0	0	0	0	0
1891	chr2:118224001-119196000	SBS100	2	1	0	0	0	1	0	0	0	0
1892	chr2:118224001-119196000	SBS3	2	1	0	4	0	2	0	0	0	0
1893	chr2:119684001-120335000	SBS3	2	2	0	1	0	0	0	0	0	0
1894	chr2:120335001-121340000	SBS100	2	1	0	1	0	0	0	0	0	0
1895	chr2:120335001-121340000	SBS3	2	1	0	8	0	0	0	0	0	0
1896	chr2:121340001-121653000	SBS1	3	2	0	0	0	1	0	0	0	0
1897	chr2:121340001-121653000	SBS3	3	2	0	0	0	1	0	0	0	0
1898	chr2:121787001-126485000	SBS1	1	1	0	0	0	3	0	0	0	0
1899	chr2:121787001-126485000	SBS3	1	1	0	0	0	27	0	0	0	0
1900	chr2:126485001-126961000	SBS3	2	1	0	4	0	1	0	0	0	0
1901	chr2:126961001-127275000	SBS3	2	1	0	1	0	1	0	0	0	0
1902	chr2:127275001-127531000	SBS3	2	2	0	1	0	0	0	0	0	0
1903	chr2:127531001-128359000	SBS1	2	1	0	1	0	0	0	0	0	0
1904	chr2:127531001-128359000	SBS3	2	1	0	1	0	1	0	0	0	0
1905	chr2:128359001-129052000	SBS3	2	1	0	4	0	2	0	0	0	0
1906	chr2:129052001-129228000	SBS100	2	1	0	1	0	0	0	0	0	0
1907	chr2:129052001-129228000	SBS3	2	1	0	1	0	0	0	0	0	0
1908	chr2:129228001-130331000	SBS1	2	1	0	0	0	1	0	0	0	0
1909	chr2:129228001-130331000	SBS3	2	1	0	5	0	4	0	0	0	0
1910	chr2:130394501-131035000	SBS3	1	1	0	0	0	2	0	0	0	0
1911	chr2:131035001-131157000	SBS100	2	2	0	0	0	1	0	0	0	0
1912	chr2:131035001-131157000	SBS3	2	2	0	0	0	1	0	0	0	0
1913	chr2:131157001-132573000	SBS3	2	1	0	3	0	3	0	0	0	0
1914	chr2:13140001-15138000	SBS1	2	1	0	2	0	0	0	0	0	0
1915	chr2:13140001-15138000	SBS3	2	1	0	8	0	4	0	0	0	0
1916	chr2:132573001-133750973	SBS1	2	1	0	0	0	1	0	0	0	0
1917	chr2:132573001-133750973	SBS3	2	1	0	7	0	0	0	0	0	0
1918	chr2:133751562-134117000	SBS3	2	1	0	4	0	1	0	0	0	0
1919	chr2:134117001-134454000	SBS3	3	2	0	0	1	0	0	0	0	0
1920	chr2:134888001-135170000	SBS3	2	2	0	2	0	0	0	0	0	0
1921	chr2:135521001-135904000	SBS3	2	2	0	4	0	0	0	0	0	0
1922	chr2:135904001-136427000	SBS1	3	2	0	0	1	0	0	0	0	0
1923	chr2:135904001-136427000	SBS3	3	2	0	0	2	0	0	0	0	0
1924	chr2:136427001-137811000	SBS3	1	1	0	0	0	5	0	0	0	0
1925	chr2:137811001-138847000	SBS1	2	2	0	1	0	0	0	0	0	0
1926	chr2:137811001-138847000	SBS3	2	2	0	2	0	2	0	0	0	0
1927	chr2:138847001-140902000	SBS1	1	1	0	0	0	3	0	0	0	0
1928	chr2:138847001-140902000	SBS3	1	1	0	0	0	19	0	0	0	0
1929	chr2:140902001-142150000	SBS3	2	1	0	3	0	1	0	0	0	0
1930	chr2:142150001-142629000	SBS3	1	1	0	0	0	2	0	0	0	0
1931	chr2:142629001-143105000	SBS3	2	1	0	1	0	1	0	0	0	0
1932	chr2:143105001-143775000	SBS3	2	2	0	2	0	3	0	0	0	0
1933	chr2:143775001-144122000	SBS3	2	1	0	2	0	0	0	0	0	0
1934	chr2:144610001-145877000	SBS3	2	1	0	8	0	2	0	0	0	0
1935	chr2:145877001-147829000	SBS100	2	1	0	0	0	1	0	0	0	0
1936	chr2:145877001-147829000	SBS3	2	1	0	7	0	6	0	0	0	0
1937	chr2:147829001-148250506	SBS3	2	2	0	1	0	0	0	0	0	0
1938	chr2:148496334-148641000	SBS3	2	1	0	0	0	1	0	0	0	0
1939	chr2:148641001-148791000	SBS3	2	2	0	1	0	0	0	0	0	0
1940	chr2:148791001-149560000	SBS1	2	1	0	0	0	1	0	0	0	0
1941	chr2:148791001-149560000	SBS3	2	1	0	2	0	2	0	0	0	0
1942	chr2:149630001-151231000	SBS3	2	1	0	5	0	3	0	0	0	0
1943	chr2:151231001-152387497	SBS3	2	2	0	3	0	0	0	0	0	0
1944	chr2:15138001-15646000	SBS3	2	2	0	3	0	0	0	0	0	0
1945	chr2:152387740-152782000	SBS1	3	2	0	1	0	0	0	0	0	0
1946	chr2:152387740-152782000	SBS3	3	2	0	0	4	0	0	0	0	0
1947	chr2:152782001-155293000	SBS100	1	1	0	0	0	2	0	0	0	0
1948	chr2:152782001-155293000	SBS3	1	1	0	0	0	11	0	0	0	0
1949	chr2:155293001-156311000	SBS1	2	1	0	1	0	0	0	0	0	0
1950	chr2:155293001-156311000	SBS100	2	1	0	1	0	0	0	0	0	0
1951	chr2:155293001-156311000	SBS3	2	1	0	5	0	0	0	0	0	0
1952	chr2:156311001-156606000	SBS100	3	2	0	0	1	0	0	0	0	0
1953	chr2:156311001-156606000	SBS3	3	2	0	0	1	0	0	0	0	0
1954	chr2:15646001-17394718	SBS3	2	1	0	5	0	2	0	0	0	0
1955	chr2:156606001-157405000	SBS3	2	2	0	5	0	0	0	0	0	0
1956	chr2:157471001-160216041	SBS3	2	2	0	9	0	0	0	0	0	0
1957	chr2:160216042-160239553	SBS3	5	3	0	0	0	0	0	1	0	0
1958	chr2:160436001-161118995	SBS3	2	2	0	4	0	0	0	0	0	0
1959	chr2:161441001-161946000	SBS3	2	0	0	1	0	0	0	0	0	0
1960	chr2:161946001-162407000	SBS3	2	1	0	1	0	2	0	0	0	0
1961	chr2:162407001-164477000	SBS1	2	0	0	1	0	0	0	0	0	0
1962	chr2:162407001-164477000	SBS3	2	0	0	1	0	7	0	0	0	0
1963	chr2:164477001-165017000	SBS3	2	0	0	1	0	0	0	0	0	0
1964	chr2:165964001-167919000	SBS1	2	0	0	1	0	0	0	0	0	0
1965	chr2:165964001-167919000	SBS3	2	0	0	3	0	3	0	0	0	0
1966	chr2:167919001-168664000	SBS3	2	0	0	1	0	1	0	0	0	0
1967	chr2:168664001-170109000	SBS3	2	0	0	1	0	0	0	0	0	0
1968	chr2:170109001-170927000	SBS1	2	0	0	1	0	0	0	0	0	0
1969	chr2:170109001-170927000	SBS3	2	0	0	0	0	1	0	0	0	0
1970	chr2:171173001-172505000	SBS3	2	0	0	1	0	1	0	0	0	0
1971	chr2:172927001-173271000	SBS3	2	0	0	2	0	0	0	0	0	0
1972	chr2:173271001-173894000	SBS3	2	0	0	0	0	1	0	0	0	0
1973	chr2:17394719-17845000	SBS3	2	0	0	0	0	2	0	0	0	0
1974	chr2:174550001-174689000	SBS100	2	1	0	1	0	0	0	0	0	0
1975	chr2:174550001-174689000	SBS3	2	1	0	1	0	0	0	0	0	0
1976	chr2:174689001-175091000	SBS3	2	0	0	2	0	2	0	0	0	0
1977	chr2:175191001-175454000	SBS3	2	0	0	0	0	1	0	0	0	0
1978	chr2:175454001-175915000	SBS3	1	0	0	0	0	1	0	0	0	0
1979	chr2:175915001-177139000	SBS3	1	0	0	0	0	1	0	0	0	0
1980	chr2:177774001-178396000	SBS3	1	0	0	0	0	4	0	0	0	0
1981	chr2:178396001-178530000	SBS3	2	0	0	0	0	1	0	0	0	0
1982	chr2:17845001-18332500	SBS3	2	0	0	0	0	2	0	0	0	0
1983	chr2:179933001-180041000	SBS3	2	0	0	0	0	1	0	0	0	0
1984	chr2:180341122-180944000	SBS3	1	0	0	0	0	2	0	0	0	0
1985	chr2:180944001-181549000	SBS3	2	1	0	5	0	0	0	0	0	0
1986	chr2:181549001-181840000	SBS3	2	0	0	2	0	0	0	0	0	0
1987	chr2:181960001-182709000	SBS3	2	0	0	2	0	3	0	0	0	0
1988	chr2:182709001-183252000	SBS3	2	0	0	1	0	0	0	0	0	0
1989	chr2:183252001-184417000	SBS3	1	0	0	0	0	3	0	0	0	0
1990	chr2:18332501-19887000	SBS1	2	0	0	1	0	0	0	0	0	0
1991	chr2:18332501-19887000	SBS3	2	0	0	2	0	3	0	0	0	0
1992	chr2:184417001-186029000	SBS100	1	0	0	0	0	1	0	0	0	0
1993	chr2:184417001-186029000	SBS3	1	0	0	0	0	3	0	0	0	0
1994	chr2:1862001-3182000	SBS1	2	1	0	0	0	2	0	0	0	0
1995	chr2:1862001-3182000	SBS3	2	1	0	8	0	1	0	0	0	0
1996	chr2:186701001-187615000	SBS3	2	0	0	2	0	0	0	0	0	0
1997	chr2:187615001-188951000	SBS3	1	0	0	0	0	3	0	0	0	0
1998	chr2:188951001-189438000	SBS3	2	0	0	2	0	0	0	0	0	0
1999	chr2:189438001-189841000	SBS3	2	0	0	3	0	0	0	0	0	0
2000	chr2:189841001-190276000	SBS3	2	0	0	1	0	0	0	0	0	0
2001	chr2:190276001-190878000	SBS3	2	0	0	2	0	0	0	0	0	0
2002	chr2:191072001-191609000	SBS3	2	0	0	1	0	1	0	0	0	0
2003	chr2:191699001-192238000	SBS3	2	0	0	0	0	1	0	0	0	0
2004	chr2:192238001-195305000	SBS3	1	0	0	0	0	7	0	0	0	0
2005	chr2:195305001-195526000	SBS100	2	1	0	1	0	0	0	0	0	0
2006	chr2:198380001-199676000	SBS3	1	0	0	0	0	1	0	0	0	0
2007	chr2:19887001-20405318	SBS3	3	0	0	2	0	2	0	0	0	0
2008	chr2:199676001-200284000	SBS3	2	0	0	1	0	0	0	0	0	0
2009	chr2:201283501-201838508	SBS3	2	0	0	1	0	0	0	0	0	0
2010	chr2:201838509-204081000	SBS100	2	2	0	1	0	0	0	0	0	0
2011	chr2:201838509-204081000	SBS3	2	2	0	5	0	0	0	0	0	0
2012	chr2:204081001-205985000	SBS1	2	1	0	1	0	1	0	0	0	0
2013	chr2:204081001-205985000	SBS3	2	1	0	3	0	5	0	0	0	0
2014	chr2:20504001-20827000	SBS3	3	0	0	2	1	0	0	0	0	0
2015	chr2:205985001-206166000	SBS3	2	2	0	1	0	0	0	0	0	0
2016	chr2:206166001-207054000	SBS1	2	1	0	1	0	0	0	0	0	0
2017	chr2:206166001-207054000	SBS3	2	1	0	3	0	3	0	0	0	0
2018	chr2:207054001-207495000	SBS3	2	2	0	2	0	0	0	0	0	0
2019	chr2:207495001-208045500	SBS3	2	2	0	2	0	0	0	0	0	0
2020	chr2:208045501-208245528	SBS3	2	1	0	2	0	0	0	0	0	0
2021	chr2:208259662-208504000	SBS3	2	2	0	1	0	0	0	0	0	0
2022	chr2:20827001-23250000	SBS1	2	0	0	0	0	1	0	0	0	0
2023	chr2:20827001-23250000	SBS3	2	0	0	3	0	12	0	0	0	0
2024	chr2:208504001-209327000	SBS1	1	1	0	0	0	1	0	0	0	0
2025	chr2:208504001-209327000	SBS3	1	1	0	0	0	5	0	0	0	0
2026	chr2:209916001-212894000	SBS3	2	1	0	13	0	4	0	0	0	0
2027	chr2:212894001-213323000	SBS3	3	2	0	0	2	0	0	0	0	0
2028	chr2:213323001-214702000	SBS100	2	1	0	0	0	1	0	0	0	0
2029	chr2:213323001-214702000	SBS3	2	1	0	6	0	3	0	0	0	0
2030	chr2:214864001-215287000	SBS100	2	1	0	0	0	1	0	0	0	0
2031	chr2:214864001-215287000	SBS3	2	1	0	1	0	11	0	0	0	0
2032	chr2:215287001-216106000	SBS3	2	2	0	3	0	1	0	0	0	0
2033	chr2:216203001-218212000	SBS3	2	2	0	9	0	3	0	0	0	0
2034	chr2:218303001-218919000	SBS3	2	2	0	1	0	1	0	0	0	0
2035	chr2:218919001-219105000	SBS100	2	1	0	1	0	0	0	0	0	0
2036	chr2:218919001-219105000	SBS3	2	1	0	1	0	0	0	0	0	0
2037	chr2:219296001-221417000	SBS3	2	1	0	6	0	0	0	0	0	0
2038	chr2:221644001-222303000	SBS1	2	1	0	1	0	0	0	0	0	0
2039	chr2:221644001-222303000	SBS3	2	1	0	3	0	0	0	0	0	0
2040	chr2:222982001-223044513	SBS3	2	1	0	1	0	0	0	0	0	0
2041	chr2:223047554-223691000	SBS3	1	1	0	0	0	7	0	0	0	0
2042	chr2:223691001-224044000	SBS3	2	2	0	1	0	0	0	0	0	0
2043	chr2:224044001-224466000	SBS3	2	1	0	0	0	3	0	0	0	0
2044	chr2:224594001-224852000	SBS3	2	1	0	1	0	0	0	0	0	0
2045	chr2:224852001-225066000	SBS3	2	2	0	1	0	0	0	0	0	0
2046	chr2:225066001-226762000	SBS1	2	1	0	1	0	0	0	0	0	0
2047	chr2:225066001-226762000	SBS3	2	1	0	4	0	5	0	0	0	0
2048	chr2:227234001-227579000	SBS3	2	2	0	1	0	1	0	0	0	0
2049	chr2:227579001-228676000	SBS3	2	1	0	6	0	4	0	0	0	0
2050	chr2:228676001-229759000	SBS1	1	1	0	0	0	1	0	0	0	0
2051	chr2:228676001-229759000	SBS100	1	1	0	0	0	1	0	0	0	0
2052	chr2:228676001-229759000	SBS3	1	1	0	0	0	11	0	0	0	0
2053	chr2:230162001-232158012	SBS3	2	2	0	9	0	4	0	0	0	0
2054	chr2:232158013-232338500	SBS3	4	3	0	0	0	0	1	0	0	0
2055	chr2:232338501-232534000	SBS1	3	1	0	0	0	1	0	0	0	0
2056	chr2:232338501-232534000	SBS3	3	1	0	1	1	2	0	0	0	0
2057	chr2:23250001-23725000	SBS3	2	0	0	0	0	1	0	0	0	0
2058	chr2:232534001-232884987	SBS1	4	2	0	1	1	0	0	0	0	0
2059	chr2:232534001-232884987	SBS3	4	2	0	0	2	0	0	0	0	0
2060	chr2:233039001-233568000	SBS3	2	2	0	4	0	1	0	0	0	0
2061	chr2:233568001-233969000	SBS3	2	1	0	2	0	1	0	0	0	0
2062	chr2:234270001-234507000	SBS3	3	2	0	0	1	0	0	0	0	0
2063	chr2:234507001-235927000	SBS100	2	1	0	2	0	0	0	0	0	0
2064	chr2:234507001-235927000	SBS3	2	1	0	4	0	1	0	0	0	0
2065	chr2:235927001-237047000	SBS3	2	1	0	3	0	1	0	0	0	0
2066	chr2:237047001-237651000	SBS100	2	2	0	1	0	0	0	0	0	0
2067	chr2:237047001-237651000	SBS3	2	2	0	2	0	0	0	0	0	0
2068	chr2:23725001-23949000	SBS3	3	0	0	0	1	0	0	0	0	0
2069	chr2:237756001-238466000	SBS100	2	2	0	1	0	0	0	0	0	0
2070	chr2:237756001-238466000	SBS3	2	2	0	4	0	1	0	0	0	0
2071	chr2:238466001-239031000	SBS3	1	1	0	0	0	5	0	0	0	0
2072	chr2:239455001-239921000	SBS3	1	1	0	0	0	2	0	0	0	0
2073	chr2:240038001-240520500	SBS1	1	1	0	0	0	1	0	0	0	0
2074	chr2:240038001-240520500	SBS3	1	1	0	0	0	1	0	0	0	0
2075	chr2:241400001-242193529	SBS3	2	1	0	5	0	4	0	0	0	0
2076	chr2:24213001-24820000	SBS3	3	0	0	2	0	0	0	0	0	0
2077	chr2:24820001-25225000	SBS1	3	0	0	0	0	1	0	0	0	0
2078	chr2:24820001-25225000	SBS3	3	0	0	1	0	0	0	0	0	0
2079	chr2:25225001-25883000	SBS3	3	0	0	2	1	0	0	0	0	0
2080	chr2:25883001-25976000	SBS3	2	0	0	1	0	0	0	0	0	0
2081	chr2:25976001-26401000	SBS3	3	1	0	0	1	0	0	0	0	0
2082	chr2:26401001-26961000	SBS100	2	0	0	0	0	1	0	0	0	0
2083	chr2:26401001-26961000	SBS3	2	0	0	1	0	1	0	0	0	0
2084	chr2:26961001-28819000	SBS100	3	0	0	0	0	1	0	0	0	0
2085	chr2:26961001-28819000	SBS3	3	0	0	3	1	2	0	0	0	0
2086	chr2:28819001-29213000	SBS3	2	0	0	0	0	2	0	0	0	0
2087	chr2:29213001-30124000	SBS3	2	0	0	0	0	1	0	0	0	0
2088	chr2:30124001-30801000	SBS100	3	0	0	1	0	0	0	0	0	0
2089	chr2:30124001-30801000	SBS3	3	0	0	3	1	0	0	0	0	0
2090	chr2:31117979-31426000	SBS1	3	0	0	1	0	0	0	0	0	0
2091	chr2:31117979-31426000	SBS3	3	0	0	0	1	0	0	0	0	0
2092	chr2:3182001-3599000	SBS3	3	1	0	6	0	0	0	0	0	0
2093	chr2:31834001-33618000	SBS3	3	0	0	3	0	4	0	0	0	0
2094	chr2:33618001-34033795	SBS1	2	0	0	1	0	0	0	0	0	0
2095	chr2:33618001-34033795	SBS3	2	0	0	1	0	1	0	0	0	0
2096	chr2:34033796-35767000	SBS3	2	0	0	4	0	8	0	0	0	0
2097	chr2:35767001-36348000	SBS3	2	0	0	1	0	1	0	0	0	0
2098	chr2:3599001-6823000	SBS100	2	1	0	1	0	0	0	0	0	0
2099	chr2:3599001-6823000	SBS3	2	1	0	7	0	3	0	0	0	0
2100	chr2:36348001-36504508	SBS3	4	0	0	1	1	0	0	0	0	0
2101	chr2:36504509-36512627	SBS3	7	0	0	0	0	0	0	1	0	0
2102	chr2:36512628-37580000	SBS3	4	0	0	1	0	0	2	0	0	0
2103	chr2:38254568-39443000	SBS3	4	0	0	3	1	0	0	0	0	0
2104	chr2:39443001-39925000	SBS3	3	0	0	0	0	1	0	0	0	0
2105	chr2:39925001-41550000	SBS1	2	0	0	0	0	2	0	0	0	0
2106	chr2:39925001-41550000	SBS100	2	0	0	0	0	2	0	0	0	0
2107	chr2:39925001-41550000	SBS3	2	0	0	2	0	15	0	0	0	0
2108	chr2:41550001-41959774	SBS3	3	0	0	1	2	0	0	0	0	0
2109	chr2:42078001-42369000	SBS3	4	2	0	1	0	0	0	0	0	0
2110	chr2:42369001-42561000	SBS3	3	1	0	1	0	0	0	0	0	0
2111	chr2:42561001-43123000	SBS3	3	2	0	1	1	0	0	0	0	0
2112	chr2:43613001-44165000	SBS3	3	2	0	0	1	0	0	0	0	0
2113	chr2:44248001-45356000	SBS3	3	2	0	2	3	0	0	0	0	0
2114	chr2:45356001-47490000	SBS3	4	2	0	0	3	2	8	0	0	0
2115	chr2:47770001-47915000	SBS3	4	2	0	1	1	0	0	0	0	0
2116	chr2:47915001-48306000	SBS3	3	2	0	0	2	0	0	0	0	0
2117	chr2:48306001-48463000	SBS3	4	2	0	0	0	3	1	0	0	0
2118	chr2:48632001-49609000	SBS1	2	1	0	1	0	0	0	0	0	0
2119	chr2:48632001-49609000	SBS3	2	1	0	3	0	4	0	0	0	0
2120	chr2:49609001-51116000	SBS100	3	1	0	0	0	1	0	0	0	0
2121	chr2:49609001-51116000	SBS3	3	1	0	6	4	0	0	0	0	0
2122	chr2:51116001-53671000	SBS100	2	1	0	0	0	1	0	0	0	0
2123	chr2:51116001-53671000	SBS3	2	1	0	10	0	4	0	0	0	0
2124	chr2:53671001-54534000	SBS3	4	2	0	2	1	0	0	0	0	0
2125	chr2:55055001-55699000	SBS100	3	2	0	0	1	0	0	0	0	0
2126	chr2:55055001-55699000	SBS3	3	2	0	1	4	1	0	0	0	0
2127	chr2:55699001-56223000	SBS3	2	1	0	2	0	0	0	0	0	0
2128	chr2:56223001-57429000	SBS3	2	1	0	1	0	2	0	0	0	0
2129	chr2:57429001-57670000	SBS3	2	1	0	0	0	1	0	0	0	0
2130	chr2:58251501-60211000	SBS3	3	1	0	1	4	1	0	0	0	0
2131	chr2:60211001-60464000	SBS3	3	2	0	1	1	0	0	0	0	0
2132	chr2:60567001-60752000	SBS3	2	2	0	1	0	0	0	0	0	0
2133	chr2:60752001-61540000	SBS3	3	2	0	2	3	0	0	0	0	0
2134	chr2:61540001-61835000	SBS3	3	1	0	0	0	2	0	0	0	0
2135	chr2:61835001-63069000	SBS3	3	2	0	2	4	1	0	0	0	0
2136	chr2:63069001-63479000	SBS1	3	1	0	0	1	0	0	0	0	0
2137	chr2:63069001-63479000	SBS3	3	1	0	1	0	0	0	0	0	0
2138	chr2:633001-730000	SBS3	2	2	0	1	0	1	0	0	0	0
2139	chr2:63479001-63827000	SBS3	3	2	0	1	2	0	0	0	0	0
2140	chr2:63827001-64340000	SBS100	4	2	0	0	0	0	1	0	0	0
2141	chr2:63827001-64340000	SBS3	4	2	0	0	3	1	1	0	0	0
2142	chr2:64340001-64521000	SBS3	3	2	0	1	0	0	0	0	0	0
2143	chr2:64521001-65443000	SBS3	4	2	0	1	1	1	2	0	0	0
2144	chr2:65443001-65745000	SBS1	3	2	0	0	1	0	0	0	0	0
2145	chr2:65443001-65745000	SBS3	3	2	0	1	0	1	0	0	0	0
2146	chr2:65745001-66417000	SBS3	3	1	0	3	2	0	0	0	0	0
2147	chr2:66586001-68150000	SBS1	3	1	0	1	0	0	0	0	0	0
2148	chr2:66586001-68150000	SBS100	3	1	0	1	0	0	0	0	0	0
2149	chr2:66586001-68150000	SBS3	3	1	0	9	4	3	0	0	0	0
2150	chr2:68150001-68295000	SBS3	4	2	0	1	1	0	0	0	0	0
2151	chr2:6823001-10834000	SBS1	2	2	0	1	0	0	0	0	0	0
2152	chr2:6823001-10834000	SBS100	2	2	0	3	0	1	0	0	0	0
2153	chr2:6823001-10834000	SBS3	2	2	0	10	0	6	0	0	0	0
2154	chr2:68295001-69648000	SBS100	3	2	0	0	1	0	0	0	0	0
2155	chr2:68295001-69648000	SBS3	3	2	0	2	4	1	0	0	0	0
2156	chr2:69648001-70077000	SBS3	2	2	0	4	0	2	0	0	0	0
2157	chr2:70077001-70145000	SBS3	4	2	0	0	0	0	1	0	0	0
2158	chr2:70145001-71326000	SBS1	2	2	0	1	0	0	0	0	0	0
2159	chr2:70145001-71326000	SBS3	2	2	0	3	0	0	0	0	0	0
2160	chr2:71476001-72108181	SBS3	2	1	0	6	0	1	0	0	0	0
2161	chr2:72108221-73758000	SBS3	2	1	0	7	0	2	0	0	0	0
2162	chr2:730001-1538000	SBS3	1	1	0	0	0	3	0	0	0	0
2163	chr2:73758001-74905000	SBS3	2	2	0	3	0	0	0	0	0	0
2164	chr2:74905001-75795000	SBS3	2	1	0	5	0	1	0	0	0	0
2165	chr2:75795001-83929000	SBS1	1	1	0	0	0	2	0	0	0	0
2166	chr2:75795001-83929000	SBS100	1	1	0	0	0	2	0	0	0	0
2167	chr2:75795001-83929000	SBS3	1	1	0	0	0	50	0	0	0	0
2168	chr2:83929001-84408000	SBS3	1	1	0	0	0	2	0	0	0	0
2169	chr2:84625811-88277112	SBS100	2	2	0	1	0	0	0	0	0	0
2170	chr2:84625811-88277112	SBS3	2	2	0	7	0	0	0	0	0	0
2171	chr2:88548001-88747000	SBS100	2	2	0	1	0	0	0	0	0	0
2172	chr2:88548001-88747000	SBS3	2	2	0	1	0	0	0	0	0	0
2173	chr2:88747001-93139350	SBS1	2	1	0	0	0	2	0	0	0	0
2174	chr2:88747001-93139350	SBS3	2	1	0	4	0	5	0	0	0	0
2175	chr2:93139351-95396000	SBS1	2	1	0	1	0	0	0	0	0	0
2176	chr2:93139351-95396000	SBS100	2	1	0	1	0	0	0	0	0	0
2177	chr2:93139351-95396000	SBS3	2	1	0	6	0	11	0	0	0	0
2178	chr2:95396001-98012000	SBS100	2	2	0	1	0	0	0	0	0	0
2179	chr2:95396001-98012000	SBS3	2	2	0	5	0	4	0	0	0	0
2180	chr2:98012001-98413000	SBS3	2	1	0	3	0	0	0	0	0	0
2181	chr2:98413001-98845000	SBS3	3	2	0	0	1	0	0	0	0	0
2182	chr2:98845001-99329000	SBS1	2	1	0	1	0	0	0	0	0	0
2183	chr2:99497001-100719000	SBS100	2	1	0	1	0	0	0	0	0	0
2184	chr2:99497001-100719000	SBS3	2	1	0	3	0	3	0	0	0	0
2185	chr3:1-436000	SBS3	2	0	0	3	0	0	0	0	0	0
2186	chr3:100137001-100814000	SBS100	2	2	0	1	0	0	0	0	0	0
2187	chr3:100137001-100814000	SBS3	2	2	0	4	0	0	0	0	0	0
2188	chr3:100814001-101667000	SBS3	2	1	0	1	0	0	0	0	0	0
2189	chr3:101667001-102240000	SBS3	2	2	0	4	0	0	0	0	0	0
2190	chr3:102240001-102685000	SBS3	2	1	0	3	0	0	0	0	0	0
2191	chr3:102685001-105313000	SBS1	1	1	0	0	0	1	0	0	0	0
2192	chr3:102685001-105313000	SBS100	1	1	0	0	0	2	0	0	0	0
2193	chr3:102685001-105313000	SBS3	1	1	0	0	0	20	0	0	0	0
2194	chr3:10328001-11268000	SBS3	2	0	0	2	0	0	0	0	0	0
2195	chr3:105313001-105669000	SBS3	2	1	0	0	0	2	0	0	0	0
2196	chr3:105885001-106221000	SBS3	2	2	0	0	0	1	0	0	0	0
2197	chr3:106633501-107183000	SBS3	1	1	0	0	0	6	0	0	0	0
2198	chr3:107183001-107416000	SBS3	2	1	0	1	0	0	0	0	0	0
2199	chr3:107813001-107926000	SBS3	2	2	0	1	0	0	0	0	0	0
2200	chr3:107926001-108139000	SBS3	3	2	0	0	1	0	0	0	0	0
2201	chr3:108139001-108651000	SBS3	2	2	0	2	0	0	0	0	0	0
2202	chr3:108651001-109147000	SBS100	2	1	0	1	0	0	0	0	0	0
2203	chr3:108651001-109147000	SBS3	2	1	0	1	0	0	0	0	0	0
2204	chr3:109147001-109668000	SBS100	1	1	0	0	0	1	0	0	0	0
2205	chr3:109147001-109668000	SBS3	1	1	0	0	0	3	0	0	0	0
2206	chr3:109668001-111047000	SBS3	1	1	0	0	0	20	0	0	0	0
2207	chr3:111047001-111504500	SBS100	2	1	0	1	0	0	0	0	0	0
2208	chr3:111047001-111504500	SBS3	2	1	0	1	0	0	0	0	0	0
2209	chr3:111504501-112148000	SBS100	2	2	0	1	0	0	0	0	0	0
2210	chr3:111504501-112148000	SBS3	2	2	0	4	0	1	0	0	0	0
2211	chr3:112276001-112957000	SBS3	2	2	0	1	0	0	0	0	0	0
2212	chr3:113486501-113807000	SBS3	2	2	0	1	0	0	0	0	0	0
2213	chr3:114731463-115171000	SBS3	3	2	0	0	1	0	0	0	0	0
2214	chr3:115171001-115948000	SBS100	2	1	0	1	0	0	0	0	0	0
2215	chr3:115171001-115948000	SBS3	2	1	0	6	0	1	0	0	0	0
2216	chr3:115948001-118851000	SBS1	1	1	0	0	0	1	0	0	0	0
2217	chr3:115948001-118851000	SBS3	1	1	0	0	0	15	0	0	0	0
2218	chr3:11857001-12111000	SBS3	2	0	0	3	0	0	0	0	0	0
2219	chr3:118851001-119208000	SBS3	2	1	0	1	0	2	0	0	0	0
2220	chr3:119208001-119859000	SBS100	2	2	0	1	0	0	0	0	0	0
2221	chr3:119208001-119859000	SBS3	2	2	0	1	0	1	0	0	0	0
2222	chr3:119859001-120103000	SBS3	3	2	0	0	1	0	0	0	0	0
2223	chr3:120103001-120827000	SBS3	2	2	0	3	0	0	0	0	0	0
2224	chr3:120827001-121393000	SBS3	1	1	0	0	0	1	0	0	0	0
2225	chr3:12111001-13593000	SBS1	2	0	0	1	0	0	0	0	0	0
2226	chr3:12111001-13593000	SBS3	2	0	0	7	0	2	0	0	0	0
2227	chr3:121646501-122119000	SBS3	2	2	0	1	0	0	0	0	0	0
2228	chr3:122240001-123287000	SBS3	2	2	0	1	0	0	0	0	0	0
2229	chr3:123287001-123487000	SBS3	2	1	0	1	0	0	0	0	0	0
2230	chr3:123660001-124545000	SBS3	2	1	0	1	0	1	0	0	0	0
2231	chr3:124545001-125034000	SBS3	2	2	0	1	0	3	0	0	0	0
2232	chr3:125382001-127049000	SBS1	2	1	0	0	0	1	0	0	0	0
2233	chr3:125382001-127049000	SBS3	2	1	0	3	0	11	0	0	0	0
2234	chr3:127049001-127542000	SBS3	2	1	0	1	0	0	0	0	0	0
2235	chr3:127542001-128388000	SBS100	2	2	0	3	0	0	0	0	0	0
2236	chr3:127542001-128388000	SBS3	2	2	0	3	0	0	0	0	0	0
2237	chr3:128388001-128607000	SBS3	2	1	0	1	0	0	0	0	0	0
2238	chr3:128607001-129641000	SBS3	2	2	0	7	0	4	0	0	0	0
2239	chr3:129899001-130677000	SBS1	2	1	0	0	0	1	0	0	0	0
2240	chr3:129899001-130677000	SBS3	2	1	0	4	0	1	0	0	0	0
2241	chr3:130677001-131044000	SBS3	2	2	0	2	0	0	0	0	0	0
2242	chr3:131044001-131507000	SBS3	2	1	0	1	0	1	0	0	0	0
2243	chr3:131507001-132232000	SBS3	2	1	0	2	0	0	0	0	0	0
2244	chr3:132232001-132415000	SBS3	2	2	0	1	0	0	0	0	0	0
2245	chr3:132415001-132744000	SBS3	3	2	0	0	1	0	0	0	0	0
2246	chr3:133022001-133665000	SBS3	2	2	0	1	0	0	0	0	0	0
2247	chr3:133665001-134136000	SBS3	2	1	0	1	0	1	0	0	0	0
2248	chr3:134136001-134562000	SBS3	2	2	0	3	0	0	0	0	0	0
2249	chr3:134562001-135889000	SBS3	2	1	0	5	0	1	0	0	0	0
2250	chr3:135889001-136851000	SBS100	2	2	0	1	0	0	0	0	0	0
2251	chr3:135889001-136851000	SBS3	2	2	0	2	0	2	0	0	0	0
2252	chr3:137124001-137941000	SBS3	1	1	0	0	0	4	0	0	0	0
2253	chr3:137941001-138110000	SBS3	2	1	0	2	0	0	0	0	0	0
2254	chr3:138110001-138955000	SBS3	2	2	0	4	0	0	0	0	0	0
2255	chr3:138955001-139320000	SBS100	2	1	0	1	0	0	0	0	0	0
2256	chr3:138955001-139320000	SBS3	2	1	0	4	0	0	0	0	0	0
2257	chr3:139320001-139717000	SBS3	2	2	0	1	0	0	0	0	0	0
2258	chr3:139717001-139906129	SBS3	2	1	0	0	0	1	0	0	0	0
2259	chr3:139906265-140888000	SBS3	1	1	0	0	0	3	0	0	0	0
2260	chr3:141356001-141579000	SBS3	3	3	0	0	1	1	0	0	0	0
2261	chr3:141579001-142611000	SBS3	2	2	0	1	0	0	0	0	0	0
2262	chr3:142611001-142993000	SBS100	2	1	0	0	0	1	0	0	0	0
2263	chr3:142611001-142993000	SBS3	2	1	0	0	0	4	0	0	0	0
2264	chr3:142993001-143070000	SBS3	3	2	0	1	1	0	0	0	0	0
2265	chr3:143070001-143719000	SBS3	2	2	0	2	0	0	0	0	0	0
2266	chr3:144124001-144701000	SBS3	2	2	0	4	0	0	0	0	0	0
2267	chr3:14463001-14915000	SBS3	2	0	0	1	0	0	0	0	0	0
2268	chr3:144701001-146053000	SBS1	2	1	0	1	0	0	0	0	0	0
2269	chr3:144701001-146053000	SBS100	2	1	0	1	0	0	0	0	0	0
2270	chr3:144701001-146053000	SBS3	2	1	0	9	0	1	0	0	0	0
2271	chr3:146053001-146214500	SBS3	2	2	0	2	0	0	0	0	0	0
2272	chr3:146214501-146500000	SBS3	2	1	0	1	0	0	0	0	0	0
2273	chr3:146500001-146605000	SBS3	3	2	0	0	1	0	0	0	0	0
2274	chr3:146667001-147288000	SBS100	1	1	0	0	0	1	0	0	0	0
2275	chr3:147288001-148928000	SBS3	2	1	0	4	0	2	0	0	0	0
2276	chr3:148928001-149314714	SBS3	3	2	0	3	3	0	0	0	0	0
2277	chr3:14915001-15876000	SBS3	3	0	0	2	0	0	0	0	0	0
2278	chr3:149314715-149440464	SBS100	4	2	0	1	0	0	0	0	0	0
2279	chr3:149440499-149979000	SBS3	3	2	0	0	2	0	0	0	0	0
2280	chr3:149979001-150216000	SBS3	2	2	0	1	0	0	0	0	0	0
2281	chr3:150216001-150510000	SBS3	3	2	0	0	2	0	0	0	0	0
2282	chr3:150510001-150805000	SBS3	3	3	0	1	0	0	0	0	0	0
2283	chr3:150805001-151120000	SBS100	2	2	0	1	0	0	0	0	0	0
2284	chr3:151120001-152174000	SBS3	3	2	0	1	6	0	0	0	0	0
2285	chr3:152174001-152476000	SBS3	5	3	0	0	0	0	0	1	0	0
2286	chr3:152476001-153025000	SBS3	3	1	0	4	0	3	0	0	0	0
2287	chr3:153025001-153351000	SBS3	4	2	0	1	2	0	0	0	0	0
2288	chr3:153351001-154005000	SBS3	3	2	0	1	2	0	0	0	0	0
2289	chr3:154005001-154352000	SBS3	4	2	0	1	1	0	1	0	0	0
2290	chr3:154352001-155142000	SBS1	2	1	0	1	0	0	0	0	0	0
2291	chr3:154352001-155142000	SBS3	2	1	0	6	0	2	0	0	0	0
2292	chr3:155142001-155649000	SBS3	3	2	0	0	3	0	0	0	0	0
2293	chr3:155649001-155944000	SBS3	4	2	0	0	2	2	1	0	0	0
2294	chr3:155944001-156444719	SBS3	3	2	0	3	1	1	0	0	0	0
2295	chr3:156444824-157068000	SBS3	3	3	0	1	1	0	0	0	0	0
2296	chr3:157068001-157177000	SBS3	4	3	0	0	0	0	1	0	0	0
2297	chr3:157177001-157633000	SBS3	3	2	0	2	2	0	0	0	0	0
2298	chr3:157633001-158086000	SBS1	2	1	0	0	0	1	0	0	0	0
2299	chr3:157633001-158086000	SBS3	2	1	0	4	0	4	0	0	0	0
2300	chr3:158086001-158644000	SBS1	3	2	0	1	0	0	0	0	0	0
2301	chr3:158644001-158836000	SBS100	4	2	0	0	0	0	1	0	0	0
2302	chr3:158644001-158836000	SBS3	4	2	0	0	0	0	1	0	0	0
2303	chr3:15876001-16244000	SBS3	2	0	0	0	0	1	0	0	0	0
2304	chr3:158836001-159350000	SBS3	3	1	0	4	0	0	0	0	0	0
2305	chr3:159350001-159759000	SBS3	2	1	0	2	0	1	0	0	0	0
2306	chr3:159759001-160382000	SBS3	3	2	0	4	2	0	0	0	0	0
2307	chr3:160437001-161516000	SBS100	4	2	0	1	0	0	0	0	0	0
2308	chr3:160437001-161516000	SBS3	4	2	0	2	1	3	1	0	0	0
2309	chr3:161516001-162808000	SBS3	2	1	0	7	0	3	0	0	0	0
2310	chr3:162808001-167647000	SBS1	2	1	0	1	0	1	0	0	0	0
2311	chr3:162808001-167647000	SBS3	2	1	0	29	0	23	0	0	0	0
2312	chr3:16604001-16780000	SBS3	2	0	0	0	0	2	0	0	0	0
2313	chr3:16780001-17759000	SBS3	2	0	0	1	0	0	0	0	0	0
2314	chr3:167893001-169750000	SBS3	2	1	0	9	0	6	0	0	0	0
2315	chr3:169750001-170112373	SBS3	3	2	0	1	2	0	0	0	0	0
2316	chr3:170112423-170432000	SBS3	3	2	0	0	1	0	0	0	0	0
2317	chr3:170432001-170800000	SBS3	3	1	0	2	2	0	0	0	0	0
2318	chr3:170800001-171163000	SBS3	3	2	0	1	2	0	0	0	0	0
2319	chr3:171163001-172036000	SBS1	4	2	0	0	0	0	1	0	0	0
2320	chr3:171163001-172036000	SBS3	4	2	0	0	1	0	0	0	0	0
2321	chr3:172224001-172824000	SBS3	4	2	0	0	0	0	1	0	0	0
2322	chr3:172824001-173057000	SBS3	3	1	0	1	0	0	0	0	0	0
2323	chr3:173057001-174839000	SBS1	2	1	0	1	0	0	0	0	0	0
2324	chr3:173057001-174839000	SBS3	2	1	0	10	0	8	0	0	0	0
2325	chr3:174839001-175138000	SBS3	3	1	0	2	1	0	0	0	0	0
2326	chr3:175684001-176471000	SBS3	2	1	0	0	0	1	0	0	0	0
2327	chr3:176471001-177015000	SBS3	3	2	0	0	1	0	0	0	0	0
2328	chr3:177015001-178455000	SBS3	4	2	0	2	6	0	5	0	0	0
2329	chr3:17759001-18350000	SBS3	2	0	0	1	0	1	0	0	0	0
2330	chr3:178455001-178537391	SBS3	2	1	0	0	0	1	0	0	0	0
2331	chr3:178541096-179006000	SBS3	2	1	0	4	0	2	0	0	0	0
2332	chr3:179006001-179828000	SBS3	3	2	0	1	2	1	0	0	0	0
2333	chr3:179828001-179972000	SBS3	3	1	0	0	0	1	0	0	0	0
2334	chr3:179972001-180910000	SBS1	2	1	0	1	0	0	0	0	0	0
2335	chr3:179972001-180910000	SBS3	2	1	0	6	0	2	0	0	0	0
2336	chr3:180996001-182253000	SBS1	2	1	0	2	0	0	0	0	0	0
2337	chr3:180996001-182253000	SBS3	2	1	0	3	0	4	0	0	0	0
2338	chr3:182253001-182787000	SBS1	3	1	0	0	1	0	0	0	0	0
2339	chr3:182253001-182787000	SBS3	3	1	0	4	3	0	0	0	0	0
2340	chr3:182787001-185279000	SBS100	3	2	0	3	0	0	0	0	0	0
2341	chr3:182787001-185279000	SBS3	3	2	0	11	7	0	0	0	0	0
2342	chr3:18467001-18893000	SBS3	2	0	0	0	0	2	0	0	0	0
2343	chr3:185279001-185471127	SBS3	5	1	0	0	0	0	1	0	0	0
2344	chr3:185471128-185631000	SBS3	4	3	0	0	0	0	1	0	0	0
2345	chr3:185631001-185908000	SBS3	3	3	0	1	3	0	0	0	0	0
2346	chr3:185908001-186266000	SBS3	4	3	0	2	0	0	0	0	0	0
2347	chr3:186266001-186525000	SBS100	3	2	0	1	0	0	0	0	0	0
2348	chr3:186266001-186525000	SBS3	3	2	0	2	1	0	0	0	0	0
2349	chr3:186525001-186651000	SBS1	4	3	0	1	0	0	0	0	0	0
2350	chr3:186651001-186769000	SBS1	3	2	0	1	0	0	0	0	0	0
2351	chr3:186769001-187190000	SBS1	4	4	0	0	0	1	0	0	0	0
2352	chr3:186769001-187190000	SBS100	4	4	0	0	0	1	0	0	0	0
2353	chr3:186769001-187190000	SBS3	4	4	0	1	3	1	0	0	0	0
2354	chr3:187190001-187711000	SBS3	3	2	0	2	3	0	0	0	0	0
2355	chr3:187711001-189968500	SBS1	4	4	0	0	0	0	1	0	0	0
2356	chr3:187711001-189968500	SBS3	4	4	0	2	4	0	7	0	0	0
2357	chr3:18893001-19866000	SBS3	2	0	0	2	0	1	0	0	0	0
2358	chr3:189968501-190652000	SBS3	3	2	0	1	0	0	0	0	0	0
2359	chr3:190652001-191325000	SBS3	3	2	0	3	3	0	0	0	0	0
2360	chr3:191401001-193168000	SBS100	3	2	0	2	0	1	0	0	0	0
2361	chr3:191401001-193168000	SBS3	3	2	0	7	8	0	0	0	0	0
2362	chr3:193168001-193532000	SBS1	3	3	0	1	0	0	0	0	0	0
2363	chr3:193168001-193532000	SBS3	3	3	0	0	1	0	0	0	0	0
2364	chr3:193532001-193638928	SBS3	6	2	0	0	1	0	0	0	0	0
2365	chr3:193642252-194267483	SBS1	4	3	0	0	1	0	0	0	0	0
2366	chr3:193642252-194267483	SBS3	4	3	0	0	0	0	1	0	0	0
2367	chr3:194267484-195351814	SBS3	3	2	0	0	1	0	0	0	0	0
2368	chr3:195476185-195687735	SBS3	4	4	0	1	1	0	2	0	0	0
2369	chr3:195687736-195844000	SBS3	3	1	0	1	0	1	0	0	0	0
2370	chr3:195844001-198295559	SBS3	3	2	0	0	5	2	0	0	0	0
2371	chr3:19866001-20270000	SBS3	3	0	0	0	1	0	0	0	0	0
2372	chr3:20270001-23796000	SBS3	2	0	0	4	0	6	0	0	0	0
2373	chr3:24001001-25587000	SBS3	2	0	0	2	0	0	0	0	0	0
2374	chr3:25918001-27019000	SBS3	1	0	0	0	0	3	0	0	0	0
2375	chr3:27019001-27302000	SBS3	2	0	0	0	0	1	0	0	0	0
2376	chr3:27302001-27736000	SBS3	2	0	0	1	0	0	0	0	0	0
2377	chr3:27736001-28232000	SBS3	2	0	0	0	0	1	0	0	0	0
2378	chr3:28353001-28768000	SBS3	2	0	0	0	0	3	0	0	0	0
2379	chr3:28768001-30176000	SBS3	2	0	0	5	0	0	0	0	0	0
2380	chr3:30700001-31501000	SBS3	2	0	0	0	0	1	0	0	0	0
2381	chr3:32371001-32512000	SBS3	3	1	0	0	1	0	0	0	0	0
2382	chr3:32512001-32946000	SBS3	2	0	0	2	0	1	0	0	0	0
2383	chr3:32946001-33884000	SBS3	2	0	0	2	0	0	0	0	0	0
2384	chr3:33884001-34406000	SBS3	2	0	0	1	0	1	0	0	0	0
2385	chr3:34406001-35904000	SBS1	1	0	0	0	0	1	0	0	0	0
2386	chr3:34406001-35904000	SBS3	1	0	0	0	0	4	0	0	0	0
2387	chr3:35904001-36810000	SBS3	2	0	0	2	0	3	0	0	0	0
2388	chr3:37370001-38527000	SBS3	2	0	0	0	0	1	0	0	0	0
2389	chr3:38998501-39294000	SBS3	2	1	0	1	0	0	0	0	0	0
2390	chr3:39547001-40170000	SBS3	1	0	0	0	0	2	0	0	0	0
2391	chr3:40170001-41185000	SBS3	2	0	0	1	0	1	0	0	0	0
2392	chr3:41246001-42010000	SBS3	2	0	0	3	0	4	0	0	0	0
2393	chr3:436001-3837477	SBS3	1	0	0	0	0	21	0	0	0	0
2394	chr3:43776001-44911000	SBS3	2	0	0	0	0	4	0	0	0	0
2395	chr3:44911001-45494000	SBS3	2	0	0	2	0	1	0	0	0	0
2396	chr3:46569001-46911000	SBS3	2	0	0	1	0	1	0	0	0	0
2397	chr3:4697470-5122500	SBS1	2	0	0	0	0	1	0	0	0	0
2398	chr3:4697470-5122500	SBS3	2	0	0	0	0	1	0	0	0	0
2399	chr3:47264001-50226000	SBS3	2	0	0	4	0	2	0	0	0	0
2400	chr3:50370001-50539000	SBS1	1	0	0	0	0	1	0	0	0	0
2401	chr3:50370001-50539000	SBS100	1	0	0	0	0	1	0	0	0	0
2402	chr3:50655001-51366000	SBS3	1	0	0	0	0	2	0	0	0	0
2403	chr3:51366001-52194000	SBS3	2	0	0	1	0	1	0	0	0	0
2404	chr3:5226001-8211000	SBS3	1	0	0	0	0	10	0	0	0	0
2405	chr3:52374622-53352000	SBS3	2	0	0	1	0	3	0	0	0	0
2406	chr3:53352001-53950000	SBS1	2	0	0	0	0	1	0	0	0	0
2407	chr3:53352001-53950000	SBS3	2	0	0	2	0	0	0	0	0	0
2408	chr3:53950001-55410000	SBS3	1	0	0	0	0	7	0	0	0	0
2409	chr3:55410001-55762000	SBS3	2	0	0	1	0	0	0	0	0	0
2410	chr3:56934001-58560000	SBS3	2	0	0	3	0	0	0	0	0	0
2411	chr3:58560001-59239000	SBS3	2	0	0	1	0	1	0	0	0	0
2412	chr3:59239001-60286000	SBS1	2	0	0	1	0	0	0	0	0	0
2413	chr3:59239001-60286000	SBS3	2	0	0	2	0	1	0	0	0	0
2414	chr3:60286001-62340000	SBS3	2	0	0	0	0	2	0	0	0	0
2415	chr3:62340001-63832000	SBS3	1	0	0	0	0	5	0	0	0	0
2416	chr3:65715001-66261000	SBS1	2	0	0	1	0	0	0	0	0	0
2417	chr3:66508001-67115000	SBS3	2	0	0	2	0	0	0	0	0	0
2418	chr3:67348001-67746000	SBS3	2	0	0	1	0	1	0	0	0	0
2419	chr3:68105001-68872000	SBS3	1	0	0	0	0	1	0	0	0	0
2420	chr3:68872001-69008000	SBS3	2	0	0	2	0	0	0	0	0	0
2421	chr3:69109001-69579000	SBS3	2	0	0	0	0	2	0	0	0	0
2422	chr3:69579001-70080000	SBS3	2	0	0	1	0	0	0	0	0	0
2423	chr3:70080001-70950000	SBS3	2	0	0	3	0	2	0	0	0	0
2424	chr3:70950001-71600000	SBS3	2	1	0	2	0	0	0	0	0	0
2425	chr3:71600001-73079000	SBS1	2	0	0	1	0	0	0	0	0	0
2426	chr3:71600001-73079000	SBS3	2	0	0	1	0	2	0	0	0	0
2427	chr3:73079001-73856000	SBS3	2	0	0	1	0	0	0	0	0	0
2428	chr3:73856001-81468000	SBS1	1	0	0	0	0	8	0	0	0	0
2429	chr3:73856001-81468000	SBS3	1	0	0	0	0	28	0	0	0	0
2430	chr3:81468001-82101000	SBS1	1	0	0	0	0	1	0	0	0	0
2431	chr3:81468001-82101000	SBS3	1	0	0	0	0	1	0	0	0	0
2432	chr3:82101001-84649000	SBS1	1	0	0	0	0	1	0	0	0	0
2433	chr3:82101001-84649000	SBS3	1	0	0	0	0	5	0	0	0	0
2434	chr3:8211001-8440000	SBS3	2	0	0	1	0	0	0	0	0	0
2435	chr3:84649001-85465000	SBS3	1	1	0	0	0	6	0	0	0	0
2436	chr3:85465001-85682000	SBS3	2	1	0	1	0	0	0	0	0	0
2437	chr3:85682001-87152000	SBS3	1	1	0	0	0	9	0	0	0	0
2438	chr3:87152001-87373000	SBS3	2	1	0	1	0	0	0	0	0	0
2439	chr3:87373001-87989000	SBS1	1	1	0	0	0	2	0	0	0	0
2440	chr3:87373001-87989000	SBS3	1	1	0	0	0	4	0	0	0	0
2441	chr3:88167001-88449000	SBS3	1	1	0	0	0	1	0	0	0	0
2442	chr3:88449001-90261000	SBS1	1	1	0	0	0	1	0	0	0	0
2443	chr3:88449001-90261000	SBS100	1	1	0	0	0	2	0	0	0	0
2444	chr3:88449001-90261000	SBS3	1	1	0	0	0	13	0	0	0	0
2445	chr3:8863001-9346000	SBS3	3	0	0	0	1	0	0	0	0	0
2446	chr3:90261001-92214015	SBS100	1	0	0	0	0	4	0	0	0	0
2447	chr3:90261001-92214015	SBS3	1	0	0	0	0	46	0	0	0	0
2448	chr3:92214016-94179000	SBS1	3	1	0	1	1	0	0	0	0	0
2449	chr3:92214016-94179000	SBS3	3	1	0	1	1	0	0	0	0	0
2450	chr3:94179001-96774800	SBS100	1	1	0	0	0	1	0	0	0	0
2451	chr3:94179001-96774800	SBS3	1	1	0	0	0	15	0	0	0	0
2452	chr3:9457001-9727000	SBS1	2	0	0	0	0	1	0	0	0	0
2453	chr3:9457001-9727000	SBS3	2	0	0	0	0	2	0	0	0	0
2454	chr3:96774869-97718000	SBS3	1	1	0	0	0	5	0	0	0	0
2455	chr3:9727001-10328000	SBS3	3	0	0	0	1	4	0	0	0	0
2456	chr3:97718001-98073000	SBS3	2	1	0	3	0	2	0	0	0	0
2457	chr3:98073001-98489000	SBS3	1	1	0	0	0	3	0	0	0	0
2458	chr3:98911001-99231000	SBS3	2	1	0	1	0	0	0	0	0	0
2459	chr3:99231001-99629000	SBS3	2	1	0	3	0	0	0	0	0	0
2460	chr4:101366001-102489000	SBS1	2	2	0	1	0	0	0	0	0	0
2461	chr4:101366001-102489000	SBS3	2	2	0	12	0	0	0	0	0	0
2462	chr4:10233001-10389000	SBS3	1	0	0	0	0	1	0	0	0	0
2463	chr4:102489001-102587000	SBS3	3	3	0	0	2	0	0	0	0	0
2464	chr4:102587001-103207000	SBS3	2	2	0	2	0	2	0	0	0	0
2465	chr4:103207001-104366000	SBS3	1	1	0	0	0	8	0	0	0	0
2466	chr4:10389001-11861000	SBS3	2	0	0	4	0	2	0	0	0	0
2467	chr4:104366001-104846000	SBS1	2	1	0	1	0	0	0	0	0	0
2468	chr4:104366001-104846000	SBS3	2	1	0	5	0	0	0	0	0	0
2469	chr4:104846001-106373000	SBS100	2	2	0	1	0	0	0	0	0	0
2470	chr4:104846001-106373000	SBS3	2	2	0	3	0	1	0	0	0	0
2471	chr4:106373001-106984000	SBS3	2	1	0	3	0	1	0	0	0	0
2472	chr4:106984001-107604000	SBS3	2	1	0	4	0	0	0	0	0	0
2473	chr4:107604001-108196000	SBS3	2	2	0	4	0	3	0	0	0	0
2474	chr4:108196001-109420000	SBS3	2	1	0	10	0	1	0	0	0	0
2475	chr4:109420001-110210000	SBS100	2	2	0	1	0	0	0	0	0	0
2476	chr4:109420001-110210000	SBS3	2	2	0	3	0	1	0	0	0	0
2477	chr4:110477001-110556000	SBS3	2	2	0	1	0	0	0	0	0	0
2478	chr4:110556001-112014000	SBS3	1	1	0	0	0	5	0	0	0	0
2479	chr4:112226001-112323000	SBS3	3	3	0	0	1	0	0	0	0	0
2480	chr4:112323001-112607917	SBS100	2	2	0	1	0	0	0	0	0	0
2481	chr4:112323001-112607917	SBS3	2	2	0	1	0	0	0	0	0	0
2482	chr4:112662001-113316000	SBS3	1	0	0	0	0	2	0	0	0	0
2483	chr4:113316001-113532000	SBS100	2	0	0	1	0	0	0	0	0	0
2484	chr4:113532001-113830000	SBS3	2	1	0	3	0	0	0	0	0	0
2485	chr4:113830001-114109000	SBS3	2	0	0	1	0	0	0	0	0	0
2486	chr4:114109001-118676000	SBS3	1	0	0	0	0	8	0	0	0	0
2487	chr4:11861001-13341000	SBS3	1	0	0	0	0	6	0	0	0	0
2488	chr4:118676001-119743000	SBS3	2	0	0	1	0	0	0	0	0	0
2489	chr4:119743001-120047000	SBS3	2	0	0	0	0	1	0	0	0	0
2490	chr4:120086001-121046000	SBS3	1	0	0	0	0	7	0	0	0	0
2491	chr4:121267001-121656413	SBS3	1	0	0	0	0	1	0	0	0	0
2492	chr4:121656821-124339500	SBS1	2	0	0	1	0	0	0	0	0	0
2493	chr4:121656821-124339500	SBS3	2	0	0	3	0	5	0	0	0	0
2494	chr4:124339501-125529000	SBS3	2	0	0	4	0	1	0	0	0	0
2495	chr4:125529001-127340000	SBS1	1	0	0	0	0	1	0	0	0	0
2496	chr4:125529001-127340000	SBS3	1	0	0	0	0	6	0	0	0	0
2497	chr4:127340001-128804000	SBS100	2	0	0	1	0	0	0	0	0	0
2498	chr4:127340001-128804000	SBS3	2	0	0	2	0	1	0	0	0	0
2499	chr4:128804001-129115000	SBS3	2	0	0	0	0	1	0	0	0	0
2500	chr4:129115001-129387000	SBS3	2	0	0	2	0	0	0	0	0	0
2501	chr4:129387001-137179000	SBS1	1	0	0	0	0	2	0	0	0	0
2502	chr4:129387001-137179000	SBS100	1	0	0	0	0	3	0	0	0	0
2503	chr4:129387001-137179000	SBS3	1	0	0	0	0	31	0	0	0	0
2504	chr4:13341001-13658000	SBS100	2	0	0	0	0	1	0	0	0	0
2505	chr4:13341001-13658000	SBS3	2	0	0	0	0	1	0	0	0	0
2506	chr4:13658001-14982000	SBS3	2	0	0	2	0	2	0	0	0	0
2507	chr4:137179001-139012000	SBS3	2	0	0	3	0	4	0	0	0	0
2508	chr4:1372001-1676000	SBS3	1	0	0	0	0	1	0	0	0	0
2509	chr4:139012001-140188000	SBS3	2	0	0	1	0	0	0	0	0	0
2510	chr4:140188001-140881000	SBS3	2	0	0	0	0	1	0	0	0	0
2511	chr4:140881001-141811000	SBS3	2	0	0	3	0	1	0	0	0	0
2512	chr4:142020001-142578000	SBS3	2	0	0	3	0	1	0	0	0	0
2513	chr4:142578001-143166000	SBS3	1	0	0	0	0	4	0	0	0	0
2514	chr4:143566001-145036000	SBS3	1	0	0	0	0	3	0	0	0	0
2515	chr4:145482501-146526000	SBS3	2	0	0	1	0	0	0	0	0	0
2516	chr4:146843001-147585000	SBS3	2	0	0	1	0	0	0	0	0	0
2517	chr4:148458001-148597276	SBS100	2	0	0	1	0	0	0	0	0	0
2518	chr4:148458001-148597276	SBS3	2	0	0	1	0	0	0	0	0	0
2519	chr4:148601001-149968000	SBS3	2	1	0	4	0	0	0	0	0	0
2520	chr4:149968001-151031500	SBS100	2	2	0	1	0	1	0	0	0	0
2521	chr4:149968001-151031500	SBS3	2	2	0	2	0	0	0	0	0	0
2522	chr4:151031501-152321000	SBS1	2	1	0	1	0	0	0	0	0	0
2523	chr4:151031501-152321000	SBS3	2	1	0	7	0	2	0	0	0	0
2524	chr4:152599001-153461000	SBS1	2	2	0	1	0	0	0	0	0	0
2525	chr4:152599001-153461000	SBS3	2	2	0	2	0	0	0	0	0	0
2526	chr4:153806001-154356000	SBS3	2	1	0	3	0	0	0	0	0	0
2527	chr4:154356001-154829000	SBS3	2	1	0	1	0	0	0	0	0	0
2528	chr4:154829001-155341000	SBS1	1	1	0	0	0	1	0	0	0	0
2529	chr4:154829001-155341000	SBS3	1	1	0	0	0	4	0	0	0	0
2530	chr4:15568001-15813000	SBS3	2	0	0	1	0	0	0	0	0	0
2531	chr4:155974001-156519000	SBS1	2	1	0	1	0	0	0	0	0	0
2532	chr4:155974001-156519000	SBS3	2	1	0	1	0	0	0	0	0	0
2533	chr4:156519001-157084000	SBS3	2	2	0	4	0	0	0	0	0	0
2534	chr4:157084001-158151000	SBS3	2	1	0	2	0	1	0	0	0	0
2535	chr4:15813001-16140000	SBS3	2	0	0	1	0	0	0	0	0	0
2536	chr4:158268001-158667000	SBS1	2	1	0	1	0	0	0	0	0	0
2537	chr4:158268001-158667000	SBS3	2	1	0	0	0	1	0	0	0	0
2538	chr4:158667001-158875000	SBS3	3	2	0	0	1	0	0	0	0	0
2539	chr4:159353001-159556000	SBS3	2	1	0	3	0	0	0	0	0	0
2540	chr4:159556001-163105000	SBS1	1	1	0	0	0	1	0	0	0	0
2541	chr4:159556001-163105000	SBS3	1	1	0	0	0	26	0	0	0	0
2542	chr4:16140001-16272000	SBS100	2	1	0	1	0	0	0	0	0	0
2543	chr4:16272001-17466000	SBS3	1	0	0	0	0	10	0	0	0	0
2544	chr4:163173001-163325000	SBS3	2	0	0	0	0	1	0	0	0	0
2545	chr4:163714001-165084000	SBS3	1	1	0	0	0	2	0	0	0	0
2546	chr4:165084001-165196000	SBS3	2	1	0	2	0	0	0	0	0	0
2547	chr4:165196001-165351000	SBS3	3	2	0	0	1	0	0	0	0	0
2548	chr4:165600001-166122000	SBS3	2	1	0	0	0	2	0	0	0	0
2549	chr4:166122001-168075000	SBS3	1	1	0	0	0	6	0	0	0	0
2550	chr4:168257001-169304000	SBS3	2	2	0	4	0	0	0	0	0	0
2551	chr4:169304001-169561000	SBS3	2	2	0	1	0	0	0	0	0	0
2552	chr4:169763001-170261000	SBS3	2	1	0	1	0	0	0	0	0	0
2553	chr4:170261001-172959000	SBS1	1	1	0	0	0	2	0	0	0	0
2554	chr4:170261001-172959000	SBS3	1	1	0	0	0	14	0	0	0	0
2555	chr4:172959001-173164000	SBS3	2	2	0	1	0	0	0	0	0	0
2556	chr4:173164001-173508000	SBS3	3	2	0	1	2	0	0	0	0	0
2557	chr4:173508001-174194000	SBS3	2	1	0	1	0	4	0	0	0	0
2558	chr4:174194001-174645000	SBS3	2	2	0	2	0	0	0	0	0	0
2559	chr4:174645001-175472000	SBS3	2	1	0	4	0	1	0	0	0	0
2560	chr4:17466001-17639000	SBS3	2	0	0	1	0	0	0	0	0	0
2561	chr4:175472001-177244000	SBS3	2	1	0	9	0	3	0	0	0	0
2562	chr4:177244001-177495500	SBS3	2	2	0	3	0	0	0	0	0	0
2563	chr4:177495501-177808000	SBS3	2	1	0	2	0	2	0	0	0	0
2564	chr4:17779001-18084000	SBS3	2	0	0	1	0	0	0	0	0	0
2565	chr4:177808001-182413000	SBS1	1	1	0	0	0	1	0	0	0	0
2566	chr4:177808001-182413000	SBS3	1	1	0	0	0	35	0	0	0	0
2567	chr4:18084001-19077000	SBS3	1	0	0	0	0	1	0	0	0	0
2568	chr4:182413001-183093000	SBS1	1	1	0	0	0	1	0	0	0	0
2569	chr4:182413001-183093000	SBS3	1	1	0	0	0	3	0	0	0	0
2570	chr4:183093001-184137000	SBS100	2	1	0	1	0	0	0	0	0	0
2571	chr4:183093001-184137000	SBS3	2	1	0	0	0	2	0	0	0	0
2572	chr4:184222001-184547000	SBS100	2	1	0	1	0	0	0	0	0	0
2573	chr4:184222001-184547000	SBS3	2	1	0	2	0	0	0	0	0	0
2574	chr4:185131001-185676360	SBS3	2	0	0	2	0	0	0	0	0	0
2575	chr4:185685361-186252000	SBS3	2	0	0	2	0	0	0	0	0	0
2576	chr4:186252001-190214555	SBS1	1	0	0	0	0	1	0	0	0	0
2577	chr4:186252001-190214555	SBS3	1	0	0	0	0	17	0	0	0	0
2578	chr4:19077001-20187000	SBS3	1	0	0	0	0	4	0	0	0	0
2579	chr4:20187001-20779000	SBS3	2	0	0	2	0	0	0	0	0	0
2580	chr4:2038968-3566500	SBS3	2	0	0	4	0	0	0	0	0	0
2581	chr4:20779001-22383000	SBS1	1	0	0	0	0	1	0	0	0	0
2582	chr4:20779001-22383000	SBS3	1	0	0	0	0	11	0	0	0	0
2583	chr4:22383001-24517000	SBS3	2	0	0	7	0	1	0	0	0	0
2584	chr4:24588001-25116000	SBS3	2	0	0	2	0	1	0	0	0	0
2585	chr4:25116001-25455000	SBS3	2	0	0	0	0	1	0	0	0	0
2586	chr4:25455001-25755000	SBS3	1	0	0	0	0	1	0	0	0	0
2587	chr4:25755001-26296000	SBS3	2	0	0	0	0	1	0	0	0	0
2588	chr4:27019001-35510000	SBS100	1	0	0	0	0	1	0	0	0	0
2589	chr4:27019001-35510000	SBS3	1	0	0	0	0	27	0	0	0	0
2590	chr4:3566501-4236500	SBS3	1	0	0	0	0	4	0	0	0	0
2591	chr4:37600001-39136000	SBS100	2	0	0	0	0	1	0	0	0	0
2592	chr4:37600001-39136000	SBS3	2	0	0	3	0	2	0	0	0	0
2593	chr4:39136001-40178000	SBS1	2	0	0	0	0	1	0	0	0	0
2594	chr4:39136001-40178000	SBS3	2	0	0	1	0	1	0	0	0	0
2595	chr4:40706039-41708000	SBS3	2	0	0	1	0	0	0	0	0	0
2596	chr4:41708001-41928000	SBS3	2	0	0	1	0	0	0	0	0	0
2597	chr4:42087001-42393000	SBS3	1	0	0	0	0	2	0	0	0	0
2598	chr4:42756001-42999000	SBS3	1	0	0	0	0	1	0	0	0	0
2599	chr4:42999001-44609000	SBS3	1	0	0	0	0	3	0	0	0	0
2600	chr4:44609001-44772000	SBS3	2	0	0	1	0	0	0	0	0	0
2601	chr4:44772001-46914000	SBS3	1	0	0	0	0	3	0	0	0	0
2602	chr4:4548001-6651000	SBS1	1	0	0	0	0	1	0	0	0	0
2603	chr4:4548001-6651000	SBS100	1	0	0	0	0	1	0	0	0	0
2604	chr4:4548001-6651000	SBS3	1	0	0	0	0	3	0	0	0	0
2605	chr4:46914001-47429000	SBS3	1	0	0	0	0	1	0	0	0	0
2606	chr4:47429001-47699179	SBS3	2	0	0	0	0	1	0	0	0	0
2607	chr4:47699180-48329000	SBS3	3	0	0	1	0	1	0	0	0	0
2608	chr4:48554509-48793000	SBS3	2	1	0	1	0	0	0	0	0	0
2609	chr4:48793001-50726025	SBS3	2	0	0	0	0	2	0	0	0	0
2610	chr4:52566001-53358000	SBS100	2	0	0	0	0	1	0	0	0	0
2611	chr4:52566001-53358000	SBS3	2	0	0	0	0	3	0	0	0	0
2612	chr4:53493896-53709938	SBS3	4	0	0	1	0	0	0	0	0	0
2613	chr4:54370001-55192197	SBS3	3	0	0	2	1	0	0	0	0	0
2614	chr4:55192198-55314000	SBS3	1	0	0	0	0	1	0	0	0	0
2615	chr4:55833001-57120000	SBS3	2	0	0	2	0	0	0	0	0	0
2616	chr4:57120001-66534000	SBS1	1	0	0	0	0	3	0	0	0	0
2617	chr4:57120001-66534000	SBS100	1	0	0	0	0	2	0	0	0	0
2618	chr4:57120001-66534000	SBS3	1	0	0	0	0	37	0	0	0	0
2619	chr4:6651001-7106000	SBS3	2	0	0	0	0	1	0	0	0	0
2620	chr4:66534001-67435000	SBS3	1	0	0	0	0	2	0	0	0	0
2621	chr4:67435001-67785000	SBS3	2	0	0	1	0	6	0	0	0	0
2622	chr4:67785001-68286000	SBS3	1	0	0	0	0	1	0	0	0	0
2623	chr4:68286001-68504000	SBS3	2	0	0	1	0	0	0	0	0	0
2624	chr4:68504001-69610000	SBS3	1	0	0	0	0	6	0	0	0	0
2625	chr4:69610001-70645000	SBS3	2	0	0	2	0	1	0	0	0	0
2626	chr4:71037001-71563000	SBS3	2	0	0	0	0	1	0	0	0	0
2627	chr4:7106001-7759000	SBS3	1	0	0	0	0	2	0	0	0	0
2628	chr4:71563001-72284000	SBS3	1	0	0	0	0	3	0	0	0	0
2629	chr4:72284001-73052000	SBS100	2	0	0	1	0	0	0	0	0	0
2630	chr4:72284001-73052000	SBS3	2	0	0	0	0	1	0	0	0	0
2631	chr4:73052001-73283000	SBS3	2	1	0	1	0	0	0	0	0	0
2632	chr4:73373001-73554000	SBS3	2	1	0	2	0	0	0	0	0	0
2633	chr4:73554001-74692000	SBS3	2	2	0	4	0	2	0	0	0	0
2634	chr4:74692001-75465000	SBS3	1	1	0	0	0	6	0	0	0	0
2635	chr4:75465001-76497000	SBS3	2	2	0	6	0	0	0	0	0	0
2636	chr4:76563001-76795000	SBS3	2	2	0	2	0	0	0	0	0	0
2637	chr4:76795001-76939000	SBS3	2	2	0	1	0	0	0	0	0	0
2638	chr4:76939001-77206000	SBS3	3	2	0	0	2	0	0	0	0	0
2639	chr4:77206001-77714000	SBS3	2	1	0	0	0	2	0	0	0	0
2640	chr4:77714001-77930000	SBS3	3	2	0	2	0	0	0	0	0	0
2641	chr4:77930001-78528000	SBS100	2	1	0	0	0	1	0	0	0	0
2642	chr4:77930001-78528000	SBS3	2	1	0	1	0	0	0	0	0	0
2643	chr4:78528001-78956000	SBS3	2	2	0	1	0	0	0	0	0	0
2644	chr4:78956001-79901000	SBS3	2	1	0	4	0	3	0	0	0	0
2645	chr4:79901001-80242000	SBS3	2	2	0	1	0	0	0	0	0	0
2646	chr4:7991001-8573000	SBS3	1	0	0	0	0	1	0	0	0	0
2647	chr4:80242001-81397000	SBS3	2	1	0	7	0	0	0	0	0	0
2648	chr4:81709001-82502000	SBS100	2	2	0	1	0	0	0	0	0	0
2649	chr4:81709001-82502000	SBS3	2	2	0	5	0	1	0	0	0	0
2650	chr4:82798501-83687000	SBS3	2	2	0	1	0	0	0	0	0	0
2651	chr4:83687001-84562000	SBS3	2	1	0	2	0	2	0	0	0	0
2652	chr4:84562001-84979000	SBS1	2	2	0	1	0	0	0	0	0	0
2653	chr4:84562001-84979000	SBS3	2	2	0	1	0	0	0	0	0	0
2654	chr4:84979001-85457000	SBS3	2	1	0	3	0	1	0	0	0	0
2655	chr4:85457001-86063000	SBS3	2	2	0	4	0	0	0	0	0	0
2656	chr4:8573001-8939000	SBS100	1	0	0	0	0	1	0	0	0	0
2657	chr4:86063001-86273000	SBS3	2	1	0	1	0	3	0	0	0	0
2658	chr4:86273001-86890000	SBS1	2	2	0	1	0	0	0	0	0	0
2659	chr4:86273001-86890000	SBS3	2	2	0	1	0	1	0	0	0	0
2660	chr4:87111001-87561000	SBS1	2	2	0	1	0	0	0	0	0	0
2661	chr4:87111001-87561000	SBS3	2	2	0	3	0	0	0	0	0	0
2662	chr4:87561001-88267000	SBS1	2	1	0	1	0	0	0	0	0	0
2663	chr4:87561001-88267000	SBS3	2	1	0	3	0	2	0	0	0	0
2664	chr4:88267001-89522000	SBS3	2	2	0	3	0	0	0	0	0	0
2665	chr4:8939001-9967000	SBS1	2	0	0	0	0	2	0	0	0	0
2666	chr4:8939001-9967000	SBS3	2	0	0	2	0	9	0	0	0	0
2667	chr4:89522001-89886881	SBS3	2	2	0	2	0	0	0	0	0	0
2668	chr4:90126908-90359000	SBS3	2	2	0	2	0	0	0	0	0	0
2669	chr4:90359001-91014000	SBS3	2	1	0	3	0	0	0	0	0	0
2670	chr4:91014001-92771000	SBS100	1	1	0	0	0	1	0	0	0	0
2671	chr4:91014001-92771000	SBS3	1	1	0	0	0	7	0	0	0	0
2672	chr4:92771001-94187000	SBS3	2	1	0	6	0	1	0	0	0	0
2673	chr4:94400001-94679000	SBS3	3	2	0	0	1	0	0	0	0	0
2674	chr4:95089001-95643000	SBS100	2	2	0	1	0	0	0	0	0	0
2675	chr4:95089001-95643000	SBS3	2	2	0	4	0	0	0	0	0	0
2676	chr4:95643001-98115000	SBS3	2	1	0	6	0	2	0	0	0	0
2677	chr4:98115001-99096500	SBS100	2	2	0	1	0	0	0	0	0	0
2678	chr4:98115001-99096500	SBS3	2	2	0	1	0	3	0	0	0	0
2679	chr4:99096501-99807000	SBS3	2	1	0	3	0	1	0	0	0	0
2680	chr4:9967001-10233000	SBS3	2	0	0	1	0	0	0	0	0	0
2681	chr4:99807001-99954000	SBS3	3	2	0	0	1	0	0	0	0	0
2682	chr4:99954001-100973000	SBS3	2	1	0	7	0	0	0	0	0	0
2683	chr5:1-1850000	SBS1	2	1	0	1	0	0	0	0	0	0
2684	chr5:1-1850000	SBS3	2	1	0	5	0	2	0	0	0	0
2685	chr5:100523001-100806000	SBS3	2	0	0	0	0	1	0	0	0	0
2686	chr5:100912001-101047000	SBS100	1	0	0	0	0	1	0	0	0	0
2687	chr5:100912001-101047000	SBS3	1	0	0	0	0	1	0	0	0	0
2688	chr5:101047001-102702000	SBS3	1	0	0	0	0	9	0	0	0	0
2689	chr5:10198001-10352000	SBS3	2	1	0	0	0	1	0	0	0	0
2690	chr5:10352001-10451000	SBS3	3	2	0	0	1	0	0	0	0	0
2691	chr5:103610001-105231271	SBS3	1	0	0	0	0	3	0	0	0	0
2692	chr5:105231350-107020000	SBS3	1	0	0	0	0	4	0	0	0	0
2693	chr5:10558001-10777000	SBS3	2	2	0	1	0	0	0	0	0	0
2694	chr5:10777001-11414000	SBS3	2	1	0	5	0	2	0	0	0	0
2695	chr5:108398001-108627000	SBS3	1	0	0	0	0	2	0	0	0	0
2696	chr5:108627001-109211000	SBS3	2	0	0	2	0	0	0	0	0	0
2697	chr5:109510001-109656000	SBS3	1	0	0	0	0	1	0	0	0	0
2698	chr5:109656001-109884000	SBS3	2	1	0	1	0	0	0	0	0	0
2699	chr5:109884001-110113000	SBS1	2	0	0	0	0	1	0	0	0	0
2700	chr5:110113001-111059000	SBS3	1	0	0	0	0	1	0	0	0	0
2701	chr5:111059001-111309269	SBS3	2	0	0	0	0	1	0	0	0	0
2702	chr5:111311162-112693000	SBS3	2	0	0	1	0	3	0	0	0	0
2703	chr5:113025001-113614000	SBS3	2	0	0	0	0	2	0	0	0	0
2704	chr5:113614001-115054000	SBS3	1	0	0	0	0	4	0	0	0	0
2705	chr5:11414001-14139000	SBS100	1	1	0	0	0	1	0	0	0	0
2706	chr5:11414001-14139000	SBS3	1	1	0	0	0	12	0	0	0	0
2707	chr5:115632001-116586000	SBS3	2	0	0	1	0	0	0	0	0	0
2708	chr5:116586001-118978000	SBS1	1	0	0	0	0	1	0	0	0	0
2709	chr5:116586001-118978000	SBS3	1	0	0	0	0	5	0	0	0	0
2710	chr5:118978001-119264000	SBS3	2	0	0	1	0	0	0	0	0	0
2711	chr5:119420001-119545000	SBS3	2	1	0	1	0	0	0	0	0	0
2712	chr5:119545001-121927000	SBS3	1	0	0	0	0	9	0	0	0	0
2713	chr5:121927001-122218000	SBS3	2	0	0	1	0	0	0	0	0	0
2714	chr5:122218001-122698000	SBS3	1	0	0	0	0	1	0	0	0	0
2715	chr5:122698001-123016000	SBS3	2	0	0	1	0	1	0	0	0	0
2716	chr5:123616501-124634000	SBS3	2	0	0	1	0	0	0	0	0	0
2717	chr5:125064001-126318000	SBS3	2	0	0	4	0	0	0	0	0	0
2718	chr5:127091001-127809000	SBS3	2	0	0	1	0	2	0	0	0	0
2719	chr5:128216001-131051000	SBS3	1	0	0	0	0	4	0	0	0	0
2720	chr5:132507001-133120000	SBS3	2	0	0	0	0	2	0	0	0	0
2721	chr5:133120001-133929000	SBS3	2	0	0	0	0	1	0	0	0	0
2722	chr5:134230001-135483000	SBS1	2	0	0	0	0	1	0	0	0	0
2723	chr5:134230001-135483000	SBS3	2	0	0	2	0	0	0	0	0	0
2724	chr5:136197001-137589000	SBS3	1	0	0	0	0	5	0	0	0	0
2725	chr5:137589001-138919097	SBS1	2	0	0	0	0	1	0	0	0	0
2726	chr5:137589001-138919097	SBS3	2	0	0	1	0	1	0	0	0	0
2727	chr5:138932310-139257000	SBS3	1	1	0	0	0	1	0	0	0	0
2728	chr5:140101001-140717000	SBS3	2	0	0	1	0	1	0	0	0	0
2729	chr5:140717001-141507000	SBS1	1	0	0	0	0	1	0	0	0	0
2730	chr5:140717001-141507000	SBS100	1	0	0	0	0	1	0	0	0	0
2731	chr5:140717001-141507000	SBS3	1	0	0	0	0	2	0	0	0	0
2732	chr5:14139001-15034000	SBS100	2	1	0	0	0	1	0	0	0	0
2733	chr5:14139001-15034000	SBS3	2	1	0	2	0	1	0	0	0	0
2734	chr5:141822001-142698000	SBS1	2	0	0	0	0	1	0	0	0	0
2735	chr5:141822001-142698000	SBS3	2	0	0	1	0	0	0	0	0	0
2736	chr5:142698001-143452000	SBS3	2	1	0	2	0	0	0	0	0	0
2737	chr5:143452001-144147000	SBS3	2	0	0	1	0	0	0	0	0	0
2738	chr5:144214001-145662000	SBS3	1	0	0	0	0	1	0	0	0	0
2739	chr5:146538001-147759000	SBS3	1	0	0	0	0	4	0	0	0	0
2740	chr5:147759001-148363000	SBS3	2	0	0	3	0	1	0	0	0	0
2741	chr5:148363001-148448000	SBS3	2	0	0	0	0	2	0	0	0	0
2742	chr5:148448001-148720000	SBS1	1	0	0	0	0	1	0	0	0	0
2743	chr5:148448001-148720000	SBS3	1	0	0	0	0	2	0	0	0	0
2744	chr5:148720001-150844000	SBS3	2	0	0	7	0	2	0	0	0	0
2745	chr5:15034001-16431000	SBS3	1	1	0	0	0	4	0	0	0	0
2746	chr5:150844001-151015000	SBS3	2	0	0	1	0	0	0	0	0	0
2747	chr5:151015001-151263000	SBS3	2	1	0	1	0	0	0	0	0	0
2748	chr5:151831001-153961500	SBS3	1	0	0	0	0	9	0	0	0	0
2749	chr5:154975001-157099000	SBS100	1	0	0	0	0	1	0	0	0	0
2750	chr5:154975001-157099000	SBS3	1	0	0	0	0	3	0	0	0	0
2751	chr5:157099001-157869000	SBS1	2	0	0	0	0	1	0	0	0	0
2752	chr5:157099001-157869000	SBS3	2	0	0	0	0	3	0	0	0	0
2753	chr5:157869001-158652000	SBS3	1	0	0	0	0	3	0	0	0	0
2754	chr5:158652001-159157000	SBS3	2	0	0	0	0	4	0	0	0	0
2755	chr5:159212001-159360000	SBS3	2	0	0	0	0	1	0	0	0	0
2756	chr5:160121001-160391000	SBS3	2	0	0	0	0	2	0	0	0	0
2757	chr5:160514001-163341000	SBS1	1	0	0	0	0	1	0	0	0	0
2758	chr5:160514001-163341000	SBS3	1	0	0	0	0	6	0	0	0	0
2759	chr5:163341001-163433000	SBS1	1	1	0	0	0	1	0	0	0	0
2760	chr5:163341001-163433000	SBS3	1	1	0	0	0	2	0	0	0	0
2761	chr5:163433001-163515000	SBS3	2	1	0	1	0	0	0	0	0	0
2762	chr5:163515001-165670000	SBS1	1	0	0	0	0	1	0	0	0	0
2763	chr5:163515001-165670000	SBS3	1	0	0	0	0	7	0	0	0	0
2764	chr5:16431001-17283000	SBS100	2	1	0	1	0	0	0	0	0	0
2765	chr5:16431001-17283000	SBS3	2	1	0	3	0	2	0	0	0	0
2766	chr5:165670001-167612000	SBS1	1	0	0	0	0	2	0	0	0	0
2767	chr5:165670001-167612000	SBS3	1	0	0	0	0	9	0	0	0	0
2768	chr5:167612001-168267000	SBS3	1	0	0	0	0	1	0	0	0	0
2769	chr5:168619001-169542000	SBS3	1	0	0	0	0	4	0	0	0	0
2770	chr5:169542001-170237000	SBS3	2	0	0	2	0	0	0	0	0	0
2771	chr5:170341001-171860000	SBS1	2	0	0	0	0	2	0	0	0	0
2772	chr5:170341001-171860000	SBS3	2	0	0	2	0	9	0	0	0	0
2773	chr5:171860001-172241000	SBS3	2	0	0	0	0	2	0	0	0	0
2774	chr5:172241001-172689000	SBS3	2	0	0	1	0	0	0	0	0	0
2775	chr5:172689001-173155000	SBS3	2	0	0	1	0	0	0	0	0	0
2776	chr5:17283001-21579500	SBS1	1	1	0	0	0	3	0	0	0	0
2777	chr5:17283001-21579500	SBS3	1	1	0	0	0	31	0	0	0	0
2778	chr5:173155001-173599000	SBS3	1	0	0	0	0	2	0	0	0	0
2779	chr5:173872001-173977000	SBS3	3	0	0	0	0	1	0	0	0	0
2780	chr5:173977001-175449000	SBS3	1	0	0	0	0	3	0	0	0	0
2781	chr5:175534001-176339000	SBS3	1	0	0	0	0	2	0	0	0	0
2782	chr5:176669001-176824217	SBS1	1	0	0	0	0	1	0	0	0	0
2783	chr5:176669001-176824217	SBS3	1	0	0	0	0	1	0	0	0	0
2784	chr5:176894001-177281000	SBS100	2	0	0	0	0	1	0	0	0	0
2785	chr5:176894001-177281000	SBS3	2	0	0	0	0	2	0	0	0	0
2786	chr5:177281001-177486940	SBS3	2	1	0	1	0	0	0	0	0	0
2787	chr5:177561845-179511000	SBS3	1	0	0	0	0	10	0	0	0	0
2788	chr5:179511001-180096000	SBS100	2	0	0	0	0	1	0	0	0	0
2789	chr5:179511001-180096000	SBS3	2	0	0	1	0	0	0	0	0	0
2790	chr5:180096001-181538259	SBS1	1	0	0	0	0	1	0	0	0	0
2791	chr5:180096001-181538259	SBS3	1	0	0	0	0	3	0	0	0	0
2792	chr5:1850001-5411000	SBS1	1	1	0	0	0	3	0	0	0	0
2793	chr5:1850001-5411000	SBS3	1	1	0	0	0	21	0	0	0	0
2794	chr5:21579501-23144000	SBS3	1	1	0	0	0	3	0	0	0	0
2795	chr5:23144001-30785304	SBS1	1	1	0	0	0	2	0	0	0	0
2796	chr5:23144001-30785304	SBS100	1	1	0	0	0	1	0	0	0	0
2797	chr5:23144001-30785304	SBS3	1	1	0	0	0	38	0	0	0	0
2798	chr5:30785353-31082000	SBS3	1	1	0	0	0	5	0	0	0	0
2799	chr5:31082001-31390000	SBS3	2	1	0	0	0	1	0	0	0	0
2800	chr5:31553001-32168000	SBS3	2	1	0	3	0	2	0	0	0	0
2801	chr5:32168001-32629000	SBS100	2	2	0	1	0	0	0	0	0	0
2802	chr5:32168001-32629000	SBS3	2	2	0	3	0	0	0	0	0	0
2803	chr5:32629001-33163000	SBS1	2	1	0	1	0	0	0	0	0	0
2804	chr5:32629001-33163000	SBS100	2	1	0	1	0	0	0	0	0	0
2805	chr5:32629001-33163000	SBS3	2	1	0	2	0	0	0	0	0	0
2806	chr5:33163001-33477000	SBS1	2	2	0	1	0	0	0	0	0	0
2807	chr5:33477001-33957000	SBS3	2	1	0	2	0	1	0	0	0	0
2808	chr5:33957001-35417777	SBS1	2	2	0	1	0	0	0	0	0	0
2809	chr5:33957001-35417777	SBS3	2	2	0	4	0	0	0	0	0	0
2810	chr5:35417858-35943000	SBS3	2	2	0	1	0	0	0	0	0	0
2811	chr5:36096001-36279000	SBS3	2	2	0	1	0	0	0	0	0	0
2812	chr5:36279001-36601000	SBS3	2	1	0	2	0	2	0	0	0	0
2813	chr5:36601001-37075000	SBS3	2	2	0	2	0	0	0	0	0	0
2814	chr5:37075001-37767000	SBS3	2	1	0	0	0	4	0	0	0	0
2815	chr5:37767001-38929000	SBS1	1	1	0	0	0	1	0	0	0	0
2816	chr5:37767001-38929000	SBS3	1	1	0	0	0	5	0	0	0	0
2817	chr5:39289001-40356000	SBS3	2	1	0	4	0	5	0	0	0	0
2818	chr5:40356001-40670000	SBS3	2	2	0	4	0	3	0	0	0	0
2819	chr5:40670001-40854000	SBS3	2	2	0	1	0	0	0	0	0	0
2820	chr5:40854001-41731000	SBS100	1	1	0	0	0	1	0	0	0	0
2821	chr5:40854001-41731000	SBS3	1	1	0	0	0	2	0	0	0	0
2822	chr5:41731001-41943000	SBS3	3	1	0	0	3	0	0	0	0	0
2823	chr5:41943001-42542000	SBS3	2	1	0	3	0	0	0	0	0	0
2824	chr5:42882507-43734000	SBS3	2	2	0	5	0	0	0	0	0	0
2825	chr5:43734001-45783000	SBS1	1	1	0	0	0	2	0	0	0	0
2826	chr5:43734001-45783000	SBS3	1	1	0	0	0	12	0	0	0	0
2827	chr5:45783001-48272853	SBS3	1	1	0	0	0	6	0	0	0	0
2828	chr5:50391501-50871000	SBS3	2	2	0	2	0	2	0	0	0	0
2829	chr5:50871001-52173000	SBS3	1	1	0	0	0	3	0	0	0	0
2830	chr5:52173001-52646000	SBS3	3	1	0	2	1	1	0	0	0	0
2831	chr5:52646001-53178000	SBS100	4	2	0	1	0	0	0	0	0	0
2832	chr5:52646001-53178000	SBS3	4	2	0	0	3	0	0	0	0	0
2833	chr5:53178001-53553000	SBS3	3	1	0	0	2	0	0	0	0	0
2834	chr5:53885001-54515000	SBS3	2	0	0	1	0	4	0	0	0	0
2835	chr5:54784001-56405000	SBS3	2	0	0	1	0	2	0	0	0	0
2836	chr5:5508001-6560000	SBS1	1	1	0	0	0	1	0	0	0	0
2837	chr5:5508001-6560000	SBS3	1	1	0	0	0	7	0	0	0	0
2838	chr5:56956001-58883000	SBS3	2	0	0	3	0	2	0	0	0	0
2839	chr5:60157001-61258000	SBS3	2	0	0	1	0	1	0	0	0	0
2840	chr5:61840001-62214000	SBS3	1	0	0	0	0	2	0	0	0	0
2841	chr5:62628001-62793000	SBS3	1	0	0	0	0	1	0	0	0	0
2842	chr5:62793001-64500000	SBS3	1	0	0	0	0	4	0	0	0	0
2843	chr5:64730001-65118000	SBS3	2	0	0	1	0	2	0	0	0	0
2844	chr5:65468001-66183000	SBS3	2	0	0	1	0	1	0	0	0	0
2845	chr5:6560001-6832000	SBS3	2	2	0	0	0	1	0	0	0	0
2846	chr5:66183001-66809000	SBS3	2	0	0	0	0	1	0	0	0	0
2847	chr5:66809001-67317000	SBS3	2	0	0	1	0	0	0	0	0	0
2848	chr5:67317001-68213000	SBS1	2	0	0	0	0	1	0	0	0	0
2849	chr5:68300001-68565000	SBS3	2	0	0	1	0	0	0	0	0	0
2850	chr5:6832001-7372000	SBS3	1	1	0	0	0	7	0	0	0	0
2851	chr5:68565001-71659000	SBS3	2	0	0	2	0	3	0	0	0	0
2852	chr5:71659001-72102000	SBS3	2	0	0	1	0	0	0	0	0	0
2853	chr5:72400001-72809000	SBS3	2	0	0	1	0	0	0	0	0	0
2854	chr5:72923001-73490000	SBS1	2	0	0	1	0	0	0	0	0	0
2855	chr5:72923001-73490000	SBS3	2	0	0	0	0	1	0	0	0	0
2856	chr5:73490001-74784000	SBS3	2	0	0	1	0	0	0	0	0	0
2857	chr5:7372001-7850500	SBS3	2	1	0	1	0	1	0	0	0	0
2858	chr5:74784001-75299000	SBS3	2	0	0	0	0	1	0	0	0	0
2859	chr5:75721001-76252000	SBS3	1	0	0	0	0	3	0	0	0	0
2860	chr5:76252001-76748000	SBS1	2	0	0	1	0	0	0	0	0	0
2861	chr5:76252001-76748000	SBS3	2	0	0	0	0	2	0	0	0	0
2862	chr5:76748001-77967000	SBS3	2	0	0	3	0	0	0	0	0	0
2863	chr5:77967001-78830000	SBS3	2	0	0	3	0	2	0	0	0	0
2864	chr5:78830001-81714500	SBS3	2	0	0	3	0	1	0	0	0	0
2865	chr5:7911001-10198000	SBS1	1	1	0	0	0	1	0	0	0	0
2866	chr5:7911001-10198000	SBS100	1	1	0	0	0	1	0	0	0	0
2867	chr5:7911001-10198000	SBS3	1	1	0	0	0	11	0	0	0	0
2868	chr5:81871001-83604000	SBS100	2	0	0	0	0	1	0	0	0	0
2869	chr5:81871001-83604000	SBS3	2	0	0	0	0	2	0	0	0	0
2870	chr5:83604001-86961000	SBS3	1	0	0	0	0	8	0	0	0	0
2871	chr5:86961001-87419500	SBS3	2	1	0	1	0	0	0	0	0	0
2872	chr5:87819001-88177000	SBS3	1	0	0	0	0	2	0	0	0	0
2873	chr5:88177001-88278000	SBS3	2	1	0	1	0	0	0	0	0	0
2874	chr5:88278001-88650000	SBS3	1	0	0	0	0	1	0	0	0	0
2875	chr5:88650001-90388000	SBS100	1	0	0	0	0	1	0	0	0	0
2876	chr5:88650001-90388000	SBS3	1	0	0	0	0	6	0	0	0	0
2877	chr5:90544001-90852000	SBS3	1	0	0	0	0	1	0	0	0	0
2878	chr5:90852001-91517000	SBS1	2	0	0	1	0	0	0	0	0	0
2879	chr5:90852001-91517000	SBS3	2	0	0	0	0	1	0	0	0	0
2880	chr5:91517001-92517000	SBS3	1	0	0	0	0	2	0	0	0	0
2881	chr5:92517001-93531000	SBS3	2	0	0	2	0	0	0	0	0	0
2882	chr5:93531001-94946000	SBS3	2	0	0	0	0	3	0	0	0	0
2883	chr5:94946001-95489000	SBS100	1	0	0	0	0	1	0	0	0	0
2884	chr5:94946001-95489000	SBS3	1	0	0	0	0	1	0	0	0	0
2885	chr5:95489001-96347000	SBS100	2	0	0	0	0	1	0	0	0	0
2886	chr5:95489001-96347000	SBS3	2	0	0	0	0	3	0	0	0	0
2887	chr5:96611001-97018000	SBS3	3	1	0	0	1	0	0	0	0	0
2888	chr5:97232001-98754000	SBS3	1	0	0	0	0	7	0	0	0	0
2889	chr5:99075001-100523000	SBS3	1	0	0	0	0	1	0	0	0	0
2890	chr6:100892001-103048497	SBS3	1	1	0	0	0	3	0	0	0	0
2891	chr6:105293001-108362228	SBS1	2	2	0	2	0	0	0	0	0	0
2892	chr6:105293001-108362228	SBS3	2	2	0	10	0	1	0	0	0	0
2893	chr6:108372332-108540000	SBS3	2	2	0	1	0	0	0	0	0	0
2894	chr6:109528001-110515000	SBS3	2	2	0	4	0	1	0	0	0	0
2895	chr6:110515001-112354500	SBS3	3	2	0	4	10	3	0	0	0	0
2896	chr6:112354501-112720000	SBS3	2	1	0	1	0	1	0	0	0	0
2897	chr6:112720001-113274000	SBS3	2	1	0	1	0	0	0	0	0	0
2898	chr6:113274001-114004000	SBS3	3	2	0	0	3	0	0	0	0	0
2899	chr6:114004001-114412000	SBS3	2	1	0	1	0	0	0	0	0	0
2900	chr6:114412001-115862000	SBS100	1	1	0	0	0	1	0	0	0	0
2901	chr6:114412001-115862000	SBS3	1	1	0	0	0	8	0	0	0	0
2902	chr6:116004001-116730000	SBS3	3	2	0	1	1	0	0	0	0	0
2903	chr6:116730001-117297000	SBS100	2	1	0	1	0	0	0	0	0	0
2904	chr6:116730001-117297000	SBS3	2	1	0	0	0	1	0	0	0	0
2905	chr6:117297001-117437000	SBS3	2	1	0	1	0	1	0	0	0	0
2906	chr6:117712501-118143000	SBS3	2	1	0	3	0	2	0	0	0	0
2907	chr6:118143001-118461000	SBS3	2	1	0	3	0	0	0	0	0	0
2908	chr6:118461001-118937000	SBS3	3	2	0	2	2	0	0	0	0	0
2909	chr6:118937001-119685000	SBS3	2	2	0	3	0	0	0	0	0	0
2910	chr6:119685001-120095000	SBS3	2	1	0	1	0	2	0	0	0	0
2911	chr6:120408401-121277000	SBS3	2	1	0	1	0	1	0	0	0	0
2912	chr6:121277001-121352000	SBS3	2	2	0	0	0	1	0	0	0	0
2913	chr6:121352001-122371000	SBS3	2	1	0	4	0	5	0	0	0	0
2914	chr6:122495001-122835000	SBS3	2	1	0	0	0	1	0	0	0	0
2915	chr6:122835001-124863000	SBS1	2	1	0	1	0	0	0	0	0	0
2916	chr6:122835001-124863000	SBS3	2	1	0	11	0	5	0	0	0	0
2917	chr6:124863001-125173000	SBS3	2	1	0	2	0	1	0	0	0	0
2918	chr6:125173001-125381000	SBS3	2	2	0	1	0	0	0	0	0	0
2919	chr6:125381001-125733000	SBS3	2	1	0	2	0	0	0	0	0	0
2920	chr6:125733001-126042000	SBS3	3	2	0	0	3	0	0	0	0	0
2921	chr6:126042001-126395000	SBS3	2	2	0	1	0	0	0	0	0	0
2922	chr6:127348001-127841000	SBS100	2	1	0	1	0	0	0	0	0	0
2923	chr6:127348001-127841000	SBS3	2	1	0	1	0	0	0	0	0	0
2924	chr6:127841001-128613000	SBS3	3	2	0	1	4	0	0	0	0	0
2925	chr6:128613001-128748000	SBS3	3	1	0	0	1	0	0	0	0	0
2926	chr6:128748001-129419000	SBS3	2	1	0	2	0	0	0	0	0	0
2927	chr6:129419001-129595000	SBS3	2	1	0	1	0	0	0	0	0	0
2928	chr6:129595001-129764000	SBS3	3	2	0	0	2	0	0	0	0	0
2929	chr6:129764001-131576000	SBS3	2	1	0	6	0	2	0	0	0	0
2930	chr6:131576001-131866000	SBS3	3	2	0	1	1	0	0	0	0	0
2931	chr6:131866001-132978000	SBS3	2	1	0	6	0	3	0	0	0	0
2932	chr6:132978001-133911000	SBS3	2	1	0	5	0	3	0	0	0	0
2933	chr6:133911001-134693000	SBS3	2	2	0	2	0	0	0	0	0	0
2934	chr6:134693001-134957000	SBS3	2	2	0	3	0	0	0	0	0	0
2935	chr6:134957001-135210981	SBS3	3	2	0	0	2	0	0	0	0	0
2936	chr6:135307478-136642000	SBS3	2	2	0	1	0	1	0	0	0	0
2937	chr6:136797001-137080000	SBS3	2	2	0	1	0	0	0	0	0	0
2938	chr6:137080001-137426000	SBS3	3	2	0	0	1	2	0	0	0	0
2939	chr6:137426001-137633000	SBS3	2	1	0	1	0	0	0	0	0	0
2940	chr6:137633001-137927762	SBS100	3	2	0	0	1	0	0	0	0	0
2941	chr6:137633001-137927762	SBS3	3	2	0	1	0	0	0	0	0	0
2942	chr6:137928674-140097000	SBS3	2	2	0	8	0	0	0	0	0	0
2943	chr6:140097001-141448000	SBS3	2	1	0	7	0	1	0	0	0	0
2944	chr6:141569001-142141000	SBS1	2	1	0	0	0	1	0	0	0	0
2945	chr6:141569001-142141000	SBS3	2	1	0	2	0	1	0	0	0	0
2946	chr6:142426001-142683000	SBS3	2	1	0	3	0	0	0	0	0	0
2947	chr6:142683001-142782000	SBS3	3	2	0	0	0	2	0	0	0	0
2948	chr6:142955001-144277000	SBS3	3	1	0	2	2	2	0	0	0	0
2949	chr6:144277001-144859000	SBS3	3	2	0	0	1	0	0	0	0	0
2950	chr6:144859001-145239000	SBS3	2	1	0	1	0	2	0	0	0	0
2951	chr6:145690501-145969000	SBS3	2	2	0	1	0	0	0	0	0	0
2952	chr6:145969001-147191000	SBS3	2	1	0	5	0	3	0	0	0	0
2953	chr6:147392001-148161500	SBS3	1	1	0	0	0	5	0	0	0	0
2954	chr6:148161501-149024000	SBS100	2	1	0	0	0	1	0	0	0	0
2955	chr6:148161501-149024000	SBS3	2	1	0	3	0	2	0	0	0	0
2956	chr6:149024001-149547000	SBS1	3	2	0	0	0	1	0	0	0	0
2957	chr6:149024001-149547000	SBS3	3	2	0	1	1	2	0	0	0	0
2958	chr6:149547001-151110000	SBS3	2	2	0	5	0	0	0	0	0	0
2959	chr6:151110001-151350000	SBS100	2	1	0	1	0	0	0	0	0	0
2960	chr6:151110001-151350000	SBS3	2	1	0	3	0	1	0	0	0	0
2961	chr6:151502001-152671792	SBS100	2	1	0	0	0	1	0	0	0	0
2962	chr6:151502001-152671792	SBS3	2	1	0	3	0	2	0	0	0	0
2963	chr6:152671828-152961000	SBS3	2	1	0	3	0	1	0	0	0	0
2964	chr6:153031001-153441052	SBS3	2	1	0	4	0	0	0	0	0	0
2965	chr6:153441053-153830480	SBS3	2	1	0	2	0	1	0	0	0	0
2966	chr6:153860821-154117000	SBS3	3	1	0	2	0	0	0	0	0	0
2967	chr6:154117001-155329000	SBS3	3	3	0	0	7	0	0	0	0	0
2968	chr6:155329001-156683000	SBS1	3	2	0	1	0	0	0	0	0	0
2969	chr6:155329001-156683000	SBS3	3	2	0	0	5	0	0	0	0	0
2970	chr6:156683001-157162171	SBS3	4	3	0	1	1	0	1	0	0	0
2971	chr6:157162172-159184000	SBS3	3	2	0	4	4	1	0	0	0	0
2972	chr6:159184001-159715000	SBS100	2	1	0	0	0	1	0	0	0	0
2973	chr6:159184001-159715000	SBS3	2	1	0	2	0	0	0	0	0	0
2974	chr6:159811001-159942000	SBS1	2	1	0	0	0	1	0	0	0	0
2975	chr6:160102001-160544000	SBS3	2	1	0	0	0	1	0	0	0	0
2976	chr6:160544001-160927000	SBS3	2	1	0	2	0	0	0	0	0	0
2977	chr6:160927001-161100000	SBS3	3	1	0	1	0	0	0	0	0	0
2978	chr6:161100001-161546540	SBS1	2	1	0	0	0	1	0	0	0	0
2979	chr6:161100001-161546540	SBS3	2	1	0	1	0	2	0	0	0	0
2980	chr6:161552836-163159000	SBS1	2	1	0	0	0	3	0	0	0	0
2981	chr6:161552836-163159000	SBS100	2	1	0	1	0	0	0	0	0	0
2982	chr6:161552836-163159000	SBS3	2	1	0	8	0	2	0	0	0	0
2983	chr6:163159001-163391000	SBS3	2	1	0	0	0	1	0	0	0	0
2984	chr6:163589001-164122000	SBS3	2	1	0	0	0	2	0	0	0	0
2985	chr6:164122001-164946000	SBS100	2	1	0	1	0	1	0	0	0	0
2986	chr6:164122001-164946000	SBS3	2	1	0	5	0	2	0	0	0	0
2987	chr6:165311001-166320000	SBS3	2	1	0	3	0	1	0	0	0	0
2988	chr6:166392001-166576419	SBS1	2	1	0	2	0	0	0	0	0	0
2989	chr6:166392001-166576419	SBS3	2	1	0	1	0	1	0	0	0	0
2990	chr6:166860001-167218000	SBS3	3	2	0	1	1	0	0	0	0	0
2991	chr6:167218001-167671000	SBS3	2	2	0	2	0	2	0	0	0	0
2992	chr6:167977001-168240000	SBS3	3	2	0	0	2	0	0	0	0	0
2993	chr6:168240001-168725368	SBS3	2	2	0	1	0	2	0	0	0	0
2994	chr6:168879001-170265000	SBS1	2	2	0	3	0	0	0	0	0	0
2995	chr6:168879001-170265000	SBS3	2	2	0	4	0	2	0	0	0	0
2996	chr6:170265001-170805979	SBS3	3	3	0	0	2	0	0	0	0	0
2997	chr6:59191911-61393000	SBS3	1	1	0	0	0	13	0	0	0	0
2998	chr6:61393001-63283000	SBS3	1	1	0	0	0	13	0	0	0	0
2999	chr6:63283001-63563000	SBS3	2	1	0	1	0	0	0	0	0	0
3000	chr6:63563001-63743000	SBS3	2	2	0	2	0	0	0	0	0	0
3001	chr6:63743001-69663000	SBS1	1	1	0	0	0	3	0	0	0	0
3002	chr6:63743001-69663000	SBS100	1	1	0	0	0	2	0	0	0	0
3003	chr6:63743001-69663000	SBS3	1	1	0	0	0	31	0	0	0	0
3004	chr6:69876001-70389000	SBS3	2	1	0	6	0	0	0	0	0	0
3005	chr6:70892001-71164000	SBS3	2	1	0	1	0	0	0	0	0	0
3006	chr6:71424001-71549000	SBS3	2	2	0	2	0	0	0	0	0	0
3007	chr6:71549001-72173000	SBS3	1	1	0	0	0	4	0	0	0	0
3008	chr6:72173001-73388000	SBS3	2	1	0	6	0	2	0	0	0	0
3009	chr6:73388001-73758000	SBS3	2	2	0	2	0	0	0	0	0	0
3010	chr6:73903001-75061000	SBS3	1	1	0	0	0	6	0	0	0	0
3011	chr6:75061001-75208000	SBS3	2	1	0	1	0	0	0	0	0	0
3012	chr6:75302001-75588000	SBS3	2	1	0	1	0	0	0	0	0	0
3013	chr6:75588001-75938000	SBS100	2	2	0	3	0	0	0	0	0	0
3014	chr6:75588001-75938000	SBS3	2	2	0	2	0	0	0	0	0	0
3015	chr6:75938001-78820500	SBS100	1	1	0	0	0	1	0	0	0	0
3016	chr6:75938001-78820500	SBS3	1	1	0	0	0	14	0	0	0	0
3017	chr6:78935001-79244000	SBS3	3	2	0	0	2	0	0	0	0	0
3018	chr6:79244001-79375000	SBS3	2	1	0	1	0	0	0	0	0	0
3019	chr6:79375001-79819000	SBS3	4	2	0	0	0	0	5	0	0	0
3020	chr6:79819001-80354000	SBS3	2	2	0	1	0	3	0	0	0	0
3021	chr6:80354001-81683000	SBS3	2	1	0	4	0	1	0	0	0	0
3022	chr6:81770295-82282000	SBS3	2	2	0	2	0	0	0	0	0	0
3023	chr6:82282001-83037000	SBS3	1	1	0	0	0	6	0	0	0	0
3024	chr6:83037001-83243000	SBS100	2	2	0	1	0	0	0	0	0	0
3025	chr6:83037001-83243000	SBS3	2	2	0	2	0	1	0	0	0	0
3026	chr6:83243001-83625000	SBS3	2	1	0	1	0	0	0	0	0	0
3027	chr6:83625001-83840000	SBS3	2	1	0	1	0	1	0	0	0	0
3028	chr6:83840001-84253000	SBS3	2	1	0	2	0	1	0	0	0	0
3029	chr6:84253001-85447000	SBS3	1	1	0	0	0	5	0	0	0	0
3030	chr6:85447001-85689000	SBS3	2	2	0	1	0	0	0	0	0	0
3031	chr6:85689001-86914000	SBS1	1	1	0	0	0	1	0	0	0	0
3032	chr6:85689001-86914000	SBS3	1	1	0	0	0	7	0	0	0	0
3033	chr6:86914001-87066000	SBS3	2	1	0	0	0	1	0	0	0	0
3034	chr6:87384645-87935000	SBS3	2	2	0	1	0	1	0	0	0	0
3035	chr6:87935001-88605000	SBS3	2	1	0	4	0	2	0	0	0	0
3036	chr6:88605001-90599000	SBS3	2	2	0	9	0	0	0	0	0	0
3037	chr6:90599001-93031000	SBS1	2	1	0	1	0	0	0	0	0	0
3038	chr6:90599001-93031000	SBS100	2	1	0	2	0	0	0	0	0	0
3039	chr6:90599001-93031000	SBS3	2	1	0	10	0	3	0	0	0	0
3040	chr6:93031001-93446000	SBS3	2	2	0	4	0	0	0	0	0	0
3041	chr6:93446001-95568000	SBS3	2	1	0	9	0	0	0	0	0	0
3042	chr6:95613001-96511000	SBS3	1	1	0	0	0	1	0	0	0	0
3043	chr6:96556001-97133000	SBS3	2	1	0	2	0	3	0	0	0	0
3044	chr6:97133001-97289000	SBS3	2	2	0	1	0	0	0	0	0	0
3045	chr6:97289001-98832000	SBS3	1	1	0	0	0	5	0	0	0	0
3046	chr6:98832001-98984000	SBS3	2	2	0	1	0	0	0	0	0	0
3047	chr6:99617001-100096000	SBS3	1	1	0	0	0	1	0	0	0	0
3048	chr7:1-812000	SBS100	3	0	0	0	0	1	0	0	0	0
3049	chr7:1-812000	SBS3	3	0	0	0	2	2	0	0	0	0
3050	chr7:100617001-100976000	SBS3	3	0	0	0	2	0	0	0	0	0
3051	chr7:101326001-101800000	SBS3	3	0	0	0	1	0	0	0	0	0
3052	chr7:101800001-103061000	SBS3	3	0	0	1	2	9	0	0	0	0
3053	chr7:103379001-104126000	SBS3	3	0	0	1	2	0	0	0	0	0
3054	chr7:104126001-104245000	SBS3	4	0	0	1	0	0	0	0	0	0
3055	chr7:104245001-104833500	SBS3	2	0	0	1	0	1	0	0	0	0
3056	chr7:104833501-104935000	SBS3	4	0	0	1	0	0	0	0	0	0
3057	chr7:105117001-105359500	SBS100	4	0	0	0	0	0	1	0	0	0
3058	chr7:105117001-105359500	SBS3	4	0	0	0	0	0	2	0	0	0
3059	chr7:106127001-107771000	SBS3	4	0	0	0	1	0	0	0	0	0
3060	chr7:108648001-110751000	SBS3	2	0	0	5	0	4	0	0	0	0
3061	chr7:110751001-111569000	SBS3	3	0	0	0	0	2	0	0	0	0
3062	chr7:111569001-111717000	SBS3	2	0	0	0	0	2	0	0	0	0
3063	chr7:111717001-112575000	SBS3	4	0	0	0	1	3	2	0	0	0
3064	chr7:11252001-16397000	SBS3	3	0	0	5	11	6	0	0	0	0
3065	chr7:112575001-112739000	SBS3	3	0	0	0	1	0	0	0	0	0
3066	chr7:112739001-113166000	SBS3	4	0	0	0	0	0	2	0	0	0
3067	chr7:113166001-114911000	SBS3	3	0	0	2	7	3	0	0	0	0
3068	chr7:114911001-115170500	SBS3	4	1	0	0	0	0	2	0	0	0
3069	chr7:115170501-116109500	SBS3	3	0	0	1	1	1	0	0	0	0
3070	chr7:116109501-116261000	SBS3	4	0	0	0	0	0	1	0	0	0
3071	chr7:116261001-116837000	SBS1	3	0	0	0	0	1	0	0	0	0
3072	chr7:118286001-120001159	SBS100	2	0	0	1	0	0	0	0	0	0
3073	chr7:118286001-120001159	SBS3	2	0	0	3	0	0	0	0	0	0
3074	chr7:1185001-1875000	SBS3	2	0	0	1	0	0	0	0	0	0
3075	chr7:120928001-121043000	SBS3	2	1	0	1	0	0	0	0	0	0
3076	chr7:121043001-121331000	SBS1	2	0	0	1	0	0	0	0	0	0
3077	chr7:121043001-121331000	SBS3	2	0	0	0	0	1	0	0	0	0
3078	chr7:121553001-122945000	SBS3	1	0	0	0	0	7	0	0	0	0
3079	chr7:122945001-123455000	SBS3	1	0	0	0	0	1	0	0	0	0
3080	chr7:123799001-124753000	SBS3	1	0	0	0	0	4	0	0	0	0
3081	chr7:124753001-124956000	SBS3	2	0	0	1	0	0	0	0	0	0
3082	chr7:124956001-127342000	SBS3	1	0	0	0	0	8	0	0	0	0
3083	chr7:127417001-127635000	SBS3	2	0	0	1	0	0	0	0	0	0
3084	chr7:128064001-130532000	SBS3	2	0	0	3	0	4	0	0	0	0
3085	chr7:130534395-130875000	SBS3	2	1	0	0	0	3	0	0	0	0
3086	chr7:131325001-131559000	SBS3	3	2	0	1	1	0	0	0	0	0
3087	chr7:131559001-132767000	SBS3	2	1	0	3	0	2	0	0	0	0
3088	chr7:132767001-133088000	SBS1	3	1	0	0	1	0	0	0	0	0
3089	chr7:132767001-133088000	SBS3	3	1	0	1	1	0	0	0	0	0
3090	chr7:133236001-134597000	SBS1	2	2	0	1	0	0	0	0	0	0
3091	chr7:133236001-134597000	SBS3	2	2	0	3	0	0	0	0	0	0
3092	chr7:134597001-135015000	SBS3	3	2	0	1	1	0	0	0	0	0
3093	chr7:135132001-135717000	SBS1	2	2	0	0	0	1	0	0	0	0
3094	chr7:135132001-135717000	SBS100	2	2	0	0	0	1	0	0	0	0
3095	chr7:135132001-135717000	SBS3	2	2	0	2	0	7	0	0	0	0
3096	chr7:136092001-137450000	SBS3	1	1	0	0	0	8	0	0	0	0
3097	chr7:137450001-137849000	SBS1	2	1	0	1	0	0	0	0	0	0
3098	chr7:137450001-137849000	SBS3	2	1	0	1	0	0	0	0	0	0
3099	chr7:137849001-138018000	SBS3	3	2	0	0	1	0	0	0	0	0
3100	chr7:138018001-138828000	SBS3	2	1	0	3	0	0	0	0	0	0
3101	chr7:138828001-140406000	SBS1	2	2	0	1	0	0	0	0	0	0
3102	chr7:138828001-140406000	SBS100	2	2	0	1	0	0	0	0	0	0
3103	chr7:138828001-140406000	SBS3	2	2	0	4	0	0	0	0	0	0
3104	chr7:140638001-141025000	SBS3	2	2	0	1	0	0	0	0	0	0
3105	chr7:141025001-141527000	SBS3	1	1	0	0	0	2	0	0	0	0
3106	chr7:141527001-141763000	SBS3	4	1	0	0	1	0	1	0	0	0
3107	chr7:141763001-143211000	SBS3	2	1	0	8	0	24	0	0	0	0
3108	chr7:143742001-144103153	SBS3	2	1	0	1	0	0	0	0	0	0
3109	chr7:144103196-144407713	SBS3	3	1	0	0	1	1	0	0	0	0
3110	chr7:144407714-144490234	SBS3	2	2	0	1	0	0	0	0	0	0
3111	chr7:144490379-144872000	SBS3	2	2	0	2	0	0	0	0	0	0
3112	chr7:144872001-145169000	SBS3	2	1	0	1	0	1	0	0	0	0
3113	chr7:145169001-148478000	SBS1	1	1	0	0	0	2	0	0	0	0
3114	chr7:145169001-148478000	SBS100	1	1	0	0	0	1	0	0	0	0
3115	chr7:145169001-148478000	SBS3	1	1	0	0	0	21	0	0	0	0
3116	chr7:148478001-148693000	SBS3	2	1	0	1	0	1	0	0	0	0
3117	chr7:148693001-148993000	SBS3	2	2	0	2	0	0	0	0	0	0
3118	chr7:148993001-150788000	SBS1	2	2	0	0	0	1	0	0	0	0
3119	chr7:148993001-150788000	SBS3	2	2	0	5	0	1	0	0	0	0
3120	chr7:150788001-150966000	SBS3	2	1	0	0	0	1	0	0	0	0
3121	chr7:150966001-152135000	SBS3	2	2	0	6	0	4	0	0	0	0
3122	chr7:152135001-152401000	SBS1	3	2	0	0	0	1	0	0	0	0
3123	chr7:152135001-152401000	SBS100	3	2	0	0	1	0	0	0	0	0
3124	chr7:152135001-152401000	SBS3	3	2	0	2	0	2	0	0	0	0
3125	chr7:152401001-152919000	SBS1	2	1	0	1	0	1	0	0	0	0
3126	chr7:152401001-152919000	SBS3	2	1	0	2	0	0	0	0	0	0
3127	chr7:152919001-154918000	SBS1	1	1	0	0	0	1	0	0	0	0
3128	chr7:152919001-154918000	SBS100	1	1	0	0	0	1	0	0	0	0
3129	chr7:152919001-154918000	SBS3	1	1	0	0	0	5	0	0	0	0
3130	chr7:155015001-155188000	SBS3	1	1	0	0	0	3	0	0	0	0
3131	chr7:155188001-155316000	SBS3	2	1	0	2	0	0	0	0	0	0
3132	chr7:155316001-155636000	SBS3	1	1	0	0	0	6	0	0	0	0
3133	chr7:155813001-156280000	SBS3	1	1	0	0	0	4	0	0	0	0
3134	chr7:156280001-156602000	SBS3	2	1	0	1	0	0	0	0	0	0
3135	chr7:156602001-156937260	SBS3	2	2	0	2	0	0	0	0	0	0
3136	chr7:156937307-157422000	SBS3	2	2	0	4	0	2	0	0	0	0
3137	chr7:157639001-158596000	SBS1	1	1	0	0	0	1	0	0	0	0
3138	chr7:157639001-158596000	SBS3	1	1	0	0	0	3	0	0	0	0
3139	chr7:158596001-158862000	SBS3	2	2	0	1	0	0	0	0	0	0
3140	chr7:158862001-159345973	SBS3	2	1	0	1	0	0	0	0	0	0
3141	chr7:16397001-17344000	SBS3	4	0	0	2	3	0	2	0	0	0
3142	chr7:17344001-17766500	SBS1	3	0	0	1	0	0	0	0	0	0
3143	chr7:17344001-17766500	SBS3	3	0	0	3	0	0	0	0	0	0
3144	chr7:17766501-17961000	SBS3	4	0	0	1	0	0	0	0	0	0
3145	chr7:18285001-18694000	SBS3	3	0	0	0	1	3	0	0	0	0
3146	chr7:18694001-19662000	SBS3	2	0	0	0	0	3	0	0	0	0
3147	chr7:1875001-2523000	SBS3	3	0	0	0	2	4	0	0	0	0
3148	chr7:19662001-20071359	SBS3	3	0	0	1	0	0	0	0	0	0
3149	chr7:20105001-20447000	SBS3	4	0	0	0	0	0	1	0	0	0
3150	chr7:20447001-21240000	SBS3	3	0	0	2	2	0	0	0	0	0
3151	chr7:21240001-21515000	SBS3	3	0	0	2	0	0	0	0	0	0
3152	chr7:21515001-22076000	SBS3	3	0	0	2	1	0	0	0	0	0
3153	chr7:22076001-22515500	SBS1	4	0	0	0	0	0	1	0	0	0
3154	chr7:22076001-22515500	SBS100	4	0	0	0	0	1	0	0	0	0
3155	chr7:22515501-23769000	SBS3	3	0	0	0	4	1	0	0	0	0
3156	chr7:23769001-24522000	SBS3	2	0	0	1	0	0	0	0	0	0
3157	chr7:24522001-25827000	SBS3	3	0	0	1	2	0	0	0	0	0
3158	chr7:2523001-2565753	SBS1	7	1	0	0	1	0	0	0	0	0
3159	chr7:2565754-2911000	SBS3	4	0	0	1	0	0	1	0	0	0
3160	chr7:25827001-26207000	SBS1	4	0	0	0	0	1	0	0	0	0
3161	chr7:25827001-26207000	SBS3	4	0	0	0	0	0	1	0	0	0
3162	chr7:26747001-27566000	SBS3	2	0	0	1	0	1	0	0	0	0
3163	chr7:28187001-29967000	SBS100	2	0	0	0	0	1	0	0	0	0
3164	chr7:28187001-29967000	SBS3	2	0	0	3	0	5	0	0	0	0
3165	chr7:2911001-3575000	SBS3	3	0	0	0	3	1	0	0	0	0
3166	chr7:29967001-30625000	SBS3	2	0	0	2	0	1	0	0	0	0
3167	chr7:30625001-31012000	SBS1	2	0	0	1	0	0	0	0	0	0
3168	chr7:30625001-31012000	SBS3	2	0	0	1	0	0	0	0	0	0
3169	chr7:31012001-31922000	SBS3	2	0	0	5	0	0	0	0	0	0
3170	chr7:31922001-32477000	SBS3	1	0	0	0	0	3	0	0	0	0
3171	chr7:32477001-33133000	SBS3	2	0	0	0	0	1	0	0	0	0
3172	chr7:33133001-33926000	SBS1	2	0	0	0	0	1	0	0	0	0
3173	chr7:33133001-33926000	SBS3	2	0	0	1	0	0	0	0	0	0
3174	chr7:33926001-34920000	SBS3	1	0	0	0	0	5	0	0	0	0
3175	chr7:34920001-35621000	SBS1	1	0	0	0	0	1	0	0	0	0
3176	chr7:34920001-35621000	SBS100	1	0	0	0	0	1	0	0	0	0
3177	chr7:34920001-35621000	SBS3	1	0	0	0	0	4	0	0	0	0
3178	chr7:35621001-35981000	SBS3	3	1	0	1	0	0	0	0	0	0
3179	chr7:3575001-4145000	SBS3	2	0	0	1	0	0	0	0	0	0
3180	chr7:35981001-36263000	SBS3	2	0	0	1	0	0	0	0	0	0
3181	chr7:36263001-37179000	SBS1	2	0	0	0	0	1	0	0	0	0
3182	chr7:36263001-37179000	SBS3	2	0	0	3	0	4	0	0	0	0
3183	chr7:37929001-38164000	SBS3	1	0	0	0	0	2	0	0	0	0
3184	chr7:38248001-38726000	SBS3	1	0	0	0	0	1	0	0	0	0
3185	chr7:38920001-39564000	SBS3	1	0	0	0	0	3	0	0	0	0
3186	chr7:39564001-40112000	SBS3	2	0	0	3	0	0	0	0	0	0
3187	chr7:40112001-42879000	SBS3	1	0	0	0	0	4	0	0	0	0
3188	chr7:4145001-4606000	SBS1	2	0	0	1	0	0	0	0	0	0
3189	chr7:4145001-4606000	SBS3	2	0	0	0	0	1	0	0	0	0
3190	chr7:42879001-42949000	SBS3	2	0	0	1	0	0	0	0	0	0
3191	chr7:42949001-43576000	SBS3	1	0	0	0	0	1	0	0	0	0
3192	chr7:43731001-44622199	SBS3	2	0	0	0	0	1	0	0	0	0
3193	chr7:44622393-45216000	SBS3	2	0	0	1	0	3	0	0	0	0
3194	chr7:45216001-47134000	SBS3	1	0	0	0	0	11	0	0	0	0
3195	chr7:47134001-48444000	SBS1	2	0	0	1	0	0	0	0	0	0
3196	chr7:4807501-5189000	SBS3	3	0	0	0	1	2	0	0	0	0
3197	chr7:48887001-50058000	SBS3	1	0	0	0	0	3	0	0	0	0
3198	chr7:50058001-50201000	SBS3	1	0	0	0	0	1	0	0	0	0
3199	chr7:50201001-50463000	SBS3	2	1	0	2	0	0	0	0	0	0
3200	chr7:50463001-51444000	SBS1	2	0	0	0	0	1	0	0	0	0
3201	chr7:50463001-51444000	SBS3	2	0	0	3	0	0	0	0	0	0
3202	chr7:51444001-53698075	SBS1	1	0	0	0	0	1	0	0	0	0
3203	chr7:51444001-53698075	SBS3	1	0	0	0	0	9	0	0	0	0
3204	chr7:5189001-6517000	SBS1	4	0	0	0	0	2	1	0	0	0
3205	chr7:5189001-6517000	SBS3	4	0	0	0	1	12	1	0	0	0
3206	chr7:53698076-54738000	SBS3	1	1	0	0	0	6	0	0	0	0
3207	chr7:54738001-55606500	SBS3	2	2	0	4	0	0	0	0	0	0
3208	chr7:55606501-55946000	SBS3	1	1	0	0	0	1	0	0	0	0
3209	chr7:56120001-56694000	SBS1	1	1	0	0	0	1	0	0	0	0
3210	chr7:56120001-56694000	SBS3	1	1	0	0	0	2	0	0	0	0
3211	chr7:56694001-57897000	SBS100	1	0	0	0	0	1	0	0	0	0
3212	chr7:56694001-57897000	SBS3	1	0	0	0	0	10	0	0	0	0
3213	chr7:57897001-59498943	SBS3	1	0	0	0	0	3	0	0	0	0
3214	chr7:59498944-62670500	SBS3	1	0	0	0	0	20	0	0	0	0
3215	chr7:62670501-63022000	SBS3	1	1	0	0	0	1	0	0	0	0
3216	chr7:63022001-64303000	SBS3	1	0	0	0	0	4	0	0	0	0
3217	chr7:64344001-64469000	SBS3	1	1	0	0	0	3	0	0	0	0
3218	chr7:64469001-67315500	SBS1	2	1	0	1	0	2	0	0	0	0
3219	chr7:64469001-67315500	SBS100	2	1	0	2	0	1	0	0	0	0
3220	chr7:64469001-67315500	SBS3	2	1	0	9	0	11	0	0	0	0
3221	chr7:6517001-7096000	SBS100	3	0	0	0	0	1	0	0	0	0
3222	chr7:6517001-7096000	SBS3	3	0	0	0	1	1	0	0	0	0
3223	chr7:67315501-67666500	SBS3	1	1	0	0	0	1	0	0	0	0
3224	chr7:67666501-69049000	SBS1	1	0	0	0	0	1	0	0	0	0
3225	chr7:67666501-69049000	SBS100	1	0	0	0	0	1	0	0	0	0
3226	chr7:67666501-69049000	SBS3	1	0	0	0	0	12	0	0	0	0
3227	chr7:69049001-69464000	SBS3	1	1	0	0	0	3	0	0	0	0
3228	chr7:69464001-69592000	SBS3	2	1	0	1	0	1	0	0	0	0
3229	chr7:69592001-70817000	SBS100	2	2	0	1	0	0	0	0	0	0
3230	chr7:69592001-70817000	SBS3	2	2	0	6	0	0	0	0	0	0
3231	chr7:70817001-71076507	SBS3	1	1	0	0	0	2	0	0	0	0
3232	chr7:7096001-8231000	SBS3	4	0	0	0	0	2	0	0	0	0
3233	chr7:71082699-72326000	SBS3	1	1	0	0	0	15	0	0	0	0
3234	chr7:72326001-72759000	SBS3	1	1	0	0	0	5	0	0	0	0
3235	chr7:72759001-74604000	SBS100	2	1	0	0	0	1	0	0	0	0
3236	chr7:72759001-74604000	SBS3	2	1	0	8	0	2	0	0	0	0
3237	chr7:74825501-76180000	SBS3	2	1	0	4	0	0	0	0	0	0
3238	chr7:76269001-77968000	SBS100	2	2	0	2	0	0	0	0	0	0
3239	chr7:76269001-77968000	SBS3	2	2	0	8	0	1	0	0	0	0
3240	chr7:77968001-83422000	SBS100	1	1	0	0	0	1	0	0	0	0
3241	chr7:77968001-83422000	SBS3	1	1	0	0	0	32	0	0	0	0
3242	chr7:8231001-8502000	SBS100	3	0	0	0	1	0	0	0	0	0
3243	chr7:8231001-8502000	SBS3	3	0	0	1	0	0	0	0	0	0
3244	chr7:83422001-84321000	SBS3	2	1	0	3	0	1	0	0	0	0
3245	chr7:84321001-84839452	SBS3	1	1	0	0	0	1	0	0	0	0
3246	chr7:84839499-86646000	SBS1	1	1	0	0	0	1	0	0	0	0
3247	chr7:84839499-86646000	SBS100	1	1	0	0	0	1	0	0	0	0
3248	chr7:84839499-86646000	SBS3	1	1	0	0	0	14	0	0	0	0
3249	chr7:8502001-10871000	SBS1	2	0	0	0	0	1	0	0	0	0
3250	chr7:8502001-10871000	SBS3	2	0	0	6	0	5	0	0	0	0
3251	chr7:86646001-87149000	SBS3	2	1	0	1	0	1	0	0	0	0
3252	chr7:87230001-87803378	SBS3	2	1	0	3	0	0	0	0	0	0
3253	chr7:87803379-87901000	SBS3	2	1	0	1	0	0	0	0	0	0
3254	chr7:88067001-88357000	SBS3	2	0	0	0	0	1	0	0	0	0
3255	chr7:88357001-90183000	SBS3	1	0	0	0	0	6	0	0	0	0
3256	chr7:90183001-91515000	SBS3	2	0	0	3	0	2	0	0	0	0
3257	chr7:91820001-92605000	SBS3	4	0	0	1	0	0	2	0	0	0
3258	chr7:92605001-92844000	SBS3	5	0	0	0	1	0	0	0	0	0
3259	chr7:93331001-94363000	SBS3	3	0	0	1	4	0	0	0	0	0
3260	chr7:94662001-95622000	SBS100	4	0	0	0	0	0	1	0	0	0
3261	chr7:94662001-95622000	SBS3	4	0	0	0	2	1	1	0	0	0
3262	chr7:95622001-96066000	SBS3	3	0	0	1	1	0	0	0	0	0
3263	chr7:96327001-97206000	SBS3	3	0	0	0	1	0	0	0	0	0
3264	chr7:97206001-97773000	SBS3	2	0	0	3	0	2	0	0	0	0
3265	chr7:97773001-98092000	SBS3	3	0	0	1	0	0	0	0	0	0
3266	chr7:98220001-98426000	SBS3	3	0	0	0	1	0	0	0	0	0
3267	chr7:98426001-98811000	SBS3	2	0	0	1	0	0	0	0	0	0
3268	chr7:98811001-99068000	SBS3	3	0	0	0	1	1	0	0	0	0
3269	chr7:99305001-99512500	SBS3	4	0	0	0	1	0	1	0	0	0
3270	chr7:99512501-99895000	SBS3	3	0	0	0	1	0	0	0	0	0
3271	chr7:99895001-100617000	SBS3	4	0	0	1	0	0	3	0	0	0
3272	chr8:1-834000	SBS100	1	0	0	0	0	1	0	0	0	0
3273	chr8:1-834000	SBS3	1	0	0	0	0	3	0	0	0	0
3274	chr8:100133001-100597050	SBS1	6	2	0	1	0	0	0	0	0	0
3275	chr8:100133001-100597050	SBS3	6	2	0	0	0	0	1	1	0	0
3276	chr8:100625072-102418000	SBS100	6	2	0	0	2	0	0	0	0	0
3277	chr8:100625072-102418000	SBS3	6	2	0	1	1	0	3	0	0	5
3278	chr8:102418001-102527000	SBS3	4	2	0	0	1	0	0	0	0	0
3279	chr8:102527001-102879000	SBS100	5	2	0	0	1	0	0	0	0	0
3280	chr8:102527001-102879000	SBS3	5	2	0	0	1	0	0	0	0	0
3281	chr8:102879001-103272000	SBS3	5	2	0	0	3	0	1	0	0	0
3282	chr8:103523001-105735000	SBS3	3	1	0	13	7	6	0	0	0	0
3283	chr8:105785001-106575000	SBS1	4	1	0	0	1	0	0	0	0	0
3284	chr8:105785001-106575000	SBS3	4	1	0	1	1	1	0	0	0	0
3285	chr8:106767001-107209000	SBS3	4	2	0	2	3	0	1	0	0	0
3286	chr8:1068425-1664000	SBS3	1	0	0	0	0	2	0	0	0	0
3287	chr8:107209001-107538000	SBS3	5	2	0	0	0	0	0	3	0	0
3288	chr8:107538001-108185000	SBS3	4	1	0	3	4	0	0	0	0	0
3289	chr8:108259001-108429000	SBS3	4	2	0	1	0	0	0	0	0	0
3290	chr8:108429001-108623120	SBS3	5	2	0	0	1	0	0	0	0	0
3291	chr8:108623151-109070171	SBS3	4	2	0	0	2	0	1	0	0	0
3292	chr8:109227001-109304728	SBS1	6	0	0	0	1	0	0	0	0	0
3293	chr8:109347001-109528000	SBS3	4	1	0	3	0	1	0	0	0	0
3294	chr8:109594001-109760000	SBS3	4	1	0	1	0	0	1	0	0	0
3295	chr8:109760001-110544949	SBS3	3	1	0	6	2	5	0	0	0	0
3296	chr8:110547228-114785000	SBS1	4	1	0	1	0	0	1	0	0	0
3297	chr8:110547228-114785000	SBS100	4	1	0	1	0	0	1	0	0	0
3298	chr8:110547228-114785000	SBS3	4	1	0	23	15	2	16	0	0	0
3299	chr8:11326033-11764000	SBS3	1	0	0	0	0	1	0	0	0	0
3300	chr8:114785001-115072742	SBS3	5	2	0	0	2	0	0	0	0	0
3301	chr8:115078021-115409000	SBS3	5	2	0	0	1	1	0	2	0	0
3302	chr8:115676001-116509414	SBS3	6	2	0	0	3	0	3	0	0	2
3303	chr8:116555485-116842970	SBS3	6	2	0	0	0	0	1	1	0	0
3304	chr8:116842971-116947000	SBS3	6	2	0	0	1	0	0	0	0	0
3305	chr8:116947001-117836000	SBS3	4	1	0	3	3	0	0	0	0	0
3306	chr8:11764001-12763000	SBS100	3	0	0	0	0	1	0	0	0	0
3307	chr8:11764001-12763000	SBS3	3	0	0	0	0	5	0	0	0	0
3308	chr8:117836001-118136000	SBS3	6	2	0	0	0	0	0	0	0	1
3309	chr8:118136001-119590000	SBS3	4	1	0	4	3	1	1	0	0	0
3310	chr8:119590001-120107000	SBS3	5	2	0	0	1	0	0	0	0	0
3311	chr8:120107001-120392000	SBS3	4	1	0	2	1	0	0	0	0	0
3312	chr8:120392001-120874000	SBS3	5	2	0	1	1	0	0	0	0	0
3313	chr8:120874001-122571000	SBS1	4	1	0	1	0	1	0	0	0	0
3314	chr8:120874001-122571000	SBS100	4	1	0	1	0	0	0	0	0	0
3315	chr8:120874001-122571000	SBS3	4	1	0	6	2	5	3	0	0	0
3316	chr8:122571001-123257019	SBS3	6	2	0	0	0	0	1	0	0	1
3317	chr8:123257060-123397250	SBS3	4	3	0	0	1	0	0	0	0	0
3318	chr8:123407889-123819000	SBS3	6	2	0	0	1	0	0	0	0	0
3319	chr8:123819001-124309000	SBS3	5	2	0	0	1	0	0	0	0	0
3320	chr8:124309001-125709000	SBS1	6	2	0	2	0	0	0	0	0	0
3321	chr8:124309001-125709000	SBS3	6	2	0	4	6	0	3	0	0	0
3322	chr8:125709001-126802500	SBS3	5	2	0	1	2	0	1	5	0	0
3323	chr8:126802501-127352162	SBS3	6	2	0	0	0	0	0	0	0	1
3324	chr8:127352163-127439673	SBS3	6	0	0	0	1	0	0	0	0	0
3325	chr8:127439674-128694000	SBS3	6	2	0	1	5	0	4	4	0	2
3326	chr8:12763001-17077000	SBS1	1	0	0	0	0	1	0	0	0	0
3327	chr8:12763001-17077000	SBS100	1	0	0	0	0	1	0	0	0	0
3328	chr8:12763001-17077000	SBS3	1	0	0	0	0	15	0	0	0	0
3329	chr8:128694001-129836000	SBS3	4	1	0	3	2	2	1	0	0	0
3330	chr8:129836001-130375000	SBS3	6	2	0	0	1	0	1	0	0	0
3331	chr8:130375001-130688000	SBS1	5	2	0	0	0	0	0	1	0	0
3332	chr8:130375001-130688000	SBS3	5	2	0	0	0	0	0	1	0	0
3333	chr8:130688001-131897000	SBS3	3	1	0	1	3	1	0	0	0	0
3334	chr8:132058001-132758000	SBS3	3	1	0	4	2	0	0	0	0	0
3335	chr8:132854001-133449000	SBS3	4	2	0	2	5	0	1	0	0	0
3336	chr8:133581001-134491000	SBS3	5	2	0	0	1	0	0	1	0	0
3337	chr8:134491001-134910000	SBS3	5	2	0	1	1	0	0	0	0	0
3338	chr8:134910001-135134000	SBS3	4	2	0	1	0	0	1	0	0	0
3339	chr8:135134001-135658000	SBS3	5	2	0	1	2	0	0	1	0	0
3340	chr8:135658001-136792000	SBS3	4	1	0	5	7	0	2	0	0	0
3341	chr8:136792001-137257000	SBS3	3	1	0	1	0	1	0	0	0	0
3342	chr8:137257001-139442820	SBS3	4	1	0	4	3	0	11	0	0	0
3343	chr8:139442821-139484723	SBS3	6	1	0	0	0	0	0	1	0	0
3344	chr8:139484724-139691777	SBS3	7	1	0	0	3	0	2	0	0	0
3345	chr8:139983096-141421500	SBS3	8	2	2	0	3	0	4	1	0	0
3346	chr8:141421501-141514000	SBS3	6	1	0	0	1	0	2	0	0	0
3347	chr8:141514001-142254000	SBS3	5	1	0	2	3	0	1	3	0	0
3348	chr8:142254001-143236000	SBS1	6	1	0	0	0	1	0	0	0	0
3349	chr8:142254001-143236000	SBS3	6	1	0	3	2	1	0	1	0	0
3350	chr8:143236001-145138636	SBS1	7	2	0	0	1	0	1	1	1	0
3351	chr8:143236001-145138636	SBS100	7	2	0	0	0	1	0	1	0	0
3352	chr8:143236001-145138636	SBS3	7	2	0	2	2	3	1	2	4	3
3353	chr8:1664001-2287000	SBS1	1	0	0	0	0	1	0	0	0	0
3354	chr8:1664001-2287000	SBS3	1	0	0	0	0	1	0	0	0	0
3355	chr8:18094001-18668000	SBS3	2	0	0	1	0	0	0	0	0	0
3356	chr8:18668001-19355000	SBS3	2	0	0	2	0	1	0	0	0	0
3357	chr8:19879001-20444000	SBS3	2	0	0	1	0	0	0	0	0	0
3358	chr8:20444001-21887000	SBS3	1	0	0	0	0	5	0	0	0	0
3359	chr8:21887001-21982000	SBS100	3	0	0	0	1	0	0	0	0	0
3360	chr8:21887001-21982000	SBS3	3	0	0	0	1	0	0	0	0	0
3361	chr8:22721001-24422000	SBS3	2	0	0	1	0	1	0	0	0	0
3362	chr8:2287001-6392000	SBS1	1	0	0	0	0	1	0	0	0	0
3363	chr8:2287001-6392000	SBS3	1	0	0	0	0	14	0	0	0	0
3364	chr8:25683001-26079000	SBS3	1	1	0	0	0	3	0	0	0	0
3365	chr8:26079001-26289000	SBS3	2	1	0	1	0	0	0	0	0	0
3366	chr8:26289001-26391000	SBS3	3	2	0	0	1	0	0	0	0	0
3367	chr8:26391001-26571000	SBS3	2	1	0	0	0	2	0	0	0	0
3368	chr8:26679001-27158097	SBS1	2	1	0	1	0	0	0	0	0	0
3369	chr8:27168555-27284000	SBS1	2	1	0	1	0	0	0	0	0	0
3370	chr8:27168555-27284000	SBS3	2	1	0	1	0	0	0	0	0	0
3371	chr8:27794476-28872000	SBS3	2	2	0	2	0	0	0	0	0	0
3372	chr8:28872001-30184000	SBS3	2	2	0	6	0	2	0	0	0	0
3373	chr8:30819001-31021000	SBS3	2	1	0	1	0	1	0	0	0	0
3374	chr8:31195001-33398500	SBS3	1	1	0	0	0	15	0	0	0	0
3375	chr8:33593001-36886000	SBS1	1	1	0	0	0	1	0	0	0	0
3376	chr8:33593001-36886000	SBS3	1	1	0	0	0	21	0	0	0	0
3377	chr8:36886001-37729000	SBS3	2	1	0	0	0	4	0	0	0	0
3378	chr8:37729001-38413500	SBS1	2	2	0	1	0	0	0	0	0	0
3379	chr8:37729001-38413500	SBS3	2	2	0	4	0	0	0	0	0	0
3380	chr8:38413501-39097000	SBS100	2	1	0	1	0	0	0	0	0	0
3381	chr8:38413501-39097000	SBS3	2	1	0	4	0	0	0	0	0	0
3382	chr8:39097001-40029000	SBS1	1	1	0	0	0	1	0	0	0	0
3383	chr8:39097001-40029000	SBS3	1	1	0	0	0	4	0	0	0	0
3384	chr8:40255001-40985000	SBS3	1	1	0	0	0	2	0	0	0	0
3385	chr8:40985001-41630000	SBS100	2	1	0	1	0	1	0	0	0	0
3386	chr8:40985001-41630000	SBS3	2	1	0	1	0	0	0	0	0	0
3387	chr8:41630001-41935000	SBS3	2	1	0	1	0	0	0	0	0	0
3388	chr8:42056001-43169000	SBS3	2	2	0	7	0	2	0	0	0	0
3389	chr8:43169001-43386000	SBS3	2	1	0	0	0	1	0	0	0	0
3390	chr8:43386001-44955504	SBS3	1	1	0	0	0	6	0	0	0	0
3391	chr8:44955505-46496000	SBS1	1	0	0	0	0	1	0	0	0	0
3392	chr8:44955505-46496000	SBS3	1	0	0	0	0	4	0	0	0	0
3393	chr8:46496001-46902000	SBS1	1	0	0	0	0	1	0	0	0	0
3394	chr8:46496001-46902000	SBS3	1	0	0	0	0	1	0	0	0	0
3395	chr8:46902001-47254000	SBS3	1	1	0	0	0	4	0	0	0	0
3396	chr8:47254001-48069000	SBS3	2	2	0	1	0	0	0	0	0	0
3397	chr8:48069001-48990000	SBS3	2	1	0	3	0	0	0	0	0	0
3398	chr8:48990001-51515000	SBS3	1	1	0	0	0	3	0	0	0	0
3399	chr8:51515001-51806000	SBS3	2	1	0	1	0	0	0	0	0	0
3400	chr8:51806001-52019000	SBS100	2	2	0	1	0	0	0	0	0	0
3401	chr8:51806001-52019000	SBS3	2	2	0	1	0	0	0	0	0	0
3402	chr8:52019001-53427000	SBS3	2	1	0	2	0	4	0	0	0	0
3403	chr8:53427001-53690000	SBS3	3	1	0	3	0	2	0	0	0	0
3404	chr8:53690001-54177000	SBS3	4	2	0	0	2	0	1	0	0	0
3405	chr8:54177001-55734000	SBS100	2	1	0	0	0	1	0	0	0	0
3406	chr8:54177001-55734000	SBS3	2	1	0	12	0	3	0	0	0	0
3407	chr8:55734001-56032000	SBS3	4	2	0	2	0	0	0	0	0	0
3408	chr8:56263001-56451000	SBS3	2	1	0	1	0	0	0	0	0	0
3409	chr8:56451001-56694000	SBS1	3	1	0	1	0	0	0	0	0	0
3410	chr8:56451001-56694000	SBS3	3	1	0	1	0	1	0	0	0	0
3411	chr8:56694001-56958000	SBS3	4	1	0	0	2	0	1	0	0	0
3412	chr8:57003001-57921000	SBS1	3	1	0	0	0	1	0	0	0	0
3413	chr8:57003001-57921000	SBS100	3	1	0	0	0	1	0	0	0	0
3414	chr8:57003001-57921000	SBS3	3	1	0	5	0	10	0	0	0	0
3415	chr8:57921001-59133000	SBS3	3	1	0	3	3	0	0	0	0	0
3416	chr8:59133001-60381000	SBS3	3	1	0	6	5	3	0	0	0	0
3417	chr8:60381001-60506000	SBS1	3	2	0	0	1	0	0	0	0	0
3418	chr8:60506001-61026000	SBS1	4	2	0	0	0	0	1	0	0	0
3419	chr8:60506001-61026000	SBS100	4	2	0	0	1	0	0	0	0	0
3420	chr8:60506001-61026000	SBS3	4	2	0	0	1	0	3	0	0	0
3421	chr8:61026001-61150000	SBS3	3	2	0	1	0	0	0	0	0	0
3422	chr8:61150001-61496000	SBS3	2	1	0	5	0	0	0	0	0	0
3423	chr8:61496001-61650000	SBS100	4	2	0	0	1	0	0	0	0	0
3424	chr8:61650001-61813000	SBS3	4	2	0	0	0	0	1	0	0	0
3425	chr8:61813001-64581007	SBS3	3	1	0	13	6	9	0	0	0	0
3426	chr8:6392001-6870000	SBS100	2	0	0	0	0	1	0	0	0	0
3427	chr8:64858001-65590000	SBS3	3	1	0	2	1	0	0	0	0	0
3428	chr8:65717001-66040000	SBS1	4	2	0	0	1	0	0	0	0	0
3429	chr8:65717001-66040000	SBS3	4	2	0	1	1	0	2	0	0	0
3430	chr8:66040001-66162000	SBS100	3	2	0	1	0	0	0	0	0	0
3431	chr8:66040001-66162000	SBS3	3	2	0	0	1	0	0	0	0	0
3432	chr8:66162001-66409000	SBS3	3	1	0	1	0	0	0	0	0	0
3433	chr8:66729400-67349000	SBS3	4	2	0	0	1	0	2	0	0	0
3434	chr8:67605001-70107000	SBS1	2	1	0	0	0	1	0	0	0	0
3435	chr8:67605001-70107000	SBS3	2	1	0	8	0	5	0	0	0	0
3436	chr8:6870001-7659500	SBS1	1	0	0	0	0	1	0	0	0	0
3437	chr8:6870001-7659500	SBS3	1	0	0	0	0	3	0	0	0	0
3438	chr8:70107001-70408000	SBS3	5	2	0	0	1	0	0	0	0	0
3439	chr8:70408001-70685000	SBS3	4	2	0	0	1	0	0	0	0	0
3440	chr8:70685001-73000000	SBS3	2	1	0	9	0	11	0	0	0	0
3441	chr8:73000001-73280000	SBS3	3	1	0	0	1	1	0	0	0	0
3442	chr8:73280001-73994000	SBS1	4	2	0	0	1	0	0	0	0	0
3443	chr8:73280001-73994000	SBS100	4	2	0	0	0	0	1	0	0	0
3444	chr8:73280001-73994000	SBS3	4	2	0	1	1	0	3	0	0	0
3445	chr8:74451001-75540264	SBS3	2	1	0	5	0	2	0	0	0	0
3446	chr8:75540870-76508000	SBS1	2	1	0	0	0	1	0	0	0	0
3447	chr8:75540870-76508000	SBS3	2	1	0	8	0	3	0	0	0	0
3448	chr8:76508001-77956000	SBS1	3	1	0	1	0	0	0	0	0	0
3449	chr8:76508001-77956000	SBS3	3	1	0	6	5	2	0	0	0	0
3450	chr8:7659501-9276000	SBS3	2	0	0	4	0	1	0	0	0	0
3451	chr8:77956001-78265000	SBS3	3	2	0	0	2	0	0	0	0	0
3452	chr8:78265001-79627000	SBS3	3	1	0	6	3	2	0	0	0	0
3453	chr8:79929001-81306000	SBS100	4	2	0	0	0	0	1	0	0	0
3454	chr8:79929001-81306000	SBS3	4	2	0	1	2	0	1	0	0	0
3455	chr8:81306001-81639000	SBS3	3	1	0	1	3	1	0	0	0	0
3456	chr8:81873001-85023000	SBS3	2	1	0	13	0	17	0	0	0	0
3457	chr8:834001-1068384	SBS3	1	0	0	0	0	3	0	0	0	0
3458	chr8:85023001-85611000	SBS1	4	2	0	0	1	0	0	0	0	0
3459	chr8:85023001-85611000	SBS3	4	2	0	2	1	0	4	0	0	0
3460	chr8:85611001-86176461	SBS3	3	1	0	0	0	1	0	0	0	0
3461	chr8:86176494-86332000	SBS3	2	2	0	1	0	1	0	0	0	0
3462	chr8:86332001-86566000	SBS3	4	2	0	0	1	0	0	0	0	0
3463	chr8:86566001-86915000	SBS3	3	1	0	2	1	0	0	0	0	0
3464	chr8:86915001-87560000	SBS100	2	1	0	1	0	0	0	0	0	0
3465	chr8:86915001-87560000	SBS3	2	1	0	7	0	2	0	0	0	0
3466	chr8:87560001-87877000	SBS3	3	1	0	1	3	0	0	0	0	0
3467	chr8:87877001-88344000	SBS3	4	2	0	0	3	0	1	0	0	0
3468	chr8:88344001-89575000	SBS1	2	1	0	0	0	1	0	0	0	0
3469	chr8:88344001-89575000	SBS3	2	1	0	10	0	3	0	0	0	0
3470	chr8:89717001-90045000	SBS3	4	2	0	0	0	0	1	0	0	0
3471	chr8:90045001-90520000	SBS3	3	1	0	4	1	1	0	0	0	0
3472	chr8:90520001-91124000	SBS3	3	2	0	5	0	0	0	0	0	0
3473	chr8:91124001-91489000	SBS3	2	1	0	1	0	0	0	0	0	0
3474	chr8:91489001-92469000	SBS1	2	1	0	0	0	1	0	0	0	0
3475	chr8:91489001-92469000	SBS3	2	1	0	6	0	5	0	0	0	0
3476	chr8:9276001-9551000	SBS1	1	0	0	0	0	1	0	0	0	0
3477	chr8:9276001-9551000	SBS3	1	0	0	0	0	1	0	0	0	0
3478	chr8:92794001-93185000	SBS1	3	1	0	1	0	0	0	0	0	0
3479	chr8:93185001-93689000	SBS3	2	1	0	1	0	3	0	0	0	0
3480	chr8:93689001-95323000	SBS1	4	2	0	1	0	0	1	0	0	0
3481	chr8:93689001-95323000	SBS3	4	2	0	1	2	1	2	0	0	0
3482	chr8:95323001-96161000	SBS3	2	1	0	6	0	1	0	0	0	0
3483	chr8:96161001-97169000	SBS3	3	2	0	1	7	0	0	0	0	0
3484	chr8:97544001-98658000	SBS100	3	2	0	0	0	1	0	0	0	0
3485	chr8:97544001-98658000	SBS3	3	2	0	0	5	0	0	0	0	0
3486	chr8:9783001-11314513	SBS1	1	0	0	0	0	1	0	0	0	0
3487	chr8:9783001-11314513	SBS3	1	0	0	0	0	3	0	0	0	0
3488	chr8:98658001-99899000	SBS3	5	2	0	1	0	1	2	2	0	0
3489	chr8:99899001-100133000	SBS3	5	1	0	1	0	0	0	0	0	0
3490	chr9:1-765000	SBS3	2	0	0	2	0	0	0	0	0	0
3491	chr9:100100001-100613000	SBS3	2	0	0	1	0	0	0	0	0	0
3492	chr9:100613001-101367000	SBS3	1	0	0	0	0	4	0	0	0	0
3493	chr9:10094001-12638000	SBS1	1	0	0	0	0	2	0	0	0	0
3494	chr9:10094001-12638000	SBS3	1	0	0	0	0	10	0	0	0	0
3495	chr9:101808001-103808000	SBS1	1	0	0	0	0	1	0	0	0	0
3496	chr9:101808001-103808000	SBS100	1	0	0	0	0	1	0	0	0	0
3497	chr9:101808001-103808000	SBS3	1	0	0	0	0	7	0	0	0	0
3498	chr9:103808001-104716000	SBS3	2	0	0	3	0	0	0	0	0	0
3499	chr9:104716001-105720000	SBS3	2	0	0	4	0	0	0	0	0	0
3500	chr9:105720001-106660000	SBS100	2	0	0	0	0	1	0	0	0	0
3501	chr9:105720001-106660000	SBS3	2	0	0	2	0	0	0	0	0	0
3502	chr9:106660001-107279000	SBS3	2	0	0	0	0	1	0	0	0	0
3503	chr9:107346001-108878000	SBS3	2	0	0	4	0	0	0	0	0	0
3504	chr9:108878001-109122000	SBS3	3	0	0	0	1	0	0	0	0	0
3505	chr9:110262001-111360000	SBS1	2	0	0	1	0	0	0	0	0	0
3506	chr9:110262001-111360000	SBS3	2	0	0	3	0	1	0	0	0	0
3507	chr9:111360001-111487000	SBS3	2	0	0	1	0	0	0	0	0	0
3508	chr9:111580001-112933000	SBS3	3	0	0	1	2	0	0	0	0	0
3509	chr9:112933001-113104000	SBS3	2	0	0	2	0	0	0	0	0	0
3510	chr9:113104001-113607000	SBS3	3	0	0	0	1	0	0	0	0	0
3511	chr9:113607001-113855000	SBS3	2	0	0	1	0	0	0	0	0	0
3512	chr9:113855001-114975500	SBS3	2	0	0	0	0	1	0	0	0	0
3513	chr9:115225001-117629000	SBS3	1	0	0	0	0	7	0	0	0	0
3514	chr9:117629001-118362000	SBS100	2	0	0	1	0	0	0	0	0	0
3515	chr9:117629001-118362000	SBS3	2	0	0	3	0	1	0	0	0	0
3516	chr9:118362001-120339000	SBS3	1	0	0	0	0	5	0	0	0	0
3517	chr9:120339001-120607000	SBS3	2	0	0	1	0	0	0	0	0	0
3518	chr9:120607001-121388000	SBS3	3	0	0	0	2	0	0	0	0	0
3519	chr9:121388001-122504000	SBS3	2	0	0	2	0	2	0	0	0	0
3520	chr9:122504001-122809500	SBS1	2	0	0	1	0	0	0	0	0	0
3521	chr9:123268001-123937000	SBS3	3	0	0	0	2	0	0	0	0	0
3522	chr9:123937001-124193000	SBS3	2	0	0	1	0	0	0	0	0	0
3523	chr9:124193001-124419000	SBS100	3	0	0	0	0	1	0	0	0	0
3524	chr9:124419001-124515000	SBS3	2	0	0	1	0	0	0	0	0	0
3525	chr9:124515001-125500000	SBS3	3	0	0	0	1	0	0	0	0	0
3526	chr9:126313001-126526000	SBS3	3	0	0	0	0	1	0	0	0	0
3527	chr9:12638001-14071000	SBS3	2	0	0	3	0	2	0	0	0	0
3528	chr9:126758001-127431190	SBS3	3	0	0	0	2	0	0	0	0	0
3529	chr9:127432103-127897500	SBS3	3	0	0	0	2	0	0	0	0	0
3530	chr9:127897501-128134000	SBS3	3	0	0	1	1	0	0	0	0	0
3531	chr9:128134001-129880000	SBS3	3	0	0	2	6	4	0	0	0	0
3532	chr9:130141001-130681500	SBS3	2	0	0	2	0	1	0	0	0	0
3533	chr9:130797149-130877000	SBS3	3	0	0	0	1	0	0	0	0	0
3534	chr9:131091001-131623000	SBS3	3	0	0	0	0	1	0	0	0	0
3535	chr9:131623001-131747500	SBS3	3	1	0	0	0	1	0	0	0	0
3536	chr9:132572001-134494000	SBS100	2	0	0	1	0	0	0	0	0	0
3537	chr9:132572001-134494000	SBS3	2	0	0	5	0	3	0	0	0	0
3538	chr9:134494001-135826000	SBS1	1	0	0	0	0	1	0	0	0	0
3539	chr9:134494001-135826000	SBS3	1	0	0	0	0	3	0	0	0	0
3540	chr9:136460001-137774500	SBS1	3	0	0	0	0	1	0	0	0	0
3541	chr9:136460001-137774500	SBS3	3	0	0	0	6	0	0	0	0	0
3542	chr9:137774501-138394717	SBS3	2	0	0	0	0	1	0	0	0	0
3543	chr9:14373001-14790000	SBS3	2	0	0	1	0	0	0	0	0	0
3544	chr9:14790001-15100000	SBS3	1	0	0	0	0	2	0	0	0	0
3545	chr9:15884001-17911000	SBS100	1	0	0	0	0	1	0	0	0	0
3546	chr9:15884001-17911000	SBS3	1	0	0	0	0	7	0	0	0	0
3547	chr9:17911001-19040000	SBS3	2	0	0	1	0	1	0	0	0	0
3548	chr9:19040001-19477000	SBS3	2	0	0	1	0	0	0	0	0	0
3549	chr9:19477001-19915000	SBS3	1	0	0	0	0	2	0	0	0	0
3550	chr9:19915001-20311000	SBS3	2	0	0	1	0	1	0	0	0	0
3551	chr9:20311001-21177000	SBS3	2	0	0	2	0	0	0	0	0	0
3552	chr9:21177001-21961000	SBS3	2	0	0	1	0	4	0	0	0	0
3553	chr9:21961001-22247000	SBS3	2	0	0	1	0	0	0	0	0	0
3554	chr9:22247001-22480000	SBS3	2	0	0	1	0	0	0	0	0	0
3555	chr9:22569856-26834000	SBS1	1	0	0	0	0	1	0	0	0	0
3556	chr9:22569856-26834000	SBS3	1	0	0	0	0	11	0	0	0	0
3557	chr9:26834001-26971000	SBS3	2	0	0	0	0	1	0	0	0	0
3558	chr9:27605001-31086000	SBS3	1	0	0	0	0	8	0	0	0	0
3559	chr9:31086001-31740000	SBS3	1	0	0	0	0	3	0	0	0	0
3560	chr9:31740001-32356000	SBS3	1	0	0	0	0	1	0	0	0	0
3561	chr9:32356001-32596000	SBS3	2	0	0	0	0	1	0	0	0	0
3562	chr9:33000001-33304000	SBS3	2	1	0	1	0	0	0	0	0	0
3563	chr9:33304001-34713000	SBS3	2	0	0	2	0	8	0	0	0	0
3564	chr9:34713001-34948000	SBS3	1	0	0	0	0	1	0	0	0	0
3565	chr9:34948001-35601000	SBS3	2	0	0	1	0	0	0	0	0	0
3566	chr9:3547001-4222117	SBS3	2	0	0	1	0	0	0	0	0	0
3567	chr9:35678896-36241072	SBS3	2	0	0	0	0	1	0	0	0	0
3568	chr9:36495001-37079000	SBS3	2	0	0	0	0	1	0	0	0	0
3569	chr9:37344001-38103000	SBS3	2	0	0	1	0	4	0	0	0	0
3570	chr9:38103001-44377362	SBS1	2	0	0	0	0	1	0	0	0	0
3571	chr9:38103001-44377362	SBS3	2	0	0	4	0	15	0	0	0	0
3572	chr9:4222172-4656000	SBS3	2	0	0	3	0	0	0	0	0	0
3573	chr9:44377363-68699000	SBS1	2	2	0	0	0	3	0	0	0	0
3574	chr9:44377363-68699000	SBS3	2	2	0	8	0	15	0	0	0	0
3575	chr9:4656001-5081000	SBS3	2	0	0	0	0	1	0	0	0	0
3576	chr9:5081001-5336000	SBS3	2	0	0	0	0	2	0	0	0	0
3577	chr9:6084001-6408000	SBS3	2	0	0	1	0	0	0	0	0	0
3578	chr9:68699001-69050000	SBS100	3	2	0	0	1	0	0	0	0	0
3579	chr9:68699001-69050000	SBS3	3	2	0	1	0	0	0	0	0	0
3580	chr9:69118870-70642000	SBS3	2	2	0	7	0	0	0	0	0	0
3581	chr9:70642001-71603000	SBS3	2	1	0	6	0	0	0	0	0	0
3582	chr9:7148001-10094000	SBS1	2	0	0	1	0	0	0	0	0	0
3583	chr9:7148001-10094000	SBS3	2	0	0	5	0	3	0	0	0	0
3584	chr9:71691628-71980000	SBS3	3	2	0	1	1	0	0	0	0	0
3585	chr9:71980001-72270000	SBS100	2	1	0	1	0	0	0	0	0	0
3586	chr9:72270001-73110000	SBS100	2	2	0	2	0	0	0	0	0	0
3587	chr9:72270001-73110000	SBS3	2	2	0	4	0	0	0	0	0	0
3588	chr9:73209001-74715000	SBS100	2	1	0	1	0	0	0	0	0	0
3589	chr9:73209001-74715000	SBS3	2	1	0	10	0	1	0	0	0	0
3590	chr9:75430001-76447000	SBS1	3	2	0	0	1	0	0	0	0	0
3591	chr9:75430001-76447000	SBS100	3	2	0	0	1	0	0	0	0	0
3592	chr9:75430001-76447000	SBS3	3	2	0	0	16	0	0	0	0	0
3593	chr9:76447001-76708000	SBS3	3	2	0	0	6	0	0	0	0	0
3594	chr9:765001-1859000	SBS3	1	0	0	0	0	3	0	0	0	0
3595	chr9:76708001-77147000	SBS3	2	1	0	1	0	0	0	0	0	0
3596	chr9:77147001-77222049	SBS3	3	1	0	1	1	0	0	0	0	0
3597	chr9:77222618-77713000	SBS100	2	2	0	2	0	0	0	0	0	0
3598	chr9:77222618-77713000	SBS3	2	2	0	5	0	0	0	0	0	0
3599	chr9:77713001-78311000	SBS3	3	2	0	0	1	0	0	0	0	0
3600	chr9:78311001-78791604	SBS3	2	1	0	5	0	0	0	0	0	0
3601	chr9:78791643-79558000	SBS3	2	1	0	2	0	1	0	0	0	0
3602	chr9:79708001-81025000	SBS3	2	1	0	7	0	0	0	0	0	0
3603	chr9:81025001-81526000	SBS3	2	2	0	3	0	0	0	0	0	0
3604	chr9:81526001-81695000	SBS3	3	2	0	0	1	0	0	0	0	0
3605	chr9:81695001-83256000	SBS3	2	1	0	6	0	1	0	0	0	0
3606	chr9:83256001-84399000	SBS3	2	2	0	2	0	0	0	0	0	0
3607	chr9:84399001-85521000	SBS3	2	1	0	6	0	2	0	0	0	0
3608	chr9:85521001-86037000	SBS3	2	2	0	1	0	1	0	0	0	0
3609	chr9:86267001-86358000	SBS3	3	2	0	1	0	0	0	0	0	0
3610	chr9:87000190-87842500	SBS3	2	0	0	1	0	1	0	0	0	0
3611	chr9:87842501-89305000	SBS3	2	0	0	1	0	7	0	0	0	0
3612	chr9:89305001-89551000	SBS100	2	1	0	1	0	0	0	0	0	0
3613	chr9:89551001-90146000	SBS3	2	0	0	0	0	1	0	0	0	0
3614	chr9:91146001-91442000	SBS3	3	0	0	0	1	0	0	0	0	0
3615	chr9:91442001-92028000	SBS3	2	0	0	1	0	0	0	0	0	0
3616	chr9:92028001-93441000	SBS3	2	0	0	1	0	1	0	0	0	0
3617	chr9:93630001-93944000	SBS3	1	0	0	0	0	1	0	0	0	0
3618	chr9:93944001-94725500	SBS100	2	0	0	1	0	0	0	0	0	0
3619	chr9:93944001-94725500	SBS3	2	0	0	2	0	1	0	0	0	0
3620	chr9:94725501-95325000	SBS100	3	0	0	0	0	1	0	0	0	0
3621	chr9:95850001-96029000	SBS3	2	1	0	1	0	0	0	0	0	0
3622	chr9:96029001-97621000	SBS3	2	0	0	2	0	3	0	0	0	0
3623	chr9:97621001-97705000	SBS3	3	1	0	0	1	0	0	0	0	0
3624	chr9:98268001-98996000	SBS3	2	0	0	1	0	1	0	0	0	0
3625	chr9:98996001-99274000	SBS3	3	1	0	0	1	0	0	0	0	0
