	segment_id	sig_max	major_cn	minor_cn	N1	N2	N3	N4	N7	N5	N6	N8
0	chr10:1-1148000	SBS13	1	0	1	0	0	0	0	0	0	0
1	chr10:1-1148000	SBS3	1	0	5	0	0	0	0	0	0	0
2	chr10:1-1148000	SBS5	1	0	4	0	0	0	0	0	0	0
3	chr10:1-1148000	SBS8	1	0	1	0	0	0	0	0	0	0
4	chr10:10134221-10814198	SBS3	2	1	1	0	0	0	0	0	0	0
5	chr10:10134221-10814198	SBS5	2	1	1	0	0	0	0	0	0	0
6	chr10:10134221-10814198	SBS8	2	1	0	2	0	0	0	0	0	0
7	chr10:103400230-104682000	SBS3	3	0	0	0	2	0	0	0	0	0
8	chr10:104682001-106089318	SBS13	3	0	1	0	0	0	0	0	0	0
9	chr10:104682001-106089318	SBS3	3	0	0	0	1	0	0	0	0	0
10	chr10:104682001-106089318	SBS5	3	0	0	0	1	0	0	0	0	0
11	chr10:104682001-106089318	SBS8	3	0	1	0	1	0	0	0	0	0
12	chr10:106089383-109844000	SBS3	3	0	3	0	0	0	0	0	0	0
13	chr10:106089383-109844000	SBS5	3	0	1	0	3	0	0	0	0	0
14	chr10:106089383-109844000	SBS8	3	0	0	0	4	0	0	0	0	0
15	chr10:10814267-14428295	SBS100	2	1	0	1	0	0	0	0	0	0
16	chr10:10814267-14428295	SBS3	2	1	2	1	0	0	0	0	0	0
17	chr10:10814267-14428295	SBS5	2	1	2	1	0	0	0	0	0	0
18	chr10:10814267-14428295	SBS8	2	1	1	2	0	0	0	0	0	0
19	chr10:109844001-112990221	SBS100	3	0	0	0	2	0	0	0	0	0
20	chr10:109844001-112990221	SBS13	3	0	0	0	1	0	0	0	0	0
21	chr10:109844001-112990221	SBS3	3	0	2	0	1	0	0	0	0	0
22	chr10:109844001-112990221	SBS5	3	0	3	0	2	0	0	0	0	0
23	chr10:109844001-112990221	SBS8	3	0	1	1	1	0	0	0	0	0
24	chr10:113187237-115484000	SBS3	3	0	1	0	2	0	0	0	0	0
25	chr10:113187237-115484000	SBS5	3	0	1	0	1	0	0	0	0	0
26	chr10:1148001-2938000	SBS3	1	0	2	0	0	0	0	0	0	0
27	chr10:1148001-2938000	SBS5	1	0	1	0	0	0	0	0	0	0
28	chr10:1148001-2938000	SBS8	1	0	5	0	0	0	0	0	0	0
29	chr10:115484001-119629832	SBS3	2	0	2	0	0	0	0	0	0	0
30	chr10:115484001-119629832	SBS5	2	0	3	0	0	0	0	0	0	0
31	chr10:115484001-119629832	SBS8	2	0	2	2	0	0	0	0	0	0
32	chr10:119651501-124785051	SBS13	2	0	1	0	0	0	0	0	0	0
33	chr10:119651501-124785051	SBS3	2	0	1	1	0	0	0	0	0	0
34	chr10:119651501-124785051	SBS5	2	0	0	3	0	0	0	0	0	0
35	chr10:119651501-124785051	SBS8	2	0	2	0	0	0	0	0	0	0
36	chr10:124797503-127564957	SBS13	2	0	0	1	0	0	0	0	0	0
37	chr10:124797503-127564957	SBS3	2	0	1	0	0	0	0	0	0	0
38	chr10:124797503-127564957	SBS5	2	0	3	1	0	0	0	0	0	0
39	chr10:124797503-127564957	SBS8	2	0	3	1	0	0	0	0	0	0
40	chr10:127577460-129758973	SBS1	2	0	0	1	0	0	0	0	0	0
41	chr10:127577460-129758973	SBS3	2	0	0	1	0	0	0	0	0	0
42	chr10:127577460-129758973	SBS5	2	0	1	1	0	0	0	0	0	0
43	chr10:127577460-129758973	SBS8	2	0	3	0	0	0	0	0	0	0
44	chr10:129759023-131863000	SBS13	2	0	1	0	0	0	0	0	0	0
45	chr10:129759023-131863000	SBS3	2	0	0	1	0	0	0	0	0	0
46	chr10:129759023-131863000	SBS5	2	0	0	1	0	0	0	0	0	0
47	chr10:129759023-131863000	SBS8	2	0	1	3	0	0	0	0	0	0
48	chr10:131863001-133797422	SBS1	3	0	0	0	1	0	0	0	0	0
49	chr10:131863001-133797422	SBS13	3	0	1	0	0	0	0	0	0	0
50	chr10:131863001-133797422	SBS5	3	0	2	1	0	0	0	0	0	0
51	chr10:131863001-133797422	SBS8	3	0	2	0	3	0	0	0	0	0
52	chr10:14428381-15065335	SBS1	2	1	1	0	0	0	0	0	0	0
53	chr10:14428381-15065335	SBS13	2	1	0	1	0	0	0	0	0	0
54	chr10:14428381-15065335	SBS5	2	1	1	0	0	0	0	0	0	0
55	chr10:15141598-16776000	SBS3	2	1	3	0	0	0	0	0	0	0
56	chr10:15141598-16776000	SBS5	2	1	0	1	0	0	0	0	0	0
57	chr10:15141598-16776000	SBS8	2	1	1	2	0	0	0	0	0	0
58	chr10:16776001-17477000	SBS13	2	1	0	1	0	0	0	0	0	0
59	chr10:16776001-17477000	SBS8	2	1	1	1	0	0	0	0	0	0
60	chr10:17477001-19008478	SBS3	2	1	1	0	0	0	0	0	0	0
61	chr10:17477001-19008478	SBS8	2	1	0	3	0	0	0	0	0	0
62	chr10:19008520-24171852	SBS1	2	1	0	1	0	0	0	0	0	0
63	chr10:19008520-24171852	SBS13	2	1	0	1	0	0	0	0	0	0
64	chr10:19008520-24171852	SBS3	2	1	3	2	0	0	0	0	0	0
65	chr10:19008520-24171852	SBS5	2	1	0	2	0	0	0	0	0	0
66	chr10:19008520-24171852	SBS8	2	1	2	4	0	0	0	0	0	0
67	chr10:24181447-28886281	SBS1	2	1	1	0	0	0	0	0	0	0
68	chr10:24181447-28886281	SBS100	2	1	0	1	0	0	0	0	0	0
69	chr10:24181447-28886281	SBS13	2	1	2	1	0	0	0	0	0	0
70	chr10:24181447-28886281	SBS3	2	1	4	1	0	0	0	0	0	0
71	chr10:24181447-28886281	SBS5	2	1	7	3	0	0	0	0	0	0
72	chr10:24181447-28886281	SBS8	2	1	5	1	0	0	0	0	0	0
73	chr10:29026083-29999649	SBS3	2	1	0	1	0	0	0	0	0	0
74	chr10:29026083-29999649	SBS8	2	1	0	1	0	0	0	0	0	0
75	chr10:2938001-3556020	SBS3	1	0	1	0	0	0	0	0	0	0
76	chr10:29999705-36870000	SBS100	2	1	1	0	0	0	0	0	0	0
77	chr10:29999705-36870000	SBS13	2	1	1	1	0	0	0	0	0	0
78	chr10:29999705-36870000	SBS3	2	1	6	6	0	0	0	0	0	0
79	chr10:29999705-36870000	SBS5	2	1	1	4	0	0	0	0	0	0
80	chr10:29999705-36870000	SBS8	2	1	3	7	0	0	0	0	0	0
81	chr10:3556021-6757324	SBS100	2	1	2	0	0	0	0	0	0	0
82	chr10:3556021-6757324	SBS3	2	1	2	2	0	0	0	0	0	0
83	chr10:3556021-6757324	SBS5	2	1	0	2	0	0	0	0	0	0
84	chr10:3556021-6757324	SBS8	2	1	1	3	0	0	0	0	0	0
85	chr10:36870001-38267000	SBS13	2	1	1	0	0	0	0	0	0	0
86	chr10:36870001-38267000	SBS8	2	1	1	0	0	0	0	0	0	0
87	chr10:38267001-40640101	SBS1	2	1	1	0	0	0	0	0	0	0
88	chr10:38267001-40640101	SBS100	2	1	3	1	0	0	0	0	0	0
89	chr10:38267001-40640101	SBS3	2	1	4	1	0	0	0	0	0	0
90	chr10:38267001-40640101	SBS5	2	1	2	0	0	0	0	0	0	0
91	chr10:38267001-40640101	SBS8	2	1	4	0	0	0	0	0	0	0
92	chr10:40640102-43551058	SBS3	2	1	2	4	0	0	0	0	0	0
93	chr10:40640102-43551058	SBS5	2	1	1	5	0	0	0	0	0	0
94	chr10:40640102-43551058	SBS8	2	1	1	1	0	0	0	0	0	0
95	chr10:43558823-51887219	SBS1	2	1	1	0	0	0	0	0	0	0
96	chr10:43558823-51887219	SBS13	2	1	0	3	0	0	0	0	0	0
97	chr10:43558823-51887219	SBS3	2	1	3	4	0	0	0	0	0	0
98	chr10:43558823-51887219	SBS5	2	1	8	2	0	0	0	0	0	0
99	chr10:43558823-51887219	SBS8	2	1	0	8	0	0	0	0	0	0
100	chr10:51900504-54438014	SBS100	2	1	1	0	0	0	0	0	0	0
101	chr10:51900504-54438014	SBS3	2	1	2	1	0	0	0	0	0	0
102	chr10:51900504-54438014	SBS5	2	1	2	4	0	0	0	0	0	0
103	chr10:51900504-54438014	SBS8	2	1	1	1	0	0	0	0	0	0
104	chr10:54438665-55434000	SBS3	2	1	0	1	0	0	0	0	0	0
105	chr10:54438665-55434000	SBS8	2	1	1	0	0	0	0	0	0	0
106	chr10:55434001-58173000	SBS13	3	1	0	1	2	0	0	0	0	0
107	chr10:55434001-58173000	SBS3	3	1	0	2	0	0	0	0	0	0
108	chr10:55434001-58173000	SBS5	3	1	1	1	1	0	0	0	0	0
109	chr10:55434001-58173000	SBS8	3	1	0	0	3	0	0	0	0	0
110	chr10:58173001-61789417	SBS1	3	1	2	0	0	0	0	0	0	0
111	chr10:58173001-61789417	SBS100	3	1	1	0	0	0	0	0	0	0
112	chr10:58173001-61789417	SBS3	3	1	2	3	1	0	0	0	0	0
113	chr10:58173001-61789417	SBS5	3	1	2	1	2	0	0	0	0	0
114	chr10:58173001-61789417	SBS8	3	1	1	2	1	0	0	0	0	0
115	chr10:61789458-64043936	SBS3	3	1	2	0	0	0	0	0	0	0
116	chr10:61789458-64043936	SBS8	3	1	1	0	1	0	0	0	0	0
117	chr10:64055636-67045151	SBS1	3	1	0	1	0	0	0	0	0	0
118	chr10:64055636-67045151	SBS5	3	1	1	1	1	0	0	0	0	0
119	chr10:64055636-67045151	SBS8	3	1	1	2	4	0	0	0	0	0
120	chr10:67048822-70034527	SBS13	3	1	1	0	1	0	0	0	0	0
121	chr10:67048822-70034527	SBS3	3	1	0	3	0	0	0	0	0	0
122	chr10:67048822-70034527	SBS5	3	1	1	0	0	0	0	0	0	0
123	chr10:67048822-70034527	SBS8	3	1	1	2	3	0	0	0	0	0
124	chr10:6758728-9536696	SBS1	2	1	0	2	0	0	0	0	0	0
125	chr10:6758728-9536696	SBS100	2	1	1	0	0	0	0	0	0	0
126	chr10:6758728-9536696	SBS3	2	1	1	3	0	0	0	0	0	0
127	chr10:6758728-9536696	SBS5	2	1	2	3	0	0	0	0	0	0
128	chr10:6758728-9536696	SBS8	2	1	1	3	0	0	0	0	0	0
129	chr10:70034528-70040832	SBS8	2	2	1	0	0	0	0	0	0	0
130	chr10:70040833-72222785	SBS3	3	1	0	1	1	0	0	0	0	0
131	chr10:70040833-72222785	SBS5	3	1	1	1	0	0	0	0	0	0
132	chr10:70040833-72222785	SBS8	3	1	0	1	1	0	0	0	0	0
133	chr10:72307171-73312636	SBS3	3	1	0	0	1	0	0	0	0	0
134	chr10:73312680-80559000	SBS13	3	1	2	0	0	0	0	0	0	0
135	chr10:73312680-80559000	SBS3	3	1	5	5	2	0	0	0	0	0
136	chr10:73312680-80559000	SBS5	3	1	8	5	3	0	0	0	0	0
137	chr10:73312680-80559000	SBS8	3	1	2	1	2	0	0	0	0	0
138	chr10:80559001-82572940	SBS3	3	1	1	1	1	0	0	0	0	0
139	chr10:80559001-82572940	SBS5	3	1	0	1	0	0	0	0	0	0
140	chr10:80559001-82572940	SBS8	3	1	1	1	2	0	0	0	0	0
141	chr10:82576811-83901730	SBS3	3	1	0	1	0	0	0	0	0	0
142	chr10:82576811-83901730	SBS5	3	1	0	1	0	0	0	0	0	0
143	chr10:82576811-83901730	SBS8	3	1	0	1	1	0	0	0	0	0
144	chr10:84544001-86359000	SBS3	3	0	0	0	2	0	0	0	0	0
145	chr10:84544001-86359000	SBS5	3	0	1	0	1	0	0	0	0	0
146	chr10:84544001-86359000	SBS8	3	0	0	0	2	0	0	0	0	0
147	chr10:87894458-87912718	SBS5	6	1	0	0	1	0	0	0	0	0
148	chr10:87912719-89816428	SBS100	3	0	1	0	0	0	0	0	0	0
149	chr10:87912719-89816428	SBS3	3	0	1	0	0	0	0	0	0	0
150	chr10:87912719-89816428	SBS5	3	0	0	0	1	0	0	0	0	0
151	chr10:89816429-94610000	SBS1	3	0	0	0	1	0	0	0	0	0
152	chr10:89816429-94610000	SBS13	3	0	1	0	0	0	0	0	0	0
153	chr10:89816429-94610000	SBS3	3	0	3	1	0	0	0	0	0	0
154	chr10:89816429-94610000	SBS5	3	0	5	0	0	0	0	0	0	0
155	chr10:89816429-94610000	SBS8	3	0	1	1	0	0	0	0	0	0
156	chr10:94610001-95039000	SBS3	3	0	0	0	1	0	0	0	0	0
157	chr10:94610001-95039000	SBS5	3	0	1	0	0	0	0	0	0	0
158	chr10:95039001-103400195	SBS1	3	0	1	0	0	0	0	0	0	0
159	chr10:95039001-103400195	SBS100	3	0	2	1	0	0	0	0	0	0
160	chr10:95039001-103400195	SBS13	3	0	0	1	0	0	0	0	0	0
161	chr10:95039001-103400195	SBS3	3	0	3	1	2	0	0	0	0	0
162	chr10:95039001-103400195	SBS5	3	0	6	0	0	0	0	0	0	0
163	chr10:95039001-103400195	SBS8	3	0	7	0	12	0	0	0	0	0
164	chr10:9536715-10125293	SBS8	2	1	1	2	0	0	0	0	0	0
165	chr11:1-9747685	SBS1	1	0	6	0	0	0	0	0	0	0
166	chr11:1-9747685	SBS13	1	0	1	0	0	0	0	0	0	0
167	chr11:1-9747685	SBS3	1	0	10	0	0	0	0	0	0	0
168	chr11:1-9747685	SBS5	1	0	14	0	0	0	0	0	0	0
169	chr11:1-9747685	SBS8	1	0	4	0	0	0	0	0	0	0
170	chr11:101856550-105793028	SBS13	2	1	1	0	0	0	0	0	0	0
171	chr11:101856550-105793028	SBS3	2	1	2	2	0	0	0	0	0	0
172	chr11:101856550-105793028	SBS5	2	1	3	2	0	0	0	0	0	0
173	chr11:101856550-105793028	SBS8	2	1	1	3	0	0	0	0	0	0
174	chr11:105793349-111437676	SBS1	2	1	1	1	0	0	0	0	0	0
175	chr11:105793349-111437676	SBS100	2	1	0	1	0	0	0	0	0	0
176	chr11:105793349-111437676	SBS13	2	1	0	1	0	0	0	0	0	0
177	chr11:105793349-111437676	SBS3	2	1	1	1	0	0	0	0	0	0
178	chr11:105793349-111437676	SBS5	2	1	3	0	0	0	0	0	0	0
179	chr11:105793349-111437676	SBS8	2	1	1	3	0	0	0	0	0	0
180	chr11:10868557-12125000	SBS3	1	1	3	0	0	0	0	0	0	0
181	chr11:10868557-12125000	SBS5	1	1	2	0	0	0	0	0	0	0
182	chr11:111444425-112585540	SBS3	2	1	3	0	0	0	0	0	0	0
183	chr11:111444425-112585540	SBS5	2	1	0	1	0	0	0	0	0	0
184	chr11:111444425-112585540	SBS8	2	1	0	1	0	0	0	0	0	0
185	chr11:112585541-122226159	SBS1	2	0	2	1	0	0	0	0	0	0
186	chr11:112585541-122226159	SBS3	2	0	4	4	0	0	0	0	0	0
187	chr11:112585541-122226159	SBS5	2	0	3	3	0	0	0	0	0	0
188	chr11:112585541-122226159	SBS8	2	0	1	4	0	0	0	0	0	0
189	chr11:12125001-14240047	SBS100	2	1	0	1	0	0	0	0	0	0
190	chr11:12125001-14240047	SBS3	2	1	0	2	0	0	0	0	0	0
191	chr11:12125001-14240047	SBS5	2	1	1	2	0	0	0	0	0	0
192	chr11:12125001-14240047	SBS8	2	1	0	5	0	0	0	0	0	0
193	chr11:122451727-123085151	SBS3	3	0	1	0	0	0	0	0	0	0
194	chr11:122451727-123085151	SBS5	3	0	1	0	0	0	0	0	0	0
195	chr11:122451727-123085151	SBS8	3	0	1	0	0	0	0	0	0	0
196	chr11:123085211-126394847	SBS3	3	0	0	1	3	0	0	0	0	0
197	chr11:123085211-126394847	SBS5	3	0	3	1	0	0	0	0	0	0
198	chr11:123085211-126394847	SBS8	3	0	0	1	2	0	0	0	0	0
199	chr11:126394848-127188409	SBS5	3	0	0	1	0	0	0	0	0	0
200	chr11:127199166-127918000	SBS1	3	0	0	0	1	0	0	0	0	0
201	chr11:127199166-127918000	SBS8	3	0	0	0	1	0	0	0	0	0
202	chr11:127918001-128841377	SBS100	4	0	0	0	0	1	0	0	0	0
203	chr11:127918001-128841377	SBS5	4	0	0	2	0	0	0	0	0	0
204	chr11:127918001-128841377	SBS8	4	0	0	1	0	0	0	0	0	0
205	chr11:128841481-131098000	SBS3	4	0	0	2	0	0	0	0	0	0
206	chr11:128841481-131098000	SBS5	4	0	0	0	0	1	0	0	0	0
207	chr11:128841481-131098000	SBS8	4	0	0	0	0	3	0	0	0	0
208	chr11:131098001-135086622	SBS1	3	0	1	0	0	0	0	0	0	0
209	chr11:131098001-135086622	SBS13	3	0	0	0	1	0	0	0	0	0
210	chr11:131098001-135086622	SBS3	3	0	1	1	2	0	0	0	0	0
211	chr11:131098001-135086622	SBS5	3	0	3	1	0	0	0	0	0	0
212	chr11:131098001-135086622	SBS8	3	0	5	0	5	0	0	0	0	0
213	chr11:14242756-14621000	SBS5	2	1	1	0	0	0	0	0	0	0
214	chr11:14621001-18507167	SBS100	1	0	1	0	0	0	0	0	0	0
215	chr11:14621001-18507167	SBS5	1	0	3	0	0	0	0	0	0	0
216	chr11:14621001-18507167	SBS8	1	0	1	0	0	0	0	0	0	0
217	chr11:18507168-20514876	SBS1	2	1	0	1	0	0	0	0	0	0
218	chr11:18507168-20514876	SBS100	2	1	1	0	0	0	0	0	0	0
219	chr11:18507168-20514876	SBS3	2	1	2	1	0	0	0	0	0	0
220	chr11:18507168-20514876	SBS5	2	1	3	0	0	0	0	0	0	0
221	chr11:18507168-20514876	SBS8	2	1	0	1	0	0	0	0	0	0
222	chr11:20514923-22291108	SBS100	2	1	0	1	0	0	0	0	0	0
223	chr11:20514923-22291108	SBS13	2	1	0	1	0	0	0	0	0	0
224	chr11:20514923-22291108	SBS3	2	1	0	1	0	0	0	0	0	0
225	chr11:20514923-22291108	SBS8	2	1	2	3	0	0	0	0	0	0
226	chr11:22291802-32889000	SBS1	2	1	1	3	0	0	0	0	0	0
227	chr11:22291802-32889000	SBS13	2	1	1	2	0	0	0	0	0	0
228	chr11:22291802-32889000	SBS3	2	1	6	3	0	0	0	0	0	0
229	chr11:22291802-32889000	SBS5	2	1	5	4	0	0	0	0	0	0
230	chr11:22291802-32889000	SBS8	2	1	12	11	0	0	0	0	0	0
231	chr11:32889001-36698553	SBS100	2	1	1	0	0	0	0	0	0	0
232	chr11:32889001-36698553	SBS3	2	1	1	1	0	0	0	0	0	0
233	chr11:32889001-36698553	SBS5	2	1	1	1	0	0	0	0	0	0
234	chr11:32889001-36698553	SBS8	2	1	1	1	0	0	0	0	0	0
235	chr11:36698554-38589500	SBS13	3	1	0	0	1	0	0	0	0	0
236	chr11:36698554-38589500	SBS3	3	1	2	0	0	0	0	0	0	0
237	chr11:36698554-38589500	SBS5	3	1	0	1	2	0	0	0	0	0
238	chr11:36698554-38589500	SBS8	3	1	0	1	2	0	0	0	0	0
239	chr11:38589501-43311000	SBS1	2	1	1	2	0	0	0	0	0	0
240	chr11:38589501-43311000	SBS13	2	1	2	1	0	0	0	0	0	0
241	chr11:38589501-43311000	SBS3	2	1	7	5	0	0	0	0	0	0
242	chr11:38589501-43311000	SBS5	2	1	6	4	0	0	0	0	0	0
243	chr11:38589501-43311000	SBS8	2	1	6	8	0	0	0	0	0	0
244	chr11:43311001-43510380	SBS13	2	1	1	0	0	0	0	0	0	0
245	chr11:43536881-45132000	SBS13	2	1	1	0	0	0	0	0	0	0
246	chr11:43536881-45132000	SBS3	2	1	2	0	0	0	0	0	0	0
247	chr11:43536881-45132000	SBS5	2	1	2	1	0	0	0	0	0	0
248	chr11:43536881-45132000	SBS8	2	1	2	2	0	0	0	0	0	0
249	chr11:45132001-45408000	SBS5	3	1	0	0	1	0	0	0	0	0
250	chr11:45132001-45408000	SBS8	3	1	0	0	1	0	0	0	0	0
251	chr11:45444326-48170000	SBS3	2	0	2	2	0	0	0	0	0	0
252	chr11:45444326-48170000	SBS5	2	0	2	0	0	0	0	0	0	0
253	chr11:45444326-48170000	SBS8	2	0	1	0	0	0	0	0	0	0
254	chr11:48562430-52751710	SBS1	1	0	1	0	0	0	0	0	0	0
255	chr11:48562430-52751710	SBS13	1	0	1	0	0	0	0	0	0	0
256	chr11:48562430-52751710	SBS3	1	0	6	0	0	0	0	0	0	0
257	chr11:48562430-52751710	SBS5	1	0	12	0	0	0	0	0	0	0
258	chr11:48562430-52751710	SBS8	1	0	5	0	0	0	0	0	0	0
259	chr11:52751711-55190000	SBS1	2	1	1	0	0	0	0	0	0	0
260	chr11:52751711-55190000	SBS3	2	1	3	0	0	0	0	0	0	0
261	chr11:52751711-55190000	SBS5	2	1	2	0	0	0	0	0	0	0
262	chr11:52751711-55190000	SBS8	2	1	3	0	0	0	0	0	0	0
263	chr11:55190001-57229000	SBS1	2	1	2	0	0	0	0	0	0	0
264	chr11:55190001-57229000	SBS100	2	1	0	1	0	0	0	0	0	0
265	chr11:55190001-57229000	SBS13	2	1	1	0	0	0	0	0	0	0
266	chr11:55190001-57229000	SBS3	2	1	4	2	0	0	0	0	0	0
267	chr11:55190001-57229000	SBS5	2	1	3	2	0	0	0	0	0	0
268	chr11:55190001-57229000	SBS8	2	1	6	3	0	0	0	0	0	0
269	chr11:57229001-74118308	SBS1	2	1	1	1	0	0	0	0	0	0
270	chr11:57229001-74118308	SBS100	2	1	3	1	0	0	0	0	0	0
271	chr11:57229001-74118308	SBS13	2	1	1	1	0	0	0	0	0	0
272	chr11:57229001-74118308	SBS3	2	1	7	10	0	0	0	0	0	0
273	chr11:57229001-74118308	SBS5	2	1	10	6	0	0	0	0	0	0
274	chr11:57229001-74118308	SBS8	2	1	11	8	0	0	0	0	0	0
275	chr11:74118309-74139152	SBS3	2	2	0	1	0	0	0	0	0	0
276	chr11:74118309-74139152	SBS5	2	2	1	0	0	0	0	0	0	0
277	chr11:74139153-78013556	SBS1	2	1	2	0	0	0	0	0	0	0
278	chr11:74139153-78013556	SBS13	2	1	1	0	0	0	0	0	0	0
279	chr11:74139153-78013556	SBS3	2	1	1	1	0	0	0	0	0	0
280	chr11:74139153-78013556	SBS5	2	1	3	0	0	0	0	0	0	0
281	chr11:74139153-78013556	SBS8	2	1	1	1	0	0	0	0	0	0
282	chr11:78025202-79506000	SBS1	2	1	0	1	0	0	0	0	0	0
283	chr11:78025202-79506000	SBS5	2	1	2	2	0	0	0	0	0	0
284	chr11:78025202-79506000	SBS8	2	1	0	2	0	0	0	0	0	0
285	chr11:79506001-80866091	SBS100	2	1	0	1	0	0	0	0	0	0
286	chr11:79506001-80866091	SBS5	2	1	2	0	0	0	0	0	0	0
287	chr11:79506001-80866091	SBS8	2	1	0	2	0	0	0	0	0	0
288	chr11:80868564-82892965	SBS1	2	1	1	0	0	0	0	0	0	0
289	chr11:80868564-82892965	SBS13	2	1	1	0	0	0	0	0	0	0
290	chr11:80868564-82892965	SBS3	2	1	3	0	0	0	0	0	0	0
291	chr11:80868564-82892965	SBS5	2	1	2	2	0	0	0	0	0	0
292	chr11:80868564-82892965	SBS8	2	1	3	6	0	0	0	0	0	0
293	chr11:82893129-85586000	SBS100	2	1	1	0	0	0	0	0	0	0
294	chr11:82893129-85586000	SBS3	2	1	1	2	0	0	0	0	0	0
295	chr11:82893129-85586000	SBS8	2	1	1	1	0	0	0	0	0	0
296	chr11:85586001-86968000	SBS13	3	1	1	0	0	0	0	0	0	0
297	chr11:85586001-86968000	SBS3	3	1	1	0	0	0	0	0	0	0
298	chr11:85586001-86968000	SBS5	3	1	1	1	0	0	0	0	0	0
299	chr11:85586001-86968000	SBS8	3	1	0	0	1	0	0	0	0	0
300	chr11:86968001-94432000	SBS1	2	1	3	1	0	0	0	0	0	0
301	chr11:86968001-94432000	SBS100	2	1	1	0	0	0	0	0	0	0
302	chr11:86968001-94432000	SBS13	2	1	1	0	0	0	0	0	0	0
303	chr11:86968001-94432000	SBS3	2	1	7	4	0	0	0	0	0	0
304	chr11:86968001-94432000	SBS5	2	1	7	5	0	0	0	0	0	0
305	chr11:86968001-94432000	SBS8	2	1	6	3	0	0	0	0	0	0
306	chr11:94432001-95979980	SBS1	3	1	0	1	0	0	0	0	0	0
307	chr11:94432001-95979980	SBS3	3	1	0	2	1	0	0	0	0	0
308	chr11:94432001-95979980	SBS5	3	1	2	1	1	0	0	0	0	0
309	chr11:94432001-95979980	SBS8	3	1	0	2	3	0	0	0	0	0
310	chr11:96440001-101848476	SBS1	2	1	0	1	0	0	0	0	0	0
311	chr11:96440001-101848476	SBS100	2	1	1	1	0	0	0	0	0	0
312	chr11:96440001-101848476	SBS13	2	1	0	1	0	0	0	0	0	0
313	chr11:96440001-101848476	SBS3	2	1	2	2	0	0	0	0	0	0
314	chr11:96440001-101848476	SBS5	2	1	3	2	0	0	0	0	0	0
315	chr11:96440001-101848476	SBS8	2	1	5	8	0	0	0	0	0	0
316	chr11:9747686-10860372	SBS5	2	1	0	1	0	0	0	0	0	0
317	chr12:1-6271087	SBS100	3	2	1	0	2	0	0	0	0	0
318	chr12:1-6271087	SBS3	3	2	0	2	3	0	0	0	0	0
319	chr12:1-6271087	SBS5	3	2	2	4	0	0	0	0	0	0
320	chr12:1-6271087	SBS8	3	2	0	1	5	0	0	0	0	0
321	chr12:103305942-110855351	SBS3	2	2	1	3	0	0	0	0	0	0
322	chr12:103305942-110855351	SBS5	2	2	1	5	0	0	0	0	0	0
323	chr12:103305942-110855351	SBS8	2	2	1	6	0	0	0	0	0	0
324	chr12:10408251-12768961	SBS100	3	2	0	0	1	0	0	0	0	0
325	chr12:10408251-12768961	SBS3	3	2	7	0	0	0	0	0	0	0
326	chr12:10408251-12768961	SBS5	3	2	5	6	0	0	0	0	0	0
327	chr12:10408251-12768961	SBS8	3	2	9	1	1	0	0	0	0	0
328	chr12:110855391-112527854	SBS3	2	2	2	0	0	0	0	0	0	0
329	chr12:110855391-112527854	SBS5	2	2	0	4	0	0	0	0	0	0
330	chr12:110855391-112527854	SBS8	2	2	1	3	0	0	0	0	0	0
331	chr12:112559484-116838199	SBS1	2	2	2	2	0	0	0	0	0	0
332	chr12:112559484-116838199	SBS100	2	2	1	2	0	0	0	0	0	0
333	chr12:112559484-116838199	SBS3	2	2	1	7	0	0	0	0	0	0
334	chr12:112559484-116838199	SBS5	2	2	4	3	0	0	0	0	0	0
335	chr12:112559484-116838199	SBS8	2	2	0	4	0	0	0	0	0	0
336	chr12:117278460-118421000	SBS5	2	2	1	0	0	0	0	0	0	0
337	chr12:117278460-118421000	SBS8	2	2	1	1	0	0	0	0	0	0
338	chr12:118421001-119658000	SBS1	2	1	0	1	0	0	0	0	0	0
339	chr12:118421001-119658000	SBS100	2	1	0	1	0	0	0	0	0	0
340	chr12:118421001-119658000	SBS3	2	1	1	0	0	0	0	0	0	0
341	chr12:118421001-119658000	SBS5	2	1	2	1	0	0	0	0	0	0
342	chr12:118421001-119658000	SBS8	2	1	5	3	0	0	0	0	0	0
343	chr12:119658001-121764931	SBS1	2	2	0	1	0	0	0	0	0	0
344	chr12:119658001-121764931	SBS3	2	2	1	2	0	0	0	0	0	0
345	chr12:119658001-121764931	SBS5	2	2	1	1	0	0	0	0	0	0
346	chr12:119658001-121764931	SBS8	2	2	2	1	0	0	0	0	0	0
347	chr12:121764978-125230000	SBS1	2	2	1	0	0	0	0	0	0	0
348	chr12:121764978-125230000	SBS3	2	2	0	1	0	0	0	0	0	0
349	chr12:121764978-125230000	SBS5	2	2	0	1	0	0	0	0	0	0
350	chr12:121764978-125230000	SBS8	2	2	0	2	0	0	0	0	0	0
351	chr12:125230001-129350048	SBS1	2	1	1	3	0	0	0	0	0	0
352	chr12:125230001-129350048	SBS100	2	1	1	1	0	0	0	0	0	0
353	chr12:125230001-129350048	SBS13	2	1	0	1	0	0	0	0	0	0
354	chr12:125230001-129350048	SBS3	2	1	3	2	0	0	0	0	0	0
355	chr12:125230001-129350048	SBS5	2	1	3	2	0	0	0	0	0	0
356	chr12:125230001-129350048	SBS8	2	1	7	5	0	0	0	0	0	0
357	chr12:12768962-15094936	SBS100	2	2	0	3	0	0	0	0	0	0
358	chr12:12768962-15094936	SBS3	2	2	1	1	0	0	0	0	0	0
359	chr12:12768962-15094936	SBS5	2	2	0	3	0	0	0	0	0	0
360	chr12:12768962-15094936	SBS8	2	2	1	0	0	0	0	0	0	0
361	chr12:129350087-130647000	SBS1	2	1	1	1	0	0	0	0	0	0
362	chr12:129350087-130647000	SBS13	2	1	2	0	0	0	0	0	0	0
363	chr12:129350087-130647000	SBS3	2	1	1	0	0	0	0	0	0	0
364	chr12:129350087-130647000	SBS5	2	1	0	1	0	0	0	0	0	0
365	chr12:129350087-130647000	SBS8	2	1	0	4	0	0	0	0	0	0
366	chr12:130647001-132839206	SBS1	2	2	1	2	0	0	0	0	0	0
367	chr12:130647001-132839206	SBS100	2	2	0	1	0	0	0	0	0	0
368	chr12:130647001-132839206	SBS3	2	2	3	1	0	0	0	0	0	0
369	chr12:130647001-132839206	SBS5	2	2	1	4	0	0	0	0	0	0
370	chr12:130647001-132839206	SBS8	2	2	0	1	0	0	0	0	0	0
371	chr12:15112480-16310616	SBS13	2	2	0	1	0	0	0	0	0	0
372	chr12:15112480-16310616	SBS3	2	2	0	1	0	0	0	0	0	0
373	chr12:15112480-16310616	SBS5	2	2	1	1	0	0	0	0	0	0
374	chr12:16422397-24776359	SBS100	2	2	0	1	0	0	0	0	0	0
375	chr12:16422397-24776359	SBS13	2	2	0	1	0	0	0	0	0	0
376	chr12:16422397-24776359	SBS3	2	2	1	5	0	0	0	0	0	0
377	chr12:16422397-24776359	SBS5	2	2	2	13	0	0	0	0	0	0
378	chr12:16422397-24776359	SBS8	2	2	1	9	0	0	0	0	0	0
379	chr12:24776408-25167127	SBS5	2	2	0	1	0	0	0	0	0	0
380	chr12:25167166-28145619	SBS1	2	2	0	1	0	0	0	0	0	0
381	chr12:25167166-28145619	SBS100	2	2	0	1	0	0	0	0	0	0
382	chr12:25167166-28145619	SBS13	2	2	0	1	0	0	0	0	0	0
383	chr12:25167166-28145619	SBS3	2	2	1	2	0	0	0	0	0	0
384	chr12:25167166-28145619	SBS5	2	2	2	1	0	0	0	0	0	0
385	chr12:25167166-28145619	SBS8	2	2	3	4	0	0	0	0	0	0
386	chr12:28145671-32912000	SBS100	2	2	0	1	0	0	0	0	0	0
387	chr12:28145671-32912000	SBS13	2	2	0	1	0	0	0	0	0	0
388	chr12:28145671-32912000	SBS3	2	2	2	3	0	0	0	0	0	0
389	chr12:28145671-32912000	SBS5	2	2	2	3	0	0	0	0	0	0
390	chr12:28145671-32912000	SBS8	2	2	2	3	0	0	0	0	0	0
391	chr12:32912001-35977329	SBS3	2	2	3	3	0	0	0	0	0	0
392	chr12:32912001-35977329	SBS5	2	2	5	3	0	0	0	0	0	0
393	chr12:32912001-35977329	SBS8	2	2	4	5	0	0	0	0	0	0
394	chr12:35977330-37991000	SBS1	2	1	0	1	0	0	0	0	0	0
395	chr12:35977330-37991000	SBS3	2	1	0	2	0	0	0	0	0	0
396	chr12:35977330-37991000	SBS5	2	1	0	1	0	0	0	0	0	0
397	chr12:35977330-37991000	SBS8	2	1	1	4	0	0	0	0	0	0
398	chr12:37991001-41070576	SBS1	2	2	0	1	0	0	0	0	0	0
399	chr12:37991001-41070576	SBS3	2	2	2	3	0	0	0	0	0	0
400	chr12:37991001-41070576	SBS5	2	2	2	2	0	0	0	0	0	0
401	chr12:37991001-41070576	SBS8	2	2	0	8	0	0	0	0	0	0
402	chr12:41070618-41365849	SBS1	2	2	1	0	0	0	0	0	0	0
403	chr12:41365850-42075000	SBS1	2	0	0	1	0	0	0	0	0	0
404	chr12:41365850-42075000	SBS13	2	0	1	0	0	0	0	0	0	0
405	chr12:42075001-43384000	SBS100	2	0	0	1	0	0	0	0	0	0
406	chr12:43384001-45184000	SBS8	2	0	0	4	0	0	0	0	0	0
407	chr12:45219431-47488408	SBS3	2	0	1	0	0	0	0	0	0	0
408	chr12:45219431-47488408	SBS8	2	0	1	0	0	0	0	0	0	0
409	chr12:47491699-55972930	SBS100	2	0	0	3	0	0	0	0	0	0
410	chr12:47491699-55972930	SBS3	2	0	9	2	0	0	0	0	0	0
411	chr12:47491699-55972930	SBS5	2	0	13	2	0	0	0	0	0	0
412	chr12:47491699-55972930	SBS8	2	0	1	1	0	0	0	0	0	0
413	chr12:55973156-59191000	SBS1	2	0	3	0	0	0	0	0	0	0
414	chr12:55973156-59191000	SBS3	2	0	2	2	0	0	0	0	0	0
415	chr12:55973156-59191000	SBS5	2	0	2	2	0	0	0	0	0	0
416	chr12:55973156-59191000	SBS8	2	0	1	0	0	0	0	0	0	0
417	chr12:59191001-62259000	SBS13	2	0	1	0	0	0	0	0	0	0
418	chr12:59191001-62259000	SBS3	2	0	1	1	0	0	0	0	0	0
419	chr12:59191001-62259000	SBS5	2	0	1	3	0	0	0	0	0	0
420	chr12:62259001-66057590	SBS1	2	0	1	0	0	0	0	0	0	0
421	chr12:62259001-66057590	SBS3	2	0	2	0	0	0	0	0	0	0
422	chr12:62259001-66057590	SBS5	2	0	0	1	0	0	0	0	0	0
423	chr12:62259001-66057590	SBS8	2	0	1	1	0	0	0	0	0	0
424	chr12:6271088-6343471	SBS5	7	2	0	0	0	0	1	0	0	0
425	chr12:66057591-66823988	SBS1	2	0	0	1	0	0	0	0	0	0
426	chr12:66830508-83411599	SBS1	2	0	1	0	0	0	0	0	0	0
427	chr12:66830508-83411599	SBS13	2	0	1	0	0	0	0	0	0	0
428	chr12:66830508-83411599	SBS3	2	0	10	5	0	0	0	0	0	0
429	chr12:66830508-83411599	SBS5	2	0	3	3	0	0	0	0	0	0
430	chr12:66830508-83411599	SBS8	2	0	8	9	0	0	0	0	0	0
431	chr12:6809605-10404157	SBS1	3	2	1	2	0	0	0	0	0	0
432	chr12:6809605-10404157	SBS100	3	2	0	0	1	0	0	0	0	0
433	chr12:6809605-10404157	SBS13	3	2	1	0	0	0	0	0	0	0
434	chr12:6809605-10404157	SBS3	3	2	5	6	2	0	0	0	0	0
435	chr12:6809605-10404157	SBS5	3	2	3	1	2	0	0	0	0	0
436	chr12:6809605-10404157	SBS8	3	2	0	4	2	0	0	0	0	0
437	chr12:83411600-91405000	SBS1	1	0	1	0	0	0	0	0	0	0
438	chr12:83411600-91405000	SBS13	1	0	1	0	0	0	0	0	0	0
439	chr12:83411600-91405000	SBS3	1	0	3	0	0	0	0	0	0	0
440	chr12:83411600-91405000	SBS5	1	0	7	0	0	0	0	0	0	0
441	chr12:83411600-91405000	SBS8	1	0	4	0	0	0	0	0	0	0
442	chr12:91405001-92589639	SBS3	2	0	1	0	0	0	0	0	0	0
443	chr12:91405001-92589639	SBS5	2	0	0	1	0	0	0	0	0	0
444	chr12:91405001-92589639	SBS8	2	0	1	0	0	0	0	0	0	0
445	chr12:92589640-93452000	SBS1	3	0	1	0	0	0	0	0	0	0
446	chr12:92589640-93452000	SBS13	3	0	0	0	1	0	0	0	0	0
447	chr12:92589640-93452000	SBS5	3	0	2	0	0	0	0	0	0	0
448	chr12:92589640-93452000	SBS8	3	0	0	1	4	0	0	0	0	0
449	chr12:93452001-96585770	SBS3	2	0	1	1	0	0	0	0	0	0
450	chr12:93452001-96585770	SBS5	2	0	2	2	0	0	0	0	0	0
451	chr12:93452001-96585770	SBS8	2	0	2	0	0	0	0	0	0	0
452	chr12:96585771-97698038	SBS3	2	2	0	1	0	0	0	0	0	0
453	chr12:96585771-97698038	SBS5	2	2	0	1	0	0	0	0	0	0
454	chr12:96585771-97698038	SBS8	2	2	0	4	0	0	0	0	0	0
455	chr12:97702999-99771013	SBS1	2	2	0	1	0	0	0	0	0	0
456	chr12:97702999-99771013	SBS13	2	2	1	0	0	0	0	0	0	0
457	chr12:97702999-99771013	SBS3	2	2	2	2	0	0	0	0	0	0
458	chr12:97702999-99771013	SBS5	2	2	3	2	0	0	0	0	0	0
459	chr12:97702999-99771013	SBS8	2	2	1	0	0	0	0	0	0	0
460	chr12:99932815-103294894	SBS100	2	2	0	3	0	0	0	0	0	0
461	chr12:99932815-103294894	SBS3	2	2	1	3	0	0	0	0	0	0
462	chr12:99932815-103294894	SBS5	2	2	0	3	0	0	0	0	0	0
463	chr12:99932815-103294894	SBS8	2	2	1	5	0	0	0	0	0	0
464	chr13:1-17025623	SBS1	2	0	1	0	0	0	0	0	0	0
465	chr13:1-17025623	SBS5	2	0	1	0	0	0	0	0	0	0
466	chr13:101172001-105135738	SBS13	5	0	0	1	0	0	0	0	0	0
467	chr13:101172001-105135738	SBS3	5	0	0	0	0	0	0	1	0	0
468	chr13:101172001-105135738	SBS5	5	0	1	1	0	0	0	3	0	0
469	chr13:101172001-105135738	SBS8	5	0	0	4	0	0	0	1	0	0
470	chr13:105144636-106232000	SBS3	5	0	1	0	0	0	0	0	0	0
471	chr13:105144636-106232000	SBS5	5	0	0	1	0	0	0	1	0	0
472	chr13:106232001-109130632	SBS1	5	0	1	0	0	0	0	0	0	0
473	chr13:106232001-109130632	SBS3	5	0	0	2	0	0	0	0	0	0
474	chr13:106232001-109130632	SBS5	5	0	0	2	0	0	0	1	0	0
475	chr13:106232001-109130632	SBS8	5	0	0	0	0	0	0	2	0	0
476	chr13:109130684-109252351	SBS8	6	0	0	0	0	0	0	1	0	0
477	chr13:109252416-114364328	SBS3	6	0	1	2	1	1	0	0	1	0
478	chr13:109252416-114364328	SBS5	6	0	1	0	0	0	0	0	1	0
479	chr13:109252416-114364328	SBS8	6	0	0	0	1	0	0	0	3	0
480	chr13:17025624-19582000	SBS1	2	0	0	1	0	0	0	0	0	0
481	chr13:17025624-19582000	SBS3	2	0	3	0	0	0	0	0	0	0
482	chr13:17025624-19582000	SBS5	2	0	2	0	0	0	0	0	0	0
483	chr13:17025624-19582000	SBS8	2	0	0	1	0	0	0	0	0	0
484	chr13:19582001-29347979	SBS13	2	0	0	2	0	0	0	0	0	0
485	chr13:19582001-29347979	SBS3	2	0	6	4	0	0	0	0	0	0
486	chr13:19582001-29347979	SBS5	2	0	5	0	0	0	0	0	0	0
487	chr13:19582001-29347979	SBS8	2	0	4	4	0	0	0	0	0	0
488	chr13:29362480-35065598	SBS1	2	0	0	2	0	0	0	0	0	0
489	chr13:29362480-35065598	SBS100	2	0	0	1	0	0	0	0	0	0
490	chr13:29362480-35065598	SBS3	2	0	3	1	0	0	0	0	0	0
491	chr13:29362480-35065598	SBS5	2	0	0	1	0	0	0	0	0	0
492	chr13:29362480-35065598	SBS8	2	0	2	0	0	0	0	0	0	0
493	chr13:35065651-41153822	SBS3	2	0	2	0	0	0	0	0	0	0
494	chr13:35065651-41153822	SBS5	2	0	4	1	0	0	0	0	0	0
495	chr13:35065651-41153822	SBS8	2	0	1	1	0	0	0	0	0	0
496	chr13:41331001-46471000	SBS100	3	0	1	0	1	0	0	0	0	0
497	chr13:41331001-46471000	SBS13	3	0	1	0	0	0	0	0	0	0
498	chr13:41331001-46471000	SBS3	3	0	1	1	2	0	0	0	0	0
499	chr13:41331001-46471000	SBS5	3	0	2	0	1	0	0	0	0	0
500	chr13:46471001-46685000	SBS13	2	0	0	1	0	0	0	0	0	0
501	chr13:46685001-48693786	SBS100	1	0	1	0	0	0	0	0	0	0
502	chr13:46685001-48693786	SBS3	1	0	1	0	0	0	0	0	0	0
503	chr13:46685001-48693786	SBS8	1	0	1	0	0	0	0	0	0	0
504	chr13:48693787-52108724	SBS100	4	0	2	0	0	0	0	0	0	0
505	chr13:48693787-52108724	SBS3	4	0	2	0	0	0	0	0	0	0
506	chr13:48693787-52108724	SBS5	4	0	2	2	0	2	0	0	0	0
507	chr13:48693787-52108724	SBS8	4	0	2	0	0	3	0	0	0	0
508	chr13:60526484-66681896	SBS1	4	0	0	0	1	0	0	0	0	0
509	chr13:60526484-66681896	SBS3	4	0	1	2	1	2	0	0	0	0
510	chr13:60526484-66681896	SBS5	4	0	3	0	1	1	0	0	0	0
511	chr13:60526484-66681896	SBS8	4	0	1	5	2	3	0	0	0	0
512	chr13:66697958-72707000	SBS1	4	0	1	0	0	0	0	0	0	0
513	chr13:66697958-72707000	SBS100	4	0	2	0	0	1	0	0	0	0
514	chr13:66697958-72707000	SBS13	4	0	1	0	0	0	0	0	0	0
515	chr13:66697958-72707000	SBS3	4	0	2	3	0	0	0	0	0	0
516	chr13:66697958-72707000	SBS5	4	0	0	4	1	0	0	0	0	0
517	chr13:66697958-72707000	SBS8	4	0	1	5	2	4	0	0	0	0
518	chr13:72707001-75885000	SBS13	4	0	0	0	0	1	0	0	0	0
519	chr13:72707001-75885000	SBS5	4	0	3	0	0	1	0	0	0	0
520	chr13:72707001-75885000	SBS8	4	0	1	0	0	1	0	0	0	0
521	chr13:75885001-94867192	SBS1	4	0	1	1	0	0	0	0	0	0
522	chr13:75885001-94867192	SBS100	4	0	1	1	0	0	0	0	0	0
523	chr13:75885001-94867192	SBS13	4	0	1	4	0	1	0	0	0	0
524	chr13:75885001-94867192	SBS3	4	0	9	5	1	3	0	0	0	0
525	chr13:75885001-94867192	SBS5	4	0	8	7	0	4	0	0	0	0
526	chr13:75885001-94867192	SBS8	4	0	4	8	0	7	0	0	0	0
527	chr13:94873625-99253616	SBS1	4	0	0	1	0	0	0	0	0	0
528	chr13:94873625-99253616	SBS3	4	0	2	1	0	1	0	0	0	0
529	chr13:94873625-99253616	SBS8	4	0	1	2	0	1	0	0	0	0
530	chr13:99255785-101172000	SBS3	4	0	1	0	0	2	0	0	0	0
531	chr13:99255785-101172000	SBS5	4	0	1	0	0	0	0	0	0	0
532	chr13:99255785-101172000	SBS8	4	0	0	1	0	0	0	0	0	0
533	chr14:100070047-102027166	SBS1	2	1	0	2	0	0	0	0	0	0
534	chr14:100070047-102027166	SBS100	2	1	0	1	0	0	0	0	0	0
535	chr14:100070047-102027166	SBS3	2	1	1	0	0	0	0	0	0	0
536	chr14:100070047-102027166	SBS5	2	1	1	1	0	0	0	0	0	0
537	chr14:100070047-102027166	SBS8	2	1	0	2	0	0	0	0	0	0
538	chr14:102111002-107043718	SBS1	2	1	1	0	0	0	0	0	0	0
539	chr14:102111002-107043718	SBS100	2	1	0	3	0	0	0	0	0	0
540	chr14:102111002-107043718	SBS13	2	1	1	0	0	0	0	0	0	0
541	chr14:102111002-107043718	SBS3	2	1	7	3	0	0	0	0	0	0
542	chr14:102111002-107043718	SBS5	2	1	10	6	0	0	0	0	0	0
543	chr14:102111002-107043718	SBS8	2	1	4	2	0	0	0	0	0	0
544	chr14:17086762-19971595	SBS3	1	1	1	0	0	0	0	0	0	0
545	chr14:19978793-20287000	SBS8	2	1	1	0	0	0	0	0	0	0
546	chr14:20287001-24457000	SBS100	2	1	1	1	0	0	0	0	0	0
547	chr14:20287001-24457000	SBS13	2	1	2	1	0	0	0	0	0	0
548	chr14:20287001-24457000	SBS3	2	1	3	2	0	0	0	0	0	0
549	chr14:20287001-24457000	SBS5	2	1	1	4	0	0	0	0	0	0
550	chr14:20287001-24457000	SBS8	2	1	4	1	0	0	0	0	0	0
551	chr14:24457001-29548000	SBS3	2	1	2	4	0	0	0	0	0	0
552	chr14:24457001-29548000	SBS5	2	1	3	5	0	0	0	0	0	0
553	chr14:24457001-29548000	SBS8	2	1	6	9	0	0	0	0	0	0
554	chr14:29548001-33231476	SBS3	2	1	2	1	0	0	0	0	0	0
555	chr14:29548001-33231476	SBS5	2	1	0	2	0	0	0	0	0	0
556	chr14:29548001-33231476	SBS8	2	1	2	3	0	0	0	0	0	0
557	chr14:33297718-36621969	SBS100	2	1	1	1	0	0	0	0	0	0
558	chr14:33297718-36621969	SBS13	2	1	1	0	0	0	0	0	0	0
559	chr14:33297718-36621969	SBS3	2	1	3	4	0	0	0	0	0	0
560	chr14:33297718-36621969	SBS5	2	1	2	0	0	0	0	0	0	0
561	chr14:33297718-36621969	SBS8	2	1	0	1	0	0	0	0	0	0
562	chr14:36626632-43823401	SBS13	2	1	0	2	0	0	0	0	0	0
563	chr14:36626632-43823401	SBS3	2	1	2	4	0	0	0	0	0	0
564	chr14:36626632-43823401	SBS5	2	1	4	5	0	0	0	0	0	0
565	chr14:36626632-43823401	SBS8	2	1	9	10	0	0	0	0	0	0
566	chr14:43823435-44294639	SBS5	2	1	0	1	0	0	0	0	0	0
567	chr14:43823435-44294639	SBS8	2	1	1	0	0	0	0	0	0	0
568	chr14:44294655-44896000	SBS100	2	1	0	1	0	0	0	0	0	0
569	chr14:44294655-44896000	SBS8	2	1	0	3	0	0	0	0	0	0
570	chr14:44896001-45276000	SBS3	2	1	0	3	0	0	0	0	0	0
571	chr14:44896001-45276000	SBS5	2	1	2	0	0	0	0	0	0	0
572	chr14:44896001-45276000	SBS8	2	1	1	0	0	0	0	0	0	0
573	chr14:45276001-45691000	SBS1	2	1	1	0	0	0	0	0	0	0
574	chr14:45276001-45691000	SBS3	2	1	1	0	0	0	0	0	0	0
575	chr14:45276001-45691000	SBS8	2	1	1	0	0	0	0	0	0	0
576	chr14:45691001-49549000	SBS3	2	0	3	0	0	0	0	0	0	0
577	chr14:45691001-49549000	SBS5	2	0	3	1	0	0	0	0	0	0
578	chr14:45691001-49549000	SBS8	2	0	2	0	0	0	0	0	0	0
579	chr14:50617644-53995975	SBS100	2	0	1	1	0	0	0	0	0	0
580	chr14:50617644-53995975	SBS13	2	0	0	1	0	0	0	0	0	0
581	chr14:50617644-53995975	SBS3	2	0	2	1	0	0	0	0	0	0
582	chr14:50617644-53995975	SBS5	2	0	2	1	0	0	0	0	0	0
583	chr14:54010251-56473000	SBS3	2	0	0	2	0	0	0	0	0	0
584	chr14:54010251-56473000	SBS5	2	0	1	0	0	0	0	0	0	0
585	chr14:54010251-56473000	SBS8	2	0	1	0	0	0	0	0	0	0
586	chr14:56473001-57613261	SBS3	2	0	1	0	0	0	0	0	0	0
587	chr14:57613300-64666000	SBS100	2	0	1	1	0	0	0	0	0	0
588	chr14:57613300-64666000	SBS3	2	0	1	1	0	0	0	0	0	0
589	chr14:57613300-64666000	SBS5	2	0	2	2	0	0	0	0	0	0
590	chr14:57613300-64666000	SBS8	2	0	0	4	0	0	0	0	0	0
591	chr14:64666001-64833000	SBS8	3	0	0	0	1	0	0	0	0	0
592	chr14:64833001-68137000	SBS13	2	0	1	0	0	0	0	0	0	0
593	chr14:64833001-68137000	SBS3	2	0	1	2	0	0	0	0	0	0
594	chr14:64833001-68137000	SBS5	2	0	2	0	0	0	0	0	0	0
595	chr14:68137001-69168000	SBS8	2	0	0	1	0	0	0	0	0	0
596	chr14:69792001-95906000	SBS1	2	0	2	0	0	0	0	0	0	0
597	chr14:69792001-95906000	SBS100	2	0	1	1	0	0	0	0	0	0
598	chr14:69792001-95906000	SBS13	2	0	1	1	0	0	0	0	0	0
599	chr14:69792001-95906000	SBS3	2	0	16	7	0	0	0	0	0	0
600	chr14:69792001-95906000	SBS5	2	0	15	6	0	0	0	0	0	0
601	chr14:69792001-95906000	SBS8	2	0	10	7	0	0	0	0	0	0
602	chr14:95906001-98931146	SBS1	2	1	0	1	0	0	0	0	0	0
603	chr14:95906001-98931146	SBS100	2	1	1	0	0	0	0	0	0	0
604	chr14:95906001-98931146	SBS13	2	1	0	1	0	0	0	0	0	0
605	chr14:95906001-98931146	SBS3	2	1	1	0	0	0	0	0	0	0
606	chr14:95906001-98931146	SBS5	2	1	2	1	0	0	0	0	0	0
607	chr14:98931181-99946169	SBS1	2	1	1	1	0	0	0	0	0	0
608	chr15:100758864-101991189	SBS3	2	0	3	0	0	0	0	0	0	0
609	chr15:100758864-101991189	SBS5	2	0	2	0	0	0	0	0	0	0
610	chr15:100758864-101991189	SBS8	2	0	1	0	0	0	0	0	0	0
611	chr15:18362627-26626027	SBS100	2	0	2	0	0	0	0	0	0	0
612	chr15:18362627-26626027	SBS3	2	0	2	1	0	0	0	0	0	0
613	chr15:18362627-26626027	SBS5	2	0	7	2	0	0	0	0	0	0
614	chr15:18362627-26626027	SBS8	2	0	3	2	0	0	0	0	0	0
615	chr15:26626074-29487708	SBS3	2	0	1	1	0	0	0	0	0	0
616	chr15:26626074-29487708	SBS5	2	0	1	1	0	0	0	0	0	0
617	chr15:26626074-29487708	SBS8	2	0	0	2	0	0	0	0	0	0
618	chr15:29487760-36662000	SBS1	2	0	3	0	0	0	0	0	0	0
619	chr15:29487760-36662000	SBS100	2	0	1	1	0	0	0	0	0	0
620	chr15:29487760-36662000	SBS13	2	0	0	1	0	0	0	0	0	0
621	chr15:29487760-36662000	SBS3	2	0	2	1	0	0	0	0	0	0
622	chr15:29487760-36662000	SBS5	2	0	9	4	0	0	0	0	0	0
623	chr15:29487760-36662000	SBS8	2	0	6	2	0	0	0	0	0	0
624	chr15:36662001-41765000	SBS1	1	0	1	0	0	0	0	0	0	0
625	chr15:36662001-41765000	SBS3	1	0	2	0	0	0	0	0	0	0
626	chr15:36662001-41765000	SBS5	1	0	1	0	0	0	0	0	0	0
627	chr15:36662001-41765000	SBS8	1	0	5	0	0	0	0	0	0	0
628	chr15:41765001-48401438	SBS1	2	0	0	1	0	0	0	0	0	0
629	chr15:41765001-48401438	SBS100	2	0	1	0	0	0	0	0	0	0
630	chr15:41765001-48401438	SBS13	2	0	1	1	0	0	0	0	0	0
631	chr15:41765001-48401438	SBS3	2	0	2	1	0	0	0	0	0	0
632	chr15:41765001-48401438	SBS5	2	0	2	2	0	0	0	0	0	0
633	chr15:41765001-48401438	SBS8	2	0	3	4	0	0	0	0	0	0
634	chr15:48401445-52809000	SBS13	2	0	0	1	0	0	0	0	0	0
635	chr15:48401445-52809000	SBS3	2	0	1	1	0	0	0	0	0	0
636	chr15:48401445-52809000	SBS5	2	0	2	0	0	0	0	0	0	0
637	chr15:48401445-52809000	SBS8	2	0	5	5	0	0	0	0	0	0
638	chr15:52809001-54926081	SBS100	2	0	1	0	0	0	0	0	0	0
639	chr15:52809001-54926081	SBS3	2	0	3	0	0	0	0	0	0	0
640	chr15:52809001-54926081	SBS5	2	0	3	1	0	0	0	0	0	0
641	chr15:52809001-54926081	SBS8	2	0	4	1	0	0	0	0	0	0
642	chr15:54926082-55162500	SBS8	2	0	1	0	0	0	0	0	0	0
643	chr15:55162501-60343000	SBS1	2	0	0	1	0	0	0	0	0	0
644	chr15:55162501-60343000	SBS13	2	0	1	1	0	0	0	0	0	0
645	chr15:55162501-60343000	SBS3	2	0	4	1	0	0	0	0	0	0
646	chr15:55162501-60343000	SBS5	2	0	4	0	0	0	0	0	0	0
647	chr15:60497001-64266855	SBS13	2	0	0	1	0	0	0	0	0	0
648	chr15:60497001-64266855	SBS3	2	0	1	1	0	0	0	0	0	0
649	chr15:60497001-64266855	SBS5	2	0	2	0	0	0	0	0	0	0
650	chr15:60497001-64266855	SBS8	2	0	2	1	0	0	0	0	0	0
651	chr15:64266856-65943197	SBS1	3	1	1	1	0	0	0	0	0	0
652	chr15:64266856-65943197	SBS100	3	1	0	1	0	0	0	0	0	0
653	chr15:64266856-65943197	SBS3	3	1	1	1	0	0	0	0	0	0
654	chr15:64266856-65943197	SBS8	3	1	0	1	0	0	0	0	0	0
655	chr15:65952307-70257909	SBS1	4	0	0	0	0	1	0	0	0	0
656	chr15:65952307-70257909	SBS100	4	0	0	1	0	0	0	0	0	0
657	chr15:65952307-70257909	SBS13	4	0	0	2	0	0	0	0	0	0
658	chr15:65952307-70257909	SBS3	4	0	3	1	0	0	0	0	0	0
659	chr15:65952307-70257909	SBS5	4	0	0	1	1	0	0	0	0	0
660	chr15:65952307-70257909	SBS8	4	0	0	2	1	2	0	0	0	0
661	chr15:70257910-70262176	SBS8	10	0	0	0	1	0	0	0	0	0
662	chr15:70276996-70708133	SBS100	5	0	0	1	0	0	0	0	0	0
663	chr15:70276996-70708133	SBS3	5	0	0	1	1	0	0	0	0	0
664	chr15:70708134-71146018	SBS3	7	0	0	0	0	0	1	0	0	0
665	chr15:70708134-71146018	SBS5	7	0	0	0	1	0	0	0	0	0
666	chr15:71146019-73720866	SBS1	5	0	0	0	1	0	0	0	0	0
667	chr15:71146019-73720866	SBS100	5	0	0	1	0	0	0	0	0	0
668	chr15:71146019-73720866	SBS13	5	0	0	1	2	0	0	0	0	0
669	chr15:71146019-73720866	SBS3	5	0	2	1	2	0	0	0	0	0
670	chr15:71146019-73720866	SBS5	5	0	0	0	0	2	0	0	0	0
671	chr15:71146019-73720866	SBS8	5	0	0	1	0	0	0	0	0	0
672	chr15:73720867-74373473	SBS3	3	0	0	1	0	0	0	0	0	0
673	chr15:73720867-74373473	SBS8	3	0	1	1	0	0	0	0	0	0
674	chr15:74373474-74854000	SBS8	3	1	0	0	1	0	0	0	0	0
675	chr15:74854001-82652000	SBS1	1	1	3	0	0	0	0	0	0	0
676	chr15:74854001-82652000	SBS100	1	1	2	0	0	0	0	0	0	0
677	chr15:74854001-82652000	SBS13	1	1	1	0	0	0	0	0	0	0
678	chr15:74854001-82652000	SBS3	1	1	12	0	0	0	0	0	0	0
679	chr15:74854001-82652000	SBS5	1	1	5	0	0	0	0	0	0	0
680	chr15:74854001-82652000	SBS8	1	1	4	0	0	0	0	0	0	0
681	chr15:82652001-83092415	SBS8	2	1	0	1	0	0	0	0	0	0
682	chr15:83092453-86071000	SBS1	2	1	1	0	0	0	0	0	0	0
683	chr15:83092453-86071000	SBS100	2	1	0	1	0	0	0	0	0	0
684	chr15:83092453-86071000	SBS3	2	1	1	3	0	0	0	0	0	0
685	chr15:83092453-86071000	SBS5	2	1	1	3	0	0	0	0	0	0
686	chr15:83092453-86071000	SBS8	2	1	0	4	0	0	0	0	0	0
687	chr15:86116001-88618000	SBS3	2	1	1	2	0	0	0	0	0	0
688	chr15:86116001-88618000	SBS5	2	1	1	3	0	0	0	0	0	0
689	chr15:86116001-88618000	SBS8	2	1	0	2	0	0	0	0	0	0
690	chr15:88618001-89869704	SBS100	2	1	1	0	0	0	0	0	0	0
691	chr15:88618001-89869704	SBS3	2	1	1	0	0	0	0	0	0	0
692	chr15:88618001-89869704	SBS5	2	1	1	0	0	0	0	0	0	0
693	chr15:88618001-89869704	SBS8	2	1	0	1	0	0	0	0	0	0
694	chr15:89869705-92905255	SBS1	1	0	1	0	0	0	0	0	0	0
695	chr15:89869705-92905255	SBS13	1	0	1	0	0	0	0	0	0	0
696	chr15:89869705-92905255	SBS5	1	0	3	0	0	0	0	0	0	0
697	chr15:89869705-92905255	SBS8	1	0	2	0	0	0	0	0	0	0
698	chr15:92905301-93605823	SBS1	1	0	2	0	0	0	0	0	0	0
699	chr15:92905301-93605823	SBS5	1	0	1	0	0	0	0	0	0	0
700	chr15:92905301-93605823	SBS8	1	0	1	0	0	0	0	0	0	0
701	chr15:93608610-94303000	SBS3	1	0	1	0	0	0	0	0	0	0
702	chr15:93608610-94303000	SBS5	1	0	3	0	0	0	0	0	0	0
703	chr15:94593332-99627212	SBS3	3	0	1	1	1	0	0	0	0	0
704	chr15:94593332-99627212	SBS5	3	0	0	1	0	0	0	0	0	0
705	chr15:94593332-99627212	SBS8	3	0	1	5	2	0	0	0	0	0
706	chr15:99627354-100758863	SBS3	2	0	1	0	0	0	0	0	0	0
707	chr15:99627354-100758863	SBS8	2	0	1	0	0	0	0	0	0	0
708	chr16:1-5103500	SBS100	3	0	1	0	1	0	0	0	0	0
709	chr16:1-5103500	SBS13	3	0	0	0	1	0	0	0	0	0
710	chr16:1-5103500	SBS5	3	0	2	1	2	0	0	0	0	0
711	chr16:1-5103500	SBS8	3	0	0	0	3	0	0	0	0	0
712	chr16:12579371-13600590	SBS5	3	0	0	1	0	0	0	0	0	0
713	chr16:12579371-13600590	SBS8	3	0	0	0	2	0	0	0	0	0
714	chr16:13600648-15617322	SBS1	3	0	1	0	0	0	0	0	0	0
715	chr16:13600648-15617322	SBS13	3	0	0	0	1	0	0	0	0	0
716	chr16:13600648-15617322	SBS3	3	0	1	0	0	0	0	0	0	0
717	chr16:13600648-15617322	SBS5	3	0	1	0	0	0	0	0	0	0
718	chr16:15617362-16415000	SBS5	3	0	0	0	1	0	0	0	0	0
719	chr16:16415001-17153000	SBS8	2	0	2	1	0	0	0	0	0	0
720	chr16:17581001-18428000	SBS3	2	0	0	1	0	0	0	0	0	0
721	chr16:18428001-19955000	SBS3	3	1	0	0	2	0	0	0	0	0
722	chr16:18428001-19955000	SBS8	3	1	0	0	1	0	0	0	0	0
723	chr16:19955001-20521000	SBS3	2	1	0	1	0	0	0	0	0	0
724	chr16:19955001-20521000	SBS5	2	1	1	0	0	0	0	0	0	0
725	chr16:20521001-25272000	SBS3	3	1	1	3	3	0	0	0	0	0
726	chr16:20521001-25272000	SBS5	3	1	2	0	1	0	0	0	0	0
727	chr16:20521001-25272000	SBS8	3	1	0	3	3	0	0	0	0	0
728	chr16:25272001-27189000	SBS1	2	1	0	1	0	0	0	0	0	0
729	chr16:25272001-27189000	SBS3	2	1	1	1	0	0	0	0	0	0
730	chr16:25272001-27189000	SBS8	2	1	1	3	0	0	0	0	0	0
731	chr16:27189001-27566084	SBS8	3	1	0	1	0	0	0	0	0	0
732	chr16:27590189-34072000	SBS1	3	1	1	2	1	0	0	0	0	0
733	chr16:27590189-34072000	SBS100	3	1	1	0	0	0	0	0	0	0
734	chr16:27590189-34072000	SBS13	3	1	0	0	1	0	0	0	0	0
735	chr16:27590189-34072000	SBS3	3	1	1	2	0	0	0	0	0	0
736	chr16:27590189-34072000	SBS5	3	1	1	1	0	0	0	0	0	0
737	chr16:27590189-34072000	SBS8	3	1	4	2	1	0	0	0	0	0
738	chr16:34072001-34917000	SBS1	2	1	2	0	0	0	0	0	0	0
739	chr16:34072001-34917000	SBS13	2	1	1	0	0	0	0	0	0	0
740	chr16:34072001-34917000	SBS3	2	1	1	0	0	0	0	0	0	0
741	chr16:34072001-34917000	SBS5	2	1	2	1	0	0	0	0	0	0
742	chr16:34072001-34917000	SBS8	2	1	3	0	0	0	0	0	0	0
743	chr16:34917001-37295919	SBS3	2	1	1	0	0	0	0	0	0	0
744	chr16:34917001-37295919	SBS5	2	1	2	1	0	0	0	0	0	0
745	chr16:34917001-37295919	SBS8	2	1	3	7	0	0	0	0	0	0
746	chr16:5103501-6280167	SBS1	2	0	0	1	0	0	0	0	0	0
747	chr16:5103501-6280167	SBS3	2	0	1	0	0	0	0	0	0	0
748	chr16:5103501-6280167	SBS5	2	0	1	0	0	0	0	0	0	0
749	chr16:5103501-6280167	SBS8	2	0	0	1	0	0	0	0	0	0
750	chr16:6287297-8555000	SBS1	2	0	1	1	0	0	0	0	0	0
751	chr16:6287297-8555000	SBS3	2	0	2	0	0	0	0	0	0	0
752	chr16:6287297-8555000	SBS5	2	0	2	2	0	0	0	0	0	0
753	chr16:6287297-8555000	SBS8	2	0	2	2	0	0	0	0	0	0
754	chr16:8555001-12579326	SBS1	3	0	0	0	1	0	0	0	0	0
755	chr16:8555001-12579326	SBS13	3	0	0	0	1	0	0	0	0	0
756	chr16:8555001-12579326	SBS3	3	0	0	1	0	0	0	0	0	0
757	chr16:8555001-12579326	SBS5	3	0	0	2	1	0	0	0	0	0
758	chr16:8555001-12579326	SBS8	3	0	1	0	3	0	0	0	0	0
759	chr17:1-10849000	SBS1	2	0	1	0	0	0	0	0	0	0
760	chr17:1-10849000	SBS100	2	0	1	0	0	0	0	0	0	0
761	chr17:1-10849000	SBS13	2	0	3	1	0	0	0	0	0	0
762	chr17:1-10849000	SBS3	2	0	5	4	0	0	0	0	0	0
763	chr17:1-10849000	SBS5	2	0	4	4	0	0	0	0	0	0
764	chr17:1-10849000	SBS8	2	0	1	5	0	0	0	0	0	0
765	chr17:10849001-11955000	SBS1	2	0	0	1	0	0	0	0	0	0
766	chr17:10849001-11955000	SBS5	2	0	0	3	0	0	0	0	0	0
767	chr17:10849001-11955000	SBS8	2	0	1	1	0	0	0	0	0	0
768	chr17:11955001-19337489	SBS1	2	0	1	0	0	0	0	0	0	0
769	chr17:11955001-19337489	SBS3	2	0	3	3	0	0	0	0	0	0
770	chr17:11955001-19337489	SBS5	2	0	4	0	0	0	0	0	0	0
771	chr17:11955001-19337489	SBS8	2	0	4	2	0	0	0	0	0	0
772	chr17:19427381-21920000	SBS1	2	0	1	0	0	0	0	0	0	0
773	chr17:19427381-21920000	SBS3	2	0	1	1	0	0	0	0	0	0
774	chr17:19427381-21920000	SBS5	2	0	3	0	0	0	0	0	0	0
775	chr17:19427381-21920000	SBS8	2	0	3	0	0	0	0	0	0	0
776	chr17:21920001-24849829	SBS3	2	0	2	0	0	0	0	0	0	0
777	chr17:21920001-24849829	SBS5	2	0	1	0	0	0	0	0	0	0
778	chr17:21920001-24849829	SBS8	2	0	0	1	0	0	0	0	0	0
779	chr17:24849830-27206514	SBS5	2	0	2	1	0	0	0	0	0	0
780	chr17:24849830-27206514	SBS8	2	0	1	0	0	0	0	0	0	0
781	chr17:27248811-31076975	SBS1	2	0	0	1	0	0	0	0	0	0
782	chr17:27248811-31076975	SBS100	2	0	2	0	0	0	0	0	0	0
783	chr17:27248811-31076975	SBS13	2	0	0	1	0	0	0	0	0	0
784	chr17:27248811-31076975	SBS3	2	0	1	1	0	0	0	0	0	0
785	chr17:31080815-34878403	SBS3	2	0	1	2	0	0	0	0	0	0
786	chr17:31080815-34878403	SBS5	2	0	1	1	0	0	0	0	0	0
787	chr17:31080815-34878403	SBS8	2	0	1	3	0	0	0	0	0	0
788	chr17:34878404-39321158	SBS1	4	0	0	0	0	1	0	0	0	0
789	chr17:34878404-39321158	SBS100	4	0	0	0	1	0	0	0	0	0
790	chr17:34878404-39321158	SBS13	4	0	0	0	0	1	0	0	0	0
791	chr17:34878404-39321158	SBS3	4	0	0	0	0	2	0	0	0	0
792	chr17:34878404-39321158	SBS5	4	0	1	0	0	2	0	0	0	0
793	chr17:34878404-39321158	SBS8	4	0	1	2	0	2	0	0	0	0
794	chr17:39321203-39323610	SBS8	3	0	0	1	1	0	0	0	0	0
795	chr17:39336902-39634000	SBS3	2	0	0	1	0	0	0	0	0	0
796	chr17:39336902-39634000	SBS5	2	0	1	0	0	0	0	0	0	0
797	chr17:39634001-45021053	SBS13	3	0	0	0	1	0	0	0	0	0
798	chr17:39634001-45021053	SBS3	3	0	4	0	1	0	0	0	0	0
799	chr17:39634001-45021053	SBS5	3	0	3	1	2	0	0	0	0	0
800	chr17:39634001-45021053	SBS8	3	0	5	1	0	0	0	0	0	0
801	chr17:45021092-45606891	SBS5	4	0	0	1	0	0	0	0	0	0
802	chr17:45606892-45814708	SBS100	7	0	0	0	0	1	0	0	0	0
803	chr17:45606892-45814708	SBS5	7	0	0	0	0	0	0	0	1	0
804	chr17:45814709-48750487	SBS3	3	0	2	1	1	0	0	0	0	0
805	chr17:45814709-48750487	SBS5	3	0	1	0	0	0	0	0	0	0
806	chr17:45814709-48750487	SBS8	3	0	1	1	0	0	0	0	0	0
807	chr17:48750798-49359749	SBS100	3	0	1	0	0	0	0	0	0	0
808	chr17:49381298-51283000	SBS1	3	0	1	0	0	0	0	0	0	0
809	chr17:49381298-51283000	SBS3	3	0	0	0	1	0	0	0	0	0
810	chr17:49381298-51283000	SBS5	3	0	0	0	1	0	0	0	0	0
811	chr17:49381298-51283000	SBS8	3	0	0	1	0	0	0	0	0	0
812	chr17:51283001-54897000	SBS100	3	0	0	0	1	0	0	0	0	0
813	chr17:51283001-54897000	SBS3	3	0	0	0	1	0	0	0	0	0
814	chr17:51283001-54897000	SBS5	3	0	1	0	1	0	0	0	0	0
815	chr17:51283001-54897000	SBS8	3	0	2	2	0	0	0	0	0	0
816	chr17:54897001-73315860	SBS1	3	0	1	0	1	0	0	0	0	0
817	chr17:54897001-73315860	SBS100	3	0	2	1	0	0	0	0	0	0
818	chr17:54897001-73315860	SBS3	3	0	9	2	1	0	0	0	0	0
819	chr17:54897001-73315860	SBS5	3	0	4	2	5	0	0	0	0	0
820	chr17:54897001-73315860	SBS8	3	0	6	1	4	0	0	0	0	0
821	chr17:73315921-83257441	SBS1	4	0	0	0	0	2	0	0	0	0
822	chr17:73315921-83257441	SBS100	4	0	0	1	0	0	0	0	0	0
823	chr17:73315921-83257441	SBS3	4	0	5	1	1	8	0	0	0	0
824	chr17:73315921-83257441	SBS5	4	0	4	1	0	3	0	0	0	0
825	chr17:73315921-83257441	SBS8	4	0	1	1	0	4	0	0	0	0
826	chr18:1-3111637	SBS1	2	1	1	0	0	0	0	0	0	0
827	chr18:1-3111637	SBS13	2	1	0	1	0	0	0	0	0	0
828	chr18:1-3111637	SBS3	2	1	0	1	0	0	0	0	0	0
829	chr18:1-3111637	SBS5	2	1	9	1	0	0	0	0	0	0
830	chr18:1-3111637	SBS8	2	1	4	1	0	0	0	0	0	0
831	chr18:18161053-23263720	SBS13	2	1	0	1	0	0	0	0	0	0
832	chr18:18161053-23263720	SBS3	2	1	2	1	0	0	0	0	0	0
833	chr18:18161053-23263720	SBS5	2	1	1	0	0	0	0	0	0	0
834	chr18:18161053-23263720	SBS8	2	1	1	0	0	0	0	0	0	0
835	chr18:23263765-23604895	SBS3	2	1	0	1	0	0	0	0	0	0
836	chr18:23625369-24404766	SBS8	2	1	1	1	0	0	0	0	0	0
837	chr18:24444772-37691515	SBS1	2	1	1	0	0	0	0	0	0	0
838	chr18:24444772-37691515	SBS100	2	1	0	1	0	0	0	0	0	0
839	chr18:24444772-37691515	SBS3	2	1	6	8	0	0	0	0	0	0
840	chr18:24444772-37691515	SBS5	2	1	11	3	0	0	0	0	0	0
841	chr18:24444772-37691515	SBS8	2	1	8	11	0	0	0	0	0	0
842	chr18:3126833-6630980	SBS1	2	1	1	0	0	0	0	0	0	0
843	chr18:3126833-6630980	SBS13	2	1	0	2	0	0	0	0	0	0
844	chr18:3126833-6630980	SBS3	2	1	4	2	0	0	0	0	0	0
845	chr18:3126833-6630980	SBS5	2	1	0	3	0	0	0	0	0	0
846	chr18:3126833-6630980	SBS8	2	1	3	1	0	0	0	0	0	0
847	chr18:38063236-40862601	SBS1	2	1	0	1	0	0	0	0	0	0
848	chr18:38063236-40862601	SBS3	2	1	1	0	0	0	0	0	0	0
849	chr18:38063236-40862601	SBS5	2	1	1	1	0	0	0	0	0	0
850	chr18:38063236-40862601	SBS8	2	1	0	2	0	0	0	0	0	0
851	chr18:40862602-43734189	SBS100	3	1	1	1	1	0	0	0	0	0
852	chr18:40862602-43734189	SBS3	3	1	2	0	0	0	0	0	0	0
853	chr18:40862602-43734189	SBS5	3	1	0	1	3	0	0	0	0	0
854	chr18:40862602-43734189	SBS8	3	1	2	1	0	0	0	0	0	0
855	chr18:43739186-44383659	SBS5	4	1	0	0	0	1	0	0	0	0
856	chr18:43739186-44383659	SBS8	4	1	1	0	0	0	0	0	0	0
857	chr18:44383719-56930271	SBS1	4	1	2	0	0	2	0	0	0	0
858	chr18:44383719-56930271	SBS100	4	1	1	1	0	0	0	0	0	0
859	chr18:44383719-56930271	SBS13	4	1	0	1	0	3	0	0	0	0
860	chr18:44383719-56930271	SBS3	4	1	3	4	4	2	0	0	0	0
861	chr18:44383719-56930271	SBS5	4	1	12	4	0	5	0	0	0	0
862	chr18:44383719-56930271	SBS8	4	1	14	9	1	5	0	0	0	0
863	chr18:56941077-58259529	SBS1	4	1	1	0	0	1	0	0	0	0
864	chr18:56941077-58259529	SBS100	4	1	1	0	0	0	0	0	0	0
865	chr18:56941077-58259529	SBS13	4	1	0	0	0	1	0	0	0	0
866	chr18:56941077-58259529	SBS3	4	1	0	0	1	0	0	0	0	0
867	chr18:56941077-58259529	SBS5	4	1	4	0	0	0	0	0	0	0
868	chr18:56941077-58259529	SBS8	4	1	2	1	0	1	0	0	0	0
869	chr18:58259530-59236253	SBS5	1	0	2	0	0	0	0	0	0	0
870	chr18:59236254-59742597	SBS100	4	1	0	1	0	0	0	0	0	0
871	chr18:59236254-59742597	SBS8	4	1	0	2	0	0	0	0	0	0
872	chr18:59742661-61177697	SBS3	4	1	0	0	1	0	0	0	0	0
873	chr18:59742661-61177697	SBS5	4	1	0	2	0	0	0	0	0	0
874	chr18:59742661-61177697	SBS8	4	1	0	1	0	0	0	0	0	0
875	chr18:61233881-61888262	SBS5	4	1	0	1	0	0	0	0	0	0
876	chr18:61888263-63391711	SBS13	4	3	0	0	0	1	0	0	0	0
877	chr18:61888263-63391711	SBS3	4	3	1	1	0	0	0	0	0	0
878	chr18:61888263-63391711	SBS5	4	3	2	0	1	1	0	0	0	0
879	chr18:61888263-63391711	SBS8	4	3	4	1	0	0	0	0	0	0
880	chr18:63391712-64022000	SBS3	4	2	0	0	1	0	0	0	0	0
881	chr18:64022001-68379775	SBS1	4	2	0	0	1	3	0	0	0	0
882	chr18:64022001-68379775	SBS100	4	2	1	0	0	0	0	0	0	0
883	chr18:64022001-68379775	SBS13	4	2	1	0	0	0	0	0	0	0
884	chr18:64022001-68379775	SBS3	4	2	1	2	0	1	0	0	0	0
885	chr18:64022001-68379775	SBS5	4	2	0	3	1	2	0	0	0	0
886	chr18:64022001-68379775	SBS8	4	2	1	5	2	7	0	0	0	0
887	chr18:6667147-8740350	SBS13	2	1	1	0	0	0	0	0	0	0
888	chr18:6667147-8740350	SBS3	2	1	0	2	0	0	0	0	0	0
889	chr18:6667147-8740350	SBS5	2	1	1	0	0	0	0	0	0	0
890	chr18:6667147-8740350	SBS8	2	1	0	1	0	0	0	0	0	0
891	chr18:68379831-70635115	SBS1	4	2	0	1	0	0	0	0	0	0
892	chr18:68379831-70635115	SBS5	4	2	0	1	1	1	0	0	0	0
893	chr18:68379831-70635115	SBS8	4	2	1	2	1	0	0	0	0	0
894	chr18:70638829-72342348	SBS3	4	2	0	0	0	1	0	0	0	0
895	chr18:70638829-72342348	SBS8	4	2	0	1	3	2	0	0	0	0
896	chr18:72342705-72682388	SBS8	3	2	0	1	0	0	0	0	0	0
897	chr18:72731614-73582581	SBS3	3	2	0	1	0	0	0	0	0	0
898	chr18:72731614-73582581	SBS8	3	2	0	2	0	0	0	0	0	0
899	chr18:73664768-77131219	SBS1	4	2	0	1	0	0	0	0	0	0
900	chr18:73664768-77131219	SBS13	4	2	0	1	0	1	0	0	0	0
901	chr18:73664768-77131219	SBS3	4	2	1	4	0	1	0	0	0	0
902	chr18:73664768-77131219	SBS5	4	2	0	1	1	2	0	0	0	0
903	chr18:73664768-77131219	SBS8	4	2	0	2	1	1	0	0	0	0
904	chr18:77131220-77372338	SBS3	4	3	1	1	0	0	0	0	0	0
905	chr18:77131220-77372338	SBS8	4	3	2	0	0	0	0	0	0	0
906	chr18:77372339-78705635	SBS1	3	2	0	0	1	0	0	0	0	0
907	chr18:77372339-78705635	SBS3	3	2	4	1	1	0	0	0	0	0
908	chr18:77372339-78705635	SBS5	3	2	0	2	0	0	0	0	0	0
909	chr18:77372339-78705635	SBS8	3	2	2	1	0	0	0	0	0	0
910	chr18:78705636-79035000	SBS3	3	2	1	0	0	0	0	0	0	0
911	chr18:78705636-79035000	SBS5	3	2	1	0	0	0	0	0	0	0
912	chr18:78705636-79035000	SBS8	3	2	0	0	1	0	0	0	0	0
913	chr18:79063871-79784631	SBS1	4	2	0	0	0	1	0	0	0	0
914	chr18:79063871-79784631	SBS5	4	2	0	1	0	0	0	0	0	0
915	chr18:79063871-79784631	SBS8	4	2	0	2	0	0	0	0	0	0
916	chr18:79794861-79965531	SBS100	4	2	1	0	0	0	0	0	0	0
917	chr18:79794861-79965531	SBS3	4	2	1	0	0	1	0	0	0	0
918	chr18:79794861-79965531	SBS5	4	2	1	0	0	0	0	0	0	0
919	chr18:8740388-18161052	SBS1	2	1	2	0	0	0	0	0	0	0
920	chr18:8740388-18161052	SBS100	2	1	2	0	0	0	0	0	0	0
921	chr18:8740388-18161052	SBS13	2	1	2	1	0	0	0	0	0	0
922	chr18:8740388-18161052	SBS3	2	1	8	8	0	0	0	0	0	0
923	chr18:8740388-18161052	SBS5	2	1	6	6	0	0	0	0	0	0
924	chr18:8740388-18161052	SBS8	2	1	3	6	0	0	0	0	0	0
925	chr19:1-2094346	SBS1	2	0	1	0	0	0	0	0	0	0
926	chr19:1-2094346	SBS100	2	0	1	0	0	0	0	0	0	0
927	chr19:1-2094346	SBS5	2	0	3	2	0	0	0	0	0	0
928	chr19:12278977-15636666	SBS13	2	1	0	1	0	0	0	0	0	0
929	chr19:12278977-15636666	SBS3	2	1	2	3	0	0	0	0	0	0
930	chr19:12278977-15636666	SBS5	2	1	3	2	0	0	0	0	0	0
931	chr19:12278977-15636666	SBS8	2	1	0	2	0	0	0	0	0	0
932	chr19:15647276-17334566	SBS5	2	1	2	2	0	0	0	0	0	0
933	chr19:15647276-17334566	SBS8	2	1	0	1	0	0	0	0	0	0
934	chr19:17334567-17807133	SBS13	2	0	0	1	0	0	0	0	0	0
935	chr19:17334567-17807133	SBS3	2	0	0	1	0	0	0	0	0	0
936	chr19:17334567-17807133	SBS8	2	0	0	1	0	0	0	0	0	0
937	chr19:17807134-23855401	SBS1	2	0	1	0	0	0	0	0	0	0
938	chr19:17807134-23855401	SBS3	2	0	4	0	0	0	0	0	0	0
939	chr19:17807134-23855401	SBS5	2	0	5	0	0	0	0	0	0	0
940	chr19:17807134-23855401	SBS8	2	0	3	2	0	0	0	0	0	0
941	chr19:2100534-6052309	SBS1	2	0	1	1	0	0	0	0	0	0
942	chr19:2100534-6052309	SBS13	2	0	0	1	0	0	0	0	0	0
943	chr19:2100534-6052309	SBS3	2	0	1	1	0	0	0	0	0	0
944	chr19:2100534-6052309	SBS5	2	0	2	0	0	0	0	0	0	0
945	chr19:2100534-6052309	SBS8	2	0	1	0	0	0	0	0	0	0
946	chr19:23855402-25844926	SBS13	2	2	0	2	0	0	0	0	0	0
947	chr19:23855402-25844926	SBS3	2	2	1	0	0	0	0	0	0	0
948	chr19:23855402-25844926	SBS5	2	2	5	1	0	0	0	0	0	0
949	chr19:25844927-29574000	SBS1	2	0	0	1	0	0	0	0	0	0
950	chr19:25844927-29574000	SBS100	2	0	1	0	0	0	0	0	0	0
951	chr19:25844927-29574000	SBS13	2	0	1	0	0	0	0	0	0	0
952	chr19:25844927-29574000	SBS3	2	0	3	0	0	0	0	0	0	0
953	chr19:25844927-29574000	SBS5	2	0	5	2	0	0	0	0	0	0
954	chr19:25844927-29574000	SBS8	2	0	2	1	0	0	0	0	0	0
955	chr19:29574001-45528820	SBS1	2	0	1	1	0	0	0	0	0	0
956	chr19:29574001-45528820	SBS100	2	0	2	2	0	0	0	0	0	0
957	chr19:29574001-45528820	SBS13	2	0	1	1	0	0	0	0	0	0
958	chr19:29574001-45528820	SBS3	2	0	13	7	0	0	0	0	0	0
959	chr19:29574001-45528820	SBS5	2	0	17	5	0	0	0	0	0	0
960	chr19:29574001-45528820	SBS8	2	0	8	5	0	0	0	0	0	0
961	chr19:45528821-45531415	SBS8	4	0	0	1	0	0	0	0	0	0
962	chr19:45531416-47458241	SBS1	2	0	0	1	0	0	0	0	0	0
963	chr19:45531416-47458241	SBS3	2	0	1	1	0	0	0	0	0	0
964	chr19:45531416-47458241	SBS5	2	0	1	1	0	0	0	0	0	0
965	chr19:45531416-47458241	SBS8	2	0	2	1	0	0	0	0	0	0
966	chr19:47458242-47485212	SBS13	4	0	0	0	0	1	0	0	0	0
967	chr19:47494163-54730000	SBS1	4	0	4	0	0	0	0	0	0	0
968	chr19:47494163-54730000	SBS100	4	0	1	0	0	1	0	0	0	0
969	chr19:47494163-54730000	SBS3	4	0	10	3	1	1	0	0	0	0
970	chr19:47494163-54730000	SBS5	4	0	7	4	0	1	0	0	0	0
971	chr19:47494163-54730000	SBS8	4	0	6	3	1	2	0	0	0	0
972	chr19:54730001-55006000	SBS1	3	0	5	2	0	0	0	0	0	0
973	chr19:54730001-55006000	SBS100	3	0	1	0	0	0	0	0	0	0
974	chr19:54730001-55006000	SBS3	3	0	6	7	1	0	0	0	0	0
975	chr19:54730001-55006000	SBS5	3	0	19	1	1	0	0	0	0	0
976	chr19:54730001-55006000	SBS8	3	0	13	2	1	0	0	0	0	0
977	chr19:55717001-56076000	SBS8	3	0	0	0	1	0	0	0	0	0
978	chr19:56320661-57163000	SBS3	4	0	1	0	0	0	0	0	0	0
979	chr19:56320661-57163000	SBS5	4	0	0	1	0	0	0	0	0	0
980	chr19:56320661-57163000	SBS8	4	0	0	0	2	1	0	0	0	0
981	chr19:57163001-58617616	SBS100	4	0	1	0	0	0	0	0	0	0
982	chr19:57163001-58617616	SBS13	4	0	1	0	0	0	0	0	0	0
983	chr19:57163001-58617616	SBS3	4	0	0	1	1	0	0	0	0	0
984	chr19:57163001-58617616	SBS5	4	0	1	0	0	0	0	0	0	0
985	chr19:57163001-58617616	SBS8	4	0	3	0	0	0	0	0	0	0
986	chr19:6079013-9565018	SBS3	2	0	2	2	0	0	0	0	0	0
987	chr19:6079013-9565018	SBS5	2	0	2	0	0	0	0	0	0	0
988	chr19:6079013-9565018	SBS8	2	0	1	2	0	0	0	0	0	0
989	chr19:9601365-12278976	SBS1	2	0	1	0	0	0	0	0	0	0
990	chr19:9601365-12278976	SBS3	2	0	1	1	0	0	0	0	0	0
991	chr19:9601365-12278976	SBS5	2	0	0	1	0	0	0	0	0	0
992	chr19:9601365-12278976	SBS8	2	0	0	3	0	0	0	0	0	0
993	chr1:1-2578257	SBS3	3	0	2	2	0	0	0	0	0	0
994	chr1:1-2578257	SBS5	3	0	0	1	1	0	0	0	0	0
995	chr1:101777520-102312365	SBS13	4	2	0	0	0	1	0	0	0	0
996	chr1:102312409-108528000	SBS13	4	2	0	1	1	0	0	0	0	0
997	chr1:102312409-108528000	SBS3	4	2	0	1	1	3	0	0	0	0
998	chr1:102312409-108528000	SBS5	4	2	1	4	3	2	0	0	0	0
999	chr1:102312409-108528000	SBS8	4	2	2	4	7	5	0	0	0	0
1000	chr1:10337001-11286000	SBS3	3	0	0	0	1	0	0	0	0	0
1001	chr1:108528001-110326468	SBS100	4	2	0	0	1	0	0	0	0	0
1002	chr1:108528001-110326468	SBS3	4	2	0	0	0	1	0	0	0	0
1003	chr1:108528001-110326468	SBS5	4	2	0	1	0	0	0	0	0	0
1004	chr1:108528001-110326468	SBS8	4	2	0	1	1	0	0	0	0	0
1005	chr1:110326501-118897252	SBS1	4	2	0	1	2	0	0	0	0	0
1006	chr1:110326501-118897252	SBS100	4	2	0	0	0	1	0	0	0	0
1007	chr1:110326501-118897252	SBS3	4	2	4	6	7	1	0	0	0	0
1008	chr1:110326501-118897252	SBS5	4	2	4	3	2	1	0	0	0	0
1009	chr1:110326501-118897252	SBS8	4	2	1	3	2	8	0	0	0	0
1010	chr1:11286001-11636000	SBS8	3	0	0	1	0	0	0	0	0	0
1011	chr1:11636001-13378517	SBS3	3	0	1	2	1	0	0	0	0	0
1012	chr1:11636001-13378517	SBS5	3	0	3	0	0	0	0	0	0	0
1013	chr1:11636001-13378517	SBS8	3	0	2	1	0	0	0	0	0	0
1014	chr1:118897291-123605522	SBS13	4	2	0	0	0	1	0	0	0	0
1015	chr1:118897291-123605522	SBS3	4	2	0	1	2	1	0	0	0	0
1016	chr1:118897291-123605522	SBS5	4	2	1	0	0	1	0	0	0	0
1017	chr1:118897291-123605522	SBS8	4	2	0	2	0	0	0	0	0	0
1018	chr1:123605523-151662291	SBS1	3	1	0	1	0	0	0	0	0	0
1019	chr1:123605523-151662291	SBS13	3	1	0	2	0	0	0	0	0	0
1020	chr1:123605523-151662291	SBS3	3	1	14	0	2	0	0	0	0	0
1021	chr1:123605523-151662291	SBS5	3	1	9	8	0	0	0	0	0	0
1022	chr1:123605523-151662291	SBS8	3	1	8	3	1	0	0	0	0	0
1023	chr1:13378518-14623847	SBS3	3	2	0	1	0	0	0	0	0	0
1024	chr1:13378518-14623847	SBS5	3	2	1	1	0	0	0	0	0	0
1025	chr1:13378518-14623847	SBS8	3	2	1	2	0	0	0	0	0	0
1026	chr1:14623927-15333000	SBS3	3	2	0	1	0	0	0	0	0	0
1027	chr1:14623927-15333000	SBS5	3	2	0	2	1	0	0	0	0	0
1028	chr1:151662292-152603115	SBS1	5	1	0	1	0	0	0	0	0	0
1029	chr1:151662292-152603115	SBS3	5	1	1	0	0	0	0	0	0	0
1030	chr1:151662292-152603115	SBS5	5	1	0	1	0	0	0	0	0	0
1031	chr1:151662292-152603115	SBS8	5	1	0	3	1	0	0	0	0	0
1032	chr1:152605193-152859614	SBS8	5	1	0	1	0	0	0	0	0	0
1033	chr1:152879179-156038193	SBS1	5	1	0	0	0	0	0	1	0	0
1034	chr1:152879179-156038193	SBS100	5	1	0	0	1	0	0	0	0	0
1035	chr1:152879179-156038193	SBS13	5	1	0	1	0	0	0	0	0	0
1036	chr1:152879179-156038193	SBS3	5	1	1	2	1	2	0	1	0	0
1037	chr1:152879179-156038193	SBS5	5	1	0	0	0	2	0	1	0	0
1038	chr1:152879179-156038193	SBS8	5	1	2	0	1	0	0	1	0	0
1039	chr1:15333001-15545055	SBS5	3	1	1	0	0	0	0	0	0	0
1040	chr1:15545056-20868000	SBS1	1	1	1	0	0	0	0	0	0	0
1041	chr1:15545056-20868000	SBS100	1	1	1	0	0	0	0	0	0	0
1042	chr1:15545056-20868000	SBS3	1	1	3	0	0	0	0	0	0	0
1043	chr1:15545056-20868000	SBS5	1	1	5	0	0	0	0	0	0	0
1044	chr1:15545056-20868000	SBS8	1	1	4	0	0	0	0	0	0	0
1045	chr1:156038242-159264216	SBS13	5	1	0	0	1	0	0	0	0	0
1046	chr1:156038242-159264216	SBS3	5	1	1	0	1	0	0	1	0	0
1047	chr1:156038242-159264216	SBS5	5	1	0	0	1	0	0	0	0	0
1048	chr1:156038242-159264216	SBS8	5	1	0	3	4	1	0	0	0	0
1049	chr1:159264217-159277144	SBS8	8	1	0	1	0	0	0	0	0	0
1050	chr1:159277145-165694314	SBS1	5	1	0	1	1	0	0	2	0	0
1051	chr1:159277145-165694314	SBS100	5	1	0	0	0	0	0	1	0	0
1052	chr1:159277145-165694314	SBS3	5	1	1	3	0	2	0	2	0	0
1053	chr1:159277145-165694314	SBS5	5	1	8	6	3	2	0	1	0	0
1054	chr1:159277145-165694314	SBS8	5	1	2	4	3	0	0	0	0	0
1055	chr1:165694347-166689956	SBS13	5	1	0	0	0	0	0	1	0	0
1056	chr1:165694347-166689956	SBS3	5	1	1	1	1	0	0	0	0	0
1057	chr1:165694347-166689956	SBS8	5	1	0	1	0	1	0	0	0	0
1058	chr1:166690000-170758593	SBS1	5	1	1	0	0	0	0	0	0	0
1059	chr1:166690000-170758593	SBS3	5	1	1	0	3	0	0	1	0	0
1060	chr1:166690000-170758593	SBS5	5	1	1	1	1	0	0	0	0	0
1061	chr1:166690000-170758593	SBS8	5	1	2	3	4	0	0	2	0	0
1062	chr1:170758634-171466872	SBS3	5	1	0	0	1	0	0	0	0	0
1063	chr1:170758634-171466872	SBS5	5	1	0	0	1	0	0	0	0	0
1064	chr1:170758634-171466872	SBS8	5	1	0	1	0	1	0	0	0	0
1065	chr1:171466873-172673000	SBS13	2	1	1	0	0	0	0	0	0	0
1066	chr1:171466873-172673000	SBS3	2	1	1	0	0	0	0	0	0	0
1067	chr1:171466873-172673000	SBS5	2	1	0	1	0	0	0	0	0	0
1068	chr1:171466873-172673000	SBS8	2	1	2	1	0	0	0	0	0	0
1069	chr1:172673001-179027562	SBS1	2	1	2	0	0	0	0	0	0	0
1070	chr1:172673001-179027562	SBS100	2	1	0	4	0	0	0	0	0	0
1071	chr1:172673001-179027562	SBS3	2	1	3	4	0	0	0	0	0	0
1072	chr1:172673001-179027562	SBS5	2	1	0	3	0	0	0	0	0	0
1073	chr1:172673001-179027562	SBS8	2	1	6	4	0	0	0	0	0	0
1074	chr1:179027603-187753000	SBS1	2	1	3	3	0	0	0	0	0	0
1075	chr1:179027603-187753000	SBS100	2	1	3	1	0	0	0	0	0	0
1076	chr1:179027603-187753000	SBS3	2	1	5	2	0	0	0	0	0	0
1077	chr1:179027603-187753000	SBS5	2	1	4	1	0	0	0	0	0	0
1078	chr1:179027603-187753000	SBS8	2	1	7	8	0	0	0	0	0	0
1079	chr1:187753001-188996576	SBS3	2	1	1	0	0	0	0	0	0	0
1080	chr1:187753001-188996576	SBS5	2	1	0	1	0	0	0	0	0	0
1081	chr1:187753001-188996576	SBS8	2	1	1	3	0	0	0	0	0	0
1082	chr1:188999466-192472000	SBS1	2	1	0	1	0	0	0	0	0	0
1083	chr1:188999466-192472000	SBS13	2	1	1	2	0	0	0	0	0	0
1084	chr1:188999466-192472000	SBS3	2	1	2	0	0	0	0	0	0	0
1085	chr1:188999466-192472000	SBS5	2	1	1	4	0	0	0	0	0	0
1086	chr1:188999466-192472000	SBS8	2	1	1	2	0	0	0	0	0	0
1087	chr1:192472001-193363000	SBS3	2	1	1	0	0	0	0	0	0	0
1088	chr1:192472001-193363000	SBS5	2	1	0	1	0	0	0	0	0	0
1089	chr1:193363001-195822566	SBS13	2	1	0	1	0	0	0	0	0	0
1090	chr1:193363001-195822566	SBS3	2	1	1	0	0	0	0	0	0	0
1091	chr1:193363001-195822566	SBS5	2	1	0	1	0	0	0	0	0	0
1092	chr1:193363001-195822566	SBS8	2	1	2	3	0	0	0	0	0	0
1093	chr1:195826910-196294000	SBS3	2	1	0	3	0	0	0	0	0	0
1094	chr1:195826910-196294000	SBS5	2	1	2	0	0	0	0	0	0	0
1095	chr1:195826910-196294000	SBS8	2	1	3	2	0	0	0	0	0	0
1096	chr1:196294001-201441878	SBS13	2	1	0	1	0	0	0	0	0	0
1097	chr1:196294001-201441878	SBS3	2	1	1	3	0	0	0	0	0	0
1098	chr1:196294001-201441878	SBS5	2	1	3	0	0	0	0	0	0	0
1099	chr1:196294001-201441878	SBS8	2	1	2	5	0	0	0	0	0	0
1100	chr1:201441929-202783127	SBS5	2	1	2	1	0	0	0	0	0	0
1101	chr1:201441929-202783127	SBS8	2	1	1	0	0	0	0	0	0	0
1102	chr1:202783128-205518438	SBS100	3	2	0	0	1	0	0	0	0	0
1103	chr1:202783128-205518438	SBS3	3	2	0	2	2	0	0	0	0	0
1104	chr1:202783128-205518438	SBS5	3	2	3	0	0	0	0	0	0	0
1105	chr1:202783128-205518438	SBS8	3	2	0	1	1	0	0	0	0	0
1106	chr1:205609642-206028374	SBS1	3	2	0	1	0	0	0	0	0	0
1107	chr1:205609642-206028374	SBS3	3	2	0	0	1	0	0	0	0	0
1108	chr1:205609642-206028374	SBS8	3	2	1	0	0	0	0	0	0	0
1109	chr1:206028425-206413654	SBS3	4	2	0	1	0	0	0	0	0	0
1110	chr1:206028425-206413654	SBS8	4	2	0	0	0	1	0	0	0	0
1111	chr1:206427693-206910607	SBS8	2	2	0	1	0	0	0	0	0	0
1112	chr1:206911338-207573869	SBS13	2	2	0	1	0	0	0	0	0	0
1113	chr1:206911338-207573869	SBS5	2	2	0	1	0	0	0	0	0	0
1114	chr1:206911338-207573869	SBS8	2	2	0	1	0	0	0	0	0	0
1115	chr1:207589769-212693661	SBS1	2	2	0	1	0	0	0	0	0	0
1116	chr1:207589769-212693661	SBS100	2	2	0	1	0	0	0	0	0	0
1117	chr1:207589769-212693661	SBS13	2	2	0	3	0	0	0	0	0	0
1118	chr1:207589769-212693661	SBS3	2	2	1	3	0	0	0	0	0	0
1119	chr1:207589769-212693661	SBS5	2	2	1	4	0	0	0	0	0	0
1120	chr1:207589769-212693661	SBS8	2	2	2	5	0	0	0	0	0	0
1121	chr1:20868001-20916000	SBS8	2	1	0	1	0	0	0	0	0	0
1122	chr1:212693662-214259000	SBS13	2	0	0	1	0	0	0	0	0	0
1123	chr1:212693662-214259000	SBS3	2	0	0	1	0	0	0	0	0	0
1124	chr1:212693662-214259000	SBS5	2	0	3	0	0	0	0	0	0	0
1125	chr1:212693662-214259000	SBS8	2	0	0	3	0	0	0	0	0	0
1126	chr1:214259001-214619000	SBS100	2	0	1	0	0	0	0	0	0	0
1127	chr1:214619001-217945470	SBS13	2	0	1	0	0	0	0	0	0	0
1128	chr1:214619001-217945470	SBS3	2	0	4	1	0	0	0	0	0	0
1129	chr1:214619001-217945470	SBS5	2	0	1	0	0	0	0	0	0	0
1130	chr1:214619001-217945470	SBS8	2	0	7	0	0	0	0	0	0	0
1131	chr1:217945512-218278000	SBS5	2	0	1	0	0	0	0	0	0	0
1132	chr1:217945512-218278000	SBS8	2	0	1	0	0	0	0	0	0	0
1133	chr1:218278001-222237000	SBS13	2	0	0	1	0	0	0	0	0	0
1134	chr1:218278001-222237000	SBS3	2	0	1	0	0	0	0	0	0	0
1135	chr1:218278001-222237000	SBS5	2	0	3	0	0	0	0	0	0	0
1136	chr1:218278001-222237000	SBS8	2	0	3	1	0	0	0	0	0	0
1137	chr1:22051001-23199392	SBS3	2	1	0	2	0	0	0	0	0	0
1138	chr1:22051001-23199392	SBS8	2	1	0	2	0	0	0	0	0	0
1139	chr1:222237001-224015000	SBS1	3	0	0	1	0	0	0	0	0	0
1140	chr1:222237001-224015000	SBS3	3	0	1	0	0	0	0	0	0	0
1141	chr1:222237001-224015000	SBS5	3	0	4	0	0	0	0	0	0	0
1142	chr1:222237001-224015000	SBS8	3	0	2	0	0	0	0	0	0	0
1143	chr1:224015001-225693232	SBS5	2	0	2	0	0	0	0	0	0	0
1144	chr1:224015001-225693232	SBS8	2	0	0	1	0	0	0	0	0	0
1145	chr1:226496389-228387389	SBS1	4	0	1	0	0	0	0	0	0	0
1146	chr1:226496389-228387389	SBS100	4	0	0	0	0	1	0	0	0	0
1147	chr1:226496389-228387389	SBS13	4	0	0	0	1	0	0	0	0	0
1148	chr1:226496389-228387389	SBS3	4	0	1	0	1	0	0	0	0	0
1149	chr1:226496389-228387389	SBS5	4	0	2	0	0	0	0	0	0	0
1150	chr1:226496389-228387389	SBS8	4	0	0	1	0	0	0	0	0	0
1151	chr1:228398933-232385443	SBS1	5	0	0	0	1	0	0	2	0	0
1152	chr1:228398933-232385443	SBS100	5	0	0	0	1	0	0	0	0	0
1153	chr1:228398933-232385443	SBS3	5	0	2	1	0	0	0	1	0	0
1154	chr1:228398933-232385443	SBS5	5	0	3	1	1	2	0	0	0	0
1155	chr1:228398933-232385443	SBS8	5	0	2	1	5	0	0	2	0	0
1156	chr1:23199490-28459843	SBS100	2	1	2	0	0	0	0	0	0	0
1157	chr1:23199490-28459843	SBS13	2	1	0	1	0	0	0	0	0	0
1158	chr1:23199490-28459843	SBS3	2	1	2	1	0	0	0	0	0	0
1159	chr1:23199490-28459843	SBS5	2	1	2	2	0	0	0	0	0	0
1160	chr1:23199490-28459843	SBS8	2	1	0	4	0	0	0	0	0	0
1161	chr1:232395738-233361695	SBS3	5	0	1	1	0	0	0	0	0	0
1162	chr1:232395738-233361695	SBS5	5	0	2	0	2	0	0	0	0	0
1163	chr1:232395738-233361695	SBS8	5	0	0	0	2	1	0	0	0	0
1164	chr1:233361738-234454000	SBS100	5	0	0	0	0	1	0	1	0	0
1165	chr1:233361738-234454000	SBS3	5	0	0	2	0	0	0	0	0	0
1166	chr1:233361738-234454000	SBS8	5	0	0	0	0	0	0	1	0	0
1167	chr1:234454001-235333000	SBS3	6	0	0	1	0	1	0	0	0	0
1168	chr1:234454001-235333000	SBS8	6	0	0	0	1	0	0	0	0	0
1169	chr1:235333001-237562423	SBS13	5	0	0	0	1	0	0	0	0	0
1170	chr1:235333001-237562423	SBS3	5	0	0	1	1	0	0	0	0	0
1171	chr1:235333001-237562423	SBS5	5	0	1	2	0	0	0	0	0	0
1172	chr1:235333001-237562423	SBS8	5	0	0	2	1	0	0	1	0	0
1173	chr1:237562507-238375781	SBS3	5	0	0	0	1	0	0	0	0	0
1174	chr1:237562507-238375781	SBS5	5	0	0	1	0	0	0	0	0	0
1175	chr1:237562507-238375781	SBS8	5	0	0	2	0	0	0	0	0	0
1176	chr1:238392513-239998259	SBS100	5	0	0	1	0	0	0	0	0	0
1177	chr1:238392513-239998259	SBS13	5	0	0	0	0	1	0	0	0	0
1178	chr1:238392513-239998259	SBS3	5	0	0	1	0	0	0	0	0	0
1179	chr1:238392513-239998259	SBS5	5	0	0	1	0	0	0	0	0	0
1180	chr1:238392513-239998259	SBS8	5	0	2	0	0	1	0	0	0	0
1181	chr1:240002230-241318048	SBS100	4	0	0	0	1	0	0	0	0	0
1182	chr1:240002230-241318048	SBS13	4	0	1	0	0	0	0	0	0	0
1183	chr1:240002230-241318048	SBS3	4	0	2	2	0	0	0	0	0	0
1184	chr1:240002230-241318048	SBS5	4	0	1	0	2	0	0	0	0	0
1185	chr1:240002230-241318048	SBS8	4	0	1	4	4	0	0	0	0	0
1186	chr1:241318049-241344205	SBS8	6	0	0	0	1	0	0	0	0	0
1187	chr1:241344206-241687222	SBS8	5	0	0	1	0	0	0	0	0	0
1188	chr1:241687223-242877000	SBS13	3	0	1	0	0	0	0	0	0	0
1189	chr1:241687223-242877000	SBS5	3	0	1	0	0	0	0	0	0	0
1190	chr1:241687223-242877000	SBS8	3	0	0	1	0	0	0	0	0	0
1191	chr1:242877001-244332479	SBS3	3	0	1	0	0	0	0	0	0	0
1192	chr1:242877001-244332479	SBS5	3	0	1	1	1	0	0	0	0	0
1193	chr1:244333985-248956422	SBS1	3	0	0	0	1	0	0	0	0	0
1194	chr1:244333985-248956422	SBS100	3	0	1	0	1	0	0	0	0	0
1195	chr1:244333985-248956422	SBS13	3	0	0	1	0	0	0	0	0	0
1196	chr1:244333985-248956422	SBS3	3	0	2	0	1	0	0	0	0	0
1197	chr1:244333985-248956422	SBS8	3	0	1	2	4	0	0	0	0	0
1198	chr1:2578258-5891000	SBS1	2	0	2	0	0	0	0	0	0	0
1199	chr1:2578258-5891000	SBS13	2	0	1	0	0	0	0	0	0	0
1200	chr1:2578258-5891000	SBS3	2	0	2	1	0	0	0	0	0	0
1201	chr1:2578258-5891000	SBS5	2	0	1	1	0	0	0	0	0	0
1202	chr1:2578258-5891000	SBS8	2	0	1	3	0	0	0	0	0	0
1203	chr1:28459844-28499367	SBS5	4	1	0	0	0	1	0	0	0	0
1204	chr1:28539663-30605000	SBS3	2	1	1	3	0	0	0	0	0	0
1205	chr1:28539663-30605000	SBS8	2	1	3	3	0	0	0	0	0	0
1206	chr1:30638185-35888429	SBS3	2	1	3	2	0	0	0	0	0	0
1207	chr1:30638185-35888429	SBS5	2	1	1	0	0	0	0	0	0	0
1208	chr1:30638185-35888429	SBS8	2	1	4	3	0	0	0	0	0	0
1209	chr1:35889604-36107716	SBS8	2	1	0	1	0	0	0	0	0	0
1210	chr1:36115097-37991583	SBS100	2	1	1	0	0	0	0	0	0	0
1211	chr1:36115097-37991583	SBS3	2	1	2	2	0	0	0	0	0	0
1212	chr1:36115097-37991583	SBS5	2	1	2	0	0	0	0	0	0	0
1213	chr1:36115097-37991583	SBS8	2	1	0	2	0	0	0	0	0	0
1214	chr1:38003715-48034548	SBS100	2	1	3	0	0	0	0	0	0	0
1215	chr1:38003715-48034548	SBS3	2	1	13	3	0	0	0	0	0	0
1216	chr1:38003715-48034548	SBS5	2	1	6	4	0	0	0	0	0	0
1217	chr1:38003715-48034548	SBS8	2	1	5	4	0	0	0	0	0	0
1218	chr1:48034549-56896216	SBS1	3	2	0	1	0	0	0	0	0	0
1219	chr1:48034549-56896216	SBS100	3	2	1	0	0	0	0	0	0	0
1220	chr1:48034549-56896216	SBS13	3	2	0	0	2	0	0	0	0	0
1221	chr1:48034549-56896216	SBS3	3	2	6	6	5	0	0	0	0	0
1222	chr1:48034549-56896216	SBS5	3	2	4	4	6	0	0	0	0	0
1223	chr1:48034549-56896216	SBS8	3	2	3	2	3	0	0	0	0	0
1224	chr1:56896265-66795725	SBS1	3	2	0	0	1	0	0	0	0	0
1225	chr1:56896265-66795725	SBS100	3	2	1	1	0	0	0	0	0	0
1226	chr1:56896265-66795725	SBS13	3	2	0	0	1	0	0	0	0	0
1227	chr1:56896265-66795725	SBS3	3	2	1	6	10	0	0	0	0	0
1228	chr1:56896265-66795725	SBS5	3	2	3	2	5	0	0	0	0	0
1229	chr1:56896265-66795725	SBS8	3	2	2	9	6	0	0	0	0	0
1230	chr1:6269624-9643000	SBS3	3	0	1	0	1	0	0	0	0	0
1231	chr1:6269624-9643000	SBS5	3	0	1	0	0	0	0	0	0	0
1232	chr1:6269624-9643000	SBS8	3	0	2	1	0	0	0	0	0	0
1233	chr1:66795767-67479234	SBS3	3	2	0	0	1	0	0	0	0	0
1234	chr1:66795767-67479234	SBS5	3	2	0	2	1	0	0	0	0	0
1235	chr1:66795767-67479234	SBS8	3	2	1	1	1	0	0	0	0	0
1236	chr1:67479608-67929165	SBS5	4	2	0	1	0	0	0	0	0	0
1237	chr1:67933110-72876151	SBS1	4	2	0	1	0	1	0	0	0	0
1238	chr1:67933110-72876151	SBS3	4	2	0	2	1	2	0	0	0	0
1239	chr1:67933110-72876151	SBS5	4	2	1	4	0	1	0	0	0	0
1240	chr1:67933110-72876151	SBS8	4	2	1	7	3	2	0	0	0	0
1241	chr1:72881995-74926516	SBS1	4	2	0	0	0	1	0	0	0	0
1242	chr1:72881995-74926516	SBS100	4	2	0	0	0	1	0	0	0	0
1243	chr1:72881995-74926516	SBS13	4	2	0	0	1	0	0	0	0	0
1244	chr1:72881995-74926516	SBS3	4	2	2	2	2	1	0	0	0	0
1245	chr1:72881995-74926516	SBS5	4	2	0	1	1	1	0	0	0	0
1246	chr1:72881995-74926516	SBS8	4	2	0	1	2	0	0	0	0	0
1247	chr1:74926551-77123706	SBS13	4	2	0	0	1	0	0	0	0	0
1248	chr1:74926551-77123706	SBS3	4	2	0	2	0	1	0	0	0	0
1249	chr1:74926551-77123706	SBS5	4	2	0	1	0	2	0	0	0	0
1250	chr1:74926551-77123706	SBS8	4	2	0	1	4	1	0	0	0	0
1251	chr1:77131587-78510140	SBS3	4	2	0	1	0	0	0	0	0	0
1252	chr1:78514887-82627478	SBS1	4	2	0	1	0	0	0	0	0	0
1253	chr1:78514887-82627478	SBS13	4	2	0	0	1	0	0	0	0	0
1254	chr1:78514887-82627478	SBS3	4	2	0	1	1	6	0	0	0	0
1255	chr1:78514887-82627478	SBS5	4	2	2	1	0	1	0	0	0	0
1256	chr1:78514887-82627478	SBS8	4	2	1	4	4	0	0	0	0	0
1257	chr1:82627479-83655286	SBS3	4	2	0	1	0	0	0	0	0	0
1258	chr1:82627479-83655286	SBS5	4	2	0	1	0	0	0	0	0	0
1259	chr1:83655330-89802092	SBS100	4	2	0	1	1	0	0	0	0	0
1260	chr1:83655330-89802092	SBS13	4	2	0	1	1	0	0	0	0	0
1261	chr1:83655330-89802092	SBS3	4	2	2	6	1	4	0	0	0	0
1262	chr1:83655330-89802092	SBS5	4	2	6	2	1	2	0	0	0	0
1263	chr1:83655330-89802092	SBS8	4	2	1	3	2	4	0	0	0	0
1264	chr1:90187666-90567366	SBS5	4	2	0	0	0	1	0	0	0	0
1265	chr1:90187666-90567366	SBS8	4	2	0	0	1	0	0	0	0	0
1266	chr1:90567367-92339540	SBS1	4	2	0	1	0	0	0	0	0	0
1267	chr1:90567367-92339540	SBS3	4	2	0	1	0	0	0	0	0	0
1268	chr1:90567367-92339540	SBS5	4	2	0	0	1	0	0	0	0	0
1269	chr1:90567367-92339540	SBS8	4	2	0	0	0	1	0	0	0	0
1270	chr1:92339590-95419288	SBS100	4	2	0	2	0	0	0	0	0	0
1271	chr1:92339590-95419288	SBS13	4	2	0	0	0	1	0	0	0	0
1272	chr1:92339590-95419288	SBS3	4	2	0	3	0	3	0	0	0	0
1273	chr1:92339590-95419288	SBS5	4	2	1	1	0	0	0	0	0	0
1274	chr1:92339590-95419288	SBS8	4	2	1	3	1	1	0	0	0	0
1275	chr1:95419597-98178385	SBS100	4	2	0	0	0	1	0	0	0	0
1276	chr1:95419597-98178385	SBS13	4	2	0	0	1	0	0	0	0	0
1277	chr1:95419597-98178385	SBS3	4	2	1	1	1	1	0	0	0	0
1278	chr1:95419597-98178385	SBS8	4	2	1	4	0	3	0	0	0	0
1279	chr1:9737001-10260000	SBS3	3	0	1	0	0	0	0	0	0	0
1280	chr1:9737001-10260000	SBS8	3	0	0	0	1	0	0	0	0	0
1281	chr1:98178427-99436044	SBS100	4	2	1	0	0	0	0	0	0	0
1282	chr1:98178427-99436044	SBS3	4	2	0	1	0	2	0	0	0	0
1283	chr1:98178427-99436044	SBS8	4	2	1	1	0	0	0	0	0	0
1284	chr1:99436077-101777465	SBS100	4	2	0	1	0	0	0	0	0	0
1285	chr1:99436077-101777465	SBS13	4	2	0	1	0	0	0	0	0	0
1286	chr1:99436077-101777465	SBS3	4	2	1	1	3	2	0	0	0	0
1287	chr1:99436077-101777465	SBS5	4	2	0	1	1	1	0	0	0	0
1288	chr1:99436077-101777465	SBS8	4	2	0	2	0	1	0	0	0	0
1289	chr20:1-1937032	SBS1	2	0	0	1	0	0	0	0	0	0
1290	chr20:1-1937032	SBS100	2	0	0	2	0	0	0	0	0	0
1291	chr20:1-1937032	SBS3	2	0	2	1	0	0	0	0	0	0
1292	chr20:1-1937032	SBS5	2	0	0	1	0	0	0	0	0	0
1293	chr20:1-1937032	SBS8	2	0	0	3	0	0	0	0	0	0
1294	chr20:10848204-10848452	SBS1	2	1	0	1	0	0	0	0	0	0
1295	chr20:10848453-10888527	SBS8	3	2	0	0	3	0	0	0	0	0
1296	chr20:10912954-11874800	SBS13	2	0	1	0	0	0	0	0	0	0
1297	chr20:10912954-11874800	SBS3	2	0	0	1	0	0	0	0	0	0
1298	chr20:10912954-11874800	SBS5	2	0	0	1	0	0	0	0	0	0
1299	chr20:12063447-12631000	SBS1	4	2	0	1	0	0	0	0	0	0
1300	chr20:12063447-12631000	SBS5	4	2	0	0	2	0	0	0	0	0
1301	chr20:12794136-12992762	SBS13	2	1	1	0	0	0	0	0	0	0
1302	chr20:12794136-12992762	SBS3	2	1	1	0	0	0	0	0	0	0
1303	chr20:12794136-12992762	SBS5	2	1	0	1	0	0	0	0	0	0
1304	chr20:12794136-12992762	SBS8	2	1	1	2	0	0	0	0	0	0
1305	chr20:12992763-13159917	SBS13	2	1	3	0	0	0	0	0	0	0
1306	chr20:12992763-13159917	SBS5	2	1	1	0	0	0	0	0	0	0
1307	chr20:13982700-14014315	SBS13	2	2	0	2	0	0	0	0	0	0
1308	chr20:13982700-14014315	SBS5	2	2	0	1	0	0	0	0	0	0
1309	chr20:13982700-14014315	SBS8	2	2	0	1	0	0	0	0	0	0
1310	chr20:14538161-14542994	SBS13	2	1	1	0	0	0	0	0	0	0
1311	chr20:14544462-15202165	SBS3	2	0	1	0	0	0	0	0	0	0
1312	chr20:14544462-15202165	SBS5	2	0	0	1	0	0	0	0	0	0
1313	chr20:15300737-15301043	SBS13	3	0	0	1	0	0	0	0	0	0
1314	chr20:15668556-15950708	SBS13	2	1	0	1	0	0	0	0	0	0
1315	chr20:17164302-17252470	SBS8	3	1	0	0	1	0	0	0	0	0
1316	chr20:17397079-17398652	SBS13	2	0	3	0	0	0	0	0	0	0
1317	chr20:17634067-17704486	SBS13	4	2	0	0	1	1	0	0	0	0
1318	chr20:17634067-17704486	SBS3	4	2	0	1	0	0	0	0	0	0
1319	chr20:17634067-17704486	SBS8	4	2	0	0	1	0	0	0	0	0
1320	chr20:17704487-17936044	SBS100	2	1	1	0	0	0	0	0	0	0
1321	chr20:18099001-18910476	SBS13	2	0	0	1	0	0	0	0	0	0
1322	chr20:18099001-18910476	SBS3	2	0	1	0	0	0	0	0	0	0
1323	chr20:18099001-18910476	SBS5	2	0	1	0	0	0	0	0	0	0
1324	chr20:18099001-18910476	SBS8	2	0	1	1	0	0	0	0	0	0
1325	chr20:19002001-20304871	SBS8	2	0	1	2	0	0	0	0	0	0
1326	chr20:2010732-5451595	SBS3	2	0	1	1	0	0	0	0	0	0
1327	chr20:2010732-5451595	SBS5	2	0	0	1	0	0	0	0	0	0
1328	chr20:2010732-5451595	SBS8	2	0	1	1	0	0	0	0	0	0
1329	chr20:20304872-20395556	SBS100	2	1	1	0	0	0	0	0	0	0
1330	chr20:20304872-20395556	SBS13	2	1	2	2	0	0	0	0	0	0
1331	chr20:20304872-20395556	SBS3	2	1	1	1	0	0	0	0	0	0
1332	chr20:20304872-20395556	SBS5	2	1	3	0	0	0	0	0	0	0
1333	chr20:20304872-20395556	SBS8	2	1	1	1	0	0	0	0	0	0
1334	chr20:20399697-20649000	SBS13	2	2	0	1	0	0	0	0	0	0
1335	chr20:20399697-20649000	SBS5	2	2	1	0	0	0	0	0	0	0
1336	chr20:20399697-20649000	SBS8	2	2	1	1	0	0	0	0	0	0
1337	chr20:20649001-20689890	SBS100	4	2	0	0	1	0	0	0	0	0
1338	chr20:20649001-20689890	SBS13	4	2	0	3	1	0	0	0	0	0
1339	chr20:20649001-20689890	SBS3	4	2	0	1	0	0	0	0	0	0
1340	chr20:20649001-20689890	SBS5	4	2	1	0	0	0	0	0	0	0
1341	chr20:20649001-20689890	SBS8	4	2	0	1	0	0	0	0	0	0
1342	chr20:20690352-20713071	SBS100	4	2	0	0	1	0	0	0	0	0
1343	chr20:20690352-20713071	SBS13	4	2	0	0	2	0	0	0	0	0
1344	chr20:20690352-20713071	SBS3	4	2	0	0	0	2	0	0	0	0
1345	chr20:20690352-20713071	SBS5	4	2	0	0	0	3	0	0	0	0
1346	chr20:20713094-20993293	SBS13	2	2	0	1	0	0	0	0	0	0
1347	chr20:20713094-20993293	SBS3	2	2	1	1	0	0	0	0	0	0
1348	chr20:20713094-20993293	SBS5	2	2	1	1	0	0	0	0	0	0
1349	chr20:20713094-20993293	SBS8	2	2	0	1	0	0	0	0	0	0
1350	chr20:20993294-20998558	SBS3	2	2	0	2	0	0	0	0	0	0
1351	chr20:20993294-20998558	SBS8	2	2	0	2	0	0	0	0	0	0
1352	chr20:20998559-21213000	SBS1	2	1	1	0	0	0	0	0	0	0
1353	chr20:21308001-21364000	SBS100	2	1	1	0	0	0	0	0	0	0
1354	chr20:21308001-21364000	SBS5	2	1	2	0	0	0	0	0	0	0
1355	chr20:21308001-21364000	SBS8	2	1	1	0	0	0	0	0	0	0
1356	chr20:21364001-22330391	SBS3	2	0	2	1	0	0	0	0	0	0
1357	chr20:21364001-22330391	SBS8	2	0	3	1	0	0	0	0	0	0
1358	chr20:22330392-22793360	SBS13	2	2	0	1	0	0	0	0	0	0
1359	chr20:22330392-22793360	SBS3	2	2	0	1	0	0	0	0	0	0
1360	chr20:22330392-22793360	SBS5	2	2	1	0	0	0	0	0	0	0
1361	chr20:22943979-23046997	SBS3	2	2	2	0	0	0	0	0	0	0
1362	chr20:23229001-23595084	SBS100	2	2	0	1	0	0	0	0	0	0
1363	chr20:23229001-23595084	SBS3	2	2	0	1	0	0	0	0	0	0
1364	chr20:23229001-23595084	SBS8	2	2	1	0	0	0	0	0	0	0
1365	chr20:23596658-23597362	SBS13	4	2	0	0	2	0	0	0	0	0
1366	chr20:23607994-23613400	SBS100	4	2	0	0	1	0	0	0	0	0
1367	chr20:23607994-23613400	SBS3	4	2	0	1	0	0	0	0	0	0
1368	chr20:23607994-23613400	SBS5	4	2	0	1	0	0	0	0	0	0
1369	chr20:23613401-23690990	SBS100	3	2	1	1	1	0	0	0	0	0
1370	chr20:23613401-23690990	SBS13	3	2	1	5	1	0	0	0	0	0
1371	chr20:23613401-23690990	SBS3	3	2	0	3	0	0	0	0	0	0
1372	chr20:23613401-23690990	SBS5	3	2	1	3	0	0	0	0	0	0
1373	chr20:23613401-23690990	SBS8	3	2	0	6	1	0	0	0	0	0
1374	chr20:23690991-23776000	SBS100	2	1	2	2	0	0	0	0	0	0
1375	chr20:23690991-23776000	SBS3	2	1	1	2	0	0	0	0	0	0
1376	chr20:23690991-23776000	SBS5	2	1	4	4	0	0	0	0	0	0
1377	chr20:23776001-24762685	SBS13	2	0	1	0	0	0	0	0	0	0
1378	chr20:23776001-24762685	SBS5	2	0	2	1	0	0	0	0	0	0
1379	chr20:23776001-24762685	SBS8	2	0	3	0	0	0	0	0	0	0
1380	chr20:24783024-28237289	SBS1	2	0	1	0	0	0	0	0	0	0
1381	chr20:24783024-28237289	SBS3	2	0	5	1	0	0	0	0	0	0
1382	chr20:24783024-28237289	SBS5	2	0	6	2	0	0	0	0	0	0
1383	chr20:24783024-28237289	SBS8	2	0	2	0	0	0	0	0	0	0
1384	chr20:28237290-33676057	SBS1	2	0	3	0	0	0	0	0	0	0
1385	chr20:28237290-33676057	SBS100	2	0	1	0	0	0	0	0	0	0
1386	chr20:28237290-33676057	SBS13	2	0	4	0	0	0	0	0	0	0
1387	chr20:28237290-33676057	SBS3	2	0	22	1	0	0	0	0	0	0
1388	chr20:28237290-33676057	SBS5	2	0	35	1	0	0	0	0	0	0
1389	chr20:28237290-33676057	SBS8	2	0	21	0	0	0	0	0	0	0
1390	chr20:33676095-38063774	SBS1	2	0	1	0	0	0	0	0	0	0
1391	chr20:33676095-38063774	SBS3	2	0	4	0	0	0	0	0	0	0
1392	chr20:33676095-38063774	SBS5	2	0	2	2	0	0	0	0	0	0
1393	chr20:33676095-38063774	SBS8	2	0	2	2	0	0	0	0	0	0
1394	chr20:38073571-42584443	SBS1	2	0	1	0	0	0	0	0	0	0
1395	chr20:38073571-42584443	SBS3	2	0	2	0	0	0	0	0	0	0
1396	chr20:38073571-42584443	SBS5	2	0	2	1	0	0	0	0	0	0
1397	chr20:38073571-42584443	SBS8	2	0	4	2	0	0	0	0	0	0
1398	chr20:42584608-47274000	SBS1	2	0	0	1	0	0	0	0	0	0
1399	chr20:42584608-47274000	SBS13	2	0	0	1	0	0	0	0	0	0
1400	chr20:42584608-47274000	SBS3	2	0	1	2	0	0	0	0	0	0
1401	chr20:42584608-47274000	SBS5	2	0	2	1	0	0	0	0	0	0
1402	chr20:42584608-47274000	SBS8	2	0	2	0	0	0	0	0	0	0
1403	chr20:47328392-50255594	SBS1	2	2	0	2	0	0	0	0	0	0
1404	chr20:47328392-50255594	SBS100	2	2	0	1	0	0	0	0	0	0
1405	chr20:47328392-50255594	SBS13	2	2	1	2	0	0	0	0	0	0
1406	chr20:47328392-50255594	SBS3	2	2	3	3	0	0	0	0	0	0
1407	chr20:47328392-50255594	SBS5	2	2	1	2	0	0	0	0	0	0
1408	chr20:47328392-50255594	SBS8	2	2	1	4	0	0	0	0	0	0
1409	chr20:50255631-50537197	SBS8	3	2	0	0	1	0	0	0	0	0
1410	chr20:50537198-51019167	SBS8	4	2	0	0	0	1	0	0	0	0
1411	chr20:51019168-53446426	SBS100	2	2	0	2	0	0	0	0	0	0
1412	chr20:51019168-53446426	SBS13	2	2	0	5	0	0	0	0	0	0
1413	chr20:51019168-53446426	SBS3	2	2	0	3	0	0	0	0	0	0
1414	chr20:51019168-53446426	SBS5	2	2	1	1	0	0	0	0	0	0
1415	chr20:51019168-53446426	SBS8	2	2	0	1	0	0	0	0	0	0
1416	chr20:53453162-58721354	SBS100	2	2	1	2	0	0	0	0	0	0
1417	chr20:53453162-58721354	SBS13	2	2	0	1	0	0	0	0	0	0
1418	chr20:53453162-58721354	SBS3	2	2	0	1	0	0	0	0	0	0
1419	chr20:53453162-58721354	SBS5	2	2	1	4	0	0	0	0	0	0
1420	chr20:53453162-58721354	SBS8	2	2	1	12	0	0	0	0	0	0
1421	chr20:5451673-6457511	SBS1	2	0	1	0	0	0	0	0	0	0
1422	chr20:5451673-6457511	SBS100	2	0	1	0	0	0	0	0	0	0
1423	chr20:5451673-6457511	SBS13	2	0	1	0	0	0	0	0	0	0
1424	chr20:5451673-6457511	SBS8	2	0	2	1	0	0	0	0	0	0
1425	chr20:58732611-59004303	SBS3	2	2	0	2	0	0	0	0	0	0
1426	chr20:58732611-59004303	SBS8	2	2	0	1	0	0	0	0	0	0
1427	chr20:59015177-64444167	SBS1	2	2	1	0	0	0	0	0	0	0
1428	chr20:59015177-64444167	SBS100	2	2	2	2	0	0	0	0	0	0
1429	chr20:59015177-64444167	SBS13	2	2	0	2	0	0	0	0	0	0
1430	chr20:59015177-64444167	SBS3	2	2	2	3	0	0	0	0	0	0
1431	chr20:59015177-64444167	SBS5	2	2	3	6	0	0	0	0	0	0
1432	chr20:59015177-64444167	SBS8	2	2	1	5	0	0	0	0	0	0
1433	chr20:6457512-7923000	SBS3	2	0	0	1	0	0	0	0	0	0
1434	chr20:6457512-7923000	SBS5	2	0	1	1	0	0	0	0	0	0
1435	chr20:6457512-7923000	SBS8	2	0	1	0	0	0	0	0	0	0
1436	chr20:7923001-7924328	SBS3	3	1	1	0	0	0	0	0	0	0
1437	chr20:7924674-8435834	SBS13	2	1	3	2	0	0	0	0	0	0
1438	chr20:7924674-8435834	SBS3	2	1	2	2	0	0	0	0	0	0
1439	chr20:7924674-8435834	SBS5	2	1	0	2	0	0	0	0	0	0
1440	chr20:7924674-8435834	SBS8	2	1	1	0	0	0	0	0	0	0
1441	chr20:8436438-8574126	SBS100	2	1	1	0	0	0	0	0	0	0
1442	chr20:8436438-8574126	SBS3	2	1	0	1	0	0	0	0	0	0
1443	chr20:8881388-8990793	SBS5	2	1	1	1	0	0	0	0	0	0
1444	chr20:8881388-8990793	SBS8	2	1	0	1	0	0	0	0	0	0
1445	chr20:9138290-10847861	SBS1	2	0	0	1	0	0	0	0	0	0
1446	chr20:9138290-10847861	SBS3	2	0	0	1	0	0	0	0	0	0
1447	chr20:9138290-10847861	SBS5	2	0	0	1	0	0	0	0	0	0
1448	chr21:1-9652907	SBS3	2	0	3	0	0	0	0	0	0	0
1449	chr21:1-9652907	SBS5	2	0	2	0	0	0	0	0	0	0
1450	chr21:1-9652907	SBS8	2	0	1	0	0	0	0	0	0	0
1451	chr21:11890184-19088329	SBS100	2	0	2	0	0	0	0	0	0	0
1452	chr21:11890184-19088329	SBS3	2	0	3	2	0	0	0	0	0	0
1453	chr21:11890184-19088329	SBS5	2	0	7	0	0	0	0	0	0	0
1454	chr21:19098533-25258000	SBS13	2	0	1	0	0	0	0	0	0	0
1455	chr21:19098533-25258000	SBS3	2	0	2	0	0	0	0	0	0	0
1456	chr21:19098533-25258000	SBS5	2	0	1	4	0	0	0	0	0	0
1457	chr21:19098533-25258000	SBS8	2	0	7	7	0	0	0	0	0	0
1458	chr21:25258001-34742000	SBS1	2	0	0	1	0	0	0	0	0	0
1459	chr21:25258001-34742000	SBS13	2	0	0	2	0	0	0	0	0	0
1460	chr21:25258001-34742000	SBS3	2	0	4	4	0	0	0	0	0	0
1461	chr21:25258001-34742000	SBS5	2	0	8	2	0	0	0	0	0	0
1462	chr21:25258001-34742000	SBS8	2	0	4	6	0	0	0	0	0	0
1463	chr21:34742001-35729689	SBS100	2	0	0	1	0	0	0	0	0	0
1464	chr21:34742001-35729689	SBS3	2	0	1	0	0	0	0	0	0	0
1465	chr21:34742001-35729689	SBS5	2	0	1	1	0	0	0	0	0	0
1466	chr21:34742001-35729689	SBS8	2	0	1	0	0	0	0	0	0	0
1467	chr21:35729766-39725000	SBS1	2	0	1	0	0	0	0	0	0	0
1468	chr21:35729766-39725000	SBS3	2	0	4	1	0	0	0	0	0	0
1469	chr21:35729766-39725000	SBS5	2	0	0	1	0	0	0	0	0	0
1470	chr21:35729766-39725000	SBS8	2	0	2	0	0	0	0	0	0	0
1471	chr21:39725001-41044000	SBS3	2	0	1	0	0	0	0	0	0	0
1472	chr21:39725001-41044000	SBS5	2	0	2	1	0	0	0	0	0	0
1473	chr21:39725001-41044000	SBS8	2	0	1	1	0	0	0	0	0	0
1474	chr21:41044001-44944551	SBS13	2	0	1	0	0	0	0	0	0	0
1475	chr21:41044001-44944551	SBS3	2	0	3	0	0	0	0	0	0	0
1476	chr21:41044001-44944551	SBS5	2	0	2	0	0	0	0	0	0	0
1477	chr21:41044001-44944551	SBS8	2	0	1	1	0	0	0	0	0	0
1478	chr21:44944850-46709983	SBS1	2	0	0	1	0	0	0	0	0	0
1479	chr21:44944850-46709983	SBS3	2	0	3	0	0	0	0	0	0	0
1480	chr21:44944850-46709983	SBS5	2	0	1	1	0	0	0	0	0	0
1481	chr21:44944850-46709983	SBS8	2	0	1	0	0	0	0	0	0	0
1482	chr21:9652908-11890183	SBS1	2	0	1	0	0	0	0	0	0	0
1483	chr21:9652908-11890183	SBS13	2	0	1	0	0	0	0	0	0	0
1484	chr21:9652908-11890183	SBS3	2	0	4	0	0	0	0	0	0	0
1485	chr21:9652908-11890183	SBS5	2	0	5	0	0	0	0	0	0	0
1486	chr21:9652908-11890183	SBS8	2	0	10	0	0	0	0	0	0	0
1487	chr22:1-14004552	SBS3	2	2	10	0	0	0	0	0	0	0
1488	chr22:1-14004552	SBS5	2	2	11	0	0	0	0	0	0	0
1489	chr22:1-14004552	SBS8	2	2	10	1	0	0	0	0	0	0
1490	chr22:14004553-19634036	SBS1	2	2	2	1	0	0	0	0	0	0
1491	chr22:14004553-19634036	SBS100	2	2	0	1	0	0	0	0	0	0
1492	chr22:14004553-19634036	SBS13	2	2	1	0	0	0	0	0	0	0
1493	chr22:14004553-19634036	SBS3	2	2	6	3	0	0	0	0	0	0
1494	chr22:14004553-19634036	SBS5	2	2	3	3	0	0	0	0	0	0
1495	chr22:14004553-19634036	SBS8	2	2	0	3	0	0	0	0	0	0
1496	chr22:19634071-25805000	SBS1	2	2	1	1	0	0	0	0	0	0
1497	chr22:19634071-25805000	SBS100	2	2	4	1	0	0	0	0	0	0
1498	chr22:19634071-25805000	SBS13	2	2	0	1	0	0	0	0	0	0
1499	chr22:19634071-25805000	SBS3	2	2	9	3	0	0	0	0	0	0
1500	chr22:19634071-25805000	SBS5	2	2	12	6	0	0	0	0	0	0
1501	chr22:19634071-25805000	SBS8	2	2	8	5	0	0	0	0	0	0
1502	chr22:25805001-26273000	SBS5	2	1	0	1	0	0	0	0	0	0
1503	chr22:25805001-26273000	SBS8	2	1	1	0	0	0	0	0	0	0
1504	chr22:26273001-29328309	SBS1	2	2	0	3	0	0	0	0	0	0
1505	chr22:26273001-29328309	SBS3	2	2	2	3	0	0	0	0	0	0
1506	chr22:26273001-29328309	SBS5	2	2	0	1	0	0	0	0	0	0
1507	chr22:26273001-29328309	SBS8	2	2	1	4	0	0	0	0	0	0
1508	chr22:29328344-31477874	SBS3	2	2	1	1	0	0	0	0	0	0
1509	chr22:29328344-31477874	SBS5	2	2	3	3	0	0	0	0	0	0
1510	chr22:31477913-35251000	SBS100	2	2	0	1	0	0	0	0	0	0
1511	chr22:31477913-35251000	SBS3	2	2	0	2	0	0	0	0	0	0
1512	chr22:31477913-35251000	SBS5	2	2	0	6	0	0	0	0	0	0
1513	chr22:31477913-35251000	SBS8	2	2	0	10	0	0	0	0	0	0
1514	chr22:35251001-36195713	SBS3	2	2	1	0	0	0	0	0	0	0
1515	chr22:35251001-36195713	SBS8	2	2	1	1	0	0	0	0	0	0
1516	chr22:36195761-40460749	SBS100	2	2	1	0	0	0	0	0	0	0
1517	chr22:36195761-40460749	SBS13	2	2	0	1	0	0	0	0	0	0
1518	chr22:36195761-40460749	SBS3	2	2	2	5	0	0	0	0	0	0
1519	chr22:36195761-40460749	SBS5	2	2	0	6	0	0	0	0	0	0
1520	chr22:36195761-40460749	SBS8	2	2	1	3	0	0	0	0	0	0
1521	chr22:40460750-40701795	SBS3	5	2	0	0	1	0	0	0	0	0
1522	chr22:40701796-42812925	SBS1	2	2	1	0	0	0	0	0	0	0
1523	chr22:40701796-42812925	SBS100	2	2	2	0	0	0	0	0	0	0
1524	chr22:40701796-42812925	SBS3	2	2	1	1	0	0	0	0	0	0
1525	chr22:40701796-42812925	SBS5	2	2	2	1	0	0	0	0	0	0
1526	chr22:40701796-42812925	SBS8	2	2	0	2	0	0	0	0	0	0
1527	chr22:42813117-46720954	SBS1	2	2	0	4	0	0	0	0	0	0
1528	chr22:42813117-46720954	SBS13	2	2	0	1	0	0	0	0	0	0
1529	chr22:42813117-46720954	SBS3	2	2	0	5	0	0	0	0	0	0
1530	chr22:42813117-46720954	SBS8	2	2	1	1	0	0	0	0	0	0
1531	chr22:46884001-49638044	SBS3	2	1	2	2	0	0	0	0	0	0
1532	chr22:46884001-49638044	SBS5	2	1	1	1	0	0	0	0	0	0
1533	chr22:46884001-49638044	SBS8	2	1	0	4	0	0	0	0	0	0
1534	chr22:49741001-50374213	SBS100	2	2	1	1	0	0	0	0	0	0
1535	chr22:49741001-50374213	SBS3	2	2	0	2	0	0	0	0	0	0
1536	chr22:49741001-50374213	SBS5	2	2	1	0	0	0	0	0	0	0
1537	chr22:49741001-50374213	SBS8	2	2	0	2	0	0	0	0	0	0
1538	chr22:50374214-50508433	SBS3	4	2	0	1	0	1	0	0	0	0
1539	chr22:50374214-50508433	SBS8	4	2	0	0	1	0	0	0	0	0
1540	chr22:50508434-50818468	SBS5	2	2	0	2	0	0	0	0	0	0
1541	chr2:1-579596	SBS13	4	3	0	1	0	0	0	0	0	0
1542	chr2:1-579596	SBS3	4	3	0	0	1	0	0	0	0	0
1543	chr2:1-579596	SBS5	4	3	0	0	0	1	0	0	0	0
1544	chr2:1-579596	SBS8	4	3	0	0	1	0	0	0	0	0
1545	chr2:101764799-102624000	SBS13	3	0	0	0	1	0	0	0	0	0
1546	chr2:101764799-102624000	SBS5	3	0	1	0	0	0	0	0	0	0
1547	chr2:10195715-11250309	SBS3	2	2	1	1	0	0	0	0	0	0
1548	chr2:10195715-11250309	SBS5	2	2	1	0	0	0	0	0	0	0
1549	chr2:10195715-11250309	SBS8	2	2	0	1	0	0	0	0	0	0
1550	chr2:102624001-103371717	SBS5	3	0	0	1	2	0	0	0	0	0
1551	chr2:103376406-108875332	SBS1	3	0	0	1	0	0	0	0	0	0
1552	chr2:103376406-108875332	SBS3	3	0	0	1	1	0	0	0	0	0
1553	chr2:103376406-108875332	SBS5	3	0	6	0	2	0	0	0	0	0
1554	chr2:103376406-108875332	SBS8	3	0	0	0	2	0	0	0	0	0
1555	chr2:108875372-112000457	SBS3	3	0	1	0	1	0	0	0	0	0
1556	chr2:108875372-112000457	SBS5	3	0	1	0	0	0	0	0	0	0
1557	chr2:108875372-112000457	SBS8	3	0	0	0	3	0	0	0	0	0
1558	chr2:112002590-113808396	SBS3	3	0	0	0	1	0	0	0	0	0
1559	chr2:11250310-13071000	SBS100	2	0	1	0	0	0	0	0	0	0
1560	chr2:11250310-13071000	SBS3	2	0	1	0	0	0	0	0	0	0
1561	chr2:11250310-13071000	SBS5	2	0	5	0	0	0	0	0	0	0
1562	chr2:113983001-114534675	SBS3	3	0	0	1	0	0	0	0	0	0
1563	chr2:114534976-117801000	SBS100	3	0	0	0	1	0	0	0	0	0
1564	chr2:114534976-117801000	SBS13	3	0	0	0	1	0	0	0	0	0
1565	chr2:114534976-117801000	SBS3	3	0	0	3	1	0	0	0	0	0
1566	chr2:114534976-117801000	SBS5	3	0	2	3	1	0	0	0	0	0
1567	chr2:114534976-117801000	SBS8	3	0	1	1	3	0	0	0	0	0
1568	chr2:117801001-121815000	SBS1	3	0	1	0	0	0	0	0	0	0
1569	chr2:117801001-121815000	SBS100	3	0	0	0	1	0	0	0	0	0
1570	chr2:117801001-121815000	SBS3	3	0	0	1	2	0	0	0	0	0
1571	chr2:117801001-121815000	SBS5	3	0	3	0	0	0	0	0	0	0
1572	chr2:117801001-121815000	SBS8	3	0	0	0	1	0	0	0	0	0
1573	chr2:121815001-126656432	SBS100	3	0	0	1	0	0	0	0	0	0
1574	chr2:121815001-126656432	SBS3	3	0	0	0	2	0	0	0	0	0
1575	chr2:121815001-126656432	SBS5	3	0	3	0	2	0	0	0	0	0
1576	chr2:121815001-126656432	SBS8	3	0	1	0	4	0	0	0	0	0
1577	chr2:126656643-128147589	SBS3	3	0	1	0	0	0	0	0	0	0
1578	chr2:126656643-128147589	SBS8	3	0	1	0	0	0	0	0	0	0
1579	chr2:128218643-128305403	SBS100	3	1	0	1	0	0	0	0	0	0
1580	chr2:128218643-128305403	SBS5	3	1	0	1	0	0	0	0	0	0
1581	chr2:128435108-129915000	SBS100	3	0	0	1	0	0	0	0	0	0
1582	chr2:128435108-129915000	SBS3	3	0	0	0	1	0	0	0	0	0
1583	chr2:128435108-129915000	SBS8	3	0	0	0	1	0	0	0	0	0
1584	chr2:129915001-136445000	SBS1	3	1	3	0	1	0	0	0	0	0
1585	chr2:129915001-136445000	SBS13	3	1	1	1	0	0	0	0	0	0
1586	chr2:129915001-136445000	SBS3	3	1	15	6	2	0	0	0	0	0
1587	chr2:129915001-136445000	SBS5	3	1	9	3	1	0	0	0	0	0
1588	chr2:129915001-136445000	SBS8	3	1	8	6	3	0	0	0	0	0
1589	chr2:13071001-17883500	SBS3	2	0	3	2	0	0	0	0	0	0
1590	chr2:13071001-17883500	SBS5	2	0	2	0	0	0	0	0	0	0
1591	chr2:13071001-17883500	SBS8	2	0	3	0	0	0	0	0	0	0
1592	chr2:136445001-136883000	SBS5	3	1	0	1	0	0	0	0	0	0
1593	chr2:136445001-136883000	SBS8	3	1	0	1	1	0	0	0	0	0
1594	chr2:136883001-142660000	SBS1	3	0	1	0	0	0	0	0	0	0
1595	chr2:136883001-142660000	SBS3	3	0	1	0	2	0	0	0	0	0
1596	chr2:136883001-142660000	SBS5	3	0	2	0	4	0	0	0	0	0
1597	chr2:136883001-142660000	SBS8	3	0	1	1	2	0	0	0	0	0
1598	chr2:142660001-146797746	SBS13	3	0	1	0	1	0	0	0	0	0
1599	chr2:142660001-146797746	SBS3	3	0	1	2	2	0	0	0	0	0
1600	chr2:142660001-146797746	SBS5	3	0	0	0	4	0	0	0	0	0
1601	chr2:142660001-146797746	SBS8	3	0	0	3	3	0	0	0	0	0
1602	chr2:146797783-152114955	SBS1	3	0	1	0	0	0	0	0	0	0
1603	chr2:146797783-152114955	SBS3	3	0	2	1	0	0	0	0	0	0
1604	chr2:146797783-152114955	SBS5	3	0	0	0	2	0	0	0	0	0
1605	chr2:146797783-152114955	SBS8	3	0	2	0	3	0	0	0	0	0
1606	chr2:152115034-152770000	SBS3	3	0	0	1	0	0	0	0	0	0
1607	chr2:152115034-152770000	SBS8	3	0	0	0	1	0	0	0	0	0
1608	chr2:152770001-157787687	SBS13	3	0	0	0	1	0	0	0	0	0
1609	chr2:152770001-157787687	SBS3	3	0	1	1	3	0	0	0	0	0
1610	chr2:152770001-157787687	SBS5	3	0	3	1	5	0	0	0	0	0
1611	chr2:152770001-157787687	SBS8	3	0	1	0	4	0	0	0	0	0
1612	chr2:157787737-160745458	SBS3	3	0	1	0	0	0	0	0	0	0
1613	chr2:157787737-160745458	SBS5	3	0	0	0	2	0	0	0	0	0
1614	chr2:157787737-160745458	SBS8	3	0	1	0	2	0	0	0	0	0
1615	chr2:160745459-161506765	SBS3	6	0	2	0	0	0	0	0	0	0
1616	chr2:161506766-162942343	SBS5	3	0	0	0	2	0	0	0	0	0
1617	chr2:162942381-164421000	SBS8	3	0	1	0	0	0	0	0	0	0
1618	chr2:164421001-164887000	SBS13	4	0	0	0	0	1	0	0	0	0
1619	chr2:164887001-171222682	SBS100	3	0	0	0	1	0	0	0	0	0
1620	chr2:164887001-171222682	SBS13	3	0	0	0	2	0	0	0	0	0
1621	chr2:164887001-171222682	SBS3	3	0	1	0	0	0	0	0	0	0
1622	chr2:164887001-171222682	SBS5	3	0	4	0	3	0	0	0	0	0
1623	chr2:164887001-171222682	SBS8	3	0	2	1	1	0	0	0	0	0
1624	chr2:171222731-175194000	SBS1	3	0	0	0	1	0	0	0	0	0
1625	chr2:171222731-175194000	SBS100	3	0	1	0	0	0	0	0	0	0
1626	chr2:171222731-175194000	SBS3	3	0	0	2	1	0	0	0	0	0
1627	chr2:171222731-175194000	SBS5	3	0	3	0	1	0	0	0	0	0
1628	chr2:171222731-175194000	SBS8	3	0	0	2	0	0	0	0	0	0
1629	chr2:175194001-175821491	SBS100	3	0	0	1	0	0	0	0	0	0
1630	chr2:175194001-175821491	SBS5	3	0	0	0	1	0	0	0	0	0
1631	chr2:175194001-175821491	SBS8	3	0	0	0	1	0	0	0	0	0
1632	chr2:175830887-186492427	SBS100	3	0	0	0	2	0	0	0	0	0
1633	chr2:175830887-186492427	SBS3	3	0	3	0	3	0	0	0	0	0
1634	chr2:175830887-186492427	SBS5	3	0	2	4	1	0	0	0	0	0
1635	chr2:175830887-186492427	SBS8	3	0	3	1	2	0	0	0	0	0
1636	chr2:17883501-20615955	SBS3	1	0	2	0	0	0	0	0	0	0
1637	chr2:17883501-20615955	SBS5	1	0	3	0	0	0	0	0	0	0
1638	chr2:17883501-20615955	SBS8	1	0	2	0	0	0	0	0	0	0
1639	chr2:186503773-188510000	SBS3	3	0	1	0	2	0	0	0	0	0
1640	chr2:186503773-188510000	SBS8	3	0	1	0	0	0	0	0	0	0
1641	chr2:188510001-190833929	SBS3	3	0	4	0	2	0	0	0	0	0
1642	chr2:188510001-190833929	SBS5	3	0	1	0	1	0	0	0	0	0
1643	chr2:188510001-190833929	SBS8	3	0	2	0	4	0	0	0	0	0
1644	chr2:190845131-191755000	SBS3	3	0	0	1	1	0	0	0	0	0
1645	chr2:190845131-191755000	SBS8	3	0	0	0	1	0	0	0	0	0
1646	chr2:191755001-193575836	SBS13	3	0	0	0	1	0	0	0	0	0
1647	chr2:191755001-193575836	SBS3	3	0	2	0	0	0	0	0	0	0
1648	chr2:191755001-193575836	SBS5	3	0	0	1	0	0	0	0	0	0
1649	chr2:191755001-193575836	SBS8	3	0	0	0	1	0	0	0	0	0
1650	chr2:193951351-195386000	SBS3	3	0	0	1	0	0	0	0	0	0
1651	chr2:193951351-195386000	SBS8	3	0	2	1	0	0	0	0	0	0
1652	chr2:195386001-197934964	SBS1	3	0	1	0	0	0	0	0	0	0
1653	chr2:195386001-197934964	SBS100	3	0	1	0	1	0	0	0	0	0
1654	chr2:195386001-197934964	SBS3	3	0	3	1	0	0	0	0	0	0
1655	chr2:195386001-197934964	SBS5	3	0	5	0	1	0	0	0	0	0
1656	chr2:195386001-197934964	SBS8	3	0	3	0	0	0	0	0	0	0
1657	chr2:197988472-204285000	SBS13	3	0	0	0	2	0	0	0	0	0
1658	chr2:197988472-204285000	SBS3	3	0	3	3	2	0	0	0	0	0
1659	chr2:197988472-204285000	SBS5	3	0	3	0	4	0	0	0	0	0
1660	chr2:197988472-204285000	SBS8	3	0	3	0	3	0	0	0	0	0
1661	chr2:204285001-209703494	SBS1	2	0	2	0	0	0	0	0	0	0
1662	chr2:204285001-209703494	SBS3	2	0	9	0	0	0	0	0	0	0
1663	chr2:204285001-209703494	SBS5	2	0	4	1	0	0	0	0	0	0
1664	chr2:204285001-209703494	SBS8	2	0	1	4	0	0	0	0	0	0
1665	chr2:20615956-23362000	SBS1	2	1	1	0	0	0	0	0	0	0
1666	chr2:20615956-23362000	SBS13	2	1	0	1	0	0	0	0	0	0
1667	chr2:20615956-23362000	SBS8	2	1	3	2	0	0	0	0	0	0
1668	chr2:209703535-212933814	SBS1	2	0	0	1	0	0	0	0	0	0
1669	chr2:212933868-213323000	SBS5	2	0	0	1	0	0	0	0	0	0
1670	chr2:212933868-213323000	SBS8	2	0	0	1	0	0	0	0	0	0
1671	chr2:213323001-215262000	SBS3	2	0	1	2	0	0	0	0	0	0
1672	chr2:213323001-215262000	SBS8	2	0	1	2	0	0	0	0	0	0
1673	chr2:215262001-220477336	SBS100	2	0	0	2	0	0	0	0	0	0
1674	chr2:215262001-220477336	SBS3	2	0	3	0	0	0	0	0	0	0
1675	chr2:215262001-220477336	SBS5	2	0	2	1	0	0	0	0	0	0
1676	chr2:215262001-220477336	SBS8	2	0	2	1	0	0	0	0	0	0
1677	chr2:220484997-225938421	SBS3	2	0	1	0	0	0	0	0	0	0
1678	chr2:220484997-225938421	SBS5	2	0	3	0	0	0	0	0	0	0
1679	chr2:220484997-225938421	SBS8	2	0	4	4	0	0	0	0	0	0
1680	chr2:225950373-228175528	SBS3	2	0	1	0	0	0	0	0	0	0
1681	chr2:225950373-228175528	SBS8	2	0	0	1	0	0	0	0	0	0
1682	chr2:229234001-235469040	SBS1	2	0	0	4	0	0	0	0	0	0
1683	chr2:229234001-235469040	SBS13	2	0	0	1	0	0	0	0	0	0
1684	chr2:229234001-235469040	SBS3	2	0	0	2	0	0	0	0	0	0
1685	chr2:229234001-235469040	SBS5	2	0	4	1	0	0	0	0	0	0
1686	chr2:229234001-235469040	SBS8	2	0	3	1	0	0	0	0	0	0
1687	chr2:23362001-27292040	SBS1	2	1	1	0	0	0	0	0	0	0
1688	chr2:23362001-27292040	SBS3	2	1	6	0	0	0	0	0	0	0
1689	chr2:23362001-27292040	SBS5	2	1	3	1	0	0	0	0	0	0
1690	chr2:23362001-27292040	SBS8	2	1	2	0	0	0	0	0	0	0
1691	chr2:235469076-240086999	SBS3	2	0	1	1	0	0	0	0	0	0
1692	chr2:235469076-240086999	SBS5	2	0	3	0	0	0	0	0	0	0
1693	chr2:235469076-240086999	SBS8	2	0	1	1	0	0	0	0	0	0
1694	chr2:240115209-241700715	SBS1	2	0	0	1	0	0	0	0	0	0
1695	chr2:240115209-241700715	SBS3	2	0	0	1	0	0	0	0	0	0
1696	chr2:27322336-29073470	SBS13	2	1	0	1	0	0	0	0	0	0
1697	chr2:27322336-29073470	SBS3	2	1	0	2	0	0	0	0	0	0
1698	chr2:27322336-29073470	SBS5	2	1	0	1	0	0	0	0	0	0
1699	chr2:27322336-29073470	SBS8	2	1	2	0	0	0	0	0	0	0
1700	chr2:29073471-29619296	SBS3	4	1	0	1	0	0	0	0	0	0
1701	chr2:29073471-29619296	SBS5	4	1	0	1	0	1	0	0	0	0
1702	chr2:29073471-29619296	SBS8	4	1	0	0	1	0	0	0	0	0
1703	chr2:29619297-41669017	SBS1	2	1	1	0	0	0	0	0	0	0
1704	chr2:29619297-41669017	SBS100	2	1	4	0	0	0	0	0	0	0
1705	chr2:29619297-41669017	SBS13	2	1	1	0	0	0	0	0	0	0
1706	chr2:29619297-41669017	SBS3	2	1	6	7	0	0	0	0	0	0
1707	chr2:29619297-41669017	SBS5	2	1	7	5	0	0	0	0	0	0
1708	chr2:29619297-41669017	SBS8	2	1	7	6	0	0	0	0	0	0
1709	chr2:3794869-6098911	SBS1	2	1	0	1	0	0	0	0	0	0
1710	chr2:3794869-6098911	SBS3	2	1	2	1	0	0	0	0	0	0
1711	chr2:3794869-6098911	SBS5	2	1	1	2	0	0	0	0	0	0
1712	chr2:3794869-6098911	SBS8	2	1	4	2	0	0	0	0	0	0
1713	chr2:41669076-45804164	SBS1	2	1	2	1	0	0	0	0	0	0
1714	chr2:41669076-45804164	SBS13	2	1	0	1	0	0	0	0	0	0
1715	chr2:41669076-45804164	SBS3	2	1	0	2	0	0	0	0	0	0
1716	chr2:41669076-45804164	SBS5	2	1	1	0	0	0	0	0	0	0
1717	chr2:41669076-45804164	SBS8	2	1	2	2	0	0	0	0	0	0
1718	chr2:45968176-46727612	SBS3	2	1	0	1	0	0	0	0	0	0
1719	chr2:45968176-46727612	SBS8	2	1	1	1	0	0	0	0	0	0
1720	chr2:46746162-50064630	SBS100	2	1	2	0	0	0	0	0	0	0
1721	chr2:46746162-50064630	SBS3	2	1	2	0	0	0	0	0	0	0
1722	chr2:46746162-50064630	SBS5	2	1	5	1	0	0	0	0	0	0
1723	chr2:46746162-50064630	SBS8	2	1	2	5	0	0	0	0	0	0
1724	chr2:50064714-50519593	SBS5	2	2	0	2	0	0	0	0	0	0
1725	chr2:50064714-50519593	SBS8	2	2	1	1	0	0	0	0	0	0
1726	chr2:50524680-53685000	SBS1	2	2	1	3	0	0	0	0	0	0
1727	chr2:50524680-53685000	SBS13	2	2	1	0	0	0	0	0	0	0
1728	chr2:50524680-53685000	SBS3	2	2	1	3	0	0	0	0	0	0
1729	chr2:50524680-53685000	SBS5	2	2	2	2	0	0	0	0	0	0
1730	chr2:50524680-53685000	SBS8	2	2	4	4	0	0	0	0	0	0
1731	chr2:53685001-55609300	SBS100	2	2	0	1	0	0	0	0	0	0
1732	chr2:53685001-55609300	SBS3	2	2	0	2	0	0	0	0	0	0
1733	chr2:53685001-55609300	SBS5	2	2	1	1	0	0	0	0	0	0
1734	chr2:53685001-55609300	SBS8	2	2	1	0	0	0	0	0	0	0
1735	chr2:55618915-55801638	SBS3	3	1	1	0	0	0	0	0	0	0
1736	chr2:55806106-55883105	SBS5	2	2	1	0	0	0	0	0	0	0
1737	chr2:55806106-55883105	SBS8	2	2	0	1	0	0	0	0	0	0
1738	chr2:55915112-60616000	SBS1	2	2	1	0	0	0	0	0	0	0
1739	chr2:55915112-60616000	SBS13	2	2	0	3	0	0	0	0	0	0
1740	chr2:55915112-60616000	SBS3	2	2	1	1	0	0	0	0	0	0
1741	chr2:55915112-60616000	SBS5	2	2	6	5	0	0	0	0	0	0
1742	chr2:55915112-60616000	SBS8	2	2	6	5	0	0	0	0	0	0
1743	chr2:579597-3791965	SBS1	4	2	0	1	0	0	0	0	0	0
1744	chr2:579597-3791965	SBS100	4	2	1	1	0	0	0	0	0	0
1745	chr2:579597-3791965	SBS3	4	2	4	3	4	0	0	0	0	0
1746	chr2:579597-3791965	SBS5	4	2	2	4	1	1	0	0	0	0
1747	chr2:579597-3791965	SBS8	4	2	3	3	0	2	0	0	0	0
1748	chr2:60616001-61153874	SBS3	2	1	1	0	0	0	0	0	0	0
1749	chr2:60616001-61153874	SBS8	2	1	0	1	0	0	0	0	0	0
1750	chr2:6099257-7801542	SBS3	2	2	1	1	0	0	0	0	0	0
1751	chr2:6099257-7801542	SBS5	2	2	0	2	0	0	0	0	0	0
1752	chr2:6099257-7801542	SBS8	2	2	1	2	0	0	0	0	0	0
1753	chr2:61206755-66368510	SBS1	2	1	1	3	0	0	0	0	0	0
1754	chr2:61206755-66368510	SBS100	2	1	0	1	0	0	0	0	0	0
1755	chr2:61206755-66368510	SBS3	2	1	4	1	0	0	0	0	0	0
1756	chr2:61206755-66368510	SBS5	2	1	6	0	0	0	0	0	0	0
1757	chr2:66371391-67802499	SBS13	2	1	0	1	0	0	0	0	0	0
1758	chr2:66371391-67802499	SBS8	2	1	0	1	0	0	0	0	0	0
1759	chr2:67802685-76685000	SBS1	2	1	6	1	0	0	0	0	0	0
1760	chr2:67802685-76685000	SBS100	2	1	1	1	0	0	0	0	0	0
1761	chr2:67802685-76685000	SBS13	2	1	2	2	0	0	0	0	0	0
1762	chr2:67802685-76685000	SBS3	2	1	9	0	0	0	0	0	0	0
1763	chr2:67802685-76685000	SBS5	2	1	4	6	0	0	0	0	0	0
1764	chr2:67802685-76685000	SBS8	2	1	5	2	0	0	0	0	0	0
1765	chr2:76685001-77493499	SBS1	2	1	0	1	0	0	0	0	0	0
1766	chr2:76685001-77493499	SBS3	2	1	0	2	0	0	0	0	0	0
1767	chr2:76685001-77493499	SBS5	2	1	0	2	0	0	0	0	0	0
1768	chr2:76685001-77493499	SBS8	2	1	2	1	0	0	0	0	0	0
1769	chr2:77497375-84723992	SBS1	2	1	0	1	0	0	0	0	0	0
1770	chr2:77497375-84723992	SBS100	2	1	1	0	0	0	0	0	0	0
1771	chr2:77497375-84723992	SBS13	2	1	0	1	0	0	0	0	0	0
1772	chr2:77497375-84723992	SBS3	2	1	3	8	0	0	0	0	0	0
1773	chr2:77497375-84723992	SBS5	2	1	2	7	0	0	0	0	0	0
1774	chr2:77497375-84723992	SBS8	2	1	4	9	0	0	0	0	0	0
1775	chr2:7807034-8331708	SBS1	2	2	0	1	0	0	0	0	0	0
1776	chr2:7807034-8331708	SBS13	2	2	0	1	0	0	0	0	0	0
1777	chr2:7807034-8331708	SBS3	2	2	1	0	0	0	0	0	0	0
1778	chr2:7807034-8331708	SBS5	2	2	1	0	0	0	0	0	0	0
1779	chr2:7807034-8331708	SBS8	2	2	1	0	0	0	0	0	0	0
1780	chr2:8331709-8445114	SBS100	3	2	0	1	0	0	0	0	0	0
1781	chr2:8445115-8975368	SBS5	2	2	1	1	0	0	0	0	0	0
1782	chr2:8445115-8975368	SBS8	2	2	1	0	0	0	0	0	0	0
1783	chr2:84723993-84771886	SBS8	3	1	0	0	1	0	0	0	0	0
1784	chr2:84771887-89209588	SBS1	2	1	0	2	0	0	0	0	0	0
1785	chr2:84771887-89209588	SBS13	2	1	0	1	0	0	0	0	0	0
1786	chr2:84771887-89209588	SBS3	2	1	2	2	0	0	0	0	0	0
1787	chr2:84771887-89209588	SBS5	2	1	3	0	0	0	0	0	0	0
1788	chr2:84771887-89209588	SBS8	2	1	2	1	0	0	0	0	0	0
1789	chr2:89217632-93139350	SBS5	2	1	2	2	0	0	0	0	0	0
1790	chr2:89217632-93139350	SBS8	2	1	1	1	0	0	0	0	0	0
1791	chr2:9014075-10195680	SBS1	3	2	1	0	0	0	0	0	0	0
1792	chr2:9014075-10195680	SBS100	3	2	1	0	0	0	0	0	0	0
1793	chr2:9014075-10195680	SBS3	3	2	0	0	1	0	0	0	0	0
1794	chr2:9014075-10195680	SBS5	3	2	1	0	0	0	0	0	0	0
1795	chr2:9014075-10195680	SBS8	3	2	3	0	1	0	0	0	0	0
1796	chr2:93139351-95212851	SBS1	2	0	1	0	0	0	0	0	0	0
1797	chr2:93139351-95212851	SBS100	2	0	1	0	0	0	0	0	0	0
1798	chr2:93139351-95212851	SBS3	2	0	1	0	0	0	0	0	0	0
1799	chr2:93139351-95212851	SBS5	2	0	4	1	0	0	0	0	0	0
1800	chr2:95216727-97211820	SBS3	2	0	0	1	0	0	0	0	0	0
1801	chr2:95216727-97211820	SBS5	2	0	2	0	0	0	0	0	0	0
1802	chr2:95216727-97211820	SBS8	2	0	1	2	0	0	0	0	0	0
1803	chr2:97211821-101086481	SBS100	2	0	1	0	0	0	0	0	0	0
1804	chr2:97211821-101086481	SBS3	2	0	3	1	0	0	0	0	0	0
1805	chr2:97211821-101086481	SBS5	2	0	2	0	0	0	0	0	0	0
1806	chr2:97211821-101086481	SBS8	2	0	1	0	0	0	0	0	0	0
1807	chr3:1-1440536	SBS8	2	0	0	1	0	0	0	0	0	0
1808	chr3:10012387-10012576	SBS13	6	0	0	1	0	0	0	0	0	0
1809	chr3:10012577-11069689	SBS3	4	0	0	1	0	0	0	0	0	0
1810	chr3:10012577-11069689	SBS8	4	0	0	0	1	0	0	0	0	0
1811	chr3:102252001-110849447	SBS100	2	1	0	1	0	0	0	0	0	0
1812	chr3:102252001-110849447	SBS13	2	1	1	1	0	0	0	0	0	0
1813	chr3:102252001-110849447	SBS3	2	1	6	6	0	0	0	0	0	0
1814	chr3:102252001-110849447	SBS5	2	1	4	4	0	0	0	0	0	0
1815	chr3:102252001-110849447	SBS8	2	1	11	5	0	0	0	0	0	0
1816	chr3:110849986-111043000	SBS5	2	1	2	0	0	0	0	0	0	0
1817	chr3:111043001-113990542	SBS100	2	1	1	0	0	0	0	0	0	0
1818	chr3:111043001-113990542	SBS3	2	1	0	1	0	0	0	0	0	0
1819	chr3:111043001-113990542	SBS5	2	1	0	3	0	0	0	0	0	0
1820	chr3:111043001-113990542	SBS8	2	1	1	6	0	0	0	0	0	0
1821	chr3:11313579-13120822	SBS1	2	0	0	1	0	0	0	0	0	0
1822	chr3:11313579-13120822	SBS3	2	0	1	0	0	0	0	0	0	0
1823	chr3:11313579-13120822	SBS5	2	0	1	6	0	0	0	0	0	0
1824	chr3:11313579-13120822	SBS8	2	0	0	1	0	0	0	0	0	0
1825	chr3:114556231-115171000	SBS8	2	1	2	0	0	0	0	0	0	0
1826	chr3:115171001-118275202	SBS1	2	1	0	1	0	0	0	0	0	0
1827	chr3:115171001-118275202	SBS3	2	1	3	1	0	0	0	0	0	0
1828	chr3:115171001-118275202	SBS5	2	1	2	1	0	0	0	0	0	0
1829	chr3:115171001-118275202	SBS8	2	1	5	0	0	0	0	0	0	0
1830	chr3:118281449-119138000	SBS1	2	1	1	1	0	0	0	0	0	0
1831	chr3:118281449-119138000	SBS3	2	1	1	0	0	0	0	0	0	0
1832	chr3:118281449-119138000	SBS5	2	1	3	0	0	0	0	0	0	0
1833	chr3:118281449-119138000	SBS8	2	1	1	2	0	0	0	0	0	0
1834	chr3:119138001-124827204	SBS1	2	1	0	2	0	0	0	0	0	0
1835	chr3:119138001-124827204	SBS100	2	1	1	1	0	0	0	0	0	0
1836	chr3:119138001-124827204	SBS13	2	1	0	2	0	0	0	0	0	0
1837	chr3:119138001-124827204	SBS3	2	1	2	3	0	0	0	0	0	0
1838	chr3:119138001-124827204	SBS5	2	1	3	3	0	0	0	0	0	0
1839	chr3:119138001-124827204	SBS8	2	1	1	3	0	0	0	0	0	0
1840	chr3:124840080-130441387	SBS1	2	1	3	2	0	0	0	0	0	0
1841	chr3:124840080-130441387	SBS100	2	1	2	0	0	0	0	0	0	0
1842	chr3:124840080-130441387	SBS13	2	1	0	1	0	0	0	0	0	0
1843	chr3:124840080-130441387	SBS3	2	1	3	3	0	0	0	0	0	0
1844	chr3:124840080-130441387	SBS5	2	1	9	3	0	0	0	0	0	0
1845	chr3:124840080-130441387	SBS8	2	1	4	4	0	0	0	0	0	0
1846	chr3:130441388-130444661	SBS3	1	0	1	0	0	0	0	0	0	0
1847	chr3:130444662-134276475	SBS100	2	1	1	0	0	0	0	0	0	0
1848	chr3:130444662-134276475	SBS3	2	1	1	0	0	0	0	0	0	0
1849	chr3:130444662-134276475	SBS5	2	1	4	1	0	0	0	0	0	0
1850	chr3:130444662-134276475	SBS8	2	1	0	3	0	0	0	0	0	0
1851	chr3:13138778-13672777	SBS100	2	0	1	0	0	0	0	0	0	0
1852	chr3:13138778-13672777	SBS5	2	0	0	1	0	0	0	0	0	0
1853	chr3:134286863-134522000	SBS8	2	1	0	1	0	0	0	0	0	0
1854	chr3:134522001-136918856	SBS13	2	1	0	2	0	0	0	0	0	0
1855	chr3:134522001-136918856	SBS3	2	1	1	0	0	0	0	0	0	0
1856	chr3:134522001-136918856	SBS5	2	1	0	1	0	0	0	0	0	0
1857	chr3:134522001-136918856	SBS8	2	1	2	2	0	0	0	0	0	0
1858	chr3:13672869-16263581	SBS3	2	0	0	2	0	0	0	0	0	0
1859	chr3:136918894-137670000	SBS5	2	1	1	1	0	0	0	0	0	0
1860	chr3:137670001-141179537	SBS1	2	2	1	0	0	0	0	0	0	0
1861	chr3:137670001-141179537	SBS100	2	2	0	1	0	0	0	0	0	0
1862	chr3:137670001-141179537	SBS13	2	2	0	1	0	0	0	0	0	0
1863	chr3:137670001-141179537	SBS3	2	2	0	5	0	0	0	0	0	0
1864	chr3:137670001-141179537	SBS5	2	2	0	5	0	0	0	0	0	0
1865	chr3:137670001-141179537	SBS8	2	2	0	2	0	0	0	0	0	0
1866	chr3:141179538-142692647	SBS13	4	2	1	0	0	1	0	0	0	0
1867	chr3:141179538-142692647	SBS3	4	2	1	1	0	0	0	0	0	0
1868	chr3:141179538-142692647	SBS5	4	2	0	0	1	0	0	0	0	0
1869	chr3:141179538-142692647	SBS8	4	2	0	1	0	2	0	0	0	0
1870	chr3:142692648-147103669	SBS100	7	2	1	0	0	0	0	0	0	0
1871	chr3:142692648-147103669	SBS13	7	2	0	0	1	0	2	0	0	0
1872	chr3:142692648-147103669	SBS3	7	2	0	5	4	1	1	0	1	0
1873	chr3:142692648-147103669	SBS5	7	2	0	1	4	1	2	2	1	0
1874	chr3:142692648-147103669	SBS8	7	2	0	4	5	1	5	1	1	0
1875	chr3:1440582-4263000	SBS13	2	0	0	1	0	0	0	0	0	0
1876	chr3:1440582-4263000	SBS5	2	0	0	3	0	0	0	0	0	0
1877	chr3:1440582-4263000	SBS8	2	0	0	3	0	0	0	0	0	0
1878	chr3:147104101-151896544	SBS1	7	2	0	1	0	0	0	0	0	0
1879	chr3:147104101-151896544	SBS100	7	2	0	0	1	0	0	0	0	0
1880	chr3:147104101-151896544	SBS13	7	2	0	1	1	0	0	0	1	0
1881	chr3:147104101-151896544	SBS3	7	2	0	5	2	2	4	0	0	0
1882	chr3:147104101-151896544	SBS5	7	2	0	3	0	1	0	3	0	0
1883	chr3:147104101-151896544	SBS8	7	2	1	2	3	0	1	2	1	0
1884	chr3:151896597-155983451	SBS1	7	2	1	1	0	0	0	0	0	0
1885	chr3:151896597-155983451	SBS13	7	2	0	1	1	0	0	0	0	0
1886	chr3:151896597-155983451	SBS3	7	2	0	2	4	0	2	0	1	0
1887	chr3:151896597-155983451	SBS5	7	2	0	2	3	1	4	0	0	0
1888	chr3:151896597-155983451	SBS8	7	2	1	2	3	2	3	1	1	0
1889	chr3:155983488-157976611	SBS100	7	2	0	0	0	0	1	0	0	0
1890	chr3:155983488-157976611	SBS13	7	2	0	1	0	0	0	0	0	0
1891	chr3:155983488-157976611	SBS3	7	2	0	2	0	0	0	0	0	0
1892	chr3:155983488-157976611	SBS5	7	2	0	1	1	0	1	0	0	0
1893	chr3:155983488-157976611	SBS8	7	2	0	2	0	0	1	3	0	0
1894	chr3:157979612-158818454	SBS3	7	2	0	1	0	0	0	0	0	0
1895	chr3:157979612-158818454	SBS5	7	2	1	0	0	0	0	1	0	0
1896	chr3:158845623-159206925	SBS1	7	2	0	1	0	0	0	0	0	0
1897	chr3:158845623-159206925	SBS5	7	2	0	0	0	0	0	1	0	0
1898	chr3:158845623-159206925	SBS8	7	2	0	0	0	0	1	0	0	0
1899	chr3:159206926-159233407	SBS3	7	6	0	0	1	0	0	0	0	0
1900	chr3:159233408-161266847	SBS100	7	2	0	1	0	0	0	0	0	0
1901	chr3:159233408-161266847	SBS13	7	2	0	1	0	0	0	0	0	0
1902	chr3:159233408-161266847	SBS3	7	2	0	3	0	0	1	0	0	0
1903	chr3:159233408-161266847	SBS5	7	2	0	1	0	0	0	0	0	0
1904	chr3:159233408-161266847	SBS8	7	2	0	2	0	0	1	0	0	0
1905	chr3:161273054-166768511	SBS1	6	2	0	0	0	0	0	0	1	0
1906	chr3:161273054-166768511	SBS100	6	2	0	0	0	1	0	0	0	0
1907	chr3:161273054-166768511	SBS13	6	2	0	0	1	0	0	0	0	0
1908	chr3:161273054-166768511	SBS3	6	2	1	3	1	0	0	1	0	0
1909	chr3:161273054-166768511	SBS5	6	2	2	5	4	0	0	0	3	0
1910	chr3:161273054-166768511	SBS8	6	2	4	5	2	2	0	2	5	0
1911	chr3:16263683-18434000	SBS100	2	0	1	0	0	0	0	0	0	0
1912	chr3:16263683-18434000	SBS5	2	0	0	1	0	0	0	0	0	0
1913	chr3:166919789-168948295	SBS3	7	2	0	0	1	0	1	1	0	0
1914	chr3:166919789-168948295	SBS5	7	2	0	3	0	0	0	0	1	0
1915	chr3:166919789-168948295	SBS8	7	2	1	1	0	0	2	0	0	0
1916	chr3:168948344-169236745	SBS8	7	2	0	0	0	0	0	0	1	0
1917	chr3:169236783-176500884	SBS100	7	2	0	1	1	0	0	0	0	0
1918	chr3:169236783-176500884	SBS13	7	2	0	1	0	0	0	1	0	0
1919	chr3:169236783-176500884	SBS3	7	2	0	5	3	0	2	1	0	0
1920	chr3:169236783-176500884	SBS5	7	2	0	3	3	2	1	0	0	0
1921	chr3:169236783-176500884	SBS8	7	2	3	6	2	2	2	2	0	0
1922	chr3:176500885-179653636	SBS1	3	2	1	0	0	0	0	0	0	0
1923	chr3:176500885-179653636	SBS3	3	2	1	1	1	0	0	0	0	0
1924	chr3:176500885-179653636	SBS5	3	2	2	1	2	0	0	0	0	0
1925	chr3:176500885-179653636	SBS8	3	2	1	2	4	0	0	0	0	0
1926	chr3:180275743-180987447	SBS3	3	2	1	0	0	0	0	0	0	0
1927	chr3:180275743-180987447	SBS5	3	2	0	1	1	0	0	0	0	0
1928	chr3:180275743-180987447	SBS8	3	2	1	0	0	0	0	0	0	0
1929	chr3:180994468-182498210	SBS1	3	2	0	0	1	0	0	0	0	0
1930	chr3:180994468-182498210	SBS13	3	2	0	1	1	0	0	0	0	0
1931	chr3:180994468-182498210	SBS3	3	2	0	0	1	0	0	0	0	0
1932	chr3:180994468-182498210	SBS5	3	2	0	0	1	0	0	0	0	0
1933	chr3:180994468-182498210	SBS8	3	2	0	0	2	0	0	0	0	0
1934	chr3:182498211-182853707	SBS5	3	3	0	0	2	0	0	0	0	0
1935	chr3:182498211-182853707	SBS8	3	3	0	1	0	0	0	0	0	0
1936	chr3:183409496-183508869	SBS8	3	3	1	0	0	0	0	0	0	0
1937	chr3:183520678-185277403	SBS100	3	3	0	1	0	0	0	0	0	0
1938	chr3:183520678-185277403	SBS3	3	3	0	3	0	0	0	0	0	0
1939	chr3:183520678-185277403	SBS5	3	3	0	0	1	0	0	0	0	0
1940	chr3:183520678-185277403	SBS8	3	3	1	3	1	0	0	0	0	0
1941	chr3:18434001-22906000	SBS1	2	0	1	0	0	0	0	0	0	0
1942	chr3:18434001-22906000	SBS3	2	0	3	2	0	0	0	0	0	0
1943	chr3:18434001-22906000	SBS5	2	0	2	3	0	0	0	0	0	0
1944	chr3:18434001-22906000	SBS8	2	0	2	3	0	0	0	0	0	0
1945	chr3:185277404-185554130	SBS8	4	4	0	1	0	0	0	0	0	0
1946	chr3:185554131-187011929	SBS13	4	1	0	0	0	1	0	0	0	0
1947	chr3:185554131-187011929	SBS3	4	1	0	1	0	2	0	0	0	0
1948	chr3:185554131-187011929	SBS5	4	1	0	1	0	1	0	0	0	0
1949	chr3:185554131-187011929	SBS8	4	1	0	1	0	0	0	0	0	0
1950	chr3:187649972-197531598	SBS1	4	1	1	1	0	1	0	0	0	0
1951	chr3:187649972-197531598	SBS100	4	1	0	3	0	0	0	0	0	0
1952	chr3:187649972-197531598	SBS13	4	1	0	1	0	0	0	0	0	0
1953	chr3:187649972-197531598	SBS3	4	1	2	5	2	1	0	0	0	0
1954	chr3:187649972-197531598	SBS5	4	1	1	3	4	3	0	0	0	0
1955	chr3:187649972-197531598	SBS8	4	1	1	5	0	3	0	0	0	0
1956	chr3:197531599-197868007	SBS5	4	4	0	0	1	0	0	0	0	0
1957	chr3:197531599-197868007	SBS8	4	4	0	0	1	0	0	0	0	0
1958	chr3:197868096-198295559	SBS5	4	4	2	2	0	0	0	0	0	0
1959	chr3:197868096-198295559	SBS8	4	4	0	0	0	1	0	0	0	0
1960	chr3:22906001-25864000	SBS5	2	0	0	1	0	0	0	0	0	0
1961	chr3:22906001-25864000	SBS8	2	0	0	2	0	0	0	0	0	0
1962	chr3:25864001-26834631	SBS3	2	0	0	1	0	0	0	0	0	0
1963	chr3:26834700-27259756	SBS5	2	0	1	0	0	0	0	0	0	0
1964	chr3:27259823-32977986	SBS13	2	0	0	1	0	0	0	0	0	0
1965	chr3:27259823-32977986	SBS3	2	0	0	2	0	0	0	0	0	0
1966	chr3:27259823-32977986	SBS5	2	0	0	3	0	0	0	0	0	0
1967	chr3:27259823-32977986	SBS8	2	0	2	2	0	0	0	0	0	0
1968	chr3:32978021-45413600	SBS1	2	0	1	1	0	0	0	0	0	0
1969	chr3:32978021-45413600	SBS100	2	0	0	2	0	0	0	0	0	0
1970	chr3:32978021-45413600	SBS3	2	0	4	8	0	0	0	0	0	0
1971	chr3:32978021-45413600	SBS5	2	0	4	3	0	0	0	0	0	0
1972	chr3:32978021-45413600	SBS8	2	0	1	6	0	0	0	0	0	0
1973	chr3:45422906-48532354	SBS1	2	0	1	0	0	0	0	0	0	0
1974	chr3:45422906-48532354	SBS3	2	0	2	0	0	0	0	0	0	0
1975	chr3:45422906-48532354	SBS5	2	0	3	0	0	0	0	0	0	0
1976	chr3:45422906-48532354	SBS8	2	0	1	2	0	0	0	0	0	0
1977	chr3:48532461-50593358	SBS100	2	0	0	1	0	0	0	0	0	0
1978	chr3:48532461-50593358	SBS5	2	0	0	1	0	0	0	0	0	0
1979	chr3:48532461-50593358	SBS8	2	0	1	0	0	0	0	0	0	0
1980	chr3:4875612-5319000	SBS3	2	0	0	1	0	0	0	0	0	0
1981	chr3:4875612-5319000	SBS5	2	0	1	0	0	0	0	0	0	0
1982	chr3:51309001-52613572	SBS1	3	0	0	1	0	0	0	0	0	0
1983	chr3:52614301-53102678	SBS5	3	0	1	0	0	0	0	0	0	0
1984	chr3:53125934-53942000	SBS3	3	0	1	0	0	0	0	0	0	0
1985	chr3:53125934-53942000	SBS5	3	0	2	0	0	0	0	0	0	0
1986	chr3:5319001-6426173	SBS8	2	0	0	1	0	0	0	0	0	0
1987	chr3:53942001-54814000	SBS5	3	0	1	0	0	0	0	0	0	0
1988	chr3:53942001-54814000	SBS8	3	0	1	0	0	0	0	0	0	0
1989	chr3:54814001-58660000	SBS3	3	0	1	0	0	0	0	0	0	0
1990	chr3:54814001-58660000	SBS5	3	0	1	0	0	0	0	0	0	0
1991	chr3:54814001-58660000	SBS8	3	0	1	0	1	0	0	0	0	0
1992	chr3:58660001-63843863	SBS100	3	0	0	0	1	0	0	0	0	0
1993	chr3:58660001-63843863	SBS3	3	0	1	0	2	0	0	0	0	0
1994	chr3:58660001-63843863	SBS5	3	0	0	0	3	0	0	0	0	0
1995	chr3:58660001-63843863	SBS8	3	0	2	1	3	0	0	0	0	0
1996	chr3:63843864-63844728	SBS13	5	0	0	0	1	1	0	0	0	0
1997	chr3:63843864-63844728	SBS3	5	0	0	0	1	0	0	0	0	0
1998	chr3:63843864-63844728	SBS8	5	0	0	0	2	1	0	0	0	0
1999	chr3:63844729-64293447	SBS13	3	0	0	0	1	0	0	0	0	0
2000	chr3:63844729-64293447	SBS3	3	0	0	1	0	0	0	0	0	0
2001	chr3:63844729-64293447	SBS5	3	0	0	0	2	0	0	0	0	0
2002	chr3:6426174-8420732	SBS3	2	0	0	1	0	0	0	0	0	0
2003	chr3:64302000-71423487	SBS1	3	0	0	1	1	0	0	0	0	0
2004	chr3:64302000-71423487	SBS13	3	0	0	0	1	0	0	0	0	0
2005	chr3:64302000-71423487	SBS3	3	0	1	1	0	0	0	0	0	0
2006	chr3:64302000-71423487	SBS5	3	0	2	0	1	0	0	0	0	0
2007	chr3:64302000-71423487	SBS8	3	0	0	0	3	0	0	0	0	0
2008	chr3:71443402-73856000	SBS13	3	0	0	0	2	0	0	0	0	0
2009	chr3:71443402-73856000	SBS8	3	0	1	1	1	0	0	0	0	0
2010	chr3:73856001-77455255	SBS100	2	0	1	0	0	0	0	0	0	0
2011	chr3:73856001-77455255	SBS3	2	0	5	3	0	0	0	0	0	0
2012	chr3:73856001-77455255	SBS5	2	0	9	2	0	0	0	0	0	0
2013	chr3:73856001-77455255	SBS8	2	0	6	0	0	0	0	0	0	0
2014	chr3:77459197-82444112	SBS1	3	0	0	0	1	0	0	0	0	0
2015	chr3:77459197-82444112	SBS13	3	0	0	0	2	0	0	0	0	0
2016	chr3:77459197-82444112	SBS5	3	0	0	1	2	0	0	0	0	0
2017	chr3:77459197-82444112	SBS8	3	0	0	1	2	0	0	0	0	0
2018	chr3:82448989-84528219	SBS1	2	0	1	0	0	0	0	0	0	0
2019	chr3:82448989-84528219	SBS3	2	0	2	0	0	0	0	0	0	0
2020	chr3:82448989-84528219	SBS5	2	0	1	0	0	0	0	0	0	0
2021	chr3:82448989-84528219	SBS8	2	0	2	3	0	0	0	0	0	0
2022	chr3:84528874-84796293	SBS3	2	2	0	1	0	0	0	0	0	0
2023	chr3:85203995-85551984	SBS3	3	3	0	0	1	0	0	0	0	0
2024	chr3:85203995-85551984	SBS5	3	3	0	1	0	0	0	0	0	0
2025	chr3:85551985-85841921	SBS8	3	1	0	1	1	0	0	0	0	0
2026	chr3:85848576-86799913	SBS13	3	1	0	0	1	0	0	0	0	0
2027	chr3:85848576-86799913	SBS3	3	1	0	2	1	0	0	0	0	0
2028	chr3:85848576-86799913	SBS5	3	1	1	0	0	0	0	0	0	0
2029	chr3:85848576-86799913	SBS8	3	1	1	1	1	0	0	0	0	0
2030	chr3:86831001-90301000	SBS1	3	1	0	0	2	0	0	0	0	0
2031	chr3:86831001-90301000	SBS3	3	1	2	2	0	0	0	0	0	0
2032	chr3:86831001-90301000	SBS5	3	1	2	1	1	0	0	0	0	0
2033	chr3:86831001-90301000	SBS8	3	1	4	2	4	0	0	0	0	0
2034	chr3:90301001-92214015	SBS1	2	1	1	0	0	0	0	0	0	0
2035	chr3:90301001-92214015	SBS100	2	1	4	0	0	0	0	0	0	0
2036	chr3:90301001-92214015	SBS13	2	1	2	2	0	0	0	0	0	0
2037	chr3:90301001-92214015	SBS3	2	1	23	4	0	0	0	0	0	0
2038	chr3:90301001-92214015	SBS5	2	1	23	3	0	0	0	0	0	0
2039	chr3:90301001-92214015	SBS8	2	1	29	3	0	0	0	0	0	0
2040	chr3:92214016-93899528	SBS3	2	1	2	2	0	0	0	0	0	0
2041	chr3:92214016-93899528	SBS5	2	1	2	0	0	0	0	0	0	0
2042	chr3:92214016-93899528	SBS8	2	1	1	0	0	0	0	0	0	0
2043	chr3:93906104-98696000	SBS3	2	1	6	2	0	0	0	0	0	0
2044	chr3:93906104-98696000	SBS5	2	1	4	5	0	0	0	0	0	0
2045	chr3:93906104-98696000	SBS8	2	1	2	3	0	0	0	0	0	0
2046	chr3:98696001-99882928	SBS100	2	1	1	0	0	0	0	0	0	0
2047	chr3:98696001-99882928	SBS3	2	1	0	1	0	0	0	0	0	0
2048	chr3:98696001-99882928	SBS5	2	1	2	0	0	0	0	0	0	0
2049	chr3:98696001-99882928	SBS8	2	1	1	1	0	0	0	0	0	0
2050	chr3:99883202-102252000	SBS1	2	1	3	0	0	0	0	0	0	0
2051	chr3:99883202-102252000	SBS13	2	1	0	1	0	0	0	0	0	0
2052	chr3:99883202-102252000	SBS3	2	1	2	3	0	0	0	0	0	0
2053	chr3:99883202-102252000	SBS5	2	1	2	0	0	0	0	0	0	0
2054	chr3:99883202-102252000	SBS8	2	1	1	3	0	0	0	0	0	0
2055	chr4:1-1389330	SBS3	4	0	1	0	0	0	0	0	0	0
2056	chr4:1-1389330	SBS5	4	0	1	2	0	0	0	0	0	0
2057	chr4:1-1389330	SBS8	4	0	1	0	0	0	0	0	0	0
2058	chr4:10100982-11009925	SBS5	2	0	0	1	0	0	0	0	0	0
2059	chr4:106503655-124064739	SBS1	2	0	1	0	0	0	0	0	0	0
2060	chr4:106503655-124064739	SBS100	2	0	4	0	0	0	0	0	0	0
2061	chr4:106503655-124064739	SBS13	2	0	1	2	0	0	0	0	0	0
2062	chr4:106503655-124064739	SBS3	2	0	3	4	0	0	0	0	0	0
2063	chr4:106503655-124064739	SBS5	2	0	13	8	0	0	0	0	0	0
2064	chr4:106503655-124064739	SBS8	2	0	5	4	0	0	0	0	0	0
2065	chr4:11009967-17323674	SBS1	2	0	1	1	0	0	0	0	0	0
2066	chr4:11009967-17323674	SBS100	2	0	1	0	0	0	0	0	0	0
2067	chr4:11009967-17323674	SBS13	2	0	2	1	0	0	0	0	0	0
2068	chr4:11009967-17323674	SBS3	2	0	5	2	0	0	0	0	0	0
2069	chr4:11009967-17323674	SBS5	2	0	3	1	0	0	0	0	0	0
2070	chr4:11009967-17323674	SBS8	2	0	4	5	0	0	0	0	0	0
2071	chr4:124064905-130328527	SBS1	2	0	1	0	0	0	0	0	0	0
2072	chr4:124064905-130328527	SBS13	2	0	1	0	0	0	0	0	0	0
2073	chr4:124064905-130328527	SBS3	2	0	5	3	0	0	0	0	0	0
2074	chr4:124064905-130328527	SBS5	2	0	6	4	0	0	0	0	0	0
2075	chr4:124064905-130328527	SBS8	2	0	3	2	0	0	0	0	0	0
2076	chr4:130334805-137208000	SBS1	2	0	4	0	0	0	0	0	0	0
2077	chr4:130334805-137208000	SBS100	2	0	0	1	0	0	0	0	0	0
2078	chr4:130334805-137208000	SBS13	2	0	0	1	0	0	0	0	0	0
2079	chr4:130334805-137208000	SBS3	2	0	0	2	0	0	0	0	0	0
2080	chr4:130334805-137208000	SBS5	2	0	5	2	0	0	0	0	0	0
2081	chr4:130334805-137208000	SBS8	2	0	6	3	0	0	0	0	0	0
2082	chr4:137208001-141498574	SBS1	2	0	1	0	0	0	0	0	0	0
2083	chr4:137208001-141498574	SBS13	2	0	0	1	0	0	0	0	0	0
2084	chr4:137208001-141498574	SBS3	2	0	3	1	0	0	0	0	0	0
2085	chr4:137208001-141498574	SBS5	2	0	1	1	0	0	0	0	0	0
2086	chr4:137208001-141498574	SBS8	2	0	3	1	0	0	0	0	0	0
2087	chr4:141498575-144881238	SBS1	4	0	1	0	0	0	0	0	0	0
2088	chr4:141498575-144881238	SBS100	4	0	0	0	0	1	0	0	0	0
2089	chr4:141498575-144881238	SBS3	4	0	2	0	0	2	0	0	0	0
2090	chr4:141498575-144881238	SBS5	4	0	2	1	1	0	0	0	0	0
2091	chr4:141498575-144881238	SBS8	4	0	0	2	1	1	0	0	0	0
2092	chr4:144892803-153700994	SBS100	4	0	1	1	0	0	0	0	0	0
2093	chr4:144892803-153700994	SBS3	4	0	2	0	2	2	0	0	0	0
2094	chr4:144892803-153700994	SBS5	4	0	2	3	2	1	0	0	0	0
2095	chr4:144892803-153700994	SBS8	4	0	2	3	3	1	0	0	0	0
2096	chr4:1491045-1603245	SBS3	4	0	0	1	0	0	0	0	0	0
2097	chr4:153702856-168385000	SBS1	4	0	1	1	1	1	0	0	0	0
2098	chr4:153702856-168385000	SBS13	4	0	0	0	1	0	0	0	0	0
2099	chr4:153702856-168385000	SBS3	4	0	0	2	6	1	0	0	0	0
2100	chr4:153702856-168385000	SBS5	4	0	6	8	2	1	0	0	0	0
2101	chr4:153702856-168385000	SBS8	4	0	6	3	7	9	0	0	0	0
2102	chr4:1608839-3527661	SBS100	4	0	1	0	0	0	0	0	0	0
2103	chr4:1608839-3527661	SBS3	4	0	2	1	2	1	0	0	0	0
2104	chr4:1608839-3527661	SBS5	4	0	2	1	1	0	0	0	0	0
2105	chr4:1608839-3527661	SBS8	4	0	1	0	0	0	0	0	0	0
2106	chr4:168385001-168634283	SBS5	5	0	0	1	0	0	0	0	0	0
2107	chr4:168671668-169816000	SBS100	5	0	0	0	1	0	0	0	0	0
2108	chr4:168671668-169816000	SBS3	5	0	2	2	0	1	0	0	0	0
2109	chr4:169816001-171673017	SBS1	4	0	1	0	1	0	0	0	0	0
2110	chr4:169816001-171673017	SBS100	4	0	0	1	0	0	0	0	0	0
2111	chr4:169816001-171673017	SBS3	4	0	0	1	0	0	0	0	0	0
2112	chr4:169816001-171673017	SBS5	4	0	1	1	0	0	0	0	0	0
2113	chr4:169816001-171673017	SBS8	4	0	1	0	0	0	0	0	0	0
2114	chr4:171673018-182878000	SBS1	2	0	0	1	0	0	0	0	0	0
2115	chr4:171673018-182878000	SBS100	2	0	2	0	0	0	0	0	0	0
2116	chr4:171673018-182878000	SBS3	2	0	8	6	0	0	0	0	0	0
2117	chr4:171673018-182878000	SBS5	2	0	3	3	0	0	0	0	0	0
2118	chr4:171673018-182878000	SBS8	2	0	4	8	0	0	0	0	0	0
2119	chr4:17520376-22278858	SBS1	2	0	1	0	0	0	0	0	0	0
2120	chr4:17520376-22278858	SBS3	2	0	4	0	0	0	0	0	0	0
2121	chr4:17520376-22278858	SBS5	2	0	2	1	0	0	0	0	0	0
2122	chr4:17520376-22278858	SBS8	2	0	4	7	0	0	0	0	0	0
2123	chr4:182878001-186219000	SBS1	3	0	0	0	1	0	0	0	0	0
2124	chr4:182878001-186219000	SBS100	3	0	1	1	0	0	0	0	0	0
2125	chr4:182878001-186219000	SBS3	3	0	1	1	0	0	0	0	0	0
2126	chr4:182878001-186219000	SBS5	3	0	1	1	0	0	0	0	0	0
2127	chr4:182878001-186219000	SBS8	3	0	4	2	1	0	0	0	0	0
2128	chr4:186584001-190214555	SBS3	3	0	9	2	0	0	0	0	0	0
2129	chr4:186584001-190214555	SBS5	3	0	3	0	0	0	0	0	0	0
2130	chr4:186584001-190214555	SBS8	3	0	3	2	2	0	0	0	0	0
2131	chr4:22278949-27055000	SBS100	2	0	0	1	0	0	0	0	0	0
2132	chr4:22278949-27055000	SBS3	2	0	1	1	0	0	0	0	0	0
2133	chr4:22278949-27055000	SBS5	2	0	3	3	0	0	0	0	0	0
2134	chr4:22278949-27055000	SBS8	2	0	2	0	0	0	0	0	0	0
2135	chr4:27055001-37603000	SBS100	2	0	1	0	0	0	0	0	0	0
2136	chr4:27055001-37603000	SBS13	2	0	0	2	0	0	0	0	0	0
2137	chr4:27055001-37603000	SBS3	2	0	6	2	0	0	0	0	0	0
2138	chr4:27055001-37603000	SBS5	2	0	4	1	0	0	0	0	0	0
2139	chr4:27055001-37603000	SBS8	2	0	2	8	0	0	0	0	0	0
2140	chr4:3531425-6622239	SBS1	4	0	0	1	0	1	0	0	0	0
2141	chr4:3531425-6622239	SBS100	4	0	1	0	0	0	0	0	0	0
2142	chr4:3531425-6622239	SBS13	4	0	1	0	0	0	0	0	0	0
2143	chr4:3531425-6622239	SBS3	4	0	1	1	0	2	0	0	0	0
2144	chr4:3531425-6622239	SBS5	4	0	0	2	1	0	0	0	0	0
2145	chr4:3531425-6622239	SBS8	4	0	1	2	1	1	0	0	0	0
2146	chr4:37603001-42977876	SBS3	2	0	2	3	0	0	0	0	0	0
2147	chr4:37603001-42977876	SBS5	2	0	3	1	0	0	0	0	0	0
2148	chr4:37603001-42977876	SBS8	2	0	0	3	0	0	0	0	0	0
2149	chr4:42980513-44276779	SBS100	2	0	1	0	0	0	0	0	0	0
2150	chr4:42980513-44276779	SBS13	2	0	1	0	0	0	0	0	0	0
2151	chr4:42980513-44276779	SBS5	2	0	1	0	0	0	0	0	0	0
2152	chr4:42980513-44276779	SBS8	2	0	2	1	0	0	0	0	0	0
2153	chr4:44280333-47382000	SBS5	2	0	1	1	0	0	0	0	0	0
2154	chr4:44280333-47382000	SBS8	2	0	0	1	0	0	0	0	0	0
2155	chr4:47382001-50726025	SBS1	2	0	1	0	0	0	0	0	0	0
2156	chr4:47382001-50726025	SBS3	2	0	1	3	0	0	0	0	0	0
2157	chr4:47382001-50726025	SBS5	2	0	1	0	0	0	0	0	0	0
2158	chr4:50726026-57453000	SBS1	2	0	1	2	0	0	0	0	0	0
2159	chr4:50726026-57453000	SBS3	2	0	4	0	0	0	0	0	0	0
2160	chr4:50726026-57453000	SBS5	2	0	6	1	0	0	0	0	0	0
2161	chr4:50726026-57453000	SBS8	2	0	4	0	0	0	0	0	0	0
2162	chr4:57453001-60340244	SBS1	2	0	1	0	0	0	0	0	0	0
2163	chr4:57453001-60340244	SBS100	2	0	1	0	0	0	0	0	0	0
2164	chr4:57453001-60340244	SBS3	2	0	3	0	0	0	0	0	0	0
2165	chr4:57453001-60340244	SBS5	2	0	0	2	0	0	0	0	0	0
2166	chr4:57453001-60340244	SBS8	2	0	0	2	0	0	0	0	0	0
2167	chr4:60340282-62552103	SBS3	2	0	2	1	0	0	0	0	0	0
2168	chr4:60340282-62552103	SBS5	2	0	0	1	0	0	0	0	0	0
2169	chr4:60340282-62552103	SBS8	2	0	0	2	0	0	0	0	0	0
2170	chr4:62552158-77672654	SBS1	2	0	1	1	0	0	0	0	0	0
2171	chr4:62552158-77672654	SBS100	2	0	2	3	0	0	0	0	0	0
2172	chr4:62552158-77672654	SBS13	2	0	0	1	0	0	0	0	0	0
2173	chr4:62552158-77672654	SBS3	2	0	5	8	0	0	0	0	0	0
2174	chr4:62552158-77672654	SBS5	2	0	4	11	0	0	0	0	0	0
2175	chr4:62552158-77672654	SBS8	2	0	8	13	0	0	0	0	0	0
2176	chr4:6651303-8628500	SBS1	4	0	1	0	0	0	0	0	0	0
2177	chr4:6651303-8628500	SBS3	4	0	1	1	0	0	0	0	0	0
2178	chr4:6651303-8628500	SBS5	4	0	1	0	1	0	0	0	0	0
2179	chr4:6651303-8628500	SBS8	4	0	0	0	1	0	0	0	0	0
2180	chr4:77672667-85833772	SBS13	2	0	0	1	0	0	0	0	0	0
2181	chr4:77672667-85833772	SBS3	2	0	5	4	0	0	0	0	0	0
2182	chr4:77672667-85833772	SBS5	2	0	2	3	0	0	0	0	0	0
2183	chr4:77672667-85833772	SBS8	2	0	2	3	0	0	0	0	0	0
2184	chr4:85833776-91160000	SBS1	2	0	0	1	0	0	0	0	0	0
2185	chr4:85833776-91160000	SBS100	2	0	0	2	0	0	0	0	0	0
2186	chr4:85833776-91160000	SBS5	2	0	4	0	0	0	0	0	0	0
2187	chr4:85833776-91160000	SBS8	2	0	3	0	0	0	0	0	0	0
2188	chr4:8628501-9836318	SBS1	3	0	1	0	0	0	0	0	0	0
2189	chr4:8628501-9836318	SBS3	3	0	5	0	0	0	0	0	0	0
2190	chr4:8628501-9836318	SBS5	3	0	5	2	0	0	0	0	0	0
2191	chr4:8628501-9836318	SBS8	3	0	2	1	0	0	0	0	0	0
2192	chr4:91160001-94193000	SBS13	2	0	1	0	0	0	0	0	0	0
2193	chr4:91160001-94193000	SBS3	2	0	2	3	0	0	0	0	0	0
2194	chr4:91160001-94193000	SBS5	2	0	1	2	0	0	0	0	0	0
2195	chr4:91160001-94193000	SBS8	2	0	1	2	0	0	0	0	0	0
2196	chr4:94679001-98948908	SBS1	2	0	0	1	0	0	0	0	0	0
2197	chr4:94679001-98948908	SBS100	2	0	1	0	0	0	0	0	0	0
2198	chr4:94679001-98948908	SBS13	2	0	0	2	0	0	0	0	0	0
2199	chr4:94679001-98948908	SBS5	2	0	0	1	0	0	0	0	0	0
2200	chr4:94679001-98948908	SBS8	2	0	2	3	0	0	0	0	0	0
2201	chr4:9846882-10100981	SBS1	4	0	0	1	0	0	0	0	0	0
2202	chr4:9846882-10100981	SBS8	4	0	1	0	0	0	0	0	0	0
2203	chr4:98948954-104724092	SBS13	2	0	0	1	0	0	0	0	0	0
2204	chr4:98948954-104724092	SBS3	2	0	3	0	0	0	0	0	0	0
2205	chr4:98948954-104724092	SBS5	2	0	3	1	0	0	0	0	0	0
2206	chr4:98948954-104724092	SBS8	2	0	1	4	0	0	0	0	0	0
2207	chr5:1-42721	SBS3	1	0	1	0	0	0	0	0	0	0
2208	chr5:10114299-13331549	SBS1	7	1	0	0	1	0	0	0	0	0
2209	chr5:10114299-13331549	SBS13	7	1	0	1	1	1	0	0	0	0
2210	chr5:10114299-13331549	SBS3	7	1	1	4	4	2	0	0	0	0
2211	chr5:10114299-13331549	SBS5	7	1	0	8	5	0	1	1	0	0
2212	chr5:10114299-13331549	SBS8	7	1	0	0	3	4	0	3	0	0
2213	chr5:109233862-111818668	SBS100	2	1	0	1	0	0	0	0	0	0
2214	chr5:109233862-111818668	SBS13	2	1	0	1	0	0	0	0	0	0
2215	chr5:109233862-111818668	SBS3	2	1	0	2	0	0	0	0	0	0
2216	chr5:109233862-111818668	SBS8	2	1	1	5	0	0	0	0	0	0
2217	chr5:111818669-113126780	SBS8	2	0	0	1	0	0	0	0	0	0
2218	chr5:113595001-115068000	SBS3	2	0	4	2	0	0	0	0	0	0
2219	chr5:113595001-115068000	SBS5	2	0	3	0	0	0	0	0	0	0
2220	chr5:113595001-115068000	SBS8	2	0	2	0	0	0	0	0	0	0
2221	chr5:115068001-116512749	SBS100	2	0	1	0	0	0	0	0	0	0
2222	chr5:115068001-116512749	SBS8	2	0	4	1	0	0	0	0	0	0
2223	chr5:116528554-117568756	SBS5	2	0	0	1	0	0	0	0	0	0
2224	chr5:117568790-118007533	SBS13	2	0	0	1	0	0	0	0	0	0
2225	chr5:117568790-118007533	SBS8	2	0	0	1	0	0	0	0	0	0
2226	chr5:118007572-124059490	SBS13	2	0	0	1	0	0	0	0	0	0
2227	chr5:118007572-124059490	SBS3	2	0	0	1	0	0	0	0	0	0
2228	chr5:118007572-124059490	SBS5	2	0	5	1	0	0	0	0	0	0
2229	chr5:118007572-124059490	SBS8	2	0	0	3	0	0	0	0	0	0
2230	chr5:124059491-124170081	SBS5	4	0	0	0	1	0	0	0	0	0
2231	chr5:124170082-126334000	SBS5	2	0	2	0	0	0	0	0	0	0
2232	chr5:124170082-126334000	SBS8	2	0	2	0	0	0	0	0	0	0
2233	chr5:128103520-148729000	SBS1	2	0	2	0	0	0	0	0	0	0
2234	chr5:128103520-148729000	SBS100	2	0	2	2	0	0	0	0	0	0
2235	chr5:128103520-148729000	SBS13	2	0	0	1	0	0	0	0	0	0
2236	chr5:128103520-148729000	SBS3	2	0	6	6	0	0	0	0	0	0
2237	chr5:128103520-148729000	SBS5	2	0	12	6	0	0	0	0	0	0
2238	chr5:128103520-148729000	SBS8	2	0	7	9	0	0	0	0	0	0
2239	chr5:13335870-14048774	SBS1	7	1	1	0	0	0	0	0	0	0
2240	chr5:13335870-14048774	SBS3	7	1	0	1	0	0	0	0	0	0
2241	chr5:13335870-14048774	SBS5	7	1	0	0	0	0	0	1	0	0
2242	chr5:14048873-14064532	SBS8	8	1	0	0	0	1	0	0	0	0
2243	chr5:14102685-17122860	SBS1	7	1	0	1	0	0	0	1	0	0
2244	chr5:14102685-17122860	SBS100	7	1	0	1	0	0	0	0	0	0
2245	chr5:14102685-17122860	SBS13	7	1	0	0	0	0	0	1	0	0
2246	chr5:14102685-17122860	SBS3	7	1	2	8	2	0	0	2	1	0
2247	chr5:14102685-17122860	SBS5	7	1	2	5	2	1	1	0	0	0
2248	chr5:14102685-17122860	SBS8	7	1	3	4	2	1	0	0	0	0
2249	chr5:148729001-151831000	SBS100	2	0	1	1	0	0	0	0	0	0
2250	chr5:148729001-151831000	SBS13	2	0	1	0	0	0	0	0	0	0
2251	chr5:148729001-151831000	SBS3	2	0	1	1	0	0	0	0	0	0
2252	chr5:148729001-151831000	SBS5	2	0	2	0	0	0	0	0	0	0
2253	chr5:148729001-151831000	SBS8	2	0	1	2	0	0	0	0	0	0
2254	chr5:151831001-153750807	SBS3	2	0	0	1	0	0	0	0	0	0
2255	chr5:151831001-153750807	SBS5	2	0	0	1	0	0	0	0	0	0
2256	chr5:151831001-153750807	SBS8	2	0	0	1	0	0	0	0	0	0
2257	chr5:153750808-155508023	SBS3	3	0	1	0	0	0	0	0	0	0
2258	chr5:153750808-155508023	SBS5	3	0	1	0	0	0	0	0	0	0
2259	chr5:155519355-162766124	SBS1	3	0	0	0	1	0	0	0	0	0
2260	chr5:155519355-162766124	SBS3	3	0	5	1	1	0	0	0	0	0
2261	chr5:155519355-162766124	SBS5	3	0	1	0	1	0	0	0	0	0
2262	chr5:155519355-162766124	SBS8	3	0	5	2	1	0	0	0	0	0
2263	chr5:162766167-167557000	SBS3	3	0	1	0	2	0	0	0	0	0
2264	chr5:162766167-167557000	SBS8	3	0	1	2	1	0	0	0	0	0
2265	chr5:167557001-169604167	SBS3	3	0	2	0	0	0	0	0	0	0
2266	chr5:167557001-169604167	SBS5	3	0	3	0	0	0	0	0	0	0
2267	chr5:167557001-169604167	SBS8	3	0	0	1	0	0	0	0	0	0
2268	chr5:169686800-172885195	SBS1	3	0	1	1	0	0	0	0	0	0
2269	chr5:169686800-172885195	SBS100	3	0	0	0	1	0	0	0	0	0
2270	chr5:169686800-172885195	SBS13	3	0	0	0	1	0	0	0	0	0
2271	chr5:169686800-172885195	SBS3	3	0	3	0	0	0	0	0	0	0
2272	chr5:169686800-172885195	SBS5	3	0	4	0	0	0	0	0	0	0
2273	chr5:169686800-172885195	SBS8	3	0	1	0	0	0	0	0	0	0
2274	chr5:17122914-18013080	SBS1	7	1	0	0	1	0	0	0	0	0
2275	chr5:17122914-18013080	SBS13	7	1	0	0	1	0	0	0	0	0
2276	chr5:17122914-18013080	SBS3	7	1	0	4	0	0	0	0	0	0
2277	chr5:17122914-18013080	SBS5	7	1	0	1	0	0	0	0	0	0
2278	chr5:17122914-18013080	SBS8	7	1	0	1	0	0	0	1	0	0
2279	chr5:172885306-173281782	SBS5	3	0	0	0	1	0	0	0	0	0
2280	chr5:173281829-181538259	SBS1	3	0	2	0	1	0	0	0	0	0
2281	chr5:173281829-181538259	SBS100	3	0	1	0	0	0	0	0	0	0
2282	chr5:173281829-181538259	SBS13	3	0	0	0	1	0	0	0	0	0
2283	chr5:173281829-181538259	SBS3	3	0	2	0	3	0	0	0	0	0
2284	chr5:173281829-181538259	SBS5	3	0	2	3	4	0	0	0	0	0
2285	chr5:173281829-181538259	SBS8	3	0	3	1	2	0	0	0	0	0
2286	chr5:18013698-20177336	SBS1	7	1	0	1	0	0	0	0	0	0
2287	chr5:18013698-20177336	SBS100	7	1	0	1	2	0	0	0	0	0
2288	chr5:18013698-20177336	SBS3	7	1	1	0	2	0	1	0	0	0
2289	chr5:18013698-20177336	SBS5	7	1	1	2	3	0	1	0	0	0
2290	chr5:18013698-20177336	SBS8	7	1	2	3	2	0	0	1	0	0
2291	chr5:1874948-1966210	SBS8	7	1	0	1	0	0	0	0	0	0
2292	chr5:1966211-6766992	SBS1	7	1	0	1	1	0	0	0	0	0
2293	chr5:1966211-6766992	SBS100	7	1	0	1	1	0	0	0	0	0
2294	chr5:1966211-6766992	SBS13	7	1	0	2	1	0	0	0	0	0
2295	chr5:1966211-6766992	SBS3	7	1	2	4	5	2	0	0	1	0
2296	chr5:1966211-6766992	SBS5	7	1	1	3	5	2	0	1	1	0
2297	chr5:1966211-6766992	SBS8	7	1	2	6	9	2	1	4	0	0
2298	chr5:20177337-20543286	SBS3	5	1	0	0	1	0	0	0	0	0
2299	chr5:20177337-20543286	SBS8	5	1	0	1	1	1	0	0	0	0
2300	chr5:20543287-22402607	SBS1	7	1	0	1	1	0	0	0	0	0
2301	chr5:20543287-22402607	SBS100	7	1	0	0	1	0	0	0	0	0
2302	chr5:20543287-22402607	SBS13	7	1	0	0	1	0	0	0	0	0
2303	chr5:20543287-22402607	SBS3	7	1	0	4	0	2	0	0	0	0
2304	chr5:20543287-22402607	SBS5	7	1	0	3	0	2	0	0	0	0
2305	chr5:20543287-22402607	SBS8	7	1	0	2	0	1	0	1	0	0
2306	chr5:22403347-25041586	SBS1	7	1	0	1	0	0	0	0	0	0
2307	chr5:22403347-25041586	SBS100	7	1	0	1	0	0	0	0	0	0
2308	chr5:22403347-25041586	SBS13	7	1	0	0	1	0	0	0	0	0
2309	chr5:22403347-25041586	SBS3	7	1	1	3	1	0	1	1	0	0
2310	chr5:22403347-25041586	SBS5	7	1	0	1	0	2	1	1	0	0
2311	chr5:22403347-25041586	SBS8	7	1	0	3	0	1	1	0	0	0
2312	chr5:25044077-25150580	SBS3	6	1	1	0	0	0	0	0	0	0
2313	chr5:25044077-25150580	SBS8	6	1	0	2	0	0	0	0	0	0
2314	chr5:25150581-28014888	SBS1	5	1	1	0	0	0	0	0	0	0
2315	chr5:25150581-28014888	SBS13	5	1	0	1	0	0	0	0	0	0
2316	chr5:25150581-28014888	SBS3	5	1	0	1	3	0	0	0	0	0
2317	chr5:25150581-28014888	SBS5	5	1	0	2	2	1	0	0	0	0
2318	chr5:25150581-28014888	SBS8	5	1	0	6	2	3	0	0	0	0
2319	chr5:28301662-29591042	SBS100	5	1	0	2	0	0	0	0	0	0
2320	chr5:28301662-29591042	SBS3	5	1	0	1	1	0	0	0	0	0
2321	chr5:28301662-29591042	SBS5	5	1	0	2	1	1	0	0	0	0
2322	chr5:28301662-29591042	SBS8	5	1	0	0	2	1	0	0	0	0
2323	chr5:29593959-30846246	SBS3	5	1	0	0	1	0	0	0	0	0
2324	chr5:29593959-30846246	SBS5	5	1	1	0	1	0	0	0	0	0
2325	chr5:29593959-30846246	SBS8	5	1	1	3	1	2	0	0	0	0
2326	chr5:30846247-31611549	SBS3	7	1	1	0	0	0	0	1	0	0
2327	chr5:30846247-31611549	SBS5	7	1	1	0	0	0	0	0	1	0
2328	chr5:30846247-31611549	SBS8	7	1	0	0	0	2	0	0	0	0
2329	chr5:31612236-31666749	SBS1	7	1	0	0	1	0	0	0	0	0
2330	chr5:31670846-31670944	SBS13	5	1	0	0	1	0	0	0	0	0
2331	chr5:31670846-31670944	SBS5	5	1	0	1	0	0	0	0	0	0
2332	chr5:31670945-31671846	SBS100	8	1	0	0	0	0	2	0	0	0
2333	chr5:31670945-31671846	SBS13	8	1	0	0	0	0	2	0	1	0
2334	chr5:31670945-31671846	SBS3	8	1	0	0	0	0	0	0	0	2
2335	chr5:31670945-31671846	SBS5	8	1	0	0	0	0	1	0	0	0
2336	chr5:31671847-32754281	SBS3	3	1	0	2	2	0	0	0	0	0
2337	chr5:31671847-32754281	SBS8	3	1	1	0	0	0	0	0	0	0
2338	chr5:32934949-35023306	SBS1	3	1	1	0	0	0	0	0	0	0
2339	chr5:32934949-35023306	SBS100	3	1	0	0	1	0	0	0	0	0
2340	chr5:32934949-35023306	SBS13	3	1	1	0	0	0	0	0	0	0
2341	chr5:32934949-35023306	SBS3	3	1	2	2	0	0	0	0	0	0
2342	chr5:32934949-35023306	SBS5	3	1	1	1	3	0	0	0	0	0
2343	chr5:32934949-35023306	SBS8	3	1	2	2	1	0	0	0	0	0
2344	chr5:340664-1874947	SBS1	8	1	0	1	0	1	0	1	0	0
2345	chr5:340664-1874947	SBS3	8	1	0	0	2	0	0	1	0	0
2346	chr5:340664-1874947	SBS5	8	1	1	2	1	0	0	0	0	0
2347	chr5:340664-1874947	SBS8	8	1	0	0	2	0	1	0	0	0
2348	chr5:35024933-36712145	SBS100	3	1	1	0	0	0	0	0	0	0
2349	chr5:35024933-36712145	SBS3	3	1	2	2	1	0	0	0	0	0
2350	chr5:35024933-36712145	SBS5	3	1	0	1	0	0	0	0	0	0
2351	chr5:35024933-36712145	SBS8	3	1	2	0	1	0	0	0	0	0
2352	chr5:37360308-40478860	SBS1	5	1	0	0	1	0	0	0	0	0
2353	chr5:37360308-40478860	SBS3	5	1	3	3	2	0	0	0	0	0
2354	chr5:37360308-40478860	SBS5	5	1	1	3	1	0	0	1	0	0
2355	chr5:37360308-40478860	SBS8	5	1	2	4	1	0	0	1	0	0
2356	chr5:40482928-41155566	SBS13	5	1	2	1	2	4	0	4	0	0
2357	chr5:40482928-41155566	SBS3	5	1	0	3	0	1	0	0	0	0
2358	chr5:40482928-41155566	SBS5	5	1	0	3	2	2	0	1	0	0
2359	chr5:40482928-41155566	SBS8	5	1	0	1	2	0	0	1	0	0
2360	chr5:41161970-42993351	SBS1	5	1	1	0	0	0	0	0	0	0
2361	chr5:41161970-42993351	SBS100	5	1	0	1	0	0	0	0	0	0
2362	chr5:41161970-42993351	SBS13	5	1	0	0	1	1	0	0	0	0
2363	chr5:41161970-42993351	SBS3	5	1	0	3	0	0	0	0	0	0
2364	chr5:41161970-42993351	SBS5	5	1	0	0	0	1	0	0	0	0
2365	chr5:41161970-42993351	SBS8	5	1	0	4	1	0	0	1	0	0
2366	chr5:42722-340663	SBS3	9	1	0	1	0	1	0	0	0	0
2367	chr5:42993352-43565716	SBS3	7	1	1	1	0	0	0	0	0	0
2368	chr5:43565717-45021929	SBS13	5	1	0	1	0	0	0	0	0	0
2369	chr5:43565717-45021929	SBS3	5	1	0	3	3	0	0	0	0	0
2370	chr5:43565717-45021929	SBS5	5	1	0	2	1	1	0	0	0	0
2371	chr5:43565717-45021929	SBS8	5	1	0	6	2	0	0	0	0	0
2372	chr5:45021930-48272853	SBS3	1	1	1	0	0	0	0	0	0	0
2373	chr5:45021930-48272853	SBS5	1	1	1	0	0	0	0	0	0	0
2374	chr5:45021930-48272853	SBS8	1	1	3	0	0	0	0	0	0	0
2375	chr5:48272854-54276128	SBS1	1	0	1	0	0	0	0	0	0	0
2376	chr5:48272854-54276128	SBS13	1	0	1	0	0	0	0	0	0	0
2377	chr5:48272854-54276128	SBS3	1	0	4	0	0	0	0	0	0	0
2378	chr5:48272854-54276128	SBS5	1	0	2	0	0	0	0	0	0	0
2379	chr5:48272854-54276128	SBS8	1	0	2	0	0	0	0	0	0	0
2380	chr5:54276162-68947000	SBS1	1	0	1	0	0	0	0	0	0	0
2381	chr5:54276162-68947000	SBS100	1	0	3	0	0	0	0	0	0	0
2382	chr5:54276162-68947000	SBS3	1	0	11	0	0	0	0	0	0	0
2383	chr5:54276162-68947000	SBS5	1	0	12	0	0	0	0	0	0	0
2384	chr5:54276162-68947000	SBS8	1	0	8	0	0	0	0	0	0	0
2385	chr5:6766993-6980517	SBS8	9	1	0	1	0	0	0	0	0	0
2386	chr5:68947001-71857125	SBS1	2	1	1	0	0	0	0	0	0	0
2387	chr5:68947001-71857125	SBS100	2	1	1	0	0	0	0	0	0	0
2388	chr5:68947001-71857125	SBS13	2	1	0	1	0	0	0	0	0	0
2389	chr5:68947001-71857125	SBS3	2	1	1	1	0	0	0	0	0	0
2390	chr5:68947001-71857125	SBS8	2	1	0	1	0	0	0	0	0	0
2391	chr5:6980518-8050988	SBS1	7	1	0	0	2	0	0	0	0	0
2392	chr5:6980518-8050988	SBS3	7	1	0	0	0	1	0	0	0	0
2393	chr5:6980518-8050988	SBS5	7	1	0	1	1	0	0	0	0	0
2394	chr5:6980518-8050988	SBS8	7	1	0	2	1	1	0	0	0	0
2395	chr5:71857207-72304020	SBS8	2	1	1	0	0	0	0	0	0	0
2396	chr5:72304093-72664149	SBS3	2	1	2	0	0	0	0	0	0	0
2397	chr5:72664183-73006859	SBS3	2	1	1	0	0	0	0	0	0	0
2398	chr5:72664183-73006859	SBS5	2	1	3	1	0	0	0	0	0	0
2399	chr5:73012981-74784000	SBS1	2	1	1	0	0	0	0	0	0	0
2400	chr5:73012981-74784000	SBS13	2	1	0	1	0	0	0	0	0	0
2401	chr5:73012981-74784000	SBS5	2	1	0	1	0	0	0	0	0	0
2402	chr5:73012981-74784000	SBS8	2	1	2	1	0	0	0	0	0	0
2403	chr5:74784001-76854527	SBS1	2	1	1	1	0	0	0	0	0	0
2404	chr5:74784001-76854527	SBS3	2	1	0	2	0	0	0	0	0	0
2405	chr5:74784001-76854527	SBS5	2	1	2	0	0	0	0	0	0	0
2406	chr5:74784001-76854527	SBS8	2	1	2	1	0	0	0	0	0	0
2407	chr5:76860678-79978319	SBS3	2	1	4	1	0	0	0	0	0	0
2408	chr5:76860678-79978319	SBS5	2	1	1	0	0	0	0	0	0	0
2409	chr5:76860678-79978319	SBS8	2	1	0	1	0	0	0	0	0	0
2410	chr5:79992285-80491120	SBS8	2	1	0	1	0	0	0	0	0	0
2411	chr5:80499368-83586000	SBS13	2	1	0	1	0	0	0	0	0	0
2412	chr5:80499368-83586000	SBS3	2	1	2	2	0	0	0	0	0	0
2413	chr5:80499368-83586000	SBS5	2	1	1	0	0	0	0	0	0	0
2414	chr5:80499368-83586000	SBS8	2	1	1	0	0	0	0	0	0	0
2415	chr5:8052624-8113203	SBS1	7	1	0	1	0	0	0	0	0	0
2416	chr5:8113211-9232711	SBS1	7	1	0	0	0	1	0	0	0	0
2417	chr5:8113211-9232711	SBS3	7	1	0	1	2	1	0	1	0	0
2418	chr5:8113211-9232711	SBS5	7	1	0	1	0	1	0	0	0	0
2419	chr5:8113211-9232711	SBS8	7	1	0	3	4	0	0	0	0	0
2420	chr5:83586001-86361430	SBS100	2	1	1	0	0	0	0	0	0	0
2421	chr5:83586001-86361430	SBS13	2	1	0	1	0	0	0	0	0	0
2422	chr5:83586001-86361430	SBS3	2	1	0	2	0	0	0	0	0	0
2423	chr5:83586001-86361430	SBS5	2	1	1	1	0	0	0	0	0	0
2424	chr5:83586001-86361430	SBS8	2	1	2	2	0	0	0	0	0	0
2425	chr5:86361466-91574151	SBS1	2	1	0	1	0	0	0	0	0	0
2426	chr5:86361466-91574151	SBS100	2	1	1	0	0	0	0	0	0	0
2427	chr5:86361466-91574151	SBS13	2	1	0	2	0	0	0	0	0	0
2428	chr5:86361466-91574151	SBS3	2	1	2	1	0	0	0	0	0	0
2429	chr5:86361466-91574151	SBS5	2	1	1	1	0	0	0	0	0	0
2430	chr5:86361466-91574151	SBS8	2	1	6	3	0	0	0	0	0	0
2431	chr5:91579849-95248134	SBS3	2	1	1	2	0	0	0	0	0	0
2432	chr5:91579849-95248134	SBS5	2	1	3	1	0	0	0	0	0	0
2433	chr5:91579849-95248134	SBS8	2	1	3	3	0	0	0	0	0	0
2434	chr5:9232754-10114240	SBS1	6	1	0	0	1	0	0	0	1	0
2435	chr5:9232754-10114240	SBS13	6	1	0	1	0	0	0	0	0	0
2436	chr5:9232754-10114240	SBS3	6	1	0	1	0	0	0	0	0	0
2437	chr5:9232754-10114240	SBS5	6	1	0	3	0	0	0	0	0	0
2438	chr5:9232754-10114240	SBS8	6	1	0	1	1	3	0	0	0	0
2439	chr5:95248135-95250235	SBS5	1	0	1	0	0	0	0	0	0	0
2440	chr5:95250236-96603775	SBS5	2	1	1	2	0	0	0	0	0	0
2441	chr5:95250236-96603775	SBS8	2	1	0	2	0	0	0	0	0	0
2442	chr5:96603776-96922881	SBS13	3	2	0	1	0	0	0	0	0	0
2443	chr5:97154055-109233813	SBS1	2	1	2	0	0	0	0	0	0	0
2444	chr5:97154055-109233813	SBS13	2	1	1	0	0	0	0	0	0	0
2445	chr5:97154055-109233813	SBS3	2	1	7	10	0	0	0	0	0	0
2446	chr5:97154055-109233813	SBS5	2	1	5	5	0	0	0	0	0	0
2447	chr5:97154055-109233813	SBS8	2	1	7	11	0	0	0	0	0	0
2448	chr6:105315001-110804000	SBS100	2	2	0	1	0	0	0	0	0	0
2449	chr6:105315001-110804000	SBS3	2	2	1	1	0	0	0	0	0	0
2450	chr6:105315001-110804000	SBS5	2	2	1	4	0	0	0	0	0	0
2451	chr6:105315001-110804000	SBS8	2	2	3	11	0	0	0	0	0	0
2452	chr6:110804001-112603420	SBS1	2	1	1	0	0	0	0	0	0	0
2453	chr6:110804001-112603420	SBS13	2	1	1	0	0	0	0	0	0	0
2454	chr6:110804001-112603420	SBS3	2	1	2	3	0	0	0	0	0	0
2455	chr6:110804001-112603420	SBS5	2	1	0	3	0	0	0	0	0	0
2456	chr6:110804001-112603420	SBS8	2	1	0	2	0	0	0	0	0	0
2457	chr6:112603467-113631000	SBS5	2	1	1	0	0	0	0	0	0	0
2458	chr6:113792001-113957642	SBS13	2	2	0	1	0	0	0	0	0	0
2459	chr6:113792001-113957642	SBS8	2	2	0	1	0	0	0	0	0	0
2460	chr6:113957803-119167524	SBS1	2	2	1	1	0	0	0	0	0	0
2461	chr6:113957803-119167524	SBS100	2	2	1	0	0	0	0	0	0	0
2462	chr6:113957803-119167524	SBS3	2	2	4	6	0	0	0	0	0	0
2463	chr6:113957803-119167524	SBS5	2	2	3	8	0	0	0	0	0	0
2464	chr6:113957803-119167524	SBS8	2	2	6	5	0	0	0	0	0	0
2465	chr6:119206572-123292793	SBS100	2	2	0	1	0	0	0	0	0	0
2466	chr6:119206572-123292793	SBS13	2	2	1	2	0	0	0	0	0	0
2467	chr6:119206572-123292793	SBS3	2	2	4	0	0	0	0	0	0	0
2468	chr6:119206572-123292793	SBS5	2	2	1	4	0	0	0	0	0	0
2469	chr6:119206572-123292793	SBS8	2	2	3	9	0	0	0	0	0	0
2470	chr6:123292819-125260516	SBS13	2	2	1	0	0	0	0	0	0	0
2471	chr6:123292819-125260516	SBS3	2	2	1	2	0	0	0	0	0	0
2472	chr6:123292819-125260516	SBS5	2	2	0	1	0	0	0	0	0	0
2473	chr6:123292819-125260516	SBS8	2	2	1	3	0	0	0	0	0	0
2474	chr6:125278014-130516730	SBS3	2	2	2	2	0	0	0	0	0	0
2475	chr6:125278014-130516730	SBS5	2	2	0	3	0	0	0	0	0	0
2476	chr6:125278014-130516730	SBS8	2	2	2	7	0	0	0	0	0	0
2477	chr6:130678686-132702377	SBS100	2	2	0	1	0	0	0	0	0	0
2478	chr6:130678686-132702377	SBS5	2	2	2	3	0	0	0	0	0	0
2479	chr6:130678686-132702377	SBS8	2	2	0	4	0	0	0	0	0	0
2480	chr6:132702452-132840463	SBS8	2	2	0	1	0	0	0	0	0	0
2481	chr6:132840464-133332842	SBS5	2	0	1	0	0	0	0	0	0	0
2482	chr6:133332843-134463551	SBS3	2	2	0	1	0	0	0	0	0	0
2483	chr6:133332843-134463551	SBS5	2	2	1	0	0	0	0	0	0	0
2484	chr6:133332843-134463551	SBS8	2	2	0	3	0	0	0	0	0	0
2485	chr6:134463613-135078698	SBS3	2	2	0	2	0	0	0	0	0	0
2486	chr6:134463613-135078698	SBS5	2	2	0	1	0	0	0	0	0	0
2487	chr6:134463613-135078698	SBS8	2	2	2	2	0	0	0	0	0	0
2488	chr6:135078734-139005043	SBS1	2	2	1	0	0	0	0	0	0	0
2489	chr6:135078734-139005043	SBS100	2	2	3	2	0	0	0	0	0	0
2490	chr6:135078734-139005043	SBS3	2	2	1	4	0	0	0	0	0	0
2491	chr6:135078734-139005043	SBS5	2	2	3	2	0	0	0	0	0	0
2492	chr6:135078734-139005043	SBS8	2	2	0	5	0	0	0	0	0	0
2493	chr6:139010020-140354826	SBS100	2	2	0	1	0	0	0	0	0	0
2494	chr6:139010020-140354826	SBS3	2	2	0	1	0	0	0	0	0	0
2495	chr6:139010020-140354826	SBS5	2	2	0	1	0	0	0	0	0	0
2496	chr6:139010020-140354826	SBS8	2	2	0	1	0	0	0	0	0	0
2497	chr6:140571722-141792230	SBS100	3	2	1	0	0	0	0	0	0	0
2498	chr6:140571722-141792230	SBS3	3	2	0	2	2	0	0	0	0	0
2499	chr6:140571722-141792230	SBS5	3	2	0	0	2	0	0	0	0	0
2500	chr6:140571722-141792230	SBS8	3	2	0	0	1	0	0	0	0	0
2501	chr6:141796416-143883167	SBS1	3	2	0	0	1	0	0	0	0	0
2502	chr6:141796416-143883167	SBS13	3	2	0	1	0	0	0	0	0	0
2503	chr6:141796416-143883167	SBS3	3	2	0	2	0	0	0	0	0	0
2504	chr6:141796416-143883167	SBS5	3	2	0	2	1	0	0	0	0	0
2505	chr6:141796416-143883167	SBS8	3	2	1	2	2	0	0	0	0	0
2506	chr6:143889535-145486052	SBS3	3	2	1	0	0	0	0	0	0	0
2507	chr6:143889535-145486052	SBS5	3	2	1	0	0	0	0	0	0	0
2508	chr6:143889535-145486052	SBS8	3	2	0	1	1	0	0	0	0	0
2509	chr6:145486053-145602773	SBS8	5	2	0	0	1	0	0	0	0	0
2510	chr6:145602774-147202833	SBS1	3	2	1	0	1	0	0	0	0	0
2511	chr6:145602774-147202833	SBS3	3	2	1	1	2	0	0	0	0	0
2512	chr6:145602774-147202833	SBS5	3	2	2	0	1	0	0	0	0	0
2513	chr6:145602774-147202833	SBS8	3	2	0	0	2	0	0	0	0	0
2514	chr6:147397001-148174000	SBS8	2	0	0	1	0	0	0	0	0	0
2515	chr6:148174001-152502000	SBS1	2	0	4	0	0	0	0	0	0	0
2516	chr6:148174001-152502000	SBS100	2	0	1	1	0	0	0	0	0	0
2517	chr6:148174001-152502000	SBS13	2	0	0	1	0	0	0	0	0	0
2518	chr6:148174001-152502000	SBS5	2	0	2	0	0	0	0	0	0	0
2519	chr6:148174001-152502000	SBS8	2	0	3	0	0	0	0	0	0	0
2520	chr6:152502001-154064000	SBS1	2	0	0	1	0	0	0	0	0	0
2521	chr6:152502001-154064000	SBS5	2	0	2	1	0	0	0	0	0	0
2522	chr6:152502001-154064000	SBS8	2	0	1	1	0	0	0	0	0	0
2523	chr6:154064001-155206744	SBS8	2	0	0	1	0	0	0	0	0	0
2524	chr6:155509594-158840713	SBS1	2	0	1	0	0	0	0	0	0	0
2525	chr6:155509594-158840713	SBS13	2	0	0	2	0	0	0	0	0	0
2526	chr6:155509594-158840713	SBS3	2	0	2	0	0	0	0	0	0	0
2527	chr6:155509594-158840713	SBS8	2	0	0	2	0	0	0	0	0	0
2528	chr6:158859529-161479632	SBS1	2	0	1	0	0	0	0	0	0	0
2529	chr6:158859529-161479632	SBS13	2	0	0	1	0	0	0	0	0	0
2530	chr6:158859529-161479632	SBS3	2	0	0	1	0	0	0	0	0	0
2531	chr6:158859529-161479632	SBS5	2	0	1	1	0	0	0	0	0	0
2532	chr6:158859529-161479632	SBS8	2	0	0	3	0	0	0	0	0	0
2533	chr6:161479669-163389000	SBS3	2	0	0	1	0	0	0	0	0	0
2534	chr6:161479669-163389000	SBS8	2	0	0	1	0	0	0	0	0	0
2535	chr6:163589001-164438103	SBS3	2	0	1	0	0	0	0	0	0	0
2536	chr6:164438148-166220435	SBS3	2	0	0	2	0	0	0	0	0	0
2537	chr6:164438148-166220435	SBS5	2	0	1	0	0	0	0	0	0	0
2538	chr6:164438148-166220435	SBS8	2	0	1	1	0	0	0	0	0	0
2539	chr6:166282301-170805979	SBS1	2	0	2	0	0	0	0	0	0	0
2540	chr6:166282301-170805979	SBS100	2	0	0	2	0	0	0	0	0	0
2541	chr6:166282301-170805979	SBS3	2	0	0	1	0	0	0	0	0	0
2542	chr6:166282301-170805979	SBS5	2	0	0	1	0	0	0	0	0	0
2543	chr6:166282301-170805979	SBS8	2	0	4	1	0	0	0	0	0	0
2544	chr6:59191911-61793133	SBS3	2	1	2	2	0	0	0	0	0	0
2545	chr6:59191911-61793133	SBS5	2	1	1	1	0	0	0	0	0	0
2546	chr6:59191911-61793133	SBS8	2	1	2	5	0	0	0	0	0	0
2547	chr6:61800423-79820057	SBS1	2	2	2	1	0	0	0	0	0	0
2548	chr6:61800423-79820057	SBS13	2	2	1	4	0	0	0	0	0	0
2549	chr6:61800423-79820057	SBS3	2	2	8	12	0	0	0	0	0	0
2550	chr6:61800423-79820057	SBS5	2	2	5	21	0	0	0	0	0	0
2551	chr6:61800423-79820057	SBS8	2	2	4	28	0	0	0	0	0	0
2552	chr6:79820112-79897693	SBS8	3	1	0	0	1	0	0	0	0	0
2553	chr6:79916725-83348608	SBS5	2	2	0	2	0	0	0	0	0	0
2554	chr6:79916725-83348608	SBS8	2	2	0	6	0	0	0	0	0	0
2555	chr6:83367640-85337217	SBS100	2	2	0	1	0	0	0	0	0	0
2556	chr6:83367640-85337217	SBS13	2	2	0	1	0	0	0	0	0	0
2557	chr6:83367640-85337217	SBS3	2	2	0	1	0	0	0	0	0	0
2558	chr6:83367640-85337217	SBS5	2	2	0	2	0	0	0	0	0	0
2559	chr6:83367640-85337217	SBS8	2	2	0	2	0	0	0	0	0	0
2560	chr6:85337218-85609167	SBS100	4	2	0	0	1	0	0	0	0	0
2561	chr6:85646265-89363507	SBS1	2	2	1	0	0	0	0	0	0	0
2562	chr6:85646265-89363507	SBS13	2	2	1	1	0	0	0	0	0	0
2563	chr6:85646265-89363507	SBS3	2	2	0	5	0	0	0	0	0	0
2564	chr6:85646265-89363507	SBS5	2	2	3	4	0	0	0	0	0	0
2565	chr6:85646265-89363507	SBS8	2	2	0	2	0	0	0	0	0	0
2566	chr6:89424841-90659000	SBS3	2	2	0	2	0	0	0	0	0	0
2567	chr6:89424841-90659000	SBS5	2	2	0	1	0	0	0	0	0	0
2568	chr6:89424841-90659000	SBS8	2	2	0	1	0	0	0	0	0	0
2569	chr6:90659001-93297847	SBS100	2	2	0	1	0	0	0	0	0	0
2570	chr6:90659001-93297847	SBS3	2	2	2	4	0	0	0	0	0	0
2571	chr6:90659001-93297847	SBS5	2	2	4	3	0	0	0	0	0	0
2572	chr6:90659001-93297847	SBS8	2	2	1	3	0	0	0	0	0	0
2573	chr6:93303086-93895182	SBS8	2	2	0	1	0	0	0	0	0	0
2574	chr6:93895242-105315000	SBS1	2	2	2	0	0	0	0	0	0	0
2575	chr6:93895242-105315000	SBS13	2	2	0	1	0	0	0	0	0	0
2576	chr6:93895242-105315000	SBS3	2	2	1	6	0	0	0	0	0	0
2577	chr6:93895242-105315000	SBS5	2	2	1	1	0	0	0	0	0	0
2578	chr6:93895242-105315000	SBS8	2	2	2	6	0	0	0	0	0	0
2579	chr7:1-483096	SBS3	2	0	1	0	0	0	0	0	0	0
2580	chr7:108629001-109745410	SBS3	2	1	0	1	0	0	0	0	0	0
2581	chr7:108629001-109745410	SBS5	2	1	1	0	0	0	0	0	0	0
2582	chr7:108629001-109745410	SBS8	2	1	1	3	0	0	0	0	0	0
2583	chr7:109759265-111060777	SBS1	2	2	0	1	0	0	0	0	0	0
2584	chr7:109759265-111060777	SBS13	2	2	0	1	0	0	0	0	0	0
2585	chr7:109759265-111060777	SBS3	2	2	0	1	0	0	0	0	0	0
2586	chr7:109759265-111060777	SBS8	2	2	0	3	0	0	0	0	0	0
2587	chr7:111076434-112088284	SBS1	2	2	0	1	0	0	0	0	0	0
2588	chr7:111076434-112088284	SBS5	2	2	0	1	0	0	0	0	0	0
2589	chr7:111076434-112088284	SBS8	2	2	0	3	0	0	0	0	0	0
2590	chr7:112088285-112088504	SBS3	2	0	1	0	0	0	0	0	0	0
2591	chr7:112088285-112088504	SBS8	2	0	1	0	0	0	0	0	0	0
2592	chr7:112088505-112310350	SBS5	2	2	0	1	0	0	0	0	0	0
2593	chr7:112358347-115520098	SBS1	2	2	0	1	0	0	0	0	0	0
2594	chr7:112358347-115520098	SBS13	2	2	1	0	0	0	0	0	0	0
2595	chr7:112358347-115520098	SBS3	2	2	3	2	0	0	0	0	0	0
2596	chr7:112358347-115520098	SBS5	2	2	1	5	0	0	0	0	0	0
2597	chr7:112358347-115520098	SBS8	2	2	0	3	0	0	0	0	0	0
2598	chr7:115524903-117390679	SBS1	2	2	1	1	0	0	0	0	0	0
2599	chr7:115524903-117390679	SBS8	2	2	0	1	0	0	0	0	0	0
2600	chr7:117426674-127577000	SBS1	2	2	2	5	0	0	0	0	0	0
2601	chr7:117426674-127577000	SBS100	2	2	0	3	0	0	0	0	0	0
2602	chr7:117426674-127577000	SBS13	2	2	0	4	0	0	0	0	0	0
2603	chr7:117426674-127577000	SBS3	2	2	5	7	0	0	0	0	0	0
2604	chr7:117426674-127577000	SBS5	2	2	7	9	0	0	0	0	0	0
2605	chr7:117426674-127577000	SBS8	2	2	5	20	0	0	0	0	0	0
2606	chr7:12298384-23334213	SBS1	2	2	1	0	0	0	0	0	0	0
2607	chr7:12298384-23334213	SBS13	2	2	2	2	0	0	0	0	0	0
2608	chr7:12298384-23334213	SBS3	2	2	4	6	0	0	0	0	0	0
2609	chr7:12298384-23334213	SBS5	2	2	1	6	0	0	0	0	0	0
2610	chr7:12298384-23334213	SBS8	2	2	3	12	0	0	0	0	0	0
2611	chr7:127577001-128451403	SBS8	2	2	0	1	0	0	0	0	0	0
2612	chr7:128451404-130437457	SBS1	3	2	0	0	1	0	0	0	0	0
2613	chr7:128451404-130437457	SBS3	3	2	1	3	0	0	0	0	0	0
2614	chr7:128451404-130437457	SBS5	3	2	1	0	1	0	0	0	0	0
2615	chr7:128451404-130437457	SBS8	3	2	0	1	0	0	0	0	0	0
2616	chr7:130437518-132870866	SBS1	3	2	0	2	0	0	0	0	0	0
2617	chr7:130437518-132870866	SBS13	3	2	0	0	1	0	0	0	0	0
2618	chr7:130437518-132870866	SBS3	3	2	0	3	0	0	0	0	0	0
2619	chr7:130437518-132870866	SBS5	3	2	2	2	1	0	0	0	0	0
2620	chr7:132883993-136795987	SBS1	3	2	0	1	0	0	0	0	0	0
2621	chr7:132883993-136795987	SBS100	3	2	0	0	1	0	0	0	0	0
2622	chr7:132883993-136795987	SBS13	3	2	0	0	1	0	0	0	0	0
2623	chr7:132883993-136795987	SBS3	3	2	0	0	2	0	0	0	0	0
2624	chr7:132883993-136795987	SBS5	3	2	0	0	2	0	0	0	0	0
2625	chr7:132883993-136795987	SBS8	3	2	0	3	1	0	0	0	0	0
2626	chr7:136796029-139115734	SBS13	3	2	0	0	1	0	0	0	0	0
2627	chr7:136796029-139115734	SBS3	3	2	0	0	1	0	0	0	0	0
2628	chr7:136796029-139115734	SBS5	3	2	0	1	1	0	0	0	0	0
2629	chr7:136796029-139115734	SBS8	3	2	1	1	0	0	0	0	0	0
2630	chr7:139130524-142610100	SBS1	3	2	1	2	0	0	0	0	0	0
2631	chr7:139130524-142610100	SBS100	3	2	2	0	1	0	0	0	0	0
2632	chr7:139130524-142610100	SBS13	3	2	1	1	0	0	0	0	0	0
2633	chr7:139130524-142610100	SBS3	3	2	16	7	5	0	0	0	0	0
2634	chr7:139130524-142610100	SBS5	3	2	23	10	1	0	0	0	0	0
2635	chr7:139130524-142610100	SBS8	3	2	10	8	3	0	0	0	0	0
2636	chr7:142610101-144089808	SBS1	3	2	3	0	0	0	0	0	0	0
2637	chr7:142610101-144089808	SBS100	3	2	2	0	0	0	0	0	0	0
2638	chr7:142610101-144089808	SBS13	3	2	2	0	0	0	0	0	0	0
2639	chr7:142610101-144089808	SBS3	3	2	14	2	1	0	0	0	0	0
2640	chr7:142610101-144089808	SBS5	3	2	30	2	3	0	0	0	0	0
2641	chr7:142610101-144089808	SBS8	3	2	7	0	0	0	0	0	0	0
2642	chr7:144094183-148379000	SBS1	3	2	0	0	1	0	0	0	0	0
2643	chr7:144094183-148379000	SBS100	3	2	0	1	0	0	0	0	0	0
2644	chr7:144094183-148379000	SBS13	3	2	0	0	1	0	0	0	0	0
2645	chr7:144094183-148379000	SBS3	3	2	3	2	2	0	0	0	0	0
2646	chr7:144094183-148379000	SBS5	3	2	2	4	4	0	0	0	0	0
2647	chr7:144094183-148379000	SBS8	3	2	2	1	10	0	0	0	0	0
2648	chr7:148379001-152851000	SBS1	3	2	3	1	3	0	0	0	0	0
2649	chr7:148379001-152851000	SBS13	3	2	0	0	1	0	0	0	0	0
2650	chr7:148379001-152851000	SBS3	3	2	2	2	1	0	0	0	0	0
2651	chr7:148379001-152851000	SBS5	3	2	3	1	0	0	0	0	0	0
2652	chr7:148379001-152851000	SBS8	3	2	5	2	1	0	0	0	0	0
2653	chr7:152851001-154879047	SBS1	2	2	1	0	0	0	0	0	0	0
2654	chr7:152851001-154879047	SBS100	2	2	0	1	0	0	0	0	0	0
2655	chr7:152851001-154879047	SBS3	2	2	3	4	0	0	0	0	0	0
2656	chr7:152851001-154879047	SBS5	2	2	1	2	0	0	0	0	0	0
2657	chr7:152851001-154879047	SBS8	2	2	0	3	0	0	0	0	0	0
2658	chr7:154882259-159345973	SBS1	3	2	0	1	1	0	0	0	0	0
2659	chr7:154882259-159345973	SBS100	3	2	0	0	1	0	0	0	0	0
2660	chr7:154882259-159345973	SBS13	3	2	1	0	1	0	0	0	0	0
2661	chr7:154882259-159345973	SBS3	3	2	6	5	4	0	0	0	0	0
2662	chr7:154882259-159345973	SBS5	3	2	3	1	0	0	0	0	0	0
2663	chr7:154882259-159345973	SBS8	3	2	1	3	6	0	0	0	0	0
2664	chr7:1747707-1911642	SBS5	3	2	0	1	1	0	0	0	0	0
2665	chr7:1911643-6395000	SBS100	2	1	0	2	0	0	0	0	0	0
2666	chr7:1911643-6395000	SBS13	2	1	1	1	0	0	0	0	0	0
2667	chr7:1911643-6395000	SBS3	2	1	2	3	0	0	0	0	0	0
2668	chr7:1911643-6395000	SBS5	2	1	3	0	0	0	0	0	0	0
2669	chr7:1911643-6395000	SBS8	2	1	0	1	0	0	0	0	0	0
2670	chr7:23334247-31268772	SBS1	2	2	2	2	0	0	0	0	0	0
2671	chr7:23334247-31268772	SBS3	2	2	5	9	0	0	0	0	0	0
2672	chr7:23334247-31268772	SBS5	2	2	8	5	0	0	0	0	0	0
2673	chr7:23334247-31268772	SBS8	2	2	1	5	0	0	0	0	0	0
2674	chr7:31274576-32101028	SBS3	2	2	1	1	0	0	0	0	0	0
2675	chr7:31274576-32101028	SBS5	2	2	2	1	0	0	0	0	0	0
2676	chr7:31274576-32101028	SBS8	2	2	0	2	0	0	0	0	0	0
2677	chr7:32101029-32690874	SBS8	4	2	0	0	0	1	0	0	0	0
2678	chr7:32690875-37910860	SBS1	2	2	0	1	0	0	0	0	0	0
2679	chr7:32690875-37910860	SBS3	2	2	1	5	0	0	0	0	0	0
2680	chr7:32690875-37910860	SBS5	2	2	3	4	0	0	0	0	0	0
2681	chr7:32690875-37910860	SBS8	2	2	3	7	0	0	0	0	0	0
2682	chr7:37910923-39199552	SBS3	2	2	0	1	0	0	0	0	0	0
2683	chr7:37910923-39199552	SBS8	2	2	0	3	0	0	0	0	0	0
2684	chr7:39693717-45851762	SBS1	2	2	0	1	0	0	0	0	0	0
2685	chr7:39693717-45851762	SBS3	2	2	4	5	0	0	0	0	0	0
2686	chr7:39693717-45851762	SBS5	2	2	8	6	0	0	0	0	0	0
2687	chr7:39693717-45851762	SBS8	2	2	2	5	0	0	0	0	0	0
2688	chr7:45857399-46311874	SBS8	2	2	0	2	0	0	0	0	0	0
2689	chr7:46311912-48315000	SBS3	2	2	1	1	0	0	0	0	0	0
2690	chr7:46311912-48315000	SBS8	2	2	0	4	0	0	0	0	0	0
2691	chr7:48315001-50646746	SBS3	2	2	1	1	0	0	0	0	0	0
2692	chr7:48315001-50646746	SBS5	2	2	0	3	0	0	0	0	0	0
2693	chr7:50646747-50683178	SBS5	4	2	0	1	0	0	0	0	0	0
2694	chr7:50683179-51679296	SBS13	2	2	0	1	0	0	0	0	0	0
2695	chr7:50683179-51679296	SBS5	2	2	0	1	0	0	0	0	0	0
2696	chr7:51690716-51703856	SBS100	4	2	1	0	0	0	0	0	0	0
2697	chr7:51703857-54721000	SBS1	2	1	0	1	0	0	0	0	0	0
2698	chr7:51703857-54721000	SBS13	2	1	0	2	0	0	0	0	0	0
2699	chr7:51703857-54721000	SBS3	2	1	0	3	0	0	0	0	0	0
2700	chr7:51703857-54721000	SBS5	2	1	1	3	0	0	0	0	0	0
2701	chr7:51703857-54721000	SBS8	2	1	1	2	0	0	0	0	0	0
2702	chr7:54721001-55054399	SBS5	2	2	2	0	0	0	0	0	0	0
2703	chr7:54721001-55054399	SBS8	2	2	0	1	0	0	0	0	0	0
2704	chr7:55054433-56058179	SBS1	2	2	0	1	0	0	0	0	0	0
2705	chr7:55054433-56058179	SBS13	2	2	1	1	0	0	0	0	0	0
2706	chr7:55054433-56058179	SBS5	2	2	0	2	0	0	0	0	0	0
2707	chr7:55054433-56058179	SBS8	2	2	2	1	0	0	0	0	0	0
2708	chr7:56083562-59498943	SBS1	2	1	0	1	0	0	0	0	0	0
2709	chr7:56083562-59498943	SBS3	2	1	3	3	0	0	0	0	0	0
2710	chr7:56083562-59498943	SBS5	2	1	5	1	0	0	0	0	0	0
2711	chr7:56083562-59498943	SBS8	2	1	2	2	0	0	0	0	0	0
2712	chr7:59498944-64293000	SBS13	2	1	1	1	0	0	0	0	0	0
2713	chr7:59498944-64293000	SBS3	2	1	5	2	0	0	0	0	0	0
2714	chr7:59498944-64293000	SBS5	2	1	13	2	0	0	0	0	0	0
2715	chr7:59498944-64293000	SBS8	2	1	8	2	0	0	0	0	0	0
2716	chr7:6395001-12291907	SBS1	2	2	0	1	0	0	0	0	0	0
2717	chr7:6395001-12291907	SBS100	2	2	1	1	0	0	0	0	0	0
2718	chr7:6395001-12291907	SBS3	2	2	2	3	0	0	0	0	0	0
2719	chr7:6395001-12291907	SBS5	2	2	3	5	0	0	0	0	0	0
2720	chr7:6395001-12291907	SBS8	2	2	4	4	0	0	0	0	0	0
2721	chr7:64293001-67482483	SBS3	2	2	0	1	0	0	0	0	0	0
2722	chr7:64293001-67482483	SBS5	2	2	1	1	0	0	0	0	0	0
2723	chr7:64293001-67482483	SBS8	2	2	1	2	0	0	0	0	0	0
2724	chr7:67485841-70961000	SBS1	2	2	3	0	0	0	0	0	0	0
2725	chr7:67485841-70961000	SBS100	2	2	1	0	0	0	0	0	0	0
2726	chr7:67485841-70961000	SBS3	2	2	3	5	0	0	0	0	0	0
2727	chr7:67485841-70961000	SBS5	2	2	3	0	0	0	0	0	0	0
2728	chr7:67485841-70961000	SBS8	2	2	2	4	0	0	0	0	0	0
2729	chr7:70961001-72422000	SBS13	2	1	0	1	0	0	0	0	0	0
2730	chr7:70961001-72422000	SBS3	2	1	0	4	0	0	0	0	0	0
2731	chr7:70961001-72422000	SBS5	2	1	1	0	0	0	0	0	0	0
2732	chr7:70961001-72422000	SBS8	2	1	1	4	0	0	0	0	0	0
2733	chr7:72422001-73593757	SBS3	2	2	1	0	0	0	0	0	0	0
2734	chr7:73603237-73975309	SBS13	4	2	0	0	0	1	0	0	0	0
2735	chr7:73603237-73975309	SBS8	4	2	1	0	0	0	0	0	0	0
2736	chr7:73975310-75267500	SBS100	2	2	1	0	0	0	0	0	0	0
2737	chr7:73975310-75267500	SBS3	2	2	1	1	0	0	0	0	0	0
2738	chr7:73975310-75267500	SBS5	2	2	1	2	0	0	0	0	0	0
2739	chr7:73975310-75267500	SBS8	2	2	1	1	0	0	0	0	0	0
2740	chr7:75267501-78320714	SBS13	2	0	0	1	0	0	0	0	0	0
2741	chr7:75267501-78320714	SBS3	2	0	0	2	0	0	0	0	0	0
2742	chr7:75267501-78320714	SBS5	2	0	2	1	0	0	0	0	0	0
2743	chr7:75267501-78320714	SBS8	2	0	1	0	0	0	0	0	0	0
2744	chr7:78320893-91161441	SBS1	2	0	1	0	0	0	0	0	0	0
2745	chr7:78320893-91161441	SBS13	2	0	1	1	0	0	0	0	0	0
2746	chr7:78320893-91161441	SBS3	2	0	5	2	0	0	0	0	0	0
2747	chr7:78320893-91161441	SBS5	2	0	1	3	0	0	0	0	0	0
2748	chr7:78320893-91161441	SBS8	2	0	8	6	0	0	0	0	0	0
2749	chr7:859226-1747706	SBS1	3	2	0	0	1	0	0	0	0	0
2750	chr7:859226-1747706	SBS13	3	2	0	0	1	0	0	0	0	0
2751	chr7:859226-1747706	SBS3	3	2	1	1	1	0	0	0	0	0
2752	chr7:859226-1747706	SBS5	3	2	0	0	2	0	0	0	0	0
2753	chr7:91161442-98159377	SBS1	2	2	1	0	0	0	0	0	0	0
2754	chr7:91161442-98159377	SBS100	2	2	0	1	0	0	0	0	0	0
2755	chr7:91161442-98159377	SBS13	2	2	0	1	0	0	0	0	0	0
2756	chr7:91161442-98159377	SBS3	2	2	2	7	0	0	0	0	0	0
2757	chr7:91161442-98159377	SBS5	2	2	3	2	0	0	0	0	0	0
2758	chr7:91161442-98159377	SBS8	2	2	5	7	0	0	0	0	0	0
2759	chr7:98167460-108629000	SBS1	2	2	2	1	0	0	0	0	0	0
2760	chr7:98167460-108629000	SBS100	2	2	0	1	0	0	0	0	0	0
2761	chr7:98167460-108629000	SBS13	2	2	2	1	0	0	0	0	0	0
2762	chr7:98167460-108629000	SBS3	2	2	5	10	0	0	0	0	0	0
2763	chr7:98167460-108629000	SBS5	2	2	6	6	0	0	0	0	0	0
2764	chr7:98167460-108629000	SBS8	2	2	4	14	0	0	0	0	0	0
2765	chr8:1-3290907	SBS1	3	2	0	1	2	0	0	0	0	0
2766	chr8:1-3290907	SBS3	3	2	2	3	1	0	0	0	0	0
2767	chr8:1-3290907	SBS5	3	2	6	0	0	0	0	0	0	0
2768	chr8:1-3290907	SBS8	3	2	2	3	3	0	0	0	0	0
2769	chr8:100236337-100818579	SBS3	4	2	0	1	0	0	0	0	0	0
2770	chr8:100236337-100818579	SBS5	4	2	0	0	1	0	0	0	0	0
2771	chr8:100236337-100818579	SBS8	4	2	0	2	0	1	0	0	0	0
2772	chr8:100818580-107993569	SBS100	2	2	0	3	0	0	0	0	0	0
2773	chr8:100818580-107993569	SBS13	2	2	1	0	0	0	0	0	0	0
2774	chr8:100818580-107993569	SBS3	2	2	2	1	0	0	0	0	0	0
2775	chr8:100818580-107993569	SBS5	2	2	1	11	0	0	0	0	0	0
2776	chr8:100818580-107993569	SBS8	2	2	3	8	0	0	0	0	0	0
2777	chr8:10607620-10634785	SBS13	5	3	0	1	0	0	0	0	0	0
2778	chr8:10673612-10877980	SBS1	6	2	0	0	0	0	0	0	1	0
2779	chr8:10673612-10877980	SBS5	6	2	0	0	0	1	0	0	0	0
2780	chr8:107993603-109921015	SBS3	2	2	1	1	0	0	0	0	0	0
2781	chr8:107993603-109921015	SBS5	2	2	0	5	0	0	0	0	0	0
2782	chr8:107993603-109921015	SBS8	2	2	0	2	0	0	0	0	0	0
2783	chr8:10877981-13149303	SBS13	3	3	0	1	0	0	0	0	0	0
2784	chr8:10877981-13149303	SBS3	3	3	0	0	2	0	0	0	0	0
2785	chr8:10877981-13149303	SBS5	3	3	6	2	2	0	0	0	0	0
2786	chr8:10877981-13149303	SBS8	3	3	0	0	1	0	0	0	0	0
2787	chr8:109921095-115182000	SBS1	2	2	0	4	0	0	0	0	0	0
2788	chr8:109921095-115182000	SBS100	2	2	0	2	0	0	0	0	0	0
2789	chr8:109921095-115182000	SBS13	2	2	0	3	0	0	0	0	0	0
2790	chr8:109921095-115182000	SBS3	2	2	4	2	0	0	0	0	0	0
2791	chr8:109921095-115182000	SBS5	2	2	0	11	0	0	0	0	0	0
2792	chr8:109921095-115182000	SBS8	2	2	2	7	0	0	0	0	0	0
2793	chr8:115182001-116896765	SBS1	3	2	0	0	1	0	0	0	0	0
2794	chr8:115182001-116896765	SBS5	3	2	0	1	0	0	0	0	0	0
2795	chr8:115182001-116896765	SBS8	3	2	0	0	2	0	0	0	0	0
2796	chr8:116896805-122798751	SBS13	2	2	1	0	0	0	0	0	0	0
2797	chr8:116896805-122798751	SBS3	2	2	1	4	0	0	0	0	0	0
2798	chr8:116896805-122798751	SBS5	2	2	1	2	0	0	0	0	0	0
2799	chr8:116896805-122798751	SBS8	2	2	1	3	0	0	0	0	0	0
2800	chr8:122823084-123645940	SBS1	2	2	1	0	0	0	0	0	0	0
2801	chr8:122823084-123645940	SBS3	2	2	0	1	0	0	0	0	0	0
2802	chr8:122823084-123645940	SBS5	2	2	3	0	0	0	0	0	0	0
2803	chr8:122823084-123645940	SBS8	2	2	2	2	0	0	0	0	0	0
2804	chr8:123677922-133997000	SBS1	2	2	1	2	0	0	0	0	0	0
2805	chr8:123677922-133997000	SBS100	2	2	0	1	0	0	0	0	0	0
2806	chr8:123677922-133997000	SBS13	2	2	0	1	0	0	0	0	0	0
2807	chr8:123677922-133997000	SBS3	2	2	2	11	0	0	0	0	0	0
2808	chr8:123677922-133997000	SBS5	2	2	3	6	0	0	0	0	0	0
2809	chr8:123677922-133997000	SBS8	2	2	3	13	0	0	0	0	0	0
2810	chr8:13149347-15903897	SBS1	3	2	0	0	1	0	0	0	0	0
2811	chr8:13149347-15903897	SBS13	3	2	0	0	2	0	0	0	0	0
2812	chr8:13149347-15903897	SBS3	3	2	1	0	1	0	0	0	0	0
2813	chr8:13149347-15903897	SBS5	3	2	3	0	4	0	0	0	0	0
2814	chr8:13149347-15903897	SBS8	3	2	0	2	4	0	0	0	0	0
2815	chr8:133997001-135609000	SBS13	2	0	1	1	0	0	0	0	0	0
2816	chr8:133997001-135609000	SBS3	2	0	1	0	0	0	0	0	0	0
2817	chr8:133997001-135609000	SBS5	2	0	2	0	0	0	0	0	0	0
2818	chr8:135609001-137501199	SBS3	2	0	1	0	0	0	0	0	0	0
2819	chr8:135609001-137501199	SBS5	2	0	2	1	0	0	0	0	0	0
2820	chr8:135609001-137501199	SBS8	2	0	2	1	0	0	0	0	0	0
2821	chr8:137501240-139831006	SBS1	2	0	0	1	0	0	0	0	0	0
2822	chr8:137501240-139831006	SBS13	2	0	0	1	0	0	0	0	0	0
2823	chr8:137501240-139831006	SBS3	2	0	1	1	0	0	0	0	0	0
2824	chr8:137501240-139831006	SBS5	2	0	1	1	0	0	0	0	0	0
2825	chr8:137501240-139831006	SBS8	2	0	0	1	0	0	0	0	0	0
2826	chr8:139856156-140441328	SBS5	2	0	2	0	0	0	0	0	0	0
2827	chr8:140567777-141556000	SBS13	2	0	1	0	0	0	0	0	0	0
2828	chr8:140567777-141556000	SBS5	2	0	1	0	0	0	0	0	0	0
2829	chr8:140567777-141556000	SBS8	2	0	0	1	0	0	0	0	0	0
2830	chr8:141556001-142205000	SBS5	2	0	1	0	0	0	0	0	0	0
2831	chr8:141556001-142205000	SBS8	2	0	0	1	0	0	0	0	0	0
2832	chr8:142205001-145138636	SBS1	2	0	1	0	0	0	0	0	0	0
2833	chr8:142205001-145138636	SBS100	2	0	1	0	0	0	0	0	0	0
2834	chr8:142205001-145138636	SBS13	2	0	0	1	0	0	0	0	0	0
2835	chr8:142205001-145138636	SBS5	2	0	2	1	0	0	0	0	0	0
2836	chr8:142205001-145138636	SBS8	2	0	2	0	0	0	0	0	0	0
2837	chr8:16054225-16586160	SBS3	3	2	0	1	0	0	0	0	0	0
2838	chr8:16592443-17070149	SBS100	3	3	0	0	1	0	0	0	0	0
2839	chr8:16592443-17070149	SBS8	3	3	0	0	1	0	0	0	0	0
2840	chr8:17095202-19434667	SBS1	3	3	0	0	1	0	0	0	0	0
2841	chr8:17095202-19434667	SBS3	3	3	1	2	2	0	0	0	0	0
2842	chr8:17095202-19434667	SBS5	3	3	0	0	1	0	0	0	0	0
2843	chr8:17095202-19434667	SBS8	3	3	0	1	0	0	0	0	0	0
2844	chr8:19620450-26254963	SBS1	3	0	0	0	1	0	0	0	0	0
2845	chr8:19620450-26254963	SBS100	3	0	0	0	1	0	0	0	0	0
2846	chr8:19620450-26254963	SBS3	3	0	2	0	1	0	0	0	0	0
2847	chr8:19620450-26254963	SBS5	3	0	1	0	1	0	0	0	0	0
2848	chr8:19620450-26254963	SBS8	3	0	2	2	5	0	0	0	0	0
2849	chr8:26255169-26905292	SBS1	3	0	0	1	0	0	0	0	0	0
2850	chr8:26255169-26905292	SBS5	3	0	0	0	1	0	0	0	0	0
2851	chr8:26255169-26905292	SBS8	3	0	0	0	1	0	0	0	0	0
2852	chr8:26906555-28451584	SBS100	3	0	0	1	0	0	0	0	0	0
2853	chr8:26906555-28451584	SBS3	3	0	0	2	2	0	0	0	0	0
2854	chr8:26906555-28451584	SBS8	3	0	1	0	0	0	0	0	0	0
2855	chr8:28451585-29783875	SBS3	3	3	0	0	3	0	0	0	0	0
2856	chr8:28451585-29783875	SBS5	3	3	0	0	2	0	0	0	0	0
2857	chr8:29783876-29802573	SBS8	6	3	0	1	0	0	0	0	0	0
2858	chr8:29802574-29814676	SBS8	4	3	0	1	0	0	0	0	0	0
2859	chr8:29821300-30546696	SBS13	3	3	0	1	0	0	0	0	0	0
2860	chr8:30555219-31754434	SBS13	3	3	0	1	1	0	0	0	0	0
2861	chr8:30555219-31754434	SBS5	3	3	0	0	1	0	0	0	0	0
2862	chr8:30555219-31754434	SBS8	3	3	0	0	4	0	0	0	0	0
2863	chr8:31762932-35075000	SBS3	3	2	2	1	1	0	0	0	0	0
2864	chr8:31762932-35075000	SBS5	3	2	3	1	1	0	0	0	0	0
2865	chr8:31762932-35075000	SBS8	3	2	0	0	10	0	0	0	0	0
2866	chr8:3291290-3639000	SBS3	3	2	0	0	1	0	0	0	0	0
2867	chr8:3291290-3639000	SBS8	3	2	2	0	1	0	0	0	0	0
2868	chr8:35075001-36849000	SBS3	2	2	0	1	0	0	0	0	0	0
2869	chr8:35075001-36849000	SBS5	2	2	0	2	0	0	0	0	0	0
2870	chr8:35075001-36849000	SBS8	2	2	2	4	0	0	0	0	0	0
2871	chr8:3639001-6250213	SBS1	3	3	1	0	1	0	0	0	0	0
2872	chr8:3639001-6250213	SBS3	3	3	2	3	0	0	0	0	0	0
2873	chr8:3639001-6250213	SBS5	3	3	1	2	2	0	0	0	0	0
2874	chr8:3639001-6250213	SBS8	3	3	0	0	2	0	0	0	0	0
2875	chr8:36849001-37572350	SBS1	3	2	0	1	0	0	0	0	0	0
2876	chr8:36849001-37572350	SBS8	3	2	0	1	0	0	0	0	0	0
2877	chr8:37572351-38451289	SBS1	3	3	1	0	0	0	0	0	0	0
2878	chr8:37572351-38451289	SBS100	3	3	1	2	0	0	0	0	0	0
2879	chr8:37572351-38451289	SBS13	3	3	0	1	0	0	0	0	0	0
2880	chr8:37572351-38451289	SBS3	3	3	0	0	1	0	0	0	0	0
2881	chr8:37572351-38451289	SBS5	3	3	1	0	0	0	0	0	0	0
2882	chr8:37572351-38451289	SBS8	3	3	0	1	1	0	0	0	0	0
2883	chr8:38451290-38875770	SBS1	4	2	0	0	0	1	0	0	0	0
2884	chr8:38451290-38875770	SBS5	4	2	0	1	0	0	0	0	0	0
2885	chr8:38451290-38875770	SBS8	4	2	0	0	1	0	0	0	0	0
2886	chr8:38875771-40520591	SBS13	2	2	0	1	0	0	0	0	0	0
2887	chr8:38875771-40520591	SBS3	2	2	0	2	0	0	0	0	0	0
2888	chr8:38875771-40520591	SBS5	2	2	0	4	0	0	0	0	0	0
2889	chr8:38875771-40520591	SBS8	2	2	0	1	0	0	0	0	0	0
2890	chr8:40533763-43242000	SBS1	2	2	0	1	0	0	0	0	0	0
2891	chr8:40533763-43242000	SBS100	2	2	0	1	0	0	0	0	0	0
2892	chr8:40533763-43242000	SBS3	2	2	0	4	0	0	0	0	0	0
2893	chr8:40533763-43242000	SBS5	2	2	3	1	0	0	0	0	0	0
2894	chr8:40533763-43242000	SBS8	2	2	1	3	0	0	0	0	0	0
2895	chr8:43242001-44955504	SBS3	2	1	1	0	0	0	0	0	0	0
2896	chr8:43242001-44955504	SBS5	2	1	1	0	0	0	0	0	0	0
2897	chr8:43242001-44955504	SBS8	2	1	0	1	0	0	0	0	0	0
2898	chr8:44955505-46993939	SBS100	2	2	0	1	0	0	0	0	0	0
2899	chr8:44955505-46993939	SBS13	2	2	1	2	0	0	0	0	0	0
2900	chr8:44955505-46993939	SBS3	2	2	0	2	0	0	0	0	0	0
2901	chr8:44955505-46993939	SBS5	2	2	0	2	0	0	0	0	0	0
2902	chr8:44955505-46993939	SBS8	2	2	1	1	0	0	0	0	0	0
2903	chr8:46993940-50714957	SBS3	2	1	3	3	0	0	0	0	0	0
2904	chr8:46993940-50714957	SBS5	2	1	2	3	0	0	0	0	0	0
2905	chr8:46993940-50714957	SBS8	2	1	4	1	0	0	0	0	0	0
2906	chr8:50720976-51814000	SBS1	2	1	1	0	0	0	0	0	0	0
2907	chr8:50720976-51814000	SBS3	2	1	1	0	0	0	0	0	0	0
2908	chr8:50720976-51814000	SBS5	2	1	1	1	0	0	0	0	0	0
2909	chr8:52015001-56752163	SBS1	2	1	1	0	0	0	0	0	0	0
2910	chr8:52015001-56752163	SBS13	2	1	0	1	0	0	0	0	0	0
2911	chr8:52015001-56752163	SBS3	2	1	2	3	0	0	0	0	0	0
2912	chr8:52015001-56752163	SBS5	2	1	2	4	0	0	0	0	0	0
2913	chr8:52015001-56752163	SBS8	2	1	5	2	0	0	0	0	0	0
2914	chr8:56752224-59127000	SBS100	2	1	0	1	0	0	0	0	0	0
2915	chr8:56752224-59127000	SBS3	2	1	1	2	0	0	0	0	0	0
2916	chr8:56752224-59127000	SBS5	2	1	2	2	0	0	0	0	0	0
2917	chr8:56752224-59127000	SBS8	2	1	2	1	0	0	0	0	0	0
2918	chr8:59127001-66396000	SBS1	2	2	0	1	0	0	0	0	0	0
2919	chr8:59127001-66396000	SBS13	2	2	0	1	0	0	0	0	0	0
2920	chr8:59127001-66396000	SBS3	2	2	3	6	0	0	0	0	0	0
2921	chr8:59127001-66396000	SBS5	2	2	0	4	0	0	0	0	0	0
2922	chr8:59127001-66396000	SBS8	2	2	3	12	0	0	0	0	0	0
2923	chr8:6250214-9977000	SBS13	5	3	0	1	0	0	0	0	0	0
2924	chr8:6250214-9977000	SBS3	5	3	2	1	0	1	0	0	0	0
2925	chr8:6250214-9977000	SBS5	5	3	1	2	0	1	0	3	0	0
2926	chr8:6250214-9977000	SBS8	5	3	0	2	0	1	0	4	0	0
2927	chr8:66396001-66880230	SBS3	3	2	1	0	0	0	0	0	0	0
2928	chr8:66396001-66880230	SBS5	3	2	1	0	0	0	0	0	0	0
2929	chr8:66926171-71281269	SBS1	2	2	0	1	0	0	0	0	0	0
2930	chr8:66926171-71281269	SBS100	2	2	1	1	0	0	0	0	0	0
2931	chr8:66926171-71281269	SBS3	2	2	0	3	0	0	0	0	0	0
2932	chr8:66926171-71281269	SBS5	2	2	0	2	0	0	0	0	0	0
2933	chr8:66926171-71281269	SBS8	2	2	2	7	0	0	0	0	0	0
2934	chr8:71281312-77799739	SBS100	2	2	0	1	0	0	0	0	0	0
2935	chr8:71281312-77799739	SBS13	2	2	0	2	0	0	0	0	0	0
2936	chr8:71281312-77799739	SBS3	2	2	0	6	0	0	0	0	0	0
2937	chr8:71281312-77799739	SBS5	2	2	1	5	0	0	0	0	0	0
2938	chr8:71281312-77799739	SBS8	2	2	4	10	0	0	0	0	0	0
2939	chr8:77799795-80389567	SBS1	2	2	0	1	0	0	0	0	0	0
2940	chr8:77799795-80389567	SBS3	2	2	2	2	0	0	0	0	0	0
2941	chr8:77799795-80389567	SBS5	2	2	0	2	0	0	0	0	0	0
2942	chr8:77799795-80389567	SBS8	2	2	0	4	0	0	0	0	0	0
2943	chr8:80399845-81794152	SBS3	2	2	0	1	0	0	0	0	0	0
2944	chr8:80399845-81794152	SBS8	2	2	0	1	0	0	0	0	0	0
2945	chr8:81798579-82715837	SBS1	2	2	0	1	0	0	0	0	0	0
2946	chr8:81798579-82715837	SBS5	2	2	0	2	0	0	0	0	0	0
2947	chr8:81798579-82715837	SBS8	2	2	0	2	0	0	0	0	0	0
2948	chr8:82715871-82919573	SBS8	2	2	0	1	0	0	0	0	0	0
2949	chr8:83190593-86331264	SBS100	2	2	1	0	0	0	0	0	0	0
2950	chr8:83190593-86331264	SBS3	2	2	3	7	0	0	0	0	0	0
2951	chr8:83190593-86331264	SBS5	2	2	0	7	0	0	0	0	0	0
2952	chr8:83190593-86331264	SBS8	2	2	1	2	0	0	0	0	0	0
2953	chr8:86355909-89646360	SBS3	2	2	1	2	0	0	0	0	0	0
2954	chr8:86355909-89646360	SBS5	2	2	0	3	0	0	0	0	0	0
2955	chr8:86355909-89646360	SBS8	2	2	2	8	0	0	0	0	0	0
2956	chr8:89646424-99491366	SBS1	2	2	1	3	0	0	0	0	0	0
2957	chr8:89646424-99491366	SBS100	2	2	1	1	0	0	0	0	0	0
2958	chr8:89646424-99491366	SBS13	2	2	0	2	0	0	0	0	0	0
2959	chr8:89646424-99491366	SBS3	2	2	7	1	0	0	0	0	0	0
2960	chr8:89646424-99491366	SBS5	2	2	1	11	0	0	0	0	0	0
2961	chr8:89646424-99491366	SBS8	2	2	1	11	0	0	0	0	0	0
2962	chr8:99491367-99507873	SBS3	4	2	0	0	0	1	0	0	0	0
2963	chr8:99507874-100236336	SBS5	2	2	2	0	0	0	0	0	0	0
2964	chr8:99507874-100236336	SBS8	2	2	1	0	0	0	0	0	0	0
2965	chr8:9977001-10607619	SBS5	3	3	0	1	0	0	0	0	0	0
2966	chr9:1-1045585	SBS5	2	0	2	0	0	0	0	0	0	0
2967	chr9:100613001-102463806	SBS13	2	1	0	1	0	0	0	0	0	0
2968	chr9:100613001-102463806	SBS3	2	1	1	2	0	0	0	0	0	0
2969	chr9:100613001-102463806	SBS5	2	1	5	1	0	0	0	0	0	0
2970	chr9:100613001-102463806	SBS8	2	1	4	1	0	0	0	0	0	0
2971	chr9:102463885-102560024	SBS8	2	1	1	0	0	0	0	0	0	0
2972	chr9:102560426-102754506	SBS5	2	1	0	1	0	0	0	0	0	0
2973	chr9:10270782-11811862	SBS1	2	0	0	2	0	0	0	0	0	0
2974	chr9:10270782-11811862	SBS3	2	0	3	0	0	0	0	0	0	0
2975	chr9:10270782-11811862	SBS5	2	0	4	0	0	0	0	0	0	0
2976	chr9:10270782-11811862	SBS8	2	0	3	3	0	0	0	0	0	0
2977	chr9:102761096-104066000	SBS13	2	1	0	1	0	0	0	0	0	0
2978	chr9:102761096-104066000	SBS3	2	1	0	1	0	0	0	0	0	0
2979	chr9:102761096-104066000	SBS5	2	1	0	1	0	0	0	0	0	0
2980	chr9:102761096-104066000	SBS8	2	1	1	1	0	0	0	0	0	0
2981	chr9:104066001-107961797	SBS1	2	1	0	2	0	0	0	0	0	0
2982	chr9:104066001-107961797	SBS3	2	1	2	2	0	0	0	0	0	0
2983	chr9:104066001-107961797	SBS5	2	1	0	2	0	0	0	0	0	0
2984	chr9:104066001-107961797	SBS8	2	1	4	4	0	0	0	0	0	0
2985	chr9:1045586-8911000	SBS1	2	0	0	2	0	0	0	0	0	0
2986	chr9:1045586-8911000	SBS13	2	0	1	0	0	0	0	0	0	0
2987	chr9:1045586-8911000	SBS3	2	0	1	2	0	0	0	0	0	0
2988	chr9:1045586-8911000	SBS5	2	0	3	4	0	0	0	0	0	0
2989	chr9:1045586-8911000	SBS8	2	0	3	2	0	0	0	0	0	0
2990	chr9:107961847-111713017	SBS1	2	1	0	1	0	0	0	0	0	0
2991	chr9:107961847-111713017	SBS100	2	1	0	1	0	0	0	0	0	0
2992	chr9:107961847-111713017	SBS3	2	1	5	2	0	0	0	0	0	0
2993	chr9:107961847-111713017	SBS5	2	1	0	1	0	0	0	0	0	0
2994	chr9:107961847-111713017	SBS8	2	1	1	4	0	0	0	0	0	0
2995	chr9:111723978-116740000	SBS13	2	1	2	0	0	0	0	0	0	0
2996	chr9:111723978-116740000	SBS3	2	1	2	6	0	0	0	0	0	0
2997	chr9:111723978-116740000	SBS5	2	1	3	5	0	0	0	0	0	0
2998	chr9:111723978-116740000	SBS8	2	1	3	4	0	0	0	0	0	0
2999	chr9:116740001-117587074	SBS100	2	1	0	1	0	0	0	0	0	0
3000	chr9:116740001-117587074	SBS8	2	1	0	1	0	0	0	0	0	0
3001	chr9:117587116-119468853	SBS3	2	1	1	0	0	0	0	0	0	0
3002	chr9:117587116-119468853	SBS5	2	1	2	1	0	0	0	0	0	0
3003	chr9:117587116-119468853	SBS8	2	1	3	2	0	0	0	0	0	0
3004	chr9:11831089-12412521	SBS5	2	0	1	0	0	0	0	0	0	0
3005	chr9:11831089-12412521	SBS8	2	0	0	1	0	0	0	0	0	0
3006	chr9:119475515-120288000	SBS5	2	1	0	1	0	0	0	0	0	0
3007	chr9:120288001-124727013	SBS1	2	1	2	0	0	0	0	0	0	0
3008	chr9:120288001-124727013	SBS3	2	1	0	3	0	0	0	0	0	0
3009	chr9:120288001-124727013	SBS5	2	1	0	1	0	0	0	0	0	0
3010	chr9:120288001-124727013	SBS8	2	1	3	2	0	0	0	0	0	0
3011	chr9:12412742-12567912	SBS3	2	0	0	1	0	0	0	0	0	0
3012	chr9:124749469-132789096	SBS1	2	1	4	0	0	0	0	0	0	0
3013	chr9:124749469-132789096	SBS100	2	1	0	1	0	0	0	0	0	0
3014	chr9:124749469-132789096	SBS3	2	1	6	5	0	0	0	0	0	0
3015	chr9:124749469-132789096	SBS5	2	1	5	2	0	0	0	0	0	0
3016	chr9:124749469-132789096	SBS8	2	1	4	6	0	0	0	0	0	0
3017	chr9:12622574-19788903	SBS13	2	0	0	1	0	0	0	0	0	0
3018	chr9:12622574-19788903	SBS3	2	0	3	6	0	0	0	0	0	0
3019	chr9:12622574-19788903	SBS5	2	0	0	3	0	0	0	0	0	0
3020	chr9:12622574-19788903	SBS8	2	0	1	4	0	0	0	0	0	0
3021	chr9:132810466-138394717	SBS1	2	1	1	2	0	0	0	0	0	0
3022	chr9:132810466-138394717	SBS100	2	1	0	3	0	0	0	0	0	0
3023	chr9:132810466-138394717	SBS13	2	1	1	0	0	0	0	0	0	0
3024	chr9:132810466-138394717	SBS3	2	1	7	1	0	0	0	0	0	0
3025	chr9:132810466-138394717	SBS5	2	1	7	0	0	0	0	0	0	0
3026	chr9:132810466-138394717	SBS8	2	1	2	6	0	0	0	0	0	0
3027	chr9:19788951-21093000	SBS5	2	0	0	2	0	0	0	0	0	0
3028	chr9:21093001-22576674	SBS3	2	1	0	1	0	0	0	0	0	0
3029	chr9:21093001-22576674	SBS5	2	1	1	0	0	0	0	0	0	0
3030	chr9:21093001-22576674	SBS8	2	1	1	0	0	0	0	0	0	0
3031	chr9:22584109-35657879	SBS1	2	1	1	3	0	0	0	0	0	0
3032	chr9:22584109-35657879	SBS100	2	1	3	0	0	0	0	0	0	0
3033	chr9:22584109-35657879	SBS13	2	1	1	1	0	0	0	0	0	0
3034	chr9:22584109-35657879	SBS3	2	1	11	7	0	0	0	0	0	0
3035	chr9:22584109-35657879	SBS5	2	1	12	5	0	0	0	0	0	0
3036	chr9:22584109-35657879	SBS8	2	1	13	12	0	0	0	0	0	0
3037	chr9:35657913-37864443	SBS100	2	1	1	0	0	0	0	0	0	0
3038	chr9:35657913-37864443	SBS3	2	1	0	2	0	0	0	0	0	0
3039	chr9:37867567-44377362	SBS1	2	1	1	0	0	0	0	0	0	0
3040	chr9:37867567-44377362	SBS100	2	1	2	0	0	0	0	0	0	0
3041	chr9:37867567-44377362	SBS3	2	1	5	2	0	0	0	0	0	0
3042	chr9:37867567-44377362	SBS5	2	1	4	1	0	0	0	0	0	0
3043	chr9:37867567-44377362	SBS8	2	1	4	2	0	0	0	0	0	0
3044	chr9:44377363-73211303	SBS1	2	1	2	2	0	0	0	0	0	0
3045	chr9:44377363-73211303	SBS100	2	1	0	1	0	0	0	0	0	0
3046	chr9:44377363-73211303	SBS13	2	1	0	1	0	0	0	0	0	0
3047	chr9:44377363-73211303	SBS3	2	1	12	3	0	0	0	0	0	0
3048	chr9:44377363-73211303	SBS5	2	1	14	2	0	0	0	0	0	0
3049	chr9:44377363-73211303	SBS8	2	1	7	7	0	0	0	0	0	0
3050	chr9:73211869-77709312	SBS1	2	1	0	1	0	0	0	0	0	0
3051	chr9:73211869-77709312	SBS3	2	1	0	3	0	0	0	0	0	0
3052	chr9:73211869-77709312	SBS5	2	1	3	3	0	0	0	0	0	0
3053	chr9:73211869-77709312	SBS8	2	1	2	2	0	0	0	0	0	0
3054	chr9:77734290-78280000	SBS8	2	1	0	1	0	0	0	0	0	0
3055	chr9:78280001-81429814	SBS3	2	1	2	0	0	0	0	0	0	0
3056	chr9:78280001-81429814	SBS5	2	1	0	1	0	0	0	0	0	0
3057	chr9:78280001-81429814	SBS8	2	1	2	2	0	0	0	0	0	0
3058	chr9:81441707-83222476	SBS1	2	1	2	0	0	0	0	0	0	0
3059	chr9:81441707-83222476	SBS3	2	1	2	0	0	0	0	0	0	0
3060	chr9:81441707-83222476	SBS5	2	1	4	0	0	0	0	0	0	0
3061	chr9:81441707-83222476	SBS8	2	1	2	2	0	0	0	0	0	0
3062	chr9:83230824-84561000	SBS13	2	1	1	0	0	0	0	0	0	0
3063	chr9:83230824-84561000	SBS3	2	1	1	1	0	0	0	0	0	0
3064	chr9:83230824-84561000	SBS5	2	1	2	0	0	0	0	0	0	0
3065	chr9:83230824-84561000	SBS8	2	1	1	0	0	0	0	0	0	0
3066	chr9:84561001-93738000	SBS1	2	2	2	0	0	0	0	0	0	0
3067	chr9:84561001-93738000	SBS100	2	2	1	1	0	0	0	0	0	0
3068	chr9:84561001-93738000	SBS13	2	2	0	2	0	0	0	0	0	0
3069	chr9:84561001-93738000	SBS3	2	2	3	7	0	0	0	0	0	0
3070	chr9:84561001-93738000	SBS5	2	2	4	6	0	0	0	0	0	0
3071	chr9:84561001-93738000	SBS8	2	2	2	9	0	0	0	0	0	0
3072	chr9:8911001-10270334	SBS5	2	0	0	2	0	0	0	0	0	0
3073	chr9:8911001-10270334	SBS8	2	0	0	1	0	0	0	0	0	0
3074	chr9:93738001-100613000	SBS1	2	1	2	0	0	0	0	0	0	0
3075	chr9:93738001-100613000	SBS13	2	1	1	0	0	0	0	0	0	0
3076	chr9:93738001-100613000	SBS3	2	1	8	5	0	0	0	0	0	0
3077	chr9:93738001-100613000	SBS5	2	1	6	2	0	0	0	0	0	0
3078	chr9:93738001-100613000	SBS8	2	1	3	6	0	0	0	0	0	0
