	segment_id	sig_max	major_cn	minor_cn	N1	N2	N3	N4
0	chr10:1-1155000	SBS13	2	1	1	0	0	0
1	chr10:1-1155000	SBS3	2	1	1	0	0	0
2	chr10:1-1155000	SBS5	2	1	1	1	0	0
3	chr10:1-1155000	SBS8	2	1	2	0	0	0
4	chr10:104296662-106011337	SBS13	1	0	1	0	0	0
5	chr10:104296662-106011337	SBS3	1	0	2	0	0	0
6	chr10:104296662-106011337	SBS5	1	0	7	0	0	0
7	chr10:104296662-106011337	SBS8	1	0	2	0	0	0
8	chr10:106012003-113117813	SBS13	1	0	1	0	0	0
9	chr10:106012003-113117813	SBS3	1	0	5	0	0	0
10	chr10:106012003-113117813	SBS5	1	0	12	0	0	0
11	chr10:106012003-113117813	SBS8	1	0	9	0	0	0
12	chr10:10776001-14085237	SBS1	2	1	0	1	0	0
13	chr10:10776001-14085237	SBS13	2	1	2	0	0	0
14	chr10:10776001-14085237	SBS3	2	1	2	1	0	0
15	chr10:10776001-14085237	SBS5	2	1	8	0	0	0
16	chr10:10776001-14085237	SBS8	2	1	4	0	0	0
17	chr10:113131600-116756707	SBS1	1	0	3	0	0	0
18	chr10:113131600-116756707	SBS13	1	0	1	0	0	0
19	chr10:113131600-116756707	SBS3	1	0	6	0	0	0
20	chr10:113131600-116756707	SBS5	1	0	8	0	0	0
21	chr10:113131600-116756707	SBS8	1	0	5	0	0	0
22	chr10:1155001-3026000	SBS1	2	1	1	0	0	0
23	chr10:1155001-3026000	SBS13	2	1	1	0	0	0
24	chr10:1155001-3026000	SBS3	2	1	2	0	0	0
25	chr10:1155001-3026000	SBS5	2	1	3	0	0	0
26	chr10:1155001-3026000	SBS8	2	1	2	0	0	0
27	chr10:116756708-116882682	SBS5	2	0	1	0	0	0
28	chr10:116892287-117533239	SBS3	2	0	6	0	0	0
29	chr10:116892287-117533239	SBS5	2	0	6	0	0	0
30	chr10:116892287-117533239	SBS8	2	0	2	0	0	0
31	chr10:117533240-120390233	SBS13	1	0	1	0	0	0
32	chr10:117533240-120390233	SBS3	1	0	1	0	0	0
33	chr10:117533240-120390233	SBS5	1	0	4	0	0	0
34	chr10:117533240-120390233	SBS8	1	0	2	0	0	0
35	chr10:120390234-123846960	SBS13	2	0	1	0	0	0
36	chr10:120390234-123846960	SBS3	2	0	1	0	0	0
37	chr10:120390234-123846960	SBS5	2	0	7	0	0	0
38	chr10:120390234-123846960	SBS8	2	0	2	2	0	0
39	chr10:123847012-128833830	SBS1	2	0	3	1	0	0
40	chr10:123847012-128833830	SBS13	2	0	2	0	0	0
41	chr10:123847012-128833830	SBS3	2	0	8	3	0	0
42	chr10:123847012-128833830	SBS5	2	0	18	0	0	0
43	chr10:123847012-128833830	SBS8	2	0	3	0	0	0
44	chr10:128833831-129706718	SBS13	3	0	1	0	1	0
45	chr10:128833831-129706718	SBS3	3	0	2	0	0	0
46	chr10:128833831-129706718	SBS5	3	0	3	0	0	0
47	chr10:128833831-129706718	SBS8	3	0	0	1	0	0
48	chr10:129706719-130832000	SBS13	1	0	1	0	0	0
49	chr10:129706719-130832000	SBS3	1	0	1	0	0	0
50	chr10:129706719-130832000	SBS5	1	0	1	0	0	0
51	chr10:129706719-130832000	SBS8	1	0	2	0	0	0
52	chr10:130832001-131111000	SBS13	1	0	1	0	0	0
53	chr10:130832001-131111000	SBS8	1	0	2	0	0	0
54	chr10:131111001-133797422	SBS13	2	0	2	0	0	0
55	chr10:131111001-133797422	SBS3	2	0	6	0	0	0
56	chr10:131111001-133797422	SBS5	2	0	6	1	0	0
57	chr10:131111001-133797422	SBS8	2	0	4	0	0	0
58	chr10:14085282-14751707	SBS3	2	1	0	1	0	0
59	chr10:14085282-14751707	SBS5	2	1	2	1	0	0
60	chr10:14751745-16793000	SBS13	2	1	1	0	0	0
61	chr10:14751745-16793000	SBS3	2	1	7	1	0	0
62	chr10:14751745-16793000	SBS5	2	1	11	2	0	0
63	chr10:14751745-16793000	SBS8	2	1	1	0	0	0
64	chr10:16793001-18020000	SBS1	2	1	0	1	0	0
65	chr10:16793001-18020000	SBS3	2	1	0	1	0	0
66	chr10:16793001-18020000	SBS5	2	1	8	0	0	0
67	chr10:18020001-18473080	SBS3	2	1	1	1	0	0
68	chr10:18020001-18473080	SBS5	2	1	1	1	0	0
69	chr10:18020001-18473080	SBS8	2	1	1	0	0	0
70	chr10:18473284-19319000	SBS13	2	1	1	0	0	0
71	chr10:18473284-19319000	SBS5	2	1	1	0	0	0
72	chr10:18473284-19319000	SBS8	2	1	1	0	0	0
73	chr10:19319001-21403126	SBS13	2	1	1	0	0	0
74	chr10:19319001-21403126	SBS3	2	1	3	0	0	0
75	chr10:19319001-21403126	SBS5	2	1	4	2	0	0
76	chr10:19319001-21403126	SBS8	2	1	1	0	0	0
77	chr10:21403405-24037189	SBS13	2	1	0	1	0	0
78	chr10:21403405-24037189	SBS3	2	1	7	0	0	0
79	chr10:21403405-24037189	SBS5	2	1	6	0	0	0
80	chr10:21403405-24037189	SBS8	2	1	6	0	0	0
81	chr10:24037214-25115000	SBS3	1	1	1	0	0	0
82	chr10:24037214-25115000	SBS5	1	1	4	0	0	0
83	chr10:24037214-25115000	SBS8	1	1	3	0	0	0
84	chr10:25115001-28089000	SBS13	1	1	2	0	0	0
85	chr10:25115001-28089000	SBS3	1	1	4	0	0	0
86	chr10:25115001-28089000	SBS5	1	1	14	0	0	0
87	chr10:25115001-28089000	SBS8	1	1	8	0	0	0
88	chr10:28089001-29194354	SBS5	1	1	4	0	0	0
89	chr10:28089001-29194354	SBS8	1	1	3	0	0	0
90	chr10:29257294-29522360	SBS5	1	1	1	0	0	0
91	chr10:29257294-29522360	SBS8	1	1	1	0	0	0
92	chr10:29541304-30158729	SBS13	1	1	2	0	0	0
93	chr10:29541304-30158729	SBS3	1	1	1	0	0	0
94	chr10:29541304-30158729	SBS5	1	1	2	0	0	0
95	chr10:30158767-33735684	SBS13	1	1	3	0	0	0
96	chr10:30158767-33735684	SBS3	1	1	1	0	0	0
97	chr10:30158767-33735684	SBS5	1	1	11	0	0	0
98	chr10:30158767-33735684	SBS8	1	1	6	0	0	0
99	chr10:3026001-5787725	SBS1	2	1	1	0	0	0
100	chr10:3026001-5787725	SBS3	2	1	2	0	0	0
101	chr10:3026001-5787725	SBS5	2	1	10	1	0	0
102	chr10:3026001-5787725	SBS8	2	1	8	0	0	0
103	chr10:33735738-34529971	SBS3	1	1	1	0	0	0
104	chr10:33735738-34529971	SBS5	1	1	5	0	0	0
105	chr10:33735738-34529971	SBS8	1	1	1	0	0	0
106	chr10:34530010-36977000	SBS13	1	1	1	0	0	0
107	chr10:34530010-36977000	SBS3	1	1	5	0	0	0
108	chr10:34530010-36977000	SBS5	1	1	14	0	0	0
109	chr10:34530010-36977000	SBS8	1	1	4	0	0	0
110	chr10:36977001-37966000	SBS3	1	1	5	0	0	0
111	chr10:36977001-37966000	SBS5	1	1	3	0	0	0
112	chr10:36977001-37966000	SBS8	1	1	1	0	0	0
113	chr10:38267001-40640101	SBS1	1	1	2	0	0	0
114	chr10:38267001-40640101	SBS13	1	1	1	0	0	0
115	chr10:38267001-40640101	SBS3	1	1	1	0	0	0
116	chr10:38267001-40640101	SBS5	1	1	18	0	0	0
117	chr10:38267001-40640101	SBS8	1	1	5	0	0	0
118	chr10:40640102-42651677	SBS1	1	1	1	0	0	0
119	chr10:40640102-42651677	SBS3	1	1	2	0	0	0
120	chr10:40640102-42651677	SBS5	1	1	16	0	0	0
121	chr10:40640102-42651677	SBS8	1	1	2	0	0	0
122	chr10:42653248-43522200	SBS3	1	1	1	0	0	0
123	chr10:42653248-43522200	SBS5	1	1	5	0	0	0
124	chr10:42653248-43522200	SBS8	1	1	2	0	0	0
125	chr10:43522201-45021206	SBS3	1	1	2	0	0	0
126	chr10:43522201-45021206	SBS5	1	1	11	0	0	0
127	chr10:43522201-45021206	SBS8	1	1	5	0	0	0
128	chr10:45021207-45433437	SBS3	1	1	1	0	0	0
129	chr10:45021207-45433437	SBS5	1	1	4	0	0	0
130	chr10:45021207-45433437	SBS8	1	1	4	0	0	0
131	chr10:45436302-49332968	SBS13	1	1	1	0	0	0
132	chr10:45436302-49332968	SBS3	1	1	13	0	0	0
133	chr10:45436302-49332968	SBS5	1	1	11	0	0	0
134	chr10:45436302-49332968	SBS8	1	1	6	0	0	0
135	chr10:49358245-50151000	SBS1	1	1	2	0	0	0
136	chr10:49358245-50151000	SBS3	1	1	1	0	0	0
137	chr10:49358245-50151000	SBS5	1	1	2	0	0	0
138	chr10:49358245-50151000	SBS8	1	1	2	0	0	0
139	chr10:50151001-50649000	SBS13	1	1	1	0	0	0
140	chr10:50151001-50649000	SBS5	1	1	1	0	0	0
141	chr10:50151001-50649000	SBS8	1	1	1	0	0	0
142	chr10:50649001-55406856	SBS3	1	1	8	0	0	0
143	chr10:50649001-55406856	SBS5	1	1	17	0	0	0
144	chr10:50649001-55406856	SBS8	1	1	15	0	0	0
145	chr10:55408996-58148500	SBS1	1	1	1	0	0	0
146	chr10:55408996-58148500	SBS3	1	1	8	0	0	0
147	chr10:55408996-58148500	SBS5	1	1	10	0	0	0
148	chr10:55408996-58148500	SBS8	1	1	9	0	0	0
149	chr10:5787909-9354000	SBS3	2	1	3	3	0	0
150	chr10:5787909-9354000	SBS5	2	1	13	3	0	0
151	chr10:5787909-9354000	SBS8	2	1	7	0	0	0
152	chr10:58148501-63924000	SBS13	1	1	1	0	0	0
153	chr10:58148501-63924000	SBS3	1	1	4	0	0	0
154	chr10:58148501-63924000	SBS5	1	1	18	0	0	0
155	chr10:58148501-63924000	SBS8	1	1	10	0	0	0
156	chr10:63924001-65154886	SBS13	1	1	1	0	0	0
157	chr10:63924001-65154886	SBS3	1	1	1	0	0	0
158	chr10:63924001-65154886	SBS5	1	1	6	0	0	0
159	chr10:63924001-65154886	SBS8	1	1	1	0	0	0
160	chr10:65157626-65966910	SBS3	1	1	1	0	0	0
161	chr10:65157626-65966910	SBS5	1	1	2	0	0	0
162	chr10:65157626-65966910	SBS8	1	1	2	0	0	0
163	chr10:65967607-67762000	SBS1	1	1	1	0	0	0
164	chr10:65967607-67762000	SBS13	1	1	1	0	0	0
165	chr10:65967607-67762000	SBS3	1	1	1	0	0	0
166	chr10:65967607-67762000	SBS5	1	1	6	0	0	0
167	chr10:65967607-67762000	SBS8	1	1	4	0	0	0
168	chr10:67762001-74951146	SBS13	1	1	5	0	0	0
169	chr10:67762001-74951146	SBS3	1	1	8	0	0	0
170	chr10:67762001-74951146	SBS5	1	1	28	0	0	0
171	chr10:67762001-74951146	SBS8	1	1	4	0	0	0
172	chr10:74951198-76171342	SBS3	1	1	1	0	0	0
173	chr10:74951198-76171342	SBS5	1	1	3	0	0	0
174	chr10:74951198-76171342	SBS8	1	1	3	0	0	0
175	chr10:76171383-76645508	SBS13	1	1	1	0	0	0
176	chr10:76171383-76645508	SBS5	1	1	1	0	0	0
177	chr10:76171383-76645508	SBS8	1	1	3	0	0	0
178	chr10:76645509-76657026	SBS5	2	1	1	0	0	0
179	chr10:76662913-77084000	SBS5	1	0	2	0	0	0
180	chr10:77084001-78091500	SBS3	2	0	2	0	0	0
181	chr10:78091501-80697081	SBS3	1	0	2	0	0	0
182	chr10:78091501-80697081	SBS5	1	0	6	0	0	0
183	chr10:80805319-86754000	SBS3	1	0	4	0	0	0
184	chr10:80805319-86754000	SBS5	1	0	11	0	0	0
185	chr10:80805319-86754000	SBS8	1	0	7	0	0	0
186	chr10:86754001-87919239	SBS13	1	0	1	0	0	0
187	chr10:86754001-87919239	SBS3	1	0	3	0	0	0
188	chr10:86754001-87919239	SBS5	1	0	2	0	0	0
189	chr10:87925663-92142330	SBS13	1	0	1	0	0	0
190	chr10:87925663-92142330	SBS3	1	0	2	0	0	0
191	chr10:87925663-92142330	SBS5	1	0	7	0	0	0
192	chr10:87925663-92142330	SBS8	1	0	4	0	0	0
193	chr10:92146730-104296614	SBS1	1	0	3	0	0	0
194	chr10:92146730-104296614	SBS13	1	0	4	0	0	0
195	chr10:92146730-104296614	SBS3	1	0	11	0	0	0
196	chr10:92146730-104296614	SBS5	1	0	16	0	0	0
197	chr10:92146730-104296614	SBS8	1	0	9	0	0	0
198	chr10:9354001-10776000	SBS13	2	1	1	0	0	0
199	chr10:9354001-10776000	SBS3	2	1	1	0	0	0
200	chr10:9354001-10776000	SBS5	2	1	4	1	0	0
201	chr10:9354001-10776000	SBS8	2	1	3	0	0	0
202	chr11:1-3454883	SBS13	1	0	2	0	0	0
203	chr11:1-3454883	SBS3	1	0	2	0	0	0
204	chr11:1-3454883	SBS5	1	0	13	0	0	0
205	chr11:1-3454883	SBS8	1	0	4	0	0	0
206	chr11:102693001-114989380	SBS1	2	0	1	1	0	0
207	chr11:102693001-114989380	SBS13	2	0	3	2	0	0
208	chr11:102693001-114989380	SBS3	2	0	14	4	0	0
209	chr11:102693001-114989380	SBS5	2	0	35	1	0	0
210	chr11:102693001-114989380	SBS8	2	0	10	3	0	0
211	chr11:114989439-115642714	SBS3	2	0	1	0	0	0
212	chr11:114989439-115642714	SBS5	2	0	2	0	0	0
213	chr11:115642787-125871500	SBS13	2	0	2	0	0	0
214	chr11:115642787-125871500	SBS3	2	0	21	1	0	0
215	chr11:115642787-125871500	SBS5	2	0	26	2	0	0
216	chr11:115642787-125871500	SBS8	2	0	10	2	0	0
217	chr11:125871501-126660000	SBS8	2	0	1	0	0	0
218	chr11:126660001-128024000	SBS1	2	0	1	0	0	0
219	chr11:126660001-128024000	SBS13	2	0	1	0	0	0
220	chr11:126660001-128024000	SBS3	2	0	1	0	0	0
221	chr11:126660001-128024000	SBS5	2	0	6	0	0	0
222	chr11:126660001-128024000	SBS8	2	0	1	0	0	0
223	chr11:128024001-130657506	SBS3	2	0	4	0	0	0
224	chr11:128024001-130657506	SBS5	2	0	12	1	0	0
225	chr11:128024001-130657506	SBS8	2	0	4	1	0	0
226	chr11:130657539-133099753	SBS3	2	0	7	1	0	0
227	chr11:130657539-133099753	SBS5	2	0	8	3	0	0
228	chr11:130657539-133099753	SBS8	2	0	7	2	0	0
229	chr11:133099754-133099768	SBS5	1	0	1	0	0	0
230	chr11:133099769-135086622	SBS1	2	0	1	0	0	0
231	chr11:133099769-135086622	SBS5	2	0	8	1	0	0
232	chr11:133099769-135086622	SBS8	2	0	6	0	0	0
233	chr11:14149429-17834734	SBS3	1	0	2	0	0	0
234	chr11:14149429-17834734	SBS5	1	0	12	0	0	0
235	chr11:14149429-17834734	SBS8	1	0	3	0	0	0
236	chr11:17834735-22969018	SBS13	1	1	1	0	0	0
237	chr11:17834735-22969018	SBS3	1	1	6	0	0	0
238	chr11:17834735-22969018	SBS5	1	1	16	0	0	0
239	chr11:17834735-22969018	SBS8	1	1	10	0	0	0
240	chr11:22969227-26738000	SBS1	1	0	1	0	0	0
241	chr11:22969227-26738000	SBS3	1	0	2	0	0	0
242	chr11:22969227-26738000	SBS5	1	0	13	0	0	0
243	chr11:22969227-26738000	SBS8	1	0	8	0	0	0
244	chr11:26738001-27097791	SBS3	1	0	2	0	0	0
245	chr11:26738001-27097791	SBS5	1	0	3	0	0	0
246	chr11:26738001-27097791	SBS8	1	0	1	0	0	0
247	chr11:27100182-33127270	SBS13	1	1	4	0	0	0
248	chr11:27100182-33127270	SBS3	1	1	14	0	0	0
249	chr11:27100182-33127270	SBS5	1	1	17	0	0	0
250	chr11:27100182-33127270	SBS8	1	1	12	0	0	0
251	chr11:33127326-36749000	SBS13	1	1	1	0	0	0
252	chr11:33127326-36749000	SBS3	1	1	4	0	0	0
253	chr11:33127326-36749000	SBS5	1	1	13	0	0	0
254	chr11:33127326-36749000	SBS8	1	1	6	0	0	0
255	chr11:3454884-4151000	SBS3	2	0	7	0	0	0
256	chr11:3454884-4151000	SBS5	2	0	9	0	0	0
257	chr11:3454884-4151000	SBS8	2	0	4	0	0	0
258	chr11:36749001-39128786	SBS13	1	0	1	0	0	0
259	chr11:36749001-39128786	SBS3	1	0	3	0	0	0
260	chr11:36749001-39128786	SBS5	1	0	7	0	0	0
261	chr11:36749001-39128786	SBS8	1	0	4	0	0	0
262	chr11:39132034-41221788	SBS13	1	0	3	0	0	0
263	chr11:39132034-41221788	SBS3	1	0	5	0	0	0
264	chr11:39132034-41221788	SBS5	1	0	7	0	0	0
265	chr11:39132034-41221788	SBS8	1	0	8	0	0	0
266	chr11:41221939-46182931	SBS13	1	1	3	0	0	0
267	chr11:41221939-46182931	SBS3	1	1	12	0	0	0
268	chr11:41221939-46182931	SBS5	1	1	21	0	0	0
269	chr11:41221939-46182931	SBS8	1	1	14	0	0	0
270	chr11:4151001-4937305	SBS13	2	0	1	0	0	0
271	chr11:4151001-4937305	SBS3	2	0	1	0	0	0
272	chr11:4151001-4937305	SBS5	2	0	2	2	0	0
273	chr11:46186254-48183000	SBS3	1	1	5	0	0	0
274	chr11:46186254-48183000	SBS5	1	1	5	0	0	0
275	chr11:46186254-48183000	SBS8	1	1	4	0	0	0
276	chr11:48183001-52751710	SBS1	1	0	2	0	0	0
277	chr11:48183001-52751710	SBS5	1	0	17	0	0	0
278	chr11:48183001-52751710	SBS8	1	0	8	0	0	0
279	chr11:4937306-14149319	SBS3	1	0	4	0	0	0
280	chr11:4937306-14149319	SBS5	1	0	15	0	0	0
281	chr11:4937306-14149319	SBS8	1	0	8	0	0	0
282	chr11:52751711-62060594	SBS1	1	1	5	0	0	0
283	chr11:52751711-62060594	SBS13	1	1	2	0	0	0
284	chr11:52751711-62060594	SBS3	1	1	18	0	0	0
285	chr11:52751711-62060594	SBS5	1	1	34	0	0	0
286	chr11:52751711-62060594	SBS8	1	1	19	0	0	0
287	chr11:62097794-65435457	SBS1	1	1	1	0	0	0
288	chr11:62097794-65435457	SBS13	1	1	1	0	0	0
289	chr11:62097794-65435457	SBS3	1	1	5	0	0	0
290	chr11:62097794-65435457	SBS5	1	1	8	0	0	0
291	chr11:62097794-65435457	SBS8	1	1	3	0	0	0
292	chr11:65459534-67382669	SBS13	1	1	1	0	0	0
293	chr11:65459534-67382669	SBS3	1	1	2	0	0	0
294	chr11:65459534-67382669	SBS5	1	1	6	0	0	0
295	chr11:65459534-67382669	SBS8	1	1	1	0	0	0
296	chr11:67382707-68628000	SBS1	1	1	1	0	0	0
297	chr11:67382707-68628000	SBS3	1	1	4	0	0	0
298	chr11:67382707-68628000	SBS5	1	1	10	0	0	0
299	chr11:67382707-68628000	SBS8	1	1	3	0	0	0
300	chr11:68628001-69196799	SBS13	2	1	1	0	0	0
301	chr11:68628001-69196799	SBS3	2	1	2	0	0	0
302	chr11:68628001-69196799	SBS5	2	1	3	0	0	0
303	chr11:69196848-70274631	SBS1	2	1	0	1	0	0
304	chr11:69196848-70274631	SBS3	2	1	4	0	0	0
305	chr11:69196848-70274631	SBS5	2	1	6	2	0	0
306	chr11:69196848-70274631	SBS8	2	1	3	2	0	0
307	chr11:70275931-71746000	SBS13	2	1	1	0	0	0
308	chr11:70275931-71746000	SBS3	2	1	4	0	0	0
309	chr11:70275931-71746000	SBS5	2	1	2	1	0	0
310	chr11:70275931-71746000	SBS8	2	1	1	0	0	0
311	chr11:71746001-83294321	SBS13	1	0	5	0	0	0
312	chr11:71746001-83294321	SBS3	1	0	6	0	0	0
313	chr11:71746001-83294321	SBS5	1	0	18	0	0	0
314	chr11:71746001-83294321	SBS8	1	0	5	0	0	0
315	chr11:83294354-83322264	SBS5	1	0	1	0	0	0
316	chr11:83322265-85947000	SBS13	2	0	1	0	0	0
317	chr11:83322265-85947000	SBS3	2	0	1	0	0	0
318	chr11:83322265-85947000	SBS5	2	0	6	1	0	0
319	chr11:83322265-85947000	SBS8	2	0	6	0	0	0
320	chr11:85947001-87360000	SBS13	2	0	1	0	0	0
321	chr11:85947001-87360000	SBS3	2	0	1	0	0	0
322	chr11:85947001-87360000	SBS5	2	0	4	0	0	0
323	chr11:87360001-88062916	SBS3	2	0	1	0	0	0
324	chr11:87360001-88062916	SBS5	2	0	2	0	0	0
325	chr11:87360001-88062916	SBS8	2	0	1	0	0	0
326	chr11:88062976-88515486	SBS5	2	0	1	0	0	0
327	chr11:88062976-88515486	SBS8	2	0	2	0	0	0
328	chr11:88518056-90610210	SBS3	2	0	3	0	0	0
329	chr11:88518056-90610210	SBS5	2	0	1	1	0	0
330	chr11:88518056-90610210	SBS8	2	0	1	0	0	0
331	chr11:90610211-90623994	SBS8	4	0	1	0	0	0
332	chr11:90623995-93130000	SBS13	2	0	1	0	0	0
333	chr11:90623995-93130000	SBS3	2	0	3	1	0	0
334	chr11:90623995-93130000	SBS5	2	0	7	1	0	0
335	chr11:90623995-93130000	SBS8	2	0	11	0	0	0
336	chr11:93130001-95859022	SBS13	2	0	0	1	0	0
337	chr11:93130001-95859022	SBS3	2	0	1	1	0	0
338	chr11:93130001-95859022	SBS5	2	0	9	0	0	0
339	chr11:93130001-95859022	SBS8	2	0	6	0	0	0
340	chr11:95866962-96430000	SBS13	3	0	0	1	0	0
341	chr11:95866962-96430000	SBS5	3	0	1	0	0	0
342	chr11:96430001-102106000	SBS1	2	0	0	1	0	0
343	chr11:96430001-102106000	SBS13	2	0	5	1	0	0
344	chr11:96430001-102106000	SBS3	2	0	6	1	0	0
345	chr11:96430001-102106000	SBS5	2	0	10	3	0	0
346	chr11:96430001-102106000	SBS8	2	0	9	0	0	0
347	chr12:1-5443804	SBS1	1	0	2	0	0	0
348	chr12:1-5443804	SBS3	1	0	4	0	0	0
349	chr12:1-5443804	SBS5	1	0	25	0	0	0
350	chr12:1-5443804	SBS8	1	0	4	0	0	0
351	chr12:11844947-12050199	SBS13	3	1	1	0	1	0
352	chr12:11844947-12050199	SBS3	3	1	1	0	0	0
353	chr12:120268991-125113000	SBS1	2	0	1	2	0	0
354	chr12:120268991-125113000	SBS13	2	0	1	1	0	0
355	chr12:120268991-125113000	SBS3	2	0	1	0	0	0
356	chr12:120268991-125113000	SBS5	2	0	5	2	0	0
357	chr12:120268991-125113000	SBS8	2	0	2	1	0	0
358	chr12:12050200-27312376	SBS13	1	0	6	0	0	0
359	chr12:12050200-27312376	SBS3	1	0	11	0	0	0
360	chr12:12050200-27312376	SBS5	1	0	37	0	0	0
361	chr12:12050200-27312376	SBS8	1	0	19	0	0	0
362	chr12:125113001-133275309	SBS1	1	0	3	0	0	0
363	chr12:125113001-133275309	SBS13	1	0	5	0	0	0
364	chr12:125113001-133275309	SBS3	1	0	12	0	0	0
365	chr12:125113001-133275309	SBS5	1	0	24	0	0	0
366	chr12:125113001-133275309	SBS8	1	0	12	0	0	0
367	chr12:27320755-35977329	SBS1	1	0	2	0	0	0
368	chr12:27320755-35977329	SBS13	1	0	3	0	0	0
369	chr12:27320755-35977329	SBS3	1	0	11	0	0	0
370	chr12:27320755-35977329	SBS5	1	0	19	0	0	0
371	chr12:27320755-35977329	SBS8	1	0	19	0	0	0
372	chr12:35977330-38276000	SBS3	1	0	3	0	0	0
373	chr12:35977330-38276000	SBS5	1	0	5	0	0	0
374	chr12:35977330-38276000	SBS8	1	0	6	0	0	0
375	chr12:38276001-40380614	SBS13	1	0	1	0	0	0
376	chr12:38276001-40380614	SBS3	1	0	3	0	0	0
377	chr12:38276001-40380614	SBS5	1	0	3	0	0	0
378	chr12:38276001-40380614	SBS8	1	0	2	0	0	0
379	chr12:40380667-53222747	SBS13	1	0	1	0	0	0
380	chr12:40380667-53222747	SBS3	1	0	8	0	0	0
381	chr12:40380667-53222747	SBS5	1	0	18	0	0	0
382	chr12:40380667-53222747	SBS8	1	0	5	0	0	0
383	chr12:53277963-54099133	SBS3	1	0	2	0	0	0
384	chr12:53277963-54099133	SBS5	1	0	2	0	0	0
385	chr12:54099134-56890005	SBS3	1	1	4	0	0	0
386	chr12:54099134-56890005	SBS5	1	1	6	0	0	0
387	chr12:54099134-56890005	SBS8	1	1	5	0	0	0
388	chr12:5443839-11834000	SBS1	1	0	2	0	0	0
389	chr12:5443839-11834000	SBS3	1	0	9	0	0	0
390	chr12:5443839-11834000	SBS5	1	0	17	0	0	0
391	chr12:5443839-11834000	SBS8	1	0	12	0	0	0
392	chr12:56890070-59328474	SBS13	1	1	1	0	0	0
393	chr12:56890070-59328474	SBS3	1	1	3	0	0	0
394	chr12:56890070-59328474	SBS5	1	1	10	0	0	0
395	chr12:56890070-59328474	SBS8	1	1	3	0	0	0
396	chr12:59334316-62239000	SBS1	1	1	1	0	0	0
397	chr12:59334316-62239000	SBS5	1	1	4	0	0	0
398	chr12:59334316-62239000	SBS8	1	1	7	0	0	0
399	chr12:62239001-63075000	SBS8	1	1	1	0	0	0
400	chr12:63075001-63754000	SBS3	1	1	1	0	0	0
401	chr12:63075001-63754000	SBS5	1	1	4	0	0	0
402	chr12:63075001-63754000	SBS8	1	1	2	0	0	0
403	chr12:63754001-63983184	SBS13	1	1	1	0	0	0
404	chr12:63754001-63983184	SBS5	1	1	1	0	0	0
405	chr12:63983292-65683986	SBS13	1	1	2	0	0	0
406	chr12:63983292-65683986	SBS5	1	1	11	0	0	0
407	chr12:63983292-65683986	SBS8	1	1	2	0	0	0
408	chr12:65684421-69151452	SBS13	1	1	3	0	0	0
409	chr12:65684421-69151452	SBS3	1	1	2	0	0	0
410	chr12:65684421-69151452	SBS5	1	1	5	0	0	0
411	chr12:65684421-69151452	SBS8	1	1	7	0	0	0
412	chr12:69151453-70122286	SBS3	2	1	2	0	0	0
413	chr12:69151453-70122286	SBS5	2	1	1	0	0	0
414	chr12:70122325-70375000	SBS3	2	1	2	0	0	0
415	chr12:70122325-70375000	SBS5	2	1	2	0	0	0
416	chr12:70375001-75476000	SBS13	2	1	1	0	0	0
417	chr12:70375001-75476000	SBS3	2	1	10	2	0	0
418	chr12:70375001-75476000	SBS5	2	1	15	4	0	0
419	chr12:70375001-75476000	SBS8	2	1	9	1	0	0
420	chr12:75476001-75796614	SBS5	3	1	1	0	0	0
421	chr12:75796615-77089000	SBS1	1	1	1	0	0	0
422	chr12:75796615-77089000	SBS5	1	1	5	0	0	0
423	chr12:75796615-77089000	SBS8	1	1	1	0	0	0
424	chr12:77089001-80619689	SBS3	1	1	5	0	0	0
425	chr12:77089001-80619689	SBS5	1	1	4	0	0	0
426	chr12:77089001-80619689	SBS8	1	1	12	0	0	0
427	chr12:80624743-83428947	SBS3	1	1	6	0	0	0
428	chr12:80624743-83428947	SBS5	1	1	7	0	0	0
429	chr12:80624743-83428947	SBS8	1	1	7	0	0	0
430	chr12:83434055-83755026	SBS1	1	1	1	0	0	0
431	chr12:83434055-83755026	SBS8	1	1	1	0	0	0
432	chr12:83755027-120268990	SBS1	1	0	3	0	0	0
433	chr12:83755027-120268990	SBS13	1	0	9	0	0	0
434	chr12:83755027-120268990	SBS3	1	0	26	0	0	0
435	chr12:83755027-120268990	SBS5	1	0	74	0	0	0
436	chr12:83755027-120268990	SBS8	1	0	31	0	0	0
437	chr13:1-17025623	SBS3	1	1	1	0	0	0
438	chr13:1-17025623	SBS5	1	1	2	0	0	0
439	chr13:1-17025623	SBS8	1	1	1	0	0	0
440	chr13:109381009-109850946	SBS3	2	0	1	0	0	0
441	chr13:109381009-109850946	SBS8	2	0	1	0	0	0
442	chr13:109850981-111088505	SBS3	2	0	4	0	0	0
443	chr13:109850981-111088505	SBS5	2	0	5	0	0	0
444	chr13:111088538-111299000	SBS3	2	0	1	0	0	0
445	chr13:111299001-112470000	SBS1	2	0	2	0	0	0
446	chr13:111299001-112470000	SBS13	2	0	0	1	0	0
447	chr13:111299001-112470000	SBS5	2	0	3	1	0	0
448	chr13:111299001-112470000	SBS8	2	0	2	1	0	0
449	chr13:112470001-114364328	SBS1	2	0	2	0	0	0
450	chr13:112470001-114364328	SBS3	2	0	2	2	0	0
451	chr13:112470001-114364328	SBS5	2	0	3	0	0	0
452	chr13:17025624-19586000	SBS1	1	1	1	0	0	0
453	chr13:17025624-19586000	SBS13	1	1	2	0	0	0
454	chr13:17025624-19586000	SBS3	1	1	1	0	0	0
455	chr13:17025624-19586000	SBS5	1	1	10	0	0	0
456	chr13:17025624-19586000	SBS8	1	1	3	0	0	0
457	chr13:19586001-20807384	SBS5	1	1	7	0	0	0
458	chr13:19586001-20807384	SBS8	1	1	2	0	0	0
459	chr13:20807385-21579445	SBS5	1	0	4	0	0	0
460	chr13:20807385-21579445	SBS8	1	0	1	0	0	0
461	chr13:21579478-36970436	SBS1	1	0	1	0	0	0
462	chr13:21579478-36970436	SBS13	1	0	4	0	0	0
463	chr13:21579478-36970436	SBS3	1	0	6	0	0	0
464	chr13:21579478-36970436	SBS5	1	0	29	0	0	0
465	chr13:21579478-36970436	SBS8	1	0	16	0	0	0
466	chr13:36970594-42195068	SBS1	1	0	1	0	0	0
467	chr13:36970594-42195068	SBS13	1	0	1	0	0	0
468	chr13:36970594-42195068	SBS3	1	0	3	0	0	0
469	chr13:36970594-42195068	SBS5	1	0	9	0	0	0
470	chr13:36970594-42195068	SBS8	1	0	4	0	0	0
471	chr13:42195748-72648730	SBS1	1	0	4	0	0	0
472	chr13:42195748-72648730	SBS13	1	0	5	0	0	0
473	chr13:42195748-72648730	SBS3	1	0	15	0	0	0
474	chr13:42195748-72648730	SBS5	1	0	41	0	0	0
475	chr13:42195748-72648730	SBS8	1	0	25	0	0	0
476	chr13:72664871-75541106	SBS13	1	0	1	0	0	0
477	chr13:72664871-75541106	SBS3	1	0	3	0	0	0
478	chr13:72664871-75541106	SBS5	1	0	1	0	0	0
479	chr13:72664871-75541106	SBS8	1	0	3	0	0	0
480	chr13:75559652-78017583	SBS5	1	0	5	0	0	0
481	chr13:75559652-78017583	SBS8	1	0	4	0	0	0
482	chr13:78017950-80330356	SBS13	1	0	1	0	0	0
483	chr13:78017950-80330356	SBS3	1	0	1	0	0	0
484	chr13:78017950-80330356	SBS5	1	0	9	0	0	0
485	chr13:78017950-80330356	SBS8	1	0	2	0	0	0
486	chr13:80330389-82377121	SBS3	1	0	2	0	0	0
487	chr13:80330389-82377121	SBS5	1	0	7	0	0	0
488	chr13:80330389-82377121	SBS8	1	0	2	0	0	0
489	chr13:82377465-84150007	SBS3	1	0	1	0	0	0
490	chr13:82377465-84150007	SBS5	1	0	6	0	0	0
491	chr13:82377465-84150007	SBS8	1	0	1	0	0	0
492	chr13:84150008-88164073	SBS13	2	0	1	0	0	0
493	chr13:84150008-88164073	SBS3	2	0	5	0	0	0
494	chr13:84150008-88164073	SBS5	2	0	8	1	0	0
495	chr13:84150008-88164073	SBS8	2	0	2	2	0	0
496	chr13:88164175-94391245	SBS13	2	0	3	0	0	0
497	chr13:88164175-94391245	SBS3	2	0	10	4	0	0
498	chr13:88164175-94391245	SBS5	2	0	15	2	0	0
499	chr13:88164175-94391245	SBS8	2	0	10	1	0	0
500	chr13:94391443-109381008	SBS1	2	0	0	1	0	0
501	chr13:94391443-109381008	SBS13	2	0	4	0	0	0
502	chr13:94391443-109381008	SBS3	2	0	10	0	0	0
503	chr13:94391443-109381008	SBS5	2	0	22	5	0	0
504	chr13:94391443-109381008	SBS8	2	0	11	2	0	0
505	chr14:1-17086761	SBS8	1	1	1	0	0	0
506	chr14:100879990-101609484	SBS3	1	0	1	0	0	0
507	chr14:100879990-101609484	SBS8	1	0	1	0	0	0
508	chr14:101609485-105146069	SBS1	1	0	1	0	0	0
509	chr14:101609485-105146069	SBS3	1	0	3	0	0	0
510	chr14:101609485-105146069	SBS5	1	0	5	0	0	0
511	chr14:101609485-105146069	SBS8	1	0	3	0	0	0
512	chr14:105153858-106026787	SBS3	1	0	1	0	0	0
513	chr14:105153858-106026787	SBS5	1	0	3	0	0	0
514	chr14:106027193-107043718	SBS5	1	0	1	0	0	0
515	chr14:106027193-107043718	SBS8	1	0	1	0	0	0
516	chr14:17086762-20277000	SBS5	1	1	3	0	0	0
517	chr14:17086762-20277000	SBS8	1	1	5	0	0	0
518	chr14:20277001-20435651	SBS8	1	1	1	0	0	0
519	chr14:20439787-21364364	SBS5	1	1	3	0	0	0
520	chr14:20439787-21364364	SBS8	1	1	1	0	0	0
521	chr14:21364365-21384007	SBS8	2	1	1	0	0	0
522	chr14:21384008-24457000	SBS1	1	1	1	0	0	0
523	chr14:21384008-24457000	SBS3	1	1	4	0	0	0
524	chr14:21384008-24457000	SBS5	1	1	15	0	0	0
525	chr14:21384008-24457000	SBS8	1	1	4	0	0	0
526	chr14:24457001-28008929	SBS1	1	1	1	0	0	0
527	chr14:24457001-28008929	SBS13	1	1	1	0	0	0
528	chr14:24457001-28008929	SBS3	1	1	5	0	0	0
529	chr14:24457001-28008929	SBS5	1	1	10	0	0	0
530	chr14:24457001-28008929	SBS8	1	1	11	0	0	0
531	chr14:28009113-30511000	SBS1	1	1	2	0	0	0
532	chr14:28009113-30511000	SBS13	1	1	2	0	0	0
533	chr14:28009113-30511000	SBS3	1	1	7	0	0	0
534	chr14:28009113-30511000	SBS5	1	1	13	0	0	0
535	chr14:28009113-30511000	SBS8	1	1	6	0	0	0
536	chr14:30511001-34439799	SBS13	1	1	1	0	0	0
537	chr14:30511001-34439799	SBS3	1	1	2	0	0	0
538	chr14:30511001-34439799	SBS5	1	1	12	0	0	0
539	chr14:30511001-34439799	SBS8	1	1	2	0	0	0
540	chr14:34465420-36352146	SBS3	1	1	6	0	0	0
541	chr14:34465420-36352146	SBS5	1	1	7	0	0	0
542	chr14:36352307-39817789	SBS3	1	1	3	0	0	0
543	chr14:36352307-39817789	SBS5	1	1	12	0	0	0
544	chr14:36352307-39817789	SBS8	1	1	8	0	0	0
545	chr14:39823390-44895000	SBS13	1	1	3	0	0	0
546	chr14:39823390-44895000	SBS3	1	1	5	0	0	0
547	chr14:39823390-44895000	SBS5	1	1	26	0	0	0
548	chr14:39823390-44895000	SBS8	1	1	14	0	0	0
549	chr14:45648822-51259291	SBS1	1	0	1	0	0	0
550	chr14:45648822-51259291	SBS3	1	0	2	0	0	0
551	chr14:45648822-51259291	SBS5	1	0	8	0	0	0
552	chr14:45648822-51259291	SBS8	1	0	2	0	0	0
553	chr14:51259615-51606928	SBS3	2	0	2	0	0	0
554	chr14:51259615-51606928	SBS5	2	0	2	0	0	0
555	chr14:51607116-54087399	SBS1	1	0	1	0	0	0
556	chr14:51607116-54087399	SBS13	1	0	1	0	0	0
557	chr14:51607116-54087399	SBS5	1	0	9	0	0	0
558	chr14:51607116-54087399	SBS8	1	0	1	0	0	0
559	chr14:54087472-57311694	SBS1	1	0	1	0	0	0
560	chr14:54087472-57311694	SBS3	1	0	1	0	0	0
561	chr14:54087472-57311694	SBS5	1	0	13	0	0	0
562	chr14:54087472-57311694	SBS8	1	0	6	0	0	0
563	chr14:57312267-60142190	SBS3	1	0	2	0	0	0
564	chr14:57312267-60142190	SBS5	1	0	5	0	0	0
565	chr14:57312267-60142190	SBS8	1	0	3	0	0	0
566	chr14:60147711-67306957	SBS13	1	0	2	0	0	0
567	chr14:60147711-67306957	SBS3	1	0	4	0	0	0
568	chr14:60147711-67306957	SBS5	1	0	12	0	0	0
569	chr14:60147711-67306957	SBS8	1	0	8	0	0	0
570	chr14:67315684-68166179	SBS5	1	0	3	0	0	0
571	chr14:68486994-68717107	SBS5	1	0	1	0	0	0
572	chr14:68891916-88033353	SBS1	1	0	3	0	0	0
573	chr14:68891916-88033353	SBS13	1	0	5	0	0	0
574	chr14:68891916-88033353	SBS3	1	0	11	0	0	0
575	chr14:68891916-88033353	SBS5	1	0	46	0	0	0
576	chr14:68891916-88033353	SBS8	1	0	22	0	0	0
577	chr14:88033387-88646978	SBS5	1	0	1	0	0	0
578	chr14:88647120-100859016	SBS13	1	0	3	0	0	0
579	chr14:88647120-100859016	SBS3	1	0	7	0	0	0
580	chr14:88647120-100859016	SBS5	1	0	16	0	0	0
581	chr14:88647120-100859016	SBS8	1	0	7	0	0	0
582	chr15:18362627-31822806	SBS1	1	0	3	0	0	0
583	chr15:18362627-31822806	SBS13	1	0	1	0	0	0
584	chr15:18362627-31822806	SBS3	1	0	6	0	0	0
585	chr15:18362627-31822806	SBS5	1	0	22	0	0	0
586	chr15:18362627-31822806	SBS8	1	0	21	0	0	0
587	chr15:31895957-33088197	SBS5	1	0	1	0	0	0
588	chr15:31895957-33088197	SBS8	1	0	1	0	0	0
589	chr15:33088296-33214735	SBS5	1	0	1	0	0	0
590	chr15:33214736-33880434	SBS5	2	0	2	1	0	0
591	chr15:33214736-33880434	SBS8	2	0	4	0	0	0
592	chr15:33880435-40440075	SBS13	1	0	1	0	0	0
593	chr15:33880435-40440075	SBS3	1	0	2	0	0	0
594	chr15:33880435-40440075	SBS5	1	0	10	0	0	0
595	chr15:33880435-40440075	SBS8	1	0	6	0	0	0
596	chr15:40441409-65379466	SBS1	1	0	2	0	0	0
597	chr15:40441409-65379466	SBS13	1	0	8	0	0	0
598	chr15:40441409-65379466	SBS3	1	0	23	0	0	0
599	chr15:40441409-65379466	SBS5	1	0	44	0	0	0
600	chr15:40441409-65379466	SBS8	1	0	11	0	0	0
601	chr15:65379767-68429940	SBS3	1	0	3	0	0	0
602	chr15:65379767-68429940	SBS5	1	0	5	0	0	0
603	chr15:65379767-68429940	SBS8	1	0	4	0	0	0
604	chr15:68429941-101991189	SBS1	1	0	2	0	0	0
605	chr15:68429941-101991189	SBS13	1	0	6	0	0	0
606	chr15:68429941-101991189	SBS3	1	0	23	0	0	0
607	chr15:68429941-101991189	SBS5	1	0	67	0	0	0
608	chr15:68429941-101991189	SBS8	1	0	31	0	0	0
609	chr16:1-1869108	SBS1	1	1	1	0	0	0
610	chr16:1-1869108	SBS3	1	1	3	0	0	0
611	chr16:1-1869108	SBS5	1	1	4	0	0	0
612	chr16:1-1869108	SBS8	1	1	2	0	0	0
613	chr16:12120399-37295919	SBS1	1	0	1	0	0	0
614	chr16:12120399-37295919	SBS13	1	0	7	0	0	0
615	chr16:12120399-37295919	SBS3	1	0	22	0	0	0
616	chr16:12120399-37295919	SBS5	1	0	53	0	0	0
617	chr16:12120399-37295919	SBS8	1	0	30	0	0	0
618	chr16:1872905-2659844	SBS5	1	1	2	0	0	0
619	chr16:2659845-3170848	SBS5	1	1	2	0	0	0
620	chr16:3170947-4476253	SBS1	1	1	1	0	0	0
621	chr16:3170947-4476253	SBS5	1	1	7	0	0	0
622	chr16:3170947-4476253	SBS8	1	1	3	0	0	0
623	chr16:4485229-5217000	SBS3	1	1	1	0	0	0
624	chr16:4485229-5217000	SBS5	1	1	1	0	0	0
625	chr16:4485229-5217000	SBS8	1	1	1	0	0	0
626	chr16:5217001-8561000	SBS1	1	1	1	0	0	0
627	chr16:5217001-8561000	SBS3	1	1	7	0	0	0
628	chr16:5217001-8561000	SBS5	1	1	13	0	0	0
629	chr16:5217001-8561000	SBS8	1	1	15	0	0	0
630	chr16:8561001-9217069	SBS3	1	1	1	0	0	0
631	chr16:8561001-9217069	SBS5	1	1	2	0	0	0
632	chr16:9237136-12120338	SBS13	1	0	1	0	0	0
633	chr16:9237136-12120338	SBS3	1	0	1	0	0	0
634	chr16:9237136-12120338	SBS5	1	0	5	0	0	0
635	chr17:1-5658500	SBS1	1	0	2	0	0	0
636	chr17:1-5658500	SBS13	1	0	2	0	0	0
637	chr17:1-5658500	SBS3	1	0	5	0	0	0
638	chr17:1-5658500	SBS5	1	0	12	0	0	0
639	chr17:1-5658500	SBS8	1	0	3	0	0	0
640	chr17:15104114-22158000	SBS1	1	0	1	0	0	0
641	chr17:15104114-22158000	SBS13	1	0	1	0	0	0
642	chr17:15104114-22158000	SBS3	1	0	8	0	0	0
643	chr17:15104114-22158000	SBS5	1	0	41	0	0	0
644	chr17:15104114-22158000	SBS8	1	0	8	0	0	0
645	chr17:22158001-24849829	SBS1	1	0	1	0	0	0
646	chr17:22158001-24849829	SBS13	1	0	1	0	0	0
647	chr17:22158001-24849829	SBS3	1	0	1	0	0	0
648	chr17:22158001-24849829	SBS5	1	0	2	0	0	0
649	chr17:22158001-24849829	SBS8	1	0	2	0	0	0
650	chr17:24849830-29636053	SBS1	1	0	3	0	0	0
651	chr17:24849830-29636053	SBS3	1	0	5	0	0	0
652	chr17:24849830-29636053	SBS5	1	0	13	0	0	0
653	chr17:24849830-29636053	SBS8	1	0	3	0	0	0
654	chr17:29653162-31218499	SBS3	1	0	1	0	0	0
655	chr17:29653162-31218499	SBS5	1	0	2	0	0	0
656	chr17:29653162-31218499	SBS8	1	0	1	0	0	0
657	chr17:31222084-34897000	SBS1	1	0	1	0	0	0
658	chr17:31222084-34897000	SBS13	1	0	2	0	0	0
659	chr17:31222084-34897000	SBS3	1	0	1	0	0	0
660	chr17:31222084-34897000	SBS5	1	0	7	0	0	0
661	chr17:31222084-34897000	SBS8	1	0	6	0	0	0
662	chr17:34897001-35333493	SBS13	2	0	1	0	0	0
663	chr17:34897001-35333493	SBS5	2	0	2	0	0	0
664	chr17:35334168-37183079	SBS3	2	0	1	1	0	0
665	chr17:35334168-37183079	SBS5	2	0	5	0	0	0
666	chr17:35334168-37183079	SBS8	2	0	4	0	0	0
667	chr17:37183152-37338699	SBS5	2	0	1	0	0	0
668	chr17:37368019-38402732	SBS5	2	0	2	0	0	0
669	chr17:37368019-38402732	SBS8	2	0	1	0	0	0
670	chr17:38405943-40886909	SBS3	2	0	4	0	0	0
671	chr17:38405943-40886909	SBS5	2	0	6	0	0	0
672	chr17:38405943-40886909	SBS8	2	0	3	1	0	0
673	chr17:40887202-42444372	SBS5	2	0	10	1	0	0
674	chr17:40887202-42444372	SBS8	2	0	2	0	0	0
675	chr17:42444421-43103509	SBS13	2	0	1	0	0	0
676	chr17:42444421-43103509	SBS5	2	0	0	1	0	0
677	chr17:42444421-43103509	SBS8	2	0	1	0	0	0
678	chr17:43103545-43903854	SBS13	2	0	1	0	0	0
679	chr17:43103545-43903854	SBS3	2	0	3	0	0	0
680	chr17:43103545-43903854	SBS5	2	0	1	1	0	0
681	chr17:43103545-43903854	SBS8	2	0	1	0	0	0
682	chr17:43921506-51304000	SBS13	2	0	2	0	0	0
683	chr17:43921506-51304000	SBS3	2	0	11	0	0	0
684	chr17:43921506-51304000	SBS5	2	0	27	0	0	0
685	chr17:43921506-51304000	SBS8	2	0	8	1	0	0
686	chr17:51304001-53819981	SBS13	1	0	2	0	0	0
687	chr17:51304001-53819981	SBS3	1	0	3	0	0	0
688	chr17:51304001-53819981	SBS5	1	0	6	0	0	0
689	chr17:51304001-53819981	SBS8	1	0	4	0	0	0
690	chr17:53819982-54888000	SBS13	3	0	1	0	0	0
691	chr17:53819982-54888000	SBS5	3	0	3	3	2	0
692	chr17:53819982-54888000	SBS8	3	0	4	1	0	0
693	chr17:54888001-55820131	SBS1	3	0	0	1	0	0
694	chr17:54888001-55820131	SBS3	3	0	2	0	0	0
695	chr17:54888001-55820131	SBS5	3	0	1	0	0	0
696	chr17:54888001-55820131	SBS8	3	0	3	0	0	0
697	chr17:55820132-67040444	SBS1	2	0	2	1	0	0
698	chr17:55820132-67040444	SBS13	2	0	4	0	0	0
699	chr17:55820132-67040444	SBS3	2	0	12	5	0	0
700	chr17:55820132-67040444	SBS5	2	0	17	7	0	0
701	chr17:55820132-67040444	SBS8	2	0	9	1	0	0
702	chr17:5665275-15103968	SBS1	1	0	2	0	0	0
703	chr17:5665275-15103968	SBS13	1	0	1	0	0	0
704	chr17:5665275-15103968	SBS3	1	0	9	0	0	0
705	chr17:5665275-15103968	SBS5	1	0	14	0	0	0
706	chr17:5665275-15103968	SBS8	1	0	11	0	0	0
707	chr17:67040650-77704363	SBS1	2	0	1	1	0	0
708	chr17:67040650-77704363	SBS13	2	0	1	0	0	0
709	chr17:67040650-77704363	SBS3	2	0	7	0	0	0
710	chr17:67040650-77704363	SBS5	2	0	26	6	0	0
711	chr17:67040650-77704363	SBS8	2	0	5	3	0	0
712	chr17:77705322-82552888	SBS1	2	0	2	1	0	0
713	chr17:77705322-82552888	SBS13	2	0	2	1	0	0
714	chr17:77705322-82552888	SBS3	2	0	5	0	0	0
715	chr17:77705322-82552888	SBS5	2	0	12	2	0	0
716	chr17:77705322-82552888	SBS8	2	0	4	1	0	0
717	chr17:82556474-83257441	SBS3	2	0	0	1	0	0
718	chr17:82556474-83257441	SBS5	2	0	2	1	0	0
719	chr18:10473031-12145572	SBS1	1	1	1	0	0	0
720	chr18:10473031-12145572	SBS3	1	1	3	0	0	0
721	chr18:10473031-12145572	SBS5	1	1	6	0	0	0
722	chr18:10473031-12145572	SBS8	1	1	9	0	0	0
723	chr18:12145573-13061353	SBS5	1	1	2	0	0	0
724	chr18:12145573-13061353	SBS8	1	1	2	0	0	0
725	chr18:13061422-18161052	SBS1	1	1	1	0	0	0
726	chr18:13061422-18161052	SBS13	1	1	1	0	0	0
727	chr18:13061422-18161052	SBS3	1	1	10	0	0	0
728	chr18:13061422-18161052	SBS5	1	1	33	0	0	0
729	chr18:13061422-18161052	SBS8	1	1	6	0	0	0
730	chr18:18161053-21038113	SBS3	1	1	1	0	0	0
731	chr18:18161053-21038113	SBS8	1	1	1	0	0	0
732	chr18:1878001-4913000	SBS1	1	1	1	0	0	0
733	chr18:1878001-4913000	SBS13	1	1	1	0	0	0
734	chr18:1878001-4913000	SBS3	1	1	6	0	0	0
735	chr18:1878001-4913000	SBS5	1	1	11	0	0	0
736	chr18:1878001-4913000	SBS8	1	1	9	0	0	0
737	chr18:21038265-21737000	SBS13	1	1	1	0	0	0
738	chr18:21038265-21737000	SBS3	1	1	4	0	0	0
739	chr18:21038265-21737000	SBS5	1	1	6	0	0	0
740	chr18:21737001-22031258	SBS3	1	1	3	0	0	0
741	chr18:21737001-22031258	SBS5	1	1	1	0	0	0
742	chr18:21737001-22031258	SBS8	1	1	1	0	0	0
743	chr18:22031259-22474827	SBS5	1	1	3	0	0	0
744	chr18:22474897-22557101	SBS3	1	1	2	0	0	0
745	chr18:22474897-22557101	SBS5	1	1	2	0	0	0
746	chr18:22562963-24252343	SBS1	1	1	1	0	0	0
747	chr18:22562963-24252343	SBS3	1	1	2	0	0	0
748	chr18:22562963-24252343	SBS5	1	1	5	0	0	0
749	chr18:22562963-24252343	SBS8	1	1	2	0	0	0
750	chr18:24269401-24765590	SBS13	1	1	1	0	0	0
751	chr18:24269401-24765590	SBS5	1	1	2	0	0	0
752	chr18:24765591-25054151	SBS3	1	1	1	0	0	0
753	chr18:24765591-25054151	SBS8	1	1	2	0	0	0
754	chr18:25054275-27997551	SBS5	1	1	5	0	0	0
755	chr18:25054275-27997551	SBS8	1	1	6	0	0	0
756	chr18:27997552-28649367	SBS13	1	1	1	0	0	0
757	chr18:28649402-28834519	SBS8	1	1	1	0	0	0
758	chr18:28841889-29120787	SBS5	1	1	1	0	0	0
759	chr18:29120832-32435442	SBS1	1	1	1	0	0	0
760	chr18:29120832-32435442	SBS13	1	1	1	0	0	0
761	chr18:29120832-32435442	SBS3	1	1	3	0	0	0
762	chr18:29120832-32435442	SBS5	1	1	13	0	0	0
763	chr18:29120832-32435442	SBS8	1	1	7	0	0	0
764	chr18:32435443-32859500	SBS1	3	1	1	0	0	0
765	chr18:32435443-32859500	SBS5	3	1	3	0	0	0
766	chr18:32435443-32859500	SBS8	3	1	0	1	0	0
767	chr18:32859501-34483000	SBS13	2	1	1	0	0	0
768	chr18:32859501-34483000	SBS3	2	1	1	0	0	0
769	chr18:32859501-34483000	SBS5	2	1	8	3	0	0
770	chr18:32859501-34483000	SBS8	2	1	4	1	0	0
771	chr18:34483001-35100719	SBS13	3	1	1	0	0	0
772	chr18:34483001-35100719	SBS3	3	1	2	0	0	0
773	chr18:34483001-35100719	SBS5	3	1	1	0	0	0
774	chr18:35101243-35243261	SBS3	3	1	0	0	1	0
775	chr18:35101243-35243261	SBS5	3	1	2	0	0	0
776	chr18:35101243-35243261	SBS8	3	1	2	0	0	0
777	chr18:35243262-36200000	SBS5	3	0	1	2	0	0
778	chr18:36200001-44426296	SBS13	2	0	1	0	0	0
779	chr18:36200001-44426296	SBS3	2	0	7	1	0	0
780	chr18:36200001-44426296	SBS5	2	0	23	2	0	0
781	chr18:36200001-44426296	SBS8	2	0	18	1	0	0
782	chr18:44426297-44875535	SBS13	4	0	0	1	0	0
783	chr18:44426297-44875535	SBS3	4	0	0	0	0	2
784	chr18:44426297-44875535	SBS5	4	0	1	0	0	0
785	chr18:44426297-44875535	SBS8	4	0	0	0	1	0
786	chr18:44875536-54989827	SBS1	1	0	2	0	0	0
787	chr18:44875536-54989827	SBS13	1	0	1	0	0	0
788	chr18:44875536-54989827	SBS3	1	0	5	0	0	0
789	chr18:44875536-54989827	SBS5	1	0	20	0	0	0
790	chr18:44875536-54989827	SBS8	1	0	9	0	0	0
791	chr18:4913001-9764985	SBS13	1	1	2	0	0	0
792	chr18:4913001-9764985	SBS3	1	1	8	0	0	0
793	chr18:4913001-9764985	SBS5	1	1	17	0	0	0
794	chr18:4913001-9764985	SBS8	1	1	11	0	0	0
795	chr18:54989876-62223616	SBS1	1	0	1	0	0	0
796	chr18:54989876-62223616	SBS13	1	0	3	0	0	0
797	chr18:54989876-62223616	SBS3	1	0	5	0	0	0
798	chr18:54989876-62223616	SBS5	1	0	10	0	0	0
799	chr18:54989876-62223616	SBS8	1	0	7	0	0	0
800	chr18:62223750-75724476	SBS1	1	0	2	0	0	0
801	chr18:62223750-75724476	SBS13	1	0	2	0	0	0
802	chr18:62223750-75724476	SBS3	1	0	7	0	0	0
803	chr18:62223750-75724476	SBS5	1	0	16	0	0	0
804	chr18:62223750-75724476	SBS8	1	0	22	0	0	0
805	chr18:75724839-79319747	SBS13	1	0	2	0	0	0
806	chr18:75724839-79319747	SBS3	1	0	1	0	0	0
807	chr18:75724839-79319747	SBS5	1	0	7	0	0	0
808	chr18:75724839-79319747	SBS8	1	0	2	0	0	0
809	chr18:79319748-79433588	SBS5	3	0	0	1	0	0
810	chr18:79433589-79445498	SBS5	4	0	0	1	0	0
811	chr18:79445499-80105693	SBS3	3	0	0	1	0	0
812	chr18:79445499-80105693	SBS5	3	0	1	1	0	0
813	chr18:79445499-80105693	SBS8	3	0	0	0	1	0
814	chr18:87659-1878000	SBS1	1	1	1	0	0	0
815	chr18:87659-1878000	SBS13	1	1	1	0	0	0
816	chr18:87659-1878000	SBS3	1	1	1	0	0	0
817	chr18:87659-1878000	SBS5	1	1	3	0	0	0
818	chr18:87659-1878000	SBS8	1	1	2	0	0	0
819	chr18:9765135-10472502	SBS5	1	1	3	0	0	0
820	chr18:9765135-10472502	SBS8	1	1	2	0	0	0
821	chr19:1-1525750	SBS3	1	0	1	0	0	0
822	chr19:1-1525750	SBS5	1	0	4	0	0	0
823	chr19:1-1525750	SBS8	1	0	1	0	0	0
824	chr19:10364739-19680000	SBS1	1	1	2	0	0	0
825	chr19:10364739-19680000	SBS13	1	1	3	0	0	0
826	chr19:10364739-19680000	SBS3	1	1	22	0	0	0
827	chr19:10364739-19680000	SBS5	1	1	46	0	0	0
828	chr19:10364739-19680000	SBS8	1	1	11	0	0	0
829	chr19:1525933-1963005	SBS1	1	0	1	0	0	0
830	chr19:1525933-1963005	SBS3	1	0	1	0	0	0
831	chr19:1525933-1963005	SBS5	1	0	2	0	0	0
832	chr19:1525933-1963005	SBS8	1	0	3	0	0	0
833	chr19:1963041-5452313	SBS3	1	0	2	0	0	0
834	chr19:1963041-5452313	SBS5	1	0	11	0	0	0
835	chr19:19680001-25844926	SBS1	1	1	2	0	0	0
836	chr19:19680001-25844926	SBS13	1	1	4	0	0	0
837	chr19:19680001-25844926	SBS3	1	1	9	0	0	0
838	chr19:19680001-25844926	SBS5	1	1	31	0	0	0
839	chr19:19680001-25844926	SBS8	1	1	14	0	0	0
840	chr19:25844927-29205005	SBS3	1	1	7	0	0	0
841	chr19:25844927-29205005	SBS5	1	1	8	0	0	0
842	chr19:25844927-29205005	SBS8	1	1	4	0	0	0
843	chr19:29206111-34391512	SBS1	1	1	3	0	0	0
844	chr19:29206111-34391512	SBS13	1	1	2	0	0	0
845	chr19:29206111-34391512	SBS3	1	1	14	0	0	0
846	chr19:29206111-34391512	SBS5	1	1	22	0	0	0
847	chr19:29206111-34391512	SBS8	1	1	6	0	0	0
848	chr19:34391706-36418435	SBS1	1	1	1	0	0	0
849	chr19:34391706-36418435	SBS3	1	1	2	0	0	0
850	chr19:34391706-36418435	SBS5	1	1	13	0	0	0
851	chr19:34391706-36418435	SBS8	1	1	6	0	0	0
852	chr19:36418480-36756563	SBS5	1	1	1	0	0	0
853	chr19:36756564-36757000	SBS8	1	0	1	0	0	0
854	chr19:36757001-41117135	SBS1	1	1	1	0	0	0
855	chr19:36757001-41117135	SBS13	1	1	1	0	0	0
856	chr19:36757001-41117135	SBS3	1	1	3	0	0	0
857	chr19:36757001-41117135	SBS5	1	1	26	0	0	0
858	chr19:36757001-41117135	SBS8	1	1	8	0	0	0
859	chr19:41117147-46346797	SBS1	1	1	2	0	0	0
860	chr19:41117147-46346797	SBS13	1	1	1	0	0	0
861	chr19:41117147-46346797	SBS3	1	1	14	0	0	0
862	chr19:41117147-46346797	SBS5	1	1	27	0	0	0
863	chr19:41117147-46346797	SBS8	1	1	12	0	0	0
864	chr19:46352945-47285000	SBS13	1	1	1	0	0	0
865	chr19:46352945-47285000	SBS3	1	1	2	0	0	0
866	chr19:46352945-47285000	SBS5	1	1	1	0	0	0
867	chr19:46352945-47285000	SBS8	1	1	3	0	0	0
868	chr19:47285001-58617616	SBS1	1	1	2	0	0	0
869	chr19:47285001-58617616	SBS13	1	1	9	0	0	0
870	chr19:47285001-58617616	SBS3	1	1	24	0	0	0
871	chr19:47285001-58617616	SBS5	1	1	58	0	0	0
872	chr19:47285001-58617616	SBS8	1	1	21	0	0	0
873	chr19:5466376-5882241	SBS5	1	0	1	0	0	0
874	chr19:5988573-9524740	SBS1	1	0	2	0	0	0
875	chr19:5988573-9524740	SBS13	1	0	1	0	0	0
876	chr19:5988573-9524740	SBS3	1	0	1	0	0	0
877	chr19:5988573-9524740	SBS5	1	0	11	0	0	0
878	chr19:5988573-9524740	SBS8	1	0	6	0	0	0
879	chr19:9524741-10352006	SBS13	1	1	1	0	0	0
880	chr19:9524741-10352006	SBS3	1	1	1	0	0	0
881	chr19:9524741-10352006	SBS5	1	1	3	0	0	0
882	chr19:9524741-10352006	SBS8	1	1	1	0	0	0
883	chr1:1-1104841	SBS3	1	1	2	0	0	0
884	chr1:1-1104841	SBS8	1	1	3	0	0	0
885	chr1:1104842-1161769	SBS3	2	1	3	0	0	0
886	chr1:113570465-113652388	SBS8	2	1	1	0	0	0
887	chr1:113652389-123605522	SBS13	1	1	1	0	0	0
888	chr1:113652389-123605522	SBS3	1	1	10	0	0	0
889	chr1:113652389-123605522	SBS5	1	1	23	0	0	0
890	chr1:113652389-123605522	SBS8	1	1	9	0	0	0
891	chr1:1226935-7693000	SBS1	1	1	1	0	0	0
892	chr1:1226935-7693000	SBS13	1	1	4	0	0	0
893	chr1:1226935-7693000	SBS3	1	1	9	0	0	0
894	chr1:1226935-7693000	SBS5	1	1	15	0	0	0
895	chr1:1226935-7693000	SBS8	1	1	11	0	0	0
896	chr1:123605523-150658380	SBS1	2	1	1	0	0	0
897	chr1:123605523-150658380	SBS13	2	1	1	0	0	0
898	chr1:123605523-150658380	SBS3	2	1	6	0	0	0
899	chr1:123605523-150658380	SBS5	2	1	21	3	0	0
900	chr1:123605523-150658380	SBS8	2	1	5	2	0	0
901	chr1:150658415-152059000	SBS13	2	1	2	0	0	0
902	chr1:150658415-152059000	SBS3	2	1	2	1	0	0
903	chr1:150658415-152059000	SBS5	2	1	9	0	0	0
904	chr1:150658415-152059000	SBS8	2	1	2	1	0	0
905	chr1:152059001-153479000	SBS13	2	1	1	0	0	0
906	chr1:152059001-153479000	SBS3	2	1	3	0	0	0
907	chr1:152059001-153479000	SBS5	2	1	4	1	0	0
908	chr1:152059001-153479000	SBS8	2	1	3	0	0	0
909	chr1:153479001-155805272	SBS13	2	1	1	0	0	0
910	chr1:153479001-155805272	SBS3	2	1	6	0	0	0
911	chr1:153479001-155805272	SBS5	2	1	6	0	0	0
912	chr1:153479001-155805272	SBS8	2	1	1	0	0	0
913	chr1:155815709-157172500	SBS3	2	1	3	0	0	0
914	chr1:155815709-157172500	SBS5	2	1	5	0	0	0
915	chr1:157172501-159495205	SBS13	2	1	1	1	0	0
916	chr1:157172501-159495205	SBS3	2	1	2	1	0	0
917	chr1:157172501-159495205	SBS5	2	1	11	0	0	0
918	chr1:157172501-159495205	SBS8	2	1	5	1	0	0
919	chr1:159495247-161186551	SBS3	2	1	6	0	0	0
920	chr1:159495247-161186551	SBS5	2	1	9	0	0	0
921	chr1:159495247-161186551	SBS8	2	1	5	0	0	0
922	chr1:161186552-162076804	SBS3	2	1	1	0	0	0
923	chr1:161186552-162076804	SBS5	2	1	1	0	0	0
924	chr1:161186552-162076804	SBS8	2	1	1	0	0	0
925	chr1:162079681-163369169	SBS13	2	1	1	0	0	0
926	chr1:162079681-163369169	SBS3	2	1	3	0	0	0
927	chr1:162079681-163369169	SBS5	2	1	6	0	0	0
928	chr1:162079681-163369169	SBS8	2	1	3	0	0	0
929	chr1:163369202-165839445	SBS13	2	1	1	0	0	0
930	chr1:163369202-165839445	SBS3	2	1	2	0	0	0
931	chr1:163369202-165839445	SBS5	2	1	10	0	0	0
932	chr1:163369202-165839445	SBS8	2	1	8	0	0	0
933	chr1:165895771-166818000	SBS3	2	1	4	0	0	0
934	chr1:165895771-166818000	SBS5	2	1	11	0	0	0
935	chr1:165895771-166818000	SBS8	2	1	9	1	0	0
936	chr1:16629470-42139304	SBS1	1	1	1	0	0	0
937	chr1:16629470-42139304	SBS13	1	1	7	0	0	0
938	chr1:16629470-42139304	SBS3	1	1	32	0	0	0
939	chr1:16629470-42139304	SBS5	1	1	78	0	0	0
940	chr1:16629470-42139304	SBS8	1	1	36	0	0	0
941	chr1:166818001-172619000	SBS1	2	1	2	0	0	0
942	chr1:166818001-172619000	SBS13	2	1	1	0	0	0
943	chr1:166818001-172619000	SBS3	2	1	6	2	0	0
944	chr1:166818001-172619000	SBS5	2	1	18	3	0	0
945	chr1:166818001-172619000	SBS8	2	1	11	3	0	0
946	chr1:172619001-181385795	SBS1	2	1	1	0	0	0
947	chr1:172619001-181385795	SBS13	2	1	2	0	0	0
948	chr1:172619001-181385795	SBS3	2	1	10	1	0	0
949	chr1:172619001-181385795	SBS5	2	1	31	3	0	0
950	chr1:172619001-181385795	SBS8	2	1	19	4	0	0
951	chr1:181404232-182062000	SBS3	2	1	3	0	0	0
952	chr1:181404232-182062000	SBS5	2	1	5	2	0	0
953	chr1:181404232-182062000	SBS8	2	1	4	0	0	0
954	chr1:182062001-184878964	SBS13	2	1	3	0	0	0
955	chr1:182062001-184878964	SBS3	2	1	5	0	0	0
956	chr1:182062001-184878964	SBS5	2	1	16	0	0	0
957	chr1:182062001-184878964	SBS8	2	1	3	1	0	0
958	chr1:184879010-185700000	SBS5	2	1	2	0	0	0
959	chr1:185700001-186520000	SBS13	2	1	1	0	0	0
960	chr1:185700001-186520000	SBS3	2	1	1	0	0	0
961	chr1:185700001-186520000	SBS5	2	1	8	0	0	0
962	chr1:186520001-189101298	SBS13	2	1	1	1	0	0
963	chr1:186520001-189101298	SBS3	2	1	5	0	0	0
964	chr1:186520001-189101298	SBS5	2	1	18	1	0	0
965	chr1:186520001-189101298	SBS8	2	1	5	2	0	0
966	chr1:189101728-189999573	SBS1	2	1	1	0	0	0
967	chr1:189101728-189999573	SBS3	2	1	1	0	0	0
968	chr1:189101728-189999573	SBS5	2	1	2	0	0	0
969	chr1:189101728-189999573	SBS8	2	1	4	1	0	0
970	chr1:189999611-192466000	SBS13	2	1	1	0	0	0
971	chr1:189999611-192466000	SBS3	2	1	3	1	0	0
972	chr1:189999611-192466000	SBS5	2	1	20	0	0	0
973	chr1:189999611-192466000	SBS8	2	1	2	3	0	0
974	chr1:192466001-193260000	SBS13	2	1	1	0	0	0
975	chr1:192466001-193260000	SBS5	2	1	4	0	0	0
976	chr1:192466001-193260000	SBS8	2	1	3	0	0	0
977	chr1:193260001-194891680	SBS13	2	1	1	0	0	0
978	chr1:193260001-194891680	SBS3	2	1	2	0	0	0
979	chr1:193260001-194891680	SBS5	2	1	9	0	0	0
980	chr1:193260001-194891680	SBS8	2	1	7	2	0	0
981	chr1:194892193-197049000	SBS1	2	1	1	0	0	0
982	chr1:194892193-197049000	SBS13	2	1	2	0	0	0
983	chr1:194892193-197049000	SBS5	2	1	8	1	0	0
984	chr1:194892193-197049000	SBS8	2	1	8	0	0	0
985	chr1:197049001-199335000	SBS13	2	1	2	1	0	0
986	chr1:197049001-199335000	SBS3	2	1	1	1	0	0
987	chr1:197049001-199335000	SBS5	2	1	4	0	0	0
988	chr1:197049001-199335000	SBS8	2	1	5	0	0	0
989	chr1:199335001-200352000	SBS1	2	1	1	0	0	0
990	chr1:199335001-200352000	SBS3	2	1	1	0	0	0
991	chr1:199335001-200352000	SBS5	2	1	4	0	0	0
992	chr1:199335001-200352000	SBS8	2	1	5	1	0	0
993	chr1:200352001-201966915	SBS13	2	1	1	0	0	0
994	chr1:200352001-201966915	SBS3	2	1	4	0	0	0
995	chr1:200352001-201966915	SBS5	2	1	5	0	0	0
996	chr1:200352001-201966915	SBS8	2	1	3	0	0	0
997	chr1:201971335-214902931	SBS1	2	1	1	0	0	0
998	chr1:201971335-214902931	SBS13	2	1	3	3	0	0
999	chr1:201971335-214902931	SBS3	2	1	16	4	0	0
1000	chr1:201971335-214902931	SBS5	2	1	47	9	0	0
1001	chr1:201971335-214902931	SBS8	2	1	18	1	0	0
1002	chr1:214902978-215566057	SBS1	2	1	1	0	0	0
1003	chr1:214902978-215566057	SBS5	2	1	3	0	0	0
1004	chr1:214902978-215566057	SBS8	2	1	1	1	0	0
1005	chr1:215572917-215903707	SBS8	2	1	1	0	0	0
1006	chr1:215903750-218276000	SBS13	2	1	1	0	0	0
1007	chr1:215903750-218276000	SBS3	2	1	2	0	0	0
1008	chr1:215903750-218276000	SBS5	2	1	11	1	0	0
1009	chr1:215903750-218276000	SBS8	2	1	5	3	0	0
1010	chr1:218276001-218954108	SBS1	2	1	1	0	0	0
1011	chr1:218276001-218954108	SBS13	2	1	2	0	0	0
1012	chr1:218276001-218954108	SBS8	2	1	0	1	0	0
1013	chr1:218954109-218956429	SBS5	3	1	1	0	0	0
1014	chr1:218956430-220378549	SBS13	2	1	1	0	0	0
1015	chr1:218956430-220378549	SBS3	2	1	1	0	0	0
1016	chr1:218956430-220378549	SBS5	2	1	8	1	0	0
1017	chr1:218956430-220378549	SBS8	2	1	6	0	0	0
1018	chr1:220384720-222240689	SBS3	2	1	4	0	0	0
1019	chr1:220384720-222240689	SBS5	2	1	5	1	0	0
1020	chr1:220384720-222240689	SBS8	2	1	2	0	0	0
1021	chr1:222240756-222787953	SBS3	2	1	1	0	0	0
1022	chr1:222789048-225706340	SBS13	2	1	1	0	0	0
1023	chr1:222789048-225706340	SBS3	2	1	3	1	0	0
1024	chr1:222789048-225706340	SBS5	2	1	8	0	0	0
1025	chr1:222789048-225706340	SBS8	2	1	5	2	0	0
1026	chr1:225706341-226089425	SBS13	3	1	1	0	0	0
1027	chr1:225706341-226089425	SBS3	3	1	1	0	0	0
1028	chr1:225706341-226089425	SBS5	3	1	2	0	0	0
1029	chr1:225706341-226089425	SBS8	3	1	2	0	0	0
1030	chr1:226105631-226980819	SBS1	3	1	1	0	0	0
1031	chr1:226105631-226980819	SBS13	3	1	2	0	0	0
1032	chr1:226105631-226980819	SBS3	3	1	2	0	0	0
1033	chr1:226105631-226980819	SBS5	3	1	3	0	1	0
1034	chr1:226105631-226980819	SBS8	3	1	4	0	0	0
1035	chr1:226980852-230988922	SBS1	3	1	2	0	0	0
1036	chr1:226980852-230988922	SBS13	3	1	1	1	0	0
1037	chr1:226980852-230988922	SBS3	3	1	2	1	0	0
1038	chr1:226980852-230988922	SBS5	3	1	16	3	1	0
1039	chr1:226980852-230988922	SBS8	3	1	6	2	0	0
1040	chr1:230988955-232664001	SBS13	3	1	1	1	0	0
1041	chr1:230988955-232664001	SBS3	3	1	4	0	0	0
1042	chr1:230988955-232664001	SBS5	3	1	10	0	0	0
1043	chr1:230988955-232664001	SBS8	3	1	4	0	0	0
1044	chr1:232665167-235659005	SBS13	3	1	2	1	0	0
1045	chr1:232665167-235659005	SBS3	3	1	1	1	2	0
1046	chr1:232665167-235659005	SBS5	3	1	16	1	0	0
1047	chr1:232665167-235659005	SBS8	3	1	6	1	0	0
1048	chr1:235659222-236375672	SBS13	3	1	1	0	0	0
1049	chr1:235659222-236375672	SBS5	3	1	2	1	0	0
1050	chr1:236375872-237209967	SBS13	3	1	1	0	0	0
1051	chr1:236375872-237209967	SBS3	3	1	0	1	0	0
1052	chr1:236375872-237209967	SBS5	3	1	7	0	0	0
1053	chr1:236375872-237209967	SBS8	3	1	5	0	0	0
1054	chr1:237210101-239461382	SBS13	3	1	2	0	0	0
1055	chr1:237210101-239461382	SBS3	3	1	5	0	0	0
1056	chr1:237210101-239461382	SBS5	3	1	12	4	0	0
1057	chr1:237210101-239461382	SBS8	3	1	10	2	0	0
1058	chr1:239461417-239565132	SBS5	3	0	2	0	0	0
1059	chr1:239461417-239565132	SBS8	3	0	0	0	1	0
1060	chr1:239565165-240567971	SBS1	3	1	1	0	0	0
1061	chr1:239565165-240567971	SBS13	3	1	1	0	0	0
1062	chr1:239565165-240567971	SBS3	3	1	0	1	0	0
1063	chr1:239565165-240567971	SBS5	3	1	4	1	0	0
1064	chr1:239565165-240567971	SBS8	3	1	5	2	0	0
1065	chr1:240567975-241470000	SBS1	3	1	1	0	0	0
1066	chr1:240567975-241470000	SBS13	3	1	1	0	0	0
1067	chr1:240567975-241470000	SBS3	3	1	1	1	0	0
1068	chr1:240567975-241470000	SBS5	3	1	14	1	0	0
1069	chr1:240567975-241470000	SBS8	3	1	8	0	0	0
1070	chr1:241470001-242004000	SBS3	3	1	2	0	0	0
1071	chr1:241470001-242004000	SBS5	3	1	3	0	1	0
1072	chr1:242004001-243045500	SBS5	3	1	10	1	0	0
1073	chr1:242004001-243045500	SBS8	3	1	1	0	0	0
1074	chr1:243045501-245392852	SBS13	3	1	1	1	0	0
1075	chr1:243045501-245392852	SBS3	3	1	3	0	0	0
1076	chr1:243045501-245392852	SBS5	3	1	13	2	0	0
1077	chr1:243045501-245392852	SBS8	3	1	0	1	0	0
1078	chr1:245392912-246838525	SBS3	3	1	3	0	0	0
1079	chr1:245392912-246838525	SBS5	3	1	10	1	0	0
1080	chr1:245392912-246838525	SBS8	3	1	6	0	0	0
1081	chr1:246845559-247500000	SBS1	3	1	1	0	0	0
1082	chr1:246845559-247500000	SBS3	3	1	1	1	0	0
1083	chr1:246845559-247500000	SBS5	3	1	3	0	0	0
1084	chr1:246845559-247500000	SBS8	3	1	1	0	0	0
1085	chr1:247500001-248294855	SBS13	3	1	2	0	0	0
1086	chr1:247500001-248294855	SBS3	3	1	2	0	0	0
1087	chr1:247500001-248294855	SBS5	3	1	3	0	1	0
1088	chr1:247500001-248294855	SBS8	3	1	4	1	0	0
1089	chr1:248294889-248956422	SBS5	3	1	2	1	0	0
1090	chr1:248294889-248956422	SBS8	3	1	1	1	0	0
1091	chr1:42156020-44750286	SBS1	1	1	1	0	0	0
1092	chr1:42156020-44750286	SBS13	1	1	2	0	0	0
1093	chr1:42156020-44750286	SBS3	1	1	4	0	0	0
1094	chr1:42156020-44750286	SBS5	1	1	8	0	0	0
1095	chr1:42156020-44750286	SBS8	1	1	4	0	0	0
1096	chr1:44750319-53566872	SBS13	1	1	2	0	0	0
1097	chr1:44750319-53566872	SBS3	1	1	9	0	0	0
1098	chr1:44750319-53566872	SBS5	1	1	38	0	0	0
1099	chr1:44750319-53566872	SBS8	1	1	10	0	0	0
1100	chr1:53567064-55181688	SBS13	1	1	1	0	0	0
1101	chr1:53567064-55181688	SBS3	1	1	1	0	0	0
1102	chr1:53567064-55181688	SBS5	1	1	4	0	0	0
1103	chr1:53567064-55181688	SBS8	1	1	3	0	0	0
1104	chr1:55182788-57892599	SBS1	1	1	2	0	0	0
1105	chr1:55182788-57892599	SBS13	1	1	1	0	0	0
1106	chr1:55182788-57892599	SBS3	1	1	1	0	0	0
1107	chr1:55182788-57892599	SBS5	1	1	9	0	0	0
1108	chr1:55182788-57892599	SBS8	1	1	5	0	0	0
1109	chr1:57892607-61085518	SBS1	1	1	1	0	0	0
1110	chr1:57892607-61085518	SBS13	1	1	1	0	0	0
1111	chr1:57892607-61085518	SBS3	1	1	6	0	0	0
1112	chr1:57892607-61085518	SBS5	1	1	8	0	0	0
1113	chr1:57892607-61085518	SBS8	1	1	9	0	0	0
1114	chr1:61085519-61149519	SBS5	2	1	1	0	0	0
1115	chr1:61149520-63018126	SBS13	1	1	1	0	0	0
1116	chr1:61149520-63018126	SBS3	1	1	2	0	0	0
1117	chr1:61149520-63018126	SBS5	1	1	2	0	0	0
1118	chr1:61149520-63018126	SBS8	1	1	1	0	0	0
1119	chr1:63018187-64716531	SBS13	1	1	3	0	0	0
1120	chr1:63018187-64716531	SBS3	1	1	1	0	0	0
1121	chr1:63018187-64716531	SBS5	1	1	3	0	0	0
1122	chr1:63018187-64716531	SBS8	1	1	1	0	0	0
1123	chr1:64716545-66168679	SBS13	1	1	1	0	0	0
1124	chr1:64716545-66168679	SBS5	1	1	4	0	0	0
1125	chr1:64716545-66168679	SBS8	1	1	1	0	0	0
1126	chr1:66168680-66212545	SBS13	2	1	1	0	0	0
1127	chr1:66168680-66212545	SBS8	2	1	1	0	0	0
1128	chr1:66212546-66345678	SBS5	1	1	1	0	0	0
1129	chr1:66345679-66399060	SBS8	2	1	1	0	0	0
1130	chr1:66399061-68196116	SBS1	1	1	2	0	0	0
1131	chr1:66399061-68196116	SBS13	1	1	3	0	0	0
1132	chr1:66399061-68196116	SBS3	1	1	2	0	0	0
1133	chr1:66399061-68196116	SBS5	1	1	9	0	0	0
1134	chr1:66399061-68196116	SBS8	1	1	5	0	0	0
1135	chr1:68196117-68215514	SBS5	2	1	1	0	0	0
1136	chr1:68196117-68215514	SBS8	2	1	1	0	0	0
1137	chr1:68215515-71267312	SBS13	1	1	5	0	0	0
1138	chr1:68215515-71267312	SBS3	1	1	2	0	0	0
1139	chr1:68215515-71267312	SBS5	1	1	9	0	0	0
1140	chr1:68215515-71267312	SBS8	1	1	9	0	0	0
1141	chr1:71270694-76309328	SBS1	1	1	2	0	0	0
1142	chr1:71270694-76309328	SBS13	1	1	2	0	0	0
1143	chr1:71270694-76309328	SBS3	1	1	2	0	0	0
1144	chr1:71270694-76309328	SBS5	1	1	15	0	0	0
1145	chr1:71270694-76309328	SBS8	1	1	10	0	0	0
1146	chr1:76309366-79632945	SBS13	1	1	1	0	0	0
1147	chr1:76309366-79632945	SBS3	1	1	4	0	0	0
1148	chr1:76309366-79632945	SBS5	1	1	7	0	0	0
1149	chr1:76309366-79632945	SBS8	1	1	5	0	0	0
1150	chr1:7693001-9657723	SBS13	1	1	2	0	0	0
1151	chr1:7693001-9657723	SBS5	1	1	5	0	0	0
1152	chr1:79632946-81096786	SBS5	1	0	2	0	0	0
1153	chr1:79632946-81096786	SBS8	1	0	3	0	0	0
1154	chr1:81099741-81726486	SBS3	1	0	1	0	0	0
1155	chr1:81099741-81726486	SBS5	1	0	2	0	0	0
1156	chr1:81726528-85297049	SBS1	1	0	1	0	0	0
1157	chr1:81726528-85297049	SBS13	1	0	1	0	0	0
1158	chr1:81726528-85297049	SBS3	1	0	5	0	0	0
1159	chr1:81726528-85297049	SBS5	1	0	7	0	0	0
1160	chr1:81726528-85297049	SBS8	1	0	2	0	0	0
1161	chr1:85297092-89883121	SBS13	1	0	2	0	0	0
1162	chr1:85297092-89883121	SBS3	1	0	5	0	0	0
1163	chr1:85297092-89883121	SBS5	1	0	9	0	0	0
1164	chr1:85297092-89883121	SBS8	1	0	4	0	0	0
1165	chr1:89883122-94792425	SBS13	1	1	1	0	0	0
1166	chr1:89883122-94792425	SBS3	1	1	5	0	0	0
1167	chr1:89883122-94792425	SBS5	1	1	18	0	0	0
1168	chr1:89883122-94792425	SBS8	1	1	6	0	0	0
1169	chr1:94792472-99651458	SBS13	1	1	1	0	0	0
1170	chr1:94792472-99651458	SBS3	1	1	5	0	0	0
1171	chr1:94792472-99651458	SBS5	1	1	13	0	0	0
1172	chr1:94792472-99651458	SBS8	1	1	7	0	0	0
1173	chr1:9658017-16628744	SBS1	1	1	1	0	0	0
1174	chr1:9658017-16628744	SBS13	1	1	2	0	0	0
1175	chr1:9658017-16628744	SBS3	1	1	5	0	0	0
1176	chr1:9658017-16628744	SBS5	1	1	19	0	0	0
1177	chr1:9658017-16628744	SBS8	1	1	6	0	0	0
1178	chr1:99651463-113570464	SBS1	1	1	1	0	0	0
1179	chr1:99651463-113570464	SBS13	1	1	2	0	0	0
1180	chr1:99651463-113570464	SBS3	1	1	12	0	0	0
1181	chr1:99651463-113570464	SBS5	1	1	36	0	0	0
1182	chr1:99651463-113570464	SBS8	1	1	29	0	0	0
1183	chr20:1-8543682	SBS1	1	1	3	0	0	0
1184	chr20:1-8543682	SBS13	1	1	5	0	0	0
1185	chr20:1-8543682	SBS3	1	1	8	0	0	0
1186	chr20:1-8543682	SBS5	1	1	22	0	0	0
1187	chr20:1-8543682	SBS8	1	1	12	0	0	0
1188	chr20:10321452-17766397	SBS1	1	1	1	0	0	0
1189	chr20:10321452-17766397	SBS13	1	1	4	0	0	0
1190	chr20:10321452-17766397	SBS3	1	1	10	0	0	0
1191	chr20:10321452-17766397	SBS5	1	1	23	0	0	0
1192	chr20:10321452-17766397	SBS8	1	1	9	0	0	0
1193	chr20:17839182-28237289	SBS1	1	1	3	0	0	0
1194	chr20:17839182-28237289	SBS13	1	1	2	0	0	0
1195	chr20:17839182-28237289	SBS3	1	1	15	0	0	0
1196	chr20:17839182-28237289	SBS5	1	1	33	0	0	0
1197	chr20:17839182-28237289	SBS8	1	1	16	0	0	0
1198	chr20:28237290-32285426	SBS1	1	1	4	0	0	0
1199	chr20:28237290-32285426	SBS13	1	1	3	0	0	0
1200	chr20:28237290-32285426	SBS3	1	1	22	0	0	0
1201	chr20:28237290-32285426	SBS5	1	1	59	0	0	0
1202	chr20:28237290-32285426	SBS8	1	1	32	0	0	0
1203	chr20:32285489-33906588	SBS3	1	1	1	0	0	0
1204	chr20:32285489-33906588	SBS5	1	1	3	0	0	0
1205	chr20:33906589-33906732	SBS5	1	0	2	0	0	0
1206	chr20:33906733-37714347	SBS1	1	1	1	0	0	0
1207	chr20:33906733-37714347	SBS3	1	1	7	0	0	0
1208	chr20:33906733-37714347	SBS5	1	1	6	0	0	0
1209	chr20:33906733-37714347	SBS8	1	1	3	0	0	0
1210	chr20:37714348-45794779	SBS13	1	0	1	0	0	0
1211	chr20:37714348-45794779	SBS3	1	0	6	0	0	0
1212	chr20:37714348-45794779	SBS5	1	0	14	0	0	0
1213	chr20:37714348-45794779	SBS8	1	0	8	0	0	0
1214	chr20:45795377-47021263	SBS5	1	0	1	0	0	0
1215	chr20:45795377-47021263	SBS8	1	0	1	0	0	0
1216	chr20:47025435-49626038	SBS3	1	0	1	0	0	0
1217	chr20:47025435-49626038	SBS5	1	0	8	0	0	0
1218	chr20:49626039-60327135	SBS1	1	0	2	0	0	0
1219	chr20:49626039-60327135	SBS13	1	0	1	0	0	0
1220	chr20:49626039-60327135	SBS3	1	0	7	0	0	0
1221	chr20:49626039-60327135	SBS5	1	0	17	0	0	0
1222	chr20:49626039-60327135	SBS8	1	0	8	0	0	0
1223	chr20:60327170-64444167	SBS3	1	0	3	0	0	0
1224	chr20:60327170-64444167	SBS5	1	0	10	0	0	0
1225	chr20:60327170-64444167	SBS8	1	0	4	0	0	0
1226	chr20:8544354-10321241	SBS13	1	1	3	0	0	0
1227	chr20:8544354-10321241	SBS3	1	1	1	0	0	0
1228	chr20:8544354-10321241	SBS5	1	1	5	0	0	0
1229	chr20:8544354-10321241	SBS8	1	1	3	0	0	0
1230	chr21:1-11890183	SBS1	1	1	2	0	0	0
1231	chr21:1-11890183	SBS13	1	1	1	0	0	0
1232	chr21:1-11890183	SBS3	1	1	7	0	0	0
1233	chr21:1-11890183	SBS5	1	1	21	0	0	0
1234	chr21:1-11890183	SBS8	1	1	7	0	0	0
1235	chr21:11890184-17955000	SBS1	1	1	3	0	0	0
1236	chr21:11890184-17955000	SBS13	1	1	1	0	0	0
1237	chr21:11890184-17955000	SBS3	1	1	3	0	0	0
1238	chr21:11890184-17955000	SBS5	1	1	16	0	0	0
1239	chr21:11890184-17955000	SBS8	1	1	12	0	0	0
1240	chr21:17955001-22620486	SBS1	1	1	1	0	0	0
1241	chr21:17955001-22620486	SBS13	1	1	2	0	0	0
1242	chr21:17955001-22620486	SBS3	1	1	8	0	0	0
1243	chr21:17955001-22620486	SBS5	1	1	21	0	0	0
1244	chr21:17955001-22620486	SBS8	1	1	10	0	0	0
1245	chr21:22621959-23441850	SBS3	1	1	1	0	0	0
1246	chr21:22621959-23441850	SBS5	1	1	5	0	0	0
1247	chr21:22621959-23441850	SBS8	1	1	1	0	0	0
1248	chr21:23442653-25254000	SBS13	1	1	1	0	0	0
1249	chr21:23442653-25254000	SBS3	1	1	2	0	0	0
1250	chr21:23442653-25254000	SBS5	1	1	12	0	0	0
1251	chr21:23442653-25254000	SBS8	1	1	7	0	0	0
1252	chr21:25254001-27685000	SBS3	1	1	4	0	0	0
1253	chr21:25254001-27685000	SBS5	1	1	8	0	0	0
1254	chr21:25254001-27685000	SBS8	1	1	1	0	0	0
1255	chr21:27685001-32685000	SBS1	1	1	1	0	0	0
1256	chr21:27685001-32685000	SBS13	1	1	2	0	0	0
1257	chr21:27685001-32685000	SBS3	1	1	3	0	0	0
1258	chr21:27685001-32685000	SBS5	1	1	15	0	0	0
1259	chr21:27685001-32685000	SBS8	1	1	7	0	0	0
1260	chr21:32703234-34070803	SBS1	1	1	1	0	0	0
1261	chr21:32703234-34070803	SBS5	1	1	5	0	0	0
1262	chr21:34070896-35105896	SBS5	1	1	4	0	0	0
1263	chr21:34070896-35105896	SBS8	1	1	2	0	0	0
1264	chr21:35105897-39803000	SBS1	2	1	1	0	0	0
1265	chr21:35105897-39803000	SBS13	2	1	1	1	0	0
1266	chr21:35105897-39803000	SBS3	2	1	7	2	0	0
1267	chr21:35105897-39803000	SBS5	2	1	18	3	0	0
1268	chr21:35105897-39803000	SBS8	2	1	9	3	0	0
1269	chr21:39803001-41080000	SBS3	2	1	1	0	0	0
1270	chr21:39803001-41080000	SBS5	2	1	4	0	0	0
1271	chr21:41080001-46709983	SBS1	2	1	3	0	0	0
1272	chr21:41080001-46709983	SBS13	2	1	1	0	0	0
1273	chr21:41080001-46709983	SBS3	2	1	12	1	0	0
1274	chr21:41080001-46709983	SBS5	2	1	18	1	0	0
1275	chr21:41080001-46709983	SBS8	2	1	6	0	0	0
1276	chr22:1-14004552	SBS1	1	0	1	0	0	0
1277	chr22:1-14004552	SBS13	1	0	1	0	0	0
1278	chr22:1-14004552	SBS3	1	0	3	0	0	0
1279	chr22:1-14004552	SBS5	1	0	15	0	0	0
1280	chr22:1-14004552	SBS8	1	0	5	0	0	0
1281	chr22:14004553-22358946	SBS1	1	0	1	0	0	0
1282	chr22:14004553-22358946	SBS13	1	0	1	0	0	0
1283	chr22:14004553-22358946	SBS3	1	0	3	0	0	0
1284	chr22:14004553-22358946	SBS5	1	0	17	0	0	0
1285	chr22:22358947-34136919	SBS1	1	1	1	0	0	0
1286	chr22:22358947-34136919	SBS13	1	1	1	0	0	0
1287	chr22:22358947-34136919	SBS3	1	1	22	0	0	0
1288	chr22:22358947-34136919	SBS5	1	1	35	0	0	0
1289	chr22:22358947-34136919	SBS8	1	1	13	0	0	0
1290	chr22:34136955-34199964	SBS5	1	1	1	0	0	0
1291	chr22:34200079-35163000	SBS1	1	1	1	0	0	0
1292	chr22:34200079-35163000	SBS13	1	1	1	0	0	0
1293	chr22:34200079-35163000	SBS5	1	1	2	0	0	0
1294	chr22:34200079-35163000	SBS8	1	1	3	0	0	0
1295	chr22:35163001-36346256	SBS13	1	1	1	0	0	0
1296	chr22:35163001-36346256	SBS3	1	1	2	0	0	0
1297	chr22:35163001-36346256	SBS5	1	1	4	0	0	0
1298	chr22:35163001-36346256	SBS8	1	1	2	0	0	0
1299	chr22:36375973-46102549	SBS1	1	1	2	0	0	0
1300	chr22:36375973-46102549	SBS13	1	1	6	0	0	0
1301	chr22:36375973-46102549	SBS3	1	1	14	0	0	0
1302	chr22:36375973-46102549	SBS5	1	1	39	0	0	0
1303	chr22:36375973-46102549	SBS8	1	1	9	0	0	0
1304	chr22:46309260-48842840	SBS13	1	0	1	0	0	0
1305	chr22:46309260-48842840	SBS5	1	0	5	0	0	0
1306	chr22:46309260-48842840	SBS8	1	0	1	0	0	0
1307	chr22:48853265-50125412	SBS3	1	0	2	0	0	0
1308	chr22:48853265-50125412	SBS5	1	0	2	0	0	0
1309	chr2:1-14697206	SBS1	1	0	3	0	0	0
1310	chr2:1-14697206	SBS3	1	0	7	0	0	0
1311	chr2:1-14697206	SBS5	1	0	21	0	0	0
1312	chr2:1-14697206	SBS8	1	0	17	0	0	0
1313	chr2:101549196-103004730	SBS3	1	0	3	0	0	0
1314	chr2:101549196-103004730	SBS5	1	0	2	0	0	0
1315	chr2:101549196-103004730	SBS8	1	0	1	0	0	0
1316	chr2:103004869-121134981	SBS1	1	0	3	0	0	0
1317	chr2:103004869-121134981	SBS13	1	0	4	0	0	0
1318	chr2:103004869-121134981	SBS3	1	0	5	0	0	0
1319	chr2:103004869-121134981	SBS5	1	0	35	0	0	0
1320	chr2:103004869-121134981	SBS8	1	0	23	0	0	0
1321	chr2:121152200-141612965	SBS1	1	0	1	0	0	0
1322	chr2:121152200-141612965	SBS13	1	0	6	0	0	0
1323	chr2:121152200-141612965	SBS3	1	0	22	0	0	0
1324	chr2:121152200-141612965	SBS5	1	0	65	0	0	0
1325	chr2:121152200-141612965	SBS8	1	0	18	0	0	0
1326	chr2:141624665-146167074	SBS13	1	0	1	0	0	0
1327	chr2:141624665-146167074	SBS3	1	0	3	0	0	0
1328	chr2:141624665-146167074	SBS5	1	0	3	0	0	0
1329	chr2:141624665-146167074	SBS8	1	0	5	0	0	0
1330	chr2:146171145-146756872	SBS3	1	0	2	0	0	0
1331	chr2:146171145-146756872	SBS5	1	0	1	0	0	0
1332	chr2:146171145-146756872	SBS8	1	0	1	0	0	0
1333	chr2:146756979-148218383	SBS5	1	0	4	0	0	0
1334	chr2:146756979-148218383	SBS8	1	0	1	0	0	0
1335	chr2:14701947-17300547	SBS3	1	0	5	0	0	0
1336	chr2:14701947-17300547	SBS5	1	0	7	0	0	0
1337	chr2:14701947-17300547	SBS8	1	0	5	0	0	0
1338	chr2:148218465-148698213	SBS3	1	0	3	0	0	0
1339	chr2:148218465-148698213	SBS5	1	0	2	0	0	0
1340	chr2:151185652-152782000	SBS8	1	0	1	0	0	0
1341	chr2:152782001-155794000	SBS13	1	0	1	0	0	0
1342	chr2:152782001-155794000	SBS3	1	0	1	0	0	0
1343	chr2:152782001-155794000	SBS5	1	0	5	0	0	0
1344	chr2:152782001-155794000	SBS8	1	0	6	0	0	0
1345	chr2:155794001-163277000	SBS1	1	1	1	0	0	0
1346	chr2:155794001-163277000	SBS13	1	1	5	0	0	0
1347	chr2:155794001-163277000	SBS3	1	1	2	0	0	0
1348	chr2:155794001-163277000	SBS5	1	1	13	0	0	0
1349	chr2:155794001-163277000	SBS8	1	1	6	0	0	0
1350	chr2:163277001-163698000	SBS5	2	1	2	0	0	0
1351	chr2:163277001-163698000	SBS8	2	1	3	0	0	0
1352	chr2:163698001-165653648	SBS3	1	1	2	0	0	0
1353	chr2:163698001-165653648	SBS5	1	1	5	0	0	0
1354	chr2:163698001-165653648	SBS8	1	1	5	0	0	0
1355	chr2:165656992-186694000	SBS1	1	1	3	0	0	0
1356	chr2:165656992-186694000	SBS13	1	1	9	0	0	0
1357	chr2:165656992-186694000	SBS3	1	1	24	0	0	0
1358	chr2:165656992-186694000	SBS5	1	1	73	0	0	0
1359	chr2:165656992-186694000	SBS8	1	1	31	0	0	0
1360	chr2:17304747-18842354	SBS13	1	0	1	0	0	0
1361	chr2:17304747-18842354	SBS3	1	0	4	0	0	0
1362	chr2:17304747-18842354	SBS5	1	0	2	0	0	0
1363	chr2:17304747-18842354	SBS8	1	0	1	0	0	0
1364	chr2:186694001-187309418	SBS5	1	1	1	0	0	0
1365	chr2:186694001-187309418	SBS8	1	1	2	0	0	0
1366	chr2:187309629-189047000	SBS3	1	1	2	0	0	0
1367	chr2:187309629-189047000	SBS5	1	1	4	0	0	0
1368	chr2:187309629-189047000	SBS8	1	1	2	0	0	0
1369	chr2:18847354-22714174	SBS3	1	0	1	0	0	0
1370	chr2:18847354-22714174	SBS5	1	0	6	0	0	0
1371	chr2:18847354-22714174	SBS8	1	0	1	0	0	0
1372	chr2:189047001-190694389	SBS13	1	1	4	0	0	0
1373	chr2:189047001-190694389	SBS3	1	1	3	0	0	0
1374	chr2:189047001-190694389	SBS5	1	1	3	0	0	0
1375	chr2:189047001-190694389	SBS8	1	1	2	0	0	0
1376	chr2:190697602-191056000	SBS3	1	1	1	0	0	0
1377	chr2:190697602-191056000	SBS5	1	1	1	0	0	0
1378	chr2:191056001-196131000	SBS1	1	1	1	0	0	0
1379	chr2:191056001-196131000	SBS13	1	1	2	0	0	0
1380	chr2:191056001-196131000	SBS3	1	1	5	0	0	0
1381	chr2:191056001-196131000	SBS5	1	1	26	0	0	0
1382	chr2:191056001-196131000	SBS8	1	1	7	0	0	0
1383	chr2:196305001-199661500	SBS1	1	1	1	0	0	0
1384	chr2:196305001-199661500	SBS13	1	1	1	0	0	0
1385	chr2:196305001-199661500	SBS3	1	1	4	0	0	0
1386	chr2:196305001-199661500	SBS5	1	1	8	0	0	0
1387	chr2:196305001-199661500	SBS8	1	1	7	0	0	0
1388	chr2:199661501-202053889	SBS1	1	1	1	0	0	0
1389	chr2:199661501-202053889	SBS13	1	1	1	0	0	0
1390	chr2:199661501-202053889	SBS3	1	1	2	0	0	0
1391	chr2:199661501-202053889	SBS5	1	1	5	0	0	0
1392	chr2:199661501-202053889	SBS8	1	1	5	0	0	0
1393	chr2:202053924-202209316	SBS5	1	1	1	0	0	0
1394	chr2:202259541-216272957	SBS1	1	0	1	0	0	0
1395	chr2:202259541-216272957	SBS13	1	0	4	0	0	0
1396	chr2:202259541-216272957	SBS3	1	0	13	0	0	0
1397	chr2:202259541-216272957	SBS5	1	0	27	0	0	0
1398	chr2:202259541-216272957	SBS8	1	0	17	0	0	0
1399	chr2:216272999-218149927	SBS13	1	0	1	0	0	0
1400	chr2:216272999-218149927	SBS3	1	0	5	0	0	0
1401	chr2:216272999-218149927	SBS5	1	0	5	0	0	0
1402	chr2:218149928-219240325	SBS3	2	0	5	0	0	0
1403	chr2:218149928-219240325	SBS5	2	0	3	0	0	0
1404	chr2:218149928-219240325	SBS8	2	0	2	0	0	0
1405	chr2:219240326-231321167	SBS13	2	0	4	0	0	0
1406	chr2:219240326-231321167	SBS3	2	0	10	1	0	0
1407	chr2:219240326-231321167	SBS5	2	0	38	6	0	0
1408	chr2:219240326-231321167	SBS8	2	0	23	0	0	0
1409	chr2:22714322-27247067	SBS1	1	0	2	0	0	0
1410	chr2:22714322-27247067	SBS3	1	0	8	0	0	0
1411	chr2:22714322-27247067	SBS5	1	0	11	0	0	0
1412	chr2:22714322-27247067	SBS8	1	0	4	0	0	0
1413	chr2:231327616-231456000	SBS5	2	0	1	0	0	0
1414	chr2:231713001-233633299	SBS1	2	0	1	0	0	0
1415	chr2:231713001-233633299	SBS13	2	0	2	0	0	0
1416	chr2:231713001-233633299	SBS3	2	0	6	2	0	0
1417	chr2:231713001-233633299	SBS5	2	0	12	0	0	0
1418	chr2:231713001-233633299	SBS8	2	0	3	0	0	0
1419	chr2:233633300-242193529	SBS1	1	0	1	0	0	0
1420	chr2:233633300-242193529	SBS13	1	0	3	0	0	0
1421	chr2:233633300-242193529	SBS3	1	0	7	0	0	0
1422	chr2:233633300-242193529	SBS5	1	0	10	0	0	0
1423	chr2:233633300-242193529	SBS8	1	0	4	0	0	0
1424	chr2:27247118-29648266	SBS13	1	0	2	0	0	0
1425	chr2:27247118-29648266	SBS5	1	0	2	0	0	0
1426	chr2:29648450-36544251	SBS1	1	0	1	0	0	0
1427	chr2:29648450-36544251	SBS13	1	0	1	0	0	0
1428	chr2:29648450-36544251	SBS3	1	0	2	0	0	0
1429	chr2:29648450-36544251	SBS5	1	0	17	0	0	0
1430	chr2:29648450-36544251	SBS8	1	0	8	0	0	0
1431	chr2:36571505-38471581	SBS3	1	0	3	0	0	0
1432	chr2:36571505-38471581	SBS5	1	0	4	0	0	0
1433	chr2:36571505-38471581	SBS8	1	0	1	0	0	0
1434	chr2:38471582-38730741	SBS13	1	1	1	0	0	0
1435	chr2:38471582-38730741	SBS3	1	1	1	0	0	0
1436	chr2:38471582-38730741	SBS5	1	1	2	0	0	0
1437	chr2:38471582-38730741	SBS8	1	1	1	0	0	0
1438	chr2:38748435-39792000	SBS13	1	1	2	0	0	0
1439	chr2:38748435-39792000	SBS5	1	1	4	0	0	0
1440	chr2:38748435-39792000	SBS8	1	1	1	0	0	0
1441	chr2:39792001-41835000	SBS3	1	1	4	0	0	0
1442	chr2:39792001-41835000	SBS5	1	1	4	0	0	0
1443	chr2:39792001-41835000	SBS8	1	1	7	0	0	0
1444	chr2:41835001-43226000	SBS5	1	1	1	0	0	0
1445	chr2:43226001-44912273	SBS13	1	0	2	0	0	0
1446	chr2:43226001-44912273	SBS3	1	0	2	0	0	0
1447	chr2:43226001-44912273	SBS8	1	0	1	0	0	0
1448	chr2:44912274-47136801	SBS3	1	1	1	0	0	0
1449	chr2:44912274-47136801	SBS5	1	1	7	0	0	0
1450	chr2:44912274-47136801	SBS8	1	1	2	0	0	0
1451	chr2:47168493-47488000	SBS3	1	1	1	0	0	0
1452	chr2:47168493-47488000	SBS5	1	1	2	0	0	0
1453	chr2:47665001-50403627	SBS3	2	1	2	0	0	0
1454	chr2:47665001-50403627	SBS5	2	1	18	2	0	0
1455	chr2:47665001-50403627	SBS8	2	1	6	2	0	0
1456	chr2:50403628-52113256	SBS3	1	1	1	0	0	0
1457	chr2:50403628-52113256	SBS5	1	1	5	0	0	0
1458	chr2:50403628-52113256	SBS8	1	1	6	0	0	0
1459	chr2:52132711-53088250	SBS3	1	1	1	0	0	0
1460	chr2:52132711-53088250	SBS5	1	1	1	0	0	0
1461	chr2:52132711-53088250	SBS8	1	1	4	0	0	0
1462	chr2:53096501-53641000	SBS3	1	1	1	0	0	0
1463	chr2:53096501-53641000	SBS5	1	1	3	0	0	0
1464	chr2:53641001-56026000	SBS1	1	1	1	0	0	0
1465	chr2:53641001-56026000	SBS13	1	1	1	0	0	0
1466	chr2:53641001-56026000	SBS3	1	1	1	0	0	0
1467	chr2:53641001-56026000	SBS5	1	1	8	0	0	0
1468	chr2:53641001-56026000	SBS8	1	1	1	0	0	0
1469	chr2:56026001-60208000	SBS13	1	1	4	0	0	0
1470	chr2:56026001-60208000	SBS3	1	1	5	0	0	0
1471	chr2:56026001-60208000	SBS5	1	1	14	0	0	0
1472	chr2:56026001-60208000	SBS8	1	1	5	0	0	0
1473	chr2:60208001-61864512	SBS1	1	1	1	0	0	0
1474	chr2:60208001-61864512	SBS13	1	1	2	0	0	0
1475	chr2:60208001-61864512	SBS3	1	1	4	0	0	0
1476	chr2:60208001-61864512	SBS5	1	1	6	0	0	0
1477	chr2:60208001-61864512	SBS8	1	1	1	0	0	0
1478	chr2:61880036-63838631	SBS1	1	1	2	0	0	0
1479	chr2:61880036-63838631	SBS13	1	1	2	0	0	0
1480	chr2:61880036-63838631	SBS3	1	1	2	0	0	0
1481	chr2:61880036-63838631	SBS5	1	1	5	0	0	0
1482	chr2:61880036-63838631	SBS8	1	1	2	0	0	0
1483	chr2:63838632-63838842	SBS8	1	0	1	0	0	0
1484	chr2:63838843-74166339	SBS1	1	1	3	0	0	0
1485	chr2:63838843-74166339	SBS13	1	1	4	0	0	0
1486	chr2:63838843-74166339	SBS3	1	1	11	0	0	0
1487	chr2:63838843-74166339	SBS5	1	1	29	0	0	0
1488	chr2:63838843-74166339	SBS8	1	1	10	0	0	0
1489	chr2:74166474-75729000	SBS5	1	1	5	0	0	0
1490	chr2:74166474-75729000	SBS8	1	1	2	0	0	0
1491	chr2:75729001-82597408	SBS13	1	1	4	0	0	0
1492	chr2:75729001-82597408	SBS3	1	1	11	0	0	0
1493	chr2:75729001-82597408	SBS5	1	1	24	0	0	0
1494	chr2:75729001-82597408	SBS8	1	1	20	0	0	0
1495	chr2:82597455-83922000	SBS1	1	1	1	0	0	0
1496	chr2:82597455-83922000	SBS3	1	1	1	0	0	0
1497	chr2:82597455-83922000	SBS5	1	1	4	0	0	0
1498	chr2:82597455-83922000	SBS8	1	1	7	0	0	0
1499	chr2:83922001-88968490	SBS13	1	1	2	0	0	0
1500	chr2:83922001-88968490	SBS3	1	1	10	0	0	0
1501	chr2:83922001-88968490	SBS5	1	1	14	0	0	0
1502	chr2:83922001-88968490	SBS8	1	1	4	0	0	0
1503	chr2:88973204-93139350	SBS1	1	1	1	0	0	0
1504	chr2:88973204-93139350	SBS13	1	1	1	0	0	0
1505	chr2:88973204-93139350	SBS3	1	1	2	0	0	0
1506	chr2:88973204-93139350	SBS5	1	1	7	0	0	0
1507	chr2:88973204-93139350	SBS8	1	1	5	0	0	0
1508	chr2:93139351-101549148	SBS1	1	0	1	0	0	0
1509	chr2:93139351-101549148	SBS13	1	0	3	0	0	0
1510	chr2:93139351-101549148	SBS3	1	0	5	0	0	0
1511	chr2:93139351-101549148	SBS5	1	0	14	0	0	0
1512	chr2:93139351-101549148	SBS8	1	0	9	0	0	0
1513	chr3:1-3900377	SBS13	2	0	1	0	0	0
1514	chr3:1-3900377	SBS3	2	0	2	0	0	0
1515	chr3:1-3900377	SBS5	2	0	10	1	0	0
1516	chr3:1-3900377	SBS8	2	0	9	2	0	0
1517	chr3:100918602-111015231	SBS1	1	1	1	0	0	0
1518	chr3:100918602-111015231	SBS13	1	1	3	0	0	0
1519	chr3:100918602-111015231	SBS3	1	1	11	0	0	0
1520	chr3:100918602-111015231	SBS5	1	1	38	0	0	0
1521	chr3:100918602-111015231	SBS8	1	1	20	0	0	0
1522	chr3:111015264-112971000	SBS3	1	1	2	0	0	0
1523	chr3:111015264-112971000	SBS5	1	1	5	0	0	0
1524	chr3:111015264-112971000	SBS8	1	1	8	0	0	0
1525	chr3:112971001-113902424	SBS3	1	1	1	0	0	0
1526	chr3:112971001-113902424	SBS5	1	1	4	0	0	0
1527	chr3:113902425-113902614	SBS8	1	1	1	0	0	0
1528	chr3:113902615-115252000	SBS13	1	1	1	0	0	0
1529	chr3:113902615-115252000	SBS3	1	1	1	0	0	0
1530	chr3:113902615-115252000	SBS5	1	1	1	0	0	0
1531	chr3:115252001-119277957	SBS1	1	1	1	0	0	0
1532	chr3:115252001-119277957	SBS5	1	1	22	0	0	0
1533	chr3:115252001-119277957	SBS8	1	1	8	0	0	0
1534	chr3:119277958-121040232	SBS13	2	1	2	0	0	0
1535	chr3:119277958-121040232	SBS5	2	1	8	0	0	0
1536	chr3:119277958-121040232	SBS8	2	1	0	2	0	0
1537	chr3:121045019-122624273	SBS13	2	1	2	1	0	0
1538	chr3:121045019-122624273	SBS3	2	1	2	0	0	0
1539	chr3:121045019-122624273	SBS5	2	1	4	0	0	0
1540	chr3:121045019-122624273	SBS8	2	1	1	0	0	0
1541	chr3:122624307-123639704	SBS3	2	1	2	0	0	0
1542	chr3:122624307-123639704	SBS5	2	1	7	1	0	0
1543	chr3:122624307-123639704	SBS8	2	1	1	0	0	0
1544	chr3:123639738-125353243	SBS13	2	1	1	0	0	0
1545	chr3:123639738-125353243	SBS5	2	1	5	0	0	0
1546	chr3:123639738-125353243	SBS8	2	1	5	0	0	0
1547	chr3:125353250-125353555	SBS5	2	1	1	0	0	0
1548	chr3:125354630-126086392	SBS13	2	1	1	0	0	0
1549	chr3:125354630-126086392	SBS3	2	1	4	0	0	0
1550	chr3:125354630-126086392	SBS5	2	1	4	1	0	0
1551	chr3:125354630-126086392	SBS8	2	1	1	0	0	0
1552	chr3:126086427-127643969	SBS1	2	1	1	0	0	0
1553	chr3:126086427-127643969	SBS5	2	1	6	0	0	0
1554	chr3:126086427-127643969	SBS8	2	1	2	0	0	0
1555	chr3:127643970-128437315	SBS5	2	1	1	0	0	0
1556	chr3:127643970-128437315	SBS8	2	1	2	0	0	0
1557	chr3:12812271-14085821	SBS3	2	0	2	0	0	0
1558	chr3:12812271-14085821	SBS5	2	0	4	1	0	0
1559	chr3:12812271-14085821	SBS8	2	0	2	0	0	0
1560	chr3:128441548-128697593	SBS3	2	1	2	0	0	0
1561	chr3:128441548-128697593	SBS5	2	1	1	0	0	0
1562	chr3:128697594-132513481	SBS1	2	1	1	0	0	0
1563	chr3:128697594-132513481	SBS3	2	1	6	0	0	0
1564	chr3:128697594-132513481	SBS5	2	1	12	1	0	0
1565	chr3:128697594-132513481	SBS8	2	1	3	0	0	0
1566	chr3:132522382-132858273	SBS1	2	1	1	0	0	0
1567	chr3:132858274-132866042	SBS8	1	0	1	0	0	0
1568	chr3:132866043-134638000	SBS13	2	1	2	0	0	0
1569	chr3:132866043-134638000	SBS3	2	1	2	2	0	0
1570	chr3:132866043-134638000	SBS5	2	1	6	1	0	0
1571	chr3:132866043-134638000	SBS8	2	1	1	0	0	0
1572	chr3:134638001-135172783	SBS3	2	0	1	0	0	0
1573	chr3:134638001-135172783	SBS5	2	0	0	1	0	0
1574	chr3:135172944-139868076	SBS13	2	0	2	0	0	0
1575	chr3:135172944-139868076	SBS3	2	0	6	1	0	0
1576	chr3:135172944-139868076	SBS5	2	0	8	1	0	0
1577	chr3:135172944-139868076	SBS8	2	0	9	0	0	0
1578	chr3:139868086-148697000	SBS1	2	0	1	0	0	0
1579	chr3:139868086-148697000	SBS13	2	0	2	0	0	0
1580	chr3:139868086-148697000	SBS3	2	0	10	0	0	0
1581	chr3:139868086-148697000	SBS5	2	0	33	1	0	0
1582	chr3:139868086-148697000	SBS8	2	0	16	0	0	0
1583	chr3:14093905-15865326	SBS3	2	0	2	0	0	0
1584	chr3:14093905-15865326	SBS5	2	0	4	1	0	0
1585	chr3:14093905-15865326	SBS8	2	0	7	0	0	0
1586	chr3:148697001-150770000	SBS1	2	0	1	0	0	0
1587	chr3:148697001-150770000	SBS13	2	0	1	0	0	0
1588	chr3:148697001-150770000	SBS3	2	0	3	0	0	0
1589	chr3:148697001-150770000	SBS5	2	0	8	0	0	0
1590	chr3:148697001-150770000	SBS8	2	0	5	0	0	0
1591	chr3:150770001-151892624	SBS3	2	0	2	0	0	0
1592	chr3:150770001-151892624	SBS5	2	0	2	0	0	0
1593	chr3:150770001-151892624	SBS8	2	0	1	0	0	0
1594	chr3:151892658-160661605	SBS13	2	0	2	0	0	0
1595	chr3:151892658-160661605	SBS3	2	0	10	0	0	0
1596	chr3:151892658-160661605	SBS5	2	0	22	3	0	0
1597	chr3:151892658-160661605	SBS8	2	0	8	0	0	0
1598	chr3:15867694-38806506	SBS1	1	0	3	0	0	0
1599	chr3:15867694-38806506	SBS13	1	0	4	0	0	0
1600	chr3:15867694-38806506	SBS3	1	0	15	0	0	0
1601	chr3:15867694-38806506	SBS5	1	0	43	0	0	0
1602	chr3:15867694-38806506	SBS8	1	0	21	0	0	0
1603	chr3:160661655-161463000	SBS3	2	0	2	0	0	0
1604	chr3:160661655-161463000	SBS5	2	0	1	0	0	0
1605	chr3:161463001-164929030	SBS13	2	0	2	0	0	0
1606	chr3:161463001-164929030	SBS3	2	0	2	1	0	0
1607	chr3:161463001-164929030	SBS5	2	0	14	1	0	0
1608	chr3:161463001-164929030	SBS8	2	0	9	1	0	0
1609	chr3:164929034-169759000	SBS1	2	0	2	0	0	0
1610	chr3:164929034-169759000	SBS13	2	0	3	0	0	0
1611	chr3:164929034-169759000	SBS3	2	0	2	0	0	0
1612	chr3:164929034-169759000	SBS5	2	0	5	1	0	0
1613	chr3:164929034-169759000	SBS8	2	0	11	3	0	0
1614	chr3:169759001-171847588	SBS13	2	1	1	0	0	0
1615	chr3:169759001-171847588	SBS3	2	1	4	0	0	0
1616	chr3:169759001-171847588	SBS5	2	1	5	1	0	0
1617	chr3:169759001-171847588	SBS8	2	1	4	0	0	0
1618	chr3:171850156-172211000	SBS3	2	1	2	1	0	0
1619	chr3:171850156-172211000	SBS5	2	1	4	0	0	0
1620	chr3:172211001-172818000	SBS1	2	1	0	1	0	0
1621	chr3:172211001-172818000	SBS13	2	1	2	0	0	0
1622	chr3:172211001-172818000	SBS3	2	1	1	0	0	0
1623	chr3:172211001-172818000	SBS5	2	1	1	0	0	0
1624	chr3:172818001-176735000	SBS13	2	1	1	0	0	0
1625	chr3:172818001-176735000	SBS3	2	1	3	2	0	0
1626	chr3:172818001-176735000	SBS5	2	1	13	0	0	0
1627	chr3:172818001-176735000	SBS8	2	1	9	1	0	0
1628	chr3:176735001-177816060	SBS13	2	1	1	0	0	0
1629	chr3:176735001-177816060	SBS3	2	1	2	1	0	0
1630	chr3:176735001-177816060	SBS5	2	1	5	0	0	0
1631	chr3:176735001-177816060	SBS8	2	1	2	0	0	0
1632	chr3:177820796-178445000	SBS3	2	1	2	0	0	0
1633	chr3:177820796-178445000	SBS5	2	1	0	1	0	0
1634	chr3:177820796-178445000	SBS8	2	1	1	0	0	0
1635	chr3:178445001-179039464	SBS13	2	1	1	0	0	0
1636	chr3:178445001-179039464	SBS5	2	1	1	1	0	0
1637	chr3:178445001-179039464	SBS8	2	1	2	1	0	0
1638	chr3:179042750-179827000	SBS5	2	1	2	1	0	0
1639	chr3:179827001-181909312	SBS13	2	1	1	0	0	0
1640	chr3:179827001-181909312	SBS3	2	1	4	1	0	0
1641	chr3:179827001-181909312	SBS5	2	1	5	0	0	0
1642	chr3:179827001-181909312	SBS8	2	1	6	0	0	0
1643	chr3:181909313-182135034	SBS5	1	1	1	0	0	0
1644	chr3:182138525-184651884	SBS1	1	1	1	0	0	0
1645	chr3:182138525-184651884	SBS3	1	1	2	0	0	0
1646	chr3:182138525-184651884	SBS5	1	1	6	0	0	0
1647	chr3:182138525-184651884	SBS8	1	1	3	0	0	0
1648	chr3:184651985-187297422	SBS13	1	1	1	0	0	0
1649	chr3:184651985-187297422	SBS3	1	1	1	0	0	0
1650	chr3:184651985-187297422	SBS5	1	1	4	0	0	0
1651	chr3:184651985-187297422	SBS8	1	1	4	0	0	0
1652	chr3:187297480-195763468	SBS1	1	1	1	0	0	0
1653	chr3:187297480-195763468	SBS13	1	1	4	0	0	0
1654	chr3:187297480-195763468	SBS3	1	1	3	0	0	0
1655	chr3:187297480-195763468	SBS5	1	1	21	0	0	0
1656	chr3:187297480-195763468	SBS8	1	1	7	0	0	0
1657	chr3:195763469-196343567	SBS3	1	1	3	0	0	0
1658	chr3:195763469-196343567	SBS5	1	1	1	0	0	0
1659	chr3:195763469-196343567	SBS8	1	1	1	0	0	0
1660	chr3:196343568-198295559	SBS1	1	1	1	0	0	0
1661	chr3:196343568-198295559	SBS5	1	1	5	0	0	0
1662	chr3:196343568-198295559	SBS8	1	1	3	0	0	0
1663	chr3:38806551-41485588	SBS3	1	0	2	0	0	0
1664	chr3:38806551-41485588	SBS5	1	0	3	0	0	0
1665	chr3:38806551-41485588	SBS8	1	0	3	0	0	0
1666	chr3:3900781-5230000	SBS3	2	0	1	0	0	0
1667	chr3:3900781-5230000	SBS5	2	0	1	0	0	0
1668	chr3:3900781-5230000	SBS8	2	0	1	0	0	0
1669	chr3:41485634-55194814	SBS1	1	0	1	0	0	0
1670	chr3:41485634-55194814	SBS13	1	0	5	0	0	0
1671	chr3:41485634-55194814	SBS3	1	0	7	0	0	0
1672	chr3:41485634-55194814	SBS5	1	0	31	0	0	0
1673	chr3:41485634-55194814	SBS8	1	0	12	0	0	0
1674	chr3:5230001-6523783	SBS1	2	0	0	1	0	0
1675	chr3:5230001-6523783	SBS5	2	0	3	1	0	0
1676	chr3:5230001-6523783	SBS8	2	0	4	2	0	0
1677	chr3:55194815-68400704	SBS1	1	1	2	0	0	0
1678	chr3:55194815-68400704	SBS13	1	1	4	0	0	0
1679	chr3:55194815-68400704	SBS3	1	1	13	0	0	0
1680	chr3:55194815-68400704	SBS5	1	1	29	0	0	0
1681	chr3:55194815-68400704	SBS8	1	1	18	0	0	0
1682	chr3:6523860-8895000	SBS1	2	0	1	0	0	0
1683	chr3:6523860-8895000	SBS13	2	0	1	0	0	0
1684	chr3:6523860-8895000	SBS3	2	0	3	1	0	0
1685	chr3:6523860-8895000	SBS5	2	0	8	1	0	0
1686	chr3:6523860-8895000	SBS8	2	0	3	0	0	0
1687	chr3:68400705-68849513	SBS5	2	1	3	0	0	0
1688	chr3:68849514-73896626	SBS1	1	1	1	0	0	0
1689	chr3:68849514-73896626	SBS13	1	1	3	0	0	0
1690	chr3:68849514-73896626	SBS3	1	1	4	0	0	0
1691	chr3:68849514-73896626	SBS5	1	1	15	0	0	0
1692	chr3:68849514-73896626	SBS8	1	1	5	0	0	0
1693	chr3:73896636-76696524	SBS1	1	1	1	0	0	0
1694	chr3:73896636-76696524	SBS13	1	1	1	0	0	0
1695	chr3:73896636-76696524	SBS3	1	1	7	0	0	0
1696	chr3:73896636-76696524	SBS5	1	1	13	0	0	0
1697	chr3:73896636-76696524	SBS8	1	1	6	0	0	0
1698	chr3:76696525-76696650	SBS5	1	1	1	0	0	0
1699	chr3:76696651-76813651	SBS5	1	0	1	0	0	0
1700	chr3:76813684-78612376	SBS13	1	0	1	0	0	0
1701	chr3:76813684-78612376	SBS3	1	0	3	0	0	0
1702	chr3:76813684-78612376	SBS5	1	0	8	0	0	0
1703	chr3:76813684-78612376	SBS8	1	0	8	0	0	0
1704	chr3:78612977-79288710	SBS1	1	1	2	0	0	0
1705	chr3:78612977-79288710	SBS5	1	1	3	0	0	0
1706	chr3:78612977-79288710	SBS8	1	1	3	0	0	0
1707	chr3:79288711-79288713	SBS8	1	0	1	0	0	0
1708	chr3:79288714-79435727	SBS5	1	1	1	0	0	0
1709	chr3:79435728-79435733	SBS5	1	0	1	0	0	0
1710	chr3:79435734-79435761	SBS5	1	0	1	0	0	0
1711	chr3:79435762-80390000	SBS3	1	0	1	0	0	0
1712	chr3:79435762-80390000	SBS5	1	0	1	0	0	0
1713	chr3:80390001-82175000	SBS13	1	1	1	0	0	0
1714	chr3:80390001-82175000	SBS3	1	1	4	0	0	0
1715	chr3:80390001-82175000	SBS5	1	1	6	0	0	0
1716	chr3:80390001-82175000	SBS8	1	1	10	0	0	0
1717	chr3:82175001-92214015	SBS1	1	1	3	0	0	0
1718	chr3:82175001-92214015	SBS13	1	1	8	0	0	0
1719	chr3:82175001-92214015	SBS3	1	1	23	0	0	0
1720	chr3:82175001-92214015	SBS5	1	1	82	0	0	0
1721	chr3:82175001-92214015	SBS8	1	1	56	0	0	0
1722	chr3:8895001-9836688	SBS3	2	0	2	0	0	0
1723	chr3:8895001-9836688	SBS5	2	0	4	0	0	0
1724	chr3:8895001-9836688	SBS8	2	0	1	0	0	0
1725	chr3:92214016-97718000	SBS3	1	1	1	0	0	0
1726	chr3:92214016-97718000	SBS5	1	1	16	0	0	0
1727	chr3:92214016-97718000	SBS8	1	1	7	0	0	0
1728	chr3:97718001-100914582	SBS3	1	1	4	0	0	0
1729	chr3:97718001-100914582	SBS5	1	1	16	0	0	0
1730	chr3:97718001-100914582	SBS8	1	1	4	0	0	0
1731	chr3:9836689-12812227	SBS13	2	0	1	0	0	0
1732	chr3:9836689-12812227	SBS3	2	0	5	2	0	0
1733	chr3:9836689-12812227	SBS5	2	0	13	0	0	0
1734	chr3:9836689-12812227	SBS8	2	0	1	1	0	0
1735	chr4:1-6367103	SBS13	1	0	1	0	0	0
1736	chr4:1-6367103	SBS3	1	0	9	0	0	0
1737	chr4:1-6367103	SBS5	1	0	11	0	0	0
1738	chr4:1-6367103	SBS8	1	0	4	0	0	0
1739	chr4:102935187-106342303	SBS1	1	0	1	0	0	0
1740	chr4:102935187-106342303	SBS13	1	0	1	0	0	0
1741	chr4:102935187-106342303	SBS3	1	0	5	0	0	0
1742	chr4:102935187-106342303	SBS5	1	0	10	0	0	0
1743	chr4:102935187-106342303	SBS8	1	0	7	0	0	0
1744	chr4:10541724-14970801	SBS3	1	0	2	0	0	0
1745	chr4:10541724-14970801	SBS5	1	0	5	0	0	0
1746	chr4:10541724-14970801	SBS8	1	0	2	0	0	0
1747	chr4:106349445-108015056	SBS13	1	0	2	0	0	0
1748	chr4:106349445-108015056	SBS3	1	0	3	0	0	0
1749	chr4:106349445-108015056	SBS5	1	0	4	0	0	0
1750	chr4:108016026-113708910	SBS1	1	0	1	0	0	0
1751	chr4:108016026-113708910	SBS13	1	0	1	0	0	0
1752	chr4:108016026-113708910	SBS3	1	0	3	0	0	0
1753	chr4:108016026-113708910	SBS5	1	0	17	0	0	0
1754	chr4:108016026-113708910	SBS8	1	0	11	0	0	0
1755	chr4:113711172-126994101	SBS1	1	0	2	0	0	0
1756	chr4:113711172-126994101	SBS13	1	0	5	0	0	0
1757	chr4:113711172-126994101	SBS3	1	0	6	0	0	0
1758	chr4:113711172-126994101	SBS5	1	0	36	0	0	0
1759	chr4:113711172-126994101	SBS8	1	0	16	0	0	0
1760	chr4:126994136-128267397	SBS5	1	0	3	0	0	0
1761	chr4:126994136-128267397	SBS8	1	0	3	0	0	0
1762	chr4:128272413-153721331	SBS1	1	0	4	0	0	0
1763	chr4:128272413-153721331	SBS13	1	0	9	0	0	0
1764	chr4:128272413-153721331	SBS3	1	0	20	0	0	0
1765	chr4:128272413-153721331	SBS5	1	0	53	0	0	0
1766	chr4:128272413-153721331	SBS8	1	0	22	0	0	0
1767	chr4:14970835-16215370	SBS13	1	0	1	0	0	0
1768	chr4:14970835-16215370	SBS5	1	0	4	0	0	0
1769	chr4:14970835-16215370	SBS8	1	0	1	0	0	0
1770	chr4:153728002-155449106	SBS5	1	0	3	0	0	0
1771	chr4:155449141-157089000	SBS1	2	0	0	1	0	0
1772	chr4:155449141-157089000	SBS3	2	0	2	1	0	0
1773	chr4:155449141-157089000	SBS5	2	0	6	0	0	0
1774	chr4:157089001-166521899	SBS1	1	0	1	0	0	0
1775	chr4:157089001-166521899	SBS3	1	0	7	0	0	0
1776	chr4:157089001-166521899	SBS5	1	0	16	0	0	0
1777	chr4:157089001-166521899	SBS8	1	0	23	0	0	0
1778	chr4:16248822-22198350	SBS1	1	0	1	0	0	0
1779	chr4:16248822-22198350	SBS3	1	0	3	0	0	0
1780	chr4:16248822-22198350	SBS5	1	0	14	0	0	0
1781	chr4:16248822-22198350	SBS8	1	0	11	0	0	0
1782	chr4:166521900-167021639	SBS3	2	0	1	0	0	0
1783	chr4:166521900-167021639	SBS5	2	0	2	0	0	0
1784	chr4:167021640-167516277	SBS3	1	0	2	0	0	0
1785	chr4:167021640-167516277	SBS5	1	0	3	0	0	0
1786	chr4:167021640-167516277	SBS8	1	0	2	0	0	0
1787	chr4:167516278-168171979	SBS5	2	0	3	1	0	0
1788	chr4:167516278-168171979	SBS8	2	0	4	1	0	0
1789	chr4:168171980-168974887	SBS5	2	0	0	2	0	0
1790	chr4:168171980-168974887	SBS8	2	0	3	0	0	0
1791	chr4:168974888-169249717	SBS5	3	0	0	0	1	0
1792	chr4:169249718-173721096	SBS13	1	0	1	0	0	0
1793	chr4:169249718-173721096	SBS3	1	0	7	0	0	0
1794	chr4:169249718-173721096	SBS5	1	0	11	0	0	0
1795	chr4:169249718-173721096	SBS8	1	0	9	0	0	0
1796	chr4:173721801-179295071	SBS1	1	0	2	0	0	0
1797	chr4:173721801-179295071	SBS13	1	0	1	0	0	0
1798	chr4:173721801-179295071	SBS3	1	0	8	0	0	0
1799	chr4:173721801-179295071	SBS5	1	0	14	0	0	0
1800	chr4:173721801-179295071	SBS8	1	0	15	0	0	0
1801	chr4:179300687-181717319	SBS1	1	0	1	0	0	0
1802	chr4:179300687-181717319	SBS3	1	0	2	0	0	0
1803	chr4:179300687-181717319	SBS5	1	0	15	0	0	0
1804	chr4:179300687-181717319	SBS8	1	0	6	0	0	0
1805	chr4:181717320-183067000	SBS3	2	0	2	2	0	0
1806	chr4:181717320-183067000	SBS5	2	0	2	0	0	0
1807	chr4:181717320-183067000	SBS8	2	0	3	1	0	0
1808	chr4:183067001-183969152	SBS5	3	0	2	0	0	0
1809	chr4:183067001-183969152	SBS8	3	0	1	0	0	0
1810	chr4:183973978-185816429	SBS5	3	0	3	0	0	0
1811	chr4:183973978-185816429	SBS8	3	0	1	1	0	0
1812	chr4:185816430-186473018	SBS1	1	0	1	0	0	0
1813	chr4:185816430-186473018	SBS3	1	0	1	0	0	0
1814	chr4:185816430-186473018	SBS5	1	0	1	0	0	0
1815	chr4:186473850-186860508	SBS13	2	0	1	0	0	0
1816	chr4:186861991-188889686	SBS3	2	0	1	1	0	0
1817	chr4:186861991-188889686	SBS5	2	0	7	0	0	0
1818	chr4:186861991-188889686	SBS8	2	0	1	1	0	0
1819	chr4:188889721-190214555	SBS1	2	0	1	0	0	0
1820	chr4:188889721-190214555	SBS13	2	0	1	0	0	0
1821	chr4:188889721-190214555	SBS3	2	0	1	0	0	0
1822	chr4:188889721-190214555	SBS5	2	0	6	0	0	0
1823	chr4:188889721-190214555	SBS8	2	0	4	0	0	0
1824	chr4:22210261-29800286	SBS1	1	0	1	0	0	0
1825	chr4:22210261-29800286	SBS13	1	0	3	0	0	0
1826	chr4:22210261-29800286	SBS3	1	0	6	0	0	0
1827	chr4:22210261-29800286	SBS5	1	0	24	0	0	0
1828	chr4:22210261-29800286	SBS8	1	0	4	0	0	0
1829	chr4:29805476-37431000	SBS1	1	0	1	0	0	0
1830	chr4:29805476-37431000	SBS13	1	0	2	0	0	0
1831	chr4:29805476-37431000	SBS3	1	0	9	0	0	0
1832	chr4:29805476-37431000	SBS5	1	0	20	0	0	0
1833	chr4:29805476-37431000	SBS8	1	0	10	0	0	0
1834	chr4:37431001-40916312	SBS13	1	0	1	0	0	0
1835	chr4:37431001-40916312	SBS3	1	0	3	0	0	0
1836	chr4:37431001-40916312	SBS5	1	0	3	0	0	0
1837	chr4:37431001-40916312	SBS8	1	0	1	0	0	0
1838	chr4:40916313-41309024	SBS13	2	0	1	0	0	0
1839	chr4:40916313-41309024	SBS5	2	0	1	0	0	0
1840	chr4:40916313-41309024	SBS8	2	0	1	0	0	0
1841	chr4:41309025-41708000	SBS3	1	0	1	0	0	0
1842	chr4:41708001-46254273	SBS13	1	0	2	0	0	0
1843	chr4:41708001-46254273	SBS3	1	0	3	0	0	0
1844	chr4:41708001-46254273	SBS5	1	0	9	0	0	0
1845	chr4:41708001-46254273	SBS8	1	0	5	0	0	0
1846	chr4:46254371-49107569	SBS13	1	0	1	0	0	0
1847	chr4:46254371-49107569	SBS3	1	0	3	0	0	0
1848	chr4:46254371-49107569	SBS5	1	0	8	0	0	0
1849	chr4:46254371-49107569	SBS8	1	0	4	0	0	0
1850	chr4:49107570-50726025	SBS3	1	0	3	0	0	0
1851	chr4:49107570-50726025	SBS5	1	0	5	0	0	0
1852	chr4:50726026-53324531	SBS3	1	0	2	0	0	0
1853	chr4:50726026-53324531	SBS5	1	0	2	0	0	0
1854	chr4:53332089-71347795	SBS1	1	0	1	0	0	0
1855	chr4:53332089-71347795	SBS13	1	0	2	0	0	0
1856	chr4:53332089-71347795	SBS3	1	0	15	0	0	0
1857	chr4:53332089-71347795	SBS5	1	0	38	0	0	0
1858	chr4:53332089-71347795	SBS8	1	0	16	0	0	0
1859	chr4:6650001-7103500	SBS5	2	0	1	0	0	0
1860	chr4:7103501-7324088	SBS3	2	0	1	1	0	0
1861	chr4:7103501-7324088	SBS8	2	0	1	0	0	0
1862	chr4:71356015-73926277	SBS13	1	0	2	0	0	0
1863	chr4:71356015-73926277	SBS3	1	0	2	0	0	0
1864	chr4:71356015-73926277	SBS5	1	0	5	0	0	0
1865	chr4:71356015-73926277	SBS8	1	0	1	0	0	0
1866	chr4:7324089-8404979	SBS13	1	0	1	0	0	0
1867	chr4:7324089-8404979	SBS5	1	0	1	0	0	0
1868	chr4:73933398-79831210	SBS13	1	0	1	0	0	0
1869	chr4:73933398-79831210	SBS3	1	0	1	0	0	0
1870	chr4:73933398-79831210	SBS5	1	0	6	0	0	0
1871	chr4:73933398-79831210	SBS8	1	0	2	0	0	0
1872	chr4:79831269-81594226	SBS13	1	0	1	0	0	0
1873	chr4:79831269-81594226	SBS5	1	0	3	0	0	0
1874	chr4:79831269-81594226	SBS8	1	0	2	0	0	0
1875	chr4:81594228-87704473	SBS13	1	0	1	0	0	0
1876	chr4:81594228-87704473	SBS3	1	0	5	0	0	0
1877	chr4:81594228-87704473	SBS5	1	0	8	0	0	0
1878	chr4:81594228-87704473	SBS8	1	0	3	0	0	0
1879	chr4:8407517-10541718	SBS1	1	0	1	0	0	0
1880	chr4:8407517-10541718	SBS3	1	0	5	0	0	0
1881	chr4:8407517-10541718	SBS5	1	0	10	0	0	0
1882	chr4:8407517-10541718	SBS8	1	0	7	0	0	0
1883	chr4:87704474-102934771	SBS1	1	0	2	0	0	0
1884	chr4:87704474-102934771	SBS3	1	0	16	0	0	0
1885	chr4:87704474-102934771	SBS5	1	0	44	0	0	0
1886	chr4:87704474-102934771	SBS8	1	0	19	0	0	0
1887	chr5:1-4079218	SBS1	2	1	2	0	0	0
1888	chr5:1-4079218	SBS13	2	1	3	0	0	0
1889	chr5:1-4079218	SBS3	2	1	6	1	0	0
1890	chr5:1-4079218	SBS5	2	1	12	1	0	0
1891	chr5:1-4079218	SBS8	2	1	7	1	0	0
1892	chr5:10234001-11417000	SBS3	2	1	1	0	0	0
1893	chr5:10234001-11417000	SBS5	2	1	2	1	0	0
1894	chr5:111885590-114015808	SBS3	1	0	1	0	0	0
1895	chr5:111885590-114015808	SBS5	1	0	3	0	0	0
1896	chr5:114015842-115630743	SBS5	1	0	2	0	0	0
1897	chr5:114015842-115630743	SBS8	1	0	1	0	0	0
1898	chr5:11417001-14141000	SBS13	2	0	4	0	0	0
1899	chr5:11417001-14141000	SBS3	2	0	6	0	0	0
1900	chr5:11417001-14141000	SBS5	2	0	13	1	0	0
1901	chr5:11417001-14141000	SBS8	2	0	8	0	0	0
1902	chr5:115653554-117770454	SBS5	1	0	3	0	0	0
1903	chr5:115653554-117770454	SBS8	1	0	2	0	0	0
1904	chr5:117770590-124193607	SBS13	1	0	1	0	0	0
1905	chr5:117770590-124193607	SBS3	1	0	3	0	0	0
1906	chr5:117770590-124193607	SBS5	1	0	7	0	0	0
1907	chr5:117770590-124193607	SBS8	1	0	3	0	0	0
1908	chr5:124193608-124196055	SBS3	3	0	0	1	0	0
1909	chr5:124196056-125216967	SBS13	1	0	1	0	0	0
1910	chr5:124196056-125216967	SBS3	1	0	1	0	0	0
1911	chr5:124196056-125216967	SBS5	1	0	2	0	0	0
1912	chr5:125217101-130903915	SBS13	1	0	1	0	0	0
1913	chr5:125217101-130903915	SBS3	1	0	2	0	0	0
1914	chr5:125217101-130903915	SBS5	1	0	14	0	0	0
1915	chr5:125217101-130903915	SBS8	1	0	6	0	0	0
1916	chr5:130908668-135097007	SBS13	1	0	1	0	0	0
1917	chr5:130908668-135097007	SBS3	1	0	1	0	0	0
1918	chr5:130908668-135097007	SBS5	1	0	7	0	0	0
1919	chr5:130908668-135097007	SBS8	1	0	5	0	0	0
1920	chr5:135097108-136620583	SBS13	1	0	1	0	0	0
1921	chr5:135097108-136620583	SBS3	1	0	1	0	0	0
1922	chr5:135097108-136620583	SBS5	1	0	1	0	0	0
1923	chr5:135097108-136620583	SBS8	1	0	1	0	0	0
1924	chr5:136620665-140116356	SBS13	1	0	2	0	0	0
1925	chr5:136620665-140116356	SBS3	1	0	7	0	0	0
1926	chr5:136620665-140116356	SBS5	1	0	10	0	0	0
1927	chr5:136620665-140116356	SBS8	1	0	4	0	0	0
1928	chr5:140116357-140676396	SBS3	2	0	1	0	0	0
1929	chr5:140116357-140676396	SBS5	2	0	3	0	0	0
1930	chr5:140116357-140676396	SBS8	2	0	2	0	0	0
1931	chr5:140676397-142380905	SBS1	1	0	1	0	0	0
1932	chr5:140676397-142380905	SBS13	1	0	2	0	0	0
1933	chr5:140676397-142380905	SBS3	1	0	2	0	0	0
1934	chr5:140676397-142380905	SBS5	1	0	7	0	0	0
1935	chr5:140676397-142380905	SBS8	1	0	1	0	0	0
1936	chr5:14141001-14297000	SBS5	2	1	1	0	0	0
1937	chr5:14141001-14297000	SBS8	2	1	1	0	0	0
1938	chr5:142402362-150948067	SBS13	1	0	1	0	0	0
1939	chr5:142402362-150948067	SBS3	1	0	3	0	0	0
1940	chr5:142402362-150948067	SBS5	1	0	11	0	0	0
1941	chr5:142402362-150948067	SBS8	1	0	10	0	0	0
1942	chr5:14297001-16442000	SBS13	2	0	2	0	0	0
1943	chr5:14297001-16442000	SBS3	2	0	2	1	0	0
1944	chr5:14297001-16442000	SBS5	2	0	5	1	0	0
1945	chr5:14297001-16442000	SBS8	2	0	10	1	0	0
1946	chr5:153771838-177284940	SBS1	1	0	2	0	0	0
1947	chr5:153771838-177284940	SBS13	1	0	7	0	0	0
1948	chr5:153771838-177284940	SBS3	1	0	14	0	0	0
1949	chr5:153771838-177284940	SBS5	1	0	53	0	0	0
1950	chr5:153771838-177284940	SBS8	1	0	34	0	0	0
1951	chr5:16442001-17228000	SBS3	2	1	3	0	0	0
1952	chr5:16442001-17228000	SBS5	2	1	3	0	0	0
1953	chr5:17228001-18890960	SBS13	2	0	1	0	0	0
1954	chr5:17228001-18890960	SBS3	2	0	7	0	0	0
1955	chr5:17228001-18890960	SBS5	2	0	6	0	0	0
1956	chr5:17228001-18890960	SBS8	2	0	5	0	0	0
1957	chr5:177289669-181538259	SBS13	1	0	3	0	0	0
1958	chr5:177289669-181538259	SBS3	1	0	2	0	0	0
1959	chr5:177289669-181538259	SBS5	1	0	12	0	0	0
1960	chr5:177289669-181538259	SBS8	1	0	3	0	0	0
1961	chr5:18890961-21441310	SBS1	3	0	0	0	1	0
1962	chr5:18890961-21441310	SBS13	3	0	2	0	0	0
1963	chr5:18890961-21441310	SBS3	3	0	6	0	0	0
1964	chr5:18890961-21441310	SBS5	3	0	11	1	1	0
1965	chr5:18890961-21441310	SBS8	3	0	14	1	0	0
1966	chr5:21441311-24768687	SBS1	2	1	3	0	0	0
1967	chr5:21441311-24768687	SBS13	2	1	2	0	0	0
1968	chr5:21441311-24768687	SBS3	2	1	3	1	0	0
1969	chr5:21441311-24768687	SBS5	2	1	12	0	0	0
1970	chr5:21441311-24768687	SBS8	2	1	10	2	0	0
1971	chr5:24777628-25279369	SBS5	2	1	4	0	0	0
1972	chr5:25279588-31218000	SBS1	2	1	2	0	0	0
1973	chr5:25279588-31218000	SBS13	2	1	2	1	0	0
1974	chr5:25279588-31218000	SBS3	2	1	7	0	0	0
1975	chr5:25279588-31218000	SBS5	2	1	22	1	0	0
1976	chr5:25279588-31218000	SBS8	2	1	18	2	0	0
1977	chr5:31218001-31586548	SBS5	2	1	1	0	0	0
1978	chr5:31218001-31586548	SBS8	2	1	2	0	0	0
1979	chr5:31586549-33588000	SBS1	1	1	1	0	0	0
1980	chr5:31586549-33588000	SBS13	1	1	1	0	0	0
1981	chr5:31586549-33588000	SBS3	1	1	5	0	0	0
1982	chr5:31586549-33588000	SBS5	1	1	7	0	0	0
1983	chr5:31586549-33588000	SBS8	1	1	3	0	0	0
1984	chr5:33588001-40846000	SBS3	1	0	8	0	0	0
1985	chr5:33588001-40846000	SBS5	1	0	26	0	0	0
1986	chr5:33588001-40846000	SBS8	1	0	9	0	0	0
1987	chr5:40846001-48272853	SBS1	1	0	1	0	0	0
1988	chr5:40846001-48272853	SBS13	1	0	1	0	0	0
1989	chr5:40846001-48272853	SBS3	1	0	3	0	0	0
1990	chr5:40846001-48272853	SBS5	1	0	10	0	0	0
1991	chr5:40846001-48272853	SBS8	1	0	12	0	0	0
1992	chr5:4087705-4323684	SBS5	3	1	1	0	0	0
1993	chr5:4432241-5195573	SBS3	2	1	1	0	0	0
1994	chr5:4432241-5195573	SBS5	2	1	2	1	0	0
1995	chr5:4432241-5195573	SBS8	2	1	0	1	0	0
1996	chr5:48272854-59104068	SBS1	1	0	2	0	0	0
1997	chr5:48272854-59104068	SBS13	1	0	2	0	0	0
1998	chr5:48272854-59104068	SBS3	1	0	5	0	0	0
1999	chr5:48272854-59104068	SBS5	1	0	27	0	0	0
2000	chr5:48272854-59104068	SBS8	1	0	11	0	0	0
2001	chr5:5195678-7576512	SBS1	2	1	0	1	0	0
2002	chr5:5195678-7576512	SBS13	2	1	1	0	0	0
2003	chr5:5195678-7576512	SBS3	2	1	3	1	0	0
2004	chr5:5195678-7576512	SBS5	2	1	15	1	0	0
2005	chr5:5195678-7576512	SBS8	2	1	9	1	0	0
2006	chr5:59104069-62642000	SBS13	1	1	2	0	0	0
2007	chr5:59104069-62642000	SBS3	1	1	7	0	0	0
2008	chr5:59104069-62642000	SBS5	1	1	9	0	0	0
2009	chr5:59104069-62642000	SBS8	1	1	2	0	0	0
2010	chr5:62642001-64118000	SBS3	1	1	4	0	0	0
2011	chr5:62642001-64118000	SBS5	1	1	9	0	0	0
2012	chr5:62642001-64118000	SBS8	1	1	4	0	0	0
2013	chr5:64118001-67114106	SBS13	1	1	3	0	0	0
2014	chr5:64118001-67114106	SBS3	1	1	4	0	0	0
2015	chr5:64118001-67114106	SBS5	1	1	7	0	0	0
2016	chr5:67114107-80002977	SBS13	1	0	1	0	0	0
2017	chr5:67114107-80002977	SBS3	1	0	4	0	0	0
2018	chr5:67114107-80002977	SBS5	1	0	19	0	0	0
2019	chr5:67114107-80002977	SBS8	1	0	6	0	0	0
2020	chr5:7576513-7932000	SBS5	2	1	1	0	0	0
2021	chr5:7576513-7932000	SBS8	2	1	1	0	0	0
2022	chr5:7932001-10234000	SBS1	2	1	0	1	0	0
2023	chr5:7932001-10234000	SBS13	2	1	2	0	0	0
2024	chr5:7932001-10234000	SBS3	2	1	5	0	0	0
2025	chr5:7932001-10234000	SBS5	2	1	5	1	0	0
2026	chr5:7932001-10234000	SBS8	2	1	8	7	0	0
2027	chr5:80038629-85323301	SBS13	1	0	3	0	0	0
2028	chr5:80038629-85323301	SBS3	1	0	3	0	0	0
2029	chr5:80038629-85323301	SBS5	1	0	3	0	0	0
2030	chr5:80038629-85323301	SBS8	1	0	2	0	0	0
2031	chr5:85323343-91062935	SBS3	1	0	6	0	0	0
2032	chr5:85323343-91062935	SBS5	1	0	9	0	0	0
2033	chr5:85323343-91062935	SBS8	1	0	7	0	0	0
2034	chr5:91062936-91071545	SBS5	3	0	1	0	0	0
2035	chr5:91071546-94224078	SBS3	1	0	2	0	0	0
2036	chr5:91071546-94224078	SBS5	1	0	5	0	0	0
2037	chr5:91071546-94224078	SBS8	1	0	5	0	0	0
2038	chr5:94224177-98906981	SBS1	1	0	1	0	0	0
2039	chr5:94224177-98906981	SBS13	1	0	1	0	0	0
2040	chr5:94224177-98906981	SBS3	1	0	5	0	0	0
2041	chr5:94224177-98906981	SBS5	1	0	11	0	0	0
2042	chr5:94224177-98906981	SBS8	1	0	3	0	0	0
2043	chr5:98912033-111883874	SBS1	1	0	2	0	0	0
2044	chr5:98912033-111883874	SBS13	1	0	1	0	0	0
2045	chr5:98912033-111883874	SBS3	1	0	9	0	0	0
2046	chr5:98912033-111883874	SBS5	1	0	32	0	0	0
2047	chr5:98912033-111883874	SBS8	1	0	6	0	0	0
2048	chr6:104452001-111101756	SBS1	1	1	1	0	0	0
2049	chr6:104452001-111101756	SBS13	1	1	5	0	0	0
2050	chr6:104452001-111101756	SBS3	1	1	5	0	0	0
2051	chr6:104452001-111101756	SBS5	1	1	11	0	0	0
2052	chr6:104452001-111101756	SBS8	1	1	7	0	0	0
2053	chr6:111105260-111743403	SBS13	1	1	1	0	0	0
2054	chr6:111105260-111743403	SBS5	1	1	2	0	0	0
2055	chr6:111105260-111743403	SBS8	1	1	1	0	0	0
2056	chr6:111746025-113579464	SBS13	1	1	4	0	0	0
2057	chr6:111746025-113579464	SBS3	1	1	3	0	0	0
2058	chr6:111746025-113579464	SBS5	1	1	5	0	0	0
2059	chr6:111746025-113579464	SBS8	1	1	3	0	0	0
2060	chr6:113827151-113834814	SBS13	1	1	3	0	0	0
2061	chr6:113837624-121596994	SBS1	1	1	3	0	0	0
2062	chr6:113837624-121596994	SBS13	1	1	1	0	0	0
2063	chr6:113837624-121596994	SBS3	1	1	7	0	0	0
2064	chr6:113837624-121596994	SBS5	1	1	18	0	0	0
2065	chr6:113837624-121596994	SBS8	1	1	9	0	0	0
2066	chr6:121597065-131200672	SBS1	1	1	1	0	0	0
2067	chr6:121597065-131200672	SBS13	1	1	4	0	0	0
2068	chr6:121597065-131200672	SBS3	1	1	10	0	0	0
2069	chr6:121597065-131200672	SBS5	1	1	21	0	0	0
2070	chr6:121597065-131200672	SBS8	1	1	24	0	0	0
2071	chr6:131200706-132094469	SBS3	1	1	5	0	0	0
2072	chr6:131200706-132094469	SBS5	1	1	4	0	0	0
2073	chr6:131200706-132094469	SBS8	1	1	1	0	0	0
2074	chr6:132107946-133162547	SBS1	1	1	1	0	0	0
2075	chr6:132107946-133162547	SBS5	1	1	2	0	0	0
2076	chr6:132107946-133162547	SBS8	1	1	1	0	0	0
2077	chr6:133162599-142210521	SBS1	1	1	1	0	0	0
2078	chr6:133162599-142210521	SBS13	1	1	6	0	0	0
2079	chr6:133162599-142210521	SBS3	1	1	12	0	0	0
2080	chr6:133162599-142210521	SBS5	1	1	26	0	0	0
2081	chr6:133162599-142210521	SBS8	1	1	5	0	0	0
2082	chr6:142210522-146473050	SBS13	1	0	1	0	0	0
2083	chr6:142210522-146473050	SBS3	1	0	2	0	0	0
2084	chr6:142210522-146473050	SBS5	1	0	9	0	0	0
2085	chr6:142210522-146473050	SBS8	1	0	5	0	0	0
2086	chr6:146473999-148240324	SBS3	1	0	1	0	0	0
2087	chr6:146473999-148240324	SBS5	1	0	4	0	0	0
2088	chr6:146473999-148240324	SBS8	1	0	1	0	0	0
2089	chr6:148240521-156974440	SBS1	1	0	1	0	0	0
2090	chr6:148240521-156974440	SBS13	1	0	3	0	0	0
2091	chr6:148240521-156974440	SBS3	1	0	3	0	0	0
2092	chr6:148240521-156974440	SBS5	1	0	14	0	0	0
2093	chr6:148240521-156974440	SBS8	1	0	15	0	0	0
2094	chr6:156987670-162509549	SBS1	1	0	1	0	0	0
2095	chr6:156987670-162509549	SBS3	1	0	5	0	0	0
2096	chr6:156987670-162509549	SBS5	1	0	8	0	0	0
2097	chr6:156987670-162509549	SBS8	1	0	4	0	0	0
2098	chr6:162509550-162710032	SBS3	1	0	1	0	0	0
2099	chr6:162509550-162710032	SBS8	1	0	1	0	0	0
2100	chr6:162710033-167870021	SBS1	1	0	1	0	0	0
2101	chr6:162710033-167870021	SBS3	1	0	3	0	0	0
2102	chr6:162710033-167870021	SBS5	1	0	4	0	0	0
2103	chr6:162710033-167870021	SBS8	1	0	3	0	0	0
2104	chr6:167874495-170805979	SBS3	1	0	3	0	0	0
2105	chr6:167874495-170805979	SBS5	1	0	3	0	0	0
2106	chr6:167874495-170805979	SBS8	1	0	1	0	0	0
2107	chr6:59191911-62571124	SBS1	1	0	1	0	0	0
2108	chr6:59191911-62571124	SBS13	1	0	1	0	0	0
2109	chr6:59191911-62571124	SBS3	1	0	6	0	0	0
2110	chr6:59191911-62571124	SBS5	1	0	20	0	0	0
2111	chr6:59191911-62571124	SBS8	1	0	12	0	0	0
2112	chr6:62597352-64971601	SBS13	1	1	3	0	0	0
2113	chr6:62597352-64971601	SBS3	1	1	5	0	0	0
2114	chr6:62597352-64971601	SBS5	1	1	3	0	0	0
2115	chr6:62597352-64971601	SBS8	1	1	8	0	0	0
2116	chr6:65007692-75958000	SBS1	1	1	1	0	0	0
2117	chr6:65007692-75958000	SBS13	1	1	7	0	0	0
2118	chr6:65007692-75958000	SBS3	1	1	12	0	0	0
2119	chr6:65007692-75958000	SBS5	1	1	47	0	0	0
2120	chr6:65007692-75958000	SBS8	1	1	24	0	0	0
2121	chr6:75958001-76601513	SBS3	1	1	2	0	0	0
2122	chr6:75958001-76601513	SBS5	1	1	7	0	0	0
2123	chr6:75958001-76601513	SBS8	1	1	2	0	0	0
2124	chr6:76711701-78819000	SBS3	1	1	4	0	0	0
2125	chr6:76711701-78819000	SBS5	1	1	7	0	0	0
2126	chr6:76711701-78819000	SBS8	1	1	5	0	0	0
2127	chr6:79043719-82274000	SBS3	1	1	2	0	0	0
2128	chr6:79043719-82274000	SBS5	1	1	12	0	0	0
2129	chr6:79043719-82274000	SBS8	1	1	4	0	0	0
2130	chr6:82274001-92230487	SBS1	1	1	1	0	0	0
2131	chr6:82274001-92230487	SBS13	1	1	2	0	0	0
2132	chr6:82274001-92230487	SBS3	1	1	13	0	0	0
2133	chr6:82274001-92230487	SBS5	1	1	26	0	0	0
2134	chr6:82274001-92230487	SBS8	1	1	16	0	0	0
2135	chr6:92230523-93512848	SBS3	1	1	1	0	0	0
2136	chr6:92230523-93512848	SBS5	1	1	5	0	0	0
2137	chr6:92230523-93512848	SBS8	1	1	4	0	0	0
2138	chr6:93512889-99328000	SBS13	1	1	3	0	0	0
2139	chr6:93512889-99328000	SBS3	1	1	8	0	0	0
2140	chr6:93512889-99328000	SBS5	1	1	16	0	0	0
2141	chr6:93512889-99328000	SBS8	1	1	5	0	0	0
2142	chr6:99571001-104329194	SBS3	1	1	2	0	0	0
2143	chr6:99571001-104329194	SBS5	1	1	9	0	0	0
2144	chr6:99571001-104329194	SBS8	1	1	2	0	0	0
2145	chr7:1-4100390	SBS13	2	1	1	0	0	0
2146	chr7:1-4100390	SBS3	2	1	7	0	0	0
2147	chr7:1-4100390	SBS5	2	1	10	2	0	0
2148	chr7:1-4100390	SBS8	2	1	3	1	0	0
2149	chr7:102260936-103579632	SBS13	2	1	1	0	0	0
2150	chr7:102260936-103579632	SBS3	2	1	3	0	0	0
2151	chr7:102260936-103579632	SBS5	2	1	9	0	0	0
2152	chr7:102260936-103579632	SBS8	2	1	3	1	0	0
2153	chr7:103579633-104763031	SBS1	1	1	2	0	0	0
2154	chr7:103579633-104763031	SBS3	1	1	3	0	0	0
2155	chr7:103579633-104763031	SBS5	1	1	6	0	0	0
2156	chr7:103579633-104763031	SBS8	1	1	3	0	0	0
2157	chr7:104763032-107090712	SBS13	2	1	3	0	0	0
2158	chr7:104763032-107090712	SBS3	2	1	2	1	0	0
2159	chr7:104763032-107090712	SBS5	2	1	10	0	0	0
2160	chr7:104763032-107090712	SBS8	2	1	4	0	0	0
2161	chr7:107090713-107383669	SBS5	1	1	6	0	0	0
2162	chr7:107090713-107383669	SBS8	1	1	7	0	0	0
2163	chr7:107383721-108650000	SBS3	1	1	2	0	0	0
2164	chr7:107383721-108650000	SBS5	1	1	5	0	0	0
2165	chr7:107383721-108650000	SBS8	1	1	1	0	0	0
2166	chr7:108650001-111843531	SBS13	1	1	2	0	0	0
2167	chr7:108650001-111843531	SBS3	1	1	3	0	0	0
2168	chr7:108650001-111843531	SBS5	1	1	14	0	0	0
2169	chr7:108650001-111843531	SBS8	1	1	4	0	0	0
2170	chr7:111848602-113130000	SBS3	1	1	1	0	0	0
2171	chr7:111848602-113130000	SBS5	1	1	1	0	0	0
2172	chr7:111848602-113130000	SBS8	1	1	1	0	0	0
2173	chr7:113130001-114864000	SBS13	1	1	1	0	0	0
2174	chr7:113130001-114864000	SBS5	1	1	7	0	0	0
2175	chr7:113130001-114864000	SBS8	1	1	3	0	0	0
2176	chr7:114864001-115226000	SBS5	1	1	2	0	0	0
2177	chr7:114864001-115226000	SBS8	1	1	1	0	0	0
2178	chr7:115226001-127475534	SBS1	1	1	2	0	0	0
2179	chr7:115226001-127475534	SBS13	1	1	2	0	0	0
2180	chr7:115226001-127475534	SBS3	1	1	21	0	0	0
2181	chr7:115226001-127475534	SBS5	1	1	42	0	0	0
2182	chr7:115226001-127475534	SBS8	1	1	30	0	0	0
2183	chr7:127479539-127781137	SBS3	1	1	1	0	0	0
2184	chr7:127787100-133751836	SBS13	1	1	2	0	0	0
2185	chr7:127787100-133751836	SBS3	1	1	2	0	0	0
2186	chr7:127787100-133751836	SBS5	1	1	20	0	0	0
2187	chr7:127787100-133751836	SBS8	1	1	7	0	0	0
2188	chr7:133751837-135645415	SBS1	2	1	1	0	0	0
2189	chr7:133751837-135645415	SBS13	2	1	1	0	0	0
2190	chr7:133751837-135645415	SBS3	2	1	1	0	0	0
2191	chr7:133751837-135645415	SBS5	2	1	3	0	0	0
2192	chr7:133751837-135645415	SBS8	2	1	3	0	0	0
2193	chr7:135645915-137907252	SBS3	1	1	5	0	0	0
2194	chr7:135645915-137907252	SBS5	1	1	13	0	0	0
2195	chr7:135645915-137907252	SBS8	1	1	2	0	0	0
2196	chr7:138014001-144643859	SBS13	1	1	6	0	0	0
2197	chr7:138014001-144643859	SBS3	1	1	15	0	0	0
2198	chr7:138014001-144643859	SBS5	1	1	45	0	0	0
2199	chr7:138014001-144643859	SBS8	1	1	21	0	0	0
2200	chr7:144643860-144652569	SBS5	1	1	3	0	0	0
2201	chr7:144656209-145193297	SBS3	1	1	1	0	0	0
2202	chr7:144656209-145193297	SBS5	1	1	3	0	0	0
2203	chr7:144656209-145193297	SBS8	1	1	2	0	0	0
2204	chr7:145247168-148679000	SBS13	1	1	1	0	0	0
2205	chr7:145247168-148679000	SBS3	1	1	3	0	0	0
2206	chr7:145247168-148679000	SBS5	1	1	14	0	0	0
2207	chr7:145247168-148679000	SBS8	1	1	11	0	0	0
2208	chr7:148679001-152912000	SBS13	1	1	6	0	0	0
2209	chr7:148679001-152912000	SBS3	1	1	10	0	0	0
2210	chr7:148679001-152912000	SBS5	1	1	27	0	0	0
2211	chr7:148679001-152912000	SBS8	1	1	8	0	0	0
2212	chr7:152912001-154685812	SBS13	1	1	2	0	0	0
2213	chr7:152912001-154685812	SBS3	1	1	4	0	0	0
2214	chr7:152912001-154685812	SBS5	1	1	6	0	0	0
2215	chr7:152912001-154685812	SBS8	1	1	5	0	0	0
2216	chr7:154685813-155468678	SBS3	1	0	1	0	0	0
2217	chr7:154685813-155468678	SBS5	1	0	1	0	0	0
2218	chr7:155468679-159150651	SBS1	1	1	1	0	0	0
2219	chr7:155468679-159150651	SBS13	1	1	2	0	0	0
2220	chr7:155468679-159150651	SBS3	1	1	6	0	0	0
2221	chr7:155468679-159150651	SBS5	1	1	12	0	0	0
2222	chr7:155468679-159150651	SBS8	1	1	10	0	0	0
2223	chr7:15623330-19316463	SBS1	2	1	0	1	0	0
2224	chr7:15623330-19316463	SBS13	2	1	0	1	0	0
2225	chr7:15623330-19316463	SBS3	2	1	2	1	0	0
2226	chr7:15623330-19316463	SBS5	2	1	16	4	0	0
2227	chr7:15623330-19316463	SBS8	2	1	5	2	0	0
2228	chr7:159150660-159345973	SBS8	1	1	1	0	0	0
2229	chr7:19316464-23333616	SBS1	2	2	2	0	0	0
2230	chr7:19316464-23333616	SBS13	2	2	2	0	0	0
2231	chr7:19316464-23333616	SBS3	2	2	4	4	0	0
2232	chr7:19316464-23333616	SBS5	2	2	21	5	0	0
2233	chr7:19316464-23333616	SBS8	2	2	7	2	0	0
2234	chr7:23333617-23333980	SBS8	2	1	1	0	0	0
2235	chr7:23333981-23442648	SBS3	2	2	1	0	0	0
2236	chr7:23442845-23918490	SBS1	2	2	0	1	0	0
2237	chr7:23442845-23918490	SBS3	2	2	2	0	0	0
2238	chr7:23442845-23918490	SBS5	2	2	3	0	0	0
2239	chr7:23918527-24030405	SBS5	2	1	3	0	0	0
2240	chr7:24030468-24803661	SBS5	2	2	1	1	0	0
2241	chr7:24803716-25251002	SBS1	2	2	2	0	0	0
2242	chr7:24803716-25251002	SBS3	2	2	0	1	0	0
2243	chr7:24803716-25251002	SBS5	2	2	2	0	0	0
2244	chr7:25251764-26184405	SBS13	2	1	1	0	0	0
2245	chr7:25251764-26184405	SBS5	2	1	1	0	0	0
2246	chr7:25251764-26184405	SBS8	2	1	3	1	0	0
2247	chr7:26189179-27222047	SBS3	2	1	2	0	0	0
2248	chr7:26189179-27222047	SBS5	2	1	3	0	0	0
2249	chr7:26189179-27222047	SBS8	2	1	5	0	0	0
2250	chr7:27222339-28781170	SBS13	1	1	1	0	0	0
2251	chr7:27222339-28781170	SBS3	1	1	2	0	0	0
2252	chr7:27222339-28781170	SBS5	1	1	7	0	0	0
2253	chr7:27222339-28781170	SBS8	1	1	3	0	0	0
2254	chr7:28781171-28790558	SBS8	2	1	2	0	0	0
2255	chr7:28790559-29966000	SBS3	1	1	1	0	0	0
2256	chr7:28790559-29966000	SBS5	1	1	4	0	0	0
2257	chr7:28790559-29966000	SBS8	1	1	1	0	0	0
2258	chr7:29966001-30612000	SBS5	1	1	3	0	0	0
2259	chr7:30612001-32398922	SBS13	1	1	2	0	0	0
2260	chr7:30612001-32398922	SBS3	1	1	3	0	0	0
2261	chr7:30612001-32398922	SBS5	1	1	4	0	0	0
2262	chr7:30612001-32398922	SBS8	1	1	3	0	0	0
2263	chr7:32472001-33201000	SBS13	1	1	1	0	0	0
2264	chr7:32472001-33201000	SBS5	1	1	1	0	0	0
2265	chr7:32472001-33201000	SBS8	1	1	1	0	0	0
2266	chr7:33201001-35621000	SBS13	1	1	2	0	0	0
2267	chr7:33201001-35621000	SBS3	1	1	2	0	0	0
2268	chr7:33201001-35621000	SBS5	1	1	7	0	0	0
2269	chr7:33201001-35621000	SBS8	1	1	7	0	0	0
2270	chr7:35621001-35912253	SBS5	1	1	3	0	0	0
2271	chr7:35912293-37608115	SBS13	1	1	1	0	0	0
2272	chr7:35912293-37608115	SBS3	1	1	5	0	0	0
2273	chr7:35912293-37608115	SBS5	1	1	11	0	0	0
2274	chr7:35912293-37608115	SBS8	1	1	3	0	0	0
2275	chr7:37608167-41155146	SBS1	1	1	1	0	0	0
2276	chr7:37608167-41155146	SBS13	1	1	1	0	0	0
2277	chr7:37608167-41155146	SBS3	1	1	2	0	0	0
2278	chr7:37608167-41155146	SBS5	1	1	9	0	0	0
2279	chr7:37608167-41155146	SBS8	1	1	7	0	0	0
2280	chr7:4103026-4603000	SBS5	1	1	1	0	0	0
2281	chr7:4103026-4603000	SBS8	1	1	1	0	0	0
2282	chr7:41158851-44717380	SBS13	1	1	3	0	0	0
2283	chr7:41158851-44717380	SBS3	1	1	3	0	0	0
2284	chr7:41158851-44717380	SBS5	1	1	6	0	0	0
2285	chr7:41158851-44717380	SBS8	1	1	10	0	0	0
2286	chr7:44725331-45418991	SBS13	1	1	1	0	0	0
2287	chr7:44725331-45418991	SBS3	1	1	1	0	0	0
2288	chr7:44725331-45418991	SBS5	1	1	3	0	0	0
2289	chr7:45422360-46744659	SBS13	1	1	1	0	0	0
2290	chr7:45422360-46744659	SBS3	1	1	2	0	0	0
2291	chr7:45422360-46744659	SBS5	1	1	2	0	0	0
2292	chr7:45422360-46744659	SBS8	1	1	3	0	0	0
2293	chr7:4603001-7667703	SBS3	2	1	4	1	0	0
2294	chr7:4603001-7667703	SBS5	2	1	11	5	0	0
2295	chr7:4603001-7667703	SBS8	2	1	2	1	0	0
2296	chr7:46746014-48441000	SBS1	1	1	1	0	0	0
2297	chr7:46746014-48441000	SBS13	1	1	2	0	0	0
2298	chr7:46746014-48441000	SBS3	1	1	1	0	0	0
2299	chr7:46746014-48441000	SBS5	1	1	2	0	0	0
2300	chr7:46746014-48441000	SBS8	1	1	2	0	0	0
2301	chr7:48441001-57497000	SBS1	1	1	1	0	0	0
2302	chr7:48441001-57497000	SBS13	1	1	3	0	0	0
2303	chr7:48441001-57497000	SBS3	1	1	10	0	0	0
2304	chr7:48441001-57497000	SBS5	1	1	48	0	0	0
2305	chr7:48441001-57497000	SBS8	1	1	21	0	0	0
2306	chr7:57497001-59498943	SBS1	1	1	1	0	0	0
2307	chr7:57497001-59498943	SBS3	1	1	4	0	0	0
2308	chr7:57497001-59498943	SBS5	1	1	16	0	0	0
2309	chr7:57497001-59498943	SBS8	1	1	4	0	0	0
2310	chr7:59498944-64293000	SBS1	1	1	1	0	0	0
2311	chr7:59498944-64293000	SBS3	1	1	8	0	0	0
2312	chr7:59498944-64293000	SBS5	1	1	36	0	0	0
2313	chr7:59498944-64293000	SBS8	1	1	18	0	0	0
2314	chr7:64293001-68459196	SBS1	1	1	1	0	0	0
2315	chr7:64293001-68459196	SBS13	1	1	2	0	0	0
2316	chr7:64293001-68459196	SBS3	1	1	9	0	0	0
2317	chr7:64293001-68459196	SBS5	1	1	18	0	0	0
2318	chr7:64293001-68459196	SBS8	1	1	2	0	0	0
2319	chr7:68459231-69549000	SBS1	1	1	1	0	0	0
2320	chr7:68459231-69549000	SBS3	1	1	1	0	0	0
2321	chr7:68459231-69549000	SBS5	1	1	10	0	0	0
2322	chr7:68459231-69549000	SBS8	1	1	4	0	0	0
2323	chr7:69549001-70112576	SBS13	1	1	1	0	0	0
2324	chr7:69549001-70112576	SBS5	1	1	1	0	0	0
2325	chr7:69549001-70112576	SBS8	1	1	1	0	0	0
2326	chr7:70290212-70961000	SBS3	1	1	2	0	0	0
2327	chr7:70290212-70961000	SBS5	1	1	6	0	0	0
2328	chr7:70290212-70961000	SBS8	1	1	1	0	0	0
2329	chr7:70961001-71706639	SBS13	1	1	1	0	0	0
2330	chr7:70961001-71706639	SBS5	1	1	8	0	0	0
2331	chr7:70961001-71706639	SBS8	1	1	2	0	0	0
2332	chr7:71706782-72752000	SBS3	1	1	3	0	0	0
2333	chr7:71706782-72752000	SBS5	1	1	10	0	0	0
2334	chr7:71706782-72752000	SBS8	1	1	3	0	0	0
2335	chr7:72752001-76372019	SBS13	1	1	1	0	0	0
2336	chr7:72752001-76372019	SBS3	1	1	3	0	0	0
2337	chr7:72752001-76372019	SBS5	1	1	16	0	0	0
2338	chr7:72752001-76372019	SBS8	1	1	5	0	0	0
2339	chr7:76372177-78083097	SBS3	1	1	2	0	0	0
2340	chr7:76372177-78083097	SBS5	1	1	5	0	0	0
2341	chr7:76372177-78083097	SBS8	1	1	1	0	0	0
2342	chr7:7667746-8309000	SBS13	2	1	1	0	0	0
2343	chr7:7667746-8309000	SBS3	2	1	0	1	0	0
2344	chr7:7667746-8309000	SBS5	2	1	5	0	0	0
2345	chr7:7667746-8309000	SBS8	2	1	1	0	0	0
2346	chr7:78083671-82019034	SBS1	1	1	1	0	0	0
2347	chr7:78083671-82019034	SBS13	1	1	3	0	0	0
2348	chr7:78083671-82019034	SBS3	1	1	2	0	0	0
2349	chr7:78083671-82019034	SBS5	1	1	18	0	0	0
2350	chr7:78083671-82019034	SBS8	1	1	11	0	0	0
2351	chr7:82035796-88137000	SBS1	1	1	3	0	0	0
2352	chr7:82035796-88137000	SBS13	1	1	1	0	0	0
2353	chr7:82035796-88137000	SBS3	1	1	9	0	0	0
2354	chr7:82035796-88137000	SBS5	1	1	23	0	0	0
2355	chr7:82035796-88137000	SBS8	1	1	29	0	0	0
2356	chr7:8309001-9749067	SBS13	1	1	1	0	0	0
2357	chr7:8309001-9749067	SBS3	1	1	2	0	0	0
2358	chr7:8309001-9749067	SBS5	1	1	5	0	0	0
2359	chr7:8309001-9749067	SBS8	1	1	4	0	0	0
2360	chr7:88137001-88372000	SBS3	1	1	1	0	0	0
2361	chr7:88372001-88712065	SBS5	1	1	1	0	0	0
2362	chr7:88714832-89504824	SBS3	1	1	1	0	0	0
2363	chr7:88714832-89504824	SBS5	1	1	3	0	0	0
2364	chr7:88714832-89504824	SBS8	1	1	7	0	0	0
2365	chr7:89504866-90181000	SBS3	1	1	2	0	0	0
2366	chr7:89504866-90181000	SBS5	1	1	5	0	0	0
2367	chr7:89504866-90181000	SBS8	1	1	2	0	0	0
2368	chr7:90181001-94375534	SBS13	1	1	1	0	0	0
2369	chr7:90181001-94375534	SBS3	1	1	6	0	0	0
2370	chr7:90181001-94375534	SBS5	1	1	14	0	0	0
2371	chr7:90181001-94375534	SBS8	1	1	5	0	0	0
2372	chr7:94377023-95114631	SBS3	1	1	2	0	0	0
2373	chr7:94377023-95114631	SBS5	1	1	2	0	0	0
2374	chr7:95114632-95114792	SBS8	1	0	1	0	0	0
2375	chr7:95114793-98421905	SBS1	1	1	1	0	0	0
2376	chr7:95114793-98421905	SBS13	1	1	2	0	0	0
2377	chr7:95114793-98421905	SBS3	1	1	2	0	0	0
2378	chr7:95114793-98421905	SBS5	1	1	8	0	0	0
2379	chr7:95114793-98421905	SBS8	1	1	3	0	0	0
2380	chr7:9750495-15599304	SBS1	1	1	1	0	0	0
2381	chr7:9750495-15599304	SBS13	1	1	1	0	0	0
2382	chr7:9750495-15599304	SBS3	1	1	4	0	0	0
2383	chr7:9750495-15599304	SBS5	1	1	13	0	0	0
2384	chr7:9750495-15599304	SBS8	1	1	19	0	0	0
2385	chr7:98427444-99208647	SBS8	1	1	1	0	0	0
2386	chr7:99210020-102260935	SBS1	1	1	2	0	0	0
2387	chr7:99210020-102260935	SBS3	1	1	9	0	0	0
2388	chr7:99210020-102260935	SBS5	1	1	15	0	0	0
2389	chr7:99210020-102260935	SBS8	1	1	6	0	0	0
2390	chr8:1-3326169	SBS1	1	1	1	0	0	0
2391	chr8:1-3326169	SBS13	1	1	1	0	0	0
2392	chr8:1-3326169	SBS3	1	1	3	0	0	0
2393	chr8:1-3326169	SBS5	1	1	10	0	0	0
2394	chr8:1-3326169	SBS8	1	1	5	0	0	0
2395	chr8:100415065-104487504	SBS13	2	1	1	0	0	0
2396	chr8:100415065-104487504	SBS3	2	1	5	3	0	0
2397	chr8:100415065-104487504	SBS5	2	1	18	1	0	0
2398	chr8:100415065-104487504	SBS8	2	1	4	1	0	0
2399	chr8:104487558-107542000	SBS13	2	1	1	0	0	0
2400	chr8:104487558-107542000	SBS3	2	1	5	0	0	0
2401	chr8:104487558-107542000	SBS5	2	1	19	0	0	0
2402	chr8:104487558-107542000	SBS8	2	1	19	2	0	0
2403	chr8:107542001-114781000	SBS1	2	1	1	1	0	0
2404	chr8:107542001-114781000	SBS13	2	1	1	1	0	0
2405	chr8:107542001-114781000	SBS3	2	1	13	3	0	0
2406	chr8:107542001-114781000	SBS5	2	1	39	11	0	0
2407	chr8:107542001-114781000	SBS8	2	1	30	2	0	0
2408	chr8:114781001-116946000	SBS13	2	1	3	0	0	0
2409	chr8:114781001-116946000	SBS3	2	1	3	1	0	0
2410	chr8:114781001-116946000	SBS5	2	1	11	1	0	0
2411	chr8:114781001-116946000	SBS8	2	1	5	1	0	0
2412	chr8:116946001-120152953	SBS1	2	1	1	0	0	0
2413	chr8:116946001-120152953	SBS13	2	1	1	0	0	0
2414	chr8:116946001-120152953	SBS3	2	1	2	1	0	0
2415	chr8:116946001-120152953	SBS5	2	1	14	0	0	0
2416	chr8:116946001-120152953	SBS8	2	1	8	1	0	0
2417	chr8:120227714-125243966	SBS1	2	1	1	0	0	0
2418	chr8:120227714-125243966	SBS13	2	1	5	0	0	0
2419	chr8:120227714-125243966	SBS3	2	1	12	0	0	0
2420	chr8:120227714-125243966	SBS5	2	1	21	2	0	0
2421	chr8:120227714-125243966	SBS8	2	1	13	2	0	0
2422	chr8:125243967-125271880	SBS3	5	1	1	0	0	0
2423	chr8:125271881-130452000	SBS1	2	1	1	1	0	0
2424	chr8:125271881-130452000	SBS13	2	1	2	1	0	0
2425	chr8:125271881-130452000	SBS3	2	1	12	3	0	0
2426	chr8:125271881-130452000	SBS5	2	1	14	1	0	0
2427	chr8:125271881-130452000	SBS8	2	1	8	1	0	0
2428	chr8:130452001-132156109	SBS13	2	1	1	0	0	0
2429	chr8:130452001-132156109	SBS3	2	1	2	0	0	0
2430	chr8:130452001-132156109	SBS5	2	1	14	3	0	0
2431	chr8:130452001-132156109	SBS8	2	1	5	1	0	0
2432	chr8:132156150-132212649	SBS5	2	1	2	0	0	0
2433	chr8:132258288-135207155	SBS1	2	0	1	0	0	0
2434	chr8:132258288-135207155	SBS13	2	0	2	0	0	0
2435	chr8:132258288-135207155	SBS3	2	0	5	0	0	0
2436	chr8:132258288-135207155	SBS5	2	0	7	1	0	0
2437	chr8:132258288-135207155	SBS8	2	0	6	2	0	0
2438	chr8:135207571-145138636	SBS13	2	0	2	0	0	0
2439	chr8:135207571-145138636	SBS3	2	0	16	2	0	0
2440	chr8:135207571-145138636	SBS5	2	0	33	0	0	0
2441	chr8:135207571-145138636	SBS8	2	0	14	0	0	0
2442	chr8:22231353-26407425	SBS3	1	1	7	0	0	0
2443	chr8:22231353-26407425	SBS5	1	1	14	0	0	0
2444	chr8:22231353-26407425	SBS8	1	1	8	0	0	0
2445	chr8:26411591-27628118	SBS1	1	1	1	0	0	0
2446	chr8:26411591-27628118	SBS3	1	1	1	0	0	0
2447	chr8:26411591-27628118	SBS5	1	1	2	0	0	0
2448	chr8:26411591-27628118	SBS8	1	1	1	0	0	0
2449	chr8:27637791-32714835	SBS13	2	1	1	0	0	0
2450	chr8:27637791-32714835	SBS3	2	1	2	1	0	0
2451	chr8:27637791-32714835	SBS5	2	1	15	5	0	0
2452	chr8:27637791-32714835	SBS8	2	1	3	4	0	0
2453	chr8:32715030-37298000	SBS1	1	1	2	0	0	0
2454	chr8:32715030-37298000	SBS13	1	1	2	0	0	0
2455	chr8:32715030-37298000	SBS3	1	1	7	0	0	0
2456	chr8:32715030-37298000	SBS5	1	1	19	0	0	0
2457	chr8:32715030-37298000	SBS8	1	1	19	0	0	0
2458	chr8:3328049-22220343	SBS1	1	1	4	0	0	0
2459	chr8:3328049-22220343	SBS13	1	1	4	0	0	0
2460	chr8:3328049-22220343	SBS3	1	1	21	0	0	0
2461	chr8:3328049-22220343	SBS5	1	1	61	0	0	0
2462	chr8:3328049-22220343	SBS8	1	1	29	0	0	0
2463	chr8:37298001-40396029	SBS13	1	1	3	0	0	0
2464	chr8:37298001-40396029	SBS3	1	1	5	0	0	0
2465	chr8:37298001-40396029	SBS5	1	1	9	0	0	0
2466	chr8:37298001-40396029	SBS8	1	1	1	0	0	0
2467	chr8:40396203-43508000	SBS13	1	1	1	0	0	0
2468	chr8:40396203-43508000	SBS3	1	1	6	0	0	0
2469	chr8:40396203-43508000	SBS5	1	1	12	0	0	0
2470	chr8:40396203-43508000	SBS8	1	1	6	0	0	0
2471	chr8:43508001-44955504	SBS13	1	1	1	0	0	0
2472	chr8:43508001-44955504	SBS5	1	1	2	0	0	0
2473	chr8:43508001-44955504	SBS8	1	1	4	0	0	0
2474	chr8:44955505-46643226	SBS3	1	1	1	0	0	0
2475	chr8:44955505-46643226	SBS5	1	1	3	0	0	0
2476	chr8:44955505-46643226	SBS8	1	1	1	0	0	0
2477	chr8:46648445-47250500	SBS3	1	1	1	0	0	0
2478	chr8:46648445-47250500	SBS5	1	1	1	0	0	0
2479	chr8:46648445-47250500	SBS8	1	1	2	0	0	0
2480	chr8:47250501-48111000	SBS13	2	1	1	0	0	0
2481	chr8:47250501-48111000	SBS5	2	1	1	1	0	0
2482	chr8:47250501-48111000	SBS8	2	1	1	0	0	0
2483	chr8:48111001-50129768	SBS13	1	1	1	0	0	0
2484	chr8:48111001-50129768	SBS3	1	1	5	0	0	0
2485	chr8:48111001-50129768	SBS5	1	1	7	0	0	0
2486	chr8:48111001-50129768	SBS8	1	1	6	0	0	0
2487	chr8:50977694-51806000	SBS5	1	1	2	0	0	0
2488	chr8:50977694-51806000	SBS8	1	1	1	0	0	0
2489	chr8:51806001-52020000	SBS5	2	1	3	0	0	0
2490	chr8:52020001-52404021	SBS5	1	1	1	0	0	0
2491	chr8:52020001-52404021	SBS8	1	1	2	0	0	0
2492	chr8:52404079-60377000	SBS1	1	1	1	0	0	0
2493	chr8:52404079-60377000	SBS13	1	1	2	0	0	0
2494	chr8:52404079-60377000	SBS3	1	1	15	0	0	0
2495	chr8:52404079-60377000	SBS5	1	1	22	0	0	0
2496	chr8:52404079-60377000	SBS8	1	1	23	0	0	0
2497	chr8:60377001-61026000	SBS5	2	1	0	2	0	0
2498	chr8:61026001-61505000	SBS3	1	1	1	0	0	0
2499	chr8:61026001-61505000	SBS5	1	1	2	0	0	0
2500	chr8:61026001-61505000	SBS8	1	1	1	0	0	0
2501	chr8:61861001-64572000	SBS1	1	1	4	0	0	0
2502	chr8:61861001-64572000	SBS13	1	1	2	0	0	0
2503	chr8:61861001-64572000	SBS3	1	1	1	0	0	0
2504	chr8:61861001-64572000	SBS5	1	1	16	0	0	0
2505	chr8:61861001-64572000	SBS8	1	1	7	0	0	0
2506	chr8:64572001-64921000	SBS8	2	1	0	1	0	0
2507	chr8:64921001-65242494	SBS3	1	1	1	0	0	0
2508	chr8:64921001-65242494	SBS8	1	1	2	0	0	0
2509	chr8:65242671-67413000	SBS1	2	1	2	0	0	0
2510	chr8:65242671-67413000	SBS13	2	1	1	0	0	0
2511	chr8:65242671-67413000	SBS3	2	1	1	1	0	0
2512	chr8:65242671-67413000	SBS5	2	1	4	4	0	0
2513	chr8:65242671-67413000	SBS8	2	1	3	1	0	0
2514	chr8:67413001-69985619	SBS13	1	1	1	0	0	0
2515	chr8:67413001-69985619	SBS3	1	1	2	0	0	0
2516	chr8:67413001-69985619	SBS5	1	1	7	0	0	0
2517	chr8:67413001-69985619	SBS8	1	1	7	0	0	0
2518	chr8:70132001-70685000	SBS8	2	1	1	0	0	0
2519	chr8:70685001-71876075	SBS3	1	1	1	0	0	0
2520	chr8:70685001-71876075	SBS5	1	1	7	0	0	0
2521	chr8:70685001-71876075	SBS8	1	1	2	0	0	0
2522	chr8:73876042-80108870	SBS1	1	0	1	0	0	0
2523	chr8:73876042-80108870	SBS13	1	0	1	0	0	0
2524	chr8:73876042-80108870	SBS3	1	0	1	0	0	0
2525	chr8:73876042-80108870	SBS5	1	0	9	0	0	0
2526	chr8:73876042-80108870	SBS8	1	0	9	0	0	0
2527	chr8:80108871-98139991	SBS13	1	0	8	0	0	0
2528	chr8:80108871-98139991	SBS3	1	0	15	0	0	0
2529	chr8:80108871-98139991	SBS5	1	0	32	0	0	0
2530	chr8:80108871-98139991	SBS8	1	0	16	0	0	0
2531	chr8:98139992-98562979	SBS3	1	1	1	0	0	0
2532	chr8:98596363-99913612	SBS3	2	1	1	0	0	0
2533	chr8:98596363-99913612	SBS5	2	1	7	0	0	0
2534	chr8:98596363-99913612	SBS8	2	1	5	1	0	0
2535	chr8:99913613-100414785	SBS5	2	1	3	0	0	0
2536	chr8:99913613-100414785	SBS8	2	1	1	1	0	0
2537	chr9:1-7043389	SBS1	1	0	2	0	0	0
2538	chr9:1-7043389	SBS13	1	0	1	0	0	0
2539	chr9:1-7043389	SBS3	1	0	9	0	0	0
2540	chr9:1-7043389	SBS5	1	0	31	0	0	0
2541	chr9:1-7043389	SBS8	1	0	8	0	0	0
2542	chr9:11086525-11441783	SBS13	2	1	1	0	0	0
2543	chr9:11086525-11441783	SBS5	2	1	5	0	0	0
2544	chr9:11441784-12654000	SBS13	1	1	1	0	0	0
2545	chr9:11441784-12654000	SBS3	1	1	3	0	0	0
2546	chr9:11441784-12654000	SBS5	1	1	3	0	0	0
2547	chr9:11441784-12654000	SBS8	1	1	1	0	0	0
2548	chr9:117862896-120331000	SBS13	1	0	1	0	0	0
2549	chr9:117862896-120331000	SBS3	1	0	1	0	0	0
2550	chr9:117862896-120331000	SBS5	1	0	8	0	0	0
2551	chr9:117862896-120331000	SBS8	1	0	7	0	0	0
2552	chr9:120331001-120993450	SBS3	1	0	1	0	0	0
2553	chr9:120995409-123460373	SBS13	1	0	1	0	0	0
2554	chr9:120995409-123460373	SBS3	1	0	1	0	0	0
2555	chr9:120995409-123460373	SBS5	1	0	8	0	0	0
2556	chr9:123463711-126008184	SBS13	1	0	3	0	0	0
2557	chr9:123463711-126008184	SBS5	1	0	5	0	0	0
2558	chr9:123463711-126008184	SBS8	1	0	2	0	0	0
2559	chr9:126008225-130407670	SBS1	1	0	1	0	0	0
2560	chr9:126008225-130407670	SBS3	1	0	3	0	0	0
2561	chr9:126008225-130407670	SBS5	1	0	11	0	0	0
2562	chr9:126008225-130407670	SBS8	1	0	5	0	0	0
2563	chr9:12654001-13849145	SBS13	1	1	3	0	0	0
2564	chr9:12654001-13849145	SBS5	1	1	6	0	0	0
2565	chr9:12654001-13849145	SBS8	1	1	2	0	0	0
2566	chr9:130407671-130407710	SBS1	1	0	1	0	0	0
2567	chr9:130407671-130407710	SBS3	1	0	1	0	0	0
2568	chr9:130407711-131833731	SBS1	1	0	1	0	0	0
2569	chr9:130407711-131833731	SBS5	1	0	3	0	0	0
2570	chr9:130407711-131833731	SBS8	1	0	2	0	0	0
2571	chr9:132938279-134164577	SBS13	1	0	1	0	0	0
2572	chr9:132938279-134164577	SBS3	1	0	2	0	0	0
2573	chr9:132938279-134164577	SBS5	1	0	2	0	0	0
2574	chr9:132938279-134164577	SBS8	1	0	1	0	0	0
2575	chr9:134202316-138394717	SBS1	1	0	1	0	0	0
2576	chr9:134202316-138394717	SBS3	1	0	4	0	0	0
2577	chr9:134202316-138394717	SBS5	1	0	6	0	0	0
2578	chr9:134202316-138394717	SBS8	1	0	2	0	0	0
2579	chr9:13860483-13952082	SBS3	4	1	1	0	0	0
2580	chr9:13952083-14042215	SBS13	4	2	1	0	0	0
2581	chr9:13952083-14042215	SBS5	4	2	0	0	0	1
2582	chr9:14042216-14147640	SBS13	5	2	0	0	1	0
2583	chr9:14042216-14147640	SBS5	5	2	1	0	0	0
2584	chr9:14147641-14176180	SBS8	4	2	0	1	0	0
2585	chr9:14246296-14562828	SBS8	1	1	1	0	0	0
2586	chr9:14563329-16383362	SBS5	1	1	6	0	0	0
2587	chr9:14563329-16383362	SBS8	1	1	4	0	0	0
2588	chr9:16383454-19799618	SBS1	1	1	2	0	0	0
2589	chr9:16383454-19799618	SBS13	1	1	2	0	0	0
2590	chr9:16383454-19799618	SBS3	1	1	4	0	0	0
2591	chr9:16383454-19799618	SBS5	1	1	11	0	0	0
2592	chr9:16383454-19799618	SBS8	1	1	10	0	0	0
2593	chr9:19799804-22751605	SBS13	1	1	1	0	0	0
2594	chr9:19799804-22751605	SBS3	1	1	2	0	0	0
2595	chr9:19799804-22751605	SBS5	1	1	8	0	0	0
2596	chr9:19799804-22751605	SBS8	1	1	2	0	0	0
2597	chr9:22752181-26408901	SBS3	1	1	2	0	0	0
2598	chr9:22752181-26408901	SBS5	1	1	8	0	0	0
2599	chr9:22752181-26408901	SBS8	1	1	9	0	0	0
2600	chr9:26408937-33019000	SBS1	1	1	3	0	0	0
2601	chr9:26408937-33019000	SBS13	1	1	3	0	0	0
2602	chr9:26408937-33019000	SBS3	1	1	9	0	0	0
2603	chr9:26408937-33019000	SBS5	1	1	17	0	0	0
2604	chr9:26408937-33019000	SBS8	1	1	20	0	0	0
2605	chr9:33019001-35602932	SBS3	1	1	2	0	0	0
2606	chr9:33019001-35602932	SBS5	1	1	7	0	0	0
2607	chr9:33019001-35602932	SBS8	1	1	1	0	0	0
2608	chr9:35603463-44377362	SBS1	1	1	1	0	0	0
2609	chr9:35603463-44377362	SBS13	1	1	3	0	0	0
2610	chr9:35603463-44377362	SBS3	1	1	10	0	0	0
2611	chr9:35603463-44377362	SBS5	1	1	36	0	0	0
2612	chr9:35603463-44377362	SBS8	1	1	7	0	0	0
2613	chr9:44377363-68543000	SBS1	1	1	2	0	0	0
2614	chr9:44377363-68543000	SBS3	1	1	4	0	0	0
2615	chr9:44377363-68543000	SBS5	1	1	14	0	0	0
2616	chr9:44377363-68543000	SBS8	1	1	4	0	0	0
2617	chr9:68543001-72768674	SBS1	1	0	2	0	0	0
2618	chr9:68543001-72768674	SBS3	1	0	2	0	0	0
2619	chr9:68543001-72768674	SBS5	1	0	9	0	0	0
2620	chr9:68543001-72768674	SBS8	1	0	3	0	0	0
2621	chr9:7043447-11086524	SBS1	1	1	1	0	0	0
2622	chr9:7043447-11086524	SBS13	1	1	2	0	0	0
2623	chr9:7043447-11086524	SBS3	1	1	4	0	0	0
2624	chr9:7043447-11086524	SBS5	1	1	13	0	0	0
2625	chr9:7043447-11086524	SBS8	1	1	8	0	0	0
2626	chr9:72768714-74109421	SBS3	1	0	1	0	0	0
2627	chr9:72768714-74109421	SBS5	1	0	5	0	0	0
2628	chr9:72768714-74109421	SBS8	1	0	3	0	0	0
2629	chr9:74109488-76732492	SBS3	1	0	3	0	0	0
2630	chr9:74109488-76732492	SBS5	1	0	9	0	0	0
2631	chr9:74109488-76732492	SBS8	1	0	6	0	0	0
2632	chr9:76732529-84647362	SBS13	1	0	1	0	0	0
2633	chr9:76732529-84647362	SBS3	1	0	5	0	0	0
2634	chr9:76732529-84647362	SBS5	1	0	16	0	0	0
2635	chr9:76732529-84647362	SBS8	1	0	6	0	0	0
2636	chr9:84647396-99307815	SBS1	1	0	1	0	0	0
2637	chr9:84647396-99307815	SBS13	1	0	2	0	0	0
2638	chr9:84647396-99307815	SBS3	1	0	6	0	0	0
2639	chr9:84647396-99307815	SBS5	1	0	32	0	0	0
2640	chr9:84647396-99307815	SBS8	1	0	14	0	0	0
2641	chr9:99307940-117841415	SBS1	1	0	2	0	0	0
2642	chr9:99307940-117841415	SBS13	1	0	3	0	0	0
2643	chr9:99307940-117841415	SBS3	1	0	17	0	0	0
2644	chr9:99307940-117841415	SBS5	1	0	35	0	0	0
2645	chr9:99307940-117841415	SBS8	1	0	14	0	0	0
