host: compute-p-17-174.o2.rc.hms.harvard.edu
Building DAG of jobs...
You are running snakemake in a SLURM job context. This is not recommended, as it may lead to unexpected behavior. Please run Snakemake directly on the login node.
SLURM run ID: 28a2f97f-b897-4fe8-b000-d1b3e433ed2e
Using shell: /usr/bin/bash
Provided remote nodes: 300
Job stats:
job                      count
---------------------  -------
all                          1
calculate_likelihoods        3
count_multiplicities         3
estimate_timing             33
total                       40

Select jobs to execute...
Execute 33 jobs...

[Thu Feb 27 13:25:58 2025]
rule estimate_timing:
    input: output/multiplicities/Patient43_multiplicities.tsv
    output: output/timing_results/Patient43_timing.tsv, output/timing_plots/Patient43_timing_plot.pdf
    jobid: 53
    reason: Missing output files: output/timing_plots/Patient43_timing_plot.pdf
    wildcards: sample=Patient43
    resources: mem_mb=1000, mem_mib=954, disk_mb=1000, disk_mib=954, tmpdir=<TBD>, slurm_account=park_contrib, slurm_partition=park, runtime=14400

Job 53 has been submitted with SLURM jobid 60683673 (log: /n/data1/hms/dbmi/park/jbrew/Tau/Tau_github/examples/inform_run/snakemake/.snakemake/slurm_logs/rule_estimate_timing/Patient43/60683673.log).

[Thu Feb 27 13:26:00 2025]
rule estimate_timing:
    input: output/multiplicities/Patient82_multiplicities.tsv
    output: output/timing_results/Patient82_timing.tsv, output/timing_plots/Patient82_timing_plot.pdf
    jobid: 113
    reason: Missing output files: output/timing_plots/Patient82_timing_plot.pdf
    wildcards: sample=Patient82
    resources: mem_mb=1000, mem_mib=954, disk_mb=1000, disk_mib=954, tmpdir=<TBD>, slurm_account=park_contrib, slurm_partition=park, runtime=14400

Job 113 has been submitted with SLURM jobid 60683674 (log: /n/data1/hms/dbmi/park/jbrew/Tau/Tau_github/examples/inform_run/snakemake/.snakemake/slurm_logs/rule_estimate_timing/Patient82/60683674.log).

[Thu Feb 27 13:26:00 2025]
rule calculate_likelihoods:
    input: output/preprocessed/Patient86_preprocessed.tsv, ../inform_data/all_exposures_aligned_0.01_0.05_0.05_0.001_0.001_0.001_0.001_0.001_sub0.005.txt, ../inform_data/COSMIC_v3p2_SBS_WGS_MuSiCal.csv, /n/data1/hms/dbmi/park/SOFTWARE/REFERENCE/hg38/Homo_sapiens_assembly38.fasta
    output: output/likelihoods/Patient86_likelihoods.tsv
    jobid: 119
    reason: Missing output files: output/likelihoods/Patient86_likelihoods.tsv
    wildcards: sample=Patient86
    resources: mem_mb=1000, mem_mib=954, disk_mb=6202, disk_mib=5915, tmpdir=<TBD>, slurm_account=park_contrib, slurm_partition=park, runtime=14400, time=5:00

Job 119 has been submitted with SLURM jobid 60683675 (log: /n/data1/hms/dbmi/park/jbrew/Tau/Tau_github/examples/inform_run/snakemake/.snakemake/slurm_logs/rule_calculate_likelihoods/Patient86/60683675.log).

[Thu Feb 27 13:26:02 2025]
rule estimate_timing:
    input: output/multiplicities/Patient44_multiplicities.tsv
    output: output/timing_results/Patient44_timing.tsv, output/timing_plots/Patient44_timing_plot.pdf
    jobid: 57
    reason: Missing output files: output/timing_plots/Patient44_timing_plot.pdf
    wildcards: sample=Patient44
    resources: mem_mb=1000, mem_mib=954, disk_mb=1000, disk_mib=954, tmpdir=<TBD>, slurm_account=park_contrib, slurm_partition=park, runtime=14400

Job 57 has been submitted with SLURM jobid 60683676 (log: /n/data1/hms/dbmi/park/jbrew/Tau/Tau_github/examples/inform_run/snakemake/.snakemake/slurm_logs/rule_estimate_timing/Patient44/60683676.log).

[Thu Feb 27 13:26:02 2025]
rule estimate_timing:
    input: output/multiplicities/Patient101_multiplicities.tsv
    output: output/timing_results/Patient101_timing.tsv, output/timing_plots/Patient101_timing_plot.pdf
    jobid: 1
    reason: Missing output files: output/timing_plots/Patient101_timing_plot.pdf
    wildcards: sample=Patient101
    resources: mem_mb=1000, mem_mib=954, disk_mb=1000, disk_mib=954, tmpdir=<TBD>, slurm_account=park_contrib, slurm_partition=park, runtime=14400

Job 1 has been submitted with SLURM jobid 60683677 (log: /n/data1/hms/dbmi/park/jbrew/Tau/Tau_github/examples/inform_run/snakemake/.snakemake/slurm_logs/rule_estimate_timing/Patient101/60683677.log).

[Thu Feb 27 13:26:03 2025]
rule estimate_timing:
    input: output/multiplicities/Patient47_multiplicities.tsv
    output: output/timing_results/Patient47_timing.tsv, output/timing_plots/Patient47_timing_plot.pdf
    jobid: 61
    reason: Missing output files: output/timing_plots/Patient47_timing_plot.pdf
    wildcards: sample=Patient47
    resources: mem_mb=1000, mem_mib=954, disk_mb=1000, disk_mib=954, tmpdir=<TBD>, slurm_account=park_contrib, slurm_partition=park, runtime=14400

Job 61 has been submitted with SLURM jobid 60683678 (log: /n/data1/hms/dbmi/park/jbrew/Tau/Tau_github/examples/inform_run/snakemake/.snakemake/slurm_logs/rule_estimate_timing/Patient47/60683678.log).

[Thu Feb 27 13:26:17 2025]
rule estimate_timing:
    input: output/multiplicities/Patient87_multiplicities.tsv
    output: output/timing_results/Patient87_timing.tsv, output/timing_plots/Patient87_timing_plot.pdf
    jobid: 121
    reason: Missing output files: output/timing_plots/Patient87_timing_plot.pdf
    wildcards: sample=Patient87
    resources: mem_mb=1000, mem_mib=954, disk_mb=1000, disk_mib=954, tmpdir=<TBD>, slurm_account=park_contrib, slurm_partition=park, runtime=14400

Job 121 has been submitted with SLURM jobid 60683680 (log: /n/data1/hms/dbmi/park/jbrew/Tau/Tau_github/examples/inform_run/snakemake/.snakemake/slurm_logs/rule_estimate_timing/Patient87/60683680.log).

[Thu Feb 27 13:26:17 2025]
rule estimate_timing:
    input: output/multiplicities/Patient50_multiplicities.tsv
    output: output/timing_results/Patient50_timing.tsv, output/timing_plots/Patient50_timing_plot.pdf
    jobid: 65
    reason: Missing output files: output/timing_plots/Patient50_timing_plot.pdf
    wildcards: sample=Patient50
    resources: mem_mb=1000, mem_mib=954, disk_mb=1000, disk_mib=954, tmpdir=<TBD>, slurm_account=park_contrib, slurm_partition=park, runtime=14400

Job 65 has been submitted with SLURM jobid 60683681 (log: /n/data1/hms/dbmi/park/jbrew/Tau/Tau_github/examples/inform_run/snakemake/.snakemake/slurm_logs/rule_estimate_timing/Patient50/60683681.log).

[Thu Feb 27 13:26:17 2025]
rule estimate_timing:
    input: output/multiplicities/Patient109_multiplicities.tsv
    output: output/timing_results/Patient109_timing.tsv, output/timing_plots/Patient109_timing_plot.pdf
    jobid: 5
    reason: Missing output files: output/timing_plots/Patient109_timing_plot.pdf
    wildcards: sample=Patient109
    resources: mem_mb=1000, mem_mib=954, disk_mb=1000, disk_mib=954, tmpdir=<TBD>, slurm_account=park_contrib, slurm_partition=park, runtime=14400

Job 5 has been submitted with SLURM jobid 60683682 (log: /n/data1/hms/dbmi/park/jbrew/Tau/Tau_github/examples/inform_run/snakemake/.snakemake/slurm_logs/rule_estimate_timing/Patient109/60683682.log).

[Thu Feb 27 13:26:20 2025]
rule estimate_timing:
    input: output/multiplicities/Patient90_multiplicities.tsv
    output: output/timing_results/Patient90_timing.tsv, output/timing_plots/Patient90_timing_plot.pdf
    jobid: 125
    reason: Missing output files: output/timing_plots/Patient90_timing_plot.pdf
    wildcards: sample=Patient90
    resources: mem_mb=1000, mem_mib=954, disk_mb=1000, disk_mib=954, tmpdir=<TBD>, slurm_account=park_contrib, slurm_partition=park, runtime=14400

Job 125 has been submitted with SLURM jobid 60683683 (log: /n/data1/hms/dbmi/park/jbrew/Tau/Tau_github/examples/inform_run/snakemake/.snakemake/slurm_logs/rule_estimate_timing/Patient90/60683683.log).

[Thu Feb 27 13:26:20 2025]
rule estimate_timing:
    input: output/multiplicities/Patient113_multiplicities.tsv
    output: output/timing_results/Patient113_timing.tsv, output/timing_plots/Patient113_timing_plot.pdf
    jobid: 9
    reason: Missing output files: output/timing_plots/Patient113_timing_plot.pdf
    wildcards: sample=Patient113
    resources: mem_mb=1000, mem_mib=954, disk_mb=1000, disk_mib=954, tmpdir=<TBD>, slurm_account=park_contrib, slurm_partition=park, runtime=14400

Job 9 has been submitted with SLURM jobid 60683684 (log: /n/data1/hms/dbmi/park/jbrew/Tau/Tau_github/examples/inform_run/snakemake/.snakemake/slurm_logs/rule_estimate_timing/Patient113/60683684.log).

[Thu Feb 27 13:26:22 2025]
rule estimate_timing:
    input: output/multiplicities/Patient55_multiplicities.tsv
    output: output/timing_results/Patient55_timing.tsv, output/timing_plots/Patient55_timing_plot.pdf
    jobid: 69
    reason: Missing output files: output/timing_plots/Patient55_timing_plot.pdf
    wildcards: sample=Patient55
    resources: mem_mb=1000, mem_mib=954, disk_mb=1000, disk_mib=954, tmpdir=<TBD>, slurm_account=park_contrib, slurm_partition=park, runtime=14400

Job 69 has been submitted with SLURM jobid 60683685 (log: /n/data1/hms/dbmi/park/jbrew/Tau/Tau_github/examples/inform_run/snakemake/.snakemake/slurm_logs/rule_estimate_timing/Patient55/60683685.log).

[Thu Feb 27 13:26:25 2025]
rule estimate_timing:
    input: output/multiplicities/Patient94_multiplicities.tsv
    output: output/timing_results/Patient94_timing.tsv, output/timing_plots/Patient94_timing_plot.pdf
    jobid: 129
    reason: Missing output files: output/timing_plots/Patient94_timing_plot.pdf
    wildcards: sample=Patient94
    resources: mem_mb=1000, mem_mib=954, disk_mb=1000, disk_mib=954, tmpdir=<TBD>, slurm_account=park_contrib, slurm_partition=park, runtime=14400

Job 129 has been submitted with SLURM jobid 60683686 (log: /n/data1/hms/dbmi/park/jbrew/Tau/Tau_github/examples/inform_run/snakemake/.snakemake/slurm_logs/rule_estimate_timing/Patient94/60683686.log).

[Thu Feb 27 13:26:25 2025]
rule estimate_timing:
    input: output/multiplicities/Patient57_multiplicities.tsv
    output: output/timing_results/Patient57_timing.tsv, output/timing_plots/Patient57_timing_plot.pdf
    jobid: 73
    reason: Missing output files: output/timing_plots/Patient57_timing_plot.pdf
    wildcards: sample=Patient57
    resources: mem_mb=1000, mem_mib=954, disk_mb=1000, disk_mib=954, tmpdir=<TBD>, slurm_account=park_contrib, slurm_partition=park, runtime=14400

Job 73 has been submitted with SLURM jobid 60683687 (log: /n/data1/hms/dbmi/park/jbrew/Tau/Tau_github/examples/inform_run/snakemake/.snakemake/slurm_logs/rule_estimate_timing/Patient57/60683687.log).

[Thu Feb 27 13:26:27 2025]
rule estimate_timing:
    input: output/multiplicities/Patient17_multiplicities.tsv
    output: output/timing_results/Patient17_timing.tsv, output/timing_plots/Patient17_timing_plot.pdf
    jobid: 17
    reason: Missing output files: output/timing_plots/Patient17_timing_plot.pdf
    wildcards: sample=Patient17
    resources: mem_mb=1000, mem_mib=954, disk_mb=1000, disk_mib=954, tmpdir=<TBD>, slurm_account=park_contrib, slurm_partition=park, runtime=14400

Job 17 has been submitted with SLURM jobid 60683688 (log: /n/data1/hms/dbmi/park/jbrew/Tau/Tau_github/examples/inform_run/snakemake/.snakemake/slurm_logs/rule_estimate_timing/Patient17/60683688.log).

[Thu Feb 27 13:26:30 2025]
rule estimate_timing:
    input: output/multiplicities/Patient58_multiplicities.tsv
    output: output/timing_results/Patient58_timing.tsv, output/timing_plots/Patient58_timing_plot.pdf
    jobid: 77
    reason: Missing output files: output/timing_plots/Patient58_timing_plot.pdf
    wildcards: sample=Patient58
    resources: mem_mb=1000, mem_mib=954, disk_mb=1000, disk_mib=954, tmpdir=<TBD>, slurm_account=park_contrib, slurm_partition=park, runtime=14400

Job 77 has been submitted with SLURM jobid 60683689 (log: /n/data1/hms/dbmi/park/jbrew/Tau/Tau_github/examples/inform_run/snakemake/.snakemake/slurm_logs/rule_estimate_timing/Patient58/60683689.log).

[Thu Feb 27 13:26:30 2025]
rule estimate_timing:
    input: output/multiplicities/Patient18_multiplicities.tsv
    output: output/timing_results/Patient18_timing.tsv, output/timing_plots/Patient18_timing_plot.pdf
    jobid: 21
    reason: Missing output files: output/timing_plots/Patient18_timing_plot.pdf
    wildcards: sample=Patient18
    resources: mem_mb=1000, mem_mib=954, disk_mb=1000, disk_mib=954, tmpdir=<TBD>, slurm_account=park_contrib, slurm_partition=park, runtime=14400

Job 21 has been submitted with SLURM jobid 60683690 (log: /n/data1/hms/dbmi/park/jbrew/Tau/Tau_github/examples/inform_run/snakemake/.snakemake/slurm_logs/rule_estimate_timing/Patient18/60683690.log).

[Thu Feb 27 13:26:32 2025]
rule estimate_timing:
    input: output/multiplicities/Patient64_multiplicities.tsv
    output: output/timing_results/Patient64_timing.tsv, output/timing_plots/Patient64_timing_plot.pdf
    jobid: 81
    reason: Missing output files: output/timing_plots/Patient64_timing_plot.pdf
    wildcards: sample=Patient64
    resources: mem_mb=1000, mem_mib=954, disk_mb=1000, disk_mib=954, tmpdir=<TBD>, slurm_account=park_contrib, slurm_partition=park, runtime=14400

Job 81 has been submitted with SLURM jobid 60683691 (log: /n/data1/hms/dbmi/park/jbrew/Tau/Tau_github/examples/inform_run/snakemake/.snakemake/slurm_logs/rule_estimate_timing/Patient64/60683691.log).

[Thu Feb 27 13:26:35 2025]
rule estimate_timing:
    input: output/multiplicities/Patient1_multiplicities.tsv
    output: output/timing_results/Patient1_timing.tsv, output/timing_plots/Patient1_timing_plot.pdf
    jobid: 25
    reason: Missing output files: output/timing_plots/Patient1_timing_plot.pdf
    wildcards: sample=Patient1
    resources: mem_mb=1000, mem_mib=954, disk_mb=1000, disk_mib=954, tmpdir=<TBD>, slurm_account=park_contrib, slurm_partition=park, runtime=14400

Job 25 has been submitted with SLURM jobid 60683692 (log: /n/data1/hms/dbmi/park/jbrew/Tau/Tau_github/examples/inform_run/snakemake/.snakemake/slurm_logs/rule_estimate_timing/Patient1/60683692.log).

[Thu Feb 27 13:26:35 2025]
rule estimate_timing:
    input: output/multiplicities/Patient65_multiplicities.tsv
    output: output/timing_results/Patient65_timing.tsv, output/timing_plots/Patient65_timing_plot.pdf
    jobid: 85
    reason: Missing output files: output/timing_plots/Patient65_timing_plot.pdf
    wildcards: sample=Patient65
    resources: mem_mb=1000, mem_mib=954, disk_mb=1000, disk_mib=954, tmpdir=<TBD>, slurm_account=park_contrib, slurm_partition=park, runtime=14400

Job 85 has been submitted with SLURM jobid 60683693 (log: /n/data1/hms/dbmi/park/jbrew/Tau/Tau_github/examples/inform_run/snakemake/.snakemake/slurm_logs/rule_estimate_timing/Patient65/60683693.log).

[Thu Feb 27 13:26:37 2025]
rule estimate_timing:
    input: output/multiplicities/Patient20_multiplicities.tsv
    output: output/timing_results/Patient20_timing.tsv, output/timing_plots/Patient20_timing_plot.pdf
    jobid: 29
    reason: Missing output files: output/timing_plots/Patient20_timing_plot.pdf
    wildcards: sample=Patient20
    resources: mem_mb=1000, mem_mib=954, disk_mb=1000, disk_mib=954, tmpdir=<TBD>, slurm_account=park_contrib, slurm_partition=park, runtime=14400

Job 29 has been submitted with SLURM jobid 60683694 (log: /n/data1/hms/dbmi/park/jbrew/Tau/Tau_github/examples/inform_run/snakemake/.snakemake/slurm_logs/rule_estimate_timing/Patient20/60683694.log).

[Thu Feb 27 13:26:40 2025]
rule estimate_timing:
    input: output/multiplicities/Patient68_multiplicities.tsv
    output: output/timing_results/Patient68_timing.tsv, output/timing_plots/Patient68_timing_plot.pdf
    jobid: 89
    reason: Missing output files: output/timing_plots/Patient68_timing_plot.pdf
    wildcards: sample=Patient68
    resources: mem_mb=1000, mem_mib=954, disk_mb=1000, disk_mib=954, tmpdir=<TBD>, slurm_account=park_contrib, slurm_partition=park, runtime=14400

Job 89 has been submitted with SLURM jobid 60683695 (log: /n/data1/hms/dbmi/park/jbrew/Tau/Tau_github/examples/inform_run/snakemake/.snakemake/slurm_logs/rule_estimate_timing/Patient68/60683695.log).

[Thu Feb 27 13:26:41 2025]
rule estimate_timing:
    input: output/multiplicities/Patient37_multiplicities.tsv
    output: output/timing_results/Patient37_timing.tsv, output/timing_plots/Patient37_timing_plot.pdf
    jobid: 49
    reason: Missing output files: output/timing_plots/Patient37_timing_plot.pdf
    wildcards: sample=Patient37
    resources: mem_mb=1000, mem_mib=954, disk_mb=1000, disk_mib=954, tmpdir=<TBD>, slurm_account=park_contrib, slurm_partition=park, runtime=14400

Job 49 has been submitted with SLURM jobid 60683696 (log: /n/data1/hms/dbmi/park/jbrew/Tau/Tau_github/examples/inform_run/snakemake/.snakemake/slurm_logs/rule_estimate_timing/Patient37/60683696.log).

[Thu Feb 27 13:26:41 2025]
rule estimate_timing:
    input: output/multiplicities/Patient25_multiplicities.tsv
    output: output/timing_results/Patient25_timing.tsv, output/timing_plots/Patient25_timing_plot.pdf
    jobid: 33
    reason: Missing output files: output/timing_plots/Patient25_timing_plot.pdf
    wildcards: sample=Patient25
    resources: mem_mb=1000, mem_mib=954, disk_mb=1000, disk_mib=954, tmpdir=<TBD>, slurm_account=park_contrib, slurm_partition=park, runtime=14400

Job 33 has been submitted with SLURM jobid 60683697 (log: /n/data1/hms/dbmi/park/jbrew/Tau/Tau_github/examples/inform_run/snakemake/.snakemake/slurm_logs/rule_estimate_timing/Patient25/60683697.log).

[Thu Feb 27 13:26:41 2025]
rule estimate_timing:
    input: output/multiplicities/Patient76_multiplicities.tsv
    output: output/timing_results/Patient76_timing.tsv, output/timing_plots/Patient76_timing_plot.pdf
    jobid: 93
    reason: Missing output files: output/timing_plots/Patient76_timing_plot.pdf
    wildcards: sample=Patient76
    resources: mem_mb=1000, mem_mib=954, disk_mb=1000, disk_mib=954, tmpdir=<TBD>, slurm_account=park_contrib, slurm_partition=park, runtime=14400

Job 93 has been submitted with SLURM jobid 60683698 (log: /n/data1/hms/dbmi/park/jbrew/Tau/Tau_github/examples/inform_run/snakemake/.snakemake/slurm_logs/rule_estimate_timing/Patient76/60683698.log).

[Thu Feb 27 13:26:41 2025]
rule estimate_timing:
    input: output/multiplicities/Patient26_multiplicities.tsv
    output: output/timing_results/Patient26_timing.tsv, output/timing_plots/Patient26_timing_plot.pdf
    jobid: 37
    reason: Missing output files: output/timing_plots/Patient26_timing_plot.pdf
    wildcards: sample=Patient26
    resources: mem_mb=1000, mem_mib=954, disk_mb=1000, disk_mib=954, tmpdir=<TBD>, slurm_account=park_contrib, slurm_partition=park, runtime=14400

Job 37 has been submitted with SLURM jobid 60683699 (log: /n/data1/hms/dbmi/park/jbrew/Tau/Tau_github/examples/inform_run/snakemake/.snakemake/slurm_logs/rule_estimate_timing/Patient26/60683699.log).

[Thu Feb 27 13:26:42 2025]
rule calculate_likelihoods:
    input: output/preprocessed/Patient77_preprocessed.tsv, ../inform_data/all_exposures_aligned_0.01_0.05_0.05_0.001_0.001_0.001_0.001_0.001_sub0.005.txt, ../inform_data/COSMIC_v3p2_SBS_WGS_MuSiCal.csv, /n/data1/hms/dbmi/park/SOFTWARE/REFERENCE/hg38/Homo_sapiens_assembly38.fasta
    output: output/likelihoods/Patient77_likelihoods.tsv
    jobid: 99
    reason: Missing output files: output/likelihoods/Patient77_likelihoods.tsv
    wildcards: sample=Patient77
    resources: mem_mb=1000, mem_mib=954, disk_mb=6201, disk_mib=5914, tmpdir=<TBD>, slurm_account=park_contrib, slurm_partition=park, runtime=14400, time=5:00

Job 99 has been submitted with SLURM jobid 60683700 (log: /n/data1/hms/dbmi/park/jbrew/Tau/Tau_github/examples/inform_run/snakemake/.snakemake/slurm_logs/rule_calculate_likelihoods/Patient77/60683700.log).

[Thu Feb 27 13:26:42 2025]
rule estimate_timing:
    input: output/multiplicities/Patient33_multiplicities.tsv
    output: output/timing_results/Patient33_timing.tsv, output/timing_plots/Patient33_timing_plot.pdf
    jobid: 41
    reason: Missing output files: output/timing_plots/Patient33_timing_plot.pdf
    wildcards: sample=Patient33
    resources: mem_mb=1000, mem_mib=954, disk_mb=1000, disk_mib=954, tmpdir=<TBD>, slurm_account=park_contrib, slurm_partition=park, runtime=14400

Job 41 has been submitted with SLURM jobid 60683701 (log: /n/data1/hms/dbmi/park/jbrew/Tau/Tau_github/examples/inform_run/snakemake/.snakemake/slurm_logs/rule_estimate_timing/Patient33/60683701.log).

[Thu Feb 27 13:26:43 2025]
rule estimate_timing:
    input: output/multiplicities/Patient7_multiplicities.tsv
    output: output/timing_results/Patient7_timing.tsv, output/timing_plots/Patient7_timing_plot.pdf
    jobid: 101
    reason: Missing output files: output/timing_plots/Patient7_timing_plot.pdf
    wildcards: sample=Patient7
    resources: mem_mb=1000, mem_mib=954, disk_mb=1000, disk_mib=954, tmpdir=<TBD>, slurm_account=park_contrib, slurm_partition=park, runtime=14400

Job 101 has been submitted with SLURM jobid 60683702 (log: /n/data1/hms/dbmi/park/jbrew/Tau/Tau_github/examples/inform_run/snakemake/.snakemake/slurm_logs/rule_estimate_timing/Patient7/60683702.log).

[Thu Feb 27 13:26:43 2025]
rule estimate_timing:
    input: output/multiplicities/Patient34_multiplicities.tsv
    output: output/timing_results/Patient34_timing.tsv, output/timing_plots/Patient34_timing_plot.pdf
    jobid: 45
    reason: Missing output files: output/timing_plots/Patient34_timing_plot.pdf
    wildcards: sample=Patient34
    resources: mem_mb=1000, mem_mib=954, disk_mb=1000, disk_mib=954, tmpdir=<TBD>, slurm_account=park_contrib, slurm_partition=park, runtime=14400

Job 45 has been submitted with SLURM jobid 60683703 (log: /n/data1/hms/dbmi/park/jbrew/Tau/Tau_github/examples/inform_run/snakemake/.snakemake/slurm_logs/rule_estimate_timing/Patient34/60683703.log).

[Thu Feb 27 13:26:43 2025]
rule estimate_timing:
    input: output/multiplicities/Patient80_multiplicities.tsv
    output: output/timing_results/Patient80_timing.tsv, output/timing_plots/Patient80_timing_plot.pdf
    jobid: 105
    reason: Missing output files: output/timing_plots/Patient80_timing_plot.pdf
    wildcards: sample=Patient80
    resources: mem_mb=1000, mem_mib=954, disk_mb=1000, disk_mib=954, tmpdir=<TBD>, slurm_account=park_contrib, slurm_partition=park, runtime=14400

Job 105 has been submitted with SLURM jobid 60683704 (log: /n/data1/hms/dbmi/park/jbrew/Tau/Tau_github/examples/inform_run/snakemake/.snakemake/slurm_logs/rule_estimate_timing/Patient80/60683704.log).

[Thu Feb 27 13:26:43 2025]
rule calculate_likelihoods:
    input: output/preprocessed/Patient15_preprocessed.tsv, ../inform_data/all_exposures_aligned_0.01_0.05_0.05_0.001_0.001_0.001_0.001_0.001_sub0.005.txt, ../inform_data/COSMIC_v3p2_SBS_WGS_MuSiCal.csv, /n/data1/hms/dbmi/park/SOFTWARE/REFERENCE/hg38/Homo_sapiens_assembly38.fasta
    output: output/likelihoods/Patient15_likelihoods.tsv
    jobid: 15
    reason: Missing output files: output/likelihoods/Patient15_likelihoods.tsv
    wildcards: sample=Patient15
    resources: mem_mb=1000, mem_mib=954, disk_mb=6202, disk_mib=5915, tmpdir=<TBD>, slurm_account=park_contrib, slurm_partition=park, runtime=14400, time=5:00

Job 15 has been submitted with SLURM jobid 60683705 (log: /n/data1/hms/dbmi/park/jbrew/Tau/Tau_github/examples/inform_run/snakemake/.snakemake/slurm_logs/rule_calculate_likelihoods/Patient15/60683705.log).

[Thu Feb 27 13:26:44 2025]
rule estimate_timing:
    input: output/multiplicities/Patient81_multiplicities.tsv
    output: output/timing_results/Patient81_timing.tsv, output/timing_plots/Patient81_timing_plot.pdf
    jobid: 109
    reason: Missing output files: output/timing_plots/Patient81_timing_plot.pdf
    wildcards: sample=Patient81
    resources: mem_mb=1000, mem_mib=954, disk_mb=1000, disk_mib=954, tmpdir=<TBD>, slurm_account=park_contrib, slurm_partition=park, runtime=14400

Job 109 has been submitted with SLURM jobid 60683706 (log: /n/data1/hms/dbmi/park/jbrew/Tau/Tau_github/examples/inform_run/snakemake/.snakemake/slurm_logs/rule_estimate_timing/Patient81/60683706.log).
[Thu Feb 27 13:28:54 2025]
Error in rule estimate_timing:
    message: SLURM-job '60683673' failed, SLURM status is: 'FAILED'. For further error details see the cluster/cloud log and the log files of the involved rule(s).
    jobid: 53
    input: output/multiplicities/Patient43_multiplicities.tsv
    output: output/timing_results/Patient43_timing.tsv, output/timing_plots/Patient43_timing_plot.pdf
    log: /n/data1/hms/dbmi/park/jbrew/Tau/Tau_github/examples/inform_run/snakemake/.snakemake/slurm_logs/rule_estimate_timing/Patient43/60683673.log (check log file(s) for error details)
    shell:
        
        python scripts/estimate_timing.py             --multiplicities output/multiplicities/Patient43_multiplicities.tsv             --output_tsv output/timing_results/Patient43_timing.tsv             --output_plot output/timing_plots/Patient43_timing_plot.pdf
        
        (one of the commands exited with non-zero exit code; note that snakemake uses bash strict mode!)
    external_jobid: 60683673

[Thu Feb 27 13:28:54 2025]
Error in rule estimate_timing:
    message: SLURM-job '60683674' failed, SLURM status is: 'FAILED'. For further error details see the cluster/cloud log and the log files of the involved rule(s).
    jobid: 113
    input: output/multiplicities/Patient82_multiplicities.tsv
    output: output/timing_results/Patient82_timing.tsv, output/timing_plots/Patient82_timing_plot.pdf
    log: /n/data1/hms/dbmi/park/jbrew/Tau/Tau_github/examples/inform_run/snakemake/.snakemake/slurm_logs/rule_estimate_timing/Patient82/60683674.log (check log file(s) for error details)
    shell:
        
        python scripts/estimate_timing.py             --multiplicities output/multiplicities/Patient82_multiplicities.tsv             --output_tsv output/timing_results/Patient82_timing.tsv             --output_plot output/timing_plots/Patient82_timing_plot.pdf
        
        (one of the commands exited with non-zero exit code; note that snakemake uses bash strict mode!)
    external_jobid: 60683674

[Thu Feb 27 13:28:54 2025]
Error in rule estimate_timing:
    message: SLURM-job '60683676' failed, SLURM status is: 'FAILED'. For further error details see the cluster/cloud log and the log files of the involved rule(s).
    jobid: 57
    input: output/multiplicities/Patient44_multiplicities.tsv
    output: output/timing_results/Patient44_timing.tsv, output/timing_plots/Patient44_timing_plot.pdf
    log: /n/data1/hms/dbmi/park/jbrew/Tau/Tau_github/examples/inform_run/snakemake/.snakemake/slurm_logs/rule_estimate_timing/Patient44/60683676.log (check log file(s) for error details)
    shell:
        
        python scripts/estimate_timing.py             --multiplicities output/multiplicities/Patient44_multiplicities.tsv             --output_tsv output/timing_results/Patient44_timing.tsv             --output_plot output/timing_plots/Patient44_timing_plot.pdf
        
        (one of the commands exited with non-zero exit code; note that snakemake uses bash strict mode!)
    external_jobid: 60683676

[Thu Feb 27 13:28:54 2025]
Finished job 119.
1 of 40 steps (2%) done
Trying to restart job 53.
Trying to restart job 113.
Select jobs to execute...
[Thu Feb 27 13:28:54 2025]
Error in rule estimate_timing:
    message: SLURM-job '60683677' failed, SLURM status is: 'FAILED'. For further error details see the cluster/cloud log and the log files of the involved rule(s).
    jobid: 1
    input: output/multiplicities/Patient101_multiplicities.tsv
    output: output/timing_results/Patient101_timing.tsv, output/timing_plots/Patient101_timing_plot.pdf
    log: /n/data1/hms/dbmi/park/jbrew/Tau/Tau_github/examples/inform_run/snakemake/.snakemake/slurm_logs/rule_estimate_timing/Patient101/60683677.log (check log file(s) for error details)
    shell:
        
        python scripts/estimate_timing.py             --multiplicities output/multiplicities/Patient101_multiplicities.tsv             --output_tsv output/timing_results/Patient101_timing.tsv             --output_plot output/timing_plots/Patient101_timing_plot.pdf
        
        (one of the commands exited with non-zero exit code; note that snakemake uses bash strict mode!)
    external_jobid: 60683677

[Thu Feb 27 13:28:54 2025]
Error in rule estimate_timing:
    message: SLURM-job '60683678' failed, SLURM status is: 'FAILED'. For further error details see the cluster/cloud log and the log files of the involved rule(s).
    jobid: 61
    input: output/multiplicities/Patient47_multiplicities.tsv
    output: output/timing_results/Patient47_timing.tsv, output/timing_plots/Patient47_timing_plot.pdf
    log: /n/data1/hms/dbmi/park/jbrew/Tau/Tau_github/examples/inform_run/snakemake/.snakemake/slurm_logs/rule_estimate_timing/Patient47/60683678.log (check log file(s) for error details)
    shell:
        
        python scripts/estimate_timing.py             --multiplicities output/multiplicities/Patient47_multiplicities.tsv             --output_tsv output/timing_results/Patient47_timing.tsv             --output_plot output/timing_plots/Patient47_timing_plot.pdf
        
        (one of the commands exited with non-zero exit code; note that snakemake uses bash strict mode!)
    external_jobid: 60683678

[Thu Feb 27 13:28:54 2025]
Error in rule estimate_timing:
    message: SLURM-job '60683680' failed, SLURM status is: 'FAILED'. For further error details see the cluster/cloud log and the log files of the involved rule(s).
    jobid: 121
    input: output/multiplicities/Patient87_multiplicities.tsv
    output: output/timing_results/Patient87_timing.tsv, output/timing_plots/Patient87_timing_plot.pdf
    log: /n/data1/hms/dbmi/park/jbrew/Tau/Tau_github/examples/inform_run/snakemake/.snakemake/slurm_logs/rule_estimate_timing/Patient87/60683680.log (check log file(s) for error details)
    shell:
        
        python scripts/estimate_timing.py             --multiplicities output/multiplicities/Patient87_multiplicities.tsv             --output_tsv output/timing_results/Patient87_timing.tsv             --output_plot output/timing_plots/Patient87_timing_plot.pdf
        
        (one of the commands exited with non-zero exit code; note that snakemake uses bash strict mode!)
    external_jobid: 60683680

[Thu Feb 27 13:28:54 2025]
Error in rule estimate_timing:
    message: SLURM-job '60683681' failed, SLURM status is: 'FAILED'. For further error details see the cluster/cloud log and the log files of the involved rule(s).
    jobid: 65
    input: output/multiplicities/Patient50_multiplicities.tsv
    output: output/timing_results/Patient50_timing.tsv, output/timing_plots/Patient50_timing_plot.pdf
    log: /n/data1/hms/dbmi/park/jbrew/Tau/Tau_github/examples/inform_run/snakemake/.snakemake/slurm_logs/rule_estimate_timing/Patient50/60683681.log (check log file(s) for error details)
    shell:
        
        python scripts/estimate_timing.py             --multiplicities output/multiplicities/Patient50_multiplicities.tsv             --output_tsv output/timing_results/Patient50_timing.tsv             --output_plot output/timing_plots/Patient50_timing_plot.pdf
        
        (one of the commands exited with non-zero exit code; note that snakemake uses bash strict mode!)
    external_jobid: 60683681

[Thu Feb 27 13:28:54 2025]
Error in rule estimate_timing:
    message: SLURM-job '60683682' failed, SLURM status is: 'FAILED'. For further error details see the cluster/cloud log and the log files of the involved rule(s).
    jobid: 5
    input: output/multiplicities/Patient109_multiplicities.tsv
    output: output/timing_results/Patient109_timing.tsv, output/timing_plots/Patient109_timing_plot.pdf
    log: /n/data1/hms/dbmi/park/jbrew/Tau/Tau_github/examples/inform_run/snakemake/.snakemake/slurm_logs/rule_estimate_timing/Patient109/60683682.log (check log file(s) for error details)
    shell:
        
        python scripts/estimate_timing.py             --multiplicities output/multiplicities/Patient109_multiplicities.tsv             --output_tsv output/timing_results/Patient109_timing.tsv             --output_plot output/timing_plots/Patient109_timing_plot.pdf
        
        (one of the commands exited with non-zero exit code; note that snakemake uses bash strict mode!)
    external_jobid: 60683682

[Thu Feb 27 13:28:54 2025]
Error in rule estimate_timing:
    message: SLURM-job '60683683' failed, SLURM status is: 'FAILED'. For further error details see the cluster/cloud log and the log files of the involved rule(s).
    jobid: 125
    input: output/multiplicities/Patient90_multiplicities.tsv
    output: output/timing_results/Patient90_timing.tsv, output/timing_plots/Patient90_timing_plot.pdf
    log: /n/data1/hms/dbmi/park/jbrew/Tau/Tau_github/examples/inform_run/snakemake/.snakemake/slurm_logs/rule_estimate_timing/Patient90/60683683.log (check log file(s) for error details)
    shell:
        
        python scripts/estimate_timing.py             --multiplicities output/multiplicities/Patient90_multiplicities.tsv             --output_tsv output/timing_results/Patient90_timing.tsv             --output_plot output/timing_plots/Patient90_timing_plot.pdf
        
        (one of the commands exited with non-zero exit code; note that snakemake uses bash strict mode!)
    external_jobid: 60683683

[Thu Feb 27 13:28:54 2025]
Error in rule estimate_timing:
    message: SLURM-job '60683684' failed, SLURM status is: 'FAILED'. For further error details see the cluster/cloud log and the log files of the involved rule(s).
    jobid: 9
    input: output/multiplicities/Patient113_multiplicities.tsv
    output: output/timing_results/Patient113_timing.tsv, output/timing_plots/Patient113_timing_plot.pdf
    log: /n/data1/hms/dbmi/park/jbrew/Tau/Tau_github/examples/inform_run/snakemake/.snakemake/slurm_logs/rule_estimate_timing/Patient113/60683684.log (check log file(s) for error details)
    shell:
        
        python scripts/estimate_timing.py             --multiplicities output/multiplicities/Patient113_multiplicities.tsv             --output_tsv output/timing_results/Patient113_timing.tsv             --output_plot output/timing_plots/Patient113_timing_plot.pdf
        
        (one of the commands exited with non-zero exit code; note that snakemake uses bash strict mode!)
    external_jobid: 60683684

[Thu Feb 27 13:28:54 2025]
Error in rule estimate_timing:
    message: SLURM-job '60683685' failed, SLURM status is: 'FAILED'. For further error details see the cluster/cloud log and the log files of the involved rule(s).
    jobid: 69
    input: output/multiplicities/Patient55_multiplicities.tsv
    output: output/timing_results/Patient55_timing.tsv, output/timing_plots/Patient55_timing_plot.pdf
    log: /n/data1/hms/dbmi/park/jbrew/Tau/Tau_github/examples/inform_run/snakemake/.snakemake/slurm_logs/rule_estimate_timing/Patient55/60683685.log (check log file(s) for error details)
    shell:
        
        python scripts/estimate_timing.py             --multiplicities output/multiplicities/Patient55_multiplicities.tsv             --output_tsv output/timing_results/Patient55_timing.tsv             --output_plot output/timing_plots/Patient55_timing_plot.pdf
        
        (one of the commands exited with non-zero exit code; note that snakemake uses bash strict mode!)
    external_jobid: 60683685

[Thu Feb 27 13:28:54 2025]
Error in rule estimate_timing:
    message: SLURM-job '60683686' failed, SLURM status is: 'FAILED'. For further error details see the cluster/cloud log and the log files of the involved rule(s).
    jobid: 129
    input: output/multiplicities/Patient94_multiplicities.tsv
    output: output/timing_results/Patient94_timing.tsv, output/timing_plots/Patient94_timing_plot.pdf
    log: /n/data1/hms/dbmi/park/jbrew/Tau/Tau_github/examples/inform_run/snakemake/.snakemake/slurm_logs/rule_estimate_timing/Patient94/60683686.log (check log file(s) for error details)
    shell:
        
        python scripts/estimate_timing.py             --multiplicities output/multiplicities/Patient94_multiplicities.tsv             --output_tsv output/timing_results/Patient94_timing.tsv             --output_plot output/timing_plots/Patient94_timing_plot.pdf
        
        (one of the commands exited with non-zero exit code; note that snakemake uses bash strict mode!)
    external_jobid: 60683686

[Thu Feb 27 13:28:54 2025]
Error in rule estimate_timing:
    message: SLURM-job '60683687' failed, SLURM status is: 'FAILED'. For further error details see the cluster/cloud log and the log files of the involved rule(s).
    jobid: 73
    input: output/multiplicities/Patient57_multiplicities.tsv
    output: output/timing_results/Patient57_timing.tsv, output/timing_plots/Patient57_timing_plot.pdf
    log: /n/data1/hms/dbmi/park/jbrew/Tau/Tau_github/examples/inform_run/snakemake/.snakemake/slurm_logs/rule_estimate_timing/Patient57/60683687.log (check log file(s) for error details)
    shell:
        
        python scripts/estimate_timing.py             --multiplicities output/multiplicities/Patient57_multiplicities.tsv             --output_tsv output/timing_results/Patient57_timing.tsv             --output_plot output/timing_plots/Patient57_timing_plot.pdf
        
        (one of the commands exited with non-zero exit code; note that snakemake uses bash strict mode!)
    external_jobid: 60683687

[Thu Feb 27 13:28:54 2025]
Error in rule estimate_timing:
    message: SLURM-job '60683688' failed, SLURM status is: 'FAILED'. For further error details see the cluster/cloud log and the log files of the involved rule(s).
    jobid: 17
    input: output/multiplicities/Patient17_multiplicities.tsv
    output: output/timing_results/Patient17_timing.tsv, output/timing_plots/Patient17_timing_plot.pdf
    log: /n/data1/hms/dbmi/park/jbrew/Tau/Tau_github/examples/inform_run/snakemake/.snakemake/slurm_logs/rule_estimate_timing/Patient17/60683688.log (check log file(s) for error details)
    shell:
        
        python scripts/estimate_timing.py             --multiplicities output/multiplicities/Patient17_multiplicities.tsv             --output_tsv output/timing_results/Patient17_timing.tsv             --output_plot output/timing_plots/Patient17_timing_plot.pdf
        
        (one of the commands exited with non-zero exit code; note that snakemake uses bash strict mode!)
    external_jobid: 60683688

[Thu Feb 27 13:28:54 2025]
Error in rule estimate_timing:
    message: SLURM-job '60683689' failed, SLURM status is: 'FAILED'. For further error details see the cluster/cloud log and the log files of the involved rule(s).
    jobid: 77
    input: output/multiplicities/Patient58_multiplicities.tsv
    output: output/timing_results/Patient58_timing.tsv, output/timing_plots/Patient58_timing_plot.pdf
    log: /n/data1/hms/dbmi/park/jbrew/Tau/Tau_github/examples/inform_run/snakemake/.snakemake/slurm_logs/rule_estimate_timing/Patient58/60683689.log (check log file(s) for error details)
    shell:
        
        python scripts/estimate_timing.py             --multiplicities output/multiplicities/Patient58_multiplicities.tsv             --output_tsv output/timing_results/Patient58_timing.tsv             --output_plot output/timing_plots/Patient58_timing_plot.pdf
        
        (one of the commands exited with non-zero exit code; note that snakemake uses bash strict mode!)
    external_jobid: 60683689

[Thu Feb 27 13:28:54 2025]
Error in rule estimate_timing:
    message: SLURM-job '60683690' failed, SLURM status is: 'FAILED'. For further error details see the cluster/cloud log and the log files of the involved rule(s).
    jobid: 21
    input: output/multiplicities/Patient18_multiplicities.tsv
    output: output/timing_results/Patient18_timing.tsv, output/timing_plots/Patient18_timing_plot.pdf
    log: /n/data1/hms/dbmi/park/jbrew/Tau/Tau_github/examples/inform_run/snakemake/.snakemake/slurm_logs/rule_estimate_timing/Patient18/60683690.log (check log file(s) for error details)
    shell:
        
        python scripts/estimate_timing.py             --multiplicities output/multiplicities/Patient18_multiplicities.tsv             --output_tsv output/timing_results/Patient18_timing.tsv             --output_plot output/timing_plots/Patient18_timing_plot.pdf
        
        (one of the commands exited with non-zero exit code; note that snakemake uses bash strict mode!)
    external_jobid: 60683690

[Thu Feb 27 13:28:54 2025]
Error in rule estimate_timing:
    message: SLURM-job '60683691' failed, SLURM status is: 'FAILED'. For further error details see the cluster/cloud log and the log files of the involved rule(s).
    jobid: 81
    input: output/multiplicities/Patient64_multiplicities.tsv
    output: output/timing_results/Patient64_timing.tsv, output/timing_plots/Patient64_timing_plot.pdf
    log: /n/data1/hms/dbmi/park/jbrew/Tau/Tau_github/examples/inform_run/snakemake/.snakemake/slurm_logs/rule_estimate_timing/Patient64/60683691.log (check log file(s) for error details)
    shell:
        
        python scripts/estimate_timing.py             --multiplicities output/multiplicities/Patient64_multiplicities.tsv             --output_tsv output/timing_results/Patient64_timing.tsv             --output_plot output/timing_plots/Patient64_timing_plot.pdf
        
        (one of the commands exited with non-zero exit code; note that snakemake uses bash strict mode!)
    external_jobid: 60683691

[Thu Feb 27 13:28:54 2025]
Error in rule estimate_timing:
    message: SLURM-job '60683692' failed, SLURM status is: 'FAILED'. For further error details see the cluster/cloud log and the log files of the involved rule(s).
    jobid: 25
    input: output/multiplicities/Patient1_multiplicities.tsv
    output: output/timing_results/Patient1_timing.tsv, output/timing_plots/Patient1_timing_plot.pdf
    log: /n/data1/hms/dbmi/park/jbrew/Tau/Tau_github/examples/inform_run/snakemake/.snakemake/slurm_logs/rule_estimate_timing/Patient1/60683692.log (check log file(s) for error details)
    shell:
        
        python scripts/estimate_timing.py             --multiplicities output/multiplicities/Patient1_multiplicities.tsv             --output_tsv output/timing_results/Patient1_timing.tsv             --output_plot output/timing_plots/Patient1_timing_plot.pdf
        
        (one of the commands exited with non-zero exit code; note that snakemake uses bash strict mode!)
    external_jobid: 60683692

[Thu Feb 27 13:28:54 2025]
Error in rule estimate_timing:
    message: SLURM-job '60683693' failed, SLURM status is: 'FAILED'. For further error details see the cluster/cloud log and the log files of the involved rule(s).
    jobid: 85
    input: output/multiplicities/Patient65_multiplicities.tsv
    output: output/timing_results/Patient65_timing.tsv, output/timing_plots/Patient65_timing_plot.pdf
    log: /n/data1/hms/dbmi/park/jbrew/Tau/Tau_github/examples/inform_run/snakemake/.snakemake/slurm_logs/rule_estimate_timing/Patient65/60683693.log (check log file(s) for error details)
    shell:
        
        python scripts/estimate_timing.py             --multiplicities output/multiplicities/Patient65_multiplicities.tsv             --output_tsv output/timing_results/Patient65_timing.tsv             --output_plot output/timing_plots/Patient65_timing_plot.pdf
        
        (one of the commands exited with non-zero exit code; note that snakemake uses bash strict mode!)
    external_jobid: 60683693

[Thu Feb 27 13:28:54 2025]
Error in rule estimate_timing:
    message: SLURM-job '60683695' failed, SLURM status is: 'FAILED'. For further error details see the cluster/cloud log and the log files of the involved rule(s).
    jobid: 89
    input: output/multiplicities/Patient68_multiplicities.tsv
    output: output/timing_results/Patient68_timing.tsv, output/timing_plots/Patient68_timing_plot.pdf
    log: /n/data1/hms/dbmi/park/jbrew/Tau/Tau_github/examples/inform_run/snakemake/.snakemake/slurm_logs/rule_estimate_timing/Patient68/60683695.log (check log file(s) for error details)
    shell:
        
        python scripts/estimate_timing.py             --multiplicities output/multiplicities/Patient68_multiplicities.tsv             --output_tsv output/timing_results/Patient68_timing.tsv             --output_plot output/timing_plots/Patient68_timing_plot.pdf
        
        (one of the commands exited with non-zero exit code; note that snakemake uses bash strict mode!)
    external_jobid: 60683695

[Thu Feb 27 13:28:54 2025]
Error in rule estimate_timing:
    message: SLURM-job '60683696' failed, SLURM status is: 'FAILED'. For further error details see the cluster/cloud log and the log files of the involved rule(s).
    jobid: 49
    input: output/multiplicities/Patient37_multiplicities.tsv
    output: output/timing_results/Patient37_timing.tsv, output/timing_plots/Patient37_timing_plot.pdf
    log: /n/data1/hms/dbmi/park/jbrew/Tau/Tau_github/examples/inform_run/snakemake/.snakemake/slurm_logs/rule_estimate_timing/Patient37/60683696.log (check log file(s) for error details)
    shell:
        
        python scripts/estimate_timing.py             --multiplicities output/multiplicities/Patient37_multiplicities.tsv             --output_tsv output/timing_results/Patient37_timing.tsv             --output_plot output/timing_plots/Patient37_timing_plot.pdf
        
        (one of the commands exited with non-zero exit code; note that snakemake uses bash strict mode!)
    external_jobid: 60683696

[Thu Feb 27 13:28:54 2025]
Error in rule estimate_timing:
    message: SLURM-job '60683697' failed, SLURM status is: 'FAILED'. For further error details see the cluster/cloud log and the log files of the involved rule(s).
    jobid: 33
    input: output/multiplicities/Patient25_multiplicities.tsv
    output: output/timing_results/Patient25_timing.tsv, output/timing_plots/Patient25_timing_plot.pdf
    log: /n/data1/hms/dbmi/park/jbrew/Tau/Tau_github/examples/inform_run/snakemake/.snakemake/slurm_logs/rule_estimate_timing/Patient25/60683697.log (check log file(s) for error details)
    shell:
        
        python scripts/estimate_timing.py             --multiplicities output/multiplicities/Patient25_multiplicities.tsv             --output_tsv output/timing_results/Patient25_timing.tsv             --output_plot output/timing_plots/Patient25_timing_plot.pdf
        
        (one of the commands exited with non-zero exit code; note that snakemake uses bash strict mode!)
    external_jobid: 60683697

[Thu Feb 27 13:28:54 2025]
Error in rule estimate_timing:
    message: SLURM-job '60683698' failed, SLURM status is: 'FAILED'. For further error details see the cluster/cloud log and the log files of the involved rule(s).
    jobid: 93
    input: output/multiplicities/Patient76_multiplicities.tsv
    output: output/timing_results/Patient76_timing.tsv, output/timing_plots/Patient76_timing_plot.pdf
    log: /n/data1/hms/dbmi/park/jbrew/Tau/Tau_github/examples/inform_run/snakemake/.snakemake/slurm_logs/rule_estimate_timing/Patient76/60683698.log (check log file(s) for error details)
    shell:
        
        python scripts/estimate_timing.py             --multiplicities output/multiplicities/Patient76_multiplicities.tsv             --output_tsv output/timing_results/Patient76_timing.tsv             --output_plot output/timing_plots/Patient76_timing_plot.pdf
        
        (one of the commands exited with non-zero exit code; note that snakemake uses bash strict mode!)
    external_jobid: 60683698

[Thu Feb 27 13:28:54 2025]
Error in rule estimate_timing:
    message: SLURM-job '60683701' failed, SLURM status is: 'FAILED'. For further error details see the cluster/cloud log and the log files of the involved rule(s).
    jobid: 41
    input: output/multiplicities/Patient33_multiplicities.tsv
    output: output/timing_results/Patient33_timing.tsv, output/timing_plots/Patient33_timing_plot.pdf
    log: /n/data1/hms/dbmi/park/jbrew/Tau/Tau_github/examples/inform_run/snakemake/.snakemake/slurm_logs/rule_estimate_timing/Patient33/60683701.log (check log file(s) for error details)
    shell:
        
        python scripts/estimate_timing.py             --multiplicities output/multiplicities/Patient33_multiplicities.tsv             --output_tsv output/timing_results/Patient33_timing.tsv             --output_plot output/timing_plots/Patient33_timing_plot.pdf
        
        (one of the commands exited with non-zero exit code; note that snakemake uses bash strict mode!)
    external_jobid: 60683701

[Thu Feb 27 13:28:54 2025]
Error in rule estimate_timing:
    message: SLURM-job '60683702' failed, SLURM status is: 'FAILED'. For further error details see the cluster/cloud log and the log files of the involved rule(s).
    jobid: 101
    input: output/multiplicities/Patient7_multiplicities.tsv
    output: output/timing_results/Patient7_timing.tsv, output/timing_plots/Patient7_timing_plot.pdf
    log: /n/data1/hms/dbmi/park/jbrew/Tau/Tau_github/examples/inform_run/snakemake/.snakemake/slurm_logs/rule_estimate_timing/Patient7/60683702.log (check log file(s) for error details)
    shell:
        
        python scripts/estimate_timing.py             --multiplicities output/multiplicities/Patient7_multiplicities.tsv             --output_tsv output/timing_results/Patient7_timing.tsv             --output_plot output/timing_plots/Patient7_timing_plot.pdf
        
        (one of the commands exited with non-zero exit code; note that snakemake uses bash strict mode!)
    external_jobid: 60683702

[Thu Feb 27 13:28:54 2025]
Error in rule estimate_timing:
    message: SLURM-job '60683703' failed, SLURM status is: 'FAILED'. For further error details see the cluster/cloud log and the log files of the involved rule(s).
    jobid: 45
    input: output/multiplicities/Patient34_multiplicities.tsv
    output: output/timing_results/Patient34_timing.tsv, output/timing_plots/Patient34_timing_plot.pdf
    log: /n/data1/hms/dbmi/park/jbrew/Tau/Tau_github/examples/inform_run/snakemake/.snakemake/slurm_logs/rule_estimate_timing/Patient34/60683703.log (check log file(s) for error details)
    shell:
        
        python scripts/estimate_timing.py             --multiplicities output/multiplicities/Patient34_multiplicities.tsv             --output_tsv output/timing_results/Patient34_timing.tsv             --output_plot output/timing_plots/Patient34_timing_plot.pdf
        
        (one of the commands exited with non-zero exit code; note that snakemake uses bash strict mode!)
    external_jobid: 60683703

[Thu Feb 27 13:28:54 2025]
Error in rule estimate_timing:
    message: SLURM-job '60683704' failed, SLURM status is: 'FAILED'. For further error details see the cluster/cloud log and the log files of the involved rule(s).
    jobid: 105
    input: output/multiplicities/Patient80_multiplicities.tsv
    output: output/timing_results/Patient80_timing.tsv, output/timing_plots/Patient80_timing_plot.pdf
    log: /n/data1/hms/dbmi/park/jbrew/Tau/Tau_github/examples/inform_run/snakemake/.snakemake/slurm_logs/rule_estimate_timing/Patient80/60683704.log (check log file(s) for error details)
    shell:
        
        python scripts/estimate_timing.py             --multiplicities output/multiplicities/Patient80_multiplicities.tsv             --output_tsv output/timing_results/Patient80_timing.tsv             --output_plot output/timing_plots/Patient80_timing_plot.pdf
        
        (one of the commands exited with non-zero exit code; note that snakemake uses bash strict mode!)
    external_jobid: 60683704

[Thu Feb 27 13:28:54 2025]
Error in rule estimate_timing:
    message: SLURM-job '60683706' failed, SLURM status is: 'FAILED'. For further error details see the cluster/cloud log and the log files of the involved rule(s).
    jobid: 109
    input: output/multiplicities/Patient81_multiplicities.tsv
    output: output/timing_results/Patient81_timing.tsv, output/timing_plots/Patient81_timing_plot.pdf
    log: /n/data1/hms/dbmi/park/jbrew/Tau/Tau_github/examples/inform_run/snakemake/.snakemake/slurm_logs/rule_estimate_timing/Patient81/60683706.log (check log file(s) for error details)
    shell:
        
        python scripts/estimate_timing.py             --multiplicities output/multiplicities/Patient81_multiplicities.tsv             --output_tsv output/timing_results/Patient81_timing.tsv             --output_plot output/timing_plots/Patient81_timing_plot.pdf
        
        (one of the commands exited with non-zero exit code; note that snakemake uses bash strict mode!)
    external_jobid: 60683706

Execute 3 jobs...

[Thu Feb 27 13:28:54 2025]
rule count_multiplicities:
    input: output/likelihoods/Patient86_likelihoods.tsv
    output: output/multiplicities/Patient86_multiplicities.tsv
    jobid: 118
    reason: Missing output files: output/multiplicities/Patient86_multiplicities.tsv; Input files updated by another job: output/likelihoods/Patient86_likelihoods.tsv
    wildcards: sample=Patient86
    resources: mem_mb=1000, mem_mib=954, disk_mb=1000, disk_mib=954, tmpdir=<TBD>, slurm_account=park_contrib, slurm_partition=park, runtime=14400, time=5:00

Job 118 has been submitted with SLURM jobid 60683755 (log: /n/data1/hms/dbmi/park/jbrew/Tau/Tau_github/examples/inform_run/snakemake/.snakemake/slurm_logs/rule_count_multiplicities/Patient86/60683755.log).

[Thu Feb 27 13:28:55 2025]
rule estimate_timing:
    input: output/multiplicities/Patient43_multiplicities.tsv
    output: output/timing_results/Patient43_timing.tsv, output/timing_plots/Patient43_timing_plot.pdf
    jobid: 53
    reason: Missing output files: output/timing_plots/Patient43_timing_plot.pdf
    wildcards: sample=Patient43
    resources: mem_mb=1000, mem_mib=954, disk_mb=1000, disk_mib=954, tmpdir=<TBD>, slurm_account=park_contrib, slurm_partition=park, runtime=14400

Job 53 has been submitted with SLURM jobid 60683756 (log: /n/data1/hms/dbmi/park/jbrew/Tau/Tau_github/examples/inform_run/snakemake/.snakemake/slurm_logs/rule_estimate_timing/Patient43/60683756.log).

[Thu Feb 27 13:28:55 2025]
rule estimate_timing:
    input: output/multiplicities/Patient82_multiplicities.tsv
    output: output/timing_results/Patient82_timing.tsv, output/timing_plots/Patient82_timing_plot.pdf
    jobid: 113
    reason: Missing output files: output/timing_plots/Patient82_timing_plot.pdf
    wildcards: sample=Patient82
    resources: mem_mb=1000, mem_mib=954, disk_mb=1000, disk_mib=954, tmpdir=<TBD>, slurm_account=park_contrib, slurm_partition=park, runtime=14400

Job 113 has been submitted with SLURM jobid 60683757 (log: /n/data1/hms/dbmi/park/jbrew/Tau/Tau_github/examples/inform_run/snakemake/.snakemake/slurm_logs/rule_estimate_timing/Patient82/60683757.log).
[Thu Feb 27 13:28:57 2025]
Finished job 99.
2 of 40 steps (5%) done
[Thu Feb 27 13:28:57 2025]
Finished job 15.
3 of 40 steps (8%) done
Trying to restart job 57.
Trying to restart job 1.
Trying to restart job 61.
Trying to restart job 121.
Trying to restart job 65.
Trying to restart job 5.
Trying to restart job 125.
Trying to restart job 9.
Trying to restart job 69.
Trying to restart job 129.
Trying to restart job 73.
Trying to restart job 17.
Trying to restart job 77.
Trying to restart job 21.
Trying to restart job 81.
Trying to restart job 25.
Trying to restart job 85.
Trying to restart job 89.
Trying to restart job 49.
Trying to restart job 33.
Trying to restart job 93.
Trying to restart job 41.
Trying to restart job 101.
Trying to restart job 45.
Trying to restart job 105.
Trying to restart job 109.
Select jobs to execute...
Execute 28 jobs...

[Thu Feb 27 13:28:58 2025]
rule count_multiplicities:
    input: output/likelihoods/Patient15_likelihoods.tsv
    output: output/multiplicities/Patient15_multiplicities.tsv
    jobid: 14
    reason: Missing output files: output/multiplicities/Patient15_multiplicities.tsv; Input files updated by another job: output/likelihoods/Patient15_likelihoods.tsv
    wildcards: sample=Patient15
    resources: mem_mb=1000, mem_mib=954, disk_mb=1000, disk_mib=954, tmpdir=<TBD>, slurm_account=park_contrib, slurm_partition=park, runtime=14400, time=5:00

Job 14 has been submitted with SLURM jobid 60683758 (log: /n/data1/hms/dbmi/park/jbrew/Tau/Tau_github/examples/inform_run/snakemake/.snakemake/slurm_logs/rule_count_multiplicities/Patient15/60683758.log).

[Thu Feb 27 13:29:00 2025]
rule estimate_timing:
    input: output/multiplicities/Patient44_multiplicities.tsv
    output: output/timing_results/Patient44_timing.tsv, output/timing_plots/Patient44_timing_plot.pdf
    jobid: 57
    reason: Missing output files: output/timing_plots/Patient44_timing_plot.pdf
    wildcards: sample=Patient44
    resources: mem_mb=1000, mem_mib=954, disk_mb=1000, disk_mib=954, tmpdir=<TBD>, slurm_account=park_contrib, slurm_partition=park, runtime=14400

Job 57 has been submitted with SLURM jobid 60683759 (log: /n/data1/hms/dbmi/park/jbrew/Tau/Tau_github/examples/inform_run/snakemake/.snakemake/slurm_logs/rule_estimate_timing/Patient44/60683759.log).

[Thu Feb 27 13:29:00 2025]
rule estimate_timing:
    input: output/multiplicities/Patient47_multiplicities.tsv
    output: output/timing_results/Patient47_timing.tsv, output/timing_plots/Patient47_timing_plot.pdf
    jobid: 61
    reason: Missing output files: output/timing_plots/Patient47_timing_plot.pdf
    wildcards: sample=Patient47
    resources: mem_mb=1000, mem_mib=954, disk_mb=1000, disk_mib=954, tmpdir=<TBD>, slurm_account=park_contrib, slurm_partition=park, runtime=14400

Job 61 has been submitted with SLURM jobid 60683760 (log: /n/data1/hms/dbmi/park/jbrew/Tau/Tau_github/examples/inform_run/snakemake/.snakemake/slurm_logs/rule_estimate_timing/Patient47/60683760.log).

[Thu Feb 27 13:29:00 2025]
rule estimate_timing:
    input: output/multiplicities/Patient87_multiplicities.tsv
    output: output/timing_results/Patient87_timing.tsv, output/timing_plots/Patient87_timing_plot.pdf
    jobid: 121
    reason: Missing output files: output/timing_plots/Patient87_timing_plot.pdf
    wildcards: sample=Patient87
    resources: mem_mb=1000, mem_mib=954, disk_mb=1000, disk_mib=954, tmpdir=<TBD>, slurm_account=park_contrib, slurm_partition=park, runtime=14400

Job 121 has been submitted with SLURM jobid 60683761 (log: /n/data1/hms/dbmi/park/jbrew/Tau/Tau_github/examples/inform_run/snakemake/.snakemake/slurm_logs/rule_estimate_timing/Patient87/60683761.log).

[Thu Feb 27 13:29:00 2025]
rule estimate_timing:
    input: output/multiplicities/Patient101_multiplicities.tsv
    output: output/timing_results/Patient101_timing.tsv, output/timing_plots/Patient101_timing_plot.pdf
    jobid: 1
    reason: Missing output files: output/timing_plots/Patient101_timing_plot.pdf
    wildcards: sample=Patient101
    resources: mem_mb=1000, mem_mib=954, disk_mb=1000, disk_mib=954, tmpdir=<TBD>, slurm_account=park_contrib, slurm_partition=park, runtime=14400

Job 1 has been submitted with SLURM jobid 60683762 (log: /n/data1/hms/dbmi/park/jbrew/Tau/Tau_github/examples/inform_run/snakemake/.snakemake/slurm_logs/rule_estimate_timing/Patient101/60683762.log).

[Thu Feb 27 13:29:01 2025]
rule estimate_timing:
    input: output/multiplicities/Patient50_multiplicities.tsv
    output: output/timing_results/Patient50_timing.tsv, output/timing_plots/Patient50_timing_plot.pdf
    jobid: 65
    reason: Missing output files: output/timing_plots/Patient50_timing_plot.pdf
    wildcards: sample=Patient50
    resources: mem_mb=1000, mem_mib=954, disk_mb=1000, disk_mib=954, tmpdir=<TBD>, slurm_account=park_contrib, slurm_partition=park, runtime=14400

Job 65 has been submitted with SLURM jobid 60683763 (log: /n/data1/hms/dbmi/park/jbrew/Tau/Tau_github/examples/inform_run/snakemake/.snakemake/slurm_logs/rule_estimate_timing/Patient50/60683763.log).

[Thu Feb 27 13:29:01 2025]
rule estimate_timing:
    input: output/multiplicities/Patient109_multiplicities.tsv
    output: output/timing_results/Patient109_timing.tsv, output/timing_plots/Patient109_timing_plot.pdf
    jobid: 5
    reason: Missing output files: output/timing_plots/Patient109_timing_plot.pdf
    wildcards: sample=Patient109
    resources: mem_mb=1000, mem_mib=954, disk_mb=1000, disk_mib=954, tmpdir=<TBD>, slurm_account=park_contrib, slurm_partition=park, runtime=14400

Job 5 has been submitted with SLURM jobid 60683764 (log: /n/data1/hms/dbmi/park/jbrew/Tau/Tau_github/examples/inform_run/snakemake/.snakemake/slurm_logs/rule_estimate_timing/Patient109/60683764.log).

[Thu Feb 27 13:29:01 2025]
rule estimate_timing:
    input: output/multiplicities/Patient90_multiplicities.tsv
    output: output/timing_results/Patient90_timing.tsv, output/timing_plots/Patient90_timing_plot.pdf
    jobid: 125
    reason: Missing output files: output/timing_plots/Patient90_timing_plot.pdf
    wildcards: sample=Patient90
    resources: mem_mb=1000, mem_mib=954, disk_mb=1000, disk_mib=954, tmpdir=<TBD>, slurm_account=park_contrib, slurm_partition=park, runtime=14400

Job 125 has been submitted with SLURM jobid 60683765 (log: /n/data1/hms/dbmi/park/jbrew/Tau/Tau_github/examples/inform_run/snakemake/.snakemake/slurm_logs/rule_estimate_timing/Patient90/60683765.log).

[Thu Feb 27 13:29:02 2025]
rule estimate_timing:
    input: output/multiplicities/Patient113_multiplicities.tsv
    output: output/timing_results/Patient113_timing.tsv, output/timing_plots/Patient113_timing_plot.pdf
    jobid: 9
    reason: Missing output files: output/timing_plots/Patient113_timing_plot.pdf
    wildcards: sample=Patient113
    resources: mem_mb=1000, mem_mib=954, disk_mb=1000, disk_mib=954, tmpdir=<TBD>, slurm_account=park_contrib, slurm_partition=park, runtime=14400

Job 9 has been submitted with SLURM jobid 60683766 (log: /n/data1/hms/dbmi/park/jbrew/Tau/Tau_github/examples/inform_run/snakemake/.snakemake/slurm_logs/rule_estimate_timing/Patient113/60683766.log).

[Thu Feb 27 13:29:12 2025]
rule estimate_timing:
    input: output/multiplicities/Patient55_multiplicities.tsv
    output: output/timing_results/Patient55_timing.tsv, output/timing_plots/Patient55_timing_plot.pdf
    jobid: 69
    reason: Missing output files: output/timing_plots/Patient55_timing_plot.pdf
    wildcards: sample=Patient55
    resources: mem_mb=1000, mem_mib=954, disk_mb=1000, disk_mib=954, tmpdir=<TBD>, slurm_account=park_contrib, slurm_partition=park, runtime=14400

Job 69 has been submitted with SLURM jobid 60683767 (log: /n/data1/hms/dbmi/park/jbrew/Tau/Tau_github/examples/inform_run/snakemake/.snakemake/slurm_logs/rule_estimate_timing/Patient55/60683767.log).

[Thu Feb 27 13:29:12 2025]
rule estimate_timing:
    input: output/multiplicities/Patient94_multiplicities.tsv
    output: output/timing_results/Patient94_timing.tsv, output/timing_plots/Patient94_timing_plot.pdf
    jobid: 129
    reason: Missing output files: output/timing_plots/Patient94_timing_plot.pdf
    wildcards: sample=Patient94
    resources: mem_mb=1000, mem_mib=954, disk_mb=1000, disk_mib=954, tmpdir=<TBD>, slurm_account=park_contrib, slurm_partition=park, runtime=14400

Job 129 has been submitted with SLURM jobid 60683768 (log: /n/data1/hms/dbmi/park/jbrew/Tau/Tau_github/examples/inform_run/snakemake/.snakemake/slurm_logs/rule_estimate_timing/Patient94/60683768.log).

[Thu Feb 27 13:29:12 2025]
rule estimate_timing:
    input: output/multiplicities/Patient57_multiplicities.tsv
    output: output/timing_results/Patient57_timing.tsv, output/timing_plots/Patient57_timing_plot.pdf
    jobid: 73
    reason: Missing output files: output/timing_plots/Patient57_timing_plot.pdf
    wildcards: sample=Patient57
    resources: mem_mb=1000, mem_mib=954, disk_mb=1000, disk_mib=954, tmpdir=<TBD>, slurm_account=park_contrib, slurm_partition=park, runtime=14400

Job 73 has been submitted with SLURM jobid 60683769 (log: /n/data1/hms/dbmi/park/jbrew/Tau/Tau_github/examples/inform_run/snakemake/.snakemake/slurm_logs/rule_estimate_timing/Patient57/60683769.log).

[Thu Feb 27 13:29:13 2025]
rule estimate_timing:
    input: output/multiplicities/Patient17_multiplicities.tsv
    output: output/timing_results/Patient17_timing.tsv, output/timing_plots/Patient17_timing_plot.pdf
    jobid: 17
    reason: Missing output files: output/timing_plots/Patient17_timing_plot.pdf
    wildcards: sample=Patient17
    resources: mem_mb=1000, mem_mib=954, disk_mb=1000, disk_mib=954, tmpdir=<TBD>, slurm_account=park_contrib, slurm_partition=park, runtime=14400

Job 17 has been submitted with SLURM jobid 60683770 (log: /n/data1/hms/dbmi/park/jbrew/Tau/Tau_github/examples/inform_run/snakemake/.snakemake/slurm_logs/rule_estimate_timing/Patient17/60683770.log).

[Thu Feb 27 13:29:13 2025]
rule estimate_timing:
    input: output/multiplicities/Patient58_multiplicities.tsv
    output: output/timing_results/Patient58_timing.tsv, output/timing_plots/Patient58_timing_plot.pdf
    jobid: 77
    reason: Missing output files: output/timing_plots/Patient58_timing_plot.pdf
    wildcards: sample=Patient58
    resources: mem_mb=1000, mem_mib=954, disk_mb=1000, disk_mib=954, tmpdir=<TBD>, slurm_account=park_contrib, slurm_partition=park, runtime=14400

Job 77 has been submitted with SLURM jobid 60683771 (log: /n/data1/hms/dbmi/park/jbrew/Tau/Tau_github/examples/inform_run/snakemake/.snakemake/slurm_logs/rule_estimate_timing/Patient58/60683771.log).

[Thu Feb 27 13:29:13 2025]
rule estimate_timing:
    input: output/multiplicities/Patient18_multiplicities.tsv
    output: output/timing_results/Patient18_timing.tsv, output/timing_plots/Patient18_timing_plot.pdf
    jobid: 21
    reason: Missing output files: output/timing_plots/Patient18_timing_plot.pdf
    wildcards: sample=Patient18
    resources: mem_mb=1000, mem_mib=954, disk_mb=1000, disk_mib=954, tmpdir=<TBD>, slurm_account=park_contrib, slurm_partition=park, runtime=14400

Job 21 has been submitted with SLURM jobid 60683772 (log: /n/data1/hms/dbmi/park/jbrew/Tau/Tau_github/examples/inform_run/snakemake/.snakemake/slurm_logs/rule_estimate_timing/Patient18/60683772.log).

[Thu Feb 27 13:29:13 2025]
rule estimate_timing:
    input: output/multiplicities/Patient64_multiplicities.tsv
    output: output/timing_results/Patient64_timing.tsv, output/timing_plots/Patient64_timing_plot.pdf
    jobid: 81
    reason: Missing output files: output/timing_plots/Patient64_timing_plot.pdf
    wildcards: sample=Patient64
    resources: mem_mb=1000, mem_mib=954, disk_mb=1000, disk_mib=954, tmpdir=<TBD>, slurm_account=park_contrib, slurm_partition=park, runtime=14400

Job 81 has been submitted with SLURM jobid 60683773 (log: /n/data1/hms/dbmi/park/jbrew/Tau/Tau_github/examples/inform_run/snakemake/.snakemake/slurm_logs/rule_estimate_timing/Patient64/60683773.log).

[Thu Feb 27 13:29:14 2025]
rule estimate_timing:
    input: output/multiplicities/Patient1_multiplicities.tsv
    output: output/timing_results/Patient1_timing.tsv, output/timing_plots/Patient1_timing_plot.pdf
    jobid: 25
    reason: Missing output files: output/timing_plots/Patient1_timing_plot.pdf
    wildcards: sample=Patient1
    resources: mem_mb=1000, mem_mib=954, disk_mb=1000, disk_mib=954, tmpdir=<TBD>, slurm_account=park_contrib, slurm_partition=park, runtime=14400

Job 25 has been submitted with SLURM jobid 60683774 (log: /n/data1/hms/dbmi/park/jbrew/Tau/Tau_github/examples/inform_run/snakemake/.snakemake/slurm_logs/rule_estimate_timing/Patient1/60683774.log).

[Thu Feb 27 13:29:14 2025]
rule estimate_timing:
    input: output/multiplicities/Patient65_multiplicities.tsv
    output: output/timing_results/Patient65_timing.tsv, output/timing_plots/Patient65_timing_plot.pdf
    jobid: 85
    reason: Missing output files: output/timing_plots/Patient65_timing_plot.pdf
    wildcards: sample=Patient65
    resources: mem_mb=1000, mem_mib=954, disk_mb=1000, disk_mib=954, tmpdir=<TBD>, slurm_account=park_contrib, slurm_partition=park, runtime=14400

Job 85 has been submitted with SLURM jobid 60683775 (log: /n/data1/hms/dbmi/park/jbrew/Tau/Tau_github/examples/inform_run/snakemake/.snakemake/slurm_logs/rule_estimate_timing/Patient65/60683775.log).

[Thu Feb 27 13:29:14 2025]
rule estimate_timing:
    input: output/multiplicities/Patient68_multiplicities.tsv
    output: output/timing_results/Patient68_timing.tsv, output/timing_plots/Patient68_timing_plot.pdf
    jobid: 89
    reason: Missing output files: output/timing_plots/Patient68_timing_plot.pdf
    wildcards: sample=Patient68
    resources: mem_mb=1000, mem_mib=954, disk_mb=1000, disk_mib=954, tmpdir=<TBD>, slurm_account=park_contrib, slurm_partition=park, runtime=14400

Job 89 has been submitted with SLURM jobid 60683776 (log: /n/data1/hms/dbmi/park/jbrew/Tau/Tau_github/examples/inform_run/snakemake/.snakemake/slurm_logs/rule_estimate_timing/Patient68/60683776.log).

[Thu Feb 27 13:29:15 2025]
rule estimate_timing:
    input: output/multiplicities/Patient81_multiplicities.tsv
    output: output/timing_results/Patient81_timing.tsv, output/timing_plots/Patient81_timing_plot.pdf
    jobid: 109
    reason: Missing output files: output/timing_plots/Patient81_timing_plot.pdf
    wildcards: sample=Patient81
    resources: mem_mb=1000, mem_mib=954, disk_mb=1000, disk_mib=954, tmpdir=<TBD>, slurm_account=park_contrib, slurm_partition=park, runtime=14400

Job 109 has been submitted with SLURM jobid 60683777 (log: /n/data1/hms/dbmi/park/jbrew/Tau/Tau_github/examples/inform_run/snakemake/.snakemake/slurm_logs/rule_estimate_timing/Patient81/60683777.log).

[Thu Feb 27 13:29:15 2025]
rule estimate_timing:
    input: output/multiplicities/Patient25_multiplicities.tsv
    output: output/timing_results/Patient25_timing.tsv, output/timing_plots/Patient25_timing_plot.pdf
    jobid: 33
    reason: Missing output files: output/timing_plots/Patient25_timing_plot.pdf
    wildcards: sample=Patient25
    resources: mem_mb=1000, mem_mib=954, disk_mb=1000, disk_mib=954, tmpdir=<TBD>, slurm_account=park_contrib, slurm_partition=park, runtime=14400

Job 33 has been submitted with SLURM jobid 60683778 (log: /n/data1/hms/dbmi/park/jbrew/Tau/Tau_github/examples/inform_run/snakemake/.snakemake/slurm_logs/rule_estimate_timing/Patient25/60683778.log).

[Thu Feb 27 13:29:15 2025]
rule estimate_timing:
    input: output/multiplicities/Patient76_multiplicities.tsv
    output: output/timing_results/Patient76_timing.tsv, output/timing_plots/Patient76_timing_plot.pdf
    jobid: 93
    reason: Missing output files: output/timing_plots/Patient76_timing_plot.pdf
    wildcards: sample=Patient76
    resources: mem_mb=1000, mem_mib=954, disk_mb=1000, disk_mib=954, tmpdir=<TBD>, slurm_account=park_contrib, slurm_partition=park, runtime=14400

Job 93 has been submitted with SLURM jobid 60683779 (log: /n/data1/hms/dbmi/park/jbrew/Tau/Tau_github/examples/inform_run/snakemake/.snakemake/slurm_logs/rule_estimate_timing/Patient76/60683779.log).

[Thu Feb 27 13:29:16 2025]
rule estimate_timing:
    input: output/multiplicities/Patient33_multiplicities.tsv
    output: output/timing_results/Patient33_timing.tsv, output/timing_plots/Patient33_timing_plot.pdf
    jobid: 41
    reason: Missing output files: output/timing_plots/Patient33_timing_plot.pdf
    wildcards: sample=Patient33
    resources: mem_mb=1000, mem_mib=954, disk_mb=1000, disk_mib=954, tmpdir=<TBD>, slurm_account=park_contrib, slurm_partition=park, runtime=14400

Job 41 has been submitted with SLURM jobid 60683780 (log: /n/data1/hms/dbmi/park/jbrew/Tau/Tau_github/examples/inform_run/snakemake/.snakemake/slurm_logs/rule_estimate_timing/Patient33/60683780.log).

[Thu Feb 27 13:29:16 2025]
rule estimate_timing:
    input: output/multiplicities/Patient7_multiplicities.tsv
    output: output/timing_results/Patient7_timing.tsv, output/timing_plots/Patient7_timing_plot.pdf
    jobid: 101
    reason: Missing output files: output/timing_plots/Patient7_timing_plot.pdf
    wildcards: sample=Patient7
    resources: mem_mb=1000, mem_mib=954, disk_mb=1000, disk_mib=954, tmpdir=<TBD>, slurm_account=park_contrib, slurm_partition=park, runtime=14400

Job 101 has been submitted with SLURM jobid 60683781 (log: /n/data1/hms/dbmi/park/jbrew/Tau/Tau_github/examples/inform_run/snakemake/.snakemake/slurm_logs/rule_estimate_timing/Patient7/60683781.log).

[Thu Feb 27 13:29:16 2025]
rule count_multiplicities:
    input: output/likelihoods/Patient77_likelihoods.tsv
    output: output/multiplicities/Patient77_multiplicities.tsv
    jobid: 98
    reason: Missing output files: output/multiplicities/Patient77_multiplicities.tsv; Input files updated by another job: output/likelihoods/Patient77_likelihoods.tsv
    wildcards: sample=Patient77
    resources: mem_mb=1000, mem_mib=954, disk_mb=1000, disk_mib=954, tmpdir=<TBD>, slurm_account=park_contrib, slurm_partition=park, runtime=14400, time=5:00

Job 98 has been submitted with SLURM jobid 60683782 (log: /n/data1/hms/dbmi/park/jbrew/Tau/Tau_github/examples/inform_run/snakemake/.snakemake/slurm_logs/rule_count_multiplicities/Patient77/60683782.log).

[Thu Feb 27 13:29:16 2025]
rule estimate_timing:
    input: output/multiplicities/Patient34_multiplicities.tsv
    output: output/timing_results/Patient34_timing.tsv, output/timing_plots/Patient34_timing_plot.pdf
    jobid: 45
    reason: Missing output files: output/timing_plots/Patient34_timing_plot.pdf
    wildcards: sample=Patient34
    resources: mem_mb=1000, mem_mib=954, disk_mb=1000, disk_mib=954, tmpdir=<TBD>, slurm_account=park_contrib, slurm_partition=park, runtime=14400

Job 45 has been submitted with SLURM jobid 60683783 (log: /n/data1/hms/dbmi/park/jbrew/Tau/Tau_github/examples/inform_run/snakemake/.snakemake/slurm_logs/rule_estimate_timing/Patient34/60683783.log).

[Thu Feb 27 13:29:17 2025]
rule estimate_timing:
    input: output/multiplicities/Patient80_multiplicities.tsv
    output: output/timing_results/Patient80_timing.tsv, output/timing_plots/Patient80_timing_plot.pdf
    jobid: 105
    reason: Missing output files: output/timing_plots/Patient80_timing_plot.pdf
    wildcards: sample=Patient80
    resources: mem_mb=1000, mem_mib=954, disk_mb=1000, disk_mib=954, tmpdir=<TBD>, slurm_account=park_contrib, slurm_partition=park, runtime=14400

Job 105 has been submitted with SLURM jobid 60683784 (log: /n/data1/hms/dbmi/park/jbrew/Tau/Tau_github/examples/inform_run/snakemake/.snakemake/slurm_logs/rule_estimate_timing/Patient80/60683784.log).

[Thu Feb 27 13:29:17 2025]
rule estimate_timing:
    input: output/multiplicities/Patient37_multiplicities.tsv
    output: output/timing_results/Patient37_timing.tsv, output/timing_plots/Patient37_timing_plot.pdf
    jobid: 49
    reason: Missing output files: output/timing_plots/Patient37_timing_plot.pdf
    wildcards: sample=Patient37
    resources: mem_mb=1000, mem_mib=954, disk_mb=1000, disk_mib=954, tmpdir=<TBD>, slurm_account=park_contrib, slurm_partition=park, runtime=14400

Job 49 has been submitted with SLURM jobid 60683785 (log: /n/data1/hms/dbmi/park/jbrew/Tau/Tau_github/examples/inform_run/snakemake/.snakemake/slurm_logs/rule_estimate_timing/Patient37/60683785.log).
[Thu Feb 27 13:29:24 2025]
Error in rule estimate_timing:
    message: SLURM-job '60683699' failed, SLURM status is: 'FAILED'. For further error details see the cluster/cloud log and the log files of the involved rule(s).
    jobid: 37
    input: output/multiplicities/Patient26_multiplicities.tsv
    output: output/timing_results/Patient26_timing.tsv, output/timing_plots/Patient26_timing_plot.pdf
    log: /n/data1/hms/dbmi/park/jbrew/Tau/Tau_github/examples/inform_run/snakemake/.snakemake/slurm_logs/rule_estimate_timing/Patient26/60683699.log (check log file(s) for error details)
    shell:
        
        python scripts/estimate_timing.py             --multiplicities output/multiplicities/Patient26_multiplicities.tsv             --output_tsv output/timing_results/Patient26_timing.tsv             --output_plot output/timing_plots/Patient26_timing_plot.pdf
        
        (one of the commands exited with non-zero exit code; note that snakemake uses bash strict mode!)
    external_jobid: 60683699

Trying to restart job 37.
Select jobs to execute...
Execute 1 jobs...

[Thu Feb 27 13:29:24 2025]
rule estimate_timing:
    input: output/multiplicities/Patient26_multiplicities.tsv
    output: output/timing_results/Patient26_timing.tsv, output/timing_plots/Patient26_timing_plot.pdf
    jobid: 37
    reason: Missing output files: output/timing_plots/Patient26_timing_plot.pdf
    wildcards: sample=Patient26
    resources: mem_mb=1000, mem_mib=954, disk_mb=1000, disk_mib=954, tmpdir=<TBD>, slurm_account=park_contrib, slurm_partition=park, runtime=14400

Job 37 has been submitted with SLURM jobid 60683786 (log: /n/data1/hms/dbmi/park/jbrew/Tau/Tau_github/examples/inform_run/snakemake/.snakemake/slurm_logs/rule_estimate_timing/Patient26/60683786.log).
[Thu Feb 27 13:30:34 2025]
Error in rule estimate_timing:
    message: SLURM-job '60683694' failed, SLURM status is: 'FAILED'. For further error details see the cluster/cloud log and the log files of the involved rule(s).
    jobid: 29
    input: output/multiplicities/Patient20_multiplicities.tsv
    output: output/timing_results/Patient20_timing.tsv, output/timing_plots/Patient20_timing_plot.pdf
    log: /n/data1/hms/dbmi/park/jbrew/Tau/Tau_github/examples/inform_run/snakemake/.snakemake/slurm_logs/rule_estimate_timing/Patient20/60683694.log (check log file(s) for error details)
    shell:
        
        python scripts/estimate_timing.py             --multiplicities output/multiplicities/Patient20_multiplicities.tsv             --output_tsv output/timing_results/Patient20_timing.tsv             --output_plot output/timing_plots/Patient20_timing_plot.pdf
        
        (one of the commands exited with non-zero exit code; note that snakemake uses bash strict mode!)
    external_jobid: 60683694

Trying to restart job 29.
Select jobs to execute...
Execute 1 jobs...

[Thu Feb 27 13:30:34 2025]
rule estimate_timing:
    input: output/multiplicities/Patient20_multiplicities.tsv
    output: output/timing_results/Patient20_timing.tsv, output/timing_plots/Patient20_timing_plot.pdf
    jobid: 29
    reason: Missing output files: output/timing_plots/Patient20_timing_plot.pdf
    wildcards: sample=Patient20
    resources: mem_mb=1000, mem_mib=954, disk_mb=1000, disk_mib=954, tmpdir=<TBD>, slurm_account=park_contrib, slurm_partition=park, runtime=14400

Job 29 has been submitted with SLURM jobid 60683793 (log: /n/data1/hms/dbmi/park/jbrew/Tau/Tau_github/examples/inform_run/snakemake/.snakemake/slurm_logs/rule_estimate_timing/Patient20/60683793.log).
[Thu Feb 27 13:32:24 2025]
Error in rule estimate_timing:
    message: SLURM-job '60683756' failed, SLURM status is: 'FAILED'. For further error details see the cluster/cloud log and the log files of the involved rule(s).
    jobid: 53
    input: output/multiplicities/Patient43_multiplicities.tsv
    output: output/timing_results/Patient43_timing.tsv, output/timing_plots/Patient43_timing_plot.pdf
    log: /n/data1/hms/dbmi/park/jbrew/Tau/Tau_github/examples/inform_run/snakemake/.snakemake/slurm_logs/rule_estimate_timing/Patient43/60683756.log (check log file(s) for error details)
    shell:
        
        python scripts/estimate_timing.py             --multiplicities output/multiplicities/Patient43_multiplicities.tsv             --output_tsv output/timing_results/Patient43_timing.tsv             --output_plot output/timing_plots/Patient43_timing_plot.pdf
        
        (one of the commands exited with non-zero exit code; note that snakemake uses bash strict mode!)
    external_jobid: 60683756

[Thu Feb 27 13:32:24 2025]
Finished job 118.
4 of 40 steps (10%) done
Select jobs to execute...
Execute 1 jobs...

[Thu Feb 27 13:32:24 2025]
rule estimate_timing:
    input: output/multiplicities/Patient86_multiplicities.tsv
    output: output/timing_results/Patient86_timing.tsv, output/timing_plots/Patient86_timing_plot.pdf
    jobid: 117
    reason: Missing output files: output/timing_plots/Patient86_timing_plot.pdf; Input files updated by another job: output/multiplicities/Patient86_multiplicities.tsv
    wildcards: sample=Patient86
    resources: mem_mb=1000, mem_mib=954, disk_mb=1000, disk_mib=954, tmpdir=<TBD>, slurm_account=park_contrib, slurm_partition=park, runtime=14400

[Thu Feb 27 13:32:24 2025]
Error in rule estimate_timing:
    message: SLURM-job '60683757' failed, SLURM status is: 'FAILED'. For further error details see the cluster/cloud log and the log files of the involved rule(s).
    jobid: 113
    input: output/multiplicities/Patient82_multiplicities.tsv
    output: output/timing_results/Patient82_timing.tsv, output/timing_plots/Patient82_timing_plot.pdf
    log: /n/data1/hms/dbmi/park/jbrew/Tau/Tau_github/examples/inform_run/snakemake/.snakemake/slurm_logs/rule_estimate_timing/Patient82/60683757.log (check log file(s) for error details)
    shell:
        
        python scripts/estimate_timing.py             --multiplicities output/multiplicities/Patient82_multiplicities.tsv             --output_tsv output/timing_results/Patient82_timing.tsv             --output_plot output/timing_plots/Patient82_timing_plot.pdf
        
        (one of the commands exited with non-zero exit code; note that snakemake uses bash strict mode!)
    external_jobid: 60683757

[Thu Feb 27 13:32:24 2025]
Error in rule estimate_timing:
    message: SLURM-job '60683759' failed, SLURM status is: 'FAILED'. For further error details see the cluster/cloud log and the log files of the involved rule(s).
    jobid: 57
    input: output/multiplicities/Patient44_multiplicities.tsv
    output: output/timing_results/Patient44_timing.tsv, output/timing_plots/Patient44_timing_plot.pdf
    log: /n/data1/hms/dbmi/park/jbrew/Tau/Tau_github/examples/inform_run/snakemake/.snakemake/slurm_logs/rule_estimate_timing/Patient44/60683759.log (check log file(s) for error details)
    shell:
        
        python scripts/estimate_timing.py             --multiplicities output/multiplicities/Patient44_multiplicities.tsv             --output_tsv output/timing_results/Patient44_timing.tsv             --output_plot output/timing_plots/Patient44_timing_plot.pdf
        
        (one of the commands exited with non-zero exit code; note that snakemake uses bash strict mode!)
    external_jobid: 60683759

[Thu Feb 27 13:32:24 2025]
Error in rule estimate_timing:
    message: SLURM-job '60683760' failed, SLURM status is: 'FAILED'. For further error details see the cluster/cloud log and the log files of the involved rule(s).
    jobid: 61
    input: output/multiplicities/Patient47_multiplicities.tsv
    output: output/timing_results/Patient47_timing.tsv, output/timing_plots/Patient47_timing_plot.pdf
    log: /n/data1/hms/dbmi/park/jbrew/Tau/Tau_github/examples/inform_run/snakemake/.snakemake/slurm_logs/rule_estimate_timing/Patient47/60683760.log (check log file(s) for error details)
    shell:
        
        python scripts/estimate_timing.py             --multiplicities output/multiplicities/Patient47_multiplicities.tsv             --output_tsv output/timing_results/Patient47_timing.tsv             --output_plot output/timing_plots/Patient47_timing_plot.pdf
        
        (one of the commands exited with non-zero exit code; note that snakemake uses bash strict mode!)
    external_jobid: 60683760

[Thu Feb 27 13:32:24 2025]
Error in rule estimate_timing:
    message: SLURM-job '60683761' failed, SLURM status is: 'FAILED'. For further error details see the cluster/cloud log and the log files of the involved rule(s).
    jobid: 121
    input: output/multiplicities/Patient87_multiplicities.tsv
    output: output/timing_results/Patient87_timing.tsv, output/timing_plots/Patient87_timing_plot.pdf
    log: /n/data1/hms/dbmi/park/jbrew/Tau/Tau_github/examples/inform_run/snakemake/.snakemake/slurm_logs/rule_estimate_timing/Patient87/60683761.log (check log file(s) for error details)
    shell:
        
        python scripts/estimate_timing.py             --multiplicities output/multiplicities/Patient87_multiplicities.tsv             --output_tsv output/timing_results/Patient87_timing.tsv             --output_plot output/timing_plots/Patient87_timing_plot.pdf
        
        (one of the commands exited with non-zero exit code; note that snakemake uses bash strict mode!)
    external_jobid: 60683761

[Thu Feb 27 13:32:24 2025]
Error in rule estimate_timing:
    message: SLURM-job '60683762' failed, SLURM status is: 'FAILED'. For further error details see the cluster/cloud log and the log files of the involved rule(s).
    jobid: 1
    input: output/multiplicities/Patient101_multiplicities.tsv
    output: output/timing_results/Patient101_timing.tsv, output/timing_plots/Patient101_timing_plot.pdf
    log: /n/data1/hms/dbmi/park/jbrew/Tau/Tau_github/examples/inform_run/snakemake/.snakemake/slurm_logs/rule_estimate_timing/Patient101/60683762.log (check log file(s) for error details)
    shell:
        
        python scripts/estimate_timing.py             --multiplicities output/multiplicities/Patient101_multiplicities.tsv             --output_tsv output/timing_results/Patient101_timing.tsv             --output_plot output/timing_plots/Patient101_timing_plot.pdf
        
        (one of the commands exited with non-zero exit code; note that snakemake uses bash strict mode!)
    external_jobid: 60683762

[Thu Feb 27 13:32:24 2025]
Error in rule estimate_timing:
    message: SLURM-job '60683763' failed, SLURM status is: 'FAILED'. For further error details see the cluster/cloud log and the log files of the involved rule(s).
    jobid: 65
    input: output/multiplicities/Patient50_multiplicities.tsv
    output: output/timing_results/Patient50_timing.tsv, output/timing_plots/Patient50_timing_plot.pdf
    log: /n/data1/hms/dbmi/park/jbrew/Tau/Tau_github/examples/inform_run/snakemake/.snakemake/slurm_logs/rule_estimate_timing/Patient50/60683763.log (check log file(s) for error details)
    shell:
        
        python scripts/estimate_timing.py             --multiplicities output/multiplicities/Patient50_multiplicities.tsv             --output_tsv output/timing_results/Patient50_timing.tsv             --output_plot output/timing_plots/Patient50_timing_plot.pdf
        
        (one of the commands exited with non-zero exit code; note that snakemake uses bash strict mode!)
    external_jobid: 60683763

[Thu Feb 27 13:32:24 2025]
Error in rule estimate_timing:
    message: SLURM-job '60683764' failed, SLURM status is: 'FAILED'. For further error details see the cluster/cloud log and the log files of the involved rule(s).
    jobid: 5
    input: output/multiplicities/Patient109_multiplicities.tsv
    output: output/timing_results/Patient109_timing.tsv, output/timing_plots/Patient109_timing_plot.pdf
    log: /n/data1/hms/dbmi/park/jbrew/Tau/Tau_github/examples/inform_run/snakemake/.snakemake/slurm_logs/rule_estimate_timing/Patient109/60683764.log (check log file(s) for error details)
    shell:
        
        python scripts/estimate_timing.py             --multiplicities output/multiplicities/Patient109_multiplicities.tsv             --output_tsv output/timing_results/Patient109_timing.tsv             --output_plot output/timing_plots/Patient109_timing_plot.pdf
        
        (one of the commands exited with non-zero exit code; note that snakemake uses bash strict mode!)
    external_jobid: 60683764

[Thu Feb 27 13:32:24 2025]
Error in rule estimate_timing:
    message: SLURM-job '60683765' failed, SLURM status is: 'FAILED'. For further error details see the cluster/cloud log and the log files of the involved rule(s).
    jobid: 125
    input: output/multiplicities/Patient90_multiplicities.tsv
    output: output/timing_results/Patient90_timing.tsv, output/timing_plots/Patient90_timing_plot.pdf
    log: /n/data1/hms/dbmi/park/jbrew/Tau/Tau_github/examples/inform_run/snakemake/.snakemake/slurm_logs/rule_estimate_timing/Patient90/60683765.log (check log file(s) for error details)
    shell:
        
        python scripts/estimate_timing.py             --multiplicities output/multiplicities/Patient90_multiplicities.tsv             --output_tsv output/timing_results/Patient90_timing.tsv             --output_plot output/timing_plots/Patient90_timing_plot.pdf
        
        (one of the commands exited with non-zero exit code; note that snakemake uses bash strict mode!)
    external_jobid: 60683765

[Thu Feb 27 13:32:24 2025]
Error in rule estimate_timing:
    message: SLURM-job '60683766' failed, SLURM status is: 'FAILED'. For further error details see the cluster/cloud log and the log files of the involved rule(s).
    jobid: 9
    input: output/multiplicities/Patient113_multiplicities.tsv
    output: output/timing_results/Patient113_timing.tsv, output/timing_plots/Patient113_timing_plot.pdf
    log: /n/data1/hms/dbmi/park/jbrew/Tau/Tau_github/examples/inform_run/snakemake/.snakemake/slurm_logs/rule_estimate_timing/Patient113/60683766.log (check log file(s) for error details)
    shell:
        
        python scripts/estimate_timing.py             --multiplicities output/multiplicities/Patient113_multiplicities.tsv             --output_tsv output/timing_results/Patient113_timing.tsv             --output_plot output/timing_plots/Patient113_timing_plot.pdf
        
        (one of the commands exited with non-zero exit code; note that snakemake uses bash strict mode!)
    external_jobid: 60683766

[Thu Feb 27 13:32:24 2025]
Error in rule estimate_timing:
    message: SLURM-job '60683767' failed, SLURM status is: 'FAILED'. For further error details see the cluster/cloud log and the log files of the involved rule(s).
    jobid: 69
    input: output/multiplicities/Patient55_multiplicities.tsv
    output: output/timing_results/Patient55_timing.tsv, output/timing_plots/Patient55_timing_plot.pdf
    log: /n/data1/hms/dbmi/park/jbrew/Tau/Tau_github/examples/inform_run/snakemake/.snakemake/slurm_logs/rule_estimate_timing/Patient55/60683767.log (check log file(s) for error details)
    shell:
        
        python scripts/estimate_timing.py             --multiplicities output/multiplicities/Patient55_multiplicities.tsv             --output_tsv output/timing_results/Patient55_timing.tsv             --output_plot output/timing_plots/Patient55_timing_plot.pdf
        
        (one of the commands exited with non-zero exit code; note that snakemake uses bash strict mode!)
    external_jobid: 60683767

[Thu Feb 27 13:32:24 2025]
Error in rule estimate_timing:
    message: SLURM-job '60683768' failed, SLURM status is: 'FAILED'. For further error details see the cluster/cloud log and the log files of the involved rule(s).
    jobid: 129
    input: output/multiplicities/Patient94_multiplicities.tsv
    output: output/timing_results/Patient94_timing.tsv, output/timing_plots/Patient94_timing_plot.pdf
    log: /n/data1/hms/dbmi/park/jbrew/Tau/Tau_github/examples/inform_run/snakemake/.snakemake/slurm_logs/rule_estimate_timing/Patient94/60683768.log (check log file(s) for error details)
    shell:
        
        python scripts/estimate_timing.py             --multiplicities output/multiplicities/Patient94_multiplicities.tsv             --output_tsv output/timing_results/Patient94_timing.tsv             --output_plot output/timing_plots/Patient94_timing_plot.pdf
        
        (one of the commands exited with non-zero exit code; note that snakemake uses bash strict mode!)
    external_jobid: 60683768

[Thu Feb 27 13:32:24 2025]
Error in rule estimate_timing:
    message: SLURM-job '60683769' failed, SLURM status is: 'FAILED'. For further error details see the cluster/cloud log and the log files of the involved rule(s).
    jobid: 73
    input: output/multiplicities/Patient57_multiplicities.tsv
    output: output/timing_results/Patient57_timing.tsv, output/timing_plots/Patient57_timing_plot.pdf
    log: /n/data1/hms/dbmi/park/jbrew/Tau/Tau_github/examples/inform_run/snakemake/.snakemake/slurm_logs/rule_estimate_timing/Patient57/60683769.log (check log file(s) for error details)
    shell:
        
        python scripts/estimate_timing.py             --multiplicities output/multiplicities/Patient57_multiplicities.tsv             --output_tsv output/timing_results/Patient57_timing.tsv             --output_plot output/timing_plots/Patient57_timing_plot.pdf
        
        (one of the commands exited with non-zero exit code; note that snakemake uses bash strict mode!)
    external_jobid: 60683769

[Thu Feb 27 13:32:24 2025]
Error in rule estimate_timing:
    message: SLURM-job '60683770' failed, SLURM status is: 'FAILED'. For further error details see the cluster/cloud log and the log files of the involved rule(s).
    jobid: 17
    input: output/multiplicities/Patient17_multiplicities.tsv
    output: output/timing_results/Patient17_timing.tsv, output/timing_plots/Patient17_timing_plot.pdf
    log: /n/data1/hms/dbmi/park/jbrew/Tau/Tau_github/examples/inform_run/snakemake/.snakemake/slurm_logs/rule_estimate_timing/Patient17/60683770.log (check log file(s) for error details)
    shell:
        
        python scripts/estimate_timing.py             --multiplicities output/multiplicities/Patient17_multiplicities.tsv             --output_tsv output/timing_results/Patient17_timing.tsv             --output_plot output/timing_plots/Patient17_timing_plot.pdf
        
        (one of the commands exited with non-zero exit code; note that snakemake uses bash strict mode!)
    external_jobid: 60683770

[Thu Feb 27 13:32:24 2025]
Error in rule estimate_timing:
    message: SLURM-job '60683771' failed, SLURM status is: 'FAILED'. For further error details see the cluster/cloud log and the log files of the involved rule(s).
    jobid: 77
    input: output/multiplicities/Patient58_multiplicities.tsv
    output: output/timing_results/Patient58_timing.tsv, output/timing_plots/Patient58_timing_plot.pdf
    log: /n/data1/hms/dbmi/park/jbrew/Tau/Tau_github/examples/inform_run/snakemake/.snakemake/slurm_logs/rule_estimate_timing/Patient58/60683771.log (check log file(s) for error details)
    shell:
        
        python scripts/estimate_timing.py             --multiplicities output/multiplicities/Patient58_multiplicities.tsv             --output_tsv output/timing_results/Patient58_timing.tsv             --output_plot output/timing_plots/Patient58_timing_plot.pdf
        
        (one of the commands exited with non-zero exit code; note that snakemake uses bash strict mode!)
    external_jobid: 60683771

[Thu Feb 27 13:32:24 2025]
Error in rule estimate_timing:
    message: SLURM-job '60683772' failed, SLURM status is: 'FAILED'. For further error details see the cluster/cloud log and the log files of the involved rule(s).
    jobid: 21
    input: output/multiplicities/Patient18_multiplicities.tsv
    output: output/timing_results/Patient18_timing.tsv, output/timing_plots/Patient18_timing_plot.pdf
    log: /n/data1/hms/dbmi/park/jbrew/Tau/Tau_github/examples/inform_run/snakemake/.snakemake/slurm_logs/rule_estimate_timing/Patient18/60683772.log (check log file(s) for error details)
    shell:
        
        python scripts/estimate_timing.py             --multiplicities output/multiplicities/Patient18_multiplicities.tsv             --output_tsv output/timing_results/Patient18_timing.tsv             --output_plot output/timing_plots/Patient18_timing_plot.pdf
        
        (one of the commands exited with non-zero exit code; note that snakemake uses bash strict mode!)
    external_jobid: 60683772

[Thu Feb 27 13:32:24 2025]
Error in rule estimate_timing:
    message: SLURM-job '60683773' failed, SLURM status is: 'FAILED'. For further error details see the cluster/cloud log and the log files of the involved rule(s).
    jobid: 81
    input: output/multiplicities/Patient64_multiplicities.tsv
    output: output/timing_results/Patient64_timing.tsv, output/timing_plots/Patient64_timing_plot.pdf
    log: /n/data1/hms/dbmi/park/jbrew/Tau/Tau_github/examples/inform_run/snakemake/.snakemake/slurm_logs/rule_estimate_timing/Patient64/60683773.log (check log file(s) for error details)
    shell:
        
        python scripts/estimate_timing.py             --multiplicities output/multiplicities/Patient64_multiplicities.tsv             --output_tsv output/timing_results/Patient64_timing.tsv             --output_plot output/timing_plots/Patient64_timing_plot.pdf
        
        (one of the commands exited with non-zero exit code; note that snakemake uses bash strict mode!)
    external_jobid: 60683773

[Thu Feb 27 13:32:24 2025]
Error in rule estimate_timing:
    message: SLURM-job '60683774' failed, SLURM status is: 'FAILED'. For further error details see the cluster/cloud log and the log files of the involved rule(s).
    jobid: 25
    input: output/multiplicities/Patient1_multiplicities.tsv
    output: output/timing_results/Patient1_timing.tsv, output/timing_plots/Patient1_timing_plot.pdf
    log: /n/data1/hms/dbmi/park/jbrew/Tau/Tau_github/examples/inform_run/snakemake/.snakemake/slurm_logs/rule_estimate_timing/Patient1/60683774.log (check log file(s) for error details)
    shell:
        
        python scripts/estimate_timing.py             --multiplicities output/multiplicities/Patient1_multiplicities.tsv             --output_tsv output/timing_results/Patient1_timing.tsv             --output_plot output/timing_plots/Patient1_timing_plot.pdf
        
        (one of the commands exited with non-zero exit code; note that snakemake uses bash strict mode!)
    external_jobid: 60683774

[Thu Feb 27 13:32:24 2025]
Error in rule estimate_timing:
    message: SLURM-job '60683775' failed, SLURM status is: 'FAILED'. For further error details see the cluster/cloud log and the log files of the involved rule(s).
    jobid: 85
    input: output/multiplicities/Patient65_multiplicities.tsv
    output: output/timing_results/Patient65_timing.tsv, output/timing_plots/Patient65_timing_plot.pdf
    log: /n/data1/hms/dbmi/park/jbrew/Tau/Tau_github/examples/inform_run/snakemake/.snakemake/slurm_logs/rule_estimate_timing/Patient65/60683775.log (check log file(s) for error details)
    shell:
        
        python scripts/estimate_timing.py             --multiplicities output/multiplicities/Patient65_multiplicities.tsv             --output_tsv output/timing_results/Patient65_timing.tsv             --output_plot output/timing_plots/Patient65_timing_plot.pdf
        
        (one of the commands exited with non-zero exit code; note that snakemake uses bash strict mode!)
    external_jobid: 60683775

[Thu Feb 27 13:32:24 2025]
Error in rule estimate_timing:
    message: SLURM-job '60683776' failed, SLURM status is: 'FAILED'. For further error details see the cluster/cloud log and the log files of the involved rule(s).
    jobid: 89
    input: output/multiplicities/Patient68_multiplicities.tsv
    output: output/timing_results/Patient68_timing.tsv, output/timing_plots/Patient68_timing_plot.pdf
    log: /n/data1/hms/dbmi/park/jbrew/Tau/Tau_github/examples/inform_run/snakemake/.snakemake/slurm_logs/rule_estimate_timing/Patient68/60683776.log (check log file(s) for error details)
    shell:
        
        python scripts/estimate_timing.py             --multiplicities output/multiplicities/Patient68_multiplicities.tsv             --output_tsv output/timing_results/Patient68_timing.tsv             --output_plot output/timing_plots/Patient68_timing_plot.pdf
        
        (one of the commands exited with non-zero exit code; note that snakemake uses bash strict mode!)
    external_jobid: 60683776

[Thu Feb 27 13:32:24 2025]
Error in rule estimate_timing:
    message: SLURM-job '60683777' failed, SLURM status is: 'FAILED'. For further error details see the cluster/cloud log and the log files of the involved rule(s).
    jobid: 109
    input: output/multiplicities/Patient81_multiplicities.tsv
    output: output/timing_results/Patient81_timing.tsv, output/timing_plots/Patient81_timing_plot.pdf
    log: /n/data1/hms/dbmi/park/jbrew/Tau/Tau_github/examples/inform_run/snakemake/.snakemake/slurm_logs/rule_estimate_timing/Patient81/60683777.log (check log file(s) for error details)
    shell:
        
        python scripts/estimate_timing.py             --multiplicities output/multiplicities/Patient81_multiplicities.tsv             --output_tsv output/timing_results/Patient81_timing.tsv             --output_plot output/timing_plots/Patient81_timing_plot.pdf
        
        (one of the commands exited with non-zero exit code; note that snakemake uses bash strict mode!)
    external_jobid: 60683777

[Thu Feb 27 13:32:24 2025]
Error in rule estimate_timing:
    message: SLURM-job '60683778' failed, SLURM status is: 'FAILED'. For further error details see the cluster/cloud log and the log files of the involved rule(s).
    jobid: 33
    input: output/multiplicities/Patient25_multiplicities.tsv
    output: output/timing_results/Patient25_timing.tsv, output/timing_plots/Patient25_timing_plot.pdf
    log: /n/data1/hms/dbmi/park/jbrew/Tau/Tau_github/examples/inform_run/snakemake/.snakemake/slurm_logs/rule_estimate_timing/Patient25/60683778.log (check log file(s) for error details)
    shell:
        
        python scripts/estimate_timing.py             --multiplicities output/multiplicities/Patient25_multiplicities.tsv             --output_tsv output/timing_results/Patient25_timing.tsv             --output_plot output/timing_plots/Patient25_timing_plot.pdf
        
        (one of the commands exited with non-zero exit code; note that snakemake uses bash strict mode!)
    external_jobid: 60683778

[Thu Feb 27 13:32:24 2025]
Error in rule estimate_timing:
    message: SLURM-job '60683779' failed, SLURM status is: 'FAILED'. For further error details see the cluster/cloud log and the log files of the involved rule(s).
    jobid: 93
    input: output/multiplicities/Patient76_multiplicities.tsv
    output: output/timing_results/Patient76_timing.tsv, output/timing_plots/Patient76_timing_plot.pdf
    log: /n/data1/hms/dbmi/park/jbrew/Tau/Tau_github/examples/inform_run/snakemake/.snakemake/slurm_logs/rule_estimate_timing/Patient76/60683779.log (check log file(s) for error details)
    shell:
        
        python scripts/estimate_timing.py             --multiplicities output/multiplicities/Patient76_multiplicities.tsv             --output_tsv output/timing_results/Patient76_timing.tsv             --output_plot output/timing_plots/Patient76_timing_plot.pdf
        
        (one of the commands exited with non-zero exit code; note that snakemake uses bash strict mode!)
    external_jobid: 60683779

[Thu Feb 27 13:32:24 2025]
Error in rule estimate_timing:
    message: SLURM-job '60683780' failed, SLURM status is: 'FAILED'. For further error details see the cluster/cloud log and the log files of the involved rule(s).
    jobid: 41
    input: output/multiplicities/Patient33_multiplicities.tsv
    output: output/timing_results/Patient33_timing.tsv, output/timing_plots/Patient33_timing_plot.pdf
    log: /n/data1/hms/dbmi/park/jbrew/Tau/Tau_github/examples/inform_run/snakemake/.snakemake/slurm_logs/rule_estimate_timing/Patient33/60683780.log (check log file(s) for error details)
    shell:
        
        python scripts/estimate_timing.py             --multiplicities output/multiplicities/Patient33_multiplicities.tsv             --output_tsv output/timing_results/Patient33_timing.tsv             --output_plot output/timing_plots/Patient33_timing_plot.pdf
        
        (one of the commands exited with non-zero exit code; note that snakemake uses bash strict mode!)
    external_jobid: 60683780

[Thu Feb 27 13:32:24 2025]
Error in rule estimate_timing:
    message: SLURM-job '60683781' failed, SLURM status is: 'FAILED'. For further error details see the cluster/cloud log and the log files of the involved rule(s).
    jobid: 101
    input: output/multiplicities/Patient7_multiplicities.tsv
    output: output/timing_results/Patient7_timing.tsv, output/timing_plots/Patient7_timing_plot.pdf
    log: /n/data1/hms/dbmi/park/jbrew/Tau/Tau_github/examples/inform_run/snakemake/.snakemake/slurm_logs/rule_estimate_timing/Patient7/60683781.log (check log file(s) for error details)
    shell:
        
        python scripts/estimate_timing.py             --multiplicities output/multiplicities/Patient7_multiplicities.tsv             --output_tsv output/timing_results/Patient7_timing.tsv             --output_plot output/timing_plots/Patient7_timing_plot.pdf
        
        (one of the commands exited with non-zero exit code; note that snakemake uses bash strict mode!)
    external_jobid: 60683781

[Thu Feb 27 13:32:24 2025]
Error in rule estimate_timing:
    message: SLURM-job '60683783' failed, SLURM status is: 'FAILED'. For further error details see the cluster/cloud log and the log files of the involved rule(s).
    jobid: 45
    input: output/multiplicities/Patient34_multiplicities.tsv
    output: output/timing_results/Patient34_timing.tsv, output/timing_plots/Patient34_timing_plot.pdf
    log: /n/data1/hms/dbmi/park/jbrew/Tau/Tau_github/examples/inform_run/snakemake/.snakemake/slurm_logs/rule_estimate_timing/Patient34/60683783.log (check log file(s) for error details)
    shell:
        
        python scripts/estimate_timing.py             --multiplicities output/multiplicities/Patient34_multiplicities.tsv             --output_tsv output/timing_results/Patient34_timing.tsv             --output_plot output/timing_plots/Patient34_timing_plot.pdf
        
        (one of the commands exited with non-zero exit code; note that snakemake uses bash strict mode!)
    external_jobid: 60683783

[Thu Feb 27 13:32:24 2025]
Error in rule estimate_timing:
    message: SLURM-job '60683784' failed, SLURM status is: 'FAILED'. For further error details see the cluster/cloud log and the log files of the involved rule(s).
    jobid: 105
    input: output/multiplicities/Patient80_multiplicities.tsv
    output: output/timing_results/Patient80_timing.tsv, output/timing_plots/Patient80_timing_plot.pdf
    log: /n/data1/hms/dbmi/park/jbrew/Tau/Tau_github/examples/inform_run/snakemake/.snakemake/slurm_logs/rule_estimate_timing/Patient80/60683784.log (check log file(s) for error details)
    shell:
        
        python scripts/estimate_timing.py             --multiplicities output/multiplicities/Patient80_multiplicities.tsv             --output_tsv output/timing_results/Patient80_timing.tsv             --output_plot output/timing_plots/Patient80_timing_plot.pdf
        
        (one of the commands exited with non-zero exit code; note that snakemake uses bash strict mode!)
    external_jobid: 60683784

[Thu Feb 27 13:32:24 2025]
Error in rule estimate_timing:
    message: SLURM-job '60683785' failed, SLURM status is: 'FAILED'. For further error details see the cluster/cloud log and the log files of the involved rule(s).
    jobid: 49
    input: output/multiplicities/Patient37_multiplicities.tsv
    output: output/timing_results/Patient37_timing.tsv, output/timing_plots/Patient37_timing_plot.pdf
    log: /n/data1/hms/dbmi/park/jbrew/Tau/Tau_github/examples/inform_run/snakemake/.snakemake/slurm_logs/rule_estimate_timing/Patient37/60683785.log (check log file(s) for error details)
    shell:
        
        python scripts/estimate_timing.py             --multiplicities output/multiplicities/Patient37_multiplicities.tsv             --output_tsv output/timing_results/Patient37_timing.tsv             --output_plot output/timing_plots/Patient37_timing_plot.pdf
        
        (one of the commands exited with non-zero exit code; note that snakemake uses bash strict mode!)
    external_jobid: 60683785

Job 117 has been submitted with SLURM jobid 60683832 (log: /n/data1/hms/dbmi/park/jbrew/Tau/Tau_github/examples/inform_run/snakemake/.snakemake/slurm_logs/rule_estimate_timing/Patient86/60683832.log).
[Thu Feb 27 13:32:25 2025]
Finished job 14.
5 of 40 steps (12%) done
[Thu Feb 27 13:32:25 2025]
Finished job 98.
6 of 40 steps (15%) done
Trying to restart job 53.
Trying to restart job 113.
Trying to restart job 57.
Trying to restart job 61.
Trying to restart job 121.
Trying to restart job 1.
Trying to restart job 65.
Trying to restart job 5.
Trying to restart job 125.
Trying to restart job 9.
Trying to restart job 69.
Trying to restart job 129.
Trying to restart job 73.
Trying to restart job 17.
Trying to restart job 77.
Trying to restart job 21.
Trying to restart job 81.
Trying to restart job 25.
Trying to restart job 85.
Trying to restart job 89.
Trying to restart job 109.
Trying to restart job 33.
Trying to restart job 93.
Trying to restart job 41.
Trying to restart job 101.
Trying to restart job 45.
Trying to restart job 105.
Trying to restart job 49.
Select jobs to execute...
Execute 30 jobs...

[Thu Feb 27 13:32:26 2025]
rule estimate_timing:
    input: output/multiplicities/Patient43_multiplicities.tsv
    output: output/timing_results/Patient43_timing.tsv, output/timing_plots/Patient43_timing_plot.pdf
    jobid: 53
    reason: Missing output files: output/timing_plots/Patient43_timing_plot.pdf
    wildcards: sample=Patient43
    resources: mem_mb=1000, mem_mib=954, disk_mb=1000, disk_mib=954, tmpdir=<TBD>, slurm_account=park_contrib, slurm_partition=park, runtime=14400

Job 53 has been submitted with SLURM jobid 60683833 (log: /n/data1/hms/dbmi/park/jbrew/Tau/Tau_github/examples/inform_run/snakemake/.snakemake/slurm_logs/rule_estimate_timing/Patient43/60683833.log).

[Thu Feb 27 13:32:26 2025]
rule estimate_timing:
    input: output/multiplicities/Patient82_multiplicities.tsv
    output: output/timing_results/Patient82_timing.tsv, output/timing_plots/Patient82_timing_plot.pdf
    jobid: 113
    reason: Missing output files: output/timing_plots/Patient82_timing_plot.pdf
    wildcards: sample=Patient82
    resources: mem_mb=1000, mem_mib=954, disk_mb=1000, disk_mib=954, tmpdir=<TBD>, slurm_account=park_contrib, slurm_partition=park, runtime=14400

Job 113 has been submitted with SLURM jobid 60683834 (log: /n/data1/hms/dbmi/park/jbrew/Tau/Tau_github/examples/inform_run/snakemake/.snakemake/slurm_logs/rule_estimate_timing/Patient82/60683834.log).

[Thu Feb 27 13:32:26 2025]
rule estimate_timing:
    input: output/multiplicities/Patient44_multiplicities.tsv
    output: output/timing_results/Patient44_timing.tsv, output/timing_plots/Patient44_timing_plot.pdf
    jobid: 57
    reason: Missing output files: output/timing_plots/Patient44_timing_plot.pdf
    wildcards: sample=Patient44
    resources: mem_mb=1000, mem_mib=954, disk_mb=1000, disk_mib=954, tmpdir=<TBD>, slurm_account=park_contrib, slurm_partition=park, runtime=14400

Job 57 has been submitted with SLURM jobid 60683835 (log: /n/data1/hms/dbmi/park/jbrew/Tau/Tau_github/examples/inform_run/snakemake/.snakemake/slurm_logs/rule_estimate_timing/Patient44/60683835.log).

[Thu Feb 27 13:32:26 2025]
rule estimate_timing:
    input: output/multiplicities/Patient87_multiplicities.tsv
    output: output/timing_results/Patient87_timing.tsv, output/timing_plots/Patient87_timing_plot.pdf
    jobid: 121
    reason: Missing output files: output/timing_plots/Patient87_timing_plot.pdf
    wildcards: sample=Patient87
    resources: mem_mb=1000, mem_mib=954, disk_mb=1000, disk_mib=954, tmpdir=<TBD>, slurm_account=park_contrib, slurm_partition=park, runtime=14400

Job 121 has been submitted with SLURM jobid 60683836 (log: /n/data1/hms/dbmi/park/jbrew/Tau/Tau_github/examples/inform_run/snakemake/.snakemake/slurm_logs/rule_estimate_timing/Patient87/60683836.log).

[Thu Feb 27 13:32:27 2025]
rule estimate_timing:
    input: output/multiplicities/Patient101_multiplicities.tsv
    output: output/timing_results/Patient101_timing.tsv, output/timing_plots/Patient101_timing_plot.pdf
    jobid: 1
    reason: Missing output files: output/timing_plots/Patient101_timing_plot.pdf
    wildcards: sample=Patient101
    resources: mem_mb=1000, mem_mib=954, disk_mb=1000, disk_mib=954, tmpdir=<TBD>, slurm_account=park_contrib, slurm_partition=park, runtime=14400

Job 1 has been submitted with SLURM jobid 60683837 (log: /n/data1/hms/dbmi/park/jbrew/Tau/Tau_github/examples/inform_run/snakemake/.snakemake/slurm_logs/rule_estimate_timing/Patient101/60683837.log).

[Thu Feb 27 13:32:27 2025]
rule estimate_timing:
    input: output/multiplicities/Patient47_multiplicities.tsv
    output: output/timing_results/Patient47_timing.tsv, output/timing_plots/Patient47_timing_plot.pdf
    jobid: 61
    reason: Missing output files: output/timing_plots/Patient47_timing_plot.pdf
    wildcards: sample=Patient47
    resources: mem_mb=1000, mem_mib=954, disk_mb=1000, disk_mib=954, tmpdir=<TBD>, slurm_account=park_contrib, slurm_partition=park, runtime=14400

Job 61 has been submitted with SLURM jobid 60683838 (log: /n/data1/hms/dbmi/park/jbrew/Tau/Tau_github/examples/inform_run/snakemake/.snakemake/slurm_logs/rule_estimate_timing/Patient47/60683838.log).

[Thu Feb 27 13:32:27 2025]
rule estimate_timing:
    input: output/multiplicities/Patient50_multiplicities.tsv
    output: output/timing_results/Patient50_timing.tsv, output/timing_plots/Patient50_timing_plot.pdf
    jobid: 65
    reason: Missing output files: output/timing_plots/Patient50_timing_plot.pdf
    wildcards: sample=Patient50
    resources: mem_mb=1000, mem_mib=954, disk_mb=1000, disk_mib=954, tmpdir=<TBD>, slurm_account=park_contrib, slurm_partition=park, runtime=14400

Job 65 has been submitted with SLURM jobid 60683839 (log: /n/data1/hms/dbmi/park/jbrew/Tau/Tau_github/examples/inform_run/snakemake/.snakemake/slurm_logs/rule_estimate_timing/Patient50/60683839.log).

[Thu Feb 27 13:32:27 2025]
rule estimate_timing:
    input: output/multiplicities/Patient90_multiplicities.tsv
    output: output/timing_results/Patient90_timing.tsv, output/timing_plots/Patient90_timing_plot.pdf
    jobid: 125
    reason: Missing output files: output/timing_plots/Patient90_timing_plot.pdf
    wildcards: sample=Patient90
    resources: mem_mb=1000, mem_mib=954, disk_mb=1000, disk_mib=954, tmpdir=<TBD>, slurm_account=park_contrib, slurm_partition=park, runtime=14400

Job 125 has been submitted with SLURM jobid 60683840 (log: /n/data1/hms/dbmi/park/jbrew/Tau/Tau_github/examples/inform_run/snakemake/.snakemake/slurm_logs/rule_estimate_timing/Patient90/60683840.log).

[Thu Feb 27 13:32:28 2025]
rule estimate_timing:
    input: output/multiplicities/Patient109_multiplicities.tsv
    output: output/timing_results/Patient109_timing.tsv, output/timing_plots/Patient109_timing_plot.pdf
    jobid: 5
    reason: Missing output files: output/timing_plots/Patient109_timing_plot.pdf
    wildcards: sample=Patient109
    resources: mem_mb=1000, mem_mib=954, disk_mb=1000, disk_mib=954, tmpdir=<TBD>, slurm_account=park_contrib, slurm_partition=park, runtime=14400

Job 5 has been submitted with SLURM jobid 60683841 (log: /n/data1/hms/dbmi/park/jbrew/Tau/Tau_github/examples/inform_run/snakemake/.snakemake/slurm_logs/rule_estimate_timing/Patient109/60683841.log).

[Thu Feb 27 13:32:28 2025]
rule estimate_timing:
    input: output/multiplicities/Patient94_multiplicities.tsv
    output: output/timing_results/Patient94_timing.tsv, output/timing_plots/Patient94_timing_plot.pdf
    jobid: 129
    reason: Missing output files: output/timing_plots/Patient94_timing_plot.pdf
    wildcards: sample=Patient94
    resources: mem_mb=1000, mem_mib=954, disk_mb=1000, disk_mib=954, tmpdir=<TBD>, slurm_account=park_contrib, slurm_partition=park, runtime=14400

Job 129 has been submitted with SLURM jobid 60683842 (log: /n/data1/hms/dbmi/park/jbrew/Tau/Tau_github/examples/inform_run/snakemake/.snakemake/slurm_logs/rule_estimate_timing/Patient94/60683842.log).

[Thu Feb 27 13:32:28 2025]
rule estimate_timing:
    input: output/multiplicities/Patient55_multiplicities.tsv
    output: output/timing_results/Patient55_timing.tsv, output/timing_plots/Patient55_timing_plot.pdf
    jobid: 69
    reason: Missing output files: output/timing_plots/Patient55_timing_plot.pdf
    wildcards: sample=Patient55
    resources: mem_mb=1000, mem_mib=954, disk_mb=1000, disk_mib=954, tmpdir=<TBD>, slurm_account=park_contrib, slurm_partition=park, runtime=14400

Job 69 has been submitted with SLURM jobid 60683843 (log: /n/data1/hms/dbmi/park/jbrew/Tau/Tau_github/examples/inform_run/snakemake/.snakemake/slurm_logs/rule_estimate_timing/Patient55/60683843.log).

[Thu Feb 27 13:32:28 2025]
rule estimate_timing:
    input: output/multiplicities/Patient113_multiplicities.tsv
    output: output/timing_results/Patient113_timing.tsv, output/timing_plots/Patient113_timing_plot.pdf
    jobid: 9
    reason: Missing output files: output/timing_plots/Patient113_timing_plot.pdf
    wildcards: sample=Patient113
    resources: mem_mb=1000, mem_mib=954, disk_mb=1000, disk_mib=954, tmpdir=<TBD>, slurm_account=park_contrib, slurm_partition=park, runtime=14400

Job 9 has been submitted with SLURM jobid 60683844 (log: /n/data1/hms/dbmi/park/jbrew/Tau/Tau_github/examples/inform_run/snakemake/.snakemake/slurm_logs/rule_estimate_timing/Patient113/60683844.log).

[Thu Feb 27 13:32:29 2025]
rule estimate_timing:
    input: output/multiplicities/Patient15_multiplicities.tsv
    output: output/timing_results/Patient15_timing.tsv, output/timing_plots/Patient15_timing_plot.pdf
    jobid: 13
    reason: Missing output files: output/timing_plots/Patient15_timing_plot.pdf; Input files updated by another job: output/multiplicities/Patient15_multiplicities.tsv
    wildcards: sample=Patient15
    resources: mem_mb=1000, mem_mib=954, disk_mb=1000, disk_mib=954, tmpdir=<TBD>, slurm_account=park_contrib, slurm_partition=park, runtime=14400

Job 13 has been submitted with SLURM jobid 60683845 (log: /n/data1/hms/dbmi/park/jbrew/Tau/Tau_github/examples/inform_run/snakemake/.snakemake/slurm_logs/rule_estimate_timing/Patient15/60683845.log).

[Thu Feb 27 13:32:29 2025]
rule estimate_timing:
    input: output/multiplicities/Patient57_multiplicities.tsv
    output: output/timing_results/Patient57_timing.tsv, output/timing_plots/Patient57_timing_plot.pdf
    jobid: 73
    reason: Missing output files: output/timing_plots/Patient57_timing_plot.pdf
    wildcards: sample=Patient57
    resources: mem_mb=1000, mem_mib=954, disk_mb=1000, disk_mib=954, tmpdir=<TBD>, slurm_account=park_contrib, slurm_partition=park, runtime=14400

Job 73 has been submitted with SLURM jobid 60683846 (log: /n/data1/hms/dbmi/park/jbrew/Tau/Tau_github/examples/inform_run/snakemake/.snakemake/slurm_logs/rule_estimate_timing/Patient57/60683846.log).

[Thu Feb 27 13:32:29 2025]
rule estimate_timing:
    input: output/multiplicities/Patient58_multiplicities.tsv
    output: output/timing_results/Patient58_timing.tsv, output/timing_plots/Patient58_timing_plot.pdf
    jobid: 77
    reason: Missing output files: output/timing_plots/Patient58_timing_plot.pdf
    wildcards: sample=Patient58
    resources: mem_mb=1000, mem_mib=954, disk_mb=1000, disk_mib=954, tmpdir=<TBD>, slurm_account=park_contrib, slurm_partition=park, runtime=14400

Job 77 has been submitted with SLURM jobid 60683847 (log: /n/data1/hms/dbmi/park/jbrew/Tau/Tau_github/examples/inform_run/snakemake/.snakemake/slurm_logs/rule_estimate_timing/Patient58/60683847.log).

[Thu Feb 27 13:32:30 2025]
rule estimate_timing:
    input: output/multiplicities/Patient17_multiplicities.tsv
    output: output/timing_results/Patient17_timing.tsv, output/timing_plots/Patient17_timing_plot.pdf
    jobid: 17
    reason: Missing output files: output/timing_plots/Patient17_timing_plot.pdf
    wildcards: sample=Patient17
    resources: mem_mb=1000, mem_mib=954, disk_mb=1000, disk_mib=954, tmpdir=<TBD>, slurm_account=park_contrib, slurm_partition=park, runtime=14400

Job 17 has been submitted with SLURM jobid 60683848 (log: /n/data1/hms/dbmi/park/jbrew/Tau/Tau_github/examples/inform_run/snakemake/.snakemake/slurm_logs/rule_estimate_timing/Patient17/60683848.log).

[Thu Feb 27 13:32:30 2025]
rule estimate_timing:
    input: output/multiplicities/Patient64_multiplicities.tsv
    output: output/timing_results/Patient64_timing.tsv, output/timing_plots/Patient64_timing_plot.pdf
    jobid: 81
    reason: Missing output files: output/timing_plots/Patient64_timing_plot.pdf
    wildcards: sample=Patient64
    resources: mem_mb=1000, mem_mib=954, disk_mb=1000, disk_mib=954, tmpdir=<TBD>, slurm_account=park_contrib, slurm_partition=park, runtime=14400

Job 81 has been submitted with SLURM jobid 60683849 (log: /n/data1/hms/dbmi/park/jbrew/Tau/Tau_github/examples/inform_run/snakemake/.snakemake/slurm_logs/rule_estimate_timing/Patient64/60683849.log).

[Thu Feb 27 13:32:30 2025]
rule estimate_timing:
    input: output/multiplicities/Patient18_multiplicities.tsv
    output: output/timing_results/Patient18_timing.tsv, output/timing_plots/Patient18_timing_plot.pdf
    jobid: 21
    reason: Missing output files: output/timing_plots/Patient18_timing_plot.pdf
    wildcards: sample=Patient18
    resources: mem_mb=1000, mem_mib=954, disk_mb=1000, disk_mib=954, tmpdir=<TBD>, slurm_account=park_contrib, slurm_partition=park, runtime=14400

Job 21 has been submitted with SLURM jobid 60683850 (log: /n/data1/hms/dbmi/park/jbrew/Tau/Tau_github/examples/inform_run/snakemake/.snakemake/slurm_logs/rule_estimate_timing/Patient18/60683850.log).

[Thu Feb 27 13:32:30 2025]
rule estimate_timing:
    input: output/multiplicities/Patient65_multiplicities.tsv
    output: output/timing_results/Patient65_timing.tsv, output/timing_plots/Patient65_timing_plot.pdf
    jobid: 85
    reason: Missing output files: output/timing_plots/Patient65_timing_plot.pdf
    wildcards: sample=Patient65
    resources: mem_mb=1000, mem_mib=954, disk_mb=1000, disk_mib=954, tmpdir=<TBD>, slurm_account=park_contrib, slurm_partition=park, runtime=14400

Job 85 has been submitted with SLURM jobid 60683851 (log: /n/data1/hms/dbmi/park/jbrew/Tau/Tau_github/examples/inform_run/snakemake/.snakemake/slurm_logs/rule_estimate_timing/Patient65/60683851.log).

[Thu Feb 27 13:32:31 2025]
rule estimate_timing:
    input: output/multiplicities/Patient1_multiplicities.tsv
    output: output/timing_results/Patient1_timing.tsv, output/timing_plots/Patient1_timing_plot.pdf
    jobid: 25
    reason: Missing output files: output/timing_plots/Patient1_timing_plot.pdf
    wildcards: sample=Patient1
    resources: mem_mb=1000, mem_mib=954, disk_mb=1000, disk_mib=954, tmpdir=<TBD>, slurm_account=park_contrib, slurm_partition=park, runtime=14400

Job 25 has been submitted with SLURM jobid 60683852 (log: /n/data1/hms/dbmi/park/jbrew/Tau/Tau_github/examples/inform_run/snakemake/.snakemake/slurm_logs/rule_estimate_timing/Patient1/60683852.log).

[Thu Feb 27 13:32:31 2025]
rule estimate_timing:
    input: output/multiplicities/Patient68_multiplicities.tsv
    output: output/timing_results/Patient68_timing.tsv, output/timing_plots/Patient68_timing_plot.pdf
    jobid: 89
    reason: Missing output files: output/timing_plots/Patient68_timing_plot.pdf
    wildcards: sample=Patient68
    resources: mem_mb=1000, mem_mib=954, disk_mb=1000, disk_mib=954, tmpdir=<TBD>, slurm_account=park_contrib, slurm_partition=park, runtime=14400

Job 89 has been submitted with SLURM jobid 60683853 (log: /n/data1/hms/dbmi/park/jbrew/Tau/Tau_github/examples/inform_run/snakemake/.snakemake/slurm_logs/rule_estimate_timing/Patient68/60683853.log).

[Thu Feb 27 13:32:31 2025]
rule estimate_timing:
    input: output/multiplicities/Patient81_multiplicities.tsv
    output: output/timing_results/Patient81_timing.tsv, output/timing_plots/Patient81_timing_plot.pdf
    jobid: 109
    reason: Missing output files: output/timing_plots/Patient81_timing_plot.pdf
    wildcards: sample=Patient81
    resources: mem_mb=1000, mem_mib=954, disk_mb=1000, disk_mib=954, tmpdir=<TBD>, slurm_account=park_contrib, slurm_partition=park, runtime=14400

Job 109 has been submitted with SLURM jobid 60683854 (log: /n/data1/hms/dbmi/park/jbrew/Tau/Tau_github/examples/inform_run/snakemake/.snakemake/slurm_logs/rule_estimate_timing/Patient81/60683854.log).

[Thu Feb 27 13:32:31 2025]
rule estimate_timing:
    input: output/multiplicities/Patient76_multiplicities.tsv
    output: output/timing_results/Patient76_timing.tsv, output/timing_plots/Patient76_timing_plot.pdf
    jobid: 93
    reason: Missing output files: output/timing_plots/Patient76_timing_plot.pdf
    wildcards: sample=Patient76
    resources: mem_mb=1000, mem_mib=954, disk_mb=1000, disk_mib=954, tmpdir=<TBD>, slurm_account=park_contrib, slurm_partition=park, runtime=14400

Job 93 has been submitted with SLURM jobid 60683855 (log: /n/data1/hms/dbmi/park/jbrew/Tau/Tau_github/examples/inform_run/snakemake/.snakemake/slurm_logs/rule_estimate_timing/Patient76/60683855.log).

[Thu Feb 27 13:32:32 2025]
rule estimate_timing:
    input: output/multiplicities/Patient25_multiplicities.tsv
    output: output/timing_results/Patient25_timing.tsv, output/timing_plots/Patient25_timing_plot.pdf
    jobid: 33
    reason: Missing output files: output/timing_plots/Patient25_timing_plot.pdf
    wildcards: sample=Patient25
    resources: mem_mb=1000, mem_mib=954, disk_mb=1000, disk_mib=954, tmpdir=<TBD>, slurm_account=park_contrib, slurm_partition=park, runtime=14400

Job 33 has been submitted with SLURM jobid 60683856 (log: /n/data1/hms/dbmi/park/jbrew/Tau/Tau_github/examples/inform_run/snakemake/.snakemake/slurm_logs/rule_estimate_timing/Patient25/60683856.log).

[Thu Feb 27 13:32:32 2025]
rule estimate_timing:
    input: output/multiplicities/Patient77_multiplicities.tsv
    output: output/timing_results/Patient77_timing.tsv, output/timing_plots/Patient77_timing_plot.pdf
    jobid: 97
    reason: Missing output files: output/timing_plots/Patient77_timing_plot.pdf; Input files updated by another job: output/multiplicities/Patient77_multiplicities.tsv
    wildcards: sample=Patient77
    resources: mem_mb=1000, mem_mib=954, disk_mb=1000, disk_mib=954, tmpdir=<TBD>, slurm_account=park_contrib, slurm_partition=park, runtime=14400

Job 97 has been submitted with SLURM jobid 60683857 (log: /n/data1/hms/dbmi/park/jbrew/Tau/Tau_github/examples/inform_run/snakemake/.snakemake/slurm_logs/rule_estimate_timing/Patient77/60683857.log).

[Thu Feb 27 13:32:32 2025]
rule estimate_timing:
    input: output/multiplicities/Patient7_multiplicities.tsv
    output: output/timing_results/Patient7_timing.tsv, output/timing_plots/Patient7_timing_plot.pdf
    jobid: 101
    reason: Missing output files: output/timing_plots/Patient7_timing_plot.pdf
    wildcards: sample=Patient7
    resources: mem_mb=1000, mem_mib=954, disk_mb=1000, disk_mib=954, tmpdir=<TBD>, slurm_account=park_contrib, slurm_partition=park, runtime=14400

Job 101 has been submitted with SLURM jobid 60683858 (log: /n/data1/hms/dbmi/park/jbrew/Tau/Tau_github/examples/inform_run/snakemake/.snakemake/slurm_logs/rule_estimate_timing/Patient7/60683858.log).

[Thu Feb 27 13:32:32 2025]
rule estimate_timing:
    input: output/multiplicities/Patient33_multiplicities.tsv
    output: output/timing_results/Patient33_timing.tsv, output/timing_plots/Patient33_timing_plot.pdf
    jobid: 41
    reason: Missing output files: output/timing_plots/Patient33_timing_plot.pdf
    wildcards: sample=Patient33
    resources: mem_mb=1000, mem_mib=954, disk_mb=1000, disk_mib=954, tmpdir=<TBD>, slurm_account=park_contrib, slurm_partition=park, runtime=14400

Job 41 has been submitted with SLURM jobid 60683859 (log: /n/data1/hms/dbmi/park/jbrew/Tau/Tau_github/examples/inform_run/snakemake/.snakemake/slurm_logs/rule_estimate_timing/Patient33/60683859.log).

[Thu Feb 27 13:32:33 2025]
rule estimate_timing:
    input: output/multiplicities/Patient80_multiplicities.tsv
    output: output/timing_results/Patient80_timing.tsv, output/timing_plots/Patient80_timing_plot.pdf
    jobid: 105
    reason: Missing output files: output/timing_plots/Patient80_timing_plot.pdf
    wildcards: sample=Patient80
    resources: mem_mb=1000, mem_mib=954, disk_mb=1000, disk_mib=954, tmpdir=<TBD>, slurm_account=park_contrib, slurm_partition=park, runtime=14400

Job 105 has been submitted with SLURM jobid 60683860 (log: /n/data1/hms/dbmi/park/jbrew/Tau/Tau_github/examples/inform_run/snakemake/.snakemake/slurm_logs/rule_estimate_timing/Patient80/60683860.log).

[Thu Feb 27 13:32:33 2025]
rule estimate_timing:
    input: output/multiplicities/Patient34_multiplicities.tsv
    output: output/timing_results/Patient34_timing.tsv, output/timing_plots/Patient34_timing_plot.pdf
    jobid: 45
    reason: Missing output files: output/timing_plots/Patient34_timing_plot.pdf
    wildcards: sample=Patient34
    resources: mem_mb=1000, mem_mib=954, disk_mb=1000, disk_mib=954, tmpdir=<TBD>, slurm_account=park_contrib, slurm_partition=park, runtime=14400

Job 45 has been submitted with SLURM jobid 60683861 (log: /n/data1/hms/dbmi/park/jbrew/Tau/Tau_github/examples/inform_run/snakemake/.snakemake/slurm_logs/rule_estimate_timing/Patient34/60683861.log).

[Thu Feb 27 13:32:33 2025]
rule estimate_timing:
    input: output/multiplicities/Patient37_multiplicities.tsv
    output: output/timing_results/Patient37_timing.tsv, output/timing_plots/Patient37_timing_plot.pdf
    jobid: 49
    reason: Missing output files: output/timing_plots/Patient37_timing_plot.pdf
    wildcards: sample=Patient37
    resources: mem_mb=1000, mem_mib=954, disk_mb=1000, disk_mib=954, tmpdir=<TBD>, slurm_account=park_contrib, slurm_partition=park, runtime=14400

Job 49 has been submitted with SLURM jobid 60683862 (log: /n/data1/hms/dbmi/park/jbrew/Tau/Tau_github/examples/inform_run/snakemake/.snakemake/slurm_logs/rule_estimate_timing/Patient37/60683862.log).
[Thu Feb 27 13:32:55 2025]
Error in rule estimate_timing:
    message: SLURM-job '60683786' failed, SLURM status is: 'FAILED'. For further error details see the cluster/cloud log and the log files of the involved rule(s).
    jobid: 37
    input: output/multiplicities/Patient26_multiplicities.tsv
    output: output/timing_results/Patient26_timing.tsv, output/timing_plots/Patient26_timing_plot.pdf
    log: /n/data1/hms/dbmi/park/jbrew/Tau/Tau_github/examples/inform_run/snakemake/.snakemake/slurm_logs/rule_estimate_timing/Patient26/60683786.log (check log file(s) for error details)
    shell:
        
        python scripts/estimate_timing.py             --multiplicities output/multiplicities/Patient26_multiplicities.tsv             --output_tsv output/timing_results/Patient26_timing.tsv             --output_plot output/timing_plots/Patient26_timing_plot.pdf
        
        (one of the commands exited with non-zero exit code; note that snakemake uses bash strict mode!)
    external_jobid: 60683786

Trying to restart job 37.
Select jobs to execute...
Execute 1 jobs...

[Thu Feb 27 13:32:55 2025]
rule estimate_timing:
    input: output/multiplicities/Patient26_multiplicities.tsv
    output: output/timing_results/Patient26_timing.tsv, output/timing_plots/Patient26_timing_plot.pdf
    jobid: 37
    reason: Missing output files: output/timing_plots/Patient26_timing_plot.pdf
    wildcards: sample=Patient26
    resources: mem_mb=1000, mem_mib=954, disk_mb=1000, disk_mib=954, tmpdir=<TBD>, slurm_account=park_contrib, slurm_partition=park, runtime=14400

Job 37 has been submitted with SLURM jobid 60683865 (log: /n/data1/hms/dbmi/park/jbrew/Tau/Tau_github/examples/inform_run/snakemake/.snakemake/slurm_logs/rule_estimate_timing/Patient26/60683865.log).
[Thu Feb 27 13:33:25 2025]
Error in rule estimate_timing:
    message: SLURM-job '60683793' failed, SLURM status is: 'FAILED'. For further error details see the cluster/cloud log and the log files of the involved rule(s).
    jobid: 29
    input: output/multiplicities/Patient20_multiplicities.tsv
    output: output/timing_results/Patient20_timing.tsv, output/timing_plots/Patient20_timing_plot.pdf
    log: /n/data1/hms/dbmi/park/jbrew/Tau/Tau_github/examples/inform_run/snakemake/.snakemake/slurm_logs/rule_estimate_timing/Patient20/60683793.log (check log file(s) for error details)
    shell:
        
        python scripts/estimate_timing.py             --multiplicities output/multiplicities/Patient20_multiplicities.tsv             --output_tsv output/timing_results/Patient20_timing.tsv             --output_plot output/timing_plots/Patient20_timing_plot.pdf
        
        (one of the commands exited with non-zero exit code; note that snakemake uses bash strict mode!)
    external_jobid: 60683793

Trying to restart job 29.
Select jobs to execute...
Execute 1 jobs...

[Thu Feb 27 13:33:25 2025]
rule estimate_timing:
    input: output/multiplicities/Patient20_multiplicities.tsv
    output: output/timing_results/Patient20_timing.tsv, output/timing_plots/Patient20_timing_plot.pdf
    jobid: 29
    reason: Missing output files: output/timing_plots/Patient20_timing_plot.pdf
    wildcards: sample=Patient20
    resources: mem_mb=1000, mem_mib=954, disk_mb=1000, disk_mib=954, tmpdir=<TBD>, slurm_account=park_contrib, slurm_partition=park, runtime=14400

Job 29 has been submitted with SLURM jobid 60683875 (log: /n/data1/hms/dbmi/park/jbrew/Tau/Tau_github/examples/inform_run/snakemake/.snakemake/slurm_logs/rule_estimate_timing/Patient20/60683875.log).
[Thu Feb 27 13:34:05 2025]
Error in rule estimate_timing:
    message: SLURM-job '60683832' failed, SLURM status is: 'FAILED'. For further error details see the cluster/cloud log and the log files of the involved rule(s).
    jobid: 117
    input: output/multiplicities/Patient86_multiplicities.tsv
    output: output/timing_results/Patient86_timing.tsv, output/timing_plots/Patient86_timing_plot.pdf
    log: /n/data1/hms/dbmi/park/jbrew/Tau/Tau_github/examples/inform_run/snakemake/.snakemake/slurm_logs/rule_estimate_timing/Patient86/60683832.log (check log file(s) for error details)
    shell:
        
        python scripts/estimate_timing.py             --multiplicities output/multiplicities/Patient86_multiplicities.tsv             --output_tsv output/timing_results/Patient86_timing.tsv             --output_plot output/timing_plots/Patient86_timing_plot.pdf
        
        (one of the commands exited with non-zero exit code; note that snakemake uses bash strict mode!)
    external_jobid: 60683832

[Thu Feb 27 13:34:05 2025]
Error in rule estimate_timing:
    message: SLURM-job '60683833' failed, SLURM status is: 'FAILED'. For further error details see the cluster/cloud log and the log files of the involved rule(s).
    jobid: 53
    input: output/multiplicities/Patient43_multiplicities.tsv
    output: output/timing_results/Patient43_timing.tsv, output/timing_plots/Patient43_timing_plot.pdf
    log: /n/data1/hms/dbmi/park/jbrew/Tau/Tau_github/examples/inform_run/snakemake/.snakemake/slurm_logs/rule_estimate_timing/Patient43/60683833.log (check log file(s) for error details)
    shell:
        
        python scripts/estimate_timing.py             --multiplicities output/multiplicities/Patient43_multiplicities.tsv             --output_tsv output/timing_results/Patient43_timing.tsv             --output_plot output/timing_plots/Patient43_timing_plot.pdf
        
        (one of the commands exited with non-zero exit code; note that snakemake uses bash strict mode!)
    external_jobid: 60683833

[Thu Feb 27 13:34:05 2025]
Error in rule estimate_timing:
    message: SLURM-job '60683834' failed, SLURM status is: 'FAILED'. For further error details see the cluster/cloud log and the log files of the involved rule(s).
    jobid: 113
    input: output/multiplicities/Patient82_multiplicities.tsv
    output: output/timing_results/Patient82_timing.tsv, output/timing_plots/Patient82_timing_plot.pdf
    log: /n/data1/hms/dbmi/park/jbrew/Tau/Tau_github/examples/inform_run/snakemake/.snakemake/slurm_logs/rule_estimate_timing/Patient82/60683834.log (check log file(s) for error details)
    shell:
        
        python scripts/estimate_timing.py             --multiplicities output/multiplicities/Patient82_multiplicities.tsv             --output_tsv output/timing_results/Patient82_timing.tsv             --output_plot output/timing_plots/Patient82_timing_plot.pdf
        
        (one of the commands exited with non-zero exit code; note that snakemake uses bash strict mode!)
    external_jobid: 60683834

[Thu Feb 27 13:34:05 2025]
Error in rule estimate_timing:
    message: SLURM-job '60683835' failed, SLURM status is: 'FAILED'. For further error details see the cluster/cloud log and the log files of the involved rule(s).
    jobid: 57
    input: output/multiplicities/Patient44_multiplicities.tsv
    output: output/timing_results/Patient44_timing.tsv, output/timing_plots/Patient44_timing_plot.pdf
    log: /n/data1/hms/dbmi/park/jbrew/Tau/Tau_github/examples/inform_run/snakemake/.snakemake/slurm_logs/rule_estimate_timing/Patient44/60683835.log (check log file(s) for error details)
    shell:
        
        python scripts/estimate_timing.py             --multiplicities output/multiplicities/Patient44_multiplicities.tsv             --output_tsv output/timing_results/Patient44_timing.tsv             --output_plot output/timing_plots/Patient44_timing_plot.pdf
        
        (one of the commands exited with non-zero exit code; note that snakemake uses bash strict mode!)
    external_jobid: 60683835

[Thu Feb 27 13:34:05 2025]
Error in rule estimate_timing:
    message: SLURM-job '60683836' failed, SLURM status is: 'FAILED'. For further error details see the cluster/cloud log and the log files of the involved rule(s).
    jobid: 121
    input: output/multiplicities/Patient87_multiplicities.tsv
    output: output/timing_results/Patient87_timing.tsv, output/timing_plots/Patient87_timing_plot.pdf
    log: /n/data1/hms/dbmi/park/jbrew/Tau/Tau_github/examples/inform_run/snakemake/.snakemake/slurm_logs/rule_estimate_timing/Patient87/60683836.log (check log file(s) for error details)
    shell:
        
        python scripts/estimate_timing.py             --multiplicities output/multiplicities/Patient87_multiplicities.tsv             --output_tsv output/timing_results/Patient87_timing.tsv             --output_plot output/timing_plots/Patient87_timing_plot.pdf
        
        (one of the commands exited with non-zero exit code; note that snakemake uses bash strict mode!)
    external_jobid: 60683836

[Thu Feb 27 13:34:05 2025]
Error in rule estimate_timing:
    message: SLURM-job '60683837' failed, SLURM status is: 'FAILED'. For further error details see the cluster/cloud log and the log files of the involved rule(s).
    jobid: 1
    input: output/multiplicities/Patient101_multiplicities.tsv
    output: output/timing_results/Patient101_timing.tsv, output/timing_plots/Patient101_timing_plot.pdf
    log: /n/data1/hms/dbmi/park/jbrew/Tau/Tau_github/examples/inform_run/snakemake/.snakemake/slurm_logs/rule_estimate_timing/Patient101/60683837.log (check log file(s) for error details)
    shell:
        
        python scripts/estimate_timing.py             --multiplicities output/multiplicities/Patient101_multiplicities.tsv             --output_tsv output/timing_results/Patient101_timing.tsv             --output_plot output/timing_plots/Patient101_timing_plot.pdf
        
        (one of the commands exited with non-zero exit code; note that snakemake uses bash strict mode!)
    external_jobid: 60683837

[Thu Feb 27 13:34:05 2025]
Error in rule estimate_timing:
    message: SLURM-job '60683838' failed, SLURM status is: 'FAILED'. For further error details see the cluster/cloud log and the log files of the involved rule(s).
    jobid: 61
    input: output/multiplicities/Patient47_multiplicities.tsv
    output: output/timing_results/Patient47_timing.tsv, output/timing_plots/Patient47_timing_plot.pdf
    log: /n/data1/hms/dbmi/park/jbrew/Tau/Tau_github/examples/inform_run/snakemake/.snakemake/slurm_logs/rule_estimate_timing/Patient47/60683838.log (check log file(s) for error details)
    shell:
        
        python scripts/estimate_timing.py             --multiplicities output/multiplicities/Patient47_multiplicities.tsv             --output_tsv output/timing_results/Patient47_timing.tsv             --output_plot output/timing_plots/Patient47_timing_plot.pdf
        
        (one of the commands exited with non-zero exit code; note that snakemake uses bash strict mode!)
    external_jobid: 60683838

[Thu Feb 27 13:34:05 2025]
Error in rule estimate_timing:
    message: SLURM-job '60683839' failed, SLURM status is: 'FAILED'. For further error details see the cluster/cloud log and the log files of the involved rule(s).
    jobid: 65
    input: output/multiplicities/Patient50_multiplicities.tsv
    output: output/timing_results/Patient50_timing.tsv, output/timing_plots/Patient50_timing_plot.pdf
    log: /n/data1/hms/dbmi/park/jbrew/Tau/Tau_github/examples/inform_run/snakemake/.snakemake/slurm_logs/rule_estimate_timing/Patient50/60683839.log (check log file(s) for error details)
    shell:
        
        python scripts/estimate_timing.py             --multiplicities output/multiplicities/Patient50_multiplicities.tsv             --output_tsv output/timing_results/Patient50_timing.tsv             --output_plot output/timing_plots/Patient50_timing_plot.pdf
        
        (one of the commands exited with non-zero exit code; note that snakemake uses bash strict mode!)
    external_jobid: 60683839

[Thu Feb 27 13:34:05 2025]
Error in rule estimate_timing:
    message: SLURM-job '60683840' failed, SLURM status is: 'FAILED'. For further error details see the cluster/cloud log and the log files of the involved rule(s).
    jobid: 125
    input: output/multiplicities/Patient90_multiplicities.tsv
    output: output/timing_results/Patient90_timing.tsv, output/timing_plots/Patient90_timing_plot.pdf
    log: /n/data1/hms/dbmi/park/jbrew/Tau/Tau_github/examples/inform_run/snakemake/.snakemake/slurm_logs/rule_estimate_timing/Patient90/60683840.log (check log file(s) for error details)
    shell:
        
        python scripts/estimate_timing.py             --multiplicities output/multiplicities/Patient90_multiplicities.tsv             --output_tsv output/timing_results/Patient90_timing.tsv             --output_plot output/timing_plots/Patient90_timing_plot.pdf
        
        (one of the commands exited with non-zero exit code; note that snakemake uses bash strict mode!)
    external_jobid: 60683840

[Thu Feb 27 13:34:05 2025]
Error in rule estimate_timing:
    message: SLURM-job '60683841' failed, SLURM status is: 'FAILED'. For further error details see the cluster/cloud log and the log files of the involved rule(s).
    jobid: 5
    input: output/multiplicities/Patient109_multiplicities.tsv
    output: output/timing_results/Patient109_timing.tsv, output/timing_plots/Patient109_timing_plot.pdf
    log: /n/data1/hms/dbmi/park/jbrew/Tau/Tau_github/examples/inform_run/snakemake/.snakemake/slurm_logs/rule_estimate_timing/Patient109/60683841.log (check log file(s) for error details)
    shell:
        
        python scripts/estimate_timing.py             --multiplicities output/multiplicities/Patient109_multiplicities.tsv             --output_tsv output/timing_results/Patient109_timing.tsv             --output_plot output/timing_plots/Patient109_timing_plot.pdf
        
        (one of the commands exited with non-zero exit code; note that snakemake uses bash strict mode!)
    external_jobid: 60683841

[Thu Feb 27 13:34:05 2025]
Error in rule estimate_timing:
    message: SLURM-job '60683842' failed, SLURM status is: 'FAILED'. For further error details see the cluster/cloud log and the log files of the involved rule(s).
    jobid: 129
    input: output/multiplicities/Patient94_multiplicities.tsv
    output: output/timing_results/Patient94_timing.tsv, output/timing_plots/Patient94_timing_plot.pdf
    log: /n/data1/hms/dbmi/park/jbrew/Tau/Tau_github/examples/inform_run/snakemake/.snakemake/slurm_logs/rule_estimate_timing/Patient94/60683842.log (check log file(s) for error details)
    shell:
        
        python scripts/estimate_timing.py             --multiplicities output/multiplicities/Patient94_multiplicities.tsv             --output_tsv output/timing_results/Patient94_timing.tsv             --output_plot output/timing_plots/Patient94_timing_plot.pdf
        
        (one of the commands exited with non-zero exit code; note that snakemake uses bash strict mode!)
    external_jobid: 60683842

[Thu Feb 27 13:34:05 2025]
Error in rule estimate_timing:
    message: SLURM-job '60683843' failed, SLURM status is: 'FAILED'. For further error details see the cluster/cloud log and the log files of the involved rule(s).
    jobid: 69
    input: output/multiplicities/Patient55_multiplicities.tsv
    output: output/timing_results/Patient55_timing.tsv, output/timing_plots/Patient55_timing_plot.pdf
    log: /n/data1/hms/dbmi/park/jbrew/Tau/Tau_github/examples/inform_run/snakemake/.snakemake/slurm_logs/rule_estimate_timing/Patient55/60683843.log (check log file(s) for error details)
    shell:
        
        python scripts/estimate_timing.py             --multiplicities output/multiplicities/Patient55_multiplicities.tsv             --output_tsv output/timing_results/Patient55_timing.tsv             --output_plot output/timing_plots/Patient55_timing_plot.pdf
        
        (one of the commands exited with non-zero exit code; note that snakemake uses bash strict mode!)
    external_jobid: 60683843

[Thu Feb 27 13:34:05 2025]
Error in rule estimate_timing:
    message: SLURM-job '60683844' failed, SLURM status is: 'FAILED'. For further error details see the cluster/cloud log and the log files of the involved rule(s).
    jobid: 9
    input: output/multiplicities/Patient113_multiplicities.tsv
    output: output/timing_results/Patient113_timing.tsv, output/timing_plots/Patient113_timing_plot.pdf
    log: /n/data1/hms/dbmi/park/jbrew/Tau/Tau_github/examples/inform_run/snakemake/.snakemake/slurm_logs/rule_estimate_timing/Patient113/60683844.log (check log file(s) for error details)
    shell:
        
        python scripts/estimate_timing.py             --multiplicities output/multiplicities/Patient113_multiplicities.tsv             --output_tsv output/timing_results/Patient113_timing.tsv             --output_plot output/timing_plots/Patient113_timing_plot.pdf
        
        (one of the commands exited with non-zero exit code; note that snakemake uses bash strict mode!)
    external_jobid: 60683844

[Thu Feb 27 13:34:05 2025]
Error in rule estimate_timing:
    message: SLURM-job '60683845' failed, SLURM status is: 'FAILED'. For further error details see the cluster/cloud log and the log files of the involved rule(s).
    jobid: 13
    input: output/multiplicities/Patient15_multiplicities.tsv
    output: output/timing_results/Patient15_timing.tsv, output/timing_plots/Patient15_timing_plot.pdf
    log: /n/data1/hms/dbmi/park/jbrew/Tau/Tau_github/examples/inform_run/snakemake/.snakemake/slurm_logs/rule_estimate_timing/Patient15/60683845.log (check log file(s) for error details)
    shell:
        
        python scripts/estimate_timing.py             --multiplicities output/multiplicities/Patient15_multiplicities.tsv             --output_tsv output/timing_results/Patient15_timing.tsv             --output_plot output/timing_plots/Patient15_timing_plot.pdf
        
        (one of the commands exited with non-zero exit code; note that snakemake uses bash strict mode!)
    external_jobid: 60683845

[Thu Feb 27 13:34:05 2025]
Error in rule estimate_timing:
    message: SLURM-job '60683846' failed, SLURM status is: 'FAILED'. For further error details see the cluster/cloud log and the log files of the involved rule(s).
    jobid: 73
    input: output/multiplicities/Patient57_multiplicities.tsv
    output: output/timing_results/Patient57_timing.tsv, output/timing_plots/Patient57_timing_plot.pdf
    log: /n/data1/hms/dbmi/park/jbrew/Tau/Tau_github/examples/inform_run/snakemake/.snakemake/slurm_logs/rule_estimate_timing/Patient57/60683846.log (check log file(s) for error details)
    shell:
        
        python scripts/estimate_timing.py             --multiplicities output/multiplicities/Patient57_multiplicities.tsv             --output_tsv output/timing_results/Patient57_timing.tsv             --output_plot output/timing_plots/Patient57_timing_plot.pdf
        
        (one of the commands exited with non-zero exit code; note that snakemake uses bash strict mode!)
    external_jobid: 60683846

[Thu Feb 27 13:34:05 2025]
Error in rule estimate_timing:
    message: SLURM-job '60683847' failed, SLURM status is: 'FAILED'. For further error details see the cluster/cloud log and the log files of the involved rule(s).
    jobid: 77
    input: output/multiplicities/Patient58_multiplicities.tsv
    output: output/timing_results/Patient58_timing.tsv, output/timing_plots/Patient58_timing_plot.pdf
    log: /n/data1/hms/dbmi/park/jbrew/Tau/Tau_github/examples/inform_run/snakemake/.snakemake/slurm_logs/rule_estimate_timing/Patient58/60683847.log (check log file(s) for error details)
    shell:
        
        python scripts/estimate_timing.py             --multiplicities output/multiplicities/Patient58_multiplicities.tsv             --output_tsv output/timing_results/Patient58_timing.tsv             --output_plot output/timing_plots/Patient58_timing_plot.pdf
        
        (one of the commands exited with non-zero exit code; note that snakemake uses bash strict mode!)
    external_jobid: 60683847

[Thu Feb 27 13:34:05 2025]
Error in rule estimate_timing:
    message: SLURM-job '60683848' failed, SLURM status is: 'FAILED'. For further error details see the cluster/cloud log and the log files of the involved rule(s).
    jobid: 17
    input: output/multiplicities/Patient17_multiplicities.tsv
    output: output/timing_results/Patient17_timing.tsv, output/timing_plots/Patient17_timing_plot.pdf
    log: /n/data1/hms/dbmi/park/jbrew/Tau/Tau_github/examples/inform_run/snakemake/.snakemake/slurm_logs/rule_estimate_timing/Patient17/60683848.log (check log file(s) for error details)
    shell:
        
        python scripts/estimate_timing.py             --multiplicities output/multiplicities/Patient17_multiplicities.tsv             --output_tsv output/timing_results/Patient17_timing.tsv             --output_plot output/timing_plots/Patient17_timing_plot.pdf
        
        (one of the commands exited with non-zero exit code; note that snakemake uses bash strict mode!)
    external_jobid: 60683848

[Thu Feb 27 13:34:05 2025]
Error in rule estimate_timing:
    message: SLURM-job '60683849' failed, SLURM status is: 'FAILED'. For further error details see the cluster/cloud log and the log files of the involved rule(s).
    jobid: 81
    input: output/multiplicities/Patient64_multiplicities.tsv
    output: output/timing_results/Patient64_timing.tsv, output/timing_plots/Patient64_timing_plot.pdf
    log: /n/data1/hms/dbmi/park/jbrew/Tau/Tau_github/examples/inform_run/snakemake/.snakemake/slurm_logs/rule_estimate_timing/Patient64/60683849.log (check log file(s) for error details)
    shell:
        
        python scripts/estimate_timing.py             --multiplicities output/multiplicities/Patient64_multiplicities.tsv             --output_tsv output/timing_results/Patient64_timing.tsv             --output_plot output/timing_plots/Patient64_timing_plot.pdf
        
        (one of the commands exited with non-zero exit code; note that snakemake uses bash strict mode!)
    external_jobid: 60683849

[Thu Feb 27 13:34:05 2025]
Error in rule estimate_timing:
    message: SLURM-job '60683850' failed, SLURM status is: 'FAILED'. For further error details see the cluster/cloud log and the log files of the involved rule(s).
    jobid: 21
    input: output/multiplicities/Patient18_multiplicities.tsv
    output: output/timing_results/Patient18_timing.tsv, output/timing_plots/Patient18_timing_plot.pdf
    log: /n/data1/hms/dbmi/park/jbrew/Tau/Tau_github/examples/inform_run/snakemake/.snakemake/slurm_logs/rule_estimate_timing/Patient18/60683850.log (check log file(s) for error details)
    shell:
        
        python scripts/estimate_timing.py             --multiplicities output/multiplicities/Patient18_multiplicities.tsv             --output_tsv output/timing_results/Patient18_timing.tsv             --output_plot output/timing_plots/Patient18_timing_plot.pdf
        
        (one of the commands exited with non-zero exit code; note that snakemake uses bash strict mode!)
    external_jobid: 60683850

[Thu Feb 27 13:34:05 2025]
Error in rule estimate_timing:
    message: SLURM-job '60683851' failed, SLURM status is: 'FAILED'. For further error details see the cluster/cloud log and the log files of the involved rule(s).
    jobid: 85
    input: output/multiplicities/Patient65_multiplicities.tsv
    output: output/timing_results/Patient65_timing.tsv, output/timing_plots/Patient65_timing_plot.pdf
    log: /n/data1/hms/dbmi/park/jbrew/Tau/Tau_github/examples/inform_run/snakemake/.snakemake/slurm_logs/rule_estimate_timing/Patient65/60683851.log (check log file(s) for error details)
    shell:
        
        python scripts/estimate_timing.py             --multiplicities output/multiplicities/Patient65_multiplicities.tsv             --output_tsv output/timing_results/Patient65_timing.tsv             --output_plot output/timing_plots/Patient65_timing_plot.pdf
        
        (one of the commands exited with non-zero exit code; note that snakemake uses bash strict mode!)
    external_jobid: 60683851

[Thu Feb 27 13:34:05 2025]
Error in rule estimate_timing:
    message: SLURM-job '60683852' failed, SLURM status is: 'FAILED'. For further error details see the cluster/cloud log and the log files of the involved rule(s).
    jobid: 25
    input: output/multiplicities/Patient1_multiplicities.tsv
    output: output/timing_results/Patient1_timing.tsv, output/timing_plots/Patient1_timing_plot.pdf
    log: /n/data1/hms/dbmi/park/jbrew/Tau/Tau_github/examples/inform_run/snakemake/.snakemake/slurm_logs/rule_estimate_timing/Patient1/60683852.log (check log file(s) for error details)
    shell:
        
        python scripts/estimate_timing.py             --multiplicities output/multiplicities/Patient1_multiplicities.tsv             --output_tsv output/timing_results/Patient1_timing.tsv             --output_plot output/timing_plots/Patient1_timing_plot.pdf
        
        (one of the commands exited with non-zero exit code; note that snakemake uses bash strict mode!)
    external_jobid: 60683852

[Thu Feb 27 13:34:05 2025]
Error in rule estimate_timing:
    message: SLURM-job '60683853' failed, SLURM status is: 'FAILED'. For further error details see the cluster/cloud log and the log files of the involved rule(s).
    jobid: 89
    input: output/multiplicities/Patient68_multiplicities.tsv
    output: output/timing_results/Patient68_timing.tsv, output/timing_plots/Patient68_timing_plot.pdf
    log: /n/data1/hms/dbmi/park/jbrew/Tau/Tau_github/examples/inform_run/snakemake/.snakemake/slurm_logs/rule_estimate_timing/Patient68/60683853.log (check log file(s) for error details)
    shell:
        
        python scripts/estimate_timing.py             --multiplicities output/multiplicities/Patient68_multiplicities.tsv             --output_tsv output/timing_results/Patient68_timing.tsv             --output_plot output/timing_plots/Patient68_timing_plot.pdf
        
        (one of the commands exited with non-zero exit code; note that snakemake uses bash strict mode!)
    external_jobid: 60683853

[Thu Feb 27 13:34:05 2025]
Error in rule estimate_timing:
    message: SLURM-job '60683854' failed, SLURM status is: 'FAILED'. For further error details see the cluster/cloud log and the log files of the involved rule(s).
    jobid: 109
    input: output/multiplicities/Patient81_multiplicities.tsv
    output: output/timing_results/Patient81_timing.tsv, output/timing_plots/Patient81_timing_plot.pdf
    log: /n/data1/hms/dbmi/park/jbrew/Tau/Tau_github/examples/inform_run/snakemake/.snakemake/slurm_logs/rule_estimate_timing/Patient81/60683854.log (check log file(s) for error details)
    shell:
        
        python scripts/estimate_timing.py             --multiplicities output/multiplicities/Patient81_multiplicities.tsv             --output_tsv output/timing_results/Patient81_timing.tsv             --output_plot output/timing_plots/Patient81_timing_plot.pdf
        
        (one of the commands exited with non-zero exit code; note that snakemake uses bash strict mode!)
    external_jobid: 60683854

[Thu Feb 27 13:34:05 2025]
Error in rule estimate_timing:
    message: SLURM-job '60683855' failed, SLURM status is: 'FAILED'. For further error details see the cluster/cloud log and the log files of the involved rule(s).
    jobid: 93
    input: output/multiplicities/Patient76_multiplicities.tsv
    output: output/timing_results/Patient76_timing.tsv, output/timing_plots/Patient76_timing_plot.pdf
    log: /n/data1/hms/dbmi/park/jbrew/Tau/Tau_github/examples/inform_run/snakemake/.snakemake/slurm_logs/rule_estimate_timing/Patient76/60683855.log (check log file(s) for error details)
    shell:
        
        python scripts/estimate_timing.py             --multiplicities output/multiplicities/Patient76_multiplicities.tsv             --output_tsv output/timing_results/Patient76_timing.tsv             --output_plot output/timing_plots/Patient76_timing_plot.pdf
        
        (one of the commands exited with non-zero exit code; note that snakemake uses bash strict mode!)
    external_jobid: 60683855

[Thu Feb 27 13:34:05 2025]
Error in rule estimate_timing:
    message: SLURM-job '60683856' failed, SLURM status is: 'FAILED'. For further error details see the cluster/cloud log and the log files of the involved rule(s).
    jobid: 33
    input: output/multiplicities/Patient25_multiplicities.tsv
    output: output/timing_results/Patient25_timing.tsv, output/timing_plots/Patient25_timing_plot.pdf
    log: /n/data1/hms/dbmi/park/jbrew/Tau/Tau_github/examples/inform_run/snakemake/.snakemake/slurm_logs/rule_estimate_timing/Patient25/60683856.log (check log file(s) for error details)
    shell:
        
        python scripts/estimate_timing.py             --multiplicities output/multiplicities/Patient25_multiplicities.tsv             --output_tsv output/timing_results/Patient25_timing.tsv             --output_plot output/timing_plots/Patient25_timing_plot.pdf
        
        (one of the commands exited with non-zero exit code; note that snakemake uses bash strict mode!)
    external_jobid: 60683856

[Thu Feb 27 13:34:05 2025]
Error in rule estimate_timing:
    message: SLURM-job '60683857' failed, SLURM status is: 'FAILED'. For further error details see the cluster/cloud log and the log files of the involved rule(s).
    jobid: 97
    input: output/multiplicities/Patient77_multiplicities.tsv
    output: output/timing_results/Patient77_timing.tsv, output/timing_plots/Patient77_timing_plot.pdf
    log: /n/data1/hms/dbmi/park/jbrew/Tau/Tau_github/examples/inform_run/snakemake/.snakemake/slurm_logs/rule_estimate_timing/Patient77/60683857.log (check log file(s) for error details)
    shell:
        
        python scripts/estimate_timing.py             --multiplicities output/multiplicities/Patient77_multiplicities.tsv             --output_tsv output/timing_results/Patient77_timing.tsv             --output_plot output/timing_plots/Patient77_timing_plot.pdf
        
        (one of the commands exited with non-zero exit code; note that snakemake uses bash strict mode!)
    external_jobid: 60683857

[Thu Feb 27 13:34:05 2025]
Error in rule estimate_timing:
    message: SLURM-job '60683858' failed, SLURM status is: 'FAILED'. For further error details see the cluster/cloud log and the log files of the involved rule(s).
    jobid: 101
    input: output/multiplicities/Patient7_multiplicities.tsv
    output: output/timing_results/Patient7_timing.tsv, output/timing_plots/Patient7_timing_plot.pdf
    log: /n/data1/hms/dbmi/park/jbrew/Tau/Tau_github/examples/inform_run/snakemake/.snakemake/slurm_logs/rule_estimate_timing/Patient7/60683858.log (check log file(s) for error details)
    shell:
        
        python scripts/estimate_timing.py             --multiplicities output/multiplicities/Patient7_multiplicities.tsv             --output_tsv output/timing_results/Patient7_timing.tsv             --output_plot output/timing_plots/Patient7_timing_plot.pdf
        
        (one of the commands exited with non-zero exit code; note that snakemake uses bash strict mode!)
    external_jobid: 60683858

[Thu Feb 27 13:34:05 2025]
Error in rule estimate_timing:
    message: SLURM-job '60683859' failed, SLURM status is: 'FAILED'. For further error details see the cluster/cloud log and the log files of the involved rule(s).
    jobid: 41
    input: output/multiplicities/Patient33_multiplicities.tsv
    output: output/timing_results/Patient33_timing.tsv, output/timing_plots/Patient33_timing_plot.pdf
    log: /n/data1/hms/dbmi/park/jbrew/Tau/Tau_github/examples/inform_run/snakemake/.snakemake/slurm_logs/rule_estimate_timing/Patient33/60683859.log (check log file(s) for error details)
    shell:
        
        python scripts/estimate_timing.py             --multiplicities output/multiplicities/Patient33_multiplicities.tsv             --output_tsv output/timing_results/Patient33_timing.tsv             --output_plot output/timing_plots/Patient33_timing_plot.pdf
        
        (one of the commands exited with non-zero exit code; note that snakemake uses bash strict mode!)
    external_jobid: 60683859

[Thu Feb 27 13:34:05 2025]
Error in rule estimate_timing:
    message: SLURM-job '60683860' failed, SLURM status is: 'FAILED'. For further error details see the cluster/cloud log and the log files of the involved rule(s).
    jobid: 105
    input: output/multiplicities/Patient80_multiplicities.tsv
    output: output/timing_results/Patient80_timing.tsv, output/timing_plots/Patient80_timing_plot.pdf
    log: /n/data1/hms/dbmi/park/jbrew/Tau/Tau_github/examples/inform_run/snakemake/.snakemake/slurm_logs/rule_estimate_timing/Patient80/60683860.log (check log file(s) for error details)
    shell:
        
        python scripts/estimate_timing.py             --multiplicities output/multiplicities/Patient80_multiplicities.tsv             --output_tsv output/timing_results/Patient80_timing.tsv             --output_plot output/timing_plots/Patient80_timing_plot.pdf
        
        (one of the commands exited with non-zero exit code; note that snakemake uses bash strict mode!)
    external_jobid: 60683860

[Thu Feb 27 13:34:05 2025]
Error in rule estimate_timing:
    message: SLURM-job '60683861' failed, SLURM status is: 'FAILED'. For further error details see the cluster/cloud log and the log files of the involved rule(s).
    jobid: 45
    input: output/multiplicities/Patient34_multiplicities.tsv
    output: output/timing_results/Patient34_timing.tsv, output/timing_plots/Patient34_timing_plot.pdf
    log: /n/data1/hms/dbmi/park/jbrew/Tau/Tau_github/examples/inform_run/snakemake/.snakemake/slurm_logs/rule_estimate_timing/Patient34/60683861.log (check log file(s) for error details)
    shell:
        
        python scripts/estimate_timing.py             --multiplicities output/multiplicities/Patient34_multiplicities.tsv             --output_tsv output/timing_results/Patient34_timing.tsv             --output_plot output/timing_plots/Patient34_timing_plot.pdf
        
        (one of the commands exited with non-zero exit code; note that snakemake uses bash strict mode!)
    external_jobid: 60683861

[Thu Feb 27 13:34:05 2025]
Error in rule estimate_timing:
    message: SLURM-job '60683862' failed, SLURM status is: 'FAILED'. For further error details see the cluster/cloud log and the log files of the involved rule(s).
    jobid: 49
    input: output/multiplicities/Patient37_multiplicities.tsv
    output: output/timing_results/Patient37_timing.tsv, output/timing_plots/Patient37_timing_plot.pdf
    log: /n/data1/hms/dbmi/park/jbrew/Tau/Tau_github/examples/inform_run/snakemake/.snakemake/slurm_logs/rule_estimate_timing/Patient37/60683862.log (check log file(s) for error details)
    shell:
        
        python scripts/estimate_timing.py             --multiplicities output/multiplicities/Patient37_multiplicities.tsv             --output_tsv output/timing_results/Patient37_timing.tsv             --output_plot output/timing_plots/Patient37_timing_plot.pdf
        
        (one of the commands exited with non-zero exit code; note that snakemake uses bash strict mode!)
    external_jobid: 60683862

Trying to restart job 117.
Trying to restart job 53.
Trying to restart job 113.
Trying to restart job 57.
Trying to restart job 121.
Trying to restart job 1.
Trying to restart job 61.
Trying to restart job 65.
Trying to restart job 125.
Trying to restart job 5.
Trying to restart job 129.
Trying to restart job 69.
Trying to restart job 9.
Trying to restart job 13.
Trying to restart job 73.
Trying to restart job 77.
Trying to restart job 17.
Trying to restart job 81.
Trying to restart job 21.
Trying to restart job 85.
Trying to restart job 25.
Trying to restart job 89.
Trying to restart job 109.
Trying to restart job 93.
Trying to restart job 33.
Trying to restart job 97.
Trying to restart job 101.
Trying to restart job 41.
Trying to restart job 105.
Trying to restart job 45.
Trying to restart job 49.
Select jobs to execute...
Execute 31 jobs...

[Thu Feb 27 13:34:06 2025]
rule estimate_timing:
    input: output/multiplicities/Patient82_multiplicities.tsv
    output: output/timing_results/Patient82_timing.tsv, output/timing_plots/Patient82_timing_plot.pdf
    jobid: 113
    reason: Missing output files: output/timing_plots/Patient82_timing_plot.pdf
    wildcards: sample=Patient82
    resources: mem_mb=1000, mem_mib=954, disk_mb=1000, disk_mib=954, tmpdir=<TBD>, slurm_account=park_contrib, slurm_partition=park, runtime=14400

Job 113 has been submitted with SLURM jobid 60683924 (log: /n/data1/hms/dbmi/park/jbrew/Tau/Tau_github/examples/inform_run/snakemake/.snakemake/slurm_logs/rule_estimate_timing/Patient82/60683924.log).

[Thu Feb 27 13:34:07 2025]
rule estimate_timing:
    input: output/multiplicities/Patient43_multiplicities.tsv
    output: output/timing_results/Patient43_timing.tsv, output/timing_plots/Patient43_timing_plot.pdf
    jobid: 53
    reason: Missing output files: output/timing_plots/Patient43_timing_plot.pdf
    wildcards: sample=Patient43
    resources: mem_mb=1000, mem_mib=954, disk_mb=1000, disk_mib=954, tmpdir=<TBD>, slurm_account=park_contrib, slurm_partition=park, runtime=14400

Job 53 has been submitted with SLURM jobid 60683925 (log: /n/data1/hms/dbmi/park/jbrew/Tau/Tau_github/examples/inform_run/snakemake/.snakemake/slurm_logs/rule_estimate_timing/Patient43/60683925.log).

[Thu Feb 27 13:34:09 2025]
rule estimate_timing:
    input: output/multiplicities/Patient86_multiplicities.tsv
    output: output/timing_results/Patient86_timing.tsv, output/timing_plots/Patient86_timing_plot.pdf
    jobid: 117
    reason: Missing output files: output/timing_plots/Patient86_timing_plot.pdf; Input files updated by another job: output/multiplicities/Patient86_multiplicities.tsv
    wildcards: sample=Patient86
    resources: mem_mb=1000, mem_mib=954, disk_mb=1000, disk_mib=954, tmpdir=<TBD>, slurm_account=park_contrib, slurm_partition=park, runtime=14400

Job 117 has been submitted with SLURM jobid 60683926 (log: /n/data1/hms/dbmi/park/jbrew/Tau/Tau_github/examples/inform_run/snakemake/.snakemake/slurm_logs/rule_estimate_timing/Patient86/60683926.log).

[Thu Feb 27 13:34:09 2025]
rule estimate_timing:
    input: output/multiplicities/Patient44_multiplicities.tsv
    output: output/timing_results/Patient44_timing.tsv, output/timing_plots/Patient44_timing_plot.pdf
    jobid: 57
    reason: Missing output files: output/timing_plots/Patient44_timing_plot.pdf
    wildcards: sample=Patient44
    resources: mem_mb=1000, mem_mib=954, disk_mb=1000, disk_mib=954, tmpdir=<TBD>, slurm_account=park_contrib, slurm_partition=park, runtime=14400

Job 57 has been submitted with SLURM jobid 60683927 (log: /n/data1/hms/dbmi/park/jbrew/Tau/Tau_github/examples/inform_run/snakemake/.snakemake/slurm_logs/rule_estimate_timing/Patient44/60683927.log).

[Thu Feb 27 13:34:12 2025]
rule estimate_timing:
    input: output/multiplicities/Patient47_multiplicities.tsv
    output: output/timing_results/Patient47_timing.tsv, output/timing_plots/Patient47_timing_plot.pdf
    jobid: 61
    reason: Missing output files: output/timing_plots/Patient47_timing_plot.pdf
    wildcards: sample=Patient47
    resources: mem_mb=1000, mem_mib=954, disk_mb=1000, disk_mib=954, tmpdir=<TBD>, slurm_account=park_contrib, slurm_partition=park, runtime=14400

Job 61 has been submitted with SLURM jobid 60683928 (log: /n/data1/hms/dbmi/park/jbrew/Tau/Tau_github/examples/inform_run/snakemake/.snakemake/slurm_logs/rule_estimate_timing/Patient47/60683928.log).

[Thu Feb 27 13:34:14 2025]
rule estimate_timing:
    input: output/multiplicities/Patient101_multiplicities.tsv
    output: output/timing_results/Patient101_timing.tsv, output/timing_plots/Patient101_timing_plot.pdf
    jobid: 1
    reason: Missing output files: output/timing_plots/Patient101_timing_plot.pdf
    wildcards: sample=Patient101
    resources: mem_mb=1000, mem_mib=954, disk_mb=1000, disk_mib=954, tmpdir=<TBD>, slurm_account=park_contrib, slurm_partition=park, runtime=14400

Job 1 has been submitted with SLURM jobid 60683929 (log: /n/data1/hms/dbmi/park/jbrew/Tau/Tau_github/examples/inform_run/snakemake/.snakemake/slurm_logs/rule_estimate_timing/Patient101/60683929.log).

[Thu Feb 27 13:34:14 2025]
rule estimate_timing:
    input: output/multiplicities/Patient87_multiplicities.tsv
    output: output/timing_results/Patient87_timing.tsv, output/timing_plots/Patient87_timing_plot.pdf
    jobid: 121
    reason: Missing output files: output/timing_plots/Patient87_timing_plot.pdf
    wildcards: sample=Patient87
    resources: mem_mb=1000, mem_mib=954, disk_mb=1000, disk_mib=954, tmpdir=<TBD>, slurm_account=park_contrib, slurm_partition=park, runtime=14400

Job 121 has been submitted with SLURM jobid 60683930 (log: /n/data1/hms/dbmi/park/jbrew/Tau/Tau_github/examples/inform_run/snakemake/.snakemake/slurm_logs/rule_estimate_timing/Patient87/60683930.log).

[Thu Feb 27 13:34:17 2025]
rule estimate_timing:
    input: output/multiplicities/Patient50_multiplicities.tsv
    output: output/timing_results/Patient50_timing.tsv, output/timing_plots/Patient50_timing_plot.pdf
    jobid: 65
    reason: Missing output files: output/timing_plots/Patient50_timing_plot.pdf
    wildcards: sample=Patient50
    resources: mem_mb=1000, mem_mib=954, disk_mb=1000, disk_mib=954, tmpdir=<TBD>, slurm_account=park_contrib, slurm_partition=park, runtime=14400

Job 65 has been submitted with SLURM jobid 60683931 (log: /n/data1/hms/dbmi/park/jbrew/Tau/Tau_github/examples/inform_run/snakemake/.snakemake/slurm_logs/rule_estimate_timing/Patient50/60683931.log).

[Thu Feb 27 13:34:19 2025]
rule estimate_timing:
    input: output/multiplicities/Patient109_multiplicities.tsv
    output: output/timing_results/Patient109_timing.tsv, output/timing_plots/Patient109_timing_plot.pdf
    jobid: 5
    reason: Missing output files: output/timing_plots/Patient109_timing_plot.pdf
    wildcards: sample=Patient109
    resources: mem_mb=1000, mem_mib=954, disk_mb=1000, disk_mib=954, tmpdir=<TBD>, slurm_account=park_contrib, slurm_partition=park, runtime=14400

Job 5 has been submitted with SLURM jobid 60683932 (log: /n/data1/hms/dbmi/park/jbrew/Tau/Tau_github/examples/inform_run/snakemake/.snakemake/slurm_logs/rule_estimate_timing/Patient109/60683932.log).

[Thu Feb 27 13:34:19 2025]
rule estimate_timing:
    input: output/multiplicities/Patient90_multiplicities.tsv
    output: output/timing_results/Patient90_timing.tsv, output/timing_plots/Patient90_timing_plot.pdf
    jobid: 125
    reason: Missing output files: output/timing_plots/Patient90_timing_plot.pdf
    wildcards: sample=Patient90
    resources: mem_mb=1000, mem_mib=954, disk_mb=1000, disk_mib=954, tmpdir=<TBD>, slurm_account=park_contrib, slurm_partition=park, runtime=14400

Job 125 has been submitted with SLURM jobid 60683933 (log: /n/data1/hms/dbmi/park/jbrew/Tau/Tau_github/examples/inform_run/snakemake/.snakemake/slurm_logs/rule_estimate_timing/Patient90/60683933.log).

[Thu Feb 27 13:34:19 2025]
rule estimate_timing:
    input: output/multiplicities/Patient113_multiplicities.tsv
    output: output/timing_results/Patient113_timing.tsv, output/timing_plots/Patient113_timing_plot.pdf
    jobid: 9
    reason: Missing output files: output/timing_plots/Patient113_timing_plot.pdf
    wildcards: sample=Patient113
    resources: mem_mb=1000, mem_mib=954, disk_mb=1000, disk_mib=954, tmpdir=<TBD>, slurm_account=park_contrib, slurm_partition=park, runtime=14400

Job 9 has been submitted with SLURM jobid 60683934 (log: /n/data1/hms/dbmi/park/jbrew/Tau/Tau_github/examples/inform_run/snakemake/.snakemake/slurm_logs/rule_estimate_timing/Patient113/60683934.log).

[Thu Feb 27 13:34:19 2025]
rule estimate_timing:
    input: output/multiplicities/Patient55_multiplicities.tsv
    output: output/timing_results/Patient55_timing.tsv, output/timing_plots/Patient55_timing_plot.pdf
    jobid: 69
    reason: Missing output files: output/timing_plots/Patient55_timing_plot.pdf
    wildcards: sample=Patient55
    resources: mem_mb=1000, mem_mib=954, disk_mb=1000, disk_mib=954, tmpdir=<TBD>, slurm_account=park_contrib, slurm_partition=park, runtime=14400

Job 69 has been submitted with SLURM jobid 60683935 (log: /n/data1/hms/dbmi/park/jbrew/Tau/Tau_github/examples/inform_run/snakemake/.snakemake/slurm_logs/rule_estimate_timing/Patient55/60683935.log).

[Thu Feb 27 13:34:20 2025]
rule estimate_timing:
    input: output/multiplicities/Patient94_multiplicities.tsv
    output: output/timing_results/Patient94_timing.tsv, output/timing_plots/Patient94_timing_plot.pdf
    jobid: 129
    reason: Missing output files: output/timing_plots/Patient94_timing_plot.pdf
    wildcards: sample=Patient94
    resources: mem_mb=1000, mem_mib=954, disk_mb=1000, disk_mib=954, tmpdir=<TBD>, slurm_account=park_contrib, slurm_partition=park, runtime=14400

Job 129 has been submitted with SLURM jobid 60683936 (log: /n/data1/hms/dbmi/park/jbrew/Tau/Tau_github/examples/inform_run/snakemake/.snakemake/slurm_logs/rule_estimate_timing/Patient94/60683936.log).

[Thu Feb 27 13:34:20 2025]
rule estimate_timing:
    input: output/multiplicities/Patient57_multiplicities.tsv
    output: output/timing_results/Patient57_timing.tsv, output/timing_plots/Patient57_timing_plot.pdf
    jobid: 73
    reason: Missing output files: output/timing_plots/Patient57_timing_plot.pdf
    wildcards: sample=Patient57
    resources: mem_mb=1000, mem_mib=954, disk_mb=1000, disk_mib=954, tmpdir=<TBD>, slurm_account=park_contrib, slurm_partition=park, runtime=14400

Job 73 has been submitted with SLURM jobid 60683937 (log: /n/data1/hms/dbmi/park/jbrew/Tau/Tau_github/examples/inform_run/snakemake/.snakemake/slurm_logs/rule_estimate_timing/Patient57/60683937.log).

[Thu Feb 27 13:34:20 2025]
rule estimate_timing:
    input: output/multiplicities/Patient15_multiplicities.tsv
    output: output/timing_results/Patient15_timing.tsv, output/timing_plots/Patient15_timing_plot.pdf
    jobid: 13
    reason: Missing output files: output/timing_plots/Patient15_timing_plot.pdf; Input files updated by another job: output/multiplicities/Patient15_multiplicities.tsv
    wildcards: sample=Patient15
    resources: mem_mb=1000, mem_mib=954, disk_mb=1000, disk_mib=954, tmpdir=<TBD>, slurm_account=park_contrib, slurm_partition=park, runtime=14400

Job 13 has been submitted with SLURM jobid 60683938 (log: /n/data1/hms/dbmi/park/jbrew/Tau/Tau_github/examples/inform_run/snakemake/.snakemake/slurm_logs/rule_estimate_timing/Patient15/60683938.log).

[Thu Feb 27 13:34:21 2025]
rule estimate_timing:
    input: output/multiplicities/Patient17_multiplicities.tsv
    output: output/timing_results/Patient17_timing.tsv, output/timing_plots/Patient17_timing_plot.pdf
    jobid: 17
    reason: Missing output files: output/timing_plots/Patient17_timing_plot.pdf
    wildcards: sample=Patient17
    resources: mem_mb=1000, mem_mib=954, disk_mb=1000, disk_mib=954, tmpdir=<TBD>, slurm_account=park_contrib, slurm_partition=park, runtime=14400

Job 17 has been submitted with SLURM jobid 60683939 (log: /n/data1/hms/dbmi/park/jbrew/Tau/Tau_github/examples/inform_run/snakemake/.snakemake/slurm_logs/rule_estimate_timing/Patient17/60683939.log).

[Thu Feb 27 13:34:21 2025]
rule estimate_timing:
    input: output/multiplicities/Patient58_multiplicities.tsv
    output: output/timing_results/Patient58_timing.tsv, output/timing_plots/Patient58_timing_plot.pdf
    jobid: 77
    reason: Missing output files: output/timing_plots/Patient58_timing_plot.pdf
    wildcards: sample=Patient58
    resources: mem_mb=1000, mem_mib=954, disk_mb=1000, disk_mib=954, tmpdir=<TBD>, slurm_account=park_contrib, slurm_partition=park, runtime=14400

Job 77 has been submitted with SLURM jobid 60683940 (log: /n/data1/hms/dbmi/park/jbrew/Tau/Tau_github/examples/inform_run/snakemake/.snakemake/slurm_logs/rule_estimate_timing/Patient58/60683940.log).

[Thu Feb 27 13:34:21 2025]
rule estimate_timing:
    input: output/multiplicities/Patient18_multiplicities.tsv
    output: output/timing_results/Patient18_timing.tsv, output/timing_plots/Patient18_timing_plot.pdf
    jobid: 21
    reason: Missing output files: output/timing_plots/Patient18_timing_plot.pdf
    wildcards: sample=Patient18
    resources: mem_mb=1000, mem_mib=954, disk_mb=1000, disk_mib=954, tmpdir=<TBD>, slurm_account=park_contrib, slurm_partition=park, runtime=14400

Job 21 has been submitted with SLURM jobid 60683941 (log: /n/data1/hms/dbmi/park/jbrew/Tau/Tau_github/examples/inform_run/snakemake/.snakemake/slurm_logs/rule_estimate_timing/Patient18/60683941.log).

[Thu Feb 27 13:34:21 2025]
rule estimate_timing:
    input: output/multiplicities/Patient64_multiplicities.tsv
    output: output/timing_results/Patient64_timing.tsv, output/timing_plots/Patient64_timing_plot.pdf
    jobid: 81
    reason: Missing output files: output/timing_plots/Patient64_timing_plot.pdf
    wildcards: sample=Patient64
    resources: mem_mb=1000, mem_mib=954, disk_mb=1000, disk_mib=954, tmpdir=<TBD>, slurm_account=park_contrib, slurm_partition=park, runtime=14400

Job 81 has been submitted with SLURM jobid 60683942 (log: /n/data1/hms/dbmi/park/jbrew/Tau/Tau_github/examples/inform_run/snakemake/.snakemake/slurm_logs/rule_estimate_timing/Patient64/60683942.log).

[Thu Feb 27 13:34:22 2025]
rule estimate_timing:
    input: output/multiplicities/Patient1_multiplicities.tsv
    output: output/timing_results/Patient1_timing.tsv, output/timing_plots/Patient1_timing_plot.pdf
    jobid: 25
    reason: Missing output files: output/timing_plots/Patient1_timing_plot.pdf
    wildcards: sample=Patient1
    resources: mem_mb=1000, mem_mib=954, disk_mb=1000, disk_mib=954, tmpdir=<TBD>, slurm_account=park_contrib, slurm_partition=park, runtime=14400

Job 25 has been submitted with SLURM jobid 60683943 (log: /n/data1/hms/dbmi/park/jbrew/Tau/Tau_github/examples/inform_run/snakemake/.snakemake/slurm_logs/rule_estimate_timing/Patient1/60683943.log).

[Thu Feb 27 13:34:22 2025]
rule estimate_timing:
    input: output/multiplicities/Patient65_multiplicities.tsv
    output: output/timing_results/Patient65_timing.tsv, output/timing_plots/Patient65_timing_plot.pdf
    jobid: 85
    reason: Missing output files: output/timing_plots/Patient65_timing_plot.pdf
    wildcards: sample=Patient65
    resources: mem_mb=1000, mem_mib=954, disk_mb=1000, disk_mib=954, tmpdir=<TBD>, slurm_account=park_contrib, slurm_partition=park, runtime=14400

Job 85 has been submitted with SLURM jobid 60683944 (log: /n/data1/hms/dbmi/park/jbrew/Tau/Tau_github/examples/inform_run/snakemake/.snakemake/slurm_logs/rule_estimate_timing/Patient65/60683944.log).

[Thu Feb 27 13:34:22 2025]
rule estimate_timing:
    input: output/multiplicities/Patient68_multiplicities.tsv
    output: output/timing_results/Patient68_timing.tsv, output/timing_plots/Patient68_timing_plot.pdf
    jobid: 89
    reason: Missing output files: output/timing_plots/Patient68_timing_plot.pdf
    wildcards: sample=Patient68
    resources: mem_mb=1000, mem_mib=954, disk_mb=1000, disk_mib=954, tmpdir=<TBD>, slurm_account=park_contrib, slurm_partition=park, runtime=14400

Job 89 has been submitted with SLURM jobid 60683945 (log: /n/data1/hms/dbmi/park/jbrew/Tau/Tau_github/examples/inform_run/snakemake/.snakemake/slurm_logs/rule_estimate_timing/Patient68/60683945.log).

[Thu Feb 27 13:34:22 2025]
rule estimate_timing:
    input: output/multiplicities/Patient81_multiplicities.tsv
    output: output/timing_results/Patient81_timing.tsv, output/timing_plots/Patient81_timing_plot.pdf
    jobid: 109
    reason: Missing output files: output/timing_plots/Patient81_timing_plot.pdf
    wildcards: sample=Patient81
    resources: mem_mb=1000, mem_mib=954, disk_mb=1000, disk_mib=954, tmpdir=<TBD>, slurm_account=park_contrib, slurm_partition=park, runtime=14400

Job 109 has been submitted with SLURM jobid 60683946 (log: /n/data1/hms/dbmi/park/jbrew/Tau/Tau_github/examples/inform_run/snakemake/.snakemake/slurm_logs/rule_estimate_timing/Patient81/60683946.log).

[Thu Feb 27 13:34:23 2025]
rule estimate_timing:
    input: output/multiplicities/Patient25_multiplicities.tsv
    output: output/timing_results/Patient25_timing.tsv, output/timing_plots/Patient25_timing_plot.pdf
    jobid: 33
    reason: Missing output files: output/timing_plots/Patient25_timing_plot.pdf
    wildcards: sample=Patient25
    resources: mem_mb=1000, mem_mib=954, disk_mb=1000, disk_mib=954, tmpdir=<TBD>, slurm_account=park_contrib, slurm_partition=park, runtime=14400

Job 33 has been submitted with SLURM jobid 60683947 (log: /n/data1/hms/dbmi/park/jbrew/Tau/Tau_github/examples/inform_run/snakemake/.snakemake/slurm_logs/rule_estimate_timing/Patient25/60683947.log).

[Thu Feb 27 13:34:23 2025]
rule estimate_timing:
    input: output/multiplicities/Patient76_multiplicities.tsv
    output: output/timing_results/Patient76_timing.tsv, output/timing_plots/Patient76_timing_plot.pdf
    jobid: 93
    reason: Missing output files: output/timing_plots/Patient76_timing_plot.pdf
    wildcards: sample=Patient76
    resources: mem_mb=1000, mem_mib=954, disk_mb=1000, disk_mib=954, tmpdir=<TBD>, slurm_account=park_contrib, slurm_partition=park, runtime=14400

Job 93 has been submitted with SLURM jobid 60683948 (log: /n/data1/hms/dbmi/park/jbrew/Tau/Tau_github/examples/inform_run/snakemake/.snakemake/slurm_logs/rule_estimate_timing/Patient76/60683948.log).

[Thu Feb 27 13:34:23 2025]
rule estimate_timing:
    input: output/multiplicities/Patient77_multiplicities.tsv
    output: output/timing_results/Patient77_timing.tsv, output/timing_plots/Patient77_timing_plot.pdf
    jobid: 97
    reason: Missing output files: output/timing_plots/Patient77_timing_plot.pdf; Input files updated by another job: output/multiplicities/Patient77_multiplicities.tsv
    wildcards: sample=Patient77
    resources: mem_mb=1000, mem_mib=954, disk_mb=1000, disk_mib=954, tmpdir=<TBD>, slurm_account=park_contrib, slurm_partition=park, runtime=14400

Job 97 has been submitted with SLURM jobid 60683949 (log: /n/data1/hms/dbmi/park/jbrew/Tau/Tau_github/examples/inform_run/snakemake/.snakemake/slurm_logs/rule_estimate_timing/Patient77/60683949.log).

[Thu Feb 27 13:34:23 2025]
rule estimate_timing:
    input: output/multiplicities/Patient33_multiplicities.tsv
    output: output/timing_results/Patient33_timing.tsv, output/timing_plots/Patient33_timing_plot.pdf
    jobid: 41
    reason: Missing output files: output/timing_plots/Patient33_timing_plot.pdf
    wildcards: sample=Patient33
    resources: mem_mb=1000, mem_mib=954, disk_mb=1000, disk_mib=954, tmpdir=<TBD>, slurm_account=park_contrib, slurm_partition=park, runtime=14400

Job 41 has been submitted with SLURM jobid 60683950 (log: /n/data1/hms/dbmi/park/jbrew/Tau/Tau_github/examples/inform_run/snakemake/.snakemake/slurm_logs/rule_estimate_timing/Patient33/60683950.log).

[Thu Feb 27 13:34:24 2025]
rule estimate_timing:
    input: output/multiplicities/Patient7_multiplicities.tsv
    output: output/timing_results/Patient7_timing.tsv, output/timing_plots/Patient7_timing_plot.pdf
    jobid: 101
    reason: Missing output files: output/timing_plots/Patient7_timing_plot.pdf
    wildcards: sample=Patient7
    resources: mem_mb=1000, mem_mib=954, disk_mb=1000, disk_mib=954, tmpdir=<TBD>, slurm_account=park_contrib, slurm_partition=park, runtime=14400

Job 101 has been submitted with SLURM jobid 60683951 (log: /n/data1/hms/dbmi/park/jbrew/Tau/Tau_github/examples/inform_run/snakemake/.snakemake/slurm_logs/rule_estimate_timing/Patient7/60683951.log).

[Thu Feb 27 13:34:24 2025]
rule estimate_timing:
    input: output/multiplicities/Patient34_multiplicities.tsv
    output: output/timing_results/Patient34_timing.tsv, output/timing_plots/Patient34_timing_plot.pdf
    jobid: 45
    reason: Missing output files: output/timing_plots/Patient34_timing_plot.pdf
    wildcards: sample=Patient34
    resources: mem_mb=1000, mem_mib=954, disk_mb=1000, disk_mib=954, tmpdir=<TBD>, slurm_account=park_contrib, slurm_partition=park, runtime=14400

Job 45 has been submitted with SLURM jobid 60683952 (log: /n/data1/hms/dbmi/park/jbrew/Tau/Tau_github/examples/inform_run/snakemake/.snakemake/slurm_logs/rule_estimate_timing/Patient34/60683952.log).

[Thu Feb 27 13:34:24 2025]
rule estimate_timing:
    input: output/multiplicities/Patient80_multiplicities.tsv
    output: output/timing_results/Patient80_timing.tsv, output/timing_plots/Patient80_timing_plot.pdf
    jobid: 105
    reason: Missing output files: output/timing_plots/Patient80_timing_plot.pdf
    wildcards: sample=Patient80
    resources: mem_mb=1000, mem_mib=954, disk_mb=1000, disk_mib=954, tmpdir=<TBD>, slurm_account=park_contrib, slurm_partition=park, runtime=14400

Job 105 has been submitted with SLURM jobid 60683953 (log: /n/data1/hms/dbmi/park/jbrew/Tau/Tau_github/examples/inform_run/snakemake/.snakemake/slurm_logs/rule_estimate_timing/Patient80/60683953.log).

[Thu Feb 27 13:34:25 2025]
rule estimate_timing:
    input: output/multiplicities/Patient37_multiplicities.tsv
    output: output/timing_results/Patient37_timing.tsv, output/timing_plots/Patient37_timing_plot.pdf
    jobid: 49
    reason: Missing output files: output/timing_plots/Patient37_timing_plot.pdf
    wildcards: sample=Patient37
    resources: mem_mb=1000, mem_mib=954, disk_mb=1000, disk_mib=954, tmpdir=<TBD>, slurm_account=park_contrib, slurm_partition=park, runtime=14400

Job 49 has been submitted with SLURM jobid 60683954 (log: /n/data1/hms/dbmi/park/jbrew/Tau/Tau_github/examples/inform_run/snakemake/.snakemake/slurm_logs/rule_estimate_timing/Patient37/60683954.log).
[Thu Feb 27 13:34:55 2025]
Error in rule estimate_timing:
    message: SLURM-job '60683865' failed, SLURM status is: 'FAILED'. For further error details see the cluster/cloud log and the log files of the involved rule(s).
    jobid: 37
    input: output/multiplicities/Patient26_multiplicities.tsv
    output: output/timing_results/Patient26_timing.tsv, output/timing_plots/Patient26_timing_plot.pdf
    log: /n/data1/hms/dbmi/park/jbrew/Tau/Tau_github/examples/inform_run/snakemake/.snakemake/slurm_logs/rule_estimate_timing/Patient26/60683865.log (check log file(s) for error details)
    shell:
        
        python scripts/estimate_timing.py             --multiplicities output/multiplicities/Patient26_multiplicities.tsv             --output_tsv output/timing_results/Patient26_timing.tsv             --output_plot output/timing_plots/Patient26_timing_plot.pdf
        
        (one of the commands exited with non-zero exit code; note that snakemake uses bash strict mode!)
    external_jobid: 60683865

Trying to restart job 37.
Select jobs to execute...
Execute 1 jobs...

[Thu Feb 27 13:34:55 2025]
rule estimate_timing:
    input: output/multiplicities/Patient26_multiplicities.tsv
    output: output/timing_results/Patient26_timing.tsv, output/timing_plots/Patient26_timing_plot.pdf
    jobid: 37
    reason: Missing output files: output/timing_plots/Patient26_timing_plot.pdf
    wildcards: sample=Patient26
    resources: mem_mb=1000, mem_mib=954, disk_mb=1000, disk_mib=954, tmpdir=<TBD>, slurm_account=park_contrib, slurm_partition=park, runtime=14400

Job 37 has been submitted with SLURM jobid 60683957 (log: /n/data1/hms/dbmi/park/jbrew/Tau/Tau_github/examples/inform_run/snakemake/.snakemake/slurm_logs/rule_estimate_timing/Patient26/60683957.log).
[Thu Feb 27 13:37:06 2025]
Error in rule estimate_timing:
    message: SLURM-job '60683924' failed, SLURM status is: 'FAILED'. For further error details see the cluster/cloud log and the log files of the involved rule(s).
    jobid: 113
    input: output/multiplicities/Patient82_multiplicities.tsv
    output: output/timing_results/Patient82_timing.tsv, output/timing_plots/Patient82_timing_plot.pdf
    log: /n/data1/hms/dbmi/park/jbrew/Tau/Tau_github/examples/inform_run/snakemake/.snakemake/slurm_logs/rule_estimate_timing/Patient82/60683924.log (check log file(s) for error details)
    shell:
        
        python scripts/estimate_timing.py             --multiplicities output/multiplicities/Patient82_multiplicities.tsv             --output_tsv output/timing_results/Patient82_timing.tsv             --output_plot output/timing_plots/Patient82_timing_plot.pdf
        
        (one of the commands exited with non-zero exit code; note that snakemake uses bash strict mode!)
    external_jobid: 60683924

[Thu Feb 27 13:37:06 2025]
Error in rule estimate_timing:
    message: SLURM-job '60683925' failed, SLURM status is: 'FAILED'. For further error details see the cluster/cloud log and the log files of the involved rule(s).
    jobid: 53
    input: output/multiplicities/Patient43_multiplicities.tsv
    output: output/timing_results/Patient43_timing.tsv, output/timing_plots/Patient43_timing_plot.pdf
    log: /n/data1/hms/dbmi/park/jbrew/Tau/Tau_github/examples/inform_run/snakemake/.snakemake/slurm_logs/rule_estimate_timing/Patient43/60683925.log (check log file(s) for error details)
    shell:
        
        python scripts/estimate_timing.py             --multiplicities output/multiplicities/Patient43_multiplicities.tsv             --output_tsv output/timing_results/Patient43_timing.tsv             --output_plot output/timing_plots/Patient43_timing_plot.pdf
        
        (one of the commands exited with non-zero exit code; note that snakemake uses bash strict mode!)
    external_jobid: 60683925

[Thu Feb 27 13:37:06 2025]
Error in rule estimate_timing:
    message: SLURM-job '60683926' failed, SLURM status is: 'FAILED'. For further error details see the cluster/cloud log and the log files of the involved rule(s).
    jobid: 117
    input: output/multiplicities/Patient86_multiplicities.tsv
    output: output/timing_results/Patient86_timing.tsv, output/timing_plots/Patient86_timing_plot.pdf
    log: /n/data1/hms/dbmi/park/jbrew/Tau/Tau_github/examples/inform_run/snakemake/.snakemake/slurm_logs/rule_estimate_timing/Patient86/60683926.log (check log file(s) for error details)
    shell:
        
        python scripts/estimate_timing.py             --multiplicities output/multiplicities/Patient86_multiplicities.tsv             --output_tsv output/timing_results/Patient86_timing.tsv             --output_plot output/timing_plots/Patient86_timing_plot.pdf
        
        (one of the commands exited with non-zero exit code; note that snakemake uses bash strict mode!)
    external_jobid: 60683926

[Thu Feb 27 13:37:06 2025]
Error in rule estimate_timing:
    message: SLURM-job '60683927' failed, SLURM status is: 'FAILED'. For further error details see the cluster/cloud log and the log files of the involved rule(s).
    jobid: 57
    input: output/multiplicities/Patient44_multiplicities.tsv
    output: output/timing_results/Patient44_timing.tsv, output/timing_plots/Patient44_timing_plot.pdf
    log: /n/data1/hms/dbmi/park/jbrew/Tau/Tau_github/examples/inform_run/snakemake/.snakemake/slurm_logs/rule_estimate_timing/Patient44/60683927.log (check log file(s) for error details)
    shell:
        
        python scripts/estimate_timing.py             --multiplicities output/multiplicities/Patient44_multiplicities.tsv             --output_tsv output/timing_results/Patient44_timing.tsv             --output_plot output/timing_plots/Patient44_timing_plot.pdf
        
        (one of the commands exited with non-zero exit code; note that snakemake uses bash strict mode!)
    external_jobid: 60683927

[Thu Feb 27 13:37:06 2025]
Error in rule estimate_timing:
    message: SLURM-job '60683928' failed, SLURM status is: 'FAILED'. For further error details see the cluster/cloud log and the log files of the involved rule(s).
    jobid: 61
    input: output/multiplicities/Patient47_multiplicities.tsv
    output: output/timing_results/Patient47_timing.tsv, output/timing_plots/Patient47_timing_plot.pdf
    log: /n/data1/hms/dbmi/park/jbrew/Tau/Tau_github/examples/inform_run/snakemake/.snakemake/slurm_logs/rule_estimate_timing/Patient47/60683928.log (check log file(s) for error details)
    shell:
        
        python scripts/estimate_timing.py             --multiplicities output/multiplicities/Patient47_multiplicities.tsv             --output_tsv output/timing_results/Patient47_timing.tsv             --output_plot output/timing_plots/Patient47_timing_plot.pdf
        
        (one of the commands exited with non-zero exit code; note that snakemake uses bash strict mode!)
    external_jobid: 60683928

[Thu Feb 27 13:37:06 2025]
Error in rule estimate_timing:
    message: SLURM-job '60683929' failed, SLURM status is: 'FAILED'. For further error details see the cluster/cloud log and the log files of the involved rule(s).
    jobid: 1
    input: output/multiplicities/Patient101_multiplicities.tsv
    output: output/timing_results/Patient101_timing.tsv, output/timing_plots/Patient101_timing_plot.pdf
    log: /n/data1/hms/dbmi/park/jbrew/Tau/Tau_github/examples/inform_run/snakemake/.snakemake/slurm_logs/rule_estimate_timing/Patient101/60683929.log (check log file(s) for error details)
    shell:
        
        python scripts/estimate_timing.py             --multiplicities output/multiplicities/Patient101_multiplicities.tsv             --output_tsv output/timing_results/Patient101_timing.tsv             --output_plot output/timing_plots/Patient101_timing_plot.pdf
        
        (one of the commands exited with non-zero exit code; note that snakemake uses bash strict mode!)
    external_jobid: 60683929

[Thu Feb 27 13:37:06 2025]
Error in rule estimate_timing:
    message: SLURM-job '60683930' failed, SLURM status is: 'FAILED'. For further error details see the cluster/cloud log and the log files of the involved rule(s).
    jobid: 121
    input: output/multiplicities/Patient87_multiplicities.tsv
    output: output/timing_results/Patient87_timing.tsv, output/timing_plots/Patient87_timing_plot.pdf
    log: /n/data1/hms/dbmi/park/jbrew/Tau/Tau_github/examples/inform_run/snakemake/.snakemake/slurm_logs/rule_estimate_timing/Patient87/60683930.log (check log file(s) for error details)
    shell:
        
        python scripts/estimate_timing.py             --multiplicities output/multiplicities/Patient87_multiplicities.tsv             --output_tsv output/timing_results/Patient87_timing.tsv             --output_plot output/timing_plots/Patient87_timing_plot.pdf
        
        (one of the commands exited with non-zero exit code; note that snakemake uses bash strict mode!)
    external_jobid: 60683930

[Thu Feb 27 13:37:06 2025]
Error in rule estimate_timing:
    message: SLURM-job '60683931' failed, SLURM status is: 'FAILED'. For further error details see the cluster/cloud log and the log files of the involved rule(s).
    jobid: 65
    input: output/multiplicities/Patient50_multiplicities.tsv
    output: output/timing_results/Patient50_timing.tsv, output/timing_plots/Patient50_timing_plot.pdf
    log: /n/data1/hms/dbmi/park/jbrew/Tau/Tau_github/examples/inform_run/snakemake/.snakemake/slurm_logs/rule_estimate_timing/Patient50/60683931.log (check log file(s) for error details)
    shell:
        
        python scripts/estimate_timing.py             --multiplicities output/multiplicities/Patient50_multiplicities.tsv             --output_tsv output/timing_results/Patient50_timing.tsv             --output_plot output/timing_plots/Patient50_timing_plot.pdf
        
        (one of the commands exited with non-zero exit code; note that snakemake uses bash strict mode!)
    external_jobid: 60683931

[Thu Feb 27 13:37:06 2025]
Error in rule estimate_timing:
    message: SLURM-job '60683932' failed, SLURM status is: 'FAILED'. For further error details see the cluster/cloud log and the log files of the involved rule(s).
    jobid: 5
    input: output/multiplicities/Patient109_multiplicities.tsv
    output: output/timing_results/Patient109_timing.tsv, output/timing_plots/Patient109_timing_plot.pdf
    log: /n/data1/hms/dbmi/park/jbrew/Tau/Tau_github/examples/inform_run/snakemake/.snakemake/slurm_logs/rule_estimate_timing/Patient109/60683932.log (check log file(s) for error details)
    shell:
        
        python scripts/estimate_timing.py             --multiplicities output/multiplicities/Patient109_multiplicities.tsv             --output_tsv output/timing_results/Patient109_timing.tsv             --output_plot output/timing_plots/Patient109_timing_plot.pdf
        
        (one of the commands exited with non-zero exit code; note that snakemake uses bash strict mode!)
    external_jobid: 60683932

[Thu Feb 27 13:37:06 2025]
Error in rule estimate_timing:
    message: SLURM-job '60683933' failed, SLURM status is: 'FAILED'. For further error details see the cluster/cloud log and the log files of the involved rule(s).
    jobid: 125
    input: output/multiplicities/Patient90_multiplicities.tsv
    output: output/timing_results/Patient90_timing.tsv, output/timing_plots/Patient90_timing_plot.pdf
    log: /n/data1/hms/dbmi/park/jbrew/Tau/Tau_github/examples/inform_run/snakemake/.snakemake/slurm_logs/rule_estimate_timing/Patient90/60683933.log (check log file(s) for error details)
    shell:
        
        python scripts/estimate_timing.py             --multiplicities output/multiplicities/Patient90_multiplicities.tsv             --output_tsv output/timing_results/Patient90_timing.tsv             --output_plot output/timing_plots/Patient90_timing_plot.pdf
        
        (one of the commands exited with non-zero exit code; note that snakemake uses bash strict mode!)
    external_jobid: 60683933

[Thu Feb 27 13:37:06 2025]
Error in rule estimate_timing:
    message: SLURM-job '60683934' failed, SLURM status is: 'FAILED'. For further error details see the cluster/cloud log and the log files of the involved rule(s).
    jobid: 9
    input: output/multiplicities/Patient113_multiplicities.tsv
    output: output/timing_results/Patient113_timing.tsv, output/timing_plots/Patient113_timing_plot.pdf
    log: /n/data1/hms/dbmi/park/jbrew/Tau/Tau_github/examples/inform_run/snakemake/.snakemake/slurm_logs/rule_estimate_timing/Patient113/60683934.log (check log file(s) for error details)
    shell:
        
        python scripts/estimate_timing.py             --multiplicities output/multiplicities/Patient113_multiplicities.tsv             --output_tsv output/timing_results/Patient113_timing.tsv             --output_plot output/timing_plots/Patient113_timing_plot.pdf
        
        (one of the commands exited with non-zero exit code; note that snakemake uses bash strict mode!)
    external_jobid: 60683934

[Thu Feb 27 13:37:06 2025]
Error in rule estimate_timing:
    message: SLURM-job '60683935' failed, SLURM status is: 'FAILED'. For further error details see the cluster/cloud log and the log files of the involved rule(s).
    jobid: 69
    input: output/multiplicities/Patient55_multiplicities.tsv
    output: output/timing_results/Patient55_timing.tsv, output/timing_plots/Patient55_timing_plot.pdf
    log: /n/data1/hms/dbmi/park/jbrew/Tau/Tau_github/examples/inform_run/snakemake/.snakemake/slurm_logs/rule_estimate_timing/Patient55/60683935.log (check log file(s) for error details)
    shell:
        
        python scripts/estimate_timing.py             --multiplicities output/multiplicities/Patient55_multiplicities.tsv             --output_tsv output/timing_results/Patient55_timing.tsv             --output_plot output/timing_plots/Patient55_timing_plot.pdf
        
        (one of the commands exited with non-zero exit code; note that snakemake uses bash strict mode!)
    external_jobid: 60683935

[Thu Feb 27 13:37:06 2025]
Error in rule estimate_timing:
    message: SLURM-job '60683936' failed, SLURM status is: 'FAILED'. For further error details see the cluster/cloud log and the log files of the involved rule(s).
    jobid: 129
    input: output/multiplicities/Patient94_multiplicities.tsv
    output: output/timing_results/Patient94_timing.tsv, output/timing_plots/Patient94_timing_plot.pdf
    log: /n/data1/hms/dbmi/park/jbrew/Tau/Tau_github/examples/inform_run/snakemake/.snakemake/slurm_logs/rule_estimate_timing/Patient94/60683936.log (check log file(s) for error details)
    shell:
        
        python scripts/estimate_timing.py             --multiplicities output/multiplicities/Patient94_multiplicities.tsv             --output_tsv output/timing_results/Patient94_timing.tsv             --output_plot output/timing_plots/Patient94_timing_plot.pdf
        
        (one of the commands exited with non-zero exit code; note that snakemake uses bash strict mode!)
    external_jobid: 60683936

[Thu Feb 27 13:37:06 2025]
Error in rule estimate_timing:
    message: SLURM-job '60683937' failed, SLURM status is: 'FAILED'. For further error details see the cluster/cloud log and the log files of the involved rule(s).
    jobid: 73
    input: output/multiplicities/Patient57_multiplicities.tsv
    output: output/timing_results/Patient57_timing.tsv, output/timing_plots/Patient57_timing_plot.pdf
    log: /n/data1/hms/dbmi/park/jbrew/Tau/Tau_github/examples/inform_run/snakemake/.snakemake/slurm_logs/rule_estimate_timing/Patient57/60683937.log (check log file(s) for error details)
    shell:
        
        python scripts/estimate_timing.py             --multiplicities output/multiplicities/Patient57_multiplicities.tsv             --output_tsv output/timing_results/Patient57_timing.tsv             --output_plot output/timing_plots/Patient57_timing_plot.pdf
        
        (one of the commands exited with non-zero exit code; note that snakemake uses bash strict mode!)
    external_jobid: 60683937

[Thu Feb 27 13:37:06 2025]
Error in rule estimate_timing:
    message: SLURM-job '60683938' failed, SLURM status is: 'FAILED'. For further error details see the cluster/cloud log and the log files of the involved rule(s).
    jobid: 13
    input: output/multiplicities/Patient15_multiplicities.tsv
    output: output/timing_results/Patient15_timing.tsv, output/timing_plots/Patient15_timing_plot.pdf
    log: /n/data1/hms/dbmi/park/jbrew/Tau/Tau_github/examples/inform_run/snakemake/.snakemake/slurm_logs/rule_estimate_timing/Patient15/60683938.log (check log file(s) for error details)
    shell:
        
        python scripts/estimate_timing.py             --multiplicities output/multiplicities/Patient15_multiplicities.tsv             --output_tsv output/timing_results/Patient15_timing.tsv             --output_plot output/timing_plots/Patient15_timing_plot.pdf
        
        (one of the commands exited with non-zero exit code; note that snakemake uses bash strict mode!)
    external_jobid: 60683938

[Thu Feb 27 13:37:06 2025]
Error in rule estimate_timing:
    message: SLURM-job '60683939' failed, SLURM status is: 'FAILED'. For further error details see the cluster/cloud log and the log files of the involved rule(s).
    jobid: 17
    input: output/multiplicities/Patient17_multiplicities.tsv
    output: output/timing_results/Patient17_timing.tsv, output/timing_plots/Patient17_timing_plot.pdf
    log: /n/data1/hms/dbmi/park/jbrew/Tau/Tau_github/examples/inform_run/snakemake/.snakemake/slurm_logs/rule_estimate_timing/Patient17/60683939.log (check log file(s) for error details)
    shell:
        
        python scripts/estimate_timing.py             --multiplicities output/multiplicities/Patient17_multiplicities.tsv             --output_tsv output/timing_results/Patient17_timing.tsv             --output_plot output/timing_plots/Patient17_timing_plot.pdf
        
        (one of the commands exited with non-zero exit code; note that snakemake uses bash strict mode!)
    external_jobid: 60683939

[Thu Feb 27 13:37:06 2025]
Error in rule estimate_timing:
    message: SLURM-job '60683940' failed, SLURM status is: 'FAILED'. For further error details see the cluster/cloud log and the log files of the involved rule(s).
    jobid: 77
    input: output/multiplicities/Patient58_multiplicities.tsv
    output: output/timing_results/Patient58_timing.tsv, output/timing_plots/Patient58_timing_plot.pdf
    log: /n/data1/hms/dbmi/park/jbrew/Tau/Tau_github/examples/inform_run/snakemake/.snakemake/slurm_logs/rule_estimate_timing/Patient58/60683940.log (check log file(s) for error details)
    shell:
        
        python scripts/estimate_timing.py             --multiplicities output/multiplicities/Patient58_multiplicities.tsv             --output_tsv output/timing_results/Patient58_timing.tsv             --output_plot output/timing_plots/Patient58_timing_plot.pdf
        
        (one of the commands exited with non-zero exit code; note that snakemake uses bash strict mode!)
    external_jobid: 60683940

[Thu Feb 27 13:37:06 2025]
Error in rule estimate_timing:
    message: SLURM-job '60683941' failed, SLURM status is: 'FAILED'. For further error details see the cluster/cloud log and the log files of the involved rule(s).
    jobid: 21
    input: output/multiplicities/Patient18_multiplicities.tsv
    output: output/timing_results/Patient18_timing.tsv, output/timing_plots/Patient18_timing_plot.pdf
    log: /n/data1/hms/dbmi/park/jbrew/Tau/Tau_github/examples/inform_run/snakemake/.snakemake/slurm_logs/rule_estimate_timing/Patient18/60683941.log (check log file(s) for error details)
    shell:
        
        python scripts/estimate_timing.py             --multiplicities output/multiplicities/Patient18_multiplicities.tsv             --output_tsv output/timing_results/Patient18_timing.tsv             --output_plot output/timing_plots/Patient18_timing_plot.pdf
        
        (one of the commands exited with non-zero exit code; note that snakemake uses bash strict mode!)
    external_jobid: 60683941

[Thu Feb 27 13:37:06 2025]
Error in rule estimate_timing:
    message: SLURM-job '60683942' failed, SLURM status is: 'FAILED'. For further error details see the cluster/cloud log and the log files of the involved rule(s).
    jobid: 81
    input: output/multiplicities/Patient64_multiplicities.tsv
    output: output/timing_results/Patient64_timing.tsv, output/timing_plots/Patient64_timing_plot.pdf
    log: /n/data1/hms/dbmi/park/jbrew/Tau/Tau_github/examples/inform_run/snakemake/.snakemake/slurm_logs/rule_estimate_timing/Patient64/60683942.log (check log file(s) for error details)
    shell:
        
        python scripts/estimate_timing.py             --multiplicities output/multiplicities/Patient64_multiplicities.tsv             --output_tsv output/timing_results/Patient64_timing.tsv             --output_plot output/timing_plots/Patient64_timing_plot.pdf
        
        (one of the commands exited with non-zero exit code; note that snakemake uses bash strict mode!)
    external_jobid: 60683942

[Thu Feb 27 13:37:06 2025]
Error in rule estimate_timing:
    message: SLURM-job '60683943' failed, SLURM status is: 'FAILED'. For further error details see the cluster/cloud log and the log files of the involved rule(s).
    jobid: 25
    input: output/multiplicities/Patient1_multiplicities.tsv
    output: output/timing_results/Patient1_timing.tsv, output/timing_plots/Patient1_timing_plot.pdf
    log: /n/data1/hms/dbmi/park/jbrew/Tau/Tau_github/examples/inform_run/snakemake/.snakemake/slurm_logs/rule_estimate_timing/Patient1/60683943.log (check log file(s) for error details)
    shell:
        
        python scripts/estimate_timing.py             --multiplicities output/multiplicities/Patient1_multiplicities.tsv             --output_tsv output/timing_results/Patient1_timing.tsv             --output_plot output/timing_plots/Patient1_timing_plot.pdf
        
        (one of the commands exited with non-zero exit code; note that snakemake uses bash strict mode!)
    external_jobid: 60683943

[Thu Feb 27 13:37:06 2025]
Error in rule estimate_timing:
    message: SLURM-job '60683944' failed, SLURM status is: 'FAILED'. For further error details see the cluster/cloud log and the log files of the involved rule(s).
    jobid: 85
    input: output/multiplicities/Patient65_multiplicities.tsv
    output: output/timing_results/Patient65_timing.tsv, output/timing_plots/Patient65_timing_plot.pdf
    log: /n/data1/hms/dbmi/park/jbrew/Tau/Tau_github/examples/inform_run/snakemake/.snakemake/slurm_logs/rule_estimate_timing/Patient65/60683944.log (check log file(s) for error details)
    shell:
        
        python scripts/estimate_timing.py             --multiplicities output/multiplicities/Patient65_multiplicities.tsv             --output_tsv output/timing_results/Patient65_timing.tsv             --output_plot output/timing_plots/Patient65_timing_plot.pdf
        
        (one of the commands exited with non-zero exit code; note that snakemake uses bash strict mode!)
    external_jobid: 60683944

[Thu Feb 27 13:37:06 2025]
Error in rule estimate_timing:
    message: SLURM-job '60683945' failed, SLURM status is: 'FAILED'. For further error details see the cluster/cloud log and the log files of the involved rule(s).
    jobid: 89
    input: output/multiplicities/Patient68_multiplicities.tsv
    output: output/timing_results/Patient68_timing.tsv, output/timing_plots/Patient68_timing_plot.pdf
    log: /n/data1/hms/dbmi/park/jbrew/Tau/Tau_github/examples/inform_run/snakemake/.snakemake/slurm_logs/rule_estimate_timing/Patient68/60683945.log (check log file(s) for error details)
    shell:
        
        python scripts/estimate_timing.py             --multiplicities output/multiplicities/Patient68_multiplicities.tsv             --output_tsv output/timing_results/Patient68_timing.tsv             --output_plot output/timing_plots/Patient68_timing_plot.pdf
        
        (one of the commands exited with non-zero exit code; note that snakemake uses bash strict mode!)
    external_jobid: 60683945

[Thu Feb 27 13:37:06 2025]
Error in rule estimate_timing:
    message: SLURM-job '60683946' failed, SLURM status is: 'FAILED'. For further error details see the cluster/cloud log and the log files of the involved rule(s).
    jobid: 109
    input: output/multiplicities/Patient81_multiplicities.tsv
    output: output/timing_results/Patient81_timing.tsv, output/timing_plots/Patient81_timing_plot.pdf
    log: /n/data1/hms/dbmi/park/jbrew/Tau/Tau_github/examples/inform_run/snakemake/.snakemake/slurm_logs/rule_estimate_timing/Patient81/60683946.log (check log file(s) for error details)
    shell:
        
        python scripts/estimate_timing.py             --multiplicities output/multiplicities/Patient81_multiplicities.tsv             --output_tsv output/timing_results/Patient81_timing.tsv             --output_plot output/timing_plots/Patient81_timing_plot.pdf
        
        (one of the commands exited with non-zero exit code; note that snakemake uses bash strict mode!)
    external_jobid: 60683946

[Thu Feb 27 13:37:06 2025]
Error in rule estimate_timing:
    message: SLURM-job '60683947' failed, SLURM status is: 'FAILED'. For further error details see the cluster/cloud log and the log files of the involved rule(s).
    jobid: 33
    input: output/multiplicities/Patient25_multiplicities.tsv
    output: output/timing_results/Patient25_timing.tsv, output/timing_plots/Patient25_timing_plot.pdf
    log: /n/data1/hms/dbmi/park/jbrew/Tau/Tau_github/examples/inform_run/snakemake/.snakemake/slurm_logs/rule_estimate_timing/Patient25/60683947.log (check log file(s) for error details)
    shell:
        
        python scripts/estimate_timing.py             --multiplicities output/multiplicities/Patient25_multiplicities.tsv             --output_tsv output/timing_results/Patient25_timing.tsv             --output_plot output/timing_plots/Patient25_timing_plot.pdf
        
        (one of the commands exited with non-zero exit code; note that snakemake uses bash strict mode!)
    external_jobid: 60683947

[Thu Feb 27 13:37:06 2025]
Error in rule estimate_timing:
    message: SLURM-job '60683948' failed, SLURM status is: 'FAILED'. For further error details see the cluster/cloud log and the log files of the involved rule(s).
    jobid: 93
    input: output/multiplicities/Patient76_multiplicities.tsv
    output: output/timing_results/Patient76_timing.tsv, output/timing_plots/Patient76_timing_plot.pdf
    log: /n/data1/hms/dbmi/park/jbrew/Tau/Tau_github/examples/inform_run/snakemake/.snakemake/slurm_logs/rule_estimate_timing/Patient76/60683948.log (check log file(s) for error details)
    shell:
        
        python scripts/estimate_timing.py             --multiplicities output/multiplicities/Patient76_multiplicities.tsv             --output_tsv output/timing_results/Patient76_timing.tsv             --output_plot output/timing_plots/Patient76_timing_plot.pdf
        
        (one of the commands exited with non-zero exit code; note that snakemake uses bash strict mode!)
    external_jobid: 60683948

[Thu Feb 27 13:37:06 2025]
Error in rule estimate_timing:
    message: SLURM-job '60683949' failed, SLURM status is: 'FAILED'. For further error details see the cluster/cloud log and the log files of the involved rule(s).
    jobid: 97
    input: output/multiplicities/Patient77_multiplicities.tsv
    output: output/timing_results/Patient77_timing.tsv, output/timing_plots/Patient77_timing_plot.pdf
    log: /n/data1/hms/dbmi/park/jbrew/Tau/Tau_github/examples/inform_run/snakemake/.snakemake/slurm_logs/rule_estimate_timing/Patient77/60683949.log (check log file(s) for error details)
    shell:
        
        python scripts/estimate_timing.py             --multiplicities output/multiplicities/Patient77_multiplicities.tsv             --output_tsv output/timing_results/Patient77_timing.tsv             --output_plot output/timing_plots/Patient77_timing_plot.pdf
        
        (one of the commands exited with non-zero exit code; note that snakemake uses bash strict mode!)
    external_jobid: 60683949

[Thu Feb 27 13:37:06 2025]
Error in rule estimate_timing:
    message: SLURM-job '60683950' failed, SLURM status is: 'FAILED'. For further error details see the cluster/cloud log and the log files of the involved rule(s).
    jobid: 41
    input: output/multiplicities/Patient33_multiplicities.tsv
    output: output/timing_results/Patient33_timing.tsv, output/timing_plots/Patient33_timing_plot.pdf
    log: /n/data1/hms/dbmi/park/jbrew/Tau/Tau_github/examples/inform_run/snakemake/.snakemake/slurm_logs/rule_estimate_timing/Patient33/60683950.log (check log file(s) for error details)
    shell:
        
        python scripts/estimate_timing.py             --multiplicities output/multiplicities/Patient33_multiplicities.tsv             --output_tsv output/timing_results/Patient33_timing.tsv             --output_plot output/timing_plots/Patient33_timing_plot.pdf
        
        (one of the commands exited with non-zero exit code; note that snakemake uses bash strict mode!)
    external_jobid: 60683950

[Thu Feb 27 13:37:06 2025]
Error in rule estimate_timing:
    message: SLURM-job '60683951' failed, SLURM status is: 'FAILED'. For further error details see the cluster/cloud log and the log files of the involved rule(s).
    jobid: 101
    input: output/multiplicities/Patient7_multiplicities.tsv
    output: output/timing_results/Patient7_timing.tsv, output/timing_plots/Patient7_timing_plot.pdf
    log: /n/data1/hms/dbmi/park/jbrew/Tau/Tau_github/examples/inform_run/snakemake/.snakemake/slurm_logs/rule_estimate_timing/Patient7/60683951.log (check log file(s) for error details)
    shell:
        
        python scripts/estimate_timing.py             --multiplicities output/multiplicities/Patient7_multiplicities.tsv             --output_tsv output/timing_results/Patient7_timing.tsv             --output_plot output/timing_plots/Patient7_timing_plot.pdf
        
        (one of the commands exited with non-zero exit code; note that snakemake uses bash strict mode!)
    external_jobid: 60683951

[Thu Feb 27 13:37:06 2025]
Error in rule estimate_timing:
    message: SLURM-job '60683952' failed, SLURM status is: 'FAILED'. For further error details see the cluster/cloud log and the log files of the involved rule(s).
    jobid: 45
    input: output/multiplicities/Patient34_multiplicities.tsv
    output: output/timing_results/Patient34_timing.tsv, output/timing_plots/Patient34_timing_plot.pdf
    log: /n/data1/hms/dbmi/park/jbrew/Tau/Tau_github/examples/inform_run/snakemake/.snakemake/slurm_logs/rule_estimate_timing/Patient34/60683952.log (check log file(s) for error details)
    shell:
        
        python scripts/estimate_timing.py             --multiplicities output/multiplicities/Patient34_multiplicities.tsv             --output_tsv output/timing_results/Patient34_timing.tsv             --output_plot output/timing_plots/Patient34_timing_plot.pdf
        
        (one of the commands exited with non-zero exit code; note that snakemake uses bash strict mode!)
    external_jobid: 60683952

[Thu Feb 27 13:37:06 2025]
Error in rule estimate_timing:
    message: SLURM-job '60683953' failed, SLURM status is: 'FAILED'. For further error details see the cluster/cloud log and the log files of the involved rule(s).
    jobid: 105
    input: output/multiplicities/Patient80_multiplicities.tsv
    output: output/timing_results/Patient80_timing.tsv, output/timing_plots/Patient80_timing_plot.pdf
    log: /n/data1/hms/dbmi/park/jbrew/Tau/Tau_github/examples/inform_run/snakemake/.snakemake/slurm_logs/rule_estimate_timing/Patient80/60683953.log (check log file(s) for error details)
    shell:
        
        python scripts/estimate_timing.py             --multiplicities output/multiplicities/Patient80_multiplicities.tsv             --output_tsv output/timing_results/Patient80_timing.tsv             --output_plot output/timing_plots/Patient80_timing_plot.pdf
        
        (one of the commands exited with non-zero exit code; note that snakemake uses bash strict mode!)
    external_jobid: 60683953

[Thu Feb 27 13:37:06 2025]
Error in rule estimate_timing:
    message: SLURM-job '60683954' failed, SLURM status is: 'FAILED'. For further error details see the cluster/cloud log and the log files of the involved rule(s).
    jobid: 49
    input: output/multiplicities/Patient37_multiplicities.tsv
    output: output/timing_results/Patient37_timing.tsv, output/timing_plots/Patient37_timing_plot.pdf
    log: /n/data1/hms/dbmi/park/jbrew/Tau/Tau_github/examples/inform_run/snakemake/.snakemake/slurm_logs/rule_estimate_timing/Patient37/60683954.log (check log file(s) for error details)
    shell:
        
        python scripts/estimate_timing.py             --multiplicities output/multiplicities/Patient37_multiplicities.tsv             --output_tsv output/timing_results/Patient37_timing.tsv             --output_plot output/timing_plots/Patient37_timing_plot.pdf
        
        (one of the commands exited with non-zero exit code; note that snakemake uses bash strict mode!)
    external_jobid: 60683954

Trying to restart job 117.
Trying to restart job 13.
Trying to restart job 97.
[Thu Feb 27 13:38:26 2025]
Error in rule estimate_timing:
    message: SLURM-job '60683875' failed, SLURM status is: 'FAILED'. For further error details see the cluster/cloud log and the log files of the involved rule(s).
    jobid: 29
    input: output/multiplicities/Patient20_multiplicities.tsv
    output: output/timing_results/Patient20_timing.tsv, output/timing_plots/Patient20_timing_plot.pdf
    log: /n/data1/hms/dbmi/park/jbrew/Tau/Tau_github/examples/inform_run/snakemake/.snakemake/slurm_logs/rule_estimate_timing/Patient20/60683875.log (check log file(s) for error details)
    shell:
        
        python scripts/estimate_timing.py             --multiplicities output/multiplicities/Patient20_multiplicities.tsv             --output_tsv output/timing_results/Patient20_timing.tsv             --output_plot output/timing_plots/Patient20_timing_plot.pdf
        
        (one of the commands exited with non-zero exit code; note that snakemake uses bash strict mode!)
    external_jobid: 60683875

[Thu Feb 27 13:38:26 2025]
Error in rule estimate_timing:
    message: SLURM-job '60683957' failed, SLURM status is: 'FAILED'. For further error details see the cluster/cloud log and the log files of the involved rule(s).
    jobid: 37
    input: output/multiplicities/Patient26_multiplicities.tsv
    output: output/timing_results/Patient26_timing.tsv, output/timing_plots/Patient26_timing_plot.pdf
    log: /n/data1/hms/dbmi/park/jbrew/Tau/Tau_github/examples/inform_run/snakemake/.snakemake/slurm_logs/rule_estimate_timing/Patient26/60683957.log (check log file(s) for error details)
    shell:
        
        python scripts/estimate_timing.py             --multiplicities output/multiplicities/Patient26_multiplicities.tsv             --output_tsv output/timing_results/Patient26_timing.tsv             --output_plot output/timing_plots/Patient26_timing_plot.pdf
        
        (one of the commands exited with non-zero exit code; note that snakemake uses bash strict mode!)
    external_jobid: 60683957

Trying to restart job 29.
Shutting down, this might take some time.
Exiting because a job execution failed. Look above for error message
Complete log: .snakemake/log/2025-02-27T132552.989189.snakemake.log
WorkflowError:
At least one job did not complete successfully.
