host: compute-p-17-181.o2.rc.hms.harvard.edu
Building DAG of jobs...
You are running snakemake in a SLURM job context. This is not recommended, as it may lead to unexpected behavior. Please run Snakemake directly on the login node.
SLURM run ID: 4c2ae6b9-d60e-4e04-8220-4f8d86d6f877
Using shell: /usr/bin/bash
Provided remote nodes: 300
Job stats:
job                      count
---------------------  -------
all                          1
calculate_likelihoods       33
count_multiplicities        33
estimate_timing             33
preprocess                  32
total                      132

Select jobs to execute...
Execute 33 jobs...

[Wed Feb 26 15:21:49 2025]
rule preprocess:
    input: /n/data1/hms/dbmi/park/jbrew/Tau/Tau_github/examples/inform_run/inform_data/INFORM_snv/Patient80.vcf, /n/data1/hms/dbmi/park/jbrew/Tau/Tau_github/examples/inform_run/inform_data/INFORM_cn/Patient80.tsv, ../inform_data/purity_ploidy_inform.txt
    output: output/preprocessed/Patient80_preprocessed.tsv
    jobid: 108
    reason: Missing output files: output/preprocessed/Patient80_preprocessed.tsv
    wildcards: sample=Patient80
    resources: mem_mb=1000, mem_mib=954, disk_mb=1000, disk_mib=954, tmpdir=<TBD>, slurm_account=park_contrib, slurm_partition=park, runtime=14400, time=5:00

Job 108 has been submitted with SLURM jobid 60621013 (log: /n/data1/hms/dbmi/park/jbrew/Tau/Tau_github/examples/inform_run/snakemake/.snakemake/slurm_logs/rule_preprocess/Patient80/60621013.log).

[Wed Feb 26 15:21:53 2025]
rule preprocess:
    input: /n/data1/hms/dbmi/park/jbrew/Tau/Tau_github/examples/inform_run/inform_data/INFORM_snv/Patient34.vcf, /n/data1/hms/dbmi/park/jbrew/Tau/Tau_github/examples/inform_run/inform_data/INFORM_cn/Patient34.tsv, ../inform_data/purity_ploidy_inform.txt
    output: output/preprocessed/Patient34_preprocessed.tsv
    jobid: 48
    reason: Missing output files: output/preprocessed/Patient34_preprocessed.tsv
    wildcards: sample=Patient34
    resources: mem_mb=1000, mem_mib=954, disk_mb=1000, disk_mib=954, tmpdir=<TBD>, slurm_account=park_contrib, slurm_partition=park, runtime=14400, time=5:00

Job 48 has been submitted with SLURM jobid 60621014 (log: /n/data1/hms/dbmi/park/jbrew/Tau/Tau_github/examples/inform_run/snakemake/.snakemake/slurm_logs/rule_preprocess/Patient34/60621014.log).

[Wed Feb 26 15:21:53 2025]
rule preprocess:
    input: /n/data1/hms/dbmi/park/jbrew/Tau/Tau_github/examples/inform_run/inform_data/INFORM_snv/Patient77.vcf, /n/data1/hms/dbmi/park/jbrew/Tau/Tau_github/examples/inform_run/inform_data/INFORM_cn/Patient77.tsv, ../inform_data/purity_ploidy_inform.txt
    output: output/preprocessed/Patient77_preprocessed.tsv
    jobid: 100
    reason: Missing output files: output/preprocessed/Patient77_preprocessed.tsv
    wildcards: sample=Patient77
    resources: mem_mb=1000, mem_mib=954, disk_mb=1000, disk_mib=954, tmpdir=<TBD>, slurm_account=park_contrib, slurm_partition=park, runtime=14400, time=5:00

Job 100 has been submitted with SLURM jobid 60621015 (log: /n/data1/hms/dbmi/park/jbrew/Tau/Tau_github/examples/inform_run/snakemake/.snakemake/slurm_logs/rule_preprocess/Patient77/60621015.log).

[Wed Feb 26 15:21:55 2025]
rule preprocess:
    input: /n/data1/hms/dbmi/park/jbrew/Tau/Tau_github/examples/inform_run/inform_data/INFORM_snv/Patient26.vcf, /n/data1/hms/dbmi/park/jbrew/Tau/Tau_github/examples/inform_run/inform_data/INFORM_cn/Patient26.tsv, ../inform_data/purity_ploidy_inform.txt
    output: output/preprocessed/Patient26_preprocessed.tsv
    jobid: 40
    reason: Missing output files: output/preprocessed/Patient26_preprocessed.tsv
    wildcards: sample=Patient26
    resources: mem_mb=1000, mem_mib=954, disk_mb=1000, disk_mib=954, tmpdir=<TBD>, slurm_account=park_contrib, slurm_partition=park, runtime=14400, time=5:00

Job 40 has been submitted with SLURM jobid 60621016 (log: /n/data1/hms/dbmi/park/jbrew/Tau/Tau_github/examples/inform_run/snakemake/.snakemake/slurm_logs/rule_preprocess/Patient26/60621016.log).

[Wed Feb 26 15:21:56 2025]
rule preprocess:
    input: /n/data1/hms/dbmi/park/jbrew/Tau/Tau_github/examples/inform_run/inform_data/INFORM_snv/Patient68.vcf, /n/data1/hms/dbmi/park/jbrew/Tau/Tau_github/examples/inform_run/inform_data/INFORM_cn/Patient68.tsv, ../inform_data/purity_ploidy_inform.txt
    output: output/preprocessed/Patient68_preprocessed.tsv
    jobid: 92
    reason: Missing output files: output/preprocessed/Patient68_preprocessed.tsv
    wildcards: sample=Patient68
    resources: mem_mb=1000, mem_mib=954, disk_mb=1000, disk_mib=954, tmpdir=<TBD>, slurm_account=park_contrib, slurm_partition=park, runtime=14400, time=5:00

Job 92 has been submitted with SLURM jobid 60621017 (log: /n/data1/hms/dbmi/park/jbrew/Tau/Tau_github/examples/inform_run/snakemake/.snakemake/slurm_logs/rule_preprocess/Patient68/60621017.log).

[Wed Feb 26 15:21:58 2025]
rule preprocess:
    input: /n/data1/hms/dbmi/park/jbrew/Tau/Tau_github/examples/inform_run/inform_data/INFORM_snv/Patient20.vcf, /n/data1/hms/dbmi/park/jbrew/Tau/Tau_github/examples/inform_run/inform_data/INFORM_cn/Patient20.tsv, ../inform_data/purity_ploidy_inform.txt
    output: output/preprocessed/Patient20_preprocessed.tsv
    jobid: 32
    reason: Missing output files: output/preprocessed/Patient20_preprocessed.tsv
    wildcards: sample=Patient20
    resources: mem_mb=1000, mem_mib=954, disk_mb=1000, disk_mib=954, tmpdir=<TBD>, slurm_account=park_contrib, slurm_partition=park, runtime=14400, time=5:00

Job 32 has been submitted with SLURM jobid 60621018 (log: /n/data1/hms/dbmi/park/jbrew/Tau/Tau_github/examples/inform_run/snakemake/.snakemake/slurm_logs/rule_preprocess/Patient20/60621018.log).

[Wed Feb 26 15:21:58 2025]
rule preprocess:
    input: /n/data1/hms/dbmi/park/jbrew/Tau/Tau_github/examples/inform_run/inform_data/INFORM_snv/Patient64.vcf, /n/data1/hms/dbmi/park/jbrew/Tau/Tau_github/examples/inform_run/inform_data/INFORM_cn/Patient64.tsv, ../inform_data/purity_ploidy_inform.txt
    output: output/preprocessed/Patient64_preprocessed.tsv
    jobid: 84
    reason: Missing output files: output/preprocessed/Patient64_preprocessed.tsv
    wildcards: sample=Patient64
    resources: mem_mb=1000, mem_mib=954, disk_mb=1000, disk_mib=954, tmpdir=<TBD>, slurm_account=park_contrib, slurm_partition=park, runtime=14400, time=5:00

Job 84 has been submitted with SLURM jobid 60621019 (log: /n/data1/hms/dbmi/park/jbrew/Tau/Tau_github/examples/inform_run/snakemake/.snakemake/slurm_logs/rule_preprocess/Patient64/60621019.log).

[Wed Feb 26 15:22:00 2025]
rule preprocess:
    input: /n/data1/hms/dbmi/park/jbrew/Tau/Tau_github/examples/inform_run/inform_data/INFORM_snv/Patient18.vcf, /n/data1/hms/dbmi/park/jbrew/Tau/Tau_github/examples/inform_run/inform_data/INFORM_cn/Patient18.tsv, ../inform_data/purity_ploidy_inform.txt
    output: output/preprocessed/Patient18_preprocessed.tsv
    jobid: 24
    reason: Missing output files: output/preprocessed/Patient18_preprocessed.tsv
    wildcards: sample=Patient18
    resources: mem_mb=1000, mem_mib=954, disk_mb=1000, disk_mib=954, tmpdir=<TBD>, slurm_account=park_contrib, slurm_partition=park, runtime=14400, time=5:00

Job 24 has been submitted with SLURM jobid 60621020 (log: /n/data1/hms/dbmi/park/jbrew/Tau/Tau_github/examples/inform_run/snakemake/.snakemake/slurm_logs/rule_preprocess/Patient18/60621020.log).

[Wed Feb 26 15:22:01 2025]
rule preprocess:
    input: /n/data1/hms/dbmi/park/jbrew/Tau/Tau_github/examples/inform_run/inform_data/INFORM_snv/Patient15.vcf, /n/data1/hms/dbmi/park/jbrew/Tau/Tau_github/examples/inform_run/inform_data/INFORM_cn/Patient15.tsv, ../inform_data/purity_ploidy_inform.txt
    output: output/preprocessed/Patient15_preprocessed.tsv
    jobid: 16
    reason: Missing output files: output/preprocessed/Patient15_preprocessed.tsv
    wildcards: sample=Patient15
    resources: mem_mb=1000, mem_mib=954, disk_mb=1000, disk_mib=954, tmpdir=<TBD>, slurm_account=park_contrib, slurm_partition=park, runtime=14400, time=5:00

Job 16 has been submitted with SLURM jobid 60621021 (log: /n/data1/hms/dbmi/park/jbrew/Tau/Tau_github/examples/inform_run/snakemake/.snakemake/slurm_logs/rule_preprocess/Patient15/60621021.log).

[Wed Feb 26 15:22:03 2025]
rule preprocess:
    input: /n/data1/hms/dbmi/park/jbrew/Tau/Tau_github/examples/inform_run/inform_data/INFORM_snv/Patient57.vcf, /n/data1/hms/dbmi/park/jbrew/Tau/Tau_github/examples/inform_run/inform_data/INFORM_cn/Patient57.tsv, ../inform_data/purity_ploidy_inform.txt
    output: output/preprocessed/Patient57_preprocessed.tsv
    jobid: 76
    reason: Missing output files: output/preprocessed/Patient57_preprocessed.tsv
    wildcards: sample=Patient57
    resources: mem_mb=1000, mem_mib=954, disk_mb=1000, disk_mib=954, tmpdir=<TBD>, slurm_account=park_contrib, slurm_partition=park, runtime=14400, time=5:00

Job 76 has been submitted with SLURM jobid 60621022 (log: /n/data1/hms/dbmi/park/jbrew/Tau/Tau_github/examples/inform_run/snakemake/.snakemake/slurm_logs/rule_preprocess/Patient57/60621022.log).

[Wed Feb 26 15:22:03 2025]
rule preprocess:
    input: /n/data1/hms/dbmi/park/jbrew/Tau/Tau_github/examples/inform_run/inform_data/INFORM_snv/Patient109.vcf, /n/data1/hms/dbmi/park/jbrew/Tau/Tau_github/examples/inform_run/inform_data/INFORM_cn/Patient109.tsv, ../inform_data/purity_ploidy_inform.txt
    output: output/preprocessed/Patient109_preprocessed.tsv
    jobid: 8
    reason: Missing output files: output/preprocessed/Patient109_preprocessed.tsv
    wildcards: sample=Patient109
    resources: mem_mb=1000, mem_mib=954, disk_mb=1000, disk_mib=954, tmpdir=<TBD>, slurm_account=park_contrib, slurm_partition=park, runtime=14400, time=5:00

Job 8 has been submitted with SLURM jobid 60621023 (log: /n/data1/hms/dbmi/park/jbrew/Tau/Tau_github/examples/inform_run/snakemake/.snakemake/slurm_logs/rule_preprocess/Patient109/60621023.log).

[Wed Feb 26 15:22:05 2025]
rule preprocess:
    input: /n/data1/hms/dbmi/park/jbrew/Tau/Tau_github/examples/inform_run/inform_data/INFORM_snv/Patient90.vcf, /n/data1/hms/dbmi/park/jbrew/Tau/Tau_github/examples/inform_run/inform_data/INFORM_cn/Patient90.tsv, ../inform_data/purity_ploidy_inform.txt
    output: output/preprocessed/Patient90_preprocessed.tsv
    jobid: 128
    reason: Missing output files: output/preprocessed/Patient90_preprocessed.tsv
    wildcards: sample=Patient90
    resources: mem_mb=1000, mem_mib=954, disk_mb=1000, disk_mib=954, tmpdir=<TBD>, slurm_account=park_contrib, slurm_partition=park, runtime=14400, time=5:00

Job 128 has been submitted with SLURM jobid 60621024 (log: /n/data1/hms/dbmi/park/jbrew/Tau/Tau_github/examples/inform_run/snakemake/.snakemake/slurm_logs/rule_preprocess/Patient90/60621024.log).

[Wed Feb 26 15:22:06 2025]
rule calculate_likelihoods:
    input: output/preprocessed/Patient65_preprocessed.tsv, ../inform_data/all_exposures_aligned_0.01_0.05_0.05_0.001_0.001_0.001_0.001_0.001_sub0.005.txt, ../inform_data/COSMIC_v3p2_SBS_WGS_MuSiCal.csv, /n/data1/hms/dbmi/park/jbrew/ref/hg19_decoy/human_g1k_v37_decoy.fasta
    output: output/likelihoods/Patient65_likelihoods.tsv
    jobid: 87
    reason: Missing output files: output/likelihoods/Patient65_likelihoods.tsv
    wildcards: sample=Patient65
    resources: mem_mb=1000, mem_mib=954, disk_mb=6091, disk_mib=5809, tmpdir=<TBD>, slurm_account=park_contrib, slurm_partition=park, runtime=14400, time=5:00

Job 87 has been submitted with SLURM jobid 60621025 (log: /n/data1/hms/dbmi/park/jbrew/Tau/Tau_github/examples/inform_run/snakemake/.snakemake/slurm_logs/rule_calculate_likelihoods/Patient65/60621025.log).

[Wed Feb 26 15:22:08 2025]
rule preprocess:
    input: /n/data1/hms/dbmi/park/jbrew/Tau/Tau_github/examples/inform_run/inform_data/INFORM_snv/Patient50.vcf, /n/data1/hms/dbmi/park/jbrew/Tau/Tau_github/examples/inform_run/inform_data/INFORM_cn/Patient50.tsv, ../inform_data/purity_ploidy_inform.txt
    output: output/preprocessed/Patient50_preprocessed.tsv
    jobid: 68
    reason: Missing output files: output/preprocessed/Patient50_preprocessed.tsv
    wildcards: sample=Patient50
    resources: mem_mb=1000, mem_mib=954, disk_mb=1000, disk_mib=954, tmpdir=<TBD>, slurm_account=park_contrib, slurm_partition=park, runtime=14400, time=5:00

Job 68 has been submitted with SLURM jobid 60621026 (log: /n/data1/hms/dbmi/park/jbrew/Tau/Tau_github/examples/inform_run/snakemake/.snakemake/slurm_logs/rule_preprocess/Patient50/60621026.log).

[Wed Feb 26 15:22:08 2025]
rule preprocess:
    input: /n/data1/hms/dbmi/park/jbrew/Tau/Tau_github/examples/inform_run/inform_data/INFORM_snv/Patient86.vcf, /n/data1/hms/dbmi/park/jbrew/Tau/Tau_github/examples/inform_run/inform_data/INFORM_cn/Patient86.tsv, ../inform_data/purity_ploidy_inform.txt
    output: output/preprocessed/Patient86_preprocessed.tsv
    jobid: 120
    reason: Missing output files: output/preprocessed/Patient86_preprocessed.tsv
    wildcards: sample=Patient86
    resources: mem_mb=1000, mem_mib=954, disk_mb=1000, disk_mib=954, tmpdir=<TBD>, slurm_account=park_contrib, slurm_partition=park, runtime=14400, time=5:00

Job 120 has been submitted with SLURM jobid 60621027 (log: /n/data1/hms/dbmi/park/jbrew/Tau/Tau_github/examples/inform_run/snakemake/.snakemake/slurm_logs/rule_preprocess/Patient86/60621027.log).

[Wed Feb 26 15:22:10 2025]
rule preprocess:
    input: /n/data1/hms/dbmi/park/jbrew/Tau/Tau_github/examples/inform_run/inform_data/INFORM_snv/Patient44.vcf, /n/data1/hms/dbmi/park/jbrew/Tau/Tau_github/examples/inform_run/inform_data/INFORM_cn/Patient44.tsv, ../inform_data/purity_ploidy_inform.txt
    output: output/preprocessed/Patient44_preprocessed.tsv
    jobid: 60
    reason: Missing output files: output/preprocessed/Patient44_preprocessed.tsv
    wildcards: sample=Patient44
    resources: mem_mb=1000, mem_mib=954, disk_mb=1000, disk_mib=954, tmpdir=<TBD>, slurm_account=park_contrib, slurm_partition=park, runtime=14400, time=5:00

Job 60 has been submitted with SLURM jobid 60621028 (log: /n/data1/hms/dbmi/park/jbrew/Tau/Tau_github/examples/inform_run/snakemake/.snakemake/slurm_logs/rule_preprocess/Patient44/60621028.log).

[Wed Feb 26 15:22:11 2025]
rule preprocess:
    input: /n/data1/hms/dbmi/park/jbrew/Tau/Tau_github/examples/inform_run/inform_data/INFORM_snv/Patient81.vcf, /n/data1/hms/dbmi/park/jbrew/Tau/Tau_github/examples/inform_run/inform_data/INFORM_cn/Patient81.tsv, ../inform_data/purity_ploidy_inform.txt
    output: output/preprocessed/Patient81_preprocessed.tsv
    jobid: 112
    reason: Missing output files: output/preprocessed/Patient81_preprocessed.tsv
    wildcards: sample=Patient81
    resources: mem_mb=1000, mem_mib=954, disk_mb=1000, disk_mib=954, tmpdir=<TBD>, slurm_account=park_contrib, slurm_partition=park, runtime=14400, time=5:00

Job 112 has been submitted with SLURM jobid 60621029 (log: /n/data1/hms/dbmi/park/jbrew/Tau/Tau_github/examples/inform_run/snakemake/.snakemake/slurm_logs/rule_preprocess/Patient81/60621029.log).

[Wed Feb 26 15:22:13 2025]
rule preprocess:
    input: /n/data1/hms/dbmi/park/jbrew/Tau/Tau_github/examples/inform_run/inform_data/INFORM_snv/Patient37.vcf, /n/data1/hms/dbmi/park/jbrew/Tau/Tau_github/examples/inform_run/inform_data/INFORM_cn/Patient37.tsv, ../inform_data/purity_ploidy_inform.txt
    output: output/preprocessed/Patient37_preprocessed.tsv
    jobid: 52
    reason: Missing output files: output/preprocessed/Patient37_preprocessed.tsv
    wildcards: sample=Patient37
    resources: mem_mb=1000, mem_mib=954, disk_mb=1000, disk_mib=954, tmpdir=<TBD>, slurm_account=park_contrib, slurm_partition=park, runtime=14400, time=5:00

Job 52 has been submitted with SLURM jobid 60621030 (log: /n/data1/hms/dbmi/park/jbrew/Tau/Tau_github/examples/inform_run/snakemake/.snakemake/slurm_logs/rule_preprocess/Patient37/60621030.log).

[Wed Feb 26 15:22:13 2025]
rule preprocess:
    input: /n/data1/hms/dbmi/park/jbrew/Tau/Tau_github/examples/inform_run/inform_data/INFORM_snv/Patient33.vcf, /n/data1/hms/dbmi/park/jbrew/Tau/Tau_github/examples/inform_run/inform_data/INFORM_cn/Patient33.tsv, ../inform_data/purity_ploidy_inform.txt
    output: output/preprocessed/Patient33_preprocessed.tsv
    jobid: 44
    reason: Missing output files: output/preprocessed/Patient33_preprocessed.tsv
    wildcards: sample=Patient33
    resources: mem_mb=1000, mem_mib=954, disk_mb=1000, disk_mib=954, tmpdir=<TBD>, slurm_account=park_contrib, slurm_partition=park, runtime=14400, time=5:00

Job 44 has been submitted with SLURM jobid 60621031 (log: /n/data1/hms/dbmi/park/jbrew/Tau/Tau_github/examples/inform_run/snakemake/.snakemake/slurm_logs/rule_preprocess/Patient33/60621031.log).

[Wed Feb 26 15:22:15 2025]
rule preprocess:
    input: /n/data1/hms/dbmi/park/jbrew/Tau/Tau_github/examples/inform_run/inform_data/INFORM_snv/Patient7.vcf, /n/data1/hms/dbmi/park/jbrew/Tau/Tau_github/examples/inform_run/inform_data/INFORM_cn/Patient7.tsv, ../inform_data/purity_ploidy_inform.txt
    output: output/preprocessed/Patient7_preprocessed.tsv
    jobid: 104
    reason: Missing output files: output/preprocessed/Patient7_preprocessed.tsv
    wildcards: sample=Patient7
    resources: mem_mb=1000, mem_mib=954, disk_mb=1000, disk_mib=954, tmpdir=<TBD>, slurm_account=park_contrib, slurm_partition=park, runtime=14400, time=5:00

Job 104 has been submitted with SLURM jobid 60621032 (log: /n/data1/hms/dbmi/park/jbrew/Tau/Tau_github/examples/inform_run/snakemake/.snakemake/slurm_logs/rule_preprocess/Patient7/60621032.log).

[Wed Feb 26 15:22:16 2025]
rule preprocess:
    input: /n/data1/hms/dbmi/park/jbrew/Tau/Tau_github/examples/inform_run/inform_data/INFORM_snv/Patient25.vcf, /n/data1/hms/dbmi/park/jbrew/Tau/Tau_github/examples/inform_run/inform_data/INFORM_cn/Patient25.tsv, ../inform_data/purity_ploidy_inform.txt
    output: output/preprocessed/Patient25_preprocessed.tsv
    jobid: 36
    reason: Missing output files: output/preprocessed/Patient25_preprocessed.tsv
    wildcards: sample=Patient25
    resources: mem_mb=1000, mem_mib=954, disk_mb=1000, disk_mib=954, tmpdir=<TBD>, slurm_account=park_contrib, slurm_partition=park, runtime=14400, time=5:00

Job 36 has been submitted with SLURM jobid 60621033 (log: /n/data1/hms/dbmi/park/jbrew/Tau/Tau_github/examples/inform_run/snakemake/.snakemake/slurm_logs/rule_preprocess/Patient25/60621033.log).

[Wed Feb 26 15:22:18 2025]
rule preprocess:
    input: /n/data1/hms/dbmi/park/jbrew/Tau/Tau_github/examples/inform_run/inform_data/INFORM_snv/Patient101.vcf, /n/data1/hms/dbmi/park/jbrew/Tau/Tau_github/examples/inform_run/inform_data/INFORM_cn/Patient101.tsv, ../inform_data/purity_ploidy_inform.txt
    output: output/preprocessed/Patient101_preprocessed.tsv
    jobid: 4
    reason: Missing output files: output/preprocessed/Patient101_preprocessed.tsv
    wildcards: sample=Patient101
    resources: mem_mb=1000, mem_mib=954, disk_mb=1000, disk_mib=954, tmpdir=<TBD>, slurm_account=park_contrib, slurm_partition=park, runtime=14400, time=5:00

Job 4 has been submitted with SLURM jobid 60621034 (log: /n/data1/hms/dbmi/park/jbrew/Tau/Tau_github/examples/inform_run/snakemake/.snakemake/slurm_logs/rule_preprocess/Patient101/60621034.log).

[Wed Feb 26 15:22:18 2025]
rule preprocess:
    input: /n/data1/hms/dbmi/park/jbrew/Tau/Tau_github/examples/inform_run/inform_data/INFORM_snv/Patient76.vcf, /n/data1/hms/dbmi/park/jbrew/Tau/Tau_github/examples/inform_run/inform_data/INFORM_cn/Patient76.tsv, ../inform_data/purity_ploidy_inform.txt
    output: output/preprocessed/Patient76_preprocessed.tsv
    jobid: 96
    reason: Missing output files: output/preprocessed/Patient76_preprocessed.tsv
    wildcards: sample=Patient76
    resources: mem_mb=1000, mem_mib=954, disk_mb=1000, disk_mib=954, tmpdir=<TBD>, slurm_account=park_contrib, slurm_partition=park, runtime=14400, time=5:00

Job 96 has been submitted with SLURM jobid 60621035 (log: /n/data1/hms/dbmi/park/jbrew/Tau/Tau_github/examples/inform_run/snakemake/.snakemake/slurm_logs/rule_preprocess/Patient76/60621035.log).

[Wed Feb 26 15:22:18 2025]
rule preprocess:
    input: /n/data1/hms/dbmi/park/jbrew/Tau/Tau_github/examples/inform_run/inform_data/INFORM_snv/Patient1.vcf, /n/data1/hms/dbmi/park/jbrew/Tau/Tau_github/examples/inform_run/inform_data/INFORM_cn/Patient1.tsv, ../inform_data/purity_ploidy_inform.txt
    output: output/preprocessed/Patient1_preprocessed.tsv
    jobid: 28
    reason: Missing output files: output/preprocessed/Patient1_preprocessed.tsv
    wildcards: sample=Patient1
    resources: mem_mb=1000, mem_mib=954, disk_mb=1000, disk_mib=954, tmpdir=<TBD>, slurm_account=park_contrib, slurm_partition=park, runtime=14400, time=5:00

Job 28 has been submitted with SLURM jobid 60621036 (log: /n/data1/hms/dbmi/park/jbrew/Tau/Tau_github/examples/inform_run/snakemake/.snakemake/slurm_logs/rule_preprocess/Patient1/60621036.log).

[Wed Feb 26 15:22:21 2025]
rule preprocess:
    input: /n/data1/hms/dbmi/park/jbrew/Tau/Tau_github/examples/inform_run/inform_data/INFORM_snv/Patient17.vcf, /n/data1/hms/dbmi/park/jbrew/Tau/Tau_github/examples/inform_run/inform_data/INFORM_cn/Patient17.tsv, ../inform_data/purity_ploidy_inform.txt
    output: output/preprocessed/Patient17_preprocessed.tsv
    jobid: 20
    reason: Missing output files: output/preprocessed/Patient17_preprocessed.tsv
    wildcards: sample=Patient17
    resources: mem_mb=1000, mem_mib=954, disk_mb=1000, disk_mib=954, tmpdir=<TBD>, slurm_account=park_contrib, slurm_partition=park, runtime=14400, time=5:00

Job 20 has been submitted with SLURM jobid 60621038 (log: /n/data1/hms/dbmi/park/jbrew/Tau/Tau_github/examples/inform_run/snakemake/.snakemake/slurm_logs/rule_preprocess/Patient17/60621038.log).

[Wed Feb 26 15:22:21 2025]
rule preprocess:
    input: /n/data1/hms/dbmi/park/jbrew/Tau/Tau_github/examples/inform_run/inform_data/INFORM_snv/Patient58.vcf, /n/data1/hms/dbmi/park/jbrew/Tau/Tau_github/examples/inform_run/inform_data/INFORM_cn/Patient58.tsv, ../inform_data/purity_ploidy_inform.txt
    output: output/preprocessed/Patient58_preprocessed.tsv
    jobid: 80
    reason: Missing output files: output/preprocessed/Patient58_preprocessed.tsv
    wildcards: sample=Patient58
    resources: mem_mb=1000, mem_mib=954, disk_mb=1000, disk_mib=954, tmpdir=<TBD>, slurm_account=park_contrib, slurm_partition=park, runtime=14400, time=5:00

Job 80 has been submitted with SLURM jobid 60621039 (log: /n/data1/hms/dbmi/park/jbrew/Tau/Tau_github/examples/inform_run/snakemake/.snakemake/slurm_logs/rule_preprocess/Patient58/60621039.log).

[Wed Feb 26 15:22:21 2025]
rule preprocess:
    input: /n/data1/hms/dbmi/park/jbrew/Tau/Tau_github/examples/inform_run/inform_data/INFORM_snv/Patient55.vcf, /n/data1/hms/dbmi/park/jbrew/Tau/Tau_github/examples/inform_run/inform_data/INFORM_cn/Patient55.tsv, ../inform_data/purity_ploidy_inform.txt
    output: output/preprocessed/Patient55_preprocessed.tsv
    jobid: 72
    reason: Missing output files: output/preprocessed/Patient55_preprocessed.tsv
    wildcards: sample=Patient55
    resources: mem_mb=1000, mem_mib=954, disk_mb=1000, disk_mib=954, tmpdir=<TBD>, slurm_account=park_contrib, slurm_partition=park, runtime=14400, time=5:00

Job 72 has been submitted with SLURM jobid 60621040 (log: /n/data1/hms/dbmi/park/jbrew/Tau/Tau_github/examples/inform_run/snakemake/.snakemake/slurm_logs/rule_preprocess/Patient55/60621040.log).

[Wed Feb 26 15:22:21 2025]
rule preprocess:
    input: /n/data1/hms/dbmi/park/jbrew/Tau/Tau_github/examples/inform_run/inform_data/INFORM_snv/Patient113.vcf, /n/data1/hms/dbmi/park/jbrew/Tau/Tau_github/examples/inform_run/inform_data/INFORM_cn/Patient113.tsv, ../inform_data/purity_ploidy_inform.txt
    output: output/preprocessed/Patient113_preprocessed.tsv
    jobid: 12
    reason: Missing output files: output/preprocessed/Patient113_preprocessed.tsv
    wildcards: sample=Patient113
    resources: mem_mb=1000, mem_mib=954, disk_mb=1000, disk_mib=954, tmpdir=<TBD>, slurm_account=park_contrib, slurm_partition=park, runtime=14400, time=5:00

Job 12 has been submitted with SLURM jobid 60621041 (log: /n/data1/hms/dbmi/park/jbrew/Tau/Tau_github/examples/inform_run/snakemake/.snakemake/slurm_logs/rule_preprocess/Patient113/60621041.log).

[Wed Feb 26 15:22:22 2025]
rule preprocess:
    input: /n/data1/hms/dbmi/park/jbrew/Tau/Tau_github/examples/inform_run/inform_data/INFORM_snv/Patient94.vcf, /n/data1/hms/dbmi/park/jbrew/Tau/Tau_github/examples/inform_run/inform_data/INFORM_cn/Patient94.tsv, ../inform_data/purity_ploidy_inform.txt
    output: output/preprocessed/Patient94_preprocessed.tsv
    jobid: 132
    reason: Missing output files: output/preprocessed/Patient94_preprocessed.tsv
    wildcards: sample=Patient94
    resources: mem_mb=1000, mem_mib=954, disk_mb=1000, disk_mib=954, tmpdir=<TBD>, slurm_account=park_contrib, slurm_partition=park, runtime=14400, time=5:00

Job 132 has been submitted with SLURM jobid 60621042 (log: /n/data1/hms/dbmi/park/jbrew/Tau/Tau_github/examples/inform_run/snakemake/.snakemake/slurm_logs/rule_preprocess/Patient94/60621042.log).

[Wed Feb 26 15:22:22 2025]
rule preprocess:
    input: /n/data1/hms/dbmi/park/jbrew/Tau/Tau_github/examples/inform_run/inform_data/INFORM_snv/Patient47.vcf, /n/data1/hms/dbmi/park/jbrew/Tau/Tau_github/examples/inform_run/inform_data/INFORM_cn/Patient47.tsv, ../inform_data/purity_ploidy_inform.txt
    output: output/preprocessed/Patient47_preprocessed.tsv
    jobid: 64
    reason: Missing output files: output/preprocessed/Patient47_preprocessed.tsv
    wildcards: sample=Patient47
    resources: mem_mb=1000, mem_mib=954, disk_mb=1000, disk_mib=954, tmpdir=<TBD>, slurm_account=park_contrib, slurm_partition=park, runtime=14400, time=5:00

Job 64 has been submitted with SLURM jobid 60621043 (log: /n/data1/hms/dbmi/park/jbrew/Tau/Tau_github/examples/inform_run/snakemake/.snakemake/slurm_logs/rule_preprocess/Patient47/60621043.log).

[Wed Feb 26 15:22:22 2025]
rule preprocess:
    input: /n/data1/hms/dbmi/park/jbrew/Tau/Tau_github/examples/inform_run/inform_data/INFORM_snv/Patient87.vcf, /n/data1/hms/dbmi/park/jbrew/Tau/Tau_github/examples/inform_run/inform_data/INFORM_cn/Patient87.tsv, ../inform_data/purity_ploidy_inform.txt
    output: output/preprocessed/Patient87_preprocessed.tsv
    jobid: 124
    reason: Missing output files: output/preprocessed/Patient87_preprocessed.tsv
    wildcards: sample=Patient87
    resources: mem_mb=1000, mem_mib=954, disk_mb=1000, disk_mib=954, tmpdir=<TBD>, slurm_account=park_contrib, slurm_partition=park, runtime=14400, time=5:00

Job 124 has been submitted with SLURM jobid 60621044 (log: /n/data1/hms/dbmi/park/jbrew/Tau/Tau_github/examples/inform_run/snakemake/.snakemake/slurm_logs/rule_preprocess/Patient87/60621044.log).

[Wed Feb 26 15:22:22 2025]
rule preprocess:
    input: /n/data1/hms/dbmi/park/jbrew/Tau/Tau_github/examples/inform_run/inform_data/INFORM_snv/Patient43.vcf, /n/data1/hms/dbmi/park/jbrew/Tau/Tau_github/examples/inform_run/inform_data/INFORM_cn/Patient43.tsv, ../inform_data/purity_ploidy_inform.txt
    output: output/preprocessed/Patient43_preprocessed.tsv
    jobid: 56
    reason: Missing output files: output/preprocessed/Patient43_preprocessed.tsv
    wildcards: sample=Patient43
    resources: mem_mb=1000, mem_mib=954, disk_mb=1000, disk_mib=954, tmpdir=<TBD>, slurm_account=park_contrib, slurm_partition=park, runtime=14400, time=5:00

Job 56 has been submitted with SLURM jobid 60621045 (log: /n/data1/hms/dbmi/park/jbrew/Tau/Tau_github/examples/inform_run/snakemake/.snakemake/slurm_logs/rule_preprocess/Patient43/60621045.log).

[Wed Feb 26 15:22:23 2025]
rule preprocess:
    input: /n/data1/hms/dbmi/park/jbrew/Tau/Tau_github/examples/inform_run/inform_data/INFORM_snv/Patient82.vcf, /n/data1/hms/dbmi/park/jbrew/Tau/Tau_github/examples/inform_run/inform_data/INFORM_cn/Patient82.tsv, ../inform_data/purity_ploidy_inform.txt
    output: output/preprocessed/Patient82_preprocessed.tsv
    jobid: 116
    reason: Missing output files: output/preprocessed/Patient82_preprocessed.tsv
    wildcards: sample=Patient82
    resources: mem_mb=1000, mem_mib=954, disk_mb=1000, disk_mib=954, tmpdir=<TBD>, slurm_account=park_contrib, slurm_partition=park, runtime=14400, time=5:00

Job 116 has been submitted with SLURM jobid 60621047 (log: /n/data1/hms/dbmi/park/jbrew/Tau/Tau_github/examples/inform_run/snakemake/.snakemake/slurm_logs/rule_preprocess/Patient82/60621047.log).
[Wed Feb 26 15:24:45 2025]
Finished job 108.
1 of 132 steps (1%) done
Select jobs to execute...
Execute 1 jobs...

[Wed Feb 26 15:24:45 2025]
rule calculate_likelihoods:
    input: output/preprocessed/Patient80_preprocessed.tsv, ../inform_data/all_exposures_aligned_0.01_0.05_0.05_0.001_0.001_0.001_0.001_0.001_sub0.005.txt, ../inform_data/COSMIC_v3p2_SBS_WGS_MuSiCal.csv, /n/data1/hms/dbmi/park/jbrew/ref/hg19_decoy/human_g1k_v37_decoy.fasta
    output: output/likelihoods/Patient80_likelihoods.tsv
    jobid: 107
    reason: Missing output files: output/likelihoods/Patient80_likelihoods.tsv; Input files updated by another job: output/preprocessed/Patient80_preprocessed.tsv
    wildcards: sample=Patient80
    resources: mem_mb=1000, mem_mib=954, disk_mb=6090, disk_mib=5808, tmpdir=<TBD>, slurm_account=park_contrib, slurm_partition=park, runtime=14400, time=5:00

[Wed Feb 26 15:24:45 2025]
Error in rule preprocess:
    message: SLURM-job '60621015' failed, SLURM status is: 'FAILED'. For further error details see the cluster/cloud log and the log files of the involved rule(s).
    jobid: 100
    input: /n/data1/hms/dbmi/park/jbrew/Tau/Tau_github/examples/inform_run/inform_data/INFORM_snv/Patient77.vcf, /n/data1/hms/dbmi/park/jbrew/Tau/Tau_github/examples/inform_run/inform_data/INFORM_cn/Patient77.tsv, ../inform_data/purity_ploidy_inform.txt
    output: output/preprocessed/Patient77_preprocessed.tsv
    log: /n/data1/hms/dbmi/park/jbrew/Tau/Tau_github/examples/inform_run/snakemake/.snakemake/slurm_logs/rule_preprocess/Patient77/60621015.log (check log file(s) for error details)
    shell:
        
        python scripts/preprocess.py             --sample Patient77             --snv /n/data1/hms/dbmi/park/jbrew/Tau/Tau_github/examples/inform_run/inform_data/INFORM_snv/Patient77.vcf             --cnv /n/data1/hms/dbmi/park/jbrew/Tau/Tau_github/examples/inform_run/inform_data/INFORM_cn/Patient77.tsv             --purity ../inform_data/purity_ploidy_inform.txt             --output output/preprocessed/Patient77_preprocessed.tsv
        
        (one of the commands exited with non-zero exit code; note that snakemake uses bash strict mode!)
    external_jobid: 60621015

[Wed Feb 26 15:24:45 2025]
Error in rule preprocess:
    message: SLURM-job '60621021' failed, SLURM status is: 'FAILED'. For further error details see the cluster/cloud log and the log files of the involved rule(s).
    jobid: 16
    input: /n/data1/hms/dbmi/park/jbrew/Tau/Tau_github/examples/inform_run/inform_data/INFORM_snv/Patient15.vcf, /n/data1/hms/dbmi/park/jbrew/Tau/Tau_github/examples/inform_run/inform_data/INFORM_cn/Patient15.tsv, ../inform_data/purity_ploidy_inform.txt
    output: output/preprocessed/Patient15_preprocessed.tsv
    log: /n/data1/hms/dbmi/park/jbrew/Tau/Tau_github/examples/inform_run/snakemake/.snakemake/slurm_logs/rule_preprocess/Patient15/60621021.log (check log file(s) for error details)
    shell:
        
        python scripts/preprocess.py             --sample Patient15             --snv /n/data1/hms/dbmi/park/jbrew/Tau/Tau_github/examples/inform_run/inform_data/INFORM_snv/Patient15.vcf             --cnv /n/data1/hms/dbmi/park/jbrew/Tau/Tau_github/examples/inform_run/inform_data/INFORM_cn/Patient15.tsv             --purity ../inform_data/purity_ploidy_inform.txt             --output output/preprocessed/Patient15_preprocessed.tsv
        
        (one of the commands exited with non-zero exit code; note that snakemake uses bash strict mode!)
    external_jobid: 60621021

[Wed Feb 26 15:24:45 2025]
Error in rule calculate_likelihoods:
    message: SLURM-job '60621025' failed, SLURM status is: 'FAILED'. For further error details see the cluster/cloud log and the log files of the involved rule(s).
    jobid: 87
    input: output/preprocessed/Patient65_preprocessed.tsv, ../inform_data/all_exposures_aligned_0.01_0.05_0.05_0.001_0.001_0.001_0.001_0.001_sub0.005.txt, ../inform_data/COSMIC_v3p2_SBS_WGS_MuSiCal.csv, /n/data1/hms/dbmi/park/jbrew/ref/hg19_decoy/human_g1k_v37_decoy.fasta
    output: output/likelihoods/Patient65_likelihoods.tsv
    log: /n/data1/hms/dbmi/park/jbrew/Tau/Tau_github/examples/inform_run/snakemake/.snakemake/slurm_logs/rule_calculate_likelihoods/Patient65/60621025.log (check log file(s) for error details)
    shell:
        
        python scripts/calculate_likelihoods.py             --sample Patient65             --preprocessed_file output/preprocessed/Patient65_preprocessed.tsv             --exposure ../inform_data/all_exposures_aligned_0.01_0.05_0.05_0.001_0.001_0.001_0.001_0.001_sub0.005.txt             --signature ../inform_data/COSMIC_v3p2_SBS_WGS_MuSiCal.csv             --output output/likelihoods/Patient65_likelihoods.tsv             --ref_genome /n/data1/hms/dbmi/park/jbrew/ref/hg19_decoy/human_g1k_v37_decoy.fasta
        
        (one of the commands exited with non-zero exit code; note that snakemake uses bash strict mode!)
    external_jobid: 60621025

[Wed Feb 26 15:24:45 2025]
Error in rule preprocess:
    message: SLURM-job '60621027' failed, SLURM status is: 'FAILED'. For further error details see the cluster/cloud log and the log files of the involved rule(s).
    jobid: 120
    input: /n/data1/hms/dbmi/park/jbrew/Tau/Tau_github/examples/inform_run/inform_data/INFORM_snv/Patient86.vcf, /n/data1/hms/dbmi/park/jbrew/Tau/Tau_github/examples/inform_run/inform_data/INFORM_cn/Patient86.tsv, ../inform_data/purity_ploidy_inform.txt
    output: output/preprocessed/Patient86_preprocessed.tsv
    log: /n/data1/hms/dbmi/park/jbrew/Tau/Tau_github/examples/inform_run/snakemake/.snakemake/slurm_logs/rule_preprocess/Patient86/60621027.log (check log file(s) for error details)
    shell:
        
        python scripts/preprocess.py             --sample Patient86             --snv /n/data1/hms/dbmi/park/jbrew/Tau/Tau_github/examples/inform_run/inform_data/INFORM_snv/Patient86.vcf             --cnv /n/data1/hms/dbmi/park/jbrew/Tau/Tau_github/examples/inform_run/inform_data/INFORM_cn/Patient86.tsv             --purity ../inform_data/purity_ploidy_inform.txt             --output output/preprocessed/Patient86_preprocessed.tsv
        
        (one of the commands exited with non-zero exit code; note that snakemake uses bash strict mode!)
    external_jobid: 60621027

Job 107 has been submitted with SLURM jobid 60621100 (log: /n/data1/hms/dbmi/park/jbrew/Tau/Tau_github/examples/inform_run/snakemake/.snakemake/slurm_logs/rule_calculate_likelihoods/Patient80/60621100.log).
[Wed Feb 26 15:24:45 2025]
Finished job 48.
2 of 132 steps (2%) done
[Wed Feb 26 15:24:45 2025]
Finished job 40.
3 of 132 steps (2%) done
[Wed Feb 26 15:24:45 2025]
Finished job 92.
4 of 132 steps (3%) done
[Wed Feb 26 15:24:45 2025]
Finished job 32.
5 of 132 steps (4%) done
[Wed Feb 26 15:24:45 2025]
Finished job 84.
6 of 132 steps (5%) done
[Wed Feb 26 15:24:45 2025]
Finished job 24.
7 of 132 steps (5%) done
[Wed Feb 26 15:24:45 2025]
Finished job 76.
8 of 132 steps (6%) done
[Wed Feb 26 15:24:45 2025]
Finished job 8.
9 of 132 steps (7%) done
[Wed Feb 26 15:24:45 2025]
Finished job 128.
10 of 132 steps (8%) done
[Wed Feb 26 15:24:45 2025]
Finished job 68.
11 of 132 steps (8%) done
[Wed Feb 26 15:24:46 2025]
Finished job 60.
12 of 132 steps (9%) done
[Wed Feb 26 15:24:46 2025]
Finished job 112.
13 of 132 steps (10%) done
[Wed Feb 26 15:24:46 2025]
Finished job 52.
14 of 132 steps (11%) done
[Wed Feb 26 15:24:46 2025]
Finished job 44.
15 of 132 steps (11%) done
[Wed Feb 26 15:24:46 2025]
Finished job 104.
16 of 132 steps (12%) done
[Wed Feb 26 15:24:46 2025]
Finished job 36.
17 of 132 steps (13%) done
[Wed Feb 26 15:24:46 2025]
Finished job 4.
18 of 132 steps (14%) done
[Wed Feb 26 15:24:46 2025]
Finished job 96.
19 of 132 steps (14%) done
[Wed Feb 26 15:24:46 2025]
Finished job 28.
20 of 132 steps (15%) done
[Wed Feb 26 15:24:46 2025]
Finished job 20.
21 of 132 steps (16%) done
[Wed Feb 26 15:24:46 2025]
Finished job 80.
22 of 132 steps (17%) done
[Wed Feb 26 15:24:46 2025]
Finished job 72.
23 of 132 steps (17%) done
[Wed Feb 26 15:24:46 2025]
Finished job 12.
24 of 132 steps (18%) done
[Wed Feb 26 15:24:46 2025]
Finished job 132.
25 of 132 steps (19%) done
[Wed Feb 26 15:24:46 2025]
Finished job 64.
26 of 132 steps (20%) done
[Wed Feb 26 15:24:46 2025]
Finished job 124.
27 of 132 steps (20%) done
[Wed Feb 26 15:24:46 2025]
Finished job 56.
28 of 132 steps (21%) done
[Wed Feb 26 15:24:46 2025]
Finished job 116.
29 of 132 steps (22%) done
Trying to restart job 100.
Trying to restart job 16.
Trying to restart job 87.
Trying to restart job 120.
Select jobs to execute...
Execute 32 jobs...

[Wed Feb 26 15:24:46 2025]
rule calculate_likelihoods:
    input: output/preprocessed/Patient109_preprocessed.tsv, ../inform_data/all_exposures_aligned_0.01_0.05_0.05_0.001_0.001_0.001_0.001_0.001_sub0.005.txt, ../inform_data/COSMIC_v3p2_SBS_WGS_MuSiCal.csv, /n/data1/hms/dbmi/park/jbrew/ref/hg19_decoy/human_g1k_v37_decoy.fasta
    output: output/likelihoods/Patient109_likelihoods.tsv
    jobid: 7
    reason: Missing output files: output/likelihoods/Patient109_likelihoods.tsv; Input files updated by another job: output/preprocessed/Patient109_preprocessed.tsv
    wildcards: sample=Patient109
    resources: mem_mb=1000, mem_mib=954, disk_mb=6093, disk_mib=5811, tmpdir=<TBD>, slurm_account=park_contrib, slurm_partition=park, runtime=14400, time=5:00

Job 7 has been submitted with SLURM jobid 60621101 (log: /n/data1/hms/dbmi/park/jbrew/Tau/Tau_github/examples/inform_run/snakemake/.snakemake/slurm_logs/rule_calculate_likelihoods/Patient109/60621101.log).

[Wed Feb 26 15:24:47 2025]
rule calculate_likelihoods:
    input: output/preprocessed/Patient90_preprocessed.tsv, ../inform_data/all_exposures_aligned_0.01_0.05_0.05_0.001_0.001_0.001_0.001_0.001_sub0.005.txt, ../inform_data/COSMIC_v3p2_SBS_WGS_MuSiCal.csv, /n/data1/hms/dbmi/park/jbrew/ref/hg19_decoy/human_g1k_v37_decoy.fasta
    output: output/likelihoods/Patient90_likelihoods.tsv
    jobid: 127
    reason: Missing output files: output/likelihoods/Patient90_likelihoods.tsv; Input files updated by another job: output/preprocessed/Patient90_preprocessed.tsv
    wildcards: sample=Patient90
    resources: mem_mb=1000, mem_mib=954, disk_mb=6091, disk_mib=5809, tmpdir=<TBD>, slurm_account=park_contrib, slurm_partition=park, runtime=14400, time=5:00

Job 127 has been submitted with SLURM jobid 60621102 (log: /n/data1/hms/dbmi/park/jbrew/Tau/Tau_github/examples/inform_run/snakemake/.snakemake/slurm_logs/rule_calculate_likelihoods/Patient90/60621102.log).

[Wed Feb 26 15:24:47 2025]
rule calculate_likelihoods:
    input: output/preprocessed/Patient50_preprocessed.tsv, ../inform_data/all_exposures_aligned_0.01_0.05_0.05_0.001_0.001_0.001_0.001_0.001_sub0.005.txt, ../inform_data/COSMIC_v3p2_SBS_WGS_MuSiCal.csv, /n/data1/hms/dbmi/park/jbrew/ref/hg19_decoy/human_g1k_v37_decoy.fasta
    output: output/likelihoods/Patient50_likelihoods.tsv
    jobid: 67
    reason: Missing output files: output/likelihoods/Patient50_likelihoods.tsv; Input files updated by another job: output/preprocessed/Patient50_preprocessed.tsv
    wildcards: sample=Patient50
    resources: mem_mb=1000, mem_mib=954, disk_mb=6087, disk_mib=5806, tmpdir=<TBD>, slurm_account=park_contrib, slurm_partition=park, runtime=14400, time=5:00

Job 67 has been submitted with SLURM jobid 60621103 (log: /n/data1/hms/dbmi/park/jbrew/Tau/Tau_github/examples/inform_run/snakemake/.snakemake/slurm_logs/rule_calculate_likelihoods/Patient50/60621103.log).

[Wed Feb 26 15:24:47 2025]
rule preprocess:
    input: /n/data1/hms/dbmi/park/jbrew/Tau/Tau_github/examples/inform_run/inform_data/INFORM_snv/Patient77.vcf, /n/data1/hms/dbmi/park/jbrew/Tau/Tau_github/examples/inform_run/inform_data/INFORM_cn/Patient77.tsv, ../inform_data/purity_ploidy_inform.txt
    output: output/preprocessed/Patient77_preprocessed.tsv
    jobid: 100
    reason: Missing output files: output/preprocessed/Patient77_preprocessed.tsv
    wildcards: sample=Patient77
    resources: mem_mb=2000, mem_mib=1908, disk_mb=1000, disk_mib=954, tmpdir=<TBD>, slurm_account=park_contrib, slurm_partition=park, runtime=14400, time=5:00

Job 100 has been submitted with SLURM jobid 60621104 (log: /n/data1/hms/dbmi/park/jbrew/Tau/Tau_github/examples/inform_run/snakemake/.snakemake/slurm_logs/rule_preprocess/Patient77/60621104.log).

[Wed Feb 26 15:24:47 2025]
rule calculate_likelihoods:
    input: output/preprocessed/Patient44_preprocessed.tsv, ../inform_data/all_exposures_aligned_0.01_0.05_0.05_0.001_0.001_0.001_0.001_0.001_sub0.005.txt, ../inform_data/COSMIC_v3p2_SBS_WGS_MuSiCal.csv, /n/data1/hms/dbmi/park/jbrew/ref/hg19_decoy/human_g1k_v37_decoy.fasta
    output: output/likelihoods/Patient44_likelihoods.tsv
    jobid: 59
    reason: Missing output files: output/likelihoods/Patient44_likelihoods.tsv; Input files updated by another job: output/preprocessed/Patient44_preprocessed.tsv
    wildcards: sample=Patient44
    resources: mem_mb=1000, mem_mib=954, disk_mb=6089, disk_mib=5807, tmpdir=<TBD>, slurm_account=park_contrib, slurm_partition=park, runtime=14400, time=5:00

Job 59 has been submitted with SLURM jobid 60621105 (log: /n/data1/hms/dbmi/park/jbrew/Tau/Tau_github/examples/inform_run/snakemake/.snakemake/slurm_logs/rule_calculate_likelihoods/Patient44/60621105.log).

[Wed Feb 26 15:24:48 2025]
rule calculate_likelihoods:
    input: output/preprocessed/Patient81_preprocessed.tsv, ../inform_data/all_exposures_aligned_0.01_0.05_0.05_0.001_0.001_0.001_0.001_0.001_sub0.005.txt, ../inform_data/COSMIC_v3p2_SBS_WGS_MuSiCal.csv, /n/data1/hms/dbmi/park/jbrew/ref/hg19_decoy/human_g1k_v37_decoy.fasta
    output: output/likelihoods/Patient81_likelihoods.tsv
    jobid: 111
    reason: Missing output files: output/likelihoods/Patient81_likelihoods.tsv; Input files updated by another job: output/preprocessed/Patient81_preprocessed.tsv
    wildcards: sample=Patient81
    resources: mem_mb=1000, mem_mib=954, disk_mb=6088, disk_mib=5806, tmpdir=<TBD>, slurm_account=park_contrib, slurm_partition=park, runtime=14400, time=5:00

Job 111 has been submitted with SLURM jobid 60621106 (log: /n/data1/hms/dbmi/park/jbrew/Tau/Tau_github/examples/inform_run/snakemake/.snakemake/slurm_logs/rule_calculate_likelihoods/Patient81/60621106.log).

[Wed Feb 26 15:24:48 2025]
rule calculate_likelihoods:
    input: output/preprocessed/Patient37_preprocessed.tsv, ../inform_data/all_exposures_aligned_0.01_0.05_0.05_0.001_0.001_0.001_0.001_0.001_sub0.005.txt, ../inform_data/COSMIC_v3p2_SBS_WGS_MuSiCal.csv, /n/data1/hms/dbmi/park/jbrew/ref/hg19_decoy/human_g1k_v37_decoy.fasta
    output: output/likelihoods/Patient37_likelihoods.tsv
    jobid: 51
    reason: Missing output files: output/likelihoods/Patient37_likelihoods.tsv; Input files updated by another job: output/preprocessed/Patient37_preprocessed.tsv
    wildcards: sample=Patient37
    resources: mem_mb=1000, mem_mib=954, disk_mb=6092, disk_mib=5810, tmpdir=<TBD>, slurm_account=park_contrib, slurm_partition=park, runtime=14400, time=5:00

Job 51 has been submitted with SLURM jobid 60621107 (log: /n/data1/hms/dbmi/park/jbrew/Tau/Tau_github/examples/inform_run/snakemake/.snakemake/slurm_logs/rule_calculate_likelihoods/Patient37/60621107.log).

[Wed Feb 26 15:24:48 2025]
rule calculate_likelihoods:
    input: output/preprocessed/Patient7_preprocessed.tsv, ../inform_data/all_exposures_aligned_0.01_0.05_0.05_0.001_0.001_0.001_0.001_0.001_sub0.005.txt, ../inform_data/COSMIC_v3p2_SBS_WGS_MuSiCal.csv, /n/data1/hms/dbmi/park/jbrew/ref/hg19_decoy/human_g1k_v37_decoy.fasta
    output: output/likelihoods/Patient7_likelihoods.tsv
    jobid: 103
    reason: Missing output files: output/likelihoods/Patient7_likelihoods.tsv; Input files updated by another job: output/preprocessed/Patient7_preprocessed.tsv
    wildcards: sample=Patient7
    resources: mem_mb=1000, mem_mib=954, disk_mb=6090, disk_mib=5808, tmpdir=<TBD>, slurm_account=park_contrib, slurm_partition=park, runtime=14400, time=5:00

Job 103 has been submitted with SLURM jobid 60621108 (log: /n/data1/hms/dbmi/park/jbrew/Tau/Tau_github/examples/inform_run/snakemake/.snakemake/slurm_logs/rule_calculate_likelihoods/Patient7/60621108.log).

[Wed Feb 26 15:24:48 2025]
rule calculate_likelihoods:
    input: output/preprocessed/Patient33_preprocessed.tsv, ../inform_data/all_exposures_aligned_0.01_0.05_0.05_0.001_0.001_0.001_0.001_0.001_sub0.005.txt, ../inform_data/COSMIC_v3p2_SBS_WGS_MuSiCal.csv, /n/data1/hms/dbmi/park/jbrew/ref/hg19_decoy/human_g1k_v37_decoy.fasta
    output: output/likelihoods/Patient33_likelihoods.tsv
    jobid: 43
    reason: Missing output files: output/likelihoods/Patient33_likelihoods.tsv; Input files updated by another job: output/preprocessed/Patient33_preprocessed.tsv
    wildcards: sample=Patient33
    resources: mem_mb=1000, mem_mib=954, disk_mb=6095, disk_mib=5813, tmpdir=<TBD>, slurm_account=park_contrib, slurm_partition=park, runtime=14400, time=5:00

Job 43 has been submitted with SLURM jobid 60621109 (log: /n/data1/hms/dbmi/park/jbrew/Tau/Tau_github/examples/inform_run/snakemake/.snakemake/slurm_logs/rule_calculate_likelihoods/Patient33/60621109.log).

[Wed Feb 26 15:24:49 2025]
rule calculate_likelihoods:
    input: output/preprocessed/Patient25_preprocessed.tsv, ../inform_data/all_exposures_aligned_0.01_0.05_0.05_0.001_0.001_0.001_0.001_0.001_sub0.005.txt, ../inform_data/COSMIC_v3p2_SBS_WGS_MuSiCal.csv, /n/data1/hms/dbmi/park/jbrew/ref/hg19_decoy/human_g1k_v37_decoy.fasta
    output: output/likelihoods/Patient25_likelihoods.tsv
    jobid: 35
    reason: Missing output files: output/likelihoods/Patient25_likelihoods.tsv; Input files updated by another job: output/preprocessed/Patient25_preprocessed.tsv
    wildcards: sample=Patient25
    resources: mem_mb=1000, mem_mib=954, disk_mb=6096, disk_mib=5814, tmpdir=<TBD>, slurm_account=park_contrib, slurm_partition=park, runtime=14400, time=5:00

Job 35 has been submitted with SLURM jobid 60621110 (log: /n/data1/hms/dbmi/park/jbrew/Tau/Tau_github/examples/inform_run/snakemake/.snakemake/slurm_logs/rule_calculate_likelihoods/Patient25/60621110.log).

[Wed Feb 26 15:24:49 2025]
rule preprocess:
    input: /n/data1/hms/dbmi/park/jbrew/Tau/Tau_github/examples/inform_run/inform_data/INFORM_snv/Patient15.vcf, /n/data1/hms/dbmi/park/jbrew/Tau/Tau_github/examples/inform_run/inform_data/INFORM_cn/Patient15.tsv, ../inform_data/purity_ploidy_inform.txt
    output: output/preprocessed/Patient15_preprocessed.tsv
    jobid: 16
    reason: Missing output files: output/preprocessed/Patient15_preprocessed.tsv
    wildcards: sample=Patient15
    resources: mem_mb=2000, mem_mib=1908, disk_mb=1000, disk_mib=954, tmpdir=<TBD>, slurm_account=park_contrib, slurm_partition=park, runtime=14400, time=5:00

Job 16 has been submitted with SLURM jobid 60621111 (log: /n/data1/hms/dbmi/park/jbrew/Tau/Tau_github/examples/inform_run/snakemake/.snakemake/slurm_logs/rule_preprocess/Patient15/60621111.log).

[Wed Feb 26 15:24:49 2025]
rule calculate_likelihoods:
    input: output/preprocessed/Patient101_preprocessed.tsv, ../inform_data/all_exposures_aligned_0.01_0.05_0.05_0.001_0.001_0.001_0.001_0.001_sub0.005.txt, ../inform_data/COSMIC_v3p2_SBS_WGS_MuSiCal.csv, /n/data1/hms/dbmi/park/jbrew/ref/hg19_decoy/human_g1k_v37_decoy.fasta
    output: output/likelihoods/Patient101_likelihoods.tsv
    jobid: 3
    reason: Missing output files: output/likelihoods/Patient101_likelihoods.tsv; Input files updated by another job: output/preprocessed/Patient101_preprocessed.tsv
    wildcards: sample=Patient101
    resources: mem_mb=1000, mem_mib=954, disk_mb=6090, disk_mib=5808, tmpdir=<TBD>, slurm_account=park_contrib, slurm_partition=park, runtime=14400, time=5:00

Job 3 has been submitted with SLURM jobid 60621112 (log: /n/data1/hms/dbmi/park/jbrew/Tau/Tau_github/examples/inform_run/snakemake/.snakemake/slurm_logs/rule_calculate_likelihoods/Patient101/60621112.log).

[Wed Feb 26 15:24:49 2025]
rule calculate_likelihoods:
    input: output/preprocessed/Patient76_preprocessed.tsv, ../inform_data/all_exposures_aligned_0.01_0.05_0.05_0.001_0.001_0.001_0.001_0.001_sub0.005.txt, ../inform_data/COSMIC_v3p2_SBS_WGS_MuSiCal.csv, /n/data1/hms/dbmi/park/jbrew/ref/hg19_decoy/human_g1k_v37_decoy.fasta
    output: output/likelihoods/Patient76_likelihoods.tsv
    jobid: 95
    reason: Missing output files: output/likelihoods/Patient76_likelihoods.tsv; Input files updated by another job: output/preprocessed/Patient76_preprocessed.tsv
    wildcards: sample=Patient76
    resources: mem_mb=1000, mem_mib=954, disk_mb=6094, disk_mib=5812, tmpdir=<TBD>, slurm_account=park_contrib, slurm_partition=park, runtime=14400, time=5:00

Job 95 has been submitted with SLURM jobid 60621113 (log: /n/data1/hms/dbmi/park/jbrew/Tau/Tau_github/examples/inform_run/snakemake/.snakemake/slurm_logs/rule_calculate_likelihoods/Patient76/60621113.log).

[Wed Feb 26 15:24:50 2025]
rule calculate_likelihoods:
    input: output/preprocessed/Patient1_preprocessed.tsv, ../inform_data/all_exposures_aligned_0.01_0.05_0.05_0.001_0.001_0.001_0.001_0.001_sub0.005.txt, ../inform_data/COSMIC_v3p2_SBS_WGS_MuSiCal.csv, /n/data1/hms/dbmi/park/jbrew/ref/hg19_decoy/human_g1k_v37_decoy.fasta
    output: output/likelihoods/Patient1_likelihoods.tsv
    jobid: 27
    reason: Missing output files: output/likelihoods/Patient1_likelihoods.tsv; Input files updated by another job: output/preprocessed/Patient1_preprocessed.tsv
    wildcards: sample=Patient1
    resources: mem_mb=1000, mem_mib=954, disk_mb=6088, disk_mib=5806, tmpdir=<TBD>, slurm_account=park_contrib, slurm_partition=park, runtime=14400, time=5:00

Job 27 has been submitted with SLURM jobid 60621114 (log: /n/data1/hms/dbmi/park/jbrew/Tau/Tau_github/examples/inform_run/snakemake/.snakemake/slurm_logs/rule_calculate_likelihoods/Patient1/60621114.log).

[Wed Feb 26 15:24:50 2025]
rule calculate_likelihoods:
    input: output/preprocessed/Patient65_preprocessed.tsv, ../inform_data/all_exposures_aligned_0.01_0.05_0.05_0.001_0.001_0.001_0.001_0.001_sub0.005.txt, ../inform_data/COSMIC_v3p2_SBS_WGS_MuSiCal.csv, /n/data1/hms/dbmi/park/jbrew/ref/hg19_decoy/human_g1k_v37_decoy.fasta
    output: output/likelihoods/Patient65_likelihoods.tsv
    jobid: 87
    reason: Missing output files: output/likelihoods/Patient65_likelihoods.tsv
    wildcards: sample=Patient65
    resources: mem_mb=2000, mem_mib=1908, disk_mb=6091, disk_mib=5809, tmpdir=<TBD>, slurm_account=park_contrib, slurm_partition=park, runtime=14400, time=5:00

Job 87 has been submitted with SLURM jobid 60621115 (log: /n/data1/hms/dbmi/park/jbrew/Tau/Tau_github/examples/inform_run/snakemake/.snakemake/slurm_logs/rule_calculate_likelihoods/Patient65/60621115.log).

[Wed Feb 26 15:24:50 2025]
rule calculate_likelihoods:
    input: output/preprocessed/Patient17_preprocessed.tsv, ../inform_data/all_exposures_aligned_0.01_0.05_0.05_0.001_0.001_0.001_0.001_0.001_sub0.005.txt, ../inform_data/COSMIC_v3p2_SBS_WGS_MuSiCal.csv, /n/data1/hms/dbmi/park/jbrew/ref/hg19_decoy/human_g1k_v37_decoy.fasta
    output: output/likelihoods/Patient17_likelihoods.tsv
    jobid: 19
    reason: Missing output files: output/likelihoods/Patient17_likelihoods.tsv; Input files updated by another job: output/preprocessed/Patient17_preprocessed.tsv
    wildcards: sample=Patient17
    resources: mem_mb=1000, mem_mib=954, disk_mb=6090, disk_mib=5808, tmpdir=<TBD>, slurm_account=park_contrib, slurm_partition=park, runtime=14400, time=5:00

Job 19 has been submitted with SLURM jobid 60621116 (log: /n/data1/hms/dbmi/park/jbrew/Tau/Tau_github/examples/inform_run/snakemake/.snakemake/slurm_logs/rule_calculate_likelihoods/Patient17/60621116.log).

[Wed Feb 26 15:24:50 2025]
rule preprocess:
    input: /n/data1/hms/dbmi/park/jbrew/Tau/Tau_github/examples/inform_run/inform_data/INFORM_snv/Patient86.vcf, /n/data1/hms/dbmi/park/jbrew/Tau/Tau_github/examples/inform_run/inform_data/INFORM_cn/Patient86.tsv, ../inform_data/purity_ploidy_inform.txt
    output: output/preprocessed/Patient86_preprocessed.tsv
    jobid: 120
    reason: Missing output files: output/preprocessed/Patient86_preprocessed.tsv
    wildcards: sample=Patient86
    resources: mem_mb=2000, mem_mib=1908, disk_mb=1000, disk_mib=954, tmpdir=<TBD>, slurm_account=park_contrib, slurm_partition=park, runtime=14400, time=5:00

Job 120 has been submitted with SLURM jobid 60621117 (log: /n/data1/hms/dbmi/park/jbrew/Tau/Tau_github/examples/inform_run/snakemake/.snakemake/slurm_logs/rule_preprocess/Patient86/60621117.log).

[Wed Feb 26 15:24:51 2025]
rule calculate_likelihoods:
    input: output/preprocessed/Patient58_preprocessed.tsv, ../inform_data/all_exposures_aligned_0.01_0.05_0.05_0.001_0.001_0.001_0.001_0.001_sub0.005.txt, ../inform_data/COSMIC_v3p2_SBS_WGS_MuSiCal.csv, /n/data1/hms/dbmi/park/jbrew/ref/hg19_decoy/human_g1k_v37_decoy.fasta
    output: output/likelihoods/Patient58_likelihoods.tsv
    jobid: 79
    reason: Missing output files: output/likelihoods/Patient58_likelihoods.tsv; Input files updated by another job: output/preprocessed/Patient58_preprocessed.tsv
    wildcards: sample=Patient58
    resources: mem_mb=1000, mem_mib=954, disk_mb=6090, disk_mib=5808, tmpdir=<TBD>, slurm_account=park_contrib, slurm_partition=park, runtime=14400, time=5:00

Job 79 has been submitted with SLURM jobid 60621118 (log: /n/data1/hms/dbmi/park/jbrew/Tau/Tau_github/examples/inform_run/snakemake/.snakemake/slurm_logs/rule_calculate_likelihoods/Patient58/60621118.log).

[Wed Feb 26 15:24:51 2025]
rule calculate_likelihoods:
    input: output/preprocessed/Patient113_preprocessed.tsv, ../inform_data/all_exposures_aligned_0.01_0.05_0.05_0.001_0.001_0.001_0.001_0.001_sub0.005.txt, ../inform_data/COSMIC_v3p2_SBS_WGS_MuSiCal.csv, /n/data1/hms/dbmi/park/jbrew/ref/hg19_decoy/human_g1k_v37_decoy.fasta
    output: output/likelihoods/Patient113_likelihoods.tsv
    jobid: 11
    reason: Missing output files: output/likelihoods/Patient113_likelihoods.tsv; Input files updated by another job: output/preprocessed/Patient113_preprocessed.tsv
    wildcards: sample=Patient113
    resources: mem_mb=1000, mem_mib=954, disk_mb=6092, disk_mib=5810, tmpdir=<TBD>, slurm_account=park_contrib, slurm_partition=park, runtime=14400, time=5:00

Job 11 has been submitted with SLURM jobid 60621119 (log: /n/data1/hms/dbmi/park/jbrew/Tau/Tau_github/examples/inform_run/snakemake/.snakemake/slurm_logs/rule_calculate_likelihoods/Patient113/60621119.log).

[Wed Feb 26 15:24:51 2025]
rule calculate_likelihoods:
    input: output/preprocessed/Patient94_preprocessed.tsv, ../inform_data/all_exposures_aligned_0.01_0.05_0.05_0.001_0.001_0.001_0.001_0.001_sub0.005.txt, ../inform_data/COSMIC_v3p2_SBS_WGS_MuSiCal.csv, /n/data1/hms/dbmi/park/jbrew/ref/hg19_decoy/human_g1k_v37_decoy.fasta
    output: output/likelihoods/Patient94_likelihoods.tsv
    jobid: 131
    reason: Missing output files: output/likelihoods/Patient94_likelihoods.tsv; Input files updated by another job: output/preprocessed/Patient94_preprocessed.tsv
    wildcards: sample=Patient94
    resources: mem_mb=1000, mem_mib=954, disk_mb=6089, disk_mib=5807, tmpdir=<TBD>, slurm_account=park_contrib, slurm_partition=park, runtime=14400, time=5:00

Job 131 has been submitted with SLURM jobid 60621120 (log: /n/data1/hms/dbmi/park/jbrew/Tau/Tau_github/examples/inform_run/snakemake/.snakemake/slurm_logs/rule_calculate_likelihoods/Patient94/60621120.log).

[Wed Feb 26 15:24:52 2025]
rule calculate_likelihoods:
    input: output/preprocessed/Patient55_preprocessed.tsv, ../inform_data/all_exposures_aligned_0.01_0.05_0.05_0.001_0.001_0.001_0.001_0.001_sub0.005.txt, ../inform_data/COSMIC_v3p2_SBS_WGS_MuSiCal.csv, /n/data1/hms/dbmi/park/jbrew/ref/hg19_decoy/human_g1k_v37_decoy.fasta
    output: output/likelihoods/Patient55_likelihoods.tsv
    jobid: 71
    reason: Missing output files: output/likelihoods/Patient55_likelihoods.tsv; Input files updated by another job: output/preprocessed/Patient55_preprocessed.tsv
    wildcards: sample=Patient55
    resources: mem_mb=1000, mem_mib=954, disk_mb=6091, disk_mib=5809, tmpdir=<TBD>, slurm_account=park_contrib, slurm_partition=park, runtime=14400, time=5:00

Job 71 has been submitted with SLURM jobid 60621121 (log: /n/data1/hms/dbmi/park/jbrew/Tau/Tau_github/examples/inform_run/snakemake/.snakemake/slurm_logs/rule_calculate_likelihoods/Patient55/60621121.log).

[Wed Feb 26 15:24:52 2025]
rule calculate_likelihoods:
    input: output/preprocessed/Patient47_preprocessed.tsv, ../inform_data/all_exposures_aligned_0.01_0.05_0.05_0.001_0.001_0.001_0.001_0.001_sub0.005.txt, ../inform_data/COSMIC_v3p2_SBS_WGS_MuSiCal.csv, /n/data1/hms/dbmi/park/jbrew/ref/hg19_decoy/human_g1k_v37_decoy.fasta
    output: output/likelihoods/Patient47_likelihoods.tsv
    jobid: 63
    reason: Missing output files: output/likelihoods/Patient47_likelihoods.tsv; Input files updated by another job: output/preprocessed/Patient47_preprocessed.tsv
    wildcards: sample=Patient47
    resources: mem_mb=1000, mem_mib=954, disk_mb=6091, disk_mib=5809, tmpdir=<TBD>, slurm_account=park_contrib, slurm_partition=park, runtime=14400, time=5:00

Job 63 has been submitted with SLURM jobid 60621122 (log: /n/data1/hms/dbmi/park/jbrew/Tau/Tau_github/examples/inform_run/snakemake/.snakemake/slurm_logs/rule_calculate_likelihoods/Patient47/60621122.log).

[Wed Feb 26 15:24:52 2025]
rule calculate_likelihoods:
    input: output/preprocessed/Patient87_preprocessed.tsv, ../inform_data/all_exposures_aligned_0.01_0.05_0.05_0.001_0.001_0.001_0.001_0.001_sub0.005.txt, ../inform_data/COSMIC_v3p2_SBS_WGS_MuSiCal.csv, /n/data1/hms/dbmi/park/jbrew/ref/hg19_decoy/human_g1k_v37_decoy.fasta
    output: output/likelihoods/Patient87_likelihoods.tsv
    jobid: 123
    reason: Missing output files: output/likelihoods/Patient87_likelihoods.tsv; Input files updated by another job: output/preprocessed/Patient87_preprocessed.tsv
    wildcards: sample=Patient87
    resources: mem_mb=1000, mem_mib=954, disk_mb=6089, disk_mib=5807, tmpdir=<TBD>, slurm_account=park_contrib, slurm_partition=park, runtime=14400, time=5:00

Job 123 has been submitted with SLURM jobid 60621123 (log: /n/data1/hms/dbmi/park/jbrew/Tau/Tau_github/examples/inform_run/snakemake/.snakemake/slurm_logs/rule_calculate_likelihoods/Patient87/60621123.log).

[Wed Feb 26 15:24:52 2025]
rule calculate_likelihoods:
    input: output/preprocessed/Patient43_preprocessed.tsv, ../inform_data/all_exposures_aligned_0.01_0.05_0.05_0.001_0.001_0.001_0.001_0.001_sub0.005.txt, ../inform_data/COSMIC_v3p2_SBS_WGS_MuSiCal.csv, /n/data1/hms/dbmi/park/jbrew/ref/hg19_decoy/human_g1k_v37_decoy.fasta
    output: output/likelihoods/Patient43_likelihoods.tsv
    jobid: 55
    reason: Missing output files: output/likelihoods/Patient43_likelihoods.tsv; Input files updated by another job: output/preprocessed/Patient43_preprocessed.tsv
    wildcards: sample=Patient43
    resources: mem_mb=1000, mem_mib=954, disk_mb=6092, disk_mib=5810, tmpdir=<TBD>, slurm_account=park_contrib, slurm_partition=park, runtime=14400, time=5:00

Job 55 has been submitted with SLURM jobid 60621124 (log: /n/data1/hms/dbmi/park/jbrew/Tau/Tau_github/examples/inform_run/snakemake/.snakemake/slurm_logs/rule_calculate_likelihoods/Patient43/60621124.log).

[Wed Feb 26 15:24:53 2025]
rule calculate_likelihoods:
    input: output/preprocessed/Patient82_preprocessed.tsv, ../inform_data/all_exposures_aligned_0.01_0.05_0.05_0.001_0.001_0.001_0.001_0.001_sub0.005.txt, ../inform_data/COSMIC_v3p2_SBS_WGS_MuSiCal.csv, /n/data1/hms/dbmi/park/jbrew/ref/hg19_decoy/human_g1k_v37_decoy.fasta
    output: output/likelihoods/Patient82_likelihoods.tsv
    jobid: 115
    reason: Missing output files: output/likelihoods/Patient82_likelihoods.tsv; Input files updated by another job: output/preprocessed/Patient82_preprocessed.tsv
    wildcards: sample=Patient82
    resources: mem_mb=1000, mem_mib=954, disk_mb=6089, disk_mib=5807, tmpdir=<TBD>, slurm_account=park_contrib, slurm_partition=park, runtime=14400, time=5:00

Job 115 has been submitted with SLURM jobid 60621126 (log: /n/data1/hms/dbmi/park/jbrew/Tau/Tau_github/examples/inform_run/snakemake/.snakemake/slurm_logs/rule_calculate_likelihoods/Patient82/60621126.log).

[Wed Feb 26 15:24:53 2025]
rule calculate_likelihoods:
    input: output/preprocessed/Patient34_preprocessed.tsv, ../inform_data/all_exposures_aligned_0.01_0.05_0.05_0.001_0.001_0.001_0.001_0.001_sub0.005.txt, ../inform_data/COSMIC_v3p2_SBS_WGS_MuSiCal.csv, /n/data1/hms/dbmi/park/jbrew/ref/hg19_decoy/human_g1k_v37_decoy.fasta
    output: output/likelihoods/Patient34_likelihoods.tsv
    jobid: 47
    reason: Missing output files: output/likelihoods/Patient34_likelihoods.tsv; Input files updated by another job: output/preprocessed/Patient34_preprocessed.tsv
    wildcards: sample=Patient34
    resources: mem_mb=1000, mem_mib=954, disk_mb=6090, disk_mib=5808, tmpdir=<TBD>, slurm_account=park_contrib, slurm_partition=park, runtime=14400, time=5:00

Job 47 has been submitted with SLURM jobid 60621127 (log: /n/data1/hms/dbmi/park/jbrew/Tau/Tau_github/examples/inform_run/snakemake/.snakemake/slurm_logs/rule_calculate_likelihoods/Patient34/60621127.log).

[Wed Feb 26 15:24:53 2025]
rule calculate_likelihoods:
    input: output/preprocessed/Patient26_preprocessed.tsv, ../inform_data/all_exposures_aligned_0.01_0.05_0.05_0.001_0.001_0.001_0.001_0.001_sub0.005.txt, ../inform_data/COSMIC_v3p2_SBS_WGS_MuSiCal.csv, /n/data1/hms/dbmi/park/jbrew/ref/hg19_decoy/human_g1k_v37_decoy.fasta
    output: output/likelihoods/Patient26_likelihoods.tsv
    jobid: 39
    reason: Missing output files: output/likelihoods/Patient26_likelihoods.tsv; Input files updated by another job: output/preprocessed/Patient26_preprocessed.tsv
    wildcards: sample=Patient26
    resources: mem_mb=1000, mem_mib=954, disk_mb=6089, disk_mib=5807, tmpdir=<TBD>, slurm_account=park_contrib, slurm_partition=park, runtime=14400, time=5:00

Job 39 has been submitted with SLURM jobid 60621128 (log: /n/data1/hms/dbmi/park/jbrew/Tau/Tau_github/examples/inform_run/snakemake/.snakemake/slurm_logs/rule_calculate_likelihoods/Patient26/60621128.log).

[Wed Feb 26 15:24:53 2025]
rule calculate_likelihoods:
    input: output/preprocessed/Patient68_preprocessed.tsv, ../inform_data/all_exposures_aligned_0.01_0.05_0.05_0.001_0.001_0.001_0.001_0.001_sub0.005.txt, ../inform_data/COSMIC_v3p2_SBS_WGS_MuSiCal.csv, /n/data1/hms/dbmi/park/jbrew/ref/hg19_decoy/human_g1k_v37_decoy.fasta
    output: output/likelihoods/Patient68_likelihoods.tsv
    jobid: 91
    reason: Missing output files: output/likelihoods/Patient68_likelihoods.tsv; Input files updated by another job: output/preprocessed/Patient68_preprocessed.tsv
    wildcards: sample=Patient68
    resources: mem_mb=1000, mem_mib=954, disk_mb=6090, disk_mib=5808, tmpdir=<TBD>, slurm_account=park_contrib, slurm_partition=park, runtime=14400, time=5:00

Job 91 has been submitted with SLURM jobid 60621129 (log: /n/data1/hms/dbmi/park/jbrew/Tau/Tau_github/examples/inform_run/snakemake/.snakemake/slurm_logs/rule_calculate_likelihoods/Patient68/60621129.log).

[Wed Feb 26 15:24:54 2025]
rule calculate_likelihoods:
    input: output/preprocessed/Patient20_preprocessed.tsv, ../inform_data/all_exposures_aligned_0.01_0.05_0.05_0.001_0.001_0.001_0.001_0.001_sub0.005.txt, ../inform_data/COSMIC_v3p2_SBS_WGS_MuSiCal.csv, /n/data1/hms/dbmi/park/jbrew/ref/hg19_decoy/human_g1k_v37_decoy.fasta
    output: output/likelihoods/Patient20_likelihoods.tsv
    jobid: 31
    reason: Missing output files: output/likelihoods/Patient20_likelihoods.tsv; Input files updated by another job: output/preprocessed/Patient20_preprocessed.tsv
    wildcards: sample=Patient20
    resources: mem_mb=1000, mem_mib=954, disk_mb=6092, disk_mib=5810, tmpdir=<TBD>, slurm_account=park_contrib, slurm_partition=park, runtime=14400, time=5:00

Job 31 has been submitted with SLURM jobid 60621130 (log: /n/data1/hms/dbmi/park/jbrew/Tau/Tau_github/examples/inform_run/snakemake/.snakemake/slurm_logs/rule_calculate_likelihoods/Patient20/60621130.log).

[Wed Feb 26 15:24:54 2025]
rule calculate_likelihoods:
    input: output/preprocessed/Patient64_preprocessed.tsv, ../inform_data/all_exposures_aligned_0.01_0.05_0.05_0.001_0.001_0.001_0.001_0.001_sub0.005.txt, ../inform_data/COSMIC_v3p2_SBS_WGS_MuSiCal.csv, /n/data1/hms/dbmi/park/jbrew/ref/hg19_decoy/human_g1k_v37_decoy.fasta
    output: output/likelihoods/Patient64_likelihoods.tsv
    jobid: 83
    reason: Missing output files: output/likelihoods/Patient64_likelihoods.tsv; Input files updated by another job: output/preprocessed/Patient64_preprocessed.tsv
    wildcards: sample=Patient64
    resources: mem_mb=1000, mem_mib=954, disk_mb=6090, disk_mib=5808, tmpdir=<TBD>, slurm_account=park_contrib, slurm_partition=park, runtime=14400, time=5:00

Job 83 has been submitted with SLURM jobid 60621131 (log: /n/data1/hms/dbmi/park/jbrew/Tau/Tau_github/examples/inform_run/snakemake/.snakemake/slurm_logs/rule_calculate_likelihoods/Patient64/60621131.log).

[Wed Feb 26 15:24:54 2025]
rule calculate_likelihoods:
    input: output/preprocessed/Patient18_preprocessed.tsv, ../inform_data/all_exposures_aligned_0.01_0.05_0.05_0.001_0.001_0.001_0.001_0.001_sub0.005.txt, ../inform_data/COSMIC_v3p2_SBS_WGS_MuSiCal.csv, /n/data1/hms/dbmi/park/jbrew/ref/hg19_decoy/human_g1k_v37_decoy.fasta
    output: output/likelihoods/Patient18_likelihoods.tsv
    jobid: 23
    reason: Missing output files: output/likelihoods/Patient18_likelihoods.tsv; Input files updated by another job: output/preprocessed/Patient18_preprocessed.tsv
    wildcards: sample=Patient18
    resources: mem_mb=1000, mem_mib=954, disk_mb=6090, disk_mib=5808, tmpdir=<TBD>, slurm_account=park_contrib, slurm_partition=park, runtime=14400, time=5:00

Job 23 has been submitted with SLURM jobid 60621132 (log: /n/data1/hms/dbmi/park/jbrew/Tau/Tau_github/examples/inform_run/snakemake/.snakemake/slurm_logs/rule_calculate_likelihoods/Patient18/60621132.log).

[Wed Feb 26 15:24:54 2025]
rule calculate_likelihoods:
    input: output/preprocessed/Patient57_preprocessed.tsv, ../inform_data/all_exposures_aligned_0.01_0.05_0.05_0.001_0.001_0.001_0.001_0.001_sub0.005.txt, ../inform_data/COSMIC_v3p2_SBS_WGS_MuSiCal.csv, /n/data1/hms/dbmi/park/jbrew/ref/hg19_decoy/human_g1k_v37_decoy.fasta
    output: output/likelihoods/Patient57_likelihoods.tsv
    jobid: 75
    reason: Missing output files: output/likelihoods/Patient57_likelihoods.tsv; Input files updated by another job: output/preprocessed/Patient57_preprocessed.tsv
    wildcards: sample=Patient57
    resources: mem_mb=1000, mem_mib=954, disk_mb=6092, disk_mib=5810, tmpdir=<TBD>, slurm_account=park_contrib, slurm_partition=park, runtime=14400, time=5:00

Job 75 has been submitted with SLURM jobid 60621133 (log: /n/data1/hms/dbmi/park/jbrew/Tau/Tau_github/examples/inform_run/snakemake/.snakemake/slurm_logs/rule_calculate_likelihoods/Patient57/60621133.log).
[Wed Feb 26 15:27:16 2025]
Error in rule calculate_likelihoods:
    message: SLURM-job '60621100' failed, SLURM status is: 'FAILED'. For further error details see the cluster/cloud log and the log files of the involved rule(s).
    jobid: 107
    input: output/preprocessed/Patient80_preprocessed.tsv, ../inform_data/all_exposures_aligned_0.01_0.05_0.05_0.001_0.001_0.001_0.001_0.001_sub0.005.txt, ../inform_data/COSMIC_v3p2_SBS_WGS_MuSiCal.csv, /n/data1/hms/dbmi/park/jbrew/ref/hg19_decoy/human_g1k_v37_decoy.fasta
    output: output/likelihoods/Patient80_likelihoods.tsv
    log: /n/data1/hms/dbmi/park/jbrew/Tau/Tau_github/examples/inform_run/snakemake/.snakemake/slurm_logs/rule_calculate_likelihoods/Patient80/60621100.log (check log file(s) for error details)
    shell:
        
        python scripts/calculate_likelihoods.py             --sample Patient80             --preprocessed_file output/preprocessed/Patient80_preprocessed.tsv             --exposure ../inform_data/all_exposures_aligned_0.01_0.05_0.05_0.001_0.001_0.001_0.001_0.001_sub0.005.txt             --signature ../inform_data/COSMIC_v3p2_SBS_WGS_MuSiCal.csv             --output output/likelihoods/Patient80_likelihoods.tsv             --ref_genome /n/data1/hms/dbmi/park/jbrew/ref/hg19_decoy/human_g1k_v37_decoy.fasta
        
        (one of the commands exited with non-zero exit code; note that snakemake uses bash strict mode!)
    external_jobid: 60621100

[Wed Feb 26 15:27:16 2025]
Error in rule calculate_likelihoods:
    message: SLURM-job '60621101' failed, SLURM status is: 'FAILED'. For further error details see the cluster/cloud log and the log files of the involved rule(s).
    jobid: 7
    input: output/preprocessed/Patient109_preprocessed.tsv, ../inform_data/all_exposures_aligned_0.01_0.05_0.05_0.001_0.001_0.001_0.001_0.001_sub0.005.txt, ../inform_data/COSMIC_v3p2_SBS_WGS_MuSiCal.csv, /n/data1/hms/dbmi/park/jbrew/ref/hg19_decoy/human_g1k_v37_decoy.fasta
    output: output/likelihoods/Patient109_likelihoods.tsv
    log: /n/data1/hms/dbmi/park/jbrew/Tau/Tau_github/examples/inform_run/snakemake/.snakemake/slurm_logs/rule_calculate_likelihoods/Patient109/60621101.log (check log file(s) for error details)
    shell:
        
        python scripts/calculate_likelihoods.py             --sample Patient109             --preprocessed_file output/preprocessed/Patient109_preprocessed.tsv             --exposure ../inform_data/all_exposures_aligned_0.01_0.05_0.05_0.001_0.001_0.001_0.001_0.001_sub0.005.txt             --signature ../inform_data/COSMIC_v3p2_SBS_WGS_MuSiCal.csv             --output output/likelihoods/Patient109_likelihoods.tsv             --ref_genome /n/data1/hms/dbmi/park/jbrew/ref/hg19_decoy/human_g1k_v37_decoy.fasta
        
        (one of the commands exited with non-zero exit code; note that snakemake uses bash strict mode!)
    external_jobid: 60621101

[Wed Feb 26 15:27:16 2025]
Error in rule calculate_likelihoods:
    message: SLURM-job '60621102' failed, SLURM status is: 'FAILED'. For further error details see the cluster/cloud log and the log files of the involved rule(s).
    jobid: 127
    input: output/preprocessed/Patient90_preprocessed.tsv, ../inform_data/all_exposures_aligned_0.01_0.05_0.05_0.001_0.001_0.001_0.001_0.001_sub0.005.txt, ../inform_data/COSMIC_v3p2_SBS_WGS_MuSiCal.csv, /n/data1/hms/dbmi/park/jbrew/ref/hg19_decoy/human_g1k_v37_decoy.fasta
    output: output/likelihoods/Patient90_likelihoods.tsv
    log: /n/data1/hms/dbmi/park/jbrew/Tau/Tau_github/examples/inform_run/snakemake/.snakemake/slurm_logs/rule_calculate_likelihoods/Patient90/60621102.log (check log file(s) for error details)
    shell:
        
        python scripts/calculate_likelihoods.py             --sample Patient90             --preprocessed_file output/preprocessed/Patient90_preprocessed.tsv             --exposure ../inform_data/all_exposures_aligned_0.01_0.05_0.05_0.001_0.001_0.001_0.001_0.001_sub0.005.txt             --signature ../inform_data/COSMIC_v3p2_SBS_WGS_MuSiCal.csv             --output output/likelihoods/Patient90_likelihoods.tsv             --ref_genome /n/data1/hms/dbmi/park/jbrew/ref/hg19_decoy/human_g1k_v37_decoy.fasta
        
        (one of the commands exited with non-zero exit code; note that snakemake uses bash strict mode!)
    external_jobid: 60621102

[Wed Feb 26 15:27:16 2025]
Error in rule calculate_likelihoods:
    message: SLURM-job '60621103' failed, SLURM status is: 'FAILED'. For further error details see the cluster/cloud log and the log files of the involved rule(s).
    jobid: 67
    input: output/preprocessed/Patient50_preprocessed.tsv, ../inform_data/all_exposures_aligned_0.01_0.05_0.05_0.001_0.001_0.001_0.001_0.001_sub0.005.txt, ../inform_data/COSMIC_v3p2_SBS_WGS_MuSiCal.csv, /n/data1/hms/dbmi/park/jbrew/ref/hg19_decoy/human_g1k_v37_decoy.fasta
    output: output/likelihoods/Patient50_likelihoods.tsv
    log: /n/data1/hms/dbmi/park/jbrew/Tau/Tau_github/examples/inform_run/snakemake/.snakemake/slurm_logs/rule_calculate_likelihoods/Patient50/60621103.log (check log file(s) for error details)
    shell:
        
        python scripts/calculate_likelihoods.py             --sample Patient50             --preprocessed_file output/preprocessed/Patient50_preprocessed.tsv             --exposure ../inform_data/all_exposures_aligned_0.01_0.05_0.05_0.001_0.001_0.001_0.001_0.001_sub0.005.txt             --signature ../inform_data/COSMIC_v3p2_SBS_WGS_MuSiCal.csv             --output output/likelihoods/Patient50_likelihoods.tsv             --ref_genome /n/data1/hms/dbmi/park/jbrew/ref/hg19_decoy/human_g1k_v37_decoy.fasta
        
        (one of the commands exited with non-zero exit code; note that snakemake uses bash strict mode!)
    external_jobid: 60621103

[Wed Feb 26 15:27:16 2025]
Error in rule preprocess:
    message: SLURM-job '60621104' failed, SLURM status is: 'FAILED'. For further error details see the cluster/cloud log and the log files of the involved rule(s).
    jobid: 100
    input: /n/data1/hms/dbmi/park/jbrew/Tau/Tau_github/examples/inform_run/inform_data/INFORM_snv/Patient77.vcf, /n/data1/hms/dbmi/park/jbrew/Tau/Tau_github/examples/inform_run/inform_data/INFORM_cn/Patient77.tsv, ../inform_data/purity_ploidy_inform.txt
    output: output/preprocessed/Patient77_preprocessed.tsv
    log: /n/data1/hms/dbmi/park/jbrew/Tau/Tau_github/examples/inform_run/snakemake/.snakemake/slurm_logs/rule_preprocess/Patient77/60621104.log (check log file(s) for error details)
    shell:
        
        python scripts/preprocess.py             --sample Patient77             --snv /n/data1/hms/dbmi/park/jbrew/Tau/Tau_github/examples/inform_run/inform_data/INFORM_snv/Patient77.vcf             --cnv /n/data1/hms/dbmi/park/jbrew/Tau/Tau_github/examples/inform_run/inform_data/INFORM_cn/Patient77.tsv             --purity ../inform_data/purity_ploidy_inform.txt             --output output/preprocessed/Patient77_preprocessed.tsv
        
        (one of the commands exited with non-zero exit code; note that snakemake uses bash strict mode!)
    external_jobid: 60621104

[Wed Feb 26 15:27:16 2025]
Error in rule calculate_likelihoods:
    message: SLURM-job '60621105' failed, SLURM status is: 'FAILED'. For further error details see the cluster/cloud log and the log files of the involved rule(s).
    jobid: 59
    input: output/preprocessed/Patient44_preprocessed.tsv, ../inform_data/all_exposures_aligned_0.01_0.05_0.05_0.001_0.001_0.001_0.001_0.001_sub0.005.txt, ../inform_data/COSMIC_v3p2_SBS_WGS_MuSiCal.csv, /n/data1/hms/dbmi/park/jbrew/ref/hg19_decoy/human_g1k_v37_decoy.fasta
    output: output/likelihoods/Patient44_likelihoods.tsv
    log: /n/data1/hms/dbmi/park/jbrew/Tau/Tau_github/examples/inform_run/snakemake/.snakemake/slurm_logs/rule_calculate_likelihoods/Patient44/60621105.log (check log file(s) for error details)
    shell:
        
        python scripts/calculate_likelihoods.py             --sample Patient44             --preprocessed_file output/preprocessed/Patient44_preprocessed.tsv             --exposure ../inform_data/all_exposures_aligned_0.01_0.05_0.05_0.001_0.001_0.001_0.001_0.001_sub0.005.txt             --signature ../inform_data/COSMIC_v3p2_SBS_WGS_MuSiCal.csv             --output output/likelihoods/Patient44_likelihoods.tsv             --ref_genome /n/data1/hms/dbmi/park/jbrew/ref/hg19_decoy/human_g1k_v37_decoy.fasta
        
        (one of the commands exited with non-zero exit code; note that snakemake uses bash strict mode!)
    external_jobid: 60621105

[Wed Feb 26 15:27:16 2025]
Error in rule calculate_likelihoods:
    message: SLURM-job '60621106' failed, SLURM status is: 'FAILED'. For further error details see the cluster/cloud log and the log files of the involved rule(s).
    jobid: 111
    input: output/preprocessed/Patient81_preprocessed.tsv, ../inform_data/all_exposures_aligned_0.01_0.05_0.05_0.001_0.001_0.001_0.001_0.001_sub0.005.txt, ../inform_data/COSMIC_v3p2_SBS_WGS_MuSiCal.csv, /n/data1/hms/dbmi/park/jbrew/ref/hg19_decoy/human_g1k_v37_decoy.fasta
    output: output/likelihoods/Patient81_likelihoods.tsv
    log: /n/data1/hms/dbmi/park/jbrew/Tau/Tau_github/examples/inform_run/snakemake/.snakemake/slurm_logs/rule_calculate_likelihoods/Patient81/60621106.log (check log file(s) for error details)
    shell:
        
        python scripts/calculate_likelihoods.py             --sample Patient81             --preprocessed_file output/preprocessed/Patient81_preprocessed.tsv             --exposure ../inform_data/all_exposures_aligned_0.01_0.05_0.05_0.001_0.001_0.001_0.001_0.001_sub0.005.txt             --signature ../inform_data/COSMIC_v3p2_SBS_WGS_MuSiCal.csv             --output output/likelihoods/Patient81_likelihoods.tsv             --ref_genome /n/data1/hms/dbmi/park/jbrew/ref/hg19_decoy/human_g1k_v37_decoy.fasta
        
        (one of the commands exited with non-zero exit code; note that snakemake uses bash strict mode!)
    external_jobid: 60621106

[Wed Feb 26 15:27:16 2025]
Error in rule calculate_likelihoods:
    message: SLURM-job '60621107' failed, SLURM status is: 'FAILED'. For further error details see the cluster/cloud log and the log files of the involved rule(s).
    jobid: 51
    input: output/preprocessed/Patient37_preprocessed.tsv, ../inform_data/all_exposures_aligned_0.01_0.05_0.05_0.001_0.001_0.001_0.001_0.001_sub0.005.txt, ../inform_data/COSMIC_v3p2_SBS_WGS_MuSiCal.csv, /n/data1/hms/dbmi/park/jbrew/ref/hg19_decoy/human_g1k_v37_decoy.fasta
    output: output/likelihoods/Patient37_likelihoods.tsv
    log: /n/data1/hms/dbmi/park/jbrew/Tau/Tau_github/examples/inform_run/snakemake/.snakemake/slurm_logs/rule_calculate_likelihoods/Patient37/60621107.log (check log file(s) for error details)
    shell:
        
        python scripts/calculate_likelihoods.py             --sample Patient37             --preprocessed_file output/preprocessed/Patient37_preprocessed.tsv             --exposure ../inform_data/all_exposures_aligned_0.01_0.05_0.05_0.001_0.001_0.001_0.001_0.001_sub0.005.txt             --signature ../inform_data/COSMIC_v3p2_SBS_WGS_MuSiCal.csv             --output output/likelihoods/Patient37_likelihoods.tsv             --ref_genome /n/data1/hms/dbmi/park/jbrew/ref/hg19_decoy/human_g1k_v37_decoy.fasta
        
        (one of the commands exited with non-zero exit code; note that snakemake uses bash strict mode!)
    external_jobid: 60621107

[Wed Feb 26 15:27:16 2025]
Error in rule calculate_likelihoods:
    message: SLURM-job '60621108' failed, SLURM status is: 'FAILED'. For further error details see the cluster/cloud log and the log files of the involved rule(s).
    jobid: 103
    input: output/preprocessed/Patient7_preprocessed.tsv, ../inform_data/all_exposures_aligned_0.01_0.05_0.05_0.001_0.001_0.001_0.001_0.001_sub0.005.txt, ../inform_data/COSMIC_v3p2_SBS_WGS_MuSiCal.csv, /n/data1/hms/dbmi/park/jbrew/ref/hg19_decoy/human_g1k_v37_decoy.fasta
    output: output/likelihoods/Patient7_likelihoods.tsv
    log: /n/data1/hms/dbmi/park/jbrew/Tau/Tau_github/examples/inform_run/snakemake/.snakemake/slurm_logs/rule_calculate_likelihoods/Patient7/60621108.log (check log file(s) for error details)
    shell:
        
        python scripts/calculate_likelihoods.py             --sample Patient7             --preprocessed_file output/preprocessed/Patient7_preprocessed.tsv             --exposure ../inform_data/all_exposures_aligned_0.01_0.05_0.05_0.001_0.001_0.001_0.001_0.001_sub0.005.txt             --signature ../inform_data/COSMIC_v3p2_SBS_WGS_MuSiCal.csv             --output output/likelihoods/Patient7_likelihoods.tsv             --ref_genome /n/data1/hms/dbmi/park/jbrew/ref/hg19_decoy/human_g1k_v37_decoy.fasta
        
        (one of the commands exited with non-zero exit code; note that snakemake uses bash strict mode!)
    external_jobid: 60621108

[Wed Feb 26 15:27:16 2025]
Error in rule calculate_likelihoods:
    message: SLURM-job '60621109' failed, SLURM status is: 'FAILED'. For further error details see the cluster/cloud log and the log files of the involved rule(s).
    jobid: 43
    input: output/preprocessed/Patient33_preprocessed.tsv, ../inform_data/all_exposures_aligned_0.01_0.05_0.05_0.001_0.001_0.001_0.001_0.001_sub0.005.txt, ../inform_data/COSMIC_v3p2_SBS_WGS_MuSiCal.csv, /n/data1/hms/dbmi/park/jbrew/ref/hg19_decoy/human_g1k_v37_decoy.fasta
    output: output/likelihoods/Patient33_likelihoods.tsv
    log: /n/data1/hms/dbmi/park/jbrew/Tau/Tau_github/examples/inform_run/snakemake/.snakemake/slurm_logs/rule_calculate_likelihoods/Patient33/60621109.log (check log file(s) for error details)
    shell:
        
        python scripts/calculate_likelihoods.py             --sample Patient33             --preprocessed_file output/preprocessed/Patient33_preprocessed.tsv             --exposure ../inform_data/all_exposures_aligned_0.01_0.05_0.05_0.001_0.001_0.001_0.001_0.001_sub0.005.txt             --signature ../inform_data/COSMIC_v3p2_SBS_WGS_MuSiCal.csv             --output output/likelihoods/Patient33_likelihoods.tsv             --ref_genome /n/data1/hms/dbmi/park/jbrew/ref/hg19_decoy/human_g1k_v37_decoy.fasta
        
        (one of the commands exited with non-zero exit code; note that snakemake uses bash strict mode!)
    external_jobid: 60621109

[Wed Feb 26 15:27:16 2025]
Error in rule calculate_likelihoods:
    message: SLURM-job '60621110' failed, SLURM status is: 'FAILED'. For further error details see the cluster/cloud log and the log files of the involved rule(s).
    jobid: 35
    input: output/preprocessed/Patient25_preprocessed.tsv, ../inform_data/all_exposures_aligned_0.01_0.05_0.05_0.001_0.001_0.001_0.001_0.001_sub0.005.txt, ../inform_data/COSMIC_v3p2_SBS_WGS_MuSiCal.csv, /n/data1/hms/dbmi/park/jbrew/ref/hg19_decoy/human_g1k_v37_decoy.fasta
    output: output/likelihoods/Patient25_likelihoods.tsv
    log: /n/data1/hms/dbmi/park/jbrew/Tau/Tau_github/examples/inform_run/snakemake/.snakemake/slurm_logs/rule_calculate_likelihoods/Patient25/60621110.log (check log file(s) for error details)
    shell:
        
        python scripts/calculate_likelihoods.py             --sample Patient25             --preprocessed_file output/preprocessed/Patient25_preprocessed.tsv             --exposure ../inform_data/all_exposures_aligned_0.01_0.05_0.05_0.001_0.001_0.001_0.001_0.001_sub0.005.txt             --signature ../inform_data/COSMIC_v3p2_SBS_WGS_MuSiCal.csv             --output output/likelihoods/Patient25_likelihoods.tsv             --ref_genome /n/data1/hms/dbmi/park/jbrew/ref/hg19_decoy/human_g1k_v37_decoy.fasta
        
        (one of the commands exited with non-zero exit code; note that snakemake uses bash strict mode!)
    external_jobid: 60621110

[Wed Feb 26 15:27:16 2025]
Error in rule preprocess:
    message: SLURM-job '60621111' failed, SLURM status is: 'FAILED'. For further error details see the cluster/cloud log and the log files of the involved rule(s).
    jobid: 16
    input: /n/data1/hms/dbmi/park/jbrew/Tau/Tau_github/examples/inform_run/inform_data/INFORM_snv/Patient15.vcf, /n/data1/hms/dbmi/park/jbrew/Tau/Tau_github/examples/inform_run/inform_data/INFORM_cn/Patient15.tsv, ../inform_data/purity_ploidy_inform.txt
    output: output/preprocessed/Patient15_preprocessed.tsv
    log: /n/data1/hms/dbmi/park/jbrew/Tau/Tau_github/examples/inform_run/snakemake/.snakemake/slurm_logs/rule_preprocess/Patient15/60621111.log (check log file(s) for error details)
    shell:
        
        python scripts/preprocess.py             --sample Patient15             --snv /n/data1/hms/dbmi/park/jbrew/Tau/Tau_github/examples/inform_run/inform_data/INFORM_snv/Patient15.vcf             --cnv /n/data1/hms/dbmi/park/jbrew/Tau/Tau_github/examples/inform_run/inform_data/INFORM_cn/Patient15.tsv             --purity ../inform_data/purity_ploidy_inform.txt             --output output/preprocessed/Patient15_preprocessed.tsv
        
        (one of the commands exited with non-zero exit code; note that snakemake uses bash strict mode!)
    external_jobid: 60621111

[Wed Feb 26 15:27:16 2025]
Error in rule calculate_likelihoods:
    message: SLURM-job '60621112' failed, SLURM status is: 'FAILED'. For further error details see the cluster/cloud log and the log files of the involved rule(s).
    jobid: 3
    input: output/preprocessed/Patient101_preprocessed.tsv, ../inform_data/all_exposures_aligned_0.01_0.05_0.05_0.001_0.001_0.001_0.001_0.001_sub0.005.txt, ../inform_data/COSMIC_v3p2_SBS_WGS_MuSiCal.csv, /n/data1/hms/dbmi/park/jbrew/ref/hg19_decoy/human_g1k_v37_decoy.fasta
    output: output/likelihoods/Patient101_likelihoods.tsv
    log: /n/data1/hms/dbmi/park/jbrew/Tau/Tau_github/examples/inform_run/snakemake/.snakemake/slurm_logs/rule_calculate_likelihoods/Patient101/60621112.log (check log file(s) for error details)
    shell:
        
        python scripts/calculate_likelihoods.py             --sample Patient101             --preprocessed_file output/preprocessed/Patient101_preprocessed.tsv             --exposure ../inform_data/all_exposures_aligned_0.01_0.05_0.05_0.001_0.001_0.001_0.001_0.001_sub0.005.txt             --signature ../inform_data/COSMIC_v3p2_SBS_WGS_MuSiCal.csv             --output output/likelihoods/Patient101_likelihoods.tsv             --ref_genome /n/data1/hms/dbmi/park/jbrew/ref/hg19_decoy/human_g1k_v37_decoy.fasta
        
        (one of the commands exited with non-zero exit code; note that snakemake uses bash strict mode!)
    external_jobid: 60621112

[Wed Feb 26 15:27:16 2025]
Error in rule calculate_likelihoods:
    message: SLURM-job '60621113' failed, SLURM status is: 'FAILED'. For further error details see the cluster/cloud log and the log files of the involved rule(s).
    jobid: 95
    input: output/preprocessed/Patient76_preprocessed.tsv, ../inform_data/all_exposures_aligned_0.01_0.05_0.05_0.001_0.001_0.001_0.001_0.001_sub0.005.txt, ../inform_data/COSMIC_v3p2_SBS_WGS_MuSiCal.csv, /n/data1/hms/dbmi/park/jbrew/ref/hg19_decoy/human_g1k_v37_decoy.fasta
    output: output/likelihoods/Patient76_likelihoods.tsv
    log: /n/data1/hms/dbmi/park/jbrew/Tau/Tau_github/examples/inform_run/snakemake/.snakemake/slurm_logs/rule_calculate_likelihoods/Patient76/60621113.log (check log file(s) for error details)
    shell:
        
        python scripts/calculate_likelihoods.py             --sample Patient76             --preprocessed_file output/preprocessed/Patient76_preprocessed.tsv             --exposure ../inform_data/all_exposures_aligned_0.01_0.05_0.05_0.001_0.001_0.001_0.001_0.001_sub0.005.txt             --signature ../inform_data/COSMIC_v3p2_SBS_WGS_MuSiCal.csv             --output output/likelihoods/Patient76_likelihoods.tsv             --ref_genome /n/data1/hms/dbmi/park/jbrew/ref/hg19_decoy/human_g1k_v37_decoy.fasta
        
        (one of the commands exited with non-zero exit code; note that snakemake uses bash strict mode!)
    external_jobid: 60621113

[Wed Feb 26 15:27:16 2025]
Error in rule calculate_likelihoods:
    message: SLURM-job '60621114' failed, SLURM status is: 'FAILED'. For further error details see the cluster/cloud log and the log files of the involved rule(s).
    jobid: 27
    input: output/preprocessed/Patient1_preprocessed.tsv, ../inform_data/all_exposures_aligned_0.01_0.05_0.05_0.001_0.001_0.001_0.001_0.001_sub0.005.txt, ../inform_data/COSMIC_v3p2_SBS_WGS_MuSiCal.csv, /n/data1/hms/dbmi/park/jbrew/ref/hg19_decoy/human_g1k_v37_decoy.fasta
    output: output/likelihoods/Patient1_likelihoods.tsv
    log: /n/data1/hms/dbmi/park/jbrew/Tau/Tau_github/examples/inform_run/snakemake/.snakemake/slurm_logs/rule_calculate_likelihoods/Patient1/60621114.log (check log file(s) for error details)
    shell:
        
        python scripts/calculate_likelihoods.py             --sample Patient1             --preprocessed_file output/preprocessed/Patient1_preprocessed.tsv             --exposure ../inform_data/all_exposures_aligned_0.01_0.05_0.05_0.001_0.001_0.001_0.001_0.001_sub0.005.txt             --signature ../inform_data/COSMIC_v3p2_SBS_WGS_MuSiCal.csv             --output output/likelihoods/Patient1_likelihoods.tsv             --ref_genome /n/data1/hms/dbmi/park/jbrew/ref/hg19_decoy/human_g1k_v37_decoy.fasta
        
        (one of the commands exited with non-zero exit code; note that snakemake uses bash strict mode!)
    external_jobid: 60621114

[Wed Feb 26 15:27:16 2025]
Error in rule calculate_likelihoods:
    message: SLURM-job '60621115' failed, SLURM status is: 'FAILED'. For further error details see the cluster/cloud log and the log files of the involved rule(s).
    jobid: 87
    input: output/preprocessed/Patient65_preprocessed.tsv, ../inform_data/all_exposures_aligned_0.01_0.05_0.05_0.001_0.001_0.001_0.001_0.001_sub0.005.txt, ../inform_data/COSMIC_v3p2_SBS_WGS_MuSiCal.csv, /n/data1/hms/dbmi/park/jbrew/ref/hg19_decoy/human_g1k_v37_decoy.fasta
    output: output/likelihoods/Patient65_likelihoods.tsv
    log: /n/data1/hms/dbmi/park/jbrew/Tau/Tau_github/examples/inform_run/snakemake/.snakemake/slurm_logs/rule_calculate_likelihoods/Patient65/60621115.log (check log file(s) for error details)
    shell:
        
        python scripts/calculate_likelihoods.py             --sample Patient65             --preprocessed_file output/preprocessed/Patient65_preprocessed.tsv             --exposure ../inform_data/all_exposures_aligned_0.01_0.05_0.05_0.001_0.001_0.001_0.001_0.001_sub0.005.txt             --signature ../inform_data/COSMIC_v3p2_SBS_WGS_MuSiCal.csv             --output output/likelihoods/Patient65_likelihoods.tsv             --ref_genome /n/data1/hms/dbmi/park/jbrew/ref/hg19_decoy/human_g1k_v37_decoy.fasta
        
        (one of the commands exited with non-zero exit code; note that snakemake uses bash strict mode!)
    external_jobid: 60621115

[Wed Feb 26 15:27:16 2025]
Error in rule calculate_likelihoods:
    message: SLURM-job '60621116' failed, SLURM status is: 'FAILED'. For further error details see the cluster/cloud log and the log files of the involved rule(s).
    jobid: 19
    input: output/preprocessed/Patient17_preprocessed.tsv, ../inform_data/all_exposures_aligned_0.01_0.05_0.05_0.001_0.001_0.001_0.001_0.001_sub0.005.txt, ../inform_data/COSMIC_v3p2_SBS_WGS_MuSiCal.csv, /n/data1/hms/dbmi/park/jbrew/ref/hg19_decoy/human_g1k_v37_decoy.fasta
    output: output/likelihoods/Patient17_likelihoods.tsv
    log: /n/data1/hms/dbmi/park/jbrew/Tau/Tau_github/examples/inform_run/snakemake/.snakemake/slurm_logs/rule_calculate_likelihoods/Patient17/60621116.log (check log file(s) for error details)
    shell:
        
        python scripts/calculate_likelihoods.py             --sample Patient17             --preprocessed_file output/preprocessed/Patient17_preprocessed.tsv             --exposure ../inform_data/all_exposures_aligned_0.01_0.05_0.05_0.001_0.001_0.001_0.001_0.001_sub0.005.txt             --signature ../inform_data/COSMIC_v3p2_SBS_WGS_MuSiCal.csv             --output output/likelihoods/Patient17_likelihoods.tsv             --ref_genome /n/data1/hms/dbmi/park/jbrew/ref/hg19_decoy/human_g1k_v37_decoy.fasta
        
        (one of the commands exited with non-zero exit code; note that snakemake uses bash strict mode!)
    external_jobid: 60621116

[Wed Feb 26 15:27:16 2025]
Error in rule preprocess:
    message: SLURM-job '60621117' failed, SLURM status is: 'FAILED'. For further error details see the cluster/cloud log and the log files of the involved rule(s).
    jobid: 120
    input: /n/data1/hms/dbmi/park/jbrew/Tau/Tau_github/examples/inform_run/inform_data/INFORM_snv/Patient86.vcf, /n/data1/hms/dbmi/park/jbrew/Tau/Tau_github/examples/inform_run/inform_data/INFORM_cn/Patient86.tsv, ../inform_data/purity_ploidy_inform.txt
    output: output/preprocessed/Patient86_preprocessed.tsv
    log: /n/data1/hms/dbmi/park/jbrew/Tau/Tau_github/examples/inform_run/snakemake/.snakemake/slurm_logs/rule_preprocess/Patient86/60621117.log (check log file(s) for error details)
    shell:
        
        python scripts/preprocess.py             --sample Patient86             --snv /n/data1/hms/dbmi/park/jbrew/Tau/Tau_github/examples/inform_run/inform_data/INFORM_snv/Patient86.vcf             --cnv /n/data1/hms/dbmi/park/jbrew/Tau/Tau_github/examples/inform_run/inform_data/INFORM_cn/Patient86.tsv             --purity ../inform_data/purity_ploidy_inform.txt             --output output/preprocessed/Patient86_preprocessed.tsv
        
        (one of the commands exited with non-zero exit code; note that snakemake uses bash strict mode!)
    external_jobid: 60621117

[Wed Feb 26 15:27:16 2025]
Error in rule calculate_likelihoods:
    message: SLURM-job '60621118' failed, SLURM status is: 'FAILED'. For further error details see the cluster/cloud log and the log files of the involved rule(s).
    jobid: 79
    input: output/preprocessed/Patient58_preprocessed.tsv, ../inform_data/all_exposures_aligned_0.01_0.05_0.05_0.001_0.001_0.001_0.001_0.001_sub0.005.txt, ../inform_data/COSMIC_v3p2_SBS_WGS_MuSiCal.csv, /n/data1/hms/dbmi/park/jbrew/ref/hg19_decoy/human_g1k_v37_decoy.fasta
    output: output/likelihoods/Patient58_likelihoods.tsv
    log: /n/data1/hms/dbmi/park/jbrew/Tau/Tau_github/examples/inform_run/snakemake/.snakemake/slurm_logs/rule_calculate_likelihoods/Patient58/60621118.log (check log file(s) for error details)
    shell:
        
        python scripts/calculate_likelihoods.py             --sample Patient58             --preprocessed_file output/preprocessed/Patient58_preprocessed.tsv             --exposure ../inform_data/all_exposures_aligned_0.01_0.05_0.05_0.001_0.001_0.001_0.001_0.001_sub0.005.txt             --signature ../inform_data/COSMIC_v3p2_SBS_WGS_MuSiCal.csv             --output output/likelihoods/Patient58_likelihoods.tsv             --ref_genome /n/data1/hms/dbmi/park/jbrew/ref/hg19_decoy/human_g1k_v37_decoy.fasta
        
        (one of the commands exited with non-zero exit code; note that snakemake uses bash strict mode!)
    external_jobid: 60621118

[Wed Feb 26 15:27:16 2025]
Error in rule calculate_likelihoods:
    message: SLURM-job '60621119' failed, SLURM status is: 'FAILED'. For further error details see the cluster/cloud log and the log files of the involved rule(s).
    jobid: 11
    input: output/preprocessed/Patient113_preprocessed.tsv, ../inform_data/all_exposures_aligned_0.01_0.05_0.05_0.001_0.001_0.001_0.001_0.001_sub0.005.txt, ../inform_data/COSMIC_v3p2_SBS_WGS_MuSiCal.csv, /n/data1/hms/dbmi/park/jbrew/ref/hg19_decoy/human_g1k_v37_decoy.fasta
    output: output/likelihoods/Patient113_likelihoods.tsv
    log: /n/data1/hms/dbmi/park/jbrew/Tau/Tau_github/examples/inform_run/snakemake/.snakemake/slurm_logs/rule_calculate_likelihoods/Patient113/60621119.log (check log file(s) for error details)
    shell:
        
        python scripts/calculate_likelihoods.py             --sample Patient113             --preprocessed_file output/preprocessed/Patient113_preprocessed.tsv             --exposure ../inform_data/all_exposures_aligned_0.01_0.05_0.05_0.001_0.001_0.001_0.001_0.001_sub0.005.txt             --signature ../inform_data/COSMIC_v3p2_SBS_WGS_MuSiCal.csv             --output output/likelihoods/Patient113_likelihoods.tsv             --ref_genome /n/data1/hms/dbmi/park/jbrew/ref/hg19_decoy/human_g1k_v37_decoy.fasta
        
        (one of the commands exited with non-zero exit code; note that snakemake uses bash strict mode!)
    external_jobid: 60621119

[Wed Feb 26 15:27:16 2025]
Error in rule calculate_likelihoods:
    message: SLURM-job '60621120' failed, SLURM status is: 'FAILED'. For further error details see the cluster/cloud log and the log files of the involved rule(s).
    jobid: 131
    input: output/preprocessed/Patient94_preprocessed.tsv, ../inform_data/all_exposures_aligned_0.01_0.05_0.05_0.001_0.001_0.001_0.001_0.001_sub0.005.txt, ../inform_data/COSMIC_v3p2_SBS_WGS_MuSiCal.csv, /n/data1/hms/dbmi/park/jbrew/ref/hg19_decoy/human_g1k_v37_decoy.fasta
    output: output/likelihoods/Patient94_likelihoods.tsv
    log: /n/data1/hms/dbmi/park/jbrew/Tau/Tau_github/examples/inform_run/snakemake/.snakemake/slurm_logs/rule_calculate_likelihoods/Patient94/60621120.log (check log file(s) for error details)
    shell:
        
        python scripts/calculate_likelihoods.py             --sample Patient94             --preprocessed_file output/preprocessed/Patient94_preprocessed.tsv             --exposure ../inform_data/all_exposures_aligned_0.01_0.05_0.05_0.001_0.001_0.001_0.001_0.001_sub0.005.txt             --signature ../inform_data/COSMIC_v3p2_SBS_WGS_MuSiCal.csv             --output output/likelihoods/Patient94_likelihoods.tsv             --ref_genome /n/data1/hms/dbmi/park/jbrew/ref/hg19_decoy/human_g1k_v37_decoy.fasta
        
        (one of the commands exited with non-zero exit code; note that snakemake uses bash strict mode!)
    external_jobid: 60621120

[Wed Feb 26 15:27:16 2025]
Error in rule calculate_likelihoods:
    message: SLURM-job '60621121' failed, SLURM status is: 'FAILED'. For further error details see the cluster/cloud log and the log files of the involved rule(s).
    jobid: 71
    input: output/preprocessed/Patient55_preprocessed.tsv, ../inform_data/all_exposures_aligned_0.01_0.05_0.05_0.001_0.001_0.001_0.001_0.001_sub0.005.txt, ../inform_data/COSMIC_v3p2_SBS_WGS_MuSiCal.csv, /n/data1/hms/dbmi/park/jbrew/ref/hg19_decoy/human_g1k_v37_decoy.fasta
    output: output/likelihoods/Patient55_likelihoods.tsv
    log: /n/data1/hms/dbmi/park/jbrew/Tau/Tau_github/examples/inform_run/snakemake/.snakemake/slurm_logs/rule_calculate_likelihoods/Patient55/60621121.log (check log file(s) for error details)
    shell:
        
        python scripts/calculate_likelihoods.py             --sample Patient55             --preprocessed_file output/preprocessed/Patient55_preprocessed.tsv             --exposure ../inform_data/all_exposures_aligned_0.01_0.05_0.05_0.001_0.001_0.001_0.001_0.001_sub0.005.txt             --signature ../inform_data/COSMIC_v3p2_SBS_WGS_MuSiCal.csv             --output output/likelihoods/Patient55_likelihoods.tsv             --ref_genome /n/data1/hms/dbmi/park/jbrew/ref/hg19_decoy/human_g1k_v37_decoy.fasta
        
        (one of the commands exited with non-zero exit code; note that snakemake uses bash strict mode!)
    external_jobid: 60621121

[Wed Feb 26 15:27:16 2025]
Error in rule calculate_likelihoods:
    message: SLURM-job '60621122' failed, SLURM status is: 'FAILED'. For further error details see the cluster/cloud log and the log files of the involved rule(s).
    jobid: 63
    input: output/preprocessed/Patient47_preprocessed.tsv, ../inform_data/all_exposures_aligned_0.01_0.05_0.05_0.001_0.001_0.001_0.001_0.001_sub0.005.txt, ../inform_data/COSMIC_v3p2_SBS_WGS_MuSiCal.csv, /n/data1/hms/dbmi/park/jbrew/ref/hg19_decoy/human_g1k_v37_decoy.fasta
    output: output/likelihoods/Patient47_likelihoods.tsv
    log: /n/data1/hms/dbmi/park/jbrew/Tau/Tau_github/examples/inform_run/snakemake/.snakemake/slurm_logs/rule_calculate_likelihoods/Patient47/60621122.log (check log file(s) for error details)
    shell:
        
        python scripts/calculate_likelihoods.py             --sample Patient47             --preprocessed_file output/preprocessed/Patient47_preprocessed.tsv             --exposure ../inform_data/all_exposures_aligned_0.01_0.05_0.05_0.001_0.001_0.001_0.001_0.001_sub0.005.txt             --signature ../inform_data/COSMIC_v3p2_SBS_WGS_MuSiCal.csv             --output output/likelihoods/Patient47_likelihoods.tsv             --ref_genome /n/data1/hms/dbmi/park/jbrew/ref/hg19_decoy/human_g1k_v37_decoy.fasta
        
        (one of the commands exited with non-zero exit code; note that snakemake uses bash strict mode!)
    external_jobid: 60621122

[Wed Feb 26 15:27:16 2025]
Error in rule calculate_likelihoods:
    message: SLURM-job '60621123' failed, SLURM status is: 'FAILED'. For further error details see the cluster/cloud log and the log files of the involved rule(s).
    jobid: 123
    input: output/preprocessed/Patient87_preprocessed.tsv, ../inform_data/all_exposures_aligned_0.01_0.05_0.05_0.001_0.001_0.001_0.001_0.001_sub0.005.txt, ../inform_data/COSMIC_v3p2_SBS_WGS_MuSiCal.csv, /n/data1/hms/dbmi/park/jbrew/ref/hg19_decoy/human_g1k_v37_decoy.fasta
    output: output/likelihoods/Patient87_likelihoods.tsv
    log: /n/data1/hms/dbmi/park/jbrew/Tau/Tau_github/examples/inform_run/snakemake/.snakemake/slurm_logs/rule_calculate_likelihoods/Patient87/60621123.log (check log file(s) for error details)
    shell:
        
        python scripts/calculate_likelihoods.py             --sample Patient87             --preprocessed_file output/preprocessed/Patient87_preprocessed.tsv             --exposure ../inform_data/all_exposures_aligned_0.01_0.05_0.05_0.001_0.001_0.001_0.001_0.001_sub0.005.txt             --signature ../inform_data/COSMIC_v3p2_SBS_WGS_MuSiCal.csv             --output output/likelihoods/Patient87_likelihoods.tsv             --ref_genome /n/data1/hms/dbmi/park/jbrew/ref/hg19_decoy/human_g1k_v37_decoy.fasta
        
        (one of the commands exited with non-zero exit code; note that snakemake uses bash strict mode!)
    external_jobid: 60621123

[Wed Feb 26 15:27:16 2025]
Error in rule calculate_likelihoods:
    message: SLURM-job '60621124' failed, SLURM status is: 'FAILED'. For further error details see the cluster/cloud log and the log files of the involved rule(s).
    jobid: 55
    input: output/preprocessed/Patient43_preprocessed.tsv, ../inform_data/all_exposures_aligned_0.01_0.05_0.05_0.001_0.001_0.001_0.001_0.001_sub0.005.txt, ../inform_data/COSMIC_v3p2_SBS_WGS_MuSiCal.csv, /n/data1/hms/dbmi/park/jbrew/ref/hg19_decoy/human_g1k_v37_decoy.fasta
    output: output/likelihoods/Patient43_likelihoods.tsv
    log: /n/data1/hms/dbmi/park/jbrew/Tau/Tau_github/examples/inform_run/snakemake/.snakemake/slurm_logs/rule_calculate_likelihoods/Patient43/60621124.log (check log file(s) for error details)
    shell:
        
        python scripts/calculate_likelihoods.py             --sample Patient43             --preprocessed_file output/preprocessed/Patient43_preprocessed.tsv             --exposure ../inform_data/all_exposures_aligned_0.01_0.05_0.05_0.001_0.001_0.001_0.001_0.001_sub0.005.txt             --signature ../inform_data/COSMIC_v3p2_SBS_WGS_MuSiCal.csv             --output output/likelihoods/Patient43_likelihoods.tsv             --ref_genome /n/data1/hms/dbmi/park/jbrew/ref/hg19_decoy/human_g1k_v37_decoy.fasta
        
        (one of the commands exited with non-zero exit code; note that snakemake uses bash strict mode!)
    external_jobid: 60621124

[Wed Feb 26 15:27:16 2025]
Error in rule calculate_likelihoods:
    message: SLURM-job '60621126' failed, SLURM status is: 'FAILED'. For further error details see the cluster/cloud log and the log files of the involved rule(s).
    jobid: 115
    input: output/preprocessed/Patient82_preprocessed.tsv, ../inform_data/all_exposures_aligned_0.01_0.05_0.05_0.001_0.001_0.001_0.001_0.001_sub0.005.txt, ../inform_data/COSMIC_v3p2_SBS_WGS_MuSiCal.csv, /n/data1/hms/dbmi/park/jbrew/ref/hg19_decoy/human_g1k_v37_decoy.fasta
    output: output/likelihoods/Patient82_likelihoods.tsv
    log: /n/data1/hms/dbmi/park/jbrew/Tau/Tau_github/examples/inform_run/snakemake/.snakemake/slurm_logs/rule_calculate_likelihoods/Patient82/60621126.log (check log file(s) for error details)
    shell:
        
        python scripts/calculate_likelihoods.py             --sample Patient82             --preprocessed_file output/preprocessed/Patient82_preprocessed.tsv             --exposure ../inform_data/all_exposures_aligned_0.01_0.05_0.05_0.001_0.001_0.001_0.001_0.001_sub0.005.txt             --signature ../inform_data/COSMIC_v3p2_SBS_WGS_MuSiCal.csv             --output output/likelihoods/Patient82_likelihoods.tsv             --ref_genome /n/data1/hms/dbmi/park/jbrew/ref/hg19_decoy/human_g1k_v37_decoy.fasta
        
        (one of the commands exited with non-zero exit code; note that snakemake uses bash strict mode!)
    external_jobid: 60621126

[Wed Feb 26 15:27:16 2025]
Error in rule calculate_likelihoods:
    message: SLURM-job '60621127' failed, SLURM status is: 'FAILED'. For further error details see the cluster/cloud log and the log files of the involved rule(s).
    jobid: 47
    input: output/preprocessed/Patient34_preprocessed.tsv, ../inform_data/all_exposures_aligned_0.01_0.05_0.05_0.001_0.001_0.001_0.001_0.001_sub0.005.txt, ../inform_data/COSMIC_v3p2_SBS_WGS_MuSiCal.csv, /n/data1/hms/dbmi/park/jbrew/ref/hg19_decoy/human_g1k_v37_decoy.fasta
    output: output/likelihoods/Patient34_likelihoods.tsv
    log: /n/data1/hms/dbmi/park/jbrew/Tau/Tau_github/examples/inform_run/snakemake/.snakemake/slurm_logs/rule_calculate_likelihoods/Patient34/60621127.log (check log file(s) for error details)
    shell:
        
        python scripts/calculate_likelihoods.py             --sample Patient34             --preprocessed_file output/preprocessed/Patient34_preprocessed.tsv             --exposure ../inform_data/all_exposures_aligned_0.01_0.05_0.05_0.001_0.001_0.001_0.001_0.001_sub0.005.txt             --signature ../inform_data/COSMIC_v3p2_SBS_WGS_MuSiCal.csv             --output output/likelihoods/Patient34_likelihoods.tsv             --ref_genome /n/data1/hms/dbmi/park/jbrew/ref/hg19_decoy/human_g1k_v37_decoy.fasta
        
        (one of the commands exited with non-zero exit code; note that snakemake uses bash strict mode!)
    external_jobid: 60621127

[Wed Feb 26 15:27:16 2025]
Error in rule calculate_likelihoods:
    message: SLURM-job '60621128' failed, SLURM status is: 'FAILED'. For further error details see the cluster/cloud log and the log files of the involved rule(s).
    jobid: 39
    input: output/preprocessed/Patient26_preprocessed.tsv, ../inform_data/all_exposures_aligned_0.01_0.05_0.05_0.001_0.001_0.001_0.001_0.001_sub0.005.txt, ../inform_data/COSMIC_v3p2_SBS_WGS_MuSiCal.csv, /n/data1/hms/dbmi/park/jbrew/ref/hg19_decoy/human_g1k_v37_decoy.fasta
    output: output/likelihoods/Patient26_likelihoods.tsv
    log: /n/data1/hms/dbmi/park/jbrew/Tau/Tau_github/examples/inform_run/snakemake/.snakemake/slurm_logs/rule_calculate_likelihoods/Patient26/60621128.log (check log file(s) for error details)
    shell:
        
        python scripts/calculate_likelihoods.py             --sample Patient26             --preprocessed_file output/preprocessed/Patient26_preprocessed.tsv             --exposure ../inform_data/all_exposures_aligned_0.01_0.05_0.05_0.001_0.001_0.001_0.001_0.001_sub0.005.txt             --signature ../inform_data/COSMIC_v3p2_SBS_WGS_MuSiCal.csv             --output output/likelihoods/Patient26_likelihoods.tsv             --ref_genome /n/data1/hms/dbmi/park/jbrew/ref/hg19_decoy/human_g1k_v37_decoy.fasta
        
        (one of the commands exited with non-zero exit code; note that snakemake uses bash strict mode!)
    external_jobid: 60621128

[Wed Feb 26 15:27:16 2025]
Error in rule calculate_likelihoods:
    message: SLURM-job '60621129' failed, SLURM status is: 'FAILED'. For further error details see the cluster/cloud log and the log files of the involved rule(s).
    jobid: 91
    input: output/preprocessed/Patient68_preprocessed.tsv, ../inform_data/all_exposures_aligned_0.01_0.05_0.05_0.001_0.001_0.001_0.001_0.001_sub0.005.txt, ../inform_data/COSMIC_v3p2_SBS_WGS_MuSiCal.csv, /n/data1/hms/dbmi/park/jbrew/ref/hg19_decoy/human_g1k_v37_decoy.fasta
    output: output/likelihoods/Patient68_likelihoods.tsv
    log: /n/data1/hms/dbmi/park/jbrew/Tau/Tau_github/examples/inform_run/snakemake/.snakemake/slurm_logs/rule_calculate_likelihoods/Patient68/60621129.log (check log file(s) for error details)
    shell:
        
        python scripts/calculate_likelihoods.py             --sample Patient68             --preprocessed_file output/preprocessed/Patient68_preprocessed.tsv             --exposure ../inform_data/all_exposures_aligned_0.01_0.05_0.05_0.001_0.001_0.001_0.001_0.001_sub0.005.txt             --signature ../inform_data/COSMIC_v3p2_SBS_WGS_MuSiCal.csv             --output output/likelihoods/Patient68_likelihoods.tsv             --ref_genome /n/data1/hms/dbmi/park/jbrew/ref/hg19_decoy/human_g1k_v37_decoy.fasta
        
        (one of the commands exited with non-zero exit code; note that snakemake uses bash strict mode!)
    external_jobid: 60621129

[Wed Feb 26 15:27:16 2025]
Error in rule calculate_likelihoods:
    message: SLURM-job '60621130' failed, SLURM status is: 'FAILED'. For further error details see the cluster/cloud log and the log files of the involved rule(s).
    jobid: 31
    input: output/preprocessed/Patient20_preprocessed.tsv, ../inform_data/all_exposures_aligned_0.01_0.05_0.05_0.001_0.001_0.001_0.001_0.001_sub0.005.txt, ../inform_data/COSMIC_v3p2_SBS_WGS_MuSiCal.csv, /n/data1/hms/dbmi/park/jbrew/ref/hg19_decoy/human_g1k_v37_decoy.fasta
    output: output/likelihoods/Patient20_likelihoods.tsv
    log: /n/data1/hms/dbmi/park/jbrew/Tau/Tau_github/examples/inform_run/snakemake/.snakemake/slurm_logs/rule_calculate_likelihoods/Patient20/60621130.log (check log file(s) for error details)
    shell:
        
        python scripts/calculate_likelihoods.py             --sample Patient20             --preprocessed_file output/preprocessed/Patient20_preprocessed.tsv             --exposure ../inform_data/all_exposures_aligned_0.01_0.05_0.05_0.001_0.001_0.001_0.001_0.001_sub0.005.txt             --signature ../inform_data/COSMIC_v3p2_SBS_WGS_MuSiCal.csv             --output output/likelihoods/Patient20_likelihoods.tsv             --ref_genome /n/data1/hms/dbmi/park/jbrew/ref/hg19_decoy/human_g1k_v37_decoy.fasta
        
        (one of the commands exited with non-zero exit code; note that snakemake uses bash strict mode!)
    external_jobid: 60621130

[Wed Feb 26 15:27:16 2025]
Error in rule calculate_likelihoods:
    message: SLURM-job '60621131' failed, SLURM status is: 'FAILED'. For further error details see the cluster/cloud log and the log files of the involved rule(s).
    jobid: 83
    input: output/preprocessed/Patient64_preprocessed.tsv, ../inform_data/all_exposures_aligned_0.01_0.05_0.05_0.001_0.001_0.001_0.001_0.001_sub0.005.txt, ../inform_data/COSMIC_v3p2_SBS_WGS_MuSiCal.csv, /n/data1/hms/dbmi/park/jbrew/ref/hg19_decoy/human_g1k_v37_decoy.fasta
    output: output/likelihoods/Patient64_likelihoods.tsv
    log: /n/data1/hms/dbmi/park/jbrew/Tau/Tau_github/examples/inform_run/snakemake/.snakemake/slurm_logs/rule_calculate_likelihoods/Patient64/60621131.log (check log file(s) for error details)
    shell:
        
        python scripts/calculate_likelihoods.py             --sample Patient64             --preprocessed_file output/preprocessed/Patient64_preprocessed.tsv             --exposure ../inform_data/all_exposures_aligned_0.01_0.05_0.05_0.001_0.001_0.001_0.001_0.001_sub0.005.txt             --signature ../inform_data/COSMIC_v3p2_SBS_WGS_MuSiCal.csv             --output output/likelihoods/Patient64_likelihoods.tsv             --ref_genome /n/data1/hms/dbmi/park/jbrew/ref/hg19_decoy/human_g1k_v37_decoy.fasta
        
        (one of the commands exited with non-zero exit code; note that snakemake uses bash strict mode!)
    external_jobid: 60621131

[Wed Feb 26 15:27:16 2025]
Error in rule calculate_likelihoods:
    message: SLURM-job '60621132' failed, SLURM status is: 'FAILED'. For further error details see the cluster/cloud log and the log files of the involved rule(s).
    jobid: 23
    input: output/preprocessed/Patient18_preprocessed.tsv, ../inform_data/all_exposures_aligned_0.01_0.05_0.05_0.001_0.001_0.001_0.001_0.001_sub0.005.txt, ../inform_data/COSMIC_v3p2_SBS_WGS_MuSiCal.csv, /n/data1/hms/dbmi/park/jbrew/ref/hg19_decoy/human_g1k_v37_decoy.fasta
    output: output/likelihoods/Patient18_likelihoods.tsv
    log: /n/data1/hms/dbmi/park/jbrew/Tau/Tau_github/examples/inform_run/snakemake/.snakemake/slurm_logs/rule_calculate_likelihoods/Patient18/60621132.log (check log file(s) for error details)
    shell:
        
        python scripts/calculate_likelihoods.py             --sample Patient18             --preprocessed_file output/preprocessed/Patient18_preprocessed.tsv             --exposure ../inform_data/all_exposures_aligned_0.01_0.05_0.05_0.001_0.001_0.001_0.001_0.001_sub0.005.txt             --signature ../inform_data/COSMIC_v3p2_SBS_WGS_MuSiCal.csv             --output output/likelihoods/Patient18_likelihoods.tsv             --ref_genome /n/data1/hms/dbmi/park/jbrew/ref/hg19_decoy/human_g1k_v37_decoy.fasta
        
        (one of the commands exited with non-zero exit code; note that snakemake uses bash strict mode!)
    external_jobid: 60621132

[Wed Feb 26 15:27:16 2025]
Error in rule calculate_likelihoods:
    message: SLURM-job '60621133' failed, SLURM status is: 'FAILED'. For further error details see the cluster/cloud log and the log files of the involved rule(s).
    jobid: 75
    input: output/preprocessed/Patient57_preprocessed.tsv, ../inform_data/all_exposures_aligned_0.01_0.05_0.05_0.001_0.001_0.001_0.001_0.001_sub0.005.txt, ../inform_data/COSMIC_v3p2_SBS_WGS_MuSiCal.csv, /n/data1/hms/dbmi/park/jbrew/ref/hg19_decoy/human_g1k_v37_decoy.fasta
    output: output/likelihoods/Patient57_likelihoods.tsv
    log: /n/data1/hms/dbmi/park/jbrew/Tau/Tau_github/examples/inform_run/snakemake/.snakemake/slurm_logs/rule_calculate_likelihoods/Patient57/60621133.log (check log file(s) for error details)
    shell:
        
        python scripts/calculate_likelihoods.py             --sample Patient57             --preprocessed_file output/preprocessed/Patient57_preprocessed.tsv             --exposure ../inform_data/all_exposures_aligned_0.01_0.05_0.05_0.001_0.001_0.001_0.001_0.001_sub0.005.txt             --signature ../inform_data/COSMIC_v3p2_SBS_WGS_MuSiCal.csv             --output output/likelihoods/Patient57_likelihoods.tsv             --ref_genome /n/data1/hms/dbmi/park/jbrew/ref/hg19_decoy/human_g1k_v37_decoy.fasta
        
        (one of the commands exited with non-zero exit code; note that snakemake uses bash strict mode!)
    external_jobid: 60621133

Trying to restart job 107.
Trying to restart job 7.
Trying to restart job 127.
Trying to restart job 67.
Trying to restart job 100.
Trying to restart job 59.
Trying to restart job 111.
Trying to restart job 51.
Trying to restart job 103.
Trying to restart job 43.
Trying to restart job 35.
Trying to restart job 16.
Trying to restart job 3.
Trying to restart job 95.
Trying to restart job 27.
Trying to restart job 87.
Trying to restart job 19.
Trying to restart job 120.
Trying to restart job 79.
Trying to restart job 11.
Trying to restart job 131.
Trying to restart job 71.
Trying to restart job 63.
Trying to restart job 123.
Trying to restart job 55.
Trying to restart job 115.
Trying to restart job 47.
Trying to restart job 39.
Trying to restart job 91.
Trying to restart job 31.
Trying to restart job 83.
Trying to restart job 23.
Trying to restart job 75.
Select jobs to execute...
Execute 33 jobs...

[Wed Feb 26 15:27:17 2025]
rule calculate_likelihoods:
    input: output/preprocessed/Patient90_preprocessed.tsv, ../inform_data/all_exposures_aligned_0.01_0.05_0.05_0.001_0.001_0.001_0.001_0.001_sub0.005.txt, ../inform_data/COSMIC_v3p2_SBS_WGS_MuSiCal.csv, /n/data1/hms/dbmi/park/jbrew/ref/hg19_decoy/human_g1k_v37_decoy.fasta
    output: output/likelihoods/Patient90_likelihoods.tsv
    jobid: 127
    reason: Missing output files: output/likelihoods/Patient90_likelihoods.tsv; Input files updated by another job: output/preprocessed/Patient90_preprocessed.tsv
    wildcards: sample=Patient90
    resources: mem_mb=2000, mem_mib=1908, disk_mb=6091, disk_mib=5809, tmpdir=<TBD>, slurm_account=park_contrib, slurm_partition=park, runtime=14400, time=5:00

Job 127 has been submitted with SLURM jobid 60621222 (log: /n/data1/hms/dbmi/park/jbrew/Tau/Tau_github/examples/inform_run/snakemake/.snakemake/slurm_logs/rule_calculate_likelihoods/Patient90/60621222.log).

[Wed Feb 26 15:27:17 2025]
rule calculate_likelihoods:
    input: output/preprocessed/Patient109_preprocessed.tsv, ../inform_data/all_exposures_aligned_0.01_0.05_0.05_0.001_0.001_0.001_0.001_0.001_sub0.005.txt, ../inform_data/COSMIC_v3p2_SBS_WGS_MuSiCal.csv, /n/data1/hms/dbmi/park/jbrew/ref/hg19_decoy/human_g1k_v37_decoy.fasta
    output: output/likelihoods/Patient109_likelihoods.tsv
    jobid: 7
    reason: Missing output files: output/likelihoods/Patient109_likelihoods.tsv; Input files updated by another job: output/preprocessed/Patient109_preprocessed.tsv
    wildcards: sample=Patient109
    resources: mem_mb=2000, mem_mib=1908, disk_mb=6093, disk_mib=5811, tmpdir=<TBD>, slurm_account=park_contrib, slurm_partition=park, runtime=14400, time=5:00

Job 7 has been submitted with SLURM jobid 60621223 (log: /n/data1/hms/dbmi/park/jbrew/Tau/Tau_github/examples/inform_run/snakemake/.snakemake/slurm_logs/rule_calculate_likelihoods/Patient109/60621223.log).

[Wed Feb 26 15:27:17 2025]
rule calculate_likelihoods:
    input: output/preprocessed/Patient50_preprocessed.tsv, ../inform_data/all_exposures_aligned_0.01_0.05_0.05_0.001_0.001_0.001_0.001_0.001_sub0.005.txt, ../inform_data/COSMIC_v3p2_SBS_WGS_MuSiCal.csv, /n/data1/hms/dbmi/park/jbrew/ref/hg19_decoy/human_g1k_v37_decoy.fasta
    output: output/likelihoods/Patient50_likelihoods.tsv
    jobid: 67
    reason: Missing output files: output/likelihoods/Patient50_likelihoods.tsv; Input files updated by another job: output/preprocessed/Patient50_preprocessed.tsv
    wildcards: sample=Patient50
    resources: mem_mb=2000, mem_mib=1908, disk_mb=6087, disk_mib=5806, tmpdir=<TBD>, slurm_account=park_contrib, slurm_partition=park, runtime=14400, time=5:00

Job 67 has been submitted with SLURM jobid 60621224 (log: /n/data1/hms/dbmi/park/jbrew/Tau/Tau_github/examples/inform_run/snakemake/.snakemake/slurm_logs/rule_calculate_likelihoods/Patient50/60621224.log).

[Wed Feb 26 15:27:17 2025]
rule preprocess:
    input: /n/data1/hms/dbmi/park/jbrew/Tau/Tau_github/examples/inform_run/inform_data/INFORM_snv/Patient77.vcf, /n/data1/hms/dbmi/park/jbrew/Tau/Tau_github/examples/inform_run/inform_data/INFORM_cn/Patient77.tsv, ../inform_data/purity_ploidy_inform.txt
    output: output/preprocessed/Patient77_preprocessed.tsv
    jobid: 100
    reason: Missing output files: output/preprocessed/Patient77_preprocessed.tsv
    wildcards: sample=Patient77
    resources: mem_mb=3000, mem_mib=2862, disk_mb=1000, disk_mib=954, tmpdir=<TBD>, slurm_account=park_contrib, slurm_partition=park, runtime=14400, time=5:00

Job 100 has been submitted with SLURM jobid 60621225 (log: /n/data1/hms/dbmi/park/jbrew/Tau/Tau_github/examples/inform_run/snakemake/.snakemake/slurm_logs/rule_preprocess/Patient77/60621225.log).

[Wed Feb 26 15:27:18 2025]
rule calculate_likelihoods:
    input: output/preprocessed/Patient44_preprocessed.tsv, ../inform_data/all_exposures_aligned_0.01_0.05_0.05_0.001_0.001_0.001_0.001_0.001_sub0.005.txt, ../inform_data/COSMIC_v3p2_SBS_WGS_MuSiCal.csv, /n/data1/hms/dbmi/park/jbrew/ref/hg19_decoy/human_g1k_v37_decoy.fasta
    output: output/likelihoods/Patient44_likelihoods.tsv
    jobid: 59
    reason: Missing output files: output/likelihoods/Patient44_likelihoods.tsv; Input files updated by another job: output/preprocessed/Patient44_preprocessed.tsv
    wildcards: sample=Patient44
    resources: mem_mb=2000, mem_mib=1908, disk_mb=6089, disk_mib=5807, tmpdir=<TBD>, slurm_account=park_contrib, slurm_partition=park, runtime=14400, time=5:00

Job 59 has been submitted with SLURM jobid 60621226 (log: /n/data1/hms/dbmi/park/jbrew/Tau/Tau_github/examples/inform_run/snakemake/.snakemake/slurm_logs/rule_calculate_likelihoods/Patient44/60621226.log).

[Wed Feb 26 15:27:18 2025]
rule calculate_likelihoods:
    input: output/preprocessed/Patient81_preprocessed.tsv, ../inform_data/all_exposures_aligned_0.01_0.05_0.05_0.001_0.001_0.001_0.001_0.001_sub0.005.txt, ../inform_data/COSMIC_v3p2_SBS_WGS_MuSiCal.csv, /n/data1/hms/dbmi/park/jbrew/ref/hg19_decoy/human_g1k_v37_decoy.fasta
    output: output/likelihoods/Patient81_likelihoods.tsv
    jobid: 111
    reason: Missing output files: output/likelihoods/Patient81_likelihoods.tsv; Input files updated by another job: output/preprocessed/Patient81_preprocessed.tsv
    wildcards: sample=Patient81
    resources: mem_mb=2000, mem_mib=1908, disk_mb=6088, disk_mib=5806, tmpdir=<TBD>, slurm_account=park_contrib, slurm_partition=park, runtime=14400, time=5:00

Job 111 has been submitted with SLURM jobid 60621227 (log: /n/data1/hms/dbmi/park/jbrew/Tau/Tau_github/examples/inform_run/snakemake/.snakemake/slurm_logs/rule_calculate_likelihoods/Patient81/60621227.log).

[Wed Feb 26 15:27:18 2025]
rule calculate_likelihoods:
    input: output/preprocessed/Patient37_preprocessed.tsv, ../inform_data/all_exposures_aligned_0.01_0.05_0.05_0.001_0.001_0.001_0.001_0.001_sub0.005.txt, ../inform_data/COSMIC_v3p2_SBS_WGS_MuSiCal.csv, /n/data1/hms/dbmi/park/jbrew/ref/hg19_decoy/human_g1k_v37_decoy.fasta
    output: output/likelihoods/Patient37_likelihoods.tsv
    jobid: 51
    reason: Missing output files: output/likelihoods/Patient37_likelihoods.tsv; Input files updated by another job: output/preprocessed/Patient37_preprocessed.tsv
    wildcards: sample=Patient37
    resources: mem_mb=2000, mem_mib=1908, disk_mb=6092, disk_mib=5810, tmpdir=<TBD>, slurm_account=park_contrib, slurm_partition=park, runtime=14400, time=5:00

Job 51 has been submitted with SLURM jobid 60621228 (log: /n/data1/hms/dbmi/park/jbrew/Tau/Tau_github/examples/inform_run/snakemake/.snakemake/slurm_logs/rule_calculate_likelihoods/Patient37/60621228.log).

[Wed Feb 26 15:27:18 2025]
rule calculate_likelihoods:
    input: output/preprocessed/Patient7_preprocessed.tsv, ../inform_data/all_exposures_aligned_0.01_0.05_0.05_0.001_0.001_0.001_0.001_0.001_sub0.005.txt, ../inform_data/COSMIC_v3p2_SBS_WGS_MuSiCal.csv, /n/data1/hms/dbmi/park/jbrew/ref/hg19_decoy/human_g1k_v37_decoy.fasta
    output: output/likelihoods/Patient7_likelihoods.tsv
    jobid: 103
    reason: Missing output files: output/likelihoods/Patient7_likelihoods.tsv; Input files updated by another job: output/preprocessed/Patient7_preprocessed.tsv
    wildcards: sample=Patient7
    resources: mem_mb=2000, mem_mib=1908, disk_mb=6090, disk_mib=5808, tmpdir=<TBD>, slurm_account=park_contrib, slurm_partition=park, runtime=14400, time=5:00

Job 103 has been submitted with SLURM jobid 60621229 (log: /n/data1/hms/dbmi/park/jbrew/Tau/Tau_github/examples/inform_run/snakemake/.snakemake/slurm_logs/rule_calculate_likelihoods/Patient7/60621229.log).

[Wed Feb 26 15:27:19 2025]
rule calculate_likelihoods:
    input: output/preprocessed/Patient33_preprocessed.tsv, ../inform_data/all_exposures_aligned_0.01_0.05_0.05_0.001_0.001_0.001_0.001_0.001_sub0.005.txt, ../inform_data/COSMIC_v3p2_SBS_WGS_MuSiCal.csv, /n/data1/hms/dbmi/park/jbrew/ref/hg19_decoy/human_g1k_v37_decoy.fasta
    output: output/likelihoods/Patient33_likelihoods.tsv
    jobid: 43
    reason: Missing output files: output/likelihoods/Patient33_likelihoods.tsv; Input files updated by another job: output/preprocessed/Patient33_preprocessed.tsv
    wildcards: sample=Patient33
    resources: mem_mb=2000, mem_mib=1908, disk_mb=6095, disk_mib=5813, tmpdir=<TBD>, slurm_account=park_contrib, slurm_partition=park, runtime=14400, time=5:00

Job 43 has been submitted with SLURM jobid 60621230 (log: /n/data1/hms/dbmi/park/jbrew/Tau/Tau_github/examples/inform_run/snakemake/.snakemake/slurm_logs/rule_calculate_likelihoods/Patient33/60621230.log).

[Wed Feb 26 15:27:19 2025]
rule calculate_likelihoods:
    input: output/preprocessed/Patient25_preprocessed.tsv, ../inform_data/all_exposures_aligned_0.01_0.05_0.05_0.001_0.001_0.001_0.001_0.001_sub0.005.txt, ../inform_data/COSMIC_v3p2_SBS_WGS_MuSiCal.csv, /n/data1/hms/dbmi/park/jbrew/ref/hg19_decoy/human_g1k_v37_decoy.fasta
    output: output/likelihoods/Patient25_likelihoods.tsv
    jobid: 35
    reason: Missing output files: output/likelihoods/Patient25_likelihoods.tsv; Input files updated by another job: output/preprocessed/Patient25_preprocessed.tsv
    wildcards: sample=Patient25
    resources: mem_mb=2000, mem_mib=1908, disk_mb=6096, disk_mib=5814, tmpdir=<TBD>, slurm_account=park_contrib, slurm_partition=park, runtime=14400, time=5:00

Job 35 has been submitted with SLURM jobid 60621231 (log: /n/data1/hms/dbmi/park/jbrew/Tau/Tau_github/examples/inform_run/snakemake/.snakemake/slurm_logs/rule_calculate_likelihoods/Patient25/60621231.log).

[Wed Feb 26 15:27:19 2025]
rule preprocess:
    input: /n/data1/hms/dbmi/park/jbrew/Tau/Tau_github/examples/inform_run/inform_data/INFORM_snv/Patient15.vcf, /n/data1/hms/dbmi/park/jbrew/Tau/Tau_github/examples/inform_run/inform_data/INFORM_cn/Patient15.tsv, ../inform_data/purity_ploidy_inform.txt
    output: output/preprocessed/Patient15_preprocessed.tsv
    jobid: 16
    reason: Missing output files: output/preprocessed/Patient15_preprocessed.tsv
    wildcards: sample=Patient15
    resources: mem_mb=3000, mem_mib=2862, disk_mb=1000, disk_mib=954, tmpdir=<TBD>, slurm_account=park_contrib, slurm_partition=park, runtime=14400, time=5:00

Job 16 has been submitted with SLURM jobid 60621232 (log: /n/data1/hms/dbmi/park/jbrew/Tau/Tau_github/examples/inform_run/snakemake/.snakemake/slurm_logs/rule_preprocess/Patient15/60621232.log).

[Wed Feb 26 15:27:19 2025]
rule calculate_likelihoods:
    input: output/preprocessed/Patient101_preprocessed.tsv, ../inform_data/all_exposures_aligned_0.01_0.05_0.05_0.001_0.001_0.001_0.001_0.001_sub0.005.txt, ../inform_data/COSMIC_v3p2_SBS_WGS_MuSiCal.csv, /n/data1/hms/dbmi/park/jbrew/ref/hg19_decoy/human_g1k_v37_decoy.fasta
    output: output/likelihoods/Patient101_likelihoods.tsv
    jobid: 3
    reason: Missing output files: output/likelihoods/Patient101_likelihoods.tsv; Input files updated by another job: output/preprocessed/Patient101_preprocessed.tsv
    wildcards: sample=Patient101
    resources: mem_mb=2000, mem_mib=1908, disk_mb=6090, disk_mib=5808, tmpdir=<TBD>, slurm_account=park_contrib, slurm_partition=park, runtime=14400, time=5:00

Job 3 has been submitted with SLURM jobid 60621233 (log: /n/data1/hms/dbmi/park/jbrew/Tau/Tau_github/examples/inform_run/snakemake/.snakemake/slurm_logs/rule_calculate_likelihoods/Patient101/60621233.log).

[Wed Feb 26 15:27:20 2025]
rule calculate_likelihoods:
    input: output/preprocessed/Patient76_preprocessed.tsv, ../inform_data/all_exposures_aligned_0.01_0.05_0.05_0.001_0.001_0.001_0.001_0.001_sub0.005.txt, ../inform_data/COSMIC_v3p2_SBS_WGS_MuSiCal.csv, /n/data1/hms/dbmi/park/jbrew/ref/hg19_decoy/human_g1k_v37_decoy.fasta
    output: output/likelihoods/Patient76_likelihoods.tsv
    jobid: 95
    reason: Missing output files: output/likelihoods/Patient76_likelihoods.tsv; Input files updated by another job: output/preprocessed/Patient76_preprocessed.tsv
    wildcards: sample=Patient76
    resources: mem_mb=2000, mem_mib=1908, disk_mb=6094, disk_mib=5812, tmpdir=<TBD>, slurm_account=park_contrib, slurm_partition=park, runtime=14400, time=5:00

Job 95 has been submitted with SLURM jobid 60621234 (log: /n/data1/hms/dbmi/park/jbrew/Tau/Tau_github/examples/inform_run/snakemake/.snakemake/slurm_logs/rule_calculate_likelihoods/Patient76/60621234.log).

[Wed Feb 26 15:27:20 2025]
rule calculate_likelihoods:
    input: output/preprocessed/Patient1_preprocessed.tsv, ../inform_data/all_exposures_aligned_0.01_0.05_0.05_0.001_0.001_0.001_0.001_0.001_sub0.005.txt, ../inform_data/COSMIC_v3p2_SBS_WGS_MuSiCal.csv, /n/data1/hms/dbmi/park/jbrew/ref/hg19_decoy/human_g1k_v37_decoy.fasta
    output: output/likelihoods/Patient1_likelihoods.tsv
    jobid: 27
    reason: Missing output files: output/likelihoods/Patient1_likelihoods.tsv; Input files updated by another job: output/preprocessed/Patient1_preprocessed.tsv
    wildcards: sample=Patient1
    resources: mem_mb=2000, mem_mib=1908, disk_mb=6088, disk_mib=5806, tmpdir=<TBD>, slurm_account=park_contrib, slurm_partition=park, runtime=14400, time=5:00

Job 27 has been submitted with SLURM jobid 60621235 (log: /n/data1/hms/dbmi/park/jbrew/Tau/Tau_github/examples/inform_run/snakemake/.snakemake/slurm_logs/rule_calculate_likelihoods/Patient1/60621235.log).

[Wed Feb 26 15:27:20 2025]
rule calculate_likelihoods:
    input: output/preprocessed/Patient65_preprocessed.tsv, ../inform_data/all_exposures_aligned_0.01_0.05_0.05_0.001_0.001_0.001_0.001_0.001_sub0.005.txt, ../inform_data/COSMIC_v3p2_SBS_WGS_MuSiCal.csv, /n/data1/hms/dbmi/park/jbrew/ref/hg19_decoy/human_g1k_v37_decoy.fasta
    output: output/likelihoods/Patient65_likelihoods.tsv
    jobid: 87
    reason: Missing output files: output/likelihoods/Patient65_likelihoods.tsv
    wildcards: sample=Patient65
    resources: mem_mb=3000, mem_mib=2862, disk_mb=6091, disk_mib=5809, tmpdir=<TBD>, slurm_account=park_contrib, slurm_partition=park, runtime=14400, time=5:00

Job 87 has been submitted with SLURM jobid 60621236 (log: /n/data1/hms/dbmi/park/jbrew/Tau/Tau_github/examples/inform_run/snakemake/.snakemake/slurm_logs/rule_calculate_likelihoods/Patient65/60621236.log).

[Wed Feb 26 15:27:20 2025]
rule calculate_likelihoods:
    input: output/preprocessed/Patient17_preprocessed.tsv, ../inform_data/all_exposures_aligned_0.01_0.05_0.05_0.001_0.001_0.001_0.001_0.001_sub0.005.txt, ../inform_data/COSMIC_v3p2_SBS_WGS_MuSiCal.csv, /n/data1/hms/dbmi/park/jbrew/ref/hg19_decoy/human_g1k_v37_decoy.fasta
    output: output/likelihoods/Patient17_likelihoods.tsv
    jobid: 19
    reason: Missing output files: output/likelihoods/Patient17_likelihoods.tsv; Input files updated by another job: output/preprocessed/Patient17_preprocessed.tsv
    wildcards: sample=Patient17
    resources: mem_mb=2000, mem_mib=1908, disk_mb=6090, disk_mib=5808, tmpdir=<TBD>, slurm_account=park_contrib, slurm_partition=park, runtime=14400, time=5:00

Job 19 has been submitted with SLURM jobid 60621237 (log: /n/data1/hms/dbmi/park/jbrew/Tau/Tau_github/examples/inform_run/snakemake/.snakemake/slurm_logs/rule_calculate_likelihoods/Patient17/60621237.log).

[Wed Feb 26 15:27:21 2025]
rule preprocess:
    input: /n/data1/hms/dbmi/park/jbrew/Tau/Tau_github/examples/inform_run/inform_data/INFORM_snv/Patient86.vcf, /n/data1/hms/dbmi/park/jbrew/Tau/Tau_github/examples/inform_run/inform_data/INFORM_cn/Patient86.tsv, ../inform_data/purity_ploidy_inform.txt
    output: output/preprocessed/Patient86_preprocessed.tsv
    jobid: 120
    reason: Missing output files: output/preprocessed/Patient86_preprocessed.tsv
    wildcards: sample=Patient86
    resources: mem_mb=3000, mem_mib=2862, disk_mb=1000, disk_mib=954, tmpdir=<TBD>, slurm_account=park_contrib, slurm_partition=park, runtime=14400, time=5:00

Job 120 has been submitted with SLURM jobid 60621238 (log: /n/data1/hms/dbmi/park/jbrew/Tau/Tau_github/examples/inform_run/snakemake/.snakemake/slurm_logs/rule_preprocess/Patient86/60621238.log).

[Wed Feb 26 15:27:21 2025]
rule calculate_likelihoods:
    input: output/preprocessed/Patient58_preprocessed.tsv, ../inform_data/all_exposures_aligned_0.01_0.05_0.05_0.001_0.001_0.001_0.001_0.001_sub0.005.txt, ../inform_data/COSMIC_v3p2_SBS_WGS_MuSiCal.csv, /n/data1/hms/dbmi/park/jbrew/ref/hg19_decoy/human_g1k_v37_decoy.fasta
    output: output/likelihoods/Patient58_likelihoods.tsv
    jobid: 79
    reason: Missing output files: output/likelihoods/Patient58_likelihoods.tsv; Input files updated by another job: output/preprocessed/Patient58_preprocessed.tsv
    wildcards: sample=Patient58
    resources: mem_mb=2000, mem_mib=1908, disk_mb=6090, disk_mib=5808, tmpdir=<TBD>, slurm_account=park_contrib, slurm_partition=park, runtime=14400, time=5:00

Job 79 has been submitted with SLURM jobid 60621239 (log: /n/data1/hms/dbmi/park/jbrew/Tau/Tau_github/examples/inform_run/snakemake/.snakemake/slurm_logs/rule_calculate_likelihoods/Patient58/60621239.log).

[Wed Feb 26 15:27:21 2025]
rule calculate_likelihoods:
    input: output/preprocessed/Patient113_preprocessed.tsv, ../inform_data/all_exposures_aligned_0.01_0.05_0.05_0.001_0.001_0.001_0.001_0.001_sub0.005.txt, ../inform_data/COSMIC_v3p2_SBS_WGS_MuSiCal.csv, /n/data1/hms/dbmi/park/jbrew/ref/hg19_decoy/human_g1k_v37_decoy.fasta
    output: output/likelihoods/Patient113_likelihoods.tsv
    jobid: 11
    reason: Missing output files: output/likelihoods/Patient113_likelihoods.tsv; Input files updated by another job: output/preprocessed/Patient113_preprocessed.tsv
    wildcards: sample=Patient113
    resources: mem_mb=2000, mem_mib=1908, disk_mb=6092, disk_mib=5810, tmpdir=<TBD>, slurm_account=park_contrib, slurm_partition=park, runtime=14400, time=5:00

Job 11 has been submitted with SLURM jobid 60621240 (log: /n/data1/hms/dbmi/park/jbrew/Tau/Tau_github/examples/inform_run/snakemake/.snakemake/slurm_logs/rule_calculate_likelihoods/Patient113/60621240.log).

[Wed Feb 26 15:27:21 2025]
rule calculate_likelihoods:
    input: output/preprocessed/Patient94_preprocessed.tsv, ../inform_data/all_exposures_aligned_0.01_0.05_0.05_0.001_0.001_0.001_0.001_0.001_sub0.005.txt, ../inform_data/COSMIC_v3p2_SBS_WGS_MuSiCal.csv, /n/data1/hms/dbmi/park/jbrew/ref/hg19_decoy/human_g1k_v37_decoy.fasta
    output: output/likelihoods/Patient94_likelihoods.tsv
    jobid: 131
    reason: Missing output files: output/likelihoods/Patient94_likelihoods.tsv; Input files updated by another job: output/preprocessed/Patient94_preprocessed.tsv
    wildcards: sample=Patient94
    resources: mem_mb=2000, mem_mib=1908, disk_mb=6089, disk_mib=5807, tmpdir=<TBD>, slurm_account=park_contrib, slurm_partition=park, runtime=14400, time=5:00

Job 131 has been submitted with SLURM jobid 60621241 (log: /n/data1/hms/dbmi/park/jbrew/Tau/Tau_github/examples/inform_run/snakemake/.snakemake/slurm_logs/rule_calculate_likelihoods/Patient94/60621241.log).

[Wed Feb 26 15:27:22 2025]
rule calculate_likelihoods:
    input: output/preprocessed/Patient55_preprocessed.tsv, ../inform_data/all_exposures_aligned_0.01_0.05_0.05_0.001_0.001_0.001_0.001_0.001_sub0.005.txt, ../inform_data/COSMIC_v3p2_SBS_WGS_MuSiCal.csv, /n/data1/hms/dbmi/park/jbrew/ref/hg19_decoy/human_g1k_v37_decoy.fasta
    output: output/likelihoods/Patient55_likelihoods.tsv
    jobid: 71
    reason: Missing output files: output/likelihoods/Patient55_likelihoods.tsv; Input files updated by another job: output/preprocessed/Patient55_preprocessed.tsv
    wildcards: sample=Patient55
    resources: mem_mb=2000, mem_mib=1908, disk_mb=6091, disk_mib=5809, tmpdir=<TBD>, slurm_account=park_contrib, slurm_partition=park, runtime=14400, time=5:00

Job 71 has been submitted with SLURM jobid 60621242 (log: /n/data1/hms/dbmi/park/jbrew/Tau/Tau_github/examples/inform_run/snakemake/.snakemake/slurm_logs/rule_calculate_likelihoods/Patient55/60621242.log).

[Wed Feb 26 15:27:22 2025]
rule calculate_likelihoods:
    input: output/preprocessed/Patient47_preprocessed.tsv, ../inform_data/all_exposures_aligned_0.01_0.05_0.05_0.001_0.001_0.001_0.001_0.001_sub0.005.txt, ../inform_data/COSMIC_v3p2_SBS_WGS_MuSiCal.csv, /n/data1/hms/dbmi/park/jbrew/ref/hg19_decoy/human_g1k_v37_decoy.fasta
    output: output/likelihoods/Patient47_likelihoods.tsv
    jobid: 63
    reason: Missing output files: output/likelihoods/Patient47_likelihoods.tsv; Input files updated by another job: output/preprocessed/Patient47_preprocessed.tsv
    wildcards: sample=Patient47
    resources: mem_mb=2000, mem_mib=1908, disk_mb=6091, disk_mib=5809, tmpdir=<TBD>, slurm_account=park_contrib, slurm_partition=park, runtime=14400, time=5:00

Job 63 has been submitted with SLURM jobid 60621243 (log: /n/data1/hms/dbmi/park/jbrew/Tau/Tau_github/examples/inform_run/snakemake/.snakemake/slurm_logs/rule_calculate_likelihoods/Patient47/60621243.log).

[Wed Feb 26 15:27:22 2025]
rule calculate_likelihoods:
    input: output/preprocessed/Patient87_preprocessed.tsv, ../inform_data/all_exposures_aligned_0.01_0.05_0.05_0.001_0.001_0.001_0.001_0.001_sub0.005.txt, ../inform_data/COSMIC_v3p2_SBS_WGS_MuSiCal.csv, /n/data1/hms/dbmi/park/jbrew/ref/hg19_decoy/human_g1k_v37_decoy.fasta
    output: output/likelihoods/Patient87_likelihoods.tsv
    jobid: 123
    reason: Missing output files: output/likelihoods/Patient87_likelihoods.tsv; Input files updated by another job: output/preprocessed/Patient87_preprocessed.tsv
    wildcards: sample=Patient87
    resources: mem_mb=2000, mem_mib=1908, disk_mb=6089, disk_mib=5807, tmpdir=<TBD>, slurm_account=park_contrib, slurm_partition=park, runtime=14400, time=5:00

Job 123 has been submitted with SLURM jobid 60621244 (log: /n/data1/hms/dbmi/park/jbrew/Tau/Tau_github/examples/inform_run/snakemake/.snakemake/slurm_logs/rule_calculate_likelihoods/Patient87/60621244.log).

[Wed Feb 26 15:27:22 2025]
rule calculate_likelihoods:
    input: output/preprocessed/Patient43_preprocessed.tsv, ../inform_data/all_exposures_aligned_0.01_0.05_0.05_0.001_0.001_0.001_0.001_0.001_sub0.005.txt, ../inform_data/COSMIC_v3p2_SBS_WGS_MuSiCal.csv, /n/data1/hms/dbmi/park/jbrew/ref/hg19_decoy/human_g1k_v37_decoy.fasta
    output: output/likelihoods/Patient43_likelihoods.tsv
    jobid: 55
    reason: Missing output files: output/likelihoods/Patient43_likelihoods.tsv; Input files updated by another job: output/preprocessed/Patient43_preprocessed.tsv
    wildcards: sample=Patient43
    resources: mem_mb=2000, mem_mib=1908, disk_mb=6092, disk_mib=5810, tmpdir=<TBD>, slurm_account=park_contrib, slurm_partition=park, runtime=14400, time=5:00

Job 55 has been submitted with SLURM jobid 60621245 (log: /n/data1/hms/dbmi/park/jbrew/Tau/Tau_github/examples/inform_run/snakemake/.snakemake/slurm_logs/rule_calculate_likelihoods/Patient43/60621245.log).

[Wed Feb 26 15:27:23 2025]
rule calculate_likelihoods:
    input: output/preprocessed/Patient82_preprocessed.tsv, ../inform_data/all_exposures_aligned_0.01_0.05_0.05_0.001_0.001_0.001_0.001_0.001_sub0.005.txt, ../inform_data/COSMIC_v3p2_SBS_WGS_MuSiCal.csv, /n/data1/hms/dbmi/park/jbrew/ref/hg19_decoy/human_g1k_v37_decoy.fasta
    output: output/likelihoods/Patient82_likelihoods.tsv
    jobid: 115
    reason: Missing output files: output/likelihoods/Patient82_likelihoods.tsv; Input files updated by another job: output/preprocessed/Patient82_preprocessed.tsv
    wildcards: sample=Patient82
    resources: mem_mb=2000, mem_mib=1908, disk_mb=6089, disk_mib=5807, tmpdir=<TBD>, slurm_account=park_contrib, slurm_partition=park, runtime=14400, time=5:00

Job 115 has been submitted with SLURM jobid 60621246 (log: /n/data1/hms/dbmi/park/jbrew/Tau/Tau_github/examples/inform_run/snakemake/.snakemake/slurm_logs/rule_calculate_likelihoods/Patient82/60621246.log).

[Wed Feb 26 15:27:23 2025]
rule calculate_likelihoods:
    input: output/preprocessed/Patient34_preprocessed.tsv, ../inform_data/all_exposures_aligned_0.01_0.05_0.05_0.001_0.001_0.001_0.001_0.001_sub0.005.txt, ../inform_data/COSMIC_v3p2_SBS_WGS_MuSiCal.csv, /n/data1/hms/dbmi/park/jbrew/ref/hg19_decoy/human_g1k_v37_decoy.fasta
    output: output/likelihoods/Patient34_likelihoods.tsv
    jobid: 47
    reason: Missing output files: output/likelihoods/Patient34_likelihoods.tsv; Input files updated by another job: output/preprocessed/Patient34_preprocessed.tsv
    wildcards: sample=Patient34
    resources: mem_mb=2000, mem_mib=1908, disk_mb=6090, disk_mib=5808, tmpdir=<TBD>, slurm_account=park_contrib, slurm_partition=park, runtime=14400, time=5:00

Job 47 has been submitted with SLURM jobid 60621247 (log: /n/data1/hms/dbmi/park/jbrew/Tau/Tau_github/examples/inform_run/snakemake/.snakemake/slurm_logs/rule_calculate_likelihoods/Patient34/60621247.log).

[Wed Feb 26 15:27:23 2025]
rule calculate_likelihoods:
    input: output/preprocessed/Patient80_preprocessed.tsv, ../inform_data/all_exposures_aligned_0.01_0.05_0.05_0.001_0.001_0.001_0.001_0.001_sub0.005.txt, ../inform_data/COSMIC_v3p2_SBS_WGS_MuSiCal.csv, /n/data1/hms/dbmi/park/jbrew/ref/hg19_decoy/human_g1k_v37_decoy.fasta
    output: output/likelihoods/Patient80_likelihoods.tsv
    jobid: 107
    reason: Missing output files: output/likelihoods/Patient80_likelihoods.tsv; Input files updated by another job: output/preprocessed/Patient80_preprocessed.tsv
    wildcards: sample=Patient80
    resources: mem_mb=2000, mem_mib=1908, disk_mb=6090, disk_mib=5808, tmpdir=<TBD>, slurm_account=park_contrib, slurm_partition=park, runtime=14400, time=5:00

Job 107 has been submitted with SLURM jobid 60621248 (log: /n/data1/hms/dbmi/park/jbrew/Tau/Tau_github/examples/inform_run/snakemake/.snakemake/slurm_logs/rule_calculate_likelihoods/Patient80/60621248.log).

[Wed Feb 26 15:27:23 2025]
rule calculate_likelihoods:
    input: output/preprocessed/Patient26_preprocessed.tsv, ../inform_data/all_exposures_aligned_0.01_0.05_0.05_0.001_0.001_0.001_0.001_0.001_sub0.005.txt, ../inform_data/COSMIC_v3p2_SBS_WGS_MuSiCal.csv, /n/data1/hms/dbmi/park/jbrew/ref/hg19_decoy/human_g1k_v37_decoy.fasta
    output: output/likelihoods/Patient26_likelihoods.tsv
    jobid: 39
    reason: Missing output files: output/likelihoods/Patient26_likelihoods.tsv; Input files updated by another job: output/preprocessed/Patient26_preprocessed.tsv
    wildcards: sample=Patient26
    resources: mem_mb=2000, mem_mib=1908, disk_mb=6089, disk_mib=5807, tmpdir=<TBD>, slurm_account=park_contrib, slurm_partition=park, runtime=14400, time=5:00

Job 39 has been submitted with SLURM jobid 60621249 (log: /n/data1/hms/dbmi/park/jbrew/Tau/Tau_github/examples/inform_run/snakemake/.snakemake/slurm_logs/rule_calculate_likelihoods/Patient26/60621249.log).

[Wed Feb 26 15:27:24 2025]
rule calculate_likelihoods:
    input: output/preprocessed/Patient68_preprocessed.tsv, ../inform_data/all_exposures_aligned_0.01_0.05_0.05_0.001_0.001_0.001_0.001_0.001_sub0.005.txt, ../inform_data/COSMIC_v3p2_SBS_WGS_MuSiCal.csv, /n/data1/hms/dbmi/park/jbrew/ref/hg19_decoy/human_g1k_v37_decoy.fasta
    output: output/likelihoods/Patient68_likelihoods.tsv
    jobid: 91
    reason: Missing output files: output/likelihoods/Patient68_likelihoods.tsv; Input files updated by another job: output/preprocessed/Patient68_preprocessed.tsv
    wildcards: sample=Patient68
    resources: mem_mb=2000, mem_mib=1908, disk_mb=6090, disk_mib=5808, tmpdir=<TBD>, slurm_account=park_contrib, slurm_partition=park, runtime=14400, time=5:00

Job 91 has been submitted with SLURM jobid 60621250 (log: /n/data1/hms/dbmi/park/jbrew/Tau/Tau_github/examples/inform_run/snakemake/.snakemake/slurm_logs/rule_calculate_likelihoods/Patient68/60621250.log).

[Wed Feb 26 15:27:24 2025]
rule calculate_likelihoods:
    input: output/preprocessed/Patient20_preprocessed.tsv, ../inform_data/all_exposures_aligned_0.01_0.05_0.05_0.001_0.001_0.001_0.001_0.001_sub0.005.txt, ../inform_data/COSMIC_v3p2_SBS_WGS_MuSiCal.csv, /n/data1/hms/dbmi/park/jbrew/ref/hg19_decoy/human_g1k_v37_decoy.fasta
    output: output/likelihoods/Patient20_likelihoods.tsv
    jobid: 31
    reason: Missing output files: output/likelihoods/Patient20_likelihoods.tsv; Input files updated by another job: output/preprocessed/Patient20_preprocessed.tsv
    wildcards: sample=Patient20
    resources: mem_mb=2000, mem_mib=1908, disk_mb=6092, disk_mib=5810, tmpdir=<TBD>, slurm_account=park_contrib, slurm_partition=park, runtime=14400, time=5:00

Job 31 has been submitted with SLURM jobid 60621251 (log: /n/data1/hms/dbmi/park/jbrew/Tau/Tau_github/examples/inform_run/snakemake/.snakemake/slurm_logs/rule_calculate_likelihoods/Patient20/60621251.log).

[Wed Feb 26 15:27:24 2025]
rule calculate_likelihoods:
    input: output/preprocessed/Patient64_preprocessed.tsv, ../inform_data/all_exposures_aligned_0.01_0.05_0.05_0.001_0.001_0.001_0.001_0.001_sub0.005.txt, ../inform_data/COSMIC_v3p2_SBS_WGS_MuSiCal.csv, /n/data1/hms/dbmi/park/jbrew/ref/hg19_decoy/human_g1k_v37_decoy.fasta
    output: output/likelihoods/Patient64_likelihoods.tsv
    jobid: 83
    reason: Missing output files: output/likelihoods/Patient64_likelihoods.tsv; Input files updated by another job: output/preprocessed/Patient64_preprocessed.tsv
    wildcards: sample=Patient64
    resources: mem_mb=2000, mem_mib=1908, disk_mb=6090, disk_mib=5808, tmpdir=<TBD>, slurm_account=park_contrib, slurm_partition=park, runtime=14400, time=5:00

Job 83 has been submitted with SLURM jobid 60621252 (log: /n/data1/hms/dbmi/park/jbrew/Tau/Tau_github/examples/inform_run/snakemake/.snakemake/slurm_logs/rule_calculate_likelihoods/Patient64/60621252.log).

[Wed Feb 26 15:27:24 2025]
rule calculate_likelihoods:
    input: output/preprocessed/Patient18_preprocessed.tsv, ../inform_data/all_exposures_aligned_0.01_0.05_0.05_0.001_0.001_0.001_0.001_0.001_sub0.005.txt, ../inform_data/COSMIC_v3p2_SBS_WGS_MuSiCal.csv, /n/data1/hms/dbmi/park/jbrew/ref/hg19_decoy/human_g1k_v37_decoy.fasta
    output: output/likelihoods/Patient18_likelihoods.tsv
    jobid: 23
    reason: Missing output files: output/likelihoods/Patient18_likelihoods.tsv; Input files updated by another job: output/preprocessed/Patient18_preprocessed.tsv
    wildcards: sample=Patient18
    resources: mem_mb=2000, mem_mib=1908, disk_mb=6090, disk_mib=5808, tmpdir=<TBD>, slurm_account=park_contrib, slurm_partition=park, runtime=14400, time=5:00

Job 23 has been submitted with SLURM jobid 60621253 (log: /n/data1/hms/dbmi/park/jbrew/Tau/Tau_github/examples/inform_run/snakemake/.snakemake/slurm_logs/rule_calculate_likelihoods/Patient18/60621253.log).

[Wed Feb 26 15:27:24 2025]
rule calculate_likelihoods:
    input: output/preprocessed/Patient57_preprocessed.tsv, ../inform_data/all_exposures_aligned_0.01_0.05_0.05_0.001_0.001_0.001_0.001_0.001_sub0.005.txt, ../inform_data/COSMIC_v3p2_SBS_WGS_MuSiCal.csv, /n/data1/hms/dbmi/park/jbrew/ref/hg19_decoy/human_g1k_v37_decoy.fasta
    output: output/likelihoods/Patient57_likelihoods.tsv
    jobid: 75
    reason: Missing output files: output/likelihoods/Patient57_likelihoods.tsv; Input files updated by another job: output/preprocessed/Patient57_preprocessed.tsv
    wildcards: sample=Patient57
    resources: mem_mb=2000, mem_mib=1908, disk_mb=6092, disk_mib=5810, tmpdir=<TBD>, slurm_account=park_contrib, slurm_partition=park, runtime=14400, time=5:00

Job 75 has been submitted with SLURM jobid 60621254 (log: /n/data1/hms/dbmi/park/jbrew/Tau/Tau_github/examples/inform_run/snakemake/.snakemake/slurm_logs/rule_calculate_likelihoods/Patient57/60621254.log).
[Wed Feb 26 15:29:26 2025]
Error in rule calculate_likelihoods:
    message: SLURM-job '60621222' failed, SLURM status is: 'FAILED'. For further error details see the cluster/cloud log and the log files of the involved rule(s).
    jobid: 127
    input: output/preprocessed/Patient90_preprocessed.tsv, ../inform_data/all_exposures_aligned_0.01_0.05_0.05_0.001_0.001_0.001_0.001_0.001_sub0.005.txt, ../inform_data/COSMIC_v3p2_SBS_WGS_MuSiCal.csv, /n/data1/hms/dbmi/park/jbrew/ref/hg19_decoy/human_g1k_v37_decoy.fasta
    output: output/likelihoods/Patient90_likelihoods.tsv
    log: /n/data1/hms/dbmi/park/jbrew/Tau/Tau_github/examples/inform_run/snakemake/.snakemake/slurm_logs/rule_calculate_likelihoods/Patient90/60621222.log (check log file(s) for error details)
    shell:
        
        python scripts/calculate_likelihoods.py             --sample Patient90             --preprocessed_file output/preprocessed/Patient90_preprocessed.tsv             --exposure ../inform_data/all_exposures_aligned_0.01_0.05_0.05_0.001_0.001_0.001_0.001_0.001_sub0.005.txt             --signature ../inform_data/COSMIC_v3p2_SBS_WGS_MuSiCal.csv             --output output/likelihoods/Patient90_likelihoods.tsv             --ref_genome /n/data1/hms/dbmi/park/jbrew/ref/hg19_decoy/human_g1k_v37_decoy.fasta
        
        (one of the commands exited with non-zero exit code; note that snakemake uses bash strict mode!)
    external_jobid: 60621222

[Wed Feb 26 15:29:26 2025]
Error in rule calculate_likelihoods:
    message: SLURM-job '60621223' failed, SLURM status is: 'FAILED'. For further error details see the cluster/cloud log and the log files of the involved rule(s).
    jobid: 7
    input: output/preprocessed/Patient109_preprocessed.tsv, ../inform_data/all_exposures_aligned_0.01_0.05_0.05_0.001_0.001_0.001_0.001_0.001_sub0.005.txt, ../inform_data/COSMIC_v3p2_SBS_WGS_MuSiCal.csv, /n/data1/hms/dbmi/park/jbrew/ref/hg19_decoy/human_g1k_v37_decoy.fasta
    output: output/likelihoods/Patient109_likelihoods.tsv
    log: /n/data1/hms/dbmi/park/jbrew/Tau/Tau_github/examples/inform_run/snakemake/.snakemake/slurm_logs/rule_calculate_likelihoods/Patient109/60621223.log (check log file(s) for error details)
    shell:
        
        python scripts/calculate_likelihoods.py             --sample Patient109             --preprocessed_file output/preprocessed/Patient109_preprocessed.tsv             --exposure ../inform_data/all_exposures_aligned_0.01_0.05_0.05_0.001_0.001_0.001_0.001_0.001_sub0.005.txt             --signature ../inform_data/COSMIC_v3p2_SBS_WGS_MuSiCal.csv             --output output/likelihoods/Patient109_likelihoods.tsv             --ref_genome /n/data1/hms/dbmi/park/jbrew/ref/hg19_decoy/human_g1k_v37_decoy.fasta
        
        (one of the commands exited with non-zero exit code; note that snakemake uses bash strict mode!)
    external_jobid: 60621223

[Wed Feb 26 15:29:26 2025]
Error in rule calculate_likelihoods:
    message: SLURM-job '60621224' failed, SLURM status is: 'FAILED'. For further error details see the cluster/cloud log and the log files of the involved rule(s).
    jobid: 67
    input: output/preprocessed/Patient50_preprocessed.tsv, ../inform_data/all_exposures_aligned_0.01_0.05_0.05_0.001_0.001_0.001_0.001_0.001_sub0.005.txt, ../inform_data/COSMIC_v3p2_SBS_WGS_MuSiCal.csv, /n/data1/hms/dbmi/park/jbrew/ref/hg19_decoy/human_g1k_v37_decoy.fasta
    output: output/likelihoods/Patient50_likelihoods.tsv
    log: /n/data1/hms/dbmi/park/jbrew/Tau/Tau_github/examples/inform_run/snakemake/.snakemake/slurm_logs/rule_calculate_likelihoods/Patient50/60621224.log (check log file(s) for error details)
    shell:
        
        python scripts/calculate_likelihoods.py             --sample Patient50             --preprocessed_file output/preprocessed/Patient50_preprocessed.tsv             --exposure ../inform_data/all_exposures_aligned_0.01_0.05_0.05_0.001_0.001_0.001_0.001_0.001_sub0.005.txt             --signature ../inform_data/COSMIC_v3p2_SBS_WGS_MuSiCal.csv             --output output/likelihoods/Patient50_likelihoods.tsv             --ref_genome /n/data1/hms/dbmi/park/jbrew/ref/hg19_decoy/human_g1k_v37_decoy.fasta
        
        (one of the commands exited with non-zero exit code; note that snakemake uses bash strict mode!)
    external_jobid: 60621224

[Wed Feb 26 15:29:26 2025]
Error in rule preprocess:
    message: SLURM-job '60621225' failed, SLURM status is: 'FAILED'. For further error details see the cluster/cloud log and the log files of the involved rule(s).
    jobid: 100
    input: /n/data1/hms/dbmi/park/jbrew/Tau/Tau_github/examples/inform_run/inform_data/INFORM_snv/Patient77.vcf, /n/data1/hms/dbmi/park/jbrew/Tau/Tau_github/examples/inform_run/inform_data/INFORM_cn/Patient77.tsv, ../inform_data/purity_ploidy_inform.txt
    output: output/preprocessed/Patient77_preprocessed.tsv
    log: /n/data1/hms/dbmi/park/jbrew/Tau/Tau_github/examples/inform_run/snakemake/.snakemake/slurm_logs/rule_preprocess/Patient77/60621225.log (check log file(s) for error details)
    shell:
        
        python scripts/preprocess.py             --sample Patient77             --snv /n/data1/hms/dbmi/park/jbrew/Tau/Tau_github/examples/inform_run/inform_data/INFORM_snv/Patient77.vcf             --cnv /n/data1/hms/dbmi/park/jbrew/Tau/Tau_github/examples/inform_run/inform_data/INFORM_cn/Patient77.tsv             --purity ../inform_data/purity_ploidy_inform.txt             --output output/preprocessed/Patient77_preprocessed.tsv
        
        (one of the commands exited with non-zero exit code; note that snakemake uses bash strict mode!)
    external_jobid: 60621225

[Wed Feb 26 15:29:26 2025]
Error in rule calculate_likelihoods:
    message: SLURM-job '60621226' failed, SLURM status is: 'FAILED'. For further error details see the cluster/cloud log and the log files of the involved rule(s).
    jobid: 59
    input: output/preprocessed/Patient44_preprocessed.tsv, ../inform_data/all_exposures_aligned_0.01_0.05_0.05_0.001_0.001_0.001_0.001_0.001_sub0.005.txt, ../inform_data/COSMIC_v3p2_SBS_WGS_MuSiCal.csv, /n/data1/hms/dbmi/park/jbrew/ref/hg19_decoy/human_g1k_v37_decoy.fasta
    output: output/likelihoods/Patient44_likelihoods.tsv
    log: /n/data1/hms/dbmi/park/jbrew/Tau/Tau_github/examples/inform_run/snakemake/.snakemake/slurm_logs/rule_calculate_likelihoods/Patient44/60621226.log (check log file(s) for error details)
    shell:
        
        python scripts/calculate_likelihoods.py             --sample Patient44             --preprocessed_file output/preprocessed/Patient44_preprocessed.tsv             --exposure ../inform_data/all_exposures_aligned_0.01_0.05_0.05_0.001_0.001_0.001_0.001_0.001_sub0.005.txt             --signature ../inform_data/COSMIC_v3p2_SBS_WGS_MuSiCal.csv             --output output/likelihoods/Patient44_likelihoods.tsv             --ref_genome /n/data1/hms/dbmi/park/jbrew/ref/hg19_decoy/human_g1k_v37_decoy.fasta
        
        (one of the commands exited with non-zero exit code; note that snakemake uses bash strict mode!)
    external_jobid: 60621226

[Wed Feb 26 15:29:26 2025]
Error in rule calculate_likelihoods:
    message: SLURM-job '60621227' failed, SLURM status is: 'FAILED'. For further error details see the cluster/cloud log and the log files of the involved rule(s).
    jobid: 111
    input: output/preprocessed/Patient81_preprocessed.tsv, ../inform_data/all_exposures_aligned_0.01_0.05_0.05_0.001_0.001_0.001_0.001_0.001_sub0.005.txt, ../inform_data/COSMIC_v3p2_SBS_WGS_MuSiCal.csv, /n/data1/hms/dbmi/park/jbrew/ref/hg19_decoy/human_g1k_v37_decoy.fasta
    output: output/likelihoods/Patient81_likelihoods.tsv
    log: /n/data1/hms/dbmi/park/jbrew/Tau/Tau_github/examples/inform_run/snakemake/.snakemake/slurm_logs/rule_calculate_likelihoods/Patient81/60621227.log (check log file(s) for error details)
    shell:
        
        python scripts/calculate_likelihoods.py             --sample Patient81             --preprocessed_file output/preprocessed/Patient81_preprocessed.tsv             --exposure ../inform_data/all_exposures_aligned_0.01_0.05_0.05_0.001_0.001_0.001_0.001_0.001_sub0.005.txt             --signature ../inform_data/COSMIC_v3p2_SBS_WGS_MuSiCal.csv             --output output/likelihoods/Patient81_likelihoods.tsv             --ref_genome /n/data1/hms/dbmi/park/jbrew/ref/hg19_decoy/human_g1k_v37_decoy.fasta
        
        (one of the commands exited with non-zero exit code; note that snakemake uses bash strict mode!)
    external_jobid: 60621227

[Wed Feb 26 15:29:26 2025]
Error in rule calculate_likelihoods:
    message: SLURM-job '60621228' failed, SLURM status is: 'FAILED'. For further error details see the cluster/cloud log and the log files of the involved rule(s).
    jobid: 51
    input: output/preprocessed/Patient37_preprocessed.tsv, ../inform_data/all_exposures_aligned_0.01_0.05_0.05_0.001_0.001_0.001_0.001_0.001_sub0.005.txt, ../inform_data/COSMIC_v3p2_SBS_WGS_MuSiCal.csv, /n/data1/hms/dbmi/park/jbrew/ref/hg19_decoy/human_g1k_v37_decoy.fasta
    output: output/likelihoods/Patient37_likelihoods.tsv
    log: /n/data1/hms/dbmi/park/jbrew/Tau/Tau_github/examples/inform_run/snakemake/.snakemake/slurm_logs/rule_calculate_likelihoods/Patient37/60621228.log (check log file(s) for error details)
    shell:
        
        python scripts/calculate_likelihoods.py             --sample Patient37             --preprocessed_file output/preprocessed/Patient37_preprocessed.tsv             --exposure ../inform_data/all_exposures_aligned_0.01_0.05_0.05_0.001_0.001_0.001_0.001_0.001_sub0.005.txt             --signature ../inform_data/COSMIC_v3p2_SBS_WGS_MuSiCal.csv             --output output/likelihoods/Patient37_likelihoods.tsv             --ref_genome /n/data1/hms/dbmi/park/jbrew/ref/hg19_decoy/human_g1k_v37_decoy.fasta
        
        (one of the commands exited with non-zero exit code; note that snakemake uses bash strict mode!)
    external_jobid: 60621228

[Wed Feb 26 15:29:26 2025]
Error in rule calculate_likelihoods:
    message: SLURM-job '60621229' failed, SLURM status is: 'FAILED'. For further error details see the cluster/cloud log and the log files of the involved rule(s).
    jobid: 103
    input: output/preprocessed/Patient7_preprocessed.tsv, ../inform_data/all_exposures_aligned_0.01_0.05_0.05_0.001_0.001_0.001_0.001_0.001_sub0.005.txt, ../inform_data/COSMIC_v3p2_SBS_WGS_MuSiCal.csv, /n/data1/hms/dbmi/park/jbrew/ref/hg19_decoy/human_g1k_v37_decoy.fasta
    output: output/likelihoods/Patient7_likelihoods.tsv
    log: /n/data1/hms/dbmi/park/jbrew/Tau/Tau_github/examples/inform_run/snakemake/.snakemake/slurm_logs/rule_calculate_likelihoods/Patient7/60621229.log (check log file(s) for error details)
    shell:
        
        python scripts/calculate_likelihoods.py             --sample Patient7             --preprocessed_file output/preprocessed/Patient7_preprocessed.tsv             --exposure ../inform_data/all_exposures_aligned_0.01_0.05_0.05_0.001_0.001_0.001_0.001_0.001_sub0.005.txt             --signature ../inform_data/COSMIC_v3p2_SBS_WGS_MuSiCal.csv             --output output/likelihoods/Patient7_likelihoods.tsv             --ref_genome /n/data1/hms/dbmi/park/jbrew/ref/hg19_decoy/human_g1k_v37_decoy.fasta
        
        (one of the commands exited with non-zero exit code; note that snakemake uses bash strict mode!)
    external_jobid: 60621229

[Wed Feb 26 15:29:26 2025]
Error in rule calculate_likelihoods:
    message: SLURM-job '60621230' failed, SLURM status is: 'FAILED'. For further error details see the cluster/cloud log and the log files of the involved rule(s).
    jobid: 43
    input: output/preprocessed/Patient33_preprocessed.tsv, ../inform_data/all_exposures_aligned_0.01_0.05_0.05_0.001_0.001_0.001_0.001_0.001_sub0.005.txt, ../inform_data/COSMIC_v3p2_SBS_WGS_MuSiCal.csv, /n/data1/hms/dbmi/park/jbrew/ref/hg19_decoy/human_g1k_v37_decoy.fasta
    output: output/likelihoods/Patient33_likelihoods.tsv
    log: /n/data1/hms/dbmi/park/jbrew/Tau/Tau_github/examples/inform_run/snakemake/.snakemake/slurm_logs/rule_calculate_likelihoods/Patient33/60621230.log (check log file(s) for error details)
    shell:
        
        python scripts/calculate_likelihoods.py             --sample Patient33             --preprocessed_file output/preprocessed/Patient33_preprocessed.tsv             --exposure ../inform_data/all_exposures_aligned_0.01_0.05_0.05_0.001_0.001_0.001_0.001_0.001_sub0.005.txt             --signature ../inform_data/COSMIC_v3p2_SBS_WGS_MuSiCal.csv             --output output/likelihoods/Patient33_likelihoods.tsv             --ref_genome /n/data1/hms/dbmi/park/jbrew/ref/hg19_decoy/human_g1k_v37_decoy.fasta
        
        (one of the commands exited with non-zero exit code; note that snakemake uses bash strict mode!)
    external_jobid: 60621230

[Wed Feb 26 15:29:26 2025]
Error in rule calculate_likelihoods:
    message: SLURM-job '60621231' failed, SLURM status is: 'FAILED'. For further error details see the cluster/cloud log and the log files of the involved rule(s).
    jobid: 35
    input: output/preprocessed/Patient25_preprocessed.tsv, ../inform_data/all_exposures_aligned_0.01_0.05_0.05_0.001_0.001_0.001_0.001_0.001_sub0.005.txt, ../inform_data/COSMIC_v3p2_SBS_WGS_MuSiCal.csv, /n/data1/hms/dbmi/park/jbrew/ref/hg19_decoy/human_g1k_v37_decoy.fasta
    output: output/likelihoods/Patient25_likelihoods.tsv
    log: /n/data1/hms/dbmi/park/jbrew/Tau/Tau_github/examples/inform_run/snakemake/.snakemake/slurm_logs/rule_calculate_likelihoods/Patient25/60621231.log (check log file(s) for error details)
    shell:
        
        python scripts/calculate_likelihoods.py             --sample Patient25             --preprocessed_file output/preprocessed/Patient25_preprocessed.tsv             --exposure ../inform_data/all_exposures_aligned_0.01_0.05_0.05_0.001_0.001_0.001_0.001_0.001_sub0.005.txt             --signature ../inform_data/COSMIC_v3p2_SBS_WGS_MuSiCal.csv             --output output/likelihoods/Patient25_likelihoods.tsv             --ref_genome /n/data1/hms/dbmi/park/jbrew/ref/hg19_decoy/human_g1k_v37_decoy.fasta
        
        (one of the commands exited with non-zero exit code; note that snakemake uses bash strict mode!)
    external_jobid: 60621231

[Wed Feb 26 15:29:26 2025]
Error in rule preprocess:
    message: SLURM-job '60621232' failed, SLURM status is: 'FAILED'. For further error details see the cluster/cloud log and the log files of the involved rule(s).
    jobid: 16
    input: /n/data1/hms/dbmi/park/jbrew/Tau/Tau_github/examples/inform_run/inform_data/INFORM_snv/Patient15.vcf, /n/data1/hms/dbmi/park/jbrew/Tau/Tau_github/examples/inform_run/inform_data/INFORM_cn/Patient15.tsv, ../inform_data/purity_ploidy_inform.txt
    output: output/preprocessed/Patient15_preprocessed.tsv
    log: /n/data1/hms/dbmi/park/jbrew/Tau/Tau_github/examples/inform_run/snakemake/.snakemake/slurm_logs/rule_preprocess/Patient15/60621232.log (check log file(s) for error details)
    shell:
        
        python scripts/preprocess.py             --sample Patient15             --snv /n/data1/hms/dbmi/park/jbrew/Tau/Tau_github/examples/inform_run/inform_data/INFORM_snv/Patient15.vcf             --cnv /n/data1/hms/dbmi/park/jbrew/Tau/Tau_github/examples/inform_run/inform_data/INFORM_cn/Patient15.tsv             --purity ../inform_data/purity_ploidy_inform.txt             --output output/preprocessed/Patient15_preprocessed.tsv
        
        (one of the commands exited with non-zero exit code; note that snakemake uses bash strict mode!)
    external_jobid: 60621232

[Wed Feb 26 15:29:26 2025]
Error in rule calculate_likelihoods:
    message: SLURM-job '60621233' failed, SLURM status is: 'FAILED'. For further error details see the cluster/cloud log and the log files of the involved rule(s).
    jobid: 3
    input: output/preprocessed/Patient101_preprocessed.tsv, ../inform_data/all_exposures_aligned_0.01_0.05_0.05_0.001_0.001_0.001_0.001_0.001_sub0.005.txt, ../inform_data/COSMIC_v3p2_SBS_WGS_MuSiCal.csv, /n/data1/hms/dbmi/park/jbrew/ref/hg19_decoy/human_g1k_v37_decoy.fasta
    output: output/likelihoods/Patient101_likelihoods.tsv
    log: /n/data1/hms/dbmi/park/jbrew/Tau/Tau_github/examples/inform_run/snakemake/.snakemake/slurm_logs/rule_calculate_likelihoods/Patient101/60621233.log (check log file(s) for error details)
    shell:
        
        python scripts/calculate_likelihoods.py             --sample Patient101             --preprocessed_file output/preprocessed/Patient101_preprocessed.tsv             --exposure ../inform_data/all_exposures_aligned_0.01_0.05_0.05_0.001_0.001_0.001_0.001_0.001_sub0.005.txt             --signature ../inform_data/COSMIC_v3p2_SBS_WGS_MuSiCal.csv             --output output/likelihoods/Patient101_likelihoods.tsv             --ref_genome /n/data1/hms/dbmi/park/jbrew/ref/hg19_decoy/human_g1k_v37_decoy.fasta
        
        (one of the commands exited with non-zero exit code; note that snakemake uses bash strict mode!)
    external_jobid: 60621233

[Wed Feb 26 15:29:26 2025]
Error in rule calculate_likelihoods:
    message: SLURM-job '60621234' failed, SLURM status is: 'FAILED'. For further error details see the cluster/cloud log and the log files of the involved rule(s).
    jobid: 95
    input: output/preprocessed/Patient76_preprocessed.tsv, ../inform_data/all_exposures_aligned_0.01_0.05_0.05_0.001_0.001_0.001_0.001_0.001_sub0.005.txt, ../inform_data/COSMIC_v3p2_SBS_WGS_MuSiCal.csv, /n/data1/hms/dbmi/park/jbrew/ref/hg19_decoy/human_g1k_v37_decoy.fasta
    output: output/likelihoods/Patient76_likelihoods.tsv
    log: /n/data1/hms/dbmi/park/jbrew/Tau/Tau_github/examples/inform_run/snakemake/.snakemake/slurm_logs/rule_calculate_likelihoods/Patient76/60621234.log (check log file(s) for error details)
    shell:
        
        python scripts/calculate_likelihoods.py             --sample Patient76             --preprocessed_file output/preprocessed/Patient76_preprocessed.tsv             --exposure ../inform_data/all_exposures_aligned_0.01_0.05_0.05_0.001_0.001_0.001_0.001_0.001_sub0.005.txt             --signature ../inform_data/COSMIC_v3p2_SBS_WGS_MuSiCal.csv             --output output/likelihoods/Patient76_likelihoods.tsv             --ref_genome /n/data1/hms/dbmi/park/jbrew/ref/hg19_decoy/human_g1k_v37_decoy.fasta
        
        (one of the commands exited with non-zero exit code; note that snakemake uses bash strict mode!)
    external_jobid: 60621234

[Wed Feb 26 15:29:26 2025]
Error in rule calculate_likelihoods:
    message: SLURM-job '60621235' failed, SLURM status is: 'FAILED'. For further error details see the cluster/cloud log and the log files of the involved rule(s).
    jobid: 27
    input: output/preprocessed/Patient1_preprocessed.tsv, ../inform_data/all_exposures_aligned_0.01_0.05_0.05_0.001_0.001_0.001_0.001_0.001_sub0.005.txt, ../inform_data/COSMIC_v3p2_SBS_WGS_MuSiCal.csv, /n/data1/hms/dbmi/park/jbrew/ref/hg19_decoy/human_g1k_v37_decoy.fasta
    output: output/likelihoods/Patient1_likelihoods.tsv
    log: /n/data1/hms/dbmi/park/jbrew/Tau/Tau_github/examples/inform_run/snakemake/.snakemake/slurm_logs/rule_calculate_likelihoods/Patient1/60621235.log (check log file(s) for error details)
    shell:
        
        python scripts/calculate_likelihoods.py             --sample Patient1             --preprocessed_file output/preprocessed/Patient1_preprocessed.tsv             --exposure ../inform_data/all_exposures_aligned_0.01_0.05_0.05_0.001_0.001_0.001_0.001_0.001_sub0.005.txt             --signature ../inform_data/COSMIC_v3p2_SBS_WGS_MuSiCal.csv             --output output/likelihoods/Patient1_likelihoods.tsv             --ref_genome /n/data1/hms/dbmi/park/jbrew/ref/hg19_decoy/human_g1k_v37_decoy.fasta
        
        (one of the commands exited with non-zero exit code; note that snakemake uses bash strict mode!)
    external_jobid: 60621235

[Wed Feb 26 15:29:26 2025]
Error in rule calculate_likelihoods:
    message: SLURM-job '60621236' failed, SLURM status is: 'FAILED'. For further error details see the cluster/cloud log and the log files of the involved rule(s).
    jobid: 87
    input: output/preprocessed/Patient65_preprocessed.tsv, ../inform_data/all_exposures_aligned_0.01_0.05_0.05_0.001_0.001_0.001_0.001_0.001_sub0.005.txt, ../inform_data/COSMIC_v3p2_SBS_WGS_MuSiCal.csv, /n/data1/hms/dbmi/park/jbrew/ref/hg19_decoy/human_g1k_v37_decoy.fasta
    output: output/likelihoods/Patient65_likelihoods.tsv
    log: /n/data1/hms/dbmi/park/jbrew/Tau/Tau_github/examples/inform_run/snakemake/.snakemake/slurm_logs/rule_calculate_likelihoods/Patient65/60621236.log (check log file(s) for error details)
    shell:
        
        python scripts/calculate_likelihoods.py             --sample Patient65             --preprocessed_file output/preprocessed/Patient65_preprocessed.tsv             --exposure ../inform_data/all_exposures_aligned_0.01_0.05_0.05_0.001_0.001_0.001_0.001_0.001_sub0.005.txt             --signature ../inform_data/COSMIC_v3p2_SBS_WGS_MuSiCal.csv             --output output/likelihoods/Patient65_likelihoods.tsv             --ref_genome /n/data1/hms/dbmi/park/jbrew/ref/hg19_decoy/human_g1k_v37_decoy.fasta
        
        (one of the commands exited with non-zero exit code; note that snakemake uses bash strict mode!)
    external_jobid: 60621236

[Wed Feb 26 15:29:26 2025]
Error in rule calculate_likelihoods:
    message: SLURM-job '60621237' failed, SLURM status is: 'FAILED'. For further error details see the cluster/cloud log and the log files of the involved rule(s).
    jobid: 19
    input: output/preprocessed/Patient17_preprocessed.tsv, ../inform_data/all_exposures_aligned_0.01_0.05_0.05_0.001_0.001_0.001_0.001_0.001_sub0.005.txt, ../inform_data/COSMIC_v3p2_SBS_WGS_MuSiCal.csv, /n/data1/hms/dbmi/park/jbrew/ref/hg19_decoy/human_g1k_v37_decoy.fasta
    output: output/likelihoods/Patient17_likelihoods.tsv
    log: /n/data1/hms/dbmi/park/jbrew/Tau/Tau_github/examples/inform_run/snakemake/.snakemake/slurm_logs/rule_calculate_likelihoods/Patient17/60621237.log (check log file(s) for error details)
    shell:
        
        python scripts/calculate_likelihoods.py             --sample Patient17             --preprocessed_file output/preprocessed/Patient17_preprocessed.tsv             --exposure ../inform_data/all_exposures_aligned_0.01_0.05_0.05_0.001_0.001_0.001_0.001_0.001_sub0.005.txt             --signature ../inform_data/COSMIC_v3p2_SBS_WGS_MuSiCal.csv             --output output/likelihoods/Patient17_likelihoods.tsv             --ref_genome /n/data1/hms/dbmi/park/jbrew/ref/hg19_decoy/human_g1k_v37_decoy.fasta
        
        (one of the commands exited with non-zero exit code; note that snakemake uses bash strict mode!)
    external_jobid: 60621237

[Wed Feb 26 15:29:26 2025]
Error in rule preprocess:
    message: SLURM-job '60621238' failed, SLURM status is: 'FAILED'. For further error details see the cluster/cloud log and the log files of the involved rule(s).
    jobid: 120
    input: /n/data1/hms/dbmi/park/jbrew/Tau/Tau_github/examples/inform_run/inform_data/INFORM_snv/Patient86.vcf, /n/data1/hms/dbmi/park/jbrew/Tau/Tau_github/examples/inform_run/inform_data/INFORM_cn/Patient86.tsv, ../inform_data/purity_ploidy_inform.txt
    output: output/preprocessed/Patient86_preprocessed.tsv
    log: /n/data1/hms/dbmi/park/jbrew/Tau/Tau_github/examples/inform_run/snakemake/.snakemake/slurm_logs/rule_preprocess/Patient86/60621238.log (check log file(s) for error details)
    shell:
        
        python scripts/preprocess.py             --sample Patient86             --snv /n/data1/hms/dbmi/park/jbrew/Tau/Tau_github/examples/inform_run/inform_data/INFORM_snv/Patient86.vcf             --cnv /n/data1/hms/dbmi/park/jbrew/Tau/Tau_github/examples/inform_run/inform_data/INFORM_cn/Patient86.tsv             --purity ../inform_data/purity_ploidy_inform.txt             --output output/preprocessed/Patient86_preprocessed.tsv
        
        (one of the commands exited with non-zero exit code; note that snakemake uses bash strict mode!)
    external_jobid: 60621238

[Wed Feb 26 15:29:26 2025]
Error in rule calculate_likelihoods:
    message: SLURM-job '60621239' failed, SLURM status is: 'FAILED'. For further error details see the cluster/cloud log and the log files of the involved rule(s).
    jobid: 79
    input: output/preprocessed/Patient58_preprocessed.tsv, ../inform_data/all_exposures_aligned_0.01_0.05_0.05_0.001_0.001_0.001_0.001_0.001_sub0.005.txt, ../inform_data/COSMIC_v3p2_SBS_WGS_MuSiCal.csv, /n/data1/hms/dbmi/park/jbrew/ref/hg19_decoy/human_g1k_v37_decoy.fasta
    output: output/likelihoods/Patient58_likelihoods.tsv
    log: /n/data1/hms/dbmi/park/jbrew/Tau/Tau_github/examples/inform_run/snakemake/.snakemake/slurm_logs/rule_calculate_likelihoods/Patient58/60621239.log (check log file(s) for error details)
    shell:
        
        python scripts/calculate_likelihoods.py             --sample Patient58             --preprocessed_file output/preprocessed/Patient58_preprocessed.tsv             --exposure ../inform_data/all_exposures_aligned_0.01_0.05_0.05_0.001_0.001_0.001_0.001_0.001_sub0.005.txt             --signature ../inform_data/COSMIC_v3p2_SBS_WGS_MuSiCal.csv             --output output/likelihoods/Patient58_likelihoods.tsv             --ref_genome /n/data1/hms/dbmi/park/jbrew/ref/hg19_decoy/human_g1k_v37_decoy.fasta
        
        (one of the commands exited with non-zero exit code; note that snakemake uses bash strict mode!)
    external_jobid: 60621239

[Wed Feb 26 15:29:26 2025]
Error in rule calculate_likelihoods:
    message: SLURM-job '60621240' failed, SLURM status is: 'FAILED'. For further error details see the cluster/cloud log and the log files of the involved rule(s).
    jobid: 11
    input: output/preprocessed/Patient113_preprocessed.tsv, ../inform_data/all_exposures_aligned_0.01_0.05_0.05_0.001_0.001_0.001_0.001_0.001_sub0.005.txt, ../inform_data/COSMIC_v3p2_SBS_WGS_MuSiCal.csv, /n/data1/hms/dbmi/park/jbrew/ref/hg19_decoy/human_g1k_v37_decoy.fasta
    output: output/likelihoods/Patient113_likelihoods.tsv
    log: /n/data1/hms/dbmi/park/jbrew/Tau/Tau_github/examples/inform_run/snakemake/.snakemake/slurm_logs/rule_calculate_likelihoods/Patient113/60621240.log (check log file(s) for error details)
    shell:
        
        python scripts/calculate_likelihoods.py             --sample Patient113             --preprocessed_file output/preprocessed/Patient113_preprocessed.tsv             --exposure ../inform_data/all_exposures_aligned_0.01_0.05_0.05_0.001_0.001_0.001_0.001_0.001_sub0.005.txt             --signature ../inform_data/COSMIC_v3p2_SBS_WGS_MuSiCal.csv             --output output/likelihoods/Patient113_likelihoods.tsv             --ref_genome /n/data1/hms/dbmi/park/jbrew/ref/hg19_decoy/human_g1k_v37_decoy.fasta
        
        (one of the commands exited with non-zero exit code; note that snakemake uses bash strict mode!)
    external_jobid: 60621240

[Wed Feb 26 15:29:26 2025]
Error in rule calculate_likelihoods:
    message: SLURM-job '60621241' failed, SLURM status is: 'FAILED'. For further error details see the cluster/cloud log and the log files of the involved rule(s).
    jobid: 131
    input: output/preprocessed/Patient94_preprocessed.tsv, ../inform_data/all_exposures_aligned_0.01_0.05_0.05_0.001_0.001_0.001_0.001_0.001_sub0.005.txt, ../inform_data/COSMIC_v3p2_SBS_WGS_MuSiCal.csv, /n/data1/hms/dbmi/park/jbrew/ref/hg19_decoy/human_g1k_v37_decoy.fasta
    output: output/likelihoods/Patient94_likelihoods.tsv
    log: /n/data1/hms/dbmi/park/jbrew/Tau/Tau_github/examples/inform_run/snakemake/.snakemake/slurm_logs/rule_calculate_likelihoods/Patient94/60621241.log (check log file(s) for error details)
    shell:
        
        python scripts/calculate_likelihoods.py             --sample Patient94             --preprocessed_file output/preprocessed/Patient94_preprocessed.tsv             --exposure ../inform_data/all_exposures_aligned_0.01_0.05_0.05_0.001_0.001_0.001_0.001_0.001_sub0.005.txt             --signature ../inform_data/COSMIC_v3p2_SBS_WGS_MuSiCal.csv             --output output/likelihoods/Patient94_likelihoods.tsv             --ref_genome /n/data1/hms/dbmi/park/jbrew/ref/hg19_decoy/human_g1k_v37_decoy.fasta
        
        (one of the commands exited with non-zero exit code; note that snakemake uses bash strict mode!)
    external_jobid: 60621241

[Wed Feb 26 15:29:26 2025]
Error in rule calculate_likelihoods:
    message: SLURM-job '60621242' failed, SLURM status is: 'FAILED'. For further error details see the cluster/cloud log and the log files of the involved rule(s).
    jobid: 71
    input: output/preprocessed/Patient55_preprocessed.tsv, ../inform_data/all_exposures_aligned_0.01_0.05_0.05_0.001_0.001_0.001_0.001_0.001_sub0.005.txt, ../inform_data/COSMIC_v3p2_SBS_WGS_MuSiCal.csv, /n/data1/hms/dbmi/park/jbrew/ref/hg19_decoy/human_g1k_v37_decoy.fasta
    output: output/likelihoods/Patient55_likelihoods.tsv
    log: /n/data1/hms/dbmi/park/jbrew/Tau/Tau_github/examples/inform_run/snakemake/.snakemake/slurm_logs/rule_calculate_likelihoods/Patient55/60621242.log (check log file(s) for error details)
    shell:
        
        python scripts/calculate_likelihoods.py             --sample Patient55             --preprocessed_file output/preprocessed/Patient55_preprocessed.tsv             --exposure ../inform_data/all_exposures_aligned_0.01_0.05_0.05_0.001_0.001_0.001_0.001_0.001_sub0.005.txt             --signature ../inform_data/COSMIC_v3p2_SBS_WGS_MuSiCal.csv             --output output/likelihoods/Patient55_likelihoods.tsv             --ref_genome /n/data1/hms/dbmi/park/jbrew/ref/hg19_decoy/human_g1k_v37_decoy.fasta
        
        (one of the commands exited with non-zero exit code; note that snakemake uses bash strict mode!)
    external_jobid: 60621242

[Wed Feb 26 15:29:26 2025]
Error in rule calculate_likelihoods:
    message: SLURM-job '60621243' failed, SLURM status is: 'FAILED'. For further error details see the cluster/cloud log and the log files of the involved rule(s).
    jobid: 63
    input: output/preprocessed/Patient47_preprocessed.tsv, ../inform_data/all_exposures_aligned_0.01_0.05_0.05_0.001_0.001_0.001_0.001_0.001_sub0.005.txt, ../inform_data/COSMIC_v3p2_SBS_WGS_MuSiCal.csv, /n/data1/hms/dbmi/park/jbrew/ref/hg19_decoy/human_g1k_v37_decoy.fasta
    output: output/likelihoods/Patient47_likelihoods.tsv
    log: /n/data1/hms/dbmi/park/jbrew/Tau/Tau_github/examples/inform_run/snakemake/.snakemake/slurm_logs/rule_calculate_likelihoods/Patient47/60621243.log (check log file(s) for error details)
    shell:
        
        python scripts/calculate_likelihoods.py             --sample Patient47             --preprocessed_file output/preprocessed/Patient47_preprocessed.tsv             --exposure ../inform_data/all_exposures_aligned_0.01_0.05_0.05_0.001_0.001_0.001_0.001_0.001_sub0.005.txt             --signature ../inform_data/COSMIC_v3p2_SBS_WGS_MuSiCal.csv             --output output/likelihoods/Patient47_likelihoods.tsv             --ref_genome /n/data1/hms/dbmi/park/jbrew/ref/hg19_decoy/human_g1k_v37_decoy.fasta
        
        (one of the commands exited with non-zero exit code; note that snakemake uses bash strict mode!)
    external_jobid: 60621243

[Wed Feb 26 15:29:26 2025]
Error in rule calculate_likelihoods:
    message: SLURM-job '60621244' failed, SLURM status is: 'FAILED'. For further error details see the cluster/cloud log and the log files of the involved rule(s).
    jobid: 123
    input: output/preprocessed/Patient87_preprocessed.tsv, ../inform_data/all_exposures_aligned_0.01_0.05_0.05_0.001_0.001_0.001_0.001_0.001_sub0.005.txt, ../inform_data/COSMIC_v3p2_SBS_WGS_MuSiCal.csv, /n/data1/hms/dbmi/park/jbrew/ref/hg19_decoy/human_g1k_v37_decoy.fasta
    output: output/likelihoods/Patient87_likelihoods.tsv
    log: /n/data1/hms/dbmi/park/jbrew/Tau/Tau_github/examples/inform_run/snakemake/.snakemake/slurm_logs/rule_calculate_likelihoods/Patient87/60621244.log (check log file(s) for error details)
    shell:
        
        python scripts/calculate_likelihoods.py             --sample Patient87             --preprocessed_file output/preprocessed/Patient87_preprocessed.tsv             --exposure ../inform_data/all_exposures_aligned_0.01_0.05_0.05_0.001_0.001_0.001_0.001_0.001_sub0.005.txt             --signature ../inform_data/COSMIC_v3p2_SBS_WGS_MuSiCal.csv             --output output/likelihoods/Patient87_likelihoods.tsv             --ref_genome /n/data1/hms/dbmi/park/jbrew/ref/hg19_decoy/human_g1k_v37_decoy.fasta
        
        (one of the commands exited with non-zero exit code; note that snakemake uses bash strict mode!)
    external_jobid: 60621244

[Wed Feb 26 15:29:26 2025]
Error in rule calculate_likelihoods:
    message: SLURM-job '60621245' failed, SLURM status is: 'FAILED'. For further error details see the cluster/cloud log and the log files of the involved rule(s).
    jobid: 55
    input: output/preprocessed/Patient43_preprocessed.tsv, ../inform_data/all_exposures_aligned_0.01_0.05_0.05_0.001_0.001_0.001_0.001_0.001_sub0.005.txt, ../inform_data/COSMIC_v3p2_SBS_WGS_MuSiCal.csv, /n/data1/hms/dbmi/park/jbrew/ref/hg19_decoy/human_g1k_v37_decoy.fasta
    output: output/likelihoods/Patient43_likelihoods.tsv
    log: /n/data1/hms/dbmi/park/jbrew/Tau/Tau_github/examples/inform_run/snakemake/.snakemake/slurm_logs/rule_calculate_likelihoods/Patient43/60621245.log (check log file(s) for error details)
    shell:
        
        python scripts/calculate_likelihoods.py             --sample Patient43             --preprocessed_file output/preprocessed/Patient43_preprocessed.tsv             --exposure ../inform_data/all_exposures_aligned_0.01_0.05_0.05_0.001_0.001_0.001_0.001_0.001_sub0.005.txt             --signature ../inform_data/COSMIC_v3p2_SBS_WGS_MuSiCal.csv             --output output/likelihoods/Patient43_likelihoods.tsv             --ref_genome /n/data1/hms/dbmi/park/jbrew/ref/hg19_decoy/human_g1k_v37_decoy.fasta
        
        (one of the commands exited with non-zero exit code; note that snakemake uses bash strict mode!)
    external_jobid: 60621245

[Wed Feb 26 15:29:26 2025]
Error in rule calculate_likelihoods:
    message: SLURM-job '60621246' failed, SLURM status is: 'FAILED'. For further error details see the cluster/cloud log and the log files of the involved rule(s).
    jobid: 115
    input: output/preprocessed/Patient82_preprocessed.tsv, ../inform_data/all_exposures_aligned_0.01_0.05_0.05_0.001_0.001_0.001_0.001_0.001_sub0.005.txt, ../inform_data/COSMIC_v3p2_SBS_WGS_MuSiCal.csv, /n/data1/hms/dbmi/park/jbrew/ref/hg19_decoy/human_g1k_v37_decoy.fasta
    output: output/likelihoods/Patient82_likelihoods.tsv
    log: /n/data1/hms/dbmi/park/jbrew/Tau/Tau_github/examples/inform_run/snakemake/.snakemake/slurm_logs/rule_calculate_likelihoods/Patient82/60621246.log (check log file(s) for error details)
    shell:
        
        python scripts/calculate_likelihoods.py             --sample Patient82             --preprocessed_file output/preprocessed/Patient82_preprocessed.tsv             --exposure ../inform_data/all_exposures_aligned_0.01_0.05_0.05_0.001_0.001_0.001_0.001_0.001_sub0.005.txt             --signature ../inform_data/COSMIC_v3p2_SBS_WGS_MuSiCal.csv             --output output/likelihoods/Patient82_likelihoods.tsv             --ref_genome /n/data1/hms/dbmi/park/jbrew/ref/hg19_decoy/human_g1k_v37_decoy.fasta
        
        (one of the commands exited with non-zero exit code; note that snakemake uses bash strict mode!)
    external_jobid: 60621246

[Wed Feb 26 15:29:26 2025]
Error in rule calculate_likelihoods:
    message: SLURM-job '60621247' failed, SLURM status is: 'FAILED'. For further error details see the cluster/cloud log and the log files of the involved rule(s).
    jobid: 47
    input: output/preprocessed/Patient34_preprocessed.tsv, ../inform_data/all_exposures_aligned_0.01_0.05_0.05_0.001_0.001_0.001_0.001_0.001_sub0.005.txt, ../inform_data/COSMIC_v3p2_SBS_WGS_MuSiCal.csv, /n/data1/hms/dbmi/park/jbrew/ref/hg19_decoy/human_g1k_v37_decoy.fasta
    output: output/likelihoods/Patient34_likelihoods.tsv
    log: /n/data1/hms/dbmi/park/jbrew/Tau/Tau_github/examples/inform_run/snakemake/.snakemake/slurm_logs/rule_calculate_likelihoods/Patient34/60621247.log (check log file(s) for error details)
    shell:
        
        python scripts/calculate_likelihoods.py             --sample Patient34             --preprocessed_file output/preprocessed/Patient34_preprocessed.tsv             --exposure ../inform_data/all_exposures_aligned_0.01_0.05_0.05_0.001_0.001_0.001_0.001_0.001_sub0.005.txt             --signature ../inform_data/COSMIC_v3p2_SBS_WGS_MuSiCal.csv             --output output/likelihoods/Patient34_likelihoods.tsv             --ref_genome /n/data1/hms/dbmi/park/jbrew/ref/hg19_decoy/human_g1k_v37_decoy.fasta
        
        (one of the commands exited with non-zero exit code; note that snakemake uses bash strict mode!)
    external_jobid: 60621247

[Wed Feb 26 15:29:26 2025]
Error in rule calculate_likelihoods:
    message: SLURM-job '60621248' failed, SLURM status is: 'FAILED'. For further error details see the cluster/cloud log and the log files of the involved rule(s).
    jobid: 107
    input: output/preprocessed/Patient80_preprocessed.tsv, ../inform_data/all_exposures_aligned_0.01_0.05_0.05_0.001_0.001_0.001_0.001_0.001_sub0.005.txt, ../inform_data/COSMIC_v3p2_SBS_WGS_MuSiCal.csv, /n/data1/hms/dbmi/park/jbrew/ref/hg19_decoy/human_g1k_v37_decoy.fasta
    output: output/likelihoods/Patient80_likelihoods.tsv
    log: /n/data1/hms/dbmi/park/jbrew/Tau/Tau_github/examples/inform_run/snakemake/.snakemake/slurm_logs/rule_calculate_likelihoods/Patient80/60621248.log (check log file(s) for error details)
    shell:
        
        python scripts/calculate_likelihoods.py             --sample Patient80             --preprocessed_file output/preprocessed/Patient80_preprocessed.tsv             --exposure ../inform_data/all_exposures_aligned_0.01_0.05_0.05_0.001_0.001_0.001_0.001_0.001_sub0.005.txt             --signature ../inform_data/COSMIC_v3p2_SBS_WGS_MuSiCal.csv             --output output/likelihoods/Patient80_likelihoods.tsv             --ref_genome /n/data1/hms/dbmi/park/jbrew/ref/hg19_decoy/human_g1k_v37_decoy.fasta
        
        (one of the commands exited with non-zero exit code; note that snakemake uses bash strict mode!)
    external_jobid: 60621248

[Wed Feb 26 15:29:26 2025]
Error in rule calculate_likelihoods:
    message: SLURM-job '60621249' failed, SLURM status is: 'FAILED'. For further error details see the cluster/cloud log and the log files of the involved rule(s).
    jobid: 39
    input: output/preprocessed/Patient26_preprocessed.tsv, ../inform_data/all_exposures_aligned_0.01_0.05_0.05_0.001_0.001_0.001_0.001_0.001_sub0.005.txt, ../inform_data/COSMIC_v3p2_SBS_WGS_MuSiCal.csv, /n/data1/hms/dbmi/park/jbrew/ref/hg19_decoy/human_g1k_v37_decoy.fasta
    output: output/likelihoods/Patient26_likelihoods.tsv
    log: /n/data1/hms/dbmi/park/jbrew/Tau/Tau_github/examples/inform_run/snakemake/.snakemake/slurm_logs/rule_calculate_likelihoods/Patient26/60621249.log (check log file(s) for error details)
    shell:
        
        python scripts/calculate_likelihoods.py             --sample Patient26             --preprocessed_file output/preprocessed/Patient26_preprocessed.tsv             --exposure ../inform_data/all_exposures_aligned_0.01_0.05_0.05_0.001_0.001_0.001_0.001_0.001_sub0.005.txt             --signature ../inform_data/COSMIC_v3p2_SBS_WGS_MuSiCal.csv             --output output/likelihoods/Patient26_likelihoods.tsv             --ref_genome /n/data1/hms/dbmi/park/jbrew/ref/hg19_decoy/human_g1k_v37_decoy.fasta
        
        (one of the commands exited with non-zero exit code; note that snakemake uses bash strict mode!)
    external_jobid: 60621249

[Wed Feb 26 15:29:26 2025]
Error in rule calculate_likelihoods:
    message: SLURM-job '60621250' failed, SLURM status is: 'FAILED'. For further error details see the cluster/cloud log and the log files of the involved rule(s).
    jobid: 91
    input: output/preprocessed/Patient68_preprocessed.tsv, ../inform_data/all_exposures_aligned_0.01_0.05_0.05_0.001_0.001_0.001_0.001_0.001_sub0.005.txt, ../inform_data/COSMIC_v3p2_SBS_WGS_MuSiCal.csv, /n/data1/hms/dbmi/park/jbrew/ref/hg19_decoy/human_g1k_v37_decoy.fasta
    output: output/likelihoods/Patient68_likelihoods.tsv
    log: /n/data1/hms/dbmi/park/jbrew/Tau/Tau_github/examples/inform_run/snakemake/.snakemake/slurm_logs/rule_calculate_likelihoods/Patient68/60621250.log (check log file(s) for error details)
    shell:
        
        python scripts/calculate_likelihoods.py             --sample Patient68             --preprocessed_file output/preprocessed/Patient68_preprocessed.tsv             --exposure ../inform_data/all_exposures_aligned_0.01_0.05_0.05_0.001_0.001_0.001_0.001_0.001_sub0.005.txt             --signature ../inform_data/COSMIC_v3p2_SBS_WGS_MuSiCal.csv             --output output/likelihoods/Patient68_likelihoods.tsv             --ref_genome /n/data1/hms/dbmi/park/jbrew/ref/hg19_decoy/human_g1k_v37_decoy.fasta
        
        (one of the commands exited with non-zero exit code; note that snakemake uses bash strict mode!)
    external_jobid: 60621250

[Wed Feb 26 15:29:26 2025]
Error in rule calculate_likelihoods:
    message: SLURM-job '60621251' failed, SLURM status is: 'FAILED'. For further error details see the cluster/cloud log and the log files of the involved rule(s).
    jobid: 31
    input: output/preprocessed/Patient20_preprocessed.tsv, ../inform_data/all_exposures_aligned_0.01_0.05_0.05_0.001_0.001_0.001_0.001_0.001_sub0.005.txt, ../inform_data/COSMIC_v3p2_SBS_WGS_MuSiCal.csv, /n/data1/hms/dbmi/park/jbrew/ref/hg19_decoy/human_g1k_v37_decoy.fasta
    output: output/likelihoods/Patient20_likelihoods.tsv
    log: /n/data1/hms/dbmi/park/jbrew/Tau/Tau_github/examples/inform_run/snakemake/.snakemake/slurm_logs/rule_calculate_likelihoods/Patient20/60621251.log (check log file(s) for error details)
    shell:
        
        python scripts/calculate_likelihoods.py             --sample Patient20             --preprocessed_file output/preprocessed/Patient20_preprocessed.tsv             --exposure ../inform_data/all_exposures_aligned_0.01_0.05_0.05_0.001_0.001_0.001_0.001_0.001_sub0.005.txt             --signature ../inform_data/COSMIC_v3p2_SBS_WGS_MuSiCal.csv             --output output/likelihoods/Patient20_likelihoods.tsv             --ref_genome /n/data1/hms/dbmi/park/jbrew/ref/hg19_decoy/human_g1k_v37_decoy.fasta
        
        (one of the commands exited with non-zero exit code; note that snakemake uses bash strict mode!)
    external_jobid: 60621251

[Wed Feb 26 15:29:26 2025]
Error in rule calculate_likelihoods:
    message: SLURM-job '60621252' failed, SLURM status is: 'FAILED'. For further error details see the cluster/cloud log and the log files of the involved rule(s).
    jobid: 83
    input: output/preprocessed/Patient64_preprocessed.tsv, ../inform_data/all_exposures_aligned_0.01_0.05_0.05_0.001_0.001_0.001_0.001_0.001_sub0.005.txt, ../inform_data/COSMIC_v3p2_SBS_WGS_MuSiCal.csv, /n/data1/hms/dbmi/park/jbrew/ref/hg19_decoy/human_g1k_v37_decoy.fasta
    output: output/likelihoods/Patient64_likelihoods.tsv
    log: /n/data1/hms/dbmi/park/jbrew/Tau/Tau_github/examples/inform_run/snakemake/.snakemake/slurm_logs/rule_calculate_likelihoods/Patient64/60621252.log (check log file(s) for error details)
    shell:
        
        python scripts/calculate_likelihoods.py             --sample Patient64             --preprocessed_file output/preprocessed/Patient64_preprocessed.tsv             --exposure ../inform_data/all_exposures_aligned_0.01_0.05_0.05_0.001_0.001_0.001_0.001_0.001_sub0.005.txt             --signature ../inform_data/COSMIC_v3p2_SBS_WGS_MuSiCal.csv             --output output/likelihoods/Patient64_likelihoods.tsv             --ref_genome /n/data1/hms/dbmi/park/jbrew/ref/hg19_decoy/human_g1k_v37_decoy.fasta
        
        (one of the commands exited with non-zero exit code; note that snakemake uses bash strict mode!)
    external_jobid: 60621252

[Wed Feb 26 15:29:26 2025]
Error in rule calculate_likelihoods:
    message: SLURM-job '60621253' failed, SLURM status is: 'FAILED'. For further error details see the cluster/cloud log and the log files of the involved rule(s).
    jobid: 23
    input: output/preprocessed/Patient18_preprocessed.tsv, ../inform_data/all_exposures_aligned_0.01_0.05_0.05_0.001_0.001_0.001_0.001_0.001_sub0.005.txt, ../inform_data/COSMIC_v3p2_SBS_WGS_MuSiCal.csv, /n/data1/hms/dbmi/park/jbrew/ref/hg19_decoy/human_g1k_v37_decoy.fasta
    output: output/likelihoods/Patient18_likelihoods.tsv
    log: /n/data1/hms/dbmi/park/jbrew/Tau/Tau_github/examples/inform_run/snakemake/.snakemake/slurm_logs/rule_calculate_likelihoods/Patient18/60621253.log (check log file(s) for error details)
    shell:
        
        python scripts/calculate_likelihoods.py             --sample Patient18             --preprocessed_file output/preprocessed/Patient18_preprocessed.tsv             --exposure ../inform_data/all_exposures_aligned_0.01_0.05_0.05_0.001_0.001_0.001_0.001_0.001_sub0.005.txt             --signature ../inform_data/COSMIC_v3p2_SBS_WGS_MuSiCal.csv             --output output/likelihoods/Patient18_likelihoods.tsv             --ref_genome /n/data1/hms/dbmi/park/jbrew/ref/hg19_decoy/human_g1k_v37_decoy.fasta
        
        (one of the commands exited with non-zero exit code; note that snakemake uses bash strict mode!)
    external_jobid: 60621253

[Wed Feb 26 15:29:26 2025]
Error in rule calculate_likelihoods:
    message: SLURM-job '60621254' failed, SLURM status is: 'FAILED'. For further error details see the cluster/cloud log and the log files of the involved rule(s).
    jobid: 75
    input: output/preprocessed/Patient57_preprocessed.tsv, ../inform_data/all_exposures_aligned_0.01_0.05_0.05_0.001_0.001_0.001_0.001_0.001_sub0.005.txt, ../inform_data/COSMIC_v3p2_SBS_WGS_MuSiCal.csv, /n/data1/hms/dbmi/park/jbrew/ref/hg19_decoy/human_g1k_v37_decoy.fasta
    output: output/likelihoods/Patient57_likelihoods.tsv
    log: /n/data1/hms/dbmi/park/jbrew/Tau/Tau_github/examples/inform_run/snakemake/.snakemake/slurm_logs/rule_calculate_likelihoods/Patient57/60621254.log (check log file(s) for error details)
    shell:
        
        python scripts/calculate_likelihoods.py             --sample Patient57             --preprocessed_file output/preprocessed/Patient57_preprocessed.tsv             --exposure ../inform_data/all_exposures_aligned_0.01_0.05_0.05_0.001_0.001_0.001_0.001_0.001_sub0.005.txt             --signature ../inform_data/COSMIC_v3p2_SBS_WGS_MuSiCal.csv             --output output/likelihoods/Patient57_likelihoods.tsv             --ref_genome /n/data1/hms/dbmi/park/jbrew/ref/hg19_decoy/human_g1k_v37_decoy.fasta
        
        (one of the commands exited with non-zero exit code; note that snakemake uses bash strict mode!)
    external_jobid: 60621254

Trying to restart job 127.
Trying to restart job 7.
Trying to restart job 67.
Trying to restart job 100.
Trying to restart job 59.
Trying to restart job 111.
Trying to restart job 51.
Trying to restart job 103.
Trying to restart job 43.
Trying to restart job 35.
Trying to restart job 16.
Trying to restart job 3.
Trying to restart job 95.
Trying to restart job 27.
Trying to restart job 87.
Trying to restart job 19.
Trying to restart job 120.
Trying to restart job 79.
Trying to restart job 11.
Trying to restart job 131.
Trying to restart job 71.
Trying to restart job 63.
Trying to restart job 123.
Trying to restart job 55.
Trying to restart job 115.
Trying to restart job 47.
Trying to restart job 107.
Trying to restart job 39.
Trying to restart job 91.
Trying to restart job 31.
Trying to restart job 83.
Trying to restart job 23.
Trying to restart job 75.
Select jobs to execute...
Execute 33 jobs...

[Wed Feb 26 15:29:27 2025]
rule calculate_likelihoods:
    input: output/preprocessed/Patient109_preprocessed.tsv, ../inform_data/all_exposures_aligned_0.01_0.05_0.05_0.001_0.001_0.001_0.001_0.001_sub0.005.txt, ../inform_data/COSMIC_v3p2_SBS_WGS_MuSiCal.csv, /n/data1/hms/dbmi/park/jbrew/ref/hg19_decoy/human_g1k_v37_decoy.fasta
    output: output/likelihoods/Patient109_likelihoods.tsv
    jobid: 7
    reason: Missing output files: output/likelihoods/Patient109_likelihoods.tsv; Input files updated by another job: output/preprocessed/Patient109_preprocessed.tsv
    wildcards: sample=Patient109
    resources: mem_mb=3000, mem_mib=2862, disk_mb=6093, disk_mib=5811, tmpdir=<TBD>, slurm_account=park_contrib, slurm_partition=park, runtime=14400, time=5:00

Job 7 has been submitted with SLURM jobid 60621348 (log: /n/data1/hms/dbmi/park/jbrew/Tau/Tau_github/examples/inform_run/snakemake/.snakemake/slurm_logs/rule_calculate_likelihoods/Patient109/60621348.log).

[Wed Feb 26 15:29:27 2025]
rule calculate_likelihoods:
    input: output/preprocessed/Patient90_preprocessed.tsv, ../inform_data/all_exposures_aligned_0.01_0.05_0.05_0.001_0.001_0.001_0.001_0.001_sub0.005.txt, ../inform_data/COSMIC_v3p2_SBS_WGS_MuSiCal.csv, /n/data1/hms/dbmi/park/jbrew/ref/hg19_decoy/human_g1k_v37_decoy.fasta
    output: output/likelihoods/Patient90_likelihoods.tsv
    jobid: 127
    reason: Missing output files: output/likelihoods/Patient90_likelihoods.tsv; Input files updated by another job: output/preprocessed/Patient90_preprocessed.tsv
    wildcards: sample=Patient90
    resources: mem_mb=3000, mem_mib=2862, disk_mb=6091, disk_mib=5809, tmpdir=<TBD>, slurm_account=park_contrib, slurm_partition=park, runtime=14400, time=5:00

Job 127 has been submitted with SLURM jobid 60621350 (log: /n/data1/hms/dbmi/park/jbrew/Tau/Tau_github/examples/inform_run/snakemake/.snakemake/slurm_logs/rule_calculate_likelihoods/Patient90/60621350.log).

[Wed Feb 26 15:29:27 2025]
rule calculate_likelihoods:
    input: output/preprocessed/Patient50_preprocessed.tsv, ../inform_data/all_exposures_aligned_0.01_0.05_0.05_0.001_0.001_0.001_0.001_0.001_sub0.005.txt, ../inform_data/COSMIC_v3p2_SBS_WGS_MuSiCal.csv, /n/data1/hms/dbmi/park/jbrew/ref/hg19_decoy/human_g1k_v37_decoy.fasta
    output: output/likelihoods/Patient50_likelihoods.tsv
    jobid: 67
    reason: Missing output files: output/likelihoods/Patient50_likelihoods.tsv; Input files updated by another job: output/preprocessed/Patient50_preprocessed.tsv
    wildcards: sample=Patient50
    resources: mem_mb=3000, mem_mib=2862, disk_mb=6087, disk_mib=5806, tmpdir=<TBD>, slurm_account=park_contrib, slurm_partition=park, runtime=14400, time=5:00

Job 67 has been submitted with SLURM jobid 60621352 (log: /n/data1/hms/dbmi/park/jbrew/Tau/Tau_github/examples/inform_run/snakemake/.snakemake/slurm_logs/rule_calculate_likelihoods/Patient50/60621352.log).

[Wed Feb 26 15:29:28 2025]
rule preprocess:
    input: /n/data1/hms/dbmi/park/jbrew/Tau/Tau_github/examples/inform_run/inform_data/INFORM_snv/Patient77.vcf, /n/data1/hms/dbmi/park/jbrew/Tau/Tau_github/examples/inform_run/inform_data/INFORM_cn/Patient77.tsv, ../inform_data/purity_ploidy_inform.txt
    output: output/preprocessed/Patient77_preprocessed.tsv
    jobid: 100
    reason: Missing output files: output/preprocessed/Patient77_preprocessed.tsv
    wildcards: sample=Patient77
    resources: mem_mb=4000, mem_mib=3815, disk_mb=1000, disk_mib=954, tmpdir=<TBD>, slurm_account=park_contrib, slurm_partition=park, runtime=14400, time=5:00

Job 100 has been submitted with SLURM jobid 60621354 (log: /n/data1/hms/dbmi/park/jbrew/Tau/Tau_github/examples/inform_run/snakemake/.snakemake/slurm_logs/rule_preprocess/Patient77/60621354.log).

[Wed Feb 26 15:29:28 2025]
rule calculate_likelihoods:
    input: output/preprocessed/Patient44_preprocessed.tsv, ../inform_data/all_exposures_aligned_0.01_0.05_0.05_0.001_0.001_0.001_0.001_0.001_sub0.005.txt, ../inform_data/COSMIC_v3p2_SBS_WGS_MuSiCal.csv, /n/data1/hms/dbmi/park/jbrew/ref/hg19_decoy/human_g1k_v37_decoy.fasta
    output: output/likelihoods/Patient44_likelihoods.tsv
    jobid: 59
    reason: Missing output files: output/likelihoods/Patient44_likelihoods.tsv; Input files updated by another job: output/preprocessed/Patient44_preprocessed.tsv
    wildcards: sample=Patient44
    resources: mem_mb=3000, mem_mib=2862, disk_mb=6089, disk_mib=5807, tmpdir=<TBD>, slurm_account=park_contrib, slurm_partition=park, runtime=14400, time=5:00

Job 59 has been submitted with SLURM jobid 60621356 (log: /n/data1/hms/dbmi/park/jbrew/Tau/Tau_github/examples/inform_run/snakemake/.snakemake/slurm_logs/rule_calculate_likelihoods/Patient44/60621356.log).

[Wed Feb 26 15:29:28 2025]
rule calculate_likelihoods:
    input: output/preprocessed/Patient81_preprocessed.tsv, ../inform_data/all_exposures_aligned_0.01_0.05_0.05_0.001_0.001_0.001_0.001_0.001_sub0.005.txt, ../inform_data/COSMIC_v3p2_SBS_WGS_MuSiCal.csv, /n/data1/hms/dbmi/park/jbrew/ref/hg19_decoy/human_g1k_v37_decoy.fasta
    output: output/likelihoods/Patient81_likelihoods.tsv
    jobid: 111
    reason: Missing output files: output/likelihoods/Patient81_likelihoods.tsv; Input files updated by another job: output/preprocessed/Patient81_preprocessed.tsv
    wildcards: sample=Patient81
    resources: mem_mb=3000, mem_mib=2862, disk_mb=6088, disk_mib=5806, tmpdir=<TBD>, slurm_account=park_contrib, slurm_partition=park, runtime=14400, time=5:00

Job 111 has been submitted with SLURM jobid 60621358 (log: /n/data1/hms/dbmi/park/jbrew/Tau/Tau_github/examples/inform_run/snakemake/.snakemake/slurm_logs/rule_calculate_likelihoods/Patient81/60621358.log).

[Wed Feb 26 15:29:28 2025]
rule calculate_likelihoods:
    input: output/preprocessed/Patient37_preprocessed.tsv, ../inform_data/all_exposures_aligned_0.01_0.05_0.05_0.001_0.001_0.001_0.001_0.001_sub0.005.txt, ../inform_data/COSMIC_v3p2_SBS_WGS_MuSiCal.csv, /n/data1/hms/dbmi/park/jbrew/ref/hg19_decoy/human_g1k_v37_decoy.fasta
    output: output/likelihoods/Patient37_likelihoods.tsv
    jobid: 51
    reason: Missing output files: output/likelihoods/Patient37_likelihoods.tsv; Input files updated by another job: output/preprocessed/Patient37_preprocessed.tsv
    wildcards: sample=Patient37
    resources: mem_mb=3000, mem_mib=2862, disk_mb=6092, disk_mib=5810, tmpdir=<TBD>, slurm_account=park_contrib, slurm_partition=park, runtime=14400, time=5:00

Job 51 has been submitted with SLURM jobid 60621360 (log: /n/data1/hms/dbmi/park/jbrew/Tau/Tau_github/examples/inform_run/snakemake/.snakemake/slurm_logs/rule_calculate_likelihoods/Patient37/60621360.log).

[Wed Feb 26 15:29:29 2025]
rule calculate_likelihoods:
    input: output/preprocessed/Patient7_preprocessed.tsv, ../inform_data/all_exposures_aligned_0.01_0.05_0.05_0.001_0.001_0.001_0.001_0.001_sub0.005.txt, ../inform_data/COSMIC_v3p2_SBS_WGS_MuSiCal.csv, /n/data1/hms/dbmi/park/jbrew/ref/hg19_decoy/human_g1k_v37_decoy.fasta
    output: output/likelihoods/Patient7_likelihoods.tsv
    jobid: 103
    reason: Missing output files: output/likelihoods/Patient7_likelihoods.tsv; Input files updated by another job: output/preprocessed/Patient7_preprocessed.tsv
    wildcards: sample=Patient7
    resources: mem_mb=3000, mem_mib=2862, disk_mb=6090, disk_mib=5808, tmpdir=<TBD>, slurm_account=park_contrib, slurm_partition=park, runtime=14400, time=5:00

Job 103 has been submitted with SLURM jobid 60621362 (log: /n/data1/hms/dbmi/park/jbrew/Tau/Tau_github/examples/inform_run/snakemake/.snakemake/slurm_logs/rule_calculate_likelihoods/Patient7/60621362.log).

[Wed Feb 26 15:29:29 2025]
rule calculate_likelihoods:
    input: output/preprocessed/Patient33_preprocessed.tsv, ../inform_data/all_exposures_aligned_0.01_0.05_0.05_0.001_0.001_0.001_0.001_0.001_sub0.005.txt, ../inform_data/COSMIC_v3p2_SBS_WGS_MuSiCal.csv, /n/data1/hms/dbmi/park/jbrew/ref/hg19_decoy/human_g1k_v37_decoy.fasta
    output: output/likelihoods/Patient33_likelihoods.tsv
    jobid: 43
    reason: Missing output files: output/likelihoods/Patient33_likelihoods.tsv; Input files updated by another job: output/preprocessed/Patient33_preprocessed.tsv
    wildcards: sample=Patient33
    resources: mem_mb=3000, mem_mib=2862, disk_mb=6095, disk_mib=5813, tmpdir=<TBD>, slurm_account=park_contrib, slurm_partition=park, runtime=14400, time=5:00

Job 43 has been submitted with SLURM jobid 60621364 (log: /n/data1/hms/dbmi/park/jbrew/Tau/Tau_github/examples/inform_run/snakemake/.snakemake/slurm_logs/rule_calculate_likelihoods/Patient33/60621364.log).

[Wed Feb 26 15:29:29 2025]
rule calculate_likelihoods:
    input: output/preprocessed/Patient25_preprocessed.tsv, ../inform_data/all_exposures_aligned_0.01_0.05_0.05_0.001_0.001_0.001_0.001_0.001_sub0.005.txt, ../inform_data/COSMIC_v3p2_SBS_WGS_MuSiCal.csv, /n/data1/hms/dbmi/park/jbrew/ref/hg19_decoy/human_g1k_v37_decoy.fasta
    output: output/likelihoods/Patient25_likelihoods.tsv
    jobid: 35
    reason: Missing output files: output/likelihoods/Patient25_likelihoods.tsv; Input files updated by another job: output/preprocessed/Patient25_preprocessed.tsv
    wildcards: sample=Patient25
    resources: mem_mb=3000, mem_mib=2862, disk_mb=6096, disk_mib=5814, tmpdir=<TBD>, slurm_account=park_contrib, slurm_partition=park, runtime=14400, time=5:00

Job 35 has been submitted with SLURM jobid 60621366 (log: /n/data1/hms/dbmi/park/jbrew/Tau/Tau_github/examples/inform_run/snakemake/.snakemake/slurm_logs/rule_calculate_likelihoods/Patient25/60621366.log).

[Wed Feb 26 15:29:29 2025]
rule preprocess:
    input: /n/data1/hms/dbmi/park/jbrew/Tau/Tau_github/examples/inform_run/inform_data/INFORM_snv/Patient15.vcf, /n/data1/hms/dbmi/park/jbrew/Tau/Tau_github/examples/inform_run/inform_data/INFORM_cn/Patient15.tsv, ../inform_data/purity_ploidy_inform.txt
    output: output/preprocessed/Patient15_preprocessed.tsv
    jobid: 16
    reason: Missing output files: output/preprocessed/Patient15_preprocessed.tsv
    wildcards: sample=Patient15
    resources: mem_mb=4000, mem_mib=3815, disk_mb=1000, disk_mib=954, tmpdir=<TBD>, slurm_account=park_contrib, slurm_partition=park, runtime=14400, time=5:00

Job 16 has been submitted with SLURM jobid 60621368 (log: /n/data1/hms/dbmi/park/jbrew/Tau/Tau_github/examples/inform_run/snakemake/.snakemake/slurm_logs/rule_preprocess/Patient15/60621368.log).

[Wed Feb 26 15:29:30 2025]
rule calculate_likelihoods:
    input: output/preprocessed/Patient101_preprocessed.tsv, ../inform_data/all_exposures_aligned_0.01_0.05_0.05_0.001_0.001_0.001_0.001_0.001_sub0.005.txt, ../inform_data/COSMIC_v3p2_SBS_WGS_MuSiCal.csv, /n/data1/hms/dbmi/park/jbrew/ref/hg19_decoy/human_g1k_v37_decoy.fasta
    output: output/likelihoods/Patient101_likelihoods.tsv
    jobid: 3
    reason: Missing output files: output/likelihoods/Patient101_likelihoods.tsv; Input files updated by another job: output/preprocessed/Patient101_preprocessed.tsv
    wildcards: sample=Patient101
    resources: mem_mb=3000, mem_mib=2862, disk_mb=6090, disk_mib=5808, tmpdir=<TBD>, slurm_account=park_contrib, slurm_partition=park, runtime=14400, time=5:00

Job 3 has been submitted with SLURM jobid 60621370 (log: /n/data1/hms/dbmi/park/jbrew/Tau/Tau_github/examples/inform_run/snakemake/.snakemake/slurm_logs/rule_calculate_likelihoods/Patient101/60621370.log).

[Wed Feb 26 15:29:30 2025]
rule calculate_likelihoods:
    input: output/preprocessed/Patient76_preprocessed.tsv, ../inform_data/all_exposures_aligned_0.01_0.05_0.05_0.001_0.001_0.001_0.001_0.001_sub0.005.txt, ../inform_data/COSMIC_v3p2_SBS_WGS_MuSiCal.csv, /n/data1/hms/dbmi/park/jbrew/ref/hg19_decoy/human_g1k_v37_decoy.fasta
    output: output/likelihoods/Patient76_likelihoods.tsv
    jobid: 95
    reason: Missing output files: output/likelihoods/Patient76_likelihoods.tsv; Input files updated by another job: output/preprocessed/Patient76_preprocessed.tsv
    wildcards: sample=Patient76
    resources: mem_mb=3000, mem_mib=2862, disk_mb=6094, disk_mib=5812, tmpdir=<TBD>, slurm_account=park_contrib, slurm_partition=park, runtime=14400, time=5:00

Job 95 has been submitted with SLURM jobid 60621372 (log: /n/data1/hms/dbmi/park/jbrew/Tau/Tau_github/examples/inform_run/snakemake/.snakemake/slurm_logs/rule_calculate_likelihoods/Patient76/60621372.log).

[Wed Feb 26 15:29:30 2025]
rule calculate_likelihoods:
    input: output/preprocessed/Patient1_preprocessed.tsv, ../inform_data/all_exposures_aligned_0.01_0.05_0.05_0.001_0.001_0.001_0.001_0.001_sub0.005.txt, ../inform_data/COSMIC_v3p2_SBS_WGS_MuSiCal.csv, /n/data1/hms/dbmi/park/jbrew/ref/hg19_decoy/human_g1k_v37_decoy.fasta
    output: output/likelihoods/Patient1_likelihoods.tsv
    jobid: 27
    reason: Missing output files: output/likelihoods/Patient1_likelihoods.tsv; Input files updated by another job: output/preprocessed/Patient1_preprocessed.tsv
    wildcards: sample=Patient1
    resources: mem_mb=3000, mem_mib=2862, disk_mb=6088, disk_mib=5806, tmpdir=<TBD>, slurm_account=park_contrib, slurm_partition=park, runtime=14400, time=5:00

Job 27 has been submitted with SLURM jobid 60621374 (log: /n/data1/hms/dbmi/park/jbrew/Tau/Tau_github/examples/inform_run/snakemake/.snakemake/slurm_logs/rule_calculate_likelihoods/Patient1/60621374.log).

[Wed Feb 26 15:29:30 2025]
rule calculate_likelihoods:
    input: output/preprocessed/Patient65_preprocessed.tsv, ../inform_data/all_exposures_aligned_0.01_0.05_0.05_0.001_0.001_0.001_0.001_0.001_sub0.005.txt, ../inform_data/COSMIC_v3p2_SBS_WGS_MuSiCal.csv, /n/data1/hms/dbmi/park/jbrew/ref/hg19_decoy/human_g1k_v37_decoy.fasta
    output: output/likelihoods/Patient65_likelihoods.tsv
    jobid: 87
    reason: Missing output files: output/likelihoods/Patient65_likelihoods.tsv
    wildcards: sample=Patient65
    resources: mem_mb=4000, mem_mib=3815, disk_mb=6091, disk_mib=5809, tmpdir=<TBD>, slurm_account=park_contrib, slurm_partition=park, runtime=14400, time=5:00

Job 87 has been submitted with SLURM jobid 60621376 (log: /n/data1/hms/dbmi/park/jbrew/Tau/Tau_github/examples/inform_run/snakemake/.snakemake/slurm_logs/rule_calculate_likelihoods/Patient65/60621376.log).

[Wed Feb 26 15:29:31 2025]
rule calculate_likelihoods:
    input: output/preprocessed/Patient17_preprocessed.tsv, ../inform_data/all_exposures_aligned_0.01_0.05_0.05_0.001_0.001_0.001_0.001_0.001_sub0.005.txt, ../inform_data/COSMIC_v3p2_SBS_WGS_MuSiCal.csv, /n/data1/hms/dbmi/park/jbrew/ref/hg19_decoy/human_g1k_v37_decoy.fasta
    output: output/likelihoods/Patient17_likelihoods.tsv
    jobid: 19
    reason: Missing output files: output/likelihoods/Patient17_likelihoods.tsv; Input files updated by another job: output/preprocessed/Patient17_preprocessed.tsv
    wildcards: sample=Patient17
    resources: mem_mb=3000, mem_mib=2862, disk_mb=6090, disk_mib=5808, tmpdir=<TBD>, slurm_account=park_contrib, slurm_partition=park, runtime=14400, time=5:00

Job 19 has been submitted with SLURM jobid 60621378 (log: /n/data1/hms/dbmi/park/jbrew/Tau/Tau_github/examples/inform_run/snakemake/.snakemake/slurm_logs/rule_calculate_likelihoods/Patient17/60621378.log).

[Wed Feb 26 15:29:31 2025]
rule preprocess:
    input: /n/data1/hms/dbmi/park/jbrew/Tau/Tau_github/examples/inform_run/inform_data/INFORM_snv/Patient86.vcf, /n/data1/hms/dbmi/park/jbrew/Tau/Tau_github/examples/inform_run/inform_data/INFORM_cn/Patient86.tsv, ../inform_data/purity_ploidy_inform.txt
    output: output/preprocessed/Patient86_preprocessed.tsv
    jobid: 120
    reason: Missing output files: output/preprocessed/Patient86_preprocessed.tsv
    wildcards: sample=Patient86
    resources: mem_mb=4000, mem_mib=3815, disk_mb=1000, disk_mib=954, tmpdir=<TBD>, slurm_account=park_contrib, slurm_partition=park, runtime=14400, time=5:00

Job 120 has been submitted with SLURM jobid 60621380 (log: /n/data1/hms/dbmi/park/jbrew/Tau/Tau_github/examples/inform_run/snakemake/.snakemake/slurm_logs/rule_preprocess/Patient86/60621380.log).

[Wed Feb 26 15:29:31 2025]
rule calculate_likelihoods:
    input: output/preprocessed/Patient58_preprocessed.tsv, ../inform_data/all_exposures_aligned_0.01_0.05_0.05_0.001_0.001_0.001_0.001_0.001_sub0.005.txt, ../inform_data/COSMIC_v3p2_SBS_WGS_MuSiCal.csv, /n/data1/hms/dbmi/park/jbrew/ref/hg19_decoy/human_g1k_v37_decoy.fasta
    output: output/likelihoods/Patient58_likelihoods.tsv
    jobid: 79
    reason: Missing output files: output/likelihoods/Patient58_likelihoods.tsv; Input files updated by another job: output/preprocessed/Patient58_preprocessed.tsv
    wildcards: sample=Patient58
    resources: mem_mb=3000, mem_mib=2862, disk_mb=6090, disk_mib=5808, tmpdir=<TBD>, slurm_account=park_contrib, slurm_partition=park, runtime=14400, time=5:00

Job 79 has been submitted with SLURM jobid 60621382 (log: /n/data1/hms/dbmi/park/jbrew/Tau/Tau_github/examples/inform_run/snakemake/.snakemake/slurm_logs/rule_calculate_likelihoods/Patient58/60621382.log).

[Wed Feb 26 15:29:31 2025]
rule calculate_likelihoods:
    input: output/preprocessed/Patient113_preprocessed.tsv, ../inform_data/all_exposures_aligned_0.01_0.05_0.05_0.001_0.001_0.001_0.001_0.001_sub0.005.txt, ../inform_data/COSMIC_v3p2_SBS_WGS_MuSiCal.csv, /n/data1/hms/dbmi/park/jbrew/ref/hg19_decoy/human_g1k_v37_decoy.fasta
    output: output/likelihoods/Patient113_likelihoods.tsv
    jobid: 11
    reason: Missing output files: output/likelihoods/Patient113_likelihoods.tsv; Input files updated by another job: output/preprocessed/Patient113_preprocessed.tsv
    wildcards: sample=Patient113
    resources: mem_mb=3000, mem_mib=2862, disk_mb=6092, disk_mib=5810, tmpdir=<TBD>, slurm_account=park_contrib, slurm_partition=park, runtime=14400, time=5:00

Job 11 has been submitted with SLURM jobid 60621384 (log: /n/data1/hms/dbmi/park/jbrew/Tau/Tau_github/examples/inform_run/snakemake/.snakemake/slurm_logs/rule_calculate_likelihoods/Patient113/60621384.log).

[Wed Feb 26 15:29:32 2025]
rule calculate_likelihoods:
    input: output/preprocessed/Patient94_preprocessed.tsv, ../inform_data/all_exposures_aligned_0.01_0.05_0.05_0.001_0.001_0.001_0.001_0.001_sub0.005.txt, ../inform_data/COSMIC_v3p2_SBS_WGS_MuSiCal.csv, /n/data1/hms/dbmi/park/jbrew/ref/hg19_decoy/human_g1k_v37_decoy.fasta
    output: output/likelihoods/Patient94_likelihoods.tsv
    jobid: 131
    reason: Missing output files: output/likelihoods/Patient94_likelihoods.tsv; Input files updated by another job: output/preprocessed/Patient94_preprocessed.tsv
    wildcards: sample=Patient94
    resources: mem_mb=3000, mem_mib=2862, disk_mb=6089, disk_mib=5807, tmpdir=<TBD>, slurm_account=park_contrib, slurm_partition=park, runtime=14400, time=5:00

Job 131 has been submitted with SLURM jobid 60621386 (log: /n/data1/hms/dbmi/park/jbrew/Tau/Tau_github/examples/inform_run/snakemake/.snakemake/slurm_logs/rule_calculate_likelihoods/Patient94/60621386.log).

[Wed Feb 26 15:29:32 2025]
rule calculate_likelihoods:
    input: output/preprocessed/Patient55_preprocessed.tsv, ../inform_data/all_exposures_aligned_0.01_0.05_0.05_0.001_0.001_0.001_0.001_0.001_sub0.005.txt, ../inform_data/COSMIC_v3p2_SBS_WGS_MuSiCal.csv, /n/data1/hms/dbmi/park/jbrew/ref/hg19_decoy/human_g1k_v37_decoy.fasta
    output: output/likelihoods/Patient55_likelihoods.tsv
    jobid: 71
    reason: Missing output files: output/likelihoods/Patient55_likelihoods.tsv; Input files updated by another job: output/preprocessed/Patient55_preprocessed.tsv
    wildcards: sample=Patient55
    resources: mem_mb=3000, mem_mib=2862, disk_mb=6091, disk_mib=5809, tmpdir=<TBD>, slurm_account=park_contrib, slurm_partition=park, runtime=14400, time=5:00

Job 71 has been submitted with SLURM jobid 60621388 (log: /n/data1/hms/dbmi/park/jbrew/Tau/Tau_github/examples/inform_run/snakemake/.snakemake/slurm_logs/rule_calculate_likelihoods/Patient55/60621388.log).

[Wed Feb 26 15:29:32 2025]
rule calculate_likelihoods:
    input: output/preprocessed/Patient47_preprocessed.tsv, ../inform_data/all_exposures_aligned_0.01_0.05_0.05_0.001_0.001_0.001_0.001_0.001_sub0.005.txt, ../inform_data/COSMIC_v3p2_SBS_WGS_MuSiCal.csv, /n/data1/hms/dbmi/park/jbrew/ref/hg19_decoy/human_g1k_v37_decoy.fasta
    output: output/likelihoods/Patient47_likelihoods.tsv
    jobid: 63
    reason: Missing output files: output/likelihoods/Patient47_likelihoods.tsv; Input files updated by another job: output/preprocessed/Patient47_preprocessed.tsv
    wildcards: sample=Patient47
    resources: mem_mb=3000, mem_mib=2862, disk_mb=6091, disk_mib=5809, tmpdir=<TBD>, slurm_account=park_contrib, slurm_partition=park, runtime=14400, time=5:00

Job 63 has been submitted with SLURM jobid 60621390 (log: /n/data1/hms/dbmi/park/jbrew/Tau/Tau_github/examples/inform_run/snakemake/.snakemake/slurm_logs/rule_calculate_likelihoods/Patient47/60621390.log).

[Wed Feb 26 15:29:32 2025]
rule calculate_likelihoods:
    input: output/preprocessed/Patient87_preprocessed.tsv, ../inform_data/all_exposures_aligned_0.01_0.05_0.05_0.001_0.001_0.001_0.001_0.001_sub0.005.txt, ../inform_data/COSMIC_v3p2_SBS_WGS_MuSiCal.csv, /n/data1/hms/dbmi/park/jbrew/ref/hg19_decoy/human_g1k_v37_decoy.fasta
    output: output/likelihoods/Patient87_likelihoods.tsv
    jobid: 123
    reason: Missing output files: output/likelihoods/Patient87_likelihoods.tsv; Input files updated by another job: output/preprocessed/Patient87_preprocessed.tsv
    wildcards: sample=Patient87
    resources: mem_mb=3000, mem_mib=2862, disk_mb=6089, disk_mib=5807, tmpdir=<TBD>, slurm_account=park_contrib, slurm_partition=park, runtime=14400, time=5:00

Job 123 has been submitted with SLURM jobid 60621392 (log: /n/data1/hms/dbmi/park/jbrew/Tau/Tau_github/examples/inform_run/snakemake/.snakemake/slurm_logs/rule_calculate_likelihoods/Patient87/60621392.log).

[Wed Feb 26 15:29:33 2025]
rule calculate_likelihoods:
    input: output/preprocessed/Patient43_preprocessed.tsv, ../inform_data/all_exposures_aligned_0.01_0.05_0.05_0.001_0.001_0.001_0.001_0.001_sub0.005.txt, ../inform_data/COSMIC_v3p2_SBS_WGS_MuSiCal.csv, /n/data1/hms/dbmi/park/jbrew/ref/hg19_decoy/human_g1k_v37_decoy.fasta
    output: output/likelihoods/Patient43_likelihoods.tsv
    jobid: 55
    reason: Missing output files: output/likelihoods/Patient43_likelihoods.tsv; Input files updated by another job: output/preprocessed/Patient43_preprocessed.tsv
    wildcards: sample=Patient43
    resources: mem_mb=3000, mem_mib=2862, disk_mb=6092, disk_mib=5810, tmpdir=<TBD>, slurm_account=park_contrib, slurm_partition=park, runtime=14400, time=5:00

Job 55 has been submitted with SLURM jobid 60621394 (log: /n/data1/hms/dbmi/park/jbrew/Tau/Tau_github/examples/inform_run/snakemake/.snakemake/slurm_logs/rule_calculate_likelihoods/Patient43/60621394.log).

[Wed Feb 26 15:29:33 2025]
rule calculate_likelihoods:
    input: output/preprocessed/Patient82_preprocessed.tsv, ../inform_data/all_exposures_aligned_0.01_0.05_0.05_0.001_0.001_0.001_0.001_0.001_sub0.005.txt, ../inform_data/COSMIC_v3p2_SBS_WGS_MuSiCal.csv, /n/data1/hms/dbmi/park/jbrew/ref/hg19_decoy/human_g1k_v37_decoy.fasta
    output: output/likelihoods/Patient82_likelihoods.tsv
    jobid: 115
    reason: Missing output files: output/likelihoods/Patient82_likelihoods.tsv; Input files updated by another job: output/preprocessed/Patient82_preprocessed.tsv
    wildcards: sample=Patient82
    resources: mem_mb=3000, mem_mib=2862, disk_mb=6089, disk_mib=5807, tmpdir=<TBD>, slurm_account=park_contrib, slurm_partition=park, runtime=14400, time=5:00

Job 115 has been submitted with SLURM jobid 60621396 (log: /n/data1/hms/dbmi/park/jbrew/Tau/Tau_github/examples/inform_run/snakemake/.snakemake/slurm_logs/rule_calculate_likelihoods/Patient82/60621396.log).

[Wed Feb 26 15:29:33 2025]
rule calculate_likelihoods:
    input: output/preprocessed/Patient34_preprocessed.tsv, ../inform_data/all_exposures_aligned_0.01_0.05_0.05_0.001_0.001_0.001_0.001_0.001_sub0.005.txt, ../inform_data/COSMIC_v3p2_SBS_WGS_MuSiCal.csv, /n/data1/hms/dbmi/park/jbrew/ref/hg19_decoy/human_g1k_v37_decoy.fasta
    output: output/likelihoods/Patient34_likelihoods.tsv
    jobid: 47
    reason: Missing output files: output/likelihoods/Patient34_likelihoods.tsv; Input files updated by another job: output/preprocessed/Patient34_preprocessed.tsv
    wildcards: sample=Patient34
    resources: mem_mb=3000, mem_mib=2862, disk_mb=6090, disk_mib=5808, tmpdir=<TBD>, slurm_account=park_contrib, slurm_partition=park, runtime=14400, time=5:00

Job 47 has been submitted with SLURM jobid 60621398 (log: /n/data1/hms/dbmi/park/jbrew/Tau/Tau_github/examples/inform_run/snakemake/.snakemake/slurm_logs/rule_calculate_likelihoods/Patient34/60621398.log).

[Wed Feb 26 15:29:33 2025]
rule calculate_likelihoods:
    input: output/preprocessed/Patient80_preprocessed.tsv, ../inform_data/all_exposures_aligned_0.01_0.05_0.05_0.001_0.001_0.001_0.001_0.001_sub0.005.txt, ../inform_data/COSMIC_v3p2_SBS_WGS_MuSiCal.csv, /n/data1/hms/dbmi/park/jbrew/ref/hg19_decoy/human_g1k_v37_decoy.fasta
    output: output/likelihoods/Patient80_likelihoods.tsv
    jobid: 107
    reason: Missing output files: output/likelihoods/Patient80_likelihoods.tsv; Input files updated by another job: output/preprocessed/Patient80_preprocessed.tsv
    wildcards: sample=Patient80
    resources: mem_mb=3000, mem_mib=2862, disk_mb=6090, disk_mib=5808, tmpdir=<TBD>, slurm_account=park_contrib, slurm_partition=park, runtime=14400, time=5:00

Job 107 has been submitted with SLURM jobid 60621400 (log: /n/data1/hms/dbmi/park/jbrew/Tau/Tau_github/examples/inform_run/snakemake/.snakemake/slurm_logs/rule_calculate_likelihoods/Patient80/60621400.log).

[Wed Feb 26 15:29:33 2025]
rule calculate_likelihoods:
    input: output/preprocessed/Patient26_preprocessed.tsv, ../inform_data/all_exposures_aligned_0.01_0.05_0.05_0.001_0.001_0.001_0.001_0.001_sub0.005.txt, ../inform_data/COSMIC_v3p2_SBS_WGS_MuSiCal.csv, /n/data1/hms/dbmi/park/jbrew/ref/hg19_decoy/human_g1k_v37_decoy.fasta
    output: output/likelihoods/Patient26_likelihoods.tsv
    jobid: 39
    reason: Missing output files: output/likelihoods/Patient26_likelihoods.tsv; Input files updated by another job: output/preprocessed/Patient26_preprocessed.tsv
    wildcards: sample=Patient26
    resources: mem_mb=3000, mem_mib=2862, disk_mb=6089, disk_mib=5807, tmpdir=<TBD>, slurm_account=park_contrib, slurm_partition=park, runtime=14400, time=5:00

Job 39 has been submitted with SLURM jobid 60621401 (log: /n/data1/hms/dbmi/park/jbrew/Tau/Tau_github/examples/inform_run/snakemake/.snakemake/slurm_logs/rule_calculate_likelihoods/Patient26/60621401.log).

[Wed Feb 26 15:29:34 2025]
rule calculate_likelihoods:
    input: output/preprocessed/Patient68_preprocessed.tsv, ../inform_data/all_exposures_aligned_0.01_0.05_0.05_0.001_0.001_0.001_0.001_0.001_sub0.005.txt, ../inform_data/COSMIC_v3p2_SBS_WGS_MuSiCal.csv, /n/data1/hms/dbmi/park/jbrew/ref/hg19_decoy/human_g1k_v37_decoy.fasta
    output: output/likelihoods/Patient68_likelihoods.tsv
    jobid: 91
    reason: Missing output files: output/likelihoods/Patient68_likelihoods.tsv; Input files updated by another job: output/preprocessed/Patient68_preprocessed.tsv
    wildcards: sample=Patient68
    resources: mem_mb=3000, mem_mib=2862, disk_mb=6090, disk_mib=5808, tmpdir=<TBD>, slurm_account=park_contrib, slurm_partition=park, runtime=14400, time=5:00

Job 91 has been submitted with SLURM jobid 60621404 (log: /n/data1/hms/dbmi/park/jbrew/Tau/Tau_github/examples/inform_run/snakemake/.snakemake/slurm_logs/rule_calculate_likelihoods/Patient68/60621404.log).

[Wed Feb 26 15:29:34 2025]
rule calculate_likelihoods:
    input: output/preprocessed/Patient20_preprocessed.tsv, ../inform_data/all_exposures_aligned_0.01_0.05_0.05_0.001_0.001_0.001_0.001_0.001_sub0.005.txt, ../inform_data/COSMIC_v3p2_SBS_WGS_MuSiCal.csv, /n/data1/hms/dbmi/park/jbrew/ref/hg19_decoy/human_g1k_v37_decoy.fasta
    output: output/likelihoods/Patient20_likelihoods.tsv
    jobid: 31
    reason: Missing output files: output/likelihoods/Patient20_likelihoods.tsv; Input files updated by another job: output/preprocessed/Patient20_preprocessed.tsv
    wildcards: sample=Patient20
    resources: mem_mb=3000, mem_mib=2862, disk_mb=6092, disk_mib=5810, tmpdir=<TBD>, slurm_account=park_contrib, slurm_partition=park, runtime=14400, time=5:00

Job 31 has been submitted with SLURM jobid 60621406 (log: /n/data1/hms/dbmi/park/jbrew/Tau/Tau_github/examples/inform_run/snakemake/.snakemake/slurm_logs/rule_calculate_likelihoods/Patient20/60621406.log).

[Wed Feb 26 15:29:34 2025]
rule calculate_likelihoods:
    input: output/preprocessed/Patient64_preprocessed.tsv, ../inform_data/all_exposures_aligned_0.01_0.05_0.05_0.001_0.001_0.001_0.001_0.001_sub0.005.txt, ../inform_data/COSMIC_v3p2_SBS_WGS_MuSiCal.csv, /n/data1/hms/dbmi/park/jbrew/ref/hg19_decoy/human_g1k_v37_decoy.fasta
    output: output/likelihoods/Patient64_likelihoods.tsv
    jobid: 83
    reason: Missing output files: output/likelihoods/Patient64_likelihoods.tsv; Input files updated by another job: output/preprocessed/Patient64_preprocessed.tsv
    wildcards: sample=Patient64
    resources: mem_mb=3000, mem_mib=2862, disk_mb=6090, disk_mib=5808, tmpdir=<TBD>, slurm_account=park_contrib, slurm_partition=park, runtime=14400, time=5:00

Job 83 has been submitted with SLURM jobid 60621408 (log: /n/data1/hms/dbmi/park/jbrew/Tau/Tau_github/examples/inform_run/snakemake/.snakemake/slurm_logs/rule_calculate_likelihoods/Patient64/60621408.log).

[Wed Feb 26 15:29:35 2025]
rule calculate_likelihoods:
    input: output/preprocessed/Patient18_preprocessed.tsv, ../inform_data/all_exposures_aligned_0.01_0.05_0.05_0.001_0.001_0.001_0.001_0.001_sub0.005.txt, ../inform_data/COSMIC_v3p2_SBS_WGS_MuSiCal.csv, /n/data1/hms/dbmi/park/jbrew/ref/hg19_decoy/human_g1k_v37_decoy.fasta
    output: output/likelihoods/Patient18_likelihoods.tsv
    jobid: 23
    reason: Missing output files: output/likelihoods/Patient18_likelihoods.tsv; Input files updated by another job: output/preprocessed/Patient18_preprocessed.tsv
    wildcards: sample=Patient18
    resources: mem_mb=3000, mem_mib=2862, disk_mb=6090, disk_mib=5808, tmpdir=<TBD>, slurm_account=park_contrib, slurm_partition=park, runtime=14400, time=5:00

Job 23 has been submitted with SLURM jobid 60621410 (log: /n/data1/hms/dbmi/park/jbrew/Tau/Tau_github/examples/inform_run/snakemake/.snakemake/slurm_logs/rule_calculate_likelihoods/Patient18/60621410.log).

[Wed Feb 26 15:29:35 2025]
rule calculate_likelihoods:
    input: output/preprocessed/Patient57_preprocessed.tsv, ../inform_data/all_exposures_aligned_0.01_0.05_0.05_0.001_0.001_0.001_0.001_0.001_sub0.005.txt, ../inform_data/COSMIC_v3p2_SBS_WGS_MuSiCal.csv, /n/data1/hms/dbmi/park/jbrew/ref/hg19_decoy/human_g1k_v37_decoy.fasta
    output: output/likelihoods/Patient57_likelihoods.tsv
    jobid: 75
    reason: Missing output files: output/likelihoods/Patient57_likelihoods.tsv; Input files updated by another job: output/preprocessed/Patient57_preprocessed.tsv
    wildcards: sample=Patient57
    resources: mem_mb=3000, mem_mib=2862, disk_mb=6092, disk_mib=5810, tmpdir=<TBD>, slurm_account=park_contrib, slurm_partition=park, runtime=14400, time=5:00

Job 75 has been submitted with SLURM jobid 60621412 (log: /n/data1/hms/dbmi/park/jbrew/Tau/Tau_github/examples/inform_run/snakemake/.snakemake/slurm_logs/rule_calculate_likelihoods/Patient57/60621412.log).
[Wed Feb 26 15:33:57 2025]
Error in rule calculate_likelihoods:
    message: SLURM-job '60621348' failed, SLURM status is: 'FAILED'. For further error details see the cluster/cloud log and the log files of the involved rule(s).
    jobid: 7
    input: output/preprocessed/Patient109_preprocessed.tsv, ../inform_data/all_exposures_aligned_0.01_0.05_0.05_0.001_0.001_0.001_0.001_0.001_sub0.005.txt, ../inform_data/COSMIC_v3p2_SBS_WGS_MuSiCal.csv, /n/data1/hms/dbmi/park/jbrew/ref/hg19_decoy/human_g1k_v37_decoy.fasta
    output: output/likelihoods/Patient109_likelihoods.tsv
    log: /n/data1/hms/dbmi/park/jbrew/Tau/Tau_github/examples/inform_run/snakemake/.snakemake/slurm_logs/rule_calculate_likelihoods/Patient109/60621348.log (check log file(s) for error details)
    shell:
        
        python scripts/calculate_likelihoods.py             --sample Patient109             --preprocessed_file output/preprocessed/Patient109_preprocessed.tsv             --exposure ../inform_data/all_exposures_aligned_0.01_0.05_0.05_0.001_0.001_0.001_0.001_0.001_sub0.005.txt             --signature ../inform_data/COSMIC_v3p2_SBS_WGS_MuSiCal.csv             --output output/likelihoods/Patient109_likelihoods.tsv             --ref_genome /n/data1/hms/dbmi/park/jbrew/ref/hg19_decoy/human_g1k_v37_decoy.fasta
        
        (one of the commands exited with non-zero exit code; note that snakemake uses bash strict mode!)
    external_jobid: 60621348

[Wed Feb 26 15:33:57 2025]
Error in rule calculate_likelihoods:
    message: SLURM-job '60621350' failed, SLURM status is: 'FAILED'. For further error details see the cluster/cloud log and the log files of the involved rule(s).
    jobid: 127
    input: output/preprocessed/Patient90_preprocessed.tsv, ../inform_data/all_exposures_aligned_0.01_0.05_0.05_0.001_0.001_0.001_0.001_0.001_sub0.005.txt, ../inform_data/COSMIC_v3p2_SBS_WGS_MuSiCal.csv, /n/data1/hms/dbmi/park/jbrew/ref/hg19_decoy/human_g1k_v37_decoy.fasta
    output: output/likelihoods/Patient90_likelihoods.tsv
    log: /n/data1/hms/dbmi/park/jbrew/Tau/Tau_github/examples/inform_run/snakemake/.snakemake/slurm_logs/rule_calculate_likelihoods/Patient90/60621350.log (check log file(s) for error details)
    shell:
        
        python scripts/calculate_likelihoods.py             --sample Patient90             --preprocessed_file output/preprocessed/Patient90_preprocessed.tsv             --exposure ../inform_data/all_exposures_aligned_0.01_0.05_0.05_0.001_0.001_0.001_0.001_0.001_sub0.005.txt             --signature ../inform_data/COSMIC_v3p2_SBS_WGS_MuSiCal.csv             --output output/likelihoods/Patient90_likelihoods.tsv             --ref_genome /n/data1/hms/dbmi/park/jbrew/ref/hg19_decoy/human_g1k_v37_decoy.fasta
        
        (one of the commands exited with non-zero exit code; note that snakemake uses bash strict mode!)
    external_jobid: 60621350

[Wed Feb 26 15:33:57 2025]
Error in rule calculate_likelihoods:
    message: SLURM-job '60621352' failed, SLURM status is: 'FAILED'. For further error details see the cluster/cloud log and the log files of the involved rule(s).
    jobid: 67
    input: output/preprocessed/Patient50_preprocessed.tsv, ../inform_data/all_exposures_aligned_0.01_0.05_0.05_0.001_0.001_0.001_0.001_0.001_sub0.005.txt, ../inform_data/COSMIC_v3p2_SBS_WGS_MuSiCal.csv, /n/data1/hms/dbmi/park/jbrew/ref/hg19_decoy/human_g1k_v37_decoy.fasta
    output: output/likelihoods/Patient50_likelihoods.tsv
    log: /n/data1/hms/dbmi/park/jbrew/Tau/Tau_github/examples/inform_run/snakemake/.snakemake/slurm_logs/rule_calculate_likelihoods/Patient50/60621352.log (check log file(s) for error details)
    shell:
        
        python scripts/calculate_likelihoods.py             --sample Patient50             --preprocessed_file output/preprocessed/Patient50_preprocessed.tsv             --exposure ../inform_data/all_exposures_aligned_0.01_0.05_0.05_0.001_0.001_0.001_0.001_0.001_sub0.005.txt             --signature ../inform_data/COSMIC_v3p2_SBS_WGS_MuSiCal.csv             --output output/likelihoods/Patient50_likelihoods.tsv             --ref_genome /n/data1/hms/dbmi/park/jbrew/ref/hg19_decoy/human_g1k_v37_decoy.fasta
        
        (one of the commands exited with non-zero exit code; note that snakemake uses bash strict mode!)
    external_jobid: 60621352

[Wed Feb 26 15:33:57 2025]
Error in rule preprocess:
    message: SLURM-job '60621354' failed, SLURM status is: 'FAILED'. For further error details see the cluster/cloud log and the log files of the involved rule(s).
    jobid: 100
    input: /n/data1/hms/dbmi/park/jbrew/Tau/Tau_github/examples/inform_run/inform_data/INFORM_snv/Patient77.vcf, /n/data1/hms/dbmi/park/jbrew/Tau/Tau_github/examples/inform_run/inform_data/INFORM_cn/Patient77.tsv, ../inform_data/purity_ploidy_inform.txt
    output: output/preprocessed/Patient77_preprocessed.tsv
    log: /n/data1/hms/dbmi/park/jbrew/Tau/Tau_github/examples/inform_run/snakemake/.snakemake/slurm_logs/rule_preprocess/Patient77/60621354.log (check log file(s) for error details)
    shell:
        
        python scripts/preprocess.py             --sample Patient77             --snv /n/data1/hms/dbmi/park/jbrew/Tau/Tau_github/examples/inform_run/inform_data/INFORM_snv/Patient77.vcf             --cnv /n/data1/hms/dbmi/park/jbrew/Tau/Tau_github/examples/inform_run/inform_data/INFORM_cn/Patient77.tsv             --purity ../inform_data/purity_ploidy_inform.txt             --output output/preprocessed/Patient77_preprocessed.tsv
        
        (one of the commands exited with non-zero exit code; note that snakemake uses bash strict mode!)
    external_jobid: 60621354

[Wed Feb 26 15:33:57 2025]
Error in rule calculate_likelihoods:
    message: SLURM-job '60621356' failed, SLURM status is: 'FAILED'. For further error details see the cluster/cloud log and the log files of the involved rule(s).
    jobid: 59
    input: output/preprocessed/Patient44_preprocessed.tsv, ../inform_data/all_exposures_aligned_0.01_0.05_0.05_0.001_0.001_0.001_0.001_0.001_sub0.005.txt, ../inform_data/COSMIC_v3p2_SBS_WGS_MuSiCal.csv, /n/data1/hms/dbmi/park/jbrew/ref/hg19_decoy/human_g1k_v37_decoy.fasta
    output: output/likelihoods/Patient44_likelihoods.tsv
    log: /n/data1/hms/dbmi/park/jbrew/Tau/Tau_github/examples/inform_run/snakemake/.snakemake/slurm_logs/rule_calculate_likelihoods/Patient44/60621356.log (check log file(s) for error details)
    shell:
        
        python scripts/calculate_likelihoods.py             --sample Patient44             --preprocessed_file output/preprocessed/Patient44_preprocessed.tsv             --exposure ../inform_data/all_exposures_aligned_0.01_0.05_0.05_0.001_0.001_0.001_0.001_0.001_sub0.005.txt             --signature ../inform_data/COSMIC_v3p2_SBS_WGS_MuSiCal.csv             --output output/likelihoods/Patient44_likelihoods.tsv             --ref_genome /n/data1/hms/dbmi/park/jbrew/ref/hg19_decoy/human_g1k_v37_decoy.fasta
        
        (one of the commands exited with non-zero exit code; note that snakemake uses bash strict mode!)
    external_jobid: 60621356

[Wed Feb 26 15:33:57 2025]
Error in rule calculate_likelihoods:
    message: SLURM-job '60621358' failed, SLURM status is: 'FAILED'. For further error details see the cluster/cloud log and the log files of the involved rule(s).
    jobid: 111
    input: output/preprocessed/Patient81_preprocessed.tsv, ../inform_data/all_exposures_aligned_0.01_0.05_0.05_0.001_0.001_0.001_0.001_0.001_sub0.005.txt, ../inform_data/COSMIC_v3p2_SBS_WGS_MuSiCal.csv, /n/data1/hms/dbmi/park/jbrew/ref/hg19_decoy/human_g1k_v37_decoy.fasta
    output: output/likelihoods/Patient81_likelihoods.tsv
    log: /n/data1/hms/dbmi/park/jbrew/Tau/Tau_github/examples/inform_run/snakemake/.snakemake/slurm_logs/rule_calculate_likelihoods/Patient81/60621358.log (check log file(s) for error details)
    shell:
        
        python scripts/calculate_likelihoods.py             --sample Patient81             --preprocessed_file output/preprocessed/Patient81_preprocessed.tsv             --exposure ../inform_data/all_exposures_aligned_0.01_0.05_0.05_0.001_0.001_0.001_0.001_0.001_sub0.005.txt             --signature ../inform_data/COSMIC_v3p2_SBS_WGS_MuSiCal.csv             --output output/likelihoods/Patient81_likelihoods.tsv             --ref_genome /n/data1/hms/dbmi/park/jbrew/ref/hg19_decoy/human_g1k_v37_decoy.fasta
        
        (one of the commands exited with non-zero exit code; note that snakemake uses bash strict mode!)
    external_jobid: 60621358

[Wed Feb 26 15:33:57 2025]
Error in rule calculate_likelihoods:
    message: SLURM-job '60621360' failed, SLURM status is: 'FAILED'. For further error details see the cluster/cloud log and the log files of the involved rule(s).
    jobid: 51
    input: output/preprocessed/Patient37_preprocessed.tsv, ../inform_data/all_exposures_aligned_0.01_0.05_0.05_0.001_0.001_0.001_0.001_0.001_sub0.005.txt, ../inform_data/COSMIC_v3p2_SBS_WGS_MuSiCal.csv, /n/data1/hms/dbmi/park/jbrew/ref/hg19_decoy/human_g1k_v37_decoy.fasta
    output: output/likelihoods/Patient37_likelihoods.tsv
    log: /n/data1/hms/dbmi/park/jbrew/Tau/Tau_github/examples/inform_run/snakemake/.snakemake/slurm_logs/rule_calculate_likelihoods/Patient37/60621360.log (check log file(s) for error details)
    shell:
        
        python scripts/calculate_likelihoods.py             --sample Patient37             --preprocessed_file output/preprocessed/Patient37_preprocessed.tsv             --exposure ../inform_data/all_exposures_aligned_0.01_0.05_0.05_0.001_0.001_0.001_0.001_0.001_sub0.005.txt             --signature ../inform_data/COSMIC_v3p2_SBS_WGS_MuSiCal.csv             --output output/likelihoods/Patient37_likelihoods.tsv             --ref_genome /n/data1/hms/dbmi/park/jbrew/ref/hg19_decoy/human_g1k_v37_decoy.fasta
        
        (one of the commands exited with non-zero exit code; note that snakemake uses bash strict mode!)
    external_jobid: 60621360

[Wed Feb 26 15:33:57 2025]
Error in rule calculate_likelihoods:
    message: SLURM-job '60621362' failed, SLURM status is: 'FAILED'. For further error details see the cluster/cloud log and the log files of the involved rule(s).
    jobid: 103
    input: output/preprocessed/Patient7_preprocessed.tsv, ../inform_data/all_exposures_aligned_0.01_0.05_0.05_0.001_0.001_0.001_0.001_0.001_sub0.005.txt, ../inform_data/COSMIC_v3p2_SBS_WGS_MuSiCal.csv, /n/data1/hms/dbmi/park/jbrew/ref/hg19_decoy/human_g1k_v37_decoy.fasta
    output: output/likelihoods/Patient7_likelihoods.tsv
    log: /n/data1/hms/dbmi/park/jbrew/Tau/Tau_github/examples/inform_run/snakemake/.snakemake/slurm_logs/rule_calculate_likelihoods/Patient7/60621362.log (check log file(s) for error details)
    shell:
        
        python scripts/calculate_likelihoods.py             --sample Patient7             --preprocessed_file output/preprocessed/Patient7_preprocessed.tsv             --exposure ../inform_data/all_exposures_aligned_0.01_0.05_0.05_0.001_0.001_0.001_0.001_0.001_sub0.005.txt             --signature ../inform_data/COSMIC_v3p2_SBS_WGS_MuSiCal.csv             --output output/likelihoods/Patient7_likelihoods.tsv             --ref_genome /n/data1/hms/dbmi/park/jbrew/ref/hg19_decoy/human_g1k_v37_decoy.fasta
        
        (one of the commands exited with non-zero exit code; note that snakemake uses bash strict mode!)
    external_jobid: 60621362

[Wed Feb 26 15:33:57 2025]
Error in rule calculate_likelihoods:
    message: SLURM-job '60621364' failed, SLURM status is: 'FAILED'. For further error details see the cluster/cloud log and the log files of the involved rule(s).
    jobid: 43
    input: output/preprocessed/Patient33_preprocessed.tsv, ../inform_data/all_exposures_aligned_0.01_0.05_0.05_0.001_0.001_0.001_0.001_0.001_sub0.005.txt, ../inform_data/COSMIC_v3p2_SBS_WGS_MuSiCal.csv, /n/data1/hms/dbmi/park/jbrew/ref/hg19_decoy/human_g1k_v37_decoy.fasta
    output: output/likelihoods/Patient33_likelihoods.tsv
    log: /n/data1/hms/dbmi/park/jbrew/Tau/Tau_github/examples/inform_run/snakemake/.snakemake/slurm_logs/rule_calculate_likelihoods/Patient33/60621364.log (check log file(s) for error details)
    shell:
        
        python scripts/calculate_likelihoods.py             --sample Patient33             --preprocessed_file output/preprocessed/Patient33_preprocessed.tsv             --exposure ../inform_data/all_exposures_aligned_0.01_0.05_0.05_0.001_0.001_0.001_0.001_0.001_sub0.005.txt             --signature ../inform_data/COSMIC_v3p2_SBS_WGS_MuSiCal.csv             --output output/likelihoods/Patient33_likelihoods.tsv             --ref_genome /n/data1/hms/dbmi/park/jbrew/ref/hg19_decoy/human_g1k_v37_decoy.fasta
        
        (one of the commands exited with non-zero exit code; note that snakemake uses bash strict mode!)
    external_jobid: 60621364

[Wed Feb 26 15:33:57 2025]
Error in rule calculate_likelihoods:
    message: SLURM-job '60621366' failed, SLURM status is: 'FAILED'. For further error details see the cluster/cloud log and the log files of the involved rule(s).
    jobid: 35
    input: output/preprocessed/Patient25_preprocessed.tsv, ../inform_data/all_exposures_aligned_0.01_0.05_0.05_0.001_0.001_0.001_0.001_0.001_sub0.005.txt, ../inform_data/COSMIC_v3p2_SBS_WGS_MuSiCal.csv, /n/data1/hms/dbmi/park/jbrew/ref/hg19_decoy/human_g1k_v37_decoy.fasta
    output: output/likelihoods/Patient25_likelihoods.tsv
    log: /n/data1/hms/dbmi/park/jbrew/Tau/Tau_github/examples/inform_run/snakemake/.snakemake/slurm_logs/rule_calculate_likelihoods/Patient25/60621366.log (check log file(s) for error details)
    shell:
        
        python scripts/calculate_likelihoods.py             --sample Patient25             --preprocessed_file output/preprocessed/Patient25_preprocessed.tsv             --exposure ../inform_data/all_exposures_aligned_0.01_0.05_0.05_0.001_0.001_0.001_0.001_0.001_sub0.005.txt             --signature ../inform_data/COSMIC_v3p2_SBS_WGS_MuSiCal.csv             --output output/likelihoods/Patient25_likelihoods.tsv             --ref_genome /n/data1/hms/dbmi/park/jbrew/ref/hg19_decoy/human_g1k_v37_decoy.fasta
        
        (one of the commands exited with non-zero exit code; note that snakemake uses bash strict mode!)
    external_jobid: 60621366

[Wed Feb 26 15:33:57 2025]
Error in rule preprocess:
    message: SLURM-job '60621368' failed, SLURM status is: 'FAILED'. For further error details see the cluster/cloud log and the log files of the involved rule(s).
    jobid: 16
    input: /n/data1/hms/dbmi/park/jbrew/Tau/Tau_github/examples/inform_run/inform_data/INFORM_snv/Patient15.vcf, /n/data1/hms/dbmi/park/jbrew/Tau/Tau_github/examples/inform_run/inform_data/INFORM_cn/Patient15.tsv, ../inform_data/purity_ploidy_inform.txt
    output: output/preprocessed/Patient15_preprocessed.tsv
    log: /n/data1/hms/dbmi/park/jbrew/Tau/Tau_github/examples/inform_run/snakemake/.snakemake/slurm_logs/rule_preprocess/Patient15/60621368.log (check log file(s) for error details)
    shell:
        
        python scripts/preprocess.py             --sample Patient15             --snv /n/data1/hms/dbmi/park/jbrew/Tau/Tau_github/examples/inform_run/inform_data/INFORM_snv/Patient15.vcf             --cnv /n/data1/hms/dbmi/park/jbrew/Tau/Tau_github/examples/inform_run/inform_data/INFORM_cn/Patient15.tsv             --purity ../inform_data/purity_ploidy_inform.txt             --output output/preprocessed/Patient15_preprocessed.tsv
        
        (one of the commands exited with non-zero exit code; note that snakemake uses bash strict mode!)
    external_jobid: 60621368

[Wed Feb 26 15:33:57 2025]
Error in rule calculate_likelihoods:
    message: SLURM-job '60621370' failed, SLURM status is: 'FAILED'. For further error details see the cluster/cloud log and the log files of the involved rule(s).
    jobid: 3
    input: output/preprocessed/Patient101_preprocessed.tsv, ../inform_data/all_exposures_aligned_0.01_0.05_0.05_0.001_0.001_0.001_0.001_0.001_sub0.005.txt, ../inform_data/COSMIC_v3p2_SBS_WGS_MuSiCal.csv, /n/data1/hms/dbmi/park/jbrew/ref/hg19_decoy/human_g1k_v37_decoy.fasta
    output: output/likelihoods/Patient101_likelihoods.tsv
    log: /n/data1/hms/dbmi/park/jbrew/Tau/Tau_github/examples/inform_run/snakemake/.snakemake/slurm_logs/rule_calculate_likelihoods/Patient101/60621370.log (check log file(s) for error details)
    shell:
        
        python scripts/calculate_likelihoods.py             --sample Patient101             --preprocessed_file output/preprocessed/Patient101_preprocessed.tsv             --exposure ../inform_data/all_exposures_aligned_0.01_0.05_0.05_0.001_0.001_0.001_0.001_0.001_sub0.005.txt             --signature ../inform_data/COSMIC_v3p2_SBS_WGS_MuSiCal.csv             --output output/likelihoods/Patient101_likelihoods.tsv             --ref_genome /n/data1/hms/dbmi/park/jbrew/ref/hg19_decoy/human_g1k_v37_decoy.fasta
        
        (one of the commands exited with non-zero exit code; note that snakemake uses bash strict mode!)
    external_jobid: 60621370

[Wed Feb 26 15:33:57 2025]
Error in rule calculate_likelihoods:
    message: SLURM-job '60621372' failed, SLURM status is: 'FAILED'. For further error details see the cluster/cloud log and the log files of the involved rule(s).
    jobid: 95
    input: output/preprocessed/Patient76_preprocessed.tsv, ../inform_data/all_exposures_aligned_0.01_0.05_0.05_0.001_0.001_0.001_0.001_0.001_sub0.005.txt, ../inform_data/COSMIC_v3p2_SBS_WGS_MuSiCal.csv, /n/data1/hms/dbmi/park/jbrew/ref/hg19_decoy/human_g1k_v37_decoy.fasta
    output: output/likelihoods/Patient76_likelihoods.tsv
    log: /n/data1/hms/dbmi/park/jbrew/Tau/Tau_github/examples/inform_run/snakemake/.snakemake/slurm_logs/rule_calculate_likelihoods/Patient76/60621372.log (check log file(s) for error details)
    shell:
        
        python scripts/calculate_likelihoods.py             --sample Patient76             --preprocessed_file output/preprocessed/Patient76_preprocessed.tsv             --exposure ../inform_data/all_exposures_aligned_0.01_0.05_0.05_0.001_0.001_0.001_0.001_0.001_sub0.005.txt             --signature ../inform_data/COSMIC_v3p2_SBS_WGS_MuSiCal.csv             --output output/likelihoods/Patient76_likelihoods.tsv             --ref_genome /n/data1/hms/dbmi/park/jbrew/ref/hg19_decoy/human_g1k_v37_decoy.fasta
        
        (one of the commands exited with non-zero exit code; note that snakemake uses bash strict mode!)
    external_jobid: 60621372

[Wed Feb 26 15:33:57 2025]
Error in rule calculate_likelihoods:
    message: SLURM-job '60621374' failed, SLURM status is: 'FAILED'. For further error details see the cluster/cloud log and the log files of the involved rule(s).
    jobid: 27
    input: output/preprocessed/Patient1_preprocessed.tsv, ../inform_data/all_exposures_aligned_0.01_0.05_0.05_0.001_0.001_0.001_0.001_0.001_sub0.005.txt, ../inform_data/COSMIC_v3p2_SBS_WGS_MuSiCal.csv, /n/data1/hms/dbmi/park/jbrew/ref/hg19_decoy/human_g1k_v37_decoy.fasta
    output: output/likelihoods/Patient1_likelihoods.tsv
    log: /n/data1/hms/dbmi/park/jbrew/Tau/Tau_github/examples/inform_run/snakemake/.snakemake/slurm_logs/rule_calculate_likelihoods/Patient1/60621374.log (check log file(s) for error details)
    shell:
        
        python scripts/calculate_likelihoods.py             --sample Patient1             --preprocessed_file output/preprocessed/Patient1_preprocessed.tsv             --exposure ../inform_data/all_exposures_aligned_0.01_0.05_0.05_0.001_0.001_0.001_0.001_0.001_sub0.005.txt             --signature ../inform_data/COSMIC_v3p2_SBS_WGS_MuSiCal.csv             --output output/likelihoods/Patient1_likelihoods.tsv             --ref_genome /n/data1/hms/dbmi/park/jbrew/ref/hg19_decoy/human_g1k_v37_decoy.fasta
        
        (one of the commands exited with non-zero exit code; note that snakemake uses bash strict mode!)
    external_jobid: 60621374

[Wed Feb 26 15:33:57 2025]
Error in rule calculate_likelihoods:
    message: SLURM-job '60621376' failed, SLURM status is: 'FAILED'. For further error details see the cluster/cloud log and the log files of the involved rule(s).
    jobid: 87
    input: output/preprocessed/Patient65_preprocessed.tsv, ../inform_data/all_exposures_aligned_0.01_0.05_0.05_0.001_0.001_0.001_0.001_0.001_sub0.005.txt, ../inform_data/COSMIC_v3p2_SBS_WGS_MuSiCal.csv, /n/data1/hms/dbmi/park/jbrew/ref/hg19_decoy/human_g1k_v37_decoy.fasta
    output: output/likelihoods/Patient65_likelihoods.tsv
    log: /n/data1/hms/dbmi/park/jbrew/Tau/Tau_github/examples/inform_run/snakemake/.snakemake/slurm_logs/rule_calculate_likelihoods/Patient65/60621376.log (check log file(s) for error details)
    shell:
        
        python scripts/calculate_likelihoods.py             --sample Patient65             --preprocessed_file output/preprocessed/Patient65_preprocessed.tsv             --exposure ../inform_data/all_exposures_aligned_0.01_0.05_0.05_0.001_0.001_0.001_0.001_0.001_sub0.005.txt             --signature ../inform_data/COSMIC_v3p2_SBS_WGS_MuSiCal.csv             --output output/likelihoods/Patient65_likelihoods.tsv             --ref_genome /n/data1/hms/dbmi/park/jbrew/ref/hg19_decoy/human_g1k_v37_decoy.fasta
        
        (one of the commands exited with non-zero exit code; note that snakemake uses bash strict mode!)
    external_jobid: 60621376

[Wed Feb 26 15:33:57 2025]
Error in rule calculate_likelihoods:
    message: SLURM-job '60621378' failed, SLURM status is: 'FAILED'. For further error details see the cluster/cloud log and the log files of the involved rule(s).
    jobid: 19
    input: output/preprocessed/Patient17_preprocessed.tsv, ../inform_data/all_exposures_aligned_0.01_0.05_0.05_0.001_0.001_0.001_0.001_0.001_sub0.005.txt, ../inform_data/COSMIC_v3p2_SBS_WGS_MuSiCal.csv, /n/data1/hms/dbmi/park/jbrew/ref/hg19_decoy/human_g1k_v37_decoy.fasta
    output: output/likelihoods/Patient17_likelihoods.tsv
    log: /n/data1/hms/dbmi/park/jbrew/Tau/Tau_github/examples/inform_run/snakemake/.snakemake/slurm_logs/rule_calculate_likelihoods/Patient17/60621378.log (check log file(s) for error details)
    shell:
        
        python scripts/calculate_likelihoods.py             --sample Patient17             --preprocessed_file output/preprocessed/Patient17_preprocessed.tsv             --exposure ../inform_data/all_exposures_aligned_0.01_0.05_0.05_0.001_0.001_0.001_0.001_0.001_sub0.005.txt             --signature ../inform_data/COSMIC_v3p2_SBS_WGS_MuSiCal.csv             --output output/likelihoods/Patient17_likelihoods.tsv             --ref_genome /n/data1/hms/dbmi/park/jbrew/ref/hg19_decoy/human_g1k_v37_decoy.fasta
        
        (one of the commands exited with non-zero exit code; note that snakemake uses bash strict mode!)
    external_jobid: 60621378

[Wed Feb 26 15:33:57 2025]
Error in rule preprocess:
    message: SLURM-job '60621380' failed, SLURM status is: 'FAILED'. For further error details see the cluster/cloud log and the log files of the involved rule(s).
    jobid: 120
    input: /n/data1/hms/dbmi/park/jbrew/Tau/Tau_github/examples/inform_run/inform_data/INFORM_snv/Patient86.vcf, /n/data1/hms/dbmi/park/jbrew/Tau/Tau_github/examples/inform_run/inform_data/INFORM_cn/Patient86.tsv, ../inform_data/purity_ploidy_inform.txt
    output: output/preprocessed/Patient86_preprocessed.tsv
    log: /n/data1/hms/dbmi/park/jbrew/Tau/Tau_github/examples/inform_run/snakemake/.snakemake/slurm_logs/rule_preprocess/Patient86/60621380.log (check log file(s) for error details)
    shell:
        
        python scripts/preprocess.py             --sample Patient86             --snv /n/data1/hms/dbmi/park/jbrew/Tau/Tau_github/examples/inform_run/inform_data/INFORM_snv/Patient86.vcf             --cnv /n/data1/hms/dbmi/park/jbrew/Tau/Tau_github/examples/inform_run/inform_data/INFORM_cn/Patient86.tsv             --purity ../inform_data/purity_ploidy_inform.txt             --output output/preprocessed/Patient86_preprocessed.tsv
        
        (one of the commands exited with non-zero exit code; note that snakemake uses bash strict mode!)
    external_jobid: 60621380

[Wed Feb 26 15:33:57 2025]
Error in rule calculate_likelihoods:
    message: SLURM-job '60621382' failed, SLURM status is: 'FAILED'. For further error details see the cluster/cloud log and the log files of the involved rule(s).
    jobid: 79
    input: output/preprocessed/Patient58_preprocessed.tsv, ../inform_data/all_exposures_aligned_0.01_0.05_0.05_0.001_0.001_0.001_0.001_0.001_sub0.005.txt, ../inform_data/COSMIC_v3p2_SBS_WGS_MuSiCal.csv, /n/data1/hms/dbmi/park/jbrew/ref/hg19_decoy/human_g1k_v37_decoy.fasta
    output: output/likelihoods/Patient58_likelihoods.tsv
    log: /n/data1/hms/dbmi/park/jbrew/Tau/Tau_github/examples/inform_run/snakemake/.snakemake/slurm_logs/rule_calculate_likelihoods/Patient58/60621382.log (check log file(s) for error details)
    shell:
        
        python scripts/calculate_likelihoods.py             --sample Patient58             --preprocessed_file output/preprocessed/Patient58_preprocessed.tsv             --exposure ../inform_data/all_exposures_aligned_0.01_0.05_0.05_0.001_0.001_0.001_0.001_0.001_sub0.005.txt             --signature ../inform_data/COSMIC_v3p2_SBS_WGS_MuSiCal.csv             --output output/likelihoods/Patient58_likelihoods.tsv             --ref_genome /n/data1/hms/dbmi/park/jbrew/ref/hg19_decoy/human_g1k_v37_decoy.fasta
        
        (one of the commands exited with non-zero exit code; note that snakemake uses bash strict mode!)
    external_jobid: 60621382

[Wed Feb 26 15:33:57 2025]
Error in rule calculate_likelihoods:
    message: SLURM-job '60621384' failed, SLURM status is: 'FAILED'. For further error details see the cluster/cloud log and the log files of the involved rule(s).
    jobid: 11
    input: output/preprocessed/Patient113_preprocessed.tsv, ../inform_data/all_exposures_aligned_0.01_0.05_0.05_0.001_0.001_0.001_0.001_0.001_sub0.005.txt, ../inform_data/COSMIC_v3p2_SBS_WGS_MuSiCal.csv, /n/data1/hms/dbmi/park/jbrew/ref/hg19_decoy/human_g1k_v37_decoy.fasta
    output: output/likelihoods/Patient113_likelihoods.tsv
    log: /n/data1/hms/dbmi/park/jbrew/Tau/Tau_github/examples/inform_run/snakemake/.snakemake/slurm_logs/rule_calculate_likelihoods/Patient113/60621384.log (check log file(s) for error details)
    shell:
        
        python scripts/calculate_likelihoods.py             --sample Patient113             --preprocessed_file output/preprocessed/Patient113_preprocessed.tsv             --exposure ../inform_data/all_exposures_aligned_0.01_0.05_0.05_0.001_0.001_0.001_0.001_0.001_sub0.005.txt             --signature ../inform_data/COSMIC_v3p2_SBS_WGS_MuSiCal.csv             --output output/likelihoods/Patient113_likelihoods.tsv             --ref_genome /n/data1/hms/dbmi/park/jbrew/ref/hg19_decoy/human_g1k_v37_decoy.fasta
        
        (one of the commands exited with non-zero exit code; note that snakemake uses bash strict mode!)
    external_jobid: 60621384

[Wed Feb 26 15:33:57 2025]
Error in rule calculate_likelihoods:
    message: SLURM-job '60621386' failed, SLURM status is: 'FAILED'. For further error details see the cluster/cloud log and the log files of the involved rule(s).
    jobid: 131
    input: output/preprocessed/Patient94_preprocessed.tsv, ../inform_data/all_exposures_aligned_0.01_0.05_0.05_0.001_0.001_0.001_0.001_0.001_sub0.005.txt, ../inform_data/COSMIC_v3p2_SBS_WGS_MuSiCal.csv, /n/data1/hms/dbmi/park/jbrew/ref/hg19_decoy/human_g1k_v37_decoy.fasta
    output: output/likelihoods/Patient94_likelihoods.tsv
    log: /n/data1/hms/dbmi/park/jbrew/Tau/Tau_github/examples/inform_run/snakemake/.snakemake/slurm_logs/rule_calculate_likelihoods/Patient94/60621386.log (check log file(s) for error details)
    shell:
        
        python scripts/calculate_likelihoods.py             --sample Patient94             --preprocessed_file output/preprocessed/Patient94_preprocessed.tsv             --exposure ../inform_data/all_exposures_aligned_0.01_0.05_0.05_0.001_0.001_0.001_0.001_0.001_sub0.005.txt             --signature ../inform_data/COSMIC_v3p2_SBS_WGS_MuSiCal.csv             --output output/likelihoods/Patient94_likelihoods.tsv             --ref_genome /n/data1/hms/dbmi/park/jbrew/ref/hg19_decoy/human_g1k_v37_decoy.fasta
        
        (one of the commands exited with non-zero exit code; note that snakemake uses bash strict mode!)
    external_jobid: 60621386

[Wed Feb 26 15:33:57 2025]
Error in rule calculate_likelihoods:
    message: SLURM-job '60621388' failed, SLURM status is: 'FAILED'. For further error details see the cluster/cloud log and the log files of the involved rule(s).
    jobid: 71
    input: output/preprocessed/Patient55_preprocessed.tsv, ../inform_data/all_exposures_aligned_0.01_0.05_0.05_0.001_0.001_0.001_0.001_0.001_sub0.005.txt, ../inform_data/COSMIC_v3p2_SBS_WGS_MuSiCal.csv, /n/data1/hms/dbmi/park/jbrew/ref/hg19_decoy/human_g1k_v37_decoy.fasta
    output: output/likelihoods/Patient55_likelihoods.tsv
    log: /n/data1/hms/dbmi/park/jbrew/Tau/Tau_github/examples/inform_run/snakemake/.snakemake/slurm_logs/rule_calculate_likelihoods/Patient55/60621388.log (check log file(s) for error details)
    shell:
        
        python scripts/calculate_likelihoods.py             --sample Patient55             --preprocessed_file output/preprocessed/Patient55_preprocessed.tsv             --exposure ../inform_data/all_exposures_aligned_0.01_0.05_0.05_0.001_0.001_0.001_0.001_0.001_sub0.005.txt             --signature ../inform_data/COSMIC_v3p2_SBS_WGS_MuSiCal.csv             --output output/likelihoods/Patient55_likelihoods.tsv             --ref_genome /n/data1/hms/dbmi/park/jbrew/ref/hg19_decoy/human_g1k_v37_decoy.fasta
        
        (one of the commands exited with non-zero exit code; note that snakemake uses bash strict mode!)
    external_jobid: 60621388

[Wed Feb 26 15:33:57 2025]
Error in rule calculate_likelihoods:
    message: SLURM-job '60621390' failed, SLURM status is: 'FAILED'. For further error details see the cluster/cloud log and the log files of the involved rule(s).
    jobid: 63
    input: output/preprocessed/Patient47_preprocessed.tsv, ../inform_data/all_exposures_aligned_0.01_0.05_0.05_0.001_0.001_0.001_0.001_0.001_sub0.005.txt, ../inform_data/COSMIC_v3p2_SBS_WGS_MuSiCal.csv, /n/data1/hms/dbmi/park/jbrew/ref/hg19_decoy/human_g1k_v37_decoy.fasta
    output: output/likelihoods/Patient47_likelihoods.tsv
    log: /n/data1/hms/dbmi/park/jbrew/Tau/Tau_github/examples/inform_run/snakemake/.snakemake/slurm_logs/rule_calculate_likelihoods/Patient47/60621390.log (check log file(s) for error details)
    shell:
        
        python scripts/calculate_likelihoods.py             --sample Patient47             --preprocessed_file output/preprocessed/Patient47_preprocessed.tsv             --exposure ../inform_data/all_exposures_aligned_0.01_0.05_0.05_0.001_0.001_0.001_0.001_0.001_sub0.005.txt             --signature ../inform_data/COSMIC_v3p2_SBS_WGS_MuSiCal.csv             --output output/likelihoods/Patient47_likelihoods.tsv             --ref_genome /n/data1/hms/dbmi/park/jbrew/ref/hg19_decoy/human_g1k_v37_decoy.fasta
        
        (one of the commands exited with non-zero exit code; note that snakemake uses bash strict mode!)
    external_jobid: 60621390

[Wed Feb 26 15:33:57 2025]
Error in rule calculate_likelihoods:
    message: SLURM-job '60621392' failed, SLURM status is: 'FAILED'. For further error details see the cluster/cloud log and the log files of the involved rule(s).
    jobid: 123
    input: output/preprocessed/Patient87_preprocessed.tsv, ../inform_data/all_exposures_aligned_0.01_0.05_0.05_0.001_0.001_0.001_0.001_0.001_sub0.005.txt, ../inform_data/COSMIC_v3p2_SBS_WGS_MuSiCal.csv, /n/data1/hms/dbmi/park/jbrew/ref/hg19_decoy/human_g1k_v37_decoy.fasta
    output: output/likelihoods/Patient87_likelihoods.tsv
    log: /n/data1/hms/dbmi/park/jbrew/Tau/Tau_github/examples/inform_run/snakemake/.snakemake/slurm_logs/rule_calculate_likelihoods/Patient87/60621392.log (check log file(s) for error details)
    shell:
        
        python scripts/calculate_likelihoods.py             --sample Patient87             --preprocessed_file output/preprocessed/Patient87_preprocessed.tsv             --exposure ../inform_data/all_exposures_aligned_0.01_0.05_0.05_0.001_0.001_0.001_0.001_0.001_sub0.005.txt             --signature ../inform_data/COSMIC_v3p2_SBS_WGS_MuSiCal.csv             --output output/likelihoods/Patient87_likelihoods.tsv             --ref_genome /n/data1/hms/dbmi/park/jbrew/ref/hg19_decoy/human_g1k_v37_decoy.fasta
        
        (one of the commands exited with non-zero exit code; note that snakemake uses bash strict mode!)
    external_jobid: 60621392

[Wed Feb 26 15:33:57 2025]
Error in rule calculate_likelihoods:
    message: SLURM-job '60621394' failed, SLURM status is: 'FAILED'. For further error details see the cluster/cloud log and the log files of the involved rule(s).
    jobid: 55
    input: output/preprocessed/Patient43_preprocessed.tsv, ../inform_data/all_exposures_aligned_0.01_0.05_0.05_0.001_0.001_0.001_0.001_0.001_sub0.005.txt, ../inform_data/COSMIC_v3p2_SBS_WGS_MuSiCal.csv, /n/data1/hms/dbmi/park/jbrew/ref/hg19_decoy/human_g1k_v37_decoy.fasta
    output: output/likelihoods/Patient43_likelihoods.tsv
    log: /n/data1/hms/dbmi/park/jbrew/Tau/Tau_github/examples/inform_run/snakemake/.snakemake/slurm_logs/rule_calculate_likelihoods/Patient43/60621394.log (check log file(s) for error details)
    shell:
        
        python scripts/calculate_likelihoods.py             --sample Patient43             --preprocessed_file output/preprocessed/Patient43_preprocessed.tsv             --exposure ../inform_data/all_exposures_aligned_0.01_0.05_0.05_0.001_0.001_0.001_0.001_0.001_sub0.005.txt             --signature ../inform_data/COSMIC_v3p2_SBS_WGS_MuSiCal.csv             --output output/likelihoods/Patient43_likelihoods.tsv             --ref_genome /n/data1/hms/dbmi/park/jbrew/ref/hg19_decoy/human_g1k_v37_decoy.fasta
        
        (one of the commands exited with non-zero exit code; note that snakemake uses bash strict mode!)
    external_jobid: 60621394

[Wed Feb 26 15:33:57 2025]
Error in rule calculate_likelihoods:
    message: SLURM-job '60621396' failed, SLURM status is: 'FAILED'. For further error details see the cluster/cloud log and the log files of the involved rule(s).
    jobid: 115
    input: output/preprocessed/Patient82_preprocessed.tsv, ../inform_data/all_exposures_aligned_0.01_0.05_0.05_0.001_0.001_0.001_0.001_0.001_sub0.005.txt, ../inform_data/COSMIC_v3p2_SBS_WGS_MuSiCal.csv, /n/data1/hms/dbmi/park/jbrew/ref/hg19_decoy/human_g1k_v37_decoy.fasta
    output: output/likelihoods/Patient82_likelihoods.tsv
    log: /n/data1/hms/dbmi/park/jbrew/Tau/Tau_github/examples/inform_run/snakemake/.snakemake/slurm_logs/rule_calculate_likelihoods/Patient82/60621396.log (check log file(s) for error details)
    shell:
        
        python scripts/calculate_likelihoods.py             --sample Patient82             --preprocessed_file output/preprocessed/Patient82_preprocessed.tsv             --exposure ../inform_data/all_exposures_aligned_0.01_0.05_0.05_0.001_0.001_0.001_0.001_0.001_sub0.005.txt             --signature ../inform_data/COSMIC_v3p2_SBS_WGS_MuSiCal.csv             --output output/likelihoods/Patient82_likelihoods.tsv             --ref_genome /n/data1/hms/dbmi/park/jbrew/ref/hg19_decoy/human_g1k_v37_decoy.fasta
        
        (one of the commands exited with non-zero exit code; note that snakemake uses bash strict mode!)
    external_jobid: 60621396

[Wed Feb 26 15:33:57 2025]
Error in rule calculate_likelihoods:
    message: SLURM-job '60621398' failed, SLURM status is: 'FAILED'. For further error details see the cluster/cloud log and the log files of the involved rule(s).
    jobid: 47
    input: output/preprocessed/Patient34_preprocessed.tsv, ../inform_data/all_exposures_aligned_0.01_0.05_0.05_0.001_0.001_0.001_0.001_0.001_sub0.005.txt, ../inform_data/COSMIC_v3p2_SBS_WGS_MuSiCal.csv, /n/data1/hms/dbmi/park/jbrew/ref/hg19_decoy/human_g1k_v37_decoy.fasta
    output: output/likelihoods/Patient34_likelihoods.tsv
    log: /n/data1/hms/dbmi/park/jbrew/Tau/Tau_github/examples/inform_run/snakemake/.snakemake/slurm_logs/rule_calculate_likelihoods/Patient34/60621398.log (check log file(s) for error details)
    shell:
        
        python scripts/calculate_likelihoods.py             --sample Patient34             --preprocessed_file output/preprocessed/Patient34_preprocessed.tsv             --exposure ../inform_data/all_exposures_aligned_0.01_0.05_0.05_0.001_0.001_0.001_0.001_0.001_sub0.005.txt             --signature ../inform_data/COSMIC_v3p2_SBS_WGS_MuSiCal.csv             --output output/likelihoods/Patient34_likelihoods.tsv             --ref_genome /n/data1/hms/dbmi/park/jbrew/ref/hg19_decoy/human_g1k_v37_decoy.fasta
        
        (one of the commands exited with non-zero exit code; note that snakemake uses bash strict mode!)
    external_jobid: 60621398

[Wed Feb 26 15:33:57 2025]
Error in rule calculate_likelihoods:
    message: SLURM-job '60621400' failed, SLURM status is: 'FAILED'. For further error details see the cluster/cloud log and the log files of the involved rule(s).
    jobid: 107
    input: output/preprocessed/Patient80_preprocessed.tsv, ../inform_data/all_exposures_aligned_0.01_0.05_0.05_0.001_0.001_0.001_0.001_0.001_sub0.005.txt, ../inform_data/COSMIC_v3p2_SBS_WGS_MuSiCal.csv, /n/data1/hms/dbmi/park/jbrew/ref/hg19_decoy/human_g1k_v37_decoy.fasta
    output: output/likelihoods/Patient80_likelihoods.tsv
    log: /n/data1/hms/dbmi/park/jbrew/Tau/Tau_github/examples/inform_run/snakemake/.snakemake/slurm_logs/rule_calculate_likelihoods/Patient80/60621400.log (check log file(s) for error details)
    shell:
        
        python scripts/calculate_likelihoods.py             --sample Patient80             --preprocessed_file output/preprocessed/Patient80_preprocessed.tsv             --exposure ../inform_data/all_exposures_aligned_0.01_0.05_0.05_0.001_0.001_0.001_0.001_0.001_sub0.005.txt             --signature ../inform_data/COSMIC_v3p2_SBS_WGS_MuSiCal.csv             --output output/likelihoods/Patient80_likelihoods.tsv             --ref_genome /n/data1/hms/dbmi/park/jbrew/ref/hg19_decoy/human_g1k_v37_decoy.fasta
        
        (one of the commands exited with non-zero exit code; note that snakemake uses bash strict mode!)
    external_jobid: 60621400

[Wed Feb 26 15:33:57 2025]
Error in rule calculate_likelihoods:
    message: SLURM-job '60621401' failed, SLURM status is: 'FAILED'. For further error details see the cluster/cloud log and the log files of the involved rule(s).
    jobid: 39
    input: output/preprocessed/Patient26_preprocessed.tsv, ../inform_data/all_exposures_aligned_0.01_0.05_0.05_0.001_0.001_0.001_0.001_0.001_sub0.005.txt, ../inform_data/COSMIC_v3p2_SBS_WGS_MuSiCal.csv, /n/data1/hms/dbmi/park/jbrew/ref/hg19_decoy/human_g1k_v37_decoy.fasta
    output: output/likelihoods/Patient26_likelihoods.tsv
    log: /n/data1/hms/dbmi/park/jbrew/Tau/Tau_github/examples/inform_run/snakemake/.snakemake/slurm_logs/rule_calculate_likelihoods/Patient26/60621401.log (check log file(s) for error details)
    shell:
        
        python scripts/calculate_likelihoods.py             --sample Patient26             --preprocessed_file output/preprocessed/Patient26_preprocessed.tsv             --exposure ../inform_data/all_exposures_aligned_0.01_0.05_0.05_0.001_0.001_0.001_0.001_0.001_sub0.005.txt             --signature ../inform_data/COSMIC_v3p2_SBS_WGS_MuSiCal.csv             --output output/likelihoods/Patient26_likelihoods.tsv             --ref_genome /n/data1/hms/dbmi/park/jbrew/ref/hg19_decoy/human_g1k_v37_decoy.fasta
        
        (one of the commands exited with non-zero exit code; note that snakemake uses bash strict mode!)
    external_jobid: 60621401

[Wed Feb 26 15:33:57 2025]
Error in rule calculate_likelihoods:
    message: SLURM-job '60621404' failed, SLURM status is: 'FAILED'. For further error details see the cluster/cloud log and the log files of the involved rule(s).
    jobid: 91
    input: output/preprocessed/Patient68_preprocessed.tsv, ../inform_data/all_exposures_aligned_0.01_0.05_0.05_0.001_0.001_0.001_0.001_0.001_sub0.005.txt, ../inform_data/COSMIC_v3p2_SBS_WGS_MuSiCal.csv, /n/data1/hms/dbmi/park/jbrew/ref/hg19_decoy/human_g1k_v37_decoy.fasta
    output: output/likelihoods/Patient68_likelihoods.tsv
    log: /n/data1/hms/dbmi/park/jbrew/Tau/Tau_github/examples/inform_run/snakemake/.snakemake/slurm_logs/rule_calculate_likelihoods/Patient68/60621404.log (check log file(s) for error details)
    shell:
        
        python scripts/calculate_likelihoods.py             --sample Patient68             --preprocessed_file output/preprocessed/Patient68_preprocessed.tsv             --exposure ../inform_data/all_exposures_aligned_0.01_0.05_0.05_0.001_0.001_0.001_0.001_0.001_sub0.005.txt             --signature ../inform_data/COSMIC_v3p2_SBS_WGS_MuSiCal.csv             --output output/likelihoods/Patient68_likelihoods.tsv             --ref_genome /n/data1/hms/dbmi/park/jbrew/ref/hg19_decoy/human_g1k_v37_decoy.fasta
        
        (one of the commands exited with non-zero exit code; note that snakemake uses bash strict mode!)
    external_jobid: 60621404

[Wed Feb 26 15:33:57 2025]
Error in rule calculate_likelihoods:
    message: SLURM-job '60621406' failed, SLURM status is: 'FAILED'. For further error details see the cluster/cloud log and the log files of the involved rule(s).
    jobid: 31
    input: output/preprocessed/Patient20_preprocessed.tsv, ../inform_data/all_exposures_aligned_0.01_0.05_0.05_0.001_0.001_0.001_0.001_0.001_sub0.005.txt, ../inform_data/COSMIC_v3p2_SBS_WGS_MuSiCal.csv, /n/data1/hms/dbmi/park/jbrew/ref/hg19_decoy/human_g1k_v37_decoy.fasta
    output: output/likelihoods/Patient20_likelihoods.tsv
    log: /n/data1/hms/dbmi/park/jbrew/Tau/Tau_github/examples/inform_run/snakemake/.snakemake/slurm_logs/rule_calculate_likelihoods/Patient20/60621406.log (check log file(s) for error details)
    shell:
        
        python scripts/calculate_likelihoods.py             --sample Patient20             --preprocessed_file output/preprocessed/Patient20_preprocessed.tsv             --exposure ../inform_data/all_exposures_aligned_0.01_0.05_0.05_0.001_0.001_0.001_0.001_0.001_sub0.005.txt             --signature ../inform_data/COSMIC_v3p2_SBS_WGS_MuSiCal.csv             --output output/likelihoods/Patient20_likelihoods.tsv             --ref_genome /n/data1/hms/dbmi/park/jbrew/ref/hg19_decoy/human_g1k_v37_decoy.fasta
        
        (one of the commands exited with non-zero exit code; note that snakemake uses bash strict mode!)
    external_jobid: 60621406

[Wed Feb 26 15:33:57 2025]
Error in rule calculate_likelihoods:
    message: SLURM-job '60621408' failed, SLURM status is: 'FAILED'. For further error details see the cluster/cloud log and the log files of the involved rule(s).
    jobid: 83
    input: output/preprocessed/Patient64_preprocessed.tsv, ../inform_data/all_exposures_aligned_0.01_0.05_0.05_0.001_0.001_0.001_0.001_0.001_sub0.005.txt, ../inform_data/COSMIC_v3p2_SBS_WGS_MuSiCal.csv, /n/data1/hms/dbmi/park/jbrew/ref/hg19_decoy/human_g1k_v37_decoy.fasta
    output: output/likelihoods/Patient64_likelihoods.tsv
    log: /n/data1/hms/dbmi/park/jbrew/Tau/Tau_github/examples/inform_run/snakemake/.snakemake/slurm_logs/rule_calculate_likelihoods/Patient64/60621408.log (check log file(s) for error details)
    shell:
        
        python scripts/calculate_likelihoods.py             --sample Patient64             --preprocessed_file output/preprocessed/Patient64_preprocessed.tsv             --exposure ../inform_data/all_exposures_aligned_0.01_0.05_0.05_0.001_0.001_0.001_0.001_0.001_sub0.005.txt             --signature ../inform_data/COSMIC_v3p2_SBS_WGS_MuSiCal.csv             --output output/likelihoods/Patient64_likelihoods.tsv             --ref_genome /n/data1/hms/dbmi/park/jbrew/ref/hg19_decoy/human_g1k_v37_decoy.fasta
        
        (one of the commands exited with non-zero exit code; note that snakemake uses bash strict mode!)
    external_jobid: 60621408

[Wed Feb 26 15:33:57 2025]
Error in rule calculate_likelihoods:
    message: SLURM-job '60621410' failed, SLURM status is: 'FAILED'. For further error details see the cluster/cloud log and the log files of the involved rule(s).
    jobid: 23
    input: output/preprocessed/Patient18_preprocessed.tsv, ../inform_data/all_exposures_aligned_0.01_0.05_0.05_0.001_0.001_0.001_0.001_0.001_sub0.005.txt, ../inform_data/COSMIC_v3p2_SBS_WGS_MuSiCal.csv, /n/data1/hms/dbmi/park/jbrew/ref/hg19_decoy/human_g1k_v37_decoy.fasta
    output: output/likelihoods/Patient18_likelihoods.tsv
    log: /n/data1/hms/dbmi/park/jbrew/Tau/Tau_github/examples/inform_run/snakemake/.snakemake/slurm_logs/rule_calculate_likelihoods/Patient18/60621410.log (check log file(s) for error details)
    shell:
        
        python scripts/calculate_likelihoods.py             --sample Patient18             --preprocessed_file output/preprocessed/Patient18_preprocessed.tsv             --exposure ../inform_data/all_exposures_aligned_0.01_0.05_0.05_0.001_0.001_0.001_0.001_0.001_sub0.005.txt             --signature ../inform_data/COSMIC_v3p2_SBS_WGS_MuSiCal.csv             --output output/likelihoods/Patient18_likelihoods.tsv             --ref_genome /n/data1/hms/dbmi/park/jbrew/ref/hg19_decoy/human_g1k_v37_decoy.fasta
        
        (one of the commands exited with non-zero exit code; note that snakemake uses bash strict mode!)
    external_jobid: 60621410

[Wed Feb 26 15:33:57 2025]
Error in rule calculate_likelihoods:
    message: SLURM-job '60621412' failed, SLURM status is: 'FAILED'. For further error details see the cluster/cloud log and the log files of the involved rule(s).
    jobid: 75
    input: output/preprocessed/Patient57_preprocessed.tsv, ../inform_data/all_exposures_aligned_0.01_0.05_0.05_0.001_0.001_0.001_0.001_0.001_sub0.005.txt, ../inform_data/COSMIC_v3p2_SBS_WGS_MuSiCal.csv, /n/data1/hms/dbmi/park/jbrew/ref/hg19_decoy/human_g1k_v37_decoy.fasta
    output: output/likelihoods/Patient57_likelihoods.tsv
    log: /n/data1/hms/dbmi/park/jbrew/Tau/Tau_github/examples/inform_run/snakemake/.snakemake/slurm_logs/rule_calculate_likelihoods/Patient57/60621412.log (check log file(s) for error details)
    shell:
        
        python scripts/calculate_likelihoods.py             --sample Patient57             --preprocessed_file output/preprocessed/Patient57_preprocessed.tsv             --exposure ../inform_data/all_exposures_aligned_0.01_0.05_0.05_0.001_0.001_0.001_0.001_0.001_sub0.005.txt             --signature ../inform_data/COSMIC_v3p2_SBS_WGS_MuSiCal.csv             --output output/likelihoods/Patient57_likelihoods.tsv             --ref_genome /n/data1/hms/dbmi/park/jbrew/ref/hg19_decoy/human_g1k_v37_decoy.fasta
        
        (one of the commands exited with non-zero exit code; note that snakemake uses bash strict mode!)
    external_jobid: 60621412

Trying to restart job 7.
Trying to restart job 127.
Trying to restart job 67.
Trying to restart job 59.
Trying to restart job 111.
Trying to restart job 51.
Trying to restart job 103.
Trying to restart job 43.
Trying to restart job 35.
Trying to restart job 3.
Trying to restart job 95.
Trying to restart job 27.
Trying to restart job 19.
Trying to restart job 79.
Trying to restart job 11.
Trying to restart job 131.
Trying to restart job 71.
Trying to restart job 63.
Trying to restart job 123.
Trying to restart job 55.
Trying to restart job 115.
Trying to restart job 47.
Trying to restart job 107.
Trying to restart job 39.
Trying to restart job 91.
Trying to restart job 31.
Trying to restart job 83.
Trying to restart job 23.
Trying to restart job 75.
Shutting down, this might take some time.
Exiting because a job execution failed. Look above for error message
Complete log: .snakemake/log/2025-02-26T152144.179599.snakemake.log
WorkflowError:
At least one job did not complete successfully.
