host: compute-p-17-183.o2.rc.hms.harvard.edu
Building DAG of jobs...
You are running snakemake in a SLURM job context. This is not recommended, as it may lead to unexpected behavior. Please run Snakemake directly on the login node.
SLURM run ID: 96eb8658-9d21-4ded-91b7-915d85948673
Using shell: /usr/bin/bash
Provided remote nodes: 300
Job stats:
job                      count
---------------------  -------
all                          1
calculate_likelihoods       30
count_multiplicities        33
estimate_timing             33
preprocess                   3
total                      100

Select jobs to execute...
Execute 33 jobs...

[Wed Feb 26 16:47:56 2025]
rule calculate_likelihoods:
    input: output/preprocessed/Patient90_preprocessed.tsv, ../inform_data/all_exposures_aligned_0.01_0.05_0.05_0.001_0.001_0.001_0.001_0.001_sub0.005.txt, ../inform_data/COSMIC_v3p2_SBS_WGS_MuSiCal.csv, /n/data1/hms/dbmi/park/SOFTWARE/REFERENCE/hg38/Homo_sapiens_assembly38.fasta
    output: output/likelihoods/Patient90_likelihoods.tsv
    jobid: 127
    reason: Missing output files: output/likelihoods/Patient90_likelihoods.tsv
    wildcards: sample=Patient90
    resources: mem_mb=1000, mem_mib=954, disk_mb=6205, disk_mib=5918, tmpdir=<TBD>, slurm_account=park_contrib, slurm_partition=park, runtime=14400, time=5:00

Job 127 has been submitted with SLURM jobid 60627721 (log: /n/data1/hms/dbmi/park/jbrew/Tau/Tau_github/examples/inform_run/snakemake/.snakemake/slurm_logs/rule_calculate_likelihoods/Patient90/60627721.log).

[Wed Feb 26 16:47:59 2025]
rule calculate_likelihoods:
    input: output/preprocessed/Patient109_preprocessed.tsv, ../inform_data/all_exposures_aligned_0.01_0.05_0.05_0.001_0.001_0.001_0.001_0.001_sub0.005.txt, ../inform_data/COSMIC_v3p2_SBS_WGS_MuSiCal.csv, /n/data1/hms/dbmi/park/SOFTWARE/REFERENCE/hg38/Homo_sapiens_assembly38.fasta
    output: output/likelihoods/Patient109_likelihoods.tsv
    jobid: 7
    reason: Missing output files: output/likelihoods/Patient109_likelihoods.tsv
    wildcards: sample=Patient109
    resources: mem_mb=1000, mem_mib=954, disk_mb=6207, disk_mib=5920, tmpdir=<TBD>, slurm_account=park_contrib, slurm_partition=park, runtime=14400, time=5:00

Job 7 has been submitted with SLURM jobid 60627722 (log: /n/data1/hms/dbmi/park/jbrew/Tau/Tau_github/examples/inform_run/snakemake/.snakemake/slurm_logs/rule_calculate_likelihoods/Patient109/60627722.log).

[Wed Feb 26 16:48:00 2025]
rule calculate_likelihoods:
    input: output/preprocessed/Patient50_preprocessed.tsv, ../inform_data/all_exposures_aligned_0.01_0.05_0.05_0.001_0.001_0.001_0.001_0.001_sub0.005.txt, ../inform_data/COSMIC_v3p2_SBS_WGS_MuSiCal.csv, /n/data1/hms/dbmi/park/SOFTWARE/REFERENCE/hg38/Homo_sapiens_assembly38.fasta
    output: output/likelihoods/Patient50_likelihoods.tsv
    jobid: 67
    reason: Missing output files: output/likelihoods/Patient50_likelihoods.tsv
    wildcards: sample=Patient50
    resources: mem_mb=1000, mem_mib=954, disk_mb=6202, disk_mib=5915, tmpdir=<TBD>, slurm_account=park_contrib, slurm_partition=park, runtime=14400, time=5:00

Job 67 has been submitted with SLURM jobid 60627723 (log: /n/data1/hms/dbmi/park/jbrew/Tau/Tau_github/examples/inform_run/snakemake/.snakemake/slurm_logs/rule_calculate_likelihoods/Patient50/60627723.log).

[Wed Feb 26 16:48:00 2025]
rule preprocess:
    input: /n/data1/hms/dbmi/park/jbrew/Tau/Tau_github/examples/inform_run/inform_data/INFORM_snv/Patient77.vcf, /n/data1/hms/dbmi/park/jbrew/Tau/Tau_github/examples/inform_run/inform_data/INFORM_cn/Patient77.tsv, ../inform_data/purity_ploidy_inform.txt
    output: output/preprocessed/Patient77_preprocessed.tsv
    jobid: 100
    reason: Missing output files: output/preprocessed/Patient77_preprocessed.tsv
    wildcards: sample=Patient77
    resources: mem_mb=1000, mem_mib=954, disk_mb=1000, disk_mib=954, tmpdir=<TBD>, slurm_account=park_contrib, slurm_partition=park, runtime=14400, time=5:00

Job 100 has been submitted with SLURM jobid 60627724 (log: /n/data1/hms/dbmi/park/jbrew/Tau/Tau_github/examples/inform_run/snakemake/.snakemake/slurm_logs/rule_preprocess/Patient77/60627724.log).

[Wed Feb 26 16:48:00 2025]
rule calculate_likelihoods:
    input: output/preprocessed/Patient44_preprocessed.tsv, ../inform_data/all_exposures_aligned_0.01_0.05_0.05_0.001_0.001_0.001_0.001_0.001_sub0.005.txt, ../inform_data/COSMIC_v3p2_SBS_WGS_MuSiCal.csv, /n/data1/hms/dbmi/park/SOFTWARE/REFERENCE/hg38/Homo_sapiens_assembly38.fasta
    output: output/likelihoods/Patient44_likelihoods.tsv
    jobid: 59
    reason: Missing output files: output/likelihoods/Patient44_likelihoods.tsv
    wildcards: sample=Patient44
    resources: mem_mb=1000, mem_mib=954, disk_mb=6203, disk_mib=5916, tmpdir=<TBD>, slurm_account=park_contrib, slurm_partition=park, runtime=14400, time=5:00

Job 59 has been submitted with SLURM jobid 60627725 (log: /n/data1/hms/dbmi/park/jbrew/Tau/Tau_github/examples/inform_run/snakemake/.snakemake/slurm_logs/rule_calculate_likelihoods/Patient44/60627725.log).

[Wed Feb 26 16:48:00 2025]
rule calculate_likelihoods:
    input: output/preprocessed/Patient81_preprocessed.tsv, ../inform_data/all_exposures_aligned_0.01_0.05_0.05_0.001_0.001_0.001_0.001_0.001_sub0.005.txt, ../inform_data/COSMIC_v3p2_SBS_WGS_MuSiCal.csv, /n/data1/hms/dbmi/park/SOFTWARE/REFERENCE/hg38/Homo_sapiens_assembly38.fasta
    output: output/likelihoods/Patient81_likelihoods.tsv
    jobid: 111
    reason: Missing output files: output/likelihoods/Patient81_likelihoods.tsv
    wildcards: sample=Patient81
    resources: mem_mb=1000, mem_mib=954, disk_mb=6203, disk_mib=5916, tmpdir=<TBD>, slurm_account=park_contrib, slurm_partition=park, runtime=14400, time=5:00

Job 111 has been submitted with SLURM jobid 60627726 (log: /n/data1/hms/dbmi/park/jbrew/Tau/Tau_github/examples/inform_run/snakemake/.snakemake/slurm_logs/rule_calculate_likelihoods/Patient81/60627726.log).

[Wed Feb 26 16:48:01 2025]
rule calculate_likelihoods:
    input: output/preprocessed/Patient37_preprocessed.tsv, ../inform_data/all_exposures_aligned_0.01_0.05_0.05_0.001_0.001_0.001_0.001_0.001_sub0.005.txt, ../inform_data/COSMIC_v3p2_SBS_WGS_MuSiCal.csv, /n/data1/hms/dbmi/park/SOFTWARE/REFERENCE/hg38/Homo_sapiens_assembly38.fasta
    output: output/likelihoods/Patient37_likelihoods.tsv
    jobid: 51
    reason: Missing output files: output/likelihoods/Patient37_likelihoods.tsv
    wildcards: sample=Patient37
    resources: mem_mb=1000, mem_mib=954, disk_mb=6206, disk_mib=5919, tmpdir=<TBD>, slurm_account=park_contrib, slurm_partition=park, runtime=14400, time=5:00

Job 51 has been submitted with SLURM jobid 60627727 (log: /n/data1/hms/dbmi/park/jbrew/Tau/Tau_github/examples/inform_run/snakemake/.snakemake/slurm_logs/rule_calculate_likelihoods/Patient37/60627727.log).

[Wed Feb 26 16:48:01 2025]
rule calculate_likelihoods:
    input: output/preprocessed/Patient7_preprocessed.tsv, ../inform_data/all_exposures_aligned_0.01_0.05_0.05_0.001_0.001_0.001_0.001_0.001_sub0.005.txt, ../inform_data/COSMIC_v3p2_SBS_WGS_MuSiCal.csv, /n/data1/hms/dbmi/park/SOFTWARE/REFERENCE/hg38/Homo_sapiens_assembly38.fasta
    output: output/likelihoods/Patient7_likelihoods.tsv
    jobid: 103
    reason: Missing output files: output/likelihoods/Patient7_likelihoods.tsv
    wildcards: sample=Patient7
    resources: mem_mb=1000, mem_mib=954, disk_mb=6205, disk_mib=5918, tmpdir=<TBD>, slurm_account=park_contrib, slurm_partition=park, runtime=14400, time=5:00

Job 103 has been submitted with SLURM jobid 60627728 (log: /n/data1/hms/dbmi/park/jbrew/Tau/Tau_github/examples/inform_run/snakemake/.snakemake/slurm_logs/rule_calculate_likelihoods/Patient7/60627728.log).

[Wed Feb 26 16:48:01 2025]
rule calculate_likelihoods:
    input: output/preprocessed/Patient33_preprocessed.tsv, ../inform_data/all_exposures_aligned_0.01_0.05_0.05_0.001_0.001_0.001_0.001_0.001_sub0.005.txt, ../inform_data/COSMIC_v3p2_SBS_WGS_MuSiCal.csv, /n/data1/hms/dbmi/park/SOFTWARE/REFERENCE/hg38/Homo_sapiens_assembly38.fasta
    output: output/likelihoods/Patient33_likelihoods.tsv
    jobid: 43
    reason: Missing output files: output/likelihoods/Patient33_likelihoods.tsv
    wildcards: sample=Patient33
    resources: mem_mb=1000, mem_mib=954, disk_mb=6210, disk_mib=5923, tmpdir=<TBD>, slurm_account=park_contrib, slurm_partition=park, runtime=14400, time=5:00

Job 43 has been submitted with SLURM jobid 60627729 (log: /n/data1/hms/dbmi/park/jbrew/Tau/Tau_github/examples/inform_run/snakemake/.snakemake/slurm_logs/rule_calculate_likelihoods/Patient33/60627729.log).

[Wed Feb 26 16:48:04 2025]
rule preprocess:
    input: /n/data1/hms/dbmi/park/jbrew/Tau/Tau_github/examples/inform_run/inform_data/INFORM_snv/Patient15.vcf, /n/data1/hms/dbmi/park/jbrew/Tau/Tau_github/examples/inform_run/inform_data/INFORM_cn/Patient15.tsv, ../inform_data/purity_ploidy_inform.txt
    output: output/preprocessed/Patient15_preprocessed.tsv
    jobid: 16
    reason: Missing output files: output/preprocessed/Patient15_preprocessed.tsv
    wildcards: sample=Patient15
    resources: mem_mb=1000, mem_mib=954, disk_mb=1000, disk_mib=954, tmpdir=<TBD>, slurm_account=park_contrib, slurm_partition=park, runtime=14400, time=5:00

Job 16 has been submitted with SLURM jobid 60627730 (log: /n/data1/hms/dbmi/park/jbrew/Tau/Tau_github/examples/inform_run/snakemake/.snakemake/slurm_logs/rule_preprocess/Patient15/60627730.log).

[Wed Feb 26 16:48:04 2025]
rule calculate_likelihoods:
    input: output/preprocessed/Patient25_preprocessed.tsv, ../inform_data/all_exposures_aligned_0.01_0.05_0.05_0.001_0.001_0.001_0.001_0.001_sub0.005.txt, ../inform_data/COSMIC_v3p2_SBS_WGS_MuSiCal.csv, /n/data1/hms/dbmi/park/SOFTWARE/REFERENCE/hg38/Homo_sapiens_assembly38.fasta
    output: output/likelihoods/Patient25_likelihoods.tsv
    jobid: 35
    reason: Missing output files: output/likelihoods/Patient25_likelihoods.tsv
    wildcards: sample=Patient25
    resources: mem_mb=1000, mem_mib=954, disk_mb=6211, disk_mib=5924, tmpdir=<TBD>, slurm_account=park_contrib, slurm_partition=park, runtime=14400, time=5:00

Job 35 has been submitted with SLURM jobid 60627731 (log: /n/data1/hms/dbmi/park/jbrew/Tau/Tau_github/examples/inform_run/snakemake/.snakemake/slurm_logs/rule_calculate_likelihoods/Patient25/60627731.log).

[Wed Feb 26 16:48:04 2025]
rule calculate_likelihoods:
    input: output/preprocessed/Patient101_preprocessed.tsv, ../inform_data/all_exposures_aligned_0.01_0.05_0.05_0.001_0.001_0.001_0.001_0.001_sub0.005.txt, ../inform_data/COSMIC_v3p2_SBS_WGS_MuSiCal.csv, /n/data1/hms/dbmi/park/SOFTWARE/REFERENCE/hg38/Homo_sapiens_assembly38.fasta
    output: output/likelihoods/Patient101_likelihoods.tsv
    jobid: 3
    reason: Missing output files: output/likelihoods/Patient101_likelihoods.tsv
    wildcards: sample=Patient101
    resources: mem_mb=1000, mem_mib=954, disk_mb=6205, disk_mib=5918, tmpdir=<TBD>, slurm_account=park_contrib, slurm_partition=park, runtime=14400, time=5:00

Job 3 has been submitted with SLURM jobid 60627732 (log: /n/data1/hms/dbmi/park/jbrew/Tau/Tau_github/examples/inform_run/snakemake/.snakemake/slurm_logs/rule_calculate_likelihoods/Patient101/60627732.log).

[Wed Feb 26 16:48:05 2025]
rule calculate_likelihoods:
    input: output/preprocessed/Patient76_preprocessed.tsv, ../inform_data/all_exposures_aligned_0.01_0.05_0.05_0.001_0.001_0.001_0.001_0.001_sub0.005.txt, ../inform_data/COSMIC_v3p2_SBS_WGS_MuSiCal.csv, /n/data1/hms/dbmi/park/SOFTWARE/REFERENCE/hg38/Homo_sapiens_assembly38.fasta
    output: output/likelihoods/Patient76_likelihoods.tsv
    jobid: 95
    reason: Missing output files: output/likelihoods/Patient76_likelihoods.tsv
    wildcards: sample=Patient76
    resources: mem_mb=1000, mem_mib=954, disk_mb=6209, disk_mib=5922, tmpdir=<TBD>, slurm_account=park_contrib, slurm_partition=park, runtime=14400, time=5:00

Job 95 has been submitted with SLURM jobid 60627733 (log: /n/data1/hms/dbmi/park/jbrew/Tau/Tau_github/examples/inform_run/snakemake/.snakemake/slurm_logs/rule_calculate_likelihoods/Patient76/60627733.log).

[Wed Feb 26 16:48:05 2025]
rule calculate_likelihoods:
    input: output/preprocessed/Patient1_preprocessed.tsv, ../inform_data/all_exposures_aligned_0.01_0.05_0.05_0.001_0.001_0.001_0.001_0.001_sub0.005.txt, ../inform_data/COSMIC_v3p2_SBS_WGS_MuSiCal.csv, /n/data1/hms/dbmi/park/SOFTWARE/REFERENCE/hg38/Homo_sapiens_assembly38.fasta
    output: output/likelihoods/Patient1_likelihoods.tsv
    jobid: 27
    reason: Missing output files: output/likelihoods/Patient1_likelihoods.tsv
    wildcards: sample=Patient1
    resources: mem_mb=1000, mem_mib=954, disk_mb=6203, disk_mib=5916, tmpdir=<TBD>, slurm_account=park_contrib, slurm_partition=park, runtime=14400, time=5:00

Job 27 has been submitted with SLURM jobid 60627734 (log: /n/data1/hms/dbmi/park/jbrew/Tau/Tau_github/examples/inform_run/snakemake/.snakemake/slurm_logs/rule_calculate_likelihoods/Patient1/60627734.log).

[Wed Feb 26 16:48:05 2025]
rule calculate_likelihoods:
    input: output/preprocessed/Patient65_preprocessed.tsv, ../inform_data/all_exposures_aligned_0.01_0.05_0.05_0.001_0.001_0.001_0.001_0.001_sub0.005.txt, ../inform_data/COSMIC_v3p2_SBS_WGS_MuSiCal.csv, /n/data1/hms/dbmi/park/SOFTWARE/REFERENCE/hg38/Homo_sapiens_assembly38.fasta
    output: output/likelihoods/Patient65_likelihoods.tsv
    jobid: 87
    reason: Missing output files: output/likelihoods/Patient65_likelihoods.tsv
    wildcards: sample=Patient65
    resources: mem_mb=1000, mem_mib=954, disk_mb=6206, disk_mib=5919, tmpdir=<TBD>, slurm_account=park_contrib, slurm_partition=park, runtime=14400, time=5:00

Job 87 has been submitted with SLURM jobid 60627735 (log: /n/data1/hms/dbmi/park/jbrew/Tau/Tau_github/examples/inform_run/snakemake/.snakemake/slurm_logs/rule_calculate_likelihoods/Patient65/60627735.log).

[Wed Feb 26 16:48:05 2025]
rule calculate_likelihoods:
    input: output/preprocessed/Patient17_preprocessed.tsv, ../inform_data/all_exposures_aligned_0.01_0.05_0.05_0.001_0.001_0.001_0.001_0.001_sub0.005.txt, ../inform_data/COSMIC_v3p2_SBS_WGS_MuSiCal.csv, /n/data1/hms/dbmi/park/SOFTWARE/REFERENCE/hg38/Homo_sapiens_assembly38.fasta
    output: output/likelihoods/Patient17_likelihoods.tsv
    jobid: 19
    reason: Missing output files: output/likelihoods/Patient17_likelihoods.tsv
    wildcards: sample=Patient17
    resources: mem_mb=1000, mem_mib=954, disk_mb=6205, disk_mib=5918, tmpdir=<TBD>, slurm_account=park_contrib, slurm_partition=park, runtime=14400, time=5:00

Job 19 has been submitted with SLURM jobid 60627736 (log: /n/data1/hms/dbmi/park/jbrew/Tau/Tau_github/examples/inform_run/snakemake/.snakemake/slurm_logs/rule_calculate_likelihoods/Patient17/60627736.log).

[Wed Feb 26 16:48:06 2025]
rule preprocess:
    input: /n/data1/hms/dbmi/park/jbrew/Tau/Tau_github/examples/inform_run/inform_data/INFORM_snv/Patient86.vcf, /n/data1/hms/dbmi/park/jbrew/Tau/Tau_github/examples/inform_run/inform_data/INFORM_cn/Patient86.tsv, ../inform_data/purity_ploidy_inform.txt
    output: output/preprocessed/Patient86_preprocessed.tsv
    jobid: 120
    reason: Missing output files: output/preprocessed/Patient86_preprocessed.tsv
    wildcards: sample=Patient86
    resources: mem_mb=1000, mem_mib=954, disk_mb=1000, disk_mib=954, tmpdir=<TBD>, slurm_account=park_contrib, slurm_partition=park, runtime=14400, time=5:00

Job 120 has been submitted with SLURM jobid 60627737 (log: /n/data1/hms/dbmi/park/jbrew/Tau/Tau_github/examples/inform_run/snakemake/.snakemake/slurm_logs/rule_preprocess/Patient86/60627737.log).

[Wed Feb 26 16:48:06 2025]
rule calculate_likelihoods:
    input: output/preprocessed/Patient58_preprocessed.tsv, ../inform_data/all_exposures_aligned_0.01_0.05_0.05_0.001_0.001_0.001_0.001_0.001_sub0.005.txt, ../inform_data/COSMIC_v3p2_SBS_WGS_MuSiCal.csv, /n/data1/hms/dbmi/park/SOFTWARE/REFERENCE/hg38/Homo_sapiens_assembly38.fasta
    output: output/likelihoods/Patient58_likelihoods.tsv
    jobid: 79
    reason: Missing output files: output/likelihoods/Patient58_likelihoods.tsv
    wildcards: sample=Patient58
    resources: mem_mb=1000, mem_mib=954, disk_mb=6205, disk_mib=5918, tmpdir=<TBD>, slurm_account=park_contrib, slurm_partition=park, runtime=14400, time=5:00

Job 79 has been submitted with SLURM jobid 60627738 (log: /n/data1/hms/dbmi/park/jbrew/Tau/Tau_github/examples/inform_run/snakemake/.snakemake/slurm_logs/rule_calculate_likelihoods/Patient58/60627738.log).

[Wed Feb 26 16:48:06 2025]
rule calculate_likelihoods:
    input: output/preprocessed/Patient113_preprocessed.tsv, ../inform_data/all_exposures_aligned_0.01_0.05_0.05_0.001_0.001_0.001_0.001_0.001_sub0.005.txt, ../inform_data/COSMIC_v3p2_SBS_WGS_MuSiCal.csv, /n/data1/hms/dbmi/park/SOFTWARE/REFERENCE/hg38/Homo_sapiens_assembly38.fasta
    output: output/likelihoods/Patient113_likelihoods.tsv
    jobid: 11
    reason: Missing output files: output/likelihoods/Patient113_likelihoods.tsv
    wildcards: sample=Patient113
    resources: mem_mb=1000, mem_mib=954, disk_mb=6207, disk_mib=5920, tmpdir=<TBD>, slurm_account=park_contrib, slurm_partition=park, runtime=14400, time=5:00

Job 11 has been submitted with SLURM jobid 60627739 (log: /n/data1/hms/dbmi/park/jbrew/Tau/Tau_github/examples/inform_run/snakemake/.snakemake/slurm_logs/rule_calculate_likelihoods/Patient113/60627739.log).

[Wed Feb 26 16:48:06 2025]
rule calculate_likelihoods:
    input: output/preprocessed/Patient94_preprocessed.tsv, ../inform_data/all_exposures_aligned_0.01_0.05_0.05_0.001_0.001_0.001_0.001_0.001_sub0.005.txt, ../inform_data/COSMIC_v3p2_SBS_WGS_MuSiCal.csv, /n/data1/hms/dbmi/park/SOFTWARE/REFERENCE/hg38/Homo_sapiens_assembly38.fasta
    output: output/likelihoods/Patient94_likelihoods.tsv
    jobid: 131
    reason: Missing output files: output/likelihoods/Patient94_likelihoods.tsv
    wildcards: sample=Patient94
    resources: mem_mb=1000, mem_mib=954, disk_mb=6204, disk_mib=5917, tmpdir=<TBD>, slurm_account=park_contrib, slurm_partition=park, runtime=14400, time=5:00

Job 131 has been submitted with SLURM jobid 60627740 (log: /n/data1/hms/dbmi/park/jbrew/Tau/Tau_github/examples/inform_run/snakemake/.snakemake/slurm_logs/rule_calculate_likelihoods/Patient94/60627740.log).

[Wed Feb 26 16:48:07 2025]
rule calculate_likelihoods:
    input: output/preprocessed/Patient55_preprocessed.tsv, ../inform_data/all_exposures_aligned_0.01_0.05_0.05_0.001_0.001_0.001_0.001_0.001_sub0.005.txt, ../inform_data/COSMIC_v3p2_SBS_WGS_MuSiCal.csv, /n/data1/hms/dbmi/park/SOFTWARE/REFERENCE/hg38/Homo_sapiens_assembly38.fasta
    output: output/likelihoods/Patient55_likelihoods.tsv
    jobid: 71
    reason: Missing output files: output/likelihoods/Patient55_likelihoods.tsv
    wildcards: sample=Patient55
    resources: mem_mb=1000, mem_mib=954, disk_mb=6206, disk_mib=5919, tmpdir=<TBD>, slurm_account=park_contrib, slurm_partition=park, runtime=14400, time=5:00

Job 71 has been submitted with SLURM jobid 60627741 (log: /n/data1/hms/dbmi/park/jbrew/Tau/Tau_github/examples/inform_run/snakemake/.snakemake/slurm_logs/rule_calculate_likelihoods/Patient55/60627741.log).

[Wed Feb 26 16:48:07 2025]
rule calculate_likelihoods:
    input: output/preprocessed/Patient47_preprocessed.tsv, ../inform_data/all_exposures_aligned_0.01_0.05_0.05_0.001_0.001_0.001_0.001_0.001_sub0.005.txt, ../inform_data/COSMIC_v3p2_SBS_WGS_MuSiCal.csv, /n/data1/hms/dbmi/park/SOFTWARE/REFERENCE/hg38/Homo_sapiens_assembly38.fasta
    output: output/likelihoods/Patient47_likelihoods.tsv
    jobid: 63
    reason: Missing output files: output/likelihoods/Patient47_likelihoods.tsv
    wildcards: sample=Patient47
    resources: mem_mb=1000, mem_mib=954, disk_mb=6205, disk_mib=5918, tmpdir=<TBD>, slurm_account=park_contrib, slurm_partition=park, runtime=14400, time=5:00

Job 63 has been submitted with SLURM jobid 60627742 (log: /n/data1/hms/dbmi/park/jbrew/Tau/Tau_github/examples/inform_run/snakemake/.snakemake/slurm_logs/rule_calculate_likelihoods/Patient47/60627742.log).

[Wed Feb 26 16:48:07 2025]
rule calculate_likelihoods:
    input: output/preprocessed/Patient87_preprocessed.tsv, ../inform_data/all_exposures_aligned_0.01_0.05_0.05_0.001_0.001_0.001_0.001_0.001_sub0.005.txt, ../inform_data/COSMIC_v3p2_SBS_WGS_MuSiCal.csv, /n/data1/hms/dbmi/park/SOFTWARE/REFERENCE/hg38/Homo_sapiens_assembly38.fasta
    output: output/likelihoods/Patient87_likelihoods.tsv
    jobid: 123
    reason: Missing output files: output/likelihoods/Patient87_likelihoods.tsv
    wildcards: sample=Patient87
    resources: mem_mb=1000, mem_mib=954, disk_mb=6203, disk_mib=5916, tmpdir=<TBD>, slurm_account=park_contrib, slurm_partition=park, runtime=14400, time=5:00

Job 123 has been submitted with SLURM jobid 60627743 (log: /n/data1/hms/dbmi/park/jbrew/Tau/Tau_github/examples/inform_run/snakemake/.snakemake/slurm_logs/rule_calculate_likelihoods/Patient87/60627743.log).

[Wed Feb 26 16:48:07 2025]
rule count_multiplicities:
    input: output/likelihoods/Patient43_likelihoods.tsv
    output: output/multiplicities/Patient43_multiplicities.tsv
    jobid: 54
    reason: Missing output files: output/multiplicities/Patient43_multiplicities.tsv
    wildcards: sample=Patient43
    resources: mem_mb=1000, mem_mib=954, disk_mb=1000, disk_mib=954, tmpdir=<TBD>, slurm_account=park_contrib, slurm_partition=park, runtime=14400, time=5:00

Job 54 has been submitted with SLURM jobid 60627744 (log: /n/data1/hms/dbmi/park/jbrew/Tau/Tau_github/examples/inform_run/snakemake/.snakemake/slurm_logs/rule_count_multiplicities/Patient43/60627744.log).

[Wed Feb 26 16:48:08 2025]
rule calculate_likelihoods:
    input: output/preprocessed/Patient80_preprocessed.tsv, ../inform_data/all_exposures_aligned_0.01_0.05_0.05_0.001_0.001_0.001_0.001_0.001_sub0.005.txt, ../inform_data/COSMIC_v3p2_SBS_WGS_MuSiCal.csv, /n/data1/hms/dbmi/park/SOFTWARE/REFERENCE/hg38/Homo_sapiens_assembly38.fasta
    output: output/likelihoods/Patient80_likelihoods.tsv
    jobid: 107
    reason: Missing output files: output/likelihoods/Patient80_likelihoods.tsv
    wildcards: sample=Patient80
    resources: mem_mb=1000, mem_mib=954, disk_mb=6205, disk_mib=5918, tmpdir=<TBD>, slurm_account=park_contrib, slurm_partition=park, runtime=14400, time=5:00

Job 107 has been submitted with SLURM jobid 60627745 (log: /n/data1/hms/dbmi/park/jbrew/Tau/Tau_github/examples/inform_run/snakemake/.snakemake/slurm_logs/rule_calculate_likelihoods/Patient80/60627745.log).

[Wed Feb 26 16:48:08 2025]
rule count_multiplicities:
    input: output/likelihoods/Patient82_likelihoods.tsv
    output: output/multiplicities/Patient82_multiplicities.tsv
    jobid: 114
    reason: Missing output files: output/multiplicities/Patient82_multiplicities.tsv
    wildcards: sample=Patient82
    resources: mem_mb=1000, mem_mib=954, disk_mb=1000, disk_mib=954, tmpdir=<TBD>, slurm_account=park_contrib, slurm_partition=park, runtime=14400, time=5:00

Job 114 has been submitted with SLURM jobid 60627746 (log: /n/data1/hms/dbmi/park/jbrew/Tau/Tau_github/examples/inform_run/snakemake/.snakemake/slurm_logs/rule_count_multiplicities/Patient82/60627746.log).

[Wed Feb 26 16:48:08 2025]
rule calculate_likelihoods:
    input: output/preprocessed/Patient26_preprocessed.tsv, ../inform_data/all_exposures_aligned_0.01_0.05_0.05_0.001_0.001_0.001_0.001_0.001_sub0.005.txt, ../inform_data/COSMIC_v3p2_SBS_WGS_MuSiCal.csv, /n/data1/hms/dbmi/park/SOFTWARE/REFERENCE/hg38/Homo_sapiens_assembly38.fasta
    output: output/likelihoods/Patient26_likelihoods.tsv
    jobid: 39
    reason: Missing output files: output/likelihoods/Patient26_likelihoods.tsv
    wildcards: sample=Patient26
    resources: mem_mb=1000, mem_mib=954, disk_mb=6204, disk_mib=5917, tmpdir=<TBD>, slurm_account=park_contrib, slurm_partition=park, runtime=14400, time=5:00

Job 39 has been submitted with SLURM jobid 60627747 (log: /n/data1/hms/dbmi/park/jbrew/Tau/Tau_github/examples/inform_run/snakemake/.snakemake/slurm_logs/rule_calculate_likelihoods/Patient26/60627747.log).

[Wed Feb 26 16:48:08 2025]
rule count_multiplicities:
    input: output/likelihoods/Patient34_likelihoods.tsv
    output: output/multiplicities/Patient34_multiplicities.tsv
    jobid: 46
    reason: Missing output files: output/multiplicities/Patient34_multiplicities.tsv
    wildcards: sample=Patient34
    resources: mem_mb=1000, mem_mib=954, disk_mb=1000, disk_mib=954, tmpdir=<TBD>, slurm_account=park_contrib, slurm_partition=park, runtime=14400, time=5:00

Job 46 has been submitted with SLURM jobid 60627748 (log: /n/data1/hms/dbmi/park/jbrew/Tau/Tau_github/examples/inform_run/snakemake/.snakemake/slurm_logs/rule_count_multiplicities/Patient34/60627748.log).

[Wed Feb 26 16:48:09 2025]
rule calculate_likelihoods:
    input: output/preprocessed/Patient68_preprocessed.tsv, ../inform_data/all_exposures_aligned_0.01_0.05_0.05_0.001_0.001_0.001_0.001_0.001_sub0.005.txt, ../inform_data/COSMIC_v3p2_SBS_WGS_MuSiCal.csv, /n/data1/hms/dbmi/park/SOFTWARE/REFERENCE/hg38/Homo_sapiens_assembly38.fasta
    output: output/likelihoods/Patient68_likelihoods.tsv
    jobid: 91
    reason: Missing output files: output/likelihoods/Patient68_likelihoods.tsv
    wildcards: sample=Patient68
    resources: mem_mb=1000, mem_mib=954, disk_mb=6205, disk_mib=5918, tmpdir=<TBD>, slurm_account=park_contrib, slurm_partition=park, runtime=14400, time=5:00

Job 91 has been submitted with SLURM jobid 60627749 (log: /n/data1/hms/dbmi/park/jbrew/Tau/Tau_github/examples/inform_run/snakemake/.snakemake/slurm_logs/rule_calculate_likelihoods/Patient68/60627749.log).

[Wed Feb 26 16:48:09 2025]
rule calculate_likelihoods:
    input: output/preprocessed/Patient20_preprocessed.tsv, ../inform_data/all_exposures_aligned_0.01_0.05_0.05_0.001_0.001_0.001_0.001_0.001_sub0.005.txt, ../inform_data/COSMIC_v3p2_SBS_WGS_MuSiCal.csv, /n/data1/hms/dbmi/park/SOFTWARE/REFERENCE/hg38/Homo_sapiens_assembly38.fasta
    output: output/likelihoods/Patient20_likelihoods.tsv
    jobid: 31
    reason: Missing output files: output/likelihoods/Patient20_likelihoods.tsv
    wildcards: sample=Patient20
    resources: mem_mb=1000, mem_mib=954, disk_mb=6206, disk_mib=5919, tmpdir=<TBD>, slurm_account=park_contrib, slurm_partition=park, runtime=14400, time=5:00

Job 31 has been submitted with SLURM jobid 60627750 (log: /n/data1/hms/dbmi/park/jbrew/Tau/Tau_github/examples/inform_run/snakemake/.snakemake/slurm_logs/rule_calculate_likelihoods/Patient20/60627750.log).

[Wed Feb 26 16:48:09 2025]
rule calculate_likelihoods:
    input: output/preprocessed/Patient64_preprocessed.tsv, ../inform_data/all_exposures_aligned_0.01_0.05_0.05_0.001_0.001_0.001_0.001_0.001_sub0.005.txt, ../inform_data/COSMIC_v3p2_SBS_WGS_MuSiCal.csv, /n/data1/hms/dbmi/park/SOFTWARE/REFERENCE/hg38/Homo_sapiens_assembly38.fasta
    output: output/likelihoods/Patient64_likelihoods.tsv
    jobid: 83
    reason: Missing output files: output/likelihoods/Patient64_likelihoods.tsv
    wildcards: sample=Patient64
    resources: mem_mb=1000, mem_mib=954, disk_mb=6205, disk_mib=5918, tmpdir=<TBD>, slurm_account=park_contrib, slurm_partition=park, runtime=14400, time=5:00

Job 83 has been submitted with SLURM jobid 60627751 (log: /n/data1/hms/dbmi/park/jbrew/Tau/Tau_github/examples/inform_run/snakemake/.snakemake/slurm_logs/rule_calculate_likelihoods/Patient64/60627751.log).

[Wed Feb 26 16:48:09 2025]
rule calculate_likelihoods:
    input: output/preprocessed/Patient18_preprocessed.tsv, ../inform_data/all_exposures_aligned_0.01_0.05_0.05_0.001_0.001_0.001_0.001_0.001_sub0.005.txt, ../inform_data/COSMIC_v3p2_SBS_WGS_MuSiCal.csv, /n/data1/hms/dbmi/park/SOFTWARE/REFERENCE/hg38/Homo_sapiens_assembly38.fasta
    output: output/likelihoods/Patient18_likelihoods.tsv
    jobid: 23
    reason: Missing output files: output/likelihoods/Patient18_likelihoods.tsv
    wildcards: sample=Patient18
    resources: mem_mb=1000, mem_mib=954, disk_mb=6205, disk_mib=5918, tmpdir=<TBD>, slurm_account=park_contrib, slurm_partition=park, runtime=14400, time=5:00

Job 23 has been submitted with SLURM jobid 60627752 (log: /n/data1/hms/dbmi/park/jbrew/Tau/Tau_github/examples/inform_run/snakemake/.snakemake/slurm_logs/rule_calculate_likelihoods/Patient18/60627752.log).

[Wed Feb 26 16:48:10 2025]
rule calculate_likelihoods:
    input: output/preprocessed/Patient57_preprocessed.tsv, ../inform_data/all_exposures_aligned_0.01_0.05_0.05_0.001_0.001_0.001_0.001_0.001_sub0.005.txt, ../inform_data/COSMIC_v3p2_SBS_WGS_MuSiCal.csv, /n/data1/hms/dbmi/park/SOFTWARE/REFERENCE/hg38/Homo_sapiens_assembly38.fasta
    output: output/likelihoods/Patient57_likelihoods.tsv
    jobid: 75
    reason: Missing output files: output/likelihoods/Patient57_likelihoods.tsv
    wildcards: sample=Patient57
    resources: mem_mb=1000, mem_mib=954, disk_mb=6207, disk_mib=5920, tmpdir=<TBD>, slurm_account=park_contrib, slurm_partition=park, runtime=14400, time=5:00

Job 75 has been submitted with SLURM jobid 60627753 (log: /n/data1/hms/dbmi/park/jbrew/Tau/Tau_github/examples/inform_run/snakemake/.snakemake/slurm_logs/rule_calculate_likelihoods/Patient57/60627753.log).
[Wed Feb 26 16:49:21 2025]
Finished job 127.
1 of 100 steps (1%) done
Select jobs to execute...
Execute 1 jobs...

[Wed Feb 26 16:49:21 2025]
rule count_multiplicities:
    input: output/likelihoods/Patient90_likelihoods.tsv
    output: output/multiplicities/Patient90_multiplicities.tsv
    jobid: 126
    reason: Missing output files: output/multiplicities/Patient90_multiplicities.tsv; Input files updated by another job: output/likelihoods/Patient90_likelihoods.tsv
    wildcards: sample=Patient90
    resources: mem_mb=1000, mem_mib=954, disk_mb=1000, disk_mib=954, tmpdir=<TBD>, slurm_account=park_contrib, slurm_partition=park, runtime=14400, time=5:00

[Wed Feb 26 16:49:21 2025]
Error in rule preprocess:
    message: SLURM-job '60627724' failed, SLURM status is: 'FAILED'. For further error details see the cluster/cloud log and the log files of the involved rule(s).
    jobid: 100
    input: /n/data1/hms/dbmi/park/jbrew/Tau/Tau_github/examples/inform_run/inform_data/INFORM_snv/Patient77.vcf, /n/data1/hms/dbmi/park/jbrew/Tau/Tau_github/examples/inform_run/inform_data/INFORM_cn/Patient77.tsv, ../inform_data/purity_ploidy_inform.txt
    output: output/preprocessed/Patient77_preprocessed.tsv
    log: /n/data1/hms/dbmi/park/jbrew/Tau/Tau_github/examples/inform_run/snakemake/.snakemake/slurm_logs/rule_preprocess/Patient77/60627724.log (check log file(s) for error details)
    shell:
        
        python scripts/preprocess.py             --sample Patient77             --snv /n/data1/hms/dbmi/park/jbrew/Tau/Tau_github/examples/inform_run/inform_data/INFORM_snv/Patient77.vcf             --cnv /n/data1/hms/dbmi/park/jbrew/Tau/Tau_github/examples/inform_run/inform_data/INFORM_cn/Patient77.tsv             --purity ../inform_data/purity_ploidy_inform.txt             --output output/preprocessed/Patient77_preprocessed.tsv
        
        (one of the commands exited with non-zero exit code; note that snakemake uses bash strict mode!)
    external_jobid: 60627724

[Wed Feb 26 16:49:21 2025]
Error in rule preprocess:
    message: SLURM-job '60627730' failed, SLURM status is: 'FAILED'. For further error details see the cluster/cloud log and the log files of the involved rule(s).
    jobid: 16
    input: /n/data1/hms/dbmi/park/jbrew/Tau/Tau_github/examples/inform_run/inform_data/INFORM_snv/Patient15.vcf, /n/data1/hms/dbmi/park/jbrew/Tau/Tau_github/examples/inform_run/inform_data/INFORM_cn/Patient15.tsv, ../inform_data/purity_ploidy_inform.txt
    output: output/preprocessed/Patient15_preprocessed.tsv
    log: /n/data1/hms/dbmi/park/jbrew/Tau/Tau_github/examples/inform_run/snakemake/.snakemake/slurm_logs/rule_preprocess/Patient15/60627730.log (check log file(s) for error details)
    shell:
        
        python scripts/preprocess.py             --sample Patient15             --snv /n/data1/hms/dbmi/park/jbrew/Tau/Tau_github/examples/inform_run/inform_data/INFORM_snv/Patient15.vcf             --cnv /n/data1/hms/dbmi/park/jbrew/Tau/Tau_github/examples/inform_run/inform_data/INFORM_cn/Patient15.tsv             --purity ../inform_data/purity_ploidy_inform.txt             --output output/preprocessed/Patient15_preprocessed.tsv
        
        (one of the commands exited with non-zero exit code; note that snakemake uses bash strict mode!)
    external_jobid: 60627730

[Wed Feb 26 16:49:21 2025]
Error in rule preprocess:
    message: SLURM-job '60627737' failed, SLURM status is: 'FAILED'. For further error details see the cluster/cloud log and the log files of the involved rule(s).
    jobid: 120
    input: /n/data1/hms/dbmi/park/jbrew/Tau/Tau_github/examples/inform_run/inform_data/INFORM_snv/Patient86.vcf, /n/data1/hms/dbmi/park/jbrew/Tau/Tau_github/examples/inform_run/inform_data/INFORM_cn/Patient86.tsv, ../inform_data/purity_ploidy_inform.txt
    output: output/preprocessed/Patient86_preprocessed.tsv
    log: /n/data1/hms/dbmi/park/jbrew/Tau/Tau_github/examples/inform_run/snakemake/.snakemake/slurm_logs/rule_preprocess/Patient86/60627737.log (check log file(s) for error details)
    shell:
        
        python scripts/preprocess.py             --sample Patient86             --snv /n/data1/hms/dbmi/park/jbrew/Tau/Tau_github/examples/inform_run/inform_data/INFORM_snv/Patient86.vcf             --cnv /n/data1/hms/dbmi/park/jbrew/Tau/Tau_github/examples/inform_run/inform_data/INFORM_cn/Patient86.tsv             --purity ../inform_data/purity_ploidy_inform.txt             --output output/preprocessed/Patient86_preprocessed.tsv
        
        (one of the commands exited with non-zero exit code; note that snakemake uses bash strict mode!)
    external_jobid: 60627737

[Wed Feb 26 16:49:21 2025]
Error in rule count_multiplicities:
    message: SLURM-job '60627744' failed, SLURM status is: 'FAILED'. For further error details see the cluster/cloud log and the log files of the involved rule(s).
    jobid: 54
    input: output/likelihoods/Patient43_likelihoods.tsv
    output: output/multiplicities/Patient43_multiplicities.tsv
    log: /n/data1/hms/dbmi/park/jbrew/Tau/Tau_github/examples/inform_run/snakemake/.snakemake/slurm_logs/rule_count_multiplicities/Patient43/60627744.log (check log file(s) for error details)
    shell:
        
        python scripts/count_multiplicities.py             --likelihood_file output/likelihoods/Patient43_likelihoods.tsv             --output output/multiplicities/Patient43_multiplicities.tsv
        
        (one of the commands exited with non-zero exit code; note that snakemake uses bash strict mode!)
    external_jobid: 60627744

[Wed Feb 26 16:49:21 2025]
Error in rule count_multiplicities:
    message: SLURM-job '60627746' failed, SLURM status is: 'FAILED'. For further error details see the cluster/cloud log and the log files of the involved rule(s).
    jobid: 114
    input: output/likelihoods/Patient82_likelihoods.tsv
    output: output/multiplicities/Patient82_multiplicities.tsv
    log: /n/data1/hms/dbmi/park/jbrew/Tau/Tau_github/examples/inform_run/snakemake/.snakemake/slurm_logs/rule_count_multiplicities/Patient82/60627746.log (check log file(s) for error details)
    shell:
        
        python scripts/count_multiplicities.py             --likelihood_file output/likelihoods/Patient82_likelihoods.tsv             --output output/multiplicities/Patient82_multiplicities.tsv
        
        (one of the commands exited with non-zero exit code; note that snakemake uses bash strict mode!)
    external_jobid: 60627746

[Wed Feb 26 16:49:21 2025]
Error in rule count_multiplicities:
    message: SLURM-job '60627748' failed, SLURM status is: 'FAILED'. For further error details see the cluster/cloud log and the log files of the involved rule(s).
    jobid: 46
    input: output/likelihoods/Patient34_likelihoods.tsv
    output: output/multiplicities/Patient34_multiplicities.tsv
    log: /n/data1/hms/dbmi/park/jbrew/Tau/Tau_github/examples/inform_run/snakemake/.snakemake/slurm_logs/rule_count_multiplicities/Patient34/60627748.log (check log file(s) for error details)
    shell:
        
        python scripts/count_multiplicities.py             --likelihood_file output/likelihoods/Patient34_likelihoods.tsv             --output output/multiplicities/Patient34_multiplicities.tsv
        
        (one of the commands exited with non-zero exit code; note that snakemake uses bash strict mode!)
    external_jobid: 60627748

Job 126 has been submitted with SLURM jobid 60627758 (log: /n/data1/hms/dbmi/park/jbrew/Tau/Tau_github/examples/inform_run/snakemake/.snakemake/slurm_logs/rule_count_multiplicities/Patient90/60627758.log).
[Wed Feb 26 16:49:21 2025]
Finished job 7.
2 of 100 steps (2%) done
[Wed Feb 26 16:49:21 2025]
Finished job 67.
3 of 100 steps (3%) done
[Wed Feb 26 16:49:21 2025]
Finished job 59.
4 of 100 steps (4%) done
[Wed Feb 26 16:49:22 2025]
Finished job 111.
5 of 100 steps (5%) done
[Wed Feb 26 16:49:22 2025]
Finished job 51.
6 of 100 steps (6%) done
[Wed Feb 26 16:49:22 2025]
Finished job 103.
7 of 100 steps (7%) done
[Wed Feb 26 16:49:22 2025]
Finished job 43.
8 of 100 steps (8%) done
[Wed Feb 26 16:49:22 2025]
Finished job 35.
9 of 100 steps (9%) done
[Wed Feb 26 16:49:22 2025]
Finished job 3.
10 of 100 steps (10%) done
[Wed Feb 26 16:49:22 2025]
Finished job 95.
11 of 100 steps (11%) done
[Wed Feb 26 16:49:22 2025]
Finished job 27.
12 of 100 steps (12%) done
[Wed Feb 26 16:49:22 2025]
Finished job 87.
13 of 100 steps (13%) done
[Wed Feb 26 16:49:22 2025]
Finished job 19.
14 of 100 steps (14%) done
[Wed Feb 26 16:49:22 2025]
Finished job 79.
15 of 100 steps (15%) done
[Wed Feb 26 16:49:22 2025]
Finished job 11.
16 of 100 steps (16%) done
[Wed Feb 26 16:49:22 2025]
Finished job 131.
17 of 100 steps (17%) done
[Wed Feb 26 16:49:22 2025]
Finished job 71.
18 of 100 steps (18%) done
[Wed Feb 26 16:49:22 2025]
Finished job 63.
19 of 100 steps (19%) done
[Wed Feb 26 16:49:22 2025]
Finished job 123.
20 of 100 steps (20%) done
[Wed Feb 26 16:49:22 2025]
Finished job 107.
21 of 100 steps (21%) done
[Wed Feb 26 16:49:22 2025]
Finished job 39.
22 of 100 steps (22%) done
[Wed Feb 26 16:49:22 2025]
Finished job 91.
23 of 100 steps (23%) done
[Wed Feb 26 16:49:22 2025]
Finished job 31.
24 of 100 steps (24%) done
[Wed Feb 26 16:49:22 2025]
Finished job 83.
25 of 100 steps (25%) done
[Wed Feb 26 16:49:22 2025]
Finished job 23.
26 of 100 steps (26%) done
[Wed Feb 26 16:49:22 2025]
Finished job 75.
27 of 100 steps (27%) done
Trying to restart job 100.
Trying to restart job 16.
Trying to restart job 120.
Trying to restart job 54.
Trying to restart job 114.
Trying to restart job 46.
Select jobs to execute...
Execute 32 jobs...

[Wed Feb 26 16:49:23 2025]
rule count_multiplicities:
    input: output/likelihoods/Patient57_likelihoods.tsv
    output: output/multiplicities/Patient57_multiplicities.tsv
    jobid: 74
    reason: Missing output files: output/multiplicities/Patient57_multiplicities.tsv; Input files updated by another job: output/likelihoods/Patient57_likelihoods.tsv
    wildcards: sample=Patient57
    resources: mem_mb=1000, mem_mib=954, disk_mb=1000, disk_mib=954, tmpdir=<TBD>, slurm_account=park_contrib, slurm_partition=park, runtime=14400, time=5:00

Job 74 has been submitted with SLURM jobid 60627759 (log: /n/data1/hms/dbmi/park/jbrew/Tau/Tau_github/examples/inform_run/snakemake/.snakemake/slurm_logs/rule_count_multiplicities/Patient57/60627759.log).

[Wed Feb 26 16:49:24 2025]
rule count_multiplicities:
    input: output/likelihoods/Patient50_likelihoods.tsv
    output: output/multiplicities/Patient50_multiplicities.tsv
    jobid: 66
    reason: Missing output files: output/multiplicities/Patient50_multiplicities.tsv; Input files updated by another job: output/likelihoods/Patient50_likelihoods.tsv
    wildcards: sample=Patient50
    resources: mem_mb=1000, mem_mib=954, disk_mb=1000, disk_mib=954, tmpdir=<TBD>, slurm_account=park_contrib, slurm_partition=park, runtime=14400, time=5:00

Job 66 has been submitted with SLURM jobid 60627761 (log: /n/data1/hms/dbmi/park/jbrew/Tau/Tau_github/examples/inform_run/snakemake/.snakemake/slurm_logs/rule_count_multiplicities/Patient50/60627761.log).

[Wed Feb 26 16:49:24 2025]
rule preprocess:
    input: /n/data1/hms/dbmi/park/jbrew/Tau/Tau_github/examples/inform_run/inform_data/INFORM_snv/Patient77.vcf, /n/data1/hms/dbmi/park/jbrew/Tau/Tau_github/examples/inform_run/inform_data/INFORM_cn/Patient77.tsv, ../inform_data/purity_ploidy_inform.txt
    output: output/preprocessed/Patient77_preprocessed.tsv
    jobid: 100
    reason: Missing output files: output/preprocessed/Patient77_preprocessed.tsv
    wildcards: sample=Patient77
    resources: mem_mb=2000, mem_mib=1908, disk_mb=1000, disk_mib=954, tmpdir=<TBD>, slurm_account=park_contrib, slurm_partition=park, runtime=14400, time=5:00

Job 100 has been submitted with SLURM jobid 60627762 (log: /n/data1/hms/dbmi/park/jbrew/Tau/Tau_github/examples/inform_run/snakemake/.snakemake/slurm_logs/rule_preprocess/Patient77/60627762.log).

[Wed Feb 26 16:49:25 2025]
rule count_multiplicities:
    input: output/likelihoods/Patient109_likelihoods.tsv
    output: output/multiplicities/Patient109_multiplicities.tsv
    jobid: 6
    reason: Missing output files: output/multiplicities/Patient109_multiplicities.tsv; Input files updated by another job: output/likelihoods/Patient109_likelihoods.tsv
    wildcards: sample=Patient109
    resources: mem_mb=1000, mem_mib=954, disk_mb=1000, disk_mib=954, tmpdir=<TBD>, slurm_account=park_contrib, slurm_partition=park, runtime=14400, time=5:00

Job 6 has been submitted with SLURM jobid 60627763 (log: /n/data1/hms/dbmi/park/jbrew/Tau/Tau_github/examples/inform_run/snakemake/.snakemake/slurm_logs/rule_count_multiplicities/Patient109/60627763.log).

[Wed Feb 26 16:49:25 2025]
rule count_multiplicities:
    input: output/likelihoods/Patient44_likelihoods.tsv
    output: output/multiplicities/Patient44_multiplicities.tsv
    jobid: 58
    reason: Missing output files: output/multiplicities/Patient44_multiplicities.tsv; Input files updated by another job: output/likelihoods/Patient44_likelihoods.tsv
    wildcards: sample=Patient44
    resources: mem_mb=1000, mem_mib=954, disk_mb=1000, disk_mib=954, tmpdir=<TBD>, slurm_account=park_contrib, slurm_partition=park, runtime=14400, time=5:00

Job 58 has been submitted with SLURM jobid 60627764 (log: /n/data1/hms/dbmi/park/jbrew/Tau/Tau_github/examples/inform_run/snakemake/.snakemake/slurm_logs/rule_count_multiplicities/Patient44/60627764.log).

[Wed Feb 26 16:49:25 2025]
rule count_multiplicities:
    input: output/likelihoods/Patient81_likelihoods.tsv
    output: output/multiplicities/Patient81_multiplicities.tsv
    jobid: 110
    reason: Missing output files: output/multiplicities/Patient81_multiplicities.tsv; Input files updated by another job: output/likelihoods/Patient81_likelihoods.tsv
    wildcards: sample=Patient81
    resources: mem_mb=1000, mem_mib=954, disk_mb=1000, disk_mib=954, tmpdir=<TBD>, slurm_account=park_contrib, slurm_partition=park, runtime=14400, time=5:00

Job 110 has been submitted with SLURM jobid 60627765 (log: /n/data1/hms/dbmi/park/jbrew/Tau/Tau_github/examples/inform_run/snakemake/.snakemake/slurm_logs/rule_count_multiplicities/Patient81/60627765.log).

[Wed Feb 26 16:49:25 2025]
rule count_multiplicities:
    input: output/likelihoods/Patient37_likelihoods.tsv
    output: output/multiplicities/Patient37_multiplicities.tsv
    jobid: 50
    reason: Missing output files: output/multiplicities/Patient37_multiplicities.tsv; Input files updated by another job: output/likelihoods/Patient37_likelihoods.tsv
    wildcards: sample=Patient37
    resources: mem_mb=1000, mem_mib=954, disk_mb=1000, disk_mib=954, tmpdir=<TBD>, slurm_account=park_contrib, slurm_partition=park, runtime=14400, time=5:00

Job 50 has been submitted with SLURM jobid 60627766 (log: /n/data1/hms/dbmi/park/jbrew/Tau/Tau_github/examples/inform_run/snakemake/.snakemake/slurm_logs/rule_count_multiplicities/Patient37/60627766.log).

[Wed Feb 26 16:49:26 2025]
rule count_multiplicities:
    input: output/likelihoods/Patient7_likelihoods.tsv
    output: output/multiplicities/Patient7_multiplicities.tsv
    jobid: 102
    reason: Missing output files: output/multiplicities/Patient7_multiplicities.tsv; Input files updated by another job: output/likelihoods/Patient7_likelihoods.tsv
    wildcards: sample=Patient7
    resources: mem_mb=1000, mem_mib=954, disk_mb=1000, disk_mib=954, tmpdir=<TBD>, slurm_account=park_contrib, slurm_partition=park, runtime=14400, time=5:00

Job 102 has been submitted with SLURM jobid 60627767 (log: /n/data1/hms/dbmi/park/jbrew/Tau/Tau_github/examples/inform_run/snakemake/.snakemake/slurm_logs/rule_count_multiplicities/Patient7/60627767.log).

[Wed Feb 26 16:49:26 2025]
rule preprocess:
    input: /n/data1/hms/dbmi/park/jbrew/Tau/Tau_github/examples/inform_run/inform_data/INFORM_snv/Patient15.vcf, /n/data1/hms/dbmi/park/jbrew/Tau/Tau_github/examples/inform_run/inform_data/INFORM_cn/Patient15.tsv, ../inform_data/purity_ploidy_inform.txt
    output: output/preprocessed/Patient15_preprocessed.tsv
    jobid: 16
    reason: Missing output files: output/preprocessed/Patient15_preprocessed.tsv
    wildcards: sample=Patient15
    resources: mem_mb=2000, mem_mib=1908, disk_mb=1000, disk_mib=954, tmpdir=<TBD>, slurm_account=park_contrib, slurm_partition=park, runtime=14400, time=5:00

Job 16 has been submitted with SLURM jobid 60627768 (log: /n/data1/hms/dbmi/park/jbrew/Tau/Tau_github/examples/inform_run/snakemake/.snakemake/slurm_logs/rule_preprocess/Patient15/60627768.log).

[Wed Feb 26 16:49:26 2025]
rule count_multiplicities:
    input: output/likelihoods/Patient33_likelihoods.tsv
    output: output/multiplicities/Patient33_multiplicities.tsv
    jobid: 42
    reason: Missing output files: output/multiplicities/Patient33_multiplicities.tsv; Input files updated by another job: output/likelihoods/Patient33_likelihoods.tsv
    wildcards: sample=Patient33
    resources: mem_mb=1000, mem_mib=954, disk_mb=1000, disk_mib=954, tmpdir=<TBD>, slurm_account=park_contrib, slurm_partition=park, runtime=14400, time=5:00

Job 42 has been submitted with SLURM jobid 60627769 (log: /n/data1/hms/dbmi/park/jbrew/Tau/Tau_github/examples/inform_run/snakemake/.snakemake/slurm_logs/rule_count_multiplicities/Patient33/60627769.log).

[Wed Feb 26 16:49:26 2025]
rule count_multiplicities:
    input: output/likelihoods/Patient101_likelihoods.tsv
    output: output/multiplicities/Patient101_multiplicities.tsv
    jobid: 2
    reason: Missing output files: output/multiplicities/Patient101_multiplicities.tsv; Input files updated by another job: output/likelihoods/Patient101_likelihoods.tsv
    wildcards: sample=Patient101
    resources: mem_mb=1000, mem_mib=954, disk_mb=1000, disk_mib=954, tmpdir=<TBD>, slurm_account=park_contrib, slurm_partition=park, runtime=14400, time=5:00

Job 2 has been submitted with SLURM jobid 60627770 (log: /n/data1/hms/dbmi/park/jbrew/Tau/Tau_github/examples/inform_run/snakemake/.snakemake/slurm_logs/rule_count_multiplicities/Patient101/60627770.log).

[Wed Feb 26 16:49:27 2025]
rule count_multiplicities:
    input: output/likelihoods/Patient76_likelihoods.tsv
    output: output/multiplicities/Patient76_multiplicities.tsv
    jobid: 94
    reason: Missing output files: output/multiplicities/Patient76_multiplicities.tsv; Input files updated by another job: output/likelihoods/Patient76_likelihoods.tsv
    wildcards: sample=Patient76
    resources: mem_mb=1000, mem_mib=954, disk_mb=1000, disk_mib=954, tmpdir=<TBD>, slurm_account=park_contrib, slurm_partition=park, runtime=14400, time=5:00

Job 94 has been submitted with SLURM jobid 60627771 (log: /n/data1/hms/dbmi/park/jbrew/Tau/Tau_github/examples/inform_run/snakemake/.snakemake/slurm_logs/rule_count_multiplicities/Patient76/60627771.log).

[Wed Feb 26 16:49:27 2025]
rule count_multiplicities:
    input: output/likelihoods/Patient25_likelihoods.tsv
    output: output/multiplicities/Patient25_multiplicities.tsv
    jobid: 34
    reason: Missing output files: output/multiplicities/Patient25_multiplicities.tsv; Input files updated by another job: output/likelihoods/Patient25_likelihoods.tsv
    wildcards: sample=Patient25
    resources: mem_mb=1000, mem_mib=954, disk_mb=1000, disk_mib=954, tmpdir=<TBD>, slurm_account=park_contrib, slurm_partition=park, runtime=14400, time=5:00

Job 34 has been submitted with SLURM jobid 60627772 (log: /n/data1/hms/dbmi/park/jbrew/Tau/Tau_github/examples/inform_run/snakemake/.snakemake/slurm_logs/rule_count_multiplicities/Patient25/60627772.log).

[Wed Feb 26 16:49:27 2025]
rule preprocess:
    input: /n/data1/hms/dbmi/park/jbrew/Tau/Tau_github/examples/inform_run/inform_data/INFORM_snv/Patient86.vcf, /n/data1/hms/dbmi/park/jbrew/Tau/Tau_github/examples/inform_run/inform_data/INFORM_cn/Patient86.tsv, ../inform_data/purity_ploidy_inform.txt
    output: output/preprocessed/Patient86_preprocessed.tsv
    jobid: 120
    reason: Missing output files: output/preprocessed/Patient86_preprocessed.tsv
    wildcards: sample=Patient86
    resources: mem_mb=2000, mem_mib=1908, disk_mb=1000, disk_mib=954, tmpdir=<TBD>, slurm_account=park_contrib, slurm_partition=park, runtime=14400, time=5:00

Job 120 has been submitted with SLURM jobid 60627773 (log: /n/data1/hms/dbmi/park/jbrew/Tau/Tau_github/examples/inform_run/snakemake/.snakemake/slurm_logs/rule_preprocess/Patient86/60627773.log).

[Wed Feb 26 16:49:27 2025]
rule count_multiplicities:
    input: output/likelihoods/Patient1_likelihoods.tsv
    output: output/multiplicities/Patient1_multiplicities.tsv
    jobid: 26
    reason: Missing output files: output/multiplicities/Patient1_multiplicities.tsv; Input files updated by another job: output/likelihoods/Patient1_likelihoods.tsv
    wildcards: sample=Patient1
    resources: mem_mb=1000, mem_mib=954, disk_mb=1000, disk_mib=954, tmpdir=<TBD>, slurm_account=park_contrib, slurm_partition=park, runtime=14400, time=5:00

Job 26 has been submitted with SLURM jobid 60627774 (log: /n/data1/hms/dbmi/park/jbrew/Tau/Tau_github/examples/inform_run/snakemake/.snakemake/slurm_logs/rule_count_multiplicities/Patient1/60627774.log).

[Wed Feb 26 16:49:28 2025]
rule count_multiplicities:
    input: output/likelihoods/Patient65_likelihoods.tsv
    output: output/multiplicities/Patient65_multiplicities.tsv
    jobid: 86
    reason: Missing output files: output/multiplicities/Patient65_multiplicities.tsv; Input files updated by another job: output/likelihoods/Patient65_likelihoods.tsv
    wildcards: sample=Patient65
    resources: mem_mb=1000, mem_mib=954, disk_mb=1000, disk_mib=954, tmpdir=<TBD>, slurm_account=park_contrib, slurm_partition=park, runtime=14400, time=5:00

Job 86 has been submitted with SLURM jobid 60627775 (log: /n/data1/hms/dbmi/park/jbrew/Tau/Tau_github/examples/inform_run/snakemake/.snakemake/slurm_logs/rule_count_multiplicities/Patient65/60627775.log).

[Wed Feb 26 16:49:28 2025]
rule count_multiplicities:
    input: output/likelihoods/Patient17_likelihoods.tsv
    output: output/multiplicities/Patient17_multiplicities.tsv
    jobid: 18
    reason: Missing output files: output/multiplicities/Patient17_multiplicities.tsv; Input files updated by another job: output/likelihoods/Patient17_likelihoods.tsv
    wildcards: sample=Patient17
    resources: mem_mb=1000, mem_mib=954, disk_mb=1000, disk_mib=954, tmpdir=<TBD>, slurm_account=park_contrib, slurm_partition=park, runtime=14400, time=5:00

Job 18 has been submitted with SLURM jobid 60627776 (log: /n/data1/hms/dbmi/park/jbrew/Tau/Tau_github/examples/inform_run/snakemake/.snakemake/slurm_logs/rule_count_multiplicities/Patient17/60627776.log).

[Wed Feb 26 16:49:28 2025]
rule count_multiplicities:
    input: output/likelihoods/Patient58_likelihoods.tsv
    output: output/multiplicities/Patient58_multiplicities.tsv
    jobid: 78
    reason: Missing output files: output/multiplicities/Patient58_multiplicities.tsv; Input files updated by another job: output/likelihoods/Patient58_likelihoods.tsv
    wildcards: sample=Patient58
    resources: mem_mb=1000, mem_mib=954, disk_mb=1000, disk_mib=954, tmpdir=<TBD>, slurm_account=park_contrib, slurm_partition=park, runtime=14400, time=5:00

Job 78 has been submitted with SLURM jobid 60627777 (log: /n/data1/hms/dbmi/park/jbrew/Tau/Tau_github/examples/inform_run/snakemake/.snakemake/slurm_logs/rule_count_multiplicities/Patient58/60627777.log).

[Wed Feb 26 16:49:29 2025]
rule count_multiplicities:
    input: output/likelihoods/Patient113_likelihoods.tsv
    output: output/multiplicities/Patient113_multiplicities.tsv
    jobid: 10
    reason: Missing output files: output/multiplicities/Patient113_multiplicities.tsv; Input files updated by another job: output/likelihoods/Patient113_likelihoods.tsv
    wildcards: sample=Patient113
    resources: mem_mb=1000, mem_mib=954, disk_mb=1000, disk_mib=954, tmpdir=<TBD>, slurm_account=park_contrib, slurm_partition=park, runtime=14400, time=5:00

Job 10 has been submitted with SLURM jobid 60627778 (log: /n/data1/hms/dbmi/park/jbrew/Tau/Tau_github/examples/inform_run/snakemake/.snakemake/slurm_logs/rule_count_multiplicities/Patient113/60627778.log).

[Wed Feb 26 16:49:29 2025]
rule count_multiplicities:
    input: output/likelihoods/Patient94_likelihoods.tsv
    output: output/multiplicities/Patient94_multiplicities.tsv
    jobid: 130
    reason: Missing output files: output/multiplicities/Patient94_multiplicities.tsv; Input files updated by another job: output/likelihoods/Patient94_likelihoods.tsv
    wildcards: sample=Patient94
    resources: mem_mb=1000, mem_mib=954, disk_mb=1000, disk_mib=954, tmpdir=<TBD>, slurm_account=park_contrib, slurm_partition=park, runtime=14400, time=5:00

Job 130 has been submitted with SLURM jobid 60627779 (log: /n/data1/hms/dbmi/park/jbrew/Tau/Tau_github/examples/inform_run/snakemake/.snakemake/slurm_logs/rule_count_multiplicities/Patient94/60627779.log).

[Wed Feb 26 16:49:29 2025]
rule count_multiplicities:
    input: output/likelihoods/Patient55_likelihoods.tsv
    output: output/multiplicities/Patient55_multiplicities.tsv
    jobid: 70
    reason: Missing output files: output/multiplicities/Patient55_multiplicities.tsv; Input files updated by another job: output/likelihoods/Patient55_likelihoods.tsv
    wildcards: sample=Patient55
    resources: mem_mb=1000, mem_mib=954, disk_mb=1000, disk_mib=954, tmpdir=<TBD>, slurm_account=park_contrib, slurm_partition=park, runtime=14400, time=5:00

Job 70 has been submitted with SLURM jobid 60627780 (log: /n/data1/hms/dbmi/park/jbrew/Tau/Tau_github/examples/inform_run/snakemake/.snakemake/slurm_logs/rule_count_multiplicities/Patient55/60627780.log).

[Wed Feb 26 16:49:29 2025]
rule count_multiplicities:
    input: output/likelihoods/Patient87_likelihoods.tsv
    output: output/multiplicities/Patient87_multiplicities.tsv
    jobid: 122
    reason: Missing output files: output/multiplicities/Patient87_multiplicities.tsv; Input files updated by another job: output/likelihoods/Patient87_likelihoods.tsv
    wildcards: sample=Patient87
    resources: mem_mb=1000, mem_mib=954, disk_mb=1000, disk_mib=954, tmpdir=<TBD>, slurm_account=park_contrib, slurm_partition=park, runtime=14400, time=5:00

Job 122 has been submitted with SLURM jobid 60627781 (log: /n/data1/hms/dbmi/park/jbrew/Tau/Tau_github/examples/inform_run/snakemake/.snakemake/slurm_logs/rule_count_multiplicities/Patient87/60627781.log).

[Wed Feb 26 16:49:30 2025]
rule count_multiplicities:
    input: output/likelihoods/Patient47_likelihoods.tsv
    output: output/multiplicities/Patient47_multiplicities.tsv
    jobid: 62
    reason: Missing output files: output/multiplicities/Patient47_multiplicities.tsv; Input files updated by another job: output/likelihoods/Patient47_likelihoods.tsv
    wildcards: sample=Patient47
    resources: mem_mb=1000, mem_mib=954, disk_mb=1000, disk_mib=954, tmpdir=<TBD>, slurm_account=park_contrib, slurm_partition=park, runtime=14400, time=5:00

Job 62 has been submitted with SLURM jobid 60627782 (log: /n/data1/hms/dbmi/park/jbrew/Tau/Tau_github/examples/inform_run/snakemake/.snakemake/slurm_logs/rule_count_multiplicities/Patient47/60627782.log).

[Wed Feb 26 16:49:30 2025]
rule count_multiplicities:
    input: output/likelihoods/Patient43_likelihoods.tsv
    output: output/multiplicities/Patient43_multiplicities.tsv
    jobid: 54
    reason: Missing output files: output/multiplicities/Patient43_multiplicities.tsv
    wildcards: sample=Patient43
    resources: mem_mb=2000, mem_mib=1908, disk_mb=1000, disk_mib=954, tmpdir=<TBD>, slurm_account=park_contrib, slurm_partition=park, runtime=14400, time=5:00

Job 54 has been submitted with SLURM jobid 60627783 (log: /n/data1/hms/dbmi/park/jbrew/Tau/Tau_github/examples/inform_run/snakemake/.snakemake/slurm_logs/rule_count_multiplicities/Patient43/60627783.log).

[Wed Feb 26 16:49:31 2025]
rule count_multiplicities:
    input: output/likelihoods/Patient82_likelihoods.tsv
    output: output/multiplicities/Patient82_multiplicities.tsv
    jobid: 114
    reason: Missing output files: output/multiplicities/Patient82_multiplicities.tsv
    wildcards: sample=Patient82
    resources: mem_mb=2000, mem_mib=1908, disk_mb=1000, disk_mib=954, tmpdir=<TBD>, slurm_account=park_contrib, slurm_partition=park, runtime=14400, time=5:00

Job 114 has been submitted with SLURM jobid 60627784 (log: /n/data1/hms/dbmi/park/jbrew/Tau/Tau_github/examples/inform_run/snakemake/.snakemake/slurm_logs/rule_count_multiplicities/Patient82/60627784.log).

[Wed Feb 26 16:49:31 2025]
rule count_multiplicities:
    input: output/likelihoods/Patient34_likelihoods.tsv
    output: output/multiplicities/Patient34_multiplicities.tsv
    jobid: 46
    reason: Missing output files: output/multiplicities/Patient34_multiplicities.tsv
    wildcards: sample=Patient34
    resources: mem_mb=2000, mem_mib=1908, disk_mb=1000, disk_mib=954, tmpdir=<TBD>, slurm_account=park_contrib, slurm_partition=park, runtime=14400, time=5:00

Job 46 has been submitted with SLURM jobid 60627785 (log: /n/data1/hms/dbmi/park/jbrew/Tau/Tau_github/examples/inform_run/snakemake/.snakemake/slurm_logs/rule_count_multiplicities/Patient34/60627785.log).

[Wed Feb 26 16:49:31 2025]
rule count_multiplicities:
    input: output/likelihoods/Patient80_likelihoods.tsv
    output: output/multiplicities/Patient80_multiplicities.tsv
    jobid: 106
    reason: Missing output files: output/multiplicities/Patient80_multiplicities.tsv; Input files updated by another job: output/likelihoods/Patient80_likelihoods.tsv
    wildcards: sample=Patient80
    resources: mem_mb=1000, mem_mib=954, disk_mb=1000, disk_mib=954, tmpdir=<TBD>, slurm_account=park_contrib, slurm_partition=park, runtime=14400, time=5:00

Job 106 has been submitted with SLURM jobid 60627786 (log: /n/data1/hms/dbmi/park/jbrew/Tau/Tau_github/examples/inform_run/snakemake/.snakemake/slurm_logs/rule_count_multiplicities/Patient80/60627786.log).

[Wed Feb 26 16:49:31 2025]
rule count_multiplicities:
    input: output/likelihoods/Patient26_likelihoods.tsv
    output: output/multiplicities/Patient26_multiplicities.tsv
    jobid: 38
    reason: Missing output files: output/multiplicities/Patient26_multiplicities.tsv; Input files updated by another job: output/likelihoods/Patient26_likelihoods.tsv
    wildcards: sample=Patient26
    resources: mem_mb=1000, mem_mib=954, disk_mb=1000, disk_mib=954, tmpdir=<TBD>, slurm_account=park_contrib, slurm_partition=park, runtime=14400, time=5:00

Job 38 has been submitted with SLURM jobid 60627787 (log: /n/data1/hms/dbmi/park/jbrew/Tau/Tau_github/examples/inform_run/snakemake/.snakemake/slurm_logs/rule_count_multiplicities/Patient26/60627787.log).

[Wed Feb 26 16:49:32 2025]
rule count_multiplicities:
    input: output/likelihoods/Patient20_likelihoods.tsv
    output: output/multiplicities/Patient20_multiplicities.tsv
    jobid: 30
    reason: Missing output files: output/multiplicities/Patient20_multiplicities.tsv; Input files updated by another job: output/likelihoods/Patient20_likelihoods.tsv
    wildcards: sample=Patient20
    resources: mem_mb=1000, mem_mib=954, disk_mb=1000, disk_mib=954, tmpdir=<TBD>, slurm_account=park_contrib, slurm_partition=park, runtime=14400, time=5:00

Job 30 has been submitted with SLURM jobid 60627788 (log: /n/data1/hms/dbmi/park/jbrew/Tau/Tau_github/examples/inform_run/snakemake/.snakemake/slurm_logs/rule_count_multiplicities/Patient20/60627788.log).

[Wed Feb 26 16:49:32 2025]
rule count_multiplicities:
    input: output/likelihoods/Patient68_likelihoods.tsv
    output: output/multiplicities/Patient68_multiplicities.tsv
    jobid: 90
    reason: Missing output files: output/multiplicities/Patient68_multiplicities.tsv; Input files updated by another job: output/likelihoods/Patient68_likelihoods.tsv
    wildcards: sample=Patient68
    resources: mem_mb=1000, mem_mib=954, disk_mb=1000, disk_mib=954, tmpdir=<TBD>, slurm_account=park_contrib, slurm_partition=park, runtime=14400, time=5:00

Job 90 has been submitted with SLURM jobid 60627789 (log: /n/data1/hms/dbmi/park/jbrew/Tau/Tau_github/examples/inform_run/snakemake/.snakemake/slurm_logs/rule_count_multiplicities/Patient68/60627789.log).

[Wed Feb 26 16:49:32 2025]
rule count_multiplicities:
    input: output/likelihoods/Patient64_likelihoods.tsv
    output: output/multiplicities/Patient64_multiplicities.tsv
    jobid: 82
    reason: Missing output files: output/multiplicities/Patient64_multiplicities.tsv; Input files updated by another job: output/likelihoods/Patient64_likelihoods.tsv
    wildcards: sample=Patient64
    resources: mem_mb=1000, mem_mib=954, disk_mb=1000, disk_mib=954, tmpdir=<TBD>, slurm_account=park_contrib, slurm_partition=park, runtime=14400, time=5:00

Job 82 has been submitted with SLURM jobid 60627790 (log: /n/data1/hms/dbmi/park/jbrew/Tau/Tau_github/examples/inform_run/snakemake/.snakemake/slurm_logs/rule_count_multiplicities/Patient64/60627790.log).

[Wed Feb 26 16:49:32 2025]
rule count_multiplicities:
    input: output/likelihoods/Patient18_likelihoods.tsv
    output: output/multiplicities/Patient18_multiplicities.tsv
    jobid: 22
    reason: Missing output files: output/multiplicities/Patient18_multiplicities.tsv; Input files updated by another job: output/likelihoods/Patient18_likelihoods.tsv
    wildcards: sample=Patient18
    resources: mem_mb=1000, mem_mib=954, disk_mb=1000, disk_mib=954, tmpdir=<TBD>, slurm_account=park_contrib, slurm_partition=park, runtime=14400, time=5:00

Job 22 has been submitted with SLURM jobid 60627791 (log: /n/data1/hms/dbmi/park/jbrew/Tau/Tau_github/examples/inform_run/snakemake/.snakemake/slurm_logs/rule_count_multiplicities/Patient18/60627791.log).
[Wed Feb 26 16:49:52 2025]
Error in rule count_multiplicities:
    message: SLURM-job '60627758' failed, SLURM status is: 'FAILED'. For further error details see the cluster/cloud log and the log files of the involved rule(s).
    jobid: 126
    input: output/likelihoods/Patient90_likelihoods.tsv
    output: output/multiplicities/Patient90_multiplicities.tsv
    log: /n/data1/hms/dbmi/park/jbrew/Tau/Tau_github/examples/inform_run/snakemake/.snakemake/slurm_logs/rule_count_multiplicities/Patient90/60627758.log (check log file(s) for error details)
    shell:
        
        python scripts/count_multiplicities.py             --likelihood_file output/likelihoods/Patient90_likelihoods.tsv             --output output/multiplicities/Patient90_multiplicities.tsv
        
        (one of the commands exited with non-zero exit code; note that snakemake uses bash strict mode!)
    external_jobid: 60627758

[Wed Feb 26 16:49:52 2025]
Error in rule count_multiplicities:
    message: SLURM-job '60627759' failed, SLURM status is: 'FAILED'. For further error details see the cluster/cloud log and the log files of the involved rule(s).
    jobid: 74
    input: output/likelihoods/Patient57_likelihoods.tsv
    output: output/multiplicities/Patient57_multiplicities.tsv
    log: /n/data1/hms/dbmi/park/jbrew/Tau/Tau_github/examples/inform_run/snakemake/.snakemake/slurm_logs/rule_count_multiplicities/Patient57/60627759.log (check log file(s) for error details)
    shell:
        
        python scripts/count_multiplicities.py             --likelihood_file output/likelihoods/Patient57_likelihoods.tsv             --output output/multiplicities/Patient57_multiplicities.tsv
        
        (one of the commands exited with non-zero exit code; note that snakemake uses bash strict mode!)
    external_jobid: 60627759

[Wed Feb 26 16:49:52 2025]
Error in rule count_multiplicities:
    message: SLURM-job '60627761' failed, SLURM status is: 'FAILED'. For further error details see the cluster/cloud log and the log files of the involved rule(s).
    jobid: 66
    input: output/likelihoods/Patient50_likelihoods.tsv
    output: output/multiplicities/Patient50_multiplicities.tsv
    log: /n/data1/hms/dbmi/park/jbrew/Tau/Tau_github/examples/inform_run/snakemake/.snakemake/slurm_logs/rule_count_multiplicities/Patient50/60627761.log (check log file(s) for error details)
    shell:
        
        python scripts/count_multiplicities.py             --likelihood_file output/likelihoods/Patient50_likelihoods.tsv             --output output/multiplicities/Patient50_multiplicities.tsv
        
        (one of the commands exited with non-zero exit code; note that snakemake uses bash strict mode!)
    external_jobid: 60627761

[Wed Feb 26 16:49:52 2025]
Error in rule count_multiplicities:
    message: SLURM-job '60627763' failed, SLURM status is: 'FAILED'. For further error details see the cluster/cloud log and the log files of the involved rule(s).
    jobid: 6
    input: output/likelihoods/Patient109_likelihoods.tsv
    output: output/multiplicities/Patient109_multiplicities.tsv
    log: /n/data1/hms/dbmi/park/jbrew/Tau/Tau_github/examples/inform_run/snakemake/.snakemake/slurm_logs/rule_count_multiplicities/Patient109/60627763.log (check log file(s) for error details)
    shell:
        
        python scripts/count_multiplicities.py             --likelihood_file output/likelihoods/Patient109_likelihoods.tsv             --output output/multiplicities/Patient109_multiplicities.tsv
        
        (one of the commands exited with non-zero exit code; note that snakemake uses bash strict mode!)
    external_jobid: 60627763

[Wed Feb 26 16:49:52 2025]
Error in rule count_multiplicities:
    message: SLURM-job '60627764' failed, SLURM status is: 'FAILED'. For further error details see the cluster/cloud log and the log files of the involved rule(s).
    jobid: 58
    input: output/likelihoods/Patient44_likelihoods.tsv
    output: output/multiplicities/Patient44_multiplicities.tsv
    log: /n/data1/hms/dbmi/park/jbrew/Tau/Tau_github/examples/inform_run/snakemake/.snakemake/slurm_logs/rule_count_multiplicities/Patient44/60627764.log (check log file(s) for error details)
    shell:
        
        python scripts/count_multiplicities.py             --likelihood_file output/likelihoods/Patient44_likelihoods.tsv             --output output/multiplicities/Patient44_multiplicities.tsv
        
        (one of the commands exited with non-zero exit code; note that snakemake uses bash strict mode!)
    external_jobid: 60627764

[Wed Feb 26 16:49:52 2025]
Error in rule count_multiplicities:
    message: SLURM-job '60627765' failed, SLURM status is: 'FAILED'. For further error details see the cluster/cloud log and the log files of the involved rule(s).
    jobid: 110
    input: output/likelihoods/Patient81_likelihoods.tsv
    output: output/multiplicities/Patient81_multiplicities.tsv
    log: /n/data1/hms/dbmi/park/jbrew/Tau/Tau_github/examples/inform_run/snakemake/.snakemake/slurm_logs/rule_count_multiplicities/Patient81/60627765.log (check log file(s) for error details)
    shell:
        
        python scripts/count_multiplicities.py             --likelihood_file output/likelihoods/Patient81_likelihoods.tsv             --output output/multiplicities/Patient81_multiplicities.tsv
        
        (one of the commands exited with non-zero exit code; note that snakemake uses bash strict mode!)
    external_jobid: 60627765

[Wed Feb 26 16:49:52 2025]
Error in rule count_multiplicities:
    message: SLURM-job '60627766' failed, SLURM status is: 'FAILED'. For further error details see the cluster/cloud log and the log files of the involved rule(s).
    jobid: 50
    input: output/likelihoods/Patient37_likelihoods.tsv
    output: output/multiplicities/Patient37_multiplicities.tsv
    log: /n/data1/hms/dbmi/park/jbrew/Tau/Tau_github/examples/inform_run/snakemake/.snakemake/slurm_logs/rule_count_multiplicities/Patient37/60627766.log (check log file(s) for error details)
    shell:
        
        python scripts/count_multiplicities.py             --likelihood_file output/likelihoods/Patient37_likelihoods.tsv             --output output/multiplicities/Patient37_multiplicities.tsv
        
        (one of the commands exited with non-zero exit code; note that snakemake uses bash strict mode!)
    external_jobid: 60627766

[Wed Feb 26 16:49:52 2025]
Error in rule count_multiplicities:
    message: SLURM-job '60627767' failed, SLURM status is: 'FAILED'. For further error details see the cluster/cloud log and the log files of the involved rule(s).
    jobid: 102
    input: output/likelihoods/Patient7_likelihoods.tsv
    output: output/multiplicities/Patient7_multiplicities.tsv
    log: /n/data1/hms/dbmi/park/jbrew/Tau/Tau_github/examples/inform_run/snakemake/.snakemake/slurm_logs/rule_count_multiplicities/Patient7/60627767.log (check log file(s) for error details)
    shell:
        
        python scripts/count_multiplicities.py             --likelihood_file output/likelihoods/Patient7_likelihoods.tsv             --output output/multiplicities/Patient7_multiplicities.tsv
        
        (one of the commands exited with non-zero exit code; note that snakemake uses bash strict mode!)
    external_jobid: 60627767

[Wed Feb 26 16:49:52 2025]
Error in rule count_multiplicities:
    message: SLURM-job '60627769' failed, SLURM status is: 'FAILED'. For further error details see the cluster/cloud log and the log files of the involved rule(s).
    jobid: 42
    input: output/likelihoods/Patient33_likelihoods.tsv
    output: output/multiplicities/Patient33_multiplicities.tsv
    log: /n/data1/hms/dbmi/park/jbrew/Tau/Tau_github/examples/inform_run/snakemake/.snakemake/slurm_logs/rule_count_multiplicities/Patient33/60627769.log (check log file(s) for error details)
    shell:
        
        python scripts/count_multiplicities.py             --likelihood_file output/likelihoods/Patient33_likelihoods.tsv             --output output/multiplicities/Patient33_multiplicities.tsv
        
        (one of the commands exited with non-zero exit code; note that snakemake uses bash strict mode!)
    external_jobid: 60627769

[Wed Feb 26 16:49:52 2025]
Error in rule count_multiplicities:
    message: SLURM-job '60627770' failed, SLURM status is: 'FAILED'. For further error details see the cluster/cloud log and the log files of the involved rule(s).
    jobid: 2
    input: output/likelihoods/Patient101_likelihoods.tsv
    output: output/multiplicities/Patient101_multiplicities.tsv
    log: /n/data1/hms/dbmi/park/jbrew/Tau/Tau_github/examples/inform_run/snakemake/.snakemake/slurm_logs/rule_count_multiplicities/Patient101/60627770.log (check log file(s) for error details)
    shell:
        
        python scripts/count_multiplicities.py             --likelihood_file output/likelihoods/Patient101_likelihoods.tsv             --output output/multiplicities/Patient101_multiplicities.tsv
        
        (one of the commands exited with non-zero exit code; note that snakemake uses bash strict mode!)
    external_jobid: 60627770

[Wed Feb 26 16:49:52 2025]
Error in rule count_multiplicities:
    message: SLURM-job '60627771' failed, SLURM status is: 'FAILED'. For further error details see the cluster/cloud log and the log files of the involved rule(s).
    jobid: 94
    input: output/likelihoods/Patient76_likelihoods.tsv
    output: output/multiplicities/Patient76_multiplicities.tsv
    log: /n/data1/hms/dbmi/park/jbrew/Tau/Tau_github/examples/inform_run/snakemake/.snakemake/slurm_logs/rule_count_multiplicities/Patient76/60627771.log (check log file(s) for error details)
    shell:
        
        python scripts/count_multiplicities.py             --likelihood_file output/likelihoods/Patient76_likelihoods.tsv             --output output/multiplicities/Patient76_multiplicities.tsv
        
        (one of the commands exited with non-zero exit code; note that snakemake uses bash strict mode!)
    external_jobid: 60627771

[Wed Feb 26 16:49:52 2025]
Error in rule count_multiplicities:
    message: SLURM-job '60627772' failed, SLURM status is: 'FAILED'. For further error details see the cluster/cloud log and the log files of the involved rule(s).
    jobid: 34
    input: output/likelihoods/Patient25_likelihoods.tsv
    output: output/multiplicities/Patient25_multiplicities.tsv
    log: /n/data1/hms/dbmi/park/jbrew/Tau/Tau_github/examples/inform_run/snakemake/.snakemake/slurm_logs/rule_count_multiplicities/Patient25/60627772.log (check log file(s) for error details)
    shell:
        
        python scripts/count_multiplicities.py             --likelihood_file output/likelihoods/Patient25_likelihoods.tsv             --output output/multiplicities/Patient25_multiplicities.tsv
        
        (one of the commands exited with non-zero exit code; note that snakemake uses bash strict mode!)
    external_jobid: 60627772

Trying to restart job 126.
Trying to restart job 74.
Trying to restart job 66.
Trying to restart job 6.
Trying to restart job 58.
Trying to restart job 110.
Trying to restart job 50.
Trying to restart job 102.
Trying to restart job 42.
Trying to restart job 2.
Trying to restart job 94.
Trying to restart job 34.
Select jobs to execute...
Execute 12 jobs...

[Wed Feb 26 16:49:52 2025]
rule count_multiplicities:
    input: output/likelihoods/Patient57_likelihoods.tsv
    output: output/multiplicities/Patient57_multiplicities.tsv
    jobid: 74
    reason: Missing output files: output/multiplicities/Patient57_multiplicities.tsv; Input files updated by another job: output/likelihoods/Patient57_likelihoods.tsv
    wildcards: sample=Patient57
    resources: mem_mb=2000, mem_mib=1908, disk_mb=1000, disk_mib=954, tmpdir=<TBD>, slurm_account=park_contrib, slurm_partition=park, runtime=14400, time=5:00

Job 74 has been submitted with SLURM jobid 60627792 (log: /n/data1/hms/dbmi/park/jbrew/Tau/Tau_github/examples/inform_run/snakemake/.snakemake/slurm_logs/rule_count_multiplicities/Patient57/60627792.log).

[Wed Feb 26 16:49:52 2025]
rule count_multiplicities:
    input: output/likelihoods/Patient7_likelihoods.tsv
    output: output/multiplicities/Patient7_multiplicities.tsv
    jobid: 102
    reason: Missing output files: output/multiplicities/Patient7_multiplicities.tsv; Input files updated by another job: output/likelihoods/Patient7_likelihoods.tsv
    wildcards: sample=Patient7
    resources: mem_mb=2000, mem_mib=1908, disk_mb=1000, disk_mib=954, tmpdir=<TBD>, slurm_account=park_contrib, slurm_partition=park, runtime=14400, time=5:00

Job 102 has been submitted with SLURM jobid 60627793 (log: /n/data1/hms/dbmi/park/jbrew/Tau/Tau_github/examples/inform_run/snakemake/.snakemake/slurm_logs/rule_count_multiplicities/Patient7/60627793.log).

[Wed Feb 26 16:49:52 2025]
rule count_multiplicities:
    input: output/likelihoods/Patient33_likelihoods.tsv
    output: output/multiplicities/Patient33_multiplicities.tsv
    jobid: 42
    reason: Missing output files: output/multiplicities/Patient33_multiplicities.tsv; Input files updated by another job: output/likelihoods/Patient33_likelihoods.tsv
    wildcards: sample=Patient33
    resources: mem_mb=2000, mem_mib=1908, disk_mb=1000, disk_mib=954, tmpdir=<TBD>, slurm_account=park_contrib, slurm_partition=park, runtime=14400, time=5:00

Job 42 has been submitted with SLURM jobid 60627794 (log: /n/data1/hms/dbmi/park/jbrew/Tau/Tau_github/examples/inform_run/snakemake/.snakemake/slurm_logs/rule_count_multiplicities/Patient33/60627794.log).

[Wed Feb 26 16:49:53 2025]
rule count_multiplicities:
    input: output/likelihoods/Patient50_likelihoods.tsv
    output: output/multiplicities/Patient50_multiplicities.tsv
    jobid: 66
    reason: Missing output files: output/multiplicities/Patient50_multiplicities.tsv; Input files updated by another job: output/likelihoods/Patient50_likelihoods.tsv
    wildcards: sample=Patient50
    resources: mem_mb=2000, mem_mib=1908, disk_mb=1000, disk_mib=954, tmpdir=<TBD>, slurm_account=park_contrib, slurm_partition=park, runtime=14400, time=5:00

Job 66 has been submitted with SLURM jobid 60627795 (log: /n/data1/hms/dbmi/park/jbrew/Tau/Tau_github/examples/inform_run/snakemake/.snakemake/slurm_logs/rule_count_multiplicities/Patient50/60627795.log).

[Wed Feb 26 16:49:53 2025]
rule count_multiplicities:
    input: output/likelihoods/Patient109_likelihoods.tsv
    output: output/multiplicities/Patient109_multiplicities.tsv
    jobid: 6
    reason: Missing output files: output/multiplicities/Patient109_multiplicities.tsv; Input files updated by another job: output/likelihoods/Patient109_likelihoods.tsv
    wildcards: sample=Patient109
    resources: mem_mb=2000, mem_mib=1908, disk_mb=1000, disk_mib=954, tmpdir=<TBD>, slurm_account=park_contrib, slurm_partition=park, runtime=14400, time=5:00

Job 6 has been submitted with SLURM jobid 60627796 (log: /n/data1/hms/dbmi/park/jbrew/Tau/Tau_github/examples/inform_run/snakemake/.snakemake/slurm_logs/rule_count_multiplicities/Patient109/60627796.log).

[Wed Feb 26 16:49:53 2025]
rule count_multiplicities:
    input: output/likelihoods/Patient90_likelihoods.tsv
    output: output/multiplicities/Patient90_multiplicities.tsv
    jobid: 126
    reason: Missing output files: output/multiplicities/Patient90_multiplicities.tsv; Input files updated by another job: output/likelihoods/Patient90_likelihoods.tsv
    wildcards: sample=Patient90
    resources: mem_mb=2000, mem_mib=1908, disk_mb=1000, disk_mib=954, tmpdir=<TBD>, slurm_account=park_contrib, slurm_partition=park, runtime=14400, time=5:00

Job 126 has been submitted with SLURM jobid 60627797 (log: /n/data1/hms/dbmi/park/jbrew/Tau/Tau_github/examples/inform_run/snakemake/.snakemake/slurm_logs/rule_count_multiplicities/Patient90/60627797.log).

[Wed Feb 26 16:49:53 2025]
rule count_multiplicities:
    input: output/likelihoods/Patient101_likelihoods.tsv
    output: output/multiplicities/Patient101_multiplicities.tsv
    jobid: 2
    reason: Missing output files: output/multiplicities/Patient101_multiplicities.tsv; Input files updated by another job: output/likelihoods/Patient101_likelihoods.tsv
    wildcards: sample=Patient101
    resources: mem_mb=2000, mem_mib=1908, disk_mb=1000, disk_mib=954, tmpdir=<TBD>, slurm_account=park_contrib, slurm_partition=park, runtime=14400, time=5:00

Job 2 has been submitted with SLURM jobid 60627798 (log: /n/data1/hms/dbmi/park/jbrew/Tau/Tau_github/examples/inform_run/snakemake/.snakemake/slurm_logs/rule_count_multiplicities/Patient101/60627798.log).

[Wed Feb 26 16:49:54 2025]
rule count_multiplicities:
    input: output/likelihoods/Patient76_likelihoods.tsv
    output: output/multiplicities/Patient76_multiplicities.tsv
    jobid: 94
    reason: Missing output files: output/multiplicities/Patient76_multiplicities.tsv; Input files updated by another job: output/likelihoods/Patient76_likelihoods.tsv
    wildcards: sample=Patient76
    resources: mem_mb=2000, mem_mib=1908, disk_mb=1000, disk_mib=954, tmpdir=<TBD>, slurm_account=park_contrib, slurm_partition=park, runtime=14400, time=5:00

Job 94 has been submitted with SLURM jobid 60627799 (log: /n/data1/hms/dbmi/park/jbrew/Tau/Tau_github/examples/inform_run/snakemake/.snakemake/slurm_logs/rule_count_multiplicities/Patient76/60627799.log).

[Wed Feb 26 16:49:54 2025]
rule count_multiplicities:
    input: output/likelihoods/Patient25_likelihoods.tsv
    output: output/multiplicities/Patient25_multiplicities.tsv
    jobid: 34
    reason: Missing output files: output/multiplicities/Patient25_multiplicities.tsv; Input files updated by another job: output/likelihoods/Patient25_likelihoods.tsv
    wildcards: sample=Patient25
    resources: mem_mb=2000, mem_mib=1908, disk_mb=1000, disk_mib=954, tmpdir=<TBD>, slurm_account=park_contrib, slurm_partition=park, runtime=14400, time=5:00

Job 34 has been submitted with SLURM jobid 60627800 (log: /n/data1/hms/dbmi/park/jbrew/Tau/Tau_github/examples/inform_run/snakemake/.snakemake/slurm_logs/rule_count_multiplicities/Patient25/60627800.log).

[Wed Feb 26 16:49:54 2025]
rule count_multiplicities:
    input: output/likelihoods/Patient44_likelihoods.tsv
    output: output/multiplicities/Patient44_multiplicities.tsv
    jobid: 58
    reason: Missing output files: output/multiplicities/Patient44_multiplicities.tsv; Input files updated by another job: output/likelihoods/Patient44_likelihoods.tsv
    wildcards: sample=Patient44
    resources: mem_mb=2000, mem_mib=1908, disk_mb=1000, disk_mib=954, tmpdir=<TBD>, slurm_account=park_contrib, slurm_partition=park, runtime=14400, time=5:00

Job 58 has been submitted with SLURM jobid 60627801 (log: /n/data1/hms/dbmi/park/jbrew/Tau/Tau_github/examples/inform_run/snakemake/.snakemake/slurm_logs/rule_count_multiplicities/Patient44/60627801.log).

[Wed Feb 26 16:49:55 2025]
rule count_multiplicities:
    input: output/likelihoods/Patient81_likelihoods.tsv
    output: output/multiplicities/Patient81_multiplicities.tsv
    jobid: 110
    reason: Missing output files: output/multiplicities/Patient81_multiplicities.tsv; Input files updated by another job: output/likelihoods/Patient81_likelihoods.tsv
    wildcards: sample=Patient81
    resources: mem_mb=2000, mem_mib=1908, disk_mb=1000, disk_mib=954, tmpdir=<TBD>, slurm_account=park_contrib, slurm_partition=park, runtime=14400, time=5:00

Job 110 has been submitted with SLURM jobid 60627802 (log: /n/data1/hms/dbmi/park/jbrew/Tau/Tau_github/examples/inform_run/snakemake/.snakemake/slurm_logs/rule_count_multiplicities/Patient81/60627802.log).

[Wed Feb 26 16:49:55 2025]
rule count_multiplicities:
    input: output/likelihoods/Patient37_likelihoods.tsv
    output: output/multiplicities/Patient37_multiplicities.tsv
    jobid: 50
    reason: Missing output files: output/multiplicities/Patient37_multiplicities.tsv; Input files updated by another job: output/likelihoods/Patient37_likelihoods.tsv
    wildcards: sample=Patient37
    resources: mem_mb=2000, mem_mib=1908, disk_mb=1000, disk_mib=954, tmpdir=<TBD>, slurm_account=park_contrib, slurm_partition=park, runtime=14400, time=5:00

Job 50 has been submitted with SLURM jobid 60627803 (log: /n/data1/hms/dbmi/park/jbrew/Tau/Tau_github/examples/inform_run/snakemake/.snakemake/slurm_logs/rule_count_multiplicities/Patient37/60627803.log).
[Wed Feb 26 16:50:22 2025]
Error in rule count_multiplicities:
    message: SLURM-job '60627786' failed, SLURM status is: 'FAILED'. For further error details see the cluster/cloud log and the log files of the involved rule(s).
    jobid: 106
    input: output/likelihoods/Patient80_likelihoods.tsv
    output: output/multiplicities/Patient80_multiplicities.tsv
    log: /n/data1/hms/dbmi/park/jbrew/Tau/Tau_github/examples/inform_run/snakemake/.snakemake/slurm_logs/rule_count_multiplicities/Patient80/60627786.log (check log file(s) for error details)
    shell:
        
        python scripts/count_multiplicities.py             --likelihood_file output/likelihoods/Patient80_likelihoods.tsv             --output output/multiplicities/Patient80_multiplicities.tsv
        
        (one of the commands exited with non-zero exit code; note that snakemake uses bash strict mode!)
    external_jobid: 60627786

[Wed Feb 26 16:50:22 2025]
Error in rule preprocess:
    message: SLURM-job '60627762' failed, SLURM status is: 'FAILED'. For further error details see the cluster/cloud log and the log files of the involved rule(s).
    jobid: 100
    input: /n/data1/hms/dbmi/park/jbrew/Tau/Tau_github/examples/inform_run/inform_data/INFORM_snv/Patient77.vcf, /n/data1/hms/dbmi/park/jbrew/Tau/Tau_github/examples/inform_run/inform_data/INFORM_cn/Patient77.tsv, ../inform_data/purity_ploidy_inform.txt
    output: output/preprocessed/Patient77_preprocessed.tsv
    log: /n/data1/hms/dbmi/park/jbrew/Tau/Tau_github/examples/inform_run/snakemake/.snakemake/slurm_logs/rule_preprocess/Patient77/60627762.log (check log file(s) for error details)
    shell:
        
        python scripts/preprocess.py             --sample Patient77             --snv /n/data1/hms/dbmi/park/jbrew/Tau/Tau_github/examples/inform_run/inform_data/INFORM_snv/Patient77.vcf             --cnv /n/data1/hms/dbmi/park/jbrew/Tau/Tau_github/examples/inform_run/inform_data/INFORM_cn/Patient77.tsv             --purity ../inform_data/purity_ploidy_inform.txt             --output output/preprocessed/Patient77_preprocessed.tsv
        
        (one of the commands exited with non-zero exit code; note that snakemake uses bash strict mode!)
    external_jobid: 60627762

[Wed Feb 26 16:50:22 2025]
Error in rule preprocess:
    message: SLURM-job '60627768' failed, SLURM status is: 'FAILED'. For further error details see the cluster/cloud log and the log files of the involved rule(s).
    jobid: 16
    input: /n/data1/hms/dbmi/park/jbrew/Tau/Tau_github/examples/inform_run/inform_data/INFORM_snv/Patient15.vcf, /n/data1/hms/dbmi/park/jbrew/Tau/Tau_github/examples/inform_run/inform_data/INFORM_cn/Patient15.tsv, ../inform_data/purity_ploidy_inform.txt
    output: output/preprocessed/Patient15_preprocessed.tsv
    log: /n/data1/hms/dbmi/park/jbrew/Tau/Tau_github/examples/inform_run/snakemake/.snakemake/slurm_logs/rule_preprocess/Patient15/60627768.log (check log file(s) for error details)
    shell:
        
        python scripts/preprocess.py             --sample Patient15             --snv /n/data1/hms/dbmi/park/jbrew/Tau/Tau_github/examples/inform_run/inform_data/INFORM_snv/Patient15.vcf             --cnv /n/data1/hms/dbmi/park/jbrew/Tau/Tau_github/examples/inform_run/inform_data/INFORM_cn/Patient15.tsv             --purity ../inform_data/purity_ploidy_inform.txt             --output output/preprocessed/Patient15_preprocessed.tsv
        
        (one of the commands exited with non-zero exit code; note that snakemake uses bash strict mode!)
    external_jobid: 60627768

[Wed Feb 26 16:50:22 2025]
Error in rule preprocess:
    message: SLURM-job '60627773' failed, SLURM status is: 'FAILED'. For further error details see the cluster/cloud log and the log files of the involved rule(s).
    jobid: 120
    input: /n/data1/hms/dbmi/park/jbrew/Tau/Tau_github/examples/inform_run/inform_data/INFORM_snv/Patient86.vcf, /n/data1/hms/dbmi/park/jbrew/Tau/Tau_github/examples/inform_run/inform_data/INFORM_cn/Patient86.tsv, ../inform_data/purity_ploidy_inform.txt
    output: output/preprocessed/Patient86_preprocessed.tsv
    log: /n/data1/hms/dbmi/park/jbrew/Tau/Tau_github/examples/inform_run/snakemake/.snakemake/slurm_logs/rule_preprocess/Patient86/60627773.log (check log file(s) for error details)
    shell:
        
        python scripts/preprocess.py             --sample Patient86             --snv /n/data1/hms/dbmi/park/jbrew/Tau/Tau_github/examples/inform_run/inform_data/INFORM_snv/Patient86.vcf             --cnv /n/data1/hms/dbmi/park/jbrew/Tau/Tau_github/examples/inform_run/inform_data/INFORM_cn/Patient86.tsv             --purity ../inform_data/purity_ploidy_inform.txt             --output output/preprocessed/Patient86_preprocessed.tsv
        
        (one of the commands exited with non-zero exit code; note that snakemake uses bash strict mode!)
    external_jobid: 60627773

[Wed Feb 26 16:50:22 2025]
Error in rule count_multiplicities:
    message: SLURM-job '60627774' failed, SLURM status is: 'FAILED'. For further error details see the cluster/cloud log and the log files of the involved rule(s).
    jobid: 26
    input: output/likelihoods/Patient1_likelihoods.tsv
    output: output/multiplicities/Patient1_multiplicities.tsv
    log: /n/data1/hms/dbmi/park/jbrew/Tau/Tau_github/examples/inform_run/snakemake/.snakemake/slurm_logs/rule_count_multiplicities/Patient1/60627774.log (check log file(s) for error details)
    shell:
        
        python scripts/count_multiplicities.py             --likelihood_file output/likelihoods/Patient1_likelihoods.tsv             --output output/multiplicities/Patient1_multiplicities.tsv
        
        (one of the commands exited with non-zero exit code; note that snakemake uses bash strict mode!)
    external_jobid: 60627774

[Wed Feb 26 16:50:22 2025]
Error in rule count_multiplicities:
    message: SLURM-job '60627775' failed, SLURM status is: 'FAILED'. For further error details see the cluster/cloud log and the log files of the involved rule(s).
    jobid: 86
    input: output/likelihoods/Patient65_likelihoods.tsv
    output: output/multiplicities/Patient65_multiplicities.tsv
    log: /n/data1/hms/dbmi/park/jbrew/Tau/Tau_github/examples/inform_run/snakemake/.snakemake/slurm_logs/rule_count_multiplicities/Patient65/60627775.log (check log file(s) for error details)
    shell:
        
        python scripts/count_multiplicities.py             --likelihood_file output/likelihoods/Patient65_likelihoods.tsv             --output output/multiplicities/Patient65_multiplicities.tsv
        
        (one of the commands exited with non-zero exit code; note that snakemake uses bash strict mode!)
    external_jobid: 60627775

[Wed Feb 26 16:50:22 2025]
Error in rule count_multiplicities:
    message: SLURM-job '60627776' failed, SLURM status is: 'FAILED'. For further error details see the cluster/cloud log and the log files of the involved rule(s).
    jobid: 18
    input: output/likelihoods/Patient17_likelihoods.tsv
    output: output/multiplicities/Patient17_multiplicities.tsv
    log: /n/data1/hms/dbmi/park/jbrew/Tau/Tau_github/examples/inform_run/snakemake/.snakemake/slurm_logs/rule_count_multiplicities/Patient17/60627776.log (check log file(s) for error details)
    shell:
        
        python scripts/count_multiplicities.py             --likelihood_file output/likelihoods/Patient17_likelihoods.tsv             --output output/multiplicities/Patient17_multiplicities.tsv
        
        (one of the commands exited with non-zero exit code; note that snakemake uses bash strict mode!)
    external_jobid: 60627776

[Wed Feb 26 16:50:22 2025]
Error in rule count_multiplicities:
    message: SLURM-job '60627777' failed, SLURM status is: 'FAILED'. For further error details see the cluster/cloud log and the log files of the involved rule(s).
    jobid: 78
    input: output/likelihoods/Patient58_likelihoods.tsv
    output: output/multiplicities/Patient58_multiplicities.tsv
    log: /n/data1/hms/dbmi/park/jbrew/Tau/Tau_github/examples/inform_run/snakemake/.snakemake/slurm_logs/rule_count_multiplicities/Patient58/60627777.log (check log file(s) for error details)
    shell:
        
        python scripts/count_multiplicities.py             --likelihood_file output/likelihoods/Patient58_likelihoods.tsv             --output output/multiplicities/Patient58_multiplicities.tsv
        
        (one of the commands exited with non-zero exit code; note that snakemake uses bash strict mode!)
    external_jobid: 60627777

[Wed Feb 26 16:50:22 2025]
Error in rule count_multiplicities:
    message: SLURM-job '60627778' failed, SLURM status is: 'FAILED'. For further error details see the cluster/cloud log and the log files of the involved rule(s).
    jobid: 10
    input: output/likelihoods/Patient113_likelihoods.tsv
    output: output/multiplicities/Patient113_multiplicities.tsv
    log: /n/data1/hms/dbmi/park/jbrew/Tau/Tau_github/examples/inform_run/snakemake/.snakemake/slurm_logs/rule_count_multiplicities/Patient113/60627778.log (check log file(s) for error details)
    shell:
        
        python scripts/count_multiplicities.py             --likelihood_file output/likelihoods/Patient113_likelihoods.tsv             --output output/multiplicities/Patient113_multiplicities.tsv
        
        (one of the commands exited with non-zero exit code; note that snakemake uses bash strict mode!)
    external_jobid: 60627778

[Wed Feb 26 16:50:22 2025]
Error in rule count_multiplicities:
    message: SLURM-job '60627779' failed, SLURM status is: 'FAILED'. For further error details see the cluster/cloud log and the log files of the involved rule(s).
    jobid: 130
    input: output/likelihoods/Patient94_likelihoods.tsv
    output: output/multiplicities/Patient94_multiplicities.tsv
    log: /n/data1/hms/dbmi/park/jbrew/Tau/Tau_github/examples/inform_run/snakemake/.snakemake/slurm_logs/rule_count_multiplicities/Patient94/60627779.log (check log file(s) for error details)
    shell:
        
        python scripts/count_multiplicities.py             --likelihood_file output/likelihoods/Patient94_likelihoods.tsv             --output output/multiplicities/Patient94_multiplicities.tsv
        
        (one of the commands exited with non-zero exit code; note that snakemake uses bash strict mode!)
    external_jobid: 60627779

[Wed Feb 26 16:50:22 2025]
Error in rule count_multiplicities:
    message: SLURM-job '60627780' failed, SLURM status is: 'FAILED'. For further error details see the cluster/cloud log and the log files of the involved rule(s).
    jobid: 70
    input: output/likelihoods/Patient55_likelihoods.tsv
    output: output/multiplicities/Patient55_multiplicities.tsv
    log: /n/data1/hms/dbmi/park/jbrew/Tau/Tau_github/examples/inform_run/snakemake/.snakemake/slurm_logs/rule_count_multiplicities/Patient55/60627780.log (check log file(s) for error details)
    shell:
        
        python scripts/count_multiplicities.py             --likelihood_file output/likelihoods/Patient55_likelihoods.tsv             --output output/multiplicities/Patient55_multiplicities.tsv
        
        (one of the commands exited with non-zero exit code; note that snakemake uses bash strict mode!)
    external_jobid: 60627780

[Wed Feb 26 16:50:22 2025]
Error in rule count_multiplicities:
    message: SLURM-job '60627781' failed, SLURM status is: 'FAILED'. For further error details see the cluster/cloud log and the log files of the involved rule(s).
    jobid: 122
    input: output/likelihoods/Patient87_likelihoods.tsv
    output: output/multiplicities/Patient87_multiplicities.tsv
    log: /n/data1/hms/dbmi/park/jbrew/Tau/Tau_github/examples/inform_run/snakemake/.snakemake/slurm_logs/rule_count_multiplicities/Patient87/60627781.log (check log file(s) for error details)
    shell:
        
        python scripts/count_multiplicities.py             --likelihood_file output/likelihoods/Patient87_likelihoods.tsv             --output output/multiplicities/Patient87_multiplicities.tsv
        
        (one of the commands exited with non-zero exit code; note that snakemake uses bash strict mode!)
    external_jobid: 60627781

[Wed Feb 26 16:50:22 2025]
Error in rule count_multiplicities:
    message: SLURM-job '60627782' failed, SLURM status is: 'FAILED'. For further error details see the cluster/cloud log and the log files of the involved rule(s).
    jobid: 62
    input: output/likelihoods/Patient47_likelihoods.tsv
    output: output/multiplicities/Patient47_multiplicities.tsv
    log: /n/data1/hms/dbmi/park/jbrew/Tau/Tau_github/examples/inform_run/snakemake/.snakemake/slurm_logs/rule_count_multiplicities/Patient47/60627782.log (check log file(s) for error details)
    shell:
        
        python scripts/count_multiplicities.py             --likelihood_file output/likelihoods/Patient47_likelihoods.tsv             --output output/multiplicities/Patient47_multiplicities.tsv
        
        (one of the commands exited with non-zero exit code; note that snakemake uses bash strict mode!)
    external_jobid: 60627782

[Wed Feb 26 16:50:22 2025]
Error in rule count_multiplicities:
    message: SLURM-job '60627783' failed, SLURM status is: 'FAILED'. For further error details see the cluster/cloud log and the log files of the involved rule(s).
    jobid: 54
    input: output/likelihoods/Patient43_likelihoods.tsv
    output: output/multiplicities/Patient43_multiplicities.tsv
    log: /n/data1/hms/dbmi/park/jbrew/Tau/Tau_github/examples/inform_run/snakemake/.snakemake/slurm_logs/rule_count_multiplicities/Patient43/60627783.log (check log file(s) for error details)
    shell:
        
        python scripts/count_multiplicities.py             --likelihood_file output/likelihoods/Patient43_likelihoods.tsv             --output output/multiplicities/Patient43_multiplicities.tsv
        
        (one of the commands exited with non-zero exit code; note that snakemake uses bash strict mode!)
    external_jobid: 60627783

[Wed Feb 26 16:50:22 2025]
Error in rule count_multiplicities:
    message: SLURM-job '60627784' failed, SLURM status is: 'FAILED'. For further error details see the cluster/cloud log and the log files of the involved rule(s).
    jobid: 114
    input: output/likelihoods/Patient82_likelihoods.tsv
    output: output/multiplicities/Patient82_multiplicities.tsv
    log: /n/data1/hms/dbmi/park/jbrew/Tau/Tau_github/examples/inform_run/snakemake/.snakemake/slurm_logs/rule_count_multiplicities/Patient82/60627784.log (check log file(s) for error details)
    shell:
        
        python scripts/count_multiplicities.py             --likelihood_file output/likelihoods/Patient82_likelihoods.tsv             --output output/multiplicities/Patient82_multiplicities.tsv
        
        (one of the commands exited with non-zero exit code; note that snakemake uses bash strict mode!)
    external_jobid: 60627784

[Wed Feb 26 16:50:22 2025]
Error in rule count_multiplicities:
    message: SLURM-job '60627785' failed, SLURM status is: 'FAILED'. For further error details see the cluster/cloud log and the log files of the involved rule(s).
    jobid: 46
    input: output/likelihoods/Patient34_likelihoods.tsv
    output: output/multiplicities/Patient34_multiplicities.tsv
    log: /n/data1/hms/dbmi/park/jbrew/Tau/Tau_github/examples/inform_run/snakemake/.snakemake/slurm_logs/rule_count_multiplicities/Patient34/60627785.log (check log file(s) for error details)
    shell:
        
        python scripts/count_multiplicities.py             --likelihood_file output/likelihoods/Patient34_likelihoods.tsv             --output output/multiplicities/Patient34_multiplicities.tsv
        
        (one of the commands exited with non-zero exit code; note that snakemake uses bash strict mode!)
    external_jobid: 60627785

[Wed Feb 26 16:50:22 2025]
Error in rule count_multiplicities:
    message: SLURM-job '60627787' failed, SLURM status is: 'FAILED'. For further error details see the cluster/cloud log and the log files of the involved rule(s).
    jobid: 38
    input: output/likelihoods/Patient26_likelihoods.tsv
    output: output/multiplicities/Patient26_multiplicities.tsv
    log: /n/data1/hms/dbmi/park/jbrew/Tau/Tau_github/examples/inform_run/snakemake/.snakemake/slurm_logs/rule_count_multiplicities/Patient26/60627787.log (check log file(s) for error details)
    shell:
        
        python scripts/count_multiplicities.py             --likelihood_file output/likelihoods/Patient26_likelihoods.tsv             --output output/multiplicities/Patient26_multiplicities.tsv
        
        (one of the commands exited with non-zero exit code; note that snakemake uses bash strict mode!)
    external_jobid: 60627787

[Wed Feb 26 16:50:22 2025]
Error in rule count_multiplicities:
    message: SLURM-job '60627788' failed, SLURM status is: 'FAILED'. For further error details see the cluster/cloud log and the log files of the involved rule(s).
    jobid: 30
    input: output/likelihoods/Patient20_likelihoods.tsv
    output: output/multiplicities/Patient20_multiplicities.tsv
    log: /n/data1/hms/dbmi/park/jbrew/Tau/Tau_github/examples/inform_run/snakemake/.snakemake/slurm_logs/rule_count_multiplicities/Patient20/60627788.log (check log file(s) for error details)
    shell:
        
        python scripts/count_multiplicities.py             --likelihood_file output/likelihoods/Patient20_likelihoods.tsv             --output output/multiplicities/Patient20_multiplicities.tsv
        
        (one of the commands exited with non-zero exit code; note that snakemake uses bash strict mode!)
    external_jobid: 60627788

[Wed Feb 26 16:50:22 2025]
Error in rule count_multiplicities:
    message: SLURM-job '60627789' failed, SLURM status is: 'FAILED'. For further error details see the cluster/cloud log and the log files of the involved rule(s).
    jobid: 90
    input: output/likelihoods/Patient68_likelihoods.tsv
    output: output/multiplicities/Patient68_multiplicities.tsv
    log: /n/data1/hms/dbmi/park/jbrew/Tau/Tau_github/examples/inform_run/snakemake/.snakemake/slurm_logs/rule_count_multiplicities/Patient68/60627789.log (check log file(s) for error details)
    shell:
        
        python scripts/count_multiplicities.py             --likelihood_file output/likelihoods/Patient68_likelihoods.tsv             --output output/multiplicities/Patient68_multiplicities.tsv
        
        (one of the commands exited with non-zero exit code; note that snakemake uses bash strict mode!)
    external_jobid: 60627789

[Wed Feb 26 16:50:22 2025]
Error in rule count_multiplicities:
    message: SLURM-job '60627790' failed, SLURM status is: 'FAILED'. For further error details see the cluster/cloud log and the log files of the involved rule(s).
    jobid: 82
    input: output/likelihoods/Patient64_likelihoods.tsv
    output: output/multiplicities/Patient64_multiplicities.tsv
    log: /n/data1/hms/dbmi/park/jbrew/Tau/Tau_github/examples/inform_run/snakemake/.snakemake/slurm_logs/rule_count_multiplicities/Patient64/60627790.log (check log file(s) for error details)
    shell:
        
        python scripts/count_multiplicities.py             --likelihood_file output/likelihoods/Patient64_likelihoods.tsv             --output output/multiplicities/Patient64_multiplicities.tsv
        
        (one of the commands exited with non-zero exit code; note that snakemake uses bash strict mode!)
    external_jobid: 60627790

[Wed Feb 26 16:50:22 2025]
Error in rule count_multiplicities:
    message: SLURM-job '60627791' failed, SLURM status is: 'FAILED'. For further error details see the cluster/cloud log and the log files of the involved rule(s).
    jobid: 22
    input: output/likelihoods/Patient18_likelihoods.tsv
    output: output/multiplicities/Patient18_multiplicities.tsv
    log: /n/data1/hms/dbmi/park/jbrew/Tau/Tau_github/examples/inform_run/snakemake/.snakemake/slurm_logs/rule_count_multiplicities/Patient18/60627791.log (check log file(s) for error details)
    shell:
        
        python scripts/count_multiplicities.py             --likelihood_file output/likelihoods/Patient18_likelihoods.tsv             --output output/multiplicities/Patient18_multiplicities.tsv
        
        (one of the commands exited with non-zero exit code; note that snakemake uses bash strict mode!)
    external_jobid: 60627791

Trying to restart job 106.
Trying to restart job 100.
Trying to restart job 16.
Trying to restart job 120.
Trying to restart job 26.
Trying to restart job 86.
Trying to restart job 18.
Trying to restart job 78.
Trying to restart job 10.
Trying to restart job 130.
Trying to restart job 70.
Trying to restart job 122.
Trying to restart job 62.
Trying to restart job 54.
Trying to restart job 114.
Trying to restart job 46.
Trying to restart job 38.
Trying to restart job 30.
Trying to restart job 90.
Trying to restart job 82.
Trying to restart job 22.
Select jobs to execute...
Execute 21 jobs...

[Wed Feb 26 16:50:22 2025]
rule preprocess:
    input: /n/data1/hms/dbmi/park/jbrew/Tau/Tau_github/examples/inform_run/inform_data/INFORM_snv/Patient77.vcf, /n/data1/hms/dbmi/park/jbrew/Tau/Tau_github/examples/inform_run/inform_data/INFORM_cn/Patient77.tsv, ../inform_data/purity_ploidy_inform.txt
    output: output/preprocessed/Patient77_preprocessed.tsv
    jobid: 100
    reason: Missing output files: output/preprocessed/Patient77_preprocessed.tsv
    wildcards: sample=Patient77
    resources: mem_mb=3000, mem_mib=2862, disk_mb=1000, disk_mib=954, tmpdir=<TBD>, slurm_account=park_contrib, slurm_partition=park, runtime=14400, time=5:00

Job 100 has been submitted with SLURM jobid 60627805 (log: /n/data1/hms/dbmi/park/jbrew/Tau/Tau_github/examples/inform_run/snakemake/.snakemake/slurm_logs/rule_preprocess/Patient77/60627805.log).

[Wed Feb 26 16:50:34 2025]
rule preprocess:
    input: /n/data1/hms/dbmi/park/jbrew/Tau/Tau_github/examples/inform_run/inform_data/INFORM_snv/Patient15.vcf, /n/data1/hms/dbmi/park/jbrew/Tau/Tau_github/examples/inform_run/inform_data/INFORM_cn/Patient15.tsv, ../inform_data/purity_ploidy_inform.txt
    output: output/preprocessed/Patient15_preprocessed.tsv
    jobid: 16
    reason: Missing output files: output/preprocessed/Patient15_preprocessed.tsv
    wildcards: sample=Patient15
    resources: mem_mb=3000, mem_mib=2862, disk_mb=1000, disk_mib=954, tmpdir=<TBD>, slurm_account=park_contrib, slurm_partition=park, runtime=14400, time=5:00

Job 16 has been submitted with SLURM jobid 60627806 (log: /n/data1/hms/dbmi/park/jbrew/Tau/Tau_github/examples/inform_run/snakemake/.snakemake/slurm_logs/rule_preprocess/Patient15/60627806.log).

[Wed Feb 26 16:50:35 2025]
rule preprocess:
    input: /n/data1/hms/dbmi/park/jbrew/Tau/Tau_github/examples/inform_run/inform_data/INFORM_snv/Patient86.vcf, /n/data1/hms/dbmi/park/jbrew/Tau/Tau_github/examples/inform_run/inform_data/INFORM_cn/Patient86.tsv, ../inform_data/purity_ploidy_inform.txt
    output: output/preprocessed/Patient86_preprocessed.tsv
    jobid: 120
    reason: Missing output files: output/preprocessed/Patient86_preprocessed.tsv
    wildcards: sample=Patient86
    resources: mem_mb=3000, mem_mib=2862, disk_mb=1000, disk_mib=954, tmpdir=<TBD>, slurm_account=park_contrib, slurm_partition=park, runtime=14400, time=5:00

Job 120 has been submitted with SLURM jobid 60627807 (log: /n/data1/hms/dbmi/park/jbrew/Tau/Tau_github/examples/inform_run/snakemake/.snakemake/slurm_logs/rule_preprocess/Patient86/60627807.log).

[Wed Feb 26 16:50:35 2025]
rule count_multiplicities:
    input: output/likelihoods/Patient1_likelihoods.tsv
    output: output/multiplicities/Patient1_multiplicities.tsv
    jobid: 26
    reason: Missing output files: output/multiplicities/Patient1_multiplicities.tsv; Input files updated by another job: output/likelihoods/Patient1_likelihoods.tsv
    wildcards: sample=Patient1
    resources: mem_mb=2000, mem_mib=1908, disk_mb=1000, disk_mib=954, tmpdir=<TBD>, slurm_account=park_contrib, slurm_partition=park, runtime=14400, time=5:00

Job 26 has been submitted with SLURM jobid 60627808 (log: /n/data1/hms/dbmi/park/jbrew/Tau/Tau_github/examples/inform_run/snakemake/.snakemake/slurm_logs/rule_count_multiplicities/Patient1/60627808.log).

[Wed Feb 26 16:50:36 2025]
rule count_multiplicities:
    input: output/likelihoods/Patient65_likelihoods.tsv
    output: output/multiplicities/Patient65_multiplicities.tsv
    jobid: 86
    reason: Missing output files: output/multiplicities/Patient65_multiplicities.tsv; Input files updated by another job: output/likelihoods/Patient65_likelihoods.tsv
    wildcards: sample=Patient65
    resources: mem_mb=2000, mem_mib=1908, disk_mb=1000, disk_mib=954, tmpdir=<TBD>, slurm_account=park_contrib, slurm_partition=park, runtime=14400, time=5:00

Job 86 has been submitted with SLURM jobid 60627810 (log: /n/data1/hms/dbmi/park/jbrew/Tau/Tau_github/examples/inform_run/snakemake/.snakemake/slurm_logs/rule_count_multiplicities/Patient65/60627810.log).

[Wed Feb 26 16:50:36 2025]
rule count_multiplicities:
    input: output/likelihoods/Patient17_likelihoods.tsv
    output: output/multiplicities/Patient17_multiplicities.tsv
    jobid: 18
    reason: Missing output files: output/multiplicities/Patient17_multiplicities.tsv; Input files updated by another job: output/likelihoods/Patient17_likelihoods.tsv
    wildcards: sample=Patient17
    resources: mem_mb=2000, mem_mib=1908, disk_mb=1000, disk_mib=954, tmpdir=<TBD>, slurm_account=park_contrib, slurm_partition=park, runtime=14400, time=5:00

Job 18 has been submitted with SLURM jobid 60627811 (log: /n/data1/hms/dbmi/park/jbrew/Tau/Tau_github/examples/inform_run/snakemake/.snakemake/slurm_logs/rule_count_multiplicities/Patient17/60627811.log).

[Wed Feb 26 16:50:37 2025]
rule count_multiplicities:
    input: output/likelihoods/Patient58_likelihoods.tsv
    output: output/multiplicities/Patient58_multiplicities.tsv
    jobid: 78
    reason: Missing output files: output/multiplicities/Patient58_multiplicities.tsv; Input files updated by another job: output/likelihoods/Patient58_likelihoods.tsv
    wildcards: sample=Patient58
    resources: mem_mb=2000, mem_mib=1908, disk_mb=1000, disk_mib=954, tmpdir=<TBD>, slurm_account=park_contrib, slurm_partition=park, runtime=14400, time=5:00

Job 78 has been submitted with SLURM jobid 60627812 (log: /n/data1/hms/dbmi/park/jbrew/Tau/Tau_github/examples/inform_run/snakemake/.snakemake/slurm_logs/rule_count_multiplicities/Patient58/60627812.log).

[Wed Feb 26 16:50:37 2025]
rule count_multiplicities:
    input: output/likelihoods/Patient113_likelihoods.tsv
    output: output/multiplicities/Patient113_multiplicities.tsv
    jobid: 10
    reason: Missing output files: output/multiplicities/Patient113_multiplicities.tsv; Input files updated by another job: output/likelihoods/Patient113_likelihoods.tsv
    wildcards: sample=Patient113
    resources: mem_mb=2000, mem_mib=1908, disk_mb=1000, disk_mib=954, tmpdir=<TBD>, slurm_account=park_contrib, slurm_partition=park, runtime=14400, time=5:00

Job 10 has been submitted with SLURM jobid 60627813 (log: /n/data1/hms/dbmi/park/jbrew/Tau/Tau_github/examples/inform_run/snakemake/.snakemake/slurm_logs/rule_count_multiplicities/Patient113/60627813.log).

[Wed Feb 26 16:50:37 2025]
rule count_multiplicities:
    input: output/likelihoods/Patient94_likelihoods.tsv
    output: output/multiplicities/Patient94_multiplicities.tsv
    jobid: 130
    reason: Missing output files: output/multiplicities/Patient94_multiplicities.tsv; Input files updated by another job: output/likelihoods/Patient94_likelihoods.tsv
    wildcards: sample=Patient94
    resources: mem_mb=2000, mem_mib=1908, disk_mb=1000, disk_mib=954, tmpdir=<TBD>, slurm_account=park_contrib, slurm_partition=park, runtime=14400, time=5:00

Job 130 has been submitted with SLURM jobid 60627814 (log: /n/data1/hms/dbmi/park/jbrew/Tau/Tau_github/examples/inform_run/snakemake/.snakemake/slurm_logs/rule_count_multiplicities/Patient94/60627814.log).

[Wed Feb 26 16:50:38 2025]
rule count_multiplicities:
    input: output/likelihoods/Patient55_likelihoods.tsv
    output: output/multiplicities/Patient55_multiplicities.tsv
    jobid: 70
    reason: Missing output files: output/multiplicities/Patient55_multiplicities.tsv; Input files updated by another job: output/likelihoods/Patient55_likelihoods.tsv
    wildcards: sample=Patient55
    resources: mem_mb=2000, mem_mib=1908, disk_mb=1000, disk_mib=954, tmpdir=<TBD>, slurm_account=park_contrib, slurm_partition=park, runtime=14400, time=5:00

Job 70 has been submitted with SLURM jobid 60627815 (log: /n/data1/hms/dbmi/park/jbrew/Tau/Tau_github/examples/inform_run/snakemake/.snakemake/slurm_logs/rule_count_multiplicities/Patient55/60627815.log).

[Wed Feb 26 16:50:38 2025]
rule count_multiplicities:
    input: output/likelihoods/Patient87_likelihoods.tsv
    output: output/multiplicities/Patient87_multiplicities.tsv
    jobid: 122
    reason: Missing output files: output/multiplicities/Patient87_multiplicities.tsv; Input files updated by another job: output/likelihoods/Patient87_likelihoods.tsv
    wildcards: sample=Patient87
    resources: mem_mb=2000, mem_mib=1908, disk_mb=1000, disk_mib=954, tmpdir=<TBD>, slurm_account=park_contrib, slurm_partition=park, runtime=14400, time=5:00

Job 122 has been submitted with SLURM jobid 60627816 (log: /n/data1/hms/dbmi/park/jbrew/Tau/Tau_github/examples/inform_run/snakemake/.snakemake/slurm_logs/rule_count_multiplicities/Patient87/60627816.log).

[Wed Feb 26 16:50:39 2025]
rule count_multiplicities:
    input: output/likelihoods/Patient47_likelihoods.tsv
    output: output/multiplicities/Patient47_multiplicities.tsv
    jobid: 62
    reason: Missing output files: output/multiplicities/Patient47_multiplicities.tsv; Input files updated by another job: output/likelihoods/Patient47_likelihoods.tsv
    wildcards: sample=Patient47
    resources: mem_mb=2000, mem_mib=1908, disk_mb=1000, disk_mib=954, tmpdir=<TBD>, slurm_account=park_contrib, slurm_partition=park, runtime=14400, time=5:00

Job 62 has been submitted with SLURM jobid 60627817 (log: /n/data1/hms/dbmi/park/jbrew/Tau/Tau_github/examples/inform_run/snakemake/.snakemake/slurm_logs/rule_count_multiplicities/Patient47/60627817.log).

[Wed Feb 26 16:50:40 2025]
rule count_multiplicities:
    input: output/likelihoods/Patient43_likelihoods.tsv
    output: output/multiplicities/Patient43_multiplicities.tsv
    jobid: 54
    reason: Missing output files: output/multiplicities/Patient43_multiplicities.tsv
    wildcards: sample=Patient43
    resources: mem_mb=3000, mem_mib=2862, disk_mb=1000, disk_mib=954, tmpdir=<TBD>, slurm_account=park_contrib, slurm_partition=park, runtime=14400, time=5:00

Job 54 has been submitted with SLURM jobid 60627818 (log: /n/data1/hms/dbmi/park/jbrew/Tau/Tau_github/examples/inform_run/snakemake/.snakemake/slurm_logs/rule_count_multiplicities/Patient43/60627818.log).

[Wed Feb 26 16:50:40 2025]
rule count_multiplicities:
    input: output/likelihoods/Patient82_likelihoods.tsv
    output: output/multiplicities/Patient82_multiplicities.tsv
    jobid: 114
    reason: Missing output files: output/multiplicities/Patient82_multiplicities.tsv
    wildcards: sample=Patient82
    resources: mem_mb=3000, mem_mib=2862, disk_mb=1000, disk_mib=954, tmpdir=<TBD>, slurm_account=park_contrib, slurm_partition=park, runtime=14400, time=5:00

Job 114 has been submitted with SLURM jobid 60627819 (log: /n/data1/hms/dbmi/park/jbrew/Tau/Tau_github/examples/inform_run/snakemake/.snakemake/slurm_logs/rule_count_multiplicities/Patient82/60627819.log).

[Wed Feb 26 16:50:42 2025]
rule count_multiplicities:
    input: output/likelihoods/Patient34_likelihoods.tsv
    output: output/multiplicities/Patient34_multiplicities.tsv
    jobid: 46
    reason: Missing output files: output/multiplicities/Patient34_multiplicities.tsv
    wildcards: sample=Patient34
    resources: mem_mb=3000, mem_mib=2862, disk_mb=1000, disk_mib=954, tmpdir=<TBD>, slurm_account=park_contrib, slurm_partition=park, runtime=14400, time=5:00

Job 46 has been submitted with SLURM jobid 60627820 (log: /n/data1/hms/dbmi/park/jbrew/Tau/Tau_github/examples/inform_run/snakemake/.snakemake/slurm_logs/rule_count_multiplicities/Patient34/60627820.log).

[Wed Feb 26 16:50:43 2025]
rule count_multiplicities:
    input: output/likelihoods/Patient80_likelihoods.tsv
    output: output/multiplicities/Patient80_multiplicities.tsv
    jobid: 106
    reason: Missing output files: output/multiplicities/Patient80_multiplicities.tsv; Input files updated by another job: output/likelihoods/Patient80_likelihoods.tsv
    wildcards: sample=Patient80
    resources: mem_mb=2000, mem_mib=1908, disk_mb=1000, disk_mib=954, tmpdir=<TBD>, slurm_account=park_contrib, slurm_partition=park, runtime=14400, time=5:00

Job 106 has been submitted with SLURM jobid 60627821 (log: /n/data1/hms/dbmi/park/jbrew/Tau/Tau_github/examples/inform_run/snakemake/.snakemake/slurm_logs/rule_count_multiplicities/Patient80/60627821.log).

[Wed Feb 26 16:50:43 2025]
rule count_multiplicities:
    input: output/likelihoods/Patient26_likelihoods.tsv
    output: output/multiplicities/Patient26_multiplicities.tsv
    jobid: 38
    reason: Missing output files: output/multiplicities/Patient26_multiplicities.tsv; Input files updated by another job: output/likelihoods/Patient26_likelihoods.tsv
    wildcards: sample=Patient26
    resources: mem_mb=2000, mem_mib=1908, disk_mb=1000, disk_mib=954, tmpdir=<TBD>, slurm_account=park_contrib, slurm_partition=park, runtime=14400, time=5:00

Job 38 has been submitted with SLURM jobid 60627822 (log: /n/data1/hms/dbmi/park/jbrew/Tau/Tau_github/examples/inform_run/snakemake/.snakemake/slurm_logs/rule_count_multiplicities/Patient26/60627822.log).

[Wed Feb 26 16:50:43 2025]
rule count_multiplicities:
    input: output/likelihoods/Patient20_likelihoods.tsv
    output: output/multiplicities/Patient20_multiplicities.tsv
    jobid: 30
    reason: Missing output files: output/multiplicities/Patient20_multiplicities.tsv; Input files updated by another job: output/likelihoods/Patient20_likelihoods.tsv
    wildcards: sample=Patient20
    resources: mem_mb=2000, mem_mib=1908, disk_mb=1000, disk_mib=954, tmpdir=<TBD>, slurm_account=park_contrib, slurm_partition=park, runtime=14400, time=5:00

Job 30 has been submitted with SLURM jobid 60627823 (log: /n/data1/hms/dbmi/park/jbrew/Tau/Tau_github/examples/inform_run/snakemake/.snakemake/slurm_logs/rule_count_multiplicities/Patient20/60627823.log).

[Wed Feb 26 16:50:43 2025]
rule count_multiplicities:
    input: output/likelihoods/Patient68_likelihoods.tsv
    output: output/multiplicities/Patient68_multiplicities.tsv
    jobid: 90
    reason: Missing output files: output/multiplicities/Patient68_multiplicities.tsv; Input files updated by another job: output/likelihoods/Patient68_likelihoods.tsv
    wildcards: sample=Patient68
    resources: mem_mb=2000, mem_mib=1908, disk_mb=1000, disk_mib=954, tmpdir=<TBD>, slurm_account=park_contrib, slurm_partition=park, runtime=14400, time=5:00

Job 90 has been submitted with SLURM jobid 60627824 (log: /n/data1/hms/dbmi/park/jbrew/Tau/Tau_github/examples/inform_run/snakemake/.snakemake/slurm_logs/rule_count_multiplicities/Patient68/60627824.log).

[Wed Feb 26 16:50:44 2025]
rule count_multiplicities:
    input: output/likelihoods/Patient64_likelihoods.tsv
    output: output/multiplicities/Patient64_multiplicities.tsv
    jobid: 82
    reason: Missing output files: output/multiplicities/Patient64_multiplicities.tsv; Input files updated by another job: output/likelihoods/Patient64_likelihoods.tsv
    wildcards: sample=Patient64
    resources: mem_mb=2000, mem_mib=1908, disk_mb=1000, disk_mib=954, tmpdir=<TBD>, slurm_account=park_contrib, slurm_partition=park, runtime=14400, time=5:00

Job 82 has been submitted with SLURM jobid 60627825 (log: /n/data1/hms/dbmi/park/jbrew/Tau/Tau_github/examples/inform_run/snakemake/.snakemake/slurm_logs/rule_count_multiplicities/Patient64/60627825.log).

[Wed Feb 26 16:50:44 2025]
rule count_multiplicities:
    input: output/likelihoods/Patient18_likelihoods.tsv
    output: output/multiplicities/Patient18_multiplicities.tsv
    jobid: 22
    reason: Missing output files: output/multiplicities/Patient18_multiplicities.tsv; Input files updated by another job: output/likelihoods/Patient18_likelihoods.tsv
    wildcards: sample=Patient18
    resources: mem_mb=2000, mem_mib=1908, disk_mb=1000, disk_mib=954, tmpdir=<TBD>, slurm_account=park_contrib, slurm_partition=park, runtime=14400, time=5:00

Job 22 has been submitted with SLURM jobid 60627826 (log: /n/data1/hms/dbmi/park/jbrew/Tau/Tau_github/examples/inform_run/snakemake/.snakemake/slurm_logs/rule_count_multiplicities/Patient18/60627826.log).
[Wed Feb 26 16:51:52 2025]
Error in rule count_multiplicities:
    message: SLURM-job '60627792' failed, SLURM status is: 'FAILED'. For further error details see the cluster/cloud log and the log files of the involved rule(s).
    jobid: 74
    input: output/likelihoods/Patient57_likelihoods.tsv
    output: output/multiplicities/Patient57_multiplicities.tsv
    log: /n/data1/hms/dbmi/park/jbrew/Tau/Tau_github/examples/inform_run/snakemake/.snakemake/slurm_logs/rule_count_multiplicities/Patient57/60627792.log (check log file(s) for error details)
    shell:
        
        python scripts/count_multiplicities.py             --likelihood_file output/likelihoods/Patient57_likelihoods.tsv             --output output/multiplicities/Patient57_multiplicities.tsv
        
        (one of the commands exited with non-zero exit code; note that snakemake uses bash strict mode!)
    external_jobid: 60627792

[Wed Feb 26 16:51:52 2025]
Error in rule count_multiplicities:
    message: SLURM-job '60627793' failed, SLURM status is: 'FAILED'. For further error details see the cluster/cloud log and the log files of the involved rule(s).
    jobid: 102
    input: output/likelihoods/Patient7_likelihoods.tsv
    output: output/multiplicities/Patient7_multiplicities.tsv
    log: /n/data1/hms/dbmi/park/jbrew/Tau/Tau_github/examples/inform_run/snakemake/.snakemake/slurm_logs/rule_count_multiplicities/Patient7/60627793.log (check log file(s) for error details)
    shell:
        
        python scripts/count_multiplicities.py             --likelihood_file output/likelihoods/Patient7_likelihoods.tsv             --output output/multiplicities/Patient7_multiplicities.tsv
        
        (one of the commands exited with non-zero exit code; note that snakemake uses bash strict mode!)
    external_jobid: 60627793

[Wed Feb 26 16:51:52 2025]
Error in rule count_multiplicities:
    message: SLURM-job '60627794' failed, SLURM status is: 'FAILED'. For further error details see the cluster/cloud log and the log files of the involved rule(s).
    jobid: 42
    input: output/likelihoods/Patient33_likelihoods.tsv
    output: output/multiplicities/Patient33_multiplicities.tsv
    log: /n/data1/hms/dbmi/park/jbrew/Tau/Tau_github/examples/inform_run/snakemake/.snakemake/slurm_logs/rule_count_multiplicities/Patient33/60627794.log (check log file(s) for error details)
    shell:
        
        python scripts/count_multiplicities.py             --likelihood_file output/likelihoods/Patient33_likelihoods.tsv             --output output/multiplicities/Patient33_multiplicities.tsv
        
        (one of the commands exited with non-zero exit code; note that snakemake uses bash strict mode!)
    external_jobid: 60627794

[Wed Feb 26 16:51:52 2025]
Error in rule count_multiplicities:
    message: SLURM-job '60627795' failed, SLURM status is: 'FAILED'. For further error details see the cluster/cloud log and the log files of the involved rule(s).
    jobid: 66
    input: output/likelihoods/Patient50_likelihoods.tsv
    output: output/multiplicities/Patient50_multiplicities.tsv
    log: /n/data1/hms/dbmi/park/jbrew/Tau/Tau_github/examples/inform_run/snakemake/.snakemake/slurm_logs/rule_count_multiplicities/Patient50/60627795.log (check log file(s) for error details)
    shell:
        
        python scripts/count_multiplicities.py             --likelihood_file output/likelihoods/Patient50_likelihoods.tsv             --output output/multiplicities/Patient50_multiplicities.tsv
        
        (one of the commands exited with non-zero exit code; note that snakemake uses bash strict mode!)
    external_jobid: 60627795

[Wed Feb 26 16:51:52 2025]
Error in rule count_multiplicities:
    message: SLURM-job '60627796' failed, SLURM status is: 'FAILED'. For further error details see the cluster/cloud log and the log files of the involved rule(s).
    jobid: 6
    input: output/likelihoods/Patient109_likelihoods.tsv
    output: output/multiplicities/Patient109_multiplicities.tsv
    log: /n/data1/hms/dbmi/park/jbrew/Tau/Tau_github/examples/inform_run/snakemake/.snakemake/slurm_logs/rule_count_multiplicities/Patient109/60627796.log (check log file(s) for error details)
    shell:
        
        python scripts/count_multiplicities.py             --likelihood_file output/likelihoods/Patient109_likelihoods.tsv             --output output/multiplicities/Patient109_multiplicities.tsv
        
        (one of the commands exited with non-zero exit code; note that snakemake uses bash strict mode!)
    external_jobid: 60627796

[Wed Feb 26 16:51:52 2025]
Error in rule count_multiplicities:
    message: SLURM-job '60627797' failed, SLURM status is: 'FAILED'. For further error details see the cluster/cloud log and the log files of the involved rule(s).
    jobid: 126
    input: output/likelihoods/Patient90_likelihoods.tsv
    output: output/multiplicities/Patient90_multiplicities.tsv
    log: /n/data1/hms/dbmi/park/jbrew/Tau/Tau_github/examples/inform_run/snakemake/.snakemake/slurm_logs/rule_count_multiplicities/Patient90/60627797.log (check log file(s) for error details)
    shell:
        
        python scripts/count_multiplicities.py             --likelihood_file output/likelihoods/Patient90_likelihoods.tsv             --output output/multiplicities/Patient90_multiplicities.tsv
        
        (one of the commands exited with non-zero exit code; note that snakemake uses bash strict mode!)
    external_jobid: 60627797

[Wed Feb 26 16:51:52 2025]
Error in rule count_multiplicities:
    message: SLURM-job '60627798' failed, SLURM status is: 'FAILED'. For further error details see the cluster/cloud log and the log files of the involved rule(s).
    jobid: 2
    input: output/likelihoods/Patient101_likelihoods.tsv
    output: output/multiplicities/Patient101_multiplicities.tsv
    log: /n/data1/hms/dbmi/park/jbrew/Tau/Tau_github/examples/inform_run/snakemake/.snakemake/slurm_logs/rule_count_multiplicities/Patient101/60627798.log (check log file(s) for error details)
    shell:
        
        python scripts/count_multiplicities.py             --likelihood_file output/likelihoods/Patient101_likelihoods.tsv             --output output/multiplicities/Patient101_multiplicities.tsv
        
        (one of the commands exited with non-zero exit code; note that snakemake uses bash strict mode!)
    external_jobid: 60627798

[Wed Feb 26 16:51:52 2025]
Error in rule count_multiplicities:
    message: SLURM-job '60627799' failed, SLURM status is: 'FAILED'. For further error details see the cluster/cloud log and the log files of the involved rule(s).
    jobid: 94
    input: output/likelihoods/Patient76_likelihoods.tsv
    output: output/multiplicities/Patient76_multiplicities.tsv
    log: /n/data1/hms/dbmi/park/jbrew/Tau/Tau_github/examples/inform_run/snakemake/.snakemake/slurm_logs/rule_count_multiplicities/Patient76/60627799.log (check log file(s) for error details)
    shell:
        
        python scripts/count_multiplicities.py             --likelihood_file output/likelihoods/Patient76_likelihoods.tsv             --output output/multiplicities/Patient76_multiplicities.tsv
        
        (one of the commands exited with non-zero exit code; note that snakemake uses bash strict mode!)
    external_jobid: 60627799

[Wed Feb 26 16:51:52 2025]
Error in rule count_multiplicities:
    message: SLURM-job '60627800' failed, SLURM status is: 'FAILED'. For further error details see the cluster/cloud log and the log files of the involved rule(s).
    jobid: 34
    input: output/likelihoods/Patient25_likelihoods.tsv
    output: output/multiplicities/Patient25_multiplicities.tsv
    log: /n/data1/hms/dbmi/park/jbrew/Tau/Tau_github/examples/inform_run/snakemake/.snakemake/slurm_logs/rule_count_multiplicities/Patient25/60627800.log (check log file(s) for error details)
    shell:
        
        python scripts/count_multiplicities.py             --likelihood_file output/likelihoods/Patient25_likelihoods.tsv             --output output/multiplicities/Patient25_multiplicities.tsv
        
        (one of the commands exited with non-zero exit code; note that snakemake uses bash strict mode!)
    external_jobid: 60627800

[Wed Feb 26 16:51:52 2025]
Error in rule count_multiplicities:
    message: SLURM-job '60627801' failed, SLURM status is: 'FAILED'. For further error details see the cluster/cloud log and the log files of the involved rule(s).
    jobid: 58
    input: output/likelihoods/Patient44_likelihoods.tsv
    output: output/multiplicities/Patient44_multiplicities.tsv
    log: /n/data1/hms/dbmi/park/jbrew/Tau/Tau_github/examples/inform_run/snakemake/.snakemake/slurm_logs/rule_count_multiplicities/Patient44/60627801.log (check log file(s) for error details)
    shell:
        
        python scripts/count_multiplicities.py             --likelihood_file output/likelihoods/Patient44_likelihoods.tsv             --output output/multiplicities/Patient44_multiplicities.tsv
        
        (one of the commands exited with non-zero exit code; note that snakemake uses bash strict mode!)
    external_jobid: 60627801

[Wed Feb 26 16:51:52 2025]
Error in rule count_multiplicities:
    message: SLURM-job '60627802' failed, SLURM status is: 'FAILED'. For further error details see the cluster/cloud log and the log files of the involved rule(s).
    jobid: 110
    input: output/likelihoods/Patient81_likelihoods.tsv
    output: output/multiplicities/Patient81_multiplicities.tsv
    log: /n/data1/hms/dbmi/park/jbrew/Tau/Tau_github/examples/inform_run/snakemake/.snakemake/slurm_logs/rule_count_multiplicities/Patient81/60627802.log (check log file(s) for error details)
    shell:
        
        python scripts/count_multiplicities.py             --likelihood_file output/likelihoods/Patient81_likelihoods.tsv             --output output/multiplicities/Patient81_multiplicities.tsv
        
        (one of the commands exited with non-zero exit code; note that snakemake uses bash strict mode!)
    external_jobid: 60627802

[Wed Feb 26 16:51:52 2025]
Error in rule count_multiplicities:
    message: SLURM-job '60627803' failed, SLURM status is: 'FAILED'. For further error details see the cluster/cloud log and the log files of the involved rule(s).
    jobid: 50
    input: output/likelihoods/Patient37_likelihoods.tsv
    output: output/multiplicities/Patient37_multiplicities.tsv
    log: /n/data1/hms/dbmi/park/jbrew/Tau/Tau_github/examples/inform_run/snakemake/.snakemake/slurm_logs/rule_count_multiplicities/Patient37/60627803.log (check log file(s) for error details)
    shell:
        
        python scripts/count_multiplicities.py             --likelihood_file output/likelihoods/Patient37_likelihoods.tsv             --output output/multiplicities/Patient37_multiplicities.tsv
        
        (one of the commands exited with non-zero exit code; note that snakemake uses bash strict mode!)
    external_jobid: 60627803

[Wed Feb 26 16:51:52 2025]
Error in rule preprocess:
    message: SLURM-job '60627805' failed, SLURM status is: 'FAILED'. For further error details see the cluster/cloud log and the log files of the involved rule(s).
    jobid: 100
    input: /n/data1/hms/dbmi/park/jbrew/Tau/Tau_github/examples/inform_run/inform_data/INFORM_snv/Patient77.vcf, /n/data1/hms/dbmi/park/jbrew/Tau/Tau_github/examples/inform_run/inform_data/INFORM_cn/Patient77.tsv, ../inform_data/purity_ploidy_inform.txt
    output: output/preprocessed/Patient77_preprocessed.tsv
    log: /n/data1/hms/dbmi/park/jbrew/Tau/Tau_github/examples/inform_run/snakemake/.snakemake/slurm_logs/rule_preprocess/Patient77/60627805.log (check log file(s) for error details)
    shell:
        
        python scripts/preprocess.py             --sample Patient77             --snv /n/data1/hms/dbmi/park/jbrew/Tau/Tau_github/examples/inform_run/inform_data/INFORM_snv/Patient77.vcf             --cnv /n/data1/hms/dbmi/park/jbrew/Tau/Tau_github/examples/inform_run/inform_data/INFORM_cn/Patient77.tsv             --purity ../inform_data/purity_ploidy_inform.txt             --output output/preprocessed/Patient77_preprocessed.tsv
        
        (one of the commands exited with non-zero exit code; note that snakemake uses bash strict mode!)
    external_jobid: 60627805

[Wed Feb 26 16:51:52 2025]
Error in rule preprocess:
    message: SLURM-job '60627806' failed, SLURM status is: 'FAILED'. For further error details see the cluster/cloud log and the log files of the involved rule(s).
    jobid: 16
    input: /n/data1/hms/dbmi/park/jbrew/Tau/Tau_github/examples/inform_run/inform_data/INFORM_snv/Patient15.vcf, /n/data1/hms/dbmi/park/jbrew/Tau/Tau_github/examples/inform_run/inform_data/INFORM_cn/Patient15.tsv, ../inform_data/purity_ploidy_inform.txt
    output: output/preprocessed/Patient15_preprocessed.tsv
    log: /n/data1/hms/dbmi/park/jbrew/Tau/Tau_github/examples/inform_run/snakemake/.snakemake/slurm_logs/rule_preprocess/Patient15/60627806.log (check log file(s) for error details)
    shell:
        
        python scripts/preprocess.py             --sample Patient15             --snv /n/data1/hms/dbmi/park/jbrew/Tau/Tau_github/examples/inform_run/inform_data/INFORM_snv/Patient15.vcf             --cnv /n/data1/hms/dbmi/park/jbrew/Tau/Tau_github/examples/inform_run/inform_data/INFORM_cn/Patient15.tsv             --purity ../inform_data/purity_ploidy_inform.txt             --output output/preprocessed/Patient15_preprocessed.tsv
        
        (one of the commands exited with non-zero exit code; note that snakemake uses bash strict mode!)
    external_jobid: 60627806

[Wed Feb 26 16:51:52 2025]
Error in rule preprocess:
    message: SLURM-job '60627807' failed, SLURM status is: 'FAILED'. For further error details see the cluster/cloud log and the log files of the involved rule(s).
    jobid: 120
    input: /n/data1/hms/dbmi/park/jbrew/Tau/Tau_github/examples/inform_run/inform_data/INFORM_snv/Patient86.vcf, /n/data1/hms/dbmi/park/jbrew/Tau/Tau_github/examples/inform_run/inform_data/INFORM_cn/Patient86.tsv, ../inform_data/purity_ploidy_inform.txt
    output: output/preprocessed/Patient86_preprocessed.tsv
    log: /n/data1/hms/dbmi/park/jbrew/Tau/Tau_github/examples/inform_run/snakemake/.snakemake/slurm_logs/rule_preprocess/Patient86/60627807.log (check log file(s) for error details)
    shell:
        
        python scripts/preprocess.py             --sample Patient86             --snv /n/data1/hms/dbmi/park/jbrew/Tau/Tau_github/examples/inform_run/inform_data/INFORM_snv/Patient86.vcf             --cnv /n/data1/hms/dbmi/park/jbrew/Tau/Tau_github/examples/inform_run/inform_data/INFORM_cn/Patient86.tsv             --purity ../inform_data/purity_ploidy_inform.txt             --output output/preprocessed/Patient86_preprocessed.tsv
        
        (one of the commands exited with non-zero exit code; note that snakemake uses bash strict mode!)
    external_jobid: 60627807

[Wed Feb 26 16:51:52 2025]
Error in rule count_multiplicities:
    message: SLURM-job '60627808' failed, SLURM status is: 'FAILED'. For further error details see the cluster/cloud log and the log files of the involved rule(s).
    jobid: 26
    input: output/likelihoods/Patient1_likelihoods.tsv
    output: output/multiplicities/Patient1_multiplicities.tsv
    log: /n/data1/hms/dbmi/park/jbrew/Tau/Tau_github/examples/inform_run/snakemake/.snakemake/slurm_logs/rule_count_multiplicities/Patient1/60627808.log (check log file(s) for error details)
    shell:
        
        python scripts/count_multiplicities.py             --likelihood_file output/likelihoods/Patient1_likelihoods.tsv             --output output/multiplicities/Patient1_multiplicities.tsv
        
        (one of the commands exited with non-zero exit code; note that snakemake uses bash strict mode!)
    external_jobid: 60627808

[Wed Feb 26 16:51:52 2025]
Error in rule count_multiplicities:
    message: SLURM-job '60627810' failed, SLURM status is: 'FAILED'. For further error details see the cluster/cloud log and the log files of the involved rule(s).
    jobid: 86
    input: output/likelihoods/Patient65_likelihoods.tsv
    output: output/multiplicities/Patient65_multiplicities.tsv
    log: /n/data1/hms/dbmi/park/jbrew/Tau/Tau_github/examples/inform_run/snakemake/.snakemake/slurm_logs/rule_count_multiplicities/Patient65/60627810.log (check log file(s) for error details)
    shell:
        
        python scripts/count_multiplicities.py             --likelihood_file output/likelihoods/Patient65_likelihoods.tsv             --output output/multiplicities/Patient65_multiplicities.tsv
        
        (one of the commands exited with non-zero exit code; note that snakemake uses bash strict mode!)
    external_jobid: 60627810

[Wed Feb 26 16:51:52 2025]
Error in rule count_multiplicities:
    message: SLURM-job '60627811' failed, SLURM status is: 'FAILED'. For further error details see the cluster/cloud log and the log files of the involved rule(s).
    jobid: 18
    input: output/likelihoods/Patient17_likelihoods.tsv
    output: output/multiplicities/Patient17_multiplicities.tsv
    log: /n/data1/hms/dbmi/park/jbrew/Tau/Tau_github/examples/inform_run/snakemake/.snakemake/slurm_logs/rule_count_multiplicities/Patient17/60627811.log (check log file(s) for error details)
    shell:
        
        python scripts/count_multiplicities.py             --likelihood_file output/likelihoods/Patient17_likelihoods.tsv             --output output/multiplicities/Patient17_multiplicities.tsv
        
        (one of the commands exited with non-zero exit code; note that snakemake uses bash strict mode!)
    external_jobid: 60627811

[Wed Feb 26 16:51:52 2025]
Error in rule count_multiplicities:
    message: SLURM-job '60627812' failed, SLURM status is: 'FAILED'. For further error details see the cluster/cloud log and the log files of the involved rule(s).
    jobid: 78
    input: output/likelihoods/Patient58_likelihoods.tsv
    output: output/multiplicities/Patient58_multiplicities.tsv
    log: /n/data1/hms/dbmi/park/jbrew/Tau/Tau_github/examples/inform_run/snakemake/.snakemake/slurm_logs/rule_count_multiplicities/Patient58/60627812.log (check log file(s) for error details)
    shell:
        
        python scripts/count_multiplicities.py             --likelihood_file output/likelihoods/Patient58_likelihoods.tsv             --output output/multiplicities/Patient58_multiplicities.tsv
        
        (one of the commands exited with non-zero exit code; note that snakemake uses bash strict mode!)
    external_jobid: 60627812

[Wed Feb 26 16:51:52 2025]
Error in rule count_multiplicities:
    message: SLURM-job '60627813' failed, SLURM status is: 'FAILED'. For further error details see the cluster/cloud log and the log files of the involved rule(s).
    jobid: 10
    input: output/likelihoods/Patient113_likelihoods.tsv
    output: output/multiplicities/Patient113_multiplicities.tsv
    log: /n/data1/hms/dbmi/park/jbrew/Tau/Tau_github/examples/inform_run/snakemake/.snakemake/slurm_logs/rule_count_multiplicities/Patient113/60627813.log (check log file(s) for error details)
    shell:
        
        python scripts/count_multiplicities.py             --likelihood_file output/likelihoods/Patient113_likelihoods.tsv             --output output/multiplicities/Patient113_multiplicities.tsv
        
        (one of the commands exited with non-zero exit code; note that snakemake uses bash strict mode!)
    external_jobid: 60627813

[Wed Feb 26 16:51:52 2025]
Error in rule count_multiplicities:
    message: SLURM-job '60627814' failed, SLURM status is: 'FAILED'. For further error details see the cluster/cloud log and the log files of the involved rule(s).
    jobid: 130
    input: output/likelihoods/Patient94_likelihoods.tsv
    output: output/multiplicities/Patient94_multiplicities.tsv
    log: /n/data1/hms/dbmi/park/jbrew/Tau/Tau_github/examples/inform_run/snakemake/.snakemake/slurm_logs/rule_count_multiplicities/Patient94/60627814.log (check log file(s) for error details)
    shell:
        
        python scripts/count_multiplicities.py             --likelihood_file output/likelihoods/Patient94_likelihoods.tsv             --output output/multiplicities/Patient94_multiplicities.tsv
        
        (one of the commands exited with non-zero exit code; note that snakemake uses bash strict mode!)
    external_jobid: 60627814

[Wed Feb 26 16:51:52 2025]
Error in rule count_multiplicities:
    message: SLURM-job '60627815' failed, SLURM status is: 'FAILED'. For further error details see the cluster/cloud log and the log files of the involved rule(s).
    jobid: 70
    input: output/likelihoods/Patient55_likelihoods.tsv
    output: output/multiplicities/Patient55_multiplicities.tsv
    log: /n/data1/hms/dbmi/park/jbrew/Tau/Tau_github/examples/inform_run/snakemake/.snakemake/slurm_logs/rule_count_multiplicities/Patient55/60627815.log (check log file(s) for error details)
    shell:
        
        python scripts/count_multiplicities.py             --likelihood_file output/likelihoods/Patient55_likelihoods.tsv             --output output/multiplicities/Patient55_multiplicities.tsv
        
        (one of the commands exited with non-zero exit code; note that snakemake uses bash strict mode!)
    external_jobid: 60627815

[Wed Feb 26 16:51:52 2025]
Error in rule count_multiplicities:
    message: SLURM-job '60627816' failed, SLURM status is: 'FAILED'. For further error details see the cluster/cloud log and the log files of the involved rule(s).
    jobid: 122
    input: output/likelihoods/Patient87_likelihoods.tsv
    output: output/multiplicities/Patient87_multiplicities.tsv
    log: /n/data1/hms/dbmi/park/jbrew/Tau/Tau_github/examples/inform_run/snakemake/.snakemake/slurm_logs/rule_count_multiplicities/Patient87/60627816.log (check log file(s) for error details)
    shell:
        
        python scripts/count_multiplicities.py             --likelihood_file output/likelihoods/Patient87_likelihoods.tsv             --output output/multiplicities/Patient87_multiplicities.tsv
        
        (one of the commands exited with non-zero exit code; note that snakemake uses bash strict mode!)
    external_jobid: 60627816

[Wed Feb 26 16:51:52 2025]
Error in rule count_multiplicities:
    message: SLURM-job '60627817' failed, SLURM status is: 'FAILED'. For further error details see the cluster/cloud log and the log files of the involved rule(s).
    jobid: 62
    input: output/likelihoods/Patient47_likelihoods.tsv
    output: output/multiplicities/Patient47_multiplicities.tsv
    log: /n/data1/hms/dbmi/park/jbrew/Tau/Tau_github/examples/inform_run/snakemake/.snakemake/slurm_logs/rule_count_multiplicities/Patient47/60627817.log (check log file(s) for error details)
    shell:
        
        python scripts/count_multiplicities.py             --likelihood_file output/likelihoods/Patient47_likelihoods.tsv             --output output/multiplicities/Patient47_multiplicities.tsv
        
        (one of the commands exited with non-zero exit code; note that snakemake uses bash strict mode!)
    external_jobid: 60627817

[Wed Feb 26 16:51:52 2025]
Error in rule count_multiplicities:
    message: SLURM-job '60627818' failed, SLURM status is: 'FAILED'. For further error details see the cluster/cloud log and the log files of the involved rule(s).
    jobid: 54
    input: output/likelihoods/Patient43_likelihoods.tsv
    output: output/multiplicities/Patient43_multiplicities.tsv
    log: /n/data1/hms/dbmi/park/jbrew/Tau/Tau_github/examples/inform_run/snakemake/.snakemake/slurm_logs/rule_count_multiplicities/Patient43/60627818.log (check log file(s) for error details)
    shell:
        
        python scripts/count_multiplicities.py             --likelihood_file output/likelihoods/Patient43_likelihoods.tsv             --output output/multiplicities/Patient43_multiplicities.tsv
        
        (one of the commands exited with non-zero exit code; note that snakemake uses bash strict mode!)
    external_jobid: 60627818

[Wed Feb 26 16:51:52 2025]
Error in rule count_multiplicities:
    message: SLURM-job '60627819' failed, SLURM status is: 'FAILED'. For further error details see the cluster/cloud log and the log files of the involved rule(s).
    jobid: 114
    input: output/likelihoods/Patient82_likelihoods.tsv
    output: output/multiplicities/Patient82_multiplicities.tsv
    log: /n/data1/hms/dbmi/park/jbrew/Tau/Tau_github/examples/inform_run/snakemake/.snakemake/slurm_logs/rule_count_multiplicities/Patient82/60627819.log (check log file(s) for error details)
    shell:
        
        python scripts/count_multiplicities.py             --likelihood_file output/likelihoods/Patient82_likelihoods.tsv             --output output/multiplicities/Patient82_multiplicities.tsv
        
        (one of the commands exited with non-zero exit code; note that snakemake uses bash strict mode!)
    external_jobid: 60627819

[Wed Feb 26 16:51:52 2025]
Error in rule count_multiplicities:
    message: SLURM-job '60627820' failed, SLURM status is: 'FAILED'. For further error details see the cluster/cloud log and the log files of the involved rule(s).
    jobid: 46
    input: output/likelihoods/Patient34_likelihoods.tsv
    output: output/multiplicities/Patient34_multiplicities.tsv
    log: /n/data1/hms/dbmi/park/jbrew/Tau/Tau_github/examples/inform_run/snakemake/.snakemake/slurm_logs/rule_count_multiplicities/Patient34/60627820.log (check log file(s) for error details)
    shell:
        
        python scripts/count_multiplicities.py             --likelihood_file output/likelihoods/Patient34_likelihoods.tsv             --output output/multiplicities/Patient34_multiplicities.tsv
        
        (one of the commands exited with non-zero exit code; note that snakemake uses bash strict mode!)
    external_jobid: 60627820

[Wed Feb 26 16:51:52 2025]
Error in rule count_multiplicities:
    message: SLURM-job '60627821' failed, SLURM status is: 'FAILED'. For further error details see the cluster/cloud log and the log files of the involved rule(s).
    jobid: 106
    input: output/likelihoods/Patient80_likelihoods.tsv
    output: output/multiplicities/Patient80_multiplicities.tsv
    log: /n/data1/hms/dbmi/park/jbrew/Tau/Tau_github/examples/inform_run/snakemake/.snakemake/slurm_logs/rule_count_multiplicities/Patient80/60627821.log (check log file(s) for error details)
    shell:
        
        python scripts/count_multiplicities.py             --likelihood_file output/likelihoods/Patient80_likelihoods.tsv             --output output/multiplicities/Patient80_multiplicities.tsv
        
        (one of the commands exited with non-zero exit code; note that snakemake uses bash strict mode!)
    external_jobid: 60627821

[Wed Feb 26 16:51:52 2025]
Error in rule count_multiplicities:
    message: SLURM-job '60627822' failed, SLURM status is: 'FAILED'. For further error details see the cluster/cloud log and the log files of the involved rule(s).
    jobid: 38
    input: output/likelihoods/Patient26_likelihoods.tsv
    output: output/multiplicities/Patient26_multiplicities.tsv
    log: /n/data1/hms/dbmi/park/jbrew/Tau/Tau_github/examples/inform_run/snakemake/.snakemake/slurm_logs/rule_count_multiplicities/Patient26/60627822.log (check log file(s) for error details)
    shell:
        
        python scripts/count_multiplicities.py             --likelihood_file output/likelihoods/Patient26_likelihoods.tsv             --output output/multiplicities/Patient26_multiplicities.tsv
        
        (one of the commands exited with non-zero exit code; note that snakemake uses bash strict mode!)
    external_jobid: 60627822

[Wed Feb 26 16:51:52 2025]
Error in rule count_multiplicities:
    message: SLURM-job '60627823' failed, SLURM status is: 'FAILED'. For further error details see the cluster/cloud log and the log files of the involved rule(s).
    jobid: 30
    input: output/likelihoods/Patient20_likelihoods.tsv
    output: output/multiplicities/Patient20_multiplicities.tsv
    log: /n/data1/hms/dbmi/park/jbrew/Tau/Tau_github/examples/inform_run/snakemake/.snakemake/slurm_logs/rule_count_multiplicities/Patient20/60627823.log (check log file(s) for error details)
    shell:
        
        python scripts/count_multiplicities.py             --likelihood_file output/likelihoods/Patient20_likelihoods.tsv             --output output/multiplicities/Patient20_multiplicities.tsv
        
        (one of the commands exited with non-zero exit code; note that snakemake uses bash strict mode!)
    external_jobid: 60627823

[Wed Feb 26 16:51:52 2025]
Error in rule count_multiplicities:
    message: SLURM-job '60627824' failed, SLURM status is: 'FAILED'. For further error details see the cluster/cloud log and the log files of the involved rule(s).
    jobid: 90
    input: output/likelihoods/Patient68_likelihoods.tsv
    output: output/multiplicities/Patient68_multiplicities.tsv
    log: /n/data1/hms/dbmi/park/jbrew/Tau/Tau_github/examples/inform_run/snakemake/.snakemake/slurm_logs/rule_count_multiplicities/Patient68/60627824.log (check log file(s) for error details)
    shell:
        
        python scripts/count_multiplicities.py             --likelihood_file output/likelihoods/Patient68_likelihoods.tsv             --output output/multiplicities/Patient68_multiplicities.tsv
        
        (one of the commands exited with non-zero exit code; note that snakemake uses bash strict mode!)
    external_jobid: 60627824

[Wed Feb 26 16:51:52 2025]
Error in rule count_multiplicities:
    message: SLURM-job '60627825' failed, SLURM status is: 'FAILED'. For further error details see the cluster/cloud log and the log files of the involved rule(s).
    jobid: 82
    input: output/likelihoods/Patient64_likelihoods.tsv
    output: output/multiplicities/Patient64_multiplicities.tsv
    log: /n/data1/hms/dbmi/park/jbrew/Tau/Tau_github/examples/inform_run/snakemake/.snakemake/slurm_logs/rule_count_multiplicities/Patient64/60627825.log (check log file(s) for error details)
    shell:
        
        python scripts/count_multiplicities.py             --likelihood_file output/likelihoods/Patient64_likelihoods.tsv             --output output/multiplicities/Patient64_multiplicities.tsv
        
        (one of the commands exited with non-zero exit code; note that snakemake uses bash strict mode!)
    external_jobid: 60627825

[Wed Feb 26 16:51:52 2025]
Error in rule count_multiplicities:
    message: SLURM-job '60627826' failed, SLURM status is: 'FAILED'. For further error details see the cluster/cloud log and the log files of the involved rule(s).
    jobid: 22
    input: output/likelihoods/Patient18_likelihoods.tsv
    output: output/multiplicities/Patient18_multiplicities.tsv
    log: /n/data1/hms/dbmi/park/jbrew/Tau/Tau_github/examples/inform_run/snakemake/.snakemake/slurm_logs/rule_count_multiplicities/Patient18/60627826.log (check log file(s) for error details)
    shell:
        
        python scripts/count_multiplicities.py             --likelihood_file output/likelihoods/Patient18_likelihoods.tsv             --output output/multiplicities/Patient18_multiplicities.tsv
        
        (one of the commands exited with non-zero exit code; note that snakemake uses bash strict mode!)
    external_jobid: 60627826

Trying to restart job 74.
Trying to restart job 102.
Trying to restart job 42.
Trying to restart job 66.
Trying to restart job 6.
Trying to restart job 126.
Trying to restart job 2.
Trying to restart job 94.
Trying to restart job 34.
Trying to restart job 58.
Trying to restart job 110.
Trying to restart job 50.
Trying to restart job 100.
Trying to restart job 16.
Trying to restart job 120.
Trying to restart job 26.
Trying to restart job 86.
Trying to restart job 18.
Trying to restart job 78.
Trying to restart job 10.
Trying to restart job 130.
Trying to restart job 70.
Trying to restart job 122.
Trying to restart job 62.
Trying to restart job 54.
Trying to restart job 114.
Trying to restart job 46.
Trying to restart job 106.
Trying to restart job 38.
Trying to restart job 30.
Trying to restart job 90.
Trying to restart job 82.
Trying to restart job 22.
Select jobs to execute...
Execute 33 jobs...

[Wed Feb 26 16:51:53 2025]
rule count_multiplicities:
    input: output/likelihoods/Patient57_likelihoods.tsv
    output: output/multiplicities/Patient57_multiplicities.tsv
    jobid: 74
    reason: Missing output files: output/multiplicities/Patient57_multiplicities.tsv; Input files updated by another job: output/likelihoods/Patient57_likelihoods.tsv
    wildcards: sample=Patient57
    resources: mem_mb=3000, mem_mib=2862, disk_mb=1000, disk_mib=954, tmpdir=<TBD>, slurm_account=park_contrib, slurm_partition=park, runtime=14400, time=5:00

Job 74 has been submitted with SLURM jobid 60627831 (log: /n/data1/hms/dbmi/park/jbrew/Tau/Tau_github/examples/inform_run/snakemake/.snakemake/slurm_logs/rule_count_multiplicities/Patient57/60627831.log).

[Wed Feb 26 16:51:55 2025]
rule count_multiplicities:
    input: output/likelihoods/Patient50_likelihoods.tsv
    output: output/multiplicities/Patient50_multiplicities.tsv
    jobid: 66
    reason: Missing output files: output/multiplicities/Patient50_multiplicities.tsv; Input files updated by another job: output/likelihoods/Patient50_likelihoods.tsv
    wildcards: sample=Patient50
    resources: mem_mb=3000, mem_mib=2862, disk_mb=1000, disk_mib=954, tmpdir=<TBD>, slurm_account=park_contrib, slurm_partition=park, runtime=14400, time=5:00

Job 66 has been submitted with SLURM jobid 60627832 (log: /n/data1/hms/dbmi/park/jbrew/Tau/Tau_github/examples/inform_run/snakemake/.snakemake/slurm_logs/rule_count_multiplicities/Patient50/60627832.log).

[Wed Feb 26 16:51:55 2025]
rule preprocess:
    input: /n/data1/hms/dbmi/park/jbrew/Tau/Tau_github/examples/inform_run/inform_data/INFORM_snv/Patient77.vcf, /n/data1/hms/dbmi/park/jbrew/Tau/Tau_github/examples/inform_run/inform_data/INFORM_cn/Patient77.tsv, ../inform_data/purity_ploidy_inform.txt
    output: output/preprocessed/Patient77_preprocessed.tsv
    jobid: 100
    reason: Missing output files: output/preprocessed/Patient77_preprocessed.tsv
    wildcards: sample=Patient77
    resources: mem_mb=4000, mem_mib=3815, disk_mb=1000, disk_mib=954, tmpdir=<TBD>, slurm_account=park_contrib, slurm_partition=park, runtime=14400, time=5:00

Job 100 has been submitted with SLURM jobid 60627833 (log: /n/data1/hms/dbmi/park/jbrew/Tau/Tau_github/examples/inform_run/snakemake/.snakemake/slurm_logs/rule_preprocess/Patient77/60627833.log).

[Wed Feb 26 16:51:58 2025]
rule count_multiplicities:
    input: output/likelihoods/Patient109_likelihoods.tsv
    output: output/multiplicities/Patient109_multiplicities.tsv
    jobid: 6
    reason: Missing output files: output/multiplicities/Patient109_multiplicities.tsv; Input files updated by another job: output/likelihoods/Patient109_likelihoods.tsv
    wildcards: sample=Patient109
    resources: mem_mb=3000, mem_mib=2862, disk_mb=1000, disk_mib=954, tmpdir=<TBD>, slurm_account=park_contrib, slurm_partition=park, runtime=14400, time=5:00

Job 6 has been submitted with SLURM jobid 60627834 (log: /n/data1/hms/dbmi/park/jbrew/Tau/Tau_github/examples/inform_run/snakemake/.snakemake/slurm_logs/rule_count_multiplicities/Patient109/60627834.log).

[Wed Feb 26 16:51:58 2025]
rule count_multiplicities:
    input: output/likelihoods/Patient90_likelihoods.tsv
    output: output/multiplicities/Patient90_multiplicities.tsv
    jobid: 126
    reason: Missing output files: output/multiplicities/Patient90_multiplicities.tsv; Input files updated by another job: output/likelihoods/Patient90_likelihoods.tsv
    wildcards: sample=Patient90
    resources: mem_mb=3000, mem_mib=2862, disk_mb=1000, disk_mib=954, tmpdir=<TBD>, slurm_account=park_contrib, slurm_partition=park, runtime=14400, time=5:00

Job 126 has been submitted with SLURM jobid 60627835 (log: /n/data1/hms/dbmi/park/jbrew/Tau/Tau_github/examples/inform_run/snakemake/.snakemake/slurm_logs/rule_count_multiplicities/Patient90/60627835.log).

[Wed Feb 26 16:52:00 2025]
rule count_multiplicities:
    input: output/likelihoods/Patient44_likelihoods.tsv
    output: output/multiplicities/Patient44_multiplicities.tsv
    jobid: 58
    reason: Missing output files: output/multiplicities/Patient44_multiplicities.tsv; Input files updated by another job: output/likelihoods/Patient44_likelihoods.tsv
    wildcards: sample=Patient44
    resources: mem_mb=3000, mem_mib=2862, disk_mb=1000, disk_mib=954, tmpdir=<TBD>, slurm_account=park_contrib, slurm_partition=park, runtime=14400, time=5:00

Job 58 has been submitted with SLURM jobid 60627836 (log: /n/data1/hms/dbmi/park/jbrew/Tau/Tau_github/examples/inform_run/snakemake/.snakemake/slurm_logs/rule_count_multiplicities/Patient44/60627836.log).

[Wed Feb 26 16:52:00 2025]
rule count_multiplicities:
    input: output/likelihoods/Patient81_likelihoods.tsv
    output: output/multiplicities/Patient81_multiplicities.tsv
    jobid: 110
    reason: Missing output files: output/multiplicities/Patient81_multiplicities.tsv; Input files updated by another job: output/likelihoods/Patient81_likelihoods.tsv
    wildcards: sample=Patient81
    resources: mem_mb=3000, mem_mib=2862, disk_mb=1000, disk_mib=954, tmpdir=<TBD>, slurm_account=park_contrib, slurm_partition=park, runtime=14400, time=5:00

Job 110 has been submitted with SLURM jobid 60627837 (log: /n/data1/hms/dbmi/park/jbrew/Tau/Tau_github/examples/inform_run/snakemake/.snakemake/slurm_logs/rule_count_multiplicities/Patient81/60627837.log).

[Wed Feb 26 16:52:03 2025]
rule count_multiplicities:
    input: output/likelihoods/Patient37_likelihoods.tsv
    output: output/multiplicities/Patient37_multiplicities.tsv
    jobid: 50
    reason: Missing output files: output/multiplicities/Patient37_multiplicities.tsv; Input files updated by another job: output/likelihoods/Patient37_likelihoods.tsv
    wildcards: sample=Patient37
    resources: mem_mb=3000, mem_mib=2862, disk_mb=1000, disk_mib=954, tmpdir=<TBD>, slurm_account=park_contrib, slurm_partition=park, runtime=14400, time=5:00

Job 50 has been submitted with SLURM jobid 60627838 (log: /n/data1/hms/dbmi/park/jbrew/Tau/Tau_github/examples/inform_run/snakemake/.snakemake/slurm_logs/rule_count_multiplicities/Patient37/60627838.log).

[Wed Feb 26 16:52:03 2025]
rule count_multiplicities:
    input: output/likelihoods/Patient7_likelihoods.tsv
    output: output/multiplicities/Patient7_multiplicities.tsv
    jobid: 102
    reason: Missing output files: output/multiplicities/Patient7_multiplicities.tsv; Input files updated by another job: output/likelihoods/Patient7_likelihoods.tsv
    wildcards: sample=Patient7
    resources: mem_mb=3000, mem_mib=2862, disk_mb=1000, disk_mib=954, tmpdir=<TBD>, slurm_account=park_contrib, slurm_partition=park, runtime=14400, time=5:00

Job 102 has been submitted with SLURM jobid 60627839 (log: /n/data1/hms/dbmi/park/jbrew/Tau/Tau_github/examples/inform_run/snakemake/.snakemake/slurm_logs/rule_count_multiplicities/Patient7/60627839.log).

[Wed Feb 26 16:52:05 2025]
rule preprocess:
    input: /n/data1/hms/dbmi/park/jbrew/Tau/Tau_github/examples/inform_run/inform_data/INFORM_snv/Patient15.vcf, /n/data1/hms/dbmi/park/jbrew/Tau/Tau_github/examples/inform_run/inform_data/INFORM_cn/Patient15.tsv, ../inform_data/purity_ploidy_inform.txt
    output: output/preprocessed/Patient15_preprocessed.tsv
    jobid: 16
    reason: Missing output files: output/preprocessed/Patient15_preprocessed.tsv
    wildcards: sample=Patient15
    resources: mem_mb=4000, mem_mib=3815, disk_mb=1000, disk_mib=954, tmpdir=<TBD>, slurm_account=park_contrib, slurm_partition=park, runtime=14400, time=5:00

Job 16 has been submitted with SLURM jobid 60627840 (log: /n/data1/hms/dbmi/park/jbrew/Tau/Tau_github/examples/inform_run/snakemake/.snakemake/slurm_logs/rule_preprocess/Patient15/60627840.log).

[Wed Feb 26 16:52:05 2025]
rule count_multiplicities:
    input: output/likelihoods/Patient33_likelihoods.tsv
    output: output/multiplicities/Patient33_multiplicities.tsv
    jobid: 42
    reason: Missing output files: output/multiplicities/Patient33_multiplicities.tsv; Input files updated by another job: output/likelihoods/Patient33_likelihoods.tsv
    wildcards: sample=Patient33
    resources: mem_mb=3000, mem_mib=2862, disk_mb=1000, disk_mib=954, tmpdir=<TBD>, slurm_account=park_contrib, slurm_partition=park, runtime=14400, time=5:00

Job 42 has been submitted with SLURM jobid 60627841 (log: /n/data1/hms/dbmi/park/jbrew/Tau/Tau_github/examples/inform_run/snakemake/.snakemake/slurm_logs/rule_count_multiplicities/Patient33/60627841.log).

[Wed Feb 26 16:52:08 2025]
rule count_multiplicities:
    input: output/likelihoods/Patient101_likelihoods.tsv
    output: output/multiplicities/Patient101_multiplicities.tsv
    jobid: 2
    reason: Missing output files: output/multiplicities/Patient101_multiplicities.tsv; Input files updated by another job: output/likelihoods/Patient101_likelihoods.tsv
    wildcards: sample=Patient101
    resources: mem_mb=3000, mem_mib=2862, disk_mb=1000, disk_mib=954, tmpdir=<TBD>, slurm_account=park_contrib, slurm_partition=park, runtime=14400, time=5:00

Job 2 has been submitted with SLURM jobid 60627842 (log: /n/data1/hms/dbmi/park/jbrew/Tau/Tau_github/examples/inform_run/snakemake/.snakemake/slurm_logs/rule_count_multiplicities/Patient101/60627842.log).

[Wed Feb 26 16:52:10 2025]
rule count_multiplicities:
    input: output/likelihoods/Patient76_likelihoods.tsv
    output: output/multiplicities/Patient76_multiplicities.tsv
    jobid: 94
    reason: Missing output files: output/multiplicities/Patient76_multiplicities.tsv; Input files updated by another job: output/likelihoods/Patient76_likelihoods.tsv
    wildcards: sample=Patient76
    resources: mem_mb=3000, mem_mib=2862, disk_mb=1000, disk_mib=954, tmpdir=<TBD>, slurm_account=park_contrib, slurm_partition=park, runtime=14400, time=5:00

Job 94 has been submitted with SLURM jobid 60627843 (log: /n/data1/hms/dbmi/park/jbrew/Tau/Tau_github/examples/inform_run/snakemake/.snakemake/slurm_logs/rule_count_multiplicities/Patient76/60627843.log).

[Wed Feb 26 16:52:10 2025]
rule count_multiplicities:
    input: output/likelihoods/Patient25_likelihoods.tsv
    output: output/multiplicities/Patient25_multiplicities.tsv
    jobid: 34
    reason: Missing output files: output/multiplicities/Patient25_multiplicities.tsv; Input files updated by another job: output/likelihoods/Patient25_likelihoods.tsv
    wildcards: sample=Patient25
    resources: mem_mb=3000, mem_mib=2862, disk_mb=1000, disk_mib=954, tmpdir=<TBD>, slurm_account=park_contrib, slurm_partition=park, runtime=14400, time=5:00

Job 34 has been submitted with SLURM jobid 60627844 (log: /n/data1/hms/dbmi/park/jbrew/Tau/Tau_github/examples/inform_run/snakemake/.snakemake/slurm_logs/rule_count_multiplicities/Patient25/60627844.log).

[Wed Feb 26 16:52:11 2025]
rule preprocess:
    input: /n/data1/hms/dbmi/park/jbrew/Tau/Tau_github/examples/inform_run/inform_data/INFORM_snv/Patient86.vcf, /n/data1/hms/dbmi/park/jbrew/Tau/Tau_github/examples/inform_run/inform_data/INFORM_cn/Patient86.tsv, ../inform_data/purity_ploidy_inform.txt
    output: output/preprocessed/Patient86_preprocessed.tsv
    jobid: 120
    reason: Missing output files: output/preprocessed/Patient86_preprocessed.tsv
    wildcards: sample=Patient86
    resources: mem_mb=4000, mem_mib=3815, disk_mb=1000, disk_mib=954, tmpdir=<TBD>, slurm_account=park_contrib, slurm_partition=park, runtime=14400, time=5:00

Job 120 has been submitted with SLURM jobid 60627845 (log: /n/data1/hms/dbmi/park/jbrew/Tau/Tau_github/examples/inform_run/snakemake/.snakemake/slurm_logs/rule_preprocess/Patient86/60627845.log).

[Wed Feb 26 16:52:12 2025]
rule count_multiplicities:
    input: output/likelihoods/Patient1_likelihoods.tsv
    output: output/multiplicities/Patient1_multiplicities.tsv
    jobid: 26
    reason: Missing output files: output/multiplicities/Patient1_multiplicities.tsv; Input files updated by another job: output/likelihoods/Patient1_likelihoods.tsv
    wildcards: sample=Patient1
    resources: mem_mb=3000, mem_mib=2862, disk_mb=1000, disk_mib=954, tmpdir=<TBD>, slurm_account=park_contrib, slurm_partition=park, runtime=14400, time=5:00

Job 26 has been submitted with SLURM jobid 60627846 (log: /n/data1/hms/dbmi/park/jbrew/Tau/Tau_github/examples/inform_run/snakemake/.snakemake/slurm_logs/rule_count_multiplicities/Patient1/60627846.log).

[Wed Feb 26 16:52:12 2025]
rule count_multiplicities:
    input: output/likelihoods/Patient65_likelihoods.tsv
    output: output/multiplicities/Patient65_multiplicities.tsv
    jobid: 86
    reason: Missing output files: output/multiplicities/Patient65_multiplicities.tsv; Input files updated by another job: output/likelihoods/Patient65_likelihoods.tsv
    wildcards: sample=Patient65
    resources: mem_mb=3000, mem_mib=2862, disk_mb=1000, disk_mib=954, tmpdir=<TBD>, slurm_account=park_contrib, slurm_partition=park, runtime=14400, time=5:00

Job 86 has been submitted with SLURM jobid 60627847 (log: /n/data1/hms/dbmi/park/jbrew/Tau/Tau_github/examples/inform_run/snakemake/.snakemake/slurm_logs/rule_count_multiplicities/Patient65/60627847.log).

[Wed Feb 26 16:52:12 2025]
rule count_multiplicities:
    input: output/likelihoods/Patient17_likelihoods.tsv
    output: output/multiplicities/Patient17_multiplicities.tsv
    jobid: 18
    reason: Missing output files: output/multiplicities/Patient17_multiplicities.tsv; Input files updated by another job: output/likelihoods/Patient17_likelihoods.tsv
    wildcards: sample=Patient17
    resources: mem_mb=3000, mem_mib=2862, disk_mb=1000, disk_mib=954, tmpdir=<TBD>, slurm_account=park_contrib, slurm_partition=park, runtime=14400, time=5:00

Job 18 has been submitted with SLURM jobid 60627848 (log: /n/data1/hms/dbmi/park/jbrew/Tau/Tau_github/examples/inform_run/snakemake/.snakemake/slurm_logs/rule_count_multiplicities/Patient17/60627848.log).

[Wed Feb 26 16:52:12 2025]
rule count_multiplicities:
    input: output/likelihoods/Patient58_likelihoods.tsv
    output: output/multiplicities/Patient58_multiplicities.tsv
    jobid: 78
    reason: Missing output files: output/multiplicities/Patient58_multiplicities.tsv; Input files updated by another job: output/likelihoods/Patient58_likelihoods.tsv
    wildcards: sample=Patient58
    resources: mem_mb=3000, mem_mib=2862, disk_mb=1000, disk_mib=954, tmpdir=<TBD>, slurm_account=park_contrib, slurm_partition=park, runtime=14400, time=5:00

Job 78 has been submitted with SLURM jobid 60627849 (log: /n/data1/hms/dbmi/park/jbrew/Tau/Tau_github/examples/inform_run/snakemake/.snakemake/slurm_logs/rule_count_multiplicities/Patient58/60627849.log).

[Wed Feb 26 16:52:13 2025]
rule count_multiplicities:
    input: output/likelihoods/Patient94_likelihoods.tsv
    output: output/multiplicities/Patient94_multiplicities.tsv
    jobid: 130
    reason: Missing output files: output/multiplicities/Patient94_multiplicities.tsv; Input files updated by another job: output/likelihoods/Patient94_likelihoods.tsv
    wildcards: sample=Patient94
    resources: mem_mb=3000, mem_mib=2862, disk_mb=1000, disk_mib=954, tmpdir=<TBD>, slurm_account=park_contrib, slurm_partition=park, runtime=14400, time=5:00

Job 130 has been submitted with SLURM jobid 60627850 (log: /n/data1/hms/dbmi/park/jbrew/Tau/Tau_github/examples/inform_run/snakemake/.snakemake/slurm_logs/rule_count_multiplicities/Patient94/60627850.log).

[Wed Feb 26 16:52:13 2025]
rule count_multiplicities:
    input: output/likelihoods/Patient113_likelihoods.tsv
    output: output/multiplicities/Patient113_multiplicities.tsv
    jobid: 10
    reason: Missing output files: output/multiplicities/Patient113_multiplicities.tsv; Input files updated by another job: output/likelihoods/Patient113_likelihoods.tsv
    wildcards: sample=Patient113
    resources: mem_mb=3000, mem_mib=2862, disk_mb=1000, disk_mib=954, tmpdir=<TBD>, slurm_account=park_contrib, slurm_partition=park, runtime=14400, time=5:00

Job 10 has been submitted with SLURM jobid 60627851 (log: /n/data1/hms/dbmi/park/jbrew/Tau/Tau_github/examples/inform_run/snakemake/.snakemake/slurm_logs/rule_count_multiplicities/Patient113/60627851.log).

[Wed Feb 26 16:52:13 2025]
rule count_multiplicities:
    input: output/likelihoods/Patient55_likelihoods.tsv
    output: output/multiplicities/Patient55_multiplicities.tsv
    jobid: 70
    reason: Missing output files: output/multiplicities/Patient55_multiplicities.tsv; Input files updated by another job: output/likelihoods/Patient55_likelihoods.tsv
    wildcards: sample=Patient55
    resources: mem_mb=3000, mem_mib=2862, disk_mb=1000, disk_mib=954, tmpdir=<TBD>, slurm_account=park_contrib, slurm_partition=park, runtime=14400, time=5:00

Job 70 has been submitted with SLURM jobid 60627852 (log: /n/data1/hms/dbmi/park/jbrew/Tau/Tau_github/examples/inform_run/snakemake/.snakemake/slurm_logs/rule_count_multiplicities/Patient55/60627852.log).

[Wed Feb 26 16:52:13 2025]
rule count_multiplicities:
    input: output/likelihoods/Patient87_likelihoods.tsv
    output: output/multiplicities/Patient87_multiplicities.tsv
    jobid: 122
    reason: Missing output files: output/multiplicities/Patient87_multiplicities.tsv; Input files updated by another job: output/likelihoods/Patient87_likelihoods.tsv
    wildcards: sample=Patient87
    resources: mem_mb=3000, mem_mib=2862, disk_mb=1000, disk_mib=954, tmpdir=<TBD>, slurm_account=park_contrib, slurm_partition=park, runtime=14400, time=5:00

Job 122 has been submitted with SLURM jobid 60627853 (log: /n/data1/hms/dbmi/park/jbrew/Tau/Tau_github/examples/inform_run/snakemake/.snakemake/slurm_logs/rule_count_multiplicities/Patient87/60627853.log).

[Wed Feb 26 16:52:13 2025]
rule count_multiplicities:
    input: output/likelihoods/Patient47_likelihoods.tsv
    output: output/multiplicities/Patient47_multiplicities.tsv
    jobid: 62
    reason: Missing output files: output/multiplicities/Patient47_multiplicities.tsv; Input files updated by another job: output/likelihoods/Patient47_likelihoods.tsv
    wildcards: sample=Patient47
    resources: mem_mb=3000, mem_mib=2862, disk_mb=1000, disk_mib=954, tmpdir=<TBD>, slurm_account=park_contrib, slurm_partition=park, runtime=14400, time=5:00

Job 62 has been submitted with SLURM jobid 60627854 (log: /n/data1/hms/dbmi/park/jbrew/Tau/Tau_github/examples/inform_run/snakemake/.snakemake/slurm_logs/rule_count_multiplicities/Patient47/60627854.log).

[Wed Feb 26 16:52:14 2025]
rule count_multiplicities:
    input: output/likelihoods/Patient43_likelihoods.tsv
    output: output/multiplicities/Patient43_multiplicities.tsv
    jobid: 54
    reason: Missing output files: output/multiplicities/Patient43_multiplicities.tsv
    wildcards: sample=Patient43
    resources: mem_mb=4000, mem_mib=3815, disk_mb=1000, disk_mib=954, tmpdir=<TBD>, slurm_account=park_contrib, slurm_partition=park, runtime=14400, time=5:00

Job 54 has been submitted with SLURM jobid 60627855 (log: /n/data1/hms/dbmi/park/jbrew/Tau/Tau_github/examples/inform_run/snakemake/.snakemake/slurm_logs/rule_count_multiplicities/Patient43/60627855.log).

[Wed Feb 26 16:52:14 2025]
rule count_multiplicities:
    input: output/likelihoods/Patient82_likelihoods.tsv
    output: output/multiplicities/Patient82_multiplicities.tsv
    jobid: 114
    reason: Missing output files: output/multiplicities/Patient82_multiplicities.tsv
    wildcards: sample=Patient82
    resources: mem_mb=4000, mem_mib=3815, disk_mb=1000, disk_mib=954, tmpdir=<TBD>, slurm_account=park_contrib, slurm_partition=park, runtime=14400, time=5:00

Job 114 has been submitted with SLURM jobid 60627856 (log: /n/data1/hms/dbmi/park/jbrew/Tau/Tau_github/examples/inform_run/snakemake/.snakemake/slurm_logs/rule_count_multiplicities/Patient82/60627856.log).

[Wed Feb 26 16:52:14 2025]
rule count_multiplicities:
    input: output/likelihoods/Patient34_likelihoods.tsv
    output: output/multiplicities/Patient34_multiplicities.tsv
    jobid: 46
    reason: Missing output files: output/multiplicities/Patient34_multiplicities.tsv
    wildcards: sample=Patient34
    resources: mem_mb=4000, mem_mib=3815, disk_mb=1000, disk_mib=954, tmpdir=<TBD>, slurm_account=park_contrib, slurm_partition=park, runtime=14400, time=5:00

Job 46 has been submitted with SLURM jobid 60627857 (log: /n/data1/hms/dbmi/park/jbrew/Tau/Tau_github/examples/inform_run/snakemake/.snakemake/slurm_logs/rule_count_multiplicities/Patient34/60627857.log).

[Wed Feb 26 16:52:14 2025]
rule count_multiplicities:
    input: output/likelihoods/Patient80_likelihoods.tsv
    output: output/multiplicities/Patient80_multiplicities.tsv
    jobid: 106
    reason: Missing output files: output/multiplicities/Patient80_multiplicities.tsv; Input files updated by another job: output/likelihoods/Patient80_likelihoods.tsv
    wildcards: sample=Patient80
    resources: mem_mb=3000, mem_mib=2862, disk_mb=1000, disk_mib=954, tmpdir=<TBD>, slurm_account=park_contrib, slurm_partition=park, runtime=14400, time=5:00

Job 106 has been submitted with SLURM jobid 60627858 (log: /n/data1/hms/dbmi/park/jbrew/Tau/Tau_github/examples/inform_run/snakemake/.snakemake/slurm_logs/rule_count_multiplicities/Patient80/60627858.log).

[Wed Feb 26 16:52:15 2025]
rule count_multiplicities:
    input: output/likelihoods/Patient26_likelihoods.tsv
    output: output/multiplicities/Patient26_multiplicities.tsv
    jobid: 38
    reason: Missing output files: output/multiplicities/Patient26_multiplicities.tsv; Input files updated by another job: output/likelihoods/Patient26_likelihoods.tsv
    wildcards: sample=Patient26
    resources: mem_mb=3000, mem_mib=2862, disk_mb=1000, disk_mib=954, tmpdir=<TBD>, slurm_account=park_contrib, slurm_partition=park, runtime=14400, time=5:00

Job 38 has been submitted with SLURM jobid 60627859 (log: /n/data1/hms/dbmi/park/jbrew/Tau/Tau_github/examples/inform_run/snakemake/.snakemake/slurm_logs/rule_count_multiplicities/Patient26/60627859.log).

[Wed Feb 26 16:52:15 2025]
rule count_multiplicities:
    input: output/likelihoods/Patient20_likelihoods.tsv
    output: output/multiplicities/Patient20_multiplicities.tsv
    jobid: 30
    reason: Missing output files: output/multiplicities/Patient20_multiplicities.tsv; Input files updated by another job: output/likelihoods/Patient20_likelihoods.tsv
    wildcards: sample=Patient20
    resources: mem_mb=3000, mem_mib=2862, disk_mb=1000, disk_mib=954, tmpdir=<TBD>, slurm_account=park_contrib, slurm_partition=park, runtime=14400, time=5:00

Job 30 has been submitted with SLURM jobid 60627860 (log: /n/data1/hms/dbmi/park/jbrew/Tau/Tau_github/examples/inform_run/snakemake/.snakemake/slurm_logs/rule_count_multiplicities/Patient20/60627860.log).

[Wed Feb 26 16:52:15 2025]
rule count_multiplicities:
    input: output/likelihoods/Patient68_likelihoods.tsv
    output: output/multiplicities/Patient68_multiplicities.tsv
    jobid: 90
    reason: Missing output files: output/multiplicities/Patient68_multiplicities.tsv; Input files updated by another job: output/likelihoods/Patient68_likelihoods.tsv
    wildcards: sample=Patient68
    resources: mem_mb=3000, mem_mib=2862, disk_mb=1000, disk_mib=954, tmpdir=<TBD>, slurm_account=park_contrib, slurm_partition=park, runtime=14400, time=5:00

Job 90 has been submitted with SLURM jobid 60627861 (log: /n/data1/hms/dbmi/park/jbrew/Tau/Tau_github/examples/inform_run/snakemake/.snakemake/slurm_logs/rule_count_multiplicities/Patient68/60627861.log).

[Wed Feb 26 16:52:16 2025]
rule count_multiplicities:
    input: output/likelihoods/Patient64_likelihoods.tsv
    output: output/multiplicities/Patient64_multiplicities.tsv
    jobid: 82
    reason: Missing output files: output/multiplicities/Patient64_multiplicities.tsv; Input files updated by another job: output/likelihoods/Patient64_likelihoods.tsv
    wildcards: sample=Patient64
    resources: mem_mb=3000, mem_mib=2862, disk_mb=1000, disk_mib=954, tmpdir=<TBD>, slurm_account=park_contrib, slurm_partition=park, runtime=14400, time=5:00

Job 82 has been submitted with SLURM jobid 60627862 (log: /n/data1/hms/dbmi/park/jbrew/Tau/Tau_github/examples/inform_run/snakemake/.snakemake/slurm_logs/rule_count_multiplicities/Patient64/60627862.log).

[Wed Feb 26 16:52:16 2025]
rule count_multiplicities:
    input: output/likelihoods/Patient18_likelihoods.tsv
    output: output/multiplicities/Patient18_multiplicities.tsv
    jobid: 22
    reason: Missing output files: output/multiplicities/Patient18_multiplicities.tsv; Input files updated by another job: output/likelihoods/Patient18_likelihoods.tsv
    wildcards: sample=Patient18
    resources: mem_mb=3000, mem_mib=2862, disk_mb=1000, disk_mib=954, tmpdir=<TBD>, slurm_account=park_contrib, slurm_partition=park, runtime=14400, time=5:00

Job 22 has been submitted with SLURM jobid 60627863 (log: /n/data1/hms/dbmi/park/jbrew/Tau/Tau_github/examples/inform_run/snakemake/.snakemake/slurm_logs/rule_count_multiplicities/Patient18/60627863.log).
[Wed Feb 26 16:52:52 2025]
Error in rule count_multiplicities:
    message: SLURM-job '60627831' failed, SLURM status is: 'FAILED'. For further error details see the cluster/cloud log and the log files of the involved rule(s).
    jobid: 74
    input: output/likelihoods/Patient57_likelihoods.tsv
    output: output/multiplicities/Patient57_multiplicities.tsv
    log: /n/data1/hms/dbmi/park/jbrew/Tau/Tau_github/examples/inform_run/snakemake/.snakemake/slurm_logs/rule_count_multiplicities/Patient57/60627831.log (check log file(s) for error details)
    shell:
        
        python scripts/count_multiplicities.py             --likelihood_file output/likelihoods/Patient57_likelihoods.tsv             --output output/multiplicities/Patient57_multiplicities.tsv
        
        (one of the commands exited with non-zero exit code; note that snakemake uses bash strict mode!)
    external_jobid: 60627831

[Wed Feb 26 16:52:52 2025]
Error in rule count_multiplicities:
    message: SLURM-job '60627832' failed, SLURM status is: 'FAILED'. For further error details see the cluster/cloud log and the log files of the involved rule(s).
    jobid: 66
    input: output/likelihoods/Patient50_likelihoods.tsv
    output: output/multiplicities/Patient50_multiplicities.tsv
    log: /n/data1/hms/dbmi/park/jbrew/Tau/Tau_github/examples/inform_run/snakemake/.snakemake/slurm_logs/rule_count_multiplicities/Patient50/60627832.log (check log file(s) for error details)
    shell:
        
        python scripts/count_multiplicities.py             --likelihood_file output/likelihoods/Patient50_likelihoods.tsv             --output output/multiplicities/Patient50_multiplicities.tsv
        
        (one of the commands exited with non-zero exit code; note that snakemake uses bash strict mode!)
    external_jobid: 60627832

[Wed Feb 26 16:52:52 2025]
Error in rule preprocess:
    message: SLURM-job '60627833' failed, SLURM status is: 'FAILED'. For further error details see the cluster/cloud log and the log files of the involved rule(s).
    jobid: 100
    input: /n/data1/hms/dbmi/park/jbrew/Tau/Tau_github/examples/inform_run/inform_data/INFORM_snv/Patient77.vcf, /n/data1/hms/dbmi/park/jbrew/Tau/Tau_github/examples/inform_run/inform_data/INFORM_cn/Patient77.tsv, ../inform_data/purity_ploidy_inform.txt
    output: output/preprocessed/Patient77_preprocessed.tsv
    log: /n/data1/hms/dbmi/park/jbrew/Tau/Tau_github/examples/inform_run/snakemake/.snakemake/slurm_logs/rule_preprocess/Patient77/60627833.log (check log file(s) for error details)
    shell:
        
        python scripts/preprocess.py             --sample Patient77             --snv /n/data1/hms/dbmi/park/jbrew/Tau/Tau_github/examples/inform_run/inform_data/INFORM_snv/Patient77.vcf             --cnv /n/data1/hms/dbmi/park/jbrew/Tau/Tau_github/examples/inform_run/inform_data/INFORM_cn/Patient77.tsv             --purity ../inform_data/purity_ploidy_inform.txt             --output output/preprocessed/Patient77_preprocessed.tsv
        
        (one of the commands exited with non-zero exit code; note that snakemake uses bash strict mode!)
    external_jobid: 60627833

[Wed Feb 26 16:52:52 2025]
Error in rule count_multiplicities:
    message: SLURM-job '60627834' failed, SLURM status is: 'FAILED'. For further error details see the cluster/cloud log and the log files of the involved rule(s).
    jobid: 6
    input: output/likelihoods/Patient109_likelihoods.tsv
    output: output/multiplicities/Patient109_multiplicities.tsv
    log: /n/data1/hms/dbmi/park/jbrew/Tau/Tau_github/examples/inform_run/snakemake/.snakemake/slurm_logs/rule_count_multiplicities/Patient109/60627834.log (check log file(s) for error details)
    shell:
        
        python scripts/count_multiplicities.py             --likelihood_file output/likelihoods/Patient109_likelihoods.tsv             --output output/multiplicities/Patient109_multiplicities.tsv
        
        (one of the commands exited with non-zero exit code; note that snakemake uses bash strict mode!)
    external_jobid: 60627834

[Wed Feb 26 16:52:52 2025]
Error in rule count_multiplicities:
    message: SLURM-job '60627835' failed, SLURM status is: 'FAILED'. For further error details see the cluster/cloud log and the log files of the involved rule(s).
    jobid: 126
    input: output/likelihoods/Patient90_likelihoods.tsv
    output: output/multiplicities/Patient90_multiplicities.tsv
    log: /n/data1/hms/dbmi/park/jbrew/Tau/Tau_github/examples/inform_run/snakemake/.snakemake/slurm_logs/rule_count_multiplicities/Patient90/60627835.log (check log file(s) for error details)
    shell:
        
        python scripts/count_multiplicities.py             --likelihood_file output/likelihoods/Patient90_likelihoods.tsv             --output output/multiplicities/Patient90_multiplicities.tsv
        
        (one of the commands exited with non-zero exit code; note that snakemake uses bash strict mode!)
    external_jobid: 60627835

[Wed Feb 26 16:52:52 2025]
Error in rule count_multiplicities:
    message: SLURM-job '60627836' failed, SLURM status is: 'FAILED'. For further error details see the cluster/cloud log and the log files of the involved rule(s).
    jobid: 58
    input: output/likelihoods/Patient44_likelihoods.tsv
    output: output/multiplicities/Patient44_multiplicities.tsv
    log: /n/data1/hms/dbmi/park/jbrew/Tau/Tau_github/examples/inform_run/snakemake/.snakemake/slurm_logs/rule_count_multiplicities/Patient44/60627836.log (check log file(s) for error details)
    shell:
        
        python scripts/count_multiplicities.py             --likelihood_file output/likelihoods/Patient44_likelihoods.tsv             --output output/multiplicities/Patient44_multiplicities.tsv
        
        (one of the commands exited with non-zero exit code; note that snakemake uses bash strict mode!)
    external_jobid: 60627836

Trying to restart job 74.
Trying to restart job 66.
Trying to restart job 6.
Trying to restart job 126.
Trying to restart job 58.
[Wed Feb 26 16:54:02 2025]
Error in rule count_multiplicities:
    message: SLURM-job '60627837' failed, SLURM status is: 'FAILED'. For further error details see the cluster/cloud log and the log files of the involved rule(s).
    jobid: 110
    input: output/likelihoods/Patient81_likelihoods.tsv
    output: output/multiplicities/Patient81_multiplicities.tsv
    log: /n/data1/hms/dbmi/park/jbrew/Tau/Tau_github/examples/inform_run/snakemake/.snakemake/slurm_logs/rule_count_multiplicities/Patient81/60627837.log (check log file(s) for error details)
    shell:
        
        python scripts/count_multiplicities.py             --likelihood_file output/likelihoods/Patient81_likelihoods.tsv             --output output/multiplicities/Patient81_multiplicities.tsv
        
        (one of the commands exited with non-zero exit code; note that snakemake uses bash strict mode!)
    external_jobid: 60627837

[Wed Feb 26 16:54:02 2025]
Error in rule count_multiplicities:
    message: SLURM-job '60627838' failed, SLURM status is: 'FAILED'. For further error details see the cluster/cloud log and the log files of the involved rule(s).
    jobid: 50
    input: output/likelihoods/Patient37_likelihoods.tsv
    output: output/multiplicities/Patient37_multiplicities.tsv
    log: /n/data1/hms/dbmi/park/jbrew/Tau/Tau_github/examples/inform_run/snakemake/.snakemake/slurm_logs/rule_count_multiplicities/Patient37/60627838.log (check log file(s) for error details)
    shell:
        
        python scripts/count_multiplicities.py             --likelihood_file output/likelihoods/Patient37_likelihoods.tsv             --output output/multiplicities/Patient37_multiplicities.tsv
        
        (one of the commands exited with non-zero exit code; note that snakemake uses bash strict mode!)
    external_jobid: 60627838

[Wed Feb 26 16:54:02 2025]
Error in rule count_multiplicities:
    message: SLURM-job '60627839' failed, SLURM status is: 'FAILED'. For further error details see the cluster/cloud log and the log files of the involved rule(s).
    jobid: 102
    input: output/likelihoods/Patient7_likelihoods.tsv
    output: output/multiplicities/Patient7_multiplicities.tsv
    log: /n/data1/hms/dbmi/park/jbrew/Tau/Tau_github/examples/inform_run/snakemake/.snakemake/slurm_logs/rule_count_multiplicities/Patient7/60627839.log (check log file(s) for error details)
    shell:
        
        python scripts/count_multiplicities.py             --likelihood_file output/likelihoods/Patient7_likelihoods.tsv             --output output/multiplicities/Patient7_multiplicities.tsv
        
        (one of the commands exited with non-zero exit code; note that snakemake uses bash strict mode!)
    external_jobid: 60627839

[Wed Feb 26 16:54:02 2025]
Error in rule preprocess:
    message: SLURM-job '60627840' failed, SLURM status is: 'FAILED'. For further error details see the cluster/cloud log and the log files of the involved rule(s).
    jobid: 16
    input: /n/data1/hms/dbmi/park/jbrew/Tau/Tau_github/examples/inform_run/inform_data/INFORM_snv/Patient15.vcf, /n/data1/hms/dbmi/park/jbrew/Tau/Tau_github/examples/inform_run/inform_data/INFORM_cn/Patient15.tsv, ../inform_data/purity_ploidy_inform.txt
    output: output/preprocessed/Patient15_preprocessed.tsv
    log: /n/data1/hms/dbmi/park/jbrew/Tau/Tau_github/examples/inform_run/snakemake/.snakemake/slurm_logs/rule_preprocess/Patient15/60627840.log (check log file(s) for error details)
    shell:
        
        python scripts/preprocess.py             --sample Patient15             --snv /n/data1/hms/dbmi/park/jbrew/Tau/Tau_github/examples/inform_run/inform_data/INFORM_snv/Patient15.vcf             --cnv /n/data1/hms/dbmi/park/jbrew/Tau/Tau_github/examples/inform_run/inform_data/INFORM_cn/Patient15.tsv             --purity ../inform_data/purity_ploidy_inform.txt             --output output/preprocessed/Patient15_preprocessed.tsv
        
        (one of the commands exited with non-zero exit code; note that snakemake uses bash strict mode!)
    external_jobid: 60627840

[Wed Feb 26 16:54:02 2025]
Error in rule count_multiplicities:
    message: SLURM-job '60627841' failed, SLURM status is: 'FAILED'. For further error details see the cluster/cloud log and the log files of the involved rule(s).
    jobid: 42
    input: output/likelihoods/Patient33_likelihoods.tsv
    output: output/multiplicities/Patient33_multiplicities.tsv
    log: /n/data1/hms/dbmi/park/jbrew/Tau/Tau_github/examples/inform_run/snakemake/.snakemake/slurm_logs/rule_count_multiplicities/Patient33/60627841.log (check log file(s) for error details)
    shell:
        
        python scripts/count_multiplicities.py             --likelihood_file output/likelihoods/Patient33_likelihoods.tsv             --output output/multiplicities/Patient33_multiplicities.tsv
        
        (one of the commands exited with non-zero exit code; note that snakemake uses bash strict mode!)
    external_jobid: 60627841

[Wed Feb 26 16:54:02 2025]
Error in rule count_multiplicities:
    message: SLURM-job '60627842' failed, SLURM status is: 'FAILED'. For further error details see the cluster/cloud log and the log files of the involved rule(s).
    jobid: 2
    input: output/likelihoods/Patient101_likelihoods.tsv
    output: output/multiplicities/Patient101_multiplicities.tsv
    log: /n/data1/hms/dbmi/park/jbrew/Tau/Tau_github/examples/inform_run/snakemake/.snakemake/slurm_logs/rule_count_multiplicities/Patient101/60627842.log (check log file(s) for error details)
    shell:
        
        python scripts/count_multiplicities.py             --likelihood_file output/likelihoods/Patient101_likelihoods.tsv             --output output/multiplicities/Patient101_multiplicities.tsv
        
        (one of the commands exited with non-zero exit code; note that snakemake uses bash strict mode!)
    external_jobid: 60627842

[Wed Feb 26 16:54:02 2025]
Error in rule count_multiplicities:
    message: SLURM-job '60627843' failed, SLURM status is: 'FAILED'. For further error details see the cluster/cloud log and the log files of the involved rule(s).
    jobid: 94
    input: output/likelihoods/Patient76_likelihoods.tsv
    output: output/multiplicities/Patient76_multiplicities.tsv
    log: /n/data1/hms/dbmi/park/jbrew/Tau/Tau_github/examples/inform_run/snakemake/.snakemake/slurm_logs/rule_count_multiplicities/Patient76/60627843.log (check log file(s) for error details)
    shell:
        
        python scripts/count_multiplicities.py             --likelihood_file output/likelihoods/Patient76_likelihoods.tsv             --output output/multiplicities/Patient76_multiplicities.tsv
        
        (one of the commands exited with non-zero exit code; note that snakemake uses bash strict mode!)
    external_jobid: 60627843

[Wed Feb 26 16:54:02 2025]
Error in rule count_multiplicities:
    message: SLURM-job '60627844' failed, SLURM status is: 'FAILED'. For further error details see the cluster/cloud log and the log files of the involved rule(s).
    jobid: 34
    input: output/likelihoods/Patient25_likelihoods.tsv
    output: output/multiplicities/Patient25_multiplicities.tsv
    log: /n/data1/hms/dbmi/park/jbrew/Tau/Tau_github/examples/inform_run/snakemake/.snakemake/slurm_logs/rule_count_multiplicities/Patient25/60627844.log (check log file(s) for error details)
    shell:
        
        python scripts/count_multiplicities.py             --likelihood_file output/likelihoods/Patient25_likelihoods.tsv             --output output/multiplicities/Patient25_multiplicities.tsv
        
        (one of the commands exited with non-zero exit code; note that snakemake uses bash strict mode!)
    external_jobid: 60627844

[Wed Feb 26 16:54:02 2025]
Error in rule preprocess:
    message: SLURM-job '60627845' failed, SLURM status is: 'FAILED'. For further error details see the cluster/cloud log and the log files of the involved rule(s).
    jobid: 120
    input: /n/data1/hms/dbmi/park/jbrew/Tau/Tau_github/examples/inform_run/inform_data/INFORM_snv/Patient86.vcf, /n/data1/hms/dbmi/park/jbrew/Tau/Tau_github/examples/inform_run/inform_data/INFORM_cn/Patient86.tsv, ../inform_data/purity_ploidy_inform.txt
    output: output/preprocessed/Patient86_preprocessed.tsv
    log: /n/data1/hms/dbmi/park/jbrew/Tau/Tau_github/examples/inform_run/snakemake/.snakemake/slurm_logs/rule_preprocess/Patient86/60627845.log (check log file(s) for error details)
    shell:
        
        python scripts/preprocess.py             --sample Patient86             --snv /n/data1/hms/dbmi/park/jbrew/Tau/Tau_github/examples/inform_run/inform_data/INFORM_snv/Patient86.vcf             --cnv /n/data1/hms/dbmi/park/jbrew/Tau/Tau_github/examples/inform_run/inform_data/INFORM_cn/Patient86.tsv             --purity ../inform_data/purity_ploidy_inform.txt             --output output/preprocessed/Patient86_preprocessed.tsv
        
        (one of the commands exited with non-zero exit code; note that snakemake uses bash strict mode!)
    external_jobid: 60627845

[Wed Feb 26 16:54:02 2025]
Error in rule count_multiplicities:
    message: SLURM-job '60627846' failed, SLURM status is: 'FAILED'. For further error details see the cluster/cloud log and the log files of the involved rule(s).
    jobid: 26
    input: output/likelihoods/Patient1_likelihoods.tsv
    output: output/multiplicities/Patient1_multiplicities.tsv
    log: /n/data1/hms/dbmi/park/jbrew/Tau/Tau_github/examples/inform_run/snakemake/.snakemake/slurm_logs/rule_count_multiplicities/Patient1/60627846.log (check log file(s) for error details)
    shell:
        
        python scripts/count_multiplicities.py             --likelihood_file output/likelihoods/Patient1_likelihoods.tsv             --output output/multiplicities/Patient1_multiplicities.tsv
        
        (one of the commands exited with non-zero exit code; note that snakemake uses bash strict mode!)
    external_jobid: 60627846

[Wed Feb 26 16:54:02 2025]
Error in rule count_multiplicities:
    message: SLURM-job '60627847' failed, SLURM status is: 'FAILED'. For further error details see the cluster/cloud log and the log files of the involved rule(s).
    jobid: 86
    input: output/likelihoods/Patient65_likelihoods.tsv
    output: output/multiplicities/Patient65_multiplicities.tsv
    log: /n/data1/hms/dbmi/park/jbrew/Tau/Tau_github/examples/inform_run/snakemake/.snakemake/slurm_logs/rule_count_multiplicities/Patient65/60627847.log (check log file(s) for error details)
    shell:
        
        python scripts/count_multiplicities.py             --likelihood_file output/likelihoods/Patient65_likelihoods.tsv             --output output/multiplicities/Patient65_multiplicities.tsv
        
        (one of the commands exited with non-zero exit code; note that snakemake uses bash strict mode!)
    external_jobid: 60627847

[Wed Feb 26 16:54:02 2025]
Error in rule count_multiplicities:
    message: SLURM-job '60627848' failed, SLURM status is: 'FAILED'. For further error details see the cluster/cloud log and the log files of the involved rule(s).
    jobid: 18
    input: output/likelihoods/Patient17_likelihoods.tsv
    output: output/multiplicities/Patient17_multiplicities.tsv
    log: /n/data1/hms/dbmi/park/jbrew/Tau/Tau_github/examples/inform_run/snakemake/.snakemake/slurm_logs/rule_count_multiplicities/Patient17/60627848.log (check log file(s) for error details)
    shell:
        
        python scripts/count_multiplicities.py             --likelihood_file output/likelihoods/Patient17_likelihoods.tsv             --output output/multiplicities/Patient17_multiplicities.tsv
        
        (one of the commands exited with non-zero exit code; note that snakemake uses bash strict mode!)
    external_jobid: 60627848

[Wed Feb 26 16:54:02 2025]
Error in rule count_multiplicities:
    message: SLURM-job '60627849' failed, SLURM status is: 'FAILED'. For further error details see the cluster/cloud log and the log files of the involved rule(s).
    jobid: 78
    input: output/likelihoods/Patient58_likelihoods.tsv
    output: output/multiplicities/Patient58_multiplicities.tsv
    log: /n/data1/hms/dbmi/park/jbrew/Tau/Tau_github/examples/inform_run/snakemake/.snakemake/slurm_logs/rule_count_multiplicities/Patient58/60627849.log (check log file(s) for error details)
    shell:
        
        python scripts/count_multiplicities.py             --likelihood_file output/likelihoods/Patient58_likelihoods.tsv             --output output/multiplicities/Patient58_multiplicities.tsv
        
        (one of the commands exited with non-zero exit code; note that snakemake uses bash strict mode!)
    external_jobid: 60627849

[Wed Feb 26 16:54:02 2025]
Error in rule count_multiplicities:
    message: SLURM-job '60627850' failed, SLURM status is: 'FAILED'. For further error details see the cluster/cloud log and the log files of the involved rule(s).
    jobid: 130
    input: output/likelihoods/Patient94_likelihoods.tsv
    output: output/multiplicities/Patient94_multiplicities.tsv
    log: /n/data1/hms/dbmi/park/jbrew/Tau/Tau_github/examples/inform_run/snakemake/.snakemake/slurm_logs/rule_count_multiplicities/Patient94/60627850.log (check log file(s) for error details)
    shell:
        
        python scripts/count_multiplicities.py             --likelihood_file output/likelihoods/Patient94_likelihoods.tsv             --output output/multiplicities/Patient94_multiplicities.tsv
        
        (one of the commands exited with non-zero exit code; note that snakemake uses bash strict mode!)
    external_jobid: 60627850

[Wed Feb 26 16:54:02 2025]
Error in rule count_multiplicities:
    message: SLURM-job '60627851' failed, SLURM status is: 'FAILED'. For further error details see the cluster/cloud log and the log files of the involved rule(s).
    jobid: 10
    input: output/likelihoods/Patient113_likelihoods.tsv
    output: output/multiplicities/Patient113_multiplicities.tsv
    log: /n/data1/hms/dbmi/park/jbrew/Tau/Tau_github/examples/inform_run/snakemake/.snakemake/slurm_logs/rule_count_multiplicities/Patient113/60627851.log (check log file(s) for error details)
    shell:
        
        python scripts/count_multiplicities.py             --likelihood_file output/likelihoods/Patient113_likelihoods.tsv             --output output/multiplicities/Patient113_multiplicities.tsv
        
        (one of the commands exited with non-zero exit code; note that snakemake uses bash strict mode!)
    external_jobid: 60627851

[Wed Feb 26 16:54:02 2025]
Error in rule count_multiplicities:
    message: SLURM-job '60627852' failed, SLURM status is: 'FAILED'. For further error details see the cluster/cloud log and the log files of the involved rule(s).
    jobid: 70
    input: output/likelihoods/Patient55_likelihoods.tsv
    output: output/multiplicities/Patient55_multiplicities.tsv
    log: /n/data1/hms/dbmi/park/jbrew/Tau/Tau_github/examples/inform_run/snakemake/.snakemake/slurm_logs/rule_count_multiplicities/Patient55/60627852.log (check log file(s) for error details)
    shell:
        
        python scripts/count_multiplicities.py             --likelihood_file output/likelihoods/Patient55_likelihoods.tsv             --output output/multiplicities/Patient55_multiplicities.tsv
        
        (one of the commands exited with non-zero exit code; note that snakemake uses bash strict mode!)
    external_jobid: 60627852

[Wed Feb 26 16:54:02 2025]
Error in rule count_multiplicities:
    message: SLURM-job '60627853' failed, SLURM status is: 'FAILED'. For further error details see the cluster/cloud log and the log files of the involved rule(s).
    jobid: 122
    input: output/likelihoods/Patient87_likelihoods.tsv
    output: output/multiplicities/Patient87_multiplicities.tsv
    log: /n/data1/hms/dbmi/park/jbrew/Tau/Tau_github/examples/inform_run/snakemake/.snakemake/slurm_logs/rule_count_multiplicities/Patient87/60627853.log (check log file(s) for error details)
    shell:
        
        python scripts/count_multiplicities.py             --likelihood_file output/likelihoods/Patient87_likelihoods.tsv             --output output/multiplicities/Patient87_multiplicities.tsv
        
        (one of the commands exited with non-zero exit code; note that snakemake uses bash strict mode!)
    external_jobid: 60627853

[Wed Feb 26 16:54:02 2025]
Error in rule count_multiplicities:
    message: SLURM-job '60627854' failed, SLURM status is: 'FAILED'. For further error details see the cluster/cloud log and the log files of the involved rule(s).
    jobid: 62
    input: output/likelihoods/Patient47_likelihoods.tsv
    output: output/multiplicities/Patient47_multiplicities.tsv
    log: /n/data1/hms/dbmi/park/jbrew/Tau/Tau_github/examples/inform_run/snakemake/.snakemake/slurm_logs/rule_count_multiplicities/Patient47/60627854.log (check log file(s) for error details)
    shell:
        
        python scripts/count_multiplicities.py             --likelihood_file output/likelihoods/Patient47_likelihoods.tsv             --output output/multiplicities/Patient47_multiplicities.tsv
        
        (one of the commands exited with non-zero exit code; note that snakemake uses bash strict mode!)
    external_jobid: 60627854

[Wed Feb 26 16:54:02 2025]
Error in rule count_multiplicities:
    message: SLURM-job '60627855' failed, SLURM status is: 'FAILED'. For further error details see the cluster/cloud log and the log files of the involved rule(s).
    jobid: 54
    input: output/likelihoods/Patient43_likelihoods.tsv
    output: output/multiplicities/Patient43_multiplicities.tsv
    log: /n/data1/hms/dbmi/park/jbrew/Tau/Tau_github/examples/inform_run/snakemake/.snakemake/slurm_logs/rule_count_multiplicities/Patient43/60627855.log (check log file(s) for error details)
    shell:
        
        python scripts/count_multiplicities.py             --likelihood_file output/likelihoods/Patient43_likelihoods.tsv             --output output/multiplicities/Patient43_multiplicities.tsv
        
        (one of the commands exited with non-zero exit code; note that snakemake uses bash strict mode!)
    external_jobid: 60627855

[Wed Feb 26 16:54:02 2025]
Error in rule count_multiplicities:
    message: SLURM-job '60627856' failed, SLURM status is: 'FAILED'. For further error details see the cluster/cloud log and the log files of the involved rule(s).
    jobid: 114
    input: output/likelihoods/Patient82_likelihoods.tsv
    output: output/multiplicities/Patient82_multiplicities.tsv
    log: /n/data1/hms/dbmi/park/jbrew/Tau/Tau_github/examples/inform_run/snakemake/.snakemake/slurm_logs/rule_count_multiplicities/Patient82/60627856.log (check log file(s) for error details)
    shell:
        
        python scripts/count_multiplicities.py             --likelihood_file output/likelihoods/Patient82_likelihoods.tsv             --output output/multiplicities/Patient82_multiplicities.tsv
        
        (one of the commands exited with non-zero exit code; note that snakemake uses bash strict mode!)
    external_jobid: 60627856

[Wed Feb 26 16:54:02 2025]
Error in rule count_multiplicities:
    message: SLURM-job '60627857' failed, SLURM status is: 'FAILED'. For further error details see the cluster/cloud log and the log files of the involved rule(s).
    jobid: 46
    input: output/likelihoods/Patient34_likelihoods.tsv
    output: output/multiplicities/Patient34_multiplicities.tsv
    log: /n/data1/hms/dbmi/park/jbrew/Tau/Tau_github/examples/inform_run/snakemake/.snakemake/slurm_logs/rule_count_multiplicities/Patient34/60627857.log (check log file(s) for error details)
    shell:
        
        python scripts/count_multiplicities.py             --likelihood_file output/likelihoods/Patient34_likelihoods.tsv             --output output/multiplicities/Patient34_multiplicities.tsv
        
        (one of the commands exited with non-zero exit code; note that snakemake uses bash strict mode!)
    external_jobid: 60627857

[Wed Feb 26 16:54:02 2025]
Error in rule count_multiplicities:
    message: SLURM-job '60627858' failed, SLURM status is: 'FAILED'. For further error details see the cluster/cloud log and the log files of the involved rule(s).
    jobid: 106
    input: output/likelihoods/Patient80_likelihoods.tsv
    output: output/multiplicities/Patient80_multiplicities.tsv
    log: /n/data1/hms/dbmi/park/jbrew/Tau/Tau_github/examples/inform_run/snakemake/.snakemake/slurm_logs/rule_count_multiplicities/Patient80/60627858.log (check log file(s) for error details)
    shell:
        
        python scripts/count_multiplicities.py             --likelihood_file output/likelihoods/Patient80_likelihoods.tsv             --output output/multiplicities/Patient80_multiplicities.tsv
        
        (one of the commands exited with non-zero exit code; note that snakemake uses bash strict mode!)
    external_jobid: 60627858

[Wed Feb 26 16:54:02 2025]
Error in rule count_multiplicities:
    message: SLURM-job '60627859' failed, SLURM status is: 'FAILED'. For further error details see the cluster/cloud log and the log files of the involved rule(s).
    jobid: 38
    input: output/likelihoods/Patient26_likelihoods.tsv
    output: output/multiplicities/Patient26_multiplicities.tsv
    log: /n/data1/hms/dbmi/park/jbrew/Tau/Tau_github/examples/inform_run/snakemake/.snakemake/slurm_logs/rule_count_multiplicities/Patient26/60627859.log (check log file(s) for error details)
    shell:
        
        python scripts/count_multiplicities.py             --likelihood_file output/likelihoods/Patient26_likelihoods.tsv             --output output/multiplicities/Patient26_multiplicities.tsv
        
        (one of the commands exited with non-zero exit code; note that snakemake uses bash strict mode!)
    external_jobid: 60627859

[Wed Feb 26 16:54:02 2025]
Error in rule count_multiplicities:
    message: SLURM-job '60627860' failed, SLURM status is: 'FAILED'. For further error details see the cluster/cloud log and the log files of the involved rule(s).
    jobid: 30
    input: output/likelihoods/Patient20_likelihoods.tsv
    output: output/multiplicities/Patient20_multiplicities.tsv
    log: /n/data1/hms/dbmi/park/jbrew/Tau/Tau_github/examples/inform_run/snakemake/.snakemake/slurm_logs/rule_count_multiplicities/Patient20/60627860.log (check log file(s) for error details)
    shell:
        
        python scripts/count_multiplicities.py             --likelihood_file output/likelihoods/Patient20_likelihoods.tsv             --output output/multiplicities/Patient20_multiplicities.tsv
        
        (one of the commands exited with non-zero exit code; note that snakemake uses bash strict mode!)
    external_jobid: 60627860

[Wed Feb 26 16:54:02 2025]
Error in rule count_multiplicities:
    message: SLURM-job '60627861' failed, SLURM status is: 'FAILED'. For further error details see the cluster/cloud log and the log files of the involved rule(s).
    jobid: 90
    input: output/likelihoods/Patient68_likelihoods.tsv
    output: output/multiplicities/Patient68_multiplicities.tsv
    log: /n/data1/hms/dbmi/park/jbrew/Tau/Tau_github/examples/inform_run/snakemake/.snakemake/slurm_logs/rule_count_multiplicities/Patient68/60627861.log (check log file(s) for error details)
    shell:
        
        python scripts/count_multiplicities.py             --likelihood_file output/likelihoods/Patient68_likelihoods.tsv             --output output/multiplicities/Patient68_multiplicities.tsv
        
        (one of the commands exited with non-zero exit code; note that snakemake uses bash strict mode!)
    external_jobid: 60627861

[Wed Feb 26 16:54:02 2025]
Error in rule count_multiplicities:
    message: SLURM-job '60627862' failed, SLURM status is: 'FAILED'. For further error details see the cluster/cloud log and the log files of the involved rule(s).
    jobid: 82
    input: output/likelihoods/Patient64_likelihoods.tsv
    output: output/multiplicities/Patient64_multiplicities.tsv
    log: /n/data1/hms/dbmi/park/jbrew/Tau/Tau_github/examples/inform_run/snakemake/.snakemake/slurm_logs/rule_count_multiplicities/Patient64/60627862.log (check log file(s) for error details)
    shell:
        
        python scripts/count_multiplicities.py             --likelihood_file output/likelihoods/Patient64_likelihoods.tsv             --output output/multiplicities/Patient64_multiplicities.tsv
        
        (one of the commands exited with non-zero exit code; note that snakemake uses bash strict mode!)
    external_jobid: 60627862

[Wed Feb 26 16:54:02 2025]
Error in rule count_multiplicities:
    message: SLURM-job '60627863' failed, SLURM status is: 'FAILED'. For further error details see the cluster/cloud log and the log files of the involved rule(s).
    jobid: 22
    input: output/likelihoods/Patient18_likelihoods.tsv
    output: output/multiplicities/Patient18_multiplicities.tsv
    log: /n/data1/hms/dbmi/park/jbrew/Tau/Tau_github/examples/inform_run/snakemake/.snakemake/slurm_logs/rule_count_multiplicities/Patient18/60627863.log (check log file(s) for error details)
    shell:
        
        python scripts/count_multiplicities.py             --likelihood_file output/likelihoods/Patient18_likelihoods.tsv             --output output/multiplicities/Patient18_multiplicities.tsv
        
        (one of the commands exited with non-zero exit code; note that snakemake uses bash strict mode!)
    external_jobid: 60627863

Trying to restart job 110.
Trying to restart job 50.
Trying to restart job 102.
Trying to restart job 42.
Trying to restart job 2.
Trying to restart job 94.
Trying to restart job 34.
Trying to restart job 26.
Trying to restart job 86.
Trying to restart job 18.
Trying to restart job 78.
Trying to restart job 130.
Trying to restart job 10.
Trying to restart job 70.
Trying to restart job 122.
Trying to restart job 62.
Trying to restart job 106.
Trying to restart job 38.
Trying to restart job 30.
Trying to restart job 90.
Trying to restart job 82.
Trying to restart job 22.
Shutting down, this might take some time.
Exiting because a job execution failed. Look above for error message
Complete log: .snakemake/log/2025-02-26T164750.575079.snakemake.log
WorkflowError:
At least one job did not complete successfully.
Cleaning up log files older than 10 day(s)
