chromosome	start	end	copyNumber	bafCount	observedBAF	baf	segmentStartSupport	segmentEndSupport	method	depthWindowCount	gcContent	minStart	maxStart	minor_cn	major_cn
chr1	1	1932000	2.2116	366	0.736	0.9942	TELOMERE	NONE	BAF_WEIGHTED	392	0.5618	1	1	0	2
chr1	1932001	2183000	1.7498	186	0.7321	1.0434	NONE	NONE	BAF_WEIGHTED	172	0.5612	1932001	1932001	0	2
chr1	2183001	2616000	2.4941	266	0.7234	0.9337	NONE	NONE	BAF_WEIGHTED	168	0.6007	2183001	2183001	0	2
chr1	2616001	3128262	1.4899	249	0.725	1.0796	NONE	DEL	BAF_WEIGHTED	234	0.5635	2616001	2616001	0	1
chr1	3128263	3128298	0.505	0	0	1	DEL	DEL	STRUCTURAL_VARIANT	0	0	3128263	3128263	0	1
chr1	3128299	3447000	1.5754	247	0.7097	1.0222	DEL	NONE	BAF_WEIGHTED	226	0.5701	3128299	3128299	0	2
chr1	3447001	3940000	2.0558	246	0.7368	1.0072	NONE	NONE	BAF_WEIGHTED	283	0.5659	3447001	3447001	0	2
chr1	3940001	6186500	1.5994	1874	0.7182	1.0432	NONE	NONE	BAF_WEIGHTED	2095	0.4843	3940001	3940001	0	2
chr1	6186501	6922000	2.1654	333	0.725	0.969	NONE	NONE	BAF_WEIGHTED	615	0.5046	6186001	6187001	0	2
chr1	6922001	7928000	1.7583	753	0.7222	1.0189	NONE	NONE	BAF_WEIGHTED	951	0.481	6922001	6922001	0	2
chr1	7928001	8372000	2.293	289	0.7222	0.9497	NONE	NONE	BAF_WEIGHTED	430	0.4653	7928001	7928001	0	2
chr1	8372001	8766000	2.7418	240	0.7211	0.9104	NONE	NONE	BAF_WEIGHTED	362	0.4104	8372001	8372001	0	2
chr1	8766001	11296000	2.1089	959	0.7258	0.9754	NONE	NONE	BAF_WEIGHTED	2350	0.4857	8766001	8766001	0	2
chr1	11296001	11637000	1.5986	249	0.72	1.0431	NONE	NONE	BAF_WEIGHTED	321	0.5096	11296001	11296001	0	2
chr1	11637001	12670000	2.2251	668	0.7181	0.954	NONE	NONE	BAF_WEIGHTED	973	0.4896	11637001	11637001	0	2
chr1	12670001	13697000	1.771	483	0.7143	0.9984	NONE	NONE	BAF_WEIGHTED	409	0.4556	12670001	12670001	0	2
chr1	13697001	13802000	2.7231	39	0.7234	0.916	NONE	NONE	BAF_WEIGHTED	102	0.4174	13697001	13697001	0	2
chr1	13802001	15085000	1.9252	1027	0.7179	0.9836	NONE	NONE	BAF_WEIGHTED	1245	0.4545	13802001	13802001	0	2
chr1	15085001	16947878	2.3028	1248	0.7297	0.9639	NONE	DEL	BAF_WEIGHTED	1267	0.4884	15085001	15085001	0	2
chr1	16947879	16953230	1.5554	0	0	0.9465	DEL	DEL	BAF_WEIGHTED	1	0.526	16947879	16947879	0	1
chr1	16953231	17436784	2.0785	268	0.75	1.0324	DEL	DEL	BAF_WEIGHTED	457	0.505	16953231	16953231	0	2
chr1	17436785	17438034	1.0459	0	0	1.0644	DEL	DEL	STRUCTURAL_VARIANT	0	0.621	17436785	17436785	0	1
chr1	17438035	17438242	2.1874	0	0	1.0308	DEL	DEL	STRUCTURAL_VARIANT	0	0	17438035	17438035	0	2
chr1	17438243	17438430	0.6771	0	0	1	DEL	DEL	STRUCTURAL_VARIANT	0	0	17438243	17438243	0	1
chr1	17438431	17688000	2.1893	87	0.7576	1.0339	DEL	NONE	BAF_WEIGHTED	238	0.5235	17438431	17438431	0	2
chr1	17688001	18093000	1.7169	230	0.735	1.0565	NONE	NONE	BAF_WEIGHTED	404	0.49	17688001	17688001	0	2
chr1	18093001	19350000	2.1372	948	0.7361	0.9954	NONE	NONE	BAF_WEIGHTED	1212	0.4922	18093001	18093001	0	2
chr1	19350001	19495000	3.015	22	0.7731	0.9858	NONE	NONE	BAF_WEIGHTED	142	0.4878	19350001	19350001	0	3
chr1	19495001	25018314	2.2213	2472	0.7297	0.9765	NONE	DEL	BAF_WEIGHTED	5129	0.4726	19495001	19495001	0	2
chr1	25018315	25105466	1.2019	42	0.6268	0.8745	DEL	DEL	BAF_WEIGHTED	78	0.5216	25018315	25018315	0	1
chr1	25105467	25217000	1.867	71	0.6923	0.9341	DEL	NONE	BAF_WEIGHTED	109	0.4643	25105467	25105467	0	2
chr1	25217001	26473171	2.3538	741	0.7244	0.9478	NONE	DEL	BAF_WEIGHTED	1044	0.482	25217001	25217001	0	2
chr1	26473172	26473219	1.3547	0	0	0.9093	DEL	DEL	STRUCTURAL_VARIANT	0	0	26473172	26473172	0	1
chr1	26473220	27519073	2.3311	160	0.7278	0.9594	DEL	BND	BAF_WEIGHTED	964	0.4844	26473220	26473220	0	2
chr1	27519074	27520247	1.2865	0	0	0.9265	BND	BND	STRUCTURAL_VARIANT	0	0	27519074	27519074	0	1
chr1	27520248	27676000	2.7882	3	0.8077	1.0668	BND	NONE	BAF_WEIGHTED	133	0.5399	27520248	27520248	0	3
chr1	27676001	28368231	2.172	61	0.7368	0.9928	NONE	DEL	BAF_WEIGHTED	664	0.4482	27676001	27676001	0	2
chr1	28368232	28525331	1.3314	17	0.6526	0.8941	DEL	DEL	BAF_WEIGHTED	154	0.4384	28368232	28368232	0	1
chr1	28525332	30670000	1.9372	1257	0.7328	1.0216	DEL	NONE	BAF_WEIGHTED	2013	0.4731	28525332	28525332	0	2
chr1	30670001	31071000	2.3151	296	0.7285	0.9602	NONE	NONE	BAF_WEIGHTED	385	0.4797	30670001	30670001	0	2
chr1	31071001	31256000	1.8747	279	0.75	1.0631	NONE	NONE	BAF_WEIGHTED	180	0.481	31071001	31071001	0	2
chr1	31256001	32361148	2.4233	529	0.75	0.9922	NONE	DEL	BAF_WEIGHTED	1041	0.4778	31256001	31256001	0	2
chr1	32361149	32361185	1.4096	0	0	0.9866	DEL	DEL	STRUCTURAL_VARIANT	0	0	32361149	32361149	0	1
chr1	32361186	32647000	1.9463	77	0.7354	1.0267	DEL	NONE	BAF_WEIGHTED	274	0.4519	32361186	32361186	0	2
chr1	32647001	33486000	2.4723	283	0.7188	0.9266	NONE	NONE	BAF_WEIGHTED	780	0.4717	32647001	32647001	0	2
chr1	33486001	34765000	1.8051	892	0.7215	1.0097	NONE	NONE	BAF_WEIGHTED	1221	0.4481	33486001	33486001	0	2
chr1	34765001	36088500	2.2068	121	0.7317	0.9782	NONE	NONE	BAF_WEIGHTED	1263	0.4293	34765001	34765001	0	2
chr1	36088501	36495000	2.5917	114	0.7242	0.9273	NONE	NONE	BAF_WEIGHTED	377	0.4958	36088001	36089001	0	2
chr1	36495001	37449000	1.8176	506	0.7238	1.0128	NONE	NONE	BAF_WEIGHTED	916	0.4816	36495001	36495001	0	2
chr1	37449001	37517000	2.6895	47	0.7561	0.9797	NONE	NONE	BAF_WEIGHTED	65	0.4829	37449001	37449001	0	3
chr1	37517001	39098000	2.0167	913	0.7273	0.9919	NONE	NONE	BAF_WEIGHTED	1502	0.461	37517001	37517001	0	2
chr1	39098001	39285000	3.0375	35	0.7193	0.8888	NONE	NONE	BAF_WEIGHTED	180	0.4268	39098001	39098001	0	3
chr1	39285001	41600000	2.3519	954	0.7308	0.9612	NONE	NONE	BAF_WEIGHTED	2133	0.4542	39285001	39285001	0	2
chr1	41600001	41952000	2.8937	279	0.7333	0.9226	NONE	NONE	BAF_WEIGHTED	343	0.4651	41600001	41600001	0	3
chr1	41952001	43182282	2.3155	789	0.7305	0.9626	NONE	DEL	BAF_WEIGHTED	1148	0.4281	41952001	41952001	0	2
chr1	43182283	52917140	1.1724	2689	0.6486	0.943	DEL	DEL	BAF_WEIGHTED	8971	0.4311	43182283	43182283	0	1
chr1	52917141	52917196	0.4469	0	0	1	DEL	DEL	STRUCTURAL_VARIANT	0	0	52917141	52917141	0	0
chr1	52917197	55080684	1.1528	1186	0.6491	0.9531	DEL	DEL	BAF_WEIGHTED	2021	0.4774	52917197	52917197	0	1
chr1	55080685	55257000	2.684	1	0.6667	0.8125	DEL	NONE	BAF_WEIGHTED	172	0.3858	55080685	55080685	1	2
chr1	55257001	58492500	2.1224	2279	0.7229	0.9686	NONE	NONE	BAF_WEIGHTED	3095	0.408	55257001	55257001	0	2
chr1	58492501	60146000	2.5315	735	0.7189	0.9191	NONE	NONE	BAF_WEIGHTED	1558	0.4038	58489001	58496001	0	2
chr1	60146001	60867000	2.0449	257	0.7273	0.9883	NONE	NONE	BAF_WEIGHTED	654	0.3795	60146001	60146001	0	2
chr1	60867001	61070000	2.457	67	0.7115	0.9136	NONE	NONE	BAF_WEIGHTED	199	0.4227	60867001	60867001	0	2
chr1	61070001	61459000	2.9176	158	0.739	0.9314	NONE	NONE	BAF_WEIGHTED	386	0.3887	61070001	61070001	0	3
chr1	61459001	64421000	2.168	1392	0.72	0.9589	NONE	NONE	BAF_WEIGHTED	2841	0.4047	61459001	61459001	0	2
chr1	64421001	65065000	2.5378	188	0.7127	0.9095	NONE	NONE	BAF_WEIGHTED	626	0.4073	64421001	64421001	0	2
chr1	65065001	66219000	2.0518	699	0.7188	0.9716	NONE	NONE	BAF_WEIGHTED	1046	0.3847	65065001	65065001	0	2
chr1	66219001	66400000	3.0843	75	0.7273	0.9003	NONE	NONE	BAF_WEIGHTED	180	0.3904	66219001	66219001	0	3
chr1	66400001	67561000	2.3055	821	0.7241	0.9523	NONE	NONE	BAF_WEIGHTED	1097	0.3902	66400001	66400001	0	2
chr1	67561001	67882000	2.7541	29	0.7778	1.0146	NONE	NONE	BAF_WEIGHTED	313	0.4181	67561001	67561001	0	3
chr1	67882001	74786588	1.9911	2922	0.7212	0.9833	NONE	DEL	BAF_WEIGHTED	6498	0.3628	67882001	67882001	0	2
chr1	74786589	74786636	0.658	0	0	1	DEL	DEL	STRUCTURAL_VARIANT	0	0	74786589	74786589	0	1
chr1	74786637	76120000	1.8329	512	0.7205	1.0028	DEL	NONE	BAF_WEIGHTED	1199	0.374	74786637	74786637	0	2
chr1	76120001	79757000	2.169	2019	0.7316	0.9825	NONE	NONE	BAF_WEIGHTED	3431	0.3749	76120001	76120001	0	2
chr1	79757001	79950472	1.6059	184	0.7143	1.0276	NONE	DEL	BAF_WEIGHTED	179	0.3575	79756001	79757001	0	2
chr1	79950473	79950515	1.1008	0	0	0.9378	DEL	DEL	STRUCTURAL_VARIANT	0	0	79950473	79950473	0	1
chr1	79950516	87660322	1.9396	3891	0.707	0.9647	DEL	DEL	BAF_WEIGHTED	6927	0.3742	79950516	79950516	0	2
chr1	87660323	87660360	1.3513	0	0	0.9493	DEL	DEL	STRUCTURAL_VARIANT	0	0	87660323	87660323	0	1
chr1	87660361	90044000	2.0618	1228	0.7008	0.9299	DEL	NONE	BAF_WEIGHTED	2238	0.3837	87660361	87660361	0	2
chr1	90044001	90905000	1.7223	424	0.7	0.9726	NONE	NONE	BAF_WEIGHTED	812	0.3894	90044001	90044001	0	2
chr1	90905001	91039000	2.2869	0	0	0.9794	NONE	NONE	BAF_WEIGHTED	127	0.3649	90905001	90905001	0	2
chr1	91039001	91484500	1.549	115	0.7179	1.0482	NONE	NONE	BAF_WEIGHTED	381	0.3948	91039001	91039001	0	2
chr1	91484501	93546000	1.9323	781	0.6971	0.9311	NONE	NONE	BAF_WEIGHTED	1938	0.3972	91484001	91485001	0	2
chr1	93546001	95074000	2.5298	1081	0.7273	0.9382	NONE	NONE	BAF_WEIGHTED	1440	0.4215	93546001	93546001	0	2
chr1	95074001	95544454	1.9439	259	0.7241	0.9948	NONE	DEL	BAF_WEIGHTED	445	0.3904	95074001	95074001	0	2
chr1	95544455	95544486	1.0914	0	0	0.9545	DEL	DEL	STRUCTURAL_VARIANT	0	0	95544455	95544455	0	1
chr1	95544487	100009597	2.1179	2203	0.7223	0.9766	DEL	DEL	BAF_WEIGHTED	4226	0.3647	95544487	95544487	0	2
chr1	100009598	100013810	0.7188	0	0	1	DEL	DEL	BAF_WEIGHTED	3	0.366	100009598	100009598	0	1
chr1	100013811	101296000	2.3014	603	0.7083	0.9208	DEL	NONE	BAF_WEIGHTED	1213	0.381	100013811	100013811	0	2
chr1	101296001	104796076	1.8561	2140	0.7232	1.0107	NONE	DEL	BAF_WEIGHTED	3102	0.3501	101296001	101296001	0	2
chr1	104796077	104796117	0.7833	0	0	1	DEL	DEL	STRUCTURAL_VARIANT	0	0	104796077	104796077	0	1
chr1	104796118	107398000	1.7645	1425	0.7236	1.0193	DEL	NONE	BAF_WEIGHTED	2457	0.3507	104796118	104796118	0	2
chr1	107398001	108794097	2.4902	778	0.7273	0.9416	NONE	INV	BAF_WEIGHTED	1101	0.3891	107398001	107398001	0	2
chr1	108794098	108794163	3.9323	0	0	0.5963	INV	DEL	STRUCTURAL_VARIANT	0	0	108794098	108794098	2	2
chr1	108794164	108794287	2.0274	0	0	1	DEL	DEL	STRUCTURAL_VARIANT	0	0	108794164	108794164	0	2
chr1	108794288	109218790	3.3947	172	0.5895	0.6535	DEL	DUP	BAF_WEIGHTED	408	0.428	108794288	108794288	1	2
chr1	109218791	109322670	4.7668	24	0.5427	0.5866	DUP	DUP	BAF_WEIGHTED	89	0.5073	109218791	109218791	2	3
chr1	109322671	110401000	3.5689	488	0.5906	0.6496	DUP	NONE	BAF_WEIGHTED	971	0.4644	109322671	109322671	1	2
chr1	110401001	111117000	2.9515	747	0.5932	0.6673	NONE	NONE	BAF_WEIGHTED	678	0.419	110401001	110401001	1	2
chr1	111117001	111783000	3.476	598	0.5938	0.6572	NONE	NONE	BAF_WEIGHTED	629	0.412	111117001	111117001	1	2
chr1	111783001	112575000	2.9301	686	0.5949	0.6709	NONE	NONE	BAF_WEIGHTED	741	0.4398	111783001	111783001	1	2
chr1	112575001	112722500	3.835	9	0.5538	0.5215	NONE	NONE	BAF_WEIGHTED	138	0.4336	112575001	112575001	2	2
chr1	112722501	115757186	3.0717	1670	0.5894	0.6566	NONE	DEL	BAF_WEIGHTED	2851	0.4112	112722001	112723001	1	2
chr1	115757187	115758234	2.1329	0	0	0.9456	DEL	DEL	STRUCTURAL_VARIANT	0	0	115757187	115757187	0	2
chr1	115758235	117162132	3.5627	689	0.5855	0.6434	DEL	BND	BAF_WEIGHTED	1282	0.4218	115758235	115758235	1	2
chr1	117162133	117166339	2.4775	0	0	0.5127	BND	BND	BAF_WEIGHTED	3	0.4257	117162133	117162133	1	1
chr1	117166340	118185000	3.53	253	0.6061	0.672	BND	NONE	BAF_WEIGHTED	956	0.3967	117166340	117166340	1	2
chr1	118185001	118914000	2.8014	111	0.5854	0.657	NONE	NONE	BAF_WEIGHTED	649	0.3742	118185001	118185001	1	2
chr1	118914001	123605522	3.3542	942	0.5881	0.6487	NONE	CENTROMERE	BAF_WEIGHTED	976	0.4149	118914001	118914001	1	2
chr1	123605523	146473000	3.8085	202	0.5917	0.651	CENTROMERE	NONE	BAF_WEIGHTED	335	0.448	123605523	123605523	1	2
chr1	146473001	147287000	3.1203	509	0.5946	0.6658	NONE	NONE	BAF_WEIGHTED	205	0.4049	146052001	146894001	1	2
chr1	147287001	147492000	2.5453	296	0.5833	0.6601	NONE	NONE	BAF_WEIGHTED	165	0.387	147287001	147287001	1	2
chr1	147492001	152058000	3.4797	1412	0.5933	0.657	NONE	NONE	BAF_WEIGHTED	2570	0.4435	147492001	147492001	1	2
chr1	152058001	153493000	2.8621	1098	0.59	0.6633	NONE	NONE	BAF_WEIGHTED	1190	0.4145	152058001	152058001	1	2
chr1	153493001	154234000	3.584	91	0.5877	0.6451	NONE	NONE	BAF_WEIGHTED	547	0.4785	153493001	153493001	1	2
chr1	154234001	154935000	3.1403	544	0.5957	0.6672	NONE	NONE	BAF_WEIGHTED	671	0.4705	154234001	154234001	1	2
chr1	154935001	155147339	4.1752	22	0.6046	0.6643	NONE	DEL	BAF_WEIGHTED	176	0.5367	154935001	154935001	1	3
chr1	155147340	155170100	2.7019	5	0.5435	0.6222	DEL	DEL	BAF_WEIGHTED	20	0.4615	155147340	155147340	1	2
chr1	155170101	155285500	4.379	36	0.5854	0.6312	DEL	NONE	BAF_WEIGHTED	77	0.5329	155170101	155170101	2	3
chr1	155285501	156689000	3.4274	426	0.5964	0.6606	NONE	NONE	BAF_WEIGHTED	1261	0.4759	155285001	155286001	1	2
chr1	156689001	156773000	4.4584	8	0.5632	0.5514	NONE	NONE	BAF_WEIGHTED	76	0.519	156689001	156689001	2	2
chr1	156773001	157178000	3.5138	175	0.5965	0.661	NONE	NONE	BAF_WEIGHTED	373	0.4822	156773001	156773001	1	2
chr1	157178001	157683251	2.9558	264	0.5888	0.6592	NONE	DEL	BAF_WEIGHTED	444	0.4191	157178001	157178001	1	2
chr1	157683252	157684874	1.639	0	0	0.6145	DEL	DEL	STRUCTURAL_VARIANT	0	0	157683252	157683252	1	1
chr1	157684875	157907013	2.9581	119	0.5833	0.6494	DEL	DEL	BAF_WEIGHTED	210	0.3944	157684875	157684875	1	2
chr1	157907014	157917735	1.7496	2	0.6094	0.7561	DEL	DEL	BAF_WEIGHTED	9	0.3812	157907014	157907014	0	1
chr1	157917736	158951056	2.9224	1068	0.5896	0.6618	DEL	INV	BAF_WEIGHTED	934	0.3956	157917736	157917736	1	2
chr1	158951057	158951062	3.759	0	0	0.5145	INV	INV	STRUCTURAL_VARIANT	0	0	158951057	158951057	2	2
chr1	158951063	158951606	2.8275	0	0	0.684	INV	INV	STRUCTURAL_VARIANT	0	0	158951063	158951063	1	2
chr1	158951607	158951611	2.5341	0	0	0.7632	INV	INV	STRUCTURAL_VARIANT	0	0	158951607	158951607	1	2
chr1	158951612	158952757	3.4618	0	0	0.5587	INV	INV	STRUCTURAL_VARIANT	0	0	158951612	158951612	2	2
chr1	158952758	158952764	4.6892	0	0	0.5876	INV	INV	STRUCTURAL_VARIANT	0	0	158952758	158952758	2	3
chr1	158952765	159770000	3.7336	468	0.5524	0.545	INV	NONE	BAF_WEIGHTED	715	0.3878	158952765	158952765	2	2
chr1	159770001	160360000	4.7669	303	0.5476	0.5804	NONE	NONE	BAF_WEIGHTED	566	0.4649	159770001	159770001	2	3
chr1	160360001	160996000	3.9393	196	0.5556	0.5165	NONE	NONE	BAF_WEIGHTED	575	0.4306	160360001	160360001	2	2
chr1	160996001	161267773	4.8276	139	0.55	0.5857	NONE	INV	BAF_WEIGHTED	253	0.4849	160996001	160996001	2	3
chr1	161267774	162317445	5.5474	661	0.5697	0.537	INV	DEL	BAF_WEIGHTED	808	0.4172	161267774	161267774	3	3
chr1	162317446	162317492	4.3145	0	0	0.6719	DEL	DEL	STRUCTURAL_VARIANT	0	0	162317446	162317446	1	3
chr1	162317493	164546000	4.9487	1303	0.5696	0.5858	DEL	NONE	BAF_WEIGHTED	2068	0.385	162317493	162317493	2	3
chr1	164546001	164816000	6.2337	96	0.5597	0.5187	NONE	NONE	BAF_WEIGHTED	267	0.4183	164546001	164546001	3	3
chr1	164816001	166822000	4.6673	1022	0.5669	0.5681	NONE	NONE	BAF_WEIGHTED	1850	0.4121	164816001	164816001	2	3
chr1	166822001	169095804	5.3121	1439	0.5636	0.5648	NONE	DEL	BAF_WEIGHTED	2179	0.4117	166822001	166822001	2	3
chr1	169095805	169115168	5.0578	7	0.6875	0.7745	DEL	DEL	BAF_WEIGHTED	18	0.4711	169095805	169095805	1	4
chr1	169115169	169782794	5.4641	635	0.5647	0.5507	DEL	BND	BAF_WEIGHTED	598	0.3775	169115169	169115169	2	3
chr1	169782795	169793122	4.1366	0	0	0.5075	BND	BND	BAF_WEIGHTED	10	0.4021	169782795	169782795	2	2
chr1	169793123	174953000	4.8984	2639	0.5665	0.5841	BND	NONE	BAF_WEIGHTED	4771	0.3847	169793123	169793123	2	3
chr1	174953001	175007000	6.5222	18	0.5756	0.6029	NONE	NONE	BAF_WEIGHTED	54	0.3878	174953001	174953001	3	4
chr1	175007001	181076000	4.9978	3218	0.567	0.5733	NONE	NONE	BAF_WEIGHTED	5715	0.4077	175007001	175007001	2	3
chr1	181076001	181139000	6.8092	59	0.5513	0.5874	NONE	NONE	BAF_WEIGHTED	61	0.4842	181076001	181076001	3	4
chr1	181139001	187159974	5.1226	2694	0.5635	0.5714	NONE	DEL	BAF_WEIGHTED	5713	0.3984	181139001	181139001	2	3
chr1	187159975	187162133	3.5386	1	0.6667	0.7773	DEL	DEL	BAF_WEIGHTED	2	0.358	187159975	187159975	1	3
chr1	187162134	188914000	4.6538	604	0.5594	0.5701	DEL	NONE	BAF_WEIGHTED	1654	0.3465	187162134	187162134	2	3
chr1	188914001	188952289	6.516	2	0.5971	0.6321	NONE	DEL	BAF_WEIGHTED	38	0.3136	188914001	188914001	2	4
chr1	188952290	188952322	5.2965	0	0	0.6862	DEL	DEL	STRUCTURAL_VARIANT	0	0	188952290	188952290	2	4
chr1	188952323	189036000	6.4284	24	0.6768	0.7414	DEL	NONE	BAF_WEIGHTED	79	0.3485	188952323	188952323	2	5
chr1	189036001	191954543	4.7483	1420	0.5674	0.5766	NONE	DEL	BAF_WEIGHTED	2793	0.3379	189036001	189036001	2	3
chr1	191954544	191954649	3.7817	0	0	0.547	DEL	DEL	STRUCTURAL_VARIANT	0	0	191954544	191954544	2	2
chr1	191954650	197585000	4.8369	3554	0.5667	0.5723	DEL	NONE	BAF_WEIGHTED	5214	0.3509	191954650	191954650	2	3
chr1	197585001	197851278	5.7953	81	0.5727	0.6059	NONE	DEL	BAF_WEIGHTED	240	0.3522	197585001	197585001	2	4
chr1	197851279	197851325	4.5879	0	0	0.5186	DEL	DEL	STRUCTURAL_VARIANT	0	0	197851279	197851279	2	2
chr1	197851326	199781374	5.1776	560	0.5658	0.5735	DEL	DEL	BAF_WEIGHTED	1855	0.3615	197851326	197851326	2	3
chr1	199781375	199781410	3.6022	0	0	0.8243	DEL	DEL	STRUCTURAL_VARIANT	0	0	199781375	199781375	1	3
chr1	199781411	200097000	4.3846	80	0.5898	0.6388	DEL	NONE	BAF_WEIGHTED	301	0.4063	199781411	199781411	2	3
chr1	200097001	203269000	5.515	1951	0.5628	0.5462	NONE	NONE	BAF_WEIGHTED	2805	0.4619	200097001	200097001	3	3
chr1	203269001	203344000	6.9111	53	0.551	0.5788	NONE	NONE	BAF_WEIGHTED	72	0.4894	203269001	203269001	3	4
chr1	203344001	204112555	5.2878	414	0.562	0.5786	NONE	DEL	BAF_WEIGHTED	736	0.4578	203344001	203344001	2	3
chr1	204112556	204127661	3.2777	8	0.7812	0.9825	DEL	DEL	BAF_WEIGHTED	14	0.5314	204112556	204112556	0	3
chr1	204127662	208264000	5.5488	2570	0.5643	0.5493	DEL	NONE	BAF_WEIGHTED	3618	0.4548	204127662	204127662	3	3
chr1	208264001	209258000	4.6331	404	0.5605	0.5683	NONE	NONE	BAF_WEIGHTED	962	0.405	208264001	208264001	2	3
chr1	209258001	209848000	5.5091	152	0.558	0.5446	NONE	NONE	BAF_WEIGHTED	574	0.4333	209258001	209258001	3	3
chr1	209848001	210222000	4.6197	11	0.619	0.6795	NONE	NONE	BAF_WEIGHTED	343	0.3799	209848001	209848001	1	3
chr1	210222001	210407000	5.7433	138	0.5667	0.5223	NONE	NONE	BAF_WEIGHTED	179	0.4329	210222001	210222001	3	3
chr1	210407001	210929657	4.719	289	0.5697	0.5754	NONE	DUP	BAF_WEIGHTED	496	0.4225	210407001	210407001	2	3
chr1	210929658	211182235	6.1975	119	0.6511	0.7075	DUP	DEL	BAF_WEIGHTED	214	0.3981	210929658	210929658	2	4
chr1	211182236	211182442	4.8922	0	0	0.6295	DEL	DEL	STRUCTURAL_VARIANT	0	0	211182236	211182236	2	3
chr1	211182443	211239700	6.2025	27	0.6475	0.7042	DEL	DUP	BAF_WEIGHTED	48	0.4143	211182443	211182443	2	4
chr1	211239701	211473967	5.5291	114	0.5664	0.5355	DUP	DEL	BAF_WEIGHTED	210	0.4026	211239701	211239701	3	3
chr1	211473968	211474015	3.5095	0	0	0.6835	DEL	DEL	STRUCTURAL_VARIANT	0	0	211473968	211473968	1	2
chr1	211474016	213294000	5.4358	1090	0.565	0.5587	DEL	NONE	BAF_WEIGHTED	1722	0.4233	211474016	211474016	2	3
chr1	213294001	214185000	4.5683	435	0.5641	0.5622	NONE	NONE	BAF_WEIGHTED	863	0.4164	213294001	213294001	2	3
chr1	214185001	215809335	5.3033	943	0.5731	0.5671	NONE	DEL	BAF_WEIGHTED	1553	0.3841	214185001	214185001	2	3
chr1	215809336	215816196	2.4736	8	0.562	0.5957	DEL	DEL	BAF_WEIGHTED	6	0.3528	215809336	215809336	1	1
chr1	215816197	221668238	5.1118	3146	0.5716	0.5768	DEL	DEL	BAF_WEIGHTED	5606	0.3804	215816197	215816197	2	3
chr1	221668239	221676918	4.914	2	0.5155	0.6105	DEL	DEL	BAF_WEIGHTED	7	0.3731	221668239	221668239	2	3
chr1	221676919	221851000	5.9567	128	0.5646	0.5036	DEL	NONE	BAF_WEIGHTED	173	0.4062	221676919	221676919	3	3
chr1	221851001	222195154	4.9497	281	0.5738	0.6061	NONE	DEL	BAF_WEIGHTED	320	0.4035	221851001	221851001	2	3
chr1	222195155	222195283	3.7783	0	0	0.794	DEL	DEL	STRUCTURAL_VARIANT	0	0	222195155	222195155	1	3
chr1	222195284	222550000	4.5156	108	0.5788	0.6191	DEL	NONE	BAF_WEIGHTED	277	0.4109	222195284	222195284	2	3
chr1	222550001	224943000	5.3493	1143	0.5687	0.5804	NONE	NONE	BAF_WEIGHTED	2072	0.4267	222550001	222550001	2	3
chr1	224943001	225404000	4.4748	339	0.5714	0.5531	NONE	NONE	BAF_WEIGHTED	412	0.3694	224940001	224946001	2	2
chr1	225404001	226165000	5.6806	433	0.5698	0.5281	NONE	NONE	BAF_WEIGHTED	719	0.4505	225404001	225404001	3	3
chr1	226165001	226619000	4.8308	336	0.5745	0.586	NONE	NONE	BAF_WEIGHTED	440	0.4544	226165001	226165001	2	3
chr1	226619001	226729000	6.1027	19	0.5897	0.6242	NONE	NONE	BAF_WEIGHTED	107	0.4935	226619001	226619001	2	4
chr1	226729001	231960546	5.0295	3332	0.5692	0.5695	NONE	DEL	BAF_WEIGHTED	4689	0.4433	226729001	226729001	2	3
chr1	231960547	231982045	3.5561	0	0	0.6089	DEL	DEL	BAF_WEIGHTED	19	0.4001	231960547	231960547	1	2
chr1	231982046	232671000	5.7274	385	0.576	0.6072	DEL	NONE	BAF_WEIGHTED	656	0.4155	231982046	231982046	2	3
chr1	232671001	234471000	4.8797	1076	0.5694	0.5749	NONE	NONE	BAF_WEIGHTED	1724	0.4097	232671001	232671001	2	3
chr1	234471001	235254729	6.1137	525	0.5657	0.531	NONE	BND	BAF_WEIGHTED	730	0.4461	234471001	234471001	3	3
chr1	235254730	236896000	4.2549	1239	0.5541	0.5409	BND	NONE	BAF_WEIGHTED	1585	0.4247	235254730	235254730	2	2
chr1	236896001	241292874	3.6592	3662	0.5549	0.5499	NONE	INV	BAF_WEIGHTED	4263	0.3853	236896001	236896001	2	2
chr1	241292875	241292885	3.2593	0	0	0.5053	INV	INV	STRUCTURAL_VARIANT	0	0	241292875	241292875	2	2
chr1	241292886	241486000	4.3472	146	0.5714	0.5399	INV	NONE	BAF_WEIGHTED	179	0.3986	241292886	241292886	2	2
chr1	241486001	241899000	5.2387	290	0.5664	0.5598	NONE	NONE	BAF_WEIGHTED	407	0.3848	241486001	241486001	2	3
chr1	241899001	243045500	4.0843	901	0.5714	0.5103	NONE	NONE	BAF_WEIGHTED	783	0.4141	241899001	241899001	2	2
chr1	243045501	244866000	5.014	841	0.5734	0.604	NONE	NONE	BAF_WEIGHTED	1593	0.4069	242879001	243212001	2	3
chr1	244866001	245756000	4.4288	593	0.5691	0.5503	NONE	NONE	BAF_WEIGHTED	861	0.441	244866001	244866001	2	2
chr1	245756001	246481059	5.1519	998	0.5714	0.5823	NONE	DEL	BAF_WEIGHTED	668	0.4025	245756001	245756001	2	3
chr1	246481060	246481092	3.9658	0	0	0.5426	DEL	DEL	STRUCTURAL_VARIANT	0	0	246481060	246481060	2	2
chr1	246481093	246668865	5.3476	167	0.5797	0.6147	DEL	DUP	BAF_WEIGHTED	161	0.4317	246481093	246481093	2	3
chr1	246668866	246669930	6.1258	0	0	0.6636	DUP	DEL	STRUCTURAL_VARIANT	0	0	246668866	246668866	2	4
chr1	246669931	246788775	5.2548	132	0.5882	0.6276	DEL	DUP	BAF_WEIGHTED	104	0.442	246669931	246669931	2	3
chr1	246788776	246788783	4.0735	0	0	0.5691	DUP	DEL	STRUCTURAL_VARIANT	0	0	246788776	246788776	2	2
chr1	246788784	247746000	4.5431	848	0.576	0.6137	DEL	NONE	BAF_WEIGHTED	864	0.4174	246788784	246788784	2	3
chr1	247746001	248817000	3.9012	738	0.5731	0.5574	NONE	NONE	BAF_WEIGHTED	684	0.379	247746001	247746001	2	2
chr1	248817001	248839090	6.1186	30	0.5681	0.5097	NONE	DEL	BAF_WEIGHTED	20	0.4761	248817001	248817001	3	3
chr1	248839091	248839388	5.7675	0	0	0.5202	DEL	DEL	STRUCTURAL_VARIANT	0	0	248839091	248839091	3	3
chr1	248839389	248956422	6.524	36	0.5517	0.5402	DEL	TELOMERE	BAF_WEIGHTED	73	0.4544	248839389	248839389	3	4
chr2	1	312000	2.1463	207	0.5714	0.5341	TELOMERE	NONE	BAF_WEIGHTED	217	0.4118	1	1	1	1
chr2	312001	3182000	1.6973	2033	0.5667	0.6021	NONE	NONE	BAF_WEIGHTED	2613	0.4515	312001	312001	1	1
chr2	3182001	3598000	2.0717	277	0.5556	0.5173	NONE	NONE	BAF_WEIGHTED	372	0.477	3180001	3182001	1	1
chr2	3598001	6792000	1.6476	2348	0.5667	0.6081	NONE	NONE	BAF_WEIGHTED	3029	0.4011	3598001	3598001	1	1
chr2	6792001	9805344	2.2596	1684	0.56	0.5574	NONE	DEL	BAF_WEIGHTED	2921	0.4322	6792001	6792001	1	1
chr2	9805345	9847443	1.4921	37	0.6765	0.9542	DEL	DEL	BAF_WEIGHTED	39	0.4699	9805345	9805345	0	1
chr2	9847444	17825361	2.0486	5563	0.5627	0.5495	DEL	DEL	BAF_WEIGHTED	7504	0.4127	9847444	9847444	1	1
chr2	17825362	17825398	1.7103	0	0	0.5396	DEL	DEL	STRUCTURAL_VARIANT	0	0	17825362	17825362	1	1
chr2	17825399	19887000	2.0785	1391	0.5667	0.5189	DEL	NONE	BAF_WEIGHTED	1940	0.4032	17825399	17825399	1	1
chr2	19887001	20707000	2.6192	524	0.5581	0.6182	NONE	NONE	BAF_WEIGHTED	766	0.4555	19887001	19887001	1	2
chr2	20707001	25788672	2.0162	1731	0.5646	0.5358	NONE	DEL	BAF_WEIGHTED	4850	0.4146	20707001	20707001	1	1
chr2	25788673	25797741	1.3736	0	0	0.7273	DEL	DEL	BAF_WEIGHTED	8	0.3699	25788673	25788673	0	1
chr2	25797742	25799458	0.2534	0	0	1	DEL	DEL	BAF_WEIGHTED	1	0.44	25797742	25797742	0	0
chr2	25799459	25809171	1.4798	0	0	0.6751	DEL	DEL	BAF_WEIGHTED	9	0.3964	25799459	25799459	0	1
chr2	25809172	42034262	2.1673	9457	0.5611	0.539	DEL	DEL	BAF_WEIGHTED	15322	0.4077	25809172	25809172	1	1
chr2	42034263	42034301	0.8148	0	0	1	DEL	DEL	STRUCTURAL_VARIANT	0	0	42034263	42034263	0	1
chr2	42034302	42371000	2.5713	167	0.5608	0.6162	DEL	NONE	BAF_WEIGHTED	328	0.4202	42034302	42034302	1	2
chr2	42371001	42781000	2.1231	246	0.5588	0.529	NONE	NONE	BAF_WEIGHTED	396	0.431	42371001	42371001	1	1
chr2	42781001	43614000	2.5903	510	0.561	0.6139	NONE	NONE	BAF_WEIGHTED	799	0.455	42781001	42781001	1	2
chr2	43614001	45226000	2.154	800	0.5625	0.5358	NONE	NONE	BAF_WEIGHTED	1533	0.4116	43614001	43614001	1	1
chr2	45226001	47312000	2.629	1320	0.5565	0.6196	NONE	NONE	BAF_WEIGHTED	2030	0.4365	45226001	45226001	1	2
chr2	47312001	54340000	2.0532	4491	0.5644	0.5374	NONE	NONE	BAF_WEIGHTED	6709	0.3783	47312001	47312001	1	1
chr2	54340001	54951000	2.457	383	0.5526	0.593	NONE	NONE	BAF_WEIGHTED	597	0.412	54338001	54340001	1	1
chr2	54951001	55184000	2.9897	141	0.5526	0.5748	NONE	NONE	BAF_WEIGHTED	231	0.4076	54951001	54951001	1	2
chr2	55184001	64447000	2.147	5401	0.562	0.5356	NONE	NONE	BAF_WEIGHTED	8713	0.3879	55184001	55184001	1	1
chr2	64447001	65112000	2.8592	344	0.5588	0.5748	NONE	NONE	BAF_WEIGHTED	642	0.433	64447001	64447001	1	2
chr2	65112001	65293000	2.2714	66	0.5714	0.5597	NONE	NONE	BAF_WEIGHTED	171	0.4236	65112001	65112001	1	1
chr2	65293001	65444000	3.0607	40	0.5513	0.5748	NONE	NONE	BAF_WEIGHTED	145	0.4443	65293001	65293001	1	2
chr2	65444001	67804404	2.0671	1483	0.561	0.5162	NONE	DEL	BAF_WEIGHTED	2206	0.3938	65444001	65444001	1	1
chr2	67804405	67818686	1.3466	8	0.6921	1.027	DEL	DEL	BAF_WEIGHTED	13	0.3635	67804405	67804405	0	1
chr2	67818687	68144000	2.0162	201	0.5676	0.504	DEL	NONE	BAF_WEIGHTED	313	0.4068	67818687	67818687	1	1
chr2	68144001	70077000	2.3756	1240	0.561	0.5791	NONE	NONE	BAF_WEIGHTED	1855	0.411	68144001	68144001	1	1
chr2	70077001	70147000	2.9834	47	0.5455	0.5748	NONE	NONE	BAF_WEIGHTED	66	0.4689	70077001	70077001	1	2
chr2	70147001	73276131	2.2273	1348	0.5625	0.551	NONE	DEL	BAF_WEIGHTED	2851	0.4383	70147001	70147001	1	1
chr2	73276132	73300312	1.3816	0	0	0.8883	DEL	DEL	BAF_WEIGHTED	19	0.4949	73276132	73276132	0	1
chr2	73300313	73912000	2.1192	411	0.5714	0.5281	DEL	NONE	BAF_WEIGHTED	484	0.4052	73300313	73300313	1	1
chr2	73912001	74948000	2.4993	202	0.561	0.5999	NONE	NONE	BAF_WEIGHTED	986	0.4565	73912001	73912001	1	1
chr2	74948001	76030291	2.107	751	0.5638	0.5428	NONE	DEL	BAF_WEIGHTED	1026	0.3919	74948001	74948001	1	1
chr2	76030292	76134358	0.8865	178	0.6647	0.9859	DEL	DEL	BAF_WEIGHTED	90	0.3511	76030292	76030292	0	1
chr2	76134359	84412000	1.8198	4711	0.5667	0.5483	DEL	NONE	BAF_WEIGHTED	7784	0.3619	76134359	76134359	1	1
chr2	84412001	88282000	2.3865	1115	0.5644	0.5935	NONE	NONE	BAF_WEIGHTED	2546	0.4388	84412001	84412001	1	1
chr2	88282001	88554000	1.7596	222	0.5714	0.5683	NONE	NONE	BAF_WEIGHTED	263	0.4357	88282001	88282001	1	1
chr2	88554001	93139350	2.2189	172	0.5714	0.5347	NONE	CENTROMERE	BAF_WEIGHTED	398	0.4056	88554001	88554001	1	1
chr2	93139351	96074000	1.9707	305	0.5714	0.5074	CENTROMERE	NONE	BAF_WEIGHTED	535	0.4665	93139351	93139351	1	1
chr2	96074001	98044000	2.4529	332	0.5625	0.5923	NONE	NONE	BAF_WEIGHTED	1217	0.4712	96074001	96074001	1	1
chr2	98044001	98424000	1.9334	85	0.5484	0.5172	NONE	NONE	BAF_WEIGHTED	363	0.4249	98044001	98044001	1	1
chr2	98424001	98865000	2.5839	149	0.561	0.613	NONE	NONE	BAF_WEIGHTED	430	0.4392	98424001	98424001	1	2
chr2	98865001	99324000	2.0212	234	0.5633	0.5052	NONE	NONE	BAF_WEIGHTED	406	0.4089	98865001	98865001	1	1
chr2	99324001	100335000	2.4322	725	0.5641	0.5889	NONE	NONE	BAF_WEIGHTED	956	0.4183	99324001	99324001	1	1
chr2	100335001	100982000	1.9812	480	0.575	0.6639	NONE	NONE	BAF_WEIGHTED	638	0.4433	100335001	100335001	1	1
chr2	100982001	101394000	2.3647	228	0.55	0.5771	NONE	NONE	BAF_WEIGHTED	389	0.4418	100982001	100982001	1	1
chr2	101394001	101692000	1.9482	272	0.5654	0.5133	NONE	NONE	BAF_WEIGHTED	286	0.4371	101394001	101394001	1	1
chr2	101692001	102262000	2.578	253	0.5588	0.6121	NONE	NONE	BAF_WEIGHTED	557	0.4208	101692001	101692001	1	2
chr2	102262001	102862000	2.2023	567	0.5652	0.5459	NONE	NONE	BAF_WEIGHTED	575	0.3966	102262001	102262001	1	1
chr2	102862001	103475327	1.8156	51	0.5676	0.5508	NONE	INV	BAF_WEIGHTED	583	0.3728	102862001	102862001	1	1
chr2	103475328	103475337	0.9046	0	0	1	INV	INV	STRUCTURAL_VARIANT	0	0	103475328	103475328	0	1
chr2	103475338	105034000	1.8821	416	0.5714	0.5182	INV	NONE	BAF_WEIGHTED	1517	0.3815	103475338	103475338	1	1
chr2	105034001	106269000	2.3315	991	0.56	0.5711	NONE	NONE	BAF_WEIGHTED	1155	0.4349	105034001	105034001	1	1
chr2	106269001	108316000	1.8066	1062	0.5674	0.5525	NONE	NONE	BAF_WEIGHTED	1728	0.3922	106263001	106269001	1	1
chr2	108316001	108642500	2.4798	268	0.5625	0.5967	NONE	NONE	BAF_WEIGHTED	273	0.4078	108316001	108316001	1	1
chr2	108642501	109171000	1.9539	359	0.5625	0.5118	NONE	NONE	BAF_WEIGHTED	416	0.4409	108642001	108643001	1	1
chr2	109171001	114001000	2.3438	2349	0.561	0.578	NONE	NONE	BAF_WEIGHTED	2786	0.4376	109171001	109171001	1	1
chr2	114001001	114879877	1.8233	396	0.5672	0.5485	NONE	DEL	BAF_WEIGHTED	827	0.3859	114001001	114001001	1	1
chr2	114879878	114889179	1.1669	10	0.6358	0.909	DEL	DEL	BAF_WEIGHTED	9	0.3657	114879878	114879878	0	1
chr2	114889180	117936000	1.7191	2029	0.5667	0.5817	DEL	NONE	BAF_WEIGHTED	2807	0.3682	114889180	114889180	1	1
chr2	117936001	118250000	2.3392	178	0.5541	0.5725	NONE	NONE	BAF_WEIGHTED	304	0.4139	117936001	117936001	1	1
chr2	118250001	119300832	1.9334	587	0.5652	0.5323	NONE	DEL	BAF_WEIGHTED	996	0.4396	118250001	118250001	1	1
chr2	119300833	119302726	1.3156	4	0.7236	1.1228	DEL	DEL	BAF_WEIGHTED	1	0.393	119300833	119300833	0	1
chr2	119302727	121653000	2.2473	619	0.5549	0.5399	DEL	NONE	BAF_WEIGHTED	2246	0.4556	119302727	119302727	1	1
chr2	121653001	133215000	1.9613	5900	0.5657	0.5328	NONE	NONE	BAF_WEIGHTED	9248	0.412	121653001	121653001	1	1
chr2	133215001	134314323	2.3715	447	0.5652	0.5783	NONE	DEL	BAF_WEIGHTED	1031	0.4101	133215001	133215001	1	1
chr2	134314324	134333687	1.6791	0	0	0.5956	DEL	DEL	BAF_WEIGHTED	17	0.4054	134314324	134314324	1	1
chr2	134333688	135912000	2.0759	321	0.5623	0.5543	DEL	NONE	BAF_WEIGHTED	1487	0.4062	134333688	134333688	1	1
chr2	135912001	136328000	2.5644	213	0.5581	0.61	NONE	NONE	BAF_WEIGHTED	400	0.4205	135912001	135912001	1	2
chr2	136328001	137817000	2.0039	921	0.5625	0.501	NONE	NONE	BAF_WEIGHTED	1380	0.3835	136328001	136328001	1	1
chr2	137817001	138605969	2.4607	452	0.5569	0.5936	NONE	DEL	BAF_WEIGHTED	743	0.3742	137817001	137817001	1	1
chr2	138605970	138610317	2.2491	0	0	0.5808	DEL	DEL	BAF_WEIGHTED	4	0.44	138605970	138605970	1	1
chr2	138610318	142824000	1.9912	2094	0.5648	0.5265	DEL	NONE	BAF_WEIGHTED	4072	0.3547	138610318	138610318	1	1
chr2	142824001	144354495	2.4328	505	0.5526	0.5915	NONE	DEL	BAF_WEIGHTED	1476	0.3689	142824001	142824001	1	1
chr2	144354496	144354530	0.9874	0	0	1	DEL	DEL	STRUCTURAL_VARIANT	0	0	144354496	144354496	0	1
chr2	144354531	148700619	2.2175	1327	0.5638	0.5436	DEL	DUP	BAF_WEIGHTED	4128	0.3661	144354531	144354531	1	1
chr2	148700620	148761351	3.7749	50	0.5903	0.6465	DUP	DUP	BAF_WEIGHTED	54	0.3635	148700620	148700620	1	2
chr2	148761352	152505404	2.2724	2256	0.5637	0.5581	DUP	DEL	BAF_WEIGHTED	3527	0.3921	148761352	148761352	1	1
chr2	152505405	152565572	1.4371	84	0.6026	0.7704	DEL	DEL	BAF_WEIGHTED	59	0.3892	152505405	152505405	0	1
chr2	152565573	152779000	2.5475	32	0.5585	0.6075	DEL	NONE	BAF_WEIGHTED	211	0.3868	152565573	152565573	1	2
chr2	152779001	154182000	1.8042	823	0.5714	0.5543	NONE	NONE	BAF_WEIGHTED	1306	0.3672	152779001	152779001	1	1
chr2	154182001	160189500	2.3498	2630	0.5626	0.5739	NONE	NONE	BAF_WEIGHTED	5609	0.3728	154182001	154182001	1	1
chr2	160189501	160436000	3.0686	138	0.5585	0.5748	NONE	NONE	BAF_WEIGHTED	242	0.3981	160189001	160190001	1	2
chr2	160436001	161088000	2.4079	515	0.5641	0.5847	NONE	NONE	BAF_WEIGHTED	585	0.3826	160436001	160436001	1	1
chr2	161088001	161281000	2.9604	94	0.5544	0.5748	NONE	NONE	BAF_WEIGHTED	184	0.3676	161088001	161088001	1	2
chr2	161281001	167907000	2.1178	2718	0.5622	0.5269	NONE	NONE	BAF_WEIGHTED	6284	0.3606	161279001	161283001	1	1
chr2	167907001	168971000	2.5248	595	0.5588	0.6039	NONE	NONE	BAF_WEIGHTED	1033	0.3954	167907001	167907001	1	2
chr2	168971001	169231000	3.5661	138	0.5914	0.6515	NONE	NONE	BAF_WEIGHTED	252	0.3898	168971001	168971001	1	2
chr2	169231001	172921000	2.2243	2078	0.5614	0.55	NONE	NONE	BAF_WEIGHTED	3463	0.4029	169231001	169231001	1	1
chr2	172921001	173211000	2.7181	129	0.5641	0.6321	NONE	NONE	BAF_WEIGHTED	283	0.3935	172921001	172921001	1	2
chr2	173211001	173783000	2.1233	267	0.5588	0.529	NONE	NONE	BAF_WEIGHTED	540	0.4112	173211001	173211001	1	1
chr2	173783001	174250000	2.5626	322	0.5625	0.6098	NONE	NONE	BAF_WEIGHTED	462	0.3984	173783001	173783001	1	2
chr2	174250001	174318000	1.7032	14	0.535	0.5871	NONE	NONE	BAF_WEIGHTED	57	0.4101	174250001	174250001	1	1
chr2	174318001	175303948	2.3164	270	0.5648	0.5683	NONE	BND	BAF_WEIGHTED	946	0.3974	174318001	174318001	1	1
chr2	175303949	175907000	2.6692	320	0.6	0.6879	BND	NONE	BAF_WEIGHTED	538	0.3947	175303949	175303949	1	2
chr2	175907001	177353820	3.3201	917	0.5869	0.6481	NONE	DEL	BAF_WEIGHTED	1366	0.4009	175907001	175907001	1	2
chr2	177353821	177353914	0.3308	0	0	1	DEL	DEL	STRUCTURAL_VARIANT	0	0	177353821	177353821	0	0
chr2	177353915	177397000	3.6735	7	0.641	0.7311	DEL	NONE	BAF_WEIGHTED	41	0.391	177353915	177353915	1	3
chr2	177397001	180949000	2.2199	1702	0.5617	0.5481	NONE	NONE	BAF_WEIGHTED	3308	0.3741	177397001	177397001	1	1
chr2	180949001	181937000	2.6069	819	0.5581	0.6164	NONE	NONE	BAF_WEIGHTED	942	0.3662	180949001	180949001	1	2
chr2	181937001	184334902	2.0936	982	0.5639	0.5311	NONE	DEL	BAF_WEIGHTED	2217	0.3633	181937001	181937001	1	1
chr2	184334903	184335150	1.1244	0	0	0.8894	DEL	DEL	STRUCTURAL_VARIANT	0	0	184334903	184334903	0	1
chr2	184335151	186481000	2.0726	1545	0.5652	0.5175	DEL	NONE	BAF_WEIGHTED	2021	0.3439	184335151	184335151	1	1
chr2	186481001	186654000	2.7318	63	0.5676	0.6339	NONE	NONE	BAF_WEIGHTED	170	0.3707	186481001	186481001	1	2
chr2	186654001	188771731	2.2118	797	0.5625	0.5479	NONE	DEL	BAF_WEIGHTED	2014	0.3549	186654001	186654001	1	1
chr2	188771732	188771763	1.4425	0	0	0.6933	DEL	INV	STRUCTURAL_VARIANT	0	0	188771732	188771732	0	1
chr2	188771764	188773595	2.3674	0	0	0.5776	INV	DEL	BAF_WEIGHTED	1	0.329	188771764	188771764	1	1
chr2	188773596	188773923	3.3475	0	0	0.7013	DEL	INV	STRUCTURAL_VARIANT	0	0	188773596	188773596	1	2
chr2	188773924	188955000	2.084	39	0.561	0.5201	INV	NONE	BAF_WEIGHTED	174	0.3578	188773924	188773924	1	1
chr2	188955001	189841000	2.6067	587	0.56	0.6164	NONE	NONE	BAF_WEIGHTED	842	0.3641	188955001	188955001	1	2
chr2	189841001	190307000	2.1866	268	0.5633	0.5427	NONE	NONE	BAF_WEIGHTED	438	0.3753	189841001	189841001	1	1
chr2	190307001	191719000	2.7109	683	0.5581	0.6311	NONE	NONE	BAF_WEIGHTED	1345	0.3928	190307001	190307001	1	2
chr2	191719001	196101000	2.0798	1358	0.5656	0.5114	NONE	NONE	BAF_WEIGHTED	4048	0.35	191719001	191719001	1	1
chr2	196101001	196331000	2.7477	133	0.5581	0.6361	NONE	NONE	BAF_WEIGHTED	228	0.3892	196101001	196101001	1	2
chr2	196331001	196549000	2.1872	174	0.57	0.5581	NONE	NONE	BAF_WEIGHTED	208	0.3923	196331001	196331001	1	1
chr2	196549001	199162625	2.9312	1679	0.59	0.6616	NONE	DEL	BAF_WEIGHTED	2439	0.3804	196549001	196549001	1	2
chr2	199162626	199163594	0.8623	0	0	1	DEL	DEL	STRUCTURAL_VARIANT	0	0	199162626	199162626	0	1
chr2	199163595	204200591	3.1572	1494	0.5841	0.6458	DEL	DEL	BAF_WEIGHTED	4807	0.4042	199163595	199163595	1	2
chr2	204200592	204205536	1.3077	2	0.5727	0.5748	DEL	DEL	BAF_WEIGHTED	4	0.4245	204200592	204200592	1	1
chr2	204205537	212591274	3.0296	3485	0.5855	0.6507	DEL	DEL	BAF_WEIGHTED	7925	0.3802	204205537	204205537	1	2
chr2	212591275	212601401	1.8365	0	0	0.5761	DEL	DEL	BAF_WEIGHTED	9	0.3449	212591275	212591275	1	1
chr2	212601402	213310000	3.3914	398	0.5845	0.6435	DEL	NONE	BAF_WEIGHTED	673	0.3635	212601402	212601402	1	2
chr2	213310001	214310000	2.7868	659	0.5952	0.6754	NONE	NONE	BAF_WEIGHTED	941	0.3564	213310001	213310001	1	2
chr2	214310001	216490000	3.2804	1454	0.5873	0.6502	NONE	NONE	BAF_WEIGHTED	2084	0.3952	214310001	214310001	1	2
chr2	216490001	217491000	3.8049	467	0.5926	0.6497	NONE	NONE	BAF_WEIGHTED	984	0.4338	216490001	216490001	1	2
chr2	217491001	227900000	3.104	6333	0.5841	0.6445	NONE	NONE	BAF_WEIGHTED	9917	0.4123	217491001	217491001	1	2
chr2	227900001	228643000	2.4216	687	0.585	0.6676	NONE	NONE	BAF_WEIGHTED	672	0.3777	227900001	227900001	1	2
chr2	228643001	238455000	3.1058	6393	0.5851	0.6493	NONE	NONE	BAF_WEIGHTED	9143	0.4465	228643001	228643001	1	2
chr2	238455001	239096500	2.7127	516	0.5882	0.6645	NONE	NONE	BAF_WEIGHTED	593	0.4775	238455001	238455001	1	2
chr2	239096501	239419000	3.1667	77	0.5574	0.5748	NONE	NONE	BAF_WEIGHTED	293	0.5073	239095001	239098001	1	2
chr2	239419001	239922000	2.5257	370	0.5769	0.6484	NONE	NONE	BAF_WEIGHTED	457	0.4976	239419001	239419001	1	2
chr2	239922001	242193529	2.9931	1935	0.5813	0.6455	NONE	TELOMERE	BAF_WEIGHTED	1597	0.5131	239922001	239922001	1	2
chr3	1	4285000	1.8952	3401	0.5667	0.5277	TELOMERE	NONE	BAF_WEIGHTED	3934	0.3768	1	1	1	1
chr3	4285001	5213000	2.7468	797	0.5556	0.6359	NONE	NONE	BAF_WEIGHTED	892	0.423	4285001	4285001	1	2
chr3	5213001	7971178	2.1108	1952	0.563	0.5266	NONE	DEL	BAF_WEIGHTED	2599	0.3813	5213001	5213001	1	1
chr3	7971179	7971211	1.3524	0	0	0.7389	DEL	DEL	STRUCTURAL_VARIANT	0	0	7971179	7971179	0	1
chr3	7971212	8204000	2.0758	171	0.5676	0.5183	DEL	NONE	BAF_WEIGHTED	216	0.3927	7971212	7971212	1	1
chr3	8204001	9450433	2.5221	784	0.5588	0.6035	NONE	DUP	BAF_WEIGHTED	1167	0.4319	8204001	8204001	1	2
chr3	9450434	9704848	2.6915	5	0.5455	0.6285	DUP	DUP	BAF_WEIGHTED	242	0.4552	9450434	9450434	1	2
chr3	9704849	10016000	2.4877	171	0.551	0.598	DUP	NONE	BAF_WEIGHTED	270	0.4928	9704849	9704849	1	1
chr3	10016001	11223000	1.9461	758	0.5588	0.5138	NONE	NONE	BAF_WEIGHTED	1146	0.4787	10015001	10017001	1	1
chr3	11223001	11853000	2.3622	504	0.5526	0.5767	NONE	NONE	BAF_WEIGHTED	604	0.4383	11223001	11223001	1	1
chr3	11853001	12119000	1.8988	223	0.5667	0.5266	NONE	NONE	BAF_WEIGHTED	222	0.4148	11853001	11853001	1	1
chr3	12119001	15719827	2.2667	2635	0.5604	0.5503	NONE	INV	BAF_WEIGHTED	3357	0.4687	12119001	12119001	1	1
chr3	15719828	15719862	2.7338	0	0	0.6271	INV	INV	STRUCTURAL_VARIANT	0	0	15719828	15719828	1	2
chr3	15719863	15793429	2.4738	54	0.5758	0.6477	INV	INV	BAF_WEIGHTED	68	0.3674	15719863	15719863	1	2
chr3	15793430	15793434	2.927	0	0	0.7023	INV	INV	STRUCTURAL_VARIANT	0	0	15793430	15793430	1	2
chr3	15793435	15793716	2.4888	0	0	0.6499	INV	INV	STRUCTURAL_VARIANT	0	0	15793435	15793435	1	2
chr3	15793717	15813000	2.0376	10	0.5461	0.5092	INV	NONE	BAF_WEIGHTED	19	0.3555	15793717	15793717	1	1
chr3	15813001	16245000	1.3129	414	0.6099	0.8068	NONE	NONE	BAF_WEIGHTED	412	0.4199	15813001	15813001	0	1
chr3	16245001	16505000	1.7928	101	0.6207	0.7788	NONE	NONE	BAF_WEIGHTED	259	0.426	16245001	16245001	0	1
chr3	16505001	21749244	1.2898	3112	0.6091	0.8303	NONE	DEL	BAF_WEIGHTED	4886	0.3756	16505001	16505001	0	1
chr3	21749245	21750313	0.1697	0	0	1	DEL	DEL	STRUCTURAL_VARIANT	0	0	21749245	21749245	0	0
chr3	21750314	39792820	1.3899	9264	0.6084	0.798	DEL	INV	BAF_WEIGHTED	16930	0.3928	21750314	21750314	0	1
chr3	39792821	39793373	2.1063	0	0	0.5266	INV	DUP	STRUCTURAL_VARIANT	0	0	39792821	39792821	1	1
chr3	39793374	39793380	2.7511	0	0	0.5968	DUP	DEL	STRUCTURAL_VARIANT	0	0	39793374	39793374	1	2
chr3	39793381	39794166	1.5032	0	0	0.7378	DEL	INV	STRUCTURAL_VARIANT	0	0	39793381	39793381	0	1
chr3	39794167	39794195	0.8712	0	0	1	INV	DEL	STRUCTURAL_VARIANT	0	0	39794167	39794167	0	1
chr3	39794196	39794502	2.1191	0	0	0.5234	DEL	DUP	STRUCTURAL_VARIANT	0	0	39794196	39794196	1	1
chr3	39794503	39794510	1.4743	0	0	0.7523	DUP	INV	STRUCTURAL_VARIANT	0	0	39794503	39794503	0	1
chr3	39794511	40671000	2.1908	629	0.5627	0.545	INV	NONE	BAF_WEIGHTED	794	0.4115	39794511	39794511	1	1
chr3	40671001	41320000	2.5976	184	0.5514	0.615	NONE	NONE	BAF_WEIGHTED	622	0.4139	40671001	40671001	1	2
chr3	41320001	41969000	2.008	363	0.5667	0.502	NONE	NONE	BAF_WEIGHTED	582	0.391	41320001	41320001	1	1
chr3	41969001	43930000	2.4038	873	0.5625	0.584	NONE	NONE	BAF_WEIGHTED	1835	0.4361	41969001	41969001	1	1
chr3	43930001	62318162	1.1735	8538	0.6475	0.9392	NONE	BND	BAF_WEIGHTED	17163	0.438	43930001	43930001	0	1
chr3	62318163	62318182	0	0	0	1	BND	BND	STRUCTURAL_VARIANT	0	0	62318163	62318163	0	0
chr3	62318183	62661171	0.9576	73	0.6667	1	BND	BND	BAF_WEIGHTED	339	0.4049	62318183	62318183	0	1
chr3	62661172	63830000	1.9334	668	0.5669	0.5181	BND	NONE	BAF_WEIGHTED	1089	0.3912	62661172	62661172	1	1
chr3	63830001	64361000	2.639	272	0.5625	0.6211	NONE	NONE	BAF_WEIGHTED	523	0.4114	63830001	63830001	1	2
chr3	64361001	66329000	2.1351	1400	0.5657	0.5333	NONE	NONE	BAF_WEIGHTED	1865	0.4033	64361001	64361001	1	1
chr3	66329001	66508000	2.8933	86	0.5667	0.5748	NONE	NONE	BAF_WEIGHTED	177	0.4397	66329001	66329001	1	2
chr3	66508001	67715000	2.2027	429	0.562	0.5442	NONE	NONE	BAF_WEIGHTED	1137	0.3947	66508001	66508001	1	1
chr3	67715001	68952000	1.7895	924	0.5611	0.562	NONE	NONE	BAF_WEIGHTED	1166	0.3845	67715001	67715001	1	1
chr3	68952001	72691786	2.4058	2029	0.5598	0.5764	NONE	DEL	BAF_WEIGHTED	3600	0.408	68952001	68952001	1	1
chr3	72691787	72691825	1.6993	0	0	0.816	DEL	DEL	STRUCTURAL_VARIANT	0	0	72691787	72691787	0	1
chr3	72691826	73068000	2.3738	98	0.5683	0.5787	DEL	NONE	BAF_WEIGHTED	356	0.4144	72691826	72691826	1	1
chr3	73068001	73403000	1.8984	175	0.5714	0.5268	NONE	NONE	BAF_WEIGHTED	317	0.4246	73068001	73068001	1	1
chr3	73403001	73863000	2.3574	259	0.5652	0.5758	NONE	NONE	BAF_WEIGHTED	453	0.4046	73403001	73403001	1	1
chr3	73863001	88023000	1.9788	8119	0.566	0.5241	NONE	NONE	BAF_WEIGHTED	12790	0.3527	73863001	73863001	1	1
chr3	88023001	88158000	2.6711	163	0.5556	0.6256	NONE	NONE	BAF_WEIGHTED	126	0.3668	88023001	88023001	1	2
chr3	88158001	89753695	1.9916	819	0.5667	0.5021	NONE	DEL	BAF_WEIGHTED	1490	0.3503	88158001	88158001	1	1
chr3	89753696	89753965	0.793	0	0	1	DEL	DEL	STRUCTURAL_VARIANT	0	0	89753696	89753696	0	1
chr3	89753966	89852428	1.9793	4	0.5437	0.5052	DEL	DEL	BAF_WEIGHTED	91	0.36	89753966	89753966	1	1
chr3	89852429	89852463	1.032	0	0	0.5877	DEL	DEL	STRUCTURAL_VARIANT	0	0	89852429	89852429	0	1
chr3	89852464	90256000	1.9507	16	0.5858	0.6891	DEL	NONE	BAF_WEIGHTED	257	0.3588	89852464	89852464	1	1
chr3	90256001	90320737	1.0903	0	0	0.5563	NONE	DEL	BAF_WEIGHTED	43	0.3601	90256001	90256001	0	1
chr3	90320738	90328560	0.2816	0	0	1	DEL	DEL	BAF_WEIGHTED	7	0.3614	90320738	90320738	0	0
chr3	90328561	92214015	0.9163	1	0.5455	0.5748	DEL	CENTROMERE	BAF_WEIGHTED	147	0.3661	90328561	90328561	0	1
chr3	92214016	99808000	1.9333	3547	0.5662	0.5453	CENTROMERE	NONE	BAF_WEIGHTED	5444	0.3595	92214016	92214016	1	1
chr3	99808001	100109000	2.7782	131	0.5625	0.5748	NONE	NONE	BAF_WEIGHTED	297	0.3879	99808001	99808001	1	2
chr3	100109001	101671000	2.2405	1069	0.5625	0.5537	NONE	NONE	BAF_WEIGHTED	1455	0.3867	100109001	100109001	1	1
chr3	101671001	102261000	2.6156	472	0.5625	0.6177	NONE	NONE	BAF_WEIGHTED	526	0.3905	101671001	101671001	1	2
chr3	102261001	103300174	2.0335	681	0.5714	0.5082	NONE	DUP	BAF_WEIGHTED	985	0.3572	102261001	102261001	1	1
chr3	103300175	103517801	3.4569	121	0.617	0.6965	DUP	DUP	BAF_WEIGHTED	208	0.3409	103300175	103300175	1	2
chr3	103517802	105007741	2.069	759	0.56	0.5167	DUP	DUP	BAF_WEIGHTED	1440	0.3473	103517802	103517802	1	1
chr3	105007742	105603704	3.3111	373	0.6004	0.6713	DUP	DUP	BAF_WEIGHTED	571	0.356	105007742	105007742	1	2
chr3	105603705	108652000	2.4085	1173	0.5592	0.5841	DUP	NONE	BAF_WEIGHTED	2912	0.3737	105603705	105603705	1	1
chr3	108652001	109156000	2.0412	362	0.5625	0.5101	NONE	NONE	BAF_WEIGHTED	479	0.3787	108652001	108652001	1	1
chr3	109156001	109546000	1.5067	130	0.5613	0.6637	NONE	NONE	BAF_WEIGHTED	347	0.4058	109156001	109156001	1	1
chr3	109546001	111544000	1.9547	859	0.5667	0.5232	NONE	NONE	BAF_WEIGHTED	1881	0.3637	109546001	109546001	1	1
chr3	111544001	112830358	2.4229	933	0.5625	0.5873	NONE	DEL	BAF_WEIGHTED	1195	0.3882	111544001	111544001	1	1
chr3	112830359	112838586	1.5112	6	0.6945	0.9965	DEL	DEL	BAF_WEIGHTED	7	0.427	112830359	112830359	0	2
chr3	112838587	115350690	2.3587	1035	0.5607	0.5788	DEL	DEL	BAF_WEIGHTED	2397	0.3841	112838587	112838587	1	1
chr3	115350691	115370181	0.9312	12	0.6148	1	DEL	DEL	BAF_WEIGHTED	19	0.3549	115350691	115350691	0	1
chr3	115370182	119182000	1.8964	2558	0.5692	0.5421	DEL	NONE	BAF_WEIGHTED	3621	0.3733	115370182	115370182	1	1
chr3	119182001	120858000	2.3706	924	0.5588	0.5782	NONE	NONE	BAF_WEIGHTED	1591	0.4066	119182001	119182001	1	1
chr3	120858001	121639000	1.8479	511	0.5588	0.5412	NONE	NONE	BAF_WEIGHTED	666	0.3737	120858001	120858001	1	1
chr3	121639001	129603441	2.2528	4100	0.5603	0.5497	NONE	DEL	BAF_WEIGHTED	7091	0.4503	121639001	121639001	1	1
chr3	129603442	129603478	1.6105	0	0	0.7689	DEL	DEL	STRUCTURAL_VARIANT	0	0	129603442	129603442	0	1
chr3	129603479	134374295	2.2282	2615	0.5617	0.5501	DEL	DEL	BAF_WEIGHTED	4193	0.4028	129603479	129603479	1	1
chr3	134374296	134374334	1.3624	0	0	0.7358	DEL	DEL	STRUCTURAL_VARIANT	0	0	134374296	134374296	0	1
chr3	134374335	134374633	2.3814	0	0	0.5791	DEL	DEL	STRUCTURAL_VARIANT	0	0	134374335	134374335	1	1
chr3	134374634	134374666	1.5813	0	0	0.6339	DEL	DEL	STRUCTURAL_VARIANT	0	0	134374634	134374634	1	1
chr3	134374667	134545000	2.5271	37	0.5455	0.6043	DEL	NONE	BAF_WEIGHTED	169	0.4137	134374667	134374667	1	2
chr3	134545001	135371664	1.9034	431	0.5625	0.5254	NONE	DEL	BAF_WEIGHTED	779	0.4417	134545001	134545001	1	1
chr3	135371665	135371677	0.9337	0	0	1	DEL	DEL	STRUCTURAL_VARIANT	0	0	135371665	135371665	0	1
chr3	135371678	135371824	2.0273	0	0	0.5067	DEL	DEL	STRUCTURAL_VARIANT	0	0	135371678	135371678	1	1
chr3	135371825	135374771	1.0104	2	0.5997	0.8312	DEL	DEL	BAF_WEIGHTED	2	0.4315	135371825	135371825	0	1
chr3	135374772	135895000	1.8542	241	0.5667	0.5393	DEL	NONE	BAF_WEIGHTED	471	0.4092	135374772	135374772	1	1
chr3	135895001	137180000	2.3235	555	0.5596	0.5671	NONE	NONE	BAF_WEIGHTED	1178	0.4031	135895001	135895001	1	1
chr3	137180001	137953000	1.736	549	0.56	0.576	NONE	NONE	BAF_WEIGHTED	673	0.394	137180001	137180001	1	1
chr3	137953001	139295000	2.1334	258	0.57	0.6349	NONE	NONE	BAF_WEIGHTED	1255	0.4268	137953001	137953001	1	1
chr3	139295001	139661894	2.4388	235	0.5556	0.59	NONE	DEL	BAF_WEIGHTED	339	0.4241	139295001	139295001	1	1
chr3	139661895	139686473	1.4521	11	0.6364	0.8569	DEL	DEL	BAF_WEIGHTED	23	0.4379	139661895	139661895	0	1
chr3	139686474	140037065	2.4079	232	0.561	0.5847	DEL	DEL	BAF_WEIGHTED	331	0.4217	139686474	139686474	1	1
chr3	140037066	140041717	1.4134	0	0	0.9466	DEL	DEL	BAF_WEIGHTED	3	0.3573	140037066	140037066	0	1
chr3	140041718	140784000	2.2987	244	0.5621	0.5821	DEL	NONE	BAF_WEIGHTED	715	0.4209	140041718	140041718	1	1
chr3	140784001	140826000	1.2979	1	0.5652	0.5748	NONE	NONE	BAF_WEIGHTED	38	0.382	140783001	140785001	1	1
chr3	140826001	141222000	2.0867	69	0.5532	0.5208	NONE	NONE	BAF_WEIGHTED	357	0.4227	140826001	140826001	1	1
chr3	141222001	141579000	2.8098	172	0.561	0.5748	NONE	NONE	BAF_WEIGHTED	346	0.4168	141222001	141222001	1	2
chr3	141579001	145099430	2.1903	1781	0.5655	0.5445	NONE	DEL	BAF_WEIGHTED	3352	0.3842	141579001	141579001	1	1
chr3	145099431	145099620	0.6674	0	0	1	DEL	DEL	STRUCTURAL_VARIANT	0	0	145099431	145099431	0	1
chr3	145099621	145665064	2.0298	634	0.56	0.5074	DEL	DEL	BAF_WEIGHTED	534	0.3399	145099621	145099621	1	1
chr3	145665065	145666863	1.531	0	0	0.7746	DEL	DEL	STRUCTURAL_VARIANT	0	0	145665065	145665065	0	1
chr3	145666864	149192322	2.1645	1613	0.5642	0.5479	DEL	DEL	BAF_WEIGHTED	3278	0.3598	145666864	145666864	1	1
chr3	149192323	149192375	1.7376	0	0	0.5632	DEL	DEL	STRUCTURAL_VARIANT	0	0	149192323	149192323	1	1
chr3	149192376	149824401	2.7044	450	0.5615	0.5782	DEL	DEL	BAF_WEIGHTED	608	0.3995	149192376	149192376	1	2
chr3	149824402	149830878	1.3479	3	0.5806	0.721	DEL	DEL	BAF_WEIGHTED	5	0.392	149824402	149824402	0	1
chr3	149830879	152192000	2.3876	1627	0.5625	0.5812	DEL	NONE	BAF_WEIGHTED	2244	0.3857	149830879	149830879	1	1
chr3	152192001	152480000	3.0261	107	0.56	0.5748	NONE	NONE	BAF_WEIGHTED	282	0.3581	152192001	152192001	1	2
chr3	152480001	156362000	2.1305	2344	0.5626	0.5339	NONE	NONE	BAF_WEIGHTED	3627	0.3806	152480001	152480001	1	1
chr3	156362001	157209000	2.667	235	0.5526	0.625	NONE	NONE	BAF_WEIGHTED	806	0.3928	156362001	156362001	1	2
chr3	157209001	158644000	2.0985	536	0.561	0.5235	NONE	NONE	BAF_WEIGHTED	1313	0.3745	157209001	157209001	1	1
chr3	158644001	158849000	2.6272	267	0.5526	0.6194	NONE	NONE	BAF_WEIGHTED	199	0.4061	158644001	158644001	1	2
chr3	158849001	159130821	2.0681	143	0.5625	0.5165	NONE	DEL	BAF_WEIGHTED	260	0.3924	158849001	158849001	1	1
chr3	159130822	159130869	1.1831	0	0	0.7955	DEL	DEL	STRUCTURAL_VARIANT	0	0	159130822	159130822	0	1
chr3	159130870	159760000	1.9411	255	0.5625	0.5152	DEL	NONE	BAF_WEIGHTED	573	0.3853	159130870	159130870	1	1
chr3	159760001	160869000	2.3676	520	0.5641	0.5776	NONE	NONE	BAF_WEIGHTED	1071	0.3981	159760001	159760001	1	1
chr3	160869001	160946000	1.2397	67	0.6667	0.9824	NONE	NONE	BAF_WEIGHTED	73	0.3802	160869001	160869001	0	1
chr3	160946001	161576000	2.3751	574	0.5628	0.5797	NONE	NONE	BAF_WEIGHTED	591	0.3823	160946001	160946001	1	1
chr3	161576001	168683485	2.0186	4591	0.5627	0.5211	NONE	DEL	BAF_WEIGHTED	6559	0.3496	161576001	161576001	1	1
chr3	168683486	168684232	0.7567	0	0	1	DEL	DEL	STRUCTURAL_VARIANT	0	0	168683486	168683486	0	1
chr3	168684233	171019106	2.2273	816	0.5627	0.5497	DEL	DEL	BAF_WEIGHTED	2201	0.3897	168684233	168684233	1	1
chr3	171019107	171027593	1.1723	0	0	1	DEL	DEL	BAF_WEIGHTED	7	0.3801	171019107	171019107	0	1
chr3	171027594	172036000	2.3301	517	0.5667	0.571	DEL	NONE	BAF_WEIGHTED	969	0.3954	171027594	171027594	1	1
chr3	172036001	172803000	2.7259	493	0.5526	0.6331	NONE	NONE	BAF_WEIGHTED	738	0.4	172036001	172036001	1	2
chr3	172803001	173124222	2.1122	75	0.5484	0.5266	NONE	DEL	BAF_WEIGHTED	319	0.3687	172803001	172803001	1	1
chr3	173124223	173124261	1.364	0	0	0.7331	DEL	DEL	STRUCTURAL_VARIANT	0	0	173124223	173124223	0	1
chr3	173124262	177015000	2.1586	2342	0.56	0.5367	DEL	NONE	BAF_WEIGHTED	3691	0.3572	173124262	173124262	1	1
chr3	177015001	178460000	2.6951	626	0.5554	0.5791	NONE	NONE	BAF_WEIGHTED	1396	0.3866	177015001	177015001	1	2
chr3	178460001	187694000	2.1607	4565	0.5619	0.5419	NONE	NONE	BAF_WEIGHTED	8735	0.4102	178460001	178460001	1	1
chr3	187694001	190019000	2.698	1385	0.5588	0.6282	NONE	NONE	BAF_WEIGHTED	2236	0.3931	187694001	187694001	1	2
chr3	190019001	192091758	2.0916	1902	0.563	0.5233	NONE	DEL	BAF_WEIGHTED	1960	0.3676	190019001	190019001	1	1
chr3	192091759	192091793	1.024	0	0	0.9737	DEL	DEL	STRUCTURAL_VARIANT	0	0	192091759	192091759	0	1
chr3	192091794	193586000	2.1174	464	0.57	0.527	DEL	NONE	BAF_WEIGHTED	1413	0.3854	192091794	192091794	1	1
chr3	193586001	194216000	2.825	423	0.5556	0.5748	NONE	NONE	BAF_WEIGHTED	613	0.4386	193586001	193586001	1	2
chr3	194216001	196432465	2.2486	1283	0.5631	0.5548	NONE	DEL	BAF_WEIGHTED	1805	0.4607	194216001	194216001	1	1
chr3	196432466	196438560	1.0245	0	0	1	DEL	DEL	BAF_WEIGHTED	5	0.4336	196432466	196432466	0	1
chr3	196438561	197565024	2.2805	656	0.565	0.5886	DEL	BND	BAF_WEIGHTED	1044	0.4358	196438561	196438561	1	1
chr3	197565025	198295559	1.1697	290	0.6667	0.9998	BND	TELOMERE	BAF_WEIGHTED	445	0.4213	197565025	197565025	0	1
chr4	1	6443515	0.988	4252	0.6483	0.9861	TELOMERE	DEL	BAF_WEIGHTED	4855	0.4885	1	1	0	1
chr4	6443516	6443551	0.1069	0	0	1	DEL	DEL	STRUCTURAL_VARIANT	0	0	6443516	6443516	0	0
chr4	6443552	6650000	0.8646	233	0.6216	1	DEL	NONE	BAF_WEIGHTED	192	0.5111	6443552	6443552	0	1
chr4	6650001	7073000	1.4332	303	0.6667	0.9398	NONE	NONE	BAF_WEIGHTED	382	0.4822	6650001	6650001	0	1
chr4	7073001	7702000	0.8653	656	0.6429	1	NONE	NONE	BAF_WEIGHTED	570	0.5282	7073001	7073001	0	1
chr4	7702001	8611000	1.2342	710	0.6552	0.9504	NONE	NONE	BAF_WEIGHTED	777	0.5206	7702001	7702001	0	1
chr4	8611001	8939000	0.6676	252	0.6485	1	NONE	NONE	BAF_WEIGHTED	244	0.5267	8611001	8611001	0	1
chr4	8939001	16002000	1.0982	4216	0.6444	0.9468	NONE	NONE	BAF_WEIGHTED	5829	0.3974	8939001	9208001	0	1
chr4	16002001	16276000	1.5231	180	0.6667	0.9237	NONE	NONE	BAF_WEIGHTED	265	0.4138	16002001	16002001	0	1
chr4	16276001	21044135	1.0219	2556	0.6431	0.9788	NONE	DEL	BAF_WEIGHTED	4535	0.3822	16276001	16276001	0	1
chr4	21044136	21054802	0.0851	0	0	1	DEL	DEL	BAF_WEIGHTED	9	0.365	21044136	21044136	0	0
chr4	21054803	30223200	0.9999	5727	0.6489	0.986	DEL	BND	BAF_WEIGHTED	8764	0.3826	21054803	21054803	0	1
chr4	30223201	30938731	2.8933	277	0.5926	0.6677	BND	DEL	BAF_WEIGHTED	697	0.3557	30223201	30223201	1	2
chr4	30938732	30977539	2.0317	3	0.8	1.1467	DEL	DEL	BAF_WEIGHTED	38	0.3459	30938732	30938732	0	2
chr4	30977540	40045000	3.0097	6239	0.597	0.6736	DEL	NONE	BAF_WEIGHTED	8599	0.3705	30977540	30977540	1	2
chr4	40045001	40434053	3.7502	264	0.605	0.6672	NONE	BND	BAF_WEIGHTED	381	0.4262	40045001	40045001	1	3
chr4	40434054	41697000	2.3683	557	0.5625	0.5778	BND	NONE	BAF_WEIGHTED	1217	0.4186	40434054	40434054	1	1
chr4	41697001	42402000	1.8586	263	0.5758	0.6716	NONE	NONE	BAF_WEIGHTED	676	0.4103	41697001	41697001	1	1
chr4	42402001	42761000	2.2782	197	0.5625	0.5611	NONE	NONE	BAF_WEIGHTED	349	0.3788	42402001	42402001	1	1
chr4	42761001	47386000	1.8695	2469	0.5667	0.5352	NONE	NONE	BAF_WEIGHTED	4333	0.357	42761001	42761001	1	1
chr4	47386001	50726025	2.2127	665	0.5625	0.5481	NONE	CENTROMERE	BAF_WEIGHTED	1519	0.3858	47386001	47386001	1	1
chr4	50726026	54059041	2.1513	1289	0.5629	0.5458	CENTROMERE	DEL	BAF_WEIGHTED	1964	0.4021	50726026	50726026	1	1
chr4	54059042	54059268	1.261	0	0	0.793	DEL	DEL	STRUCTURAL_VARIANT	0	0	54059042	54059042	0	1
chr4	54059269	57216000	2.058	1707	0.56	0.5141	DEL	NONE	BAF_WEIGHTED	2960	0.4086	54059269	54059269	1	1
chr4	57216001	58104812	1.6886	546	0.5648	0.5937	NONE	DEL	BAF_WEIGHTED	784	0.3763	57216001	57216001	1	1
chr4	58104813	58104855	0.9497	0	0	1	DEL	DEL	STRUCTURAL_VARIANT	0	0	58104813	58104813	0	1
chr4	58104856	66604263	1.8358	6766	0.5667	0.5454	DEL	INV	BAF_WEIGHTED	7859	0.3455	58104856	58104856	1	1
chr4	66604264	66604465	2.5086	0	0	0.6673	INV	INV	STRUCTURAL_VARIANT	0	0	66604264	66604264	1	2
chr4	66604466	66604503	2.1975	0	0	0.6202	INV	INV	STRUCTURAL_VARIANT	0	0	66604466	66604466	1	1
chr4	66604504	67471452	2.8703	541	0.5954	0.6732	INV	DEL	BAF_WEIGHTED	792	0.3649	66604504	66604504	1	2
chr4	67471453	67481058	2.3325	0	0	0.5533	DEL	DEL	BAF_WEIGHTED	9	0.398	67471453	67471453	1	1
chr4	67481059	70876846	3.1262	3444	0.5952	0.6667	DEL	DEL	BAF_WEIGHTED	2823	0.3649	67481059	67481059	1	2
chr4	70876847	70876881	2.5234	0	0	0.5871	DEL	DEL	STRUCTURAL_VARIANT	0	0	70876847	70876847	1	1
chr4	70876882	70988633	3.3318	6	0.554	0.6003	DEL	DEL	BAF_WEIGHTED	106	0.4049	70876882	70876882	1	2
chr4	70988634	70989208	1.8551	0	0	0.536	DEL	DEL	STRUCTURAL_VARIANT	0	0	70988634	70988634	1	1
chr4	70989209	71895158	2.9902	401	0.5938	0.6674	DEL	DEL	BAF_WEIGHTED	823	0.3759	70989209	70989209	1	2
chr4	71895159	71907658	2.0478	0	0	0.5144	DEL	DEL	BAF_WEIGHTED	10	0.3462	71895159	71895159	1	1
chr4	71907659	72091521	3.105	0	0	0.6798	DEL	DEL	BAF_WEIGHTED	166	0.3577	71907659	71907659	1	2
chr4	72091522	72091558	2.2061	0	0	0.5493	DEL	DEL	STRUCTURAL_VARIANT	0	0	72091522	72091522	1	1
chr4	72091559	72899000	2.938	159	0.6007	0.6772	DEL	NONE	BAF_WEIGHTED	707	0.3645	72091559	72091559	1	2
chr4	72899001	75070000	3.4783	453	0.5918	0.6538	NONE	NONE	BAF_WEIGHTED	2055	0.3753	72899001	72899001	1	2
chr4	75070001	75473000	2.7238	411	0.5814	0.6516	NONE	NONE	BAF_WEIGHTED	320	0.3916	75070001	75070001	1	2
chr4	75473001	77379889	3.5016	1448	0.5936	0.6592	NONE	INV	BAF_WEIGHTED	1823	0.4087	75473001	75473001	1	2
chr4	77379890	84266000	2.1797	3896	0.5625	0.5385	INV	NONE	BAF_WEIGHTED	6413	0.3841	77379890	77379890	1	1
chr4	84266001	84422000	1.7034	57	0.5556	0.587	NONE	NONE	BAF_WEIGHTED	146	0.3823	84266001	84266001	1	1
chr4	84422001	84980000	2.3069	161	0.5556	0.5665	NONE	NONE	BAF_WEIGHTED	536	0.3798	84422001	84422001	1	1
chr4	84980001	85346000	1.826	95	0.5676	0.5476	NONE	NONE	BAF_WEIGHTED	334	0.3712	84980001	84980001	1	1
chr4	85346001	85931583	2.2971	467	0.5667	0.5647	NONE	DEL	BAF_WEIGHTED	540	0.3683	85346001	85346001	1	1
chr4	85931584	85931632	0.9291	0	0	1	DEL	DEL	STRUCTURAL_VARIANT	0	0	85931584	85931584	0	1
chr4	85931633	86021000	2.3055	95	0.5682	0.5663	DEL	NONE	BAF_WEIGHTED	87	0.3717	85931633	85931633	1	1
chr4	86021001	86268000	1.8852	99	0.5556	0.5305	NONE	NONE	BAF_WEIGHTED	215	0.358	86020001	86022001	1	1
chr4	86268001	86907000	2.4511	283	0.5652	0.592	NONE	NONE	BAF_WEIGHTED	584	0.3771	86268001	86268001	1	1
chr4	86907001	87154000	2.8912	141	0.5625	0.5748	NONE	NONE	BAF_WEIGHTED	240	0.4126	86907001	86907001	1	2
chr4	87154001	89777752	2.2516	958	0.5587	0.5532	NONE	DEL	BAF_WEIGHTED	2481	0.3885	87154001	87154001	1	1
chr4	89777753	89777790	1.1047	0	0	0.9106	DEL	DEL	STRUCTURAL_VARIANT	0	0	89777753	89777753	0	1
chr4	89777791	89833542	2.3026	51	0.5714	0.5657	DEL	DEL	BAF_WEIGHTED	54	0.355	89777791	89777791	1	1
chr4	89833543	89833597	1.0186	0	0	0.9139	DEL	DEL	STRUCTURAL_VARIANT	0	0	89833543	89833543	0	1
chr4	89833598	94186000	1.9559	2294	0.5655	0.5241	DEL	NONE	BAF_WEIGHTED	3987	0.3496	89833598	89833598	1	1
chr4	94186001	95059903	2.3603	839	0.5668	0.5721	NONE	DEL	BAF_WEIGHTED	829	0.3712	94186001	94186001	1	1
chr4	95059904	95059951	1.7202	0	0	0.5805	DEL	DEL	STRUCTURAL_VARIANT	0	0	95059904	95059904	1	1
chr4	95059952	100957500	2.1656	4646	0.5628	0.5389	DEL	NONE	BAF_WEIGHTED	5481	0.3686	95059952	95059952	1	1
chr4	100957501	101361000	3.7472	197	0.6	0.6627	NONE	NONE	BAF_WEIGHTED	397	0.3627	100957001	100958001	1	2
chr4	101361001	101985442	3.1343	218	0.5928	0.6655	NONE	BND	BAF_WEIGHTED	581	0.362	101361001	101361001	1	2
chr4	101985443	101985461	2.3887	0	0	0.5712	BND	BND	STRUCTURAL_VARIANT	0	0	101985443	101985443	1	1
chr4	101985462	101985808	4.1985	0	0	0.756	BND	BND	STRUCTURAL_VARIANT	0	0	101985462	101985462	1	3
chr4	101985809	103213000	2.3858	780	0.5657	0.5707	BND	NONE	BAF_WEIGHTED	1060	0.3781	101985809	101985809	1	1
chr4	103213001	104843000	1.9974	789	0.5612	0.5341	NONE	NONE	BAF_WEIGHTED	1445	0.3549	103213001	103213001	1	1
chr4	104843001	106362000	2.4734	370	0.5588	0.5957	NONE	NONE	BAF_WEIGHTED	1413	0.3652	104843001	104843001	1	1
chr4	106362001	107628000	1.9996	604	0.5688	0.6079	NONE	NONE	BAF_WEIGHTED	1156	0.3636	106362001	106362001	1	1
chr4	107628001	107814668	2.4379	153	0.561	0.5898	NONE	DEL	BAF_WEIGHTED	179	0.3927	107628001	107628001	1	1
chr4	107814669	107814882	0.9196	0	0	1	DEL	DEL	STRUCTURAL_VARIANT	0	0	107814669	107814669	0	1
chr4	107814883	108665000	2.5032	409	0.5588	0.6005	DEL	NONE	BAF_WEIGHTED	810	0.3994	107814883	107814883	1	2
chr4	108665001	110766000	2.1114	896	0.5625	0.5265	NONE	NONE	BAF_WEIGHTED	1950	0.3901	108665001	108665001	1	1
chr4	110766001	112027000	1.0232	540	0.6542	1.009	NONE	NONE	BAF_WEIGHTED	1147	0.3544	110766001	110766001	0	1
chr4	112027001	112443000	1.4619	184	0.6471	0.8833	NONE	NONE	BAF_WEIGHTED	388	0.3878	112027001	112027001	0	1
chr4	112443001	113281000	1.0677	477	0.64	0.9479	NONE	NONE	BAF_WEIGHTED	797	0.3841	112443001	112443001	0	1
chr4	113281001	114101000	1.4476	439	0.6364	0.8576	NONE	NONE	BAF_WEIGHTED	777	0.3649	113281001	113281001	0	1
chr4	114101001	114938749	1.0618	719	0.6538	0.9939	NONE	INV	BAF_WEIGHTED	805	0.3582	114101001	114101001	0	1
chr4	114938750	114938960	2.4123	0	0	0.5567	INV	INV	STRUCTURAL_VARIANT	0	0	114938750	114938750	1	1
chr4	114938961	114938988	0.6873	0	0	1	INV	INV	STRUCTURAL_VARIANT	0	0	114938961	114938961	0	1
chr4	114938989	118674000	2.0378	2056	0.5634	0.5248	INV	NONE	BAF_WEIGHTED	3302	0.346	114938989	114938989	1	1
chr4	118674001	119748000	2.6094	419	0.5641	0.6168	NONE	NONE	BAF_WEIGHTED	875	0.3739	118674001	118674001	1	2
chr4	119748001	137539000	2.0536	10681	0.5631	0.5262	NONE	NONE	BAF_WEIGHTED	16470	0.3581	119748001	119748001	1	1
chr4	137539001	145036000	3.2995	3669	0.5961	0.6656	NONE	NONE	BAF_WEIGHTED	6694	0.3826	137539001	137539001	1	2
chr4	145036001	146536000	3.4783	565	0.5946	0.6585	NONE	NONE	BAF_WEIGHTED	1385	0.3902	145036001	145036001	1	2
chr4	146536001	146843000	2.6776	29	0.6047	0.6965	NONE	NONE	BAF_WEIGHTED	269	0.3787	146536001	146536001	1	2
chr4	146843001	147105673	3.2507	120	0.5929	0.6603	NONE	INV	BAF_WEIGHTED	256	0.3744	146843001	146843001	1	2
chr4	147105674	148724000	2.2491	1036	0.5623	0.5487	INV	NONE	BAF_WEIGHTED	1529	0.3892	147105674	147105674	1	1
chr4	148724001	152552974	1.1965	1864	0.6522	0.9564	NONE	BND	BAF_WEIGHTED	3634	0.3837	148724001	148724001	0	1
chr4	152552975	158667000	2.1474	3246	0.5603	0.5372	BND	NONE	BAF_WEIGHTED	5803	0.3781	152552975	152552975	1	1
chr4	158667001	158866000	2.6344	0	0	0.6227	NONE	NONE	BAF_WEIGHTED	189	0.396	158667001	158667001	1	2
chr4	158866001	159083000	1.9807	0	0	0.5018	NONE	NONE	BAF_WEIGHTED	196	0.4054	158866001	158866001	1	1
chr4	159083001	159353000	2.5093	126	0.5492	0.6015	NONE	NONE	BAF_WEIGHTED	265	0.3691	159083001	159083001	1	2
chr4	159353001	163322000	1.9848	2903	0.5641	0.5038	NONE	NONE	BAF_WEIGHTED	3757	0.3545	159353001	159353001	1	1
chr4	163322001	163609000	2.4097	75	0.5789	0.6558	NONE	NONE	BAF_WEIGHTED	273	0.3705	163322001	163322001	1	2
chr4	163609001	168219000	1.8752	3479	0.5649	0.5495	NONE	NONE	BAF_WEIGHTED	4189	0.3623	163609001	163609001	1	1
chr4	168219001	169768000	2.5367	890	0.5566	0.6083	NONE	NONE	BAF_WEIGHTED	1483	0.3893	168219001	168219001	1	2
chr4	169768001	173003000	1.9173	1492	0.5652	0.5289	NONE	NONE	BAF_WEIGHTED	3027	0.3637	169768001	169768001	1	1
chr4	173003001	173523000	2.5444	212	0.5599	0.607	NONE	NONE	BAF_WEIGHTED	496	0.3972	173003001	173003001	1	2
chr4	173523001	184259000	1.9018	7038	0.5639	0.5384	NONE	NONE	BAF_WEIGHTED	10262	0.3739	173523001	173523001	1	1
chr4	184259001	184540000	2.7893	222	0.5556	0.5748	NONE	NONE	BAF_WEIGHTED	280	0.4372	184259001	184259001	1	2
chr4	184540001	185520000	2.2342	458	0.5655	0.528	NONE	NONE	BAF_WEIGHTED	924	0.4231	184540001	184540001	1	1
chr4	185520001	187692000	1.8852	1756	0.5683	0.5387	NONE	NONE	BAF_WEIGHTED	2028	0.4026	185520001	185520001	1	1
chr4	187692001	190214555	1.4724	2955	0.5705	0.6793	NONE	TELOMERE	BAF_WEIGHTED	1834	0.3961	187692001	187692001	0	1
chr5	1	5265559	2.7028	4180	0.6112	0.7074	TELOMERE	BND	BAF_WEIGHTED	4327	0.4568	1	1	1	2
chr5	5265560	11644670	3.7595	4415	0.6607	0.7624	BND	DEL	BAF_WEIGHTED	6079	0.4144	5265560	5265560	1	3
chr5	11644671	11644866	2.6871	0	0	0.6676	DEL	DEL	STRUCTURAL_VARIANT	0	0	11644671	11644671	1	2
chr5	11644867	14137000	4.0122	1640	0.6686	0.7662	DEL	NONE	BAF_WEIGHTED	2402	0.372	11644867	11644867	1	3
chr5	14137001	14273142	5.267	88	0.6639	0.7369	NONE	DEL	BAF_WEIGHTED	134	0.4237	14137001	14137001	1	4
chr5	14273143	14276512	3.7383	3	0.6667	0.7714	DEL	DEL	BAF_WEIGHTED	2	0.325	14273143	14273143	1	3
chr5	14276513	15756180	4.1616	537	0.6531	0.7395	DEL	DEL	BAF_WEIGHTED	1415	0.4122	14276513	14276513	1	3
chr5	15756181	15760619	3.5684	2	0.8208	1.0318	DEL	DEL	BAF_WEIGHTED	3	0.3467	15756181	15756181	0	4
chr5	15760620	16454000	3.9647	386	0.6694	0.7712	DEL	NONE	BAF_WEIGHTED	652	0.3962	15760620	15760620	1	3
chr5	16454001	16626000	4.7753	126	0.6619	0.7415	NONE	NONE	BAF_WEIGHTED	167	0.4239	16454001	16454001	1	4
chr5	16626001	18611000	3.7945	1558	0.6631	0.7652	NONE	NONE	BAF_WEIGHTED	1762	0.3959	16626001	16626001	1	3
chr5	18611001	29011837	1.7478	5788	0.5655	0.5772	NONE	DEL	BAF_WEIGHTED	9273	0.3481	18611001	18611001	1	1
chr5	29011838	29059593	0.8343	23	0.6579	1	DEL	DEL	BAF_WEIGHTED	44	0.3465	29011838	29011838	0	1
chr5	29059594	32102000	1.7204	2231	0.5658	0.5958	DEL	NONE	BAF_WEIGHTED	2880	0.376	29059594	29059594	1	1
chr5	32102001	32630000	2.2741	323	0.5667	0.5603	NONE	NONE	BAF_WEIGHTED	506	0.4267	32102001	32102001	1	1
chr5	32630001	33148000	1.7917	404	0.5698	0.5581	NONE	NONE	BAF_WEIGHTED	464	0.397	32630001	32630001	1	1
chr5	33148001	41710000	2.1997	5228	0.5641	0.5452	NONE	NONE	BAF_WEIGHTED	7690	0.3918	33148001	33148001	1	1
chr5	41710001	43205213	2.3664	1169	0.5629	0.5832	NONE	DEL	BAF_WEIGHTED	1357	0.3875	41710001	41710001	1	1
chr5	43205214	43205389	1.0488	0	0	0.9404	DEL	DEL	STRUCTURAL_VARIANT	0	0	43205214	43205214	0	1
chr5	43205390	44404416	2.283	150	0.5556	0.562	DEL	DUP	BAF_WEIGHTED	1050	0.3796	43205390	43205390	1	1
chr5	44404417	44786480	3.678	121	0.5954	0.6568	DUP	DUP	BAF_WEIGHTED	348	0.3586	44404417	44404417	1	2
chr5	44786481	44879000	2.5198	99	0.5667	0.6031	DUP	NONE	BAF_WEIGHTED	85	0.3587	44786481	44786481	1	2
chr5	44879001	45115171	1.9616	78	0.5613	0.5098	NONE	DEL	BAF_WEIGHTED	233	0.3622	44879001	44879001	1	1
chr5	45115172	45115693	0.8382	0	0	1	DEL	DEL	STRUCTURAL_VARIANT	0	0	45115172	45115172	0	1
chr5	45115694	45875000	1.9402	238	0.5714	0.5154	DEL	NONE	BAF_WEIGHTED	667	0.3514	45115694	45115694	1	1
chr5	45875001	48272853	1.1118	545	0.5774	0.7016	NONE	CENTROMERE	BAF_WEIGHTED	466	0.3619	45875001	45875001	0	1
chr5	48272854	49601487	0.7102	0	0	1	CENTROMERE	SGL	STRUCTURAL_VARIANT	0	0	48272854	48272854	0	1
chr5	49601488	50251000	0.7816	110	0.5736	0.5748	SGL	NONE	BAF_WEIGHTED	84	0.3634	49601488	49601488	0	0
chr5	50251001	50520000	1.6172	182	0.5556	0.6183	NONE	NONE	BAF_WEIGHTED	116	0.3709	50251001	50251001	1	1
chr5	50520001	51528006	2.0962	471	0.5563	0.5342	NONE	DEL	BAF_WEIGHTED	840	0.3614	50517001	50523001	1	1
chr5	51528007	51528047	1.1611	0	0	0.8408	DEL	DEL	STRUCTURAL_VARIANT	0	0	51528007	51528007	0	1
chr5	51528048	52642500	1.8943	395	0.5667	0.5279	DEL	NONE	BAF_WEIGHTED	1015	0.3466	51528048	51528048	1	1
chr5	52642501	55997000	2.3541	2560	0.5626	0.5769	NONE	NONE	BAF_WEIGHTED	3120	0.3925	52641001	52644001	1	1
chr5	55997001	56955000	1.5763	564	0.6452	0.8615	NONE	NONE	BAF_WEIGHTED	902	0.4116	55997001	55997001	0	1
chr5	56955001	63097863	1.1976	3493	0.6431	0.9208	NONE	DEL	BAF_WEIGHTED	5686	0.3874	56955001	56955001	0	1
chr5	63097864	63119019	0.162	0	0	1	DEL	DEL	BAF_WEIGHTED	21	0.3709	63097864	63097864	0	0
chr5	63119020	63257490	1.1546	27	0.7	1.1067	DEL	DEL	BAF_WEIGHTED	135	0.3645	63119020	63119020	0	1
chr5	63257491	63263325	-0.2479	16	0.625	1	DEL	DEL	BAF_WEIGHTED	4	0.3912	63257491	63257491	0	0
chr5	63263326	64352900	0.8402	882	0.6522	1	DEL	DEL	BAF_WEIGHTED	987	0.3631	63263326	63263326	0	1
chr5	64352901	64353250	0	0	0	1	DEL	DEL	STRUCTURAL_VARIANT	0	0	64352901	64352901	0	0
chr5	64353251	66810000	1.2026	1366	0.6461	0.9357	DEL	NONE	BAF_WEIGHTED	2297	0.3814	64353251	64353251	0	1
chr5	66810001	67315000	1.6027	233	0.6562	0.885	NONE	NONE	BAF_WEIGHTED	492	0.3963	66810001	66810001	0	1
chr5	67315001	95492500	1.1933	12516	0.6467	0.9367	NONE	NONE	BAF_WEIGHTED	24593	0.3816	67315001	67315001	0	1
chr5	95492501	96291000	1.549	262	0.6364	0.8431	NONE	NONE	BAF_WEIGHTED	763	0.3844	95492001	95493001	0	1
chr5	96291001	96599000	1.1061	186	0.6538	0.9802	NONE	NONE	BAF_WEIGHTED	282	0.3915	96291001	96291001	0	1
chr5	96599001	97039000	1.7078	227	0.6562	0.8709	NONE	NONE	BAF_WEIGHTED	431	0.3904	96599001	96599001	0	1
chr5	97039001	99189198	1.0651	1355	0.65	0.9693	NONE	DEL	BAF_WEIGHTED	1943	0.3701	97039001	97039001	0	1
chr5	99189199	99190090	0	0	0	1	DEL	DEL	STRUCTURAL_VARIANT	0	0	99189199	99189199	0	0
chr5	99190091	119170000	1.1487	10863	0.6495	0.9602	DEL	NONE	BAF_WEIGHTED	18424	0.3675	99190091	99190091	0	1
chr5	119170001	119525746	1.5758	185	0.6389	0.8458	NONE	DEL	BAF_WEIGHTED	332	0.3891	119170001	119170001	0	1
chr5	119525747	119525849	0.0555	0	0	1	DEL	DEL	STRUCTURAL_VARIANT	0	0	119525747	119525747	0	0
chr5	119525850	132385000	1.1627	7324	0.6498	0.956	DEL	NONE	BAF_WEIGHTED	11859	0.3779	119525850	119525850	0	1
chr5	132385001	132506000	2.134	128	0.6469	0.8085	NONE	NONE	BAF_WEIGHTED	113	0.4831	132385001	132385001	0	2
chr5	132506001	138671107	1.1698	2268	0.6474	0.9505	NONE	DEL	BAF_WEIGHTED	5839	0.4393	132506001	132506001	0	1
chr5	138671108	138671118	0.416	0	0	1	DEL	DEL	STRUCTURAL_VARIANT	0	0	138671108	138671108	0	0
chr5	138671119	138671181	1.2875	0	0	0.9551	DEL	DEL	STRUCTURAL_VARIANT	0	0	138671119	138671119	0	1
chr5	138671182	138671239	0.5353	0	0	1	DEL	DEL	STRUCTURAL_VARIANT	0	0	138671182	138671182	0	1
chr5	138671240	138796939	1.3761	2	0.7344	1.1343	DEL	DEL	BAF_WEIGHTED	113	0.4529	138671240	138671240	0	1
chr5	138796940	138813650	0.3376	0	0	1	DEL	DEL	BAF_WEIGHTED	14	0.3806	138796940	138796940	0	0
chr5	138813651	139134266	1.3065	102	0.6462	0.9088	DEL	DEL	BAF_WEIGHTED	299	0.4316	138813651	138813651	0	1
chr5	139134267	139138666	0.4526	1	0.5217	0.5748	DEL	DEL	BAF_WEIGHTED	3	0.4577	139134267	139134267	0	0
chr5	139138667	140723000	1.3566	249	0.641	0.885	DEL	NONE	BAF_WEIGHTED	1473	0.4587	139138667	139138667	0	1
chr5	140723001	141457000	0.8007	365	0.6452	1	NONE	NONE	BAF_WEIGHTED	638	0.3937	140723001	140723001	0	1
chr5	141457001	163426000	1.1534	13109	0.6435	0.9434	NONE	NONE	BAF_WEIGHTED	20733	0.4079	141457001	141457001	0	1
chr5	163426001	163525000	1.5722	56	0.64	0.8491	NONE	NONE	BAF_WEIGHTED	96	0.3778	163426001	163426001	0	1
chr5	163525001	168086128	0.9442	2847	0.6471	0.9987	NONE	DEL	BAF_WEIGHTED	4394	0.3712	163525001	163525001	0	1
chr5	168086129	168119031	0.0328	0	0	1	DEL	DEL	BAF_WEIGHTED	31	0.4346	168086129	168086129	0	0
chr5	168119032	168705023	1.1507	226	0.6377	0.9185	DEL	INV	BAF_WEIGHTED	558	0.4507	168119032	168119032	0	1
chr5	168705024	168720182	0.2955	0	0	1	INV	INV	BAF_WEIGHTED	12	0.4573	168705024	168705024	0	0
chr5	168720183	168742000	-0.0182	1	0.6471	1	INV	NONE	BAF_WEIGHTED	20	0.4306	168720183	168720183	0	0
chr5	168742001	173870000	1.1864	3115	0.6429	0.9223	NONE	NONE	BAF_WEIGHTED	4934	0.4467	168741001	168743001	0	1
chr5	173870001	173963000	1.776	71	0.6818	0.9221	NONE	NONE	BAF_WEIGHTED	93	0.3847	173870001	173870001	0	2
chr5	173963001	177274000	0.9768	1579	0.6459	0.9815	NONE	NONE	BAF_WEIGHTED	2786	0.455	173963001	173963001	0	1
chr5	177274001	177557000	1.5558	59	0.6429	0.8585	NONE	NONE	BAF_WEIGHTED	227	0.5363	177274001	177274001	0	1
chr5	177557001	180779000	0.9582	2325	0.6465	0.9937	NONE	NONE	BAF_WEIGHTED	2458	0.4834	177557001	177557001	0	1
chr5	180779001	180866000	1.4357	63	0.6286	0.8389	NONE	NONE	BAF_WEIGHTED	79	0.4656	180779001	180779001	0	1
chr5	180866001	181538259	0.7999	277	0.6485	1	NONE	TELOMERE	BAF_WEIGHTED	180	0.4428	180866001	180866001	0	1
chr6	1	842000	3.1719	336	0.5911	0.655	TELOMERE	NONE	BAF_WEIGHTED	564	0.427	1	1	1	2
chr6	842001	1567000	2.7181	771	0.5806	0.6502	NONE	NONE	BAF_WEIGHTED	677	0.4444	842001	842001	1	2
chr6	1567001	7738000	3.2831	4598	0.5946	0.6634	NONE	NONE	BAF_WEIGHTED	5818	0.4321	1567001	1567001	1	2
chr6	7738001	10983000	2.9524	2330	0.5952	0.6709	NONE	NONE	BAF_WEIGHTED	3093	0.395	7738001	7738001	1	2
chr6	10983001	12439839	3.552	1131	0.5938	0.6558	NONE	DEL	BAF_WEIGHTED	1397	0.4073	10983001	10983001	1	2
chr6	12439840	12439960	2.1206	0	0	0.5765	DEL	DEL	STRUCTURAL_VARIANT	0	0	12439840	12439840	1	1
chr6	12439961	12627000	3.595	78	0.6053	0.6741	DEL	NONE	BAF_WEIGHTED	178	0.3901	12439961	12439961	1	2
chr6	12627001	13303000	2.9324	284	0.5897	0.6615	NONE	NONE	BAF_WEIGHTED	655	0.4097	12627001	12627001	1	2
chr6	13303001	16130117	3.4122	1362	0.5911	0.6558	NONE	BND	BAF_WEIGHTED	2741	0.4291	13303001	13303001	1	2
chr6	16130118	16130149	2.6122	0	0	0.5504	BND	BND	STRUCTURAL_VARIANT	0	0	16130118	16130118	1	1
chr6	16130150	17128000	3.6566	699	0.5969	0.6595	BND	NONE	BAF_WEIGHTED	955	0.4175	16130150	16130150	1	2
chr6	17128001	19999166	3.0441	1743	0.599	0.6763	NONE	BND	BAF_WEIGHTED	2742	0.3984	17128001	17128001	1	2
chr6	19999167	23044000	2.3246	1862	0.5588	0.5698	BND	NONE	BAF_WEIGHTED	2934	0.3964	19999167	19999167	1	1
chr6	23044001	24643000	1.9293	1266	0.5667	0.5183	NONE	NONE	BAF_WEIGHTED	1499	0.3832	23044001	23044001	1	1
chr6	24643001	24909953	2.5548	196	0.5497	0.6086	NONE	DEL	BAF_WEIGHTED	245	0.4116	24643001	24643001	1	2
chr6	24909954	24911354	2.3411	0	0	0.5729	DEL	DEL	NON_DIPLOID	1	0.593	24909954	24909954	1	1
chr6	24911355	25414000	2.7463	358	0.5588	0.6359	DEL	NONE	BAF_WEIGHTED	484	0.4054	24911355	24911355	1	2
chr6	25414001	26019000	2.2596	67	0.5667	0.5574	NONE	NONE	BAF_WEIGHTED	596	0.39	25414001	25414001	1	1
chr6	26019001	26241000	3.1221	112	0.5572	0.5748	NONE	NONE	BAF_WEIGHTED	214	0.4179	26019001	26019001	1	2
chr6	26241001	27196000	2.5038	511	0.5675	0.5826	NONE	NONE	BAF_WEIGHTED	576	0.4181	26241001	26241001	1	1
chr6	27196001	27751000	1.7369	9	0.6	0.7352	NONE	NONE	BAF_WEIGHTED	542	0.4153	27196001	27196001	0	1
chr6	27751001	28411000	2.3594	237	0.561	0.5579	NONE	NONE	BAF_WEIGHTED	626	0.4009	27751001	27751001	1	1
chr6	28411001	28836000	1.7414	89	0.5577	0.5742	NONE	NONE	BAF_WEIGHTED	401	0.41	28411001	28411001	1	1
chr6	28836001	29039000	2.3365	185	0.5588	0.572	NONE	NONE	BAF_WEIGHTED	189	0.4241	28836001	28836001	1	1
chr6	29039001	29532000	1.7262	484	0.5676	0.5793	NONE	NONE	BAF_WEIGHTED	442	0.3803	29039001	29039001	1	1
chr6	29532001	30529000	2.1832	1919	0.5635	0.5414	NONE	NONE	BAF_WEIGHTED	849	0.4426	29532001	29532001	1	1
chr6	30529001	30919000	2.7855	88	0.5585	0.5748	NONE	NONE	BAF_WEIGHTED	370	0.4836	30529001	30529001	1	2
chr6	30919001	31467000	2.1899	1907	0.5651	0.5367	NONE	NONE	BAF_WEIGHTED	483	0.4597	30919001	30919001	1	1
chr6	31467001	32207000	2.6333	271	0.5588	0.6202	NONE	NONE	BAF_WEIGHTED	590	0.5091	31467001	31467001	1	2
chr6	32207001	32812000	2.2471	1616	0.5657	0.5621	NONE	NONE	BAF_WEIGHTED	414	0.401	32207001	32207001	1	1
chr6	32812001	32986000	2.7507	193	0.5581	0.6365	NONE	NONE	BAF_WEIGHTED	168	0.4271	32811001	32812001	1	2
chr6	32986001	34208398	2.2625	1549	0.561	0.558	NONE	DEL	BAF_WEIGHTED	1120	0.5022	32986001	32986001	1	1
chr6	34208399	34210218	1.488	0	0	0.8485	DEL	DEL	STRUCTURAL_VARIANT	0	0	34208399	34208399	0	1
chr6	34210219	35625814	2.3429	195	0.5586	0.5744	DEL	DEL	BAF_WEIGHTED	1323	0.4629	34210219	34210219	1	1
chr6	35625815	35633256	1.0795	0	0	1	DEL	DEL	BAF_WEIGHTED	7	0.3859	35625815	35625815	0	1
chr6	35633257	35800000	2.4467	70	0.5692	0.5975	DEL	NONE	BAF_WEIGHTED	143	0.4505	35633257	35633257	1	1
chr6	35800001	36004000	1.9525	30	0.5395	0.5122	NONE	NONE	BAF_WEIGHTED	199	0.4235	35800001	35800001	1	1
chr6	36004001	36976000	2.4147	400	0.5588	0.5859	NONE	NONE	BAF_WEIGHTED	945	0.4584	36004001	36004001	1	1
chr6	36976001	36984391	1.5558	12	0.589	0.7232	NONE	INV	BAF_WEIGHTED	7	0.5259	36976001	36976001	0	1
chr6	36984392	45455714	1.2615	5055	0.6462	0.922	INV	INV	BAF_WEIGHTED	8091	0.4488	36984392	36984392	0	1
chr6	45455715	45620000	2.7611	57	0.56	0.6378	INV	NONE	BAF_WEIGHTED	164	0.4048	45455715	45455715	1	2
chr6	45620001	52251000	2.0891	3683	0.5649	0.5499	NONE	NONE	BAF_WEIGHTED	6200	0.3765	45620001	45620001	1	1
chr6	52251001	53032006	2.4775	565	0.5625	0.5964	NONE	DUP	BAF_WEIGHTED	665	0.4236	52251001	52251001	1	1
chr6	53032007	53226311	3.6182	11	0.5778	0.6283	DUP	DUP	BAF_WEIGHTED	190	0.4216	53032007	53032007	1	2
chr6	53226312	53260120	2.3433	17	0.5333	0.5732	DUP	DEL	BAF_WEIGHTED	33	0.4295	53226312	53226312	1	1
chr6	53260121	53260836	0.5471	0	0	1	DEL	DEL	STRUCTURAL_VARIANT	0	0	53260121	53260121	0	1
chr6	53260837	53949000	2.6508	424	0.5659	0.6228	DEL	NONE	BAF_WEIGHTED	650	0.402	53260837	53260837	1	2
chr6	53949001	55430000	1.928	512	0.5654	0.5257	NONE	NONE	BAF_WEIGHTED	1390	0.3586	53949001	53949001	1	1
chr6	55430001	59191910	2.2986	2006	0.5648	0.539	NONE	CENTROMERE	BAF_WEIGHTED	1826	0.3682	55430001	55430001	1	1
chr6	59191911	63562000	0.8094	2980	0.6341	1	CENTROMERE	NONE	BAF_WEIGHTED	2152	0.3604	59191911	59191911	0	1
chr6	63562001	63731000	1.4958	1	0.5	0.6686	NONE	NONE	BAF_WEIGHTED	166	0.3721	63562001	63562001	0	1
chr6	63731001	66900619	0.9625	1658	0.6568	0.9995	NONE	DEL	BAF_WEIGHTED	2855	0.3454	63731001	63731001	0	1
chr6	66900620	66901902	0	0	0	1	DEL	DEL	STRUCTURAL_VARIANT	0	0	66900620	66900620	0	0
chr6	66901903	71164000	1.0201	3071	0.65	0.9921	DEL	NONE	BAF_WEIGHTED	3978	0.3574	66901903	66901903	0	1
chr6	71164001	71532500	1.4742	215	0.641	0.8656	NONE	NONE	BAF_WEIGHTED	342	0.3726	71164001	71164001	0	1
chr6	71532501	78933000	1.0387	5304	0.6491	0.9839	NONE	NONE	BAF_WEIGHTED	6637	0.3712	71532001	71533001	0	1
chr6	78933001	79092000	1.5181	80	0.6493	0.8802	NONE	NONE	BAF_WEIGHTED	151	0.3417	78933001	78933001	0	1
chr6	79092001	94535145	1.0833	8483	0.6486	0.9682	NONE	INV	BAF_WEIGHTED	14256	0.3757	79092001	79092001	0	1
chr6	94535146	105320000	1.0205	6408	0.6461	0.9796	INV	NONE	BAF_WEIGHTED	10042	0.3599	94535146	94535146	0	1
chr6	105320001	106794385	1.4152	989	0.6429	0.8798	NONE	DUP	BAF_WEIGHTED	1413	0.4022	105320001	105320001	0	1
chr6	106794386	106961471	2.2322	192	0.75	1.0132	DUP	DUP	BAF_WEIGHTED	163	0.424	106794386	106794386	0	2
chr6	106961472	108537000	1.1247	696	0.6413	0.9368	DUP	NONE	BAF_WEIGHTED	1482	0.4192	106961472	106961472	0	1
chr6	108537001	109121000	1.6552	251	0.64	0.8386	NONE	NONE	BAF_WEIGHTED	554	0.414	108537001	108537001	0	1
chr6	109121001	121908341	1.1856	7079	0.6482	0.9482	NONE	DEL	BAF_WEIGHTED	11951	0.3794	109121001	109121001	0	1
chr6	121908342	121922330	0.164	2	0.5756	1	DEL	DEL	BAF_WEIGHTED	12	0.3595	121908342	121908342	0	0
chr6	121922331	125773000	1.1085	2255	0.6475	0.9615	DEL	NONE	BAF_WEIGHTED	3646	0.3662	121922331	121922331	0	1
chr6	125773001	126044000	1.6504	140	0.6566	0.8795	NONE	NONE	BAF_WEIGHTED	263	0.3849	125773001	125773001	0	1
chr6	126044001	136225994	1.2583	5115	0.6442	0.9168	NONE	DEL	BAF_WEIGHTED	9656	0.3767	126043001	126045001	0	1
chr6	136225995	136226379	0.1281	0	0	1	DEL	DEL	STRUCTURAL_VARIANT	0	0	136225995	136225995	0	0
chr6	136226380	136659089	1.2783	17	0.6333	0.8781	DEL	DEL	BAF_WEIGHTED	419	0.3978	136226380	136226380	0	1
chr6	136659090	136659146	0.369	0	0	1	DEL	DEL	STRUCTURAL_VARIANT	0	0	136659090	136659090	0	0
chr6	136659147	142063989	1.3053	1928	0.6442	0.8992	DEL	DUP	BAF_WEIGHTED	5158	0.3825	136659147	136659147	0	1
chr6	142063990	142063997	2.3941	0	0	0.945	DUP	DEL	STRUCTURAL_VARIANT	0	0	142063990	142063990	0	2
chr6	142063998	142064177	1.3533	0	0	0.9028	DEL	DEL	STRUCTURAL_VARIANT	0	0	142063998	142063998	0	1
chr6	142064178	142064185	3.3118	0	0	0.9603	DEL	BND	STRUCTURAL_VARIANT	0	0	142064178	142064178	0	3
chr6	142064186	142064669	2.4749	0	0	0.9468	BND	BND	STRUCTURAL_VARIANT	0	0	142064186	142064186	0	2
chr6	142064670	142064986	1.3529	0	0	0.9027	BND	BND	STRUCTURAL_VARIANT	0	0	142064670	142064670	0	1
chr6	142064987	142066399	2.0985	0	0	0.9373	BND	DUP	BAF_WEIGHTED	1	0.359	142064987	142064987	0	2
chr6	142066400	142751000	2.1656	366	0.7188	0.956	DUP	NONE	BAF_WEIGHTED	658	0.3761	142066400	142066400	0	2
chr6	142751001	142963000	2.7254	96	0.6897	0.8531	NONE	NONE	BAF_WEIGHTED	208	0.3869	142751001	142751001	0	2
chr6	142963001	147403000	2.2204	1601	0.7147	0.9392	NONE	NONE	BAF_WEIGHTED	4223	0.3802	142963001	142963001	0	2
chr6	147403001	148111000	1.8786	536	0.7105	0.9736	NONE	NONE	BAF_WEIGHTED	684	0.3913	147403001	147403001	0	2
chr6	148111001	148308456	2.3826	81	0.7209	0.9386	NONE	DEL	BAF_WEIGHTED	188	0.4193	148111001	148111001	0	2
chr6	148308457	148308688	0.6542	0	0	1	DEL	DEL	STRUCTURAL_VARIANT	0	0	148308457	148308457	0	1
chr6	148308689	149021000	2.245	625	0.7297	0.9699	DEL	NONE	BAF_WEIGHTED	683	0.4175	148308689	148308689	0	2
chr6	149021001	149549000	2.6902	282	0.7294	0.9297	NONE	NONE	BAF_WEIGHTED	518	0.4109	149021001	149021001	0	3
chr6	149549001	151371000	2.0785	1391	0.7143	0.9564	NONE	NONE	BAF_WEIGHTED	1701	0.4355	149549001	149549001	0	2
chr6	151371001	152343000	2.5687	510	0.7353	0.9504	NONE	NONE	BAF_WEIGHTED	926	0.3991	151371001	151371001	0	2
chr6	152343001	153780987	2.0132	1053	0.7215	0.9882	NONE	INV	BAF_WEIGHTED	1375	0.3681	152343001	152343001	0	2
chr6	153780988	156769000	2.1197	1751	0.7241	0.9728	INV	NONE	BAF_WEIGHTED	2893	0.3999	153780988	153780988	0	2
chr6	156769001	157242000	2.77	98	0.7246	0.9149	NONE	NONE	BAF_WEIGHTED	465	0.4163	156769001	156769001	0	3
chr6	157242001	159261000	2.3592	1472	0.7168	0.9337	NONE	NONE	BAF_WEIGHTED	1922	0.4447	157242001	157242001	0	2
chr6	159261001	160935000	1.972	825	0.7196	0.9853	NONE	NONE	BAF_WEIGHTED	1473	0.4253	159261001	159261001	0	2
chr6	160935001	161137000	2.3599	129	0.7059	0.9107	NONE	NONE	BAF_WEIGHTED	200	0.3973	160935001	160935001	0	2
chr6	161137001	163351000	1.7064	2077	0.7143	1.0092	NONE	NONE	BAF_WEIGHTED	2155	0.4065	161137001	161137001	0	2
chr6	163351001	163582000	2.4165	180	0.7097	0.9134	NONE	NONE	BAF_WEIGHTED	228	0.3878	163351001	163351001	0	2
chr6	163582001	167770000	1.8553	3290	0.7153	0.9866	NONE	NONE	BAF_WEIGHTED	3789	0.4224	163582001	163582001	0	2
chr6	167770001	167975000	2.5011	52	0.7273	0.9407	NONE	NONE	BAF_WEIGHTED	200	0.4053	167770001	167770001	0	2
chr6	167975001	170263000	1.8552	2083	0.7097	0.9751	NONE	NONE	BAF_WEIGHTED	2037	0.4648	167975001	167975001	0	2
chr6	170263001	170805979	2.2639	38	0.6835	0.8739	NONE	TELOMERE	BAF_WEIGHTED	304	0.4476	170263001	170263001	0	2
chr7	1	1183000	2.7955	1224	0.5918	0.6689	TELOMERE	NONE	BAF_WEIGHTED	758	0.5506	1	1	1	2
chr7	1183001	1419500	2.1745	155	0.5882	0.6834	NONE	NONE	BAF_WEIGHTED	166	0.5597	1183001	1183001	1	1
chr7	1419501	2397000	2.6526	521	0.5946	0.6783	NONE	NONE	BAF_WEIGHTED	645	0.5523	1419001	1420001	1	2
chr7	2397001	2882000	3.2133	353	0.5909	0.6573	NONE	NONE	BAF_WEIGHTED	362	0.5291	2397001	2397001	1	2
chr7	2882001	4048000	2.5908	1035	0.5926	0.6765	NONE	NONE	BAF_WEIGHTED	1129	0.4328	2882001	2882001	1	2
chr7	4048001	4631000	2.1295	560	0.6	0.7103	NONE	NONE	BAF_WEIGHTED	539	0.47	4048001	4048001	1	2
chr7	4631001	5190500	2.6243	347	0.583	0.6468	NONE	NONE	BAF_WEIGHTED	445	0.4993	4631001	4631001	1	2
chr7	5190501	7090000	2.9127	967	0.5844	0.6532	NONE	NONE	BAF_WEIGHTED	1257	0.4868	5190001	5191001	1	2
chr7	7090001	8695000	3.4876	1693	0.5899	0.6507	NONE	NONE	BAF_WEIGHTED	1530	0.3816	7090001	7090001	1	2
chr7	8695001	8809937	2.7291	127	0.6	0.686	NONE	DEL	BAF_WEIGHTED	105	0.3567	8695001	8695001	1	2
chr7	8809938	8809970	1.1275	0	0	0.7974	DEL	DEL	STRUCTURAL_VARIANT	0	0	8809938	8809938	0	1
chr7	8809971	10856000	2.7554	1904	0.5938	0.6737	DEL	NONE	BAF_WEIGHTED	1899	0.35	8809971	8809971	1	2
chr7	10856001	12788164	3.143	2092	0.5938	0.6641	NONE	INV	BAF_WEIGHTED	1856	0.3624	10856001	10856001	1	2
chr7	12788165	12788485	1.5232	0	0	0.6932	INV	INV	STRUCTURAL_VARIANT	0	0	12788165	12788165	0	1
chr7	12788486	15152937	2.9372	1628	0.5945	0.6698	INV	BND	BAF_WEIGHTED	2244	0.3541	12788486	12788486	1	2
chr7	15152938	15152943	2.0663	0	0	0.5306	BND	BND	STRUCTURAL_VARIANT	0	0	15152938	15152938	1	1
chr7	15152944	15997000	2.8865	733	0.5882	0.6599	BND	NONE	BAF_WEIGHTED	820	0.3541	15152944	15152944	1	2
chr7	15997001	19009000	3.4097	2005	0.5915	0.6539	NONE	NONE	BAF_WEIGHTED	2895	0.3686	15997001	15997001	1	2
chr7	19009001	20081000	2.8103	980	0.5938	0.6722	NONE	NONE	BAF_WEIGHTED	974	0.3588	19009001	19009001	1	2
chr7	20081001	20348000	3.6368	303	0.587	0.6432	NONE	NONE	BAF_WEIGHTED	256	0.3714	20081001	20081001	1	2
chr7	20348001	22088000	2.8919	1214	0.5946	0.6714	NONE	NONE	BAF_WEIGHTED	1665	0.3871	20348001	20348001	1	2
chr7	22088001	22741000	3.4151	473	0.5833	0.6406	NONE	NONE	BAF_WEIGHTED	589	0.4106	22088001	22088001	1	2
chr7	22741001	23467064	2.906	345	0.5806	0.6457	NONE	DEL	BAF_WEIGHTED	687	0.4062	22741001	22741001	1	2
chr7	23467065	23468519	0.8358	0	0	1	DEL	DEL	STRUCTURAL_VARIANT	0	0	23467065	23467065	0	1
chr7	23468520	27267800	2.9424	1968	0.5874	0.6587	DEL	INV	BAF_WEIGHTED	3558	0.4103	23468520	23468520	1	2
chr7	27267801	27267878	1.366	0	0	0.7353	INV	INV	STRUCTURAL_VARIANT	0	0	27267801	27267801	0	1
chr7	27267879	27267950	3.1206	0	0	0.6782	INV	DEL	STRUCTURAL_VARIANT	0	0	27267879	27267879	1	2
chr7	27267951	27267960	1.7158	0	0	0.5854	DEL	DEL	STRUCTURAL_VARIANT	0	0	27267951	27267951	1	1
chr7	27267961	28239741	3.2127	214	0.5913	0.6574	DEL	DEL	BAF_WEIGHTED	931	0.4019	27267961	27267961	1	2
chr7	28239742	28239866	1.8529	0	0	0.6098	DEL	DEL	STRUCTURAL_VARIANT	0	0	28239742	28239742	1	1
chr7	28239867	29283028	3.174	656	0.5836	0.644	DEL	DEL	BAF_WEIGHTED	1018	0.4075	28239867	28239867	1	2
chr7	29283029	29283174	1.3578	0	0	0.8321	DEL	DEL	STRUCTURAL_VARIANT	0	0	29283029	29283029	0	1
chr7	29283175	30567000	3.513	486	0.5829	0.6386	DEL	NONE	BAF_WEIGHTED	1099	0.4185	29283175	29283175	1	2
chr7	30567001	32696250	2.8283	1596	0.587	0.6601	NONE	DEL	BAF_WEIGHTED	1945	0.4234	30567001	30567001	1	2
chr7	32696251	32696289	2.3918	0	0	0.598	DEL	DEL	STRUCTURAL_VARIANT	0	0	32696251	32696251	1	1
chr7	32696290	33633000	3.204	583	0.5918	0.6591	DEL	NONE	BAF_WEIGHTED	703	0.3864	32696290	32696290	1	2
chr7	33633001	34653723	2.0743	648	0.5655	0.5367	NONE	DEL	BAF_WEIGHTED	952	0.4012	33633001	33633001	1	1
chr7	34653724	34656084	1.4671	0	0	0.6849	DEL	DEL	BAF_WEIGHTED	1	0.415	34653724	34653724	0	1
chr7	34656085	41929000	2.1731	4382	0.5629	0.5376	DEL	NONE	BAF_WEIGHTED	6516	0.4008	34656085	34656085	1	1
chr7	41929001	42731000	2.5312	392	0.5625	0.6049	NONE	NONE	BAF_WEIGHTED	779	0.4035	41929001	41929001	1	2
chr7	42731001	43529000	2.0226	371	0.5652	0.5056	NONE	NONE	BAF_WEIGHTED	759	0.4077	42731001	42731001	1	1
chr7	43529001	44135000	2.5723	618	0.5594	0.6112	NONE	NONE	BAF_WEIGHTED	484	0.4483	43529001	43529001	1	2
chr7	44135001	48194000	2.1573	2154	0.5633	0.548	NONE	NONE	BAF_WEIGHTED	3705	0.4388	44135001	44135001	1	1
chr7	48194001	50055000	1.8522	1571	0.5645	0.5387	NONE	NONE	BAF_WEIGHTED	1707	0.3757	48194001	48194001	1	1
chr7	50055001	50365382	2.263	276	0.5588	0.5581	NONE	DEL	BAF_WEIGHTED	300	0.4042	50055001	50055001	1	1
chr7	50365383	50365395	1.1781	0	0	0.8488	DEL	DEL	STRUCTURAL_VARIANT	0	0	50365383	50365383	0	1
chr7	50365396	50365572	2.6876	0	0	0.6279	DEL	DEL	STRUCTURAL_VARIANT	0	0	50365396	50365396	1	2
chr7	50365573	50370208	1.5406	2	0.5663	0.6491	DEL	DEL	BAF_WEIGHTED	4	0.3855	50365573	50365573	1	1
chr7	50370209	56231500	1.9544	4589	0.5657	0.5297	DEL	NONE	BAF_WEIGHTED	5324	0.4007	50370209	50370209	1	1
chr7	56231501	59498943	1.2028	1471	0.5719	0.605	NONE	CENTROMERE	BAF_WEIGHTED	755	0.4224	56231001	56232001	0	1
chr7	59498944	64275000	1.3148	1429	0.5769	0.7196	CENTROMERE	NONE	BAF_WEIGHTED	937	0.3983	59498944	59498944	0	1
chr7	64275001	67340000	2.0185	1545	0.5615	0.5096	NONE	NONE	BAF_WEIGHTED	1862	0.4311	64275001	64275001	1	1
chr7	67340001	69581000	1.4007	1902	0.5707	0.5862	NONE	NONE	BAF_WEIGHTED	2213	0.4386	67340001	67340001	1	1
chr7	69581001	69818000	2.6105	23	0.5588	0.6169	NONE	NONE	BAF_WEIGHTED	232	0.4099	69581001	69581001	1	2
chr7	69818001	70783000	2.22	476	0.5588	0.5495	NONE	NONE	BAF_WEIGHTED	949	0.4107	69818001	69818001	1	1
chr7	70783001	73434500	1.4366	1319	0.5627	0.5764	NONE	NONE	BAF_WEIGHTED	1808	0.442	70783001	70783001	1	1
chr7	73434501	76267000	1.9596	899	0.5645	0.5316	NONE	NONE	BAF_WEIGHTED	1892	0.5	73433001	73436001	1	1
chr7	76267001	77945000	2.4539	1197	0.5625	0.5928	NONE	NONE	BAF_WEIGHTED	905	0.4176	76267001	76267001	1	1
chr7	77945001	78537160	1.9293	454	0.5617	0.5183	NONE	DEL	BAF_WEIGHTED	563	0.3873	77945001	77945001	1	1
chr7	78537161	78538351	0.934	0	0	1	DEL	DEL	STRUCTURAL_VARIANT	0	0	78537161	78537161	0	1
chr7	78538352	83361000	2.0974	2784	0.5662	0.5283	DEL	NONE	BAF_WEIGHTED	4629	0.3559	78538352	78538352	1	1
chr7	83361001	88713011	1.1727	2475	0.6325	0.9191	NONE	DEL	BAF_WEIGHTED	5002	0.3549	83361001	83361001	0	1
chr7	88713012	88713076	0.2474	0	0	1	DEL	DEL	STRUCTURAL_VARIANT	0	0	88713012	88713012	0	0
chr7	88713077	89390624	1.1905	280	0.64	0.9161	DEL	DEL	BAF_WEIGHTED	643	0.3475	88713077	88713077	0	1
chr7	89390625	89442670	-0.0023	15	0.6667	1	DEL	DEL	BAF_WEIGHTED	47	0.367	89390625	89390625	0	0
chr7	89442671	97051000	1.3146	4171	0.6377	0.8874	DEL	NONE	BAF_WEIGHTED	7003	0.3757	89442671	89442671	0	1
chr7	97051001	99910000	0.8864	1549	0.62	0.9713	NONE	NONE	BAF_WEIGHTED	2542	0.4435	97051001	97051001	0	1
chr7	99910001	100631000	1.374	224	0.6236	0.8345	NONE	NONE	BAF_WEIGHTED	515	0.4985	99910001	99910001	0	1
chr7	100631001	102384500	0.8937	1014	0.6213	0.9874	NONE	NONE	BAF_WEIGHTED	1503	0.5044	100631001	100631001	0	1
chr7	102384501	102752334	1.3479	49	0.6316	0.8608	NONE	DEL	BAF_WEIGHTED	79	0.5184	102384001	102385001	0	1
chr7	102752335	102752370	0.3888	0	0	1	DEL	DEL	STRUCTURAL_VARIANT	0	0	102752335	102752335	0	0
chr7	102752371	104879000	1.0229	645	0.6267	0.9926	DEL	NONE	BAF_WEIGHTED	1766	0.3891	102752371	102752371	0	1
chr7	104879001	105385360	1.5579	18	0.6545	0.8873	NONE	DEL	BAF_WEIGHTED	492	0.4076	104879001	104879001	0	1
chr7	105385361	105387000	1.4612	0	0	0.8799	DEL	NONE	BAF_WEIGHTED	1	0.481	105385361	105385361	0	1
chr7	105387001	105424773	0.1433	1	0.6522	1	NONE	DEL	BAF_WEIGHTED	33	0.4519	105387001	105387001	0	0
chr7	105424774	130716556	1.1542	12083	0.6256	0.9012	DEL	BND	BAF_WEIGHTED	23548	0.3778	105424774	105424774	0	1
chr7	130716557	130771000	2.959	56	0.6703	0.8054	BND	NONE	BAF_WEIGHTED	52	0.3935	130716557	130716557	1	2
chr7	130771001	130882000	2.9445	57	0.5652	0.5748	NONE	NONE	BAF_WEIGHTED	110	0.4018	130771001	130771001	1	2
chr7	130882001	131130000	4.0497	103	0.6078	0.6703	NONE	NONE	BAF_WEIGHTED	242	0.4235	130882001	130882001	1	3
chr7	131130001	131326000	3.1462	189	0.5873	0.6524	NONE	NONE	BAF_WEIGHTED	193	0.42	131130001	131130001	1	2
chr7	131326001	131523000	3.7781	61	0.625	0.7027	NONE	NONE	BAF_WEIGHTED	195	0.3742	131326001	131326001	1	3
chr7	131523001	133084653	3.0684	888	0.6085	0.6926	NONE	DEL	BAF_WEIGHTED	1516	0.4468	131523001	131523001	1	2
chr7	133084654	133084910	1.0638	0	0	0.9941	DEL	DEL	STRUCTURAL_VARIANT	0	0	133084654	133084654	0	1
chr7	133084911	136180000	3.2735	1941	0.603	0.6769	DEL	NONE	BAF_WEIGHTED	2969	0.4031	133084911	133084911	1	2
chr7	136180001	137891000	2.7128	789	0.603	0.6935	NONE	NONE	BAF_WEIGHTED	1611	0.3749	136180001	136180001	1	2
chr7	137891001	138021000	3.8816	97	0.6	0.6605	NONE	NONE	BAF_WEIGHTED	130	0.4316	137891001	137891001	1	3
chr7	138021001	139109222	2.9986	757	0.6124	0.7009	NONE	DEL	BAF_WEIGHTED	1047	0.4244	138021001	138021001	1	2
chr7	139109223	139124801	2.6936	0	0	0.6556	DEL	DEL	BAF_WEIGHTED	14	0.4439	139109223	139109223	1	2
chr7	139124802	142949687	3.0978	1825	0.614	0.7006	DEL	BND	BAF_WEIGHTED	3459	0.4273	139124802	139124802	1	2
chr7	142949688	142949717	2.5087	0	0	0.6303	BND	BND	STRUCTURAL_VARIANT	0	0	142949688	142949688	1	2
chr7	142949718	143742000	3.6367	203	0.5971	0.6584	BND	NONE	BAF_WEIGHTED	547	0.425	142949718	142949718	1	2
chr7	143742001	145019000	2.969	687	0.6	0.6791	NONE	NONE	BAF_WEIGHTED	896	0.3782	143742001	143847001	1	2
chr7	145019001	147236261	2.5777	1487	0.6022	0.6969	NONE	DEL	BAF_WEIGHTED	2068	0.3578	145019001	145019001	1	2
chr7	147236262	147238237	1.5017	4	0.6726	0.9426	DEL	DEL	BAF_WEIGHTED	1	0.386	147236262	147236262	0	1
chr7	147238238	147294528	2.7668	56	0.6172	0.7167	DEL	DEL	BAF_WEIGHTED	55	0.367	147238238	147238238	1	2
chr7	147294529	147300037	1.9225	2	0.5397	0.5202	DEL	DEL	BAF_WEIGHTED	5	0.359	147294529	147294529	1	1
chr7	147300038	148460812	2.7093	600	0.6093	0.7042	DEL	DEL	BAF_WEIGHTED	1104	0.3926	147300038	147300038	1	2
chr7	148460813	148460845	2.1466	0	0	0.6267	DEL	DEL	STRUCTURAL_VARIANT	0	0	148460813	148460813	1	1
chr7	148460846	149730000	2.9827	541	0.6	0.6787	DEL	NONE	BAF_WEIGHTED	1160	0.4453	148460846	148460846	1	2
chr7	149730001	150445000	3.628	441	0.6078	0.6776	NONE	NONE	BAF_WEIGHTED	229	0.5244	149730001	149730001	1	2
chr7	150445001	152463981	3.0081	1440	0.5926	0.6649	NONE	DEL	BAF_WEIGHTED	1643	0.4687	150445001	150445001	1	2
chr7	152463982	152464020	2.1481	0	0	0.6663	DEL	DEL	STRUCTURAL_VARIANT	0	0	152463982	152463982	1	1
chr7	152464021	156610000	2.3655	3082	0.5982	0.697	DEL	NONE	BAF_WEIGHTED	3227	0.4474	152464021	152464021	1	2
chr7	156610001	157423000	2.9191	459	0.6	0.6807	NONE	NONE	BAF_WEIGHTED	614	0.4356	156610001	156610001	1	2
chr7	157423001	158596000	2.0892	891	0.5946	0.7009	NONE	NONE	BAF_WEIGHTED	946	0.5088	157423001	157423001	1	1
chr7	158596001	159345973	2.7187	557	0.5897	0.6673	NONE	TELOMERE	BAF_WEIGHTED	648	0.4497	158595001	158596001	1	2
chr8	1	6405000	0.7941	8157	0.641	0.9982	TELOMERE	NONE	BAF_WEIGHTED	5391	0.4126	1	1	0	1
chr8	6405001	8809386	1.3081	1598	0.6491	0.9322	NONE	DEL	BAF_WEIGHTED	1145	0.4311	6405001	6405001	0	1
chr8	8809387	8809402	0.1884	0	0	1	DEL	DUP	STRUCTURAL_VARIANT	0	0	8809387	8809387	0	0
chr8	8809403	9322962	1.2979	495	0.6531	0.9301	DUP	BND	BAF_WEIGHTED	495	0.4287	8809403	8809403	0	1
chr8	9322963	9322991	0.1507	0	0	1	BND	BND	STRUCTURAL_VARIANT	0	0	9322963	9322963	0	0
chr8	9322992	9538000	0.848	229	0.6333	1	BND	NONE	BAF_WEIGHTED	203	0.4314	9322992	9322992	0	1
chr8	9538001	9771000	1.3625	192	0.6429	0.8891	NONE	NONE	BAF_WEIGHTED	219	0.3703	9538001	9538001	0	1
chr8	9771001	11859072	0.9696	2411	0.6348	0.9759	NONE	DEL	BAF_WEIGHTED	1984	0.454	9771001	9771001	0	1
chr8	11859073	11859106	0.3051	0	0	1	DEL	DEL	STRUCTURAL_VARIANT	0	0	11859073	11859073	0	0
chr8	11859107	15255765	0.967	3755	0.6423	0.9675	DEL	BND	BAF_WEIGHTED	2567	0.3743	11859107	11859107	0	1
chr8	15255766	16184616	2.8518	835	0.6016	0.6856	BND	DEL	BAF_WEIGHTED	891	0.3701	15255766	15255766	1	2
chr8	16184617	16373098	1.9825	49	0.5455	0.5044	DEL	INV	BAF_WEIGHTED	179	0.353	16184617	16184617	1	1
chr8	16373099	16373443	2.9811	0	0	0.683	INV	DEL	STRUCTURAL_VARIANT	0	0	16373099	16373099	1	2
chr8	16373444	16374365	1.9511	0	0	0.5156	DEL	INV	STRUCTURAL_VARIANT	0	0	16373444	16373444	1	1
chr8	16374366	16701082	2.9497	345	0.6	0.6796	INV	INV	BAF_WEIGHTED	311	0.3517	16374366	16374366	1	2
chr8	16701083	16701084	2.331	0	0	0.5946	INV	DEL	STRUCTURAL_VARIANT	0	0	16701083	16701083	1	1
chr8	16701085	17048680	1.8629	189	0.5659	0.549	DEL	DEL	BAF_WEIGHTED	321	0.3769	16701085	16701085	1	1
chr8	17048681	17048942	1.1395	0	0	0.8776	DEL	DEL	STRUCTURAL_VARIANT	0	0	17048681	17048681	0	1
chr8	17048943	17342438	2.2648	225	0.5588	0.5585	DEL	DUP	BAF_WEIGHTED	286	0.3749	17048943	17048943	1	1
chr8	17342439	17342453	1.2063	0	0	0.818	DUP	DEL	STRUCTURAL_VARIANT	0	0	17342439	17342439	0	1
chr8	17342454	19062573	2.3771	1266	0.5595	0.5849	DEL	DEL	BAF_WEIGHTED	1673	0.3978	17342454	17342454	1	1
chr8	19062574	19062608	1.6917	0	0	0.8218	DEL	DEL	STRUCTURAL_VARIANT	0	0	19062574	19062574	0	1
chr8	19062609	20320532	2.196	751	0.5625	0.5502	DEL	DEL	BAF_WEIGHTED	1213	0.4207	19062609	19062609	1	1
chr8	20320533	21896000	0.9638	812	0.6388	0.9991	DEL	NONE	BAF_WEIGHTED	1532	0.4457	20320533	20320533	0	1
chr8	21896001	21980353	1.5169	4	0.611	0.7828	NONE	DEL	BAF_WEIGHTED	80	0.4283	21896001	21896001	0	1
chr8	21980354	22537000	2.252	388	0.5627	0.5587	DEL	NONE	BAF_WEIGHTED	496	0.4802	21980354	21980354	1	1
chr8	22537001	22765729	2.9178	95	0.5532	0.5748	NONE	DEL	BAF_WEIGHTED	197	0.526	22537001	22537001	1	2
chr8	22765730	26285000	1.104	1942	0.6457	0.9483	DEL	NONE	BAF_WEIGHTED	3370	0.4175	22765730	22765730	0	1
chr8	26285001	26365000	1.8952	19	0.6333	0.7984	NONE	NONE	BAF_WEIGHTED	79	0.3841	26285001	26285001	0	2
chr8	26365001	26810154	1.1569	252	0.6432	0.934	NONE	DEL	BAF_WEIGHTED	426	0.4343	26365001	26365001	0	1
chr8	26810155	26810551	2.647	0	0	0.6222	DEL	DUP	STRUCTURAL_VARIANT	0	0	26810155	26810155	1	2
chr8	26810552	26810728	2.9816	0	0	0.6646	DUP	DEL	STRUCTURAL_VARIANT	0	0	26810552	26810552	1	2
chr8	26810729	27294000	1.998	480	0.5625	0.5005	DEL	NONE	BAF_WEIGHTED	450	0.3985	26810729	26810729	1	1
chr8	27294001	27420000	2.7573	3	0.5897	0.6661	NONE	NONE	BAF_WEIGHTED	125	0.4607	27294001	27294001	1	2
chr8	27420001	28849000	2.2118	709	0.5625	0.5479	NONE	NONE	BAF_WEIGHTED	1389	0.4427	27420001	27420001	1	1
chr8	28849001	30670000	1.4745	779	0.6537	0.8984	NONE	NONE	BAF_WEIGHTED	1747	0.4198	28849001	28849001	0	1
chr8	30670001	33600749	0.955	1684	0.6405	0.9853	NONE	DUP	BAF_WEIGHTED	2773	0.389	30670001	30670001	0	1
chr8	33600750	36660000	2.7182	825	0.6005	0.6857	DUP	NONE	BAF_WEIGHTED	2905	0.3833	33600750	33600750	1	2
chr8	36660001	37040953	3.956	168	0.6703	0.7714	NONE	DEL	BAF_WEIGHTED	365	0.3845	36660001	36660001	1	3
chr8	37040954	37895605	5.5298	271	0.7041	0.7932	DEL	DUP	BAF_WEIGHTED	819	0.4494	37040954	37040954	1	4
chr8	37895606	39292521	3.2809	620	0.5956	0.6629	DUP	DEL	BAF_WEIGHTED	1334	0.433	37895606	37895606	1	2
chr8	39292522	39292553	2.4986	0	0	0.5573	DEL	DEL	STRUCTURAL_VARIANT	0	0	39292522	39292522	1	1
chr8	39292554	40035000	3.0091	251	0.611	0.6975	DEL	NONE	BAF_WEIGHTED	549	0.3669	39292554	39292554	1	2
chr8	40035001	40193389	3.597	52	0.6105	0.6827	NONE	DEL	BAF_WEIGHTED	153	0.396	40035001	40035001	1	2
chr8	40193390	40196213	2.911	2	0.7577	0.9655	DEL	DEL	BAF_WEIGHTED	2	0.3705	40193390	40193390	0	3
chr8	40196214	40252147	3.6034	24	0.5928	0.6533	DEL	BND	BAF_WEIGHTED	55	0.3693	40196214	40196214	1	2
chr8	40252148	40276581	2.1117	10	0.5872	0.6841	BND	DUP	BAF_WEIGHTED	23	0.3785	40252148	40252148	1	1
chr8	40276582	40276786	2.8401	0	0	0.5087	DUP	INV	STRUCTURAL_VARIANT	0	0	40276582	40276582	1	1
chr8	40276787	40276815	3.3215	0	0	0.565	INV	DEL	STRUCTURAL_VARIANT	0	0	40276787	40276787	1	2
chr8	40276816	40276827	5.2214	0	0	0.7233	DEL	INV	STRUCTURAL_VARIANT	0	0	40276816	40276816	1	4
chr8	40276828	40277095	4.5059	0	0	0.6794	INV	INV	STRUCTURAL_VARIANT	0	0	40276828	40276828	1	3
chr8	40277096	40281362	3.4346	1	0.55	0.5823	INV	INV	BAF_WEIGHTED	3	0.3613	40277096	40277096	1	2
chr8	40281363	40488931	2.2268	103	0.5562	0.5489	INV	INV	BAF_WEIGHTED	189	0.4073	40281363	40281363	1	1
chr8	40488932	41162137	2.753	615	0.5925	0.6718	INV	INV	BAF_WEIGHTED	637	0.419	40488932	40488932	1	2
chr8	41162138	41934000	1.9477	731	0.5652	0.5134	INV	NONE	BAF_WEIGHTED	730	0.4648	41162138	41162138	1	1
chr8	41934001	42568000	2.421	108	0.5569	0.5958	NONE	NONE	BAF_WEIGHTED	609	0.4366	41934001	41934001	1	1
chr8	42568001	43242000	1.9493	26	0.5714	0.513	NONE	NONE	BAF_WEIGHTED	617	0.4302	42568001	42568001	1	1
chr8	43242001	44955504	1.3842	25	0.5772	0.7253	NONE	CENTROMERE	BAF_WEIGHTED	570	0.3889	43237001	43242001	0	1
chr8	44955505	47281000	1.5894	48	0.5756	0.6478	CENTROMERE	NONE	BAF_WEIGHTED	1141	0.4383	44955505	44955505	1	1
chr8	47281001	47693000	2.4484	5	0.6071	0.7098	NONE	NONE	BAF_WEIGHTED	349	0.4028	47281001	47281001	1	2
chr8	47693001	51810000	1.84	1274	0.5664	0.5736	NONE	NONE	BAF_WEIGHTED	3832	0.3861	47693001	47693001	1	1
chr8	51810001	51985000	2.4502	1	0.5952	0.6864	NONE	NONE	BAF_WEIGHTED	165	0.3845	51810001	51810001	1	2
chr8	51985001	57488000	1.8852	4133	0.5687	0.5385	NONE	NONE	BAF_WEIGHTED	5122	0.4009	51985001	51985001	1	1
chr8	57488001	59224000	2.3747	877	0.5556	0.5789	NONE	NONE	BAF_WEIGHTED	1641	0.3834	57488001	57488001	1	1
chr8	59224001	60191000	1.9916	529	0.5625	0.5021	NONE	NONE	BAF_WEIGHTED	896	0.363	59223001	59224001	1	1
chr8	60191001	61114146	2.4008	447	0.5604	0.5857	NONE	DEL	BAF_WEIGHTED	879	0.4103	60191001	60191001	1	1
chr8	61114147	61115256	0.6626	0	0	1	DEL	DEL	STRUCTURAL_VARIANT	0	0	61114147	61114147	0	1
chr8	61115257	61590000	1.8638	229	0.5714	0.5365	DEL	NONE	BAF_WEIGHTED	429	0.3953	61115257	61115257	1	1
chr8	61590001	61832000	2.4698	69	0.5588	0.5951	NONE	NONE	BAF_WEIGHTED	238	0.3812	61590001	61590001	1	1
chr8	61832001	63887086	1.8702	1657	0.5625	0.5343	NONE	DUP	BAF_WEIGHTED	1919	0.376	61832001	61832001	1	1
chr8	63887087	64303778	3.5949	101	0.6481	0.745	DUP	DEL	BAF_WEIGHTED	389	0.3531	63887087	63887087	1	3
chr8	64303779	64303838	2.0202	0	0	0.5303	DEL	DEL	STRUCTURAL_VARIANT	0	0	64303779	64303779	1	1
chr8	64303839	65706000	3.6973	478	0.6489	0.7434	DEL	NONE	BAF_WEIGHTED	1314	0.3843	64303839	64303839	1	3
chr8	65706001	66152000	4.7568	408	0.6471	0.7197	NONE	NONE	BAF_WEIGHTED	428	0.3995	65706001	65706001	1	3
chr8	66152001	66408000	3.835	113	0.6512	0.7438	NONE	NONE	BAF_WEIGHTED	236	0.4058	66152001	66152001	1	3
chr8	66408001	66795000	4.6433	49	0.6522	0.7292	NONE	NONE	BAF_WEIGHTED	378	0.415	66408001	66408001	1	3
chr8	66795001	70107000	3.9776	1410	0.647	0.7365	NONE	NONE	BAF_WEIGHTED	3107	0.3879	66795001	66795001	1	3
chr8	70107001	70403000	4.808	14	0.6436	0.7137	NONE	NONE	BAF_WEIGHTED	293	0.3794	70107001	70107001	1	3
chr8	70403001	74321500	4.0612	1849	0.6398	0.7202	NONE	NONE	BAF_WEIGHTED	3639	0.3912	70402001	70404001	1	3
chr8	74321501	74737177	4.8553	129	0.6491	0.7212	NONE	DEL	BAF_WEIGHTED	384	0.3767	74321001	74322001	1	4
chr8	74737178	74801333	4.0228	34	0.6079	0.6709	DEL	DEL	BAF_WEIGHTED	62	0.3705	74737178	74737178	1	3
chr8	74801334	75143316	4.3608	232	0.648	0.7277	DEL	DEL	BAF_WEIGHTED	316	0.3595	74801334	74801334	1	3
chr8	75143317	75143349	3.1977	0	0	0.6738	DEL	DEL	STRUCTURAL_VARIANT	0	0	75143317	75143317	1	2
chr8	75143350	75958346	3.8177	437	0.6404	0.7268	DEL	DEL	BAF_WEIGHTED	765	0.3534	75143350	75143350	1	3
chr8	75958347	75959456	2.9194	0	0	0.6199	DEL	DEL	STRUCTURAL_VARIANT	0	0	75958347	75958347	1	2
chr8	75959457	83239000	4.052	2919	0.6423	0.7261	DEL	NONE	BAF_WEIGHTED	6921	0.3655	75959457	75959457	1	3
chr8	83239001	84740849	4.7159	708	0.6903	0.7835	NONE	INV	BAF_WEIGHTED	1385	0.348	83239001	83239001	1	4
chr8	84740850	84740850	3.4287	0	0	0.7022	INV	INV	STRUCTURAL_VARIANT	0	0	84740850	84740850	1	2
chr8	84740851	86021208	4.0124	688	0.6445	0.7305	INV	INV	BAF_WEIGHTED	1020	0.3755	84740851	84740851	1	3
chr8	86021209	86619000	5.9684	363	0.6919	0.7659	INV	NONE	BAF_WEIGHTED	572	0.383	86021209	86021209	1	5
chr8	86619001	87202273	5.0282	405	0.6949	0.7859	NONE	DUP	BAF_WEIGHTED	563	0.3656	86619001	86619001	1	4
chr8	87202274	87202282	6.3237	0	0	0.8298	DUP	DEL	STRUCTURAL_VARIANT	0	0	87202274	87202274	1	5
chr8	87202283	87203324	3.9492	0	0	0.7274	DEL	INV	STRUCTURAL_VARIANT	0	0	87202283	87202283	1	3
chr8	87203325	87205491	4.5028	0	0	0.7609	INV	DUP	BAF_WEIGHTED	1	0.357	87203325	87203325	1	3
chr8	87205492	87205561	4.9253	0	0	0.7814	DUP	MULTIPLE	STRUCTURAL_VARIANT	0	0	87205492	87205492	1	4
chr8	87205562	87205726	5.6986	0	0	0.8111	MULTIPLE	INV	STRUCTURAL_VARIANT	0	0	87205562	87205562	1	5
chr8	87205727	87205840	6.4362	0	0	0.8327	INV	INV	STRUCTURAL_VARIANT	0	0	87205727	87205727	1	5
chr8	87205841	87205916	5.3936	0	0	0.8004	INV	INV	STRUCTURAL_VARIANT	0	0	87205841	87205841	1	4
chr8	87205917	87209179	4.8517	2	0.6895	0.7812	INV	DUP	BAF_WEIGHTED	3	0.305	87205917	87205917	1	4
chr8	87209180	87209360	5.9374	0	0	0.8393	DUP	DEL	STRUCTURAL_VARIANT	0	0	87209180	87209180	1	5
chr8	87209361	87209459	4.577	0	0	0.7915	DEL	BND	STRUCTURAL_VARIANT	0	0	87209361	87209361	1	4
chr8	87209460	87617919	3.802	52	0.6545	0.749	BND	DEL	BAF_WEIGHTED	347	0.3424	87209460	87209460	1	3
chr8	87617920	87617926	4.3028	0	0	0.7504	DEL	DUP	STRUCTURAL_VARIANT	0	0	87617920	87617920	1	3
chr8	87617927	87618602	3.1951	0	0	0.6638	DUP	INV	STRUCTURAL_VARIANT	0	0	87617927	87617927	1	2
chr8	87618603	87618757	1.8779	0	0	0.572	INV	DUP	STRUCTURAL_VARIANT	0	0	87618603	87618603	1	1
chr8	87618758	87619124	5.1343	0	0	0.7908	DUP	DUP	STRUCTURAL_VARIANT	0	0	87618758	87618758	1	4
chr8	87619125	87619750	4.4147	0	0	0.7567	DUP	DUP	STRUCTURAL_VARIANT	0	0	87619125	87619125	1	3
chr8	87619751	87619846	3.5352	0	0	0.6962	DUP	DEL	STRUCTURAL_VARIANT	0	0	87619751	87619751	1	2
chr8	87619847	89004697	4.9107	1154	0.6901	0.7813	DEL	DEL	BAF_WEIGHTED	1295	0.3547	87619847	87619847	1	4
chr8	89004698	89010171	3.7317	11	0.65	0.7444	DEL	DEL	BAF_WEIGHTED	5	0.3562	89004698	89004698	1	3
chr8	89010172	95042719	5.1499	2126	0.6912	0.7797	DEL	DEL	BAF_WEIGHTED	5648	0.3805	89010172	89010172	1	4
chr8	95042720	95061218	4.9552	7	0.6383	0.7038	DEL	DEL	BAF_WEIGHTED	18	0.3959	95042720	95042720	1	3
chr8	95061219	95292000	6.4946	221	0.7027	0.776	DEL	NONE	BAF_WEIGHTED	220	0.424	95061219	95061219	1	5
chr8	95292001	96557114	4.9222	732	0.6946	0.7873	NONE	DEL	BAF_WEIGHTED	1177	0.4039	95292001	95292001	1	4
chr8	96557115	96560847	2.5894	0	0	0.5956	DEL	DEL	BAF_WEIGHTED	2	0.381	96557115	96557115	1	2
chr8	96560848	97401078	5.1808	323	0.6909	0.7774	DEL	DUP	BAF_WEIGHTED	790	0.395	96560848	96560848	1	4
chr8	97401079	97401131	3.5277	0	0	0.6731	DUP	DEL	STRUCTURAL_VARIANT	0	0	97401079	97401079	1	2
chr8	97401132	97667987	3.8501	82	0.6289	0.7082	DEL	INV	BAF_WEIGHTED	234	0.42	97401132	97401132	1	3
chr8	97667988	97668043	4.3774	0	0	0.7783	INV	INV	STRUCTURAL_VARIANT	0	0	97667988	97667988	1	3
chr8	97668044	97668103	5.2652	0	0	0.8157	INV	INV	STRUCTURAL_VARIANT	0	0	97668044	97668044	1	4
chr8	97668104	98011000	4.4637	319	0.6852	0.7826	INV	NONE	BAF_WEIGHTED	336	0.4415	97668104	97668104	1	3
chr8	98011001	103460000	5.5026	1955	0.6889	0.7697	NONE	NONE	BAF_WEIGHTED	5119	0.4072	98011001	98011001	1	4
chr8	103460001	103928382	4.7311	601	0.6985	0.7973	NONE	INV	BAF_WEIGHTED	428	0.3597	103460001	103460001	1	4
chr8	103928383	103928476	3.9278	0	0	0.7559	INV	DEL	STRUCTURAL_VARIANT	0	0	103928383	103928383	1	3
chr8	103928477	103928540	5.0081	0	0	0.8086	DEL	INV	STRUCTURAL_VARIANT	0	0	103928477	103928477	1	4
chr8	103928541	103928638	6.3089	0	0	0.848	INV	INV	STRUCTURAL_VARIANT	0	0	103928541	103928541	1	5
chr8	103928639	103932811	4.9136	1	0.7455	0.8628	INV	INV	BAF_WEIGHTED	3	0.2937	103928639	103928639	1	4
chr8	103932812	104485982	3.8437	564	0.6385	0.7231	INV	INV	BAF_WEIGHTED	526	0.3745	103932812	103932812	1	3
chr8	104485983	104486279	4.2459	0	0	0.7493	INV	INV	STRUCTURAL_VARIANT	0	0	104485983	104485983	1	3
chr8	104486280	104486316	4.9379	0	0	0.7844	INV	DUP	STRUCTURAL_VARIANT	0	0	104486280	104486280	1	4
chr8	104486317	104486888	4.8059	0	0	0.7785	DUP	INV	STRUCTURAL_VARIANT	0	0	104486317	104486317	1	4
chr8	104486889	104501572	5.2625	9	0.7097	0.8033	INV	DUP	BAF_WEIGHTED	14	0.3489	104486889	104486889	1	4
chr8	104501573	104502366	3.6644	0	0	0.7266	DUP	INV	STRUCTURAL_VARIANT	0	0	104501573	104501573	1	3
chr8	104502367	106270192	4.7005	906	0.6899	0.7869	INV	DEL	BAF_WEIGHTED	1681	0.3682	104502367	104502367	1	4
chr8	106270193	106270225	3.9824	0	0	0.7284	DEL	DEL	STRUCTURAL_VARIANT	0	0	106270193	106270193	1	3
chr8	106270226	114481023	4.9091	4246	0.689	0.7796	DEL	DEL	BAF_WEIGHTED	7802	0.3547	106270226	106270226	1	4
chr8	114481024	114492142	4.4136	10	0.6346	0.7062	DEL	DEL	BAF_WEIGHTED	10	0.3309	114481024	114481024	1	3
chr8	114492143	114695351	5.1838	106	0.6981	0.7878	DEL	DEL	BAF_WEIGHTED	180	0.3383	114492143	114492143	1	4
chr8	114695352	114695390	4.5684	0	0	0.6825	DEL	DEL	STRUCTURAL_VARIANT	0	0	114695352	114695352	1	3
chr8	114695391	115666355	5.8597	151	0.6802	0.7524	DEL	BND	BAF_WEIGHTED	940	0.3543	114695391	114695391	1	4
chr8	115666356	116956806	7.0931	270	0.7221	0.7956	BND	DEL	BAF_WEIGHTED	1239	0.3803	115666356	115666356	1	6
chr8	116956807	116956847	4.8935	0	0	0.7353	DEL	DEL	STRUCTURAL_VARIANT	0	0	116956807	116956807	1	4
chr8	116956848	117922667	6.5983	432	0.7237	0.8037	DEL	INV	BAF_WEIGHTED	919	0.3875	116956848	116956848	1	5
chr8	117922668	117922670	5.7383	0	0	0.7856	INV	DUP	STRUCTURAL_VARIANT	0	0	117922668	117922668	1	5
chr8	117922671	117922704	6.1231	0	0	0.799	DUP	INV	STRUCTURAL_VARIANT	0	0	117922671	117922671	1	5
chr8	117922705	117922712	7.0463	0	0	0.8254	INV	INV	STRUCTURAL_VARIANT	0	0	117922705	117922705	1	6
chr8	117922713	120900619	6.1863	1786	0.7183	0.8011	INV	DEL	BAF_WEIGHTED	2812	0.3926	117922713	117922713	1	5
chr8	120900620	120920534	4.884	3	0.6721	0.7548	DEL	DEL	BAF_WEIGHTED	18	0.3871	120900620	120900620	1	4
chr8	120920535	121506882	6.3405	525	0.7267	0.8107	DEL	DEL	BAF_WEIGHTED	547	0.3746	120920535	120920535	1	5
chr8	121506883	121519559	3.8704	1	0.6667	0.7678	DEL	DEL	BAF_WEIGHTED	9	0.3792	121506883	121506883	1	3
chr8	121519560	122020086	5.8239	394	0.7241	0.8144	DEL	DUP	BAF_WEIGHTED	485	0.3801	121519560	121519560	1	5
chr8	122020087	122051737	4.0408	11	0.6667	0.7661	DUP	DEL	BAF_WEIGHTED	30	0.3651	122020087	122020087	1	3
chr8	122051738	122051783	3.6179	0	0	0.6566	DEL	DEL	STRUCTURAL_VARIANT	0	0	122051738	122051738	1	2
chr8	122051784	125931870	4.2927	1655	0.636	0.7106	DEL	DEL	BAF_WEIGHTED	3755	0.4202	122051784	122051784	1	3
chr8	125931871	125940524	3.1628	0	0	0.6072	DEL	DEL	BAF_WEIGHTED	8	0.3655	125931871	125931871	1	2
chr8	125940525	127783000	4.2771	1484	0.6451	0.7247	DEL	NONE	BAF_WEIGHTED	1732	0.4	125940525	125940525	1	3
chr8	127783001	128697000	4.9528	377	0.6549	0.7261	NONE	NONE	BAF_WEIGHTED	886	0.4202	127783001	127783001	1	4
chr8	128697001	129842000	3.8898	909	0.6327	0.7128	NONE	NONE	BAF_WEIGHTED	1064	0.3874	128697001	128697001	1	3
chr8	129842001	130526000	4.5519	157	0.6346	0.704	NONE	NONE	BAF_WEIGHTED	669	0.427	129842001	129842001	1	3
chr8	130526001	132760000	3.8832	1658	0.6407	0.7257	NONE	NONE	BAF_WEIGHTED	2106	0.4022	130526001	130526001	1	3
chr8	132760001	133282279	4.5374	205	0.6338	0.703	NONE	DEL	BAF_WEIGHTED	517	0.4437	132760001	132760001	1	3
chr8	133282280	133293694	4.3115	11	0.6731	0.7674	DEL	DEL	BAF_WEIGHTED	10	0.5102	133282280	133282280	1	3
chr8	133293695	134878000	4.396	1197	0.6426	0.7209	DEL	NONE	BAF_WEIGHTED	1517	0.4335	133293695	133293695	1	3
chr8	134878001	135659000	3.8823	635	0.641	0.7263	NONE	NONE	BAF_WEIGHTED	753	0.415	134878001	134878001	1	3
chr8	135659001	136194552	3.2899	536	0.6365	0.734	NONE	DEL	BAF_WEIGHTED	493	0.4147	135659001	135659001	1	2
chr8	136194553	136196933	2.3182	0	0	0.5884	DEL	DEL	STRUCTURAL_VARIANT	0	0	136194553	136194553	1	1
chr8	136196934	139106021	3.5659	2477	0.64	0.7324	DEL	DEL	BAF_WEIGHTED	2757	0.3974	136196934	136196934	1	3
chr8	139106022	139106181	2.6432	0	0	0.639	DEL	DEL	STRUCTURAL_VARIANT	0	0	139106022	139106022	1	2
chr8	139106182	139552000	3.4785	373	0.6458	0.7442	DEL	NONE	BAF_WEIGHTED	438	0.4296	139106182	139106182	1	3
chr8	139552001	141508119	4.0674	1249	0.6436	0.7262	NONE	DEL	BAF_WEIGHTED	1753	0.4815	139552001	139552001	1	3
chr8	141508120	141508162	1.8153	0	0	0.5091	DEL	DEL	STRUCTURAL_VARIANT	0	0	141508120	141508120	1	1
chr8	141508163	141520733	3.0329	0	0	0.7062	DEL	INV	BAF_WEIGHTED	7	0.5881	141508163	141508163	1	2
chr8	141520734	141520739	4.2561	0	0	0.7906	INV	DUP	STRUCTURAL_VARIANT	0	0	141520734	141520734	1	3
chr8	141520740	143174849	3.3687	1621	0.6403	0.7354	DUP	DEL	BAF_WEIGHTED	1175	0.5413	141520740	141520740	1	2
chr8	143174850	143175203	2.435	0	0	0.634	DEL	DEL	STRUCTURAL_VARIANT	0	0	143174850	143174850	1	2
chr8	143175204	143531000	3.8206	428	0.6442	0.7329	DEL	NONE	BAF_WEIGHTED	198	0.578	143175204	143175204	1	3
chr8	143531001	143598847	4.874	10	0.6877	0.7781	NONE	DEL	BAF_WEIGHTED	30	0.6052	143531001	143531001	1	4
chr8	143598848	143598881	2.6415	0	0	0.5748	DEL	DEL	STRUCTURAL_VARIANT	0	0	143598848	143598848	1	2
chr8	143598882	145138636	4.0698	547	0.6425	0.724	DEL	TELOMERE	BAF_WEIGHTED	909	0.5408	143598882	143598882	1	3
chr9	1	14086000	1.0819	11833	0.6471	0.96	TELOMERE	NONE	BAF_WEIGHTED	13029	0.3812	1	1	0	1
chr9	14086001	14464000	1.5583	233	0.6667	0.9179	NONE	NONE	BAF_WEIGHTED	368	0.3851	14086001	14086001	0	1
chr9	14464001	22553000	1.1312	5207	0.6454	0.9563	NONE	NONE	BAF_WEIGHTED	7490	0.3887	14464001	14464001	0	1
chr9	22553001	27288000	1.8834	2825	0.567	0.5305	NONE	NONE	BAF_WEIGHTED	4409	0.3635	22553001	22553001	1	1
chr9	27288001	27602000	2.5362	274	0.5544	0.6057	NONE	NONE	BAF_WEIGHTED	303	0.4071	27288001	27288001	1	2
chr9	27602001	32997000	1.9249	4639	0.5643	0.5273	NONE	NONE	BAF_WEIGHTED	5032	0.3617	27602001	27602001	1	1
chr9	32997001	34708000	2.3359	1018	0.5595	0.5725	NONE	NONE	BAF_WEIGHTED	1377	0.4569	32997001	32997001	1	1
chr9	34708001	34952000	1.8047	138	0.5659	0.5541	NONE	NONE	BAF_WEIGHTED	198	0.4122	34708001	34708001	1	1
chr9	34952001	36494000	2.339	461	0.56	0.5725	NONE	NONE	BAF_WEIGHTED	1448	0.4443	34952001	34952001	1	1
chr9	36494001	37064000	1.8411	484	0.5625	0.5432	NONE	NONE	BAF_WEIGHTED	547	0.4654	36494001	36494001	1	1
chr9	37064001	38453000	2.2628	788	0.5625	0.5581	NONE	NONE	BAF_WEIGHTED	1327	0.4403	37064001	37064001	1	1
chr9	38453001	44377362	1.7437	234	0.5714	0.5735	NONE	CENTROMERE	BAF_WEIGHTED	179	0.432	38453001	38453001	1	1
chr9	44377363	74302859	2.0929	3508	0.5668	0.5472	CENTROMERE	DEL	BAF_WEIGHTED	5604	0.3883	44377363	44377363	1	1
chr9	74302860	74303891	1.1563	0	0	0.9905	DEL	DEL	STRUCTURAL_VARIANT	0	0	74302860	74302860	0	1
chr9	74303892	74945000	1.9894	149	0.575	0.6635	DEL	NONE	BAF_WEIGHTED	624	0.3805	74303892	74303892	1	1
chr9	74945001	75198000	2.3938	100	0.5536	0.5823	NONE	NONE	BAF_WEIGHTED	245	0.3975	74945001	74945001	1	1
chr9	75198001	76030260	2.0223	643	0.5625	0.5055	NONE	BND	BAF_WEIGHTED	772	0.3905	75198001	75198001	1	1
chr9	76030261	76111815	1.1625	9	0.7143	1.1471	BND	BND	BAF_WEIGHTED	76	0.3802	76030261	76030261	0	1
chr9	76111816	76744000	2.3922	347	0.561	0.582	BND	NONE	BAF_WEIGHTED	602	0.4129	76111816	76111816	1	1
chr9	76744001	77148000	1.7928	374	0.5652	0.5578	NONE	NONE	BAF_WEIGHTED	387	0.414	76744001	76744001	1	1
chr9	77148001	77631644	2.1702	127	0.5588	0.5392	NONE	DEL	BAF_WEIGHTED	450	0.3869	77148001	77148001	1	1
chr9	77631645	77631681	1.5289	0	0	1	DEL	DEL	STRUCTURAL_VARIANT	0	0	77631645	77631645	0	2
chr9	77631682	78275000	2.5793	333	0.556	0.6058	DEL	NONE	BAF_WEIGHTED	593	0.3959	77631682	77631682	1	2
chr9	78275001	83355754	2.075	2544	0.5631	0.5195	NONE	DEL	BAF_WEIGHTED	4751	0.3865	78275001	78275001	1	1
chr9	83355755	83390929	1.1141	3	0.5909	0.7825	DEL	DEL	BAF_WEIGHTED	33	0.4048	83355755	83355755	0	1
chr9	83390930	87583893	2.0402	2886	0.5597	0.5256	DEL	DEL	BAF_WEIGHTED	3800	0.4096	83390930	83390930	1	1
chr9	87583894	87584759	0.8814	0	0	1	DEL	DEL	STRUCTURAL_VARIANT	0	0	87583894	87583894	0	1
chr9	87584760	88763000	2.051	878	0.5625	0.5124	DEL	NONE	BAF_WEIGHTED	1050	0.4401	87584760	87584760	1	1
chr9	88763001	89057000	2.4907	165	0.5588	0.5985	NONE	NONE	BAF_WEIGHTED	282	0.4244	88763001	88763001	1	1
chr9	89057001	89290000	1.9589	7	0.5588	0.5105	NONE	NONE	BAF_WEIGHTED	216	0.4204	89057001	89057001	1	1
chr9	89290001	90024000	2.4088	352	0.5588	0.5849	NONE	NONE	BAF_WEIGHTED	706	0.473	89290001	89290001	1	1
chr9	90024001	90884500	1.9034	792	0.5633	0.5254	NONE	NONE	BAF_WEIGHTED	781	0.4054	90024001	90024001	1	1
chr9	90884501	91042907	2.3583	120	0.5677	0.576	NONE	DEL	BAF_WEIGHTED	153	0.4527	90884001	90885001	1	1
chr9	91042908	91043897	0.8636	0	0	1	DEL	DEL	STRUCTURAL_VARIANT	0	0	91042908	91042908	0	1
chr9	91043898	92262000	2.1322	661	0.5623	0.513	DEL	NONE	BAF_WEIGHTED	1115	0.4304	91043898	91043898	1	1
chr9	92262001	93643000	2.3933	682	0.5577	0.5822	NONE	NONE	BAF_WEIGHTED	1228	0.4567	92262001	92262001	1	1
chr9	93643001	93931000	1.6291	386	0.5714	0.6138	NONE	NONE	BAF_WEIGHTED	259	0.4646	93643001	93643001	1	1
chr9	93931001	94724000	2.0667	590	0.5572	0.5161	NONE	NONE	BAF_WEIGHTED	591	0.4329	93931001	93931001	1	1
chr9	94724001	95220000	2.5034	1	0.5	0.6005	NONE	NONE	BAF_WEIGHTED	487	0.4306	94724001	94724001	1	2
chr9	95220001	96589566	1.9502	674	0.5625	0.5128	NONE	INV	BAF_WEIGHTED	1313	0.4354	95219001	95221001	1	1
chr9	96589567	96589578	1.0943	0	0	0.8589	INV	INV	STRUCTURAL_VARIANT	0	0	96589567	96589567	0	1
chr9	96589579	98956000	2.0578	1304	0.561	0.5433	INV	NONE	BAF_WEIGHTED	1953	0.4444	96589579	96589579	1	1
chr9	98956001	99274000	2.5398	124	0.5556	0.6063	NONE	NONE	BAF_WEIGHTED	309	0.4392	98956001	98956001	1	2
chr9	99274001	104732000	1.9079	3277	0.5651	0.5448	NONE	NONE	BAF_WEIGHTED	5093	0.3715	99274001	99274001	1	1
chr9	104732001	105487000	2.4766	412	0.561	0.5776	NONE	NONE	BAF_WEIGHTED	743	0.4126	104732001	104732001	1	1
chr9	105487001	106929347	2.0039	610	0.5641	0.501	NONE	INV	BAF_WEIGHTED	1304	0.3881	105487001	105487001	1	1
chr9	106929348	106930216	2.9588	0	0	0.662	INV	INV	STRUCTURAL_VARIANT	0	0	106929348	106929348	1	2
chr9	106930217	107227000	2.094	247	0.56	0.5224	INV	NONE	BAF_WEIGHTED	293	0.4132	106930217	106930217	1	1
chr9	107227001	107344000	2.6481	87	0.56	0.6224	NONE	NONE	BAF_WEIGHTED	111	0.3993	107227001	107227001	1	2
chr9	107344001	111867000	2.1714	2657	0.561	0.5353	NONE	NONE	BAF_WEIGHTED	4328	0.4113	107344001	107344001	1	1
chr9	111867001	111971051	2.9492	130	0.5676	0.5748	NONE	DEL	BAF_WEIGHTED	101	0.4208	111867001	111867001	1	2
chr9	111971052	111971087	1.6022	0	0	0.7826	DEL	DEL	STRUCTURAL_VARIANT	0	0	111971052	111971052	0	1
chr9	111971088	112099000	2.9142	82	0.5484	0.5748	DEL	NONE	BAF_WEIGHTED	127	0.4294	111971088	111971088	1	2
chr9	112099001	112939000	2.2377	500	0.5641	0.5531	NONE	NONE	BAF_WEIGHTED	816	0.412	112099001	112099001	1	1
chr9	112939001	113100000	1.7562	32	0.5695	0.5694	NONE	NONE	BAF_WEIGHTED	124	0.3992	112939001	112939001	1	1
chr9	113100001	114772170	2.3168	779	0.561	0.5683	NONE	BND	BAF_WEIGHTED	1586	0.4643	113100001	113100001	1	1
chr9	114772171	118757737	3.2053	2422	0.6038	0.6797	BND	DEL	BAF_WEIGHTED	3831	0.3955	114772171	114772171	1	2
chr9	118757738	118757795	1.9141	0	0	0.5363	DEL	DEL	STRUCTURAL_VARIANT	0	0	118757738	118757738	1	1
chr9	118757796	119684443	2.9185	398	0.5962	0.6736	DEL	DEL	BAF_WEIGHTED	886	0.3901	118757796	118757796	1	2
chr9	119684444	119712599	0.8985	39	0.6296	1	DEL	DEL	BAF_WEIGHTED	27	0.4017	119684444	119684444	0	1
chr9	119712600	120309000	2.8118	208	0.5978	0.6796	DEL	NONE	BAF_WEIGHTED	566	0.4255	119712600	119712600	1	2
chr9	120309001	121388000	3.6577	324	0.5921	0.6505	NONE	NONE	BAF_WEIGHTED	1035	0.4249	120309001	120309001	1	2
chr9	121388001	122504000	3.2326	474	0.5914	0.6577	NONE	NONE	BAF_WEIGHTED	1057	0.4671	121388001	121388001	1	2
chr9	122504001	122798000	2.5525	30	0.5754	0.6448	NONE	NONE	BAF_WEIGHTED	250	0.3903	122504001	122504001	1	2
chr9	122798001	125942000	3.3341	1022	0.5952	0.665	NONE	NONE	BAF_WEIGHTED	2997	0.436	122798001	122798001	1	2
chr9	125942001	126239000	2.5837	151	0.6087	0.7075	NONE	NONE	BAF_WEIGHTED	280	0.4769	125942001	125942001	1	2
chr9	126239001	127897500	3.4207	775	0.5932	0.6579	NONE	NONE	BAF_WEIGHTED	1540	0.4824	126239001	126239001	1	2
chr9	127897501	128111000	4.253	23	0.5686	0.5297	NONE	NONE	BAF_WEIGHTED	197	0.5222	127897001	127898001	2	2
chr9	128111001	130142000	3.3944	1011	0.599	0.6674	NONE	NONE	BAF_WEIGHTED	1822	0.5118	128111001	128111001	1	2
chr9	130142001	130683000	2.7645	327	0.6061	0.6962	NONE	NONE	BAF_WEIGHTED	470	0.5261	130142001	130142001	1	2
chr9	130683001	130867000	3.4419	92	0.5956	0.6607	NONE	NONE	BAF_WEIGHTED	177	0.4453	130683001	130683001	1	2
chr9	130867001	131110956	2.7718	164	0.5955	0.6763	NONE	DEL	BAF_WEIGHTED	207	0.5436	130867001	130867001	1	2
chr9	131110957	131113576	1.5765	0	0	0.5691	DEL	DEL	BAF_WEIGHTED	2	0.5835	131110957	131110957	1	1
chr9	131113577	131348027	3.3024	111	0.5893	0.6526	DEL	DEL	BAF_WEIGHTED	212	0.4798	131113577	131113577	1	2
chr9	131348028	131348073	1.4266	0	0	0.855	DEL	DEL	STRUCTURAL_VARIANT	0	0	131348028	131348028	0	1
chr9	131348074	131760000	3.5652	176	0.5952	0.6579	DEL	NONE	BAF_WEIGHTED	379	0.4936	131348074	131348074	1	2
chr9	131760001	132419000	2.9997	255	0.5962	0.6715	NONE	NONE	BAF_WEIGHTED	630	0.4689	131760001	131760001	1	2
chr9	132419001	132606000	2.4122	112	0.5833	0.6644	NONE	NONE	BAF_WEIGHTED	176	0.5008	132419001	132419001	1	2
chr9	132606001	134496000	3.1287	1410	0.5988	0.6729	NONE	NONE	BAF_WEIGHTED	1398	0.5278	132606001	132606001	1	2
chr9	134496001	135861000	2.6724	984	0.6047	0.6967	NONE	NONE	BAF_WEIGHTED	1052	0.5344	134496001	134496001	1	2
chr9	135861001	136461000	3.1103	522	0.6053	0.6848	NONE	NONE	BAF_WEIGHTED	363	0.5671	135861001	135861001	1	2
chr9	136461001	137708000	3.6316	680	0.5967	0.6591	NONE	NONE	BAF_WEIGHTED	645	0.58	136461001	136461001	1	2
chr9	137708001	138394717	2.6083	200	0.6082	0.7057	NONE	TELOMERE	BAF_WEIGHTED	344	0.4949	137708001	137708001	1	2
chr10	1	1086000	3.2022	545	0.6	0.6733	TELOMERE	NONE	BAF_WEIGHTED	891	0.4537	1	1	1	2
chr10	1086001	3150000	2.5532	2557	0.5918	0.6762	NONE	NONE	BAF_WEIGHTED	1954	0.432	1086001	1086001	1	2
chr10	3150001	5847000	3.4063	1891	0.5994	0.6682	NONE	NONE	BAF_WEIGHTED	2509	0.4166	3150001	3150001	1	2
chr10	5847001	7656191	3.123	1289	0.5882	0.6545	NONE	DEL	BAF_WEIGHTED	1697	0.4367	5847001	5847001	1	2
chr10	7656192	7656226	2.1455	0	0	0.5029	DEL	DEL	STRUCTURAL_VARIANT	0	0	7656192	7656192	1	1
chr10	7656227	8081018	3.1933	416	0.5792	0.6382	DEL	DEL	BAF_WEIGHTED	409	0.4218	7656227	7656227	1	2
chr10	8081019	8081031	1.7898	0	0	0.5693	DEL	DEL	STRUCTURAL_VARIANT	0	0	8081019	8081019	1	1
chr10	8081032	8081255	3.7397	0	0	0.7275	DEL	DEL	STRUCTURAL_VARIANT	0	0	8081032	8081032	1	3
chr10	8081256	9342000	2.3271	1099	0.5614	0.5621	DEL	NONE	BAF_WEIGHTED	1238	0.3837	8081256	8081256	1	1
chr10	9342001	10035527	1.8825	570	0.5714	0.5312	NONE	DEL	BAF_WEIGHTED	654	0.3598	9342001	9342001	1	1
chr10	10035528	10035573	0.9451	0	0	1	DEL	DEL	STRUCTURAL_VARIANT	0	0	10035528	10035528	0	1
chr10	10035574	14207000	1.9618	2538	0.564	0.5443	DEL	NONE	BAF_WEIGHTED	4030	0.431	10035574	10035574	1	1
chr10	14207001	14973000	1.2606	491	0.6365	0.8848	NONE	NONE	BAF_WEIGHTED	738	0.4252	14207001	14207001	0	1
chr10	14973001	15793000	0.9626	769	0.6471	1	NONE	NONE	BAF_WEIGHTED	747	0.4256	14973001	14973001	0	1
chr10	15793001	15868000	1.3971	3	0.6897	1.0085	NONE	NONE	BAF_WEIGHTED	75	0.3591	15793001	15793001	0	1
chr10	15868001	16724000	0.8198	450	0.64	1	NONE	NONE	BAF_WEIGHTED	812	0.3965	15868001	15868001	0	1
chr10	16724001	17224569	1.2856	430	0.6306	0.8691	NONE	DEL	BAF_WEIGHTED	481	0.3956	16724001	16724001	0	1
chr10	17224570	17224606	0.4406	0	0	1	DEL	DEL	STRUCTURAL_VARIANT	0	0	17224570	17224570	0	0
chr10	17224607	20514902	1.0345	2151	0.653	0.9897	DEL	DEL	BAF_WEIGHTED	3118	0.3839	17224607	17224607	0	1
chr10	20514903	20515144	0.0014	0	0	1	DEL	DEL	STRUCTURAL_VARIANT	0	0	20514903	20514903	0	0
chr10	20515145	22591000	1.1816	394	0.6527	0.9802	DEL	NONE	BAF_WEIGHTED	1938	0.4019	20515145	20515145	0	1
chr10	22591001	22702000	1.857	132	0.6415	0.8203	NONE	NONE	BAF_WEIGHTED	111	0.4083	22591001	22591001	0	2
chr10	22702001	35421840	1.1726	9292	0.6441	0.9359	NONE	DEL	BAF_WEIGHTED	11890	0.4068	22702001	22702001	0	1
chr10	35421841	38913000	1.7589	1567	0.5667	0.5819	DEL	NONE	BAF_WEIGHTED	2483	0.3977	35421841	35421841	1	1
chr10	38913001	39290000	1.1705	73	0.5714	0.5748	NONE	NONE	BAF_WEIGHTED	283	0.3752	38267001	38913001	0	1
chr10	39290001	40640101	0.7969	254	0.583	0.9916	NONE	CENTROMERE	BAF_WEIGHTED	212	0.364	39290001	39290001	0	1
chr10	40640102	42559000	1.6163	18	0.5736	0.6187	CENTROMERE	NONE	BAF_WEIGHTED	163	0.4047	40640102	40640102	1	1
chr10	42559001	50313000	2.1485	3910	0.5643	0.5437	NONE	NONE	BAF_WEIGHTED	4888	0.445	42559001	42559001	1	1
chr10	50313001	50644000	2.6654	261	0.5625	0.6248	NONE	NONE	BAF_WEIGHTED	315	0.3935	50313001	50313001	1	2
chr10	50644001	59793000	2.0015	6253	0.5639	0.5329	NONE	NONE	BAF_WEIGHTED	8419	0.36	50644001	50644001	1	1
chr10	59793001	62883000	2.5708	1638	0.5588	0.5899	NONE	NONE	BAF_WEIGHTED	2900	0.3859	59793001	59793001	1	2
chr10	62883001	63119000	1.9793	230	0.561	0.5052	NONE	NONE	BAF_WEIGHTED	221	0.4058	62883001	62883001	1	1
chr10	63119001	63733000	2.5782	435	0.5588	0.6121	NONE	NONE	BAF_WEIGHTED	606	0.3905	63119001	63119001	1	2
chr10	63733001	69315000	1.9226	2887	0.5658	0.5264	NONE	NONE	BAF_WEIGHTED	5269	0.3788	63733001	63733001	1	1
chr10	69315001	69478000	2.7832	234	0.5641	0.5748	NONE	NONE	BAF_WEIGHTED	161	0.4916	69315001	69315001	1	2
chr10	69478001	84542000	2.1924	8363	0.5606	0.5443	NONE	NONE	BAF_WEIGHTED	13763	0.4311	69478001	69478001	1	1
chr10	84542001	86345000	1.8461	1438	0.5625	0.5417	NONE	NONE	BAF_WEIGHTED	1685	0.4172	84542001	84542001	1	1
chr10	86345001	92918123	2.315	3400	0.5623	0.5688	NONE	DEL	BAF_WEIGHTED	5771	0.3973	86345001	86345001	1	1
chr10	92918124	92918157	1.235	0	0	0.8082	DEL	DEL	STRUCTURAL_VARIANT	0	0	92918124	92918124	0	1
chr10	92918158	93356000	2.1747	278	0.5654	0.5402	DEL	NONE	BAF_WEIGHTED	424	0.4208	92918158	92918158	1	1
chr10	93356001	93518000	2.6663	198	0.5579	0.6249	NONE	NONE	BAF_WEIGHTED	160	0.4347	93356001	93356001	1	2
chr10	93518001	94632000	2.0644	639	0.561	0.5156	NONE	NONE	BAF_WEIGHTED	1070	0.4073	93518001	93518001	1	1
chr10	94632001	95177000	1.4332	237	0.5625	0.5748	NONE	NONE	BAF_WEIGHTED	400	0.3801	94632001	94632001	1	1
chr10	95177001	100564000	2.1493	2289	0.563	0.5554	NONE	NONE	BAF_WEIGHTED	5060	0.4317	95177001	95177001	1	1
chr10	100564001	100752000	1.6843	38	0.5764	0.6829	NONE	NONE	BAF_WEIGHTED	172	0.4947	100564001	100564001	1	1
chr10	100752001	103197000	2.3028	796	0.561	0.5657	NONE	NONE	BAF_WEIGHTED	2302	0.4621	100752001	100752001	1	1
chr10	103197001	103383000	1.7869	9	0.5789	0.6826	NONE	NONE	BAF_WEIGHTED	175	0.4498	103197001	103197001	1	1
chr10	103383001	104570000	2.5462	740	0.5579	0.6073	NONE	NONE	BAF_WEIGHTED	1148	0.4535	103383001	103383001	1	2
chr10	104570001	108655383	1.8076	2117	0.5655	0.5603	NONE	DEL	BAF_WEIGHTED	3901	0.3831	104570001	104570001	1	1
chr10	108655384	108656365	0.6037	0	0	1	DEL	DEL	STRUCTURAL_VARIANT	0	0	108655384	108655384	0	1
chr10	108656366	109833000	1.6518	1111	0.5714	0.6054	DEL	NONE	BAF_WEIGHTED	1057	0.3844	108656366	108656366	1	1
chr10	109833001	110729000	2.5594	206	0.5556	0.6093	NONE	NONE	BAF_WEIGHTED	875	0.427	109833001	109833001	1	2
chr10	110729001	111019000	3.0671	160	0.5526	0.5748	NONE	NONE	BAF_WEIGHTED	282	0.4021	110729001	110729001	1	2
chr10	111019001	119604439	2.1803	3837	0.5607	0.5404	NONE	DEL	BAF_WEIGHTED	8255	0.4187	111019001	111019001	1	1
chr10	119604440	119604479	0.6933	0	0	1	DEL	DEL	STRUCTURAL_VARIANT	0	0	119604440	119604440	0	1
chr10	119604480	123020956	2.0545	2230	0.561	0.5304	DEL	DEL	BAF_WEIGHTED	3247	0.4308	119604480	119604480	1	1
chr10	123020957	123021001	0.9407	0	0	1	DEL	DEL	STRUCTURAL_VARIANT	0	0	123020957	123020957	0	1
chr10	123021002	123974000	2.149	591	0.5588	0.5347	DEL	NONE	BAF_WEIGHTED	929	0.454	123021002	123021002	1	1
chr10	123974001	124239000	2.5703	298	0.5588	0.6109	NONE	NONE	BAF_WEIGHTED	253	0.4897	123974001	123974001	1	2
chr10	124239001	124414435	2.0867	126	0.5591	0.5208	NONE	DEL	BAF_WEIGHTED	169	0.4906	124239001	124239001	1	1
chr10	124414436	124415351	0.6972	0	0	1	DEL	DEL	STRUCTURAL_VARIANT	0	0	124414436	124414436	0	1
chr10	124415352	124616500	2.1001	258	0.5647	0.5238	DEL	NONE	BAF_WEIGHTED	168	0.5209	124415352	124415352	1	1
chr10	124616501	124767000	3.3004	12	0.5695	0.606	NONE	NONE	BAF_WEIGHTED	142	0.5072	124616001	124617001	1	2
chr10	124767001	124785675	2.2723	1	0.5	0.5599	NONE	DEL	BAF_WEIGHTED	17	0.4253	124767001	124767001	1	1
chr10	124785676	124798077	1.3247	2	0.8517	1.4749	DEL	DEL	BAF_WEIGHTED	11	0.4661	124785676	124785676	0	1
chr10	124798078	124901000	1.9173	23	0.5862	0.6918	DEL	NONE	BAF_WEIGHTED	100	0.4543	124798078	124798078	1	1
chr10	124901001	125163000	2.5241	156	0.5541	0.6038	NONE	NONE	BAF_WEIGHTED	252	0.4749	124901001	124901001	1	2
chr10	125163001	125303524	2.0203	43	0.5588	0.505	NONE	DEL	BAF_WEIGHTED	131	0.4551	125163001	125163001	1	1
chr10	125303525	125316183	0.9676	0	0	1	DEL	DEL	BAF_WEIGHTED	12	0.3596	125303525	125303525	0	1
chr10	125316184	127661999	2.1081	1827	0.5629	0.5423	DEL	DEL	BAF_WEIGHTED	2218	0.4327	125316184	125316184	1	1
chr10	127662000	127667721	1.0254	0	0	0.941	DEL	DEL	BAF_WEIGHTED	4	0.325	127662000	127662000	0	1
chr10	127667722	128128000	2.432	202	0.5577	0.5953	DEL	NONE	BAF_WEIGHTED	434	0.4515	127667722	127667722	1	1
chr10	128128001	131863000	1.8424	3094	0.565	0.5556	NONE	NONE	BAF_WEIGHTED	3525	0.4616	128128001	128128001	1	1
chr10	131863001	131936145	2.3155	85	0.5714	0.5681	NONE	DEL	BAF_WEIGHTED	65	0.4881	131862001	131863001	1	1
chr10	131936146	131956457	1.0845	14	0.7147	1.1793	DEL	DEL	BAF_WEIGHTED	17	0.479	131936146	131936146	0	1
chr10	131956458	132365000	1.9539	222	0.5588	0.5118	DEL	NONE	BAF_WEIGHTED	298	0.5341	131956458	131956458	1	1
chr10	132365001	132650000	2.4174	193	0.566	0.5863	NONE	NONE	BAF_WEIGHTED	188	0.5488	132364001	132365001	1	1
chr10	132650001	133231000	1.7009	592	0.5667	0.5879	NONE	NONE	BAF_WEIGHTED	314	0.5659	132650001	132650001	1	1
chr10	133231001	133797422	2.1222	161	0.5556	0.5288	NONE	TELOMERE	BAF_WEIGHTED	259	0.5148	133230001	133232001	1	1
chr11	1	17476043	2.2521	11404	0.5625	0.5504	TELOMERE	DEL	BAF_WEIGHTED	14495	0.4309	1	1	1	1
chr11	17476044	17476101	1.0267	0	0	0.9861	DEL	DEL	STRUCTURAL_VARIANT	0	0	17476044	17476044	0	1
chr11	17476102	19569000	2.0878	1469	0.5599	0.5378	DEL	NONE	BAF_WEIGHTED	1964	0.435	17476102	17476102	1	1
chr11	19569001	20144000	2.457	263	0.561	0.593	NONE	NONE	BAF_WEIGHTED	549	0.4462	19569001	19569001	1	1
chr11	20144001	27343000	1.8968	6212	0.5663	0.5353	NONE	NONE	BAF_WEIGHTED	6703	0.3647	20144001	20144001	1	1
chr11	27343001	27510000	2.719	29	0.5833	0.6552	NONE	NONE	BAF_WEIGHTED	164	0.3915	27343001	27343001	1	2
chr11	27510001	30242554	1.9797	1494	0.5638	0.5406	NONE	DEL	BAF_WEIGHTED	2516	0.3718	27510001	27510001	1	1
chr11	30242555	30252640	1.1655	7	0.7273	1.1852	DEL	DEL	BAF_WEIGHTED	9	0.3671	30242555	30242555	0	1
chr11	30252641	30477000	2.3465	167	0.5484	0.5738	DEL	NONE	BAF_WEIGHTED	217	0.3888	30252641	30252641	1	1
chr11	30477001	30975000	3.2088	273	0.6	0.6732	NONE	NONE	BAF_WEIGHTED	484	0.3812	30477001	30477001	1	2
chr11	30975001	33265437	2.0419	1390	0.5641	0.5399	NONE	DEL	BAF_WEIGHTED	2152	0.395	30975001	30975001	1	1
chr11	33265438	33266213	1.0028	0	0	0.9368	DEL	DEL	STRUCTURAL_VARIANT	0	0	33265438	33265438	0	1
chr11	33266214	34903000	2.3011	797	0.5617	0.5609	DEL	NONE	BAF_WEIGHTED	1570	0.4277	33266214	33266214	1	1
chr11	34903001	35393000	2.8742	378	0.5556	0.5748	NONE	NONE	BAF_WEIGHTED	467	0.4078	34903001	34903001	1	2
chr11	35393001	36634000	2.4038	813	0.5588	0.584	NONE	NONE	BAF_WEIGHTED	1175	0.4235	35393001	35393001	1	1
chr11	36634001	40471232	1.8854	2527	0.5641	0.5304	NONE	DEL	BAF_WEIGHTED	3610	0.3605	36634001	36634001	1	1
chr11	40471233	40471299	0.5681	0	0	1	DEL	DEL	STRUCTURAL_VARIANT	0	0	40471233	40471233	0	1
chr11	40471300	44895000	1.9262	3175	0.5634	0.5388	DEL	NONE	BAF_WEIGHTED	4168	0.3981	40471300	40471300	1	1
chr11	44895001	45347000	2.3692	187	0.5517	0.5779	NONE	NONE	BAF_WEIGHTED	421	0.4847	44895001	44895001	1	1
chr11	45347001	45638000	1.8347	77	0.56	0.5451	NONE	NONE	BAF_WEIGHTED	285	0.4758	45347001	45347001	1	1
chr11	45638001	48031112	2.2515	549	0.5617	0.5529	NONE	DEL	BAF_WEIGHTED	2243	0.4595	45638001	45638001	1	1
chr11	48031113	48031170	1.4562	0	0	0.6913	DEL	DEL	STRUCTURAL_VARIANT	0	0	48031113	48031113	0	1
chr11	48031171	48143000	2.5111	83	0.5641	0.6018	DEL	NONE	BAF_WEIGHTED	110	0.4501	48031171	48031171	1	2
chr11	48143001	48543500	1.7128	349	0.5714	0.5839	NONE	NONE	BAF_WEIGHTED	179	0.3981	48143001	48143001	1	1
chr11	48543501	48858000	0.9203	484	0.5652	0.5748	NONE	NONE	BAF_WEIGHTED	166	0.3721	48542001	48545001	0	1
chr11	48858001	52751710	1.3977	2199	0.5652	0.5748	NONE	CENTROMERE	BAF_WEIGHTED	588	0.3873	48858001	48859001	1	1
chr11	52751711	57137549	1.5345	2273	0.5676	0.5927	CENTROMERE	DEL	BAF_WEIGHTED	1783	0.3634	52751711	52751711	1	1
chr11	57137550	57139211	0.7911	0	0	1	DEL	DEL	BAF_WEIGHTED	1	0.438	57137550	57137550	0	1
chr11	57139212	57253000	1.9559	81	0.5556	0.5113	DEL	NONE	BAF_WEIGHTED	112	0.4541	57139212	57139212	1	1
chr11	57253001	57840000	2.386	174	0.5526	0.5809	NONE	NONE	BAF_WEIGHTED	555	0.473	57253001	57253001	1	1
chr11	57840001	58488000	1.7032	530	0.5672	0.5871	NONE	NONE	BAF_WEIGHTED	577	0.3891	57840001	57840001	1	1
chr11	58488001	60677846	2.0832	815	0.5618	0.5335	NONE	DEL	BAF_WEIGHTED	1950	0.3955	58488001	58488001	1	1
chr11	60677847	60677901	1.2987	0	0	0.7483	DEL	DEL	STRUCTURAL_VARIANT	0	0	60677847	60677847	0	1
chr11	60677902	61027548	2.4604	133	0.5526	0.5976	DEL	DEL	BAF_WEIGHTED	324	0.4895	60677902	60677902	1	1
chr11	61027549	61027582	1.4336	0	0	0.6976	DEL	DEL	STRUCTURAL_VARIANT	0	0	61027549	61027549	0	1
chr11	61027583	61465359	2.3715	189	0.5645	0.5783	DEL	DUP	BAF_WEIGHTED	357	0.4832	61027583	61027583	1	1
chr11	61465360	61682124	3.4228	54	0.606	0.6795	DUP	DUP	BAF_WEIGHTED	191	0.5371	61465360	61465360	1	2
chr11	61682125	62493000	2.1356	549	0.566	0.5358	DUP	NONE	BAF_WEIGHTED	702	0.4895	61682125	61682125	1	1
chr11	62493001	62918000	2.7077	166	0.5556	0.6307	NONE	NONE	BAF_WEIGHTED	394	0.501	62493001	62493001	1	2
chr11	62918001	63470000	1.9043	244	0.5633	0.5251	NONE	NONE	BAF_WEIGHTED	435	0.4181	62918001	62918001	1	1
chr11	63470001	64373000	2.5689	444	0.5556	0.6107	NONE	NONE	BAF_WEIGHTED	723	0.5151	63470001	63470001	1	2
chr11	64373001	64720000	1.925	174	0.5659	0.5195	NONE	NONE	BAF_WEIGHTED	318	0.513	64373001	64373001	1	1
chr11	64720001	65409000	2.4047	79	0.5714	0.5841	NONE	NONE	BAF_WEIGHTED	571	0.5225	64720001	64720001	1	1
chr11	65409001	65670000	2.9745	128	0.5572	0.5748	NONE	NONE	BAF_WEIGHTED	196	0.5409	65409001	65409001	1	2
chr11	65670001	67229000	2.2251	513	0.563	0.5488	NONE	NONE	BAF_WEIGHTED	1370	0.4956	65670001	65670001	1	1
chr11	67229001	67513000	2.8783	2	0.5662	0.5748	NONE	NONE	BAF_WEIGHTED	199	0.5488	67229001	67229001	1	2
chr11	67513001	71926000	2.0277	2736	0.5631	0.5466	NONE	NONE	BAF_WEIGHTED	3290	0.5034	67513001	67513001	1	1
chr11	71926001	76920664	2.3455	2407	0.5587	0.5747	NONE	DEL	BAF_WEIGHTED	4673	0.4517	71926001	71926001	1	1
chr11	76920665	76920702	1.5146	0	0	0.6531	DEL	DEL	STRUCTURAL_VARIANT	0	0	76920665	76920665	1	1
chr11	76920703	82847166	2.0882	3041	0.5638	0.5263	DEL	DEL	BAF_WEIGHTED	5570	0.3979	76920703	76920703	1	1
chr11	82847167	82847198	1.6556	0	0	0.5975	DEL	DEL	STRUCTURAL_VARIANT	0	0	82847167	82847167	1	1
chr11	82847199	83200000	2.839	119	0.561	0.5748	DEL	NONE	BAF_WEIGHTED	339	0.4024	82847199	82847199	1	2
chr11	83200001	84042277	2.0603	589	0.56	0.5146	NONE	DEL	BAF_WEIGHTED	775	0.3823	83200001	83200001	1	1
chr11	84042278	84042333	1.2315	0	0	0.812	DEL	DEL	STRUCTURAL_VARIANT	0	0	84042278	84042278	0	1
chr11	84042334	85223385	1.9648	230	0.5641	0.509	DEL	DEL	BAF_WEIGHTED	1133	0.364	84042334	84042334	1	1
chr11	85223386	85223439	0.7568	0	0	1	DEL	DEL	STRUCTURAL_VARIANT	0	0	85223386	85223386	0	1
chr11	85223440	85590000	1.7564	0	0	0.5693	DEL	NONE	BAF_WEIGHTED	323	0.3709	85223440	85223440	1	1
chr11	85590001	87432000	2.4688	1079	0.5641	0.595	NONE	NONE	BAF_WEIGHTED	1704	0.3987	85590001	85590001	1	1
chr11	87432001	87965000	1.8952	392	0.5647	0.5277	NONE	NONE	BAF_WEIGHTED	477	0.377	87432001	87432001	1	1
chr11	87965001	88590000	2.4133	398	0.5641	0.5856	NONE	NONE	BAF_WEIGHTED	555	0.374	87965001	87965001	1	1
chr11	88590001	94435000	1.9384	2227	0.5676	0.5305	NONE	NONE	BAF_WEIGHTED	4427	0.3782	88590001	88590001	1	1
chr11	94435001	96394000	2.3026	1160	0.5658	0.5619	NONE	NONE	BAF_WEIGHTED	1859	0.3945	94435001	94435001	1	1
chr11	96394001	100560000	1.7515	2850	0.5652	0.5723	NONE	NONE	BAF_WEIGHTED	3887	0.3548	96394001	96394001	1	1
chr11	100560001	111301000	2.1544	5075	0.5624	0.546	NONE	NONE	BAF_WEIGHTED	10150	0.3793	100560001	100560001	1	1
chr11	111301001	114467000	1.1949	1294	0.6405	0.9173	NONE	NONE	BAF_WEIGHTED	3044	0.4303	111301001	111301001	0	1
chr11	114467001	116738000	1.0032	1468	0.6368	0.9792	NONE	NONE	BAF_WEIGHTED	2165	0.4295	114467001	114467001	0	1
chr11	116738001	117239000	1.5106	79	0.641	0.8602	NONE	NONE	BAF_WEIGHTED	466	0.4387	116738001	116738001	0	1
chr11	117239001	117683000	1.0368	191	0.6667	1.0442	NONE	NONE	BAF_WEIGHTED	423	0.4925	117239001	117239001	0	1
chr11	117683001	119385000	1.4607	913	0.6538	0.901	NONE	NONE	BAF_WEIGHTED	1587	0.4723	117683001	117683001	0	1
chr11	119385001	120277000	1.1091	623	0.6429	0.9454	NONE	NONE	BAF_WEIGHTED	857	0.4947	119385001	119385001	0	1
chr11	120277001	120440000	1.6823	5	0.6977	0.9736	NONE	NONE	BAF_WEIGHTED	161	0.4018	120277001	120277001	0	2
chr11	120440001	130942500	1.1775	6076	0.6448	0.9389	NONE	NONE	BAF_WEIGHTED	9953	0.4248	120440001	120440001	0	1
chr11	130942501	135086622	0.922	2193	0.643	0.9881	NONE	TELOMERE	BAF_WEIGHTED	3854	0.4379	130941001	130944001	0	1
chr12	1	452000	2.1252	194	0.561	0.5294	TELOMERE	NONE	BAF_WEIGHTED	330	0.464	1	1	1	1
chr12	452001	878000	2.5935	366	0.5581	0.6144	NONE	NONE	BAF_WEIGHTED	407	0.4427	452001	452001	1	2
chr12	878001	6178000	2.1292	3705	0.5637	0.5264	NONE	NONE	BAF_WEIGHTED	4989	0.4488	878001	878001	1	1
chr12	6178001	7136000	2.715	303	0.5579	0.6329	NONE	NONE	BAF_WEIGHTED	865	0.4981	6178001	6178001	1	2
chr12	7136001	7925500	1.8283	550	0.5641	0.581	NONE	NONE	BAF_WEIGHTED	681	0.4136	7136001	7136001	1	1
chr12	7925501	8844448	2.1876	820	0.5703	0.5279	NONE	DEL	BAF_WEIGHTED	562	0.418	7924001	7927001	1	1
chr12	8844449	8883316	1.016	2	0.6224	0.9003	DEL	DEL	BAF_WEIGHTED	37	0.4407	8844449	8844449	0	1
chr12	8883317	9510000	2.2152	510	0.5641	0.5486	DEL	NONE	BAF_WEIGHTED	438	0.3986	8883317	8883317	1	1
chr12	9510001	9801000	2.7643	365	0.5588	0.6382	NONE	NONE	BAF_WEIGHTED	200	0.3751	9394001	9583001	1	2
chr12	9801001	10270908	2.2982	332	0.561	0.5649	NONE	DEL	BAF_WEIGHTED	444	0.3842	9801001	9801001	1	1
chr12	10270909	10289071	1.4507	0	0	0.8957	DEL	DEL	BAF_WEIGHTED	18	0.36	10270909	10270909	0	1
chr12	10289072	11206000	2.284	831	0.5622	0.5689	DEL	NONE	BAF_WEIGHTED	753	0.3672	10289072	10289072	1	1
chr12	11206001	11555000	1.8306	207	0.5625	0.5463	NONE	NONE	BAF_WEIGHTED	239	0.3962	11206001	11206001	1	1
chr12	11555001	11868000	2.9144	114	0.5641	0.5748	NONE	NONE	BAF_WEIGHTED	304	0.4236	11555001	11555001	1	2
chr12	11868001	12336000	2.2214	401	0.56	0.5498	NONE	NONE	BAF_WEIGHTED	443	0.4216	11868001	11868001	1	1
chr12	12336001	13276000	2.7072	535	0.56	0.6306	NONE	NONE	BAF_WEIGHTED	898	0.4283	12336001	12336001	1	2
chr12	13276001	14749000	2.0315	863	0.5643	0.5115	NONE	NONE	BAF_WEIGHTED	1308	0.4061	13276001	13276001	1	1
chr12	14749001	15280000	2.9108	420	0.5679	0.5748	NONE	NONE	BAF_WEIGHTED	516	0.3786	14749001	14749001	1	2
chr12	15280001	15489000	2.0403	123	0.5789	0.6697	NONE	NONE	BAF_WEIGHTED	203	0.3695	15280001	15280001	1	1
chr12	15489001	15934000	2.5248	108	0.5652	0.6039	NONE	NONE	BAF_WEIGHTED	436	0.3762	15489001	15489001	1	2
chr12	15934001	19119000	2.0178	2500	0.5669	0.5137	NONE	NONE	BAF_WEIGHTED	2991	0.3611	15934001	15934001	1	1
chr12	19119001	19297500	2.5014	1	0.7333	0.9523	NONE	NONE	BAF_WEIGHTED	176	0.3705	19119001	19119001	0	2
chr12	19297501	21300000	1.9175	1609	0.5667	0.5359	NONE	NONE	BAF_WEIGHTED	1886	0.3717	19297001	19298001	1	1
chr12	21300001	29799000	2.2612	5228	0.5604	0.5572	NONE	NONE	BAF_WEIGHTED	7977	0.3791	21300001	21300001	1	1
chr12	29799001	30626000	1.7806	719	0.5625	0.5616	NONE	NONE	BAF_WEIGHTED	749	0.3915	29799001	29799001	1	1
chr12	30626001	32766000	2.2086	1537	0.5625	0.5472	NONE	NONE	BAF_WEIGHTED	1903	0.4217	30626001	30626001	1	1
chr12	32766001	34405000	1.7882	507	0.5644	0.5594	NONE	NONE	BAF_WEIGHTED	1228	0.3791	32766001	32766001	1	1
chr12	34405001	35977329	1.1057	6	0.5595	0.5748	NONE	CENTROMERE	BAF_WEIGHTED	251	0.3783	34286001	34405001	0	1
chr12	35977330	37973000	0.8692	7	0.7224	1	CENTROMERE	NONE	BAF_WEIGHTED	407	0.3685	35977330	35977330	0	1
chr12	37973001	38090000	1.3265	4	0.5911	0.7523	NONE	NONE	BAF_WEIGHTED	103	0.395	37973001	37973001	0	1
chr12	38090001	39394220	1.9668	177	0.5719	0.5627	NONE	DEL	BAF_WEIGHTED	1063	0.3714	38090001	38090001	1	1
chr12	39394221	39394739	1.1251	0	0	1	DEL	DEL	STRUCTURAL_VARIANT	0	0	39394221	39394221	0	1
chr12	39394740	42755235	2.1693	1646	0.5638	0.5375	DEL	DEL	BAF_WEIGHTED	3119	0.373	39394740	39394740	1	1
chr12	42755236	42768169	1.2513	9	0.6818	1.0229	DEL	DEL	BAF_WEIGHTED	12	0.4123	42755236	42755236	0	1
chr12	42768170	45210000	1.9839	1250	0.5633	0.5041	DEL	NONE	BAF_WEIGHTED	2287	0.3706	42768170	42768170	1	1
chr12	45210001	47413000	2.4369	961	0.5603	0.5901	NONE	NONE	BAF_WEIGHTED	2047	0.3882	45210001	45210001	1	1
chr12	47413001	47694000	1.9832	109	0.5588	0.5042	NONE	NONE	BAF_WEIGHTED	252	0.3978	47413001	47413001	1	1
chr12	47694001	48053000	2.9115	278	0.5532	0.5748	NONE	NONE	BAF_WEIGHTED	335	0.4985	47694001	47694001	1	2
chr12	48053001	48373000	2.3164	245	0.5556	0.5683	NONE	NONE	BAF_WEIGHTED	295	0.4059	48053001	48053001	1	1
chr12	48373001	48636000	1.7255	204	0.5605	0.5795	NONE	NONE	BAF_WEIGHTED	217	0.4054	48373001	48373001	1	1
chr12	48636001	51397073	2.3003	1321	0.5625	0.5653	NONE	DEL	BAF_WEIGHTED	2608	0.4571	48636001	48636001	1	1
chr12	51397074	51397106	1.5881	0	0	0.6297	DEL	DEL	STRUCTURAL_VARIANT	0	0	51397074	51397074	1	1
chr12	51397107	52002000	2.2509	192	0.5714	0.5557	DEL	NONE	BAF_WEIGHTED	549	0.4444	51397107	51397107	1	1
chr12	52002001	52395000	2.7011	139	0.5556	0.6298	NONE	NONE	BAF_WEIGHTED	334	0.52	52001001	52002001	1	2
chr12	52395001	52869000	1.9989	152	0.5581	0.5003	NONE	NONE	BAF_WEIGHTED	448	0.478	52395001	52395001	1	1
chr12	52869001	54449000	2.6845	642	0.5579	0.6275	NONE	NONE	BAF_WEIGHTED	1447	0.4793	52869001	52869001	1	2
chr12	54449001	55078000	2.2273	384	0.5625	0.551	NONE	NONE	BAF_WEIGHTED	573	0.4118	54449001	54449001	1	1
chr12	55078001	55700000	1.7917	755	0.5667	0.5581	NONE	NONE	BAF_WEIGHTED	502	0.3716	55078001	55078001	1	1
chr12	55700001	56337000	2.6317	55	0.5556	0.62	NONE	NONE	BAF_WEIGHTED	607	0.4784	55700001	55700001	1	2
chr12	56337001	57740000	2.2273	273	0.5556	0.551	NONE	NONE	BAF_WEIGHTED	1247	0.4706	56337001	56337001	1	1
chr12	57740001	57956000	2.7859	2	0.6394	0.757	NONE	NONE	BAF_WEIGHTED	206	0.469	57740001	57740001	1	2
chr12	57956001	59945598	2.0377	1383	0.5637	0.5317	NONE	DUP	BAF_WEIGHTED	1835	0.3714	57956001	57956001	1	1
chr12	59945599	62216000	2.9856	1427	0.5924	0.6656	DUP	NONE	BAF_WEIGHTED	2094	0.3536	59945599	59945599	1	2
chr12	62216001	62810626	3.4938	205	0.587	0.6455	NONE	DEL	BAF_WEIGHTED	582	0.3884	62216001	62216001	1	2
chr12	62810627	62830349	2.4502	1	0.5806	0.6578	DEL	DEL	BAF_WEIGHTED	15	0.4157	62810627	62810627	1	2
chr12	62830350	63106000	3.4783	201	0.6	0.6675	DEL	NONE	BAF_WEIGHTED	265	0.3979	62830350	62830350	1	2
chr12	63106001	63758000	2.8105	375	0.6	0.6835	NONE	NONE	BAF_WEIGHTED	393	0.3735	63106001	63106001	1	2
chr12	63758001	64251000	3.4478	168	0.5882	0.6483	NONE	NONE	BAF_WEIGHTED	477	0.3955	63758001	63758001	1	2
chr12	64251001	64384000	2.5812	175	0.6111	0.7122	NONE	NONE	BAF_WEIGHTED	121	0.4162	64251001	64251001	1	2
chr12	64384001	70993603	3.2307	3511	0.5951	0.6649	NONE	DUP	BAF_WEIGHTED	6269	0.3939	64384001	64384001	1	2
chr12	70993604	71002904	2.0476	11	0.5333	0.5116	DUP	DEL	BAF_WEIGHTED	8	0.3947	70993604	70993604	1	1
chr12	71002905	71019129	1.0702	20	0.6667	1.0324	DEL	DEL	BAF_WEIGHTED	16	0.3776	71002905	71002905	0	1
chr12	71019130	71603000	1.9725	371	0.5625	0.507	DEL	NONE	BAF_WEIGHTED	561	0.3751	71019130	71019130	1	1
chr12	71603001	72009000	2.3794	116	0.5585	0.5797	NONE	NONE	BAF_WEIGHTED	402	0.3795	71603001	71603001	1	1
chr12	72009001	75470000	2.0028	1596	0.5669	0.5334	NONE	NONE	BAF_WEIGHTED	3225	0.3518	72009001	72009001	1	1
chr12	75470001	76033299	2.5061	225	0.5556	0.601	NONE	DEL	BAF_WEIGHTED	541	0.3916	75470001	75470001	1	2
chr12	76033300	76033333	1.6433	0	0	0.6062	DEL	DEL	STRUCTURAL_VARIANT	0	0	76033300	76033300	1	1
chr12	76033334	82523063	2.2139	3179	0.5628	0.55	DEL	INV	BAF_WEIGHTED	6130	0.3635	76033334	76033334	1	1
chr12	82523064	82523066	0.7713	0	0	1	INV	INV	STRUCTURAL_VARIANT	0	0	82523064	82523064	0	1
chr12	82523067	82525634	1.5294	0	0	0.6514	INV	INV	BAF_WEIGHTED	1	0.375	82523067	82523067	1	1
chr12	82525635	82525642	2.9479	0	0	0.6621	INV	INV	STRUCTURAL_VARIANT	0	0	82525635	82525635	1	2
chr12	82525643	82527463	1.8042	1	0.5319	0.5543	INV	DEL	BAF_WEIGHTED	1	0.312	82525643	82525643	1	1
chr12	82527464	82528412	0.7985	0	0	1	DEL	DEL	STRUCTURAL_VARIANT	0	0	82527464	82527464	0	1
chr12	82528413	88032000	1.9937	3155	0.5633	0.5247	DEL	NONE	BAF_WEIGHTED	5113	0.3503	82528413	82528413	1	1
chr12	88032001	90098000	2.5396	833	0.5625	0.6062	NONE	NONE	BAF_WEIGHTED	1966	0.3725	88032001	88032001	1	2
chr12	90098001	91324000	2.0958	633	0.5641	0.5229	NONE	NONE	BAF_WEIGHTED	1180	0.3533	90092001	90098001	1	1
chr12	91324001	92232219	2.5589	503	0.5581	0.6092	NONE	INV	BAF_WEIGHTED	881	0.3731	91324001	91324001	1	2
chr12	92232220	92233849	0.837	0	0	1	INV	INV	STRUCTURAL_VARIANT	0	0	92232220	92232220	0	1
chr12	92233850	92235700	1.6436	0	0	0.6214	INV	INV	BAF_WEIGHTED	1	0.371	92233850	92233850	1	1
chr12	92235701	92235707	0.9231	0	0	1	INV	INV	STRUCTURAL_VARIANT	0	0	92235701	92235701	0	1
chr12	92235708	96437000	2.4035	3018	0.5615	0.5751	INV	NONE	BAF_WEIGHTED	4001	0.4105	92235708	92235708	1	1
chr12	96437001	98138169	2.0603	810	0.5652	0.5146	NONE	DEL	BAF_WEIGHTED	1597	0.3848	96437001	96437001	1	1
chr12	98138170	98156089	1.201	44	0.6043	0.8083	DEL	DEL	BAF_WEIGHTED	17	0.4005	98138170	98138170	0	1
chr12	98156090	101517000	2.0725	1833	0.5661	0.5174	DEL	NONE	BAF_WEIGHTED	3202	0.3926	98156090	98156090	1	1
chr12	101517001	101642000	3.2069	78	0.5903	0.6564	NONE	NONE	BAF_WEIGHTED	122	0.3995	101517001	101517001	1	2
chr12	101642001	102820000	2.2812	531	0.5603	0.5725	NONE	NONE	BAF_WEIGHTED	1125	0.393	101642001	101642001	1	1
chr12	102820001	103786000	1.8706	367	0.561	0.5346	NONE	NONE	BAF_WEIGHTED	899	0.3986	102820001	102820001	1	1
chr12	103786001	106432000	2.2782	1910	0.5625	0.5611	NONE	NONE	BAF_WEIGHTED	2498	0.4212	103786001	103786001	1	1
chr12	106432001	106720000	1.8451	172	0.5736	0.542	NONE	NONE	BAF_WEIGHTED	266	0.4181	106432001	106432001	1	1
chr12	106720001	107128000	2.4302	164	0.5556	0.5885	NONE	NONE	BAF_WEIGHTED	399	0.3973	106720001	106720001	1	1
chr12	107128001	108512000	1.9967	844	0.564	0.5359	NONE	NONE	BAF_WEIGHTED	1330	0.4446	107128001	107128001	1	1
chr12	108512001	108857500	2.4133	192	0.5526	0.5856	NONE	NONE	BAF_WEIGHTED	335	0.4643	108512001	108512001	1	1
chr12	108857501	110759000	2.0261	662	0.561	0.5398	NONE	NONE	BAF_WEIGHTED	1846	0.4615	108857001	108858001	1	1
chr12	110759001	111354000	1.6711	9	0.5636	0.5984	NONE	NONE	BAF_WEIGHTED	580	0.4803	110759001	110759001	1	1
chr12	111354001	112442000	2.0899	540	0.5594	0.5215	NONE	NONE	BAF_WEIGHTED	1027	0.4453	111354001	111354001	1	1
chr12	112442001	112827000	1.685	151	0.5667	0.5935	NONE	NONE	BAF_WEIGHTED	372	0.4389	112442001	112442001	1	1
chr12	112827001	113380000	2.1581	159	0.5526	0.5366	NONE	NONE	BAF_WEIGHTED	527	0.4864	112827001	112827001	1	1
chr12	113380001	113837000	1.5626	430	0.5625	0.6399	NONE	NONE	BAF_WEIGHTED	444	0.4864	113380001	113380001	1	1
chr12	113837001	115954000	1.9804	942	0.5644	0.543	NONE	NONE	BAF_WEIGHTED	2063	0.4399	113837001	113837001	1	1
chr12	115954001	116741000	2.6338	471	0.5632	0.588	NONE	NONE	BAF_WEIGHTED	782	0.4256	115954001	115954001	1	2
chr12	116741001	117193000	2.0537	15	0.6053	0.7257	NONE	NONE	BAF_WEIGHTED	440	0.4662	116741001	116741001	1	1
chr12	117193001	118011000	1.6036	540	0.5625	0.6236	NONE	NONE	BAF_WEIGHTED	797	0.4555	117193001	117193001	1	1
chr12	118011001	118404000	2.2109	123	0.5714	0.5477	NONE	NONE	BAF_WEIGHTED	381	0.4273	118011001	118011001	1	1
chr12	118404001	119636000	1.7806	712	0.5652	0.5616	NONE	NONE	BAF_WEIGHTED	1180	0.4323	118404001	118404001	1	1
chr12	119636001	121285532	2.2977	604	0.5629	0.5651	NONE	DEL	BAF_WEIGHTED	1580	0.4663	119636001	119636001	1	1
chr12	121285533	121287047	1.0145	0	0	1	DEL	DEL	BAF_WEIGHTED	1	0.489	121285533	121285533	0	1
chr12	121287048	122067190	2.21	375	0.5652	0.5475	DEL	INV	BAF_WEIGHTED	729	0.4934	121287048	121287048	1	1
chr12	122067191	122090004	1.6236	0	0	0.7453	INV	INV	BAF_WEIGHTED	20	0.495	122067191	122067191	0	1
chr12	122090005	122090193	2.4382	0	0	0.5037	INV	INV	STRUCTURAL_VARIANT	0	0	122090005	122090005	1	1
chr12	122090194	122090525	1.4432	0	0	0.8384	INV	INV	STRUCTURAL_VARIANT	0	0	122090194	122090194	0	1
chr12	122090526	122091251	2.5125	0	0	0.5184	INV	DEL	STRUCTURAL_VARIANT	0	0	122090526	122090526	1	1
chr12	122091252	122092244	1.0993	0	0	1	DEL	INV	STRUCTURAL_VARIANT	0	0	122091252	122091252	0	1
chr12	122092245	122143348	2.3724	3	0.5556	0.5785	INV	DEL	BAF_WEIGHTED	46	0.5048	122092245	122092245	1	1
chr12	122143349	122143406	1.3683	0	0	0.8554	DEL	DEL	STRUCTURAL_VARIANT	0	0	122143349	122143349	0	1
chr12	122143407	122495636	2.1704	178	0.5581	0.5393	DEL	DEL	BAF_WEIGHTED	337	0.4564	122143407	122143407	1	1
chr12	122495637	122502868	1.2642	4	0.6945	1.0556	DEL	DEL	BAF_WEIGHTED	6	0.4547	122495637	122495637	0	1
chr12	122502869	122587207	2.1802	28	0.5585	0.5413	DEL	DUP	BAF_WEIGHTED	82	0.4089	122502869	122502869	1	1
chr12	122587208	122837784	3.1048	60	0.5795	0.6395	DUP	DUP	BAF_WEIGHTED	211	0.4481	122587208	122587208	1	2
chr12	122837785	122895000	2.9879	1	0.5818	0.6461	DUP	NONE	BAF_WEIGHTED	41	0.5221	122837785	122837785	1	2
chr12	122895001	124346500	2.1647	967	0.56	0.5367	NONE	NONE	BAF_WEIGHTED	1360	0.4761	122895001	122895001	1	1
chr12	124346501	124965500	2.5157	423	0.56	0.6025	NONE	NONE	BAF_WEIGHTED	529	0.531	124346001	124347001	1	2
chr12	124965501	125932959	1.8306	405	0.5625	0.5463	NONE	INV	BAF_WEIGHTED	931	0.4472	124965001	124966001	1	1
chr12	125932960	125933275	0.6321	0	0	1	INV	INV	STRUCTURAL_VARIANT	0	0	125932960	125932960	0	1
chr12	125933276	125936422	1.7426	0	0	0.533	INV	INV	BAF_WEIGHTED	2	0.3925	125933276	125933276	1	1
chr12	125936423	125936427	0.5939	0	0	1	INV	DEL	STRUCTURAL_VARIANT	0	0	125936423	125936423	0	1
chr12	125936428	127032000	1.8138	891	0.5676	0.5513	DEL	NONE	BAF_WEIGHTED	1061	0.405	125936428	125936428	1	1
chr12	127032001	127220000	2.23	213	0.5714	0.5516	NONE	NONE	BAF_WEIGHTED	176	0.4069	127032001	127032001	1	1
chr12	127220001	128334347	1.6523	1145	0.5714	0.6052	NONE	DEL	BAF_WEIGHTED	1085	0.4208	127220001	127220001	1	1
chr12	128334348	128334612	0.3081	0	0	1	DEL	DEL	STRUCTURAL_VARIANT	0	0	128334348	128334348	0	0
chr12	128334613	130743000	1.6195	2085	0.5676	0.6175	DEL	NONE	BAF_WEIGHTED	2279	0.4506	128334613	128334613	1	1
chr12	130743001	133275309	2.1924	1880	0.5656	0.5378	NONE	TELOMERE	BAF_WEIGHTED	1861	0.5047	130743001	130743001	1	1
chr13	1	17025623	1.6877	0	0	0.6875	TELOMERE	CENTROMERE	LONG_ARM	0	0	1	1	1	1
chr13	17025624	18977562	1.6877	16	0.5784	0.6875	CENTROMERE	DEL	BAF_WEIGHTED	59	0.435	17025624	17025624	1	1
chr13	18977563	18977599	0.6966	0	0	1	DEL	DEL	STRUCTURAL_VARIANT	0	0	18977563	18977563	0	1
chr13	18977600	18977692	1.807	0	0	0.5825	DEL	DEL	STRUCTURAL_VARIANT	0	0	18977600	18977600	1	1
chr13	18977693	18977702	1.1554	0	0	0.9111	DEL	DEL	STRUCTURAL_VARIANT	0	0	18977693	18977693	0	1
chr13	18977703	23630063	1.9171	3337	0.5655	0.5491	DEL	DEL	BAF_WEIGHTED	4055	0.4141	18977703	18977703	1	1
chr13	23630064	23630113	0.7291	0	0	1	DEL	DEL	STRUCTURAL_VARIANT	0	0	23630064	23630064	0	1
chr13	23630114	23633000	1.3986	0	0	0.7526	DEL	NONE	BAF_WEIGHTED	2	0.404	23630114	23630114	0	1
chr13	23633001	24323000	2.4397	623	0.5581	0.5901	NONE	NONE	BAF_WEIGHTED	643	0.4264	23633001	23633001	1	1
chr13	24323001	25562000	1.9707	719	0.5625	0.5074	NONE	NONE	BAF_WEIGHTED	977	0.4215	24323001	24323001	1	1
chr13	25562001	25683213	2.5025	42	0.5514	0.6004	NONE	DEL	BAF_WEIGHTED	115	0.3977	25562001	25562001	1	2
chr13	25683214	25683292	1.3608	0	0	0.7349	DEL	DEL	STRUCTURAL_VARIANT	0	0	25683214	25683214	0	1
chr13	25683293	26435000	2.3055	202	0.5581	0.5663	DEL	NONE	BAF_WEIGHTED	728	0.4074	25683293	25683293	1	1
chr13	26435001	27060000	1.8128	447	0.5641	0.5516	NONE	NONE	BAF_WEIGHTED	606	0.4399	26435001	26435001	1	1
chr13	27060001	27696000	2.1793	439	0.5588	0.5411	NONE	NONE	BAF_WEIGHTED	616	0.419	27060001	27060001	1	1
chr13	27696001	28128000	1.7223	384	0.5652	0.5806	NONE	NONE	BAF_WEIGHTED	412	0.4433	27696001	27696001	1	1
chr13	28128001	28758000	2.2034	290	0.5599	0.5462	NONE	NONE	BAF_WEIGHTED	614	0.4092	28128001	28128001	1	1
chr13	28758001	29423000	1.7314	594	0.5676	0.5776	NONE	NONE	BAF_WEIGHTED	611	0.4042	28758001	28758001	1	1
chr13	29423001	30112918	2.3142	510	0.557	0.5695	NONE	DEL	BAF_WEIGHTED	660	0.4283	29423001	29423001	1	1
chr13	30112919	53120000	1.2107	12893	0.646	0.9406	DEL	NONE	BAF_WEIGHTED	21441	0.3966	30112919	30112919	0	1
chr13	53120001	53159000	0.1442	1	0.625	1	NONE	NONE	BAF_WEIGHTED	39	0.4052	53120001	53120001	0	0
chr13	53159001	60993561	0.9533	4915	0.6528	0.9888	NONE	DEL	BAF_WEIGHTED	7450	0.3548	53159001	53159001	0	1
chr13	60993562	60993604	0.0256	0	0	1	DEL	DEL	STRUCTURAL_VARIANT	0	0	60993562	60993562	0	0
chr13	60993605	63111200	0.9173	1365	0.6558	1	DEL	DEL	BAF_WEIGHTED	1994	0.3447	60993605	60993605	0	1
chr13	63111201	63111234	0.0567	0	0	1	DEL	DEL	STRUCTURAL_VARIANT	0	0	63111201	63111201	0	0
chr13	63111235	75906000	1.0326	6572	0.6537	0.9837	DEL	NONE	BAF_WEIGHTED	12201	0.3536	63111235	63111235	0	1
chr13	75906001	76650000	1.0177	619	0.6429	0.9726	NONE	NONE	BAF_WEIGHTED	695	0.3638	75906001	75906001	0	1
chr13	76650001	77401000	1.4011	114	0.634	0.8585	NONE	NONE	BAF_WEIGHTED	735	0.3821	76650001	76650001	0	1
chr13	77401001	79310000	1.0277	881	0.64	0.9598	NONE	NONE	BAF_WEIGHTED	1788	0.3744	77401001	77401001	0	1
chr13	79310001	79554000	1.4357	4	0.6654	0.936	NONE	NONE	BAF_WEIGHTED	239	0.3572	79310001	79310001	0	1
chr13	79554001	84776465	1.0437	1763	0.6472	0.9782	NONE	DEL	BAF_WEIGHTED	4984	0.3517	79554001	79554001	0	1
chr13	84776466	97106000	1.9266	7528	0.5663	0.5325	DEL	NONE	BAF_WEIGHTED	11749	0.3618	84776466	84776466	1	1
chr13	97106001	97506000	2.7786	127	0.5641	0.5748	NONE	NONE	BAF_WEIGHTED	389	0.4001	97106001	97106001	1	2
chr13	97506001	98134000	1.9329	289	0.5588	0.5173	NONE	NONE	BAF_WEIGHTED	580	0.4155	97506001	97506001	1	1
chr13	98134001	98601000	2.5992	206	0.5529	0.6153	NONE	NONE	BAF_WEIGHTED	456	0.4519	98134001	98134001	1	2
chr13	98601001	98794000	2.0292	104	0.5556	0.5072	NONE	NONE	BAF_WEIGHTED	184	0.4497	98601001	98601001	1	1
chr13	98794001	99565000	2.6094	397	0.56	0.6168	NONE	NONE	BAF_WEIGHTED	743	0.4242	98794001	98794001	1	2
chr13	99565001	101014972	2.0985	842	0.5617	0.5235	NONE	DUP	BAF_WEIGHTED	1374	0.4235	99565001	99565001	1	1
chr13	101014973	101015032	3.5481	0	0	0.7236	DUP	DUP	STRUCTURAL_VARIANT	0	0	101014973	101014973	1	3
chr13	101015033	103217792	2.0602	1201	0.5638	0.524	DUP	DEL	BAF_WEIGHTED	2124	0.3804	101015033	101015033	1	1
chr13	103217793	103219028	0.9279	0	0	1	DEL	DEL	STRUCTURAL_VARIANT	0	0.37	103217793	103217793	0	1
chr13	103219029	110209994	2.1145	5042	0.5628	0.5354	DEL	DEL	BAF_WEIGHTED	6704	0.38	103219029	103219029	1	1
chr13	110209995	110211227	0.9371	0	0	1	DEL	DEL	BAF_WEIGHTED	1	0.482	110209995	110209995	0	1
chr13	110211228	111317000	2.1948	853	0.5556	0.5444	DEL	NONE	BAF_WEIGHTED	1026	0.4548	110211228	110211228	1	1
chr13	111317001	112496000	1.5986	829	0.5676	0.6256	NONE	NONE	BAF_WEIGHTED	893	0.4741	111317001	111317001	1	1
chr13	112496001	112991079	1.9571	331	0.5588	0.511	NONE	DEL	BAF_WEIGHTED	441	0.4839	112496001	112496001	1	1
chr13	112991080	112991132	1.1224	0	0	0.891	DEL	DEL	STRUCTURAL_VARIANT	0	0	112991080	112991080	0	1
chr13	112991133	114226000	2.0048	1178	0.5676	0.5012	DEL	NONE	BAF_WEIGHTED	897	0.5149	112991133	112991133	1	1
chr13	114226001	114338373	2.5994	75	0.5556	0.6153	NONE	DEL	BAF_WEIGHTED	101	0.4341	114225001	114226001	1	2
chr13	114338374	114339041	1.0119	0	0	0.9882	DEL	DEL	STRUCTURAL_VARIANT	0	0	114338374	114338374	0	1
chr13	114339042	114364328	3.2108	1	0.5745	0.6229	DEL	TELOMERE	BAF_WEIGHTED	2	0.4555	114339042	114339042	1	2
chr14	1	17086761	1.7888	0	0	0.6456	TELOMERE	CENTROMERE	LONG_ARM	0	0	1	1	1	1
chr14	17086762	20288000	1.7888	651	0.5719	0.6456	CENTROMERE	NONE	BAF_WEIGHTED	334	0.3633	17086762	17086762	1	1
chr14	20288001	21539000	2.3976	858	0.5605	0.5817	NONE	NONE	BAF_WEIGHTED	1121	0.4352	20288001	20288001	1	1
chr14	21539001	22819000	1.699	926	0.5643	0.6263	NONE	NONE	BAF_WEIGHTED	1090	0.4025	21539001	21539001	1	1
chr14	22819001	22961147	2.719	92	0.5617	0.6322	NONE	DEL	BAF_WEIGHTED	137	0.4885	22819001	22819001	1	2
chr14	22961148	22963376	1.5449	0	0	0.6473	DEL	DEL	BAF_WEIGHTED	1	0.359	22961148	22961148	1	1
chr14	22963377	23344000	2.654	206	0.5679	0.6232	DEL	NONE	BAF_WEIGHTED	363	0.4598	22963377	22963377	1	2
chr14	23344001	24066000	2.2828	348	0.5625	0.5619	NONE	NONE	BAF_WEIGHTED	565	0.4549	23344001	23344001	1	1
chr14	24066001	24459000	2.9206	249	0.5581	0.5748	NONE	NONE	BAF_WEIGHTED	342	0.5072	24066001	24066001	1	2
chr14	24459001	25883855	2.0112	885	0.5641	0.5028	NONE	DEL	BAF_WEIGHTED	1303	0.3863	24459001	24459001	1	1
chr14	25883856	26010096	1.0486	36	0.6726	1.0592	DEL	DEL	BAF_WEIGHTED	119	0.3711	25883856	25883856	0	1
chr14	26010097	26532872	2.2309	392	0.5625	0.5518	DEL	DEL	BAF_WEIGHTED	496	0.3608	26010097	26010097	1	1
chr14	26532873	26532945	1.0515	0	0	1	DEL	DEL	STRUCTURAL_VARIANT	0	0	26532873	26532873	0	1
chr14	26532946	33933000	2.0014	4045	0.5632	0.5313	DEL	NONE	BAF_WEIGHTED	6906	0.3709	26532946	26532946	1	1
chr14	33933001	34246000	2.6144	289	0.5625	0.6175	NONE	NONE	BAF_WEIGHTED	291	0.4193	33933001	33933001	1	2
chr14	34246001	34925958	2.1363	424	0.5667	0.5319	NONE	INV	BAF_WEIGHTED	633	0.4213	34246001	34246001	1	1
chr14	34925959	34925961	3.5627	0	0	0.6997	INV	INV	STRUCTURAL_VARIANT	0	0	34925959	34925959	1	2
chr14	34925962	34926045	2.4023	0	0	0.5546	INV	DEL	STRUCTURAL_VARIANT	0	0	34925962	34925962	1	1
chr14	34926046	34926073	0.5776	0	0	1	DEL	INV	STRUCTURAL_VARIANT	0	0	34926046	34926046	0	1
chr14	34926074	41712852	2.004	4166	0.5641	0.5339	INV	DEL	BAF_WEIGHTED	6229	0.3751	34926074	34926074	1	1
chr14	41712853	41714164	1.0695	4	0.6269	0.9055	DEL	DEL	BAF_WEIGHTED	1	0.294	41712853	41712853	0	1
chr14	41714165	43780720	2.0094	1669	0.5667	0.5024	DEL	DEL	BAF_WEIGHTED	1915	0.3409	41714165	41714165	1	1
chr14	43780721	43780753	1.2123	0	0	0.8248	DEL	DEL	STRUCTURAL_VARIANT	0	0	43780721	43780721	0	1
chr14	43780754	44895000	1.9575	973	0.5667	0.5109	DEL	NONE	BAF_WEIGHTED	1019	0.3615	43780754	43780754	1	1
chr14	44895001	45204130	2.391	1	0.5405	0.5818	NONE	DEL	BAF_WEIGHTED	299	0.3765	44895001	44895001	1	1
chr14	45204131	45204240	1.167	0	0	0.6895	DEL	DEL	STRUCTURAL_VARIANT	0	0	45204131	45204131	0	1
chr14	45204241	45275000	2.3788	2	0.5814	0.6617	DEL	NONE	BAF_WEIGHTED	70	0.3851	45204241	45204241	1	2
chr14	45275001	45537101	1.8738	82	0.561	0.5337	NONE	DEL	BAF_WEIGHTED	229	0.3762	45275001	45275001	1	1
chr14	45537102	45537133	1.0937	0	0	0.7948	DEL	DEL	STRUCTURAL_VARIANT	0	0	45537102	45537102	0	1
chr14	45537134	46086999	1.8693	379	0.5588	0.535	DEL	DEL	BAF_WEIGHTED	491	0.3584	45537134	45537134	1	1
chr14	46087000	46107724	0.9035	23	0.6667	1	DEL	DEL	BAF_WEIGHTED	13	0.3397	46087000	46087000	0	1
chr14	46107725	49438000	1.8593	2735	0.5641	0.5379	DEL	NONE	BAF_WEIGHTED	3081	0.353	46107725	46107725	1	1
chr14	49438001	49845000	2.281	294	0.5599	0.5616	NONE	NONE	BAF_WEIGHTED	391	0.4123	49438001	49438001	1	1
chr14	49845001	50120000	2.8692	167	0.55	0.5748	NONE	NONE	BAF_WEIGHTED	262	0.443	49845001	49845001	1	2
chr14	50120001	53176000	2.3395	1429	0.5668	0.5676	NONE	NONE	BAF_WEIGHTED	2877	0.3984	50120001	50120001	1	1
chr14	53176001	53635446	1.9334	312	0.56	0.5172	NONE	DEL	BAF_WEIGHTED	429	0.3944	53176001	53176001	1	1
chr14	53635447	53635984	0.738	0	0	1	DEL	DEL	STRUCTURAL_VARIANT	0	0	53635447	53635447	0	1
chr14	53635985	53694415	1.9069	37	0.5676	0.5211	DEL	BND	BAF_WEIGHTED	56	0.3678	53635985	53635985	1	1
chr14	53694416	61769000	1.2036	4601	0.6418	0.9236	BND	NONE	BAF_WEIGHTED	7597	0.3992	53694416	53694416	0	1
chr14	61769001	64420000	1.0491	944	0.6518	0.9911	NONE	NONE	BAF_WEIGHTED	2522	0.3933	61769001	61769001	0	1
chr14	64420001	65848500	1.4303	339	0.6571	0.915	NONE	NONE	BAF_WEIGHTED	1372	0.4308	64420001	64420001	0	1
chr14	65848501	67453000	1.0563	1237	0.6471	0.9741	NONE	NONE	BAF_WEIGHTED	1489	0.3893	65848001	65849001	0	1
chr14	67453001	68096018	1.3995	404	0.6669	0.9469	NONE	DUP	BAF_WEIGHTED	621	0.4184	67453001	67453001	0	1
chr14	68096019	68638449	3.2429	405	0.7388	0.9117	DUP	DUP	BAF_WEIGHTED	522	0.4177	68096019	68096019	0	3
chr14	68638450	68644234	1.9425	6	0.5937	0.707	DUP	INV	BAF_WEIGHTED	5	0.4108	68638450	68638450	1	1
chr14	68644235	68648366	0.7374	3	0.5556	0.5748	INV	DEL	BAF_WEIGHTED	3	0.341	68644235	68644235	0	0
chr14	68648367	68818000	1.8765	181	0.6389	0.8127	DEL	NONE	BAF_WEIGHTED	167	0.4776	68648367	68648367	0	2
chr14	68818001	69603000	1.3602	237	0.6389	0.8787	NONE	NONE	BAF_WEIGHTED	762	0.4544	68818001	68818001	0	1
chr14	69603001	69779000	1.8674	62	0.6358	0.8065	NONE	NONE	BAF_WEIGHTED	173	0.4468	69603001	69603001	0	2
chr14	69779001	74471000	1.1268	2483	0.645	0.9448	NONE	NONE	BAF_WEIGHTED	4396	0.4301	69779001	69779001	0	1
chr14	74471001	76061000	1.413	541	0.6538	0.9094	NONE	NONE	BAF_WEIGHTED	1545	0.4436	74471001	74471001	0	1
chr14	76061001	76649579	1.0415	461	0.6471	0.9787	NONE	DEL	BAF_WEIGHTED	574	0.4602	76061001	76061001	0	1
chr14	76649580	76649983	0	0	0	1	DEL	DEL	STRUCTURAL_VARIANT	0	0	76649580	76649580	0	0
chr14	76649984	77058171	1.3677	146	0.6588	0.9216	DEL	DEL	BAF_WEIGHTED	383	0.484	76649984	76649984	0	1
chr14	77058172	77064974	0.0782	5	0.5882	1	DEL	DEL	BAF_WEIGHTED	5	0.5036	77058172	77058172	0	0
chr14	77064975	77128000	1.6595	32	0.6667	0.9025	DEL	NONE	BAF_WEIGHTED	61	0.4585	77064975	77064975	0	1
chr14	77128001	81159000	1.0281	2096	0.6468	0.9734	NONE	NONE	BAF_WEIGHTED	3859	0.4024	77128001	77128001	0	1
chr14	81159001	81588000	1.4407	244	0.6471	0.8868	NONE	NONE	BAF_WEIGHTED	410	0.4066	81159001	81159001	0	1
chr14	81588001	84350429	0.9507	1319	0.6647	1	NONE	DEL	BAF_WEIGHTED	2681	0.3607	81588001	81588001	0	1
chr14	84350430	84350461	0.0666	0	0	1	DEL	DEL	STRUCTURAL_VARIANT	0	0	84350430	84350430	0	0
chr14	84350462	95570000	1.1144	7409	0.647	0.9605	DEL	NONE	BAF_WEIGHTED	10720	0.4185	84350462	84350462	0	1
chr14	95570001	99974000	1.016	2857	0.6431	0.9946	NONE	NONE	BAF_WEIGHTED	4259	0.4415	95570001	95570001	0	1
chr14	99974001	100310000	1.5722	145	0.6389	0.8463	NONE	NONE	BAF_WEIGHTED	305	0.4818	99974001	99974001	0	1
chr14	100310001	106680177	1.051	3525	0.6497	0.9788	NONE	DEL	BAF_WEIGHTED	4697	0.4904	100310001	100310001	0	1
chr14	106680178	106681215	0.1408	0	0	1	DEL	DEL	STRUCTURAL_VARIANT	0	0	106680178	106680178	0	0
chr14	106681216	107043718	1.222	161	0.6494	0.9732	DEL	TELOMERE	BAF_WEIGHTED	65	0.3987	106681216	106681216	0	1
chr15	1	18362626	1.6653	0	0	1.0424	TELOMERE	CENTROMERE	LONG_ARM	0	0	1	1	0	2
chr15	18362627	30874000	1.6653	5705	0.7232	1.0424	CENTROMERE	NONE	BAF_WEIGHTED	5596	0.4244	18362627	18362627	0	2
chr15	30874001	31524000	2.1577	486	0.7037	0.9254	NONE	NONE	BAF_WEIGHTED	619	0.4602	30874001	30874001	0	2
chr15	31524001	32635933	1.7501	299	0.7059	0.9821	NONE	BND	BAF_WEIGHTED	497	0.4175	31524001	31524001	0	2
chr15	32635934	32635949	1.2958	0	0	0.9149	BND	BND	STRUCTURAL_VARIANT	0	0	32635934	32635934	0	1
chr15	32635950	33234415	2.2118	480	0.7184	0.9501	BND	DUP	BAF_WEIGHTED	585	0.4023	32635950	32635950	0	2
chr15	33234416	33295795	2.7554	61	0.7368	0.9386	DUP	DUP	BAF_WEIGHTED	59	0.4051	33234416	33234416	0	3
chr15	33295796	35161190	1.9337	1060	0.7116	0.9688	DUP	DEL	BAF_WEIGHTED	1600	0.4076	33295796	33295796	0	2
chr15	35161191	35162247	0.9944	0	0	1	DEL	DEL	STRUCTURAL_VARIANT	0	0	35161191	35161191	0	1
chr15	35162248	38172000	1.9647	1786	0.7211	0.9849	DEL	NONE	BAF_WEIGHTED	2844	0.3697	35162248	35162248	0	2
chr15	38172001	41140409	2.4947	1706	0.7266	0.9444	NONE	DEL	BAF_WEIGHTED	2796	0.4252	38172001	38172001	0	2
chr15	41140410	41140450	1.6276	0	0	0.9147	DEL	DEL	STRUCTURAL_VARIANT	0	0	41140410	41140410	0	1
chr15	41140451	45683453	2.1882	915	0.7258	0.9582	DEL	DEL	BAF_WEIGHTED	3943	0.4353	41140451	41140451	0	2
chr15	45683454	45683490	0.9611	0	0	1	DEL	DEL	STRUCTURAL_VARIANT	0	0	45683454	45683454	0	1
chr15	45683491	48267807	1.8879	1589	0.7216	1.0009	DEL	DEL	BAF_WEIGHTED	2418	0.3816	45683491	45683491	0	2
chr15	48267808	48274478	0.4465	1	0.8571	1	DEL	DEL	BAF_WEIGHTED	6	0.3713	48267808	48267808	0	0
chr15	48274479	50825557	2.2557	1549	0.7225	0.9555	DEL	DEL	BAF_WEIGHTED	2420	0.3887	48274479	48274479	0	2
chr15	50825558	50825592	1.3604	0	0	0.9262	DEL	DEL	STRUCTURAL_VARIANT	0	0	50825558	50825558	0	1
chr15	50825593	52253000	2.1766	524	0.7253	0.9686	DEL	NONE	BAF_WEIGHTED	1338	0.4168	50825593	50825593	0	2
chr15	52253001	52798500	2.5496	385	0.7222	0.9268	NONE	NONE	BAF_WEIGHTED	512	0.4054	52253001	52253001	0	2
chr15	52798501	55165000	1.8365	1864	0.7273	1.0179	NONE	NONE	BAF_WEIGHTED	2203	0.3772	52798001	52799001	0	2
chr15	55165001	56852783	2.217	652	0.7263	0.9664	NONE	DEL	BAF_WEIGHTED	1551	0.3877	55165001	55165001	0	2
chr15	56852784	56852819	0.9027	0	0	1	DEL	DEL	STRUCTURAL_VARIANT	0	0	56852784	56852784	0	1
chr15	56852820	57737000	2.4927	602	0.72	0.9272	DEL	NONE	BAF_WEIGHTED	860	0.407	56852820	56852820	0	2
chr15	57737001	58214000	2.094	244	0.7211	0.969	NONE	NONE	BAF_WEIGHTED	449	0.4035	57737001	57737001	0	2
chr15	58214001	59123000	2.5007	500	0.725	0.9362	NONE	NONE	BAF_WEIGHTED	890	0.4096	58214001	58214001	0	2
chr15	59123001	60324000	2.0405	702	0.7087	0.9488	NONE	NONE	BAF_WEIGHTED	1162	0.4169	59123001	59123001	0	2
chr15	60324001	60603000	2.6287	193	0.725	0.926	NONE	NONE	BAF_WEIGHTED	264	0.404	60324001	60324001	0	2
chr15	60603001	61779165	2.2223	757	0.7273	0.9674	NONE	DEL	BAF_WEIGHTED	1154	0.4108	60603001	60603001	0	2
chr15	61779166	61792181	1.2224	9	0.6538	0.9492	DEL	DEL	BAF_WEIGHTED	12	0.3977	61779166	61779166	0	1
chr15	61792182	65932000	2.3751	1913	0.7252	0.9443	DEL	NONE	BAF_WEIGHTED	3973	0.4339	61792182	61792182	0	2
chr15	65932001	66612000	1.9275	496	0.7273	1.0042	NONE	NONE	BAF_WEIGHTED	661	0.4674	65932001	65932001	0	2
chr15	66612001	67037000	2.3574	363	0.7317	0.9625	NONE	NONE	BAF_WEIGHTED	403	0.4855	66612001	66612001	0	2
chr15	67037001	67259000	2.8965	155	0.7317	0.9195	NONE	NONE	BAF_WEIGHTED	219	0.4562	67037001	67037001	0	3
chr15	67259001	68053000	2.2581	307	0.7295	0.9717	NONE	NONE	BAF_WEIGHTED	762	0.4115	67259001	67259001	0	2
chr15	68053001	68317977	2.6829	1	0.7097	0.8932	NONE	BND	BAF_WEIGHTED	250	0.4107	68053001	68053001	0	2
chr15	68317978	69987000	1.2899	747	0.6389	0.8917	BND	NONE	BAF_WEIGHTED	1614	0.4521	68317978	68317978	0	1
chr15	69987001	70548000	1.665	550	0.6571	0.8786	NONE	NONE	BAF_WEIGHTED	547	0.4859	69987001	69987001	0	1
chr15	70548001	76283000	1.1921	2267	0.6463	0.9396	NONE	NONE	BAF_WEIGHTED	5122	0.4449	70548001	70548001	0	1
chr15	76283001	76856396	1.9616	346	0.7166	0.9758	NONE	INV	BAF_WEIGHTED	514	0.3842	76283001	76283001	0	2
chr15	76856397	76858392	1.3352	3	0.7419	1.1673	INV	INV	BAF_WEIGHTED	1	0.359	76856397	76856397	0	1
chr15	76858393	76858492	2.4567	0	0	0.9535	INV	INV	STRUCTURAL_VARIANT	0	0	76858393	76858393	0	2
chr15	76858493	76858511	1.1884	0	0	0.9039	INV	INV	STRUCTURAL_VARIANT	0	0	76858493	76858493	0	1
chr15	76858512	77654000	2.3099	557	0.7258	0.9506	INV	NONE	BAF_WEIGHTED	731	0.434	76858512	76858512	0	2
chr15	77654001	77951500	1.7642	204	0.7143	0.9995	NONE	NONE	BAF_WEIGHTED	212	0.5369	77654001	77654001	0	2
chr15	77951501	78311000	2.5061	189	0.7353	0.9557	NONE	NONE	BAF_WEIGHTED	309	0.4728	77948001	77955001	0	2
chr15	78311001	84351500	2.0268	3181	0.719	0.973	NONE	NONE	BAF_WEIGHTED	5109	0.4295	78311001	78311001	0	2
chr15	84351501	85858000	2.4506	1225	0.7143	0.9196	NONE	NONE	BAF_WEIGHTED	1127	0.4367	84145001	84558001	0	2
chr15	85858001	89065000	1.9176	2099	0.7262	1.0013	NONE	NONE	BAF_WEIGHTED	3016	0.4201	85858001	85858001	0	2
chr15	89065001	89182000	2.7823	85	0.7111	0.8892	NONE	NONE	BAF_WEIGHTED	115	0.4371	89065001	89065001	0	2
chr15	89182001	89654000	2.1518	281	0.7143	0.9481	NONE	NONE	BAF_WEIGHTED	433	0.4724	89182001	89182001	0	2
chr15	89654001	90601000	2.5089	333	0.7419	0.9683	NONE	NONE	BAF_WEIGHTED	891	0.4639	89654001	89654001	0	2
chr15	90601001	92153040	2.1222	799	0.7188	0.9609	NONE	DEL	BAF_WEIGHTED	1475	0.437	90601001	90601001	0	2
chr15	92153041	92154268	1.4288	0	0	0.9419	DEL	DEL	STRUCTURAL_VARIANT	0	0	92153041	92153041	0	1
chr15	92154269	92794000	2.0826	284	0.7188	0.9655	DEL	NONE	BAF_WEIGHTED	598	0.4411	92154269	92154269	0	2
chr15	92794001	93030000	2.825	168	0.7179	0.899	NONE	NONE	BAF_WEIGHTED	232	0.4152	92794001	92794001	0	3
chr15	93030001	95832000	1.9295	1773	0.7179	0.983	NONE	NONE	BAF_WEIGHTED	2704	0.3967	93030001	93030001	0	2
chr15	95832001	96208699	2.3201	216	0.75	1.003	NONE	DUP	BAF_WEIGHTED	371	0.3938	95832001	95832001	0	2
chr15	96208700	96330832	4.5292	106	0.8245	0.9926	DUP	DUP	BAF_WEIGHTED	120	0.4079	96208700	96208700	0	4
chr15	96330833	96338000	3.0891	0	0	1.0148	DUP	NONE	BAF_WEIGHTED	4	0.5486	96330833	96330833	0	3
chr15	96338001	98634000	1.7551	1876	0.725	1.026	NONE	NONE	BAF_WEIGHTED	2177	0.3988	96338001	96338001	0	2
chr15	98634001	98900000	2.7964	27	0.7561	0.9711	NONE	NONE	BAF_WEIGHTED	262	0.4394	98634001	98634001	0	3
chr15	98900001	101991189	2.1226	2334	0.7151	0.9518	NONE	TELOMERE	BAF_WEIGHTED	2688	0.4416	98900001	98900001	0	2
chr16	1	4951000	2.1455	2098	0.5566	0.5326	TELOMERE	NONE	BAF_WEIGHTED	3210	0.5323	1	1	1	1
chr16	4951001	6791502	1.5481	1862	0.5652	0.646	NONE	DEL	BAF_WEIGHTED	1661	0.4349	4951001	4951001	1	1
chr16	6791503	6800084	0.8562	5	0.6522	1	DEL	DEL	BAF_WEIGHTED	8	0.3939	6791503	6791503	0	1
chr16	6800085	10520000	1.6138	3623	0.5645	0.638	DEL	NONE	BAF_WEIGHTED	3589	0.4292	6800085	6800085	1	1
chr16	10520001	12461000	2.1827	1231	0.5588	0.5419	NONE	NONE	BAF_WEIGHTED	1831	0.4785	10520001	10520001	1	1
chr16	12461001	13907000	1.6789	676	0.5641	0.5956	NONE	NONE	BAF_WEIGHTED	1412	0.4317	12461001	12461001	1	1
chr16	13907001	14310000	2.5803	54	0.5556	0.6124	NONE	NONE	BAF_WEIGHTED	391	0.4129	13907001	13907001	1	2
chr16	14310001	17258000	1.9054	1002	0.5659	0.5418	NONE	NONE	BAF_WEIGHTED	1622	0.4544	14310001	14310001	1	1
chr16	17258001	17500000	2.3683	95	0.5778	0.6549	NONE	NONE	BAF_WEIGHTED	241	0.4586	17258001	17258001	1	2
chr16	17500001	20675000	1.8507	1513	0.5647	0.5518	NONE	NONE	BAF_WEIGHTED	2130	0.4373	17500001	17500001	1	1
chr16	20675001	20930000	2.3624	20	0.554	0.5767	NONE	NONE	BAF_WEIGHTED	239	0.4128	20675001	20675001	1	1
chr16	20930001	24162259	1.9535	503	0.5664	0.5562	NONE	DEL	BAF_WEIGHTED	2422	0.4437	20930001	20930001	1	1
chr16	24162260	24163551	0.6915	0	0	1	DEL	DEL	STRUCTURAL_VARIANT	0	0	24162260	24162260	0	1
chr16	24163552	24512000	1.504	189	0.5674	0.6703	DEL	NONE	BAF_WEIGHTED	346	0.4415	24163552	24163552	0	1
chr16	24512001	25329000	1.8877	438	0.5698	0.5297	NONE	NONE	BAF_WEIGHTED	796	0.4374	24512001	24512001	1	1
chr16	25329001	27087000	1.509	1204	0.5667	0.6627	NONE	NONE	BAF_WEIGHTED	1705	0.4197	25329001	25329001	1	1
chr16	27087001	27615000	2.1418	315	0.5652	0.5331	NONE	NONE	BAF_WEIGHTED	510	0.4752	27087001	27087001	1	1
chr16	27615001	28092000	1.6554	328	0.5714	0.6041	NONE	NONE	BAF_WEIGHTED	465	0.4857	27615001	27615001	1	1
chr16	28092001	29963000	2.0664	824	0.5611	0.5054	NONE	NONE	BAF_WEIGHTED	838	0.498	28092001	28092001	1	1
chr16	29963001	31522000	2.4215	253	0.5577	0.587	NONE	NONE	BAF_WEIGHTED	1204	0.5122	29963001	29963001	1	1
chr16	31522001	37295919	1.6635	93	0.5901	0.7101	NONE	CENTROMERE	BAF_WEIGHTED	1106	0.4083	31522001	31522001	0	1
chr16	37295920	47677000	2.1418	40	0.5941	0.6973	CENTROMERE	NONE	BAF_WEIGHTED	995	0.4106	37295920	37295920	1	1
chr16	47677001	48083000	1.741	15	0.5806	0.6893	NONE	NONE	BAF_WEIGHTED	357	0.4199	47677001	47677001	1	1
chr16	48083001	48647000	2.4443	228	0.5641	0.5909	NONE	NONE	BAF_WEIGHTED	538	0.4407	48083001	48083001	1	1
chr16	48647001	49568843	1.7161	491	0.5596	0.5816	NONE	DEL	BAF_WEIGHTED	867	0.4431	48647001	48647001	1	1
chr16	49568844	49568884	1.0758	0	0	0.9083	DEL	DEL	STRUCTURAL_VARIANT	0	0	49568844	49568844	0	1
chr16	49568885	50679000	1.9771	517	0.5641	0.5058	DEL	NONE	BAF_WEIGHTED	1052	0.4775	49568885	49568885	1	1
chr16	50679001	50805000	2.5011	31	0.5517	0.6002	NONE	NONE	BAF_WEIGHTED	124	0.4254	50679001	50679001	1	2
chr16	50805001	52035000	1.776	685	0.5667	0.5631	NONE	NONE	BAF_WEIGHTED	1182	0.423	50805001	50805001	1	1
chr16	52035001	54454633	2.2757	1711	0.5639	0.5574	NONE	DEL	BAF_WEIGHTED	2319	0.4064	52035001	52035001	1	1
chr16	54454634	54461453	1.0989	6	0.6943	1.1093	DEL	DEL	BAF_WEIGHTED	6	0.4437	54454634	54454634	0	1
chr16	54461454	55283915	1.9502	582	0.5667	0.5128	DEL	DEL	BAF_WEIGHTED	801	0.4326	54461454	54461454	1	1
chr16	55283916	55283975	0.8924	0	0	1	DEL	DEL	STRUCTURAL_VARIANT	0	0	55283916	55283916	0	1
chr16	55283976	56195000	2.0571	769	0.5625	0.5139	DEL	NONE	BAF_WEIGHTED	819	0.424	55283976	55283976	1	1
chr16	56195001	57324442	2.4738	790	0.5588	0.5958	NONE	BND	BAF_WEIGHTED	1073	0.4679	56195001	56195001	1	1
chr16	57324443	57324467	1.5235	0	0	0.9674	BND	BND	STRUCTURAL_VARIANT	0	0	57324443	57324443	0	1
chr16	57324468	57349195	2.2642	11	0.5745	0.548	BND	DEL	BAF_WEIGHTED	23	0.4086	57324468	57324468	1	1
chr16	57349196	57351409	1.5299	3	0.7073	1.0254	DEL	DEL	BAF_WEIGHTED	1	0.413	57349196	57349196	0	2
chr16	57351410	57652000	2.3274	150	0.5556	0.5703	DEL	NONE	BAF_WEIGHTED	269	0.5023	57351410	57351410	1	1
chr16	57652001	65515000	1.7684	4369	0.5665	0.5696	NONE	NONE	BAF_WEIGHTED	7437	0.3833	57652001	57652001	1	1
chr16	65515001	66824104	2.2181	427	0.558	0.5347	NONE	DEL	BAF_WEIGHTED	1259	0.4485	65515001	65515001	1	1
chr16	66824105	66825111	1.419	0	0	0.8679	DEL	DEL	STRUCTURAL_VARIANT	0	0	66824105	66824105	0	1
chr16	66825112	71970950	2.2619	1606	0.5614	0.5445	DEL	DEL	BAF_WEIGHTED	4186	0.4686	66825112	66825112	1	1
chr16	71970951	71970984	1.1118	0	0	1	DEL	DEL	STRUCTURAL_VARIANT	0	0	71970951	71970951	0	1
chr16	71970985	72806000	1.9816	125	0.5665	0.6395	DEL	NONE	BAF_WEIGHTED	773	0.3996	71970985	71970985	1	1
chr16	72806001	73079000	2.4183	72	0.5684	0.5865	NONE	NONE	BAF_WEIGHTED	269	0.4659	72806001	72806001	1	1
chr16	73079001	74982000	1.8163	934	0.5625	0.5554	NONE	NONE	BAF_WEIGHTED	1737	0.4245	73079001	73079001	1	1
chr16	74982001	75396000	2.404	139	0.5581	0.584	NONE	NONE	BAF_WEIGHTED	382	0.467	74982001	74982001	1	1
chr16	75396001	81277000	1.988	5649	0.5645	0.5259	NONE	NONE	BAF_WEIGHTED	5682	0.4133	75396001	75396001	1	1
chr16	81277001	81750000	2.4238	275	0.5682	0.5874	NONE	NONE	BAF_WEIGHTED	457	0.4891	81277001	81277001	1	1
chr16	81750001	83683000	1.854	1882	0.5623	0.5393	NONE	NONE	BAF_WEIGHTED	1884	0.425	81750001	81750001	1	1
chr16	83683001	85920000	2.2114	2113	0.5619	0.5432	NONE	NONE	BAF_WEIGHTED	2028	0.5081	83683001	83683001	1	1
chr16	85920001	87280000	1.7232	1369	0.5625	0.5803	NONE	NONE	BAF_WEIGHTED	1301	0.4873	85920001	85920001	1	1
chr16	87280001	90338345	2.0642	2407	0.5643	0.5202	NONE	TELOMERE	BAF_WEIGHTED	1737	0.5473	87280001	87280001	1	1
chr17	1	2011000	1.0461	1533	0.6372	0.9876	TELOMERE	NONE	BAF_WEIGHTED	1505	0.51	1	1	0	1
chr17	2011001	2422000	1.4521	200	0.6511	0.8954	NONE	NONE	BAF_WEIGHTED	357	0.491	2011001	2011001	0	1
chr17	2422001	2596385	0.9016	108	0.65	1	NONE	DEL	BAF_WEIGHTED	164	0.4485	2422001	2422001	0	1
chr17	2596386	2597506	0	0	0	1	DEL	DEL	STRUCTURAL_VARIANT	0	0	2596386	2596386	0	0
chr17	2597507	7195000	1.0292	3046	0.6414	0.9618	DEL	NONE	BAF_WEIGHTED	4084	0.4754	2597507	2597507	0	1
chr17	7195001	7620000	1.5062	185	0.65	0.8838	NONE	NONE	BAF_WEIGHTED	343	0.5303	7195001	7195001	0	1
chr17	7620001	7814000	1.0227	57	0.6667	1.0494	NONE	NONE	BAF_WEIGHTED	188	0.4975	7620001	7620001	0	1
chr17	7814001	8251000	1.4798	242	0.645	0.875	NONE	NONE	BAF_WEIGHTED	379	0.5064	7814001	7814001	0	1
chr17	8251001	15331789	0.9969	5045	0.6421	0.9614	NONE	BND	BAF_WEIGHTED	6827	0.4272	8251001	8251001	0	1
chr17	15331790	15343848	2.7409	9	0.575	0.6392	BND	DEL	BAF_WEIGHTED	11	0.4026	15331790	15331790	1	2
chr17	15343849	15345492	0.7715	11	0.5667	0.5748	DEL	DEL	BAF_WEIGHTED	1	0.492	15343849	15343849	0	0
chr17	15345493	15419617	2.8664	58	0.5652	0.5748	DEL	BND	BAF_WEIGHTED	67	0.4359	15345493	15345493	1	2
chr17	15419618	15682760	2.2606	70	0.5698	0.5565	BND	BND	BAF_WEIGHTED	114	0.4606	15419618	15419618	1	1
chr17	15682761	15682785	1.358	0	0	0.735	BND	BND	STRUCTURAL_VARIANT	0	0	15682761	15682761	0	1
chr17	15682786	17680000	2.1695	1187	0.5617	0.5399	BND	NONE	BAF_WEIGHTED	1466	0.4722	15682786	15682786	1	1
chr17	17680001	17996000	2.719	16	0.5518	0.6322	NONE	NONE	BAF_WEIGHTED	270	0.5289	17680001	17680001	1	2
chr17	17996001	21986000	2.1468	1402	0.5645	0.5353	NONE	NONE	BAF_WEIGHTED	2070	0.4719	17996001	17996001	1	1
chr17	21986001	21987000	-0.7565	0	0	1	NONE	NONE	BAF_WEIGHTED	1	0.414	21600001	21986001	0	-1
chr17	21987001	24849829	1.4131	76	0.5681	0.6943	NONE	CENTROMERE	BAF_WEIGHTED	277	0.4062	21987001	21987001	0	1
chr17	24849830	28973000	2.3658	649	0.5649	0.5728	CENTROMERE	NONE	BAF_WEIGHTED	1739	0.4595	24849830	24849830	1	1
chr17	28973001	35145909	2.0798	2689	0.5606	0.5379	NONE	DEL	BAF_WEIGHTED	5515	0.4417	28973001	28973001	1	1
chr17	35145910	35155002	1.07	2	0.7192	1.2002	DEL	DEL	BAF_WEIGHTED	9	0.4961	35145910	35145910	0	1
chr17	35155003	36632000	2.1772	640	0.5608	0.5394	DEL	NONE	BAF_WEIGHTED	1074	0.4364	35155003	35155003	1	1
chr17	36632001	36919000	1.7687	240	0.5682	0.5654	NONE	NONE	BAF_WEIGHTED	277	0.4967	36632001	36632001	1	1
chr17	36919001	39219893	2.2023	853	0.5588	0.5459	NONE	DEL	BAF_WEIGHTED	1705	0.4641	36919001	36919001	1	1
chr17	39219894	39220140	1.1671	0	0	1	DEL	DEL	STRUCTURAL_VARIANT	0	0	39219894	39219894	0	1
chr17	39220141	40054000	2.2859	454	0.5581	0.5683	DEL	NONE	BAF_WEIGHTED	776	0.4722	39220141	39220141	1	1
chr17	40054001	40135000	3.1112	21	0.5682	0.5748	NONE	NONE	BAF_WEIGHTED	70	0.5255	40054001	40054001	1	2
chr17	40135001	40279000	2.2332	68	0.5646	0.5522	NONE	NONE	BAF_WEIGHTED	134	0.4726	40135001	40135001	1	1
chr17	40279001	40428707	2.8883	22	0.5394	0.5748	NONE	DUP	BAF_WEIGHTED	133	0.4916	40279001	40279001	1	2
chr17	40428708	40632564	4.031	72	0.5803	0.6271	DUP	DUP	BAF_WEIGHTED	199	0.4897	40428708	40428708	2	3
chr17	40632565	43790929	2.2938	2192	0.5615	0.5562	DUP	BND	BAF_WEIGHTED	2775	0.4674	40632565	40632565	1	1
chr17	43790930	44238500	3.5079	275	0.6054	0.6769	BND	NONE	BAF_WEIGHTED	396	0.5112	43790930	43790930	1	2
chr17	44238501	45015000	2.9376	388	0.5982	0.6768	NONE	NONE	BAF_WEIGHTED	714	0.485	44237001	44240001	1	2
chr17	45015001	45584000	3.7237	166	0.5882	0.6438	NONE	NONE	BAF_WEIGHTED	378	0.5135	45015001	45015001	1	2
chr17	45584001	45895500	2.7504	92	0.6168	0.7165	NONE	NONE	BAF_WEIGHTED	252	0.4974	45441001	45628001	1	2
chr17	45895501	46769000	3.5079	44	0.5827	0.6381	NONE	NONE	BAF_WEIGHTED	383	0.4403	45894001	45897001	1	2
chr17	46769001	47011000	2.7861	203	0.6	0.6843	NONE	NONE	BAF_WEIGHTED	224	0.5044	46769001	46769001	1	2
chr17	47011001	51071000	3.5434	1795	0.5982	0.6642	NONE	NONE	BAF_WEIGHTED	3622	0.4704	47011001	47011001	1	2
chr17	51071001	52260000	3.0589	638	0.6	0.6768	NONE	NONE	BAF_WEIGHTED	1148	0.4094	51071001	51071001	1	2
chr17	52260001	54784000	2.6276	1438	0.5949	0.6797	NONE	NONE	BAF_WEIGHTED	2399	0.3635	52260001	52260001	1	2
chr17	54784001	56624211	3.038	1151	0.594	0.6668	NONE	BND	BAF_WEIGHTED	1747	0.4003	54784001	54784001	1	2
chr17	56624212	56624213	2.0738	0	0	0.5118	BND	BND	STRUCTURAL_VARIANT	0	0	56624212	56624212	1	1
chr17	56624214	57825316	3.4263	827	0.6044	0.6769	BND	DEL	BAF_WEIGHTED	1180	0.4562	56624214	56624214	1	2
chr17	57825317	57827733	1.9279	0	0	0.5741	DEL	DEL	BAF_WEIGHTED	1	0.397	57825317	57825317	1	1
chr17	57827734	58008000	4.1484	30	0.603	0.66	DEL	NONE	BAF_WEIGHTED	167	0.485	57827734	57827734	1	3
chr17	58008001	58314000	3.1164	155	0.6017	0.6798	NONE	NONE	BAF_WEIGHTED	280	0.4514	58008001	58008001	1	2
chr17	58314001	58418000	3.9937	48	0.5975	0.6548	NONE	NONE	BAF_WEIGHTED	96	0.4719	58314001	58314001	1	3
chr17	58418001	58678500	3.1685	134	0.5876	0.6525	NONE	NONE	BAF_WEIGHTED	253	0.4479	58418001	58418001	1	2
chr17	58678501	59056000	2.6895	195	0.6	0.6873	NONE	NONE	BAF_WEIGHTED	361	0.4023	58678001	58679001	1	2
chr17	59056001	59618000	3.1942	59	0.5918	0.6593	NONE	NONE	BAF_WEIGHTED	518	0.4287	59056001	59056001	1	2
chr17	59618001	59861000	3.8204	87	0.587	0.6405	NONE	NONE	BAF_WEIGHTED	242	0.3993	59618001	59618001	1	2
chr17	59861001	61477000	3.223	183	0.6042	0.6771	NONE	NONE	BAF_WEIGHTED	1358	0.4172	59861001	59861001	1	2
chr17	61477001	62418464	2.8778	437	0.5909	0.6651	NONE	DEL	BAF_WEIGHTED	813	0.3937	61477001	61477001	1	2
chr17	62418465	62425670	1.6604	0	0	0.5805	DEL	DEL	STRUCTURAL_VARIANT	0	0	62418465	62418465	1	1
chr17	62425671	63203788	3.0756	319	0.587	0.6533	DEL	DUP	BAF_WEIGHTED	612	0.4206	62425671	62425671	1	2
chr17	63203789	64374859	4.3054	515	0.6552	0.7399	DUP	BND	BAF_WEIGHTED	1054	0.4578	63203789	63203789	1	3
chr17	64374860	64374894	2.878	0	0	0.6109	BND	BND	STRUCTURAL_VARIANT	0	0	64374860	64374860	1	2
chr17	64374895	64374925	3.6727	0	0	0.6951	BND	BND	STRUCTURAL_VARIANT	0	0	64374895	64374895	1	3
chr17	64374926	64374934	4.8886	0	0	0.7709	BND	BND	STRUCTURAL_VARIANT	0	0	64374926	64374926	1	4
chr17	64374935	65666023	4.144	177	0.6496	0.7327	BND	DUP	BAF_WEIGHTED	1059	0.4451	64374935	64374935	1	3
chr17	65666024	65994249	3.2411	2	0.5653	0.6163	DUP	BND	BAF_WEIGHTED	317	0.3793	65666024	65666024	1	2
chr17	65994250	65994413	2.1568	0	0	0.5634	BND	BND	STRUCTURAL_VARIANT	0	0	65994250	65994250	1	1
chr17	65994414	66921000	2.7896	524	0.5882	0.6624	BND	NONE	BAF_WEIGHTED	900	0.4288	65994414	65994414	1	2
chr17	66921001	68548000	3.3044	752	0.6	0.6708	NONE	NONE	BAF_WEIGHTED	1497	0.4443	66921001	66921001	1	2
chr17	68548001	73182000	2.8815	3182	0.5946	0.6725	NONE	NONE	BAF_WEIGHTED	4496	0.4009	68548001	68548001	1	2
chr17	73182001	73322000	3.562	120	0.5949	0.6575	NONE	NONE	BAF_WEIGHTED	133	0.4891	73182001	73182001	1	2
chr17	73322001	74732000	2.8469	941	0.5946	0.6726	NONE	NONE	BAF_WEIGHTED	1357	0.5016	73322001	73322001	1	2
chr17	74732001	76792000	3.4407	1192	0.5966	0.6624	NONE	NONE	BAF_WEIGHTED	1740	0.5133	74732001	74732001	1	2
chr17	76792001	77086000	2.4875	282	0.5946	0.6839	NONE	NONE	BAF_WEIGHTED	281	0.5084	76787001	76792001	1	2
chr17	77086001	78428000	3.254	789	0.5954	0.6651	NONE	NONE	BAF_WEIGHTED	1201	0.5057	77086001	77086001	1	2
chr17	78428001	78682000	2.735	255	0.5882	0.6639	NONE	NONE	BAF_WEIGHTED	245	0.5101	78428001	78428001	1	2
chr17	78682001	79081000	3.3873	63	0.5909	0.6539	NONE	NONE	BAF_WEIGHTED	377	0.4991	78682001	78682001	1	2
chr17	79081001	79722000	2.4425	444	0.5938	0.684	NONE	NONE	BAF_WEIGHTED	545	0.5443	79081001	79081001	1	2
chr17	79722001	82620261	3.2431	1731	0.5961	0.6659	NONE	DEL	BAF_WEIGHTED	2058	0.5445	79722001	79722001	1	2
chr17	82620262	82620324	2.3177	0	0	0.5325	DEL	DEL	STRUCTURAL_VARIANT	0	0	82620262	82620262	1	1
chr17	82620325	83257441	3.0698	442	0.5949	0.6675	DEL	TELOMERE	BAF_WEIGHTED	346	0.5214	82620325	82620325	1	2
chr18	1	719084	2.2641	618	0.5556	0.5583	TELOMERE	DEL	BAF_WEIGHTED	565	0.4217	1	1	1	1
chr18	719085	719160	0.7693	0	0	1	DEL	DEL	STRUCTURAL_VARIANT	0	0	719085	719085	0	1
chr18	719161	2072389	1.8543	1081	0.5702	0.5479	DEL	DEL	BAF_WEIGHTED	1267	0.3752	719161	719161	1	1
chr18	2072390	2073728	1.0362	0	0	1	DEL	DEL	STRUCTURAL_VARIANT	0	0	2072390	2072390	0	1
chr18	2073729	3718000	2.3348	1218	0.5566	0.5704	DEL	NONE	BAF_WEIGHTED	1589	0.4048	2073729	2073729	1	1
chr18	3718001	9073000	1.7959	3403	0.5643	0.5572	NONE	NONE	BAF_WEIGHTED	5109	0.4036	3718001	3718001	1	1
chr18	9073001	9225000	2.8114	97	0.5652	0.5748	NONE	NONE	BAF_WEIGHTED	143	0.3817	9073001	9073001	1	2
chr18	9225001	11153000	2.2787	1648	0.5641	0.5612	NONE	NONE	BAF_WEIGHTED	1790	0.4215	9225001	9225001	1	1
chr18	11153001	11669414	1.8488	439	0.5581	0.5409	NONE	DEL	BAF_WEIGHTED	463	0.4005	11153001	11153001	1	1
chr18	11669415	11671077	1.4275	5	0.7143	1.0668	DEL	DEL	BAF_WEIGHTED	1	0.496	11669415	11669415	0	1
chr18	11671078	13210500	2.057	1210	0.5631	0.5319	DEL	NONE	BAF_WEIGHTED	1343	0.4375	11671078	11671078	1	1
chr18	13210501	13631000	2.7504	193	0.561	0.6364	NONE	NONE	BAF_WEIGHTED	406	0.4658	13209001	13212001	1	2
chr18	13631001	18161052	1.968	614	0.5676	0.5081	NONE	CENTROMERE	BAF_WEIGHTED	518	0.414	13631001	13631001	1	1
chr18	18161053	21859000	2.2039	228	0.5605	0.5462	CENTROMERE	NONE	BAF_WEIGHTED	880	0.3997	18161053	18161053	1	1
chr18	21859001	22140000	1.8042	221	0.5625	0.5543	NONE	NONE	BAF_WEIGHTED	271	0.4329	21859001	21859001	1	1
chr18	22140001	24411000	2.3751	603	0.5581	0.579	NONE	NONE	BAF_WEIGHTED	2173	0.4216	22140001	22140001	1	1
chr18	24411001	33238906	2.0188	4429	0.5623	0.5337	NONE	DEL	BAF_WEIGHTED	8456	0.3764	24411001	24411001	1	1
chr18	33238907	39843929	1.1027	2595	0.6497	0.9721	DEL	DEL	BAF_WEIGHTED	6279	0.3907	33238907	33238907	0	1
chr18	39843930	41897000	1.9307	1116	0.5667	0.5175	DEL	NONE	BAF_WEIGHTED	1990	0.3625	39843930	39843930	1	1
chr18	41897001	42118000	2.3556	133	0.5676	0.5755	NONE	NONE	BAF_WEIGHTED	220	0.3653	41897001	41897001	1	1
chr18	42118001	43567000	1.9038	544	0.5667	0.5253	NONE	NONE	BAF_WEIGHTED	1377	0.3662	42118001	42118001	1	1
chr18	43567001	44646000	2.2773	834	0.5667	0.5609	NONE	NONE	BAF_WEIGHTED	1010	0.3622	43567001	43567001	1	1
chr18	44646001	44910000	2.9197	146	0.5556	0.5748	NONE	NONE	BAF_WEIGHTED	260	0.4235	44646001	44646001	1	2
chr18	44910001	46498000	2.4088	942	0.5526	0.5849	NONE	NONE	BAF_WEIGHTED	1518	0.432	44910001	44910001	1	1
chr18	46498001	47750000	1.9352	572	0.56	0.5167	NONE	NONE	BAF_WEIGHTED	1127	0.4333	46498001	46498001	1	1
chr18	47750001	50442000	2.4173	1479	0.5617	0.5818	NONE	NONE	BAF_WEIGHTED	2521	0.4454	47750001	47750001	1	1
chr18	50442001	50803000	1.7796	50	0.5638	0.5619	NONE	NONE	BAF_WEIGHTED	349	0.4416	50442001	50442001	1	1
chr18	50803001	51221000	2.2107	157	0.5667	0.5476	NONE	NONE	BAF_WEIGHTED	394	0.4139	50803001	50803001	1	1
chr18	51221001	54106000	1.8434	2096	0.5652	0.5352	NONE	NONE	BAF_WEIGHTED	2761	0.3796	51221001	51221001	1	1
chr18	54106001	54286000	2.7725	122	0.5465	0.5748	NONE	NONE	BAF_WEIGHTED	176	0.3936	54106001	54106001	1	2
chr18	54286001	54751576	2.2223	135	0.5714	0.55	NONE	DEL	BAF_WEIGHTED	425	0.3718	54286001	54286001	1	1
chr18	54751577	54751688	1.1014	0	0	0.9079	DEL	DEL	STRUCTURAL_VARIANT	0	0	54751577	54751577	0	1
chr18	54751689	57029000	2.1923	613	0.5625	0.5438	DEL	NONE	BAF_WEIGHTED	2208	0.3826	54751689	54751689	1	1
chr18	57029001	57386122	1.7533	187	0.5667	0.5704	NONE	DEL	BAF_WEIGHTED	328	0.4358	57029001	57029001	1	1
chr18	57386123	57386169	1.0191	0	0	0.7392	DEL	DEL	STRUCTURAL_VARIANT	0	0	57386123	57386123	0	1
chr18	57386170	57549000	1.9289	119	0.5806	0.6787	DEL	NONE	BAF_WEIGHTED	152	0.4278	57386170	57386170	1	1
chr18	57549001	59155000	2.4088	1142	0.5588	0.5849	NONE	NONE	BAF_WEIGHTED	1552	0.4341	57549001	57549001	1	1
chr18	59155001	61528000	1.9393	1099	0.5641	0.5156	NONE	NONE	BAF_WEIGHTED	2247	0.3863	59155001	59155001	1	1
chr18	61528001	63113000	2.3888	1126	0.5579	0.5814	NONE	NONE	BAF_WEIGHTED	1523	0.4071	61528001	61528001	1	1
chr18	63113001	63323000	3.3022	165	0.5581	0.6056	NONE	NONE	BAF_WEIGHTED	209	0.428	63113001	63113001	1	2
chr18	63323001	63443000	2.5323	67	0.5667	0.6051	NONE	NONE	BAF_WEIGHTED	116	0.4121	63323001	63323001	1	2
chr18	63443001	78284000	1.9351	11083	0.5628	0.5405	NONE	NONE	BAF_WEIGHTED	14175	0.3789	63443001	63443001	1	1
chr18	78284001	79038000	1.4457	442	0.5672	0.6917	NONE	NONE	BAF_WEIGHTED	674	0.4682	78284001	78284001	0	1
chr18	79038001	79929000	1.913	693	0.5658	0.5443	NONE	NONE	BAF_WEIGHTED	702	0.4836	79038001	79038001	1	1
chr18	79929001	80373285	2.4063	322	0.5581	0.5844	NONE	TELOMERE	BAF_WEIGHTED	294	0.4671	79929001	79929001	1	1
chr19	1	565000	1.6817	362	0.5714	0.5993	TELOMERE	NONE	BAF_WEIGHTED	180	0.5601	1	1	1	1
chr19	565001	3788000	2.0751	2284	0.5621	0.5426	NONE	NONE	BAF_WEIGHTED	2009	0.5668	564001	566001	1	1
chr19	3788001	3962000	1.3083	116	0.5652	0.5748	NONE	NONE	BAF_WEIGHTED	152	0.5348	3788001	3788001	1	1
chr19	3962001	4555515	1.947	489	0.5714	0.5136	NONE	DEL	BAF_WEIGHTED	467	0.5505	3962001	3962001	1	1
chr19	4555516	4555553	1.0295	0	0	0.9713	DEL	DEL	STRUCTURAL_VARIANT	0	0	4555516	4555516	0	1
chr19	4555554	4851257	1.9853	202	0.5617	0.5037	DEL	DEL	BAF_WEIGHTED	257	0.5305	4555554	4555554	1	1
chr19	4851258	4866246	0.9173	0	0	1	DEL	DEL	BAF_WEIGHTED	14	0.5261	4851258	4851258	0	1
chr19	4866247	5162500	2.0217	168	0.5556	0.5054	DEL	NONE	BAF_WEIGHTED	217	0.5553	4866247	4866247	1	1
chr19	5162501	5575000	1.4648	297	0.561	0.6827	NONE	NONE	BAF_WEIGHTED	386	0.5159	5161001	5164001	0	1
chr19	5575001	8027000	1.9097	1587	0.5668	0.5199	NONE	NONE	BAF_WEIGHTED	2112	0.5047	5575001	5575001	1	1
chr19	8027001	8143000	1.4002	91	0.5484	0.5748	NONE	NONE	BAF_WEIGHTED	110	0.5174	8027001	8027001	1	1
chr19	8143001	8616000	2.1577	341	0.5625	0.5365	NONE	NONE	BAF_WEIGHTED	394	0.5207	8143001	8143001	1	1
chr19	8616001	10072000	1.6422	732	0.5625	0.6135	NONE	NONE	BAF_WEIGHTED	1289	0.4597	8616001	8616001	1	1
chr19	10072001	13190000	2.1389	755	0.559	0.5315	NONE	NONE	BAF_WEIGHTED	2739	0.5019	10072001	10072001	1	1
chr19	13190001	13729000	1.4276	291	0.5603	0.5767	NONE	NONE	BAF_WEIGHTED	524	0.4735	13190001	13190001	1	1
chr19	13729001	14596000	2.2127	256	0.5646	0.5481	NONE	NONE	BAF_WEIGHTED	659	0.5293	13729001	13729001	1	1
chr19	14596001	15098000	1.5231	511	0.5641	0.6566	NONE	NONE	BAF_WEIGHTED	485	0.4447	14596001	14596001	1	1
chr19	15098001	15484000	2.2482	102	0.5664	0.5552	NONE	NONE	BAF_WEIGHTED	338	0.5169	15098001	15098001	1	1
chr19	15484001	16000000	1.6732	656	0.5652	0.5977	NONE	NONE	BAF_WEIGHTED	463	0.4558	15484001	15484001	1	1
chr19	16000001	16673000	2.0967	262	0.5556	0.5231	NONE	NONE	BAF_WEIGHTED	621	0.5102	16000001	16000001	1	1
chr19	16673001	16825525	1.5099	67	0.5484	0.6623	NONE	DEL	BAF_WEIGHTED	150	0.4799	16673001	16673001	1	1
chr19	16825526	16825596	0.6203	0	0	1	DEL	DEL	STRUCTURAL_VARIANT	0	0	16825526	16825526	0	1
chr19	16825597	17058000	1.5581	165	0.5714	0.6418	DEL	NONE	BAF_WEIGHTED	211	0.5156	16825597	16825597	1	1
chr19	17058001	17558000	2.0899	429	0.5526	0.5215	NONE	NONE	BAF_WEIGHTED	443	0.5308	17058001	17058001	1	1
chr19	17558001	17988000	1.685	154	0.5613	0.5935	NONE	NONE	BAF_WEIGHTED	377	0.5257	17558001	17558001	1	1
chr19	17988001	18616000	2.3387	447	0.561	0.5724	NONE	NONE	BAF_WEIGHTED	532	0.5442	17988001	17988001	1	1
chr19	18616001	21892000	1.8796	2087	0.5638	0.5332	NONE	NONE	BAF_WEIGHTED	2600	0.4476	18616001	18616001	1	1
chr19	21892001	23284000	1.3509	369	0.5699	0.5779	NONE	NONE	BAF_WEIGHTED	1051	0.4091	21892001	21892001	1	1
chr19	23284001	25844926	1.9108	272	0.5652	0.544	NONE	CENTROMERE	BAF_WEIGHTED	790	0.41	23284001	23284001	1	1
chr19	25844927	27634000	0.9374	192	0.581	0.8884	CENTROMERE	NONE	BAF_WEIGHTED	275	0.3631	25844927	25844927	0	1
chr19	27634001	32967012	1.7881	2920	0.5606	0.5753	NONE	DEL	BAF_WEIGHTED	5055	0.4462	27634001	27634001	1	1
chr19	32967013	32984930	0.9585	19	0.6429	1	DEL	DEL	BAF_WEIGHTED	10	0.5041	32967013	32967013	0	1
chr19	32984931	36151500	2.015	1858	0.5613	0.5347	DEL	NONE	BAF_WEIGHTED	2818	0.4866	32984931	32984931	1	1
chr19	36151501	37892000	1.7059	1194	0.5641	0.5862	NONE	NONE	BAF_WEIGHTED	1517	0.419	36151001	36152001	1	1
chr19	37892001	38073000	2.3658	95	0.5641	0.5773	NONE	NONE	BAF_WEIGHTED	180	0.4824	37892001	37892001	1	1
chr19	38073001	38263000	1.7837	47	0.5641	0.5606	NONE	NONE	BAF_WEIGHTED	169	0.5224	38073001	38073001	1	1
chr19	38263001	38420000	2.3885	101	0.566	0.5813	NONE	NONE	BAF_WEIGHTED	136	0.5304	38263001	38263001	1	1
chr19	38420001	38611000	1.6477	38	0.5658	0.6069	NONE	NONE	BAF_WEIGHTED	179	0.5179	38420001	38420001	1	1
chr19	38611001	38978426	2.4334	13	0.5556	0.5977	NONE	DEL	BAF_WEIGHTED	303	0.5183	38611001	38611001	1	1
chr19	38978427	38990516	0.9103	0	0	1	DEL	DEL	BAF_WEIGHTED	11	0.4846	38978427	38978427	0	1
chr19	38990517	39116000	1.5231	84	0.5556	0.6566	DEL	NONE	BAF_WEIGHTED	121	0.4848	38990517	38990517	1	1
chr19	39116001	39486000	2.1816	173	0.5686	0.5416	NONE	NONE	BAF_WEIGHTED	322	0.5168	39116001	39116001	1	1
chr19	39486001	40081067	1.7992	338	0.5646	0.5558	NONE	DEL	BAF_WEIGHTED	512	0.4391	39486001	39486001	1	1
chr19	40081068	40094297	1.2028	0	0	0.8174	DEL	DEL	BAF_WEIGHTED	12	0.3889	40081068	40081068	0	1
chr19	40094298	41660856	2.1586	993	0.5607	0.5446	DEL	BND	BAF_WEIGHTED	1301	0.4931	40094298	40094298	1	1
chr19	41660857	41660875	0.9288	0	0	1	BND	BND	STRUCTURAL_VARIANT	0	0	41660857	41660857	0	1
chr19	41660876	42156051	2.0157	148	0.5556	0.5039	BND	DEL	BAF_WEIGHTED	429	0.5087	41660876	41660876	1	1
chr19	42156052	42174302	1.1014	1	0.5556	0.5748	DEL	DEL	BAF_WEIGHTED	17	0.5066	42156052	42156052	0	1
chr19	42174303	46584000	2.0784	3109	0.5632	0.544	DEL	NONE	BAF_WEIGHTED	3358	0.4836	42174303	42174303	1	1
chr19	46584001	47285000	2.4914	306	0.5556	0.5986	NONE	NONE	BAF_WEIGHTED	620	0.5048	46584001	46584001	1	1
chr19	47285001	48227071	1.8007	552	0.5652	0.5726	NONE	DUP	BAF_WEIGHTED	810	0.4982	47285001	47285001	1	1
chr19	48227072	48452779	3.3364	236	0.6	0.6702	DUP	DUP	BAF_WEIGHTED	190	0.5079	48227072	48227072	1	2
chr19	48452780	49983000	2.2452	848	0.5625	0.5546	DUP	NONE	BAF_WEIGHTED	1254	0.527	48452780	48452780	1	1
chr19	49983001	53167791	1.8094	2278	0.5622	0.5566	NONE	DEL	BAF_WEIGHTED	2688	0.471	49983001	49983001	1	1
chr19	53167792	53210148	0.9044	45	0.6452	1	DEL	DEL	BAF_WEIGHTED	31	0.4546	53167792	53167792	0	1
chr19	53210149	53255153	1.5997	69	0.5652	0.6251	DEL	DEL	BAF_WEIGHTED	42	0.4034	53210149	53210149	1	1
chr19	53255154	53255185	0.7711	0	0	1	DEL	DEL	STRUCTURAL_VARIANT	0	0	53255154	53255154	0	1
chr19	53255186	54100000	1.5222	710	0.5625	0.657	DEL	NONE	BAF_WEIGHTED	696	0.4705	53255186	53255186	1	1
chr19	54100001	54221000	2.6171	138	0.5526	0.6179	NONE	NONE	BAF_WEIGHTED	95	0.5475	54100001	54100001	1	2
chr19	54221001	54723000	1.7624	532	0.5667	0.5674	NONE	NONE	BAF_WEIGHTED	375	0.4743	54217001	54225001	1	1
chr19	54723001	55022000	1.2142	523	0.5789	0.7315	NONE	NONE	BAF_WEIGHTED	168	0.4754	54723001	54723001	0	1
chr19	55022001	55709000	2.114	401	0.5593	0.527	NONE	NONE	BAF_WEIGHTED	498	0.5469	55022001	55022001	1	1
chr19	55709001	56068000	1.2933	276	0.5714	0.5748	NONE	NONE	BAF_WEIGHTED	321	0.4387	55709001	55709001	1	1
chr19	56068001	56578000	1.8613	220	0.5667	0.5373	NONE	NONE	BAF_WEIGHTED	444	0.4494	56068001	56068001	1	1
chr19	56578001	57164000	1.3663	331	0.5652	0.5748	NONE	NONE	BAF_WEIGHTED	556	0.4466	56578001	56578001	1	1
chr19	57164001	57668644	2.0396	503	0.56	0.5097	NONE	DUP	BAF_WEIGHTED	470	0.4379	57164001	57164001	1	1
chr19	57668645	57827473	3.1635	29	0.62	0.7091	DUP	DUP	BAF_WEIGHTED	141	0.4532	57668645	57668645	1	2
chr19	57827474	57852500	2.603	1	0.5135	0.6158	DUP	NONE	BAF_WEIGHTED	11	0.4575	57827474	57827474	1	2
chr19	57852501	58329000	1.6245	187	0.5652	0.6156	NONE	NONE	BAF_WEIGHTED	425	0.4773	57852001	57853001	1	1
chr19	58329001	58346630	2.4033	0	0	0.5839	NONE	DUP	BAF_WEIGHTED	16	0.4859	58329001	58329001	1	1
chr19	58346631	58439712	3.5238	13	0.6071	0.6785	DUP	DEL	BAF_WEIGHTED	72	0.5289	58346631	58346631	1	2
chr19	58439713	58439726	2.5062	0	0	0.601	DEL	DEL	STRUCTURAL_VARIANT	0	0	58439713	58439713	1	2
chr19	58439727	58440000	3.5511	0	0	0.7184	DEL	DUP	STRUCTURAL_VARIANT	0	0	58439727	58439727	1	3
chr19	58440001	58578650	2.6515	48	0.5473	0.6229	DUP	DEL	BAF_WEIGHTED	104	0.5353	58440001	58440001	1	2
chr19	58578651	58578687	1.822	0	0	0.9064	DEL	DEL	STRUCTURAL_VARIANT	0	0	58578651	58578651	0	2
chr19	58578688	58617616	3.648	7	0.5741	0.5482	DEL	TELOMERE	BAF_WEIGHTED	7	0.5079	58578688	58578688	2	2
chr20	1	4087000	2.1548	2693	0.5624	0.5372	TELOMERE	NONE	BAF_WEIGHTED	3725	0.4576	1	1	1	1
chr20	4087001	5098000	1.9925	778	0.5625	0.5019	NONE	NONE	BAF_WEIGHTED	962	0.4458	4087001	4087001	1	1
chr20	5098001	5210000	2.5894	2	0.5357	0.6138	NONE	NONE	BAF_WEIGHTED	107	0.4455	5098001	5098001	1	2
chr20	5210001	5479000	1.6034	336	0.5617	0.6237	NONE	NONE	BAF_WEIGHTED	238	0.4216	5210001	5210001	1	1
chr20	5479001	6793225	2.0016	1094	0.56	0.5004	NONE	DUP	BAF_WEIGHTED	1264	0.4112	5479001	5479001	1	1
chr20	6793226	7969000	2.7591	516	0.6042	0.6929	DUP	NONE	BAF_WEIGHTED	1124	0.371	6793226	6793226	1	2
chr20	7969001	8163935	3.5206	135	0.575	0.625	NONE	DUP	BAF_WEIGHTED	184	0.3733	7969001	7969001	1	2
chr20	8163936	10441492	2.1467	1309	0.5627	0.5316	DUP	DEL	BAF_WEIGHTED	2196	0.3893	8163936	8163936	1	1
chr20	10441493	10468432	1.3907	0	0	0.7231	DEL	DEL	BAF_WEIGHTED	26	0.3917	10441493	10441493	0	1
chr20	10468433	10699000	2.5908	17	0.5714	0.614	DEL	NONE	BAF_WEIGHTED	226	0.4204	10468433	10468433	1	2
chr20	10699001	17498000	2.03	3751	0.5623	0.5404	NONE	NONE	BAF_WEIGHTED	6504	0.3899	10699001	10699001	1	1
chr20	17498001	17986000	2.5394	301	0.5625	0.6062	NONE	NONE	BAF_WEIGHTED	468	0.4675	17498001	17498001	1	2
chr20	17986001	19197000	1.9866	795	0.56	0.5034	NONE	NONE	BAF_WEIGHTED	1125	0.4247	17986001	17986001	1	1
chr20	19197001	20717000	2.3792	906	0.56	0.5797	NONE	NONE	BAF_WEIGHTED	1477	0.4257	19197001	19197001	1	1
chr20	20717001	22676000	1.8505	1424	0.5612	0.5467	NONE	NONE	BAF_WEIGHTED	1836	0.4155	20717001	20717001	1	1
chr20	22676001	28237289	2.1258	2696	0.5609	0.5346	NONE	CENTROMERE	BAF_WEIGHTED	2615	0.4518	22676001	22676001	1	1
chr20	28237290	30875123	1.6094	397	0.5769	0.6872	CENTROMERE	DEL	BAF_WEIGHTED	47	0.4469	28237290	28237290	1	1
chr20	30875124	30879330	0.9273	0	0	1	DEL	DEL	STRUCTURAL_VARIANT	0	0	30875124	30875124	0	1
chr20	30879331	31296000	1.1842	31	0.5652	0.5748	DEL	NONE	BAF_WEIGHTED	45	0.41	30879331	30879331	1	1
chr20	31296001	31492436	1.9457	119	0.575	0.6655	NONE	DEL	BAF_WEIGHTED	179	0.4177	31296001	31296001	1	1
chr20	31492437	31492658	1.545	0	0	0.6466	DEL	DEL	STRUCTURAL_VARIANT	0	0	31492437	31492437	1	1
chr20	31492659	31881000	2.7384	327	0.5578	0.6352	DEL	NONE	BAF_WEIGHTED	375	0.483	31492659	31492659	1	2
chr20	31881001	32105000	2.2614	81	0.5556	0.5578	NONE	NONE	BAF_WEIGHTED	213	0.4812	31881001	31881001	1	1
chr20	32105001	32597000	2.8319	255	0.5641	0.5748	NONE	NONE	BAF_WEIGHTED	453	0.4802	32105001	32105001	1	2
chr20	32597001	33478000	2.336	576	0.5676	0.5719	NONE	NONE	BAF_WEIGHTED	848	0.4863	32597001	32597001	1	1
chr20	33478001	33863000	2.9588	112	0.5612	0.5748	NONE	NONE	BAF_WEIGHTED	356	0.4668	33478001	33478001	1	2
chr20	33863001	36227000	2.5142	1076	0.5615	0.5995	NONE	NONE	BAF_WEIGHTED	2234	0.4551	33863001	33863001	1	2
chr20	36227001	36423000	1.8224	47	0.5714	0.5487	NONE	NONE	BAF_WEIGHTED	189	0.4982	36227001	36227001	1	1
chr20	36423001	39292326	2.3981	1001	0.5603	0.5839	NONE	DEL	BAF_WEIGHTED	2749	0.4654	36423001	36423001	1	1
chr20	39292327	39292367	1.5392	0	0	0.9098	DEL	DEL	STRUCTURAL_VARIANT	0	0	39292327	39292327	0	1
chr20	39292368	40927000	2.3751	924	0.5641	0.579	DEL	NONE	BAF_WEIGHTED	1560	0.4121	39292368	39292368	1	1
chr20	40927001	41079267	2.8257	70	0.5541	0.5748	NONE	DEL	BAF_WEIGHTED	148	0.4359	40927001	40927001	1	2
chr20	41079268	41102129	1.7171	6	0.6337	0.8165	DEL	DEL	BAF_WEIGHTED	22	0.3911	41079268	41079268	0	1
chr20	41102130	41717000	2.7673	349	0.5667	0.5748	DEL	NONE	BAF_WEIGHTED	578	0.4382	41102130	41102130	1	2
chr20	41717001	43914568	2.1141	1129	0.5642	0.5371	NONE	DEL	BAF_WEIGHTED	2106	0.435	41717001	41717001	1	1
chr20	43914569	43914983	0.3336	0	0	1	DEL	DEL	STRUCTURAL_VARIANT	0	0	43914569	43914569	0	0
chr20	43914984	44870000	2.1827	584	0.5641	0.5419	DEL	NONE	BAF_WEIGHTED	923	0.4714	43914984	43914984	1	1
chr20	44870001	45084000	2.7736	157	0.5588	0.5748	NONE	NONE	BAF_WEIGHTED	209	0.4142	44870001	44870001	1	2
chr20	45084001	45313000	2.1809	47	0.5455	0.5415	NONE	NONE	BAF_WEIGHTED	220	0.4297	45084001	45084001	1	1
chr20	45313001	45465000	3.0516	92	0.55	0.5748	NONE	NONE	BAF_WEIGHTED	147	0.464	45313001	45313001	1	2
chr20	45465001	47257000	2.2628	1246	0.5625	0.5581	NONE	NONE	BAF_WEIGHTED	1700	0.4609	45465001	45465001	1	1
chr20	47257001	47669000	2.6344	70	0.5445	0.6204	NONE	NONE	BAF_WEIGHTED	406	0.4455	47257001	47257001	1	2
chr20	47669001	48610000	2.0501	536	0.5594	0.5122	NONE	NONE	BAF_WEIGHTED	808	0.477	47669001	47669001	1	1
chr20	48610001	49633295	2.4352	703	0.5593	0.587	NONE	DEL	BAF_WEIGHTED	983	0.4686	48610001	48610001	1	1
chr20	49633296	49634992	1.5293	0	0	0.6625	DEL	DEL	STRUCTURAL_VARIANT	0	0	49633296	49633296	1	1
chr20	49634993	50966000	2.6284	977	0.5591	0.6145	DEL	NONE	BAF_WEIGHTED	1277	0.4803	49634993	49634993	1	2
chr20	50966001	51350000	1.8477	211	0.5625	0.5412	NONE	NONE	BAF_WEIGHTED	380	0.4639	50966001	50966001	1	1
chr20	51350001	51609000	2.4117	102	0.5641	0.5854	NONE	NONE	BAF_WEIGHTED	256	0.4807	51350001	51350001	1	1
chr20	51609001	53564000	2.0156	1152	0.5663	0.5166	NONE	NONE	BAF_WEIGHTED	1909	0.4242	51609001	51609001	1	1
chr20	53564001	54222000	2.563	410	0.5588	0.6098	NONE	NONE	BAF_WEIGHTED	621	0.429	53564001	53564001	1	2
chr20	54222001	56348000	1.6791	1214	0.5715	0.6112	NONE	NONE	BAF_WEIGHTED	1993	0.3886	54222001	54222001	1	1
chr20	56348001	59833000	2.0143	1921	0.5613	0.5216	NONE	NONE	BAF_WEIGHTED	3342	0.4726	56348001	56348001	1	1
chr20	59833001	60019000	2.4224	15	0.5926	0.6823	NONE	NONE	BAF_WEIGHTED	178	0.382	59833001	59833001	1	2
chr20	60019001	60554000	1.8911	281	0.56	0.5288	NONE	NONE	BAF_WEIGHTED	522	0.4349	60019001	60019001	1	1
chr20	60554001	61986500	1.5408	1283	0.5676	0.649	NONE	NONE	BAF_WEIGHTED	1327	0.481	60554001	60554001	1	1
chr20	61986501	64444167	2.0376	1263	0.562	0.5251	NONE	TELOMERE	BAF_WEIGHTED	1287	0.5676	61986001	61987001	1	1
chr21	1	11890183	2.471	0	0	0.574	TELOMERE	CENTROMERE	LONG_ARM	0	0	1	1	1	1
chr21	11890184	15860000	2.471	1620	0.5607	0.574	CENTROMERE	NONE	BAF_WEIGHTED	1732	0.3726	11890184	11890184	1	1
chr21	15860001	22156687	1.9331	4539	0.5647	0.5269	NONE	DEL	BAF_WEIGHTED	6002	0.3568	15860001	15860001	1	1
chr21	22156688	22174566	0.7843	0	0	1	DEL	DEL	BAF_WEIGHTED	17	0.3224	22156688	22156688	0	1
chr21	22174567	25542000	1.8174	2316	0.5667	0.5502	DEL	NONE	BAF_WEIGHTED	3282	0.3525	22174567	22174567	1	1
chr21	25542001	26177000	2.3046	267	0.5556	0.5661	NONE	NONE	BAF_WEIGHTED	613	0.3979	25542001	25542001	1	1
chr21	26177001	28070000	1.922	1577	0.5641	0.5203	NONE	NONE	BAF_WEIGHTED	1627	0.3714	26177001	26177001	1	1
chr21	28070001	29446000	2.3904	459	0.5625	0.5817	NONE	NONE	BAF_WEIGHTED	1324	0.3823	28070001	28070001	1	1
chr21	29446001	33182000	1.9515	2229	0.5653	0.5239	NONE	NONE	BAF_WEIGHTED	3615	0.4108	29446001	29446001	1	1
chr21	33182001	34106793	2.3337	293	0.5625	0.5715	NONE	DEL	BAF_WEIGHTED	893	0.4303	33182001	33182001	1	1
chr21	34106794	34106857	0.8525	0	0	1	DEL	DEL	STRUCTURAL_VARIANT	0	0	34106794	34106794	0	1
chr21	34106858	35444000	2.3534	705	0.56	0.5748	DEL	NONE	BAF_WEIGHTED	1195	0.428	34106858	34106858	1	1
chr21	35444001	37365000	2.1336	1198	0.5588	0.5313	NONE	NONE	BAF_WEIGHTED	1833	0.4377	35444001	35444001	1	1
chr21	37365001	37512000	2.8164	68	0.561	0.5748	NONE	NONE	BAF_WEIGHTED	143	0.3874	37365001	37365001	1	2
chr21	37512001	44324000	2.0809	4137	0.5606	0.5409	NONE	NONE	BAF_WEIGHTED	5857	0.453	37512001	37512001	1	1
chr21	44324001	44428429	1.9143	9	0.6562	0.8478	NONE	BND	BAF_WEIGHTED	65	0.5478	44324001	44324001	0	2
chr21	44428430	46709983	1.1319	1846	0.612	0.855	BND	TELOMERE	BAF_WEIGHTED	1682	0.5073	44428430	44428430	0	1
chr22	1	14004552	2.0326	0	0	0.5239	TELOMERE	CENTROMERE	LONG_ARM	0	0.6845	1	1	1	1
chr22	14004553	23180432	2.0326	4138	0.5643	0.5239	CENTROMERE	DEL	BAF_WEIGHTED	4219	0.4842	14004553	14004553	1	1
chr22	23180433	23180474	1.6994	0	0	0.6266	DEL	DEL	STRUCTURAL_VARIANT	0	0	23180433	23180433	1	1
chr22	23180475	23940000	2.1381	445	0.5577	0.5323	DEL	NONE	BAF_WEIGHTED	554	0.5107	23180475	23180475	1	1
chr22	23940001	24639000	2.5616	290	0.5594	0.6096	NONE	NONE	BAF_WEIGHTED	479	0.4854	23932001	23969001	1	2
chr22	24639001	27771000	1.9034	2199	0.5625	0.5254	NONE	NONE	BAF_WEIGHTED	2869	0.4629	24599001	24679001	1	1
chr22	27771001	30428000	2.2632	919	0.5637	0.5597	NONE	NONE	BAF_WEIGHTED	2413	0.4495	27771001	27771001	1	1
chr22	30428001	31073500	1.8847	324	0.5641	0.5306	NONE	NONE	BAF_WEIGHTED	599	0.4823	30428001	30428001	1	1
chr22	31073501	31351000	2.6249	42	0.5513	0.619	NONE	NONE	BAF_WEIGHTED	244	0.4904	31068001	31079001	1	2
chr22	31351001	32455000	1.9936	432	0.566	0.5413	NONE	NONE	BAF_WEIGHTED	1012	0.4553	31351001	31351001	1	1
chr22	32455001	32885000	2.4616	303	0.5636	0.5938	NONE	NONE	BAF_WEIGHTED	420	0.459	32455001	32455001	1	1
chr22	32885001	33949000	1.8874	670	0.561	0.5323	NONE	NONE	BAF_WEIGHTED	1042	0.4389	32885001	32885001	1	1
chr22	33949001	35252000	1.6213	913	0.5667	0.6168	NONE	NONE	BAF_WEIGHTED	1235	0.4219	33949001	33949001	1	1
chr22	35252001	36536000	2.4757	720	0.561	0.5961	NONE	NONE	BAF_WEIGHTED	1214	0.4686	35252001	35252001	1	1
chr22	36536001	37482240	2.0129	752	0.5598	0.5393	NONE	BND	BAF_WEIGHTED	869	0.5133	36536001	36536001	1	1
chr22	37482241	37482454	3.3941	0	0	0.6349	BND	BND	STRUCTURAL_VARIANT	0	0	37482241	37482241	1	2
chr22	37482455	39026590	2.2416	898	0.5633	0.5529	BND	DEL	BAF_WEIGHTED	1316	0.5157	37482455	37482455	1	1
chr22	39026591	39040148	1.5281	20	0.6111	0.7819	DEL	DEL	BAF_WEIGHTED	4	0.509	39026591	39026591	0	1
chr22	39040149	43298000	2.2329	2491	0.5618	0.5456	DEL	NONE	BAF_WEIGHTED	3820	0.4864	39040149	39040149	1	1
chr22	43298001	45134000	1.7423	1637	0.5625	0.5739	NONE	NONE	BAF_WEIGHTED	1685	0.5014	43298001	43298001	1	1
chr22	45134001	45381336	2.2118	276	0.5625	0.5479	NONE	DEL	BAF_WEIGHTED	223	0.4828	45134001	45134001	1	1
chr22	45381337	45384166	1.6832	1	0.5484	0.5941	DEL	DEL	BAF_WEIGHTED	2	0.3395	45381337	45381337	1	1
chr22	45384167	46897000	2.2826	974	0.561	0.5619	DEL	NONE	BAF_WEIGHTED	1262	0.5095	45384167	45384167	1	1
chr22	46897001	49796000	1.625	2395	0.5669	0.6288	NONE	NONE	BAF_WEIGHTED	2598	0.4906	46897001	46897001	1	1
chr22	49796001	50818468	2.1886	707	0.5581	0.5431	NONE	TELOMERE	BAF_WEIGHTED	617	0.5495	49796001	49796001	1	1
chrX	1	1371000	0.4612	1405	0.6159	1	TELOMERE	NONE	BAF_WEIGHTED	824	0.4724	1	1	0	0
chrX	1371001	11293778	0.9983	5446	0.6166	0.949	NONE	BND	BAF_WEIGHTED	8774	0.4103	1365001	1377001	0	1
chrX	11293779	12284305	1.8893	324	0.5605	0.5317	BND	DEL	BAF_WEIGHTED	929	0.3897	11293779	11293779	1	1
chrX	12284306	12287850	1.3441	3	0.619	0.8269	DEL	DEL	BAF_WEIGHTED	2	0.376	12284306	12284306	0	1
chrX	12287851	12943000	1.8759	327	0.561	0.5331	DEL	NONE	BAF_WEIGHTED	606	0.4006	12287851	12287851	1	1
chrX	12943001	13106000	2.5735	8	0.5453	0.6114	NONE	NONE	BAF_WEIGHTED	155	0.42	12940001	12946001	1	2
chrX	13106001	13845000	2.1549	303	0.5625	0.536	NONE	NONE	BAF_WEIGHTED	702	0.4089	13106001	13106001	1	1
chrX	13845001	14884833	1.7678	237	0.5714	0.5657	NONE	DEL	BAF_WEIGHTED	950	0.3843	13845001	13845001	1	1
chrX	14884834	14904445	1.1241	6	0.6787	1.0521	DEL	DEL	BAF_WEIGHTED	19	0.3599	14884834	14884834	0	1
chrX	14904446	16896000	2.1373	572	0.5645	0.5411	DEL	NONE	BAF_WEIGHTED	1861	0.4008	14904446	14904446	1	1
chrX	16896001	24085031	1.803	1883	0.5696	0.557	NONE	DEL	BAF_WEIGHTED	6780	0.4044	16896001	16896001	1	1
chrX	24085032	24085077	0.9208	0	0	1	DEL	DEL	STRUCTURAL_VARIANT	0	0	24085032	24085032	0	1
chrX	24085078	36347602	1.74	4288	0.5714	0.5861	DEL	DEL	BAF_WEIGHTED	11655	0.3691	24085078	24085078	1	1
chrX	36347603	36347638	1.0944	0	0	0.658	DEL	DEL	STRUCTURAL_VARIANT	0	0	36347603	36347603	0	1
chrX	36347639	40290937	1.9266	898	0.568	0.521	DEL	DEL	BAF_WEIGHTED	3450	0.4144	36347639	36347639	1	1
chrX	40290938	40291567	0.9079	0	0	1	DEL	DEL	STRUCTURAL_VARIANT	0	0	40290938	40290938	0	1
chrX	40291568	42744689	1.9386	562	0.5654	0.525	DEL	DEL	BAF_WEIGHTED	2322	0.4117	40291568	40291568	1	1
chrX	42744690	42745099	0.6835	0	0	1	DEL	DEL	STRUCTURAL_VARIANT	0	0	42744690	42744690	0	1
chrX	42745100	43425137	1.9957	107	0.5556	0.5011	DEL	BND	BAF_WEIGHTED	644	0.3765	42745100	42745100	1	1
chrX	43425138	43425139	3.6785	0	0	0.7282	BND	DEL	STRUCTURAL_VARIANT	0	0	43425138	43425138	1	3
chrX	43425140	43426572	2.3651	0	0	0.5772	DEL	BND	STRUCTURAL_VARIANT	0	0	43425140	43425140	1	1
chrX	43426573	43426586	0.9963	0	0	1	BND	DEL	STRUCTURAL_VARIANT	0	0	43426573	43426573	0	1
chrX	43426587	44282000	2.111	142	0.5625	0.5263	DEL	NONE	BAF_WEIGHTED	808	0.3974	43426587	43426587	1	1
chrX	44282001	44861000	1.6402	276	0.5689	0.6079	NONE	NONE	BAF_WEIGHTED	562	0.4193	44282001	44282001	1	1
chrX	44861001	45134000	2.4129	15	0.5938	0.6851	NONE	NONE	BAF_WEIGHTED	251	0.3809	44861001	44861001	1	2
chrX	45134001	47206990	1.8874	459	0.5633	0.5503	NONE	DEL	BAF_WEIGHTED	1953	0.4052	45134001	45134001	1	1
chrX	47206991	47207022	1.438	0	0	0.5903	DEL	DEL	STRUCTURAL_VARIANT	0	0	47206991	47206991	1	1
chrX	47207023	47250000	2.2864	0	0	0.6288	DEL	NONE	BAF_WEIGHTED	39	0.5085	47207023	47207023	1	1
chrX	47250001	47410317	1.5231	54	0.567	0.6566	NONE	DEL	BAF_WEIGHTED	150	0.4579	47250001	47250001	1	1
chrX	47410318	47411525	0.7214	0	0	1	DEL	DEL	STRUCTURAL_VARIANT	0	0	47410318	47410318	0	1
chrX	47411526	53073760	1.7976	483	0.5682	0.5623	DEL	DEL	BAF_WEIGHTED	4008	0.4248	47411526	47411526	1	1
chrX	53073761	53074807	0.7627	0	0	1	DEL	DEL	STRUCTURAL_VARIANT	0	0	53073761	53073761	0	1
chrX	53074808	56713000	1.7807	673	0.5675	0.5843	DEL	NONE	BAF_WEIGHTED	3034	0.4132	53074808	53074808	1	1
chrX	56713001	56820000	2.5289	68	0.5728	0.6046	NONE	NONE	BAF_WEIGHTED	89	0.4189	56713001	56713001	1	2
chrX	56820001	58440000	1.7104	633	0.5643	0.5959	NONE	NONE	BAF_WEIGHTED	1305	0.3926	56820001	56820001	1	1
chrX	58440001	58480030	0.8345	1	0.6154	1	NONE	DEL	BAF_WEIGHTED	30	0.367	58440001	58440001	0	1
chrX	58480031	58480074	0.4345	0	0	1	DEL	DEL	STRUCTURAL_VARIANT	0	0	58480031	58480031	0	0
chrX	58480075	60509060	0.858	2	0.5271	0.5748	DEL	CENTROMERE	BAF_WEIGHTED	31	0.3701	58480075	58480075	0	0
chrX	60509061	62781000	0.971	34	0.555	0.5748	CENTROMERE	NONE	BAF_WEIGHTED	226	0.3703	60509061	60509061	0	1
chrX	62781001	63123000	1.3975	14	0.5719	0.5748	NONE	NONE	BAF_WEIGHTED	285	0.3707	62769001	62781001	1	1
chrX	63123001	63816000	1.8201	14	0.5852	0.695	NONE	NONE	BAF_WEIGHTED	490	0.3876	63123001	63123001	1	1
chrX	63816001	65479000	1.3834	34	0.5505	0.5748	NONE	NONE	BAF_WEIGHTED	1336	0.3889	63816001	63816001	1	1
chrX	65479001	66065000	1.9837	10	0.581	0.6769	NONE	NONE	BAF_WEIGHTED	524	0.4257	65479001	65479001	1	1
chrX	66065001	67524000	1.604	32	0.5819	0.7019	NONE	NONE	BAF_WEIGHTED	1221	0.3746	66065001	66065001	0	1
chrX	67524001	67800000	2.1365	0	0	0.7762	NONE	NONE	BAF_WEIGHTED	248	0.3965	67524001	67524001	0	2
chrX	67800001	68034000	1.4671	5	0.5385	0.6816	NONE	NONE	BAF_WEIGHTED	195	0.3765	67799001	67801001	0	1
chrX	68034001	70087000	1.9096	773	0.5683	0.5654	NONE	NONE	BAF_WEIGHTED	1854	0.4318	68034001	68034001	1	1
chrX	70087001	70361000	2.9524	109	0.6042	0.6871	NONE	NONE	BAF_WEIGHTED	255	0.4217	70087001	70087001	1	2
chrX	70361001	71598107	1.7923	499	0.5704	0.599	NONE	DEL	BAF_WEIGHTED	1080	0.4289	70361001	70361001	1	1
chrX	71598108	71614949	1.3447	0	0	0.5344	DEL	DEL	BAF_WEIGHTED	15	0.4467	71598108	71598108	1	1
chrX	71614950	72738000	2.0054	39	0.5507	0.5118	DEL	NONE	BAF_WEIGHTED	892	0.4275	71614950	71614950	1	1
chrX	72738001	73799000	1.5576	328	0.5672	0.642	NONE	NONE	BAF_WEIGHTED	649	0.3797	72738001	72738001	1	1
chrX	73799001	74623000	2.023	284	0.5714	0.5057	NONE	NONE	BAF_WEIGHTED	756	0.4085	73799001	73799001	1	1
chrX	74623001	78632000	1.6444	701	0.5671	0.6427	NONE	NONE	BAF_WEIGHTED	3295	0.3852	74623001	74623001	1	1
chrX	78632001	79438000	2.1122	333	0.56	0.5266	NONE	NONE	BAF_WEIGHTED	745	0.3668	78632001	78632001	1	1
chrX	79438001	81293144	1.7182	632	0.5581	0.582	NONE	BND	BAF_WEIGHTED	1618	0.3671	79438001	79438001	1	1
chrX	81293145	81293153	1.0456	0	0	0.7108	BND	BND	STRUCTURAL_VARIANT	0	0	81293145	81293145	0	1
chrX	81293154	82496383	1.7432	945	0.5641	0.5736	BND	DEL	BAF_WEIGHTED	1093	0.357	81293154	81293154	1	1
chrX	82496384	82496430	0.9685	0	0	1	DEL	DEL	STRUCTURAL_VARIANT	0	0	82496384	82496384	0	1
chrX	82496431	85675421	1.7646	743	0.5641	0.5667	DEL	DEL	BAF_WEIGHTED	2873	0.3603	82496431	82496431	1	1
chrX	85675422	85680826	0.4317	10	0.6635	1	DEL	DEL	BAF_WEIGHTED	4	0.3692	85675422	85675422	0	0
chrX	85680827	85815000	1.5586	244	0.5714	0.6416	DEL	NONE	BAF_WEIGHTED	106	0.373	85680827	85680827	1	1
chrX	85815001	86056000	2.1076	29	0.5476	0.5255	NONE	NONE	BAF_WEIGHTED	231	0.3675	85815001	85815001	1	1
chrX	86056001	91289000	1.6655	1613	0.5676	0.6004	NONE	NONE	BAF_WEIGHTED	3170	0.3569	86056001	86056001	1	1
chrX	91289001	100263786	0.9201	2807	0.6494	0.9961	NONE	DEL	BAF_WEIGHTED	6978	0.3633	91289001	91289001	0	1
chrX	100263787	100264049	0.0045	0	0	1	DEL	DEL	STRUCTURAL_VARIANT	0	0	100263787	100263787	0	0
chrX	100264050	105162000	1.0586	1196	0.6412	0.9512	DEL	NONE	BAF_WEIGHTED	4055	0.4011	100264050	100264050	0	1
chrX	105162001	107629000	2.0976	155	0.7268	0.9807	NONE	NONE	BAF_WEIGHTED	2241	0.3825	105162001	105162001	0	2
chrX	107629001	107780000	2.7286	16	0.6966	0.8657	NONE	NONE	BAF_WEIGHTED	149	0.4661	107629001	107629001	0	2
chrX	107780001	108728000	2.2232	153	0.7209	0.9542	NONE	NONE	BAF_WEIGHTED	878	0.3881	107780001	107780001	0	2
chrX	108728001	109257000	1.7028	24	0.732	1.052	NONE	NONE	BAF_WEIGHTED	453	0.3675	108728001	108728001	0	2
chrX	109257001	112997000	2.0893	728	0.7204	0.9698	NONE	NONE	BAF_WEIGHTED	3418	0.3941	109257001	109257001	0	2
chrX	112997001	132568714	0.9723	7326	0.6495	0.9912	NONE	DUP	BAF_WEIGHTED	17523	0.383	112997001	112997001	0	1
chrX	132568715	132779181	2.0348	72	0.7418	1.0208	DUP	DUP	BAF_WEIGHTED	203	0.4094	132568715	132568715	0	2
chrX	132779182	134745067	1.0554	367	0.64	0.9514	DUP	BND	BAF_WEIGHTED	1850	0.4092	132779182	132779182	0	1
chrX	134745068	134745083	0.4986	0	0	1	BND	BND	STRUCTURAL_VARIANT	0	0	134745068	134745068	0	0
chrX	134745084	134745558	1.6288	0	0	1.0007	BND	BND	STRUCTURAL_VARIANT	0	0	134745084	134745084	0	2
chrX	134745559	134745562	2.3536	0	0	1.0005	BND	BND	STRUCTURAL_VARIANT	0	0	134745559	134745559	0	2
chrX	134745563	144145500	0.9262	3235	0.6556	1.0012	BND	NONE	BAF_WEIGHTED	8038	0.3902	134745563	134745563	0	1
chrX	144145501	149483000	1.7619	2013	0.7292	1.0407	NONE	NONE	BAF_WEIGHTED	4867	0.377	144078001	144213001	0	2
chrX	149483001	149827608	2.336	86	0.7391	0.9794	NONE	DUP	BAF_WEIGHTED	175	0.444	149483001	149483001	0	2
chrX	149827609	149934285	4.7145	2	0.8428	1.0135	DUP	DUP	BAF_WEIGHTED	82	0.3958	149827609	149827609	0	5
chrX	149934286	156040895	1.9454	2014	0.726	1.0034	DUP	TELOMERE	BAF_WEIGHTED	4681	0.437	149934286	149934286	0	2
