chromosome	start	end	copyNumber	bafCount	observedBAF	baf	segmentStartSupport	segmentEndSupport	method	depthWindowCount	gcContent	minStart	maxStart	minor_cn	major_cn
chr1	1	6178000	2.849	3121	0.656	0.9272	TELOMERE	NONE	BAF_WEIGHTED	3501	0.5235	1	1	0	3
chr1	6178001	6924000	2.0245	382	0.6452	0.9964	NONE	NONE	BAF_WEIGHTED	623	0.5052	6178001	6178001	0	2
chr1	6924001	7896000	2.7158	424	0.6517	0.9252	NONE	NONE	BAF_WEIGHTED	918	0.4822	6924001	6924001	0	3
chr1	7896001	8650454	1.4755	322	0.6518	1.1541	NONE	INV	BAF_WEIGHTED	715	0.4459	7896001	7896001	0	1
chr1	8650455	11284000	0.6482	994	0.5932	1	INV	NONE	BAF_WEIGHTED	2445	0.4823	8650455	8650455	0	1
chr1	11284001	11905000	1.282	398	0.6	0.982	NONE	NONE	BAF_WEIGHTED	576	0.5154	11284001	11284001	0	1
chr1	11905001	12633000	0.4529	417	0.6	1	NONE	NONE	BAF_WEIGHTED	693	0.4785	11905001	11905001	0	0
chr1	12633001	13698000	1.3153	499	0.6	0.9723	NONE	NONE	BAF_WEIGHTED	447	0.4566	12633001	12633001	0	1
chr1	13698001	13800000	-0.0745	60	0.6112	1	NONE	NONE	BAF_WEIGHTED	99	0.4155	13698001	13698001	0	0
chr1	13800001	15123000	1.2395	1035	0.5926	0.9584	NONE	NONE	BAF_WEIGHTED	1284	0.4559	13800001	13800001	0	1
chr1	15123001	16506000	0.53	982	0.5955	1	NONE	NONE	BAF_WEIGHTED	1207	0.488	15123001	15123001	0	1
chr1	16506001	17675000	0.8849	704	0.5926	1	NONE	NONE	BAF_WEIGHTED	685	0.5115	16506001	16605001	0	1
chr1	17675001	18884000	1.4368	742	0.5926	0.9082	NONE	NONE	BAF_WEIGHTED	1186	0.4952	17675001	17675001	0	1
chr1	18884001	19665500	0.4688	437	0.6	1	NONE	NONE	BAF_WEIGHTED	743	0.4799	18884001	18884001	0	0
chr1	19665501	20615000	1.0302	441	0.6	1.0753	NONE	NONE	BAF_WEIGHTED	919	0.4737	19664001	19667001	0	1
chr1	20615001	22126000	0.5418	836	0.5909	1	NONE	NONE	BAF_WEIGHTED	1285	0.4685	20615001	20615001	0	1
chr1	22126001	23013000	1.0922	436	0.6	1.0483	NONE	NONE	BAF_WEIGHTED	854	0.4992	22126001	22126001	0	1
chr1	23013001	23189000	0.3052	48	0.6111	1	NONE	NONE	BAF_WEIGHTED	172	0.4209	23013001	23013001	0	0
chr1	23189001	29273000	1.7913	2544	0.5803	0.8006	NONE	NONE	BAF_WEIGHTED	5604	0.4723	23189001	23189001	0	1
chr1	29273001	30683000	3.0085	1020	0.5714	0.6648	NONE	NONE	BAF_WEIGHTED	1319	0.4798	29273001	29273001	1	2
chr1	30683001	33484000	1.8601	935	0.5758	0.5376	NONE	NONE	BAF_WEIGHTED	2645	0.4742	30683001	30683001	1	1
chr1	33484001	34968000	2.848	804	0.5682	0.7022	NONE	NONE	BAF_WEIGHTED	1411	0.4504	33484001	33484001	1	2
chr1	34968001	36490000	1.8045	102	0.5789	0.793	NONE	NONE	BAF_WEIGHTED	1448	0.4422	34967001	34969001	0	1
chr1	36490001	37454000	3.0029	310	0.5714	0.666	NONE	NONE	BAF_WEIGHTED	925	0.482	36489001	36491001	1	2
chr1	37454001	38031000	1.9923	386	0.573	0.5019	NONE	NONE	BAF_WEIGHTED	536	0.4746	37454001	37454001	1	1
chr1	38031001	38831000	2.7654	378	0.5682	0.6384	NONE	NONE	BAF_WEIGHTED	769	0.4561	38031001	38031001	1	2
chr1	38831001	39102000	1.903	108	0.56	0.5255	NONE	NONE	BAF_WEIGHTED	261	0.4513	38831001	38831001	1	1
chr1	39102001	39286000	0.9405	92	0.5638	0.5777	NONE	NONE	BAF_WEIGHTED	177	0.4255	39102001	39102001	0	1
chr1	39286001	40614734	1.8545	646	0.5797	0.7903	NONE	DEL	BAF_WEIGHTED	1209	0.4411	39286001	39286001	0	1
chr1	40614735	40614783	0.7371	0	0	1	DEL	DEL	STRUCTURAL_VARIANT	0	0	40614735	40614735	0	1
chr1	40614784	41649000	1.7902	728	0.5789	0.7947	DEL	NONE	BAF_WEIGHTED	971	0.4709	40614784	40614784	0	1
chr1	41649001	41930000	1.3026	162	0.5759	0.7677	NONE	NONE	BAF_WEIGHTED	277	0.471	41649001	41649001	0	1
chr1	41930001	46727000	2.088	2677	0.5714	0.5211	NONE	NONE	BAF_WEIGHTED	4505	0.4509	41930001	41930001	1	1
chr1	46727001	50428000	2.69	1472	0.5714	0.6283	NONE	NONE	BAF_WEIGHTED	3247	0.4183	46727001	46727001	1	2
chr1	50428001	50987000	1.7013	112	0.5819	0.8178	NONE	NONE	BAF_WEIGHTED	531	0.3835	50428001	50428001	0	1
chr1	50987001	51214000	2.6956	42	0.5811	0.7284	NONE	NONE	BAF_WEIGHTED	222	0.3972	50987001	50987001	1	2
chr1	51214001	51885000	1.3796	83	0.5714	0.7248	NONE	NONE	BAF_WEIGHTED	639	0.4094	51214001	51214001	0	1
chr1	51885001	52575331	2.1333	63	0.5814	0.7682	NONE	BND	BAF_WEIGHTED	663	0.4197	51885001	51885001	0	2
chr1	52575332	52588956	3.5064	0	0	0.8287	BND	BND	BAF_WEIGHTED	12	0.4365	52575332	52575332	1	3
chr1	52588957	55127500	2.3494	1668	0.5792	0.7443	BND	NONE	BAF_WEIGHTED	2385	0.4709	52588957	52588957	1	2
chr1	55127501	55220000	1.0334	56	0.5836	0.9794	NONE	NONE	BAF_WEIGHTED	90	0.3736	55127001	55128001	0	1
chr1	55220001	56883000	2.3727	999	0.5758	0.5785	NONE	NONE	BAF_WEIGHTED	1590	0.4061	55220001	55220001	1	1
chr1	56883001	57556700	3.0069	388	0.5714	0.6651	NONE	DEL	BAF_WEIGHTED	661	0.4091	56883001	56883001	1	2
chr1	57556701	57556737	1.3975	0	0	0.7052	DEL	DEL	STRUCTURAL_VARIANT	0	0	57556701	57556701	0	1
chr1	57556738	58317000	2.9854	449	0.5676	0.6699	DEL	NONE	BAF_WEIGHTED	718	0.4086	57556738	57556738	1	2
chr1	58317001	58699000	3.7343	275	0.6207	0.779	NONE	NONE	BAF_WEIGHTED	355	0.4075	58317001	58317001	1	3
chr1	58699001	59025000	1.4178	201	0.5833	0.871	NONE	NONE	BAF_WEIGHTED	311	0.4301	58699001	58699001	0	1
chr1	59025001	59983000	1.934	359	0.5714	0.5171	NONE	NONE	BAF_WEIGHTED	895	0.4009	59025001	59025001	1	1
chr1	59983001	61042000	2.7154	379	0.5667	0.6317	NONE	NONE	BAF_WEIGHTED	987	0.3866	59983001	59983001	1	2
chr1	61042001	61455000	1.4761	104	0.5779	0.8363	NONE	NONE	BAF_WEIGHTED	408	0.3931	61042001	61042001	0	1
chr1	61455001	64862000	2.2715	2223	0.5758	0.5598	NONE	NONE	BAF_WEIGHTED	3273	0.4043	61455001	61455001	1	1
chr1	64862001	64968000	1.0358	25	0.6	1.0727	NONE	NONE	BAF_WEIGHTED	101	0.4145	64862001	64862001	0	1
chr1	64968001	66241000	2.4915	756	0.5714	0.5986	NONE	NONE	BAF_WEIGHTED	1165	0.3876	64968001	64968001	1	1
chr1	66241001	66382000	0.3905	2	0.6575	1	NONE	NONE	BAF_WEIGHTED	140	0.3903	66241001	66241001	0	0
chr1	66382001	67871000	2.0078	539	0.5789	0.7713	NONE	NONE	BAF_WEIGHTED	1417	0.3965	66382001	66382001	0	2
chr1	67871001	70117000	2.8218	1249	0.5789	0.7158	NONE	NONE	BAF_WEIGHTED	2097	0.3723	67871001	67871001	1	2
chr1	70117001	70362000	1.6413	134	0.5714	0.6093	NONE	NONE	BAF_WEIGHTED	242	0.3696	70117001	70117001	1	1
chr1	70362001	72301000	2.6066	797	0.5714	0.6164	NONE	NONE	BAF_WEIGHTED	1853	0.3633	70362001	70362001	1	2
chr1	72301001	74175000	3.0275	1183	0.5714	0.6606	NONE	NONE	BAF_WEIGHTED	1742	0.3491	72301001	72301001	1	2
chr1	74175001	77554000	2.5272	1364	0.5758	0.6043	NONE	NONE	BAF_WEIGHTED	3143	0.3776	74175001	74175001	1	2
chr1	77554001	78158000	1.8585	124	0.5714	0.5381	NONE	NONE	BAF_WEIGHTED	583	0.3864	77554001	77554001	1	1
chr1	78158001	78605000	2.7305	195	0.5625	0.6338	NONE	NONE	BAF_WEIGHTED	401	0.3773	78158001	78158001	1	2
chr1	78605001	78691000	1.3113	43	0.5714	0.7626	NONE	NONE	BAF_WEIGHTED	83	0.3654	78605001	78605001	0	1
chr1	78691001	81428000	2.9395	2036	0.5731	0.6472	NONE	NONE	BAF_WEIGHTED	2578	0.353	78691001	78691001	1	2
chr1	81428001	83724515	2.4923	1047	0.5758	0.5988	NONE	BND	BAF_WEIGHTED	1878	0.3678	81428001	81428001	1	1
chr1	83724516	88070000	1.6028	1473	0.5714	0.6329	BND	NONE	BAF_WEIGHTED	4050	0.3851	83724516	83724516	1	1
chr1	88070001	88648000	2.4788	165	0.5714	0.5966	NONE	NONE	BAF_WEIGHTED	564	0.3742	88070001	88070001	1	1
chr1	88648001	90048000	1.0795	547	0.575	0.9264	NONE	NONE	BAF_WEIGHTED	1275	0.3902	88648001	88648001	0	1
chr1	90048001	90900000	2.1436	373	0.5667	0.5335	NONE	NONE	BAF_WEIGHTED	803	0.3895	90048001	90048001	1	1
chr1	90900001	91025000	0.7737	21	0.5926	1	NONE	NONE	BAF_WEIGHTED	118	0.3604	90900001	90900001	0	1
chr1	91025001	95157000	1.6084	2276	0.5714	0.6218	NONE	NONE	BAF_WEIGHTED	3853	0.4062	91025001	91025001	1	1
chr1	95157001	96716000	2.1619	1019	0.5667	0.5374	NONE	NONE	BAF_WEIGHTED	1461	0.3747	95157001	95157001	1	1
chr1	96716001	96823000	0.9778	62	0.5833	1	NONE	NONE	BAF_WEIGHTED	104	0.3528	96716001	96716001	0	1
chr1	96823001	99666000	1.9729	1420	0.5676	0.5069	NONE	NONE	BAF_WEIGHTED	2702	0.3605	96823001	96823001	1	1
chr1	99666001	101315000	3.9379	1049	0.6548	0.8474	NONE	NONE	BAF_WEIGHTED	1562	0.3823	99666001	99666001	1	3
chr1	101315001	102180976	4.6356	660	0.6428	0.7936	NONE	BND	BAF_WEIGHTED	831	0.3626	101315001	101315001	1	4
chr1	102180977	103513000	2.0213	473	0.5641	0.5053	BND	NONE	BAF_WEIGHTED	1205	0.3419	102180977	102180977	1	1
chr1	103513001	103594000	0.875	16	0.5578	0.5777	NONE	NONE	BAF_WEIGHTED	74	0.3584	103513001	103513001	0	1
chr1	103594001	107041000	2.2703	1603	0.5691	0.5607	NONE	NONE	BAF_WEIGHTED	3076	0.3472	103594001	103611001	1	1
chr1	107041001	107731000	1.7172	315	0.5769	0.5824	NONE	NONE	BAF_WEIGHTED	666	0.377	107041001	107041001	1	1
chr1	107731001	110417000	1.2139	1370	0.5816	0.9103	NONE	NONE	BAF_WEIGHTED	2272	0.4348	107731001	107731001	0	1
chr1	110417001	111040104	1.8438	353	0.5669	0.5468	NONE	BND	BAF_WEIGHTED	599	0.4231	110417001	110417001	1	1
chr1	111040105	111057000	5.0756	19	0.6111	0.7183	BND	NONE	BAF_WEIGHTED	15	0.349	111040105	111040105	1	4
chr1	111057001	111772000	3.616	460	0.6405	0.8308	NONE	NONE	BAF_WEIGHTED	665	0.4089	111057001	111057001	1	3
chr1	111772001	112368000	5.9904	244	0.6641	0.7985	NONE	NONE	BAF_WEIGHTED	543	0.4492	111772001	111772001	1	5
chr1	112368001	113985000	4.241	577	0.6579	0.8402	NONE	NONE	BAF_WEIGHTED	1518	0.4112	112368001	112368001	1	4
chr1	113985001	114384000	5.7304	186	0.6825	0.8385	NONE	NONE	BAF_WEIGHTED	372	0.4433	113985001	113985001	1	5
chr1	114384001	114784000	4.1616	0	0	0.7777	NONE	NONE	BAF_WEIGHTED	391	0.394	114384001	114384001	1	3
chr1	114784001	115478217	4.8827	60	0.6493	0.799	NONE	DEL	BAF_WEIGHTED	649	0.4021	114784001	114784001	1	4
chr1	115478218	115479278	0.9156	0	0	1	DEL	DEL	STRUCTURAL_VARIANT	0	0	115478218	115478218	0	1
chr1	115479279	116106000	4.8132	411	0.65	0.8026	DEL	NONE	BAF_WEIGHTED	596	0.4096	115479279	115479279	1	4
chr1	116106001	117728000	3.6964	692	0.641	0.8301	NONE	NONE	BAF_WEIGHTED	1471	0.424	116106001	116106001	1	3
chr1	117728001	117895000	4.7675	8	0.6126	0.7282	NONE	NONE	BAF_WEIGHTED	157	0.3915	117721001	117728001	1	3
chr1	117895001	117971000	1.8212	5	0.5517	0.5491	NONE	NONE	BAF_WEIGHTED	73	0.372	117895001	117895001	1	1
chr1	117971001	119603000	3.1173	663	0.5849	0.7183	NONE	NONE	BAF_WEIGHTED	1469	0.3901	117971001	117971001	1	2
chr1	119603001	123605522	2.0912	397	0.5909	0.8037	NONE	CENTROMERE	BAF_WEIGHTED	413	0.416	119603001	119603001	0	2
chr1	123605523	145882000	3.3694	3	0.5349	0.5936	CENTROMERE	NONE	BAF_WEIGHTED	174	0.4408	123605523	123605523	1	2
chr1	145882001	146473000	1.9637	3	0.5789	0.7756	NONE	NONE	BAF_WEIGHTED	158	0.4572	145882001	145882001	0	2
chr1	146473001	148300000	3.673	829	0.5671	0.5476	NONE	NONE	BAF_WEIGHTED	780	0.4126	146052001	146894001	2	2
chr1	148300001	151963574	3.0271	1165	0.5682	0.6607	NONE	DEL	BAF_WEIGHTED	2050	0.447	148296001	148304001	1	2
chr1	151963575	152058000	0.89	12	0.6079	1	DEL	NONE	BAF_WEIGHTED	92	0.436	151963575	151963575	0	1
chr1	152058001	153481000	2.4065	543	0.6376	0.9152	NONE	NONE	BAF_WEIGHTED	1219	0.4135	152058001	152058001	0	2
chr1	153481001	153993000	1.2391	155	0.6486	1.2358	NONE	NONE	BAF_WEIGHTED	483	0.4821	153481001	153481001	0	1
chr1	153993001	154933000	1.8943	524	0.6538	1.0514	NONE	NONE	BAF_WEIGHTED	891	0.4622	153993001	153993001	0	2
chr1	154933001	155017500	0.504	15	0.5882	1	NONE	NONE	BAF_WEIGHTED	67	0.5419	154933001	154933001	0	1
chr1	155017501	155019569	1.9244	0	0	0.5431	NONE	DEL	BAF_WEIGHTED	1	0.621	155017001	155018001	1	1
chr1	155019570	156096000	3.0486	278	0.5714	0.6572	DEL	NONE	BAF_WEIGHTED	914	0.4714	155019570	155019570	1	2
chr1	156096001	156131000	0.705	8	0.5941	1	NONE	NONE	BAF_WEIGHTED	32	0.5323	156096001	156096001	0	1
chr1	156131001	157129000	3.1172	456	0.5717	0.644	NONE	NONE	BAF_WEIGHTED	915	0.4972	156131001	156131001	1	2
chr1	157129001	157168500	1.8514	42	0.5862	0.8142	NONE	NONE	BAF_WEIGHTED	37	0.4548	157129001	157129001	0	2
chr1	157168501	158128000	3.9384	836	0.5679	0.5078	NONE	NONE	BAF_WEIGHTED	877	0.4254	157168001	157169001	2	2
chr1	158128001	158997000	5.1185	796	0.5738	0.5861	NONE	NONE	BAF_WEIGHTED	773	0.3754	158128001	158128001	2	3
chr1	158997001	159013000	1.1398	5	0.5769	0.8773	NONE	NONE	BAF_WEIGHTED	15	0.3748	158997001	158997001	0	1
chr1	159013001	159090000	3.4206	6	0.6139	0.7771	NONE	NONE	BAF_WEIGHTED	71	0.3906	159013001	159013001	1	3
chr1	159090001	159768000	5.5609	404	0.5638	0.5395	NONE	NONE	BAF_WEIGHTED	595	0.3882	159090001	159090001	3	3
chr1	159768001	160845000	4.0544	606	0.5714	0.5067	NONE	NONE	BAF_WEIGHTED	1008	0.4489	159767001	159769001	2	2
chr1	160845001	160984000	5.433	62	0.5917	0.6743	NONE	NONE	BAF_WEIGHTED	122	0.439	160845001	160845001	2	4
chr1	160984001	162862000	4.142	995	0.5707	0.6057	NONE	NONE	BAF_WEIGHTED	1553	0.4274	160984001	160984001	2	3
chr1	162862001	164557000	5.3734	1028	0.5676	0.5583	NONE	NONE	BAF_WEIGHTED	1601	0.3769	162862001	162862001	2	3
chr1	164557001	164860000	3.3833	52	0.5695	0.5911	NONE	NONE	BAF_WEIGHTED	298	0.4163	164557001	164557001	1	2
chr1	164860001	165589000	5.2738	453	0.561	0.5689	NONE	NONE	BAF_WEIGHTED	698	0.4211	164860001	164860001	2	3
chr1	165589001	165930000	3.6104	184	0.5714	0.554	NONE	NONE	BAF_WEIGHTED	321	0.4187	165589001	165589001	2	2
chr1	165930001	166832000	5.4679	803	0.5682	0.5487	NONE	NONE	BAF_WEIGHTED	799	0.402	165930001	165930001	2	3
chr1	166832001	167206000	4.4649	140	0.5714	0.5521	NONE	NONE	BAF_WEIGHTED	366	0.4244	166832001	166832001	2	2
chr1	167206001	167710000	3.6072	242	0.575	0.5544	NONE	NONE	BAF_WEIGHTED	496	0.4232	167206001	167206001	2	2
chr1	167710001	167791000	2.2945	44	0.5769	0.5642	NONE	NONE	BAF_WEIGHTED	79	0.4162	167710001	167710001	1	1
chr1	167791001	167915992	4.0953	90	0.5714	0.5116	NONE	INV	BAF_WEIGHTED	114	0.4221	167791001	167791001	2	2
chr1	167915993	167916556	5.6461	0	0	0.6848	INV	INV	STRUCTURAL_VARIANT	0	0	167915993	167915993	2	4
chr1	167916557	167916718	6.04	0	0	0.7053	INV	INV	STRUCTURAL_VARIANT	0	0	167916557	167916557	2	4
chr1	167916719	167922348	4.9398	0	0	0.6397	INV	INV	BAF_WEIGHTED	5	0.3564	167916719	167916719	2	3
chr1	167922349	169771000	4.0667	1488	0.5743	0.5623	INV	NONE	BAF_WEIGHTED	1714	0.3937	167922349	167922349	2	2
chr1	169771001	170014000	3.265	316	0.5806	0.7015	NONE	NONE	BAF_WEIGHTED	232	0.3691	169771001	169771001	1	2
chr1	170014001	170908004	4.4291	568	0.5714	0.5472	NONE	DUP	BAF_WEIGHTED	835	0.3772	170014001	170014001	2	2
chr1	170908005	171079000	6.98	9	0.6296	0.7205	DUP	NONE	BAF_WEIGHTED	165	0.375	170908005	170908005	2	5
chr1	171079001	171163549	4.754	117	0.6207	0.745	NONE	DUP	BAF_WEIGHTED	78	0.3784	171078001	171080001	1	4
chr1	171163550	172135000	4.1254	572	0.5714	0.5152	DUP	NONE	BAF_WEIGHTED	908	0.3981	171163550	171163550	2	2
chr1	172135001	172612000	3.0903	401	0.5667	0.6472	NONE	NONE	BAF_WEIGHTED	438	0.372	172135001	172135001	1	2
chr1	172612001	174868000	4.2687	525	0.5682	0.659	NONE	NONE	BAF_WEIGHTED	2053	0.387	172612001	172612001	1	3
chr1	174868001	175030000	2.6956	16	0.5826	0.7325	NONE	NONE	BAF_WEIGHTED	157	0.3931	174868001	174868001	1	2
chr1	175030001	175145000	5.0375	96	0.5792	0.6562	NONE	NONE	BAF_WEIGHTED	105	0.4403	175030001	175030001	2	3
chr1	175145001	175325500	3.4897	114	0.5758	0.5731	NONE	NONE	BAF_WEIGHTED	173	0.4224	175145001	175145001	1	2
chr1	175325501	175958000	4.8866	345	0.5682	0.6139	NONE	NONE	BAF_WEIGHTED	620	0.4359	175325001	175326001	2	3
chr1	175958001	176223000	3.4718	131	0.5714	0.5761	NONE	NONE	BAF_WEIGHTED	244	0.3618	175958001	175958001	1	2
chr1	176223001	178028000	5.159	604	0.5656	0.5815	NONE	NONE	BAF_WEIGHTED	1691	0.4033	176223001	176223001	2	3
chr1	178028001	178480000	3.5457	4	0.5395	0.5641	NONE	NONE	BAF_WEIGHTED	432	0.3764	178028001	178028001	2	2
chr1	178480001	179014000	4.3815	237	0.5652	0.5435	NONE	NONE	BAF_WEIGHTED	498	0.4144	178480001	178480001	2	2
chr1	179014001	179384000	3.7589	304	0.5759	0.5321	NONE	NONE	BAF_WEIGHTED	355	0.4203	179014001	179014001	2	2
chr1	179384001	179809000	5.2393	356	0.5611	0.5731	NONE	NONE	BAF_WEIGHTED	383	0.4021	179384001	179384001	2	3
chr1	179809001	181169000	4.0194	641	0.5714	0.5024	NONE	NONE	BAF_WEIGHTED	1284	0.415	179809001	179809001	2	2
chr1	181169001	181996000	5.5084	538	0.566	0.5446	NONE	NONE	BAF_WEIGHTED	776	0.4306	181169001	181169001	3	3
chr1	181996001	183713650	4.2545	538	0.5714	0.5299	NONE	DEL	BAF_WEIGHTED	1650	0.417	181996001	181996001	2	2
chr1	183713651	183713682	2.3399	0	0	0.9635	DEL	DEL	STRUCTURAL_VARIANT	0	0	183713651	183713651	0	2
chr1	183713683	185285000	4.1584	519	0.5676	0.519	DEL	NONE	BAF_WEIGHTED	1499	0.3954	183713683	183713683	2	2
chr1	185285001	185736500	3.4556	218	0.5676	0.5788	NONE	NONE	BAF_WEIGHTED	421	0.3861	185285001	185285001	1	2
chr1	185736501	192472000	4.9431	4086	0.5658	0.6014	NONE	NONE	BAF_WEIGHTED	6403	0.3457	185736001	185737001	2	3
chr1	192472001	192586000	1.9383	84	0.5714	0.5159	NONE	NONE	BAF_WEIGHTED	98	0.3672	192472001	192472001	1	1
chr1	192586001	197436000	4.4501	2664	0.5696	0.5879	NONE	NONE	BAF_WEIGHTED	4475	0.3512	192586001	192586001	2	3
chr1	197436001	198901000	3.4707	534	0.5789	0.6902	NONE	NONE	BAF_WEIGHTED	1388	0.3608	197436001	197436001	1	2
chr1	198901001	198939000	1.7307	17	0.575	0.5778	NONE	NONE	BAF_WEIGHTED	38	0.3365	198901001	198901001	1	1
chr1	198939001	199193242	3.7907	120	0.5833	0.6909	NONE	DUP	BAF_WEIGHTED	247	0.3518	198939001	198939001	1	3
chr1	199193243	199198104	7.0491	0	0	0.8338	DUP	DUP	BAF_WEIGHTED	4	0.3512	199193243	199193243	1	6
chr1	199198105	199248000	3.6747	30	0.5829	0.6935	DUP	NONE	BAF_WEIGHTED	49	0.3723	199198105	199198105	1	3
chr1	199248001	200271000	4.8287	619	0.5882	0.6776	NONE	NONE	BAF_WEIGHTED	977	0.3835	199248001	199248001	2	3
chr1	200271001	200925000	3.4258	201	0.5789	0.6917	NONE	NONE	BAF_WEIGHTED	638	0.4116	200271001	200271001	1	2
chr1	200925001	200974030	4.5451	29	0.575	0.66	NONE	DUP	BAF_WEIGHTED	46	0.4695	200925001	200925001	2	3
chr1	200974031	200974201	5.1451	0	0	0.7223	DUP	DUP	STRUCTURAL_VARIANT	0	0	200974031	200974031	1	4
chr1	200974202	201333990	4.3087	353	0.5718	0.6683	DUP	DEL	BAF_WEIGHTED	327	0.5109	200974202	200974202	1	3
chr1	201333991	201334034	3.0558	0	0	0.5942	DEL	DEL	STRUCTURAL_VARIANT	0	0	201333991	201333991	1	2
chr1	201334035	203266500	3.9551	662	0.5833	0.6864	DEL	NONE	BAF_WEIGHTED	1624	0.4766	201334035	201334035	1	3
chr1	203266501	203345000	1.8943	47	0.5909	0.8259	NONE	NONE	BAF_WEIGHTED	75	0.4886	203266001	203267001	0	2
chr1	203345001	204587000	3.7955	439	0.5778	0.6782	NONE	NONE	BAF_WEIGHTED	1200	0.466	203345001	203345001	1	3
chr1	204587001	205172000	4.5285	298	0.5883	0.6839	NONE	NONE	BAF_WEIGHTED	573	0.4713	204587001	204587001	1	3
chr1	205172001	206938000	3.4707	773	0.5862	0.7078	NONE	NONE	BAF_WEIGHTED	1429	0.4677	205172001	205172001	1	2
chr1	206938001	207057000	2.1682	82	0.5797	0.7599	NONE	NONE	BAF_WEIGHTED	117	0.4439	206938001	206938001	1	2
chr1	207057001	207742000	4.2862	400	0.5797	0.6709	NONE	NONE	BAF_WEIGHTED	547	0.3872	207057001	207057001	1	3
chr1	207742001	207888000	2.8457	71	0.5769	0.7028	NONE	NONE	BAF_WEIGHTED	136	0.4406	207742001	207742001	1	2
chr1	207888001	208260000	3.9694	117	0.5833	0.6861	NONE	NONE	BAF_WEIGHTED	367	0.4619	207888001	207888001	1	3
chr1	208260001	209350000	5.0582	498	0.5814	0.6602	NONE	NONE	BAF_WEIGHTED	1052	0.4046	208260001	208260001	2	3
chr1	209350001	209440000	3.4548	55	0.5833	0.7014	NONE	NONE	BAF_WEIGHTED	90	0.4314	209350001	209350001	1	2
chr1	209440001	209565000	5.0399	44	0.5606	0.5953	NONE	NONE	BAF_WEIGHTED	118	0.4268	209440001	209440001	2	3
chr1	209565001	209904000	3.4599	215	0.5818	0.6976	NONE	NONE	BAF_WEIGHTED	334	0.4439	209565001	209565001	1	2
chr1	209904001	210223000	5.1261	255	0.5641	0.5852	NONE	NONE	BAF_WEIGHTED	282	0.3706	209904001	209904001	2	3
chr1	210223001	210408000	3.2618	199	0.575	0.6132	NONE	NONE	BAF_WEIGHTED	179	0.4332	210223001	210223001	1	2
chr1	210408001	210653000	4.6031	237	0.5814	0.668	NONE	NONE	BAF_WEIGHTED	239	0.4198	210408001	210408001	2	3
chr1	210653001	211253000	5.3965	286	0.5823	0.6571	NONE	NONE	BAF_WEIGHTED	534	0.4129	210653001	210653001	2	4
chr1	211253001	212540000	3.7629	592	0.5806	0.6855	NONE	NONE	BAF_WEIGHTED	1219	0.4271	211253001	211253001	1	3
chr1	212540001	212614000	2.2854	42	0.5755	0.5624	NONE	NONE	BAF_WEIGHTED	70	0.4219	212540001	212540001	1	1
chr1	212614001	213401000	4.2378	419	0.575	0.5281	NONE	NONE	BAF_WEIGHTED	736	0.4134	212614001	212614001	2	2
chr1	213401001	213607141	5.3456	138	0.5833	0.6596	NONE	DEL	BAF_WEIGHTED	199	0.4195	213401001	213401001	2	4
chr1	213607142	213607261	3.3352	0	0	0.5382	DEL	DEL	STRUCTURAL_VARIANT	0	0	213607142	213607142	2	2
chr1	213607262	214206000	5.4267	260	0.589	0.6692	DEL	NONE	BAF_WEIGHTED	580	0.411	213607262	213607262	2	4
chr1	214206001	214629000	3.6263	295	0.5854	0.7007	NONE	NONE	BAF_WEIGHTED	414	0.4128	214206001	214206001	1	3
chr1	214629001	218283000	4.7254	2075	0.575	0.6349	NONE	NONE	BAF_WEIGHTED	3523	0.3709	214629001	214629001	2	3
chr1	218283001	218502000	3.5755	55	0.5789	0.687	NONE	NONE	BAF_WEIGHTED	216	0.4013	218283001	218283001	1	2
chr1	218502001	219966000	4.4308	977	0.58	0.6684	NONE	NONE	BAF_WEIGHTED	1361	0.3798	218502001	218502001	1	3
chr1	219966001	220281000	3.6104	172	0.5714	0.554	NONE	NONE	BAF_WEIGHTED	305	0.3868	219966001	219966001	2	2
chr1	220281001	222837366	4.4248	1364	0.5781	0.5896	NONE	DEL	BAF_WEIGHTED	2393	0.398	220281001	220281001	2	3
chr1	222837367	222837459	2.0485	0	0	1	DEL	DEL	STRUCTURAL_VARIANT	0	0	222837367	222837367	0	2
chr1	222837460	223695000	4.1679	611	0.575	0.5201	DEL	NONE	BAF_WEIGHTED	741	0.4363	222837460	222837460	2	2
chr1	223695001	224554000	3.5072	347	0.5771	0.5949	NONE	NONE	BAF_WEIGHTED	678	0.4281	223695001	223695001	1	2
chr1	224554001	224976000	4.7206	301	0.5686	0.6355	NONE	NONE	BAF_WEIGHTED	400	0.4283	224554001	224554001	2	3
chr1	224976001	225399000	6.0787	245	0.6	0.6806	NONE	NONE	BAF_WEIGHTED	379	0.3705	224974001	224978001	2	4
chr1	225399001	226096000	4.2378	218	0.5897	0.6933	NONE	NONE	BAF_WEIGHTED	661	0.4475	225399001	225399001	1	3
chr1	226096001	226143000	2.8782	36	0.6	0.7701	NONE	NONE	BAF_WEIGHTED	41	0.5148	226096001	226096001	1	2
chr1	226143001	226650000	3.3603	241	0.7292	1.0632	NONE	NONE	BAF_WEIGHTED	491	0.4563	226143001	226143001	0	3
chr1	226650001	226742000	1.6675	19	0.7143	1.3436	NONE	NONE	BAF_WEIGHTED	88	0.4829	226650001	226650001	0	2
chr1	226742001	227324000	3.4425	675	0.7143	1.0191	NONE	NONE	BAF_WEIGHTED	544	0.4092	226742001	226742001	0	3
chr1	227324001	228064000	4.2227	486	0.7246	0.9849	NONE	NONE	BAF_WEIGHTED	599	0.4616	227324001	227324001	0	4
chr1	228064001	228169000	2.6693	1	0.625	0.8543	NONE	NONE	BAF_WEIGHTED	77	0.5377	228062001	228066001	0	2
chr1	228169001	228361000	4.6615	1	0.6444	0.7961	NONE	NONE	BAF_WEIGHTED	144	0.5179	228169001	228169001	1	4
chr1	228361001	229670000	3.5441	653	0.7241	1.0337	NONE	NONE	BAF_WEIGHTED	1130	0.4517	228359001	228363001	0	4
chr1	229670001	230052000	4.7524	98	0.7499	1.0073	NONE	NONE	BAF_WEIGHTED	370	0.4235	229670001	229670001	0	5
chr1	230052001	230255000	3.2352	120	0.736	1.0933	NONE	NONE	BAF_WEIGHTED	202	0.4566	230052001	230052001	0	3
chr1	230255001	230596000	5.1145	175	0.7436	0.9768	NONE	NONE	BAF_WEIGHTED	326	0.4529	230255001	230255001	0	5
chr1	230596001	232552000	4.2621	1041	0.743	1.0227	NONE	NONE	BAF_WEIGHTED	1857	0.4245	230596001	230596001	0	4
chr1	232552001	232670000	2.8051	35	0.7391	1.1565	NONE	NONE	BAF_WEIGHTED	115	0.4128	232552001	232552001	0	3
chr1	232670001	232737906	4.6643	11	0.7632	1.0395	NONE	DEL	BAF_WEIGHTED	66	0.4238	232670001	232670001	0	5
chr1	232737907	232738058	1.0978	0	0	1.0849	DEL	DEL	STRUCTURAL_VARIANT	0	0	232737907	232737907	0	1
chr1	232738059	233369000	4.2457	244	0.7424	1.022	DEL	NONE	BAF_WEIGHTED	606	0.4101	232738059	232738059	0	4
chr1	233369001	234473000	6.4352	936	0.7739	0.9823	NONE	NONE	BAF_WEIGHTED	1053	0.4084	233369001	233369001	0	6
chr1	234473001	235221376	4.0428	431	0.7603	1.078	NONE	INV	BAF_WEIGHTED	695	0.4498	234473001	234473001	0	4
chr1	235221377	235240000	3.797	0	0	1.0831	INV	NONE	BAF_WEIGHTED	18	0.3896	235221377	235221377	0	4
chr1	235240001	235338000	2.6169	2	0.7273	1.1526	NONE	NONE	BAF_WEIGHTED	95	0.3952	235240001	235240001	0	3
chr1	235338001	236497000	4.3641	803	0.75	1.0305	NONE	NONE	BAF_WEIGHTED	1115	0.4298	235338001	235338001	0	4
chr1	236497001	236633000	2.7492	79	0.7037	1.0665	NONE	NONE	BAF_WEIGHTED	134	0.4065	236497001	236497001	0	3
chr1	236633001	236908000	4.096	378	0.7391	1.0249	NONE	NONE	BAF_WEIGHTED	268	0.4188	236633001	236633001	0	4
chr1	236908001	237720258	5.1952	626	0.75	0.9856	NONE	DEL	BAF_WEIGHTED	776	0.3914	236908001	236908001	0	5
chr1	237720259	237831000	4.4391	82	0.75	1.0258	DEL	NONE	BAF_WEIGHTED	106	0.3778	237720259	237720259	0	4
chr1	237831001	238739617	3.5517	777	0.6911	0.954	NONE	DEL	BAF_WEIGHTED	882	0.376	237831001	237831001	0	3
chr1	238739618	239136000	5.2059	300	0.7432	0.972	DEL	NONE	BAF_WEIGHTED	384	0.3613	238739618	238739618	0	5
chr1	239136001	240038000	3.4087	460	0.7097	1.0109	NONE	NONE	BAF_WEIGHTED	881	0.3845	239136001	239136001	0	3
chr1	240038001	241484000	4.4257	933	0.7067	0.9354	NONE	NONE	BAF_WEIGHTED	1397	0.3969	240038001	240038001	0	4
chr1	241484001	241906000	2.8552	301	0.6875	1.0091	NONE	NONE	BAF_WEIGHTED	416	0.3859	241484001	241484001	0	3
chr1	241906001	242718000	4.258	574	0.7127	0.9581	NONE	NONE	BAF_WEIGHTED	644	0.4171	241906001	241906001	0	4
chr1	242718001	243045500	6.5349	278	0.7746	0.9804	NONE	NONE	BAF_WEIGHTED	132	0.398	242718001	242718001	0	6
chr1	243045501	243311000	4.3488	188	0.7698	1.0741	NONE	NONE	BAF_WEIGHTED	97	0.3817	242879001	243212001	0	4
chr1	243311001	243363108	2.3314	18	0.6946	1.1035	NONE	DEL	BAF_WEIGHTED	50	0.3865	243311001	243311001	0	2
chr1	243363109	243364014	0	0	0	1	DEL	DEL	STRUCTURAL_VARIANT	0	0	243363109	243363109	0	0
chr1	243364015	243766000	2.9942	62	0.694	1.0113	DEL	NONE	BAF_WEIGHTED	392	0.3789	243364015	243364015	0	3
chr1	243766001	244297000	3.8209	196	0.7108	0.9809	NONE	NONE	BAF_WEIGHTED	516	0.4219	243766001	243766001	0	4
chr1	244297001	244469000	2.3346	162	0.7	1.1195	NONE	NONE	BAF_WEIGHTED	170	0.421	244297001	244297001	0	2
chr1	244469001	244589000	4.6381	7	0.6842	0.8787	NONE	NONE	BAF_WEIGHTED	101	0.3851	244469001	244469001	1	4
chr1	244589001	244832000	3.369	95	0.6905	0.9674	NONE	NONE	BAF_WEIGHTED	237	0.4345	244589001	244589001	0	3
chr1	244832001	244867000	1.1994	18	0.6253	1.1368	NONE	NONE	BAF_WEIGHTED	31	0.4049	244832001	244832001	0	1
chr1	244867001	245112000	3.3134	196	0.7108	1.0223	NONE	NONE	BAF_WEIGHTED	242	0.4258	244867001	244867001	0	3
chr1	245112001	245770000	4.1679	388	0.7194	0.9772	NONE	NONE	BAF_WEIGHTED	632	0.4467	245112001	245112001	0	4
chr1	245770001	246801000	3.0712	653	0.7037	1.0285	NONE	NONE	BAF_WEIGHTED	933	0.4139	245770001	245770001	0	3
chr1	246801001	246807927	4.5511	15	0.6863	0.8867	NONE	BND	BAF_WEIGHTED	6	0.4313	246801001	246801001	1	4
chr1	246807928	248956422	6.0949	1469	0.7669	0.9755	BND	TELOMERE	BAF_WEIGHTED	1569	0.3975	246807928	246807928	0	6
chr2	1	316000	8.1506	204	0.6875	0.8001	TELOMERE	NONE	BAF_WEIGHTED	259	0.4175	1	1	2	7
chr2	316001	3182000	10.0737	2131	0.6866	0.7773	NONE	NONE	BAF_WEIGHTED	2622	0.4521	316001	316001	2	8
chr2	3182001	3610000	8.0474	324	0.6961	0.8153	NONE	NONE	BAF_WEIGHTED	383	0.4786	3180001	3182001	1	7
chr2	3610001	8170000	9.2252	2808	0.6536	0.7344	NONE	NONE	BAF_WEIGHTED	4341	0.4047	3610001	3610001	2	7
chr2	8170001	9381000	8.3967	547	0.5835	0.629	NONE	NONE	BAF_WEIGHTED	1106	0.4437	8170001	8170001	3	5
chr2	9381001	10873539	6.0386	1129	0.5586	0.514	NONE	DEL	BAF_WEIGHTED	1297	0.477	9381001	9381001	3	3
chr2	10873540	10873573	4.7821	0	0	0.6138	DEL	DEL	STRUCTURAL_VARIANT	0	0	10873540	10873540	2	3
chr2	10873574	11120000	7.31	172	0.5472	0.5472	DEL	NONE	BAF_WEIGHTED	232	0.4733	10873574	10873574	3	4
chr2	11120001	11399000	5.1423	157	0.561	0.5834	NONE	NONE	BAF_WEIGHTED	263	0.4123	11120001	11120001	2	3
chr2	11399001	11688000	7.2584	145	0.5641	0.5511	NONE	NONE	BAF_WEIGHTED	280	0.4649	11399001	11399001	3	4
chr2	11688001	11780000	4.6909	84	0.5698	0.6395	NONE	NONE	BAF_WEIGHTED	86	0.4652	11688001	11688001	2	3
chr2	11780001	16606000	6.8231	2726	0.5555	0.5611	NONE	NONE	BAF_WEIGHTED	4516	0.3974	11780001	11780001	3	4
chr2	16606001	16676000	4.646	2	0.5382	0.6457	NONE	NONE	BAF_WEIGHTED	69	0.4515	16606001	16606001	2	3
chr2	16676001	17400959	6.7144	185	0.5652	0.5957	NONE	DUP	BAF_WEIGHTED	692	0.387	16676001	16676001	3	4
chr2	17400960	17476776	8.697	0	0	0.6557	DUP	DUP	BAF_WEIGHTED	71	0.3549	17400960	17400960	3	6
chr2	17476777	17505000	5.6161	0	0	0.5332	DUP	NONE	BAF_WEIGHTED	26	0.3466	17476777	17476777	3	3
chr2	17505001	17561000	3.7558	0	0	0.7973	NONE	NONE	BAF_WEIGHTED	56	0.3594	17505001	17505001	1	3
chr2	17561001	19862000	5.9945	1383	0.5682	0.5005	NONE	NONE	BAF_WEIGHTED	2176	0.4015	17561001	17561001	3	3
chr2	19862001	20681000	4.8747	407	0.5641	0.6154	NONE	NONE	BAF_WEIGHTED	765	0.4581	19862001	19862001	2	3
chr2	20681001	23728000	6.8638	1389	0.5648	0.5725	NONE	NONE	BAF_WEIGHTED	2919	0.4033	20681001	20681001	3	4
chr2	23728001	24552000	5.2376	25	0.5769	0.5728	NONE	NONE	BAF_WEIGHTED	777	0.4134	23728001	23728001	2	3
chr2	24552001	24747000	4.1465	0	0	0.7272	NONE	NONE	BAF_WEIGHTED	192	0.3632	24552001	24552001	1	3
chr2	24747001	25194000	6.0151	112	0.5547	0.5013	NONE	NONE	BAF_WEIGHTED	425	0.47	24747001	24747001	3	3
chr2	25194001	25883000	4.5089	316	0.5749	0.6607	NONE	NONE	BAF_WEIGHTED	656	0.4405	25194001	25194001	2	3
chr2	25883001	26269000	5.4402	36	0.5861	0.6637	NONE	NONE	BAF_WEIGHTED	368	0.4469	25883001	25883001	2	4
chr2	26269001	26398000	2.9632	72	0.5736	0.6749	NONE	NONE	BAF_WEIGHTED	124	0.4191	26269001	26269001	1	2
chr2	26398001	28593000	3.7926	1051	0.5767	0.6194	NONE	NONE	BAF_WEIGHTED	2088	0.4568	26398001	26398001	1	2
chr2	28593001	28823000	2.6011	92	0.5938	0.7704	NONE	NONE	BAF_WEIGHTED	229	0.4418	28593001	28593001	1	2
chr2	28823001	29264000	3.7415	206	0.5714	0.5346	NONE	NONE	BAF_WEIGHTED	430	0.4383	28823001	28823001	2	2
chr2	29264001	30114000	4.7826	405	0.5741	0.6273	NONE	NONE	BAF_WEIGHTED	831	0.4294	29264001	29264001	2	3
chr2	30114001	30632000	3.5159	230	0.5789	0.6888	NONE	NONE	BAF_WEIGHTED	500	0.4229	30114001	30114001	1	2
chr2	30632001	31202000	4.6107	212	0.5745	0.6507	NONE	NONE	BAF_WEIGHTED	540	0.4524	30632001	30632001	2	3
chr2	31202001	31454000	3.7792	148	0.5854	0.696	NONE	NONE	BAF_WEIGHTED	248	0.4408	31202001	31202001	1	3
chr2	31454001	31840000	5.0955	124	0.5866	0.6698	NONE	NONE	BAF_WEIGHTED	334	0.3934	31454001	31454001	2	3
chr2	31840001	33430000	3.6238	590	0.5674	0.5458	NONE	NONE	BAF_WEIGHTED	1516	0.3992	31840001	31840001	2	2
chr2	33430001	33606000	2.6153	16	0.5635	0.6176	NONE	NONE	BAF_WEIGHTED	174	0.4012	33430001	33430001	1	2
chr2	33606001	36289000	5.1593	2424	0.5682	0.5818	NONE	NONE	BAF_WEIGHTED	2453	0.3674	33606001	33606001	2	3
chr2	36289001	38371000	3.3833	1615	0.5789	0.6931	NONE	NONE	BAF_WEIGHTED	1928	0.4017	36289001	36289001	1	2
chr2	38371001	39789000	2.8345	333	0.5714	0.7056	NONE	NONE	BAF_WEIGHTED	1372	0.408	38371001	38371001	1	2
chr2	39789001	42091000	3.6493	1676	0.5652	0.548	NONE	NONE	BAF_WEIGHTED	2181	0.3782	39789001	39789001	2	2
chr2	42091001	42120000	0.8126	15	0.56	0.5777	NONE	NONE	BAF_WEIGHTED	27	0.4639	42091001	42091001	0	0
chr2	42120001	42303000	1.6298	1	0.6429	1.0722	NONE	NONE	BAF_WEIGHTED	180	0.3918	42119001	42120001	0	2
chr2	42303001	42905000	3.2046	383	0.5667	0.6241	NONE	NONE	BAF_WEIGHTED	586	0.4378	42303001	42303001	1	2
chr2	42905001	43599000	1.851	342	0.5769	0.5403	NONE	NONE	BAF_WEIGHTED	662	0.4532	42905001	42905001	1	1
chr2	43599001	44783000	2.9445	679	0.5714	0.6792	NONE	NONE	BAF_WEIGHTED	1146	0.3956	43599001	43599001	1	2
chr2	44783001	45395000	3.6033	539	0.5652	0.5551	NONE	NONE	BAF_WEIGHTED	571	0.4502	44783001	44783001	2	2
chr2	45395001	47375000	2.5621	984	0.5714	0.6097	NONE	NONE	BAF_WEIGHTED	1923	0.4374	45395001	45395001	1	2
chr2	47375001	47684000	3.6569	187	0.5714	0.5469	NONE	NONE	BAF_WEIGHTED	294	0.4509	47375001	47375001	2	2
chr2	47684001	48610000	2.7853	450	0.5652	0.641	NONE	NONE	BAF_WEIGHTED	887	0.408	47684001	47684001	1	2
chr2	48610001	49675000	3.8836	636	0.566	0.515	NONE	NONE	BAF_WEIGHTED	982	0.3852	48610001	48610001	2	2
chr2	49675001	51016000	3.2975	1092	0.5625	0.6065	NONE	NONE	BAF_WEIGHTED	1319	0.358	49675001	49675001	1	2
chr2	51016001	53737000	3.7863	2047	0.5625	0.5282	NONE	NONE	BAF_WEIGHTED	2582	0.3612	51016001	51016001	2	2
chr2	53737001	53829000	2.146	59	0.5476	0.534	NONE	NONE	BAF_WEIGHTED	91	0.3904	53737001	53737001	1	1
chr2	53829001	53895000	4.3935	50	0.5743	0.5448	NONE	NONE	BAF_WEIGHTED	65	0.4006	53829001	53829001	2	2
chr2	53895001	54117000	3.6311	209	0.6056	0.7479	NONE	NONE	BAF_WEIGHTED	216	0.4051	53895001	53895001	1	3
chr2	54117001	54546000	4.6242	349	0.6	0.7049	NONE	NONE	BAF_WEIGHTED	418	0.3983	54117001	54117001	1	3
chr2	54546001	54620000	2.1619	77	0.5833	0.772	NONE	NONE	BAF_WEIGHTED	73	0.431	54546001	54546001	0	2
chr2	54620001	54940000	4.9716	238	0.6	0.6985	NONE	NONE	BAF_WEIGHTED	313	0.4084	54620001	54620001	1	3
chr2	54940001	55056000	3.1264	100	0.6264	0.8245	NONE	NONE	BAF_WEIGHTED	114	0.3959	54940001	54940001	1	3
chr2	55056001	55784000	4.4629	225	0.6	0.7097	NONE	NONE	BAF_WEIGHTED	690	0.3973	55056001	55056001	1	3
chr2	55784001	57757919	5.8081	1463	0.6049	0.6933	NONE	BND	BAF_WEIGHTED	1797	0.3646	55784001	55784001	2	4
chr2	57757920	60848000	6.4844	1696	0.6501	0.763	BND	NONE	BAF_WEIGHTED	2939	0.3873	57757920	57757920	2	5
chr2	60848001	61020000	4.8263	0	0	0.6815	NONE	NONE	BAF_WEIGHTED	167	0.3976	60848001	60848001	2	3
chr2	61020001	61544000	6.1128	0	0	0.7486	NONE	NONE	BAF_WEIGHTED	507	0.4011	61020001	61020001	2	5
chr2	61544001	61848000	7.2683	156	0.6667	0.779	NONE	NONE	BAF_WEIGHTED	301	0.4302	61544001	61544001	2	6
chr2	61848001	63065000	5.8523	590	0.6458	0.7678	NONE	NONE	BAF_WEIGHTED	1150	0.4073	61848001	61848001	1	4
chr2	63065001	63266043	7.0253	115	0.6452	0.7464	NONE	DEL	BAF_WEIGHTED	186	0.3657	63065001	63065001	2	5
chr2	63266044	63266084	5.5122	0	0	0.7059	DEL	DEL	STRUCTURAL_VARIANT	0	0	63266044	63266044	2	4
chr2	63266085	63580000	7.3136	278	0.6667	0.7783	DEL	NONE	BAF_WEIGHTED	285	0.3729	63266085	63266085	2	6
chr2	63580001	64013000	3.8551	163	0.6101	0.7489	NONE	NONE	BAF_WEIGHTED	401	0.378	63580001	63580001	1	3
chr2	64013001	64341000	2.9719	147	0.5882	0.7335	NONE	NONE	BAF_WEIGHTED	311	0.4053	64013001	64013001	1	2
chr2	64341001	64448000	4.9176	101	0.5676	0.6101	NONE	NONE	BAF_WEIGHTED	106	0.4342	64341001	64341001	2	3
chr2	64448001	64877000	3.5334	158	0.6093	0.7606	NONE	NONE	BAF_WEIGHTED	415	0.4234	64448001	64448001	1	3
chr2	64877001	65442000	4.4657	354	0.5952	0.6996	NONE	NONE	BAF_WEIGHTED	540	0.4406	64877001	64877001	1	3
chr2	65442001	68028000	5.6665	1188	0.5964	0.6796	NONE	NONE	BAF_WEIGHTED	2427	0.3955	65442001	65442001	2	4
chr2	68028001	70084000	4.3383	733	0.6003	0.7135	NONE	NONE	BAF_WEIGHTED	1971	0.41	68028001	68028001	1	3
chr2	70084001	70153419	2.389	4	0.5432	0.5814	NONE	BND	BAF_WEIGHTED	63	0.472	70084001	70084001	1	1
chr2	70153420	71462000	2.9926	723	0.5625	0.6683	BND	NONE	BAF_WEIGHTED	1170	0.4359	70153420	70153420	1	2
chr2	71462001	73683000	3.5509	502	0.5641	0.5632	NONE	NONE	BAF_WEIGHTED	2009	0.4334	71462001	71462001	2	2
chr2	73683001	74832000	2.8131	463	0.5625	0.711	NONE	NONE	BAF_WEIGHTED	1045	0.452	73683001	73683001	1	2
chr2	74832001	74878000	1.5218	45	0.5652	0.6571	NONE	NONE	BAF_WEIGHTED	45	0.4735	74832001	74832001	1	1
chr2	74878001	75587000	3.3746	401	0.5652	0.5927	NONE	NONE	BAF_WEIGHTED	675	0.404	74878001	74878001	1	2
chr2	75587001	75723000	2.5514	82	0.5652	0.6081	NONE	NONE	BAF_WEIGHTED	132	0.3928	75587001	75587001	1	2
chr2	75723001	84405000	3.9587	4305	0.5625	0.5151	NONE	NONE	BAF_WEIGHTED	8156	0.3622	75723001	75723001	2	2
chr2	84405001	84879000	3.1387	157	0.5789	0.702	NONE	NONE	BAF_WEIGHTED	449	0.3971	84405001	84405001	1	2
chr2	84879001	85621000	2.5121	262	0.5714	0.6019	NONE	NONE	BAF_WEIGHTED	699	0.4637	84879001	84879001	1	2
chr2	85621001	88104000	3.0362	942	0.566	0.6644	NONE	NONE	BAF_WEIGHTED	1232	0.4385	85621001	85621001	1	2
chr2	88104001	88544000	3.7252	147	0.5588	0.5369	NONE	NONE	BAF_WEIGHTED	426	0.4397	88104001	88104001	2	2
chr2	88544001	93139350	2.5955	269	0.5667	0.6147	NONE	CENTROMERE	BAF_WEIGHTED	370	0.4068	88544001	88544001	1	2
chr2	93139351	96089500	3.9007	200	0.561	0.5127	CENTROMERE	NONE	BAF_WEIGHTED	532	0.4689	93139351	93139351	2	2
chr2	96089501	98040000	3.0505	738	0.5641	0.6556	NONE	NONE	BAF_WEIGHTED	1199	0.4716	96089001	96090001	1	2
chr2	98040001	98410000	4.3216	185	0.5556	0.5372	NONE	NONE	BAF_WEIGHTED	354	0.4254	98040001	98040001	2	2
chr2	98410001	99514000	3.2145	469	0.5641	0.6222	NONE	NONE	BAF_WEIGHTED	1034	0.4197	98410001	98410001	1	2
chr2	99514001	100729000	4.054	764	0.561	0.5067	NONE	NONE	BAF_WEIGHTED	1158	0.4281	99514001	99514001	2	2
chr2	100729001	101689000	3.2903	255	0.5755	0.5778	NONE	NONE	BAF_WEIGHTED	828	0.4455	100729001	100729001	1	2
chr2	101689001	101898000	1.8601	66	0.5752	0.5376	NONE	NONE	BAF_WEIGHTED	203	0.4119	101689001	101689001	1	1
chr2	101898001	102851000	3.1848	730	0.5667	0.628	NONE	NONE	BAF_WEIGHTED	921	0.4079	101898001	101898001	1	2
chr2	102851001	105030000	4.3982	418	0.5638	0.5453	NONE	NONE	BAF_WEIGHTED	2107	0.3792	102851001	102851001	2	2
chr2	105030001	105729000	3.4381	582	0.5664	0.5817	NONE	NONE	BAF_WEIGHTED	673	0.4297	105030001	105030001	1	2
chr2	105729001	105952000	2.1297	179	0.5641	0.5305	NONE	NONE	BAF_WEIGHTED	218	0.4454	105729001	105729001	1	1
chr2	105952001	106263000	3.373	149	0.5676	0.5929	NONE	NONE	BAF_WEIGHTED	268	0.439	105952001	105952001	1	2
chr2	106263001	108438000	4.1131	863	0.561	0.5138	NONE	NONE	BAF_WEIGHTED	1847	0.3933	106263001	106263001	2	2
chr2	108438001	108695500	2.2909	275	0.5714	0.5635	NONE	NONE	BAF_WEIGHTED	168	0.4054	108438001	108438001	1	1
chr2	108695501	109543500	3.7403	377	0.561	0.5347	NONE	NONE	BAF_WEIGHTED	762	0.4651	108695001	108696001	2	2
chr2	109543501	110684000	2.9767	119	0.5833	0.7203	NONE	NONE	BAF_WEIGHTED	345	0.4219	109543001	109544001	1	2
chr2	110684001	111114000	3.8657	21	0.5588	0.5174	NONE	NONE	BAF_WEIGHTED	418	0.4257	110684001	110684001	2	2
chr2	111114001	112802000	3.0839	768	0.5684	0.6485	NONE	NONE	BAF_WEIGHTED	988	0.4328	111114001	111114001	1	2
chr2	112802001	113075000	4.1409	195	0.5625	0.517	NONE	NONE	BAF_WEIGHTED	265	0.4262	112802001	112802001	2	2
chr2	113075001	113875000	2.9699	545	0.5714	0.6734	NONE	NONE	BAF_WEIGHTED	408	0.4407	113075001	113075001	1	2
chr2	113875001	113984000	2.0432	1	0.6957	1.1647	NONE	NONE	BAF_WEIGHTED	106	0.3868	113875001	113875001	0	2
chr2	113984001	114799000	3.6446	406	0.5625	0.5488	NONE	NONE	BAF_WEIGHTED	765	0.3873	113984001	113984001	2	2
chr2	114799001	117904000	4.3291	1719	0.5641	0.538	NONE	NONE	BAF_WEIGHTED	2876	0.3679	114799001	114799001	2	2
chr2	117904001	118135000	2.9429	138	0.5625	0.6796	NONE	NONE	BAF_WEIGHTED	216	0.4152	117904001	117904001	1	2
chr2	118135001	119747583	3.8689	851	0.5619	0.5158	NONE	DEL	BAF_WEIGHTED	1430	0.4411	118135001	118135001	2	2
chr2	119747584	120324000	1.4141	185	0.6364	1.1088	DEL	NONE	BAF_WEIGHTED	526	0.4022	119747584	119747584	0	1
chr2	120324001	121342000	2.0658	501	0.6316	0.9435	NONE	NONE	BAF_WEIGHTED	975	0.5035	120324001	120324001	0	2
chr2	121342001	121761000	1.1331	20	0.6626	1.3653	NONE	NONE	BAF_WEIGHTED	402	0.4184	121342001	121342001	0	1
chr2	121761001	127061000	2.4377	3342	0.6407	0.9246	NONE	NONE	BAF_WEIGHTED	5039	0.386	121761001	121761001	0	2
chr2	127061001	127892000	1.3979	330	0.6306	1.0881	NONE	NONE	BAF_WEIGHTED	757	0.4602	127061001	127061001	0	1
chr2	127892001	134115000	2.0717	2469	0.6345	0.9495	NONE	NONE	BAF_WEIGHTED	4179	0.4321	127892001	127892001	0	2
chr2	134115001	134433000	0.8027	65	0.6667	1	NONE	NONE	BAF_WEIGHTED	308	0.4247	134115001	134115001	0	1
chr2	134433001	134915000	2.0237	214	0.6452	0.9965	NONE	NONE	BAF_WEIGHTED	444	0.4297	134433001	134433001	0	2
chr2	134915001	135284000	1.3344	84	0.6377	1.1428	NONE	NONE	BAF_WEIGHTED	347	0.3926	134915001	134915001	0	1
chr2	135284001	135530000	2.0682	4	0.73	1.2745	NONE	NONE	BAF_WEIGHTED	217	0.3815	135284001	135284001	0	2
chr2	135530001	135533000	-2.248	0	0	1	NONE	NONE	BAF_WEIGHTED	3	0.5047	135530001	135530001	0	-2
chr2	135533001	136106000	1.3407	49	0.65	1.1978	NONE	NONE	BAF_WEIGHTED	562	0.4029	135533001	135533001	0	1
chr2	136106001	136387000	0.7086	163	0.625	1	NONE	NONE	BAF_WEIGHTED	272	0.429	136106001	136106001	0	1
chr2	136387001	137831000	2.3509	761	0.64	0.9316	NONE	NONE	BAF_WEIGHTED	1337	0.3824	136387001	136387001	0	2
chr2	137831001	138034000	1.4046	108	0.6296	1.0818	NONE	NONE	BAF_WEIGHTED	191	0.3778	137831001	137831001	0	1
chr2	138034001	138666143	1.6115	11	0.5714	0.6205	NONE	DEL	BAF_WEIGHTED	599	0.3758	138034001	138034001	1	1
chr2	138666144	140282000	4.2211	909	0.56	0.5262	DEL	NONE	BAF_WEIGHTED	1564	0.3616	138666144	138666144	2	2
chr2	140282001	142833000	3.6635	1200	0.5633	0.5461	NONE	NONE	BAF_WEIGHTED	2462	0.3493	140282001	140282001	2	2
chr2	142833001	143768000	2.8603	507	0.5676	0.6992	NONE	NONE	BAF_WEIGHTED	904	0.3656	142833001	142833001	1	2
chr2	143768001	144181000	3.5151	84	0.5606	0.569	NONE	NONE	BAF_WEIGHTED	393	0.3756	143768001	143768001	2	2
chr2	144181001	144610000	2.746	64	0.5652	0.6358	NONE	NONE	BAF_WEIGHTED	422	0.38	144181001	144181001	1	2
chr2	144610001	148818000	3.5262	1288	0.566	0.5652	NONE	NONE	BAF_WEIGHTED	3987	0.3651	144610001	144610001	2	2
chr2	148818001	149558000	4.1544	430	0.561	0.5186	NONE	NONE	BAF_WEIGHTED	703	0.4077	148818001	148818001	2	2
chr2	149558001	149599000	2.0245	35	0.5625	0.5061	NONE	NONE	BAF_WEIGHTED	41	0.3606	149558001	149558001	1	1
chr2	149599001	151234000	3.7232	802	0.56	0.5372	NONE	NONE	BAF_WEIGHTED	1554	0.3799	149599001	149599001	2	2
chr2	151234001	151511000	2.9322	263	0.561	0.6821	NONE	NONE	BAF_WEIGHTED	267	0.3962	151234001	151234001	1	2
chr2	151511001	152332000	3.5747	68	0.5566	0.5595	NONE	NONE	BAF_WEIGHTED	746	0.4	151511001	151511001	2	2
chr2	152332001	152783000	2.6487	3	0.5946	0.7695	NONE	NONE	BAF_WEIGHTED	445	0.3953	152332001	152332001	1	2
chr2	152783001	156331000	3.9749	1650	0.5625	0.5229	NONE	NONE	BAF_WEIGHTED	3336	0.3562	152783001	152783001	2	2
chr2	156331001	156346000	-0.0745	0	0	1	NONE	NONE	BAF_WEIGHTED	13	0.4369	156331001	156331001	0	0
chr2	156346001	156473037	2.8457	2	0.7291	1.1235	NONE	DEL	BAF_WEIGHTED	114	0.3997	156346001	156346001	0	3
chr2	156473038	156473727	0.1146	0	0	1	DEL	DEL	STRUCTURAL_VARIANT	0	0	156473038	156473038	0	0
chr2	156473728	156603000	2.4756	0	0	0.7609	DEL	NONE	BAF_WEIGHTED	126	0.3673	156473728	156473728	1	2
chr2	156603001	157145000	3.8836	155	0.5581	0.515	NONE	NONE	BAF_WEIGHTED	507	0.3613	156603001	156603001	2	2
chr2	157145001	157502000	3.0609	50	0.5638	0.6534	NONE	NONE	BAF_WEIGHTED	333	0.3757	157145001	157145001	1	2
chr2	157502001	157747000	4.1274	63	0.5714	0.5154	NONE	NONE	BAF_WEIGHTED	215	0.3718	157502001	157502001	2	2
chr2	157747001	157904000	2.7639	28	0.5741	0.6382	NONE	NONE	BAF_WEIGHTED	153	0.4045	157747001	157747001	1	2
chr2	157904001	158169000	4.1346	128	0.5625	0.5163	NONE	NONE	BAF_WEIGHTED	261	0.4002	157904001	157904001	2	2
chr2	158169001	159801000	2.9666	1065	0.565	0.6423	NONE	NONE	BAF_WEIGHTED	1490	0.3932	158169001	158169001	1	2
chr2	159801001	160196000	3.5878	437	0.5641	0.5574	NONE	NONE	BAF_WEIGHTED	360	0.3936	159801001	159801001	2	2
chr2	160196001	160585000	2.6852	182	0.5797	0.7252	NONE	NONE	BAF_WEIGHTED	373	0.3932	160196001	160196001	1	2
chr2	160585001	161062000	4.1703	412	0.5633	0.5204	NONE	NONE	BAF_WEIGHTED	422	0.3832	160585001	160585001	2	2
chr2	161062001	161226000	2.2405	1	0.6129	0.8596	NONE	NONE	BAF_WEIGHTED	160	0.368	161062001	161062001	0	2
chr2	161226001	161476000	3.9948	3	0.6296	0.7885	NONE	NONE	BAF_WEIGHTED	229	0.3678	161226001	161226001	1	3
chr2	161476001	161856000	4.754	31	0.5641	0.631	NONE	NONE	BAF_WEIGHTED	347	0.3563	161476001	161476001	2	3
chr2	161856001	162384000	3.6747	188	0.5714	0.5443	NONE	NONE	BAF_WEIGHTED	511	0.3702	161856001	161856001	2	2
chr2	162384001	163539070	4.6579	431	0.561	0.6441	NONE	INV	BAF_WEIGHTED	1119	0.3537	162384001	162384001	2	3
chr2	163539071	163548000	5.8209	5	0.5833	0.6534	INV	NONE	BAF_WEIGHTED	8	0.3544	163539071	163539071	2	4
chr2	163548001	163573239	4.1179	6	0.6164	0.7548	NONE	INV	BAF_WEIGHTED	25	0.3586	163548001	163548001	1	3
chr2	163573240	165740000	4.1274	964	0.5638	0.5154	INV	NONE	BAF_WEIGHTED	2057	0.3619	163573240	163573240	2	2
chr2	165740001	165964000	3.0573	48	0.5659	0.6542	NONE	NONE	BAF_WEIGHTED	222	0.3676	165740001	165740001	1	2
chr2	165964001	169460000	4.8428	1468	0.5595	0.614	NONE	NONE	BAF_WEIGHTED	3287	0.3753	165964001	165964001	2	3
chr2	169460001	170095000	3.6533	571	0.5625	0.5474	NONE	NONE	BAF_WEIGHTED	599	0.3827	169460001	169460001	2	2
chr2	170095001	170927000	4.9339	534	0.5684	0.608	NONE	NONE	BAF_WEIGHTED	794	0.4119	170095001	170095001	2	3
chr2	170927001	171806000	3.8812	566	0.5682	0.5153	NONE	NONE	BAF_WEIGHTED	835	0.3947	170927001	170927001	2	2
chr2	171806001	171870000	1.6115	33	0.6129	0.9559	NONE	NONE	BAF_WEIGHTED	59	0.3845	171806001	171806001	0	2
chr2	171870001	172425000	3.7288	298	0.5644	0.5422	NONE	NONE	BAF_WEIGHTED	521	0.4256	171870001	171870001	2	2
chr2	172425001	172469000	2.042	47	0.5854	0.7902	NONE	NONE	BAF_WEIGHTED	43	0.4415	172425001	172425001	0	2
chr2	172469001	172923000	4.6563	295	0.5714	0.6443	NONE	NONE	BAF_WEIGHTED	425	0.4057	172469001	172469001	2	3
chr2	172923001	173237000	3.4897	54	0.5782	0.6879	NONE	NONE	BAF_WEIGHTED	307	0.3946	172923001	172923001	1	2
chr2	173237001	173892000	4.4713	319	0.5581	0.5527	NONE	NONE	BAF_WEIGHTED	622	0.4141	173237001	173237001	2	2
chr2	173892001	174043000	2.8187	97	0.5517	0.7096	NONE	NONE	BAF_WEIGHTED	148	0.4091	173892001	173892001	1	2
chr2	174043001	175183000	3.6605	423	0.5652	0.5464	NONE	NONE	BAF_WEIGHTED	1095	0.3958	174043001	174043001	2	2
chr2	175183001	177138000	4.7167	792	0.5704	0.6097	NONE	NONE	BAF_WEIGHTED	1807	0.3969	175183001	175183001	2	3
chr2	177138001	177638000	3.3345	191	0.5667	0.5998	NONE	NONE	BAF_WEIGHTED	482	0.3912	177138001	177138001	1	2
chr2	177638001	178395000	4.5426	694	0.5672	0.5927	NONE	NONE	BAF_WEIGHTED	707	0.3895	177638001	177638001	2	3
chr2	178395001	178520000	3.477	56	0.5764	0.5752	NONE	NONE	BAF_WEIGHTED	121	0.3912	178395001	178395001	1	2
chr2	178520001	179095000	4.7989	88	0.5732	0.6251	NONE	NONE	BAF_WEIGHTED	520	0.3774	178520001	178520001	2	3
chr2	179095001	179196000	3.4135	48	0.5556	0.5859	NONE	NONE	BAF_WEIGHTED	98	0.3604	179095001	179095001	1	2
chr2	179196001	179276000	2.1484	67	0.5556	0.5345	NONE	NONE	BAF_WEIGHTED	57	0.3803	179196001	179202001	1	1
chr2	179276001	179674526	4.5603	408	0.5683	0.5846	NONE	BND	BAF_WEIGHTED	363	0.3703	179276001	179276001	2	3
chr2	179674527	179674585	2.1864	0	0	0.9147	BND	BND	STRUCTURAL_VARIANT	0	0	179674527	179674527	0	2
chr2	179674586	180966000	4.1298	825	0.5641	0.5157	BND	NONE	BAF_WEIGHTED	1225	0.3633	179674586	179674586	2	2
chr2	180966001	181154000	2.582	5	0.5789	0.7285	NONE	NONE	BAF_WEIGHTED	179	0.3564	180966001	180966001	1	2
chr2	181154001	181740000	3.4476	211	0.575	0.5801	NONE	NONE	BAF_WEIGHTED	561	0.3685	181154001	181154001	1	2
chr2	181740001	181955000	2.1412	33	0.5862	0.7833	NONE	NONE	BAF_WEIGHTED	203	0.3697	181740001	181740001	0	2
chr2	181955001	183221000	3.4016	428	0.56	0.588	NONE	NONE	BAF_WEIGHTED	1185	0.3697	181955001	181955001	1	2
chr2	183221001	186441000	4.0404	1641	0.5609	0.5045	NONE	NONE	BAF_WEIGHTED	2994	0.3477	183221001	183221001	2	2
chr2	186441001	186697000	2.5486	193	0.5758	0.6076	NONE	NONE	BAF_WEIGHTED	247	0.3669	186441001	186441001	1	2
chr2	186697001	186991000	3.7454	132	0.5546	0.534	NONE	NONE	BAF_WEIGHTED	278	0.3785	186697001	186697001	2	2
chr2	186991001	187002000	1.4996	3	0.5185	0.6669	NONE	NONE	BAF_WEIGHTED	11	0.3428	186991001	186991001	0	1
chr2	187002001	187598000	2.3263	442	0.5882	0.7739	NONE	NONE	BAF_WEIGHTED	570	0.3489	187002001	187002001	1	2
chr2	187598001	189437000	2.7861	656	0.5833	0.7297	NONE	NONE	BAF_WEIGHTED	1743	0.3528	187597001	187599001	1	2
chr2	189437001	189811000	1.9558	55	0.625	0.938	NONE	NONE	BAF_WEIGHTED	358	0.3775	189437001	189437001	0	2
chr2	189811001	190087000	2.8544	6	0.6061	0.7881	NONE	NONE	BAF_WEIGHTED	260	0.3668	189811001	189811001	1	2
chr2	190087001	190950000	1.7596	497	0.5938	0.8548	NONE	NONE	BAF_WEIGHTED	818	0.3891	190087001	190087001	0	2
chr2	190950001	191033000	2.6725	27	0.5926	0.7623	NONE	NONE	BAF_WEIGHTED	78	0.4133	190950001	190950001	1	2
chr2	191033001	191872000	3.2466	245	0.5676	0.6159	NONE	NONE	BAF_WEIGHTED	799	0.3909	191033001	191033001	1	2
chr2	191872001	195526000	3.9901	1259	0.5619	0.5047	NONE	NONE	BAF_WEIGHTED	3359	0.3441	191872001	191872001	2	2
chr2	195526001	195675000	2.3267	58	0.572	0.5702	NONE	NONE	BAF_WEIGHTED	142	0.4003	195523001	195529001	1	1
chr2	195675001	196050000	3.8983	150	0.5667	0.513	NONE	NONE	BAF_WEIGHTED	360	0.367	195675001	195675001	2	2
chr2	196050001	196158000	2.8687	80	0.5797	0.7159	NONE	NONE	BAF_WEIGHTED	102	0.3872	196050001	196050001	1	2
chr2	196158001	196236485	1.9673	13	0.6	0.8489	NONE	DEL	BAF_WEIGHTED	77	0.3916	196158001	196158001	0	2
chr2	196236486	196246678	0.4576	0	0	1	DEL	DEL	BAF_WEIGHTED	9	0.4062	196236486	196236486	0	0
chr2	196246679	196299000	1.5043	50	0.5732	0.6647	DEL	NONE	BAF_WEIGHTED	51	0.3894	196246679	196246679	1	1
chr2	196299001	197071000	3.5572	378	0.5588	0.5622	NONE	NONE	BAF_WEIGHTED	719	0.3851	196299001	196299001	2	2
chr2	197071001	197518000	2.7277	165	0.5641	0.6334	NONE	NONE	BAF_WEIGHTED	432	0.4143	197071001	197071001	1	2
chr2	197518001	198386000	3.6787	363	0.5676	0.5437	NONE	NONE	BAF_WEIGHTED	789	0.3816	197518001	197518001	2	2
chr2	198386001	199701000	4.5217	267	0.5588	0.5577	NONE	NONE	BAF_WEIGHTED	1246	0.3712	198386001	198386001	2	3
chr2	199701001	200298000	3.4564	251	0.5667	0.5786	NONE	NONE	BAF_WEIGHTED	579	0.3963	199701001	199701001	1	2
chr2	200298001	200473000	2.3874	65	0.55	0.5811	NONE	NONE	BAF_WEIGHTED	171	0.3989	200298001	200298001	1	1
chr2	200473001	201952000	3.473	743	0.5635	0.5541	NONE	NONE	BAF_WEIGHTED	1381	0.4067	200473001	200473001	2	2
chr2	201952001	202038299	1.8371	59	0.5806	0.7954	NONE	DEL	BAF_WEIGHTED	80	0.4702	201952001	201952001	0	1
chr2	202038300	202038354	0.2911	0	0	1	DEL	DEL	STRUCTURAL_VARIANT	0	0	202038300	202038300	0	0
chr2	202038355	202044000	1.6227	3	0.6129	0.9536	DEL	NONE	BAF_WEIGHTED	5	0.425	202038355	202038355	0	2
chr2	202044001	203524000	3.4834	566	0.5667	0.5742	NONE	NONE	BAF_WEIGHTED	1423	0.4052	202044001	202044001	1	2
chr2	203524001	204032000	2.8314	217	0.5714	0.7064	NONE	NONE	BAF_WEIGHTED	496	0.4106	203524001	203524001	1	2
chr2	204032001	205988000	3.5421	972	0.5652	0.5646	NONE	NONE	BAF_WEIGHTED	1890	0.3956	204032001	204032001	2	2
chr2	205988001	206169000	2.8897	152	0.5759	0.6921	NONE	NONE	BAF_WEIGHTED	176	0.4133	205988001	205988001	1	2
chr2	206169001	207062000	4.0551	353	0.5641	0.5068	NONE	NONE	BAF_WEIGHTED	823	0.3957	206169001	206169001	2	2
chr2	207062001	207172000	2.5828	38	0.5641	0.6128	NONE	NONE	BAF_WEIGHTED	107	0.4122	207062001	207062001	1	2
chr2	207172001	207486000	3.6605	32	0.5606	0.5464	NONE	NONE	BAF_WEIGHTED	307	0.4063	207172001	207172001	2	2
chr2	207486001	208363000	2.8687	499	0.5676	0.6972	NONE	NONE	BAF_WEIGHTED	829	0.4144	207486001	207486001	1	2
chr2	208363001	209327000	3.9154	401	0.561	0.5108	NONE	NONE	BAF_WEIGHTED	829	0.3651	208363001	208363001	2	2
chr2	209327001	210629000	3.1443	216	0.5585	0.6361	NONE	NONE	BAF_WEIGHTED	1245	0.3675	209327001	209327001	1	2
chr2	210629001	211878000	3.9178	877	0.56	0.5105	NONE	NONE	BAF_WEIGHTED	1193	0.3552	210629001	210629001	2	2
chr2	211878001	212891000	3.3761	395	0.5641	0.5924	NONE	NONE	BAF_WEIGHTED	962	0.3502	211878001	211878001	1	2
chr2	212891001	213317000	2.5971	199	0.5758	0.615	NONE	NONE	BAF_WEIGHTED	419	0.3579	212891001	212891001	1	2
chr2	213317001	214705000	4.1925	1070	0.5581	0.523	NONE	NONE	BAF_WEIGHTED	1308	0.3607	213317001	213317001	2	2
chr2	214705001	214866000	2.9342	75	0.5556	0.6816	NONE	NONE	BAF_WEIGHTED	146	0.3745	214705001	214705001	1	2
chr2	214866001	215268000	4.2291	54	0.5676	0.5271	NONE	NONE	BAF_WEIGHTED	378	0.3801	214864001	214866001	2	2
chr2	215268001	218215000	3.2173	1454	0.5659	0.6216	NONE	NONE	BAF_WEIGHTED	2839	0.4324	215268001	215268001	1	2
chr2	218215001	218328000	2.0316	110	0.5617	0.5078	NONE	NONE	BAF_WEIGHTED	105	0.4918	218215001	218215001	1	1
chr2	218328001	219191000	3.0903	401	0.5676	0.6472	NONE	NONE	BAF_WEIGHTED	802	0.47	218328001	218328001	1	2
chr2	219191001	219300000	2.3795	15	0.5714	0.5797	NONE	NONE	BAF_WEIGHTED	95	0.5165	219188001	219191001	1	1
chr2	219300001	221422000	3.3349	1237	0.5641	0.5997	NONE	NONE	BAF_WEIGHTED	2009	0.4177	219300001	219300001	1	2
chr2	221422001	221577000	2.3322	3	0.6207	0.8741	NONE	NONE	BAF_WEIGHTED	152	0.4022	221422001	221422001	0	2
chr2	221577001	222546000	3.6716	377	0.5667	0.5447	NONE	NONE	BAF_WEIGHTED	931	0.3931	221577001	221577001	2	2
chr2	222546001	222960000	2.5264	170	0.5758	0.6042	NONE	NONE	BAF_WEIGHTED	395	0.4026	222546001	222546001	1	2
chr2	222960001	223685000	3.9845	307	0.5667	0.5019	NONE	NONE	BAF_WEIGHTED	687	0.3925	222960001	222960001	2	2
chr2	223685001	223942500	2.8695	23	0.5294	0.697	NONE	NONE	BAF_WEIGHTED	254	0.4242	223685001	223685001	1	2
chr2	223942501	223972000	1.0529	35	0.6111	1.1278	NONE	NONE	BAF_WEIGHTED	28	0.4107	223942001	223943001	0	1
chr2	223972001	224355000	3.7796	224	0.5556	0.5292	NONE	NONE	BAF_WEIGHTED	363	0.4129	223972001	223972001	2	2
chr2	224355001	224591000	2.2945	140	0.5789	0.7473	NONE	NONE	BAF_WEIGHTED	233	0.3978	224355001	224355001	1	2
chr2	224591001	226028000	3.6009	802	0.5652	0.5554	NONE	NONE	BAF_WEIGHTED	1383	0.3798	224591001	224591001	2	2
chr2	226028001	227398000	3.1173	890	0.5625	0.6416	NONE	NONE	BAF_WEIGHTED	1325	0.3916	226028001	226028001	1	2
chr2	227398001	227574000	2.0404	20	0.5651	0.5099	NONE	NONE	BAF_WEIGHTED	168	0.3964	227398001	227398001	1	1
chr2	227574001	227775000	3.5659	191	0.5758	0.5609	NONE	NONE	BAF_WEIGHTED	195	0.4269	227574001	227574001	2	2
chr2	227775001	227892000	2.3541	38	0.5759	0.5752	NONE	NONE	BAF_WEIGHTED	115	0.4152	227775001	227775001	1	1
chr2	227892001	229758000	3.9154	1497	0.5652	0.5108	NONE	NONE	BAF_WEIGHTED	1756	0.3884	227892001	227892001	2	2
chr2	229758001	229932000	2.0483	65	0.5897	0.8041	NONE	NONE	BAF_WEIGHTED	170	0.3837	229758001	229758001	0	2
chr2	229932001	233570000	2.987	2362	0.5714	0.6696	NONE	NONE	BAF_WEIGHTED	3325	0.4529	229932001	229932001	1	2
chr2	233570001	233965000	4.0266	266	0.5617	0.5033	NONE	NONE	BAF_WEIGHTED	325	0.4309	233570001	233570001	2	2
chr2	233965001	234506000	2.6265	432	0.5714	0.6193	NONE	NONE	BAF_WEIGHTED	520	0.4341	233965001	233965001	1	2
chr2	234506001	237054000	3.2604	1750	0.5751	0.6516	NONE	NONE	BAF_WEIGHTED	2459	0.4575	234506001	234506001	1	2
chr2	237054001	238464000	2.4462	695	0.5926	0.778	NONE	NONE	BAF_WEIGHTED	1281	0.4701	237054001	237054001	1	2
chr2	238464001	239191000	3.5143	559	0.587	0.7082	NONE	NONE	BAF_WEIGHTED	667	0.4855	238464001	238464001	1	2
chr2	239191001	239341000	1.82	140	0.5833	0.8074	NONE	NONE	BAF_WEIGHTED	140	0.4943	239191001	239191001	0	1
chr2	239341001	240555500	3.3539	880	0.5789	0.6941	NONE	NONE	BAF_WEIGHTED	1034	0.4982	239341001	239341001	1	2
chr2	240555501	240589000	0.9996	13	0.6207	1	NONE	NONE	BAF_WEIGHTED	18	0.5888	240555001	240556001	0	1
chr2	240589001	241635094	2.774	394	0.5835	0.7306	NONE	DUP	BAF_WEIGHTED	764	0.5147	240589001	240589001	1	2
chr2	241635095	241645628	4.7786	0	0	0.8436	DUP	DUP	BAF_WEIGHTED	7	0.526	241635095	241635095	1	4
chr2	241645629	242193529	2.9636	335	0.5806	0.7138	DUP	TELOMERE	BAF_WEIGHTED	300	0.5243	241645629	241645629	1	2
chr3	1	4270000	5.0956	3260	0.7427	0.9752	TELOMERE	NONE	BAF_WEIGHTED	3861	0.3766	1	1	0	5
chr3	4270001	5256000	3.3515	527	0.7436	1.0995	NONE	NONE	BAF_WEIGHTED	947	0.4231	4270001	4270001	0	3
chr3	5256001	8353000	5.2158	2657	0.7446	0.9742	NONE	NONE	BAF_WEIGHTED	2921	0.3819	5256001	5256001	0	5
chr3	8353001	9302000	4.1429	508	0.7238	0.9882	NONE	NONE	BAF_WEIGHTED	878	0.4415	8353001	8353001	0	4
chr3	9302001	9477000	2.902	28	0.6455	0.891	NONE	NONE	BAF_WEIGHTED	171	0.4071	9302001	9302001	0	3
chr3	9477001	9725000	5.0026	29	0.7561	1.0068	NONE	NONE	BAF_WEIGHTED	235	0.4639	9477001	9477001	0	5
chr3	9725001	10333000	3.6835	294	0.7424	1.0646	NONE	NONE	BAF_WEIGHTED	541	0.4802	9725001	9725001	0	4
chr3	10333001	11269000	5.1472	515	0.7496	0.9867	NONE	NONE	BAF_WEIGHTED	898	0.4808	10333001	10333001	0	5
chr3	11269001	11855000	3.5064	99	0.7255	1.0404	NONE	NONE	BAF_WEIGHTED	561	0.4376	11269001	11269001	0	4
chr3	11855001	12119000	5.3881	175	0.7556	0.9879	NONE	NONE	BAF_WEIGHTED	220	0.4148	11855001	11855001	0	5
chr3	12119001	12766222	3.6458	204	0.7246	1.0261	NONE	DEL	BAF_WEIGHTED	630	0.4295	12119001	12119001	0	4
chr3	12766223	12766285	2.2691	0	0	1.042	DEL	DEL	STRUCTURAL_VARIANT	0	0	12766223	12766223	0	2
chr3	12766286	13096000	3.7268	164	0.7439	1.0644	DEL	NONE	BAF_WEIGHTED	294	0.5265	12766286	12766286	0	4
chr3	13096001	13600000	4.5499	343	0.7353	0.9885	NONE	NONE	BAF_WEIGHTED	463	0.5174	13096001	13096001	0	4
chr3	13600001	14103000	5.3691	324	0.75	0.978	NONE	NONE	BAF_WEIGHTED	452	0.467	13600001	13600001	0	5
chr3	14103001	15244000	4.1552	728	0.735	1.0119	NONE	NONE	BAF_WEIGHTED	1067	0.4686	14103001	14103001	0	4
chr3	15244001	15384000	2.5832	95	0.7429	1.2033	NONE	NONE	BAF_WEIGHTED	136	0.4534	15244001	15244001	0	3
chr3	15384001	15751000	4.0123	233	0.7593	1.0757	NONE	NONE	BAF_WEIGHTED	341	0.4202	15384001	15384001	0	4
chr3	15751001	15832000	2.8306	45	0.7568	1.201	NONE	NONE	BAF_WEIGHTED	81	0.3577	15751001	15751001	0	3
chr3	15832001	16540079	4.291	584	0.75	1.0353	NONE	DEL	BAF_WEIGHTED	686	0.4252	15832001	15832001	0	4
chr3	16540080	16540132	1.7978	0	0	1.0842	DEL	DEL	STRUCTURAL_VARIANT	0	0	16540080	16540080	0	2
chr3	16540133	17158000	4.457	436	0.7692	1.0649	DEL	NONE	BAF_WEIGHTED	577	0.3985	16540133	16540133	0	4
chr3	17158001	17762000	3.4556	371	0.7241	1.0417	NONE	NONE	BAF_WEIGHTED	569	0.3667	17158001	17158001	0	3
chr3	17762001	18352000	4.2227	269	0.7333	1.0038	NONE	NONE	BAF_WEIGHTED	559	0.384	17762001	17762001	0	4
chr3	18352001	18448000	2.6288	60	0.7182	1.1248	NONE	NONE	BAF_WEIGHTED	93	0.3661	18352001	18352001	0	3
chr3	18448001	18922000	4.0214	330	0.7436	1.0402	NONE	NONE	BAF_WEIGHTED	452	0.3702	18448001	18448001	0	4
chr3	18922001	19878000	4.897	255	0.7317	0.9634	NONE	NONE	BAF_WEIGHTED	845	0.3679	18922001	18922001	0	5
chr3	19878001	20234000	3.6724	354	0.7432	1.0676	NONE	NONE	BAF_WEIGHTED	351	0.3953	19878001	19878001	0	4
chr3	20234001	23795000	4.4092	2658	0.7307	0.9865	NONE	NONE	BAF_WEIGHTED	3301	0.3725	20234001	20234001	0	4
chr3	23795001	23956000	3.1212	4	0.7585	1.1639	NONE	NONE	BAF_WEIGHTED	151	0.4163	23795001	23795001	0	3
chr3	23956001	25422000	4.1274	790	0.72	0.981	NONE	NONE	BAF_WEIGHTED	1395	0.3843	23956001	23956001	0	4
chr3	25422001	25483000	2.092	20	0.6382	0.9617	NONE	NONE	BAF_WEIGHTED	61	0.4049	25422001	25422001	0	2
chr3	25483001	25867000	3.7256	163	0.7273	1.026	NONE	NONE	BAF_WEIGHTED	375	0.3904	25483001	25483001	0	4
chr3	25867001	27030000	5.2186	853	0.7397	0.9648	NONE	NONE	BAF_WEIGHTED	1020	0.3792	25867001	25867001	0	5
chr3	27030001	27348000	4.2787	375	0.7143	0.9595	NONE	NONE	BAF_WEIGHTED	306	0.3828	27030001	27030001	0	4
chr3	27348001	27732000	3.2118	315	0.7297	1.0799	NONE	NONE	BAF_WEIGHTED	369	0.4061	27348001	27348001	0	3
chr3	27732001	28239000	4.7921	236	0.75	1.0054	NONE	NONE	BAF_WEIGHTED	479	0.3787	27732001	27732001	0	5
chr3	28239001	28351000	2.8318	42	0.7246	1.113	NONE	NONE	BAF_WEIGHTED	112	0.3579	28239001	28239001	0	3
chr3	28351001	29136000	4.5956	543	0.7273	0.9695	NONE	NONE	BAF_WEIGHTED	732	0.3724	28351001	28351001	0	4
chr3	29136001	29656488	3.8685	454	0.7261	1.0124	NONE	BND	BAF_WEIGHTED	508	0.365	29136001	29136001	0	4
chr3	29656489	30512000	4.0591	745	0.7353	1.0191	BND	NONE	BAF_WEIGHTED	800	0.3675	29656489	29656489	0	4
chr3	30512001	30694000	2.4315	89	0.7667	1.3038	NONE	NONE	BAF_WEIGHTED	180	0.3921	30512001	30512001	0	2
chr3	30694001	31153000	4.5336	110	0.7391	0.9973	NONE	NONE	BAF_WEIGHTED	456	0.388	30694001	30694001	0	5
chr3	31153001	32391000	3.7137	615	0.7312	1.0408	NONE	NONE	BAF_WEIGHTED	1189	0.4119	31153001	31153001	0	4
chr3	32391001	32504000	2.169	81	0.725	1.2329	NONE	NONE	BAF_WEIGHTED	105	0.4383	32391001	32391001	0	2
chr3	32504001	33355000	4.2394	228	0.738	1.014	NONE	NONE	BAF_WEIGHTED	820	0.425	32504001	32504001	0	4
chr3	33355001	33891000	3.6549	6	0.72	1.0146	NONE	NONE	BAF_WEIGHTED	490	0.3861	33355001	33355001	0	4
chr3	33891001	36863000	4.8621	2055	0.7394	0.979	NONE	NONE	BAF_WEIGHTED	2766	0.3774	33891001	33891001	0	5
chr3	36863001	37883000	3.6664	309	0.7222	1.019	NONE	NONE	BAF_WEIGHTED	974	0.4242	36863001	36863001	0	4
chr3	37883001	37998500	1.9598	3	0.8235	1.6318	NONE	NONE	BAF_WEIGHTED	112	0.4417	37883001	37883001	0	2
chr3	37998501	38374000	3.9317	53	0.7143	0.9812	NONE	NONE	BAF_WEIGHTED	334	0.4559	37998001	37999001	0	4
chr3	38374001	38526000	2.3128	142	0.6923	1.0994	NONE	NONE	BAF_WEIGHTED	129	0.4368	38374001	38374001	0	2
chr3	38526001	38669000	3.5914	99	0.6905	0.9502	NONE	NONE	BAF_WEIGHTED	139	0.4968	38526001	38526001	0	3
chr3	38669001	39050000	4.8699	196	0.7438	0.9889	NONE	NONE	BAF_WEIGHTED	364	0.4119	38669001	38669001	0	5
chr3	39050001	39293000	2.5133	150	0.7205	1.1499	NONE	NONE	BAF_WEIGHTED	230	0.4595	39050001	39050001	0	3
chr3	39293001	39502500	3.67	54	0.7181	1.0091	NONE	NONE	BAF_WEIGHTED	190	0.4237	39293001	39293001	0	4
chr3	39502501	40176000	4.7	483	0.7317	0.9731	NONE	NONE	BAF_WEIGHTED	585	0.3966	39502001	39503001	0	5
chr3	40176001	40782240	3.6219	150	0.7307	1.0426	NONE	DUP	BAF_WEIGHTED	578	0.4189	40176001	40176001	0	4
chr3	40782241	40830000	5.4715	1	0.8444	1.1526	DUP	DUP	BAF_WEIGHTED	46	0.3885	40782241	40782241	0	5
chr3	40830001	41196000	3.1855	175	0.7097	1.032	DUP	NONE	BAF_WEIGHTED	351	0.4204	40830001	40830001	0	3
chr3	41196001	41249000	1.4666	0	0	1.0561	NONE	NONE	BAF_WEIGHTED	52	0.4015	41196001	41196001	0	1
chr3	41249001	42010000	3.7073	253	0.725	1.0222	NONE	NONE	BAF_WEIGHTED	685	0.3949	41249001	41249001	0	4
chr3	42010001	42232000	2.8822	37	0.6857	1.0012	NONE	NONE	BAF_WEIGHTED	218	0.4505	42010001	42010001	0	3
chr3	42232001	42469000	4.4721	205	0.7347	0.9917	NONE	NONE	BAF_WEIGHTED	222	0.4301	42232001	42232001	0	4
chr3	42469001	42913000	3.0092	289	0.7143	1.063	NONE	NONE	BAF_WEIGHTED	409	0.46	42469001	42469001	0	3
chr3	42913001	43280000	3.9944	231	0.7273	1.0059	NONE	NONE	BAF_WEIGHTED	346	0.4377	42913001	42913001	0	4
chr3	43280001	43773000	3.1645	187	0.7179	1.0551	NONE	NONE	BAF_WEIGHTED	454	0.4084	43280001	43280001	0	3
chr3	43773001	44804000	4.1258	416	0.7303	1.0035	NONE	NONE	BAF_WEIGHTED	976	0.4239	43773001	43773001	0	4
chr3	44804001	46096000	3.2149	848	0.7143	1.0407	NONE	NONE	BAF_WEIGHTED	1250	0.4444	44804001	44804001	0	3
chr3	46096001	46100000	-0.0713	1	0.75	1	NONE	NONE	BAF_WEIGHTED	4	0.4585	46096001	46096001	0	0
chr3	46100001	46575000	1.2851	479	0.6667	1.3018	NONE	NONE	BAF_WEIGHTED	443	0.43	46100001	46100001	0	1
chr3	46575001	46926000	2.1496	275	0.6538	1.0041	NONE	NONE	BAF_WEIGHTED	298	0.4868	46575001	46575001	0	2
chr3	46926001	47167000	1.027	113	0.6667	1.4615	NONE	NONE	BAF_WEIGHTED	220	0.4547	46926001	46926001	0	1
chr3	47167001	50226000	1.7275	701	0.6538	1.0897	NONE	NONE	BAF_WEIGHTED	2817	0.4783	47167001	47167001	0	2
chr3	50226001	50367500	0.9683	2	0.6795	1	NONE	NONE	BAF_WEIGHTED	111	0.566	50226001	50226001	0	1
chr3	50367501	50563000	2.2937	5	0.6316	0.9125	NONE	NONE	BAF_WEIGHTED	179	0.561	50367001	50368001	0	2
chr3	50563001	50634000	0.6141	1	0.7917	1	NONE	NONE	BAF_WEIGHTED	67	0.5414	50563001	50563001	0	1
chr3	50634001	51309000	2.2754	29	0.64	0.9413	NONE	NONE	BAF_WEIGHTED	593	0.4014	50634001	50634001	0	2
chr3	51309001	51663000	1.6532	20	0.6333	1.0281	NONE	NONE	BAF_WEIGHTED	318	0.4532	51308001	51310001	0	2
chr3	51663001	51695000	0.568	1	0.6667	1	NONE	NONE	BAF_WEIGHTED	31	0.5329	51663001	51663001	0	1
chr3	51695001	51940000	2.4168	78	0.6429	0.9324	NONE	NONE	BAF_WEIGHTED	221	0.4403	51695001	51695001	0	2
chr3	51940001	52292500	1.0795	32	0.6384	1.2662	NONE	NONE	BAF_WEIGHTED	311	0.5294	51940001	51940001	0	1
chr3	52292501	53382000	1.5011	397	0.6471	1.1269	NONE	NONE	BAF_WEIGHTED	1006	0.4786	52292001	52293001	0	2
chr3	53382001	53654249	1.9991	68	0.6485	1.0124	NONE	DEL	BAF_WEIGHTED	248	0.4283	53382001	53382001	0	2
chr3	53654250	53654309	0	0	0	1	DEL	DEL	STRUCTURAL_VARIANT	0	0	53654250	53654250	0	0
chr3	53654310	53879000	1.9304	148	0.6538	1.0439	DEL	NONE	BAF_WEIGHTED	222	0.4646	53654310	53654310	0	2
chr3	53879001	53903000	0.7677	20	0.7	1	NONE	NONE	BAF_WEIGHTED	24	0.3921	53879001	53879001	0	1
chr3	53903001	54820000	2.4462	568	0.6429	0.9289	NONE	NONE	BAF_WEIGHTED	865	0.4218	53903001	53903001	0	2
chr3	54820001	56554000	2.0062	1164	0.6337	0.96	NONE	NONE	BAF_WEIGHTED	1669	0.4106	54820001	54820001	0	2
chr3	56554001	56932000	0.8619	376	0.6441	1	NONE	NONE	BAF_WEIGHTED	363	0.4129	56554001	56554001	0	1
chr3	56932001	58587000	1.3026	1151	0.6364	1.1491	NONE	NONE	BAF_WEIGHTED	1587	0.429	56932001	56932001	0	1
chr3	58587001	62623000	1.8152	2729	0.6364	1.0043	NONE	NONE	BAF_WEIGHTED	3828	0.3983	58587001	58587001	0	2
chr3	62623001	63818000	2.2814	1010	0.6486	0.9675	NONE	NONE	BAF_WEIGHTED	1116	0.3914	62623001	62623001	0	2
chr3	63818001	64035000	0.674	15	0.5909	1	NONE	NONE	BAF_WEIGHTED	212	0.4051	63818001	63818001	0	1
chr3	64035001	66252000	1.7695	1507	0.6197	0.9511	NONE	NONE	BAF_WEIGHTED	2118	0.4055	64035001	64035001	0	2
chr3	66252001	66504000	1.0262	110	0.6087	1.1273	NONE	NONE	BAF_WEIGHTED	243	0.4257	66252001	66252001	0	1
chr3	66504001	67738000	1.6032	541	0.64	1.0676	NONE	NONE	BAF_WEIGHTED	1164	0.3946	66504001	66504001	0	2
chr3	67738001	68956000	2.3441	593	0.6462	0.9374	NONE	NONE	BAF_WEIGHTED	1142	0.3843	67738001	67738001	0	2
chr3	68956001	69005000	1.4595	7	0.575	0.6852	NONE	NONE	BAF_WEIGHTED	48	0.4091	68956001	68956001	0	1
chr3	69005001	69128000	0.3067	10	0.5578	0.5777	NONE	NONE	BAF_WEIGHTED	122	0.3909	69005001	69005001	0	0
chr3	69128001	69447000	1.818	147	0.5882	0.8258	NONE	NONE	BAF_WEIGHTED	308	0.4129	69128001	69128001	0	2
chr3	69447001	70092000	2.4923	403	0.5806	0.739	NONE	NONE	BAF_WEIGHTED	604	0.3922	69447001	69447001	1	2
chr3	70092001	70949000	3.3031	663	0.575	0.6055	NONE	NONE	BAF_WEIGHTED	799	0.3733	70092001	70092001	1	2
chr3	70949001	71539494	1.9419	149	0.5682	0.515	NONE	DEL	BAF_WEIGHTED	585	0.4104	70949001	70949001	1	1
chr3	71539495	71539537	0.1635	0	0	1	DEL	DEL	STRUCTURAL_VARIANT	0	0	71539495	71539495	0	0
chr3	71539538	71590000	1.6135	4	0.5521	0.6198	DEL	NONE	BAF_WEIGHTED	48	0.4106	71539538	71539538	1	1
chr3	71590001	73872000	2.657	1052	0.577	0.6496	NONE	NONE	BAF_WEIGHTED	2083	0.4281	71590001	71590001	1	2
chr3	73872001	77476000	3.2316	1669	0.5758	0.6189	NONE	NONE	BAF_WEIGHTED	2772	0.363	73872001	73872001	1	2
chr3	77476001	78160000	3.7907	263	0.56	0.5276	NONE	NONE	BAF_WEIGHTED	661	0.3591	77476001	77476001	2	2
chr3	78160001	81221000	3.1109	1668	0.5806	0.7075	NONE	NONE	BAF_WEIGHTED	2898	0.3503	78160001	78160001	1	2
chr3	81221001	82166000	2.5606	434	0.5862	0.751	NONE	NONE	BAF_WEIGHTED	903	0.361	81221001	81221001	1	2
chr3	82166001	87152000	3.0204	2779	0.575	0.6622	NONE	NONE	BAF_WEIGHTED	4727	0.3448	82166001	82166001	1	2
chr3	87152001	87366000	2.092	1	0.625	0.9176	NONE	NONE	BAF_WEIGHTED	205	0.3519	87152001	87152001	0	2
chr3	87366001	87989000	2.9239	419	0.5769	0.684	NONE	NONE	BAF_WEIGHTED	582	0.3593	87366001	87366001	1	2
chr3	87989001	88267000	1.8943	284	0.5769	0.5279	NONE	NONE	BAF_WEIGHTED	261	0.3704	87989001	87989001	1	1
chr3	88267001	90084500	3.3809	1393	0.5714	0.5916	NONE	NONE	BAF_WEIGHTED	1668	0.3501	88267001	88267001	1	2
chr3	90084501	90263000	5.0836	1	0.5789	0.6549	NONE	NONE	BAF_WEIGHTED	72	0.3613	90083001	90086001	2	3
chr3	90263001	92214015	6.8443	2	0.6251	0.7138	NONE	CENTROMERE	BAF_WEIGHTED	193	0.3645	90263001	90263001	2	5
chr3	92214016	94183000	2.092	2	0.7868	1.4579	CENTROMERE	NONE	BAF_WEIGHTED	229	0.3799	92214016	92214016	0	2
chr3	94183001	97757000	3.6142	2880	0.6452	0.8415	NONE	NONE	BAF_WEIGHTED	3320	0.3494	94183001	94183001	1	3
chr3	97757001	98041000	2.2437	64	0.622	0.8882	NONE	NONE	BAF_WEIGHTED	269	0.3737	97757001	97757001	0	2
chr3	98041001	98490000	3.6541	581	0.6562	0.8655	NONE	NONE	BAF_WEIGHTED	399	0.3673	98041001	98041001	0	3
chr3	98490001	98908000	2.3819	316	0.653	0.9675	NONE	NONE	BAF_WEIGHTED	381	0.3835	98490001	98490001	0	2
chr3	98908001	99629000	3.5847	532	0.6445	0.8391	NONE	NONE	BAF_WEIGHTED	653	0.3701	98908001	98908001	1	3
chr3	99629001	100114000	2.2997	178	0.6364	0.9268	NONE	NONE	BAF_WEIGHTED	466	0.3873	99629001	99629001	0	2
chr3	100114001	101673000	3.018	737	0.6458	0.8824	NONE	NONE	BAF_WEIGHTED	1452	0.3867	100114001	100114001	0	3
chr3	101673001	102241000	1.957	321	0.6389	0.9864	NONE	NONE	BAF_WEIGHTED	505	0.3914	101673001	101673001	0	2
chr3	102241001	105338000	3.4208	2687	0.6409	0.8427	NONE	NONE	BAF_WEIGHTED	2873	0.3505	102241001	102241001	1	3
chr3	105338001	105686000	2.6138	140	0.645	0.9166	NONE	NONE	BAF_WEIGHTED	335	0.362	105338001	105338001	0	2
chr3	105686001	105908000	1.691	0	0	0.9085	NONE	NONE	BAF_WEIGHTED	222	0.3557	105686001	105686001	0	2
chr3	105908001	106636000	2.825	396	0.6629	0.9453	NONE	NONE	BAF_WEIGHTED	700	0.3634	105908001	105908001	0	3
chr3	106636001	107205000	3.6493	390	0.6389	0.8253	NONE	NONE	BAF_WEIGHTED	528	0.3713	106636001	106636001	1	3
chr3	107205001	107951000	2.6273	308	0.6429	0.9092	NONE	NONE	BAF_WEIGHTED	713	0.3808	107205001	107205001	0	2
chr3	107951001	108141000	1.4853	172	0.6207	1.0186	NONE	NONE	BAF_WEIGHTED	186	0.4089	107951001	107951001	0	1
chr3	108141001	108688000	2.4811	102	0.6667	0.9957	NONE	NONE	BAF_WEIGHTED	513	0.3742	108141001	108141001	0	2
chr3	108688001	109622729	3.6112	564	0.6471	0.8466	NONE	DEL	BAF_WEIGHTED	873	0.3896	108688001	108688001	1	3
chr3	109622730	109623031	1.4108	0	0	0.5857	DEL	DEL	STRUCTURAL_VARIANT	0	0	109622730	109622730	1	1
chr3	109623032	111066000	3.4881	1063	0.6383	0.8324	DEL	NONE	BAF_WEIGHTED	1343	0.3605	109623032	109623032	1	3
chr3	111066001	114287000	2.6662	2169	0.6486	0.9215	NONE	NONE	BAF_WEIGHTED	3027	0.3905	111066001	111066001	0	2
chr3	114287001	114461000	1.3725	112	0.6329	1.1068	NONE	NONE	BAF_WEIGHTED	174	0.3927	114287001	114287001	0	1
chr3	114461001	115174000	2.2032	110	0.64	0.9511	NONE	NONE	BAF_WEIGHTED	695	0.3551	114461001	114461001	0	2
chr3	115174001	115639000	3.4222	216	0.6479	0.8594	NONE	NONE	BAF_WEIGHTED	445	0.3795	115174001	115174001	0	3
chr3	115639001	115880000	2.767	81	0.6286	0.8562	NONE	NONE	BAF_WEIGHTED	225	0.3909	115639001	115639001	0	2
chr3	115880001	118806676	3.7419	1491	0.6471	0.8396	NONE	DEL	BAF_WEIGHTED	2812	0.3692	115880001	115880001	1	3
chr3	118806677	118806708	2.1269	0	0	0.7178	DEL	DEL	STRUCTURAL_VARIANT	0	0	118806677	118806677	1	2
chr3	118806709	119194000	3.6331	302	0.653	0.8592	DEL	NONE	BAF_WEIGHTED	336	0.389	118806709	118806709	1	3
chr3	119194001	120866000	2.5232	535	0.6364	0.9011	NONE	NONE	BAF_WEIGHTED	1585	0.4063	119194001	119194001	0	2
chr3	120866001	121403000	3.755	106	0.6631	0.8759	NONE	NONE	BAF_WEIGHTED	437	0.3584	120866001	120866001	0	3
chr3	121403001	125035000	2.8163	2011	0.65	0.9108	NONE	NONE	BAF_WEIGHTED	3407	0.4241	121403001	121403001	0	3
chr3	125035001	125402000	2.0229	194	0.6306	0.9467	NONE	NONE	BAF_WEIGHTED	354	0.4177	125035001	125035001	0	2
chr3	125402001	127065000	3.2181	1033	0.6486	0.8747	NONE	NONE	BAF_WEIGHTED	1228	0.4677	125402001	125402001	0	3
chr3	127065001	127542000	3.9789	3	0.5882	0.6967	NONE	NONE	BAF_WEIGHTED	446	0.4787	127065001	127065001	1	3
chr3	127542001	128387000	3.0085	195	0.6471	0.8865	NONE	NONE	BAF_WEIGHTED	817	0.4665	127542001	127542001	0	3
chr3	128387001	128615000	3.724	37	0.6596	0.8695	NONE	NONE	BAF_WEIGHTED	194	0.5239	128387001	128387001	0	3
chr3	128615001	129896000	2.5216	279	0.6389	0.9086	NONE	NONE	BAF_WEIGHTED	1144	0.4667	128615001	128615001	0	2
chr3	129896001	130658000	3.7192	181	0.6486	0.8442	NONE	NONE	BAF_WEIGHTED	509	0.4046	129896001	129896001	1	3
chr3	130658001	131035000	2.3636	144	0.6316	0.9042	NONE	NONE	BAF_WEIGHTED	359	0.377	130658001	130658001	0	2
chr3	131035001	132274000	3.399	967	0.6493	0.8643	NONE	NONE	BAF_WEIGHTED	1139	0.3894	131035001	131035001	0	3
chr3	132274001	132736000	2.2516	266	0.64	0.9445	NONE	NONE	BAF_WEIGHTED	422	0.3798	132270001	132276001	0	2
chr3	132736001	133420000	3.076	442	0.6377	0.8568	NONE	NONE	BAF_WEIGHTED	611	0.3994	132736001	132736001	0	3
chr3	133420001	133664000	2.3819	126	0.6626	0.9969	NONE	NONE	BAF_WEIGHTED	220	0.4223	133420001	133420001	0	2
chr3	133664001	134149000	3.5659	95	0.6452	0.8446	NONE	NONE	BAF_WEIGHTED	439	0.4528	133664001	133664001	1	3
chr3	134149001	134545000	2.632	274	0.6429	0.9087	NONE	NONE	BAF_WEIGHTED	389	0.4235	134149001	134149001	0	2
chr3	134545001	135892000	3.6954	759	0.6458	0.839	NONE	NONE	BAF_WEIGHTED	1251	0.4296	134545001	134545001	1	3
chr3	135892001	137072000	2.6925	644	0.6546	0.9386	NONE	NONE	BAF_WEIGHTED	1085	0.4035	135892001	135892001	0	3
chr3	137072001	138108000	3.8971	693	0.6552	0.8502	NONE	NONE	BAF_WEIGHTED	912	0.3985	137072001	137072001	1	3
chr3	138108001	138950500	2.7194	178	0.6526	0.9274	NONE	NONE	BAF_WEIGHTED	801	0.4281	138108001	138108001	0	3
chr3	138950501	139339000	3.8447	203	0.6452	0.8301	NONE	NONE	BAF_WEIGHTED	351	0.4335	138950001	138951001	1	3
chr3	139339001	139703000	2.7909	116	0.6389	0.8826	NONE	NONE	BAF_WEIGHTED	340	0.4185	139339001	139339001	0	2
chr3	139703001	140267579	3.6354	346	0.6522	0.8572	NONE	DEL	BAF_WEIGHTED	540	0.4204	139703001	139703001	1	3
chr3	140267580	140267636	1.1153	0	0	0.5345	DEL	DEL	STRUCTURAL_VARIANT	0	0	140267580	140267580	1	1
chr3	140267637	140601000	3.3324	187	0.6403	0.8463	DEL	NONE	BAF_WEIGHTED	322	0.4278	140267637	140267637	1	3
chr3	140601001	140659442	4.2862	22	0.675	0.875	NONE	BND	BAF_WEIGHTED	51	0.3912	140601001	140601001	1	4
chr3	140659443	141263000	4.4768	324	0.6667	0.849	BND	NONE	BAF_WEIGHTED	556	0.421	140659443	140659443	1	4
chr3	141263001	141583000	2.5772	46	0.6842	1.0342	NONE	NONE	BAF_WEIGHTED	311	0.4111	141263001	141263001	0	3
chr3	141583001	144131000	3.697	1560	0.6829	0.9251	NONE	NONE	BAF_WEIGHTED	2412	0.3954	141583001	141583001	0	3
chr3	144131001	146060000	4.3426	1184	0.6735	0.8691	NONE	NONE	BAF_WEIGHTED	1835	0.3499	144131001	144131001	1	4
chr3	146060001	146667000	3.5437	242	0.675	0.9168	NONE	NONE	BAF_WEIGHTED	552	0.3603	146060001	146060001	0	3
chr3	146667001	148585162	4.5563	461	0.6863	0.8865	NONE	DEL	BAF_WEIGHTED	1787	0.3554	146667001	146667001	1	4
chr3	148585163	148585619	0.8615	0	0	1	DEL	DEL	STRUCTURAL_VARIANT	0	0	148585163	148585163	0	1
chr3	148585620	148945000	4.5364	135	0.6863	0.8874	DEL	NONE	BAF_WEIGHTED	343	0.3693	148585620	148585620	1	4
chr3	148945001	149979000	2.9505	211	0.675	0.9654	NONE	NONE	BAF_WEIGHTED	987	0.3923	148945001	148945001	0	3
chr3	149979001	150057435	4.7361	48	0.721	0.9495	NONE	DEL	BAF_WEIGHTED	76	0.3971	149979001	149979001	0	4
chr3	150057436	150118302	0.5069	38	0.6	1	DEL	DEL	BAF_WEIGHTED	57	0.4069	150057436	150057436	0	1
chr3	150118303	150141105	4.8699	39	0.6757	0.8524	DEL	DEL	BAF_WEIGHTED	21	0.4097	150118303	150118303	1	4
chr3	150141106	150141148	1.6031	0	0	0.6736	DEL	DEL	STRUCTURAL_VARIANT	0	0	150141106	150141106	1	1
chr3	150141149	150210000	4.2465	47	0.675	0.8768	DEL	NONE	BAF_WEIGHTED	66	0.3818	150141149	150141149	1	4
chr3	150210001	150638000	3.076	235	0.6667	0.9321	NONE	NONE	BAF_WEIGHTED	409	0.3876	150210001	150210001	0	3
chr3	150638001	151144000	4.3982	189	0.6944	0.9108	NONE	NONE	BAF_WEIGHTED	479	0.4138	150638001	150638001	0	4
chr3	151144001	151386000	2.7472	120	0.6452	0.904	NONE	NONE	BAF_WEIGHTED	232	0.3824	151144001	151144001	0	2
chr3	151386001	152191000	3.8709	437	0.6765	0.8998	NONE	NONE	BAF_WEIGHTED	761	0.3692	151386001	151386001	0	3
chr3	152191001	152398770	1.8053	41	0.7083	1.2733	NONE	DEL	BAF_WEIGHTED	201	0.3577	152191001	152191001	0	2
chr3	152398771	152398810	0.2388	0	0	1	DEL	DEL	STRUCTURAL_VARIANT	0	0	152398771	152398771	0	0
chr3	152398811	152479000	2.4454	3	0.7778	1.3341	DEL	NONE	BAF_WEIGHTED	80	0.3577	152398811	152398811	0	2
chr3	152479001	153032000	4.1632	183	0.6857	0.9041	NONE	NONE	BAF_WEIGHTED	530	0.3722	152479001	152479001	0	4
chr3	153032001	153360000	3.1522	222	0.6667	0.9256	NONE	NONE	BAF_WEIGHTED	305	0.3955	153032001	153032001	0	3
chr3	153360001	154151000	3.9583	224	0.6842	0.9121	NONE	NONE	BAF_WEIGHTED	725	0.3692	153360001	153360001	0	4
chr3	154151001	154340000	3.0859	11	0.6531	0.896	NONE	NONE	BAF_WEIGHTED	178	0.3774	154151001	154151001	0	3
chr3	154340001	155173000	4.6293	262	0.6754	0.8608	NONE	NONE	BAF_WEIGHTED	768	0.3672	154340001	154340001	1	4
chr3	155173001	156442000	3.9265	658	0.6754	0.894	NONE	NONE	BAF_WEIGHTED	1201	0.3981	155173001	155173001	0	4
chr3	156442001	156863000	2.9322	127	0.6667	0.9451	NONE	NONE	BAF_WEIGHTED	403	0.3929	156442001	156442001	0	3
chr3	156863001	157062000	3.9773	0	0	0.9595	NONE	NONE	BAF_WEIGHTED	183	0.3574	156863001	156863001	0	4
chr3	157062001	157177000	2.5486	99	0.6667	0.987	NONE	NONE	BAF_WEIGHTED	115	0.4359	157062001	157062001	0	3
chr3	157177001	157625500	3.7061	386	0.6579	0.8665	NONE	NONE	BAF_WEIGHTED	430	0.3873	157177001	157177001	0	3
chr3	157625501	158085000	4.7572	298	0.6801	0.8654	NONE	NONE	BAF_WEIGHTED	404	0.3806	157625001	157626001	1	4
chr3	158085001	158643000	3.5989	59	0.6786	0.9216	NONE	NONE	BAF_WEIGHTED	504	0.3606	158085001	158085001	0	3
chr3	158643001	158828000	2.5133	196	0.6667	0.9915	NONE	NONE	BAF_WEIGHTED	180	0.404	158643001	158643001	0	2
chr3	158828001	159758000	4.4753	499	0.6667	0.8491	NONE	NONE	BAF_WEIGHTED	852	0.3884	158828001	158828001	1	4
chr3	159758001	160403725	3.662	263	0.6875	0.9382	NONE	DEL	BAF_WEIGHTED	617	0.4079	159758001	159758001	0	3
chr3	160403726	160403915	0.2058	0	0	1	DEL	DEL	STRUCTURAL_VARIANT	0	0	160403726	160403726	0	0
chr3	160403916	161448000	3.3531	0	0	0.8542	DEL	NONE	BAF_WEIGHTED	996	0.3851	160403916	160403916	0	3
chr3	161448001	162152383	4.3657	337	0.6829	0.888	NONE	DEL	BAF_WEIGHTED	675	0.3604	161448001	161448001	0	4
chr3	162152384	162152496	2.6886	0	0	0.789	DEL	DEL	STRUCTURAL_VARIANT	0	0	162152384	162152384	1	2
chr3	162152497	167269000	4.5547	3675	0.6808	0.8754	DEL	NONE	BAF_WEIGHTED	4654	0.3446	162152497	162152497	1	4
chr3	167269001	168223000	3.7907	381	0.6765	0.9045	NONE	NONE	BAF_WEIGHTED	904	0.365	167269001	167269001	0	3
chr3	168223001	169758000	4.4165	387	0.6842	0.8884	NONE	NONE	BAF_WEIGHTED	1471	0.3674	168223001	168223001	0	4
chr3	169758001	170432000	3.3507	326	0.6923	0.9733	NONE	NONE	BAF_WEIGHTED	657	0.4071	169758001	169758001	0	3
chr3	170432001	171163000	4.6087	163	0.7255	0.9651	NONE	NONE	BAF_WEIGHTED	664	0.4035	170432001	170432001	0	4
chr3	171163001	172036000	3.5052	570	0.6957	0.9691	NONE	NONE	BAF_WEIGHTED	836	0.3948	171163001	171163001	0	3
chr3	172036001	172294000	2.4232	38	0.6667	1.0036	NONE	NONE	BAF_WEIGHTED	255	0.3968	172036001	172036001	0	2
chr3	172294001	172514000	3.6688	213	0.7	0.9669	NONE	NONE	BAF_WEIGHTED	208	0.3982	172294001	172294001	0	4
chr3	172514001	172679000	2.1341	127	0.6579	1.0202	NONE	NONE	BAF_WEIGHTED	155	0.4146	172514001	172514001	0	2
chr3	172679001	176904000	4.2516	2046	0.6995	0.9307	NONE	NONE	BAF_WEIGHTED	4022	0.3579	172679001	172679001	0	4
chr3	176904001	177839000	2.8028	609	0.7188	1.1011	NONE	NONE	BAF_WEIGHTED	900	0.4044	176904001	176904001	0	3
chr3	177839001	178447000	3.6747	321	0.7037	0.9751	NONE	NONE	BAF_WEIGHTED	592	0.3626	177839001	177839001	0	4
chr3	178447001	179014000	4.8934	196	0.7224	0.9494	NONE	NONE	BAF_WEIGHTED	530	0.3831	178447001	178447001	0	5
chr3	179014001	179829000	3.7978	237	0.6889	0.9324	NONE	NONE	BAF_WEIGHTED	737	0.3992	179014001	179014001	0	4
chr3	179829001	180909000	4.9105	659	0.7037	0.9068	NONE	NONE	BAF_WEIGHTED	1012	0.3747	179829001	179829001	0	4
chr3	180909001	180992000	2.7861	1	0.5238	0.6411	NONE	NONE	BAF_WEIGHTED	83	0.3755	180909001	180909001	1	2
chr3	180992001	181686000	4.9053	150	0.7174	0.9345	NONE	NONE	BAF_WEIGHTED	650	0.3719	180992001	180992001	0	5
chr3	181686001	182588000	4.1886	89	0.7143	0.9648	NONE	NONE	BAF_WEIGHTED	875	0.3889	181686001	181686001	0	4
chr3	182588001	183768000	3.4834	376	0.7333	1.0612	NONE	NONE	BAF_WEIGHTED	1135	0.414	182588001	182588001	0	3
chr3	183768001	184538000	4.1282	479	0.7234	0.9884	NONE	NONE	BAF_WEIGHTED	717	0.4732	183768001	183768001	0	4
chr3	184538001	184922000	2.9926	204	0.68	0.9745	NONE	NONE	BAF_WEIGHTED	373	0.4639	184538001	184538001	0	3
chr3	184922001	186779000	3.9952	641	0.7356	1.0209	NONE	NONE	BAF_WEIGHTED	1767	0.4244	184922001	184922001	0	4
chr3	186779001	187174000	3.0172	198	0.7231	1.0853	NONE	NONE	BAF_WEIGHTED	363	0.4298	186779001	186779001	0	3
chr3	187174001	187385366	4.0544	79	0.7368	1.0228	NONE	DUP	BAF_WEIGHTED	203	0.4336	187174001	187174001	0	4
chr3	187385367	187486282	7.7313	66	0.7922	0.9773	DUP	DUP	BAF_WEIGHTED	83	0.3884	187385367	187385367	0	8
chr3	187486283	187735000	3.718	223	0.7097	0.9859	DUP	NONE	BAF_WEIGHTED	246	0.4083	187486283	187486283	0	4
chr3	187735001	187751000	-0.3222	11	0.7	1	NONE	NONE	BAF_WEIGHTED	16	0.4785	187735001	187735001	0	0
chr3	187751001	188985000	2.231	534	0.7	1.139	NONE	NONE	BAF_WEIGHTED	1189	0.4017	187751001	187751001	0	2
chr3	188985001	191232000	2.9361	1737	0.6901	1.0076	NONE	NONE	BAF_WEIGHTED	2153	0.3734	188985001	188985001	0	3
chr3	191232001	191405000	1.7299	121	0.6562	1.0983	NONE	NONE	BAF_WEIGHTED	171	0.3762	191232001	191232001	0	2
chr3	191405001	193518000	2.9525	1525	0.6657	0.9409	NONE	NONE	BAF_WEIGHTED	1978	0.378	191405001	191405001	0	3
chr3	193518001	198295559	2.2055	3044	0.6785	1.0761	NONE	TELOMERE	BAF_WEIGHTED	3939	0.4448	193518001	193518001	0	2
chr4	1	1366500	1.9942	595	0.6317	0.9543	TELOMERE	NONE	BAF_WEIGHTED	928	0.4969	1	1	0	2
chr4	1366501	1681000	2.8242	102	0.6361	0.8721	NONE	NONE	BAF_WEIGHTED	163	0.5665	1366001	1367001	0	2
chr4	1681001	3404000	1.4194	849	0.6316	1.0856	NONE	NONE	BAF_WEIGHTED	1429	0.4964	1681001	1681001	0	1
chr4	3404001	4241000	2.4565	924	0.6333	0.899	NONE	NONE	BAF_WEIGHTED	274	0.5635	3404001	3404001	0	2
chr4	4241001	4713000	1.6457	530	0.625	0.9969	NONE	NONE	BAF_WEIGHTED	460	0.452	4241001	4241001	0	2
chr4	4713001	6633000	2.5776	1362	0.6452	0.921	NONE	NONE	BAF_WEIGHTED	1780	0.4748	4713001	4713001	0	2
chr4	6633001	7075000	1.4368	119	0.6429	1.1299	NONE	NONE	BAF_WEIGHTED	399	0.4825	6633001	6633001	0	1
chr4	7075001	7738500	2.7801	572	0.6452	0.9009	NONE	NONE	BAF_WEIGHTED	596	0.5296	7075001	7075001	0	3
chr4	7738501	7997000	1.3328	342	0.6364	1.1375	NONE	NONE	BAF_WEIGHTED	247	0.4827	7736001	7741001	0	1
chr4	7997001	8595000	2.3422	397	0.65	0.9636	NONE	NONE	BAF_WEIGHTED	491	0.5336	7997001	7997001	0	2
chr4	8595001	8939000	2.9235	179	0.6538	0.9114	NONE	NONE	BAF_WEIGHTED	255	0.5294	8595001	8595001	0	3
chr4	8939001	10003000	2.1762	990	0.6452	0.9719	NONE	NONE	BAF_WEIGHTED	214	0.4524	8939001	9208001	0	2
chr4	10003001	10209000	1.332	355	0.6364	1.1378	NONE	NONE	BAF_WEIGHTED	201	0.4825	10003001	10003001	0	1
chr4	10209001	11823000	1.8545	965	0.6452	1.0286	NONE	NONE	BAF_WEIGHTED	1473	0.4013	10209001	10209001	0	2
chr4	11823001	13302000	2.412	1340	0.6364	0.9133	NONE	NONE	BAF_WEIGHTED	1401	0.3769	11823001	11823001	0	2
chr4	13302001	15343000	1.9624	1252	0.6406	0.9896	NONE	NONE	BAF_WEIGHTED	1843	0.3923	13302001	13302001	0	2
chr4	15343001	16273000	1.5027	432	0.6296	1.0519	NONE	NONE	BAF_WEIGHTED	894	0.4099	15343001	15343001	0	2
chr4	16273001	17466000	2.3569	821	0.6538	0.9733	NONE	NONE	BAF_WEIGHTED	1134	0.4029	16273001	16273001	0	2
chr4	17466001	18069000	1.7982	565	0.6538	1.0726	NONE	NONE	BAF_WEIGHTED	580	0.4057	17466001	17466001	0	2
chr4	18069001	19486000	2.4639	498	0.6464	0.9359	NONE	NONE	BAF_WEIGHTED	1338	0.3696	18069001	18069001	0	2
chr4	19486001	20777000	1.9371	833	0.6333	0.9702	NONE	NONE	BAF_WEIGHTED	1224	0.3658	19486001	19486001	0	2
chr4	20777001	22355000	2.5621	1174	0.6471	0.9282	NONE	NONE	BAF_WEIGHTED	1481	0.3775	20777001	20777001	0	2
chr4	22355001	24510000	2.1508	910	0.6364	0.9469	NONE	NONE	BAF_WEIGHTED	2047	0.3854	22355001	22355001	0	2
chr4	24510001	24590000	0.568	33	0.6667	1	NONE	NONE	BAF_WEIGHTED	79	0.3819	24510001	24510001	0	1
chr4	24590001	26854000	1.6855	1446	0.6371	1.0309	NONE	NONE	BAF_WEIGHTED	2174	0.4226	24590001	24590001	0	2
chr4	26854001	27015000	0.6415	73	0.6364	1	NONE	NONE	BAF_WEIGHTED	150	0.3656	26854001	26854001	0	1
chr4	27015001	36083000	2.3787	4394	0.6429	0.9371	NONE	NONE	BAF_WEIGHTED	8744	0.351	27015001	27015001	0	2
chr4	36083001	36401000	1.0715	182	0.655	1.3633	NONE	NONE	BAF_WEIGHTED	309	0.3616	36083001	36083001	0	1
chr4	36401001	37378000	2.42	607	0.641	0.9263	NONE	NONE	BAF_WEIGHTED	913	0.3703	36401001	36401001	0	2
chr4	37378001	41418635	1.4676	2993	0.6388	1.1102	NONE	DUP	BAF_WEIGHTED	3891	0.4184	37378001	37378001	0	1
chr4	41418636	41432723	3.2336	13	0.72	1.0531	DUP	DUP	BAF_WEIGHTED	12	0.4144	41418636	41418636	0	3
chr4	41432724	42723000	1.9197	498	0.6395	0.9951	DUP	NONE	BAF_WEIGHTED	1247	0.4012	41432724	41432724	0	2
chr4	42723001	47450000	2.3109	1587	0.6341	0.9169	NONE	NONE	BAF_WEIGHTED	4386	0.3575	42723001	42723001	0	2
chr4	47450001	47574000	0.9818	0	0	1	NONE	NONE	BAF_WEIGHTED	124	0.3748	47450001	47450001	0	1
chr4	47574001	47834000	1.8728	0	0	0.8974	NONE	NONE	BAF_WEIGHTED	255	0.3826	47574001	47574001	0	2
chr4	47834001	50726025	1.2788	267	0.64	1.1761	NONE	CENTROMERE	BAF_WEIGHTED	1058	0.3875	47834001	47834001	0	1
chr4	50726026	52144864	1.4352	22	0.6364	1.1018	CENTROMERE	DEL	BAF_WEIGHTED	276	0.4015	50726026	50726026	0	1
chr4	52144865	52144921	0.2115	0	0	1	DEL	DEL	STRUCTURAL_VARIANT	0	0	52144865	52144865	0	0
chr4	52144922	57235000	1.6512	3133	0.6389	1.0508	DEL	NONE	BAF_WEIGHTED	4594	0.4061	52144922	52144922	0	2
chr4	57235001	64736398	2.191	5515	0.6358	0.9395	NONE	INV	BAF_WEIGHTED	6885	0.3497	57182001	57235001	0	2
chr4	64736399	64742710	3.4897	1	0.619	0.786	INV	INV	BAF_WEIGHTED	3	0.3277	64736399	64736399	1	3
chr4	64742711	67485000	2.1047	1742	0.6296	0.9311	INV	NONE	BAF_WEIGHTED	2532	0.3496	64742711	64742711	0	2
chr4	67485001	67787000	1.193	9	0.65	1.2657	NONE	NONE	BAF_WEIGHTED	291	0.366	67485001	67485001	0	1
chr4	67787001	68307000	2.0579	100	0.6079	0.8646	NONE	NONE	BAF_WEIGHTED	480	0.3651	67787001	67787001	0	2
chr4	68307001	68504000	1.278	196	0.6287	1.122	NONE	NONE	BAF_WEIGHTED	189	0.3775	68307001	68307001	0	1
chr4	68504001	70613000	1.9872	1832	0.631	0.9538	NONE	NONE	BAF_WEIGHTED	1537	0.3559	68504001	68519001	0	2
chr4	70613001	71031000	1.147	8	0.6477	1.2783	NONE	NONE	BAF_WEIGHTED	399	0.4008	70613001	70613001	0	1
chr4	71031001	73053000	1.9761	1051	0.6316	0.9577	NONE	NONE	BAF_WEIGHTED	1823	0.3705	71031001	71031001	0	2
chr4	73053001	73267000	0.7411	2	0.6931	1	NONE	NONE	BAF_WEIGHTED	210	0.3678	73053001	73053001	0	1
chr4	73267001	74706000	1.6671	364	0.625	0.9921	NONE	NONE	BAF_WEIGHTED	1355	0.3708	73267001	73267001	0	2
chr4	74706001	75472000	2.1222	844	0.6364	0.9511	NONE	NONE	BAF_WEIGHTED	663	0.3918	74706001	74706001	0	2
chr4	75472001	76765000	1.3455	954	0.6296	1.1012	NONE	NONE	BAF_WEIGHTED	1243	0.404	75472001	75472001	0	1
chr4	76765001	76969000	2.1905	137	0.6667	1.0393	NONE	NONE	BAF_WEIGHTED	192	0.4122	76765001	76765001	0	2
chr4	76969001	77205000	0.9159	161	0.6429	1	NONE	NONE	BAF_WEIGHTED	232	0.4096	76969001	76969001	0	1
chr4	77205001	77698000	2.0316	207	0.6667	1.0685	NONE	NONE	BAF_WEIGHTED	433	0.4206	77205001	77205001	0	2
chr4	77698001	77865000	1.1239	30	0.6667	1.393	NONE	NONE	BAF_WEIGHTED	163	0.3798	77698001	77698001	0	1
chr4	77865001	78544000	2.0007	347	0.6512	1.0213	NONE	NONE	BAF_WEIGHTED	606	0.3915	77865001	77865001	0	2
chr4	78544001	78959000	1.3237	255	0.6471	1.1913	NONE	NONE	BAF_WEIGHTED	398	0.3805	78544001	78544001	0	1
chr4	78959001	79296295	2.5606	41	0.6333	0.8882	NONE	BND	BAF_WEIGHTED	304	0.3645	78959001	78959001	0	2
chr4	79296296	81463000	2.6344	997	0.6857	1.0309	BND	NONE	BAF_WEIGHTED	2032	0.3635	79296296	79296296	0	3
chr4	81463001	81694000	1.1096	103	0.64	1.2578	NONE	NONE	BAF_WEIGHTED	218	0.3866	81463001	81463001	0	1
chr4	81694001	82821000	2.5145	418	0.6667	0.9913	NONE	NONE	BAF_WEIGHTED	1041	0.4079	81694001	81694001	0	2
chr4	82821001	83683000	2.0999	727	0.6667	1.0554	NONE	NONE	BAF_WEIGHTED	829	0.4066	82821001	82821001	0	2
chr4	83683001	84571000	3.0775	371	0.6774	0.9597	NONE	NONE	BAF_WEIGHTED	829	0.3787	83683001	83683001	0	3
chr4	84571001	84982500	2.2735	136	0.6557	0.991	NONE	NONE	BAF_WEIGHTED	400	0.3744	84571001	84571001	0	2
chr4	84982501	85441000	3.1101	481	0.6774	0.9567	NONE	NONE	BAF_WEIGHTED	419	0.3723	84981001	84984001	0	3
chr4	85441001	85980000	2.0761	282	0.6709	1.0738	NONE	NONE	BAF_WEIGHTED	502	0.3671	85441001	85441001	0	2
chr4	85980001	86890000	2.6479	470	0.6667	0.975	NONE	NONE	BAF_WEIGHTED	823	0.3703	85980001	85980001	0	3
chr4	86890001	87125000	1.22	121	0.6774	1.3894	NONE	NONE	BAF_WEIGHTED	229	0.4174	86890001	86890001	0	1
chr4	87125001	89109000	2.3128	1032	0.6818	1.0667	NONE	NONE	BAF_WEIGHTED	1867	0.3935	87125001	87125001	0	2
chr4	89109001	89514000	1.6898	209	0.6571	1.1123	NONE	NONE	BAF_WEIGHTED	388	0.3801	89109001	89109001	0	2
chr4	89514001	91010000	2.6273	690	0.6667	0.9774	NONE	NONE	BAF_WEIGHTED	1403	0.3533	89514001	89514001	0	3
chr4	91010001	94204000	3.0623	1212	0.6675	0.9348	NONE	NONE	BAF_WEIGHTED	2903	0.3493	91010001	91010001	0	3
chr4	94204001	94442000	2.2413	133	0.6786	1.0688	NONE	NONE	BAF_WEIGHTED	215	0.3698	94204001	94204001	0	2
chr4	94442001	94625000	1.3034	142	0.6667	1.2929	NONE	NONE	BAF_WEIGHTED	180	0.3686	94442001	94442001	0	1
chr4	94625001	95646000	2.6138	762	0.6575	0.9526	NONE	NONE	BAF_WEIGHTED	969	0.3716	94625001	94625001	0	2
chr4	95646001	97936557	3.0846	1782	0.6733	0.9484	NONE	DEL	BAF_WEIGHTED	2112	0.3532	95646001	95646001	0	3
chr4	97936558	97936693	0.188	0	0	1	DEL	DEL	STRUCTURAL_VARIANT	0	0	97936558	97936558	0	0
chr4	97936694	98136000	3.3547	558	0.6774	0.9363	DEL	NONE	BAF_WEIGHTED	185	0.3612	97936694	97936694	0	3
chr4	98136001	99096500	2.1603	461	0.6774	1.0795	NONE	NONE	BAF_WEIGHTED	901	0.3925	98136001	98136001	0	2
chr4	99096501	99803000	2.827	456	0.6667	0.9554	NONE	NONE	BAF_WEIGHTED	630	0.3828	99094001	99099001	0	3
chr4	99803001	99957000	1.5377	56	0.6409	1.0896	NONE	NONE	BAF_WEIGHTED	150	0.3818	99803001	99803001	0	2
chr4	99957001	101009000	2.6511	339	0.6757	1.0002	NONE	NONE	BAF_WEIGHTED	999	0.3694	99957001	99957001	0	3
chr4	101009001	101358000	1.2653	194	0.6623	1.2904	NONE	NONE	BAF_WEIGHTED	345	0.3603	101009001	101009001	0	1
chr4	101358001	102293000	2.4811	512	0.6667	0.9957	NONE	NONE	BAF_WEIGHTED	863	0.3651	101358001	101358001	0	2
chr4	102293001	103200000	1.9173	492	0.6923	1.1834	NONE	NONE	BAF_WEIGHTED	769	0.3805	102293001	102293001	0	2
chr4	103200001	104727000	3.1069	1191	0.6765	0.9547	NONE	NONE	BAF_WEIGHTED	1355	0.3549	103200001	103200001	0	3
chr4	104727001	106372000	2.1738	824	0.6667	1.0422	NONE	NONE	BAF_WEIGHTED	1526	0.3647	104727001	104727001	0	2
chr4	106372001	107599000	2.9584	686	0.6667	0.9426	NONE	NONE	BAF_WEIGHTED	1121	0.3633	106372001	106372001	0	3
chr4	107599001	108174000	2.1333	160	0.6667	1.0493	NONE	NONE	BAF_WEIGHTED	549	0.3963	107599001	107599001	0	2
chr4	108174001	109403000	2.7154	525	0.6905	1.034	NONE	NONE	BAF_WEIGHTED	1173	0.3881	108174001	108174001	0	3
chr4	109403001	110212000	2.1809	188	0.6699	1.0514	NONE	NONE	BAF_WEIGHTED	748	0.3953	109403001	109403001	0	2
chr4	110212001	112079000	3.0855	1255	0.6818	0.9703	NONE	NONE	BAF_WEIGHTED	1700	0.3668	110212001	110212001	0	3
chr4	112079001	112326000	1.5278	87	0.6667	1.201	NONE	NONE	BAF_WEIGHTED	222	0.3828	112079001	112079001	0	2
chr4	112326001	113489452	2.6852	734	0.6774	1.0009	NONE	DUP	BAF_WEIGHTED	1112	0.3847	112326001	112326001	0	3
chr4	113489453	113788000	2.9608	110	0.7143	1.0687	DUP	NONE	BAF_WEIGHTED	291	0.3605	113489453	113489453	0	3
chr4	113788001	114041000	3.5771	162	0.7228	1.0278	NONE	NONE	BAF_WEIGHTED	236	0.3632	113788001	113788001	0	4
chr4	114041001	114858101	4.5436	574	0.7371	0.9934	NONE	DUP	BAF_WEIGHTED	778	0.3601	114041001	114041001	0	5
chr4	114858102	118209000	3.0573	2353	0.6667	0.9337	DUP	NONE	BAF_WEIGHTED	3162	0.3438	114858102	114858102	0	3
chr4	118209001	119760000	2.161	1539	0.6667	1.0492	NONE	NONE	BAF_WEIGHTED	1097	0.3738	118204001	118209001	0	2
chr4	119760001	121108000	2.9489	983	0.6765	0.9696	NONE	NONE	BAF_WEIGHTED	1262	0.3652	119760001	119760001	0	3
chr4	121108001	121275000	1.9403	49	0.7143	1.2551	NONE	NONE	BAF_WEIGHTED	162	0.3777	121108001	121108001	0	2
chr4	121275001	121644000	3.0013	98	0.6923	1.006	NONE	NONE	BAF_WEIGHTED	338	0.3777	121275001	121275001	0	3
chr4	121644001	123666000	2.2373	1116	0.6774	1.0657	NONE	NONE	BAF_WEIGHTED	1903	0.3799	121644001	121644001	0	2
chr4	123666001	127762000	2.9619	2445	0.6695	0.9513	NONE	NONE	BAF_WEIGHTED	3847	0.3566	123666001	123666001	0	3
chr4	127762001	129145000	2.4518	316	0.6757	1.0266	NONE	NONE	BAF_WEIGHTED	1295	0.394	127762001	127762001	0	2
chr4	129145001	137659000	3.0646	5764	0.6716	0.945	NONE	NONE	BAF_WEIGHTED	7765	0.345	129145001	129145001	0	3
chr4	137659001	138903000	1.8665	760	0.6296	0.9696	NONE	NONE	BAF_WEIGHTED	1181	0.373	137659001	137659001	0	2
chr4	138903001	140969000	1.3677	853	0.6296	1.0936	NONE	NONE	BAF_WEIGHTED	1955	0.4088	138903001	138903001	0	1
chr4	140969001	143334000	1.7704	1308	0.6286	0.9843	NONE	NONE	BAF_WEIGHTED	2213	0.3706	140969001	140969001	0	2
chr4	143334001	143563000	1.0056	109	0.6111	1.1521	NONE	NONE	BAF_WEIGHTED	216	0.3799	143334001	143334001	0	1
chr4	143563001	145041000	1.9673	519	0.6296	0.9522	NONE	NONE	BAF_WEIGHTED	1023	0.3731	143563001	143563001	0	2
chr4	145041001	145188000	0.9238	28	0.65	1	NONE	NONE	BAF_WEIGHTED	139	0.3709	145041001	145041001	0	1
chr4	145188001	145518000	1.818	118	0.6377	1.0084	NONE	NONE	BAF_WEIGHTED	294	0.3907	145188001	145188001	0	2
chr4	145518001	146526000	1.3534	500	0.6364	1.1299	NONE	NONE	BAF_WEIGHTED	943	0.3927	145518001	145518001	0	1
chr4	146526001	147507000	2.0646	89	0.6333	0.9494	NONE	NONE	BAF_WEIGHTED	892	0.3759	146526001	146526001	0	2
chr4	147507001	148453000	1.5162	190	0.6462	1.1181	NONE	NONE	BAF_WEIGHTED	912	0.3988	147507001	147507001	0	2
chr4	148453001	149959000	1.9753	695	0.6216	0.923	NONE	NONE	BAF_WEIGHTED	1394	0.3668	148453001	148453001	0	2
chr4	149959001	152289000	1.4027	942	0.625	1.0614	NONE	NONE	BAF_WEIGHTED	2236	0.3954	149959001	149959001	0	1
chr4	152289001	153661000	0.8555	506	0.6111	1	NONE	NONE	BAF_WEIGHTED	1333	0.4066	152289001	152289001	0	1
chr4	153661001	155350000	1.7874	943	0.625	0.9674	NONE	NONE	BAF_WEIGHTED	1590	0.3835	153661001	153661001	0	2
chr4	155350001	155827000	1.2442	341	0.619	1.0873	NONE	NONE	BAF_WEIGHTED	468	0.3745	155350001	155350001	0	1
chr4	155827001	158667000	1.6727	1144	0.6129	0.9434	NONE	NONE	BAF_WEIGHTED	2671	0.3601	155827001	155827001	0	2
chr4	158667001	159370000	0.9707	285	0.6176	1	NONE	NONE	BAF_WEIGHTED	667	0.3885	158667001	158667001	0	1
chr4	159370001	163327000	1.9228	1985	0.6207	0.9281	NONE	NONE	BAF_WEIGHTED	3745	0.3542	159370001	159370001	0	2
chr4	163327001	163708000	1.2566	54	0.6256	1.115	NONE	NONE	BAF_WEIGHTED	360	0.3683	163327001	163327001	0	1
chr4	163708001	165084000	1.9403	645	0.6207	0.9253	NONE	NONE	BAF_WEIGHTED	1226	0.3703	163708001	163708001	0	2
chr4	165084001	165498000	1.3415	382	0.625	1.0812	NONE	NONE	BAF_WEIGHTED	329	0.3954	165082001	165084001	0	1
chr4	165498001	168150000	1.9352	1339	0.619	0.9201	NONE	NONE	BAF_WEIGHTED	2472	0.3535	165498001	165498001	0	2
chr4	168150001	169771000	1.1311	666	0.625	1.1661	NONE	NONE	BAF_WEIGHTED	1554	0.3885	168150001	168150001	0	1
chr4	169771001	173149000	1.9264	753	0.6167	0.9159	NONE	NONE	BAF_WEIGHTED	3156	0.3651	169771001	169771001	0	2
chr4	173149001	173506000	0.8595	86	0.6364	1	NONE	NONE	BAF_WEIGHTED	348	0.3923	173149001	173149001	0	1
chr4	173506001	177288000	1.8061	2266	0.6207	0.9479	NONE	NONE	BAF_WEIGHTED	3606	0.3645	173506001	173506001	0	2
chr4	177288001	177581000	1.1859	55	0.6176	1.1032	NONE	NONE	BAF_WEIGHTED	285	0.3873	177288001	177288001	0	1
chr4	177581001	177699809	2.1416	62	0.5969	0.8184	NONE	DEL	BAF_WEIGHTED	114	0.3641	177581001	177581001	0	2
chr4	177699810	177699849	1.0065	0	0	0.8021	DEL	DEL	STRUCTURAL_VARIANT	0	0	177699810	177699810	0	1
chr4	177699850	180895524	2.0999	2379	0.6216	0.9051	DEL	DEL	BAF_WEIGHTED	3055	0.3547	177699850	177699850	0	2
chr4	180895525	180895569	0.5552	0	0	1	DEL	DEL	STRUCTURAL_VARIANT	0	0	180895525	180895525	0	1
chr4	180895570	182864000	2.1254	1420	0.625	0.913	DEL	NONE	BAF_WEIGHTED	1885	0.3861	180895570	180895570	0	2
chr4	182864001	184255000	1.7203	1130	0.619	0.9577	NONE	NONE	BAF_WEIGHTED	1327	0.4259	182864001	182864001	0	2
chr4	184255001	184484000	0.4545	123	0.6129	1	NONE	NONE	BAF_WEIGHTED	228	0.4431	184255001	184255001	0	0
chr4	184484001	185521000	1.2041	341	0.6429	1.224	NONE	NONE	BAF_WEIGHTED	981	0.4228	184484001	184484001	0	1
chr4	185521001	186249000	1.4813	510	0.6	0.9306	NONE	NONE	BAF_WEIGHTED	676	0.4113	185521001	185521001	0	1
chr4	186249001	190214555	1.9492	2842	0.6195	0.9186	NONE	TELOMERE	BAF_WEIGHTED	3191	0.397	186249001	186249001	0	2
chr5	1	5849476	3.9286	3907	0.5668	0.5376	TELOMERE	DEL	BAF_WEIGHTED	4742	0.453	1	1	2	2
chr5	5849477	5849516	2.6042	0	0	0.6976	DEL	DEL	STRUCTURAL_VARIANT	0	0	5849477	5849477	1	2
chr5	5849517	7847000	3.6033	1671	0.5625	0.5551	DEL	NONE	BAF_WEIGHTED	1875	0.4239	5849517	5849517	2	2
chr5	7847001	7902000	1.799	37	0.5484	0.5559	NONE	NONE	BAF_WEIGHTED	53	0.4091	7847001	7847001	1	1
chr5	7902001	10239000	3.8193	1675	0.5641	0.5237	NONE	NONE	BAF_WEIGHTED	2217	0.3975	7902001	7902001	2	2
chr5	10239001	10773000	2.7384	284	0.5679	0.6348	NONE	NONE	BAF_WEIGHTED	515	0.4565	10239001	10239001	1	2
chr5	10773001	14141000	3.8395	2284	0.5604	0.5203	NONE	NONE	BAF_WEIGHTED	3253	0.3809	10773001	10773001	2	2
chr5	14141001	14288000	1.8545	111	0.5676	0.5392	NONE	NONE	BAF_WEIGHTED	145	0.4199	14141001	14141001	1	1
chr5	14288001	15036000	2.6316	313	0.5714	0.62	NONE	NONE	BAF_WEIGHTED	724	0.4333	14288001	14288001	1	2
chr5	15036001	16434000	4.0194	646	0.5652	0.5024	NONE	NONE	BAF_WEIGHTED	1318	0.3923	15036001	15036001	2	2
chr5	16434001	17238000	3.0132	541	0.5652	0.6637	NONE	NONE	BAF_WEIGHTED	769	0.4361	16434001	16434001	1	2
chr5	17238001	18683000	3.8046	631	0.5667	0.5257	NONE	NONE	BAF_WEIGHTED	1244	0.3726	17238001	17238001	2	2
chr5	18683001	18778000	2.3199	12	0.5926	0.788	NONE	NONE	BAF_WEIGHTED	93	0.3522	18683001	18683001	0	2
chr5	18778001	24620691	3.6174	2865	0.5655	0.5533	NONE	DEL	BAF_WEIGHTED	4965	0.3502	18778001	18778001	2	2
chr5	24620692	24620723	2.543	0	0	0.7848	DEL	DEL	STRUCTURAL_VARIANT	0	0	24620692	24620692	1	2
chr5	24620724	31391000	3.7247	3794	0.5625	0.5358	DEL	NONE	BAF_WEIGHTED	6378	0.3491	24620724	24620724	2	2
chr5	31391001	32122000	3.1832	385	0.5676	0.6283	NONE	NONE	BAF_WEIGHTED	717	0.4377	31391001	31391001	1	2
chr5	32122001	32617000	2.1095	139	0.5833	0.7767	NONE	NONE	BAF_WEIGHTED	473	0.4272	32122001	32122001	0	2
chr5	32617001	33598000	3.8598	557	0.5588	0.5182	NONE	NONE	BAF_WEIGHTED	889	0.3954	32617001	32617001	2	2
chr5	33598001	36869000	3.095	1331	0.5676	0.6462	NONE	NONE	BAF_WEIGHTED	2766	0.4	33598001	33598001	1	2
chr5	36869001	36881000	-0.6859	0	0	1	NONE	NONE	BAF_WEIGHTED	11	0.3882	36869001	36869001	0	-1
chr5	36881001	37067000	1.9491	2	0.7132	1.249	NONE	NONE	BAF_WEIGHTED	179	0.3461	36881001	36881001	0	2
chr5	37067001	37768000	3.1109	23	0.5581	0.6429	NONE	NONE	BAF_WEIGHTED	611	0.3929	37067001	37067001	1	2
chr5	37768001	38367000	4.0416	395	0.5641	0.5052	NONE	NONE	BAF_WEIGHTED	573	0.4161	37768001	37768001	2	2
chr5	38367001	38935000	3.2876	226	0.5714	0.6083	NONE	NONE	BAF_WEIGHTED	548	0.4138	38367001	38367001	1	2
chr5	38935001	39649000	2.5645	382	0.5714	0.6101	NONE	NONE	BAF_WEIGHTED	679	0.3744	38935001	38935001	1	2
chr5	39649001	40649000	3.4087	776	0.5667	0.5867	NONE	NONE	BAF_WEIGHTED	928	0.3687	39649001	39649001	1	2
chr5	40649001	40872000	2.466	22	0.6056	0.8151	NONE	NONE	BAF_WEIGHTED	206	0.4014	40649001	40649001	0	2
chr5	40872001	41740000	3.9495	253	0.5593	0.5064	NONE	NONE	BAF_WEIGHTED	805	0.3782	40872001	40872001	2	2
chr5	41740001	41948000	2.3128	1	0.52	0.5676	NONE	NONE	BAF_WEIGHTED	195	0.3741	41740001	41740001	1	1
chr5	41948001	42573000	3.7768	87	0.5517	0.5295	NONE	NONE	BAF_WEIGHTED	570	0.3734	41948001	41948001	2	2
chr5	42573001	43731000	2.7563	503	0.5679	0.6546	NONE	NONE	BAF_WEIGHTED	954	0.4006	42573001	42573001	1	2
chr5	43731001	45840000	4.0393	573	0.5625	0.5049	NONE	NONE	BAF_WEIGHTED	1909	0.3589	43731001	43731001	2	2
chr5	45840001	48272853	5.0274	948	0.5588	0.5966	NONE	CENTROMERE	BAF_WEIGHTED	509	0.3614	45840001	45840001	2	3
chr5	48272854	52648000	3.4762	1992	0.5652	0.5753	CENTROMERE	NONE	BAF_WEIGHTED	1969	0.3544	48272854	48272854	1	2
chr5	52648001	53183000	2.4498	536	0.5667	0.5918	NONE	NONE	BAF_WEIGHTED	502	0.3764	52648001	52648001	1	1
chr5	53183001	54062000	3.4198	490	0.5625	0.5848	NONE	NONE	BAF_WEIGHTED	799	0.3862	53183001	53183001	1	2
chr5	54062001	56354000	2.7146	1142	0.5667	0.6316	NONE	NONE	BAF_WEIGHTED	2142	0.403	54062001	54062001	1	2
chr5	56354001	56382000	1.2629	4	0.5278	0.7918	NONE	NONE	BAF_WEIGHTED	26	0.4039	56354001	56354001	0	1
chr5	56382001	56874384	0.7284	370	0.6165	1	NONE	DEL	BAF_WEIGHTED	473	0.4096	56382001	56382001	0	1
chr5	56874385	56930667	-0.5322	47	0.6	1	DEL	DEL	BAF_WEIGHTED	52	0.3794	56874385	56874385	0	-1
chr5	56930668	61253000	1.6181	2135	0.6333	1.0358	DEL	NONE	BAF_WEIGHTED	4018	0.3823	56930668	56930668	0	2
chr5	61253001	61692000	1.1879	84	0.625	1.1403	NONE	NONE	BAF_WEIGHTED	426	0.4085	61253001	61253001	0	1
chr5	61692001	62236500	2.1305	365	0.6316	0.9341	NONE	NONE	BAF_WEIGHTED	508	0.4071	61692001	61692001	0	2
chr5	62236501	62643000	1.174	301	0.6296	1.1702	NONE	NONE	BAF_WEIGHTED	367	0.3867	62216001	62257001	0	1
chr5	62643001	64495000	2.2032	851	0.6279	0.9122	NONE	NONE	BAF_WEIGHTED	1660	0.3699	62643001	62643001	0	2
chr5	64495001	66185000	1.4138	720	0.642	1.1336	NONE	NONE	BAF_WEIGHTED	1592	0.3754	64495001	64495001	0	1
chr5	66185001	66983000	1.8577	708	0.6352	0.9917	NONE	NONE	BAF_WEIGHTED	760	0.3992	66185001	66185001	0	2
chr5	66983001	67270000	0.6395	23	0.6087	1	NONE	NONE	BAF_WEIGHTED	275	0.3988	66983001	66983001	0	1
chr5	67270001	68211000	1.5019	690	0.6207	1.0142	NONE	NONE	BAF_WEIGHTED	846	0.3849	67270001	67270001	0	2
chr5	68211001	68466000	0.5124	118	0.6172	1	NONE	NONE	BAF_WEIGHTED	250	0.4052	68211001	68211001	0	1
chr5	68466001	72230000	1.6671	560	0.6229	0.9786	NONE	NONE	BAF_WEIGHTED	1760	0.4111	68466001	68466001	0	2
chr5	72230001	72325000	0.5819	17	0.6129	1	NONE	NONE	BAF_WEIGHTED	94	0.3874	72230001	72230001	0	1
chr5	72325001	75730000	1.5145	1857	0.6311	1.0774	NONE	NONE	BAF_WEIGHTED	3220	0.4025	72325001	72325001	0	2
chr5	75730001	76253000	2.3116	595	0.6562	0.9871	NONE	NONE	BAF_WEIGHTED	462	0.3929	75730001	75730001	0	2
chr5	76253001	76759000	1.0048	271	0.6316	1.2729	NONE	NONE	BAF_WEIGHTED	486	0.4134	76253001	76253001	0	1
chr5	76759001	77691000	1.8605	347	0.64	1.0085	NONE	NONE	BAF_WEIGHTED	864	0.4103	76759001	76759001	0	2
chr5	77691001	81712000	1.3967	2766	0.6323	1.1043	NONE	NONE	BAF_WEIGHTED	3755	0.4004	77691001	77691001	0	1
chr5	81712001	81858000	0.6371	74	0.5909	1	NONE	NONE	BAF_WEIGHTED	140	0.3957	81712001	81712001	0	1
chr5	81858001	83596000	1.5516	695	0.6296	1.0386	NONE	NONE	BAF_WEIGHTED	1608	0.3772	81858001	81858001	0	2
chr5	83596001	86960000	2.0527	2463	0.6302	0.9298	NONE	NONE	BAF_WEIGHTED	3132	0.3486	83596001	83596001	0	2
chr5	86960001	87417000	0.8309	41	0.6316	1	NONE	NONE	BAF_WEIGHTED	433	0.3691	86960001	86960001	0	1
chr5	87417001	88080000	1.9054	285	0.6087	0.888	NONE	NONE	BAF_WEIGHTED	605	0.3598	87417001	87417001	0	2
chr5	88080001	91101000	1.147	723	0.6098	1.0786	NONE	NONE	BAF_WEIGHTED	2823	0.3643	88080001	88080001	0	1
chr5	91101001	91458000	0.5386	149	0.6087	1	NONE	NONE	BAF_WEIGHTED	353	0.3968	91101001	91101001	0	1
chr5	91458001	93559000	1.5476	1003	0.6071	0.946	NONE	NONE	BAF_WEIGHTED	1978	0.3544	91458001	91458001	0	1
chr5	93559001	96347000	1.0723	912	0.6256	1.1992	NONE	NONE	BAF_WEIGHTED	2646	0.375	93559001	93559001	0	1
chr5	96347001	96583000	2.1091	268	0.6619	1.0378	NONE	NONE	BAF_WEIGHTED	212	0.3903	96347001	96347001	0	2
chr5	96583001	97187000	0.954	498	0.6441	1	NONE	NONE	BAF_WEIGHTED	593	0.3912	96583001	96583001	0	1
chr5	97187001	98767000	2.2699	756	0.64	0.942	NONE	NONE	BAF_WEIGHTED	1407	0.3654	97187001	97187001	0	2
chr5	98767001	99069000	1.0048	266	0.6395	1.319	NONE	NONE	BAF_WEIGHTED	283	0.384	98767001	98767001	0	1
chr5	99069001	100532000	2.092	234	0.619	0.8975	NONE	NONE	BAF_WEIGHTED	1101	0.3487	99069001	99069001	0	2
chr5	100532001	100814000	1.226	116	0.6667	1.3325	NONE	NONE	BAF_WEIGHTED	254	0.356	100532001	100532001	0	1
chr5	100814001	100910000	0.2242	3	0.6364	1	NONE	NONE	BAF_WEIGHTED	95	0.3435	100814001	100814001	0	0
chr5	100910001	102751000	1.9371	1311	0.6333	0.9702	NONE	NONE	BAF_WEIGHTED	1659	0.3517	100910001	100910001	0	2
chr5	102751001	102878000	0.5656	75	0.64	1	NONE	NONE	BAF_WEIGHTED	123	0.3678	102751001	102751001	0	1
chr5	102878001	103565000	1.515	449	0.6333	1.0641	NONE	NONE	BAF_WEIGHTED	668	0.3643	102878001	102878001	0	2
chr5	103565001	104068000	2.1436	300	0.6364	0.948	NONE	NONE	BAF_WEIGHTED	483	0.3672	103565001	103565001	0	2
chr5	104068001	107242000	1.6036	1948	0.6	0.905	NONE	NONE	BAF_WEIGHTED	3000	0.3429	104068001	104068001	0	1
chr5	107242001	110112000	0.9627	2232	0.6087	1	NONE	NONE	BAF_WEIGHTED	2728	0.3764	107242001	107242001	0	1
chr5	110112001	111060000	1.5035	479	0.6176	1.0006	NONE	NONE	BAF_WEIGHTED	861	0.3648	110112001	110112001	0	2
chr5	111060001	113616000	0.986	940	0.6089	1.0628	NONE	NONE	BAF_WEIGHTED	2405	0.3904	111060001	111060001	0	1
chr5	113616001	114378000	1.9419	581	0.619	0.9191	NONE	NONE	BAF_WEIGHTED	703	0.3816	113616001	113616001	0	2
chr5	114378001	114410000	3.4921	23	0.6042	0.7503	NONE	NONE	BAF_WEIGHTED	31	0.3783	114378001	114378001	1	3
chr5	114410001	115168000	3.6581	356	0.5625	0.5467	NONE	NONE	BAF_WEIGHTED	679	0.3834	114410001	114410001	2	2
chr5	115168001	115598000	2.4438	205	0.5714	0.5908	NONE	NONE	BAF_WEIGHTED	399	0.387	115168001	115168001	1	1
chr5	115598001	115636000	1.2089	3	0.6364	1.1889	NONE	NONE	BAF_WEIGHTED	37	0.3787	115598001	115598001	0	1
chr5	115636001	116780000	3.0807	943	0.5676	0.6492	NONE	NONE	BAF_WEIGHTED	1082	0.3899	115636001	115636001	1	2
chr5	116780001	118980000	3.5294	1655	0.5641	0.5667	NONE	NONE	BAF_WEIGHTED	2072	0.3647	116780001	116780001	2	2
chr5	118980001	119267000	2.8901	101	0.5556	0.692	NONE	NONE	BAF_WEIGHTED	275	0.3777	118980001	118980001	1	2
chr5	119267001	119430500	1.2438	108	0.5714	0.804	NONE	NONE	BAF_WEIGHTED	153	0.4162	119267001	119267001	0	1
chr5	119430501	121689000	3.4209	1278	0.5625	0.5846	NONE	NONE	BAF_WEIGHTED	2064	0.3553	119430001	119431001	1	2
chr5	121689001	122204000	2.6693	293	0.5652	0.6254	NONE	NONE	BAF_WEIGHTED	491	0.3653	121689001	121689001	1	2
chr5	122204001	123341000	3.6517	696	0.5641	0.5477	NONE	NONE	BAF_WEIGHTED	1040	0.3913	122204001	122204001	2	2
chr5	123341001	123612000	2.2961	197	0.5676	0.5645	NONE	NONE	BAF_WEIGHTED	261	0.3593	123341001	123341001	1	1
chr5	123612001	124574000	3.1117	663	0.5667	0.6427	NONE	NONE	BAF_WEIGHTED	916	0.3793	123612001	123612001	1	2
chr5	124574001	125067000	2.584	355	0.5641	0.613	NONE	NONE	BAF_WEIGHTED	480	0.4012	124574001	124574001	1	2
chr5	125067001	126335000	3.4572	319	0.5714	0.5785	NONE	NONE	BAF_WEIGHTED	1183	0.3685	125067001	125067001	1	2
chr5	126335001	126544000	1.8879	174	0.5625	0.5297	NONE	NONE	BAF_WEIGHTED	204	0.3981	126335001	126335001	1	1
chr5	126544001	128229000	2.8194	710	0.5667	0.7094	NONE	NONE	BAF_WEIGHTED	1585	0.3961	126544001	126544001	1	2
chr5	128229001	131159000	3.4325	1834	0.5667	0.5827	NONE	NONE	BAF_WEIGHTED	2691	0.3654	128229001	128229001	1	2
chr5	131159001	131651000	1.9923	8	0.6019	0.8525	NONE	NONE	BAF_WEIGHTED	474	0.3876	131159001	131159001	0	2
chr5	131651001	132367000	3.1808	10	0.5613	0.6288	NONE	NONE	BAF_WEIGHTED	655	0.4306	131651001	131651001	1	2
chr5	132367001	132502000	1.135	2	0.5454	0.881	NONE	NONE	BAF_WEIGHTED	127	0.4828	132367001	132367001	0	1
chr5	132502001	133126000	2.8179	197	0.5714	0.7098	NONE	NONE	BAF_WEIGHTED	587	0.4303	132502001	132502001	1	2
chr5	133126001	133909735	3.697	582	0.56	0.541	NONE	BND	BAF_WEIGHTED	745	0.4622	133126001	133126001	2	2
chr5	133909736	135502000	1.4278	541	0.6469	1.1501	BND	NONE	BAF_WEIGHTED	1519	0.4584	133909736	133909736	0	1
chr5	135502001	135785000	2.3112	234	0.641	0.9397	NONE	NONE	BAF_WEIGHTED	271	0.4497	135502001	135502001	0	2
chr5	135785001	136193000	1.6163	134	0.64	1.0639	NONE	NONE	BAF_WEIGHTED	401	0.4283	135779001	135785001	0	2
chr5	136193001	137619000	2.2144	629	0.6484	0.9765	NONE	NONE	BAF_WEIGHTED	1317	0.4141	136192001	136194001	0	2
chr5	137619001	139261000	1.3376	451	0.6316	1.1134	NONE	NONE	BAF_WEIGHTED	1549	0.4359	137619001	137619001	0	1
chr5	139261001	139713000	0.9317	3	0.5833	1	NONE	NONE	BAF_WEIGHTED	407	0.4791	139261001	139261001	0	1
chr5	139713001	140104000	1.8704	5	0.6087	0.8933	NONE	NONE	BAF_WEIGHTED	372	0.474	139713001	139713001	0	2
chr5	140104001	140714000	1.066	296	0.6348	1.2543	NONE	NONE	BAF_WEIGHTED	575	0.4354	140104001	140104001	0	1
chr5	140714001	141473000	2.5175	394	0.6481	0.9292	NONE	NONE	BAF_WEIGHTED	649	0.3941	140714001	140714001	0	2
chr5	141473001	141653000	0.7102	23	0.6	1	NONE	NONE	BAF_WEIGHTED	175	0.4486	141473001	141473001	0	1
chr5	141653001	142707000	1.4416	353	0.65	1.1595	NONE	NONE	BAF_WEIGHTED	1018	0.4615	141653001	141653001	0	1
chr5	142707001	143438000	0.9357	242	0.6415	1	NONE	NONE	BAF_WEIGHTED	711	0.4127	142707001	142707001	0	1
chr5	143438001	144137000	1.8601	433	0.6571	1.0707	NONE	NONE	BAF_WEIGHTED	675	0.3905	143438001	143438001	0	2
chr5	144137001	144205000	0.9103	61	0.6538	1	NONE	NONE	BAF_WEIGHTED	67	0.3707	144137001	144137001	0	1
chr5	144205001	145661000	2.2786	968	0.64	0.9408	NONE	NONE	BAF_WEIGHTED	1328	0.3711	144205001	144205001	0	2
chr5	145661001	149341000	1.7199	1571	0.6389	1.0343	NONE	NONE	BAF_WEIGHTED	3480	0.3966	145661001	145661001	0	2
chr5	149341001	150806000	1.2883	788	0.6296	1.1222	NONE	NONE	BAF_WEIGHTED	1405	0.4758	149341001	149341001	0	1
chr5	150806001	151016000	2.2957	193	0.625	0.8916	NONE	NONE	BAF_WEIGHTED	194	0.3881	150806001	150806001	0	2
chr5	151016001	151258000	0.7761	213	0.6538	1	NONE	NONE	BAF_WEIGHTED	240	0.482	151016001	151016001	0	1
chr5	151258001	151829000	1.3828	543	0.6296	1.0885	NONE	NONE	BAF_WEIGHTED	551	0.4396	151258001	151258001	0	1
chr5	151829001	153964000	2.335	1055	0.6471	0.9556	NONE	NONE	BAF_WEIGHTED	1949	0.3913	151829001	151829001	0	2
chr5	153964001	154514000	1.2319	256	0.6382	1.1875	NONE	NONE	BAF_WEIGHTED	531	0.4364	153964001	153964001	0	1
chr5	154514001	154672000	2.0118	88	0.6342	0.961	NONE	NONE	BAF_WEIGHTED	147	0.4629	154514001	154514001	0	2
chr5	154672001	154974000	0.9857	78	0.6229	1	NONE	NONE	BAF_WEIGHTED	295	0.4458	154672001	154672001	0	1
chr5	154974001	157105000	1.8416	1420	0.6277	0.9662	NONE	NONE	BAF_WEIGHTED	1983	0.3941	154974001	154974001	0	2
chr5	157105001	157861000	1.033	563	0.6452	1.3335	NONE	NONE	BAF_WEIGHTED	720	0.4268	157105001	157105001	0	1
chr5	157861001	159155000	1.5464	794	0.6429	1.0954	NONE	NONE	BAF_WEIGHTED	1246	0.4073	157861001	157861001	0	2
chr5	159155001	159215000	0.0836	25	0.6129	1	NONE	NONE	BAF_WEIGHTED	56	0.3709	159155001	159155001	0	0
chr5	159215001	160391000	1.5734	713	0.6333	1.0481	NONE	NONE	BAF_WEIGHTED	1142	0.4307	159215001	159215001	0	2
chr5	160391001	160491000	0.3282	67	0.6429	1	NONE	NONE	BAF_WEIGHTED	99	0.4093	160391001	160391001	0	0
chr5	160491001	161550500	1.6854	435	0.6207	0.9714	NONE	NONE	BAF_WEIGHTED	983	0.3858	160491001	160491001	0	2
chr5	161550501	163401000	2.1095	918	0.6211	0.9024	NONE	NONE	BAF_WEIGHTED	1701	0.3609	161550001	161551001	0	2
chr5	163401001	163521000	0.7284	53	0.6087	1	NONE	NONE	BAF_WEIGHTED	113	0.3793	163401001	163401001	0	1
chr5	163521001	168266000	2.1015	2226	0.6296	0.9316	NONE	NONE	BAF_WEIGHTED	4574	0.3741	163521001	163521001	0	2
chr5	168266001	168683000	1.3646	323	0.6154	1.0295	NONE	NONE	BAF_WEIGHTED	393	0.4493	168266001	168266001	0	1
chr5	168683001	169567000	1.9161	478	0.6321	0.9699	NONE	NONE	BAF_WEIGHTED	866	0.4333	168683001	168683001	0	2
chr5	169567001	170439000	1.278	388	0.6452	1.2015	NONE	NONE	BAF_WEIGHTED	842	0.4393	169567001	169567001	0	1
chr5	170439001	171860000	1.8826	817	0.6305	0.9704	NONE	NONE	BAF_WEIGHTED	1333	0.4356	170439001	170439001	0	2
chr5	171860001	172011000	0.6875	6	0.6427	1	NONE	NONE	BAF_WEIGHTED	146	0.3993	171860001	171860001	0	1
chr5	172011001	173160000	1.3213	743	0.6364	1.1419	NONE	NONE	BAF_WEIGHTED	1114	0.4722	172011001	172011001	0	1
chr5	173160001	173604000	2.042	179	0.6364	0.9635	NONE	NONE	BAF_WEIGHTED	423	0.462	173160001	173160001	0	2
chr5	173604001	173842144	1.0652	123	0.619	1.166	NONE	DUP	BAF_WEIGHTED	237	0.4689	173604001	173604001	0	1
chr5	173842145	173936056	1.328	83	0.6552	1.2274	DUP	DUP	BAF_WEIGHTED	93	0.4126	173842145	173842145	0	1
chr5	173936057	173976000	0.5259	39	0.6087	1	DUP	NONE	BAF_WEIGHTED	39	0.4031	173936057	173936057	0	1
chr5	173976001	176314000	2.1968	1424	0.6389	0.9485	NONE	NONE	BAF_WEIGHTED	1914	0.4414	173976001	173976001	0	2
chr5	176314001	176548000	1.278	142	0.6296	1.1262	NONE	NONE	BAF_WEIGHTED	215	0.4696	176314001	176314001	0	1
chr5	176548001	176901000	2.1611	80	0.6233	0.9027	NONE	NONE	BAF_WEIGHTED	297	0.5373	176548001	176548001	0	2
chr5	176901001	177611000	1.0886	236	0.6333	1.2329	NONE	NONE	BAF_WEIGHTED	624	0.4846	176901001	176901001	0	1
chr5	177611001	178586000	2.0217	698	0.6333	0.9561	NONE	NONE	BAF_WEIGHTED	534	0.5015	177611001	177611001	0	2
chr5	178586001	178645000	1.22	50	0.683	1.4175	NONE	NONE	BAF_WEIGHTED	57	0.4184	178585001	178586001	0	1
chr5	178645001	179489000	2.3833	692	0.6229	0.8756	NONE	NONE	BAF_WEIGHTED	724	0.485	178645001	178645001	0	2
chr5	179489001	180180000	1.4027	421	0.625	1.0614	NONE	NONE	BAF_WEIGHTED	584	0.4812	179489001	179489001	0	1
chr5	180180001	180784000	1.9633	543	0.6154	0.9032	NONE	NONE	BAF_WEIGHTED	513	0.4702	180180001	180180001	0	2
chr5	180784001	180878000	0.5188	32	0.6154	1	NONE	NONE	BAF_WEIGHTED	85	0.4637	180784001	180784001	0	1
chr5	180878001	181538259	2.2548	273	0.6216	0.8858	NONE	TELOMERE	BAF_WEIGHTED	172	0.4435	180878001	180878001	0	2
chr6	1	733000	5.8978	191	0.5749	0.6007	TELOMERE	NONE	BAF_WEIGHTED	420	0.4319	1	1	2	4
chr6	733001	1518000	7.0229	364	0.5789	0.6339	NONE	NONE	BAF_WEIGHTED	737	0.4399	733001	733001	3	4
chr6	1518001	2249000	3.9781	193	0.5714	0.5028	NONE	NONE	BAF_WEIGHTED	693	0.4185	1518001	1518001	2	2
chr6	2249001	4683256	5.4568	1805	0.575	0.5498	NONE	DEL	BAF_WEIGHTED	2274	0.4393	2249001	2249001	2	3
chr6	4683257	4683293	3.7569	0	0	0.654	DEL	DEL	STRUCTURAL_VARIANT	0	0	4683257	4683257	1	2
chr6	4683294	5769451	5.0848	638	0.5754	0.59	DEL	INV	BAF_WEIGHTED	1046	0.4225	4683294	4683294	2	3
chr6	5769452	5769477	4.4002	0	0	0.5262	INV	INV	STRUCTURAL_VARIANT	0	0	5769452	5769452	2	2
chr6	5769478	5791156	5.4374	4	0.6251	0.7378	INV	INV	BAF_WEIGHTED	16	0.4968	5769478	5769478	1	4
chr6	5791157	5791167	5.002	0	0	0.7609	INV	INV	STRUCTURAL_VARIANT	0	0	5791157	5791157	1	4
chr6	5791168	6461000	6.2885	540	0.5762	0.6053	INV	NONE	BAF_WEIGHTED	597	0.4174	5791168	5791168	2	4
chr6	6461001	6660000	5.1932	169	0.5625	0.5777	NONE	NONE	BAF_WEIGHTED	194	0.4255	6461001	6461001	2	3
chr6	6660001	7315500	3.6065	321	0.5676	0.5546	NONE	NONE	BAF_WEIGHTED	628	0.4551	6660001	6660001	2	2
chr6	7315501	11193000	5.1218	1818	0.5621	0.5813	NONE	NONE	BAF_WEIGHTED	3705	0.3998	7315001	7316001	2	3
chr6	11193001	11280000	2.227	45	0.5455	0.551	NONE	NONE	BAF_WEIGHTED	87	0.4317	11193001	11193001	1	1
chr6	11280001	12387000	4.2275	692	0.5633	0.5269	NONE	NONE	BAF_WEIGHTED	1060	0.405	11280001	11280001	2	2
chr6	12387001	13268000	5.7225	497	0.5652	0.5242	NONE	NONE	BAF_WEIGHTED	850	0.4012	12387001	12387001	3	3
chr6	13268001	13931000	3.8852	383	0.5625	0.5148	NONE	NONE	BAF_WEIGHTED	638	0.4273	13268001	13268001	2	2
chr6	13931001	15239000	4.7897	372	0.5641	0.6263	NONE	NONE	BAF_WEIGHTED	1282	0.4353	13931001	13931001	2	3
chr6	15239001	15487000	3.5254	29	0.5714	0.5673	NONE	NONE	BAF_WEIGHTED	243	0.4277	15239001	15239001	2	2
chr6	15487001	16668000	4.395	334	0.5556	0.5449	NONE	NONE	BAF_WEIGHTED	1128	0.425	15487001	15487001	2	2
chr6	16668001	16777000	3.064	39	0.5676	0.6527	NONE	NONE	BAF_WEIGHTED	103	0.4045	16668001	16668001	1	2
chr6	16777001	17289000	5.404	291	0.5556	0.5551	NONE	NONE	BAF_WEIGHTED	496	0.4065	16777001	16777001	2	3
chr6	17289001	17576000	3.7922	163	0.5922	0.7114	NONE	NONE	BAF_WEIGHTED	279	0.4237	17289001	17289001	1	3
chr6	17576001	18324000	2.9981	236	0.5903	0.7378	NONE	NONE	BAF_WEIGHTED	726	0.4176	17576001	17576001	1	2
chr6	18324001	18507000	2.0058	260	0.5806	0.7774	NONE	NONE	BAF_WEIGHTED	176	0.4039	18324001	18324001	0	2
chr6	18507001	18674535	3.4031	205	0.5938	0.7288	NONE	DUP	BAF_WEIGHTED	163	0.3946	18507001	18507001	1	2
chr6	18674536	18716255	5.3329	23	0.7105	0.9038	DUP	DUP	BAF_WEIGHTED	41	0.3662	18674536	18674536	1	5
chr6	18716256	20090000	3.4222	1035	0.5926	0.7251	DUP	NONE	BAF_WEIGHTED	1285	0.3825	18716256	18716256	1	2
chr6	20090001	22115000	2.5959	1011	0.5909	0.7624	NONE	NONE	BAF_WEIGHTED	1962	0.4056	20090001	20090001	1	2
chr6	22115001	23153000	3.2205	832	0.5938	0.7364	NONE	NONE	BAF_WEIGHTED	981	0.3725	22115001	22115001	1	2
chr6	23153001	23589256	5.1973	253	0.6511	0.7922	NONE	DEL	BAF_WEIGHTED	411	0.37	23153001	23153001	1	4
chr6	23589257	23591092	1.5512	0	0	0.6824	DEL	DEL	BAF_WEIGHTED	1	0.402	23589257	23589257	0	1
chr6	23591093	24355000	5.4175	688	0.66	0.8046	DEL	NONE	BAF_WEIGHTED	710	0.3786	23591093	23591093	1	4
chr6	24355001	25120000	4.2247	597	0.661	0.8476	NONE	NONE	BAF_WEIGHTED	732	0.4148	24355001	24355001	1	4
chr6	25120001	25456000	3.1443	235	0.6429	0.8654	NONE	NONE	BAF_WEIGHTED	319	0.4022	25120001	25120001	0	3
chr6	25456001	25960000	4.4991	267	0.6471	0.8072	NONE	NONE	BAF_WEIGHTED	498	0.3873	25456001	25456001	1	4
chr6	25960001	26288000	2.4573	145	0.6471	0.9402	NONE	NONE	BAF_WEIGHTED	318	0.4187	25960001	25960001	0	2
chr6	26288001	26599000	3.2999	292	0.6573	0.8908	NONE	NONE	BAF_WEIGHTED	297	0.4341	26288001	26288001	0	3
chr6	26599001	27125000	4.8056	379	0.6809	0.8652	NONE	NONE	BAF_WEIGHTED	172	0.3885	26599001	26599001	1	4
chr6	27125001	27149000	1.5194	12	0.6899	1.3019	NONE	NONE	BAF_WEIGHTED	22	0.418	27125001	27125001	0	2
chr6	27149001	27339000	3.9583	125	0.6279	0.7861	NONE	NONE	BAF_WEIGHTED	187	0.4216	27149001	27149001	1	3
chr6	27339001	27465000	5.9937	173	0.6607	0.792	NONE	NONE	BAF_WEIGHTED	123	0.4005	27339001	27339001	1	5
chr6	27465001	27805000	4.3097	185	0.6316	0.7811	NONE	NONE	BAF_WEIGHTED	330	0.4203	27465001	27465001	1	3
chr6	27805001	27905000	1.9633	0	0	0.5104	NONE	NONE	BAF_WEIGHTED	89	0.4171	27805001	27805001	1	1
chr6	27905001	28863000	4.9675	264	0.6493	0.7983	NONE	NONE	BAF_WEIGHTED	903	0.4023	27905001	27905001	1	4
chr6	28863001	29018000	3.5008	138	0.6448	0.8473	NONE	NONE	BAF_WEIGHTED	146	0.4334	28863001	28863001	1	3
chr6	29018001	29541000	6.0961	339	0.6667	0.8006	NONE	NONE	BAF_WEIGHTED	472	0.3818	29018001	29018001	1	5
chr6	29541001	29857748	4.4812	626	0.6667	0.8489	NONE	DEL	BAF_WEIGHTED	290	0.4509	29541001	29541001	1	4
chr6	29857749	29857797	2.8092	0	0	0.6812	DEL	DEL	STRUCTURAL_VARIANT	0	0	29857749	29857749	1	2
chr6	29857798	30480000	4.9382	849	0.66	0.8186	DEL	NONE	BAF_WEIGHTED	555	0.4378	29857798	29857798	1	4
chr6	30480001	30917000	3.8471	273	0.6667	0.8789	NONE	NONE	BAF_WEIGHTED	408	0.4814	30480001	30480001	0	3
chr6	30917001	31067000	5.5355	226	0.6794	0.8361	NONE	NONE	BAF_WEIGHTED	141	0.4728	30917001	30917001	1	5
chr6	31067001	32175000	4.5341	2374	0.6826	0.8775	NONE	NONE	BAF_WEIGHTED	915	0.4881	31066001	31068001	1	4
chr6	32175001	32196500	1.2399	2	0.5064	0.8065	NONE	NONE	BAF_WEIGHTED	14	0.5496	32175001	32175001	0	1
chr6	32196501	32565000	5.4523	537	0.6729	0.8241	NONE	NONE	BAF_WEIGHTED	259	0.4129	32196001	32197001	1	4
chr6	32565001	32680000	3.1387	87	0.6	0.756	NONE	NONE	BAF_WEIGHTED	57	0.3926	32555001	32574001	1	2
chr6	32680001	32811000	5.275	3	0.5854	0.6647	NONE	NONE	BAF_WEIGHTED	127	0.3887	32637001	32680001	2	4
chr6	32811001	33791000	4.1365	1224	0.6538	0.8359	NONE	NONE	BAF_WEIGHTED	898	0.4787	32811001	32811001	1	3
chr6	33791001	34160000	5.9367	242	0.6706	0.814	NONE	NONE	BAF_WEIGHTED	342	0.5307	33791001	33791001	1	5
chr6	34160001	37813000	3.9372	1824	0.6501	0.8371	NONE	NONE	BAF_WEIGHTED	3492	0.4624	34160001	34160001	1	3
chr6	37813001	38095000	2.8024	245	0.6279	0.8514	NONE	NONE	BAF_WEIGHTED	280	0.3852	37813001	37813001	0	2
chr6	38095001	39432000	3.9495	1033	0.6346	0.8015	NONE	NONE	BAF_WEIGHTED	1293	0.4261	38095001	38095001	1	3
chr6	39432001	41020000	4.7754	733	0.6458	0.7953	NONE	NONE	BAF_WEIGHTED	1533	0.4411	39432001	39432001	1	4
chr6	41020001	41087156	3.1911	0	0	0.6937	NONE	DUP	BAF_WEIGHTED	64	0.4566	41020001	41020001	1	2
chr6	41087157	41213275	8.2451	5	0.6304	0.7078	DUP	DUP	BAF_WEIGHTED	119	0.4339	41087157	41087157	2	6
chr6	41213276	41393000	4.6057	144	0.653	0.8174	DUP	NONE	BAF_WEIGHTED	171	0.4395	41213276	41213276	1	4
chr6	41393001	41593000	2.8266	93	0.6316	0.8596	NONE	NONE	BAF_WEIGHTED	188	0.5096	41393001	41393001	0	2
chr6	41593001	45322000	3.8248	2031	0.6377	0.814	NONE	NONE	BAF_WEIGHTED	3506	0.4596	41593001	41593001	1	3
chr6	45322001	45619000	2.7519	133	0.6296	0.8602	NONE	NONE	BAF_WEIGHTED	295	0.3924	45322001	45322001	0	2
chr6	45619001	47792000	3.7288	1146	0.6341	0.8102	NONE	NONE	BAF_WEIGHTED	2038	0.3989	45619001	45619001	1	3
chr6	47792001	49407000	4.8199	933	0.64	0.7822	NONE	NONE	BAF_WEIGHTED	1524	0.3561	47792001	47792001	1	4
chr6	49407001	49626000	3.4897	54	0.619	0.786	NONE	NONE	BAF_WEIGHTED	198	0.375	49407001	49407001	1	3
chr6	49626001	51798000	4.4249	1061	0.6369	0.7877	NONE	NONE	BAF_WEIGHTED	2033	0.3652	49626001	49626001	1	3
chr6	51798001	52276000	5.3943	515	0.5778	0.648	NONE	NONE	BAF_WEIGHTED	442	0.399	51798001	51798001	2	3
chr6	52276001	56532000	4.3711	2768	0.5697	0.5994	NONE	NONE	BAF_WEIGHTED	3956	0.3794	52276001	52276001	2	3
chr6	56532001	56865000	3.1308	155	0.5789	0.7023	NONE	NONE	BAF_WEIGHTED	307	0.3773	56532001	56532001	1	2
chr6	56865001	59191910	3.9602	684	0.5625	0.505	NONE	CENTROMERE	BAF_WEIGHTED	470	0.3872	56865001	56865001	2	2
chr6	59191911	63564000	5.2092	3031	0.5676	0.5611	CENTROMERE	NONE	BAF_WEIGHTED	2154	0.3604	59191911	59191911	2	3
chr6	63564001	63728000	2.5788	112	0.5556	0.6122	NONE	NONE	BAF_WEIGHTED	161	0.3725	63564001	63564001	1	2
chr6	63728001	69661000	3.9297	4398	0.561	0.5089	NONE	NONE	BAF_WEIGHTED	5486	0.3465	63728001	63728001	2	2
chr6	69661001	69997000	2.5971	349	0.5667	0.615	NONE	NONE	BAF_WEIGHTED	325	0.3558	69661001	69661001	1	2
chr6	69997001	73387000	3.4923	2121	0.5626	0.5725	NONE	NONE	BAF_WEIGHTED	3005	0.3758	69997001	69997001	1	2
chr6	73387001	73904000	2.9687	167	0.5667	0.6737	NONE	NONE	BAF_WEIGHTED	479	0.4116	73387001	73387001	1	2
chr6	73904001	75201000	3.635	627	0.5588	0.5502	NONE	NONE	BAF_WEIGHTED	1118	0.3625	73904001	73904001	2	2
chr6	75201001	75303000	2.0694	15	0.5769	0.5168	NONE	NONE	BAF_WEIGHTED	100	0.3902	75201001	75201001	1	1
chr6	75303001	75945000	3.0077	407	0.5667	0.665	NONE	NONE	BAF_WEIGHTED	616	0.3803	75303001	75303001	1	2
chr6	75945001	78936000	3.9964	2463	0.561	0.5005	NONE	NONE	BAF_WEIGHTED	2684	0.3631	75945001	75945001	2	2
chr6	78936001	79242000	2.3199	3	0.5926	0.788	NONE	NONE	BAF_WEIGHTED	297	0.3546	78936001	78936001	0	2
chr6	79242001	79846489	3.0132	383	0.5714	0.6637	NONE	DEL	BAF_WEIGHTED	549	0.3833	79242001	79242001	1	2
chr6	79846490	79846524	2.1483	0	0	0.931	DEL	DEL	STRUCTURAL_VARIANT	0	0	79846490	79846490	0	2
chr6	79846525	80358000	3.1633	562	0.5646	0.6322	DEL	NONE	BAF_WEIGHTED	479	0.3707	79846525	79846525	1	2
chr6	80358001	81693000	3.8812	1616	0.5625	0.5153	NONE	NONE	BAF_WEIGHTED	1163	0.3528	80358001	80358001	2	2
chr6	81693001	82275000	2.7853	297	0.56	0.641	NONE	NONE	BAF_WEIGHTED	545	0.3744	81693001	81693001	1	2
chr6	82275001	83050000	3.5596	434	0.5605	0.5619	NONE	NONE	BAF_WEIGHTED	699	0.3811	82275001	82275001	2	2
chr6	83050001	83246000	2.5264	76	0.5848	0.749	NONE	NONE	BAF_WEIGHTED	195	0.3712	83050001	83050001	1	2
chr6	83246001	84266000	3.6009	214	0.5684	0.5554	NONE	NONE	BAF_WEIGHTED	917	0.3775	83246001	83246001	2	2
chr6	84266001	85448000	4.1298	866	0.561	0.5157	NONE	NONE	BAF_WEIGHTED	1057	0.3819	84266001	84266001	2	2
chr6	85448001	85703000	2.6757	114	0.5617	0.6263	NONE	NONE	BAF_WEIGHTED	240	0.3999	85448001	85448001	1	2
chr6	85703001	87125000	4.4006	971	0.5625	0.5455	NONE	NONE	BAF_WEIGHTED	1201	0.3839	85703001	85703001	2	2
chr6	87125001	87720000	2.7575	316	0.5625	0.6374	NONE	NONE	BAF_WEIGHTED	558	0.3882	87125001	87125001	1	2
chr6	87720001	88015000	3.2824	111	0.5714	0.6093	NONE	NONE	BAF_WEIGHTED	291	0.4096	87717001	87720001	1	2
chr6	88015001	88606000	4.2529	304	0.5686	0.5297	NONE	NONE	BAF_WEIGHTED	530	0.3942	88015001	88015001	2	2
chr6	88606001	90590000	3.0839	870	0.5659	0.6485	NONE	NONE	BAF_WEIGHTED	1910	0.4066	88606001	88606001	1	2
chr6	90590001	99392000	3.7962	4362	0.5612	0.5262	NONE	NONE	BAF_WEIGHTED	8285	0.3576	90590001	90590001	2	2
chr6	99392001	99594000	2.5788	62	0.5691	0.6122	NONE	NONE	BAF_WEIGHTED	191	0.3816	99392001	99392001	1	2
chr6	99594001	100161000	3.9003	328	0.5638	0.5128	NONE	NONE	BAF_WEIGHTED	497	0.3801	99594001	99594001	2	2
chr6	100161001	100926000	2.9799	535	0.5714	0.6712	NONE	NONE	BAF_WEIGHTED	728	0.3599	100161001	100161001	1	2
chr6	100926001	101289953	3.8836	117	0.5714	0.515	NONE	DEL	BAF_WEIGHTED	323	0.3671	100926001	100926001	2	2
chr6	101289954	101456889	2.3179	37	0.6216	0.8785	DEL	DEL	BAF_WEIGHTED	162	0.3611	101289954	101289954	0	2
chr6	101456890	105269000	3.741	1935	0.5621	0.5354	DEL	NONE	BAF_WEIGHTED	3495	0.3529	101456890	101456890	2	2
chr6	105269001	106085000	3.19	126	0.5629	0.6203	NONE	NONE	BAF_WEIGHTED	758	0.4018	105269001	105269001	1	2
chr6	106085001	106753000	2.5498	412	0.5646	0.6078	NONE	NONE	BAF_WEIGHTED	642	0.4017	106085001	106085001	1	2
chr6	106753001	107391368	3.7788	469	0.5676	0.5293	NONE	DEL	BAF_WEIGHTED	616	0.4268	106753001	106753001	2	2
chr6	107391369	107391403	1.625	0	0	1	DEL	DEL	STRUCTURAL_VARIANT	0	0	107391369	107391369	0	2
chr6	107391404	108462262	3.821	208	0.5659	0.5291	DEL	BND	BAF_WEIGHTED	1003	0.4174	107391404	107391404	2	2
chr6	108462263	108540000	3.2618	0	0	0.6198	BND	NONE	BAF_WEIGHTED	71	0.4017	108462263	108462263	1	2
chr6	108540001	109107000	1.9244	108	0.5882	0.8126	NONE	NONE	BAF_WEIGHTED	539	0.4153	108540001	108540001	0	2
chr6	109107001	109519000	2.5804	257	0.5952	0.7759	NONE	NONE	BAF_WEIGHTED	387	0.4181	109107001	109107001	1	2
chr6	109519001	110484000	3.4365	241	0.5946	0.7294	NONE	NONE	BAF_WEIGHTED	877	0.4018	109519001	109519001	1	3
chr6	110484001	112339000	2.7269	474	0.6079	0.8016	NONE	NONE	BAF_WEIGHTED	1768	0.4091	110484001	110484001	1	2
chr6	112339001	113326000	3.4206	383	0.6	0.7431	NONE	NONE	BAF_WEIGHTED	920	0.36	112339001	112339001	1	3
chr6	113326001	114013000	2.5113	368	0.6	0.795	NONE	NONE	BAF_WEIGHTED	662	0.3859	113326001	113326001	1	2
chr6	114013001	114749000	3.6522	171	0.6055	0.7472	NONE	NONE	BAF_WEIGHTED	698	0.3704	114011001	114015001	1	3
chr6	114749001	115959000	4.7081	1090	0.5612	0.6365	NONE	NONE	BAF_WEIGHTED	1091	0.3554	114749001	114749001	2	3
chr6	115959001	116735000	3.4786	338	0.5617	0.5749	NONE	NONE	BAF_WEIGHTED	726	0.3738	115959001	115959001	1	2
chr6	116735001	117440000	4.7596	178	0.5672	0.6303	NONE	NONE	BAF_WEIGHTED	643	0.3717	116735001	116735001	2	3
chr6	117440001	117627000	3.1292	145	0.5714	0.6391	NONE	NONE	BAF_WEIGHTED	185	0.3914	117440001	117440001	1	2
chr6	117627001	118505000	4.8358	537	0.5652	0.6204	NONE	NONE	BAF_WEIGHTED	805	0.3836	117627001	117627001	2	3
chr6	118505001	119744000	3.5771	889	0.5652	0.5591	NONE	NONE	BAF_WEIGHTED	1199	0.385	118505001	118505001	2	2
chr6	119744001	121165500	4.6921	764	0.5631	0.6394	NONE	NONE	BAF_WEIGHTED	1304	0.3485	119744001	119744001	2	3
chr6	121165501	122870000	4.0599	528	0.5659	0.5074	NONE	NONE	BAF_WEIGHTED	1605	0.3684	121162001	121169001	2	2
chr6	122870001	123249000	5.0979	200	0.5652	0.5885	NONE	NONE	BAF_WEIGHTED	360	0.3631	122870001	122870001	2	3
chr6	123249001	124141919	4.3669	378	0.566	0.542	NONE	DEL	BAF_WEIGHTED	862	0.3552	123249001	123249001	2	2
chr6	124141920	124143254	2.4883	0	0	0.9512	DEL	DEL	BAF_WEIGHTED	1	0.318	124141920	124141920	0	2
chr6	124143255	124738000	4.4935	181	0.5625	0.5549	DEL	NONE	BAF_WEIGHTED	556	0.3566	124143255	124143255	2	2
chr6	124738001	125020000	3.4182	100	0.5612	0.5851	NONE	NONE	BAF_WEIGHTED	261	0.3717	124738001	124738001	1	2
chr6	125020001	125381000	4.5515	46	0.5744	0.6591	NONE	NONE	BAF_WEIGHTED	347	0.3882	125020001	125020001	2	3
chr6	125381001	125727000	5.4739	12	0.5801	0.6518	NONE	NONE	BAF_WEIGHTED	322	0.3871	125381001	125381001	2	4
chr6	125727001	126042000	2.1134	95	0.5758	0.5268	NONE	NONE	BAF_WEIGHTED	305	0.3854	125727001	125727001	1	1
chr6	126042001	126356000	3.1212	49	0.5745	0.6408	NONE	NONE	BAF_WEIGHTED	291	0.3731	126042001	126042001	1	2
chr6	126356001	127265000	3.7502	19	0.5538	0.5333	NONE	NONE	BAF_WEIGHTED	835	0.3597	126356001	126356001	2	2
chr6	127265001	127348000	2.3231	15	0.5385	0.5695	NONE	NONE	BAF_WEIGHTED	82	0.3632	127265001	127265001	1	1
chr6	127348001	127934000	3.4834	208	0.5581	0.5742	NONE	NONE	BAF_WEIGHTED	549	0.3641	127348001	127348001	1	2
chr6	127934001	128585000	2.7075	90	0.5769	0.6307	NONE	NONE	BAF_WEIGHTED	640	0.3566	127934001	127934001	1	2
chr6	128585001	129093000	3.9384	401	0.56	0.5078	NONE	NONE	BAF_WEIGHTED	463	0.3585	128585001	128585001	2	2
chr6	129093001	129597000	3.12	255	0.5641	0.641	NONE	NONE	BAF_WEIGHTED	480	0.363	129093001	129093001	1	2
chr6	129597001	129755000	1.7914	75	0.5625	0.5582	NONE	NONE	BAF_WEIGHTED	156	0.3847	129597001	129597001	1	1
chr6	129755001	130708057	3.2856	318	0.575	0.6087	NONE	DEL	BAF_WEIGHTED	895	0.382	129755001	129755001	1	2
chr6	130708058	130708094	2.5227	0	0	0.5256	DEL	DEL	STRUCTURAL_VARIANT	0	0	130708058	130708058	1	1
chr6	130708095	132833000	3.1967	1214	0.5625	0.6257	DEL	NONE	BAF_WEIGHTED	2013	0.3826	130708095	130708095	1	2
chr6	132833001	133916000	4.1171	512	0.5659	0.5142	NONE	NONE	BAF_WEIGHTED	1029	0.3751	132833001	132833001	2	2
chr6	133916001	135453767	2.7099	465	0.5641	0.631	NONE	DEL	BAF_WEIGHTED	1498	0.3993	133916001	133916001	1	2
chr6	135453768	135453800	2.129	0	0	0.8031	DEL	DEL	STRUCTURAL_VARIANT	0	0	135453768	135453768	0	2
chr6	135453801	136153846	3.3908	345	0.5671	0.5771	DEL	BND	BAF_WEIGHTED	660	0.3767	135453801	135453801	1	2
chr6	136153847	136168000	2.3592	0	0	0.8294	BND	NONE	BAF_WEIGHTED	14	0.4114	136153847	136153847	0	2
chr6	136168001	137191000	1.4762	180	0.6538	1.1694	NONE	NONE	BAF_WEIGHTED	979	0.3998	136168001	136168001	0	1
chr6	137191001	137418000	0.786	91	0.6429	1	NONE	NONE	BAF_WEIGHTED	226	0.3941	137191001	137191001	0	1
chr6	137418001	137635000	1.8506	214	0.6429	1.021	NONE	NONE	BAF_WEIGHTED	213	0.399	137418001	137418001	0	2
chr6	137635001	137979000	0.7388	213	0.6333	1	NONE	NONE	BAF_WEIGHTED	328	0.4047	137635001	137635001	0	1
chr6	137979001	139111000	1.4483	598	0.6296	1.0678	NONE	NONE	BAF_WEIGHTED	1088	0.409	137979001	137979001	0	1
chr6	139111001	139379000	0.5986	63	0.6774	1	NONE	NONE	BAF_WEIGHTED	248	0.4086	139111001	139111001	0	1
chr6	139379001	140111000	1.3828	364	0.6296	1.0885	NONE	NONE	BAF_WEIGHTED	717	0.3838	139379001	139379001	0	1
chr6	140111001	142145000	1.8895	1082	0.64	1.0028	NONE	NONE	BAF_WEIGHTED	1908	0.3504	140111001	140111001	0	2
chr6	142145001	142777000	1.542	467	0.6296	1.0411	NONE	NONE	BAF_WEIGHTED	614	0.3796	142145001	142145001	0	2
chr6	142777001	142956000	0.2242	149	0.6316	1	NONE	NONE	BAF_WEIGHTED	175	0.3849	142777001	142777001	0	0
chr6	142956001	143426000	1.7656	196	0.6471	1.0551	NONE	NONE	BAF_WEIGHTED	439	0.3933	142956001	142956001	0	2
chr6	143426001	144862000	1.1144	438	0.64	1.2551	NONE	NONE	BAF_WEIGHTED	1385	0.3918	143426001	143426001	0	1
chr6	144862001	145792000	1.9284	620	0.6333	0.9718	NONE	NONE	BAF_WEIGHTED	875	0.3785	144862001	144862001	0	2
chr6	145792001	145969000	1.0588	115	0.6364	1.2672	NONE	NONE	BAF_WEIGHTED	171	0.3596	145792001	145792001	0	1
chr6	145969001	147146000	2.0714	605	0.6389	0.9673	NONE	NONE	BAF_WEIGHTED	1112	0.3708	145969001	145969001	0	2
chr6	147146001	147400000	1.201	97	0.6364	1.1925	NONE	NONE	BAF_WEIGHTED	245	0.3545	147146001	147146001	0	1
chr6	147400001	148125000	2.4097	629	0.64	0.9245	NONE	NONE	BAF_WEIGHTED	700	0.3915	147400001	147400001	0	2
chr6	148125001	148988000	1.5873	730	0.6364	1.0572	NONE	NONE	BAF_WEIGHTED	826	0.4185	148125001	148125001	0	2
chr6	148988001	149866000	1.0826	370	0.6273	1.2031	NONE	NONE	BAF_WEIGHTED	858	0.4148	148988001	148988001	0	1
chr6	149866001	150482000	1.7982	430	0.6364	1.0078	NONE	NONE	BAF_WEIGHTED	546	0.4508	149866001	149866001	0	2
chr6	150482001	150935500	1.0937	183	0.6216	1.166	NONE	NONE	BAF_WEIGHTED	437	0.4252	150482001	150482001	0	1
chr6	150935501	152971000	1.8601	1508	0.6522	1.0529	NONE	NONE	BAF_WEIGHTED	1938	0.3991	150935001	150936001	0	2
chr6	152971001	153007000	0.2766	15	0.5833	1	NONE	NONE	BAF_WEIGHTED	30	0.3877	152971001	152971001	0	0
chr6	153007001	154147000	2.2847	628	0.6333	0.9217	NONE	NONE	BAF_WEIGHTED	1091	0.3672	153007001	153007001	0	2
chr6	154147001	155510000	1.3828	803	0.625	1.0676	NONE	NONE	BAF_WEIGHTED	1333	0.4137	154147001	154147001	0	1
chr6	155510001	156772000	1.9022	682	0.6429	1.0107	NONE	NONE	BAF_WEIGHTED	1208	0.3918	155510001	155510001	0	2
chr6	156772001	157310000	0.8396	158	0.625	1	NONE	NONE	BAF_WEIGHTED	527	0.4234	156772001	156772001	0	1
chr6	157310001	159154000	1.2438	1313	0.64	1.1911	NONE	NONE	BAF_WEIGHTED	1755	0.4439	157310001	157310001	0	1
chr6	159154001	159674000	2.1809	121	0.6429	0.9637	NONE	NONE	BAF_WEIGHTED	489	0.4275	159154001	159154001	0	2
chr6	159674001	159762500	0.4298	4	0.685	1	NONE	NONE	BAF_WEIGHTED	72	0.4225	159671001	159677001	0	0
chr6	159762501	160059000	1.5174	37	0.6111	0.9696	NONE	NONE	BAF_WEIGHTED	286	0.4462	159762001	159763001	0	1
chr6	160059001	160956000	2.2659	677	0.6429	0.9517	NONE	NONE	BAF_WEIGHTED	749	0.4173	160059001	160059001	0	2
chr6	160956001	161464000	1.4869	113	0.6207	1.0182	NONE	NONE	BAF_WEIGHTED	493	0.4276	160956001	160956001	0	1
chr6	161464001	163383000	2.3406	1760	0.6333	0.9122	NONE	NONE	BAF_WEIGHTED	1873	0.401	161464001	161464001	0	2
chr6	163383001	163581000	0.626	3	0.625	1	NONE	NONE	BAF_WEIGHTED	195	0.3749	163383001	163383001	0	1
chr6	163581001	164123000	1.8319	337	0.6364	1.001	NONE	NONE	BAF_WEIGHTED	530	0.4283	163581001	163581001	0	2
chr6	164123001	166250000	2.2885	1646	0.631	0.9123	NONE	NONE	BAF_WEIGHTED	1993	0.3955	164123001	164123001	0	2
chr6	166250001	168040000	1.799	1490	0.6316	0.9898	NONE	NONE	BAF_WEIGHTED	1522	0.4548	166250001	166250001	0	2
chr6	168040001	168875500	2.6281	687	0.6333	0.8817	NONE	NONE	BAF_WEIGHTED	731	0.4765	168040001	168040001	0	2
chr6	168875501	169699000	2.0586	751	0.6207	0.9078	NONE	NONE	BAF_WEIGHTED	762	0.4337	168875001	168876001	0	2
chr6	169699001	169759000	1.0763	4	0.6916	1.5633	NONE	NONE	BAF_WEIGHTED	55	0.405	169699001	169699001	0	1
chr6	169759001	170269000	2.4994	580	0.6471	0.9353	NONE	NONE	BAF_WEIGHTED	435	0.5043	169759001	169759001	0	2
chr6	170269001	170452226	1.4503	166	0.6382	1.1048	NONE	DUP	BAF_WEIGHTED	167	0.4624	170269001	170269001	0	1
chr6	170452227	170453499	3.3246	0	0	1.0457	DUP	DUP	STRUCTURAL_VARIANT	0	0	170452227	170452227	0	3
chr6	170453500	170805979	1.5869	8	0.6585	1.1478	DUP	TELOMERE	BAF_WEIGHTED	131	0.4243	170453500	170453500	0	2
chr7	1	2231000	3.1045	1250	0.6667	0.9296	TELOMERE	NONE	BAF_WEIGHTED	1430	0.5549	1	1	0	3
chr7	2231001	3221000	2.3088	722	0.6754	1.0475	NONE	NONE	BAF_WEIGHTED	823	0.5105	2231001	2231001	0	2
chr7	3221001	3956487	3.1204	934	0.6883	0.9846	NONE	DEL	BAF_WEIGHTED	719	0.407	3221001	3221001	0	3
chr7	3956488	3956521	1.8514	0	0	0.9741	DEL	DEL	STRUCTURAL_VARIANT	0	0	3956488	3956488	0	2
chr7	3956522	4605000	3.6462	757	0.68	0.9217	DEL	NONE	BAF_WEIGHTED	602	0.468	3956522	3956522	0	3
chr7	4605001	4780000	2.0944	129	0.6786	1.0962	NONE	NONE	BAF_WEIGHTED	162	0.5019	4605001	4605001	0	2
chr7	4780001	5233000	3.0895	227	0.6667	0.9309	NONE	NONE	BAF_WEIGHTED	348	0.4967	4780001	4780001	0	3
chr7	5233001	6507000	2.1381	700	0.6667	1.0485	NONE	NONE	BAF_WEIGHTED	949	0.4892	5233001	5233001	0	2
chr7	6507001	7091000	2.8941	479	0.6744	0.9695	NONE	NONE	BAF_WEIGHTED	268	0.4838	6507001	6507001	0	3
chr7	7091001	7501440	1.7013	133	0.6486	1.0763	NONE	DEL	BAF_WEIGHTED	381	0.3847	7091001	7091001	0	2
chr7	7501441	7501475	0.133	0	0	1	DEL	DEL	STRUCTURAL_VARIANT	0	0	7501441	7501441	0	0
chr7	7501476	8297000	1.8017	618	0.6774	1.1595	DEL	NONE	BAF_WEIGHTED	766	0.3815	7501476	7501476	0	2
chr7	8297001	10903000	2.8337	2263	0.6591	0.934	NONE	NONE	BAF_WEIGHTED	2431	0.3553	8297001	8297001	0	3
chr7	10903001	11236000	1.706	227	0.6562	1.1045	NONE	NONE	BAF_WEIGHTED	325	0.3665	10903001	10903001	0	2
chr7	11236001	13253000	2.4549	1899	0.6667	0.9992	NONE	NONE	BAF_WEIGHTED	1928	0.3614	11236001	11236001	0	2
chr7	13253001	13288000	1.5178	59	0.6579	1.1673	NONE	NONE	BAF_WEIGHTED	29	0.3501	13253001	13253001	0	2
chr7	13288001	16401000	2.0436	1552	0.6296	0.9401	NONE	NONE	BAF_WEIGHTED	2970	0.3536	13288001	13288001	0	2
chr7	16401001	18698000	1.4031	1253	0.6429	1.1416	NONE	NONE	BAF_WEIGHTED	2222	0.371	16397001	16401001	0	1
chr7	18698001	20106000	2.0769	651	0.6333	0.9476	NONE	NONE	BAF_WEIGHTED	1291	0.3595	18698001	18698001	0	2
chr7	20106001	20449000	1.0906	137	0.625	1.1862	NONE	NONE	BAF_WEIGHTED	332	0.3708	20106001	20106001	0	1
chr7	20449001	21299000	2.2413	589	0.6429	0.9551	NONE	NONE	BAF_WEIGHTED	803	0.3826	20449001	20449001	0	2
chr7	21299001	21519000	1.3669	40	0.6614	1.2398	NONE	NONE	BAF_WEIGHTED	211	0.3884	21299001	21299001	0	1
chr7	21519001	22073000	2.0618	454	0.6493	1.0039	NONE	NONE	BAF_WEIGHTED	537	0.3951	21519001	21519001	0	2
chr7	22073001	23611000	1.4837	1252	0.6364	1.0866	NONE	NONE	BAF_WEIGHTED	1425	0.4103	22073001	22073001	0	1
chr7	23611001	24553000	2.2369	959	0.6389	0.9429	NONE	NONE	BAF_WEIGHTED	870	0.3967	23611001	23611001	0	2
chr7	24553001	25197000	1.3328	232	0.6264	1.091	NONE	NONE	BAF_WEIGHTED	604	0.4062	24553001	24553001	0	1
chr7	25197001	25831000	2.0328	457	0.6562	1.0324	NONE	NONE	BAF_WEIGHTED	608	0.4067	25197001	25197001	0	2
chr7	25831001	26150000	1.3605	231	0.6279	1.0872	NONE	NONE	BAF_WEIGHTED	296	0.4207	25831001	25831001	0	1
chr7	26150001	26188366	0.597	17	0.6296	1	NONE	DEL	BAF_WEIGHTED	28	0.4412	26150001	26150001	0	1
chr7	26188367	26197114	-0.6935	2	0.6233	1	DEL	DEL	BAF_WEIGHTED	8	0.3726	26188367	26188367	0	-1
chr7	26197115	26208000	-0.5756	0	0	1	DEL	NONE	BAF_WEIGHTED	9	0.4465	26197115	26197115	0	-1
chr7	26208001	27574000	1.6949	785	0.6429	1.0557	NONE	NONE	BAF_WEIGHTED	1279	0.4184	26208001	26208001	0	2
chr7	27574001	28202000	0.9349	293	0.6296	1	NONE	NONE	BAF_WEIGHTED	608	0.3982	27574001	27574001	0	1
chr7	28202001	30019000	1.6949	1163	0.6333	1.0184	NONE	NONE	BAF_WEIGHTED	1665	0.4124	28202001	28202001	0	2
chr7	30019001	30614000	0.9111	46	0.6667	1	NONE	NONE	BAF_WEIGHTED	536	0.4129	30019001	30019001	0	1
chr7	30614001	30989000	1.4869	235	0.6429	1.1135	NONE	NONE	BAF_WEIGHTED	351	0.4911	30614001	30614001	0	1
chr7	30989001	32475000	2.0745	827	0.625	0.92	NONE	NONE	BAF_WEIGHTED	1399	0.4094	30989001	30989001	0	2
chr7	32475001	33065000	1.3612	568	0.6085	0.9897	NONE	NONE	BAF_WEIGHTED	319	0.4116	32475001	32475001	0	1
chr7	33065001	33614000	1.9149	466	0.6071	0.881	NONE	NONE	BAF_WEIGHTED	515	0.3763	33065001	33065001	0	2
chr7	33614001	35621000	2.4637	988	0.6061	0.817	NONE	NONE	BAF_WEIGHTED	1604	0.4049	33614001	33614001	0	2
chr7	35621001	35979500	1.0326	206	0.6099	1.131	NONE	NONE	BAF_WEIGHTED	259	0.3849	35621001	35621001	0	1
chr7	35979501	37180000	1.7299	487	0.6	0.8831	NONE	NONE	BAF_WEIGHTED	1138	0.4227	35979001	35980001	0	2
chr7	37180001	37460000	0.8694	136	0.6132	1	NONE	NONE	BAF_WEIGHTED	270	0.4188	37180001	37180001	0	1
chr7	37460001	39512000	2.1709	1318	0.6121	0.8656	NONE	NONE	BAF_WEIGHTED	1798	0.3887	37460001	37460001	0	2
chr7	39512001	40105000	1.4138	289	0.6129	1.0039	NONE	NONE	BAF_WEIGHTED	503	0.4054	39507001	39512001	0	1
chr7	40105001	41082000	2.007	288	0.5969	0.8333	NONE	NONE	BAF_WEIGHTED	933	0.3918	40105001	40105001	0	2
chr7	41082001	42907000	2.7194	835	0.5758	0.6323	NONE	NONE	BAF_WEIGHTED	1779	0.3981	41082001	41082001	1	2
chr7	42907001	42948000	1.4138	0	0	0.6294	NONE	NONE	BAF_WEIGHTED	41	0.4051	42907001	42907001	1	1
chr7	42948001	45157500	3.3009	1154	0.593	0.7304	NONE	NONE	BAF_WEIGHTED	1762	0.458	42948001	42948001	1	2
chr7	45157501	47123000	4.1102	1154	0.601	0.7231	NONE	NONE	BAF_WEIGHTED	1745	0.4099	45157001	45158001	1	3
chr7	47123001	48269000	3.1133	844	0.5882	0.7269	NONE	NONE	BAF_WEIGHTED	1106	0.4447	47123001	47123001	1	2
chr7	48269001	50053000	4.0382	1660	0.6	0.7212	NONE	NONE	BAF_WEIGHTED	1635	0.3752	48269001	48269001	1	3
chr7	50053001	51431000	3.3658	631	0.5946	0.7322	NONE	NONE	BAF_WEIGHTED	1277	0.43	50053001	50053001	1	2
chr7	51431001	54729000	4.5385	1844	0.5972	0.7019	NONE	NONE	BAF_WEIGHTED	3065	0.374	51431001	51431001	1	3
chr7	54729001	55645000	3.3889	580	0.5938	0.7293	NONE	NONE	BAF_WEIGHTED	840	0.4312	54729001	54729001	1	2
chr7	55645001	55947000	4.4459	47	0.6047	0.72	NONE	NONE	BAF_WEIGHTED	185	0.4276	55645001	55645001	1	3
chr7	55947001	56122000	2.6991	92	0.6026	0.7889	NONE	NONE	BAF_WEIGHTED	168	0.4655	55947001	55947001	1	2
chr7	56122001	59498943	5.0773	740	0.6045	0.7084	NONE	CENTROMERE	BAF_WEIGHTED	879	0.4228	56122001	56122001	1	4
chr7	59498944	64304000	4.3848	1015	0.5881	0.6871	CENTROMERE	NONE	BAF_WEIGHTED	1067	0.3954	59498944	59498944	1	3
chr7	64304001	64316500	0.6578	20	0.6056	1	NONE	NONE	BAF_WEIGHTED	11	0.4688	64304001	64304001	0	1
chr7	64316501	67343000	3.1363	1037	0.5806	0.7064	NONE	NONE	BAF_WEIGHTED	1830	0.4312	64316001	64317001	1	2
chr7	67343001	69096000	3.7649	1205	0.5826	0.6902	NONE	NONE	BAF_WEIGHTED	1719	0.4376	67343001	67343001	1	3
chr7	69096001	69589000	2.9811	226	0.5736	0.6709	NONE	NONE	BAF_WEIGHTED	490	0.4415	69096001	69096001	1	2
chr7	69589001	70008000	1.8053	188	0.5797	0.7961	NONE	NONE	BAF_WEIGHTED	413	0.4025	69589001	69589001	0	1
chr7	70008001	70813000	2.3648	478	0.5747	0.5771	NONE	NONE	BAF_WEIGHTED	788	0.4165	70008001	70008001	1	1
chr7	70813001	72786000	3.5659	904	0.5769	0.5609	NONE	NONE	BAF_WEIGHTED	1697	0.4387	70813001	70813001	2	2
chr7	72786001	76290000	2.4176	1029	0.5833	0.752	NONE	NONE	BAF_WEIGHTED	1999	0.5005	72767001	72805001	1	2
chr7	76290001	77964000	1.7878	617	0.5862	0.8223	NONE	NONE	BAF_WEIGHTED	905	0.4132	76290001	76290001	0	1
chr7	77964001	86849000	2.7475	3915	0.5733	0.6313	NONE	NONE	BAF_WEIGHTED	8449	0.354	77964001	77964001	1	2
chr7	86849001	88378000	2.2612	361	0.5714	0.5577	NONE	NONE	BAF_WEIGHTED	1410	0.3741	86849001	86849001	1	1
chr7	88378001	90177000	2.9584	1341	0.5769	0.676	NONE	NONE	BAF_WEIGHTED	1631	0.3554	88378001	88378001	1	2
chr7	90177001	90350566	2.1015	129	0.5769	0.5242	NONE	BND	BAF_WEIGHTED	165	0.3739	90177001	90177001	1	1
chr7	90350567	92604000	5.8859	683	0.7164	0.8886	BND	NONE	BAF_WEIGHTED	2037	0.3819	90350567	90350567	1	5
chr7	92604001	92842000	2.6217	28	0.6273	0.8695	NONE	NONE	BAF_WEIGHTED	234	0.3815	92604001	92604001	0	2
chr7	92842001	96066000	4.4109	975	0.6439	0.8041	NONE	NONE	BAF_WEIGHTED	3009	0.3707	92842001	92842001	1	4
chr7	96066001	96336000	3.5334	166	0.6427	0.8405	NONE	NONE	BAF_WEIGHTED	259	0.392	96066001	96066001	1	3
chr7	96336001	96899396	4.6702	234	0.6448	0.7966	NONE	DUP	BAF_WEIGHTED	528	0.3801	96336001	96336001	1	4
chr7	96899397	96925595	5.8579	36	0.7159	0.896	DUP	DUP	BAF_WEIGHTED	22	0.3814	96899397	96899397	1	5
chr7	96925596	97832000	5.24	395	0.6512	0.7925	DUP	NONE	BAF_WEIGHTED	814	0.3929	96925596	96925596	1	4
chr7	97832001	98440000	4.241	499	0.6429	0.8079	NONE	NONE	BAF_WEIGHTED	456	0.4684	97832001	97832001	1	3
chr7	98440001	98818000	5.7169	110	0.6557	0.7891	NONE	NONE	BAF_WEIGHTED	374	0.4756	98440001	98440001	1	5
chr7	98818001	99090000	4.3474	62	0.625	0.7658	NONE	NONE	BAF_WEIGHTED	267	0.4684	98818001	98818001	1	3
chr7	99090001	99164500	2.5947	41	0.6571	0.9536	NONE	NONE	BAF_WEIGHTED	72	0.4137	99090001	99090001	0	2
chr7	99164501	99909000	4.619	71	0.6562	0.8218	NONE	NONE	BAF_WEIGHTED	680	0.4599	99164001	99165001	1	4
chr7	99909001	100740000	3.6942	246	0.6429	0.8323	NONE	NONE	BAF_WEIGHTED	590	0.5046	99909001	99909001	1	3
chr7	100740001	103057000	4.6353	1008	0.6605	0.8288	NONE	NONE	BAF_WEIGHTED	1565	0.4902	100730001	100743001	1	4
chr7	103057001	103360000	3.5524	5	0.6364	0.8244	NONE	NONE	BAF_WEIGHTED	160	0.4055	103057001	103057001	1	3
chr7	103360001	104135000	4.9279	305	0.6571	0.8132	NONE	NONE	BAF_WEIGHTED	725	0.381	103360001	103360001	1	4
chr7	104135001	104213000	3.3146	65	0.6389	0.8441	NONE	NONE	BAF_WEIGHTED	72	0.3596	104135001	104135001	1	3
chr7	104213001	104591100	5.2829	286	0.6405	0.7707	NONE	DEL	BAF_WEIGHTED	336	0.3863	104210001	104216001	1	4
chr7	104591101	104591136	3.1607	0	0	0.6168	DEL	DEL	STRUCTURAL_VARIANT	0	0	104591101	104591101	1	2
chr7	104591137	104918000	5.1376	64	0.642	0.7772	DEL	NONE	BAF_WEIGHTED	288	0.411	104591137	104591137	1	4
chr7	104918001	105357000	2.7599	194	0.6349	0.8741	NONE	NONE	BAF_WEIGHTED	429	0.4044	104918001	104918001	0	2
chr7	105357001	106009000	4.0575	247	0.6571	0.8467	NONE	NONE	BAF_WEIGHTED	627	0.4436	105357001	105357001	1	3
chr7	106009001	107770000	3.4294	581	0.6296	0.8146	NONE	NONE	BAF_WEIGHTED	1651	0.3965	106009001	106009001	1	3
chr7	107770001	108665000	4.1179	594	0.6374	0.8007	NONE	NONE	BAF_WEIGHTED	849	0.3965	107770001	107770001	1	3
chr7	108665001	110762000	4.947	840	0.639	0.777	NONE	NONE	BAF_WEIGHTED	1917	0.3585	108665001	108665001	1	4
chr7	110762001	111571000	3.8153	305	0.6364	0.8115	NONE	NONE	BAF_WEIGHTED	759	0.3566	110762001	110762001	1	3
chr7	111571001	111735000	4.9275	71	0.6176	0.7345	NONE	NONE	BAF_WEIGHTED	152	0.3963	111571001	111571001	1	4
chr7	111735001	113124000	3.6382	555	0.64	0.8284	NONE	NONE	BAF_WEIGHTED	1318	0.3826	111735001	111735001	1	3
chr7	113124001	114898000	4.264	445	0.64	0.8008	NONE	NONE	BAF_WEIGHTED	1654	0.3558	113124001	113124001	1	3
chr7	114898001	115159000	2.8258	126	0.6268	0.8465	NONE	NONE	BAF_WEIGHTED	247	0.3639	114898001	114898001	0	2
chr7	115159001	116133000	4.0964	263	0.6341	0.7944	NONE	NONE	BAF_WEIGHTED	932	0.3489	115159001	115159001	1	3
chr7	116133001	117150000	3.2316	374	0.6291	0.8247	NONE	NONE	BAF_WEIGHTED	965	0.3847	116133001	116133001	1	3
chr7	117150001	120715000	4.6104	1300	0.6351	0.7762	NONE	NONE	BAF_WEIGHTED	3404	0.3564	117150001	117150001	1	4
chr7	120715001	121363000	3.6192	405	0.6364	0.8209	NONE	NONE	BAF_WEIGHTED	597	0.3657	120715001	120715001	1	3
chr7	121363001	121489000	2.493	70	0.6319	0.8908	NONE	NONE	BAF_WEIGHTED	121	0.3755	121363001	121363001	0	2
chr7	121489001	122152000	3.8495	360	0.6183	0.7688	NONE	NONE	BAF_WEIGHTED	633	0.3632	121489001	121489001	1	3
chr7	122152001	123527500	4.7008	502	0.6452	0.7964	NONE	NONE	BAF_WEIGHTED	1283	0.3675	122152001	122152001	1	4
chr7	123527501	123869000	3.448	249	0.6364	0.8301	NONE	NONE	BAF_WEIGHTED	320	0.3732	123522001	123533001	1	3
chr7	123869001	124710000	4.59	518	0.6364	0.7819	NONE	NONE	BAF_WEIGHTED	780	0.3638	123869001	123869001	1	4
chr7	124710001	124935000	3.5485	41	0.6389	0.8306	NONE	NONE	BAF_WEIGHTED	213	0.357	124710001	124710001	1	3
chr7	124935001	126092108	4.6801	350	0.6346	0.7754	NONE	DEL	BAF_WEIGHTED	1089	0.3488	124935001	124935001	1	4
chr7	126092109	126092145	2.234	0	0	0.5158	DEL	DEL	STRUCTURAL_VARIANT	0	0	126092109	126092109	1	1
chr7	126092146	127346000	4.7508	683	0.6341	0.7723	DEL	NONE	BAF_WEIGHTED	1144	0.3681	126092146	126092146	1	4
chr7	127346001	127399000	2.316	0	0	0.5329	NONE	NONE	BAF_WEIGHTED	50	0.3691	127346001	127346001	1	1
chr7	127399001	127649000	4.5818	0	0	0.7639	NONE	NONE	BAF_WEIGHTED	228	0.4153	127399001	127399001	1	4
chr7	127649001	128036000	2.8194	1	0.6897	1.0192	NONE	NONE	BAF_WEIGHTED	379	0.4146	127649001	127649001	0	3
chr7	128036001	130587000	3.5247	1217	0.6364	0.8259	NONE	NONE	BAF_WEIGHTED	2193	0.4491	128036001	128036001	1	3
chr7	130587001	130871000	4.2219	182	0.6458	0.8149	NONE	NONE	BAF_WEIGHTED	268	0.3984	130577001	130589001	1	3
chr7	130871001	131115000	2.171	40	0.6273	0.9144	NONE	NONE	BAF_WEIGHTED	238	0.4232	130871001	130871001	0	2
chr7	131115001	131322500	3.9432	240	0.6364	0.8058	NONE	NONE	BAF_WEIGHTED	205	0.4209	131115001	131115001	1	3
chr7	131322501	131629000	2.6829	118	0.6268	0.8582	NONE	NONE	BAF_WEIGHTED	303	0.4173	131322001	131323001	0	2
chr7	131629001	132784000	4.6563	519	0.6296	0.7659	NONE	NONE	BAF_WEIGHTED	1121	0.4575	131629001	131629001	1	4
chr7	132784001	134511000	3.7451	638	0.6375	0.8182	NONE	NONE	BAF_WEIGHTED	1663	0.3944	132784001	132784001	1	3
chr7	134511001	134997000	2.8051	124	0.6159	0.8183	NONE	NONE	BAF_WEIGHTED	461	0.4071	134511001	134511001	1	2
chr7	134997001	135144000	4.4355	158	0.6337	0.7813	NONE	NONE	BAF_WEIGHTED	137	0.3638	134997001	134997001	1	3
chr7	135144001	136011000	3.3221	576	0.6236	0.8058	NONE	NONE	BAF_WEIGHTED	841	0.4203	135144001	135144001	1	3
chr7	136011001	136059074	4.1913	0	0	0.8461	NONE	DEL	BAF_WEIGHTED	48	0.3978	136011001	136011001	1	4
chr7	136059075	136061040	3.3547	0	0	0.8077	DEL	DEL	BAF_WEIGHTED	1	0.353	136059075	136059075	1	3
chr7	136061041	136866000	4.7476	451	0.625	0.7539	DEL	NONE	BAF_WEIGHTED	745	0.3707	136061041	136061041	1	4
chr7	136866001	137869000	4.0861	430	0.6169	0.7569	NONE	NONE	BAF_WEIGHTED	950	0.3788	136866001	136866001	1	3
chr7	137869001	137930000	2.4486	19	0.6364	0.9092	NONE	NONE	BAF_WEIGHTED	61	0.4347	137869001	137869001	0	2
chr7	137930001	138010000	1	19	0.5417	0.5777	NONE	NONE	BAF_WEIGHTED	80	0.4348	137930001	137930001	0	1
chr7	138010001	138239000	3.886	128	0.6183	0.7675	NONE	NONE	BAF_WEIGHTED	220	0.4022	138010001	138010001	1	3
chr7	138239001	138309000	4.3021	45	0.5625	0.5351	NONE	NONE	BAF_WEIGHTED	70	0.4143	138239001	138239001	2	2
chr7	138309001	138451000	5.7173	97	0.5686	0.5247	NONE	NONE	BAF_WEIGHTED	133	0.4252	138309001	138309001	3	3
chr7	138451001	141018000	4.6039	883	0.5806	0.6663	NONE	NONE	BAF_WEIGHTED	2449	0.4362	138451001	138451001	2	3
chr7	141018001	141533000	6.5317	68	0.5691	0.6124	NONE	NONE	BAF_WEIGHTED	490	0.4331	141018001	141018001	3	4
chr7	141533001	141796000	4.4078	10	0.6264	0.7669	NONE	NONE	BAF_WEIGHTED	246	0.4058	141533001	141533001	1	3
chr7	141796001	142342000	5.737	125	0.5704	0.5495	NONE	NONE	BAF_WEIGHTED	473	0.3947	141796001	141796001	3	3
chr7	142342001	142800000	5.0178	308	0.614	0.7301	NONE	NONE	BAF_WEIGHTED	360	0.4241	142342001	142342001	1	4
chr7	142800001	142866118	5.2416	79	0.5714	0.5723	NONE	DEL	BAF_WEIGHTED	62	0.4143	142800001	142800001	2	3
chr7	142866119	142866167	3.6643	0	0	0.6117	DEL	DEL	STRUCTURAL_VARIANT	0	0	142866119	142866119	1	2
chr7	142866168	143239000	5.3492	15	0.575	0.5608	DEL	NONE	BAF_WEIGHTED	346	0.4218	142866168	142866168	2	3
chr7	143239001	143292000	2.9489	2	0.5723	0.6782	NONE	NONE	BAF_WEIGHTED	52	0.4238	143239001	143239001	1	2
chr7	143292001	144811000	5.1797	679	0.5909	0.6768	NONE	NONE	BAF_WEIGHTED	928	0.3958	143292001	143292001	2	4
chr7	144811001	144840000	2.7861	15	0.6538	0.9241	NONE	NONE	BAF_WEIGHTED	29	0.3923	144811001	144811001	0	3
chr7	144840001	148693000	6.3163	2768	0.5908	0.661	NONE	NONE	BAF_WEIGHTED	3627	0.3739	144840001	144840001	2	4
chr7	148693001	148989000	4.1854	74	0.5928	0.7014	NONE	NONE	BAF_WEIGHTED	285	0.4225	148693001	148693001	1	3
chr7	148989001	149853000	5.2777	559	0.5849	0.6637	NONE	NONE	BAF_WEIGHTED	730	0.4746	148989001	148989001	2	4
chr7	149853001	150412000	3.6422	431	0.5957	0.7244	NONE	NONE	BAF_WEIGHTED	122	0.5104	149853001	149853001	1	3
chr7	150412001	150683162	5.8785	496	0.6	0.6833	NONE	BND	BAF_WEIGHTED	213	0.4234	150412001	150412001	2	4
chr7	150683163	150754884	5.1257	57	0.6567	0.8054	BND	BND	BAF_WEIGHTED	60	0.423	150683163	150683163	1	4
chr7	150754885	152859000	3.9459	1228	0.5978	0.7169	BND	NONE	BAF_WEIGHTED	1557	0.4805	150754885	150754885	1	3
chr7	152859001	154548000	5.3774	1099	0.5926	0.6769	NONE	NONE	BAF_WEIGHTED	1297	0.4227	152859001	152859001	2	4
chr7	154548001	154925000	3.2259	376	0.5689	0.6208	NONE	NONE	BAF_WEIGHTED	355	0.4596	154548001	154548001	1	2
chr7	154925001	155021000	2.0404	34	0.576	0.5099	NONE	NONE	BAF_WEIGHTED	93	0.4157	154925001	154925001	1	1
chr7	155021001	156589000	4.0507	1068	0.5692	0.5302	NONE	NONE	BAF_WEIGHTED	1318	0.4757	155021001	155021001	2	2
chr7	156589001	157030500	3.1133	334	0.5625	0.6424	NONE	NONE	BAF_WEIGHTED	405	0.4278	156589001	156589001	1	2
chr7	157030501	157133000	4.3077	115	0.5714	0.5357	NONE	NONE	BAF_WEIGHTED	96	0.4754	157030001	157031001	2	2
chr7	157133001	157399000	2.4883	171	0.5789	0.7342	NONE	NONE	BAF_WEIGHTED	253	0.4557	157133001	157133001	1	2
chr7	157399001	158596000	4.704	806	0.5652	0.6378	NONE	NONE	BAF_WEIGHTED	964	0.5099	157399001	157399001	2	3
chr7	158596001	158801000	3.0069	322	0.5754	0.6651	NONE	NONE	BAF_WEIGHTED	193	0.4307	158595001	158596001	1	2
chr7	158801001	158867000	1.4194	41	0.5714	0.7045	NONE	NONE	BAF_WEIGHTED	59	0.4513	158801001	158801001	0	1
chr7	158867001	159345973	3.8142	160	0.575	0.5253	NONE	TELOMERE	BAF_WEIGHTED	395	0.4574	158867001	158867001	2	2
chr8	1	747500	3.0213	719	0.5676	0.6596	TELOMERE	NONE	BAF_WEIGHTED	361	0.4647	1	1	1	2
chr8	747501	1690000	4.0663	1225	0.5676	0.5081	NONE	NONE	BAF_WEIGHTED	771	0.4704	747001	748001	2	2
chr8	1690001	2033000	2.7599	302	0.5803	0.7228	NONE	NONE	BAF_WEIGHTED	292	0.4874	1690001	1690001	1	2
chr8	2033001	3945700	3.6414	2694	0.5686	0.5492	NONE	DUP	BAF_WEIGHTED	1620	0.401	2033001	2033001	2	2
chr8	3945701	3945975	6.307	0	0	0.7398	DUP	DEL	STRUCTURAL_VARIANT	0	0	3945701	3945701	2	5
chr8	3945976	3958268	5.8047	11	0.6111	0.7048	DEL	DEL	BAF_WEIGHTED	12	0.3892	3945976	3945976	2	4
chr8	3958269	3958503	6.2324	0	0	0.754	DEL	DUP	STRUCTURAL_VARIANT	0	0	3958269	3958269	2	5
chr8	3958504	4345000	3.5334	491	0.5758	0.566	DUP	NONE	BAF_WEIGHTED	373	0.3813	3958504	3958504	2	2
chr8	4345001	4648000	1.6659	391	0.5964	0.8795	NONE	NONE	BAF_WEIGHTED	296	0.3778	4345001	4345001	0	1
chr8	4648001	6391000	3.5556	2672	0.5714	0.5625	NONE	NONE	BAF_WEIGHTED	1657	0.3862	4648001	4648001	2	2
chr8	6391001	6804000	2.1512	288	0.5833	0.7729	NONE	NONE	BAF_WEIGHTED	402	0.4232	6391001	6391001	0	2
chr8	6804001	8245000	3.0867	463	0.5714	0.6479	NONE	NONE	BAF_WEIGHTED	210	0.4602	6804001	6804001	1	2
chr8	8245001	9345000	1.9022	756	0.5789	0.782	NONE	NONE	BAF_WEIGHTED	1066	0.4274	8245001	8245001	0	1
chr8	9345001	9543000	3.2777	82	0.5613	0.6102	NONE	NONE	BAF_WEIGHTED	186	0.4292	9345001	9345001	1	2
chr8	9543001	9781000	1.7863	5	0.5455	0.5598	NONE	NONE	BAF_WEIGHTED	224	0.3694	9543001	9543001	1	1
chr8	9781001	11760000	3.2062	1279	0.5714	0.6238	NONE	NONE	BAF_WEIGHTED	1883	0.4536	9781001	9781001	1	2
chr8	11760001	12772000	1.9483	700	0.5833	0.7927	NONE	NONE	BAF_WEIGHTED	274	0.457	11760001	11760001	0	2
chr8	12772001	17598000	3.0339	3941	0.5714	0.6428	NONE	NONE	BAF_WEIGHTED	4631	0.3702	12772001	12772001	1	2
chr8	17598001	18090000	1.9197	767	0.5714	0.5209	NONE	NONE	BAF_WEIGHTED	481	0.3962	17598001	17598001	1	1
chr8	18090001	18546000	3.2173	488	0.575	0.6216	NONE	NONE	BAF_WEIGHTED	444	0.3959	18090001	18090001	1	2
chr8	18546001	20382000	2.4232	1058	0.5714	0.5873	NONE	NONE	BAF_WEIGHTED	1773	0.4149	18546001	18546001	1	1
chr8	20382001	21856000	3.3253	801	0.5714	0.6014	NONE	NONE	BAF_WEIGHTED	1431	0.4447	20382001	20382001	1	2
chr8	21856001	22763000	2.1921	503	0.5806	0.7606	NONE	NONE	BAF_WEIGHTED	812	0.487	21856001	21856001	1	2
chr8	22763001	22901000	3.3658	68	0.5778	0.691	NONE	NONE	BAF_WEIGHTED	135	0.4765	22763001	22763001	1	2
chr8	22901001	24432000	2.3477	792	0.5714	0.5741	NONE	NONE	BAF_WEIGHTED	1471	0.4244	22901001	22901001	1	1
chr8	24432001	24949047	3.3071	199	0.5641	0.6048	NONE	DEL	BAF_WEIGHTED	485	0.3816	24432001	24432001	1	2
chr8	24949048	24952972	2.7766	0	0	0.5536	DEL	DEL	BAF_WEIGHTED	2	0.382	24949048	24949048	1	2
chr8	24952973	25213000	3.2396	219	0.5758	0.6174	DEL	NONE	BAF_WEIGHTED	243	0.4119	24952973	24952973	1	2
chr8	25213001	25518000	2.3064	92	0.5667	0.5664	NONE	NONE	BAF_WEIGHTED	298	0.4116	25209001	25213001	1	1
chr8	25518001	26237000	3.2812	582	0.5667	0.6095	NONE	NONE	BAF_WEIGHTED	690	0.4203	25518001	25518001	1	2
chr8	26237001	26392000	1.3062	52	0.5801	0.8804	NONE	NONE	BAF_WEIGHTED	152	0.4018	26237001	26237001	0	1
chr8	26392001	26571000	2.9576	78	0.5647	0.6762	NONE	NONE	BAF_WEIGHTED	169	0.4337	26392001	26392001	1	2
chr8	26571001	26626000	1.3876	40	0.5774	0.7207	NONE	NONE	BAF_WEIGHTED	53	0.4679	26571001	26571001	0	1
chr8	26626001	27271000	2.9441	122	0.5714	0.6793	NONE	NONE	BAF_WEIGHTED	609	0.4057	26626001	26626001	1	2
chr8	27271001	27430000	1.7731	44	0.5801	0.8013	NONE	NONE	BAF_WEIGHTED	156	0.4587	27271001	27271001	0	1
chr8	27430001	27687651	3.0092	134	0.5672	0.6646	NONE	DUP	BAF_WEIGHTED	244	0.4828	27430001	27430001	1	2
chr8	27687652	27746135	2.8433	18	0.5917	0.7498	DUP	DUP	BAF_WEIGHTED	57	0.4284	27687652	27687652	1	2
chr8	27746136	28345000	2.7361	410	0.5758	0.6345	DUP	NONE	BAF_WEIGHTED	589	0.4358	27746136	27746136	1	2
chr8	28345001	28421000	1.3646	6	0.625	1.0735	NONE	NONE	BAF_WEIGHTED	71	0.4787	28345001	28345001	0	1
chr8	28421001	28824000	2.5645	240	0.5714	0.6101	NONE	NONE	BAF_WEIGHTED	393	0.4243	28421001	28421001	1	2
chr8	28824001	29596732	1.8986	341	0.5714	0.5267	NONE	BND	BAF_WEIGHTED	734	0.4153	28824001	28824001	1	1
chr8	29596733	30818000	2.1746	430	0.5769	0.5401	BND	NONE	BAF_WEIGHTED	1175	0.4247	29596733	29596733	1	1
chr8	30818001	33367500	3.2425	1195	0.571	0.6014	NONE	NONE	BAF_WEIGHTED	2408	0.3809	30818001	30818001	1	2
chr8	33367501	33592000	2.335	233	0.5714	0.5717	NONE	NONE	BAF_WEIGHTED	219	0.4419	33367001	33368001	1	1
chr8	33592001	37142000	3.5056	1237	0.5676	0.5705	NONE	NONE	BAF_WEIGHTED	3380	0.3843	33592001	33592001	2	2
chr8	37142001	38756000	2.5818	579	0.572	0.6364	NONE	NONE	BAF_WEIGHTED	1399	0.4583	37142001	37142001	1	2
chr8	38756001	39109000	1.905	152	0.5714	0.5249	NONE	NONE	BAF_WEIGHTED	340	0.4224	38756001	38756001	1	1
chr8	39109001	39886000	3.2138	184	0.5668	0.6208	NONE	NONE	BAF_WEIGHTED	580	0.3582	39109001	39109001	1	2
chr8	39886001	40217000	2.2278	317	0.5714	0.5511	NONE	NONE	BAF_WEIGHTED	315	0.4017	39886001	39886001	1	1
chr8	40217001	40917000	3.3166	165	0.5625	0.603	NONE	NONE	BAF_WEIGHTED	667	0.4041	40217001	40217001	1	2
chr8	40917001	41925000	2.7511	825	0.5714	0.6365	NONE	NONE	BAF_WEIGHTED	953	0.4583	40917001	40917001	1	2
chr8	41925001	42575500	2.1497	171	0.5813	0.6297	NONE	NONE	BAF_WEIGHTED	625	0.4362	41925001	41925001	1	1
chr8	42575501	43242000	2.6273	171	0.5714	0.6194	NONE	NONE	BAF_WEIGHTED	610	0.4303	42575001	42576001	1	2
chr8	43242001	43563000	3.4897	20	0.562	0.5731	NONE	NONE	BAF_WEIGHTED	239	0.4038	43237001	43242001	1	2
chr8	43563001	44955504	4.5213	63	0.5581	0.5577	NONE	CENTROMERE	BAF_WEIGHTED	337	0.3781	43562001	43564001	2	3
chr8	44955505	47256000	4.4811	14	0.5385	0.575	CENTROMERE	NONE	BAF_WEIGHTED	1120	0.4386	44955505	44955505	2	3
chr8	47256001	47697000	2.3461	4	0.5986	0.8042	NONE	NONE	BAF_WEIGHTED	377	0.4043	47256001	47256001	0	2
chr8	47697001	48992000	3.4969	90	0.5556	0.5719	NONE	NONE	BAF_WEIGHTED	1193	0.4318	47697001	47697001	1	2
chr8	48992001	51607000	4.189	1526	0.5641	0.5226	NONE	NONE	BAF_WEIGHTED	2446	0.3631	48992001	48992001	2	2
chr8	51607001	51833000	3.2979	252	0.5714	0.6064	NONE	NONE	BAF_WEIGHTED	206	0.3915	51607001	51607001	1	2
chr8	51833001	52021000	2.0682	140	0.5714	0.5165	NONE	NONE	BAF_WEIGHTED	184	0.3889	51833001	51833001	1	1
chr8	52021001	53707000	3.9043	852	0.5588	0.5123	NONE	NONE	BAF_WEIGHTED	1577	0.3981	52021001	52021001	2	2
chr8	53707001	54177000	3.0259	22	0.5604	0.661	NONE	NONE	BAF_WEIGHTED	425	0.4117	53707001	53707001	1	2
chr8	54177001	55737000	4.2839	1122	0.5625	0.5331	NONE	NONE	BAF_WEIGHTED	1458	0.4002	54177001	54177001	2	2
chr8	55737001	56079000	2.6336	383	0.5652	0.6203	NONE	NONE	BAF_WEIGHTED	339	0.4253	55737001	55737001	1	2
chr8	56079001	57967000	4.0026	1836	0.5631	0.5075	NONE	NONE	BAF_WEIGHTED	1744	0.3918	56079001	56079001	2	2
chr8	57967001	59124000	3.0398	692	0.5588	0.6579	NONE	NONE	BAF_WEIGHTED	1094	0.3857	57967001	57967001	1	2
chr8	59124001	60504000	3.8908	549	0.5625	0.514	NONE	NONE	BAF_WEIGHTED	1276	0.3727	59124001	59124001	2	2
chr8	60504001	60594500	1.9284	76	0.5774	0.5186	NONE	NONE	BAF_WEIGHTED	86	0.3899	60504001	60504001	1	1
chr8	60594501	61035000	2.9942	109	0.5556	0.668	NONE	NONE	BAF_WEIGHTED	427	0.4166	60594001	60595001	1	2
chr8	61035001	61548000	3.9781	443	0.5581	0.5028	NONE	NONE	BAF_WEIGHTED	469	0.399	61035001	61035001	2	2
chr8	61548001	61829000	2.6146	191	0.5714	0.6175	NONE	NONE	BAF_WEIGHTED	273	0.3824	61548001	61548001	1	2
chr8	61829001	64656000	3.8389	1610	0.5632	0.5376	NONE	NONE	BAF_WEIGHTED	2580	0.3729	61829001	61829001	2	2
chr8	64656001	64859000	2.7444	149	0.5588	0.6356	NONE	NONE	BAF_WEIGHTED	198	0.3771	64656001	64656001	1	2
chr8	64859001	65633000	4.2982	591	0.5625	0.5347	NONE	NONE	BAF_WEIGHTED	721	0.3861	64859001	64859001	2	2
chr8	65633001	66132000	2.9386	112	0.5797	0.7126	NONE	NONE	BAF_WEIGHTED	479	0.4009	65633001	65633001	1	2
chr8	66132001	66419000	4.9422	217	0.5682	0.607	NONE	NONE	BAF_WEIGHTED	267	0.4049	66132001	66132001	2	3
chr8	66419001	66785000	3.037	77	0.575	0.6585	NONE	NONE	BAF_WEIGHTED	357	0.416	66419001	66419001	1	2
chr8	66785001	67113283	3.9384	8	0.5707	0.5078	NONE	DUP	BAF_WEIGHTED	317	0.3962	66785001	66785001	2	2
chr8	67113284	67120118	4.2878	0	0	0.5354	DUP	DUP	BAF_WEIGHTED	6	0.3313	67113284	67113284	2	2
chr8	67120119	67280000	4.2958	10	0.5551	0.5344	DUP	NONE	BAF_WEIGHTED	153	0.3793	67120119	67120119	2	2
chr8	67280001	67347000	2.3648	38	0.5872	0.7678	NONE	NONE	BAF_WEIGHTED	64	0.3858	67280001	67280001	1	2
chr8	67347001	70139000	3.4822	1492	0.5729	0.5743	NONE	NONE	BAF_WEIGHTED	2607	0.388	67347001	67347001	1	2
chr8	70139001	70406000	1.3828	6	0.5419	0.7232	NONE	NONE	BAF_WEIGHTED	263	0.3803	70139001	70139001	0	1
chr8	70406001	70683000	2.2588	78	0.5769	0.5573	NONE	NONE	BAF_WEIGHTED	254	0.3972	70406001	70406001	1	1
chr8	70683001	73279000	3.5509	1330	0.575	0.5632	NONE	NONE	BAF_WEIGHTED	2395	0.3846	70683001	70683001	2	2
chr8	73279001	74011000	2.4502	404	0.5732	0.5919	NONE	NONE	BAF_WEIGHTED	698	0.4023	73279001	73279001	1	1
chr8	74011001	76449864	3.23	1302	0.5714	0.6192	NONE	DEL	BAF_WEIGHTED	2279	0.3634	74011001	74011001	1	2
chr8	76449865	76449896	1.7232	0	0	0.7138	DEL	DEL	STRUCTURAL_VARIANT	0	0	76449865	76449865	0	1
chr8	76449897	78505000	3.1625	722	0.5833	0.7123	DEL	NONE	BAF_WEIGHTED	1951	0.3495	76449897	76449897	1	2
chr8	78505001	78812000	2.4339	160	0.5769	0.5891	NONE	NONE	BAF_WEIGHTED	298	0.3536	78505001	78505001	1	1
chr8	78812001	79841453	3.2737	455	0.5806	0.7012	NONE	DEL	BAF_WEIGHTED	974	0.3738	78812001	78812001	1	2
chr8	79841454	79841492	2.4564	0	0	0.6017	DEL	DEL	STRUCTURAL_VARIANT	0	0	79841454	79841454	1	1
chr8	79841493	79865000	3.0942	14	0.5886	0.7287	DEL	NONE	BAF_WEIGHTED	20	0.4243	79841493	79841493	1	2
chr8	79865001	80210000	1.7529	5	0.5909	0.8448	NONE	NONE	BAF_WEIGHTED	325	0.3989	79865001	79865001	0	1
chr8	80210001	81880000	2.439	751	0.5789	0.7373	NONE	NONE	BAF_WEIGHTED	1589	0.3969	80210001	80210001	1	2
chr8	81880001	85027000	3.3487	2534	0.5814	0.7004	NONE	NONE	BAF_WEIGHTED	2946	0.3489	81880001	81880001	1	2
chr8	85027001	85547000	2.2648	94	0.5714	0.5587	NONE	NONE	BAF_WEIGHTED	490	0.3827	85027001	85027001	1	1
chr8	85547001	86044268	2.578	3	0.7273	1.159	NONE	BND	BAF_WEIGHTED	298	0.3773	85547001	85547001	0	3
chr8	86044269	86176000	4.2783	63	0.6304	0.7796	BND	NONE	BAF_WEIGHTED	123	0.3905	86044269	86044269	1	3
chr8	86176001	86340000	5.1376	69	0.6444	0.782	NONE	NONE	BAF_WEIGHTED	157	0.3829	86176001	86176001	1	4
chr8	86340001	86567000	3.3511	149	0.6444	0.8554	NONE	NONE	BAF_WEIGHTED	220	0.3756	86340001	86340001	0	3
chr8	86567001	86803296	4.4772	145	0.6207	0.7527	NONE	BND	BAF_WEIGHTED	220	0.374	86567001	86567001	1	3
chr8	86803297	87859000	4.4983	753	0.6122	0.7343	BND	NONE	BAF_WEIGHTED	961	0.354	86803297	86803297	1	3
chr8	87859001	88333000	3.5596	132	0.6172	0.7784	NONE	NONE	BAF_WEIGHTED	451	0.3595	87859001	87859001	1	3
chr8	88333001	89716000	4.6083	941	0.6053	0.7172	NONE	NONE	BAF_WEIGHTED	1252	0.3552	88333001	88333001	1	3
chr8	89716001	90016000	2.2961	208	0.6	0.8133	NONE	NONE	BAF_WEIGHTED	291	0.3777	89716001	89716001	0	2
chr8	90016001	90561000	4.4046	1	0.587	0.6837	NONE	NONE	BAF_WEIGHTED	500	0.3725	90016001	90016001	1	3
chr8	90561001	90703000	2.8198	0	0	0.7575	NONE	NONE	BAF_WEIGHTED	138	0.3828	90561001	90561001	1	2
chr8	90703001	90870000	4.1457	0	0	0.8351	NONE	NONE	BAF_WEIGHTED	159	0.3825	90703001	90703001	1	3
chr8	90870001	91259000	3.1593	0	0	0.7836	NONE	NONE	BAF_WEIGHTED	368	0.3625	90870001	90870001	1	2
chr8	91259001	93691000	4.5007	3	0.6667	0.8481	NONE	NONE	BAF_WEIGHTED	2278	0.3741	91259001	91259001	1	4
chr8	93691001	94930000	3.3932	602	0.6082	0.7645	NONE	NONE	BAF_WEIGHTED	1184	0.4076	93691001	93691001	1	3
chr8	94930001	95273000	2.6213	236	0.6132	0.8248	NONE	NONE	BAF_WEIGHTED	332	0.4258	94930001	94930001	0	2
chr8	95273001	95357000	4.3978	18	0.6049	0.7217	NONE	NONE	BAF_WEIGHTED	84	0.4103	95273001	95273001	1	3
chr8	95357001	96044613	5.5934	438	0.5686	0.5363	NONE	BND	BAF_WEIGHTED	627	0.3927	95357001	95357001	3	3
chr8	96044614	96044636	3.6625	0	0	0.5436	BND	BND	STRUCTURAL_VARIANT	0	0	96044614	96044614	2	2
chr8	96044637	97326202	6.0767	472	0.5955	0.6724	BND	BND	BAF_WEIGHTED	1204	0.4032	96044637	96044637	2	4
chr8	97326203	98641270	3.095	293	0.5667	0.6462	BND	BND	BAF_WEIGHTED	1236	0.4191	97326203	97326203	1	2
chr8	98641271	98846000	4.7635	76	0.6023	0.7076	BND	NONE	BAF_WEIGHTED	168	0.3808	98641271	98641271	1	3
chr8	98846001	100211000	5.8221	546	0.6034	0.6904	NONE	NONE	BAF_WEIGHTED	1245	0.375	98846001	98846001	2	4
chr8	100211001	100545000	3.9432	143	0.5926	0.7076	NONE	NONE	BAF_WEIGHTED	321	0.413	100211001	100211001	1	3
chr8	100545001	100787000	5.1042	191	0.6122	0.7198	NONE	NONE	BAF_WEIGHTED	235	0.4292	100545001	100545001	1	4
chr8	100787001	100814000	3.4464	38	0.613	0.7737	NONE	NONE	BAF_WEIGHTED	26	0.4457	100787001	100787001	1	3
chr8	100814001	101909978	3.5667	280	0.7166	1.0123	NONE	DEL	BAF_WEIGHTED	1035	0.4253	100814001	100814001	0	4
chr8	101909979	101910012	1.1964	0	0	1.0233	DEL	DEL	STRUCTURAL_VARIANT	0	0	101909979	101909979	0	1
chr8	101910013	102931000	3.5755	484	0.7143	1.0078	DEL	NONE	BAF_WEIGHTED	980	0.425	101910013	101910013	0	4
chr8	102931001	103276000	4.4165	192	0.735	0.9955	NONE	NONE	BAF_WEIGHTED	340	0.4182	102931001	102931001	0	4
chr8	103276001	103454000	3.4556	80	0.7097	1.0068	NONE	NONE	BAF_WEIGHTED	169	0.3865	103276001	103276001	0	3
chr8	103454001	103714000	5.3155	420	0.7333	0.9482	NONE	NONE	BAF_WEIGHTED	241	0.371	103454001	103454001	0	5
chr8	103714001	106577000	4.2092	1561	0.7059	0.9454	NONE	NONE	BAF_WEIGHTED	2724	0.3678	103714001	103714001	0	4
chr8	106577001	106767000	2.4549	50	0.691	1.072	NONE	NONE	BAF_WEIGHTED	179	0.3599	106577001	106577001	0	2
chr8	106767001	109523134	3.7089	1257	0.7	0.964	NONE	DEL	BAF_WEIGHTED	2610	0.3714	106767001	106767001	0	4
chr8	109523135	109601000	0.4019	29	0.5833	1	DEL	NONE	BAF_WEIGHTED	76	0.3803	109523135	109523135	0	0
chr8	109601001	115055000	1.6012	1932	0.5909	0.8689	NONE	NONE	BAF_WEIGHTED	5176	0.3439	109601001	109601001	0	1
chr8	115055001	115397000	1.0068	62	0.6	1.0864	NONE	NONE	BAF_WEIGHTED	326	0.3627	115055001	115055001	0	1
chr8	115397001	115675000	0.2353	62	0.5963	1	NONE	NONE	BAF_WEIGHTED	275	0.354	115397001	115397001	0	0
chr8	115675001	116637000	1.0199	202	0.5973	1.0644	NONE	NONE	BAF_WEIGHTED	918	0.3791	115675001	115675001	0	1
chr8	116637001	116774000	0.248	3	0.55	0.5777	NONE	NONE	BAF_WEIGHTED	134	0.3715	116637001	116637001	0	0
chr8	116774001	117952000	1.2843	505	0.6053	1.0068	NONE	NONE	BAF_WEIGHTED	1131	0.3889	116774001	116774001	0	1
chr8	117952001	118083000	2.9854	4	0.5331	0.6699	NONE	NONE	BAF_WEIGHTED	130	0.4106	117952001	117952001	1	2
chr8	118083001	118143000	2.9044	50	0.709	1.0614	NONE	NONE	BAF_WEIGHTED	59	0.4247	118083001	118083001	0	3
chr8	118143001	119563000	4.0366	725	0.6993	0.9441	NONE	NONE	BAF_WEIGHTED	1301	0.3876	118143001	118143001	0	4
chr8	119563001	119723242	3.238	55	0.7169	1.0452	NONE	INV	BAF_WEIGHTED	159	0.3974	119563001	119563001	0	3
chr8	119723243	120475000	1.1128	537	0.6061	1.073	INV	NONE	BAF_WEIGHTED	723	0.3943	119723243	119723243	0	1
chr8	120475001	120531000	0.6175	2	0.6569	1	NONE	NONE	BAF_WEIGHTED	53	0.3461	120475001	120475001	0	1
chr8	120531001	120944000	2.1508	166	0.6705	1.0588	NONE	NONE	BAF_WEIGHTED	391	0.3964	120531001	120531001	0	2
chr8	120944001	122572000	3.3198	1349	0.6667	0.9126	NONE	NONE	BAF_WEIGHTED	1543	0.3772	120944001	120944001	0	3
chr8	122572001	123683299	2.3739	465	0.6667	1.0134	NONE	DEL	BAF_WEIGHTED	1093	0.4356	122572001	122572001	0	2
chr8	123683300	123721026	4.0536	20	0.7387	1.0269	DEL	INV	BAF_WEIGHTED	37	0.4538	123683300	123683300	0	4
chr8	123721027	124137000	2.9421	322	0.6667	0.9441	INV	NONE	BAF_WEIGHTED	400	0.4092	123721027	123721027	0	3
chr8	124137001	125667000	2.1484	967	0.68	1.0903	NONE	NONE	BAF_WEIGHTED	1476	0.4284	124137001	124137001	0	2
chr8	125667001	126809000	3.0386	668	0.6719	0.9496	NONE	NONE	BAF_WEIGHTED	1082	0.3959	125667001	125667001	0	3
chr8	126809001	127343686	2.0749	365	0.6552	1.0215	NONE	DUP	BAF_WEIGHTED	498	0.3904	126809001	126809001	0	2
chr8	127343687	127445830	3.3253	93	0.7143	1.0299	DUP	DUP	BAF_WEIGHTED	89	0.4022	127343687	127343687	0	3
chr8	127445831	128687000	2.2778	698	0.6667	1.025	DUP	NONE	BAF_WEIGHTED	1202	0.4227	127445831	127445831	0	2
chr8	128687001	129856000	2.9004	568	0.6769	0.9757	NONE	NONE	BAF_WEIGHTED	1088	0.3869	128687001	128687001	0	3
chr8	129856001	130497000	1.9614	66	0.6485	1.0194	NONE	NONE	BAF_WEIGHTED	626	0.4268	129856001	129856001	0	2
chr8	130497001	131898000	3.5833	1086	0.6761	0.9179	NONE	NONE	BAF_WEIGHTED	1305	0.3952	130497001	130497001	0	3
chr8	131898001	132061000	1.8323	1	0.5833	0.8059	NONE	NONE	BAF_WEIGHTED	157	0.3816	131898001	131898001	0	1
chr8	132061001	132753000	3.2618	109	0.6667	0.9169	NONE	NONE	BAF_WEIGHTED	665	0.4236	132061001	132061001	0	3
chr8	132753001	133690000	2.2107	919	0.6786	1.0742	NONE	NONE	BAF_WEIGHTED	918	0.4536	132753001	132753001	0	2
chr8	133690001	134681000	2.9382	750	0.6761	0.9696	NONE	NONE	BAF_WEIGHTED	942	0.4224	133690001	133690001	0	3
chr8	134681001	134845500	1.8855	45	0.6786	1.1424	NONE	NONE	BAF_WEIGHTED	161	0.4203	134681001	134681001	0	2
chr8	134845501	135684000	2.9918	384	0.6575	0.9153	NONE	NONE	BAF_WEIGHTED	810	0.4183	134845001	134846001	0	3
chr8	135684001	137225000	3.9591	808	0.6765	0.8948	NONE	NONE	BAF_WEIGHTED	1456	0.383	135684001	135684001	0	4
chr8	137225001	139903000	4.5638	1705	0.7024	0.9195	NONE	NONE	BAF_WEIGHTED	2536	0.428	137225001	137225001	0	4
chr8	139903001	141404000	3.4029	522	0.7004	0.981	NONE	NONE	BAF_WEIGHTED	1370	0.4717	139903001	139903001	0	3
chr8	141404001	142564000	4.4284	777	0.68	0.879	NONE	NONE	BAF_WEIGHTED	823	0.5513	141404001	141404001	1	4
chr8	142564001	143537500	3.5513	1247	0.6667	0.8965	NONE	NONE	BAF_WEIGHTED	622	0.5436	142564001	142564001	0	3
chr8	143537501	143617000	2.1984	121	0.6774	1.0725	NONE	NONE	BAF_WEIGHTED	33	0.6107	143536001	143539001	0	2
chr8	143617001	145138636	3.2539	514	0.6692	0.9389	NONE	TELOMERE	BAF_WEIGHTED	903	0.5415	143617001	143617001	0	3
chr9	1	763000	2.1095	398	0.6875	1.1227	TELOMERE	NONE	BAF_WEIGHTED	543	0.4182	1	1	0	2
chr9	763001	1911000	2.9398	1166	0.6765	0.9705	NONE	NONE	BAF_WEIGHTED	1056	0.4059	763001	763001	0	3
chr9	1911001	2298000	1.6711	337	0.6452	1.0707	NONE	NONE	BAF_WEIGHTED	368	0.4061	1911001	1911001	0	2
chr9	2298001	3149960	2.5933	605	0.6781	1.013	NONE	BND	BAF_WEIGHTED	811	0.3944	2298001	2298001	0	3
chr9	3149961	5018000	5.8047	889	0.5745	0.5168	BND	NONE	BAF_WEIGHTED	1758	0.3933	3149961	3149961	3	3
chr9	5018001	5422000	7.0817	101	0.5682	0.5648	NONE	NONE	BAF_WEIGHTED	341	0.3783	5018001	5018001	3	4
chr9	5422001	6859494	5.8134	796	0.5714	0.516	NONE	DEL	BAF_WEIGHTED	1314	0.4058	5422001	5422001	3	3
chr9	6859495	6859630	3.0666	0	0	0.9174	DEL	DEL	STRUCTURAL_VARIANT	0	0	6859495	6859495	0	3
chr9	6859631	7216000	5.3822	445	0.5652	0.5574	DEL	NONE	BAF_WEIGHTED	344	0.3926	6859631	6859631	2	3
chr9	7216001	11819521	6.4719	4416	0.5598	0.6147	NONE	DEL	BAF_WEIGHTED	4365	0.3616	7216001	7216001	2	4
chr9	11819522	11819728	2.9178	0	0	0.8546	DEL	DEL	STRUCTURAL_VARIANT	0	0	11819522	11819522	0	2
chr9	11819729	12696000	6.7549	733	0.5556	0.5922	DEL	NONE	BAF_WEIGHTED	830	0.3474	11819729	11819729	3	4
chr9	12696001	12988000	4.5793	152	0.5746	0.6551	NONE	NONE	BAF_WEIGHTED	281	0.3622	12696001	12696001	2	3
chr9	12988001	14048500	5.7102	817	0.5676	0.5254	NONE	NONE	BAF_WEIGHTED	1013	0.3763	12988001	12988001	3	3
chr9	14048501	14376000	4.1274	133	0.5652	0.5154	NONE	NONE	BAF_WEIGHTED	321	0.3841	14048001	14049001	2	2
chr9	14376001	14699000	5.3468	175	0.5714	0.5611	NONE	NONE	BAF_WEIGHTED	304	0.384	14376001	14376001	2	3
chr9	14699001	14845000	6.6548	175	0.5652	0.6011	NONE	NONE	BAF_WEIGHTED	146	0.3878	14699001	14699001	3	4
chr9	14845001	15878000	4.3156	813	0.5625	0.5366	NONE	NONE	BAF_WEIGHTED	937	0.3896	14845001	14845001	2	2
chr9	15878001	17858398	6.0493	1677	0.5574	0.5041	NONE	DEL	BAF_WEIGHTED	1871	0.3947	15878001	15878001	3	3
chr9	17858399	17858539	3.4882	0	0	0.8742	DEL	DEL	STRUCTURAL_VARIANT	0	0	17858399	17858399	0	3
chr9	17858540	18117366	6.2117	227	0.5582	0.5191	DEL	DEL	BAF_WEIGHTED	238	0.3822	17858540	17858540	3	3
chr9	18117367	19045500	3.323	684	0.7057	1.0089	DEL	NONE	BAF_WEIGHTED	875	0.3929	18117367	18117367	0	3
chr9	19045501	19525000	1.5771	293	0.6458	1.098	NONE	NONE	BAF_WEIGHTED	455	0.4186	19045001	19046001	0	2
chr9	19525001	19916000	2.3977	248	0.6429	0.9347	NONE	NONE	BAF_WEIGHTED	353	0.3908	19525001	19525001	0	2
chr9	19916001	22251000	1.5361	1341	0.6471	1.116	NONE	NONE	BAF_WEIGHTED	2117	0.3796	19916001	19916001	0	2
chr9	22251001	26742000	2.2902	2421	0.6373	0.9315	NONE	NONE	BAF_WEIGHTED	4160	0.3604	22251001	22251001	0	2
chr9	26742001	27323000	1.6497	506	0.6429	1.0671	NONE	NONE	BAF_WEIGHTED	551	0.389	26742001	26742001	0	2
chr9	27323001	27576000	1.0084	176	0.6429	1.3368	NONE	NONE	BAF_WEIGHTED	246	0.4104	27323001	27323001	0	1
chr9	27576001	28979000	2.2754	898	0.6377	0.9339	NONE	NONE	BAF_WEIGHTED	1323	0.3653	27576001	27576001	0	2
chr9	28979001	29071000	3.7693	4	0.7009	0.9619	NONE	NONE	BAF_WEIGHTED	84	0.3381	28979001	28979001	0	4
chr9	29071001	31671000	2.2858	1773	0.6333	0.9189	NONE	NONE	BAF_WEIGHTED	2432	0.3473	29071001	29071001	0	2
chr9	31671001	31703000	0.1312	5	0.619	1	NONE	NONE	BAF_WEIGHTED	32	0.3512	31671001	31671001	0	0
chr9	31703001	32377000	2.5685	223	0.6512	0.9394	NONE	NONE	BAF_WEIGHTED	603	0.3685	31703001	31703001	0	2
chr9	32377001	32586000	1.3197	127	0.6522	1.2169	NONE	NONE	BAF_WEIGHTED	202	0.4083	32377001	32377001	0	1
chr9	32586001	33000000	2.5224	304	0.6667	0.9903	NONE	NONE	BAF_WEIGHTED	383	0.4131	32586001	32586001	0	2
chr9	33000001	33152000	0.9286	258	0.6377	1	NONE	NONE	BAF_WEIGHTED	143	0.4419	33000001	33000001	0	1
chr9	33152001	33169000	-0.9349	7	0.6875	1	NONE	NONE	BAF_WEIGHTED	16	0.4768	33152001	33152001	0	-1
chr9	33169001	34673000	1.598	1007	0.6538	1.1251	NONE	NONE	BAF_WEIGHTED	1184	0.4578	33169001	33169001	0	2
chr9	34673001	34982000	2.3473	119	0.6765	1.0447	NONE	NONE	BAF_WEIGHTED	260	0.4267	34673001	34673001	0	2
chr9	34982001	36364000	1.5043	558	0.6296	1.0514	NONE	NONE	BAF_WEIGHTED	1291	0.4461	34982001	34982001	0	2
chr9	36364001	36496000	1.0199	29	0.625	1.2251	NONE	NONE	BAF_WEIGHTED	129	0.4206	36363001	36364001	0	1
chr9	36496001	37076000	2.1103	246	0.6545	1.013	NONE	NONE	BAF_WEIGHTED	552	0.465	36496001	36496001	0	2
chr9	37076001	37344000	0.9667	122	0.655	1	NONE	NONE	BAF_WEIGHTED	250	0.3694	37075001	37077001	0	1
chr9	37344001	38365851	1.5115	567	0.6296	1.0495	NONE	DEL	BAF_WEIGHTED	985	0.4559	37344001	37344001	0	2
chr9	38365852	44377362	4.6187	288	0.5773	0.6476	DEL	CENTROMERE	BAF_WEIGHTED	263	0.4444	38365852	38365852	2	3
chr9	44377363	70252000	3.0682	915	0.5673	0.6513	CENTROMERE	NONE	BAF_WEIGHTED	1648	0.4091	44377363	44377363	1	2
chr9	70252001	70642000	2.5828	268	0.5652	0.6128	NONE	NONE	BAF_WEIGHTED	383	0.4104	70252001	70252001	1	2
chr9	70642001	71636000	4.1616	580	0.5585	0.5194	NONE	NONE	BAF_WEIGHTED	924	0.3753	70642001	70642001	2	2
chr9	71636001	71960000	2.5121	71	0.5714	0.6019	NONE	NONE	BAF_WEIGHTED	320	0.3949	71636001	71636001	1	2
chr9	71960001	72280000	4.1798	170	0.5659	0.5215	NONE	NONE	BAF_WEIGHTED	301	0.4134	71960001	71960001	2	2
chr9	72280001	72595000	2.4573	351	0.5588	0.5931	NONE	NONE	BAF_WEIGHTED	307	0.4105	72280001	72280001	1	1
chr9	72595001	73111000	3.3817	387	0.5588	0.5914	NONE	NONE	BAF_WEIGHTED	501	0.3721	72595001	72595001	1	2
chr9	73111001	73161000	1.3677	2	0.6048	0.98	NONE	NONE	BAF_WEIGHTED	49	0.3539	73111001	73111001	0	1
chr9	73161001	74934000	4.1635	828	0.5637	0.5196	NONE	NONE	BAF_WEIGHTED	1699	0.3628	73161001	73161001	2	2
chr9	74934001	75243000	2.9195	208	0.5659	0.685	NONE	NONE	BAF_WEIGHTED	293	0.3983	74934001	74934001	1	2
chr9	75243001	76392000	4.1282	933	0.5581	0.5155	NONE	NONE	BAF_WEIGHTED	1085	0.3938	75243001	75243001	2	2
chr9	76392001	76664000	2.2822	74	0.5657	0.5618	NONE	NONE	BAF_WEIGHTED	258	0.4163	76392001	76392001	1	1
chr9	76664001	77149000	4.3132	298	0.5526	0.5363	NONE	NONE	BAF_WEIGHTED	461	0.4143	76664001	76664001	2	2
chr9	77149001	77710000	3.3507	89	0.5517	0.5969	NONE	NONE	BAF_WEIGHTED	519	0.3916	77149001	77149001	1	2
chr9	77710001	78304000	2.6122	383	0.5758	0.6172	NONE	NONE	BAF_WEIGHTED	552	0.3947	77710001	77710001	1	2
chr9	78304001	78576256	4.0631	182	0.5617	0.5078	NONE	DEL	BAF_WEIGHTED	257	0.4204	78304001	78304001	2	2
chr9	78576257	78576292	2.2331	0	0	0.8956	DEL	DEL	STRUCTURAL_VARIANT	0	0	78576257	78576257	0	2
chr9	78576293	79558000	3.8812	301	0.56	0.5153	DEL	NONE	BAF_WEIGHTED	925	0.3813	78576293	78576293	2	2
chr9	79558001	79702000	2.3541	15	0.5833	0.7566	NONE	NONE	BAF_WEIGHTED	137	0.392	79558001	79558001	1	2
chr9	79702001	80339472	3.7088	291	0.5645	0.5438	NONE	BND	BAF_WEIGHTED	609	0.3824	79702001	79702001	2	2
chr9	80339473	83324000	2.0237	1675	0.6364	0.9664	BND	NONE	BAF_WEIGHTED	2762	0.3848	80339473	80339473	0	2
chr9	83324001	84400000	1.5496	847	0.6296	1.0391	NONE	NONE	BAF_WEIGHTED	939	0.4108	83324001	83324001	0	2
chr9	84400001	85535000	2.1277	711	0.6452	0.9793	NONE	NONE	BAF_WEIGHTED	1084	0.4109	84400001	84400001	0	2
chr9	85535001	86464000	1.5202	430	0.6364	1.0757	NONE	NONE	BAF_WEIGHTED	766	0.4003	85535001	85535001	0	2
chr9	86464001	89309000	2.0023	1462	0.6462	1.0036	NONE	NONE	BAF_WEIGHTED	2645	0.4258	86464001	86464001	0	2
chr9	89309001	89323000	-0.7828	1	0.6364	1	NONE	NONE	BAF_WEIGHTED	13	0.4253	89309001	89309001	0	-1
chr9	89323001	90109000	1.3741	567	0.6333	1.1083	NONE	NONE	BAF_WEIGHTED	761	0.4714	89323001	89323001	0	1
chr9	90109001	91158000	1.8728	764	0.625	0.9518	NONE	NONE	BAF_WEIGHTED	963	0.4144	90109001	90109001	0	2
chr9	91158001	91436000	1.0366	48	0.6415	1.3096	NONE	NONE	BAF_WEIGHTED	261	0.4121	91158001	91158001	0	1
chr9	91436001	92027000	1.9546	92	0.6321	0.9632	NONE	NONE	BAF_WEIGHTED	571	0.4373	91436001	91436001	0	2
chr9	92027001	93618000	1.5488	605	0.6429	1.0947	NONE	NONE	BAF_WEIGHTED	1375	0.4531	92027001	92027001	0	2
chr9	93618001	93947000	2.4982	299	0.65	0.944	NONE	NONE	BAF_WEIGHTED	298	0.4684	93618001	93618001	0	2
chr9	93947001	94779000	1.868	670	0.6429	1.0175	NONE	NONE	BAF_WEIGHTED	629	0.4292	93947001	93947001	0	2
chr9	94779001	95223000	1.0977	226	0.625	1.1826	NONE	NONE	BAF_WEIGHTED	435	0.4324	94779001	94779001	0	1
chr9	95223001	97900000	1.7636	1148	0.6364	1.0151	NONE	NONE	BAF_WEIGHTED	2260	0.4324	95223001	95223001	0	2
chr9	97900001	98274000	1.0703	204	0.625	1.1969	NONE	NONE	BAF_WEIGHTED	352	0.4618	97900001	97900001	0	1
chr9	98274001	98773000	1.9395	462	0.636	0.9804	NONE	NONE	BAF_WEIGHTED	476	0.4585	98274001	98274001	0	2
chr9	98773001	100606000	1.4194	553	0.6389	1.1181	NONE	NONE	BAF_WEIGHTED	1750	0.4101	98773001	98773001	0	1
chr9	100606001	101360000	2.2612	201	0.6364	0.9318	NONE	NONE	BAF_WEIGHTED	682	0.385	100606001	100606001	0	2
chr9	101360001	101590000	1.4606	152	0.6382	1.1015	NONE	NONE	BAF_WEIGHTED	225	0.3913	101360001	101360001	0	1
chr9	101590001	104728500	2.169	2445	0.6349	0.9405	NONE	NONE	BAF_WEIGHTED	2918	0.3564	101590001	101590001	0	2
chr9	104728501	105560000	1.3844	269	0.6364	1.1188	NONE	NONE	BAF_WEIGHTED	799	0.4093	104728001	104729001	0	1
chr9	105560001	109953000	1.8534	1963	0.6296	0.972	NONE	NONE	BAF_WEIGHTED	4176	0.4116	105560001	105560001	0	2
chr9	109953001	110268000	1.0898	308	0.6552	1.3525	NONE	NONE	BAF_WEIGHTED	293	0.4319	109953001	109953001	0	1
chr9	110268001	111596000	1.9022	1005	0.6364	0.9875	NONE	NONE	BAF_WEIGHTED	1257	0.3862	110268001	110268001	0	2
chr9	111596001	112926000	1.2621	1173	0.64	1.1832	NONE	NONE	BAF_WEIGHTED	1291	0.4108	111596001	111596001	0	1
chr9	112926001	113142000	2.3084	96	0.6353	0.9221	NONE	NONE	BAF_WEIGHTED	164	0.4065	112926001	112926001	0	2
chr9	113142001	113667000	1.0818	249	0.625	1.1908	NONE	NONE	BAF_WEIGHTED	502	0.4622	113142001	113142001	0	1
chr9	113667001	113873000	2.1357	11	0.6944	1.1401	NONE	NONE	BAF_WEIGHTED	203	0.4242	113667001	113667001	0	2
chr9	113873001	115072000	1.3403	831	0.6316	1.1124	NONE	NONE	BAF_WEIGHTED	1142	0.461	113873001	113873001	0	1
chr9	115072001	115613947	2.1039	366	0.6462	0.9863	NONE	DEL	BAF_WEIGHTED	515	0.392	115072001	115072001	0	2
chr9	115613948	115614775	0	0	0	1	DEL	DEL	STRUCTURAL_VARIANT	0	0	115613948	115613948	0	0
chr9	115614776	120396000	2.2723	2677	0.6364	0.9303	DEL	NONE	BAF_WEIGHTED	4595	0.3986	115614776	115614776	0	2
chr9	120396001	121401000	0.9953	218	0.6415	1	NONE	NONE	BAF_WEIGHTED	962	0.4212	120396001	120396001	0	1
chr9	121401001	121815987	1.4257	287	0.6316	1.0836	NONE	DEL	BAF_WEIGHTED	378	0.5012	121401001	121401001	0	1
chr9	121815988	121816019	0	0	0	1	DEL	DEL	STRUCTURAL_VARIANT	0	0	121815988	121815988	0	0
chr9	121816020	122411500	1.5702	170	0.6348	1.0554	DEL	NONE	BAF_WEIGHTED	575	0.4557	121816020	121816020	0	2
chr9	122411501	122805000	2.3048	104	0.64	0.9373	NONE	NONE	BAF_WEIGHTED	346	0.3945	122408001	122415001	0	2
chr9	122805001	123345000	1.0314	44	0.6043	1.0997	NONE	NONE	BAF_WEIGHTED	522	0.4061	122805001	122805001	0	1
chr9	123345001	125969500	1.5583	1081	0.6444	1.0981	NONE	NONE	BAF_WEIGHTED	2495	0.4424	123345001	123345001	0	2
chr9	125969501	126299000	2.6979	216	0.6667	0.9692	NONE	NONE	BAF_WEIGHTED	311	0.4714	125969001	125970001	0	3
chr9	126299001	127897500	1.5055	957	0.625	1.0316	NONE	NONE	BAF_WEIGHTED	1490	0.4859	126299001	126299001	0	2
chr9	127897501	128160500	0.7713	47	0.619	1	NONE	NONE	BAF_WEIGHTED	224	0.5304	127897001	127898001	0	1
chr9	128160501	130245000	1.5393	947	0.64	1.0854	NONE	NONE	BAF_WEIGHTED	1885	0.5124	128160001	128161001	0	2
chr9	130245001	130680000	2.2524	167	0.6286	0.9082	NONE	NONE	BAF_WEIGHTED	378	0.5226	130245001	130245001	0	2
chr9	130680001	130875000	1.2978	27	0.6296	1.1186	NONE	NONE	BAF_WEIGHTED	187	0.4489	130680001	130680001	0	1
chr9	130875001	131094000	2.2564	117	0.6296	0.9108	NONE	NONE	BAF_WEIGHTED	185	0.5456	130875001	130875001	0	2
chr9	131094001	131622000	1.5925	128	0.645	1.0908	NONE	NONE	BAF_WEIGHTED	480	0.4969	131094001	131094001	0	2
chr9	131622001	131742000	0.5863	1	0.7083	1	NONE	NONE	BAF_WEIGHTED	113	0.4673	131622001	131622001	0	1
chr9	131742001	134461000	1.9713	1928	0.6389	0.9839	NONE	NONE	BAF_WEIGHTED	2210	0.5138	131742001	131742001	0	2
chr9	134461001	135840000	2.7099	921	0.64	0.893	NONE	NONE	BAF_WEIGHTED	1055	0.5363	134461001	134461001	0	2
chr9	135840001	137840000	1.9554	1023	0.6364	0.978	NONE	NONE	BAF_WEIGHTED	1137	0.5701	135840001	135840001	0	2
chr9	137840001	138394717	2.7853	142	0.6519	0.9189	NONE	TELOMERE	BAF_WEIGHTED	234	0.4903	137840001	137840001	0	3
chr10	1	1084000	3.5727	222	0.575	0.5598	TELOMERE	NONE	BAF_WEIGHTED	742	0.4653	1	1	2	2
chr10	1084001	3037000	4.6361	1805	0.5625	0.6471	NONE	NONE	BAF_WEIGHTED	1854	0.4283	1084001	1084001	2	3
chr10	3037001	3790489	3.2844	610	0.5625	0.6089	NONE	DUP	BAF_WEIGHTED	718	0.4471	3037001	3037001	1	2
chr10	3790490	3808544	4.6865	24	0.6166	0.7385	DUP	DUP	BAF_WEIGHTED	17	0.4198	3790490	3790490	1	3
chr10	3808545	4722419	3.474	679	0.5589	0.5837	DUP	DEL	BAF_WEIGHTED	905	0.3947	3808545	3808545	1	2
chr10	4722420	4723951	1.2936	0	0	1	DEL	DEL	STRUCTURAL_VARIANT	0	0	4722420	4722420	0	1
chr10	4723952	5403000	3.5405	869	0.561	0.5649	DEL	NONE	BAF_WEIGHTED	537	0.4002	4723952	4723952	2	2
chr10	5403001	6212000	2.719	473	0.5714	0.6322	NONE	NONE	BAF_WEIGHTED	772	0.4587	5403001	5403001	1	2
chr10	6212001	6885000	3.6358	402	0.5714	0.5501	NONE	NONE	BAF_WEIGHTED	612	0.4294	6212001	6212001	2	2
chr10	6885001	7526000	2.9623	452	0.5723	0.6629	NONE	NONE	BAF_WEIGHTED	607	0.4258	6885001	6885001	1	2
chr10	7526001	7736000	4.0945	165	0.5714	0.5115	NONE	NONE	BAF_WEIGHTED	208	0.441	7526001	7526001	2	2
chr10	7736001	8490000	2.9727	354	0.5676	0.6728	NONE	NONE	BAF_WEIGHTED	733	0.4176	7736001	7736001	1	2
chr10	8490001	9333000	3.6473	347	0.5588	0.5483	NONE	NONE	BAF_WEIGHTED	828	0.3674	8490001	8490001	2	2
chr10	9333001	11099000	4.3299	1288	0.56	0.5381	NONE	NONE	BAF_WEIGHTED	1691	0.3801	9333001	9333001	2	2
chr10	11099001	11465000	3.6096	190	0.5714	0.5541	NONE	NONE	BAF_WEIGHTED	353	0.4485	11099001	11099001	2	2
chr10	11465001	11615000	2.1393	2	0.5563	0.5325	NONE	NONE	BAF_WEIGHTED	146	0.3796	11465001	11465001	1	1
chr10	11615001	12361000	3.2717	235	0.5556	0.6113	NONE	NONE	BAF_WEIGHTED	712	0.4524	11615001	11615001	1	2
chr10	12361001	13088000	4.1544	564	0.56	0.5186	NONE	NONE	BAF_WEIGHTED	701	0.45	12361001	12361001	2	2
chr10	13088001	13582000	3.4365	281	0.5641	0.582	NONE	NONE	BAF_WEIGHTED	472	0.4433	13088001	13088001	1	2
chr10	13582001	13797000	2.6813	225	0.56	0.627	NONE	NONE	BAF_WEIGHTED	211	0.4441	13582001	13582001	1	2
chr10	13797001	14498000	4.0266	670	0.5652	0.5033	NONE	NONE	BAF_WEIGHTED	697	0.4326	13797001	13797001	2	2
chr10	14498001	15388000	2.9068	564	0.5682	0.688	NONE	NONE	BAF_WEIGHTED	809	0.4351	14498001	14498001	1	2
chr10	15388001	15776000	4.162	306	0.57	0.5195	NONE	NONE	BAF_WEIGHTED	370	0.4081	15388001	15388001	2	2
chr10	15776001	15910000	3.0156	78	0.5556	0.6632	NONE	NONE	BAF_WEIGHTED	128	0.3669	15776001	15776001	1	2
chr10	15910001	16422000	4.5642	195	0.5625	0.6573	NONE	NONE	BAF_WEIGHTED	479	0.3872	15910001	15910001	2	3
chr10	16422001	16813000	3.6104	207	0.5667	0.554	NONE	NONE	BAF_WEIGHTED	385	0.4129	16422001	16422001	2	2
chr10	16813001	17245000	2.5264	239	0.5769	0.6042	NONE	NONE	BAF_WEIGHTED	413	0.3939	16813001	16813001	1	2
chr10	17245001	17759000	3.0958	251	0.5758	0.646	NONE	NONE	BAF_WEIGHTED	490	0.4041	17245001	17245001	1	2
chr10	17759001	18553000	3.8808	774	0.5605	0.5154	NONE	NONE	BAF_WEIGHTED	776	0.4006	17759001	17759001	2	2
chr10	18553001	18573000	9.5427	1	0.5072	0.524	NONE	NONE	BAF_WEIGHTED	19	0.4044	18553001	18553001	5	5
chr10	18573001	18683000	2.9378	23	0.5833	0.7221	NONE	NONE	BAF_WEIGHTED	101	0.3963	18573001	18573001	1	2
chr10	18683001	19808000	4.2267	979	0.5588	0.5268	NONE	NONE	BAF_WEIGHTED	1055	0.3648	18683001	18683001	2	2
chr10	19808001	20302000	3.2205	399	0.5667	0.621	NONE	NONE	BAF_WEIGHTED	472	0.3732	19808001	19808001	1	2
chr10	20302001	20556000	4.4165	201	0.551	0.5472	NONE	NONE	BAF_WEIGHTED	219	0.3817	20302001	20302001	2	2
chr10	20556001	21515000	3.7403	451	0.5652	0.5347	NONE	NONE	BAF_WEIGHTED	906	0.4083	20556001	20562001	2	2
chr10	21515001	21537000	1.2816	9	0.5417	0.7803	NONE	NONE	BAF_WEIGHTED	18	0.4509	21515001	21515001	0	1
chr10	21537001	22613000	3.2018	150	0.5652	0.6246	NONE	NONE	BAF_WEIGHTED	1000	0.3962	21537001	21537001	1	2
chr10	22613001	22724000	2.25	8	0.5292	0.5556	NONE	NONE	BAF_WEIGHTED	109	0.4101	22613001	22613001	1	1
chr10	22724001	24190000	3.8471	512	0.5556	0.5199	NONE	NONE	BAF_WEIGHTED	1359	0.4001	22724001	22724001	2	2
chr10	24190001	24846000	2.8345	263	0.5625	0.7056	NONE	NONE	BAF_WEIGHTED	634	0.4171	24190001	24190001	1	2
chr10	24846001	25041308	2.3541	134	0.5789	0.743	NONE	BND	BAF_WEIGHTED	189	0.4053	24846001	24846001	1	2
chr10	25041309	26713000	2.1696	1153	0.6363	0.9435	BND	NONE	BAF_WEIGHTED	1530	0.3922	25041309	25041309	0	2
chr10	26713001	26864000	0.7229	3	0.619	1	NONE	NONE	BAF_WEIGHTED	148	0.395	26710001	26715001	0	1
chr10	26864001	27576000	1.5385	863	0.6333	1.0576	NONE	NONE	BAF_WEIGHTED	627	0.3955	26864001	26864001	0	2
chr10	27576001	28169000	2.1762	248	0.6352	0.9396	NONE	NONE	BAF_WEIGHTED	556	0.3878	27576001	27576001	0	2
chr10	28169001	28465000	1.5528	148	0.625	1.0192	NONE	NONE	BAF_WEIGHTED	294	0.4067	28169001	28169001	0	2
chr10	28465001	31270000	2.791	2091	0.5677	0.7134	NONE	NONE	BAF_WEIGHTED	2626	0.4252	28465001	28465001	1	2
chr10	31270001	31700000	1.3121	82	0.6566	1.2412	NONE	NONE	BAF_WEIGHTED	387	0.3835	31270001	31270001	0	1
chr10	31700001	31906000	2.5459	140	0.5588	0.6072	NONE	NONE	BAF_WEIGHTED	192	0.3996	31700001	31700001	1	2
chr10	31906001	32159000	1.1724	201	0.6286	1.1657	NONE	NONE	BAF_WEIGHTED	238	0.4162	31906001	31906001	0	1
chr10	32159001	32168461	2.7083	12	0.6442	0.9048	NONE	INV	BAF_WEIGHTED	9	0.4911	32159001	32159001	0	2
chr10	32168462	32376000	3.8495	158	0.5882	0.7004	INV	NONE	BAF_WEIGHTED	200	0.4115	32168462	32168462	1	3
chr10	32376001	32381000	-0.0792	0	0	1	NONE	NONE	BAF_WEIGHTED	5	0.353	32376001	32376001	0	0
chr10	32381001	32881000	5.5267	441	0.5957	0.6805	NONE	NONE	BAF_WEIGHTED	405	0.3715	32381001	32381001	2	4
chr10	32881001	33131000	4.0544	86	0.6057	0.7334	NONE	NONE	BAF_WEIGHTED	237	0.4087	32881001	32881001	1	3
chr10	33131001	34160000	6.1696	665	0.5952	0.6708	NONE	NONE	BAF_WEIGHTED	998	0.4147	33131001	33131001	2	4
chr10	34160001	34376958	1.6949	74	0.6112	0.9326	NONE	INV	BAF_WEIGHTED	213	0.391	34160001	34160001	0	2
chr10	34376959	35567000	4.5396	716	0.5909	0.6889	INV	NONE	BAF_WEIGHTED	1152	0.4197	34376959	34376959	1	3
chr10	35567001	37098584	5.4346	546	0.5789	0.65	NONE	BND	BAF_WEIGHTED	1416	0.3938	35567001	35567001	2	4
chr10	37098585	37733000	4.0598	282	0.5651	0.5075	BND	NONE	BAF_WEIGHTED	501	0.3941	37098585	37098585	2	2
chr10	37733001	37753000	3.7585	8	0.6507	0.847	NONE	NONE	BAF_WEIGHTED	20	0.4508	37733001	37733001	1	3
chr10	37753001	38913000	2.1595	226	0.6337	0.9369	NONE	NONE	BAF_WEIGHTED	411	0.4035	37753001	37753001	0	2
chr10	38913001	39262000	4.8009	64	0.5664	0.6249	NONE	NONE	BAF_WEIGHTED	257	0.3763	38267001	38979001	2	3
chr10	39262001	40640101	3.241	295	0.6484	0.8724	NONE	CENTROMERE	BAF_WEIGHTED	239	0.3641	39262001	39262001	0	3
chr10	40640102	41909990	7.1222	234	0.5984	0.6661	CENTROMERE	BND	BAF_WEIGHTED	113	0.3643	40640102	40640102	2	5
chr10	41909991	43104000	3.7716	346	0.561	0.5303	BND	NONE	BAF_WEIGHTED	544	0.4464	41909991	41909991	2	2
chr10	43104001	43465000	2.7599	289	0.5714	0.6377	NONE	NONE	BAF_WEIGHTED	303	0.4934	43104001	43104001	1	2
chr10	43465001	44932000	3.6982	1025	0.5625	0.5408	NONE	NONE	BAF_WEIGHTED	1344	0.4343	43464001	43466001	2	2
chr10	44932001	45012000	1.4019	66	0.5672	0.7133	NONE	NONE	BAF_WEIGHTED	73	0.4868	44932001	44932001	0	1
chr10	45012001	45232000	3.7534	162	0.5659	0.5329	NONE	NONE	BAF_WEIGHTED	170	0.3932	45009001	45015001	2	2
chr10	45232001	48303000	3.0265	903	0.5736	0.6687	NONE	NONE	BAF_WEIGHTED	1139	0.4458	45232001	45232001	1	2
chr10	48303001	48543000	2.3211	156	0.5714	0.5692	NONE	NONE	BAF_WEIGHTED	220	0.4301	48303001	48303001	1	1
chr10	48543001	50312000	3.5845	1244	0.5625	0.5601	NONE	NONE	BAF_WEIGHTED	1350	0.4469	48543001	48543001	2	2
chr10	50312001	50764500	1.7505	310	0.5714	0.5713	NONE	NONE	BAF_WEIGHTED	329	0.3951	50312001	50312001	1	1
chr10	50764501	52258000	3.4198	934	0.5667	0.5848	NONE	NONE	BAF_WEIGHTED	1393	0.3637	50741001	50788001	1	2
chr10	52258001	52494000	2.5606	165	0.5814	0.7371	NONE	NONE	BAF_WEIGHTED	217	0.3695	52256001	52258001	1	2
chr10	52494001	57984000	3.7431	5637	0.5608	0.5339	NONE	NONE	BAF_WEIGHTED	5133	0.3506	52494001	52494001	2	2
chr10	57984001	58983000	3.0033	810	0.5652	0.6659	NONE	NONE	BAF_WEIGHTED	926	0.384	57984001	57984001	1	2
chr10	58983001	59793000	3.5195	553	0.5577	0.5683	NONE	NONE	BAF_WEIGHTED	730	0.3841	58983001	58983001	2	2
chr10	59793001	59911000	1.9745	123	0.5862	0.8	NONE	NONE	BAF_WEIGHTED	115	0.4112	59793001	59793001	0	2
chr10	59911001	61732000	2.8758	1249	0.5714	0.6955	NONE	NONE	BAF_WEIGHTED	1773	0.3772	59911001	59911001	1	2
chr10	61732001	62273000	1.706	351	0.5714	0.5862	NONE	NONE	BAF_WEIGHTED	534	0.3904	61732001	61732001	1	1
chr10	62273001	63197000	3.0132	197	0.5676	0.6637	NONE	NONE	BAF_WEIGHTED	867	0.4047	62273001	62273001	1	2
chr10	63197001	63558000	0.7153	5	0.5714	0.5777	NONE	NONE	BAF_WEIGHTED	358	0.3812	63197001	63197001	0	0
chr10	63558001	63724000	2.0348	105	0.5714	0.5086	NONE	NONE	BAF_WEIGHTED	165	0.401	63558001	63558001	1	1
chr10	63724001	67656000	3.5397	2147	0.5641	0.565	NONE	NONE	BAF_WEIGHTED	3685	0.361	63724001	63724001	2	2
chr10	67656001	69315000	2.9338	888	0.5676	0.6817	NONE	NONE	BAF_WEIGHTED	1593	0.4198	67656001	67656001	1	2
chr10	69315001	69510500	1.9487	202	0.5797	0.7801	NONE	NONE	BAF_WEIGHTED	192	0.4972	69315001	69315001	0	2
chr10	69510501	70114000	3.4365	505	0.5625	0.582	NONE	NONE	BAF_WEIGHTED	579	0.4753	69509001	69512001	1	2
chr10	70114001	70236000	1.9737	69	0.5714	0.5067	NONE	NONE	BAF_WEIGHTED	116	0.4409	70114001	70114001	1	1
chr10	70236001	71414000	2.9687	822	0.5714	0.6737	NONE	NONE	BAF_WEIGHTED	1117	0.4917	70236001	70236001	1	2
chr10	71414001	72241000	4.1287	730	0.5889	0.6945	NONE	NONE	BAF_WEIGHTED	799	0.4955	71414001	71414001	1	3
chr10	72241001	72358000	2.6646	62	0.6229	0.8486	NONE	NONE	BAF_WEIGHTED	100	0.5149	72241001	72241001	0	2
chr10	72358001	73277472	4.5015	59	0.5962	0.7008	NONE	DEL	BAF_WEIGHTED	881	0.4007	72358001	72358001	1	3
chr10	73277473	75238500	1.1128	486	0.6429	1.2717	DEL	NONE	BAF_WEIGHTED	1824	0.4186	73277473	73277473	0	1
chr10	75238501	78543000	1.779	1638	0.6301	0.9866	NONE	NONE	BAF_WEIGHTED	3147	0.4348	75238001	75239001	0	2
chr10	78543001	80442000	1.3733	1012	0.625	1.0707	NONE	NONE	BAF_WEIGHTED	1384	0.4834	78543001	78543001	0	1
chr10	80442001	80543500	0.5426	73	0.625	1	NONE	NONE	BAF_WEIGHTED	94	0.4986	80442001	80442001	0	1
chr10	80543501	84296000	2.0006	2457	0.6235	0.9264	NONE	NONE	BAF_WEIGHTED	3560	0.3809	80543001	80544001	0	2
chr10	84296001	84543000	0.7519	225	0.6154	1	NONE	NONE	BAF_WEIGHTED	232	0.3869	84296001	84296001	0	1
chr10	84543001	86396000	2.123	1158	0.6296	0.9285	NONE	NONE	BAF_WEIGHTED	1728	0.4201	84543001	84543001	0	2
chr10	86396001	88808000	1.1763	842	0.6364	1.2042	NONE	NONE	BAF_WEIGHTED	1879	0.4016	86396001	86396001	0	1
chr10	88808001	89429000	0.6673	211	0.6111	1	NONE	NONE	BAF_WEIGHTED	595	0.3928	88808001	88808001	0	1
chr10	89429001	89870000	1.3745	149	0.6176	1.0365	NONE	NONE	BAF_WEIGHTED	422	0.3904	89429001	89429001	0	1
chr10	89870001	90855000	2.0054	489	0.641	0.9853	NONE	NONE	BAF_WEIGHTED	898	0.3766	89870001	89870001	0	2
chr10	90855001	93039000	1.274	938	0.625	1.1054	NONE	NONE	BAF_WEIGHTED	2051	0.4008	90855001	90855001	0	1
chr10	93039001	93375000	1.799	85	0.625	0.9652	NONE	NONE	BAF_WEIGHTED	327	0.4406	93039001	93039001	0	2
chr10	93375001	93512000	0.8817	33	0.6471	1	NONE	NONE	BAF_WEIGHTED	135	0.4388	93375001	93375001	0	1
chr10	93512001	94643000	1.7799	782	0.64	1.0251	NONE	NONE	BAF_WEIGHTED	1083	0.4075	93512001	93512001	0	2
chr10	94643001	95181000	2.7154	478	0.6486	0.9166	NONE	NONE	BAF_WEIGHTED	397	0.3789	94643001	94643001	0	2
chr10	95181001	95912000	1.2097	251	0.6154	1.0825	NONE	NONE	BAF_WEIGHTED	692	0.4271	95181001	95181001	0	1
chr10	95912001	96513500	1.7855	108	0.6462	1.047	NONE	NONE	BAF_WEIGHTED	583	0.4146	95912001	95912001	0	2
chr10	96513501	96989000	1.0461	83	0.64	1.2953	NONE	NONE	BAF_WEIGHTED	455	0.4118	96513001	96514001	0	1
chr10	96989001	97206000	2.2524	55	0.64	0.9443	NONE	NONE	BAF_WEIGHTED	212	0.5003	96989001	96989001	0	2
chr10	97206001	97801000	1.4837	45	0.6538	1.1614	NONE	NONE	BAF_WEIGHTED	555	0.4777	97206001	97206001	0	1
chr10	97801001	98128000	2.3025	124	0.6364	0.9265	NONE	NONE	BAF_WEIGHTED	314	0.4738	97801001	97801001	0	2
chr10	98128001	98492000	1.2391	176	0.6111	1.0501	NONE	NONE	BAF_WEIGHTED	343	0.4456	98128001	98128001	0	1
chr10	98492001	99605000	2.2409	701	0.6452	0.9625	NONE	NONE	BAF_WEIGHTED	1018	0.3978	98492001	98492001	0	2
chr10	99605001	100568000	1.6552	278	0.6291	1.011	NONE	NONE	BAF_WEIGHTED	888	0.4308	99605001	99605001	0	2
chr10	100568001	100877000	2.4228	164	0.6429	0.9317	NONE	NONE	BAF_WEIGHTED	290	0.4935	100568001	100568001	0	2
chr10	100877001	104303000	1.4418	1296	0.6383	1.1026	NONE	NONE	BAF_WEIGHTED	3238	0.4594	100877001	100877001	0	1
chr10	104303001	104357000	0.2118	2	0.75	1	NONE	NONE	BAF_WEIGHTED	52	0.4857	104303001	104303001	0	0
chr10	104357001	108217266	2.4022	1475	0.6417	0.9334	NONE	BND	BAF_WEIGHTED	3693	0.3864	104357001	104357001	0	2
chr10	108217267	108217270	0.6435	0	0	1	BND	BND	STRUCTURAL_VARIANT	0	0	108217267	108217267	0	1
chr10	108217271	108581309	3.2021	394	0.6745	0.9412	BND	DUP	BAF_WEIGHTED	335	0.3689	108217271	108217271	0	3
chr10	108581310	108586088	5.5299	0	0	0.966	DUP	DUP	BAF_WEIGHTED	4	0.405	108581310	108581310	0	5
chr10	108586089	108817759	3.1387	269	0.6923	0.9923	DUP	DEL	BAF_WEIGHTED	222	0.3758	108586089	108586089	0	3
chr10	108817760	108823932	-0.1697	8	0.6132	1	DEL	DEL	BAF_WEIGHTED	5	0.3666	108817760	108817760	0	0
chr10	108823933	109847000	3.2737	428	0.6667	0.916	DEL	NONE	BAF_WEIGHTED	911	0.3865	108823933	108823933	0	3
chr10	109847001	110312000	1.5035	169	0.6522	1.1479	NONE	NONE	BAF_WEIGHTED	456	0.4119	109847001	109847001	0	2
chr10	110312001	110816000	2.1111	304	0.6744	1.0789	NONE	NONE	BAF_WEIGHTED	490	0.4441	110312001	110312001	0	2
chr10	110816001	111019000	0.9707	73	0.6667	1	NONE	NONE	BAF_WEIGHTED	197	0.3848	110816001	110816001	0	1
chr10	111019001	112114000	3.0609	543	0.6829	0.9755	NONE	NONE	BAF_WEIGHTED	1027	0.4043	111019001	111019001	0	3
chr10	112114001	114985000	2.0723	1313	0.6577	1.0286	NONE	NONE	BAF_WEIGHTED	2806	0.424	112114001	112114001	0	2
chr10	114985001	117273000	3.0069	1056	0.6667	0.9382	NONE	NONE	BAF_WEIGHTED	2166	0.3986	114985001	114985001	0	3
chr10	117273001	117379000	1.6576	10	0.622	0.9824	NONE	NONE	BAF_WEIGHTED	104	0.381	117273001	117273001	0	2
chr10	117379001	118687000	2.8973	576	0.6809	0.9866	NONE	NONE	BAF_WEIGHTED	1273	0.4231	117379001	117379001	0	3
chr10	118687001	118762000	1.5504	29	0.6538	1.1395	NONE	NONE	BAF_WEIGHTED	72	0.4002	118687001	118687001	0	2
chr10	118762001	118903000	3.0783	67	0.6596	0.9135	NONE	NONE	BAF_WEIGHTED	125	0.4543	118762001	118762001	0	3
chr10	118903001	119947027	1.9731	528	0.6664	1.0797	NONE	DEL	BAF_WEIGHTED	1006	0.4608	118903001	118903001	0	2
chr10	119947028	120809000	7.0113	655	0.5579	0.5708	DEL	NONE	BAF_WEIGHTED	825	0.4152	119947028	119947028	3	4
chr10	120809001	122509000	5.0685	1328	0.5714	0.5919	NONE	NONE	BAF_WEIGHTED	1644	0.4384	120809001	120809001	2	3
chr10	122509001	124388000	6.6779	1388	0.5642	0.5699	NONE	NONE	BAF_WEIGHTED	1775	0.4573	122509001	122509001	3	4
chr10	124388001	124618500	5.0903	345	0.56	0.5894	NONE	NONE	BAF_WEIGHTED	196	0.5119	124388001	124388001	2	3
chr10	124618501	124769000	3.6319	1	0.5882	0.7071	NONE	NONE	BAF_WEIGHTED	143	0.5052	124618001	124619001	1	3
chr10	124769001	127421000	5.7985	1671	0.5599	0.5457	NONE	NONE	BAF_WEIGHTED	2508	0.4394	124769001	124769001	3	3
chr10	127421001	127871000	6.9232	218	0.5617	0.5778	NONE	NONE	BAF_WEIGHTED	424	0.4251	127421001	127421001	3	4
chr10	127871001	128217000	5.5223	289	0.5625	0.5432	NONE	NONE	BAF_WEIGHTED	334	0.4635	127871001	127871001	3	3
chr10	128217001	128856000	7.1251	377	0.5659	0.5609	NONE	NONE	BAF_WEIGHTED	626	0.4438	128217001	128217001	3	4
chr10	128856001	130106000	6.0659	885	0.5577	0.5054	NONE	NONE	BAF_WEIGHTED	1202	0.4521	128856001	128856001	3	3
chr10	130106001	130195000	4.3192	84	0.5647	0.537	NONE	NONE	BAF_WEIGHTED	78	0.4555	130106001	130106001	2	2
chr10	130195001	130924000	6.6675	609	0.5614	0.5999	NONE	NONE	BAF_WEIGHTED	686	0.4673	130194001	130196001	3	4
chr10	130924001	131896000	7.7742	1021	0.56	0.5145	NONE	NONE	BAF_WEIGHTED	878	0.486	130924001	130924001	4	4
chr10	131896001	132024000	5.3711	72	0.5569	0.5585	NONE	NONE	BAF_WEIGHTED	111	0.4852	131896001	131896001	2	3
chr10	132024001	132345903	7.1508	317	0.5636	0.5594	NONE	DUP	BAF_WEIGHTED	230	0.5406	132024001	132024001	3	4
chr10	132345904	132346081	9.4471	0	0	0.6665	DUP	DEL	STRUCTURAL_VARIANT	0	0	132345904	132345904	3	6
chr10	132346082	132367452	6.9831	18	0.5648	0.5826	DEL	DUP	BAF_WEIGHTED	13	0.5672	132346082	132346082	3	4
chr10	132367453	132449299	8.0168	7	0.5882	0.6421	DUP	DUP	BAF_WEIGHTED	40	0.5846	132367453	132367453	3	5
chr10	132449300	132450107	5.4632	0	0	0.5551	DUP	DEL	STRUCTURAL_VARIANT	0	0	132449300	132449300	2	3
chr10	132450108	132562375	6.4305	90	0.5544	0.622	DEL	DUP	BAF_WEIGHTED	73	0.5488	132450108	132450108	2	4
chr10	132562376	132563055	8.4566	0	0	0.527	DUP	BND	STRUCTURAL_VARIANT	0	0	132562376	132562376	4	4
chr10	132563056	132624173	6.197	0	0	0.6455	BND	DEL	BAF_WEIGHTED	49	0.5109	132563056	132563056	2	4
chr10	132624174	132626462	7.4781	0	0	0.5349	DEL	DEL	NON_DIPLOID	1	0.584	132624174	132624174	3	4
chr10	132626463	132627805	5.6356	0	0	0.7098	DEL	DEL	STRUCTURAL_VARIANT	0	0	132626463	132626463	2	4
chr10	132627806	132627937	7.5625	0	0	0.5289	DEL	DEL	STRUCTURAL_VARIANT	0	0	132627806	132627806	4	4
chr10	132627938	132627947	10.4892	0	0	0.6187	DEL	DUP	STRUCTURAL_VARIANT	0	0	132627938	132627938	4	6
chr10	132627948	132628147	8.8574	0	0	0.5484	DUP	DUP	STRUCTURAL_VARIANT	0	0	132627948	132627948	4	5
chr10	132628148	133797422	7.0432	422	0.5613	0.5679	DUP	TELOMERE	BAF_WEIGHTED	592	0.5452	132628148	132628148	3	4
chr11	1	3706000	1.9323	2381	0.6372	0.9844	TELOMERE	NONE	BAF_WEIGHTED	1864	0.543	1	1	0	2
chr11	3706001	4137000	0.8507	47	0.65	1	NONE	NONE	BAF_WEIGHTED	403	0.43	3706001	3706001	0	1
chr11	4137001	6194000	2.1546	1835	0.6484	0.9816	NONE	NONE	BAF_WEIGHTED	1636	0.3854	4136001	4138001	0	2
chr11	6194001	6759000	1.2812	251	0.6364	1.1577	NONE	NONE	BAF_WEIGHTED	534	0.4498	6194001	6194001	0	1
chr11	6759001	7468000	2.146	396	0.6364	0.9476	NONE	NONE	BAF_WEIGHTED	651	0.3811	6759001	6759001	0	2
chr11	7468001	7675000	1.0425	219	0.6154	1.1574	NONE	NONE	BAF_WEIGHTED	198	0.455	7468001	7468001	0	1
chr11	7675001	8603000	2.0658	834	0.6364	0.9597	NONE	NONE	BAF_WEIGHTED	828	0.4264	7675001	7675001	0	2
chr11	8603001	10937000	1.2974	1782	0.6418	1.1785	NONE	NONE	BAF_WEIGHTED	2215	0.425	8603001	8603001	0	1
chr11	10937001	11835000	1.772	557	0.6452	1.0464	NONE	NONE	BAF_WEIGHTED	860	0.4397	10937001	10937001	0	2
chr11	11835001	12289000	0.8936	404	0.625	1	NONE	NONE	BAF_WEIGHTED	446	0.4395	11835001	11835001	0	1
chr11	12289001	14917000	1.4889	1172	0.6351	1.0634	NONE	NONE	BAF_WEIGHTED	2269	0.4097	12289001	12289001	0	1
chr11	14917001	15595000	2.1944	321	0.6429	0.9618	NONE	NONE	BAF_WEIGHTED	651	0.4093	14917001	14917001	0	2
chr11	15595001	16734000	1.7704	453	0.6296	0.9881	NONE	NONE	BAF_WEIGHTED	1080	0.3822	15595001	15595001	0	2
chr11	16734001	17356000	1.1771	537	0.6296	1.1687	NONE	NONE	BAF_WEIGHTED	587	0.432	16734001	16734001	0	1
chr11	17356001	17796000	2.3231	351	0.6333	0.9143	NONE	NONE	BAF_WEIGHTED	413	0.4919	17356001	17356001	0	2
chr11	17796001	18323628	1.6123	206	0.631	1.0211	NONE	DEL	BAF_WEIGHTED	487	0.4166	17796001	17796001	0	2
chr11	18323629	18323662	0.3762	0	0	1	DEL	DEL	STRUCTURAL_VARIANT	0	0	18323629	18323629	0	0
chr11	18323663	18786000	1.3677	231	0.625	1.0725	DEL	NONE	BAF_WEIGHTED	439	0.4389	18323663	18323663	0	1
chr11	18786001	18791500	2.3231	5	0.5556	0.5695	NONE	NONE	BAF_WEIGHTED	5	0.4544	18786001	18786001	1	1
chr11	18791501	19046000	4.5769	11	0.561	0.554	NONE	NONE	BAF_WEIGHTED	210	0.4027	18791001	18792001	2	3
chr11	19046001	19355970	3.2892	124	0.5714	0.6081	NONE	DEL	BAF_WEIGHTED	290	0.4176	19046001	19046001	1	2
chr11	19355971	19356010	2.1394	0	0	0.713	DEL	DEL	STRUCTURAL_VARIANT	0	0	19355971	19355971	1	2
chr11	19356011	19710000	3.5254	221	0.56	0.5673	DEL	NONE	BAF_WEIGHTED	337	0.4477	19356011	19356011	2	2
chr11	19710001	20139000	2.3231	273	0.5676	0.5695	NONE	NONE	BAF_WEIGHTED	417	0.4453	19710001	19710001	1	1
chr11	20139001	20349000	3.7804	225	0.5625	0.529	NONE	NONE	BAF_WEIGHTED	205	0.4019	20139001	20139001	2	2
chr11	20349001	20518000	2.6642	55	0.5862	0.7446	NONE	NONE	BAF_WEIGHTED	168	0.3766	20349001	20349001	1	2
chr11	20518001	22618000	4.2017	1127	0.5588	0.524	NONE	NONE	BAF_WEIGHTED	1974	0.3763	20518001	20518001	2	2
chr11	22618001	22927000	3.014	201	0.5625	0.6636	NONE	NONE	BAF_WEIGHTED	292	0.3607	22618001	22618001	1	2
chr11	22927001	27292000	3.7939	3001	0.56	0.5272	NONE	NONE	BAF_WEIGHTED	4025	0.3566	22927001	22927001	2	2
chr11	27292001	27514000	2.5923	96	0.5633	0.6142	NONE	NONE	BAF_WEIGHTED	212	0.3912	27292001	27292001	1	2
chr11	27514001	28006000	4.021	135	0.5676	0.5026	NONE	NONE	BAF_WEIGHTED	455	0.3987	27514001	27514001	2	2
chr11	28006001	28338000	2.7797	147	0.5676	0.6403	NONE	NONE	BAF_WEIGHTED	298	0.3441	28006001	28006001	1	2
chr11	28338001	29179903	4.1028	372	0.5618	0.5122	NONE	DEL	BAF_WEIGHTED	784	0.3688	28338001	28338001	2	2
chr11	29179904	29180504	1.8661	0	0	1	DEL	DEL	STRUCTURAL_VARIANT	0	0	29179904	29179904	0	2
chr11	29180505	30012545	4.2299	395	0.561	0.5272	DEL	DEL	BAF_WEIGHTED	768	0.3649	29180505	29180505	2	2
chr11	30012546	30013788	3.127	0	0	0.7131	DEL	DEL	STRUCTURAL_VARIANT	0	0	30012546	30012546	1	2
chr11	30013789	30319000	4.0861	99	0.5652	0.5105	DEL	NONE	BAF_WEIGHTED	273	0.3843	30013789	30013789	2	2
chr11	30319001	30349000	2.0316	0	0	0.9844	NONE	NONE	BAF_WEIGHTED	30	0.3699	30319001	30319001	0	2
chr11	30349001	31376000	3.7978	175	0.5625	0.5266	NONE	NONE	BAF_WEIGHTED	984	0.3752	30349001	30349001	2	2
chr11	31376001	31824000	3.072	122	0.5675	0.651	NONE	NONE	BAF_WEIGHTED	412	0.3685	31369001	31376001	1	2
chr11	31824001	32776000	4.0551	785	0.5641	0.5068	NONE	NONE	BAF_WEIGHTED	895	0.42	31824001	31824001	2	2
chr11	32776001	33396000	2.7583	445	0.5641	0.6375	NONE	NONE	BAF_WEIGHTED	600	0.3994	32776001	32776001	1	2
chr11	33396001	33686000	3.8455	163	0.5641	0.5201	NONE	NONE	BAF_WEIGHTED	272	0.4283	33396001	33396001	2	2
chr11	33686001	33750000	1.3796	50	0.5633	0.7248	NONE	NONE	BAF_WEIGHTED	57	0.4362	33686001	33686001	0	1
chr11	33750001	34044000	3.3233	175	0.5625	0.6018	NONE	NONE	BAF_WEIGHTED	286	0.4285	33750001	33750001	1	2
chr11	34044001	34885000	2.5335	664	0.5676	0.6053	NONE	NONE	BAF_WEIGHTED	809	0.4322	34044001	34044001	1	2
chr11	34885001	35407000	1.9582	539	0.5758	0.5107	NONE	NONE	BAF_WEIGHTED	496	0.4074	34885001	34885001	1	1
chr11	35407001	36347000	3.1975	411	0.561	0.6255	NONE	NONE	BAF_WEIGHTED	903	0.4266	35407001	35407001	1	2
chr11	36347001	36514000	2.4232	53	0.5556	0.5873	NONE	NONE	BAF_WEIGHTED	157	0.4328	36347001	36347001	1	1
chr11	36514001	43265000	4.135	3792	0.5618	0.5171	NONE	NONE	BAF_WEIGHTED	6321	0.3649	36514001	36514001	2	2
chr11	43265001	44257000	3.1991	464	0.56	0.6252	NONE	NONE	BAF_WEIGHTED	954	0.4123	43265001	43265001	1	2
chr11	44257001	44303247	4.299	15	0.5909	0.6944	NONE	DEL	BAF_WEIGHTED	43	0.5172	44257001	44257001	1	3
chr11	44303248	44303286	2.2805	0	0	0.877	DEL	DEL	STRUCTURAL_VARIANT	0	0	44303248	44303248	0	2
chr11	44303287	44303297	4.2281	0	0	0.527	DEL	DEL	STRUCTURAL_VARIANT	0	0	44303287	44303287	2	2
chr11	44303298	44303309	2.0045	0	0	0.9978	DEL	DEL	STRUCTURAL_VARIANT	0	0	44303298	44303298	0	2
chr11	44303310	44550000	4.0345	152	0.5556	0.5043	DEL	NONE	BAF_WEIGHTED	231	0.4874	44303310	44303310	2	2
chr11	44550001	44628000	1.7624	55	0.6071	0.9047	NONE	NONE	BAF_WEIGHTED	76	0.5182	44550001	44550001	0	2
chr11	44628001	45415000	3.3666	299	0.5625	0.5941	NONE	NONE	BAF_WEIGHTED	750	0.4839	44628001	44628001	1	2
chr11	45415001	45795000	4.2783	223	0.5556	0.5325	NONE	NONE	BAF_WEIGHTED	369	0.4772	45415001	45415001	2	2
chr11	45795001	47842000	3.0563	181	0.5696	0.6535	NONE	NONE	BAF_WEIGHTED	1909	0.4578	45795001	45795001	1	2
chr11	47842001	48174000	2.2091	4	0.6182	0.8802	NONE	NONE	BAF_WEIGHTED	322	0.4558	47842001	47842001	0	2
chr11	48174001	52751710	4.9617	1893	0.5634	0.6057	NONE	CENTROMERE	BAF_WEIGHTED	1039	0.3831	48174001	48174001	2	3
chr11	52751711	56708000	4.6167	3517	0.5598	0.5674	CENTROMERE	NONE	BAF_WEIGHTED	1570	0.3589	52751711	52751711	2	3
chr11	56708001	57636000	3.5529	407	0.5569	0.5477	NONE	NONE	BAF_WEIGHTED	858	0.4351	56698001	56708001	2	2
chr11	57636001	57837000	2.3735	2	0.5131	0.5787	NONE	NONE	BAF_WEIGHTED	188	0.4475	57636001	57636001	1	1
chr11	57837001	58494000	3.8908	503	0.5625	0.514	NONE	NONE	BAF_WEIGHTED	585	0.3887	57837001	57837001	2	2
chr11	58494001	59293000	2.8681	401	0.5676	0.6442	NONE	NONE	BAF_WEIGHTED	548	0.4041	58494001	58494001	1	2
chr11	59293001	60904000	4.1626	559	0.5624	0.5183	NONE	NONE	BAF_WEIGHTED	1338	0.404	59293001	59293001	2	2
chr11	60904001	61083000	2.8762	123	0.5769	0.6954	NONE	NONE	BAF_WEIGHTED	170	0.4966	60904001	60904001	1	2
chr11	61083001	62935000	4.0157	579	0.5759	0.5246	NONE	NONE	BAF_WEIGHTED	1461	0.5052	61083001	61083001	2	2
chr11	62935001	63478000	5.7443	455	0.5714	0.5223	NONE	NONE	BAF_WEIGHTED	429	0.4115	62935001	62935001	3	3
chr11	63478001	63593000	3.2816	47	0.5758	0.6095	NONE	NONE	BAF_WEIGHTED	101	0.4499	63478001	63478001	1	2
chr11	63593001	63684000	3.4544	5	0.6875	0.9533	NONE	NONE	BAF_WEIGHTED	88	0.4475	63593001	63593001	0	3
chr11	63684001	63830508	4.2442	29	0.58	0.6723	NONE	DUP	BAF_WEIGHTED	135	0.4628	63684001	63684001	1	3
chr11	63830509	63933547	5.5625	51	0.6667	0.8134	DUP	DUP	BAF_WEIGHTED	89	0.5134	63830509	63830509	1	5
chr11	63933548	64379000	4.6877	201	0.5957	0.6957	DUP	NONE	BAF_WEIGHTED	306	0.5649	63933548	63933548	1	3
chr11	64379001	64682352	6.2875	138	0.6066	0.6896	NONE	BND	BAF_WEIGHTED	281	0.5104	64379001	64379001	2	4
chr11	64682353	65416000	2.4379	173	0.5833	0.7506	BND	NONE	BAF_WEIGHTED	606	0.5235	64682353	64682353	1	2
chr11	65416001	65512000	0.8746	60	0.5769	0.5777	NONE	NONE	BAF_WEIGHTED	89	0.4818	65416001	65416001	0	1
chr11	65512001	68607000	2.5743	1214	0.5902	0.7629	NONE	NONE	BAF_WEIGHTED	2365	0.5031	65512001	65512001	1	2
chr11	68607001	71927000	3.4084	2034	0.5863	0.7108	NONE	NONE	BAF_WEIGHTED	2597	0.5077	68607001	68607001	1	2
chr11	71927001	72170977	2.0825	35	0.6	0.8351	NONE	INV	BAF_WEIGHTED	233	0.4547	71927001	71927001	0	2
chr11	72170978	73790000	2.2274	599	0.619	0.8806	INV	NONE	BAF_WEIGHTED	1512	0.4625	72170978	72170978	0	2
chr11	73790001	75527895	2.5931	411	0.5926	0.7675	NONE	INV	BAF_WEIGHTED	1619	0.4429	73790001	73790001	1	2
chr11	75527896	75527936	0.4137	0	0	1	INV	INV	STRUCTURAL_VARIANT	0	0	75527896	75527896	0	0
chr11	75527937	77316000	2.4676	890	0.5952	0.7841	INV	NONE	BAF_WEIGHTED	1656	0.453	75527937	75527937	1	2
chr11	77316001	77480000	1.6258	2	0.6583	1.1353	NONE	NONE	BAF_WEIGHTED	156	0.4015	77316001	77316001	0	2
chr11	77480001	77991000	2.8695	393	0.5926	0.7506	NONE	NONE	BAF_WEIGHTED	422	0.4074	77480001	77480001	1	2
chr11	77991001	78619000	2.2723	65	0.6071	0.8379	NONE	NONE	BAF_WEIGHTED	607	0.4271	77991001	77991001	0	2
chr11	78619001	78702000	3.3413	46	0.5657	0.602	NONE	NONE	BAF_WEIGHTED	74	0.4487	78619001	78619001	1	2
chr11	78702001	78882000	3.5362	21	0.6389	0.8312	NONE	NONE	BAF_WEIGHTED	178	0.4436	78702001	78702001	1	3
chr11	78882001	79249000	2.4089	190	0.6552	0.9707	NONE	NONE	BAF_WEIGHTED	360	0.4452	78882001	78882001	0	2
chr11	79249001	79719171	3.6382	275	0.6176	0.7759	NONE	INV	BAF_WEIGHTED	453	0.4248	79249001	79249001	1	3
chr11	79719172	81381000	2.7508	985	0.6364	0.8795	INV	NONE	BAF_WEIGHTED	1609	0.3728	79719172	79719172	0	2
chr11	81381001	81558000	3.6938	221	0.5909	0.7114	NONE	NONE	BAF_WEIGHTED	165	0.3548	81381001	81381001	1	3
chr11	81558001	82329737	2.3461	701	0.6452	0.9482	NONE	INV	BAF_WEIGHTED	718	0.3541	81558001	81558001	0	2
chr11	82329738	82329741	0.3977	0	0	1	INV	INV	STRUCTURAL_VARIANT	0	0	82329738	82329738	0	0
chr11	82329742	82674000	2.6825	235	0.6562	0.9413	INV	NONE	BAF_WEIGHTED	328	0.3707	82329742	82329742	0	3
chr11	82674001	83274000	1.9213	364	0.6	0.8549	NONE	NONE	BAF_WEIGHTED	574	0.3999	82674001	82674001	0	2
chr11	83274001	83319000	1.5615	19	0.7273	1.4401	NONE	NONE	BAF_WEIGHTED	42	0.405	83274001	83274001	0	2
chr11	83319001	85590000	2.632	1425	0.6538	0.9399	NONE	NONE	BAF_WEIGHTED	2125	0.3703	83319001	83319001	0	2
chr11	85590001	86305000	1.3121	291	0.6667	1.2888	NONE	NONE	BAF_WEIGHTED	681	0.3963	85590001	85590001	0	1
chr11	86305001	87357000	1.9479	1158	0.6571	1.052	NONE	NONE	BAF_WEIGHTED	950	0.399	86305001	86305001	0	2
chr11	87357001	88276000	2.4684	547	0.6364	0.907	NONE	NONE	BAF_WEIGHTED	802	0.3786	87357001	87357001	0	2
chr11	88276001	88557000	1.1763	151	0.6667	1.3606	NONE	NONE	BAF_WEIGHTED	270	0.3775	88276001	88276001	0	1
chr11	88557001	88897000	2.2619	217	0.6512	0.9785	NONE	NONE	BAF_WEIGHTED	261	0.3636	88557001	88557001	0	2
chr11	88897001	90255000	2.7619	226	0.5882	0.7446	NONE	NONE	BAF_WEIGHTED	350	0.3542	88897001	88897001	1	2
chr11	90255001	93377000	3.583	1681	0.5882	0.7087	NONE	NONE	BAF_WEIGHTED	2916	0.372	90255001	90255001	1	3
chr11	93377001	95064000	2.767	1069	0.5909	0.7518	NONE	NONE	BAF_WEIGHTED	1527	0.408	93377001	93377001	1	2
chr11	95064001	96033000	2.0241	413	0.5926	0.8166	NONE	NONE	BAF_WEIGHTED	910	0.3874	95064001	95064001	0	2
chr11	96033001	96346500	0.902	158	0.5797	1	NONE	NONE	BAF_WEIGHTED	310	0.4027	96033001	96033001	0	1
chr11	96346501	96754000	3.1907	161	0.5882	0.7236	NONE	NONE	BAF_WEIGHTED	358	0.3681	96345001	96348001	1	2
chr11	96754001	100534000	2.6566	2549	0.6471	0.9182	NONE	NONE	BAF_WEIGHTED	3555	0.3532	96754001	96754001	0	2
chr11	100534001	101058000	1.9594	330	0.6333	0.9664	NONE	NONE	BAF_WEIGHTED	508	0.3806	100534001	100534001	0	2
chr11	101058001	102267000	2.4518	972	0.65	0.9496	NONE	NONE	BAF_WEIGHTED	1115	0.3813	101058001	101058001	0	2
chr11	102267001	102625000	1.0731	271	0.6316	1.2321	NONE	NONE	BAF_WEIGHTED	338	0.4013	102267001	102267001	0	1
chr11	102625001	104402000	2.177	1157	0.6538	0.9997	NONE	NONE	BAF_WEIGHTED	1671	0.3723	102625001	102625001	0	2
chr11	104402001	105192000	1.6655	236	0.6538	1.106	NONE	NONE	BAF_WEIGHTED	744	0.3572	104397001	104402001	0	2
chr11	105192001	106000000	2.3747	232	0.6391	0.9261	NONE	NONE	BAF_WEIGHTED	789	0.3524	105192001	105192001	0	2
chr11	106000001	106101000	1.6195	40	0.64	1.0633	NONE	NONE	BAF_WEIGHTED	99	0.3643	106000001	106000001	0	2
chr11	106101001	107372000	2.7178	976	0.659	0.9456	NONE	NONE	BAF_WEIGHTED	1203	0.3717	106101001	106101001	0	3
chr11	107372001	107597000	1.6381	100	0.6462	1.083	NONE	NONE	BAF_WEIGHTED	212	0.3738	107362001	107379001	0	2
chr11	107597001	107911000	2.4434	268	0.6667	1.0008	NONE	NONE	BAF_WEIGHTED	312	0.414	107597001	107597001	0	2
chr11	107911001	108971000	1.6917	297	0.6471	1.0729	NONE	NONE	BAF_WEIGHTED	992	0.3946	107911001	107914001	0	2
chr11	108971001	110085000	2.5907	382	0.6571	0.954	NONE	NONE	BAF_WEIGHTED	1037	0.3841	108971001	108971001	0	2
chr11	110085001	110481000	1.6453	352	0.6667	1.1628	NONE	NONE	BAF_WEIGHTED	368	0.402	110085001	110085001	0	2
chr11	110481001	111264000	2.4883	343	0.6667	0.9947	NONE	NONE	BAF_WEIGHTED	749	0.3921	110481001	110481001	0	2
chr11	111264001	112296000	1.6608	263	0.6471	1.0808	NONE	NONE	BAF_WEIGHTED	982	0.419	111264001	111264001	0	2
chr11	112296001	114393000	2.2429	1150	0.6566	0.9986	NONE	NONE	BAF_WEIGHTED	2025	0.4377	112296001	112296001	0	2
chr11	114393001	114445000	1.0032	0	0	0.997	NONE	NONE	BAF_WEIGHTED	48	0.3898	114393001	114393001	0	1
chr11	114445001	115164000	2.5923	229	0.6486	0.9293	NONE	NONE	BAF_WEIGHTED	666	0.4089	114445001	114445001	0	2
chr11	115164001	115786000	1.9086	227	0.6452	1.0177	NONE	NONE	BAF_WEIGHTED	613	0.4163	115164001	115164001	0	2
chr11	115786001	116728000	2.5899	496	0.6667	0.9819	NONE	NONE	BAF_WEIGHTED	898	0.4512	115786001	115786001	0	3
chr11	116728001	117301129	1.4178	441	0.6552	1.1912	NONE	DEL	BAF_WEIGHTED	535	0.44	116728001	116728001	0	1
chr11	117301130	117407110	0.03	35	0.5833	1	DEL	DEL	BAF_WEIGHTED	100	0.479	117301130	117301130	0	0
chr11	117407111	117797000	2.6693	241	0.6579	0.9475	DEL	NONE	BAF_WEIGHTED	375	0.5024	117407111	117407111	0	3
chr11	117797001	118375524	1.6917	328	0.6761	1.1858	NONE	DEL	BAF_WEIGHTED	555	0.4654	117796001	117798001	0	2
chr11	118375525	118375557	0.3746	0	0	1	DEL	DEL	STRUCTURAL_VARIANT	0	0	118375525	118375525	0	0
chr11	118375558	119384000	1.7037	344	0.6548	1.0999	DEL	NONE	BAF_WEIGHTED	917	0.4749	118375558	118375558	0	2
chr11	119384001	121233000	2.4921	837	0.6547	0.9616	NONE	NONE	BAF_WEIGHTED	1643	0.4741	119384001	119384001	0	2
chr11	121233001	121679000	1.5639	170	0.6333	1.0507	NONE	NONE	BAF_WEIGHTED	427	0.4264	121233001	121233001	0	2
chr11	121679001	122626000	2.2413	428	0.6462	0.9654	NONE	NONE	BAF_WEIGHTED	894	0.3945	121679001	121679001	0	2
chr11	122626001	123582000	1.7215	458	0.6522	1.0851	NONE	NONE	BAF_WEIGHTED	934	0.4428	122626001	122626001	0	2
chr11	123582001	124477000	2.6979	812	0.6667	0.9692	NONE	NONE	BAF_WEIGHTED	830	0.3865	123582001	123582001	0	3
chr11	124477001	126210000	2.2413	1372	0.6552	0.9943	NONE	NONE	BAF_WEIGHTED	1630	0.4379	124477001	124477001	0	2
chr11	126210001	126488000	1.3951	139	0.625	1.0637	NONE	NONE	BAF_WEIGHTED	252	0.49	126210001	126210001	0	1
chr11	126488001	127023000	2.3096	320	0.6452	0.953	NONE	NONE	BAF_WEIGHTED	532	0.4581	126488001	126488001	0	2
chr11	127023001	128022000	2.8349	678	0.6667	0.9546	NONE	NONE	BAF_WEIGHTED	954	0.3881	127023001	127023001	0	3
chr11	128022001	128868500	1.7195	388	0.6667	1.1414	NONE	NONE	BAF_WEIGHTED	821	0.4171	128022001	128022001	0	2
chr11	128868501	130856500	2.173	989	0.6452	0.9724	NONE	NONE	BAF_WEIGHTED	1827	0.4282	128868001	128869001	0	2
chr11	130856501	130918000	0.9	2	0.7187	1	NONE	NONE	BAF_WEIGHTED	59	0.4318	130855001	130858001	0	1
chr11	130918001	135086622	2.8835	2786	0.6604	0.9329	NONE	TELOMERE	BAF_WEIGHTED	3796	0.4375	130918001	130918001	0	3
chr12	1	271000	2.9981	156	0.5811	0.7136	TELOMERE	NONE	BAF_WEIGHTED	168	0.5111	1	1	1	2
chr12	271001	1808000	2.2316	725	0.5847	0.7724	NONE	NONE	BAF_WEIGHTED	1343	0.4284	271001	271001	1	2
chr12	1808001	3598000	2.7387	1155	0.5853	0.7372	NONE	NONE	BAF_WEIGHTED	1669	0.4814	1808001	1808001	1	2
chr12	3598001	4713000	1.9244	441	0.5789	0.7797	NONE	NONE	BAF_WEIGHTED	1065	0.4275	3598001	3598001	0	2
chr12	4713001	5973000	2.5891	785	0.5714	0.6138	NONE	NONE	BAF_WEIGHTED	1193	0.4404	4713001	4713001	1	2
chr12	5973001	7200000	1.5885	519	0.5714	0.6295	NONE	NONE	BAF_WEIGHTED	1096	0.493	5973001	5973001	1	1
chr12	7200001	7920500	2.2945	562	0.5714	0.5642	NONE	NONE	BAF_WEIGHTED	623	0.4087	7199001	7201001	1	1
chr12	7920501	9510000	1.8179	696	0.5791	0.746	NONE	NONE	BAF_WEIGHTED	1039	0.4108	7919001	7922001	0	1
chr12	9510001	9813000	0.8599	135	0.5714	0.5777	NONE	NONE	BAF_WEIGHTED	212	0.3734	9394001	9583001	0	0
chr12	9813001	11648000	1.9033	906	0.5744	0.5956	NONE	NONE	BAF_WEIGHTED	1571	0.3783	9813001	9813001	1	1
chr12	11648001	12037000	0.5517	253	0.5833	1	NONE	NONE	BAF_WEIGHTED	372	0.4332	11648001	11648001	0	1
chr12	12037001	12321000	1.787	217	0.5758	0.5596	NONE	NONE	BAF_WEIGHTED	273	0.4115	12037001	12037001	1	1
chr12	12321001	13236000	1.2978	545	0.5769	0.7705	NONE	NONE	BAF_WEIGHTED	880	0.4287	12321001	12321001	0	1
chr12	13236001	14359000	2.4665	666	0.5674	0.603	NONE	NONE	BAF_WEIGHTED	965	0.4092	13236001	13236001	1	1
chr12	14359001	14515000	0.6713	16	0.5492	0.5777	NONE	NONE	BAF_WEIGHTED	151	0.3645	14359001	14359001	0	0
chr12	14515001	14767000	1.9371	54	0.5676	0.5162	NONE	NONE	BAF_WEIGHTED	237	0.3952	14515001	14515001	1	1
chr12	14767001	15021000	0.8476	31	0.5714	0.5777	NONE	NONE	BAF_WEIGHTED	247	0.3896	14767001	14767001	0	0
chr12	15021001	15295000	1.7815	49	0.5714	0.5613	NONE	NONE	BAF_WEIGHTED	265	0.366	15021001	15021001	1	1
chr12	15295001	15518000	2.6832	75	0.5625	0.6273	NONE	NONE	BAF_WEIGHTED	218	0.3723	15295001	15295001	1	2
chr12	15518001	16014000	1.5718	156	0.5667	0.6362	NONE	NONE	BAF_WEIGHTED	481	0.3784	15518001	15518001	1	1
chr12	16014001	19124000	2.4653	1636	0.5652	0.5944	NONE	NONE	BAF_WEIGHTED	2922	0.3603	16014001	16014001	1	1
chr12	19124001	19558000	1.5718	19	0.5882	0.863	NONE	NONE	BAF_WEIGHTED	423	0.395	19124001	19124001	0	1
chr12	19558001	21292000	2.3199	1220	0.5758	0.569	NONE	NONE	BAF_WEIGHTED	1626	0.3656	19558001	19558001	1	1
chr12	21292001	22693000	1.9761	629	0.575	0.5061	NONE	NONE	BAF_WEIGHTED	1286	0.3724	21292001	21292001	1	1
chr12	22693001	23038934	3.4341	82	0.561	0.5824	NONE	DEL	BAF_WEIGHTED	334	0.3841	22693001	22693001	1	2
chr12	23038935	23041475	1.4213	2	0.5454	0.7036	DEL	DEL	BAF_WEIGHTED	2	0.4105	23038935	23038935	0	1
chr12	23041476	24731000	3.201	691	0.5682	0.6248	DEL	NONE	BAF_WEIGHTED	1618	0.3637	23041476	23041476	1	2
chr12	24731001	26629000	2.6312	1489	0.5758	0.6199	NONE	NONE	BAF_WEIGHTED	1819	0.3906	24731001	24731001	1	2
chr12	26629001	27337000	1.9042	206	0.5789	0.7818	NONE	NONE	BAF_WEIGHTED	620	0.3905	26629001	26629001	0	1
chr12	27337001	29572000	2.7654	1619	0.5714	0.6384	NONE	NONE	BAF_WEIGHTED	2082	0.3789	27337001	27337001	1	2
chr12	29572001	30612000	3.8225	1500	0.5676	0.5232	NONE	NONE	BAF_WEIGHTED	957	0.3924	29572001	29572001	2	2
chr12	30612001	32909000	2.7099	1979	0.5758	0.631	NONE	NONE	BAF_WEIGHTED	2057	0.4207	30612001	30612001	1	2
chr12	32909001	34286000	3.8436	41	0.5862	0.696	NONE	NONE	BAF_WEIGHTED	1094	0.3753	32909001	32909001	1	3
chr12	34286001	35977329	5.0927	11	0.5459	0.5836	NONE	CENTROMERE	BAF_WEIGHTED	311	0.4496	34286001	34286001	2	3
chr12	35977330	38217500	5.4317	16	0.547	0.5522	CENTROMERE	NONE	BAF_WEIGHTED	641	0.3847	35977330	35977330	2	3
chr12	38217501	40196008	3.3102	241	0.5625	0.6042	NONE	DEL	BAF_WEIGHTED	1698	0.3648	38216001	38219001	1	2
chr12	40196009	40196815	1.0568	0	0	1	DEL	DEL	STRUCTURAL_VARIANT	0	0	40196009	40196009	0	1
chr12	40196816	40431000	2.8838	99	0.5556	0.6935	DEL	NONE	BAF_WEIGHTED	224	0.3533	40196816	40196816	1	2
chr12	40431001	42089000	5.603	1120	0.5858	0.6608	NONE	NONE	BAF_WEIGHTED	1555	0.369	40431001	40431001	2	4
chr12	42089001	42970000	4.3654	497	0.5844	0.679	NONE	NONE	BAF_WEIGHTED	824	0.3948	42089001	42089001	1	3
chr12	42970001	43656000	5.404	309	0.5897	0.671	NONE	NONE	BAF_WEIGHTED	646	0.3625	42970001	42970001	2	4
chr12	43656001	43886000	4.2783	155	0.5714	0.5325	NONE	NONE	BAF_WEIGHTED	219	0.379	43656001	43656001	2	2
chr12	43886001	44300846	5.4239	207	0.6	0.6903	NONE	DEL	BAF_WEIGHTED	384	0.37	43886001	43886001	2	4
chr12	44300847	44300883	2.3186	0	0	0.7245	DEL	DEL	STRUCTURAL_VARIANT	0	0	44300847	44300847	1	2
chr12	44300884	44649000	5.5696	167	0.5946	0.6778	DEL	NONE	BAF_WEIGHTED	331	0.3703	44300884	44300884	2	4
chr12	44649001	45188000	4.5455	48	0.5528	0.66	NONE	NONE	BAF_WEIGHTED	490	0.3712	44649001	44649001	2	3
chr12	45188001	45342000	2.8051	17	0.5588	0.713	NONE	NONE	BAF_WEIGHTED	143	0.3965	45188001	45188001	1	2
chr12	45342001	45719000	4.1643	210	0.5683	0.5205	NONE	NONE	BAF_WEIGHTED	350	0.3923	45342001	45342001	2	2
chr12	45719001	45734000	0.1956	1	0.5217	0.5777	NONE	NONE	BAF_WEIGHTED	13	0.4139	45719001	45719001	0	0
chr12	45734001	45995000	3.1681	68	0.5847	0.7157	NONE	NONE	BAF_WEIGHTED	260	0.3632	45734001	45734001	1	2
chr12	45995001	46151000	4.8271	171	0.5806	0.6624	NONE	NONE	BAF_WEIGHTED	147	0.3932	45995001	45995001	2	3
chr12	46151001	46231000	2.7138	26	0.5486	0.6315	NONE	NONE	BAF_WEIGHTED	75	0.3863	46151001	46151001	1	2
chr12	46231001	46353000	6.0695	12	0.6731	0.8127	NONE	NONE	BAF_WEIGHTED	100	0.3972	46231001	46231001	1	5
chr12	46353001	46496000	4.1203	12	0.5963	0.7107	NONE	NONE	BAF_WEIGHTED	132	0.3898	46353001	46353001	1	3
chr12	46496001	46554085	6.9022	46	0.7019	0.8452	NONE	INV	BAF_WEIGHTED	53	0.3975	46496001	46496001	1	6
chr12	46554086	46565443	7.3989	11	0.7042	0.8393	INV	INV	BAF_WEIGHTED	10	0.3595	46554086	46554086	1	6
chr12	46565444	46565567	7.5648	0	0	0.8429	INV	INV	STRUCTURAL_VARIANT	0	0	46565444	46565444	1	6
chr12	46565568	46572019	6.7195	8	0.5808	0.6397	INV	INV	BAF_WEIGHTED	6	0.3817	46565568	46565568	2	4
chr12	46572020	47018000	2.9386	387	0.5714	0.6806	INV	NONE	BAF_WEIGHTED	403	0.3815	46572020	46572020	1	2
chr12	47018001	47415000	1.8549	181	0.5882	0.821	NONE	NONE	BAF_WEIGHTED	378	0.4018	47018001	47018001	0	2
chr12	47415001	47645000	3.2133	173	0.5778	0.6964	NONE	NONE	BAF_WEIGHTED	205	0.4029	47415001	47415001	1	2
chr12	47645001	48201000	1.9153	396	0.5872	0.8101	NONE	NONE	BAF_WEIGHTED	524	0.4674	47645001	47645001	0	2
chr12	48201001	48628000	2.8842	253	0.5769	0.6934	NONE	NONE	BAF_WEIGHTED	360	0.3989	48201001	48201001	1	2
chr12	48628001	51318000	2.2373	663	0.5862	0.7749	NONE	NONE	BAF_WEIGHTED	2539	0.4562	48628001	48628001	1	2
chr12	51318001	53002000	0.8007	1321	0.6	1	NONE	NONE	BAF_WEIGHTED	1538	0.4775	51318001	51318001	0	1
chr12	53002001	53877000	0.3508	282	0.5909	1	NONE	NONE	BAF_WEIGHTED	828	0.4721	53002001	53002001	0	0
chr12	53877001	53911431	1.0826	10	0.5556	0.9237	NONE	BND	BAF_WEIGHTED	32	0.3927	53877001	53877001	0	1
chr12	53911432	55000000	1.4464	438	0.6395	1.1116	BND	NONE	BAF_WEIGHTED	953	0.4531	53911432	53911432	0	1
chr12	55000001	55712000	2.0737	208	0.65	1.0042	NONE	NONE	BAF_WEIGHTED	591	0.3779	55000001	55000001	0	2
chr12	55712001	55747000	-0.1666	7	0.6316	1	NONE	NONE	BAF_WEIGHTED	31	0.53	55712001	55712001	0	0
chr12	55747001	56783500	1.2963	118	0.6623	1.2754	NONE	NONE	BAF_WEIGHTED	984	0.4676	55747001	55747001	0	1
chr12	56783501	56985000	2.2167	14	0.6964	1.1301	NONE	NONE	BAF_WEIGHTED	157	0.4318	56782001	56785001	0	2
chr12	56985001	57950000	1.4027	412	0.6364	1.1126	NONE	NONE	BAF_WEIGHTED	871	0.4827	56984001	56986001	0	1
chr12	57950001	59829000	1.8696	919	0.6364	0.9936	NONE	NONE	BAF_WEIGHTED	1729	0.3724	57950001	57950001	0	2
chr12	59829001	62249000	2.2453	1665	0.6341	0.9265	NONE	NONE	BAF_WEIGHTED	2243	0.354	59829001	59829001	0	2
chr12	62249001	62868000	0.9683	338	0.6316	1	NONE	NONE	BAF_WEIGHTED	601	0.3908	62249001	62249001	0	1
chr12	62868001	63512000	2.0773	371	0.6389	0.9663	NONE	NONE	BAF_WEIGHTED	600	0.3828	62868001	62868001	0	2
chr12	63512001	64606000	1.5766	411	0.6429	1.0867	NONE	NONE	BAF_WEIGHTED	833	0.4033	63512001	63512001	0	2
chr12	64606001	64704000	0.3897	86	0.6283	1	NONE	NONE	BAF_WEIGHTED	96	0.4364	64606001	64606001	0	0
chr12	64704001	65168000	1.7954	253	0.6429	1.0326	NONE	NONE	BAF_WEIGHTED	440	0.4034	64704001	64704001	0	2
chr12	65168001	65238000	0.6935	30	0.625	1	NONE	NONE	BAF_WEIGHTED	69	0.3594	65168001	65168001	0	1
chr12	65238001	67261000	1.8898	717	0.6473	1.0401	NONE	NONE	BAF_WEIGHTED	1916	0.3885	65238001	65238001	0	2
chr12	67261001	69587000	1.4142	1452	0.65	1.1694	NONE	NONE	BAF_WEIGHTED	2230	0.4001	67261001	67261001	0	1
chr12	69587001	70240000	1.9403	685	0.6429	1.0035	NONE	NONE	BAF_WEIGHTED	592	0.389	69587001	69587001	0	2
chr12	70240001	70370000	0.9881	54	0.6426	1	NONE	NONE	BAF_WEIGHTED	122	0.3518	70240001	70240001	0	1
chr12	70370001	71592000	2.1512	679	0.6481	0.9842	NONE	NONE	BAF_WEIGHTED	1162	0.3793	70370001	70370001	0	2
chr12	71592001	71922000	1.2478	52	0.622	1.1007	NONE	NONE	BAF_WEIGHTED	327	0.3767	71592001	71592001	0	1
chr12	71922001	75385000	2.3461	2241	0.6429	0.9411	NONE	NONE	BAF_WEIGHTED	3230	0.3524	71922001	71922001	0	2
chr12	75385001	76088000	1.2319	538	0.642	1.2062	NONE	NONE	BAF_WEIGHTED	676	0.3877	75385001	75385001	0	1
chr12	76088001	77069500	1.6608	405	0.64	1.0528	NONE	NONE	BAF_WEIGHTED	944	0.391	76088001	76088001	0	2
chr12	77069501	79775000	2.169	1130	0.6429	0.9655	NONE	NONE	BAF_WEIGHTED	2569	0.3614	77069001	77070001	0	2
chr12	79775001	79941000	0.9099	0	0	1	NONE	NONE	BAF_WEIGHTED	160	0.361	79775001	79775001	0	1
chr12	79941001	84230763	2.1572	1893	0.6429	0.9583	NONE	DEL	BAF_WEIGHTED	3973	0.3574	79941001	79941001	0	2
chr12	84230764	84234823	0.3075	3	0.5946	1	DEL	DEL	BAF_WEIGHTED	3	0.354	84230764	84230764	0	0
chr12	84234824	88027000	2.2207	2477	0.64	0.9487	DEL	NONE	BAF_WEIGHTED	3548	0.3454	84234824	84234824	0	2
chr12	88027001	89209000	1.814	233	0.6552	1.0741	NONE	NONE	BAF_WEIGHTED	1117	0.3641	88027001	88027001	0	2
chr12	89209001	90116000	1.1471	351	0.6433	1.2544	NONE	NONE	BAF_WEIGHTED	872	0.3832	89209001	89209001	0	1
chr12	90116001	91326000	2.0392	382	0.6471	1.0003	NONE	NONE	BAF_WEIGHTED	1164	0.3531	90116001	90116001	0	2
chr12	91326001	91985000	1.4837	230	0.6207	1.019	NONE	NONE	BAF_WEIGHTED	642	0.3671	91326001	91326001	0	1
chr12	91985001	92359000	0.7729	146	0.6333	1	NONE	NONE	BAF_WEIGHTED	355	0.3897	91985001	91985001	0	1
chr12	92359001	92578000	0.1733	194	0.6268	1	NONE	NONE	BAF_WEIGHTED	212	0.394	92359001	92359001	0	0
chr12	92578001	93828000	1.5353	490	0.64	1.0865	NONE	NONE	BAF_WEIGHTED	1193	0.4058	92577001	92579001	0	2
chr12	93828001	94967000	2.0432	779	0.6562	1.0305	NONE	NONE	BAF_WEIGHTED	1086	0.4203	93828001	93828001	0	2
chr12	94967001	95786279	1.5861	607	0.65	1.1131	NONE	DEL	BAF_WEIGHTED	780	0.4081	94967001	94967001	0	2
chr12	95786280	95788540	1.4027	4	0.5275	0.7129	DEL	DEL	BAF_WEIGHTED	1	0.445	95786280	95786280	0	1
chr12	95788541	96186000	1.5154	399	0.6429	1.1046	DEL	NONE	BAF_WEIGHTED	373	0.4184	95788541	95788541	0	2
chr12	96186001	96524000	0.8762	147	0.6765	1	NONE	NONE	BAF_WEIGHTED	324	0.4097	96186001	96186001	0	1
chr12	96524001	98487000	2.4073	1167	0.6452	0.9405	NONE	NONE	BAF_WEIGHTED	1848	0.3877	96524001	96524001	0	2
chr12	98487001	98876000	1.2272	153	0.625	1.1238	NONE	NONE	BAF_WEIGHTED	383	0.4135	98487001	98487001	0	1
chr12	98876001	100109000	2.1944	571	0.6316	0.9252	NONE	NONE	BAF_WEIGHTED	1169	0.3736	98876001	98876001	0	2
chr12	100109001	100352000	1.3463	6	0.6164	1.04	NONE	NONE	BAF_WEIGHTED	233	0.4081	100109001	100109001	0	1
chr12	100352001	101587000	2.1222	784	0.6333	0.9409	NONE	NONE	BAF_WEIGHTED	1171	0.3984	100352001	100352001	0	2
chr12	101587001	102200000	1.2661	431	0.6364	1.1639	NONE	NONE	BAF_WEIGHTED	594	0.3919	101586001	101588001	0	1
chr12	102200001	103740000	2.2985	872	0.65	0.9696	NONE	NONE	BAF_WEIGHTED	1438	0.3944	102200001	102200001	0	2
chr12	103740001	105291412	1.4662	996	0.6667	1.2234	NONE	DEL	BAF_WEIGHTED	1475	0.4213	103740001	103740001	0	1
chr12	105291413	105292615	0	0	0	1	DEL	DEL	STRUCTURAL_VARIANT	0	0	105291413	105291413	0	0
chr12	105292616	105397000	1.5194	108	0.6562	1.1596	DEL	NONE	BAF_WEIGHTED	86	0.4222	105292616	105292616	0	2
chr12	105397001	106080000	2.2754	281	0.64	0.9413	NONE	NONE	BAF_WEIGHTED	652	0.4188	105397001	105397001	0	2
chr12	106080001	107113000	1.7704	514	0.6333	1.002	NONE	NONE	BAF_WEIGHTED	979	0.4143	106080001	106080001	0	2
chr12	107113001	107311387	2.3509	166	0.6452	0.9476	NONE	DEL	BAF_WEIGHTED	185	0.4163	107113001	107113001	0	2
chr12	107311388	107311682	0.5379	0	0	1	DEL	DEL	STRUCTURAL_VARIANT	0	0	107311388	107311388	0	1
chr12	107311683	108511000	2.2854	599	0.6522	0.9783	DEL	NONE	BAF_WEIGHTED	1158	0.4484	107311683	107311683	0	2
chr12	108511001	108535820	1.3796	7	0.6667	1.2583	NONE	DEL	BAF_WEIGHTED	23	0.4817	108511001	108511001	0	1
chr12	108535821	108535859	0	0	0	1	DEL	DEL	STRUCTURAL_VARIANT	0	0	108535821	108535821	0	0
chr12	108535860	108862000	1.2919	81	0.6364	1.1534	DEL	NONE	BAF_WEIGHTED	316	0.4644	108535860	108535860	0	1
chr12	108862001	109815000	2.2167	693	0.6452	0.9659	NONE	NONE	BAF_WEIGHTED	928	0.4733	108862001	108862001	0	2
chr12	109815001	110828000	1.4884	22	0.6431	1.1139	NONE	NONE	BAF_WEIGHTED	983	0.4505	109815001	109815001	0	1
chr12	110828001	111349000	2.5725	196	0.6765	1.0125	NONE	NONE	BAF_WEIGHTED	506	0.4816	110828001	110828001	0	3
chr12	111349001	112504000	1.6544	130	0.6667	1.1601	NONE	NONE	BAF_WEIGHTED	1093	0.4448	111349001	111349001	0	2
chr12	112504001	112886000	2.389	119	0.6522	0.9642	NONE	NONE	BAF_WEIGHTED	370	0.4407	112504001	112504001	0	2
chr12	112886001	113363000	1.6052	115	0.6389	1.0626	NONE	NONE	BAF_WEIGHTED	451	0.4918	112886001	112886001	0	2
chr12	113363001	115953000	2.3199	1597	0.6389	0.9321	NONE	NONE	BAF_WEIGHTED	2523	0.4486	113363001	113363001	0	2
chr12	115953001	116289000	1.0048	60	0.6667	1.4791	NONE	NONE	BAF_WEIGHTED	335	0.3763	115953001	115953001	0	1
chr12	116289001	117215000	1.8454	509	0.64	1.0115	NONE	NONE	BAF_WEIGHTED	910	0.4648	116289001	116289001	0	2
chr12	117215001	118012000	2.7341	494	0.6437	0.9009	NONE	NONE	BAF_WEIGHTED	776	0.4547	117215001	117215001	0	2
chr12	118012001	118427000	1.3507	96	0.6353	1.1256	NONE	NONE	BAF_WEIGHTED	402	0.4274	118012001	118012001	0	1
chr12	118427001	119658000	2.7654	492	0.6552	0.93	NONE	NONE	BAF_WEIGHTED	1180	0.4323	118427001	118427001	0	3
chr12	119658001	123726000	1.7267	817	0.6429	1.0481	NONE	NONE	BAF_WEIGHTED	3815	0.4729	119658001	119658001	0	2
chr12	123726001	124359000	2.3132	436	0.641	0.9395	NONE	NONE	BAF_WEIGHTED	594	0.474	123726001	123726001	0	2
chr12	124359001	124904000	1.5448	414	0.65	1.1254	NONE	NONE	BAF_WEIGHTED	468	0.5342	124359001	124359001	0	2
chr12	124904001	124942000	0.3012	18	0.6387	1	NONE	NONE	BAF_WEIGHTED	34	0.4649	124904001	124904001	0	0
chr12	124942001	131577000	2.8725	4981	0.651	0.908	NONE	NONE	BAF_WEIGHTED	6069	0.4391	124942001	124942001	0	3
chr12	131577001	132115000	2.231	98	0.645	0.9632	NONE	NONE	BAF_WEIGHTED	419	0.5033	131576001	131578001	0	2
chr12	132115001	133275309	2.6979	818	0.6514	0.9257	NONE	TELOMERE	BAF_WEIGHTED	696	0.5001	132115001	132115001	0	2
chr13	1	17025623	3.373	0	0	0.5929	TELOMERE	CENTROMERE	LONG_ARM	0	0	1	1	1	2
chr13	17025624	19626000	3.373	287	0.5758	0.5929	CENTROMERE	NONE	BAF_WEIGHTED	411	0.4295	17025624	17025624	1	2
chr13	19626001	20128500	1.8577	59	0.5714	0.5383	NONE	NONE	BAF_WEIGHTED	464	0.4138	19626001	19626001	1	1
chr13	20128501	20721903	2.3144	280	0.5763	0.5679	NONE	BND	BAF_WEIGHTED	562	0.4376	20128001	20129001	1	1
chr13	20721904	21681000	2.6527	858	0.5897	0.7553	BND	NONE	BAF_WEIGHTED	878	0.4192	20721904	20721904	1	2
chr13	21681001	22951500	3.5572	622	0.6	0.7377	NONE	NONE	BAF_WEIGHTED	1169	0.3996	21681001	21681001	1	3
chr13	22951501	23090000	2.343	198	0.56	0.5732	NONE	NONE	BAF_WEIGHTED	116	0.3998	22950001	22953001	1	1
chr13	23090001	23318000	3.5989	375	0.5778	0.6837	NONE	NONE	BAF_WEIGHTED	218	0.3967	23090001	23090001	1	2
chr13	23318001	24695000	2.5216	970	0.5897	0.7639	NONE	NONE	BAF_WEIGHTED	1156	0.4258	23318001	23318001	1	2
chr13	24695001	25232000	3.5175	493	0.5938	0.7244	NONE	NONE	BAF_WEIGHTED	447	0.4219	24695001	24695001	1	3
chr13	25232001	25340000	1.8545	0	0	0.5226	NONE	NONE	BAF_WEIGHTED	107	0.3802	25232001	25232001	1	1
chr13	25340001	26984000	3.1443	1180	0.5854	0.7184	NONE	NONE	BAF_WEIGHTED	1584	0.4183	25340001	25340001	1	2
chr13	26984001	27671000	2.146	207	0.5873	0.7865	NONE	NONE	BAF_WEIGHTED	667	0.4249	26984001	26984001	0	2
chr13	27671001	28115000	3.1061	541	0.5758	0.6439	NONE	NONE	BAF_WEIGHTED	424	0.4402	27671001	27671001	1	2
chr13	28115001	28756000	2.2119	382	0.5797	0.7563	NONE	NONE	BAF_WEIGHTED	625	0.4101	28115001	28115001	1	2
chr13	28756001	29029424	3.321	276	0.575	0.6022	NONE	DEL	BAF_WEIGHTED	250	0.4078	28756001	28756001	1	2
chr13	29029425	29029547	1.166	0	0	1	DEL	DEL	STRUCTURAL_VARIANT	0	0	29029425	29029425	0	1
chr13	29029548	29354000	3.3686	105	0.5882	0.7164	DEL	NONE	BAF_WEIGHTED	296	0.3984	29029548	29029548	1	2
chr13	29354001	29743000	2.5594	158	0.5823	0.7399	NONE	NONE	BAF_WEIGHTED	366	0.4375	29354001	29354001	1	2
chr13	29743001	29938000	1.5444	81	0.5714	0.6475	NONE	NONE	BAF_WEIGHTED	188	0.3979	29743001	29743001	1	1
chr13	29938001	30108000	2.6352	254	0.5774	0.6205	NONE	NONE	BAF_WEIGHTED	168	0.4356	29938001	29938001	1	2
chr13	30108001	30839500	1.9197	352	0.5848	0.8009	NONE	NONE	BAF_WEIGHTED	696	0.4306	30108001	30108001	0	2
chr13	30839501	31842000	2.721	502	0.5833	0.7332	NONE	NONE	BAF_WEIGHTED	934	0.4122	30838001	30841001	1	2
chr13	31842001	32787000	1.9725	257	0.5882	0.8072	NONE	NONE	BAF_WEIGHTED	916	0.3864	31842001	31842001	0	2
chr13	32787001	33107000	2.7754	221	0.5714	0.6397	NONE	NONE	BAF_WEIGHTED	314	0.4145	32787001	32787001	1	2
chr13	33107001	33880000	2.1015	464	0.5783	0.7609	NONE	NONE	BAF_WEIGHTED	751	0.3928	33107001	33107001	1	2
chr13	33880001	36800000	2.767	1588	0.5769	0.6386	NONE	NONE	BAF_WEIGHTED	2783	0.3818	33880001	33880001	1	2
chr13	36800001	37082000	2.1436	123	0.5806	0.7647	NONE	NONE	BAF_WEIGHTED	275	0.394	36800001	36800001	1	2
chr13	37082001	39017000	2.8468	954	0.5743	0.6774	NONE	NONE	BAF_WEIGHTED	1839	0.3635	37082001	37082001	1	2
chr13	39017001	39056000	0.9651	3	0.56	0.5777	NONE	NONE	BAF_WEIGHTED	39	0.3667	39017001	39017001	0	1
chr13	39056001	40687000	2.4112	679	0.5714	0.5853	NONE	NONE	BAF_WEIGHTED	1570	0.4015	39056001	39056001	1	1
chr13	40687001	40919000	3.344	1	0.5333	0.5981	NONE	NONE	BAF_WEIGHTED	188	0.414	40687001	40687001	1	2
chr13	40919001	41067000	1.5496	22	0.5634	0.6453	NONE	NONE	BAF_WEIGHTED	135	0.3849	40919001	40919001	1	1
chr13	41067001	41558000	2.8615	305	0.5714	0.6989	NONE	NONE	BAF_WEIGHTED	439	0.4088	41067001	41067001	1	2
chr13	41558001	42373000	1.8895	546	0.5833	0.7992	NONE	NONE	BAF_WEIGHTED	773	0.3788	41558001	41558001	0	2
chr13	42373001	42946000	2.7722	236	0.5806	0.723	NONE	NONE	BAF_WEIGHTED	520	0.3996	42373001	42373001	1	2
chr13	42946001	43098000	1.3479	160	0.6	0.9633	NONE	NONE	BAF_WEIGHTED	148	0.3971	42946001	42946001	0	1
chr13	43098001	43782000	2.767	441	0.5789	0.7185	NONE	NONE	BAF_WEIGHTED	661	0.3932	43098001	43098001	1	2
chr13	43782001	45538000	1.9594	969	0.5769	0.5104	NONE	NONE	BAF_WEIGHTED	1681	0.4144	43782001	43782001	1	1
chr13	45538001	45949000	2.7321	249	0.5682	0.634	NONE	NONE	BAF_WEIGHTED	395	0.436	45538001	45538001	1	2
chr13	45949001	46498000	1.737	197	0.5714	0.5757	NONE	NONE	BAF_WEIGHTED	473	0.3897	45949001	45949001	1	1
chr13	46498001	46578000	2.8695	45	0.5862	0.7333	NONE	NONE	BAF_WEIGHTED	75	0.4174	46498001	46498001	1	2
chr13	46578001	46801000	1.1418	166	0.6	1.0288	NONE	NONE	BAF_WEIGHTED	218	0.3907	46578001	46578001	0	1
chr13	46801001	47995000	2.8282	750	0.5806	0.7201	NONE	NONE	BAF_WEIGHTED	1117	0.3856	46801001	46801001	1	2
chr13	47995001	49270000	1.8943	527	0.5714	0.5279	NONE	NONE	BAF_WEIGHTED	1189	0.3925	47995001	47995001	1	1
chr13	49270001	49796000	1.1245	272	0.6293	1.1964	NONE	NONE	BAF_WEIGHTED	503	0.4061	49270001	49270001	0	1
chr13	49796001	49974000	1.8986	130	0.6199	0.9289	NONE	NONE	BAF_WEIGHTED	166	0.4259	49796001	49796001	0	2
chr13	49974001	50163000	0.4096	44	0.619	1	NONE	NONE	BAF_WEIGHTED	182	0.3944	49974001	49974001	0	0
chr13	50163001	50994000	1.1049	375	0.6316	1.2148	NONE	NONE	BAF_WEIGHTED	773	0.3938	50163001	50163001	0	1
chr13	50994001	51337000	1.6866	156	0.6429	1.0578	NONE	NONE	BAF_WEIGHTED	328	0.4309	50994001	50994001	0	2
chr13	51337001	51846000	0.7495	15	0.6111	1	NONE	NONE	BAF_WEIGHTED	462	0.4039	51337001	51337001	0	1
chr13	51846001	52893000	1.544	484	0.6364	1.069	NONE	NONE	BAF_WEIGHTED	711	0.4226	51846001	51846001	0	2
chr13	52893001	52953000	2.1365	57	0.5676	0.5319	NONE	NONE	BAF_WEIGHTED	60	0.451	52893001	52893001	1	1
chr13	52953001	59316000	2.9767	3585	0.5714	0.6719	NONE	NONE	BAF_WEIGHTED	6047	0.3514	52953001	52953001	1	2
chr13	59316001	60586000	2.2024	844	0.5769	0.5459	NONE	NONE	BAF_WEIGHTED	1224	0.3744	59316001	59316001	1	1
chr13	60586001	68384000	2.7724	3863	0.5732	0.6572	NONE	NONE	BAF_WEIGHTED	7329	0.3457	60586001	60586001	1	2
chr13	68384001	69329000	3.2832	664	0.5789	0.6966	NONE	NONE	BAF_WEIGHTED	927	0.3333	68384001	68384001	1	2
chr13	69329001	71639000	4.3072	1536	0.5604	0.5492	NONE	NONE	BAF_WEIGHTED	2223	0.3416	69329001	69329001	2	2
chr13	71639001	72707000	3.5212	734	0.5659	0.5644	NONE	NONE	BAF_WEIGHTED	1016	0.3617	71639001	71639001	2	2
chr13	72707001	73425000	2.5534	410	0.5732	0.6084	NONE	NONE	BAF_WEIGHTED	706	0.3869	72707001	72707001	1	2
chr13	73425001	74294000	3.4897	454	0.5581	0.5731	NONE	NONE	BAF_WEIGHTED	841	0.382	73425001	73425001	1	2
chr13	74294001	75289000	4.5118	839	0.5577	0.5567	NONE	NONE	BAF_WEIGHTED	933	0.3746	74294001	74294001	2	3
chr13	75289001	75843000	3.0164	231	0.5714	0.663	NONE	NONE	BAF_WEIGHTED	533	0.3835	75289001	75289001	1	2
chr13	75843001	76976000	4.3553	638	0.5581	0.5408	NONE	NONE	BAF_WEIGHTED	1080	0.3759	75843001	75843001	2	2
chr13	76976001	77482000	2.9382	32	0.5816	0.7175	NONE	NONE	BAF_WEIGHTED	486	0.3707	76976001	76976001	1	2
chr13	77482001	79308000	4.0551	1025	0.561	0.5068	NONE	NONE	BAF_WEIGHTED	1713	0.3741	77482001	77482001	2	2
chr13	79308001	79410000	2.2365	129	0.5714	0.5529	NONE	NONE	BAF_WEIGHTED	101	0.3444	79308001	79308001	1	1
chr13	79410001	80107000	3.4421	389	0.5641	0.581	NONE	NONE	BAF_WEIGHTED	655	0.3781	79410001	79410001	1	2
chr13	80107001	85418000	4.0557	2722	0.5633	0.5145	NONE	NONE	BAF_WEIGHTED	5076	0.3483	80107001	80107001	2	2
chr13	85418001	85819000	3.4349	425	0.5676	0.5823	NONE	NONE	BAF_WEIGHTED	391	0.3476	85418001	85418001	1	2
chr13	85819001	91115000	4.214	3358	0.5588	0.5254	NONE	NONE	BAF_WEIGHTED	5019	0.3453	85819001	85819001	2	2
chr13	91115001	91409000	3.2693	196	0.5676	0.6117	NONE	NONE	BAF_WEIGHTED	290	0.3721	91115001	91115001	1	2
chr13	91409001	94542000	4.5273	1222	0.5579	0.5582	NONE	NONE	BAF_WEIGHTED	2982	0.3645	91409001	91409001	2	3
chr13	94542001	94631000	2.8846	30	0.5691	0.6933	NONE	NONE	BAF_WEIGHTED	89	0.3972	94542001	94542001	1	2
chr13	94631001	95491000	4.4816	400	0.5641	0.5537	NONE	NONE	BAF_WEIGHTED	829	0.4184	94631001	94631001	2	2
chr13	95491001	95801000	3.6279	176	0.5747	0.5513	NONE	NONE	BAF_WEIGHTED	291	0.4027	95491001	95491001	2	2
chr13	95801001	96537000	4.947	352	0.5585	0.6064	NONE	NONE	BAF_WEIGHTED	693	0.3782	95801001	95801001	2	3
chr13	96537001	96981000	6.1295	116	0.5728	0.5106	NONE	NONE	BAF_WEIGHTED	432	0.3823	96537001	96537001	3	3
chr13	96981001	97209000	3.8824	86	0.5544	0.5151	NONE	NONE	BAF_WEIGHTED	214	0.3996	96981001	96981001	2	2
chr13	97209001	97283000	2.173	19	0.5862	0.7804	NONE	NONE	BAF_WEIGHTED	73	0.4063	97209001	97209001	0	2
chr13	97283001	97509000	3.5389	95	0.5833	0.6986	NONE	NONE	BAF_WEIGHTED	221	0.3905	97283001	97283001	1	2
chr13	97509001	98141000	5.0598	346	0.5625	0.5929	NONE	NONE	BAF_WEIGHTED	584	0.4155	97509001	97509001	2	3
chr13	98141001	98906000	3.8098	462	0.5667	0.525	NONE	NONE	BAF_WEIGHTED	743	0.4463	98141001	98141001	2	2
chr13	98906001	99592000	2.7928	443	0.5714	0.6419	NONE	NONE	BAF_WEIGHTED	658	0.4274	98906001	98906001	1	2
chr13	99592001	102580000	3.8615	1695	0.5621	0.535	NONE	NONE	BAF_WEIGHTED	2849	0.3973	99592001	99592001	2	2
chr13	102580001	102686000	2.9259	34	0.5806	0.7155	NONE	NONE	BAF_WEIGHTED	104	0.3824	102580001	102580001	1	2
chr13	102686001	106519000	4.1282	1869	0.5625	0.5155	NONE	NONE	BAF_WEIGHTED	3710	0.3715	102686001	102686001	2	2
chr13	106519001	106574000	2.3747	1	0.5882	0.7701	NONE	NONE	BAF_WEIGHTED	52	0.404	106519001	106519001	1	2
chr13	106574001	108196000	4.6238	1172	0.5581	0.6488	NONE	NONE	BAF_WEIGHTED	1563	0.381	106574001	106574001	2	3
chr13	108196001	108329000	2.9322	63	0.5676	0.6821	NONE	NONE	BAF_WEIGHTED	125	0.3622	108196001	108196001	1	2
chr13	108329001	110109000	4.5983	1039	0.56	0.6524	NONE	NONE	BAF_WEIGHTED	1683	0.3996	108329001	108329001	2	3
chr13	110109001	110882000	3.6446	399	0.5714	0.5488	NONE	NONE	BAF_WEIGHTED	724	0.4639	110109001	110109001	2	2
chr13	110882001	110918000	1.8919	22	0.6132	0.9064	NONE	NONE	BAF_WEIGHTED	34	0.408	110882001	110882001	0	2
chr13	110918001	111123645	4.2096	130	0.5588	0.5249	NONE	DUP	BAF_WEIGHTED	188	0.4379	110918001	110918001	2	2
chr13	111123646	111182904	5.0256	30	0.5811	0.6601	DUP	DUP	BAF_WEIGHTED	53	0.4352	111123646	111123646	2	3
chr13	111182905	111478000	3.7843	197	0.5641	0.5285	DUP	NONE	BAF_WEIGHTED	277	0.4658	111182905	111182905	2	2
chr13	111478001	112473000	5.2607	492	0.56	0.5703	NONE	NONE	BAF_WEIGHTED	720	0.4742	111478001	111478001	2	3
chr13	112473001	114364328	4.1866	625	0.5652	0.5223	NONE	TELOMERE	BAF_WEIGHTED	1356	0.5045	112473001	112473001	2	2
chr14	1	17086761	2.2908	0	0	0.944	TELOMERE	CENTROMERE	LONG_ARM	0	0	1	1	0	2
chr14	17086762	20289000	2.2908	810	0.6415	0.944	CENTROMERE	NONE	BAF_WEIGHTED	335	0.3634	17086762	17086762	0	2
chr14	20289001	21530000	1.2891	699	0.625	1.0998	NONE	NONE	BAF_WEIGHTED	1141	0.435	20289001	20289001	0	1
chr14	21530001	21845000	2.1539	293	0.6667	1.0457	NONE	NONE	BAF_WEIGHTED	296	0.4026	21530001	21530001	0	2
chr14	21845001	22813000	1.3662	467	0.661	1.2581	NONE	NONE	BAF_WEIGHTED	473	0.3993	21845001	21845001	0	1
chr14	22813001	23103000	0.9889	177	0.6552	1	NONE	NONE	BAF_WEIGHTED	279	0.4843	22813001	22813001	0	1
chr14	23103001	24106000	1.7354	755	0.6316	1.0029	NONE	NONE	BAF_WEIGHTED	831	0.4564	23103001	23103001	0	2
chr14	24106001	24450000	0.9945	213	0.619	1	NONE	NONE	BAF_WEIGHTED	301	0.5055	24106001	24106001	0	1
chr14	24450001	30550000	2.2171	3004	0.6333	0.9277	NONE	NONE	BAF_WEIGHTED	5616	0.364	24448001	24452001	0	2
chr14	30550001	30727000	0.9913	71	0.6316	1	NONE	NONE	BAF_WEIGHTED	163	0.357	30550001	30550001	0	1
chr14	30727001	32730000	1.5147	854	0.6296	1.0486	NONE	NONE	BAF_WEIGHTED	1895	0.3927	30727001	30727001	0	2
chr14	32730001	33988000	1.9546	906	0.6264	0.9432	NONE	NONE	BAF_WEIGHTED	1211	0.386	32730001	32730001	0	2
chr14	33988001	34692633	1.5563	519	0.6296	1.0373	NONE	DUP	BAF_WEIGHTED	646	0.4247	33988001	33988001	0	2
chr14	34692634	34698992	3.0132	4	0.7118	1.0561	DUP	DUP	BAF_WEIGHTED	5	0.4586	34692634	34692634	0	3
chr14	34698993	34702012	1.3876	4	0.6377	1.1234	DUP	DUP	BAF_WEIGHTED	3	0.386	34698993	34698993	0	1
chr14	34702013	34710235	3.7343	16	0.7508	1.0795	DUP	DUP	BAF_WEIGHTED	7	0.419	34702013	34702013	0	4
chr14	34710236	35837000	1.3876	909	0.6471	1.1662	DUP	NONE	BAF_WEIGHTED	1082	0.4034	34710236	34710236	0	1
chr14	35837001	39012000	2.0821	1880	0.6243	0.916	NONE	NONE	BAF_WEIGHTED	2925	0.3809	35837001	35837001	0	2
chr14	39012001	39439000	1.2224	193	0.6552	1.2769	NONE	NONE	BAF_WEIGHTED	398	0.3943	39012001	39012001	0	1
chr14	39439001	44889000	2.169	3517	0.625	0.9072	NONE	NONE	BAF_WEIGHTED	5025	0.3492	39439001	39439001	0	2
chr14	44889001	45277000	1.2335	9	0.65	1.2454	NONE	NONE	BAF_WEIGHTED	377	0.3784	44889001	44889001	0	1
chr14	45277001	49575000	2.2119	2437	0.6296	0.9165	NONE	NONE	BAF_WEIGHTED	3949	0.357	45277001	45277001	0	2
chr14	49575001	49850000	1.3237	3	0.6897	1.3914	NONE	NONE	BAF_WEIGHTED	262	0.4129	49575001	49575001	0	1
chr14	49850001	50120000	0.4529	139	0.6364	1	NONE	NONE	BAF_WEIGHTED	257	0.4438	49850001	49850001	0	0
chr14	50120001	53158000	1.4138	1649	0.6364	1.1088	NONE	NONE	BAF_WEIGHTED	2859	0.3982	50120001	50120001	0	1
chr14	53158001	54244000	2.0999	385	0.6286	0.9285	NONE	NONE	BAF_WEIGHTED	1014	0.3914	53158001	53158001	0	2
chr14	54244001	55023000	1.5218	406	0.64	1.0905	NONE	NONE	BAF_WEIGHTED	747	0.4197	54244001	54244001	0	2
chr14	55023001	55355000	0.7852	292	0.625	1	NONE	NONE	BAF_WEIGHTED	320	0.4121	55023001	55023001	0	1
chr14	55355001	56275000	1.4027	685	0.64	1.1287	NONE	NONE	BAF_WEIGHTED	873	0.4056	55355001	55355001	0	1
chr14	56275001	56903736	1.9633	385	0.6286	0.9493	NONE	DEL	BAF_WEIGHTED	591	0.4066	56275001	56275001	0	2
chr14	56903737	56903769	0.8316	0	0	1	DEL	DEL	STRUCTURAL_VARIANT	0	0	56903737	56903737	0	1
chr14	56903770	57184000	1.9888	176	0.6316	0.9556	DEL	NONE	BAF_WEIGHTED	257	0.3908	56903770	56903770	0	2
chr14	57184001	57301000	1.1398	0	0	0.9058	NONE	NONE	BAF_WEIGHTED	113	0.3597	57184001	57184001	0	1
chr14	57301001	58237000	2.2024	477	0.64	0.9513	NONE	NONE	BAF_WEIGHTED	859	0.3958	57301001	57301001	0	2
chr14	58237001	58301000	0.2535	11	0.6071	1	NONE	NONE	BAF_WEIGHTED	63	0.4049	58237001	58237001	0	0
chr14	58301001	58512000	1.2788	51	0.6316	1.1355	NONE	NONE	BAF_WEIGHTED	209	0.3807	58301001	58301001	0	1
chr14	58512001	59145000	2.0769	365	0.6538	1.0164	NONE	NONE	BAF_WEIGHTED	616	0.4002	58512001	58512001	0	2
chr14	59145001	59516000	1.1609	308	0.6316	1.1867	NONE	NONE	BAF_WEIGHTED	346	0.3966	59145001	59145001	0	1
chr14	59516001	60053000	1.9792	485	0.6389	0.9825	NONE	NONE	BAF_WEIGHTED	492	0.3834	59513001	59519001	0	2
chr14	60053001	60305000	0.9111	247	0.625	1	NONE	NONE	BAF_WEIGHTED	244	0.3768	60053001	60053001	0	1
chr14	60305001	60708000	1.9332	21	0.6216	0.9296	NONE	NONE	BAF_WEIGHTED	357	0.3919	60305001	60305001	0	2
chr14	60708001	61320000	1.4146	79	0.6552	1.1924	NONE	NONE	BAF_WEIGHTED	557	0.3927	60708001	60708001	0	1
chr14	61320001	61772000	0.4997	100	0.6614	1	NONE	NONE	BAF_WEIGHTED	443	0.4168	61320001	61320001	0	0
chr14	61772001	63360000	2.1436	1134	0.6364	0.948	NONE	NONE	BAF_WEIGHTED	1486	0.3801	61772001	61772001	0	2
chr14	63360001	65757000	1.2324	781	0.6312	1.1462	NONE	NONE	BAF_WEIGHTED	2314	0.422	63360001	63360001	0	1
chr14	65757001	67227000	1.8696	366	0.6324	0.9793	NONE	NONE	BAF_WEIGHTED	1363	0.3897	65757001	65757001	0	2
chr14	67227001	68137000	1.3002	238	0.65	1.2149	NONE	NONE	BAF_WEIGHTED	873	0.4143	67227001	67227001	0	1
chr14	68137001	68826000	0.3584	174	0.6364	1	NONE	NONE	BAF_WEIGHTED	672	0.4364	68136001	68137001	0	0
chr14	68826001	69606000	1.3622	345	0.6364	1.1267	NONE	NONE	BAF_WEIGHTED	757	0.4535	68826001	68826001	0	1
chr14	69606001	69730000	0.0796	0	0	1	NONE	NONE	BAF_WEIGHTED	123	0.4526	69606001	69606001	0	0
chr14	69730001	70597000	2.0031	594	0.6352	0.9659	NONE	NONE	BAF_WEIGHTED	786	0.4239	69730001	69730001	0	2
chr14	70597001	71769000	1.2097	217	0.6364	1.1885	NONE	NONE	BAF_WEIGHTED	1114	0.4105	70597001	70597001	0	1
chr14	71769001	72388000	2.1595	516	0.6364	0.9457	NONE	NONE	BAF_WEIGHTED	585	0.4081	71769001	71769001	0	2
chr14	72388001	73740000	1.4343	573	0.6238	1.0361	NONE	NONE	BAF_WEIGHTED	1248	0.4477	72388001	72388001	0	1
chr14	73740001	73791000	-0.0872	30	0.633	1	NONE	NONE	BAF_WEIGHTED	47	0.5183	73739001	73741001	0	0
chr14	73791001	74760000	1.6381	476	0.6471	1.0868	NONE	NONE	BAF_WEIGHTED	938	0.4569	73791001	73791001	0	2
chr14	74760001	76019921	1.2041	445	0.6296	1.1566	NONE	DEL	BAF_WEIGHTED	1228	0.4373	74760001	74760001	0	1
chr14	76019922	76019961	0	0	0	1	DEL	DEL	STRUCTURAL_VARIANT	0	0	76019922	76019922	0	0
chr14	76019962	76759000	2.1436	492	0.64	0.9598	DEL	NONE	BAF_WEIGHTED	713	0.4558	76019962	76019962	0	2
chr14	76759001	77127000	1.0104	170	0.625	1.2308	NONE	NONE	BAF_WEIGHTED	353	0.4921	76759001	76759001	0	1
chr14	77127001	77299000	2.2127	40	0.6496	0.9805	NONE	NONE	BAF_WEIGHTED	163	0.5004	77127001	77127001	0	2
chr14	77299001	77824000	1.5067	449	0.6333	1.0665	NONE	NONE	BAF_WEIGHTED	503	0.4353	77299001	77299001	0	2
chr14	77824001	80475000	2.2235	896	0.6441	0.9609	NONE	NONE	BAF_WEIGHTED	2544	0.3976	77824001	77824001	0	2
chr14	80475001	81449000	1.6227	560	0.6429	1.0741	NONE	NONE	BAF_WEIGHTED	933	0.3826	80475001	80475001	0	2
chr14	81449001	81536000	0.5498	36	0.6548	1	NONE	NONE	BAF_WEIGHTED	83	0.4007	81449001	81449001	0	1
chr14	81536001	87933000	2.2559	3397	0.6364	0.9326	NONE	NONE	BAF_WEIGHTED	6124	0.3653	81536001	81536001	0	2
chr14	87933001	88027000	0.8214	188	0.65	1	NONE	NONE	BAF_WEIGHTED	91	0.3718	87933001	87933001	0	1
chr14	88027001	89153000	1.8395	656	0.6364	0.9995	NONE	NONE	BAF_WEIGHTED	1073	0.4073	88027001	88027001	0	2
chr14	89153001	90053000	1.3439	735	0.6429	1.1636	NONE	NONE	BAF_WEIGHTED	883	0.4298	89153001	89153001	0	1
chr14	90053001	90255000	2.3199	66	0.6429	0.9445	NONE	NONE	BAF_WEIGHTED	189	0.4413	90053001	90053001	0	2
chr14	90255001	92178000	1.3622	1401	0.625	1.0743	NONE	NONE	BAF_WEIGHTED	1847	0.4391	90255001	90255001	0	1
chr14	92178001	92457000	2.011	173	0.64	0.9809	NONE	NONE	BAF_WEIGHTED	271	0.4721	92178001	92178001	0	2
chr14	92457001	92851000	1.0802	319	0.64	1.2746	NONE	NONE	BAF_WEIGHTED	366	0.4696	92457001	92457001	0	1
chr14	92851001	92982000	2.4168	97	0.6364	0.9128	NONE	NONE	BAF_WEIGHTED	108	0.5117	92851001	92851001	0	2
chr14	92982001	93339000	1.5019	173	0.6562	1.1654	NONE	NONE	BAF_WEIGHTED	344	0.4734	92982001	92982001	0	2
chr14	93339001	93936000	2.2373	415	0.6452	0.963	NONE	NONE	BAF_WEIGHTED	573	0.4324	93339001	93339001	0	2
chr14	93936001	94185000	1.2303	136	0.6099	1.0473	NONE	NONE	BAF_WEIGHTED	238	0.4814	93936001	93936001	0	1
chr14	94185001	95088000	2.1809	486	0.6316	0.9271	NONE	NONE	BAF_WEIGHTED	874	0.4514	94185001	94185001	0	2
chr14	95088001	95541000	1.2478	244	0.625	1.1155	NONE	NONE	BAF_WEIGHTED	441	0.4607	95088001	95088001	0	1
chr14	95541001	96272000	2.3747	647	0.6486	0.955	NONE	NONE	BAF_WEIGHTED	717	0.4592	95541001	95541001	0	2
chr14	96272001	96599000	1.3491	114	0.6471	1.181	NONE	NONE	BAF_WEIGHTED	314	0.4069	96272001	96272001	0	1
chr14	96599001	98286897	2.069	784	0.6452	0.9888	NONE	DEL	BAF_WEIGHTED	1652	0.4257	96599001	96599001	0	2
chr14	98286898	98287419	0	0	0	1	DEL	DEL	STRUCTURAL_VARIANT	0	0	98286898	98286898	0	0
chr14	98287420	98798000	2.1428	520	0.6364	0.9481	DEL	NONE	BAF_WEIGHTED	504	0.4082	98287420	98287420	0	2
chr14	98798001	99964000	1.7203	626	0.6216	0.9677	NONE	NONE	BAF_WEIGHTED	1090	0.4791	98798001	98798001	0	2
chr14	99964001	100404000	1.2788	130	0.65	1.2244	NONE	NONE	BAF_WEIGHTED	397	0.4853	99964001	99964001	0	1
chr14	100404001	101703000	2.5216	564	0.6452	0.9272	NONE	NONE	BAF_WEIGHTED	1153	0.4827	100404001	100404001	0	2
chr14	101703001	101859000	0.9683	32	0.634	1	NONE	NONE	BAF_WEIGHTED	141	0.4563	101703001	101703001	0	1
chr14	101859001	103941000	1.6088	643	0.6296	1.0241	NONE	NONE	BAF_WEIGHTED	1884	0.4834	101859001	101859001	0	2
chr14	103941001	104639000	2.7508	387	0.6429	0.8973	NONE	NONE	BAF_WEIGHTED	486	0.5229	103941001	103941001	0	2
chr14	104639001	107043718	1.8807	71	0.6312	0.9687	NONE	TELOMERE	BAF_WEIGHTED	1060	0.5012	104639001	104639001	0	2
chr15	1	18362626	1.9228	0	0	1.015	TELOMERE	CENTROMERE	LONG_ARM	0	0	1	1	0	2
chr15	18362627	23425000	1.9228	432	0.6452	1.015	CENTROMERE	NONE	BAF_WEIGHTED	343	0.4601	18362627	18362627	0	2
chr15	23425001	25333000	2.6796	921	0.6415	0.8992	NONE	NONE	BAF_WEIGHTED	1318	0.41	23425001	23427001	0	2
chr15	25333001	25442000	0.6824	77	0.625	1	NONE	NONE	BAF_WEIGHTED	106	0.3654	25333001	25333001	0	1
chr15	25442001	30855500	2.3771	2053	0.6316	0.9027	NONE	NONE	BAF_WEIGHTED	3906	0.4264	25442001	25442001	0	2
chr15	30855501	31210000	1.6441	198	0.6377	1.0476	NONE	NONE	BAF_WEIGHTED	343	0.4312	30855001	30856001	0	2
chr15	31210001	31491000	0.8666	209	0.6471	1	NONE	NONE	BAF_WEIGHTED	261	0.4941	31210001	31210001	0	1
chr15	31491001	32429000	2.3529	255	0.6429	0.9403	NONE	NONE	BAF_WEIGHTED	526	0.4197	31491001	31491001	0	2
chr15	32429001	33218000	1.5742	671	0.625	1.0138	NONE	NONE	BAF_WEIGHTED	573	0.4017	32225001	32633001	0	2
chr15	33218001	33969000	2.0062	362	0.625	0.9301	NONE	NONE	BAF_WEIGHTED	729	0.4132	33218001	33218001	0	2
chr15	33969001	34440000	1.2391	252	0.6296	1.1417	NONE	NONE	BAF_WEIGHTED	399	0.4128	33969001	33969001	0	1
chr15	34440001	37146000	1.7013	1439	0.625	0.9848	NONE	NONE	BAF_WEIGHTED	2520	0.375	34440001	34440001	0	2
chr15	37146001	37365694	2.1599	148	0.6458	0.9763	NONE	DEL	BAF_WEIGHTED	192	0.3625	37146001	37146001	0	2
chr15	37365695	37365733	1.1407	0	0	0.9146	DEL	DEL	STRUCTURAL_VARIANT	0	0	37365695	37365695	0	1
chr15	37365734	37978000	2.1047	420	0.6364	0.9537	DEL	NONE	BAF_WEIGHTED	563	0.3685	37365734	37365734	0	2
chr15	37978001	40023000	1.0799	1122	0.619	1.1586	NONE	NONE	BAF_WEIGHTED	1952	0.3959	37978001	37978001	0	1
chr15	40023001	40247000	0.4529	31	0.625	1	NONE	NONE	BAF_WEIGHTED	203	0.451	40023001	40023001	0	0
chr15	40247001	43830000	1.2462	977	0.6296	1.1388	NONE	NONE	BAF_WEIGHTED	3201	0.453	40247001	40247001	0	1
chr15	43830001	44423000	1.826	33	0.6364	1.0022	NONE	NONE	BAF_WEIGHTED	561	0.4135	43830001	43830001	0	2
chr15	44423001	44707000	1.1096	3	0.7143	1.66	NONE	NONE	BAF_WEIGHTED	271	0.4148	44423001	44423001	0	1
chr15	44707001	44738000	-0.3993	3	0.5909	1	NONE	NONE	BAF_WEIGHTED	31	0.4309	44707001	44707001	0	0
chr15	44738001	45584000	1.664	469	0.64	1.052	NONE	NONE	BAF_WEIGHTED	617	0.4358	44738001	44738001	0	2
chr15	45584001	45716000	0.946	149	0.64	1	NONE	NONE	BAF_WEIGHTED	124	0.4373	45584001	45584001	0	1
chr15	45716001	47154000	2.4255	1075	0.6364	0.9118	NONE	NONE	BAF_WEIGHTED	1301	0.3731	45716001	45716001	0	2
chr15	47154001	48739000	1.9367	844	0.6364	0.9813	NONE	NONE	BAF_WEIGHTED	1548	0.3905	47154001	47154001	0	2
chr15	48739001	49310000	1.228	333	0.625	1.1234	NONE	NONE	BAF_WEIGHTED	548	0.3843	48739001	48739001	0	1
chr15	49310001	50768000	1.6388	722	0.6454	1.0804	NONE	NONE	BAF_WEIGHTED	1362	0.3877	49310001	49310001	0	2
chr15	50768001	51648500	3.3531	480	0.7105	1.0179	NONE	NONE	BAF_WEIGHTED	819	0.4112	50768001	50768001	0	3
chr15	51648501	51677000	2.0357	8	0.6813	1.1152	NONE	NONE	BAF_WEIGHTED	28	0.3983	51648001	51649001	0	2
chr15	51677001	52741500	1.1311	283	0.6364	1.2269	NONE	NONE	BAF_WEIGHTED	1021	0.4146	51677001	51677001	0	1
chr15	52741501	53226219	2.424	219	0.6429	0.9316	NONE	DEL	BAF_WEIGHTED	436	0.4046	52738001	52745001	0	2
chr15	53226220	53226295	0.3141	0	0	1	DEL	DEL	STRUCTURAL_VARIANT	0	0	53226220	53226220	0	0
chr15	53226296	55175000	2.3747	1927	0.6364	0.9177	DEL	NONE	BAF_WEIGHTED	1823	0.3729	53226296	53226296	0	2
chr15	55175001	55417000	1.0548	91	0.6316	1.2425	NONE	NONE	BAF_WEIGHTED	227	0.402	55175001	55175001	0	1
chr15	55417001	56038000	1.8887	389	0.6316	0.9728	NONE	NONE	BAF_WEIGHTED	577	0.4021	55417001	55417001	0	2
chr15	56038001	56883000	1.4591	370	0.6333	1.0807	NONE	NONE	BAF_WEIGHTED	768	0.3716	56038001	56038001	0	1
chr15	56883001	57290000	0.7149	17	0.6667	1	NONE	NONE	BAF_WEIGHTED	396	0.3731	56883001	56883001	0	1
chr15	57290001	58176000	1.764	406	0.6364	1.015	NONE	NONE	BAF_WEIGHTED	851	0.4224	57290001	57290001	0	2
chr15	58176001	59707000	1.1771	617	0.625	1.145	NONE	NONE	BAF_WEIGHTED	1490	0.4165	58176001	58176001	0	1
chr15	59707001	60321000	2.2818	265	0.6429	0.9496	NONE	NONE	BAF_WEIGHTED	591	0.4063	59707001	59707001	0	2
chr15	60321001	60597000	1.0008	129	0.6316	1.2754	NONE	NONE	BAF_WEIGHTED	261	0.405	60321001	60321001	0	1
chr15	60597001	61159000	1.6171	405	0.6471	1.0925	NONE	NONE	BAF_WEIGHTED	553	0.4185	60597001	60597001	0	2
chr15	61159001	61833000	2.2727	335	0.6295	0.9117	NONE	NONE	BAF_WEIGHTED	647	0.406	61159001	61159001	0	2
chr15	61833001	62144000	0.9857	295	0.6296	1	NONE	NONE	BAF_WEIGHTED	279	0.3677	61833001	61833001	0	1
chr15	62144001	62778000	1.9653	314	0.64	0.9888	NONE	NONE	BAF_WEIGHTED	610	0.4301	62143001	62145001	0	2
chr15	62778001	64900000	1.0902	1016	0.65	1.3237	NONE	NONE	BAF_WEIGHTED	2058	0.4388	62778001	62778001	0	1
chr15	64900001	65577000	1.6409	269	0.6364	1.0434	NONE	NONE	BAF_WEIGHTED	647	0.4622	64900001	64900001	0	2
chr15	65577001	65928000	1.143	3	0.6316	1.1954	NONE	NONE	BAF_WEIGHTED	338	0.4093	65577001	65577001	0	1
chr15	65928001	66280000	2.1115	216	0.6348	0.9476	NONE	NONE	BAF_WEIGHTED	346	0.4886	65928001	65928001	0	2
chr15	66280001	67048000	1.4765	465	0.625	1.0395	NONE	NONE	BAF_WEIGHTED	733	0.4674	66280001	66280001	0	1
chr15	67048001	67155000	0.4028	0	0	1	NONE	NONE	BAF_WEIGHTED	105	0.4738	67048001	67048001	0	0
chr15	67155001	70006000	1.6266	1032	0.64	1.0614	NONE	NONE	BAF_WEIGHTED	2749	0.4369	67155001	67155001	0	2
chr15	70006001	70816000	1.2292	347	0.6522	1.2585	NONE	NONE	BAF_WEIGHTED	778	0.4635	70006001	70006001	0	1
chr15	70816001	74767000	1.794	1347	0.6425	1.0162	NONE	NONE	BAF_WEIGHTED	3593	0.4382	70816001	70816001	0	2
chr15	74767001	75935500	1.2597	388	0.65	1.233	NONE	NONE	BAF_WEIGHTED	927	0.4806	74767001	74767001	0	1
chr15	75935501	76859000	1.7209	474	0.6299	0.9998	NONE	NONE	BAF_WEIGHTED	844	0.4033	75935001	75936001	0	2
chr15	76859001	77551000	1.1478	340	0.6471	1.2747	NONE	NONE	BAF_WEIGHTED	640	0.4165	76859001	76859001	0	1
chr15	77551001	77936000	2.2095	175	0.625	0.902	NONE	NONE	BAF_WEIGHTED	298	0.5411	77551001	77551001	0	2
chr15	77936001	78105000	0.765	61	0.64	1	NONE	NONE	BAF_WEIGHTED	121	0.4686	77936001	77936001	0	1
chr15	78105001	79012000	1.5734	944	0.64	1.0757	NONE	NONE	BAF_WEIGHTED	789	0.4648	78105001	78105001	0	2
chr15	79012001	79823000	2.146	587	0.6364	0.9476	NONE	NONE	BAF_WEIGHTED	763	0.433	79012001	79012001	0	2
chr15	79823001	80163000	1.2669	311	0.6471	1.2157	NONE	NONE	BAF_WEIGHTED	323	0.4179	79823001	79823001	0	1
chr15	80163001	81922083	1.8696	923	0.641	1.0103	NONE	DEL	BAF_WEIGHTED	1666	0.4279	80163001	80163001	0	2
chr15	81922084	81923363	0	0	0	1	DEL	DEL	STRUCTURAL_VARIANT	0	0	81922084	81922084	0	0
chr15	81923364	83232000	1.8601	487	0.6333	0.9842	DEL	NONE	BAF_WEIGHTED	959	0.4316	81923364	81923364	0	2
chr15	83232001	84094000	2.2723	459	0.64	0.9417	NONE	NONE	BAF_WEIGHTED	789	0.4082	83232001	83232001	0	2
chr15	84094001	85393000	1.3518	771	0.64	1.1471	NONE	NONE	BAF_WEIGHTED	698	0.4464	84092001	84096001	0	1
chr15	85393001	85806000	0.7868	395	0.6667	1	NONE	NONE	BAF_WEIGHTED	390	0.416	85393001	85393001	0	1
chr15	85806001	88887000	2.4946	1915	0.6572	0.9662	NONE	NONE	BAF_WEIGHTED	2857	0.4167	85806001	85806001	0	2
chr15	88887001	89995000	1.7505	555	0.6471	1.0586	NONE	NONE	BAF_WEIGHTED	1031	0.4656	88887001	88887001	0	2
chr15	89995001	91028000	1.3046	770	0.64	1.1655	NONE	NONE	BAF_WEIGHTED	968	0.4669	89995001	89995001	0	1
chr15	91028001	92796000	2.42	1406	0.6562	0.9723	NONE	NONE	BAF_WEIGHTED	1683	0.4293	91028001	91028001	0	2
chr15	92796001	92923000	0.1459	73	0.6429	1	NONE	NONE	BAF_WEIGHTED	124	0.4306	92796001	92796001	0	0
chr15	92923001	93042000	1.0902	108	0.625	1.1864	NONE	NONE	BAF_WEIGHTED	116	0.408	92923001	92923001	0	1
chr15	93042001	94213000	2.4105	1135	0.6522	0.9614	NONE	NONE	BAF_WEIGHTED	1098	0.4161	93042001	93042001	0	2
chr15	94213001	94469000	1.6266	128	0.6493	1.0987	NONE	NONE	BAF_WEIGHTED	253	0.3816	94213001	94213001	0	2
chr15	94469001	95248000	2.7535	276	0.6667	0.9631	NONE	NONE	BAF_WEIGHTED	763	0.386	94469001	94469001	0	3
chr15	95248001	96360500	2.0404	642	0.6296	0.9406	NONE	NONE	BAF_WEIGHTED	1096	0.3903	95248001	95248001	0	2
chr15	96360501	98612000	2.6674	1142	0.6552	0.9401	NONE	NONE	BAF_WEIGHTED	2136	0.3978	96360001	96361001	0	3
chr15	98612001	99077000	1.8895	309	0.6364	0.9899	NONE	NONE	BAF_WEIGHTED	447	0.4456	98612001	98612001	0	2
chr15	99077001	99137000	3.5969	47	0.7143	1.006	NONE	NONE	BAF_WEIGHTED	58	0.4746	99077001	99077001	0	4
chr15	99137001	99789500	1.3677	349	0.65	1.187	NONE	NONE	BAF_WEIGHTED	613	0.4109	99137001	99137001	0	1
chr15	99789501	100565000	4.6901	906	0.729	0.968	NONE	NONE	BAF_WEIGHTED	679	0.4392	99789001	99790001	0	5
chr15	100565001	101113000	3.6382	228	0.7066	0.9847	NONE	NONE	BAF_WEIGHTED	517	0.4553	100565001	100565001	0	4
chr15	101113001	101303000	2.5955	175	0.7273	1.1561	NONE	NONE	BAF_WEIGHTED	180	0.4637	101113001	101113001	0	3
chr15	101303001	101991189	4.345	427	0.72	0.9679	NONE	TELOMERE	BAF_WEIGHTED	481	0.4494	101303001	101303001	0	4
chr16	1	260000	4.8128	122	0.75	1.0044	TELOMERE	NONE	BAF_WEIGHTED	183	0.5182	1	1	0	5
chr16	260001	311389	9.455	40	0.8198	0.9855	NONE	INV	BAF_WEIGHTED	24	0.6045	260001	260001	0	9
chr16	311390	313384	4.6873	2	0.7444	0.9997	INV	INV	BAF_WEIGHTED	1	0.484	311390	311390	0	5
chr16	313385	817000	1.5051	129	0.6296	1.0512	INV	NONE	BAF_WEIGHTED	252	0.5921	313385	313385	0	2
chr16	817001	1727000	2.115	699	0.625	0.9144	NONE	NONE	BAF_WEIGHTED	454	0.5832	816001	818001	0	2
chr16	1727001	1797000	2.7162	70	0.6431	0.9011	NONE	NONE	BAF_WEIGHTED	27	0.6133	1727001	1727001	0	2
chr16	1797001	2969000	3.4206	522	0.5714	0.5847	NONE	NONE	BAF_WEIGHTED	676	0.5458	1797001	1797001	1	2
chr16	2969001	3192000	2.6312	209	0.5758	0.6199	NONE	NONE	BAF_WEIGHTED	151	0.56	2966001	2972001	1	2
chr16	3192001	3452500	4.3633	153	0.5758	0.5416	NONE	NONE	BAF_WEIGHTED	246	0.4558	3192001	3192001	2	2
chr16	3452501	3884000	3.288	283	0.5714	0.6083	NONE	NONE	BAF_WEIGHTED	398	0.4826	3452001	3453001	1	2
chr16	3884001	4238000	4.2561	111	0.5641	0.5301	NONE	NONE	BAF_WEIGHTED	340	0.4812	3884001	3884001	2	2
chr16	4238001	4961000	3.3936	208	0.5638	0.5893	NONE	NONE	BAF_WEIGHTED	607	0.5291	4238001	4238001	1	2
chr16	4961001	8596000	4.8064	3298	0.5652	0.6242	NONE	NONE	BAF_WEIGHTED	3422	0.4245	4961001	4961001	2	3
chr16	8596001	9089000	3.4206	327	0.5714	0.5847	NONE	NONE	BAF_WEIGHTED	465	0.4754	8594001	8596001	1	2
chr16	9089001	9129000	1.7696	46	0.5862	0.8247	NONE	NONE	BAF_WEIGHTED	36	0.4455	9089001	9089001	0	1
chr16	9129001	10483000	4.5515	1124	0.5612	0.6591	NONE	NONE	BAF_WEIGHTED	1290	0.4305	9129001	9129001	2	3
chr16	10483001	11714942	3.2181	1115	0.5667	0.6215	NONE	DUP	BAF_WEIGHTED	1186	0.4876	10483001	10483001	1	2
chr16	11714943	11723772	4.515	13	0.641	0.7939	DUP	DUP	BAF_WEIGHTED	8	0.4075	11714943	11714943	1	4
chr16	11723773	12101000	3.1998	206	0.5759	0.625	DUP	NONE	BAF_WEIGHTED	317	0.4522	11723773	11723773	1	2
chr16	12101001	12908000	3.9646	553	0.5641	0.5045	NONE	NONE	BAF_WEIGHTED	791	0.4627	12101001	12101001	2	2
chr16	12908001	13905500	5.0316	789	0.5588	0.5962	NONE	NONE	BAF_WEIGHTED	974	0.4202	12908001	12908001	2	3
chr16	13905501	14680000	3.2658	236	0.5617	0.6124	NONE	NONE	BAF_WEIGHTED	725	0.4283	13905001	13906001	1	2
chr16	14680001	17268000	6.0744	1001	0.6101	0.6996	NONE	NONE	BAF_WEIGHTED	1304	0.4566	14680001	14680001	2	4
chr16	17268001	17314316	4.4062	37	0.6061	0.724	NONE	DEL	BAF_WEIGHTED	46	0.4672	17268001	17268001	1	3
chr16	17314317	17314351	2.2592	0	0	0.6763	DEL	DEL	STRUCTURAL_VARIANT	0	0	17314317	17314317	1	2
chr16	17314352	17484000	5.3274	169	0.6111	0.7132	DEL	NONE	BAF_WEIGHTED	168	0.4607	17314352	17314352	2	4
chr16	17484001	19490000	6.8996	1100	0.6066	0.6826	NONE	NONE	BAF_WEIGHTED	1067	0.436	17484001	17484001	2	5
chr16	19490001	19888000	4.9672	207	0.6111	0.7206	NONE	NONE	BAF_WEIGHTED	374	0.4472	19490001	19490001	1	4
chr16	19888001	20644000	7.3509	131	0.6154	0.6923	NONE	NONE	BAF_WEIGHTED	578	0.4361	19888001	19888001	2	5
chr16	20644001	20924000	4.6913	2	0.5669	0.6395	NONE	NONE	BAF_WEIGHTED	257	0.4101	20644001	20644001	2	3
chr16	20924001	21583000	6.5385	178	0.6271	0.7223	NONE	NONE	BAF_WEIGHTED	395	0.434	20924001	20924001	2	5
chr16	21583001	22419000	5.5172	55	0.5972	0.6835	NONE	NONE	BAF_WEIGHTED	612	0.446	21342001	21583001	2	4
chr16	22419001	23038000	7.2421	261	0.617	0.6961	NONE	NONE	BAF_WEIGHTED	330	0.43	22419001	22614001	2	5
chr16	23038001	23705000	5.7562	81	0.6038	0.6921	NONE	NONE	BAF_WEIGHTED	642	0.4569	23037001	23038001	2	4
chr16	23705001	24503000	6.9463	562	0.6207	0.7058	NONE	NONE	BAF_WEIGHTED	790	0.4403	23705001	23705001	2	5
chr16	24503001	24979000	5.8936	254	0.6098	0.701	NONE	NONE	BAF_WEIGHTED	469	0.4329	24503001	24503001	2	4
chr16	24979001	25068500	4.4943	82	0.6104	0.7308	NONE	NONE	BAF_WEIGHTED	82	0.4491	24979001	24979001	1	3
chr16	25068501	27169000	7.2766	1603	0.6167	0.6954	NONE	NONE	BAF_WEIGHTED	2038	0.424	25068001	25069001	2	5
chr16	27169001	27772000	5.7316	285	0.6111	0.706	NONE	NONE	BAF_WEIGHTED	587	0.4792	27169001	27169001	2	4
chr16	27772001	28129000	7.2548	207	0.6119	0.6874	NONE	NONE	BAF_WEIGHTED	345	0.4866	27772001	27772001	2	5
chr16	28129001	28195000	3.6454	2	0.6277	0.7991	NONE	NONE	BAF_WEIGHTED	66	0.4215	28129001	28129001	1	3
chr16	28195001	29953000	5.6915	487	0.6176	0.7188	NONE	NONE	BAF_WEIGHTED	726	0.5065	28195001	28195001	2	4
chr16	29953001	30111000	4.2767	91	0.6364	0.7926	NONE	NONE	BAF_WEIGHTED	132	0.5323	29953001	29953001	1	3
chr16	30111001	30820000	1.8665	200	0.5789	0.7859	NONE	NONE	BAF_WEIGHTED	496	0.5085	30111001	30111001	0	1
chr16	30820001	31269000	4.2434	66	0.6199	0.7581	NONE	NONE	BAF_WEIGHTED	381	0.5186	30820001	30820001	1	3
chr16	31269001	34072000	5.3877	61	0.6176	0.7245	NONE	NONE	BAF_WEIGHTED	557	0.4383	31269001	31269001	1	4
chr16	34072001	35016000	11.8444	4	0.6357	0.6925	NONE	NONE	BAF_WEIGHTED	13	0.3539	34055001	34074001	4	8
chr16	35016001	37295919	3.1492	84	0.5671	0.6373	NONE	CENTROMERE	BAF_WEIGHTED	590	0.4041	34959001	35073001	1	2
chr16	37295920	47753000	1.6318	158	0.5847	0.8391	CENTROMERE	NONE	BAF_WEIGHTED	1114	0.4094	37295920	37295920	0	1
chr16	47753001	48233000	2.4867	19	0.5517	0.5979	NONE	NONE	BAF_WEIGHTED	435	0.4389	47753001	47753001	1	1
chr16	48233001	48631500	1.2004	35	0.5768	0.8449	NONE	NONE	BAF_WEIGHTED	373	0.4313	48233001	48233001	0	1
chr16	48631501	50020000	2.5621	586	0.5714	0.6097	NONE	NONE	BAF_WEIGHTED	1316	0.4595	48631001	48632001	1	2
chr16	50020001	50372000	1.2812	79	0.5588	0.7805	NONE	NONE	BAF_WEIGHTED	327	0.4484	50020001	50020001	0	1
chr16	50372001	53034000	2.5107	1392	0.5675	0.6035	NONE	NONE	BAF_WEIGHTED	2415	0.4194	50372001	50372001	1	2
chr16	53034001	54128000	1.3574	677	0.5789	0.8635	NONE	NONE	BAF_WEIGHTED	1045	0.4	53034001	53034001	0	1
chr16	54128001	56355000	2.1897	1127	0.5714	0.5433	NONE	NONE	BAF_WEIGHTED	2095	0.438	54128001	54128001	1	1
chr16	56355001	57694000	1.4996	726	0.5779	0.8323	NONE	NONE	BAF_WEIGHTED	1252	0.4735	56355001	56355001	0	1
chr16	57694001	58477000	1.9375	352	0.5714	0.5161	NONE	NONE	BAF_WEIGHTED	730	0.4769	57692001	57694001	1	1
chr16	58477001	58740000	0.5535	205	0.5989	1	NONE	NONE	BAF_WEIGHTED	249	0.4561	58477001	58477001	0	1
chr16	58740001	66123000	1.3313	4186	0.5926	0.9411	NONE	NONE	BAF_WEIGHTED	7010	0.3738	58740001	58740001	0	1
chr16	66123001	68168000	0.5833	262	0.612	1	NONE	NONE	BAF_WEIGHTED	1866	0.4866	66123001	66123001	0	1
chr16	68168001	69163627	2.5312	55	0.6875	1.0502	NONE	DUP	BAF_WEIGHTED	948	0.4684	68168001	68168001	0	3
chr16	69163628	69184828	4.3553	8	0.6992	0.9233	DUP	DUP	BAF_WEIGHTED	20	0.4524	69163628	69163628	0	4
chr16	69184829	69943000	2.0999	394	0.6667	1.0554	DUP	NONE	BAF_WEIGHTED	737	0.4351	69184829	69184829	0	2
chr16	69943001	71599553	2.5542	693	0.6757	1.0125	NONE	DEL	BAF_WEIGHTED	914	0.4704	69943001	69943001	0	3
chr16	71599554	71599600	0.4226	0	0	1	DEL	DEL	STRUCTURAL_VARIANT	0	0	71599554	71599554	0	0
chr16	71599601	73175000	2.4204	897	0.675	1.029	DEL	NONE	BAF_WEIGHTED	1496	0.4227	71599601	71599601	0	2
chr16	73175001	74289000	3.4516	719	0.68	0.9354	NONE	NONE	BAF_WEIGHTED	1098	0.4111	73175001	73175001	0	3
chr16	74289001	75663000	2.2953	930	0.6842	1.0772	NONE	NONE	BAF_WEIGHTED	1171	0.4559	74289001	74289001	0	2
chr16	75663001	76505000	3.4222	537	0.6889	0.9592	NONE	NONE	BAF_WEIGHTED	793	0.3734	75663001	75663001	0	3
chr16	76505001	79251704	2.9016	3076	0.681	0.9864	NONE	DEL	BAF_WEIGHTED	2675	0.4119	76505001	76505001	0	3
chr16	79251705	79254523	-0.5073	4	0.5882	1	DEL	DEL	BAF_WEIGHTED	2	0.4575	79251705	79251705	0	-1
chr16	79254524	80963500	2.929	1640	0.6923	1.0138	DEL	NONE	BAF_WEIGHTED	1660	0.4195	79254524	79254524	0	3
chr16	80963501	82270000	2.2754	1438	0.6667	1.0254	NONE	NONE	BAF_WEIGHTED	1257	0.4615	80963001	80964001	0	2
chr16	82270001	84502000	3.0771	2194	0.6757	0.9553	NONE	NONE	BAF_WEIGHTED	2166	0.4439	82270001	82270001	0	3
chr16	84502001	84761000	1.7632	303	0.68	1.1799	NONE	NONE	BAF_WEIGHTED	249	0.4808	84502001	84502001	0	2
chr16	84761001	85787000	2.4919	810	0.6667	0.9943	NONE	NONE	BAF_WEIGHTED	878	0.5385	84761001	84761001	0	2
chr16	85787001	89308000	3.2007	2510	0.6823	0.9607	NONE	NONE	BAF_WEIGHTED	2422	0.5157	85787001	85787001	0	3
chr16	89308001	89510000	2.2548	80	0.6927	1.1112	NONE	NONE	BAF_WEIGHTED	178	0.4972	89308001	89308001	0	2
chr16	89510001	90338345	3.2523	190	0.7	1.0011	NONE	TELOMERE	BAF_WEIGHTED	443	0.5397	89510001	89510001	0	3
chr17	1	1985000	2.7384	1333	0.68	1.0019	TELOMERE	NONE	BAF_WEIGHTED	1361	0.5073	1	1	0	3
chr17	1985001	2713000	2.2465	476	0.6835	1.0836	NONE	NONE	BAF_WEIGHTED	644	0.478	1985001	1985001	0	2
chr17	2713001	3629000	3.3603	701	0.6977	0.9858	NONE	NONE	BAF_WEIGHTED	749	0.468	2713001	2713001	0	3
chr17	3629001	5595000	2.551	1114	0.6818	1.0308	NONE	NONE	BAF_WEIGHTED	1738	0.4881	3629001	3629001	0	3
chr17	5595001	6435500	3.7101	780	0.7	0.964	NONE	NONE	BAF_WEIGHTED	818	0.4612	5595001	5595001	0	4
chr17	6435501	6841000	2.7758	334	0.6957	1.0409	NONE	NONE	BAF_WEIGHTED	369	0.4705	6435001	6436001	0	3
chr17	6841001	6863000	2.4128	25	0.5769	0.5856	NONE	NONE	BAF_WEIGHTED	18	0.4267	6841001	6841001	1	1
chr17	6863001	8972000	1.9	754	0.6568	1.0608	NONE	NONE	BAF_WEIGHTED	1779	0.4861	6863001	6863001	0	2
chr17	8972001	10870000	2.4379	1322	0.6562	0.9699	NONE	NONE	BAF_WEIGHTED	1840	0.4513	8972001	8972001	0	2
chr17	10870001	11980000	2.9965	386	0.6545	0.907	NONE	NONE	BAF_WEIGHTED	1075	0.4276	10870001	10870001	0	3
chr17	11980001	12145000	1.4471	2	0.7043	1.3956	NONE	NONE	BAF_WEIGHTED	160	0.3824	11980001	11980001	0	1
chr17	12145001	13961000	2.7702	1437	0.6667	0.9614	NONE	NONE	BAF_WEIGHTED	1772	0.407	12145001	12145001	0	3
chr17	13961001	14287000	1.9491	111	0.6591	1.0588	NONE	NONE	BAF_WEIGHTED	277	0.4021	13961001	13961001	0	2
chr17	14287001	15251000	2.5478	568	0.6667	0.9871	NONE	NONE	BAF_WEIGHTED	937	0.4085	14287001	14287001	0	3
chr17	15251001	16543000	1.822	806	0.6667	1.1147	NONE	NONE	BAF_WEIGHTED	897	0.4466	15251001	15251001	0	2
chr17	16543001	17664000	2.2915	564	0.6667	1.0204	NONE	NONE	BAF_WEIGHTED	720	0.4878	16543001	16543001	0	2
chr17	17664001	17977000	1.3256	185	0.6429	1.1707	NONE	NONE	BAF_WEIGHTED	266	0.5283	17664001	17664001	0	1
chr17	17977001	19252000	2.3549	248	0.6538	0.9736	NONE	NONE	BAF_WEIGHTED	537	0.5094	17977001	17977001	0	2
chr17	19252001	21208000	3.4408	303	0.692	0.9653	NONE	NONE	BAF_WEIGHTED	1370	0.4506	19252001	19252001	0	3
chr17	21208001	21289000	2.7909	31	0.7273	1.1261	NONE	NONE	BAF_WEIGHTED	73	0.5262	21204001	21208001	0	3
chr17	21289001	24849829	4.2753	510	0.7014	0.9301	NONE	CENTROMERE	BAF_WEIGHTED	383	0.436	21289001	21290001	0	4
chr17	24849830	27640000	2.5741	98	0.6923	1.0581	CENTROMERE	NONE	BAF_WEIGHTED	404	0.4713	24849830	24849830	0	3
chr17	27640001	28039000	3.7109	1	0.8824	1.387	NONE	NONE	BAF_WEIGHTED	350	0.4541	27640001	27640001	0	4
chr17	28039001	28198000	2.4573	1	0.7714	1.3122	NONE	NONE	BAF_WEIGHTED	157	0.3742	28039001	28039001	0	2
chr17	28198001	28453000	3.5775	34	0.7269	1.0375	NONE	NONE	BAF_WEIGHTED	220	0.4709	28198001	28198001	0	4
chr17	28453001	32948000	2.7361	1519	0.7027	1.0655	NONE	NONE	BAF_WEIGHTED	3888	0.4429	28453001	28453001	0	3
chr17	32948001	34313010	3.5997	930	0.7037	0.9808	NONE	BND	BAF_WEIGHTED	1294	0.4438	32948001	32948001	0	4
chr17	34313011	34313011	0.6529	0	0	1	BND	BND	STRUCTURAL_VARIANT	0	0	34313011	34313011	0	1
chr17	34313012	34949000	2.0512	499	0.6487	1.0059	BND	NONE	BAF_WEIGHTED	623	0.4682	34313012	34313012	0	2
chr17	34949001	35965000	1.3455	436	0.6486	1.1894	NONE	NONE	BAF_WEIGHTED	951	0.4336	34949001	34949001	0	1
chr17	35965001	39618000	2.9024	1233	0.7007	1.0417	NONE	NONE	BAF_WEIGHTED	2685	0.4655	35965001	35965001	0	3
chr17	39618001	40652000	2.3167	320	0.697	1.1134	NONE	NONE	BAF_WEIGHTED	957	0.4869	39617001	39619001	0	2
chr17	40652001	45507500	3.1668	2177	0.6986	1.0044	NONE	NONE	BAF_WEIGHTED	4245	0.4791	40652001	40652001	0	3
chr17	45507501	46000000	4.1671	1372	0.7073	0.9509	NONE	NONE	BAF_WEIGHTED	360	0.4946	45441001	45574001	0	4
chr17	46000001	46217000	2.1265	647	0.697	1.1506	NONE	NONE	BAF_WEIGHTED	204	0.4218	46000001	46000001	0	2
chr17	46217001	50650761	3.2689	1858	0.7143	1.0353	NONE	DUP	BAF_WEIGHTED	3496	0.4736	46217001	46261001	0	3
chr17	50650762	50708517	6.9824	5	0.8077	1.0235	DUP	DEL	BAF_WEIGHTED	55	0.5003	50650762	50650762	0	7
chr17	50708518	50708559	3.2124	0	0	1.05	DEL	DEL	STRUCTURAL_VARIANT	0	0	50708518	50708518	0	3
chr17	50708560	50710095	3.9913	0	0	1.0402	DEL	DUP	NON_DIPLOID	1	0.463	50708560	50708560	0	4
chr17	50710096	50914334	2.5455	58	0.6926	1.0631	DUP	DUP	BAF_WEIGHTED	197	0.4648	50710096	50710096	0	3
chr17	50914335	50964276	4.704	6	0.7789	1.0691	DUP	DUP	BAF_WEIGHTED	47	0.517	50914335	50914335	0	5
chr17	50964277	51318000	2.8897	126	0.7261	1.1094	DUP	NONE	BAF_WEIGHTED	342	0.4117	50964277	50964277	0	3
chr17	51318001	54884000	4.5915	2051	0.7222	0.9606	NONE	NONE	BAF_WEIGHTED	3399	0.3754	51318001	51318001	0	4
chr17	54884001	55834000	3.153	723	0.7021	1.016	NONE	NONE	BAF_WEIGHTED	907	0.3996	54884001	54884001	0	3
chr17	55834001	56817000	4.1584	352	0.7194	0.9777	NONE	NONE	BAF_WEIGHTED	937	0.4131	55834001	55834001	0	4
chr17	56817001	57890000	3.2109	439	0.7132	1.0422	NONE	NONE	BAF_WEIGHTED	1051	0.4591	56817001	56817001	0	3
chr17	57890001	58009000	2.0277	21	0.6667	1.0693	NONE	NONE	BAF_WEIGHTED	111	0.4754	57890001	57890001	0	2
chr17	58009001	58217000	4.0889	19	0.7419	1.0316	NONE	NONE	BAF_WEIGHTED	194	0.4417	58009001	58009001	0	4
chr17	58217001	58725000	2.9576	228	0.6923	1.0107	NONE	NONE	BAF_WEIGHTED	483	0.456	58217001	58217001	0	3
chr17	58725001	58956000	4.1584	86	0.7273	0.9949	NONE	NONE	BAF_WEIGHTED	217	0.3958	58725001	58725001	0	4
chr17	58956001	59794000	2.9179	173	0.7333	1.1248	NONE	NONE	BAF_WEIGHTED	791	0.4175	58956001	58956001	0	3
chr17	59794001	59872000	1.6671	0	0	1.0503	NONE	NONE	BAF_WEIGHTED	77	0.4211	59793001	59794001	0	2
chr17	59872001	63611000	3.5617	598	0.724	1.0235	NONE	NONE	BAF_WEIGHTED	3156	0.4152	59872001	59872001	0	4
chr17	63611001	65211000	2.8218	689	0.7037	1.0572	NONE	NONE	BAF_WEIGHTED	1285	0.4532	63611001	63611001	0	3
chr17	65211001	67067000	4.3879	878	0.7297	0.986	NONE	NONE	BAF_WEIGHTED	1807	0.4328	65211001	65211001	0	4
chr17	67067001	67244000	2.9449	72	0.7308	1.1146	NONE	NONE	BAF_WEIGHTED	176	0.3799	67067001	67067001	0	3
chr17	67244001	67281000	0.1146	26	0.591	1	NONE	NONE	BAF_WEIGHTED	35	0.4711	67244001	67244001	0	0
chr17	67281001	68616000	3.2531	757	0.7179	1.0459	NONE	NONE	BAF_WEIGHTED	1209	0.4448	67281001	67281001	0	3
chr17	68616001	70033000	3.9106	788	0.7297	1.0173	NONE	NONE	BAF_WEIGHTED	1354	0.3845	68616001	68616001	0	4
chr17	70033001	70646000	3.2189	370	0.6893	0.9773	NONE	NONE	BAF_WEIGHTED	593	0.3718	70033001	70033001	0	3
chr17	70646001	71565000	4.1409	549	0.7097	0.9577	NONE	NONE	BAF_WEIGHTED	895	0.3741	70646001	70646001	0	4
chr17	71565001	71905096	5.4513	81	0.7368	0.9495	NONE	DEL	BAF_WEIGHTED	333	0.3796	71565001	71565001	0	5
chr17	71905097	71906796	3.1731	0	0	0.9461	DEL	DEL	STRUCTURAL_VARIANT	0	0	71905097	71905097	0	3
chr17	71906797	72406000	5.0229	276	0.7367	0.966	DEL	NONE	BAF_WEIGHTED	492	0.4399	71906797	71906797	0	5
chr17	72406001	72730000	4.1953	140	0.7222	0.9815	NONE	NONE	BAF_WEIGHTED	318	0.4746	72406001	72406001	0	4
chr17	72730001	73222000	5.3131	396	0.75	0.9804	NONE	NONE	BAF_WEIGHTED	484	0.4592	72730001	72730001	0	5
chr17	73222001	73372000	3.9122	135	0.7297	1.0172	NONE	NONE	BAF_WEIGHTED	142	0.508	73222001	73222001	0	4
chr17	73372001	74736000	6.1998	850	0.7692	0.9818	NONE	NONE	BAF_WEIGHTED	1314	0.5005	73372001	73372001	0	6
chr17	74736001	76758000	4.5936	950	0.7447	1.0055	NONE	NONE	BAF_WEIGHTED	1707	0.5147	74736001	74736001	0	5
chr17	76758001	77080000	6.0858	138	0.7775	1.0008	NONE	NONE	BAF_WEIGHTED	309	0.5013	76758001	76758001	0	6
chr17	77080001	77479000	4.5269	270	0.761	1.0432	NONE	NONE	BAF_WEIGHTED	361	0.5129	77080001	77080001	0	5
chr17	77479001	77880000	6.085	346	0.7778	1.0013	NONE	NONE	BAF_WEIGHTED	367	0.5004	77479001	77479001	0	6
chr17	77880001	79100000	5.0392	559	0.7574	1.0068	NONE	NONE	BAF_WEIGHTED	1024	0.5095	77880001	77880001	0	5
chr17	79100001	79651000	6.8649	488	0.7736	0.9688	NONE	NONE	BAF_WEIGHTED	482	0.5429	79100001	79100001	0	7
chr17	79651001	83257441	5.4838	2491	0.75	0.9732	NONE	TELOMERE	BAF_WEIGHTED	2564	0.5421	79651001	79651001	0	5
chr18	1	867000	2.3509	630	0.5882	0.7719	TELOMERE	NONE	BAF_WEIGHTED	705	0.4196	1	1	1	2
chr18	867001	2536000	3.1625	1059	0.5758	0.6324	NONE	NONE	BAF_WEIGHTED	1579	0.374	867001	867001	1	2
chr18	2536001	2660000	1.3387	151	0.5882	0.9108	NONE	NONE	BAF_WEIGHTED	120	0.3885	2536001	2536001	0	1
chr18	2660001	3733000	2.0404	834	0.5882	0.7999	NONE	NONE	BAF_WEIGHTED	1035	0.4165	2660001	2660001	0	2
chr18	3733001	8602000	3.0739	3043	0.5781	0.6982	NONE	NONE	BAF_WEIGHTED	4665	0.4001	3733001	3733001	1	2
chr18	8602001	10565000	2.4254	1381	0.5784	0.7066	NONE	NONE	BAF_WEIGHTED	1731	0.4279	8602001	8602001	1	2
chr18	10565001	11834000	3.2793	858	0.5903	0.7251	NONE	NONE	BAF_WEIGHTED	1114	0.4111	10565001	10565001	1	2
chr18	11834001	13826000	2.335	1113	0.5769	0.5717	NONE	NONE	BAF_WEIGHTED	1773	0.4425	11834001	11834001	1	1
chr18	13826001	18161052	3.6009	974	0.5778	0.6836	NONE	CENTROMERE	BAF_WEIGHTED	343	0.4117	13826001	13826001	1	2
chr18	18161053	22176000	2.4136	72	0.5969	0.7935	CENTROMERE	NONE	BAF_WEIGHTED	1183	0.4094	18161053	18161053	0	2
chr18	22176001	22515000	3.4031	69	0.625	0.8049	NONE	NONE	BAF_WEIGHTED	334	0.4162	22176001	22176001	1	3
chr18	22515001	23127000	2.7504	538	0.5926	0.7575	NONE	NONE	BAF_WEIGHTED	561	0.3983	22515001	22515001	1	2
chr18	23127001	23623000	2.1254	183	0.5938	0.8099	NONE	NONE	BAF_WEIGHTED	476	0.4532	23127001	23127001	0	2
chr18	23623001	23810000	3.8804	89	0.6222	0.7764	NONE	NONE	BAF_WEIGHTED	183	0.4289	23623001	23623001	1	3
chr18	23810001	24084000	2.5828	164	0.6199	0.8471	NONE	NONE	BAF_WEIGHTED	271	0.4216	23810001	23810001	0	2
chr18	24084001	24867225	3.2372	408	0.5955	0.7398	NONE	DUP	BAF_WEIGHTED	756	0.4119	24084001	24084001	1	2
chr18	24867226	25119865	4.5473	117	0.5655	0.6528	DUP	DUP	BAF_WEIGHTED	243	0.409	24867226	24867226	2	3
chr18	25119866	25374000	2.7221	173	0.593	0.7598	DUP	NONE	BAF_WEIGHTED	250	0.379	25119866	25119866	1	2
chr18	25374001	26038000	3.7581	312	0.6053	0.7425	NONE	NONE	BAF_WEIGHTED	642	0.3926	25374001	25374001	1	3
chr18	26038001	26053048	2.4653	0	0	0.6075	NONE	BND	BAF_WEIGHTED	15	0.3485	26038001	26038001	1	1
chr18	26053049	26786000	1.4348	218	0.5858	0.7828	BND	NONE	BAF_WEIGHTED	701	0.4037	26053049	26053049	0	1
chr18	26786001	27932662	2.092	531	0.5682	0.522	NONE	DEL	BAF_WEIGHTED	1062	0.3771	26786001	26786001	1	1
chr18	27932663	27932697	1.08	0	0	1	DEL	DEL	STRUCTURAL_VARIANT	0	0	27932663	27932663	0	1
chr18	27932698	34766000	2.1314	2992	0.5699	0.544	DEL	NONE	BAF_WEIGHTED	6543	0.3642	27932698	27932698	1	1
chr18	34766001	35710000	1.2395	495	0.5789	0.8906	NONE	NONE	BAF_WEIGHTED	896	0.3955	34766001	34766001	0	1
chr18	35710001	36966000	1.7863	767	0.5676	0.5598	NONE	NONE	BAF_WEIGHTED	1180	0.4158	35710001	35710001	1	1
chr18	36966001	41946000	2.3793	2015	0.567	0.5812	NONE	NONE	BAF_WEIGHTED	4806	0.3816	36966001	36966001	1	1
chr18	41946001	42116000	1.1144	109	0.5833	0.9493	NONE	NONE	BAF_WEIGHTED	169	0.3605	41946001	41946001	0	1
chr18	42116001	44031000	2.3295	879	0.5667	0.5707	NONE	NONE	BAF_WEIGHTED	1809	0.3631	42116001	42116001	1	1
chr18	44031001	44676000	1.8887	270	0.5714	0.5295	NONE	NONE	BAF_WEIGHTED	610	0.3697	44031001	44031001	1	1
chr18	44676001	44913000	0.8801	85	0.5882	1	NONE	NONE	BAF_WEIGHTED	233	0.4289	44676001	44676001	0	1
chr18	44913001	45861000	1.9697	774	0.5695	0.5077	NONE	NONE	BAF_WEIGHTED	892	0.4236	44913001	44913001	1	1
chr18	45861001	46289000	1.2728	282	0.5769	0.7857	NONE	NONE	BAF_WEIGHTED	418	0.4234	45861001	45861001	0	1
chr18	46289001	47810000	2.146	829	0.5714	0.534	NONE	NONE	BAF_WEIGHTED	1392	0.4415	46289001	46289001	1	1
chr18	47810001	49497000	1.3121	1176	0.5714	0.7621	NONE	NONE	BAF_WEIGHTED	1588	0.4478	47810001	47810001	0	1
chr18	49497001	50816000	1.7996	885	0.5758	0.5584	NONE	NONE	BAF_WEIGHTED	1234	0.4415	49497001	49497001	1	1
chr18	50816001	51220000	1.3129	153	0.5789	0.8732	NONE	NONE	BAF_WEIGHTED	381	0.4127	50816001	50816001	0	1
chr18	51220001	52926000	2.4232	438	0.5714	0.5873	NONE	NONE	BAF_WEIGHTED	1651	0.3873	51220001	51220001	1	1
chr18	52926001	54114000	2.0348	895	0.5789	0.7688	NONE	NONE	BAF_WEIGHTED	1123	0.3683	52926001	52926001	0	2
chr18	54114001	54287000	0.6284	115	0.5625	0.5777	NONE	NONE	BAF_WEIGHTED	169	0.3953	54114001	54114001	0	0
chr18	54287001	56598000	1.5687	1035	0.5714	0.6375	NONE	NONE	BAF_WEIGHTED	2209	0.384	54287001	54287001	1	1
chr18	56598001	57041000	1.1136	86	0.5714	0.898	NONE	NONE	BAF_WEIGHTED	436	0.3669	56598001	56598001	0	1
chr18	57041001	57540000	2.2524	109	0.5653	0.5548	NONE	NONE	BAF_WEIGHTED	459	0.4329	57041001	57041001	1	1
chr18	57540001	58637000	1.332	883	0.5714	0.7508	NONE	NONE	BAF_WEIGHTED	1063	0.4342	57540001	57540001	0	1
chr18	58637001	59087000	0.8277	370	0.5797	1	NONE	NONE	BAF_WEIGHTED	437	0.4334	58637001	58637001	0	1
chr18	59087001	59356000	1.6099	238	0.5667	0.6211	NONE	NONE	BAF_WEIGHTED	248	0.4237	59087001	59087001	1	1
chr18	59356001	59360000	-1.7573	0	0	1	NONE	NONE	BAF_WEIGHTED	4	0.442	59356001	59356001	0	-2
chr18	59360001	59869000	2.1111	437	0.5667	0.5263	NONE	NONE	BAF_WEIGHTED	485	0.4268	59360001	59360001	1	1
chr18	59869001	59997000	1.1088	72	0.5591	0.9018	NONE	NONE	BAF_WEIGHTED	123	0.4163	59869001	59869001	0	1
chr18	59997001	61577000	2.2572	907	0.5625	0.557	NONE	NONE	BAF_WEIGHTED	1491	0.3667	59997001	59997001	1	1
chr18	61577001	63567000	1.3233	907	0.5714	0.7557	NONE	NONE	BAF_WEIGHTED	1925	0.4093	61577001	61577001	0	1
chr18	63567001	69881000	2.226	4447	0.5693	0.5513	NONE	NONE	BAF_WEIGHTED	6022	0.3541	63567001	63567001	1	1
chr18	69881001	69913519	1.4519	29	0.5455	0.6887	NONE	DEL	BAF_WEIGHTED	31	0.3985	69881001	69881001	0	1
chr18	69913520	70043296	0.6943	6	0.7058	1	DEL	DEL	BAF_WEIGHTED	119	0.4034	69913520	69913520	0	1
chr18	70043297	70046000	0.3917	0	0	1	DEL	NONE	BAF_WEIGHTED	2	0.3215	70043297	70043297	0	0
chr18	70046001	70506000	1.6846	196	0.5572	0.5936	NONE	NONE	BAF_WEIGHTED	436	0.3899	70046001	70046001	1	1
chr18	70506001	74141000	2.4208	2628	0.5676	0.5869	NONE	NONE	BAF_WEIGHTED	3472	0.3683	70506001	70506001	1	1
chr18	74141001	75278000	1.5595	671	0.5769	0.6412	NONE	NONE	BAF_WEIGHTED	1094	0.4209	74141001	74141001	1	1
chr18	75278001	76252069	2.2957	526	0.5676	0.5644	NONE	DEL	BAF_WEIGHTED	952	0.413	75278001	75278001	1	1
chr18	76252070	76252101	0.989	0	0	1	DEL	DEL	STRUCTURAL_VARIANT	0	0	76252070	76252070	0	1
chr18	76252102	76801000	2.0849	348	0.5667	0.5203	DEL	NONE	BAF_WEIGHTED	510	0.449	76252102	76252102	1	1
chr18	76801001	77230000	1.6032	314	0.5833	0.8377	NONE	NONE	BAF_WEIGHTED	408	0.4508	76801001	76801001	0	1
chr18	77230001	79056000	2.7267	1289	0.5714	0.6254	NONE	NONE	BAF_WEIGHTED	1682	0.4355	77230001	77230001	1	2
chr18	79056001	79563000	1.6171	279	0.5714	0.6184	NONE	NONE	BAF_WEIGHTED	403	0.4693	79056001	79056001	1	1
chr18	79563001	79930000	2.5248	218	0.5728	0.6039	NONE	NONE	BAF_WEIGHTED	283	0.5162	79563001	79563001	1	2
chr18	79930001	80373285	1.6917	321	0.5714	0.5911	NONE	TELOMERE	BAF_WEIGHTED	293	0.4672	79930001	79930001	1	1
chr19	1	4648000	2.0016	2854	0.6364	0.9704	TELOMERE	NONE	BAF_WEIGHTED	2984	0.5647	1	1	0	2
chr19	4648001	8143000	3.8602	2168	0.5634	0.5194	NONE	NONE	BAF_WEIGHTED	3026	0.5124	4648001	4648001	2	2
chr19	8143001	8621000	3.0148	297	0.575	0.6634	NONE	NONE	BAF_WEIGHTED	399	0.5204	8143001	8143001	1	2
chr19	8621001	9536000	4.752	500	0.561	0.6313	NONE	NONE	BAF_WEIGHTED	808	0.4471	8621001	8621001	2	3
chr19	9536001	11870094	3.6724	1023	0.5671	0.5552	NONE	DEL	BAF_WEIGHTED	2096	0.5046	9536001	9536001	2	2
chr19	11870095	11894669	2.1531	0	0	0.7586	DEL	DEL	BAF_WEIGHTED	18	0.4518	11870095	11870095	1	2
chr19	11894670	12932000	4.1851	227	0.5751	0.5654	DEL	NONE	BAF_WEIGHTED	892	0.4713	11894670	11894670	2	2
chr19	12932001	13196000	2.3858	56	0.5683	0.5809	NONE	NONE	BAF_WEIGHTED	222	0.5439	12932001	12932001	1	1
chr19	13196001	13721000	4.5166	318	0.5625	0.5572	NONE	NONE	BAF_WEIGHTED	511	0.4728	13196001	13196001	2	3
chr19	13721001	14577000	3.151	312	0.5625	0.6347	NONE	NONE	BAF_WEIGHTED	658	0.5293	13721001	13721001	1	2
chr19	14577001	15085000	4.5757	555	0.5573	0.573	NONE	NONE	BAF_WEIGHTED	479	0.4451	14577001	14577001	2	3
chr19	15085001	15469500	3.1363	121	0.5667	0.6377	NONE	NONE	BAF_WEIGHTED	337	0.5156	15085001	15085001	1	2
chr19	15469501	15999000	4.7008	992	0.5625	0.6382	NONE	NONE	BAF_WEIGHTED	476	0.4576	15469001	15470001	2	3
chr19	15999001	19360000	3.5659	1390	0.5667	0.5609	NONE	NONE	BAF_WEIGHTED	2969	0.5267	15999001	15999001	2	2
chr19	19360001	19670000	2.7837	89	0.5714	0.6408	NONE	NONE	BAF_WEIGHTED	264	0.5264	19360001	19360001	1	2
chr19	19670001	25844926	4.3422	3306	0.5616	0.5489	NONE	CENTROMERE	BAF_WEIGHTED	3813	0.4066	19670001	19670001	2	2
chr19	25844927	32336000	4.8203	2639	0.5632	0.5642	CENTROMERE	NONE	BAF_WEIGHTED	4563	0.4446	25844927	25844927	2	3
chr19	32336001	32408000	2.6995	29	0.5714	0.6296	NONE	NONE	BAF_WEIGHTED	69	0.4216	32336001	32336001	1	2
chr19	32408001	33537000	4.052	660	0.5795	0.6755	NONE	NONE	BAF_WEIGHTED	974	0.4795	32408001	32408001	1	3
chr19	33537001	34128000	4.9565	242	0.5823	0.6637	NONE	NONE	BAF_WEIGHTED	568	0.4687	33537001	33537001	2	3
chr19	34128001	34479000	3.2673	219	0.5801	0.6982	NONE	NONE	BAF_WEIGHTED	335	0.451	34128001	34128001	1	2
chr19	34479001	34961000	4.9386	162	0.5646	0.6075	NONE	NONE	BAF_WEIGHTED	422	0.4369	34479001	34479001	2	3
chr19	34961001	35358000	3.5949	321	0.5714	0.5563	NONE	NONE	BAF_WEIGHTED	358	0.5126	34961001	34961001	2	2
chr19	35358001	37896000	4.5099	1415	0.5743	0.5838	NONE	NONE	BAF_WEIGHTED	2209	0.4503	35358001	35361001	2	3
chr19	37896001	38061000	3.0553	118	0.5679	0.6546	NONE	NONE	BAF_WEIGHTED	164	0.4806	37896001	37896001	1	2
chr19	38061001	38647500	4.1532	288	0.5745	0.5184	NONE	NONE	BAF_WEIGHTED	528	0.5224	38061001	38061001	2	2
chr19	38647501	38698000	1.4706	40	0.5833	0.8607	NONE	NONE	BAF_WEIGHTED	50	0.4965	38647001	38648001	0	1
chr19	38698001	39562000	3.5143	652	0.5679	0.5691	NONE	NONE	BAF_WEIGHTED	750	0.5108	38698001	38698001	2	2
chr19	39562001	39820000	4.8374	298	0.5714	0.6202	NONE	NONE	BAF_WEIGHTED	229	0.4201	39562001	39562001	2	3
chr19	39820001	41259000	3.6935	984	0.5723	0.5429	NONE	NONE	BAF_WEIGHTED	1163	0.4863	39820001	39820001	2	2
chr19	41259001	41576000	2.5582	127	0.6087	0.8168	NONE	NONE	BAF_WEIGHTED	286	0.4855	41259001	41259001	0	2
chr19	41576001	41735000	3.8411	80	0.5936	0.7129	NONE	NONE	BAF_WEIGHTED	150	0.4638	41576001	41576001	1	3
chr19	41735001	42420000	2.8083	42	0.6089	0.7986	NONE	NONE	BAF_WEIGHTED	571	0.528	41735001	41735001	1	2
chr19	42420001	42533000	1.66	1	0.7419	1.4554	NONE	NONE	BAF_WEIGHTED	107	0.4547	42420001	42420001	0	2
chr19	42533001	43425000	3.5779	505	0.6	0.7369	NONE	NONE	BAF_WEIGHTED	238	0.4436	42533001	42533001	1	3
chr19	43425001	43801000	2.2175	222	0.5942	0.8022	NONE	NONE	BAF_WEIGHTED	353	0.5015	43425001	43425001	0	2
chr19	43801001	44551000	3.7454	529	0.6	0.7307	NONE	NONE	BAF_WEIGHTED	662	0.4062	43801001	43801001	1	3
chr19	44551001	45910000	2.8337	804	0.5909	0.748	NONE	NONE	BAF_WEIGHTED	1183	0.5224	44551001	44551001	1	2
chr19	45910001	46344000	3.7081	357	0.5789	0.6831	NONE	NONE	BAF_WEIGHTED	400	0.4674	45910001	45910001	1	3
chr19	46344001	46604120	2.8	158	0.5774	0.6429	NONE	DEL	BAF_WEIGHTED	238	0.4873	46344001	46344001	1	2
chr19	46604121	46604160	1.6701	0	0	0.6198	DEL	DEL	STRUCTURAL_VARIANT	0	0	46604121	46604121	1	1
chr19	46604161	47792000	2.7675	469	0.5978	0.7706	DEL	NONE	BAF_WEIGHTED	913	0.5184	46604161	46604161	1	2
chr19	47792001	48085000	3.7514	306	0.6047	0.7414	NONE	NONE	BAF_WEIGHTED	228	0.4638	47792001	47792001	1	3
chr19	48085001	49964000	2.7527	966	0.6061	0.7948	NONE	NONE	BAF_WEIGHTED	1568	0.5219	48085001	48085001	1	2
chr19	49964001	53018000	3.4461	2105	0.6036	0.7403	NONE	NONE	BAF_WEIGHTED	2597	0.4737	49964001	49964001	1	3
chr19	53018001	54094000	4.7008	1022	0.5702	0.6382	NONE	NONE	BAF_WEIGHTED	903	0.4632	53018001	53018001	2	3
chr19	54094001	54490000	3.7065	494	0.5758	0.5396	NONE	NONE	BAF_WEIGHTED	294	0.5152	54094001	54094001	2	2
chr19	54490001	54947000	4.8898	497	0.5818	0.6637	NONE	NONE	BAF_WEIGHTED	289	0.4548	54490001	54490001	2	3
chr19	54947001	55715000	3.7947	509	0.5714	0.5271	NONE	NONE	BAF_WEIGHTED	563	0.5413	54947001	54947001	2	2
chr19	55715001	56063000	5.5549	289	0.561	0.5401	NONE	NONE	BAF_WEIGHTED	310	0.4372	55715001	55715001	3	3
chr19	56063001	56598000	4.5976	277	0.5676	0.6525	NONE	NONE	BAF_WEIGHTED	468	0.4492	56063001	56063001	2	3
chr19	56598001	57188000	5.6673	393	0.5577	0.5294	NONE	NONE	BAF_WEIGHTED	559	0.4468	56598001	56598001	3	3
chr19	57188001	58274000	4.6097	297	0.5682	0.5723	NONE	NONE	BAF_WEIGHTED	956	0.4554	57188001	57188001	2	3
chr19	58274001	58617616	3.427	136	0.5894	0.7171	NONE	TELOMERE	BAF_WEIGHTED	219	0.5126	58274001	58274001	1	2
chr20	1	263000	3.5556	203	0.5676	0.5625	TELOMERE	NONE	BAF_WEIGHTED	175	0.3821	1	1	2	2
chr20	263001	551000	2.3795	95	0.5833	0.7547	NONE	NONE	BAF_WEIGHTED	274	0.4696	263001	263001	1	2
chr20	551001	1107000	3.2737	303	0.561	0.6109	NONE	NONE	BAF_WEIGHTED	535	0.4813	551001	551001	1	2
chr20	1107001	1966000	2.3456	674	0.5714	0.5736	NONE	NONE	BAF_WEIGHTED	771	0.4493	1107001	1107001	1	1
chr20	1966001	2800500	3.0275	618	0.5714	0.6606	NONE	NONE	BAF_WEIGHTED	803	0.4525	1966001	1966001	1	2
chr20	2800501	3888000	2.285	543	0.5652	0.5624	NONE	NONE	BAF_WEIGHTED	976	0.4694	2800001	2801001	1	1
chr20	3888001	4178000	1.7037	276	0.5872	0.8378	NONE	NONE	BAF_WEIGHTED	277	0.4496	3888001	3888001	0	1
chr20	4178001	4606000	3.5195	247	0.5714	0.5683	NONE	NONE	BAF_WEIGHTED	400	0.4307	4178001	4178001	2	2
chr20	4606001	5224000	2.3932	564	0.5823	0.7508	NONE	NONE	BAF_WEIGHTED	572	0.451	4606001	4606001	1	2
chr20	5224001	5528000	3.6493	259	0.5676	0.548	NONE	NONE	BAF_WEIGHTED	263	0.4255	5224001	5224001	2	2
chr20	5528001	5793000	2.2818	227	0.5769	0.5618	NONE	NONE	BAF_WEIGHTED	259	0.4362	5528001	5528001	1	1
chr20	5793001	7842000	3.1498	1171	0.5714	0.635	NONE	NONE	BAF_WEIGHTED	1970	0.3858	5793001	5793001	1	2
chr20	7842001	9527000	2.4811	655	0.5806	0.7397	NONE	NONE	BAF_WEIGHTED	1621	0.3853	7842001	7842001	1	2
chr20	9527001	10405000	3.3174	521	0.5769	0.6029	NONE	NONE	BAF_WEIGHTED	845	0.3927	9527001	9527001	1	2
chr20	10405001	10682000	1.8196	91	0.5714	0.5496	NONE	NONE	BAF_WEIGHTED	273	0.4141	10405001	10405001	1	1
chr20	10682001	15004000	3.0672	2741	0.5714	0.6521	NONE	NONE	BAF_WEIGHTED	4122	0.3855	10682001	10682001	1	2
chr20	15004001	15243000	2.1071	261	0.5833	0.7769	NONE	NONE	BAF_WEIGHTED	222	0.379	15004001	15004001	0	2
chr20	15243001	16823000	3.203	979	0.5687	0.6369	NONE	NONE	BAF_WEIGHTED	1538	0.3984	15243001	15243001	1	2
chr20	16823001	17504000	3.7978	315	0.561	0.5266	NONE	NONE	BAF_WEIGHTED	643	0.4033	16823001	16823001	2	2
chr20	17504001	18063000	2.3322	330	0.5714	0.5712	NONE	NONE	BAF_WEIGHTED	534	0.4686	17504001	17504001	1	1
chr20	18063001	19735000	3.2681	671	0.5652	0.612	NONE	NONE	BAF_WEIGHTED	1578	0.4263	18063001	18063001	1	2
chr20	19735001	20057000	2.4105	216	0.5789	0.7392	NONE	NONE	BAF_WEIGHTED	309	0.4359	19735001	19735001	1	2
chr20	20057001	20403000	3.8562	357	0.5574	0.5186	NONE	NONE	BAF_WEIGHTED	332	0.4222	20057001	20057001	2	2
chr20	20403001	20763000	2.7337	10	0.5872	0.7434	NONE	NONE	BAF_WEIGHTED	356	0.4034	20403001	20403001	1	2
chr20	20763001	21086000	3.9805	225	0.5588	0.5024	NONE	NONE	BAF_WEIGHTED	318	0.4323	20763001	20763001	2	2
chr20	21086001	21406000	2.9068	214	0.5789	0.7118	NONE	NONE	BAF_WEIGHTED	304	0.4069	21086001	21086001	1	2
chr20	21406001	24916000	4.1542	2107	0.5606	0.5186	NONE	NONE	BAF_WEIGHTED	3069	0.4347	21406001	21406001	2	2
chr20	24916001	25412000	2.8838	178	0.5806	0.7175	NONE	NONE	BAF_WEIGHTED	422	0.4851	24916001	24916001	1	2
chr20	25412001	28237289	3.5802	354	0.5617	0.5586	NONE	CENTROMERE	BAF_WEIGHTED	361	0.4411	25412001	25412001	2	2
chr20	28237290	31457000	6.0496	154	0.5638	0.5656	CENTROMERE	NONE	BAF_WEIGHTED	247	0.414	28237290	28237290	3	3
chr20	31457001	31704000	3.9074	0	0	0.6725	NONE	NONE	BAF_WEIGHTED	238	0.4895	31457001	31457001	1	3
chr20	31704001	31725000	1.0949	0	0	1	NONE	NONE	BAF_WEIGHTED	20	0.4854	31704001	31704001	0	1
chr20	31725001	32188000	4.8429	95	0.5862	0.6734	NONE	NONE	BAF_WEIGHTED	439	0.4741	31725001	31725001	2	3
chr20	32188001	33349000	3.6398	632	0.5714	0.5495	NONE	NONE	BAF_WEIGHTED	1100	0.4863	32188001	32188001	2	2
chr20	33349001	36158000	2.8457	603	0.5769	0.7028	NONE	NONE	BAF_WEIGHTED	2646	0.4567	33349001	33349001	1	2
chr20	36158001	36741000	4.2643	101	0.5736	0.6645	NONE	NONE	BAF_WEIGHTED	522	0.4906	36158001	36158001	1	3
chr20	36741001	37358000	2.146	208	0.5625	0.534	NONE	NONE	BAF_WEIGHTED	585	0.4654	36741001	36741001	1	1
chr20	37358001	37983000	2.8623	166	0.5695	0.6987	NONE	NONE	BAF_WEIGHTED	596	0.471	37358001	37358001	1	2
chr20	37983001	38312000	2.0658	159	0.5778	0.7622	NONE	NONE	BAF_WEIGHTED	323	0.464	37983001	37983001	0	2
chr20	38312001	40984000	2.8989	1186	0.5714	0.6899	NONE	NONE	BAF_WEIGHTED	2563	0.429	38312001	38312001	1	2
chr20	40984001	41700000	1.7624	235	0.5714	0.5674	NONE	NONE	BAF_WEIGHTED	677	0.435	40984001	40984001	1	1
chr20	41700001	41755689	3.1308	35	0.5667	0.6388	NONE	DEL	BAF_WEIGHTED	55	0.4395	41700001	41700001	1	2
chr20	41755690	41755749	1.5542	0	0	1	DEL	DEL	STRUCTURAL_VARIANT	0	0	41755690	41755690	0	2
chr20	41755750	42231990	3.6632	284	0.5667	0.546	DEL	DEL	BAF_WEIGHTED	454	0.4279	41755750	41755750	2	2
chr20	42231991	43646000	2.9656	650	0.5629	0.6767	DEL	NONE	BAF_WEIGHTED	1363	0.4328	42231991	42231991	1	2
chr20	43646001	44473000	2.4978	404	0.5714	0.5996	NONE	NONE	BAF_WEIGHTED	787	0.4696	43643001	43646001	1	1
chr20	44473001	44750500	1.654	176	0.5758	0.6046	NONE	NONE	BAF_WEIGHTED	268	0.4677	44473001	44473001	1	1
chr20	44750501	44882000	2.8417	56	0.5833	0.7268	NONE	NONE	BAF_WEIGHTED	129	0.4622	44750001	44751001	1	2
chr20	44882001	45107000	1.3344	113	0.5714	0.7494	NONE	NONE	BAF_WEIGHTED	219	0.4206	44882001	44882001	0	1
chr20	45107001	45315000	2.3819	0	0	0.8596	NONE	NONE	BAF_WEIGHTED	200	0.4258	45107001	45107001	0	2
chr20	45315001	45473500	1.5548	94	0.5667	0.6432	NONE	NONE	BAF_WEIGHTED	150	0.4652	45315001	45315001	1	1
chr20	45473501	45762000	2.9822	8	0.623	0.825	NONE	NONE	BAF_WEIGHTED	254	0.4108	45472001	45475001	1	2
chr20	45762001	45938000	1.66	75	0.5862	0.8405	NONE	NONE	BAF_WEIGHTED	163	0.4939	45759001	45765001	0	1
chr20	45938001	47242000	2.5296	617	0.5714	0.6047	NONE	NONE	BAF_WEIGHTED	1263	0.4662	45938001	45938001	1	2
chr20	47242001	47458545	1.6167	71	0.6061	0.9274	NONE	DEL	BAF_WEIGHTED	214	0.467	47242001	47242001	0	1
chr20	47458546	47458578	0.2684	0	0	1	DEL	DEL	STRUCTURAL_VARIANT	0	0	47458546	47458546	0	0
chr20	47458579	47626000	1.278	25	0.5897	0.9334	DEL	NONE	BAF_WEIGHTED	163	0.422	47458579	47458579	0	1
chr20	47626001	47888000	2.5463	206	0.5714	0.6073	NONE	NONE	BAF_WEIGHTED	223	0.4861	47626001	47626001	1	2
chr20	47888001	48338136	3.0029	273	0.5652	0.666	NONE	DEL	BAF_WEIGHTED	405	0.4643	47888001	47895001	1	2
chr20	48338137	48619000	3.9253	67	0.561	0.508	DEL	NONE	BAF_WEIGHTED	230	0.4821	48338137	48338137	2	2
chr20	48619001	49347000	2.1015	494	0.5667	0.5242	NONE	NONE	BAF_WEIGHTED	696	0.4648	48619001	48619001	1	1
chr20	49347001	49532000	2.852	24	0.5787	0.714	NONE	NONE	BAF_WEIGHTED	180	0.476	49347001	49347001	1	2
chr20	49532001	50348000	1.6612	527	0.5769	0.602	NONE	NONE	BAF_WEIGHTED	784	0.4849	49532001	49532001	1	1
chr20	50348001	51380000	3.0744	518	0.575	0.6505	NONE	NONE	BAF_WEIGHTED	1003	0.4711	50348001	50348001	1	2
chr20	51380001	51601000	1.7235	161	0.5789	0.8031	NONE	NONE	BAF_WEIGHTED	218	0.4786	51380001	51380001	0	1
chr20	51601001	53570000	3.0164	1489	0.5676	0.663	NONE	NONE	BAF_WEIGHTED	1923	0.4244	51601001	51601001	1	2
chr20	53570001	53951000	1.1589	267	0.5758	0.8629	NONE	NONE	BAF_WEIGHTED	348	0.4413	53570001	53570001	0	1
chr20	53951001	54670000	2.42	426	0.5667	0.5868	NONE	NONE	BAF_WEIGHTED	699	0.3993	53951001	53951001	1	1
chr20	54670001	56347000	3.4159	645	0.5714	0.5855	NONE	NONE	BAF_WEIGHTED	1560	0.3879	54670001	54670001	1	2
chr20	56347001	57442782	2.5621	713	0.5714	0.6097	NONE	DEL	BAF_WEIGHTED	1055	0.4778	56347001	56347001	1	2
chr20	57442783	57442816	1.1522	0	0	1	DEL	DEL	STRUCTURAL_VARIANT	0	0	57442783	57442783	0	1
chr20	57442817	59530000	2.5963	985	0.5714	0.6148	DEL	NONE	BAF_WEIGHTED	1998	0.4692	57442817	57442817	1	2
chr20	59530001	59835000	3.535	145	0.5686	0.5658	NONE	NONE	BAF_WEIGHTED	291	0.4769	59530001	59530001	2	2
chr20	59835001	60065000	1.9991	54	0.56	0.5002	NONE	NONE	BAF_WEIGHTED	220	0.3963	59835001	59835001	1	1
chr20	60065001	60500000	3.3221	300	0.5659	0.602	NONE	NONE	BAF_WEIGHTED	427	0.4374	60065001	60065001	1	2
chr20	60500001	61983000	3.9845	1290	0.5667	0.5019	NONE	NONE	BAF_WEIGHTED	1375	0.4778	60500001	60500001	2	2
chr20	61983001	64444167	3.1207	1733	0.5692	0.6447	NONE	TELOMERE	BAF_WEIGHTED	1411	0.5664	61983001	61983001	1	2
chr21	1	11890183	3.6532	0	0	0.684	TELOMERE	CENTROMERE	LONG_ARM	0	0	1	1	1	2
chr21	11890184	15415000	3.6532	1661	0.581	0.684	CENTROMERE	NONE	BAF_WEIGHTED	1277	0.3732	11890184	11890184	1	2
chr21	15415001	15853000	2.223	110	0.6629	1.0217	NONE	NONE	BAF_WEIGHTED	430	0.3698	15415001	15415001	0	2
chr21	15853001	16612000	3.7248	141	0.5714	0.5369	NONE	NONE	BAF_WEIGHTED	720	0.3527	15853001	15853001	2	2
chr21	16612001	17253567	4.484	409	0.5758	0.554	NONE	DEL	BAF_WEIGHTED	579	0.3585	16612001	16612001	2	2
chr21	17253568	17253599	3.0136	0	0	0.6637	DEL	DEL	STRUCTURAL_VARIANT	0	0	17253568	17253568	1	2
chr21	17253600	17368000	5.1074	201	0.5854	0.6673	DEL	NONE	BAF_WEIGHTED	96	0.3876	17253600	17253600	2	3
chr21	17368001	17867000	3.2264	286	0.5926	0.7331	NONE	NONE	BAF_WEIGHTED	458	0.4034	17368001	17368001	1	2
chr21	17867001	21088675	4.803	1795	0.5724	0.6021	NONE	DEL	BAF_WEIGHTED	3108	0.3532	17867001	17867001	2	3
chr21	21088676	21088707	2.8244	0	0	0.7986	DEL	DEL	STRUCTURAL_VARIANT	0	0	21088676	21088676	1	2
chr21	21088708	25560000	5.2613	3221	0.5585	0.5713	DEL	NONE	BAF_WEIGHTED	4367	0.3511	21088708	21088708	2	3
chr21	25560001	25575000	1.4702	1	0.6111	0.9811	NONE	NONE	BAF_WEIGHTED	15	0.387	25560001	25560001	0	1
chr21	25575001	26194553	3.8383	161	0.5667	0.5211	NONE	DEL	BAF_WEIGHTED	597	0.3992	25575001	25575001	2	2
chr21	26194554	26195402	0.8317	0	0	1	DEL	DEL	STRUCTURAL_VARIANT	0	0	26194554	26194554	0	1
chr21	26195403	26216000	3.1911	0	0	0.5647	DEL	NONE	BAF_WEIGHTED	20	0.398	26195403	26195403	1	2
chr21	26216001	27020000	4.802	387	0.5641	0.6247	NONE	NONE	BAF_WEIGHTED	772	0.38	26216001	26216001	2	3
chr21	27020001	28547549	4.1616	977	0.561	0.5194	NONE	DEL	BAF_WEIGHTED	1279	0.3622	27020001	27020001	2	2
chr21	28547550	28547585	3.0758	0	0	0.7028	DEL	DEL	STRUCTURAL_VARIANT	0	0	28547550	28547550	1	2
chr21	28547586	28818000	3.8447	47	0.5676	0.5202	DEL	NONE	BAF_WEIGHTED	252	0.3847	28547586	28547586	2	2
chr21	28818001	29446000	2.8897	267	0.5682	0.6921	NONE	NONE	BAF_WEIGHTED	608	0.3952	28818001	28818001	1	2
chr21	29446001	31084000	4.5046	981	0.5604	0.6343	NONE	NONE	BAF_WEIGHTED	1576	0.3765	29446001	29446001	2	3
chr21	31084001	31763000	3.5628	309	0.561	0.5614	NONE	NONE	BAF_WEIGHTED	670	0.4344	31084001	31084001	2	2
chr21	31763001	32254000	4.9247	386	0.5641	0.6092	NONE	NONE	BAF_WEIGHTED	475	0.4411	31763001	31763001	2	3
chr21	32254001	32815000	3.3221	97	0.5676	0.602	NONE	NONE	BAF_WEIGHTED	507	0.4328	32254001	32254001	1	2
chr21	32815001	33187000	4.569	116	0.5667	0.6566	NONE	NONE	BAF_WEIGHTED	363	0.4491	32815001	32815001	2	3
chr21	33187001	33595000	2.9576	2	0.6569	0.9167	NONE	NONE	BAF_WEIGHTED	392	0.4366	33187001	33187001	0	3
chr21	33595001	34512000	3.8229	193	0.5641	0.5232	NONE	NONE	BAF_WEIGHTED	778	0.4287	33595001	33595001	2	2
chr21	34512001	34608185	2.9255	198	0.5795	0.7129	NONE	BND	BAF_WEIGHTED	96	0.4395	34512001	34512001	1	2
chr21	34608186	36387000	1.409	740	0.64	1.1265	BND	NONE	BAF_WEIGHTED	1719	0.4272	34608186	34608186	0	1
chr21	36387001	37363000	2.0737	777	0.6552	1.0217	NONE	NONE	BAF_WEIGHTED	929	0.445	36387001	36387001	0	2
chr21	37363001	37501000	0.6157	0	0	1	NONE	NONE	BAF_WEIGHTED	134	0.3872	37363001	37363001	0	1
chr21	37501001	39172000	2.4597	1294	0.6538	0.96	NONE	NONE	BAF_WEIGHTED	1626	0.4315	37501001	37501001	0	2
chr21	39172001	39455000	1.3979	283	0.6522	1.1853	NONE	NONE	BAF_WEIGHTED	276	0.4115	39172001	39172001	0	1
chr21	39455001	39749000	2.0916	203	0.64	0.9677	NONE	NONE	BAF_WEIGHTED	282	0.4312	39455001	39455001	0	2
chr21	39749001	41076000	2.9922	926	0.6667	0.9395	NONE	NONE	BAF_WEIGHTED	1270	0.4154	39749001	39749001	0	3
chr21	41076001	44357000	1.9641	2185	0.6452	1.0072	NONE	NONE	BAF_WEIGHTED	2431	0.4962	41076001	41076001	0	2
chr21	44357001	44774000	2.7873	374	0.6667	0.9595	NONE	NONE	BAF_WEIGHTED	318	0.5073	44357001	44357001	0	3
chr21	44774001	45178000	1.7918	328	0.65	1.0599	NONE	NONE	BAF_WEIGHTED	319	0.5147	44774001	44774001	0	2
chr21	45178001	46439000	2.825	907	0.6667	0.9556	NONE	NONE	BAF_WEIGHTED	933	0.5164	45178001	45178001	0	3
chr21	46439001	46709983	1.8017	254	0.6296	0.9818	NONE	TELOMERE	BAF_WEIGHTED	228	0.4468	46439001	46439001	0	2
chr22	1	14004552	4.754	3	0.6981	0.9021	TELOMERE	CENTROMERE	BAF_WEIGHTED	1	0.339	1	1	0	4
chr22	14004553	23935000	1.8537	4461	0.6421	1.0171	CENTROMERE	NONE	BAF_WEIGHTED	4760	0.4889	14004553	14004553	0	2
chr22	23935001	23972000	1.3975	2	0.7689	1.7111	NONE	NONE	BAF_WEIGHTED	6	0.4882	23932001	23935001	0	1
chr22	23972001	24596000	1.2851	89	0.6316	1.133	NONE	NONE	BAF_WEIGHTED	466	0.4844	23972001	23972001	0	1
chr22	24596001	25789000	1.8919	856	0.6364	0.9894	NONE	NONE	BAF_WEIGHTED	924	0.4666	24596001	24596001	0	2
chr22	25789001	26356000	2.6281	399	0.65	0.9295	NONE	NONE	BAF_WEIGHTED	564	0.4442	25789001	25789001	0	2
chr22	26356001	26400375	1.8371	28	0.6417	1.0194	NONE	DEL	BAF_WEIGHTED	44	0.4413	26356001	26356001	0	2
chr22	26400376	26400410	0.2606	0	0	1	DEL	DEL	STRUCTURAL_VARIANT	0	0	26400376	26400376	0	0
chr22	26400411	26788000	1.5599	333	0.6364	1.0646	DEL	NONE	BAF_WEIGHTED	370	0.4711	26400411	26400411	0	2
chr22	26788001	27839000	2.3529	870	0.6333	0.9107	NONE	NONE	BAF_WEIGHTED	1032	0.4709	26788001	26788001	0	2
chr22	27839001	27952000	0.6641	8	0.595	1	NONE	NONE	BAF_WEIGHTED	112	0.4025	27839001	27839001	0	1
chr22	27952001	30289000	1.5904	671	0.6389	1.0662	NONE	NONE	BAF_WEIGHTED	2111	0.446	27952001	27952001	0	2
chr22	30289001	30333000	0.9842	10	0.7074	1	NONE	NONE	BAF_WEIGHTED	41	0.5246	30289001	30289001	0	1
chr22	30333001	30918000	2.9886	256	0.6866	0.9923	NONE	NONE	BAF_WEIGHTED	547	0.4966	30333001	30333001	0	3
chr22	30918001	31759000	2.2818	223	0.6786	1.0619	NONE	NONE	BAF_WEIGHTED	775	0.4685	30918001	30918001	0	2
chr22	31759001	33052000	2.9235	941	0.6842	0.9927	NONE	NONE	BAF_WEIGHTED	1199	0.4539	31759001	31759001	0	3
chr22	33052001	33146108	5.1054	57	0.7273	0.9453	NONE	DEL	BAF_WEIGHTED	92	0.431	33052001	33052001	0	5
chr22	33146109	33188000	4.154	58	0.7041	0.9447	DEL	NONE	BAF_WEIGHTED	40	0.384	33146109	33146109	0	4
chr22	33188001	33933000	2.9687	522	0.6769	0.9688	NONE	NONE	BAF_WEIGHTED	737	0.4415	33188001	33188001	0	3
chr22	33933001	34995769	3.9432	243	0.6842	0.9129	NONE	DEL	BAF_WEIGHTED	1005	0.4127	33933001	33933001	0	4
chr22	34995770	35244000	4.3879	154	0.7143	0.9534	DEL	NONE	BAF_WEIGHTED	237	0.4602	34995770	34995770	0	4
chr22	35244001	36326000	2.9366	716	0.7	1.0335	NONE	NONE	BAF_WEIGHTED	1018	0.4611	35244001	35244001	0	3
chr22	36326001	36337000	1.066	8	0.5741	0.5777	NONE	NONE	BAF_WEIGHTED	11	0.5338	36326001	36326001	0	1
chr22	36337001	36488000	1.843	5	0.7083	1.2617	NONE	NONE	BAF_WEIGHTED	146	0.5065	36337001	36337001	0	2
chr22	36488001	37496000	3.9301	726	0.7368	1.0318	NONE	NONE	BAF_WEIGHTED	930	0.5138	36488001	36488001	0	4
chr22	37496001	38149000	3.2181	296	0.6897	0.9783	NONE	NONE	BAF_WEIGHTED	565	0.5344	37496001	37496001	0	3
chr22	38149001	38898000	2.6336	365	0.6905	1.0447	NONE	NONE	BAF_WEIGHTED	644	0.5009	38149001	38149001	0	3
chr22	38898001	39537000	2.1234	537	0.6656	1.0476	NONE	NONE	BAF_WEIGHTED	504	0.5187	38898001	38898001	0	2
chr22	39537001	39869000	2.941	101	0.7	1.033	NONE	NONE	BAF_WEIGHTED	294	0.4844	39537001	39537001	0	3
chr22	39869001	40655000	1.8526	317	0.6842	1.1711	NONE	NONE	BAF_WEIGHTED	756	0.4394	39869001	39869001	0	2
chr22	40655001	42788250	2.409	824	0.6775	1.0384	NONE	BND	BAF_WEIGHTED	1879	0.4893	40655001	40655001	0	2
chr22	42788251	43195000	2.233	377	0.6667	1.0322	BND	NONE	BAF_WEIGHTED	370	0.5013	42788251	42788251	0	2
chr22	43195001	44827000	3.228	1501	0.68	0.953	NONE	NONE	BAF_WEIGHTED	1482	0.5043	43195001	43195001	0	3
chr22	44827001	45124000	3.824	279	0.6842	0.9201	NONE	NONE	BAF_WEIGHTED	276	0.5102	44827001	44827001	0	4
chr22	45124001	47190000	2.6857	1231	0.6743	0.9941	NONE	NONE	BAF_WEIGHTED	1728	0.5039	45124001	45124001	0	3
chr22	47190001	49767000	3.7224	2512	0.6897	0.9392	NONE	NONE	BAF_WEIGHTED	2310	0.4895	47190001	47190001	0	3
chr22	49767001	50818468	2.8401	954	0.6757	0.9786	NONE	TELOMERE	BAF_WEIGHTED	639	0.5497	49767001	49767001	0	3
chrX	1	1145000	3.2561	1140	0.5724	0.6144	TELOMERE	NONE	BAF_WEIGHTED	574	0.4858	1	1	1	2
chrX	1145001	3610000	2.4581	2309	0.5758	0.5932	NONE	NONE	BAF_WEIGHTED	1961	0.4548	1145001	1145001	1	1
chrX	3610001	3944000	1.6878	188	0.5667	0.5925	NONE	NONE	BAF_WEIGHTED	177	0.4478	3610001	3610001	1	1
chrX	3944001	6984000	2.6503	1493	0.5714	0.6227	NONE	NONE	BAF_WEIGHTED	2914	0.3831	3944001	3944001	1	2
chrX	6984001	7357000	1.8331	1	0.5882	0.8238	NONE	NONE	BAF_WEIGHTED	327	0.4172	6984001	6984001	0	2
chrX	7357001	8766000	2.7321	550	0.5714	0.634	NONE	NONE	BAF_WEIGHTED	1277	0.3883	7357001	7357001	1	2
chrX	8766001	9998000	2.2151	386	0.5691	0.5486	NONE	NONE	BAF_WEIGHTED	1170	0.434	8766001	8766001	1	1
chrX	9998001	10079074	1.1958	26	0.5736	0.8363	NONE	DEL	BAF_WEIGHTED	78	0.4571	9998001	9998001	0	1
chrX	10079075	10142426	0.4727	24	0.5998	1	DEL	DEL	BAF_WEIGHTED	61	0.4714	10079075	10079075	0	0
chrX	10142427	10142715	2.0865	0	0	1	DEL	DEL	STRUCTURAL_VARIANT	0	0	10142427	10142427	0	2
chrX	10142716	10157720	1.6858	19	0.619	0.9646	DEL	DEL	BAF_WEIGHTED	14	0.4546	10142716	10142716	0	2
chrX	10157721	10179000	1.3415	14	0.5509	0.7454	DEL	NONE	BAF_WEIGHTED	21	0.4929	10157721	10157721	0	1
chrX	10179001	11840000	2.2032	268	0.5625	0.5461	NONE	NONE	BAF_WEIGHTED	1543	0.395	10179001	10179001	1	1
chrX	11840001	12735000	2.5772	354	0.56	0.612	NONE	NONE	BAF_WEIGHTED	843	0.3896	11840001	11840001	1	2
chrX	12735001	14035000	1.4919	506	0.5754	0.7332	NONE	NONE	BAF_WEIGHTED	1139	0.4118	12735001	12735001	0	1
chrX	14035001	15449000	2.3779	611	0.5714	0.5795	NONE	NONE	BAF_WEIGHTED	1304	0.3811	14035001	14035001	1	1
chrX	15449001	15898000	1.5853	184	0.5714	0.6308	NONE	NONE	BAF_WEIGHTED	420	0.3991	15449001	15449001	1	1
chrX	15898001	16696000	2.412	452	0.5714	0.5854	NONE	NONE	BAF_WEIGHTED	735	0.4007	15898001	15898001	1	1
chrX	16696001	17747000	1.764	231	0.5714	0.5669	NONE	NONE	BAF_WEIGHTED	992	0.4185	16696001	16696001	1	1
chrX	17747001	19513000	2.3572	328	0.5714	0.5758	NONE	NONE	BAF_WEIGHTED	1665	0.4234	17747001	17747001	1	1
chrX	19513001	20566000	1.7624	23	0.5667	0.5674	NONE	NONE	BAF_WEIGHTED	1015	0.4158	19513001	19513001	1	1
chrX	20566001	21364000	2.4915	31	0.5676	0.5986	NONE	NONE	BAF_WEIGHTED	725	0.3759	20566001	20566001	1	1
chrX	21364001	25073000	1.9544	1485	0.573	0.5529	NONE	NONE	BAF_WEIGHTED	3522	0.3978	21364001	21364001	1	1
chrX	25073001	30560000	2.4653	2314	0.5676	0.5944	NONE	NONE	BAF_WEIGHTED	5150	0.3652	25073001	25073001	1	1
chrX	30560001	33402000	1.9068	1046	0.5721	0.5218	NONE	NONE	BAF_WEIGHTED	2592	0.3694	30560001	30560001	1	1
chrX	33402001	37598000	2.3096	1429	0.5714	0.567	NONE	NONE	BAF_WEIGHTED	3699	0.3647	33402001	33402001	1	1
chrX	37598001	41609000	1.7778	1251	0.5718	0.6404	NONE	NONE	BAF_WEIGHTED	3853	0.4285	37598001	37598001	1	1
chrX	41609001	44283000	2.441	601	0.5758	0.5903	NONE	NONE	BAF_WEIGHTED	2498	0.3874	41609001	41609001	1	1
chrX	44283001	44869000	3.0863	299	0.5833	0.7155	NONE	NONE	BAF_WEIGHTED	570	0.4193	44282001	44283001	1	2
chrX	44869001	45118000	1.4475	9	0.5926	0.9058	NONE	NONE	BAF_WEIGHTED	228	0.38	44869001	44869001	0	1
chrX	45118001	46543000	3.1066	182	0.5863	0.7226	NONE	NONE	BAF_WEIGHTED	1268	0.3939	45118001	45118001	1	2
chrX	46543001	47388000	2.4629	126	0.5613	0.594	NONE	NONE	BAF_WEIGHTED	800	0.437	46543001	46543001	1	1
chrX	47388001	50573000	3.0184	407	0.5714	0.6626	NONE	NONE	BAF_WEIGHTED	2336	0.444	47388001	47388001	1	2
chrX	50573001	50812000	2.1817	40	0.5445	0.5417	NONE	NONE	BAF_WEIGHTED	230	0.3989	50573001	50573001	1	1
chrX	50812001	52339000	3.2991	738	0.5728	0.6062	NONE	NONE	BAF_WEIGHTED	1150	0.3907	50812001	50812001	1	2
chrX	52339001	53729000	2.4978	72	0.5806	0.7386	NONE	NONE	BAF_WEIGHTED	927	0.4409	52339001	52339001	1	2
chrX	53729001	58253000	3.2389	2145	0.5703	0.6188	NONE	NONE	BAF_WEIGHTED	3596	0.3992	53729001	53729001	1	2
chrX	58253001	60509060	4.1847	4	0.554	0.5549	NONE	CENTROMERE	BAF_WEIGHTED	206	0.4077	58253001	58253001	2	2
chrX	60509061	62696000	5.0629	10	0.5914	0.6798	CENTROMERE	NONE	BAF_WEIGHTED	150	0.3658	60509061	60509061	2	3
chrX	62696001	63305000	3.8806	16	0.5976	0.7206	NONE	NONE	BAF_WEIGHTED	384	0.3716	62696001	62696001	1	3
chrX	63305001	63574071	2.6995	7	0.5667	0.6296	NONE	BND	BAF_WEIGHTED	223	0.3758	63305001	63305001	1	2
chrX	63574072	63734000	2.3588	4	0.5658	0.5761	BND	NONE	BAF_WEIGHTED	138	0.3916	63574072	63574072	1	1
chrX	63734001	63764000	1.2244	1	0.5652	0.8167	NONE	NONE	BAF_WEIGHTED	30	0.4333	63734001	63734001	0	1
chrX	63764001	64276000	3.1133	17	0.5588	0.6424	NONE	NONE	BAF_WEIGHTED	423	0.4049	63764001	63764001	1	2
chrX	64276001	65221000	4.9319	36	0.5544	0.6083	NONE	NONE	BAF_WEIGHTED	759	0.3863	64276001	64276001	2	3
chrX	65221001	65580000	5.9341	11	0.5862	0.6573	NONE	NONE	BAF_WEIGHTED	299	0.3978	65221001	65221001	2	4
chrX	65580001	65752000	2.9215	4	0.5622	0.6846	NONE	NONE	BAF_WEIGHTED	160	0.447	65580001	65580001	1	2
chrX	65752001	65970000	4.8604	4	0.6145	0.7299	NONE	NONE	BAF_WEIGHTED	177	0.4022	65752001	65752001	1	4
chrX	65970001	66209000	3.6283	1	0.5962	0.726	NONE	NONE	BAF_WEIGHTED	216	0.3893	65970001	65970001	1	3
chrX	66209001	68179000	5.699	54	0.6288	0.7394	NONE	NONE	BAF_WEIGHTED	1673	0.3785	66209001	66209001	1	4
chrX	68179001	68541000	4.0305	8	0.6442	0.8193	NONE	NONE	BAF_WEIGHTED	325	0.4057	68179001	68179001	1	3
chrX	68541001	68658603	5.703	0	0	1.0084	NONE	BND	BAF_WEIGHTED	98	0.4138	68541001	68541001	0	6
chrX	68658604	69643000	1.3745	308	0.6172	1.0347	BND	NONE	BAF_WEIGHTED	904	0.4665	68658604	68658604	0	1
chrX	69643001	69950000	2.0404	205	0.6364	0.9637	NONE	NONE	BAF_WEIGHTED	263	0.3802	69643001	69643001	0	2
chrX	69950001	72739000	1.1006	217	0.6206	1.0211	NONE	NONE	BAF_WEIGHTED	2375	0.4276	69949001	69951001	0	1
chrX	72739001	73814000	1.6362	208	0.6207	0.9819	NONE	NONE	BAF_WEIGHTED	662	0.3805	72739001	72739001	0	2
chrX	73814001	74621000	0.8404	167	0.5926	1	NONE	NONE	BAF_WEIGHTED	740	0.4084	73814001	73814001	0	1
chrX	74621001	77502000	1.4142	37	0.5926	0.9132	NONE	NONE	BAF_WEIGHTED	2280	0.3868	74621001	74621001	0	1
chrX	77502001	77866000	0.7014	4	0.5437	0.5777	NONE	NONE	BAF_WEIGHTED	341	0.3839	77502001	77502001	0	0
chrX	77866001	79078000	1.0747	14	0.5894	0.9967	NONE	NONE	BAF_WEIGHTED	1083	0.3762	77866001	77866001	0	1
chrX	79078001	79275000	0.4711	1	0.6	1	NONE	NONE	BAF_WEIGHTED	183	0.3621	79078001	79078001	0	0
chrX	79275001	85856000	1.3298	2740	0.6	0.97	NONE	NONE	BAF_WEIGHTED	5888	0.362	79275001	79275001	0	1
chrX	85856001	86065000	0.7388	62	0.5882	1	NONE	NONE	BAF_WEIGHTED	202	0.3676	85856001	85856001	0	1
chrX	86065001	89073213	1.4138	1101	0.6071	0.978	NONE	DEL	BAF_WEIGHTED	2791	0.3568	86065001	86065001	0	1
chrX	89073214	89073245	0.6175	0	0	1	DEL	DEL	STRUCTURAL_VARIANT	0	0	89073214	89073214	0	1
chrX	89073246	107650000	1.3433	5069	0.6074	0.9756	DEL	NONE	BAF_WEIGHTED	13666	0.3776	89073246	89073246	0	1
chrX	107650001	107785000	0.3973	0	0	1	NONE	NONE	BAF_WEIGHTED	133	0.4725	107650001	107650001	0	0
chrX	107785001	108621000	1.1851	3	0.5769	0.8438	NONE	NONE	BAF_WEIGHTED	774	0.3919	107785001	107785001	0	1
chrX	108621001	109622000	1.7847	18	0.6283	0.9803	NONE	NONE	BAF_WEIGHTED	887	0.3767	108621001	108621001	0	2
chrX	109622001	110451000	1.0008	107	0.625	1.2366	NONE	NONE	BAF_WEIGHTED	763	0.4037	109622001	109622001	0	1
chrX	110451001	116331968	1.5297	1525	0.6154	0.9848	NONE	DUP	BAF_WEIGHTED	5153	0.3798	110451001	110451001	0	2
chrX	116331969	116405700	2.1333	50	0.6	0.8295	DUP	DUP	BAF_WEIGHTED	68	0.3597	116331969	116331969	0	2
chrX	116405701	116509000	1.1827	24	0.5659	0.8455	DUP	NONE	BAF_WEIGHTED	101	0.3517	116405701	116405701	0	1
chrX	116509001	117943000	1.7878	461	0.619	0.9449	NONE	NONE	BAF_WEIGHTED	1245	0.3685	116509001	116509001	0	2
chrX	117943001	120802000	1.1803	751	0.6207	1.1214	NONE	NONE	BAF_WEIGHTED	2589	0.4181	117943001	117943001	0	1
chrX	120802001	122598287	1.6693	736	0.6163	0.956	NONE	BND	BAF_WEIGHTED	1535	0.3682	120802001	120802001	0	2
chrX	122598288	122603856	4.1099	0	0	0.9821	BND	BND	BAF_WEIGHTED	4	0.328	122598288	122598288	0	4
chrX	122603857	123958000	1.7299	631	0.6296	0.9964	BND	NONE	BAF_WEIGHTED	1281	0.3907	122603857	122603857	0	2
chrX	123958001	124102000	0.9135	8	0.6678	1	NONE	NONE	BAF_WEIGHTED	142	0.3766	123958001	123958001	0	1
chrX	124102001	126281000	1.9284	652	0.6352	0.9787	NONE	NONE	BAF_WEIGHTED	2021	0.3688	124102001	124102001	0	2
chrX	126281001	126451000	1.1497	5	0.5833	0.9381	NONE	NONE	BAF_WEIGHTED	154	0.3476	126281001	126281001	0	1
chrX	126451001	129442000	2.1784	1057	0.6298	0.9231	NONE	NONE	BAF_WEIGHTED	2702	0.3629	126451001	126451001	0	2
chrX	129442001	136391000	1.7315	1452	0.641	1.0397	NONE	NONE	BAF_WEIGHTED	6160	0.4093	129442001	129442001	0	2
chrX	136391001	136597000	2.8544	2	0.7085	1.0662	NONE	NONE	BAF_WEIGHTED	197	0.4061	136391001	136391001	0	3
chrX	136597001	136956000	1.3935	2	0.668	1.2583	NONE	NONE	BAF_WEIGHTED	350	0.4154	136597001	136597001	0	1
chrX	136956001	139721000	2.0444	596	0.6337	0.9539	NONE	NONE	BAF_WEIGHTED	2518	0.3885	136956001	136956001	0	2
chrX	139721001	139943000	1.3193	0	0	0.901	NONE	NONE	BAF_WEIGHTED	217	0.3951	139721001	139721001	0	1
chrX	139943001	143410441	2.3393	1480	0.6439	0.9441	NONE	DEL	BAF_WEIGHTED	2897	0.3804	139943001	139943001	0	2
chrX	143410442	143410487	0.6102	0	0	1	DEL	DEL	STRUCTURAL_VARIANT	0	0	143410442	143410442	0	1
chrX	143410488	147835000	2.3779	1817	0.6429	0.9372	DEL	NONE	BAF_WEIGHTED	3987	0.3717	143410488	143410488	0	2
chrX	147835001	150905000	1.7968	576	0.637	1.0011	NONE	NONE	BAF_WEIGHTED	2649	0.4072	147835001	147835001	0	2
chrX	150905001	152809000	2.343	749	0.6471	0.9545	NONE	NONE	BAF_WEIGHTED	1629	0.4089	150905001	150905001	0	2
chrX	152809001	154846000	1.8347	153	0.6471	1.0397	NONE	NONE	BAF_WEIGHTED	1290	0.5063	152809001	152809001	0	2
chrX	154846001	156040895	2.6509	207	0.6894	1.0461	NONE	TELOMERE	BAF_WEIGHTED	880	0.3827	154843001	154849001	0	3
