chromosome	start	end	copyNumber	bafCount	observedBAF	baf	segmentStartSupport	segmentEndSupport	method	depthWindowCount	gcContent	minStart	maxStart	minor_cn	major_cn
chr1	1	2599000	2.2549	775	0.5556	0.5565	TELOMERE	NONE	BAF_WEIGHTED	786	0.5831	1	1	1	1
chr1	2599001	5921000	1.7511	3009	0.555	0.5527	NONE	NONE	BAF_WEIGHTED	2636	0.5021	2599001	2599001	1	1
chr1	5921001	9661838	2.1652	2599	0.5531	0.5505	NONE	DEL	BAF_WEIGHTED	3398	0.4838	5921001	5921001	1	1
chr1	9661839	9661891	1.5756	0	0	0.6177	DEL	DEL	STRUCTURAL_VARIANT	0	0	9661839	9661839	1	1
chr1	9661892	10024178	2.2499	28	0.5725	0.6087	DEL	DEL	BAF_WEIGHTED	338	0.4879	9661892	9661892	1	1
chr1	10024179	10024214	1.1003	0	0	0.9044	DEL	DEL	STRUCTURAL_VARIANT	0	0	10024179	10024179	0	1
chr1	10024215	13315000	2.1826	820	0.5587	0.5441	DEL	NONE	BAF_WEIGHTED	2594	0.4838	10024215	10024215	1	1
chr1	13315001	13611135	1.7407	271	0.5692	0.6139	NONE	DEL	BAF_WEIGHTED	205	0.474	13234001	13396001	1	1
chr1	13611136	13611528	0.7716	0	0	1	DEL	DEL	STRUCTURAL_VARIANT	0	0	13611136	13611136	0	1
chr1	13611529	14958430	1.9007	810	0.5575	0.5539	DEL	DEL	BAF_WEIGHTED	1300	0.4441	13611529	13611529	1	1
chr1	14958431	14958635	1.1026	0	0	0.9081	DEL	DEL	STRUCTURAL_VARIANT	0	0	14958431	14958431	0	1
chr1	14958636	17744000	2.214	1730	0.5514	0.5477	DEL	NONE	BAF_WEIGHTED	2172	0.4987	14958636	14958636	1	1
chr1	17744001	18850986	1.8477	852	0.5535	0.5368	NONE	DUP	BAF_WEIGHTED	1087	0.4919	17744001	17744001	1	1
chr1	18850987	18869787	2.9965	20	0.6614	0.7221	DUP	DUP	BAF_WEIGHTED	18	0.5201	18850987	18850987	1	2
chr1	18869788	21667230	2.1314	1710	0.5523	0.5371	DUP	DUP	BAF_WEIGHTED	2590	0.4716	18869788	18869788	1	1
chr1	21667231	21698821	3.0874	18	0.5838	0.6143	DUP	DUP	BAF_WEIGHTED	28	0.4532	21667231	21667231	1	2
chr1	21698822	23148950	2.1009	696	0.5532	0.524	DUP	DUP	BAF_WEIGHTED	1326	0.4876	21698822	21698822	1	1
chr1	23148951	23165685	3.12	4	0.5813	0.6105	DUP	DEL	BAF_WEIGHTED	16	0.4157	23148951	23148951	1	2
chr1	23165686	23165700	2.8079	0	0	0.63	DEL	DEL	STRUCTURAL_VARIANT	0	0	23165686	23165686	1	2
chr1	23165701	23166099	3.1222	0	0	0.6672	DEL	DEL	STRUCTURAL_VARIANT	0	0	23165701	23165701	1	2
chr1	23166100	23167505	2.4381	0	0	0.5738	DEL	DEL	STRUCTURAL_VARIANT	0	0	23166100	23166100	1	1
chr1	23167506	23320520	3.1767	96	0.6277	0.6729	DEL	DUP	BAF_WEIGHTED	147	0.4451	23167506	23167506	1	2
chr1	23320521	29299000	2.182	2018	0.5532	0.5417	DUP	NONE	BAF_WEIGHTED	5500	0.4732	23320521	23320521	1	1
chr1	29299001	30655000	1.7544	948	0.5556	0.57	NONE	NONE	BAF_WEIGHTED	1270	0.4793	29299001	29299001	1	1
chr1	30655001	33056355	2.2088	862	0.5509	0.5473	NONE	DEL	BAF_WEIGHTED	2271	0.4753	30655001	30655001	1	1
chr1	33056356	33057895	1.4849	0	0	0.6735	DEL	DEL	STRUCTURAL_VARIANT	0	0	33056356	33056356	0	1
chr1	33057896	33846030	2.0951	214	0.5598	0.5318	DEL	DUP	BAF_WEIGHTED	739	0.4588	33057896	33057896	1	1
chr1	33846031	33851879	2.5401	1	0.6604	0.7314	DUP	DUP	BAF_WEIGHTED	4	0.443	33846031	33846031	1	2
chr1	33851880	38994717	1.9867	2170	0.5547	0.5448	DUP	DUP	BAF_WEIGHTED	4896	0.4573	33851880	33851880	1	1
chr1	38994718	39147299	3.3797	117	0.6164	0.6551	DUP	DUP	BAF_WEIGHTED	148	0.4564	38994718	38994718	1	2
chr1	39147300	40654751	2.1954	798	0.5556	0.5445	DUP	DEL	BAF_WEIGHTED	1381	0.4405	39147300	39147300	1	1
chr1	40654752	40654953	1.4249	0	0	0.7018	DEL	DEL	STRUCTURAL_VARIANT	0	0	40654752	40654752	0	1
chr1	40654954	41991500	2.2372	425	0.5536	0.553	DEL	NONE	BAF_WEIGHTED	1262	0.4678	40654954	40654954	1	1
chr1	41991501	42189000	3.2529	10	0.6103	0.6484	NONE	NONE	BAF_WEIGHTED	182	0.4242	41989001	41994001	1	2
chr1	42189001	42821750	2.1127	6	0.5538	0.5267	NONE	DUP	BAF_WEIGHTED	593	0.4137	42189001	42189001	1	1
chr1	42821751	42829870	3.4907	0	0	0.7196	DUP	DUP	BAF_WEIGHTED	7	0.4001	42821751	42821751	1	3
chr1	42829871	48845944	2.102	2423	0.553	0.5344	DUP	DEL	BAF_WEIGHTED	5457	0.4533	42829871	42829871	1	1
chr1	48845945	48882469	0.9442	2	0.7416	1	DEL	DEL	BAF_WEIGHTED	36	0.3931	48845945	48845945	0	1
chr1	48882470	50802005	1.8894	529	0.5527	0.5484	DEL	DUP	BAF_WEIGHTED	1707	0.3893	48882470	48882470	1	1
chr1	50802006	51377432	3.2551	102	0.6242	0.6672	DUP	DUP	BAF_WEIGHTED	538	0.4085	50802006	50802006	1	2
chr1	51377433	79522538	2.059	14708	0.5547	0.5386	DUP	DEL	BAF_WEIGHTED	26580	0.3941	51377433	51377433	1	1
chr1	79522539	79522571	0.9509	0	0	1	DEL	DEL	STRUCTURAL_VARIANT	0	0	79522539	79522539	0	1
chr1	79522572	83816082	1.9791	2643	0.5538	0.5147	DEL	DUP	BAF_WEIGHTED	3768	0.3608	79522572	79522572	1	1
chr1	83816083	84051470	3.1786	103	0.6282	0.6736	DUP	DUP	BAF_WEIGHTED	227	0.3683	83816083	83816083	1	2
chr1	84051471	84078500	3.2254	17	0.6212	0.6635	DUP	NONE	BAF_WEIGHTED	19	0.3538	84051471	84051471	1	2
chr1	84078501	86576307	2.1617	1103	0.5526	0.5374	NONE	DEL	BAF_WEIGHTED	2338	0.3848	84078001	84079001	1	1
chr1	86576308	86576345	1.5885	0	0	0.7313	DEL	DEL	STRUCTURAL_VARIANT	0	0	86576308	86576308	0	1
chr1	86576346	88797635	2.1412	736	0.5546	0.5381	DEL	INV	BAF_WEIGHTED	2079	0.3831	86576346	86576346	1	1
chr1	88797636	88797859	1.1808	0	0	0.9758	INV	BND	STRUCTURAL_VARIANT	0	0	88797636	88797636	0	1
chr1	88797860	88823453	2.1293	5	0.561	0.5304	BND	INV	BAF_WEIGHTED	24	0.3667	88797860	88797860	1	1
chr1	88823454	93099031	1.0964	2478	0.741	0.9887	INV	DUP	BAF_WEIGHTED	3947	0.3954	88823454	88823454	0	1
chr1	93099032	93102824	2.1832	2	0.8491	1.0289	DUP	DUP	BAF_WEIGHTED	2	0.413	93099032	93099032	0	2
chr1	93102825	95656053	1.1357	1248	0.7364	0.9725	DUP	DUP	BAF_WEIGHTED	2405	0.4064	93102825	93102825	0	1
chr1	95656054	95666653	1.8312	0	0	0.9964	DUP	DUP	BAF_WEIGHTED	9	0.4003	95656054	95656054	0	2
chr1	95666654	107118772	0.9896	7839	0.7345	0.9933	DUP	DUP	BAF_WEIGHTED	10608	0.3587	95666654	95666654	0	1
chr1	107118773	107128147	1.9337	2	0.8565	1.0638	DUP	DUP	BAF_WEIGHTED	9	0.3667	107118773	107118773	0	2
chr1	107128148	123605522	1.0914	6006	0.7336	0.9812	DUP	CENTROMERE	BAF_WEIGHTED	11717	0.4149	107128148	107128148	0	1
chr1	123605523	149817152	2.9963	1263	0.6222	0.6687	CENTROMERE	DUP	BAF_WEIGHTED	1188	0.4251	123605523	123605523	1	2
chr1	149817153	149886072	4.3667	7	0.8188	0.9009	DUP	DUP	BAF_WEIGHTED	15	0.4135	149817153	149817153	0	4
chr1	149886073	150492040	3.2447	278	0.6242	0.6673	DUP	DUP	BAF_WEIGHTED	589	0.4337	149886073	149886073	1	2
chr1	150492041	150789611	4.3553	223	0.6893	0.7382	DUP	DUP	BAF_WEIGHTED	262	0.4444	150492041	150492041	1	3
chr1	150789612	152056000	3.3622	547	0.6143	0.6525	DUP	NONE	BAF_WEIGHTED	1219	0.4535	150789612	150789612	1	2
chr1	152056001	153450861	2.7643	657	0.627	0.6785	NONE	DEL	BAF_WEIGHTED	1160	0.4134	152056001	152056001	1	2
chr1	153450862	153451058	2.017	0	0	0.5295	DEL	DEL	STRUCTURAL_VARIANT	0	0	153450862	153450862	1	1
chr1	153451059	155521585	3.1733	987	0.6202	0.6634	DEL	DUP	BAF_WEIGHTED	1896	0.4746	153451059	153451059	1	2
chr1	155521586	155522040	3.7518	0	0	0.7153	DUP	INV	STRUCTURAL_VARIANT	0	0	155521586	155521586	1	3
chr1	155522041	155522043	4.828	0	0	0.7788	INV	INV	STRUCTURAL_VARIANT	0	0	155522041	155522041	1	4
chr1	155522044	155534341	4.1434	1	0.6984	0.7523	INV	INV	BAF_WEIGHTED	11	0.4029	155522044	155522044	1	3
chr1	155534342	155534774	4.7661	0	0	0.8006	INV	INV	STRUCTURAL_VARIANT	0	0	155534342	155534342	1	4
chr1	155534775	155534794	4.1	0	0	0.7683	INV	INV	STRUCTURAL_VARIANT	0	0	155534775	155534775	1	3
chr1	155534795	155800008	4.6004	75	0.7358	0.7935	INV	INV	BAF_WEIGHTED	182	0.4428	155534795	155534795	1	4
chr1	155800009	155800101	4.0685	0	0	0.7384	INV	INV	STRUCTURAL_VARIANT	0	0	155800009	155800009	1	3
chr1	155800102	155800162	3.3362	0	0	0.681	INV	INV	STRUCTURAL_VARIANT	0	0	155800102	155800102	1	2
chr1	155800163	155800467	3.7088	0	0	0.713	INV	DUP	STRUCTURAL_VARIANT	0	0	155800163	155800163	1	3
chr1	155800468	158161000	3.1304	1111	0.6172	0.66	DUP	NONE	BAF_WEIGHTED	2185	0.4652	155800468	155800468	1	2
chr1	158161001	159770000	2.6465	751	0.61	0.6573	NONE	NONE	BAF_WEIGHTED	1422	0.3802	158161001	158161001	1	2
chr1	159770001	163369358	3.077	1486	0.6198	0.6637	NONE	BND	BAF_WEIGHTED	3171	0.4275	159770001	159770001	1	2
chr1	163369359	173778017	2.0421	6139	0.5543	0.535	BND	DUP	BAF_WEIGHTED	9729	0.3954	163369359	163369359	1	1
chr1	173778018	173800221	3.1677	0	0	0.7003	DUP	DUP	BAF_WEIGHTED	21	0.3813	173778018	173778018	1	2
chr1	173800222	177776265	1.9259	1164	0.5584	0.5447	DUP	DUP	BAF_WEIGHTED	3715	0.401	173800222	173800222	1	1
chr1	177776266	178212482	3.233	275	0.6256	0.6708	DUP	DUP	BAF_WEIGHTED	412	0.4101	177776266	177776266	1	2
chr1	178212483	184290167	2.0824	3681	0.5533	0.5351	DUP	DUP	BAF_WEIGHTED	5749	0.4137	178212483	178212483	1	1
chr1	184290168	184320821	3.1638	0	0	0.694	DUP	DUP	BAF_WEIGHTED	28	0.3806	184290168	184290168	1	2
chr1	184320822	186681383	2.1134	1287	0.5535	0.5282	DUP	DUP	BAF_WEIGHTED	2219	0.3796	184320822	184320822	1	1
chr1	186681384	187551814	2.8941	459	0.6249	0.6734	DUP	DUP	BAF_WEIGHTED	825	0.3577	186681384	186681384	1	2
chr1	187551815	189760289	1.7864	1495	0.5574	0.5579	DUP	DEL	BAF_WEIGHTED	2064	0.3405	187551815	187551815	1	1
chr1	189760290	189762290	0.751	0	0	1	DEL	DEL	BAF_WEIGHTED	1	0.304	189760290	189760290	0	1
chr1	189762291	193676232	1.945	2154	0.5567	0.5323	DEL	BND	BAF_WEIGHTED	3775	0.3491	189762291	189762291	1	1
chr1	193676233	197765312	3.6336	2445	0.6826	0.7399	BND	DUP	BAF_WEIGHTED	3743	0.3453	193676233	193676233	1	3
chr1	197765313	197835746	5.3642	90	0.75	0.8024	DUP	DUP	BAF_WEIGHTED	58	0.3939	197765313	197765313	1	4
chr1	197835747	198836616	4.0493	396	0.6842	0.7351	DUP	DUP	BAF_WEIGHTED	955	0.3652	197835747	197835747	1	3
chr1	198836617	198851558	4.8503	0	0	0.7993	DUP	DUP	BAF_WEIGHTED	13	0.3754	198836617	198836617	1	4
chr1	198851559	200086185	3.7613	499	0.6852	0.7412	DUP	DEL	BAF_WEIGHTED	1184	0.3691	198851559	198851559	1	3
chr1	200086186	200094530	3.1452	5	0.6538	0.7088	DEL	DEL	BAF_WEIGHTED	7	0.4436	200086186	200086186	1	2
chr1	200094531	207212915	4.1258	3619	0.6841	0.7342	DEL	DEL	BAF_WEIGHTED	6341	0.4633	200094531	200094531	1	3
chr1	207212916	207212979	1.6548	0	0	0.6627	DEL	DEL	STRUCTURAL_VARIANT	0	0	207212916	207212916	1	1
chr1	207212980	211289539	3.8204	2220	0.6872	0.7425	DEL	DUP	BAF_WEIGHTED	3768	0.4151	207212980	207212980	1	3
chr1	211289540	212068331	5.1691	102	0.7352	0.7864	DUP	DEL	BAF_WEIGHTED	732	0.4234	211289540	211289540	1	4
chr1	212068332	212071565	4.3101	0	0	0.7335	DEL	DEL	BAF_WEIGHTED	2	0.398	212068332	212068332	1	3
chr1	212071566	212561765	5.2685	220	0.7324	0.782	DEL	DUP	BAF_WEIGHTED	469	0.4349	212071566	212071566	1	4
chr1	212561766	214210002	3.9343	745	0.6877	0.7413	DUP	DEL	BAF_WEIGHTED	1568	0.4137	212561766	212561766	1	3
chr1	214210003	214210034	3.152	0	0	0.677	DEL	DEL	STRUCTURAL_VARIANT	0	0	214210003	214210003	1	2
chr1	214210035	214318202	4.176	69	0.6766	0.7241	DEL	DUP	BAF_WEIGHTED	106	0.4128	214210035	214210035	1	3
chr1	214318203	214484017	5.3941	101	0.7398	0.7898	DUP	DUP	BAF_WEIGHTED	163	0.4165	214318203	214318203	1	4
chr1	214484018	225742000	3.8937	4807	0.6867	0.7407	DUP	NONE	BAF_WEIGHTED	10465	0.392	214484018	214484018	1	3
chr1	225742001	225755850	5.6904	5	0.7222	0.7661	NONE	DUP	BAF_WEIGHTED	11	0.4937	225742001	225742001	1	4
chr1	225755851	226039284	6.2515	97	0.7677	0.8159	DUP	DUP	BAF_WEIGHTED	266	0.4757	225755851	225755851	1	5
chr1	226039285	226168659	10.2256	67	0.8521	0.8908	DUP	DUP	BAF_WEIGHTED	118	0.4659	226039285	226039285	1	9
chr1	226168660	226673270	4.9889	211	0.7467	0.8023	DUP	DUP	BAF_WEIGHTED	488	0.4617	226168660	226168660	1	4
chr1	226673271	228739320	4.0206	963	0.6877	0.7402	DUP	DEL	BAF_WEIGHTED	1663	0.4595	226673271	226673271	1	3
chr1	228739321	231390052	2.9757	1451	0.6133	0.6562	DEL	DEL	BAF_WEIGHTED	2543	0.4413	228739321	228739321	1	2
chr1	231390053	231391114	2.2925	0	0	0.5537	DEL	DEL	STRUCTURAL_VARIANT	0	0	231390053	231390053	1	1
chr1	231391115	231915487	3.1106	214	0.6136	0.6547	DEL	DEL	BAF_WEIGHTED	491	0.4118	231391115	231391115	1	2
chr1	231915488	231915525	2.2344	0	0	0.5161	DEL	DEL	STRUCTURAL_VARIANT	0	0	231915488	231915488	1	1
chr1	231915526	232983244	3.1019	673	0.6111	0.6514	DEL	DEL	BAF_WEIGHTED	1021	0.4168	231915526	231915526	1	2
chr1	232983245	232983281	2.2903	0	0	0.5426	DEL	DEL	STRUCTURAL_VARIANT	0	0	232983245	232983245	1	1
chr1	232983282	234464406	2.9978	721	0.6094	0.6506	DEL	DUP	BAF_WEIGHTED	1413	0.408	232983282	232983282	1	2
chr1	234464407	234536795	4.6684	29	0.7059	0.7548	DUP	DUP	BAF_WEIGHTED	70	0.4416	234464407	234464407	1	4
chr1	234536796	234537393	5.3906	0	0	0.7913	DUP	DUP	STRUCTURAL_VARIANT	0	0	234536796	234536796	1	4
chr1	234537394	235686916	4.4348	543	0.6968	0.7463	DUP	DUP	BAF_WEIGHTED	1076	0.4423	234537394	234537394	1	3
chr1	235686917	235799345	4.9782	0	0	0.8083	DUP	DUP	BAF_WEIGHTED	111	0.3651	235686917	235686917	1	4
chr1	235799346	239322146	3.8616	2263	0.6956	0.7529	DUP	DUP	BAF_WEIGHTED	3409	0.3933	235799346	235799346	1	3
chr1	239322147	240525226	2.8388	918	0.6169	0.6631	DUP	DEL	BAF_WEIGHTED	1169	0.3913	239322147	239322147	1	2
chr1	240525227	240553437	1.8149	9	0.5417	0.551	DEL	DEL	BAF_WEIGHTED	27	0.407	240525227	240525227	1	1
chr1	240553438	242845681	2.7787	1761	0.6183	0.6673	DEL	DUP	BAF_WEIGHTED	2053	0.4011	240553438	240553438	1	2
chr1	242845682	242866211	3.2068	47	0.6667	0.7252	DUP	DUP	BAF_WEIGHTED	20	0.4062	242845682	242845682	1	2
chr1	242866212	247054423	3.0241	2623	0.6187	0.6626	DUP	DEL	BAF_WEIGHTED	3643	0.4172	242866212	242866212	1	2
chr1	247054424	248956422	3.7739	1170	0.6954	0.7536	DEL	TELOMERE	BAF_WEIGHTED	1399	0.4012	247054424	247054424	1	3
chr2	1	2760120	2.6255	2233	0.8479	0.9967	TELOMERE	BND	BAF_WEIGHTED	2481	0.4457	1	1	0	3
chr2	2760121	2986000	1.6238	134	0.7929	0.9958	BND	NONE	BAF_WEIGHTED	208	0.4667	2760121	2760121	0	2
chr2	2986001	9826198	2.0487	4266	0.8186	0.995	NONE	DEL	BAF_WEIGHTED	6522	0.4213	2986001	2986001	0	2
chr2	9826199	9826245	0.5195	0	0	1	DEL	DEL	STRUCTURAL_VARIANT	0	0	9826199	9826199	0	1
chr2	9826246	18929912	2.0681	6308	0.8182	0.9914	DEL	DUP	BAF_WEIGHTED	8566	0.4106	9826246	9826246	0	2
chr2	18929913	18933755	4.0576	1	0.8919	1.0006	DUP	DUP	BAF_WEIGHTED	3	0.3987	18929913	18929913	0	4
chr2	18933756	20826000	2.1676	1386	0.8217	0.9889	DUP	NONE	BAF_WEIGHTED	1772	0.4295	18933756	18933756	0	2
chr2	20826001	23493000	1.8617	836	0.8182	1.0105	NONE	NONE	BAF_WEIGHTED	2559	0.3948	20826001	20826001	0	2
chr2	23493001	25309407	2.2371	627	0.822	0.9839	NONE	BND	BAF_WEIGHTED	1727	0.4418	23493001	23493001	0	2
chr2	25309408	27020923	2.6838	741	0.7186	0.8113	BND	DEL	BAF_WEIGHTED	1628	0.4516	25309408	25309408	1	2
chr2	27020924	27025498	0.6069	2	0.7308	1	DEL	DEL	BAF_WEIGHTED	4	0.5145	27020924	27020924	0	1
chr2	27025499	31941881	2.5818	2729	0.7186	0.8149	DEL	DUP	BAF_WEIGHTED	4702	0.4346	27025499	27025499	0	2
chr2	31941882	32171728	3.3604	150	0.7635	0.8518	DUP	DEL	BAF_WEIGHTED	219	0.4111	31941882	31941882	0	3
chr2	32171729	32172548	2.5449	0	0	0.8156	DEL	DEL	STRUCTURAL_VARIANT	0	0	32171729	32171729	0	2
chr2	32172549	32172809	3.3007	0	0	0.8578	DEL	DUP	STRUCTURAL_VARIANT	0	0	32172549	32172549	0	3
chr2	32172810	34317000	2.5842	1678	0.7202	0.8184	DUP	NONE	BAF_WEIGHTED	2050	0.3965	32172810	32172810	0	2
chr2	34317001	38685607	2.0478	2529	0.8193	0.9965	NONE	DUP	BAF_WEIGHTED	4036	0.3854	34317001	34317001	0	2
chr2	38685608	38711332	4.1003	13	0.8919	0.9994	DUP	DUP	BAF_WEIGHTED	25	0.4474	38685608	38685608	0	4
chr2	38711333	42140924	2.0423	2034	0.8182	0.9972	DUP	DEL	BAF_WEIGHTED	3273	0.386	38711333	38711333	0	2
chr2	42140925	42141561	0	0	0	1	DEL	DEL	STRUCTURAL_VARIANT	0	0	42140925	42140925	0	0
chr2	42141562	43058000	2.2073	741	0.8232	0.9874	DEL	NONE	BAF_WEIGHTED	886	0.4389	42141562	42141562	0	2
chr2	43058001	43297500	3.1511	144	0.8606	0.9894	NONE	NONE	BAF_WEIGHTED	228	0.5015	43058001	43058001	0	3
chr2	43297501	45336488	2.1319	972	0.8176	0.9857	NONE	BND	BAF_WEIGHTED	1950	0.4107	43296001	43299001	0	2
chr2	45336489	45336507	1.5541	0	0	0.9803	BND	BND	STRUCTURAL_VARIANT	0	0	45336489	45336489	0	2
chr2	45336508	45337547	2.2239	0	0	0.9863	BND	BND	STRUCTURAL_VARIANT	0	0	45336508	45336508	0	2
chr2	45337548	45337554	1.2223	0	0	0.975	BND	BND	STRUCTURAL_VARIANT	0	0	45337548	45337548	0	1
chr2	45337555	45337671	2.2688	0	0	0.9865	BND	BND	STRUCTURAL_VARIANT	0	0	45337555	45337555	0	2
chr2	45337672	45337672	3.2801	0	0	0.9907	BND	BND	STRUCTURAL_VARIANT	0	0	45337672	45337672	0	3
chr2	45337673	45695287	2.2154	194	0.8145	0.976	BND	DEL	BAF_WEIGHTED	351	0.3859	45337673	45337673	0	2
chr2	45695288	45695323	0.4627	0	0	1	DEL	DEL	STRUCTURAL_VARIANT	0	0	45695288	45695288	0	0
chr2	45695324	47903905	2.1856	1220	0.8169	0.9799	DEL	DEL	BAF_WEIGHTED	2135	0.4452	45695324	45695324	0	2
chr2	47903906	47904072	0.0587	0	0	1	DEL	DEL	STRUCTURAL_VARIANT	0	0	47903906	47903906	0	0
chr2	47904073	54706761	1.8612	5088	0.8132	1.007	DEL	BND	BAF_WEIGHTED	6497	0.3749	47904073	47904073	0	2
chr2	54706762	54997374	4.0963	245	0.8889	0.9957	BND	BND	BAF_WEIGHTED	285	0.4053	54706762	54706762	0	4
chr2	54997375	55376594	2.6841	230	0.7123	0.8023	BND	DUP	BAF_WEIGHTED	374	0.3946	54997375	54997375	1	2
chr2	55376595	55406913	4.6286	26	0.8216	0.8998	DUP	DUP	BAF_WEIGHTED	28	0.371	55376595	55376595	0	4
chr2	55406914	62532172	2.406	3253	0.7107	0.8113	DUP	BND	BAF_WEIGHTED	6723	0.3891	55406914	55406914	0	2
chr2	62532173	64923577	1.6392	1130	0.6077	0.6812	BND	DEL	BAF_WEIGHTED	2226	0.3929	62532173	62532173	1	1
chr2	64923578	64943267	0.7136	8	0.6126	1	DEL	DEL	BAF_WEIGHTED	19	0.4599	64923578	64923578	0	1
chr2	64943268	70083000	1.5358	3026	0.6127	0.6961	DEL	NONE	BAF_WEIGHTED	4876	0.4055	64943268	64943268	0	1
chr2	70083001	70230000	2.0098	3	0.5745	0.6162	NONE	NONE	BAF_WEIGHTED	139	0.4517	70083001	70083001	1	1
chr2	70230001	71500638	1.5761	938	0.6136	0.6947	NONE	DEL	BAF_WEIGHTED	1133	0.4377	70230001	70230001	0	1
chr2	71500639	71500677	0.9156	0	0	1	DEL	DEL	STRUCTURAL_VARIANT	0	0	71500639	71500639	0	1
chr2	71500678	80385116	1.4479	4766	0.6075	0.6919	DEL	DUP	BAF_WEIGHTED	8195	0.3961	71500678	71500678	0	1
chr2	80385117	80385731	1.8301	0	0	0.7563	DUP	DEL	STRUCTURAL_VARIANT	0	0	80385117	80385117	0	1
chr2	80385732	84875000	1.3429	3313	0.6063	0.6971	DEL	NONE	BAF_WEIGHTED	4268	0.364	80385732	80385732	0	1
chr2	84875001	85048000	1.7364	39	0.5833	0.6373	NONE	NONE	BAF_WEIGHTED	165	0.4404	84875001	84875001	1	1
chr2	85048001	85333000	2.1935	170	0.5495	0.5441	NONE	NONE	BAF_WEIGHTED	274	0.4575	85048001	85048001	1	1
chr2	85333001	93139350	1.5857	1351	0.6098	0.6877	NONE	CENTROMERE	BAF_WEIGHTED	2295	0.4393	85333001	85333001	0	1
chr2	93139351	101839598	1.5859	2574	0.6043	0.6782	CENTROMERE	DEL	BAF_WEIGHTED	5360	0.4427	93139351	93139351	1	1
chr2	101839599	101839675	0.7902	0	0	1	DEL	DEL	STRUCTURAL_VARIANT	0	0	101839599	101839599	0	1
chr2	101839676	102942243	1.6105	848	0.6079	0.6838	DEL	DUP	BAF_WEIGHTED	1061	0.4064	101839676	101839676	1	1
chr2	102942244	102942249	1.1231	0	0	0.5743	DUP	DEL	STRUCTURAL_VARIANT	0	0	102942244	102942244	0	1
chr2	102942250	114466871	1.5024	4738	0.6044	0.6818	DEL	DEL	BAF_WEIGHTED	8934	0.4117	102942250	102942250	0	1
chr2	114466872	114466915	0.5899	0	0	1	DEL	DEL	STRUCTURAL_VARIANT	0	0	114466872	114466872	0	1
chr2	114466916	115957890	1.3313	840	0.6128	0.7092	DEL	INV	BAF_WEIGHTED	1429	0.365	114466916	114466916	0	1
chr2	115957891	115957917	0.3706	0	0	1	INV	INV	STRUCTURAL_VARIANT	0	0	115957891	115957891	0	0
chr2	115957918	116610196	1.2984	640	0.6066	0.699	INV	DEL	BAF_WEIGHTED	600	0.3623	115957918	115957918	0	1
chr2	116610197	116610235	0.9467	0	0	1	DEL	DEL	STRUCTURAL_VARIANT	0	0	116610197	116610197	0	1
chr2	116610236	118131643	1.3602	945	0.6094	0.699	DEL	DEL	BAF_WEIGHTED	1380	0.3834	116610236	116610236	0	1
chr2	118131644	118132223	0.636	0	0	1	DEL	DEL	STRUCTURAL_VARIANT	0	0	118131644	118131644	0	1
chr2	118132224	129583291	1.4636	6665	0.6106	0.6978	DEL	DEL	BAF_WEIGHTED	10823	0.4195	118132224	118132224	0	1
chr2	129583292	129583324	0.3904	0	0	1	DEL	DEL	STRUCTURAL_VARIANT	0	0	129583292	129583292	0	0
chr2	129583325	140334363	1.4573	5688	0.6123	0.7	DEL	DUP	BAF_WEIGHTED	8502	0.3985	129583325	129583325	0	1
chr2	140334364	140499398	2.2868	161	0.7173	0.8243	DUP	DUP	BAF_WEIGHTED	157	0.34	140334364	140334364	0	2
chr2	140499399	141959226	1.2954	1486	0.6129	0.7109	DUP	BND	BAF_WEIGHTED	1423	0.3485	140499399	140499399	0	1
chr2	141959227	148939049	2.0081	2338	0.5572	0.5144	BND	INV	BAF_WEIGHTED	6656	0.3663	141959227	141959227	1	1
chr2	148939050	148939096	1.0825	0	0	0.9008	INV	INV	STRUCTURAL_VARIANT	0	0	148939050	148939050	0	1
chr2	148939097	149621870	2.0454	278	0.5556	0.5111	INV	DEL	BAF_WEIGHTED	646	0.4007	148939097	148939097	1	1
chr2	149621871	149621905	1.3876	0	0	0.7201	DEL	DEL	STRUCTURAL_VARIANT	0	0	149621871	149621871	0	1
chr2	149621906	150781490	2.112	528	0.5492	0.5269	DEL	DEL	BAF_WEIGHTED	1080	0.377	149621906	149621906	1	1
chr2	150781491	150782435	0.4829	0	0	1	DEL	DEL	STRUCTURAL_VARIANT	0	0	150781491	150781491	0	0
chr2	150782436	151446078	2.0697	322	0.5495	0.5168	DEL	DEL	BAF_WEIGHTED	646	0.3923	150782436	150782436	1	1
chr2	151446079	151447889	1.047	0	0	0.9522	DEL	DEL	STRUCTURAL_VARIANT	0	0	151446079	151446079	0	1
chr2	151447890	153197126	2.1399	864	0.5551	0.5341	DEL	DUP	BAF_WEIGHTED	1642	0.3921	151447890	151447890	1	1
chr2	153197127	154021793	2.897	568	0.623	0.6708	DUP	DUP	BAF_WEIGHTED	763	0.3661	153197127	153197127	1	2
chr2	154021794	156177616	1.9167	1142	0.5562	0.5245	DUP	DEL	BAF_WEIGHTED	2047	0.3475	154021794	154021794	1	1
chr2	156177617	156177648	1.3002	0	0	0.7009	DEL	DEL	STRUCTURAL_VARIANT	0	0	156177617	156177617	0	1
chr2	156177649	158257151	2.1065	516	0.5547	0.5257	DEL	DUP	BAF_WEIGHTED	1945	0.378	156177649	156177649	1	1
chr2	158257152	158262127	3.2509	0	0	0.6927	DUP	DUP	BAF_WEIGHTED	4	0.3852	158257152	158257152	1	2
chr2	158262128	159576142	2.264	463	0.5532	0.5583	DUP	DUP	BAF_WEIGHTED	1193	0.397	158262128	158262128	1	1
chr2	159576143	159594813	3.2378	8	0.6641	0.7211	DUP	DUP	BAF_WEIGHTED	13	0.369	159576143	159576143	1	2
chr2	159594814	163937898	2.1329	2120	0.5541	0.5342	DUP	DEL	BAF_WEIGHTED	4107	0.3692	159594814	159594814	1	1
chr2	163937899	163939039	1.311	1	0.8	1.0574	DEL	DEL	BAF_WEIGHTED	1	0.366	163937899	163937899	0	1
chr2	163939040	171010557	2.0438	3566	0.5546	0.5235	DEL	DUP	BAF_WEIGHTED	6675	0.3771	163939040	163939040	1	1
chr2	171010558	171039785	3.4655	1	0.5789	0.6045	DUP	DUP	BAF_WEIGHTED	28	0.3636	171010558	171010558	1	2
chr2	171039786	172339224	2.1982	650	0.5474	0.5451	DUP	DUP	BAF_WEIGHTED	1230	0.4045	171039786	171039786	1	1
chr2	172339225	172345428	3.5727	1	0.6506	0.698	DUP	DUP	BAF_WEIGHTED	5	0.4266	172339225	172339225	1	2
chr2	172345429	174544327	2.1785	1537	0.5536	0.541	DUP	INV	BAF_WEIGHTED	2098	0.4057	172345429	172345429	1	1
chr2	174544328	174554603	3.4121	0	0	0.7205	INV	INV	BAF_WEIGHTED	8	0.4452	174544328	174544328	1	2
chr2	174554604	177187710	2.0097	1763	0.5545	0.5255	INV	DUP	BAF_WEIGHTED	2470	0.3966	174554604	174554604	1	1
chr2	177187711	178261070	3.199	567	0.623	0.6665	DUP	DUP	BAF_WEIGHTED	1014	0.3907	177187711	177187711	1	2
chr2	178261071	179116333	2.0267	285	0.5529	0.5063	DUP	DEL	BAF_WEIGHTED	789	0.3809	178261071	178261071	1	1
chr2	179116334	179268597	1.1794	33	0.7565	1.0027	DEL	DEL	BAF_WEIGHTED	126	0.3658	179116334	179116334	0	1
chr2	179268598	187005238	2.0018	3978	0.5552	0.5242	DEL	DEL	BAF_WEIGHTED	7276	0.3594	179268598	179268598	1	1
chr2	187005239	187005272	1.4794	0	0	0.6439	DEL	DEL	STRUCTURAL_VARIANT	0	0	187005239	187005239	1	1
chr2	187005273	190773445	2.0437	2162	0.5556	0.5218	DEL	INV	BAF_WEIGHTED	3576	0.3628	187005273	187005273	1	1
chr2	190773446	190959335	3.4499	99	0.6167	0.6548	INV	INV	BAF_WEIGHTED	174	0.3776	190773446	190773446	1	2
chr2	190959336	190959338	2.5277	0	0	0.6329	INV	INV	STRUCTURAL_VARIANT	0	0	190959336	190959336	1	2
chr2	190959339	190959439	3.1635	0	0	0.7067	INV	SGL	STRUCTURAL_VARIANT	0	0	190959339	190959339	1	2
chr2	190959440	190959453	2.0703	0	0	0.5518	SGL	INV	STRUCTURAL_VARIANT	0	0	190959440	190959440	1	1
chr2	190959454	190959578	2.6049	0	0	0.6438	INV	DUP	STRUCTURAL_VARIANT	0	0	190959454	190959454	1	2
chr2	190959579	190959581	2.9058	0	0	0.6807	DUP	INV	STRUCTURAL_VARIANT	0	0	190959579	190959579	1	2
chr2	190959582	197066582	1.9836	1820	0.5543	0.5322	INV	DUP	BAF_WEIGHTED	5691	0.3615	190959582	190959582	1	1
chr2	197066583	197892874	3.2833	381	0.6216	0.6633	DUP	DUP	BAF_WEIGHTED	747	0.4026	197066583	197066583	1	2
chr2	197892875	199192751	1.9118	627	0.56	0.5232	DUP	INV	BAF_WEIGHTED	1237	0.366	197892875	197892875	1	1
chr2	199192752	199193019	2.4994	0	0	0.6098	INV	DUP	STRUCTURAL_VARIANT	0	0	199192752	199192752	1	2
chr2	199193020	201285527	2.1067	851	0.5539	0.5371	DUP	DUP	BAF_WEIGHTED	1992	0.4022	199193020	199193020	1	1
chr2	201285528	201349120	3.025	57	0.6324	0.6816	DUP	DUP	BAF_WEIGHTED	50	0.4011	201285528	201285528	1	2
chr2	201349121	202289910	2.1675	414	0.5532	0.5386	DUP	INV	BAF_WEIGHTED	896	0.4144	201349121	201349121	1	1
chr2	202289911	202296794	2.9605	1	0.6981	0.7734	INV	INV	BAF_WEIGHTED	6	0.3953	202289911	202289911	1	2
chr2	202296795	215408270	2.0332	6523	0.5565	0.5287	INV	DEL	BAF_WEIGHTED	12422	0.3806	202296795	202296795	1	1
chr2	215408271	215408341	1.0898	0	0	0.8792	DEL	DEL	STRUCTURAL_VARIANT	0	0	215408271	215408271	0	1
chr2	215408342	217639303	2.1521	1117	0.55	0.5353	DEL	DUP	BAF_WEIGHTED	2175	0.4217	215408342	215408342	1	1
chr2	217639304	218348780	3.2924	327	0.6248	0.6679	DUP	DUP	BAF_WEIGHTED	647	0.4854	217639304	217639304	1	2
chr2	218348781	218409529	2.327	0	0	0.573	DUP	DEL	BAF_WEIGHTED	51	0.5301	218348781	218348781	1	1
chr2	218409530	218412252	1.0931	0	0	0.9091	DEL	DEL	BAF_WEIGHTED	2	0.447	218409530	218409530	0	1
chr2	218412253	225403719	2.1074	2940	0.5512	0.5285	DEL	DUP	BAF_WEIGHTED	6658	0.4119	218412253	218412253	1	1
chr2	225403720	225416658	2.8823	0	0	0.6553	DUP	DUP	BAF_WEIGHTED	12	0.3505	225403720	225403720	1	2
chr2	225416659	226357930	1.9324	511	0.5493	0.5175	DUP	DUP	BAF_WEIGHTED	903	0.3709	225416659	225416659	1	1
chr2	226357931	227387003	3.1222	847	0.625	0.67	DUP	DUP	BAF_WEIGHTED	993	0.3981	226357931	226357931	1	2
chr2	227387004	230769597	2.0556	2654	0.5568	0.5242	DUP	BND	BAF_WEIGHTED	3185	0.4	227387004	227387004	1	1
chr2	230769598	231095049	1.4004	198	0.6312	0.7387	BND	DEL	BAF_WEIGHTED	310	0.4636	230769598	230769598	0	1
chr2	231095050	231095087	0.825	0	0	1	DEL	DEL	STRUCTURAL_VARIANT	0	0	231095050	231095050	0	1
chr2	231095088	236875333	1.4192	3784	0.6486	0.7667	DEL	DEL	BAF_WEIGHTED	5365	0.4561	231095088	231095088	0	1
chr2	236875334	236875367	0.6281	0	0	1	DEL	DEL	STRUCTURAL_VARIANT	0	0	236875334	236875334	0	1
chr2	236875368	242193529	1.3742	3730	0.6427	0.7606	DEL	TELOMERE	BAF_WEIGHTED	4390	0.4909	236875368	236875368	0	1
chr3	1	1798179	2.812	1614	0.609	0.6526	TELOMERE	DEL	BAF_WEIGHTED	1599	0.365	1	1	1	2
chr3	1798180	1799650	1.9287	0	0	0.5066	DEL	DEL	STRUCTURAL_VARIANT	0	0	1798180	1798180	1	1
chr3	1799651	2775350	2.7596	1059	0.6147	0.6615	DEL	DUP	BAF_WEIGHTED	927	0.3731	1799651	1799651	1	2
chr3	2775351	3066988	4.7486	221	0.75	0.8092	DUP	DUP	BAF_WEIGHTED	284	0.3914	2775351	2775351	1	4
chr3	3066989	3331212	2.9006	242	0.6131	0.657	DUP	DEL	BAF_WEIGHTED	262	0.4012	3066989	3066989	1	2
chr3	3331213	3331248	2.0022	0	0	0.5014	DEL	DEL	STRUCTURAL_VARIANT	0	0	3331213	3331213	1	1
chr3	3331249	9877808	2.9623	4687	0.6164	0.6611	DEL	DUP	BAF_WEIGHTED	6124	0.4046	3331249	3331249	1	2
chr3	9877809	10738747	5.0205	697	0.7353	0.788	DUP	DUP	BAF_WEIGHTED	792	0.4841	9877809	9877809	1	4
chr3	10738748	12600323	3.0833	1290	0.6092	0.6496	DUP	INV	BAF_WEIGHTED	1767	0.4395	10738748	10738748	1	2
chr3	12600324	15732207	2.08	2174	0.5536	0.5301	INV	DUP	BAF_WEIGHTED	2899	0.4756	12600324	12600324	1	1
chr3	15732208	15849105	3.2905	3	0.6301	0.6746	DUP	DUP	BAF_WEIGHTED	111	0.3604	15732208	15732208	1	2
chr3	15849106	17172352	2.0585	801	0.56	0.5142	DUP	DUP	BAF_WEIGHTED	1260	0.4141	15849106	15849106	1	1
chr3	17172353	17180517	2.9216	1	0.7778	0.8848	DUP	DUP	BAF_WEIGHTED	6	0.4168	17172353	17172353	0	3
chr3	17180518	19179359	2.0062	797	0.5571	0.5203	DUP	DUP	BAF_WEIGHTED	1873	0.3719	17180518	17180518	1	1
chr3	19179360	19187860	2.7495	0	0	0.6598	DUP	DUP	BAF_WEIGHTED	7	0.33	19179360	19179360	1	2
chr3	19187861	27632190	1.9799	5110	0.554	0.5275	DUP	DEL	BAF_WEIGHTED	7845	0.3796	19187861	19187861	1	1
chr3	27632191	27670429	1.2337	7	0.7111	0.9036	DEL	DEL	BAF_WEIGHTED	33	0.4191	27632191	27632191	0	1
chr3	27670430	33367000	2.0804	3168	0.5553	0.5202	DEL	NONE	BAF_WEIGHTED	5459	0.3916	27670430	27670430	1	1
chr3	33367001	36246427	3.1236	1153	0.6325	0.6801	NONE	DEL	BAF_WEIGHTED	2661	0.3737	33367001	33367001	1	2
chr3	36246428	37056868	1.0944	304	0.7194	0.945	DEL	DUP	BAF_WEIGHTED	770	0.4065	36246428	36246428	0	1
chr3	37056869	37981007	2.2363	346	0.8218	0.9836	DUP	DEL	BAF_WEIGHTED	881	0.4247	37056869	37056869	0	2
chr3	37981008	37981266	1.0959	0	0	0.9853	DEL	DEL	STRUCTURAL_VARIANT	0	0	37981008	37981008	0	1
chr3	37981267	42390837	2.0846	1869	0.8174	0.9923	DEL	DUP	BAF_WEIGHTED	4061	0.4219	37981267	37981267	0	2
chr3	42390838	45858064	1.1223	1247	0.7402	0.9773	DUP	INV	BAF_WEIGHTED	3278	0.4344	42390838	42390838	0	1
chr3	45858065	45858066	0.6229	0	0	1	INV	INV	STRUCTURAL_VARIANT	0	0	45858065	45858065	0	1
chr3	45858067	45858106	1.1219	0	0	0.9684	INV	INV	STRUCTURAL_VARIANT	0	0	45858067	45858067	0	1
chr3	45858107	45858517	0.4124	0	0	1	INV	INV	STRUCTURAL_VARIANT	0	0	45858107	45858107	0	0
chr3	45858518	52691151	1.122	1644	0.7359	0.9684	INV	DUP	BAF_WEIGHTED	6188	0.4725	45858518	45858518	0	1
chr3	52691152	53473167	2.2252	533	0.8202	0.9816	DUP	DUP	BAF_WEIGHTED	734	0.4609	52691152	52691152	0	2
chr3	53473168	67207531	1.065	8604	0.7361	0.9872	DUP	DUP	BAF_WEIGHTED	13109	0.4083	53473168	53473168	0	1
chr3	67207532	67434494	1.6298	161	0.814	1.0291	DUP	DUP	BAF_WEIGHTED	205	0.3906	67207532	67207532	0	2
chr3	67434495	72540442	1.0898	2760	0.7339	0.9687	DUP	DUP	BAF_WEIGHTED	4894	0.3997	67434495	67434495	0	1
chr3	72540443	72716831	2.181	51	0.8269	0.9955	DUP	DUP	BAF_WEIGHTED	168	0.4597	72540443	72540443	0	2
chr3	72716832	76363700	1.0245	2265	0.7364	0.9932	DUP	DEL	BAF_WEIGHTED	2821	0.3846	72716832	72716832	0	1
chr3	76363701	80011025	3.0766	1651	0.6342	0.684	DEL	INV	BAF_WEIGHTED	3478	0.3551	76363701	76363701	1	2
chr3	80011026	80015959	2.1843	0	0	0.5901	INV	INV	NON_DIPLOID	1	0.236	80011026	80011026	1	1
chr3	80015960	92214015	2.2193	5747	0.5723	0.5966	INV	CENTROMERE	BAF_WEIGHTED	9757	0.3498	80015960	80015960	1	1
chr3	92214016	96479734	1.8392	1872	0.5557	0.5522	CENTROMERE	DEL	BAF_WEIGHTED	2472	0.3526	92214016	92214016	1	1
chr3	96479735	96501454	0.896	7	0.7143	1	DEL	DEL	BAF_WEIGHTED	19	0.3561	96479735	96479735	0	1
chr3	96501455	99874456	2.0073	1910	0.5532	0.5181	DEL	BND	BAF_WEIGHTED	3085	0.3664	96501455	96501455	1	1
chr3	99874457	99874458	2.8016	0	0	0.6548	BND	BND	STRUCTURAL_VARIANT	0	0	99874457	99874457	1	2
chr3	99874459	99966193	2.2147	40	0.5465	0.5485	BND	DUP	BAF_WEIGHTED	91	0.3859	99874459	99874459	1	1
chr3	99966194	99977313	3.2352	9	0.631	0.6766	DUP	DUP	BAF_WEIGHTED	10	0.3997	99966194	99966194	1	2
chr3	99977314	107931000	2.0232	4281	0.5558	0.5303	DUP	NONE	BAF_WEIGHTED	7539	0.3671	99977314	99977314	1	1
chr3	107931001	108134000	2.4302	97	0.55	0.5885	NONE	NONE	BAF_WEIGHTED	198	0.4074	107931001	107931001	1	1
chr3	108134001	110411166	1.9318	1310	0.5532	0.5364	NONE	DEL	BAF_WEIGHTED	2125	0.3749	108134001	108134001	1	1
chr3	110411167	110414685	0.987	0	0	1	DEL	DEL	BAF_WEIGHTED	2	0.3565	110411167	110411167	0	1
chr3	110414686	114053951	2.0577	1917	0.5557	0.5254	DEL	DUP	BAF_WEIGHTED	3413	0.3848	110414686	110414686	1	1
chr3	114053952	114066727	3.6128	7	0.6081	0.6418	DUP	DUP	BAF_WEIGHTED	12	0.3983	114053952	114053952	1	2
chr3	114066728	114088944	2.0934	18	0.5428	0.5223	DUP	DEL	BAF_WEIGHTED	21	0.4031	114066728	114066728	1	1
chr3	114088945	114088978	1.638	0	0	0.5598	DEL	DEL	STRUCTURAL_VARIANT	0	0	114088945	114088945	1	1
chr3	114088979	122075895	1.9994	3264	0.5524	0.5414	DEL	INV	BAF_WEIGHTED	7513	0.3806	114088979	114088979	1	1
chr3	122075896	133489326	1.0896	5548	0.7383	0.9857	INV	SGL	BAF_WEIGHTED	10074	0.434	122075896	122075896	0	1
chr3	133489327	143833060	2.9157	5109	0.8547	0.9932	SGL	DEL	BAF_WEIGHTED	9643	0.4151	133489327	133489327	0	3
chr3	143833061	143834382	2.2217	0	0	0.9911	DEL	DEL	STRUCTURAL_VARIANT	0	0	143833061	143833061	0	2
chr3	143834383	146536526	2.8449	2015	0.8581	1.0004	DEL	DEL	BAF_WEIGHTED	2544	0.3549	143834383	143834383	0	3
chr3	146536527	146538169	2.2085	1	0.9091	1.1175	DEL	DEL	BAF_WEIGHTED	1	0.411	146536527	146536527	0	2
chr3	146538170	149339993	2.8579	1582	0.8588	1.0003	DEL	DUP	BAF_WEIGHTED	2629	0.3621	146538170	146538170	0	3
chr3	149339994	149426372	5.5262	60	0.9083	0.9915	DUP	DUP	BAF_WEIGHTED	84	0.3888	149339994	149339994	0	5
chr3	149426373	150624330	3.2029	583	0.86	0.9864	DUP	DUP	BAF_WEIGHTED	1146	0.392	149426373	149426373	0	3
chr3	150624331	150629071	4.3723	3	0.8983	1.0008	DUP	DUP	BAF_WEIGHTED	3	0.3683	150624331	150624331	0	4
chr3	150629072	155208754	2.9457	1981	0.8539	0.9886	DUP	SGL	BAF_WEIGHTED	4302	0.3765	150629072	150629072	0	3
chr3	155208755	155789861	4.1303	275	0.8933	1.0004	SGL	DEL	BAF_WEIGHTED	545	0.3929	155208755	155208755	0	4
chr3	155789862	155789922	3.304	0	0	0.9997	DEL	DEL	STRUCTURAL_VARIANT	0	0	155789862	155789862	0	3
chr3	155789923	174860316	3.9961	10857	0.8894	0.9997	DEL	DEL	BAF_WEIGHTED	17884	0.372	155789923	155789923	0	4
chr3	174860317	174860361	1.21	0	0	0.9991	DEL	DEL	STRUCTURAL_VARIANT	0	0	174860317	174860317	0	1
chr3	174860362	175670387	4.018	725	0.8913	1.0009	DEL	DEL	BAF_WEIGHTED	774	0.3488	174860362	174860362	0	4
chr3	175670388	175670424	3.8347	0	0	1.0013	DEL	DEL	STRUCTURAL_VARIANT	0	0	175670388	175670388	0	4
chr3	175670425	183438726	4.1341	3223	0.8928	1.0012	DEL	DEL	BAF_WEIGHTED	7316	0.3832	175670425	175670425	0	4
chr3	183438727	184580855	1.1682	878	0.7419	0.9749	DEL	DEL	BAF_WEIGHTED	1074	0.4632	183438727	183438727	0	1
chr3	184580856	187130677	4.2479	1420	0.8896	0.994	DEL	BND	BAF_WEIGHTED	2436	0.4292	184580856	184580856	0	4
chr3	187130678	189754091	4.8814	1465	0.8996	0.9926	BND	DUP	BAF_WEIGHTED	2512	0.3986	187130678	187130678	0	5
chr3	189754092	189785700	10.3094	8	0.9446	0.9931	DUP	DUP	BAF_WEIGHTED	30	0.3779	189754092	189754092	0	10
chr3	189785701	193975378	4.6776	3007	0.902	0.9997	DUP	DEL	BAF_WEIGHTED	3974	0.3798	189785701	189785701	0	5
chr3	193975379	193975419	1.7801	0	0	0.9993	DEL	DEL	STRUCTURAL_VARIANT	0	0	193975379	193975379	0	2
chr3	193975420	195643187	5.89	1493	0.915	0.9944	DEL	DUP	BAF_WEIGHTED	1537	0.4566	193975420	193975420	0	6
chr3	195643188	195863274	6.9717	160	0.9249	0.9937	DUP	DUP	BAF_WEIGHTED	105	0.5091	195643188	195643188	0	7
chr3	195863275	198295559	6.0283	1173	0.9181	0.9962	DUP	TELOMERE	BAF_WEIGHTED	1930	0.4407	195863275	195863275	0	6
chr4	1	2015530	1.0209	1272	0.7296	0.9822	TELOMERE	DUP	BAF_WEIGHTED	1334	0.5141	1	1	0	1
chr4	2015531	2469110	1.9602	417	0.8095	0.987	DUP	DUP	BAF_WEIGHTED	350	0.5038	2015531	2015531	0	2
chr4	2469111	15791500	0.9747	11861	0.7251	0.9903	DUP	NONE	BAF_WEIGHTED	10969	0.4445	2469111	2469111	0	1
chr4	15791501	15817235	0.4158	4	0.6882	1	NONE	DEL	BAF_WEIGHTED	23	0.3733	15790001	15793001	0	0
chr4	15817236	15831521	0.2449	1	0.7143	1	DEL	DEL	BAF_WEIGHTED	13	0.3791	15817236	15817236	0	0
chr4	15831522	24273803	0.9246	4762	0.7297	0.9998	DEL	DUP	BAF_WEIGHTED	8006	0.3831	15831522	15831522	0	1
chr4	24273804	24279785	1.6007	1	0.7949	1.0022	DUP	DUP	BAF_WEIGHTED	5	0.4102	24273804	24273804	0	2
chr4	24279786	25266421	1.061	650	0.7341	0.9794	DUP	DEL	BAF_WEIGHTED	941	0.4201	24279786	24279786	0	1
chr4	25266422	25266463	0.3682	0	0	1	DEL	DEL	STRUCTURAL_VARIANT	0	0	25266422	25266422	0	0
chr4	25266464	37732178	1.0461	6666	0.6885	0.8973	DEL	DUP	BAF_WEIGHTED	11914	0.3636	25266464	25266464	0	1
chr4	37732179	38276937	2.5029	440	0.7458	0.8559	DUP	DEL	BAF_WEIGHTED	525	0.4258	37732179	37732179	0	2
chr4	38276938	38276980	0.8425	0	0	1	DEL	DEL	STRUCTURAL_VARIANT	0	0	38276938	38276938	0	1
chr4	38276981	38490426	2.3999	237	0.7538	0.8728	DEL	DUP	BAF_WEIGHTED	193	0.4118	38276981	38276981	0	2
chr4	38490427	40668503	1.3985	1395	0.6468	0.7649	DUP	BND	BAF_WEIGHTED	2115	0.418	38490427	38490427	0	1
chr4	40668504	41530791	1.2939	395	0.6765	0.83	BND	DEL	BAF_WEIGHTED	822	0.4179	40668504	40668504	0	1
chr4	41530792	41530842	0.5724	0	0	1	DEL	DEL	STRUCTURAL_VARIANT	0	0	41530792	41530792	0	1
chr4	41530843	50726025	1.058	3379	0.676	0.9337	DEL	CENTROMERE	BAF_WEIGHTED	7121	0.3705	41530843	41530843	0	1
chr4	50726026	54718418	2.0744	1471	0.5529	0.5215	CENTROMERE	DEL	BAF_WEIGHTED	2581	0.4065	50726026	50726026	1	1
chr4	54718419	54718456	1.2907	0	0	0.7691	DEL	DEL	STRUCTURAL_VARIANT	0	0	54718419	54718419	0	1
chr4	54718457	55325315	1.9576	261	0.5556	0.5108	DEL	DEL	BAF_WEIGHTED	552	0.3977	54718457	54718457	1	1
chr4	55325316	55325349	1.1444	0	0	0.8669	DEL	DEL	STRUCTURAL_VARIANT	0	0	55325316	55325316	0	1
chr4	55325350	56126392	1.9921	571	0.5536	0.502	DEL	DEL	BAF_WEIGHTED	761	0.3907	55325350	55325350	1	1
chr4	56126393	56126514	0.944	0	0	1	DEL	DEL	STRUCTURAL_VARIANT	0	0	56126393	56126393	0	1
chr4	56126515	58547129	1.8938	2057	0.5555	0.5508	DEL	DEL	BAF_WEIGHTED	2216	0.3934	56126515	56126515	1	1
chr4	58547130	58547164	0.8905	0	0	1	DEL	DEL	STRUCTURAL_VARIANT	0	0	58547130	58547130	0	1
chr4	58547165	63073734	1.7618	2401	0.5581	0.5686	DEL	DUP	BAF_WEIGHTED	4176	0.3473	58547165	58547165	1	1
chr4	63073735	63084976	2.7333	16	0.6292	0.6824	DUP	DUP	BAF_WEIGHTED	10	0.3753	63073735	63073735	1	2
chr4	63084977	68912936	1.8289	3861	0.5547	0.5512	DUP	DEL	BAF_WEIGHTED	5306	0.3513	63084977	63084977	1	1
chr4	68912937	68912971	1.2499	0	0	0.6567	DEL	DEL	STRUCTURAL_VARIANT	0	0	68912937	68912937	0	1
chr4	68912972	70138175	1.9201	1430	0.5576	0.5384	DEL	DUP	BAF_WEIGHTED	894	0.3508	68912972	68912972	1	1
chr4	70138176	70323459	3.2391	25	0.6029	0.6386	DUP	DUP	BAF_WEIGHTED	170	0.3465	70138176	70138176	1	2
chr4	70323460	83775842	2.0046	6456	0.5555	0.5218	DUP	DUP	BAF_WEIGHTED	12489	0.3851	70323460	70323460	1	1
chr4	83775843	83783479	3.0005	4	0.5716	0.5984	DUP	DUP	BAF_WEIGHTED	7	0.4	83775843	83775843	1	2
chr4	83783480	87078102	2.001	1604	0.5553	0.5208	DUP	DEL	BAF_WEIGHTED	3051	0.3758	83783480	83783480	1	1
chr4	87078103	87078210	1.1634	0	0	0.8242	DEL	DEL	STRUCTURAL_VARIANT	0	0	87078103	87078103	0	1
chr4	87078211	87400444	2.07	262	0.551	0.5169	DEL	DEL	BAF_WEIGHTED	305	0.3944	87078211	87078211	1	1
chr4	87400445	87400523	1.1628	0	0	0.86	DEL	DEL	STRUCTURAL_VARIANT	0	0	87400445	87400445	0	1
chr4	87400524	88646000	2.0947	502	0.5476	0.5226	DEL	NONE	BAF_WEIGHTED	1166	0.3975	87400524	87400524	1	1
chr4	88646001	88835000	2.5035	135	0.549	0.5653	NONE	NONE	BAF_WEIGHTED	187	0.3815	88646001	88646001	1	1
chr4	88835001	94283436	1.8727	3577	0.5563	0.5381	NONE	DEL	BAF_WEIGHTED	5029	0.3548	88835001	88835001	1	1
chr4	94283437	94283468	1.2942	0	0	0.6683	DEL	DEL	STRUCTURAL_VARIANT	0	0	94283437	94283437	0	1
chr4	94283469	94405545	1.998	167	0.549	0.5005	DEL	DUP	BAF_WEIGHTED	99	0.3756	94283469	94283469	1	1
chr4	94405546	94494211	3.4093	55	0.6316	0.675	DUP	DUP	BAF_WEIGHTED	88	0.371	94405546	94405546	1	2
chr4	94494212	96231614	1.985	1347	0.555	0.5094	DUP	DEL	BAF_WEIGHTED	1649	0.3662	94494212	94494212	1	1
chr4	96231615	96231713	0.9259	0	0	1	DEL	DEL	STRUCTURAL_VARIANT	0	0	96231615	96231615	0	1
chr4	96231714	99405910	1.8969	1657	0.555	0.5354	DEL	DEL	BAF_WEIGHTED	2913	0.3679	96231714	96231714	1	1
chr4	99405911	99405954	1.0999	0	0	0.8618	DEL	DEL	STRUCTURAL_VARIANT	0	0	99405911	99405911	0	1
chr4	99405955	108408744	1.9953	4382	0.5563	0.5249	DEL	BND	BAF_WEIGHTED	8259	0.369	99405955	99405955	1	1
chr4	108408745	108408751	1.4688	0	0	0.6454	BND	BND	STRUCTURAL_VARIANT	0	0	108408745	108408745	1	1
chr4	108408752	110010696	2.0454	950	0.5579	0.5111	BND	BND	BAF_WEIGHTED	1500	0.3882	108408752	108408752	1	1
chr4	110010697	110020665	3.341	0	0	0.728	BND	BND	BAF_WEIGHTED	9	0.3677	110010697	110010697	1	2
chr4	110020666	127076883	1.943	10499	0.5567	0.5323	BND	DEL	BAF_WEIGHTED	15665	0.3632	110020666	110020666	1	1
chr4	127076884	127107610	1.3631	0	0	0.6667	DEL	DEL	BAF_WEIGHTED	30	0.3796	127076884	127076884	0	1
chr4	127107611	138217237	1.8514	6078	0.5577	0.5529	DEL	DEL	BAF_WEIGHTED	10180	0.3533	127107611	127107611	1	1
chr4	138217238	138217508	1.0488	0	0	0.7893	DEL	DEL	STRUCTURAL_VARIANT	0	0	138217238	138217238	0	1
chr4	138217509	138884000	2.0207	530	0.5556	0.5051	DEL	NONE	BAF_WEIGHTED	630	0.3852	138217509	138217509	1	1
chr4	138884001	139543000	3.2656	391	0.6333	0.6792	NONE	NONE	BAF_WEIGHTED	625	0.4101	138881001	138887001	1	2
chr4	139543001	140638909	2.1604	579	0.5561	0.5403	NONE	DEL	BAF_WEIGHTED	1044	0.41	139543001	139543001	1	1
chr4	140638910	140638964	1.3707	0	0	0.6978	DEL	DEL	STRUCTURAL_VARIANT	0	0	140638910	140638910	0	1
chr4	140638965	145621630	1.9877	2234	0.5562	0.5188	DEL	DEL	BAF_WEIGHTED	4277	0.3757	140638965	140638965	1	1
chr4	145621631	145621665	1.2012	0	0	0.7962	DEL	DEL	STRUCTURAL_VARIANT	0	0	145621631	145621631	0	1
chr4	145621666	148410098	2.0451	843	0.5533	0.5218	DEL	DUP	BAF_WEIGHTED	2616	0.3892	145621666	145621666	1	1
chr4	148410099	148415070	2.8307	0	0	0.6546	DUP	DUP	BAF_WEIGHTED	4	0.3465	148410099	148410099	1	2
chr4	148415071	150783294	1.9802	384	0.5541	0.5215	DUP	DUP	BAF_WEIGHTED	2219	0.3689	148415071	148415071	1	1
chr4	150783295	151047053	3.1327	3	0.5974	0.6324	DUP	DUP	BAF_WEIGHTED	247	0.3766	150783295	150783295	1	2
chr4	151047054	151813596	2.1007	596	0.5556	0.524	DUP	BND	BAF_WEIGHTED	732	0.4076	151047054	151047054	1	1
chr4	151813597	151814966	3.0991	0	0	0.6767	BND	BND	STRUCTURAL_VARIANT	0	0	151813597	151813597	1	2
chr4	151814967	159444167	2.0843	4221	0.5548	0.5193	BND	DEL	BAF_WEIGHTED	7266	0.3822	151814967	151814967	1	1
chr4	159444168	159444202	1.3211	0	0	0.6266	DEL	DEL	STRUCTURAL_VARIANT	0	0	159444168	159444168	0	1
chr4	159444203	168096597	1.8342	4626	0.5564	0.5487	DEL	DUP	BAF_WEIGHTED	7996	0.3581	159444203	159444203	1	1
chr4	168096598	168799979	3.1666	453	0.6167	0.6582	DUP	DUP	BAF_WEIGHTED	682	0.3828	168096598	168096598	1	2
chr4	168799980	169279000	2.2936	385	0.5494	0.5646	DUP	NONE	BAF_WEIGHTED	468	0.4042	168799980	168799980	1	1
chr4	169279001	173726666	1.9193	1654	0.5572	0.5462	NONE	BND	BAF_WEIGHTED	4157	0.3706	169279001	169279001	1	1
chr4	173726667	179770000	1.3106	3082	0.6077	0.7009	BND	NONE	BAF_WEIGHTED	5768	0.36	173726667	173726667	0	1
chr4	179770001	190214555	0.9782	7599	0.7307	0.9918	NONE	TELOMERE	BAF_WEIGHTED	9381	0.3994	179770001	179770001	0	1
chr5	1	741285	1.0762	832	0.7368	0.9843	TELOMERE	INV	BAF_WEIGHTED	389	0.5238	1	1	0	1
chr5	741286	743619	1.6172	0	0	0.6551	INV	DUP	STRUCTURAL_VARIANT	0	0	741286	741286	1	1
chr5	743620	1045355	2.2992	111	0.6153	0.6516	DUP	INV	BAF_WEIGHTED	153	0.5292	743620	743620	1	1
chr5	1045356	1046510	2.7915	0	0	0.6946	INV	DUP	STRUCTURAL_VARIANT	0	0	1045356	1045356	1	2
chr5	1046511	16263183	1.8828	10595	0.5547	0.5472	DUP	DEL	BAF_WEIGHTED	14300	0.4153	1046511	1046511	1	1
chr5	16263184	16263228	0.845	0	0	1	DEL	DEL	STRUCTURAL_VARIANT	0	0	16263184	16263184	0	1
chr5	16263229	39913953	1.8843	13268	0.5556	0.5497	DEL	DEL	BAF_WEIGHTED	21289	0.3731	16263229	16263229	1	1
chr5	39913954	39914127	0.9815	0	0	1	DEL	DEL	STRUCTURAL_VARIANT	0	0	39913954	39913954	0	1
chr5	39914128	48272853	1.8765	2828	0.5579	0.5376	DEL	CENTROMERE	BAF_WEIGHTED	5878	0.3742	39914128	39914128	1	1
chr5	48272854	54635164	1.0041	2729	0.7311	0.9834	CENTROMERE	DEL	BAF_WEIGHTED	3894	0.3701	48272854	48272854	0	1
chr5	54635165	54635287	0.0085	0	0	1	DEL	DEL	STRUCTURAL_VARIANT	0	0	54635165	54635165	0	0
chr5	54635288	55758860	1.132	808	0.7273	0.9532	DEL	DEL	BAF_WEIGHTED	1047	0.3999	54635288	54635288	0	1
chr5	55758861	55759499	0.8033	0	0	1	DEL	DEL	STRUCTURAL_VARIANT	0	0	55758861	55758861	0	1
chr5	55759500	56515227	1.1454	444	0.7377	0.9696	DEL	DUP	BAF_WEIGHTED	708	0.4126	55759500	55759500	0	1
chr5	56515228	57083112	2.2415	241	0.8269	0.991	DUP	DUP	BAF_WEIGHTED	545	0.4042	56515228	56515228	0	2
chr5	57083113	64526160	1.0371	3439	0.7343	0.9829	DUP	DUP	BAF_WEIGHTED	6859	0.3826	57083113	57083113	0	1
chr5	64526161	64528978	2.327	1	0.84	1.0044	DUP	DUP	BAF_WEIGHTED	1	0.353	64526161	64526161	0	2
chr5	64528979	64627619	0.9741	77	0.75	1	DUP	DUP	BAF_WEIGHTED	96	0.3835	64528979	64528979	0	1
chr5	64627620	64630478	1.9464	0	0	0.9794	DUP	DUP	BAF_WEIGHTED	2	0.4	64627620	64627620	0	2
chr5	64630479	69415952	1.1133	2455	0.7308	0.964	DUP	DUP	BAF_WEIGHTED	4504	0.3907	64630479	64630479	0	1
chr5	69415953	69429583	2.3028	0	0	0.9826	DUP	DUP	BAF_WEIGHTED	10	0.4185	69415953	69415953	0	2
chr5	69429584	71829626	1.0796	79	0.7045	0.9176	DUP	DUP	BAF_WEIGHTED	449	0.4127	69429584	69429584	0	1
chr5	71829627	71839531	2.2315	2	0.8202	0.9816	DUP	DUP	BAF_WEIGHTED	9	0.4177	71829627	71829627	0	2
chr5	71839532	72845674	1.1058	387	0.7353	0.9747	DUP	BND	BAF_WEIGHTED	965	0.4068	71839532	71839532	0	1
chr5	72845675	72845694	0.2909	0	0	1	BND	BND	STRUCTURAL_VARIANT	0	0	72845675	72845675	0	0
chr5	72845695	80799109	1.107	5683	0.7357	0.9756	BND	DEL	BAF_WEIGHTED	7449	0.4037	72845695	72845695	0	1
chr5	80799110	80799702	0	0	0	1	DEL	DEL	STRUCTURAL_VARIANT	0	0	80799110	80799110	0	0
chr5	80799703	102662726	1.0321	11475	0.736	0.9924	DEL	DEL	BAF_WEIGHTED	20088	0.3644	80799703	80799703	0	1
chr5	102662727	102665203	0.1697	0	0	1	DEL	DEL	BAF_WEIGHTED	2	0.381	102662727	102662727	0	0
chr5	102665204	104436942	1.0324	915	0.7409	0.995	DEL	DEL	BAF_WEIGHTED	1695	0.3605	102665204	102665204	0	1
chr5	104436943	104449315	-0.1402	2	0.5778	1	DEL	DEL	BAF_WEIGHTED	9	0.3294	104436943	104436943	0	0
chr5	104449316	122632175	1.0181	10785	0.7355	0.9891	DEL	DEL	BAF_WEIGHTED	16997	0.3706	104449316	104449316	0	1
chr5	122632176	122632215	0.2636	0	0	1	DEL	DEL	STRUCTURAL_VARIANT	0	0	122632176	122632176	0	0
chr5	122632216	138545808	1.0714	8093	0.7354	0.9865	DEL	DUP	BAF_WEIGHTED	14960	0.4052	122632216	122632216	0	1
chr5	138545809	138697082	2.1963	3	0.82	0.9839	DUP	DUP	BAF_WEIGHTED	140	0.4689	138545809	138545809	0	2
chr5	138697083	151646733	1.0959	5409	0.736	0.9794	DUP	DEL	BAF_WEIGHTED	12202	0.4213	138697083	138697083	0	1
chr5	151646734	151646786	0.1652	0	0	1	DEL	DEL	STRUCTURAL_VARIANT	0	0	151646734	151646734	0	0
chr5	151646787	160429880	1.0151	5311	0.7276	0.9843	DEL	DUP	BAF_WEIGHTED	8297	0.4097	151646787	151646787	0	1
chr5	160429881	160504370	2.3167	22	0.8371	1.0001	DUP	DUP	BAF_WEIGHTED	72	0.4273	160429881	160429881	0	2
chr5	160504371	168480710	0.9421	3320	0.7331	0.9971	DUP	DEL	BAF_WEIGHTED	7570	0.3752	160504371	160504371	0	1
chr5	168480711	168480750	0.3126	0	0	1	DEL	DEL	STRUCTURAL_VARIANT	0	0	168480711	168480711	0	0
chr5	168480751	181538259	1.0475	8142	0.7283	0.9805	DEL	TELOMERE	BAF_WEIGHTED	11139	0.4584	168480751	168480751	0	1
chr6	1	435404	2.0809	95	0.7926	0.9509	TELOMERE	SGL	BAF_WEIGHTED	138	0.4566	1	1	0	2
chr6	435405	8788118	1.2063	5338	0.7062	0.8987	SGL	BND	BAF_WEIGHTED	7884	0.4281	435405	435405	0	1
chr6	8788119	10950391	2.0163	1105	0.5557	0.5291	BND	DUP	BAF_WEIGHTED	2057	0.393	8788119	8788119	1	1
chr6	10950392	12054775	3.1982	668	0.6181	0.6596	DUP	DUP	BAF_WEIGHTED	1053	0.4126	10950392	10950392	1	2
chr6	12054776	13197389	2.0123	813	0.5572	0.5247	DUP	DEL	BAF_WEIGHTED	1104	0.397	12054776	12054776	1	1
chr6	13197390	13197446	1.3044	0	0	0.7666	DEL	DEL	STRUCTURAL_VARIANT	0	0	13197390	13197390	0	1
chr6	13197447	22152434	2.106	4901	0.5548	0.5252	DEL	DUP	BAF_WEIGHTED	8629	0.4127	13197447	13197447	1	1
chr6	22152435	22163964	3.2506	1	0.6522	0.7049	DUP	DUP	BAF_WEIGHTED	10	0.364	22152435	22152435	1	2
chr6	22163965	24758782	2.0049	1843	0.5534	0.5145	DUP	DEL	BAF_WEIGHTED	2439	0.3807	22163965	22163965	1	1
chr6	24758783	24758837	1.0842	0	0	0.9054	DEL	DEL	STRUCTURAL_VARIANT	0	0	24758783	24758783	0	1
chr6	24758838	28939512	2.0618	2329	0.5556	0.5239	DEL	DUP	BAF_WEIGHTED	3685	0.4082	24758838	24758838	1	1
chr6	28939513	28945766	3.7876	5	0.6125	0.6459	DUP	DUP	BAF_WEIGHTED	5	0.4396	28939513	28939513	1	2
chr6	28945767	29583000	1.8275	527	0.5544	0.5606	DUP	NONE	BAF_WEIGHTED	577	0.3895	28945767	28945767	1	1
chr6	29583001	31674149	2.1697	3940	0.5533	0.5398	NONE	DEL	BAF_WEIGHTED	1886	0.4611	29583001	29583001	1	1
chr6	31674150	31674182	1.4211	0	0	0.6938	DEL	DEL	STRUCTURAL_VARIANT	0	0	31674150	31674150	0	1
chr6	31674183	33667408	2.1279	4624	0.5598	0.5367	DEL	DUP	BAF_WEIGHTED	1635	0.4624	31674183	31674183	1	1
chr6	33667409	33674794	3.4312	3	0.5606	0.5829	DUP	DUP	BAF_WEIGHTED	5	0.5808	33667409	33667409	1	2
chr6	33674795	37280736	2.1882	2271	0.5549	0.5417	DUP	DEL	BAF_WEIGHTED	3409	0.4689	33674795	33674795	1	1
chr6	37280737	37280738	1.6359	0	0	0.6131	DEL	DEL	STRUCTURAL_VARIANT	0	0	37280737	37280737	1	1
chr6	37280739	37281807	0.8241	0	0	1	DEL	DEL	STRUCTURAL_VARIANT	0	0	37280739	37280739	0	1
chr6	37281808	37281893	1.2852	0	0	0.7804	DEL	DEL	STRUCTURAL_VARIANT	0	0	37281808	37281808	0	1
chr6	37281894	39966000	2.1136	1689	0.5528	0.5241	DEL	NONE	BAF_WEIGHTED	2593	0.4308	37281894	37281894	1	1
chr6	39966001	40989000	1.732	770	0.5556	0.5774	NONE	NONE	BAF_WEIGHTED	998	0.4524	39966001	39966001	1	1
chr6	40989001	45137792	2.1931	2097	0.5517	0.5423	NONE	DEL	BAF_WEIGHTED	3911	0.4643	40989001	40989001	1	1
chr6	45137793	45141952	0.9995	1	0.75	1	DEL	DEL	BAF_WEIGHTED	3	0.4097	45137793	45137793	0	1
chr6	45141953	59191910	2.0411	6940	0.554	0.5318	DEL	CENTROMERE	BAF_WEIGHTED	11419	0.3783	45141953	45141953	1	1
chr6	59191911	62285874	1.7772	147	0.5629	0.5741	CENTROMERE	DEL	BAF_WEIGHTED	991	0.3547	59191911	59191911	1	1
chr6	62285875	62286368	0.7616	0	0	1	DEL	DEL	STRUCTURAL_VARIANT	0	0	62285875	62285875	0	1
chr6	62286369	63051394	1.8192	531	0.5556	0.5497	DEL	DEL	BAF_WEIGHTED	698	0.3514	62286369	62286369	1	1
chr6	63051395	63051435	1.054	0	0	0.8383	DEL	DEL	STRUCTURAL_VARIANT	0	0	63051395	63051395	0	1
chr6	63051436	72087326	1.9065	6790	0.5577	0.5366	DEL	DEL	BAF_WEIGHTED	8364	0.3562	63051436	63051436	1	1
chr6	72087327	72087438	1.174	0	0	0.7526	DEL	DEL	STRUCTURAL_VARIANT	0	0	72087327	72087327	0	1
chr6	72087439	79868520	2.0339	3247	0.5541	0.5281	DEL	DUP	BAF_WEIGHTED	6989	0.372	72087439	72087439	1	1
chr6	79868521	79898384	3.1787	47	0.6154	0.6562	DUP	DUP	BAF_WEIGHTED	28	0.3814	79868521	79868521	1	2
chr6	79898385	81940167	2.031	1628	0.5555	0.502	DUP	DEL	BAF_WEIGHTED	1830	0.3594	79898385	79898385	1	1
chr6	81940168	81944750	1.49	0	0	0.6291	DEL	DEL	BAF_WEIGHTED	2	0.3625	81940168	81940168	1	1
chr6	81944751	95263136	2	6049	0.5545	0.5313	DEL	DEL	BAF_WEIGHTED	12298	0.3759	81944751	81944751	1	1
chr6	95263137	95263208	1.1465	0	0	0.9264	DEL	DEL	STRUCTURAL_VARIANT	0	0	95263137	95263137	0	1
chr6	95263209	107187782	2.0016	6921	0.5557	0.5306	DEL	BND	BAF_WEIGHTED	11180	0.3693	95263209	95263209	1	1
chr6	107187783	108541000	1.1135	592	0.7271	0.9562	BND	NONE	BAF_WEIGHTED	1277	0.4128	107187783	107187783	0	1
chr6	108541001	109047000	2.3171	86	0.8319	0.993	NONE	NONE	BAF_WEIGHTED	480	0.42	108541001	108541001	0	2
chr6	109047001	114332087	1.0854	2443	0.7334	0.974	NONE	BND	BAF_WEIGHTED	4983	0.3941	109046001	109048001	0	1
chr6	114332088	114333093	0.1034	0	0	1	BND	BND	STRUCTURAL_VARIANT	0	0	114332088	114332088	0	0
chr6	114333094	128548486	1.0265	6789	0.7361	0.9928	BND	DEL	BAF_WEIGHTED	13319	0.3672	114333094	114333094	0	1
chr6	128548487	128548550	0.5207	0	0	1	DEL	DEL	STRUCTURAL_VARIANT	0	0	128548487	128548487	0	1
chr6	128548551	132515899	1.0893	2380	0.7333	0.9742	DEL	DUP	BAF_WEIGHTED	3732	0.3766	128548551	128548551	0	1
chr6	132515900	133281440	2.0772	440	0.8257	1.0025	DUP	DUP	BAF_WEIGHTED	727	0.379	132515900	132515900	0	2
chr6	133281441	142754469	1.1037	4171	0.7381	0.9768	DUP	DUP	BAF_WEIGHTED	9083	0.3848	133281441	133281441	0	1
chr6	142754470	142799509	2.2291	28	0.8311	0.9982	DUP	DUP	BAF_WEIGHTED	44	0.3824	142754470	142754470	0	2
chr6	142799510	157790635	1.097	7340	0.7349	0.9759	DUP	DUP	BAF_WEIGHTED	14335	0.3987	142799510	142799510	0	1
chr6	157790636	157853625	2.385	8	0.861	1.0314	DUP	DUP	BAF_WEIGHTED	59	0.4209	157790636	157790636	0	2
chr6	157853626	159428718	1.1812	1247	0.743	0.9745	DUP	DEL	BAF_WEIGHTED	1497	0.4402	157853626	157853626	0	1
chr6	159428719	159429179	0.0457	0	0	1	DEL	DEL	STRUCTURAL_VARIANT	0	0	159428719	159428719	0	0
chr6	159429180	163176652	1.0437	2273	0.7342	0.9884	DEL	DEL	BAF_WEIGHTED	3498	0.4115	159429180	159429180	0	1
chr6	163176653	163176687	0.3458	0	0	1	DEL	DEL	STRUCTURAL_VARIANT	0	0	163176653	163176653	0	0
chr6	163176688	166526128	1.0306	2754	0.731	0.9838	DEL	DEL	BAF_WEIGHTED	3177	0.4083	163176688	163176688	0	1
chr6	166526129	166526172	0.3909	0	0	1	DEL	DEL	STRUCTURAL_VARIANT	0	0	166526129	166526129	0	0
chr6	166526173	170805979	1.0987	3571	0.7401	0.9863	DEL	TELOMERE	BAF_WEIGHTED	3550	0.459	166526173	166526173	0	1
chr7	1	4492208	1.0256	3031	0.7335	0.9887	TELOMERE	BND	BAF_WEIGHTED	3423	0.5038	1	1	0	1
chr7	4492209	4687527	1.992	112	0.5495	0.5178	BND	DEL	BAF_WEIGHTED	168	0.4654	4492209	4492209	1	1
chr7	4687528	4732702	1.2483	19	0.7568	0.9899	DEL	DEL	BAF_WEIGHTED	43	0.5034	4687528	4687528	0	1
chr7	4732703	7069011	2.1661	1603	0.5522	0.5383	DEL	DEL	BAF_WEIGHTED	1585	0.492	4732703	4732703	1	1
chr7	7069012	7069053	1.0252	0	0	1	DEL	DEL	STRUCTURAL_VARIANT	0	0	7069012	7069012	0	1
chr7	7069054	13152203	2.0066	5022	0.556	0.5312	DEL	DEL	BAF_WEIGHTED	5750	0.3637	7069054	7069054	1	1
chr7	13152204	13152240	1.0699	0	0	0.8793	DEL	DEL	STRUCTURAL_VARIANT	0	0	13152204	13152204	0	1
chr7	13152241	14422588	1.8907	1114	0.551	0.5289	DEL	DEL	BAF_WEIGHTED	1201	0.3538	13152241	13152241	1	1
chr7	14422589	14422630	1.325	0	0	0.717	DEL	DEL	STRUCTURAL_VARIANT	0	0	14422589	14422589	0	1
chr7	14422631	16810426	2.0373	1216	0.5583	0.5337	DEL	BND	BAF_WEIGHTED	2299	0.3592	14422631	14422631	1	1
chr7	16810427	17843988	3.2192	707	0.6105	0.6493	BND	DEL	BAF_WEIGHTED	989	0.3713	16810427	16810427	1	2
chr7	17843989	17844022	2.2727	0	0	0.9196	DEL	DEL	STRUCTURAL_VARIANT	0	0	17843989	17843989	0	2
chr7	17844023	18239237	3.0109	223	0.6172	0.6612	DEL	DUP	BAF_WEIGHTED	375	0.3726	17844023	17844023	1	2
chr7	18239238	18689914	4.0461	166	0.5411	0.5057	DUP	BND	BAF_WEIGHTED	447	0.3562	18239238	18239238	2	2
chr7	18689915	18868616	2.9604	26	0.6435	0.6981	BND	DUP	BAF_WEIGHTED	172	0.3632	18689915	18689915	1	2
chr7	18868617	20641936	2.0397	1385	0.5569	0.5237	DUP	DEL	BAF_WEIGHTED	1633	0.3623	18868617	18868617	1	1
chr7	20641937	20641973	1.4944	0	0	0.6507	DEL	DEL	STRUCTURAL_VARIANT	0	0	20641937	20641937	1	1
chr7	20641974	25147275	2.0576	3269	0.5563	0.5274	DEL	DEL	BAF_WEIGHTED	4225	0.4003	20641974	20641974	1	1
chr7	25147276	25147324	1.1332	0	0	0.8552	DEL	DEL	STRUCTURAL_VARIANT	0	0	25147276	25147276	0	1
chr7	25147325	35586796	2.0452	5516	0.5548	0.5262	DEL	DUP	BAF_WEIGHTED	9249	0.4116	25147325	25147325	1	1
chr7	35586797	36214722	3.3499	405	0.6214	0.6622	DUP	DUP	BAF_WEIGHTED	514	0.4145	35586797	35586797	1	2
chr7	36214723	43426402	2.048	4465	0.555	0.5212	DUP	DEL	BAF_WEIGHTED	6841	0.3997	36214723	36214723	1	1
chr7	43426403	43426440	1.6958	0	0	0.5782	DEL	DEL	STRUCTURAL_VARIANT	0	0	43426403	43426403	1	1
chr7	43426441	43926310	2.1632	471	0.5515	0.5375	DEL	DUP	BAF_WEIGHTED	477	0.4252	43426441	43426441	1	1
chr7	43926311	44076570	3.2854	151	0.6407	0.6891	DUP	DUP	BAF_WEIGHTED	61	0.4882	43926311	43926311	1	2
chr7	44076571	52084320	2.0518	6275	0.5532	0.5315	DUP	DUP	BAF_WEIGHTED	7344	0.4196	44076571	44076571	1	1
chr7	52084321	52099492	2.8415	0	0	0.6617	DUP	DUP	BAF_WEIGHTED	14	0.3839	52084321	52084321	1	2
chr7	52099493	59498943	1.8424	4084	0.5561	0.5456	DUP	CENTROMERE	BAF_WEIGHTED	4431	0.3954	52099493	52099493	1	1
chr7	59498944	64292000	1.6281	605	0.5694	0.617	CENTROMERE	NONE	BAF_WEIGHTED	1048	0.3942	59498944	59498944	1	1
chr7	64292001	69687051	1.9822	3963	0.5537	0.5293	NONE	DEL	BAF_WEIGHTED	4155	0.4347	64292001	64292001	1	1
chr7	69687052	70739941	1.0946	473	0.7422	0.9907	DEL	DUP	BAF_WEIGHTED	1035	0.4095	69687052	69687052	0	1
chr7	70739942	71669678	1.6527	661	0.8151	1.0296	DUP	DUP	BAF_WEIGHTED	911	0.442	70739942	70739942	0	2
chr7	71669679	80472191	1.0362	3749	0.7302	0.9809	DUP	DUP	BAF_WEIGHTED	6156	0.4256	71669679	71669679	0	1
chr7	80472192	81894267	2.0827	750	0.8214	0.9941	DUP	DUP	BAF_WEIGHTED	1365	0.3589	80472192	80472192	0	2
chr7	81894268	85295985	0.973	2165	0.7333	1	DUP	DEL	BAF_WEIGHTED	3219	0.3468	81894268	81894268	0	1
chr7	85295986	86384239	1.9125	477	0.5595	0.5368	DEL	DEL	BAF_WEIGHTED	1022	0.3432	85295986	85295986	1	1
chr7	86384240	86386683	0.915	1	0.7879	1	DEL	DEL	BAF_WEIGHTED	1	0.381	86384240	86384240	0	1
chr7	86386684	87036103	1.8215	434	0.5641	0.549	DEL	DEL	BAF_WEIGHTED	614	0.3629	86386684	86386684	1	1
chr7	87036104	87036136	1.2525	0	0	0.8641	DEL	DEL	STRUCTURAL_VARIANT	0	0	87036104	87036104	0	1
chr7	87036137	99896854	2.0438	5055	0.5537	0.5296	DEL	DUP	BAF_WEIGHTED	11762	0.3884	87036137	87036137	1	1
chr7	99896855	100141516	2.9023	118	0.5864	0.6199	DUP	DUP	BAF_WEIGHTED	227	0.4746	99896855	99896855	1	2
chr7	100141517	101051734	2.1584	256	0.5594	0.5594	DUP	DEL	BAF_WEIGHTED	604	0.517	100141517	100141517	1	1
chr7	101051735	101051775	1.5699	0	0	0.5987	DEL	DEL	STRUCTURAL_VARIANT	0	0	101051735	101051735	1	1
chr7	101051776	104844000	1.9991	2337	0.5539	0.5298	DEL	NONE	BAF_WEIGHTED	3005	0.4365	101051776	101051776	1	1
chr7	104844001	108703000	2.1991	2535	0.5527	0.545	NONE	NONE	BAF_WEIGHTED	3659	0.406	104844001	104844001	1	1
chr7	108703001	109746615	1.8312	687	0.5526	0.5461	NONE	DUP	BAF_WEIGHTED	969	0.3554	108703001	108703001	1	1
chr7	109746616	109750030	2.2222	4	0.5489	0.55	DUP	DUP	BAF_WEIGHTED	3	0.364	109746616	109746616	1	1
chr7	109750031	112525000	2.015	1424	0.5539	0.5413	DUP	NONE	BAF_WEIGHTED	2590	0.3706	109750031	109750031	1	1
chr7	112525001	116170000	2.4244	917	0.5718	0.6005	NONE	NONE	BAF_WEIGHTED	3416	0.3569	112525001	112525001	1	1
chr7	116170001	116532000	3.0857	166	0.6052	0.6435	NONE	NONE	BAF_WEIGHTED	334	0.3772	116170001	116170001	1	2
chr7	116532001	121662186	2.3884	1917	0.5694	0.602	NONE	DUP	BAF_WEIGHTED	4871	0.3626	116532001	116532001	1	1
chr7	121662187	121780877	3.5599	66	0.6803	0.7371	DUP	DUP	BAF_WEIGHTED	110	0.3587	121662187	121662187	1	3
chr7	121780878	125510153	2.3484	2146	0.5747	0.6106	DUP	BND	BAF_WEIGHTED	3491	0.364	121780878	121780878	1	1
chr7	125510154	125510392	3.3793	0	0	0.7294	BND	BND	STRUCTURAL_VARIANT	0	0	125510154	125510154	1	2
chr7	125510393	125809932	2.2653	140	0.5811	0.6214	BND	DEL	BAF_WEIGHTED	291	0.3426	125510393	125510393	1	1
chr7	125809933	125809996	1.3751	0	0	0.6191	DEL	DEL	STRUCTURAL_VARIANT	0	0	125809933	125809933	1	1
chr7	125809997	127637000	2.2138	1151	0.5768	0.6154	DEL	NONE	BAF_WEIGHTED	1678	0.3708	125809997	125809997	1	1
chr7	127637001	128576500	2.9946	417	0.5948	0.6303	NONE	NONE	BAF_WEIGHTED	791	0.4484	127637001	127637001	1	2
chr7	128576501	131623436	2.6326	1534	0.5738	0.6053	NONE	DEL	BAF_WEIGHTED	2804	0.4321	128548001	128605001	1	2
chr7	131623437	131623469	2.2295	0	0	0.5732	DEL	DEL	STRUCTURAL_VARIANT	0	0	131623437	131623437	1	1
chr7	131623470	145964293	2.4302	8487	0.5744	0.6085	DEL	DEL	BAF_WEIGHTED	13034	0.4089	131623470	131623470	1	1
chr7	145964294	145964348	1.4392	0	0	0.6611	DEL	DEL	STRUCTURAL_VARIANT	0	0	145964294	145964294	0	1
chr7	145964349	148379000	2.158	1129	0.5791	0.62	DEL	NONE	BAF_WEIGHTED	2275	0.372	145964349	145964349	1	1
chr7	148379001	151264364	2.5014	1549	0.5748	0.6091	NONE	DUP	BAF_WEIGHTED	2116	0.4652	148376001	148379001	1	2
chr7	151264365	151269577	3.5013	0	0	0.7207	DUP	DUP	BAF_WEIGHTED	4	0.4745	151264365	151264365	1	3
chr7	151269578	152910000	2.5831	764	0.5753	0.6078	DUP	NONE	BAF_WEIGHTED	1327	0.4579	151269578	151269578	1	2
chr7	152910001	155642000	2.1133	1803	0.5783	0.6201	NONE	NONE	BAF_WEIGHTED	2264	0.4427	152910001	152910001	1	1
chr7	155642001	155819000	2.5507	178	0.5754	0.6087	NONE	NONE	BAF_WEIGHTED	156	0.4426	155642001	155642001	1	2
chr7	155819001	156440608	2.0897	406	0.5766	0.6178	NONE	DEL	BAF_WEIGHTED	598	0.4647	155819001	155819001	1	1
chr7	156440609	156440642	2.053	0	0	0.5193	DEL	DEL	STRUCTURAL_VARIANT	0	0	156440609	156440609	1	1
chr7	156440643	157507000	2.516	491	0.5743	0.6078	DEL	NONE	BAF_WEIGHTED	980	0.4516	156440643	156440643	1	2
chr7	157507001	158596000	2.1447	871	0.582	0.6251	NONE	NONE	BAF_WEIGHTED	882	0.5078	157507001	157507001	1	1
chr7	158596001	159345973	2.496	36	0.5813	0.6175	NONE	TELOMERE	BAF_WEIGHTED	647	0.4493	158595001	158596001	1	2
chr8	1	7074000	1.123	9266	0.6608	0.8381	TELOMERE	NONE	BAF_WEIGHTED	5994	0.415	1	1	0	1
chr8	7074001	9148259	1.6115	972	0.6316	0.7235	NONE	BND	BAF_WEIGHTED	878	0.4258	7074001	7074001	0	1
chr8	9148260	13390789	1.3111	2432	0.6492	0.7777	BND	BND	BAF_WEIGHTED	3357	0.437	9148260	9148260	0	1
chr8	13390790	13392366	2.1542	0	0	0.5331	BND	BND	STRUCTURAL_VARIANT	0	0.346	13390790	13390790	1	1
chr8	13392367	13392370	3.0087	0	0	0.6183	BND	BND	STRUCTURAL_VARIANT	0	0	13392367	13392367	1	2
chr8	13392371	17546419	2.1552	3806	0.5615	0.5329	BND	DEL	BAF_WEIGHTED	3978	0.3644	13392371	13392371	1	1
chr8	17546420	17546542	1.5276	0	0	0.659	DEL	DEL	STRUCTURAL_VARIANT	0	0	17546420	17546420	1	1
chr8	17546543	20443000	2.4384	2422	0.5617	0.5696	DEL	NONE	BAF_WEIGHTED	2808	0.4094	17546543	17546543	1	1
chr8	20443001	21857812	1.9821	847	0.5556	0.5045	NONE	DUP	BAF_WEIGHTED	1369	0.4449	20443001	20443001	1	1
chr8	21857813	22177695	3.9181	136	0.6744	0.7245	DUP	DEL	BAF_WEIGHTED	270	0.4962	21857813	21857813	1	3
chr8	22177696	23837627	1.1327	1309	0.7419	0.9822	DEL	DEL	BAF_WEIGHTED	1566	0.4658	22177696	22177696	0	1
chr8	23837628	23927068	3.9378	56	0.6687	0.717	DEL	DUP	BAF_WEIGHTED	87	0.4004	23837628	23837628	1	3
chr8	23927069	26854726	2.3008	1219	0.5632	0.5779	DUP	BND	BAF_WEIGHTED	2789	0.405	23927069	23927069	1	1
chr8	26854727	27173129	2.7121	197	0.6197	0.6693	BND	BND	BAF_WEIGHTED	291	0.387	26854727	26854727	1	2
chr8	27173130	31278602	2.0521	1968	0.5575	0.5178	BND	DUP	BAF_WEIGHTED	3956	0.4261	27173130	27173130	1	1
chr8	31278603	31286699	2.8401	6	0.5535	0.5653	DUP	DUP	BAF_WEIGHTED	6	0.36	31278603	31278603	1	2
chr8	31286700	37120713	1.7239	2557	0.5573	0.5706	DUP	DUP	BAF_WEIGHTED	5531	0.3851	31286700	31286700	1	1
chr8	37120714	37129449	2.6549	12	0.5876	0.6246	DUP	DUP	BAF_WEIGHTED	8	0.3668	37120714	37120714	1	2
chr8	37129450	38662889	2.0701	505	0.5533	0.5133	DUP	DUP	BAF_WEIGHTED	1464	0.4537	37129450	37129450	1	1
chr8	38662890	38664737	2.7314	0	0	0.6508	DUP	DUP	BAF_WEIGHTED	1	0.442	38662890	38662890	1	2
chr8	38664738	44955504	2.0364	1991	0.5545	0.5317	DUP	CENTROMERE	BAF_WEIGHTED	4749	0.417	38664738	38664738	1	1
chr8	44955505	51970756	1.9705	1181	0.5543	0.5377	CENTROMERE	DEL	BAF_WEIGHTED	5472	0.3979	44955505	44955505	1	1
chr8	51970757	51971331	0.9265	0	0	1	DEL	DEL	STRUCTURAL_VARIANT	0	0	51970757	51970757	0	1
chr8	51971332	64336232	1.9609	5690	0.5546	0.5314	DEL	DEL	BAF_WEIGHTED	11555	0.3897	51971332	51971332	1	1
chr8	64336233	64336269	0.9205	0	0	1	DEL	DEL	STRUCTURAL_VARIANT	0	0	64336233	64336233	0	1
chr8	64336270	65987566	2.0122	329	0.5573	0.5493	DEL	DEL	BAF_WEIGHTED	1562	0.3865	64336270	64336270	1	1
chr8	65987567	65987601	0.8809	0	0	1	DEL	DEL	STRUCTURAL_VARIANT	0	0	65987567	65987567	0	1
chr8	65987602	66426949	2.0422	258	0.5511	0.5098	DEL	SGL	BAF_WEIGHTED	407	0.4067	65987602	65987602	1	1
chr8	66426950	67964318	3.1281	202	0.6241	0.67	SGL	DUP	BAF_WEIGHTED	1455	0.399	66426950	66426950	1	2
chr8	67964319	67972178	3.6208	10	0.5563	0.5524	DUP	DUP	BAF_WEIGHTED	7	0.3826	67964319	67964319	2	2
chr8	67972179	74409387	2.9377	4566	0.6216	0.6688	DUP	BND	BAF_WEIGHTED	6002	0.3886	67972179	67972179	1	2
chr8	74409388	81035000	1.9587	3453	0.5542	0.532	BND	NONE	BAF_WEIGHTED	6262	0.366	74409388	74409388	1	1
chr8	81035001	84233060	1.8749	1761	0.5536	0.545	NONE	DEL	BAF_WEIGHTED	3029	0.3568	81035001	81035001	1	1
chr8	84233061	84234144	0.9061	0	0	1	DEL	DEL	STRUCTURAL_VARIANT	0	0	84233061	84233061	0	1
chr8	84234145	87552991	1.9177	2051	0.5556	0.5322	DEL	DUP	BAF_WEIGHTED	2914	0.3667	84234145	84234145	1	1
chr8	87552992	87608021	2.8645	20	0.6493	0.7091	DUP	DUP	BAF_WEIGHTED	51	0.3548	87552992	87552992	1	2
chr8	87608022	87614298	3.9298	5	0.6829	0.7353	DUP	DUP	BAF_WEIGHTED	5	0.3188	87608022	87608022	1	3
chr8	87614299	88109009	2.935	339	0.62	0.666	DUP	DEL	BAF_WEIGHTED	468	0.3619	87614299	87614299	1	2
chr8	88109010	88109048	2.0251	0	0	0.5159	DEL	DEL	STRUCTURAL_VARIANT	0	0	88109010	88109010	1	1
chr8	88109049	88236046	3.0359	46	0.6019	0.6442	DEL	DUP	BAF_WEIGHTED	112	0.3368	88109049	88109049	1	2
chr8	88236047	90939014	1.935	647	0.5579	0.5274	DUP	DEL	BAF_WEIGHTED	2499	0.3651	88236047	88236047	1	1
chr8	90939015	90939065	1.2722	0	0	0.7188	DEL	DEL	STRUCTURAL_VARIANT	0	0	90939015	90939015	0	1
chr8	90939066	91585971	1.957	17	0.5442	0.5514	DEL	DEL	BAF_WEIGHTED	600	0.363	90939066	90939066	1	1
chr8	91585972	91586067	1.1139	0	0	0.7305	DEL	DEL	STRUCTURAL_VARIANT	0	0	91585972	91585972	0	1
chr8	91586068	92367000	1.818	392	0.5599	0.5524	DEL	NONE	BAF_WEIGHTED	714	0.375	91586068	91586068	1	1
chr8	92367001	93694000	2.8017	658	0.6228	0.6721	NONE	NONE	BAF_WEIGHTED	1266	0.3762	92364001	92370001	1	2
chr8	93694001	95216175	3.2085	1145	0.6271	0.6717	NONE	DEL	BAF_WEIGHTED	1457	0.4114	93694001	93694001	1	2
chr8	95216176	95216971	1.9959	0	0	0.5058	DEL	DEL	STRUCTURAL_VARIANT	0	0	95216176	95216176	1	1
chr8	95216972	98321866	3.0587	1692	0.6242	0.6699	DEL	DUP	BAF_WEIGHTED	2913	0.4086	95216972	95216972	1	2
chr8	98321867	99295632	4.1537	138	0.6974	0.7509	DUP	DUP	BAF_WEIGHTED	875	0.3857	98321867	98321867	1	3
chr8	99295633	101259037	3.1659	679	0.6253	0.6693	DUP	DUP	BAF_WEIGHTED	1835	0.4035	99295633	99295633	1	2
chr8	101259038	101536780	4.1365	134	0.5524	0.5264	DUP	DUP	BAF_WEIGHTED	264	0.4277	101259038	101259038	2	2
chr8	101536781	107251070	3.0324	3032	0.6214	0.6667	DUP	DEL	BAF_WEIGHTED	5439	0.385	101536781	101536781	1	2
chr8	107251071	107252902	1.9272	0	0	1	DEL	DEL	STRUCTURAL_VARIANT	0	0	107251071	107251071	0	2
chr8	107252903	108153368	2.9622	537	0.623	0.6697	DEL	DEL	BAF_WEIGHTED	844	0.3753	107252903	107252903	1	2
chr8	108153369	108153404	2.0936	0	0	0.9129	DEL	DEL	STRUCTURAL_VARIANT	0	0	108153369	108153369	0	2
chr8	108153405	115203000	2.8196	4323	0.6273	0.6779	DEL	NONE	BAF_WEIGHTED	6703	0.3492	108153405	108153405	1	2
chr8	115203001	115797355	3.3721	383	0.6324	0.6766	NONE	BND	BAF_WEIGHTED	568	0.3591	115203001	115203001	1	2
chr8	115797356	116369341	4.5797	180	0.7108	0.7628	BND	BND	BAF_WEIGHTED	549	0.3689	115797356	115797356	1	3
chr8	116369342	122591844	3.1114	3603	0.6232	0.6681	BND	DUP	BAF_WEIGHTED	5904	0.3879	116369342	116369342	1	2
chr8	122591845	123317018	4.2423	352	0.5386	0.5293	DUP	DUP	BAF_WEIGHTED	712	0.4371	122591845	122591845	2	2
chr8	123317019	124240972	3.1897	598	0.6294	0.6749	DUP	BND	BAF_WEIGHTED	902	0.4234	123317019	123317019	1	2
chr8	124240973	124749188	5.3393	377	0.7449	0.7965	BND	DUP	BAF_WEIGHTED	489	0.4262	124240973	124240973	1	4
chr8	124749189	124756723	6.0919	2	0.8008	0.8563	DUP	DUP	BAF_WEIGHTED	6	0.4527	124749189	124749189	1	5
chr8	124756724	125205562	5.3711	254	0.7428	0.7937	DUP	DUP	BAF_WEIGHTED	432	0.4115	124756724	124756724	1	4
chr8	125205563	125567148	6.4865	129	0.79	0.8403	DUP	DUP	BAF_WEIGHTED	349	0.4435	125205563	125205563	1	5
chr8	125567149	125698085	7.4672	89	0.7987	0.8437	DUP	DUP	BAF_WEIGHTED	123	0.4507	125567149	125567149	1	6
chr8	125698086	126141477	5.8675	278	0.7854	0.8401	DUP	DUP	BAF_WEIGHTED	429	0.3895	125698086	125698086	1	5
chr8	126141478	128246997	5.3142	1150	0.7486	0.8008	DUP	DUP	BAF_WEIGHTED	1995	0.4134	126141478	126141478	1	4
chr8	128246998	128251147	5.9327	5	0.7714	0.8229	DUP	DUP	BAF_WEIGHTED	4	0.4315	128246998	128246998	1	5
chr8	128251148	129863228	4.9998	1037	0.7389	0.7927	DUP	BND	BAF_WEIGHTED	1507	0.3873	128251148	128251148	1	4
chr8	129863229	131054512	3.9756	438	0.6849	0.7404	BND	BND	BAF_WEIGHTED	1166	0.4206	129863229	129863229	1	3
chr8	131054513	131054802	2.2529	0	0	0.585	BND	BND	STRUCTURAL_VARIANT	0	0	131054513	131054513	1	1
chr8	131054803	133192000	3.6552	1635	0.6867	0.7442	BND	NONE	BAF_WEIGHTED	2014	0.4069	131054803	131054803	1	3
chr8	133192001	133790380	4.3095	380	0.6928	0.7431	NONE	DUP	BAF_WEIGHTED	576	0.4669	133192001	133192001	1	3
chr8	133790381	134780588	4.859	820	0.7387	0.7939	DUP	DEL	BAF_WEIGHTED	943	0.423	133790381	133790381	1	4
chr8	134780589	134790450	4.227	7	0.7183	0.7764	DEL	DEL	BAF_WEIGHTED	9	0.3522	134780589	134780589	1	3
chr8	134790451	135414396	5.0517	413	0.7385	0.7916	DEL	DUP	BAF_WEIGHTED	597	0.4214	134790451	134790451	1	4
chr8	135414397	135674000	4.1879	43	0.7175	0.7765	DUP	NONE	BAF_WEIGHTED	255	0.4002	135414397	135414397	1	3
chr8	135674001	139627000	3.3443	2362	0.6838	0.7456	NONE	NONE	BAF_WEIGHTED	3749	0.4043	135674001	135674001	1	2
chr8	139627001	140979483	4.0829	675	0.6913	0.7446	NONE	BND	BAF_WEIGHTED	1274	0.4618	139627001	139627001	1	3
chr8	140979484	141363000	5.3213	120	0.7419	0.7931	BND	NONE	BAF_WEIGHTED	324	0.5226	140979484	140979484	1	4
chr8	141363001	143494438	4.5218	1648	0.7347	0.7929	NONE	DEL	BAF_WEIGHTED	1436	0.5463	141363001	141364001	1	4
chr8	143494439	143494489	3.8456	0	0	0.7565	DEL	DEL	STRUCTURAL_VARIANT	0	0	143494439	143494439	1	3
chr8	143494490	145138636	5.011	507	0.7355	0.7883	DEL	TELOMERE	BAF_WEIGHTED	968	0.5464	143494490	143494490	1	4
chr9	1	4773290	2.1128	3713	0.555	0.5371	TELOMERE	DUP	BAF_WEIGHTED	4316	0.4002	1	1	1	1
chr9	4773291	5353358	3.0876	272	0.6161	0.6585	DUP	DUP	BAF_WEIGHTED	499	0.3891	4773291	4773291	1	2
chr9	5353359	6272828	2.1558	557	0.5535	0.5384	DUP	DEL	BAF_WEIGHTED	842	0.3932	5353359	5353359	1	1
chr9	6272829	6294884	1.0952	1	0.8077	1.1238	DEL	DEL	BAF_WEIGHTED	16	0.3724	6272829	6272829	0	1
chr9	6294885	9509956	2.0185	2643	0.5535	0.5182	DEL	DEL	BAF_WEIGHTED	3036	0.3852	6294885	6294885	1	1
chr9	9509957	9510003	1.1021	0	0	0.8824	DEL	DEL	STRUCTURAL_VARIANT	0	0	9509957	9509957	0	1
chr9	9510004	11910394	1.8611	1470	0.5556	0.5373	DEL	DEL	BAF_WEIGHTED	2258	0.348	9510004	9510004	1	1
chr9	11910395	11910872	0.8048	0	0	1	DEL	DEL	STRUCTURAL_VARIANT	0	0	11910395	11910395	0	1
chr9	11910873	12693638	1.9047	586	0.56	0.525	DEL	INV	BAF_WEIGHTED	745	0.348	11910873	11910873	1	1
chr9	12693639	12920868	3.3838	173	0.6226	0.6634	INV	INV	BAF_WEIGHTED	222	0.3602	12693639	12693639	1	2
chr9	12920869	12928225	2.1658	10	0.5513	0.5383	INV	INV	BAF_WEIGHTED	7	0.394	12920869	12920869	1	1
chr9	12928226	13034067	3.365	77	0.6193	0.6592	INV	INV	BAF_WEIGHTED	98	0.3702	12928226	12928226	1	2
chr9	13034068	24947879	2.067	7640	0.5547	0.5306	INV	DEL	BAF_WEIGHTED	11055	0.3821	13034068	13034068	1	1
chr9	24947880	24947922	1.2348	0	0	0.8883	DEL	DEL	STRUCTURAL_VARIANT	0	0	24947880	24947880	0	1
chr9	24947923	31887761	1.9005	4453	0.556	0.5351	DEL	BND	BAF_WEIGHTED	6522	0.36	24947923	24947923	1	1
chr9	31887762	33945040	1.0884	1544	0.7333	0.9779	BND	DUP	BAF_WEIGHTED	1676	0.4155	31887762	31887762	0	1
chr9	33945041	34163096	2.1309	188	0.8211	0.9908	DUP	DEL	BAF_WEIGHTED	210	0.4427	33945041	33945041	0	2
chr9	34163097	34163137	0.5788	0	0	1	DEL	DEL	STRUCTURAL_VARIANT	0	0	34163097	34163097	0	1
chr9	34163138	34185781	2.1489	16	0.8404	1.0187	DEL	DUP	BAF_WEIGHTED	21	0.4703	34163138	34163138	0	2
chr9	34185782	44377362	1.1185	2723	0.7362	0.9743	DUP	CENTROMERE	BAF_WEIGHTED	4178	0.4475	34185782	34185782	0	1
chr9	44377363	68435997	1.1128	428	0.7214	0.9855	CENTROMERE	DUP	BAF_WEIGHTED	40	0.4231	44377363	44377363	0	1
chr9	68435998	68443617	1.9104	3	0.7619	0.9161	DUP	DUP	BAF_WEIGHTED	7	0.364	68435998	68435998	0	2
chr9	68443618	73164851	1.083	2909	0.7392	0.9892	DUP	INV	BAF_WEIGHTED	4475	0.3968	68443618	68443618	0	1
chr9	73164852	73167409	2.2266	1	0.5094	0.5509	INV	BND	BAF_WEIGHTED	2	0.3615	73164852	73164852	1	1
chr9	73167410	73167418	1.3636	0	0	0.6961	BND	INV	STRUCTURAL_VARIANT	0	0	73167410	73167410	0	1
chr9	73167419	76421174	1.9864	1525	0.5516	0.5221	INV	BND	BAF_WEIGHTED	3106	0.3773	73167419	73167419	1	1
chr9	76421175	76463651	3.2946	44	0.6288	0.6728	BND	BND	BAF_WEIGHTED	39	0.4372	76421175	76421175	1	2
chr9	76463652	81553389	2.0463	2877	0.5546	0.5102	BND	DEL	BAF_WEIGHTED	4779	0.3885	76463652	76463652	1	1
chr9	81553390	81553421	1.4953	0	0	0.6703	DEL	DEL	STRUCTURAL_VARIANT	0	0	81553390	81553390	0	1
chr9	81553422	85486743	2.0746	1697	0.5541	0.5231	DEL	DEL	BAF_WEIGHTED	3609	0.4029	81553422	81553422	1	1
chr9	85486744	85486785	1.271	0	0	0.7784	DEL	DEL	STRUCTURAL_VARIANT	0	0	85486744	85486744	0	1
chr9	85486786	86008329	2.1834	96	0.5577	0.542	DEL	DEL	BAF_WEIGHTED	406	0.3897	85486786	85486786	1	1
chr9	86008330	86008379	1.3875	0	0	0.7229	DEL	DEL	STRUCTURAL_VARIANT	0	0	86008330	86008330	0	1
chr9	86008380	92743183	2.1588	2910	0.5522	0.5354	DEL	DEL	BAF_WEIGHTED	6251	0.4292	86008380	86008380	1	1
chr9	92743184	92743336	1.2549	0	0	0.7993	DEL	DEL	STRUCTURAL_VARIANT	0	0	92743184	92743184	0	1
chr9	92743337	93103653	2.1562	87	0.5556	0.5362	DEL	BND	BAF_WEIGHTED	290	0.4798	92743337	92743337	1	1
chr9	93103654	93118503	3.3375	14	0.6483	0.6984	BND	BND	BAF_WEIGHTED	8	0.5339	93103654	93103654	1	2
chr9	93118504	95430672	2.1556	1108	0.5527	0.5422	BND	DEL	BAF_WEIGHTED	2001	0.4445	93118504	93118504	1	1
chr9	95430673	95430935	1.1945	0	0	0.8371	DEL	DEL	STRUCTURAL_VARIANT	0	0	95430673	95430673	0	1
chr9	95430936	99775001	2.1442	1800	0.5522	0.5336	DEL	DEL	BAF_WEIGHTED	3862	0.4372	95430936	95430936	1	1
chr9	99775002	99775043	1.4082	0	0	0.7478	DEL	DEL	STRUCTURAL_VARIANT	0	0	99775002	99775002	0	1
chr9	99775044	102511810	1.9382	2335	0.5533	0.5433	DEL	DEL	BAF_WEIGHTED	2531	0.3795	99775044	99775044	1	1
chr9	102511811	102516501	1.126	2	0.7804	1.0606	DEL	DEL	BAF_WEIGHTED	4	0.3405	102511811	102511811	0	1
chr9	102516502	102930679	1.8073	487	0.5556	0.5533	DEL	DEL	BAF_WEIGHTED	390	0.3428	102516502	102516502	1	1
chr9	102930680	103431902	0.9113	452	0.7333	1	DEL	DUP	BAF_WEIGHTED	466	0.345	102930680	102930680	0	1
chr9	103431903	104134630	1.891	588	0.554	0.5261	DUP	BND	BAF_WEIGHTED	649	0.355	103431903	103431903	1	1
chr9	104134631	105075200	3.0601	710	0.6269	0.6735	BND	BND	BAF_WEIGHTED	902	0.3894	104134631	104134631	1	2
chr9	105075201	105747491	1.1171	206	0.7399	0.9815	BND	DEL	BAF_WEIGHTED	615	0.3973	105075201	105075201	0	1
chr9	105747492	109970923	2.1216	2401	0.5533	0.5288	DEL	DUP	BAF_WEIGHTED	4034	0.4127	105747492	105747492	1	1
chr9	109970924	125064940	1.0722	7432	0.7342	0.9814	DUP	DEL	BAF_WEIGHTED	14349	0.4198	109970924	109970924	0	1
chr9	125064941	125066023	0.3453	0	0	1	DEL	DEL	BAF_WEIGHTED	1	0.309	125064941	125064941	0	0
chr9	125066024	131272682	1.1238	2291	0.7345	0.9715	DEL	DEL	BAF_WEIGHTED	5674	0.4881	125066024	125066024	0	1
chr9	131272683	131272719	0.3403	0	0	1	DEL	DEL	STRUCTURAL_VARIANT	0	0	131272683	131272683	0	0
chr9	131272720	132953128	1.0814	793	0.7406	0.991	DEL	DUP	BAF_WEIGHTED	1585	0.4795	131272720	131272720	0	1
chr9	132953129	132983077	2.0903	18	0.8449	1.0306	DUP	DUP	BAF_WEIGHTED	29	0.4689	132953129	132953129	0	2
chr9	132983078	138394717	1.0648	2915	0.7348	0.9839	DUP	TELOMERE	BAF_WEIGHTED	3440	0.5476	132983078	132983078	0	1
chr10	1	1488000	3.2075	497	0.6188	0.6623	TELOMERE	NONE	BAF_WEIGHTED	1240	0.4613	1	1	1	2
chr10	1488001	2902000	2.5081	1374	0.6069	0.6548	NONE	NONE	BAF_WEIGHTED	1370	0.4132	1488001	1488001	1	2
chr10	2902001	21822425	3.1284	12969	0.6188	0.6617	NONE	DUP	BAF_WEIGHTED	17979	0.4108	2902001	2902001	1	2
chr10	21822426	21969926	4.3779	0	0	0.5271	DUP	DUP	BAF_WEIGHTED	138	0.3657	21822426	21822426	2	2
chr10	21969927	22230604	5.4091	1	0.5429	0.5546	DUP	DUP	BAF_WEIGHTED	233	0.3871	21969927	21969927	2	3
chr10	22230605	22273708	4.3709	0	0	0.5238	DUP	DUP	BAF_WEIGHTED	41	0.4064	22230605	22230605	2	2
chr10	22273709	26412236	3.1145	2816	0.6228	0.6683	DUP	DEL	BAF_WEIGHTED	3881	0.4002	22273709	22273709	1	2
chr10	26412237	26412288	1.6882	0	0	1	DEL	DEL	STRUCTURAL_VARIANT	0	0	26412237	26412237	0	2
chr10	26412289	30078555	3.2729	3025	0.6267	0.6701	DEL	DEL	BAF_WEIGHTED	3398	0.4107	26412289	26412289	1	2
chr10	30078556	30079006	2.1071	0	0	1	DEL	DEL	STRUCTURAL_VARIANT	0	0	30078556	30078556	0	2
chr10	30079007	32271643	3.2812	1308	0.6242	0.6667	DEL	DEL	BAF_WEIGHTED	2028	0.4131	30079007	30079007	1	2
chr10	32271644	32271872	0.9249	0	0	1	DEL	DEL	STRUCTURAL_VARIANT	0	0	32271644	32271644	0	1
chr10	32271873	36836000	3.1742	2101	0.6219	0.6657	DEL	NONE	BAF_WEIGHTED	4318	0.4046	32271873	32271873	1	2
chr10	36836001	40640101	2.6271	956	0.6181	0.6711	NONE	CENTROMERE	BAF_WEIGHTED	1639	0.3883	36836001	36836001	1	2
chr10	40640102	48475959	1.0528	2711	0.7293	0.9756	CENTROMERE	DUP	BAF_WEIGHTED	3843	0.4407	40640102	40640102	0	1
chr10	48475960	48485548	2.2393	1	0.8	0.9507	DUP	DUP	BAF_WEIGHTED	9	0.449	48475960	48475960	0	2
chr10	48485549	62919662	0.992	10187	0.7335	0.9914	DUP	DEL	BAF_WEIGHTED	13163	0.3763	48485549	48485549	0	1
chr10	62919663	62919694	0.5382	0	0	1	DEL	DEL	STRUCTURAL_VARIANT	0	0	62919663	62919663	0	1
chr10	62919695	63844218	1.1978	305	0.7353	0.9563	DEL	DUP	BAF_WEIGHTED	892	0.3934	62919695	62919695	0	1
chr10	63844219	63848019	1.6506	2	0.862	1.1088	DUP	DUP	BAF_WEIGHTED	2	0.3895	63844219	63844219	0	2
chr10	63848020	65499255	0.9524	1212	0.7395	0.9951	DUP	BND	BAF_WEIGHTED	1542	0.3625	63848020	63848020	0	1
chr10	65499256	65499285	0.1717	0	0	1	BND	BND	STRUCTURAL_VARIANT	0	0	65499256	65499256	0	0
chr10	65499286	86893373	1.0221	11086	0.7322	0.9868	BND	DEL	BAF_WEIGHTED	19848	0.423	65499286	65499286	0	1
chr10	86893374	89238000	0.0936	1054	0.5882	1	DEL	NONE	BAF_WEIGHTED	1830	0.3869	86893374	86893374	0	0
chr10	89238001	92239593	1.0091	1540	0.7237	0.9809	NONE	DEL	BAF_WEIGHTED	2769	0.3905	89238001	89238001	0	1
chr10	92239594	92239838	0.0332	0	0	1	DEL	DEL	STRUCTURAL_VARIANT	0	0	92239594	92239594	0	0
chr10	92239839	94559443	1.0962	955	0.7333	0.9727	DEL	DUP	BAF_WEIGHTED	2243	0.4146	92239839	92239839	0	1
chr10	94559444	94564818	1.8391	3	0.8095	0.9988	DUP	DUP	BAF_WEIGHTED	4	0.4332	94559444	94559444	0	2
chr10	94564819	96887986	1.0762	1335	0.7385	0.9892	DUP	DUP	BAF_WEIGHTED	2102	0.4122	94564819	94564819	0	1
chr10	96887987	96907518	2.2446	7	0.8333	1.0003	DUP	DUP	BAF_WEIGHTED	19	0.3665	96887987	96887987	0	2
chr10	96907519	106692529	1.0311	5255	0.7301	0.9821	DUP	DEL	BAF_WEIGHTED	9210	0.4361	96907519	96907519	0	1
chr10	106692530	106692587	0.1297	0	0	1	DEL	DEL	STRUCTURAL_VARIANT	0	0	106692530	106692530	0	0
chr10	106692588	119381034	1.008	5254	0.7342	0.9916	DEL	DUP	BAF_WEIGHTED	12139	0.4083	106692588	106692588	0	1
chr10	119381035	119826615	2.283	220	0.8333	0.9975	DUP	DUP	BAF_WEIGHTED	430	0.4628	119381035	119381035	0	2
chr10	119826616	120022528	1.1085	63	0.729	0.9706	DUP	DUP	BAF_WEIGHTED	186	0.4123	119826616	119826616	0	1
chr10	120022529	120042364	1.8053	0	0	0.9979	DUP	DUP	BAF_WEIGHTED	19	0.4374	120022529	120022529	0	2
chr10	120042365	124078330	1.0056	2946	0.7333	0.9962	DUP	DEL	BAF_WEIGHTED	3856	0.438	120042365	120042365	0	1
chr10	124078331	128283000	2.1182	3085	0.5548	0.5391	DEL	NONE	BAF_WEIGHTED	3962	0.4509	124078331	124078331	1	1
chr10	128283001	131814000	1.7164	3038	0.5557	0.586	NONE	NONE	BAF_WEIGHTED	3342	0.4612	128283001	128283001	1	1
chr10	131814001	133797422	2.1277	992	0.5542	0.5365	NONE	TELOMERE	BAF_WEIGHTED	1184	0.5393	131814001	131814001	1	1
chr11	1	12973935	1.0955	10124	0.7348	0.9789	TELOMERE	INV	BAF_WEIGHTED	10463	0.4424	1	1	0	1
chr11	12973936	12975175	2.2571	0	0	0.9897	INV	INV	BAF_WEIGHTED	1	0.352	12973936	12973936	0	2
chr11	12975176	12975261	3.3239	0	0	0.993	INV	DEL	STRUCTURAL_VARIANT	0	0	12975176	12975176	0	3
chr11	12975262	12975347	1.3093	0	0	0.9823	DEL	DEL	STRUCTURAL_VARIANT	0	0	12975262	12975262	0	1
chr11	12975348	15896044	3.1501	1789	0.8677	0.998	DEL	INV	BAF_WEIGHTED	2680	0.4071	12975348	12975348	0	3
chr11	15896045	16023473	4.2747	51	0.7273	0.7871	INV	DEL	BAF_WEIGHTED	126	0.4198	15896045	15896045	1	3
chr11	16023474	16024077	2.825	0	0	1	DEL	DEL	STRUCTURAL_VARIANT	0	0	16023474	16023474	0	3
chr11	16024078	24210330	3.9227	4515	0.7073	0.7673	DEL	BND	BAF_WEIGHTED	7659	0.3973	16024078	16024078	1	3
chr11	24210331	24210331	4.1597	0	0	0.7806	BND	DEL	STRUCTURAL_VARIANT	0	0	24210331	24210331	1	3
chr11	24210332	24210520	3.1326	0	0	0.7086	DEL	BND	STRUCTURAL_VARIANT	0	0	24210332	24210332	1	2
chr11	24210521	24210532	2.5022	0	0	0.6352	BND	DEL	STRUCTURAL_VARIANT	0	0	24210521	24210521	1	2
chr11	24210533	28300860	3.814	2959	0.7052	0.7664	DEL	DEL	BAF_WEIGHTED	3776	0.3632	24210533	24210533	1	3
chr11	28300861	28300895	3.0818	0	0	0.7108	DEL	DEL	STRUCTURAL_VARIANT	0	0	28300861	28300861	1	2
chr11	28300896	32690170	3.8197	2741	0.7098	0.7721	DEL	DUP	BAF_WEIGHTED	4124	0.3815	28300896	28300896	1	3
chr11	32690171	33165529	5.3829	193	0.7578	0.8119	DUP	DUP	BAF_WEIGHTED	441	0.3928	32690171	32690171	1	4
chr11	33165530	33537283	4.2693	26	0.6994	0.752	DUP	DEL	BAF_WEIGHTED	353	0.4108	33165530	33165530	1	3
chr11	33537284	33537330	3.3536	0	0	0.6906	DEL	DEL	STRUCTURAL_VARIANT	0	0	33537284	33537284	1	2
chr11	33537331	33869954	4.3009	137	0.7051	0.7587	DEL	INV	BAF_WEIGHTED	314	0.4272	33537331	33537331	1	3
chr11	33869955	33869970	3.3459	0	0	0.712	INV	INV	STRUCTURAL_VARIANT	0	0	33869955	33869955	1	2
chr11	33869971	33870074	4.1162	0	0	0.7659	INV	DEL	STRUCTURAL_VARIANT	0	0	33869971	33869971	1	3
chr11	33870075	33870084	3.3493	0	0	0.7123	DEL	DEL	STRUCTURAL_VARIANT	0	0	33870075	33870075	1	2
chr11	33870085	34324416	4.2328	439	0.715	0.7723	DEL	DUP	BAF_WEIGHTED	436	0.4544	33870085	33870085	1	3
chr11	34324417	34335423	5.7845	3	0.6449	0.6731	DUP	DUP	BAF_WEIGHTED	10	0.4281	34324417	34324417	2	4
chr11	34335424	35614049	4.3858	871	0.719	0.7759	DUP	DUP	BAF_WEIGHTED	1227	0.4135	34335424	34335424	1	3
chr11	35614050	35618017	5.3714	2	0.617	0.6415	DUP	DUP	BAF_WEIGHTED	3	0.4147	35614050	35614050	2	3
chr11	35618018	35698494	4.227	17	0.7312	0.7927	DUP	DEL	BAF_WEIGHTED	77	0.4108	35618018	35618018	1	3
chr11	35698495	35712334	3.1331	8	0.6276	0.6734	DEL	DEL	BAF_WEIGHTED	5	0.3828	35698495	35698495	1	2
chr11	35712335	36632000	4.1708	316	0.716	0.7743	DEL	NONE	BAF_WEIGHTED	873	0.4247	35712335	35712335	1	3
chr11	36632001	41100396	3.6102	2161	0.7183	0.7863	NONE	INV	BAF_WEIGHTED	4208	0.3606	36632001	36632001	1	3
chr11	41100397	43312000	2.5755	1653	0.6415	0.7033	INV	NONE	BAF_WEIGHTED	2056	0.3741	41100397	41100397	1	2
chr11	43312001	48196000	3.022	2016	0.6422	0.6949	NONE	NONE	BAF_WEIGHTED	4623	0.4576	43312001	43312001	1	2
chr11	48196001	50674958	2.5207	2652	0.6417	0.7048	NONE	BND	BAF_WEIGHTED	911	0.3838	48196001	48196001	1	2
chr11	50674959	52751710	1.5679	198	0.5556	0.5653	BND	CENTROMERE	BAF_WEIGHTED	115	0.37	50674959	50674959	1	1
chr11	52751711	57225000	1.7391	1760	0.5607	0.5616	CENTROMERE	NONE	BAF_WEIGHTED	1934	0.3675	52751711	52751711	1	1
chr11	57225001	57702461	2.2025	209	0.5532	0.546	NONE	DUP	BAF_WEIGHTED	454	0.4835	57225001	57225001	1	1
chr11	57702462	57918988	3.1324	106	0.6043	0.6418	DUP	DUP	BAF_WEIGHTED	198	0.4296	57702462	57702462	1	2
chr11	57918989	64038904	1.947	2340	0.5575	0.5386	DUP	DUP	BAF_WEIGHTED	5358	0.4412	57918989	57918989	1	1
chr11	64038905	64059498	2.9442	12	0.6215	0.6679	DUP	DUP	BAF_WEIGHTED	12	0.5903	64038905	64038905	1	2
chr11	64059499	65786409	2.0091	556	0.559	0.5227	DUP	DEL	BAF_WEIGHTED	1399	0.5265	64059499	64059499	1	1
chr11	65786410	65786543	1.1749	0	0	0.8197	DEL	DEL	STRUCTURAL_VARIANT	0	0	65786410	65786410	0	1
chr11	65786544	70721748	1.9784	2548	0.5562	0.5132	DEL	INV	BAF_WEIGHTED	4060	0.5049	65786544	65786544	1	1
chr11	70721749	70833210	2.6937	7	0.597	0.6375	INV	INV	BAF_WEIGHTED	101	0.5264	70721749	70721749	1	2
chr11	70833211	78271304	1.868	2784	0.5577	0.5353	INV	BND	BAF_WEIGHTED	6464	0.453	70833211	70833211	1	1
chr11	78271305	78271362	0.8592	0	0	1	BND	BND	STRUCTURAL_VARIANT	0	0	78271305	78271305	0	1
chr11	78271363	78390498	1.9952	62	0.5445	0.5012	BND	DUP	BAF_WEIGHTED	115	0.4054	78271363	78271363	1	1
chr11	78390499	78457848	2.8084	64	0.5798	0.6118	DUP	DUP	BAF_WEIGHTED	65	0.4094	78390499	78390499	1	2
chr11	78457849	98213490	1.7721	10695	0.5587	0.5637	DUP	INV	BAF_WEIGHTED	17490	0.3815	78457849	78457849	1	1
chr11	98213491	102148921	2.6566	2730	0.6235	0.676	INV	DUP	BAF_WEIGHTED	3676	0.3633	98213491	98213491	1	2
chr11	102148922	102537192	4.0732	140	0.542	0.5092	DUP	DUP	BAF_WEIGHTED	368	0.4012	102148922	102148922	2	2
chr11	102537193	102623204	5.3199	127	0.587	0.6066	DUP	DUP	BAF_WEIGHTED	84	0.3956	102537193	102537193	2	3
chr11	102623205	102696237	3.9284	102	0.5337	0.5091	DUP	DUP	BAF_WEIGHTED	68	0.3927	102623205	102623205	2	2
chr11	102696238	104784140	2.7512	1301	0.6206	0.67	DUP	DEL	BAF_WEIGHTED	1972	0.3681	102696238	102696238	1	2
chr11	104784141	104784177	2.0611	0	0	0.8625	DEL	DEL	STRUCTURAL_VARIANT	0	0	104784141	104784141	0	2
chr11	104784178	115142915	2.6972	4670	0.6123	0.6591	DEL	DUP	BAF_WEIGHTED	9835	0.398	104784178	104784178	1	2
chr11	115142916	115160376	3.2166	0	0	0.7141	DUP	DUP	BAF_WEIGHTED	17	0.508	115142916	115142916	1	2
chr11	115160377	115913000	2.7448	293	0.6125	0.6586	DUP	NONE	BAF_WEIGHTED	735	0.4153	115160377	115160377	1	2
chr11	115913001	125032659	3.6847	4319	0.6769	0.7316	NONE	DEL	BAF_WEIGHTED	8651	0.4447	115913001	115913001	1	3
chr11	125032660	125034739	3.1864	0	0	0.8461	DEL	DEL	STRUCTURAL_VARIANT	0	0	125032660	125032660	0	3
chr11	125034740	125034751	2.3773	0	0	1	DEL	DEL	STRUCTURAL_VARIANT	0	0	125034740	125034740	0	2
chr11	125034752	125034784	3.2864	0	0	0.8203	DEL	INV	STRUCTURAL_VARIANT	0	0	125034752	125034752	1	3
chr11	125034785	125054246	2.3262	0	0	1	INV	DEL	BAF_WEIGHTED	14	0.3667	125034785	125034785	0	2
chr11	125054247	126489000	2.7935	521	0.8576	0.9958	DEL	NONE	BAF_WEIGHTED	1349	0.4544	125054247	125054247	0	3
chr11	126489001	128009000	2.4218	1027	0.8466	1.0072	NONE	NONE	BAF_WEIGHTED	1472	0.4133	126489001	126489001	0	2
chr11	128009001	130937000	2.8798	1667	0.8522	0.9923	NONE	NONE	BAF_WEIGHTED	2739	0.4247	128009001	128009001	0	3
chr11	130937001	135086622	2.3501	2465	0.8408	1.0037	NONE	TELOMERE	BAF_WEIGHTED	3415	0.4389	130937001	130937001	0	2
chr12	1	6796727	2.0707	4470	0.8169	0.9919	TELOMERE	DUP	BAF_WEIGHTED	6295	0.4536	1	1	0	2
chr12	6796728	6796826	2.8704	0	0	0.9941	DUP	DEL	STRUCTURAL_VARIANT	0	0	6796728	6796728	0	3
chr12	6796827	6876184	2.3822	9	0.8431	1.0051	DEL	BND	BAF_WEIGHTED	67	0.5325	6796827	6796827	0	2
chr12	6876185	16464379	1.0948	4841	0.7353	0.9827	BND	DUP	BAF_WEIGHTED	8329	0.4013	6876185	6876185	0	1
chr12	16464380	16464416	0.4034	0	0	1	DUP	DEL	STRUCTURAL_VARIANT	0	0	16464380	16464380	0	0
chr12	16464417	22355205	1.0054	3167	0.7344	0.9964	DEL	BND	BAF_WEIGHTED	5516	0.3659	16464417	16464417	0	1
chr12	22355206	29295500	2.0021	3619	0.5567	0.5233	BND	NONE	BAF_WEIGHTED	6528	0.3793	22355206	22355206	1	1
chr12	29295501	29321944	2.7448	25	0.5932	0.6314	NONE	BND	BAF_WEIGHTED	25	0.3768	29295001	29296001	1	2
chr12	29321945	31739460	1.8945	1255	0.5556	0.5422	BND	DEL	BAF_WEIGHTED	2108	0.4056	29321945	29321945	1	1
chr12	31739461	31739497	0.9539	0	0	1	DEL	DEL	STRUCTURAL_VARIANT	0	0	31739461	31739461	0	1
chr12	31739498	35977329	1.9092	2391	0.5545	0.5441	DEL	CENTROMERE	BAF_WEIGHTED	2487	0.3951	31739498	31739498	1	1
chr12	35977330	37982000	1.5863	978	0.5597	0.5653	CENTROMERE	NONE	BAF_WEIGHTED	462	0.3682	35977330	35977330	1	1
chr12	37982001	40618349	2.0167	1486	0.5556	0.5041	NONE	DUP	BAF_WEIGHTED	2287	0.3694	37982001	37982001	1	1
chr12	40618350	40622389	3.3181	5	0.6196	0.6602	DUP	DUP	BAF_WEIGHTED	2	0.472	40618350	40618350	1	2
chr12	40622390	43377670	2.0986	2088	0.5536	0.5217	DUP	DEL	BAF_WEIGHTED	2591	0.3764	40622390	40622390	1	1
chr12	43377671	43381258	1.2577	1	0.7179	0.9128	DEL	DEL	BAF_WEIGHTED	3	0.3583	43377671	43377671	0	1
chr12	43381259	48014794	2.1041	1988	0.5546	0.5308	DEL	DEL	BAF_WEIGHTED	4285	0.3897	43381259	43381259	1	1
chr12	48014795	48125613	1.2317	48	0.7052	0.8926	DEL	DEL	BAF_WEIGHTED	108	0.4204	48014795	48014795	0	1
chr12	48125614	48125657	0.4144	0	0	1	DEL	DEL	STRUCTURAL_VARIANT	0	0	48125614	48125614	0	0
chr12	48125658	75685947	1.1406	13265	0.7046	0.931	DEL	DEL	BAF_WEIGHTED	25436	0.4049	48125658	48125658	0	1
chr12	75685948	77267355	2.1904	828	0.5544	0.5399	DEL	BND	BAF_WEIGHTED	1508	0.391	75685948	75685948	1	1
chr12	77267356	77267416	3.6364	0	0	0.744	BND	BND	STRUCTURAL_VARIANT	0	0	77267356	77267356	1	3
chr12	77267417	91435471	1.9641	5049	0.5576	0.5261	BND	DEL	BAF_WEIGHTED	13342	0.3567	77267417	77267417	1	1
chr12	91435472	91435652	0.9723	0	0	1	DEL	DEL	STRUCTURAL_VARIANT	0	0	91435472	91435472	0	1
chr12	91435653	92855442	2.1642	856	0.5517	0.5379	DEL	DEL	BAF_WEIGHTED	1357	0.3801	91435653	91435653	1	1
chr12	92855443	92856190	0.8532	0	0	1	DEL	DEL	STRUCTURAL_VARIANT	0	0	92855443	92855443	0	1
chr12	92856191	95065759	2.0872	1607	0.5556	0.5209	DEL	DUP	BAF_WEIGHTED	2116	0.4157	92856191	92856191	1	1
chr12	95065760	95069977	2.9743	1	0.5574	0.5653	DUP	DUP	BAF_WEIGHTED	3	0.409	95065760	95065760	1	2
chr12	95069978	98312564	1.9599	1826	0.5573	0.5414	DUP	DEL	BAF_WEIGHTED	3057	0.3968	95069978	95069978	1	1
chr12	98312565	98312615	1.6082	0	0	0.6598	DEL	DEL	STRUCTURAL_VARIANT	0	0	98312565	98312565	1	1
chr12	98312616	98788000	2.035	263	0.5609	0.5091	DEL	NONE	BAF_WEIGHTED	462	0.4192	98312616	98312616	1	1
chr12	98788001	99094000	0.9807	168	0.7248	1	NONE	NONE	BAF_WEIGHTED	300	0.393	98788001	98788001	0	1
chr12	99094001	110297455	1.9709	5381	0.5548	0.5306	NONE	DUP	BAF_WEIGHTED	10668	0.4179	99094001	99094001	1	1
chr12	110297456	110329280	3.1184	4	0.6423	0.6937	DUP	DUP	BAF_WEIGHTED	31	0.4185	110297456	110297456	1	2
chr12	110329281	112329713	2.0348	143	0.5543	0.5362	DUP	DUP	BAF_WEIGHTED	1915	0.4575	110329281	110329281	1	1
chr12	112329714	112483355	3.1022	5	0.5926	0.6262	DUP	DUP	BAF_WEIGHTED	143	0.433	112329714	112329714	1	2
chr12	112483356	112825087	1.9615	67	0.5469	0.5098	DUP	DUP	BAF_WEIGHTED	329	0.4398	112483356	112483356	1	1
chr12	112825088	112830692	2.8788	2	0.6815	0.7525	DUP	DUP	BAF_WEIGHTED	4	0.4257	112825088	112825088	1	2
chr12	112830693	113472000	2.0915	152	0.5591	0.5219	DUP	NONE	BAF_WEIGHTED	607	0.4904	112830693	112830693	1	1
chr12	113472001	115953000	1.7329	1668	0.5561	0.5821	NONE	NONE	BAF_WEIGHTED	2422	0.446	113471001	113473001	1	1
chr12	115953001	116668295	2.1997	361	0.5455	0.5454	NONE	DUP	BAF_WEIGHTED	711	0.4228	115953001	115953001	1	1
chr12	116668296	116709095	3.0372	15	0.6034	0.6417	DUP	DUP	BAF_WEIGHTED	40	0.4571	116668296	116668296	1	2
chr12	116709096	122585415	1.9233	2817	0.558	0.5412	DUP	DEL	BAF_WEIGHTED	5636	0.4575	116709096	116709096	1	1
chr12	122585416	122585487	1.4532	0	0	0.6072	DEL	DEL	STRUCTURAL_VARIANT	0	0	122585416	122585416	1	1
chr12	122585488	123890317	2.0725	617	0.5581	0.5175	DEL	DEL	BAF_WEIGHTED	1188	0.4719	122585488	122585488	1	1
chr12	123890318	123890365	1.0857	0	0	0.9211	DEL	DEL	STRUCTURAL_VARIANT	0	0	123890318	123890318	0	1
chr12	123890366	124852342	2.1519	405	0.5523	0.5295	DEL	DUP	BAF_WEIGHTED	852	0.5096	123890366	123890366	1	1
chr12	124852343	124873207	3.5773	13	0.6061	0.6395	DUP	DUP	BAF_WEIGHTED	18	0.5235	124852343	124852343	1	2
chr12	124873208	125204500	2.0678	252	0.5625	0.5164	DUP	NONE	BAF_WEIGHTED	308	0.4953	124873208	124873208	1	1
chr12	125204501	131093016	1.5922	4323	0.5588	0.5636	NONE	BND	BAF_WEIGHTED	5632	0.4338	125204001	125205001	1	1
chr12	131093017	131100958	2.568	13	0.5714	0.6027	BND	INV	BAF_WEIGHTED	3	0.5808	131093017	131093017	1	2
chr12	131100959	131103562	1.7769	2	0.6128	0.6842	INV	INV	BAF_WEIGHTED	2	0.513	131100959	131100959	1	1
chr12	131103563	131583349	0.8553	617	0.7127	0.9952	INV	DUP	BAF_WEIGHTED	332	0.4901	131103563	131103563	0	1
chr12	131583350	131588602	1.7613	0	0	0.9841	DUP	DUP	NON_DIPLOID	3	0.5417	131583350	131583350	0	2
chr12	131588603	133275309	1.0687	1207	0.7308	0.9738	DUP	TELOMERE	BAF_WEIGHTED	1203	0.5151	131588603	131588603	0	1
chr13	1	17025623	1.9667	0	0	0.5354	TELOMERE	CENTROMERE	LONG_ARM	0	0	1	1	1	1
chr13	17025624	32063250	1.9667	8974	0.5563	0.5354	CENTROMERE	DEL	BAF_WEIGHTED	11933	0.418	17025624	17025624	1	1
chr13	32063251	32063665	0.9248	0	0	1	DEL	DEL	STRUCTURAL_VARIANT	0	0	32063251	32063251	0	1
chr13	32063666	36025732	1.9897	2319	0.5543	0.5234	DEL	DUP	BAF_WEIGHTED	3799	0.3855	32063666	32063666	1	1
chr13	36025733	36457609	3.0008	353	0.6223	0.6682	DUP	DUP	BAF_WEIGHTED	417	0.3871	36025733	36025733	1	2
chr13	36457610	62522518	1.939	13303	0.5557	0.5368	DUP	DEL	BAF_WEIGHTED	24323	0.3813	36457610	36457610	1	1
chr13	62522519	62526479	0.9228	2	0.7906	1	DEL	DEL	BAF_WEIGHTED	3	0.332	62522519	62522519	0	1
chr13	62526480	72982653	1.7844	5222	0.5581	0.5614	DEL	DEL	BAF_WEIGHTED	9907	0.3444	62526480	62526480	1	1
chr13	72982654	72982756	0.8133	0	0	1	DEL	DEL	STRUCTURAL_VARIANT	0	0	72982654	72982654	0	1
chr13	72982757	79191075	1.9922	2721	0.5551	0.5294	DEL	DEL	BAF_WEIGHTED	5917	0.3777	72982757	72982757	1	1
chr13	79191076	79191076	1.3092	0	0	0.7709	DEL	BND	STRUCTURAL_VARIANT	0	0	79191076	79191076	0	1
chr13	79191077	79192368	2.2385	0	0	0.5491	BND	BND	STRUCTURAL_VARIANT	0	0	79191077	79191077	1	1
chr13	79192369	79192372	2.8035	0	0	0.64	BND	DEL	STRUCTURAL_VARIANT	0	0	79192369	79192369	1	2
chr13	79192373	79192554	1.6152	0	0	0.6249	DEL	BND	STRUCTURAL_VARIANT	0	0	79192373	79192373	1	1
chr13	79192555	79192583	1.3512	0	0	0.747	BND	DEL	STRUCTURAL_VARIANT	0	0	79192555	79192555	0	1
chr13	79192584	79192619	2.957	0	0	0.6587	DEL	BND	STRUCTURAL_VARIANT	0	0	79192584	79192584	1	2
chr13	79192620	79192622	1.6508	0	0	0.6114	BND	DEL	STRUCTURAL_VARIANT	0	0	79192620	79192620	1	1
chr13	79192623	79194946	2.3338	0	0	0.5675	DEL	BND	BAF_WEIGHTED	1	0.329	79192623	79192623	1	1
chr13	79194947	79194948	1.1421	0	0	0.8837	BND	BND	STRUCTURAL_VARIANT	0	0	79194947	79194947	0	1
chr13	79194949	91218797	1.8292	6418	0.5569	0.5518	BND	DEL	BAF_WEIGHTED	11455	0.3492	79194949	79194949	1	1
chr13	91218798	91218862	1.0133	0	0	0.9314	DEL	DEL	STRUCTURAL_VARIANT	0	0	91218798	91218798	0	1
chr13	91218863	107101251	1.9934	8874	0.5553	0.5265	DEL	DUP	BAF_WEIGHTED	15214	0.3885	91218863	91218863	1	1
chr13	107101252	107109380	3.0769	0	0	0.6933	DUP	DUP	BAF_WEIGHTED	7	0.3413	107101252	107101252	1	2
chr13	107109381	108499628	1.8242	902	0.5552	0.5499	DUP	DUP	BAF_WEIGHTED	1342	0.3735	107109381	107109381	1	1
chr13	108499629	108502693	2.6124	4	0.59	0.6288	DUP	DUP	BAF_WEIGHTED	2	0.47	108499629	108499629	1	2
chr13	108502694	108765303	1.7607	246	0.5532	0.568	DUP	DUP	BAF_WEIGHTED	249	0.3802	108502694	108502694	1	1
chr13	108765304	109130247	2.8833	285	0.6334	0.6854	DUP	DUP	BAF_WEIGHTED	342	0.3822	108765304	108765304	1	2
chr13	109130248	111476000	2.0878	1371	0.55	0.5203	DUP	NONE	BAF_WEIGHTED	2195	0.4397	109130248	109130248	1	1
chr13	111476001	112003436	1.6553	406	0.5517	0.6041	NONE	DEL	BAF_WEIGHTED	338	0.4776	111476001	111476001	1	1
chr13	112003437	112022402	0.8292	22	0.6927	1	DEL	DEL	BAF_WEIGHTED	17	0.4509	112003437	112003437	0	1
chr13	112022403	112457000	1.6766	388	0.5614	0.5964	DEL	NONE	BAF_WEIGHTED	350	0.4736	112022403	112022403	1	1
chr13	112457001	114364328	2.1386	1196	0.5536	0.5324	NONE	TELOMERE	BAF_WEIGHTED	1479	0.4995	112457001	112457001	1	1
chr14	1	17086761	1.9498	0	0	0.5666	TELOMERE	CENTROMERE	LONG_ARM	0	0	1	1	1	1
chr14	17086762	22828030	1.9498	2343	0.5586	0.5666	CENTROMERE	DEL	BAF_WEIGHTED	2547	0.412	17086762	17086762	1	1
chr14	22828031	22828073	1.4292	0	0	0.5913	DEL	DEL	STRUCTURAL_VARIANT	0	0	22828031	22828031	1	1
chr14	22828074	23297022	2.1548	265	0.5636	0.5359	DEL	BND	BAF_WEIGHTED	451	0.4683	22828074	22828074	1	1
chr14	23297023	24124009	2.8103	227	0.6032	0.6441	BND	DEL	BAF_WEIGHTED	657	0.4593	23297023	23297023	1	2
chr14	24124010	24124686	2.2666	0	0	0.5612	DEL	DEL	STRUCTURAL_VARIANT	0	0	24124010	24124010	1	1
chr14	24124687	36504533	2.8449	7065	0.6078	0.6504	DEL	DEL	BAF_WEIGHTED	11530	0.3828	24124687	24124687	1	2
chr14	36504534	36504573	2.3446	0	0	0.5758	DEL	DEL	STRUCTURAL_VARIANT	0	0	36504534	36504534	1	1
chr14	36504574	37713744	2.8602	816	0.6105	0.654	DEL	DEL	BAF_WEIGHTED	1118	0.3846	36504574	36504574	1	2
chr14	37713745	37713836	1.966	0	0	0.5235	DEL	DEL	STRUCTURAL_VARIANT	0	0	37713745	37713745	1	1
chr14	37713837	49496000	2.6787	5350	0.6057	0.6502	DEL	NONE	BAF_WEIGHTED	10865	0.3571	37713837	37713837	1	2
chr14	49496001	50304268	3.1306	463	0.6104	0.6501	NONE	DEL	BAF_WEIGHTED	776	0.4191	49496001	49496001	1	2
chr14	50304269	50304309	2.3126	0	0	0.5263	DEL	DEL	STRUCTURAL_VARIANT	0	0	50304269	50304269	1	1
chr14	50304310	50673064	3.1126	245	0.6	0.6361	DEL	BND	BAF_WEIGHTED	356	0.3889	50304310	50304310	1	2
chr14	50673065	55871828	1.0951	2820	0.7358	0.9789	BND	DUP	BAF_WEIGHTED	4899	0.4026	50673065	50673065	0	1
chr14	55871829	55874823	1.8174	4	0.7857	0.9625	DUP	DUP	BAF_WEIGHTED	2	0.458	55871829	55871829	0	2
chr14	55874824	74312862	1.0892	9140	0.7392	0.987	DUP	DEL	BAF_WEIGHTED	17394	0.4109	55874824	55874824	0	1
chr14	74312863	74312916	0.502	0	0	1	DEL	DEL	STRUCTURAL_VARIANT	0	0	74312863	74312863	0	1
chr14	74312917	104499998	1.0419	16935	0.7335	0.9872	DEL	DUP	BAF_WEIGHTED	28616	0.4269	74312917	74312917	0	1
chr14	104499999	104556161	2.02	113	0.825	1.006	DUP	DEL	BAF_WEIGHTED	46	0.5135	104499999	104499999	0	2
chr14	104556162	104556700	0.0906	0	0	1	DEL	DEL	STRUCTURAL_VARIANT	0	0	104556162	104556162	0	0
chr14	104556701	104628000	1.8709	26	0.7997	0.98	DEL	NONE	BAF_WEIGHTED	44	0.5642	104556701	104556701	0	2
chr14	104628001	105138876	2.4233	331	0.8358	0.9917	NONE	DUP	BAF_WEIGHTED	297	0.5573	104628001	104628001	0	2
chr14	105138877	107043718	1.0758	1382	0.7393	0.9924	DUP	TELOMERE	BAF_WEIGHTED	631	0.4747	105138877	105138877	0	1
chr15	1	18362626	1.1399	0	0	0.9313	TELOMERE	CENTROMERE	LONG_ARM	0	0	1	1	0	1
chr15	18362627	67241288	1.1399	23602	0.7047	0.9313	CENTROMERE	DUP	BAF_WEIGHTED	39226	0.4122	18362627	18362627	0	1
chr15	67241289	67260738	2.1402	15	0.8097	0.9964	DUP	DUP	BAF_WEIGHTED	17	0.4098	67241289	67241289	0	2
chr15	67260739	85334000	1.0738	8231	0.7356	0.9818	DUP	NONE	BAF_WEIGHTED	15814	0.4393	67260739	67260739	0	1
chr15	85334001	92904876	2.0908	4909	0.8214	0.9955	NONE	DUP	BAF_WEIGHTED	7123	0.4345	85334001	85334001	0	2
chr15	92904877	92904945	3.9729	0	0	0.9982	DUP	DUP	STRUCTURAL_VARIANT	0	0	92904877	92904877	0	4
chr15	92904946	101991189	2.0829	5951	0.8218	0.9967	DUP	TELOMERE	BAF_WEIGHTED	8448	0.413	92904946	92904946	0	2
chr16	1	2888084	2.1673	1215	0.551	0.5386	TELOMERE	DUP	BAF_WEIGHTED	1562	0.5679	1	1	1	1
chr16	2888085	2971778	3.173	60	0.6066	0.6444	DUP	DUP	BAF_WEIGHTED	56	0.5474	2888085	2888085	1	2
chr16	2971779	3031673	2.3681	44	0.5435	0.5777	DUP	DEL	BAF_WEIGHTED	31	0.596	2971779	2971779	1	1
chr16	3031674	3031724	1.1063	0	0	0.9039	DEL	DEL	STRUCTURAL_VARIANT	0	0	3031674	3031674	0	1
chr16	3031725	4325823	2.1458	793	0.5536	0.534	DEL	DEL	BAF_WEIGHTED	1174	0.488	3031725	3031725	1	1
chr16	4325824	4326118	1.2529	0	0	0.7982	DEL	DEL	STRUCTURAL_VARIANT	0	0	4325824	4325824	0	1
chr16	4326119	5152000	2.1361	581	0.55	0.5319	DEL	NONE	BAF_WEIGHTED	652	0.522	4326119	4326119	1	1
chr16	5152001	8783000	1.6125	4329	0.5553	0.5609	NONE	NONE	BAF_WEIGHTED	3490	0.4246	5146001	5158001	1	1
chr16	8783001	31590890	1.9548	11250	0.5555	0.558	NONE	DUP	BAF_WEIGHTED	17839	0.4517	8783001	8783001	1	1
chr16	31590891	31627279	2.7144	19	0.5849	0.6201	DUP	DUP	BAF_WEIGHTED	28	0.3639	31590891	31590891	1	2
chr16	31627280	37295919	1.6963	232	0.5623	0.534	DUP	CENTROMERE	BAF_WEIGHTED	1117	0.3938	31627280	31627280	1	1
chr16	37295920	53257764	1.9124	2712	0.5549	0.5564	CENTROMERE	DEL	BAF_WEIGHTED	6417	0.4285	37295920	37295920	1	1
chr16	53257765	53259617	1.3887	2	0.66	0.7896	DEL	DEL	BAF_WEIGHTED	1	0.331	53257765	53257765	0	1
chr16	53259618	65581333	1.9494	6904	0.5541	0.5482	DEL	DEL	BAF_WEIGHTED	11620	0.4036	53259618	53259618	1	1
chr16	65581334	65581368	1.6282	0	0	0.5409	DEL	DEL	STRUCTURAL_VARIANT	0	0	65581334	65581334	1	1
chr16	65581369	70496002	2.1329	1659	0.5539	0.5325	DEL	DUP	BAF_WEIGHTED	4328	0.4681	65581369	65581369	1	1
chr16	70496003	70667282	3.1997	3	0.5862	0.6163	DUP	DEL	BAF_WEIGHTED	153	0.4707	70496003	70496003	1	2
chr16	70667283	70667295	2.17	0	0	0.5392	DEL	DEL	STRUCTURAL_VARIANT	0	0	70667283	70667283	1	1
chr16	70667296	70667330	2.8905	0	0	0.654	DEL	DUP	STRUCTURAL_VARIANT	0	0	70667296	70667296	1	2
chr16	70667331	71993010	2.1193	743	0.5532	0.5281	DUP	BND	BAF_WEIGHTED	914	0.4487	70667331	70667331	1	1
chr16	71993011	71993208	4.3771	0	0	0.7715	BND	BND	STRUCTURAL_VARIANT	0	0	71993011	71993011	1	3
chr16	71993209	73187906	2.0147	735	0.5538	0.5036	BND	DEL	BAF_WEIGHTED	1126	0.4192	71993209	71993209	1	1
chr16	73187907	73187924	1.065	0	0	0.939	DEL	DUP	STRUCTURAL_VARIANT	0	0	73187907	73187907	0	1
chr16	73187925	73194247	2.1232	4	0.532	0.529	DUP	DEL	BAF_WEIGHTED	6	0.4837	73187925	73187925	1	1
chr16	73194248	73194518	2.9365	0	0	0.7498	DEL	DUP	STRUCTURAL_VARIANT	0	0	73194248	73194248	1	2
chr16	73194519	74268000	1.7382	397	0.5587	0.5774	DUP	NONE	BAF_WEIGHTED	1057	0.4099	73194519	73194519	1	1
chr16	74268001	75405964	2.1781	644	0.5532	0.5408	NONE	DUP	BAF_WEIGHTED	955	0.4551	74268001	74268001	1	1
chr16	75405965	75426020	3.3322	1	0.766	0.8558	DUP	DUP	BAF_WEIGHTED	20	0.4172	75405965	75405965	0	3
chr16	75426021	75627358	2.2211	12	0.543	0.5492	DUP	DUP	BAF_WEIGHTED	179	0.4639	75426021	75426021	1	1
chr16	75627359	75647903	3.2135	1	0.5542	0.5653	DUP	DUP	BAF_WEIGHTED	19	0.4441	75627359	75627359	1	2
chr16	75647904	75657000	2.5813	0	0	0.6111	DUP	NONE	BAF_WEIGHTED	8	0.4256	75647904	75647904	1	2
chr16	75657001	81087000	1.8261	5202	0.5551	0.5498	NONE	NONE	BAF_WEIGHTED	5257	0.4087	75657001	75657001	1	1
chr16	81087001	82243000	2.1966	1496	0.5536	0.5448	NONE	NONE	BAF_WEIGHTED	1112	0.4667	81086001	81087001	1	1
chr16	82243001	83755000	1.6815	1584	0.5577	0.5947	NONE	NONE	BAF_WEIGHTED	1486	0.4224	82243001	82243001	1	1
chr16	83755001	88695801	2.0979	4399	0.5528	0.5356	NONE	DUP	BAF_WEIGHTED	4072	0.511	83755001	83755001	1	1
chr16	88695802	88711135	3.329	15	0.6176	0.6573	DUP	DUP	BAF_WEIGHTED	6	0.6106	88695802	88695802	1	2
chr16	88711136	90338345	2.1539	916	0.5536	0.5357	DUP	TELOMERE	BAF_WEIGHTED	920	0.5525	88711136	88711136	1	1
chr17	1	12136418	1.1134	7810	0.7355	0.9766	TELOMERE	BND	BAF_WEIGHTED	10777	0.4727	1	1	0	1
chr17	12136419	12169180	0.183	1	0.5455	0.5653	BND	BND	BAF_WEIGHTED	28	0.3892	12136419	12136419	0	0
chr17	12169181	19131000	1.0911	3892	0.7334	0.9924	BND	NONE	BAF_WEIGHTED	5473	0.442	12169181	12169181	0	1
chr17	19131001	19285610	9.6057	2	0.8269	0.8652	NONE	INV	BAF_WEIGHTED	47	0.4705	19024001	19238001	1	8
chr17	19285611	19802726	1.143	178	0.7297	0.957	INV	SGL	BAF_WEIGHTED	472	0.4743	19285611	19285611	0	1
chr17	19802727	19997542	9.3059	5	0.8369	0.8773	SGL	INV	BAF_WEIGHTED	187	0.4278	19802727	19802727	1	8
chr17	19997543	21081703	7.9908	152	0.8172	0.8618	INV	DUP	BAF_WEIGHTED	557	0.4363	19997543	19997543	1	7
chr17	21081704	21127139	13.5334	29	0.8954	0.9289	DUP	INV	BAF_WEIGHTED	42	0.4475	21081704	21081704	1	13
chr17	21127140	21289000	6.2358	34	0.7731	0.8215	INV	NONE	BAF_WEIGHTED	152	0.4873	21127140	21127140	1	5
chr17	21289001	24849829	4.9603	211	0.7708	0.8321	NONE	CENTROMERE	BAF_WEIGHTED	318	0.4268	21289001	21290001	1	4
chr17	24849830	26739616	8.0165	6	0.8492	0.8984	CENTROMERE	INV	BAF_WEIGHTED	67	0.3785	24849830	24849830	1	7
chr17	26739617	26779958	14.9057	0	0	0.9305	INV	INV	STRUCTURAL_VARIANT	0	0.6583	26739617	26739617	1	14
chr17	26779959	26878088	14.1204	0	0	0.9266	INV	DEL	NON_DIPLOID	86	0.386	26779959	26779959	1	13
chr17	26878089	26878288	9.5468	0	0	0.8915	DEL	DEL	STRUCTURAL_VARIANT	0	0	26878089	26878089	1	9
chr17	26878289	26938219	16.238	0	0	0.9362	DEL	SGL	STRUCTURAL_VARIANT	0	0.4503	26878289	26878289	1	15
chr17	26938220	27277981	15.8613	60	0.9075	0.9347	SGL	DEL	BAF_WEIGHTED	185	0.401	26938220	26938220	1	15
chr17	27277982	27278028	15.9445	0	0	0.935	DEL	DEL	STRUCTURAL_VARIANT	0	0	27277982	27277982	1	15
chr17	27278029	27634130	17.9494	41	0.9088	0.9344	DEL	BND	BAF_WEIGHTED	338	0.4789	27278029	27278029	1	17
chr17	27634131	27694636	15.6175	0	0	0.9367	BND	BND	BAF_WEIGHTED	38	0.5011	27634131	27634131	1	15
chr17	27694637	28245462	17.4534	141	0.9164	0.9434	BND	INV	BAF_WEIGHTED	499	0.4267	27694637	27694637	1	16
chr17	28245463	28245570	24.676	0	0	0.9599	INV	INV	STRUCTURAL_VARIANT	0	0	28245463	28245463	1	24
chr17	28245571	28247512	17.317	0	0	0.9429	INV	INV	BAF_WEIGHTED	1	0.557	28245571	28245571	1	16
chr17	28247513	28697668	9.2913	136	0.8472	0.889	INV	DUP	BAF_WEIGHTED	414	0.4826	28247513	28247513	1	8
chr17	28697669	28725146	17.5889	0	0	0.9414	DUP	DUP	BAF_WEIGHTED	25	0.5464	28697669	28697669	1	17
chr17	28725147	28777339	20.6286	0	0	0.95	DUP	DUP	BAF_WEIGHTED	43	0.5183	28725147	28725147	1	20
chr17	28777340	28982473	17.0841	6	0.9114	0.9385	DUP	INV	BAF_WEIGHTED	196	0.4827	28777340	28777340	1	16
chr17	28982474	29501846	8.3793	308	0.8288	0.873	INV	SGL	BAF_WEIGHTED	499	0.4642	28982474	28982474	1	7
chr17	29501847	30002122	6.115	48	0.7801	0.8315	SGL	DUP	BAF_WEIGHTED	462	0.4294	29501847	29501847	1	5
chr17	30002123	35228519	0.9916	2539	0.7172	0.9818	DUP	DEL	BAF_WEIGHTED	4612	0.4404	30002123	30002123	0	1
chr17	35228520	35228562	0.3554	0	0	1	DEL	DEL	STRUCTURAL_VARIANT	0	0	35228520	35228520	0	0
chr17	35228563	39934972	1.1113	1358	0.734	0.9712	DEL	DEL	BAF_WEIGHTED	3662	0.4593	35228563	35228563	0	1
chr17	39934973	39935016	0.4194	0	0	1	DEL	DEL	STRUCTURAL_VARIANT	0	0	39934973	39934973	0	0
chr17	39935017	47665149	1.1454	2180	0.7372	0.9706	DEL	BND	BAF_WEIGHTED	6059	0.4771	39935017	39935017	0	1
chr17	47665150	49587977	2.1441	646	0.8257	0.998	BND	DEL	BAF_WEIGHTED	1812	0.4688	47665150	47665150	0	2
chr17	49587978	49588027	1.3198	0	0	0.964	DEL	DEL	STRUCTURAL_VARIANT	0	0	49587978	49587978	0	1
chr17	49588028	51325000	2.3058	852	0.8222	0.9794	DEL	NONE	BAF_WEIGHTED	1617	0.4792	49588028	49588028	0	2
chr17	51325001	55496802	1.8913	2408	0.8242	1.0172	NONE	DEL	BAF_WEIGHTED	3981	0.379	51325001	51325001	0	2
chr17	55496803	55530241	1.2526	52	0.7273	0.9315	DEL	DEL	BAF_WEIGHTED	26	0.4094	55496803	55496803	0	1
chr17	55530242	55698366	2.0692	201	0.8167	0.9889	DEL	DEL	BAF_WEIGHTED	162	0.3943	55530242	55530242	0	2
chr17	55698367	55698415	0.6798	0	0	1	DEL	DEL	STRUCTURAL_VARIANT	0	0	55698367	55698367	0	1
chr17	55698416	60285425	2.1777	1931	0.8268	0.9959	DEL	DUP	BAF_WEIGHTED	4226	0.4335	55698416	55698416	0	2
chr17	60285426	60810832	3.2834	192	0.8667	0.9923	DUP	DUP	BAF_WEIGHTED	489	0.4146	60285426	60285426	0	3
chr17	60810833	63192037	2.1294	768	0.8171	0.9849	DUP	DUP	BAF_WEIGHTED	2030	0.408	60810833	60810833	0	2
chr17	63192038	63201459	3.206	4	0.9037	1.0454	DUP	DUP	BAF_WEIGHTED	8	0.3523	63192038	63192038	0	3
chr17	63201460	68056388	2.1879	2025	0.8249	0.9925	DUP	BND	BAF_WEIGHTED	4423	0.4391	63201460	63201460	0	2
chr17	68056389	68512309	2.6645	172	0.8523	1.0005	BND	DEL	BAF_WEIGHTED	373	0.4561	68056389	68056389	0	3
chr17	68512310	68514312	2.1564	0	0	1	DEL	DEL	BAF_WEIGHTED	1	0.426	68512310	68512310	0	2
chr17	68514313	71505793	2.5355	1652	0.8457	0.9989	DEL	DEL	BAF_WEIGHTED	2879	0.38	68514313	68514313	0	3
chr17	71505794	71505833	1.9784	0	0	0.9986	DEL	DEL	STRUCTURAL_VARIANT	0	0	71505794	71505794	0	2
chr17	71505834	73529579	2.6688	1213	0.8532	1.0006	DEL	DUP	BAF_WEIGHTED	1982	0.4493	71505834	71505834	0	3
chr17	73529580	73542875	10.141	14	0.7208	0.7454	DUP	DEL	BAF_WEIGHTED	12	0.5415	73529580	73529580	3	8
chr17	73542876	76002915	2.5878	1170	0.8443	0.9956	DEL	INV	BAF_WEIGHTED	2204	0.5092	73542876	73542876	0	3
chr17	76002916	76416868	9.8	228	0.7143	0.7389	INV	INV	BAF_WEIGHTED	354	0.5025	76002916	76002916	3	7
chr17	76416869	76419462	2.9154	0	0	0.8777	INV	DEL	BAF_WEIGHTED	2	0.526	76416869	76416869	0	3
chr17	76419463	76809691	10.0361	179	0.7193	0.7437	DEL	DUP	BAF_WEIGHTED	339	0.496	76419463	76419463	3	7
chr17	76809692	77358440	2.5596	444	0.8396	0.9884	DUP	DEL	BAF_WEIGHTED	519	0.5025	76809692	76809692	0	3
chr17	77358441	77358591	0.1735	0	0	1	DEL	DEL	STRUCTURAL_VARIANT	0	0	77358441	77358441	0	0
chr17	77358592	77604263	2.726	138	0.8418	0.9829	DEL	BND	BAF_WEIGHTED	208	0.5336	77358592	77358592	0	3
chr17	77604264	77604366	3.5691	0	0	0.9869	BND	BND	STRUCTURAL_VARIANT	0	0	77604264	77604264	0	4
chr17	77604367	77604666	2.6384	0	0	0.9823	BND	BND	STRUCTURAL_VARIANT	0	0	77604367	77604367	0	3
chr17	77604667	77606190	3.1087	8	0.9024	1.048	BND	BND	BAF_WEIGHTED	1	0.405	77604667	77604667	0	3
chr17	77606191	77606193	4.2275	0	0	0.9898	BND	BND	STRUCTURAL_VARIANT	0	0	77606191	77606191	0	4
chr17	77606194	78374146	3.5469	570	0.8686	0.9878	BND	DEL	BAF_WEIGHTED	681	0.5	77606194	77606194	0	4
chr17	78374147	78380515	3.1055	4	0.8538	0.982	DEL	DEL	BAF_WEIGHTED	4	0.5192	78374147	78374147	0	3
chr17	78380516	78739013	3.7522	341	0.8732	0.9851	DEL	DUP	BAF_WEIGHTED	348	0.5026	78380516	78380516	0	4
chr17	78739014	79407344	4.4327	408	0.8957	0.9999	DUP	DUP	BAF_WEIGHTED	585	0.5307	78739014	78739014	0	4
chr17	79407345	79920807	3.3729	432	0.8725	0.9968	DUP	INV	BAF_WEIGHTED	433	0.5349	79407345	79407345	0	3
chr17	79920808	79928039	10.5365	12	0.65	0.666	INV	DUP	BAF_WEIGHTED	5	0.5826	79920808	79920808	4	7
chr17	79928040	81904548	3.6887	1257	0.8778	0.993	DUP	DUP	BAF_WEIGHTED	1419	0.5411	79928040	79928040	0	4
chr17	81904549	81998918	4.1437	3	0.9043	1.0141	DUP	DUP	BAF_WEIGHTED	52	0.5887	81904549	81904549	0	4
chr17	81998919	82916756	3.7536	744	0.8734	0.9853	DUP	BND	BAF_WEIGHTED	678	0.5428	81998919	81998919	0	4
chr17	82916757	82924053	4.69	9	0.8778	0.9684	BND	BND	BAF_WEIGHTED	7	0.5064	82916757	82916757	0	5
chr17	82924054	83257441	3.661	313	0.8734	0.9881	BND	TELOMERE	BAF_WEIGHTED	190	0.5324	82924054	82924054	0	4
chr18	1	1604701	1.917	1416	0.5562	0.5215	TELOMERE	DEL	BAF_WEIGHTED	1395	0.3986	1	1	1	1
chr18	1604702	1604743	1.4146	0	0	0.6651	DEL	DEL	STRUCTURAL_VARIANT	0	0	1604702	1604702	0	1
chr18	1604744	5947488	1.9988	3354	0.5554	0.5293	DEL	DUP	BAF_WEIGHTED	4157	0.3912	1604744	1604744	1	1
chr18	5947489	7025092	3.0121	685	0.6351	0.6856	DUP	DUP	BAF_WEIGHTED	1038	0.4012	5947489	5947489	1	2
chr18	7025093	9311163	1.9463	1540	0.5578	0.5243	DUP	DUP	BAF_WEIGHTED	2168	0.4185	7025093	7025093	1	1
chr18	9311164	10057055	3.1283	611	0.6098	0.6487	DUP	DUP	BAF_WEIGHTED	725	0.4206	9311164	9311164	1	2
chr18	10057056	18161052	1.9721	3924	0.5593	0.5443	DUP	CENTROMERE	BAF_WEIGHTED	3717	0.4295	10057056	10057056	1	1
chr18	18161053	22883687	2.05	736	0.5532	0.5123	CENTROMERE	DUP	BAF_WEIGHTED	1844	0.4073	18161053	18161053	1	1
chr18	22883688	22964403	3.1005	0	0	0.7018	DUP	DUP	BAF_WEIGHTED	72	0.3734	22883688	22883688	1	2
chr18	22964404	38615654	1.9638	6618	0.5545	0.5292	DUP	DUP	BAF_WEIGHTED	14946	0.3883	22964404	22964404	1	1
chr18	38615655	39164357	2.708	121	0.64	0.6982	DUP	DEL	BAF_WEIGHTED	541	0.365	38615655	38615655	1	2
chr18	39164358	39164445	1.8435	0	0	0.5566	DEL	DEL	STRUCTURAL_VARIANT	0	0	39164358	39164358	1	1
chr18	39164446	39225783	2.7133	1	0.7885	0.9081	DEL	DUP	BAF_WEIGHTED	58	0.3559	39164446	39164446	0	2
chr18	39225784	39712958	1.8561	195	0.551	0.5388	DUP	DEL	BAF_WEIGHTED	472	0.3697	39225784	39225784	1	1
chr18	39712959	39712994	0.7827	0	0	1	DEL	DEL	STRUCTURAL_VARIANT	0	0	39712959	39712959	0	1
chr18	39712995	39724936	1.92	1	0.5625	0.5208	DEL	DUP	BAF_WEIGHTED	10	0.3537	39712995	39712995	1	1
chr18	39724937	39733139	2.8306	1	0.6667	0.733	DUP	DUP	BAF_WEIGHTED	8	0.3616	39724937	39724937	1	2
chr18	39733140	40928317	1.846	681	0.5567	0.5418	DUP	DUP	BAF_WEIGHTED	1150	0.3601	39733140	39733140	1	1
chr18	40928318	40932022	3.0857	0	0	0.7336	DUP	DUP	BAF_WEIGHTED	3	0.3887	40928318	40928318	1	2
chr18	40932023	43423199	1.8396	692	0.553	0.5532	DUP	DEL	BAF_WEIGHTED	2398	0.3664	40932023	40932023	1	1
chr18	43423200	43423307	0.9648	0	0	1	DEL	DEL	STRUCTURAL_VARIANT	0	0	43423200	43423200	0	1
chr18	43423308	44425584	1.7934	703	0.556	0.5586	DEL	BND	BAF_WEIGHTED	933	0.3601	43423308	43423308	1	1
chr18	44425585	56883610	1.05	5496	0.7343	0.9811	BND	DEL	BAF_WEIGHTED	11812	0.4101	44425585	44425585	0	1
chr18	56883611	56883656	0.0943	0	0	1	DEL	DEL	STRUCTURAL_VARIANT	0	0	56883611	56883611	0	0
chr18	56883657	60662633	1.0716	2604	0.7344	0.9781	DEL	DEL	BAF_WEIGHTED	3586	0.4163	56883657	56883657	0	1
chr18	60662634	60662784	0.0521	0	0	1	DEL	DEL	STRUCTURAL_VARIANT	0	0	60662634	60662634	0	0
chr18	60662785	62217921	1.049	905	0.7388	0.982	DEL	DEL	BAF_WEIGHTED	1485	0.3828	60662785	60662785	0	1
chr18	62217922	62218337	0	0	0	1	DEL	DEL	STRUCTURAL_VARIANT	0	0	62217922	62217922	0	0
chr18	62218338	79876961	0.9915	11525	0.7326	0.9928	DEL	DUP	BAF_WEIGHTED	16708	0.3894	62218338	62218338	0	1
chr18	79876962	79891128	1.9484	7	0.8125	0.9929	DUP	DUP	BAF_WEIGHTED	10	0.5193	79876962	79876962	0	2
chr18	79891129	80373285	1.155	35	0.7241	0.9434	DUP	TELOMERE	BAF_WEIGHTED	316	0.4738	79891129	79891129	0	1
chr19	1	3222182	1.1073	1940	0.7366	0.9773	TELOMERE	BND	BAF_WEIGHTED	1884	0.57	1	1	0	1
chr19	3222183	4162185	2.0404	768	0.5547	0.5099	BND	DEL	BAF_WEIGHTED	704	0.5566	3222183	3222183	1	1
chr19	4162186	4162410	0.9868	0	0	1	DEL	DEL	STRUCTURAL_VARIANT	0	0	4162186	4162186	0	1
chr19	4162411	14752117	2.0105	5675	0.5537	0.5167	DEL	INV	BAF_WEIGHTED	9176	0.5018	4162411	4162411	1	1
chr19	14752118	14764360	3.0975	25	0.6442	0.7001	INV	INV	BAF_WEIGHTED	11	0.455	14752118	14752118	1	2
chr19	14764361	14774500	3.7776	5	0.6842	0.7391	INV	NONE	BAF_WEIGHTED	7	0.5251	14764361	14764361	1	3
chr19	14774501	16435154	1.871	1224	0.5532	0.5534	NONE	DUP	BAF_WEIGHTED	1517	0.4802	14774001	14775001	1	1
chr19	16435155	16605501	3.1271	51	0.6296	0.6762	DUP	DUP	BAF_WEIGHTED	154	0.5168	16435155	16435155	1	2
chr19	16605502	16957143	1.9437	104	0.5417	0.5145	DUP	DEL	BAF_WEIGHTED	333	0.4984	16605502	16605502	1	1
chr19	16957144	16957220	1.0818	0	0	0.9244	DEL	DEL	STRUCTURAL_VARIANT	0	0	16957144	16957144	0	1
chr19	16957221	18233244	2.0217	851	0.5532	0.5054	DEL	DEL	BAF_WEIGHTED	1125	0.5282	16957221	16957221	1	1
chr19	18233245	18233886	1.0707	0	0	0.934	DEL	DEL	STRUCTURAL_VARIANT	0	0	18233245	18233245	0	1
chr19	18233887	18314251	2.0292	84	0.5455	0.5072	DEL	INV	BAF_WEIGHTED	67	0.5543	18233887	18233887	1	1
chr19	18314252	18314281	1.3247	0	0	0.6491	INV	INV	STRUCTURAL_VARIANT	0	0	18314252	18314252	0	1
chr19	18314282	18315444	1.9154	0	0	0.5511	INV	INV	STRUCTURAL_VARIANT	0	0	18314282	18314282	1	1
chr19	18315445	18335138	1.2109	0	0	0.7101	INV	INV	BAF_WEIGHTED	19	0.5065	18315445	18315445	0	1
chr19	18335139	25844926	1.8673	4887	0.5572	0.5395	INV	CENTROMERE	BAF_WEIGHTED	5022	0.4369	18335139	18335139	1	1
chr19	25844927	29018475	1.6208	1505	0.5574	0.5685	CENTROMERE	DUP	BAF_WEIGHTED	1540	0.4183	25844927	25844927	1	1
chr19	29018476	29595000	2.4275	580	0.6064	0.6554	DUP	NONE	BAF_WEIGHTED	531	0.4748	29018476	29018476	1	2
chr19	29595001	30098000	2.8929	270	0.6179	0.6637	NONE	NONE	BAF_WEIGHTED	476	0.4676	29595001	29595001	1	2
chr19	30098001	30528306	2.3931	29	0.6119	0.6645	NONE	DUP	BAF_WEIGHTED	402	0.4697	30098001	30098001	1	2
chr19	30528307	34825203	1.8368	2082	0.5566	0.5475	DUP	DUP	BAF_WEIGHTED	4030	0.4536	30528307	30528307	1	1
chr19	34825204	34891755	2.6519	8	0.611	0.6581	DUP	DUP	BAF_WEIGHTED	57	0.4344	34825204	34825204	1	2
chr19	34891756	35750675	2.0274	599	0.5547	0.5121	DUP	DUP	BAF_WEIGHTED	767	0.5033	34891756	34891756	1	1
chr19	35750676	35818020	3.0581	37	0.6579	0.716	DUP	DUP	BAF_WEIGHTED	50	0.5526	35750676	35750676	1	2
chr19	35818021	36748794	1.9956	369	0.55	0.5011	DUP	DEL	BAF_WEIGHTED	796	0.463	35818021	35818021	1	1
chr19	36748795	36792689	0.9708	0	0	1	DEL	DEL	BAF_WEIGHTED	39	0.4422	36748795	36748795	0	1
chr19	36792690	37746781	1.8845	110	0.5556	0.5307	DEL	DUP	BAF_WEIGHTED	847	0.4121	36792690	36792690	1	1
chr19	37746782	37995149	3.0003	127	0.6364	0.6875	DUP	DUP	BAF_WEIGHTED	230	0.4517	37746782	37746782	1	2
chr19	37995150	43510713	2.0264	2610	0.5593	0.5268	DUP	DUP	BAF_WEIGHTED	4218	0.4941	37995150	37995150	1	1
chr19	43510714	44018989	3.1618	225	0.6268	0.672	DUP	DUP	BAF_WEIGHTED	481	0.4593	43510714	43510714	1	2
chr19	44018990	48179030	2.0759	2699	0.554	0.529	DUP	BND	BAF_WEIGHTED	3638	0.4932	44018990	44018990	1	1
chr19	48179031	48202281	3.1299	30	0.6261	0.6714	BND	BND	BAF_WEIGHTED	19	0.4926	48179031	48179031	1	2
chr19	48202282	48474768	2.128	182	0.5541	0.5301	BND	DUP	BAF_WEIGHTED	233	0.5042	48202282	48202282	1	1
chr19	48474769	48494430	3.4075	2	0.6297	0.6725	DUP	DUP	BAF_WEIGHTED	11	0.5848	48474769	48474769	1	2
chr19	48494431	58617616	1.9032	8051	0.5587	0.5461	DUP	TELOMERE	BAF_WEIGHTED	8371	0.48	48494431	48494431	1	1
chr20	1	802197	2.0932	458	0.5536	0.5292	TELOMERE	DEL	BAF_WEIGHTED	685	0.4543	1	1	1	1
chr20	802198	802955	1.1338	0	0	0.8492	DEL	DEL	STRUCTURAL_VARIANT	0	0	802198	802198	0	1
chr20	802956	2982380	2.0371	1142	0.5555	0.5274	DEL	DUP	BAF_WEIGHTED	2042	0.4534	802956	802956	1	1
chr20	2982381	3847199	3.2564	805	0.6202	0.6617	DUP	DUP	BAF_WEIGHTED	768	0.4733	2982381	2982381	1	2
chr20	3847200	12686131	2.0655	6211	0.5546	0.5269	DUP	DUP	BAF_WEIGHTED	8451	0.3995	3847200	3847200	1	1
chr20	12686132	12691625	2.8689	0	0	0.6594	DUP	DUP	BAF_WEIGHTED	4	0.3942	12686132	12686132	1	2
chr20	12691626	17017658	1.9656	2822	0.5543	0.5226	DUP	DUP	BAF_WEIGHTED	4151	0.3898	12691626	12691626	1	1
chr20	17017659	17022076	2.4851	0	0	0.6224	DUP	DUP	BAF_WEIGHTED	4	0.3855	17017659	17017659	1	2
chr20	17022077	21405000	2.0625	2528	0.5549	0.5368	DUP	NONE	BAF_WEIGHTED	4183	0.4272	17022077	17022077	1	1
chr20	21405001	24911000	1.7118	1894	0.5539	0.5847	NONE	NONE	BAF_WEIGHTED	3142	0.4346	21405001	21405001	1	1
chr20	24911001	28237289	2.196	939	0.5517	0.5446	NONE	CENTROMERE	BAF_WEIGHTED	742	0.47	24911001	24911001	1	1
chr20	28237290	41700000	2.0905	4986	0.5538	0.5382	CENTROMERE	NONE	BAF_WEIGHTED	9968	0.4557	28237290	28237290	1	1
chr20	41700001	42670000	1.6918	472	0.5597	0.5911	NONE	NONE	BAF_WEIGHTED	933	0.4209	41700001	41700001	1	1
chr20	42670001	54681000	2.0878	6486	0.5536	0.529	NONE	NONE	BAF_WEIGHTED	11475	0.4523	42670001	42670001	1	1
chr20	54681001	56349000	1.6799	908	0.5581	0.5953	NONE	NONE	BAF_WEIGHTED	1552	0.3877	54681001	54681001	1	1
chr20	56349001	60087000	2.1145	1986	0.5518	0.5375	NONE	NONE	BAF_WEIGHTED	3585	0.4678	56349001	56349001	1	1
chr20	60087001	61843500	1.666	1176	0.5556	0.6002	NONE	NONE	BAF_WEIGHTED	1686	0.4621	60087001	60087001	1	1
chr20	61843501	64444167	2.1361	1643	0.5517	0.5319	NONE	TELOMERE	BAF_WEIGHTED	1523	0.5651	61843001	61844001	1	1
chr21	1	11890183	1.974	0	0	0.5128	TELOMERE	CENTROMERE	LONG_ARM	0	0	1	1	1	1
chr21	11890184	14767662	1.974	1261	0.5533	0.5128	CENTROMERE	DUP	BAF_WEIGHTED	684	0.37	11890184	11890184	1	1
chr21	14767663	14775506	2.7217	12	0.6266	0.679	DUP	DUP	BAF_WEIGHTED	7	0.3869	14767663	14767663	1	2
chr21	14775507	25887503	1.9176	6377	0.5565	0.5422	DUP	DUP	BAF_WEIGHTED	10673	0.3584	14775507	14775507	1	1
chr21	25887504	25972869	3.1499	53	0.619	0.6615	DUP	DUP	BAF_WEIGHTED	77	0.3994	25887504	25887504	1	2
chr21	25972870	37239978	2.0986	6690	0.5552	0.5321	DUP	DEL	BAF_WEIGHTED	10570	0.409	25972870	25972870	1	1
chr21	37239979	37240011	1.4251	0	0	0.689	DEL	DEL	STRUCTURAL_VARIANT	0	0	37239979	37239979	0	1
chr21	37240012	37290258	2.2933	28	0.5491	0.5639	DEL	DEL	BAF_WEIGHTED	46	0.4348	37240012	37240012	1	1
chr21	37290259	37290291	1.3595	0	0	0.6948	DEL	DEL	STRUCTURAL_VARIANT	0	0	37290259	37290259	0	1
chr21	37290292	39883000	2.0428	1034	0.5492	0.5376	DEL	NONE	BAF_WEIGHTED	2517	0.4258	37290292	37290292	1	1
chr21	39883001	41092000	1.7055	1015	0.5556	0.5863	NONE	NONE	BAF_WEIGHTED	1155	0.4142	39883001	39883001	1	1
chr21	41092001	46709983	2.1686	3808	0.552	0.5417	NONE	TELOMERE	BAF_WEIGHTED	4213	0.5013	41092001	41092001	1	1
chr22	1	14004552	1.742	0	0	0.5648	TELOMERE	CENTROMERE	BAF_WEIGHTED	1	0.339	1	1	1	1
chr22	14004553	17851216	2.015	1710	0.5582	0.5117	CENTROMERE	DUP	BAF_WEIGHTED	957	0.4611	14004553	14004553	1	1
chr22	17851217	18042578	3.2386	157	0.625	0.6684	DUP	DUP	BAF_WEIGHTED	168	0.4848	17851217	17851217	1	2
chr22	18042579	20827871	2.1118	1058	0.5535	0.5262	DUP	DEL	BAF_WEIGHTED	1503	0.5079	18042579	18042579	1	1
chr22	20827872	20827906	1.6645	0	0	0.6011	DEL	DEL	STRUCTURAL_VARIANT	0	0	20827872	20827872	1	1
chr22	20827907	21578563	2.0759	161	0.55	0.5183	DEL	DUP	BAF_WEIGHTED	269	0.5011	20827907	20827907	1	1
chr22	21578564	21593382	3.117	0	0	0.722	DUP	DUP	BAF_WEIGHTED	14	0.493	21578564	21578564	1	2
chr22	21593383	23517471	1.9343	1241	0.558	0.552	DUP	BND	BAF_WEIGHTED	1541	0.4739	21593383	21593383	1	1
chr22	23517472	23517606	3.0141	0	0	0.7125	BND	BND	STRUCTURAL_VARIANT	0	0	23517472	23517472	1	2
chr22	23517607	23517616	2.4167	0	0	0.6415	BND	DUP	STRUCTURAL_VARIANT	0	0	23517607	23517607	1	2
chr22	23517617	23534870	3.46	37	0.6506	0.6996	DUP	DUP	BAF_WEIGHTED	12	0.569	23517617	23517617	1	2
chr22	23534871	24682500	2.2105	387	0.5513	0.545	DUP	NONE	BAF_WEIGHTED	790	0.4942	23534871	23534871	1	1
chr22	24682501	27659560	1.8601	2187	0.5563	0.5487	NONE	DUP	BAF_WEIGHTED	2598	0.46	24682001	24683001	1	1
chr22	27659561	27662449	2.5554	2	0.6309	0.6885	DUP	DUP	BAF_WEIGHTED	2	0.4395	27659561	27659561	1	2
chr22	27662450	32678000	2.1107	1584	0.5535	0.5284	DUP	NONE	BAF_WEIGHTED	4587	0.4587	27662450	27662450	1	1
chr22	32678001	35219000	1.7619	1876	0.5531	0.5601	NONE	NONE	BAF_WEIGHTED	2456	0.4322	32678001	32678001	1	1
chr22	35219001	45594439	2.1226	6394	0.553	0.5323	NONE	BND	BAF_WEIGHTED	9352	0.4935	35219001	35219001	1	1
chr22	45594440	45594440	1.463	0	0	0.6786	BND	BND	STRUCTURAL_VARIANT	0	0	45594440	45594440	0	1
chr22	45594441	45596980	2.274	0	0	0.5634	BND	DEL	STRUCTURAL_VARIANT	0	0.49	45594441	45594441	1	1
chr22	45596981	45597024	1.4548	0	0	0.6824	DEL	DEL	STRUCTURAL_VARIANT	0	0	45596981	45596981	0	1
chr22	45597025	45797308	2.2367	40	0.5514	0.5554	DEL	DUP	BAF_WEIGHTED	194	0.4305	45597025	45597025	1	1
chr22	45797309	47216000	3.2361	941	0.619	0.6604	DUP	NONE	BAF_WEIGHTED	1147	0.5218	45797309	45797309	1	2
chr22	47216001	49717000	2.5131	1833	0.6167	0.6689	NONE	NONE	BAF_WEIGHTED	2254	0.4884	47216001	47216001	1	2
chr22	49717001	50399244	3.259	321	0.6245	0.6675	NONE	SGL	BAF_WEIGHTED	452	0.5458	49717001	49717001	1	2
chr22	50399245	50420658	4.337	0	0	0.7502	SGL	INV	BAF_WEIGHTED	19	0.5092	50399245	50399245	1	3
chr22	50420659	50422938	2.7348	0	0	0.6038	INV	INV	BAF_WEIGHTED	1	0.427	50420659	50420659	1	2
chr22	50422939	50444509	2.1168	0	0	0.5119	INV	DUP	BAF_WEIGHTED	11	0.5628	50422939	50422939	1	1
chr22	50444510	50818468	1.1425	189	0.7255	0.9476	DUP	TELOMERE	BAF_WEIGHTED	192	0.5508	50444510	50444510	0	1
chrX	1	4640401	0.9886	3884	0.7389	1.0023	TELOMERE	INV	BAF_WEIGHTED	3517	0.4447	1	1	0	1
chrX	4640402	4665399	-0.0023	4	0.5719	1	INV	INV	BAF_WEIGHTED	24	0.3785	4640402	4640402	0	0
chrX	4665400	9890162	0.9565	2224	0.7414	1.0012	INV	INV	BAF_WEIGHTED	4884	0.3977	4665400	4665400	0	1
chrX	9890163	9890300	0	0	0	1	INV	INV	STRUCTURAL_VARIANT	0	0	9890163	9890163	0	0
chrX	9890301	19805480	1.0639	2569	0.7416	0.9989	INV	DUP	BAF_WEIGHTED	9292	0.4064	9890301	9890301	0	1
chrX	19805481	19876407	2.2763	21	0.8605	1.0387	DUP	DUP	BAF_WEIGHTED	70	0.4379	19805481	19805481	0	2
chrX	19876408	32552646	1.0087	4287	0.7422	1.0072	DUP	DEL	BAF_WEIGHTED	11945	0.3794	19876408	19876408	0	1
chrX	32552647	32914232	0.2477	158	0.6111	1	DEL	DEL	BAF_WEIGHTED	347	0.3631	32552647	32552647	0	0
chrX	32914233	51853067	1.0474	4283	0.7379	0.9907	DEL	BND	BAF_WEIGHTED	16867	0.4032	32914233	32914233	0	1
chrX	51853068	51853518	2.1957	0	0	0.9955	BND	BND	STRUCTURAL_VARIANT	0	0	51853068	51853068	0	2
chrX	51853519	56161096	1.0795	210	0.7172	0.9367	BND	INV	BAF_WEIGHTED	3257	0.415	51853519	51853519	0	1
chrX	56161097	56162278	1.8275	0	0	0.5533	INV	DEL	STRUCTURAL_VARIANT	0	0	56161097	56161097	1	1
chrX	56162279	56166695	1.016	0	0	0.9952	DEL	INV	BAF_WEIGHTED	2	0.366	56162279	56162279	0	1
chrX	56166696	56177508	1.5486	0	0	0.6529	INV	DEL	BAF_WEIGHTED	4	0.4037	56166696	56166696	1	1
chrX	56177509	56709676	2.2601	1	0.6538	0.7304	DEL	BND	BAF_WEIGHTED	398	0.3863	56177509	56177509	1	2
chrX	56709677	56709747	2.7231	0	0	0.7228	BND	BND	STRUCTURAL_VARIANT	0	0	56709677	56709677	1	2
chrX	56709748	60509060	1.7618	105	0.5556	0.5716	BND	CENTROMERE	BAF_WEIGHTED	1450	0.3939	56709748	56709748	1	1
chrX	60509061	84139770	1.853	4557	0.5588	0.5424	CENTROMERE	DEL	BAF_WEIGHTED	18283	0.3902	60509061	60509061	1	1
chrX	84139771	84139847	0.8147	0	0	1	DEL	DEL	STRUCTURAL_VARIANT	0	0	84139771	84139771	0	1
chrX	84139848	96791915	1.7481	5297	0.561	0.572	DEL	DEL	BAF_WEIGHTED	8615	0.3601	84139848	84139848	1	1
chrX	96791916	96791986	1.372	0	0	0.5453	DEL	DEL	STRUCTURAL_VARIANT	0	0	96791916	96791916	1	1
chrX	96791987	112020916	1.877	2938	0.5612	0.5321	DEL	DUP	BAF_WEIGHTED	13569	0.3872	96791987	96791987	1	1
chrX	112020917	112026341	2.7916	0	0	0.7138	DUP	DUP	BAF_WEIGHTED	5	0.3964	112020917	112020917	1	2
chrX	112026342	138234000	1.8047	7852	0.5604	0.5573	DUP	NONE	BAF_WEIGHTED	23424	0.3886	112026342	112026342	1	1
chrX	138234001	139847195	2.3653	316	0.569	0.6018	NONE	DEL	BAF_WEIGHTED	1475	0.382	138232001	138236001	1	1
chrX	139847196	139866893	1.08	0	0	1	DEL	DEL	BAF_WEIGHTED	15	0.4167	139847196	139847196	0	1
chrX	139866894	154457038	2.3119	5294	0.573	0.6065	DEL	DUP	BAF_WEIGHTED	12264	0.3989	139866894	139866894	1	1
chrX	154457039	154468372	3.654	0	0	0.6163	DUP	DUP	STRUCTURAL_VARIANT	0	0.6519	154457039	154457039	1	2
chrX	154468373	154494099	4.8169	2	0.6254	0.6547	DUP	DUP	BAF_WEIGHTED	18	0.5668	154468373	154468373	2	3
chrX	154494100	154744752	3.5532	5	0.5556	0.5629	DUP	DUP	BAF_WEIGHTED	142	0.4649	154494100	154494100	2	2
chrX	154744753	156040895	2.4719	165	0.5616	0.5665	DUP	TELOMERE	BAF_WEIGHTED	969	0.3864	154744753	154744753	1	1
