chromosome	start	end	copyNumber	bafCount	observedBAF	baf	segmentStartSupport	segmentEndSupport	method	depthWindowCount	gcContent	minStart	maxStart	minor_cn	major_cn
chr1	1	1104841	1.9388	72	0.5936	0.6292	TELOMERE	DUP	BAF_WEIGHTED	69	0.6144	1	1	1	1
chr1	1104842	1161769	2.7286	3	0.5286	0.5703	DUP	DUP	BAF_WEIGHTED	25	0.601	1104842	1104842	1	2
chr1	1161770	1164938	4.0513	0	0	0.7182	DUP	DUP	STRUCTURAL_VARIANT	0	0.6915	1161770	1161770	1	3
chr1	1164939	1226934	2.6565	41	0.5538	0.5703	DUP	DUP	BAF_WEIGHTED	18	0.6039	1164939	1164939	1	2
chr1	1226935	7693000	1.596	3508	0.5824	0.6218	DUP	NONE	BAF_WEIGHTED	4857	0.5133	1226935	1226935	1	1
chr1	7693001	9657723	1.9809	930	0.5814	0.6122	NONE	BND	BAF_WEIGHTED	1848	0.4657	7693001	7693001	1	1
chr1	9657724	9658016	2.8892	0	0	0.767	BND	BND	STRUCTURAL_VARIANT	0	0	9657724	9657724	1	2
chr1	9658017	16628744	1.7313	2676	0.5775	0.6111	BND	INV	BAF_WEIGHTED	5837	0.4767	9658017	9658017	1	1
chr1	16628745	16629142	1.9829	0	0	0.6432	INV	BND	STRUCTURAL_VARIANT	0	0	16628745	16628745	1	1
chr1	16629143	16629381	1.8504	0	0	0.6176	BND	INV	STRUCTURAL_VARIANT	0	0	16629143	16629143	1	1
chr1	16629382	16629469	2.4719	0	0	0.7138	INV	BND	STRUCTURAL_VARIANT	0	0	16629382	16629382	1	2
chr1	16629470	42139304	1.7898	10801	0.5777	0.6047	BND	DUP	BAF_WEIGHTED	23585	0.4698	16629470	16629470	1	1
chr1	42139305	42156019	2.9182	0	0	0.7575	DUP	DUP	BAF_WEIGHTED	15	0.5062	42139305	42139305	1	2
chr1	42156020	44750286	1.8838	788	0.5833	0.616	DUP	DEL	BAF_WEIGHTED	2472	0.4569	42156020	42156020	1	1
chr1	44750287	44750318	1.3933	0	0	0.5199	DEL	DEL	STRUCTURAL_VARIANT	0	0	44750287	44750287	1	1
chr1	44750319	53566872	1.8023	1957	0.5903	0.6288	DEL	INV	BAF_WEIGHTED	8049	0.4267	44750319	44750319	1	1
chr1	53566873	53567063	2.4066	0	0	0.722	INV	INV	STRUCTURAL_VARIANT	0	0	53566873	53566873	1	2
chr1	53567064	55181688	1.8716	785	0.5882	0.6231	INV	DEL	BAF_WEIGHTED	1531	0.4702	53567064	53567064	1	1
chr1	55181689	55182787	1.131	0	0	0.5597	DEL	DEL	STRUCTURAL_VARIANT	0	0	55181689	55181689	0	1
chr1	55182788	57892599	1.7088	1355	0.5903	0.6296	DEL	INV	BAF_WEIGHTED	2613	0.4061	55182788	55182788	1	1
chr1	57892600	57892606	2.9365	0	0	0.7616	INV	INV	STRUCTURAL_VARIANT	0	0	57892600	57892600	1	2
chr1	57892607	61085518	1.8027	1519	0.5821	0.6117	INV	DUP	BAF_WEIGHTED	2977	0.4024	57892607	57892607	1	1
chr1	61085519	61149519	2.9822	24	0.6929	0.7407	DUP	DUP	BAF_WEIGHTED	63	0.3718	61085519	61085519	1	2
chr1	61149520	63018126	1.9236	759	0.5859	0.6192	DUP	DEL	BAF_WEIGHTED	1794	0.4032	61149520	61149520	1	1
chr1	63018127	63018186	1.2942	0	0	0.5745	DEL	DEL	STRUCTURAL_VARIANT	0	0	63018127	63018127	1	1
chr1	63018187	64716531	1.9495	975	0.5859	0.6186	DEL	INV	BAF_WEIGHTED	1638	0.4031	63018187	63018187	1	1
chr1	64716532	64716544	0.7397	0	0	1	INV	INV	STRUCTURAL_VARIANT	0	0	64716532	64716532	0	1
chr1	64716545	66168679	1.8899	928	0.5784	0.6094	INV	DUP	BAF_WEIGHTED	1345	0.3916	64716545	64716545	1	1
chr1	66168680	66212545	3.3538	42	0.6871	0.7284	DUP	DUP	BAF_WEIGHTED	28	0.3664	66168680	66168680	1	2
chr1	66212546	66345678	2.2106	81	0.5833	0.6112	DUP	INV	BAF_WEIGHTED	131	0.3901	66212546	66212546	1	1
chr1	66345679	66399060	2.7641	32	0.6236	0.6567	INV	INV	BAF_WEIGHTED	53	0.3907	66345679	66345679	1	2
chr1	66399061	68196116	1.9214	852	0.5862	0.6195	INV	DUP	BAF_WEIGHTED	1708	0.3976	66399061	66399061	1	1
chr1	68196117	68215514	2.796	0	0	0.7837	DUP	DUP	BAF_WEIGHTED	18	0.3911	68196117	68196117	1	2
chr1	68215515	71267312	1.635	1444	0.5892	0.6301	DUP	DUP	BAF_WEIGHTED	2856	0.3706	68215515	68215515	1	1
chr1	71267313	71270693	2.8005	1	0.6182	0.6494	DUP	DUP	BAF_WEIGHTED	2	0.3495	71267313	71267313	1	2
chr1	71270694	76309328	1.5504	2654	0.5858	0.627	DUP	DEL	BAF_WEIGHTED	4707	0.3599	71270694	71270694	1	1
chr1	76309329	76309365	0.9295	0	0	1	DEL	DEL	STRUCTURAL_VARIANT	0	0	76309329	76309329	0	1
chr1	76309366	79632945	1.7669	1590	0.5901	0.629	DEL	DEL	BAF_WEIGHTED	3131	0.3744	76309366	76309366	1	1
chr1	79632946	81096786	0.5925	778	0.7279	1	DEL	DUP	BAF_WEIGHTED	1371	0.3492	79632946	79632946	0	1
chr1	81096787	81099740	1.3113	3	0.8485	1.0451	DUP	DUP	BAF_WEIGHTED	2	0.356	81096787	81096787	0	1
chr1	81099741	81726486	0.6517	263	0.745	1	DUP	DEL	BAF_WEIGHTED	609	0.3728	81099741	81099741	0	1
chr1	81726487	81726527	0.4516	0	0	1	DEL	DEL	STRUCTURAL_VARIANT	0	0	81726487	81726487	0	0
chr1	81726528	85297049	0.7236	1988	0.7235	1	DEL	DEL	BAF_WEIGHTED	3113	0.3759	81726528	81726528	0	1
chr1	85297050	85297091	0.1921	0	0	1	DEL	DEL	STRUCTURAL_VARIANT	0	0	85297050	85297050	0	0
chr1	85297092	89883121	0.7788	1710	0.7405	1	DEL	DEL	BAF_WEIGHTED	4200	0.3841	85297092	85297092	0	1
chr1	89883122	94792425	1.9035	2744	0.5825	0.6147	DEL	DEL	BAF_WEIGHTED	4575	0.4009	89883122	89883122	1	1
chr1	94792426	94792471	1.0644	0	0	1	DEL	DEL	STRUCTURAL_VARIANT	0	0	94792426	94792426	0	1
chr1	94792472	99651458	1.7508	2220	0.5828	0.618	DEL	BND	BAF_WEIGHTED	4610	0.3692	94792472	94792472	1	1
chr1	99651459	99651462	0.9524	0	0	1	BND	BND	STRUCTURAL_VARIANT	0	0	99651459	99651459	0	1
chr1	99651463	113570464	1.5514	6123	0.5709	0.5965	BND	DUP	BAF_WEIGHTED	12656	0.387	99651463	99651463	1	1
chr1	113570465	113652388	2.4876	55	0.68	0.7335	DUP	DUP	BAF_WEIGHTED	71	0.3649	113570465	113570465	1	2
chr1	113652389	123605522	1.6407	2347	0.5748	0.6069	DUP	CENTROMERE	BAF_WEIGHTED	5920	0.4074	113652389	113652389	1	1
chr1	123605523	150658380	2.8307	1514	0.6945	0.747	CENTROMERE	DEL	BAF_WEIGHTED	1894	0.4319	123605523	123605523	1	2
chr1	150658381	150658414	2.4317	0	0	0.7055	DEL	DEL	STRUCTURAL_VARIANT	0	0	150658381	150658381	1	2
chr1	150658415	152059000	3.0193	591	0.6983	0.7467	DEL	NONE	BAF_WEIGHTED	1343	0.4483	150658415	150658415	1	2
chr1	152059001	153479000	2.5208	578	0.7076	0.769	NONE	NONE	BAF_WEIGHTED	1185	0.4139	152059001	152059001	1	2
chr1	153479001	155805272	2.9003	455	0.6991	0.7493	NONE	DUP	BAF_WEIGHTED	2081	0.4717	153479001	153479001	1	2
chr1	155805273	155815708	3.4407	0	0	0.7887	DUP	DUP	BAF_WEIGHTED	8	0.4486	155805273	155805273	1	3
chr1	155815709	157172500	2.9689	426	0.6928	0.7408	DUP	NONE	BAF_WEIGHTED	1267	0.4938	155815709	155815709	1	2
chr1	157172501	159495205	2.5242	1309	0.6967	0.7549	NONE	DEL	BAF_WEIGHTED	2089	0.3997	157172001	157173001	1	2
chr1	159495206	159495246	2.2505	0	0	0.7251	DEL	DEL	STRUCTURAL_VARIANT	0	0	159495206	159495206	1	2
chr1	159495247	161186551	2.7689	543	0.7003	0.7532	DEL	BND	BAF_WEIGHTED	1549	0.4417	159495247	159495247	1	2
chr1	161186552	162076804	2.9428	321	0.6939	0.7426	BND	DUP	BAF_WEIGHTED	653	0.4253	161186552	161186552	1	2
chr1	162076805	162079680	3.9502	3	0.7465	0.7927	DUP	DUP	BAF_WEIGHTED	2	0.4365	162076805	162076805	1	3
chr1	162079681	163369169	2.8395	602	0.708	0.7621	DUP	DEL	BAF_WEIGHTED	1197	0.4009	162079681	162079681	1	2
chr1	163369170	163369201	1.8859	0	0	0.674	DEL	DEL	STRUCTURAL_VARIANT	0	0	163369170	163369170	1	1
chr1	163369202	165839445	2.5668	1554	0.7019	0.7605	DEL	DEL	BAF_WEIGHTED	2337	0.3976	163369202	163369202	1	2
chr1	165839446	165895770	2.1221	30	0.6036	0.6397	DEL	DEL	BAF_WEIGHTED	54	0.4277	165839446	165839446	1	1
chr1	165895771	166818000	2.3662	531	0.6981	0.76	DEL	NONE	BAF_WEIGHTED	819	0.4039	165895771	165895771	1	2
chr1	166818001	172619000	2.7691	2877	0.7006	0.7552	NONE	NONE	BAF_WEIGHTED	5472	0.3939	166818001	166818001	1	2
chr1	172619001	181385795	2.6313	3729	0.701	0.7577	NONE	DUP	BAF_WEIGHTED	8179	0.4039	172619001	172619001	1	2
chr1	181385796	181404231	3.4723	0	0	0.8164	DUP	DUP	BAF_WEIGHTED	18	0.4516	181385796	181385796	1	3
chr1	181404232	182062000	2.4209	358	0.6949	0.7545	DUP	NONE	BAF_WEIGHTED	626	0.4232	181404232	181404232	1	2
chr1	182062001	184878964	2.8384	1303	0.7055	0.7589	NONE	DEL	BAF_WEIGHTED	2707	0.4097	182062001	182062001	1	2
chr1	184878965	184879009	1.5244	0	0	0.5511	DEL	DEL	STRUCTURAL_VARIANT	0	0	184878965	184878965	1	1
chr1	184879010	185700000	2.9417	322	0.7044	0.7553	DEL	NONE	BAF_WEIGHTED	773	0.3866	184879010	184879010	1	2
chr1	185700001	186520000	2.6385	325	0.7018	0.7584	NONE	NONE	BAF_WEIGHTED	765	0.3606	185700001	185700001	1	2
chr1	186520001	189101298	2.2429	977	0.6975	0.7631	NONE	DEL	BAF_WEIGHTED	2433	0.3503	186520001	186520001	1	2
chr1	189101299	189101727	1.3787	0	0	0.6146	DEL	DEL	STRUCTURAL_VARIANT	0	0	189101299	189101299	1	1
chr1	189101728	189999573	2.2109	434	0.7034	0.7715	DEL	DEL	BAF_WEIGHTED	843	0.3366	189101728	189101728	1	2
chr1	189999574	189999610	1.9703	0	0	0.7263	DEL	DEL	STRUCTURAL_VARIANT	0	0	189999574	189999574	1	1
chr1	189999611	192466000	2.2716	1088	0.6979	0.7626	DEL	NONE	BAF_WEIGHTED	2384	0.3398	189999611	189999611	1	2
chr1	192466001	193260000	2.9143	379	0.6998	0.7497	NONE	NONE	BAF_WEIGHTED	748	0.3693	192466001	192466001	1	2
chr1	193260001	194891680	2.2339	470	0.6876	0.7508	NONE	DEL	BAF_WEIGHTED	1550	0.3524	193260001	193260001	1	2
chr1	194891681	194892192	1.2962	0	0	0.5748	DEL	DEL	STRUCTURAL_VARIANT	0	0	194891681	194891681	1	1
chr1	194892193	197049000	2.2492	990	0.6916	0.755	DEL	NONE	BAF_WEIGHTED	1915	0.3428	194892193	194892193	1	2
chr1	197049001	199335000	2.7341	872	0.6897	0.741	NONE	NONE	BAF_WEIGHTED	2190	0.3591	197049001	197049001	1	2
chr1	199335001	200352000	2.3837	491	0.6939	0.7541	NONE	NONE	BAF_WEIGHTED	971	0.3893	199335001	199335001	1	2
chr1	200352001	201966915	2.7629	982	0.6964	0.749	NONE	DEL	BAF_WEIGHTED	1542	0.4622	200352001	200352001	1	2
chr1	201966916	201971334	2.0374	5	0.8684	1.0022	DEL	DEL	BAF_WEIGHTED	4	0.3908	201966916	201966916	0	2
chr1	201971335	214902931	2.6683	5374	0.6951	0.7493	DEL	DEL	BAF_WEIGHTED	11752	0.4353	201971335	201971335	1	2
chr1	214902932	214902977	1.7744	0	0	0.623	DEL	DEL	STRUCTURAL_VARIANT	0	0	214902932	214902932	1	1
chr1	214902978	215566057	2.5575	25	0.6729	0.7215	DEL	DUP	BAF_WEIGHTED	625	0.3681	214902978	214902978	1	2
chr1	215566058	215572916	4.3483	1	0.7439	0.7854	DUP	DUP	BAF_WEIGHTED	4	0.4462	215566058	215566058	1	3
chr1	215572917	215903707	2.4776	207	0.6839	0.7405	DUP	DEL	BAF_WEIGHTED	319	0.371	215572917	215572917	1	2
chr1	215903708	215903749	1.9659	0	0	0.6896	DEL	DEL	STRUCTURAL_VARIANT	0	0	215903708	215903708	1	1
chr1	215903750	218276000	2.5259	1306	0.6996	0.7584	DEL	NONE	BAF_WEIGHTED	2304	0.3702	215903750	215903750	1	2
chr1	218276001	218954108	2.9199	349	0.6964	0.7462	NONE	DUP	BAF_WEIGHTED	659	0.3888	218276001	218276001	1	2
chr1	218954109	218956429	3.4855	0	0	0.7921	DUP	DUP	BAF_WEIGHTED	1	0.338	218954109	218954109	1	3
chr1	218956430	220378549	2.8905	807	0.6979	0.7492	DUP	DUP	BAF_WEIGHTED	1324	0.3832	218956430	218956430	1	2
chr1	220378550	220384719	3.1162	2	0.7166	0.768	DUP	DUP	BAF_WEIGHTED	5	0.44	220378550	220378550	1	2
chr1	220384720	222240689	2.5908	901	0.6875	0.7403	DUP	DEL	BAF_WEIGHTED	1768	0.3963	220384720	220384720	1	2
chr1	222240690	222240755	1.8573	0	0	0.6378	DEL	DEL	STRUCTURAL_VARIANT	0	0	222240690	222240690	1	1
chr1	222240756	222787953	2.6485	224	0.6781	0.7307	DEL	DEL	BAF_WEIGHTED	470	0.3996	222240756	222240756	1	2
chr1	222787954	222789047	2.2544	0	0	0.6934	DEL	DEL	BAF_WEIGHTED	1	0.421	222787954	222787954	1	2
chr1	222789048	225706340	2.7326	1168	0.6951	0.7471	DEL	BND	BAF_WEIGHTED	2540	0.4202	222789048	222789048	1	2
chr1	225706341	226089425	4.051	141	0.7763	0.8268	BND	DEL	BAF_WEIGHTED	359	0.4718	225706341	225706341	1	3
chr1	226089426	226105630	2.659	5	0.6914	0.7446	DEL	DEL	BAF_WEIGHTED	15	0.4782	226089426	226089426	1	2
chr1	226105631	226980819	3.8026	448	0.7688	0.821	DEL	DEL	BAF_WEIGHTED	829	0.4644	226105631	226105631	1	3
chr1	226980820	226980851	3.04	0	0	0.7842	DEL	DEL	STRUCTURAL_VARIANT	0	0	226980820	226980820	1	2
chr1	226980852	230988922	3.6623	2221	0.7675	0.8209	DEL	DEL	BAF_WEIGHTED	3549	0.4479	226980852	226980852	1	3
chr1	230988923	230988954	2.7096	0	0	0.7579	DEL	DEL	STRUCTURAL_VARIANT	0	0	230988923	230988923	1	2
chr1	230988955	232664001	3.8536	908	0.7736	0.826	DEL	DEL	BAF_WEIGHTED	1589	0.4207	230988955	230988955	1	3
chr1	232664002	232665166	1.7694	0	0	0.6076	DEL	DEL	STRUCTURAL_VARIANT	0	0	232664002	232664002	1	1
chr1	232665167	235659005	3.9033	1231	0.7704	0.8221	DEL	DEL	BAF_WEIGHTED	2844	0.4229	232665167	232665167	1	3
chr1	235659006	235659221	2.6223	0	0	0.7353	DEL	DEL	STRUCTURAL_VARIANT	0	0	235659006	235659006	1	2
chr1	235659222	236375672	3.7894	552	0.7693	0.8226	DEL	INV	BAF_WEIGHTED	693	0.4183	235659222	235659222	1	3
chr1	236375673	236375871	3.027	0	0	0.7779	INV	INV	STRUCTURAL_VARIANT	0	0	236375673	236375673	1	2
chr1	236375872	237209967	3.4135	533	0.7682	0.8257	INV	DEL	BAF_WEIGHTED	793	0.4222	236375872	236375872	1	3
chr1	237209968	237210100	2.7685	0	0	0.812	DEL	DEL	STRUCTURAL_VARIANT	0	0	237209968	237209968	1	2
chr1	237210101	239461382	3.0453	1368	0.7649	0.8291	DEL	DEL	BAF_WEIGHTED	2197	0.3729	237210101	237210101	1	3
chr1	239461383	239461416	2.7302	0	0	0.8093	DEL	DEL	STRUCTURAL_VARIANT	0	0	239461383	239461383	1	2
chr1	239461417	239565132	3.064	28	0.7853	0.8541	DEL	DEL	BAF_WEIGHTED	103	0.3763	239461417	239461417	0	3
chr1	239565133	239565164	1.8975	0	0	0.7144	DEL	DEL	STRUCTURAL_VARIANT	0	0	239565133	239565133	1	1
chr1	239565165	240567971	3.1548	756	0.7659	0.8282	DEL	INV	BAF_WEIGHTED	969	0.3946	239565165	239565165	1	3
chr1	240567972	240567974	3.7362	0	0	0.855	INV	INV	STRUCTURAL_VARIANT	0	0	240567972	240567972	1	3
chr1	240567975	241470000	3.1689	521	0.7674	0.8298	INV	NONE	BAF_WEIGHTED	866	0.398	240567975	240567975	1	3
chr1	241470001	242004000	3.8252	542	0.7563	0.8066	NONE	NONE	BAF_WEIGHTED	527	0.3992	241470001	241470001	1	3
chr1	242004001	243045500	3.161	615	0.7656	0.8278	NONE	NONE	BAF_WEIGHTED	679	0.4074	242004001	242004001	1	3
chr1	243045501	245392852	3.6565	1296	0.7696	0.823	NONE	DEL	BAF_WEIGHTED	2110	0.4149	242879001	243212001	1	3
chr1	245392853	245392911	3.4701	0	0	0.8135	DEL	DEL	STRUCTURAL_VARIANT	0	0	245392853	245392853	1	3
chr1	245392912	246838525	4.1154	750	0.7799	0.8304	DEL	DUP	BAF_WEIGHTED	1326	0.422	245392912	245392912	1	3
chr1	246838526	246845558	5.0674	6	0.8276	0.8754	DUP	DUP	BAF_WEIGHTED	4	0.3882	246838526	246838526	1	4
chr1	246845559	247500000	3.8344	533	0.7812	0.8354	DUP	NONE	BAF_WEIGHTED	595	0.4273	246845559	246845559	1	3
chr1	247500001	248294855	3.2955	542	0.7778	0.8402	NONE	DEL	BAF_WEIGHTED	661	0.374	247500001	247500001	1	3
chr1	248294856	248294888	2.1316	0	0	0.7529	DEL	DEL	STRUCTURAL_VARIANT	0	0	248294856	248294856	1	2
chr1	248294889	248956422	3.4855	339	0.7846	0.8486	DEL	TELOMERE	BAF_WEIGHTED	281	0.3874	248294889	248294889	1	3
chr2	1	14697206	1.0229	7266	0.7827	0.9832	TELOMERE	DUP	BAF_WEIGHTED	13746	0.4248	1	1	0	1
chr2	14697207	14701946	2.0654	0	0	0.9917	DUP	DUP	BAF_WEIGHTED	3	0.371	14697207	14697207	0	2
chr2	14701947	17300547	1.0244	1229	0.7869	0.9995	DUP	DUP	BAF_WEIGHTED	2491	0.4126	14701947	14701947	0	1
chr2	17300548	17304166	1.9979	0	0	0.9997	DUP	DEL	BAF_WEIGHTED	3	0.431	17300548	17300548	0	2
chr2	17304167	17304487	0.8344	0	0	1	DEL	DEL	STRUCTURAL_VARIANT	0	0	17304167	17304167	0	1
chr2	17304488	17304746	2.0752	0	0	0.9997	DEL	DUP	STRUCTURAL_VARIANT	0	0	17304488	17304488	0	2
chr2	17304747	18842354	1.1046	752	0.7925	0.9884	DUP	DUP	BAF_WEIGHTED	1450	0.3904	17304747	17304747	0	1
chr2	18842355	18847353	2.0615	0	0	0.9956	DUP	DUP	BAF_WEIGHTED	4	0.4157	18842355	18842355	0	2
chr2	18847354	22714174	1.049	1567	0.7926	0.9914	DUP	DEL	BAF_WEIGHTED	3674	0.4056	18847354	18847354	0	1
chr2	22714175	22714321	0.1746	0	0	1	DEL	DEL	STRUCTURAL_VARIANT	0	0	22714175	22714175	0	0
chr2	22714322	27247067	1.1597	1770	0.787	0.9756	DEL	DEL	BAF_WEIGHTED	4308	0.4453	22714322	22714322	0	1
chr2	27247068	27247117	0.1364	0	0	1	DEL	DEL	STRUCTURAL_VARIANT	0	0	27247068	27247068	0	0
chr2	27247118	29648266	1.2386	1183	0.7966	0.9749	DEL	DEL	BAF_WEIGHTED	2324	0.4371	27247118	27247118	0	1
chr2	29648267	29648449	0	0	0	1	DEL	DEL	STRUCTURAL_VARIANT	0	0	29648267	29648267	0	0
chr2	29648450	36544251	1.089	4610	0.7955	0.9935	DEL	DUP	BAF_WEIGHTED	6485	0.3967	29648450	29648450	0	1
chr2	36544252	36571504	2.3081	30	0.8651	0.9822	DUP	DUP	BAF_WEIGHTED	26	0.374	36544252	36544252	0	2
chr2	36571505	38471581	1.2346	1179	0.7838	0.9538	DUP	BND	BAF_WEIGHTED	1744	0.4049	36571505	36571505	0	1
chr2	38471582	38730741	2.3595	234	0.549	0.5762	BND	DUP	BAF_WEIGHTED	250	0.4296	38471582	38471582	1	1
chr2	38730742	38748434	3.0502	5	0.5833	0.6035	DUP	DUP	BAF_WEIGHTED	17	0.4362	38730742	38730742	1	2
chr2	38748435	39792000	2.3372	286	0.5565	0.5721	DUP	NONE	BAF_WEIGHTED	1012	0.3979	38748435	38748435	1	1
chr2	39792001	41835000	1.9158	1180	0.5558	0.5328	NONE	NONE	BAF_WEIGHTED	1933	0.3678	39792001	39792001	1	1
chr2	41835001	43226000	2.344	858	0.5548	0.5635	NONE	NONE	BAF_WEIGHTED	1342	0.4519	41835001	41835001	1	1
chr2	43226001	44912273	1.2241	1048	0.794	0.9726	NONE	BND	BAF_WEIGHTED	1634	0.4013	43224001	43228001	0	1
chr2	44912274	47136801	2.3278	1305	0.5503	0.5711	BND	DUP	BAF_WEIGHTED	2130	0.4392	44912274	44912274	1	1
chr2	47136802	47168492	3.3159	0	0	0.6989	DUP	DUP	BAF_WEIGHTED	31	0.3994	47136802	47136802	1	2
chr2	47168493	47488000	2.4176	80	0.5547	0.5864	DUP	NONE	BAF_WEIGHTED	310	0.4427	47168493	47168493	1	1
chr2	47488001	47665000	1.9436	95	0.5556	0.5141	NONE	NONE	BAF_WEIGHTED	168	0.4729	47488001	47488001	1	1
chr2	47665001	50403627	3.2549	1655	0.6549	0.6911	NONE	SGL	BAF_WEIGHTED	2589	0.3863	47665001	47665001	1	2
chr2	50403628	52113256	1.8355	1254	0.5581	0.557	SGL	DUP	BAF_WEIGHTED	1631	0.353	50403628	50403628	1	1
chr2	52113257	52132710	2.4483	20	0.573	0.595	DUP	DUP	BAF_WEIGHTED	18	0.3328	52113257	52113257	1	1
chr2	52132711	53088250	1.7492	752	0.5605	0.5808	DUP	DUP	BAF_WEIGHTED	917	0.3598	52132711	52132711	1	1
chr2	53088251	53096500	2.4965	0	0	0.7063	DUP	DUP	BAF_WEIGHTED	7	0.3859	53088251	53088251	1	2
chr2	53096501	53641000	1.8664	499	0.5577	0.5358	DUP	NONE	BAF_WEIGHTED	516	0.3812	53096501	53096501	1	1
chr2	53641001	56026000	2.2749	1151	0.5552	0.5618	NONE	NONE	BAF_WEIGHTED	2289	0.3984	53641001	53641001	1	1
chr2	56026001	60208000	1.8722	1803	0.5606	0.5451	NONE	NONE	BAF_WEIGHTED	3896	0.3695	56026001	56026001	1	1
chr2	60208001	61864512	2.1978	525	0.5503	0.5455	NONE	DUP	BAF_WEIGHTED	1614	0.4196	60208001	60208001	1	1
chr2	61864513	61880035	3.1524	6	0.6635	0.7019	DUP	DUP	BAF_WEIGHTED	15	0.4049	61864513	61864513	1	2
chr2	61880036	63838631	2.3042	527	0.5515	0.5591	DUP	DEL	BAF_WEIGHTED	1830	0.3941	61880036	61880036	1	1
chr2	63838632	63838842	1.3382	0	0	0.735	DEL	DEL	STRUCTURAL_VARIANT	0	0	63838632	63838632	0	1
chr2	63838843	74166339	2.099	5610	0.557	0.5314	DEL	INV	BAF_WEIGHTED	9587	0.4181	63838843	63838843	1	1
chr2	74166340	74166473	2.1295	0	0	0.5381	INV	INV	STRUCTURAL_VARIANT	0	0	74166340	74166340	1	1
chr2	74166474	75729000	2.1601	743	0.56	0.5371	INV	NONE	BAF_WEIGHTED	1485	0.4278	74166474	74166474	1	1
chr2	75729001	82597408	1.6954	4506	0.5628	0.5684	NONE	DEL	BAF_WEIGHTED	6442	0.3623	75729001	75729001	1	1
chr2	82597409	82597454	0.795	0	0	1	DEL	DEL	STRUCTURAL_VARIANT	0	0	82597409	82597409	0	1
chr2	82597455	83922000	1.6554	616	0.5625	0.5703	DEL	NONE	BAF_WEIGHTED	1261	0.3535	82597455	82597455	1	1
chr2	83922001	88968490	2.0793	1867	0.5586	0.5406	NONE	DEL	BAF_WEIGHTED	3608	0.429	83922001	83922001	1	1
chr2	88968491	88973203	0.8661	0	0	1	DEL	DEL	BAF_WEIGHTED	4	0.4605	88968491	88968491	0	1
chr2	88973204	93139350	1.7069	78	0.5728	0.5792	DEL	CENTROMERE	BAF_WEIGHTED	52	0.4153	88973204	88973204	1	1
chr2	93139351	101549148	1.1148	2656	0.7809	0.9674	CENTROMERE	DEL	BAF_WEIGHTED	5079	0.4435	93139351	93139351	0	1
chr2	101549149	101549195	0.4914	0	0	1	DEL	DEL	STRUCTURAL_VARIANT	0	0	101549149	101549149	0	0
chr2	101549196	103004730	1.1019	908	0.7796	0.9662	DEL	DEL	BAF_WEIGHTED	1405	0.4094	101549196	101549196	0	1
chr2	103004731	103004868	0.0756	0	0	1	DEL	DEL	STRUCTURAL_VARIANT	0	0	103004731	103004731	0	0
chr2	103004869	121134981	1.0046	7115	0.7859	0.9869	DEL	BND	BAF_WEIGHTED	15136	0.4104	103004869	103004869	0	1
chr2	121134982	121152199	2.2965	15	0.8571	0.9721	BND	BND	BAF_WEIGHTED	17	0.4545	121134982	121134982	0	2
chr2	121152200	141612965	0.9813	9453	0.783	0.9896	BND	DUP	BAF_WEIGHTED	17685	0.3991	121152200	121152200	0	1
chr2	141612966	141624664	1.797	25	0.8824	1.0398	DUP	DUP	BAF_WEIGHTED	11	0.3588	141612966	141612966	0	2
chr2	141624665	146167074	1.0448	1336	0.7799	0.9765	DUP	DUP	BAF_WEIGHTED	4350	0.3619	141624665	141624665	0	1
chr2	146167075	146171144	1.896	3	0.7742	0.8812	DUP	DUP	BAF_WEIGHTED	3	0.3143	146167075	146167075	0	2
chr2	146171145	146756872	0.9096	13	0.84	1	DUP	DEL	BAF_WEIGHTED	560	0.3493	146171145	146171145	0	1
chr2	146756873	146756978	0.0997	0	0	1	DEL	DEL	STRUCTURAL_VARIANT	0	0	146756873	146756873	0	0
chr2	146756979	148218383	1.0133	548	0.7742	0.9629	DEL	DEL	BAF_WEIGHTED	1388	0.3716	146756979	146756979	0	1
chr2	148218384	148218464	0.6345	0	0	1	DEL	DEL	STRUCTURAL_VARIANT	0	0	148218384	148218384	0	1
chr2	148218465	148698213	1.1059	214	0.7825	0.9734	DEL	INV	BAF_WEIGHTED	436	0.3859	148218465	148218465	0	1
chr2	148698214	151185651	0.0514	1275	0.6118	1	INV	BND	BAF_WEIGHTED	2360	0.3874	148698214	148698214	0	0
chr2	151185652	152782000	1.2826	706	0.7921	0.9611	BND	NONE	BAF_WEIGHTED	1504	0.3974	151185652	151185652	0	1
chr2	152782001	155794000	0.9391	1406	0.7878	0.9999	NONE	NONE	BAF_WEIGHTED	2836	0.3555	152782001	152782001	0	1
chr2	155794001	163277000	2.1516	2209	0.5568	0.5476	NONE	NONE	BAF_WEIGHTED	6986	0.3765	155794001	155794001	1	1
chr2	163277001	163698000	3.1898	104	0.6335	0.6645	NONE	NONE	BAF_WEIGHTED	414	0.3637	163277001	163277001	1	2
chr2	163698001	165653648	2.1194	852	0.5606	0.5201	NONE	DUP	BAF_WEIGHTED	1862	0.3607	163698001	163698001	1	1
chr2	165653649	165656991	3.1763	3	0.5333	0.5703	DUP	DUP	BAF_WEIGHTED	2	0.401	165653649	165653649	1	2
chr2	165656992	186694000	2.0056	9202	0.5585	0.5387	DUP	NONE	BAF_WEIGHTED	19793	0.3798	165656992	165656992	1	1
chr2	186694001	187309418	1.8846	327	0.5625	0.5306	NONE	DEL	BAF_WEIGHTED	593	0.3674	186694001	186694001	1	1
chr2	187309419	187309628	0.9589	0	0	1	DEL	DEL	STRUCTURAL_VARIANT	0	0	187309419	187309419	0	1
chr2	187309629	189047000	1.795	829	0.56	0.5571	DEL	NONE	BAF_WEIGHTED	1645	0.3503	187309629	187309629	1	1
chr2	189047001	190694389	2.1903	588	0.5593	0.5477	NONE	DUP	BAF_WEIGHTED	1560	0.3754	189047001	189047001	1	1
chr2	190694390	190697601	3.6629	0	0	0.6725	DUP	DUP	BAF_WEIGHTED	2	0.3345	190694390	190694390	1	2
chr2	190697602	191056000	2.3739	15	0.566	0.5787	DUP	NONE	BAF_WEIGHTED	339	0.3916	190697602	190697602	1	1
chr2	191056001	196131000	1.7893	1180	0.5593	0.5464	NONE	NONE	BAF_WEIGHTED	4712	0.356	191056001	191056001	1	1
chr2	196131001	196305000	2.4132	62	0.5495	0.5856	NONE	NONE	BAF_WEIGHTED	172	0.3879	196131001	196131001	1	1
chr2	196305001	199661500	1.9731	637	0.558	0.537	NONE	NONE	BAF_WEIGHTED	3138	0.3828	196305001	196305001	1	1
chr2	199661501	202053889	2.2335	1204	0.5574	0.5523	NONE	DEL	BAF_WEIGHTED	2265	0.4054	199661001	199662001	1	1
chr2	202053890	202053923	1.3727	0	0	0.8986	DEL	DEL	STRUCTURAL_VARIANT	0	0	202053890	202053890	0	1
chr2	202053924	202209316	2.2105	113	0.5532	0.5482	DEL	INV	BAF_WEIGHTED	154	0.4388	202053924	202053924	1	1
chr2	202209317	202256137	1.1883	23	0.7955	0.9794	INV	DUP	BAF_WEIGHTED	45	0.4298	202209317	202209317	0	1
chr2	202256138	202259540	2.1125	2	0.8429	0.963	DUP	DUP	BAF_WEIGHTED	2	0.4595	202256138	202256138	0	2
chr2	202259541	216272957	0.9865	5852	0.7741	0.9825	DUP	DEL	BAF_WEIGHTED	13301	0.3822	202259541	202259541	0	1
chr2	216272958	216272998	0.4186	0	0	1	DEL	DEL	STRUCTURAL_VARIANT	0	0	216272958	216272958	0	0
chr2	216272999	218149927	1.0465	940	0.7692	0.9595	DEL	BND	BAF_WEIGHTED	1801	0.4473	216272999	216272999	0	1
chr2	218149928	219240325	1.8046	502	0.8387	0.9774	BND	BND	BAF_WEIGHTED	1008	0.4725	218149928	218149928	0	2
chr2	219240326	231321167	1.6281	6320	0.8395	0.9949	BND	DUP	BAF_WEIGHTED	11518	0.4022	219240326	219240326	0	2
chr2	231321168	231327615	2.8055	6	0.9504	1.0691	DUP	DUP	BAF_WEIGHTED	5	0.4732	231321168	231321168	0	3
chr2	231327616	231456000	1.8724	107	0.8421	0.9772	DUP	NONE	BAF_WEIGHTED	106	0.4948	231327616	231327616	0	2
chr2	231456001	231713000	1.2194	131	0.7872	0.9614	NONE	NONE	BAF_WEIGHTED	229	0.5081	231456001	231456001	0	1
chr2	231713001	233633299	1.7926	1053	0.8444	0.9865	NONE	BND	BAF_WEIGHTED	1712	0.4567	231712001	231714001	0	2
chr2	233633300	242193529	1.0464	4945	0.7801	0.9872	BND	TELOMERE	BAF_WEIGHTED	7481	0.4753	233633300	233633300	0	1
chr3	1	3900377	1.7325	2740	0.8605	1.0145	TELOMERE	DEL	BAF_WEIGHTED	3616	0.3757	1	1	0	2
chr3	3900378	3900769	0.8608	0	0	1	DEL	INV	STRUCTURAL_VARIANT	0	0	3900378	3900378	0	1
chr3	3900770	3900780	3.0727	0	0	1.0082	INV	INV	STRUCTURAL_VARIANT	0	0	3900770	3900770	0	3
chr3	3900781	5230000	2.2806	849	0.8661	0.9878	INV	NONE	BAF_WEIGHTED	1226	0.4144	3900781	3900781	0	2
chr3	5230001	6523783	1.818	1235	0.8588	1.0049	NONE	DEL	BAF_WEIGHTED	1197	0.3844	5230001	5230001	0	2
chr3	6523784	6523859	1.123	0	0	1.0056	DEL	DEL	STRUCTURAL_VARIANT	0	0	6523784	6523784	0	1
chr3	6523860	8895000	1.8939	1845	0.8614	1.0033	DEL	NONE	BAF_WEIGHTED	2236	0.3937	6523860	6523860	0	2
chr3	8895001	9836688	2.3145	586	0.8663	0.9815	NONE	BND	BAF_WEIGHTED	905	0.4493	8895001	8895001	0	2
chr3	9836689	12812227	2.1898	1383	0.8601	0.9832	BND	DEL	BAF_WEIGHTED	2789	0.4544	9836689	9836689	0	2
chr3	12812228	12812270	1.6977	0	0	0.9783	DEL	DEL	STRUCTURAL_VARIANT	0	0	12812228	12812228	0	2
chr3	12812271	14085821	2.0518	619	0.8671	0.999	DEL	DUP	BAF_WEIGHTED	1151	0.5026	12812271	12812271	0	2
chr3	14085822	14093904	3.9316	0	0	0.9925	DUP	DUP	BAF_WEIGHTED	6	0.3997	14085822	14085822	0	4
chr3	14093905	15865326	2.2175	621	0.8613	0.9867	DUP	DUP	BAF_WEIGHTED	1665	0.4502	14093905	14093905	0	2
chr3	15865327	15865567	2.9921	0	0	0.9929	DUP	DUP	STRUCTURAL_VARIANT	0	0	15865327	15865327	0	3
chr3	15865568	15867693	2.1894	0	0	0.9903	DUP	BND	NON_DIPLOID	1	0.357	15865568	15865568	0	2
chr3	15867694	38806506	1.1054	12281	0.7884	0.9809	BND	DEL	BAF_WEIGHTED	21530	0.3887	15867694	15867694	0	1
chr3	38806507	38806550	0.3601	0	0	1	DEL	DEL	STRUCTURAL_VARIANT	0	0	38806507	38806507	0	0
chr3	38806551	41485588	1.1235	1294	0.7882	0.9862	DEL	DEL	BAF_WEIGHTED	2483	0.4143	38806551	38806551	0	1
chr3	41485589	41485633	0.178	0	0	1	DEL	DEL	STRUCTURAL_VARIANT	0	0	41485589	41485589	0	0
chr3	41485634	55194814	1.1644	5306	0.7908	0.9801	DEL	BND	BAF_WEIGHTED	12678	0.4525	41485634	41485634	0	1
chr3	55194815	68400704	1.7933	6719	0.602	0.6446	BND	DUP	BAF_WEIGHTED	12576	0.4036	55194815	55194815	1	1
chr3	68400705	68849513	2.3807	67	0.7142	0.7813	DUP	DUP	BAF_WEIGHTED	406	0.3892	68400705	68400705	1	2
chr3	68849514	73896626	1.8346	2164	0.5939	0.6323	DUP	BND	BAF_WEIGHTED	4845	0.4087	68849514	68849514	1	1
chr3	73896627	73896635	2.9608	0	0	0.7722	BND	BND	STRUCTURAL_VARIANT	0	0	73896627	73896627	1	2
chr3	73896636	76696524	1.4908	1779	0.6014	0.6517	BND	DUP	BAF_WEIGHTED	1997	0.3651	73896636	73896636	1	1
chr3	76696525	76696650	1.9529	0	0	0.7341	DUP	DEL	STRUCTURAL_VARIANT	0	0	76696525	76696525	1	1
chr3	76696651	76813651	1.3589	75	0.5897	0.6385	DEL	DUP	BAF_WEIGHTED	110	0.3448	76696651	76696651	0	1
chr3	76813652	76813683	0.8569	0	0	1	DUP	DEL	STRUCTURAL_VARIANT	0	0	76813652	76813652	0	1
chr3	76813684	78612376	1.4098	975	0.5958	0.646	DEL	DEL	BAF_WEIGHTED	1725	0.3598	76813684	76813684	0	1
chr3	78612377	78612976	1.0212	0	0	0.5112	DEL	DEL	STRUCTURAL_VARIANT	0	0	78612377	78612377	0	1
chr3	78612977	79288710	1.5163	190	0.6129	0.668	DEL	DEL	BAF_WEIGHTED	635	0.3505	78612977	78612977	1	1
chr3	79288711	79288713	0.6668	0	0	1	DEL	DEL	STRUCTURAL_VARIANT	0	0	79288711	79288711	0	1
chr3	79288714	79435727	1.4405	73	0.5833	0.6261	DEL	INV	BAF_WEIGHTED	140	0.3488	79288714	79288714	1	1
chr3	79435728	79435733	0.6484	0	0	1	INV	INV	STRUCTURAL_VARIANT	0	0	79435728	79435728	0	1
chr3	79435734	79435761	0.6056	0	0	1	INV	DEL	STRUCTURAL_VARIANT	0	0	79435734	79435734	0	1
chr3	79435762	80390000	1.4773	233	0.6122	0.6684	DEL	NONE	BAF_WEIGHTED	912	0.3472	79435762	79435762	0	1
chr3	80390001	82175000	2.1379	619	0.562	0.5476	NONE	NONE	BAF_WEIGHTED	1690	0.3548	80389001	80391001	1	1
chr3	82175001	92214015	1.4477	4355	0.5958	0.6448	NONE	CENTROMERE	BAF_WEIGHTED	7627	0.3485	82175001	82175001	1	1
chr3	92214016	97718000	1.4622	761	0.5967	0.6466	CENTROMERE	NONE	BAF_WEIGHTED	3618	0.3524	92214016	92214016	1	1
chr3	97718001	100914582	1.8689	2639	0.5981	0.6394	NONE	DUP	BAF_WEIGHTED	2951	0.3786	97718001	97718001	1	1
chr3	100914583	100918601	2.9005	1	0.7115	0.7654	DUP	DUP	BAF_WEIGHTED	3	0.4257	100914583	100914583	1	2
chr3	100918602	111015231	1.6915	6477	0.5987	0.6427	DUP	DEL	BAF_WEIGHTED	9545	0.3676	100918602	100918602	1	1
chr3	111015232	111015263	1.2279	0	0	0.5078	DEL	DEL	STRUCTURAL_VARIANT	0	0	111015232	111015232	1	1
chr3	111015264	112971000	1.6831	1088	0.5889	0.6265	DEL	NONE	BAF_WEIGHTED	1822	0.3825	111015264	111015264	1	1
chr3	112971001	113902424	2.123	293	0.5932	0.6257	NONE	DEL	BAF_WEIGHTED	877	0.4028	112971001	112971001	1	1
chr3	113902425	113902614	1.3842	0	0	0.5114	DEL	DEL	STRUCTURAL_VARIANT	0	0	113902425	113902425	1	1
chr3	113902615	115252000	2.0259	370	0.6104	0.6506	DEL	NONE	BAF_WEIGHTED	1306	0.3735	113902615	113902615	1	1
chr3	115252001	119277957	1.5417	1966	0.6003	0.6493	NONE	DUP	BAF_WEIGHTED	3823	0.3742	115252001	115252001	1	1
chr3	119277958	121040232	2.9915	730	0.7073	0.7584	DUP	DEL	BAF_WEIGHTED	1646	0.4018	119277958	119277958	1	2
chr3	121040233	121045018	1.6186	0	0	0.5535	DEL	DEL	BAF_WEIGHTED	4	0.326	121040233	121040233	1	1
chr3	121045019	122624273	2.8176	555	0.7135	0.7685	DEL	DEL	BAF_WEIGHTED	1436	0.3891	121045019	121045019	1	2
chr3	122624274	122624306	2.3388	0	0	0.9258	DEL	DEL	STRUCTURAL_VARIANT	0	0	122624274	122624274	0	2
chr3	122624307	123639704	2.9266	490	0.7106	0.7637	DEL	DEL	BAF_WEIGHTED	966	0.4454	122624307	122624307	1	2
chr3	123639705	123639737	2.1083	0	0	1	DEL	DEL	STRUCTURAL_VARIANT	0	0	123639705	123639705	0	2
chr3	123639738	125353243	3.0854	812	0.7166	0.7685	DEL	DUP	BAF_WEIGHTED	1601	0.4294	123639738	123639738	1	2
chr3	125353244	125353249	4.8452	0	0	0.5106	DUP	DEL	STRUCTURAL_VARIANT	0	0	125353244	125353244	2	2
chr3	125353250	125353555	3.7846	0	0	0.6265	DEL	DEL	STRUCTURAL_VARIANT	0	0	125353250	125353250	1	2
chr3	125353556	125353705	2.5958	0	0	0.9134	DEL	DUP	STRUCTURAL_VARIANT	0	0	125353556	125353556	0	2
chr3	125353706	125353791	3.4176	0	0	0.6938	DUP	DEL	STRUCTURAL_VARIANT	0	0	125353706	125353706	1	2
chr3	125353792	125353800	4.4298	0	0	0.5352	DEL	DUP	STRUCTURAL_VARIANT	0	0	125353792	125353792	2	2
chr3	125353801	125354024	2.7414	0	0	0.8649	DUP	DEL	STRUCTURAL_VARIANT	0	0	125353801	125353801	0	2
chr3	125354025	125354629	1.7729	0	0	1	DEL	DEL	STRUCTURAL_VARIANT	0	0	125354025	125354025	0	2
chr3	125354630	126086392	2.8991	571	0.7143	0.7712	DEL	DEL	BAF_WEIGHTED	429	0.4299	125354630	125354630	1	2
chr3	126086393	126086426	2.5823	0	0	0.8183	DEL	DEL	STRUCTURAL_VARIANT	0	0	126086393	126086393	0	2
chr3	126086427	127643969	2.7481	976	0.7119	0.7689	DEL	DUP	BAF_WEIGHTED	1381	0.484	126086427	126086427	1	2
chr3	127643970	128437315	3.5496	194	0.6029	0.6243	DUP	DEL	BAF_WEIGHTED	756	0.468	127643970	127643970	1	2
chr3	128437316	128441547	4.5691	9	0.6311	0.6523	DEL	DUP	BAF_WEIGHTED	3	0.5623	128437316	128437316	2	3
chr3	128441548	128697593	3.4461	133	0.6053	0.6279	DUP	DUP	BAF_WEIGHTED	234	0.4962	128441548	128441548	1	2
chr3	128697594	132513481	2.8393	1466	0.7144	0.7738	DUP	DUP	BAF_WEIGHTED	3298	0.4148	128697594	128697594	1	2
chr3	132513482	132522381	3.6724	12	0.5505	0.5446	DUP	DUP	BAF_WEIGHTED	8	0.364	132513482	132513482	2	2
chr3	132522382	132858273	2.9139	257	0.7083	0.7649	DUP	DEL	BAF_WEIGHTED	295	0.3808	132522382	132522382	1	2
chr3	132858274	132866042	1.3755	5	0.6	0.6538	DEL	DEL	BAF_WEIGHTED	7	0.3526	132858274	132858274	0	1
chr3	132866043	134638000	2.8099	548	0.7146	0.7723	DEL	NONE	BAF_WEIGHTED	1632	0.4256	132866043	132866043	1	2
chr3	134638001	135172783	2.0151	139	0.8857	1.0279	NONE	DEL	BAF_WEIGHTED	513	0.4496	134638001	134638001	0	2
chr3	135172784	135172943	1.2533	0	0	0.9846	DEL	DEL	STRUCTURAL_VARIANT	0	0	135172784	135172784	0	1
chr3	135172944	139868076	2.1963	1625	0.8688	0.9912	DEL	INV	BAF_WEIGHTED	4299	0.4127	135172944	135172944	0	2
chr3	139868077	139868085	3.2509	0	0	0.9958	INV	INV	STRUCTURAL_VARIANT	0	0	139868077	139868077	0	3
chr3	139868086	148697000	2.125	4259	0.8653	0.9936	INV	NONE	BAF_WEIGHTED	8314	0.3786	139868086	139868086	0	2
chr3	148697001	150770000	2.49	1121	0.8714	0.9817	NONE	NONE	BAF_WEIGHTED	1975	0.3915	148697001	148697001	0	2
chr3	150770001	151892624	2.0652	558	0.8519	0.9779	NONE	DEL	BAF_WEIGHTED	1062	0.3879	150770001	150770001	0	2
chr3	151892625	151892657	1.9214	0	0	0.9849	DEL	DEL	STRUCTURAL_VARIANT	0	0	151892625	151892625	0	2
chr3	151892658	160661605	2.1949	4569	0.8646	0.9868	DEL	DEL	BAF_WEIGHTED	8212	0.383	151892658	151892658	0	2
chr3	160661606	160661654	1.6086	0	0	0.9819	DEL	DEL	STRUCTURAL_VARIANT	0	0	160661606	160661606	0	2
chr3	160661655	161463000	2.4244	132	0.8773	0.9937	DEL	NONE	BAF_WEIGHTED	759	0.3838	160661655	160661655	0	2
chr3	161463001	164929030	1.8624	2768	0.8628	1.0072	NONE	INV	BAF_WEIGHTED	3129	0.3476	161463001	161463001	0	2
chr3	164929031	164929033	0.81	0	0	1	INV	INV	STRUCTURAL_VARIANT	0	0	164929031	164929031	0	1
chr3	164929034	169759000	1.939	2255	0.8605	0.9985	INV	NONE	BAF_WEIGHTED	4562	0.3563	164929034	164929034	0	2
chr3	169759001	171847588	2.813	755	0.7022	0.7548	NONE	DEL	BAF_WEIGHTED	1971	0.4017	169759001	169759001	1	2
chr3	171847589	171850155	2.7402	0	0	0.7749	DEL	DEL	NON_DIPLOID	2	0.4115	171847589	171847589	1	2
chr3	171850156	172211000	3.2307	269	0.7143	0.7634	DEL	NONE	BAF_WEIGHTED	353	0.3976	171850156	171850156	1	2
chr3	172211001	172818000	3.6687	459	0.6448	0.6741	NONE	NONE	BAF_WEIGHTED	581	0.3984	172211001	172211001	1	2
chr3	172818001	176735000	2.7375	1656	0.716	0.7746	NONE	NONE	BAF_WEIGHTED	3735	0.3559	172818001	172818001	1	2
chr3	176735001	177816060	3.1866	712	0.7099	0.7586	NONE	DUP	BAF_WEIGHTED	1029	0.4014	176735001	176735001	1	2
chr3	177816061	177820795	3.7942	3	0.6883	0.725	DUP	DUP	BAF_WEIGHTED	3	0.4107	177816061	177816061	1	3
chr3	177820796	178445000	3.16	361	0.72	0.7715	DUP	NONE	BAF_WEIGHTED	608	0.3636	177820796	177820796	1	2
chr3	178445001	179039464	2.6174	378	0.7167	0.7778	NONE	DEL	BAF_WEIGHTED	555	0.3833	178445001	178445001	1	2
chr3	179039465	179042749	0.5832	0	0	1	DEL	DEL	STRUCTURAL_VARIANT	0	0	179039465	179039465	0	1
chr3	179042750	179827000	3.0976	421	0.72	0.7725	DEL	NONE	BAF_WEIGHTED	712	0.3995	179042750	179042750	1	2
chr3	179827001	181909312	2.5911	520	0.7199	0.7833	NONE	DUP	BAF_WEIGHTED	1965	0.3784	179827001	179827001	1	2
chr3	181909313	182135034	1.5245	57	0.6061	0.6576	DUP	DUP	BAF_WEIGHTED	221	0.384	181909313	181909313	1	1
chr3	182135035	182138524	1.7285	0	0	0.6266	DUP	DUP	BAF_WEIGHTED	2	0.3855	182135035	182135035	1	1
chr3	182138525	184651884	1.7902	1357	0.5995	0.6394	DUP	DEL	BAF_WEIGHTED	2388	0.4307	182138525	182138525	1	1
chr3	184651885	184651984	1.2106	0	0	0.5613	DEL	DEL	STRUCTURAL_VARIANT	0	0	184651885	184651885	1	1
chr3	184651985	187297422	1.8749	1580	0.5984	0.6376	DEL	DEL	BAF_WEIGHTED	2525	0.4273	184651985	184651985	1	1
chr3	187297423	187297479	1.277	0	0	0.5197	DEL	DEL	STRUCTURAL_VARIANT	0	0	187297423	187297423	1	1
chr3	187297480	195763468	1.8377	5238	0.5984	0.6389	DEL	DUP	BAF_WEIGHTED	7947	0.4	187297480	187297480	1	1
chr3	195763469	196343567	2.5418	328	0.5615	0.5703	DUP	DUP	BAF_WEIGHTED	430	0.4869	195763469	195763469	1	1
chr3	196343568	198295559	1.9309	590	0.5954	0.632	DUP	TELOMERE	BAF_WEIGHTED	1580	0.4309	196343568	196343568	1	1
chr4	1	6367103	1.056	4095	0.7853	0.9898	TELOMERE	DUP	BAF_WEIGHTED	4781	0.4906	1	1	0	1
chr4	6367104	6650000	1.9893	239	0.8667	1.0031	DUP	NONE	BAF_WEIGHTED	265	0.5132	6367104	6367104	0	2
chr4	6650001	7103500	2.414	286	0.8696	0.9829	NONE	NONE	BAF_WEIGHTED	411	0.4813	6650001	6650001	0	2
chr4	7103501	7324088	1.9983	201	0.8712	1.0085	NONE	DUP	BAF_WEIGHTED	198	0.5315	7103001	7104001	0	2
chr4	7324089	8404979	1.0905	1124	0.7896	0.9935	DUP	DEL	BAF_WEIGHTED	946	0.5235	7324089	7324089	0	1
chr4	8404980	8407516	0.1682	0	0	1	DEL	DEL	BAF_WEIGHTED	2	0.546	8404980	8404980	0	0
chr4	8407517	10541718	1.0228	936	0.7852	0.9853	DEL	DEL	BAF_WEIGHTED	1115	0.4765	8407517	8407517	0	1
chr4	10541719	10541723	0.1911	0	0	1	DEL	DEL	STRUCTURAL_VARIANT	0	0	10541719	10541719	0	0
chr4	10541724	14970801	1.052	2730	0.7874	0.9941	DEL	DEL	BAF_WEIGHTED	4128	0.388	10541724	10541724	0	1
chr4	14970802	14970834	0.2939	0	0	1	DEL	DEL	STRUCTURAL_VARIANT	0	0	14970802	14970802	0	0
chr4	14970835	16215370	1.1573	517	0.7878	0.9718	DEL	DUP	BAF_WEIGHTED	1189	0.403	14970835	14970835	0	1
chr4	16215371	16248821	2.2261	10	0.8441	0.9584	DUP	DUP	BAF_WEIGHTED	29	0.4157	16215371	16215371	0	2
chr4	16248822	22198350	1.0165	3187	0.7882	0.9914	DUP	DEL	BAF_WEIGHTED	5634	0.3809	16248822	16248822	0	1
chr4	22198351	22210260	0.031	1	0.6	1	DEL	DEL	BAF_WEIGHTED	8	0.3786	22198351	22198351	0	0
chr4	22210261	29800286	1.0342	3762	0.787	0.9936	DEL	INV	BAF_WEIGHTED	7262	0.3855	22210261	22210261	0	1
chr4	29800287	29801530	0.0286	0	0	1	INV	INV	STRUCTURAL_VARIANT	0	0	29800287	29800287	0	0
chr4	29801531	29805075	0.7673	0	0	1	INV	INV	BAF_WEIGHTED	3	0.3697	29801531	29801531	0	1
chr4	29805076	29805475	1.7076	0	0	0.9961	INV	INV	STRUCTURAL_VARIANT	0	0	29805076	29805076	0	2
chr4	29805476	37431000	0.8968	3063	0.7853	0.9979	INV	NONE	BAF_WEIGHTED	7310	0.3517	29805476	29805476	0	1
chr4	37431001	40916312	1.2472	1789	0.7965	0.9724	NONE	DUP	BAF_WEIGHTED	3366	0.4193	37431001	37431001	0	1
chr4	40916313	41309024	2.4015	270	0.8704	0.9845	DUP	DUP	BAF_WEIGHTED	375	0.4133	40916313	40916313	0	2
chr4	41309025	41708000	1.2751	219	0.8081	0.9876	DUP	NONE	BAF_WEIGHTED	384	0.4058	41309025	41309025	0	1
chr4	41708001	46254273	0.9086	2264	0.789	0.9981	NONE	DEL	BAF_WEIGHTED	4289	0.3661	41708001	41708001	0	1
chr4	46254274	46254370	0.3636	0	0	1	DEL	DEL	STRUCTURAL_VARIANT	0	0	46254274	46254274	0	0
chr4	46254371	49107569	1.0497	1116	0.7807	0.9724	DEL	SGL	BAF_WEIGHTED	2652	0.3758	46254371	46254371	0	1
chr4	49107570	50726025	1.0827	0	0	0.9732	SGL	CENTROMERE	STRUCTURAL_VARIANT	0	0.402	49107570	49107570	0	1
chr4	50726026	53324531	1.1426	677	0.7841	0.9723	CENTROMERE	DUP	BAF_WEIGHTED	1312	0.4024	50726026	50726026	0	1
chr4	53324532	53332088	2.7643	0	0	0.998	DUP	DUP	BAF_WEIGHTED	3	0.3973	53324532	53324532	0	3
chr4	53332089	71347795	0.9911	10516	0.7901	0.9945	DUP	DUP	BAF_WEIGHTED	16277	0.3662	53332089	53332089	0	1
chr4	71347796	71356014	1.4042	1	0.9302	1.1568	DUP	DUP	BAF_WEIGHTED	8	0.3819	71347796	71347796	0	1
chr4	71356015	73926277	1.0806	731	0.7841	0.9916	DUP	DUP	BAF_WEIGHTED	2361	0.3689	71356015	71356015	0	1
chr4	73926278	73933397	2.2171	0	0	0.9902	DUP	DUP	BAF_WEIGHTED	6	0.375	73926278	73926278	0	2
chr4	73933398	79831210	1.1656	3069	0.792	0.9814	DUP	DEL	BAF_WEIGHTED	5477	0.3892	73933398	73933398	0	1
chr4	79831211	79831268	0.3284	0	0	1	DEL	DEL	STRUCTURAL_VARIANT	0	0	79831211	79831211	0	0
chr4	79831269	81594226	1.0586	547	0.7857	0.986	DEL	BND	BAF_WEIGHTED	1641	0.3679	79831269	79831269	0	1
chr4	81594227	81594227	1.3309	0	0	0.9794	BND	SGL	STRUCTURAL_VARIANT	0	0	81594227	81594227	0	1
chr4	81594228	87704473	1.1433	2604	0.788	0.976	SGL	BND	BAF_WEIGHTED	5718	0.388	81594228	81594228	0	1
chr4	87704474	102934771	1.3746	8339	0.8191	0.9928	BND	DEL	BAF_WEIGHTED	14127	0.3663	87704474	87704474	0	1
chr4	102934772	102935186	0.5948	0	0	1	DEL	DEL	STRUCTURAL_VARIANT	0	0	102934772	102934772	0	1
chr4	102935187	106342303	1.4221	1259	0.8216	0.9923	DEL	BND	BAF_WEIGHTED	3063	0.3605	102935187	102935187	0	1
chr4	106342304	106349444	3.1904	0	0	0.9966	BND	BND	BAF_WEIGHTED	6	0.3405	106342304	106342304	0	3
chr4	106349445	108015056	1.3812	812	0.8229	0.9954	BND	DEL	BAF_WEIGHTED	1542	0.3704	106349445	106349445	0	1
chr4	108015057	108016025	0.5016	0	0	1	DEL	DEL	STRUCTURAL_VARIANT	0	0	108015057	108015057	0	1
chr4	108016026	113708910	1.415	2368	0.8187	0.9876	DEL	DEL	BAF_WEIGHTED	5316	0.3809	108016026	108016026	0	1
chr4	113708911	113711171	0.027	1	0.75	1	DEL	DEL	BAF_WEIGHTED	2	0.334	113708911	113708911	0	0
chr4	113711172	126994101	1.3777	8201	0.821	0.9954	DEL	DEL	BAF_WEIGHTED	12165	0.3599	113711172	113711172	0	1
chr4	126994102	126994135	1.22	0	0	0.9948	DEL	DEL	STRUCTURAL_VARIANT	0	0	126994102	126994102	0	1
chr4	126994136	128267397	1.4929	404	0.8313	0.9955	DEL	DUP	BAF_WEIGHTED	1157	0.3769	126994136	126994136	0	1
chr4	128267398	128272412	3.2704	2	0.9019	0.9927	DUP	DUP	BAF_WEIGHTED	4	0.3535	128267398	128267398	0	3
chr4	128272413	153721331	1.372	11940	0.8188	1.0002	DUP	DUP	BAF_WEIGHTED	23359	0.3733	128272413	128272413	0	1
chr4	153721332	153728001	2.4242	3	0.8491	0.9556	DUP	DUP	BAF_WEIGHTED	6	0.4345	153721332	153721332	0	2
chr4	153728002	155449106	1.3812	1081	0.8294	1.0056	DUP	DEL	BAF_WEIGHTED	1627	0.3825	153728002	153728002	0	1
chr4	155449107	155449140	0.6369	0	0	1	DEL	DEL	STRUCTURAL_VARIANT	0	0	155449107	155449107	0	1
chr4	155449141	157089000	1.6133	585	0.8299	0.9794	DEL	NONE	BAF_WEIGHTED	1584	0.3629	155449141	155449141	0	2
chr4	157089001	166521899	1.3293	5106	0.8227	1.0074	NONE	DUP	BAF_WEIGHTED	8759	0.3628	157089001	157089001	0	1
chr4	166521900	167021639	2.0757	344	0.8696	1.0018	DUP	DUP	BAF_WEIGHTED	449	0.3448	166521900	166521900	0	2
chr4	167021640	167516277	1.1759	220	0.8269	1.0325	DUP	DUP	BAF_WEIGHTED	452	0.3494	167021640	167021640	0	1
chr4	167516278	168171979	2.4997	169	0.8889	1.004	DUP	DUP	BAF_WEIGHTED	613	0.3533	167516278	167516278	0	2
chr4	168171980	168974887	1.6926	417	0.8265	0.965	DUP	DUP	BAF_WEIGHTED	778	0.389	168171980	168171980	0	2
chr4	168974888	169249717	2.7376	150	0.8793	0.9818	DUP	DUP	BAF_WEIGHTED	270	0.4062	168974888	168974888	0	3
chr4	169249718	173721096	1.3668	2070	0.8224	1.0061	DUP	DEL	BAF_WEIGHTED	4181	0.3709	169249718	169249718	0	1
chr4	173721097	173721800	0.0566	0	0	1	DEL	DEL	STRUCTURAL_VARIANT	0	0	173721097	173721097	0	0
chr4	173721801	179295071	1.2774	3621	0.817	1.0028	DEL	DEL	BAF_WEIGHTED	5329	0.3601	173721801	173721801	0	1
chr4	179295072	179300686	0.6004	0	0	1	DEL	DEL	BAF_WEIGHTED	4	0.322	179295072	179295072	0	1
chr4	179300687	181717319	1.2157	1474	0.8201	1.0141	DEL	DUP	BAF_WEIGHTED	2315	0.3649	179300687	179300687	0	1
chr4	181717320	183067000	2.3761	855	0.875	0.9917	DUP	NONE	BAF_WEIGHTED	1289	0.3981	181717320	181717320	0	2
chr4	183067001	183969152	2.7459	508	0.8854	0.9893	NONE	DUP	BAF_WEIGHTED	859	0.4243	183067001	183067001	0	3
chr4	183969153	183973977	4.4612	1	0.9444	1.0181	DUP	DUP	BAF_WEIGHTED	3	0.4363	183969153	183969153	0	4
chr4	183973978	185816429	2.6644	990	0.8873	0.9958	DUP	DEL	BAF_WEIGHTED	1771	0.4239	183973978	183973978	0	3
chr4	185816430	186473018	1.4873	459	0.8376	1.0094	DEL	DEL	BAF_WEIGHTED	590	0.414	185816430	185816430	0	1
chr4	186473019	186473849	2.2463	0	0	1.0062	DEL	DUP	STRUCTURAL_VARIANT	0	0	186473019	186473019	0	2
chr4	186473850	186860508	1.7825	158	0.8571	1.0053	DUP	DEL	BAF_WEIGHTED	366	0.4155	186473850	186473850	0	2
chr4	186860509	186861990	0.3922	0	0	1	DEL	DEL	STRUCTURAL_VARIANT	0	0	186860509	186860509	0	0
chr4	186861991	188889686	1.7207	1607	0.8541	1.0085	DEL	DEL	BAF_WEIGHTED	1906	0.3937	186861991	186861991	0	2
chr4	188889687	188889720	1.2183	0	0	1.0121	DEL	DEL	STRUCTURAL_VARIANT	0	0	188889687	188889687	0	1
chr4	188889721	190214555	1.609	1160	0.8472	1.0076	DEL	TELOMERE	BAF_WEIGHTED	708	0.3929	188889721	188889721	0	2
chr5	1	4079218	2.939	2763	0.7414	0.8028	TELOMERE	DUP	BAF_WEIGHTED	3151	0.4769	1	1	1	2
chr5	4079219	4087704	4.7889	0	0	0.879	DUP	DUP	BAF_WEIGHTED	7	0.4329	4079219	4079219	1	4
chr5	4087705	4323684	3.236	81	0.7466	0.8029	DUP	DUP	BAF_WEIGHTED	229	0.4134	4087705	4087705	1	3
chr5	4323685	4432240	4.4674	72	0.7806	0.8271	DUP	DUP	BAF_WEIGHTED	108	0.3911	4323685	4323685	1	4
chr5	4432241	5195573	3.0581	410	0.7393	0.7973	DUP	DEL	BAF_WEIGHTED	721	0.3976	4432241	4432241	1	2
chr5	5195574	5195677	2.6491	0	0	0.7731	DEL	DEL	STRUCTURAL_VARIANT	0	0	5195574	5195574	1	2
chr5	5195678	7576512	2.9415	1406	0.7354	0.7957	DEL	BND	BAF_WEIGHTED	2241	0.4247	5195678	5195678	1	2
chr5	7576513	7932000	2.7378	280	0.7002	0.7541	BND	NONE	BAF_WEIGHTED	345	0.4119	7576513	7576513	1	2
chr5	7932001	10234000	2.2555	1095	0.696	0.7601	NONE	NONE	BAF_WEIGHTED	2143	0.3981	7932001	7932001	1	2
chr5	10234001	11417000	2.622	677	0.7151	0.7758	NONE	NONE	BAF_WEIGHTED	1148	0.4324	10234001	10234001	1	2
chr5	11417001	14141000	2.1741	1772	0.7169	0.7914	NONE	NONE	BAF_WEIGHTED	2633	0.3731	11417001	11417001	0	2
chr5	14141001	14297000	2.8616	94	0.7117	0.7664	NONE	NONE	BAF_WEIGHTED	154	0.4203	14141001	14141001	1	2
chr5	14297001	16442000	2.2815	888	0.7159	0.7865	NONE	NONE	BAF_WEIGHTED	2040	0.4069	14297001	14297001	0	2
chr5	16442001	17228000	2.8547	479	0.7273	0.7862	NONE	NONE	BAF_WEIGHTED	752	0.4362	16442001	16442001	1	2
chr5	17228001	18890960	2.2069	879	0.7157	0.7885	NONE	DUP	BAF_WEIGHTED	1458	0.3696	17228001	17228001	0	2
chr5	18890961	21441310	2.995	1722	0.7911	0.8632	DUP	DUP	BAF_WEIGHTED	2082	0.3483	18890961	18890961	0	3
chr5	21441311	24768687	2.317	1588	0.6876	0.7477	DUP	DEL	BAF_WEIGHTED	2910	0.352	21441311	21441311	1	2
chr5	24768688	24777627	0.6032	3	0.7727	1	DEL	DEL	BAF_WEIGHTED	8	0.3394	24768688	24768688	0	1
chr5	24777628	25279369	2.3313	141	0.6296	0.6707	DEL	BND	BAF_WEIGHTED	470	0.3448	24777628	24777628	1	2
chr5	25279370	25279587	4.2444	0	0	0.8084	BND	BND	STRUCTURAL_VARIANT	0	0	25279370	25279370	1	3
chr5	25279588	31218000	2.4008	3868	0.6232	0.6612	BND	NONE	BAF_WEIGHTED	5589	0.3478	25279588	25279588	1	2
chr5	31218001	31586548	3.0253	214	0.6289	0.6604	NONE	BND	BAF_WEIGHTED	365	0.3988	31218001	31218001	1	2
chr5	31586549	33588000	1.8398	1086	0.5598	0.5551	BND	NONE	BAF_WEIGHTED	1876	0.4188	31586549	31586549	1	1
chr5	33588001	40846000	1.2878	3390	0.6086	0.6751	NONE	NONE	BAF_WEIGHTED	6486	0.3932	33588001	33588001	0	1
chr5	40846001	48272853	0.9847	1165	0.6621	0.9765	NONE	CENTROMERE	BAF_WEIGHTED	5016	0.3737	40846001	40846001	0	1
chr5	48272854	59104068	1.0324	3889	0.6896	0.887	CENTROMERE	BND	BAF_WEIGHTED	8067	0.3841	48272854	48272854	0	1
chr5	59104069	62642000	2.007	1776	0.568	0.5406	BND	NONE	BAF_WEIGHTED	3303	0.3859	59104069	59104069	1	1
chr5	62642001	64118000	1.6384	353	0.5682	0.5703	NONE	NONE	BAF_WEIGHTED	1331	0.3709	62642001	62642001	1	1
chr5	64118001	67114106	2.0104	1284	0.5691	0.5793	NONE	BND	BAF_WEIGHTED	2813	0.3809	64118001	64118001	1	1
chr5	67114107	80002977	1.22	5228	0.7943	0.9741	BND	DEL	BAF_WEIGHTED	10290	0.403	67114107	67114107	0	1
chr5	80002978	80038628	0.0243	11	0.5833	1	DEL	DEL	BAF_WEIGHTED	34	0.4157	80002978	80002978	0	0
chr5	80038629	85323301	1.1616	2804	0.791	0.9844	DEL	DEL	BAF_WEIGHTED	4943	0.3761	80038629	80038629	0	1
chr5	85323302	85323342	0.5004	0	0	1	DEL	DEL	STRUCTURAL_VARIANT	0	0	85323302	85323302	0	1
chr5	85323343	91062935	1.0883	1824	0.7921	0.9874	DEL	DUP	BAF_WEIGHTED	5308	0.3588	85323343	85323343	0	1
chr5	91062936	91071545	2.7677	8	0.9019	1.0093	DUP	DUP	BAF_WEIGHTED	8	0.382	91062936	91062936	0	3
chr5	91071546	94224078	1.1215	1147	0.7926	0.9884	DUP	DEL	BAF_WEIGHTED	2975	0.3633	91071546	91071546	0	1
chr5	94224079	94224176	0.1142	0	0	1	DEL	DEL	STRUCTURAL_VARIANT	0	0	94224079	94224079	0	0
chr5	94224177	98906981	1.1385	2364	0.7906	0.9838	DEL	DEL	BAF_WEIGHTED	4373	0.3754	94224177	94224177	0	1
chr5	98906982	98912032	0.1757	0	0	1	DEL	DEL	BAF_WEIGHTED	5	0.342	98906982	98906982	0	0
chr5	98912033	111883874	1.0852	6264	0.7913	0.9886	DEL	DUP	BAF_WEIGHTED	11884	0.3595	98912033	98912033	0	1
chr5	111883875	111885589	2.2152	0	0	0.9944	DUP	DUP	STRUCTURAL_VARIANT	0	0	111883875	111883875	0	2
chr5	111885590	114015808	1.1351	754	0.7898	0.9807	DUP	DEL	BAF_WEIGHTED	2009	0.3948	111885590	111885590	0	1
chr5	114015809	114015841	0.5426	0	0	1	DEL	DEL	STRUCTURAL_VARIANT	0	0	114015809	114015809	0	1
chr5	114015842	115630743	1.0658	505	0.7935	0.9857	DEL	DEL	BAF_WEIGHTED	1468	0.3825	114015842	114015842	0	1
chr5	115630744	115653553	0.6815	48	0.7692	1	DEL	DEL	BAF_WEIGHTED	22	0.4082	115630744	115630744	0	1
chr5	115653554	117770454	1.043	1587	0.7897	0.9818	DEL	DEL	BAF_WEIGHTED	1995	0.3767	115653554	115653554	0	1
chr5	117770455	117770589	0.1893	0	0	1	DEL	DEL	STRUCTURAL_VARIANT	0	0	117770455	117770455	0	0
chr5	117770590	124193607	1.1254	3770	0.793	0.9877	DEL	DUP	BAF_WEIGHTED	5989	0.3687	117770590	117770590	0	1
chr5	124193608	124196055	2.6359	2	0.8895	0.9988	DUP	DUP	BAF_WEIGHTED	2	0.375	124193608	124193608	0	3
chr5	124196056	125216967	1.2858	793	0.8065	0.9828	DUP	BND	BAF_WEIGHTED	975	0.3951	124196056	124196056	0	1
chr5	125216968	125217100	2.5012	0	0	0.9965	BND	BND	STRUCTURAL_VARIANT	0	0	125216968	125216968	0	2
chr5	125217101	130903915	1.1394	2598	0.7996	0.9923	BND	DUP	BAF_WEIGHTED	5299	0.3753	125217101	125217101	0	1
chr5	130903916	130908667	1.9802	6	0.8636	0.9994	DUP	DUP	BAF_WEIGHTED	3	0.3517	130903916	130903916	0	2
chr5	130908668	135097007	1.1967	1861	0.7928	0.9766	DUP	DEL	BAF_WEIGHTED	3926	0.4382	130908668	130908668	0	1
chr5	135097008	135097107	0.1302	0	0	1	DEL	DEL	STRUCTURAL_VARIANT	0	0	135097008	135097008	0	0
chr5	135097108	136620583	1.0852	650	0.7851	0.984	DEL	DEL	BAF_WEIGHTED	1455	0.4358	135097108	135097108	0	1
chr5	136620584	136620664	0.0519	0	0	1	DEL	DEL	STRUCTURAL_VARIANT	0	0	136620584	136620584	0	0
chr5	136620665	140116356	1.1756	1144	0.7919	0.9817	DEL	DUP	BAF_WEIGHTED	3263	0.4406	136620665	136620665	0	1
chr5	140116357	140676396	2.4587	304	0.8774	0.9909	DUP	DUP	BAF_WEIGHTED	529	0.434	140116357	140116357	0	2
chr5	140676397	142380905	1.1603	647	0.7914	0.9843	DUP	DUP	BAF_WEIGHTED	1563	0.4347	140676397	140676397	0	1
chr5	142380906	142402361	2.3707	13	0.8511	0.9607	DUP	DUP	BAF_WEIGHTED	20	0.4746	142380906	142380906	0	2
chr5	142402362	150948067	1.148	4194	0.7927	0.9833	DUP	DEL	BAF_WEIGHTED	8101	0.4082	142402362	142402362	0	1
chr5	150948068	153771837	0.2345	1877	0.6289	1	DEL	DEL	BAF_WEIGHTED	2607	0.4091	150948068	150948068	0	0
chr5	153771838	177284940	1.0585	12012	0.7863	0.9847	DEL	DUP	BAF_WEIGHTED	22059	0.4135	153771838	153771838	0	1
chr5	177284941	177289668	2.5671	3	0.8833	0.9937	DUP	DUP	BAF_WEIGHTED	4	0.4025	177284941	177284941	0	3
chr5	177289669	181538259	1.1134	1536	0.7868	0.9754	DUP	TELOMERE	BAF_WEIGHTED	3079	0.4842	177289669	177289669	0	1
chr6	1	6700288	2.1279	4012	0.5714	0.5547	TELOMERE	BND	BAF_WEIGHTED	6011	0.4312	1	1	1	1
chr6	6700289	6709576	4.1813	0	0	0.7734	BND	BND	BAF_WEIGHTED	7	0.4529	6700289	6700289	1	3
chr6	6709577	11582102	2.9118	3205	0.6568	0.6968	BND	BND	BAF_WEIGHTED	4656	0.4077	6709577	6709577	1	2
chr6	11582103	16399947	1.9198	1950	0.5639	0.5352	BND	DUP	BAF_WEIGHTED	4657	0.4211	11582103	11582103	1	1
chr6	16399948	16404812	2.7917	1	0.569	0.5703	DUP	DUP	BAF_WEIGHTED	4	0.426	16399948	16399948	1	2
chr6	16404813	19698705	1.9637	1433	0.564	0.526	DUP	DEL	BAF_WEIGHTED	3155	0.4006	16404813	16404813	1	1
chr6	19698706	19698746	1.0788	0	0	0.8669	DEL	DEL	STRUCTURAL_VARIANT	0	0	19698706	19698706	0	1
chr6	19698747	23884607	1.9857	2362	0.5614	0.529	DEL	DUP	BAF_WEIGHTED	3981	0.3909	19698747	19698747	1	1
chr6	23884608	25500715	2.7105	914	0.599	0.6264	DUP	DUP	BAF_WEIGHTED	1546	0.4027	23884608	23884608	1	2
chr6	25500716	31679156	1.8489	6667	0.5616	0.531	DUP	INV	BAF_WEIGHTED	5393	0.4247	25500716	25500716	1	1
chr6	31679157	31680584	1.4932	0	0	0.5807	INV	INV	STRUCTURAL_VARIANT	0	0	31679157	31679157	1	1
chr6	31680585	31680664	2.2153	0	0	0.6086	INV	DEL	STRUCTURAL_VARIANT	0	0	31680585	31680585	1	1
chr6	31680665	31683180	1.9638	0	0	0.5584	DEL	DEL	BAF_WEIGHTED	2	0.561	31680665	31680665	1	1
chr6	31683181	31683244	2.1028	0	0	0.5876	DEL	INV	STRUCTURAL_VARIANT	0	0	31683181	31683181	1	1
chr6	31683245	31688481	1.6688	2	0.5558	0.5992	INV	INV	BAF_WEIGHTED	4	0.5218	31683245	31683245	1	1
chr6	31688482	35378116	1.9966	4843	0.5597	0.5328	INV	BND	BAF_WEIGHTED	3194	0.4719	31688482	31688482	1	1
chr6	35378117	37793110	2.0554	1202	0.5556	0.5135	BND	DEL	BAF_WEIGHTED	2334	0.4637	35378117	35378117	1	1
chr6	37793111	37793489	1.1764	0	0	0.746	DEL	DEL	STRUCTURAL_VARIANT	0	0	37793111	37793111	0	1
chr6	37793490	53847505	1.8978	7693	0.5576	0.5376	DEL	DUP	BAF_WEIGHTED	15119	0.414	37793490	37793490	1	1
chr6	53847506	53893223	3.4301	28	0.683	0.7225	DUP	DUP	BAF_WEIGHTED	45	0.3939	53847506	53847506	1	2
chr6	53893224	59191910	1.9461	1732	0.5587	0.5378	DUP	CENTROMERE	BAF_WEIGHTED	3277	0.3647	53893224	53893224	1	1
chr6	59191911	62571124	1.5304	16	0.6452	0.7179	CENTROMERE	DUP	BAF_WEIGHTED	1249	0.3533	59191911	59191911	0	1
chr6	62571125	62597351	2.332	0	0	0.6738	DUP	DUP	BAF_WEIGHTED	17	0.33	62571125	62571125	1	2
chr6	62597352	64971601	1.687	507	0.5618	0.5491	DUP	INV	BAF_WEIGHTED	2184	0.3616	62597352	62597352	1	1
chr6	64971602	64971641	0.9656	0	0	1	INV	INV	STRUCTURAL_VARIANT	0	0	64971602	64971602	0	1
chr6	64971642	65007683	1.5449	24	0.5844	0.6248	INV	INV	BAF_WEIGHTED	32	0.3448	64971642	64971642	1	1
chr6	65007684	65007691	1.0172	0	0	0.9827	INV	INV	STRUCTURAL_VARIANT	0	0	65007684	65007684	0	1
chr6	65007692	75958000	1.7903	6610	0.5628	0.5583	INV	NONE	BAF_WEIGHTED	10089	0.3626	65007692	65007692	1	1
chr6	75958001	76601513	1.658	650	0.56	0.5703	NONE	DEL	BAF_WEIGHTED	584	0.3675	75958001	75958001	1	1
chr6	76601514	76601605	1.0489	0	0	0.9014	DEL	DEL	STRUCTURAL_VARIANT	0	0	76601514	76601514	0	1
chr6	76601606	76710675	1.685	93	0.56	0.5935	DEL	DEL	BAF_WEIGHTED	101	0.37	76601606	76601606	1	1
chr6	76710676	76711700	0.9387	0	0	1	DEL	DEL	STRUCTURAL_VARIANT	0	0	76710676	76710676	0	1
chr6	76711701	78819000	1.6099	1729	0.5625	0.5703	DEL	NONE	BAF_WEIGHTED	1871	0.3605	76711701	76711701	1	1
chr6	78819001	79040312	2.0338	17	0.5517	0.5083	NONE	DUP	BAF_WEIGHTED	202	0.3552	78811001	78822001	1	1
chr6	79040313	79043718	3.2415	0	0	0.6724	DUP	DUP	BAF_WEIGHTED	2	0.313	79040313	79040313	1	2
chr6	79043719	82274000	1.965	2398	0.5606	0.5405	DUP	NONE	BAF_WEIGHTED	2922	0.3663	79043719	79043719	1	1
chr6	82274001	92230487	1.8208	4794	0.5622	0.5532	NONE	DEL	BAF_WEIGHTED	9173	0.386	82274001	82274001	1	1
chr6	92230488	92230522	0.9989	0	0	1	DEL	DEL	STRUCTURAL_VARIANT	0	0	92230488	92230488	0	1
chr6	92230523	93512848	1.6283	517	0.5714	0.6038	DEL	DEL	BAF_WEIGHTED	1220	0.3464	92230523	92230523	1	1
chr6	93512849	93512888	1.2327	0	0	0.778	DEL	DEL	STRUCTURAL_VARIANT	0	0	93512849	93512849	0	1
chr6	93512889	99328000	1.6853	2927	0.5595	0.5691	DEL	NONE	BAF_WEIGHTED	5429	0.3577	93512889	93512889	1	1
chr6	99328001	99571000	2.1592	172	0.5534	0.5369	NONE	NONE	BAF_WEIGHTED	231	0.3852	99328001	99328001	1	1
chr6	99571001	104329194	1.6691	2483	0.5637	0.5667	NONE	DEL	BAF_WEIGHTED	4412	0.3527	99571001	99571001	1	1
chr6	104329195	104331645	1.0337	0	0	0.915	DEL	DEL	BAF_WEIGHTED	1	0.368	104329195	104329195	0	1
chr6	104331646	104452000	1.6694	55	0.5714	0.603	DEL	NONE	BAF_WEIGHTED	112	0.3725	104331646	104331646	1	1
chr6	104452001	111101756	2.0729	2645	0.5561	0.5301	NONE	DUP	BAF_WEIGHTED	6225	0.4084	104452001	104458001	1	1
chr6	111101757	111105259	2.5088	1	0.5254	0.5703	DUP	DUP	BAF_WEIGHTED	3	0.425	111101757	111101757	1	1
chr6	111105260	111743403	2.116	282	0.5613	0.5239	DUP	DUP	BAF_WEIGHTED	609	0.4051	111105260	111105260	1	1
chr6	111743404	111746024	2.7506	0	0	0.6299	DUP	DUP	NON_DIPLOID	2	0.437	111743404	111743404	1	2
chr6	111746025	113579464	1.8932	393	0.5622	0.5377	DUP	INV	BAF_WEIGHTED	1729	0.3763	111746025	111746025	1	1
chr6	113579465	113827150	1.2871	186	0.6851	0.7917	INV	INV	BAF_WEIGHTED	241	0.3941	113579465	113579465	0	1
chr6	113827151	113834814	2.0058	8	0.5516	0.5014	INV	INV	BAF_WEIGHTED	6	0.3847	113827151	113827151	1	1
chr6	113834815	113837623	0.919	2	0.6529	1	INV	INV	BAF_WEIGHTED	2	0.411	113834815	113834815	0	1
chr6	113837624	121596994	1.8092	4355	0.5611	0.5578	INV	DEL	BAF_WEIGHTED	7221	0.3698	113837624	113837624	1	1
chr6	121596995	121597064	0.8967	0	0	1	DEL	DEL	STRUCTURAL_VARIANT	0	0	121596995	121596995	0	1
chr6	121597065	131200672	1.9547	4290	0.5594	0.5406	DEL	DEL	BAF_WEIGHTED	9079	0.368	121597065	121597065	1	1
chr6	131200673	131200705	1.2369	0	0	0.7261	DEL	DEL	STRUCTURAL_VARIANT	0	0	131200673	131200673	0	1
chr6	131200706	132094469	1.9745	397	0.5558	0.5236	DEL	DUP	BAF_WEIGHTED	813	0.3829	131200706	131200706	1	1
chr6	132094470	132107945	2.8207	19	0.5806	0.6017	DUP	DUP	BAF_WEIGHTED	12	0.3658	132094470	132094470	1	2
chr6	132107946	133162547	1.9955	379	0.5606	0.5356	DUP	DEL	BAF_WEIGHTED	1012	0.3774	132107946	132107946	1	1
chr6	133162548	133162598	1.6209	0	0	0.5924	DEL	DEL	STRUCTURAL_VARIANT	0	0	133162548	133162548	1	1
chr6	133162599	142210521	2.0701	4082	0.5586	0.5362	DEL	BND	BAF_WEIGHTED	8673	0.3848	133162599	133162599	1	1
chr6	142210522	146473050	1.0053	1618	0.771	0.9688	BND	DEL	BAF_WEIGHTED	4067	0.3837	142210522	142210522	0	1
chr6	146473051	146473998	0.5686	0	0	1	DEL	DEL	STRUCTURAL_VARIANT	0	0	146473051	146473051	0	1
chr6	146473999	148240324	0.9419	734	0.7775	0.9989	DEL	DEL	BAF_WEIGHTED	1686	0.3799	146473999	146473999	0	1
chr6	148240325	148240520	0	0	0	1	DEL	DEL	STRUCTURAL_VARIANT	0	0	148240325	148240325	0	0
chr6	148240521	156974440	0.9894	5068	0.7718	0.9837	DEL	DUP	BAF_WEIGHTED	8367	0.4043	148240521	148240521	0	1
chr6	156974441	156987669	2.2295	5	0.8431	0.9569	DUP	DUP	BAF_WEIGHTED	12	0.4074	156974441	156974441	0	2
chr6	156987670	162509549	1.0125	3518	0.7691	0.9747	DUP	DUP	BAF_WEIGHTED	5179	0.428	156987670	156987670	0	1
chr6	162509550	162710032	1.1509	187	0.7838	0.9662	DUP	DUP	BAF_WEIGHTED	199	0.3868	162509550	162509550	0	1
chr6	162710033	167870021	0.9251	3422	0.7726	0.9963	DUP	DUP	BAF_WEIGHTED	4740	0.4178	162710033	162710033	0	1
chr6	167870022	167874494	1.9521	3	0.8542	0.9884	DUP	DUP	BAF_WEIGHTED	3	0.3573	167870022	167870022	0	2
chr6	167874495	170805979	0.9616	1623	0.7659	0.9974	DUP	TELOMERE	BAF_WEIGHTED	2436	0.46	167874495	167874495	0	1
chr7	1	4100390	2.5157	2930	0.5777	0.6008	TELOMERE	DEL	BAF_WEIGHTED	3110	0.5045	1	1	1	2
chr7	4100391	4103025	1.463	2	0.5476	0.5703	DEL	DEL	BAF_WEIGHTED	2	0.5565	4100391	4100391	1	1
chr7	4103026	4603000	2.1736	486	0.5806	0.608	DEL	NONE	BAF_WEIGHTED	460	0.4695	4103026	4103026	1	1
chr7	4603001	7667703	2.7316	1541	0.5721	0.5842	NONE	DEL	BAF_WEIGHTED	2264	0.4655	4603001	4603001	1	2
chr7	7667704	7667745	2.0597	0	0	0.5515	DEL	DEL	STRUCTURAL_VARIANT	0	0	7667704	7667704	1	1
chr7	7667746	8309000	2.7882	377	0.5714	0.5903	DEL	NONE	BAF_WEIGHTED	618	0.3829	7667746	7667746	1	2
chr7	8309001	9749067	2.1974	1357	0.5816	0.609	NONE	DEL	BAF_WEIGHTED	1353	0.3547	8309001	8309001	1	1
chr7	9749068	9750494	1.9021	0	0	0.5121	DEL	DEL	STRUCTURAL_VARIANT	0	0	9749068	9749068	1	1
chr7	9750495	15599304	2.3361	4638	0.5786	0.6027	DEL	DEL	BAF_WEIGHTED	5557	0.3568	9750495	9750495	1	1
chr7	15599305	15623329	2.0846	64	0.5636	0.5203	DEL	DEL	BAF_WEIGHTED	23	0.3298	15599305	15599305	1	1
chr7	15623330	19316463	2.6683	1695	0.5768	0.5946	DEL	BND	BAF_WEIGHTED	3536	0.3672	15623330	15623330	1	2
chr7	19316464	23333616	3.7378	3063	0.5776	0.593	BND	DEL	BAF_WEIGHTED	3761	0.3867	19316464	19316464	2	2
chr7	23333617	23333980	2.8358	0	0	0.5365	DEL	DEL	STRUCTURAL_VARIANT	0	0	23333617	23333617	1	2
chr7	23333981	23442648	4.0262	46	0.5755	0.5893	DEL	DEL	BAF_WEIGHTED	107	0.4107	23333981	23333981	2	2
chr7	23442649	23442844	2.9667	0	0	0.5196	DEL	DEL	STRUCTURAL_VARIANT	0	0	23442649	23442649	1	2
chr7	23442845	23918490	3.6872	293	0.5715	0.582	DEL	DEL	BAF_WEIGHTED	434	0.4034	23442845	23442845	2	2
chr7	23918491	23918526	2.7473	0	0	0.5611	DEL	DEL	STRUCTURAL_VARIANT	0	0	23918491	23918491	1	2
chr7	23918527	24030405	3.3583	63	0.5872	0.6065	DEL	DEL	BAF_WEIGHTED	95	0.3924	23918527	23918527	1	2
chr7	24030406	24030467	2.7256	0	0	0.5624	DEL	DEL	STRUCTURAL_VARIANT	0	0	24030406	24030406	1	2
chr7	24030468	24803661	3.5942	164	0.5632	0.5736	DEL	DEL	BAF_WEIGHTED	733	0.3995	24030468	24030468	2	2
chr7	24803662	24803715	2.4159	0	0	0.6306	DEL	DEL	STRUCTURAL_VARIANT	0	0	24803662	24803662	1	2
chr7	24803716	25251002	3.7485	326	0.5783	0.5936	DEL	DEL	BAF_WEIGHTED	419	0.4107	24803716	24803716	2	2
chr7	25251003	25251763	2.57	0	0	0.5928	DEL	DEL	STRUCTURAL_VARIANT	0	0	25251003	25251003	1	2
chr7	25251764	26184405	3.4569	304	0.5715	0.5868	DEL	BND	BAF_WEIGHTED	877	0.413	25251764	25251764	1	2
chr7	26184406	26185148	3.0319	0	0	0.6352	BND	BND	STRUCTURAL_VARIANT	0	0	26184406	26184406	1	2
chr7	26185149	26185360	3.7211	0	0	0.7028	BND	BND	STRUCTURAL_VARIANT	0	0	26185149	26185149	1	3
chr7	26185361	26188046	3.2081	0	0	0.6552	BND	DEL	NON_DIPLOID	1	0.403	26185361	26185361	1	2
chr7	26188047	26189178	1.5357	0	0	0.7202	DEL	DEL	STRUCTURAL_VARIANT	0	0	26188047	26188047	0	1
chr7	26189179	27222047	2.6761	472	0.5715	0.5867	DEL	BND	BAF_WEIGHTED	969	0.4176	26189179	26189179	1	2
chr7	27222048	27222048	2.0551	0	0	0.5264	BND	BND	STRUCTURAL_VARIANT	0	0	27222048	27222048	1	1
chr7	27222049	27222338	2.6953	0	0	0.6389	BND	BND	STRUCTURAL_VARIANT	0	0	27222049	27222049	1	2
chr7	27222339	28781170	2.0769	851	0.5563	0.5314	BND	DUP	BAF_WEIGHTED	1502	0.4056	27222339	27222339	1	1
chr7	28781171	28790558	3.1729	6	0.6777	0.7191	DUP	DUP	BAF_WEIGHTED	8	0.4244	28781171	28781171	1	2
chr7	28790559	29966000	1.9863	627	0.5578	0.5249	DUP	NONE	BAF_WEIGHTED	1037	0.4169	28790559	28790559	1	1
chr7	29966001	30612000	2.3346	141	0.5625	0.5717	NONE	NONE	BAF_WEIGHTED	584	0.4122	29966001	29966001	1	1
chr7	30612001	32398922	1.9275	1050	0.5653	0.5375	NONE	DEL	BAF_WEIGHTED	1684	0.4257	30612001	30612001	1	1
chr7	32398923	32399984	0.9127	0	0	1	DEL	DEL	STRUCTURAL_VARIANT	0	0	32398923	32398923	0	1
chr7	32399985	32472000	1.7374	15	0.5455	0.5756	DEL	NONE	BAF_WEIGHTED	63	0.4237	32399985	32399985	1	1
chr7	32472001	33201000	2.1888	240	0.5604	0.5431	NONE	NONE	BAF_WEIGHTED	446	0.4095	32472001	32472001	1	1
chr7	33201001	35621000	1.8282	1241	0.558	0.5577	NONE	NONE	BAF_WEIGHTED	1995	0.3976	33201001	33201001	1	1
chr7	35621001	35912253	2.2259	145	0.5641	0.5507	NONE	DEL	BAF_WEIGHTED	253	0.3832	35621001	35621001	1	1
chr7	35912254	35912292	1.4959	0	0	0.5915	DEL	DEL	STRUCTURAL_VARIANT	0	0	35912254	35912254	1	1
chr7	35912293	37608115	1.9222	619	0.5586	0.5397	DEL	DEL	BAF_WEIGHTED	1560	0.4199	35912293	35912293	1	1
chr7	37608116	37608166	1.1917	0	0	0.7609	DEL	DEL	STRUCTURAL_VARIANT	0	0	37608116	37608116	0	1
chr7	37608167	41155146	1.9389	2097	0.5581	0.5323	DEL	DUP	BAF_WEIGHTED	3303	0.3925	37608167	37608167	1	1
chr7	41155147	41158850	2.8863	0	0	0.6858	DUP	DUP	BAF_WEIGHTED	2	0.324	41155147	41155147	1	2
chr7	41158851	44717380	1.9565	1179	0.559	0.5324	DUP	DUP	BAF_WEIGHTED	3315	0.4219	41158851	41158851	1	1
chr7	44717381	44725330	3.1699	2	0.5856	0.6056	DUP	DUP	BAF_WEIGHTED	7	0.4409	44717381	44717381	1	2
chr7	44725331	45418991	2.0245	400	0.5515	0.536	DUP	DUP	BAF_WEIGHTED	629	0.4656	44725331	44725331	1	1
chr7	45418992	45422359	3.1274	0	0	0.7301	DUP	DUP	NON_DIPLOID	3	0.3597	45418992	45418992	1	2
chr7	45422360	46744659	1.844	523	0.5556	0.5423	DUP	INV	BAF_WEIGHTED	1133	0.4095	45422360	45422360	1	1
chr7	46744660	46745084	2.8688	0	0	0.6552	INV	INV	STRUCTURAL_VARIANT	0	0	46744660	46744660	1	2
chr7	46745085	46745999	1.9629	0	0	0.5039	INV	INV	STRUCTURAL_VARIANT	0	0	46745085	46745085	1	1
chr7	46746000	46746013	2.9625	0	0	0.6661	INV	INV	STRUCTURAL_VARIANT	0	0	46746000	46746000	1	2
chr7	46746014	48441000	2.1576	737	0.5572	0.5416	INV	NONE	BAF_WEIGHTED	1638	0.4284	46746014	46746014	1	1
chr7	48441001	57497000	1.8026	4766	0.5605	0.5632	NONE	NONE	BAF_WEIGHTED	7721	0.3977	48441001	48441001	1	1
chr7	57497001	59498943	1.3976	176	0.5758	0.6159	NONE	CENTROMERE	BAF_WEIGHTED	214	0.3764	57485001	57497001	1	1
chr7	59498944	64293000	1.4948	1579	0.5646	0.5703	CENTROMERE	NONE	BAF_WEIGHTED	1063	0.395	59498944	59498944	1	1
chr7	64293001	68459196	1.8594	3050	0.56	0.5408	NONE	DEL	BAF_WEIGHTED	2922	0.4345	64293001	64293001	1	1
chr7	68459197	68459230	1.4931	0	0	0.6735	DEL	DEL	STRUCTURAL_VARIANT	0	0	68459197	68459197	0	1
chr7	68459231	69549000	1.7173	914	0.5654	0.5631	DEL	NONE	BAF_WEIGHTED	1078	0.437	68459231	68459231	1	1
chr7	69549001	70112576	2.219	216	0.5585	0.5493	NONE	DEL	BAF_WEIGHTED	557	0.4018	69549001	69549001	1	1
chr7	70112577	70290211	0.9875	73	0.7812	1	DEL	DEL	BAF_WEIGHTED	168	0.3807	70112577	70112577	0	1
chr7	70290212	70961000	2.0055	468	0.5652	0.5477	DEL	NONE	BAF_WEIGHTED	650	0.4361	70290212	70290212	1	1
chr7	70961001	71706639	1.6195	208	0.5556	0.5703	NONE	DEL	BAF_WEIGHTED	735	0.4413	70956001	70961001	1	1
chr7	71706640	71706781	1.0101	0	0	0.99	DEL	DEL	STRUCTURAL_VARIANT	0	0	71706640	71706640	0	1
chr7	71706782	72752000	1.6677	681	0.561	0.5996	DEL	NONE	BAF_WEIGHTED	807	0.436	71706782	71706782	1	1
chr7	72752001	76372019	2.1151	840	0.5603	0.5272	NONE	DUP	BAF_WEIGHTED	2088	0.4997	72752001	72752001	1	1
chr7	76372020	76372176	2.9759	0	0	0.6253	DUP	DUP	STRUCTURAL_VARIANT	0	0	76372020	76372020	1	2
chr7	76372177	78083097	2.1344	591	0.5555	0.5318	DUP	INV	BAF_WEIGHTED	942	0.4079	76372177	76372177	1	1
chr7	78083098	78083670	2.7912	0	0	0.63	INV	INV	STRUCTURAL_VARIANT	0	0	78083098	78083098	1	2
chr7	78083671	82019034	1.8479	2055	0.5629	0.5589	INV	DEL	BAF_WEIGHTED	3774	0.3597	78083671	78083671	1	1
chr7	82019035	82035795	0.9488	11	0.8095	1	DEL	DEL	BAF_WEIGHTED	15	0.3271	82019035	82019035	0	1
chr7	82035796	88137000	1.7673	2711	0.5589	0.5617	DEL	NONE	BAF_WEIGHTED	5720	0.353	82035796	82035796	1	1
chr7	88137001	88372000	2.2581	6	0.5998	0.6324	NONE	NONE	BAF_WEIGHTED	227	0.3732	88137001	88137001	1	1
chr7	88372001	88712065	1.8088	184	0.5633	0.5529	NONE	DUP	BAF_WEIGHTED	322	0.3661	88371001	88373001	1	1
chr7	88712066	88714831	2.4686	2	0.5946	0.6229	DUP	DUP	BAF_WEIGHTED	1	0.324	88712066	88712066	1	2
chr7	88714832	89504824	1.6912	338	0.5664	0.5806	DUP	DEL	BAF_WEIGHTED	742	0.3485	88714832	88714832	1	1
chr7	89504825	89504865	0.9267	0	0	1	DEL	DEL	STRUCTURAL_VARIANT	0	0	89504825	89504825	0	1
chr7	89504866	90181000	1.6481	191	0.5517	0.5703	DEL	NONE	BAF_WEIGHTED	572	0.3588	89504866	89504866	1	1
chr7	90181001	94375534	1.996	1263	0.5634	0.5255	NONE	INV	BAF_WEIGHTED	3846	0.3758	90181001	90181001	1	1
chr7	94375535	94375537	2.8385	0	0	0.6663	INV	DEL	STRUCTURAL_VARIANT	0	0	94375535	94375535	1	2
chr7	94375538	94375659	1.9711	0	0	0.5195	DEL	DEL	STRUCTURAL_VARIANT	0	0	94375538	94375538	1	1
chr7	94375660	94375662	2.8385	0	0	0.6663	DEL	INV	STRUCTURAL_VARIANT	0	0	94375660	94375660	1	2
chr7	94375663	94376108	2.1009	0	0	0.5492	INV	DEL	STRUCTURAL_VARIANT	0	0	94375663	94375663	1	1
chr7	94376109	94376116	0.9429	0	0	1	DEL	INV	STRUCTURAL_VARIANT	0	0	94376109	94376109	0	1
chr7	94376117	94376590	1.7634	0	0	0.5371	INV	DEL	STRUCTURAL_VARIANT	0	0	94376117	94376117	1	1
chr7	94376591	94376608	0.6405	0	0	1	DEL	DUP	STRUCTURAL_VARIANT	0	0	94376591	94376591	0	1
chr7	94376609	94376848	1.4344	0	0	0.6604	DUP	DEL	STRUCTURAL_VARIANT	0	0	94376609	94376609	0	1
chr7	94376849	94376849	2.5508	0	0	0.6287	DEL	INV	STRUCTURAL_VARIANT	0	0	94376849	94376849	1	2
chr7	94376850	94377016	1.7516	0	0	0.5408	INV	DEL	STRUCTURAL_VARIANT	0	0	94376850	94376850	1	1
chr7	94377017	94377022	2.8588	0	0	0.6687	DEL	INV	STRUCTURAL_VARIANT	0	0	94377017	94377017	1	2
chr7	94377023	95114631	2.0156	457	0.5625	0.5039	INV	DEL	BAF_WEIGHTED	690	0.368	94377023	94377023	1	1
chr7	95114632	95114792	1.2209	0	0	0.7716	DEL	DEL	STRUCTURAL_VARIANT	0	0	95114632	95114632	0	1
chr7	95114793	98421905	1.932	1655	0.5573	0.5124	DEL	DUP	BAF_WEIGHTED	2957	0.3976	95114793	95114793	1	1
chr7	98421906	98427443	3.0278	4	0.6156	0.6438	DUP	DUP	BAF_WEIGHTED	5	0.467	98421906	98421906	1	2
chr7	98427444	99208647	1.9535	352	0.5636	0.5486	DUP	DUP	BAF_WEIGHTED	768	0.4667	98427444	98427444	1	1
chr7	99208648	99208660	1.1586	0	0	0.841	DUP	INV	STRUCTURAL_VARIANT	0	0	99208648	99208648	0	1
chr7	99208661	99210007	2.0609	0	0	0.5272	INV	INV	BAF_WEIGHTED	1	0.507	99208661	99208661	1	1
chr7	99210008	99210019	2.8909	0	0	0.6629	INV	INV	STRUCTURAL_VARIANT	0	0	99210008	99210008	1	2
chr7	99210020	102260935	2.0367	1086	0.5529	0.5216	INV	DUP	BAF_WEIGHTED	2586	0.491	99210020	99210020	1	1
chr7	102260936	103579632	3.1046	158	0.644	0.6782	DUP	DUP	BAF_WEIGHTED	725	0.4278	102260936	102260936	1	2
chr7	103579633	104763031	1.8176	959	0.5641	0.5502	DUP	DUP	BAF_WEIGHTED	1073	0.3801	103579633	103579633	1	1
chr7	104763032	107090712	3.1715	1289	0.6113	0.6371	DUP	DUP	BAF_WEIGHTED	2200	0.4188	104763032	104763032	1	2
chr7	107090713	107383669	2.1314	201	0.5606	0.5323	DUP	DEL	BAF_WEIGHTED	280	0.3758	107090713	107090713	1	1
chr7	107383670	107383720	1.2156	0	0	0.8226	DEL	DEL	STRUCTURAL_VARIANT	0	0	107383670	107383670	0	1
chr7	107383721	108650000	2.1562	657	0.56	0.5362	DEL	NONE	BAF_WEIGHTED	1204	0.3912	107383721	107383721	1	1
chr7	108650001	111843531	1.82	1235	0.5622	0.5647	NONE	DUP	BAF_WEIGHTED	2944	0.3614	108650001	108650001	1	1
chr7	111843532	111848601	3.1106	0	0	0.7453	DUP	DUP	BAF_WEIGHTED	4	0.409	111843532	111843532	1	2
chr7	111848602	113130000	2.2218	371	0.5581	0.5499	DUP	NONE	BAF_WEIGHTED	1210	0.3818	111848602	111848602	1	1
chr7	113130001	114864000	1.8204	248	0.561	0.5493	NONE	NONE	BAF_WEIGHTED	1614	0.3557	113130001	113130001	1	1
chr7	114864001	115226000	2.2389	129	0.5625	0.5534	NONE	NONE	BAF_WEIGHTED	340	0.3615	114864001	114864001	1	1
chr7	115226001	127475534	1.8462	4971	0.5616	0.5501	NONE	DUP	BAF_WEIGHTED	11539	0.3621	115226001	115226001	1	1
chr7	127475535	127479538	3.0042	12	0.6165	0.6452	DUP	DUP	BAF_WEIGHTED	3	0.3863	127475535	127475535	1	2
chr7	127479539	127781137	2.0633	151	0.5627	0.5524	DUP	BND	BAF_WEIGHTED	291	0.4181	127479539	127479539	1	1
chr7	127781138	127787099	3.2484	2	0.5691	0.5703	BND	BND	BAF_WEIGHTED	5	0.4016	127781138	127781138	1	2
chr7	127787100	133751836	2.0226	2530	0.5555	0.5345	BND	DUP	BAF_WEIGHTED	5507	0.4326	127787100	127787100	1	1
chr7	133751837	135645415	3.0689	921	0.636	0.6689	DUP	DUP	BAF_WEIGHTED	1813	0.4055	133751837	133751837	1	2
chr7	135645416	135645587	4.6748	0	0	0.8141	DUP	DUP	STRUCTURAL_VARIANT	0	0	135645416	135645416	1	4
chr7	135645588	135645914	3.5132	0	0	0.7527	DUP	DUP	STRUCTURAL_VARIANT	0	0	135645588	135645588	1	3
chr7	135645915	137907252	1.9074	948	0.5598	0.5444	DUP	DUP	BAF_WEIGHTED	2137	0.3852	135645915	135645915	1	1
chr7	137907253	137924155	3.0383	10	0.655	0.6927	DUP	DUP	BAF_WEIGHTED	16	0.4272	137907253	137907253	1	2
chr7	137924156	138014000	2.3606	51	0.5455	0.5764	DUP	NONE	BAF_WEIGHTED	89	0.4333	137924156	137924156	1	1
chr7	138014001	144643859	1.9517	2246	0.5598	0.531	NONE	DEL	BAF_WEIGHTED	5619	0.4222	138014001	138014001	1	1
chr7	144643860	144652569	1.7911	2	0.5577	0.5583	DEL	INV	BAF_WEIGHTED	5	0.4064	144643860	144643860	1	1
chr7	144652570	144656014	1.6239	1	0.5405	0.5703	INV	DEL	BAF_WEIGHTED	3	0.3637	144652570	144652570	1	1
chr7	144656015	144656208	1.9887	0	0	0.5829	DEL	INV	STRUCTURAL_VARIANT	0	0	144656015	144656015	1	1
chr7	144656209	145193297	1.7983	310	0.5559	0.5388	INV	DEL	BAF_WEIGHTED	518	0.3731	144656209	144656209	1	1
chr7	145193298	145247167	1.3907	1	0.5312	0.5703	DEL	DEL	BAF_WEIGHTED	39	0.3571	145193298	145193298	1	1
chr7	145247168	148679000	1.5917	1713	0.562	0.5705	DEL	NONE	BAF_WEIGHTED	3233	0.3739	145247168	145247168	1	1
chr7	148679001	152912000	1.9939	2714	0.5572	0.5184	NONE	NONE	BAF_WEIGHTED	3168	0.4668	148679001	148679001	1	1
chr7	152912001	154685812	1.5872	1503	0.5634	0.5703	NONE	DEL	BAF_WEIGHTED	1373	0.4209	152912001	152912001	1	1
chr7	154685813	155468678	0.8456	542	0.7775	1	DEL	DEL	BAF_WEIGHTED	719	0.4762	154685813	154685813	0	1
chr7	155468679	159150651	1.7835	2204	0.561	0.5613	DEL	INV	BAF_WEIGHTED	3271	0.4712	155468679	155468679	1	1
chr7	159150652	159150659	2.5275	0	0	0.6904	INV	INV	STRUCTURAL_VARIANT	0	0	159150652	159150652	1	2
chr7	159150660	159345973	1.675	7	0.5686	0.5703	INV	TELOMERE	BAF_WEIGHTED	153	0.4151	159150660	159150660	1	1
chr8	1	3326169	1.4395	2284	0.5841	0.6282	TELOMERE	DEL	BAF_WEIGHTED	2443	0.4457	1	1	1	1
chr8	3326170	3328048	0.744	0	0	1	DEL	DEL	STRUCTURAL_VARIANT	0	0.408	3326170	3326170	0	1
chr8	3328049	22220343	1.5387	15691	0.5791	0.6179	DEL	DUP	BAF_WEIGHTED	16210	0.4063	3328049	3328049	1	1
chr8	22220344	22231352	2.5155	4	0.5837	0.6082	DUP	DUP	BAF_WEIGHTED	8	0.5568	22220344	22220344	1	2
chr8	22231353	26407425	1.6583	2329	0.578	0.6132	DUP	INV	BAF_WEIGHTED	3961	0.4242	22231353	22231353	1	1
chr8	26407426	26411590	1.9366	3	0.6316	0.6819	INV	INV	BAF_WEIGHTED	3	0.3927	26407426	26407426	1	1
chr8	26411591	27628118	2.3642	647	0.5874	0.6149	INV	BND	BAF_WEIGHTED	1162	0.433	26411591	26411591	1	1
chr8	27628119	27629112	3.6519	0	0	0.7411	BND	BND	STRUCTURAL_VARIANT	0	0	27628119	27628119	1	3
chr8	27629113	27635425	3.11	0	0	0.696	BND	DEL	BAF_WEIGHTED	3	0.522	27629113	27629113	1	2
chr8	27635426	27637790	1.7178	0	0	0.5505	DEL	DEL	NON_DIPLOID	1	0.557	27635426	27635426	1	1
chr8	27637791	32714835	2.473	1793	0.5908	0.6176	DEL	BND	BAF_WEIGHTED	4866	0.4093	27637791	27637791	1	2
chr8	32714836	32715029	3.3315	0	0	0.7162	BND	BND	STRUCTURAL_VARIANT	0	0	32714836	32714836	1	2
chr8	32715030	37298000	2.0895	1517	0.5865	0.6168	BND	NONE	BAF_WEIGHTED	4360	0.3887	32715030	32715030	1	1
chr8	37298001	40396029	2.4494	932	0.5836	0.609	NONE	DUP	BAF_WEIGHTED	2804	0.4213	37298001	37298001	1	1
chr8	40396030	40396202	3.4179	0	0	0.7231	DUP	DUP	STRUCTURAL_VARIANT	0	0	40396030	40396030	1	2
chr8	40396203	43508000	2.4422	1468	0.5862	0.6124	DUP	NONE	BAF_WEIGHTED	2870	0.4339	40396203	40396203	1	1
chr8	43508001	44955504	1.909	94	0.6082	0.6502	NONE	CENTROMERE	BAF_WEIGHTED	384	0.3933	43508001	43508001	1	1
chr8	44955505	46643226	1.9474	506	0.5778	0.6074	CENTROMERE	DEL	BAF_WEIGHTED	618	0.4589	44955505	44955505	1	1
chr8	46643227	46648444	1.1492	2	0.8654	1.1006	DEL	DEL	BAF_WEIGHTED	3	0.4317	46643227	46643227	0	1
chr8	46648445	47250500	2.1572	140	0.5811	0.6102	DEL	NONE	BAF_WEIGHTED	494	0.4139	46648445	46648445	1	1
chr8	47250501	48111000	2.6174	8	0.589	0.6142	NONE	NONE	BAF_WEIGHTED	778	0.4187	47250001	47251001	1	2
chr8	48111001	50129768	2.0929	774	0.582	0.6115	NONE	DUP	BAF_WEIGHTED	1860	0.3941	48111001	48111001	1	1
chr8	50129769	50135214	2.7611	0	0	0.5365	DUP	DUP	BAF_WEIGHTED	5	0.3554	50129769	50129769	1	1
chr8	50135215	50951562	2.0109	213	0.5814	0.6113	DUP	INV	BAF_WEIGHTED	760	0.3538	50135215	50135215	1	1
chr8	50951563	50951586	1.0051	0	0	1	INV	INV	STRUCTURAL_VARIANT	0	0	50951563	50951563	0	1
chr8	50951587	50952597	2.1892	0	0	0.5616	INV	INV	STRUCTURAL_VARIANT	0	0	50951587	50951587	1	1
chr8	50952598	50977693	1.1834	1	0.8621	1.0884	INV	INV	BAF_WEIGHTED	23	0.3526	50952598	50952598	0	1
chr8	50977694	51806000	2.1654	446	0.58	0.6073	INV	NONE	BAF_WEIGHTED	776	0.3759	50977694	50977694	1	1
chr8	51806001	52020000	2.7886	99	0.5802	0.6015	NONE	NONE	BAF_WEIGHTED	204	0.3872	51806001	51806001	1	2
chr8	52020001	52404021	2.2703	177	0.5862	0.6143	NONE	DEL	BAF_WEIGHTED	372	0.3955	52020001	52020001	1	1
chr8	52404022	52404078	1.3906	0	0	0.9897	DEL	DEL	STRUCTURAL_VARIANT	0	0	52404022	52404022	0	1
chr8	52404079	60377000	2.2619	3847	0.5813	0.6084	DEL	NONE	BAF_WEIGHTED	7432	0.3926	52404079	52404079	1	1
chr8	60377001	61026000	2.6632	75	0.5714	0.5912	NONE	NONE	BAF_WEIGHTED	613	0.4133	60377001	60377001	1	2
chr8	61026001	61505000	2.2446	140	0.573	0.597	NONE	NONE	BAF_WEIGHTED	435	0.3999	61026001	61026001	1	1
chr8	61505001	61861000	2.6816	172	0.5882	0.6125	NONE	NONE	BAF_WEIGHTED	342	0.384	61505001	61505001	1	2
chr8	61861001	64572000	2.2098	1056	0.5809	0.608	NONE	NONE	BAF_WEIGHTED	2532	0.3726	61861001	61861001	1	1
chr8	64572001	64921000	2.7182	23	0.5926	0.6178	NONE	NONE	BAF_WEIGHTED	336	0.3775	64572001	64572001	1	2
chr8	64921001	65242494	2.3087	132	0.5752	0.5992	NONE	DEL	BAF_WEIGHTED	296	0.3756	64921001	64921001	1	1
chr8	65242495	65242670	1.7991	0	0	0.8566	DEL	DEL	STRUCTURAL_VARIANT	0	0	65242495	65242495	0	2
chr8	65242671	67413000	2.5707	421	0.5824	0.5995	DEL	NONE	BAF_WEIGHTED	2065	0.4007	65242671	65242671	1	2
chr8	67413001	69985619	2.2535	941	0.5778	0.6033	NONE	DUP	BAF_WEIGHTED	2405	0.3838	67413001	67413001	1	1
chr8	69985620	69985683	3.1561	0	0	0.5692	DUP	DUP	STRUCTURAL_VARIANT	0	0	69985620	69985620	1	2
chr8	69985684	70132000	2.2222	73	0.5714	0.5952	DUP	NONE	BAF_WEIGHTED	139	0.4465	69985684	69985684	1	1
chr8	70132001	70685000	2.7025	144	0.5826	0.6051	NONE	NONE	BAF_WEIGHTED	525	0.3889	70132001	70132001	1	2
chr8	70685001	71876075	2.236	924	0.5865	0.6151	NONE	DEL	BAF_WEIGHTED	1086	0.3796	70684001	70686001	1	1
chr8	71876076	73870471	1.4584	781	0.8236	0.9887	DEL	DUP	BAF_WEIGHTED	1871	0.3914	71876076	71876076	0	1
chr8	73870472	73876041	3.4279	0	0	0.9993	DUP	DUP	BAF_WEIGHTED	5	0.3942	73870472	73870472	0	3
chr8	73876042	80108870	1.4009	1784	0.8261	0.9982	DUP	BND	BAF_WEIGHTED	5878	0.3627	73876042	73876042	0	1
chr8	80108871	98139991	1.0765	8336	0.7909	0.9889	BND	DEL	BAF_WEIGHTED	16744	0.3784	80108871	80108871	0	1
chr8	98139992	98562979	2.1288	172	0.5578	0.5303	DEL	INV	BAF_WEIGHTED	401	0.4096	98139992	98139992	1	1
chr8	98562980	98596362	2.1006	0	0	0.5239	INV	BND	BAF_WEIGHTED	25	0.3631	98562980	98562980	1	1
chr8	98596363	99913612	3.2508	70	0.6286	0.6579	BND	INV	BAF_WEIGHTED	1181	0.3738	98596363	98596363	1	2
chr8	99913613	100414785	3.26	64	0.6256	0.6564	INV	DUP	BAF_WEIGHTED	460	0.3898	99913613	99913613	1	2
chr8	100414786	100415064	4.5987	0	0	0.7478	DUP	DUP	STRUCTURAL_VARIANT	0	0	100414786	100414786	1	3
chr8	100415065	104487504	3.3228	2262	0.6233	0.651	DUP	DEL	BAF_WEIGHTED	3882	0.4092	100415065	100415065	1	2
chr8	104487505	104487557	1.5969	0	0	0.7262	DEL	DEL	STRUCTURAL_VARIANT	0	0	104487505	104487505	0	1
chr8	104487558	107542000	2.9946	1133	0.6205	0.6507	DEL	NONE	BAF_WEIGHTED	2921	0.3687	104487558	104487558	1	2
chr8	107542001	114781000	2.7386	3749	0.6204	0.6528	NONE	NONE	BAF_WEIGHTED	6849	0.3514	107542001	107542001	1	2
chr8	114781001	116946000	3.5855	855	0.6214	0.6472	NONE	NONE	BAF_WEIGHTED	2088	0.3699	114781001	114781001	1	2
chr8	116946001	120152953	3.1903	929	0.6271	0.6567	NONE	DUP	BAF_WEIGHTED	3037	0.3933	116946001	116946001	1	2
chr8	120152954	120227713	4.4974	15	0.6627	0.6895	DUP	DUP	BAF_WEIGHTED	67	0.3741	120152954	120152954	1	3
chr8	120227714	125243966	3.2921	2316	0.629	0.658	DUP	DUP	BAF_WEIGHTED	4824	0.404	120227714	120227714	1	2
chr8	125243967	125271880	5.7876	2	0.7783	0.8139	DUP	DUP	BAF_WEIGHTED	27	0.406	125243967	125243967	1	5
chr8	125271881	130452000	3.3617	2648	0.631	0.6604	DUP	NONE	BAF_WEIGHTED	4922	0.4082	125271881	125271881	1	2
chr8	130452001	132156109	3.0639	1045	0.6312	0.6628	NONE	DEL	BAF_WEIGHTED	1597	0.3965	130452001	130452001	1	2
chr8	132156110	132156149	2.7083	0	0	0.7498	DEL	DEL	STRUCTURAL_VARIANT	0	0	132156110	132156110	1	2
chr8	132156150	132212649	3.2043	70	0.6014	0.6247	DEL	BND	BAF_WEIGHTED	55	0.4372	132156150	132156150	1	2
chr8	132212650	132258287	2.9096	50	0.551	0.5715	BND	BND	BAF_WEIGHTED	43	0.4177	132212650	132212650	1	2
chr8	132258288	135207155	1.9835	2170	0.848	0.9786	BND	DEL	BAF_WEIGHTED	2849	0.4332	132258288	132258288	0	2
chr8	135207156	135207570	0.9373	0	0	1	DEL	DEL	STRUCTURAL_VARIANT	0	0	135207156	135207156	0	1
chr8	135207571	145138636	1.8253	4742	0.8558	1.0031	DEL	TELOMERE	BAF_WEIGHTED	8210	0.461	135207571	135207571	0	2
chr9	1	7043389	1.6068	4907	0.6358	0.6988	TELOMERE	DEL	BAF_WEIGHTED	6370	0.3998	1	1	0	1
chr9	7043390	7043446	1.196	0	0	0.5953	DEL	DEL	STRUCTURAL_VARIANT	0	0	7043390	7043390	0	1
chr9	7043447	11086524	1.4997	3479	0.5944	0.6407	DEL	DUP	BAF_WEIGHTED	3836	0.366	7043447	7043447	1	1
chr9	11086525	11441783	2.3298	414	0.7	0.7635	DUP	DUP	BAF_WEIGHTED	343	0.3519	11086525	11086525	1	2
chr9	11441784	12654000	1.5415	1281	0.588	0.6305	DUP	NONE	BAF_WEIGHTED	1139	0.3463	11441784	11441784	1	1
chr9	12654001	13849145	2.0237	617	0.5814	0.6112	NONE	DUP	BAF_WEIGHTED	1149	0.3704	12654001	12654001	1	1
chr9	13849146	13860482	4.0333	0	0	0.8049	DUP	DUP	BAF_WEIGHTED	10	0.3865	13849146	13849146	1	3
chr9	13860483	13952082	5.1479	85	0.8026	0.8459	DUP	DUP	BAF_WEIGHTED	87	0.3688	13860483	13860483	1	4
chr9	13952083	14042215	5.7973	105	0.7057	0.7319	DUP	DUP	BAF_WEIGHTED	81	0.4059	13952083	13952083	2	4
chr9	14042216	14147640	6.8674	67	0.7317	0.7567	DUP	DUP	BAF_WEIGHTED	103	0.3688	14042216	14042216	2	5
chr9	14147641	14176180	6.0919	19	0.704	0.7285	DUP	DUP	BAF_WEIGHTED	28	0.3629	14147641	14147641	2	4
chr9	14176181	14209545	5.2192	36	0.6719	0.6963	DUP	DUP	BAF_WEIGHTED	32	0.3716	14176181	14176181	2	4
chr9	14209546	14246295	4.2942	12	0.7641	0.8095	DUP	DUP	BAF_WEIGHTED	36	0.3756	14209546	14209546	1	3
chr9	14246296	14562828	1.9983	123	0.584	0.616	DUP	DEL	BAF_WEIGHTED	305	0.401	14246296	14246296	1	1
chr9	14562829	14563328	0.4978	0	0	1	DEL	DEL	STRUCTURAL_VARIANT	0	0	14562829	14562829	0	0
chr9	14563329	16383362	1.7849	1531	0.5912	0.6295	DEL	DUP	BAF_WEIGHTED	1673	0.3962	14563329	14563329	1	1
chr9	16383363	16383439	2.4161	0	0	0.7362	DUP	DEL	STRUCTURAL_VARIANT	0	0	16383363	16383363	1	2
chr9	16383440	16383448	1.8189	0	0	0.6496	DEL	DUP	STRUCTURAL_VARIANT	0	0	16383440	16383440	1	1
chr9	16383449	16383453	1.147	0	0	0.5556	DUP	DEL	STRUCTURAL_VARIANT	0	0	16383449	16383449	1	1
chr9	16383454	19799618	1.6861	2148	0.5848	0.622	DEL	DEL	BAF_WEIGHTED	3220	0.393	16383454	16383454	1	1
chr9	19799619	19799803	1.0345	0	0	0.616	DEL	DEL	STRUCTURAL_VARIANT	0	0	19799619	19799619	0	1
chr9	19799804	22751605	1.7674	1972	0.585	0.6214	DEL	DUP	BAF_WEIGHTED	2662	0.376	19799804	19799804	1	1
chr9	22751606	22752180	2.9692	0	0	0.7746	DUP	DEL	STRUCTURAL_VARIANT	0	0	22751606	22751606	1	2
chr9	22752181	26408901	1.514	1430	0.5828	0.6235	DEL	DEL	BAF_WEIGHTED	3417	0.3588	22752181	22752181	1	1
chr9	26408902	26408936	0.7026	0	0	1	DEL	DEL	STRUCTURAL_VARIANT	0	0	26408902	26408902	0	1
chr9	26408937	33019000	1.5757	3680	0.5876	0.6292	DEL	NONE	BAF_WEIGHTED	6186	0.3673	26408937	26408937	1	1
chr9	33019001	35602932	1.903	1304	0.586	0.6191	NONE	DEL	BAF_WEIGHTED	2156	0.4477	33019001	33019001	1	1
chr9	35602933	35603462	1.0457	0	0	0.6965	DEL	DEL	STRUCTURAL_VARIANT	0	0	35602933	35602933	0	1
chr9	35603463	44377362	1.8723	1502	0.5791	0.611	DEL	CENTROMERE	BAF_WEIGHTED	2897	0.447	35603463	35603463	1	1
chr9	44377363	68543000	2.0707	477	0.58	0.6084	CENTROMERE	NONE	BAF_WEIGHTED	151	0.4148	44377363	44377363	1	1
chr9	68543001	72768674	1.3066	1882	0.8144	0.9953	NONE	DEL	BAF_WEIGHTED	4001	0.3995	68543001	68543001	0	1
chr9	72768675	72768713	0.4192	0	0	1	DEL	DEL	STRUCTURAL_VARIANT	0	0	72768675	72768675	0	0
chr9	72768714	74109421	1.2211	412	0.8092	1.0039	DEL	DEL	BAF_WEIGHTED	1296	0.3551	72768714	72768714	0	1
chr9	74109422	74109487	0.0794	0	0	1	DEL	DEL	STRUCTURAL_VARIANT	0	0	74109422	74109422	0	0
chr9	74109488	76732492	1.2061	1555	0.8059	0.9932	DEL	DEL	BAF_WEIGHTED	2490	0.3917	74109488	74109488	0	1
chr9	76732493	76732528	0.4782	0	0	1	DEL	DEL	STRUCTURAL_VARIANT	0	0	76732493	76732493	0	0
chr9	76732529	84647362	1.2367	3587	0.804	0.9912	DEL	DEL	BAF_WEIGHTED	7328	0.3925	76732529	76732529	0	1
chr9	84647363	84647395	0.3209	0	0	1	DEL	DEL	STRUCTURAL_VARIANT	0	0	84647363	84647363	0	0
chr9	84647396	99307815	1.3069	6577	0.8045	0.9797	DEL	DUP	BAF_WEIGHTED	13175	0.4336	84647396	84647396	0	1
chr9	99307816	99307939	2.177	0	0	0.9917	DUP	DUP	STRUCTURAL_VARIANT	0	0	99307816	99307816	0	2
chr9	99307940	117841415	1.2613	8813	0.8045	0.9856	DUP	DUP	BAF_WEIGHTED	17540	0.4016	99307940	99307940	0	1
chr9	117841416	117862895	2.1518	9	0.8824	1.0139	DUP	DUP	BAF_WEIGHTED	19	0.3868	117841416	117841416	0	2
chr9	117862896	120331000	1.0554	1342	0.7941	1.0002	DUP	NONE	BAF_WEIGHTED	2361	0.392	117862896	117862896	0	1
chr9	120331001	120993450	1.4658	260	0.8065	0.9612	NONE	DUP	BAF_WEIGHTED	637	0.4311	120331001	120331001	0	1
chr9	120993451	120995408	2.3652	4	0.94	1.0775	DUP	DUP	BAF_WEIGHTED	1	0.396	120993451	120993451	0	2
chr9	120995409	123460373	1.3738	740	0.8131	0.9764	DUP	DEL	BAF_WEIGHTED	2306	0.4395	120995409	120995409	0	1
chr9	123460374	123463710	0.1912	0	0	1	DEL	DEL	BAF_WEIGHTED	2	0.5145	123460374	123460374	0	0
chr9	123463711	126008184	1.3858	903	0.808	0.9739	DEL	DUP	BAF_WEIGHTED	2428	0.4395	123463711	123463711	0	1
chr9	126008185	126008224	0.0486	0	0	1	DUP	DEL	STRUCTURAL_VARIANT	0	0	126008185	126008185	0	0
chr9	126008225	130407670	1.3609	2135	0.8109	0.9813	DEL	BND	BAF_WEIGHTED	3992	0.5012	126008225	126008225	0	1
chr9	130407671	130407710	0.6281	0	0	1	BND	BND	STRUCTURAL_VARIANT	0	0	130407671	130407671	0	1
chr9	130407711	131833731	1.3441	784	0.8028	0.9703	BND	DUP	BAF_WEIGHTED	1288	0.4988	130407711	130407711	0	1
chr9	131833732	131845333	2.4086	10	0.8714	0.9855	DUP	DUP	BAF_WEIGHTED	9	0.5846	131833732	131833732	0	2
chr9	131845334	132928600	1.2654	294	0.8049	0.9831	DUP	DEL	BAF_WEIGHTED	1037	0.468	131845334	131845334	0	1
chr9	132928601	132938278	0.4822	0	0	1	DEL	DEL	BAF_WEIGHTED	9	0.4227	132928601	132928601	0	0
chr9	132938279	134164577	1.2871	709	0.8108	0.9894	DEL	DEL	BAF_WEIGHTED	909	0.5398	132938279	132938279	0	1
chr9	134164578	134202315	1.0064	3	0.75	0.9338	DEL	DEL	BAF_WEIGHTED	22	0.5475	134164578	134164578	0	1
chr9	134202316	138394717	1.2517	2524	0.8088	0.9917	DEL	TELOMERE	BAF_WEIGHTED	2555	0.5507	134202316	134202316	0	1
chr10	1	1155000	3.2371	373	0.6203	0.6478	TELOMERE	NONE	BAF_WEIGHTED	959	0.4547	1	1	1	2
chr10	1155001	3026000	2.688	1479	0.6275	0.6626	NONE	NONE	BAF_WEIGHTED	1773	0.4269	1155001	1155001	1	2
chr10	3026001	5787725	3.3592	2216	0.6284	0.6567	NONE	DEL	BAF_WEIGHTED	2560	0.4192	3026001	3026001	1	2
chr10	5787726	5787908	1.9962	0	0	0.5776	DEL	DEL	STRUCTURAL_VARIANT	0	0	5787726	5787726	1	1
chr10	5787909	9354000	3.0814	2047	0.6202	0.6492	DEL	NONE	BAF_WEIGHTED	3420	0.4158	5787909	5787909	1	2
chr10	9354001	10776000	2.5737	628	0.62	0.6545	NONE	NONE	BAF_WEIGHTED	1348	0.3736	9354001	9354001	1	2
chr10	10776001	14085237	2.9977	2415	0.6218	0.6519	NONE	DEL	BAF_WEIGHTED	3203	0.4409	10776001	10776001	1	2
chr10	14085238	14085281	2.1017	0	0	0.5035	DEL	DEL	STRUCTURAL_VARIANT	0	0	14085238	14085238	1	1
chr10	14085282	14751707	2.8296	576	0.623	0.6552	DEL	DEL	BAF_WEIGHTED	658	0.4277	14085282	14085282	1	2
chr10	14751708	14751744	2.2229	0	0	0.5271	DEL	DEL	STRUCTURAL_VARIANT	0	0	14751708	14751708	1	1
chr10	14751745	16793000	2.9967	1161	0.6195	0.6492	DEL	NONE	BAF_WEIGHTED	1902	0.4094	14751745	14751745	1	2
chr10	16793001	18020000	3.5072	700	0.6232	0.649	NONE	NONE	BAF_WEIGHTED	1182	0.3989	16793001	16793001	1	2
chr10	18020001	18473080	2.9909	377	0.625	0.6559	NONE	DEL	BAF_WEIGHTED	437	0.4021	18020001	18020001	1	2
chr10	18473081	18473283	1.4687	0	0	0.6609	DEL	DEL	STRUCTURAL_VARIANT	0	0	18473081	18473081	0	1
chr10	18473284	19319000	2.847	598	0.6266	0.659	DEL	NONE	BAF_WEIGHTED	790	0.3762	18473284	18473284	1	2
chr10	19319001	21403126	3.1779	1199	0.6272	0.6569	NONE	DEL	BAF_WEIGHTED	1959	0.3834	19319001	19319001	1	2
chr10	21403127	21403404	2.257	0	0	0.5169	DEL	DEL	STRUCTURAL_VARIANT	0	0	21403127	21403127	1	1
chr10	21403405	24037189	3.0515	774	0.6207	0.6511	DEL	BND	BAF_WEIGHTED	2453	0.4016	21403405	21403405	1	2
chr10	24037190	24037213	1.0835	0	0	0.9826	BND	BND	STRUCTURAL_VARIANT	0	0	24037190	24037190	0	1
chr10	24037214	25115000	2.466	577	0.5574	0.5702	BND	NONE	BAF_WEIGHTED	1036	0.4123	24037214	24037214	1	1
chr10	25115001	28089000	2.1414	2393	0.5598	0.5248	NONE	NONE	BAF_WEIGHTED	2710	0.3922	25115001	25115001	1	1
chr10	28089001	29194354	2.4846	746	0.5556	0.5703	NONE	DUP	BAF_WEIGHTED	1083	0.4134	28089001	28089001	1	1
chr10	29194355	29194364	2.9062	0	0	0.6326	DUP	DUP	STRUCTURAL_VARIANT	0	0	29194355	29194355	1	2
chr10	29194365	29257292	3.3077	57	0.5946	0.6158	DUP	DUP	BAF_WEIGHTED	62	0.4205	29194365	29194365	1	2
chr10	29257293	29257293	2.9167	0	0	0.6249	DUP	DUP	STRUCTURAL_VARIANT	0	0	29257293	29257293	1	2
chr10	29257294	29522360	2.546	108	0.5556	0.5703	DUP	DUP	BAF_WEIGHTED	218	0.4228	29257294	29257294	1	1
chr10	29522361	29541303	3.0989	7	0.5818	0.6013	DUP	DUP	BAF_WEIGHTED	18	0.4363	29522361	29522361	1	2
chr10	29541304	30158729	2.3604	539	0.5565	0.5575	DUP	DEL	BAF_WEIGHTED	588	0.4372	29541304	29541304	1	1
chr10	30158730	30158766	1.2384	0	0	0.8154	DEL	DEL	STRUCTURAL_VARIANT	0	0	30158730	30158730	0	1
chr10	30158767	33735684	2.2927	1853	0.5572	0.5596	DEL	DEL	BAF_WEIGHTED	3286	0.4062	30158767	30158767	1	1
chr10	33735685	33735737	1.7958	0	0	0.5623	DEL	DEL	STRUCTURAL_VARIANT	0	0	33735685	33735685	1	1
chr10	33735738	34529971	2.3043	291	0.5639	0.5643	DEL	DEL	BAF_WEIGHTED	770	0.4035	33735738	33735738	1	1
chr10	34529972	34530009	1.959	0	0	0.5105	DEL	DEL	STRUCTURAL_VARIANT	0	0	34529972	34529972	1	1
chr10	34530010	36977000	2.4103	1191	0.5556	0.5851	DEL	NONE	BAF_WEIGHTED	2325	0.408	34530010	34530010	1	1
chr10	36977001	37966000	1.9873	275	0.5588	0.5032	NONE	NONE	BAF_WEIGHTED	807	0.3968	36977001	36977001	1	1
chr10	37966001	38267000	2.3638	11	0.5849	0.6115	NONE	NONE	BAF_WEIGHTED	219	0.4021	37966001	37966001	1	1
chr10	38267001	40640101	1.9549	20	0.6626	0.7241	NONE	CENTROMERE	BAF_WEIGHTED	487	0.3705	38267001	38267001	1	1
chr10	40640102	42651677	2.4536	245	0.5714	0.5929	CENTROMERE	DUP	BAF_WEIGHTED	245	0.4054	40640102	40640102	1	1
chr10	42651678	42653247	3.2733	0	0	0.6802	DUP	DEL	BAF_WEIGHTED	1	0.405	42651678	42651678	1	2
chr10	42653248	43522200	2.5164	300	0.5621	0.584	DEL	DEL	BAF_WEIGHTED	660	0.4807	42653248	42653248	1	1
chr10	43522201	45021206	2.4312	949	0.5729	0.5925	DEL	DUP	BAF_WEIGHTED	1367	0.437	43522201	43522201	1	1
chr10	45021207	45433437	2.0831	249	0.55	0.5199	DUP	DUP	BAF_WEIGHTED	319	0.408	45021207	45021207	1	1
chr10	45433438	45436301	3.2166	1	0.6286	0.6582	DUP	DUP	BAF_WEIGHTED	2	0.4455	45433438	45433438	1	2
chr10	45436302	49332968	2.0318	1055	0.562	0.5334	DUP	DUP	BAF_WEIGHTED	1961	0.4497	45436302	45436302	1	1
chr10	49332969	49358244	2.7318	13	0.65	0.6906	DUP	DUP	BAF_WEIGHTED	24	0.4408	49332969	49332969	1	2
chr10	49358245	50151000	1.919	424	0.5603	0.5305	DUP	NONE	BAF_WEIGHTED	451	0.4462	49358245	49358245	1	1
chr10	50151001	50649000	2.2692	135	0.5577	0.5593	NONE	NONE	BAF_WEIGHTED	423	0.3921	50149001	50170001	1	1
chr10	50649001	55406856	1.8143	2322	0.5578	0.549	NONE	DEL	BAF_WEIGHTED	4356	0.3574	50649001	50649001	1	1
chr10	55406857	55408995	1.0012	0	0	0.8172	DEL	DEL	BAF_WEIGHTED	1	0.384	55406857	55406857	0	1
chr10	55408996	58148500	1.7133	1892	0.5611	0.5902	DEL	NONE	BAF_WEIGHTED	2556	0.3503	55408996	55408996	1	1
chr10	58148501	63924000	2.1466	2535	0.557	0.5337	NONE	NONE	BAF_WEIGHTED	5488	0.387	58148001	58149001	1	1
chr10	63924001	65154886	1.781	654	0.5588	0.5615	NONE	DEL	BAF_WEIGHTED	1150	0.364	63924001	63924001	1	1
chr10	65154887	65157625	0.7257	2	0.7619	1	DEL	DEL	BAF_WEIGHTED	2	0.3155	65154887	65154887	0	1
chr10	65157626	65966910	1.8488	519	0.5574	0.5454	DEL	DUP	BAF_WEIGHTED	761	0.3521	65157626	65157626	1	1
chr10	65966911	65967606	2.9944	0	0	0.6633	DUP	DUP	STRUCTURAL_VARIANT	0	0	65966911	65966911	1	2
chr10	65967607	67762000	1.781	497	0.5652	0.5615	DUP	NONE	BAF_WEIGHTED	1654	0.3596	65967607	65967607	1	1
chr10	67762001	74951146	2.2676	2546	0.5552	0.5421	NONE	DEL	BAF_WEIGHTED	6849	0.4459	67762001	67762001	1	1
chr10	74951147	74951197	1.5251	0	0	0.6808	DEL	DEL	STRUCTURAL_VARIANT	0	0	74951147	74951147	0	1
chr10	74951198	76171342	2.1056	317	0.5515	0.5183	DEL	DEL	BAF_WEIGHTED	1164	0.4344	74951198	74951198	1	1
chr10	76171343	76171382	1.3158	0	0	0.7473	DEL	DEL	STRUCTURAL_VARIANT	0	0	76171343	76171343	0	1
chr10	76171383	76645508	2.0018	368	0.5619	0.5088	DEL	DUP	BAF_WEIGHTED	435	0.3909	76171383	76171383	1	1
chr10	76645509	76657026	3.1822	5	0.6182	0.6457	DUP	DUP	BAF_WEIGHTED	11	0.3933	76645509	76645509	1	2
chr10	76657027	76662912	2.249	1	0.58	0.6063	DUP	BND	BAF_WEIGHTED	2	0.3155	76657027	76657027	1	1
chr10	76662913	77084000	1.0271	281	0.7669	0.9607	BND	NONE	BAF_WEIGHTED	396	0.3993	76662913	76662913	0	1
chr10	77084001	78091500	2.2559	415	0.8627	0.9816	NONE	NONE	BAF_WEIGHTED	972	0.4577	77084001	77084001	0	2
chr10	78091501	80697081	1.1246	1259	0.7848	0.9696	NONE	DEL	BAF_WEIGHTED	2066	0.4782	78088001	78095001	0	1
chr10	80697082	80699689	-0.0622	1	0.5714	1	DEL	DEL	BAF_WEIGHTED	1	0.433	80697082	80697082	0	0
chr10	80699690	80805211	0.9578	23	0.8276	1	DEL	DEL	BAF_WEIGHTED	98	0.4062	80699690	80699690	0	1
chr10	80805212	80805318	0.2701	0	0	1	DEL	DEL	STRUCTURAL_VARIANT	0	0	80805212	80805212	0	0
chr10	80805319	86754000	0.9317	3805	0.787	0.9938	DEL	NONE	BAF_WEIGHTED	5611	0.3955	80805319	80805319	0	1
chr10	86754001	87919239	1.2797	395	0.7879	0.9543	NONE	DEL	BAF_WEIGHTED	681	0.4042	86754001	86754001	0	1
chr10	87919240	87925662	1.2499	0	0	0.9756	DEL	DEL	BAF_WEIGHTED	5	0.3796	87919240	87919240	0	1
chr10	87925663	92142330	1.1588	2040	0.7849	0.9737	DEL	DUP	BAF_WEIGHTED	3951	0.3867	87925663	87925663	0	1
chr10	92142331	92142359	2.168	0	0	0.9863	DUP	DUP	STRUCTURAL_VARIANT	0	0	92142331	92142331	0	2
chr10	92142360	92142385	3.5293	0	0	0.9916	DUP	DUP	STRUCTURAL_VARIANT	0	0	92142360	92142360	0	3
chr10	92142386	92146729	2.544	0	0	0.9884	DUP	DUP	BAF_WEIGHTED	3	0.3737	92142386	92142386	0	3
chr10	92146730	104296614	1.1597	5107	0.7902	0.9745	DUP	DEL	BAF_WEIGHTED	11397	0.4355	92146730	92146730	0	1
chr10	104296615	104296661	0.8775	0	0	1	DEL	DEL	STRUCTURAL_VARIANT	0	0	104296615	104296615	0	1
chr10	104296662	106011337	0.9512	223	0.7978	0.9865	DEL	DEL	BAF_WEIGHTED	1621	0.4008	104296662	104296662	0	1
chr10	106011338	106012002	0.2628	0	0	1	DEL	DEL	STRUCTURAL_VARIANT	0	0	106011338	106011338	0	0
chr10	106012003	113117813	1.0265	3657	0.7809	0.992	DEL	DUP	BAF_WEIGHTED	6760	0.3963	106012003	106012003	0	1
chr10	113117814	113131599	2.6407	3	0.9149	1.0311	DUP	DUP	BAF_WEIGHTED	13	0.4118	113117814	113117814	0	3
chr10	113131600	116756707	1.0753	1668	0.7881	0.9876	DUP	DUP	BAF_WEIGHTED	3494	0.4076	113131600	113131600	0	1
chr10	116756708	116882682	2.1017	25	0.8581	0.9841	DUP	DUP	BAF_WEIGHTED	123	0.4552	116756708	116756708	0	2
chr10	116882683	116892286	3.6613	0	0	0.9924	DUP	DUP	BAF_WEIGHTED	9	0.4019	116882683	116882683	0	4
chr10	116892287	117533239	2.1109	191	0.8603	0.9868	DUP	DUP	BAF_WEIGHTED	609	0.4256	116892287	116892287	0	2
chr10	117533240	120390233	1.0966	1463	0.7851	0.9803	DUP	BND	BAF_WEIGHTED	2749	0.4341	117533240	117533240	0	1
chr10	120390234	123846960	1.6989	1705	0.8478	0.9984	BND	DEL	BAF_WEIGHTED	3301	0.4382	120390234	120390234	0	2
chr10	123846961	123847011	1.1499	0	0	0.9866	DEL	DEL	STRUCTURAL_VARIANT	0	0	123846961	123846961	0	1
chr10	123847012	128833830	1.721	3143	0.8415	0.991	DEL	DUP	BAF_WEIGHTED	4727	0.451	123847012	123847012	0	2
chr10	128833831	129706718	2.6053	356	0.8923	1.0037	DUP	DUP	BAF_WEIGHTED	853	0.4401	128833831	128833831	0	3
chr10	129706719	130832000	1.4853	677	0.8392	1.0096	DUP	NONE	BAF_WEIGHTED	1046	0.4695	129706719	129706719	0	1
chr10	130832001	131111000	0.8643	170	0.8	1	NONE	NONE	BAF_WEIGHTED	256	0.4775	130832001	130832001	0	1
chr10	131111001	133797422	1.6146	1655	0.8433	1.0024	NONE	TELOMERE	BAF_WEIGHTED	1824	0.5196	131111001	131111001	0	2
chr11	1	3454883	1.1861	2285	0.7943	0.9778	TELOMERE	DUP	BAF_WEIGHTED	1848	0.5471	1	1	0	1
chr11	3454884	4151000	2.4001	782	0.875	0.9906	DUP	NONE	BAF_WEIGHTED	510	0.4388	3454884	3454884	0	2
chr11	4151001	4937305	2.034	586	0.86	0.9909	NONE	DUP	BAF_WEIGHTED	588	0.4004	4151001	4151001	0	2
chr11	4937306	14149319	1.1711	5898	0.7926	0.9816	DUP	DEL	BAF_WEIGHTED	8532	0.4186	4937306	4937306	0	1
chr11	14149320	14149428	0	0	0	1	DEL	DEL	STRUCTURAL_VARIANT	0	0	14149320	14149320	0	0
chr11	14149429	17834734	1.1522	1828	0.7965	0.9868	DEL	BND	BAF_WEIGHTED	3430	0.4121	14149429	14149429	0	1
chr11	17834735	22969018	1.6221	2616	0.6045	0.6535	BND	DEL	BAF_WEIGHTED	4844	0.4002	17834735	17834735	1	1
chr11	22969019	22969226	0.8539	0	0	1	DEL	DEL	STRUCTURAL_VARIANT	0	0	22969019	22969019	0	1
chr11	22969227	26738000	1.4169	3617	0.6064	0.6617	DEL	NONE	BAF_WEIGHTED	3477	0.3529	22969227	22969227	0	1
chr11	26738001	27097791	1.8595	7	0.6829	0.7557	NONE	DUP	BAF_WEIGHTED	337	0.3734	26738001	26738001	0	1
chr11	27097792	27100181	3.0155	0	0	0.8114	DUP	DUP	NON_DIPLOID	2	0.38	27097792	27097792	1	2
chr11	27100182	33127270	1.6368	2351	0.6041	0.6526	DUP	DEL	BAF_WEIGHTED	5635	0.3828	27100182	27100182	1	1
chr11	33127271	33127325	1.3119	0	0	0.8143	DEL	DEL	STRUCTURAL_VARIANT	0	0	33127271	33127271	0	1
chr11	33127326	36749000	1.9093	1411	0.6	0.6387	DEL	NONE	BAF_WEIGHTED	3446	0.422	33127326	33127326	1	1
chr11	36749001	39128786	1.4287	839	0.6084	0.6643	NONE	DUP	BAF_WEIGHTED	2268	0.3557	36749001	36749001	0	1
chr11	39128787	39132033	1.8952	0	0	0.7583	DUP	DUP	BAF_WEIGHTED	3	0.4397	39128787	39128787	0	1
chr11	39132034	41221788	1.3302	1179	0.6	0.6556	DUP	DEL	BAF_WEIGHTED	1947	0.3642	39132034	39132034	0	1
chr11	41221789	41221938	0.6836	0	0	1	DEL	DEL	STRUCTURAL_VARIANT	0	0	41221789	41221789	0	1
chr11	41221939	46182931	1.5574	1937	0.5983	0.6467	DEL	DUP	BAF_WEIGHTED	4675	0.4218	41221939	41221939	1	1
chr11	46182932	46186253	1.9029	0	0	0.5293	DUP	DUP	BAF_WEIGHTED	3	0.4113	46182932	46182932	1	1
chr11	46186254	48183000	1.8576	705	0.6038	0.6451	DUP	NONE	BAF_WEIGHTED	1878	0.4614	46186254	46186254	1	1
chr11	48183001	52751710	1.3008	1794	0.6063	0.6676	NONE	CENTROMERE	BAF_WEIGHTED	1030	0.3823	48183001	48183001	0	1
chr11	52751711	62060594	1.6151	3801	0.6024	0.6542	CENTROMERE	DEL	BAF_WEIGHTED	6257	0.4143	52751711	52751711	1	1
chr11	62060595	62097793	0.7996	10	0.6615	1	DEL	DEL	BAF_WEIGHTED	33	0.4384	62060595	62060595	0	1
chr11	62097794	65435457	1.8105	992	0.6009	0.6434	DEL	DUP	BAF_WEIGHTED	2815	0.4922	62097794	62097794	1	1
chr11	65435458	65459533	2.5846	19	0.6441	0.6853	DUP	DUP	BAF_WEIGHTED	19	0.4907	65435458	65435458	1	2
chr11	65459534	67382669	1.8397	652	0.6	0.6402	DUP	DEL	BAF_WEIGHTED	1642	0.5043	65459534	65459534	1	1
chr11	67382670	67382706	0.9225	0	0	1	DEL	DEL	STRUCTURAL_VARIANT	0	0	67382670	67382670	0	1
chr11	67382707	68628000	1.8456	652	0.6	0.6401	DEL	NONE	BAF_WEIGHTED	790	0.4994	67382707	67382707	1	1
chr11	68628001	69196799	2.7605	365	0.5968	0.6227	NONE	DEL	BAF_WEIGHTED	492	0.5095	68623001	68633001	1	2
chr11	69196800	69196847	1.5093	0	0	0.6858	DEL	DEL	STRUCTURAL_VARIANT	0	0	69196800	69196800	0	1
chr11	69196848	70274631	2.7529	800	0.5978	0.624	DEL	INV	BAF_WEIGHTED	988	0.5138	69196848	69196848	1	2
chr11	70274632	70274735	3.2682	0	0	0.665	INV	BND	STRUCTURAL_VARIANT	0	0	70274632	70274632	1	2
chr11	70274736	70275930	2.9522	0	0	0.6291	BND	INV	STRUCTURAL_VARIANT	0	0	70274736	70274736	1	2
chr11	70275931	71746000	3.4674	883	0.6519	0.6842	INV	NONE	BAF_WEIGHTED	1084	0.5026	70275931	70275931	1	2
chr11	71746001	83294321	1.1176	5515	0.7852	0.9782	NONE	DEL	BAF_WEIGHTED	10702	0.4216	71585001	71907001	0	1
chr11	83294322	83294353	0.2134	0	0	1	DEL	DEL	STRUCTURAL_VARIANT	0	0	83294322	83294322	0	0
chr11	83294354	83322264	1.0758	0	0	0.9774	DEL	BND	BAF_WEIGHTED	24	0.4167	83294354	83294354	0	1
chr11	83322265	85947000	2.0074	1037	0.8686	1.006	BND	NONE	BAF_WEIGHTED	2455	0.3745	83322265	83322265	0	2
chr11	85947001	87360000	2.4315	1058	0.8686	0.9816	NONE	NONE	BAF_WEIGHTED	1300	0.3972	85947001	85947001	0	2
chr11	87360001	88062916	1.9856	358	0.8608	0.9952	NONE	DEL	BAF_WEIGHTED	603	0.3799	87360001	87360001	0	2
chr11	88062917	88062975	1.657	0	0	0.9784	DEL	DEL	STRUCTURAL_VARIANT	0	0	88062917	88062917	0	2
chr11	88062976	88515486	2.2524	390	0.8642	0.9841	DEL	DUP	BAF_WEIGHTED	423	0.3756	88062976	88062976	0	2
chr11	88515487	88518055	3.5042	1	0.8167	0.8836	DUP	DUP	BAF_WEIGHTED	2	0.3445	88515487	88515487	0	3
chr11	88518056	90610210	1.9933	877	0.8605	0.9954	DUP	DUP	BAF_WEIGHTED	972	0.3585	88518056	88518056	0	2
chr11	90610211	90623994	3.6255	0	0	0.9975	DUP	DUP	BAF_WEIGHTED	12	0.34	90610211	90610211	0	4
chr11	90623995	93130000	1.8349	411	0.86	1.0062	DUP	NONE	BAF_WEIGHTED	2347	0.3738	90623995	90623995	0	2
chr11	93130001	95859022	2.3693	1497	0.8707	0.9886	NONE	DUP	BAF_WEIGHTED	2499	0.3997	93130001	93130001	0	2
chr11	95859023	95866961	3.7958	1	0.9577	1.0469	DUP	DUP	BAF_WEIGHTED	6	0.3585	95859023	95859023	0	4
chr11	95866962	96430000	2.6686	328	0.8776	0.9819	DUP	NONE	BAF_WEIGHTED	540	0.3897	95866962	95866962	0	3
chr11	96430001	102106000	2.0421	3404	0.8734	1.0087	NONE	NONE	BAF_WEIGHTED	5303	0.3613	96430001	96430001	0	2
chr11	102106001	102693000	2.6113	209	0.8723	0.9778	NONE	NONE	BAF_WEIGHTED	560	0.3998	102106001	102106001	0	3
chr11	102693001	114989380	2.1541	5965	0.8648	0.9913	NONE	DEL	BAF_WEIGHTED	11666	0.3925	102693001	102693001	0	2
chr11	114989381	114989438	1.1968	0	0	0.9844	DEL	DEL	STRUCTURAL_VARIANT	0	0	114989381	114989381	0	1
chr11	114989439	115642714	2.1546	376	0.8634	0.9904	DEL	DEL	BAF_WEIGHTED	644	0.4112	114989439	114989439	0	2
chr11	115642715	115642786	0	0	0	1	DEL	DEL	STRUCTURAL_VARIANT	0	0	115642715	115642715	0	0
chr11	115642787	125871500	2.2174	5131	0.8544	0.9741	DEL	NONE	BAF_WEIGHTED	9698	0.4444	115642787	115642787	0	2
chr11	125871501	126660000	2.8309	491	0.7895	0.8651	NONE	NONE	BAF_WEIGHTED	752	0.4708	125871001	125872001	0	2
chr11	126660001	128024000	2.3561	474	0.7755	0.862	NONE	NONE	BAF_WEIGHTED	1316	0.4037	126660001	126660001	0	2
chr11	128024001	130657506	2.7147	1410	0.7725	0.8484	NONE	DEL	BAF_WEIGHTED	2454	0.4248	128024001	128024001	0	2
chr11	130657507	130657538	1.0767	0	0	0.6978	DEL	DEL	STRUCTURAL_VARIANT	0	0	130657507	130657507	0	1
chr11	130657539	133099753	2.2571	1665	0.7682	0.8559	DEL	BND	BAF_WEIGHTED	2346	0.424	130657539	130657539	0	2
chr11	133099754	133099768	1.3422	0	0	0.7576	BND	BND	STRUCTURAL_VARIANT	0	0	133099754	133099754	0	1
chr11	133099769	135086622	2.2897	1003	0.7835	0.8754	BND	TELOMERE	BAF_WEIGHTED	1781	0.454	133099769	133099769	0	2
chr12	1	5443804	1.5273	3436	0.6548	0.7296	TELOMERE	DEL	BAF_WEIGHTED	5056	0.4487	1	1	0	1
chr12	5443805	5443838	0.7237	0	0	1	DEL	DEL	STRUCTURAL_VARIANT	0	0	5443805	5443805	0	1
chr12	5443839	11834000	1.5918	3458	0.6589	0.7337	DEL	NONE	BAF_WEIGHTED	5177	0.4212	5443839	5443839	0	1
chr12	11834001	11844946	2.3921	0	0	0.8228	NONE	DUP	BAF_WEIGHTED	9	0.4289	11834001	11834001	0	2
chr12	11844947	12050199	3.1534	112	0.7444	0.8018	DUP	DUP	BAF_WEIGHTED	190	0.4331	11844947	11844947	1	3
chr12	12050200	27312376	1.3382	7495	0.6776	0.7765	DUP	DUP	BAF_WEIGHTED	14439	0.3798	12050200	12050200	0	1
chr12	27312377	27320754	1.9053	2	0.6	0.6388	DUP	DUP	BAF_WEIGHTED	7	0.3679	27312377	27312377	1	1
chr12	27320755	35977329	1.3063	4798	0.672	0.77	DUP	CENTROMERE	BAF_WEIGHTED	6505	0.397	27320755	27320755	0	1
chr12	35977330	38276000	1.013	119	0.6364	0.736	CENTROMERE	NONE	BAF_WEIGHTED	677	0.3838	35977330	35977330	0	1
chr12	38276001	40380614	1.36	865	0.6364	0.7105	NONE	DEL	BAF_WEIGHTED	1853	0.3633	38271001	38281001	0	1
chr12	40380615	40380666	0.3126	0	0	1	DEL	DEL	STRUCTURAL_VARIANT	0	0	40380615	40380615	0	0
chr12	40380667	53222747	1.2601	5499	0.717	0.8507	DEL	INV	BAF_WEIGHTED	11943	0.4145	40380667	40380667	0	1
chr12	53222748	53277504	2.2746	17	0.8507	0.9648	INV	INV	BAF_WEIGHTED	52	0.5137	53222748	53222748	0	2
chr12	53277505	53277736	3.4481	0	0	0.9814	INV	INV	STRUCTURAL_VARIANT	0	0	53277505	53277505	0	3
chr12	53277737	53277962	1.9779	0	0	0.9676	INV	INV	STRUCTURAL_VARIANT	0	0	53277737	53277737	0	2
chr12	53277963	54099133	1.1824	183	0.7742	0.9457	INV	BND	BAF_WEIGHTED	755	0.4681	53277963	53277963	0	1
chr12	54099134	56890005	2.2127	1284	0.5573	0.5322	BND	DEL	BAF_WEIGHTED	2502	0.4375	54099134	54099134	1	1
chr12	56890006	56890069	1.4118	0	0	0.8796	DEL	DEL	STRUCTURAL_VARIANT	0	0	56890006	56890006	0	1
chr12	56890070	59328474	2.2351	1335	0.5589	0.5556	DEL	DEL	BAF_WEIGHTED	2194	0.4232	56890070	56890070	1	1
chr12	59328475	59334315	1.1869	6	0.8219	1.0225	DEL	DEL	BAF_WEIGHTED	5	0.3334	59328475	59328475	0	1
chr12	59334316	62239000	1.8599	1617	0.562	0.5471	DEL	NONE	BAF_WEIGHTED	2688	0.3546	59334316	59334316	1	1
chr12	62239001	63075000	2.3554	376	0.551	0.5754	NONE	NONE	BAF_WEIGHTED	809	0.3914	62239001	62239001	1	1
chr12	63075001	63754000	1.9447	321	0.5714	0.5986	NONE	NONE	BAF_WEIGHTED	420	0.3759	63075001	63075001	1	1
chr12	63754001	63983184	2.347	21	0.5517	0.5739	NONE	DEL	BAF_WEIGHTED	227	0.3958	63754001	63754001	1	1
chr12	63983185	63983291	1.3316	0	0	0.8945	DEL	DEL	STRUCTURAL_VARIANT	0	0	63983185	63983185	0	1
chr12	63983292	65683986	2.1757	463	0.5524	0.5475	DEL	DEL	BAF_WEIGHTED	1614	0.3999	63983292	63983292	1	1
chr12	65683987	65684420	0.9736	0	0	1	DEL	DEL	STRUCTURAL_VARIANT	0	0	65683987	65683987	0	1
chr12	65684421	69151452	2.1537	1872	0.5574	0.5356	DEL	DUP	BAF_WEIGHTED	3300	0.3961	65684421	65684421	1	1
chr12	69151453	70122286	3.3127	664	0.6472	0.6801	DUP	DEL	BAF_WEIGHTED	904	0.3941	69151453	69151453	1	2
chr12	70122287	70122324	2.3749	0	0	0.5538	DEL	DEL	STRUCTURAL_VARIANT	0	0	70122287	70122287	1	1
chr12	70122325	70375000	3.3198	226	0.6383	0.6693	DEL	NONE	BAF_WEIGHTED	235	0.36	70122325	70122325	1	2
chr12	70375001	75476000	2.8895	1818	0.6428	0.6808	NONE	NONE	BAF_WEIGHTED	4803	0.3609	70375001	70375001	1	2
chr12	75476001	75796614	3.8169	71	0.6582	0.6889	NONE	DUP	BAF_WEIGHTED	305	0.3792	75476001	75476001	1	3
chr12	75796615	77089000	2.3275	488	0.5581	0.5638	DUP	NONE	BAF_WEIGHTED	1246	0.3933	75796615	75796615	1	1
chr12	77089001	80619689	1.9546	1157	0.5607	0.5255	NONE	DUP	BAF_WEIGHTED	3313	0.3611	77089001	77089001	1	1
chr12	80619690	80624742	2.5972	1	0.5424	0.5703	DUP	DUP	BAF_WEIGHTED	4	0.3267	80619690	80619690	1	1
chr12	80624743	83428947	1.9598	1183	0.5603	0.534	DUP	DEL	BAF_WEIGHTED	2653	0.3588	80624743	80624743	1	1
chr12	83428948	83434054	0.854	1	0.6774	1	DEL	DEL	BAF_WEIGHTED	4	0.4083	83428948	83428948	0	1
chr12	83434055	83755026	1.8221	180	0.5572	0.5488	DEL	BND	BAF_WEIGHTED	273	0.3588	83434055	83434055	1	1
chr12	83755027	120268990	1.1029	15591	0.7897	0.9843	BND	BND	BAF_WEIGHTED	34863	0.4097	83755027	83755027	0	1
chr12	120268991	125113000	1.8636	1969	0.8443	0.981	BND	NONE	BAF_WEIGHTED	4481	0.4822	120268991	120268991	0	2
chr12	125113001	133275309	1.4532	6347	0.8379	1.0109	NONE	TELOMERE	BAF_WEIGHTED	7265	0.4509	125113001	125113001	0	1
chr13	1	17025623	1.7598	0	0	0.5682	TELOMERE	CENTROMERE	LONG_ARM	0	0	1	1	1	1
chr13	17025624	19586000	1.7598	586	0.5667	0.5682	CENTROMERE	NONE	BAF_WEIGHTED	380	0.4274	17025624	17025624	1	1
chr13	19586001	20807384	2.2052	780	0.5504	0.5465	NONE	BND	BAF_WEIGHTED	1141	0.4266	19586001	19586001	1	1
chr13	20807385	21579445	1.1668	551	0.7879	0.9704	BND	DEL	BAF_WEIGHTED	698	0.4212	20807385	20807385	0	1
chr13	21579446	21579477	0.3798	0	0	1	DEL	DEL	STRUCTURAL_VARIANT	0	0	21579446	21579446	0	0
chr13	21579478	36970436	1.0925	8430	0.7887	0.9851	DEL	DEL	BAF_WEIGHTED	14437	0.4067	21579478	21579478	0	1
chr13	36970437	36970593	0.1975	0	0	1	DEL	DEL	STRUCTURAL_VARIANT	0	0	36970437	36970437	0	0
chr13	36970594	42195068	1.1093	2796	0.7909	0.9877	DEL	INV	BAF_WEIGHTED	4913	0.3844	36970594	36970594	0	1
chr13	42195069	42195071	0	0	0	1	INV	BND	STRUCTURAL_VARIANT	0	0	42195069	42195069	0	0
chr13	42195072	42195437	1.9653	0	0	0.9954	BND	BND	STRUCTURAL_VARIANT	0	0	42195072	42195072	0	2
chr13	42195438	42195441	3.5138	0	0	0.9974	BND	BND	STRUCTURAL_VARIANT	0	0	42195438	42195438	0	4
chr13	42195442	42195743	1.3479	0	0	0.9933	BND	BND	STRUCTURAL_VARIANT	0	0	42195442	42195442	0	1
chr13	42195744	42195747	2.3413	0	0	0.9961	BND	INV	STRUCTURAL_VARIANT	0	0	42195744	42195744	0	2
chr13	42195748	72648730	0.9956	15777	0.7862	0.9909	INV	DEL	BAF_WEIGHTED	28542	0.3678	42195748	42195748	0	1
chr13	72648731	72664870	0.0058	2	0.6667	1	DEL	DEL	BAF_WEIGHTED	15	0.3696	72648731	72648731	0	0
chr13	72664871	75541106	1.1371	1348	0.7981	0.9962	DEL	DUP	BAF_WEIGHTED	2766	0.3812	72664871	72664871	0	1
chr13	75541107	75559651	2.5088	0	0	0.9983	DUP	DUP	BAF_WEIGHTED	17	0.3974	75541107	75541107	0	3
chr13	75559652	78017583	1.1259	1088	0.7831	0.9757	DUP	DEL	BAF_WEIGHTED	2325	0.3749	75559652	75559652	0	1
chr13	78017584	78017949	0	0	0	1	DEL	DEL	STRUCTURAL_VARIANT	0	0	78017584	78017584	0	0
chr13	78017950	80330356	1.0179	1525	0.7826	0.9812	DEL	DEL	BAF_WEIGHTED	2185	0.3753	78017950	78017950	0	1
chr13	80330357	80330388	0.233	0	0	1	DEL	DEL	STRUCTURAL_VARIANT	0	0	80330357	80330357	0	0
chr13	80330389	82377121	0.8765	1378	0.7852	0.9989	DEL	DEL	BAF_WEIGHTED	1931	0.3504	80330389	80330389	0	1
chr13	82377122	82377464	0.1494	0	0	1	DEL	DEL	STRUCTURAL_VARIANT	0	0	82377122	82377122	0	0
chr13	82377465	84150007	0.8773	837	0.7895	1	DEL	BND	BAF_WEIGHTED	1713	0.3423	82377465	82377465	0	1
chr13	84150008	88164073	1.8915	2192	0.8671	1.0111	BND	DEL	BAF_WEIGHTED	3783	0.3437	84150008	84150008	0	2
chr13	88164074	88164174	1.053	0	0	1.0072	DEL	DEL	STRUCTURAL_VARIANT	0	0	88164074	88164074	0	1
chr13	88164175	94391245	1.744	2863	0.8548	1.0044	DEL	BND	BAF_WEIGHTED	5982	0.3561	88164175	88164175	0	2
chr13	94391246	94391442	2.3064	0	0	0.9965	BND	BND	STRUCTURAL_VARIANT	0	0	94391246	94391246	0	2
chr13	94391443	109381008	1.9729	8387	0.8603	0.9959	BND	BND	BAF_WEIGHTED	14377	0.3924	94391443	94391443	0	2
chr13	109381009	109850946	1.9701	299	0.8529	0.9854	BND	DEL	BAF_WEIGHTED	433	0.4169	109381009	109381009	0	2
chr13	109850947	109850980	0.5288	0	0	1	DEL	DEL	STRUCTURAL_VARIANT	0	0	109850947	109850947	0	1
chr13	109850981	111088505	2.1855	1203	0.8597	0.9814	DEL	DEL	BAF_WEIGHTED	1158	0.4488	109850981	109850981	0	2
chr13	111088506	111088537	0.8097	0	0	1	DEL	DEL	STRUCTURAL_VARIANT	0	0	111088506	111088506	0	1
chr13	111088538	111299000	2.1887	140	0.855	0.975	DEL	NONE	BAF_WEIGHTED	195	0.4422	111088538	111088538	0	2
chr13	111299001	112470000	1.7832	690	0.8627	1.0132	NONE	NONE	BAF_WEIGHTED	887	0.4757	111299001	111299001	0	2
chr13	112470001	114364328	2.1311	1156	0.8602	0.9853	NONE	TELOMERE	BAF_WEIGHTED	1467	0.4998	112470001	112470001	0	2
chr14	1	17086761	1.9023	0	0	0.5331	TELOMERE	CENTROMERE	LONG_ARM	0	0	1	1	1	1
chr14	17086762	20277000	1.9023	378	0.5566	0.5331	CENTROMERE	NONE	BAF_WEIGHTED	332	0.3638	17086762	17086762	1	1
chr14	20277001	20435651	2.297	25	0.5532	0.5647	NONE	DUP	BAF_WEIGHTED	146	0.4321	20277001	20277001	1	1
chr14	20435652	20439786	2.8035	10	0.5428	0.5703	DUP	DUP	BAF_WEIGHTED	3	0.5327	20435652	20435652	1	2
chr14	20439787	21364364	2.2869	453	0.55	0.5627	DUP	BND	BAF_WEIGHTED	835	0.4357	20439787	20439787	1	1
chr14	21364365	21384007	3.4463	2	0.6118	0.6358	BND	BND	BAF_WEIGHTED	19	0.396	21364365	21364365	1	2
chr14	21384008	24457000	2.084	2166	0.5588	0.5337	BND	NONE	BAF_WEIGHTED	2627	0.4414	21384008	21384008	1	1
chr14	24457001	28008929	1.7501	1728	0.5587	0.5716	NONE	BND	BAF_WEIGHTED	3209	0.3651	24457001	24457001	1	1
chr14	28008930	28008937	2.5597	0	0	0.6092	BND	BND	STRUCTURAL_VARIANT	0	0	28008930	28008930	1	2
chr14	28008938	28009101	1.8864	0	0	0.5303	BND	DEL	STRUCTURAL_VARIANT	0	0	28008938	28008938	1	1
chr14	28009102	28009112	1.0831	0	0	0.9237	DEL	DEL	STRUCTURAL_VARIANT	0	0	28009102	28009102	0	1
chr14	28009113	30511000	1.8477	888	0.558	0.5439	DEL	NONE	BAF_WEIGHTED	2363	0.3622	28009113	28009113	1	1
chr14	30511001	34439799	2.2803	1833	0.5532	0.5615	NONE	DUP	BAF_WEIGHTED	3726	0.3912	30511001	30511001	1	1
chr14	34439800	34465419	3.2578	1	0.5065	0.5703	DUP	DUP	BAF_WEIGHTED	23	0.4389	34439800	34439800	1	2
chr14	34465420	36352146	2.2616	712	0.5563	0.5628	DUP	DEL	BAF_WEIGHTED	1770	0.4028	34465420	34465420	1	1
chr14	36352147	36352306	1.0087	0	0	0.9327	DEL	DEL	STRUCTURAL_VARIANT	0	0	36352147	36352147	0	1
chr14	36352307	39817789	2.0088	2094	0.5551	0.5316	DEL	DUP	BAF_WEIGHTED	3178	0.3816	36352307	36352307	1	1
chr14	39817790	39823389	2.7653	4	0.5869	0.6101	DUP	DUP	BAF_WEIGHTED	3	0.346	39817790	39817790	1	2
chr14	39823390	44895000	1.7775	1523	0.56	0.5618	DUP	NONE	BAF_WEIGHTED	4694	0.3475	39823390	39823390	1	1
chr14	44895001	45127148	2.3128	5	0.6087	0.6435	NONE	BND	BAF_WEIGHTED	223	0.3766	44895001	44895001	1	1
chr14	45127149	45127286	2.6454	0	0	0.5974	BND	BND	STRUCTURAL_VARIANT	0	0	45127149	45127149	1	2
chr14	45127287	45648821	2.1198	136	0.5606	0.5024	BND	BND	BAF_WEIGHTED	470	0.3753	45127287	45127287	1	1
chr14	45648822	51259291	1.0506	3246	0.7924	0.9901	BND	BND	BAF_WEIGHTED	5241	0.3719	45648822	45648822	0	1
chr14	51259292	51259609	3.0158	0	0	0.9966	BND	BND	STRUCTURAL_VARIANT	0	0	51259292	51259292	0	3
chr14	51259610	51259614	4.0857	0	0	0.9975	BND	INV	STRUCTURAL_VARIANT	0	0	51259610	51259610	0	4
chr14	51259615	51606928	2.4957	235	0.8727	0.9832	INV	MULTIPLE	BAF_WEIGHTED	335	0.4046	51259615	51259615	0	2
chr14	51606929	51607115	2.1739	0	0	0.9927	MULTIPLE	BND	STRUCTURAL_VARIANT	0	0	51606929	51606929	0	2
chr14	51607116	54087399	1.1229	1248	0.7961	0.9859	BND	DEL	BAF_WEIGHTED	2294	0.3942	51607116	51607116	0	1
chr14	54087400	54087471	0	0	0	1	DEL	DEL	STRUCTURAL_VARIANT	0	0	54087400	54087400	0	0
chr14	54087472	57311694	1.1329	1622	0.7838	0.9708	DEL	DEL	BAF_WEIGHTED	3059	0.4062	54087472	54087472	0	1
chr14	57311695	57311742	0.1966	0	0	1	DEL	DEL	STRUCTURAL_VARIANT	0	0	57311695	57311695	0	0
chr14	57311743	57312173	1.1217	0	0	0.9695	DEL	DEL	STRUCTURAL_VARIANT	0	0	57311743	57311743	0	1
chr14	57312174	57312266	0.0467	0	0	1	DEL	DEL	STRUCTURAL_VARIANT	0	0	57312174	57312174	0	0
chr14	57312267	60142190	1.1143	2008	0.782	0.9693	DEL	DUP	BAF_WEIGHTED	2658	0.3928	57312267	57312267	0	1
chr14	60142191	60147710	2.5153	13	0.8958	1.0122	DUP	DUP	BAF_WEIGHTED	4	0.3593	60142191	60142191	0	3
chr14	60147711	67306957	1.1498	2335	0.7959	0.9808	DUP	DUP	BAF_WEIGHTED	6744	0.4005	60147711	60147711	0	1
chr14	67306958	67315683	2.4542	0	0	0.991	DUP	DUP	BAF_WEIGHTED	8	0.3536	67306958	67306958	0	2
chr14	67315684	68166179	1.3079	114	0.8119	0.9963	DUP	DUP	BAF_WEIGHTED	818	0.416	67315684	67315684	0	1
chr14	68166180	68486993	2.4824	12	0.881	0.9945	DUP	DUP	BAF_WEIGHTED	307	0.4048	68166180	68166180	0	2
chr14	68486994	68717107	1.485	137	0.8	0.9494	DUP	DEL	BAF_WEIGHTED	227	0.4668	68486994	68486994	0	1
chr14	68717108	68891915	0.124	157	0.6	1	DEL	DEL	BAF_WEIGHTED	169	0.4729	68717108	68717108	0	0
chr14	68891916	88033353	1.0784	9735	0.7877	0.9862	DEL	DEL	BAF_WEIGHTED	18253	0.4062	68891916	68891916	0	1
chr14	88033354	88033386	0.713	0	0	1	DEL	DEL	STRUCTURAL_VARIANT	0	0	88033354	88033354	0	1
chr14	88033387	88646978	1.0739	255	0.7917	0.9926	DEL	BND	BAF_WEIGHTED	580	0.4094	88033387	88033387	0	1
chr14	88646979	88647119	2.4213	0	0	0.9908	BND	BND	STRUCTURAL_VARIANT	0	0	88646979	88646979	0	2
chr14	88647120	100859016	1.1067	7087	0.7887	0.9798	BND	DUP	BAF_WEIGHTED	11681	0.4478	88647120	88647120	0	1
chr14	100859017	100879989	1.8873	4	0.8905	1.0436	DUP	DUP	BAF_WEIGHTED	13	0.5619	100859017	100859017	0	2
chr14	100879990	101609484	0.9849	429	0.7838	1	DUP	BND	BAF_WEIGHTED	664	0.4682	100879990	100879990	0	1
chr14	101609485	105146069	1.1481	1320	0.7845	0.9771	BND	DUP	BAF_WEIGHTED	2889	0.4944	101609485	101609485	0	1
chr14	105146070	105153857	2.0878	0	0	0.9874	DUP	DUP	STRUCTURAL_VARIANT	0	0.6742	105146070	105146070	0	2
chr14	105153858	106026787	1.0646	763	0.7755	0.9941	DUP	DEL	BAF_WEIGHTED	311	0.55	105153858	105153858	0	1
chr14	106026788	106027192	0	0	0	1	DEL	DEL	STRUCTURAL_VARIANT	0	0	106026788	106026788	0	0
chr14	106027193	107043718	0.9747	534	0.7863	1.003	DEL	TELOMERE	BAF_WEIGHTED	420	0.4074	106027193	106027193	0	1
chr15	1	18362626	0.9116	0	0	1	TELOMERE	CENTROMERE	LONG_ARM	0	0	1	1	0	1
chr15	18362627	31822806	0.9116	4655	0.7771	0.9933	CENTROMERE	DEL	BAF_WEIGHTED	6507	0.427	18362627	18362627	0	1
chr15	31822807	31895956	0.041	18	0.5982	1	DEL	DEL	BAF_WEIGHTED	69	0.422	31822807	31822807	0	0
chr15	31895957	33088197	1.1421	611	0.7876	0.9737	DEL	DEL	BAF_WEIGHTED	688	0.4024	31895957	31895957	0	1
chr15	33088198	33088295	0.1265	0	0	1	DEL	DEL	STRUCTURAL_VARIANT	0	0	33088198	33088198	0	0
chr15	33088296	33214735	1.1778	86	0.7573	0.919	DEL	DUP	BAF_WEIGHTED	125	0.4068	33088296	33088296	0	1
chr15	33214736	33880434	1.943	431	0.8621	1	DUP	DUP	BAF_WEIGHTED	647	0.4155	33214736	33214736	0	2
chr15	33880435	40440075	1.1198	3675	0.7916	0.9862	DUP	DEL	BAF_WEIGHTED	6017	0.3907	33880435	33880435	0	1
chr15	40440076	40441408	0	0	0	1	DEL	DEL	STRUCTURAL_VARIANT	0	0	40440076	40440076	0	0
chr15	40441409	65379466	1.1354	11898	0.7877	0.9768	DEL	DEL	BAF_WEIGHTED	23303	0.4103	40441409	40441409	0	1
chr15	65379467	65379766	0.2232	0	0	1	DEL	DEL	STRUCTURAL_VARIANT	0	0	65379467	65379467	0	0
chr15	65379767	68429940	1.1619	1411	0.7941	0.9807	DEL	BND	BAF_WEIGHTED	2934	0.4428	65379767	65379767	0	1
chr15	68429941	101991189	1.4884	16731	0.8238	0.9864	BND	TELOMERE	BAF_WEIGHTED	30264	0.4315	68429941	68429941	0	1
chr16	1	1869108	1.7985	1493	0.5909	0.6283	TELOMERE	DUP	BAF_WEIGHTED	1009	0.5752	1	1	1	1
chr16	1869109	1872904	2.4598	27	0.5667	0.5703	DUP	DUP	BAF_WEIGHTED	1	0.417	1869109	1869109	1	1
chr16	1872905	2659844	1.8317	226	0.5949	0.6332	DUP	BND	BAF_WEIGHTED	402	0.5568	1872905	1872905	1	1
chr16	2659845	3170848	2.2695	244	0.5532	0.5594	BND	DEL	BAF_WEIGHTED	338	0.5497	2659845	2659845	1	1
chr16	3170849	3170946	1.0508	0	0	1	DEL	DEL	STRUCTURAL_VARIANT	0	0	3170849	3170849	0	1
chr16	3170947	4476253	1.8533	505	0.5808	0.603	DEL	DUP	BAF_WEIGHTED	1186	0.4897	3170947	3170947	1	1
chr16	4476254	4485228	2.7121	0	0	0.588	DUP	DUP	BAF_WEIGHTED	8	0.4689	4476254	4476254	1	2
chr16	4485229	5217000	1.9596	411	0.5633	0.5361	DUP	NONE	BAF_WEIGHTED	576	0.5117	4485229	4485229	1	1
chr16	5217001	8561000	1.4188	3408	0.5909	0.6383	NONE	NONE	BAF_WEIGHTED	3228	0.4207	5217001	5217001	1	1
chr16	8561001	9217069	1.7677	438	0.5833	0.6182	NONE	DUP	BAF_WEIGHTED	621	0.4739	8561001	8561001	1	1
chr16	9217070	9220905	2.6635	0	0	0.5898	DUP	DUP	BAF_WEIGHTED	2	0.4425	9217070	9217070	1	2
chr16	9220906	9237135	1.6337	22	0.6036	0.6504	DUP	BND	BAF_WEIGHTED	16	0.4428	9220906	9220906	1	1
chr16	9237136	12120338	1.1018	2280	0.7892	0.9874	BND	DEL	BAF_WEIGHTED	2712	0.4568	9237136	9237136	0	1
chr16	12120339	12120398	0.1828	0	0	1	DEL	DEL	STRUCTURAL_VARIANT	0	0	12120339	12120339	0	0
chr16	12120399	37295919	1.0643	8464	0.7868	0.9862	DEL	CENTROMERE	BAF_WEIGHTED	15958	0.4463	12120399	12120399	0	1
chr16	37295920	62437495	1.0979	6409	0.7973	0.9929	CENTROMERE	BND	BAF_WEIGHTED	15028	0.4208	37295920	37295920	0	1
chr16	62437496	64193000	1.4642	891	0.8328	1.0007	BND	NONE	BAF_WEIGHTED	1684	0.3617	62437496	62437496	0	1
chr16	64193001	70731281	1.8158	2225	0.8431	0.9899	NONE	BND	BAF_WEIGHTED	5865	0.4497	64193001	64193001	0	2
chr16	70731282	70734726	4.1281	0	0	0.9956	BND	BND	NON_DIPLOID	2	0.443	70731282	70731282	0	4
chr16	70734727	73628327	1.7836	1175	0.8449	0.9886	BND	DUP	BAF_WEIGHTED	2434	0.4278	70734727	70734727	0	2
chr16	73628328	73635992	2.5292	6	0.8801	0.9913	DUP	DUP	BAF_WEIGHTED	6	0.3927	73628328	73628328	0	3
chr16	73635993	74045962	1.5664	136	0.8268	0.9811	DUP	DUP	BAF_WEIGHTED	398	0.4015	73635993	73635993	0	2
chr16	74045963	74048594	2.2647	0	0	0.9928	DUP	DUP	NON_DIPLOID	2	0.356	74045963	74045963	0	2
chr16	74048595	74525362	1.6962	290	0.8404	0.9904	DUP	DUP	BAF_WEIGHTED	365	0.4145	74048595	74048595	0	2
chr16	74525363	74529823	2.4844	0	0	0.9986	DUP	DUP	STRUCTURAL_VARIANT	0	0	74525363	74525363	0	2
chr16	74529824	78354075	1.6841	3139	0.8446	0.9979	DUP	DEL	BAF_WEIGHTED	3638	0.4126	74529824	74529824	0	2
chr16	78354076	78356923	0.708	19	0.7826	1	DEL	DEL	BAF_WEIGHTED	1	0.451	78354076	78354076	0	1
chr16	78356924	80536485	1.6368	2148	0.8349	0.9868	DEL	DEL	BAF_WEIGHTED	2138	0.4229	78356924	78356924	0	2
chr16	80536486	80536577	0.6459	0	0	1	DEL	DEL	STRUCTURAL_VARIANT	0	0	80536486	80536486	0	1
chr16	80536578	87959715	1.7662	6013	0.8449	0.99	DEL	DEL	BAF_WEIGHTED	6884	0.4742	80536578	80536578	0	2
chr16	87959716	87959750	0.8852	0	0	1	DEL	DEL	STRUCTURAL_VARIANT	0	0	87959716	87959716	0	1
chr16	87959751	89519969	1.8442	957	0.8462	0.9855	DEL	BND	BAF_WEIGHTED	806	0.5636	87959751	87959751	0	2
chr16	89519970	90338345	0.673	555	0.7241	1	BND	TELOMERE	BAF_WEIGHTED	433	0.5407	89519970	89519970	0	1
chr17	1	5658500	1.1729	3633	0.7935	0.9801	TELOMERE	DEL	BAF_WEIGHTED	4675	0.49	1	1	0	1
chr17	5658501	5665274	0.0204	0	0	1	DEL	DEL	BAF_WEIGHTED	6	0.4882	5658501	5658501	0	0
chr17	5665275	15103968	1.0505	5915	0.7862	0.9908	DEL	DEL	BAF_WEIGHTED	8944	0.4426	5665275	5665275	0	1
chr17	15103969	15104113	0	0	0	1	DEL	DEL	STRUCTURAL_VARIANT	0	0	15103969	15103969	0	0
chr17	15104114	22158000	1.1942	2106	0.7868	0.9642	DEL	NONE	BAF_WEIGHTED	4221	0.4723	15104114	15104114	0	1
chr17	22158001	24849829	0.8046	267	0.7895	1	NONE	CENTROMERE	BAF_WEIGHTED	278	0.4066	21961001	22159001	0	1
chr17	24849830	29636053	1.1548	1252	0.7868	0.9813	CENTROMERE	DEL	BAF_WEIGHTED	2415	0.4606	24849830	24849830	0	1
chr17	29636054	29653161	0.0886	0	0	1	DEL	DEL	BAF_WEIGHTED	16	0.4343	29636054	29636054	0	0
chr17	29653162	31218499	1.2255	140	0.7917	0.9678	DEL	DEL	BAF_WEIGHTED	1263	0.4131	29653162	29653162	0	1
chr17	31218500	31222083	0.4623	0	0	1	DEL	DEL	BAF_WEIGHTED	3	0.3127	31218500	31218500	0	0
chr17	31222084	34897000	1.3415	1621	0.8158	0.9926	DEL	NONE	BAF_WEIGHTED	3366	0.4467	31222084	31222084	0	1
chr17	34897001	35333493	1.83	192	0.8431	0.9818	NONE	DEL	BAF_WEIGHTED	407	0.4366	34897001	34897001	0	2
chr17	35333494	35334167	1.0892	0	0	0.9687	DEL	DEL	STRUCTURAL_VARIANT	0	0	35333494	35333494	0	1
chr17	35334168	37183079	1.7641	733	0.8384	0.9807	DEL	DEL	BAF_WEIGHTED	1451	0.4476	35334168	35334168	0	2
chr17	37183080	37183102	1.2808	0	0	0.9734	DEL	DEL	STRUCTURAL_VARIANT	0	0	37183080	37183080	0	1
chr17	37183103	37183109	1.8187	0	0	0.9813	DEL	DEL	STRUCTURAL_VARIANT	0	0	37183103	37183103	0	2
chr17	37183110	37183151	1.3848	0	0	0.9754	DEL	DEL	STRUCTURAL_VARIANT	0	0	37183110	37183110	0	1
chr17	37183152	37338699	1.8616	79	0.8478	0.986	DEL	BND	BAF_WEIGHTED	152	0.3974	37183152	37183152	0	2
chr17	37338700	37368018	2.5119	15	0.8596	0.9655	BND	BND	BAF_WEIGHTED	28	0.444	37338700	37338700	0	2
chr17	37368019	38402732	1.7912	93	0.8333	0.9709	BND	INV	BAF_WEIGHTED	566	0.4419	37368019	37368019	0	2
chr17	38402733	38402807	2.1285	0	0	0.9818	INV	DUP	STRUCTURAL_VARIANT	0	0	38402733	38402733	0	2
chr17	38402808	38402813	2.5518	0	0	0.9848	DUP	BND	STRUCTURAL_VARIANT	0	0	38402808	38402808	0	3
chr17	38402814	38403840	1.8424	0	0	0.979	BND	INV	STRUCTURAL_VARIANT	0	0	38402814	38402814	0	2
chr17	38403841	38403846	2.3589	0	0	0.9836	INV	DEL	STRUCTURAL_VARIANT	0	0	38403841	38403841	0	2
chr17	38403847	38403892	1.8987	0	0	0.9796	DEL	DUP	STRUCTURAL_VARIANT	0	0	38403847	38403847	0	2
chr17	38403893	38403992	1.5247	0	0	0.9746	DUP	DEL	STRUCTURAL_VARIANT	0	0	38403893	38403893	0	1
chr17	38403993	38405942	2.1788	0	0	0.9822	DEL	BND	STRUCTURAL_VARIANT	0	0.525	38403993	38403993	0	2
chr17	38405943	40886909	1.8644	890	0.8431	0.9792	BND	BND	BAF_WEIGHTED	2263	0.48	38405943	38405943	0	2
chr17	40886910	40887201	3.3476	0	0	0.9884	BND	BND	STRUCTURAL_VARIANT	0	0	40886910	40886910	0	3
chr17	40887202	42444372	1.8935	397	0.8469	0.9824	BND	DEL	BAF_WEIGHTED	1348	0.4719	40887202	40887202	0	2
chr17	42444373	42444420	0.7717	0	0	1	DEL	DEL	STRUCTURAL_VARIANT	0	0	42444373	42444373	0	1
chr17	42444421	43103509	1.8515	263	0.8393	0.9756	DEL	DEL	BAF_WEIGHTED	581	0.4798	42444421	42444421	0	2
chr17	43103510	43103544	1.1024	0	0	0.9733	DEL	DEL	STRUCTURAL_VARIANT	0	0	43103510	43103510	0	1
chr17	43103545	43903854	1.8268	383	0.8444	0.9839	DEL	DUP	BAF_WEIGHTED	672	0.4786	43103545	43103545	0	2
chr17	43903855	43921505	2.6121	0	0	0.9893	DUP	DUP	BAF_WEIGHTED	14	0.5193	43903855	43903855	0	3
chr17	43921506	51304000	1.872	2985	0.8473	0.9851	DUP	NONE	BAF_WEIGHTED	6080	0.4758	43921506	43921506	0	2
chr17	51304001	53819981	1.4842	1018	0.8419	1.0111	NONE	BND	BAF_WEIGHTED	2400	0.3778	51304001	51304001	0	1
chr17	53819982	54888000	2.5026	326	0.8973	1.0147	BND	NONE	BAF_WEIGHTED	1011	0.3701	53819982	53819982	0	3
chr17	54888001	55820131	3.1089	453	0.8914	0.9857	NONE	BND	BAF_WEIGHTED	889	0.3994	54888001	54888001	0	3
chr17	55820132	67040444	2.4474	4152	0.874	0.9899	BND	DEL	BAF_WEIGHTED	10091	0.4303	55820132	55820132	0	2
chr17	67040445	67040649	1.3042	0	0	0.9826	DEL	DEL	STRUCTURAL_VARIANT	0	0	67040445	67040445	0	1
chr17	67040650	77704363	2.4193	5455	0.8752	0.9906	DEL	DEL	BAF_WEIGHTED	9954	0.4498	67040650	67040650	0	2
chr17	77704364	77705321	0.9567	0	0	1	DEL	DEL	STRUCTURAL_VARIANT	0	0	77704364	77704364	0	1
chr17	77705322	82552888	2.3862	2934	0.8761	0.9937	DEL	DUP	BAF_WEIGHTED	3800	0.5315	77705322	77705322	0	2
chr17	82552889	82556473	3.6783	1	0.9155	0.9991	DUP	DUP	BAF_WEIGHTED	3	0.4987	82552889	82552889	0	4
chr17	82556474	83257441	2.423	665	0.875	0.9894	DUP	TELOMERE	BAF_WEIGHTED	509	0.527	82556474	82556474	0	2
chr18	1	87658	1.4243	26	0.5879	0.6336	TELOMERE	DEL	BAF_WEIGHTED	2	0.4755	1	1	1	1
chr18	87659	1878000	1.5599	1514	0.5813	0.6121	DEL	NONE	BAF_WEIGHTED	1642	0.3918	87659	87659	1	1
chr18	1878001	4913000	2.1769	1885	0.5629	0.5597	NONE	NONE	BAF_WEIGHTED	2920	0.3931	1878001	1878001	1	1
chr18	4913001	9764985	1.7749	3163	0.5901	0.6175	NONE	INV	BAF_WEIGHTED	4639	0.4094	4913001	4913001	1	1
chr18	9764986	9765134	2.4079	0	0	0.7181	INV	DEL	STRUCTURAL_VARIANT	0	0	9764986	9764986	1	2
chr18	9765135	10472502	2.1214	442	0.5612	0.5287	DEL	DUP	BAF_WEIGHTED	679	0.4347	9765135	9765135	1	1
chr18	10472503	10472912	2.3287	0	0	0.6585	DUP	INV	STRUCTURAL_VARIANT	0	0	10472503	10472503	1	2
chr18	10472913	10472930	1.9578	0	0	0.5938	INV	INV	STRUCTURAL_VARIANT	0	0	10472913	10472913	1	1
chr18	10472931	10473030	2.0669	0	0	0.6152	INV	DEL	STRUCTURAL_VARIANT	0	0	10472931	10472931	1	1
chr18	10473031	12145572	1.9125	976	0.5675	0.5842	DEL	DEL	BAF_WEIGHTED	1454	0.4209	10473031	10473031	1	1
chr18	12145573	13061353	1.888	673	0.5859	0.6195	DEL	DEL	BAF_WEIGHTED	805	0.4317	12145573	12145573	1	1
chr18	13061354	13061421	1.2452	0	0	0.5261	DEL	DEL	STRUCTURAL_VARIANT	0	0	13061354	13061354	1	1
chr18	13061422	18161052	1.7967	941	0.5946	0.6354	DEL	CENTROMERE	BAF_WEIGHTED	1057	0.4355	13061422	13061422	1	1
chr18	18161053	21038113	1.819	7	0.5806	0.6132	CENTROMERE	DUP	BAF_WEIGHTED	79	0.3656	18161053	18161053	1	1
chr18	21038114	21038264	2.1195	0	0	0.6659	DUP	INV	STRUCTURAL_VARIANT	0	0	21038114	21038114	1	1
chr18	21038265	21737000	1.7834	172	0.5728	0.6029	INV	NONE	BAF_WEIGHTED	682	0.4081	21038265	21038265	1	1
chr18	21737001	22031258	2.2367	63	0.5556	0.5529	NONE	DUP	BAF_WEIGHTED	286	0.4034	21736001	21738001	1	1
chr18	22031259	22474827	2.0871	235	0.554	0.5283	DUP	DEL	BAF_WEIGHTED	428	0.431	22031259	22031259	1	1
chr18	22474828	22474896	0.8139	0	0	1	DEL	DEL	STRUCTURAL_VARIANT	0	0	22474828	22474828	0	1
chr18	22474897	22557101	1.9713	47	0.5556	0.5073	DEL	INV	BAF_WEIGHTED	75	0.3976	22474897	22474897	1	1
chr18	22557102	22557143	2.3636	0	0	0.5891	INV	INV	STRUCTURAL_VARIANT	0	0	22557102	22557102	1	1
chr18	22557144	22561473	2.2387	4	0.5525	0.5533	INV	DEL	BAF_WEIGHTED	2	0.4787	22557144	22557144	1	1
chr18	22561474	22562334	1.7684	0	0	0.6063	DEL	DEL	STRUCTURAL_VARIANT	0	0	22561474	22561474	1	1
chr18	22562335	22562699	2.1427	0	0	0.6751	DEL	DEL	STRUCTURAL_VARIANT	0	0	22562335	22562335	1	1
chr18	22562700	22562962	1.7297	0	0	0.5975	DEL	DEL	STRUCTURAL_VARIANT	0	0	22562700	22562700	1	1
chr18	22562963	24252343	1.8841	730	0.5934	0.6304	DEL	DUP	BAF_WEIGHTED	1617	0.423	22562963	22562963	1	1
chr18	24252344	24269400	2.6497	13	0.5333	0.5703	DUP	DUP	BAF_WEIGHTED	16	0.3782	24252344	24252344	1	2
chr18	24269401	24765590	1.8071	373	0.5897	0.6264	DUP	DEL	BAF_WEIGHTED	471	0.4112	24269401	24269401	1	1
chr18	24765591	25054151	1.83	131	0.5714	0.6003	DEL	DEL	BAF_WEIGHTED	279	0.4163	24765591	24765591	1	1
chr18	25054152	25054274	0.7162	0	0	1	DEL	DEL	STRUCTURAL_VARIANT	0	0	25054152	25054152	0	1
chr18	25054275	27997551	1.7338	1265	0.5939	0.6344	DEL	DUP	BAF_WEIGHTED	2800	0.3876	25054275	25054275	1	1
chr18	27997552	28649367	1.4589	368	0.5862	0.6299	DUP	DEL	BAF_WEIGHTED	612	0.3643	27997552	27997552	1	1
chr18	28649368	28649401	1.0465	0	0	0.516	DEL	DEL	STRUCTURAL_VARIANT	0	0	28649368	28649368	1	1
chr18	28649402	28834519	1.4853	151	0.5789	0.6182	DEL	INV	BAF_WEIGHTED	172	0.3563	28649402	28649402	1	1
chr18	28834520	28834746	1.7094	0	0	0.6683	INV	DUP	STRUCTURAL_VARIANT	0	0	28834520	28834520	1	1
chr18	28834747	28841888	1.1338	3	0.5366	0.5703	DUP	DEL	BAF_WEIGHTED	6	0.4022	28834747	28834747	0	1
chr18	28841889	29120787	1.4843	344	0.5949	0.6422	DEL	DEL	BAF_WEIGHTED	269	0.3456	28841889	28841889	1	1
chr18	29120788	29120831	1.8812	0	0	0.6757	DEL	DUP	STRUCTURAL_VARIANT	0	0	29120788	29120788	1	1
chr18	29120832	32435442	1.6518	1302	0.5906	0.6307	DUP	DUP	BAF_WEIGHTED	3199	0.3669	29120832	29120832	1	1
chr18	32435443	32859500	4.0733	176	0.8033	0.8585	DUP	NONE	BAF_WEIGHTED	409	0.3858	32435443	32435443	1	3
chr18	32859501	34483000	2.9279	353	0.7381	0.7982	NONE	NONE	BAF_WEIGHTED	1548	0.3549	32856001	32863001	1	2
chr18	34483001	35100719	3.5285	80	0.7357	0.7851	NONE	BND	BAF_WEIGHTED	580	0.3788	34483001	34483001	1	3
chr18	35100720	35101181	3.1733	0	0	0.873	BND	DEL	STRUCTURAL_VARIANT	0	0	35100720	35100720	0	3
chr18	35101182	35101242	3.8146	0	0	0.7262	DEL	INV	STRUCTURAL_VARIANT	0	0	35101182	35101182	1	3
chr18	35101243	35243261	3.5469	18	0.7208	0.7668	INV	BND	BAF_WEIGHTED	126	0.4029	35101243	35101243	1	3
chr18	35243262	36200000	2.8088	484	0.8824	0.9831	BND	NONE	BAF_WEIGHTED	891	0.4079	35243262	35243262	0	3
chr18	36200001	44426296	2.3098	3897	0.884	1.0071	NONE	SGL	BAF_WEIGHTED	7880	0.3795	36200001	36200001	0	2
chr18	44426297	44875535	4.2943	210	0.9177	0.9896	SGL	DUP	BAF_WEIGHTED	437	0.403	44426297	44426297	0	4
chr18	44875536	54989827	1.2776	5609	0.8104	0.9954	DUP	DEL	BAF_WEIGHTED	9546	0.4155	44875536	44875536	0	1
chr18	54989828	54989875	0.1384	0	0	1	DEL	DEL	STRUCTURAL_VARIANT	0	0	54989828	54989828	0	0
chr18	54989876	62223616	1.3012	3770	0.8098	0.9838	DEL	BND	BAF_WEIGHTED	6915	0.4004	54989876	54989876	0	1
chr18	62223617	62223749	0.1888	0	0	1	BND	BND	STRUCTURAL_VARIANT	0	0	62223617	62223617	0	0
chr18	62223750	75724476	1.191	7337	0.8083	1.004	BND	DEL	BAF_WEIGHTED	12932	0.3736	62223750	62223750	0	1
chr18	75724477	75724838	0	0	0	1	DEL	DEL	STRUCTURAL_VARIANT	0	0	75724477	75724477	0	0
chr18	75724839	79319747	1.1873	2845	0.8051	0.998	DEL	DUP	BAF_WEIGHTED	3349	0.4326	75724839	75724839	0	1
chr18	79319748	79433588	2.6596	124	0.8824	0.9883	DUP	DUP	BAF_WEIGHTED	86	0.5213	79319748	79319748	0	3
chr18	79433589	79445498	4.2169	23	0.9149	0.9877	DUP	DUP	BAF_WEIGHTED	8	0.5997	79433589	79433589	0	4
chr18	79445499	80105693	2.6998	627	0.8852	0.9907	DUP	DUP	BAF_WEIGHTED	503	0.5109	79445499	79445499	0	3
chr18	80105694	80373285	1.3714	90	0.8141	0.9836	DUP	TELOMERE	BAF_WEIGHTED	142	0.4634	80105694	80105694	0	1
chr19	1	1525750	1.1142	723	0.7826	0.9702	TELOMERE	DEL	BAF_WEIGHTED	661	0.591	1	1	0	1
chr19	1525751	1525932	0.0756	0	0	1	DEL	DEL	STRUCTURAL_VARIANT	0	0	1525751	1525751	0	0
chr19	1525933	1963005	1.0515	124	0.7895	0.9932	DEL	DEL	BAF_WEIGHTED	280	0.5784	1525933	1525933	0	1
chr19	1963006	1963040	0.311	0	0	1	DEL	DEL	STRUCTURAL_VARIANT	0	0	1963006	1963006	0	0
chr19	1963041	5452313	1.0856	2280	0.7868	0.982	DEL	DUP	BAF_WEIGHTED	2732	0.5466	1963041	1963041	0	1
chr19	5452314	5466375	1.8851	0	0	0.9896	DUP	DUP	BAF_WEIGHTED	11	0.5242	5452314	5452314	0	2
chr19	5466376	5882241	1.0526	139	0.7838	0.9833	DUP	DEL	BAF_WEIGHTED	346	0.5228	5466376	5466376	0	1
chr19	5882242	5883862	0	0	0	1	DEL	DUP	STRUCTURAL_VARIANT	0	0	5882242	5882242	0	0
chr19	5883863	5884008	1.17	0	0	0.9849	DUP	DEL	STRUCTURAL_VARIANT	0	0	5883863	5883863	0	1
chr19	5884009	5884070	2.4097	0	0	0.9927	DEL	DUP	STRUCTURAL_VARIANT	0	0	5884009	5884009	0	2
chr19	5884071	5988372	1.16	9	0.7632	0.931	DUP	DEL	BAF_WEIGHTED	87	0.5366	5884071	5884071	0	1
chr19	5988373	5988572	0	0	0	1	DEL	DEL	STRUCTURAL_VARIANT	0	0	5988373	5988373	0	0
chr19	5988573	9524740	1.0434	1919	0.7842	0.9883	DEL	BND	BAF_WEIGHTED	3079	0.4896	5988573	5988573	0	1
chr19	9524741	10352006	2.2812	379	0.5581	0.5605	BND	BND	BAF_WEIGHTED	737	0.4936	9524741	9524741	1	1
chr19	10352007	10358301	2.3681	5	0.5341	0.5777	BND	DEL	BAF_WEIGHTED	4	0.569	10352007	10352007	1	1
chr19	10358302	10364738	0.9722	2	0.7647	1	DEL	DEL	BAF_WEIGHTED	3	0.5668	10358302	10358302	0	1
chr19	10364739	19680000	2.3067	4046	0.556	0.5632	DEL	NONE	BAF_WEIGHTED	8197	0.5058	10364739	10364739	1	1
chr19	19680001	25844926	1.9428	2394	0.5637	0.5274	NONE	CENTROMERE	BAF_WEIGHTED	3808	0.407	19680001	19680001	1	1
chr19	25844927	29205005	1.8921	679	0.5659	0.5263	CENTROMERE	DEL	BAF_WEIGHTED	1720	0.4224	25844927	25844927	1	1
chr19	29205006	29206110	1.0924	0	0	0.8924	DEL	DEL	STRUCTURAL_VARIANT	0	0	29205006	29205006	0	1
chr19	29206111	34391512	2.1058	2200	0.5574	0.537	DEL	DUP	BAF_WEIGHTED	4881	0.4595	29206111	29206111	1	1
chr19	34391513	34391705	2.3493	0	0	0.585	DUP	DUP	STRUCTURAL_VARIANT	0	0	34391513	34391513	1	1
chr19	34391706	36418435	2.281	1219	0.5585	0.5569	DUP	DEL	BAF_WEIGHTED	1741	0.4859	34391706	34391706	1	1
chr19	36418436	36418479	1.3582	0	0	0.7441	DEL	DEL	STRUCTURAL_VARIANT	0	0	36418436	36418436	0	1
chr19	36418480	36756563	2.1567	241	0.5574	0.5363	DEL	DEL	BAF_WEIGHTED	320	0.4149	36418480	36418480	1	1
chr19	36756564	36757000	1.2791	0	0	0.7908	DEL	DEL	STRUCTURAL_VARIANT	0	0	36756564	36756564	0	1
chr19	36757001	41117135	2.2585	2420	0.5625	0.5522	DEL	BND	BAF_WEIGHTED	3774	0.4731	36757001	36757001	1	1
chr19	41117136	41117146	1.2921	0	0	0.7828	BND	BND	STRUCTURAL_VARIANT	0	0	41117136	41117136	0	1
chr19	41117147	46346797	2.1327	2335	0.5543	0.5309	BND	DUP	BAF_WEIGHTED	4070	0.4856	41117147	41117147	1	1
chr19	46346798	46352944	3.7487	1	0.625	0.6497	DUP	DUP	BAF_WEIGHTED	4	0.5594	46346798	46346798	1	2
chr19	46352945	47285000	2.3352	380	0.5517	0.5718	DUP	NONE	BAF_WEIGHTED	831	0.5008	46352945	46352945	1	1
chr19	47285001	58617616	1.9924	6826	0.5572	0.5308	NONE	TELOMERE	BAF_WEIGHTED	9395	0.4825	47285001	47285001	1	1
chr20	1	8543682	1.7346	4873	0.5842	0.6198	TELOMERE	DEL	BAF_WEIGHTED	7970	0.4296	1	1	1	1
chr20	8543683	8544353	0.3357	0	0	1	DEL	DEL	STRUCTURAL_VARIANT	0	0	8543683	8543683	0	0
chr20	8544354	10321241	1.763	980	0.5894	0.6275	DEL	BND	BAF_WEIGHTED	1713	0.3921	8544354	8544354	1	1
chr20	10321242	10321451	2.9317	0	0	0.6454	BND	BND	STRUCTURAL_VARIANT	0	0	10321242	10321242	1	2
chr20	10321452	17766397	1.6537	3737	0.5896	0.6286	BND	DUP	BAF_WEIGHTED	7127	0.3938	10321452	10321452	1	1
chr20	17766398	17839181	2.6845	19	0.5424	0.5703	DUP	DUP	BAF_WEIGHTED	70	0.4762	17766398	17766398	1	2
chr20	17839182	28237289	1.676	5154	0.5859	0.6247	DUP	CENTROMERE	BAF_WEIGHTED	7390	0.4333	17839182	17839182	1	1
chr20	28237290	32285426	1.717	1048	0.5894	0.633	CENTROMERE	DEL	BAF_WEIGHTED	1035	0.4635	28237290	28237290	1	1
chr20	32285427	32285488	0.9271	0	0	1	DEL	DEL	STRUCTURAL_VARIANT	0	0	32285427	32285427	0	1
chr20	32285489	33906588	1.7591	602	0.5874	0.6245	DEL	DEL	BAF_WEIGHTED	1523	0.4821	32285489	32285489	1	1
chr20	33906589	33906732	0.9252	0	0	1	DEL	DEL	STRUCTURAL_VARIANT	0	0	33906589	33906589	0	1
chr20	33906733	37714347	1.8259	896	0.5905	0.6273	DEL	BND	BAF_WEIGHTED	3601	0.4639	33906733	33906733	1	1
chr20	37714348	45794779	1.0206	3349	0.777	0.9887	BND	DEL	BAF_WEIGHTED	7731	0.4386	37714348	37714348	0	1
chr20	45794780	45795376	0	0	0	1	DEL	DEL	STRUCTURAL_VARIANT	0	0	45794780	45794780	0	0
chr20	45795377	47021263	1.0943	463	0.7857	0.9788	DEL	DUP	BAF_WEIGHTED	1176	0.4709	45795377	45795377	0	1
chr20	47021264	47025434	2.3554	0	0	0.9877	DUP	DUP	BAF_WEIGHTED	3	0.4357	47021264	47021264	0	2
chr20	47025435	49626038	1.0638	1578	0.7717	0.9728	DUP	BND	BAF_WEIGHTED	2420	0.4668	47025435	47025435	0	1
chr20	49626039	60327135	1.5015	5712	0.8248	0.9852	BND	DEL	BAF_WEIGHTED	10267	0.4431	49626039	49626039	0	1
chr20	60327136	60327169	0.3134	0	0	1	DEL	DEL	STRUCTURAL_VARIANT	0	0	60327136	60327136	0	0
chr20	60327170	64444167	1.3708	2327	0.8231	0.9963	DEL	TELOMERE	BAF_WEIGHTED	2971	0.5168	60327170	60327170	0	1
chr21	1	11890183	2.383	0	0	0.5551	TELOMERE	CENTROMERE	LONG_ARM	0	0	1	1	1	1
chr21	11890184	17955000	2.383	2774	0.561	0.5551	CENTROMERE	NONE	BAF_WEIGHTED	3661	0.3712	11890184	11890184	1	1
chr21	17955001	22620486	1.9094	3040	0.5616	0.5331	NONE	DEL	BAF_WEIGHTED	4524	0.3502	17955001	17955001	1	1
chr21	22620487	22621958	1.0008	0	0	1	DEL	DEL	STRUCTURAL_VARIANT	0	0	22620487	22620487	0	1
chr21	22621959	23441850	1.8302	316	0.5714	0.6003	DEL	DEL	BAF_WEIGHTED	792	0.3451	22621959	22621959	1	1
chr21	23441851	23442652	0.7641	0	0	1	DEL	DEL	STRUCTURAL_VARIANT	0	0	23441851	23441851	0	1
chr21	23442653	25254000	1.9215	510	0.5637	0.5239	DEL	NONE	BAF_WEIGHTED	1774	0.3542	23442653	23442653	1	1
chr21	25254001	27685000	2.3556	1046	0.5563	0.5596	NONE	NONE	BAF_WEIGHTED	2349	0.3787	25254001	25254001	1	1
chr21	27685001	32685000	2.6277	2242	0.5594	0.5705	NONE	NONE	BAF_WEIGHTED	4628	0.3982	27685001	27685001	1	1
chr21	32685001	32703233	4.1431	5	0.6582	0.6864	NONE	BND	BAF_WEIGHTED	18	0.3803	32685001	32685001	1	3
chr21	32703234	34070803	2.3692	482	0.553	0.5605	BND	DEL	BAF_WEIGHTED	1324	0.4338	32703234	32703234	1	1
chr21	34070804	34070895	1.3453	0	0	0.7741	DEL	DEL	STRUCTURAL_VARIANT	0	0	34070804	34070804	0	1
chr21	34070896	35105896	2.3851	363	0.5577	0.5807	DEL	BND	BAF_WEIGHTED	898	0.4354	34070896	34070896	1	1
chr21	35105897	39803000	3.004	3058	0.6113	0.6388	BND	NONE	BAF_WEIGHTED	4532	0.4294	35105897	35105897	1	2
chr21	39803001	41080000	2.5205	685	0.6133	0.6466	NONE	NONE	BAF_WEIGHTED	1222	0.4152	39803001	39803001	1	2
chr21	41080001	46709983	2.9395	3508	0.6108	0.6387	NONE	TELOMERE	BAF_WEIGHTED	4223	0.5011	41080001	41080001	1	2
chr22	1	14004552	1.12	0	0	0.9726	TELOMERE	CENTROMERE	LONG_ARM	0	0.6845	1	1	0	1
chr22	14004553	22358946	1.12	3378	0.7825	0.9726	CENTROMERE	BND	BAF_WEIGHTED	3539	0.4882	14004553	14004553	0	1
chr22	22358947	34136919	1.7317	5248	0.5892	0.6279	BND	BND	BAF_WEIGHTED	10518	0.4614	22358947	22358947	1	1
chr22	34136920	34136954	0.7623	0	0	1	BND	BND	STRUCTURAL_VARIANT	0	0	34136920	34136920	0	1
chr22	34136955	34199964	1.6	67	0.6061	0.6552	BND	DEL	BAF_WEIGHTED	62	0.4113	34136955	34136955	1	1
chr22	34199965	34200078	0.9499	0	0	1	DEL	DEL	STRUCTURAL_VARIANT	0	0	34199965	34199965	0	1
chr22	34200079	35163000	1.6238	853	0.6111	0.6617	DEL	NONE	BAF_WEIGHTED	902	0.4216	34200079	34200079	1	1
chr22	35163001	36346256	2.1121	570	0.6075	0.6451	NONE	DEL	BAF_WEIGHTED	1114	0.4611	35163001	35163001	1	1
chr22	36346257	36375650	1.6259	0	0	0.8006	DEL	DEL	BAF_WEIGHTED	28	0.5008	36346257	36346257	0	1
chr22	36375651	36375961	2.2735	0	0	0.5725	DEL	DEL	STRUCTURAL_VARIANT	0	0	36375651	36375651	1	1
chr22	36375962	36375972	1.3438	0	0	0.9687	DEL	DEL	STRUCTURAL_VARIANT	0	0	36375962	36375962	0	1
chr22	36375973	46102549	1.9985	4766	0.6098	0.6513	DEL	DEL	BAF_WEIGHTED	8688	0.4972	36375973	36375973	1	1
chr22	46102550	46104692	1.542	0	0	0.8441	DEL	DEL	STRUCTURAL_VARIANT	0	0.65	46102550	46102550	0	1
chr22	46104693	46105750	1.7332	0	0	0.751	DEL	BND	STRUCTURAL_VARIANT	0	0	46104693	46104693	0	1
chr22	46105751	46309225	1.3272	142	0.806	0.9766	BND	DEL	BAF_WEIGHTED	165	0.5099	46105751	46105751	0	1
chr22	46309226	46309259	1.0083	0	0	1.008	DEL	DEL	STRUCTURAL_VARIANT	0	0	46309226	46309226	0	1
chr22	46309260	48842840	1.1559	2371	0.8083	1.007	DEL	DUP	BAF_WEIGHTED	2263	0.494	46309260	46309260	0	1
chr22	48842841	48853264	2.167	21	0.8621	0.9857	DUP	DUP	BAF_WEIGHTED	8	0.5468	48842841	48842841	0	2
chr22	48853265	50125412	1.1132	850	0.813	1.0321	DUP	BND	BAF_WEIGHTED	1048	0.5121	48853265	48853265	0	1
chr22	50125413	50132384	2.546	0	0	1.014	BND	BND	BAF_WEIGHTED	6	0.4413	50125413	50125413	0	3
chr22	50132385	50818468	1.3629	159	0.8222	0.9971	BND	TELOMERE	BAF_WEIGHTED	376	0.5572	50132385	50132385	0	1
chrX	1	4207261	0.9132	3226	0.7791	0.9955	TELOMERE	DEL	BAF_WEIGHTED	3098	0.455	1	1	0	1
chrX	4207262	4208013	0.0035	0	0	1	DEL	DEL	STRUCTURAL_VARIANT	0	0	4207262	4207262	0	0
chrX	4208014	13649107	0.8871	3104	0.7702	0.9962	DEL	DUP	BAF_WEIGHTED	8857	0.3988	4208014	4208014	0	1
chrX	13649108	13652457	2.6255	5	0.9048	1.0189	DUP	DUP	BAF_WEIGHTED	2	0.3865	13649108	13649108	0	3
chrX	13652458	27305727	0.9554	3672	0.7775	0.9951	DUP	DUP	BAF_WEIGHTED	12811	0.3969	13652458	13652458	0	1
chrX	27305728	27546218	1.5572	168	0.84	1.0015	DUP	DUP	BAF_WEIGHTED	225	0.354	27305728	27305728	0	2
chrX	27546219	40723996	0.895	4753	0.7753	0.9984	DUP	BND	BAF_WEIGHTED	12285	0.3819	27546219	27546219	0	1
chrX	40723997	41628243	1.0382	324	0.7703	0.9629	BND	DEL	BAF_WEIGHTED	869	0.4257	40723997	40723997	0	1
chrX	41628244	41628571	0.1852	0	0	1	DEL	DEL	STRUCTURAL_VARIANT	0	0	41628244	41628244	0	0
chrX	41628572	46855977	0.9911	1369	0.7738	0.9987	DEL	DUP	BAF_WEIGHTED	4912	0.3948	41628572	41628572	0	1
chrX	46855978	46881727	1.846	0	0	1	DUP	DUP	BAF_WEIGHTED	23	0.3809	46855978	46855978	0	2
chrX	46881728	60509060	0.9302	3046	0.78	1	DUP	CENTROMERE	BAF_WEIGHTED	9005	0.417	46881728	46881728	0	1
chrX	60509061	68442660	0.9071	909	0.7813	1.0004	CENTROMERE	DUP	BAF_WEIGHTED	4905	0.3876	60509061	60509061	0	1
chrX	68442661	69110093	1.9235	25	0.8788	1.0245	DUP	DUP	BAF_WEIGHTED	607	0.4597	68442661	68442661	0	2
chrX	69110094	76564011	0.9563	980	0.7816	0.9853	DUP	DEL	BAF_WEIGHTED	6070	0.4091	69110094	69110094	0	1
chrX	76564012	76564045	0.409	0	0	1	DEL	DEL	STRUCTURAL_VARIANT	0	0	76564012	76564012	0	0
chrX	76564046	81191661	0.8964	1075	0.772	0.9971	DEL	BND	BAF_WEIGHTED	4013	0.3753	76564046	76564046	0	1
chrX	81191662	93830242	1.7275	6771	0.5631	0.5655	BND	DEL	BAF_WEIGHTED	8538	0.359	81191662	81191662	1	1
chrX	93830243	93830298	0.6439	0	0	1	DEL	DEL	STRUCTURAL_VARIANT	0	0	93830243	93830243	0	1
chrX	93830299	97576722	1.7036	708	0.561	0.5474	DEL	DEL	BAF_WEIGHTED	3512	0.3631	93830299	93830299	1	1
chrX	97576723	97577007	1.1991	0	0	0.6434	DEL	DEL	STRUCTURAL_VARIANT	0	0	97576723	97576723	0	1
chrX	97577008	109235997	1.7799	1516	0.5601	0.5665	DEL	DEL	BAF_WEIGHTED	10254	0.3866	97577008	97577008	1	1
chrX	109235998	109236040	0.995	0	0	1	DEL	DEL	STRUCTURAL_VARIANT	0	0	109235998	109235998	0	1
chrX	109236041	109236044	1.8953	0	0	0.5929	DEL	DEL	STRUCTURAL_VARIANT	0	0	109236041	109236041	1	1
chrX	109236045	109236054	1.12	0	0	0.6888	DEL	DEL	STRUCTURAL_VARIANT	0	0	109236045	109236045	0	1
chrX	109236055	110634160	2.0261	58	0.5531	0.5217	DEL	DUP	BAF_WEIGHTED	1272	0.3997	109236055	109236055	1	1
chrX	110634161	110807069	2.9138	1	0.6857	0.7328	DUP	DUP	BAF_WEIGHTED	159	0.3957	110634161	110634161	1	2
chrX	110807070	131351723	1.8296	6512	0.56	0.5463	DUP	DEL	BAF_WEIGHTED	18458	0.3837	110807070	110807070	1	1
chrX	131351724	131351786	0.8368	0	0	1	DEL	DEL	STRUCTURAL_VARIANT	0	0	131351724	131351724	0	1
chrX	131351787	131862564	1.8451	246	0.5701	0.5617	DEL	DEL	BAF_WEIGHTED	432	0.3886	131351787	131351787	1	1
chrX	131862565	131862681	1.1093	0	0	0.729	DEL	DEL	STRUCTURAL_VARIANT	0	0	131862565	131862565	0	1
chrX	131862682	132237593	2.0546	172	0.5478	0.5133	DEL	DUP	BAF_WEIGHTED	338	0.3846	131862682	131862682	1	1
chrX	132237594	132316944	3.0672	36	0.6834	0.7276	DUP	DUP	BAF_WEIGHTED	63	0.4057	132237594	132237594	1	2
chrX	132316945	133442760	1.8608	107	0.5608	0.5281	DUP	DEL	BAF_WEIGHTED	1059	0.4046	132316945	132316945	1	1
chrX	133442761	133442851	0.7813	0	0	1	DEL	DEL	STRUCTURAL_VARIANT	0	0	133442761	133442761	0	1
chrX	133442852	142639564	1.7945	2306	0.5625	0.5616	DEL	DUP	BAF_WEIGHTED	7945	0.3961	133442852	133442852	1	1
chrX	142639565	142643724	2.3807	2	0.8083	0.9042	DUP	DUP	BAF_WEIGHTED	3	0.3307	142639565	142639565	0	2
chrX	142643725	142857823	1.6249	152	0.5583	0.5703	DUP	BND	BAF_WEIGHTED	199	0.3638	142643725	142643725	1	1
chrX	142857824	142857841	0.8353	0	0	1	BND	BND	STRUCTURAL_VARIANT	0	0	142857824	142857824	0	1
chrX	142857842	154466634	1.7374	3279	0.5611	0.5624	BND	DEL	BAF_WEIGHTED	9821	0.4024	142857842	142857842	1	1
chrX	154466635	154466772	1.3223	0	0	0.5749	DEL	DEL	STRUCTURAL_VARIANT	0	0	154466635	154466635	1	1
chrX	154466773	154809400	1.9815	10	0.5803	0.6103	DEL	BND	BAF_WEIGHTED	222	0.4701	154466773	154466773	1	1
chrX	154809401	156040895	3.0387	466	0.6536	0.691	BND	TELOMERE	BAF_WEIGHTED	907	0.3829	154809401	154809401	1	2
