chromosome	start	end	copyNumber	bafCount	observedBAF	baf	segmentStartSupport	segmentEndSupport	method	depthWindowCount	gcContent	minStart	maxStart	minor_cn	major_cn
chr1	1	1713676	3.1026	778	0.9672	0.997	TELOMERE	DUP	BAF_WEIGHTED	300	0.5978	1	1	0	3
chr1	1713677	1715313	5.2382	0	0	0.9982	DUP	SGL	STRUCTURAL_VARIANT	0	0	1713677	1713677	0	5
chr1	1715314	1715465	8.1623	0	0	0.9988	SGL	BND	STRUCTURAL_VARIANT	0	0	1715314	1715314	0	8
chr1	1715466	1718922	6.1412	2	0.9728	0.988	BND	DUP	BAF_WEIGHTED	1	0.468	1715466	1715466	0	6
chr1	1718923	12393083	2.8874	6781	0.9645	0.9961	DUP	DUP	BAF_WEIGHTED	9056	0.4949	1718923	1718923	0	3
chr1	12393084	12410051	3.8501	0	0	0.9971	DUP	DUP	BAF_WEIGHTED	16	0.4203	12393084	12393084	0	4
chr1	12410052	15323000	2.8032	1663	0.9665	0.9994	DUP	NONE	BAF_WEIGHTED	2231	0.4574	12410052	12410052	0	3
chr1	15323001	23240232	2.4265	4685	0.9624	1.0002	NONE	SGL	BAF_WEIGHTED	6929	0.4853	15323001	15323001	0	2
chr1	23240233	23240250	1.7874	0	0	1.0003	SGL	SGL	STRUCTURAL_VARIANT	0	0	23240233	23240233	0	2
chr1	23240251	23346304	2.4996	32	0.9587	0.9951	SGL	DEL	BAF_WEIGHTED	101	0.4126	23240251	23240251	0	2
chr1	23346305	23346358	1.6827	0	0	0.9899	DEL	DEL	STRUCTURAL_VARIANT	0	0	23346305	23346305	0	2
chr1	23346359	24311466	2.3527	594	0.9546	0.9928	DEL	DUP	BAF_WEIGHTED	912	0.477	23346359	23346359	0	2
chr1	24311467	25431335	3.399	530	0.9715	0.9989	DUP	DEL	BAF_WEIGHTED	933	0.468	24311467	24311467	0	3
chr1	25431336	25432090	2.299	0	0	0.9978	DEL	DEL	STRUCTURAL_VARIANT	0	0	25431336	25431336	0	2
chr1	25432091	28251168	3.3395	1208	0.9706	0.9985	DEL	DUP	BAF_WEIGHTED	2625	0.4796	25432091	25432091	0	3
chr1	28251169	28256958	5.6175	10	0.9841	1.0011	DUP	DUP	BAF_WEIGHTED	4	0.4705	28251169	28251169	0	6
chr1	28256959	35387467	3.4269	3281	0.9721	0.9991	DUP	DEL	BAF_WEIGHTED	6737	0.4643	28256959	28256959	0	3
chr1	35387468	35387779	2.3367	0	0	0.9987	DEL	DEL	STRUCTURAL_VARIANT	0	0	35387468	35387468	0	2
chr1	35387780	36164135	3.3925	157	0.9692	0.9966	DEL	DEL	BAF_WEIGHTED	747	0.4393	35387780	35387780	0	3
chr1	36164136	36164169	2.9255	0	0	0.9987	DEL	DEL	STRUCTURAL_VARIANT	0	0	36164136	36164136	0	3
chr1	36164170	38898000	3.4863	1327	0.972	0.9989	DEL	NONE	BAF_WEIGHTED	2600	0.4718	36164170	36164170	0	3
chr1	38898001	45031040	4.3095	2448	0.7538	0.7654	NONE	DEL	BAF_WEIGHTED	5770	0.4547	38898001	38898001	1	3
chr1	45031041	45031086	3.7656	0	0	0.7316	DEL	DEL	STRUCTURAL_VARIANT	0	0	45031041	45031041	1	3
chr1	45031087	45543934	4.4259	163	0.75	0.7612	DEL	DEL	BAF_WEIGHTED	465	0.4254	45031087	45031087	1	3
chr1	45543935	45543982	3.7289	0	0	0.7165	DEL	DEL	STRUCTURAL_VARIANT	0	0	45543935	45543935	1	3
chr1	45543983	46326144	4.3523	50	0.741	0.752	DEL	BND	BAF_WEIGHTED	734	0.4344	45543983	45543983	1	3
chr1	46326145	46348472	4.8875	1	0.8481	0.8622	BND	BND	BAF_WEIGHTED	16	0.4774	46326145	46326145	1	4
chr1	46348473	49117367	4.0122	1257	0.7335	0.745	BND	DEL	BAF_WEIGHTED	2395	0.4436	46348473	46348473	1	3
chr1	49117368	49127354	2.7373	3	0.9608	0.9941	DEL	DEL	BAF_WEIGHTED	7	0.3939	49117368	49117368	0	3
chr1	49127355	49969637	4.0815	190	0.7305	0.7417	DEL	DUP	BAF_WEIGHTED	750	0.3695	49127355	49127355	1	3
chr1	49969638	49977307	6.7585	0	0	0.556	DUP	DUP	BAF_WEIGHTED	7	0.3503	49969638	49969638	3	4
chr1	49977308	52404673	4.0239	553	0.7342	0.7457	DUP	DUP	BAF_WEIGHTED	2320	0.4082	49977308	49977308	1	3
chr1	52404674	52431884	4.8497	2	0.6477	0.6537	DUP	DUP	BAF_WEIGHTED	25	0.3988	52404674	52404674	2	3
chr1	52431885	56697626	3.9838	2457	0.7378	0.7496	DUP	DEL	BAF_WEIGHTED	4039	0.4439	52431885	52431885	1	3
chr1	56697627	56697791	2.2621	0	0	0.5551	DEL	DEL	STRUCTURAL_VARIANT	0	0	56697627	56697627	1	1
chr1	56697792	62417534	3.9546	2679	0.7338	0.7455	DEL	BND	BAF_WEIGHTED	5442	0.4049	56697792	56697792	1	3
chr1	62417535	62446465	4.3582	15	0.7593	0.7711	BND	BND	BAF_WEIGHTED	26	0.4172	62417535	62417535	1	3
chr1	62446466	62562275	4.0499	89	0.7397	0.7514	BND	DUP	BAF_WEIGHTED	113	0.3618	62446466	62446466	1	3
chr1	62562276	62576903	5.2978	10	0.8108	0.8224	DUP	DUP	BAF_WEIGHTED	11	0.3842	62562276	62562276	1	4
chr1	62576904	66164534	3.9799	1976	0.7363	0.748	DUP	DEL	BAF_WEIGHTED	3392	0.3963	62576904	62576904	1	3
chr1	66164535	66164615	2.6476	0	0	0.6212	DEL	DEL	STRUCTURAL_VARIANT	0	0	66164535	66164535	1	2
chr1	66164616	67410925	3.9459	787	0.733	0.7448	DEL	DUP	BAF_WEIGHTED	1149	0.385	66164616	66164616	1	3
chr1	67410926	67410967	4.7528	0	0	0.7875	DUP	DEL	STRUCTURAL_VARIANT	0	0	67410926	67410926	1	4
chr1	67410968	67410981	3.5373	0	0	0.7145	DEL	DEL	STRUCTURAL_VARIANT	0	0	67410968	67410968	1	3
chr1	67410982	67411025	4.7485	0	0	0.7873	DEL	DUP	STRUCTURAL_VARIANT	0	0	67410982	67410982	1	4
chr1	67411026	69409011	3.9416	834	0.7321	0.7437	DUP	DEL	BAF_WEIGHTED	1886	0.3909	67411026	67411026	1	3
chr1	69409012	69409084	3.0924	0	0	0.6796	DEL	DEL	STRUCTURAL_VARIANT	0	0	69409012	69409012	1	2
chr1	69409085	72918128	3.8884	1652	0.7333	0.7452	DEL	DEL	BAF_WEIGHTED	3344	0.3594	69409085	69409085	1	3
chr1	72918129	72918224	3.1282	0	0	0.6832	DEL	DEL	STRUCTURAL_VARIANT	0	0	72918129	72918129	1	2
chr1	72918225	75754668	3.9271	1279	0.7347	0.7465	DEL	DUP	BAF_WEIGHTED	2636	0.36	72918225	72918225	1	3
chr1	75754669	75760056	6.031	7	0.822	0.8326	DUP	DUP	BAF_WEIGHTED	2	0.4615	75754669	75754669	1	5
chr1	75760057	77514594	3.9976	1022	0.7358	0.7475	DUP	DEL	BAF_WEIGHTED	1656	0.3834	75760057	75760057	1	3
chr1	77514595	77514756	1.3833	0	0	0.7298	DEL	DEL	STRUCTURAL_VARIANT	0	0	77514595	77514595	0	1
chr1	77514757	78781831	4.0084	260	0.7383	0.7501	DEL	DEL	BAF_WEIGHTED	1193	0.3821	77514757	77514757	1	3
chr1	78781832	78781878	3.35	0	0	0.7027	DEL	DEL	STRUCTURAL_VARIANT	0	0	78781832	78781832	1	2
chr1	78781879	79847541	3.9816	617	0.738	0.7499	DEL	DEL	BAF_WEIGHTED	991	0.351	78781879	78781879	1	3
chr1	79847542	79847587	2.9005	0	0	0.6566	DEL	DEL	STRUCTURAL_VARIANT	0	0	79847542	79847542	1	2
chr1	79847588	80606210	4.0037	247	0.7467	0.7589	DEL	DEL	BAF_WEIGHTED	705	0.35	79847588	79847588	1	3
chr1	80606211	80606250	3.3126	0	0	0.6991	DEL	DEL	STRUCTURAL_VARIANT	0	0	80606211	80606211	1	2
chr1	80606251	82919061	3.9416	1257	0.7353	0.7471	DEL	DEL	BAF_WEIGHTED	2232	0.3613	80606251	80606251	1	3
chr1	82919062	82921001	2.498	0	0	0.5946	DEL	DEL	BAF_WEIGHTED	1	0.381	82919062	82919062	1	1
chr1	82921002	88410924	3.9703	2961	0.7333	0.7449	DEL	DEL	BAF_WEIGHTED	4806	0.3837	82921002	82921002	1	3
chr1	88410925	88413970	1.0181	0	0	0.9947	DEL	DEL	BAF_WEIGHTED	2	0.346	88410925	88410925	0	1
chr1	88413971	89596440	4.0456	410	0.7358	0.7474	DEL	BND	BAF_WEIGHTED	1080	0.383	88413971	88413971	1	3
chr1	89596441	95145648	4.011	2807	0.7345	0.7462	BND	DUP	BAF_WEIGHTED	5189	0.4023	89596441	89596441	1	3
chr1	95145649	101159123	2.9817	2297	0.6585	0.669	DUP	DEL	BAF_WEIGHTED	5690	0.3688	95145649	95145649	1	2
chr1	101159124	101159160	2.1173	0	0	0.5267	DEL	DEL	STRUCTURAL_VARIANT	0	0	101159124	101159124	1	1
chr1	101159161	105732382	2.9891	3058	0.6545	0.6647	DEL	DEL	BAF_WEIGHTED	4100	0.3492	101159161	101159161	1	2
chr1	105732383	105732437	1.8903	0	0	0.5315	DEL	DEL	STRUCTURAL_VARIANT	0	0	105732383	105732383	1	1
chr1	105732438	123605522	3.0129	7161	0.6563	0.6665	DEL	CENTROMERE	BAF_WEIGHTED	13114	0.4086	105732438	105732438	1	2
chr1	123605523	124069005	2.9084	0	0	0.9326	CENTROMERE	BND	STRUCTURAL_VARIANT	0	0	123605523	123605523	0	3
chr1	124069006	124402420	3.4992	0	0	0.7751	BND	BND	STRUCTURAL_VARIANT	0	0	124069006	124069006	1	3
chr1	124402421	143546408	4.8143	1	0.5373	0.5634	BND	DEL	BAF_WEIGHTED	93	0.3785	124402421	124402421	2	3
chr1	143546409	143549716	3.4002	1	0.8222	0.8409	DEL	DEL	BAF_WEIGHTED	2	0.4645	143546409	143546409	1	3
chr1	143549717	147050678	3.8973	531	0.7293	0.7405	DEL	BND	BAF_WEIGHTED	445	0.4464	143549717	143549717	1	3
chr1	147050679	150624909	4.0463	647	0.7313	0.7426	BND	DUP	BAF_WEIGHTED	1565	0.4287	147050679	147050679	1	3
chr1	150624910	150896417	5.0385	0	0	0.7933	DUP	DEL	BAF_WEIGHTED	248	0.4078	150624910	150624910	1	4
chr1	150896418	150896461	2.1025	0	0	0.5046	DEL	DEL	STRUCTURAL_VARIANT	0	0	150896418	150896418	1	1
chr1	150896462	151230320	4.9742	0	0	0.7906	DEL	DUP	BAF_WEIGHTED	322	0.4715	150896462	150896462	1	4
chr1	151230321	151240135	8.3543	0	0	0.8753	DUP	DUP	BAF_WEIGHTED	8	0.4526	151230321	151230321	1	7
chr1	151240136	151395263	4.9982	41	0.8	0.8118	DUP	DEL	BAF_WEIGHTED	147	0.4792	151240136	151240136	1	4
chr1	151395264	151395443	1.1563	0	0	0.8373	DEL	DEL	STRUCTURAL_VARIANT	0	0	151395264	151395264	0	1
chr1	151395444	151892837	4.8462	282	0.7884	0.8002	DEL	DEL	BAF_WEIGHTED	476	0.4503	151395444	151395444	1	4
chr1	151892838	151892902	3.9016	0	0	0.7519	DEL	DEL	STRUCTURAL_VARIANT	0	0	151892838	151892838	1	3
chr1	151892903	152054000	4.6498	156	0.7874	0.7997	DEL	NONE	BAF_WEIGHTED	157	0.4285	151892903	151892903	1	4
chr1	152054001	152342532	5.3043	258	0.7865	0.7972	NONE	DEL	BAF_WEIGHTED	226	0.3931	152054001	152054001	1	4
chr1	152342533	152342564	3.7782	0	0	1	DEL	DEL	STRUCTURAL_VARIANT	0	0	152342533	152342533	0	4
chr1	152342565	152728715	5.2475	297	0.7925	0.8035	DEL	DUP	BAF_WEIGHTED	342	0.4148	152342565	152342565	1	4
chr1	152728716	152741025	5.9932	4	0.6937	0.7001	DUP	DUP	BAF_WEIGHTED	12	0.4103	152728716	152728716	2	4
chr1	152741026	153555387	5.1783	595	0.7892	0.8002	DUP	DUP	BAF_WEIGHTED	702	0.4269	152741026	152741026	1	4
chr1	153555388	157421489	4.0097	1580	0.731	0.7424	DUP	DUP	BAF_WEIGHTED	3470	0.4768	153555388	153555388	1	3
chr1	157421490	157421736	4.7759	0	0	0.7902	DUP	DUP	STRUCTURAL_VARIANT	0	0	157421490	157421490	1	4
chr1	157421737	161422209	4.0405	2281	0.7403	0.752	DUP	BND	BAF_WEIGHTED	3650	0.4187	157421737	157421737	1	3
chr1	161422210	161422227	3.1106	0	0	0.6779	BND	BND	STRUCTURAL_VARIANT	0	0	161422210	161422210	1	2
chr1	161422228	163071575	3.8691	807	0.7419	0.7543	BND	DEL	BAF_WEIGHTED	1346	0.4096	161422228	161422228	1	3
chr1	163071576	163071621	3.3804	0	0	0.7188	DEL	DEL	STRUCTURAL_VARIANT	0	0	163071576	163071576	1	2
chr1	163071622	163234826	4.0494	130	0.7299	0.7412	DEL	DUP	BAF_WEIGHTED	156	0.3775	163071622	163071622	1	3
chr1	163234827	163330676	5.8032	96	0.8155	0.8262	DUP	DUP	BAF_WEIGHTED	89	0.3776	163234827	163234827	1	5
chr1	163330677	167484505	3.9619	2488	0.7351	0.7468	DUP	DEL	BAF_WEIGHTED	3884	0.4016	163330677	163330677	1	3
chr1	167484506	167484539	2.4147	0	0	0.5846	DEL	DEL	STRUCTURAL_VARIANT	0	0	167484506	167484506	1	1
chr1	167484540	169049247	3.9443	951	0.7385	0.7505	DEL	DEL	BAF_WEIGHTED	1484	0.4106	167484540	167484540	1	3
chr1	169049248	169049319	1.031	0	0	0.9656	DEL	DEL	STRUCTURAL_VARIANT	0	0	169049248	169049248	0	1
chr1	169049320	173409354	3.9682	2194	0.7373	0.7491	DEL	DEL	BAF_WEIGHTED	4045	0.3835	169049320	169049320	1	3
chr1	173409355	173410213	2.8413	0	0	1	DEL	DEL	STRUCTURAL_VARIANT	0	0	173409355	173409355	0	3
chr1	173410214	179230969	3.8673	2582	0.7339	0.7458	DEL	DUP	BAF_WEIGHTED	5440	0.4019	173410214	173410214	1	3
chr1	179230970	181246366	4.9848	1349	0.5949	0.5987	DUP	DEL	BAF_WEIGHTED	1886	0.4144	179230970	179230970	2	3
chr1	181246367	181246421	4.4634	0	0	0.6686	DEL	DEL	STRUCTURAL_VARIANT	0	0	181246367	181246367	1	3
chr1	181246422	183523588	4.8881	1330	0.591	0.5947	DEL	DEL	BAF_WEIGHTED	2187	0.4206	181246422	181246422	2	3
chr1	183523589	183523635	3.1846	0	0	0.9129	DEL	DEL	STRUCTURAL_VARIANT	0	0	183523589	183523589	0	3
chr1	183523636	184673946	4.8679	701	0.5904	0.5941	DEL	DUP	BAF_WEIGHTED	1097	0.4036	183523636	183523636	2	3
chr1	184673947	186295824	5.904	564	0.5385	0.5082	DUP	DEL	BAF_WEIGHTED	1512	0.3774	184673947	184673947	3	3
chr1	186295825	186295860	5.3063	0	0	0.5654	DEL	DEL	STRUCTURAL_VARIANT	0	0	186295825	186295825	2	3
chr1	186295861	186705414	5.8862	123	0.5431	0.5097	DEL	DEL	BAF_WEIGHTED	387	0.3645	186295861	186295861	3	3
chr1	186705415	186705447	3.9145	0	0	0.7577	DEL	DEL	STRUCTURAL_VARIANT	0	0	186705415	186705415	1	3
chr1	186705448	186789711	6.0085	0	0	0.5064	DEL	DUP	BAF_WEIGHTED	80	0.3727	186705448	186705448	3	3
chr1	186789712	187218926	4.9179	130	0.599	0.6031	DUP	DEL	BAF_WEIGHTED	404	0.3575	186789712	186789712	2	3
chr1	187218927	187222017	4.3633	0	0	0.6797	DEL	DEL	BAF_WEIGHTED	3	0.3153	187218927	187218927	1	3
chr1	187222018	187299989	4.9028	16	0.5926	0.5963	DEL	DEL	BAF_WEIGHTED	76	0.349	187222018	187222018	2	3
chr1	187299990	187303668	4.1272	0	0	0.7015	DEL	DEL	BAF_WEIGHTED	3	0.3533	187299990	187299990	1	3
chr1	187303669	187471988	4.8958	64	0.5878	0.5914	DEL	DEL	BAF_WEIGHTED	156	0.355	187303669	187303669	2	3
chr1	187471989	187489153	3.8789	1	0.6393	0.6464	DEL	DEL	BAF_WEIGHTED	17	0.3712	187471989	187471989	1	3
chr1	187489154	188902973	4.8706	1093	0.5926	0.5963	DEL	BND	BAF_WEIGHTED	1328	0.3453	187489154	187489154	2	3
chr1	188902974	188902990	4.1389	0	0	0.6994	BND	BND	STRUCTURAL_VARIANT	0	0	188902974	188902974	1	3
chr1	188902991	192064001	4.858	1407	0.5921	0.5959	BND	BND	BAF_WEIGHTED	3030	0.3376	188902991	188902991	2	3
chr1	192064002	192211039	3.914	3	0.5333	0.511	BND	DUP	BAF_WEIGHTED	141	0.3485	192064002	192064002	2	2
chr1	192211040	192712294	4.8508	342	0.5819	0.5853	DUP	DUP	BAF_WEIGHTED	465	0.3549	192211040	192211040	2	3
chr1	192712295	198197263	3.9148	2861	0.5487	0.5111	DUP	DUP	BAF_WEIGHTED	5071	0.3529	192712295	192712295	2	2
chr1	198197264	198219773	4.0509	13	0.5902	0.5946	DUP	DUP	BAF_WEIGHTED	21	0.3826	198197264	198197264	2	2
chr1	198219774	200839545	3.9699	1438	0.5488	0.5053	DUP	DEL	BAF_WEIGHTED	2527	0.3769	198219774	198219774	2	2
chr1	200839546	200839588	3.2465	0	0	0.6179	DEL	DEL	STRUCTURAL_VARIANT	0	0	200839546	200839546	1	2
chr1	200839589	201266000	4.0399	225	0.541	0.5049	DEL	NONE	BAF_WEIGHTED	388	0.4949	200839589	200839589	2	2
chr1	201266001	201313000	3.111	24	0.5535	0.5634	NONE	NONE	BAF_WEIGHTED	43	0.5063	201266001	201266001	1	2
chr1	201313001	202862398	3.9443	538	0.5472	0.5071	NONE	DEL	BAF_WEIGHTED	1268	0.4803	201313001	201313001	2	2
chr1	202862399	202862446	3.4606	0	0	0.5779	DEL	DEL	STRUCTURAL_VARIANT	0	0	202862399	202862399	1	2
chr1	202862447	204691384	3.9022	924	0.5492	0.5125	DEL	DEL	BAF_WEIGHTED	1751	0.4688	202862447	202862447	2	2
chr1	204691385	204691416	3.4127	0	0	0.5876	DEL	DEL	STRUCTURAL_VARIANT	0	0	204691385	204691385	1	2
chr1	204691417	208068886	3.8859	1591	0.5464	0.5161	DEL	BND	BAF_WEIGHTED	2876	0.4489	204691417	204691417	2	2
chr1	208068887	208068898	3.3544	0	0	0.6016	BND	BND	STRUCTURAL_VARIANT	0	0	208068887	208068887	1	2
chr1	208068899	212858189	3.9622	1956	0.5457	0.5094	BND	DEL	BAF_WEIGHTED	4532	0.4199	208068899	208068899	2	2
chr1	212858190	212858228	2.8692	0	0	0.6775	DEL	DEL	STRUCTURAL_VARIANT	0	0	212858190	212858190	1	2
chr1	212858229	213259657	3.9692	116	0.5488	0.5039	DEL	BND	BAF_WEIGHTED	371	0.3979	212858229	212858229	2	2
chr1	213259658	213259797	4.4116	0	0	0.5619	BND	BND	STRUCTURAL_VARIANT	0	0	213259658	213259658	2	2
chr1	213259798	214884567	4.0052	883	0.5492	0.5175	BND	DUP	BAF_WEIGHTED	1569	0.4096	213259798	213259798	2	2
chr1	214884568	214891758	5.1182	10	0.6177	0.6222	DUP	DUP	BAF_WEIGHTED	6	0.3673	214884568	214884568	2	3
chr1	214891759	214996225	4.0158	63	0.5366	0.502	DUP	DUP	BAF_WEIGHTED	101	0.3808	214891759	214891759	2	2
chr1	214996226	215002498	5.742	3	0.6444	0.6494	DUP	DUP	BAF_WEIGHTED	5	0.4006	214996226	214996226	2	4
chr1	215002499	218114412	3.9184	1519	0.5466	0.5102	DUP	DUP	BAF_WEIGHTED	3003	0.3696	215002499	215002499	2	2
chr1	218114413	222942997	2.9251	2294	0.6591	0.6698	DUP	BND	BAF_WEIGHTED	4536	0.3903	218114413	218114413	1	2
chr1	222942998	224273265	3.9498	737	0.5474	0.5107	BND	DEL	BAF_WEIGHTED	1037	0.4426	222942998	222942998	2	2
chr1	224273266	224273369	3.1817	0	0	0.6162	DEL	DEL	STRUCTURAL_VARIANT	0	0	224273266	224273266	1	2
chr1	224273370	227987264	4.0224	2410	0.5484	0.5126	DEL	DUP	BAF_WEIGHTED	3409	0.4325	224273370	224273370	2	2
chr1	227987265	227990144	7.0454	1	0.617	0.6203	DUP	DUP	BAF_WEIGHTED	2	0.327	227987265	227987265	3	4
chr1	227990145	228813380	3.9571	278	0.5454	0.5104	DUP	DEL	BAF_WEIGHTED	588	0.5	227990145	227990145	2	2
chr1	228813381	228813414	3.205	0	0	0.5977	DEL	DEL	STRUCTURAL_VARIANT	0	0	228813381	228813381	1	2
chr1	228813415	230892589	3.9156	1228	0.5467	0.5108	DEL	DUP	BAF_WEIGHTED	2001	0.4432	228813415	228813415	2	2
chr1	230892590	230897762	4.3308	1	0.5942	0.5985	DUP	DUP	BAF_WEIGHTED	4	0.4485	230892590	230892590	2	3
chr1	230897763	234364176	3.9604	2142	0.5469	0.505	DUP	DEL	BAF_WEIGHTED	3304	0.4148	230897763	230897763	2	2
chr1	234364177	234364358	2.9908	0	0	0.6555	DEL	DEL	STRUCTURAL_VARIANT	0	0	234364177	234364177	1	2
chr1	234364359	234517805	3.9196	122	0.5496	0.5103	DEL	DUP	BAF_WEIGHTED	148	0.4163	234364359	234364359	2	2
chr1	234517806	234541448	5.046	16	0.6557	0.6618	DUP	DUP	BAF_WEIGHTED	23	0.4537	234517806	234517806	2	3
chr1	234541449	235150657	3.8391	413	0.5504	0.5216	DUP	DUP	BAF_WEIGHTED	556	0.4568	234541449	234541449	2	2
chr1	235150658	235201903	5.0252	1	0.5765	0.5795	DUP	DUP	BAF_WEIGHTED	50	0.4077	235150658	235150658	2	3
chr1	235201904	239284602	3.894	2950	0.5461	0.5135	DUP	DEL	BAF_WEIGHTED	3948	0.3969	235201904	235201904	2	2
chr1	239284603	239284641	3.1096	0	0	0.5887	DEL	DEL	STRUCTURAL_VARIANT	0	0	239284603	239284603	1	2
chr1	239284642	244118322	3.8326	3063	0.5484	0.5223	DEL	DEL	BAF_WEIGHTED	4200	0.3965	239284642	239284642	2	2
chr1	244118323	244118430	2.9927	0	0	0.6117	DEL	DEL	STRUCTURAL_VARIANT	0	0	244118323	244118323	1	2
chr1	244118431	246073691	3.8984	1468	0.5471	0.5141	DEL	DEL	BAF_WEIGHTED	1859	0.4307	244118431	244118431	2	2
chr1	246073692	246073798	2.2858	0	0	0.8288	DEL	DEL	STRUCTURAL_VARIANT	0	0	246073692	246073692	0	2
chr1	246073799	246080993	3.6686	15	0.5273	0.5452	DEL	DEL	BAF_WEIGHTED	6	0.3567	246073799	246073799	2	2
chr1	246080994	246081028	2.8784	0	0	0.679	DEL	DEL	STRUCTURAL_VARIANT	0	0	246080994	246080994	1	2
chr1	246081029	248956422	4.0874	2429	0.5526	0.5219	DEL	TELOMERE	BAF_WEIGHTED	2269	0.4056	246081029	246081029	2	2
chr2	1	1410000	4.398	1012	0.687	0.6954	TELOMERE	NONE	BAF_WEIGHTED	1258	0.4336	1	1	1	3
chr2	1410001	1923401	3.4761	408	0.6122	0.6186	NONE	DEL	BAF_WEIGHTED	441	0.4954	1410001	1410001	1	2
chr2	1923402	1923585	2.4771	0	0	0.8681	DEL	DEL	STRUCTURAL_VARIANT	0	0	1923402	1923402	0	2
chr2	1923586	2046075	3.4252	52	0.6055	0.6115	DEL	SGL	BAF_WEIGHTED	114	0.4512	1923586	1923586	1	2
chr2	2046076	2046091	4.3746	0	0	0.7074	SGL	SGL	STRUCTURAL_VARIANT	0	0	2046076	2046076	1	3
chr2	2046092	2262826	3.4372	89	0.6207	0.6276	SGL	DEL	BAF_WEIGHTED	199	0.4216	2046092	2046092	1	2
chr2	2262827	6303956	3.2439	2819	0.5973	0.6032	DEL	DEL	BAF_WEIGHTED	3798	0.4208	2262827	2262827	1	2
chr2	6303957	7735500	3.3622	809	0.6078	0.6141	DEL	DEL	BAF_WEIGHTED	1404	0.4075	6303957	6303957	1	2
chr2	7735501	7735936	2.5136	0	0	0.7979	DEL	DEL	STRUCTURAL_VARIANT	0	0	7735501	7735501	1	2
chr2	7735937	20814356	3.3337	8571	0.596	0.6017	DEL	DEL	BAF_WEIGHTED	12328	0.4182	7735937	7735937	1	2
chr2	20814357	20814744	1.737	0	0	1	DEL	DEL	STRUCTURAL_VARIANT	0	0	20814357	20814357	0	2
chr2	20814745	21604811	3.4902	318	0.5886	0.5936	DEL	BND	BAF_WEIGHTED	740	0.4016	20814745	20814745	1	2
chr2	21604812	21605068	4.636	0	0	0.5642	BND	BND	STRUCTURAL_VARIANT	0	0	21604812	21604812	2	3
chr2	21605069	23662827	3.3593	977	0.5958	0.6015	BND	DUP	BAF_WEIGHTED	1990	0.4022	21605069	21605069	1	2
chr2	23662828	24086196	4.3194	363	0.5524	0.5375	DUP	BND	BAF_WEIGHTED	394	0.4283	23662828	23662828	2	2
chr2	24086197	25123777	5.3847	380	0.5658	0.5683	BND	BND	BAF_WEIGHTED	992	0.4229	24086197	24086197	2	3
chr2	25123778	25247057	7.7362	86	0.6758	0.6803	BND	BND	BAF_WEIGHTED	114	0.4995	25123778	25123778	2	5
chr2	25247058	25259424	7.8911	1	0.6645	0.6686	BND	BND	BAF_WEIGHTED	9	0.535	25247058	25247058	3	5
chr2	25259425	25295520	7.6348	17	0.6767	0.6812	BND	BND	BAF_WEIGHTED	32	0.5198	25259425	25259425	2	5
chr2	25295521	25926736	5.3387	233	0.5638	0.5662	BND	DUP	BAF_WEIGHTED	600	0.43	25295521	25295521	2	3
chr2	25926737	26261518	4.3514	114	0.6769	0.685	DUP	DUP	BAF_WEIGHTED	321	0.4461	25926737	25926737	1	3
chr2	26261519	26425615	6.2529	74	0.774	0.7827	DUP	DUP	BAF_WEIGHTED	158	0.4207	26261519	26261519	1	5
chr2	26425616	27275458	4.4987	448	0.6831	0.6911	DUP	DUP	BAF_WEIGHTED	795	0.4923	26425616	26425616	1	3
chr2	27275459	27280279	5.3681	0	0	0.7461	DUP	DUP	BAF_WEIGHTED	4	0.4833	27275459	27275459	1	4
chr2	27280280	30617786	4.3721	1719	0.6801	0.6882	DUP	BND	BAF_WEIGHTED	3235	0.4325	27280280	27280280	1	3
chr2	30617787	30682095	3.2687	65	0.5964	0.6022	BND	BND	BAF_WEIGHTED	62	0.4209	30617787	30617787	1	2
chr2	30682096	30682281	5.49	0	0	0.7539	BND	INV	STRUCTURAL_VARIANT	0	0	30682096	30682096	1	4
chr2	30682282	31023122	4.3593	179	0.6818	0.69	INV	BND	BAF_WEIGHTED	318	0.4586	30682282	30682282	1	3
chr2	31023123	31025502	3.4011	4	0.588	0.5932	BND	BND	BAF_WEIGHTED	1	0.518	31023123	31023123	1	2
chr2	31025503	31084331	4.4243	29	0.6806	0.6887	BND	BND	BAF_WEIGHTED	58	0.4565	31025503	31025503	1	3
chr2	31084332	31279867	3.3649	201	0.5909	0.5962	BND	BND	BAF_WEIGHTED	187	0.4509	31084332	31084332	1	2
chr2	31279868	31288287	4.5353	18	0.6799	0.6877	BND	BND	BAF_WEIGHTED	8	0.4456	31279868	31279868	1	3
chr2	31288288	31288361	5.119	0	0	0.7095	BND	DEL	STRUCTURAL_VARIANT	0	0	31288288	31288288	1	4
chr2	31288362	31289469	4.0885	0	0	0.6362	DEL	BND	STRUCTURAL_VARIANT	0	0	31288362	31288362	1	3
chr2	31289470	31568454	3.4472	144	0.5648	0.5686	BND	DUP	BAF_WEIGHTED	262	0.4134	31289470	31289470	1	2
chr2	31568455	31587579	5.7021	3	0.6883	0.6948	DUP	DEL	BAF_WEIGHTED	15	0.426	31568455	31568455	2	4
chr2	31587580	31593209	3.3492	2	0.5746	0.5795	DEL	DUP	BAF_WEIGHTED	3	0.435	31587580	31587580	1	2
chr2	31593210	32206773	5.697	201	0.7156	0.7231	DUP	DUP	BAF_WEIGHTED	562	0.394	31593210	31593210	2	4
chr2	32206774	32646335	3.3637	101	0.6066	0.6129	DUP	BND	BAF_WEIGHTED	426	0.3939	32206774	32206774	1	2
chr2	32646336	33192871	5.428	262	0.7412	0.7499	BND	BND	BAF_WEIGHTED	511	0.405	32646336	32646336	1	4
chr2	33192872	33427653	4.3215	163	0.6753	0.6833	BND	DEL	BAF_WEIGHTED	223	0.4002	33192872	33192872	1	3
chr2	33427654	33428585	3.6647	0	0	0.6317	DEL	DEL	STRUCTURAL_VARIANT	0	0	33427654	33427654	1	2
chr2	33428586	34058754	5.4168	516	0.7421	0.7508	DEL	BND	BAF_WEIGHTED	602	0.3984	33428586	33428586	1	4
chr2	34058755	34162947	3.3763	68	0.5857	0.5907	BND	BND	BAF_WEIGHTED	96	0.3752	34058755	34058755	1	2
chr2	34162948	34842860	5.2839	389	0.7381	0.747	BND	DUP	BAF_WEIGHTED	616	0.3671	34162948	34162948	1	4
chr2	34842861	35283020	4.3402	325	0.6818	0.6901	DUP	DEL	BAF_WEIGHTED	414	0.3445	34842861	34842861	1	3
chr2	35283021	35374694	3.3283	108	0.5936	0.5992	DEL	BND	BAF_WEIGHTED	83	0.3568	35283021	35283021	1	2
chr2	35374695	35374984	4.063	0	0	0.678	BND	DUP	STRUCTURAL_VARIANT	0	0	35374695	35374695	1	3
chr2	35374985	36474497	5.2236	871	0.7405	0.7496	DUP	INV	BAF_WEIGHTED	1001	0.3713	35374985	35374985	1	4
chr2	36474498	36474509	3.8818	0	0	0.663	INV	BND	STRUCTURAL_VARIANT	0	0	36474498	36474498	1	3
chr2	36474510	36474695	4.3972	0	0	0.7025	BND	INV	STRUCTURAL_VARIANT	0	0	36474510	36474510	1	3
chr2	36474696	36502885	3.0554	26	0.5956	0.6016	INV	INV	BAF_WEIGHTED	27	0.386	36474696	36474696	1	2
chr2	36502886	36504470	3.5377	1	0.6786	0.6886	INV	DUP	BAF_WEIGHTED	1	0.43	36502886	36502886	1	2
chr2	36504471	36646706	5.1832	136	0.7431	0.7524	DUP	INV	BAF_WEIGHTED	134	0.4016	36504471	36504471	1	4
chr2	36646707	36714479	4.1198	73	0.6672	0.675	INV	DUP	BAF_WEIGHTED	66	0.3925	36646707	36646707	1	3
chr2	36714480	36715286	5.6833	0	0	0.7644	DUP	DUP	STRUCTURAL_VARIANT	0	0	36714480	36714480	1	4
chr2	36715287	36725503	4.0726	15	0.6809	0.6897	DUP	BND	BAF_WEIGHTED	9	0.4108	36715287	36715287	1	3
chr2	36725504	36735256	3.2353	7	0.5962	0.6021	BND	DEL	BAF_WEIGHTED	8	0.4308	36725504	36725504	1	2
chr2	36735257	36969701	4.2859	81	0.6842	0.6927	DEL	BND	BAF_WEIGHTED	212	0.4033	36735257	36735257	1	3
chr2	36969702	36970449	3.4953	0	0	0.6072	BND	BND	STRUCTURAL_VARIANT	0	0	36969702	36969702	1	2
chr2	36970450	36970489	4.0881	0	0	0.6641	BND	INV	STRUCTURAL_VARIANT	0	0	36970450	36970450	1	3
chr2	36970490	37019265	3.3363	0	0	0.5884	INV	DEL	BAF_WEIGHTED	48	0.3962	36970490	36970490	1	2
chr2	37019266	37343059	4.321	92	0.6743	0.6822	DEL	BND	BAF_WEIGHTED	317	0.3895	37019266	37019266	1	3
chr2	37343060	37448407	3.0483	59	0.9615	0.9912	BND	BND	BAF_WEIGHTED	97	0.4047	37343060	37343060	0	3
chr2	37448408	37584705	3.8026	73	0.7222	0.7338	BND	DEL	BAF_WEIGHTED	131	0.3894	37448408	37448408	1	3
chr2	37584706	37584747	1.4998	0	0	0.675	DEL	DEL	STRUCTURAL_VARIANT	0	0	37584706	37584706	0	1
chr2	37584748	37638574	3.7681	31	0.7083	0.7192	DEL	DEL	BAF_WEIGHTED	48	0.4034	37584748	37584748	1	3
chr2	37638575	37638673	2.841	0	0	0.6276	DEL	DEL	STRUCTURAL_VARIANT	0	0	37638575	37638575	1	2
chr2	37638674	37688755	3.7633	22	0.7571	0.7706	DEL	INV	BAF_WEIGHTED	47	0.4356	37638674	37638674	1	3
chr2	37688756	37688758	4.5243	0	0	0.7721	INV	DUP	STRUCTURAL_VARIANT	0	0	37688756	37688756	1	3
chr2	37688759	37689457	3.8733	0	0	0.7338	DUP	DUP	STRUCTURAL_VARIANT	0	0	37688759	37688759	1	3
chr2	37689458	37694229	2.9149	0	0	0.6463	DUP	INV	NON_DIPLOID	2	0.412	37689458	37689458	1	2
chr2	37694230	38060563	5.1794	369	0.7899	0.8009	INV	BND	BAF_WEIGHTED	296	0.4034	37694230	37694230	1	4
chr2	38060564	38392228	3.0669	45	0.678	0.6895	BND	INV	BAF_WEIGHTED	305	0.4152	38060564	38060564	1	2
chr2	38392229	38615584	2.7426	162	0.659	0.6707	INV	DEL	BAF_WEIGHTED	213	0.431	38392229	38392229	1	2
chr2	38615585	38615633	3.6373	0	0	0.7517	DEL	BND	STRUCTURAL_VARIANT	0	0	38615585	38615585	1	3
chr2	38615634	38615636	6.076	0	0	0.8514	BND	BND	STRUCTURAL_VARIANT	0	0	38615634	38615634	1	5
chr2	38615637	38668212	5.081	29	0.7872	0.7982	BND	SGL	BAF_WEIGHTED	51	0.4386	38615637	38615637	1	4
chr2	38668213	38727079	3.7736	11	0.9833	1.0097	SGL	INV	BAF_WEIGHTED	55	0.4499	38668213	38668213	0	4
chr2	38727080	38981444	1.9902	135	0.9643	1.0104	INV	BND	BAF_WEIGHTED	247	0.4212	38727080	38727080	0	2
chr2	38981445	39494564	4.206	211	0.98	1.0026	BND	BND	BAF_WEIGHTED	506	0.3852	38981445	38981445	0	4
chr2	39494565	40147731	6.1641	405	0.987	1.0024	BND	DEL	BAF_WEIGHTED	603	0.3947	39494565	39494565	0	6
chr2	40147732	40147777	1.3526	0	0	1.0055	DEL	DEL	STRUCTURAL_VARIANT	0	0	40147732	40147732	0	1
chr2	40147778	41421717	6.368	853	0.9861	1.0012	DEL	DUP	BAF_WEIGHTED	1204	0.358	40147778	40147778	0	6
chr2	41421718	41430969	7.328	9	0.9794	0.9923	DUP	DUP	BAF_WEIGHTED	8	0.3538	41421718	41421718	0	7
chr2	41430970	41981771	6.515	584	0.9836	0.9983	DUP	DUP	BAF_WEIGHTED	527	0.4002	41430970	41430970	0	7
chr2	41981772	41999173	7.5871	8	0.9892	1.002	DUP	DUP	BAF_WEIGHTED	16	0.4684	41981772	41981772	0	8
chr2	41999174	44048653	6.2154	1113	0.9853	1.0008	DUP	DUP	BAF_WEIGHTED	1969	0.4331	41999174	41999174	0	6
chr2	44048654	44054475	6.708	4	0.9839	0.9982	DUP	DUP	BAF_WEIGHTED	5	0.4554	44048654	44048654	0	7
chr2	44054476	47085013	6.2016	1957	0.9829	0.9983	DUP	BND	BAF_WEIGHTED	2925	0.4281	44054476	44054476	0	6
chr2	47085014	47085051	5.4758	0	0	0.9979	BND	BND	STRUCTURAL_VARIANT	0	0	47085014	47085014	0	5
chr2	47085052	53750378	6.2059	4264	0.9827	0.9981	BND	DUP	BAF_WEIGHTED	6353	0.3787	47085052	47085052	0	6
chr2	53750379	53800891	6.6637	30	0.9847	0.999	DUP	DUP	BAF_WEIGHTED	48	0.3973	53750379	53750379	0	7
chr2	53800892	53848604	5.9335	38	0.9821	0.9981	DUP	DUP	BAF_WEIGHTED	47	0.4056	53800892	53800892	0	6
chr2	53848605	53863712	6.5462	4	0.9849	0.9996	DUP	DUP	BAF_WEIGHTED	14	0.4246	53848605	53848605	0	7
chr2	53863713	53867124	5.7015	2	0.989	1.006	DUP	BND	BAF_WEIGHTED	3	0.3737	53863713	53863713	0	6
chr2	53867125	53871240	6.5003	4	0.8604	0.872	BND	BND	BAF_WEIGHTED	3	0.358	53867125	53867125	1	6
chr2	53871241	54146883	8.0056	184	0.7564	0.7627	BND	DEL	BAF_WEIGHTED	267	0.4004	53871241	53871241	2	6
chr2	54146884	54146932	3.0039	0	0	0.6325	DEL	DEL	STRUCTURAL_VARIANT	0	0	54146884	54146884	1	2
chr2	54146933	54477742	8.4259	168	0.7533	0.7593	DEL	DEL	BAF_WEIGHTED	323	0.3957	54146933	54146933	2	6
chr2	54477743	54477784	3.6937	0	0	0.5356	DEL	DEL	STRUCTURAL_VARIANT	0	0	54477743	54477743	2	2
chr2	54477785	54998847	8.2316	332	0.7536	0.7596	DEL	INV	BAF_WEIGHTED	508	0.4143	54477785	54477785	2	6
chr2	54998848	55005027	9.0235	4	0.5855	0.5873	INV	INV	BAF_WEIGHTED	6	0.3493	54998848	54998848	4	5
chr2	55005028	55005498	7.3109	0	0	0.5129	INV	INV	STRUCTURAL_VARIANT	0	0	55005028	55005028	4	4
chr2	55005499	55021041	9.1622	10	0.609	0.6114	INV	INV	BAF_WEIGHTED	15	0.3477	55005499	55005499	4	6
chr2	55021042	55021162	7.6806	0	0	1.0018	INV	INV	STRUCTURAL_VARIANT	0	0	55021042	55021042	0	8
chr2	55021163	57158997	6.199	1347	0.9867	1.0022	INV	DEL	BAF_WEIGHTED	1975	0.3804	55021163	55021163	0	6
chr2	57158998	57159055	4.6442	0	0	0.997	DEL	DEL	STRUCTURAL_VARIANT	0	0	57158998	57158998	0	5
chr2	57159056	60575541	6.1945	1742	0.9824	0.9978	DEL	BND	BAF_WEIGHTED	3212	0.3769	57159056	57159056	0	6
chr2	60575542	60598839	9.0041	0	0	0.9985	BND	INV	BAF_WEIGHTED	22	0.4287	60575542	60575542	0	9
chr2	60598840	60620676	6.1878	17	0.9848	1.0003	INV	INV	BAF_WEIGHTED	21	0.4223	60598840	60598840	0	6
chr2	60620677	60704986	3.367	68	0.9787	1.0068	INV	BND	BAF_WEIGHTED	83	0.4404	60620677	60620677	0	3
chr2	60704987	61032364	4.3336	173	0.9825	1.0045	BND	INV	BAF_WEIGHTED	319	0.4153	60704987	60704987	0	4
chr2	61032365	61034481	6.3608	0	0	0.6844	INV	INV	BAF_WEIGHTED	1	0.366	61032365	61032365	2	4
chr2	61034482	61106569	8.5039	54	0.5358	0.5293	INV	INV	BAF_WEIGHTED	65	0.4036	61034482	61034482	4	5
chr2	61106570	61253347	6.3101	103	0.6731	0.6785	INV	BND	BAF_WEIGHTED	143	0.4049	61106570	61106570	2	4
chr2	61253348	61648160	5.4063	251	0.6265	0.6311	BND	DEL	BAF_WEIGHTED	384	0.4095	61253348	61253348	2	3
chr2	61648161	61902559	3.4185	158	0.9756	1.0031	DEL	DEL	BAF_WEIGHTED	252	0.4246	61648161	61648161	0	3
chr2	61902560	61923558	5.1591	15	0.5882	0.5916	DEL	DUP	BAF_WEIGHTED	20	0.4241	61902560	61902560	2	3
chr2	61923559	62033255	8.1566	65	0.6084	0.611	DUP	BND	BAF_WEIGHTED	105	0.4037	61923559	61923559	3	5
chr2	62033256	62555932	7.2719	261	0.5532	0.5501	BND	BND	BAF_WEIGHTED	507	0.4332	62033256	62033256	3	4
chr2	62555933	62565200	7.9902	0	0	0.5905	BND	BND	BAF_WEIGHTED	8	0.3935	62555933	62555933	3	5
chr2	62565201	62585637	6.9413	7	0.5495	0.5634	BND	BND	BAF_WEIGHTED	15	0.4107	62565201	62565201	3	4
chr2	62585638	62841479	9.1022	30	0.6313	0.6342	BND	BND	BAF_WEIGHTED	217	0.3775	62585638	62585638	3	6
chr2	62841480	63202962	8.118	65	0.7342	0.7399	BND	BND	BAF_WEIGHTED	350	0.3717	62841480	62841480	2	6
chr2	63202963	63223305	9.3799	5	0.7284	0.7332	BND	BND	BAF_WEIGHTED	15	0.376	63202963	63202963	3	7
chr2	63223306	63535502	8.4094	96	0.7461	0.7519	BND	DEL	BAF_WEIGHTED	283	0.3706	63223306	63223306	2	6
chr2	63535503	63535561	6.3751	0	0	0.6903	DEL	DEL	STRUCTURAL_VARIANT	0	0	63535503	63535503	2	4
chr2	63535562	65193064	7.8031	825	0.7409	0.747	DEL	DUP	BAF_WEIGHTED	1577	0.4126	63535562	63535562	2	6
chr2	65193065	65402009	5.1688	104	0.6058	0.6098	DUP	BND	BAF_WEIGHTED	199	0.4243	65193065	65193065	2	3
chr2	65402010	65739056	6.1737	171	0.6562	0.6612	BND	DEL	BAF_WEIGHTED	328	0.4332	65402010	65402010	2	4
chr2	65739057	67564655	2.9744	1046	0.6521	0.6621	DEL	DEL	BAF_WEIGHTED	1690	0.3871	65739057	65739057	1	2
chr2	67564656	67578591	5.9223	10	0.6801	0.6861	DEL	BND	BAF_WEIGHTED	13	0.406	67564656	67564656	2	4
chr2	67578592	67578630	7.5042	0	0	0.7335	BND	BND	STRUCTURAL_VARIANT	0	0	67578592	67578592	2	6
chr2	67578631	68110455	4.2022	374	0.5499	0.5241	BND	BND	BAF_WEIGHTED	502	0.4008	67578631	67578631	2	2
chr2	68110456	69275604	2.9953	456	0.6586	0.6691	BND	BND	BAF_WEIGHTED	1109	0.4027	68110456	68110456	1	2
chr2	69275605	70761577	1.9842	720	0.561	0.5041	BND	DUP	BAF_WEIGHTED	1428	0.4309	69275605	69275605	1	1
chr2	70761578	71223031	3.0247	389	0.6522	0.6622	DUP	DUP	BAF_WEIGHTED	369	0.4579	70761578	70761578	1	2
chr2	71223032	75605336	2.0453	1875	0.5677	0.5743	DUP	BND	BAF_WEIGHTED	4012	0.4317	71223032	71223032	1	1
chr2	75605337	77318661	1.9564	1262	0.5631	0.5434	BND	BND	BAF_WEIGHTED	1562	0.3591	75605337	75605337	1	1
chr2	77318662	78503389	3.874	753	0.7355	0.7475	BND	BND	BAF_WEIGHTED	1094	0.3468	77318662	77318662	1	3
chr2	78503390	85495465	1.9729	4561	0.5689	0.5638	BND	BND	BAF_WEIGHTED	6641	0.3769	78503390	78503390	1	1
chr2	85495466	85930000	2.9751	203	0.6596	0.6702	BND	NONE	BAF_WEIGHTED	413	0.4773	85495466	85495466	1	2
chr2	85930001	87907463	2.0146	598	0.5672	0.5738	NONE	BND	BAF_WEIGHTED	833	0.4256	85930001	85930001	1	1
chr2	87907464	88081000	2.4893	101	0.6047	0.613	BND	NONE	BAF_WEIGHTED	78	0.4255	87907464	87907464	1	2
chr2	88081001	88882447	1.9654	337	0.57	0.5746	NONE	BND	BAF_WEIGHTED	729	0.4305	88081001	88081001	1	1
chr2	88882448	88905863	3.9309	13	0.6897	0.6992	BND	BND	BAF_WEIGHTED	21	0.3545	88882448	88882448	1	3
chr2	88905864	88937244	4.0311	10	0.6163	0.622	BND	BND	BAF_WEIGHTED	29	0.3667	88905864	88905864	2	3
chr2	88937245	93139350	2.0276	131	0.5686	0.5754	BND	CENTROMERE	BAF_WEIGHTED	75	0.4087	88937245	88937245	1	1
chr2	93139351	94951627	4.1953	85	0.5455	0.5233	CENTROMERE	DUP	BAF_WEIGHTED	58	0.4377	93139351	93139351	2	2
chr2	94951628	96618266	5.0488	150	0.5918	0.5954	DUP	DUP	BAF_WEIGHTED	955	0.4751	94951628	94951628	2	3
chr2	96618267	96631243	6.2799	3	0.5446	0.5223	DUP	DUP	BAF_WEIGHTED	12	0.4162	96618267	96618267	3	3
chr2	96631244	97358772	5.037	98	0.5988	0.6027	DUP	SGL	BAF_WEIGHTED	354	0.5048	96631244	96631244	2	3
chr2	97358773	98066134	4.9511	71	0.5892	0.5927	SGL	DUP	BAF_WEIGHTED	390	0.4267	97358773	97358773	2	3
chr2	98066135	99852913	4.0461	893	0.5467	0.5057	DUP	DUP	BAF_WEIGHTED	1696	0.422	98066135	98066135	2	2
chr2	99852914	99859668	5.4608	7	0.593	0.5964	DUP	DUP	BAF_WEIGHTED	6	0.356	99852914	99852914	2	3
chr2	99859669	105216418	4.0324	2893	0.5466	0.5106	DUP	DEL	BAF_WEIGHTED	5143	0.4063	99859669	99859669	2	2
chr2	105216419	105216465	2.402	0	0	0.8123	DEL	DEL	STRUCTURAL_VARIANT	0	0	105216419	105216419	0	2
chr2	105216466	112483011	3.987	2912	0.5472	0.5106	DEL	BND	BAF_WEIGHTED	5234	0.4219	105216466	105216466	2	2
chr2	112483012	112831832	2.9927	225	0.666	0.677	BND	DEL	BAF_WEIGHTED	313	0.4418	112483012	112483012	1	2
chr2	112831833	112831934	1.8504	0	0	1	DEL	DEL	STRUCTURAL_VARIANT	0	0	112831833	112831833	0	2
chr2	112831935	120392413	2.9666	3710	0.6596	0.6703	DEL	DEL	BAF_WEIGHTED	6744	0.399	112831935	112831935	1	2
chr2	120392414	120393117	1.8211	0	0	0.5372	DEL	DEL	STRUCTURAL_VARIANT	0	0	120392414	120392414	1	1
chr2	120393118	120800057	3.2142	228	0.6535	0.6629	DEL	DUP	BAF_WEIGHTED	389	0.5049	120393118	120393118	1	2
chr2	120800058	120835350	4.454	24	0.7402	0.7509	DUP	DUP	BAF_WEIGHTED	34	0.5323	120800058	120800058	1	3
chr2	120835351	121882985	3.0651	527	0.6579	0.6681	DUP	DEL	BAF_WEIGHTED	1010	0.4581	120835351	120835351	1	2
chr2	121882986	121883038	2.1525	0	0	0.5273	DEL	DEL	STRUCTURAL_VARIANT	0	0	121882986	121882986	1	1
chr2	121883039	122127206	2.8713	159	0.6667	0.6782	DEL	DEL	BAF_WEIGHTED	221	0.442	121883039	121883039	1	2
chr2	122127207	122127241	1.4492	0	0	0.6464	DEL	DEL	STRUCTURAL_VARIANT	0	0	122127207	122127207	1	1
chr2	122127242	122464109	2.9741	185	0.6735	0.685	DEL	DEL	BAF_WEIGHTED	321	0.4069	122127242	122127242	1	2
chr2	122464110	122464154	1.6542	0	0	0.5663	DEL	DEL	STRUCTURAL_VARIANT	0	0	122464110	122464110	1	1
chr2	122464155	122906104	3.0099	157	0.6667	0.6777	DEL	DEL	BAF_WEIGHTED	428	0.3749	122464155	122464155	1	2
chr2	122906105	122906145	2.1669	0	0	0.5387	DEL	DEL	STRUCTURAL_VARIANT	0	0	122906105	122906105	1	1
chr2	122906146	125757706	2.9974	1754	0.6562	0.6665	DEL	DEL	BAF_WEIGHTED	2709	0.3694	122906146	122906146	1	2
chr2	125757707	125757742	2.1917	0	0	0.544	DEL	DEL	STRUCTURAL_VARIANT	0	0	125757707	125757707	1	1
chr2	125757743	127130226	3.0568	641	0.6557	0.6656	DEL	DEL	BAF_WEIGHTED	1284	0.412	125757743	125757743	1	2
chr2	127130227	127130362	1.8696	0	0	0.5467	DEL	DEL	STRUCTURAL_VARIANT	0	0	127130227	127130227	1	1
chr2	127130363	128163201	3.0149	514	0.6557	0.6659	DEL	DUP	BAF_WEIGHTED	969	0.4477	127130363	127130363	1	2
chr2	128163202	129967586	4.0363	1315	0.7404	0.7522	DUP	DUP	BAF_WEIGHTED	1648	0.4445	128163202	128163202	1	3
chr2	129967587	136568457	2.9779	3421	0.659	0.6694	DUP	DEL	BAF_WEIGHTED	4565	0.4165	129967587	129967587	1	2
chr2	136568458	136570408	2.5876	0	0	0.7704	DEL	DEL	BAF_WEIGHTED	1	0.425	136568458	136568458	1	2
chr2	136570409	136700674	3.209	75	0.6481	0.6572	DEL	DUP	BAF_WEIGHTED	121	0.3986	136570409	136570409	1	2
chr2	136700675	136707340	3.6231	0	0	0.5961	DUP	DUP	BAF_WEIGHTED	6	0.403	136700675	136700675	1	2
chr2	136707341	136963675	3.2262	225	0.6596	0.6694	DUP	DEL	BAF_WEIGHTED	241	0.3845	136707341	136707341	1	2
chr2	136963676	136963726	2.1708	0	0	0.9361	DEL	DEL	STRUCTURAL_VARIANT	0	0	136963676	136963676	0	2
chr2	136963727	138360386	3.037	1113	0.6587	0.6691	DEL	DUP	BAF_WEIGHTED	1289	0.3737	136963727	136963727	1	2
chr2	138360387	138365330	3.6133	6	0.5346	0.5535	DUP	DUP	BAF_WEIGHTED	4	0.3712	138360387	138360387	2	2
chr2	138365331	142519365	2.9585	2568	0.6538	0.6641	DUP	DEL	BAF_WEIGHTED	4026	0.3556	138365331	138365331	1	2
chr2	142519366	142519431	2.1767	0	0	0.9026	DEL	DEL	STRUCTURAL_VARIANT	0	0	142519366	142519366	0	2
chr2	142519432	149270045	2.9628	2450	0.6563	0.6667	DEL	DEL	BAF_WEIGHTED	6430	0.3695	142519432	142519432	1	2
chr2	149270046	149271665	2.0607	0	0	0.9586	DEL	DEL	STRUCTURAL_VARIANT	0	0	149270046	149270046	0	2
chr2	149271666	150395034	2.9988	421	0.6591	0.6696	DEL	DEL	BAF_WEIGHTED	1030	0.3809	149271666	149271666	1	2
chr2	150395035	150395068	2.1997	0	0	0.9169	DEL	DEL	STRUCTURAL_VARIANT	0	0	150395035	150395035	0	2
chr2	150395069	150395075	3.0192	0	0	0.668	DEL	DEL	STRUCTURAL_VARIANT	0	0	150395069	150395069	1	2
chr2	150395076	150395127	2.1753	0	0	0.9272	DEL	DEL	STRUCTURAL_VARIANT	0	0	150395076	150395076	0	2
chr2	150395128	152067835	3.006	785	0.6604	0.671	DEL	DEL	BAF_WEIGHTED	1588	0.3911	150395128	150395128	1	2
chr2	152067836	152067892	2.0241	0	0	0.9964	DEL	DEL	STRUCTURAL_VARIANT	0	0	152067836	152067836	0	2
chr2	152067893	152503405	3.0049	248	0.6667	0.6777	DEL	DUP	BAF_WEIGHTED	414	0.4042	152067893	152067893	1	2
chr2	152503406	152509720	4.071	3	0.5962	0.6009	DUP	DUP	BAF_WEIGHTED	5	0.3918	152503406	152503406	2	2
chr2	152509721	153374944	3.0293	346	0.6545	0.6646	DUP	DUP	BAF_WEIGHTED	829	0.38	152509721	152509721	1	2
chr2	153374945	153378616	4.94	2	0.8335	0.8468	DUP	DUP	BAF_WEIGHTED	3	0.3727	153374945	153374945	1	4
chr2	153378617	158292731	3.0274	2274	0.6571	0.6674	DUP	INV	BAF_WEIGHTED	4615	0.3627	153378617	153378617	1	2
chr2	158292732	158576419	3.9823	239	0.7437	0.7559	INV	INV	BAF_WEIGHTED	240	0.3756	158292732	158292732	1	3
chr2	158576420	158576509	3.0322	0	0	0.6804	INV	INV	STRUCTURAL_VARIANT	0	0	158576420	158576420	1	2
chr2	158576510	160095243	3.9982	929	0.7455	0.7576	INV	DEL	BAF_WEIGHTED	1417	0.3976	158576510	158576510	1	3
chr2	160095244	160095318	2.0953	0	0	0.5375	DEL	DEL	STRUCTURAL_VARIANT	0	0	160095244	160095244	1	1
chr2	160095319	160353901	3.834	20	0.7265	0.7382	DEL	INV	BAF_WEIGHTED	235	0.3986	160095319	160095319	1	3
chr2	160353902	161111433	2.9771	476	0.6596	0.6702	INV	DUP	BAF_WEIGHTED	686	0.3837	160353902	160353902	1	2
chr2	161111434	161143701	3.3702	7	0.7656	0.7812	DUP	DUP	BAF_WEIGHTED	31	0.3809	161111434	161111434	1	3
chr2	161143702	161733276	3.0592	138	0.6548	0.6649	DUP	DEL	BAF_WEIGHTED	538	0.3627	161143702	161143702	1	2
chr2	161733277	161733316	2.3082	0	0	0.5656	DEL	DEL	STRUCTURAL_VARIANT	0	0	161733277	161733277	1	1
chr2	161733317	165121111	2.9971	1415	0.6552	0.6654	DEL	INV	BAF_WEIGHTED	3258	0.3601	161733317	161733317	1	2
chr2	165121112	165121119	1.7906	0	0	0.5572	INV	BND	STRUCTURAL_VARIANT	0	0	165121112	165121112	1	1
chr2	165121120	165121857	2.8358	0	0	0.6482	BND	BND	STRUCTURAL_VARIANT	0	0	165121120	165121120	1	2
chr2	165121858	165121868	4.2177	0	0	0.7634	BND	INV	STRUCTURAL_VARIANT	0	0	165121858	165121858	1	3
chr2	165121869	171723876	3.0112	3188	0.6582	0.6686	INV	BND	BAF_WEIGHTED	6243	0.3815	165121869	165121869	1	2
chr2	171723877	172434760	4.0512	419	0.7375	0.7492	BND	DUP	BAF_WEIGHTED	664	0.4175	171723877	171723877	1	3
chr2	172434761	172441947	4.7018	14	0.5968	0.6008	DUP	DUP	BAF_WEIGHTED	6	0.4307	172434761	172434761	2	3
chr2	172441948	173272853	4.0048	378	0.7429	0.7548	DUP	INV	BAF_WEIGHTED	794	0.4026	172441948	172441948	1	3
chr2	173272854	173279417	3.1926	1	0.5152	0.5634	INV	DUP	BAF_WEIGHTED	6	0.429	173272854	173272854	1	2
chr2	173279418	173302911	4.1316	21	0.7792	0.7926	DUP	DEL	BAF_WEIGHTED	21	0.4375	173279418	173279418	1	3
chr2	173302912	173308576	2.9001	1	0.5417	0.5634	DEL	DEL	BAF_WEIGHTED	4	0.4527	173302912	173302912	1	2
chr2	173308577	173755194	3.1594	254	0.6493	0.6586	DEL	DUP	BAF_WEIGHTED	418	0.4103	173308577	173308577	1	2
chr2	173755195	173827520	4.0611	16	0.7143	0.7247	DUP	INV	BAF_WEIGHTED	68	0.4106	173755195	173755195	1	3
chr2	173827521	174049506	2.9479	105	0.6502	0.6603	INV	DUP	BAF_WEIGHTED	218	0.4177	173827521	173827521	1	2
chr2	174049507	176697085	4.0326	1079	0.7366	0.7482	DUP	BND	BAF_WEIGHTED	2473	0.3969	174049507	174049507	1	3
chr2	176697086	176841011	3.1086	65	0.9661	0.9958	BND	INV	BAF_WEIGHTED	134	0.3994	176697086	176697086	0	3
chr2	176841012	177019094	4.1546	165	0.7313	0.7423	INV	DEL	BAF_WEIGHTED	172	0.3874	176841012	176841012	1	3
chr2	177019095	177299413	2.9228	152	0.9747	1.0072	DEL	DUP	BAF_WEIGHTED	272	0.4031	177019095	177019095	0	3
chr2	177299414	177390000	3.9038	65	0.7333	0.7451	DUP	NONE	BAF_WEIGHTED	87	0.3974	177299414	177299414	1	3
chr2	177390001	178331920	3.0348	591	0.9702	1.0008	NONE	DEL	BAF_WEIGHTED	890	0.3865	177390001	177390001	0	3
chr2	178331921	178332013	2.0618	0	0	1.0012	DEL	DEL	STRUCTURAL_VARIANT	0	0	178331921	178331921	0	2
chr2	178332014	178867697	3.0117	115	0.9698	1.0006	DEL	BND	BAF_WEIGHTED	506	0.3817	178332014	178332014	0	3
chr2	178867698	178922387	3.8425	32	0.7132	0.7242	BND	DEL	BAF_WEIGHTED	51	0.3773	178867698	178867698	1	3
chr2	178922388	179312247	3.0145	105	0.9716	1.0017	DEL	DEL	BAF_WEIGHTED	330	0.3743	178922388	178922388	0	3
chr2	179312248	179312286	1.729	0	0	1.003	DEL	DEL	STRUCTURAL_VARIANT	0	0	179312248	179312248	0	2
chr2	179312287	179342559	2.9109	38	0.9596	0.9908	DEL	DEL	BAF_WEIGHTED	23	0.3747	179312287	179312287	0	3
chr2	179342560	179342599	2.0389	0	0	0.9962	DEL	DEL	STRUCTURAL_VARIANT	0	0	179342560	179342560	0	2
chr2	179342600	179524854	3.006	129	0.9667	0.9974	DEL	DUP	BAF_WEIGHTED	167	0.3673	179342600	179342600	0	3
chr2	179524855	179567424	3.9701	45	0.7086	0.719	DUP	DEL	BAF_WEIGHTED	32	0.3638	179524855	179524855	1	3
chr2	179567425	179720885	2.9612	105	0.9744	1.0061	DEL	BND	BAF_WEIGHTED	146	0.3732	179567425	179567425	0	3
chr2	179720886	179823983	4.0202	27	0.7385	0.7502	BND	BND	BAF_WEIGHTED	94	0.3632	179720886	179720886	1	3
chr2	179823984	179827276	3.0938	1	0.8929	0.918	BND	DEL	BAF_WEIGHTED	3	0.365	179823984	179823984	0	3
chr2	179827277	179914664	4.149	73	0.7467	0.7585	DEL	BND	BAF_WEIGHTED	84	0.3857	179827277	179827277	1	3
chr2	179914665	183846890	3.0064	1818	0.9672	0.9979	BND	DUP	BAF_WEIGHTED	3696	0.3656	179914665	179914665	0	3
chr2	183846891	183996243	3.01	59	0.9688	1	DUP	BND	BAF_WEIGHTED	94	0.3477	183846891	183846891	0	3
chr2	183996244	184014898	3.0935	5	0.9804	1.0111	BND	BND	BAF_WEIGHTED	17	0.3607	183996244	183996244	0	3
chr2	184014899	184014926	3.7838	0	0	0.7967	BND	INV	STRUCTURAL_VARIANT	0	0	184014899	184014899	1	3
chr2	184014927	184015801	4.7474	0	0	0.635	INV	BND	STRUCTURAL_VARIANT	0	0	184014927	184014927	2	3
chr2	184015802	184016090	3.9439	0	0	0.7644	BND	BND	STRUCTURAL_VARIANT	0	0	184015802	184015802	1	3
chr2	184016091	184170263	2.9994	18	0.9738	1.0051	BND	BND	BAF_WEIGHTED	146	0.3513	184016091	184016091	0	3
chr2	184170264	184259067	4.1554	14	0.7163	0.7266	BND	INV	BAF_WEIGHTED	76	0.3291	184170264	184170264	1	3
chr2	184259068	184260249	3.2336	0	0	0.6487	INV	BND	STRUCTURAL_VARIANT	0	0	184259068	184259068	1	2
chr2	184260250	184260663	3.9925	0	0	0.7154	BND	INV	STRUCTURAL_VARIANT	0	0	184260250	184260250	1	3
chr2	184260664	184335788	3.0707	3	0.6667	0.6774	INV	BND	BAF_WEIGHTED	74	0.3348	184260664	184260664	1	2
chr2	184335789	184774117	4.0901	304	0.7359	0.7474	BND	INV	BAF_WEIGHTED	429	0.3381	184335789	184335789	1	3
chr2	184774118	184774437	5.066	0	0	0.6034	INV	INV	STRUCTURAL_VARIANT	0	0	184774118	184774118	2	3
chr2	184774438	184790403	3.9548	7	0.766	0.7793	INV	INV	BAF_WEIGHTED	15	0.3339	184774438	184774438	1	3
chr2	184790404	184797895	5.581	8	0.6024	0.606	INV	INV	BAF_WEIGHTED	6	0.355	184790404	184790404	2	3
chr2	184797896	184937146	4.1153	63	0.7432	0.7549	INV	BND	BAF_WEIGHTED	139	0.3401	184797896	184797896	1	3
chr2	184937147	185647896	3.0851	231	0.9688	0.9989	BND	DUP	BAF_WEIGHTED	668	0.3413	184937147	184937147	0	3
chr2	185647897	185667783	4.0282	4	0.737	0.7487	DUP	INV	BAF_WEIGHTED	19	0.3247	185647897	185647897	1	3
chr2	185667784	185759020	3.0067	62	0.978	1.0095	INV	INV	BAF_WEIGHTED	89	0.3437	185667784	185667784	0	3
chr2	185759021	185808127	2.2194	49	0.9556	0.9962	INV	DEL	BAF_WEIGHTED	43	0.3412	185759021	185759021	0	2
chr2	185808128	185808925	3.1159	0	0	0.9973	DEL	DEL	STRUCTURAL_VARIANT	0	0	185808128	185808128	0	3
chr2	185808926	185817405	2.1035	8	0.9657	1.0095	DEL	INV	BAF_WEIGHTED	8	0.3719	185808926	185808926	0	2
chr2	185817406	185864751	3.1343	45	0.9672	0.9967	INV	INV	BAF_WEIGHTED	37	0.3454	185817406	185817406	0	3
chr2	185864752	186238860	2.0432	371	0.9545	0.9985	INV	BND	BAF_WEIGHTED	341	0.3483	185864752	185864752	0	2
chr2	186238861	186238863	3.1113	0	0	0.999	BND	DUP	STRUCTURAL_VARIANT	0	0	186238861	186238861	0	3
chr2	186238864	186239572	4.4028	0	0	0.9993	DUP	DUP	STRUCTURAL_VARIANT	0	0	186238864	186238864	0	4
chr2	186239573	186470878	2.9872	31	0.9701	1.0012	DUP	DEL	BAF_WEIGHTED	210	0.3604	186239573	186239573	0	3
chr2	186470879	186470914	2.4177	0	0	1.0035	DEL	DEL	STRUCTURAL_VARIANT	0	0	186470879	186470879	0	2
chr2	186470915	187469608	3.0481	475	0.9722	1.0028	DEL	BND	BAF_WEIGHTED	965	0.3621	186470915	186470915	0	3
chr2	187469609	187519450	4.0905	10	0.7549	0.7671	BND	BND	BAF_WEIGHTED	45	0.3466	187469609	187469609	1	3
chr2	187519451	188511022	3.0336	551	0.9655	0.9959	BND	DEL	BAF_WEIGHTED	932	0.3547	187519451	187519451	0	3
chr2	188511023	188511495	2.3779	0	0	0.9947	DEL	DEL	STRUCTURAL_VARIANT	0	0	188511023	188511023	0	2
chr2	188511496	188732471	3.0564	82	0.9717	1.0022	DEL	DUP	BAF_WEIGHTED	207	0.3419	188511496	188511496	0	3
chr2	188732472	188848601	4.1307	95	0.975	0.9977	DUP	DUP	BAF_WEIGHTED	109	0.3466	188732472	188732472	0	4
chr2	188848602	188887375	3.0971	9	0.9545	0.9835	DUP	INV	BAF_WEIGHTED	38	0.3601	188848602	188848602	0	3
chr2	188887376	189430917	4.1064	92	0.9827	1.006	INV	DUP	BAF_WEIGHTED	516	0.3535	188887376	188887376	0	4
chr2	189430918	191018913	3.007	471	0.9706	1.0015	DUP	BND	BAF_WEIGHTED	1500	0.3835	189430918	189430918	0	3
chr2	191018914	191063283	3.885	23	0.7555	0.7691	BND	DUP	BAF_WEIGHTED	44	0.3997	191018914	191018914	1	3
chr2	191063284	191091406	3.108	5	0.98	1.0105	DUP	BND	BAF_WEIGHTED	26	0.3467	191063284	191063284	0	3
chr2	191091407	191142375	4.1737	11	0.7463	0.7584	BND	DUP	BAF_WEIGHTED	43	0.3754	191091407	191091407	1	3
chr2	191142376	191171883	3.0204	1	0.9487	0.9839	DUP	DEL	BAF_WEIGHTED	24	0.3893	191142376	191142376	0	3
chr2	191171884	191198287	3.9092	0	0	0.7588	DEL	INV	BAF_WEIGHTED	26	0.4054	191171884	191171884	1	3
chr2	191198288	191636197	2.9526	171	0.973	1.0047	INV	BND	BAF_WEIGHTED	427	0.3986	191198288	191198288	0	3
chr2	191636198	191841477	3.8558	45	0.7541	0.7671	BND	INV	BAF_WEIGHTED	185	0.3822	191636198	191636198	1	3
chr2	191841478	192750198	3.036	403	0.9688	0.9993	INV	BND	BAF_WEIGHTED	860	0.353	191841478	191841478	0	3
chr2	192750199	192870712	4.084	151	0.7286	0.7397	BND	INV	BAF_WEIGHTED	110	0.3386	192750199	192750199	1	3
chr2	192870713	193866571	3.0094	246	0.9734	1.0045	INV	BND	BAF_WEIGHTED	908	0.3347	192870713	192870713	0	3
chr2	193866572	193899692	4.0544	47	0.7067	0.7168	BND	DUP	BAF_WEIGHTED	30	0.3558	193866572	193866572	1	3
chr2	193899693	193994976	2.9696	2	0.9576	0.988	DUP	DEL	BAF_WEIGHTED	86	0.3259	193899693	193899693	0	3
chr2	193994977	193995010	2.0865	0	0	0.9934	DEL	DEL	STRUCTURAL_VARIANT	0	0	193994977	193994977	0	2
chr2	193995011	194230663	3.0115	5	0.9649	0.9954	DEL	DEL	BAF_WEIGHTED	213	0.3424	193995011	193995011	0	3
chr2	194230664	194246688	4.1179	1	0.6875	0.6965	DEL	BND	BAF_WEIGHTED	14	0.3101	194230664	194230664	1	3
chr2	194246689	194295421	4.8449	9	0.575	0.5781	BND	DUP	BAF_WEIGHTED	45	0.3448	194246689	194246689	2	3
chr2	194295422	194344000	4.0598	22	0.754	0.7663	DUP	NONE	BAF_WEIGHTED	48	0.343	194295422	194295422	1	3
chr2	194344001	201579363	3.0564	3196	0.9702	1.0007	NONE	INV	BAF_WEIGHTED	6763	0.3825	194344001	194344001	0	3
chr2	201579364	201967212	3.0564	208	0.968	0.9983	INV	DUP	BAF_WEIGHTED	369	0.4077	201579364	201579364	0	3
chr2	201967213	202074615	3.3315	71	0.973	1.0011	DUP	DUP	BAF_WEIGHTED	100	0.4538	201967213	201967213	0	3
chr2	202074616	203409453	3.1099	487	0.973	1.0031	DUP	DUP	BAF_WEIGHTED	1278	0.4057	202074616	202074616	0	3
chr2	203409454	203411534	5.293	0	0	1.0018	DUP	DUP	BAF_WEIGHTED	1	0.358	203409454	203409454	0	5
chr2	203411535	203869268	3.0596	89	0.9737	1.0043	DUP	DUP	BAF_WEIGHTED	450	0.41	203411535	203411535	0	3
chr2	203869269	203869564	3.6493	0	0	1.0036	DUP	DUP	STRUCTURAL_VARIANT	0	0	203869269	203869269	0	4
chr2	203869565	203913803	2.8308	37	0.963	0.9954	DUP	BND	BAF_WEIGHTED	43	0.4109	203869565	203869565	0	3
chr2	203913804	203914128	3.9638	0	0	1.0006	BND	BND	STRUCTURAL_VARIANT	0	0	203913804	203913804	0	4
chr2	203914129	205737950	3.0239	821	0.97	1.0007	BND	INV	BAF_WEIGHTED	1751	0.3886	203914129	203914129	0	3
chr2	205737951	205742864	3.9574	8	0.9732	0.9969	INV	INV	BAF_WEIGHTED	4	0.4565	205737951	205737951	0	4
chr2	205742865	205743174	4.8922	0	0	0.9984	INV	INV	STRUCTURAL_VARIANT	0	0	205742865	205742865	0	5
chr2	205743175	205869617	4.0726	53	0.975	0.9981	INV	BND	BAF_WEIGHTED	123	0.4383	205743175	205743175	0	4
chr2	205869618	205980724	3.0049	81	0.9677	0.9985	BND	DEL	BAF_WEIGHTED	108	0.4529	205869618	205869618	0	3
chr2	205980725	205980901	4.0232	0	0	0.9989	DEL	DUP	STRUCTURAL_VARIANT	0	0	205980725	205980725	0	4
chr2	205980902	206664966	3.0009	46	0.9667	0.9974	DUP	DEL	BAF_WEIGHTED	647	0.4024	205980902	205980902	0	3
chr2	206664967	206695217	3.9828	54	0.9684	0.9917	DEL	DUP	BAF_WEIGHTED	28	0.3806	206664967	206664967	0	4
chr2	206695218	209931506	2.9996	2025	0.9701	1.0011	DUP	DEL	BAF_WEIGHTED	2997	0.3878	206695218	206695218	0	3
chr2	209931507	209931582	2.2483	0	0	1.0003	DEL	DEL	STRUCTURAL_VARIANT	0	0	209931507	209931507	0	2
chr2	209931583	216803443	3.0153	3561	0.9694	1.0002	DEL	DEL	BAF_WEIGHTED	6545	0.3739	209931583	209931583	0	3
chr2	216803444	216803464	1.9845	0	0	1.0003	DEL	DEL	STRUCTURAL_VARIANT	0	0	216803444	216803444	0	2
chr2	216803465	216803467	3.0359	0	0	1.0002	DEL	DEL	STRUCTURAL_VARIANT	0	0	216803465	216803465	0	3
chr2	216803468	216803511	2.2129	0	0	1.0003	DEL	DEL	STRUCTURAL_VARIANT	0	0	216803468	216803468	0	2
chr2	216803512	220064773	3.0494	1649	0.9693	0.9998	DEL	DEL	BAF_WEIGHTED	3027	0.4613	216803512	216803512	0	3
chr2	220064774	220065347	1.9125	0	0	0.9981	DEL	DEL	STRUCTURAL_VARIANT	0	0	220064774	220064774	0	2
chr2	220065348	225525464	3.0385	3378	0.9683	0.9988	DEL	DEL	BAF_WEIGHTED	5257	0.3943	220065348	220065348	0	3
chr2	225525465	225525512	2.3111	0	0	0.9984	DEL	DEL	STRUCTURAL_VARIANT	0	0	225525465	225525465	0	2
chr2	225525513	226335262	2.9224	439	0.9683	1	DEL	DUP	BAF_WEIGHTED	782	0.3698	225525513	225525513	0	3
chr2	226335263	226341278	5.8933	3	0.9896	1.006	DUP	DUP	BAF_WEIGHTED	5	0.335	226335263	226335263	0	6
chr2	226341279	228112206	2.9246	1325	0.9706	1.0024	DUP	DEL	BAF_WEIGHTED	1696	0.4018	226341279	226341279	0	3
chr2	228112207	228112271	2.1298	0	0	1.0033	DEL	DEL	STRUCTURAL_VARIANT	0	0	228112207	228112207	0	2
chr2	228112272	229804628	2.9917	1112	0.9697	1.0008	DEL	BND	BAF_WEIGHTED	1603	0.3878	228112272	228112272	0	3
chr2	229804629	229804891	4.7147	0	0	0.9996	BND	BND	STRUCTURAL_VARIANT	0	0	229804629	229804629	0	5
chr2	229804892	231733383	3.011	1254	0.9687	0.9994	BND	DEL	BAF_WEIGHTED	1792	0.4439	229804892	229804892	0	3
chr2	231733384	231733425	1.308	0	0	0.9987	DEL	DEL	STRUCTURAL_VARIANT	0	0	231733384	231733384	0	1
chr2	231733426	232145075	3.1021	118	0.9674	0.9973	DEL	DEL	BAF_WEIGHTED	374	0.428	231733426	231733426	0	3
chr2	232145076	232145107	1.6493	0	0	0.9966	DEL	DEL	STRUCTURAL_VARIANT	0	0	232145076	232145076	0	2
chr2	232145108	233777959	3.0379	1089	0.9677	0.9982	DEL	BND	BAF_WEIGHTED	1421	0.4606	232145108	232145108	0	3
chr2	233777960	233779718	2.1134	1	0.9762	1.0208	BND	BND	BAF_WEIGHTED	1	0.447	233777960	233777960	0	2
chr2	233779719	233780928	2.9639	0	0	0.9997	BND	BND	STRUCTURAL_VARIANT	0	0	233779719	233779719	0	3
chr2	233780929	233781109	2.0253	0	0	0.9995	BND	BND	STRUCTURAL_VARIANT	0	0	233780929	233780929	0	2
chr2	233781110	234516971	3.0513	456	0.9692	0.9997	BND	BND	BAF_WEIGHTED	709	0.4373	233781110	233781110	0	3
chr2	234516972	234517027	3.4811	0	0	0.9992	BND	BND	STRUCTURAL_VARIANT	0	0	234516972	234516972	0	3
chr2	234517028	238318741	3.0657	2310	0.9688	0.999	BND	DUP	BAF_WEIGHTED	3596	0.462	234517028	234517028	0	3
chr2	238318742	238323997	3.4499	7	0.9792	1.0067	DUP	DUP	BAF_WEIGHTED	3	0.56	238318742	238318742	0	3
chr2	238323998	239933839	3.1577	1086	0.9676	0.9969	DUP	DUP	BAF_WEIGHTED	1466	0.488	238323998	238323998	0	3
chr2	239933840	239939630	4.5538	3	0.9785	0.9993	DUP	DUP	BAF_WEIGHTED	5	0.5362	239933840	239933840	0	5
chr2	239939631	242193529	3.1884	1465	0.9673	0.996	DUP	TELOMERE	BAF_WEIGHTED	1579	0.5098	239939631	239939631	0	3
chr3	1	5803631	1.9965	5237	0.9524	0.9973	TELOMERE	DEL	BAF_WEIGHTED	5380	0.3869	1	1	0	2
chr3	5803632	5804901	1.1571	0	0	0.9986	DEL	DEL	STRUCTURAL_VARIANT	0	0	5803632	5803632	0	1
chr3	5804902	14606271	2.0594	5816	0.9553	0.9992	DEL	INV	BAF_WEIGHTED	8238	0.4403	5804902	5804902	0	2
chr3	14606272	14606314	1.1518	0	0	0.9986	INV	INV	STRUCTURAL_VARIANT	0	0	14606272	14606272	0	1
chr3	14606315	16828817	2.041	1214	0.9545	0.9985	INV	DEL	BAF_WEIGHTED	2095	0.4256	14606315	14606315	0	2
chr3	16828818	16828860	1.5204	0	0	1.0003	DEL	DEL	STRUCTURAL_VARIANT	0	0	16828818	16828818	0	2
chr3	16828861	25765089	2.0196	4690	0.9556	1.0002	DEL	DEL	BAF_WEIGHTED	8365	0.3778	16828861	16828861	0	2
chr3	25765090	25765139	1.4035	0	0	1.0003	DEL	DEL	STRUCTURAL_VARIANT	0	0	25765090	25765090	0	1
chr3	25765140	28201011	2.0314	1407	0.9556	1	DEL	BND	BAF_WEIGHTED	2237	0.3847	25765140	25765140	0	2
chr3	28201012	30562482	1.0146	1230	0.9167	0.9979	BND	DUP	BAF_WEIGHTED	2237	0.3685	28201012	28201012	0	1
chr3	30562483	30567986	2.0904	0	0	1.0002	DUP	DUP	BAF_WEIGHTED	4	0.3765	30562483	30562483	0	2
chr3	30567987	34644880	1.0471	2101	0.9207	1.0004	DUP	SGL	BAF_WEIGHTED	3886	0.4054	30567987	30567987	0	1
chr3	34644881	34644890	1.577	0	0	1.0003	SGL	SGL	STRUCTURAL_VARIANT	0	0	34644881	34644881	0	2
chr3	34644891	37659747	1.0623	1368	0.9161	0.9933	SGL	DUP	BAF_WEIGHTED	2826	0.3848	34644891	34644891	0	1
chr3	37659748	37670141	1.8462	5	0.9688	1.0177	DUP	DUP	BAF_WEIGHTED	10	0.4718	37659748	37659748	0	2
chr3	37670142	42342650	1.0689	2769	0.9187	0.9961	DUP	DEL	BAF_WEIGHTED	4311	0.4228	37670142	37670142	0	1
chr3	42342651	42342693	0.2874	0	0	1	DEL	DEL	STRUCTURAL_VARIANT	0	0	42342651	42342651	0	0
chr3	42342694	44691074	1.0732	958	0.9232	1.0001	DEL	DEL	BAF_WEIGHTED	2207	0.4309	42342694	42342694	0	1
chr3	44691075	44691110	0.6575	0	0	1	DEL	DEL	STRUCTURAL_VARIANT	0	0	44691075	44691075	0	1
chr3	44691111	44778668	1.0982	25	0.9231	0.9993	DEL	DUP	BAF_WEIGHTED	75	0.4197	44691111	44691111	0	1
chr3	44778669	44785175	2.2147	1	0.931	0.9695	DUP	DUP	BAF_WEIGHTED	6	0.384	44778669	44778669	0	2
chr3	44785176	46627392	1.06	880	0.9193	0.9966	DUP	DEL	BAF_WEIGHTED	1764	0.44	44785176	44785176	0	1
chr3	46627393	46627424	0.4935	0	0	1	DEL	DEL	STRUCTURAL_VARIANT	0	0	46627393	46627393	0	0
chr3	46627425	47849789	1.0939	237	0.93	1.007	DEL	BND	BAF_WEIGHTED	1079	0.4674	46627425	46627425	0	1
chr3	47849790	61429258	2.0853	6268	0.9563	0.9998	BND	DUP	BAF_WEIGHTED	12629	0.4391	47849790	47849790	0	2
chr3	61429259	61466660	3.1034	11	0.9623	0.9918	DUP	DUP	BAF_WEIGHTED	33	0.395	61429259	61429259	0	3
chr3	61466661	63054924	2.0587	817	0.9608	1.0051	DUP	DEL	BAF_WEIGHTED	1554	0.4036	61466661	61466661	0	2
chr3	63054925	63060394	1.201	1	0.9474	1.0211	DEL	DEL	BAF_WEIGHTED	5	0.384	63054925	63054925	0	1
chr3	63060395	69294752	2.0379	3699	0.9556	0.9999	DEL	DUP	BAF_WEIGHTED	5940	0.398	63060395	63060395	0	2
chr3	69294753	69296361	2.5777	2	0.979	1.0158	DUP	DUP	BAF_WEIGHTED	1	0.487	69294753	69294753	0	3
chr3	69296362	77453848	2.0133	4145	0.9564	1.0013	DUP	DUP	BAF_WEIGHTED	7139	0.3917	69296362	69296362	0	2
chr3	77453849	77494241	2.6555	4	0.9758	1.0113	DUP	DUP	BAF_WEIGHTED	40	0.3604	77453849	77453849	0	3
chr3	77494242	79536108	1.9657	720	0.9501	0.9954	DUP	DEL	BAF_WEIGHTED	1937	0.3557	77494242	77494242	0	2
chr3	79536109	79536187	0.9422	0	0	1	DEL	DEL	STRUCTURAL_VARIANT	0	0	79536109	79536109	0	1
chr3	79536188	88359118	1.9619	4766	0.9515	0.997	DEL	DEL	BAF_WEIGHTED	8357	0.3492	79536188	79536188	0	2
chr3	88359119	88359177	1.5105	0	0	0.9962	DEL	DEL	STRUCTURAL_VARIANT	0	0	88359119	88359119	0	2
chr3	88359178	92214015	1.9648	904	0.9524	0.9983	DEL	CENTROMERE	BAF_WEIGHTED	1856	0.3516	88359178	88359178	0	2
chr3	92214016	95440379	1.9434	744	0.948	0.9933	CENTROMERE	DEL	BAF_WEIGHTED	1500	0.359	92214016	92214016	0	2
chr3	95440380	95440943	0.684	0	0	1	DEL	DEL	STRUCTURAL_VARIANT	0	0	95440380	95440380	0	1
chr3	95440944	98291084	1.9781	1573	0.9534	0.9987	DEL	DEL	BAF_WEIGHTED	2638	0.352	95440944	95440944	0	2
chr3	98291085	98291118	0.4145	0	0	1	DEL	DEL	STRUCTURAL_VARIANT	0	0	98291085	98291085	0	0
chr3	98291119	99596041	2.0872	951	0.9534	0.9967	DEL	DEL	BAF_WEIGHTED	1179	0.3737	98291119	98291119	0	2
chr3	99596042	99596631	1.4355	0	0	0.9952	DEL	DEL	STRUCTURAL_VARIANT	0	0	99596042	99596042	0	1
chr3	99596632	100828538	1.9467	490	0.9563	1.0024	DEL	BND	BAF_WEIGHTED	1162	0.3885	99596632	99596632	0	2
chr3	100828539	102118910	4.6384	836	0.9808	1.0013	BND	BND	BAF_WEIGHTED	1173	0.3876	100828539	100828539	0	5
chr3	102118911	102619010	7.457	84	0.99	1.003	BND	DEL	BAF_WEIGHTED	482	0.3667	102118911	102118911	0	7
chr3	102619011	102619044	6.9301	0	0	0.9974	DEL	DEL	STRUCTURAL_VARIANT	0	0	102619011	102619011	0	7
chr3	102619045	103232745	7.5963	483	0.985	0.9976	DEL	BND	BAF_WEIGHTED	576	0.3549	102619045	102619045	0	8
chr3	103232746	103245235	4.5414	19	0.987	1.0082	BND	BND	BAF_WEIGHTED	7	0.3481	103232746	103232746	0	5
chr3	103245236	103247318	5.0239	2	0.989	1.0083	BND	BND	BAF_WEIGHTED	1	0.331	103245236	103245236	0	5
chr3	103247319	104468489	4.6499	909	0.9783	0.9986	BND	BND	BAF_WEIGHTED	1165	0.3439	103247319	103247319	0	5
chr3	104468490	106812587	1.9582	1813	0.9545	1.0004	BND	BND	BAF_WEIGHTED	2274	0.3585	104468490	104468490	0	2
chr3	106812588	106820005	4.4546	2	0.918	0.9365	BND	BND	BAF_WEIGHTED	7	0.3707	106812588	106812588	0	4
chr3	106820006	107049397	2.0343	123	0.9524	0.9964	BND	BND	BAF_WEIGHTED	203	0.3653	106820006	106820006	0	2
chr3	107049398	108953516	4.1901	775	0.9736	0.996	BND	INV	BAF_WEIGHTED	1810	0.383	107049398	107049398	0	4
chr3	108953517	108959851	5.6064	12	0.976	0.9928	INV	INV	BAF_WEIGHTED	5	0.3484	108953517	108953517	0	6
chr3	108959852	109029367	4.2578	96	0.9828	1.0052	INV	BND	BAF_WEIGHTED	68	0.3756	108959852	108959852	0	4
chr3	109029368	109041289	1.6596	21	0.9412	0.9938	BND	INV	BAF_WEIGHTED	9	0.3681	109029368	109029368	0	2
chr3	109041290	109046302	3.0395	3	1	1.0325	INV	DEL	BAF_WEIGHTED	4	0.388	109041290	109041290	0	3
chr3	109046303	109247438	2.0205	117	0.96	1.005	DEL	INV	BAF_WEIGHTED	186	0.386	109046303	109046303	0	2
chr3	109247439	111071586	4.026	639	0.9756	0.999	INV	INV	BAF_WEIGHTED	1692	0.3686	109247439	109247439	0	4
chr3	111071587	111082349	1.8351	3	0.9412	0.9888	INV	BND	BAF_WEIGHTED	9	0.3704	111071587	111071587	0	2
chr3	111082350	111082472	2.4764	0	0	1.0101	BND	BND	STRUCTURAL_VARIANT	0	0	111082350	111082350	0	2
chr3	111082473	111082478	4.6872	0	0	1.0053	BND	BND	STRUCTURAL_VARIANT	0	0	111082473	111082473	0	5
chr3	111082479	111228592	3.9794	44	0.9823	1.0063	BND	BND	BAF_WEIGHTED	144	0.3571	111082479	111082479	0	4
chr3	111228593	111821786	1.9326	345	0.9524	0.9989	BND	BND	BAF_WEIGHTED	560	0.3845	111228593	111228593	0	2
chr3	111821787	111827310	2.7488	8	0.975	1.0092	BND	DEL	BAF_WEIGHTED	5	0.4014	111821787	111821787	0	3
chr3	111827311	113933260	2.0067	919	0.9558	1.0007	DEL	DEL	BAF_WEIGHTED	1964	0.3928	111827311	111827311	0	2
chr3	113933261	113933293	1.6463	0	0	1.0009	DEL	DEL	STRUCTURAL_VARIANT	0	0	113933261	113933261	0	2
chr3	113933294	114033440	2.0627	16	0.9443	0.9869	DEL	BND	BAF_WEIGHTED	93	0.3913	113933294	113933294	0	2
chr3	114033441	114167000	2.9915	42	0.964	0.9947	BND	NONE	BAF_WEIGHTED	132	0.4094	114033441	114033441	0	3
chr3	114167001	114662156	1.8937	287	0.9583	1.0062	NONE	BND	BAF_WEIGHTED	476	0.3837	114167001	114167001	0	2
chr3	114662157	115015538	3.9675	89	0.9703	0.9938	BND	BND	BAF_WEIGHTED	329	0.3526	114662157	114662157	0	4
chr3	115015539	117520335	1.987	1371	0.9524	0.9974	BND	DUP	BAF_WEIGHTED	2396	0.3713	115015539	115015539	0	2
chr3	117520336	117521683	3.2198	0	0	0.9984	DUP	DUP	STRUCTURAL_VARIANT	0	0	117520336	117520336	0	3
chr3	117521684	118803363	1.9883	779	0.9474	0.9919	DUP	BND	BAF_WEIGHTED	1239	0.3699	117521684	117521684	0	2
chr3	118803364	119139460	1.0898	95	0.9	0.9726	BND	BND	BAF_WEIGHTED	290	0.3876	118803364	118803364	0	1
chr3	119139461	119462000	3.0158	253	0.9706	1.0015	BND	NONE	BAF_WEIGHTED	306	0.4138	119139461	119139461	0	3
chr3	119462001	119575806	0.9827	78	0.9333	1	NONE	BND	BAF_WEIGHTED	107	0.4155	119462001	119462001	0	1
chr3	119575807	119831400	1.9401	123	0.9459	0.9914	BND	DUP	BAF_WEIGHTED	253	0.4211	119575807	119575807	0	2
chr3	119831401	119838664	2.7759	1	0.9756	1.0095	DUP	DUP	BAF_WEIGHTED	6	0.3702	119831401	119831401	0	3
chr3	119838665	119845891	2.1475	0	0	1.0083	DUP	BND	BAF_WEIGHTED	5	0.3634	119838665	119838665	0	2
chr3	119845892	119985375	1.0127	22	0.933	1.0176	BND	BND	BAF_WEIGHTED	130	0.3611	119845892	119845892	0	1
chr3	119985376	120187058	2.9256	106	0.9712	1.0031	BND	DEL	BAF_WEIGHTED	193	0.4087	119985376	119985376	0	3
chr3	120187059	120187065	2.2185	0	0	1.004	DEL	INV	STRUCTURAL_VARIANT	0	0	120187059	120187059	0	2
chr3	120187066	120212320	5.0381	25	0.9857	1.0048	INV	BND	BAF_WEIGHTED	24	0.3947	120187066	120187066	0	5
chr3	120212321	120213904	4.3718	0	0	0.9932	BND	BND	STRUCTURAL_VARIANT	0	0	120212321	120212321	0	4
chr3	120213905	120279433	3.2194	43	0.9623	0.9907	BND	BND	BAF_WEIGHTED	64	0.3924	120213905	120213905	0	3
chr3	120279434	120280747	1.4668	0	0	1.0053	BND	BND	STRUCTURAL_VARIANT	0	0	120279434	120279434	0	1
chr3	120280748	120729000	2.9901	229	0.9714	1.0026	BND	NONE	BAF_WEIGHTED	411	0.4112	120280748	120280748	0	3
chr3	120729001	120821823	1.0057	22	0.8848	0.9605	NONE	DEL	BAF_WEIGHTED	82	0.3888	120729001	120729001	0	1
chr3	120821824	120823402	-0.0826	0	0	1	DEL	DEL	BAF_WEIGHTED	1	0.351	120821824	120821824	0	0
chr3	120823403	120916343	1.042	75	0.9091	0.9868	DEL	DEL	BAF_WEIGHTED	83	0.3761	120823403	120823403	0	1
chr3	120916344	121054479	2.1335	163	0.963	1.0059	DEL	DEL	BAF_WEIGHTED	105	0.35	120916344	120916344	0	2
chr3	121054480	121054746	1.0424	0	0	1.0121	DEL	DUP	STRUCTURAL_VARIANT	0	0	121054480	121054480	0	1
chr3	121054747	121083137	2.1225	36	0.9659	1.0093	DUP	BND	BAF_WEIGHTED	26	0.3924	121054747	121054747	0	2
chr3	121083138	121086759	1.2343	7	0.9429	1.0139	BND	INV	BAF_WEIGHTED	2	0.357	121083138	121083138	0	1
chr3	121086760	121382090	2.1316	210	0.9506	0.9924	INV	BND	BAF_WEIGHTED	244	0.3551	121086760	121086760	0	2
chr3	121382091	121395867	1.1059	7	0.9565	1.0382	BND	INV	BAF_WEIGHTED	9	0.3804	121382091	121382091	0	1
chr3	121395868	121524738	2.089	89	0.9545	0.9975	INV	BND	BAF_WEIGHTED	112	0.3781	121395868	121395868	0	2
chr3	121524739	121528961	0.9552	1	0.913	1	BND	DEL	BAF_WEIGHTED	3	0.4233	121524739	121524739	0	1
chr3	121528962	121560355	1.9988	25	0.9608	1.0064	DEL	BND	BAF_WEIGHTED	31	0.4135	121528962	121528962	0	2
chr3	121560356	121561897	0.9553	0	0	1	BND	INV	STRUCTURAL_VARIANT	0	0	121560356	121560356	0	1
chr3	121561898	121569637	2.0065	8	0.9549	0.9998	INV	BND	BAF_WEIGHTED	7	0.4364	121561898	121561898	0	2
chr3	121569638	121570840	1.0717	0	0	1.0317	BND	INV	STRUCTURAL_VARIANT	0	0	121569638	121569638	0	1
chr3	121570841	121629576	2.0719	33	0.9714	1.0164	INV	DUP	BAF_WEIGHTED	57	0.4301	121570841	121570841	0	2
chr3	121629577	121867000	1.0264	182	0.9231	1.0046	DUP	NONE	BAF_WEIGHTED	219	0.3822	121629577	121629577	0	1
chr3	121867001	121937931	3.0068	46	0.9667	0.9973	NONE	INV	BAF_WEIGHTED	60	0.374	121867001	121867001	0	3
chr3	121937932	121939815	1.5945	0	0	0.995	INV	DEL	STRUCTURAL_VARIANT	0	0	121937932	121937932	0	2
chr3	121939816	122003092	2.0242	26	0.9677	1.0134	DEL	DUP	BAF_WEIGHTED	62	0.4003	121939816	121939816	0	2
chr3	122003093	122167037	3.1506	34	0.9777	1.0077	DUP	BND	BAF_WEIGHTED	141	0.4004	122003093	122003093	0	3
chr3	122167038	122408735	2.0311	130	0.95	0.9938	BND	DUP	BAF_WEIGHTED	234	0.4035	122167038	122167038	0	2
chr3	122408736	122412647	0.8238	2	0.9066	1	DUP	INV	BAF_WEIGHTED	3	0.4003	122408736	122408736	0	1
chr3	122412648	122493411	2.9298	45	0.9773	1.0095	INV	BND	BAF_WEIGHTED	75	0.3847	122412648	122412648	0	3
chr3	122493412	123383340	1.0418	525	0.927	1.0081	BND	INV	BAF_WEIGHTED	846	0.438	122493412	122493412	0	1
chr3	123383341	123383583	2.256	0	0	0.9995	INV	BND	STRUCTURAL_VARIANT	0	0	123383341	123383341	0	2
chr3	123383584	123385879	1.2195	0	0	0.999	BND	BND	BAF_WEIGHTED	1	0.528	123383584	123383584	0	1
chr3	123385880	123386031	2.0753	0	0	0.9994	BND	BND	STRUCTURAL_VARIANT	0	0	123385880	123385880	0	2
chr3	123386032	123387671	0.9629	0	0	1	BND	INV	STRUCTURAL_VARIANT	0	0	123386032	123386032	0	1
chr3	123387672	123387963	2.1608	0	0	0.9994	INV	BND	STRUCTURAL_VARIANT	0	0	123387672	123387672	0	2
chr3	123387964	130837549	1.0506	4006	0.9199	0.9988	BND	DEL	BAF_WEIGHTED	6399	0.4522	123387964	123387964	0	1
chr3	130837550	130837584	0.3534	0	0	1	DEL	DEL	STRUCTURAL_VARIANT	0	0	130837550	130837550	0	0
chr3	130837585	131869722	1.0343	431	0.9171	0.9969	DEL	INV	BAF_WEIGHTED	963	0.3866	130837585	130837585	0	1
chr3	131869723	131869723	2.2783	0	0	0.9986	INV	DEL	STRUCTURAL_VARIANT	0	0	131869723	131869723	0	2
chr3	131869724	132008510	3.2278	63	0.9615	0.9898	DEL	DEL	BAF_WEIGHTED	127	0.3839	131869724	131869724	0	3
chr3	132008511	132008576	0.2983	0	0	1	DEL	DEL	STRUCTURAL_VARIANT	0	0	132008511	132008511	0	0
chr3	132008577	132342117	3.0501	270	0.9655	0.9957	DEL	BND	BAF_WEIGHTED	300	0.3951	132008577	132008577	0	3
chr3	132342118	132355194	0.9407	42	0.9394	1	BND	BND	BAF_WEIGHTED	12	0.4098	132342118	132342118	0	1
chr3	132355195	133286289	3.2269	469	0.9701	0.9989	BND	BND	BAF_WEIGHTED	837	0.3849	132355195	132355195	0	3
chr3	133286290	133328463	4.505	60	0.75	0.761	BND	INV	BAF_WEIGHTED	34	0.4022	133286290	133286290	1	3
chr3	133328464	133781005	5.24	272	0.7979	0.8091	INV	BND	BAF_WEIGHTED	406	0.4305	133328464	133328464	1	4
chr3	133781006	134102563	4.5538	138	0.75	0.7609	BND	SGL	BAF_WEIGHTED	298	0.4642	133781006	133781006	1	3
chr3	134102564	134102577	5.8334	0	0	0.8133	SGL	SGL	STRUCTURAL_VARIANT	0	0	134102564	134102564	1	5
chr3	134102578	134110999	4.6304	1	0.7647	0.776	SGL	BND	BAF_WEIGHTED	7	0.4301	134102578	134102578	1	4
chr3	134111000	134290423	7.3858	56	0.8475	0.8569	BND	BND	BAF_WEIGHTED	172	0.397	134111000	134111000	1	6
chr3	134290424	134917543	8.4263	429	0.8679	0.8765	BND	BND	BAF_WEIGHTED	606	0.4453	134290424	134290424	1	7
chr3	134917544	135608056	6.5047	369	0.8379	0.8482	BND	DUP	BAF_WEIGHTED	633	0.4243	134917544	134917544	1	6
chr3	135608057	135629112	8.5115	12	0.8863	0.8953	DUP	DUP	BAF_WEIGHTED	19	0.4091	135608057	135608057	1	8
chr3	135629113	136001392	6.7082	165	0.8364	0.8463	DUP	BND	BAF_WEIGHTED	342	0.4088	135629113	135629113	1	6
chr3	136001393	136434186	7.487	59	0.8582	0.8675	BND	DEL	BAF_WEIGHTED	399	0.4055	136001393	136001393	1	6
chr3	136434187	136434236	6.1608	0	0	0.8315	DEL	DEL	STRUCTURAL_VARIANT	0	0	136434187	136434187	1	5
chr3	136434237	137544213	6.6898	617	0.8349	0.8448	DEL	BND	BAF_WEIGHTED	1002	0.3991	136434237	136434237	1	6
chr3	137544214	142836628	1.024	2215	0.919	1.0012	BND	DUP	BAF_WEIGHTED	4955	0.4149	137544214	137544214	0	1
chr3	142836629	142871123	2.1472	30	0.9375	0.9777	DUP	DUP	BAF_WEIGHTED	34	0.4	142836629	142836629	0	2
chr3	142871124	149327898	1.0251	3648	0.9184	0.997	DUP	BND	BAF_WEIGHTED	6079	0.3646	142871124	142871124	0	1
chr3	149327899	156471428	2.0155	3750	0.5645	0.5708	BND	DUP	BAF_WEIGHTED	6741	0.3832	149327899	149327899	1	1
chr3	156471429	156485570	2.8854	2	0.6873	0.7002	DUP	DUP	BAF_WEIGHTED	13	0.3828	156471429	156471429	1	2
chr3	156485571	167894591	2.002	6603	0.5654	0.5718	DUP	DEL	BAF_WEIGHTED	10561	0.3653	156485571	156485571	1	1
chr3	167894592	167894653	1.5321	0	0	0.5595	DEL	DEL	STRUCTURAL_VARIANT	0	0	167894592	167894592	1	1
chr3	167894654	168112016	1.9841	71	0.5644	0.512	DEL	BND	BAF_WEIGHTED	207	0.3688	167894654	167894654	1	1
chr3	168112017	168240018	2.8739	68	0.6574	0.6682	BND	DEL	BAF_WEIGHTED	122	0.3767	168112017	168112017	1	2
chr3	168240019	168240092	2.5345	0	0	0.5938	DEL	DEL	STRUCTURAL_VARIANT	0	0	168240019	168240019	1	2
chr3	168240093	169724868	3.0178	669	0.6491	0.6589	DEL	DEL	BAF_WEIGHTED	1424	0.367	168240093	168240093	1	2
chr3	169724869	169726043	1.8134	0	0	0.5626	DEL	DEL	BAF_WEIGHTED	1	0.341	169724869	169724869	1	1
chr3	169726044	175514781	2.9996	2880	0.65	0.6599	DEL	DUP	BAF_WEIGHTED	5529	0.3798	169726044	169726044	1	2
chr3	175514782	175737393	3.9149	158	0.7225	0.7337	DUP	DUP	BAF_WEIGHTED	214	0.3493	175514782	175514782	1	3
chr3	175737394	176205097	5.0424	193	0.5867	0.5901	DUP	DEL	BAF_WEIGHTED	426	0.3508	175737394	175737394	2	3
chr3	176205098	176205139	4.6346	0	0	0.642	DEL	DEL	STRUCTURAL_VARIANT	0	0	176205098	176205098	2	3
chr3	176205140	176371092	5.0377	147	0.6067	0.6109	DEL	DUP	BAF_WEIGHTED	152	0.3474	176205140	176205140	2	3
chr3	176371093	176522538	4.0007	101	0.7451	0.7572	DUP	DUP	BAF_WEIGHTED	142	0.3628	176371093	176371093	1	3
chr3	176522539	184541568	3.1059	4399	0.6346	0.6432	DUP	BND	BAF_WEIGHTED	7588	0.3973	176522539	176522539	1	2
chr3	184541569	184541834	5.134	0	0	0.7842	BND	BND	STRUCTURAL_VARIANT	0	0	184541569	184541569	1	4
chr3	184541835	184543965	2.9495	0	0	0.6243	BND	DEL	BAF_WEIGHTED	1	0.54	184541835	184541835	1	2
chr3	184543966	184544019	2.2609	0	0	0.5099	DEL	DEL	STRUCTURAL_VARIANT	0	0	184543966	184543966	1	1
chr3	184544020	189051843	3.09	2558	0.6394	0.6483	DEL	BND	BAF_WEIGHTED	4292	0.4201	184544020	184544020	1	2
chr3	189051844	189487314	5.1547	155	0.7682	0.7785	BND	BND	BAF_WEIGHTED	417	0.3834	189051844	189051844	1	4
chr3	189487315	192245141	3.0422	2215	0.6346	0.6433	BND	BND	BAF_WEIGHTED	2622	0.3687	189487315	189487315	1	2
chr3	192245142	196343471	3.0759	2849	0.6389	0.6478	BND	DEL	BAF_WEIGHTED	3623	0.433	192245142	192245142	1	2
chr3	196343472	196343518	2.1565	0	0	0.5023	DEL	DEL	STRUCTURAL_VARIANT	0	0	196343472	196343472	1	1
chr3	196343519	197175492	3.1551	536	0.6389	0.6476	DEL	DEL	BAF_WEIGHTED	762	0.4332	196343519	196343519	1	2
chr3	197175493	197175545	2.0657	0	0	0.534	DEL	DEL	STRUCTURAL_VARIANT	0	0	197175493	197175493	1	1
chr3	197175546	198295559	3.1081	588	0.6364	0.6451	DEL	TELOMERE	BAF_WEIGHTED	817	0.4288	197175546	197175546	1	2
chr4	1	15080066	2.0261	12916	0.9523	0.9963	TELOMERE	DEL	BAF_WEIGHTED	11993	0.4556	1	1	0	2
chr4	15080067	15081170	1.1924	0	0	0.9938	DEL	DEL	STRUCTURAL_VARIANT	0	0	15080067	15080067	0	1
chr4	15081171	24718964	1.9909	5874	0.9553	1.0005	DEL	DEL	BAF_WEIGHTED	9145	0.3858	15081171	15081171	0	2
chr4	24718965	24719008	1.4584	0	0	0.9994	DEL	DEL	STRUCTURAL_VARIANT	0	0	24718965	24718965	0	1
chr4	24719009	41679548	1.9605	12069	0.9537	0.9995	DEL	BND	BAF_WEIGHTED	16259	0.3784	24719009	24719009	0	2
chr4	41679549	41679629	2.8428	0	0	0.9997	BND	BND	STRUCTURAL_VARIANT	0	0	41679549	41679549	0	3
chr4	41679630	50726025	1.9787	2982	0.9518	0.9973	BND	CENTROMERE	BAF_WEIGHTED	6963	0.3699	41679630	41679630	0	2
chr4	50726026	55864000	1.9667	2368	0.95	0.9952	CENTROMERE	NONE	BAF_WEIGHTED	3643	0.4029	50726026	50726026	0	2
chr4	55864001	56606893	2.3119	303	0.9592	0.9985	NONE	BND	BAF_WEIGHTED	699	0.3987	55864001	55864001	0	2
chr4	56606894	61710268	1.6198	3909	0.9483	1.0029	BND	SGL	BAF_WEIGHTED	4676	0.3629	56606894	56606894	0	2
chr4	61710269	66341071	2.5914	2641	0.9583	0.9933	SGL	BND	BAF_WEIGHTED	4311	0.3444	61710269	61710269	0	3
chr4	66341072	67600005	1.9867	586	0.9556	1.001	BND	DUP	BAF_WEIGHTED	1157	0.3609	66341072	66341072	0	2
chr4	67600006	67610189	3.2103	17	0.9697	0.9986	DUP	DUP	BAF_WEIGHTED	9	0.3894	67600006	67600006	0	3
chr4	67610190	68815744	2.0263	852	0.9565	1.0011	DUP	DEL	BAF_WEIGHTED	1033	0.3681	67610190	67610190	0	2
chr4	68815745	68817131	0.8987	0	0	1	DEL	DEL	STRUCTURAL_VARIANT	0	0	68815745	68815745	0	1
chr4	68817132	73281300	2.0071	2886	0.9558	1.0007	DEL	DEL	BAF_WEIGHTED	3849	0.3681	68817132	68817132	0	2
chr4	73281301	73281336	1.2871	0	0	0.9984	DEL	DEL	STRUCTURAL_VARIANT	0	0	73281301	73281301	0	1
chr4	73281337	82832216	2.0263	6691	0.9547	0.999	DEL	BND	BAF_WEIGHTED	8873	0.3862	73281337	73281337	0	2
chr4	82832217	98088389	1.0362	7331	0.9182	0.9981	BND	DUP	BAF_WEIGHTED	14201	0.3686	82832217	82832217	0	1
chr4	98088390	98101696	1.7411	0	0	0.9989	DUP	DUP	BAF_WEIGHTED	12	0.3529	98088390	98088390	0	2
chr4	98101697	110377475	1.0321	6290	0.9177	0.9975	DUP	BND	BAF_WEIGHTED	11304	0.3748	98101697	98101697	0	1
chr4	110377476	116882598	2.0186	3122	0.9532	0.9976	BND	DEL	BAF_WEIGHTED	6103	0.36	110377476	110377476	0	2
chr4	116882599	116882706	0.0203	0	0	1	DEL	DEL	STRUCTURAL_VARIANT	0	0	116882599	116882599	0	0
chr4	116882707	134472207	2.0117	9150	0.9527	0.9973	DEL	DEL	BAF_WEIGHTED	15868	0.3611	116882707	116882707	0	2
chr4	134472208	134472265	0.3365	0	0	1	DEL	DEL	STRUCTURAL_VARIANT	0	0	134472208	134472208	0	0
chr4	134472266	134656090	1.9453	30	0.9499	0.9954	DEL	DUP	BAF_WEIGHTED	173	0.339	134472266	134472266	0	2
chr4	134656091	134661297	2.8302	2	0.9429	0.9739	DUP	DUP	BAF_WEIGHTED	4	0.3555	134656091	134656091	0	3
chr4	134661298	142470202	1.971	4264	0.9512	0.9965	DUP	DEL	BAF_WEIGHTED	7392	0.3708	134661298	134661298	0	2
chr4	142470203	142470692	0	0	0	1	DEL	DEL	STRUCTURAL_VARIANT	0	0	142470203	142470203	0	0
chr4	142470693	143524948	2.0234	457	0.96	1.005	DEL	DEL	BAF_WEIGHTED	983	0.3748	142470693	142470693	0	2
chr4	143524949	143524987	1.5362	0	0	0.9963	DEL	DEL	STRUCTURAL_VARIANT	0	0	143524949	143524949	0	2
chr4	143524988	147782000	2.0001	1528	0.9524	0.9971	DEL	NONE	BAF_WEIGHTED	3598	0.3828	143524988	143524988	0	2
chr4	147782001	148207000	1.3663	225	0.9286	0.9906	NONE	NONE	BAF_WEIGHTED	406	0.4067	147782001	147782001	0	1
chr4	148207001	148676007	1.9487	278	0.9512	0.997	NONE	BND	BAF_WEIGHTED	444	0.3754	148207001	148207001	0	2
chr4	148676008	148676026	1.0722	0	0	0.9924	BND	BND	STRUCTURAL_VARIANT	0	0	148676008	148676008	0	1
chr4	148676027	152525045	1.9473	1542	0.9501	0.9958	BND	DUP	BAF_WEIGHTED	3647	0.3833	148676027	148676027	0	2
chr4	152525046	152620955	2.8091	46	0.9564	0.9885	DUP	DUP	BAF_WEIGHTED	91	0.4196	152525046	152525046	0	3
chr4	152620956	155281499	1.946	1398	0.9501	0.9958	DUP	BND	BAF_WEIGHTED	2531	0.3969	152620956	152620956	0	2
chr4	155281500	157902910	2.8583	1742	0.9643	0.9964	BND	DUP	BAF_WEIGHTED	2505	0.3601	155281500	155281500	0	3
chr4	157902911	158897637	4.6454	492	0.9773	0.9976	DUP	DUP	BAF_WEIGHTED	913	0.3776	157902911	157902911	0	5
chr4	158897638	169121155	2.7925	7284	0.9678	1.0009	DUP	DUP	BAF_WEIGHTED	9519	0.3633	158897638	158897638	0	3
chr4	169121156	169128135	4.626	2	0.9944	1.0155	DUP	DUP	BAF_WEIGHTED	6	0.3992	169121156	169121156	0	5
chr4	169128136	175259689	2.7599	3065	0.9638	0.9971	DUP	BND	BAF_WEIGHTED	5767	0.3684	169128136	169128136	0	3
chr4	175259690	179193099	3.6867	2777	0.9727	0.9981	BND	SGL	BAF_WEIGHTED	3758	0.3603	175259690	175259690	0	4
chr4	179193100	179193103	4.6606	0	0	0.9985	SGL	SGL	STRUCTURAL_VARIANT	0	0	179193100	179193100	0	5
chr4	179193104	180135644	3.7094	594	0.9718	0.997	SGL	DUP	BAF_WEIGHTED	893	0.356	179193104	179193104	0	4
chr4	180135645	181151061	4.0991	829	0.9744	0.9974	DUP	DUP	BAF_WEIGHTED	981	0.3634	180135645	180135645	0	4
chr4	181151062	181649149	3.6756	317	0.9753	1.0009	DUP	DEL	BAF_WEIGHTED	477	0.3802	181151062	181151062	0	4
chr4	181649150	181649344	0.172	0	0	1	DEL	DEL	STRUCTURAL_VARIANT	0	0	181649150	181649150	0	0
chr4	181649345	183475336	3.7217	1166	0.9739	0.9992	DEL	DEL	BAF_WEIGHTED	1745	0.4027	181649345	181649345	0	4
chr4	183475337	183475373	1.3176	0	0	0.9929	DEL	DEL	STRUCTURAL_VARIANT	0	0	183475337	183475337	0	1
chr4	183475374	190214555	3.7091	5812	0.9723	0.9975	DEL	TELOMERE	BAF_WEIGHTED	5827	0.4088	183475374	183475374	0	4
chr5	1	589514	1.7161	412	0.9444	0.9956	TELOMERE	INV	BAF_WEIGHTED	335	0.5202	1	1	0	2
chr5	589515	596338	2.7559	8	0.6128	0.6208	INV	INV	BAF_WEIGHTED	6	0.4557	589515	589515	1	2
chr5	596339	3095417	3.7144	2166	0.5603	0.5396	INV	DEL	BAF_WEIGHTED	1894	0.489	596339	596339	2	2
chr5	3095418	3095483	3.0767	0	0	0.6428	DEL	DEL	STRUCTURAL_VARIANT	0	0	3095418	3095418	1	2
chr5	3095484	8208333	3.5182	4048	0.5613	0.5621	DEL	INV	BAF_WEIGHTED	4860	0.419	3095484	3095484	2	2
chr5	8208334	8260780	3.3922	20	0.5447	0.5634	INV	INV	BAF_WEIGHTED	49	0.3999	8208334	8208334	1	2
chr5	8260781	9417475	2.5609	977	0.62	0.6293	INV	DUP	BAF_WEIGHTED	1096	0.3885	8260781	8260781	1	2
chr5	9417476	9424113	4.3006	1	0.8	0.8138	DUP	DUP	BAF_WEIGHTED	6	0.4018	9417476	9417476	1	3
chr5	9424114	15371615	2.5895	3552	0.6156	0.6244	DUP	DUP	BAF_WEIGHTED	5726	0.3999	9424114	9424114	1	2
chr5	15371616	15384027	4.1063	0	0	0.6062	DUP	DUP	BAF_WEIGHTED	12	0.4065	15371616	15371616	2	2
chr5	15384028	20031031	2.6026	2564	0.6115	0.6201	DUP	DEL	BAF_WEIGHTED	4303	0.3813	15384028	15384028	1	2
chr5	20031032	20033745	1.2153	1	1	1.0814	DEL	DEL	BAF_WEIGHTED	1	0.299	20031032	20031032	0	1
chr5	20033746	36295147	2.5679	9876	0.6084	0.6168	DEL	DEL	BAF_WEIGHTED	14425	0.3673	20033746	20033746	1	2
chr5	36295148	37825160	1.9773	445	0.572	0.5792	DEL	DEL	BAF_WEIGHTED	1395	0.3918	36295148	36295148	1	1
chr5	37825161	37825192	1.3271	0	0	0.8627	DEL	DEL	STRUCTURAL_VARIANT	0	0	37825161	37825161	0	1
chr5	37825193	48272853	2.0459	4818	0.5651	0.5596	DEL	CENTROMERE	BAF_WEIGHTED	7729	0.3795	37825193	37825193	1	1
chr5	48272854	51036575	2.5936	370	0.7388	0.7571	CENTROMERE	DEL	BAF_WEIGHTED	584	0.3664	48272854	48272854	1	2
chr5	51036576	51855256	3.1377	224	0.6052	0.6118	DEL	BND	BAF_WEIGHTED	756	0.3529	51036576	51036576	1	2
chr5	51855257	51855824	3.9218	0	0	0.5105	BND	BND	STRUCTURAL_VARIANT	0	0	51855257	51855257	2	2
chr5	51855825	51981577	4.3776	148	0.5576	0.5451	BND	INV	BAF_WEIGHTED	120	0.3462	51855825	51855825	2	2
chr5	51981578	51981651	3.1722	0	0	0.6167	INV	INV	STRUCTURAL_VARIANT	0	0	51981578	51981578	1	2
chr5	51981652	54200992	1.9667	1424	0.9494	0.9946	INV	BND	BAF_WEIGHTED	2025	0.3714	51981652	51981652	0	2
chr5	54200993	54207990	1.8426	11	0.9211	0.9663	BND	BND	BAF_WEIGHTED	6	0.3795	54200993	54200993	0	2
chr5	54207991	54213504	6.7709	2	0.9841	0.9982	BND	INV	BAF_WEIGHTED	5	0.3746	54207991	54207991	0	7
chr5	54213505	54213543	2.2646	0	0	0.9943	INV	BND	STRUCTURAL_VARIANT	0	0	54213505	54213505	0	2
chr5	54213544	54437253	2.9373	99	0.9643	0.9956	BND	BND	BAF_WEIGHTED	212	0.3969	54213544	54213544	0	3
chr5	54437254	54959683	1.9326	388	0.9493	0.9953	BND	DEL	BAF_WEIGHTED	476	0.4159	54437254	54437254	0	2
chr5	54959684	54959745	0.9698	0	0	1	DEL	DEL	STRUCTURAL_VARIANT	0	0	54959684	54959684	0	1
chr5	54959746	58991606	1.9902	2500	0.9536	0.9987	DEL	DUP	BAF_WEIGHTED	3766	0.3967	54959746	54959746	0	2
chr5	58991607	59209243	2.9088	179	0.963	0.9945	DUP	DUP	BAF_WEIGHTED	208	0.3777	58991607	58991607	0	3
chr5	59209244	60579754	1.9417	956	0.9545	1.0008	DUP	DEL	BAF_WEIGHTED	1287	0.3723	59209244	59209244	0	2
chr5	60579755	60622761	0.9722	21	0.9375	1	DEL	DEL	BAF_WEIGHTED	35	0.3709	60579755	60579755	0	1
chr5	60622762	70272000	2.0005	4228	0.9542	0.999	DEL	NONE	BAF_WEIGHTED	8276	0.3882	60622762	60622762	0	2
chr5	70272001	71652645	1.0144	110	0.8929	0.9695	NONE	INV	BAF_WEIGHTED	192	0.4046	69534001	71010001	0	1
chr5	71652646	71658900	1.9778	0	0	1.0044	INV	INV	BAF_WEIGHTED	5	0.4154	71652646	71652646	0	2
chr5	71658901	73296386	1.0197	653	0.9259	1.0085	INV	DUP	BAF_WEIGHTED	1556	0.4065	71658901	71658901	0	1
chr5	73296387	73365097	2.1799	27	0.9677	1.0101	DUP	DUP	BAF_WEIGHTED	66	0.4328	73296387	73296387	0	2
chr5	73365098	74430717	0.9939	661	0.913	1	DUP	INV	BAF_WEIGHTED	1026	0.4077	73365098	73365098	0	1
chr5	74430718	74435676	1.7357	2	0.9166	0.9641	INV	INV	BAF_WEIGHTED	4	0.4168	74430718	74430718	0	2
chr5	74435677	76436277	1.0242	1094	0.9091	0.9881	INV	DUP	BAF_WEIGHTED	1838	0.3972	74435677	74435677	0	1
chr5	76436278	76451302	1.983	14	0.9613	1.0073	DUP	DUP	BAF_WEIGHTED	14	0.4074	76436278	76436278	0	2
chr5	76451303	88428377	1.027	5056	0.9211	1.0021	DUP	BND	BAF_WEIGHTED	11156	0.379	76451303	76451303	0	1
chr5	88428378	88546354	6.5247	99	0.989	1.0038	BND	SGL	BAF_WEIGHTED	116	0.364	88428378	88428378	0	7
chr5	88546355	89056830	8.3422	114	0.9909	1.0025	SGL	INV	BAF_WEIGHTED	468	0.3722	88546355	88546355	0	8
chr5	89056831	89056833	2.4562	0	0	0.999	INV	SGL	STRUCTURAL_VARIANT	0	0	89056831	89056831	0	2
chr5	89056834	89057049	6.9064	0	0	0.9996	SGL	INV	STRUCTURAL_VARIANT	0	0	89056834	89056834	0	7
chr5	89057050	91723356	1.0203	905	0.9167	0.9975	INV	DEL	BAF_WEIGHTED	2524	0.3664	89057050	89057050	0	1
chr5	91723357	91723397	0.2791	0	0	1	DEL	DEL	STRUCTURAL_VARIANT	0	0	91723357	91723357	0	0
chr5	91723398	100008031	1.0203	4238	0.9167	0.9975	DEL	BND	BAF_WEIGHTED	7593	0.3681	91723398	91723398	0	1
chr5	100008032	100010663	5.7551	0	0	0.9996	BND	INV	BAF_WEIGHTED	1	0.368	100008032	100008032	0	6
chr5	100010664	100014034	3.3718	0	0	0.9992	INV	INV	BAF_WEIGHTED	3	0.369	100010664	100010664	0	3
chr5	100014035	100224393	0.9986	153	0.9333	1	INV	BND	BAF_WEIGHTED	150	0.3415	100014035	100014035	0	1
chr5	100224394	100246453	2.167	7	0.973	1.0162	BND	DEL	BAF_WEIGHTED	21	0.3646	100224394	100224394	0	2
chr5	100246454	100246888	1.2088	0	0	1.0045	DEL	BND	STRUCTURAL_VARIANT	0	0	100246454	100246454	0	1
chr5	100246889	100365613	1.9516	50	0.9565	1.0028	BND	BND	BAF_WEIGHTED	73	0.3471	100246889	100246889	0	2
chr5	100365614	101629186	1.0245	848	0.9167	0.9972	BND	BND	BAF_WEIGHTED	1097	0.345	100365614	100365614	0	1
chr5	101629187	101700000	1.9289	87	0.9524	0.9988	BND	NONE	BAF_WEIGHTED	68	0.3523	101629187	101629187	0	2
chr5	101700001	104081057	1.0263	1321	0.9169	0.997	NONE	SGL	BAF_WEIGHTED	2236	0.3626	101700001	101700001	0	1
chr5	104081058	104391750	6.5402	166	0.9818	0.9963	SGL	BND	BAF_WEIGHTED	302	0.3394	104081058	104081058	0	7
chr5	104391751	104402530	3.7335	3	0.9836	1.0092	BND	BND	BAF_WEIGHTED	8	0.3583	104391751	104391751	0	4
chr5	104402531	104402938	1.3128	0	0	1.004	BND	INV	STRUCTURAL_VARIANT	0	0	104402531	104402531	0	1
chr5	104402939	104406223	6.3658	0	0	1.0008	INV	BND	BAF_WEIGHTED	2	0.291	104402939	104402939	0	6
chr5	104406224	104406592	10.6521	0	0	1.0005	BND	BND	STRUCTURAL_VARIANT	0	0	104406224	104406224	0	11
chr5	104406593	104406740	6.0578	0	0	1.0009	BND	BND	STRUCTURAL_VARIANT	0	0	104406593	104406593	0	6
chr5	104406741	105346923	1.0362	493	0.9241	1.005	BND	DUP	BAF_WEIGHTED	880	0.3413	104406741	104406741	0	1
chr5	105346924	105512474	3.6441	106	0.9745	1.0003	DUP	BND	BAF_WEIGHTED	162	0.3377	105346924	105346924	0	4
chr5	105512475	105520771	0.6415	0	0	1	BND	BND	BAF_WEIGHTED	1	0.411	105512475	105512475	0	1
chr5	105520772	105520903	3.6488	0	0	1.0003	BND	INV	STRUCTURAL_VARIANT	0	0	105520772	105520772	0	4
chr5	105520904	105521238	8.2793	0	0	1.0001	INV	DUP	STRUCTURAL_VARIANT	0	0	105520904	105520904	0	8
chr5	105521239	105526330	5.4353	1	0.9712	0.9883	DUP	INV	BAF_WEIGHTED	4	0.329	105521239	105521239	0	5
chr5	105526331	105531670	1.0711	0	0	0.9225	INV	DEL	BAF_WEIGHTED	4	0.4105	105526331	105526331	0	1
chr5	105531671	105531992	1.8379	0	0	0.9549	DEL	BND	STRUCTURAL_VARIANT	0	0	105531671	105531671	0	2
chr5	105531993	105532172	1.1722	0	0	0.9292	BND	BND	STRUCTURAL_VARIANT	0	0	105531993	105531993	0	1
chr5	105532173	105538839	5.4331	3	0.9677	0.9847	BND	SGL	BAF_WEIGHTED	5	0.3182	105532173	105532173	0	5
chr5	105538840	107413495	1.017	821	0.9125	0.9928	SGL	DUP	BAF_WEIGHTED	1784	0.3489	105538840	105538840	0	1
chr5	107413496	107986575	1.9719	445	0.954	0.9995	DUP	DUP	BAF_WEIGHTED	565	0.3831	107413496	107413496	0	2
chr5	107986576	111419064	1.0171	1717	0.917	0.9983	DUP	DEL	BAF_WEIGHTED	3170	0.3704	107986576	107986576	0	1
chr5	111419065	111444630	0.0289	15	0.7067	1	DEL	DEL	BAF_WEIGHTED	23	0.3758	111419065	111419065	0	0
chr5	111444631	115071165	1.0269	2480	0.912	0.9917	DEL	BND	BAF_WEIGHTED	3373	0.3893	111444631	111444631	0	1
chr5	115071166	115071607	2.2116	0	0	0.9962	BND	BND	STRUCTURAL_VARIANT	0	0	115071166	115071166	0	2
chr5	115071608	115929167	0.9896	362	0.9199	1	BND	BND	BAF_WEIGHTED	800	0.3866	115071608	115071608	0	1
chr5	115929168	123785792	1.9482	5042	0.9535	0.9994	BND	DUP	BAF_WEIGHTED	7329	0.3703	115929168	115929168	0	2
chr5	123785793	123789370	2.3827	3	0.9556	0.9934	DUP	DUP	BAF_WEIGHTED	3	0.3903	123785793	123785793	0	2
chr5	123789371	125038619	1.9127	699	0.9545	1.0015	DUP	DEL	BAF_WEIGHTED	1197	0.3893	123789371	123789371	0	2
chr5	125038620	125038685	0.7408	0	0	1	DEL	DEL	STRUCTURAL_VARIANT	0	0	125038620	125038620	0	1
chr5	125038686	129402905	1.9484	3135	0.9553	1.0014	DEL	DEL	BAF_WEIGHTED	4091	0.3806	125038686	125038686	0	2
chr5	129402906	129402944	1.5603	0	0	1.0018	DEL	DEL	STRUCTURAL_VARIANT	0	0	129402906	129402906	0	2
chr5	129402945	132627011	1.9563	1407	0.9545	1.0004	DEL	DUP	BAF_WEIGHTED	2963	0.3887	129402945	129402945	0	2
chr5	132627012	132637600	2.9716	0	0	1.0003	DUP	DUP	BAF_WEIGHTED	9	0.3979	132627012	132627012	0	3
chr5	132637601	132870669	1.9494	135	0.9535	0.9995	DUP	DEL	BAF_WEIGHTED	214	0.4546	132637601	132637601	0	2
chr5	132870670	132870703	0.7912	0	0	1	DEL	DEL	STRUCTURAL_VARIANT	0	0	132870670	132870670	0	1
chr5	132870704	133951077	2.0232	646	0.9518	0.996	DEL	BND	BAF_WEIGHTED	1032	0.4548	132870704	132870704	0	2
chr5	133951078	134140811	1.9235	71	0.9556	1.0025	BND	DUP	BAF_WEIGHTED	179	0.4911	133951078	133951078	0	2
chr5	134140812	134143204	3.4278	3	0.9857	1.0137	DUP	DUP	BAF_WEIGHTED	2	0.544	134140812	134140812	0	3
chr5	134143205	134798490	1.9937	116	0.95	0.9946	DUP	DUP	BAF_WEIGHTED	625	0.4443	134143205	134143205	0	2
chr5	134798491	135016517	2.8819	21	0.9677	0.9997	DUP	DUP	BAF_WEIGHTED	204	0.4304	134798491	134798491	0	3
chr5	135016518	137233699	1.9857	1252	0.9512	0.9961	DUP	DEL	BAF_WEIGHTED	2103	0.4317	135016518	135016518	0	2
chr5	137233700	137233761	1.2218	0	0	1.0009	DEL	DEL	STRUCTURAL_VARIANT	0	0	137233700	137233700	0	1
chr5	137233762	145507613	2.0381	3398	0.9563	1.0005	DEL	DUP	BAF_WEIGHTED	7751	0.4235	137233762	137233762	0	2
chr5	145507614	145542064	2.8222	10	0.9597	0.9919	DUP	DUP	BAF_WEIGHTED	32	0.3787	145507614	145507614	0	3
chr5	145542065	167549183	2.0345	12660	0.9551	0.9993	DUP	BND	BAF_WEIGHTED	20828	0.3999	145542065	145542065	0	2
chr5	167549184	181538259	1.0446	8321	0.917	0.9956	BND	TELOMERE	BAF_WEIGHTED	12005	0.4564	167549184	167549184	0	1
chr6	1	2254320	0.9995	1335	0.9123	0.9959	TELOMERE	DUP	BAF_WEIGHTED	1856	0.43	1	1	0	1
chr6	2254321	2260133	1.9691	1	1	1.0502	DUP	DUP	BAF_WEIGHTED	5	0.4286	2254321	2254321	0	2
chr6	2260134	12877518	1.0133	7431	0.917	0.9981	DUP	INV	BAF_WEIGHTED	10066	0.4166	2260134	2260134	0	1
chr6	12877519	16280901	3.8569	1707	0.7345	0.7465	INV	BND	BAF_WEIGHTED	3298	0.4283	12877519	12877519	1	3
chr6	16280902	16732887	2.8747	292	0.6422	0.652	BND	DUP	BAF_WEIGHTED	434	0.4221	16280902	16280902	1	2
chr6	16732888	16766367	3.7608	26	0.5403	0.5318	DUP	DUP	BAF_WEIGHTED	31	0.4137	16732888	16732888	2	2
chr6	16766368	21225443	2.8975	2054	0.6506	0.6609	DUP	DUP	BAF_WEIGHTED	4269	0.3986	16766368	16766368	1	2
chr6	21225444	21236437	5.0515	7	0.8081	0.8202	DUP	DUP	BAF_WEIGHTED	10	0.4315	21225444	21225444	1	4
chr6	21236438	22234000	2.9479	527	0.6439	0.6535	DUP	NONE	BAF_WEIGHTED	950	0.4146	21236438	21236438	1	2
chr6	22234001	25290478	3.8969	2043	0.7271	0.7387	NONE	DEL	BAF_WEIGHTED	2888	0.3852	22234001	22234001	1	3
chr6	25290479	25290512	2.6816	0	0	0.6202	DEL	DEL	STRUCTURAL_VARIANT	0	0	25290479	25290479	1	2
chr6	25290513	26593144	3.7059	834	0.7289	0.7412	DEL	BND	BAF_WEIGHTED	1269	0.4081	25290513	25290513	1	3
chr6	26593145	26593154	4.8517	0	0	0.5662	BND	BND	STRUCTURAL_VARIANT	0	0	26593145	26593145	2	3
chr6	26593155	26593293	3.9247	0	0	0.6999	BND	DEL	STRUCTURAL_VARIANT	0	0	26593155	26593155	1	3
chr6	26593294	26593303	2.992	0	0	0.9181	DEL	DEL	STRUCTURAL_VARIANT	0	0	26593294	26593294	0	3
chr6	26593304	27345199	3.8262	156	0.7214	0.7328	DEL	INV	BAF_WEIGHTED	392	0.4074	26593304	26593304	1	3
chr6	27345200	27345244	4.7163	0	0	0.7833	INV	INV	STRUCTURAL_VARIANT	0	0	27345200	27345200	1	4
chr6	27345245	27568416	3.9357	2	0.7897	0.8043	INV	DUP	BAF_WEIGHTED	215	0.4027	27345245	27345245	1	3
chr6	27568417	27569660	4.9158	0	0	0.7437	DUP	DUP	STRUCTURAL_VARIANT	0	0	27568417	27568417	1	4
chr6	27569661	27751000	3.9159	2	0.6697	0.6783	DUP	NONE	BAF_WEIGHTED	177	0.4259	27569661	27569661	1	3
chr6	27751001	27911986	3.2578	1	0.7073	0.7199	NONE	DEL	BAF_WEIGHTED	147	0.4195	27751001	27751001	1	2
chr6	27911987	27940636	2.9213	0	0	0.658	DEL	DEL	BAF_WEIGHTED	28	0.3663	27911987	27911987	1	2
chr6	27940637	29133452	3.8732	564	0.7303	0.7421	DEL	DEL	BAF_WEIGHTED	1120	0.4035	27940637	27940637	1	3
chr6	29133453	29133514	3.1104	0	0	0.9241	DEL	DEL	STRUCTURAL_VARIANT	0	0	29133453	29133453	0	3
chr6	29133515	29421324	4.1147	255	0.7407	0.7523	DEL	SGL	BAF_WEIGHTED	252	0.3686	29133515	29133515	1	3
chr6	29421325	29421339	3.6013	0	0	0.8424	SGL	SGL	STRUCTURAL_VARIANT	0	0	29421325	29421325	1	3
chr6	29421340	30250000	3.9997	1495	0.7463	0.7585	SGL	NONE	BAF_WEIGHTED	752	0.4457	29421340	29421340	1	3
chr6	30250001	30986455	4.9831	734	0.5859	0.5893	NONE	BND	BAF_WEIGHTED	684	0.4642	30247001	30253001	2	3
chr6	30986456	32013500	4.0934	2419	0.5479	0.5107	BND	NONE	BAF_WEIGHTED	879	0.4816	30986456	30986456	2	2
chr6	32013501	35518919	3.0551	5084	0.6526	0.6624	NONE	DUP	BAF_WEIGHTED	3048	0.471	31980001	32047001	1	2
chr6	35518920	35524240	3.7589	4	0.5558	0.5321	DUP	DUP	BAF_WEIGHTED	5	0.5258	35518920	35518920	2	2
chr6	35524241	39198000	2.9621	1840	0.6458	0.6555	DUP	NONE	BAF_WEIGHTED	3563	0.4409	35524241	35524241	1	2
chr6	39198001	39231000	2.1137	17	0.6964	0.7148	NONE	NONE	BAF_WEIGHTED	32	0.5161	39198001	39198001	1	2
chr6	39231001	40314907	3.0302	696	0.6486	0.6583	NONE	INV	BAF_WEIGHTED	1042	0.4334	39231001	39231001	1	2
chr6	40314908	41448740	4.0063	763	0.5484	0.5008	INV	INV	BAF_WEIGHTED	1096	0.4568	40314908	40314908	2	2
chr6	41448741	41453520	4.5744	0	0	0.5628	INV	INV	BAF_WEIGHTED	4	0.5268	41448741	41448741	2	3
chr6	41453521	41753296	3.8326	164	0.5484	0.5218	INV	BND	BAF_WEIGHTED	273	0.5196	41453521	41453521	2	2
chr6	41753297	41911128	6.7023	36	0.6908	0.6965	BND	BND	BAF_WEIGHTED	150	0.4454	41753297	41753297	2	5
chr6	41911129	42262309	5.7184	289	0.6364	0.6411	BND	BND	BAF_WEIGHTED	332	0.4784	41911129	41911129	2	4
chr6	42262310	43720000	4.6178	505	0.7727	0.7844	BND	NONE	BAF_WEIGHTED	1389	0.4659	42262310	42262310	1	4
chr6	43720001	49096776	2.9721	2719	0.6579	0.6684	NONE	DEL	BAF_WEIGHTED	5056	0.4014	43720001	43720001	1	2
chr6	49096777	49096825	1.3262	0	0	0.7432	DEL	DEL	STRUCTURAL_VARIANT	0	0	49096777	49096777	0	1
chr6	49096826	51917855	2.9625	1561	0.6579	0.6684	DEL	DEL	BAF_WEIGHTED	2624	0.3657	49096826	49096826	1	2
chr6	51917856	51922503	2.1472	7	0.5556	0.5343	DEL	DEL	BAF_WEIGHTED	1	0.386	51917856	51917856	1	1
chr6	51922504	54652000	2.9572	1668	0.6508	0.6609	DEL	NONE	BAF_WEIGHTED	2519	0.3984	51922504	51922504	1	2
chr6	54652001	55970405	4.9916	504	0.5973	0.6012	NONE	BND	BAF_WEIGHTED	1235	0.3528	54650001	54652001	2	3
chr6	55970406	59191910	3.8877	1394	0.5507	0.5145	BND	CENTROMERE	BAF_WEIGHTED	1314	0.3767	55970406	55970406	2	2
chr6	59191911	62822308	3.917	1013	0.5441	0.5103	CENTROMERE	BND	BAF_WEIGHTED	1480	0.3521	59191911	59191911	2	2
chr6	62822309	62822524	5.1014	0	0	0.609	BND	BND	STRUCTURAL_VARIANT	0	0	62822309	62822309	2	3
chr6	62822525	70549654	3.8973	4410	0.5485	0.5118	BND	BND	BAF_WEIGHTED	7161	0.3523	62822525	62822525	2	2
chr6	70549655	71943942	3.0015	714	0.6548	0.665	BND	BND	BAF_WEIGHTED	1276	0.3789	70549655	70549655	1	2
chr6	71943943	75891820	2.001	2033	0.5652	0.5716	BND	DEL	BAF_WEIGHTED	3617	0.3773	71943943	71943943	1	1
chr6	75891821	75891866	1.3619	0	0	0.6294	DEL	DEL	STRUCTURAL_VARIANT	0	0	75891821	75891821	1	1
chr6	75891867	76779603	1.9989	239	0.5701	0.5771	DEL	DEL	BAF_WEIGHTED	787	0.369	75891867	75891867	1	1
chr6	76779604	76780215	0.5664	0	0	1	DEL	DEL	STRUCTURAL_VARIANT	0	0	76779604	76779604	0	1
chr6	76780216	81465798	2.0075	2829	0.566	0.5725	DEL	DEL	BAF_WEIGHTED	4145	0.3627	76780216	76780216	1	1
chr6	81465799	81466816	1.0364	0	0	0.828	DEL	DEL	STRUCTURAL_VARIANT	0	0	81465799	81465799	0	1
chr6	81466817	81617584	1.9778	94	0.56	0.5056	DEL	DEL	BAF_WEIGHTED	131	0.3523	81466817	81466817	1	1
chr6	81617585	81617623	1.2471	0	0	0.6737	DEL	DEL	STRUCTURAL_VARIANT	0	0	81617585	81617585	0	1
chr6	81617624	83259219	1.9695	890	0.5667	0.5734	DEL	DUP	BAF_WEIGHTED	1523	0.3764	81617624	81617624	1	1
chr6	83259220	84729817	2.4507	721	0.5926	0.6001	DUP	DUP	BAF_WEIGHTED	1315	0.3762	83259220	83259220	1	1
chr6	84729818	89497000	1.9944	2806	0.5665	0.5731	DUP	NONE	BAF_WEIGHTED	4316	0.3922	84729818	84729818	1	1
chr6	89497001	89848361	2.9665	91	0.6709	0.6823	NONE	INV	BAF_WEIGHTED	348	0.4269	89497001	89497001	1	2
chr6	89848362	102634526	1.9848	6695	0.5651	0.5643	INV	DEL	BAF_WEIGHTED	12003	0.3602	89848362	89848362	1	1
chr6	102634527	102635073	1.1624	0	0	0.7439	DEL	DEL	STRUCTURAL_VARIANT	0	0	102634527	102634527	0	1
chr6	102635074	103187888	1.9744	374	0.5714	0.5786	DEL	DEL	BAF_WEIGHTED	518	0.3419	102635074	102635074	1	1
chr6	103187889	103187925	1.3083	0	0	0.646	DEL	DEL	STRUCTURAL_VARIANT	0	0	103187889	103187889	0	1
chr6	103187926	104136788	1.981	662	0.5667	0.5734	DEL	DEL	BAF_WEIGHTED	852	0.3466	103187926	103187926	1	1
chr6	104136789	104136827	1.3609	0	0	0.621	DEL	DEL	STRUCTURAL_VARIANT	0	0	104136789	104136789	1	1
chr6	104136828	104791010	1.9498	417	0.5625	0.5129	DEL	BND	BAF_WEIGHTED	610	0.3727	104136828	104136828	1	1
chr6	104791011	104793727	2.8477	1	0.6863	0.6992	BND	BND	BAF_WEIGHTED	1	0.384	104791011	104791011	1	2
chr6	104793728	107110861	1.9691	1369	0.5667	0.5734	BND	DUP	BAF_WEIGHTED	2213	0.4055	104793728	104793728	1	1
chr6	107110862	107113489	3.4212	0	0	0.7545	DUP	DUP	BAF_WEIGHTED	2	0.464	107110862	107110862	1	3
chr6	107113490	107282024	2.0445	61	0.5614	0.5109	DUP	INV	BAF_WEIGHTED	160	0.424	107113490	107113490	1	1
chr6	107282025	107918478	2.9658	252	0.6596	0.6702	INV	DUP	BAF_WEIGHTED	602	0.4111	107282025	107282025	1	2
chr6	107918479	107932509	4.2653	3	0.75	0.7616	DUP	DUP	BAF_WEIGHTED	13	0.396	107918479	107918479	1	3
chr6	107932510	111142717	2.976	1363	0.6591	0.6697	DUP	BND	BAF_WEIGHTED	2987	0.4124	107932510	107932510	1	2
chr6	111142718	111156740	4.1168	5	0.5333	0.5142	BND	INV	BAF_WEIGHTED	12	0.3991	111142718	111142718	2	2
chr6	111156741	118440419	2.9404	3069	0.6568	0.6674	INV	DUP	BAF_WEIGHTED	6785	0.3765	111156741	111156741	1	2
chr6	118440420	118464695	3.9794	0	0	0.5082	DUP	DUP	BAF_WEIGHTED	23	0.3748	118440420	118440420	2	2
chr6	118464696	124453424	2.9157	3199	0.6604	0.6713	DUP	BND	BAF_WEIGHTED	5660	0.3642	118464696	118464696	1	2
chr6	124453425	124453520	2.1047	0	0	0.9299	BND	BND	STRUCTURAL_VARIANT	0	0	124453425	124453425	0	2
chr6	124453521	125680347	2.9223	743	0.6676	0.679	BND	DUP	BAF_WEIGHTED	1158	0.3784	124453521	124453521	1	2
chr6	125680348	125689636	4.1461	12	0.5232	0.5176	DUP	DUP	BAF_WEIGHTED	8	0.3601	125680348	125680348	2	2
chr6	125689637	128474720	2.9221	783	0.6577	0.6684	DUP	DUP	BAF_WEIGHTED	2624	0.3642	125689637	125689637	1	2
chr6	128474721	128481750	3.7592	2	0.7783	0.793	DUP	DUP	BAF_WEIGHTED	5	0.3802	128474721	128474721	1	3
chr6	128481751	130433541	2.9291	1229	0.66	0.6708	DUP	DEL	BAF_WEIGHTED	1839	0.3709	128481751	128481751	1	2
chr6	130433542	130433583	2.4776	0	0	0.6108	DEL	DEL	STRUCTURAL_VARIANT	0	0	130433542	130433542	1	2
chr6	130433584	131523243	2.9393	552	0.6667	0.6779	DEL	DUP	BAF_WEIGHTED	1013	0.3865	130433584	130433584	1	2
chr6	131523244	131526855	5.2563	1	0.7625	0.7724	DUP	DUP	BAF_WEIGHTED	2	0.413	131523244	131523244	1	4
chr6	131526856	135807660	2.9104	2522	0.6592	0.6701	DUP	BND	BAF_WEIGHTED	4119	0.3848	131526856	131526856	1	2
chr6	135807661	137501309	1.8943	871	0.5718	0.5792	BND	INV	BAF_WEIGHTED	1620	0.3958	135807661	135807661	1	1
chr6	137501310	138821923	4.7937	706	0.7971	0.8094	INV	DEL	BAF_WEIGHTED	1272	0.4079	137501310	137501310	1	4
chr6	138821924	138821977	3.8079	0	0	0.76	DEL	DEL	STRUCTURAL_VARIANT	0	0	138821924	138821924	1	3
chr6	138821978	139176530	4.7136	232	0.7945	0.8069	DEL	DEL	BAF_WEIGHTED	336	0.4051	138821978	138821978	1	4
chr6	139176531	139176567	3.9052	0	0	0.7608	DEL	DEL	STRUCTURAL_VARIANT	0	0	139176531	139176531	1	3
chr6	139176568	142713555	4.7741	1448	0.7922	0.8043	DEL	DUP	BAF_WEIGHTED	3357	0.365	139176568	139176568	1	4
chr6	142713556	142728388	5.9643	1	0.8316	0.8426	DUP	DUP	BAF_WEIGHTED	14	0.4046	142713556	142713556	1	5
chr6	142728389	145674089	4.7792	1344	0.7922	0.8043	DUP	DUP	BAF_WEIGHTED	2821	0.3882	142728389	142728389	1	4
chr6	145674090	145686815	6.8433	18	0.8497	0.8598	DUP	DUP	BAF_WEIGHTED	5	0.343	145674090	145674090	1	6
chr6	145686816	146625705	4.7762	528	0.7957	0.8079	DUP	INV	BAF_WEIGHTED	877	0.3689	145686816	145686816	1	4
chr6	146625706	152249166	5.7617	3425	0.657	0.6624	INV	DEL	BAF_WEIGHTED	5353	0.4093	146625706	146625706	2	4
chr6	152249167	152249215	4.1942	0	0	0.9099	DEL	DEL	STRUCTURAL_VARIANT	0	0	152249167	152249167	0	4
chr6	152249216	153785958	5.7886	942	0.6631	0.6686	DEL	DEL	BAF_WEIGHTED	1469	0.3698	152249216	152249216	2	4
chr6	153785959	153914534	4.9078	133	0.7838	0.7952	DEL	DUP	BAF_WEIGHTED	125	0.3825	153785959	153785959	1	4
chr6	153914535	153917909	7.953	3	0.8762	0.8856	DUP	DUP	BAF_WEIGHTED	2	0.3605	153914535	153914535	1	7
chr6	153917910	154563264	4.8303	371	0.795	0.8073	DUP	DEL	BAF_WEIGHTED	627	0.3993	153917910	153917910	1	4
chr6	154563265	154621342	5.2218	50	0.6488	0.6545	DEL	INV	BAF_WEIGHTED	57	0.4112	154563265	154563265	2	3
chr6	154621343	156225803	4.7598	939	0.7981	0.8104	INV	BND	BAF_WEIGHTED	1561	0.3975	154621343	154621343	1	4
chr6	156225804	157659000	3.7447	755	0.7411	0.7539	BND	NONE	BAF_WEIGHTED	1376	0.4254	156225804	156225804	1	3
chr6	157659001	157799231	4.7409	180	0.589	0.5927	NONE	INV	BAF_WEIGHTED	126	0.4537	157659001	157659001	2	3
chr6	157799232	157811602	4.0806	3	0.803	0.8177	INV	INV	BAF_WEIGHTED	11	0.4009	157799232	157799232	1	3
chr6	157811603	160162244	4.7846	1328	0.5942	0.5981	INV	INV	BAF_WEIGHTED	2221	0.44	157811603	157811603	2	3
chr6	160162245	160538103	3.8913	406	0.7373	0.7493	INV	DUP	BAF_WEIGHTED	325	0.4169	160162245	160162245	1	3
chr6	160538104	160629000	5.713	29	0.8132	0.824	DUP	NONE	BAF_WEIGHTED	59	0.4103	160538104	160538104	1	5
chr6	160629001	161234437	6.6052	313	0.7031	0.7092	NONE	DUP	BAF_WEIGHTED	531	0.4085	160611001	160647001	2	5
chr6	161234438	163807512	4.7339	1802	0.59	0.5937	DUP	BND	BAF_WEIGHTED	2518	0.406	161234438	161234438	2	3
chr6	163807513	163809711	5.4532	0	0	0.6473	BND	INV	BAF_WEIGHTED	1	0.391	163807513	163807513	2	4
chr6	163809712	166384216	4.7077	1646	0.5906	0.5944	INV	DEL	BAF_WEIGHTED	2415	0.4005	163809712	163809712	2	3
chr6	166384217	166384256	4.1621	0	0	0.5412	DEL	DEL	STRUCTURAL_VARIANT	0	0	166384217	166384217	2	2
chr6	166384257	166707000	4.7693	259	0.5895	0.5932	DEL	NONE	BAF_WEIGHTED	302	0.4777	166384257	166384257	2	3
chr6	166707001	170805979	5.7681	3050	0.6575	0.6629	NONE	TELOMERE	BAF_WEIGHTED	3378	0.4583	166707001	166707001	2	4
chr7	1	12222440	2.0576	9061	0.9551	0.9986	TELOMERE	DEL	BAF_WEIGHTED	10155	0.4334	1	1	0	2
chr7	12222441	12224466	1.1301	1	0.9444	1.0222	DEL	DEL	BAF_WEIGHTED	1	0.386	12222441	12222441	0	1
chr7	12224467	12729704	1.9749	528	0.9583	1.0042	DEL	BND	BAF_WEIGHTED	472	0.3708	12224467	12224467	0	2
chr7	12729705	14311724	2.947	876	0.658	0.6686	BND	INV	BAF_WEIGHTED	1483	0.3578	12729705	12729705	1	2
chr7	14311725	14311752	2.0673	0	0	0.5276	INV	BND	STRUCTURAL_VARIANT	0	0	14311725	14311725	1	1
chr7	14311753	14321786	2.9347	19	0.6037	0.6106	BND	INV	BAF_WEIGHTED	2	0.3435	14311753	14311753	1	2
chr7	14321787	15710250	1.9545	1141	0.5667	0.5735	INV	DEL	BAF_WEIGHTED	1337	0.3495	14321787	14321787	1	1
chr7	15710251	15715162	1.1912	4	0.899	0.9652	DEL	DEL	BAF_WEIGHTED	4	0.3215	15710251	15710251	0	1
chr7	15715163	17568522	1.9414	1086	0.5652	0.5718	DEL	DEL	BAF_WEIGHTED	1779	0.37	15715163	15715163	1	1
chr7	17568523	17568557	0.9778	0	0	1	DEL	DEL	STRUCTURAL_VARIANT	0	0	17568523	17568523	0	1
chr7	17568558	23857194	1.9806	4196	0.5655	0.572	DEL	DEL	BAF_WEIGHTED	5911	0.3821	17568558	17568558	1	1
chr7	23857195	23857256	1.2695	0	0	0.8925	DEL	DEL	STRUCTURAL_VARIANT	0	0	23857195	23857195	0	1
chr7	23857257	28110462	1.979	2085	0.5671	0.5693	DEL	BND	BAF_WEIGHTED	4012	0.4089	23857257	23857257	1	1
chr7	28110463	28110614	2.9813	0	0	0.6248	BND	BND	STRUCTURAL_VARIANT	0	0	28110463	28110463	1	2
chr7	28110615	37684333	1.9832	5745	0.5667	0.5641	BND	DEL	BAF_WEIGHTED	8355	0.4118	28110615	28110615	1	1
chr7	37684334	37684367	1.2144	0	0	0.7119	DEL	DEL	STRUCTURAL_VARIANT	0	0	37684334	37684334	0	1
chr7	37684368	42448644	1.979	2488	0.5667	0.5734	DEL	BND	BAF_WEIGHTED	4515	0.395	37684368	37684368	1	1
chr7	42448645	42865360	2.9658	374	0.6608	0.6716	BND	DEL	BAF_WEIGHTED	391	0.3921	42448645	42448645	1	2
chr7	42865361	42865398	2.3989	0	0	0.5832	DEL	DEL	STRUCTURAL_VARIANT	0	0	42865361	42865361	1	1
chr7	42865399	49791234	3.0221	4127	0.6588	0.6692	DEL	DUP	BAF_WEIGHTED	6290	0.4226	42865399	42865399	1	2
chr7	49791235	50651292	4.0564	564	0.5479	0.5074	DUP	DEL	BAF_WEIGHTED	824	0.4058	49791235	49791235	2	2
chr7	50651293	50677593	3.1784	17	0.5833	0.5885	DEL	BND	BAF_WEIGHTED	25	0.4975	50651293	50651293	1	2
chr7	50677594	50688015	2.342	9	0.5996	0.6211	BND	DUP	BAF_WEIGHTED	10	0.4219	50677594	50677594	1	1
chr7	50688016	50712868	3.8881	13	0.7361	0.7481	DUP	DUP	BAF_WEIGHTED	23	0.4277	50688016	50688016	1	3
chr7	50712869	50730163	2.814	7	0.6959	0.71	DUP	DEL	BAF_WEIGHTED	17	0.4617	50712869	50712869	1	2
chr7	50730164	53557125	3.9679	1830	0.5473	0.5043	DEL	DEL	BAF_WEIGHTED	2596	0.3908	50730164	50730164	2	2
chr7	53557126	53557181	2.8064	0	0	0.717	DEL	DEL	STRUCTURAL_VARIANT	0	0	53557126	53557126	1	2
chr7	53557182	58103692	3.9801	3126	0.5489	0.5055	DEL	DEL	BAF_WEIGHTED	3165	0.4088	53557182	53557182	2	2
chr7	58103693	58103734	3.0712	0	0	0.6551	DEL	DEL	STRUCTURAL_VARIANT	0	0	58103693	58103693	1	2
chr7	58103735	59498943	4.6579	0	0	0.568	DEL	CENTROMERE	NON_DIPLOID	13	0.3498	58103735	58103735	2	3
chr7	59498944	64595902	3.9978	1464	0.5479	0.5077	CENTROMERE	SGL	BAF_WEIGHTED	1329	0.3945	59498944	59498944	2	2
chr7	64595903	64595918	4.6555	0	0	0.564	SGL	SGL	STRUCTURAL_VARIANT	0	0	64595903	64595903	2	3
chr7	64595919	64635859	3.8798	0	0	0.5232	SGL	DEL	BAF_WEIGHTED	38	0.4382	64595919	64595919	2	2
chr7	64635860	64637102	2.4635	0	0	0.8239	DEL	DEL	BAF_WEIGHTED	1	0.474	64635860	64635860	0	2
chr7	64637103	66821314	4.0583	1258	0.5466	0.5072	DEL	DEL	BAF_WEIGHTED	1341	0.4344	64637103	64637103	2	2
chr7	66821315	66821351	3.3133	0	0	0.6639	DEL	DEL	STRUCTURAL_VARIANT	0	0	66821315	66821315	1	2
chr7	66821352	68369404	4.2175	1874	0.5502	0.5216	DEL	DEL	BAF_WEIGHTED	1180	0.4457	66821352	66821352	2	2
chr7	68369405	68369666	3.2577	0	0	0.6753	DEL	DEL	STRUCTURAL_VARIANT	0	0	68369405	68369405	1	2
chr7	68369667	69125465	4.43	694	0.5541	0.5485	DEL	DEL	BAF_WEIGHTED	745	0.4309	68369667	68369667	2	2
chr7	69125466	69489258	3.4168	248	0.6903	0.7013	DEL	DUP	BAF_WEIGHTED	359	0.4428	69125466	69125466	1	2
chr7	69489259	69505868	4.708	13	0.7576	0.7684	DUP	DUP	BAF_WEIGHTED	15	0.4572	69489259	69489259	1	4
chr7	69505869	70220040	3.045	361	0.6904	0.7027	DUP	DEL	BAF_WEIGHTED	700	0.4013	69505869	69505869	1	2
chr7	70220041	70220128	2.3333	0	0	0.5685	DEL	DEL	STRUCTURAL_VARIANT	0	0	70220041	70220041	1	1
chr7	70220129	71930045	3.3382	1261	0.6874	0.6984	DEL	DEL	BAF_WEIGHTED	1678	0.4363	70220129	70220129	1	2
chr7	71930046	71930083	2.759	0	0	0.6351	DEL	DEL	STRUCTURAL_VARIANT	0	0	71930046	71930046	1	2
chr7	71930084	72840876	3.4926	534	0.6984	0.7096	DEL	DEL	BAF_WEIGHTED	604	0.435	71930084	71930084	1	2
chr7	72840877	74613253	3.0687	650	0.6599	0.67	DEL	DUP	BAF_WEIGHTED	1171	0.5069	72840877	72840877	1	2
chr7	74613254	74618749	3.6673	0	0	0.5606	DUP	BND	BAF_WEIGHTED	4	0.4798	74613254	74613254	2	2
chr7	74618750	74619075	4.31	0	0	0.523	BND	DUP	STRUCTURAL_VARIANT	0	0	74618750	74618750	2	2
chr7	74619076	74661117	3.8205	9	0.5455	0.5235	DUP	BND	BAF_WEIGHTED	36	0.4876	74619076	74619076	2	2
chr7	74661118	74661350	4.3795	0	0	0.5433	BND	DEL	STRUCTURAL_VARIANT	0	0	74661118	74661118	2	2
chr7	74661351	74661498	3.5045	0	0	0.5707	DEL	BND	STRUCTURAL_VARIANT	0	0	74661351	74661351	2	2
chr7	74661499	74661515	2.7169	0	0	0.7361	BND	BND	STRUCTURAL_VARIANT	0	0	74661499	74661499	1	2
chr7	74661516	74661624	3.9293	0	0	0.509	BND	DEL	STRUCTURAL_VARIANT	0	0	74661516	74661516	2	2
chr7	74661625	74661698	3.8851	0	0	0.5148	DEL	INV	STRUCTURAL_VARIANT	0	0	74661625	74661625	2	2
chr7	74661699	74661792	3.0914	0	0	0.647	INV	DEL	STRUCTURAL_VARIANT	0	0	74661699	74661699	1	2
chr7	74661793	74661832	3.9665	0	0	0.5042	DEL	BND	STRUCTURAL_VARIANT	0	0	74661793	74661793	2	2
chr7	74661833	74676725	2.8769	3	0.6923	0.7055	BND	BND	BAF_WEIGHTED	14	0.4471	74661833	74661833	1	2
chr7	74676726	74677010	3.7236	0	0	0.5609	BND	DEL	STRUCTURAL_VARIANT	0	0	74676726	74676726	2	2
chr7	74677011	74677166	3.9235	0	0	0.5323	DEL	INV	STRUCTURAL_VARIANT	0	0	74677011	74677011	2	2
chr7	74677167	74984815	3.201	54	0.6436	0.6524	INV	DEL	BAF_WEIGHTED	53	0.4121	74677167	74677167	1	2
chr7	74984816	75267500	4.0058	37	0.7146	0.7252	DEL	NONE	BAF_WEIGHTED	59	0.5132	74984816	74984816	1	3
chr7	75267501	79174876	3.0213	2376	0.6582	0.6686	NONE	DEL	BAF_WEIGHTED	2701	0.4172	75106001	75429001	1	2
chr7	79174877	79174913	2.1134	0	0	0.5365	DEL	DEL	STRUCTURAL_VARIANT	0	0	79174877	79174877	1	1
chr7	79174914	87592741	2.9308	5005	0.6553	0.6658	DEL	BND	BAF_WEIGHTED	7989	0.3535	79174914	79174914	1	2
chr7	87592742	95176358	3.7153	3659	0.7197	0.7314	BND	BND	BAF_WEIGHTED	6953	0.3693	87592742	87592742	1	3
chr7	95176359	95176576	4.2709	0	0	0.7663	BND	BND	STRUCTURAL_VARIANT	0	0	95176359	95176359	1	3
chr7	95176577	101132608	3.6785	2579	0.7108	0.7221	BND	DUP	BAF_WEIGHTED	5221	0.4354	95176577	95176577	1	3
chr7	101132609	101143020	5.6734	17	0.8269	0.8383	DUP	DUP	BAF_WEIGHTED	10	0.49	101132609	101132609	1	5
chr7	101143021	102316161	3.7656	692	0.7103	0.7213	DUP	DUP	BAF_WEIGHTED	1089	0.4999	101143021	101143021	1	3
chr7	102316162	105619498	2.8905	1698	0.6468	0.6566	DUP	DEL	BAF_WEIGHTED	2577	0.4021	102316162	102316162	1	2
chr7	105619499	105619563	1.9504	0	0	0.9731	DEL	DEL	STRUCTURAL_VARIANT	0	0	105619499	105619499	0	2
chr7	105619564	108337631	2.9624	1309	0.6555	0.6659	DEL	DEL	BAF_WEIGHTED	2574	0.4048	105619564	105619564	1	2
chr7	108337632	108337686	2.3748	0	0	0.8306	DEL	DEL	STRUCTURAL_VARIANT	0	0	108337632	108337632	0	2
chr7	108337687	109533954	3.028	479	0.6607	0.6712	DEL	BND	BAF_WEIGHTED	1120	0.3671	108337687	108337687	1	2
chr7	109533955	109549266	2.0343	9	0.9449	0.9871	BND	BND	BAF_WEIGHTED	15	0.3289	109533955	109533955	0	2
chr7	109549267	111509133	2.9421	862	0.6557	0.6662	BND	BND	BAF_WEIGHTED	1781	0.3573	109549267	109549267	1	2
chr7	111509134	112201011	1.9182	284	0.9545	1.0013	BND	BND	BAF_WEIGHTED	666	0.3896	111509134	111509134	0	2
chr7	112201012	116943521	2.9038	1967	0.6585	0.6693	BND	INV	BAF_WEIGHTED	4459	0.3642	112201012	112201012	1	2
chr7	116943522	116955498	3.602	8	0.7262	0.7386	INV	INV	BAF_WEIGHTED	10	0.4404	116943522	116943522	1	3
chr7	116955499	117046972	2.7667	9	0.6545	0.6655	INV	BND	BAF_WEIGHTED	88	0.388	116955499	116955499	1	2
chr7	117046973	117047354	3.6803	0	0	0.7354	BND	BND	STRUCTURAL_VARIANT	0	0	117046973	117046973	1	3
chr7	117047355	117450322	2.9676	114	0.6611	0.6718	BND	BND	BAF_WEIGHTED	395	0.3889	117047355	117047355	1	2
chr7	117450323	118773653	4.8984	629	0.7831	0.7945	BND	DUP	BAF_WEIGHTED	1266	0.3645	117450323	117450323	1	4
chr7	118773654	118775892	5.9272	0	0	0.8311	DUP	DUP	NON_DIPLOID	1	0.378	118773654	118773654	1	5
chr7	118775893	119821602	4.9295	840	0.7855	0.7969	DUP	BND	BAF_WEIGHTED	977	0.342	118775893	118775893	1	4
chr7	119821603	119821823	5.4126	0	0	0.815	BND	BND	STRUCTURAL_VARIANT	0	0	119821603	119821603	1	4
chr7	119821824	121499269	4.7441	541	0.7867	0.7987	BND	DEL	BAF_WEIGHTED	1585	0.3575	119821824	119821824	1	4
chr7	121499270	121499302	3.8301	0	0	0.7494	DEL	DEL	STRUCTURAL_VARIANT	0	0	121499270	121499270	1	3
chr7	121499303	123251826	4.8459	726	0.7901	0.8019	DEL	DEL	BAF_WEIGHTED	1651	0.3661	121499303	121499303	1	4
chr7	123251827	123251863	4.091	0	0	0.7561	DEL	DEL	STRUCTURAL_VARIANT	0	0	123251827	123251827	1	3
chr7	123251864	124549367	4.8151	779	0.7812	0.7928	DEL	INV	BAF_WEIGHTED	1198	0.3671	123251864	123251864	1	4
chr7	124549368	124556614	5.734	4	0.8036	0.8141	INV	INV	BAF_WEIGHTED	6	0.3568	124549368	124549368	1	5
chr7	124556615	125505537	4.768	542	0.7832	0.7949	INV	DUP	BAF_WEIGHTED	888	0.3559	124556615	124556615	1	4
chr7	125505538	125519949	5.7088	5	0.6452	0.6502	DUP	DUP	BAF_WEIGHTED	11	0.3325	125505538	125505538	2	4
chr7	125519950	126951341	4.8741	1034	0.7865	0.7981	DUP	BND	BAF_WEIGHTED	1305	0.352	125519950	125519950	1	4
chr7	126951342	128187349	3.9282	646	0.7387	0.7506	BND	DEL	BAF_WEIGHTED	1183	0.4134	126951342	126951342	1	3
chr7	128187350	128187397	3.1543	0	0	0.6894	DEL	DEL	STRUCTURAL_VARIANT	0	0	128187350	128187350	1	2
chr7	128187398	128696996	4.0448	56	0.7323	0.7437	DEL	DUP	BAF_WEIGHTED	287	0.4747	128187398	128187398	1	3
chr7	128696997	128697946	6.7522	0	0	0.8464	DUP	DUP	STRUCTURAL_VARIANT	0	0	128696997	128696997	1	6
chr7	128697947	128753336	4.0309	16	0.7545	0.7669	DUP	DUP	BAF_WEIGHTED	54	0.4317	128697947	128697947	1	3
chr7	128753337	128776179	4.7244	29	0.7849	0.7968	DUP	DUP	BAF_WEIGHTED	22	0.4112	128753337	128753337	1	4
chr7	128776180	129251323	4.025	339	0.7368	0.7484	DUP	DEL	BAF_WEIGHTED	414	0.4702	128776180	128776180	1	3
chr7	129251324	129251336	3.0812	0	0	0.6714	DEL	DEL	STRUCTURAL_VARIANT	0	0	129251324	129251324	1	2
chr7	129251337	129251473	4.1364	0	0	0.7552	DEL	DEL	STRUCTURAL_VARIANT	0	0	129251337	129251337	1	3
chr7	129251474	129280520	3.1362	12	0.6559	0.6657	DEL	DEL	BAF_WEIGHTED	28	0.3883	129251474	129251474	1	2
chr7	129280521	129928598	4.0095	348	0.7306	0.742	DEL	DEL	BAF_WEIGHTED	617	0.4338	129280521	129280521	1	3
chr7	129928599	137932000	4.9724	4244	0.595	0.5988	DEL	NONE	BAF_WEIGHTED	7672	0.4088	129928599	129928599	2	3
chr7	137932001	138006000	3.9989	26	0.613	0.6186	NONE	NONE	BAF_WEIGHTED	74	0.4343	137932001	137932001	2	2
chr7	138006001	138394881	4.876	360	0.6	0.6041	NONE	DEL	BAF_WEIGHTED	372	0.4097	138006001	138006001	2	3
chr7	138394882	138395085	3.7857	0	0	0.778	DEL	DEL	STRUCTURAL_VARIANT	0	0	138394882	138394882	1	3
chr7	138395086	138398509	5.0128	1	0.6301	0.6352	DEL	DUP	BAF_WEIGHTED	2	0.401	138395086	138395086	2	3
chr7	138398510	138404577	5.4583	4	0.5251	0.5496	DUP	DUP	BAF_WEIGHTED	5	0.3878	138398510	138398510	2	3
chr7	138404578	138697300	4.8682	144	0.5958	0.5997	DUP	DUP	BAF_WEIGHTED	275	0.4156	138404578	138404578	2	3
chr7	138697301	138702658	5.5047	2	0.6737	0.6799	DUP	DUP	BAF_WEIGHTED	4	0.4602	138697301	138697301	2	4
chr7	138702659	139159507	4.9272	175	0.6026	0.6067	DUP	BND	BAF_WEIGHTED	445	0.4401	138702659	138702659	2	3
chr7	139159508	139164462	6.2951	2	0.5521	0.5234	BND	BND	BAF_WEIGHTED	4	0.3905	139159508	139159508	3	3
chr7	139164463	141243831	4.9805	836	0.5924	0.596	BND	DEL	BAF_WEIGHTED	1966	0.4374	139164463	139164463	2	3
chr7	141243832	141244089	3.8039	0	0	0.5289	DEL	DEL	STRUCTURAL_VARIANT	0	0	141243832	141243832	2	2
chr7	141244090	141280502	5.0398	27	0.6101	0.6145	DEL	INV	BAF_WEIGHTED	35	0.4241	141244090	141244090	2	3
chr7	141280503	141308389	6.1365	28	0.6471	0.6518	INV	INV	BAF_WEIGHTED	25	0.4404	141280503	141280503	2	4
chr7	141308390	141316373	7.1842	4	0.7493	0.7562	INV	BND	BAF_WEIGHTED	7	0.3943	141308390	141308390	2	5
chr7	141316374	142125967	5.8534	173	0.6622	0.6677	BND	DEL	BAF_WEIGHTED	732	0.4092	141316374	141316374	2	4
chr7	142125968	142126296	5.1695	0	0	0.7785	DEL	DEL	STRUCTURAL_VARIANT	0	0	142125968	142125968	1	4
chr7	142126297	142801383	6.0553	452	0.6595	0.6647	DEL	BND	BAF_WEIGHTED	553	0.4137	142126297	142126297	2	4
chr7	142801384	145671828	3.9175	1501	0.9789	1.0031	BND	DEL	BAF_WEIGHTED	2190	0.3901	142801384	142801384	0	4
chr7	145671829	145671867	3.3192	0	0	0.9979	DEL	DEL	STRUCTURAL_VARIANT	0	0	145671829	145671829	0	3
chr7	145671868	148408206	3.9589	1651	0.9745	0.9982	DEL	DEL	BAF_WEIGHTED	2585	0.3706	145671868	145671868	0	4
chr7	148408207	148408253	2.3871	0	0	0.997	DEL	DEL	STRUCTURAL_VARIANT	0	0	148408207	148408207	0	2
chr7	148408254	148722444	4.0718	224	0.9763	0.9993	DEL	DEL	BAF_WEIGHTED	295	0.4302	148408254	148408254	0	4
chr7	148722445	148726856	2.8726	6	0.9368	0.9669	DEL	DEL	BAF_WEIGHTED	3	0.4233	148722445	148722445	0	3
chr7	148726857	148771154	3.9835	29	0.9808	1.0047	DEL	BND	BAF_WEIGHTED	44	0.3937	148726857	148726857	0	4
chr7	148771155	148771221	4.5082	0	0	1.0024	BND	BND	STRUCTURAL_VARIANT	0	0	148771155	148771155	0	5
chr7	148771222	148963213	3.8321	46	0.9781	1.0028	BND	DEL	BAF_WEIGHTED	182	0.423	148771222	148771222	0	4
chr7	148963214	148963251	3.0046	0	0	0.9957	DEL	DEL	STRUCTURAL_VARIANT	0	0	148963214	148963214	0	3
chr7	148963252	150596000	3.9887	1050	0.9732	0.9968	DEL	NONE	BAF_WEIGHTED	1029	0.4718	148963252	148963252	0	4
chr7	150596001	150645000	4.1856	8	0.6498	0.6569	NONE	NONE	BAF_WEIGHTED	33	0.4201	150596001	150596001	1	3
chr7	150645001	152301774	4.0416	923	0.9751	0.9983	NONE	BND	BAF_WEIGHTED	1387	0.4784	150645001	150645001	0	4
chr7	152301775	157018977	2.0492	3990	0.9509	0.9944	BND	DEL	BAF_WEIGHTED	3998	0.4449	152301775	152301775	0	2
chr7	157018978	157019016	1.2153	0	0	0.9906	DEL	DEL	STRUCTURAL_VARIANT	0	0	157018978	157018978	0	1
chr7	157019017	159345973	2.1101	858	0.9503	0.993	DEL	TELOMERE	BAF_WEIGHTED	1889	0.4784	157019017	157019017	0	2
chr8	1	2644746	4.0548	2146	0.9728	0.9959	TELOMERE	DEL	BAF_WEIGHTED	1791	0.464	1	1	0	4
chr8	2644747	2693398	2.8844	52	0.9722	1.0046	DEL	DEL	BAF_WEIGHTED	48	0.4087	2644747	2644747	0	3
chr8	2693399	3225000	3.9123	573	0.9735	0.9974	DEL	NONE	BAF_WEIGHTED	518	0.3904	2693399	2693399	0	4
chr8	3225001	3680614	4.8205	823	0.9765	0.9962	NONE	DEL	BAF_WEIGHTED	419	0.3929	3225001	3225001	0	5
chr8	3680615	3775850	3.7727	201	0.9667	0.9912	DEL	DEL	BAF_WEIGHTED	92	0.4041	3680615	3680615	0	4
chr8	3775851	4577814	4.8279	1275	0.9819	1.0017	DEL	INV	BAF_WEIGHTED	783	0.3793	3775851	3775851	0	5
chr8	4577815	4647426	3.8865	131	0.9667	0.9905	INV	DEL	BAF_WEIGHTED	67	0.3728	4577815	4577815	0	4
chr8	4647427	4647458	3.3245	0	0	0.9963	DEL	DEL	STRUCTURAL_VARIANT	0	0	4647427	4647427	0	3
chr8	4647459	6301558	4.008	2685	0.9736	0.997	DEL	DEL	BAF_WEIGHTED	1571	0.3833	4647459	4647459	0	4
chr8	6301559	6301671	2.3686	0	0	0.9948	DEL	DEL	STRUCTURAL_VARIANT	0	0	6301559	6301559	0	2
chr8	6301672	8415274	3.8446	1210	0.9731	0.9973	DEL	DEL	BAF_WEIGHTED	862	0.4352	6301672	6301672	0	4
chr8	8415275	8415326	3.1309	0	0	0.9967	DEL	DEL	STRUCTURAL_VARIANT	0	0	8415275	8415275	0	3
chr8	8415327	9093515	3.9223	470	0.9767	1.0007	DEL	DEL	BAF_WEIGHTED	652	0.4241	8415327	8415327	0	4
chr8	9093516	9093527	2.4757	0	0	0.9971	DEL	DEL	STRUCTURAL_VARIANT	0	0	9093516	9093516	0	2
chr8	9093528	9093730	3.9572	0	0	0.9982	DEL	DEL	STRUCTURAL_VARIANT	0	0	9093528	9093528	0	4
chr8	9093731	9113123	1.9561	0	0	0.9963	DEL	DEL	BAF_WEIGHTED	19	0.4326	9093731	9093731	0	2
chr8	9113124	18193485	3.9926	7931	0.9746	0.9982	DEL	DEL	BAF_WEIGHTED	7967	0.398	9113124	9113124	0	4
chr8	18193486	18193547	0.9156	0	0	1	DEL	DEL	STRUCTURAL_VARIANT	0	0	18193486	18193486	0	1
chr8	18193548	18377135	4.1601	157	0.9672	0.9894	DEL	BND	BAF_WEIGHTED	182	0.3881	18193548	18193548	0	4
chr8	18377136	18773939	3.0558	371	0.9683	0.9986	BND	DEL	BAF_WEIGHTED	374	0.3969	18377136	18377136	0	3
chr8	18773940	18773974	2.3461	0	0	0.9997	DEL	DEL	STRUCTURAL_VARIANT	0	0	18773940	18773940	0	2
chr8	18773975	23776309	2.9954	3333	0.9686	0.9997	DEL	DUP	BAF_WEIGHTED	4766	0.4465	18773975	18773975	0	3
chr8	23776310	23893302	3.3281	40	0.9703	1.0002	DUP	DUP	BAF_WEIGHTED	113	0.4058	23776310	23776310	0	3
chr8	23893303	31413129	2.9793	4312	0.9681	0.999	DUP	SGL	BAF_WEIGHTED	7194	0.4154	23893303	23893303	0	3
chr8	31413130	31413145	3.7608	0	0	0.9992	SGL	SGL	STRUCTURAL_VARIANT	0	0	31413130	31413130	0	4
chr8	31413146	32727984	3.0162	753	0.9677	0.9984	SGL	INV	BAF_WEIGHTED	1239	0.3775	31413146	31413146	0	3
chr8	32727985	33196345	3.9208	64	0.7279	0.7394	INV	DEL	BAF_WEIGHTED	442	0.3814	32727985	32727985	1	3
chr8	33196346	33198083	2.8953	2	0.6444	0.6543	DEL	DEL	BAF_WEIGHTED	1	0.469	33196346	33196346	1	2
chr8	33198084	33681058	3.7628	122	0.7426	0.7555	DEL	DUP	BAF_WEIGHTED	454	0.4264	33198084	33198084	1	3
chr8	33681059	33681204	5.119	0	0	0.8139	DUP	BND	STRUCTURAL_VARIANT	0	0	33681059	33681059	1	4
chr8	33681205	35566650	3.8849	702	0.7424	0.7547	BND	BND	BAF_WEIGHTED	1789	0.3791	33681205	33681205	1	3
chr8	35566651	35566888	5.1152	0	0	0.8137	BND	DUP	STRUCTURAL_VARIANT	0	0	35566651	35566651	1	4
chr8	35566889	36199433	3.8867	186	0.7361	0.7482	DUP	INV	BAF_WEIGHTED	609	0.388	35566889	35566889	1	3
chr8	36199434	36350808	4.0078	161	0.7188	0.7296	INV	DUP	BAF_WEIGHTED	149	0.3882	36199434	36199434	1	3
chr8	36350809	36355086	5.3199	2	0.7875	0.7982	DUP	DUP	BAF_WEIGHTED	4	0.4185	36350809	36350809	1	4
chr8	36355087	37521843	4.0448	302	0.7339	0.7453	DUP	BND	BAF_WEIGHTED	1105	0.4019	36355087	36355087	1	3
chr8	37521844	37559819	5.9222	10	0.8217	0.8325	BND	BND	BAF_WEIGHTED	36	0.4855	37521844	37521844	1	5
chr8	37559820	41044064	3.9938	1567	0.7358	0.7475	BND	BND	BAF_WEIGHTED	3304	0.415	37559820	37559820	1	3
chr8	41044065	41044150	3.1432	0	0	0.6791	BND	INV	STRUCTURAL_VARIANT	0	0	41044065	41044065	1	2
chr8	41044151	41044461	3.7505	0	0	0.7311	INV	INV	STRUCTURAL_VARIANT	0	0	41044151	41044151	1	3
chr8	41044462	41044475	4.3622	0	0	0.7688	INV	BND	STRUCTURAL_VARIANT	0	0	41044462	41044462	1	3
chr8	41044476	41044628	4.0275	0	0	0.7496	BND	BND	STRUCTURAL_VARIANT	0	0	41044476	41044476	1	3
chr8	41044629	41045465	3.0533	0	0	0.6697	BND	BND	STRUCTURAL_VARIANT	0	0	41044629	41044629	1	2
chr8	41045466	41045554	3.9624	0	0	0.7455	BND	BND	STRUCTURAL_VARIANT	0	0	41045466	41045466	1	3
chr8	41045555	41269242	2.9049	89	0.6667	0.6781	BND	DEL	BAF_WEIGHTED	217	0.446	41045555	41045555	1	2
chr8	41269243	41269437	1.7063	0	0	1	DEL	DEL	STRUCTURAL_VARIANT	0	0	41269243	41269243	0	2
chr8	41269438	42405753	3.0064	664	0.6657	0.6766	DEL	DUP	BAF_WEIGHTED	1087	0.4532	41269438	41269438	1	2
chr8	42405754	42417526	3.9338	4	0.5813	0.5853	DUP	DUP	BAF_WEIGHTED	11	0.5015	42405754	42405754	2	2
chr8	42417527	42752279	2.9388	79	0.65	0.6601	DUP	DEL	BAF_WEIGHTED	314	0.4436	42417527	42417527	1	2
chr8	42752280	42752421	2.2275	0	0	0.9043	DEL	DEL	STRUCTURAL_VARIANT	0	0	42752280	42752280	0	2
chr8	42752422	44955504	3.0671	398	0.6473	0.6567	DEL	CENTROMERE	BAF_WEIGHTED	1014	0.4041	42752422	42752422	1	2
chr8	44955505	47564687	3.0653	594	0.6507	0.6603	CENTROMERE	DUP	BAF_WEIGHTED	1375	0.4325	44955505	44955505	1	2
chr8	47564688	47980347	3.0161	45	0.6415	0.6508	DUP	INV	BAF_WEIGHTED	394	0.424	47564688	47564688	1	2
chr8	47980348	48546796	3.9914	193	0.7496	0.762	INV	INV	BAF_WEIGHTED	506	0.4384	47980348	47980348	1	3
chr8	48546797	52033632	2.9945	2300	0.6543	0.6645	INV	DEL	BAF_WEIGHTED	3256	0.3742	48546797	48546797	1	2
chr8	52033633	52033686	1.9535	0	0	0.5142	DEL	DEL	STRUCTURAL_VARIANT	0	0	52033633	52033633	1	1
chr8	52033687	52836532	3.0233	630	0.6582	0.6686	DEL	INV	BAF_WEIGHTED	783	0.3957	52033687	52033687	1	2
chr8	52836533	52846909	5.1235	12	0.8109	0.8229	INV	INV	BAF_WEIGHTED	9	0.4147	52836533	52836533	1	4
chr8	52846910	52861819	7.1835	0	0	0.8603	INV	INV	BAF_WEIGHTED	10	0.4065	52846910	52846910	1	6
chr8	52861820	54056412	2.9934	919	0.6545	0.6647	INV	BND	BAF_WEIGHTED	1080	0.4022	52861820	52861820	1	2
chr8	54056413	54057301	3.5232	0	0	0.7151	BND	DEL	STRUCTURAL_VARIANT	0	0	54056413	54056413	1	3
chr8	54057302	54057318	2.2677	0	0	0.5574	DEL	BND	STRUCTURAL_VARIANT	0	0	54057302	54057302	1	1
chr8	54057319	54057531	3.2909	0	0	0.695	BND	DEL	STRUCTURAL_VARIANT	0	0	54057319	54057319	1	2
chr8	54057532	54058016	2.2645	0	0	0.5568	DEL	DEL	STRUCTURAL_VARIANT	0	0	54057532	54057532	1	1
chr8	54058017	54058058	3.6927	0	0	0.7282	DEL	DEL	STRUCTURAL_VARIANT	0	0	54058017	54058017	1	3
chr8	54058059	54836999	5.0547	415	0.7898	0.8011	DEL	BND	BAF_WEIGHTED	735	0.4053	54058059	54058059	1	4
chr8	54837000	57991000	5.9763	1946	0.8245	0.8353	BND	NONE	BAF_WEIGHTED	2935	0.3974	54837000	54837000	1	5
chr8	57991001	58040000	4.6379	24	0.8111	0.8243	NONE	NONE	BAF_WEIGHTED	48	0.4046	57991001	57991001	1	4
chr8	58040001	59099183	5.8836	381	0.8202	0.8312	NONE	DUP	BAF_WEIGHTED	999	0.385	58040001	58040001	1	5
chr8	59099184	59518585	6.4569	166	0.7819	0.7905	DUP	DUP	BAF_WEIGHTED	389	0.368	59099184	59099184	1	5
chr8	59518586	59527389	7.4112	0	0	0.8194	DUP	DUP	BAF_WEIGHTED	8	0.365	59518586	59518586	1	6
chr8	59527390	64711060	6.5419	2530	0.7866	0.7954	DUP	DUP	BAF_WEIGHTED	4839	0.3806	59527390	59527390	1	5
chr8	64711061	65377060	6.5886	283	0.8318	0.8418	DUP	SGL	BAF_WEIGHTED	634	0.3787	64711061	64711061	1	6
chr8	65377061	65408163	8.1572	20	0.862	0.8708	SGL	SGL	BAF_WEIGHTED	25	0.3994	65377061	65377061	1	7
chr8	65408164	65913884	7.7865	175	0.8657	0.8748	SGL	DUP	BAF_WEIGHTED	475	0.3963	65408164	65408164	1	7
chr8	65913885	67395305	7.8985	582	0.8637	0.8728	DUP	INV	BAF_WEIGHTED	1412	0.4033	65913885	65913885	1	7
chr8	67395306	73014195	3.7229	3607	0.7201	0.7318	INV	DEL	BAF_WEIGHTED	5235	0.3852	67395306	67395306	1	3
chr8	73014196	73014280	2.67	0	0	1	DEL	DEL	STRUCTURAL_VARIANT	0	0	73014196	73014196	0	3
chr8	73014281	73529237	3.6843	293	0.7261	0.7382	DEL	DUP	BAF_WEIGHTED	484	0.4142	73014281	73014281	1	3
chr8	73529238	73537776	4.7329	4	0.571	0.574	DUP	DUP	BAF_WEIGHTED	7	0.3864	73529238	73529238	2	3
chr8	73537777	75564119	3.6917	1022	0.7233	0.7352	DUP	INV	BAF_WEIGHTED	1892	0.3792	73537777	73537777	1	3
chr8	75564120	75566608	5.2094	6	0.75	0.7595	INV	INV	BAF_WEIGHTED	1	0.322	75564120	75564120	1	4
chr8	75566609	75568029	5.7841	1	0.8351	0.8466	INV	BND	BAF_WEIGHTED	1	0.498	75566609	75566609	1	5
chr8	75568030	76705738	4.6167	430	0.7772	0.789	BND	DEL	BAF_WEIGHTED	1079	0.3469	75568030	75568030	1	4
chr8	76705739	76731803	1.9308	13	0.5417	0.5179	DEL	DEL	BAF_WEIGHTED	25	0.359	76705739	76705739	1	1
chr8	76731804	78654756	4.5695	1073	0.7719	0.7837	DEL	DEL	BAF_WEIGHTED	1824	0.3486	76731804	76731804	1	4
chr8	78654757	78655064	4.0039	0	0	0.7551	DEL	DEL	STRUCTURAL_VARIANT	0	0	78654757	78654757	1	3
chr8	78655065	82467989	4.6939	1606	0.7793	0.7911	DEL	DEL	BAF_WEIGHTED	3617	0.3828	78655065	78655065	1	4
chr8	82467990	82473075	2.085	8	0.5465	0.5204	DEL	DEL	BAF_WEIGHTED	5	0.3226	82467990	82467990	1	1
chr8	82473076	82949619	4.656	277	0.7857	0.7978	DEL	BND	BAF_WEIGHTED	459	0.3369	82473076	82473076	1	4
chr8	82949620	82950329	6.3193	0	0	0.8485	BND	BND	STRUCTURAL_VARIANT	0	0	82949620	82949620	1	5
chr8	82950330	86880615	4.5142	2164	0.7759	0.788	BND	DEL	BAF_WEIGHTED	3498	0.363	82950330	82950330	1	4
chr8	86880616	86880661	4.1062	0	0	0.7669	DEL	DEL	STRUCTURAL_VARIANT	0	0	86880616	86880616	1	3
chr8	86880662	87671827	4.6987	460	0.7727	0.7842	DEL	DUP	BAF_WEIGHTED	709	0.3526	86880662	86880662	1	4
chr8	87671828	87683505	6.6196	29	0.8163	0.8258	DUP	MULTIPLE	BAF_WEIGHTED	11	0.3468	87671828	87671828	1	5
chr8	87683506	87683506	6.5917	0	0	0.825	MULTIPLE	INV	STRUCTURAL_VARIANT	0	0	87683506	87683506	1	5
chr8	87683507	87683992	8.4977	0	0	0.8643	INV	MULTIPLE	STRUCTURAL_VARIANT	0	0	87683507	87683507	1	7
chr8	87683993	87684111	8.5896	0	0	0.8657	MULTIPLE	SGL	STRUCTURAL_VARIANT	0	0	87683993	87683993	1	7
chr8	87684112	87708891	6.7214	15	0.8487	0.859	SGL	INV	BAF_WEIGHTED	23	0.3811	87684112	87684112	1	6
chr8	87708892	87714701	4.6924	6	0.78	0.7918	INV	BND	BAF_WEIGHTED	5	0.3576	87708892	87708892	1	4
chr8	87714702	87715143	6.3899	0	0	0.8471	BND	DEL	STRUCTURAL_VARIANT	0	0	87714702	87714702	1	5
chr8	87715144	87718117	4.8639	0	0	0.7991	DEL	BND	NON_DIPLOID	2	0.356	87715144	87715144	1	4
chr8	87718118	87727826	6.6854	5	0.824	0.8336	BND	BND	BAF_WEIGHTED	8	0.4245	87718118	87718118	1	6
chr8	87727827	87728856	4.8877	0	0	0.7785	BND	INV	STRUCTURAL_VARIANT	0	0	87727827	87727827	1	4
chr8	87728857	87804117	6.8178	76	0.8316	0.8412	INV	INV	BAF_WEIGHTED	69	0.3539	87728857	87728857	1	6
chr8	87804118	87804303	4.7034	0	0	0.7698	INV	SGL	STRUCTURAL_VARIANT	0	0	87804118	87804118	1	4
chr8	87804304	87861835	6.6576	44	0.8444	0.8546	SGL	INV	BAF_WEIGHTED	54	0.3496	87804304	87804304	1	6
chr8	87861836	87863316	4.5114	0	0	0.7855	INV	BND	BAF_WEIGHTED	1	0.388	87861836	87861836	1	4
chr8	87863317	87897869	6.5111	1	0.7846	0.7932	BND	DUP	BAF_WEIGHTED	31	0.371	87863317	87863317	1	5
chr8	87897870	87900327	4.9469	0	0	0.7988	DUP	DUP	BAF_WEIGHTED	2	0.329	87897870	87897870	1	4
chr8	87900328	87911136	6.4648	0	0	0.846	DUP	INV	BAF_WEIGHTED	10	0.3763	87900328	87900328	1	5
chr8	87911137	87914300	4.471	0	0	0.7773	INV	BND	BAF_WEIGHTED	2	0.3665	87911137	87911137	1	3
chr8	87914301	87914895	5.6177	0	0	0.8228	BND	BND	STRUCTURAL_VARIANT	0	0	87914301	87914301	1	5
chr8	87914896	87915000	5.278	0	0	0.8114	BND	BND	STRUCTURAL_VARIANT	0	0	87914896	87914896	1	4
chr8	87915001	87916511	6.4944	0	0	0.8467	BND	INV	NON_DIPLOID	1	0.382	87915001	87915001	1	5
chr8	87916512	87921542	4.407	0	0	0.7741	INV	DUP	BAF_WEIGHTED	4	0.352	87916512	87916512	1	3
chr8	87921543	87965785	6.6292	0	0	0.8498	DUP	BND	BAF_WEIGHTED	43	0.3808	87921543	87921543	1	6
chr8	87965786	90875579	4.664	1327	0.7749	0.7866	BND	DEL	BAF_WEIGHTED	2691	0.3637	87965786	87965786	1	4
chr8	90875580	90875625	3.5	0	0	0.7156	DEL	DEL	STRUCTURAL_VARIANT	0	0	90875580	90875580	1	3
chr8	90875626	90985149	4.3426	8	0.8407	0.8562	DEL	DEL	BAF_WEIGHTED	107	0.3547	90875626	90875626	1	4
chr8	90985150	90985195	3.9044	0	0	0.7413	DEL	DEL	STRUCTURAL_VARIANT	0	0	90985150	90985150	1	3
chr8	90985196	91182039	4.4721	132	0.7625	0.7741	DEL	DEL	BAF_WEIGHTED	186	0.3639	90985196	90985196	1	3
chr8	91182040	91182080	3.7954	0	0	0.7332	DEL	DEL	STRUCTURAL_VARIANT	0	0	91182040	91182040	1	3
chr8	91182081	92720439	4.7204	586	0.774	0.7855	DEL	SGL	BAF_WEIGHTED	1412	0.3713	91182081	91182081	1	4
chr8	92720440	93480591	3.3734	291	0.6849	0.6957	SGL	INV	BAF_WEIGHTED	735	0.3716	92720440	92720440	1	2
chr8	93480592	93494163	5.5722	1	0.7805	0.7905	INV	SGL	BAF_WEIGHTED	8	0.3914	93480592	93480592	1	4
chr8	93494164	93874657	3.3896	115	0.6842	0.6949	SGL	BND	BAF_WEIGHTED	363	0.3996	93494164	93494164	1	2
chr8	93874658	94997298	5.2498	766	0.8009	0.8122	BND	BND	BAF_WEIGHTED	1075	0.4114	93874658	93874658	1	4
chr8	94997299	94997340	5.9333	0	0	0.8338	BND	BND	STRUCTURAL_VARIANT	0	0	94997299	94997299	1	5
chr8	94997341	95094305	5.1612	83	0.8182	0.8304	BND	INV	BAF_WEIGHTED	93	0.417	94997341	94997341	1	4
chr8	95094306	95095211	3.8441	0	0	0.7317	INV	BND	STRUCTURAL_VARIANT	0	0	95094306	95094306	1	3
chr8	95095212	96208916	5.3728	744	0.7971	0.808	BND	INV	BAF_WEIGHTED	1021	0.4024	95095212	95095212	1	4
chr8	96208917	96211856	3.5377	2	0.7751	0.7905	INV	INV	BAF_WEIGHTED	2	0.455	96208917	96208917	1	3
chr8	96211857	96232193	5.2341	18	0.7726	0.7828	INV	INV	BAF_WEIGHTED	18	0.4014	96211857	96211857	1	4
chr8	96232194	96236171	2.827	1	0.7069	0.7214	INV	SGL	BAF_WEIGHTED	3	0.41	96232194	96232194	1	2
chr8	96236172	96252237	5.0461	2	0.7886	0.7998	SGL	DEL	BAF_WEIGHTED	15	0.3832	96236172	96236172	1	4
chr8	96252238	96586850	3.3105	125	0.7	0.712	DEL	DUP	BAF_WEIGHTED	325	0.4191	96252238	96252238	1	2
chr8	96586851	97136312	4.2309	261	0.7588	0.7709	DUP	DUP	BAF_WEIGHTED	526	0.3847	96586851	96586851	1	3
chr8	97136313	97794660	3.3347	323	0.6964	0.708	DUP	DEL	BAF_WEIGHTED	596	0.4215	97136313	97136313	1	2
chr8	97794661	97794851	6.3131	0	0	0.8395	DEL	INV	STRUCTURAL_VARIANT	0	0	97794661	97794661	1	5
chr8	97794852	98866530	5.3638	362	0.8	0.8111	INV	BND	BAF_WEIGHTED	994	0.4112	97794852	97794852	1	4
chr8	98866531	98866813	6.5679	0	0	0.8457	BND	BND	STRUCTURAL_VARIANT	0	0	98866531	98866531	1	6
chr8	98866814	98867190	5.4687	0	0	0.8147	BND	BND	STRUCTURAL_VARIANT	0	0	98866814	98866814	1	4
chr8	98867191	98867387	6.0493	0	0	0.8325	BND	BND	STRUCTURAL_VARIANT	0	0	98867191	98867191	1	5
chr8	98867388	99970015	5.4328	34	0.8115	0.8229	BND	DUP	BAF_WEIGHTED	1001	0.3722	98867388	98867388	1	4
chr8	99970016	99982936	6.1534	2	0.8413	0.8523	DUP	DUP	BAF_WEIGHTED	8	0.3714	99970016	99970016	1	5
chr8	99982937	100471126	5.2691	220	0.8067	0.8183	DUP	INV	BAF_WEIGHTED	460	0.3981	99982937	99982937	1	4
chr8	100471127	100471234	4.7389	0	0	0.7979	INV	BND	STRUCTURAL_VARIANT	0	0	100471127	100471127	1	4
chr8	100471235	100475492	5.044	2	0.7889	0.8002	BND	INV	BAF_WEIGHTED	3	0.4703	100471235	100471235	1	4
chr8	100475493	101203846	4.6394	572	0.7778	0.7896	INV	BND	BAF_WEIGHTED	696	0.4364	100475493	100475493	1	4
chr8	101203847	101205441	2.4223	1	0.7576	0.7786	BND	DEL	BAF_WEIGHTED	1	0.411	101203847	101203847	1	2
chr8	101205442	101504592	5.1318	178	0.7878	0.799	DEL	DUP	BAF_WEIGHTED	287	0.4265	101205442	101205442	1	4
chr8	101504593	101504691	3.1077	0	0	0.6681	DUP	BND	STRUCTURAL_VARIANT	0	0	101504593	101504593	1	2
chr8	101504692	101511105	4.0972	4	0.8167	0.832	BND	INV	BAF_WEIGHTED	6	0.3608	101504692	101504692	1	3
chr8	101511106	101511155	5.568	0	0	0.8813	INV	INV	STRUCTURAL_VARIANT	0	0	101511106	101511106	1	5
chr8	101511156	101511167	4.7021	0	0	0.8595	INV	INV	STRUCTURAL_VARIANT	0	0	101511156	101511156	1	4
chr8	101511168	101527472	3.4046	8	0.7891	0.8059	INV	INV	BAF_WEIGHTED	15	0.4057	101511168	101511168	1	3
chr8	101527473	101531893	5.0894	2	0.7845	0.7955	INV	INV	BAF_WEIGHTED	3	0.4073	101527473	101527473	1	4
chr8	101531894	101531898	6.5372	0	0	0.8408	INV	INV	STRUCTURAL_VARIANT	0	0	101531894	101531894	1	5
chr8	101531899	101531944	4.3364	0	0	0.76	INV	INV	STRUCTURAL_VARIANT	0	0	101531899	101531899	1	3
chr8	101531945	101537553	3.1729	1	0.5167	0.5634	INV	INV	BAF_WEIGHTED	5	0.4162	101531945	101531945	1	2
chr8	101537554	101564450	5.3081	14	0.8107	0.822	INV	BND	BAF_WEIGHTED	25	0.4085	101537554	101537554	1	4
chr8	101564451	101583997	3.1811	4	0.659	0.6689	BND	INV	BAF_WEIGHTED	18	0.4001	101564451	101564451	1	2
chr8	101583998	101593971	4.9665	3	0.7368	0.7462	INV	DUP	BAF_WEIGHTED	9	0.4052	101583998	101583998	1	4
chr8	101593972	101645456	3.2907	25	0.6829	0.6939	DUP	BND	BAF_WEIGHTED	50	0.4053	101593972	101593972	1	2
chr8	101645457	101718213	6.2339	26	0.6415	0.6459	BND	BND	BAF_WEIGHTED	56	0.4383	101645457	101645457	2	4
chr8	101718214	101894500	3.2297	92	0.691	0.7027	BND	NONE	BAF_WEIGHTED	171	0.4002	101718214	101718214	1	2
chr8	101894501	102966201	1.9966	471	0.5714	0.5785	NONE	DEL	BAF_WEIGHTED	1027	0.4252	101891001	101898001	1	1
chr8	102966202	102969052	1.0886	0	0	0.7899	DEL	DEL	BAF_WEIGHTED	2	0.4235	102966202	102966202	0	1
chr8	102969053	107699868	1.9994	2569	0.565	0.5699	DEL	BND	BAF_WEIGHTED	4509	0.3728	102969053	102969053	1	1
chr8	107699869	107941154	2.0119	123	0.5625	0.503	BND	DEL	BAF_WEIGHTED	220	0.3745	107699869	107699869	1	1
chr8	107941155	107941193	1.2689	0	0	0.783	DEL	DEL	STRUCTURAL_VARIANT	0	0	107941155	107941155	0	1
chr8	107941194	108824466	1.9937	334	0.5625	0.5017	DEL	INV	BAF_WEIGHTED	831	0.3724	107941194	107941194	1	1
chr8	108824467	108824544	3.4401	0	0	0.7112	INV	INV	STRUCTURAL_VARIANT	0	0	108824467	108824467	1	2
chr8	108824545	108824552	5.5111	0	0	0.8197	INV	BND	STRUCTURAL_VARIANT	0	0	108824545	108824545	1	5
chr8	108824553	108923982	3.8896	65	0.746	0.7585	BND	INV	BAF_WEIGHTED	96	0.3642	108824553	108824553	1	3
chr8	108923983	108925134	2.8934	0	0	0.7066	INV	INV	NON_DIPLOID	1	0.319	108923983	108923983	1	2
chr8	108925135	110564885	2.0138	496	0.5714	0.5784	INV	DEL	BAF_WEIGHTED	1549	0.3602	108925135	108925135	1	1
chr8	110564886	110565170	1.0288	0	0	0.8253	DEL	DEL	STRUCTURAL_VARIANT	0	0	110564886	110564886	0	1
chr8	110565171	111075042	2.0074	62	0.5556	0.5019	DEL	INV	BAF_WEIGHTED	489	0.339	110565171	110565171	1	1
chr8	111075043	111845207	2.9533	397	0.6455	0.6553	INV	DUP	BAF_WEIGHTED	740	0.3446	111075043	111075043	1	2
chr8	111845208	111893491	4.0054	0	0	0.7458	DUP	DUP	BAF_WEIGHTED	46	0.3526	111845208	111845208	1	3
chr8	111893492	112495783	2.9589	116	0.6587	0.6693	DUP	BND	BAF_WEIGHTED	575	0.3461	111893492	111893492	1	2
chr8	112495784	113402803	1.9682	269	0.561	0.5081	BND	DEL	BAF_WEIGHTED	875	0.3342	112495784	112495784	1	1
chr8	113402804	113406749	1.0845	0	0	0.8016	DEL	DEL	BAF_WEIGHTED	3	0.3043	113402804	113402804	0	1
chr8	113406750	114315373	2.0291	323	0.5652	0.5716	DEL	DUP	BAF_WEIGHTED	824	0.3432	113406750	113406750	1	1
chr8	114315374	115771542	3.6352	721	0.7127	0.7242	DUP	DUP	BAF_WEIGHTED	1396	0.3511	114315374	114315374	1	3
chr8	115771543	115817840	4.4996	15	0.5618	0.5555	DUP	DUP	BAF_WEIGHTED	41	0.3525	115771543	115771543	2	2
chr8	115817841	119052957	3.6299	1675	0.717	0.7288	DUP	BND	BAF_WEIGHTED	3108	0.3877	115817841	115817841	1	3
chr8	119052958	121638406	2.0161	1430	0.5619	0.5245	BND	DEL	BAF_WEIGHTED	2419	0.3878	119052958	119052958	1	1
chr8	121638407	121638525	1.1201	0	0	0.8558	DEL	DEL	STRUCTURAL_VARIANT	0	0	121638407	121638407	0	1
chr8	121638526	122014440	2.0385	153	0.5581	0.5087	DEL	INV	BAF_WEIGHTED	361	0.3777	121638526	121638526	1	1
chr8	122014441	122014595	3.0391	0	0	0.67	INV	INV	STRUCTURAL_VARIANT	0	0	122014441	122014441	1	2
chr8	122014596	123858195	4.0398	807	0.74	0.7517	INV	BND	BAF_WEIGHTED	1787	0.4162	122014596	122014596	1	3
chr8	123858196	123858429	4.6774	0	0	0.7872	BND	BND	STRUCTURAL_VARIANT	0	0	123858196	123858196	1	4
chr8	123858430	125505919	3.6352	921	0.7145	0.7263	BND	DUP	BAF_WEIGHTED	1589	0.4231	123858430	123858430	1	3
chr8	125505920	126101773	2.0119	279	0.5634	0.5685	DUP	BND	BAF_WEIGHTED	574	0.4106	125505920	125505920	1	1
chr8	126101774	126131680	7.4207	1	0.844	0.8532	BND	DEL	BAF_WEIGHTED	29	0.3711	126101774	126101774	1	6
chr8	126131681	126784178	2.0595	342	0.561	0.5144	DEL	BND	BAF_WEIGHTED	615	0.3999	126131681	126131681	1	1
chr8	126784179	126952722	5.0905	95	0.7812	0.7921	BND	BND	BAF_WEIGHTED	157	0.3943	126784179	126784179	1	4
chr8	126952723	127307578	1.988	169	0.5623	0.5054	BND	DUP	BAF_WEIGHTED	331	0.3873	126952723	126952723	1	1
chr8	127307579	127345512	3.0673	76	0.6606	0.671	DUP	DEL	BAF_WEIGHTED	27	0.3908	127307579	127307579	1	2
chr8	127345513	127395569	7.8124	27	0.8522	0.8613	DEL	BND	BAF_WEIGHTED	45	0.3971	127345513	127345513	1	7
chr8	127395570	127405413	6.0777	0	0	0.835	BND	BND	BAF_WEIGHTED	9	0.4189	127395570	127395570	1	5
chr8	127405414	127702998	6.9381	190	0.8456	0.8555	BND	INV	BAF_WEIGHTED	282	0.4193	127405414	127405414	1	6
chr8	127702999	127704845	5.5151	1	0.8061	0.8171	INV	BND	BAF_WEIGHTED	1	0.476	127702999	127702999	1	5
chr8	127704846	127705262	6.4111	0	0	0.8655	BND	INV	STRUCTURAL_VARIANT	0	0	127704846	127704846	1	6
chr8	127705263	127753911	5.2125	23	0.8224	0.8346	INV	BND	BAF_WEIGHTED	45	0.4502	127705263	127705263	1	4
chr8	127753912	128309817	6.8368	386	0.8522	0.8624	BND	BND	BAF_WEIGHTED	546	0.4436	127753912	127753912	1	6
chr8	128309818	128342809	9.9939	13	0.9	0.9079	BND	BND	BAF_WEIGHTED	31	0.4124	128309818	128309818	1	9
chr8	128342810	128747321	7.0626	180	0.8529	0.8628	BND	DUP	BAF_WEIGHTED	367	0.3821	128342810	128342810	1	6
chr8	128747322	128794251	6.2226	46	0.8191	0.8292	DUP	DEL	BAF_WEIGHTED	34	0.3865	128747322	128747322	1	5
chr8	128794252	128808636	5.6468	14	0.8058	0.8166	DEL	BND	BAF_WEIGHTED	7	0.3956	128794252	128794252	1	5
chr8	128808637	129608618	5.1214	535	0.7911	0.8024	BND	DEL	BAF_WEIGHTED	755	0.3825	128808637	128808637	1	4
chr8	129608619	129632696	5.9124	2	0.8109	0.8213	DEL	BND	BAF_WEIGHTED	21	0.3966	129608619	129608619	1	5
chr8	129632697	140821142	1.0228	6668	0.919	0.9996	BND	DUP	BAF_WEIGHTED	10654	0.4199	129632697	129632697	0	1
chr8	140821143	140825714	1.8744	0	0	0.9998	DUP	DUP	BAF_WEIGHTED	3	0.384	140821143	140821143	0	2
chr8	140825715	145138636	1.125	2240	0.9151	0.9867	DUP	TELOMERE	BAF_WEIGHTED	2850	0.5353	140825715	140825715	0	1
chr9	1	1547791	3.7782	1307	0.7331	0.7453	TELOMERE	DEL	BAF_WEIGHTED	1263	0.4145	1	1	1	3
chr9	1547792	1549531	3.6775	3	0.7895	0.8051	DEL	DEL	BAF_WEIGHTED	1	0.354	1547792	1547792	1	3
chr9	1549532	1550429	4.7134	0	0	0.7959	DEL	DEL	STRUCTURAL_VARIANT	0	0	1549532	1549532	1	4
chr9	1550430	1550475	3.0138	0	0	0.6807	DEL	DEL	STRUCTURAL_VARIANT	0	0	1550430	1550430	1	2
chr9	1550476	3838000	3.7988	1822	0.7345	0.7467	DEL	NONE	BAF_WEIGHTED	2145	0.3893	1550476	1550476	1	3
chr9	3838001	4821955	2.7597	864	0.6491	0.6598	NONE	DEL	BAF_WEIGHTED	934	0.4062	3838001	3838001	1	2
chr9	4821956	4822027	2.2851	0	0	0.5765	DEL	DEL	STRUCTURAL_VARIANT	0	0	4821956	4821956	1	1
chr9	4822028	12134270	2.7929	5754	0.6433	0.6535	DEL	DEL	BAF_WEIGHTED	6731	0.3732	4822028	4822028	1	2
chr9	12134271	12134303	2.1766	0	0	0.8385	DEL	DEL	STRUCTURAL_VARIANT	0	0	12134271	12134271	0	2
chr9	12134304	15715647	2.967	2488	0.6531	0.6633	DEL	DUP	BAF_WEIGHTED	3389	0.3778	12134304	12134304	1	2
chr9	15715648	15719840	4.1766	0	0	0.5288	DUP	DUP	BAF_WEIGHTED	3	0.4603	15715648	15715648	2	2
chr9	15719841	17681879	2.9993	1657	0.6596	0.6701	DUP	DEL	BAF_WEIGHTED	1844	0.3911	15719841	15719841	1	2
chr9	17681880	17681943	2.0943	0	0	0.9597	DEL	DEL	STRUCTURAL_VARIANT	0	0	17681880	17681880	0	2
chr9	17681944	18116785	3.0577	375	0.66	0.6704	DEL	BND	BAF_WEIGHTED	405	0.3874	17681944	17681944	1	2
chr9	18116786	18116982	4.3385	0	0	0.5324	BND	INV	STRUCTURAL_VARIANT	0	0	18116786	18116786	2	2
chr9	18116983	18116990	3.4039	0	0	0.5959	INV	INV	STRUCTURAL_VARIANT	0	0	18116983	18116983	1	2
chr9	18116991	20131000	3.0182	1195	0.6615	0.6721	INV	NONE	BAF_WEIGHTED	1881	0.3984	18116991	18116991	1	2
chr9	20131001	30659217	2.0045	6949	0.9534	0.9982	NONE	DUP	BAF_WEIGHTED	9797	0.3653	20131001	20131001	0	2
chr9	30659218	30666610	2.5994	5	0.9787	1.0151	DUP	DUP	BAF_WEIGHTED	6	0.3267	30659218	30659218	0	3
chr9	30666611	30931767	2.0087	260	0.9532	0.9978	DUP	BND	BAF_WEIGHTED	247	0.3429	30666611	30666611	0	2
chr9	30931768	30931952	3.8964	0	0	0.9988	BND	BND	STRUCTURAL_VARIANT	0	0	30931768	30931768	0	4
chr9	30931953	44377362	2.061	4027	0.954	0.9976	BND	CENTROMERE	BAF_WEIGHTED	6964	0.4276	30931953	30931953	0	2
chr9	44377363	79627680	1.9827	6004	0.9534	0.9986	CENTROMERE	DEL	BAF_WEIGHTED	10632	0.3912	44377363	44377363	0	2
chr9	79627681	79640155	0.9656	3	0.7647	1	DEL	DEL	BAF_WEIGHTED	12	0.3759	79627681	79627681	0	1
chr9	79640156	87381545	1.9967	4086	0.9557	1.0008	DEL	DEL	BAF_WEIGHTED	7103	0.3968	79640156	79640156	0	2
chr9	87381546	87381577	1.0921	0	0	1.0015	DEL	DEL	STRUCTURAL_VARIANT	0	0	87381546	87381546	0	1
chr9	87381578	88782346	2.0333	1181	0.9521	0.9961	DEL	DEL	BAF_WEIGHTED	1263	0.4381	87381578	87381578	0	2
chr9	88782347	88782552	1.1894	0	0	0.9933	DEL	DEL	STRUCTURAL_VARIANT	0	0	88782347	88782347	0	1
chr9	88782553	88989889	1.9725	117	0.9524	0.9978	DEL	DUP	BAF_WEIGHTED	196	0.419	88782553	88782553	0	2
chr9	88989890	89008742	2.5806	8	0.9615	0.9969	DUP	DUP	BAF_WEIGHTED	17	0.4859	88989890	88989890	0	3
chr9	89008743	89371781	2.032	83	0.9583	1.0029	DUP	BND	BAF_WEIGHTED	339	0.4252	89008743	89008743	0	2
chr9	89371782	93964358	2.0524	2256	0.9542	0.9978	BND	DUP	BAF_WEIGHTED	4190	0.4446	89371782	89371782	0	2
chr9	93964359	93975075	3.2604	4	0.9451	0.9721	DUP	DUP	BAF_WEIGHTED	9	0.4938	93964359	93964359	0	3
chr9	93975076	95418740	2.0102	723	0.9535	0.9979	DUP	BND	BAF_WEIGHTED	1229	0.4257	93975076	93975076	0	2
chr9	95418741	95418927	4.1063	0	0	0.9989	BND	BND	STRUCTURAL_VARIANT	0	0	95418741	95418741	0	4
chr9	95418928	103684214	1.9941	4282	0.9529	0.9978	BND	INV	BAF_WEIGHTED	7502	0.4044	95418928	95418928	0	2
chr9	103684215	103684243	0.8754	0	0	1	INV	INV	STRUCTURAL_VARIANT	0	0	103684215	103684215	0	1
chr9	103684244	103686105	1.7352	5	0.9062	0.9525	INV	INV	BAF_WEIGHTED	1	0.3	103684244	103684244	0	2
chr9	103686106	103686372	2.8494	0	0	1.0008	INV	INV	STRUCTURAL_VARIANT	0	0	103686106	103686106	0	3
chr9	103686373	107894630	1.9742	2043	0.9554	1.0011	INV	BND	BAF_WEIGHTED	3965	0.3968	103686373	103686373	0	2
chr9	107894631	121260000	2.025	6744	0.954	0.9985	BND	NONE	BAF_WEIGHTED	12767	0.4118	107894631	107894631	0	2
chr9	121260001	121292000	1.4537	11	0.95	1.0112	NONE	NONE	BAF_WEIGHTED	31	0.4831	121260001	121260001	0	1
chr9	121292001	121798757	1.9505	268	0.9493	0.9949	NONE	BND	BAF_WEIGHTED	468	0.4884	121292001	121292001	0	2
chr9	121798758	121798777	1.3851	0	0	1.0017	BND	BND	STRUCTURAL_VARIANT	0	0	121798758	121798758	0	1
chr9	121798778	122988697	2.0215	686	0.9565	1.0012	BND	DUP	BAF_WEIGHTED	1112	0.4293	121798778	121798778	0	2
chr9	122988698	123220972	3.0466	76	0.9607	0.9907	DUP	DUP	BAF_WEIGHTED	227	0.3875	122988698	122988698	0	3
chr9	123220973	126710498	2.0626	1794	0.9552	0.9986	DUP	INV	BAF_WEIGHTED	3307	0.4516	123220973	123220973	0	2
chr9	126710499	126736714	3.1284	13	0.7059	0.7196	INV	BND	BAF_WEIGHTED	21	0.4303	126710499	126710499	1	2
chr9	126736715	127318857	2.0224	246	0.9565	1.0012	BND	INV	BAF_WEIGHTED	562	0.4565	126736715	126736715	0	2
chr9	127318858	127318978	2.531	0	0	0.8	INV	INV	STRUCTURAL_VARIANT	0	0	127318858	127318858	1	2
chr9	127318979	127319065	4.0085	0	0	0.5051	INV	INV	STRUCTURAL_VARIANT	0	0	127318979	127318979	2	2
chr9	127319066	127353805	3.0982	4	0.6222	0.63	INV	INV	BAF_WEIGHTED	33	0.4327	127319066	127319066	1	2
chr9	127353806	127692088	2.0551	151	0.9545	0.9982	INV	DUP	BAF_WEIGHTED	316	0.4973	127353806	127353806	0	2
chr9	127692089	127788425	3.1024	44	0.6607	0.6709	DUP	BND	BAF_WEIGHTED	80	0.5475	127692089	127692089	1	2
chr9	127788426	129025967	2.056	553	0.9552	0.9991	BND	BND	BAF_WEIGHTED	1067	0.5153	127788426	127788426	0	2
chr9	129025968	129026065	3.0005	0	0	0.6846	BND	INV	STRUCTURAL_VARIANT	0	0	129025968	129025968	1	2
chr9	129026066	129026208	2.1606	0	0	0.9507	INV	BND	STRUCTURAL_VARIANT	0	0	129026066	129026066	0	2
chr9	129026209	129039756	2.7794	2	0.7121	0.7272	BND	INV	BAF_WEIGHTED	10	0.5477	129026209	129026209	1	2
chr9	129039757	129761202	2.0981	477	0.9545	0.9973	INV	BND	BAF_WEIGHTED	637	0.5342	129039757	129039757	0	2
chr9	129761203	129815327	3.0614	38	0.6568	0.6669	BND	BND	BAF_WEIGHTED	48	0.4995	129761203	129761203	1	2
chr9	129815328	130393952	2.0989	423	0.9556	0.9984	BND	INV	BAF_WEIGHTED	529	0.4943	129815328	129815328	0	2
chr9	130393953	130445689	3.2157	72	0.6769	0.6878	INV	DEL	BAF_WEIGHTED	39	0.5438	130393953	130393953	1	2
chr9	130445690	130798008	2.0384	244	0.9574	1.0018	DEL	INV	BAF_WEIGHTED	321	0.4906	130445690	130445690	0	2
chr9	130798009	130871978	2.9098	28	0.6901	0.703	INV	BND	BAF_WEIGHTED	70	0.4406	130798009	130798009	1	2
chr9	130871979	130984000	2.1737	95	0.9536	0.9948	BND	NONE	BAF_WEIGHTED	87	0.5539	130871979	130871979	0	2
chr9	130984001	130987228	3.5237	0	0	0.6137	NONE	DUP	BAF_WEIGHTED	3	0.5093	130984001	130984001	1	2
chr9	130987229	130992539	4.8788	1	0.5309	0.5634	DUP	DUP	BAF_WEIGHTED	3	0.5659	130987229	130987229	2	3
chr9	130992540	131048330	3.2256	35	0.6604	0.6702	DUP	BND	BAF_WEIGHTED	49	0.5348	130992540	130992540	1	2
chr9	131048331	131216937	2.1003	85	0.9583	1.0015	BND	BND	BAF_WEIGHTED	161	0.4697	131048331	131048331	0	2
chr9	131216938	131235382	3.0564	2	0.7228	0.7373	BND	INV	BAF_WEIGHTED	17	0.4569	131216938	131216938	1	2
chr9	131235383	131451702	2.0869	115	0.9524	0.9953	INV	BND	BAF_WEIGHTED	192	0.5099	131235383	131235383	0	2
chr9	131451703	131571224	3.2019	92	0.6583	0.6681	BND	DUP	BAF_WEIGHTED	102	0.5155	131451703	131451703	1	2
chr9	131571225	131580593	2.3601	1	0.9184	0.9535	DUP	DUP	BAF_WEIGHTED	7	0.5426	131571225	131571225	0	2
chr9	131580594	131647926	3.1104	35	0.6471	0.6565	DUP	BND	BAF_WEIGHTED	64	0.5159	131580594	131580594	1	2
chr9	131647927	132910585	2.0851	657	0.9558	0.9989	BND	INV	BAF_WEIGHTED	1205	0.4719	131647927	131647927	0	2
chr9	132910586	133000912	3.1288	48	0.6696	0.6802	INV	INV	BAF_WEIGHTED	87	0.4648	132910586	132910586	1	2
chr9	133000913	133773291	2.1329	521	0.9574	0.9998	INV	BND	BAF_WEIGHTED	558	0.539	133000913	133000913	0	2
chr9	133773292	135101171	1.1209	1209	0.9167	0.9903	BND	BND	BAF_WEIGHTED	972	0.5483	133773292	133773292	0	1
chr9	135101172	135108982	2.0869	4	0.598	0.6072	BND	DEL	BAF_WEIGHTED	3	0.601	135101172	135101172	1	1
chr9	135108983	135415582	1.1516	336	0.9221	0.9947	DEL	INV	BAF_WEIGHTED	253	0.5428	135108983	135108983	0	1
chr9	135415583	135415726	2.0512	0	0	0.5584	INV	INV	STRUCTURAL_VARIANT	0	0	135415583	135415583	1	1
chr9	135415727	135415736	3.144	0	0	0.6357	INV	INV	STRUCTURAL_VARIANT	0	0	135415727	135415727	1	2
chr9	135415737	135435078	2.2837	37	0.56	0.5611	INV	INV	BAF_WEIGHTED	19	0.4541	135415737	135415737	1	1
chr9	135435079	135526896	1.0906	110	0.9024	0.9754	INV	INV	BAF_WEIGHTED	61	0.5292	135435079	135435079	0	1
chr9	135526897	135527891	2.1629	0	0	0.5082	INV	INV	STRUCTURAL_VARIANT	0	0	135526897	135526897	1	1
chr9	135527892	135563197	1.1415	31	0.9167	0.9919	INV	INV	BAF_WEIGHTED	15	0.5054	135527892	135527892	0	1
chr9	135563198	135651142	2.108	84	0.5646	0.5707	INV	INV	BAF_WEIGHTED	67	0.4968	135563198	135563198	1	1
chr9	135651143	135757391	1.1711	39	0.9259	0.9981	INV	INV	BAF_WEIGHTED	49	0.5859	135651143	135651143	0	1
chr9	135757392	135829948	2.2876	7	0.52	0.5629	INV	INV	BAF_WEIGHTED	41	0.5726	135757392	135757392	1	1
chr9	135829949	135843856	3.3472	5	0.6667	0.6766	INV	INV	BAF_WEIGHTED	10	0.4629	135829949	135829949	1	2
chr9	135843857	135909910	2.0397	15	0.6	0.6097	INV	INV	BAF_WEIGHTED	60	0.4589	135843857	135843857	1	1
chr9	135909911	136614052	1.1616	326	0.9104	0.9804	INV	DEL	BAF_WEIGHTED	386	0.5806	135909911	135909911	0	1
chr9	136614053	136669357	2.2253	44	0.5714	0.5777	DEL	BND	BAF_WEIGHTED	18	0.604	136614053	136614053	1	1
chr9	136669358	137413239	1.1202	434	0.913	0.9859	BND	BND	BAF_WEIGHTED	343	0.5918	136669358	136669358	0	1
chr9	137413240	137413510	2.5027	0	0	0.5587	BND	BND	STRUCTURAL_VARIANT	0	0	137413240	137413240	1	1
chr9	137413511	137438281	1.189	15	0.84	0.8966	BND	INV	BAF_WEIGHTED	12	0.5947	137413511	137413511	0	1
chr9	137438282	137438954	2.5098	0	0	0.5405	INV	INV	STRUCTURAL_VARIANT	0	0	137438282	137438282	1	1
chr9	137438955	137438984	3.0452	0	0	0.6213	INV	INV	STRUCTURAL_VARIANT	0	0	137438955	137438955	1	2
chr9	137438985	137449183	2.0866	0	0	0.5527	INV	INV	BAF_WEIGHTED	5	0.5601	137438985	137438985	1	1
chr9	137449184	137449191	1.3545	0	0	0.8515	INV	DEL	STRUCTURAL_VARIANT	0	0	137449184	137449184	0	1
chr9	137449192	137449231	1.8648	0	0	0.6185	DEL	INV	STRUCTURAL_VARIANT	0	0	137449192	137449192	1	1
chr9	137449232	137584160	1.1327	45	0.9412	1.0182	INV	INV	BAF_WEIGHTED	86	0.5532	137449232	137449232	0	1
chr9	137584161	137584261	2.0719	0	0	0.5567	INV	INV	STRUCTURAL_VARIANT	0	0	137584161	137584161	1	1
chr9	137584262	137584269	3.0908	0	0	0.6268	INV	DUP	STRUCTURAL_VARIANT	0	0	137584262	137584262	1	2
chr9	137584270	137618769	2.0821	18	0.5501	0.524	DUP	INV	BAF_WEIGHTED	22	0.5683	137584270	137584270	1	1
chr9	137618770	137834145	1.1	91	0.913	0.9873	INV	BND	BAF_WEIGHTED	192	0.4881	137618770	137618770	0	1
chr9	137834146	137846864	2.1834	12	0.5683	0.5744	BND	BND	BAF_WEIGHTED	6	0.5156	137834146	137834146	1	1
chr9	137846865	138394717	1.1372	107	0.9	0.9696	BND	TELOMERE	BAF_WEIGHTED	232	0.4905	137846865	137846865	0	1
chr10	1	2052663	6.0832	1240	0.6746	0.6803	TELOMERE	DEL	BAF_WEIGHTED	1777	0.4532	1	1	2	4
chr10	2052664	2052722	5.3006	0	0	0.6293	DEL	DEL	STRUCTURAL_VARIANT	0	0	2052664	2052664	2	3
chr10	2052723	5285523	6.0803	2255	0.6712	0.6768	DEL	DEL	BAF_WEIGHTED	3034	0.4103	2052723	2052723	2	4
chr10	5285524	5285565	4.407	0	0	0.5541	DEL	DEL	STRUCTURAL_VARIANT	0	0	5285524	5285524	2	2
chr10	5285566	7405499	6.1232	1379	0.677	0.6828	DEL	BND	BAF_WEIGHTED	1991	0.4395	5285566	5285566	2	4
chr10	7405500	10498740	5.8502	2084	0.6685	0.6742	BND	DEL	BAF_WEIGHTED	2996	0.3873	7405500	7405500	2	4
chr10	10498741	10498790	4.5365	0	0	0.5798	DEL	DEL	STRUCTURAL_VARIANT	0	0	10498741	10498741	2	3
chr10	10498791	10739027	5.8914	164	0.6704	0.6761	DEL	DUP	BAF_WEIGHTED	221	0.4034	10498791	10498791	2	4
chr10	10739028	10756749	7.2984	10	0.7259	0.732	DUP	DUP	BAF_WEIGHTED	16	0.3885	10739028	10739028	2	5
chr10	10756750	18436090	5.9666	5277	0.6688	0.6744	DUP	INV	BAF_WEIGHTED	7365	0.4227	10756750	10756750	2	4
chr10	18436091	18436124	3.685	0	0	0.5272	INV	BND	STRUCTURAL_VARIANT	0	0	18436091	18436091	2	2
chr10	18436125	19023627	5.8297	380	0.6767	0.6826	BND	INV	BAF_WEIGHTED	533	0.3896	18436125	18436125	2	4
chr10	19023628	20471372	3.8432	1145	0.5498	0.5184	INV	BND	BAF_WEIGHTED	1359	0.3666	19023628	19023628	2	2
chr10	20471373	20471671	5.1685	0	0	0.6419	BND	BND	STRUCTURAL_VARIANT	0	0	20471373	20471373	2	3
chr10	20471672	20818566	3.9839	332	0.5472	0.502	BND	INV	BAF_WEIGHTED	307	0.3842	20471672	20471672	2	2
chr10	20818567	20954496	4.0876	96	0.5364	0.5107	INV	DUP	BAF_WEIGHTED	127	0.3755	20818567	20818567	2	2
chr10	20954497	20970343	5.1557	5	0.5753	0.5782	DUP	DUP	BAF_WEIGHTED	15	0.3798	20954497	20954497	2	3
chr10	20970344	21162618	4.0474	175	0.5529	0.5059	DUP	INV	BAF_WEIGHTED	183	0.4001	20970344	20970344	2	2
chr10	21162619	22314000	4.0171	289	0.7442	0.7562	INV	NONE	BAF_WEIGHTED	1088	0.4066	21162619	21162619	1	3
chr10	22314001	23795529	3.0013	675	0.6539	0.664	NONE	DEL	BAF_WEIGHTED	1372	0.4062	22314001	22314001	1	2
chr10	23795530	23795561	1.3111	0	0	0.7463	DEL	DEL	STRUCTURAL_VARIANT	0	0	23795530	23795530	0	1
chr10	23795562	25553286	2.9542	1038	0.6582	0.6688	DEL	BND	BAF_WEIGHTED	1660	0.3993	23795562	23795562	1	2
chr10	25553287	25553290	2.3697	0	0	0.5871	BND	SGL	STRUCTURAL_VARIANT	0	0	25553287	25553287	1	1
chr10	25553291	25796249	3.0394	277	0.6667	0.6775	SGL	DEL	BAF_WEIGHTED	224	0.393	25553291	25553291	1	2
chr10	25796250	25796719	2.0466	0	0	0.5177	DEL	DEL	STRUCTURAL_VARIANT	0	0	25796250	25796250	1	1
chr10	25796720	27678317	2.9884	1664	0.6592	0.6697	DEL	DEL	BAF_WEIGHTED	1711	0.3977	25796720	25796720	1	2
chr10	27678318	27678363	2.0416	0	0	0.5177	DEL	DEL	STRUCTURAL_VARIANT	0	0	27678318	27678318	1	1
chr10	27678364	31970081	3.0224	2553	0.6635	0.6742	DEL	BND	BAF_WEIGHTED	4019	0.4138	27678364	27678364	1	2
chr10	31970082	33401647	2.9751	891	0.6607	0.6714	BND	DEL	BAF_WEIGHTED	1300	0.4007	31970082	31970082	1	2
chr10	33401648	33401698	2.2426	0	0	0.5641	DEL	DEL	STRUCTURAL_VARIANT	0	0	33401648	33401648	1	1
chr10	33401699	33423883	2.9951	9	0.6483	0.6641	DEL	INV	BAF_WEIGHTED	21	0.4147	33401699	33401699	1	2
chr10	33423884	35241000	1.9944	735	0.5685	0.5754	INV	NONE	BAF_WEIGHTED	1766	0.4119	33423884	33423884	1	1
chr10	35241001	36109543	4.3025	432	0.6712	0.6791	NONE	BND	BAF_WEIGHTED	807	0.4208	35241001	35241001	1	3
chr10	36109544	36241550	5.1222	46	0.5891	0.5925	BND	BND	BAF_WEIGHTED	126	0.3693	36109544	36109544	2	3
chr10	36241551	36241554	3.8197	0	0	0.7684	BND	BND	STRUCTURAL_VARIANT	0	0	36241551	36241551	1	3
chr10	36241555	36241820	4.5786	0	0	0.641	BND	BND	STRUCTURAL_VARIANT	0	0	36241555	36241555	2	3
chr10	36241821	36241968	3.9316	0	0	0.7465	BND	BND	STRUCTURAL_VARIANT	0	0	36241821	36241821	1	3
chr10	36241969	36242055	5.2061	0	0	0.5637	BND	BND	STRUCTURAL_VARIANT	0	0	36241969	36241969	2	3
chr10	36242056	36242064	4.2755	0	0	0.6864	BND	BND	STRUCTURAL_VARIANT	0	0	36242056	36242056	1	3
chr10	36242065	36242270	4.3628	0	0	0.6727	BND	BND	STRUCTURAL_VARIANT	0	0	36242065	36242065	1	3
chr10	36242271	36242393	5.4239	0	0	0.5411	BND	BND	STRUCTURAL_VARIANT	0	0	36242271	36242271	2	3
chr10	36242394	36242428	4.5298	0	0	0.6479	BND	BND	STRUCTURAL_VARIANT	0	0	36242394	36242394	2	3
chr10	36242429	36242756	5.3481	0	0	0.5488	BND	BND	STRUCTURAL_VARIANT	0	0	36242429	36242429	2	3
chr10	36242757	36242766	4.5035	0	0	0.6517	BND	BND	STRUCTURAL_VARIANT	0	0	36242757	36242757	2	3
chr10	36242767	37273834	4.9917	545	0.5846	0.588	BND	BND	BAF_WEIGHTED	895	0.3819	36242767	36242767	2	3
chr10	37273835	38267000	3.9368	279	0.5442	0.5084	BND	NONE	BAF_WEIGHTED	825	0.4043	37273835	37273835	2	2
chr10	38267001	40640101	2.9765	307	0.6609	0.6716	NONE	CENTROMERE	BAF_WEIGHTED	495	0.3704	38267001	38484001	1	2
chr10	40640102	42228451	2.0384	164	0.5572	0.5094	CENTROMERE	BND	BAF_WEIGHTED	113	0.3643	40640102	40640102	1	1
chr10	42228452	61482964	1.0105	11475	0.9155	0.9967	BND	INV	BAF_WEIGHTED	15526	0.391	42228452	42228452	0	1
chr10	61482965	67576000	0.0258	3017	0.714	1	INV	NONE	BAF_WEIGHTED	5776	0.3725	61482965	61482965	0	0
chr10	67576001	69240208	1.043	942	0.9286	1.0099	NONE	DEL	BAF_WEIGHTED	1581	0.4161	67576001	67576001	0	1
chr10	69240209	69240246	0.4364	0	0	1	DEL	DEL	STRUCTURAL_VARIANT	0	0	69240209	69240209	0	0
chr10	69240247	72040939	1.0519	1598	0.9167	0.9951	DEL	INV	BAF_WEIGHTED	2684	0.4899	69240247	69240247	0	1
chr10	72040940	72041209	1.8907	0	0	0.9972	INV	BND	STRUCTURAL_VARIANT	0	0	72040940	72040940	0	2
chr10	72041210	72197356	1.036	127	0.9167	0.9963	BND	BND	BAF_WEIGHTED	147	0.4455	72041210	72041210	0	1
chr10	72197357	72197404	2.1255	0	0	0.9995	BND	BND	STRUCTURAL_VARIANT	0	0	72197357	72197357	0	2
chr10	72197405	72197407	1.2278	0	0	0.9991	BND	BND	STRUCTURAL_VARIANT	0	0	72197405	72197405	0	1
chr10	72197408	72197468	1.9288	0	0	0.9995	BND	BND	STRUCTURAL_VARIANT	0	0	72197408	72197408	0	2
chr10	72197469	72197498	1.0882	0	0	0.999	BND	INV	STRUCTURAL_VARIANT	0	0	72197469	72197469	0	1
chr10	72197499	75039923	2.0306	684	0.9547	0.9995	INV	DUP	BAF_WEIGHTED	2658	0.4139	72197499	72197499	0	2
chr10	75039924	75067868	3.201	3	0.963	0.9916	DUP	DUP	BAF_WEIGHTED	27	0.4696	75039924	75039924	0	3
chr10	75067869	103996202	2.0344	14520	0.954	0.9982	DUP	BND	BAF_WEIGHTED	26387	0.4221	75067869	75067869	0	2
chr10	103996203	103996933	3.89	0	0	0.9991	BND	BND	STRUCTURAL_VARIANT	0	0	103996203	103996203	0	4
chr10	103996934	113046451	2.0219	5361	0.9537	0.9981	BND	DUP	BAF_WEIGHTED	8611	0.3972	103996934	103996934	0	2
chr10	113046452	113080719	2.6981	8	0.963	0.9969	DUP	DUP	BAF_WEIGHTED	33	0.4462	113046452	113046452	0	3
chr10	113080720	114821800	1.9869	839	0.9524	0.9974	DUP	DEL	BAF_WEIGHTED	1706	0.4287	113080720	113080720	0	2
chr10	114821801	114821854	1.3799	0	0	0.9987	DEL	DEL	STRUCTURAL_VARIANT	0	0	114821801	114821801	0	1
chr10	114821855	121970928	2.04	3803	0.9551	0.9991	DEL	DUP	BAF_WEIGHTED	6832	0.4196	114821855	114821855	0	2
chr10	121970929	121973469	3.2344	0	0	0.9994	DUP	DUP	BAF_WEIGHTED	2	0.464	121970929	121970929	0	3
chr10	121973470	123701061	2.0574	901	0.9505	0.9937	DUP	BND	BAF_WEIGHTED	1632	0.4502	121973470	121973470	0	2
chr10	123701062	123701063	1.6618	0	0	0.9922	BND	SGL	STRUCTURAL_VARIANT	0	0	123701062	123701062	0	2
chr10	123701064	124797212	2.1246	864	0.9549	0.9973	SGL	DEL	BAF_WEIGHTED	1029	0.4881	123701064	123701064	0	2
chr10	124797213	124797269	0.3842	0	0	1	DEL	DEL	STRUCTURAL_VARIANT	0	0	124797213	124797213	0	0
chr10	124797270	126253229	2.0678	760	0.9524	0.9957	DEL	DEL	BAF_WEIGHTED	1357	0.4406	124797270	124797270	0	2
chr10	126253230	126253267	1.6104	0	0	0.9944	DEL	DEL	STRUCTURAL_VARIANT	0	0	126253230	126253230	0	2
chr10	126253268	127122276	2.0575	548	0.9583	1.0024	DEL	DUP	BAF_WEIGHTED	830	0.4353	126253268	126253268	0	2
chr10	127122277	127133430	2.9977	21	0.9672	0.998	DUP	DUP	BAF_WEIGHTED	10	0.4342	127122277	127122277	0	3
chr10	127133431	127514857	1.9996	431	0.9542	0.9986	DUP	DEL	BAF_WEIGHTED	370	0.448	127133431	127133431	0	2
chr10	127514858	127515777	1.5147	0	0	0.9981	DEL	DEL	STRUCTURAL_VARIANT	0	0	127514858	127514858	0	2
chr10	127515778	131414865	2.0576	3110	0.9549	0.9986	DEL	DEL	BAF_WEIGHTED	3713	0.4553	127515778	127515778	0	2
chr10	131414866	131414940	1.5274	0	0	0.9981	DEL	DEL	STRUCTURAL_VARIANT	0	0	131414866	131414866	0	2
chr10	131414941	133514694	2.1474	1503	0.9517	0.9933	DEL	DEL	BAF_WEIGHTED	1394	0.5316	131414941	131414941	0	2
chr10	133514695	133517093	1.2238	0	0	0.9883	DEL	DEL	STRUCTURAL_VARIANT	0	0.369	133514695	133514695	0	1
chr10	133517094	133797422	2.1025	20	0.9419	0.9835	DEL	TELOMERE	BAF_WEIGHTED	35	0.4348	133517094	133517094	0	2
chr11	1	1070509	5.2998	893	0.7852	0.7959	TELOMERE	DEL	BAF_WEIGHTED	505	0.5679	1	1	1	4
chr11	1070510	1070532	4.9001	0	0	0.7793	DEL	DEL	STRUCTURAL_VARIANT	0	0	1070510	1070510	1	4
chr11	1070533	1070604	5.3625	0	0	0.7983	DEL	DEL	STRUCTURAL_VARIANT	0	0	1070533	1070533	1	4
chr11	1070605	1070639	4.6216	0	0	0.7659	DEL	DEL	STRUCTURAL_VARIANT	0	0	1070605	1070605	1	4
chr11	1070640	1832229	5.3712	547	0.7865	0.7971	DEL	INV	BAF_WEIGHTED	416	0.5572	1070640	1070640	1	4
chr11	1832230	3938077	2.0349	1729	0.5672	0.5737	INV	BND	BAF_WEIGHTED	1242	0.512	1832230	1832230	1	1
chr11	3938078	3938225	2.8631	0	0	0.7072	BND	BND	STRUCTURAL_VARIANT	0	0	3938078	3938078	1	2
chr11	3938226	18089995	1.9405	9875	0.5663	0.568	BND	INV	BAF_WEIGHTED	12992	0.416	3938226	3938226	1	1
chr11	18089996	18095951	3.7729	1	0.7636	0.7774	INV	INV	BAF_WEIGHTED	5	0.3826	18089996	18089996	1	3
chr11	18095952	18100701	6.2461	0	0	0.8505	INV	BND	BAF_WEIGHTED	4	0.4278	18095952	18095952	1	5
chr11	18100702	18128237	2.712	7	0.6443	0.6556	BND	BND	BAF_WEIGHTED	19	0.4273	18100702	18100702	1	2
chr11	18128238	19017164	3.9095	305	0.7397	0.7519	BND	DEL	BAF_WEIGHTED	814	0.4253	18128238	18128238	1	3
chr11	19017165	19480506	1.9032	231	0.5625	0.5302	DEL	DEL	BAF_WEIGHTED	440	0.4226	19017165	19017165	1	1
chr11	19480507	19480672	0.8716	0	0	1	DEL	DEL	STRUCTURAL_VARIANT	0	0	19480507	19480507	0	1
chr11	19480673	29727701	1.9411	6980	0.5653	0.5709	DEL	DEL	BAF_WEIGHTED	9537	0.3718	19480673	19480673	1	1
chr11	29727702	29727751	1.0003	0	0	0.8327	DEL	DEL	STRUCTURAL_VARIANT	0	0	29727702	29727702	0	1
chr11	29727752	32707548	1.9523	1575	0.5633	0.5355	DEL	DUP	BAF_WEIGHTED	2807	0.3889	29727752	29727752	1	1
chr11	32707549	33690000	3.0099	388	0.6534	0.6635	DUP	NONE	BAF_WEIGHTED	926	0.4068	32707549	32707549	1	2
chr11	33690001	33739000	2.3762	19	0.6316	0.6426	NONE	NONE	BAF_WEIGHTED	42	0.4506	33690001	33690001	1	2
chr11	33739001	34016000	3.0986	142	0.664	0.6745	NONE	NONE	BAF_WEIGHTED	269	0.4269	33739001	33739001	1	2
chr11	34016001	35531843	1.9609	1091	0.5639	0.5367	NONE	DUP	BAF_WEIGHTED	1455	0.4226	34016001	34016001	1	1
chr11	35531844	36153343	2.9663	231	0.6667	0.6778	DUP	DUP	BAF_WEIGHTED	590	0.4249	35531844	35531844	1	2
chr11	36153344	37309232	1.9791	681	0.5652	0.5717	DUP	DEL	BAF_WEIGHTED	1092	0.3971	36153344	36153344	1	1
chr11	37309233	37309266	1.3402	0	0	0.6201	DEL	DEL	STRUCTURAL_VARIANT	0	0	37309233	37309233	1	1
chr11	37309267	44874025	1.9685	4604	0.5707	0.5778	DEL	DEL	BAF_WEIGHTED	7119	0.3803	37309267	37309267	1	1
chr11	44874026	44874071	1.1232	0	0	0.74	DEL	DEL	STRUCTURAL_VARIANT	0	0	44874026	44874026	0	1
chr11	44874072	49615157	2.039	2246	0.5667	0.5732	DEL	DEL	BAF_WEIGHTED	3491	0.4552	44874072	44874072	1	1
chr11	49615158	49615283	1.2011	0	0	0.7246	DEL	DEL	STRUCTURAL_VARIANT	0	0	49615158	49615158	0	1
chr11	49615284	52751710	1.9785	1687	0.5676	0.5744	DEL	CENTROMERE	BAF_WEIGHTED	664	0.3852	49615284	49615284	1	1
chr11	52751711	55192353	1.9972	684	0.5659	0.5725	CENTROMERE	DEL	BAF_WEIGHTED	324	0.3693	52751711	52751711	1	1
chr11	55192354	55192365	1.2891	0	0	0.6657	DEL	DUP	STRUCTURAL_VARIANT	0	0	55192354	55192354	0	1
chr11	55192366	55193376	1.9371	0	0	0.557	DUP	DEL	STRUCTURAL_VARIANT	0	0	55192366	55192366	1	1
chr11	55193377	55193421	2.487	0	0	0.6549	DEL	DUP	STRUCTURAL_VARIANT	0	0	55193377	55193377	1	2
chr11	55193422	57082817	2.0172	1253	0.5679	0.5745	DUP	DEL	BAF_WEIGHTED	1551	0.3599	55193422	55193422	1	1
chr11	57082818	57876750	3.8336	269	0.7361	0.7483	DEL	DEL	BAF_WEIGHTED	752	0.4636	57082818	57082818	1	3
chr11	57876751	57876784	1.787	0	0	0.5763	DEL	DEL	STRUCTURAL_VARIANT	0	0	57876751	57876751	1	1
chr11	57876785	58776121	4.0343	673	0.7333	0.7447	DEL	SGL	BAF_WEIGHTED	818	0.3874	57876785	57876785	1	3
chr11	58776122	61227500	2.0052	1095	0.5656	0.5346	SGL	NONE	BAF_WEIGHTED	2143	0.4176	58776122	58776122	1	1
chr11	61227501	61831620	3.9111	162	0.7317	0.7434	NONE	DEL	BAF_WEIGHTED	507	0.5219	61202001	61253001	1	3
chr11	61831621	61831652	3.2949	0	0	0.6923	DEL	DEL	STRUCTURAL_VARIANT	0	0	61831621	61831621	1	2
chr11	61831653	63788982	4.0386	914	0.7374	0.7489	DEL	DEL	BAF_WEIGHTED	1712	0.4616	61831653	61831653	1	3
chr11	63788983	63789020	3.4492	0	0	0.706	DEL	DEL	STRUCTURAL_VARIANT	0	0	63788983	63788983	1	2
chr11	63789021	64881000	4.1609	355	0.7355	0.7466	DEL	NONE	BAF_WEIGHTED	863	0.5388	63789021	63789021	1	3
chr11	64881001	65991998	5.0984	424	0.7853	0.7964	NONE	DEL	BAF_WEIGHTED	921	0.5182	64881001	64881001	1	4
chr11	65991999	65992041	4.6079	0	0	0.7747	DEL	DEL	STRUCTURAL_VARIANT	0	0	65991999	65991999	1	4
chr11	65992042	67230422	5.0224	258	0.7893	0.8007	DEL	DEL	BAF_WEIGHTED	1098	0.4918	65992042	65992042	1	4
chr11	67230423	67230479	4.2527	0	0	0.7491	DEL	DEL	STRUCTURAL_VARIANT	0	0	67230423	67230423	1	3
chr11	67230480	69286957	5.0885	961	0.7794	0.7903	DEL	INV	BAF_WEIGHTED	1484	0.5051	67230480	67230480	1	4
chr11	69286958	69287249	7.1505	0	0	0.8508	INV	INV	STRUCTURAL_VARIANT	0	0	69286958	69286958	1	6
chr11	69287250	69287255	10.3165	0	0	0.8966	INV	DEL	STRUCTURAL_VARIANT	0	0	69287250	69287250	1	9
chr11	69287256	69288092	7.4726	0	0	0.8572	DEL	DEL	STRUCTURAL_VARIANT	0	0	69287256	69287256	1	6
chr11	69288093	69401970	11.4258	71	0.9085	0.9156	DEL	BND	BAF_WEIGHTED	103	0.5111	69288093	69288093	1	10
chr11	69401971	69559521	10.2754	146	0.8878	0.8953	BND	BND	BAF_WEIGHTED	143	0.5197	69401971	69401971	1	9
chr11	69559522	69702197	10.9424	108	0.8943	0.9014	BND	DEL	BAF_WEIGHTED	129	0.4957	69559522	69559522	1	10
chr11	69702198	69703289	10.4833	0	0	0.891	DEL	DEL	STRUCTURAL_VARIANT	0	0	69702198	69702198	1	9
chr11	69703290	69975077	11.5573	163	0.8944	0.9012	DEL	BND	BAF_WEIGHTED	241	0.5264	69703290	69703290	1	10
chr11	69975078	70811526	10.1573	488	0.8849	0.8923	BND	BND	BAF_WEIGHTED	771	0.5075	69975078	69975078	1	9
chr11	70811527	71477055	5.1593	339	0.7774	0.788	BND	BND	BAF_WEIGHTED	516	0.4999	70811527	70811527	1	4
chr11	71477056	74478069	4.0392	1923	0.7235	0.7345	BND	BND	BAF_WEIGHTED	2477	0.4512	71477056	71477056	1	3
chr11	74478070	74982920	4.9185	237	0.774	0.785	BND	BND	BAF_WEIGHTED	467	0.4288	74478070	74478070	1	4
chr11	74982921	75770000	4.0801	275	0.7302	0.7413	BND	NONE	BAF_WEIGHTED	736	0.4819	74982921	74982921	1	3
chr11	75770001	75900097	5.6284	85	0.8152	0.8263	NONE	SGL	BAF_WEIGHTED	126	0.4379	75770001	75770001	1	5
chr11	75900098	85251993	3.0363	4828	0.6455	0.655	SGL	DEL	BAF_WEIGHTED	8793	0.397	75900098	75900098	1	2
chr11	85251994	85406778	2.014	1	0.7692	0.7956	DEL	DEL	BAF_WEIGHTED	136	0.369	85251994	85251994	0	2
chr11	85406779	85998415	3.0287	68	0.6504	0.6603	DEL	DEL	BAF_WEIGHTED	541	0.3919	85406779	85406779	1	2
chr11	85998416	85998451	2.2229	0	0	0.8787	DEL	DEL	STRUCTURAL_VARIANT	0	0	85998416	85998416	0	2
chr11	85998452	86202578	3.0089	91	0.64	0.6492	DEL	DUP	BAF_WEIGHTED	196	0.3965	85998452	85998452	1	2
chr11	86202579	86205587	4.3522	1	0.5802	0.5838	DUP	DUP	BAF_WEIGHTED	2	0.4205	86202579	86202579	2	3
chr11	86205588	91889576	2.9508	3028	0.6463	0.6561	DUP	DUP	BAF_WEIGHTED	4251	0.3716	86205588	86205588	1	2
chr11	91889577	93514000	3.9778	810	0.7348	0.7465	DUP	NONE	BAF_WEIGHTED	1502	0.3922	91889577	91889577	1	3
chr11	93514001	93549000	3.0078	22	0.75	0.7664	NONE	NONE	BAF_WEIGHTED	34	0.451	93514001	93514001	1	2
chr11	93549001	95265751	3.9671	1162	0.7291	0.7405	NONE	DUP	BAF_WEIGHTED	1574	0.4066	93549001	93549001	1	3
chr11	95265752	96019672	4.9356	350	0.5948	0.5986	DUP	DUP	BAF_WEIGHTED	700	0.384	95265752	95265752	2	3
chr11	96019673	97835731	3.9642	1114	0.7312	0.7427	DUP	DEL	BAF_WEIGHTED	1692	0.3682	96019673	96019673	1	3
chr11	97835732	97835844	2.6627	0	0	0.6171	DEL	DEL	STRUCTURAL_VARIANT	0	0	97835732	97835732	1	2
chr11	97835845	100396000	3.9268	2091	0.7288	0.7403	DEL	NONE	BAF_WEIGHTED	2437	0.3505	97835845	97835845	1	3
chr11	100396001	101850999	6.9515	1069	0.8409	0.8506	NONE	DUP	BAF_WEIGHTED	1331	0.3781	100396001	100396001	1	6
chr11	101851000	101851033	9.3109	0	0	0.8885	DUP	DUP	STRUCTURAL_VARIANT	0	0	101851000	101851000	1	8
chr11	101851034	103357138	6.9037	682	0.8413	0.851	DUP	SGL	BAF_WEIGHTED	1426	0.3842	101851034	101851034	1	6
chr11	103357139	103460092	4.1261	194	0.7181	0.7285	SGL	BND	BAF_WEIGHTED	94	0.3591	103357139	103357139	1	3
chr11	103460093	103460228	4.7944	0	0	0.7802	BND	DUP	STRUCTURAL_VARIANT	0	0	103460093	103460093	1	4
chr11	103460229	103460237	7.8325	0	0	0.8655	DUP	DEL	STRUCTURAL_VARIANT	0	0	103460229	103460229	1	7
chr11	103460238	103729190	6.9399	235	0.8385	0.8482	DEL	DEL	BAF_WEIGHTED	254	0.3845	103460238	103460238	1	6
chr11	103729191	103729193	7.8325	0	0	0.8655	DEL	DUP	STRUCTURAL_VARIANT	0	0	103729191	103729191	1	7
chr11	103729194	103729718	4.4108	0	0	0.7611	DUP	BND	STRUCTURAL_VARIANT	0	0	103729194	103729194	1	3
chr11	103729719	103776360	3.6149	25	0.7273	0.7397	BND	DEL	BAF_WEIGHTED	35	0.3813	103729719	103729719	1	3
chr11	103776361	103777005	0.8421	0	0	1	DEL	DEL	STRUCTURAL_VARIANT	0	0	103776361	103776361	0	1
chr11	103777006	104498837	3.8472	300	0.7287	0.7404	DEL	BND	BAF_WEIGHTED	678	0.3664	103777006	103777006	1	3
chr11	104498838	104838765	4.7675	2	0.6241	0.6292	BND	BND	BAF_WEIGHTED	329	0.3536	104498838	104498838	2	3
chr11	104838766	104839284	5.5561	0	0	0.5419	BND	DEL	STRUCTURAL_VARIANT	0	0	104838766	104838766	3	3
chr11	104839285	104840932	4.8407	0	0	0.622	DEL	DEL	STRUCTURAL_VARIANT	0	0	104839285	104839285	2	3
chr11	104840933	105733860	5.7911	451	0.5408	0.5199	DEL	DEL	BAF_WEIGHTED	846	0.3556	104840933	104840933	3	3
chr11	105733861	105733894	5.0463	0	0	0.5945	DEL	DEL	STRUCTURAL_VARIANT	0	0	105733861	105733861	2	3
chr11	105733895	107710027	5.861	1286	0.5395	0.5119	DEL	DUP	BAF_WEIGHTED	1886	0.3707	105733895	105733895	3	3
chr11	107710028	107712981	9.3087	0	0	0.6777	DUP	DUP	BAF_WEIGHTED	1	0.361	107710028	107710028	3	6
chr11	107712982	108630296	5.8589	547	0.5354	0.5121	DUP	DUP	BAF_WEIGHTED	859	0.4075	107712982	107712982	3	3
chr11	108630297	112961196	4.9852	2066	0.6005	0.6044	DUP	INV	BAF_WEIGHTED	4109	0.4026	108630297	108630297	2	3
chr11	112961197	120336500	1.9936	3544	0.9558	1.0008	INV	NONE	BAF_WEIGHTED	6987	0.4529	112961197	112961197	0	2
chr11	120336501	121085522	3.0929	380	0.9692	0.9989	NONE	DUP	BAF_WEIGHTED	736	0.4449	120336001	120337001	0	3
chr11	121085523	121091090	6.0276	1	0.9813	0.9971	DUP	DUP	BAF_WEIGHTED	5	0.3642	121085523	121085523	0	6
chr11	121091091	122227537	2.9413	574	0.9685	0.9999	DUP	DUP	BAF_WEIGHTED	1075	0.4098	121091091	121091091	0	3
chr11	122227538	124765928	2.0259	1449	0.9558	1.0001	DUP	DEL	BAF_WEIGHTED	2413	0.4135	122227538	122227538	0	2
chr11	124765929	124765967	1.335	0	0	1.0029	DEL	DEL	STRUCTURAL_VARIANT	0	0	124765929	124765929	0	1
chr11	124765968	128900152	1.9948	2662	0.9565	1.002	DEL	DEL	BAF_WEIGHTED	3944	0.4295	124765968	124765968	0	2
chr11	128900153	128900189	0.884	0	0	1	DEL	DEL	STRUCTURAL_VARIANT	0	0	128900153	128900153	0	1
chr11	128900190	129418640	1.9416	275	0.9454	0.991	DEL	DEL	BAF_WEIGHTED	491	0.3996	128900190	128900190	0	2
chr11	129418641	129418865	0.1104	0	0	1	DEL	DEL	STRUCTURAL_VARIANT	0	0	129418641	129418641	0	0
chr11	129418866	132045639	2.0156	1741	0.9529	0.9973	DEL	DEL	BAF_WEIGHTED	2438	0.4334	129418866	129418866	0	2
chr11	132045640	132045896	0	0	0	1	DEL	DEL	STRUCTURAL_VARIANT	0	0	132045640	132045640	0	0
chr11	132045897	135086622	1.9725	1857	0.9497	0.9947	DEL	TELOMERE	BAF_WEIGHTED	2793	0.441	132045897	132045897	0	2
chr12	1	4959498	5.0363	2794	0.5967	0.6005	TELOMERE	DEL	BAF_WEIGHTED	4599	0.4499	1	1	2	3
chr12	4959499	4959536	3.8356	0	0	0.7885	DEL	DEL	STRUCTURAL_VARIANT	0	0	4959499	4959499	1	3
chr12	4959537	5528724	4.9261	324	0.5843	0.5877	DEL	DUP	BAF_WEIGHTED	540	0.4401	4959537	4959537	2	3
chr12	5528725	5534904	6.3388	6	0.543	0.5267	DUP	DUP	BAF_WEIGHTED	5	0.3804	5528725	5528725	3	3
chr12	5534905	9045823	5.0895	1887	0.6016	0.6056	DUP	BND	BAF_WEIGHTED	2873	0.4482	5534905	5534905	2	3
chr12	9045824	10206650	6.0569	929	0.654	0.6591	BND	DEL	BAF_WEIGHTED	872	0.384	9045824	9045824	2	4
chr12	10206651	10206860	5.2442	0	0	0.6062	DEL	DEL	STRUCTURAL_VARIANT	0	0	10206651	10206651	2	3
chr12	10206861	10707191	6.0777	454	0.6562	0.6613	DEL	DUP	BAF_WEIGHTED	435	0.3722	10206861	10206861	2	4
chr12	10707192	10710358	7.7508	0	0	0.7353	DUP	DUP	BAF_WEIGHTED	2	0.377	10707192	10707192	2	6
chr12	10710359	11647000	6.1448	766	0.661	0.6661	DUP	NONE	BAF_WEIGHTED	748	0.3793	10710359	10710359	2	4
chr12	11647001	11770391	5.1245	95	0.6538	0.6598	NONE	DUP	BAF_WEIGHTED	121	0.4336	11647001	11647001	2	3
chr12	11770392	11779764	7.0696	9	0.75	0.757	DUP	DUP	BAF_WEIGHTED	8	0.439	11770392	11770392	2	5
chr12	11779765	11859954	5.6368	42	0.6359	0.6407	DUP	DUP	BAF_WEIGHTED	78	0.4294	11779765	11779765	2	4
chr12	11859955	11870559	6.7674	1	0.6742	0.6793	DUP	DUP	BAF_WEIGHTED	10	0.4388	11859955	11859955	2	5
chr12	11870560	11883302	5.3048	4	0.6261	0.6309	DUP	DUP	BAF_WEIGHTED	3	0.409	11870560	11870560	2	3
chr12	11883303	12041859	7.5448	127	0.5413	0.5302	DUP	DUP	BAF_WEIGHTED	143	0.4336	11883303	11883303	4	4
chr12	12041860	12088382	6.155	91	0.6585	0.6636	DUP	DEL	BAF_WEIGHTED	39	0.4534	12041860	12041860	2	4
chr12	12088383	12088416	5.2422	0	0	0.7543	DEL	DEL	STRUCTURAL_VARIANT	0	0	12088383	12088383	1	4
chr12	12088417	12679728	5.97	245	0.6571	0.6623	DEL	DUP	BAF_WEIGHTED	566	0.4126	12088417	12088417	2	4
chr12	12679729	12704008	6.207	10	0.7206	0.7276	DUP	DUP	BAF_WEIGHTED	24	0.408	12679729	12679729	2	5
chr12	12704009	15201378	6.0228	1465	0.6602	0.6655	DUP	DUP	BAF_WEIGHTED	2398	0.4063	12704009	12704009	2	4
chr12	15201379	15223797	5.3854	14	0.7045	0.712	DUP	DUP	BAF_WEIGHTED	20	0.3738	15201379	15201379	2	4
chr12	15223798	15360630	6.1521	63	0.6436	0.6482	DUP	DEL	BAF_WEIGHTED	132	0.371	15223798	15223798	2	4
chr12	15360631	15360759	4.8854	0	0	0.82	DEL	DEL	STRUCTURAL_VARIANT	0	0	15360631	15360631	1	4
chr12	15360760	17459577	6.0019	984	0.6621	0.6675	DEL	DUP	BAF_WEIGHTED	2005	0.3658	15360760	15360760	2	4
chr12	17459578	17460983	7.1912	0	0	0.7245	DUP	DUP	STRUCTURAL_VARIANT	0	0	17459578	17459578	2	5
chr12	17460984	19616000	5.9254	1293	0.6603	0.6657	DUP	NONE	BAF_WEIGHTED	2015	0.3683	17460984	17460984	2	4
chr12	19616001	22308514	4.9637	2160	0.6001	0.6041	NONE	BND	BAF_WEIGHTED	2516	0.368	19616001	19616001	2	3
chr12	22308515	23044228	6.0112	363	0.66	0.6653	BND	DEL	BAF_WEIGHTED	681	0.3754	22308515	22308515	2	4
chr12	23044229	24704438	4.9546	896	0.6	0.604	DEL	DUP	BAF_WEIGHTED	1588	0.3631	23044229	23044229	2	3
chr12	24704439	25538693	6.1598	725	0.5381	0.5136	DUP	DEL	BAF_WEIGHTED	804	0.3902	24704439	24704439	3	3
chr12	25538694	25666289	7.0922	126	0.5772	0.5749	DEL	DEL	BAF_WEIGHTED	104	0.3852	25538694	25538694	3	4
chr12	25666290	26329223	5.8741	433	0.5349	0.51	DEL	INV	BAF_WEIGHTED	640	0.3974	25666290	25666290	3	3
chr12	26329224	27420682	4.9967	591	0.5978	0.6017	INV	DEL	BAF_WEIGHTED	990	0.3872	26329224	26329224	2	3
chr12	27420683	27420717	4.3392	0	0	0.5414	DEL	DEL	STRUCTURAL_VARIANT	0	0	27420683	27420683	2	2
chr12	27420718	28184192	5	529	0.5921	0.5957	DEL	DEL	BAF_WEIGHTED	714	0.3954	27420718	27420718	2	3
chr12	28184193	28189267	5.7591	7	0.5733	0.5758	DEL	BND	BAF_WEIGHTED	4	0.376	28184193	28184193	2	3
chr12	28189268	28217335	4.9743	87	0.6047	0.6089	BND	DEL	BAF_WEIGHTED	24	0.376	28189268	28189268	2	3
chr12	28217336	28217370	3.9917	0	0	0.5126	DEL	DEL	STRUCTURAL_VARIANT	0	0	28217336	28217336	2	2
chr12	28217371	28458387	4.9967	62	0.6026	0.6066	DEL	DUP	BAF_WEIGHTED	234	0.3422	28217371	28217371	2	3
chr12	28458388	31901023	4.0325	2567	0.5468	0.5098	DUP	DEL	BAF_WEIGHTED	3063	0.3991	28458388	28458388	2	2
chr12	31901024	31901057	3.707	0	0	0.5332	DEL	DEL	STRUCTURAL_VARIANT	0	0	31901024	31901024	2	2
chr12	31901058	32931525	3.9367	724	0.5431	0.5122	DEL	BND	BAF_WEIGHTED	996	0.4127	31901058	31901058	2	2
chr12	32931526	33254015	6.7294	427	0.6929	0.6986	BND	INV	BAF_WEIGHTED	259	0.3817	32931526	32931526	2	5
chr12	33254016	33291600	5.5962	75	0.6404	0.6454	INV	BND	BAF_WEIGHTED	33	0.3847	33254016	33254016	2	4
chr12	33291601	33296197	4.5171	0	0	0.5607	BND	BND	BAF_WEIGHTED	4	0.3663	33291601	33291601	2	3
chr12	33296198	33296289	3.0779	0	0	0.6448	BND	SGL	STRUCTURAL_VARIANT	0	0	33296198	33296198	1	2
chr12	33296290	33346419	2.6371	37	0.7297	0.7469	SGL	BND	BAF_WEIGHTED	41	0.3715	33296290	33296290	1	2
chr12	33346420	33701707	3.6707	208	0.5643	0.5677	BND	BND	BAF_WEIGHTED	339	0.3567	33346420	33346420	2	2
chr12	33701708	35977329	3.972	767	0.5504	0.5039	BND	CENTROMERE	BAF_WEIGHTED	630	0.3812	33701708	33701708	2	2
chr12	35977330	37891028	4.0633	417	0.55	0.5078	CENTROMERE	DEL	BAF_WEIGHTED	388	0.3693	35977330	35977330	2	2
chr12	37891029	37892552	3.03	0	0	0.6601	DEL	DEL	STRUCTURAL_VARIANT	0	0	37891029	37891029	1	2
chr12	37892553	39490665	3.913	465	0.5455	0.5111	DEL	DEL	BAF_WEIGHTED	1322	0.3734	37892553	37892553	2	2
chr12	39490666	39490723	3.024	0	0	0.6614	DEL	DEL	STRUCTURAL_VARIANT	0	0	39490666	39490666	1	2
chr12	39490724	43971040	3.9558	2621	0.5488	0.5056	DEL	DEL	BAF_WEIGHTED	4192	0.3724	39490724	39490724	2	2
chr12	43971041	43971113	3.0908	0	0	0.6471	DEL	DEL	STRUCTURAL_VARIANT	0	0	43971041	43971041	1	2
chr12	43971114	44149520	3.9357	47	0.5385	0.5082	DEL	DEL	BAF_WEIGHTED	166	0.3763	43971114	43971114	2	2
chr12	44149521	44208251	2.9668	14	0.6883	0.7008	DEL	DEL	BAF_WEIGHTED	51	0.3555	44149521	44149521	1	2
chr12	44208252	45733298	4.0475	925	0.5475	0.5081	DEL	DEL	BAF_WEIGHTED	1414	0.3782	44208252	44208252	2	2
chr12	45733299	45733330	2.4253	0	0	0.821	DEL	DEL	STRUCTURAL_VARIANT	0	0	45733299	45733299	0	2
chr12	45733331	45825011	3.9261	18	0.5381	0.5094	DEL	DUP	BAF_WEIGHTED	91	0.3534	45733331	45733331	2	2
chr12	45825012	45924728	4.6544	8	0.575	0.5782	DUP	INV	BAF_WEIGHTED	98	0.37	45825012	45825012	2	3
chr12	45924729	46637729	3.5675	366	0.7163	0.7283	INV	DUP	BAF_WEIGHTED	647	0.3885	45924729	45924729	1	3
chr12	46637730	51522992	3.0392	2090	0.6562	0.6664	DUP	DEL	BAF_WEIGHTED	4549	0.44	46637730	46637730	1	2
chr12	51522993	51523050	2.0632	0	0	0.5085	DEL	DEL	STRUCTURAL_VARIANT	0	0	51522993	51522993	1	1
chr12	51523051	53690082	3.0073	1314	0.6601	0.6706	DEL	DUP	BAF_WEIGHTED	1982	0.4801	51523051	51523051	1	2
chr12	53690083	53710459	3.8492	23	0.7121	0.723	DUP	DUP	BAF_WEIGHTED	19	0.4755	53690083	53690083	1	3
chr12	53710460	54743706	3.034	486	0.658	0.6685	DUP	DEL	BAF_WEIGHTED	937	0.4654	53710460	53710460	1	2
chr12	54743707	54743923	2.1111	0	0	0.505	DEL	DEL	STRUCTURAL_VARIANT	0	0	54743707	54743707	1	1
chr12	54743924	56384918	3.0939	961	0.6527	0.6623	DEL	DUP	BAF_WEIGHTED	1443	0.4229	54743924	54743924	1	2
chr12	56384919	56399867	4.3962	4	0.5573	0.5451	DUP	DUP	BAF_WEIGHTED	13	0.4449	56384919	56384919	2	2
chr12	56399868	56651178	3.022	68	0.6516	0.6615	DUP	DUP	BAF_WEIGHTED	232	0.461	56399868	56399868	1	2
chr12	56651179	56664790	4.4351	0	0	0.5482	DUP	DUP	BAF_WEIGHTED	11	0.4649	56651179	56651179	2	2
chr12	56664791	60750750	3.0065	1929	0.6563	0.6665	DUP	DEL	BAF_WEIGHTED	3753	0.3987	56664791	56664791	1	2
chr12	60750751	60751295	2.1711	0	0	0.916	DEL	DEL	STRUCTURAL_VARIANT	0	0	60750751	60750751	0	2
chr12	60751296	65279202	3.0051	2313	0.6518	0.6618	DEL	DEL	BAF_WEIGHTED	4032	0.3828	60751296	60751296	1	2
chr12	65279203	65279252	1.9872	0	0	1	DEL	DEL	STRUCTURAL_VARIANT	0	0	65279203	65279203	0	2
chr12	65279253	65355001	2.9725	12	0.6629	0.6737	DEL	DEL	BAF_WEIGHTED	65	0.3629	65279253	65279253	1	2
chr12	65355002	65355038	2.6956	0	0	0.7322	DEL	DEL	STRUCTURAL_VARIANT	0	0	65355002	65355002	1	2
chr12	65355039	68844097	2.9819	1850	0.6518	0.6619	DEL	DEL	BAF_WEIGHTED	3328	0.394	65355039	65355039	1	2
chr12	68844098	68844300	1.79	0	0	1	DEL	DEL	STRUCTURAL_VARIANT	0	0	68844098	68844098	0	2
chr12	68844301	72795734	2.9859	2051	0.6515	0.6615	DEL	DUP	BAF_WEIGHTED	3736	0.381	68844301	68844301	1	2
chr12	72795735	72799746	4.0464	0	0	0.5118	DUP	DUP	BAF_WEIGHTED	3	0.3577	72795735	72795735	2	2
chr12	72799747	74298300	2.95	835	0.6501	0.6601	DUP	INV	BAF_WEIGHTED	1378	0.3481	72799747	72799747	1	2
chr12	74298301	82274657	1.9697	4012	0.9527	0.9981	INV	BND	BAF_WEIGHTED	7526	0.3636	74298301	74298301	0	2
chr12	82274658	82274692	1.3792	0	0	0.9972	BND	BND	STRUCTURAL_VARIANT	0	0	82274658	82274658	0	1
chr12	82274693	83563186	1.928	275	0.9444	0.99	BND	DEL	BAF_WEIGHTED	1207	0.3659	82274693	82274693	0	2
chr12	83563187	83563220	1.2029	0	0	0.984	DEL	DEL	STRUCTURAL_VARIANT	0	0	83563187	83563187	0	1
chr12	83563221	83868313	1.9123	226	0.95	0.9965	DEL	BND	BAF_WEIGHTED	264	0.3567	83563221	83563221	0	2
chr12	83868314	83868314	2.8423	0	0	0.9953	BND	BND	STRUCTURAL_VARIANT	0	0	83868314	83868314	0	3
chr12	83868315	85400768	2.02	736	0.9494	0.9933	BND	DEL	BAF_WEIGHTED	1449	0.3417	83868315	83868315	0	2
chr12	85400769	85402372	0.9377	0	0	1	DEL	DEL	BAF_WEIGHTED	1	0.343	85400769	85400769	0	1
chr12	85402373	91129287	2.0155	1920	0.9569	1.0018	DEL	DEL	BAF_WEIGHTED	5389	0.3576	85402373	85402373	0	2
chr12	91129288	91129321	1.4841	0	0	1.0043	DEL	DEL	STRUCTURAL_VARIANT	0	0	91129288	91129288	0	1
chr12	91129322	96028561	2.0082	2985	0.9581	1.0032	DEL	DUP	BAF_WEIGHTED	4674	0.4001	91129322	91129322	0	2
chr12	96028562	96036014	2.872	13	0.9574	0.9889	DUP	DUP	BAF_WEIGHTED	7	0.404	96028562	96028562	0	3
chr12	96036015	104050807	2.0398	3673	0.9544	0.9987	DUP	DEL	BAF_WEIGHTED	7600	0.3943	96036015	96036015	0	2
chr12	104050808	104050839	1.3233	0	0	0.998	DEL	DEL	STRUCTURAL_VARIANT	0	0	104050808	104050808	0	1
chr12	104050840	110939213	2.0312	3462	0.9546	0.9988	DEL	DEL	BAF_WEIGHTED	6601	0.4392	104050840	104050840	0	2
chr12	110939214	110939249	1.205	0	0	0.998	DEL	DEL	STRUCTURAL_VARIANT	0	0	110939214	110939214	0	1
chr12	110939250	112582868	2.0969	701	0.956	0.999	DEL	DUP	BAF_WEIGHTED	1560	0.4554	110939250	110939250	0	2
chr12	112582869	112585931	3.0893	0	0	0.9994	DUP	DUP	BAF_WEIGHTED	2	0.455	112582869	112582869	0	3
chr12	112585932	119804000	2.0552	4121	0.9554	0.9991	DUP	NONE	BAF_WEIGHTED	7013	0.4461	112585932	112585932	0	2
chr12	119804001	120369186	3.0336	210	0.6589	0.6693	NONE	DEL	BAF_WEIGHTED	538	0.4739	119801001	119804001	1	2
chr12	120369187	120369234	2.2938	0	0	0.8993	DEL	DEL	STRUCTURAL_VARIANT	0	0	120369187	120369187	0	2
chr12	120369235	124337547	3.1281	1368	0.6499	0.6594	DEL	SGL	BAF_WEIGHTED	3712	0.4735	120369235	120369235	1	2
chr12	124337548	125277037	3.0799	551	0.6528	0.6627	SGL	DEL	BAF_WEIGHTED	822	0.517	124337548	124337548	1	2
chr12	125277038	125279808	1.8163	8	0.97	1.0211	DEL	DEL	BAF_WEIGHTED	1	0.408	125277038	125277038	0	2
chr12	125279809	126992976	3.1246	1239	0.6534	0.6631	DEL	DEL	BAF_WEIGHTED	1657	0.413	125279809	125279809	1	2
chr12	126992977	126993184	2.1007	0	0	0.9864	DEL	DEL	STRUCTURAL_VARIANT	0	0	126992977	126992977	0	2
chr12	126993185	127751553	2.9971	636	0.6604	0.671	DEL	DEL	BAF_WEIGHTED	734	0.4154	126993185	126993185	1	2
chr12	127751554	127751588	2.41	0	0	0.8345	DEL	DEL	STRUCTURAL_VARIANT	0	0	127751554	127751554	0	2
chr12	127751589	128331305	3.0067	543	0.6585	0.6689	DEL	DEL	BAF_WEIGHTED	561	0.4221	127751589	127751589	1	2
chr12	128331306	128331343	2.306	0	0	0.8722	DEL	DEL	STRUCTURAL_VARIANT	0	0	128331306	128331306	0	2
chr12	128331344	128622325	2.9671	238	0.6442	0.6539	DEL	DEL	BAF_WEIGHTED	279	0.4525	128331344	128331344	1	2
chr12	128622326	128622417	2.2662	0	0	0.8561	DEL	DEL	STRUCTURAL_VARIANT	0	0	128622326	128622326	0	2
chr12	128622418	128690997	3.07	62	0.6667	0.6774	DEL	DEL	BAF_WEIGHTED	64	0.4542	128622418	128622418	1	2
chr12	128690998	128692533	2.3924	0	0	0.8446	DEL	DEL	STRUCTURAL_VARIANT	0	0	128690998	128690998	0	2
chr12	128692534	130547587	3.021	1230	0.6585	0.6689	DEL	DEL	BAF_WEIGHTED	1749	0.4469	128692534	128692534	1	2
chr12	130547588	130549573	2.025	0	0	1	DEL	DEL	BAF_WEIGHTED	1	0.477	130547588	130547588	0	2
chr12	130549574	133275309	3.2055	2068	0.6526	0.662	DEL	TELOMERE	BAF_WEIGHTED	2050	0.503	130549574	130549574	1	2
chr13	1	17025623	2.0156	0	0	0.9961	TELOMERE	CENTROMERE	LONG_ARM	0	0	1	1	0	2
chr13	17025624	21906680	2.0156	2174	0.9519	0.9961	CENTROMERE	INV	BAF_WEIGHTED	2531	0.4242	17025624	17025624	0	2
chr13	21906681	21913932	2.9529	10	0.9815	1.0138	INV	BND	BAF_WEIGHTED	3	0.4667	21906681	21906681	0	3
chr13	21913933	21914161	3.8489	0	0	1.0106	BND	BND	STRUCTURAL_VARIANT	0	0	21913933	21913933	0	4
chr13	21914162	21924969	2.9582	4	0.9566	0.9871	BND	INV	BAF_WEIGHTED	9	0.4668	21914162	21914162	0	3
chr13	21924970	21934711	3.8351	8	0.9748	0.9993	INV	BND	BAF_WEIGHTED	9	0.4652	21924970	21924970	0	4
chr13	21934712	35643257	2.9728	9628	0.9679	0.999	BND	DEL	BAF_WEIGHTED	12809	0.4072	21934712	21934712	0	3
chr13	35643258	35645202	1.7055	0	0	0.9983	DEL	DEL	BAF_WEIGHTED	1	0.359	35643258	35643258	0	2
chr13	35645203	37640521	3.0226	1343	0.9686	0.9992	DEL	DUP	BAF_WEIGHTED	1922	0.3887	35645203	35645203	0	3
chr13	37640522	37654147	3.6449	14	0.9803	1.0064	DUP	DUP	BAF_WEIGHTED	13	0.3853	37640522	37640522	0	4
chr13	37654148	40074646	2.9557	1785	0.9634	0.9943	DUP	DUP	BAF_WEIGHTED	2308	0.3716	37654148	37654148	0	3
chr13	40074647	40986600	4.0177	667	0.976	0.9997	DUP	DEL	BAF_WEIGHTED	843	0.4218	40074647	40074647	0	4
chr13	40986601	40986662	3.3669	0	0	0.9996	DEL	DEL	STRUCTURAL_VARIANT	0	0	40986601	40986601	0	3
chr13	40986663	42034067	3.9339	445	0.9738	0.9976	DEL	DUP	BAF_WEIGHTED	956	0.3915	40986663	40986663	0	4
chr13	42034068	44194161	3.0316	1108	0.9713	1.002	DUP	BND	BAF_WEIGHTED	2039	0.3938	42034068	42034068	0	3
chr13	44194162	44194390	4.3522	0	0	0.9994	BND	BND	STRUCTURAL_VARIANT	0	0	44194162	44194162	0	4
chr13	44194391	48674401	2.9945	2676	0.9681	0.9991	BND	DUP	BAF_WEIGHTED	4204	0.4037	44194391	44194391	0	3
chr13	48674402	48689533	5.0918	10	0.9817	1.0004	DUP	DUP	BAF_WEIGHTED	14	0.4304	48674402	48674402	0	5
chr13	48689534	51989467	2.9776	1521	0.9694	1.0005	DUP	DUP	BAF_WEIGHTED	3086	0.4044	48689534	48689534	0	3
chr13	51989468	51992308	6.5078	7	0.978	0.9925	DUP	DUP	BAF_WEIGHTED	2	0.4075	51989468	51989468	0	6
chr13	51992309	54335983	2.9774	852	0.9688	1	DUP	DEL	BAF_WEIGHTED	1949	0.3879	51992309	51992309	0	3
chr13	54335984	55725450	0.9903	548	0.9069	0.9866	DEL	BND	BAF_WEIGHTED	1325	0.3478	54335984	54335984	0	1
chr13	55725451	55725509	1.4119	0	0	0.992	BND	INV	STRUCTURAL_VARIANT	0	0	55725451	55725451	0	1
chr13	55725510	55725511	2.4523	0	0	0.9954	INV	INV	STRUCTURAL_VARIANT	0	0	55725510	55725510	0	2
chr13	55725512	55725826	1.3505	0	0	0.9917	INV	INV	STRUCTURAL_VARIANT	0	0	55725512	55725512	0	1
chr13	55725827	55726715	0.9081	0	0	1	INV	INV	STRUCTURAL_VARIANT	0	0	55725827	55725827	0	1
chr13	55726716	59121844	1.9639	1112	0.9491	0.9943	INV	DUP	BAF_WEIGHTED	3171	0.3425	55726716	55726716	0	2
chr13	59121845	59127231	4.1157	2	0.9569	0.9789	DUP	DUP	BAF_WEIGHTED	5	0.324	59121845	59121845	0	4
chr13	59127232	62230860	1.9646	2173	0.9529	0.9985	DUP	BND	BAF_WEIGHTED	2964	0.3651	59127232	59127232	0	2
chr13	62230861	62429009	2.9393	71	0.9722	1.004	BND	DEL	BAF_WEIGHTED	195	0.3441	62230861	62230861	0	3
chr13	62429010	62509222	1.975	23	0.9667	1.0134	DEL	INV	BAF_WEIGHTED	78	0.3353	62429010	62429010	0	2
chr13	62509223	63119152	4.8581	312	0.9759	0.9953	INV	DEL	BAF_WEIGHTED	547	0.336	62509223	62509223	0	5
chr13	63119153	63133050	1.8587	3	0.96	1.009	DEL	DUP	BAF_WEIGHTED	13	0.3348	63119153	63119153	0	2
chr13	63133051	64305054	2.9438	896	0.9608	0.9918	DUP	INV	BAF_WEIGHTED	1026	0.3425	63133051	63133051	0	3
chr13	64305055	67877102	1.9368	1562	0.9512	0.9973	INV	DEL	BAF_WEIGHTED	3428	0.3441	64305055	64305055	0	2
chr13	67877103	67877219	1.028	0	0	0.9949	DEL	DEL	STRUCTURAL_VARIANT	0	0	67877103	67877103	0	1
chr13	67877220	68120997	1.8935	87	0.9474	0.9941	DEL	INV	BAF_WEIGHTED	220	0.3443	67877220	67877220	0	2
chr13	68120998	68332860	4.9078	47	0.98	0.9993	INV	INV	BAF_WEIGHTED	209	0.3468	68120998	68120998	0	5
chr13	68332861	68398189	1.9553	39	0.9394	0.9839	INV	DEL	BAF_WEIGHTED	60	0.3361	68332861	68332861	0	2
chr13	68398190	68512779	2.954	133	0.9714	1.003	DEL	INV	BAF_WEIGHTED	111	0.3352	68398190	68398190	0	3
chr13	68512780	68632042	1.942	134	0.9655	1.0129	INV	BND	BAF_WEIGHTED	118	0.3438	68512780	68512780	0	2
chr13	68632043	68642842	2.9045	10	0.9714	1.0035	BND	INV	BAF_WEIGHTED	9	0.3158	68632043	68632043	0	3
chr13	68642843	69280336	1.9615	463	0.9474	0.9925	INV	DEL	BAF_WEIGHTED	622	0.3317	68642843	68642843	0	2
chr13	69280337	69376000	4.8165	12	0.9817	1.0015	DEL	NONE	BAF_WEIGHTED	93	0.3269	69280337	69280337	0	5
chr13	69376001	69809261	1.9219	248	0.9466	0.9926	NONE	SGL	BAF_WEIGHTED	405	0.3469	69376001	69376001	0	2
chr13	69809262	69933255	2.9107	189	0.9626	0.994	SGL	BND	BAF_WEIGHTED	112	0.3381	69809262	69809262	0	3
chr13	69933256	71330961	1.8987	932	0.9532	1.0003	BND	BND	BAF_WEIGHTED	1358	0.3419	69933256	69933256	0	2
chr13	71330962	71332660	4.5315	0	0	1.0001	BND	INV	BAF_WEIGHTED	1	0.375	71330962	71330962	0	5
chr13	71332661	71332721	1.8232	0	0	1.0004	INV	BND	STRUCTURAL_VARIANT	0	0	71332661	71332661	0	2
chr13	71332722	71412873	2.8554	52	0.9699	1.0025	BND	DEL	BAF_WEIGHTED	72	0.3448	71332722	71332722	0	3
chr13	71412874	71420488	1.9589	1	1	1.0505	DEL	DEL	BAF_WEIGHTED	7	0.3349	71412874	71412874	0	2
chr13	71420489	71763918	2.8551	44	0.9747	1.0076	DEL	DUP	BAF_WEIGHTED	337	0.3373	71420489	71420489	0	3
chr13	71763919	72999306	1.9092	882	0.9517	0.9985	DUP	DUP	BAF_WEIGHTED	1179	0.3652	71763919	71763919	0	2
chr13	72999307	74689472	2.8511	1005	0.9676	0.9999	DUP	BND	BAF_WEIGHTED	1634	0.3836	72999307	72999307	0	3
chr13	74689473	74874460	2.8773	86	0.9643	0.9965	BND	DUP	BAF_WEIGHTED	174	0.3807	74689473	74689473	0	3
chr13	74874461	78555282	1.8822	1948	0.9534	1.0007	DUP	BND	BAF_WEIGHTED	3489	0.3747	74874461	74874461	0	2
chr13	78555283	78559190	3.165	2	0.9654	0.9945	BND	INV	BAF_WEIGHTED	2	0.316	78555283	78555283	0	3
chr13	78559191	78559249	2.2784	0	0	1.0122	INV	BND	STRUCTURAL_VARIANT	0	0	78559191	78559191	0	2
chr13	78559250	78673349	4.6541	37	0.9853	1.006	BND	DUP	BAF_WEIGHTED	104	0.4007	78559250	78559250	0	5
chr13	78673350	79086437	5.9191	176	0.9829	0.999	DUP	BND	BAF_WEIGHTED	393	0.3743	78673350	78673350	0	6
chr13	79086438	80852165	2.906	812	0.965	0.9967	BND	DEL	BAF_WEIGHTED	1663	0.3745	79086438	79086438	0	3
chr13	80852166	83507355	4.8734	1702	0.9775	0.9968	DEL	DEL	BAF_WEIGHTED	2512	0.342	80852166	80852166	0	5
chr13	83507356	83507400	4.1929	0	0	0.9963	DEL	DEL	STRUCTURAL_VARIANT	0	0	83507356	83507356	0	4
chr13	83507401	85249237	4.8871	1206	0.979	0.9984	DEL	DEL	BAF_WEIGHTED	1688	0.3471	83507401	83507401	0	5
chr13	85249238	85249269	3.5479	0	0	0.9962	DEL	DEL	STRUCTURAL_VARIANT	0	0	85249238	85249238	0	4
chr13	85249270	88186125	4.8608	2004	0.9778	0.9972	DEL	DUP	BAF_WEIGHTED	2731	0.3425	85249270	85249270	0	5
chr13	88186126	88189887	5.2834	0	0	0.9974	DUP	BND	NON_DIPLOID	2	0.371	88186126	88186126	0	5
chr13	88189888	88199700	9.2323	1	0.9701	0.9802	BND	BND	BAF_WEIGHTED	6	0.3528	88189888	88189888	0	9
chr13	88199701	88200867	5.6696	0	0	0.998	BND	DUP	STRUCTURAL_VARIANT	0	0	88199701	88199701	0	6
chr13	88200868	93640740	4.9121	3315	0.9785	0.9977	DUP	SGL	BAF_WEIGHTED	5207	0.3541	88200868	88200868	0	5
chr13	93640741	96286138	5.112	1347	0.9807	0.9994	SGL	DEL	BAF_WEIGHTED	2535	0.3944	93640741	93640741	0	5
chr13	96286139	96286193	4.8657	0	0	0.9994	DEL	DEL	STRUCTURAL_VARIANT	0	0	96286139	96286139	0	5
chr13	96286194	96715767	5.4583	165	0.9792	0.9966	DEL	DUP	BAF_WEIGHTED	413	0.3772	96286194	96286194	0	5
chr13	96715768	96730620	7.039	3	0.9907	1.0045	DUP	DUP	BAF_WEIGHTED	14	0.3694	96715768	96715768	0	7
chr13	96730621	99997795	5.0808	1932	0.9807	0.9994	DUP	DEL	BAF_WEIGHTED	3100	0.424	96730621	96730621	0	5
chr13	99997796	99997852	4.1128	0	0	0.9993	DEL	DEL	STRUCTURAL_VARIANT	0	0	99997796	99997796	0	4
chr13	99997853	101193773	5.0067	772	0.9827	1.0017	DEL	DUP	BAF_WEIGHTED	1143	0.4103	99997853	99997853	0	5
chr13	101193774	101198864	7.0967	4	0.9817	0.9951	DUP	DUP	BAF_WEIGHTED	4	0.3865	101193774	101193774	0	7
chr13	101198865	102566624	4.9425	718	0.9804	0.9998	DUP	DUP	BAF_WEIGHTED	1301	0.3709	101198865	101198865	0	5
chr13	102566625	103337808	5.8448	585	0.9816	0.9979	DUP	DUP	BAF_WEIGHTED	758	0.3919	102566625	102566625	0	6
chr13	103337809	109502920	4.8922	3977	0.9781	0.9974	DUP	DUP	BAF_WEIGHTED	5920	0.375	103337809	103337809	0	5
chr13	109502921	109510257	5.8023	1	1	1.017	DUP	DUP	BAF_WEIGHTED	3	0.4553	109502921	109502921	0	6
chr13	109510258	109716898	4.9939	87	0.9775	0.9964	DUP	DUP	BAF_WEIGHTED	201	0.4109	109510258	109510258	0	5
chr13	109716899	109730255	5.7024	10	0.983	0.9998	DUP	DUP	BAF_WEIGHTED	12	0.4255	109716899	109716899	0	6
chr13	109730256	109953211	4.8759	145	0.9774	0.9967	DUP	DEL	BAF_WEIGHTED	203	0.4267	109730256	109730256	0	5
chr13	109953212	109954570	4.5333	0	0	0.9993	DEL	DEL	STRUCTURAL_VARIANT	0	0	109953212	109953212	0	5
chr13	109954571	110452789	5.0668	401	0.9807	0.9994	DEL	DUP	BAF_WEIGHTED	472	0.4457	109954571	109954571	0	5
chr13	110452790	110463415	10.0437	14	0.9887	0.9983	DUP	DUP	BAF_WEIGHTED	8	0.4894	110452790	110452790	0	10
chr13	110463416	111530474	4.9725	746	0.9789	0.998	DUP	DEL	BAF_WEIGHTED	974	0.4608	110463416	110463416	0	5
chr13	111530475	111530519	4.2557	0	0	0.9977	DEL	DEL	STRUCTURAL_VARIANT	0	0	111530475	111530475	0	4
chr13	111530520	111905252	5.2519	182	0.9769	0.9948	DEL	DUP	BAF_WEIGHTED	194	0.4714	111530520	111530520	0	5
chr13	111905253	114364328	4.212	1515	0.9701	0.9921	DUP	TELOMERE	BAF_WEIGHTED	1912	0.4908	111905253	111905253	0	4
chr14	1	17086761	3.0783	0	0	0.6671	TELOMERE	CENTROMERE	LONG_ARM	0	0	1	1	1	2
chr14	17086762	20613158	3.0783	629	0.6571	0.6671	CENTROMERE	DUP	BAF_WEIGHTED	567	0.4012	17086762	17086762	1	2
chr14	20613159	20621708	3.8677	19	0.5455	0.5171	DUP	DUP	BAF_WEIGHTED	7	0.4169	20613159	20613159	2	2
chr14	20621709	24689366	3.0298	2696	0.6588	0.6691	DUP	SGL	BAF_WEIGHTED	3633	0.4388	20621709	20621709	1	2
chr14	24689367	24689386	2.1114	0	0	0.9601	SGL	SGL	STRUCTURAL_VARIANT	0	0	24689367	24689367	0	2
chr14	24689387	27426379	3.0453	1149	0.6667	0.6775	SGL	INV	BAF_WEIGHTED	2563	0.3661	24689387	24689387	1	2
chr14	27426380	27426403	1.0306	0	0	0.958	INV	INV	STRUCTURAL_VARIANT	0	0	27426380	27426380	0	1
chr14	27426404	31477256	2.9773	1776	0.6579	0.6684	INV	DEL	BAF_WEIGHTED	3741	0.3669	27426404	27426404	1	2
chr14	31477257	31477311	2.2846	0	0	0.5678	DEL	DEL	STRUCTURAL_VARIANT	0	0	31477257	31477257	1	1
chr14	31477312	33050789	3.0108	1001	0.6497	0.6595	DEL	DUP	BAF_WEIGHTED	1471	0.3862	31477312	31477312	1	2
chr14	33050790	33059331	3.4187	3	0.6792	0.6896	DUP	DUP	BAF_WEIGHTED	7	0.3519	33050790	33050790	1	2
chr14	33059332	35232555	3.0129	1638	0.6582	0.6686	DUP	DUP	BAF_WEIGHTED	2056	0.4048	33059332	33059332	1	2
chr14	35232556	35243883	3.8493	5	0.7083	0.719	DUP	DUP	BAF_WEIGHTED	10	0.4029	35232556	35232556	1	3
chr14	35243884	37374283	3.0539	1204	0.6549	0.6649	DUP	DEL	BAF_WEIGHTED	1993	0.3912	35243884	35243884	1	2
chr14	37374284	37377772	2.1289	0	0	0.5192	DEL	DEL	BAF_WEIGHTED	2	0.3695	37374284	37374284	1	1
chr14	37377773	39715608	3.0443	1419	0.6538	0.6638	DEL	INV	BAF_WEIGHTED	2132	0.3785	37377773	37377773	1	2
chr14	39715609	39719313	5.0239	1	0.759	0.7692	INV	INV	BAF_WEIGHTED	3	0.37	39715609	39715609	1	4
chr14	39719314	45906261	2.9633	4419	0.6481	0.658	INV	INV	BAF_WEIGHTED	5729	0.3521	39719314	39719314	1	2
chr14	45906262	45978155	1.9888	103	0.5714	0.5785	INV	BND	BAF_WEIGHTED	68	0.3495	45906262	45906262	1	1
chr14	45978156	46266311	3.017	328	0.6529	0.6629	BND	INV	BAF_WEIGHTED	245	0.3368	45978156	45978156	1	2
chr14	46266312	58143455	2.0225	8075	0.5671	0.5736	INV	BND	BAF_WEIGHTED	11135	0.3895	46266312	46266312	1	1
chr14	58143456	73225524	1.0254	8560	0.9199	1.0002	BND	DEL	BAF_WEIGHTED	14300	0.4105	58143456	58143456	0	1
chr14	73225525	73226422	0	0	0	1	DEL	DEL	STRUCTURAL_VARIANT	0	0	73225525	73225525	0	0
chr14	73226423	77689931	1.0417	2443	0.9191	0.9976	DEL	INV	BAF_WEIGHTED	4257	0.4532	73226423	73226423	0	1
chr14	77689932	77698350	2.0035	10	0.9253	0.968	INV	INV	BAF_WEIGHTED	8	0.4384	77689932	77689932	0	2
chr14	77698351	77715288	2.6615	12	0.9581	0.9921	INV	BND	BAF_WEIGHTED	16	0.4238	77698351	77698351	0	3
chr14	77715289	82724847	2.0157	2672	0.9558	1.0004	BND	BND	BAF_WEIGHTED	4806	0.3895	77715289	77715289	0	2
chr14	82724848	86726000	1.9893	2198	0.95	0.9947	BND	NONE	BAF_WEIGHTED	3840	0.3585	82724848	82724848	0	2
chr14	86726001	91768321	2.3766	3207	0.9613	0.9998	NONE	DEL	BAF_WEIGHTED	4829	0.4176	86726001	86726001	0	2
chr14	91768322	91768732	0.0381	0	0	1	DEL	DEL	STRUCTURAL_VARIANT	0	0	91768322	91768322	0	0
chr14	91768733	93114232	2.4335	883	0.963	1.0006	DEL	DEL	BAF_WEIGHTED	1272	0.4626	91768733	91768733	0	2
chr14	93114233	93131137	1.0874	13	0.8421	0.9043	DEL	DEL	BAF_WEIGHTED	14	0.5122	93114233	93114233	0	1
chr14	93131138	96391759	2.394	2359	0.9611	0.9991	DEL	DEL	BAF_WEIGHTED	3162	0.4494	93131138	93131138	0	2
chr14	96391760	96391794	1.1375	0	0	0.9975	DEL	DEL	STRUCTURAL_VARIANT	0	0	96391760	96391760	0	1
chr14	96391795	96391796	2.3785	0	0	0.9988	DEL	DEL	STRUCTURAL_VARIANT	0	0	96391795	96391795	0	2
chr14	96391797	96391831	0.9705	0	0	1	DEL	DEL	STRUCTURAL_VARIANT	0	0	96391797	96391797	0	1
chr14	96391832	102887601	2.4311	3354	0.9614	0.9988	DEL	DEL	BAF_WEIGHTED	6104	0.4564	96391832	96391832	0	2
chr14	102887602	103137000	0.032	124	0.748	1	DEL	NONE	BAF_WEIGHTED	194	0.5192	102887602	102887602	0	0
chr14	103137001	103718053	1.0517	319	0.9148	0.9928	NONE	DEL	BAF_WEIGHTED	515	0.4829	103137001	103137001	0	1
chr14	103718054	107043718	3.6559	2401	0.6866	0.6967	DEL	TELOMERE	BAF_WEIGHTED	1736	0.5009	103718054	103718054	1	3
chr15	1	18362626	3.0911	0	0	0.6623	TELOMERE	CENTROMERE	LONG_ARM	0	0	1	1	1	2
chr15	18362627	22265521	3.0911	106	0.6525	0.6623	CENTROMERE	DEL	BAF_WEIGHTED	16	0.3722	18362627	18362627	1	2
chr15	22265522	22266040	1.928	0	0	1	DEL	DEL	STRUCTURAL_VARIANT	0	0	22265522	22265522	0	2
chr15	22266041	23212500	1.9412	344	0.9484	0.9942	DEL	NONE	BAF_WEIGHTED	314	0.459	22266041	22266041	0	2
chr15	23212501	23384791	3.2562	28	0.7222	0.7357	NONE	DEL	BAF_WEIGHTED	8	0.4177	23120001	23305001	1	2
chr15	23384792	23384832	2.3266	0	0	0.8699	DEL	DEL	STRUCTURAL_VARIANT	0	0	23384792	23384792	0	2
chr15	23384833	23725000	2.9865	243	0.6667	0.6777	DEL	NONE	BAF_WEIGHTED	282	0.4136	23384833	23384833	1	2
chr15	23725001	47012848	2.0244	13668	0.9531	0.9975	NONE	DEL	BAF_WEIGHTED	19341	0.4137	23725001	23725001	0	2
chr15	47012849	47018190	1.7375	1	0.8824	0.9259	DEL	DEL	BAF_WEIGHTED	5	0.3066	47012849	47012849	0	2
chr15	47018191	48358288	2.0435	470	0.9574	1.0017	DEL	DUP	BAF_WEIGHTED	1244	0.388	47018191	47018191	0	2
chr15	48358289	48376340	2.8717	0	0	1.0022	DUP	DUP	BAF_WEIGHTED	17	0.4067	48358289	48358289	0	3
chr15	48376341	50444190	2.0252	1095	0.9583	1.0031	DUP	BND	BAF_WEIGHTED	1948	0.3855	48376341	48376341	0	2
chr15	50444191	50444353	2.7389	0	0	1.0023	BND	BND	STRUCTURAL_VARIANT	0	0	50444191	50444191	0	3
chr15	50444354	52023791	2.0588	840	0.9565	1.0004	BND	BND	BAF_WEIGHTED	1496	0.4095	50444354	50444354	0	2
chr15	52023792	54738932	2.0496	1922	0.9545	0.9984	BND	DEL	BAF_WEIGHTED	2563	0.3877	52023792	52023792	0	2
chr15	54738933	54740482	0.8285	4	0.8759	1	DEL	DEL	BAF_WEIGHTED	1	0.353	54738933	54738933	0	1
chr15	54740483	55465618	1.954	559	0.9485	0.9936	DEL	DUP	BAF_WEIGHTED	649	0.3931	54740483	54740483	0	2
chr15	55465619	57264201	3.0051	581	0.9667	0.9974	DUP	DUP	BAF_WEIGHTED	1675	0.3807	55465619	55465619	0	3
chr15	57264202	59150852	2.0286	1137	0.9561	1.0006	DUP	BND	BAF_WEIGHTED	1821	0.416	57264202	57264202	0	2
chr15	59150853	59151030	2.6825	0	0	1.0004	BND	BND	STRUCTURAL_VARIANT	0	0	59150853	59150853	0	3
chr15	59151031	74000265	2.0444	7515	0.9564	1.0006	BND	DUP	BAF_WEIGHTED	14177	0.4338	59151031	59151031	0	2
chr15	74000266	75328324	3.1289	564	0.9677	0.9973	DUP	DUP	BAF_WEIGHTED	1097	0.4998	74000266	74000266	0	3
chr15	75328325	79060846	2.0431	1529	0.9552	0.9989	DUP	DEL	BAF_WEIGHTED	3227	0.4461	75328325	75328325	0	2
chr15	79060847	79060885	1.2509	0	0	0.9998	DEL	DEL	STRUCTURAL_VARIANT	0	0	79060847	79060847	0	1
chr15	79060886	85529671	2.0402	2607	0.9556	0.9999	DEL	DUP	BAF_WEIGHTED	5258	0.4268	79060886	79060886	0	2
chr15	85529672	85561035	2.7379	37	0.975	1.0093	DUP	DUP	BAF_WEIGHTED	31	0.3929	85529672	85529672	0	3
chr15	85561036	94515369	2.0506	5978	0.9545	0.9985	DUP	DEL	BAF_WEIGHTED	8456	0.4308	85561036	85561036	0	2
chr15	94515370	94515409	1.5889	0	0	0.998	DEL	DEL	STRUCTURAL_VARIANT	0	0	94515370	94515370	0	2
chr15	94515410	94974785	2.0392	173	0.9615	1.0063	DEL	DEL	BAF_WEIGHTED	446	0.3916	94515410	94515410	0	2
chr15	94974786	94974823	1.281	0	0	1.0036	DEL	DEL	STRUCTURAL_VARIANT	0	0	94974786	94974786	0	1
chr15	94974824	98130638	1.9685	1921	0.9565	1.0024	DEL	BND	BAF_WEIGHTED	3034	0.3877	94974824	94974824	0	2
chr15	98130639	98130829	3.5343	0	0	0.9997	BND	SGL	STRUCTURAL_VARIANT	0	0	98130639	98130639	0	4
chr15	98130830	101991189	1.987	3225	0.9544	0.9994	SGL	TELOMERE	BAF_WEIGHTED	3441	0.44	98130830	98130830	0	2
chr16	1	382202	2.1137	260	0.954	0.9965	TELOMERE	DUP	BAF_WEIGHTED	251	0.5423	1	1	0	2
chr16	382203	409802	2.9661	39	0.9655	0.9965	DUP	DUP	BAF_WEIGHTED	21	0.5471	382203	382203	0	3
chr16	409803	6192447	2.1058	3669	0.9536	0.9958	DUP	BND	BAF_WEIGHTED	4151	0.513	409803	409803	0	2
chr16	6192448	6203541	5.0158	0	0	0.5819	BND	BND	BAF_WEIGHTED	10	0.3922	6192448	6192448	2	3
chr16	6203542	8682518	3.0166	3201	0.6538	0.6639	BND	DUP	BAF_WEIGHTED	2434	0.4161	6203542	6203542	1	2
chr16	8682519	10053355	4.0407	1145	0.7409	0.7527	DUP	DEL	BAF_WEIGHTED	1296	0.4427	8682519	8682519	1	3
chr16	10053356	10053393	3.2281	0	0	0.6904	DEL	DEL	STRUCTURAL_VARIANT	0	0	10053356	10053356	1	2
chr16	10053394	11251646	3.9925	1113	0.7363	0.748	DEL	DUP	BAF_WEIGHTED	1158	0.4641	10053394	10053394	1	3
chr16	11251647	11576501	3.0396	344	0.6483	0.6579	DUP	DEL	BAF_WEIGHTED	307	0.5022	11251647	11251647	1	2
chr16	11576502	11576578	2.0045	0	0	0.9977	DEL	DEL	STRUCTURAL_VARIANT	0	0	11576502	11576502	0	2
chr16	11576579	12055044	2.9302	237	0.6591	0.6698	DEL	INV	BAF_WEIGHTED	414	0.4606	11576579	11576579	1	2
chr16	12055045	12067979	4.5226	19	0.5571	0.5578	INV	INV	BAF_WEIGHTED	11	0.5012	12055045	12055045	2	3
chr16	12067980	17393716	3.6121	3076	0.5649	0.5684	INV	BND	BAF_WEIGHTED	3941	0.4441	12067980	12067980	2	2
chr16	17393717	17393737	2.6322	0	0	0.78	BND	BND	STRUCTURAL_VARIANT	0	0	17393717	17393717	1	2
chr16	17393738	20637693	3.6015	2146	0.5659	0.5702	BND	DEL	BAF_WEIGHTED	2186	0.4389	17393738	17393738	2	2
chr16	20637694	20844396	1.8574	93	0.9615	1.0106	DEL	DEL	BAF_WEIGHTED	186	0.4017	20637694	20637694	0	2
chr16	20844397	23691827	3.5574	753	0.5629	0.5614	DEL	DUP	BAF_WEIGHTED	2040	0.4437	20844397	20844397	2	2
chr16	23691828	24362230	4.7165	381	0.6473	0.6534	DUP	DUP	BAF_WEIGHTED	662	0.4405	23691828	23691828	2	3
chr16	24362231	24425840	3.7774	0	0	0.5673	DUP	BND	BAF_WEIGHTED	60	0.4448	24362231	24362231	2	2
chr16	24425841	24429307	5.9022	0	0	0.7231	BND	BND	BAF_WEIGHTED	3	0.361	24425841	24425841	2	4
chr16	24429308	24826049	3.5431	314	0.5615	0.5672	BND	BND	BAF_WEIGHTED	389	0.4269	24429308	24429308	2	2
chr16	24826050	24826357	5.8637	0	0	0.7385	BND	BND	STRUCTURAL_VARIANT	0	0	24826050	24826050	2	4
chr16	24826358	24834691	3.7911	4	0.5717	0.5754	BND	DUP	BAF_WEIGHTED	7	0.4837	24826358	24826358	2	2
chr16	24834692	24841205	3.9084	2	0.5155	0.5117	DUP	DUP	BAF_WEIGHTED	6	0.4558	24834692	24834692	2	2
chr16	24841206	27023063	3.6195	1196	0.5593	0.5501	DUP	BND	BAF_WEIGHTED	2114	0.4242	24841206	24841206	2	2
chr16	27023064	27603757	2.6074	333	0.7381	0.7562	BND	SGL	BAF_WEIGHTED	561	0.475	27023064	27023064	1	2
chr16	27603758	27710000	8.4834	39	0.7578	0.7638	SGL	NONE	BAF_WEIGHTED	105	0.4705	27603758	27603758	2	6
chr16	27710001	27725232	6.2114	4	0.7932	0.8025	NONE	SGL	BAF_WEIGHTED	15	0.4667	27710001	27710001	1	5
chr16	27725233	27747000	2.5273	10	0.7295	0.7476	SGL	NONE	BAF_WEIGHTED	21	0.4983	27725233	27725233	1	2
chr16	27747001	28177724	4.7554	262	0.5645	0.5671	NONE	INV	BAF_WEIGHTED	418	0.4804	27747001	27747001	2	3
chr16	28177725	28180130	6.2762	2	0.6648	0.67	INV	INV	BAF_WEIGHTED	2	0.4515	28177725	28177725	2	4
chr16	28180131	28196331	7.9683	14	0.7233	0.7288	INV	BND	BAF_WEIGHTED	15	0.4261	28180131	28180131	2	6
chr16	28196332	28548094	6.5351	120	0.6969	0.7029	BND	INV	BAF_WEIGHTED	189	0.5056	28196332	28196332	2	5
chr16	28548095	29383000	2.6572	157	0.7436	0.7617	INV	NONE	BAF_WEIGHTED	249	0.5089	28548095	28548095	1	2
chr16	29383001	30002034	8.5689	395	0.7429	0.7485	NONE	BND	BAF_WEIGHTED	327	0.5077	29127001	29639001	2	6
chr16	30002035	30063484	6.6489	2	0.7266	0.7333	BND	BND	BAF_WEIGHTED	47	0.5306	30002035	30002035	2	5
chr16	30063485	30066054	6.1495	0	0	0.6766	BND	BND	BAF_WEIGHTED	1	0.652	30063485	30063485	2	4
chr16	30066055	30394954	6.5794	54	0.6919	0.6977	BND	BND	BAF_WEIGHTED	148	0.5198	30066055	30066055	2	5
chr16	30394955	30395053	7.177	0	0	0.7229	BND	BND	STRUCTURAL_VARIANT	0	0	30394955	30394955	2	5
chr16	30395054	30400771	5.8661	5	0.7333	0.7412	BND	DEL	BAF_WEIGHTED	3	0.546	30395054	30395054	2	4
chr16	30400772	30454391	5.3992	12	0.6454	0.6507	DEL	DEL	BAF_WEIGHTED	49	0.4947	30400772	30400772	2	4
chr16	30454392	30542814	6.5118	28	0.709	0.7153	DEL	DUP	BAF_WEIGHTED	81	0.5072	30454392	30454392	2	5
chr16	30542815	30546642	7.3999	0	0	0.7495	DUP	DUP	BAF_WEIGHTED	3	0.4747	30542815	30542815	2	6
chr16	30546643	30583458	6.2839	4	0.7309	0.7382	DUP	INV	BAF_WEIGHTED	33	0.5146	30546643	30546643	2	5
chr16	30583459	30918571	2.6408	71	0.75	0.7687	INV	SGL	BAF_WEIGHTED	304	0.5024	30583459	30583459	1	2
chr16	30918572	31747080	8.6637	274	0.748	0.7537	SGL	BND	BAF_WEIGHTED	679	0.4871	30918572	30918572	2	7
chr16	31747081	34072000	2.6907	12	0.653	0.6642	BND	NONE	BAF_WEIGHTED	167	0.3961	31747081	31747081	1	2
chr16	34072001	35074000	3.8998	3	0.6512	0.659	NONE	NONE	BAF_WEIGHTED	187	0.3601	34055001	34074001	1	3
chr16	35074001	36126000	3.0147	1	0.614	0.6215	NONE	NONE	BAF_WEIGHTED	854	0.4047	34957001	35074001	1	2
chr16	36126001	36212510	3.8913	0	0	0.7068	NONE	DEL	BAF_WEIGHTED	46	0.3542	36124001	36127001	1	3
chr16	36212511	36245244	1.5797	0	0	0.7223	DEL	DEL	STRUCTURAL_VARIANT	0	0.3516	36212511	36212511	0	1
chr16	36245245	37295919	3.2516	0	0	0.6491	DEL	CENTROMERE	BAF_WEIGHTED	10	0.3597	36245245	36245245	1	2
chr16	37295920	46481311	4.1935	0	0	0.5133	CENTROMERE	SGL	BAF_WEIGHTED	14	0.3944	37295920	37295920	2	2
chr16	46481312	46481318	5.0762	0	0	0.598	SGL	SGL	STRUCTURAL_VARIANT	0	0	46481312	46481312	2	3
chr16	46481319	48099101	4.0371	579	0.5469	0.5055	SGL	BND	BAF_WEIGHTED	1455	0.4114	46481319	46481319	2	2
chr16	48099102	50300654	2.0121	949	0.9545	0.9985	BND	BND	BAF_WEIGHTED	2087	0.4537	48099102	48099102	0	2
chr16	50300655	50328451	2.8608	14	0.963	0.9951	BND	BND	BAF_WEIGHTED	23	0.502	50300655	50300655	0	3
chr16	50328452	52899964	2.0084	1432	0.9535	0.9982	BND	DEL	BAF_WEIGHTED	2465	0.4211	50328452	50328452	0	2
chr16	52899965	52900022	1.3714	0	0	0.9986	DEL	DEL	STRUCTURAL_VARIANT	0	0	52899965	52899965	0	1
chr16	52900023	66680892	1.9939	7026	0.954	0.999	DEL	DEL	BAF_WEIGHTED	13049	0.4079	52900023	52900023	0	2
chr16	66680893	66680937	1.0126	0	0	0.9985	DEL	DEL	STRUCTURAL_VARIANT	0	0	66680893	66680893	0	1
chr16	66680938	82412763	2.0199	8736	0.9545	0.9993	DEL	DEL	BAF_WEIGHTED	14258	0.4364	66680938	66680938	0	2
chr16	82412764	82415127	0.7914	2	0.8392	1	DEL	DEL	BAF_WEIGHTED	2	0.3935	82412764	82412764	0	1
chr16	82415128	85683828	2.064	3347	0.9536	0.9972	DEL	INV	BAF_WEIGHTED	3057	0.4718	82415128	82415128	0	2
chr16	85683829	85693616	3.5722	7	0.9559	0.9811	INV	INV	BAF_WEIGHTED	7	0.5089	85683829	85683829	0	4
chr16	85693617	90338345	2.7107	3699	0.9612	0.9948	INV	TELOMERE	BAF_WEIGHTED	3179	0.5198	85693617	85693617	0	3
chr17	1	2281399	2.0972	1474	0.9533	0.9961	TELOMERE	DUP	BAF_WEIGHTED	1750	0.506	1	1	0	2
chr17	2281400	2291546	3.0791	16	0.9573	0.9867	DUP	DUP	BAF_WEIGHTED	9	0.4161	2281400	2281400	0	3
chr17	2291547	6211405	2.1308	2020	0.9541	0.996	DUP	DEL	BAF_WEIGHTED	3447	0.4772	2291547	2291547	0	2
chr17	6211406	6211514	0.8458	0	0	1	DEL	DEL	STRUCTURAL_VARIANT	0	0	6211406	6211406	0	1
chr17	6211515	12295236	2.0405	3591	0.9544	0.9984	DEL	BND	BAF_WEIGHTED	5715	0.4577	6211515	6211515	0	2
chr17	12295237	12295362	1.288	0	0	0.9975	BND	BND	STRUCTURAL_VARIANT	0	0	12295237	12295237	0	1
chr17	12295363	14594348	2.0028	1354	0.951	0.9955	BND	DEL	BAF_WEIGHTED	2196	0.4076	12295363	12295363	0	2
chr17	14594349	14594384	1.0794	0	0	0.9957	DEL	DEL	STRUCTURAL_VARIANT	0	0	14594349	14594349	0	1
chr17	14594385	21026108	2.035	2832	0.9536	0.9977	DEL	DEL	BAF_WEIGHTED	4370	0.4627	14594385	14594385	0	2
chr17	21026109	21031835	0.923	0	0	1	DEL	DEL	BAF_WEIGHTED	4	0.4407	21026109	21026109	0	1
chr17	21031836	24849829	2.0423	477	0.9495	0.9931	DEL	CENTROMERE	BAF_WEIGHTED	626	0.4528	21031836	21031836	0	2
chr17	24849830	31471739	2.0567	1388	0.9516	0.9951	CENTROMERE	BND	BAF_WEIGHTED	3942	0.4432	24849830	24849830	0	2
chr17	31471740	31471993	2.7861	0	0	0.9999	BND	BND	STRUCTURAL_VARIANT	0	0	31471740	31471740	0	3
chr17	31471994	36222000	2.0397	2746	0.9557	0.9998	BND	NONE	BAF_WEIGHTED	4246	0.4442	31471994	31471994	0	2
chr17	36222001	36513000	2.0773	9	0.5405	0.5186	NONE	NONE	BAF_WEIGHTED	53	0.4927	36107001	36458001	1	1
chr17	36513001	44238500	2.0625	2685	0.9559	0.9996	NONE	NONE	BAF_WEIGHTED	6528	0.4729	36513001	36513001	0	2
chr17	44238501	44248085	4.5554	1	0.98	1.0008	NONE	SGL	BAF_WEIGHTED	8	0.4891	44237001	44240001	0	5
chr17	44248086	46200016	2.067	635	0.9569	1.0006	SGL	DUP	BAF_WEIGHTED	1626	0.487	44248086	44248086	0	2
chr17	46200017	46204351	3.1393	0	0	1.0004	DUP	DUP	BAF_WEIGHTED	2	0.4045	46200017	46200017	0	3
chr17	46204352	47201924	2.0944	202	0.9583	1.0016	DUP	DEL	BAF_WEIGHTED	442	0.46	46204352	46204352	0	2
chr17	47201925	47217360	-0.0095	6	0.7111	1	DEL	DEL	BAF_WEIGHTED	14	0.45	47201925	47201925	0	0
chr17	47217361	47765000	2.0751	176	0.9596	1.0034	DEL	NONE	BAF_WEIGHTED	376	0.4384	47217361	47217361	0	2
chr17	47765001	52844350	2.986	2194	0.9686	0.9997	NONE	DUP	BAF_WEIGHTED	4796	0.4492	47765001	47765001	0	3
chr17	52844351	52919493	4.8513	86	0.9751	0.9945	DUP	DEL	BAF_WEIGHTED	74	0.3604	52844351	52844351	0	5
chr17	52919494	52954222	2.7604	28	0.9643	0.9975	DEL	DUP	BAF_WEIGHTED	34	0.3726	52919494	52919494	0	3
chr17	52954223	53094641	6.7099	12	0.989	1.0034	DUP	DEL	BAF_WEIGHTED	138	0.3524	52954223	52954223	0	7
chr17	53094642	53374140	10.9312	26	0.9859	0.9946	DEL	BND	BAF_WEIGHTED	266	0.3498	53094642	53094642	0	11
chr17	53374141	53520268	11.6729	78	0.9927	1.001	BND	DEL	BAF_WEIGHTED	140	0.358	53374141	53374141	0	12
chr17	53520269	53534133	10.0319	4	0.9724	0.9817	DEL	DUP	BAF_WEIGHTED	11	0.3245	53520269	53520269	0	10
chr17	53534134	53561609	17.9417	54	0.9903	0.9958	DUP	DUP	BAF_WEIGHTED	25	0.3387	53534134	53534134	0	18
chr17	53561610	53561777	32.7934	0	0	1.0001	DUP	DUP	STRUCTURAL_VARIANT	0	0	53561610	53561610	0	33
chr17	53561778	53561778	24.6091	0	0	1.0001	DUP	DUP	STRUCTURAL_VARIANT	0	0	53561778	53561778	0	25
chr17	53561779	53677367	9.7574	80	0.9904	1.0003	DUP	DEL	BAF_WEIGHTED	115	0.3533	53561779	53561779	0	10
chr17	53677368	53677405	9.0443	0	0	1.0003	DEL	DEL	STRUCTURAL_VARIANT	0	0	53677368	53677368	0	9
chr17	53677406	53861112	9.7204	72	0.9871	0.9971	DEL	DUP	BAF_WEIGHTED	165	0.3682	53677406	53677406	0	10
chr17	53861113	54486189	5.8212	112	0.9805	0.9968	DUP	DUP	BAF_WEIGHTED	582	0.3664	53861113	53861113	0	6
chr17	54486190	54499432	5.9887	5	0.9897	1.0059	DUP	DUP	BAF_WEIGHTED	12	0.3629	54486190	54486190	0	6
chr17	54499433	54925313	5.8205	234	0.9834	0.9998	DUP	DEL	BAF_WEIGHTED	403	0.3791	54499433	54499433	0	6
chr17	54925314	55536269	4.6583	369	0.9792	0.9996	DEL	SGL	BAF_WEIGHTED	581	0.3999	54925314	54925314	0	5
chr17	55536270	55537683	3.0839	0	0	0.9994	SGL	BND	STRUCTURAL_VARIANT	0	0	55536270	55536270	0	3
chr17	55537684	55602311	4.1757	75	0.9714	0.9937	BND	DEL	BAF_WEIGHTED	59	0.3865	55537684	55537684	0	4
chr17	55602312	55602336	2.9317	0	0	0.9911	DEL	INV	STRUCTURAL_VARIANT	0	0	55602312	55602312	0	3
chr17	55602337	55602386	4.4209	0	0	0.9941	INV	INV	STRUCTURAL_VARIANT	0	0	55602337	55602337	0	4
chr17	55602387	55604681	2.8621	2	0.9377	0.968	INV	DUP	BAF_WEIGHTED	1	0.349	55602387	55602387	0	3
chr17	55604682	56070433	5.0163	72	0.9764	0.9954	DUP	INV	BAF_WEIGHTED	438	0.3988	55604682	55604682	0	5
chr17	56070434	56072030	4.2034	0	0	0.9945	INV	INV	BAF_WEIGHTED	1	0.408	56070434	56070434	0	4
chr17	56072031	56074132	3.0424	0	0	0.9924	INV	INV	BAF_WEIGHTED	1	0.404	56072031	56072031	0	3
chr17	56074133	56074306	3.5625	0	0	0.9935	INV	BND	STRUCTURAL_VARIANT	0	0	56074133	56074133	0	4
chr17	56074307	56074308	2.8875	0	0	0.9919	BND	DUP	STRUCTURAL_VARIANT	0	0	56074307	56074307	0	3
chr17	56074309	56074375	4.3749	0	0	0.9947	DUP	DUP	STRUCTURAL_VARIANT	0	0	56074309	56074309	0	4
chr17	56074376	56074384	5.259	0	0	0.9956	DUP	BND	STRUCTURAL_VARIANT	0	0	56074376	56074376	0	5
chr17	56074385	56099664	3.9564	8	0.9627	0.9859	BND	BND	BAF_WEIGHTED	24	0.4145	56074385	56074385	0	4
chr17	56099665	56099670	3.4682	0	0	1.0055	BND	BND	STRUCTURAL_VARIANT	0	0	56099665	56099665	0	3
chr17	56099671	56099707	4.3128	0	0	1.0044	BND	DEL	STRUCTURAL_VARIANT	0	0	56099671	56099671	0	4
chr17	56099708	56099952	3.4107	0	0	1.0056	DEL	DUP	STRUCTURAL_VARIANT	0	0	56099708	56099708	0	3
chr17	56099953	56100231	4.4749	0	0	1.0043	DUP	BND	STRUCTURAL_VARIANT	0	0	56099953	56099953	0	4
chr17	56100232	56100242	5.3453	0	0	1.0036	BND	BND	STRUCTURAL_VARIANT	0	0	56100232	56100232	0	5
chr17	56100243	56100293	4.0482	0	0	1.0047	BND	DUP	STRUCTURAL_VARIANT	0	0	56100243	56100243	0	4
chr17	56100294	56393267	3.0729	104	0.9756	1.0062	DUP	DEL	BAF_WEIGHTED	270	0.3949	56100294	56100294	0	3
chr17	56393268	56393340	4.3169	0	0	0.9992	DEL	BND	STRUCTURAL_VARIANT	0	0	56393268	56393268	0	4
chr17	56393341	56393342	3.8316	0	0	0.9991	BND	DUP	STRUCTURAL_VARIANT	0	0	56393341	56393341	0	4
chr17	56393343	56393373	2.9548	0	0	0.9988	DUP	DEL	STRUCTURAL_VARIANT	0	0	56393343	56393343	0	3
chr17	56393374	56394675	4.8907	0	0	0.9993	DEL	INV	STRUCTURAL_VARIANT	0	0	56393374	56393374	0	5
chr17	56394676	56394874	5.5391	0	0	0.9994	INV	INV	STRUCTURAL_VARIANT	0	0	56394676	56394676	0	6
chr17	56394875	56394911	4.0193	0	0	0.9991	INV	BND	STRUCTURAL_VARIANT	0	0	56394875	56394875	0	4
chr17	56394912	58744552	4.93	833	0.98	0.9993	BND	DUP	BAF_WEIGHTED	2274	0.4527	56394912	56394912	0	5
chr17	58744553	58750331	3.255	0	0	0.9989	DUP	BND	BAF_WEIGHTED	5	0.3928	58744553	58744553	0	3
chr17	58750332	58750678	4.0501	0	0	0.9991	BND	DEL	STRUCTURAL_VARIANT	0	0	58750332	58750332	0	4
chr17	58750679	58782171	2.977	0	0	0.9988	DEL	DEL	BAF_WEIGHTED	27	0.404	58750679	58750679	0	3
chr17	58782172	58782464	3.879	0	0	0.9991	DEL	DUP	STRUCTURAL_VARIANT	0	0	58782172	58782172	0	4
chr17	58782465	58782467	3.0522	0	0	0.9988	DUP	BND	STRUCTURAL_VARIANT	0	0	58782465	58782465	0	3
chr17	58782468	58798998	3.8521	0	0	0.9991	BND	INV	BAF_WEIGHTED	15	0.4025	58782468	58782468	0	4
chr17	58798999	58799615	3.0376	0	0	0.9988	INV	INV	STRUCTURAL_VARIANT	0	0	58798999	58798999	0	3
chr17	58799616	58803244	4.6764	0	0	0.9992	INV	INV	BAF_WEIGHTED	3	0.34	58799616	58799616	0	5
chr17	58803245	60852606	2.9187	758	0.9703	1.0022	INV	DUP	BAF_WEIGHTED	1778	0.4163	58803245	58803245	0	3
chr17	60852607	60855429	4.8558	2	0.9733	0.9926	DUP	DUP	BAF_WEIGHTED	1	0.302	60852607	60852607	0	5
chr17	60855430	62714209	2.9692	687	0.9693	1.0006	DUP	DUP	BAF_WEIGHTED	1520	0.4106	60855430	60855430	0	3
chr17	62714210	62739522	4.0541	12	0.987	1.0108	DUP	DUP	BAF_WEIGHTED	24	0.4388	62714210	62714210	0	4
chr17	62739523	68014819	2.9608	2348	0.9688	1.0002	DUP	DEL	BAF_WEIGHTED	4837	0.4354	62739523	62739523	0	3
chr17	68014820	68417429	4.139	243	0.9767	0.9995	DEL	DEL	BAF_WEIGHTED	314	0.46	68014820	68014820	0	4
chr17	68417430	68494698	4.8886	48	0.9781	0.9975	DEL	DUP	BAF_WEIGHTED	75	0.4469	68417430	68417430	0	5
chr17	68494699	73201700	2.9364	2573	0.9672	0.9987	DUP	DUP	BAF_WEIGHTED	4564	0.4015	68494699	68494699	0	3
chr17	73201701	73213047	3.4918	0	0	0.9973	DUP	DUP	BAF_WEIGHTED	11	0.4458	73201701	73201701	0	3
chr17	73213048	77788399	3.1211	2654	0.9675	0.997	DUP	DUP	BAF_WEIGHTED	4115	0.5072	73213048	73213048	0	3
chr17	77788400	77788615	5.1513	0	0	0.9982	DUP	SGL	STRUCTURAL_VARIANT	0	0	77788400	77788400	0	5
chr17	77788616	77788617	4.1013	0	0	0.9977	SGL	INV	STRUCTURAL_VARIANT	0	0	77788616	77788616	0	4
chr17	77788618	77788803	5.0264	0	0	0.9982	INV	DEL	STRUCTURAL_VARIANT	0	0	77788618	77788618	0	5
chr17	77788804	77788822	3.9457	0	0	0.9977	DEL	DEL	STRUCTURAL_VARIANT	0	0	77788804	77788804	0	4
chr17	77788823	77788903	5.2807	0	0	0.9982	DEL	SGL	STRUCTURAL_VARIANT	0	0	77788823	77788823	0	5
chr17	77788904	77788907	4.2009	0	0	0.9978	SGL	INV	STRUCTURAL_VARIANT	0	0	77788904	77788904	0	4
chr17	77788908	77789200	5.1192	0	0	0.9982	INV	DUP	STRUCTURAL_VARIANT	0	0	77788908	77788908	0	5
chr17	77789201	78420903	3.0889	426	0.9751	1.0056	DUP	BND	BAF_WEIGHTED	556	0.5048	77789201	77789201	0	3
chr17	78420904	79145483	4.0577	449	0.9768	0.9998	BND	BND	BAF_WEIGHTED	662	0.5087	78420904	78420904	0	4
chr17	79145484	79162002	5.4264	9	0.9677	0.9847	BND	BND	BAF_WEIGHTED	8	0.6049	79145484	79145484	0	5
chr17	79162003	80446556	4.3308	942	0.9744	0.996	BND	DEL	BAF_WEIGHTED	1088	0.5302	79162003	79162003	0	4
chr17	80446557	80446598	3.4771	0	0	0.995	DEL	DEL	STRUCTURAL_VARIANT	0	0	80446557	80446557	0	3
chr17	80446599	80981333	4.2576	454	0.9737	0.9957	DEL	DUP	BAF_WEIGHTED	467	0.5004	80446599	80446599	0	4
chr17	80981334	80981419	5.9062	0	0	0.9966	DUP	DUP	STRUCTURAL_VARIANT	0	0	80981334	80981334	0	6
chr17	80981420	83257441	4.247	1423	0.9733	0.9953	DUP	TELOMERE	BAF_WEIGHTED	1432	0.5537	80981420	80981420	0	4
chr18	1	2134728	2.6478	1728	0.6108	0.619	TELOMERE	DEL	BAF_WEIGHTED	1895	0.389	1	1	1	2
chr18	2134729	2134767	1.5577	0	0	1	DEL	DEL	STRUCTURAL_VARIANT	0	0	2134729	2134729	0	2
chr18	2134768	2423094	2.7023	332	0.6219	0.6309	DEL	DEL	BAF_WEIGHTED	271	0.3797	2134768	2134768	1	2
chr18	2423095	2423254	2.0278	0	0	0.823	DEL	DEL	STRUCTURAL_VARIANT	0	0	2423095	2423095	0	2
chr18	2423255	9344285	2.6794	5404	0.6144	0.6228	DEL	BND	BAF_WEIGHTED	6608	0.4044	2423255	2423255	1	2
chr18	9344286	11219270	2.6772	1462	0.6121	0.6203	BND	DUP	BAF_WEIGHTED	1743	0.4226	9344286	9344286	1	2
chr18	11219271	12150630	3.7446	710	0.5581	0.5387	DUP	SGL	BAF_WEIGHTED	804	0.4271	11219271	11219271	2	2
chr18	12150631	12150664	3.5688	0	0	0.5652	SGL	DEL	STRUCTURAL_VARIANT	0	0	12150631	12150631	2	2
chr18	12150665	12604689	2.6982	240	0.7312	0.7482	DEL	DEL	BAF_WEIGHTED	373	0.4416	12150665	12150665	1	2
chr18	12604690	12610000	2.1527	0	0	0.9378	DEL	NONE	BAF_WEIGHTED	5	0.415	12604690	12604690	0	2
chr18	12610001	12972147	3.6249	192	0.5642	0.5677	NONE	DUP	BAF_WEIGHTED	341	0.4286	12610001	12610001	2	2
chr18	12972148	18161052	2.6799	1056	0.6154	0.6239	DUP	CENTROMERE	BAF_WEIGHTED	1141	0.433	12972148	12972148	1	2
chr18	18161053	21356953	3.5545	58	0.541	0.5516	CENTROMERE	INV	BAF_WEIGHTED	390	0.3914	18161053	18161053	2	2
chr18	21356954	21387369	6.5689	4	0.7694	0.7776	INV	BND	BAF_WEIGHTED	30	0.3902	21356954	21356954	1	5
chr18	21387370	21388363	3.7173	0	0	0.5605	BND	BND	STRUCTURAL_VARIANT	0	0	21387370	21387370	2	2
chr18	21388364	21523806	8.6656	40	0.8045	0.8115	BND	BND	BAF_WEIGHTED	133	0.4157	21388364	21388364	2	7
chr18	21523807	21845962	7.6586	62	0.7874	0.7948	BND	DEL	BAF_WEIGHTED	311	0.4059	21523807	21523807	2	6
chr18	21845963	22452874	5.8505	308	0.712	0.7191	DEL	DEL	BAF_WEIGHTED	586	0.4278	21845963	21845963	2	4
chr18	22452875	22460193	7.9595	1	0.7664	0.7732	DEL	DEL	BAF_WEIGHTED	7	0.4231	22452875	22452875	2	6
chr18	22460194	22460225	7.4031	0	0	0.7755	DEL	DEL	STRUCTURAL_VARIANT	0	0	22460194	22460194	2	6
chr18	22460226	22673010	7.9295	155	0.7833	0.7904	DEL	DUP	BAF_WEIGHTED	191	0.3927	22460226	22460226	2	6
chr18	22673011	23322975	9.5534	372	0.826	0.8327	DUP	INV	BAF_WEIGHTED	610	0.4241	22673011	22673011	2	8
chr18	23322976	23328621	14.6067	0	0	0.8906	INV	BND	BAF_WEIGHTED	3	0.4497	23322976	23322976	2	13
chr18	23328622	23328751	9.8862	0	0	0.8384	BND	BND	STRUCTURAL_VARIANT	0	0	23328622	23328622	2	8
chr18	23328752	23340101	13.8073	0	0	0.8843	BND	DUP	BAF_WEIGHTED	10	0.4224	23328752	23328752	2	12
chr18	23340102	23340475	16.4491	0	0	0.9029	DUP	DEL	STRUCTURAL_VARIANT	0	0	23340102	23340102	2	15
chr18	23340476	23342003	13.971	0	0	0.8856	DEL	BND	BAF_WEIGHTED	1	0.381	23340476	23340476	2	12
chr18	23342004	23342045	9.6847	0	0	0.835	BND	INV	STRUCTURAL_VARIANT	0	0	23342004	23342004	2	8
chr18	23342046	23342225	12.1717	0	0	0.8687	INV	INV	STRUCTURAL_VARIANT	0	0	23342046	23342046	2	11
chr18	23342226	23342604	14.6588	0	0	0.891	INV	DEL	STRUCTURAL_VARIANT	0	0	23342226	23342226	2	13
chr18	23342605	23531334	12.1481	76	0.8671	0.8731	DEL	INV	BAF_WEIGHTED	185	0.4362	23342605	23342605	2	11
chr18	23531335	23551362	13.3455	16	0.876	0.8815	INV	BND	BAF_WEIGHTED	19	0.4516	23531335	23531335	2	12
chr18	23551363	23557774	12.187	4	0.8876	0.8938	BND	DEL	BAF_WEIGHTED	5	0.4884	23551363	23551363	1	11
chr18	23557775	23888953	11.3704	105	0.8561	0.8625	DEL	DUP	BAF_WEIGHTED	320	0.4306	23557775	23557775	2	10
chr18	23888954	24044564	8.9138	53	0.8217	0.8293	DUP	DUP	BAF_WEIGHTED	154	0.4247	23888954	23888954	2	7
chr18	24044565	24051795	10.6037	4	0.8571	0.8637	DUP	DUP	BAF_WEIGHTED	6	0.3875	24044565	24044565	1	9
chr18	24051796	24181556	9.2576	62	0.8125	0.8192	DUP	DEL	BAF_WEIGHTED	127	0.4109	24051796	24051796	2	8
chr18	24181557	24183721	10.7774	2	0.8724	0.8793	DEL	BND	BAF_WEIGHTED	1	0.408	24181557	24181557	1	9
chr18	24183722	24448718	9.3907	121	0.8182	0.8249	BND	DEL	BAF_WEIGHTED	253	0.408	24183722	24183722	2	8
chr18	24448719	24448759	8.4981	0	0	0.8198	DEL	DEL	STRUCTURAL_VARIANT	0	0	24448719	24448719	2	7
chr18	24448760	24823476	8.9608	223	0.822	0.8291	DEL	DEL	BAF_WEIGHTED	360	0.4119	24448760	24448760	2	7
chr18	24823477	24823608	8.1489	0	0	0.8015	DEL	DEL	STRUCTURAL_VARIANT	0	0	24823477	24823477	2	7
chr18	24823609	27720466	9.3543	1238	0.8203	0.8271	DEL	BND	BAF_WEIGHTED	2761	0.3913	24823609	24823609	2	8
chr18	27720467	27720523	6.7442	0	0	0.7602	BND	BND	STRUCTURAL_VARIANT	0	0	27720467	27720467	2	5
chr18	27720524	27723966	9.4145	3	0.7914	0.7975	BND	INV	BAF_WEIGHTED	2	0.3905	27720524	27720524	2	8
chr18	27723967	28562818	6.5995	439	0.7477	0.7551	INV	BND	BAF_WEIGHTED	788	0.3699	27723967	27723967	2	5
chr18	28562819	28565606	7.4092	0	0	0.7819	BND	BND	BAF_WEIGHTED	1	0.345	28562819	28562819	2	6
chr18	28565607	28565691	6.2419	0	0	0.7411	BND	INV	STRUCTURAL_VARIANT	0	0	28565607	28565607	2	5
chr18	28565692	28571692	8.2227	0	0	0.8035	INV	BND	BAF_WEIGHTED	5	0.304	28565692	28565692	2	7
chr18	28571693	28571941	6.282	0	0	0.7427	BND	INV	STRUCTURAL_VARIANT	0	0	28571693	28571693	2	5
chr18	28571942	28587829	8.4617	4	0.8193	0.8268	INV	BND	BAF_WEIGHTED	13	0.3636	28571942	28571942	1	7
chr18	28587830	28605446	6.6445	20	0.7777	0.786	BND	BND	BAF_WEIGHTED	17	0.3329	28587830	28587830	1	5
chr18	28605447	28930995	8.818	197	0.8114	0.8184	BND	BND	BAF_WEIGHTED	309	0.354	28605447	28605447	2	7
chr18	28930996	28937987	10.9795	0	0	0.8542	BND	INV	BAF_WEIGHTED	6	0.3507	28930996	28930996	2	9
chr18	28937988	29214616	10.1812	150	0.8381	0.8447	INV	INV	BAF_WEIGHTED	265	0.343	28937988	28937988	2	9
chr18	29214617	29214876	15.0903	0	0	0.8952	INV	BND	STRUCTURAL_VARIANT	0	0	29214617	29214617	2	14
chr18	29214877	29215175	9.5935	0	0	0.8352	BND	DEL	STRUCTURAL_VARIANT	0	0	29214877	29214877	2	8
chr18	29215176	29215320	5.3405	0	0	0.7039	DEL	BND	STRUCTURAL_VARIANT	0	0	29215176	29215176	2	4
chr18	29215321	29221410	8.3478	1	0.8231	0.8308	BND	DUP	BAF_WEIGHTED	3	0.3747	29215321	29215321	1	7
chr18	29221411	29258672	5.6496	10	0.7009	0.708	DUP	INV	BAF_WEIGHTED	36	0.3517	29221411	29221411	2	4
chr18	29258673	29264350	7.0377	0	0	0.7718	INV	INV	BAF_WEIGHTED	5	0.3272	29258673	29258673	2	5
chr18	29264351	29997673	5.6617	400	0.709	0.7163	INV	BND	BAF_WEIGHTED	714	0.3449	29264351	29264351	2	4
chr18	29997674	30212835	2.651	151	0.5972	0.6045	BND	BND	BAF_WEIGHTED	205	0.3499	29997674	29997674	1	2
chr18	30212836	30348189	5.6568	110	0.7042	0.7113	BND	BND	BAF_WEIGHTED	131	0.3378	30212836	30212836	2	4
chr18	30348190	30720479	2.6777	375	0.6067	0.6145	BND	INV	BAF_WEIGHTED	367	0.3536	30348190	30348190	1	2
chr18	30720480	32501674	5.6274	1097	0.7075	0.7148	INV	BND	BAF_WEIGHTED	1705	0.3855	30720480	30720480	2	4
chr18	32501675	32501882	6.998	0	0	0.7707	BND	BND	STRUCTURAL_VARIANT	0	0	32501675	32501675	2	5
chr18	32501883	32502850	5.7476	0	0	0.7208	BND	BND	STRUCTURAL_VARIANT	0	0	32501883	32501883	2	4
chr18	32502851	32510134	6.5271	5	0.7273	0.7342	BND	BND	BAF_WEIGHTED	7	0.4196	32502851	32502851	2	5
chr18	32510135	33302495	1.6813	205	0.9444	0.9967	BND	INV	BAF_WEIGHTED	759	0.3666	32510135	32510135	0	2
chr18	33302496	33308472	3.6928	0	0	0.5462	INV	BND	BAF_WEIGHTED	5	0.4006	33302496	33302496	2	2
chr18	33308473	33361481	1.8002	3	0.9655	1.0159	BND	BND	BAF_WEIGHTED	48	0.348	33308473	33308473	0	2
chr18	33361482	33746070	3.6861	204	0.5676	0.5712	BND	BND	BAF_WEIGHTED	378	0.3577	33361482	33361482	2	2
chr18	33746071	35383405	4.6144	383	0.6502	0.6567	BND	DUP	BAF_WEIGHTED	1529	0.3724	33746071	33746071	2	3
chr18	35383406	36136780	5.236	304	0.5693	0.5724	DUP	DUP	BAF_WEIGHTED	698	0.4066	35383406	35383406	2	3
chr18	36136781	38294574	4.6707	1263	0.6473	0.6535	DUP	BND	BAF_WEIGHTED	2037	0.4236	36136781	36136781	2	3
chr18	38294575	38302110	9.4574	2	0.7764	0.7822	BND	BND	BAF_WEIGHTED	7	0.3676	38294575	38294575	2	7
chr18	38302111	38302850	4.5469	0	0	0.6564	BND	DEL	STRUCTURAL_VARIANT	0	0	38302111	38302111	2	3
chr18	38302851	38740836	7	185	0.7692	0.7768	DEL	BND	BAF_WEIGHTED	435	0.3753	38302851	38302851	2	5
chr18	38740837	38740871	4.4345	0	0	0.6477	BND	DEL	STRUCTURAL_VARIANT	0	0	38740837	38740837	2	3
chr18	38740872	38741016	7.1268	0	0	0.7808	DEL	BND	STRUCTURAL_VARIANT	0	0	38740872	38740872	2	6
chr18	38741017	38744847	4.864	0	0	0.6788	BND	BND	BAF_WEIGHTED	2	0.318	38741017	38741017	2	3
chr18	38744848	38773952	5.6325	4	0.7099	0.7173	BND	INV	BAF_WEIGHTED	28	0.3715	38744848	38744848	2	4
chr18	38773953	38774116	4.6831	0	0	0.6117	INV	BND	STRUCTURAL_VARIANT	0	0	38773953	38773953	2	3
chr18	38774117	38794960	5.7736	9	0.6789	0.685	BND	BND	BAF_WEIGHTED	17	0.3607	38774117	38774117	2	4
chr18	38794961	38794961	4.7409	0	0	0.6164	BND	INV	STRUCTURAL_VARIANT	0	0	38794961	38794961	2	3
chr18	38794962	38795073	5.7212	0	0	0.6821	INV	BND	STRUCTURAL_VARIANT	0	0	38794962	38794962	2	4
chr18	38795074	38795078	4.8802	0	0	0.6274	BND	INV	STRUCTURAL_VARIANT	0	0	38795074	38795074	2	3
chr18	38795079	38804708	5.7351	1	0.7083	0.7155	INV	INV	BAF_WEIGHTED	8	0.3575	38795079	38795079	2	4
chr18	38804709	38804910	4.6433	0	0	0.6596	INV	DEL	STRUCTURAL_VARIANT	0	0	38804709	38804709	2	3
chr18	38804911	38809180	8.6511	0	0	0.8173	DEL	BND	BAF_WEIGHTED	4	0.367	38804911	38804911	2	7
chr18	38809181	40715874	4.4951	857	0.6421	0.6483	BND	DEL	BAF_WEIGHTED	1852	0.3632	38809181	38809181	2	3
chr18	40715875	40715911	3.6374	0	0	0.5595	DEL	DEL	STRUCTURAL_VARIANT	0	0	40715875	40715875	2	2
chr18	40715912	43157937	4.5594	1172	0.6424	0.6486	DEL	BND	BAF_WEIGHTED	2356	0.3662	40715912	40715912	2	3
chr18	43157938	43353148	5.6495	54	0.5327	0.5324	BND	BND	BAF_WEIGHTED	182	0.3532	43157938	43157938	3	3
chr18	43353149	43958615	3.9541	481	0.7347	0.7464	BND	BND	BAF_WEIGHTED	571	0.3607	43353149	43353149	1	3
chr18	43958616	44700788	5.7522	380	0.8226	0.8337	BND	DEL	BAF_WEIGHTED	694	0.3704	43958616	43958616	1	5
chr18	44700789	44700804	4.4771	0	0	0.7873	DEL	DEL	STRUCTURAL_VARIANT	0	0	44700789	44700789	1	4
chr18	44700805	44700809	5.7597	0	0	0.8347	DEL	DEL	STRUCTURAL_VARIANT	0	0	44700805	44700805	1	5
chr18	44700810	44700852	4.3543	0	0	0.7813	DEL	DEL	STRUCTURAL_VARIANT	0	0	44700810	44700810	1	3
chr18	44700853	45612962	5.755	478	0.8234	0.8345	DEL	DUP	BAF_WEIGHTED	876	0.4174	44700853	44700853	1	5
chr18	45612963	46796192	6.8227	627	0.8467	0.8568	DUP	BND	BAF_WEIGHTED	1134	0.4491	45612963	45612963	1	6
chr18	46796193	46900144	6.7218	54	0.8527	0.8631	BND	DUP	BAF_WEIGHTED	102	0.3792	46796193	46796193	1	6
chr18	46900145	48864289	5.9014	986	0.821	0.8318	DUP	DEL	BAF_WEIGHTED	1803	0.4493	46900145	46900145	1	5
chr18	48864290	48864324	4.8356	0	0	0.7947	DEL	DEL	STRUCTURAL_VARIANT	0	0	48864290	48864290	1	4
chr18	48864325	49579742	5.9168	338	0.817	0.8276	DEL	BND	BAF_WEIGHTED	644	0.4241	48864325	48864325	1	5
chr18	49579743	49579828	4.8715	0	0	0.7977	BND	BND	STRUCTURAL_VARIANT	0	0	49579743	49579743	1	4
chr18	49579829	50362701	5.8266	621	0.82	0.8309	BND	DEL	BAF_WEIGHTED	729	0.4432	49579829	49579829	1	5
chr18	50362702	50362816	4.7629	0	0	0.792	DEL	DEL	STRUCTURAL_VARIANT	0	0	50362702	50362702	1	4
chr18	50362817	51729500	5.7767	833	0.8176	0.8285	DEL	BND	BAF_WEIGHTED	1302	0.4189	50362817	50362817	1	5
chr18	51729501	53279685	6.6654	874	0.845	0.8552	BND	DUP	BAF_WEIGHTED	1492	0.3747	51729501	51729501	1	6
chr18	53279686	54805835	8.5574	1147	0.8792	0.8879	DUP	DUP	BAF_WEIGHTED	1432	0.3752	53279686	53279686	1	8
chr18	54805836	55258369	6.6336	247	0.8478	0.8581	DUP	DUP	BAF_WEIGHTED	445	0.3898	54805836	54805836	1	6
chr18	55258370	55263883	7.4004	2	0.8807	0.8909	DUP	SGL	BAF_WEIGHTED	4	0.3732	55258370	55258370	1	7
chr18	55263884	55264900	9.4226	0	0	0.8957	SGL	SGL	STRUCTURAL_VARIANT	0	0	55263884	55263884	1	8
chr18	55264901	55271329	7.5118	0	0	0.8691	SGL	DUP	BAF_WEIGHTED	6	0.3845	55264901	55264901	1	7
chr18	55271330	60472863	6.9731	3142	0.8492	0.859	DUP	DUP	BAF_WEIGHTED	4966	0.4078	55271330	55271330	1	6
chr18	60472864	60483835	8.3707	14	0.8721	0.8809	DUP	DUP	BAF_WEIGHTED	10	0.351	60472864	60472864	1	7
chr18	60483836	61924628	7.2348	949	0.8473	0.8567	DUP	BND	BAF_WEIGHTED	1375	0.3798	60483836	60483836	1	6
chr18	61924629	62064724	8.8044	125	0.8707	0.8791	BND	INV	BAF_WEIGHTED	127	0.4049	61924629	61924629	1	8
chr18	62064725	62066744	10.1803	0	0	0.8954	INV	INV	BAF_WEIGHTED	1	0.452	62064725	62064725	1	9
chr18	62066745	62066757	10.8795	0	0	0.9021	INV	BND	STRUCTURAL_VARIANT	0	0	62066745	62066745	1	10
chr18	62066758	62289465	9.4389	76	0.8901	0.8983	BND	DUP	BAF_WEIGHTED	218	0.3481	62066758	62066758	1	8
chr18	62289466	62307576	11.0014	2	0.8887	0.8957	DUP	DUP	BAF_WEIGHTED	17	0.3621	62289466	62289466	1	10
chr18	62307577	63180070	9.3527	410	0.8855	0.8937	DUP	BND	BAF_WEIGHTED	841	0.4226	62307577	62307577	1	8
chr18	63180071	63337066	7.9188	39	0.8908	0.9006	BND	DEL	BAF_WEIGHTED	155	0.4195	63180071	63180071	1	7
chr18	63337067	63337141	7.1372	0	0	0.8595	DEL	DEL	STRUCTURAL_VARIANT	0	0	63337067	63337067	1	6
chr18	63337142	65507331	8.4121	1447	0.8721	0.8808	DEL	DEL	BAF_WEIGHTED	2047	0.3688	63337142	63337142	1	7
chr18	65507332	65507413	7.0779	0	0	0.8583	DEL	DEL	STRUCTURAL_VARIANT	0	0	65507332	65507332	1	6
chr18	65507414	66363807	8.1258	405	0.8691	0.8781	DEL	INV	BAF_WEIGHTED	827	0.348	65507414	65507414	1	7
chr18	66363808	66365343	6.7202	0	0	0.8526	INV	BND	BAF_WEIGHTED	1	0.303	66363808	66363808	1	6
chr18	66365344	66414691	8.2653	3	0.8978	0.9073	BND	BND	BAF_WEIGHTED	48	0.3531	66365344	66365344	1	7
chr18	66414692	66857633	5.579	211	0.8193	0.8306	BND	BND	BAF_WEIGHTED	430	0.3382	66414692	66414692	1	5
chr18	66857634	67155770	11.0572	174	0.9018	0.909	BND	DEL	BAF_WEIGHTED	283	0.3382	66857634	66857634	1	10
chr18	67155771	67155809	10.5162	0	0	0.9043	DEL	DEL	STRUCTURAL_VARIANT	0	0	67155771	67155771	1	10
chr18	67155810	67296149	11.123	112	0.9101	0.9173	DEL	DEL	BAF_WEIGHTED	133	0.3448	67155810	67155810	1	10
chr18	67296150	67296200	10.74	0	0	0.9089	DEL	DEL	STRUCTURAL_VARIANT	0	0	67296150	67296150	1	10
chr18	67296201	68467376	11.3414	878	0.9066	0.9137	DEL	INV	BAF_WEIGHTED	1129	0.3509	67296201	67296201	1	10
chr18	68467377	68650712	5.8556	197	0.8157	0.8264	INV	INV	BAF_WEIGHTED	172	0.3646	68467377	68467377	1	5
chr18	68650713	68678617	10.824	10	0.921	0.9286	INV	BND	BAF_WEIGHTED	27	0.3795	68650713	68650713	1	10
chr18	68678618	68691594	5.6411	12	0.8173	0.8284	BND	INV	BAF_WEIGHTED	12	0.3368	68678618	68678618	1	5
chr18	68691595	68692016	7.2883	0	0	0.8628	INV	BND	STRUCTURAL_VARIANT	0	0	68691595	68691595	1	6
chr18	68692017	68692953	5.6613	0	0	0.8234	BND	INV	STRUCTURAL_VARIANT	0	0	68692017	68692017	1	5
chr18	68692954	68893133	10.8718	192	0.9007	0.908	INV	INV	BAF_WEIGHTED	186	0.3539	68692954	68692954	1	10
chr18	68893134	71358657	5.8259	1510	0.8156	0.8264	INV	DEL	BAF_WEIGHTED	2330	0.3693	68893134	68893134	1	5
chr18	71358658	71359280	3.695	0	0	0.7262	DEL	DEL	STRUCTURAL_VARIANT	0	0	71358658	71358658	1	3
chr18	71359281	72534024	5.7066	823	0.8173	0.8283	DEL	DEL	BAF_WEIGHTED	1140	0.3521	71359281	71359281	1	5
chr18	72534025	72534070	4.855	0	0	0.7982	DEL	DEL	STRUCTURAL_VARIANT	0	0	72534025	72534025	1	4
chr18	72534071	72570344	5.6127	4	0.8	0.8106	DEL	DEL	BAF_WEIGHTED	33	0.3972	72534071	72534071	1	5
chr18	72570345	72570404	4.8476	0	0	0.7999	DEL	DEL	STRUCTURAL_VARIANT	0	0	72570345	72570345	1	4
chr18	72570405	72731273	5.6557	207	0.8174	0.8285	DEL	DUP	BAF_WEIGHTED	158	0.3831	72570405	72570405	1	5
chr18	72731274	72744947	7.8376	19	0.8593	0.8684	DUP	SGL	BAF_WEIGHTED	12	0.3509	72731274	72731274	1	7
chr18	72744948	72752022	7.7503	6	0.8599	0.8691	SGL	DUP	BAF_WEIGHTED	7	0.3393	72744948	72744948	1	7
chr18	72752023	73897618	5.7608	743	0.819	0.83	DUP	DUP	BAF_WEIGHTED	1090	0.3718	72752023	72752023	1	5
chr18	73897619	74595066	7.4237	562	0.8587	0.8682	DUP	BND	BAF_WEIGHTED	677	0.434	73897619	73897619	1	6
chr18	74595067	74595082	6.3831	0	0	0.8468	BND	BND	STRUCTURAL_VARIANT	0	0	74595067	74595067	1	5
chr18	74595083	74720938	6.9573	97	0.8512	0.8612	BND	DUP	BAF_WEIGHTED	123	0.3856	74595083	74595083	1	6
chr18	74720939	80250809	5.5147	3608	0.8057	0.8167	DUP	DUP	BAF_WEIGHTED	5049	0.4404	74720939	74720939	1	5
chr18	80250810	80258393	6.3005	6	0.6879	0.6937	DUP	DUP	BAF_WEIGHTED	7	0.4897	80250810	80250810	2	4
chr18	80258394	80258464	6.9441	0	0	0.6295	DUP	DUP	STRUCTURAL_VARIANT	0	0	80258394	80258394	3	4
chr18	80258465	80261587	6.1703	0	0	0.7084	DUP	DUP	BAF_WEIGHTED	1	0.402	80258465	80258465	2	4
chr18	80261588	80373285	5.6601	0	0	0.7722	DUP	TELOMERE	STRUCTURAL_VARIANT	0	0	80261588	80261588	1	4
chr19	1	2897080	2.2024	1913	0.9545	0.9953	TELOMERE	BND	BAF_WEIGHTED	1629	0.5747	1	1	0	2
chr19	2897081	3678549	4.228	631	0.5477	0.5272	BND	BND	BAF_WEIGHTED	582	0.5529	2897081	2897081	2	2
chr19	3678550	7019000	3.177	2248	0.6575	0.6673	BND	NONE	BAF_WEIGHTED	2846	0.5229	3678550	3678550	1	2
chr19	7019001	8022143	4.0096	805	0.5514	0.5061	NONE	BND	BAF_WEIGHTED	834	0.5097	7019001	7019001	2	2
chr19	8022144	8030469	5.5307	1	0.64	0.645	BND	BND	BAF_WEIGHTED	7	0.5313	8022144	8022144	2	4
chr19	8030470	10226839	4.101	1545	0.55	0.5123	BND	BND	BAF_WEIGHTED	1939	0.4798	8030470	8030470	2	2
chr19	10226840	10227098	4.5257	0	0	0.5581	BND	INV	STRUCTURAL_VARIANT	0	0	10226840	10226840	2	3
chr19	10227099	10227101	3.9613	0	0	0.5049	INV	INV	STRUCTURAL_VARIANT	0	0	10227099	10227099	2	2
chr19	10227102	10238523	4.2985	5	0.5636	0.5665	INV	INV	BAF_WEIGHTED	8	0.5341	10227102	10227102	2	2
chr19	10238524	10238524	3.9199	0	0	0.5102	INV	INV	STRUCTURAL_VARIANT	0	0	10238524	10238524	2	2
chr19	10238525	10238712	4.4476	0	0	0.5503	INV	BND	STRUCTURAL_VARIANT	0	0	10238525	10238525	2	2
chr19	10238713	11133597	4.0691	257	0.5488	0.5085	BND	DUP	BAF_WEIGHTED	799	0.5261	10238713	10238713	2	2
chr19	11133598	11142047	5.885	16	0.6531	0.6582	DUP	DUP	BAF_WEIGHTED	7	0.5429	11133598	11133598	2	4
chr19	11142048	11909267	4.1051	374	0.5477	0.5128	DUP	DEL	BAF_WEIGHTED	674	0.4926	11142048	11142048	2	2
chr19	11909268	11909299	3.3115	0	0	0.6026	DEL	DEL	STRUCTURAL_VARIANT	0	0	11909268	11909268	1	2
chr19	11909300	12996500	4.0773	733	0.5493	0.5106	DEL	NONE	BAF_WEIGHTED	947	0.4767	11909300	11909300	2	2
chr19	12996501	13099000	3.1867	0	0	0.6262	NONE	NONE	BAF_WEIGHTED	84	0.5532	12995001	12998001	1	2
chr19	13099001	13498244	4.1722	314	0.5506	0.5206	NONE	DEL	BAF_WEIGHTED	373	0.4967	13098001	13100001	2	2
chr19	13498245	13498297	3.3758	0	0	0.5925	DEL	DEL	STRUCTURAL_VARIANT	0	0	13498245	13498245	1	2
chr19	13498298	13926680	4.9201	299	0.5787	0.5742	DEL	BND	BAF_WEIGHTED	401	0.4934	13498298	13498298	2	3
chr19	13926681	13945203	6.2839	11	0.6622	0.6673	BND	BND	BAF_WEIGHTED	11	0.5638	13926681	13926681	2	4
chr19	13945204	14016854	5.0728	3	0.625	0.6299	BND	DEL	BAF_WEIGHTED	56	0.55	13945204	13945204	2	3
chr19	14016855	14017424	3.1792	0	0	0.6407	DEL	DEL	STRUCTURAL_VARIANT	0	0	14016855	14016855	1	2
chr19	14017425	14712000	5.0979	283	0.5975	0.6004	DEL	NONE	BAF_WEIGHTED	525	0.5115	14017425	14017425	2	3
chr19	14712001	16643463	4.0911	1358	0.5467	0.5111	NONE	DUP	BAF_WEIGHTED	1767	0.4842	14712001	14712001	2	2
chr19	16643464	16645698	5.6944	0	0	0.6488	DUP	DUP	BAF_WEIGHTED	1	0.492	16643464	16643464	2	4
chr19	16645699	19334885	4.1453	1483	0.5472	0.5175	DUP	DEL	BAF_WEIGHTED	2353	0.5302	16645699	16645699	2	2
chr19	19334886	19335371	3.1095	0	0	0.6387	DEL	DEL	STRUCTURAL_VARIANT	0	0	19334886	19334886	1	2
chr19	19335372	21815693	4.0534	2374	0.5491	0.5101	DEL	DEL	BAF_WEIGHTED	2162	0.4252	19335372	19335372	2	2
chr19	21815694	21815838	3.0581	0	0	0.6494	DEL	DEL	STRUCTURAL_VARIANT	0	0	21815694	21815694	1	2
chr19	21815839	23935867	3.9131	1697	0.549	0.51	DEL	DEL	BAF_WEIGHTED	1670	0.4094	21815839	21815839	2	2
chr19	23935868	23937866	2.9031	0	0	0.6605	DEL	DEL	STRUCTURAL_VARIANT	0	0	23935868	23935868	1	2
chr19	23937867	25844926	3.8718	179	0.5484	0.5165	DEL	CENTROMERE	BAF_WEIGHTED	333	0.4019	23937867	23937867	2	2
chr19	25844927	27886860	2.9465	148	0.6751	0.687	CENTROMERE	INV	BAF_WEIGHTED	480	0.3913	25844927	25844927	1	2
chr19	27886861	27886861	4.0873	0	0	0.7781	INV	INV	STRUCTURAL_VARIANT	0	0	27886861	27886861	1	3
chr19	27886862	27887051	2.9947	0	0	0.6971	INV	DEL	STRUCTURAL_VARIANT	0	0	27886862	27886862	1	2
chr19	27887052	27887157	1.7634	0	0	0.5144	DEL	INV	STRUCTURAL_VARIANT	0	0	27887052	27887052	1	1
chr19	27887158	28941133	2.9042	774	0.6757	0.6877	INV	INV	BAF_WEIGHTED	981	0.428	27887158	27887158	1	2
chr19	28941134	28941516	1.9406	0	0	0.5326	INV	DEL	STRUCTURAL_VARIANT	0	0	28941134	28941134	1	1
chr19	28941517	30164577	2.8525	772	0.6935	0.7069	DEL	BND	BAF_WEIGHTED	1146	0.4725	28941517	28941517	1	2
chr19	30164578	31160303	1.8552	403	0.5714	0.579	BND	BND	BAF_WEIGHTED	964	0.4502	30164578	30164578	1	1
chr19	31160304	31346000	3.261	86	0.6916	0.7032	BND	NONE	BAF_WEIGHTED	185	0.442	31160304	31160304	1	2
chr19	31346001	31750799	2.4031	269	0.5854	0.5924	NONE	BND	BAF_WEIGHTED	395	0.4418	31346001	31346001	1	1
chr19	31750800	35958721	4.4517	2196	0.7579	0.7694	BND	BND	BAF_WEIGHTED	3823	0.4713	31750800	31750800	1	3
chr19	35958722	35974117	7.4685	4	0.8578	0.8672	BND	BND	BAF_WEIGHTED	14	0.4977	35958722	35958722	1	6
chr19	35974118	38640407	4.4878	1395	0.76	0.7715	BND	DEL	BAF_WEIGHTED	2365	0.4548	35974118	35974118	1	3
chr19	38640408	38640452	3.3636	0	0	0.6951	DEL	DEL	STRUCTURAL_VARIANT	0	0	38640408	38640408	1	2
chr19	38640453	38686000	3.5331	13	0.7369	0.7502	DEL	NONE	BAF_WEIGHTED	44	0.4956	38640453	38640453	1	3
chr19	38686001	41845684	4.4641	1660	0.7569	0.7683	NONE	DEL	BAF_WEIGHTED	2683	0.4857	38686001	38686001	1	3
chr19	41845685	41852581	3.0483	1	0.76	0.7769	DEL	DEL	BAF_WEIGHTED	6	0.5205	41845685	41845685	1	2
chr19	41852582	44932141	4.43	1724	0.7569	0.7683	DEL	BND	BAF_WEIGHTED	2149	0.4752	41852582	41852582	1	3
chr19	44932142	46729317	3.1086	949	0.6562	0.6661	BND	DEL	BAF_WEIGHTED	1590	0.509	44932142	44932142	1	2
chr19	46729318	46729352	2.2352	0	0	0.5355	DEL	DEL	STRUCTURAL_VARIANT	0	0	46729318	46729318	1	1
chr19	46729353	57508792	3.0902	7482	0.6541	0.664	DEL	DEL	BAF_WEIGHTED	8994	0.4851	46729353	46729353	1	2
chr19	57508793	57512774	2.0362	2	0.9762	1.0225	DEL	BND	BAF_WEIGHTED	2	0.3185	57508793	57508793	0	2
chr19	57512775	57516174	2.9262	0	0	1.0019	BND	INV	STRUCTURAL_VARIANT	0	0.4123	57512775	57512775	0	3
chr19	57516175	57525693	1.8919	6	0.9553	1.003	INV	DEL	BAF_WEIGHTED	8	0.4075	57516175	57516175	0	2
chr19	57525694	57525822	3.1165	0	0	0.9961	DEL	INV	STRUCTURAL_VARIANT	0	0	57525694	57525694	0	3
chr19	57525823	58477492	2.0278	503	0.95	0.9939	INV	BND	BAF_WEIGHTED	831	0.4747	57525823	57525823	0	2
chr19	58477493	58617616	1.2986	37	0.9412	1.0084	BND	TELOMERE	BAF_WEIGHTED	85	0.5384	58477493	58477493	0	1
chr20	1	537212	1.9704	465	0.5625	0.5075	TELOMERE	BND	BAF_WEIGHTED	436	0.4363	1	1	1	1
chr20	537213	549428	2.7887	3	0.5962	0.603	BND	SGL	BAF_WEIGHTED	10	0.4556	537213	537213	1	2
chr20	549429	3722325	2.0006	2093	0.5625	0.5075	SGL	DEL	BAF_WEIGHTED	2947	0.459	549429	549429	1	1
chr20	3722326	3722381	1.3412	0	0	0.696	DEL	DEL	STRUCTURAL_VARIANT	0	0	3722326	3722326	0	1
chr20	3722382	7282667	1.9941	2757	0.563	0.5319	DEL	BND	BAF_WEIGHTED	3363	0.4241	3722382	3722382	1	1
chr20	7282668	7282841	3.2208	0	0	0.7102	BND	BND	STRUCTURAL_VARIANT	0	0	7282668	7282668	1	2
chr20	7282842	7961976	1.9608	382	0.5732	0.5806	BND	DEL	BAF_WEIGHTED	651	0.3684	7282842	7282842	1	1
chr20	7961977	7962024	1.5024	0	0	0.5826	DEL	DEL	STRUCTURAL_VARIANT	0	0	7961977	7961977	1	1
chr20	7962025	12364177	1.9518	2470	0.5639	0.5516	DEL	BND	BAF_WEIGHTED	4255	0.3895	7962025	7962025	1	1
chr20	12364178	13282854	3.0162	529	0.6594	0.6699	BND	INV	BAF_WEIGHTED	847	0.391	12364178	12364178	1	2
chr20	13282855	13282945	3.217	0	0	0.6905	INV	INV	STRUCTURAL_VARIANT	0	0	13282855	13282855	1	2
chr20	13282946	13283036	3.3253	0	0	0.7005	INV	BND	STRUCTURAL_VARIANT	0	0	13282946	13282946	1	2
chr20	13283037	13333073	2.8936	20	0.6711	0.6829	BND	BND	BAF_WEIGHTED	49	0.4129	13283037	13283037	1	2
chr20	13333074	15878207	1.9492	1350	0.5625	0.513	BND	DEL	BAF_WEIGHTED	2430	0.3815	13333074	13333074	1	1
chr20	15878208	15878368	1.1606	0	0	0.7473	DEL	DEL	STRUCTURAL_VARIANT	0	0	15878208	15878208	0	1
chr20	15878369	19507431	1.9705	2573	0.5636	0.5599	DEL	DUP	BAF_WEIGHTED	3451	0.4222	15878369	15878369	1	1
chr20	19507432	19522131	2.9945	4	0.6795	0.6914	DUP	DUP	BAF_WEIGHTED	14	0.4926	19507432	19507432	1	2
chr20	19522132	28237289	2.0103	3794	0.5635	0.5372	DUP	CENTROMERE	BAF_WEIGHTED	5795	0.4342	19522132	19522132	1	1
chr20	28237290	29247575	6.1466	0	0	0.8213	CENTROMERE	SGL	BAF_WEIGHTED	7	0.3631	28237290	28237290	1	5
chr20	29247576	29247592	7.1362	0	0	0.8461	SGL	SGL	STRUCTURAL_VARIANT	0	0	29247576	29247576	1	6
chr20	29247593	29354523	7.1602	0	0	0.8466	SGL	BND	BAF_WEIGHTED	1	0.437	29247593	29247593	1	6
chr20	29354524	29801925	5.7774	0	0	0.8099	BND	SGL	NON_DIPLOID	36	0.4317	29354524	29354524	1	5
chr20	29801926	30234649	6.7288	0	0	0.8368	SGL	DEL	NON_DIPLOID	20	0.397	29801926	29801926	1	6
chr20	30234650	30234690	5.816	0	0	0.8111	DEL	DEL	STRUCTURAL_VARIANT	0	0	30234650	30234650	1	5
chr20	30234691	30859471	6.87	195	0.8306	0.8401	DEL	BND	BAF_WEIGHTED	28	0.4863	30234691	30234691	1	6
chr20	30859472	31311556	3.2133	55	0.6667	0.677	BND	DEL	BAF_WEIGHTED	60	0.3981	30859472	30859472	1	2
chr20	31311557	31311601	2.5358	0	0	0.6102	DEL	DEL	STRUCTURAL_VARIANT	0	0	31311557	31311557	1	2
chr20	31311602	32868344	2.9859	761	0.6584	0.6689	DEL	BND	BAF_WEIGHTED	1464	0.4761	31311602	31311602	1	2
chr20	32868345	36456970	2.0673	1851	0.5604	0.5177	BND	INV	BAF_WEIGHTED	3398	0.4646	32868345	32868345	1	1
chr20	36456971	36457806	3.8452	0	0	0.7407	INV	BND	STRUCTURAL_VARIANT	0	0	36456971	36456971	1	3
chr20	36457807	36470649	3.4155	0	0	0.7081	BND	INV	BAF_WEIGHTED	10	0.5394	36457807	36457807	1	2
chr20	36470650	36507752	5.6776	0	0	0.8244	INV	BND	BAF_WEIGHTED	36	0.4972	36470650	36470650	1	5
chr20	36507753	40476924	4.0672	1754	0.7333	0.7446	BND	DUP	BAF_WEIGHTED	3798	0.4445	36507753	36507753	1	3
chr20	40476925	40477528	5.5706	0	0	0.8136	DUP	DUP	STRUCTURAL_VARIANT	0	0	40476925	40476925	1	5
chr20	40477529	42984697	4.0446	1159	0.7362	0.7477	DUP	BND	BAF_WEIGHTED	2404	0.4318	40477529	40477529	1	3
chr20	42984698	42993038	5.0222	6	0.7829	0.794	BND	BND	BAF_WEIGHTED	8	0.4416	42984698	42984698	1	4
chr20	42993039	44590666	4.0179	884	0.7337	0.7452	BND	DEL	BAF_WEIGHTED	1529	0.4586	42993039	42993039	1	3
chr20	44590667	44590707	3.0568	0	0	0.6619	DEL	DEL	STRUCTURAL_VARIANT	0	0	44590667	44590667	1	2
chr20	44590708	46972669	3.993	1192	0.7298	0.7411	DEL	DUP	BAF_WEIGHTED	2258	0.4566	44590708	44590708	1	3
chr20	46972670	46977220	5.0827	6	0.5392	0.5634	DUP	DUP	BAF_WEIGHTED	4	0.4473	46972670	46972670	2	3
chr20	46977221	49247374	4.113	1077	0.7339	0.745	DUP	DEL	BAF_WEIGHTED	2102	0.4649	46977221	46977221	1	3
chr20	49247375	49247431	3.3504	0	0	0.687	DEL	DEL	STRUCTURAL_VARIANT	0	0	49247375	49247375	1	2
chr20	49247432	49562296	4.1519	212	0.7436	0.7552	DEL	DUP	BAF_WEIGHTED	302	0.47	49247432	49247432	1	3
chr20	49562297	49564987	5.7126	2	0.8324	0.8439	DUP	DUP	BAF_WEIGHTED	1	0.496	49562297	49562297	1	5
chr20	49564988	49709986	3.9325	5	0.7703	0.7839	DUP	DUP	BAF_WEIGHTED	141	0.4555	49564988	49564988	1	3
chr20	49709987	49783443	4.9983	20	0.5736	0.5765	DUP	DUP	BAF_WEIGHTED	72	0.465	49709987	49709987	2	3
chr20	49783444	50298744	4.0471	291	0.7353	0.7468	DUP	DEL	BAF_WEIGHTED	487	0.4968	49783444	49783444	1	3
chr20	50298745	50298778	3.4478	0	0	0.874	DEL	DEL	STRUCTURAL_VARIANT	0	0	50298745	50298745	0	3
chr20	50298779	51432001	4.0648	629	0.7301	0.7413	DEL	DEL	BAF_WEIGHTED	1104	0.4727	50298779	50298779	1	3
chr20	51432002	51432037	3.2686	0	0	0.6783	DEL	DEL	STRUCTURAL_VARIANT	0	0	51432002	51432002	1	2
chr20	51432038	52636203	4.0777	582	0.7333	0.7446	DEL	SGL	BAF_WEIGHTED	1179	0.4392	51432038	51432038	1	3
chr20	52636204	52636204	4.7554	0	0	0.781	SGL	SGL	STRUCTURAL_VARIANT	0	0	52636204	52636204	1	4
chr20	52636205	52800196	3.9564	115	0.7167	0.7275	SGL	BND	BAF_WEIGHTED	162	0.398	52636205	52636205	1	3
chr20	52800197	54612050	3.0143	958	0.6452	0.6547	BND	DEL	BAF_WEIGHTED	1734	0.4153	52800197	52800197	1	2
chr20	54612051	54612082	2.2525	0	0	0.5389	DEL	DEL	STRUCTURAL_VARIANT	0	0	54612051	54612051	1	1
chr20	54612083	57500022	3.0679	1825	0.6516	0.6614	DEL	DUP	BAF_WEIGHTED	2727	0.4255	54612083	54612083	1	2
chr20	57500023	57508333	4.4418	1	0.7273	0.7374	DUP	DUP	BAF_WEIGHTED	7	0.4909	57500023	57500023	1	3
chr20	57508334	59248894	3.1314	902	0.6476	0.6569	DUP	BND	BAF_WEIGHTED	1663	0.4684	57508334	57508334	1	2
chr20	59248895	60396671	2.077	641	0.5588	0.5185	BND	BND	BAF_WEIGHTED	1107	0.448	59248895	59248895	1	1
chr20	60396672	61581833	2.1438	901	0.5632	0.5376	BND	DEL	BAF_WEIGHTED	1139	0.4534	60396672	60396672	1	1
chr20	61581834	61583436	1.2224	1	1	1.0809	DEL	DEL	BAF_WEIGHTED	1	0.582	61581834	61581834	0	1
chr20	61583437	64444167	2.258	1860	0.5641	0.5697	DEL	TELOMERE	BAF_WEIGHTED	1762	0.5614	61583437	61583437	1	1
chr21	1	11890183	2.9392	0	0	0.6685	TELOMERE	CENTROMERE	LONG_ARM	102	0.4117	1	1	1	2
chr21	11890184	13303459	2.9392	0	0	0.6685	CENTROMERE	DEL	STRUCTURAL_VARIANT	0	0	11890184	11890184	1	2
chr21	13303460	13303493	2.3783	0	0	0.5903	DEL	DEL	STRUCTURAL_VARIANT	0	0	13303460	13303460	1	1
chr21	13303494	13807879	2.9581	0	0	0.6706	DEL	DEL	STRUCTURAL_VARIANT	0	0.696	13303494	13303494	1	2
chr21	13807880	13807920	2.3238	0	0	0.5807	DEL	DEL	STRUCTURAL_VARIANT	0	0	13807880	13807880	1	1
chr21	13807921	26144969	2.9401	8214	0.658	0.6686	DEL	DEL	BAF_WEIGHTED	11571	0.36	13807921	13807921	1	2
chr21	26144970	26148305	1.9127	1	0.6429	0.6577	DEL	DEL	BAF_WEIGHTED	3	0.387	26144970	26144970	1	1
chr21	26148306	31565946	2.9824	2779	0.654	0.6642	DEL	DEL	BAF_WEIGHTED	5061	0.3823	26148306	26148306	1	2
chr21	31565947	31566113	2.2497	0	0	0.5548	DEL	DEL	STRUCTURAL_VARIANT	0	0	31565947	31565947	1	1
chr21	31566114	32870611	3.0331	648	0.6586	0.6689	DEL	BND	BAF_WEIGHTED	1226	0.4345	31566114	31566114	1	2
chr21	32870612	35207825	3.9898	1284	0.7382	0.7501	BND	DEL	BAF_WEIGHTED	2159	0.4351	32870612	32870612	1	3
chr21	35207826	35207901	2.3667	0	0	0.5859	DEL	DEL	STRUCTURAL_VARIANT	0	0	35207826	35207826	1	1
chr21	35207902	37554648	3.9159	1547	0.7377	0.7497	DEL	DEL	BAF_WEIGHTED	2250	0.4311	35207902	35207902	1	3
chr21	37554649	37554712	2.7849	0	0	0.6348	DEL	DEL	STRUCTURAL_VARIANT	0	0	37554649	37554649	1	2
chr21	37554713	44639337	4.0638	4535	0.7382	0.7498	DEL	INV	BAF_WEIGHTED	6036	0.4556	37554713	37554713	1	3
chr21	44639338	44641639	5.5955	1	0.7549	0.7639	INV	INV	BAF_WEIGHTED	1	0.482	44639338	44639338	1	4
chr21	44641640	44652781	6.8922	9	0.7905	0.7988	INV	BND	BAF_WEIGHTED	8	0.5014	44641640	44641640	1	6
chr21	44652782	46709983	5.2797	1345	0.7929	0.8038	BND	TELOMERE	BAF_WEIGHTED	1580	0.5051	44652782	44652782	1	4
chr22	1	14004552	5.0877	0	0	0.5935	TELOMERE	CENTROMERE	LONG_ARM	0	0.6845	1	1	2	3
chr22	14004553	17342770	5.0877	1299	0.59	0.5935	CENTROMERE	SGL	BAF_WEIGHTED	482	0.4575	14004553	14004553	2	3
chr22	17342771	17343392	6.4055	0	0	0.6771	SGL	BND	STRUCTURAL_VARIANT	0	0	17342771	17342771	2	4
chr22	17343393	17388277	5.3501	38	0.5765	0.5793	BND	BND	BAF_WEIGHTED	40	0.4625	17343393	17343393	2	3
chr22	17388278	17668431	4.0726	255	0.551	0.5089	BND	BND	BAF_WEIGHTED	267	0.4463	17388278	17388278	2	2
chr22	17668432	17731000	2.9441	9	0.6216	0.6298	BND	NONE	BAF_WEIGHTED	61	0.416	17668432	17668432	1	2
chr22	17731001	17793793	4.0699	38	0.5375	0.5086	NONE	BND	BAF_WEIGHTED	52	0.535	17731001	17731001	2	2
chr22	17793794	19993156	3.1285	600	0.6626	0.673	BND	DEL	BAF_WEIGHTED	1176	0.4993	17793794	17793794	1	2
chr22	19993157	19993205	2.2375	0	0	0.5327	DEL	DEL	STRUCTURAL_VARIANT	0	0	19993157	19993157	1	1
chr22	19993206	21465000	3.1717	713	0.6603	0.6703	DEL	NONE	BAF_WEIGHTED	795	0.5198	19993206	19993206	1	2
chr22	21465001	21615388	3.9079	13	0.7797	0.7939	NONE	BND	BAF_WEIGHTED	53	0.4877	21465001	21465001	1	3
chr22	21615389	21663225	2.8799	16	0.6249	0.6336	BND	BND	BAF_WEIGHTED	40	0.5422	21615389	21615389	1	2
chr22	21663226	24018501	5.1282	1978	0.5867	0.5901	BND	DEL	BAF_WEIGHTED	1817	0.4796	21663226	21663226	2	3
chr22	24018502	24018551	4.35	0	0	0.5167	DEL	DEL	STRUCTURAL_VARIANT	0	0	24018502	24018502	2	2
chr22	24018552	24559380	4.9944	41	0.5867	0.5901	DEL	INV	BAF_WEIGHTED	426	0.4838	24018552	24018552	2	3
chr22	24559381	24567245	2.0612	3	0.9429	0.985	INV	BND	BAF_WEIGHTED	7	0.4577	24559381	24559381	0	2
chr22	24567246	24580677	4.9122	6	0.5533	0.5634	BND	DEL	BAF_WEIGHTED	11	0.4494	24567246	24567246	2	3
chr22	24580678	28151269	2.0905	2442	0.9556	0.9984	DEL	BND	BAF_WEIGHTED	3236	0.4612	24580678	24580678	0	2
chr22	28151270	28154599	3.6335	1	0.5098	0.5504	BND	SGL	BAF_WEIGHTED	2	0.3525	28151270	28151270	2	2
chr22	28154600	28157485	2.2478	0	0	0.8898	SGL	BND	BAF_WEIGHTED	2	0.3805	28154600	28154600	0	2
chr22	28157486	28386995	3.8664	34	0.5629	0.5173	BND	SGL	BAF_WEIGHTED	200	0.3767	28157486	28157486	2	2
chr22	28386996	28618593	4.142	49	0.5618	0.5171	SGL	DEL	BAF_WEIGHTED	210	0.3803	28386996	28386996	2	2
chr22	28618594	28618669	3.1718	0	0	0.6753	DEL	DEL	STRUCTURAL_VARIANT	0	0	28618594	28618594	1	2
chr22	28618670	28674228	4.2472	23	0.558	0.5339	DEL	BND	BAF_WEIGHTED	48	0.3909	28618670	28618670	2	2
chr22	28674229	28678428	2.3166	0	0	0.8755	BND	BND	STRUCTURAL_VARIANT	0	0	28674229	28674229	0	2
chr22	28678429	28778565	3.4199	40	0.5879	0.593	BND	BND	BAF_WEIGHTED	79	0.453	28678429	28678429	1	2
chr22	28778566	28786794	2.0754	4	0.9629	1.0054	BND	BND	BAF_WEIGHTED	6	0.4348	28778566	28778566	0	2
chr22	28786795	28882415	3.0698	42	0.9747	1.0053	BND	BND	BAF_WEIGHTED	92	0.4546	28786795	28786795	0	3
chr22	28882416	28888606	5.7583	4	0.5635	0.5657	BND	BND	BAF_WEIGHTED	3	0.514	28882416	28882416	3	3
chr22	28888607	28892918	3.1844	3	0.9778	1.0075	BND	DEL	BAF_WEIGHTED	2	0.4385	28888607	28888607	0	3
chr22	28892919	28899550	6.3421	2	0.5377	0.527	DEL	INV	BAF_WEIGHTED	2	0.4655	28892919	28892919	3	3
chr22	28899551	29858929	3.1073	338	0.9688	0.9986	INV	BND	BAF_WEIGHTED	858	0.4846	28899551	28899551	0	3
chr22	29858930	30497986	2.1006	151	0.9492	0.9915	BND	INV	BAF_WEIGHTED	603	0.4606	29858930	29858930	0	2
chr22	30497987	30612313	3.1796	51	0.9605	0.9891	INV	DEL	BAF_WEIGHTED	105	0.5068	30497987	30497987	0	3
chr22	30612314	30612374	2.6693	0	0	0.9962	DEL	DEL	STRUCTURAL_VARIANT	0	0	30612314	30612314	0	3
chr22	30612375	33186869	3.0835	900	0.9671	0.9967	DEL	DEL	BAF_WEIGHTED	2377	0.4603	30612375	30612375	0	3
chr22	33186870	33735843	1.9257	322	0.9545	1.0012	DEL	DEL	BAF_WEIGHTED	545	0.4378	33186870	33186870	0	2
chr22	33735844	34273785	3.0156	294	0.9706	1.0015	DEL	DEL	BAF_WEIGHTED	529	0.4255	33735844	33735844	0	3
chr22	34273786	34273834	2.1949	0	0	0.9961	DEL	DEL	STRUCTURAL_VARIANT	0	0	34273786	34273786	0	2
chr22	34273835	34564452	3.0287	350	0.9667	0.9972	DEL	INV	BAF_WEIGHTED	275	0.4051	34273835	34273835	0	3
chr22	34564453	34893000	3.9711	256	0.9737	0.9973	INV	NONE	BAF_WEIGHTED	289	0.4145	34564453	34564453	0	4
chr22	34893001	35336807	2.0595	284	0.954	0.9976	NONE	BND	BAF_WEIGHTED	430	0.455	34893001	34893001	0	2
chr22	35336808	38203298	1.0499	1749	0.9209	1.0001	BND	SGL	BAF_WEIGHTED	2631	0.4988	35336808	35336808	0	1
chr22	38203299	40093940	2.1106	741	0.9565	0.9997	SGL	BND	BAF_WEIGHTED	1627	0.4971	38203299	38203299	0	2
chr22	40093941	40126126	3.1485	37	0.9636	0.9927	BND	BND	BAF_WEIGHTED	32	0.4201	40093941	40093941	0	3
chr22	40126127	41935659	2.0521	534	0.9545	0.9983	BND	DEL	BAF_WEIGHTED	1702	0.4671	40126127	40126127	0	2
chr22	41935660	41935701	1.2706	0	0	0.9967	DEL	DEL	STRUCTURAL_VARIANT	0	0	41935660	41935660	0	1
chr22	41935702	46123000	2.1125	2701	0.9555	0.998	DEL	NONE	BAF_WEIGHTED	3676	0.5015	41935702	41935702	0	2
chr22	46123001	46312990	2.1865	105	0.9474	0.9879	NONE	DEL	BAF_WEIGHTED	165	0.5006	46121001	46125001	0	2
chr22	46312991	46313032	1.6072	0	0	1.0037	DEL	DEL	STRUCTURAL_VARIANT	0	0	46312991	46312991	0	2
chr22	46313033	46423944	2.2152	105	0.9615	1.0027	DEL	DUP	BAF_WEIGHTED	91	0.5418	46313033	46313033	0	2
chr22	46423945	46431005	3.2819	4	0.9834	1.0126	DUP	DUP	BAF_WEIGHTED	6	0.5159	46423945	46423945	0	3
chr22	46431006	47888817	2.1744	1160	0.9552	0.9967	DUP	BND	BAF_WEIGHTED	1312	0.4886	46431006	46431006	0	2
chr22	47888818	50818468	3.2686	2436	0.9677	0.996	BND	TELOMERE	BAF_WEIGHTED	2281	0.514	47888818	47888818	0	3
chrX	1	5638274	1.0364	4719	0.9152	0.9938	TELOMERE	DEL	BAF_WEIGHTED	4477	0.4301	1	1	0	1
chrX	5638275	5641822	0.0374	14	0.6459	1	DEL	DEL	BAF_WEIGHTED	2	0.39	5638275	5638275	0	0
chrX	5641823	10427641	1.0251	1903	0.913	0.9927	DEL	DUP	BAF_WEIGHTED	4457	0.408	5641823	5641823	0	1
chrX	10427642	10482307	2.0379	5	0.9091	0.9488	DUP	DUP	BAF_WEIGHTED	54	0.395	10427642	10427642	0	2
chrX	10482308	15375225	1.0242	1684	0.9173	0.9974	DUP	DEL	BAF_WEIGHTED	4544	0.3939	10482308	10482308	0	1
chrX	15375226	15376328	0.0675	0	0	1	DEL	DEL	STRUCTURAL_VARIANT	0	0	15375226	15375226	0	0
chrX	15376329	17511970	1.0041	514	0.913	0.9944	DEL	BND	BAF_WEIGHTED	1990	0.406	15376329	15376329	0	1
chrX	17511971	17511977	1.7313	0	0	0.9966	BND	BND	STRUCTURAL_VARIANT	0	0	17511971	17511971	0	2
chrX	17511978	20419001	1.0076	627	0.913	0.9941	BND	DEL	BAF_WEIGHTED	2764	0.4225	17511978	17511978	0	1
chrX	20419002	20419046	0.41	0	0	1	DEL	DEL	STRUCTURAL_VARIANT	0	0	20419002	20419002	0	0
chrX	20419047	22732082	1.028	844	0.9091	0.9878	DEL	BND	BAF_WEIGHTED	2180	0.3828	20419047	20419047	0	1
chrX	22732083	22732284	1.9358	0	0	0.9935	BND	BND	STRUCTURAL_VARIANT	0	0	22732083	22732083	0	2
chrX	22732285	22749637	1.0038	10	0.9425	1.0296	BND	DEL	BAF_WEIGHTED	16	0.3714	22732285	22732285	0	1
chrX	22749638	22749738	0	0	0	1	DEL	DEL	STRUCTURAL_VARIANT	0	0	22749638	22749638	0	0
chrX	22749739	25374155	1.0395	1215	0.913	0.9916	DEL	DUP	BAF_WEIGHTED	2471	0.4036	22749739	22749739	0	1
chrX	25374156	25437149	6.251	0	0	0.9986	DUP	BND	BAF_WEIGHTED	56	0.375	25374156	25374156	0	6
chrX	25437150	25440361	6.9177	0	0	0.9987	BND	BND	BAF_WEIGHTED	2	0.369	25437150	25437150	0	7
chrX	25440362	25440400	8.0022	0	0	0.9989	BND	INV	STRUCTURAL_VARIANT	0	0	25440362	25440362	0	8
chrX	25440401	25440443	6.7815	0	0	0.9987	INV	INV	STRUCTURAL_VARIANT	0	0	25440401	25440401	0	7
chrX	25440444	25442323	5.9517	0	0	0.9985	INV	BND	BAF_WEIGHTED	1	0.308	25440444	25440444	0	6
chrX	25442324	27441000	1.0226	903	0.9233	1.0049	BND	NONE	BAF_WEIGHTED	1861	0.3607	25442324	25442324	0	1
chrX	27441001	27445438	2.0231	5	0.9722	1.0184	NONE	BND	BAF_WEIGHTED	3	0.4787	27441001	27441001	0	2
chrX	27445439	27445455	1.4299	0	0	0.965	BND	BND	STRUCTURAL_VARIANT	0	0	27445439	27445439	0	1
chrX	27445456	27460193	1.9187	14	0.9296	0.9739	BND	SGL	BAF_WEIGHTED	11	0.3856	27445456	27445456	0	2
chrX	27460194	27460230	1.0731	0	0	0.9991	SGL	SGL	STRUCTURAL_VARIANT	0	0	27460194	27460194	0	1
chrX	27460231	28776123	1.9966	500	0.9545	0.9995	SGL	INV	BAF_WEIGHTED	1232	0.3642	27460231	27460231	0	2
chrX	28776124	30007376	1.013	502	0.9193	0.998	INV	BND	BAF_WEIGHTED	1186	0.3593	28776124	28776124	0	1
chrX	30007377	30019268	2.197	8	0.9687	1.0109	BND	INV	BAF_WEIGHTED	7	0.3668	30007377	30007377	0	2
chrX	30019269	39508162	1.0174	3302	0.9142	0.9936	INV	BND	BAF_WEIGHTED	8775	0.3752	30019269	30019269	0	1
chrX	39508163	39561967	5.8701	0	0	0.9989	BND	DUP	BAF_WEIGHTED	48	0.4734	39508163	39508163	0	6
chrX	39561968	41559629	1.0089	800	0.9231	1.0061	DUP	BND	BAF_WEIGHTED	1924	0.4537	39561968	39561968	0	1
chrX	41559630	41568229	3.369	0	0	1.0018	BND	BND	BAF_WEIGHTED	4	0.3862	41559630	41559630	0	3
chrX	41568230	42705632	1.0027	409	0.916	1.0039	BND	BND	BAF_WEIGHTED	1039	0.3867	41568230	41568230	0	1
chrX	42705633	43418616	2.0343	209	0.9615	1.0064	BND	BND	BAF_WEIGHTED	673	0.376	42705633	42705633	0	2
chrX	43418617	48117508	1.0299	1489	0.9153	0.9951	BND	DUP	BAF_WEIGHTED	4390	0.4106	43418617	43418617	0	1
chrX	48117509	49022221	3.6158	178	0.9697	0.9956	DUP	DUP	BAF_WEIGHTED	604	0.4813	48117509	48117509	0	4
chrX	49022222	49035768	4.9287	1	0.9697	0.9886	DUP	DUP	BAF_WEIGHTED	12	0.5048	49022222	49022222	0	5
chrX	49035769	49939655	3.3957	155	0.9762	1.0039	DUP	DUP	BAF_WEIGHTED	557	0.4582	49035769	49035769	0	3
chrX	49939656	49998530	4.0621	22	0.9718	0.9948	DUP	DUP	BAF_WEIGHTED	52	0.3833	49939656	49939656	0	4
chrX	49998531	50124139	3.0986	64	0.9785	1.009	DUP	BND	BAF_WEIGHTED	107	0.3998	49998531	49998531	0	3
chrX	50124140	50462122	3.5722	108	0.9731	0.9993	BND	INV	BAF_WEIGHTED	255	0.4025	50124140	50124140	0	4
chrX	50462123	50465822	4.5551	3	0.973	0.9935	INV	INV	BAF_WEIGHTED	2	0.373	50462123	50462123	0	5
chrX	50465823	50467169	3.457	1	0.9322	0.9569	INV	INV	BAF_WEIGHTED	1	0.354	50465823	50465823	0	3
chrX	50467170	50608350	4.6627	23	0.9848	1.0054	INV	DEL	BAF_WEIGHTED	135	0.4001	50467170	50467170	0	5
chrX	50608351	50608389	3.9548	0	0	0.9975	DEL	DEL	STRUCTURAL_VARIANT	0	0	50608351	50608351	0	4
chrX	50608390	51872603	4.6741	526	0.9778	0.9978	DEL	DUP	BAF_WEIGHTED	1048	0.3936	50608390	50608390	0	5
chrX	51872604	52132501	2.6464	13	0.9773	1.013	DUP	INV	BAF_WEIGHTED	170	0.3854	51872604	51872604	0	3
chrX	52132502	53686500	1.5985	109	0.9376	0.9914	INV	NONE	BAF_WEIGHTED	1014	0.4342	52132502	52132502	0	2
chrX	53686501	55074450	2.041	352	0.9545	0.9985	NONE	DUP	BAF_WEIGHTED	1211	0.4215	53686001	53687001	0	2
chrX	55074451	55082080	3.4088	0	0	0.9991	DUP	DUP	BAF_WEIGHTED	1	0.362	55074451	55074451	0	3
chrX	55082081	55139954	1.9813	17	0.9545	0.9999	DUP	DEL	BAF_WEIGHTED	44	0.4087	55082081	55082081	0	2
chrX	55139955	55142807	1.093	1	0.9286	1.0062	DEL	DEL	BAF_WEIGHTED	2	0.4435	55139955	55139955	0	1
chrX	55142808	60509060	1.9972	1781	0.9524	0.9972	DEL	CENTROMERE	BAF_WEIGHTED	2662	0.3909	55142808	55142808	0	2
chrX	60509061	63747086	1.9795	151	0.9453	0.9892	CENTROMERE	DUP	BAF_WEIGHTED	919	0.3762	60509061	60509061	0	2
chrX	63747087	63764000	2.1024	1	0.95	0.9923	DUP	NONE	BAF_WEIGHTED	16	0.4274	63747087	63747087	0	2
chrX	63764001	64201141	2.9294	165	0.9643	0.9957	NONE	DUP	BAF_WEIGHTED	361	0.402	63764001	63764001	0	3
chrX	64201142	66099358	1.9847	997	0.9525	0.9972	DUP	DUP	BAF_WEIGHTED	1579	0.3985	64201142	64201142	0	2
chrX	66099359	66666769	3.0067	33	0.9615	0.9919	DUP	DUP	BAF_WEIGHTED	479	0.38	66099359	66099359	0	3
chrX	66666770	69544426	2.0373	1090	0.9535	0.9978	DUP	BND	BAF_WEIGHTED	2516	0.4138	66666770	66666770	0	2
chrX	69544427	69547793	4.4141	0	0	0.999	BND	BND	BAF_WEIGHTED	2	0.4595	69544427	69544427	0	4
chrX	69547794	69559948	2.0805	4	0.9303	0.9712	BND	BND	BAF_WEIGHTED	11	0.453	69547794	69547794	0	2
chrX	69559949	69562430	4.613	0	0	1.0003	BND	SGL	BAF_WEIGHTED	2	0.419	69559949	69559949	0	5
chrX	69562431	74290681	2.0513	1232	0.9566	1.0006	SGL	INV	BAF_WEIGHTED	3815	0.412	69562431	69562431	0	2
chrX	74290682	74294279	2.0496	0	0	1.0006	INV	INV	BAF_WEIGHTED	3	0.5027	74290682	74290682	0	2
chrX	74294280	74296014	1.9651	0	0	1.0006	INV	INV	STRUCTURAL_VARIANT	0	0.4	74294280	74294280	0	2
chrX	74296015	74969869	2.9315	96	0.9633	0.9946	INV	INV	BAF_WEIGHTED	586	0.4079	74296015	74296015	0	3
chrX	74969870	76732777	1.9961	1280	0.9524	0.9972	INV	BND	BAF_WEIGHTED	1384	0.3813	74969870	74969870	0	2
chrX	76732778	76846148	8.1831	121	0.7566	0.7628	BND	INV	BAF_WEIGHTED	91	0.3756	76732778	76732778	2	6
chrX	76846149	76850802	5.7768	2	0.6293	0.6337	INV	INV	BAF_WEIGHTED	1	0.45	76846149	76846149	2	4
chrX	76850803	76872110	3.9534	9	0.5373	0.5059	INV	SGL	BAF_WEIGHTED	20	0.3895	76850803	76850803	2	2
chrX	76872111	77233668	5.9686	289	0.6528	0.6579	SGL	BND	BAF_WEIGHTED	273	0.3934	76872111	76872111	2	4
chrX	77233669	79037936	1.9867	783	0.9524	0.9974	BND	DEL	BAF_WEIGHTED	1605	0.3832	77233669	77233669	0	2
chrX	79037937	79038397	1.3178	0	0	0.9961	DEL	DEL	STRUCTURAL_VARIANT	0	0	79037937	79037937	0	1
chrX	79038398	79414000	1.9965	93	0.9545	0.9996	DEL	NONE	BAF_WEIGHTED	351	0.3648	79038398	79038398	0	2
chrX	79414001	79552331	3.07	53	0.6545	0.6644	NONE	DEL	BAF_WEIGHTED	123	0.3631	79414001	79414001	1	2
chrX	79552332	80239516	1.9863	660	0.9559	1.0013	DEL	DEL	BAF_WEIGHTED	596	0.365	79552332	79552332	0	2
chrX	80239517	86656624	2.9654	2678	0.6488	0.6587	DEL	DEL	BAF_WEIGHTED	5771	0.3616	80239517	80239517	1	2
chrX	86656625	93095196	2.0038	3270	0.5655	0.5719	DEL	BND	BAF_WEIGHTED	2916	0.3563	86656625	86656625	1	1
chrX	93095197	94495634	1.008	903	0.914	0.9952	BND	BND	BAF_WEIGHTED	1302	0.3605	93095197	93095197	0	1
chrX	94495635	96601302	1.6264	918	0.9375	0.9907	BND	BND	BAF_WEIGHTED	1937	0.36	94495635	94495635	0	2
chrX	96601303	100957383	1.0092	1558	0.9167	0.9984	BND	DUP	BAF_WEIGHTED	4087	0.3722	96601303	96601303	0	1
chrX	100957384	100965854	2.1795	4	0.9391	0.979	DUP	DUP	BAF_WEIGHTED	6	0.3907	100957384	100957384	0	2
chrX	100965855	113165541	1.013	4247	0.9165	0.9979	DUP	DEL	BAF_WEIGHTED	10691	0.3928	100965855	100965855	0	1
chrX	113165542	113165588	0.439	0	0	1	DEL	DEL	STRUCTURAL_VARIANT	0	0	113165542	113165542	0	0
chrX	113165589	114459455	1.0271	695	0.913	0.9925	DEL	BND	BAF_WEIGHTED	1148	0.3651	113165589	113165589	0	1
chrX	114459456	114459604	1.9238	0	0	0.9988	BND	BND	STRUCTURAL_VARIANT	0	0	114459456	114459456	0	2
chrX	114459605	124438218	1.0206	4864	0.9169	0.9977	BND	DEL	BAF_WEIGHTED	8773	0.3881	114459605	114459605	0	1
chrX	124438219	129595779	1.9979	2062	0.95	0.9946	DEL	DUP	BAF_WEIGHTED	4706	0.3632	124438219	124438219	0	2
chrX	129595780	129623662	2.0052	5	0.9697	1.016	DUP	DUP	BAF_WEIGHTED	27	0.477	129595780	129595780	0	2
chrX	129623663	132211034	1.9937	631	0.9545	0.9996	DUP	DUP	BAF_WEIGHTED	2353	0.4117	129623663	129623663	0	2
chrX	132211035	132218786	3.5074	1	0.98	1.0071	DUP	DUP	BAF_WEIGHTED	5	0.3995	132211035	132211035	0	4
chrX	132218787	132646993	1.9707	67	0.9667	1.0135	DUP	BND	BAF_WEIGHTED	395	0.3826	132218787	132218787	0	2
chrX	132646994	132667000	2.8077	0	0	0.9968	BND	NONE	BAF_WEIGHTED	20	0.4089	132646994	132646994	0	3
chrX	132667001	136711952	1.9602	624	0.95	0.9954	NONE	DEL	BAF_WEIGHTED	3523	0.4107	132667001	132667001	0	2
chrX	136711953	136740398	0.9769	2	0.5857	1	DEL	DEL	BAF_WEIGHTED	28	0.381	136711953	136711953	0	1
chrX	136740399	147725943	1.9637	4613	0.9521	0.9976	DEL	DEL	BAF_WEIGHTED	9717	0.3801	136740399	136740399	0	2
chrX	147725944	147726078	1.0863	0	0	0.9956	DEL	DEL	STRUCTURAL_VARIANT	0	0	147725944	147725944	0	1
chrX	147726079	155536946	2.017	2350	0.9542	0.9986	DEL	SGL	BAF_WEIGHTED	6159	0.4286	147726079	147726079	0	2
chrX	155536947	156040895	3.0242	110	0.6538	0.6639	SGL	TELOMERE	BAF_WEIGHTED	388	0.382	155536947	155536947	1	2
