chromosome	start	end	copyNumber	bafCount	observedBAF	baf	segmentStartSupport	segmentEndSupport	method	depthWindowCount	gcContent	minStart	maxStart	minor_cn	major_cn
chr1	1	2629000	2.4325	749	0.5676	0.5889	TELOMERE	NONE	BAF_WEIGHTED	806	0.5817	1	1	1	1
chr1	2629001	3309000	1.5023	229	0.584	0.6886	NONE	NONE	BAF_WEIGHTED	353	0.5677	2628001	2630001	0	1
chr1	3309001	3927000	2.0746	469	0.56	0.518	NONE	NONE	BAF_WEIGHTED	368	0.5686	3309001	3309001	1	1
chr1	3927001	5893500	1.3266	1506	0.579	0.739	NONE	NONE	BAF_WEIGHTED	1861	0.4766	3927001	3927001	0	1
chr1	5893501	6905000	2.3433	687	0.5721	0.5727	NONE	NONE	BAF_WEIGHTED	772	0.5146	5893001	5894001	1	1
chr1	6905001	7745000	1.7875	471	0.5714	0.5594	NONE	NONE	BAF_WEIGHTED	790	0.4934	6905001	6905001	1	1
chr1	7745001	8374000	2.4522	366	0.5667	0.5922	NONE	NONE	BAF_WEIGHTED	610	0.4543	7745001	7745001	1	1
chr1	8374001	8729000	3.0261	55	0.5667	0.5777	NONE	NONE	BAF_WEIGHTED	324	0.4108	8374001	8374001	1	2
chr1	8729001	10825000	2.4818	663	0.5707	0.5963	NONE	NONE	BAF_WEIGHTED	1752	0.4846	8729001	8729001	1	1
chr1	10825001	11306000	2.097	56	0.5696	0.5231	NONE	NONE	BAF_WEIGHTED	442	0.4849	10825001	10825001	1	1
chr1	11306001	11637000	1.6607	279	0.5714	0.6021	NONE	NONE	BAF_WEIGHTED	312	0.51	11305001	11307001	1	1
chr1	11637001	12673000	2.4643	510	0.5714	0.5942	NONE	NONE	BAF_WEIGHTED	976	0.4898	11637001	11637001	1	1
chr1	12673001	14908000	1.6988	1094	0.5732	0.5934	NONE	NONE	BAF_WEIGHTED	1406	0.4475	12673001	12673001	1	1
chr1	14908001	16241000	2.5484	1045	0.5611	0.6017	NONE	NONE	BAF_WEIGHTED	1192	0.4956	14908001	14908001	1	2
chr1	16241001	17635000	3.2846	693	0.5878	0.6603	NONE	NONE	BAF_WEIGHTED	891	0.4979	16241001	16241001	1	2
chr1	17635001	18883000	2.6403	808	0.5864	0.6732	NONE	NONE	BAF_WEIGHTED	1222	0.497	17635001	17635001	1	2
chr1	18883001	22519000	3.2994	2083	0.5861	0.6557	NONE	NONE	BAF_WEIGHTED	3252	0.4742	18883001	18883001	1	2
chr1	22519001	23016000	2.8279	202	0.5938	0.6817	NONE	NONE	BAF_WEIGHTED	473	0.5115	22519001	22519001	1	2
chr1	23016001	24313849	3.4874	443	0.5789	0.6212	NONE	DEL	BAF_WEIGHTED	1236	0.4641	23016001	23016001	1	2
chr1	24313850	24314704	0.457	0	0	1	DEL	DEL	STRUCTURAL_VARIANT	0	0	24313850	24313850	0	0
chr1	24314705	29298000	3.4715	1788	0.5827	0.6288	DEL	NONE	BAF_WEIGHTED	4392	0.4722	24314705	24314705	1	2
chr1	29298001	29859000	2.4044	282	0.5858	0.6804	NONE	NONE	BAF_WEIGHTED	527	0.4817	29298001	29298001	1	2
chr1	29859001	30696000	2.7971	559	0.5926	0.6804	NONE	NONE	BAF_WEIGHTED	780	0.4786	29859001	29859001	1	2
chr1	30696001	33484000	3.5716	993	0.5911	0.6591	NONE	NONE	BAF_WEIGHTED	2633	0.4737	30696001	30696001	1	2
chr1	33484001	34740000	2.5523	444	0.5862	0.6757	NONE	NONE	BAF_WEIGHTED	1198	0.4465	33484001	33484001	1	2
chr1	34740001	36519000	3.4565	250	0.5899	0.6564	NONE	NONE	BAF_WEIGHTED	1689	0.4462	34740001	34740001	1	2
chr1	36519001	37431000	2.3636	382	0.5729	0.5811	NONE	NONE	BAF_WEIGHTED	874	0.4815	36519001	36519001	1	1
chr1	37431001	37612000	3.8215	60	0.5713	0.5234	NONE	NONE	BAF_WEIGHTED	174	0.4661	37431001	37431001	2	2
chr1	37612001	37650665	2.742	2	0.6197	0.7354	NONE	BND	BAF_WEIGHTED	37	0.5051	37612001	37612001	1	2
chr1	37650666	37650672	4.2961	0	0	0.5098	BND	BND	STRUCTURAL_VARIANT	0	0	37650666	37650666	2	2
chr1	37650673	37650902	2.8301	0	0	0.7441	BND	DEL	STRUCTURAL_VARIANT	0	0	37650673	37650673	1	2
chr1	37650903	37650925	1.5901	0	0	1	DEL	DEL	STRUCTURAL_VARIANT	0	0	37650903	37650903	0	2
chr1	37650926	38064000	3.2608	157	0.5902	0.6458	DEL	NONE	BAF_WEIGHTED	377	0.4818	37650926	37650926	1	2
chr1	38064001	38197109	2.6007	72	0.5714	0.6155	NONE	BND	BAF_WEIGHTED	132	0.4867	38064001	38064001	1	2
chr1	38197110	38197238	2.0099	0	0	0.6099	BND	BND	STRUCTURAL_VARIANT	0	0	38197110	38197110	1	1
chr1	38197239	38818500	2.5054	318	0.5909	0.6871	BND	NONE	BAF_WEIGHTED	594	0.4451	38197239	38197239	1	2
chr1	38818501	43044198	3.3866	1422	0.5841	0.6476	NONE	DEL	BAF_WEIGHTED	3948	0.4465	38818001	38819001	1	2
chr1	43044199	43044243	2.1615	0	0	0.5522	DEL	DEL	STRUCTURAL_VARIANT	0	0	43044199	43044199	1	1
chr1	43044244	44627000	3.111	239	0.5902	0.6708	DEL	NONE	BAF_WEIGHTED	1512	0.4696	43044244	43044244	1	2
chr1	44627001	47501000	3.4171	288	0.5909	0.662	NONE	NONE	BAF_WEIGHTED	2395	0.4452	44627001	44627001	1	2
chr1	47501001	50445000	2.6584	184	0.5945	0.6866	NONE	NONE	BAF_WEIGHTED	2726	0.4135	47501001	47501001	1	2
chr1	50445001	51223000	3.096	0	0	0.7309	NONE	NONE	BAF_WEIGHTED	745	0.387	50445001	50445001	1	2
chr1	51223001	51887000	3.7374	116	0.5976	0.6668	NONE	NONE	BAF_WEIGHTED	632	0.4089	51223001	51223001	1	2
chr1	51887001	55109000	2.9965	1251	0.5825	0.6552	NONE	NONE	BAF_WEIGHTED	2991	0.461	51887001	51887001	1	2
chr1	55109001	55295500	3.7882	25	0.5455	0.528	NONE	NONE	BAF_WEIGHTED	181	0.3941	55109001	55109001	2	2
chr1	55295501	56480000	2.8116	663	0.5862	0.6675	NONE	NONE	BAF_WEIGHTED	1127	0.4075	55294001	55297001	1	2
chr1	56480001	56842000	3.3102	168	0.6104	0.6989	NONE	NONE	BAF_WEIGHTED	348	0.3981	56480001	56480001	1	2
chr1	56842001	58485000	2.4636	806	0.5959	0.6992	NONE	NONE	BAF_WEIGHTED	1580	0.4103	56842001	56842001	1	2
chr1	58485001	59951000	3.5335	918	0.5882	0.6544	NONE	NONE	BAF_WEIGHTED	1371	0.4061	58485001	58485001	1	2
chr1	59951001	61031000	2.7412	479	0.602	0.7017	NONE	NONE	BAF_WEIGHTED	945	0.3888	59951001	59951001	1	2
chr1	61031001	61362000	3.9601	83	0.6	0.6669	NONE	NONE	BAF_WEIGHTED	326	0.3914	61031001	61031001	1	3
chr1	61362001	62874000	3.0756	831	0.5872	0.6643	NONE	NONE	BAF_WEIGHTED	1447	0.4048	61362001	61362001	1	2
chr1	62874001	63351000	2.4204	335	0.6	0.7095	NONE	NONE	BAF_WEIGHTED	464	0.4064	62874001	62875001	1	2
chr1	63351001	63597000	3.1075	138	0.5871	0.6648	NONE	NONE	BAF_WEIGHTED	232	0.3706	63351001	63351001	1	2
chr1	63597001	64206000	2.5898	231	0.5856	0.6722	NONE	NONE	BAF_WEIGHTED	601	0.4162	63597001	63597001	1	2
chr1	64206001	64879000	3.1208	224	0.5858	0.6587	NONE	NONE	BAF_WEIGHTED	637	0.4023	64206001	64206001	1	2
chr1	64879001	65077000	3.918	7	0.5556	0.5105	NONE	NONE	BAF_WEIGHTED	192	0.4196	64879001	64879001	2	2
chr1	65077001	66237000	2.5733	497	0.5937	0.6898	NONE	NONE	BAF_WEIGHTED	1054	0.3837	65077001	65077001	1	2
chr1	66237001	66458000	3.584	114	0.6	0.674	NONE	NONE	BAF_WEIGHTED	214	0.3945	66237001	66237001	1	2
chr1	66458001	66687000	2.7723	324	0.5909	0.6778	NONE	NONE	BAF_WEIGHTED	219	0.3812	66458001	66458001	1	2
chr1	66687001	67845000	3.3492	511	0.587	0.6564	NONE	NONE	BAF_WEIGHTED	1102	0.3989	66687001	66687001	1	2
chr1	67845001	70138000	2.528	995	0.5939	0.6917	NONE	NONE	BAF_WEIGHTED	2143	0.3727	67845001	67845001	1	2
chr1	70138001	70359000	3.3725	96	0.5844	0.6507	NONE	NONE	BAF_WEIGHTED	219	0.3696	70138001	70138001	1	2
chr1	70359001	77119000	2.5433	2833	0.5971	0.7016	NONE	NONE	BAF_WEIGHTED	6128	0.364	70359001	70359001	1	2
chr1	77119001	78153000	3.2188	218	0.5872	0.659	NONE	NONE	BAF_WEIGHTED	1002	0.3854	77119001	77119001	1	2
chr1	78153001	78590000	2.1605	180	0.5997	0.7219	NONE	NONE	BAF_WEIGHTED	391	0.3789	78153001	78153001	1	2
chr1	78590001	78690000	3.4621	0	0	0.763	NONE	NONE	BAF_WEIGHTED	97	0.3612	78590001	78590001	1	3
chr1	78690001	83839000	2.6252	3469	0.5932	0.6875	NONE	NONE	BAF_WEIGHTED	4570	0.3599	78690001	78690001	1	2
chr1	83839001	85939000	3.3562	851	0.5882	0.6579	NONE	NONE	BAF_WEIGHTED	1970	0.3861	83839001	83839001	1	2
chr1	85939001	86676000	2.7402	446	0.5882	0.6735	NONE	NONE	BAF_WEIGHTED	669	0.373	85935001	85939001	1	2
chr1	86676001	87092000	3.2848	32	0.5679	0.6089	NONE	NONE	BAF_WEIGHTED	385	0.3793	86676001	86676001	1	2
chr1	87092001	87566006	2.8186	244	0.5891	0.6734	NONE	BND	BAF_WEIGHTED	405	0.4115	87092001	87092001	1	2
chr1	87566007	87566034	1.1979	0	0	0.7614	BND	BND	STRUCTURAL_VARIANT	0	0	87566007	87566007	0	1
chr1	87566035	88664000	3.6788	454	0.6465	0.7521	BND	NONE	BAF_WEIGHTED	1076	0.3769	87566035	87566035	1	3
chr1	88664001	90042000	4.5954	517	0.625	0.6971	NONE	NONE	BAF_WEIGHTED	1253	0.3904	88664001	88664001	1	3
chr1	90042001	90890000	3.5226	326	0.6374	0.7407	NONE	NONE	BAF_WEIGHTED	802	0.3897	90042001	90042001	1	3
chr1	90890001	91168000	4.6689	85	0.641	0.7211	NONE	NONE	BAF_WEIGHTED	262	0.3895	90890001	90890001	1	3
chr1	91168001	92831000	3.9732	557	0.6328	0.7213	NONE	NONE	BAF_WEIGHTED	1522	0.3992	91168001	91168001	1	3
chr1	92831001	92970000	5.2677	1	0.5349	0.5695	NONE	NONE	BAF_WEIGHTED	132	0.3976	92831001	92831001	2	3
chr1	92970001	95327000	4.316	1119	0.6421	0.7302	NONE	NONE	BAF_WEIGHTED	2214	0.4092	92970001	92970001	1	3
chr1	95327001	95721000	2.9048	158	0.6291	0.7469	NONE	NONE	BAF_WEIGHTED	387	0.3858	95327001	95327001	1	2
chr1	95721001	97559120	3.7443	803	0.6421	0.7437	NONE	DEL	BAF_WEIGHTED	1723	0.3653	95721001	95721001	1	3
chr1	97559121	97559156	2.6615	0	0	0.6394	DEL	DEL	STRUCTURAL_VARIANT	0	0	97559121	97559121	1	2
chr1	97559157	97994000	3.9879	26	0.6619	0.7695	DEL	NONE	BAF_WEIGHTED	424	0.3427	97559157	97559157	1	3
chr1	97994001	99633000	3.433	757	0.6243	0.7215	NONE	NONE	BAF_WEIGHTED	1544	0.3642	97994001	97994001	1	2
chr1	99633001	101314000	4.5455	867	0.6316	0.7084	NONE	NONE	BAF_WEIGHTED	1594	0.3821	99633001	99633001	1	3
chr1	101314001	107534000	3.3009	3301	0.6403	0.7554	NONE	NONE	BAF_WEIGHTED	5675	0.351	101314001	101314001	1	2
chr1	107534001	108199713	4.7896	245	0.6429	0.722	NONE	DEL	BAF_WEIGHTED	631	0.3868	107534001	107534001	1	3
chr1	108199714	108199750	3.8523	0	0	0.6744	DEL	DEL	STRUCTURAL_VARIANT	0	0	108199714	108199714	1	3
chr1	108199751	111773000	4.3917	2031	0.6339	0.7144	DEL	NONE	BAF_WEIGHTED	3092	0.433	108199751	108199751	1	3
chr1	111773001	112316000	3.4952	255	0.636	0.7384	NONE	NONE	BAF_WEIGHTED	498	0.4506	111773001	111773001	1	3
chr1	112316001	113993000	4.2549	710	0.6409	0.7296	NONE	NONE	BAF_WEIGHTED	1576	0.4121	112316001	112316001	1	3
chr1	113993001	114390000	3.5752	186	0.6293	0.7252	NONE	NONE	BAF_WEIGHTED	370	0.4423	113993001	113993001	1	3
chr1	114390001	114786000	4.1567	127	0.6098	0.6798	NONE	NONE	BAF_WEIGHTED	387	0.394	114390001	114390001	1	3
chr1	114786001	115595000	3.4501	475	0.6353	0.739	NONE	NONE	BAF_WEIGHTED	756	0.404	114786001	114786001	1	3
chr1	115595001	118182000	4.4248	1078	0.643	0.7293	NONE	NONE	BAF_WEIGHTED	2395	0.4129	115595001	115595001	1	3
chr1	118182001	119051000	3.1316	378	0.6402	0.7591	NONE	NONE	BAF_WEIGHTED	779	0.3826	118182001	118182001	1	2
chr1	119051001	123605522	3.9861	947	0.6364	0.7271	NONE	CENTROMERE	BAF_WEIGHTED	898	0.412	119051001	119051001	1	3
chr1	123605523	152060000	7.4116	1924	0.747	0.8405	CENTROMERE	NONE	BAF_WEIGHTED	3277	0.4387	123605523	123605523	1	6
chr1	152060001	153322000	5.7287	843	0.7477	0.8633	NONE	NONE	BAF_WEIGHTED	1059	0.4088	152060001	152060001	1	5
chr1	153322001	153690566	7.5368	153	0.7536	0.8428	NONE	DEL	BAF_WEIGHTED	325	0.4756	153322001	153322001	1	6
chr1	153690567	153712679	5.4565	3	0.6765	0.7623	DEL	DEL	BAF_WEIGHTED	20	0.4868	153690567	153690567	1	4
chr1	153712680	154006000	7.4173	127	0.7368	0.8214	DEL	NONE	BAF_WEIGHTED	276	0.4765	153712680	153712680	1	6
chr1	154006001	154148000	5.8283	88	0.7559	0.8722	NONE	NONE	BAF_WEIGHTED	128	0.4253	154006001	154006001	1	5
chr1	154148001	154231000	8.3757	16	0.7811	0.8701	NONE	NONE	BAF_WEIGHTED	78	0.4522	154148001	154148001	1	7
chr1	154231001	154503970	6.7919	3	0.6545	0.7148	NONE	DEL	BAF_WEIGHTED	261	0.4713	154231001	154231001	2	5
chr1	154503971	154504007	5.986	0	0	0.8269	DEL	DEL	STRUCTURAL_VARIANT	0	0	154503971	154503971	1	5
chr1	154504008	154928000	6.9427	209	0.7538	0.8508	DEL	NONE	BAF_WEIGHTED	404	0.4696	154504008	154504008	1	6
chr1	154928001	155280000	8.6271	112	0.75	0.8268	NONE	NONE	BAF_WEIGHTED	277	0.5295	154928001	154928001	1	7
chr1	155280001	155530591	7.2046	53	0.7377	0.8252	NONE	BND	BAF_WEIGHTED	241	0.4356	155280001	155280001	1	6
chr1	155530592	155530596	9.8568	0	0	0.8694	BND	BND	STRUCTURAL_VARIANT	0	0	155530592	155530592	1	9
chr1	155530597	157174000	7.4304	475	0.7395	0.8268	BND	NONE	BAF_WEIGHTED	1469	0.4866	155530597	155530597	1	6
chr1	157174001	159051119	5.4306	1291	0.7308	0.8445	NONE	DEL	BAF_WEIGHTED	1691	0.4014	157174001	157174001	1	5
chr1	159051120	159054295	5.9859	1	0.5714	0.5012	DEL	DEL	BAF_WEIGHTED	2	0.358	159051120	159051120	3	3
chr1	159054296	159770000	5.1133	444	0.7293	0.8492	DEL	NONE	BAF_WEIGHTED	631	0.3885	159054296	159054296	1	4
chr1	159770001	160349000	7.6935	235	0.7467	0.8317	NONE	NONE	BAF_WEIGHTED	555	0.4646	159770001	159770001	1	6
chr1	160349001	160987000	6.6551	286	0.7421	0.8387	NONE	NONE	BAF_WEIGHTED	577	0.4311	160349001	160349001	1	6
chr1	160987001	161214000	8.3981	18	0.7536	0.8337	NONE	NONE	BAF_WEIGHTED	212	0.4848	160987001	160987001	1	7
chr1	161214001	162452536	7.003	612	0.7459	0.8394	NONE	DEL	BAF_WEIGHTED	987	0.4227	161214001	161214001	1	6
chr1	162452537	162460762	4.1289	22	0.6493	0.7452	DEL	DEL	BAF_WEIGHTED	4	0.3887	162452537	162452537	1	3
chr1	162460763	164547000	6.3479	1262	0.7505	0.8553	DEL	NONE	BAF_WEIGHTED	1937	0.3816	162460763	162460763	1	5
chr1	164547001	164829000	8.2012	158	0.7603	0.8444	NONE	NONE	BAF_WEIGHTED	279	0.4176	164547001	164547001	1	7
chr1	164829001	165362000	6.1457	282	0.7565	0.8671	NONE	NONE	BAF_WEIGHTED	504	0.4168	164829001	164829001	1	5
chr1	165362001	165924000	7.1743	348	0.7404	0.8292	NONE	NONE	BAF_WEIGHTED	538	0.4227	165362001	165362001	1	6
chr1	165924001	166383000	5.405	136	0.75	0.8726	NONE	NONE	BAF_WEIGHTED	408	0.4235	165924001	165924001	1	5
chr1	166383001	167216000	6.3355	666	0.7451	0.85	NONE	NONE	BAF_WEIGHTED	773	0.4015	166383001	166383001	1	5
chr1	167216001	167308000	8.6014	0	0	0.8774	NONE	NONE	BAF_WEIGHTED	90	0.3844	167216001	167216001	1	8
chr1	167308001	169473000	6.9447	1357	0.7514	0.8482	NONE	NONE	BAF_WEIGHTED	2034	0.404	167308001	167308001	1	6
chr1	169473001	169549000	8.5951	9	0.7302	0.8012	NONE	NONE	BAF_WEIGHTED	72	0.388	169473001	169473001	2	7
chr1	169549001	170096000	6.9126	216	0.7513	0.8515	NONE	NONE	BAF_WEIGHTED	510	0.3757	169549001	169549001	1	6
chr1	170096001	171179000	5.2779	725	0.7547	0.8842	NONE	NONE	BAF_WEIGHTED	1022	0.3788	170096001	170096001	1	5
chr1	171179001	172087000	6.7719	688	0.7637	0.8669	NONE	NONE	BAF_WEIGHTED	847	0.3994	171179001	171179001	1	6
chr1	172087001	172761000	7.9025	176	0.759	0.8458	NONE	NONE	BAF_WEIGHTED	630	0.3785	172087001	172087001	1	7
chr1	172761001	174953000	6.5155	457	0.7517	0.8588	NONE	NONE	BAF_WEIGHTED	1989	0.3867	172761001	172761001	1	6
chr1	174953001	175025000	8.5267	18	0.7386	0.8127	NONE	NONE	BAF_WEIGHTED	71	0.3921	174953001	174953001	2	7
chr1	175025001	175350000	6.9672	109	0.7604	0.8595	NONE	NONE	BAF_WEIGHTED	306	0.4271	175025001	175025001	1	6
chr1	175350001	175945000	5.6501	329	0.769	0.8953	NONE	NONE	BAF_WEIGHTED	583	0.4383	175350001	175350001	1	5
chr1	175945001	176228000	7.0848	117	0.7568	0.8529	NONE	NONE	BAF_WEIGHTED	262	0.3622	175945001	175945001	1	6
chr1	176228001	177248000	5.5478	382	0.7605	0.8849	NONE	NONE	BAF_WEIGHTED	965	0.401	176228001	176228001	1	5
chr1	177248001	178914542	6.5967	757	0.7695	0.8783	NONE	DEL	BAF_WEIGHTED	1559	0.3984	177248001	177248001	1	6
chr1	178914543	178914687	4.2578	0	0	0.8114	DEL	DEL	STRUCTURAL_VARIANT	0	0	178914543	178914543	1	3
chr1	178914688	179237000	6.9553	66	0.7407	0.8324	DEL	NONE	BAF_WEIGHTED	301	0.4308	178914688	178914688	1	6
chr1	179237001	179826000	5.7191	156	0.759	0.8791	NONE	NONE	BAF_WEIGHTED	545	0.4089	179237001	179237001	1	5
chr1	179826001	181082000	7.023	444	0.7604	0.8586	NONE	NONE	BAF_WEIGHTED	1183	0.409	179826001	179826001	1	6
chr1	181082001	181159000	9.0281	19	0.726	0.7904	NONE	NONE	BAF_WEIGHTED	75	0.4787	181082001	181082001	2	7
chr1	181159001	181688399	5.7312	434	0.7597	0.878	NONE	DEL	BAF_WEIGHTED	501	0.4394	181159001	181159001	1	5
chr1	181688400	181689937	3.9271	0	0	0.822	DEL	DEL	STRUCTURAL_VARIANT	0	0	181688400	181688400	1	3
chr1	181689938	182011000	5.2858	236	0.7561	0.8845	DEL	NONE	BAF_WEIGHTED	297	0.4157	181689938	181689938	1	5
chr1	182011001	182408000	8.2114	264	0.7711	0.8586	NONE	NONE	BAF_WEIGHTED	386	0.4284	182010001	182012001	1	7
chr1	182408001	185723000	6.8457	1838	0.7613	0.8643	NONE	NONE	BAF_WEIGHTED	3159	0.4015	182408001	182408001	1	6
chr1	185723001	186283000	5.2542	353	0.7686	0.9044	NONE	NONE	BAF_WEIGHTED	520	0.3624	185723001	185723001	1	5
chr1	186283001	186453000	6.8754	42	0.7373	0.8289	NONE	NONE	BAF_WEIGHTED	165	0.3533	186283001	186283001	1	6
chr1	186453001	187747000	4.795	572	0.7592	0.9037	NONE	NONE	BAF_WEIGHTED	1221	0.3611	186453001	186453001	0	4
chr1	187747001	193013000	5.6679	3099	0.7695	0.8966	NONE	NONE	BAF_WEIGHTED	5013	0.3428	187747001	187747001	1	5
chr1	193013001	193264000	7.3574	14	0.7722	0.8704	NONE	NONE	BAF_WEIGHTED	244	0.3613	193013001	193013001	1	6
chr1	193264001	196273741	5.8013	1806	0.7652	0.8868	NONE	DEL	BAF_WEIGHTED	2852	0.3474	193264001	193264001	1	5
chr1	196273742	196280494	0.7213	2	0.5751	0.5777	DEL	DEL	BAF_WEIGHTED	6	0.3302	196273742	196273742	0	0
chr1	196280495	196691587	5.8861	11	0.72	0.8191	DEL	DEL	BAF_WEIGHTED	399	0.3394	196280495	196280495	1	5
chr1	196691588	196703056	4.4817	0	0	0.8148	DEL	DEL	BAF_WEIGHTED	9	0.3853	196691588	196691588	1	4
chr1	196703057	197127000	5.8857	92	0.7481	0.859	DEL	NONE	BAF_WEIGHTED	218	0.3537	196703057	196703057	1	5
chr1	197127001	197220000	7.3443	51	0.7576	0.8506	NONE	NONE	BAF_WEIGHTED	91	0.3546	197127001	197127001	1	6
chr1	197220001	197481000	5.7052	105	0.7536	0.8716	NONE	NONE	BAF_WEIGHTED	251	0.3631	197220001	197220001	1	5
chr1	197481001	199336000	7.095	416	0.7495	0.8434	NONE	NONE	BAF_WEIGHTED	1767	0.3591	197481001	197481001	1	6
chr1	199336001	200062000	5.3901	460	0.7558	0.8821	NONE	NONE	BAF_WEIGHTED	687	0.3805	199336001	199336001	1	5
chr1	200062001	203264000	7.0724	1580	0.7653	0.8655	NONE	NONE	BAF_WEIGHTED	2836	0.4611	200062001	200062001	1	6
chr1	203264001	203361178	8.7125	44	0.7715	0.8605	NONE	DEL	BAF_WEIGHTED	93	0.4846	203264001	203264001	1	7
chr1	203361179	203362468	4.1232	0	0	0.757	DEL	DEL	STRUCTURAL_VARIANT	0	0	203361179	203361179	1	3
chr1	203362469	207734500	7.1817	2123	0.7627	0.8605	DEL	NONE	BAF_WEIGHTED	3752	0.4544	203362469	203362469	1	6
chr1	207734501	207902000	8.7899	48	0.7619	0.8409	NONE	NONE	BAF_WEIGHTED	153	0.4402	207730001	207739001	1	7
chr1	207902001	208661000	6.375	308	0.7691	0.8821	NONE	NONE	BAF_WEIGHTED	748	0.4372	207902001	207902001	1	6
chr1	208661001	209189000	4.7152	244	0.7619	0.9092	NONE	NONE	BAF_WEIGHTED	504	0.3962	208661001	208661001	0	4
chr1	209189001	209543000	5.995	114	0.7788	0.902	NONE	NONE	BAF_WEIGHTED	339	0.4185	209189001	209189001	1	5
chr1	209543001	209913000	7.2102	201	0.7624	0.8619	NONE	NONE	BAF_WEIGHTED	357	0.4434	209543001	209543001	1	6
chr1	209913001	210201000	5.5448	68	0.7689	0.8974	NONE	NONE	BAF_WEIGHTED	259	0.3679	209905001	209920001	1	5
chr1	210201001	213262000	7.1955	1472	0.7666	0.8646	NONE	NONE	BAF_WEIGHTED	2866	0.4205	210201001	210201001	1	6
chr1	213262001	217479000	6.1525	1746	0.7753	0.8948	NONE	NONE	BAF_WEIGHTED	4073	0.3857	213262001	213262001	1	6
chr1	217479001	217633000	7.6499	76	0.7822	0.88	NONE	NONE	BAF_WEIGHTED	151	0.3589	217479001	217479001	1	7
chr1	217633001	220839000	6.3418	1220	0.7705	0.8865	NONE	NONE	BAF_WEIGHTED	2997	0.3845	217633001	217633001	1	6
chr1	220839001	221437000	5.1951	116	0.7526	0.8814	NONE	NONE	BAF_WEIGHTED	567	0.3896	220839001	220839001	1	5
chr1	221437001	222020000	7.2254	374	0.7632	0.8596	NONE	NONE	BAF_WEIGHTED	560	0.3938	221437001	221437001	1	6
chr1	222020001	222551000	5.2507	327	0.753	0.8826	NONE	NONE	BAF_WEIGHTED	449	0.4086	222020001	222020001	1	5
chr1	222551001	229533928	6.9665	2739	0.7628	0.8644	NONE	DEL	BAF_WEIGHTED	6111	0.4379	222551001	222551001	1	6
chr1	229533929	229534264	3.7966	0	0	0.7513	DEL	DEL	STRUCTURAL_VARIANT	0	0	229533929	229533929	1	3
chr1	229534265	230272000	6.7735	381	0.7604	0.8623	DEL	NONE	BAF_WEIGHTED	713	0.4376	229534265	229534265	1	6
chr1	230272001	230630000	5.7784	172	0.7623	0.8826	NONE	NONE	BAF_WEIGHTED	335	0.449	230272001	230272001	1	5
chr1	230630001	233361000	7.0844	1397	0.7648	0.8646	NONE	NONE	BAF_WEIGHTED	2611	0.4207	230630001	230630001	1	6
chr1	233361001	234300000	5.447	858	0.7604	0.8898	NONE	NONE	BAF_WEIGHTED	891	0.4084	233361001	233361001	1	5
chr1	234300001	234448000	6.8727	99	0.7451	0.8396	NONE	NONE	BAF_WEIGHTED	146	0.4122	234300001	234300001	1	6
chr1	234448001	235514000	8.196	462	0.7558	0.8386	NONE	NONE	BAF_WEIGHTED	998	0.4388	234448001	234448001	1	7
chr1	235514001	235711000	5.9194	166	0.75	0.862	NONE	NONE	BAF_WEIGHTED	191	0.4487	235514001	235514001	1	5
chr1	235711001	236618000	7.0327	534	0.7549	0.854	NONE	NONE	BAF_WEIGHTED	878	0.422	235711001	235711001	1	6
chr1	236618001	236758000	5.163	70	0.7586	0.8914	NONE	NONE	BAF_WEIGHTED	135	0.427	236618001	236618001	1	5
chr1	236758001	236890000	6.6076	46	0.7439	0.8418	NONE	NONE	BAF_WEIGHTED	130	0.4053	236758001	236758001	1	6
chr1	236890001	239537000	4.5448	1938	0.7484	0.8945	NONE	NONE	BAF_WEIGHTED	2568	0.3789	236890001	236890001	0	4
chr1	239537001	239856399	5.5783	61	0.7619	0.8873	NONE	DEL	BAF_WEIGHTED	302	0.3816	239537001	239537001	1	5
chr1	239856400	240024000	3.093	77	0.6207	0.7242	DEL	NONE	BAF_WEIGHTED	162	0.4132	239856400	239856400	1	2
chr1	240024001	240615611	2.3663	266	0.6485	0.815	NONE	DEL	BAF_WEIGHTED	578	0.3959	240024001	240024001	0	2
chr1	240615612	241495000	2.3493	556	0.6552	0.8303	DEL	NONE	BAF_WEIGHTED	844	0.3971	240615612	240615612	0	2
chr1	241495001	241654000	4.1192	67	0.6415	0.7326	NONE	NONE	BAF_WEIGHTED	156	0.3822	241495001	241495001	1	3
chr1	241654001	242010000	3.2839	309	0.6667	0.8013	NONE	NONE	BAF_WEIGHTED	352	0.4094	241654001	241654001	1	3
chr1	242010001	243045500	2.3124	768	0.6562	0.8353	NONE	NONE	BAF_WEIGHTED	673	0.4069	242010001	242010001	0	2
chr1	243045501	244793013	3.849	823	0.6557	0.7602	NONE	DUP	BAF_WEIGHTED	1524	0.4058	242879001	243212001	1	3
chr1	244793014	244825000	5.5242	1	0.7164	0.8203	DUP	NONE	BAF_WEIGHTED	31	0.4567	244793014	244793014	1	5
chr1	244825001	244867000	8.7028	9	0.7121	0.7767	NONE	NONE	BAF_WEIGHTED	38	0.4077	244825001	244825001	2	7
chr1	244867001	244967991	6.0558	6	0.7547	0.8662	NONE	DUP	BAF_WEIGHTED	100	0.4362	244867001	244867001	1	5
chr1	244967992	245077000	3.9901	131	0.654	0.7566	DUP	NONE	BAF_WEIGHTED	108	0.4135	244967992	244967992	1	3
chr1	245077001	245769000	3.0635	381	0.6405	0.7624	NONE	NONE	BAF_WEIGHTED	664	0.4461	245077001	245077001	1	2
chr1	245769001	246845000	3.9852	440	0.6522	0.7535	NONE	NONE	BAF_WEIGHTED	973	0.4143	245769001	245769001	1	3
chr1	246845001	246940000	6.5293	56	0.75	0.8515	NONE	NONE	BAF_WEIGHTED	89	0.3942	246845001	246845001	1	6
chr1	246940001	247690000	5.2441	636	0.7542	0.8831	NONE	NONE	BAF_WEIGHTED	536	0.4195	246940001	246940001	1	5
chr1	247690001	248598000	4.2215	1303	0.75	0.907	NONE	NONE	BAF_WEIGHTED	617	0.3688	247687001	247693001	0	4
chr1	248598001	248956422	5.5049	11	0.728	0.8384	NONE	TELOMERE	BAF_WEIGHTED	38	0.3768	248598001	248598001	1	5
chr2	1	302000	4.5648	179	0.5714	0.5589	TELOMERE	NONE	BAF_WEIGHTED	249	0.4162	1	1	2	3
chr2	302001	1539000	3.1282	982	0.5728	0.5873	NONE	NONE	BAF_WEIGHTED	1001	0.4426	302001	302001	1	2
chr2	1539001	2176000	4.0375	297	0.5758	0.5046	NONE	NONE	BAF_WEIGHTED	569	0.4731	1530001	1539001	2	2
chr2	2176001	2964000	2.8794	508	0.5686	0.5777	NONE	NONE	BAF_WEIGHTED	748	0.4487	2176001	2176001	1	2
chr2	2964001	3182000	3.5891	120	0.5695	0.5572	NONE	NONE	BAF_WEIGHTED	200	0.4536	2964001	2964001	2	2
chr2	3182001	3598000	4.6995	64	0.5695	0.5744	NONE	NONE	BAF_WEIGHTED	372	0.477	3180001	3182001	2	3
chr2	3598001	4945000	2.976	858	0.5725	0.6267	NONE	NONE	BAF_WEIGHTED	1267	0.4031	3598001	3598001	1	2
chr2	4945001	5526000	4.3023	430	0.5676	0.5621	NONE	NONE	BAF_WEIGHTED	559	0.3921	4945001	4945001	2	2
chr2	5526001	6768000	3.4036	818	0.573	0.5784	NONE	NONE	BAF_WEIGHTED	1179	0.4022	5526001	5526001	1	2
chr2	6768001	13135000	5.0804	3980	0.5714	0.5758	NONE	NONE	BAF_WEIGHTED	6098	0.4368	6768001	6768001	2	3
chr2	13135001	15157000	4.0534	1275	0.5688	0.5587	NONE	NONE	BAF_WEIGHTED	1838	0.372	13135001	13135001	2	2
chr2	15157001	15642000	4.8226	525	0.5745	0.5853	NONE	NONE	BAF_WEIGHTED	462	0.3857	15157001	15157001	2	3
chr2	15642001	16574000	3.6462	400	0.5762	0.6242	NONE	NONE	BAF_WEIGHTED	864	0.4468	15642001	15642001	1	2
chr2	16574001	16901000	4.4562	119	0.5641	0.5512	NONE	NONE	BAF_WEIGHTED	305	0.4111	16574001	16574001	2	2
chr2	16901001	17639000	3.5982	301	0.5714	0.5558	NONE	NONE	BAF_WEIGHTED	713	0.38	16901001	16901001	2	2
chr2	17639001	19891000	4.4048	1120	0.5682	0.546	NONE	NONE	BAF_WEIGHTED	2127	0.4019	17639001	17639001	2	2
chr2	19891001	20879000	5.6238	671	0.5663	0.5269	NONE	NONE	BAF_WEIGHTED	919	0.4425	19891001	19891001	3	3
chr2	20879001	21189000	4.3674	119	0.5638	0.5434	NONE	NONE	BAF_WEIGHTED	295	0.4144	20879001	20879001	2	2
chr2	21189001	21211500	1.9239	14	0.7163	1.0142	NONE	NONE	BAF_WEIGHTED	17	0.3405	21187001	21191001	0	2
chr2	21211501	23706000	3.2469	818	0.5644	0.5775	NONE	NONE	BAF_WEIGHTED	2402	0.4036	21208001	21215001	1	2
chr2	23706001	26342000	5.0396	917	0.5656	0.595	NONE	NONE	BAF_WEIGHTED	2500	0.4322	23706001	23706001	2	3
chr2	26342001	26386000	6.4225	37	0.5714	0.5329	NONE	NONE	BAF_WEIGHTED	42	0.4042	26342001	26342001	3	3
chr2	26386001	28959000	4.3354	857	0.6252	0.7026	NONE	NONE	BAF_WEIGHTED	2464	0.4524	26386001	26386001	1	3
chr2	28959001	29202000	3.4252	166	0.6216	0.7157	NONE	NONE	BAF_WEIGHTED	235	0.4433	28959001	28959001	1	2
chr2	29202001	30080000	2.786	446	0.619	0.7328	NONE	NONE	BAF_WEIGHTED	857	0.4328	29202001	29202001	1	2
chr2	30080001	31201817	3.905	692	0.6341	0.7251	NONE	DUP	BAF_WEIGHTED	1073	0.4382	30080001	30080001	1	3
chr2	31201818	31202032	5.8722	0	0	0.8172	DUP	DEL	STRUCTURAL_VARIANT	0	0	31201818	31201818	1	5
chr2	31202033	31202143	3.9507	0	0	0.7283	DEL	DUP	STRUCTURAL_VARIANT	0	0	31202033	31202033	1	3
chr2	31202144	31202153	2.2703	0	0	0.5272	DUP	DEL	STRUCTURAL_VARIANT	0	0	31202144	31202144	1	1
chr2	31202154	31661913	3.8245	108	0.6455	0.7462	DEL	DEL	BAF_WEIGHTED	432	0.4181	31202154	31202154	1	3
chr2	31661914	31662346	1.7709	0	0	0.6229	DEL	DEL	STRUCTURAL_VARIANT	0	0	31661914	31661914	1	1
chr2	31662347	33633000	4.0036	621	0.6341	0.7245	DEL	NONE	BAF_WEIGHTED	1867	0.3995	31662347	31662347	1	3
chr2	33633001	36311000	2.942	1860	0.638	0.7634	NONE	NONE	BAF_WEIGHTED	2448	0.3674	33633001	33633001	1	2
chr2	36311001	45647762	4.0852	4794	0.6343	0.7213	NONE	DEL	BAF_WEIGHTED	8880	0.4046	36311001	36311001	1	3
chr2	45647763	45649242	4.1204	0	0	0.7237	DEL	DEL	BAF_WEIGHTED	1	0.43	45647763	45647763	1	3
chr2	45649243	47467500	4.4056	1215	0.6408	0.7256	DEL	NONE	BAF_WEIGHTED	1760	0.4458	45649243	45649243	1	3
chr2	47467501	47729000	3.3777	128	0.6341	0.7394	NONE	NONE	BAF_WEIGHTED	246	0.4604	47467001	47468001	1	2
chr2	47729001	48624000	4.2229	362	0.6426	0.7332	NONE	NONE	BAF_WEIGHTED	859	0.4058	47729001	47729001	1	3
chr2	48624001	53609000	3.0215	2506	0.6359	0.7544	NONE	NONE	BAF_WEIGHTED	4739	0.3645	48624001	48624001	1	2
chr2	53609001	54968000	4.1915	1091	0.631	0.7145	NONE	NONE	BAF_WEIGHTED	1329	0.4037	53609001	53609001	1	3
chr2	54968001	55055000	5.7348	0	0	0.7913	NONE	NONE	BAF_WEIGHTED	85	0.3726	54968001	54968001	1	5
chr2	55055001	55683000	4.3408	255	0.6328	0.7133	NONE	NONE	BAF_WEIGHTED	603	0.397	55055001	55055001	1	3
chr2	55683001	57965000	3.4254	1000	0.6407	0.7497	NONE	NONE	BAF_WEIGHTED	2088	0.3651	55683001	55683001	1	3
chr2	57965001	58250000	4.3146	143	0.6389	0.7242	NONE	NONE	BAF_WEIGHTED	264	0.3449	57965001	57965001	1	3
chr2	58250001	58641000	3.1423	237	0.644	0.7654	NONE	NONE	BAF_WEIGHTED	364	0.3704	58250001	58250001	1	2
chr2	58641001	59312000	2.6887	273	0.6293	0.7569	NONE	NONE	BAF_WEIGHTED	648	0.3786	58641001	58641001	1	2
chr2	59312001	60296000	1.9663	454	0.5926	0.7175	NONE	NONE	BAF_WEIGHTED	922	0.3899	59312001	59312001	1	1
chr2	60296001	60746000	2.5264	236	0.5881	0.6785	NONE	NONE	BAF_WEIGHTED	437	0.4393	60296001	60296001	1	2
chr2	60746001	61545000	3.5465	259	0.6	0.6756	NONE	NONE	BAF_WEIGHTED	775	0.4043	60746001	60746001	1	2
chr2	61545001	63828000	2.9614	964	0.5943	0.6793	NONE	NONE	BAF_WEIGHTED	2153	0.3997	61545001	61545001	1	2
chr2	63828001	65457000	3.7603	556	0.5869	0.6377	NONE	NONE	BAF_WEIGHTED	1557	0.4208	63828001	63828001	1	2
chr2	65457001	66592000	2.5833	271	0.5869	0.674	NONE	NONE	BAF_WEIGHTED	1061	0.4077	65457001	65457001	1	2
chr2	66592001	68026000	2.0885	651	0.5899	0.7028	NONE	NONE	BAF_WEIGHTED	1349	0.3857	66592001	66592001	1	1
chr2	68026001	69547000	3.3258	579	0.5831	0.6493	NONE	NONE	BAF_WEIGHTED	1339	0.4069	68026001	68026001	1	2
chr2	69547001	71804216	3.954	950	0.5608	0.5413	NONE	DEL	BAF_WEIGHTED	2081	0.443	69547001	69547001	2	2
chr2	71804217	71804320	1.8189	0	0	1	DEL	DEL	STRUCTURAL_VARIANT	0	0	71804217	71804217	0	2
chr2	71804321	72519000	3.6351	115	0.5625	0.5502	DEL	NONE	BAF_WEIGHTED	650	0.4178	71804321	71804321	2	2
chr2	72519001	74049022	4.303	251	0.5597	0.5341	NONE	DEL	BAF_WEIGHTED	1340	0.4294	72519001	72519001	2	2
chr2	74049023	74068214	2.6089	22	0.7062	0.9157	DEL	INV	BAF_WEIGHTED	15	0.4157	74049023	74049023	0	2
chr2	74068215	75723000	3.3525	821	0.5938	0.6696	INV	NONE	BAF_WEIGHTED	1574	0.4291	74068215	74068215	1	2
chr2	75723001	83813000	1.9983	5304	0.5962	0.7228	NONE	NONE	BAF_WEIGHTED	7611	0.3608	75723001	75723001	1	1
chr2	83813001	84400500	2.4948	443	0.5946	0.6846	NONE	NONE	BAF_WEIGHTED	542	0.382	83813001	83813001	1	2
chr2	84400501	84835000	3.1256	10	0.5717	0.6399	NONE	NONE	BAF_WEIGHTED	409	0.3905	84399001	84402001	1	2
chr2	84835001	85075000	3.7217	65	0.5814	0.6394	NONE	NONE	BAF_WEIGHTED	231	0.4411	84835001	84835001	1	2
chr2	85075001	85240000	2.906	61	0.6071	0.7048	NONE	NONE	BAF_WEIGHTED	157	0.4525	85075001	85075001	1	2
chr2	85240001	88064000	3.4914	1182	0.5892	0.6576	NONE	NONE	BAF_WEIGHTED	1549	0.4488	85240001	85240001	1	2
chr2	88064001	88549393	2.5525	67	0.6	0.7038	NONE	DEL	BAF_WEIGHTED	471	0.4404	88064001	88064001	1	2
chr2	88549394	88549539	1.7187	0	0	1	DEL	DEL	STRUCTURAL_VARIANT	0	0	88549394	88549394	0	2
chr2	88549540	88740000	3.6494	24	0.5596	0.5415	DEL	NONE	BAF_WEIGHTED	183	0.4088	88549540	88549540	2	2
chr2	88740001	93139350	2.7805	69	0.5939	0.682	NONE	CENTROMERE	BAF_WEIGHTED	219	0.4035	88740001	88740001	1	2
chr2	93139351	96129000	3.6445	29	0.6	0.6727	CENTROMERE	NONE	BAF_WEIGHTED	562	0.4743	93139351	93139351	1	2
chr2	96129001	98065000	4.541	518	0.5588	0.5596	NONE	NONE	BAF_WEIGHTED	1193	0.4679	96129001	96129001	2	3
chr2	98065001	98415000	3.6829	26	0.5745	0.543	NONE	NONE	BAF_WEIGHTED	336	0.4263	98065001	98065001	2	2
chr2	98415001	98874000	4.7134	154	0.5526	0.5757	NONE	NONE	BAF_WEIGHTED	447	0.4395	98415001	98415001	2	3
chr2	98874001	99058000	3.43	121	0.5682	0.5831	NONE	NONE	BAF_WEIGHTED	157	0.419	98874001	98874001	1	2
chr2	99058001	100111000	4.2275	30	0.542	0.5269	NONE	NONE	BAF_WEIGHTED	983	0.4102	99058001	99058001	2	2
chr2	100111001	100982000	3.6415	558	0.5613	0.5679	NONE	NONE	BAF_WEIGHTED	851	0.4411	100111001	100111001	2	2
chr2	100982001	101895000	4.1965	419	0.5586	0.5586	NONE	NONE	BAF_WEIGHTED	871	0.4334	100982001	100982001	2	2
chr2	101895001	102868000	3.2788	865	0.5649	0.6108	NONE	NONE	BAF_WEIGHTED	941	0.4078	101895001	101895001	1	2
chr2	102868001	105028000	2.5882	721	0.5728	0.6219	NONE	NONE	BAF_WEIGHTED	2088	0.379	102868001	102868001	1	2
chr2	105028001	106269000	4.1664	900	0.5585	0.52	NONE	NONE	BAF_WEIGHTED	1161	0.4347	105028001	105028001	2	2
chr2	106269001	106657000	3.1498	322	0.5676	0.635	NONE	NONE	BAF_WEIGHTED	234	0.4251	106263001	106269001	1	2
chr2	106657001	108156000	2.4854	744	0.5714	0.598	NONE	NONE	BAF_WEIGHTED	1348	0.3854	106657001	106657001	1	1
chr2	108156001	108445000	3.6854	106	0.5517	0.5427	NONE	NONE	BAF_WEIGHTED	273	0.4044	108156001	108156001	2	2
chr2	108445001	108642500	4.9872	1	0.5806	0.6234	NONE	NONE	BAF_WEIGHTED	150	0.4075	108445001	108445001	2	3
chr2	108642501	109430000	3.5883	242	0.5616	0.5717	NONE	NONE	BAF_WEIGHTED	664	0.4579	108642001	108643001	2	2
chr2	109430001	113992000	4.2312	1893	0.5553	0.5274	NONE	NONE	BAF_WEIGHTED	2647	0.4318	109430001	109430001	2	2
chr2	113992001	114555000	3.4016	144	0.5585	0.588	NONE	NONE	BAF_WEIGHTED	520	0.391	113992001	113992001	1	2
chr2	114555001	117090000	2.4527	1352	0.5708	0.5817	NONE	NONE	BAF_WEIGHTED	2392	0.3631	114555001	114555001	1	1
chr2	117090001	117943000	3.3329	389	0.5631	0.6018	NONE	NONE	BAF_WEIGHTED	748	0.3896	117090001	117090001	1	2
chr2	117943001	118228000	4.1773	119	0.5556	0.5212	NONE	NONE	BAF_WEIGHTED	276	0.4105	117943001	117943001	2	2
chr2	118228001	119178000	2.7831	680	0.5592	0.5977	NONE	NONE	BAF_WEIGHTED	898	0.4337	118228001	118228001	1	2
chr2	119178001	120566000	4.2837	583	0.5572	0.5242	NONE	NONE	BAF_WEIGHTED	1318	0.4436	119178001	119178001	2	2
chr2	120566001	121257000	3.4621	377	0.5588	0.5777	NONE	NONE	BAF_WEIGHTED	668	0.5035	120566001	120566001	1	2
chr2	121257001	121773000	4.3667	45	0.5405	0.542	NONE	NONE	BAF_WEIGHTED	495	0.4261	121257001	121257001	2	2
chr2	121773001	124208916	3.0439	827	0.5667	0.6176	NONE	INV	BAF_WEIGHTED	2321	0.3815	121773001	121773001	1	2
chr2	124208917	124208928	1.1514	0	0	0.5935	INV	DEL	STRUCTURAL_VARIANT	0	0	124208917	124208917	0	1
chr2	124208929	124209042	3.1696	0	0	0.7844	DEL	INV	STRUCTURAL_VARIANT	0	0	124208929	124208929	1	2
chr2	124209043	124209047	4.2665	0	0	0.8398	INV	INV	STRUCTURAL_VARIANT	0	0	124209043	124209043	1	4
chr2	124209048	127001000	2.3739	1604	0.5991	0.7122	INV	NONE	BAF_WEIGHTED	2652	0.3878	124209048	124209048	1	2
chr2	127001001	129250000	3.0136	1319	0.5913	0.6727	NONE	NONE	BAF_WEIGHTED	2065	0.454	127001001	127001001	1	2
chr2	129250001	129845000	2.2013	125	0.5853	0.6855	NONE	NONE	BAF_WEIGHTED	557	0.4273	129250001	129250001	1	2
chr2	129845001	130392000	3.1253	489	0.6047	0.6935	NONE	NONE	BAF_WEIGHTED	220	0.468	129845001	129845001	1	2
chr2	130392001	131049000	2.3953	142	0.6	0.7107	NONE	NONE	BAF_WEIGHTED	289	0.4768	130392001	130392001	1	2
chr2	131049001	134094000	2.9871	1792	0.6002	0.6892	NONE	NONE	BAF_WEIGHTED	1833	0.4102	131049001	131049001	1	2
chr2	134094001	134365000	3.9958	139	0.5854	0.6421	NONE	NONE	BAF_WEIGHTED	259	0.4235	134094001	134094001	1	3
chr2	134365001	134887000	3.1077	235	0.591	0.6688	NONE	NONE	BAF_WEIGHTED	484	0.4332	134365001	134365001	1	2
chr2	134887001	135166000	3.7949	48	0.5769	0.527	NONE	NONE	BAF_WEIGHTED	267	0.3848	134887001	134887001	2	2
chr2	135166001	135521000	2.8431	4	0.5308	0.6483	NONE	NONE	BAF_WEIGHTED	316	0.389	135166001	135166001	1	2
chr2	135521001	136424000	3.65	134	0.5855	0.6453	NONE	NONE	BAF_WEIGHTED	823	0.4125	135521001	135521001	1	2
chr2	136424001	137811000	2.454	7	0.6	0.708	NONE	NONE	BAF_WEIGHTED	1281	0.381	136424001	136424001	1	2
chr2	137811001	138408000	3.3256	305	0.6061	0.6907	NONE	NONE	BAF_WEIGHTED	566	0.3751	137811001	137811001	1	2
chr2	138408001	138602000	4.1395	56	0.618	0.6937	NONE	NONE	BAF_WEIGHTED	180	0.3701	138408001	138408001	1	3
chr2	138602001	142670000	2.6941	2145	0.6006	0.6996	NONE	NONE	BAF_WEIGHTED	3945	0.3549	138602001	138602001	1	2
chr2	142670001	143563000	3.7289	429	0.6006	0.6717	NONE	NONE	BAF_WEIGHTED	855	0.3613	142670001	142670001	1	3
chr2	143563001	144137000	3.0942	116	0.5833	0.6547	NONE	NONE	BAF_WEIGHTED	544	0.3772	143563001	143563001	1	2
chr2	144137001	144689000	3.6533	96	0.5714	0.5475	NONE	NONE	BAF_WEIGHTED	542	0.3777	144137001	144137001	2	2
chr2	144689001	148601000	2.8828	1360	0.5972	0.6847	NONE	NONE	BAF_WEIGHTED	3709	0.3638	144689001	144689001	1	2
chr2	148601001	148794000	3.9443	56	0.6108	0.6853	NONE	NONE	BAF_WEIGHTED	178	0.3784	148601001	148601001	1	3
chr2	148794001	149555000	3.0897	298	0.6012	0.6848	NONE	NONE	BAF_WEIGHTED	724	0.4085	148794001	148794001	1	2
chr2	149555001	149632000	3.8487	1	0.5667	0.5197	NONE	NONE	BAF_WEIGHTED	77	0.3604	149555001	149555001	2	2
chr2	149632001	150917316	2.8491	682	0.5932	0.6799	NONE	DEL	BAF_WEIGHTED	1212	0.3793	149632001	149632001	1	2
chr2	150917317	150937256	1.9233	17	0.6667	0.8965	DEL	DEL	BAF_WEIGHTED	19	0.3777	150917317	150917317	0	2
chr2	150937257	151226000	2.768	238	0.6087	0.7128	DEL	NONE	BAF_WEIGHTED	280	0.3855	150937257	150937257	1	2
chr2	151226001	152783000	3.4504	441	0.598	0.6743	NONE	NONE	BAF_WEIGHTED	1466	0.3977	151226001	151226001	1	2
chr2	152783001	154363000	2.6084	1061	0.6	0.7015	NONE	NONE	BAF_WEIGHTED	1475	0.3652	152783001	152783001	1	2
chr2	154363001	155401000	3.2599	214	0.6154	0.7081	NONE	NONE	BAF_WEIGHTED	991	0.3476	154363001	154363001	1	2
chr2	155401001	155979000	2.6627	231	0.6071	0.7137	NONE	NONE	BAF_WEIGHTED	542	0.3419	155401001	155401001	1	2
chr2	155979001	162385000	3.4317	1797	0.5939	0.6669	NONE	NONE	BAF_WEIGHTED	5820	0.3795	155979001	155979001	1	2
chr2	162385001	164487000	2.7989	474	0.6071	0.7085	NONE	NONE	BAF_WEIGHTED	2035	0.3564	162385001	162385001	1	2
chr2	164487001	165016000	3.3283	279	0.6	0.6797	NONE	NONE	BAF_WEIGHTED	494	0.366	164487001	164487001	1	2
chr2	165016001	165772000	2.7729	358	0.6	0.6956	NONE	NONE	BAF_WEIGHTED	713	0.361	165016001	165016001	1	2
chr2	165772001	165957000	3.6454	89	0.6053	0.6819	NONE	NONE	BAF_WEIGHTED	183	0.3697	165772001	165772001	1	2
chr2	165957001	166432000	2.6782	318	0.6	0.699	NONE	NONE	BAF_WEIGHTED	460	0.3516	165957001	165957001	1	2
chr2	166432001	167953000	2.2457	499	0.6029	0.7197	NONE	NONE	BAF_WEIGHTED	1406	0.3641	166432001	166432001	1	2
chr2	167953001	173204500	3.3657	3311	0.5986	0.6767	NONE	NONE	BAF_WEIGHTED	4975	0.4002	167953001	167953001	1	2
chr2	173204501	173900000	3.0796	324	0.5958	0.6784	NONE	NONE	BAF_WEIGHTED	662	0.4135	173204001	173205001	1	2
chr2	173900001	174004000	4.4714	38	0.5742	0.5527	NONE	NONE	BAF_WEIGHTED	101	0.3936	173900001	173900001	2	2
chr2	174004001	175215000	3.6249	316	0.5984	0.6707	NONE	NONE	BAF_WEIGHTED	1162	0.397	174004001	174004001	1	2
chr2	175215001	175915000	2.7227	262	0.6	0.6974	NONE	NONE	BAF_WEIGHTED	633	0.3931	175215001	175215001	1	2
chr2	175915001	177139000	3.1664	864	0.5914	0.6679	NONE	NONE	BAF_WEIGHTED	1150	0.3996	175915001	175915001	1	2
chr2	177139001	177570000	3.9946	147	0.6	0.6664	NONE	NONE	BAF_WEIGHTED	415	0.3878	177139001	177139001	1	3
chr2	177570001	183231000	3.2299	3033	0.5976	0.6793	NONE	NONE	BAF_WEIGHTED	5321	0.372	177570001	177570001	1	2
chr2	183231001	183328155	2.5998	31	0.6053	0.7127	NONE	DEL	BAF_WEIGHTED	90	0.3741	183231001	183231001	1	2
chr2	183328156	183329000	1.0029	0	0	0.8163	DEL	DEL	STRUCTURAL_VARIANT	0	0	183328156	183328156	0	1
chr2	183329001	186419000	2.7294	1280	0.6034	0.7001	DEL	NONE	BAF_WEIGHTED	2880	0.3464	183329001	183329001	1	2
chr2	186419001	186724000	3.8351	216	0.6053	0.6781	NONE	NONE	BAF_WEIGHTED	296	0.3688	186419001	186419001	1	3
chr2	186724001	189437000	3.0224	507	0.6058	0.7024	NONE	NONE	BAF_WEIGHTED	2575	0.3546	186724001	186724001	1	2
chr2	189437001	189838000	3.8802	109	0.6	0.6683	NONE	NONE	BAF_WEIGHTED	385	0.3771	189437001	189437001	1	3
chr2	189838001	190256000	2.8763	159	0.6	0.6922	NONE	NONE	BAF_WEIGHTED	391	0.3744	189838001	189838001	1	2
chr2	190256001	191754503	3.8064	650	0.5998	0.6691	NONE	DEL	BAF_WEIGHTED	1427	0.3922	190256001	190256001	1	3
chr2	191754504	191755251	1.2177	0	0	0.6543	DEL	DEL	STRUCTURAL_VARIANT	0	0	191754504	191754504	0	1
chr2	191755252	195451000	2.6524	1025	0.5999	0.6996	DEL	NONE	BAF_WEIGHTED	3390	0.3443	191755252	191755252	1	2
chr2	195451001	195737000	3.656	19	0.6341	0.7313	NONE	NONE	BAF_WEIGHTED	276	0.3885	195451001	195451001	1	3
chr2	195737001	196049000	2.8195	13	0.5667	0.6453	NONE	NONE	BAF_WEIGHTED	297	0.3683	195737001	195737001	1	2
chr2	196049001	197554000	3.7001	440	0.5929	0.6527	NONE	NONE	BAF_WEIGHTED	1426	0.3951	196049001	196049001	1	2
chr2	197554001	199891500	2.6219	804	0.5986	0.7052	NONE	NONE	BAF_WEIGHTED	2188	0.3766	197554001	197554001	1	2
chr2	199891501	201202945	3.608	588	0.5975	0.6694	NONE	DEL	BAF_WEIGHTED	1248	0.406	199891001	199892001	1	2
chr2	201202946	201202984	3.1754	0	0	0.7606	DEL	DEL	STRUCTURAL_VARIANT	0	0	201202946	201202946	1	2
chr2	201202985	201476000	3.9377	1	0.5405	0.5079	DEL	NONE	BAF_WEIGHTED	243	0.4028	201202985	201202985	2	2
chr2	201476001	206177000	3.2541	1740	0.5966	0.6768	NONE	NONE	BAF_WEIGHTED	4530	0.4027	201476001	201476001	1	2
chr2	206177001	206757000	2.7142	395	0.6111	0.7196	NONE	NONE	BAF_WEIGHTED	548	0.3962	206177001	206177001	1	2
chr2	206757001	208514000	3.2833	1071	0.5971	0.6759	NONE	NONE	BAF_WEIGHTED	1663	0.4063	206757001	206757001	1	2
chr2	208514001	209958000	2.6149	1381	0.6	0.7014	NONE	NONE	BAF_WEIGHTED	1301	0.3636	208514001	208514001	1	2
chr2	209958001	210225000	3.2445	52	0.5862	0.6566	NONE	NONE	BAF_WEIGHTED	254	0.3685	209958001	209958001	1	2
chr2	210225001	210908000	2.4552	473	0.5926	0.6926	NONE	NONE	BAF_WEIGHTED	643	0.3684	210225001	210225001	1	2
chr2	210908001	212897000	2.9087	1463	0.5973	0.6874	NONE	NONE	BAF_WEIGHTED	1894	0.3513	210908001	210908001	1	2
chr2	212897001	213323000	3.5952	265	0.5938	0.663	NONE	NONE	BAF_WEIGHTED	419	0.3573	212897001	212897001	1	2
chr2	213323001	215109000	2.7588	871	0.5969	0.69	NONE	NONE	BAF_WEIGHTED	1689	0.3642	213323001	213323001	1	2
chr2	215109001	219741000	3.4411	1887	0.5963	0.6695	NONE	NONE	BAF_WEIGHTED	4356	0.4475	215109001	215109001	1	2
chr2	219741001	221238192	2.5217	998	0.5929	0.6906	NONE	DEL	BAF_WEIGHTED	1392	0.395	219741001	219741001	1	2
chr2	221238193	221239109	0	0	0	1	DEL	DEL	STRUCTURAL_VARIANT	0	0	221238193	221238193	0	0
chr2	221239110	221239165	2.9922	0	0	0.7392	DEL	BND	STRUCTURAL_VARIANT	0	0	221239110	221239110	1	2
chr2	221239166	221239691	1.0755	0	0	0.7255	BND	BND	STRUCTURAL_VARIANT	0	0	221239166	221239166	0	1
chr2	221239692	222577000	2.4662	544	0.5924	0.6931	BND	NONE	BAF_WEIGHTED	1166	0.3954	221239692	221239692	1	2
chr2	222577001	223000000	3.6203	261	0.5938	0.6625	NONE	NONE	BAF_WEIGHTED	404	0.4038	222577001	222577001	1	2
chr2	223000001	223692000	2.7196	492	0.5862	0.6702	NONE	NONE	BAF_WEIGHTED	649	0.391	223000001	223000001	1	2
chr2	223692001	224027000	3.3471	279	0.58	0.6434	NONE	NONE	BAF_WEIGHTED	330	0.423	223692001	223692001	1	2
chr2	224027001	224469000	2.8394	316	0.6	0.6934	NONE	NONE	BAF_WEIGHTED	421	0.4143	224027001	224027001	1	2
chr2	224469001	224594000	4.1652	106	0.5969	0.6586	NONE	NONE	BAF_WEIGHTED	123	0.3757	224469001	224469001	1	3
chr2	224594001	224838000	2.8745	130	0.5882	0.6695	NONE	NONE	BAF_WEIGHTED	231	0.4097	224594001	224594001	1	2
chr2	224838001	225137000	3.9262	270	0.5897	0.6503	NONE	NONE	BAF_WEIGHTED	293	0.3867	224838001	224838001	1	3
chr2	225137001	227444500	3.1013	998	0.5967	0.6789	NONE	NONE	BAF_WEIGHTED	2227	0.3837	225137001	225137001	1	2
chr2	227444501	227562000	4.049	0	0	0.598	NONE	NONE	BAF_WEIGHTED	110	0.3844	227444001	227445001	2	2
chr2	227562001	229758000	2.3691	1604	0.5886	0.687	NONE	NONE	BAF_WEIGHTED	2074	0.3935	227562001	227562001	1	2
chr2	229758001	229925000	3.9625	19	0.5556	0.5047	NONE	NONE	BAF_WEIGHTED	163	0.3822	229758001	229758001	2	2
chr2	229925001	232363500	3.3432	1333	0.5882	0.6581	NONE	NONE	BAF_WEIGHTED	2228	0.4447	229925001	229925001	1	2
chr2	232363501	232538000	2.5723	229	0.5946	0.6921	NONE	NONE	BAF_WEIGHTED	114	0.5339	232363001	232364001	1	2
chr2	232538001	232870000	3.4575	189	0.5833	0.6472	NONE	NONE	BAF_WEIGHTED	322	0.4368	232538001	232538001	1	2
chr2	232870001	233033000	2.6525	182	0.5858	0.6716	NONE	NONE	BAF_WEIGHTED	150	0.4876	232870001	232870001	1	2
chr2	233033001	233580000	3.4902	344	0.5872	0.6534	NONE	NONE	BAF_WEIGHTED	524	0.464	233033001	233033001	1	2
chr2	233580001	236506000	2.8354	1884	0.5871	0.6688	NONE	NONE	BAF_WEIGHTED	2755	0.45	233576001	233584001	1	2
chr2	236506001	238480000	3.5174	1046	0.5961	0.6669	NONE	NONE	BAF_WEIGHTED	1840	0.4656	236506001	236506001	1	2
chr2	238480001	239203000	2.6991	538	0.6	0.6982	NONE	NONE	BAF_WEIGHTED	663	0.4878	238480001	238480001	1	2
chr2	239203001	239306000	3.7035	36	0.6291	0.7215	NONE	NONE	BAF_WEIGHTED	93	0.4953	239203001	239203001	1	3
chr2	239306001	241214368	2.8025	1419	0.5958	0.6874	NONE	DUP	BAF_WEIGHTED	1474	0.5118	239306001	239306001	1	2
chr2	241214369	241214929	3.5816	0	0	0.5379	DUP	DEL	STRUCTURAL_VARIANT	0	0	241214369	241214369	2	2
chr2	241214930	241214952	3.028	0	0	0.6362	DEL	BND	STRUCTURAL_VARIANT	0	0	241214930	241214930	1	2
chr2	241214953	241216108	4.2381	0	0	0.5454	BND	DUP	STRUCTURAL_VARIANT	0	0.616	241214953	241214953	2	2
chr2	241216109	241216128	3.4832	0	0	0.5531	DUP	DEL	STRUCTURAL_VARIANT	0	0	241216109	241216109	2	2
chr2	241216129	242193529	4.0007	337	0.567	0.506	DEL	TELOMERE	BAF_WEIGHTED	430	0.5199	241216129	241216129	2	2
chr3	1	3100000	1.8897	2729	0.5833	0.7	TELOMERE	NONE	BAF_WEIGHTED	2854	0.3711	1	1	1	1
chr3	3100001	3202000	3.5171	92	0.5843	0.6479	NONE	NONE	BAF_WEIGHTED	100	0.393	3100001	3100001	1	2
chr3	3202001	4264000	2.5302	914	0.5882	0.6806	NONE	NONE	BAF_WEIGHTED	963	0.3919	3202001	3202001	1	2
chr3	4264001	4661000	3.6279	251	0.58	0.6385	NONE	NONE	BAF_WEIGHTED	384	0.4089	4264001	4264001	1	2
chr3	4661001	5220000	4.2502	358	0.573	0.5294	NONE	NONE	BAF_WEIGHTED	532	0.4317	4661001	4661001	2	2
chr3	5220001	6853000	2.5281	1338	0.5911	0.6883	NONE	NONE	BAF_WEIGHTED	1512	0.3812	5220001	5220001	1	2
chr3	6853001	8226000	1.9991	1228	0.5814	0.6433	NONE	NONE	BAF_WEIGHTED	1324	0.3833	6853001	6853001	1	1
chr3	8226001	9710000	3.1231	607	0.5811	0.6507	NONE	NONE	BAF_WEIGHTED	1273	0.4405	8226001	8226001	1	2
chr3	9710001	10336000	3.6036	455	0.5779	0.6182	NONE	NONE	BAF_WEIGHTED	559	0.4802	9710001	9710001	1	2
chr3	10336001	11200000	2.5696	400	0.5833	0.6692	NONE	NONE	BAF_WEIGHTED	830	0.4827	10336001	10336001	1	2
chr3	11200001	11850000	3.5782	231	0.5643	0.5622	NONE	NONE	BAF_WEIGHTED	624	0.4392	11200001	11200001	2	2
chr3	11850001	12119000	2.3523	128	0.6036	0.7203	NONE	NONE	BAF_WEIGHTED	225	0.4148	11850001	11850001	1	2
chr3	12119001	13551000	3.2188	831	0.5758	0.6213	NONE	NONE	BAF_WEIGHTED	1345	0.4792	12119001	12119001	1	2
chr3	13551001	13874000	2.5115	203	0.5918	0.6887	NONE	NONE	BAF_WEIGHTED	302	0.5087	13551001	13551001	1	2
chr3	13874001	15170037	3.3667	670	0.5865	0.656	NONE	DEL	BAF_WEIGHTED	1195	0.4644	13874001	13874001	1	2
chr3	15170038	15170087	2.5698	0	0	0.5494	DEL	DEL	STRUCTURAL_VARIANT	0	0	15170038	15170038	1	1
chr3	15170088	15868000	3.8294	256	0.5833	0.641	DEL	NONE	BAF_WEIGHTED	657	0.4146	15170088	15170088	1	2
chr3	15868001	16245000	2.9841	341	0.5806	0.6522	NONE	NONE	BAF_WEIGHTED	358	0.4264	15868001	15868001	1	2
chr3	16245001	16523000	3.8868	170	0.5878	0.6479	NONE	NONE	BAF_WEIGHTED	276	0.4283	16245001	16245001	1	3
chr3	16523001	19076000	3.2041	1340	0.5786	0.6436	NONE	NONE	BAF_WEIGHTED	2310	0.3794	16523001	16523001	1	2
chr3	19076001	19870000	2.3236	366	0.6	0.7141	NONE	NONE	BAF_WEIGHTED	712	0.3678	19076001	19076001	1	2
chr3	19870001	20217000	3.4067	293	0.587	0.6547	NONE	NONE	BAF_WEIGHTED	340	0.3976	19870001	19870001	1	2
chr3	20217001	20952000	2.454	533	0.5862	0.6793	NONE	NONE	BAF_WEIGHTED	681	0.3701	20217001	20217001	1	2
chr3	20952001	22755000	2.024	1337	0.5897	0.7073	NONE	NONE	BAF_WEIGHTED	1667	0.3622	20952001	20952001	1	1
chr3	22755001	23796000	2.6446	643	0.5806	0.6614	NONE	NONE	BAF_WEIGHTED	969	0.3916	22755001	22755001	1	2
chr3	23796001	23965000	3.8148	7	0.5862	0.6461	NONE	NONE	BAF_WEIGHTED	159	0.4158	23796001	23796001	1	2
chr3	23965001	25388000	2.9564	1058	0.5922	0.6766	NONE	NONE	BAF_WEIGHTED	1352	0.384	23965001	23965001	1	2
chr3	25388001	25953000	3.4621	236	0.5806	0.6423	NONE	NONE	BAF_WEIGHTED	553	0.3906	25388001	25388001	1	2
chr3	25953001	27009000	2.1236	397	0.5797	0.6798	NONE	NONE	BAF_WEIGHTED	916	0.3786	25953001	25953001	1	1
chr3	27009001	27287000	2.6867	271	0.6	0.6987	NONE	NONE	BAF_WEIGHTED	266	0.3822	27009001	27009001	1	2
chr3	27287001	28363000	3.4457	483	0.5806	0.6426	NONE	NONE	BAF_WEIGHTED	1030	0.3866	27287001	27287001	1	2
chr3	28363001	29849000	2.2682	987	0.5909	0.6971	NONE	NONE	BAF_WEIGHTED	1415	0.3684	28363001	28363001	1	2
chr3	29849001	32942000	3.4027	1799	0.586	0.652	NONE	NONE	BAF_WEIGHTED	2971	0.402	29849001	29849001	1	2
chr3	32942001	33897000	3.5081	476	0.5769	0.5701	NONE	NONE	BAF_WEIGHTED	895	0.4003	32942001	32942001	2	2
chr3	33897001	35091000	2.3539	463	0.5857	0.6784	NONE	NONE	BAF_WEIGHTED	1108	0.3818	33897001	33897001	1	2
chr3	35091001	35714000	2.7968	126	0.6	0.6948	NONE	NONE	BAF_WEIGHTED	580	0.3558	35091001	35091001	1	2
chr3	35714001	36830000	2.223	523	0.5872	0.6916	NONE	NONE	BAF_WEIGHTED	1040	0.3828	35714001	35714001	1	2
chr3	36830001	37372500	3.6284	270	0.5998	0.6724	NONE	NONE	BAF_WEIGHTED	528	0.4074	36830001	36830001	1	2
chr3	37372501	37811000	2.7989	223	0.6	0.6947	NONE	NONE	BAF_WEIGHTED	413	0.4451	37372001	37373001	1	2
chr3	37811001	38525000	3.3147	245	0.5877	0.658	NONE	NONE	BAF_WEIGHTED	639	0.4476	37811001	37811001	1	2
chr3	38525001	38992000	2.5696	194	0.6	0.7032	NONE	NONE	BAF_WEIGHTED	447	0.4402	38525001	38525001	1	2
chr3	38992001	39433000	3.6805	261	0.5833	0.6433	NONE	NONE	BAF_WEIGHTED	408	0.4424	38992001	38992001	1	2
chr3	39433001	40176000	2.6089	160	0.5969	0.6954	NONE	NONE	BAF_WEIGHTED	654	0.3984	39433001	39433001	1	2
chr3	40176001	41192000	3.1542	317	0.5769	0.6336	NONE	NONE	BAF_WEIGHTED	902	0.4181	40176001	40176001	1	2
chr3	41192001	41243000	4.4925	0	0	0.5188	NONE	NONE	BAF_WEIGHTED	50	0.3844	41192001	41192001	2	2
chr3	41243001	43776000	3.25	1188	0.5914	0.6651	NONE	NONE	BAF_WEIGHTED	2343	0.4242	41243001	41243001	1	2
chr3	43776001	44947000	2.7354	660	0.5833	0.664	NONE	NONE	BAF_WEIGHTED	1104	0.4266	43776001	43776001	1	2
chr3	44947001	45103787	3.597	113	0.5758	0.556	NONE	DEL	BAF_WEIGHTED	152	0.4585	44947001	44947001	2	2
chr3	45103788	45104905	2.6559	0	0	0.838	DEL	DEL	STRUCTURAL_VARIANT	0	0	45103788	45103788	0	2
chr3	45104906	49046598	3.4069	1141	0.5862	0.6533	DEL	INV	BAF_WEIGHTED	3678	0.4569	45104906	45104906	1	2
chr3	49046599	49047365	1.6022	0	0	0.7373	INV	INV	STRUCTURAL_VARIANT	0	0	49046599	49046599	0	1
chr3	49047366	49047370	2.6655	0	0	0.5568	INV	DUP	STRUCTURAL_VARIANT	0	0	49047366	49047366	1	1
chr3	49047371	49047483	4.9994	0	0	0.7637	DUP	DEL	STRUCTURAL_VARIANT	0	0	49047371	49047371	1	4
chr3	49047484	49047496	1.3477	0	0	0.8765	DEL	DEL	STRUCTURAL_VARIANT	0	0	49047484	49047484	0	1
chr3	49047497	49047775	3.0072	0	0	0.6072	DEL	DEL	STRUCTURAL_VARIANT	0	0	49047497	49047497	1	2
chr3	49047776	49047787	1.4803	0	0	0.798	DEL	DUP	STRUCTURAL_VARIANT	0	0	49047776	49047776	0	1
chr3	49047788	49047858	2.4808	0	0	0.5239	DUP	DEL	STRUCTURAL_VARIANT	0	0	49047788	49047788	1	1
chr3	49047859	50220000	1.3995	277	0.619	0.8443	DEL	NONE	BAF_WEIGHTED	1042	0.4949	49047859	49047859	0	1
chr3	50220001	50367500	1.9965	3	0.5357	0.5009	NONE	NONE	BAF_WEIGHTED	116	0.565	50220001	50220001	1	1
chr3	50367501	50567500	1.2819	11	0.6061	0.8255	NONE	NONE	BAF_WEIGHTED	183	0.5608	50367001	50368001	0	1
chr3	50567501	50625000	2.2767	1	0.5769	0.5608	NONE	NONE	BAF_WEIGHTED	54	0.5423	50567001	50568001	1	1
chr3	50625001	51345000	0.9146	6	0.6429	1	NONE	NONE	BAF_WEIGHTED	635	0.4052	50625001	50625001	0	1
chr3	51345001	53353000	1.4783	781	0.6239	0.8347	NONE	NONE	BAF_WEIGHTED	1832	0.48	51345001	51345001	0	1
chr3	53353001	56543500	0.94	1939	0.6302	0.9867	NONE	NONE	BAF_WEIGHTED	3042	0.4191	53353001	53353001	0	1
chr3	56543501	56943000	1.7869	161	0.6071	0.766	NONE	NONE	BAF_WEIGHTED	382	0.4132	56542001	56545001	0	1
chr3	56943001	60258000	1.3061	1483	0.6122	0.8459	NONE	NONE	BAF_WEIGHTED	3144	0.4154	56943001	56943001	0	1
chr3	60258001	63821000	0.8258	1639	0.6201	1	NONE	NONE	BAF_WEIGHTED	3380	0.3944	60258001	60258001	0	1
chr3	63821001	64030000	1.9605	9	0.6522	0.858	NONE	NONE	BAF_WEIGHTED	204	0.4049	63821001	63821001	0	2
chr3	64030001	66214000	1.051	1510	0.6379	0.9871	NONE	NONE	BAF_WEIGHTED	2108	0.4056	64030001	64030001	0	1
chr3	66214001	66517000	1.8126	131	0.625	0.8078	NONE	NONE	BAF_WEIGHTED	294	0.4211	66214001	66214001	0	1
chr3	66517001	67090000	1.2228	314	0.625	0.8962	NONE	NONE	BAF_WEIGHTED	544	0.3997	66517001	66517001	0	1
chr3	67090001	67366000	0.7948	202	0.6	1	NONE	NONE	BAF_WEIGHTED	256	0.3884	67090001	67090001	0	1
chr3	67366001	67711000	1.5566	123	0.6471	0.8976	NONE	NONE	BAF_WEIGHTED	324	0.3908	67366001	67366001	0	1
chr3	67711001	68148000	1.0187	223	0.625	0.9503	NONE	NONE	BAF_WEIGHTED	419	0.3804	67711001	67711001	0	1
chr3	68148001	68870000	0.5867	29	0.6	1	NONE	NONE	BAF_WEIGHTED	678	0.3844	68148001	68148001	0	1
chr3	68870001	68985000	1.0816	22	0.6364	0.9707	NONE	NONE	BAF_WEIGHTED	113	0.4035	68870001	68870001	0	1
chr3	68985001	69463000	1.7714	352	0.6333	0.8328	NONE	NONE	BAF_WEIGHTED	465	0.4075	68985001	68985001	0	1
chr3	69463001	70949000	1.0955	954	0.631	0.954	NONE	NONE	BAF_WEIGHTED	1388	0.381	69463001	69463001	0	1
chr3	70949001	71581353	2.0509	181	0.6217	0.7785	NONE	INV	BAF_WEIGHTED	627	0.4093	70949001	70949001	0	2
chr3	71581354	71581506	4.3594	0	0	0.7102	INV	DUP	STRUCTURAL_VARIANT	0	0	71581354	71581354	1	3
chr3	71581507	71581654	2.2093	0	0	0.5719	DUP	DEL	STRUCTURAL_VARIANT	0	0	71581507	71581507	1	1
chr3	71581655	71581696	3.7362	0	0	0.6618	DEL	INV	STRUCTURAL_VARIANT	0	0	71581655	71581655	1	2
chr3	71581697	71582339	2.1009	0	0	0.6014	INV	INV	STRUCTURAL_VARIANT	0	0	71581697	71581697	1	1
chr3	71582340	71582341	2.0682	0	0	0.611	INV	INV	STRUCTURAL_VARIANT	0	0	71582340	71582340	1	1
chr3	71582342	71583309	3.4111	0	0	0.6296	INV	DEL	STRUCTURAL_VARIANT	0	0	71582342	71582342	1	2
chr3	71583310	71583321	1.6496	0	0	0.766	DEL	DEL	STRUCTURAL_VARIANT	0	0	71583310	71583310	0	1
chr3	71583322	71583433	3.4415	0	0	0.6328	DEL	DUP	STRUCTURAL_VARIANT	0	0	71583322	71583322	1	2
chr3	71583434	71583446	2.441	0	0	0.5176	DUP	DEL	STRUCTURAL_VARIANT	0	0	71583434	71583434	1	1
chr3	71583447	73106000	3.5223	706	0.5806	0.6413	DEL	NONE	BAF_WEIGHTED	1482	0.4349	71583447	71583447	1	2
chr3	73106001	73423000	2.3172	277	0.5769	0.5685	NONE	NONE	BAF_WEIGHTED	299	0.4208	73106001	73106001	1	1
chr3	73423001	73856000	3.0113	235	0.6087	0.7044	NONE	NONE	BAF_WEIGHTED	426	0.404	73423001	73423001	1	2
chr3	73856001	77251000	1.9818	1532	0.5858	0.7006	NONE	NONE	BAF_WEIGHTED	2572	0.3634	73856001	73856001	1	1
chr3	77251001	79810000	2.5327	989	0.5862	0.6764	NONE	NONE	BAF_WEIGHTED	2437	0.3549	77251001	77251001	1	2
chr3	79810001	80806000	2.9297	610	0.5767	0.5777	NONE	NONE	BAF_WEIGHTED	952	0.3462	79810001	79810001	1	2
chr3	80806001	81405000	2.2773	412	0.5872	0.6897	NONE	NONE	BAF_WEIGHTED	566	0.3562	80806001	80806001	1	2
chr3	81405001	82243000	2.9709	475	0.5794	0.6503	NONE	NONE	BAF_WEIGHTED	794	0.3598	81405001	81405001	1	2
chr3	82243001	82652000	2.3154	162	0.5769	0.5681	NONE	NONE	BAF_WEIGHTED	381	0.3531	82243001	82243001	1	1
chr3	82652001	83605741	3.0391	466	0.5758	0.5777	NONE	DEL	BAF_WEIGHTED	901	0.3391	82652001	82652001	1	2
chr3	83605742	83605892	0.746	0	0	1	DEL	DEL	STRUCTURAL_VARIANT	0	0	83605742	83605742	0	1
chr3	83605893	85622000	2.9659	1561	0.5667	0.5777	DEL	NONE	BAF_WEIGHTED	1920	0.3408	83605893	83605893	1	2
chr3	85622001	86923000	2.4311	332	0.5754	0.5914	NONE	NONE	BAF_WEIGHTED	1238	0.3482	85622001	85622001	1	1
chr3	86923001	88004000	3.2959	542	0.5677	0.5857	NONE	NONE	BAF_WEIGHTED	952	0.36	86923001	86923001	1	2
chr3	88004001	88166000	4.7654	47	0.5778	0.6211	NONE	NONE	BAF_WEIGHTED	152	0.3695	88004001	88004001	2	3
chr3	88166001	89478000	3.0676	711	0.5676	0.5777	NONE	NONE	BAF_WEIGHTED	1216	0.3501	88166001	88166001	1	2
chr3	89478001	92214015	3.9083	32	0.5528	0.5117	NONE	CENTROMERE	BAF_WEIGHTED	598	0.3542	89478001	89478001	2	2
chr3	92214016	99038000	3.1539	3169	0.5672	0.6211	CENTROMERE	NONE	BAF_WEIGHTED	4511	0.3562	92214016	92214016	1	2
chr3	99038001	99475000	2.4776	207	0.5637	0.6065	NONE	NONE	BAF_WEIGHTED	381	0.3677	99035001	99041001	1	2
chr3	99475001	99798000	3.2827	74	0.5809	0.6385	NONE	NONE	BAF_WEIGHTED	300	0.3804	99475001	99475001	1	2
chr3	99798001	101663000	4.1789	532	0.5578	0.5423	NONE	NONE	BAF_WEIGHTED	1754	0.387	99798001	99798001	2	2
chr3	101663001	101857000	5.0507	41	0.5439	0.594	NONE	NONE	BAF_WEIGHTED	166	0.4055	101663001	101663001	2	3
chr3	101857001	102083943	7.0258	223	0.5532	0.5693	NONE	DUP	BAF_WEIGHTED	200	0.388	101857001	101857001	3	4
chr3	102083944	102238786	7.5591	101	0.5641	0.5292	DUP	DUP	BAF_WEIGHTED	145	0.3799	102083944	102083944	4	4
chr3	102238787	102564000	3.936	4	0.6005	0.6698	DUP	NONE	BAF_WEIGHTED	316	0.3598	102238787	102238787	1	3
chr3	102564001	104499000	3.1511	986	0.5667	0.6347	NONE	NONE	BAF_WEIGHTED	1837	0.3487	102564001	102564001	1	2
chr3	104499001	105682000	3.868	1025	0.5637	0.536	NONE	NONE	BAF_WEIGHTED	1149	0.3556	104499001	104499001	2	2
chr3	105682001	105896000	5.0492	133	0.5588	0.5942	NONE	NONE	BAF_WEIGHTED	214	0.3551	105682001	105682001	2	3
chr3	105896001	108663000	4.2934	896	0.5621	0.5381	NONE	NONE	BAF_WEIGHTED	2628	0.3752	105896001	105896001	2	2
chr3	108663001	109126000	3.4684	0	0	0.5717	NONE	NONE	BAF_WEIGHTED	444	0.3789	108663001	108663001	1	2
chr3	109126001	110370000	2.7774	241	0.5688	0.6433	NONE	NONE	BAF_WEIGHTED	1144	0.3741	109126001	109126001	1	2
chr3	110370001	111503000	3.5646	714	0.5618	0.5602	NONE	NONE	BAF_WEIGHTED	1077	0.366	110370001	110370001	2	2
chr3	111503001	115171000	4.222	1696	0.5607	0.5382	NONE	NONE	BAF_WEIGHTED	3470	0.386	111503001	111503001	2	2
chr3	115171001	115949000	3.3683	301	0.5714	0.5938	NONE	NONE	BAF_WEIGHTED	742	0.3819	115171001	115171001	1	2
chr3	115949001	116744000	2.5841	454	0.5652	0.613	NONE	NONE	BAF_WEIGHTED	747	0.3699	115949001	115949001	1	2
chr3	116744001	116856000	3.4409	88	0.5578	0.5812	NONE	NONE	BAF_WEIGHTED	106	0.359	116744001	116744001	1	2
chr3	116856001	117094000	4.4166	138	0.5714	0.5472	NONE	NONE	BAF_WEIGHTED	228	0.3708	116856001	116856001	2	2
chr3	117094001	118011000	3.3647	476	0.5667	0.5761	NONE	NONE	BAF_WEIGHTED	897	0.3684	117094001	117094001	1	2
chr3	118011001	118811000	2.6106	74	0.5818	0.654	NONE	NONE	BAF_WEIGHTED	770	0.3708	118011001	118011001	1	2
chr3	118811001	119216000	3.4748	218	0.5714	0.5756	NONE	NONE	BAF_WEIGHTED	353	0.3905	118811001	118811001	1	2
chr3	119216001	119738545	4.1289	303	0.5625	0.5156	NONE	DEL	BAF_WEIGHTED	507	0.4185	119216001	119216001	2	2
chr3	119738546	119740517	2.0468	0	0	1	DEL	DEL	BAF_WEIGHTED	1	0.38	119738546	119738546	0	2
chr3	119740518	120801000	4.1809	201	0.5577	0.5216	DEL	NONE	BAF_WEIGHTED	991	0.401	119740518	119740518	2	2
chr3	120801001	121393000	2.9564	136	0.5773	0.6131	NONE	NONE	BAF_WEIGHTED	494	0.3616	120801001	120801001	1	2
chr3	121393001	122355000	3.8445	539	0.5671	0.5158	NONE	NONE	BAF_WEIGHTED	887	0.3953	121393001	121393001	2	2
chr3	122355001	122813000	4.6807	310	0.5556	0.5727	NONE	NONE	BAF_WEIGHTED	427	0.3996	122355001	122355001	2	3
chr3	122813001	125255038	3.938	1210	0.5628	0.5337	NONE	DEL	BAF_WEIGHTED	2308	0.4411	122813001	122813001	2	2
chr3	125255039	125256950	3.2311	0	0	0.5683	DEL	DEL	STRUCTURAL_VARIANT	0	0	125255039	125255039	1	2
chr3	125256951	125385000	4.6674	10	0.5654	0.5715	DEL	NONE	BAF_WEIGHTED	126	0.3735	125256951	125256951	2	3
chr3	125385001	127560000	3.4649	1543	0.5601	0.5692	NONE	NONE	BAF_WEIGHTED	1708	0.4701	125385001	125385001	1	2
chr3	127560001	130214000	4.2171	1057	0.5596	0.5235	NONE	NONE	BAF_WEIGHTED	2205	0.472	127560001	127560001	2	2
chr3	130214001	130673000	3.2303	84	0.5752	0.6191	NONE	NONE	BAF_WEIGHTED	425	0.3881	130214001	130214001	1	2
chr3	130673001	131756000	3.931	242	0.5641	0.531	NONE	NONE	BAF_WEIGHTED	1010	0.3855	130673001	130673001	2	2
chr3	131756001	132274000	3.1313	503	0.5683	0.6042	NONE	NONE	BAF_WEIGHTED	431	0.3882	131756001	131756001	1	2
chr3	132274001	132755000	4.2209	67	0.5625	0.5262	NONE	NONE	BAF_WEIGHTED	435	0.3789	132270001	132276001	2	2
chr3	132755001	133020991	3.1877	184	0.5695	0.6274	NONE	DEL	BAF_WEIGHTED	228	0.3909	132755001	132755001	1	2
chr3	133020992	133021993	1.3163	0	0	0.9023	DEL	DEL	STRUCTURAL_VARIANT	0	0	133020992	133020992	0	1
chr3	133021994	133421000	3.1789	137	0.5676	0.6292	DEL	NONE	BAF_WEIGHTED	369	0.4066	133021994	133021994	1	2
chr3	133421001	133666000	4.3455	112	0.5714	0.5398	NONE	NONE	BAF_WEIGHTED	221	0.4221	133421001	133421001	2	2
chr3	133666001	134162000	3.5072	386	0.5605	0.5703	NONE	NONE	BAF_WEIGHTED	450	0.4511	133666001	133666001	2	2
chr3	134162001	134551000	4.1416	138	0.5679	0.5171	NONE	NONE	BAF_WEIGHTED	382	0.424	134162001	134162001	2	2
chr3	134551001	135893000	2.9262	532	0.5652	0.6107	NONE	NONE	BAF_WEIGHTED	1246	0.4297	134551001	134551001	1	2
chr3	135893001	137025000	4.1915	534	0.5556	0.5216	NONE	NONE	BAF_WEIGHTED	1039	0.402	135893001	135893001	2	2
chr3	137025001	137177000	3.3535	99	0.5641	0.5964	NONE	NONE	BAF_WEIGHTED	138	0.4133	137025001	137025001	1	2
chr3	137177001	137932000	2.4755	247	0.56	0.596	NONE	NONE	BAF_WEIGHTED	656	0.393	137177001	137177001	1	1
chr3	137932001	141049638	3.6424	1403	0.5635	0.5565	NONE	DEL	BAF_WEIGHTED	2865	0.4216	137932001	137932001	2	2
chr3	141049639	141055694	1.8489	0	0	0.8737	DEL	DEL	BAF_WEIGHTED	4	0.5342	141049639	141049639	0	2
chr3	141055695	141223000	3.4542	114	0.5588	0.579	DEL	NONE	BAF_WEIGHTED	148	0.456	141055695	141055695	1	2
chr3	141223001	141562000	4.9046	110	0.5544	0.6117	NONE	NONE	BAF_WEIGHTED	328	0.4198	141223001	141223001	2	3
chr3	141562001	149221000	3.5454	3284	0.5642	0.592	NONE	NONE	BAF_WEIGHTED	7212	0.3697	141562001	141562001	1	2
chr3	149221001	149420000	5.0535	82	0.5603	0.5937	NONE	NONE	BAF_WEIGHTED	194	0.3905	149221001	149221001	2	3
chr3	149420001	149979000	4.2541	47	0.5357	0.5299	NONE	NONE	BAF_WEIGHTED	532	0.3937	149420001	149420001	2	2
chr3	149979001	150216000	3.5837	113	0.55	0.5581	NONE	NONE	BAF_WEIGHTED	229	0.3978	149979001	149979001	2	2
chr3	150216001	150521053	4.6868	78	0.5626	0.5733	NONE	DEL	BAF_WEIGHTED	296	0.3864	150216001	150216001	2	3
chr3	150521054	150521114	2.4188	0	0	0.7652	DEL	DEL	STRUCTURAL_VARIANT	0	0	150521054	150521054	1	2
chr3	150521115	152173000	3.9055	1060	0.5672	0.5261	DEL	NONE	BAF_WEIGHTED	1561	0.3861	150521115	150521115	2	2
chr3	152173001	152477000	4.9155	124	0.5529	0.6103	NONE	NONE	BAF_WEIGHTED	297	0.3584	152173001	152173001	2	3
chr3	152477001	154073000	3.3018	1131	0.565	0.5827	NONE	NONE	BAF_WEIGHTED	1487	0.3744	152477001	152477001	1	2
chr3	154073001	154338000	4.1168	106	0.5625	0.5142	NONE	NONE	BAF_WEIGHTED	251	0.3822	154073001	154073001	2	2
chr3	154338001	155650000	2.9105	740	0.5724	0.6309	NONE	NONE	BAF_WEIGHTED	1213	0.3752	154338001	154338001	1	2
chr3	155650001	156467000	3.7156	63	0.5667	0.5383	NONE	NONE	BAF_WEIGHTED	783	0.4034	155650001	155650001	2	2
chr3	156467001	157198000	4.4035	515	0.5535	0.5674	NONE	NONE	BAF_WEIGHTED	691	0.3907	156467001	156467001	2	2
chr3	157198001	158093000	3.3277	389	0.5667	0.601	NONE	NONE	BAF_WEIGHTED	827	0.3835	157198001	157198001	1	2
chr3	158093001	159270000	3.9002	865	0.5594	0.5117	NONE	NONE	BAF_WEIGHTED	1091	0.3804	158093001	158093001	2	2
chr3	159270001	159759000	3.1226	297	0.5652	0.6405	NONE	NONE	BAF_WEIGHTED	438	0.3832	159270001	159270001	1	2
chr3	159759001	161217000	3.83	519	0.5641	0.5222	NONE	NONE	BAF_WEIGHTED	1388	0.3954	159759001	159759001	2	2
chr3	161217001	161463000	4.6193	6	0.6285	0.7023	NONE	NONE	BAF_WEIGHTED	240	0.3804	161217001	161217001	1	3
chr3	161463001	165309192	2.9672	3013	0.5698	0.5889	NONE	DEL	BAF_WEIGHTED	3493	0.3462	161463001	161463001	1	2
chr3	165309193	165309269	1.0182	0	0	1	DEL	DEL	STRUCTURAL_VARIANT	0	0	165309193	165309193	0	1
chr3	165309270	167677000	3.1861	679	0.5668	0.6271	DEL	NONE	BAF_WEIGHTED	2199	0.3497	165309270	165309270	1	2
chr3	167677001	167755000	4.8096	0	0	0.5846	NONE	NONE	BAF_WEIGHTED	77	0.3538	167677001	167677001	2	3
chr3	167755001	168841000	3.4198	500	0.5628	0.5775	NONE	NONE	BAF_WEIGHTED	1040	0.3645	167755001	167755001	1	2
chr3	168841001	169943000	4.0062	365	0.5628	0.5152	NONE	NONE	BAF_WEIGHTED	1061	0.379	168841001	168841001	2	2
chr3	169943001	170415000	4.6868	89	0.5517	0.5733	NONE	NONE	BAF_WEIGHTED	461	0.4036	169943001	169943001	2	3
chr3	170415001	171169000	3.8196	225	0.5623	0.521	NONE	NONE	BAF_WEIGHTED	392	0.3963	170415001	170415001	2	2
chr3	171169001	171507000	4.9185	229	0.56	0.6099	NONE	NONE	BAF_WEIGHTED	322	0.3955	171169001	171169001	2	3
chr3	171507001	172303223	4.0787	356	0.5619	0.5168	NONE	BND	BAF_WEIGHTED	768	0.3951	171507001	171507001	2	2
chr3	172303224	172403164	2.3578	19	0.6818	0.8862	BND	BND	BAF_WEIGHTED	96	0.4014	172303224	172303224	0	2
chr3	172403165	172459000	4.6596	37	0.575	0.5708	BND	NONE	BAF_WEIGHTED	52	0.4013	172403165	172403165	2	3
chr3	172459001	172817000	6.1752	201	0.5787	0.6105	NONE	NONE	BAF_WEIGHTED	338	0.3996	172459001	172459001	2	4
chr3	172817001	177039000	4.3823	2113	0.5821	0.6213	NONE	NONE	BAF_WEIGHTED	4019	0.3582	172817001	172817001	2	3
chr3	177039001	177213000	6.3157	145	0.5738	0.525	NONE	NONE	BAF_WEIGHTED	172	0.3924	177039001	177039001	3	3
chr3	177213001	178444000	5.0173	436	0.5734	0.5916	NONE	NONE	BAF_WEIGHTED	1167	0.3861	177213001	177213001	2	3
chr3	178444001	179003000	3.8141	335	0.5832	0.6413	NONE	NONE	BAF_WEIGHTED	521	0.3834	178444001	178444001	1	2
chr3	179003001	179673000	5.1288	264	0.5714	0.5849	NONE	NONE	BAF_WEIGHTED	596	0.3956	179003001	179003001	2	3
chr3	179673001	180901000	4.2755	318	0.5831	0.6331	NONE	NONE	BAF_WEIGHTED	1156	0.3793	179673001	179673001	2	3
chr3	180901001	180996000	5.3487	1	0.5152	0.5609	NONE	NONE	BAF_WEIGHTED	95	0.3808	180901001	180901001	2	3
chr3	180996001	181675000	3.5752	49	0.5714	0.5594	NONE	NONE	BAF_WEIGHTED	636	0.3717	180996001	180996001	2	2
chr3	181675001	187721000	4.4925	3008	0.5768	0.5795	NONE	NONE	BAF_WEIGHTED	5773	0.425	181675001	181675001	2	3
chr3	187721001	189972000	5.4617	918	0.5839	0.624	NONE	NONE	BAF_WEIGHTED	2169	0.3927	187721001	187721001	2	3
chr3	189972001	193532000	4.2453	2450	0.5798	0.6132	NONE	NONE	BAF_WEIGHTED	3231	0.3726	189972001	189972001	2	3
chr3	193532001	198295559	5.2688	2928	0.5809	0.6132	NONE	TELOMERE	BAF_WEIGHTED	3907	0.4462	193532001	193532001	2	3
chr4	1	200337	3.4563	0	0	0.5806	TELOMERE	DEL	BAF_WEIGHTED	114	0.3995	1	1	1	2
chr4	200338	202581	1.6081	0	0	1	DEL	DEL	BAF_WEIGHTED	1	0.393	200338	200338	0	2
chr4	202582	667500	3.317	297	0.5577	0.605	DEL	NONE	BAF_WEIGHTED	380	0.4407	202582	202582	1	2
chr4	667501	1377500	4.0611	301	0.5625	0.5075	NONE	NONE	BAF_WEIGHTED	437	0.5495	665001	670001	2	2
chr4	1377501	1707000	3.3495	168	0.5556	0.5971	NONE	NONE	BAF_WEIGHTED	181	0.5597	1374001	1381001	1	2
chr4	1707001	2021000	4.0666	32	0.5599	0.5082	NONE	NONE	BAF_WEIGHTED	211	0.539	1707001	1707001	2	2
chr4	2021001	2204000	3.3017	5	0.5833	0.6502	NONE	NONE	BAF_WEIGHTED	149	0.4786	2005001	2022001	1	2
chr4	2204001	3473000	4.3116	510	0.5556	0.5357	NONE	NONE	BAF_WEIGHTED	1068	0.4931	2204001	2204001	2	2
chr4	3473001	4432000	3.502	822	0.5625	0.5711	NONE	NONE	BAF_WEIGHTED	420	0.53	3472001	3474001	2	2
chr4	4432001	4581000	4.3346	49	0.5667	0.5386	NONE	NONE	BAF_WEIGHTED	146	0.415	4432001	4432001	2	2
chr4	4581001	5156000	3.2503	347	0.5625	0.6153	NONE	NONE	BAF_WEIGHTED	557	0.4537	4581001	4581001	1	2
chr4	5156001	6087000	2.6815	550	0.5676	0.6271	NONE	NONE	BAF_WEIGHTED	847	0.4621	5156001	5156001	1	2
chr4	6087001	6651000	3.6338	356	0.5579	0.5653	NONE	NONE	BAF_WEIGHTED	521	0.5116	6087001	6087001	2	2
chr4	6651001	7103500	4.7995	249	0.5465	0.5982	NONE	NONE	BAF_WEIGHTED	409	0.4812	6650001	6651001	2	3
chr4	7103501	7759000	2.9847	527	0.5652	0.5777	NONE	NONE	BAF_WEIGHTED	586	0.5337	7103001	7104001	1	2
chr4	7759001	8610000	4.0424	794	0.5575	0.5345	NONE	NONE	BAF_WEIGHTED	731	0.516	7759001	7759001	2	2
chr4	8610001	9949000	2.9113	817	0.5602	0.6284	NONE	NONE	BAF_WEIGHTED	407	0.4999	8610001	8610001	1	2
chr4	9949001	11003000	3.6616	725	0.5612	0.538	NONE	NONE	BAF_WEIGHTED	987	0.4274	9949001	9949001	2	2
chr4	11003001	11421000	2.8476	205	0.5667	0.6488	NONE	NONE	BAF_WEIGHTED	366	0.3976	11003001	11003001	1	2
chr4	11421001	11770000	3.4567	434	0.5633	0.5613	NONE	NONE	BAF_WEIGHTED	324	0.3848	11421001	11421001	2	2
chr4	11770001	12843000	2.4399	622	0.572	0.5932	NONE	NONE	BAF_WEIGHTED	846	0.3683	11770001	11770001	1	1
chr4	12843001	13374000	3.2188	331	0.5667	0.6213	NONE	NONE	BAF_WEIGHTED	513	0.3952	12843001	12843001	1	2
chr4	13374001	13670000	3.9979	11	0.5667	0.5003	NONE	NONE	BAF_WEIGHTED	274	0.3927	13374001	13374001	2	2
chr4	13670001	14650000	3.1275	814	0.5652	0.6395	NONE	NONE	BAF_WEIGHTED	922	0.3885	13670001	13670001	1	2
chr4	14650001	15596000	3.9468	439	0.556	0.5171	NONE	NONE	BAF_WEIGHTED	893	0.3965	14650001	14650001	2	2
chr4	15596001	15697000	4.8837	85	0.5714	0.6143	NONE	NONE	BAF_WEIGHTED	96	0.3744	15596001	15596001	2	3
chr4	15697001	16019000	3.5928	230	0.5588	0.5567	NONE	NONE	BAF_WEIGHTED	303	0.4231	15697001	15697001	2	2
chr4	16019001	16269000	4.3131	126	0.5617	0.5363	NONE	NONE	BAF_WEIGHTED	242	0.4133	16019001	16019001	2	2
chr4	16269001	16609000	3.5232	101	0.5667	0.5677	NONE	NONE	BAF_WEIGHTED	311	0.401	16269001	16269001	2	2
chr4	16609001	17469500	2.8428	665	0.5714	0.6482	NONE	NONE	BAF_WEIGHTED	830	0.4038	16609001	16609001	1	2
chr4	17469501	18081000	3.7925	449	0.5641	0.5422	NONE	NONE	BAF_WEIGHTED	589	0.405	17469001	17470001	2	2
chr4	18081001	18503000	2.7112	130	0.5714	0.6312	NONE	NONE	BAF_WEIGHTED	387	0.3814	18081001	18081001	1	2
chr4	18503001	20795000	3.4117	1201	0.563	0.5885	NONE	NONE	BAF_WEIGHTED	2181	0.3653	18503001	18503001	1	2
chr4	20795001	22383000	2.4262	1058	0.5667	0.5878	NONE	NONE	BAF_WEIGHTED	1491	0.3776	20795001	20795001	1	1
chr4	22383001	22511000	3.3861	37	0.5641	0.5906	NONE	NONE	BAF_WEIGHTED	124	0.3874	22383001	22383001	1	2
chr4	22511001	22874000	2.6207	87	0.5714	0.6184	NONE	NONE	BAF_WEIGHTED	320	0.3859	22511001	22511001	1	2
chr4	22874001	23387000	3.7156	162	0.5594	0.5383	NONE	NONE	BAF_WEIGHTED	501	0.3697	22874001	22874001	2	2
chr4	23387001	24001968	2.9459	425	0.5655	0.5777	NONE	BND	BAF_WEIGHTED	586	0.376	23387001	23387001	1	2
chr4	24001969	24002267	7.5436	0	0	0.8351	BND	INV	STRUCTURAL_VARIANT	0	0	24001969	24001969	1	6
chr4	24002268	24002289	3.7009	0	0	0.6639	INV	BND	STRUCTURAL_VARIANT	0	0	24002268	24002268	1	2
chr4	24002290	24004047	5.5769	2	0.705	0.8025	BND	INV	BAF_WEIGHTED	1	0.391	24002290	24002290	1	4
chr4	24004048	24459000	3.0639	212	0.5556	0.5777	INV	NONE	BAF_WEIGHTED	442	0.4076	24004048	24004048	1	2
chr4	24459001	24607000	4.7857	39	0.5714	0.5821	NONE	NONE	BAF_WEIGHTED	138	0.4088	24459001	24459001	2	3
chr4	24607001	25446000	4.0151	614	0.5581	0.5019	NONE	NONE	BAF_WEIGHTED	811	0.4207	24607001	24607001	2	2
chr4	25446001	25758000	3.1275	222	0.56	0.6395	NONE	NONE	BAF_WEIGHTED	309	0.4487	25446001	25446001	1	2
chr4	25758001	26844000	3.8964	384	0.56	0.5135	NONE	NONE	BAF_WEIGHTED	885	0.4203	25758001	25758001	2	2
chr4	26844001	27017000	4.8638	92	0.5599	0.6168	NONE	NONE	BAF_WEIGHTED	162	0.3673	26844001	26844001	2	3
chr4	27017001	36055000	3.3437	4570	0.5678	0.5828	NONE	NONE	BAF_WEIGHTED	8666	0.3509	27017001	27017001	1	2
chr4	36055001	36409000	4.1038	154	0.5625	0.5126	NONE	NONE	BAF_WEIGHTED	344	0.3621	36055001	36055001	2	2
chr4	36409001	37386000	3.0828	822	0.5653	0.6172	NONE	NONE	BAF_WEIGHTED	913	0.3707	36409001	36409001	1	2
chr4	37386001	41699000	4.2642	2807	0.5614	0.5314	NONE	NONE	BAF_WEIGHTED	4018	0.4168	37386001	37386001	2	2
chr4	41699001	41912000	3.0761	137	0.5566	0.5777	NONE	NONE	BAF_WEIGHTED	204	0.4129	41699001	41699001	1	2
chr4	41912001	42077000	4.216	61	0.5745	0.5256	NONE	NONE	BAF_WEIGHTED	161	0.3805	41912001	41912001	2	2
chr4	42077001	42396000	3.0373	110	0.5745	0.5777	NONE	NONE	BAF_WEIGHTED	305	0.4221	42077001	42077001	1	2
chr4	42396001	42761000	3.7658	360	0.5652	0.5311	NONE	NONE	BAF_WEIGHTED	353	0.3812	42396001	42396001	2	2
chr4	42761001	47422000	2.5548	1342	0.571	0.6151	NONE	NONE	BAF_WEIGHTED	4300	0.3573	42761001	42761001	1	2
chr4	47422001	47575000	3.8487	59	0.5556	0.5197	NONE	NONE	BAF_WEIGHTED	153	0.3737	47422001	47422001	2	2
chr4	47575001	47836000	3.1505	23	0.5686	0.6348	NONE	NONE	BAF_WEIGHTED	256	0.3826	47575001	47575001	1	2
chr4	47836001	50726025	4.2479	776	0.5614	0.5196	NONE	CENTROMERE	BAF_WEIGHTED	1050	0.3872	47836001	47836001	2	2
chr4	50726026	52549000	3.5183	306	0.5641	0.5684	CENTROMERE	NONE	BAF_WEIGHTED	626	0.3993	50726026	50726026	2	2
chr4	52549001	53699000	4.1482	529	0.5556	0.5179	NONE	NONE	BAF_WEIGHTED	1021	0.4032	52549001	52549001	2	2
chr4	53699001	55309000	3.5505	551	0.5675	0.5639	NONE	NONE	BAF_WEIGHTED	1471	0.4087	53699001	53699001	2	2
chr4	55309001	55551000	4.7909	3	0.5556	0.5825	NONE	NONE	BAF_WEIGHTED	239	0.396	55309001	55309001	2	3
chr4	55551001	57012000	4.0572	577	0.5614	0.5358	NONE	NONE	BAF_WEIGHTED	1370	0.4078	55551001	55551001	2	2
chr4	57012001	57176000	2.985	155	0.5789	0.649	NONE	NONE	BAF_WEIGHTED	160	0.4204	57012001	57012001	1	2
chr4	57176001	58158000	2.0722	881	0.5957	0.7205	NONE	NONE	BAF_WEIGHTED	875	0.377	57176001	57176001	1	1
chr4	58158001	67422000	2.3555	6085	0.587	0.6851	NONE	NONE	BAF_WEIGHTED	8557	0.3471	58158001	58158001	1	2
chr4	67422001	69222603	3.0778	1285	0.5829	0.6409	NONE	DEL	BAF_WEIGHTED	1462	0.3646	67422001	67422001	1	2
chr4	69222604	69262671	0.8923	0	0	1	DEL	DEL	BAF_WEIGHTED	3	0.3807	69222604	69222604	0	1
chr4	69262672	69889000	2.8398	213	0.5862	0.6618	DEL	NONE	BAF_WEIGHTED	447	0.3578	69262672	69262672	1	2
chr4	69889001	70669000	2.5551	585	0.5934	0.6905	NONE	NONE	BAF_WEIGHTED	698	0.3559	69889001	69889001	1	2
chr4	70669001	71076000	3.4137	60	0.5847	0.6506	NONE	NONE	BAF_WEIGHTED	379	0.4037	70669001	70669001	1	2
chr4	71076001	73065000	2.6372	646	0.5838	0.6706	NONE	NONE	BAF_WEIGHTED	1802	0.3705	71076001	71076001	1	2
chr4	73065001	73283000	4.0263	29	0.5862	0.643	NONE	NONE	BAF_WEIGHTED	214	0.3678	73065001	73065001	1	3
chr4	73283001	76935000	3.2776	2233	0.5826	0.6301	NONE	NONE	BAF_WEIGHTED	3407	0.3888	73283001	73283001	1	2
chr4	76935001	77953000	3.88	302	0.5768	0.5812	NONE	NONE	BAF_WEIGHTED	636	0.3967	76935001	76935001	2	2
chr4	77953001	78757000	3.0464	806	0.5882	0.6661	NONE	NONE	BAF_WEIGHTED	724	0.3948	77953001	77953001	1	2
chr4	78757001	78956000	3.6563	1	0.5185	0.547	NONE	NONE	BAF_WEIGHTED	192	0.3626	78757001	78757001	2	2
chr4	78956001	80616000	2.8885	712	0.5859	0.6634	NONE	NONE	BAF_WEIGHTED	1557	0.3617	78956001	78956001	1	2
chr4	80616001	81381000	2.3438	396	0.582	0.6331	NONE	NONE	BAF_WEIGHTED	708	0.364	80616001	80616001	1	1
chr4	81381001	81710000	3.1166	246	0.5667	0.6417	NONE	NONE	BAF_WEIGHTED	309	0.3903	81381001	81381001	1	2
chr4	81710001	82278000	2.4815	583	0.5833	0.6723	NONE	NONE	BAF_WEIGHTED	514	0.3908	81710001	81710001	1	2
chr4	82278001	82646309	3.712	134	0.5872	0.6495	NONE	BND	BAF_WEIGHTED	341	0.4216	82276001	82280001	1	2
chr4	82646310	82646319	2.446	0	0	0.5632	BND	BND	STRUCTURAL_VARIANT	0	0	82646310	82646310	1	1
chr4	82646320	86829000	3.1316	2011	0.5883	0.6588	BND	NONE	BAF_WEIGHTED	3921	0.3821	82646320	82646320	1	2
chr4	86829001	87152000	4.029	72	0.5758	0.5036	NONE	NONE	BAF_WEIGHTED	304	0.4158	86829001	86829001	2	2
chr4	87152001	88204000	3.2576	595	0.5909	0.6649	NONE	NONE	BAF_WEIGHTED	979	0.3927	87152001	87152001	1	2
chr4	88204001	88355000	3.8953	84	0.5843	0.6418	NONE	NONE	BAF_WEIGHTED	145	0.4143	88204001	88204001	1	2
chr4	88355001	90561309	3.211	1146	0.581	0.6478	NONE	DEL	BAF_WEIGHTED	2030	0.3714	88355001	88355001	1	2
chr4	90561310	90561363	0.6685	0	0	1	DEL	DEL	STRUCTURAL_VARIANT	0	0	90561310	90561310	0	1
chr4	90561364	94179000	2.5748	1150	0.5861	0.6668	DEL	NONE	BAF_WEIGHTED	3309	0.3489	90561364	90561364	1	2
chr4	94179001	94814000	3.473	228	0.5769	0.5759	NONE	NONE	BAF_WEIGHTED	604	0.3736	94179001	94179001	1	2
chr4	94814001	98131000	2.7269	2417	0.5906	0.6787	NONE	NONE	BAF_WEIGHTED	3082	0.3578	94814001	94814001	1	2
chr4	98131001	99111000	3.5133	249	0.5841	0.6259	NONE	NONE	BAF_WEIGHTED	915	0.3925	98131001	98131001	1	2
chr4	99111001	99808000	2.6388	278	0.5819	0.6643	NONE	NONE	BAF_WEIGHTED	626	0.3826	99111001	99111001	1	2
chr4	99808001	102330000	3.1008	1324	0.5903	0.6674	NONE	NONE	BAF_WEIGHTED	2388	0.3672	99808001	99808001	1	2
chr4	102330001	103212000	3.8003	281	0.5882	0.6497	NONE	NONE	BAF_WEIGHTED	745	0.3807	102330001	102330001	1	2
chr4	103212001	104863500	2.7199	701	0.5944	0.6708	NONE	NONE	BAF_WEIGHTED	1465	0.3548	103212001	103212001	1	2
chr4	104863501	106371000	3.5492	569	0.5926	0.6618	NONE	NONE	BAF_WEIGHTED	1403	0.3655	104863001	104864001	1	2
chr4	106371001	107619000	2.6297	661	0.5829	0.6657	NONE	NONE	BAF_WEIGHTED	1142	0.3636	106371001	106371001	1	2
chr4	107619001	108716000	3.43	225	0.5769	0.5831	NONE	NONE	BAF_WEIGHTED	1045	0.3977	107619001	107619001	1	2
chr4	108716001	109396000	2.8512	328	0.5876	0.6691	NONE	NONE	BAF_WEIGHTED	650	0.3798	108716001	108716001	1	2
chr4	109396001	110208000	3.4161	312	0.5806	0.6432	NONE	NONE	BAF_WEIGHTED	751	0.395	109396001	109396001	1	2
chr4	110208001	112058000	2.7205	1206	0.5861	0.6699	NONE	NONE	BAF_WEIGHTED	1685	0.3667	110208001	110208001	1	2
chr4	112058001	112344000	4.0908	213	0.5833	0.6373	NONE	NONE	BAF_WEIGHTED	259	0.3836	112058001	112058001	1	3
chr4	112344001	113512000	2.8195	651	0.5833	0.6616	NONE	NONE	BAF_WEIGHTED	1111	0.384	112344001	112344001	1	2
chr4	113512001	113786000	3.8245	19	0.5938	0.6588	NONE	NONE	BAF_WEIGHTED	272	0.3618	113512001	113512001	1	3
chr4	113786001	117817000	2.5926	1843	0.5893	0.6805	NONE	NONE	BAF_WEIGHTED	3814	0.3464	113786001	113786001	1	2
chr4	117817001	118204000	2.1142	228	0.6	0.7254	NONE	NONE	BAF_WEIGHTED	358	0.3649	117817001	117817001	1	2
chr4	118204001	118674000	2.7674	345	0.6	0.6958	NONE	NONE	BAF_WEIGHTED	213	0.3754	118204001	118204001	1	2
chr4	118674001	120102000	3.4227	1190	0.581	0.6424	NONE	NONE	BAF_WEIGHTED	1211	0.3707	118674001	118674001	1	2
chr4	120102001	121075000	2.6125	266	0.5806	0.6624	NONE	NONE	BAF_WEIGHTED	905	0.3663	120102001	120102001	1	2
chr4	121075001	121276000	3.541	75	0.5814	0.6423	NONE	NONE	BAF_WEIGHTED	196	0.3741	121075001	121075001	1	2
chr4	121276001	121639000	2.673	431	0.5909	0.6811	NONE	NONE	BAF_WEIGHTED	332	0.3775	121276001	121276001	1	2
chr4	121639001	124279184	3.182	1197	0.5878	0.6611	NONE	DEL	BAF_WEIGHTED	2477	0.3758	121639001	121639001	1	2
chr4	124279185	124279226	1.8197	0	0	0.5926	DEL	DEL	STRUCTURAL_VARIANT	0	0	124279185	124279185	1	1
chr4	124279227	125317000	3.0246	394	0.5843	0.6583	DEL	NONE	BAF_WEIGHTED	993	0.3567	124279227	124279227	1	2
chr4	125317001	127619000	2.4993	1434	0.5838	0.6727	NONE	NONE	BAF_WEIGHTED	2157	0.3546	125317001	125317001	1	2
chr4	127619001	129131000	3.2527	269	0.5798	0.6223	NONE	NONE	BAF_WEIGHTED	1408	0.3913	127619001	127619001	1	2
chr4	129131001	137471237	2.5581	4023	0.5877	0.6785	NONE	DEL	BAF_WEIGHTED	7229	0.345	129131001	129131001	1	2
chr4	137471238	137471281	1.459	0	0	1	DEL	DEL	STRUCTURAL_VARIANT	0	0	137471238	137471238	0	1
chr4	137471282	138870000	2.8002	863	0.581	0.6581	DEL	NONE	BAF_WEIGHTED	1321	0.3698	137471282	137471282	1	2
chr4	138870001	143566000	3.4208	1813	0.586	0.6545	NONE	NONE	BAF_WEIGHTED	4412	0.3883	138870001	138870001	1	2
chr4	143566001	144985000	2.6565	383	0.5714	0.6251	NONE	NONE	BAF_WEIGHTED	960	0.3724	143566001	143566001	1	2
chr4	144985001	145206000	3.9129	26	0.5701	0.5111	NONE	NONE	BAF_WEIGHTED	201	0.3778	144985001	144985001	2	2
chr4	145206001	145482500	2.8496	117	0.5808	0.6568	NONE	NONE	BAF_WEIGHTED	241	0.3917	145206001	145206001	1	2
chr4	145482501	146560000	3.4272	411	0.5788	0.6395	NONE	NONE	BAF_WEIGHTED	1000	0.3926	145482001	145483001	1	2
chr4	146560001	146869000	2.454	72	0.5714	0.5925	NONE	NONE	BAF_WEIGHTED	277	0.3762	146560001	146560001	1	1
chr4	146869001	150200000	3.1145	1180	0.5791	0.6293	NONE	NONE	BAF_WEIGHTED	3137	0.3795	146869001	146869001	1	2
chr4	150200001	151025000	3.6666	252	0.575	0.5455	NONE	NONE	BAF_WEIGHTED	782	0.3655	150200001	150200001	2	2
chr4	151025001	152302000	3.1123	895	0.5789	0.6463	NONE	NONE	BAF_WEIGHTED	1228	0.4155	151025001	151025001	1	2
chr4	152302001	153458000	3.7313	423	0.5763	0.5627	NONE	NONE	BAF_WEIGHTED	1121	0.4043	152302001	152302001	2	2
chr4	153458001	153806000	4.6184	212	0.5556	0.567	NONE	NONE	BAF_WEIGHTED	331	0.4147	153458001	153458001	2	3
chr4	153806001	154494000	3.349	221	0.5674	0.5971	NONE	NONE	BAF_WEIGHTED	651	0.3905	153806001	153806001	1	2
chr4	154494001	154627000	4.21	0	0	0.5249	NONE	NONE	BAF_WEIGHTED	133	0.3789	154494001	154494001	2	2
chr4	154627001	155347000	3.139	571	0.575	0.6372	NONE	NONE	BAF_WEIGHTED	671	0.3727	154627001	154627001	1	2
chr4	155347001	155749000	4.0732	243	0.5686	0.509	NONE	NONE	BAF_WEIGHTED	395	0.3757	155347001	155347001	2	2
chr4	155749001	155961000	5.1007	81	0.5526	0.5882	NONE	NONE	BAF_WEIGHTED	203	0.3686	155749001	155749001	2	3
chr4	155961001	157965000	4.2366	1110	0.5739	0.5631	NONE	NONE	BAF_WEIGHTED	1903	0.3554	155961001	155961001	2	2
chr4	157965001	158268000	5.4776	30	0.5872	0.6294	NONE	NONE	BAF_WEIGHTED	289	0.3659	157965001	157965001	2	3
chr4	158268001	166204000	4.3183	4695	0.5701	0.5367	NONE	NONE	BAF_WEIGHTED	7361	0.3647	158268001	158268001	2	2
chr4	166204001	166560365	3.2848	90	0.6031	0.6862	NONE	DEL	BAF_WEIGHTED	323	0.3464	166204001	166204001	1	2
chr4	166560366	166560437	2.0907	0	0	0.9566	DEL	DEL	STRUCTURAL_VARIANT	0	0	166560366	166560366	0	2
chr4	166560438	168027000	3.2094	583	0.5714	0.6232	DEL	NONE	BAF_WEIGHTED	1344	0.3493	166560438	166560438	1	2
chr4	168027001	169667000	5.119	873	0.5685	0.5574	NONE	NONE	BAF_WEIGHTED	1574	0.3867	168027001	168027001	2	3
chr4	169667001	173161000	4.204	1691	0.572	0.5344	NONE	NONE	BAF_WEIGHTED	3268	0.3654	169667001	169667001	2	2
chr4	173161001	173389000	5.5611	62	0.5556	0.5395	NONE	NONE	BAF_WEIGHTED	221	0.3877	173161001	173161001	3	3
chr4	173389001	173545000	4.4006	129	0.5758	0.5455	NONE	NONE	BAF_WEIGHTED	151	0.4233	173389001	173389001	2	2
chr4	173545001	174193000	3.2751	495	0.5789	0.6428	NONE	NONE	BAF_WEIGHTED	609	0.3701	173545001	173545001	1	2
chr4	174193001	176313000	4.4222	1025	0.5715	0.5555	NONE	NONE	BAF_WEIGHTED	2025	0.3596	174193001	174193001	2	2
chr4	176313001	176380000	6.2757	78	0.5565	0.522	NONE	NONE	BAF_WEIGHTED	61	0.3743	176313001	176313001	3	3
chr4	176380001	177604000	4.2944	673	0.5686	0.5343	NONE	NONE	BAF_WEIGHTED	1182	0.3708	176380001	176380001	2	2
chr4	177604001	178276000	3.1026	356	0.58	0.6497	NONE	NONE	BAF_WEIGHTED	633	0.355	177604001	177604001	1	2
chr4	178276001	178466000	3.7507	100	0.5857	0.6464	NONE	NONE	BAF_WEIGHTED	185	0.3472	178276001	178276001	1	2
chr4	178466001	179331727	2.9949	609	0.5789	0.6487	NONE	DEL	BAF_WEIGHTED	830	0.349	178466001	178466001	1	2
chr4	179331728	179333157	1.6698	6	0.6938	1.0016	DEL	DEL	BAF_WEIGHTED	1	0.315	179331728	179331728	0	2
chr4	179333158	180711000	3.7245	749	0.5677	0.524	DEL	NONE	BAF_WEIGHTED	1318	0.3578	179333158	179333158	2	2
chr4	180711001	183067000	3.2143	1471	0.5712	0.6275	NONE	NONE	BAF_WEIGHTED	2255	0.3881	180711001	180711001	1	2
chr4	183067001	183733000	5.0002	466	0.5659	0.6	NONE	NONE	BAF_WEIGHTED	637	0.4219	183067001	183067001	2	3
chr4	183733001	184221000	3.5053	438	0.5714	0.5706	NONE	NONE	BAF_WEIGHTED	466	0.4329	183733001	183733001	2	2
chr4	184221001	184771000	5.4728	608	0.561	0.5482	NONE	NONE	BAF_WEIGHTED	530	0.4307	184221001	184221001	2	3
chr4	184771001	185140000	4.3864	318	0.5714	0.544	NONE	NONE	BAF_WEIGHTED	344	0.4411	184771001	184771001	2	2
chr4	185140001	185520000	5.5859	106	0.5783	0.6155	NONE	NONE	BAF_WEIGHTED	368	0.4057	185140001	185140001	2	3
chr4	185520001	186172000	4.4657	485	0.5714	0.5477	NONE	NONE	BAF_WEIGHTED	613	0.4118	185520001	185520001	2	2
chr4	186172001	190214555	3.0234	2767	0.5759	0.5908	NONE	TELOMERE	BAF_WEIGHTED	3249	0.3972	186172001	186172001	1	2
chr5	1	1498000	5.2499	475	0.6053	0.6584	TELOMERE	NONE	BAF_WEIGHTED	841	0.5387	1	1	2	3
chr5	1498001	1601000	6.6376	91	0.6111	0.6555	NONE	NONE	BAF_WEIGHTED	55	0.526	1498001	1498001	2	4
chr5	1601001	6555000	3.9397	4116	0.6106	0.6851	NONE	NONE	BAF_WEIGHTED	4523	0.4355	1596001	1606001	1	3
chr5	6555001	6876000	5.3911	230	0.6111	0.6657	NONE	NONE	BAF_WEIGHTED	306	0.4511	6555001	6555001	2	4
chr5	6876001	8598000	4.4358	1255	0.6042	0.6667	NONE	NONE	BAF_WEIGHTED	1507	0.3985	6876001	6876001	1	3
chr5	8598001	9826000	5.5925	660	0.6123	0.6663	NONE	NONE	BAF_WEIGHTED	1166	0.3941	8592001	8598001	2	4
chr5	9826001	10036000	6.6854	182	0.625	0.6746	NONE	NONE	BAF_WEIGHTED	189	0.4116	9826001	9826001	2	5
chr5	10036001	10235000	5.1775	102	0.6061	0.6604	NONE	NONE	BAF_WEIGHTED	192	0.4316	10036001	10036001	2	3
chr5	10235001	10452000	6.7302	162	0.6229	0.6713	NONE	NONE	BAF_WEIGHTED	207	0.4281	10235001	10235001	2	5
chr5	10452001	16007000	5.125	2205	0.6052	0.6589	NONE	NONE	BAF_WEIGHTED	5203	0.3955	10452001	10452001	2	3
chr5	16007001	16438000	4.1737	85	0.5814	0.6331	NONE	NONE	BAF_WEIGHTED	403	0.396	16007001	16007001	2	3
chr5	16438001	16630000	6.3474	149	0.6091	0.6547	NONE	NONE	BAF_WEIGHTED	187	0.4232	16438001	16438001	2	4
chr5	16630001	21833000	4.987	2730	0.6109	0.6696	NONE	NONE	BAF_WEIGHTED	4374	0.3677	16630001	16630001	2	3
chr5	21833001	23203000	3.6554	509	0.6061	0.6831	NONE	NONE	BAF_WEIGHTED	1148	0.353	21832001	21833001	1	2
chr5	23203001	28074000	4.2682	2442	0.6158	0.6875	NONE	NONE	BAF_WEIGHTED	4636	0.3471	23203001	23203001	1	3
chr5	28074001	29911000	4.9128	815	0.6231	0.6918	NONE	NONE	BAF_WEIGHTED	1690	0.3443	28074001	28074001	2	3
chr5	29911001	31221000	3.7179	852	0.6032	0.6767	NONE	NONE	BAF_WEIGHTED	1246	0.3583	29911001	29911001	1	3
chr5	31221001	32094000	4.8659	620	0.6087	0.6679	NONE	NONE	BAF_WEIGHTED	859	0.4298	31221001	31221001	2	3
chr5	32094001	32539673	6.481	247	0.5939	0.6324	NONE	DEL	BAF_WEIGHTED	429	0.4276	32094001	32094001	2	4
chr5	32539674	32539775	4.8265	0	0	0.5063	DEL	DEL	STRUCTURAL_VARIANT	0	0	32539674	32539674	2	2
chr5	32539776	32626000	7.0696	11	0.625	0.6719	DEL	NONE	BAF_WEIGHTED	80	0.4258	32539776	32539776	2	5
chr5	32626001	35128000	5.7188	1890	0.6142	0.667	NONE	NONE	BAF_WEIGHTED	2008	0.4051	32626001	32626001	2	4
chr5	35128001	35323000	7.2844	58	0.5957	0.6305	NONE	NONE	BAF_WEIGHTED	182	0.3946	35128001	35128001	3	5
chr5	35323001	36857000	5.8515	530	0.6139	0.6656	NONE	NONE	BAF_WEIGHTED	1444	0.391	35323001	35323001	2	4
chr5	36857001	37007000	6.971	33	0.5932	0.6286	NONE	NONE	BAF_WEIGHTED	145	0.3471	36857001	36857001	3	4
chr5	37007001	38415000	5.2482	740	0.5996	0.6516	NONE	NONE	BAF_WEIGHTED	1288	0.4026	37007001	37007001	2	3
chr5	38415001	38699000	6.1417	105	0.6078	0.6543	NONE	NONE	BAF_WEIGHTED	274	0.4144	38415001	38415001	2	4
chr5	38699001	38765000	4.8117	30	0.5612	0.5843	NONE	NONE	BAF_WEIGHTED	62	0.4194	38699001	38699001	2	3
chr5	38765001	39317000	6.6594	323	0.6126	0.6573	NONE	NONE	BAF_WEIGHTED	524	0.3792	38765001	38765001	2	4
chr5	39317001	40694333	5.6123	633	0.6034	0.6522	NONE	INV	BAF_WEIGHTED	1288	0.3737	39317001	39317001	2	4
chr5	40694334	40855000	4.3927	116	0.5599	0.5447	INV	NONE	BAF_WEIGHTED	150	0.3969	40694334	40694334	2	2
chr5	40855001	41749000	3.1934	852	0.5625	0.6263	NONE	NONE	BAF_WEIGHTED	824	0.3794	40855001	40855001	1	2
chr5	41749001	43663000	4.0645	977	0.5599	0.5472	NONE	NONE	BAF_WEIGHTED	1691	0.3904	41749001	41749001	2	2
chr5	43663001	48272853	3.462	197	0.5667	0.5433	NONE	CENTROMERE	BAF_WEIGHTED	2022	0.3588	43663001	43663001	2	2
chr5	48272854	49601483	1.9245	0	0	0.9871	CENTROMERE	SGL	STRUCTURAL_VARIANT	0	0	48272854	48272854	0	2
chr5	49601484	50277000	2.1699	0	0	0.8755	SGL	NONE	BAF_WEIGHTED	12	0.364	49601484	49601484	0	2
chr5	50277001	52120224	3.1255	241	0.5722	0.6078	NONE	DEL	BAF_WEIGHTED	1488	0.356	50277001	50277001	1	2
chr5	52120225	52656000	1.2812	241	0.6814	1.0536	DEL	NONE	BAF_WEIGHTED	480	0.3487	52120225	52120225	0	1
chr5	52656001	53659000	2.5481	863	0.7097	0.9279	NONE	NONE	BAF_WEIGHTED	938	0.3793	52656001	52656001	0	2
chr5	53659001	54080000	1.9233	246	0.68	0.9281	NONE	NONE	BAF_WEIGHTED	373	0.3911	53659001	53659001	0	2
chr5	54080001	55920000	2.4183	1122	0.6765	0.87	NONE	NONE	BAF_WEIGHTED	1724	0.3998	54080001	54080001	0	2
chr5	55920001	56963000	2.814	464	0.697	0.8826	NONE	NONE	BAF_WEIGHTED	983	0.4106	55920001	55920001	0	2
chr5	56963001	57152000	2.0516	231	0.7	0.9584	NONE	NONE	BAF_WEIGHTED	185	0.4174	56963001	56963001	0	2
chr5	57152001	57266000	2.9329	54	0.7078	0.8956	NONE	NONE	BAF_WEIGHTED	110	0.4077	57152001	57152001	0	3
chr5	57266001	59837000	2.1213	1419	0.7143	0.9818	NONE	NONE	BAF_WEIGHTED	2398	0.3808	57266001	57266001	0	2
chr5	59837001	60458000	1.6099	135	0.6667	0.9412	NONE	NONE	BAF_WEIGHTED	576	0.3707	59837001	59837001	0	2
chr5	60458001	62271000	2.0274	982	0.6897	0.9371	NONE	NONE	BAF_WEIGHTED	1667	0.3969	60458001	60458001	0	2
chr5	62271001	62631000	2.4256	257	0.6818	0.8805	NONE	NONE	BAF_WEIGHTED	341	0.3851	62271001	62271001	0	2
chr5	62631001	64704000	1.3619	1685	0.6838	1.0485	NONE	NONE	BAF_WEIGHTED	1876	0.3729	62631001	62631001	0	1
chr5	64704001	65110000	2.3097	96	0.6787	0.8838	NONE	NONE	BAF_WEIGHTED	382	0.3678	64704001	64704001	0	2
chr5	65110001	65450000	1.8713	190	0.712	1.0124	NONE	NONE	BAF_WEIGHTED	313	0.3629	65110001	65110001	0	2
chr5	65450001	66211000	2.4752	415	0.6875	0.8883	NONE	NONE	BAF_WEIGHTED	719	0.3806	65450001	65450001	0	2
chr5	66211001	66576000	1.9136	163	0.7083	0.9969	NONE	NONE	BAF_WEIGHTED	334	0.4062	66211001	66211001	0	2
chr5	66576001	68543000	2.5196	1030	0.6944	0.9109	NONE	NONE	BAF_WEIGHTED	1848	0.3924	66576001	66576001	0	2
chr5	68543001	69162000	1.9518	394	0.6923	0.9535	NONE	NONE	BAF_WEIGHTED	590	0.4033	68543001	68543001	0	2
chr5	69162001	71663000	2.3994	512	0.6804	0.8775	NONE	NONE	BAF_WEIGHTED	549	0.4187	69162001	69162001	0	2
chr5	71663001	72207000	1.8967	436	0.6957	0.9692	NONE	NONE	BAF_WEIGHTED	521	0.4119	71663001	71663001	0	2
chr5	72207001	72333000	2.8255	1	0.6471	0.7851	NONE	NONE	BAF_WEIGHTED	125	0.3936	72207001	72207001	1	2
chr5	72333001	72810000	2.0183	290	0.6866	0.9317	NONE	NONE	BAF_WEIGHTED	449	0.408	72333001	72333001	0	2
chr5	72810001	72976000	2.7178	76	0.6809	0.8574	NONE	NONE	BAF_WEIGHTED	148	0.385	72810001	72810001	0	2
chr5	72976001	75728000	2.2911	1432	0.6896	0.9098	NONE	NONE	BAF_WEIGHTED	2613	0.4025	72976001	72976001	0	2
chr5	75728001	76281000	1.7762	505	0.6969	0.9929	NONE	NONE	BAF_WEIGHTED	491	0.3945	75728001	75728001	0	2
chr5	76281001	81728000	2.2642	3163	0.6884	0.9094	NONE	NONE	BAF_WEIGHTED	5093	0.4031	76281001	76281001	0	2
chr5	81728001	81857000	2.9232	33	0.7	0.8814	NONE	NONE	BAF_WEIGHTED	124	0.3976	81728001	81728001	0	3
chr5	81857001	86967000	1.8663	2138	0.6983	0.9808	NONE	NONE	BAF_WEIGHTED	4748	0.3584	81857001	81857001	0	2
chr5	86967001	87426000	2.8207	66	0.6667	0.8234	NONE	NONE	BAF_WEIGHTED	434	0.3696	86967001	86967001	0	2
chr5	87426001	91206000	2.0226	1199	0.7018	0.9625	NONE	NONE	BAF_WEIGHTED	3523	0.3641	87426001	87426001	0	2
chr5	91206001	91513000	2.6125	4	0.7071	0.9174	NONE	NONE	BAF_WEIGHTED	303	0.3961	91204001	91206001	0	2
chr5	91513001	93557000	1.8961	358	0.7124	1.0075	NONE	NONE	BAF_WEIGHTED	1921	0.3538	91513001	91513001	0	2
chr5	93557001	94874000	2.3493	128	0.6978	0.9211	NONE	NONE	BAF_WEIGHTED	1245	0.3688	93557001	93557001	0	2
chr5	94874001	95497000	1.891	238	0.7083	1.0003	NONE	NONE	BAF_WEIGHTED	590	0.374	94874001	94874001	0	2
chr5	95497001	95976000	2.9457	191	0.694	0.8707	NONE	NONE	BAF_WEIGHTED	460	0.3926	95497001	95497001	0	3
chr5	95976001	96624000	2.1648	368	0.6875	0.9171	NONE	NONE	BAF_WEIGHTED	605	0.3828	95976001	95976001	0	2
chr5	96624001	97016000	3.0651	321	0.7	0.873	NONE	NONE	BAF_WEIGHTED	384	0.3902	96624001	96624001	0	3
chr5	97016001	97247000	2.4954	147	0.6918	0.8933	NONE	NONE	BAF_WEIGHTED	217	0.3845	97016001	97016001	0	2
chr5	97247001	98751000	1.6553	1062	0.7083	1.0419	NONE	NONE	BAF_WEIGHTED	1344	0.3654	97247001	97247001	0	2
chr5	98751001	99105000	2.428	260	0.6765	0.8692	NONE	NONE	BAF_WEIGHTED	333	0.382	98751001	98751001	0	2
chr5	99105001	100297000	1.6752	933	0.7059	1.0317	NONE	NONE	BAF_WEIGHTED	919	0.3486	99105001	99105001	0	2
chr5	100297001	100759000	2.2265	243	0.7	0.9381	NONE	NONE	BAF_WEIGHTED	353	0.3492	100297001	100297001	0	2
chr5	100759001	100923000	2.8809	155	0.6522	0.7923	NONE	NONE	BAF_WEIGHTED	154	0.3509	100759001	100759001	1	2
chr5	100923001	102564000	1.7885	1164	0.7117	1.0287	NONE	NONE	BAF_WEIGHTED	1475	0.3499	100923001	100923001	0	2
chr5	102564001	103599000	2.503	776	0.7101	0.9326	NONE	NONE	BAF_WEIGHTED	997	0.365	102564001	102564001	0	2
chr5	103599001	108015000	1.833	2665	0.7131	1.0221	NONE	NONE	BAF_WEIGHTED	4215	0.3529	103599001	103599001	0	2
chr5	108015001	108397000	2.3705	206	0.6957	0.9146	NONE	NONE	BAF_WEIGHTED	376	0.3555	108015001	108015001	0	2
chr5	108397001	109354000	1.9787	831	0.6957	0.9579	NONE	NONE	BAF_WEIGHTED	872	0.3773	108397001	108397001	0	2
chr5	109354001	109439000	2.9193	83	0.68	0.8435	NONE	NONE	BAF_WEIGHTED	81	0.3755	109353001	109355001	0	2
chr5	109439001	109662000	1.969	180	0.6923	0.9512	NONE	NONE	BAF_WEIGHTED	196	0.3817	109439001	109439001	0	2
chr5	109662001	110113000	2.4703	224	0.6849	0.8834	NONE	NONE	BAF_WEIGHTED	439	0.3791	109662001	109662001	0	2
chr5	110113001	111064000	1.4976	363	0.6818	1.0036	NONE	NONE	BAF_WEIGHTED	864	0.3646	110113001	110113001	0	1
chr5	111064001	112700000	2.0217	1106	0.6917	0.9428	NONE	NONE	BAF_WEIGHTED	1516	0.3849	111064001	111064001	0	2
chr5	112700001	113033000	2.8645	247	0.6923	0.8703	NONE	NONE	BAF_WEIGHTED	330	0.3936	112700001	112700001	0	2
chr5	113033001	113617500	2.3152	621	0.6825	0.8916	NONE	NONE	BAF_WEIGHTED	556	0.4038	113033001	113033001	0	2
chr5	113617501	115065000	1.5718	1273	0.7037	1.0473	NONE	NONE	BAF_WEIGHTED	1317	0.3814	113617001	113618001	0	2
chr5	115065001	115637000	2.5968	312	0.7083	0.921	NONE	NONE	BAF_WEIGHTED	532	0.3882	115065001	115065001	0	2
chr5	115637001	116347000	2.2349	883	0.7	0.9372	NONE	NONE	BAF_WEIGHTED	658	0.3765	115637001	115637001	0	2
chr5	116347001	118925000	1.7282	1329	0.7037	1.0174	NONE	NONE	BAF_WEIGHTED	2447	0.3723	116347001	116347001	0	2
chr5	118925001	119570000	2.631	209	0.7021	0.9038	NONE	NONE	BAF_WEIGHTED	493	0.3796	118925001	118925001	0	2
chr5	119570001	122727000	1.6869	1687	0.6953	1.0087	NONE	NONE	BAF_WEIGHTED	2891	0.3611	119570001	119570001	0	2
chr5	122727001	122923000	2.5097	144	0.6974	0.9058	NONE	NONE	BAF_WEIGHTED	189	0.3931	122727001	122727001	0	2
chr5	122923001	123345000	1.9608	360	0.68	0.9234	NONE	NONE	BAF_WEIGHTED	395	0.3967	122923001	122923001	0	2
chr5	123345001	123612000	2.6398	32	0.7143	0.9295	NONE	NONE	BAF_WEIGHTED	257	0.3594	123345001	123345001	0	2
chr5	123612001	124014433	1.7787	185	0.7143	1.0337	NONE	DEL	BAF_WEIGHTED	387	0.3723	123612001	123612001	0	2
chr5	124014434	124014465	0.7274	0	0	1	DEL	DEL	STRUCTURAL_VARIANT	0	0	124014434	124014434	0	1
chr5	124014466	124359330	1.6898	91	0.7046	1.0221	DEL	DEL	BAF_WEIGHTED	331	0.3782	124014466	124014466	0	2
chr5	124359331	132361000	3.8915	4724	0.5624	0.5483	DEL	NONE	BAF_WEIGHTED	7462	0.3835	124359331	124359331	2	2
chr5	132361001	132510000	5.6138	0	0	0.6199	NONE	NONE	BAF_WEIGHTED	141	0.476	132361001	132361001	2	3
chr5	132510001	133099000	4.3243	74	0.5521	0.5375	NONE	NONE	BAF_WEIGHTED	554	0.4284	132510001	132510001	2	2
chr5	133099001	133937000	3.6987	642	0.5569	0.5407	NONE	NONE	BAF_WEIGHTED	798	0.4641	133099001	133099001	2	2
chr5	133937001	134979000	4.429	498	0.5556	0.5484	NONE	NONE	BAF_WEIGHTED	997	0.4502	133937001	133937001	2	2
chr5	134979001	138327000	3.7227	1886	0.5606	0.5477	NONE	NONE	BAF_WEIGHTED	3173	0.4289	134979001	134979001	2	2
chr5	138327001	139722000	4.5932	336	0.5573	0.5655	NONE	NONE	BAF_WEIGHTED	1284	0.4597	138327001	138327001	2	3
chr5	139722001	140089000	3.7304	95	0.55	0.5361	NONE	NONE	BAF_WEIGHTED	348	0.4775	139722001	139722001	2	2
chr5	140089001	140736000	4.4447	272	0.5583	0.5493	NONE	NONE	BAF_WEIGHTED	607	0.4331	140089001	140089001	2	2
chr5	140736001	141317000	3.4352	157	0.5739	0.5904	NONE	NONE	BAF_WEIGHTED	505	0.3862	140736001	140736001	1	2
chr5	141317001	143399000	4.3363	971	0.5538	0.5363	NONE	NONE	BAF_WEIGHTED	2007	0.4413	141317001	141317001	2	2
chr5	143399001	145414000	3.3146	1360	0.5628	0.6126	NONE	NONE	BAF_WEIGHTED	1824	0.3765	143399001	143399001	1	2
chr5	145414001	146560000	3.9088	1075	0.5635	0.5152	NONE	NONE	BAF_WEIGHTED	1090	0.3991	145414001	145414001	2	2
chr5	146560001	147612000	3.1852	367	0.56	0.6279	NONE	NONE	BAF_WEIGHTED	994	0.3952	146560001	146560001	1	2
chr5	147612001	149488000	4.0061	1281	0.5617	0.5421	NONE	NONE	BAF_WEIGHTED	1758	0.4016	147612001	147612001	2	2
chr5	149488001	149565000	5.4565	43	0.5577	0.5498	NONE	NONE	BAF_WEIGHTED	75	0.3991	149488001	149488001	2	3
chr5	149565001	151043000	4.0586	693	0.5593	0.5258	NONE	NONE	BAF_WEIGHTED	1407	0.4667	149565001	149565001	2	2
chr5	151043001	151289000	4.9188	227	0.551	0.6099	NONE	NONE	BAF_WEIGHTED	244	0.4735	151043001	151043001	2	3
chr5	151289001	151696000	3.8096	123	0.5588	0.5386	NONE	NONE	BAF_WEIGHTED	391	0.4446	151289001	151289001	2	2
chr5	151696001	151822000	4.6683	12	0.5733	0.5716	NONE	NONE	BAF_WEIGHTED	122	0.4242	151696001	151696001	2	3
chr5	151822001	152545000	3.5102	142	0.5647	0.5698	NONE	NONE	BAF_WEIGHTED	674	0.3976	151822001	151822001	2	2
chr5	152545001	153957000	2.526	1012	0.5702	0.6004	NONE	NONE	BAF_WEIGHTED	1276	0.3879	152545001	152545001	1	2
chr5	153957001	155156000	4.0938	466	0.561	0.5115	NONE	NONE	BAF_WEIGHTED	1150	0.4402	153957001	153957001	2	2
chr5	155156001	157680365	3.5026	986	0.5648	0.5584	NONE	INV	BAF_WEIGHTED	2373	0.401	155156001	155156001	2	2
chr5	157680366	157924000	2.333	269	0.6784	0.8822	INV	NONE	BAF_WEIGHTED	229	0.4168	157680366	157680366	0	2
chr5	157924001	159093000	1.6069	616	0.6533	0.9062	NONE	NONE	BAF_WEIGHTED	1135	0.4048	157924001	157924001	0	1
chr5	159093001	159510000	2.0667	150	0.6464	0.8343	NONE	NONE	BAF_WEIGHTED	393	0.4084	159093001	159093001	0	2
chr5	159510001	162682000	1.6176	1246	0.6882	0.9998	NONE	NONE	BAF_WEIGHTED	2871	0.3892	159510001	159510001	0	2
chr5	162682001	163346000	1.1712	364	0.678	1.0809	NONE	NONE	BAF_WEIGHTED	588	0.3674	162682001	162682001	0	1
chr5	163346001	163435000	1.9496	3	0.8333	1.2865	NONE	NONE	BAF_WEIGHTED	80	0.3848	163346001	163346001	0	2
chr5	163435001	163572000	2.4492	37	0.6667	0.8471	NONE	NONE	BAF_WEIGHTED	134	0.3861	163435001	163435001	0	2
chr5	163572001	168267000	1.2482	1782	0.6699	1.0371	NONE	NONE	BAF_WEIGHTED	4524	0.3739	163572001	163572001	0	1
chr5	168267001	168703000	2.2882	288	0.6901	0.9104	NONE	NONE	BAF_WEIGHTED	412	0.4513	168267001	168267001	0	2
chr5	168703001	169572000	1.6195	430	0.6715	0.9516	NONE	NONE	BAF_WEIGHTED	851	0.4318	168703001	168703001	0	2
chr5	169572001	170195000	2.1962	344	0.6923	0.9244	NONE	NONE	BAF_WEIGHTED	603	0.4341	169572001	169572001	0	2
chr5	170195001	170442000	2.7414	162	0.6786	0.8513	NONE	NONE	BAF_WEIGHTED	237	0.4544	170195001	170195001	0	2
chr5	170442001	171858000	1.7966	846	0.6831	0.9525	NONE	NONE	BAF_WEIGHTED	1329	0.4352	170442001	170442001	0	2
chr5	171858001	172323000	2.5399	229	0.6842	0.8765	NONE	NONE	BAF_WEIGHTED	447	0.4397	171858001	171858001	0	2
chr5	172323001	172680000	2.0153	269	0.6857	0.93	NONE	NONE	BAF_WEIGHTED	347	0.4852	172323001	172323001	0	2
chr5	172680001	173150000	2.6724	224	0.7083	0.9149	NONE	NONE	BAF_WEIGHTED	458	0.4718	172680001	172680001	0	2
chr5	173150001	173538000	1.9642	366	0.7143	1.0036	NONE	NONE	BAF_WEIGHTED	368	0.4609	173150001	173150001	0	2
chr5	173538001	173865000	2.454	272	0.7078	0.9323	NONE	NONE	BAF_WEIGHTED	325	0.4676	173538001	173538001	0	2
chr5	173865001	173968000	3.0373	60	0.6972	0.8693	NONE	NONE	BAF_WEIGHTED	103	0.3918	173865001	173865001	0	3
chr5	173968001	174831000	1.8167	534	0.6984	0.9839	NONE	NONE	BAF_WEIGHTED	828	0.4414	173968001	173968001	0	2
chr5	174831001	176341000	1.5265	751	0.6858	1.0189	NONE	NONE	BAF_WEIGHTED	1117	0.4412	174831001	174831001	0	2
chr5	176341001	176670000	2.3947	146	0.6964	0.9137	NONE	NONE	BAF_WEIGHTED	291	0.502	176341001	176341001	0	2
chr5	176670001	176901000	1.619	164	0.678	0.9695	NONE	NONE	BAF_WEIGHTED	194	0.5333	176670001	176670001	0	2
chr5	176901001	178252000	2.4567	653	0.6926	0.9065	NONE	NONE	BAF_WEIGHTED	847	0.4879	176901001	176901001	0	2
chr5	178252001	179521000	1.4571	934	0.6667	0.9717	NONE	NONE	BAF_WEIGHTED	1052	0.4898	178252001	178252001	0	1
chr5	179521001	180108000	2.4135	153	0.6744	0.866	NONE	NONE	BAF_WEIGHTED	509	0.4765	179521001	179521001	0	2
chr5	180108001	181538259	1.7846	870	0.6792	0.9474	NONE	TELOMERE	BAF_WEIGHTED	829	0.465	180108001	180108001	0	2
chr6	1	842000	3.8956	288	0.7549	0.9333	TELOMERE	NONE	BAF_WEIGHTED	525	0.4284	1	1	0	4
chr6	842001	1200033	2.7731	258	0.75	0.9889	NONE	BND	BAF_WEIGHTED	344	0.4371	842001	842001	0	3
chr6	1200034	1200234	4.7459	0	0	0.5778	BND	BND	STRUCTURAL_VARIANT	0	0	1200034	1200034	2	3
chr6	1200235	1200237	2.8633	0	0	0.9578	BND	INV	STRUCTURAL_VARIANT	0	0	1200235	1200235	0	3
chr6	1200238	1200387	3.9188	0	0	0.6998	INV	BND	STRUCTURAL_VARIANT	0	0	1200238	1200238	1	3
chr6	1200388	1200489	2.7145	0	0	1	BND	DUP	STRUCTURAL_VARIANT	0	0	1200388	1200388	0	3
chr6	1200490	1202041	4.2929	0	0	0.6388	DUP	DEL	BAF_WEIGHTED	1	0.531	1200490	1200490	2	3
chr6	1202042	1202049	2.8814	0	0	0.9517	DEL	DUP	STRUCTURAL_VARIANT	0	0	1202042	1202042	0	3
chr6	1202050	1403054	4.8293	137	0.5745	0.5859	DUP	BND	BAF_WEIGHTED	180	0.4489	1202050	1202050	2	3
chr6	1403055	1580000	3.2094	209	0.5676	0.6232	BND	NONE	BAF_WEIGHTED	162	0.4529	1403055	1403055	1	2
chr6	1580001	4064124	4.2348	1473	0.5588	0.5345	NONE	BND	BAF_WEIGHTED	2328	0.4355	1580001	1580001	2	2
chr6	4064125	4064264	2.0602	0	0	0.9569	BND	INV	STRUCTURAL_VARIANT	0	0	4064125	4064125	0	2
chr6	4064265	4064677	2.7618	0	0	0.7139	INV	DUP	STRUCTURAL_VARIANT	0	0	4064265	4064265	1	2
chr6	4064678	4065231	1.4331	0	0	1	DUP	BND	STRUCTURAL_VARIANT	0	0	4064678	4064678	0	1
chr6	4065232	4065711	3.7278	0	0	0.5289	BND	DUP	STRUCTURAL_VARIANT	0	0	4065232	4065232	2	2
chr6	4065712	4065740	2.2817	0	0	0.864	DUP	DEL	STRUCTURAL_VARIANT	0	0	4065712	4065712	0	2
chr6	4065741	6038000	3.9958	1209	0.561	0.5005	DEL	NONE	BAF_WEIGHTED	1854	0.4267	4065741	4065741	2	2
chr6	6038001	6540000	3.1426	301	0.5714	0.6364	NONE	NONE	BAF_WEIGHTED	463	0.4059	6036001	6040001	1	2
chr6	6540001	7625000	4.547	972	0.5581	0.5601	NONE	NONE	BAF_WEIGHTED	1047	0.4445	6540001	6540001	2	3
chr6	7625001	8004000	3.43	188	0.5556	0.5831	NONE	NONE	BAF_WEIGHTED	361	0.4335	7625001	7625001	1	2
chr6	8004001	8106000	4.6117	134	0.5556	0.5663	NONE	NONE	BAF_WEIGHTED	98	0.396	8004001	8004001	2	3
chr6	8106001	8356897	3.1135	224	0.5647	0.6416	NONE	BND	BAF_WEIGHTED	236	0.41	8106001	8106001	1	2
chr6	8356898	8602000	3.0899	470	0.5714	0.5777	BND	NONE	BAF_WEIGHTED	237	0.3685	8356898	8356898	1	2
chr6	8602001	10042000	2.6225	988	0.5753	0.618	NONE	NONE	BAF_WEIGHTED	1358	0.3715	8602001	8602001	1	2
chr6	10042001	10831000	3.45	310	0.5714	0.5797	NONE	NONE	BAF_WEIGHTED	759	0.4239	10042001	10042001	1	2
chr6	10831001	12611000	4.4918	872	0.5605	0.5561	NONE	NONE	BAF_WEIGHTED	1709	0.4063	10831001	10831001	2	2
chr6	12611001	13265000	3.5607	461	0.5714	0.5617	NONE	NONE	BAF_WEIGHTED	632	0.405	12611001	12611001	2	2
chr6	13265001	13613000	4.6202	235	0.561	0.5671	NONE	NONE	BAF_WEIGHTED	337	0.4417	13265001	13265001	2	3
chr6	13613001	13711500	5.7775	1	0.6341	0.6956	NONE	NONE	BAF_WEIGHTED	96	0.3723	13613001	13613001	2	4
chr6	13711501	16681000	4.2558	1235	0.5589	0.5319	NONE	NONE	BAF_WEIGHTED	2650	0.4302	13711001	13712001	2	2
chr6	16681001	16783000	5.3212	75	0.55	0.5638	NONE	NONE	BAF_WEIGHTED	96	0.407	16681001	16681001	2	3
chr6	16783001	17124000	4.3207	206	0.5581	0.5371	NONE	NONE	BAF_WEIGHTED	328	0.4027	16783001	16783001	2	2
chr6	17124001	17578000	3.5456	258	0.5695	0.5641	NONE	NONE	BAF_WEIGHTED	443	0.4197	17124001	17124001	2	2
chr6	17578001	18536000	4.36	541	0.5588	0.5413	NONE	NONE	BAF_WEIGHTED	929	0.4143	17578001	17578001	2	2
chr6	18536001	20085000	2.8888	912	0.5691	0.6147	NONE	NONE	BAF_WEIGHTED	1457	0.3832	18536001	18536001	1	2
chr6	20085001	20885000	4.3794	371	0.5556	0.5433	NONE	NONE	BAF_WEIGHTED	771	0.401	20085001	20085001	2	2
chr6	20885001	24631000	3.7772	2751	0.5633	0.5463	NONE	NONE	BAF_WEIGHTED	3568	0.3893	20885001	20885001	2	2
chr6	24631001	25603000	4.6308	626	0.5566	0.568	NONE	NONE	BAF_WEIGHTED	928	0.4024	24631001	24631001	2	3
chr6	25603001	25776248	3.4699	102	0.5522	0.5764	NONE	DUP	BAF_WEIGHTED	171	0.3979	25603001	25603001	1	2
chr6	25776249	25777229	6.384	0	0	0.6867	DUP	DEL	STRUCTURAL_VARIANT	0	0	25776249	25776249	2	4
chr6	25777230	25777253	4.1894	0	0	0.5226	DEL	DEL	STRUCTURAL_VARIANT	0	0	25777230	25777230	2	2
chr6	25777254	25777656	6.0185	0	0	0.6677	DEL	BND	STRUCTURAL_VARIANT	0	0	25777254	25777254	2	4
chr6	25777657	25777666	8.158	0	0	0.7548	BND	BND	STRUCTURAL_VARIANT	0	0	25777657	25777657	2	6
chr6	25777667	25777936	6.5426	0	0	0.6943	BND	DUP	STRUCTURAL_VARIANT	0	0	25777667	25777667	2	5
chr6	25777937	25956000	3.6285	1	0.5	0.5512	DUP	NONE	BAF_WEIGHTED	177	0.3837	25777937	25777937	2	2
chr6	25956001	26580000	5.1285	338	0.55	0.585	NONE	NONE	BAF_WEIGHTED	600	0.4263	25956001	25956001	2	3
chr6	26580001	27194000	4.0971	362	0.5603	0.5259	NONE	NONE	BAF_WEIGHTED	257	0.3987	26580001	26580001	2	2
chr6	27194001	27749000	3.2082	22	0.6525	0.7785	NONE	NONE	BAF_WEIGHTED	542	0.4154	27194001	27194001	1	2
chr6	27749001	27916000	5.0695	2	0.5612	0.5918	NONE	NONE	BAF_WEIGHTED	154	0.4179	27749001	27749001	2	3
chr6	27916001	28067000	3.1114	1	0.625	0.7315	NONE	NONE	BAF_WEIGHTED	138	0.3722	27916001	27916001	1	2
chr6	28067001	28406000	4.1591	14	0.5371	0.5191	NONE	NONE	BAF_WEIGHTED	331	0.4052	28067001	28067001	2	2
chr6	28406001	28836000	3.0428	181	0.5553	0.6002	NONE	NONE	BAF_WEIGHTED	349	0.409	28406001	28406001	1	2
chr6	28836001	29022000	4.5007	170	0.5556	0.5556	NONE	NONE	BAF_WEIGHTED	172	0.4297	28836001	28836001	2	3
chr6	29022001	29545500	2.7898	441	0.5652	0.6416	NONE	NONE	BAF_WEIGHTED	472	0.3823	29022001	29022001	1	2
chr6	29545501	33861000	4.4564	8234	0.5595	0.5391	NONE	NONE	BAF_WEIGHTED	3695	0.4658	29545001	29546001	2	2
chr6	33861001	34142000	3.591	46	0.5698	0.557	NONE	NONE	BAF_WEIGHTED	265	0.529	33861001	33861001	2	2
chr6	34142001	37520000	4.4091	1114	0.5567	0.5466	NONE	NONE	BAF_WEIGHTED	3209	0.4591	34142001	34142001	2	2
chr6	37520001	37805000	3.7029	124	0.5484	0.5401	NONE	NONE	BAF_WEIGHTED	277	0.5038	37520001	37520001	2	2
chr6	37805001	39355000	4.3838	988	0.5603	0.5288	NONE	NONE	BAF_WEIGHTED	1504	0.418	37805001	37805001	2	2
chr6	39355001	40679000	3.6426	760	0.5616	0.5502	NONE	NONE	BAF_WEIGHTED	1280	0.4384	39355001	39355001	2	2
chr6	40679001	47795000	4.1843	3390	0.559	0.5349	NONE	NONE	BAF_WEIGHTED	6716	0.438	40679001	40679001	2	2
chr6	47795001	49410000	3.0657	896	0.5691	0.6308	NONE	NONE	BAF_WEIGHTED	1524	0.356	47795001	47795001	1	2
chr6	49410001	49698000	4.0484	147	0.5556	0.506	NONE	NONE	BAF_WEIGHTED	262	0.3709	49410001	49410001	2	2
chr6	49698001	50161000	3.3187	139	0.5625	0.6027	NONE	NONE	BAF_WEIGHTED	450	0.3533	49698001	49698001	1	2
chr6	50161001	50764000	2.5768	212	0.5714	0.6119	NONE	NONE	BAF_WEIGHTED	563	0.362	50161001	50161001	1	2
chr6	50764001	52249000	3.6828	1021	0.5614	0.5485	NONE	NONE	BAF_WEIGHTED	1367	0.3805	50764001	50764001	2	2
chr6	52249001	53981000	4.6239	1114	0.5586	0.5558	NONE	NONE	BAF_WEIGHTED	1575	0.4135	52249001	52249001	2	3
chr6	53981001	54678000	3.3869	140	0.5668	0.5836	NONE	NONE	BAF_WEIGHTED	656	0.3599	53981001	53981001	1	2
chr6	54678001	59191910	4.0306	1383	0.5617	0.5352	NONE	CENTROMERE	BAF_WEIGHTED	2483	0.3651	54678001	54678001	2	2
chr6	59191911	63246000	1.1174	2251	0.6627	1.0303	CENTROMERE	NONE	BAF_WEIGHTED	1781	0.3552	59191911	59191911	0	1
chr6	63246001	63541000	1.6698	219	0.6818	0.9704	NONE	NONE	BAF_WEIGHTED	271	0.3925	63246001	63246001	0	2
chr6	63541001	63767000	2.3917	45	0.7143	0.9519	NONE	NONE	BAF_WEIGHTED	215	0.3749	63541001	63541001	0	2
chr6	63767001	69672000	1.4637	3264	0.6992	1.0526	NONE	NONE	BAF_WEIGHTED	5426	0.3465	63767001	63767001	0	1
chr6	69672001	69867500	2.3472	183	0.6923	0.9095	NONE	NONE	BAF_WEIGHTED	190	0.3538	69672001	69672001	0	2
chr6	69867501	72181737	1.7192	908	0.685	0.9752	NONE	DEL	BAF_WEIGHTED	2133	0.3736	69867001	69868001	0	2
chr6	72181738	72182018	0.7696	0	0	1	DEL	DEL	STRUCTURAL_VARIANT	0	0	72181738	72181738	0	1
chr6	72182019	73412000	2.0262	742	0.7059	0.9753	DEL	NONE	BAF_WEIGHTED	1155	0.3789	72182019	72182019	0	2
chr6	73412001	73882000	2.4419	271	0.7143	0.947	NONE	NONE	BAF_WEIGHTED	432	0.4118	73412001	73412001	0	2
chr6	73882001	74928000	1.7763	606	0.7037	1.0077	NONE	NONE	BAF_WEIGHTED	885	0.3627	73882001	73882001	0	2
chr6	74928001	75954500	2.4159	473	0.7	0.9195	NONE	NONE	BAF_WEIGHTED	972	0.3775	74928001	74928001	0	2
chr6	75954501	78939000	1.5798	1952	0.7058	1.0468	NONE	NONE	BAF_WEIGHTED	2606	0.3632	75954001	75955001	0	2
chr6	78939001	79088000	2.7729	79	0.6774	0.847	NONE	NONE	BAF_WEIGHTED	141	0.341	78939001	78939001	0	2
chr6	79088001	83041000	1.971	2725	0.7039	0.9916	NONE	NONE	BAF_WEIGHTED	3580	0.3693	79088001	79088001	0	2
chr6	83041001	83243000	2.5327	26	0.7239	0.9583	NONE	NONE	BAF_WEIGHTED	201	0.3714	83041001	83041001	0	2
chr6	83243001	84790000	1.7702	435	0.7	0.9995	NONE	NONE	BAF_WEIGHTED	1391	0.3766	83243001	83243001	0	2
chr6	84790001	85345000	1.2934	426	0.6667	1.0084	NONE	NONE	BAF_WEIGHTED	498	0.3863	84790001	84790001	0	1
chr6	85345001	85688000	2.4128	194	0.6866	0.8916	NONE	NONE	BAF_WEIGHTED	318	0.3975	85345001	85345001	0	2
chr6	85688001	87070000	1.6172	944	0.7143	1.0656	NONE	NONE	BAF_WEIGHTED	1156	0.3841	85688001	85688001	0	2
chr6	87070001	87953000	2.4038	501	0.68	0.8785	NONE	NONE	BAF_WEIGHTED	845	0.3959	87070001	87070001	0	2
chr6	87953001	88608500	1.5972	322	0.6667	0.9434	NONE	NONE	BAF_WEIGHTED	594	0.3935	87953001	87953001	0	2
chr6	88608501	89169000	2.2942	340	0.683	0.8945	NONE	NONE	BAF_WEIGHTED	537	0.3848	88608001	88609001	0	2
chr6	89169001	97459000	1.7187	4029	0.6936	0.9988	NONE	NONE	BAF_WEIGHTED	7839	0.3651	89169001	89169001	0	2
chr6	97459001	98815000	1.1646	698	0.6795	1.0873	NONE	NONE	BAF_WEIGHTED	1284	0.3561	97459001	97459001	0	1
chr6	98815001	99386000	2.0867	86	0.6932	0.9459	NONE	NONE	BAF_WEIGHTED	167	0.3873	98815001	98815001	0	2
chr6	99386001	99580000	2.5575	123	0.6667	0.8395	NONE	NONE	BAF_WEIGHTED	183	0.3786	99386001	99386001	0	2
chr6	99580001	100094000	1.4489	463	0.6667	0.9717	NONE	NONE	BAF_WEIGHTED	444	0.3828	99580001	99580001	0	1
chr6	100094001	100534000	1.8669	243	0.7059	1.0012	NONE	NONE	BAF_WEIGHTED	420	0.3768	100094001	100094001	0	2
chr6	100534001	100902000	2.2743	20	0.6364	0.7954	NONE	NONE	BAF_WEIGHTED	355	0.3416	100534001	100534001	0	2
chr6	100902001	103367000	1.5462	857	0.6958	1.0308	NONE	NONE	BAF_WEIGHTED	2312	0.344	100902001	100902001	0	2
chr6	103367001	104213000	1.1666	720	0.6802	1.0907	NONE	NONE	BAF_WEIGHTED	782	0.3514	103367001	103367001	0	1
chr6	104213001	105319000	1.8166	135	0.6912	0.9661	NONE	NONE	BAF_WEIGHTED	1032	0.3815	104213001	104213001	0	2
chr6	105319001	114019000	2.3601	4840	0.6937	0.9151	NONE	NONE	BAF_WEIGHTED	8219	0.4028	105319001	105319001	0	2
chr6	114019001	116002771	1.4892	272	0.7025	1.0393	NONE	DEL	BAF_WEIGHTED	1824	0.3612	114019001	114019001	0	1
chr6	116002772	116002985	0	0	0	1	DEL	DEL	STRUCTURAL_VARIANT	0	0	116002772	116002772	0	0
chr6	116002986	116708000	2.5327	342	0.6814	0.8712	DEL	NONE	BAF_WEIGHTED	661	0.3753	116002986	116002986	0	2
chr6	116708001	117449000	1.7969	479	0.7	0.9951	NONE	NONE	BAF_WEIGHTED	679	0.3711	116708001	116708001	0	2
chr6	117449001	117712500	2.3917	162	0.6897	0.9	NONE	NONE	BAF_WEIGHTED	251	0.3875	117449001	117449001	0	2
chr6	117712501	118468000	1.5137	460	0.6667	0.9587	NONE	NONE	BAF_WEIGHTED	693	0.385	117712001	117713001	0	1
chr6	118468001	120224000	2.3532	599	0.6924	0.8939	NONE	NONE	BAF_WEIGHTED	1702	0.3752	118468001	118468001	0	2
chr6	120224001	121019000	1.5929	209	0.7143	1.071	NONE	NONE	BAF_WEIGHTED	707	0.3469	120224001	120224001	0	2
chr6	121019001	122851000	2.0958	1041	0.7	0.953	NONE	NONE	BAF_WEIGHTED	1717	0.3666	121019001	121019001	0	2
chr6	122851001	124867000	1.3098	1142	0.6804	1.0486	NONE	NONE	BAF_WEIGHTED	1918	0.3584	122851001	122851001	0	1
chr6	124867001	125149000	1.7702	163	0.6667	0.9164	NONE	NONE	BAF_WEIGHTED	267	0.3734	124867001	124867001	0	2
chr6	125149001	125341000	2.4879	115	0.7	0.9131	NONE	NONE	BAF_WEIGHTED	184	0.3963	125149001	125149001	0	2
chr6	125341001	125704500	1.9188	190	0.7	0.9763	NONE	NONE	BAF_WEIGHTED	342	0.3881	125341001	125341001	0	2
chr6	125704501	126042000	2.8339	148	0.6759	0.8415	NONE	NONE	BAF_WEIGHTED	320	0.3851	125701001	125708001	0	2
chr6	126042001	127086000	1.8425	107	0.6775	0.9307	NONE	NONE	BAF_WEIGHTED	961	0.3625	126042001	126042001	0	2
chr6	127086001	128602000	2.2216	601	0.68	0.8948	NONE	NONE	BAF_WEIGHTED	1453	0.3612	127086001	127086001	0	2
chr6	128602001	129425000	1.7714	548	0.6923	0.9801	NONE	NONE	BAF_WEIGHTED	761	0.3578	128602001	128602001	0	2
chr6	129425001	129784000	2.6464	218	0.6843	0.8689	NONE	NONE	BAF_WEIGHTED	350	0.3795	129425001	129425001	0	2
chr6	129784001	133012000	2.2132	1779	0.687	0.9121	NONE	NONE	BAF_WEIGHTED	3052	0.3822	129784001	129784001	0	2
chr6	133012001	133898000	1.7031	479	0.6875	0.9794	NONE	NONE	BAF_WEIGHTED	839	0.3741	133012001	133012001	0	2
chr6	133898001	134987000	2.2682	604	0.6875	0.9067	NONE	NONE	BAF_WEIGHTED	1061	0.4065	133898001	133898001	0	2
chr6	134987001	135276000	2.8773	221	0.6944	0.8735	NONE	NONE	BAF_WEIGHTED	282	0.3944	134987001	134987001	0	3
chr6	135276001	137653000	2.4155	448	0.6873	0.8834	NONE	NONE	BAF_WEIGHTED	2285	0.3896	135276001	135276001	0	2
chr6	137653001	137986500	3.0518	125	0.6667	0.8115	NONE	NONE	BAF_WEIGHTED	315	0.406	137653001	137653001	1	2
chr6	137986501	142765000	2.1272	2307	0.6877	0.9283	NONE	NONE	BAF_WEIGHTED	4555	0.3764	137984001	137989001	0	2
chr6	142765001	142957000	3.0533	84	0.6667	0.8114	NONE	NONE	BAF_WEIGHTED	188	0.3867	142765001	142765001	1	2
chr6	142957001	145228000	2.4174	995	0.6818	0.8805	NONE	NONE	BAF_WEIGHTED	2171	0.3905	142957001	142957001	0	2
chr6	145228001	145721000	1.8335	9	0.7	0.9892	NONE	NONE	BAF_WEIGHTED	460	0.3753	145228001	145228001	0	2
chr6	145721001	145976000	2.4228	4	0.7991	1.1264	NONE	NONE	BAF_WEIGHTED	242	0.366	145721001	145721001	0	2
chr6	145976001	146527000	1.4042	148	0.653	0.9419	NONE	NONE	BAF_WEIGHTED	517	0.3712	145976001	145976001	0	1
chr6	146527001	147188000	1.841	206	0.6775	0.9332	NONE	NONE	BAF_WEIGHTED	631	0.3704	146527001	146527001	0	2
chr6	147188001	147395000	2.3493	1	0.5556	0.5743	NONE	NONE	BAF_WEIGHTED	200	0.3504	147188001	147188001	1	1
chr6	147395001	148136000	1.2727	455	0.6676	1.0211	NONE	NONE	BAF_WEIGHTED	716	0.3916	147395001	147395001	0	1
chr6	148136001	149017000	2.0192	500	0.6809	0.9222	NONE	NONE	BAF_WEIGHTED	844	0.4186	148136001	148136001	0	2
chr6	149017001	150029000	2.6554	581	0.6688	0.8348	NONE	NONE	BAF_WEIGHTED	936	0.4222	149017001	149017001	0	2
chr6	150029001	151346000	1.9463	696	0.6857	0.9386	NONE	NONE	BAF_WEIGHTED	1262	0.4347	150029001	150029001	0	2
chr6	151346001	152390000	2.6156	764	0.6991	0.901	NONE	NONE	BAF_WEIGHTED	998	0.3999	151346001	151346001	0	2
chr6	152390001	152458862	1.979	67	0.6923	0.9499	NONE	DEL	BAF_WEIGHTED	67	0.3753	152390001	152390001	0	2
chr6	152458863	152469759	1.5188	13	0.6	0.7746	DEL	DEL	BAF_WEIGHTED	10	0.3412	152458863	152458863	0	1
chr6	152469760	154143000	1.8274	1008	0.6944	0.9764	DEL	NONE	BAF_WEIGHTED	1602	0.369	152469760	152469760	0	2
chr6	154143001	154299000	2.6379	57	0.6857	0.8723	NONE	NONE	BAF_WEIGHTED	150	0.4018	154143001	154143001	0	2
chr6	154299001	154693000	1.8465	230	0.6957	0.9767	NONE	NONE	BAF_WEIGHTED	385	0.4181	154299001	154299001	0	2
chr6	154693001	154864000	2.7456	58	0.6721	0.8382	NONE	NONE	BAF_WEIGHTED	168	0.3872	154693001	154693001	0	2
chr6	154864001	155661000	2.1194	368	0.6861	0.9206	NONE	NONE	BAF_WEIGHTED	783	0.4102	154864001	154864001	0	2
chr6	155661001	156660000	1.5809	512	0.6627	0.9424	NONE	NONE	BAF_WEIGHTED	954	0.3934	155661001	155661001	0	1
chr6	156660001	157954888	2.5641	694	0.6896	0.8891	NONE	DUP	BAF_WEIGHTED	1245	0.4314	156660001	156660001	0	2
chr6	157954889	158270228	3.5039	1	0.6111	0.6949	DUP	DUP	BAF_WEIGHTED	298	0.4524	157954889	157954889	1	2
chr6	158270229	159166000	2.6071	413	0.6818	0.8667	DUP	NONE	BAF_WEIGHTED	853	0.4424	158270229	158270229	0	2
chr6	159166001	159642000	1.5312	142	0.6793	0.9897	NONE	NONE	BAF_WEIGHTED	450	0.4285	159166001	159166001	0	2
chr6	159642001	160159000	2.2616	255	0.6786	0.888	NONE	NONE	BAF_WEIGHTED	478	0.4458	159642001	159642001	0	2
chr6	160159001	160952000	1.3379	574	0.6667	0.997	NONE	NONE	BAF_WEIGHTED	652	0.4094	160159001	160159001	0	1
chr6	160952001	161116000	2.4192	3	0.6	0.7096	NONE	NONE	BAF_WEIGHTED	162	0.395	160952001	160952001	1	2
chr6	161116001	161444000	1.6964	191	0.6667	0.9272	NONE	NONE	BAF_WEIGHTED	315	0.4434	161116001	161116001	0	2
chr6	161444001	163384000	1.2715	1298	0.6716	1.0285	NONE	NONE	BAF_WEIGHTED	1662	0.4006	161444001	161444001	0	1
chr6	163384001	163579000	2.7341	90	0.6614	0.818	NONE	NONE	BAF_WEIGHTED	192	0.3741	163384001	163384001	0	2
chr6	163579001	166230000	1.3821	1993	0.6806	1.0285	NONE	NONE	BAF_WEIGHTED	2508	0.4021	163579001	163579001	0	1
chr6	166230001	166868000	2.1006	300	0.6815	0.9021	NONE	NONE	BAF_WEIGHTED	594	0.4616	166230001	166230001	0	2
chr6	166868001	167198000	2.6028	156	0.6793	0.8619	NONE	NONE	BAF_WEIGHTED	273	0.4394	166868001	166868001	0	2
chr6	167198001	167739000	1.7309	534	0.7	1.0063	NONE	NONE	BAF_WEIGHTED	388	0.4755	167198001	167198001	0	2
chr6	167739001	168072000	2.3702	363	0.7143	0.954	NONE	NONE	BAF_WEIGHTED	302	0.4415	167739001	167739001	0	2
chr6	168072001	169408000	1.5082	928	0.6784	1.0033	NONE	NONE	BAF_WEIGHTED	1202	0.4594	168072001	168072001	0	2
chr6	169408001	169838000	2.0525	279	0.6667	0.882	NONE	NONE	BAF_WEIGHTED	404	0.4259	169408001	169408001	0	2
chr6	169838001	170275000	1.6311	120	0.6667	0.9377	NONE	NONE	BAF_WEIGHTED	367	0.5128	169838001	169838001	0	2
chr6	170275001	170805979	2.5841	42	0.712	0.9295	NONE	TELOMERE	BAF_WEIGHTED	117	0.4548	170275001	170275001	0	2
chr7	1	781000	3.2424	776	0.6364	0.7479	TELOMERE	NONE	BAF_WEIGHTED	503	0.5484	1	1	1	2
chr7	781001	1188000	4.1447	437	0.635	0.7214	NONE	NONE	BAF_WEIGHTED	260	0.5518	781001	781001	1	3
chr7	1188001	1416000	2.9192	113	0.619	0.7262	NONE	NONE	BAF_WEIGHTED	158	0.5592	1188001	1188001	1	2
chr7	1416001	1581000	4.1625	180	0.6279	0.7094	NONE	NONE	BAF_WEIGHTED	76	0.6017	1416001	1416001	1	3
chr7	1581001	2167500	3.1526	443	0.6316	0.7423	NONE	NONE	BAF_WEIGHTED	376	0.5515	1581001	1581001	1	2
chr7	2167501	3491000	3.9131	1364	0.6352	0.7276	NONE	NONE	BAF_WEIGHTED	1148	0.4845	2167001	2168001	1	3
chr7	3491001	3943000	2.9314	233	0.6316	0.7506	NONE	NONE	BAF_WEIGHTED	438	0.4084	3491001	3491001	1	2
chr7	3943001	4602000	2.3856	548	0.6176	0.7483	NONE	NONE	BAF_WEIGHTED	613	0.4679	3943001	3943001	1	2
chr7	4602001	4869000	3.8956	103	0.6393	0.7341	NONE	NONE	BAF_WEIGHTED	226	0.5129	4602001	4602001	1	3
chr7	4869001	5177000	3.1638	82	0.6286	0.7364	NONE	NONE	BAF_WEIGHTED	233	0.4877	4869001	4869001	1	2
chr7	5177001	8312000	4.0394	1641	0.6349	0.7273	NONE	NONE	BAF_WEIGHTED	2428	0.4376	5177001	5177001	1	3
chr7	8312001	10875000	2.6741	1899	0.636	0.774	NONE	NONE	BAF_WEIGHTED	2396	0.3548	8312001	8312001	1	2
chr7	10875001	11347000	3.934	215	0.6316	0.7203	NONE	NONE	BAF_WEIGHTED	459	0.368	10875001	10875001	1	3
chr7	11347001	12159000	3.0676	820	0.6333	0.7485	NONE	NONE	BAF_WEIGHTED	786	0.3535	11347001	11347001	1	2
chr7	12159001	13444163	3.779	950	0.6339	0.7283	NONE	DEL	BAF_WEIGHTED	1217	0.3628	12159001	12159001	1	3
chr7	13444164	13444200	2.855	0	0	0.6404	DEL	DEL	STRUCTURAL_VARIANT	0	0	13444164	13444164	1	2
chr7	13444201	14474000	3.2456	617	0.6392	0.753	DEL	NONE	BAF_WEIGHTED	968	0.3562	13444201	13444201	1	2
chr7	14474001	15683000	2.621	961	0.6296	0.7607	NONE	NONE	BAF_WEIGHTED	1166	0.3495	14474001	14474001	1	2
chr7	15683001	16616000	3.3487	654	0.6363	0.7444	NONE	NONE	BAF_WEIGHTED	891	0.3666	15683001	15683001	1	2
chr7	16616001	19128000	4.2841	1502	0.6393	0.725	NONE	NONE	BAF_WEIGHTED	2413	0.3686	16616001	16616001	1	3
chr7	19128001	20124500	3.4161	674	0.6296	0.7302	NONE	NONE	BAF_WEIGHTED	909	0.3578	19128001	19128001	1	2
chr7	20124501	20659000	4.0142	359	0.6383	0.7296	NONE	NONE	BAF_WEIGHTED	508	0.3693	20123001	20126001	1	3
chr7	20659001	21250000	2.9556	388	0.6333	0.7529	NONE	NONE	BAF_WEIGHTED	561	0.3878	20659001	20659001	1	2
chr7	21250001	21509000	3.9933	145	0.625	0.708	NONE	NONE	BAF_WEIGHTED	250	0.3886	21250001	21250001	1	3
chr7	21509001	22086000	3.0853	649	0.625	0.7327	NONE	NONE	BAF_WEIGHTED	560	0.3952	21509001	21509001	1	2
chr7	22086001	23885000	3.6533	1139	0.6233	0.7132	NONE	NONE	BAF_WEIGHTED	1655	0.4063	22086001	22086001	1	3
chr7	23885001	24559000	2.532	474	0.619	0.7436	NONE	NONE	BAF_WEIGHTED	633	0.4012	23885001	23885001	1	2
chr7	24559001	25833000	3.1412	624	0.6268	0.7351	NONE	NONE	BAF_WEIGHTED	1208	0.4066	24559001	24559001	1	2
chr7	25833001	26460000	4.1685	271	0.637	0.7235	NONE	NONE	BAF_WEIGHTED	593	0.4219	25833001	25833001	1	3
chr7	26460001	27594000	3.5482	984	0.6297	0.7267	NONE	NONE	BAF_WEIGHTED	1056	0.4167	26460001	26460001	1	3
chr7	27594001	28214000	4.1505	244	0.6201	0.6963	NONE	NONE	BAF_WEIGHTED	600	0.3994	27594001	27594001	1	3
chr7	28214001	28636516	3.1466	258	0.6158	0.7134	NONE	BND	BAF_WEIGHTED	413	0.4053	28214001	28214001	1	2
chr7	28636517	28849000	2.3745	97	0.5926	0.6961	BND	NONE	BAF_WEIGHTED	207	0.4056	28636517	28636517	1	2
chr7	28849001	30233000	3.1212	681	0.5893	0.6649	NONE	NONE	BAF_WEIGHTED	1238	0.417	28849001	28849001	1	2
chr7	30233001	30611000	3.7658	97	0.5938	0.6598	NONE	NONE	BAF_WEIGHTED	327	0.41	30233001	30233001	1	2
chr7	30611001	31012000	2.8204	184	0.5747	0.6454	NONE	NONE	BAF_WEIGHTED	376	0.4908	30611001	30611001	1	2
chr7	31012001	31662000	2.24	487	0.5882	0.6925	NONE	NONE	BAF_WEIGHTED	610	0.4125	31012001	31012001	1	2
chr7	31662001	32467500	1.8991	622	0.5833	0.6996	NONE	NONE	BAF_WEIGHTED	760	0.4042	31662001	31662001	1	1
chr7	32467501	33920000	3.1426	648	0.5862	0.6589	NONE	NONE	BAF_WEIGHTED	1139	0.3972	32464001	32471001	1	2
chr7	33920001	34677645	2.6091	234	0.6071	0.7164	NONE	DEL	BAF_WEIGHTED	693	0.3941	33920001	33920001	1	2
chr7	34677646	34677677	1.787	0	0	0.5153	DEL	DEL	STRUCTURAL_VARIANT	0	0	34677646	34677646	1	1
chr7	34677678	35621000	2.6404	444	0.5858	0.672	DEL	NONE	BAF_WEIGHTED	609	0.4112	34677678	34677678	1	2
chr7	35621001	36431000	3.5194	419	0.5825	0.6315	NONE	NONE	BAF_WEIGHTED	683	0.4179	35621001	35621001	1	2
chr7	36431001	38933000	2.7809	1578	0.5867	0.6453	NONE	NONE	BAF_WEIGHTED	2206	0.3996	36431001	36431001	1	2
chr7	38933001	39555000	2.3166	318	0.5909	0.6949	NONE	NONE	BAF_WEIGHTED	602	0.3962	38933001	38933001	1	2
chr7	39555001	40113000	3.3713	270	0.5833	0.6488	NONE	NONE	BAF_WEIGHTED	470	0.403	39555001	39555001	1	2
chr7	40113001	43574000	2.4579	1726	0.5916	0.6905	NONE	NONE	BAF_WEIGHTED	3273	0.3991	40113001	40113001	1	2
chr7	43574001	43838000	4.0127	163	0.5789	0.631	NONE	NONE	BAF_WEIGHTED	250	0.416	43574001	43574001	1	3
chr7	43838001	48175000	2.9793	2320	0.5859	0.6637	NONE	NONE	BAF_WEIGHTED	3875	0.4419	43838001	43838001	1	2
chr7	48175001	50052000	1.8328	1498	0.5897	0.72	NONE	NONE	BAF_WEIGHTED	1735	0.3755	48175001	48175001	1	1
chr7	50052001	51445000	2.7053	675	0.588	0.6743	NONE	NONE	BAF_WEIGHTED	1292	0.4295	50052001	50052001	1	2
chr7	51445001	52418000	1.8489	1006	0.5944	0.7301	NONE	NONE	BAF_WEIGHTED	903	0.3911	51445001	51445001	0	1
chr7	52418001	55346000	2.3591	1876	0.5862	0.683	NONE	NONE	BAF_WEIGHTED	2735	0.379	52418001	52418001	1	2
chr7	55346001	55589000	3.3498	31	0.6154	0.7067	NONE	NONE	BAF_WEIGHTED	220	0.4522	55346001	55346001	1	2
chr7	55589001	55887500	2.1393	118	0.5714	0.5326	NONE	NONE	BAF_WEIGHTED	165	0.4238	55589001	55589001	1	1
chr7	55887501	56233000	2.7853	159	0.5857	0.6668	NONE	NONE	BAF_WEIGHTED	319	0.4501	55887001	55888001	1	2
chr7	56233001	59498943	1.509	851	0.6	0.7809	NONE	CENTROMERE	BAF_WEIGHTED	652	0.432	56233001	56233001	0	1
chr7	59498944	64302000	1.5182	862	0.5909	0.7496	CENTROMERE	NONE	BAF_WEIGHTED	558	0.4183	59498944	59498944	0	1
chr7	64302001	67315500	3.0368	829	0.5924	0.6726	NONE	NONE	BAF_WEIGHTED	1835	0.431	64302001	64302001	1	2
chr7	67315501	69592000	1.8815	1493	0.5886	0.7137	NONE	NONE	BAF_WEIGHTED	2066	0.4397	67315001	67316001	1	1
chr7	69592001	70807000	2.8877	369	0.5864	0.6623	NONE	NONE	BAF_WEIGHTED	1193	0.4114	69592001	69592001	1	2
chr7	70807001	72283000	1.6323	1178	0.5882	0.7315	NONE	NONE	BAF_WEIGHTED	1443	0.4392	70807001	70807001	0	1
chr7	72283001	73434500	2.2628	209	0.5926	0.7011	NONE	NONE	BAF_WEIGHTED	347	0.4527	72283001	72283001	1	2
chr7	73434501	76282500	3.1009	859	0.5829	0.6551	NONE	NONE	BAF_WEIGHTED	1750	0.4989	73433001	73436001	1	2
chr7	76282501	77910000	3.6309	1139	0.5926	0.6602	NONE	NONE	BAF_WEIGHTED	857	0.4179	76281001	76284001	1	2
chr7	77910001	78054000	2.9695	105	0.6	0.6893	NONE	NONE	BAF_WEIGHTED	140	0.4061	77910001	77910001	1	2
chr7	78054001	80000000	1.9979	1174	0.6	0.7318	NONE	NONE	BAF_WEIGHTED	1846	0.3605	78054001	78054001	1	1
chr7	80000001	80417000	2.4256	193	0.5938	0.6963	NONE	NONE	BAF_WEIGHTED	414	0.366	80000001	80000001	1	2
chr7	80417001	82755000	2.8876	1115	0.5868	0.666	NONE	NONE	BAF_WEIGHTED	2246	0.359	80417001	80417001	1	2
chr7	82755001	85493000	2.3543	1431	0.5926	0.6969	NONE	NONE	BAF_WEIGHTED	2585	0.3427	82755001	82755001	1	2
chr7	85493001	86662000	1.9538	643	0.5904	0.7122	NONE	NONE	BAF_WEIGHTED	1088	0.3464	85493001	85493001	1	1
chr7	86662001	86905000	2.6773	31	0.5897	0.6785	NONE	NONE	BAF_WEIGHTED	239	0.3689	86662001	86662001	1	2
chr7	86905001	87304000	3.4161	263	0.6	0.6776	NONE	NONE	BAF_WEIGHTED	358	0.3799	86905001	86905001	1	2
chr7	87304001	91937000	2.8082	1859	0.5958	0.687	NONE	NONE	BAF_WEIGHTED	4202	0.3692	87304001	87304001	1	2
chr7	91937001	92857000	3.5323	277	0.5946	0.6656	NONE	NONE	BAF_WEIGHTED	865	0.3807	91937001	91937001	1	2
chr7	92857001	95704000	2.9984	864	0.5907	0.6634	NONE	NONE	BAF_WEIGHTED	2643	0.3688	92857001	92857001	1	2
chr7	95704001	96724000	2.6851	306	0.5806	0.6602	NONE	NONE	BAF_WEIGHTED	970	0.3846	95704001	95704001	1	2
chr7	96724001	97220000	2.1968	330	0.5843	0.6861	NONE	NONE	BAF_WEIGHTED	464	0.3946	96724001	96724001	1	2
chr7	97220001	97740000	1.7702	243	0.5833	0.7081	NONE	NONE	BAF_WEIGHTED	473	0.3891	97220001	97220001	1	1
chr7	97740001	98092000	2.293	166	0.6099	0.737	NONE	NONE	BAF_WEIGHTED	203	0.4259	97740001	97740001	1	2
chr7	98092001	98317000	3.2267	90	0.6111	0.7024	NONE	NONE	BAF_WEIGHTED	201	0.4822	98092001	98092001	1	2
chr7	98317001	98868000	2.1504	257	0.5991	0.7229	NONE	NONE	BAF_WEIGHTED	543	0.476	98317001	98317001	1	2
chr7	98868001	99894000	3.0878	91	0.6	0.6859	NONE	NONE	BAF_WEIGHTED	954	0.4569	98868001	98868001	1	2
chr7	99894001	100631000	3.6919	235	0.5866	0.6488	NONE	NONE	BAF_WEIGHTED	531	0.4961	99894001	99894001	1	2
chr7	100631001	103448000	2.9912	778	0.5893	0.6684	NONE	NONE	BAF_WEIGHTED	2054	0.4821	100631001	100631001	1	2
chr7	103448001	104904000	2.3106	619	0.6	0.7147	NONE	NONE	BAF_WEIGHTED	1323	0.3857	103448001	103448001	1	2
chr7	104904001	105107000	4.0194	92	0.5572	0.5024	NONE	NONE	BAF_WEIGHTED	199	0.4046	104904001	104904001	2	2
chr7	105107001	108356556	3.3528	1642	0.5908	0.6624	NONE	DEL	BAF_WEIGHTED	3080	0.4074	105107001	105107001	1	2
chr7	108356557	108356588	1.906	0	0	1	DEL	DEL	STRUCTURAL_VARIANT	0	0	108356557	108356557	0	2
chr7	108356589	108656500	3.3792	59	0.5789	0.6408	DEL	NONE	BAF_WEIGHTED	282	0.3884	108356589	108356589	1	2
chr7	108656501	112144000	2.7007	1681	0.5979	0.698	NONE	NONE	BAF_WEIGHTED	3226	0.3637	108656001	108657001	1	2
chr7	112144001	112498000	3.4185	230	0.5862	0.6531	NONE	NONE	BAF_WEIGHTED	327	0.3915	112144001	112144001	1	2
chr7	112498001	112743000	2.5842	191	0.5976	0.6927	NONE	NONE	BAF_WEIGHTED	224	0.389	112498001	112498001	1	2
chr7	112743001	112962000	3.3979	87	0.5909	0.6618	NONE	NONE	BAF_WEIGHTED	203	0.3646	112743001	112743001	1	2
chr7	112962001	114847000	2.506	458	0.5946	0.6947	NONE	NONE	BAF_WEIGHTED	1749	0.3564	112962001	112962001	1	2
chr7	114847001	118294000	3.0969	980	0.5816	0.6384	NONE	NONE	BAF_WEIGHTED	3302	0.3705	114847001	114847001	1	2
chr7	118294001	119990000	2.0322	898	0.5926	0.7134	NONE	NONE	BAF_WEIGHTED	1593	0.3434	118294001	118294001	1	1
chr7	119990001	120803000	2.5309	236	0.6055	0.7159	NONE	NONE	BAF_WEIGHTED	784	0.353	119990001	119990001	1	2
chr7	120803001	121111000	3.3144	201	0.5946	0.6703	NONE	NONE	BAF_WEIGHTED	289	0.3649	120803001	120803001	1	2
chr7	121111001	121353000	2.745	91	0.5833	0.6638	NONE	NONE	BAF_WEIGHTED	218	0.3667	121111001	121111001	1	2
chr7	121353001	121592000	3.577	61	0.6176	0.7048	NONE	NONE	BAF_WEIGHTED	223	0.3743	121353001	121353001	1	3
chr7	121592001	123518000	2.73	1242	0.5966	0.6905	NONE	NONE	BAF_WEIGHTED	1820	0.3656	121592001	121592001	1	2
chr7	123518001	123931000	3.4218	177	0.5926	0.6643	NONE	NONE	BAF_WEIGHTED	378	0.3744	123518001	123518001	1	2
chr7	123931001	124756000	2.3493	431	0.6087	0.7314	NONE	NONE	BAF_WEIGHTED	766	0.3625	123931001	123931001	1	2
chr7	124756001	125010000	3.0723	434	0.5885	0.664	NONE	NONE	BAF_WEIGHTED	235	0.3584	124756001	124756001	1	2
chr7	125010001	125348000	2.2543	267	0.6	0.7176	NONE	NONE	BAF_WEIGHTED	315	0.3546	125010001	125010001	1	2
chr7	125348001	127327000	1.8896	829	0.5883	0.7117	NONE	NONE	BAF_WEIGHTED	1838	0.3589	125348001	125348001	1	1
chr7	127327001	131553000	3.3698	1980	0.5877	0.6569	NONE	NONE	BAF_WEIGHTED	3755	0.432	127327001	127327001	1	2
chr7	131553001	132702000	2.637	456	0.5944	0.6896	NONE	NONE	BAF_WEIGHTED	1115	0.4609	131553001	131553001	1	2
chr7	132702001	136093000	3.1268	1546	0.5904	0.6669	NONE	NONE	BAF_WEIGHTED	3278	0.4029	132702001	132702001	1	2
chr7	136093001	137892000	2.0581	990	0.5927	0.7185	NONE	NONE	BAF_WEIGHTED	1687	0.3758	136093001	136093001	1	1
chr7	137892001	138021000	3.8868	10	0.5903	0.6519	NONE	NONE	BAF_WEIGHTED	129	0.4316	137892001	137892001	1	3
chr7	138021001	141059000	3.2458	1372	0.5826	0.6435	NONE	NONE	BAF_WEIGHTED	2896	0.4323	138021001	138021001	1	2
chr7	141059001	141532000	2.4239	151	0.5941	0.697	NONE	NONE	BAF_WEIGHTED	454	0.4356	141059001	141059001	1	2
chr7	141532001	141779000	3.3035	114	0.5848	0.6528	NONE	NONE	BAF_WEIGHTED	230	0.4055	141532001	141532001	1	2
chr7	141779001	141939000	2.3753	137	0.5806	0.6706	NONE	NONE	BAF_WEIGHTED	143	0.3908	141779001	141779001	1	2
chr7	141939001	143212000	2.8562	1016	0.592	0.6816	NONE	NONE	BAF_WEIGHTED	1114	0.415	141939001	141939001	1	2
chr7	143212001	143742000	3.7616	175	0.6	0.6705	NONE	NONE	BAF_WEIGHTED	308	0.4419	143212001	143212001	1	3
chr7	143742001	144898000	2.9698	340	0.5848	0.6573	NONE	NONE	BAF_WEIGHTED	782	0.3783	143742001	143847001	1	2
chr7	144898001	145100000	2.2543	65	0.5926	0.7015	NONE	NONE	BAF_WEIGHTED	193	0.3702	144898001	144898001	1	2
chr7	145100001	148492000	1.8749	2869	0.5932	0.7261	NONE	NONE	BAF_WEIGHTED	3193	0.3709	145100001	145100001	1	1
chr7	148492001	152851000	3.2334	2971	0.593	0.6696	NONE	NONE	BAF_WEIGHTED	3292	0.4643	148492001	148492001	1	2
chr7	152851001	153664000	2.0292	481	0.5928	0.7142	NONE	NONE	BAF_WEIGHTED	768	0.424	152851001	152851001	1	1
chr7	153664001	154916000	1.6023	789	0.5888	0.7362	NONE	NONE	BAF_WEIGHTED	884	0.4363	153664001	153664001	0	1
chr7	154916001	155033000	3.24	22	0.5621	0.6173	NONE	NONE	BAF_WEIGHTED	114	0.4203	154916001	154916001	1	2
chr7	155033001	155195000	2.0546	231	0.5833	0.6908	NONE	NONE	BAF_WEIGHTED	151	0.4523	155033001	155033001	1	1
chr7	155195001	155321000	3.2394	129	0.5833	0.6515	NONE	NONE	BAF_WEIGHTED	115	0.4983	155195001	155195001	1	2
chr7	155321001	155639000	2.3687	380	0.5843	0.6788	NONE	NONE	BAF_WEIGHTED	272	0.5076	155321001	155321001	1	2
chr7	155639001	155813000	3.4112	93	0.5833	0.648	NONE	NONE	BAF_WEIGHTED	156	0.4375	155639001	155639001	1	2
chr7	155813001	156614000	1.8199	594	0.5938	0.7304	NONE	NONE	BAF_WEIGHTED	767	0.4621	155813001	155813001	0	1
chr7	156614001	156977000	3.1275	220	0.5923	0.6706	NONE	NONE	BAF_WEIGHTED	341	0.4122	156614001	156614001	1	2
chr7	156977001	157130000	2.3148	13	0.6047	0.7246	NONE	NONE	BAF_WEIGHTED	136	0.4898	156977001	156977001	1	2
chr7	157130001	157418500	3.633	219	0.5957	0.6655	NONE	NONE	BAF_WEIGHTED	270	0.4627	157130001	157130001	1	2
chr7	157418501	157979000	2.2398	418	0.5833	0.6819	NONE	NONE	BAF_WEIGHTED	449	0.519	157418001	157419001	1	2
chr7	157979001	158218856	1.815	116	0.5886	0.7179	NONE	DEL	BAF_WEIGHTED	204	0.4912	157976001	157979001	1	1
chr7	158218857	158218892	1.3703	0	0	0.5617	DEL	DEL	STRUCTURAL_VARIANT	0	0	158218857	158218857	1	1
chr7	158218893	158596000	2.077	334	0.5926	0.7108	DEL	NONE	BAF_WEIGHTED	293	0.5057	158218893	158218893	1	1
chr7	158596001	159345973	3.0366	252	0.5833	0.6566	NONE	TELOMERE	BAF_WEIGHTED	648	0.4496	158595001	158596001	1	2
chr8	1	833000	0.9792	619	0.6178	0.9621	TELOMERE	NONE	BAF_WEIGHTED	429	0.4633	1	1	0	1
chr8	833001	1671000	0.5053	914	0.625	1	NONE	NONE	BAF_WEIGHTED	684	0.4722	833001	833001	0	1
chr8	1671001	2014000	1.1946	421	0.631	0.9243	NONE	NONE	BAF_WEIGHTED	293	0.4871	1671001	1671001	0	1
chr8	2014001	6391000	0.4546	5230	0.6153	1	NONE	NONE	BAF_WEIGHTED	3981	0.3913	2014001	2014001	0	0
chr8	6391001	6804000	1.4931	219	0.619	0.8303	NONE	NONE	BAF_WEIGHTED	402	0.4232	6391001	6391001	0	1
chr8	6804001	7075000	0.9056	257	0.625	1	NONE	NONE	BAF_WEIGHTED	207	0.4604	6804001	6804001	0	1
chr8	7075001	9185500	1.5999	559	0.6286	0.8417	NONE	NONE	BAF_WEIGHTED	910	0.4266	7075001	7075001	0	1
chr8	9185501	9551000	0.8723	262	0.619	1	NONE	NONE	BAF_WEIGHTED	353	0.4307	9185001	9186001	0	1
chr8	9551001	9771000	1.6129	2	0.6359	0.8591	NONE	NONE	BAF_WEIGHTED	206	0.3665	9551001	9551001	0	1
chr8	9771001	11765000	0.977	908	0.6135	0.9788	NONE	NONE	BAF_WEIGHTED	1898	0.4533	9771001	9771001	0	1
chr8	11765001	11950000	1.72	165	0.6364	0.8466	NONE	NONE	BAF_WEIGHTED	153	0.4739	11765001	11765001	0	1
chr8	11950001	14425462	0.7424	2059	0.6273	0.9999	NONE	INV	BAF_WEIGHTED	1703	0.3792	11950001	11950001	0	1
chr8	14425463	15102381	3.8233	701	0.7143	0.8629	INV	DUP	BAF_WEIGHTED	647	0.3511	14425463	14425463	1	3
chr8	15102382	15281733	6.5148	98	0.7936	0.9131	DUP	SGL	BAF_WEIGHTED	175	0.3719	15102382	15102382	1	6
chr8	15281734	15532000	3.715	270	0.6897	0.8251	SGL	NONE	BAF_WEIGHTED	241	0.3761	15281734	15281734	1	3
chr8	15532001	16947000	4.3692	1094	0.6887	0.8035	NONE	NONE	BAF_WEIGHTED	1347	0.3629	15532001	15532001	1	4
chr8	16947001	17903000	1.2728	718	0.6402	0.9316	NONE	NONE	BAF_WEIGHTED	928	0.3946	16944001	16950001	0	1
chr8	17903001	18012000	1.9374	97	0.6454	0.8393	NONE	NONE	BAF_WEIGHTED	107	0.3714	17903001	17903001	0	2
chr8	18012001	20409000	1.3108	2315	0.6323	0.9033	NONE	NONE	BAF_WEIGHTED	2306	0.4107	18012001	18012001	0	1
chr8	20409001	21888000	0.8808	841	0.6067	1	NONE	NONE	BAF_WEIGHTED	1402	0.4466	20409001	20409001	0	1
chr8	21888001	23575000	1.544	912	0.6175	0.8198	NONE	NONE	BAF_WEIGHTED	1557	0.4777	21888001	21888001	0	1
chr8	23575001	26266000	0.9229	1663	0.6189	0.9736	NONE	NONE	BAF_WEIGHTED	2561	0.4023	23575001	23575001	0	1
chr8	26266001	26391000	1.9947	45	0.6316	0.8065	NONE	NONE	BAF_WEIGHTED	122	0.3954	26266001	26266001	0	2
chr8	26391001	26673000	1.2853	212	0.6207	0.8697	NONE	NONE	BAF_WEIGHTED	270	0.4466	26391001	26391001	0	1
chr8	26673001	27275500	0.7855	533	0.619	1	NONE	NONE	BAF_WEIGHTED	566	0.4006	26673001	26673001	0	1
chr8	27275501	27429000	1.9355	101	0.6059	0.7553	NONE	NONE	BAF_WEIGHTED	151	0.4594	27275001	27276001	0	1
chr8	27429001	28852000	1.3503	784	0.6296	0.8841	NONE	NONE	BAF_WEIGHTED	1383	0.4425	27429001	27429001	0	1
chr8	28852001	30070000	1.7696	672	0.6316	0.8288	NONE	NONE	BAF_WEIGHTED	1174	0.4176	28852001	28852001	0	1
chr8	30070001	30344000	3.4388	33	0.6122	0.6987	NONE	NONE	BAF_WEIGHTED	268	0.4321	30070001	30070001	1	2
chr8	30344001	31279000	1.2581	585	0.6233	0.8899	NONE	NONE	BAF_WEIGHTED	882	0.4045	30344001	30344001	0	1
chr8	31279001	33450000	0.6269	1269	0.6189	0.9995	NONE	NONE	BAF_WEIGHTED	2004	0.3817	31279001	31279001	0	1
chr8	33450001	33579000	1.4365	0	0	0.5638	NONE	NONE	BAF_WEIGHTED	126	0.4475	33450001	33450001	1	1
chr8	33579001	35568000	0.5073	1200	0.6286	1	NONE	NONE	BAF_WEIGHTED	1889	0.3827	33579001	33579001	0	1
chr8	35568001	36764000	2.0698	117	0.5983	0.7172	NONE	NONE	BAF_WEIGHTED	1130	0.3859	35568001	35568001	1	1
chr8	36764001	37310000	2.722	344	0.6053	0.7079	NONE	NONE	BAF_WEIGHTED	536	0.4028	36764001	36764001	1	2
chr8	37310001	39864315	3.4513	1002	0.6059	0.6898	NONE	DEL	BAF_WEIGHTED	2287	0.4263	37310001	37310001	1	2
chr8	39864316	40447798	0.9997	420	0.6306	0.9902	DEL	DEL	BAF_WEIGHTED	542	0.399	39864316	39864316	0	1
chr8	40447799	40719692	2.4715	98	0.6154	0.7392	DEL	DEL	BAF_WEIGHTED	256	0.3976	40447799	40447799	1	2
chr8	40719693	40824236	0.4965	7	0.5882	1	DEL	DEL	BAF_WEIGHTED	101	0.4055	40719693	40719693	0	0
chr8	40824237	40879066	2.0643	27	0.5556	0.5156	DEL	DEL	BAF_WEIGHTED	52	0.45	40824237	40824237	1	1
chr8	40879067	41076215	0.6687	56	0.627	1	DEL	DEL	BAF_WEIGHTED	180	0.4315	40879067	40879067	0	1
chr8	41076216	41935000	2.5655	230	0.6052	0.718	DEL	NONE	BAF_WEIGHTED	668	0.4683	41076216	41076216	1	2
chr8	41935001	43242000	3.4004	167	0.5867	0.6522	NONE	NONE	BAF_WEIGHTED	1225	0.4334	41935001	41935001	1	2
chr8	43242001	44955504	2.421	13	0.5882	0.6848	NONE	CENTROMERE	BAF_WEIGHTED	194	0.3796	43237001	43242001	1	2
chr8	44955505	46901000	1.9695	4	0.6547	0.8735	CENTROMERE	NONE	BAF_WEIGHTED	382	0.4037	44955505	44955505	0	2
chr8	46901001	47253000	2.8219	211	0.6	0.6939	NONE	NONE	BAF_WEIGHTED	295	0.4233	46901001	46901001	1	2
chr8	47253001	47691000	4.0142	107	0.5965	0.6602	NONE	NONE	BAF_WEIGHTED	374	0.4039	47253001	47253001	1	3
chr8	47691001	48104000	3.329	19	0.6071	0.6924	NONE	NONE	BAF_WEIGHTED	396	0.4312	47691001	47691001	1	2
chr8	48104001	49714864	2.1479	385	0.6016	0.7227	NONE	DEL	BAF_WEIGHTED	1473	0.4029	48104001	48104001	1	2
chr8	49714865	49788821	0.4971	3	0.5263	0.5777	DEL	DEL	BAF_WEIGHTED	71	0.3715	49714865	49714865	0	0
chr8	49788822	51568000	1.8404	1107	0.5938	0.7289	DEL	NONE	BAF_WEIGHTED	1665	0.3612	49788822	49788822	0	1
chr8	51568001	51807000	2.5675	69	0.5835	0.5786	NONE	NONE	BAF_WEIGHTED	222	0.3853	51568001	51568001	1	1
chr8	51807001	52015000	3.7646	25	0.5789	0.6345	NONE	NONE	BAF_WEIGHTED	198	0.3877	51807001	51807001	1	2
chr8	52015001	52615000	2.27	130	0.5862	0.6869	NONE	NONE	BAF_WEIGHTED	577	0.3987	52015001	52015001	1	2
chr8	52615001	52735000	3.3096	0	0	0.5289	NONE	NONE	BAF_WEIGHTED	119	0.3727	52615001	52615001	2	2
chr8	52735001	53299000	2.1714	9	0.619	0.7643	NONE	NONE	BAF_WEIGHTED	528	0.3981	52735001	52735001	1	2
chr8	53299001	53692000	2.7214	192	0.6212	0.7392	NONE	NONE	BAF_WEIGHTED	351	0.4051	53299001	53299001	1	2
chr8	53692001	53848000	3.7286	105	0.5946	0.6619	NONE	NONE	BAF_WEIGHTED	136	0.3916	53692001	53692001	1	2
chr8	53848001	53995000	2.7508	66	0.6	0.6964	NONE	NONE	BAF_WEIGHTED	132	0.4229	53848001	53848001	1	2
chr8	53995001	54173000	3.5141	147	0.6	0.6754	NONE	NONE	BAF_WEIGHTED	161	0.4166	53995001	53995001	1	2
chr8	54173001	54832000	2.4243	372	0.5909	0.6903	NONE	NONE	BAF_WEIGHTED	629	0.4034	54173001	54173001	1	2
chr8	54832001	55689000	1.7763	395	0.5926	0.7308	NONE	NONE	BAF_WEIGHTED	792	0.3989	54832001	54832001	0	1
chr8	55689001	57971000	2.7582	1647	0.5961	0.6875	NONE	NONE	BAF_WEIGHTED	2124	0.397	55689001	55689001	1	2
chr8	57971001	59133000	3.2348	616	0.5944	0.66	NONE	NONE	BAF_WEIGHTED	1099	0.3856	57971001	57971001	1	2
chr8	59133001	60180000	2.3402	369	0.5909	0.6939	NONE	NONE	BAF_WEIGHTED	967	0.3631	59133001	59133001	1	2
chr8	60180001	60509000	3.1391	136	0.6199	0.7211	NONE	NONE	BAF_WEIGHTED	305	0.4034	60180001	60180001	1	2
chr8	60509001	61142000	3.8721	212	0.5974	0.6672	NONE	NONE	BAF_WEIGHTED	605	0.4136	60509001	60509001	1	3
chr8	61142001	61524000	2.3714	132	0.5955	0.7022	NONE	NONE	BAF_WEIGHTED	348	0.3941	61142001	61142001	1	2
chr8	61524001	61848000	3.3371	51	0.6098	0.6967	NONE	NONE	BAF_WEIGHTED	313	0.3833	61524001	61524001	1	2
chr8	61848001	62979000	2.5923	487	0.6061	0.7146	NONE	NONE	BAF_WEIGHTED	1056	0.3715	61845001	61851001	1	2
chr8	62979001	63050000	3.5359	39	0.5957	0.6675	NONE	NONE	BAF_WEIGHTED	71	0.3948	62979001	62979001	1	2
chr8	63050001	63155000	2.5532	43	0.6154	0.7359	NONE	NONE	BAF_WEIGHTED	88	0.3945	63050001	63050001	1	2
chr8	63155001	63246567	3.4845	0	0	0.5938	NONE	INV	BAF_WEIGHTED	83	0.3869	63155001	63155001	1	2
chr8	63246568	63246950	4.8768	0	0	0.5757	INV	BND	STRUCTURAL_VARIANT	0	0	63246568	63246568	2	3
chr8	63246951	63246961	2.1772	0	0	0.9504	BND	INV	STRUCTURAL_VARIANT	0	0	63246951	63246951	0	2
chr8	63246962	65630000	3.5695	928	0.5698	0.5797	INV	NONE	BAF_WEIGHTED	2238	0.3758	63246962	63246962	2	2
chr8	65630001	66196000	5.857	158	0.5688	0.5122	NONE	NONE	BAF_WEIGHTED	545	0.4021	65630001	65630001	3	3
chr8	66196001	66417000	4.5724	68	0.5491	0.5626	NONE	NONE	BAF_WEIGHTED	202	0.4038	66196001	66196001	2	3
chr8	66417001	67839000	5.6883	258	0.5694	0.535	NONE	NONE	BAF_WEIGHTED	1353	0.4002	66417001	66417001	3	3
chr8	67839001	70107000	4.4347	1475	0.5701	0.5499	NONE	NONE	BAF_WEIGHTED	2118	0.385	67839001	67839001	2	2
chr8	70107001	70685000	6.0646	83	0.56	0.5053	NONE	NONE	BAF_WEIGHTED	550	0.3892	70107001	70107001	3	3
chr8	70685001	73269000	4.4066	1233	0.5714	0.5461	NONE	NONE	BAF_WEIGHTED	2385	0.3846	70684001	70686001	2	2
chr8	73269001	74859000	5.1977	808	0.572	0.5663	NONE	NONE	BAF_WEIGHTED	1502	0.3946	73269001	73269001	2	3
chr8	74859001	78583665	4.2807	1592	0.5723	0.5313	NONE	DEL	BAF_WEIGHTED	3514	0.3499	74859001	74859001	2	2
chr8	78583666	78583721	2.8544	0	0	0.7029	DEL	DEL	STRUCTURAL_VARIANT	0	0	78583666	78583666	1	2
chr8	78583722	78739000	5.0949	102	0.5896	0.6361	DEL	NONE	BAF_WEIGHTED	152	0.3484	78583722	78583722	2	3
chr8	78739001	78875000	4.1806	67	0.5667	0.5216	NONE	NONE	BAF_WEIGHTED	130	0.3613	78739001	78739001	2	2
chr8	78875001	79622000	3.4022	353	0.5667	0.5879	NONE	NONE	BAF_WEIGHTED	695	0.3643	78875001	78875001	1	2
chr8	79622001	81878000	5.5449	1148	0.563	0.5443	NONE	NONE	BAF_WEIGHTED	2148	0.3987	79622001	79622001	3	3
chr8	81878001	83841000	4.1755	1358	0.5741	0.521	NONE	NONE	BAF_WEIGHTED	1865	0.3473	81878001	81878001	2	2
chr8	83841001	85049000	3.3225	742	0.5772	0.6256	NONE	NONE	BAF_WEIGHTED	1104	0.3524	83841001	83841001	1	2
chr8	85049001	85303000	4.8623	152	0.5625	0.617	NONE	NONE	BAF_WEIGHTED	235	0.3852	85049001	85049001	2	3
chr8	85303001	85834000	3.9946	94	0.5651	0.5007	NONE	NONE	BAF_WEIGHTED	331	0.3801	85303001	85303001	2	2
chr8	85834001	86080000	4.8741	97	0.5653	0.588	NONE	NONE	BAF_WEIGHTED	234	0.3785	85834001	85834001	2	3
chr8	86080001	86552000	5.8086	27	0.561	0.5165	NONE	NONE	BAF_WEIGHTED	459	0.381	86080001	86080001	3	3
chr8	86552001	89705000	4.2956	1395	0.5689	0.5267	NONE	NONE	BAF_WEIGHTED	2894	0.3569	86552001	86552001	2	2
chr8	89705001	90037000	5.9363	4	0.5806	0.6165	NONE	NONE	BAF_WEIGHTED	314	0.3773	89705001	89705001	2	4
chr8	90037001	90567000	4.6511	138	0.5747	0.57	NONE	NONE	BAF_WEIGHTED	489	0.3729	90037001	90037001	2	3
chr8	90567001	90908296	5.6403	214	0.5507	0.5392	NONE	DEL	BAF_WEIGHTED	327	0.3797	90567001	90567001	3	3
chr8	90908297	90917169	3.4097	0	0	0.7622	DEL	DEL	BAF_WEIGHTED	8	0.3559	90908297	90908297	1	3
chr8	90917170	91103000	5.7003	4	0.5752	0.5263	DEL	NONE	BAF_WEIGHTED	182	0.3612	90917170	90917170	3	3
chr8	91103001	91481000	4.3752	0	0	0.6967	NONE	NONE	BAF_WEIGHTED	356	0.3628	91103001	91103001	1	3
chr8	91481001	91975000	3.3271	109	0.5625	0.6011	NONE	NONE	BAF_WEIGHTED	432	0.3728	91481001	91481001	1	2
chr8	91975001	92470000	4.285	147	0.5676	0.5333	NONE	NONE	BAF_WEIGHTED	456	0.3771	91975001	91975001	2	2
chr8	92470001	95313000	5.0436	832	0.5644	0.5693	NONE	NONE	BAF_WEIGHTED	2730	0.3962	92470001	92470001	2	3
chr8	95313001	96114703	3.9897	547	0.5714	0.5013	NONE	BND	BAF_WEIGHTED	733	0.393	95313001	95313001	2	2
chr8	96114704	98699694	5.7633	1275	0.5903	0.6312	BND	DUP	BAF_WEIGHTED	2424	0.4109	96114704	96114704	2	4
chr8	98699695	98699715	3.7082	0	0	0.6452	DUP	INV	STRUCTURAL_VARIANT	0	0	98699695	98699695	1	2
chr8	98699716	103516000	6.5595	1761	0.5961	0.6353	INV	NONE	BAF_WEIGHTED	4536	0.4073	98699716	98699716	2	4
chr8	103516001	104596000	4.7739	584	0.6039	0.6626	NONE	NONE	BAF_WEIGHTED	1010	0.3656	103516001	103516001	2	3
chr8	104596001	105744000	4.0411	620	0.605	0.6739	NONE	NONE	BAF_WEIGHTED	1105	0.3695	104596001	104596001	1	3
chr8	105744001	106580000	5.0692	448	0.5936	0.6433	NONE	NONE	BAF_WEIGHTED	794	0.368	105744001	105744001	2	3
chr8	106580001	107788000	5.7414	413	0.6067	0.6597	NONE	NONE	BAF_WEIGHTED	1153	0.3713	106580001	106580001	2	4
chr8	107788001	108183000	4.2947	114	0.5942	0.6524	NONE	NONE	BAF_WEIGHTED	347	0.3805	107788001	107788001	1	3
chr8	108183001	108271000	5.9823	51	0.5849	0.6225	NONE	NONE	BAF_WEIGHTED	86	0.3672	108183001	108183001	2	4
chr8	108271001	108428000	4.3213	107	0.5918	0.6481	NONE	NONE	BAF_WEIGHTED	153	0.3733	108271001	108271001	2	3
chr8	108428001	108492000	6.4688	79	0.6047	0.6476	NONE	NONE	BAF_WEIGHTED	64	0.351	108428001	108428001	2	4
chr8	108492001	109233000	4.5912	509	0.6061	0.6674	NONE	NONE	BAF_WEIGHTED	709	0.3717	108492001	108492001	2	3
chr8	109233001	109671000	5.6463	97	0.6185	0.667	NONE	NONE	BAF_WEIGHTED	418	0.3658	109233001	109233001	2	4
chr8	109671001	110295000	4.1101	287	0.6061	0.6745	NONE	NONE	BAF_WEIGHTED	585	0.3589	109671001	109671001	1	3
chr8	110295001	122719144	5.7991	6241	0.6054	0.6544	NONE	BND	BAF_WEIGHTED	11818	0.3679	110295001	110295001	2	4
chr8	122719145	122720843	4.3357	0	0	0.8753	BND	BND	STRUCTURAL_VARIANT	0	0	122719145	122719145	1	4
chr8	122720844	125953798	7.3107	1522	0.5616	0.543	BND	BND	BAF_WEIGHTED	3139	0.4263	122720844	122720844	3	4
chr8	125953799	126560769	6.1868	422	0.5579	0.5151	BND	DEL	BAF_WEIGHTED	567	0.3931	125953799	125953799	3	3
chr8	126560770	126560852	5.029	0	0	0.7047	DEL	DEL	STRUCTURAL_VARIANT	0	0	126560770	126560770	1	4
chr8	126560853	127723000	6.5445	888	0.5657	0.5415	DEL	NONE	BAF_WEIGHTED	1096	0.4007	126560853	126560853	3	4
chr8	127723001	128277000	8.281	321	0.5556	0.517	NONE	NONE	BAF_WEIGHTED	543	0.4481	127723001	127723001	4	4
chr8	128277001	129837000	6.4314	809	0.5618	0.5256	NONE	NONE	BAF_WEIGHTED	1457	0.3872	128277001	128277001	3	3
chr8	129837001	130457000	7.6469	380	0.5581	0.5246	NONE	NONE	BAF_WEIGHTED	605	0.4247	129837001	129837001	4	4
chr8	130457001	130765000	6.1904	278	0.5522	0.5154	NONE	NONE	BAF_WEIGHTED	303	0.4229	130457001	130457001	3	3
chr8	130765001	131815000	5.0724	687	0.5696	0.5944	NONE	NONE	BAF_WEIGHTED	971	0.3883	130765001	130765001	2	3
chr8	131815001	132058000	7.1395	223	0.5556	0.5603	NONE	NONE	BAF_WEIGHTED	226	0.3847	131815001	131815001	3	4
chr8	132058001	132458000	5.3282	171	0.5532	0.563	NONE	NONE	BAF_WEIGHTED	389	0.4335	132058001	132058001	2	3
chr8	132458001	134073500	7.054	781	0.5598	0.5583	NONE	NONE	BAF_WEIGHTED	1563	0.4381	132458001	132458001	3	4
chr8	134073501	134473000	5.0795	358	0.56	0.5906	NONE	NONE	BAF_WEIGHTED	381	0.4126	134070001	134077001	2	3
chr8	134473001	134911000	6.5692	274	0.5577	0.6089	NONE	NONE	BAF_WEIGHTED	421	0.4326	134473001	134473001	3	4
chr8	134911001	135435000	4.4935	250	0.5679	0.5549	NONE	NONE	BAF_WEIGHTED	500	0.4261	134911001	134911001	2	2
chr8	135435001	135670000	5.9133	130	0.5652	0.5073	NONE	NONE	BAF_WEIGHTED	231	0.3945	135435001	135435001	3	3
chr8	135670001	136456000	4.6024	627	0.5675	0.5508	NONE	NONE	BAF_WEIGHTED	735	0.4	135670001	135670001	2	3
chr8	136456001	137509000	6.2055	560	0.5583	0.5272	NONE	NONE	BAF_WEIGHTED	1002	0.3704	136456001	136456001	3	3
chr8	137509001	138087000	4.3549	336	0.567	0.5377	NONE	NONE	BAF_WEIGHTED	538	0.3844	137509001	137509001	2	2
chr8	138087001	138703000	5.3748	440	0.5625	0.5582	NONE	NONE	BAF_WEIGHTED	579	0.4304	138087001	138087001	2	3
chr8	138703001	139256500	4.4671	308	0.5619	0.5523	NONE	NONE	BAF_WEIGHTED	539	0.4424	138703001	138703001	2	2
chr8	139256501	139419000	6.0065	61	0.5556	0.5005	NONE	NONE	BAF_WEIGHTED	160	0.4356	139256001	139257001	3	3
chr8	139419001	139588000	4.7781	229	0.5581	0.5814	NONE	NONE	BAF_WEIGHTED	165	0.4287	139419001	139419001	2	3
chr8	139588001	140019000	5.7448	145	0.56	0.5222	NONE	NONE	BAF_WEIGHTED	400	0.5041	139588001	139588001	3	3
chr8	140019001	141414000	6.9456	777	0.5606	0.5759	NONE	NONE	BAF_WEIGHTED	1263	0.4718	140019001	140019001	3	4
chr8	141414001	143236000	5.2245	825	0.5588	0.5843	NONE	NONE	BAF_WEIGHTED	1187	0.5393	141409001	141419001	2	3
chr8	143236001	145138636	6.7588	846	0.5618	0.572	NONE	TELOMERE	BAF_WEIGHTED	1015	0.5398	143236001	143236001	3	4
chr9	1	764000	3.98	583	0.619	0.6983	TELOMERE	NONE	BAF_WEIGHTED	544	0.4183	1	1	1	3
chr9	764001	1993000	3.3455	1334	0.6263	0.7268	NONE	NONE	BAF_WEIGHTED	1079	0.4063	764001	764001	1	2
chr9	1993001	2615995	3.9567	655	0.629	0.719	NONE	BND	BAF_WEIGHTED	600	0.401	1993001	1993001	1	3
chr9	2615996	2874000	2.1591	189	0.5597	0.5368	BND	NONE	BAF_WEIGHTED	251	0.404	2615996	2615996	1	1
chr9	2874001	3221000	1.5137	407	0.5769	0.6606	NONE	NONE	BAF_WEIGHTED	323	0.3864	2874001	2874001	1	1
chr9	3221001	3546000	2.3366	33	0.5758	0.572	NONE	NONE	BAF_WEIGHTED	303	0.3505	3221001	3221001	1	1
chr9	3546001	4490500	1.8948	619	0.5714	0.5274	NONE	NONE	BAF_WEIGHTED	902	0.3988	3546001	3546001	1	1
chr9	4490501	6088000	2.5529	961	0.571	0.6087	NONE	NONE	BAF_WEIGHTED	1445	0.3957	4490001	4491001	1	2
chr9	6088001	6339500	1.8132	38	0.5779	0.6918	NONE	NONE	BAF_WEIGHTED	213	0.3905	6088001	6088001	1	1
chr9	6339501	7201000	2.2464	852	0.5714	0.5549	NONE	NONE	BAF_WEIGHTED	811	0.4128	6337001	6342001	1	1
chr9	7201001	12439000	1.4273	3863	0.5795	0.7118	NONE	NONE	BAF_WEIGHTED	4962	0.3599	7201001	7201001	0	1
chr9	12439001	15095000	1.9335	1499	0.5786	0.6654	NONE	NONE	BAF_WEIGHTED	2533	0.3762	12439001	12439001	1	1
chr9	15095001	15562000	2.4619	280	0.5714	0.5938	NONE	NONE	BAF_WEIGHTED	448	0.406	15095001	15095001	1	1
chr9	15562001	17586000	1.7825	1092	0.579	0.6234	NONE	NONE	BAF_WEIGHTED	1881	0.3903	15562001	15562001	1	1
chr9	17586001	18148391	1.1702	434	0.5782	0.6444	NONE	BND	BAF_WEIGHTED	527	0.388	17586001	17586001	0	1
chr9	18148392	19044000	2.6313	610	0.5949	0.6905	BND	NONE	BAF_WEIGHTED	843	0.393	18148392	18148392	1	2
chr9	19044001	19467000	3.5377	202	0.5625	0.5653	NONE	NONE	BAF_WEIGHTED	402	0.4172	19044001	19044001	2	2
chr9	19467001	20312000	2.4106	504	0.5878	0.6841	NONE	NONE	BAF_WEIGHTED	772	0.3947	19467001	19467001	1	2
chr9	20312001	22503000	3.3234	1138	0.593	0.6703	NONE	NONE	BAF_WEIGHTED	1978	0.3754	20312001	20312001	1	2
chr9	22503001	27740000	2.594	2315	0.5937	0.6891	NONE	NONE	BAF_WEIGHTED	4897	0.367	22496001	22508001	1	2
chr9	27740001	29497000	1.9525	1175	0.586	0.6985	NONE	NONE	BAF_WEIGHTED	1643	0.3583	27740001	27740001	1	1
chr9	29497001	32362000	2.5027	2006	0.5941	0.6952	NONE	NONE	BAF_WEIGHTED	2658	0.3511	29497001	29497001	1	2
chr9	32362001	32621000	3.381	32	0.5826	0.6474	NONE	NONE	BAF_WEIGHTED	251	0.4058	32362001	32362001	1	2
chr9	32621001	32956000	2.5638	128	0.6071	0.7178	NONE	NONE	BAF_WEIGHTED	312	0.4141	32621001	32621001	1	2
chr9	32956001	33185599	3.7828	306	0.5882	0.65	NONE	DEL	BAF_WEIGHTED	211	0.4401	32956001	32956001	1	2
chr9	33185600	33185670	2.1657	0	0	0.5437	DEL	DEL	STRUCTURAL_VARIANT	0	0	33185600	33185600	1	1
chr9	33185671	34708000	3.3814	901	0.5855	0.6518	DEL	NONE	BAF_WEIGHTED	1200	0.4587	33185671	33185671	1	2
chr9	34708001	34984000	2.5751	173	0.599	0.7012	NONE	NONE	BAF_WEIGHTED	229	0.4195	34708001	34708001	1	2
chr9	34984001	35130000	3.5468	72	0.5819	0.6432	NONE	NONE	BAF_WEIGHTED	129	0.4798	34984001	34984001	1	2
chr9	35130001	35490404	2.8709	111	0.5778	0.6496	NONE	DEL	BAF_WEIGHTED	333	0.4158	35130001	35130001	1	2
chr9	35490405	35500968	3.2585	0	0	0.604	DEL	DEL	NON_DIPLOID	9	0.389	35490405	35490405	1	2
chr9	35500969	36496000	3.4925	372	0.5826	0.6305	DEL	NONE	BAF_WEIGHTED	947	0.4485	35500969	35500969	1	2
chr9	36496001	37078000	2.7577	116	0.5556	0.6374	NONE	NONE	BAF_WEIGHTED	553	0.4648	36496001	36496001	1	2
chr9	37078001	44377362	3.2258	678	0.5882	0.6607	NONE	CENTROMERE	BAF_WEIGHTED	1362	0.44	37078001	37078001	1	2
chr9	44377363	70247000	2.9041	1104	0.5972	0.6858	CENTROMERE	NONE	BAF_WEIGHTED	1722	0.4095	44377363	44377363	1	2
chr9	70247001	70623000	3.571	120	0.5843	0.647	NONE	NONE	BAF_WEIGHTED	369	0.4098	70247001	70247001	1	2
chr9	70623001	71596000	2.27	595	0.5909	0.6971	NONE	NONE	BAF_WEIGHTED	909	0.3755	70623001	70623001	1	2
chr9	71596001	71995000	3.4863	127	0.5952	0.6676	NONE	NONE	BAF_WEIGHTED	389	0.396	71596001	71596001	1	2
chr9	71995001	72269000	2.3154	152	0.5848	0.6818	NONE	NONE	BAF_WEIGHTED	255	0.4128	71995001	71995001	1	2
chr9	72269001	72605000	3.3541	90	0.5824	0.6474	NONE	NONE	BAF_WEIGHTED	328	0.4114	72269001	72269001	1	2
chr9	72605001	74929000	2.067	728	0.5977	0.7309	NONE	NONE	BAF_WEIGHTED	2123	0.3647	72605001	72605001	1	2
chr9	74929001	75239000	3.338	195	0.5833	0.6495	NONE	NONE	BAF_WEIGHTED	294	0.3983	74929001	74929001	1	2
chr9	75239001	76356000	2.1123	859	0.5917	0.7032	NONE	NONE	BAF_WEIGHTED	1045	0.3933	75239001	75239001	1	1
chr9	76356001	76705000	3.3707	233	0.5882	0.6576	NONE	NONE	BAF_WEIGHTED	328	0.4165	76356001	76356001	1	2
chr9	76705001	77158000	2.2126	235	0.6026	0.7266	NONE	NONE	BAF_WEIGHTED	435	0.4133	76705001	76705001	1	2
chr9	77158001	78279000	3.3686	648	0.5981	0.6757	NONE	NONE	BAF_WEIGHTED	1039	0.3918	77158001	77158001	1	2
chr9	78279001	79451000	2.114	731	0.5917	0.7086	NONE	NONE	BAF_WEIGHTED	1113	0.3919	78279001	78279001	1	1
chr9	79451001	83469562	2.84	2450	0.5949	0.6841	NONE	DEL	BAF_WEIGHTED	3746	0.3858	79451001	79451001	1	2
chr9	83469563	83469599	1.9551	0	0	0.5411	DEL	DEL	STRUCTURAL_VARIANT	0	0	83469563	83469563	1	1
chr9	83469600	83611000	2.9314	96	0.5834	0.6588	DEL	NONE	BAF_WEIGHTED	133	0.4118	83469600	83469600	1	2
chr9	83611001	84004000	3.5268	113	0.6	0.6752	NONE	NONE	BAF_WEIGHTED	274	0.4019	83611001	83611001	1	2
chr9	84004001	84990000	2.8603	543	0.5926	0.6784	NONE	NONE	BAF_WEIGHTED	958	0.4109	84004001	84004001	1	2
chr9	84990001	85560000	2.3455	341	0.586	0.6853	NONE	NONE	BAF_WEIGHTED	539	0.4124	84990001	84990001	1	2
chr9	85560001	86541000	2.9974	215	0.6071	0.7018	NONE	NONE	BAF_WEIGHTED	811	0.4015	85560001	85560001	1	2
chr9	86541001	86927000	2.2241	54	0.5763	0.5504	NONE	NONE	BAF_WEIGHTED	373	0.4145	86540001	86541001	1	1
chr9	86927001	88063000	2.6071	470	0.5833	0.668	NONE	NONE	BAF_WEIGHTED	1049	0.427	86927001	86927001	1	2
chr9	88063001	88762000	3.0231	445	0.5926	0.6738	NONE	NONE	BAF_WEIGHTED	636	0.4358	88063001	88063001	1	2
chr9	88762001	89053000	3.5976	283	0.6042	0.681	NONE	NONE	BAF_WEIGHTED	279	0.4231	88762001	88762001	1	2
chr9	89053001	89294000	2.7841	20	0.6235	0.7411	NONE	NONE	BAF_WEIGHTED	224	0.4211	89053001	89053001	1	2
chr9	89294001	89772000	3.5135	369	0.5818	0.6435	NONE	NONE	BAF_WEIGHTED	461	0.4805	89294001	89294001	1	2
chr9	89772001	90863618	2.7723	720	0.5926	0.6812	NONE	DEL	BAF_WEIGHTED	1001	0.4182	89772001	89772001	1	2
chr9	90863619	90863665	1.7991	0	0	1	DEL	DEL	STRUCTURAL_VARIANT	0	0	90863619	90863619	0	2
chr9	90863666	91435000	3.1792	229	0.5803	0.6343	DEL	NONE	BAF_WEIGHTED	547	0.4291	90863666	90863666	1	2
chr9	91435001	92030000	2.5529	249	0.5909	0.6846	NONE	NONE	BAF_WEIGHTED	575	0.437	91435001	91435001	1	2
chr9	92030001	92946000	3.2539	0	0	0.5371	NONE	NONE	BAF_WEIGHTED	778	0.4272	92030001	92030001	2	2
chr9	92946001	93149000	3.8971	78	0.5736	0.5132	NONE	NONE	BAF_WEIGHTED	175	0.5228	92946001	92946001	2	2
chr9	93149001	93441000	2.9707	170	0.5889	0.6683	NONE	NONE	BAF_WEIGHTED	255	0.4813	93149001	93149001	1	2
chr9	93441001	93629000	3.6611	170	0.5939	0.6619	NONE	NONE	BAF_WEIGHTED	174	0.4493	93441001	93441001	1	2
chr9	93629001	93943000	2.2516	229	0.5789	0.6718	NONE	NONE	BAF_WEIGHTED	284	0.4671	93629001	93629001	1	2
chr9	93943001	95139000	3.2057	842	0.5836	0.6449	NONE	NONE	BAF_WEIGHTED	942	0.4345	93943001	93943001	1	2
chr9	95139001	95528000	2.7983	172	0.5926	0.6803	NONE	NONE	BAF_WEIGHTED	367	0.4268	95139001	95139001	1	2
chr9	95528001	95828000	2.1902	219	0.5882	0.695	NONE	NONE	BAF_WEIGHTED	287	0.4503	95528001	95528001	1	2
chr9	95828001	97604000	2.7656	768	0.5882	0.6727	NONE	NONE	BAF_WEIGHTED	1402	0.4298	95828001	95828001	1	2
chr9	97604001	97709000	3.666	14	0.627	0.7188	NONE	NONE	BAF_WEIGHTED	101	0.3982	97604001	97604001	1	3
chr9	97709001	97881000	2.5097	118	0.5862	0.6773	NONE	NONE	BAF_WEIGHTED	163	0.4405	97709001	97709001	1	2
chr9	97881001	98029478	3.4297	88	0.5746	0.5831	NONE	DEL	BAF_WEIGHTED	138	0.4279	97881001	97881001	1	2
chr9	98029479	98029521	2.4747	0	0	0.5777	DEL	DEL	STRUCTURAL_VARIANT	0	0	98029479	98029479	1	1
chr9	98029522	98277000	3.8136	77	0.5996	0.6565	DEL	NONE	BAF_WEIGHTED	234	0.4779	98029522	98029522	1	3
chr9	98277001	98987000	2.5018	311	0.5931	0.6921	NONE	NONE	BAF_WEIGHTED	683	0.4602	98277001	98277001	1	2
chr9	98987001	99232000	3.5525	36	0.5812	0.6417	NONE	NONE	BAF_WEIGHTED	240	0.4344	98987001	98987001	1	2
chr9	99232001	99786000	2.749	64	0.5672	0.6362	NONE	NONE	BAF_WEIGHTED	532	0.4049	99232001	99232001	1	2
chr9	99786001	100100000	3.5407	159	0.5854	0.6493	NONE	NONE	BAF_WEIGHTED	296	0.3848	99786001	99786001	1	2
chr9	100100001	100616500	2.9865	168	0.5917	0.6732	NONE	NONE	BAF_WEIGHTED	483	0.3952	100100001	100100001	1	2
chr9	100616501	101099000	1.9391	190	0.5779	0.6844	NONE	NONE	BAF_WEIGHTED	430	0.3849	100615001	100618001	1	1
chr9	101099001	103487000	2.3434	1804	0.5959	0.7072	NONE	NONE	BAF_WEIGHTED	2223	0.3602	101099001	101099001	1	2
chr9	103487001	104078000	1.8852	275	0.5909	0.7187	NONE	NONE	BAF_WEIGHTED	546	0.352	103487001	103487001	1	1
chr9	104078001	104726000	2.2961	256	0.5963	0.7075	NONE	NONE	BAF_WEIGHTED	615	0.3705	104078001	104078001	1	2
chr9	104726001	107221000	3.2363	943	0.6109	0.699	NONE	NONE	BAF_WEIGHTED	2341	0.399	104726001	104726001	1	2
chr9	107221001	107336000	4.8084	117	0.6415	0.7195	NONE	NONE	BAF_WEIGHTED	109	0.392	107221001	107221001	1	3
chr9	107336001	108817000	3.4603	788	0.6286	0.7271	NONE	NONE	BAF_WEIGHTED	1426	0.423	107336001	107336001	1	3
chr9	108817001	109529000	4.0182	426	0.641	0.734	NONE	NONE	BAF_WEIGHTED	699	0.4293	108817001	108817001	1	3
chr9	109529001	110033000	3.2551	402	0.6279	0.7321	NONE	NONE	BAF_WEIGHTED	473	0.4163	109529001	109529001	1	2
chr9	110033001	110262000	4.1277	107	0.6545	0.7537	NONE	NONE	BAF_WEIGHTED	216	0.4335	110033001	110033001	1	3
chr9	110262001	111343000	3.1069	848	0.6243	0.73	NONE	NONE	BAF_WEIGHTED	1009	0.3812	110262001	110262001	1	2
chr9	111343001	111490000	4.3189	0	0	0.8057	NONE	NONE	BAF_WEIGHTED	145	0.391	111343001	111343001	1	3
chr9	111490001	111597000	3.4004	40	0.607	0.6903	NONE	NONE	BAF_WEIGHTED	105	0.4299	111490001	111490001	1	2
chr9	111597001	112096000	4.9855	304	0.6351	0.7098	NONE	NONE	BAF_WEIGHTED	484	0.4088	111597001	111597001	1	4
chr9	112096001	112932000	4.2045	634	0.6296	0.7113	NONE	NONE	BAF_WEIGHTED	812	0.4118	112096001	112096001	1	3
chr9	112932001	113104000	3.0264	106	0.6314	0.7466	NONE	NONE	BAF_WEIGHTED	135	0.4022	112932001	112932001	1	2
chr9	113104001	113598000	4.5373	164	0.6286	0.7037	NONE	NONE	BAF_WEIGHTED	456	0.4567	113104001	113104001	1	3
chr9	113598001	114480000	3.9112	576	0.6315	0.721	NONE	NONE	BAF_WEIGHTED	841	0.4751	113598001	113598001	1	3
chr9	114480001	114667000	4.8365	171	0.6304	0.7019	NONE	NONE	BAF_WEIGHTED	184	0.4511	114480001	114480001	1	3
chr9	114667001	118188000	3.3757	2326	0.6338	0.7392	NONE	NONE	BAF_WEIGHTED	3389	0.4004	114667001	114667001	1	2
chr9	118188001	120340000	2.5222	913	0.6185	0.7428	NONE	NONE	BAF_WEIGHTED	2057	0.3956	118188001	118188001	1	2
chr9	120340001	121386000	4.5868	303	0.6297	0.7038	NONE	NONE	BAF_WEIGHTED	1002	0.4246	120340001	120340001	1	3
chr9	121386001	122484000	3.9129	659	0.6316	0.7208	NONE	NONE	BAF_WEIGHTED	1039	0.4682	121386001	121386001	1	3
chr9	122484001	122804000	2.9629	136	0.6522	0.7884	NONE	NONE	BAF_WEIGHTED	276	0.3932	122484001	122484001	1	2
chr9	122804001	123354500	4.688	51	0.6351	0.7115	NONE	NONE	BAF_WEIGHTED	532	0.4083	122804001	122804001	1	3
chr9	123354501	123573029	3.738	30	0.6188	0.7031	NONE	DEL	BAF_WEIGHTED	201	0.486	123354001	123355001	1	3
chr9	123573030	123573645	0.8116	0	0	1	DEL	DEL	STRUCTURAL_VARIANT	0	0	123573030	123573030	0	1
chr9	123573646	125961000	4.1517	1115	0.6362	0.7243	DEL	NONE	BAF_WEIGHTED	2276	0.4377	123573646	123573646	1	3
chr9	125961001	126023245	3.119	31	0.6562	0.789	NONE	DEL	BAF_WEIGHTED	54	0.4984	125961001	125961001	1	2
chr9	126023246	126023344	1.6312	0	0	0.5535	DEL	DEL	STRUCTURAL_VARIANT	0	0	126023246	126023246	1	1
chr9	126023345	126312000	3.2309	192	0.6212	0.7206	DEL	NONE	BAF_WEIGHTED	277	0.4639	126023345	126023345	1	2
chr9	126312001	127696000	4.2632	625	0.6349	0.7188	NONE	NONE	BAF_WEIGHTED	1309	0.4777	126312001	126312001	1	3
chr9	127696001	128134000	5.0837	179	0.6364	0.7075	NONE	NONE	BAF_WEIGHTED	377	0.5336	127696001	127696001	1	4
chr9	128134001	129444000	4.1307	620	0.6479	0.7426	NONE	NONE	BAF_WEIGHTED	1076	0.5178	128127001	128141001	1	3
chr9	129444001	129503000	5.4056	35	0.6571	0.7341	NONE	NONE	BAF_WEIGHTED	49	0.5577	129425001	129444001	1	4
chr9	129503001	130158000	4.1924	431	0.6364	0.7227	NONE	NONE	BAF_WEIGHTED	616	0.4944	129503001	129503001	1	3
chr9	130158001	130684000	3.2033	326	0.6463	0.7679	NONE	NONE	BAF_WEIGHTED	451	0.5272	130158001	130158001	1	2
chr9	130684001	130877000	4.1567	128	0.6462	0.7394	NONE	NONE	BAF_WEIGHTED	186	0.4466	130684001	130684001	1	3
chr9	130877001	131115000	3.3253	138	0.6629	0.7928	NONE	NONE	BAF_WEIGHTED	202	0.5469	130877001	130877001	1	3
chr9	131115001	132420000	3.9667	675	0.6513	0.7529	NONE	NONE	BAF_WEIGHTED	1222	0.4784	131115001	131115001	1	3
chr9	132420001	132599000	3.0267	93	0.6364	0.7559	NONE	NONE	BAF_WEIGHTED	168	0.5017	132420001	132420001	1	2
chr9	132599001	134471500	3.7872	1474	0.645	0.746	NONE	NONE	BAF_WEIGHTED	1400	0.5289	132599001	132599001	1	3
chr9	134471501	135279919	2.9344	716	0.6455	0.777	NONE	BND	BAF_WEIGHTED	675	0.5342	134470001	134473001	1	2
chr9	135279920	135280197	0.7204	0	0	1	BND	BND	STRUCTURAL_VARIANT	0	0	135279920	135279920	0	1
chr9	135280198	135548000	2.9447	217	0.625	0.7375	BND	NONE	BAF_WEIGHTED	195	0.524	135280198	135280198	1	2
chr9	135548001	135830000	2.2719	208	0.6275	0.7782	NONE	NONE	BAF_WEIGHTED	169	0.5529	135543001	135553001	1	2
chr9	135830001	137771000	3.3754	1050	0.6085	0.6939	NONE	NONE	BAF_WEIGHTED	1088	0.5654	135830001	135830001	1	2
chr9	137771001	138394717	2.4243	82	0.6074	0.7248	NONE	TELOMERE	BAF_WEIGHTED	289	0.4971	137771001	137771001	1	2
chr10	1	1116000	3.1794	274	0.5919	0.6706	TELOMERE	NONE	BAF_WEIGHTED	921	0.4542	1	1	1	2
chr10	1116001	3028000	2.0597	1331	0.5907	0.7106	NONE	NONE	BAF_WEIGHTED	1813	0.4272	1116001	1116001	1	1
chr10	3028001	4833000	3.5078	1080	0.5887	0.6561	NONE	NONE	BAF_WEIGHTED	1757	0.4155	3028001	3028001	1	2
chr10	4833001	5389000	2.774	825	0.5993	0.6946	NONE	NONE	BAF_WEIGHTED	419	0.4044	4833001	4833001	1	2
chr10	5389001	6415000	3.5937	715	0.5881	0.6532	NONE	NONE	BAF_WEIGHTED	975	0.4567	5389001	5389001	1	2
chr10	6415001	7533000	3.0427	628	0.5841	0.6605	NONE	NONE	BAF_WEIGHTED	1045	0.4235	6415001	6415001	1	2
chr10	7533001	7711000	2.3974	90	0.5833	0.6754	NONE	NONE	BAF_WEIGHTED	176	0.4395	7533001	7533001	1	2
chr10	7711001	9349000	3.2236	834	0.5904	0.6646	NONE	NONE	BAF_WEIGHTED	1563	0.3904	7711001	7711001	1	2
chr10	9349001	11121000	2.0488	901	0.5922	0.7117	NONE	NONE	BAF_WEIGHTED	1697	0.3807	9349001	9349001	1	1
chr10	11121001	14489000	2.8436	2060	0.5848	0.662	NONE	NONE	BAF_WEIGHTED	3261	0.4426	11121001	11121001	1	2
chr10	14489001	14972000	3.522	324	0.5854	0.6497	NONE	NONE	BAF_WEIGHTED	457	0.4251	14489001	14489001	1	2
chr10	14972001	15252000	2.8234	271	0.5938	0.6819	NONE	NONE	BAF_WEIGHTED	232	0.4432	14972001	14972001	1	2
chr10	15252001	15769000	2.1373	184	0.5889	0.6977	NONE	NONE	BAF_WEIGHTED	495	0.4202	15252001	15252001	1	1
chr10	15769001	15906000	2.9411	76	0.5896	0.6703	NONE	NONE	BAF_WEIGHTED	128	0.3659	15769001	15769001	1	2
chr10	15906001	16392000	1.8828	336	0.6	0.7408	NONE	NONE	BAF_WEIGHTED	453	0.385	15906001	15906001	0	1
chr10	16392001	17876000	2.8823	1111	0.5856	0.664	NONE	NONE	BAF_WEIGHTED	1435	0.4036	16392001	16392001	1	2
chr10	17876001	18490000	2.0765	587	0.5913	0.7085	NONE	NONE	BAF_WEIGHTED	596	0.4008	17876001	17876001	1	1
chr10	18490001	20284000	2.5909	1359	0.5976	0.6977	NONE	NONE	BAF_WEIGHTED	1697	0.3704	18490001	18490001	1	2
chr10	20284001	20780000	2.1381	564	0.6	0.724	NONE	NONE	BAF_WEIGHTED	432	0.3854	20284001	20284001	1	2
chr10	20780001	21482597	2.8504	461	0.599	0.6911	NONE	DEL	BAF_WEIGHTED	654	0.4096	20780001	20780001	1	2
chr10	21482598	21487976	0.8771	3	0.6	1	DEL	DEL	BAF_WEIGHTED	4	0.4478	21482598	21482598	0	1
chr10	21487977	22302298	3.3955	291	0.5909	0.6619	DEL	BND	BAF_WEIGHTED	757	0.3941	21487977	21487977	1	2
chr10	22302299	22302596	4.1872	0	0	0.7567	BND	BND	STRUCTURAL_VARIANT	0	0	22302299	22302299	1	3
chr10	22302597	25085000	3.1839	529	0.5987	0.68	BND	NONE	BAF_WEIGHTED	2328	0.405	22302597	22302597	1	2
chr10	25085001	25890000	2.533	313	0.6	0.7047	NONE	NONE	BAF_WEIGHTED	742	0.3818	25085001	25085001	1	2
chr10	25890001	26320000	1.9412	559	0.5882	0.7087	NONE	NONE	BAF_WEIGHTED	404	0.3936	25890001	25890001	1	1
chr10	26320001	26710000	2.7172	427	0.5833	0.6646	NONE	NONE	BAF_WEIGHTED	341	0.4105	26320001	26320001	1	2
chr10	26710001	27576000	3.2812	503	0.5938	0.6696	NONE	NONE	BAF_WEIGHTED	775	0.3954	26710001	26711001	1	2
chr10	27576001	28166000	2.6204	214	0.5897	0.6805	NONE	NONE	BAF_WEIGHTED	553	0.3877	27576001	27576001	1	2
chr10	28166001	28630000	3.622	125	0.5955	0.6615	NONE	NONE	BAF_WEIGHTED	455	0.4047	28166001	28166001	1	2
chr10	28630001	33054000	3.3013	2942	0.5939	0.6672	NONE	NONE	BAF_WEIGHTED	4064	0.4135	28630001	28630001	1	2
chr10	33054001	35581000	3.132	1077	0.5911	0.6648	NONE	NONE	BAF_WEIGHTED	2455	0.4155	33054001	33054001	1	2
chr10	35581001	40640101	2.3753	1227	0.5997	0.7089	NONE	CENTROMERE	BAF_WEIGHTED	2335	0.3956	35581001	35581001	1	2
chr10	40640102	43118000	2.9308	228	0.6	0.6905	CENTROMERE	NONE	BAF_WEIGHTED	409	0.4641	40640102	40640102	1	2
chr10	43118001	43158022	3.9667	8	0.5733	0.5042	NONE	DEL	BAF_WEIGHTED	38	0.4477	43118001	43118001	2	2
chr10	43158023	43158061	2.3444	0	0	0.9797	DEL	DEL	STRUCTURAL_VARIANT	0	0	43158023	43158023	0	2
chr10	43158062	43467000	3.5368	53	0.5854	0.6494	DEL	NONE	BAF_WEIGHTED	256	0.4958	43158062	43158062	1	2
chr10	43467001	43519000	2.1738	0	0	0.932	NONE	NONE	BAF_WEIGHTED	51	0.437	43467001	43467001	0	2
chr10	43519001	48275000	2.9748	2029	0.5964	0.681	NONE	NONE	BAF_WEIGHTED	2557	0.4377	43519001	43519001	1	2
chr10	48275001	48440000	3.577	19	0.5882	0.6536	NONE	NONE	BAF_WEIGHTED	159	0.3874	48275001	48275001	1	2
chr10	48440001	49595000	2.6833	617	0.5833	0.6656	NONE	NONE	BAF_WEIGHTED	1102	0.4548	48440001	48440001	1	2
chr10	49595001	50151000	2.2888	361	0.5882	0.6904	NONE	NONE	BAF_WEIGHTED	235	0.4587	49595001	49595001	1	2
chr10	50151001	50385000	3.0748	177	0.5938	0.6747	NONE	NONE	BAF_WEIGHTED	167	0.3871	50149001	50170001	1	2
chr10	50385001	50740000	4.0608	204	0.5849	0.6406	NONE	NONE	BAF_WEIGHTED	263	0.3969	50385001	50385001	1	3
chr10	50740001	58174000	2.4891	6022	0.5975	0.7032	NONE	NONE	BAF_WEIGHTED	6931	0.3548	50740001	50740001	1	2
chr10	58174001	58410500	3.5571	0	0	0.5079	NONE	NONE	BAF_WEIGHTED	215	0.3788	58174001	58174001	2	2
chr10	58410501	59574000	2.2616	534	0.5938	0.7038	NONE	NONE	BAF_WEIGHTED	1070	0.3811	58410001	58411001	1	2
chr10	59574001	59810000	2.9048	199	0.5882	0.6687	NONE	NONE	BAF_WEIGHTED	205	0.4049	59574001	59574001	1	2
chr10	59810001	61898000	3.4592	1484	0.5913	0.6612	NONE	NONE	BAF_WEIGHTED	2037	0.3801	59810001	59810001	1	2
chr10	61898001	62111000	4.3764	65	0.5789	0.6267	NONE	NONE	BAF_WEIGHTED	211	0.4028	61898001	61898001	2	3
chr10	62111001	62867000	3.3937	148	0.5932	0.666	NONE	NONE	BAF_WEIGHTED	715	0.3958	62111001	62111001	1	2
chr10	62867001	63114000	2.7859	74	0.5819	0.6599	NONE	NONE	BAF_WEIGHTED	232	0.4066	62867001	62867001	1	2
chr10	63114001	63735000	3.7247	397	0.5833	0.6426	NONE	NONE	BAF_WEIGHTED	613	0.3909	63114001	63114001	1	2
chr10	63735001	67507000	2.3695	3234	0.5913	0.6937	NONE	NONE	BAF_WEIGHTED	3547	0.3607	63735001	63735001	1	2
chr10	67507001	72235000	3.1733	3023	0.5899	0.6655	NONE	NONE	BAF_WEIGHTED	4506	0.4606	67507001	67507001	1	2
chr10	72235001	72351154	4.1556	74	0.6017	0.6666	NONE	INV	BAF_WEIGHTED	100	0.5123	72235001	72235001	1	3
chr10	72351155	72351803	4.9728	0	0	0.7748	INV	BND	STRUCTURAL_VARIANT	0	0	72351155	72351155	1	4
chr10	72351804	72351826	3.7211	0	0	0.6991	BND	INV	STRUCTURAL_VARIANT	0	0	72351804	72351804	1	3
chr10	72351827	80403000	4.5383	3633	0.659	0.7533	INV	NONE	BAF_WEIGHTED	7198	0.4356	72351827	72351827	1	3
chr10	80403001	80535000	5.7197	99	0.6905	0.7788	NONE	NONE	BAF_WEIGHTED	125	0.4869	80403001	80403001	1	4
chr10	80535001	81228000	4.113	658	0.6667	0.7747	NONE	NONE	BAF_WEIGHTED	653	0.3951	80533001	80537001	1	3
chr10	81228001	83671254	3.233	860	0.6635	0.7991	NONE	BND	BAF_WEIGHTED	2342	0.3682	81228001	81228001	1	3
chr10	83671255	84315500	2.9339	360	0.7563	0.988	BND	NONE	BAF_WEIGHTED	594	0.4187	83671255	83671255	0	3
chr10	84315501	84580000	3.9691	61	0.7391	0.8988	NONE	NONE	BAF_WEIGHTED	247	0.3861	84315001	84316001	0	4
chr10	84580001	86324000	2.2473	752	0.7391	1.0195	NONE	NONE	BAF_WEIGHTED	1630	0.416	84580001	84580001	0	2
chr10	86324001	87918345	3.7839	428	0.7627	0.9461	NONE	DEL	BAF_WEIGHTED	1079	0.4278	86324001	86324001	0	4
chr10	87918346	88064004	0.6835	59	0.5882	1	DEL	DEL	BAF_WEIGHTED	142	0.3799	87918346	87918346	0	1
chr10	88064005	89438000	3.895	569	0.7458	0.9129	DEL	NONE	BAF_WEIGHTED	1322	0.3837	88064005	88064005	0	4
chr10	89438001	89894000	3.1747	204	0.7429	0.9457	NONE	NONE	BAF_WEIGHTED	437	0.3896	89438001	89438001	0	3
chr10	89894001	90845000	2.667	856	0.75	0.9985	NONE	NONE	BAF_WEIGHTED	864	0.3766	89894001	89894001	0	3
chr10	90845001	93363000	3.5993	1099	0.7486	0.939	NONE	NONE	BAF_WEIGHTED	2376	0.406	90845001	90845001	0	3
chr10	93363001	93535000	4.4783	163	0.7609	0.9154	NONE	NONE	BAF_WEIGHTED	164	0.4323	93363001	93363001	0	4
chr10	93535001	93938000	3.2591	215	0.7676	0.9799	NONE	NONE	BAF_WEIGHTED	388	0.4157	93535001	93535001	0	3
chr10	93938001	94278000	2.5605	183	0.7429	0.9944	NONE	NONE	BAF_WEIGHTED	325	0.4116	93938001	93938001	0	3
chr10	94278001	94630000	3.3265	224	0.7413	0.9336	NONE	NONE	BAF_WEIGHTED	343	0.3946	94278001	94278001	0	3
chr10	94630001	95172000	2.1714	8	0.6744	0.8873	NONE	NONE	BAF_WEIGHTED	400	0.3799	94630001	94630001	0	2
chr10	95172001	97001500	3.5734	768	0.75	0.9355	NONE	NONE	BAF_WEIGHTED	1748	0.419	95172001	95172001	0	3
chr10	97001501	97252000	2.9181	125	0.7436	0.9649	NONE	NONE	BAF_WEIGHTED	246	0.4901	97001001	97002001	0	3
chr10	97252001	97753000	3.9955	127	0.7442	0.9062	NONE	NONE	BAF_WEIGHTED	462	0.4779	97252001	97252001	0	4
chr10	97753001	98117000	2.9199	173	0.75	0.977	NONE	NONE	BAF_WEIGHTED	350	0.4815	97753001	97753001	0	3
chr10	98117001	98471000	3.6206	372	0.75	0.9331	NONE	NONE	BAF_WEIGHTED	335	0.4462	98117001	98117001	0	3
chr10	98471001	99309000	2.4619	754	0.7343	0.9866	NONE	NONE	BAF_WEIGHTED	755	0.3825	98471001	98471001	0	2
chr10	99309001	99595000	3.0821	174	0.75	0.965	NONE	NONE	BAF_WEIGHTED	272	0.4384	99309001	99309001	0	3
chr10	99595001	100562500	3.6969	516	0.7572	0.9416	NONE	NONE	BAF_WEIGHTED	893	0.4303	99595001	99595001	0	3
chr10	100562501	100801948	2.8298	95	0.75	0.9842	NONE	DEL	BAF_WEIGHTED	222	0.4932	100562001	100563001	0	3
chr10	100801949	100801990	0.8237	0	0	1	DEL	DEL	STRUCTURAL_VARIANT	0	0	100801949	100801949	0	1
chr10	100801991	104638000	3.6761	1444	0.7536	0.9375	DEL	NONE	BAF_WEIGHTED	3540	0.4563	100801991	100801991	0	3
chr10	104638001	107831000	2.2822	786	0.7409	1.0138	NONE	NONE	BAF_WEIGHTED	3052	0.3853	104638001	104638001	0	2
chr10	107831001	109402000	1.9871	852	0.7308	1.039	NONE	NONE	BAF_WEIGHTED	1472	0.3748	107831001	107831001	0	2
chr10	109402001	109845000	2.6764	392	0.7586	1.0148	NONE	NONE	BAF_WEIGHTED	380	0.3941	109402001	109402001	0	3
chr10	109845001	110580000	4.0554	406	0.7445	0.9043	NONE	NONE	BAF_WEIGHTED	716	0.4292	109845001	109845001	0	4
chr10	110580001	110782000	3.2651	37	0.7241	0.9061	NONE	NONE	BAF_WEIGHTED	198	0.4224	110580001	110580001	0	3
chr10	110782001	111020000	4.4603	101	0.7266	0.8609	NONE	NONE	BAF_WEIGHTED	232	0.3944	110782001	110782001	1	4
chr10	111020001	111373000	3.0548	266	0.7568	0.9797	NONE	NONE	BAF_WEIGHTED	335	0.4129	111020001	111020001	0	3
chr10	111373001	112100000	2.2513	229	0.74	1.0211	NONE	NONE	BAF_WEIGHTED	683	0.3999	111373001	111373001	0	2
chr10	112100001	117462000	3.34	2707	0.7632	0.9756	NONE	NONE	BAF_WEIGHTED	5166	0.4129	112100001	112100001	0	3
chr10	117462001	117970000	2.4038	389	0.7551	1.0365	NONE	NONE	BAF_WEIGHTED	493	0.4465	117462001	117462001	0	2
chr10	117970001	118673000	2.9713	274	0.75	0.9731	NONE	NONE	BAF_WEIGHTED	685	0.4031	117970001	117970001	0	3
chr10	118673001	119944000	3.7329	774	0.7536	0.9339	NONE	NONE	BAF_WEIGHTED	1214	0.456	118673001	118673001	0	3
chr10	119944001	120664000	2.5275	537	0.7439	0.9965	NONE	NONE	BAF_WEIGHTED	688	0.4164	119944001	119944001	0	3
chr10	120664001	122592000	3.1235	863	0.7536	0.9693	NONE	NONE	BAF_WEIGHTED	1743	0.4395	120664001	120664001	0	3
chr10	122592001	122860000	2.5499	122	0.7577	1.0256	NONE	NONE	BAF_WEIGHTED	230	0.4421	122579001	122617001	0	3
chr10	122860001	126161000	3.4385	1620	0.7691	0.9781	NONE	NONE	BAF_WEIGHTED	2885	0.4532	122860001	122860001	0	3
chr10	126161001	127884000	2.7915	868	0.7618	1.011	NONE	NONE	BAF_WEIGHTED	1587	0.4355	126161001	126161001	0	3
chr10	127884001	128231000	3.6742	216	0.7473	0.9258	NONE	NONE	BAF_WEIGHTED	330	0.462	127884001	127884001	0	3
chr10	128231001	129389000	2.3521	641	0.727	0.9818	NONE	NONE	BAF_WEIGHTED	1142	0.4395	128231001	128231001	0	2
chr10	129389001	129772000	2.8924	354	0.7436	0.9669	NONE	NONE	BAF_WEIGHTED	364	0.4555	129389001	129389001	0	3
chr10	129772001	130106000	2.3983	188	0.7368	0.9986	NONE	NONE	BAF_WEIGHTED	313	0.4768	129772001	129772001	0	2
chr10	130106001	130200500	3.4966	21	0.7179	0.8831	NONE	NONE	BAF_WEIGHTED	81	0.4629	130106001	130106001	0	3
chr10	130200501	131868000	1.9843	1327	0.7375	1.0551	NONE	NONE	BAF_WEIGHTED	1535	0.4771	130200001	130201001	0	2
chr10	131868001	132028000	3.7017	101	0.7609	0.9478	NONE	NONE	BAF_WEIGHTED	138	0.4899	131868001	131868001	0	4
chr10	132028001	132303000	2.8824	318	0.7576	0.9945	NONE	NONE	BAF_WEIGHTED	187	0.5499	132028001	132028001	0	3
chr10	132303001	132602000	3.7773	173	0.7647	0.9505	NONE	NONE	BAF_WEIGHTED	204	0.5439	132303001	132303001	0	4
chr10	132602001	133797422	2.7142	542	0.7506	0.9977	NONE	TELOMERE	BAF_WEIGHTED	506	0.5346	132602001	132602001	0	3
chr11	1	888000	4.1997	682	0.5556	0.5238	TELOMERE	NONE	BAF_WEIGHTED	389	0.5715	1	1	2	2
chr11	888001	3705000	3.5878	1776	0.564	0.5541	NONE	NONE	BAF_WEIGHTED	1415	0.5383	888001	888001	2	2
chr11	3705001	4104000	4.4641	178	0.5714	0.552	NONE	NONE	BAF_WEIGHTED	372	0.4334	3705001	3705001	2	2
chr11	4104001	5581000	3.0538	1294	0.569	0.585	NONE	NONE	BAF_WEIGHTED	1207	0.3883	4104001	4104001	1	2
chr11	5581001	5957000	3.9171	374	0.56	0.5106	NONE	NONE	BAF_WEIGHTED	345	0.3814	5581001	5581001	2	2
chr11	5957001	6202000	3.1565	341	0.5667	0.6336	NONE	NONE	BAF_WEIGHTED	205	0.3889	5957001	5957001	1	2
chr11	6202001	6773000	3.9377	251	0.5652	0.5079	NONE	NONE	BAF_WEIGHTED	537	0.4483	6202001	6202001	2	2
chr11	6773001	7493000	3.1238	771	0.5758	0.6402	NONE	NONE	BAF_WEIGHTED	665	0.3834	6773001	6773001	1	2
chr11	7493001	7710500	4.1519	264	0.5585	0.5183	NONE	NONE	BAF_WEIGHTED	208	0.4492	7493001	7493001	2	2
chr11	7710501	8668000	3.0606	245	0.5758	0.5777	NONE	NONE	BAF_WEIGHTED	858	0.4294	7710001	7711001	1	2
chr11	8668001	10407289	4.0727	302	0.5633	0.5095	NONE	BND	BAF_WEIGHTED	1640	0.421	8668001	8668001	2	2
chr11	10407290	10407402	5.8151	0	0	0.6432	BND	BND	STRUCTURAL_VARIANT	0	0	10407290	10407290	2	4
chr11	10407403	10939000	4.1162	125	0.5714	0.5141	BND	NONE	BAF_WEIGHTED	511	0.4341	10407403	10407403	2	2
chr11	10939001	11786000	3.4955	511	0.5643	0.5718	NONE	NONE	BAF_WEIGHTED	811	0.4424	10939001	10939001	1	2
chr11	11786001	12292000	4.4039	311	0.5641	0.5459	NONE	NONE	BAF_WEIGHTED	496	0.4357	11786001	11786001	2	2
chr11	12292001	13267000	3.666	524	0.5679	0.5456	NONE	NONE	BAF_WEIGHTED	941	0.4201	12292001	12292001	2	2
chr11	13267001	13493500	4.3146	144	0.5569	0.5365	NONE	NONE	BAF_WEIGHTED	209	0.4146	13267001	13267001	2	2
chr11	13493501	18739000	3.5546	2821	0.5669	0.5771	NONE	NONE	BAF_WEIGHTED	4855	0.4131	13493001	13494001	2	2
chr11	18739001	19047000	2.7947	297	0.5625	0.6422	NONE	NONE	BAF_WEIGHTED	281	0.4183	18739001	18739001	1	2
chr11	19047001	19267000	3.8693	83	0.575	0.5169	NONE	NONE	BAF_WEIGHTED	205	0.4116	19047001	19047001	2	2
chr11	19267001	20334000	2.8295	131	0.5652	0.6466	NONE	NONE	BAF_WEIGHTED	176	0.4023	19267001	19267001	1	2
chr11	20334001	20495000	3.994	68	0.5465	0.5008	NONE	NONE	BAF_WEIGHTED	159	0.3785	20334001	20334001	2	2
chr11	20495001	20647000	3.0942	109	0.5588	0.5777	NONE	NONE	BAF_WEIGHTED	136	0.433	20495001	20495001	1	2
chr11	20647001	21332000	2.2543	478	0.5736	0.5564	NONE	NONE	BAF_WEIGHTED	651	0.3897	20647001	20647001	1	1
chr11	21332001	27339000	2.8787	4678	0.5734	0.6101	NONE	NONE	BAF_WEIGHTED	5567	0.3584	21332001	21332001	1	2
chr11	27339001	27514000	4.3352	98	0.5667	0.5387	NONE	NONE	BAF_WEIGHTED	172	0.3898	27339001	27339001	2	2
chr11	27514001	28025000	2.7598	39	0.5862	0.6698	NONE	NONE	BAF_WEIGHTED	474	0.3961	27514001	27514001	1	2
chr11	28025001	28318000	3.8294	1	0.5714	0.5223	NONE	NONE	BAF_WEIGHTED	263	0.3448	28025001	28025001	2	2
chr11	28318001	28721000	3.0302	34	0.5536	0.5777	NONE	NONE	BAF_WEIGHTED	372	0.3797	28318001	28318001	1	2
chr11	28721001	30068000	2.1996	854	0.5771	0.5953	NONE	NONE	BAF_WEIGHTED	1240	0.3642	28721001	28721001	1	1
chr11	30068001	30308000	2.9586	142	0.5536	0.5777	NONE	NONE	BAF_WEIGHTED	222	0.3812	30068001	30068001	1	2
chr11	30308001	30592000	3.876	151	0.5714	0.516	NONE	NONE	BAF_WEIGHTED	282	0.393	30308001	30308001	2	2
chr11	30592001	31376000	3.0043	433	0.5647	0.6213	NONE	NONE	BAF_WEIGHTED	746	0.3681	30592001	30592001	1	2
chr11	31376001	31699000	3.5843	27	0.5676	0.558	NONE	NONE	BAF_WEIGHTED	304	0.3514	31372001	31376001	2	2
chr11	31699001	32778000	2.9244	524	0.5622	0.5791	NONE	NONE	BAF_WEIGHTED	1005	0.4191	31699001	31699001	1	2
chr11	32778001	33369000	4.036	290	0.5721	0.5186	NONE	NONE	BAF_WEIGHTED	572	0.3974	32778001	32778001	2	2
chr11	33369001	33676000	2.981	95	0.5556	0.5777	NONE	NONE	BAF_WEIGHTED	288	0.4308	33369001	33369001	1	2
chr11	33676001	34906000	3.853	988	0.5609	0.5259	NONE	NONE	BAF_WEIGHTED	1183	0.4305	33676001	33676001	2	2
chr11	34906001	35401000	4.9449	346	0.5579	0.6032	NONE	NONE	BAF_WEIGHTED	469	0.408	34906001	34906001	2	3
chr11	35401001	40555000	3.1914	3357	0.5693	0.5694	NONE	NONE	BAF_WEIGHTED	4862	0.3756	35401001	35401001	1	2
chr11	40555001	41557000	2.5363	547	0.5714	0.6057	NONE	NONE	BAF_WEIGHTED	957	0.3634	40555001	40555001	1	2
chr11	41557001	42051704	2.9453	199	0.5714	0.5777	NONE	BND	BAF_WEIGHTED	469	0.3666	41557001	41557001	1	2
chr11	42051705	42052030	2.0356	0	0	0.8295	BND	BND	STRUCTURAL_VARIANT	0	0	42051705	42051705	0	2
chr11	42052031	43278000	2.9226	275	0.5652	0.5777	BND	NONE	BAF_WEIGHTED	1105	0.3794	42052031	42052031	1	2
chr11	43278001	44152797	3.5735	425	0.562	0.5604	NONE	BND	BAF_WEIGHTED	837	0.4139	43278001	43278001	2	2
chr11	44152798	44152799	2.9477	0	0	0.7032	BND	BND	STRUCTURAL_VARIANT	0	0	44152798	44152798	1	2
chr11	44152800	44924000	3.4083	427	0.5665	0.6082	BND	NONE	BAF_WEIGHTED	745	0.481	44152800	44152800	1	2
chr11	44924001	45378000	3.8844	212	0.5679	0.5149	NONE	NONE	BAF_WEIGHTED	423	0.4791	44924001	44924001	2	2
chr11	45378001	45781000	2.9865	167	0.5625	0.5777	NONE	NONE	BAF_WEIGHTED	391	0.4816	45378001	45378001	1	2
chr11	45781001	48124000	4.0332	372	0.5603	0.5182	NONE	NONE	BAF_WEIGHTED	2196	0.4576	45781001	45781001	2	2
chr11	48124001	52751710	2.8903	2132	0.5721	0.6314	NONE	CENTROMERE	BAF_WEIGHTED	512	0.4034	48124001	48124001	1	2
chr11	52751711	57235000	2.2429	942	0.5751	0.6598	CENTROMERE	NONE	BAF_WEIGHTED	1658	0.3666	52751711	52751711	1	1
chr11	57235001	57643000	3.8328	257	0.5645	0.5221	NONE	NONE	BAF_WEIGHTED	387	0.4866	57235001	57235001	2	2
chr11	57643001	57805000	4.8677	75	0.5641	0.6163	NONE	NONE	BAF_WEIGHTED	153	0.4507	57643001	57643001	2	3
chr11	57805001	57929000	3.2999	59	0.5676	0.6061	NONE	NONE	BAF_WEIGHTED	114	0.4189	57805001	57805001	1	2
chr11	57929001	58491000	2.5154	278	0.5714	0.6025	NONE	NONE	BAF_WEIGHTED	498	0.3832	57929001	57929001	1	2
chr11	58491001	58658000	3.8802	34	0.5695	0.5154	NONE	NONE	BAF_WEIGHTED	161	0.3859	58491001	58491001	2	2
chr11	58658001	59048500	2.8999	195	0.5641	0.5777	NONE	NONE	BAF_WEIGHTED	337	0.3906	58658001	58658001	1	2
chr11	59048501	59282000	4.0635	199	0.5667	0.5078	NONE	NONE	BAF_WEIGHTED	178	0.4278	59035001	59062001	2	2
chr11	59282001	59536000	3.1604	82	0.5714	0.6328	NONE	NONE	BAF_WEIGHTED	224	0.3922	59282001	59282001	1	2
chr11	59536001	59721000	4.1416	88	0.5572	0.5171	NONE	NONE	BAF_WEIGHTED	177	0.4162	59536001	59536001	2	2
chr11	59721001	60831000	3.5032	798	0.5664	0.5706	NONE	NONE	BAF_WEIGHTED	1019	0.4009	59721001	59721001	2	2
chr11	60831001	62132000	4.1004	447	0.561	0.5122	NONE	NONE	BAF_WEIGHTED	1107	0.5084	60831001	60831001	2	2
chr11	62132001	62495000	3.4724	265	0.5577	0.576	NONE	NONE	BAF_WEIGHTED	324	0.4578	62132001	62132001	1	2
chr11	62495001	62871000	4.84	96	0.5572	0.5879	NONE	NONE	BAF_WEIGHTED	347	0.5016	62495001	62495001	2	3
chr11	62871001	63472000	3.7342	230	0.561	0.5411	NONE	NONE	BAF_WEIGHTED	482	0.4253	62871001	62871001	2	2
chr11	63472001	64006000	4.6544	82	0.5556	0.5703	NONE	NONE	BAF_WEIGHTED	480	0.4768	63472001	63472001	2	3
chr11	64006001	64719000	3.4772	221	0.5537	0.5842	NONE	NONE	BAF_WEIGHTED	436	0.5303	64006001	64006001	1	2
chr11	64719001	65413000	4.2172	219	0.5581	0.5258	NONE	NONE	BAF_WEIGHTED	542	0.5202	64719001	64719001	2	2
chr11	65413001	65667000	5.1751	98	0.5525	0.5797	NONE	NONE	BAF_WEIGHTED	191	0.5415	65365001	65413001	2	3
chr11	65667001	66418643	4.2694	318	0.5585	0.532	NONE	DEL	BAF_WEIGHTED	640	0.5003	65667001	65667001	2	2
chr11	66418644	66420245	2.6047	1	0.5405	0.6161	DEL	DEL	BAF_WEIGHTED	1	0.522	66418644	66418644	1	2
chr11	66420246	67227000	4.0394	218	0.5558	0.5021	DEL	NONE	BAF_WEIGHTED	730	0.4905	66420246	66420246	2	2
chr11	67227001	67511000	4.8514	6	0.5251	0.6184	NONE	NONE	BAF_WEIGHTED	199	0.5485	67227001	67227001	2	3
chr11	67511001	69695000	3.9832	1541	0.5629	0.51	NONE	NONE	BAF_WEIGHTED	1663	0.4996	67511001	67511001	2	2
chr11	69695001	70190000	3.3383	518	0.5617	0.5991	NONE	NONE	BAF_WEIGHTED	454	0.5216	69695001	69695001	1	2
chr11	70190001	70371000	4.2157	91	0.56	0.5256	NONE	NONE	BAF_WEIGHTED	166	0.4683	70190001	70190001	2	2
chr11	70371001	71442000	3.2886	380	0.5622	0.605	NONE	NONE	BAF_WEIGHTED	887	0.5091	70371001	70371001	1	2
chr11	71442001	78635000	4.0741	2720	0.5609	0.5093	NONE	NONE	BAF_WEIGHTED	6135	0.444	71442001	71442001	2	2
chr11	78635001	81206878	3.2069	1395	0.5653	0.5989	NONE	BND	BAF_WEIGHTED	2426	0.3997	78635001	78635001	1	2
chr11	81206879	82842000	1.6926	1188	0.7033	1.0237	BND	NONE	BAF_WEIGHTED	1547	0.3637	81206879	81206879	0	2
chr11	82842001	83296000	2.7886	115	0.6875	0.8658	NONE	NONE	BAF_WEIGHTED	433	0.3986	82842001	82842001	0	2
chr11	83296001	85590000	1.75	865	0.6962	0.9906	NONE	NONE	BAF_WEIGHTED	2145	0.3708	83296001	83296001	0	2
chr11	85590001	86305000	2.8534	213	0.6875	0.8617	NONE	NONE	BAF_WEIGHTED	681	0.3963	85590001	85590001	0	2
chr11	86305001	87431000	2.3949	465	0.7086	0.9413	NONE	NONE	BAF_WEIGHTED	1022	0.4001	86305001	86305001	0	2
chr11	87431001	88072000	1.6809	499	0.7101	1.0504	NONE	NONE	BAF_WEIGHTED	543	0.3757	87431001	87431001	0	2
chr11	88072001	88276000	2.2307	194	0.6866	0.9084	NONE	NONE	BAF_WEIGHTED	187	0.3731	88072001	88072001	0	2
chr11	88276001	88441000	2.9901	160	0.6793	0.8383	NONE	NONE	BAF_WEIGHTED	160	0.381	88276001	88276001	0	3
chr11	88441001	90278000	1.8165	605	0.6834	0.9518	NONE	NONE	BAF_WEIGHTED	739	0.361	88441001	88441001	0	2
chr11	90278001	91272000	1.2674	543	0.6842	1.0695	NONE	NONE	BAF_WEIGHTED	914	0.3482	90278001	90278001	0	1
chr11	91272001	92164000	1.6819	474	0.7154	1.0548	NONE	NONE	BAF_WEIGHTED	838	0.3668	91272001	91272001	0	2
chr11	92164001	93034000	1.3055	510	0.6809	1.0483	NONE	NONE	BAF_WEIGHTED	835	0.3995	92164001	92164001	0	1
chr11	93034001	93648000	2.0201	233	0.6842	0.9259	NONE	NONE	BAF_WEIGHTED	555	0.3936	93034001	93034001	0	2
chr11	93648001	93803000	2.7196	105	0.7	0.895	NONE	NONE	BAF_WEIGHTED	151	0.4021	93648001	93648001	0	2
chr11	93803001	95062000	1.9717	541	0.6923	0.9509	NONE	NONE	BAF_WEIGHTED	1130	0.4085	93803001	93803001	0	2
chr11	95062001	95258000	2.6016	67	0.6842	0.8719	NONE	NONE	BAF_WEIGHTED	190	0.397	95062001	95062001	0	2
chr11	95258001	95670000	1.8053	349	0.6452	0.8584	NONE	NONE	BAF_WEIGHTED	373	0.3922	95258001	95258001	0	2
chr11	95670001	96403000	2.763	214	0.6844	0.8507	NONE	NONE	BAF_WEIGHTED	712	0.3865	95670001	95670001	0	2
chr11	96403001	96683000	1.5996	161	0.6923	1.011	NONE	NONE	BAF_WEIGHTED	239	0.3688	96403001	96403001	0	2
chr11	96683001	97338000	1.1975	182	0.6859	1.0973	NONE	NONE	BAF_WEIGHTED	598	0.3617	96683001	96683001	0	1
chr11	97338001	98011000	1.5916	304	0.7144	1.0719	NONE	NONE	BAF_WEIGHTED	647	0.3517	97338001	97338001	0	2
chr11	98011001	100666500	1.1711	1556	0.6818	1.0935	NONE	NONE	BAF_WEIGHTED	2498	0.3538	98011001	98011001	0	1
chr11	100666501	101264272	1.9124	369	0.7059	0.9913	NONE	DEL	BAF_WEIGHTED	563	0.3785	100666001	100667001	0	2
chr11	101264273	101265173	0	0	0	1	DEL	DEL	STRUCTURAL_VARIANT	0	0	101264273	101264273	0	0
chr11	101265174	102131000	1.8395	351	0.6842	0.9525	DEL	NONE	BAF_WEIGHTED	798	0.3799	101265174	101265174	0	2
chr11	102131001	102596000	2.7729	235	0.7	0.8912	NONE	NONE	BAF_WEIGHTED	445	0.3986	102131001	102131001	0	2
chr11	102596001	104605500	1.9636	1397	0.6918	0.946	NONE	NONE	BAF_WEIGHTED	1903	0.3708	102596001	102596001	0	2
chr11	104605501	105324000	2.3935	133	0.6786	0.8764	NONE	NONE	BAF_WEIGHTED	676	0.3576	104605001	104606001	0	2
chr11	105324001	106003500	1.7031	341	0.7	1.0113	NONE	NONE	BAF_WEIGHTED	661	0.3525	105324001	105324001	0	2
chr11	106003501	106203000	2.3145	152	0.7343	1.0027	NONE	NONE	BAF_WEIGHTED	192	0.3772	106003001	106004001	0	2
chr11	106203001	108006000	1.7645	897	0.6939	0.994	NONE	NONE	BAF_WEIGHTED	1723	0.3815	106203001	106203001	0	2
chr11	108006001	108938000	2.4286	84	0.7246	0.9697	NONE	NONE	BAF_WEIGHTED	877	0.3898	108006001	108006001	0	2
chr11	108938001	109938000	1.2859	189	0.6848	1.0562	NONE	NONE	BAF_WEIGHTED	922	0.3835	108938001	108938001	0	1
chr11	109938001	110531000	1.9965	177	0.6538	0.858	NONE	NONE	BAF_WEIGHTED	561	0.4021	109938001	109938001	0	2
chr11	110531001	111215000	1.622	428	0.6522	0.901	NONE	NONE	BAF_WEIGHTED	653	0.3896	110531001	110531001	0	1
chr11	111215001	112320000	2.3732	539	0.68	0.8811	NONE	NONE	BAF_WEIGHTED	1054	0.4187	111215001	111215001	0	2
chr11	112320001	113210000	1.4943	501	0.6797	0.9944	NONE	NONE	BAF_WEIGHTED	864	0.4248	112320001	112320001	0	1
chr11	113210001	114320000	1.917	602	0.6782	0.9254	NONE	NONE	BAF_WEIGHTED	1065	0.4502	113210001	113210001	0	2
chr11	114320001	114481000	2.3239	155	0.6818	0.8892	NONE	NONE	BAF_WEIGHTED	156	0.3924	114320001	114320001	0	2
chr11	114481001	116823000	1.6459	1146	0.6764	0.9715	NONE	NONE	BAF_WEIGHTED	2052	0.4273	114481001	114481001	0	2
chr11	116823001	117334000	2.8021	79	0.7061	0.8996	NONE	NONE	BAF_WEIGHTED	475	0.44	116629001	116823001	0	3
chr11	117334001	117799000	1.8961	217	0.7074	0.9977	NONE	NONE	BAF_WEIGHTED	446	0.4994	117334001	117334001	0	2
chr11	117799001	119372000	2.6805	781	0.693	0.8838	NONE	NONE	BAF_WEIGHTED	1461	0.4705	117799001	117799001	0	2
chr11	119372001	120206000	1.9094	581	0.7	0.9777	NONE	NONE	BAF_WEIGHTED	801	0.4937	119372001	119372001	0	2
chr11	120206001	120439000	2.6446	95	0.7083	0.9171	NONE	NONE	BAF_WEIGHTED	228	0.4362	120206001	120206001	0	2
chr11	120439001	121227000	2.0531	558	0.6958	0.9486	NONE	NONE	BAF_WEIGHTED	766	0.4516	120439001	120439001	0	2
chr11	121227001	121691000	2.5097	115	0.6757	0.8613	NONE	NONE	BAF_WEIGHTED	445	0.4249	121227001	121227001	0	2
chr11	121691001	126489000	1.9146	2637	0.6838	0.9482	NONE	NONE	BAF_WEIGHTED	4489	0.4236	121691001	121691001	0	2
chr11	126489001	128023000	1.2715	926	0.6698	1.022	NONE	NONE	BAF_WEIGHTED	1486	0.413	126489001	126489001	0	1
chr11	128023001	130438000	2.2933	1114	0.682	0.8914	NONE	NONE	BAF_WEIGHTED	2206	0.421	128023001	128023001	0	2
chr11	130438001	130845000	1.6671	172	0.6511	0.8914	NONE	NONE	BAF_WEIGHTED	388	0.4399	130438001	130438001	0	1
chr11	130845001	130929000	2.3324	139	0.6897	0.9053	NONE	NONE	BAF_WEIGHTED	80	0.4291	130845001	130845001	0	2
chr11	130929001	133922000	1.3043	1511	0.6731	1.0242	NONE	NONE	BAF_WEIGHTED	2861	0.426	130929001	130929001	0	1
chr11	133922001	134374000	1.9506	297	0.6667	0.8933	NONE	NONE	BAF_WEIGHTED	405	0.4721	133922001	133922001	0	2
chr11	134374001	135086622	1.3522	652	0.6837	1.0437	NONE	TELOMERE	BAF_WEIGHTED	597	0.4696	134374001	134374001	0	1
chr12	1	271000	3.6605	149	0.5476	0.5464	TELOMERE	NONE	BAF_WEIGHTED	168	0.5111	1	1	2	2
chr12	271001	2006000	4.4222	1076	0.5607	0.5409	NONE	NONE	BAF_WEIGHTED	1635	0.4283	271001	271001	2	2
chr12	2006001	3700000	3.2402	825	0.5628	0.5976	NONE	NONE	BAF_WEIGHTED	1594	0.4826	2006001	2006001	1	2
chr12	3700001	3890000	3.8996	148	0.581	0.6361	NONE	NONE	BAF_WEIGHTED	175	0.414	3700001	3700001	1	2
chr12	3890001	5934000	2.985	1176	0.574	0.599	NONE	NONE	BAF_WEIGHTED	1944	0.4344	3890001	3890001	1	2
chr12	5934001	7194000	3.6455	561	0.5851	0.6464	NONE	NONE	BAF_WEIGHTED	1026	0.4881	5934001	5934001	1	2
chr12	7194001	7795000	2.7438	248	0.5769	0.6355	NONE	NONE	BAF_WEIGHTED	528	0.3997	7194001	7194001	1	2
chr12	7795001	8425000	4.4096	298	0.5581	0.5464	NONE	NONE	BAF_WEIGHTED	313	0.438	7794001	7796001	2	2
chr12	8425001	9222065	2.2783	460	0.6741	0.8767	NONE	DEL	BAF_WEIGHTED	702	0.4053	8162001	8445001	0	2
chr12	9222066	9222098	1.4961	0	0	0.8122	DEL	DEL	STRUCTURAL_VARIANT	0	0	9222066	9222066	0	1
chr12	9222099	9607000	2.2968	257	0.6779	0.8835	DEL	NONE	BAF_WEIGHTED	144	0.4017	9222099	9222099	0	2
chr12	9607001	9985000	2.8763	145	0.6774	0.8409	NONE	NONE	BAF_WEIGHTED	347	0.375	9607001	9607001	0	2
chr12	9985001	11013000	2.2015	736	0.684	0.9016	NONE	NONE	BAF_WEIGHTED	943	0.3741	9985001	9985001	0	2
chr12	11013001	11198000	2.6687	38	0.5842	0.6664	NONE	NONE	BAF_WEIGHTED	143	0.36	11013001	11013001	1	2
chr12	11198001	11543000	1.7624	131	0.6923	0.9816	NONE	NONE	BAF_WEIGHTED	237	0.3952	11198001	11198001	0	2
chr12	11543001	12048000	2.7098	170	0.6797	0.8563	NONE	NONE	BAF_WEIGHTED	250	0.4218	11543001	11543001	0	2
chr12	12048001	12337000	2.0516	244	0.6818	0.9167	NONE	NONE	BAF_WEIGHTED	279	0.415	12048001	12048001	0	2
chr12	12337001	13089000	2.8277	294	0.6925	0.8732	NONE	NONE	BAF_WEIGHTED	719	0.4274	12337001	12337001	0	2
chr12	13089001	13262500	4.7842	108	0.5556	0.582	NONE	NONE	BAF_WEIGHTED	168	0.4318	13089001	13089001	2	3
chr12	13262501	13787770	2.8894	351	0.56	0.5777	NONE	DUP	BAF_WEIGHTED	504	0.4135	13259001	13266001	1	2
chr12	13787771	13841248	3.6521	47	0.5714	0.5476	DUP	BND	BAF_WEIGHTED	53	0.3952	13787771	13787771	2	2
chr12	13841249	13956398	2.9002	62	0.5625	0.5777	BND	INV	BAF_WEIGHTED	114	0.3969	13841249	13841249	1	2
chr12	13956399	13964119	3.2969	1	0.5	0.6066	INV	DUP	BAF_WEIGHTED	7	0.4589	13956399	13956399	1	2
chr12	13964120	14181500	3.8193	94	0.5623	0.5219	DUP	NONE	BAF_WEIGHTED	198	0.3962	13964120	13964120	2	2
chr12	14181501	14365000	5.3484	155	0.5769	0.5609	NONE	NONE	BAF_WEIGHTED	176	0.4271	14180001	14183001	2	3
chr12	14365001	14437500	7.0076	38	0.5454	0.5708	NONE	NONE	BAF_WEIGHTED	72	0.3551	14365001	14365001	3	4
chr12	14437501	14597417	5.0801	67	0.5714	0.5905	NONE	DEL	BAF_WEIGHTED	152	0.3925	14437001	14438001	2	3
chr12	14597418	14744000	2.2087	10	0.6592	0.85	DEL	NONE	BAF_WEIGHTED	136	0.3861	14597418	14597418	0	2
chr12	14744001	15007000	3.1359	316	0.7052	0.8787	NONE	NONE	BAF_WEIGHTED	254	0.3899	14744001	14744001	0	3
chr12	15007001	15296000	2.3687	176	0.72	0.9662	NONE	NONE	BAF_WEIGHTED	280	0.3669	15007001	15007001	0	2
chr12	15296001	15518000	1.7406	108	0.6667	0.9206	NONE	NONE	BAF_WEIGHTED	217	0.3719	15296001	15296001	0	2
chr12	15518001	16037000	2.4546	114	0.6809	0.8763	NONE	NONE	BAF_WEIGHTED	503	0.3785	15518001	15518001	0	2
chr12	16037001	17400000	1.6071	696	0.6998	1.0233	NONE	NONE	BAF_WEIGHTED	1303	0.3613	16037001	16037001	0	2
chr12	17400001	17976868	2.395	644	0.5862	0.6816	NONE	INV	BAF_WEIGHTED	508	0.3495	17400001	17400001	1	2
chr12	17976869	17977386	1.1095	0	0	0.6872	INV	DUP	STRUCTURAL_VARIANT	0	0	17976869	17976869	0	1
chr12	17977387	19115000	1.7152	570	0.703	1.0193	DUP	NONE	BAF_WEIGHTED	1078	0.3639	17977387	17977387	0	2
chr12	19115001	19304212	2.5311	2	0.7386	0.9885	NONE	INV	BAF_WEIGHTED	186	0.3718	19115001	19115001	0	3
chr12	19304213	19421670	3.7528	54	0.5526	0.528	INV	DEL	BAF_WEIGHTED	113	0.4226	19304213	19304213	2	2
chr12	19421671	19537000	2.4882	66	0.6721	0.8554	DEL	NONE	BAF_WEIGHTED	110	0.4025	19421671	19421671	0	2
chr12	19537001	19946008	1.8075	544	0.677	0.9361	NONE	DUP	BAF_WEIGHTED	390	0.3879	19537001	19537001	0	2
chr12	19946009	20540497	3.1572	415	0.566	0.6315	DUP	DEL	BAF_WEIGHTED	575	0.3656	19946009	19946009	1	2
chr12	20540498	20549637	2.6679	7	0.5769	0.6252	DEL	DUP	BAF_WEIGHTED	8	0.3336	20540498	20540498	1	2
chr12	20549638	20926560	1.5623	361	0.688	0.987	DUP	DUP	BAF_WEIGHTED	338	0.357	20549638	20549638	0	2
chr12	20926561	20926876	2.4033	0	0	0.6417	DUP	INV	STRUCTURAL_VARIANT	0	0	20926561	20926561	1	2
chr12	20926877	20936041	1.5312	0	0	1	INV	DEL	BAF_WEIGHTED	9	0.3504	20926877	20926877	0	2
chr12	20936042	21222715	3.6049	32	0.5572	0.5548	DEL	DEL	BAF_WEIGHTED	257	0.3507	20936042	20936042	2	2
chr12	21222716	21737466	6.8592	276	0.6643	0.7277	DEL	INV	BAF_WEIGHTED	477	0.3698	21222716	21222716	2	5
chr12	21737467	21747646	4.0457	0	0	0.5429	INV	INV	BAF_WEIGHTED	8	0.3228	21737467	21737467	2	2
chr12	21747647	22356742	5.4991	334	0.6104	0.6637	INV	DEL	BAF_WEIGHTED	562	0.3784	21747647	21747647	2	4
chr12	22356743	22726000	2.4841	40	0.6461	0.8288	DEL	NONE	BAF_WEIGHTED	333	0.3659	22356743	22356743	0	2
chr12	22726001	23905480	1.4957	539	0.6902	1.0182	NONE	DEL	BAF_WEIGHTED	1119	0.3653	22726001	22726001	0	1
chr12	23905481	24132088	5.1751	63	0.6176	0.6778	DEL	DUP	BAF_WEIGHTED	223	0.3512	23905481	23905481	2	4
chr12	24132089	24777000	6.8007	283	0.6956	0.7724	DUP	NONE	BAF_WEIGHTED	625	0.3764	24132089	24132089	2	5
chr12	24777001	25802481	9.4922	540	0.7242	0.7866	NONE	INV	BAF_WEIGHTED	971	0.3888	24777001	24777001	2	7
chr12	25802482	25929882	10.836	14	0.7814	0.8491	INV	DUP	BAF_WEIGHTED	122	0.3956	25802482	25802482	2	9
chr12	25929883	25949676	8.7239	0	0	0.768	DUP	INV	BAF_WEIGHTED	19	0.4061	25929883	25929883	2	7
chr12	25949677	26098996	6.4428	0	0	0.6859	INV	DEL	BAF_WEIGHTED	142	0.3891	25949677	25949677	2	4
chr12	26098997	26594583	4.6872	372	0.5623	0.5683	DEL	DEL	BAF_WEIGHTED	480	0.3942	26098997	26098997	2	3
chr12	26594584	26594615	4.0907	0	0	0.5053	DEL	DEL	STRUCTURAL_VARIANT	0	0	26594584	26594584	2	2
chr12	26594616	27113949	5.0831	200	0.5664	0.5774	DEL	DEL	BAF_WEIGHTED	467	0.3883	26594616	26594616	2	3
chr12	27113950	27246293	5.9352	49	0.5988	0.6426	DEL	INV	BAF_WEIGHTED	104	0.4	27113950	27113950	2	4
chr12	27246294	28153000	6.8524	729	0.6406	0.6949	INV	NONE	BAF_WEIGHTED	840	0.3949	27246294	27246294	2	5
chr12	28153001	28547000	8.0493	402	0.6492	0.6984	NONE	NONE	BAF_WEIGHTED	370	0.3487	28153001	28153001	2	6
chr12	28547001	28936626	6.7719	236	0.6605	0.7234	NONE	DEL	BAF_WEIGHTED	365	0.3752	28547001	28547001	2	5
chr12	28936627	29255466	4.2097	293	0.5714	0.5246	DEL	DEL	BAF_WEIGHTED	299	0.3815	28936627	28936627	2	2
chr12	29255467	29382000	6.1638	136	0.5952	0.6361	DEL	NONE	BAF_WEIGHTED	113	0.3626	29255467	29255467	2	4
chr12	29382001	30251000	4.1296	690	0.5971	0.6596	NONE	NONE	BAF_WEIGHTED	796	0.3887	29382001	29382001	1	3
chr12	30251001	30622000	2.7916	1	0.5	0.6418	NONE	NONE	BAF_WEIGHTED	342	0.3957	30251001	30251001	1	2
chr12	30622001	33664000	4.1469	2015	0.5614	0.5221	NONE	NONE	BAF_WEIGHTED	2719	0.4086	30622001	30622001	2	2
chr12	33664001	35977329	3.1998	10	0.5528	0.625	NONE	CENTROMERE	BAF_WEIGHTED	410	0.3811	33664001	33664001	1	2
chr12	35977330	37652621	3.5659	0	0	0.5597	CENTROMERE	INV	STRUCTURAL_VARIANT	0	0.3639	35977330	35977330	2	2
chr12	37652622	38641193	2.5702	12	0.5651	0.6109	INV	DEL	BAF_WEIGHTED	399	0.3869	37652622	37652622	1	2
chr12	38641194	38641892	1.3961	0	0	0.9159	DEL	DEL	STRUCTURAL_VARIANT	0	0	38641194	38641194	0	1
chr12	38641893	38732519	2.7127	0	0	0.5286	DEL	DUP	BAF_WEIGHTED	86	0.3561	38641893	38641893	1	1
chr12	38732520	38935000	1.7016	0	0	0.7515	DUP	NONE	BAF_WEIGHTED	182	0.3577	38732520	38732520	0	1
chr12	38935001	39281234	1.2528	134	0.6667	1.0206	NONE	INV	BAF_WEIGHTED	310	0.3743	38935001	38935001	0	1
chr12	39281235	39283502	3.7217	0	0	1.0069	INV	DUP	BAF_WEIGHTED	1	0.314	39281235	39281235	0	4
chr12	39283503	39694000	2.2713	41	0.675	0.8793	DUP	NONE	BAF_WEIGHTED	381	0.3641	39283503	39283503	0	2
chr12	39694001	39855000	1.8205	29	0.625	0.807	NONE	NONE	BAF_WEIGHTED	130	0.3604	39694001	39694001	0	1
chr12	39855001	39958000	3.4808	76	0.5682	0.5746	NONE	NONE	BAF_WEIGHTED	98	0.3655	39855001	39855001	1	2
chr12	39958001	39971042	2.5193	8	0.6236	0.7537	NONE	INV	BAF_WEIGHTED	11	0.3827	39958001	39958001	1	2
chr12	39971043	40125410	2.1726	76	0.6653	0.8672	INV	DEL	BAF_WEIGHTED	144	0.373	39971043	39971043	0	2
chr12	40125411	40454000	4.4081	257	0.5714	0.5463	DEL	NONE	BAF_WEIGHTED	316	0.3538	40125411	40125411	2	2
chr12	40454001	41885000	3.4294	776	0.5667	0.5785	NONE	NONE	BAF_WEIGHTED	1353	0.3664	40454001	40454001	1	2
chr12	41885001	42450000	4.6511	254	0.5556	0.57	NONE	NONE	BAF_WEIGHTED	516	0.3892	41885001	41885001	2	3
chr12	42450001	43708000	3.2724	932	0.5652	0.611	NONE	NONE	BAF_WEIGHTED	1187	0.3783	42450001	42450001	1	2
chr12	43708001	43887000	4.6626	111	0.5652	0.5711	NONE	NONE	BAF_WEIGHTED	173	0.3822	43708001	43708001	2	3
chr12	43887001	45158000	3.6421	494	0.5625	0.55	NONE	NONE	BAF_WEIGHTED	1175	0.3695	43887001	43887001	2	2
chr12	45158001	46599000	4.991	329	0.5629	0.5584	NONE	NONE	BAF_WEIGHTED	1345	0.3872	45158001	45158001	2	3
chr12	46599001	47031000	4.1948	115	0.575	0.5232	NONE	NONE	BAF_WEIGHTED	393	0.3819	46599001	46599001	2	2
chr12	47031001	47411000	5.6876	197	0.566	0.5275	NONE	NONE	BAF_WEIGHTED	361	0.4023	47031001	47031001	3	3
chr12	47411001	47637000	3.8699	277	0.5676	0.5168	NONE	NONE	BAF_WEIGHTED	201	0.4043	47411001	47411001	2	2
chr12	47637001	48202000	5.2646	326	0.56	0.5698	NONE	NONE	BAF_WEIGHTED	533	0.466	47637001	47637001	2	3
chr12	48202001	48646624	4.095	133	0.5676	0.5116	NONE	DEL	BAF_WEIGHTED	375	0.4009	48202001	48202001	2	2
chr12	48646625	48648915	2.5913	0	0	0.7704	DEL	DEL	BAF_WEIGHTED	1	0.317	48646625	48646625	1	2
chr12	48648916	49719869	4.8906	356	0.5585	0.5918	DEL	DEL	BAF_WEIGHTED	998	0.4726	48648916	48648916	2	3
chr12	49719870	49720633	2.7569	0	0	0.773	DEL	DEL	STRUCTURAL_VARIANT	0	0	49719870	49719870	1	2
chr12	49720634	52853000	4.888	1172	0.5649	0.564	DEL	NONE	BAF_WEIGHTED	2917	0.4596	49720634	49720634	2	3
chr12	52853001	53825562	5.8764	285	0.5773	0.5575	NONE	BND	BAF_WEIGHTED	918	0.4785	52853001	52853001	3	3
chr12	53825563	53825581	5.1261	0	0	0.5853	BND	INV	STRUCTURAL_VARIANT	0	0	53825563	53825563	2	3
chr12	53825582	53826380	5.8783	0	0	0.5104	INV	BND	STRUCTURAL_VARIANT	0	0	53825582	53825582	3	3
chr12	53826381	53826393	4.8356	0	0	0.6205	BND	INV	STRUCTURAL_VARIANT	0	0	53826381	53826381	2	3
chr12	53826394	55037000	5.524	514	0.5727	0.5432	INV	NONE	BAF_WEIGHTED	1072	0.4472	53826394	53826394	3	3
chr12	55037001	55640000	3.8762	175	0.5875	0.6484	NONE	NONE	BAF_WEIGHTED	487	0.3619	55037001	55037001	1	3
chr12	55640001	56762000	5.4837	268	0.5638	0.5471	NONE	NONE	BAF_WEIGHTED	1062	0.4712	55640001	55640001	2	3
chr12	56762001	56923000	4.1824	5	0.55	0.5218	NONE	NONE	BAF_WEIGHTED	136	0.4228	56762001	56762001	2	2
chr12	56923001	57955000	5.4997	253	0.5629	0.5508	NONE	NONE	BAF_WEIGHTED	806	0.4793	56923001	56923001	2	3
chr12	57955001	63760000	4.5627	3567	0.574	0.5513	NONE	NONE	BAF_WEIGHTED	5192	0.3677	57955001	57955001	2	3
chr12	63760001	64244000	5.5956	135	0.5814	0.62	NONE	NONE	BAF_WEIGHTED	468	0.3953	63760001	63760001	2	3
chr12	64244001	64390500	4.1168	13	0.5652	0.5142	NONE	NONE	BAF_WEIGHTED	134	0.4174	64244001	64244001	2	2
chr12	64390501	64829000	5.7402	136	0.5651	0.5226	NONE	NONE	BAF_WEIGHTED	423	0.4222	64390001	64391001	3	3
chr12	64829001	65158000	4.6302	87	0.566	0.5681	NONE	NONE	BAF_WEIGHTED	310	0.3969	64829001	64829001	2	3
chr12	65158001	65244000	5.7045	3	0.549	0.5259	NONE	NONE	BAF_WEIGHTED	85	0.3602	65158001	65158001	3	3
chr12	65244001	66057000	4.2469	221	0.5882	0.6433	NONE	NONE	BAF_WEIGHTED	773	0.3904	65244001	65244001	2	3
chr12	66057001	69236500	5.1106	1408	0.5714	0.5867	NONE	NONE	BAF_WEIGHTED	3027	0.3964	66057001	66057001	2	3
chr12	69236501	69607000	6.0924	103	0.5714	0.5076	NONE	NONE	BAF_WEIGHTED	356	0.3901	69236001	69237001	3	3
chr12	69607001	70221000	4.6844	341	0.5758	0.573	NONE	NONE	BAF_WEIGHTED	558	0.3898	69607001	69607001	2	3
chr12	70221001	70366500	5.8437	90	0.581	0.6177	NONE	NONE	BAF_WEIGHTED	135	0.3497	70221001	70221001	2	4
chr12	70366501	70756153	4.3484	220	0.5794	0.5901	NONE	DEL	BAF_WEIGHTED	369	0.3921	70366001	70367001	2	3
chr12	70756154	70756338	2.7751	0	0	0.7207	DEL	DEL	STRUCTURAL_VARIANT	0	0	70756154	70756154	1	2
chr12	70756339	71605000	4.386	615	0.5714	0.544	DEL	NONE	BAF_WEIGHTED	809	0.3742	70756339	70756339	2	2
chr12	71605001	71920000	5.5887	124	0.5651	0.5368	NONE	NONE	BAF_WEIGHTED	312	0.3762	71605001	71605001	3	3
chr12	71920001	74018000	3.2751	768	0.5728	0.6181	NONE	NONE	BAF_WEIGHTED	1884	0.3536	71920001	71920001	1	2
chr12	74018001	74480000	4.2251	0	0	0.5209	NONE	NONE	BAF_WEIGHTED	432	0.3509	74018001	74018001	2	2
chr12	74480001	76087000	5.273	754	0.566	0.5667	NONE	NONE	BAF_WEIGHTED	1532	0.365	74480001	74480001	2	3
chr12	76087001	79769000	4.5142	1745	0.5696	0.5449	NONE	NONE	BAF_WEIGHTED	3459	0.3689	76087001	76087001	2	2
chr12	79769001	79954000	5.9478	3	0.5278	0.5044	NONE	NONE	BAF_WEIGHTED	178	0.3608	79759001	79769001	3	3
chr12	79954001	81904000	4.8488	768	0.5775	0.6067	NONE	NONE	BAF_WEIGHTED	1817	0.3542	79954001	79954001	2	3
chr12	81904001	82029215	3.148	33	0.5758	0.6353	NONE	BND	BAF_WEIGHTED	114	0.3636	81904001	81904001	1	2
chr12	82029216	82029853	1.5545	0	0	1	BND	BND	STRUCTURAL_VARIANT	0	0	82029216	82029216	0	2
chr12	82029854	83215000	3.4027	427	0.5714	0.5471	BND	NONE	BAF_WEIGHTED	1125	0.3649	82029854	82029854	2	2
chr12	83215001	88024000	2.8449	1619	0.5772	0.6399	NONE	NONE	BAF_WEIGHTED	4457	0.347	83215001	83215001	1	2
chr12	88024001	90114000	3.9201	395	0.5757	0.5592	NONE	NONE	BAF_WEIGHTED	1994	0.3722	88024001	88024001	2	2
chr12	90114001	91325000	2.9181	353	0.5806	0.6538	NONE	NONE	BAF_WEIGHTED	1165	0.3531	90114001	90114001	1	2
chr12	91325001	98746000	3.7183	3668	0.5714	0.5534	NONE	NONE	BAF_WEIGHTED	7070	0.4	91325001	91325001	2	2
chr12	98746001	99801000	3.0979	433	0.5769	0.5942	NONE	NONE	BAF_WEIGHTED	1000	0.3782	98746001	98746001	1	2
chr12	99801001	100345000	3.7518	242	0.5682	0.5331	NONE	NONE	BAF_WEIGHTED	516	0.3907	99801001	99801001	2	2
chr12	100345001	100907000	3.1238	230	0.5789	0.6459	NONE	NONE	BAF_WEIGHTED	541	0.3982	100345001	100345001	1	2
chr12	100907001	102592000	3.7579	643	0.576	0.5356	NONE	NONE	BAF_WEIGHTED	1598	0.3942	100907001	100907001	2	2
chr12	102592001	103780000	2.8509	731	0.5845	0.6626	NONE	NONE	BAF_WEIGHTED	1078	0.3976	102592001	102592001	1	2
chr12	103780001	105375000	4.0551	1006	0.5659	0.5068	NONE	NONE	BAF_WEIGHTED	1502	0.4201	103780001	103780001	2	2
chr12	105375001	106134000	3.3308	701	0.5667	0.6005	NONE	NONE	BAF_WEIGHTED	727	0.422	105375001	105375001	1	2
chr12	106134001	106432000	3.9873	49	0.5854	0.6422	NONE	NONE	BAF_WEIGHTED	275	0.4262	106134001	106134001	1	3
chr12	106432001	106722000	2.9913	33	0.5833	0.6571	NONE	NONE	BAF_WEIGHTED	268	0.4184	106432001	106432001	1	2
chr12	106722001	107908000	3.6268	366	0.5692	0.571	NONE	NONE	BAF_WEIGHTED	1136	0.4249	106722001	106722001	2	2
chr12	107908001	108494000	2.8065	234	0.5683	0.643	NONE	NONE	BAF_WEIGHTED	511	0.447	107908001	107908001	1	2
chr12	108494001	108743000	4.0511	61	0.5581	0.5063	NONE	NONE	BAF_WEIGHTED	240	0.4545	108494001	108494001	2	2
chr12	108743001	109741000	3.2818	543	0.5667	0.6094	NONE	NONE	BAF_WEIGHTED	974	0.4722	108743001	108743001	1	2
chr12	109741001	110761000	3.8699	45	0.58	0.6348	NONE	NONE	BAF_WEIGHTED	987	0.4535	109741001	109741001	1	2
chr12	110761001	111395000	2.9946	129	0.5692	0.5972	NONE	NONE	BAF_WEIGHTED	579	0.4825	110761001	110761001	1	2
chr12	111395001	112450000	3.859	80	0.5698	0.5183	NONE	NONE	BAF_WEIGHTED	997	0.4427	111395001	111395001	2	2
chr12	112450001	112881000	3.1493	117	0.5661	0.5772	NONE	NONE	BAF_WEIGHTED	418	0.4396	112450001	112450001	1	2
chr12	112881001	113432000	3.8699	195	0.5641	0.5168	NONE	NONE	BAF_WEIGHTED	525	0.4925	112881001	112881001	2	2
chr12	113432001	114462000	2.712	626	0.5739	0.636	NONE	NONE	BAF_WEIGHTED	996	0.4673	113432001	113432001	1	2
chr12	114462001	115549834	3.1756	654	0.5666	0.6307	NONE	DEL	BAF_WEIGHTED	1057	0.4323	114462001	114462001	1	2
chr12	115549835	115550548	1.1889	0	0	0.9865	DEL	DEL	STRUCTURAL_VARIANT	0	0	115549835	115549835	0	1
chr12	115550549	115967000	3.2588	382	0.5667	0.6137	DEL	NONE	BAF_WEIGHTED	413	0.4338	115550549	115550549	1	2
chr12	115967001	116314000	4.6968	60	0.5646	0.5742	NONE	NONE	BAF_WEIGHTED	346	0.3797	115967001	115967001	2	3
chr12	116314001	117123813	3.8123	274	0.5666	0.5344	NONE	DEL	BAF_WEIGHTED	794	0.4665	116314001	116314001	2	2
chr12	117123814	117124891	2.9311	0	0	0.6056	DEL	DEL	STRUCTURAL_VARIANT	0	0	117123814	117123814	1	2
chr12	117124892	117195000	3.957	25	0.6154	0.6927	DEL	NONE	BAF_WEIGHTED	69	0.451	117124892	117124892	1	3
chr12	117195001	118006000	2.9919	447	0.5714	0.5777	NONE	NONE	BAF_WEIGHTED	791	0.4555	117195001	117195001	1	2
chr12	118006001	118414000	4.0641	48	0.5525	0.5079	NONE	NONE	BAF_WEIGHTED	395	0.4276	118006001	118006001	2	2
chr12	118414001	119096000	2.4815	387	0.5769	0.597	NONE	NONE	BAF_WEIGHTED	650	0.4274	118414001	118414001	1	1
chr12	119096001	119234000	3.5474	51	0.561	0.5638	NONE	NONE	BAF_WEIGHTED	128	0.454	119096001	119096001	2	2
chr12	119234001	119646000	2.8737	60	0.5713	0.6348	NONE	NONE	BAF_WEIGHTED	402	0.4337	119234001	119234001	1	2
chr12	119646001	123745000	3.8372	1447	0.5636	0.521	NONE	NONE	BAF_WEIGHTED	3731	0.4718	119646001	119646001	2	2
chr12	123745001	123941000	3.0294	106	0.5622	0.5896	NONE	NONE	BAF_WEIGHTED	191	0.4629	123745001	123745001	1	2
chr12	123941001	124027000	4.2753	59	0.5517	0.5322	NONE	NONE	BAF_WEIGHTED	83	0.4429	123941001	123941001	2	2
chr12	124027001	124209646	3.1635	120	0.5641	0.6322	NONE	DEL	BAF_WEIGHTED	176	0.4625	124027001	124027001	1	2
chr12	124209647	124216352	1.7385	7	0.7083	1.026	DEL	DEL	BAF_WEIGHTED	6	0.4598	124209647	124209647	0	2
chr12	124216353	124314500	3.1014	102	0.5714	0.5777	DEL	NONE	BAF_WEIGHTED	90	0.5032	124216353	124216353	1	2
chr12	124314501	124762018	3.9576	223	0.5588	0.5054	NONE	DEL	BAF_WEIGHTED	360	0.5471	124314001	124315001	2	2
chr12	124762019	124762050	2.7947	0	0	0.6497	DEL	DEL	STRUCTURAL_VARIANT	0	0	124762019	124762019	1	2
chr12	124762051	125080000	3.8158	242	0.5684	0.5241	DEL	NONE	BAF_WEIGHTED	296	0.4984	124762051	124762051	2	2
chr12	125080001	125232000	2.9762	3	0.7037	0.8852	NONE	NONE	BAF_WEIGHTED	145	0.4987	125080001	125080001	0	3
chr12	125232001	126753000	2.1589	713	0.5724	0.6024	NONE	NONE	BAF_WEIGHTED	1299	0.4175	125232001	125232001	1	1
chr12	126753001	127776000	2.6595	881	0.5714	0.599	NONE	NONE	BAF_WEIGHTED	886	0.4128	126753001	126753001	1	2
chr12	127776001	128397000	2.0249	340	0.5747	0.5211	NONE	NONE	BAF_WEIGHTED	528	0.4254	127776001	127776001	1	1
chr12	128397001	128711000	1.0695	173	0.6667	1.0799	NONE	NONE	BAF_WEIGHTED	297	0.4545	128395001	128397001	0	1
chr12	128711001	128971000	2.6968	207	0.5679	0.6316	NONE	NONE	BAF_WEIGHTED	254	0.4587	128711001	128711001	1	2
chr12	128971001	130731000	1.9082	1290	0.5758	0.5241	NONE	NONE	BAF_WEIGHTED	1654	0.4485	128971001	128971001	1	1
chr12	130731001	130898000	2.9937	58	0.5625	0.5777	NONE	NONE	BAF_WEIGHTED	157	0.4679	130731001	130731001	1	2
chr12	130898001	131695000	2.4371	785	0.5714	0.5897	NONE	NONE	BAF_WEIGHTED	581	0.4932	130898001	130898001	1	1
chr12	131695001	133275309	3.5619	732	0.5658	0.5543	NONE	TELOMERE	BAF_WEIGHTED	947	0.5071	131695001	131695001	2	2
chr13	1	17025623	1.1609	0	0	1.0911	TELOMERE	CENTROMERE	LONG_ARM	0	0	1	1	0	1
chr13	17025624	19567000	1.1609	650	0.68	1.0911	CENTROMERE	NONE	BAF_WEIGHTED	364	0.4285	17025624	17025624	0	1
chr13	19567001	20218000	2.3015	227	0.6667	0.8587	NONE	NONE	BAF_WEIGHTED	592	0.4212	19567001	19567001	0	2
chr13	20218001	20468000	1.6178	94	0.6552	0.9095	NONE	NONE	BAF_WEIGHTED	234	0.4495	20218001	20218001	0	1
chr13	20468001	20930507	2.2398	390	0.6803	0.8976	NONE	BND	BAF_WEIGHTED	452	0.4132	20468001	20468001	0	2
chr13	20930508	20930828	4.2016	0	0	0.9454	BND	DEL	STRUCTURAL_VARIANT	0	0	20930508	20930508	0	4
chr13	20930829	20958317	1.8453	2	0.7249	1.0481	DEL	DEL	BAF_WEIGHTED	26	0.4603	20930829	20930829	0	2
chr13	20958318	21640000	4.7807	489	0.7953	0.9572	DEL	NONE	BAF_WEIGHTED	607	0.422	20958318	20958318	0	5
chr13	21640001	23288000	3.1856	1029	0.7705	0.9961	NONE	NONE	BAF_WEIGHTED	1507	0.4007	21640001	21640001	0	3
chr13	23288001	23747992	3.9429	206	0.7825	0.9721	NONE	DEL	BAF_WEIGHTED	439	0.4137	23288001	23288001	0	4
chr13	23747993	23748057	3.141	0	0	0.9253	DEL	DEL	STRUCTURAL_VARIANT	0	0	23747993	23747993	0	3
chr13	23748058	25341000	5.0704	1341	0.7965	0.9537	DEL	NONE	BAF_WEIGHTED	1299	0.4238	23748058	23748058	0	5
chr13	25341001	25555000	3.853	182	0.8108	1.0247	NONE	NONE	BAF_WEIGHTED	202	0.4212	25341001	25341001	0	4
chr13	25555001	26478000	5.0268	447	0.8113	0.9755	NONE	NONE	BAF_WEIGHTED	892	0.4068	25555001	25555001	0	5
chr13	26478001	27003000	3.9513	102	0.7887	0.9824	NONE	NONE	BAF_WEIGHTED	506	0.4387	26476001	26478001	0	4
chr13	27003001	27596000	4.9548	361	0.7949	0.9527	NONE	NONE	BAF_WEIGHTED	575	0.4277	27003001	27003001	0	5
chr13	27596001	27660000	6.1974	48	0.7952	0.9215	NONE	NONE	BAF_WEIGHTED	62	0.3902	27596001	27596001	0	6
chr13	27660001	28119000	4.0968	421	0.8	0.9941	NONE	NONE	BAF_WEIGHTED	439	0.4392	27660001	27660001	0	4
chr13	28119001	28816000	5.0492	439	0.8	0.9575	NONE	NONE	BAF_WEIGHTED	675	0.411	28119001	28119001	0	5
chr13	28816001	29408000	3.2642	299	0.7857	1.0177	NONE	NONE	BAF_WEIGHTED	546	0.4028	28816001	28816001	0	3
chr13	29408001	29754000	4.4838	192	0.7805	0.9464	NONE	NONE	BAF_WEIGHTED	324	0.44	29408001	29408001	0	4
chr13	29754001	29934000	6.2497	79	0.8	0.9273	NONE	NONE	BAF_WEIGHTED	173	0.3934	29754001	29754001	0	6
chr13	29934001	31434000	4.934	635	0.7935	0.951	NONE	NONE	BAF_WEIGHTED	1424	0.4305	29934001	29934001	0	5
chr13	31434001	31874000	4.0714	245	0.7941	0.9856	NONE	NONE	BAF_WEIGHTED	409	0.3897	31434001	31434001	0	4
chr13	31874001	33751000	5.1791	548	0.8078	0.968	NONE	NONE	BAF_WEIGHTED	1822	0.394	31874001	31874001	0	5
chr13	33751001	36464000	4.3188	1225	0.8134	1.009	NONE	NONE	BAF_WEIGHTED	2589	0.3803	33751001	33751001	0	4
chr13	36464001	36796000	3.3689	80	0.7778	0.9964	NONE	NONE	BAF_WEIGHTED	318	0.3928	36464001	36464001	0	3
chr13	36796001	36981000	4.1658	27	0.7568	0.9202	NONE	NONE	BAF_WEIGHTED	182	0.402	36796001	36796001	0	4
chr13	36981001	37066000	5.333	12	0.823	0.9836	NONE	NONE	BAF_WEIGHTED	81	0.3715	36981001	36981001	0	5
chr13	37066001	38047000	3.3509	736	0.7747	0.9927	NONE	NONE	BAF_WEIGHTED	934	0.3615	37066001	37066001	0	3
chr13	38047001	38250000	4.1519	72	0.8194	1.0233	NONE	NONE	BAF_WEIGHTED	182	0.3569	38047001	38047001	0	4
chr13	38250001	38501000	5.0665	3	0.566	0.5921	NONE	NONE	BAF_WEIGHTED	240	0.3551	38250001	38250001	2	3
chr13	38501001	39003500	3.7008	294	0.7895	0.9969	NONE	NONE	BAF_WEIGHTED	492	0.3746	38501001	38501001	0	4
chr13	39003501	39059000	5.4244	50	0.8167	0.9713	NONE	NONE	BAF_WEIGHTED	52	0.3716	39000001	39007001	0	5
chr13	39059001	39598000	3.3695	583	0.7714	0.9849	NONE	NONE	BAF_WEIGHTED	524	0.3885	39059001	39059001	0	3
chr13	39598001	40932000	4.7189	785	0.7826	0.9405	NONE	NONE	BAF_WEIGHTED	1205	0.4086	39598001	39598001	0	4
chr13	40932001	41068000	6.6255	87	0.7917	0.9084	NONE	NONE	BAF_WEIGHTED	123	0.3808	40932001	40932001	1	6
chr13	41068001	46816000	4.9129	2201	0.7885	0.9471	NONE	NONE	BAF_WEIGHTED	5377	0.4027	41068001	41068001	0	5
chr13	46816001	47922000	4.069	708	0.8	0.9955	NONE	NONE	BAF_WEIGHTED	1031	0.386	46816001	46816001	0	4
chr13	47922001	48594000	5.5254	218	0.8235	0.9787	NONE	NONE	BAF_WEIGHTED	625	0.3915	47922001	47922001	0	5
chr13	48594001	48959000	4.4587	126	0.7906	0.9634	NONE	NONE	BAF_WEIGHTED	349	0.4023	48594001	48594001	0	4
chr13	48959001	49825000	5.2876	391	0.7925	0.9392	NONE	NONE	BAF_WEIGHTED	815	0.3981	48959001	48959001	0	5
chr13	49825001	49932000	4.2935	83	0.7949	0.977	NONE	NONE	BAF_WEIGHTED	97	0.4288	49825001	49825001	0	4
chr13	49932001	50255704	5.7814	67	0.8148	0.9592	NONE	DEL	BAF_WEIGHTED	303	0.398	49932001	49932001	0	6
chr13	50255705	50257813	4.3461	0	0	0.9315	DEL	DEL	STRUCTURAL_VARIANT	0	0	50255705	50255705	0	4
chr13	50257814	52708000	5.0176	900	0.7889	0.9407	DEL	NONE	BAF_WEIGHTED	2014	0.4081	50257814	50257814	0	5
chr13	52708001	59746000	3.6403	2953	0.8009	1.0233	NONE	NONE	BAF_WEIGHTED	6305	0.3549	52708001	52708001	0	4
chr13	59746001	60582000	4.804	296	0.8059	0.9703	NONE	NONE	BAF_WEIGHTED	803	0.3669	59671001	59746001	0	5
chr13	60582001	70563000	3.7816	5535	0.8072	1.0227	NONE	NONE	BAF_WEIGHTED	9424	0.3441	60582001	60582001	0	4
chr13	70563001	72221850	4.6927	993	0.8142	0.9978	NONE	DEL	BAF_WEIGHTED	1614	0.346	70563001	70563001	0	5
chr13	72221851	72221892	3.55	0	0	0.9683	DEL	DEL	STRUCTURAL_VARIANT	0	0	72221851	72221851	0	3
chr13	72221893	75883000	4.6791	2106	0.8022	0.9759	DEL	NONE	BAF_WEIGHTED	3511	0.3795	72221893	72221893	0	5
chr13	75883001	76793000	3.4055	596	0.7721	0.984	NONE	NONE	BAF_WEIGHTED	861	0.3686	75883001	75883001	0	3
chr13	76793001	76978000	4.3019	97	0.7955	0.9776	NONE	NONE	BAF_WEIGHTED	181	0.4083	76793001	76793001	0	4
chr13	76978001	77355000	5.4737	12	0.7804	0.9161	NONE	NONE	BAF_WEIGHTED	366	0.3679	76978001	76978001	0	5
chr13	77355001	77571000	4.5506	45	0.7755	0.936	NONE	NONE	BAF_WEIGHTED	203	0.3817	77355001	77355001	0	4
chr13	77571001	79308000	3.7277	1305	0.7837	0.9871	NONE	NONE	BAF_WEIGHTED	1628	0.3735	77571001	77571001	0	4
chr13	79308001	79555000	5.3844	233	0.8	0.9477	NONE	NONE	BAF_WEIGHTED	242	0.357	79308001	79308001	0	5
chr13	79555001	80419000	3.9601	237	0.7955	0.9933	NONE	NONE	BAF_WEIGHTED	810	0.385	79555001	79555001	0	4
chr13	80419001	81112000	3.2112	270	0.7674	0.9906	NONE	NONE	BAF_WEIGHTED	650	0.3567	80419001	80419001	0	3
chr13	81112001	91410000	3.8082	6579	0.8067	1.0219	NONE	NONE	BAF_WEIGHTED	9842	0.3456	81112001	81112001	0	4
chr13	91410001	93200000	3.1674	1128	0.7812	1.0166	NONE	NONE	BAF_WEIGHTED	1688	0.3574	91410001	91410001	0	3
chr13	93200001	93877954	3.9917	369	0.8053	1.0024	NONE	SGL	BAF_WEIGHTED	652	0.3641	93200001	93200001	0	4
chr13	93877955	93885500	-0.3367	5	0.5789	1	SGL	NONE	BAF_WEIGHTED	3	0.376	93877955	93877955	0	0
chr13	93885501	95094000	3.4984	574	0.7742	0.9824	NONE	NONE	BAF_WEIGHTED	1045	0.392	93885001	93886001	0	3
chr13	95094001	101163000	4.7045	2598	0.8032	0.982	NONE	NONE	BAF_WEIGHTED	5647	0.4148	95094001	95094001	0	5
chr13	101163001	101764000	3.5585	226	0.7652	0.9517	NONE	NONE	BAF_WEIGHTED	568	0.3678	101163001	101163001	0	3
chr13	101764001	102553000	3.0403	320	0.7812	1.0264	NONE	NONE	BAF_WEIGHTED	758	0.3742	101764001	101764001	0	3
chr13	102553001	102922000	4.5137	339	0.78	0.9445	NONE	NONE	BAF_WEIGHTED	363	0.3942	102553001	102553001	0	4
chr13	102922001	103445000	3.2642	375	0.7714	0.9918	NONE	NONE	BAF_WEIGHTED	510	0.3865	102922001	102922001	0	3
chr13	103445001	103807000	4.1513	336	0.8205	1.0252	NONE	NONE	BAF_WEIGHTED	344	0.3584	103445001	103445001	0	4
chr13	103807001	105769000	3.3777	1290	0.7914	1.0227	NONE	NONE	BAF_WEIGHTED	1898	0.3577	103807001	103807001	0	3
chr13	105769001	106524000	4.2511	438	0.8153	1.0119	NONE	NONE	BAF_WEIGHTED	730	0.3932	105769001	105769001	0	4
chr13	106524001	106596000	5.5061	39	0.8056	0.9527	NONE	NONE	BAF_WEIGHTED	69	0.4088	106524001	106524001	0	5
chr13	106596001	108183000	3.0932	927	0.7745	1.0063	NONE	NONE	BAF_WEIGHTED	1528	0.3806	106596001	106596001	0	3
chr13	108183001	108351000	4.7158	23	0.7429	0.8795	NONE	NONE	BAF_WEIGHTED	160	0.3663	108183001	108183001	1	4
chr13	108351001	108802000	3.5837	323	0.7941	1.0117	NONE	NONE	BAF_WEIGHTED	433	0.382	108351001	108351001	0	4
chr13	108802001	111311000	4.5458	1709	0.799	0.9754	NONE	NONE	BAF_WEIGHTED	2347	0.4291	108802001	108802001	0	4
chr13	111311001	112456000	3.8167	611	0.8108	1.0267	NONE	NONE	BAF_WEIGHTED	863	0.4758	111311001	111311001	0	4
chr13	112456001	114364328	4.8097	835	0.8007	0.9665	NONE	TELOMERE	BAF_WEIGHTED	1480	0.4984	112456001	112456001	0	5
chr14	1	17086761	2.7475	0	0	0.636	TELOMERE	CENTROMERE	LONG_ARM	0	0	1	1	1	2
chr14	17086762	20275000	2.7475	763	0.5667	0.636	CENTROMERE	NONE	BAF_WEIGHTED	329	0.363	17086762	17086762	1	2
chr14	20275001	21549000	4.3705	772	0.5574	0.5422	NONE	NONE	BAF_WEIGHTED	1168	0.4348	20275001	20275001	2	2
chr14	21549001	22003000	3.5098	289	0.5708	0.5924	NONE	NONE	BAF_WEIGHTED	426	0.389	21549001	21549001	1	2
chr14	22003001	22500000	2.4023	14	0.6242	0.7586	NONE	NONE	BAF_WEIGHTED	23	0.4276	22003001	22003001	1	2
chr14	22500001	24459000	4.4725	636	0.5607	0.5401	NONE	NONE	BAF_WEIGHTED	1619	0.4681	22500001	22500001	2	2
chr14	24459001	29253000	3.4437	2493	0.5655	0.5699	NONE	NONE	BAF_WEIGHTED	4379	0.3622	24459001	24459001	1	2
chr14	29253001	30167000	2.4589	323	0.5651	0.5949	NONE	NONE	BAF_WEIGHTED	870	0.3659	29253001	29253001	1	1
chr14	30167001	30518000	3.3051	71	0.5714	0.6051	NONE	NONE	BAF_WEIGHTED	330	0.3803	30167001	30167001	1	2
chr14	30518001	35105000	4.0051	2380	0.5621	0.5287	NONE	NONE	BAF_WEIGHTED	4342	0.3957	30518001	30518001	2	2
chr14	35105001	35419000	4.9155	405	0.5625	0.6103	NONE	NONE	BAF_WEIGHTED	305	0.4322	35105001	35105001	2	3
chr14	35419001	35822000	4.1216	183	0.5625	0.5148	NONE	NONE	BAF_WEIGHTED	389	0.3749	35419001	35419001	2	2
chr14	35822001	38840000	3.5047	1311	0.564	0.572	NONE	NONE	BAF_WEIGHTED	2788	0.3807	35822001	35822001	2	2
chr14	38840001	39467000	4.1755	360	0.5652	0.521	NONE	NONE	BAF_WEIGHTED	579	0.3916	38840001	38840001	2	2
chr14	39467001	39590307	3.2458	90	0.5841	0.6528	NONE	INV	BAF_WEIGHTED	98	0.3778	39467001	39467001	1	2
chr14	39590308	39590318	5.1079	0	0	0.5852	INV	DEL	STRUCTURAL_VARIANT	0	0	39590308	39590308	2	3
chr14	39590319	39590454	1.9554	0	0	1	DEL	DEL	STRUCTURAL_VARIANT	0	0	39590319	39590319	0	2
chr14	39590455	39590460	5.2533	0	0	0.5967	DEL	INV	STRUCTURAL_VARIANT	0	0	39590455	39590455	2	3
chr14	39590461	39590598	4.1025	0	0	0.5165	INV	DEL	STRUCTURAL_VARIANT	0	0	39590461	39590461	2	2
chr14	39590599	39590604	1.5901	0	0	1	DEL	DUP	STRUCTURAL_VARIANT	0	0	39590599	39590599	0	2
chr14	39590605	39606362	3.1989	14	0.5787	0.644	DUP	DEL	BAF_WEIGHTED	12	0.3828	39590605	39590605	1	2
chr14	39606363	39606365	5.8865	0	0	0.6589	DEL	INV	STRUCTURAL_VARIANT	0	0	39606363	39606363	2	4
chr14	39606366	39606630	4.2157	0	0	0.5237	INV	INV	STRUCTURAL_VARIANT	0	0	39606366	39606366	2	2
chr14	39606631	39606633	5.5614	0	0	0.6389	INV	DUP	STRUCTURAL_VARIANT	0	0	39606631	39606631	2	4
chr14	39606634	39607059	3.3594	0	0	0.5978	DUP	DEL	STRUCTURAL_VARIANT	0	0	39606634	39606634	1	2
chr14	39607060	39607093	1.5697	0	0	1	DEL	DEL	STRUCTURAL_VARIANT	0	0	39607060	39607060	0	2
chr14	39607094	44893000	3.4159	2968	0.5685	0.5879	DEL	NONE	BAF_WEIGHTED	4887	0.3484	39607094	39607094	1	2
chr14	44893001	45271000	4.5346	8	0.5852	0.6349	NONE	NONE	BAF_WEIGHTED	368	0.3783	44893001	44893001	2	3
chr14	45271001	47116654	3.5862	1324	0.5687	0.558	NONE	DEL	BAF_WEIGHTED	1680	0.3508	45271001	45271001	2	2
chr14	47116655	47116695	3.0483	0	0	0.5199	DEL	DEL	STRUCTURAL_VARIANT	0	0	47116655	47116655	1	2
chr14	47116696	49454000	3.8924	1142	0.5714	0.5148	DEL	NONE	BAF_WEIGHTED	2154	0.359	47116696	47116696	2	2
chr14	49454001	50119000	5.435	361	0.5638	0.5629	NONE	NONE	BAF_WEIGHTED	636	0.4249	49454001	49454001	2	3
chr14	50119001	55825000	4.6697	3104	0.5684	0.566	NONE	NONE	BAF_WEIGHTED	5398	0.4014	50119001	50119001	2	3
chr14	55825001	57528000	4.1138	878	0.5715	0.5169	NONE	NONE	BAF_WEIGHTED	1590	0.3981	55825001	55825001	2	2
chr14	57528001	58097000	3.4427	256	0.5667	0.5809	NONE	NONE	BAF_WEIGHTED	518	0.3972	57528001	57528001	1	2
chr14	58097001	58468000	5.0357	85	0.5654	0.554	NONE	NONE	BAF_WEIGHTED	360	0.3938	58097001	58097001	2	3
chr14	58468001	59182000	4.1966	459	0.5756	0.5209	NONE	NONE	BAF_WEIGHTED	697	0.3978	58468001	58468001	2	2
chr14	59182001	59505000	5.4256	38	0.5686	0.5529	NONE	NONE	BAF_WEIGHTED	301	0.3967	59182001	59182001	2	3
chr14	59505001	60080000	4.2485	141	0.5637	0.5329	NONE	NONE	BAF_WEIGHTED	523	0.3828	59505001	59505001	2	2
chr14	60080001	60302000	5.5527	61	0.5556	0.5403	NONE	NONE	BAF_WEIGHTED	218	0.3775	60080001	60080001	3	3
chr14	60302001	60598000	4.1613	156	0.5664	0.5194	NONE	NONE	BAF_WEIGHTED	260	0.3811	60302001	60302001	2	2
chr14	60598001	61065000	5.3028	28	0.5843	0.6265	NONE	NONE	BAF_WEIGHTED	417	0.3813	60598001	60598001	2	3
chr14	61065001	61253000	4.3734	37	0.5963	0.6544	NONE	NONE	BAF_WEIGHTED	174	0.4289	61065001	61065001	2	3
chr14	61253001	61774000	5.602	105	0.5579	0.5468	NONE	NONE	BAF_WEIGHTED	511	0.4165	61253001	61253001	3	3
chr14	61774001	62191000	4.1555	165	0.5641	0.5187	NONE	NONE	BAF_WEIGHTED	404	0.3926	61774001	61774001	2	2
chr14	62191001	63270000	3.173	720	0.5782	0.6432	NONE	NONE	BAF_WEIGHTED	992	0.3719	62191001	62191001	1	2
chr14	63270001	66131000	5.0022	1053	0.5653	0.5842	NONE	NONE	BAF_WEIGHTED	2751	0.4229	63270001	63270001	2	3
chr14	66131001	66350000	3.4013	0	0	0.8591	NONE	NONE	BAF_WEIGHTED	192	0.406	66131001	66131001	0	3
chr14	66350001	67228000	4.0433	0	0	0.7227	NONE	NONE	BAF_WEIGHTED	823	0.368	66350001	66350001	1	3
chr14	67228001	68337053	5.2354	126	0.5576	0.5479	NONE	BND	BAF_WEIGHTED	1070	0.4099	67228001	67228001	2	3
chr14	68337054	68840000	3.1166	339	0.6944	0.8598	BND	NONE	BAF_WEIGHTED	487	0.4534	68337054	68337054	0	3
chr14	68840001	69556000	2.4821	319	0.6923	0.8977	NONE	NONE	BAF_WEIGHTED	690	0.4531	68840001	68840001	0	2
chr14	69556001	69797000	3.0657	79	0.6786	0.833	NONE	NONE	BAF_WEIGHTED	235	0.4512	69550001	69556001	1	3
chr14	69797001	70318000	1.7385	208	0.6923	0.9856	NONE	NONE	BAF_WEIGHTED	484	0.4364	69797001	69797001	0	2
chr14	70318001	71730000	2.4502	528	0.6857	0.8863	NONE	NONE	BAF_WEIGHTED	1242	0.4067	70318001	70318001	0	2
chr14	71730001	72320000	1.868	436	0.6975	0.9777	NONE	NONE	BAF_WEIGHTED	558	0.4109	71730001	71730001	0	2
chr14	72320001	72891000	2.6364	378	0.7368	0.9749	NONE	NONE	BAF_WEIGHTED	552	0.4513	72320001	72320001	0	3
chr14	72891001	74171000	3.3815	890	0.7438	0.934	NONE	NONE	BAF_WEIGHTED	1183	0.4408	72891001	72891001	0	3
chr14	74171001	74470000	2.7717	99	0.7333	0.9565	NONE	NONE	BAF_WEIGHTED	288	0.4773	74171001	74171001	0	3
chr14	74470001	76229000	3.4558	720	0.7287	0.9038	NONE	NONE	BAF_WEIGHTED	1713	0.4429	74470001	74470001	0	3
chr14	76229001	76678000	2.416	211	0.7419	1.0089	NONE	NONE	BAF_WEIGHTED	360	0.4679	76229001	76229001	0	2
chr14	76678001	76911000	3.1662	182	0.712	0.8895	NONE	NONE	BAF_WEIGHTED	212	0.4685	76678001	76678001	0	3
chr14	76911001	77128000	4.0424	64	0.7319	0.884	NONE	NONE	BAF_WEIGHTED	211	0.4976	76911001	76911001	0	4
chr14	77128001	77557000	3.1017	278	0.7429	0.9505	NONE	NONE	BAF_WEIGHTED	414	0.4648	77128001	77128001	0	3
chr14	77557001	77768500	3.8699	97	0.725	0.8791	NONE	NONE	BAF_WEIGHTED	202	0.4221	77557001	77557001	0	3
chr14	77768501	78008000	2.7148	17	0.75	0.994	NONE	NONE	BAF_WEIGHTED	231	0.4623	77768001	77769001	0	3
chr14	78008001	80485000	2.0964	1003	0.7246	1.0098	NONE	NONE	BAF_WEIGHTED	2373	0.3926	78008001	78008001	0	2
chr14	80485001	81586000	2.8433	524	0.7273	0.9386	NONE	NONE	BAF_WEIGHTED	1048	0.3845	80485001	80485001	0	3
chr14	81586001	85909000	1.8514	2601	0.7171	1.027	NONE	NONE	BAF_WEIGHTED	4179	0.3628	81586001	81586001	0	2
chr14	85909001	86569000	2.5805	469	0.7619	1.031	NONE	NONE	BAF_WEIGHTED	608	0.3532	85909001	85909001	0	3
chr14	86569001	87924000	2.0073	674	0.7308	1.0365	NONE	NONE	BAF_WEIGHTED	1282	0.3782	86569001	86569001	0	2
chr14	87924001	88202000	3.3622	182	0.7124	0.8799	NONE	NONE	BAF_WEIGHTED	265	0.3949	87924001	87924001	0	3
chr14	88202001	88372000	2.4746	108	0.7353	0.9874	NONE	NONE	BAF_WEIGHTED	168	0.4279	88202001	88202001	0	2
chr14	88372001	88869000	3.2031	272	0.7471	0.9516	NONE	NONE	BAF_WEIGHTED	467	0.387	88372001	88372001	0	3
chr14	88869001	89166000	2.5063	222	0.729	0.9713	NONE	NONE	BAF_WEIGHTED	282	0.4291	88869001	88869001	0	2
chr14	89166001	90012000	3.1741	221	0.7143	0.8933	NONE	NONE	BAF_WEIGHTED	834	0.4292	89166001	89166001	0	3
chr14	90012001	90244000	2.523	49	0.7222	0.9557	NONE	NONE	BAF_WEIGHTED	221	0.441	90012001	90012001	0	2
chr14	90244001	92136000	3.4378	821	0.7381	0.9217	NONE	NONE	BAF_WEIGHTED	1813	0.4398	90244001	90244001	0	3
chr14	92136001	92522000	2.65	284	0.7179	0.9359	NONE	NONE	BAF_WEIGHTED	373	0.4649	92136001	92136001	0	2
chr14	92522001	93356000	3.3474	418	0.7241	0.9043	NONE	NONE	BAF_WEIGHTED	657	0.4758	92522001	92522001	0	3
chr14	93356001	93916000	2.3905	99	0.7241	0.9726	NONE	NONE	BAF_WEIGHTED	540	0.4294	93356001	93356001	0	2
chr14	93916001	94692000	3.2327	634	0.75	0.955	NONE	NONE	BAF_WEIGHTED	743	0.4561	93916001	93916001	0	3
chr14	94692001	95002000	2.5487	296	0.7407	0.9911	NONE	NONE	BAF_WEIGHTED	300	0.4665	94691001	94692001	0	3
chr14	95002001	95562000	3.3513	266	0.7386	0.9274	NONE	NONE	BAF_WEIGHTED	547	0.4599	95002001	95002001	0	3
chr14	95562001	96254000	2.4115	661	0.741	1.006	NONE	NONE	BAF_WEIGHTED	679	0.4591	95562001	95562001	0	2
chr14	96254001	96586000	3.1789	117	0.7073	0.8802	NONE	NONE	BAF_WEIGHTED	319	0.4069	96254001	96254001	0	3
chr14	96586001	99421000	2.4391	1544	0.7102	0.9407	NONE	NONE	BAF_WEIGHTED	2573	0.4354	96586001	96586001	0	2
chr14	99421001	99652000	3.5383	183	0.7551	0.9462	NONE	NONE	BAF_WEIGHTED	198	0.5086	99419001	99421001	0	3
chr14	99652001	99958000	2.8252	194	0.75	0.9846	NONE	NONE	BAF_WEIGHTED	286	0.4723	99652001	99652001	0	3
chr14	99958001	100306000	4.0145	48	0.7405	0.8993	NONE	NONE	BAF_WEIGHTED	318	0.4797	99958001	99958001	0	4
chr14	100306001	100711500	2.9293	62	0.7386	0.9545	NONE	NONE	BAF_WEIGHTED	338	0.5139	100304001	100308001	0	3
chr14	100711501	101726000	2.4461	503	0.7391	0.9982	NONE	NONE	BAF_WEIGHTED	920	0.4724	100711001	100712001	0	2
chr14	101726001	103952000	3.3081	758	0.7407	0.9336	NONE	NONE	BAF_WEIGHTED	2016	0.481	101726001	101726001	0	3
chr14	103952001	104638000	2.3257	297	0.7381	1.0095	NONE	NONE	BAF_WEIGHTED	474	0.5251	103952001	103952001	0	2
chr14	104638001	105603000	3.3296	410	0.7368	0.9254	NONE	NONE	BAF_WEIGHTED	491	0.5692	104638001	104638001	0	3
chr14	105603001	107043718	2.8138	1081	0.7214	0.9312	NONE	TELOMERE	BAF_WEIGHTED	550	0.4229	105603001	105660001	0	3
chr15	1	18362626	3.8148	0	0	0.5243	TELOMERE	CENTROMERE	LONG_ARM	0	0	1	1	2	2
chr15	18362627	23055000	3.8148	227	0.5682	0.5243	CENTROMERE	NONE	BAF_WEIGHTED	257	0.465	18362627	18362627	2	2
chr15	23055001	30077000	2.6685	4113	0.5691	0.5924	NONE	NONE	BAF_WEIGHTED	5240	0.4227	23055001	23055001	1	2
chr15	30077001	31492000	4.2705	691	0.5556	0.5317	NONE	NONE	BAF_WEIGHTED	653	0.4554	30077001	30077001	2	2
chr15	31492001	32429000	3.1096	532	0.569	0.6109	NONE	NONE	BAF_WEIGHTED	525	0.4199	31492001	31492001	1	2
chr15	32429001	33239000	4.1094	606	0.562	0.529	NONE	NONE	BAF_WEIGHTED	593	0.4022	32225001	32633001	2	2
chr15	33239001	33831000	2.8715	409	0.5667	0.5777	NONE	NONE	BAF_WEIGHTED	576	0.4144	33239001	33239001	1	2
chr15	33831001	34465000	3.9769	285	0.5551	0.5092	NONE	NONE	BAF_WEIGHTED	552	0.4093	33831001	33831001	2	2
chr15	34465001	34795500	2.9943	234	0.5714	0.5777	NONE	NONE	BAF_WEIGHTED	239	0.3962	34465001	34465001	1	2
chr15	34795501	35584000	3.6533	210	0.5581	0.5475	NONE	NONE	BAF_WEIGHTED	751	0.3773	34795001	34796001	2	2
chr15	35584001	36493000	2.7299	456	0.5613	0.6337	NONE	NONE	BAF_WEIGHTED	871	0.3644	35584001	35584001	1	2
chr15	36493001	37306000	3.4327	461	0.5556	0.5826	NONE	NONE	BAF_WEIGHTED	784	0.3764	36493001	36493001	1	2
chr15	37306001	37869000	2.8275	359	0.5652	0.6446	NONE	NONE	BAF_WEIGHTED	505	0.3653	37303001	37309001	1	2
chr15	37869001	38434000	3.5662	222	0.5714	0.5608	NONE	NONE	BAF_WEIGHTED	551	0.3826	37869001	37869001	2	2
chr15	38434001	45718000	4.3281	2755	0.5594	0.547	NONE	NONE	BAF_WEIGHTED	6517	0.4336	38434001	38434001	2	2
chr15	45718001	46092000	3.2848	92	0.5633	0.6089	NONE	NONE	BAF_WEIGHTED	359	0.3961	45718001	45718001	1	2
chr15	46092001	47164000	2.4979	825	0.5681	0.6012	NONE	NONE	BAF_WEIGHTED	950	0.3642	46092001	46092001	1	2
chr15	47164001	48298000	3.1894	530	0.567	0.6246	NONE	NONE	BAF_WEIGHTED	1107	0.3898	47164001	47164001	1	2
chr15	48298001	52747000	4.1347	2096	0.5579	0.5262	NONE	NONE	BAF_WEIGHTED	4211	0.399	48298001	48298001	2	2
chr15	52747001	53975000	3.3727	612	0.5693	0.5954	NONE	NONE	BAF_WEIGHTED	1146	0.3886	52747001	52747001	1	2
chr15	53975001	55166000	2.6646	649	0.5714	0.6247	NONE	NONE	BAF_WEIGHTED	1103	0.3688	53975001	53975001	1	2
chr15	55166001	57742000	4.1543	1613	0.5614	0.5206	NONE	NONE	BAF_WEIGHTED	2416	0.3946	55166001	55166001	2	2
chr15	57742001	58212000	3.5059	380	0.5667	0.5705	NONE	NONE	BAF_WEIGHTED	442	0.4033	57742001	57742001	2	2
chr15	58212001	59061000	4.763	547	0.5581	0.5801	NONE	NONE	BAF_WEIGHTED	830	0.4104	58212001	58212001	2	3
chr15	59061001	59715000	4.1195	139	0.5676	0.5145	NONE	NONE	BAF_WEIGHTED	638	0.4249	59061001	59061001	2	2
chr15	59715001	60324000	3.4699	374	0.5667	0.5764	NONE	NONE	BAF_WEIGHTED	586	0.4062	59715001	59715001	1	2
chr15	60324001	60595000	4.7972	137	0.5526	0.5831	NONE	NONE	BAF_WEIGHTED	256	0.4048	60324001	60324001	2	3
chr15	60595001	61656000	3.7948	729	0.5567	0.5326	NONE	NONE	BAF_WEIGHTED	1040	0.4118	60595001	60595001	2	2
chr15	61656001	65921000	4.4142	1927	0.5613	0.5452	NONE	NONE	BAF_WEIGHTED	3960	0.4337	61656001	61656001	2	2
chr15	65921001	66267000	3.3562	285	0.56	0.5959	NONE	NONE	BAF_WEIGHTED	340	0.4901	65921001	65921001	1	2
chr15	66267001	66898943	3.9984	395	0.5581	0.5	NONE	BND	BAF_WEIGHTED	604	0.4679	66267001	66267001	2	2
chr15	66898944	67277000	2.7298	319	0.6944	0.8832	BND	NONE	BAF_WEIGHTED	367	0.4551	66898944	66898944	0	2
chr15	67277001	68032000	2.2068	332	0.6668	0.8672	NONE	NONE	BAF_WEIGHTED	723	0.4123	67277001	67277001	0	2
chr15	68032001	68317000	2.6966	4	0.6146	0.7273	NONE	NONE	BAF_WEIGHTED	271	0.4109	68032001	68032001	1	2
chr15	68317001	68760000	2.0161	275	0.695	0.9519	NONE	NONE	BAF_WEIGHTED	356	0.4761	68317001	68317001	0	2
chr15	68760001	70770266	2.5814	687	0.6913	0.8818	NONE	DEL	BAF_WEIGHTED	1933	0.4521	68760001	68760001	0	2
chr15	70770267	70770316	0.9384	0	0	1	DEL	DEL	STRUCTURAL_VARIANT	0	0	70770267	70770267	0	1
chr15	70770317	72795000	2.2998	922	0.7011	0.9352	DEL	NONE	BAF_WEIGHTED	1856	0.4161	70770317	70770317	0	2
chr15	72795001	73904000	1.8946	326	0.6803	0.9313	NONE	NONE	BAF_WEIGHTED	910	0.4357	72795001	72795001	0	2
chr15	73904001	74020000	2.8237	88	0.6923	0.8728	NONE	NONE	BAF_WEIGHTED	110	0.4937	73904001	73904001	0	2
chr15	74020001	74773000	2.2486	112	0.6667	0.8632	NONE	NONE	BAF_WEIGHTED	644	0.4992	74020001	74020001	0	2
chr15	74773001	75945000	2.6597	524	0.7097	0.9187	NONE	NONE	BAF_WEIGHTED	930	0.4792	74773001	74773001	0	2
chr15	75945001	76872000	2.1472	445	0.6944	0.9344	NONE	NONE	BAF_WEIGHTED	858	0.4027	75945001	75945001	0	2
chr15	76872001	77656000	2.6096	338	0.7059	0.9151	NONE	NONE	BAF_WEIGHTED	718	0.4345	76872001	76872001	0	2
chr15	77656001	77958000	1.8274	304	0.6875	0.9595	NONE	NONE	BAF_WEIGHTED	212	0.536	77656001	77656001	0	2
chr15	77958001	78158000	3.0101	109	0.68	0.8385	NONE	NONE	BAF_WEIGHTED	165	0.4729	77957001	77959001	0	3
chr15	78158001	79045000	2.3793	765	0.6956	0.9131	NONE	NONE	BAF_WEIGHTED	769	0.4648	78158001	78158001	0	2
chr15	79045001	79841000	1.9055	597	0.7	0.9783	NONE	NONE	BAF_WEIGHTED	750	0.4303	79045001	79045001	0	2
chr15	79841001	80169000	2.6588	162	0.6885	0.8826	NONE	NONE	BAF_WEIGHTED	221	0.4077	79841001	79841001	0	2
chr15	80169001	82123000	2.1313	1101	0.6953	0.947	NONE	NONE	BAF_WEIGHTED	1849	0.4287	80169001	80169001	0	2
chr15	82123001	82571000	2.6585	12	0.7404	0.9801	NONE	NONE	BAF_WEIGHTED	163	0.4139	82123001	82123001	0	3
chr15	82571001	82973000	1.9366	1	0.6486	0.852	NONE	NONE	BAF_WEIGHTED	367	0.4494	82571001	82571001	0	2
chr15	82973001	83227000	2.4685	1	0.8148	1.1529	NONE	NONE	BAF_WEIGHTED	238	0.4137	82973001	82973001	0	2
chr15	83227001	84141000	1.9215	422	0.72	1.0235	NONE	NONE	BAF_WEIGHTED	803	0.4073	83227001	83227001	0	2
chr15	84141001	85870000	2.8247	1133	0.6983	0.883	NONE	NONE	BAF_WEIGHTED	1140	0.4368	84138001	84144001	0	2
chr15	85870001	87036000	1.7473	697	0.7011	1.0068	NONE	NONE	BAF_WEIGHTED	1102	0.4	85870001	85870001	0	2
chr15	87036001	87962000	2.1342	556	0.737	1.0292	NONE	NONE	BAF_WEIGHTED	859	0.3942	87036001	87036001	0	2
chr15	87962001	88437000	1.6637	40	0.6774	0.9618	NONE	NONE	BAF_WEIGHTED	461	0.4606	87962001	87962001	0	2
chr15	88437001	88678000	2.4213	100	0.7143	0.9489	NONE	NONE	BAF_WEIGHTED	213	0.4497	88437001	88437001	0	2
chr15	88678001	89021000	1.8804	174	0.6897	0.9572	NONE	NONE	BAF_WEIGHTED	332	0.4727	88678001	88678001	0	2
chr15	89021001	89340000	2.772	280	0.6875	0.8668	NONE	NONE	BAF_WEIGHTED	302	0.442	89021001	89021001	0	2
chr15	89340001	89680000	2.2474	113	0.7097	0.9571	NONE	NONE	BAF_WEIGHTED	306	0.488	89340001	89340001	0	2
chr15	89680001	91038000	2.7886	912	0.6942	0.8787	NONE	NONE	BAF_WEIGHTED	1271	0.4666	89680001	89680001	0	2
chr15	91038001	92197000	2.079	487	0.6951	0.9425	NONE	NONE	BAF_WEIGHTED	1114	0.4228	91038001	91038001	0	2
chr15	92197001	92507000	1.6807	292	0.6934	0.9983	NONE	NONE	BAF_WEIGHTED	295	0.4389	92197001	92197001	0	2
chr15	92507001	92797000	2.2433	293	0.7167	0.9724	NONE	NONE	BAF_WEIGHTED	264	0.4441	92507001	92507001	0	2
chr15	92797001	93020000	3.3021	129	0.7118	0.8848	NONE	NONE	BAF_WEIGHTED	219	0.4119	92797001	92797001	0	3
chr15	93020001	93347000	1.9875	176	0.6667	0.8891	NONE	NONE	BAF_WEIGHTED	309	0.4656	93020001	93020001	0	2
chr15	93347001	93957000	1.449	618	0.6728	0.9875	NONE	NONE	BAF_WEIGHTED	568	0.4031	93347001	93347001	0	1
chr15	93957001	94456000	1.9512	314	0.6886	0.9449	NONE	NONE	BAF_WEIGHTED	481	0.3858	93957001	93957001	0	2
chr15	94456001	95241000	1.4054	471	0.6818	1.0248	NONE	NONE	BAF_WEIGHTED	769	0.3856	94456001	94456001	0	1
chr15	95241001	96369000	1.9881	568	0.7065	0.9795	NONE	NONE	BAF_WEIGHTED	1111	0.3914	95241001	95241001	0	2
chr15	96369001	97898000	1.3344	966	0.6927	1.0758	NONE	NONE	BAF_WEIGHTED	1448	0.3833	96369001	96369001	0	1
chr15	97898001	98083000	1.9506	145	0.7037	0.9806	NONE	NONE	BAF_WEIGHTED	181	0.4039	97898001	97898001	0	2
chr15	98083001	98493000	1.4482	345	0.6977	1.0593	NONE	NONE	BAF_WEIGHTED	384	0.4324	98083001	98083001	0	1
chr15	98493001	98640000	2.0307	128	0.7113	0.9872	NONE	NONE	BAF_WEIGHTED	142	0.438	98492001	98494001	0	2
chr15	98640001	98920000	2.9208	48	0.7143	0.9088	NONE	NONE	BAF_WEIGHTED	276	0.4404	98640001	98640001	0	3
chr15	98920001	99561000	2.2833	408	0.6867	0.9118	NONE	NONE	BAF_WEIGHTED	601	0.4371	98920001	98920001	0	2
chr15	99561001	99768000	2.8065	136	0.695	0.8793	NONE	NONE	BAF_WEIGHTED	202	0.3909	99561001	99561001	0	2
chr15	99768001	100432000	1.8986	358	0.6828	0.9289	NONE	NONE	BAF_WEIGHTED	572	0.4446	99768001	99768001	0	2
chr15	100432001	101991189	2.2292	688	0.7048	0.9476	NONE	TELOMERE	BAF_WEIGHTED	1164	0.4504	100432001	100432001	0	2
chr16	1	1433254	4.2482	700	0.5567	0.5288	TELOMERE	DEL	BAF_WEIGHTED	569	0.5783	1	1	2	2
chr16	1433255	1433293	2.5117	0	0	0.7969	DEL	DEL	STRUCTURAL_VARIANT	0	0	1433255	1433255	1	2
chr16	1433294	3235168	4.3504	627	0.557	0.5432	DEL	DEL	BAF_WEIGHTED	1114	0.5463	1433294	1433294	2	2
chr16	3235169	3235998	1.7611	0	0	1	DEL	DEL	STRUCTURAL_VARIANT	0	0	3235169	3235169	0	2
chr16	3235999	4876000	4.1971	652	0.556	0.5334	DEL	NONE	BAF_WEIGHTED	1472	0.4964	3235999	3235999	2	2
chr16	4876001	5167000	3.5087	185	0.5655	0.561	NONE	NONE	BAF_WEIGHTED	198	0.5112	4876001	4876001	2	2
chr16	5167001	5590000	2.5823	374	0.5714	0.6127	NONE	NONE	BAF_WEIGHTED	355	0.4543	5167001	5167001	1	2
chr16	5590001	5796000	3.2521	129	0.5641	0.615	NONE	NONE	BAF_WEIGHTED	199	0.4413	5590001	5590001	1	2
chr16	5796001	7761000	2.3834	1906	0.5693	0.5808	NONE	NONE	BAF_WEIGHTED	1939	0.417	5796001	5796001	1	1
chr16	7761001	8641933	2.8262	963	0.5662	0.6456	NONE	DUP	BAF_WEIGHTED	855	0.4175	7761001	7761001	1	2
chr16	8641934	9066440	5.199	299	0.5849	0.6282	DUP	DUP	BAF_WEIGHTED	396	0.4765	8641934	8641934	2	3
chr16	9066441	9145000	4.8895	82	0.5591	0.6136	DUP	NONE	BAF_WEIGHTED	74	0.4569	9066441	9066441	2	3
chr16	9145001	10533000	2.7413	1298	0.5681	0.6311	NONE	NONE	BAF_WEIGHTED	1092	0.4317	9145001	9145001	1	2
chr16	10533001	12363000	4.331	1383	0.5642	0.5381	NONE	NONE	BAF_WEIGHTED	1720	0.4788	10293001	10533001	2	2
chr16	12363001	12844000	3.2799	846	0.5569	0.6098	NONE	NONE	BAF_WEIGHTED	473	0.4623	12363001	12363001	1	2
chr16	12844001	13863000	2.5499	762	0.5724	0.6093	NONE	NONE	BAF_WEIGHTED	993	0.422	12844001	12844001	1	2
chr16	13863001	15695000	4.5588	399	0.5641	0.5613	NONE	NONE	BAF_WEIGHTED	1104	0.4372	13863001	13863001	2	3
chr16	15695001	16197000	3.8971	197	0.5526	0.5132	NONE	NONE	BAF_WEIGHTED	495	0.4795	15695001	15695001	2	2
chr16	16197001	16968000	2.6654	338	0.5748	0.6079	NONE	NONE	BAF_WEIGHTED	192	0.4192	16197001	16197001	1	2
chr16	16968001	17198000	3.2818	115	0.5484	0.6094	NONE	NONE	BAF_WEIGHTED	219	0.4337	16968001	16968001	1	2
chr16	17198001	17492000	4.2372	212	0.555	0.5283	NONE	NONE	BAF_WEIGHTED	293	0.4594	17198001	17198001	2	2
chr16	17492001	17589000	3.3144	100	0.5676	0.6034	NONE	NONE	BAF_WEIGHTED	94	0.4364	17492001	17492001	1	2
chr16	17589001	18428000	2.4685	387	0.5714	0.5949	NONE	NONE	BAF_WEIGHTED	465	0.4178	17589001	17589001	1	1
chr16	18428001	20630000	3.8762	1054	0.5601	0.5104	NONE	NONE	BAF_WEIGHTED	1541	0.4441	18073001	18783001	2	2
chr16	20630001	20940000	4.5585	20	0.5437	0.5613	NONE	NONE	BAF_WEIGHTED	287	0.4121	20630001	20630001	2	3
chr16	20940001	21583000	3.4826	148	0.5612	0.5743	NONE	NONE	BAF_WEIGHTED	379	0.4335	20940001	20940001	1	2
chr16	21583001	22419000	4.1567	109	0.5652	0.5189	NONE	NONE	BAF_WEIGHTED	612	0.446	21342001	21583001	2	2
chr16	22419001	23054000	3.0839	239	0.5556	0.5777	NONE	NONE	BAF_WEIGHTED	346	0.4294	22419001	22614001	1	2
chr16	23054001	23749000	4.0012	49	0.5641	0.5002	NONE	NONE	BAF_WEIGHTED	670	0.4577	23054001	23054001	2	2
chr16	23749001	24109000	3.1359	84	0.5691	0.6378	NONE	NONE	BAF_WEIGHTED	353	0.4385	23749001	23749001	1	2
chr16	24109001	24507000	2.5913	284	0.5769	0.6141	NONE	NONE	BAF_WEIGHTED	395	0.441	24108001	24110001	1	2
chr16	24507001	24534000	3.3356	1	0.5385	0.5996	NONE	NONE	BAF_WEIGHTED	27	0.4558	24507001	24507001	1	2
chr16	24534001	24574500	4.9037	3	0.5965	0.6487	NONE	NONE	BAF_WEIGHTED	38	0.3814	24534001	24534001	2	3
chr16	24574501	24727000	3.1622	90	0.5682	0.5778	NONE	NONE	BAF_WEIGHTED	149	0.4356	24573001	24576001	1	2
chr16	24727001	24790000	4.6438	9	0.5152	0.5693	NONE	NONE	BAF_WEIGHTED	62	0.3919	24727001	24727001	2	3
chr16	24790001	24969000	3.4748	112	0.5667	0.5756	NONE	NONE	BAF_WEIGHTED	179	0.4508	24790001	24790001	1	2
chr16	24969001	25163000	4.3189	135	0.5625	0.5369	NONE	NONE	BAF_WEIGHTED	183	0.4498	24969001	24969001	2	2
chr16	25163001	25329000	3.3114	65	0.5676	0.604	NONE	NONE	BAF_WEIGHTED	163	0.4388	25163001	25163001	1	2
chr16	25329001	27072000	2.4764	1137	0.5714	0.5962	NONE	NONE	BAF_WEIGHTED	1690	0.4192	25329001	25329001	1	1
chr16	27072001	27152000	3.1837	35	0.5882	0.6616	NONE	NONE	BAF_WEIGHTED	77	0.4586	27072001	27072001	1	2
chr16	27152001	27631000	4.0997	336	0.5557	0.5133	NONE	NONE	BAF_WEIGHTED	464	0.4779	27152001	27152001	2	2
chr16	27631001	28103000	3.1474	233	0.5588	0.6354	NONE	NONE	BAF_WEIGHTED	459	0.4872	27631001	27631001	1	2
chr16	28103001	30153901	4.3357	544	0.564	0.5286	NONE	DUP	BAF_WEIGHTED	930	0.5043	28103001	28103001	2	2
chr16	30153902	30431185	6.0113	75	0.5507	0.5009	DUP	DUP	BAF_WEIGHTED	92	0.5292	30153902	30153902	3	3
chr16	30431186	31084100	4.6986	206	0.5498	0.5739	DUP	DEL	BAF_WEIGHTED	579	0.5121	30431186	30431186	2	3
chr16	31084101	31089816	2.5877	2	0.6428	0.7892	DEL	DEL	BAF_WEIGHTED	3	0.586	31084101	31084101	1	2
chr16	31089817	31514000	4.4287	111	0.5641	0.5484	DEL	NONE	BAF_WEIGHTED	350	0.5013	31089817	31089817	2	2
chr16	31514001	31856000	2.9598	93	0.5714	0.5777	NONE	NONE	BAF_WEIGHTED	277	0.4085	31514001	31514001	1	2
chr16	31856001	34062976	4.161	62	0.6	0.6637	NONE	BND	BAF_WEIGHTED	82	0.3915	31856001	31856001	1	3
chr16	34062977	35395000	2.5085	23	0.5714	0.6013	BND	NONE	BAF_WEIGHTED	260	0.4203	34062977	34062977	1	2
chr16	35395001	37295919	3.2678	41	0.5707	0.6235	NONE	CENTROMERE	BAF_WEIGHTED	473	0.4067	35395001	35395001	1	2
chr16	37295920	46484756	1.6831	0	0	0.5009	CENTROMERE	DEL	BAF_WEIGHTED	20	0.4117	37295920	37295920	1	1
chr16	46484757	46487257	1.7294	0	0	0.5125	DEL	DEL	BAF_WEIGHTED	2	0.3635	46484757	46484757	1	1
chr16	46487258	46552000	2.1294	0	0	0.604	DEL	NONE	BAF_WEIGHTED	48	0.3601	46487258	46487258	1	1
chr16	46552001	47751000	3.1498	12	0.6261	0.7323	NONE	NONE	BAF_WEIGHTED	1096	0.41	46552001	46552001	1	2
chr16	47751001	48146000	2.4251	18	0.5635	0.605	NONE	NONE	BAF_WEIGHTED	352	0.4331	47751001	47751001	1	1
chr16	48146001	48670000	3.546	19	0.5824	0.644	NONE	NONE	BAF_WEIGHTED	491	0.434	48146001	48146001	1	2
chr16	48670001	50011000	2.0718	654	0.5896	0.7074	NONE	NONE	BAF_WEIGHTED	1172	0.4599	48670001	48670001	1	1
chr16	50011001	50382000	3.3961	136	0.581	0.6442	NONE	NONE	BAF_WEIGHTED	346	0.449	50011001	50011001	1	2
chr16	50382001	50665000	2.5696	77	0.5897	0.6822	NONE	NONE	BAF_WEIGHTED	269	0.4871	50382001	50382001	1	2
chr16	50665001	50816000	3.5773	1	0.5	0.5591	NONE	NONE	BAF_WEIGHTED	148	0.4375	50665001	50665001	2	2
chr16	50816001	51413000	1.8837	212	0.5806	0.694	NONE	NONE	BAF_WEIGHTED	570	0.4422	50816001	50816001	1	1
chr16	51413001	52040000	2.3523	365	0.5769	0.5749	NONE	NONE	BAF_WEIGHTED	606	0.4037	51413001	51413001	1	1
chr16	52040001	53039000	2.8146	566	0.5779	0.6513	NONE	NONE	BAF_WEIGHTED	960	0.3959	52040001	52040001	1	2
chr16	53039001	54115000	3.6165	698	0.5767	0.577	NONE	NONE	BAF_WEIGHTED	1027	0.3991	53039001	53039001	2	2
chr16	54115001	56193000	2.9111	1442	0.5806	0.654	NONE	NONE	BAF_WEIGHTED	1954	0.4336	54115001	54115001	1	2
chr16	56193001	57652000	3.6327	656	0.5714	0.5506	NONE	NONE	BAF_WEIGHTED	1372	0.4739	56193001	56193001	2	2
chr16	57652001	58803000	3.1235	565	0.5745	0.6403	NONE	NONE	BAF_WEIGHTED	1074	0.4724	57652001	57652001	1	2
chr16	58803001	61712000	1.926	1684	0.5908	0.7162	NONE	NONE	BAF_WEIGHTED	2689	0.3662	58803001	58803001	1	1
chr16	61712001	61944000	2.6228	123	0.5789	0.6587	NONE	NONE	BAF_WEIGHTED	214	0.3591	61712001	61712001	1	2
chr16	61944001	62773000	1.8416	336	0.5811	0.6978	NONE	NONE	BAF_WEIGHTED	803	0.3711	61944001	61944001	1	1
chr16	62773001	66324000	2.3541	1525	0.5836	0.6785	NONE	NONE	BAF_WEIGHTED	3427	0.3856	62773001	62773001	1	2
chr16	66324001	70810000	3.5496	1358	0.5803	0.6419	NONE	NONE	BAF_WEIGHTED	3877	0.4753	66324001	66324001	1	2
chr16	70810001	71448000	2.5889	248	0.5909	0.684	NONE	NONE	BAF_WEIGHTED	265	0.433	70810001	70810001	1	2
chr16	71448001	72130000	3.3973	451	0.5814	0.6449	NONE	NONE	BAF_WEIGHTED	651	0.4382	71448001	71448001	1	2
chr16	72130001	73228000	2.8751	261	0.5882	0.6679	NONE	NONE	BAF_WEIGHTED	1044	0.4138	72130001	72130001	1	2
chr16	73228001	74272000	2.0386	361	0.5817	0.6886	NONE	NONE	BAF_WEIGHTED	919	0.4135	73228001	73228001	1	1
chr16	74272001	75663000	3.35	1014	0.5811	0.6449	NONE	NONE	BAF_WEIGHTED	1066	0.4541	74272001	74272001	1	2
chr16	75663001	78054000	2.299	1936	0.5865	0.6872	NONE	NONE	BAF_WEIGHTED	2300	0.3909	75663001	75663001	1	2
chr16	78054001	82461000	3.1859	4147	0.5809	0.6448	NONE	NONE	BAF_WEIGHTED	4275	0.4337	78054001	78054001	1	2
chr16	82461001	83596000	2.1406	1173	0.5862	0.693	NONE	NONE	BAF_WEIGHTED	1128	0.421	82461001	82461001	1	1
chr16	83596001	83765000	2.7683	187	0.5897	0.6756	NONE	NONE	BAF_WEIGHTED	158	0.4361	83596001	83596001	1	2
chr16	83765001	85969000	3.4173	1799	0.5806	0.6431	NONE	NONE	BAF_WEIGHTED	1996	0.5113	83765001	83765001	1	2
chr16	85969001	87267000	2.3848	943	0.5806	0.6709	NONE	NONE	BAF_WEIGHTED	1003	0.4892	85969001	85969001	1	2
chr16	87267001	90338345	3.39	1431	0.5761	0.6268	NONE	TELOMERE	BAF_WEIGHTED	1622	0.54	87267001	87267001	1	2
chr17	1	3089000	3.8871	1560	0.6297	0.72	TELOMERE	NONE	BAF_WEIGHTED	2454	0.5012	1	1	1	3
chr17	3089001	3632000	2.6832	434	0.6091	0.715	NONE	NONE	BAF_WEIGHTED	420	0.4345	3089001	3089001	1	2
chr17	3632001	5604000	3.2085	1220	0.5814	0.6487	NONE	NONE	BAF_WEIGHTED	1744	0.488	3632001	3632001	1	2
chr17	5604001	6412000	2.1847	764	0.5882	0.6952	NONE	NONE	BAF_WEIGHTED	786	0.4596	5604001	5604001	1	2
chr17	6412001	7212000	2.9693	572	0.5899	0.6699	NONE	NONE	BAF_WEIGHTED	658	0.4691	6412001	6412001	1	2
chr17	7212001	8257000	3.509	379	0.5864	0.6516	NONE	NONE	BAF_WEIGHTED	776	0.5165	7212001	7212001	1	2
chr17	8257001	9678000	2.8974	834	0.5865	0.6659	NONE	NONE	BAF_WEIGHTED	1365	0.4578	8257001	8257001	1	2
chr17	9678001	10600000	2.3263	519	0.5897	0.6919	NONE	NONE	BAF_WEIGHTED	894	0.4459	9678001	9678001	1	2
chr17	10600001	11320000	2.8149	339	0.5938	0.6821	NONE	NONE	BAF_WEIGHTED	704	0.4361	10600001	10600001	1	2
chr17	11320001	11955000	1.9631	437	0.5866	0.7045	NONE	NONE	BAF_WEIGHTED	616	0.4299	11320001	11320001	1	1
chr17	11955001	12142500	3.2343	90	0.5672	0.6184	NONE	NONE	BAF_WEIGHTED	178	0.3836	11955001	11955001	1	2
chr17	12142501	12994000	1.9569	279	0.5882	0.7077	NONE	NONE	BAF_WEIGHTED	828	0.411	12141001	12144001	1	1
chr17	12994001	13928000	2.3905	603	0.5909	0.6917	NONE	NONE	BAF_WEIGHTED	912	0.404	12994001	12994001	1	2
chr17	13928001	21600000	3.0789	3318	0.5894	0.6666	NONE	NONE	BAF_WEIGHTED	5244	0.4588	13928001	13928001	1	2
chr17	21600001	24849829	1.7966	339	0.5909	0.725	NONE	CENTROMERE	BAF_WEIGHTED	278	0.4066	21600001	21676001	0	1
chr17	24849830	29000000	3.3789	245	0.5973	0.6717	CENTROMERE	NONE	BAF_WEIGHTED	1659	0.4651	24849830	24849830	1	2
chr17	29000001	29060138	2.7281	8	0.5547	0.6334	NONE	DUP	BAF_WEIGHTED	59	0.4908	29000001	29000001	1	2
chr17	29060139	32928489	4.218	908	0.5617	0.526	DUP	DEL	BAF_WEIGHTED	3301	0.4334	29060139	29060139	2	2
chr17	32928490	32928529	2.7066	0	0	0.8197	DEL	DEL	STRUCTURAL_VARIANT	0	0	32928490	32928490	0	2
chr17	32928530	34176000	3.0788	680	0.5652	0.5777	DEL	NONE	BAF_WEIGHTED	1196	0.4462	32928530	32928530	1	2
chr17	34176001	34386000	4.1089	169	0.561	0.5133	NONE	NONE	BAF_WEIGHTED	190	0.4171	34176001	34176001	2	2
chr17	34386001	34888000	3.1662	282	0.5672	0.6317	NONE	NONE	BAF_WEIGHTED	491	0.4822	34386001	34386001	1	2
chr17	34888001	36683315	4.1491	914	0.5572	0.5224	NONE	DEL	BAF_WEIGHTED	1382	0.4409	34888001	34888001	2	2
chr17	36683316	36683373	2.7363	0	0	0.7921	DEL	DEL	STRUCTURAL_VARIANT	0	0	36683316	36683316	1	2
chr17	36683374	36912000	3.2818	209	0.561	0.6094	DEL	NONE	BAF_WEIGHTED	222	0.493	36683374	36683374	1	2
chr17	36912001	38670000	4.046	493	0.553	0.5357	NONE	NONE	BAF_WEIGHTED	1196	0.4494	36912001	36912001	2	2
chr17	38670001	40287000	4.3263	701	0.5615	0.5299	NONE	NONE	BAF_WEIGHTED	1461	0.4855	38670001	38670001	2	2
chr17	40287001	40650000	5.3161	46	0.5591	0.5643	NONE	NONE	BAF_WEIGHTED	343	0.4861	40287001	40287001	2	3
chr17	40650001	41948865	4.1422	678	0.5585	0.5338	NONE	BND	BAF_WEIGHTED	1121	0.448	40650001	40650001	2	2
chr17	41948866	41948872	5.5649	0	0	0.6027	BND	INV	STRUCTURAL_VARIANT	0	0	41948866	41948866	2	3
chr17	41948873	41949205	3.2256	0	0	0.6855	INV	INV	STRUCTURAL_VARIANT	0	0	41948873	41948873	1	2
chr17	41949206	44193775	2.4152	507	0.6847	0.8882	INV	DEL	BAF_WEIGHTED	1993	0.4867	41949206	41949206	0	2
chr17	44193776	44193870	1.372	0	0	0.8032	DEL	DEL	STRUCTURAL_VARIANT	0	0	44193776	44193776	0	1
chr17	44193871	44194008	3.5308	0	0	0.9235	DEL	DUP	STRUCTURAL_VARIANT	0	0	44193871	44193871	0	3
chr17	44194009	45046000	2.1508	290	0.6875	0.9186	DUP	NONE	BAF_WEIGHTED	777	0.4897	44194009	44194009	0	2
chr17	45046001	45276835	2.8364	65	0.6897	0.867	NONE	INV	BAF_WEIGHTED	203	0.5195	45046001	45046001	0	2
chr17	45276836	45277364	4.2315	0	0	0.5812	INV	MULTIPLE	STRUCTURAL_VARIANT	0	0	45276836	45276836	2	2
chr17	45277365	45277536	4.5393	0	0	0.5418	MULTIPLE	INV	STRUCTURAL_VARIANT	0	0	45277365	45277365	2	2
chr17	45277537	45277540	5.9826	0	0	0.5889	INV	BND	STRUCTURAL_VARIANT	0	0	45277537	45277537	2	4
chr17	45277541	45277699	3.886	0	0	0.6328	BND	INV	STRUCTURAL_VARIANT	0	0	45277541	45277541	1	2
chr17	45277700	45277910	3.0712	0	0	0.8007	INV	BND	STRUCTURAL_VARIANT	0	0	45277700	45277700	1	2
chr17	45277911	45278040	4.2481	0	0	0.5789	BND	BND	STRUCTURAL_VARIANT	0	0	45277911	45277911	2	2
chr17	45278041	45278689	2.6866	0	0	0.9153	BND	BND	STRUCTURAL_VARIANT	0	0	45278041	45278041	0	2
chr17	45278690	45279031	5.4277	0	0	0.5469	BND	INV	STRUCTURAL_VARIANT	0	0	45278690	45278690	2	3
chr17	45279032	45279035	6.6291	0	0	0.629	INV	DEL	STRUCTURAL_VARIANT	0	0	45279032	45279032	2	4
chr17	45279036	45279253	4.7145	0	0	0.5216	DEL	DEL	STRUCTURAL_VARIANT	0	0	45279036	45279036	2	2
chr17	45279254	45279261	6.6243	0	0	0.6288	DEL	INV	STRUCTURAL_VARIANT	0	0	45279254	45279254	2	4
chr17	45279262	45279560	5.8516	0	0	0.5797	INV	MULTIPLE	STRUCTURAL_VARIANT	0	0	45279262	45279262	2	3
chr17	45279561	45280159	5.5022	0	0	0.5531	MULTIPLE	BND	STRUCTURAL_VARIANT	0	0	45279561	45279561	2	3
chr17	45280160	45280203	3.26	0	0	0.7544	BND	INV	STRUCTURAL_VARIANT	0	0	45280160	45280160	1	2
chr17	45280204	45439000	4.5269	38	0.5574	0.5701	INV	NONE	BAF_WEIGHTED	140	0.4992	45280204	45280204	2	3
chr17	45439001	46005000	3.4899	89	0.5745	0.5731	NONE	NONE	BAF_WEIGHTED	356	0.4969	45439001	45440001	1	2
chr17	46005001	49463912	4.4177	1278	0.5581	0.5522	NONE	BND	BAF_WEIGHTED	2641	0.4559	46005001	46005001	2	2
chr17	49463913	49552000	5.5455	70	0.6153	0.6704	BND	NONE	BAF_WEIGHTED	77	0.5284	49463913	49463913	2	4
chr17	49552001	51252689	6.8014	751	0.6332	0.685	NONE	DEL	BAF_WEIGHTED	1584	0.4818	49552001	49552001	2	5
chr17	51252690	51252721	6.0138	0	0	0.6438	DEL	DEL	STRUCTURAL_VARIANT	0	0	51252690	51252690	2	4
chr17	51252722	51299000	7.0938	33	0.6098	0.6508	DEL	NONE	BAF_WEIGHTED	43	0.4061	51252722	51252722	2	5
chr17	51299001	51828000	5.4141	218	0.6117	0.6663	NONE	NONE	BAF_WEIGHTED	501	0.4258	51299001	51299001	2	4
chr17	51828001	54725000	4.2637	1907	0.6169	0.6893	NONE	NONE	BAF_WEIGHTED	2765	0.3661	51828001	51828001	1	3
chr17	54725001	55796000	5.7931	532	0.6253	0.6831	NONE	NONE	BAF_WEIGHTED	939	0.396	54725001	54725001	2	4
chr17	55796001	56089000	4.5367	346	0.619	0.6885	NONE	NONE	BAF_WEIGHTED	271	0.3984	55796001	55796001	1	3
chr17	56089001	56818000	5.6156	439	0.6364	0.7008	NONE	NONE	BAF_WEIGHTED	702	0.418	56089001	56089001	2	4
chr17	56818001	58697000	6.9031	780	0.6305	0.6815	NONE	NONE	BAF_WEIGHTED	1811	0.4577	56818001	56818001	2	5
chr17	58697001	58948000	5.5161	84	0.6341	0.6986	NONE	NONE	BAF_WEIGHTED	238	0.3987	58697001	58697001	2	4
chr17	58948001	59253226	6.4733	134	0.6183	0.6668	NONE	INV	BAF_WEIGHTED	296	0.4116	58948001	58948001	2	4
chr17	59253227	59368573	7.7936	95	0.6537	0.7062	INV	INV	BAF_WEIGHTED	110	0.4444	59253227	59253227	2	6
chr17	59368574	59383000	7.8614	8	0.5646	0.5088	INV	NONE	BAF_WEIGHTED	14	0.4598	59368574	59368574	4	4
chr17	59383001	59608000	6.3877	26	0.6302	0.6842	NONE	NONE	BAF_WEIGHTED	191	0.4319	59383001	59383001	2	4
chr17	59608001	59860000	8.0027	99	0.6308	0.6741	NONE	NONE	BAF_WEIGHTED	251	0.3985	59608001	59608001	3	5
chr17	59860001	62556000	6.4656	459	0.6402	0.6998	NONE	NONE	BAF_WEIGHTED	2164	0.4087	59860001	59860001	2	5
chr17	62556001	65110000	6.8032	685	0.6262	0.6755	NONE	NONE	BAF_WEIGHTED	2179	0.4417	62550001	62562001	2	5
chr17	65110001	67061000	5.3996	1238	0.6143	0.671	NONE	NONE	BAF_WEIGHTED	1901	0.4341	65110001	65110001	2	4
chr17	67061001	68563000	6.5212	763	0.6213	0.6704	NONE	NONE	BAF_WEIGHTED	1333	0.437	67061001	67061001	2	4
chr17	68563001	69625000	5.1723	586	0.6166	0.6775	NONE	NONE	BAF_WEIGHTED	1010	0.3883	68563001	68563001	2	4
chr17	69625001	70045000	4.2215	270	0.6364	0.7221	NONE	NONE	BAF_WEIGHTED	406	0.3813	69625001	69625001	1	3
chr17	70045001	70550695	4.9367	246	0.6275	0.696	NONE	INV	BAF_WEIGHTED	487	0.3732	70045001	70045001	2	3
chr17	70550696	70550702	3.8269	0	0	0.6779	INV	BND	STRUCTURAL_VARIANT	0	0	70550696	70550696	1	3
chr17	70550703	70550877	4.6331	0	0	0.7339	BND	INV	STRUCTURAL_VARIANT	0	0	70550703	70550703	1	3
chr17	70550878	72102000	3.5233	745	0.5851	0.6501	INV	NONE	BAF_WEIGHTED	1514	0.3797	70550878	70550878	1	2
chr17	72102001	72605626	4.8499	279	0.5745	0.6186	NONE	DEL	BAF_WEIGHTED	494	0.4635	72102001	72102001	2	3
chr17	72605627	72605677	2.6766	0	0	0.689	DEL	DEL	STRUCTURAL_VARIANT	0	0	72605627	72605627	1	2
chr17	72605678	74731000	4.8603	1148	0.5808	0.6205	DEL	NONE	BAF_WEIGHTED	1799	0.4888	72605678	72605678	2	3
chr17	74731001	75185000	6.2467	279	0.5556	0.5197	NONE	NONE	BAF_WEIGHTED	382	0.532	74731001	74731001	3	3
chr17	75185001	76792000	5.6607	653	0.5882	0.6295	NONE	NONE	BAF_WEIGHTED	1364	0.5082	75185001	75185001	2	4
chr17	76792001	77071000	4.3401	277	0.58	0.6289	NONE	NONE	BAF_WEIGHTED	266	0.5095	76792001	76792001	2	3
chr17	77071001	77486000	5.6616	169	0.5625	0.5299	NONE	NONE	BAF_WEIGHTED	373	0.5136	77071001	77071001	3	3
chr17	77486001	77943000	4.6565	277	0.5862	0.6353	NONE	NONE	BAF_WEIGHTED	419	0.5003	77486001	77486001	2	3
chr17	77943001	78423000	5.828	260	0.5714	0.5148	NONE	NONE	BAF_WEIGHTED	419	0.503	77943001	77943001	3	3
chr17	78423001	78691000	4.8005	223	0.58	0.6242	NONE	NONE	BAF_WEIGHTED	259	0.5089	78423001	78423001	2	3
chr17	78691001	79117500	5.7572	171	0.589	0.63	NONE	NONE	BAF_WEIGHTED	381	0.5099	78691001	78691001	2	4
chr17	79117501	79653000	3.9579	406	0.5841	0.6406	NONE	NONE	BAF_WEIGHTED	479	0.5403	79117001	79118001	1	3
chr17	79653001	83257441	5.4226	2551	0.5795	0.6041	NONE	TELOMERE	BAF_WEIGHTED	2562	0.5394	79653001	79653001	2	3
chr18	1	2522000	2.6884	1929	0.5896	0.6773	TELOMERE	NONE	BAF_WEIGHTED	2270	0.388	1	1	1	2
chr18	2522001	3725000	3.5504	944	0.587	0.652	NONE	NONE	BAF_WEIGHTED	1161	0.4135	2522001	2522001	1	2
chr18	3725001	4118000	2.7745	276	0.5871	0.6705	NONE	NONE	BAF_WEIGHTED	382	0.3971	3725001	3725001	1	2
chr18	4118001	4511000	2.1793	308	0.6099	0.7436	NONE	NONE	BAF_WEIGHTED	381	0.3722	4118001	4118001	1	2
chr18	4511001	5213000	1.7981	500	0.5909	0.7249	NONE	NONE	BAF_WEIGHTED	656	0.379	4511001	4511001	0	1
chr18	5213001	5536000	2.5932	135	0.5862	0.6743	NONE	NONE	BAF_WEIGHTED	315	0.3919	5213001	5213001	1	2
chr18	5536001	6680000	1.9965	772	0.5909	0.7116	NONE	NONE	BAF_WEIGHTED	1095	0.4008	5536001	5536001	1	1
chr18	6680001	6891000	2.6795	103	0.5882	0.6761	NONE	NONE	BAF_WEIGHTED	199	0.3903	6680001	6680001	1	2
chr18	6891001	8446000	1.9778	941	0.5909	0.7127	NONE	NONE	BAF_WEIGHTED	1497	0.4158	6891001	6891001	1	1
chr18	8446001	9061000	2.4685	541	0.5833	0.6728	NONE	NONE	BAF_WEIGHTED	571	0.4404	8446001	8446001	1	2
chr18	9061001	9217000	4.1416	99	0.5909	0.6491	NONE	NONE	BAF_WEIGHTED	147	0.3888	9061001	9061001	1	3
chr18	9217001	9978500	3.4451	352	0.5976	0.6727	NONE	NONE	BAF_WEIGHTED	738	0.4126	9217001	9217001	1	2
chr18	9978501	11827500	2.1522	1404	0.5906	0.7042	NONE	NONE	BAF_WEIGHTED	1597	0.4205	9976001	9981001	1	2
chr18	11827501	12568000	2.8897	709	0.5862	0.6653	NONE	NONE	BAF_WEIGHTED	597	0.4536	11827001	11828001	1	2
chr18	12568001	13753000	3.4713	617	0.5882	0.6559	NONE	NONE	BAF_WEIGHTED	1113	0.4375	12568001	12568001	1	2
chr18	13753001	18161052	2.5218	1120	0.5926	0.69	NONE	CENTROMERE	BAF_WEIGHTED	412	0.4138	13753001	13753001	1	2
chr18	18161053	21122000	3.876	10	0.5812	0.6367	CENTROMERE	NONE	BAF_WEIGHTED	160	0.3713	18161053	18161053	1	2
chr18	21122001	22569000	3.022	474	0.5965	0.6802	NONE	NONE	BAF_WEIGHTED	1403	0.4154	21122001	21122001	1	2
chr18	22569001	24168000	3.4757	265	0.5936	0.6634	NONE	NONE	BAF_WEIGHTED	1528	0.4239	22569001	22569001	1	2
chr18	24168001	25367000	2.8782	737	0.5938	0.6802	NONE	NONE	BAF_WEIGHTED	1161	0.4039	24168001	24168001	1	2
chr18	25367001	25888000	2.3883	213	0.5862	0.6819	NONE	NONE	BAF_WEIGHTED	500	0.394	25367001	25367001	1	2
chr18	25888001	26808000	3.0222	243	0.5926	0.6738	NONE	NONE	BAF_WEIGHTED	888	0.3995	25888001	25888001	1	2
chr18	26808001	30935000	2.1739	2347	0.5946	0.7109	NONE	NONE	BAF_WEIGHTED	3928	0.359	26808001	26808001	1	2
chr18	30935001	32559000	2.9897	814	0.6009	0.6907	NONE	NONE	BAF_WEIGHTED	1561	0.3898	30935001	30935001	1	2
chr18	32559001	34495000	2.2876	527	0.5973	0.707	NONE	NONE	BAF_WEIGHTED	1705	0.36	32559001	32559001	1	2
chr18	34495001	35750702	3.3408	500	0.5862	0.6546	NONE	DEL	BAF_WEIGHTED	1182	0.3909	34495001	34495001	1	2
chr18	35750703	35750757	2.3319	0	0	0.5052	DEL	DEL	STRUCTURAL_VARIANT	0	0	35750703	35750703	1	1
chr18	35750758	36261006	3.1918	426	0.5909	0.6669	DEL	DEL	BAF_WEIGHTED	461	0.4156	35750758	35750758	1	2
chr18	36261007	36261043	1.8059	0	0	0.5338	DEL	DEL	STRUCTURAL_VARIANT	0	0	36261007	36261007	1	1
chr18	36261044	39941000	2.6232	1821	0.5914	0.679	DEL	NONE	BAF_WEIGHTED	3462	0.3979	36261044	36261044	1	2
chr18	39941001	41933000	2.1011	1080	0.6005	0.726	NONE	NONE	BAF_WEIGHTED	1931	0.3628	39941001	39941001	1	2
chr18	41933001	42091000	3.2848	71	0.5714	0.6089	NONE	NONE	BAF_WEIGHTED	157	0.3577	41933001	41933001	1	2
chr18	42091001	42308000	2.4643	113	0.5789	0.6638	NONE	NONE	BAF_WEIGHTED	210	0.3846	42091001	42091001	1	2
chr18	42308001	43563000	1.8078	457	0.5987	0.7363	NONE	NONE	BAF_WEIGHTED	1190	0.3635	42308001	42308001	0	1
chr18	43563001	44666000	2.5871	660	0.5909	0.6843	NONE	NONE	BAF_WEIGHTED	1034	0.3626	43563001	43563001	1	2
chr18	44666001	44892000	3.9371	65	0.6053	0.6762	NONE	NONE	BAF_WEIGHTED	223	0.4299	44666001	44666001	1	3
chr18	44892001	45785000	3.0758	508	0.5913	0.6699	NONE	NONE	BAF_WEIGHTED	849	0.4204	44892001	44892001	1	2
chr18	45785001	46281000	3.5982	80	0.581	0.6407	NONE	NONE	BAF_WEIGHTED	473	0.4275	45785001	45785001	1	2
chr18	46281001	47287000	2.8382	483	0.5946	0.683	NONE	NONE	BAF_WEIGHTED	903	0.4402	46281001	46281001	1	2
chr18	47287001	47750000	2.3623	214	0.6072	0.7251	NONE	NONE	BAF_WEIGHTED	437	0.4442	47287001	47287001	1	2
chr18	47750001	48775000	3.2372	580	0.5882	0.6623	NONE	NONE	BAF_WEIGHTED	986	0.4575	47750001	47750001	1	2
chr18	48775001	49502000	3.7941	316	0.5878	0.649	NONE	NONE	BAF_WEIGHTED	667	0.4323	48775001	48775001	1	2
chr18	49502001	50452000	3.0846	443	0.5867	0.6611	NONE	NONE	BAF_WEIGHTED	881	0.4411	49502001	49502001	1	2
chr18	50452001	50814000	2.192	271	0.5833	0.684	NONE	NONE	BAF_WEIGHTED	349	0.442	50452001	50452001	1	1
chr18	50814001	51261000	3.2597	263	0.5798	0.6424	NONE	NONE	BAF_WEIGHTED	424	0.4147	50814001	50814001	1	2
chr18	51261001	51667000	2.7057	192	0.5858	0.6699	NONE	NONE	BAF_WEIGHTED	396	0.4051	51261001	51261001	1	2
chr18	51667001	52665000	1.8199	613	0.5909	0.7233	NONE	NONE	BAF_WEIGHTED	954	0.3809	51667001	51667001	1	1
chr18	52665001	54143000	2.3362	1196	0.597	0.7086	NONE	NONE	BAF_WEIGHTED	1412	0.3707	52665001	52665001	1	2
chr18	54143001	54295000	4.2496	81	0.6071	0.6739	NONE	NONE	BAF_WEIGHTED	146	0.3906	54143001	54143001	1	3
chr18	54295001	59412000	3.0771	2199	0.5911	0.6689	NONE	NONE	BAF_WEIGHTED	4892	0.4048	54295001	54295001	1	2
chr18	59412001	59820000	2.1327	341	0.5909	0.7039	NONE	NONE	BAF_WEIGHTED	396	0.4267	59412001	59412001	1	2
chr18	59820001	60000000	3.4572	151	0.5882	0.6558	NONE	NONE	BAF_WEIGHTED	173	0.422	59820001	59820001	1	2
chr18	60000001	61570000	2.2174	866	0.5987	0.7168	NONE	NONE	BAF_WEIGHTED	1481	0.3665	60000001	60000001	1	2
chr18	61570001	63123000	3.3335	1158	0.5888	0.6607	NONE	NONE	BAF_WEIGHTED	1497	0.4071	61570001	61570001	1	2
chr18	63123001	63435000	4.0738	140	0.5917	0.6515	NONE	NONE	BAF_WEIGHTED	307	0.4225	63123001	63123001	1	3
chr18	63435001	67559000	2.3271	1893	0.5881	0.6917	NONE	NONE	BAF_WEIGHTED	3937	0.3562	63435001	63435001	1	2
chr18	67559001	68640000	1.7563	746	0.6	0.7509	NONE	NONE	BAF_WEIGHTED	1041	0.3513	67559001	67559001	0	1
chr18	68640001	68867000	2.7886	4	0.7398	0.9678	NONE	NONE	BAF_WEIGHTED	215	0.3558	68640001	68640001	0	3
chr18	68867001	70466000	2.2258	694	0.576	0.6227	NONE	NONE	BAF_WEIGHTED	1527	0.368	68867001	68867001	1	1
chr18	70466001	74099000	1.1865	2296	0.5807	0.7369	NONE	NONE	BAF_WEIGHTED	3470	0.3685	70466001	70466001	0	1
chr18	74099001	75296000	2.2734	547	0.5676	0.5601	NONE	NONE	BAF_WEIGHTED	1152	0.4205	74099001	74099001	1	1
chr18	75296001	76796000	1.3816	829	0.5802	0.7099	NONE	NONE	BAF_WEIGHTED	1308	0.4206	75296001	75296001	0	1
chr18	76796001	77265000	1.9457	411	0.5714	0.5139	NONE	NONE	BAF_WEIGHTED	446	0.4497	76796001	76796001	1	1
chr18	77265001	79927500	1.0175	2045	0.5957	0.932	NONE	NONE	BAF_WEIGHTED	2333	0.4506	77265001	77265001	0	1
chr18	79927501	80373285	1.4005	301	0.6364	0.8946	NONE	TELOMERE	BAF_WEIGHTED	295	0.4678	79927001	79928001	0	1
chr19	1	3768000	3.2609	1771	0.5893	0.6616	TELOMERE	NONE	BAF_WEIGHTED	2035	0.5663	1	1	1	2
chr19	3768001	3961000	2.2991	50	0.5969	0.7086	NONE	NONE	BAF_WEIGHTED	159	0.5421	3767001	3769001	1	2
chr19	3961001	5148000	3.2247	687	0.6	0.6818	NONE	NONE	BAF_WEIGHTED	951	0.5452	3961001	3961001	1	2
chr19	5148001	5550500	2.4498	314	0.5938	0.6953	NONE	NONE	BAF_WEIGHTED	374	0.517	5148001	5148001	1	2
chr19	5550501	8607000	3.2137	1557	0.5925	0.6587	NONE	NONE	BAF_WEIGHTED	2351	0.5037	5548001	5553001	1	2
chr19	8607001	10080000	2.5629	1108	0.5898	0.6821	NONE	NONE	BAF_WEIGHTED	1313	0.4604	8607001	8607001	1	2
chr19	10080001	10604637	3.3256	318	0.5897	0.6612	NONE	DUP	BAF_WEIGHTED	450	0.5278	10080001	10080001	1	2
chr19	10604638	10826748	5.3379	5	0.7115	0.8165	DUP	DUP	BAF_WEIGHTED	209	0.5195	10604638	10604638	1	4
chr19	10826749	13276000	3.2026	833	0.5906	0.6589	DUP	NONE	BAF_WEIGHTED	2044	0.4928	10826749	10826749	1	2
chr19	13276001	13728000	2.2237	231	0.6	0.72	NONE	NONE	BAF_WEIGHTED	443	0.4646	13276001	13276001	1	2
chr19	13728001	14596000	3.4998	498	0.5866	0.6508	NONE	NONE	BAF_WEIGHTED	660	0.5286	13728001	13728001	1	2
chr19	14596001	15098000	2.344	250	0.5857	0.6831	NONE	NONE	BAF_WEIGHTED	485	0.4447	14596001	14596001	1	2
chr19	15098001	15616000	3.4845	183	0.5882	0.6553	NONE	NONE	BAF_WEIGHTED	240	0.505	15098001	15098001	1	2
chr19	15616001	15981000	2.6851	493	0.6	0.6987	NONE	NONE	BAF_WEIGHTED	331	0.4484	15616001	15616001	1	2
chr19	15981001	16663000	3.3641	376	0.5876	0.6566	NONE	NONE	BAF_WEIGHTED	630	0.5081	15981001	15981001	1	2
chr19	16663001	17057000	2.8146	226	0.5917	0.6782	NONE	NONE	BAF_WEIGHTED	371	0.501	16663001	16663001	1	2
chr19	17057001	19682000	3.3198	1314	0.5907	0.6633	NONE	NONE	BAF_WEIGHTED	2261	0.5341	17057001	17057001	1	2
chr19	19682001	20253000	2.4286	79	0.6	0.7092	NONE	NONE	BAF_WEIGHTED	488	0.4195	19682001	19682001	1	2
chr19	20253001	20862000	1.8208	55	0.6071	0.763	NONE	NONE	BAF_WEIGHTED	512	0.3944	20253001	20253001	0	1
chr19	20862001	20924000	0.944	43	0.6	1	NONE	NONE	BAF_WEIGHTED	58	0.4576	20862001	20862001	0	1
chr19	20924001	21892000	2.6441	1064	0.5938	0.6878	NONE	NONE	BAF_WEIGHTED	869	0.4057	20924001	20924001	1	2
chr19	21892001	23219000	1.5542	582	0.5926	0.7506	NONE	NONE	BAF_WEIGHTED	989	0.4081	21892001	21892001	0	1
chr19	23219001	25844926	2.9293	698	0.5938	0.6786	NONE	CENTROMERE	BAF_WEIGHTED	843	0.4109	23219001	23219001	1	2
chr19	25844927	28753000	2.2936	281	0.5882	0.6901	CENTROMERE	NONE	BAF_WEIGHTED	875	0.4256	25844927	25844927	1	2
chr19	28753001	29585000	1.9173	949	0.5926	0.7206	NONE	NONE	BAF_WEIGHTED	772	0.4658	28753001	28753001	1	1
chr19	29585001	29735000	3.4581	25	0.5556	0.5783	NONE	NONE	BAF_WEIGHTED	142	0.4944	29585001	29585001	1	2
chr19	29735001	29937000	2.6404	136	0.5936	0.6876	NONE	NONE	BAF_WEIGHTED	191	0.4917	29735001	29735001	1	2
chr19	29937001	30051000	3.6345	5	0.5714	0.5503	NONE	NONE	BAF_WEIGHTED	111	0.3687	29937001	29937001	2	2
chr19	30051001	32269000	2.1438	854	0.592	0.7066	NONE	NONE	BAF_WEIGHTED	2166	0.4461	30051001	30051001	1	2
chr19	32269001	34121000	2.7231	838	0.5926	0.683	NONE	NONE	BAF_WEIGHTED	1669	0.4714	32269001	32269001	1	2
chr19	34121001	36243000	3.1056	1058	0.5859	0.6591	NONE	NONE	BAF_WEIGHTED	1901	0.484	34121001	34121001	1	2
chr19	36243001	37887000	2.3027	297	0.5855	0.6772	NONE	NONE	BAF_WEIGHTED	1430	0.4168	36243001	36243001	1	2
chr19	37887001	38415000	3.5575	13	0.5669	0.5555	NONE	NONE	BAF_WEIGHTED	343	0.5014	37887001	37887001	2	2
chr19	38415001	38609000	2.5774	83	0.5854	0.6732	NONE	NONE	BAF_WEIGHTED	182	0.5184	38415001	38415001	1	2
chr19	38609001	41569000	3.0805	1706	0.5867	0.663	NONE	NONE	BAF_WEIGHTED	2414	0.4861	38609001	38609001	1	2
chr19	41569001	41738000	2.4558	77	0.5806	0.6676	NONE	NONE	BAF_WEIGHTED	160	0.4628	41569001	41569001	1	2
chr19	41738001	42539000	3.0869	223	0.5769	0.5777	NONE	NONE	BAF_WEIGHTED	681	0.517	41738001	41738001	1	2
chr19	42539001	43428000	2.3723	888	0.5833	0.6764	NONE	NONE	BAF_WEIGHTED	235	0.4452	42539001	42539001	1	2
chr19	43428001	43809000	3.4149	224	0.5823	0.6463	NONE	NONE	BAF_WEIGHTED	358	0.5013	43428001	43428001	1	2
chr19	43809001	44623000	2.7475	465	0.6	0.6965	NONE	NONE	BAF_WEIGHTED	723	0.4095	43809001	43809001	1	2
chr19	44623001	46024000	3.223	925	0.5844	0.6542	NONE	NONE	BAF_WEIGHTED	1180	0.5258	44623001	44623001	1	2
chr19	46024001	46579000	2.696	369	0.5769	0.6291	NONE	NONE	BAF_WEIGHTED	507	0.4693	46024001	46024001	1	2
chr19	46579001	47784000	3.3746	427	0.5742	0.5875	NONE	NONE	BAF_WEIGHTED	1064	0.5099	46579001	46579001	1	2
chr19	47784001	48103000	2.2392	285	0.5909	0.6985	NONE	NONE	BAF_WEIGHTED	254	0.4656	47784001	47784001	1	2
chr19	48103001	49941500	3.2336	778	0.5832	0.6513	NONE	NONE	BAF_WEIGHTED	1314	0.5187	48103001	48103001	1	2
chr19	49941501	51327500	2.4635	629	0.5895	0.6879	NONE	NONE	BAF_WEIGHTED	1068	0.5061	49941001	49942001	1	2
chr19	51327501	52342000	2.7928	902	0.5769	0.6419	NONE	NONE	BAF_WEIGHTED	941	0.4454	51327001	51328001	1	2
chr19	52342001	52525500	1.9784	184	0.5769	0.5055	NONE	NONE	BAF_WEIGHTED	167	0.4389	52342001	52342001	1	1
chr19	52525501	53204000	2.8794	733	0.5789	0.6515	NONE	NONE	BAF_WEIGHTED	545	0.4499	52525001	52526001	1	2
chr19	53204001	54214000	2.1844	879	0.5884	0.6958	NONE	NONE	BAF_WEIGHTED	745	0.467	53204001	53204001	1	2
chr19	54214001	54491000	2.8223	311	0.5907	0.6758	NONE	NONE	BAF_WEIGHTED	198	0.4979	54102001	54214001	1	2
chr19	54491001	55057000	2.1057	736	0.5929	0.6749	NONE	NONE	BAF_WEIGHTED	379	0.4633	54491001	54491001	1	1
chr19	55057001	55712000	3.1439	336	0.5809	0.629	NONE	NONE	BAF_WEIGHTED	468	0.5488	55057001	55057001	1	2
chr19	55712001	56068000	1.8604	354	0.6071	0.7597	NONE	NONE	BAF_WEIGHTED	315	0.4381	55712001	55712001	0	1
chr19	56068001	56427000	2.745	169	0.6071	0.7105	NONE	NONE	BAF_WEIGHTED	301	0.4642	56068001	56068001	1	2
chr19	56427001	57185000	1.8164	553	0.5802	0.6957	NONE	NONE	BAF_WEIGHTED	718	0.4405	56427001	56427001	1	1
chr19	57185001	57950000	2.9587	511	0.5822	0.6559	NONE	NONE	BAF_WEIGHTED	677	0.4439	57185001	57185001	1	2
chr19	57950001	58147500	1.8096	194	0.5789	0.6945	NONE	NONE	BAF_WEIGHTED	181	0.4868	57950001	57950001	1	1
chr19	58147501	58298000	2.546	162	0.5833	0.67	NONE	NONE	BAF_WEIGHTED	143	0.4746	58146001	58149001	1	2
chr19	58298001	58382233	3.375	4	0.6288	0.7307	NONE	DEL	BAF_WEIGHTED	71	0.5146	58298001	58298001	1	2
chr19	58382234	58382283	2.2027	0	0	0.565	DEL	DEL	STRUCTURAL_VARIANT	0	0	58382234	58382234	1	1
chr19	58382284	58617616	3.4887	27	0.5814	0.6433	DEL	TELOMERE	BAF_WEIGHTED	159	0.5258	58382284	58382284	1	2
chr20	1	283000	4.3201	195	0.5882	0.6423	TELOMERE	NONE	BAF_WEIGHTED	194	0.3941	1	1	2	3
chr20	283001	547000	5.8861	114	0.5695	0.5097	NONE	NONE	BAF_WEIGHTED	251	0.468	283001	283001	3	3
chr20	547001	1210000	4.7594	444	0.5745	0.5798	NONE	NONE	BAF_WEIGHTED	638	0.4769	547001	547001	2	3
chr20	1210001	1533000	5.7229	219	0.569	0.5567	NONE	NONE	BAF_WEIGHTED	300	0.4411	1210001	1210001	3	3
chr20	1533001	3758000	4.7281	1469	0.574	0.571	NONE	NONE	BAF_WEIGHTED	2036	0.4571	1533001	1533001	2	3
chr20	3758001	4045000	5.9039	158	0.5745	0.5081	NONE	NONE	BAF_WEIGHTED	264	0.4673	3758001	3758001	3	3
chr20	4045001	5240000	4.8199	876	0.5789	0.6223	NONE	NONE	BAF_WEIGHTED	1137	0.4462	4045001	4045001	2	3
chr20	5240001	5488000	3.5338	416	0.5758	0.566	NONE	NONE	BAF_WEIGHTED	220	0.4227	5239001	5241001	2	2
chr20	5488001	6071000	4.8024	246	0.575	0.5835	NONE	NONE	BAF_WEIGHTED	561	0.4302	5488001	5488001	2	3
chr20	6071001	7873000	3.4756	1132	0.5778	0.6379	NONE	NONE	BAF_WEIGHTED	1729	0.3802	6071001	6071001	1	2
chr20	7873001	7981000	4.596	3	0.5946	0.6492	NONE	NONE	BAF_WEIGHTED	101	0.3818	7873001	7873001	2	3
chr20	7981001	8415000	5.7339	197	0.5814	0.619	NONE	NONE	BAF_WEIGHTED	420	0.3729	7981001	7981001	2	4
chr20	8415001	9674000	4.4788	802	0.5638	0.5644	NONE	NONE	BAF_WEIGHTED	1212	0.3919	8415001	8415001	2	3
chr20	9674001	9867000	3.4826	20	0.5976	0.6719	NONE	NONE	BAF_WEIGHTED	181	0.3823	9674001	9674001	1	2
chr20	9867001	10411000	4.5452	465	0.5714	0.56	NONE	NONE	BAF_WEIGHTED	527	0.3928	9867001	9867001	2	3
chr20	10411001	10721000	5.549	168	0.566	0.5406	NONE	NONE	BAF_WEIGHTED	306	0.4137	10411001	10411001	3	3
chr20	10721001	12370000	4.3496	867	0.5705	0.5397	NONE	NONE	BAF_WEIGHTED	1597	0.3869	10721001	10721001	2	2
chr20	12370001	12905000	3.329	512	0.5647	0.6008	NONE	NONE	BAF_WEIGHTED	479	0.3847	12369001	12371001	1	2
chr20	12905001	15109029	4.5587	968	0.5712	0.5648	NONE	DEL	BAF_WEIGHTED	1942	0.3846	12905001	12905001	2	3
chr20	15109030	15109069	3.562	0	0	0.7229	DEL	DEL	STRUCTURAL_VARIANT	0	0	15109030	15109030	1	3
chr20	15109070	16368273	4.5377	887	0.5658	0.5592	DEL	DUP	BAF_WEIGHTED	1216	0.3909	15109070	15109070	2	3
chr20	16368274	16653060	6.1081	205	0.5572	0.5473	DUP	DUP	BAF_WEIGHTED	275	0.4136	16368274	16368274	3	3
chr20	16653061	16803000	4.9179	136	0.5631	0.61	DUP	NONE	BAF_WEIGHTED	142	0.4073	16653061	16653061	2	3
chr20	16803001	17499000	3.7042	224	0.5724	0.5638	NONE	NONE	BAF_WEIGHTED	658	0.4031	16803001	16803001	2	2
chr20	17499001	18006000	5.6979	359	0.5714	0.5265	NONE	NONE	BAF_WEIGHTED	487	0.467	17499001	17499001	3	3
chr20	18006001	19652087	4.767	877	0.5731	0.5647	NONE	DEL	BAF_WEIGHTED	1550	0.4271	18006001	18006001	2	3
chr20	19652088	19652141	3.1046	0	0	0.6683	DEL	DEL	STRUCTURAL_VARIANT	0	0	19652088	19652088	1	2
chr20	19652142	20861000	4.8734	497	0.5748	0.6015	DEL	NONE	BAF_WEIGHTED	1070	0.4217	19652142	19652142	2	3
chr20	20861001	21087000	3.5789	196	0.5676	0.5588	NONE	NONE	BAF_WEIGHTED	222	0.4229	20861001	20861001	2	2
chr20	21087001	21391000	4.6707	136	0.5769	0.5506	NONE	NONE	BAF_WEIGHTED	288	0.4069	21087001	21087001	2	3
chr20	21391001	21625000	3.8052	86	0.5683	0.5256	NONE	NONE	BAF_WEIGHTED	215	0.4282	21391001	21391001	2	2
chr20	21625001	22670000	3.0533	186	0.5806	0.6506	NONE	NONE	BAF_WEIGHTED	962	0.4094	21625001	21625001	1	2
chr20	22670001	24910000	4.064	1540	0.57	0.5326	NONE	NONE	BAF_WEIGHTED	1872	0.4475	22670001	22670001	2	2
chr20	24910001	25423000	5.4764	180	0.5596	0.5478	NONE	NONE	BAF_WEIGHTED	439	0.4837	24910001	24910001	2	3
chr20	25423001	28237289	4.5373	12	0.5471	0.5592	NONE	CENTROMERE	BAF_WEIGHTED	317	0.4483	25423001	25423001	2	3
chr20	28237290	31504000	3.7259	115	0.5758	0.5368	CENTROMERE	NONE	BAF_WEIGHTED	191	0.4211	28237290	28237290	2	2
chr20	31504001	32859000	5.2803	128	0.5856	0.609	NONE	NONE	BAF_WEIGHTED	1279	0.4826	31504001	31504001	2	3
chr20	32859001	33355000	4.3969	185	0.5714	0.5451	NONE	NONE	BAF_WEIGHTED	482	0.4868	32859001	32859001	2	2
chr20	33355001	36256000	5.2677	1069	0.57	0.5733	NONE	NONE	BAF_WEIGHTED	2635	0.4561	33355001	33355001	2	3
chr20	36256001	36422000	3.8118	38	0.619	0.7018	NONE	NONE	BAF_WEIGHTED	159	0.5055	36256001	36256001	1	3
chr20	36422001	37377000	5.0722	369	0.5667	0.5915	NONE	NONE	BAF_WEIGHTED	901	0.4729	36422001	36422001	2	3
chr20	37377001	37689000	4.2989	65	0.5667	0.5348	NONE	NONE	BAF_WEIGHTED	294	0.4879	37377001	37377001	2	2
chr20	37689001	38122000	5.6041	82	0.5798	0.6168	NONE	NONE	BAF_WEIGHTED	308	0.4201	37689001	37689001	2	3
chr20	38122001	40940000	4.5506	1258	0.5774	0.5879	NONE	NONE	BAF_WEIGHTED	2700	0.4327	38122001	38122001	2	3
chr20	40940001	41161000	5.8912	21	0.5652	0.5092	NONE	NONE	BAF_WEIGHTED	212	0.4396	40940001	40940001	3	3
chr20	41161001	41469000	4.9179	2	0.5434	0.61	NONE	NONE	BAF_WEIGHTED	291	0.452	41161001	41161001	2	3
chr20	41469001	41706000	5.8165	0	0	0.6643	NONE	NONE	BAF_WEIGHTED	223	0.4118	41469001	41469001	2	4
chr20	41706001	44877000	4.3434	1161	0.5743	0.5505	NONE	NONE	BAF_WEIGHTED	2942	0.4454	41706001	41706001	2	2
chr20	44877001	46067000	5.0704	403	0.5803	0.5933	NONE	NONE	BAF_WEIGHTED	1005	0.4444	44877001	44877001	2	3
chr20	46067001	47171000	4.1804	483	0.5742	0.5321	NONE	NONE	BAF_WEIGHTED	1002	0.4595	46067001	46067001	2	2
chr20	47171001	47630000	5.61	202	0.5809	0.6191	NONE	NONE	BAF_WEIGHTED	453	0.4516	47171001	47171001	2	3
chr20	47630001	48609000	4.3454	538	0.5626	0.54	NONE	NONE	BAF_WEIGHTED	845	0.4752	47630001	47630001	2	2
chr20	48609001	49342000	5.4713	56	0.5807	0.6193	NONE	NONE	BAF_WEIGHTED	701	0.4647	48609001	48609001	2	3
chr20	49342001	49532000	4.3437	24	0.573	0.5396	NONE	NONE	BAF_WEIGHTED	185	0.4762	49342001	49342001	2	2
chr20	49532001	50782659	5.556	479	0.5633	0.5405	NONE	DEL	BAF_WEIGHTED	1200	0.4822	49532001	49532001	3	3
chr20	50782660	50782696	4.1025	0	0	0.6799	DEL	DEL	STRUCTURAL_VARIANT	0	0	50782660	50782660	1	3
chr20	50782697	52429000	4.8023	840	0.574	0.5808	DEL	NONE	BAF_WEIGHTED	1619	0.4552	50782697	50782697	2	3
chr20	52429001	53150000	3.6866	503	0.5758	0.5425	NONE	NONE	BAF_WEIGHTED	711	0.403	52429001	52429001	2	2
chr20	53150001	53564000	4.4133	182	0.5806	0.629	NONE	NONE	BAF_WEIGHTED	391	0.4293	53150001	53150001	2	3
chr20	53564001	53946000	6.3399	192	0.5667	0.5268	NONE	NONE	BAF_WEIGHTED	349	0.4408	53564001	53564001	3	3
chr20	53946001	54280000	5.0689	197	0.5614	0.5828	NONE	NONE	BAF_WEIGHTED	322	0.4104	53946001	53946001	2	3
chr20	54280001	54689000	3.7198	134	0.5658	0.5377	NONE	NONE	BAF_WEIGHTED	400	0.3921	54280001	54280001	2	2
chr20	54689001	56349000	2.9944	981	0.5787	0.6361	NONE	NONE	BAF_WEIGHTED	1544	0.3875	54689001	54689001	1	2
chr20	56349001	57090000	4.9346	398	0.5714	0.608	NONE	NONE	BAF_WEIGHTED	726	0.4692	56349001	56349001	2	3
chr20	57090001	57618000	4.0807	236	0.5717	0.5566	NONE	NONE	BAF_WEIGHTED	421	0.5001	57090001	57090001	2	2
chr20	57618001	57781000	5.3666	92	0.5714	0.559	NONE	NONE	BAF_WEIGHTED	154	0.4975	57618001	57618001	2	3
chr20	57781001	58866000	4.1151	684	0.5695	0.5208	NONE	NONE	BAF_WEIGHTED	896	0.477	57781001	57781001	2	2
chr20	58866001	59058000	5.3681	88	0.5625	0.5589	NONE	NONE	BAF_WEIGHTED	179	0.4503	58866001	58866001	2	3
chr20	59058001	60386000	3.6721	487	0.5711	0.5402	NONE	NONE	BAF_WEIGHTED	1144	0.4558	59058001	59058001	2	2
chr20	60386001	61916000	2.9387	1224	0.5714	0.5777	NONE	NONE	BAF_WEIGHTED	1447	0.4714	60386001	60386001	1	2
chr20	61916001	64444167	4.7408	1587	0.5664	0.5641	NONE	TELOMERE	BAF_WEIGHTED	1468	0.5622	61916001	61916001	2	3
chr21	1	11890183	2.6854	0	0	0.684	TELOMERE	CENTROMERE	LONG_ARM	0	0	1	1	1	2
chr21	11890184	14357000	2.6854	733	0.5926	0.684	CENTROMERE	NONE	BAF_WEIGHTED	288	0.3796	11890184	11890184	1	2
chr21	14357001	15903000	3.4199	993	0.5878	0.6561	NONE	NONE	BAF_WEIGHTED	1487	0.3705	14357001	14357001	1	2
chr21	15903001	17529000	2.0616	1048	0.5926	0.7117	NONE	NONE	BAF_WEIGHTED	1491	0.3637	15903001	15903001	1	1
chr21	17529001	17948000	2.7	240	0.5779	0.6544	NONE	NONE	BAF_WEIGHTED	388	0.397	17529001	17529001	1	2
chr21	17948001	18289000	1.7541	253	0.5856	0.7169	NONE	NONE	BAF_WEIGHTED	333	0.3658	17948001	17948001	0	1
chr21	18289001	19037987	2.3118	443	0.6	0.7147	NONE	DEL	BAF_WEIGHTED	707	0.35	18289001	18289001	1	2
chr21	19037988	19038021	1.4765	0	0	0.5533	DEL	DEL	STRUCTURAL_VARIANT	0	0	19037988	19037988	1	1
chr21	19038022	19318000	2.1203	18	0.5714	0.5284	DEL	NONE	BAF_WEIGHTED	266	0.3507	19038022	19038022	1	1
chr21	19318001	20064000	2.7142	242	0.5938	0.6854	NONE	NONE	BAF_WEIGHTED	722	0.3469	19318001	19318001	1	2
chr21	20064001	20991000	2.1726	694	0.6	0.722	NONE	NONE	BAF_WEIGHTED	907	0.3524	20064001	20064001	1	2
chr21	20991001	21258000	2.8491	124	0.5872	0.6683	NONE	NONE	BAF_WEIGHTED	267	0.3497	20991001	20991001	1	2
chr21	21258001	23051000	2.3236	1124	0.5938	0.7008	NONE	NONE	BAF_WEIGHTED	1736	0.347	21258001	21258001	1	2
chr21	23051001	25273000	1.7678	1551	0.5864	0.7162	NONE	NONE	BAF_WEIGHTED	2180	0.3521	23051001	23051001	1	1
chr21	25273001	25540000	2.3641	136	0.5917	0.6946	NONE	NONE	BAF_WEIGHTED	262	0.3717	25273001	25273001	1	2
chr21	25540001	26177000	3.0052	225	0.5882	0.666	NONE	NONE	BAF_WEIGHTED	615	0.3977	25540001	25540001	1	2
chr21	26177001	28383000	1.9983	1463	0.5858	0.6995	NONE	NONE	BAF_WEIGHTED	1928	0.3694	26177001	26177001	1	1
chr21	28383001	28800000	2.713	363	0.5862	0.6704	NONE	NONE	BAF_WEIGHTED	399	0.3811	28383001	28383001	1	2
chr21	28800001	29487000	3.4826	447	0.5909	0.6601	NONE	NONE	BAF_WEIGHTED	665	0.3955	28800001	28800001	1	2
chr21	29487001	29872000	2.4189	171	0.6053	0.7207	NONE	NONE	BAF_WEIGHTED	381	0.3855	29487001	29487001	1	2
chr21	29872001	31071000	1.8413	779	0.6	0.744	NONE	NONE	BAF_WEIGHTED	1170	0.3716	29872001	29872001	0	1
chr21	31071001	31647000	2.864	284	0.586	0.6657	NONE	NONE	BAF_WEIGHTED	570	0.4398	31071001	31071001	1	2
chr21	31647001	31927000	3.3725	133	0.6316	0.7351	NONE	NONE	BAF_WEIGHTED	268	0.4297	31647001	31647001	1	2
chr21	31927001	32256000	2.4482	206	0.5973	0.7027	NONE	NONE	BAF_WEIGHTED	322	0.4389	31927001	31927001	1	2
chr21	32256001	32816000	3.124	372	0.5881	0.6515	NONE	NONE	BAF_WEIGHTED	506	0.4328	32256001	32256001	1	2
chr21	32816001	33187000	2.5581	319	0.5833	0.6696	NONE	NONE	BAF_WEIGHTED	362	0.4491	32816001	32816001	1	2
chr21	33187001	35064000	3.3795	1062	0.5822	0.6219	NONE	NONE	BAF_WEIGHTED	1711	0.4341	33187001	33187001	1	2
chr21	35064001	36042000	2.6591	583	0.5882	0.6761	NONE	NONE	BAF_WEIGHTED	950	0.4118	35064001	35064001	1	2
chr21	36042001	37375000	3.2035	790	0.5885	0.6619	NONE	NONE	BAF_WEIGHTED	1264	0.4475	36042001	36042001	1	2
chr21	37375001	37587000	3.8397	152	0.5814	0.6376	NONE	NONE	BAF_WEIGHTED	209	0.404	37375001	37375001	1	2
chr21	37587001	39165000	2.7855	880	0.5861	0.6681	NONE	NONE	BAF_WEIGHTED	1534	0.4312	37587001	37587001	1	2
chr21	39165001	39470000	3.5223	129	0.5682	0.5678	NONE	NONE	BAF_WEIGHTED	298	0.4109	39165001	39165001	2	2
chr21	39470001	39585000	2.7702	115	0.5854	0.6671	NONE	NONE	BAF_WEIGHTED	110	0.4228	39470001	39470001	1	2
chr21	39585001	40935000	2.3006	800	0.5899	0.6949	NONE	NONE	BAF_WEIGHTED	1296	0.4187	39585001	39585001	1	2
chr21	40935001	41839555	2.9042	670	0.589	0.6702	NONE	DEL	BAF_WEIGHTED	855	0.4653	40935001	40935001	1	2
chr21	41839556	41840868	1.5827	0	0	1	DEL	DEL	STRUCTURAL_VARIANT	0	0	41839556	41839556	0	2
chr21	41840869	42562000	3.4433	546	0.5876	0.6556	DEL	NONE	BAF_WEIGHTED	676	0.4921	41840869	41840869	1	2
chr21	42562001	42775000	2.6392	232	0.5848	0.6699	NONE	NONE	BAF_WEIGHTED	192	0.5097	42562001	42562001	1	2
chr21	42775001	45310000	3.1376	1490	0.5836	0.6543	NONE	NONE	BAF_WEIGHTED	1588	0.5099	42775001	42775001	1	2
chr21	45310001	45967000	2.5339	494	0.5942	0.6928	NONE	NONE	BAF_WEIGHTED	483	0.516	45310001	45310001	1	2
chr21	45967001	46709983	3.0155	561	0.5833	0.6565	NONE	TELOMERE	BAF_WEIGHTED	562	0.4989	45967001	45968001	1	2
chr22	1	14004552	0.8705	3	0.56	0.5777	TELOMERE	CENTROMERE	BAF_WEIGHTED	1	0.339	1	1	0	1
chr22	14004553	17040000	1.6643	287	0.6818	0.9714	CENTROMERE	NONE	BAF_WEIGHTED	176	0.4285	14004553	14004553	0	2
chr22	17040001	19788000	2.1732	1637	0.6917	0.9261	NONE	NONE	BAF_WEIGHTED	1736	0.4808	17040001	17040001	0	2
chr22	19788001	21869000	2.4135	702	0.6875	0.8935	NONE	NONE	BAF_WEIGHTED	1229	0.5154	19786001	19790001	0	2
chr22	21869001	23680000	1.9251	1647	0.6923	0.9571	NONE	NONE	BAF_WEIGHTED	1399	0.4759	21869001	21869001	0	2
chr22	23680001	24492000	2.5737	223	0.6849	0.8793	NONE	NONE	BAF_WEIGHTED	605	0.4917	23680001	23680001	0	2
chr22	24492001	25800000	2.0341	397	0.6842	0.9243	NONE	NONE	BAF_WEIGHTED	931	0.4665	24492001	24492001	0	2
chr22	25800001	26353000	1.4656	241	0.7083	1.0851	NONE	NONE	BAF_WEIGHTED	550	0.4435	25800001	25800001	0	1
chr22	26353001	26794000	2.2976	306	0.678	0.8834	NONE	NONE	BAF_WEIGHTED	424	0.4677	26353001	26353001	0	2
chr22	26794001	27852000	1.8711	705	0.6928	0.9675	NONE	NONE	BAF_WEIGHTED	1039	0.471	26794001	26794001	0	2
chr22	27852001	27935000	2.9907	20	0.699	0.8755	NONE	NONE	BAF_WEIGHTED	82	0.3936	27852001	27852001	0	3
chr22	27935001	31979000	2.2798	1899	0.6945	0.926	NONE	NONE	BAF_WEIGHTED	3709	0.4597	27935001	27935001	0	2
chr22	31979001	32463000	1.7672	392	0.6897	0.9743	NONE	NONE	BAF_WEIGHTED	409	0.4451	31979001	31979001	0	2
chr22	32463001	32850000	2.3984	335	0.7141	0.9518	NONE	NONE	BAF_WEIGHTED	377	0.4592	32463001	32463001	0	2
chr22	32850001	35219000	1.5755	1648	0.6976	1.0403	NONE	NONE	BAF_WEIGHTED	2285	0.43	32850001	32850001	0	2
chr22	35219001	36145000	2.3995	456	0.6866	0.8928	NONE	NONE	BAF_WEIGHTED	883	0.4564	35219001	35219001	0	2
chr22	36145001	36539000	2.877	348	0.6849	0.8554	NONE	NONE	BAF_WEIGHTED	365	0.4963	36145001	36145001	0	2
chr22	36539001	36747000	1.7391	141	0.6765	0.9456	NONE	NONE	BAF_WEIGHTED	206	0.4816	36539001	36539001	0	2
chr22	36747001	37140157	2.3227	276	0.6667	0.857	NONE	DEL	BAF_WEIGHTED	359	0.5074	36747001	36747001	0	2
chr22	37140158	37140211	1.7264	0	0	0.8437	DEL	DEL	STRUCTURAL_VARIANT	0	0	37140158	37140158	0	1
chr22	37140212	39546000	2.4054	1166	0.684	0.8878	DEL	NONE	BAF_WEIGHTED	2050	0.5217	37140212	37140212	0	2
chr22	39546001	39810000	1.9397	81	0.6875	0.9438	NONE	NONE	BAF_WEIGHTED	231	0.5051	39546001	39546001	0	2
chr22	39810001	41128127	2.9317	428	0.7123	0.902	NONE	DEL	BAF_WEIGHTED	1266	0.4393	39810001	39810001	0	3
chr22	41128128	41132193	1.8096	1	0.8824	1.4426	DEL	DEL	BAF_WEIGHTED	3	0.3953	41128128	41128128	0	2
chr22	41132194	43028000	2.8116	918	0.7106	0.909	DEL	NONE	BAF_WEIGHTED	1663	0.4998	41132194	41132194	0	3
chr22	43028001	45097923	2.2604	1513	0.7143	0.9657	NONE	DEL	BAF_WEIGHTED	1875	0.5079	43028001	43028001	0	2
chr22	45097924	45097976	1.316	0	0	0.941	DEL	DEL	STRUCTURAL_VARIANT	0	0	45097924	45097924	0	1
chr22	45097977	47122000	2.7579	946	0.7158	0.9244	DEL	NONE	BAF_WEIGHTED	1738	0.5028	45097977	45097977	0	3
chr22	47122001	49740000	1.7813	2352	0.7055	1.0168	NONE	NONE	BAF_WEIGHTED	2342	0.4891	47122001	47122001	0	2
chr22	49740001	50818468	2.6825	639	0.7098	0.9153	NONE	TELOMERE	BAF_WEIGHTED	556	0.5491	49740001	49740001	0	2
chrX	1	1198000	1.8452	900	0.5955	0.733	TELOMERE	NONE	BAF_WEIGHTED	644	0.4668	1	1	0	1
chrX	1198001	1685000	2.9258	612	0.5861	0.6643	NONE	NONE	BAF_WEIGHTED	402	0.4991	1158001	1198001	1	2
chrX	1685001	2305000	2.2767	312	0.5833	0.6803	NONE	NONE	BAF_WEIGHTED	378	0.4579	1684001	1686001	1	2
chrX	2305001	2934500	3.0185	375	0.5806	0.6514	NONE	NONE	BAF_WEIGHTED	546	0.4604	2305001	2305001	1	2
chrX	2934501	4771977	2.0727	757	0.5789	0.6694	NONE	DEL	BAF_WEIGHTED	1497	0.4002	2934001	2935001	1	1
chrX	4771978	4772026	1.179	0	0	1	DEL	DEL	STRUCTURAL_VARIANT	0	0	4771978	4771978	0	1
chrX	4772027	7036500	2.0373	1049	0.587	0.6869	DEL	NONE	BAF_WEIGHTED	2047	0.384	4772027	4772027	1	1
chrX	7036501	7273000	3.4987	205	0.5854	0.6501	NONE	NONE	BAF_WEIGHTED	222	0.4226	7028001	7045001	1	2
chrX	7273001	12866000	2.4456	1690	0.5826	0.6448	NONE	NONE	BAF_WEIGHTED	5206	0.4044	7273001	7273001	1	2
chrX	12866001	13782000	3.3211	284	0.5858	0.6543	NONE	NONE	BAF_WEIGHTED	865	0.4101	12866001	12866001	1	2
chrX	13782001	14833000	2.3801	291	0.5822	0.5942	NONE	NONE	BAF_WEIGHTED	965	0.3881	13782001	13782001	1	1
chrX	14833001	15663000	2.8515	287	0.5714	0.6493	NONE	NONE	BAF_WEIGHTED	785	0.3865	14833001	14833001	1	2
chrX	15663001	16886000	3.4941	407	0.5924	0.6634	NONE	NONE	BAF_WEIGHTED	1135	0.4077	15663001	15663001	1	2
chrX	16886001	19650000	2.6881	296	0.5851	0.67	NONE	NONE	BAF_WEIGHTED	2609	0.4216	16886001	16886001	1	2
chrX	19650001	20639000	3.117	240	0.5761	0.6044	NONE	NONE	BAF_WEIGHTED	948	0.4105	19650001	19650001	1	2
chrX	20639001	21377000	2.1466	18	0.5969	0.7166	NONE	NONE	BAF_WEIGHTED	667	0.3751	20639001	20639001	1	2
chrX	21377001	23658000	2.8539	844	0.5742	0.6373	NONE	NONE	BAF_WEIGHTED	2157	0.3845	21377001	21377001	1	2
chrX	23658001	24145000	3.7462	322	0.5625	0.5339	NONE	NONE	BAF_WEIGHTED	466	0.4337	23658001	23658001	2	2
chrX	24145001	24214500	4.9645	0	0	0.5971	NONE	NONE	BAF_WEIGHTED	65	0.4079	24145001	24145001	2	3
chrX	24214501	25185000	3.5238	127	0.5652	0.5676	NONE	NONE	BAF_WEIGHTED	932	0.4097	24214001	24215001	2	2
chrX	25185001	27228921	2.7219	514	0.5699	0.633	NONE	DUP	BAF_WEIGHTED	1894	0.3644	25185001	25185001	1	2
chrX	27228922	27415977	3.3471	151	0.5755	0.596	DUP	DUP	BAF_WEIGHTED	173	0.3517	27228922	27228922	1	2
chrX	27415978	30953000	3.1227	786	0.5705	0.5805	DUP	NONE	BAF_WEIGHTED	3349	0.3696	27415978	27415978	1	2
chrX	30953001	33557254	2.9143	978	0.5689	0.633	NONE	DEL	BAF_WEIGHTED	2503	0.365	30953001	30953001	1	2
chrX	33557255	33557340	1.2555	0	0	0.8982	DEL	DEL	STRUCTURAL_VARIANT	0	0	33557255	33557255	0	1
chrX	33557341	37062000	3.0365	1085	0.573	0.6286	DEL	NONE	BAF_WEIGHTED	3303	0.3631	33557341	33557341	1	2
chrX	37062001	44861000	3.7969	2098	0.5653	0.5316	NONE	NONE	BAF_WEIGHTED	7114	0.4121	37062001	37062001	2	2
chrX	44861001	45121000	4.9307	7	0.5588	0.5973	NONE	NONE	BAF_WEIGHTED	239	0.3808	44861001	44861001	2	3
chrX	45121001	60509060	3.5638	1427	0.5612	0.566	NONE	CENTROMERE	BAF_WEIGHTED	10019	0.4128	45121001	45121001	2	2
chrX	60509061	63109000	2.4534	27	0.5714	0.5924	CENTROMERE	NONE	BAF_WEIGHTED	233	0.3728	60509061	60509061	1	1
chrX	63109001	63784000	3.5428	13	0.6061	0.6864	NONE	NONE	BAF_WEIGHTED	474	0.3846	63109001	63109001	1	2
chrX	63784001	65474000	2.7787	33	0.5648	0.6318	NONE	NONE	BAF_WEIGHTED	1361	0.3897	63784001	63784001	1	2
chrX	65474001	72737000	3.6603	1053	0.5585	0.5461	NONE	NONE	BAF_WEIGHTED	6287	0.4156	65474001	65474001	2	2
chrX	72737001	73779000	2.9668	307	0.5625	0.5777	NONE	NONE	BAF_WEIGHTED	630	0.3794	72737001	72737001	1	2
chrX	73779001	74627500	3.98	214	0.5672	0.5025	NONE	NONE	BAF_WEIGHTED	780	0.4079	73779001	73779001	2	2
chrX	74627501	76083000	3.0809	2	0.5076	0.5777	NONE	NONE	BAF_WEIGHTED	1155	0.3859	74627001	74628001	1	2
chrX	76083001	76281000	3.8832	0	0	0.556	NONE	NONE	BAF_WEIGHTED	161	0.3783	76083001	76083001	2	2
chrX	76281001	77484000	2.9272	2	0.6247	0.7376	NONE	NONE	BAF_WEIGHTED	940	0.389	76281001	76281001	1	2
chrX	77484001	83432708	3.4202	753	0.5674	0.5801	NONE	DEL	BAF_WEIGHTED	5336	0.3667	77484001	77484001	1	2
chrX	83432709	83432747	2.225	0	0	0.8925	DEL	DEL	STRUCTURAL_VARIANT	0	0	83432709	83432709	0	2
chrX	83432748	85817000	3.316	773	0.5682	0.5989	DEL	NONE	BAF_WEIGHTED	2137	0.3612	83432748	83432748	1	2
chrX	85817001	86078000	4.0348	177	0.5556	0.5043	NONE	NONE	BAF_WEIGHTED	248	0.3681	85817001	85817001	2	2
chrX	86078001	87135283	3.0463	540	0.567	0.5777	NONE	DEL	BAF_WEIGHTED	964	0.3576	86078001	86078001	1	2
chrX	87135284	87135319	2.1772	0	0	0.5909	DEL	DEL	STRUCTURAL_VARIANT	0	0	87135284	87135284	1	1
chrX	87135320	88106122	3.0536	208	0.5667	0.5777	DEL	BND	BAF_WEIGHTED	895	0.3563	87135320	87135320	1	2
chrX	88106123	88565000	1.2373	429	0.6666	1.0187	BND	NONE	BAF_WEIGHTED	435	0.3569	88106123	88106123	0	1
chrX	88565001	103510000	1.7194	3407	0.6981	1.0139	NONE	NONE	BAF_WEIGHTED	10431	0.3725	88565001	88565001	0	2
chrX	103510001	103724000	2.4652	57	0.6897	0.8937	NONE	NONE	BAF_WEIGHTED	204	0.401	103510001	103510001	0	2
chrX	103724001	107620000	1.9204	662	0.6975	0.9784	NONE	NONE	BAF_WEIGHTED	3422	0.3877	103724001	103724001	0	2
chrX	107620001	107780000	2.8449	34	0.7281	0.9407	NONE	NONE	BAF_WEIGHTED	158	0.4645	107620001	107620001	0	3
chrX	107780001	109989000	1.9522	983	0.7028	0.9901	NONE	NONE	BAF_WEIGHTED	1995	0.3872	107780001	107780001	0	2
chrX	109989001	110430000	2.4694	56	0.6726	0.858	NONE	NONE	BAF_WEIGHTED	414	0.4016	109989001	109989001	0	2
chrX	110430001	111956249	1.9497	311	0.6891	0.9445	NONE	DEL	BAF_WEIGHTED	1408	0.3913	110430001	110430001	0	2
chrX	111956250	111956281	1.0594	0	0	1.0126	DEL	DEL	STRUCTURAL_VARIANT	0	0	111956250	111956250	0	1
chrX	111956282	123571000	1.7737	4550	0.7006	1.0075	DEL	NONE	BAF_WEIGHTED	10226	0.3846	111956282	111956282	0	2
chrX	123571001	124402000	2.215	185	0.6842	0.9047	NONE	NONE	BAF_WEIGHTED	788	0.4015	123571001	123571001	0	2
chrX	124402001	129478000	1.6011	1945	0.7123	1.0684	NONE	NONE	BAF_WEIGHTED	4626	0.3629	124402001	124402001	0	2
chrX	129478001	131347000	2.1014	329	0.687	0.9283	NONE	NONE	BAF_WEIGHTED	1742	0.4221	129478001	129478001	0	2
chrX	131347001	143456000	2.5174	3604	0.7468	1.0127	NONE	NONE	BAF_WEIGHTED	10613	0.3941	131347001	131347001	0	3
chrX	143456001	146351000	1.8454	1176	0.7208	1.0395	NONE	NONE	BAF_WEIGHTED	2568	0.3737	143456001	143456001	0	2
chrX	146351001	147211918	2.2168	492	0.75	1.049	NONE	BND	BAF_WEIGHTED	789	0.3642	146351001	146351001	0	2
chrX	147211919	147212099	3.789	0	0	1.0287	BND	BND	STRUCTURAL_VARIANT	0	0	147211919	147211919	0	4
chrX	147212100	147767000	2.0399	122	0.734	1.0389	BND	NONE	BAF_WEIGHTED	518	0.3716	147212100	147212100	0	2
chrX	147767001	149439000	2.4549	473	0.7273	0.9728	NONE	NONE	BAF_WEIGHTED	1528	0.389	147767001	147767001	0	2
chrX	149439001	150905000	3.1064	283	0.7487	0.9569	NONE	NONE	BAF_WEIGHTED	1091	0.432	149436001	149442001	0	3
chrX	150905001	152577000	2.354	613	0.7334	0.9984	NONE	NONE	BAF_WEIGHTED	1517	0.4083	150905001	150905001	0	2
chrX	152577001	153898000	2.7335	532	0.7297	0.9525	NONE	NONE	BAF_WEIGHTED	839	0.4992	152577001	152577001	0	3
chrX	153898001	154554000	3.3029	114	0.7059	0.8712	NONE	NONE	BAF_WEIGHTED	375	0.5324	153898001	153898001	0	3
chrX	154554001	156040895	2.8153	648	0.7302	0.9489	NONE	TELOMERE	BAF_WEIGHTED	1065	0.3903	154554001	154554001	0	3
